X,Y,Z,E,A,B,C,D,F,G,H,I,J,K,L,M,N,prop_strict_med_pos,plur_util_from_winner_avg,prop_qual_min_govt_unstable,prop_qual_condorcet_winner,prop_strict_min_govt_size,spat_char_corr4,prop_strict_util_from_winner,major_qual_med_pos,prop_strict_unanimity,prop_qual_coalition_size,plur_util_from_max_med,prop_gallagher_index,tangian_adj_pop_parties,spat_char_corr5,prop_qual_util_eff,major_util_from_max_avg,major_cond_eff,prop_strict_nonzero_pos,major_qual_nonzero_pos,major_vse,plur_vse,spat_med_entropy1,prop_strict_util_from_max,major_util_max_elec_rate,major_cond_paradox,prop_qual_elec_failed,major_strict_nonzero_pos,major_util_from_max_med,tangian_raw_pop_body,prop_qual_util_from_winner,prop_qual_nonzero_pos,spat_med_entropy3,prop_strict_cond_paradox,plur_smith_eff,major_strict_med_pos,prop_strict_util_max_elec,prop_qual_min_govt_size,plur_util_eff_med,plur_cond_eff,spat_med_entropy2,major_util_eff_avg,plur_cond_paradox,spat_avg_entropy2,spat_med_entropy5,prop_strict_min_govt_unstable,spat_agg_dist_corr,plur_gallagher_index,prop_qual_util_max_elec,tangian_raw_uni_parties,prop_qual_single_party_win,plur_util_from_max_avg,tangian_adj_uni_parties,spat_char_corr2,major_util_from_winner_avg,tangian_adj_uni_body,plur_qual_social_util,spat_med_entropy4,prop_qual_med_pos,prop_strict_min_govt_elec,prop_qual_unanimity_rate,plur_qual_nonzero_pos,prop_qual_winner_smith,plur_util_eff_avg,major_smith_eff,spat_avg_entropy5,prop_strict_elec_failed,prop_strict_winner_smith,plur_strict_nonzero_pos,major_strict_social_util,prop_qual_util_from_max,spat_char_corr3,plur_qual_med_pos,plur_strict_med_pos,prop_qual_cond_paradox,spat_avg_entropy4,major_qual_social_util,plur_util_from_winner_med,prop_strict_coalition_size,spat_avg_entropy1,prop_strict_condorcet_winner,prop_qual_min_govt_elec,tangian_raw_pop_parties,prop_strict_unanimity_rate,prop_strict_single_party_win,prop_strict_util_eff,tangian_raw_uni_body,plur_strict_social_util,prop_qual_unanimity,major_util_eff_med,major_util_from_winner_med,spat_char_corr1,plur_util_max_elec_rate,tangian_adj_pop_body,spat_avg_entropy3,major_gallagher_index
"String3[""L2""]","String3[""L2""]","String3[""L1""]","String3[""L1""]","String3[""L1""]","String3[""L1""]","String7[""C1_3""]","String7[""D1_3""]","String7[""F1_3""]","String3[""L2""]","String3[""L3""]","String3[""L2""]","String3[""L1""]","String3[""L1""]","[""L0""]","[""L0""]","[""L0""]",[0.0],[4.792396062892662e6],Bool[0],Bool[0],[2],[-0.04809494848938718],[2.4130287930494034e8],[-1.0],[4],[2],[4.795523704610143e6],[0.01218785034368242],[0.228309352],[0.013602766019518523],[0.9991521681486316],[4.795370090393566e6],[1.0],[2],[20],[0.9990966152714398],[0.9993798127266837],[1.1452414759349687e-10],[2.42117807816238e8],[0.8],[0],Bool[0],[0],[4.795523704610143e6],[0.2112096],[2.4150778350594175e8],[4],[1.1452346472926611e-10],Bool[0],[0.96],[0.0],Bool[0],[0],[1.0],[0.96],[1.1452444175511159e-10],[0.999095772519279],[0],[1.1452495759377327e-10],[1.1452613908096612e-10],Bool[0],[-0.015780803803841052],[0.25139018217901826],Bool[0],[0.0],Bool[0],[4.795370090393566e6],[0.0],[-0.03352300262492203],[4.791038026286109e6],[0.0],[4.467338392488042e6],[1.1452248389959178e-10],[0.0],Bool[1],[0.22],[20],Bool[0],[0.9993769637985604],[1.0],[1.1452574279997348e-10],Bool[0],Bool[0],[0],[4.510999576109749e6],[2.4171271524480703e8],[0.04881365237667258],[-1.0],[0.0],Bool[0],[1.1452320241114273e-10],[4.531538995390676e6],[4.793066484132704e6],[2],[1.145240585737417e-10],Bool[0],Bool[1],[0.228309352],[0.08],Bool[0],[0.9966341653319604],[0.0],[4.510999576109749e6],[11],[1.0],[4.793066484132704e6],[-0.015072754239112428],[0.82],[0.2112096],[1.1452361759177135e-10],[0.23255447468496496]
"String3[""L2""]","String3[""L2""]","String3[""L1""]","String3[""L1""]","String3[""L1""]","String3[""L1""]","String7[""C1_3""]","String7[""D1_3""]","String7[""F1_3""]","String3[""L2""]","String3[""L3""]","String3[""L2""]","String3[""L2""]","String3[""L3""]","[""L0""]","[""L0""]","[""L0""]",[0.5],[4.873255368014583e6],Bool[0],Bool[0],[0],[-0.007312257663665811],[2.4278939206762922e8],[-1.0],[20],[1],[4.8784160633895695e6],[0.31529984580272363],[0.23444888000000003],[0.04285198069778806],[0.991616518913236],[4.878055475547625e6],[1.0],[12],[20],[0.9989997630587933],[0.9990159793062824],[1.1452363391061448e-10],[2.4484202051586908e8],[0.62],[0],Bool[0],[0],[4.8784160633895695e6],[0.226521],[2.4278939206762922e8],[12],[1.1452426410158808e-10],Bool[0],[0.98],[0.0],Bool[0],[0],[1.0],[0.98],[1.1452256823554448e-10],[0.9989999506645251],[0],[1.1452353972252936e-10],[1.1452318815209811e-10],Bool[0],[0.022530869271967895],[0.2794867841455119],Bool[0],[0.0],Bool[1],[4.878055475547625e6],[0.0],[-0.007679869296576259],[4.873176264259727e6],[0.0],[4.632809529571151e6],[1.1452315751265598e-10],[0.5],Bool[1],[0.4],[19],Bool[0],[0.999016137784035],[1.0],[1.1452344889423505e-10],Bool[0],Bool[1],[0],[4.531069530393282e6],[2.4484202051586908e8],[-0.010525982690714884],[-1.0],[0.0],Bool[0],[1.145235731321046e-10],[4.642202924637178e6],[4.876310930640606e6],[1],[1.1452337504462103e-10],Bool[1],Bool[1],[0.23444887999999997],[0.4],Bool[1],[0.991616518913236],[0.0],[4.531069530393282e6],[20],[1.0],[4.876310930640606e6],[0.03239026396151254],[0.64],[0.22652099999999997],[1.1452403727785358e-10],[0.28799830296722234]
"String3[""L2""]","String3[""L2""]","String3[""L1""]","String3[""L1""]","String3[""L1""]","String3[""L1""]","String7[""C1_3""]","String7[""D1_3""]","String7[""F1_2""]","String3[""L2""]","String3[""L3""]","String3[""L2""]","String3[""L2""]","String3[""L2""]","[""L0""]","[""L0""]","[""L0""]",[0.0],[4.822047104074964e6],Bool[0],Bool[0],[0],[0.026132008848730195],[2.437479260113603e8],[0.0],[11],[2],[4.826324571280589e6],[0.013274924331234427],[0.44044184],[-0.011803335329359989],[1.0],[4.826880175702183e6],[1.0],[0],[0],[0.9989164995220287],[0.9989987172974487],[1.1452512467778522e-10],[2.437479260113603e8],[0.64],[0],Bool[0],[0],[4.826324571280589e6],[0.400403],[2.437479260113603e8],[0],[1.1452415779926001e-10],Bool[0],[0.96],[0.0],Bool[1],[0],[1.0],[0.96],[1.145226640804886e-10],[0.998913959075104],[0],[1.1452325421837956e-10],[1.1452226601755114e-10],Bool[0],[-0.02788921555977176],[0.20745096677528405],Bool[1],[0.634],Bool[0],[4.826880175702183e6],[0.634],[-0.03142675689639431],[4.821650248724699e6],[0.52],[4.552775182489247e6],[1.1452456584781686e-10],[0.0],Bool[1],[0.36],[0],Bool[0],[0.9989964328715842],[1.0],[1.1452247328754692e-10],Bool[0],Bool[0],[0],[4.552775182489247e6],[2.437479260113603e8],[-0.02393107349018621],[0.0],[0.0],Bool[0],[1.1452403949932848e-10],[4.552775182489247e6],[4.82461791102807e6],[3],[1.145242214653018e-10],Bool[0],Bool[1],[0.44044184],[0.22],Bool[1],[1.0],[0.52],[4.552775182489247e6],[18],[1.0],[4.823068432293459e6],[-0.0209703329336441],[0.66],[0.400403],[1.1452335727008091e-10],[0.2003855873459965]
"String3[""L2""]","String3[""L2""]","String3[""L1""]","String3[""L1""]","String3[""L1""]","String3[""L1""]","String7[""C1_3""]","String7[""D1_3""]","String7[""F1_1""]","String3[""L2""]","String3[""L3""]","String3[""L2""]","String3[""L3""]","String3[""L3""]","[""L0""]","[""L0""]","[""L0""]",[2.0],[4.706705584125904e6],Bool[0],Bool[0],[0],[-0.007753898244402643],[2.3624509202879882e8],[2.0],[17],[2],[4.710332541846452e6],[0.29349228103099473],[0.49989355999999996],[0.07342535596612362],[0.9739306589399992],[4.709959243655181e6],[1.0],[17],[20],[0.9993250597388742],[0.9993091958208218],[1.1452505662373007e-10],[2.4256869815138772e8],[0.08],[0],Bool[0],[20],[4.710332541846452e6],[0.50036],[2.3624509202879882e8],[17],[1.1452403035152056e-10],Bool[0],[0.98],[2.0],Bool[0],[0],[0.9994389442013263],[0.98],[1.145231524549904e-10],[0.9993251698585055],[0],[1.1452304915752882e-10],[1.145240393900227e-10],Bool[0],[0.025078578179487207],[0.21309956546178127],Bool[0],[0.522],Bool[1],[4.709959243655181e6],[0.522],[-0.02464288836601532],[4.706780302533376e6],[0.526],[4.560880941058936e6],[1.1452347220270523e-10],[2.0],Bool[1],[0.34],[20],Bool[0],[0.9993093099861374],[1.0],[1.1452426383497508e-10],Bool[0],Bool[0],[20],[4.560880941058936e6],[2.4256869815138772e8],[-0.010064542417473014],[2.0],[2.0],Bool[0],[1.1452418986867545e-10],[4.560880941058936e6],[4.7068078832595255e6],[2],[1.1452503485705248e-10],Bool[0],Bool[1],[0.49989355999999996],[0.34],Bool[1],[0.9739306589399992],[0.526],[4.560880941058936e6],[17],[0.9994389442013263],[4.706942241567088e6],[0.02572577907639975],[0.08],[0.50036],[1.1452342771125635e-10],[0.23234987583383812]
"String3[""L2""]","String3[""L2""]","String3[""L1""]","String3[""L1""]","String3[""L1""]","String3[""L1""]","String7[""C1_3""]","String7[""D1_3""]","String7[""F1_1""]","String3[""L2""]","String3[""L3""]","String3[""L2""]","String3[""L3""]","String3[""L3""]","[""L0""]","[""L0""]","[""L0""]",[1.0],[4.728641197666271e6],Bool[0],Bool[0],[0],[-0.04245945148111715],[2.3983351550021768e8],[2.0],[10],[2],[4.733125279716019e6],[0.23354024722320155],[0.5000172799999999],[0.02949914629978696],[0.9860661929643822],[4.732951738503298e6],[1.0],[10],[20],[0.9990641690915268],[0.9990892489348749],[1.1452429014170386e-10],[2.4322253131832168e8],[0.08],[0],Bool[0],[20],[4.733125279716019e6],[0.49960179999999993],[2.3983351550021768e8],[10],[1.1452421512711661e-10],Bool[0],[0.98],[2.0],Bool[0],[0],[0.99960433780984],[0.98],[1.1452490755336297e-10],[0.9990647565366412],[0],[1.1452488073435741e-10],[1.1452316647971242e-10],Bool[0],[-0.005257836996649076],[0.20568483654367914],Bool[0],[0.533],Bool[0],[4.732951738503298e6],[0.533],[-0.008116322689444334],[4.728522495978095e6],[0.48100000000000004],[4.5355051335376855e6],[1.1452426250773122e-10],[1.0],Bool[1],[0.2],[20],Bool[0],[0.9990898599590917],[1.0],[1.1452349898864916e-10],Bool[0],Bool[0],[20],[4.506075061492177e6],[2.4322253131832168e8],[0.005030151857347889],[2.0],[2.0],Bool[0],[1.1452397749217235e-10],[4.506075061492177e6],[4.728503687693889e6],[2],[1.1452408414909407e-10],Bool[0],Bool[1],[0.5000172799999999],[0.2],Bool[0],[0.9860661929643822],[0.48100000000000004],[4.5355051335376855e6],[10],[0.9995417535436044],[4.728503687693889e6],[0.0042194713782946055],[0.08],[0.49960179999999993],[1.145235269337203e-10],[0.19762553474690464]
"String3[""L2""]","String3[""L2""]","String3[""L1""]","String3[""L1""]","String3[""L1""]","String3[""L1""]","String7[""C1_3""]","String7[""D1_3""]","String7[""F1_2""]","String3[""L2""]","String3[""L3""]","String3[""L2""]","String3[""L2""]","String3[""L2""]","[""L0""]","[""L0""]","[""L0""]",[0.0],[4.814457483696115e6],Bool[0],Bool[0],[0],[0.15740503151010923],[2.379878605402399e8],[0.0],[20],[1],[4.819620520315047e6],[0.29469680228884143],[0.3808376519999999],[-0.02889543674383312],[0.9778703177230536],[4.819267584485565e6],[1.0],[10],[1],[0.9991419841157131],[0.9990019021137289],[1.1452431064899383e-10],[2.4337364191029814e8],[0.66],[0],Bool[0],[0],[4.819620520315047e6],[0.39088259999999997],[2.379878605402399e8],[10],[1.145236846304582e-10],Bool[0],[0.98],[0.0],Bool[0],[0],[1.0],[0.98],[1.1452472581325168e-10],[0.9991417202259223],[0],[1.1452472981061324e-10],[1.1452376557857495e-10],Bool[0],[0.060599149482726926],[0.28042388782698235],Bool[0],[0.46599999999999997],Bool[1],[4.819267584485565e6],[0.46599999999999997],[0.003818917936778887],[4.815132576347448e6],[0.49400000000000005],[4.521160051836304e6],[1.1452330796701522e-10],[0.0],Bool[1],[0.4],[1],Bool[0],[0.9990012649735385],[1.0],[1.1452438744663999e-10],Bool[0],Bool[0],[0],[4.491775591908609e6],[2.4337364191029814e8],[0.034928337701054746],[0.0],[0.0],Bool[0],[1.1452268142232785e-10],[4.521160051836304e6],[4.816696874556575e6],[1],[1.1452398962011744e-10],Bool[0],Bool[1],[0.380837652],[0.4],Bool[1],[0.9778703177230536],[0.49400000000000005],[4.491775591908609e6],[20],[1.0],[4.816696874556575e6],[-0.027919732819195513],[0.64],[0.39088259999999997],[1.1452387063908059e-10],[0.2881126808455331]
"String3[""L2""]","String3[""L2""]","String3[""L1""]","String3[""L1""]","String3[""L1""]","String3[""L1""]","String7[""C1_3""]","String7[""D1_3""]","String7[""F1_3""]","String3[""L2""]","String3[""L3""]","String3[""L2""]","String3[""L1""]","String3[""L1""]","[""L0""]","[""L0""]","[""L0""]",[-1.0],[4.798636050731631e6],Bool[0],Bool[0],[0],[-0.020689366559351066],[2.343347986196205e8],[1.0],[20],[1],[4.807037285242667e6],[0.007593136901175972],[0.21015697600000005],[-0.03963620736257988],[0.9760456548649334],[4.802355239528325e6],[1.0],[18],[20],[0.9990713449127869],[0.9992255490043549],[1.1452351175316677e-10],[2.407516355331747e8],[0.8],[0],Bool[0],[0],[4.807037285242667e6],[0.214508],[2.343347986196205e8],[18],[1.1452489793987605e-10],Bool[0],[0.98],[0.0],Bool[0],[0],[1.0],[0.98],[1.1452365049644867e-10],[0.9990685210762846],[0],[1.145236796135133e-10],[1.1452341465079576e-10],Bool[0],[0.0015005468551776526],[0.23064460914575913],Bool[0],[0.0],Bool[1],[4.802355239528325e6],[0.0],[-0.03251694107597213],[4.797895507904533e6],[0.0],[4.563968856009859e6],[1.1452330723304425e-10],[-1.0],Bool[1],[0.4],[20],Bool[0],[0.9992233565400823],[1.0],[1.1452386469939761e-10],Bool[0],Bool[0],[0],[4.550034729924969e6],[2.4008589910893878e8],[0.07688006067087626],[-1.0],[0.0],Bool[0],[1.1452347274366985e-10],[4.477530919098875e6],[4.804269564136969e6],[1],[1.1452397489821006e-10],Bool[0],Bool[1],[0.21015697600000002],[0.4],Bool[1],[0.9733466528717726],[0.0],[4.550034729924969e6],[20],[1.0],[4.804269564136969e6],[0.018671244266238184],[0.82],[0.214508],[1.1452534797281928e-10],[0.22780372193623177]
"String3[""L2""]","String3[""L2""]","String3[""L1""]","String3[""L1""]","String3[""L1""]","String3[""L1""]","String7[""C1_3""]","String7[""D1_3""]","String7[""F1_3""]","String3[""L2""]","String3[""L3""]","String3[""L2""]","String3[""L2""]","String3[""L3""]","[""L0""]","[""L0""]","[""L0""]",[0.0],[4.829479406708796e6],Bool[0],Bool[0],[0],[-0.015071835808546576],[2.4227688523567075e8],[-1.0],[20],[1],[4.836440841509456e6],[0.3232574346642484],[0.22492173999999998],[-0.01500831916218596],[0.987773817508527],[4.832798817033406e6],[1.0],[12],[20],[0.9990545484939607],[0.9993131494915718],[1.1452424823580182e-10],[2.452756703419903e8],[0.66],[0],Bool[0],[0],[4.836440841509456e6],[0.22316199999999997],[2.4227688523567075e8],[12],[1.1452633563187151e-10],Bool[0],[0.98],[0.0],Bool[0],[0],[1.0],[0.98],[1.1452498451989722e-10],[0.9990538790478241],[0],[1.145250353434191e-10],[1.1452357374847413e-10],Bool[0],[-0.014156126085599885],[0.19536556327050067],Bool[0],[0.0],Bool[1],[4.832798817033406e6],[0.0],[-0.07665156224209019],[4.828229640113457e6],[0.0],[4.386287551156629e6],[1.1452511187574335e-10],[0.0],Bool[1],[0.4],[19],Bool[0],[0.999312274804575],[1.0],[1.1452279509356822e-10],Bool[0],Bool[1],[0],[4.533773182303514e6],[2.452756703419903e8],[0.02932013814884361],[0.5],[0.0],Bool[0],[1.1452490237818198e-10],[4.533646179154032e6],[4.835960362581209e6],[1],[1.1452439857787655e-10],Bool[1],Bool[1],[0.22492174],[0.4],Bool[1],[0.987773817508527],[0.0],[4.533773182303514e6],[20],[1.0],[4.835960362581209e6],[0.04531688612782921],[0.66],[0.22316199999999997],[1.1452586119023431e-10],[0.19896337178485896]
"String3[""L2""]","String3[""L2""]","String3[""L1""]","String3[""L1""]","String3[""L1""]","String3[""L1""]","String7[""C1_3""]","String7[""D1_3""]","String7[""F1_1""]","String3[""L2""]","String3[""L3""]","String3[""L2""]","String3[""L3""]","String3[""L3""]","[""L0""]","[""L0""]","[""L0""]",[2.0],[4.7048183620502185e6],Bool[0],Bool[0],[0],[-0.0017799281038427656],[2.3526292301896006e8],[2.0],[20],[1],[4.709179986222569e6],[0.07816778056259013],[0.499929096],[-0.007547247417143852],[0.9696198421056343],[4.709243060727892e6],[1.0],[20],[20],[0.9991227962802165],[0.9990604225306242],[1.145250260949501e-10],[2.4263418795974842e8],[0.08],[0],Bool[0],[20],[4.709179986222569e6],[0.49970060000000005],[2.3526292301896006e8],[20],[1.1452441591678781e-10],Bool[0],[0.92],[2.0],Bool[0],[0],[0.9994870287321147],[0.92],[1.1452450933528608e-10],[0.9991234859290504],[0],[1.1452428470641979e-10],[1.1452699375897588e-10],Bool[0],[-0.010514539800549361],[0.12736405244809068],Bool[0],[0.45899999999999996],Bool[0],[4.709243060727892e6],[0.45899999999999996],[-0.013044231487584015],[4.705112095197657e6],[0.484],[4.441843489816834e6],[1.1452337162513953e-10],[2.0],Bool[1],[0.4],[20],Bool[0],[0.9990611128571285],[1.0],[1.1452573383640091e-10],Bool[0],Bool[0],[20],[4.441843489816834e6],[2.4263418795974842e8],[-0.020293957026818823],[2.0],[2.0],Bool[0],[1.1452298159911183e-10],[4.441843489816834e6],[4.705547074404212e6],[1],[1.1452491832879451e-10],Bool[0],Bool[1],[0.499929096],[0.4],Bool[0],[0.9696198421056343],[0.484],[4.441843489816834e6],[20],[0.9995987433218904],[4.705712988680666e6],[0.019556323361955435],[0.08],[0.49970060000000005],[1.1452431891543799e-10],[0.12108212855743826]
"String3[""L2""]","String3[""L2""]","String3[""L1""]","String3[""L1""]","String3[""L1""]","String3[""L1""]","String7[""C1_3""]","String7[""D1_3""]","String7[""F1_2""]","String3[""L2""]","String3[""L3""]","String3[""L2""]","String3[""L2""]","String3[""L2""]","[""L0""]","[""L0""]","[""L0""]",[2.0],[4.829678338458564e6],Bool[0],Bool[0],[0],[0.01761873528083071],[2.3858335019677553e8],[0.0],[20],[1],[4.835307237349947e6],[0.7466490918053005],[0.28656357200000004],[-0.003516226092201193],[0.973653376085258],[4.833811637420066e6],[1.0],[16],[0],[0.9991750916854799],[0.9991449193159484],[1.1452529422640068e-10],[2.4503930870762363e8],[0.72],[0],Bool[0],[0],[4.835307237349947e6],[0.399597],[2.3858335019677553e8],[16],[1.1452545425139412e-10],Bool[0],[0.96],[0.0],Bool[0],[0],[1.0],[0.96],[1.1452546532579426e-10],[0.9991737224764353],[0],[1.1452573689244152e-10],[1.1452434087295891e-10],Bool[0],[0.027195022070944617],[0.23390821964180736],Bool[0],[0.202],Bool[1],[4.833811637420066e6],[0.202],[0.011316411153475002],[4.829824186009534e6],[0.518],[4.4893339434251245e6],[1.1452582086065477e-10],[2.0],Bool[1],[0.4],[0],Bool[0],[0.9991431187743554],[1.0],[1.1452461418128312e-10],Bool[0],Bool[0],[0],[4.4893339434251245e6],[2.4503930870762363e8],[0.020352671882620077],[0.0],[0.0],Bool[0],[1.1452450750600035e-10],[4.4893339434251245e6],[4.833994506403061e6],[1],[1.1452531493261155e-10],Bool[0],Bool[1],[0.286563572],[0.4],Bool[1],[0.973653376085258],[0.518],[4.4893339434251245e6],[20],[1.0],[4.833994506403061e6],[0.014903703995443022],[0.72],[0.399597],[1.1452525695171756e-10],[0.2451894272108812]
"String3[""L2""]","String3[""L2""]","String3[""L1""]","String3[""L1""]","String3[""L1""]","String3[""L1""]","String7[""C1_3""]","String7[""D1_3""]","String7[""F1_3""]","String3[""L2""]","String3[""L3""]","String3[""L2""]","String3[""L1""]","String3[""L1""]","[""L0""]","[""L0""]","[""L0""]",[0.0],[4.81214226861121e6],Bool[0],Bool[0],[2],[0.0728909677884503],[2.3868564257272e8],[1.0],[6],[2],[4.824842643097995e6],[0.009736953938475852],[0.24023432800000002],[-0.0027073913981813954],[0.9977389877845165],[4.818406790553511e6],[1.0],[4],[20],[0.9987640744201276],[0.9986998769064949],[1.1452353697327346e-10],[2.3922653669445395e8],[0.82],[0],Bool[0],[0],[4.824842643097995e6],[0.21237920000000002],[2.3868564257272e8],[4],[1.1452377115483068e-10],Bool[0],[0.98],[0.0],Bool[0],[0],[1.0],[0.98],[1.1452245281275223e-10],[0.9987650742262527],[0],[1.145237749543832e-10],[1.1452388288159007e-10],Bool[0],[0.07507140287365886],[0.20254305288505947],Bool[0],[0.0],Bool[0],[4.818406790553511e6],[0.0],[0.0468865018775904],[4.812451598346835e6],[0.0],[4.510205313502179e6],[1.1452535633650178e-10],[0.0],Bool[1],[0.28],[20],Bool[0],[0.9987006326841142],[1.0],[1.1452458991553299e-10],Bool[0],Bool[0],[0],[4.53636230627747e6],[2.3922653669445395e8],[0.04472987206725067],[1.0],[0.0],Bool[0],[1.1452453000709957e-10],[4.575632798460183e6],[4.820002471512996e6],[2],[1.1452362586093223e-10],Bool[0],Bool[1],[0.24023432800000002],[0.12],Bool[0],[0.9977389877845165],[0.0],[4.53636230627747e6],[14],[1.0],[4.820002471512996e6],[0.0025004251035575524],[0.82],[0.21237920000000002],[1.1452386438550578e-10],[0.2064889543583385]
"String3[""L2""]","String3[""L2""]","String3[""L1""]","String3[""L1""]","String3[""L1""]","String3[""L1""]","String7[""C1_3""]","String7[""D1_3""]","String7[""F1_1""]","String3[""L2""]","String3[""L3""]","String3[""L2""]","String3[""L3""]","String3[""L3""]","[""L0""]","[""L0""]","[""L0""]",[-2.0],[4.702337113902625e6],Bool[0],Bool[0],[0],[-0.029750962760004045],[2.3511646360384256e8],[2.0],[20],[1],[4.70584555331794e6],[0.673687956862115],[0.499913672],[0.01035287837317899],[0.9693138694869473],[4.705891547860117e6],[1.0],[20],[20],[0.9992165657597606],[0.9992446842598597],[1.1452242792415195e-10],[2.425596816522273e8],[0.08],[0],Bool[0],[20],[4.70584555331794e6],[0.49994559999999993],[2.3511646360384256e8],[20],[1.1452457589648063e-10],Bool[0],[0.96],[2.0],Bool[0],[0],[0.9994954570407906],[0.96],[1.1452400476347048e-10],[0.9992168335599465],[0],[1.1452393225989105e-10],[1.1452699799535192e-10],Bool[0],[0.00793070582571776],[0.2600891679097767],Bool[0],[0.502],Bool[1],[4.705891547860117e6],[0.502],[0.038655900314508614],[4.70220479129067e6],[0.49400000000000005],[4.473254132429684e6],[1.1452518333316525e-10],[-2.0],Bool[1],[0.4],[20],Bool[0],[0.999244931753561],[1.0],[1.1452610675124972e-10],Bool[0],Bool[0],[20],[4.534607856693462e6],[2.425596816522273e8],[0.008240385496347553],[2.0],[2.0],Bool[0],[1.1452475085719145e-10],[4.534607856693462e6],[4.702507571689162e6],[1],[1.1452378673971168e-10],Bool[0],Bool[1],[0.499913672],[0.4],Bool[1],[0.9693138694869473],[0.49400000000000005],[4.473254132429684e6],[20],[0.9994822881941439],[4.70232505134885e6],[-0.0101174918553651],[0.06],[0.49994559999999993],[1.1452414233140292e-10],[0.25271829230192266]
"String3[""L2""]","String3[""L2""]","String3[""L1""]","String3[""L1""]","String3[""L1""]","String3[""L1""]","String7[""C1_3""]","String7[""D1_3""]","String7[""F1_2""]","String3[""L2""]","String3[""L3""]","String3[""L2""]","String3[""L2""]","String3[""L2""]","[""L0""]","[""L0""]","[""L0""]",[0.0],[4.811796538383216e6],Bool[0],Bool[0],[0],[0.0047851419751163745],[2.3898024275081897e8],[0.0],[20],[1],[4.820865457693514e6],[0.6441855798304031],[0.39222432799999996],[-0.028086943610058816],[0.9797557853865295],[4.814946998698613e6],[1.0],[10],[0],[0.9993456915899077],[0.9993456915899077],[1.145233139016583e-10],[2.439181746260752e8],[0.8],[0],Bool[0],[0],[4.820865457693514e6],[0.4075212],[2.3898024275081897e8],[10],[1.1452389827256635e-10],Bool[0],[1.0],[0.0],Bool[0],[0],[1.0],[1.0],[1.1452510640298892e-10],[0.9993444117584422],[0],[1.1452482421271508e-10],[1.145245689266709e-10],Bool[0],[-0.022644720136825534],[0.16045737233296575],Bool[0],[0.499],Bool[1],[4.814946998698613e6],[0.499],[-0.009695229092705161],[4.811796538383216e6],[0.5419999999999999],[4.470392831187704e6],[1.1452331400531391e-10],[0.0],Bool[1],[0.4],[0],Bool[0],[0.9993444117584422],[1.0],[1.1452486457149901e-10],Bool[0],Bool[0],[0],[4.470392831187704e6],[2.439181746260752e8],[-0.016156019691270052],[0.0],[0.0],Bool[0],[1.1452328881819956e-10],[4.470392831187704e6],[4.814597308072645e6],[1],[1.1452415646919508e-10],Bool[0],Bool[1],[0.3922243279999999],[0.4],Bool[1],[0.9797557853865295],[0.5419999999999999],[4.470392831187704e6],[20],[1.0],[4.814597308072645e6],[-0.0018485570941176002],[0.8],[0.40752120000000003],[1.145243850032966e-10],[0.16045737233296575]
"String3[""L2""]","String3[""L2""]","String3[""L1""]","String3[""L1""]","String3[""L1""]","String3[""L1""]","String7[""C1_3""]","String7[""D1_3""]","String7[""F1_3""]","String3[""L2""]","String3[""L3""]","String3[""L2""]","String3[""L2""]","String3[""L3""]","[""L0""]","[""L0""]","[""L0""]",[0.0],[4.843846744644515e6],Bool[0],Bool[0],[0],[0.009531869460777385],[2.4339432372207332e8],[1.0],[20],[1],[4.85218182941749e6],[0.1014926854021549],[0.23972290400000007],[0.07387138860936167],[0.9933816458170944],[4.848065885776675e6],[1.0],[12],[18],[0.9991575932333026],[0.9991297269402757],[1.1452452869552302e-10],[2.452686828885364e8],[0.62],[0],Bool[0],[0],[4.85218182941749e6],[0.2281982],[2.4339432372207332e8],[12],[1.1452549744586239e-10],Bool[0],[0.9],[0.0],Bool[0],[0],[1.0],[0.9],[1.1452339665209515e-10],[0.9991583357017282],[0],[1.1452441535591149e-10],[1.1452473100047915e-10],Bool[0],[0.030780072459225694],[0.07766356674786447],Bool[0],[0.0],Bool[1],[4.848065885776675e6],[0.0],[-0.006987220528771258],[4.843981842269102e6],[0.0],[4.526606961462744e6],[1.1452345037009769e-10],[0.0],Bool[1],[0.4],[17],Bool[0],[0.9991304262402408],[1.0],[1.1452408158190544e-10],Bool[0],Bool[1],[0],[4.519652359315403e6],[2.4501592590013295e8],[-0.01250495253305282],[-1.0],[0.0],Bool[0],[1.1452292434559834e-10],[4.517703807978323e6],[4.847970909802026e6],[1],[1.1452441279596461e-10],Bool[1],Bool[1],[0.23972290400000007],[0.4],Bool[1],[0.9923579352064491],[0.0],[4.519652359315403e6],[20],[1.0],[4.847970909802026e6],[0.0064817434000199285],[0.62],[0.2281982],[1.1452482156160105e-10],[0.11735429093135026]
"String3[""L2""]","String3[""L2""]","String3[""L1""]","String3[""L1""]","String3[""L1""]","String3[""L1""]","String7[""C1_3""]","String7[""D1_3""]","String7[""F1_2""]","String3[""L2""]","String3[""L3""]","String3[""L2""]","String3[""L1""]","String3[""L1""]","[""L0""]","[""L0""]","[""L0""]",[2.0],[4.773099674570587e6],Bool[0],Bool[0],[0],[0.04460607181757508],[2.378305617281557e8],[0.0],[20],[1],[4.783615137123821e6],[0.8414354257934679],[0.319921632],[-0.02466988828953503],[0.9808827944679696],[4.778391577990182e6],[1.0],[14],[7],[0.9988925345834005],[0.9988925345834005],[1.1452430709967932e-10],[2.4246583085102937e8],[0.7],[0],Bool[0],[0],[4.783615137123821e6],[0.35921800000000004],[2.378305617281557e8],[14],[1.1452283722461028e-10],Bool[0],[1.0],[0.0],Bool[0],[0],[1.0],[1.0],[1.1452478841470175e-10],[0.9988907818601567],[0],[1.1452451067147873e-10],[1.1452349182636103e-10],Bool[0],[0.011668765516539338],[0.15028778798026135],Bool[0],[0.296],Bool[1],[4.778391577990182e6],[0.296],[0.026082742510541993],[4.773099674570587e6],[0.405],[4.52527807914843e6],[1.1452259916984054e-10],[2.0],Bool[1],[0.4],[7],Bool[0],[0.9988907818601567],[1.0],[1.1452377425678229e-10],Bool[0],Bool[0],[0],[4.527197214148046e6],[2.4246583085102937e8],[0.0005982629503042532],[0.0],[0.0],Bool[0],[1.145232768520155e-10],[4.52527807914843e6],[4.78249480501361e6],[1],[1.1452374162802861e-10],Bool[0],Bool[1],[0.319921632],[0.4],Bool[1],[0.9808827944679696],[0.405],[4.527197214148046e6],[20],[1.0],[4.78249480501361e6],[-0.020098487370601235],[0.7],[0.35921800000000004],[1.1452300462754009e-10],[0.15028778798026135]
"String3[""L2""]","String3[""L2""]","String3[""L1""]","String3[""L1""]","String3[""L1""]","String3[""L1""]","String7[""C1_3""]","String7[""D1_3""]","String7[""F1_3""]","String3[""L2""]","String3[""L3""]","String3[""L2""]","String3[""L1""]","String3[""L1""]","[""L0""]","[""L0""]","[""L0""]",[1.0],[4.803223902820463e6],Bool[0],Bool[0],[0],[0.007707552342185425],[2.345781899947491e8],[-1.0],[20],[1],[4.812740478553647e6],[0.869142981240785],[0.20118588],[-0.015031837545069522],[0.977915909338922],[4.807850311720706e6],[1.0],[17],[20],[0.9989961064842272],[0.9990377385733155],[1.1452450965160515e-10],[2.406913474258351e8],[0.72],[0],Bool[0],[0],[4.812740478553647e6],[0.2108532],[2.345781899947491e8],[17],[1.1452377200684063e-10],Bool[0],[0.98],[0.0],Bool[0],[0],[1.0],[0.98],[1.1452507502385854e-10],[0.9989915254970326],[0],[1.1452520865254587e-10],[1.1452497848818892e-10],Bool[0],[0.00029674277119836473],[0.09390379783587033],Bool[0],[0.0],Bool[1],[4.807850311720706e6],[0.0],[-0.010897809562934234],[4.803023741967963e6],[0.0],[4.482806443030023e6],[1.1452352693935701e-10],[1.0],Bool[1],[0.4],[20],Bool[0],[0.9990329894700587],[1.0],[1.1452451429050865e-10],Bool[0],Bool[0],[0],[4.539802892342337e6],[2.3987562504563975e8],[0.01680297753497134],[0.0],[0.0],Bool[0],[1.1452395996815066e-10],[4.533077025901724e6],[4.810723626303496e6],[1],[1.1452474611936552e-10],Bool[0],Bool[1],[0.20118588],[0.4],Bool[1],[0.974601673485709],[0.0],[4.539802892342337e6],[20],[1.0],[4.810723626303496e6],[0.00206093625331397],[0.74],[0.2108532],[1.1452403079186879e-10],[0.09390379783587033]
"String3[""L2""]","String3[""L2""]","String3[""L1""]","String3[""L1""]","String3[""L1""]","String3[""L1""]","String7[""C1_3""]","String7[""D1_3""]","String7[""F1_2""]","String3[""L2""]","String3[""L3""]","String3[""L2""]","String3[""L2""]","String3[""L3""]","[""L0""]","[""L0""]","[""L0""]",[0.0],[4.847812608866996e6],Bool[0],Bool[0],[0],[-0.020922639284444194],[2.4421256535287657e8],[0.0],[15],[2],[4.852749249549113e6],[0.012854358327042233],[0.435076164],[-0.02472300906771811],[0.9982256645073919],[4.851896172453382e6],[1.0],[1],[0],[0.9993404130644753],[0.9991583571780512],[1.1452270525002973e-10],[2.4464665058816284e8],[0.68],[0],Bool[0],[0],[4.852749249549113e6],[0.4265128],[2.4421256535287657e8],[1],[1.1452604226540025e-10],Bool[0],[0.98],[0.0],Bool[0],[0],[1.0],[0.98],[1.1452480553893161e-10],[0.9993398980967146],[0],[1.1452428942033215e-10],[1.1452490018667674e-10],Bool[0],[-0.00013633625628196888],[0.25705274658715477],Bool[0],[0.619],Bool[0],[4.851896172453382e6],[0.619],[0.02567816366447125],[4.8486959251255095e6],[0.595],[4.447022311718013e6],[1.1452473027281087e-10],[0.0],Bool[1],[0.4],[0],Bool[0],[0.9991588427446156],[1.0],[1.1452458851349423e-10],Bool[0],Bool[0],[0],[4.447022311718013e6],[2.4464665058816284e8],[0.03148812479575252],[0.0],[0.0],Bool[0],[1.1452381632330455e-10],[4.447022311718013e6],[4.849619324191712e6],[2],[1.1452347551991242e-10],Bool[0],Bool[1],[0.435076164],[0.3],Bool[1],[0.9982256645073919],[0.595],[4.447022311718013e6],[20],[1.0],[4.850731518727509e6],[-0.01157655004101854],[0.68],[0.4265128],[1.1452565487481665e-10],[0.26355620753076564]
"String3[""L2""]","String3[""L2""]","String3[""L1""]","String3[""L1""]","String3[""L1""]","String3[""L1""]","String7[""C1_3""]","String7[""D1_3""]","String7[""F1_3""]","String3[""L2""]","String3[""L3""]","String3[""L2""]","String3[""L2""]","String3[""L3""]","[""L0""]","[""L0""]","[""L0""]",[0.0],[4.860372218905363e6],Bool[0],Bool[0],[2],[-0.02279326538571432],[2.4403272468225312e8],[1.0],[8],[2],[4.862940408943135e6],[0.007164610805898674],[0.23387997600000002],[-0.009774556200826469],[0.9950985465559377],[4.86278519612971e6],[1.0],[4],[14],[0.9995037870012708],[0.9995037870012708],[1.1452490808713094e-10],[2.4496619839279446e8],[0.8],[0],Bool[0],[0],[4.862940408943135e6],[0.23511139999999997],[2.4376550797600323e8],[6],[1.1452475017552434e-10],Bool[0],[1.0],[0.0],Bool[0],[0],[1.0],[1.0],[1.1452524602921566e-10],[0.9995036611802517],[0],[1.1452475313102236e-10],[1.1452568843839873e-10],Bool[0],[-0.04565819236714894],[0.17609807394744553],Bool[0],[0.0],Bool[0],[4.86278519612971e6],[0.0],[-0.025360342074938345],[4.860372218905363e6],[0.0],[4.546920049134953e6],[1.1452279275995e-10],[0.0],Bool[1],[0.36],[14],Bool[0],[0.9995036611802517],[1.0],[1.1452507136772633e-10],Bool[0],Bool[0],[0],[4.516026173800133e6],[2.4496619839279446e8],[-0.02015847110979567],[1.0],[0.0],Bool[0],[1.1452372497627012e-10],[4.546920049134953e6],[4.860390767520988e6],[2],[1.1452475525466837e-10],Bool[0],Bool[1],[0.233879976],[0.16],Bool[0],[0.9961893774869113],[0.0],[4.516026173800133e6],[18],[1.0],[4.860390767520988e6],[-0.023547401100081133],[0.8],[0.23511139999999997],[1.1452423807368176e-10],[0.17609807394744553]
"String3[""L2""]","String3[""L2""]","String3[""L1""]","String3[""L1""]","String3[""L1""]","String3[""L1""]","String7[""C1_3""]","String7[""D1_3""]","String7[""F1_2""]","String3[""L2""]","String3[""L3""]","String3[""L2""]","String3[""L1""]","String3[""L1""]","[""L0""]","[""L0""]","[""L0""]",[0.0],[4.844876302006612e6],Bool[0],Bool[0],[0],[-0.030717568534618787],[2.36697844055599e8],[0.0],[20],[1],[4.843363448278883e6],[0.0062332437783228015],[0.373403756],[-0.002555155450460377],[0.9741435632930228],[4.845804943451965e6],[1.0],[11],[0],[0.9997051987080813],[0.999808361777622],[1.1452656193290342e-10],[2.4298045275324598e8],[0.84],[0],Bool[0],[0],[4.843363448278883e6],[0.3888048],[2.36697844055599e8],[11],[1.1452381550370014e-10],Bool[0],[0.98],[0.0],Bool[0],[0],[1.0],[0.98],[1.1452349262739166e-10],[0.9997042432517104],[0],[1.1452383400073067e-10],[1.1452530765160206e-10],Bool[0],[0.0024574457697850334],[0.1323721017737499],Bool[0],[0.44600000000000006],Bool[0],[4.845804943451965e6],[0.44600000000000006],[-0.007206961724101004],[4.84437639389425e6],[0.48899999999999993],[4.434067299021287e6],[1.1452610290426002e-10],[0.0],Bool[1],[0.4],[0],Bool[0],[0.9998078621763661],[1.0],[1.1452520452592848e-10],Bool[0],Bool[0],[0],[4.434067299021287e6],[2.4298045275324598e8],[0.03305911866460772],[0.0],[0.0],Bool[0],[1.1452484012015001e-10],[4.434067299021287e6],[4.843363448278883e6],[1],[1.1452612172196592e-10],Bool[0],Bool[1],[0.37340375600000003],[0.4],Bool[1],[0.9741435632930228],[0.48899999999999993],[4.434067299021287e6],[20],[1.0],[4.843363448278883e6],[0.013675182940012635],[0.86],[0.3888048],[1.1452449665624397e-10],[0.1339790033102202]
"String3[""L2""]","String3[""L2""]","String3[""L1""]","String3[""L1""]","String3[""L1""]","String3[""L1""]","String7[""C1_3""]","String7[""D1_3""]","String7[""F1_2""]","String3[""L2""]","String3[""L3""]","String3[""L2""]","String3[""L2""]","String3[""L3""]","[""L0""]","[""L0""]","[""L0""]",[2.0],[4.818944694802094e6],Bool[0],Bool[0],[0],[-0.017198908968203593],[2.383551108174552e8],[0.0],[20],[1],[4.826737537788127e6],[0.7171222732354755],[0.266667492],[0.009851295923193237],[0.9724427369118749],[4.8260740224223025e6],[1.0],[17],[0],[0.9987616115926121],[0.9985227479754589],[1.1452368246954285e-10],[2.4510966226595974e8],[0.72],[0],Bool[0],[0],[4.826737537788127e6],[0.40309619999999996],[2.383551108174552e8],[17],[1.1452332391735242e-10],Bool[0],[0.98],[0.0],Bool[0],[0],[1.0],[0.98],[1.1452365650096391e-10],[0.9987589582031922],[0],[1.1452394413251736e-10],[1.1452639711728837e-10],Bool[0],[-0.012636663249225237],[0.030543684911942114],Bool[0],[0.146],Bool[1],[4.8260740224223025e6],[0.146],[-0.031221105504772105],[4.820097468299739e6],[0.529],[4.478433776951361e6],[1.1452364399661653e-10],[2.0],Bool[1],[0.4],[1],Bool[0],[0.9985222936761207],[1.0],[1.1452542583299466e-10],Bool[0],Bool[0],[0],[4.504442766238004e6],[2.4510966226595974e8],[-0.014450061755923421],[0.0],[0.0],Bool[0],[1.1452401192147931e-10],[4.504442766238004e6],[4.819018201276033e6],[1],[1.145248645704552e-10],Bool[0],Bool[1],[0.266667492],[0.4],Bool[1],[0.9724427369118749],[0.529],[4.504442766238004e6],[20],[1.0],[4.819572231305564e6],[0.02438821540984723],[0.7],[0.4030962],[1.145235711040921e-10],[0.026584895862124428]
"String3[""L2""]","String3[""L2""]","String3[""L1""]","String3[""L1""]","String3[""L1""]","String3[""L1""]","String7[""C1_3""]","String7[""D1_3""]","String7[""F1_3""]","String3[""L2""]","String3[""L3""]","String3[""L2""]","String3[""L1""]","String3[""L2""]","[""L0""]","[""L0""]","[""L0""]",[0.0],[4.820809111715246e6],Bool[0],Bool[0],[2],[-0.058060932835305876],[2.39687185665448e8],[-0.5],[9],[2],[4.835343563962704e6],[0.009857356237856087],[0.222149236],[-0.037197886349644105],[0.9939913821554596],[4.830254330782588e6],[1.0],[9],[18],[0.9983867195109333],[0.9980445710679977],[1.1452509390562825e-10],[2.419717270761239e8],[0.62],[0],Bool[0],[0],[4.835343563962704e6],[0.2189522],[2.4031173619477305e8],[6],[1.1452250311992874e-10],Bool[0],[0.9],[0.0],Bool[0],[0],[1.0],[0.9],[1.1452473801898421e-10],[0.9983830466526135],[0],[1.1452388888014135e-10],[1.145238391883652e-10],Bool[0],[-0.03329106021499136],[0.10735794088934456],Bool[0],[0.0],Bool[0],[4.830254330782588e6],[0.0],[-0.0030951042471738153],[4.822461775713506e6],[0.0],[4.472653373520086e6],[1.1452494887242911e-10],[0.0],Bool[1],[0.22],[20],Bool[0],[0.9980424639768999],[1.0],[1.145236430063697e-10],Bool[0],Bool[0],[0],[4.557180295634874e6],[2.4176440611955774e8],[-0.0021557792969032633],[-1.0],[0.0],Bool[0],[1.1452455753455055e-10],[4.537792979319971e6],[4.8245549957650285e6],[2],[1.1452490005697265e-10],Bool[0],Bool[1],[0.222149236],[0.18],Bool[0],[0.9905586432006696],[0.0],[4.557180295634874e6],[11],[1.0],[4.829813080927046e6],[0.02698667958413309],[0.54],[0.2189522],[1.1452350343343377e-10],[0.11090990700564128]
"String3[""L2""]","String3[""L2""]","String3[""L1""]","String3[""L1""]","String3[""L1""]","String3[""L1""]","String7[""C1_3""]","String7[""D1_3""]","String7[""F1_2""]","String3[""L2""]","String3[""L3""]","String3[""L2""]","String3[""L1""]","String3[""L1""]","[""L0""]","[""L0""]","[""L0""]",[0.0],[4.810035850947469e6],Bool[0],Bool[0],[0],[-0.02213228653399878],[2.4030714363244215e8],[0.0],[20],[1],[4.813538389672451e6],[0.013242697006274852],[0.442980124],[-0.01388427573774588],[0.9890994216224737],[4.812392404435494e6],[1.0],[6],[0],[0.999411398859914],[0.9995103155998141],[1.1452263816290697e-10],[2.4295549909255153e8],[0.8],[0],Bool[0],[0],[4.813538389672451e6],[0.39258740000000003],[2.4030714363244215e8],[6],[1.1452601934254862e-10],Bool[0],[0.98],[0.0],Bool[0],[0],[1.0],[0.98],[1.1452424941853527e-10],[0.9994085233288633],[0],[1.1452401956262536e-10],[1.1452482342749363e-10],Bool[0],[-0.0385976451409138],[0.18478573815097307],Bool[0],[0.641],Bool[1],[4.812392404435494e6],[0.641],[-0.028966701825747315],[4.809559824779702e6],[0.501],[4.479455725799123e6],[1.1452269407708965e-10],[0.0],Bool[1],[0.4],[0],Bool[0],[0.9995082947663309],[1.0],[1.1452429492764681e-10],Bool[0],Bool[0],[0],[4.479455725799123e6],[2.4295549909255153e8],[-0.039969118014224495],[0.0],[0.0],Bool[0],[1.1452276961385947e-10],[4.479455725799123e6],[4.813538389672451e6],[1],[1.1452371940949632e-10],Bool[0],Bool[1],[0.442980124],[0.4],Bool[1],[0.9890994216224737],[0.501],[4.479455725799123e6],[20],[1.0],[4.813538389672451e6],[0.019475573395237627],[0.82],[0.39258740000000003],[1.1452487801234539e-10],[0.16542650641296872]
"String3[""L2""]","String3[""L2""]","String3[""L1""]","String3[""L1""]","String3[""L1""]","String3[""L1""]","String7[""C1_3""]","String7[""D1_3""]","String7[""F1_3""]","String3[""L2""]","String3[""L3""]","String3[""L2""]","String3[""L3""]","String3[""L1""]","[""L0""]","[""L0""]","[""L0""]",[0.0],[4.814762977637087e6],Bool[0],Bool[0],[2],[0.04161815919314271],[2.4334712604367185e8],[1.0],[9],[2],[4.821932148878285e6],[0.01767392610599015],[0.230821748],[-0.002361370881749665],[0.9950211873065674],[4.818425384103818e6],[1.0],[6],[20],[0.9995049927216262],[0.9992399163264386],[1.1452315046830797e-10],[2.442592067222615e8],[0.82],[0],Bool[0],[0],[4.821932148878285e6],[0.2116932],[2.4304308588334492e8],[8],[1.1452477837284912e-10],Bool[0],[0.94],[0.0],Bool[0],[0],[1.0],[0.94],[1.145237206483305e-10],[0.9995036145433002],[0],[1.1452330144099695e-10],[1.1452286528589177e-10],Bool[0],[-0.00028907071129910305],[0.21646183881691478],Bool[0],[0.0],Bool[0],[4.818425384103818e6],[0.0],[-0.02936745576034183],[4.8160402284683855e6],[0.0],[4.5580623373541655e6],[1.1452414299443434e-10],[0.0],Bool[1],[0.34],[20],Bool[0],[0.9992377413592485],[1.0],[1.1452332091070616e-10],Bool[0],Bool[0],[0],[4.579927373353483e6],[2.442592067222615e8],[-0.007076175889220362],[1.0],[0.0],Bool[0],[1.145239112920869e-10],[4.594089976564828e6],[4.820247649107087e6],[2],[1.1452276427815418e-10],Bool[0],Bool[1],[0.23082174799999997],[0.18],Bool[0],[0.9962659312177873],[0.0],[4.579927373353483e6],[17],[1.0],[4.821306997088026e6],[-0.003742194012264044],[0.76],[0.2116932],[1.1452458679368024e-10],[0.21736873662971867]
"String3[""L2""]","String3[""L2""]","String3[""L1""]","String3[""L1""]","String3[""L1""]","String3[""L1""]","String7[""C1_3""]","String7[""D1_3""]","String7[""F1_2""]","String3[""L2""]","String3[""L3""]","String3[""L2""]","String3[""L2""]","String3[""L3""]","[""L0""]","[""L0""]","[""L0""]",[0.0],[4.8137093546548225e6],Bool[0],Bool[0],[0],[-0.008171611693708294],[2.4203097951392686e8],[0.0],[12],[2],[4.825605783638487e6],[0.010508319751511182],[0.3992067560000001],[0.0045180657183187135],[0.9979959790052485],[4.819721985816983e6],[1.0],[4],[0],[0.9986770356611432],[0.998752494193679],[1.1452176822613329e-10],[2.439868849442792e8],[0.7],[0],Bool[0],[0],[4.825605783638487e6],[0.4116792],[2.4349793010440683e8],[1],[1.1452371971079805e-10],Bool[0],[0.98],[0.0],Bool[0],[0],[1.0],[0.98],[1.1452382885321759e-10],[0.998681649484961],[0],[1.145238115425644e-10],[1.1452422367368876e-10],Bool[0],[-0.004435356440884707],[0.278451189230716],Bool[0],[0.519],Bool[0],[4.819721985816983e6],[0.519],[-0.013105262918019544],[4.813345665506543e6],[0.5529999999999999],[4.563480252655208e6],[1.1452476099427887e-10],[0.0],Bool[1],[0.34],[0],Bool[0],[0.9987567538108004],[1.0],[1.1452393494634026e-10],Bool[0],Bool[0],[0],[4.563480252655208e6],[2.439868849442792e8],[-0.016008425819279762],[0.0],[0.0],Bool[0],[1.1452425658269782e-10],[4.563480252655208e6],[4.820563924266884e6],[2],[1.14523575305126e-10],Bool[0],Bool[1],[0.39920675600000005],[0.24],Bool[1],[0.9919835632525944],[0.5529999999999999],[4.563480252655208e6],[17],[1.0],[4.820563924266884e6],[0.022790646297094],[0.72],[0.4116792],[1.1452345446829204e-10],[0.2610701529934052]
"String3[""L2""]","String3[""L2""]","String3[""L1""]","String3[""L1""]","String3[""L1""]","String3[""L1""]","String7[""C1_3""]","String7[""D1_3""]","String7[""F1_3""]","String3[""L2""]","String3[""L3""]","String3[""L2""]","String3[""L1""]","String3[""L2""]","[""L0""]","[""L0""]","[""L0""]",[-1.0],[4.814211162202685e6],Bool[0],Bool[0],[0],[-0.020284120784856516],[2.40387267202517e8],[1.0],[20],[1],[4.820452676979437e6],[0.0053265868996948094],[0.22098681599999997],[0.042274662396810055],[0.984417207706843],[4.817974978046274e6],[1.0],[13],[19],[0.9992196728837487],[0.9992187971376483],[1.1452416456108812e-10],[2.4448436806548876e8],[0.78],[0],Bool[0],[0],[4.820452676979437e6],[0.22123259999999995],[2.40387267202517e8],[13],[1.1452327313642622e-10],Bool[0],[0.98],[0.0],Bool[0],[0],[1.0],[0.98],[1.1452511340316448e-10],[0.9992187983805303],[0],[1.1452473863458947e-10],[1.1452511061178769e-10],Bool[0],[-0.01894286938321097],[0.2357903571565216],Bool[0],[0.0],Bool[1],[4.817974978046274e6],[0.0],[-0.0005874785001889266],[4.814215381525484e6],[0.0],[4.607136695635693e6],[1.1452534573764613e-10],[-1.0],Bool[1],[0.4],[19],Bool[0],[0.9992179215915368],[1.0],[1.145249880011463e-10],Bool[0],Bool[1],[0],[4.518782468593376e6],[2.4419246770633832e8],[-0.03961609813164851],[1.0],[0.0],Bool[0],[1.1452494191908738e-10],[4.650569458520864e6],[4.819133949574774e6],[1],[1.1452445524196198e-10],Bool[1],Bool[1],[0.22098681599999997],[0.4],Bool[1],[0.9832418698365439],[0.0],[4.518782468593376e6],[20],[1.0],[4.819133949574774e6],[-0.023754312064790877],[0.76],[0.22123260000000003],[1.1452287137908308e-10],[0.24502059613020294]
"String3[""L2""]","String3[""L2""]","String3[""L1""]","String3[""L1""]","String3[""L1""]","String3[""L1""]","String7[""C1_3""]","String7[""D1_3""]","String7[""F1_2""]","String3[""L2""]","String3[""L3""]","String3[""L2""]","String3[""L1""]","String3[""L1""]","[""L0""]","[""L0""]","[""L0""]",[0.0],[4.770993162042004e6],Bool[0],Bool[0],[0],[0.046181616101176944],[2.3927328633433044e8],[0.0],[20],[1],[4.77468942147007e6],[0.00131146940490429],[0.42756215200000003],[0.033602660321671106],[0.984796708884251],[4.780834532242861e6],[1.0],[8],[4],[0.9980942209922664],[0.9979414953321466],[1.1452618524747528e-10],[2.4296718721310598e8],[0.6],[0],Bool[0],[0],[4.77468942147007e6],[0.35191559999999994],[2.3927328633433044e8],[8],[1.145250087916665e-10],Bool[0],[0.98],[0.0],Bool[0],[0],[1.0],[0.98],[1.1452486565880229e-10],[0.998092776265228],[0],[1.1452449157224544e-10],[1.1452419926433586e-10],Bool[0],[0.07157678292415436],[0.18031250636603108],Bool[0],[0.5980000000000001],Bool[1],[4.780834532242861e6],[0.5980000000000001],[0.001970883743636194],[4.771723318151864e6],[0.38599999999999995],[4.400704932197342e6],[1.1452428609431192e-10],[0.0],Bool[1],[0.4],[6],Bool[0],[0.9979391992194481],[1.0],[1.1452398818250431e-10],Bool[0],Bool[0],[0],[4.59333674859468e6],[2.4296718721310598e8],[0.02497781859399154],[0.0],[0.0],Bool[0],[1.1452365917994746e-10],[4.513265262429183e6],[4.770389897645835e6],[1],[1.145263749834262e-10],Bool[0],Bool[1],[0.42756215200000003],[0.4],Bool[1],[0.984796708884251],[0.38599999999999995],[4.59333674859468e6],[20],[1.0],[4.770389897645835e6],[0.05946652974641573],[0.58],[0.35191559999999994],[1.1452402620551936e-10],[0.20031205643195824]
"String3[""L2""]","String3[""L2""]","String3[""L1""]","String3[""L1""]","String3[""L1""]","String3[""L1""]","String7[""C1_3""]","String7[""D1_3""]","String7[""F1_2""]","String3[""L2""]","String3[""L3""]","String3[""L2""]","String3[""L2""]","String3[""L3""]","[""L0""]","[""L0""]","[""L0""]",[0.0],[4.837068122335391e6],Bool[0],Bool[0],[0],[-0.0008639216622863949],[2.445337129668281e8],[0.0],[11],[2],[4.842482052312048e6],[0.015337014572595281],[0.465632296],[-0.019140213148186],[1.0],[4.841811486375722e6],[1.0],[0],[0],[0.9989022248311266],[0.9990203327713856],[1.1452467879942429e-10],[2.445337129668281e8],[0.74],[0],Bool[0],[0],[4.842482052312048e6],[0.4098724],[2.445337129668281e8],[0],[1.1452359067142823e-10],Bool[0],[0.92],[0.0],Bool[1],[0],[1.0],[0.92],[1.1452367685567795e-10],[0.9989002727944688],[0],[1.1452457833594995e-10],[1.1452357771713541e-10],Bool[0],[0.0025434972925606116],[0.21912011321647312],Bool[1],[0.7050000000000001],Bool[0],[4.841811486375722e6],[0.7050000000000001],[-0.011987435356850932],[4.8364962659536125e6],[0.5479999999999999],[4.549819880117235e6],[1.1452557046615285e-10],[0.0],Bool[1],[0.4],[0],Bool[0],[0.9990184522949377],[1.0],[1.1452369944742619e-10],Bool[0],Bool[0],[0],[4.549819880117235e6],[2.445337129668281e8],[0.049085671411236945],[0.0],[0.0],Bool[0],[1.1452390931718509e-10],[4.549819880117235e6],[4.836212030215986e6],[2],[1.1452442837137479e-10],Bool[0],Bool[1],[0.46563229599999995],[0.22],Bool[0],[1.0],[0.5479999999999999],[4.549819880117235e6],[20],[1.0],[4.83562838267676e6],[-0.011121803604081486],[0.74],[0.4098724],[1.1452370203746155e-10],[0.1994689550180679]
"String3[""L2""]","String3[""L2""]","String3[""L1""]","String3[""L1""]","String3[""L1""]","String3[""L1""]","String7[""C1_3""]","String7[""D1_3""]","String7[""F1_3""]","String3[""L2""]","String3[""L3""]","String3[""L2""]","String3[""L3""]","String3[""L1""]","[""L0""]","[""L0""]","[""L0""]",[0.0],[4.815124489148445e6],Bool[0],Bool[0],[2],[-0.02379309559369175],[2.4367790481322855e8],[1.0],[2],[2],[4.823271772426445e6],[0.1844773408791336],[0.22345658799999998],[-0.028519505800265427],[0.997991591127814],[4.821090231468018e6],[1.0],[1],[20],[0.9987064467500397],[0.998762574016841],[1.1452448695886196e-10],[2.4384128642260027e8],[0.7],[0],Bool[0],[0],[4.823271772426445e6],[0.21314839999999996],[2.4335155341954386e8],[3],[1.1452263219172033e-10],Bool[0],[0.98],[0.0],Bool[0],[0],[1.0],[0.98],[1.1452270765626087e-10],[0.998699890458197],[0],[1.145230941094448e-10],[1.1452456788084591e-10],Bool[0],[-0.050380801359741614],[0.2223361828942829],Bool[0],[0.0],Bool[0],[4.821090231468018e6],[0.0],[-0.0030149648777823544],[4.814853894530751e6],[0.0],[4.580313232630702e6],[1.1452343835248562e-10],[0.0],Bool[1],[0.28],[20],Bool[0],[0.998755812279966],[1.0],[1.1452411324312672e-10],Bool[0],Bool[0],[0],[4.58439608919231e6],[2.4384128642260027e8],[-0.03840100492299766],[1.0],[0.0],Bool[0],[1.1452356168209628e-10],[4.616684342715862e6],[4.82212000386657e6],[2],[1.14525082624456e-10],Bool[0],Bool[1],[0.223456588],[0.04],Bool[0],[0.9993299674072069],[0.0],[4.58439608919231e6],[14],[1.0],[4.82212000386657e6],[-0.025576248721687844],[0.72],[0.21314840000000002],[1.1452311237690616e-10],[0.2212083592995527]
"String3[""L2""]","String3[""L2""]","String3[""L1""]","String3[""L1""]","String3[""L1""]","String3[""L1""]","String7[""C1_3""]","String7[""D1_3""]","String7[""F1_2""]","String3[""L2""]","String3[""L3""]","String3[""L2""]","String3[""L1""]","String3[""L2""]","[""L0""]","[""L0""]","[""L0""]",[0.0],[4.8059400859552305e6],Bool[0],Bool[0],[0],[0.004534672827661935],[2.38839636633581e8],[0.0],[20],[1],[4.812973606740424e6],[0.011735817994498715],[0.41404784399999994],[-0.019081967792788885],[0.9841622252417269],[4.810513566206983e6],[1.0],[8],[1],[0.9993202702778553],[0.9990492740143421],[1.1452289547382971e-10],[2.4268319846854308e8],[0.78],[0],Bool[0],[0],[4.812973606740424e6],[0.40148779999999995],[2.38839636633581e8],[8],[1.1452417622731649e-10],Bool[0],[0.94],[0.0],Bool[0],[0],[1.0],[0.94],[1.1452533721610189e-10],[0.9993173471675203],[0],[1.1452389249315468e-10],[1.1452433927763566e-10],Bool[0],[-0.03970786420068429],[0.23716401376262802],Bool[0],[0.5609999999999999],Bool[1],[4.810513566206983e6],[0.5609999999999999],[-0.024896052151116],[4.807243717157252e6],[0.525],[4.497488469650712e6],[1.1452295407156446e-10],[0.0],Bool[1],[0.4],[0],Bool[0],[0.999048611755811],[1.0],[1.1452432341077514e-10],Bool[0],Bool[1],[0],[4.497488469650712e6],[2.4268319846854308e8],[-0.01222737050886508],[0.0],[0.0],Bool[0],[1.1452358125359586e-10],[4.493942984054754e6],[4.809134574952481e6],[1],[1.1452355649633802e-10],Bool[1],Bool[1],[0.41404784400000005],[0.4],Bool[1],[0.9841622252417269],[0.525],[4.497488469650712e6],[20],[1.0],[4.809134574952481e6],[-0.03527079855940256],[0.72],[0.4014878],[1.1452428900394783e-10],[0.23408128806890996]
"String3[""L2""]","String3[""L2""]","String3[""L1""]","String3[""L1""]","String3[""L1""]","String3[""L1""]","String7[""C1_3""]","String7[""D1_3""]","String7[""F1_3""]","String3[""L2""]","String3[""L3""]","String3[""L2""]","String3[""L1""]","String3[""L2""]","[""L0""]","[""L0""]","[""L0""]",[0.0],[4.836669845674582e6],Bool[0],Bool[0],[0],[-0.02810578595986705],[2.41772419865193e8],[-0.5],[20],[1],[4.844245947523932e6],[0.019633865844504488],[0.23389935600000003],[0.06881252363082005],[0.9895142806155777],[4.841573316691249e6],[1.0],[11],[18],[0.9990475153949698],[0.998987215374853],[1.1452436421286465e-10],[2.4447782501437378e8],[0.66],[0],Bool[0],[0],[4.844245947523932e6],[0.2233794],[2.41772419865193e8],[11],[1.1452444274611852e-10],Bool[0],[0.96],[0.0],Bool[0],[0],[1.0],[0.96],[1.145237429354543e-10],[0.9990473731101642],[0],[1.1452353840493114e-10],[1.14524778301644e-10],Bool[0],[0.01121221559961756],[0.17063378530642748],Bool[0],[0.0],Bool[1],[4.841573316691249e6],[0.0],[-0.005697701539541835],[4.836961792642975e6],[0.0],[4.461601119107695e6],[1.1452560481347021e-10],[0.0],Bool[1],[0.4],[20],Bool[0],[0.9989871912387847],[1.0],[1.1452485747612423e-10],Bool[0],Bool[1],[0],[4.504485873923171e6],[2.443344422627091e8],[-0.05462302574729266],[0.0],[0.0],Bool[0],[1.1452549469850021e-10],[4.433912376808381e6],[4.8422809018454235e6],[1],[1.145242342314169e-10],Bool[1],Bool[1],[0.233899356],[0.4],Bool[1],[0.9889339446265865],[0.0],[4.504485873923171e6],[20],[1.0],[4.8427784574206695e6],[0.04529854730843044],[0.66],[0.22337940000000003],[1.1452378260986511e-10],[0.17063378530642748]
"String3[""L2""]","String3[""L2""]","String3[""L1""]","String3[""L1""]","String3[""L1""]","String3[""L1""]","String7[""C1_3""]","String7[""D1_3""]","String7[""F1_2""]","String3[""L2""]","String3[""L3""]","String3[""L2""]","String3[""L3""]","String3[""L1""]","[""L0""]","[""L0""]","[""L0""]",[0.0],[4.797005913468467e6],Bool[0],Bool[0],[0],[0.0002347247656725396],[2.4250557143241066e8],[0.0],[20],[1],[4.796832540615461e6],[0.28790611169683994],[0.440472916],[-0.011231537792421835],[0.9911525617025787],[4.8005502884566e6],[1.0],[5],[3],[0.9996030458058095],[0.9992616731884559],[1.1452375412912087e-10],[2.4467027660791215e8],[0.8],[0],Bool[0],[0],[4.796832540615461e6],[0.37058319999999995],[2.4250557143241066e8],[5],[1.1452313984624457e-10],Bool[0],[0.96],[0.0],Bool[0],[0],[1.0],[0.96],[1.1452356017033649e-10],[0.9996018544566644],[0],[1.1452430779027235e-10],[1.1452459849251392e-10],Bool[0],[-0.03674380211948583],[0.2978938864226656],Bool[0],[0.6340000000000001],Bool[1],[4.8005502884566e6],[0.6340000000000001],[-0.03235006212153228],[4.798644689885175e6],[0.43700000000000006],[4.584639707139173e6],[1.145246484237233e-10],[0.0],Bool[1],[0.4],[5],Bool[0],[0.9992611626401632],[1.0],[1.145248253160885e-10],Bool[0],Bool[0],[0],[4.481145758873029e6],[2.4467027660791215e8],[-0.018602760693251095],[0.0],[0.0],Bool[0],[1.1452389932985628e-10],[4.54888424197479e6],[4.791186812911003e6],[1],[1.1452429817742725e-10],Bool[0],Bool[1],[0.44047291600000005],[0.4],Bool[1],[0.9911525617025787],[0.43700000000000006],[4.481145758873029e6],[20],[1.0],[4.794937272343198e6],[-0.0199095824728598],[0.76],[0.37058319999999995],[1.1452312356663941e-10],[0.28826065907091797]
"String3[""L2""]","String3[""L2""]","String3[""L1""]","String3[""L1""]","String3[""L1""]","String3[""L1""]","String7[""C1_3""]","String7[""D1_3""]","String7[""F1_2""]","String3[""L2""]","String3[""L3""]","String3[""L2""]","String3[""L1""]","String3[""L2""]","[""L0""]","[""L0""]","[""L0""]",[0.0],[4.811755386179648e6],Bool[0],Bool[0],[0],[-0.022303048499060195],[2.4303912412537962e8],[0.0],[20],[1],[4.818609974527552e6],[0.014203392834108371],[0.5048186240000001],[-0.0071855851743998],[0.9944330864059575],[4.8155455763081135e6],[1.0],[3],[0],[0.9990971988925056],[0.9992129261226158],[1.1452507509110673e-10],[2.4439967600410646e8],[0.78],[0],Bool[0],[0],[4.818609974527552e6],[0.40451299999999996],[2.4303912412537962e8],[3],[1.1452422717649735e-10],Bool[0],[0.92],[0.0],Bool[0],[0],[1.0],[0.92],[1.1452565439098574e-10],[0.999095730162966],[0],[1.1452465416925029e-10],[1.1452328312613315e-10],Bool[0],[-0.0032775871838478716],[0.11800600140670808],Bool[0],[0.8160000000000001],Bool[1],[4.8155455763081135e6],[0.8160000000000001],[-0.011135616599158668],[4.811198096428633e6],[0.5329999999999999],[4.449195865161034e6],[1.1452391993842328e-10],[0.0],Bool[1],[0.4],[0],Bool[0],[0.9992099014892335],[1.0],[1.1452336550472121e-10],Bool[0],Bool[0],[0],[4.449195865161034e6],[2.4439967600410646e8],[-0.01599312405443045],[0.0],[0.0],Bool[0],[1.145240362150402e-10],[4.449195865161034e6],[4.816681172589684e6],[1],[1.1452537382990776e-10],Bool[0],Bool[1],[0.5048186240000001],[0.4],Bool[1],[0.9944330864059575],[0.5329999999999999],[4.449195865161034e6],[20],[1.0],[4.812038434049047e6],[0.04919031079767874],[0.78],[0.404513],[1.1452455135289123e-10],[0.11800600140670808]
"String3[""L2""]","String3[""L2""]","String3[""L1""]","String3[""L1""]","String3[""L1""]","String3[""L1""]","String7[""C1_3""]","String7[""D1_3""]","String7[""F1_3""]","String3[""L2""]","String3[""L3""]","String3[""L2""]","String3[""L3""]","String3[""L1""]","[""L0""]","[""L0""]","[""L0""]",[0.0],[4.81182635363673e6],Bool[0],Bool[0],[2],[-0.006247529761745079],[2.4442459606222314e8],[1.0],[3],[2],[4.822300802486843e6],[0.4644134140949722],[0.21886039599999998],[3.538357754195766e-5],[0.996359835504699],[4.816399212129211e6],[1.0],[3],[20],[0.9991428261038283],[0.9990505648948358],[1.1452451041315394e-10],[2.4518896210270193e8],[0.76],[0],Bool[0],[0],[4.822300802486843e6],[0.2124862],[2.4429643394821596e8],[4],[1.1452351957988722e-10],Bool[0],[0.98],[0.0],Bool[0],[0],[1.0],[0.98],[1.1452319188134379e-10],[0.999141985882523],[0],[1.1452314564507208e-10],[1.1452467995522929e-10],Bool[0],[-0.00298212251420996],[0.15211830285669112],Bool[0],[0.0],Bool[0],[4.816399212129211e6],[0.0],[0.07488285862864416],[4.812270720451032e6],[0.0],[4.606587208745174e6],[1.1452285203303757e-10],[0.0],Bool[1],[0.24],[20],Bool[0],[0.9990499053338513],[1.0],[1.1452473923458253e-10],Bool[0],Bool[0],[0],[4.547096347473763e6],[2.4518896210270193e8],[-0.00547851396431305],[1.0],[0.0],Bool[0],[1.1452309619656935e-10],[4.666606599881828e6],[4.814583156324539e6],[2],[1.1452476528578922e-10],Bool[0],Bool[1],[0.21886039599999998],[0.06],Bool[0],[0.9968825430234554],[0.0],[4.547096347473763e6],[12],[1.0],[4.818046768248254e6],[-0.07052163434902783],[0.74],[0.2124862],[1.1452398299574606e-10],[0.14044806180221925]
"String3[""L2""]","String3[""L2""]","String3[""L1""]","String3[""L1""]","String3[""L1""]","String3[""L1""]","String7[""C1_3""]","String7[""D1_3""]","String7[""F1_3""]","String3[""L2""]","String3[""L3""]","String3[""L2""]","String3[""L1""]","String3[""L2""]","[""L0""]","[""L0""]","[""L0""]",[-2.0],[4.819537745959425e6],Bool[0],Bool[0],[0],[-0.021724888060596335],[2.3801140801027346e8],[1.0],[20],[1],[4.825821252444195e6],[0.9182094383642766],[0.16569619600000002],[-0.02187379561968262],[0.9777048850937012],[4.824929093554412e6],[1.0],[19],[20],[0.9988826058392881],[0.9988826058392881],[1.1452393494949004e-10],[2.4395462732793963e8],[0.7],[0],Bool[0],[0],[4.825821252444195e6],[0.22206359999999997],[2.3801140801027346e8],[19],[1.1452443894788882e-10],Bool[0],[1.0],[0.0],Bool[0],[0],[1.0],[1.0],[1.1452384756887498e-10],[0.9988829506055997],[0],[1.1452341654161419e-10],[1.1452315541304145e-10],Bool[0],[-0.032693731152898184],[0.0305785935582394],Bool[0],[0.0],Bool[1],[4.824929093554412e6],[0.0],[0.03122195507369865],[4.819537745959425e6],[0.0],[4.621597973138029e6],[1.1452543606891784e-10],[-2.0],Bool[1],[0.4],[20],Bool[0],[0.9988829506055997],[1.0],[1.145233976596333e-10],Bool[0],Bool[0],[0],[4.542164018944735e6],[2.4343890640115082e8],[-0.033357772126393806],[1.0],[0.0],Bool[0],[1.145248148098379e-10],[4.621597973138029e6],[4.823147137258404e6],[1],[1.1452377041739405e-10],Bool[0],Bool[1],[0.165696196],[0.4],Bool[1],[0.975638013581612],[0.0],[4.542164018944735e6],[20],[1.0],[4.823147137258404e6],[-0.027260906796024942],[0.7],[0.22206359999999997],[1.1452396845885475e-10],[0.0305785935582394]
"String3[""L2""]","String3[""L2""]","String3[""L1""]","String3[""L1""]","String3[""L1""]","String3[""L1""]","String7[""C1_3""]","String7[""D1_3""]","String7[""F1_2""]","String3[""L2""]","String3[""L3""]","String3[""L2""]","String3[""L3""]","String3[""L1""]","[""L0""]","[""L0""]","[""L0""]",[0.0],[4.797448625027911e6],Bool[0],Bool[0],[2],[-0.01443070753377292],[2.4358276134740007e8],[0.0],[7],[2],[4.804877445397284e6],[0.08871644166917775],[0.399306652],[0.008863681804411168],[0.9981675099463263],[4.803417871651051e6],[1.0],[2],[2],[0.9986938058250852],[0.9987572918320579],[1.1452519684635376e-10],[2.444809376575829e8],[0.76],[0],Bool[0],[0],[4.804877445397284e6],[0.3760868],[2.4403292877101257e8],[1],[1.145251236398073e-10],Bool[0],[0.98],[0.0],Bool[0],[0],[1.0],[0.98],[1.1452403286904087e-10],[0.9986960519822097],[0],[1.1452339484694682e-10],[1.1452465505489547e-10],Bool[0],[-0.009784186106630404],[0.2544837980540215],Bool[0],[0.5190000000000001],Bool[0],[4.803417871651051e6],[0.5190000000000001],[0.014700355827923778],[4.797143675207418e6],[0.45299999999999996],[4.506006843948381e6],[1.1452384747660509e-10],[0.0],Bool[1],[0.32],[2],Bool[0],[0.9987601988481554],[1.0],[1.1452502768641488e-10],Bool[0],Bool[0],[0],[4.530720078087089e6],[2.444809376575829e8],[-0.02299127954933556],[0.0],[0.0],Bool[0],[1.1452397804208785e-10],[4.506006843948381e6],[4.800040036368493e6],[2],[1.1452521951597079e-10],Bool[0],Bool[1],[0.399306652],[0.14],Bool[0],[0.996326190831938],[0.45299999999999996],[4.530720078087089e6],[16],[1.0],[4.800040036368493e6],[-0.007962067894738986],[0.78],[0.37608680000000005],[1.1452427768373196e-10],[0.2552271213488096]
"String3[""L2""]","String3[""L2""]","String3[""L1""]","String3[""L1""]","String3[""L1""]","String3[""L1""]","String7[""C1_3""]","String7[""D1_3""]","String7[""F1_2""]","String3[""L2""]","String3[""L3""]","String3[""L2""]","String3[""L1""]","String3[""L2""]","[""L0""]","[""L0""]","[""L0""]",[0.0],[4.823350151478015e6],Bool[0],Bool[0],[0],[0.057719291181181485],[2.388743456040849e8],[0.0],[20],[1],[4.832254077375246e6],[0.006819562449307149],[0.448057596],[0.007387390838240623],[0.9893699810326556],[4.828443742406927e6],[1.0],[5],[0],[0.9994233619701894],[0.9989450864086545],[1.1452483047992435e-10],[2.41440866595487e8],[0.78],[0],Bool[0],[0],[4.832254077375246e6],[0.40800839999999994],[2.388743456040849e8],[5],[1.1452479925443214e-10],Bool[0],[0.92],[0.0],Bool[0],[0],[1.0],[0.92],[1.1452487131061274e-10],[0.9994228422411695],[0],[1.1452478901275463e-10],[1.1452481414928264e-10],Bool[0],[0.06717310140649227],[0.2088623145328041],Bool[0],[0.656],Bool[1],[4.828443742406927e6],[0.656],[0.05281131967713107],[4.825659478120254e6],[0.542],[4.506701543568027e6],[1.1452235585745398e-10],[0.0],Bool[1],[0.4],[0],Bool[0],[0.9989452756173587],[1.0],[1.1452499735536394e-10],Bool[0],Bool[1],[0],[4.506701543568027e6],[2.41440866595487e8],[0.0029461194638472923],[0.0],[0.0],Bool[0],[1.1452261979129155e-10],[4.506701543568027e6],[4.828592055629605e6],[1],[1.1452391847124312e-10],Bool[1],Bool[1],[0.448057596],[0.4],Bool[1],[0.9893699810326556],[0.542],[4.506701543568027e6],[20],[1.0],[4.830375643016096e6],[0.03326042446528481],[0.7],[0.4080084],[1.1452473693399578e-10],[0.18716566574027405]
"String3[""L2""]","String3[""L2""]","String3[""L1""]","String3[""L1""]","String3[""L1""]","String3[""L1""]","String7[""C1_3""]","String7[""D1_3""]","String7[""F1_3""]","String3[""L2""]","String3[""L3""]","String3[""L2""]","String3[""L3""]","String3[""L1""]","[""L0""]","[""L0""]","[""L0""]",[0.0],[4.811465169137922e6],Bool[0],Bool[0],[3],[8.728357139324522e-5],[2.4470252876891202e8],[-1.0],[0],[3],[4.8191182148614675e6],[0.008560200932221174],[0.223603496],[-0.014690564112576307],[0.9982823098778003],[4.813760773876239e6],[1.0],[0],[20],[0.9995231161567533],[0.9995231161567533],[1.1452514423602996e-10],[2.4470252876891202e8],[0.78],[0],Bool[0],[0],[4.8191182148614675e6],[0.20994520000000003],[2.4428220565236837e8],[3],[1.145252152849938e-10],Bool[0],[1.0],[0.0],Bool[1],[0],[1.0],[1.0],[1.1452438354929067e-10],[0.9995210510314869],[0],[1.1452447707541456e-10],[1.1452195308006478e-10],Bool[0],[0.01373768517320385],[0.25324090712205244],Bool[0],[0.0],Bool[0],[4.813760773876239e6],[0.0],[0.06979221534636579],[4.811465169137922e6],[0.0],[4.676601975238464e6],[1.1452363813640886e-10],[0.0],Bool[1],[0.2],[20],Bool[0],[0.9995210510314869],[1.0],[1.1452225478374945e-10],Bool[0],Bool[0],[0],[4.585782791862898e6],[2.4470252876891202e8],[0.004045255474723779],[-1.0],[0.0],Bool[0],[1.1452422458149337e-10],[4.676601975238464e6],[4.8191182148614675e6],[3],[1.1452490629903809e-10],Bool[0],Bool[1],[0.223603496],[0.0],Bool[0],[1.0],[0.0],[4.585782791862898e6],[10],[1.0],[4.8191182148614675e6],[-0.02863014014902051],[0.78],[0.20994520000000003],[1.1452443367185035e-10],[0.25324090712205244]
"String3[""L2""]","String3[""L2""]","String3[""L1""]","String3[""L1""]","String3[""L1""]","String3[""L1""]","String7[""C1_3""]","String7[""D1_3""]","String7[""F1_2""]","String3[""L2""]","String3[""L3""]","String3[""L2""]","String3[""L1""]","String3[""L2""]","[""L0""]","[""L0""]","[""L0""]",[0.0],[4.815576859295997e6],Bool[0],Bool[0],[0],[-0.013923577114207733],[2.3729743006508893e8],[0.0],[20],[1],[4.819396973039185e6],[0.004336049815211948],[0.471488884],[0.020923377149058685],[0.9855930021058747],[4.82077354044466e6],[1.0],[6],[0],[0.9991408617044407],[0.9989220233837859],[1.1452597557128058e-10],[2.4076614744429556e8],[0.76],[0],Bool[0],[0],[4.819396973039185e6],[0.39196639999999994],[2.3729743006508893e8],[6],[1.1452428205623578e-10],Bool[0],[0.98],[0.0],Bool[0],[0],[1.0],[0.98],[1.1452211679542051e-10],[0.9991416773933843],[0],[1.1452267265205187e-10],[1.1452411774149783e-10],Bool[0],[-0.07145553799230622],[0.15785842178357162],Bool[0],[0.721],Bool[1],[4.82077354044466e6],[0.721],[-0.055594447443737816],[4.816631829281845e6],[0.49800000000000005],[4.495117645693683e6],[1.1452367989268592e-10],[0.0],Bool[1],[0.4],[0],Bool[0],[0.9989233553808589],[1.0],[1.1452412389427467e-10],Bool[0],Bool[0],[0],[4.495117645693683e6],[2.4076614744429556e8],[-0.01668665313697956],[0.0],[0.0],Bool[0],[1.1452425157395886e-10],[4.495117645693683e6],[4.813194698534013e6],[1],[1.1452560304223415e-10],Bool[0],Bool[1],[0.471488884],[0.4],Bool[1],[0.9855930021058747],[0.49800000000000005],[4.495117645693683e6],[20],[1.0],[4.814037542879118e6],[-0.09622508208482827],[0.74],[0.39196640000000005],[1.1452413120769665e-10],[0.1378648661842458]
"String3[""L2""]","String3[""L2""]","String3[""L1""]","String3[""L1""]","String3[""L1""]","String3[""L1""]","String7[""C1_3""]","String7[""D1_3""]","String7[""F1_2""]","String3[""L2""]","String3[""L3""]","String3[""L2""]","String3[""L3""]","String3[""L1""]","[""L0""]","[""L0""]","[""L0""]",[0.0],[4.810573032239426e6],Bool[0],Bool[0],[0],[0.018682342155894777],[2.4153616196172154e8],[0.0],[20],[1],[4.810926510241908e6],[0.4965596520980992],[0.4029699240000001],[-0.022246157935432],[0.9854274710732382],[4.81535075926982e6],[1.0],[9],[7],[0.9991255543482492],[0.999007813289365],[1.1452179324582335e-10],[2.4510800546148998e8],[0.8],[0],Bool[0],[0],[4.810926510241908e6],[0.3484028],[2.4153616196172154e8],[9],[1.1452464536837832e-10],Bool[0],[0.98],[0.0],Bool[0],[0],[1.0],[0.98],[1.1452373322785176e-10],[0.9991250598429788],[0],[1.1452320853216581e-10],[1.1452413918150778e-10],Bool[0],[0.018682124486047103],[0.2741815018997452],Bool[0],[0.53],Bool[1],[4.81535075926982e6],[0.53],[0.026808999256295075],[4.811139996736721e6],[0.377],[4.446212483328961e6],[1.1452581825235949e-10],[0.0],Bool[1],[0.4],[7],Bool[0],[0.9990072820911715],[1.0],[1.145242178469123e-10],Bool[0],Bool[0],[0],[4.333434102163006e6],[2.4510800546148998e8],[-0.03219038473903693],[0.0],[0.0],Bool[0],[1.1452478851105984e-10],[4.369711912043981e6],[4.807873780796155e6],[1],[1.1452252777110133e-10],Bool[0],Bool[1],[0.4029699239999999],[0.4],Bool[1],[0.9854274710732382],[0.377],[4.333434102163006e6],[20],[1.0],[4.809515723033052e6],[0.05071140069210781],[0.78],[0.3484028],[1.1452447103977486e-10],[0.273183118043557]
"String3[""L2""]","String3[""L2""]","String3[""L1""]","String3[""L1""]","String3[""L1""]","String3[""L1""]","String7[""C1_3""]","String7[""D1_3""]","String7[""F1_3""]","String3[""L2""]","String3[""L3""]","String3[""L2""]","String3[""L1""]","String3[""L3""]","[""L0""]","[""L0""]","[""L0""]",[0.0],[4.839550457496199e6],Bool[0],Bool[0],[0],[-0.015048556306699837],[2.4234678462481916e8],[-1.0],[20],[1],[4.847423229214046e6],[0.00542997458557591],[0.24440530400000005],[-0.019978901450268084],[0.9918367563338695],[4.8435271717459215e6],[1.0],[13],[19],[0.9992103041235613],[0.9991789631587245],[1.1452458843154992e-10],[2.446260651349718e8],[0.78],[0],Bool[0],[0],[4.847423229214046e6],[0.22844720000000002],[2.4234678462481916e8],[13],[1.145239187184482e-10],Bool[0],[0.96],[0.0],Bool[0],[0],[1.0],[0.96],[1.1452418716453716e-10],[0.9992104385366116],[0],[1.1452440942567918e-10],[1.145246856833615e-10],Bool[0],[0.004085418145547992],[0.1829025003218928],Bool[0],[0.0],Bool[1],[4.8435271717459215e6],[0.0],[-0.03317413450117313],[4.839702258310975e6],[0.0],[4.594213051643552e6],[1.1452425587582156e-10],[0.0],Bool[1],[0.4],[18],Bool[0],[0.9991789871141133],[1.0],[1.145246302770492e-10],Bool[0],Bool[0],[0],[4.557747671285404e6],[2.4434140303552234e8],[0.027016316103666584],[-1.0],[0.0],Bool[0],[1.1452450984152295e-10],[4.604291060574114e6],[4.839449478434779e6],[1],[1.1452423961022576e-10],Bool[0],Bool[1],[0.244405304],[0.4],Bool[1],[0.9906825934149942],[0.0],[4.557747671285404e6],[20],[1.0],[4.839449478434779e6],[0.05062146031359984],[0.74],[0.22844720000000002],[1.1452295427322822e-10],[0.1829025003218928]
"String3[""L2""]","String3[""L2""]","String3[""L1""]","String3[""L1""]","String3[""L1""]","String3[""L1""]","String7[""C1_3""]","String7[""D1_3""]","String7[""F1_2""]","String3[""L2""]","String3[""L3""]","String3[""L2""]","String3[""L1""]","String3[""L3""]","[""L0""]","[""L0""]","[""L0""]",[2.0],[4.836395488667502e6],Bool[0],Bool[0],[0],[-0.00038033454742107935],[2.3780267710982e8],[0.0],[20],[1],[4.842927059673373e6],[0.06929635435123795],[0.37378497999999993],[0.00011298018666601804],[0.989127499103946],[4.840894397966944e6],[1.0],[11],[0],[0.9989735066764632],[0.9990706450235041],[1.1452353836593563e-10],[2.4041660688358808e8],[0.72],[0],Bool[0],[0],[4.842927059673373e6],[0.40592059999999996],[2.3780267710982e8],[11],[1.1452448386728961e-10],Bool[0],[0.94],[0.0],Bool[0],[0],[1.0],[0.94],[1.1452360399213443e-10],[0.9989725558643766],[0],[1.1452340627398122e-10],[1.145230362960238e-10],Bool[0],[0.006113958235406007],[0.047042033799571205],Bool[0],[0.447],Bool[1],[4.840894397966944e6],[0.447],[-0.021021489316233634],[4.835925252187484e6],[0.537],[4.423041987411678e6],[1.1452382617562339e-10],[2.0],Bool[1],[0.4],[0],Bool[0],[0.999068852528282],[1.0],[1.145233560431873e-10],Bool[0],Bool[0],[0],[4.423041987411678e6],[2.4041660688358808e8],[0.05686580058866394],[0.0],[0.0],Bool[0],[1.1452385187602863e-10],[4.423041987411678e6],[4.841151552473761e6],[1],[1.1452393100362716e-10],Bool[0],Bool[1],[0.37378498],[0.4],Bool[1],[0.989127499103946],[0.537],[4.423041987411678e6],[20],[1.0],[4.840853065114863e6],[-0.02178963213315231],[0.7],[0.40592059999999996],[1.1452441540657127e-10],[0.04801242489189648]
"String3[""L2""]","String3[""L2""]","String3[""L1""]","String3[""L1""]","String3[""L1""]","String3[""L1""]","String7[""C1_3""]","String7[""D1_3""]","String7[""F1_2""]","String3[""L2""]","String3[""L3""]","String3[""L2""]","String3[""L3""]","String3[""L1""]","[""L0""]","[""L0""]","[""L0""]",[0.0],[4.8079927755469885e6],Bool[0],Bool[0],[0],[0.005947677812503041],[2.4229162275794005e8],[0.0],[13],[3],[4.816193808425339e6],[0.19710695871378234],[0.4283424],[-0.036845519537559726],[0.9977894000291547],[4.810653204697995e6],[1.0],[2],[0],[0.9994469713284656],[0.9994469713284656],[1.1452486764525606e-10],[2.4336757977880383e8],[0.82],[0],Bool[0],[0],[4.816193808425339e6],[0.3819372],[2.4282959141404012e8],[1],[1.1452303171322938e-10],Bool[0],[1.0],[0.0],Bool[0],[0],[1.0],[1.0],[1.1452354711303403e-10],[0.9994457343416618],[0],[1.1452372269688337e-10],[1.1452330084422242e-10],Bool[0],[-0.027220948402592923],[0.2464941023229562],Bool[0],[0.6000000000000001],Bool[0],[4.810653204697995e6],[0.6000000000000001],[0.006946206426993957],[4.8079927755469885e6],[0.47],[4.497375539523248e6],[1.1452429799209895e-10],[0.0],Bool[1],[0.3],[0],Bool[0],[0.9994457343416618],[1.0],[1.1452409639720138e-10],Bool[0],Bool[0],[0],[4.497375539523248e6],[2.4336757977880383e8],[-0.018672927416897037],[0.0],[0.0],Bool[0],[1.1452441016843818e-10],[4.497375539523248e6],[4.811297961959658e6],[2],[1.1452470873186459e-10],Bool[0],Bool[1],[0.42834239999999996],[0.26],Bool[1],[0.9955788810414201],[0.47],[4.497375539523248e6],[15],[1.0],[4.811297961959658e6],[-0.016506003700420407],[0.82],[0.3819372],[1.1452355491013905e-10],[0.2464941023229562]
"String3[""L2""]","String3[""L2""]","String3[""L1""]","String3[""L1""]","String3[""L1""]","String3[""L1""]","String7[""C1_3""]","String7[""D1_3""]","String7[""F1_3""]","String3[""L2""]","String3[""L3""]","String3[""L2""]","String3[""L3""]","String3[""L2""]","[""L0""]","[""L0""]","[""L0""]",[0.0],[4.819754835886305e6],Bool[0],Bool[0],[0],[-0.020599594121542168],[2.4115913974089834e8],[1.0],[20],[1],[4.827424561393782e6],[0.46814466416580564],[0.227578556],[-0.01645832487043526],[0.984644344272978],[4.8253043387520425e6],[1.0],[13],[20],[0.9990190396918246],[0.998849916507614],[1.1452345706594817e-10],[2.4492004767362028e8],[0.66],[0],Bool[0],[0],[4.827424561393782e6],[0.2220018],[2.4115913974089834e8],[13],[1.1452493299057074e-10],Bool[0],[0.98],[0.0],Bool[0],[0],[1.0],[0.98],[1.1452481067695495e-10],[0.9990189451932616],[0],[1.1452529076532928e-10],[1.1452314073619337e-10],Bool[0],[0.01418885877006832],[0.33595484860915464],Bool[0],[0.0],Bool[1],[4.8253043387520425e6],[0.0],[0.007805948919972479],[4.82057090672086e6],[0.0],[4.606298099662077e6],[1.1452467139196875e-10],[0.0],Bool[1],[0.4],[20],Bool[0],[0.998849541049176],[1.0],[1.1452300662063538e-10],Bool[0],Bool[0],[0],[4.48264292939369e6],[2.4492004767362028e8],[0.020145828121940008],[1.0],[0.0],Bool[0],[1.1452422772137487e-10],[4.514541775357153e6],[4.822742543490872e6],[1],[1.1452348357162064e-10],Bool[0],Bool[1],[0.22757855599999996],[0.4],Bool[1],[0.984644344272978],[0.0],[4.48264292939369e6],[20],[1.0],[4.822742543490872e6],[0.040587951144012833],[0.64],[0.22200180000000003],[1.1452484561986671e-10],[0.327614987911115]
"String3[""L2""]","String3[""L2""]","String3[""L1""]","String3[""L1""]","String3[""L1""]","String3[""L1""]","String7[""C1_3""]","String7[""D1_3""]","String7[""F1_3""]","String3[""L2""]","String3[""L3""]","String3[""L2""]","String3[""L1""]","String3[""L3""]","[""L0""]","[""L0""]","[""L0""]",[0.0],[4.835040721791684e6],Bool[0],Bool[0],[0],[0.007573878202750515],[2.4130472586917073e8],[-1.0],[20],[1],[4.842144905902874e6],[0.010407517283194851],[0.23911372399999997],[0.09046548733374163],[0.9893741920575516],[4.840768950218402e6],[1.0],[7],[19],[0.9989239256002177],[0.9988166697304445],[1.1452581715028158e-10],[2.4389632133757347e8],[0.64],[0],Bool[0],[0],[4.842144905902874e6],[0.2291572],[2.4130472586917073e8],[7],[1.1452308617101301e-10],Bool[0],[0.94],[0.0],Bool[0],[0],[1.0],[0.94],[1.1452537006633577e-10],[0.9989234453083654],[0],[1.1452459014244068e-10],[1.1452461872704717e-10],Bool[0],[0.005925341507875404],[0.1653732639092547],Bool[0],[0.0],Bool[1],[4.840768950218402e6],[0.0],[-0.038276652456335596],[4.835559922675811e6],[0.0],[4.668935381590054e6],[1.1452451212333342e-10],[0.0],Bool[1],[0.4],[18],Bool[0],[0.998815367654577],[1.0],[1.145248638451521e-10],Bool[0],Bool[1],[0],[4.5529243067809865e6],[2.4389632133757347e8],[-0.0353391915030394],[-1.0],[0.0],Bool[0],[1.1452446067261774e-10],[4.676804661637135e6],[4.836850037371567e6],[1],[1.1452543428988694e-10],Bool[1],Bool[1],[0.239113724],[0.4],Bool[1],[0.9893741920575516],[0.0],[4.5529243067809865e6],[20],[1.0],[4.836850037371567e6],[-0.011069374539958727],[0.66],[0.2291572],[1.145231974808135e-10],[0.1653732639092547]
"String3[""L2""]","String3[""L2""]","String3[""L1""]","String3[""L1""]","String3[""L1""]","String3[""L1""]","String7[""C1_3""]","String7[""D1_3""]","String7[""F1_2""]","String3[""L2""]","String3[""L3""]","String3[""L2""]","String3[""L1""]","String3[""L3""]","[""L0""]","[""L0""]","[""L0""]",[0.0],[4.825607677233192e6],Bool[0],Bool[0],[0],[-0.006910501555920703],[2.418385779016117e8],[0.0],[20],[1],[4.830910833156055e6],[0.011089156505343405],[0.40950818400000005],[-0.0033423649285425493],[0.9896204061462159],[4.831626084215239e6],[1.0],[7],[0],[0.9988443364663012],[0.9987543723630211],[1.1452465841524254e-10],[2.443750921056494e8],[0.68],[0],Bool[0],[0],[4.830910833156055e6],[0.41571199999999997],[2.418385779016117e8],[7],[1.1452420995620258e-10],Bool[0],[0.96],[0.0],Bool[0],[0],[1.0],[0.96],[1.1452421684849947e-10],[0.9988404239979127],[0],[1.1452409122665812e-10],[1.145235905985708e-10],Bool[0],[-0.011645839666872932],[0.09125836614798669],Bool[0],[0.548],Bool[1],[4.831626084215239e6],[0.548],[0.03196593531040934],[4.826042350141243e6],[0.565],[4.561532680373897e6],[1.1452350540556041e-10],[0.0],Bool[1],[0.4],[0],Bool[0],[0.9987503803329983],[1.0],[1.1452344490941262e-10],Bool[0],Bool[1],[0],[4.561532680373897e6],[2.443750921056494e8],[-0.014321714669612842],[0.0],[0.0],Bool[0],[1.1452386724886495e-10],[4.561532680373897e6],[4.828757936998515e6],[1],[1.1452404229413396e-10],Bool[1],Bool[1],[0.409508184],[0.4],Bool[1],[0.9896204061462159],[0.565],[4.561532680373897e6],[20],[1.0],[4.828494648446379e6],[-0.03372222125961134],[0.68],[0.4157119999999999],[1.1452542747896717e-10],[0.062032325379595424]
"String3[""L2""]","String3[""L2""]","String3[""L1""]","String3[""L1""]","String3[""L1""]","String3[""L1""]","String7[""C1_3""]","String7[""D1_3""]","String7[""F1_2""]","String3[""L2""]","String3[""L3""]","String3[""L2""]","String3[""L3""]","String3[""L2""]","[""L0""]","[""L0""]","[""L0""]",[0.0],[4.809065334719904e6],Bool[0],Bool[0],[0],[0.10201443753026104],[2.4487195311644024e8],[0.0],[12],[2],[4.817119768947449e6],[0.08676737273030505],[0.4490931760000001],[-0.035496573170661114],[0.9984255323598012],[4.81495377430964e6],[1.0],[1],[0],[0.9987749259611168],[0.9987770516881899],[1.1452554760791905e-10],[2.4525810406478673e8],[0.66],[0],Bool[0],[0],[4.817119768947449e6],[0.3898082],[2.4487195311644024e8],[1],[1.1452570126662594e-10],Bool[0],[0.94],[0.0],Bool[0],[0],[1.0],[0.94],[1.1452422211263354e-10],[0.9987741498162367],[0],[1.1452434318967307e-10],[1.1452266447157637e-10],Bool[0],[0.015132483621580362],[0.20324962527886736],Bool[0],[0.658],Bool[0],[4.81495377430964e6],[0.658],[-0.015853135361651713],[4.809055099442311e6],[0.49200000000000005],[4.463010449485917e6],[1.1452387218612708e-10],[0.0],Bool[1],[0.38],[0],Bool[0],[0.9987763134517017],[1.0],[1.1452294829907205e-10],Bool[0],Bool[0],[0],[4.463010449485917e6],[2.4525810406478673e8],[0.009430532093502558],[0.0],[0.0],Bool[0],[1.1452408220128944e-10],[4.463010449485917e6],[4.812547195714111e6],[2],[1.1452443710373506e-10],Bool[0],Bool[1],[0.449093176],[0.24],Bool[0],[0.9984255323598012],[0.49200000000000005],[4.463010449485917e6],[19],[1.0],[4.812547195714111e6],[-0.025487955624561062],[0.66],[0.38980819999999994],[1.1452444648837517e-10],[0.21750091994288206]
"String3[""L2""]","String3[""L2""]","String3[""L1""]","String3[""L1""]","String3[""L1""]","String3[""L1""]","String7[""C1_3""]","String7[""D1_3""]","String7[""F1_3""]","String3[""L2""]","String3[""L3""]","String3[""L2""]","String3[""L3""]","String3[""L2""]","[""L0""]","[""L0""]","[""L0""]",[0.0],[4.821940721734806e6],Bool[0],Bool[0],[2],[0.009237014984043708],[2.4373938509751672e8],[1.0],[5],[2],[4.825447506216086e6],[0.311251061300321],[0.229919216],[0.01303037682888106],[0.9954358745894787],[4.825499606676018e6],[1.0],[4],[19],[0.9992776822201267],[0.9992624836325158],[1.1452398652370186e-10],[2.447165159239161e8],[0.8],[1],Bool[0],[0],[4.825447506216086e6],[0.218915],[2.435995990552135e8],[5],[1.1452395044667055e-10],Bool[0],[0.98],[0.0],Bool[0],[0],[1.0],[0.9795918367346939],[1.1452545728452684e-10],[0.9992777288188597],[1],[1.1452529944684294e-10],[1.145232764742694e-10],Bool[0],[-0.0069514632303514495],[0.2183503413507751],Bool[0],[0.0],Bool[0],[4.825499606676018e6],[0.0],[-0.014425569302753183],[4.822014062513344e6],[0.0],[4.626426630730679e6],[1.1452348769749474e-10],[0.0],Bool[1],[0.32],[19],Bool[0],[0.9992624875342062],[1.0],[1.1452381165178413e-10],Bool[0],Bool[0],[0],[4.5199311689338535e6],[2.447165159239161e8],[-0.022498515750613027],[1.0],[0.0],Bool[0],[1.1452382123924897e-10],[4.563994256354942e6],[4.820099293604339e6],[2],[1.145236837684339e-10],Bool[0],Bool[1],[0.229919216],[0.1],Bool[0],[0.9960070908058237],[0.0],[4.5199311689338535e6],[16],[1.0],[4.820099293604339e6],[-0.000896902530618984],[0.78],[0.218915],[1.1452359227017006e-10],[0.19341290434715053]
"String3[""L2""]","String3[""L2""]","String3[""L1""]","String3[""L1""]","String3[""L1""]","String3[""L1""]","String7[""C1_3""]","String7[""D1_3""]","String7[""F1_3""]","String3[""L2""]","String3[""L3""]","String3[""L2""]","String3[""L1""]","String3[""L3""]","[""L0""]","[""L0""]","[""L0""]",[1.0],[4.82918384205049e6],Bool[0],Bool[0],[0],[-0.015811647320641047],[2.4152119985553673e8],[-1.0],[20],[1],[4.837731193534352e6],[0.005313680457084321],[0.22745601999999995],[-0.007632956100513833],[0.98838196524333],[4.83722584333672e6],[1.0],[13],[18],[0.9983520819238121],[0.9983374765730014],[1.1452329276319117e-10],[2.4450213104921663e8],[0.48],[0],Bool[0],[0],[4.837731193534352e6],[0.2248312],[2.4152119985553673e8],[13],[1.145254055290894e-10],Bool[0],[0.96],[0.0],Bool[0],[0],[0.9992829959182357],[0.96],[1.1452481745579977e-10],[0.9983501242791104],[0],[1.145233351267072e-10],[1.1452524593917623e-10],Bool[0],[-0.005405832446722648],[0.19197352734166237],Bool[0],[0.0],Bool[1],[4.83722584333672e6],[0.0],[-0.01673075234793448],[4.829254491430882e6],[0.0],[4.507804664183501e6],[1.1452588647863982e-10],[1.0],Bool[1],[0.4],[17],Bool[0],[0.9983355454718321],[1.0],[1.1452367015289154e-10],Bool[0],Bool[1],[0],[4.466530492379837e6],[2.443601849777546e8],[-0.007526430164000292],[-1.0],[0.0],Bool[0],[1.1452628360861453e-10],[4.544889651319753e6],[4.832522548165156e6],[1],[1.1452349052606321e-10],Bool[1],Bool[1],[0.22745601999999998],[0.4],Bool[1],[0.9878081586410392],[0.0],[4.466530492379837e6],[20],[0.9996474661001924],[4.832522548165156e6],[0.03568677414347626],[0.48],[0.2248312],[1.1452367756439683e-10],[0.19197352734166237]
"String3[""L2""]","String3[""L2""]","String3[""L1""]","String3[""L1""]","String3[""L1""]","String3[""L1""]","String7[""C1_3""]","String7[""D1_3""]","String7[""F1_2""]","String3[""L2""]","String3[""L3""]","String3[""L2""]","String3[""L1""]","String3[""L3""]","[""L0""]","[""L0""]","[""L0""]",[0.0],[4.844303945399677e6],Bool[0],Bool[1],[0],[0.013918362031103065],[2.395740549424606e8],[0.0],[12],[2],[4.85169112360082e6],[0.003818847993832702],[0.501237888],[0.05575493414974628],[1.0],[4.850126884314032e6],[1.0],[0],[0],[0.998936543383462],[0.9987994254473657],[1.1452434889221611e-10],[2.395740549424606e8],[0.72],[0],Bool[0],[0],[4.85169112360082e6],[0.4220868],[2.395740549424606e8],[0],[1.1452244768418112e-10],Bool[0],[0.98],[0.0],Bool[1],[0],[1.0],[0.98],[1.1452381880099819e-10],[0.9989354917197426],[0],[1.1452344030878109e-10],[1.1452402036951417e-10],Bool[0],[0.05175552492860586],[0.13976474376608716],Bool[1],[0.806],Bool[0],[4.850126884314032e6],[0.806],[0.005595875899775144],[4.84496898478786e6],[0.5820000000000001],[4.4779936392144635e6],[1.1452355500174607e-10],[0.0],Bool[1],[0.36],[0],Bool[1],[0.9987984077130627],[1.0],[1.1452419339745372e-10],Bool[0],Bool[1],[0],[4.4779936392144635e6],[2.395740549424606e8],[0.05566123386912353],[0.0],[0.0],Bool[0],[1.1452388094514121e-10],[4.4779936392144635e6],[4.849209087006202e6],[2],[1.1452337149286479e-10],Bool[1],Bool[1],[0.5012378880000001],[0.24],Bool[0],[1.0],[0.5820000000000001],[4.4779936392144635e6],[18],[1.0],[4.850285041602956e6],[-0.01633819524112195],[0.7],[0.4220868],[1.145232098375894e-10],[0.1388761448197638]
"String3[""L2""]","String3[""L2""]","String3[""L1""]","String3[""L1""]","String3[""L1""]","String3[""L1""]","String7[""C1_3""]","String7[""D1_3""]","String7[""F1_2""]","String3[""L2""]","String3[""L3""]","String3[""L2""]","String3[""L3""]","String3[""L2""]","[""L0""]","[""L0""]","[""L0""]",[0.0],[4.813514329462308e6],Bool[0],Bool[1],[0],[0.02160413967412545],[2.437224558344934e8],[0.0],[20],[1],[4.8173551571683325e6],[0.13463792609251274],[0.494069032],[-0.04857165876265279],[0.9964061773124203],[4.817391516434272e6],[1.0],[2],[0],[0.9992110683535366],[0.9991951688047906],[1.1452283887017558e-10],[2.4460151029159558e8],[0.78],[0],Bool[0],[0],[4.8173551571683325e6],[0.39980999999999994],[2.437224558344934e8],[2],[1.1452380441261204e-10],Bool[0],[0.98],[0.0],Bool[0],[0],[1.0],[0.98],[1.1452408975225905e-10],[0.9992079661521001],[0],[1.1452386072846562e-10],[1.1452511748170352e-10],Bool[0],[-0.04275467202531376],[0.13257099894019053],Bool[0],[0.786],Bool[1],[4.817391516434272e6],[0.786],[-0.018244404345471456],[4.813590923813553e6],[0.52],[4.499495446563522e6],[1.1452216496002683e-10],[0.0],Bool[1],[0.4],[0],Bool[1],[0.9991920370235512],[1.0],[1.1452516953001818e-10],Bool[0],Bool[0],[0],[4.499495446563522e6],[2.4460151029159558e8],[-0.018541773738220045],[0.0],[0.0],Bool[0],[1.1452331790086262e-10],[4.499495446563522e6],[4.8173551571683325e6],[1],[1.1452244211952959e-10],Bool[0],Bool[1],[0.4940690319999999],[0.4],Bool[1],[0.9964061773124203],[0.52],[4.499495446563522e6],[20],[1.0],[4.8173551571683325e6],[-0.03205616487188094],[0.76],[0.39980999999999994],[1.1452339470322164e-10],[0.14222021572195703]
"String3[""L2""]","String3[""L2""]","String3[""L1""]","String3[""L1""]","String3[""L1""]","String3[""L1""]","String7[""C1_3""]","String7[""D1_3""]","String7[""F1_2""]","String3[""L2""]","String3[""L3""]","String3[""L2""]","String3[""L1""]","String3[""L3""]","[""L0""]","[""L0""]","[""L0""]",[0.0],[4.861580522793075e6],Bool[0],Bool[0],[0],[0.011303465930647147],[2.4248243221999696e8],[0.0],[20],[1],[4.86784471814506e6],[0.013551567879769482],[0.42759128],[-0.026344532917393703],[0.9928852976826996],[4.8655338955334565e6],[1.0],[5],[0],[0.9989846210049119],[0.9991874740110206],[1.145240905055244e-10],[2.4421998471115246e8],[0.62],[0],Bool[0],[0],[4.86784471814506e6],[0.4162106],[2.4248243221999696e8],[5],[1.145242140649449e-10],Bool[0],[0.94],[0.0],Bool[0],[0],[1.0],[0.94],[1.1452460901018019e-10],[0.9989836230052247],[0],[1.1452362635065909e-10],[1.1452340566058207e-10],Bool[0],[-0.00243442221561367],[0.0787215662445813],Bool[0],[0.5980000000000001],Bool[1],[4.8655338955334565e6],[0.5980000000000001],[-0.023904714775425696],[4.860593534616043e6],[0.565],[4.552938406957934e6],[1.1452400801085463e-10],[0.0],Bool[1],[0.4],[0],Bool[0],[0.9991864365152323],[1.0],[1.1452251442353116e-10],Bool[0],Bool[1],[0],[4.552938406957934e6],[2.4421998471115246e8],[0.033316806127621564],[0.0],[0.0],Bool[0],[1.1452451866624168e-10],[4.552938406957934e6],[4.865355966977224e6],[1],[1.1452393257338677e-10],Bool[1],Bool[1],[0.42759128],[0.4],Bool[1],[0.9928852976826996],[0.565],[4.552938406957934e6],[20],[1.0],[4.863791162504181e6],[0.00017387188207657262],[0.66],[0.4162106],[1.1452363474180223e-10],[0.09649686519260613]
"String3[""L2""]","String3[""L2""]","String3[""L1""]","String3[""L1""]","String3[""L1""]","String3[""L1""]","String7[""C1_3""]","String7[""D1_3""]","String7[""F1_3""]","String3[""L2""]","String3[""L3""]","String3[""L2""]","String3[""L1""]","String3[""L3""]","[""L0""]","[""L0""]","[""L0""]",[0.5],[4.857906952053977e6],Bool[0],Bool[0],[0],[-0.014206105840869619],[2.4171737108607298e8],[1.0],[20],[1],[4.865630825400198e6],[0.020080904760493252],[0.23974187599999996],[0.008471238726854452],[0.9892564717755745],[4.863924058552826e6],[1.0],[13],[18],[0.998696343158665],[0.998762911092687],[1.1452336449809245e-10],[2.4448904300321272e8],[0.52],[0],Bool[0],[0],[4.865630825400198e6],[0.2292818],[2.4171737108607298e8],[13],[1.1452387840989396e-10],Bool[0],[0.94],[0.0],Bool[0],[0],[1.0],[0.94],[1.1452497696256005e-10],[0.9986976329049321],[0],[1.1452437722909843e-10],[1.1452331213912333e-10],Bool[0],[-0.024244199838300375],[0.07299015506217257],Bool[0],[0.0],Bool[1],[4.863924058552826e6],[0.0],[-0.018598629693275092],[4.857583170678159e6],[0.0],[4.485597952459136e6],[1.1452291116635868e-10],[0.5],Bool[1],[0.4],[17],Bool[0],[0.9987637736652273],[1.0],[1.1452412261634428e-10],Bool[0],Bool[1],[0],[4.432064785890231e6],[2.4434247132315922e8],[-0.021957715349504404],[0.5],[0.0],Bool[0],[1.1452297944357514e-10],[4.453307461146935e6],[4.861291312482977e6],[1],[1.1452392013439357e-10],Bool[1],Bool[1],[0.23974187599999996],[0.4],Bool[1],[0.9886634105025994],[0.0],[4.432064785890231e6],[20],[1.0],[4.860129469533026e6],[-0.005668572041086405],[0.54],[0.2292818],[1.1452426360093497e-10],[0.059209819591010376]
"String3[""L2""]","String3[""L2""]","String3[""L1""]","String3[""L1""]","String3[""L1""]","String3[""L1""]","String7[""C1_3""]","String7[""D1_3""]","String7[""F1_3""]","String3[""L2""]","String3[""L3""]","String3[""L2""]","String3[""L3""]","String3[""L2""]","[""L0""]","[""L0""]","[""L0""]",[1.0],[4.815272283940643e6],Bool[0],Bool[0],[0],[-0.013714143261955736],[2.4037007309355444e8],[-1.0],[20],[1],[4.823139642526934e6],[0.3610946725140985],[0.22200113999999999],[-0.04463694265628725],[0.9816748302831699],[4.820894129991117e6],[1.0],[15],[20],[0.9990145591458477],[0.9988338582223782],[1.1452262647089783e-10],[2.4485712139957613e8],[0.68],[0],Bool[0],[0],[4.823139642526934e6],[0.22131459999999997],[2.4037007309355444e8],[15],[1.1452331252141196e-10],Bool[0],[0.96],[0.0],Bool[0],[0],[1.0],[0.96],[1.1452506069588183e-10],[0.9990138818361401],[0],[1.1452506756642135e-10],[1.1452405251570718e-10],Bool[0],[-0.03884301160460767],[0.2858483909767554],Bool[0],[0.0],Bool[1],[4.820894129991117e6],[0.0],[-0.00112853897339013],[4.816143423961881e6],[0.0],[4.567818662257843e6],[1.145230047965489e-10],[1.0],Bool[1],[0.4],[20],Bool[0],[0.9988336901734098],[1.0],[1.1452418801039704e-10],Bool[0],Bool[0],[0],[4.655948216629162e6],[2.4485712139957613e8],[0.0150428948840048],[-1.0],[0.0],Bool[0],[1.145233571821504e-10],[4.567818662257843e6],[4.817377699613754e6],[1],[1.145226011497321e-10],Bool[0],Bool[1],[0.22200114000000004],[0.4],Bool[1],[0.9816748302831699],[0.0],[4.655948216629162e6],[20],[1.0],[4.817914925580915e6],[-0.04022334223023546],[0.68],[0.22131460000000003],[1.1452408196392907e-10],[0.279352434433638]
"String3[""L2""]","String3[""L2""]","String3[""L1""]","String3[""L1""]","String3[""L1""]","String3[""L1""]","String7[""C1_3""]","String7[""D1_3""]","String7[""F1_2""]","String3[""L2""]","String3[""L3""]","String3[""L2""]","String3[""L3""]","String3[""L2""]","[""L0""]","[""L0""]","[""L0""]",[-2.0],[4.8270712679638015e6],Bool[0],Bool[0],[0],[0.008683552401694092],[2.402300326140557e8],[0.0],[20],[1],[4.829917299641147e6],[0.43223690638936324],[0.320146204],[0.09875379273298208],[0.9787979518738151],[4.832364289166596e6],[1.0],[14],[0],[0.9992183743251828],[0.9989046725606634],[1.145240861986365e-10],[2.4543373037730438e8],[0.74],[0],Bool[0],[0],[4.829917299641147e6],[0.4070592],[2.402300326140557e8],[14],[1.145244967184852e-10],Bool[0],[0.92],[0.0],Bool[0],[0],[1.0],[0.92],[1.1452494840253731e-10],[0.9992163826396859],[0],[1.1452526027330238e-10],[1.1452491285823387e-10],Bool[0],[0.034177520200352196],[0.14117995393114421],Bool[0],[0.296],Bool[1],[4.832364289166596e6],[0.296],[-0.019401256957152023],[4.828587189168113e6],[0.5389999999999999],[4.530326789649056e6],[1.1452353331909539e-10],[-2.0],Bool[1],[0.4],[0],Bool[0],[0.9989036295087445],[1.0],[1.1452460538216617e-10],Bool[0],Bool[0],[0],[4.530326789649056e6],[2.4543373037730438e8],[-0.013211240747085793],[0.0],[0.0],Bool[0],[1.1452351483034797e-10],[4.530326789649056e6],[4.828105204510815e6],[1],[1.1452350964239463e-10],Bool[0],Bool[1],[0.320146204],[0.4],Bool[1],[0.9787979518738151],[0.5389999999999999],[4.530326789649056e6],[20],[1.0],[4.828105204510815e6],[0.0021939172221250277],[0.72],[0.4070592],[1.1452451229909608e-10],[0.14117995393114421]
"String3[""L2""]","String3[""L2""]","String3[""L1""]","String3[""L1""]","String3[""L1""]","String3[""L1""]","String7[""C1_3""]","String7[""D1_3""]","String7[""F1_2""]","String3[""L2""]","String3[""L3""]","String3[""L2""]","String3[""L2""]","String3[""L1""]","[""L0""]","[""L0""]","[""L0""]",[0.0],[4.808200436250424e6],Bool[0],Bool[0],[0],[-0.03713018923113642],[2.4173760952804378e8],[0.0],[20],[1],[4.813846991050864e6],[0.11014345493489469],[0.441105432],[0.1260125746459573],[0.9867039300291308],[4.811785181724453e6],[1.0],[8],[1],[0.9992299920169688],[0.9992550071670605],[1.1452591586336076e-10],[2.4499508127114367e8],[0.78],[0],Bool[0],[1],[4.813846991050864e6],[0.3768984],[2.4173760952804378e8],[8],[1.145235626516448e-10],Bool[0],[0.96],[0.0],Bool[0],[0],[1.0],[0.96],[1.1452293696657794e-10],[0.9992263523291618],[0],[1.1452333430166787e-10],[1.1452452996988069e-10],Bool[0],[0.026148184282191417],[0.21007710740582844],Bool[0],[0.6359999999999999],Bool[0],[4.811785181724453e6],[0.6359999999999999],[-0.014955869042002905],[4.808080068721894e6],[0.455],[4.542742741783579e6],[1.1452504706985024e-10],[0.0],Bool[1],[0.4],[1],Bool[0],[0.9992513999136523],[1.0],[1.1452425626577173e-10],Bool[0],Bool[0],[1],[4.542742741783579e6],[2.4499508127114367e8],[-0.010142618702289856],[0.0],[0.0],Bool[0],[1.145246498780974e-10],[4.542742741783579e6],[4.813553152408278e6],[1],[1.1452529395864326e-10],Bool[0],Bool[1],[0.441105432],[0.4],Bool[1],[0.9867039300291308],[0.455],[4.542742741783579e6],[20],[1.0],[4.813553152408278e6],[-0.005663298372078342],[0.78],[0.3768984],[1.1452387161266682e-10],[0.20457289912400417]
"String3[""L2""]","String3[""L2""]","String3[""L1""]","String3[""L1""]","String3[""L1""]","String3[""L1""]","String7[""C1_3""]","String7[""D1_3""]","String7[""F1_2""]","String3[""L2""]","String3[""L3""]","String3[""L2""]","String3[""L3""]","String3[""L2""]","[""L0""]","[""L0""]","[""L0""]",[0.0],[4.812848274410698e6],Bool[0],Bool[0],[0],[0.01720494867794076],[2.445716051524772e8],[0.0],[11],[2],[4.820655164645735e6],[0.08810543720879496],[0.436819656],[0.023760066856048773],[0.9969092720565602],[4.818578111855369e6],[0.98],[2],[1],[0.9986169371255234],[0.9988108862590451],[1.1452521686018279e-10],[2.4532985298445624e8],[0.72],[0],Bool[0],[0],[4.820655164645735e6],[0.39087740000000004],[2.445716051524772e8],[2],[1.1452422451838337e-10],Bool[0],[0.88],[0.0],Bool[0],[0],[1.0],[0.88],[1.1452427010080902e-10],[0.9986203608350672],[0],[1.1452359350400409e-10],[1.1452445870404295e-10],Bool[0],[-0.00890988121052417],[0.1854316524868395],Bool[0],[0.6240000000000001],Bool[0],[4.818578111855369e6],[0.6240000000000001],[-0.01341618654388032],[4.811913715361096e6],[0.494],[4.517548590523221e6],[1.1452286963317377e-10],[0.0],Bool[1],[0.4],[1],Bool[0],[0.9988109492624488],[0.98],[1.1452457279418996e-10],Bool[0],Bool[0],[0],[4.505005889257643e6],[2.4532985298445624e8],[-0.006662259330623307],[0.0],[0.0],Bool[0],[1.1452321778460524e-10],[4.517548590523221e6],[4.816722221234596e6],[2],[1.1452442692768446e-10],Bool[0],Bool[1],[0.43681965600000006],[0.22],Bool[1],[0.9969092720565602],[0.494],[4.505005889257643e6],[20],[1.0],[4.812584946970554e6],[-0.04072142370256483],[0.74],[0.3908774],[1.1452427903638849e-10],[0.1934260006927714]
"String3[""L2""]","String3[""L2""]","String3[""L1""]","String3[""L1""]","String3[""L1""]","String3[""L1""]","String7[""C1_3""]","String7[""D1_3""]","String7[""F1_3""]","String3[""L2""]","String3[""L3""]","String3[""L2""]","String3[""L2""]","String3[""L1""]","[""L0""]","[""L0""]","[""L0""]",[0.0],[4.816460386955023e6],Bool[0],Bool[0],[2],[-0.03230787350698535],[2.406100374768623e8],[1.0],[6],[2],[4.829709285243103e6],[0.015317148559702638],[0.242958692],[-0.003332504065730761],[0.9939267323201483],[4.82147924545714e6],[1.0],[4],[18],[0.9990104991379384],[0.9989590625103602],[1.1452320625322975e-10],[2.4208022084209555e8],[0.7],[0],Bool[0],[0],[4.829709285243103e6],[0.21531380000000003],[2.404009068525647e8],[5],[1.145234353374877e-10],Bool[0],[0.92],[0.0],Bool[0],[0],[1.0],[0.92],[1.1452450412734156e-10],[0.9990052007090362],[0],[1.1452381369035262e-10],[1.1452295663666472e-10],Bool[0],[-0.05273658200725035],[0.284299516425899],Bool[0],[0.0],Bool[0],[4.82147924545714e6],[0.0],[-0.015516265223058084],[4.816708387587348e6],[0.0],[4.492631462060377e6],[1.1452451907700408e-10],[0.0],Bool[1],[0.32],[17],Bool[0],[0.9989534239313688],[1.0],[1.1452309503658132e-10],Bool[0],Bool[0],[0],[4.55674270479055e6],[2.4186984717816252e8],[-0.005561603017027354],[0.5],[0.0],Bool[0],[1.145246505029608e-10],[4.484769651837507e6],[4.82513653995814e6],[2],[1.1452318744482317e-10],Bool[0],Bool[1],[0.24295869200000003],[0.12],Bool[0],[0.9939268753138151],[0.0],[4.55674270479055e6],[16],[1.0],[4.826148142621185e6],[-0.05899355944851983],[0.7],[0.2153138],[1.1452366927649947e-10],[0.284299516425899]
"String3[""L2""]","String3[""L2""]","String3[""L1""]","String3[""L1""]","String3[""L1""]","String3[""L1""]","String7[""C1_3""]","String7[""D1_3""]","String7[""F1_3""]","String3[""L2""]","String3[""L3""]","String3[""L2""]","String3[""L3""]","String3[""L2""]","[""L0""]","[""L0""]","[""L0""]",[0.0],[4.815596026590987e6],Bool[0],Bool[0],[0],[-0.030027259361452584],[2.4210995315768015e8],[-1.0],[20],[1],[4.819787978904194e6],[0.21754800257136517],[0.227782512],[0.005102824265370438],[0.9881535622997875],[4.82098122851245e6],[1.0],[13],[20],[0.9990405109956254],[0.9988829655901554],[1.1452496012252508e-10],[2.4501247821664837e8],[0.78],[0],Bool[0],[0],[4.819787978904194e6],[0.21747960000000002],[2.4210995315768015e8],[13],[1.1452588439761359e-10],Bool[0],[0.94],[0.0],Bool[0],[0],[1.0],[0.94],[1.1452470291026157e-10],[0.9990399884507312],[0],[1.1452383920925082e-10],[1.1452620350351433e-10],Bool[0],[-0.004496833474229791],[0.3462976621809625],Bool[0],[0.0],Bool[1],[4.82098122851245e6],[0.0],[0.033906286282980244],[4.816355550033396e6],[0.0],[4.673712828378061e6],[1.1452448325145698e-10],[0.0],Bool[1],[0.4],[20],Bool[0],[0.9988832317932734],[1.0],[1.1452595749584817e-10],Bool[0],Bool[0],[0],[4.548707194830596e6],[2.4501247821664837e8],[-0.016582339528951672],[-1.0],[0.0],Bool[0],[1.1452379913648794e-10],[4.591930904673211e6],[4.817169407620391e6],[1],[1.1452421750048115e-10],Bool[0],Bool[1],[0.227782512],[0.4],Bool[1],[0.9881535622997875],[0.0],[4.548707194830596e6],[20],[1.0],[4.81745579094667e6],[-0.0018969384236791125],[0.74],[0.21747960000000002],[1.1452494100518627e-10],[0.32246201455675366]
"String3[""L2""]","String3[""L2""]","String3[""L1""]","String3[""L1""]","String3[""L1""]","String3[""L1""]","String7[""C1_3""]","String7[""D1_3""]","String7[""F1_2""]","String3[""L2""]","String3[""L3""]","String3[""L2""]","String3[""L2""]","String3[""L1""]","[""L0""]","[""L0""]","[""L0""]",[0.0],[4.804310142267845e6],Bool[0],Bool[1],[0],[-0.008305292640226974],[2.4122399303884447e8],[0.0],[20],[1],[4.806170188171465e6],[0.4860820864107585],[0.394627312],[0.01095920010214881],[0.9858677871300054],[4.807055720014388e6],[1.0],[8],[2],[0.9996028691859038],[0.9994288442018444],[1.1452375588333082e-10],[2.4468188958793366e8],[0.84],[0],Bool[0],[0],[4.806170188171465e6],[0.39008680000000007],[2.4122399303884447e8],[8],[1.1452440730609436e-10],Bool[0],[0.96],[0.0],Bool[0],[0],[1.0],[0.96],[1.1452396922907502e-10],[0.9995995649625633],[0],[1.1452398679617208e-10],[1.1452497804932737e-10],Bool[0],[-0.005434154578671781],[0.21937249982620885],Bool[0],[0.505],Bool[1],[4.807055720014388e6],[0.505],[-3.123688338643865e-5],[4.805146690062893e6],[0.49200000000000005],[4.504691018301982e6],[1.1452343271272216e-10],[0.0],Bool[1],[0.4],[3],Bool[1],[0.9994269935608762],[1.0],[1.1452477218729063e-10],Bool[0],Bool[1],[0],[4.553767792734792e6],[2.4468188958793366e8],[-0.0170312442021358],[0.0],[0.0],Bool[0],[1.1452338851331311e-10],[4.470547653615966e6],[4.806156596739182e6],[1],[1.1452265378770489e-10],Bool[1],Bool[1],[0.394627312],[0.4],Bool[1],[0.9858677871300054],[0.49200000000000005],[4.553767792734792e6],[20],[1.0],[4.806156596739182e6],[0.002373227343674018],[0.8],[0.39008679999999996],[1.145243412301637e-10],[0.24322379340845746]
"String3[""L2""]","String3[""L2""]","String3[""L1""]","String3[""L1""]","String3[""L1""]","String3[""L1""]","String7[""C1_3""]","String7[""D1_3""]","String7[""F1_2""]","String3[""L2""]","String3[""L3""]","String3[""L2""]","String3[""L3""]","String3[""L3""]","[""L0""]","[""L0""]","[""L0""]",[0.0],[4.834131312387819e6],Bool[0],Bool[0],[0],[-0.016827944514445043],[2.4101615839873916e8],[0.0],[10],[2],[4.841840799807176e6],[0.5531923722050299],[0.37258108],[0.017658258519493188],[0.9893465823470564],[4.836712128400196e6],[1.0],[5],[0],[0.9994927284668848],[0.9994664110776362],[1.1452497785880717e-10],[2.4361148845818216e8],[0.8],[0],Bool[0],[0],[4.841840799807176e6],[0.412375],[2.4101619352658188e8],[5],[1.1452414263168778e-10],Bool[0],[0.96],[0.0],Bool[0],[0],[1.0],[0.96],[1.1452433591186947e-10],[0.9994909514546282],[0],[1.1452494451462935e-10],[1.1452329376830664e-10],Bool[0],[-0.027007954592354062],[0.09798924920622669],Bool[0],[0.44400000000000006],Bool[0],[4.836712128400196e6],[0.44400000000000006],[-0.044513956935264345],[4.834258602023586e6],[0.555],[4.498783351575185e6],[1.1452362163826088e-10],[0.0],Bool[1],[0.32],[0],Bool[0],[0.9994651317878029],[1.0],[1.14523865957772e-10],Bool[0],Bool[0],[0],[4.498783351575185e6],[2.4361148845818216e8],[-0.03411548786477642],[0.0],[0.0],Bool[0],[1.1452390820440846e-10],[4.498783351575185e6],[4.8388178822000325e6],[2],[1.1452504499075515e-10],Bool[0],Bool[1],[0.37258108],[0.2],Bool[1],[0.98934643815089],[0.555],[4.498783351575185e6],[16],[1.0],[4.840567024322218e6],[0.016599689925803567],[0.78],[0.412375],[1.145244368935983e-10],[0.13549602562437021]
"String3[""L2""]","String3[""L2""]","String3[""L1""]","String3[""L1""]","String3[""L1""]","String3[""L1""]","String7[""C1_3""]","String7[""D1_3""]","String7[""F1_2""]","String3[""L2""]","String3[""L3""]","String3[""L2""]","String3[""L2""]","String3[""L1""]","[""L0""]","[""L0""]","[""L0""]",[0.0],[4.786470993840876e6],Bool[0],Bool[0],[0],[0.016472029833558294],[2.4373072523557428e8],[0.0],[10],[2],[4.788798104364661e6],[0.006923730786216338],[0.4061241400000001],[-0.03151457890431563],[0.996420806665366],[4.792172504550179e6],[1.0],[2],[4],[0.9989193925405603],[0.9988102451020098],[1.1452522632470064e-10],[2.446062181812988e8],[0.66],[0],Bool[0],[0],[4.788798104364661e6],[0.35657399999999995],[2.4373072523557428e8],[2],[1.1452511068121022e-10],Bool[0],[0.98],[0.0],Bool[0],[0],[1.0],[0.98],[1.1452545332841174e-10],[0.9989139200377005],[0],[1.145249612677283e-10],[1.1452276975745625e-10],Bool[0],[0.009875343710866978],[0.2115631774387972],Bool[0],[0.538],Bool[0],[4.792172504550179e6],[0.538],[0.05598368005945419],[4.786994047194839e6],[0.398],[4.487742177834712e6],[1.1452508334073348e-10],[0.0],Bool[1],[0.36],[3],Bool[0],[0.9988053765940115],[1.0],[1.1452314138052775e-10],Bool[0],Bool[0],[0],[4.565682711867796e6],[2.446062181812988e8],[0.00886498293815717],[0.0],[0.0],Bool[0],[1.1452481700133815e-10],[4.496267470680842e6],[4.785781192763973e6],[2],[1.1452512447816408e-10],Bool[0],Bool[1],[0.40612413999999997],[0.2],Bool[0],[0.996420806665366],[0.398],[4.565682711867796e6],[18],[1.0],[4.785781192763973e6],[-0.02927788261258775],[0.64],[0.35657399999999995],[1.1452398654536386e-10],[0.21505780164411611]
"String3[""L2""]","String3[""L2""]","String3[""L1""]","String3[""L1""]","String3[""L1""]","String3[""L1""]","String7[""C1_3""]","String7[""D1_3""]","String7[""F1_3""]","String3[""L2""]","String3[""L3""]","String3[""L2""]","String3[""L2""]","String3[""L1""]","[""L0""]","[""L0""]","[""L0""]",[0.0],[4.83798580324034e6],Bool[0],Bool[0],[2],[-0.024548331440341117],[2.440291028947402e8],[-1.0],[5],[2],[4.845118106812658e6],[0.011540605183438175],[0.236339944],[0.07784279279622187],[0.9981633976798217],[4.84233689329203e6],[1.0],[2],[20],[0.9992141304364128],[0.9991014482991224],[1.1452544164297327e-10],[2.4432962525260156e8],[0.74],[0],Bool[0],[0],[4.845118106812658e6],[0.21621120000000002],[2.4388088889597434e8],[3],[1.1452310614371964e-10],Bool[0],[0.98],[0.0],Bool[0],[0],[1.0],[0.98],[1.1452460573051404e-10],[0.9992117293912574],[0],[1.1452368756912557e-10],[1.1452384859897286e-10],Bool[0],[0.002087178864982091],[0.24178350971065005],Bool[0],[0.0],Bool[0],[4.84233689329203e6],[0.0],[-0.01312921097276995],[4.838531448110957e6],[0.0],[4.589818826285895e6],[1.1452383479354513e-10],[0.0],Bool[1],[0.3],[20],Bool[0],[0.9990994780755235],[1.0],[1.1452339129759589e-10],Bool[0],Bool[0],[0],[4.440280795475688e6],[2.4432962525260156e8],[-0.006684595769174957],[-1.0],[0.0],Bool[0],[1.1452454911558499e-10],[4.576202291202243e6],[4.838666160859376e6],[2],[1.1452424613164611e-10],Bool[0],Bool[1],[0.23633994400000002],[0.1],Bool[0],[0.9987700126108299],[0.0],[4.440280795475688e6],[15],[1.0],[4.8396371184062995e6],[-0.028872726659410493],[0.72],[0.21621119999999996],[1.145230865074781e-10],[0.23555650185889587]
"String3[""L2""]","String3[""L2""]","String3[""L1""]","String3[""L1""]","String3[""L1""]","String3[""L1""]","String7[""C1_3""]","String7[""D1_3""]","String7[""F1_3""]","String3[""L2""]","String3[""L3""]","String3[""L2""]","String3[""L3""]","String3[""L3""]","[""L0""]","[""L0""]","[""L0""]",[0.0],[4.834731953777554e6],Bool[0],Bool[0],[0],[-0.04402032424524869],[2.4135910626071665e8],[-1.0],[20],[1],[4.844038867736213e6],[0.745929574879209],[0.22780424799999996],[-0.022956678620022403],[0.9844032184146407],[4.840371821003282e6],[1.0],[12],[20],[0.9988348276879773],[0.9988348276879773],[1.145262564606343e-10],[2.4518317468467855e8],[0.58],[0],Bool[0],[0],[4.844038867736213e6],[0.226432],[2.4135910626071665e8],[12],[1.145231529969014e-10],Bool[0],[1.0],[0.0],Bool[0],[0],[1.0],[1.0],[1.1452469751276727e-10],[0.9988343555933622],[0],[1.1452447377024854e-10],[1.1452525052698628e-10],Bool[0],[-0.034747038686458724],[0.2198250177936988],Bool[0],[0.0],Bool[1],[4.840371821003282e6],[0.0],[-0.0003223601936626296],[4.834731953777554e6],[0.0],[4.537214094316313e6],[1.1452406816642236e-10],[0.0],Bool[1],[0.4],[20],Bool[0],[0.9988343555933622],[1.0],[1.1452491055990773e-10],Bool[0],Bool[0],[0],[4.503796814270175e6],[2.4518317468467855e8],[0.005323605791411613],[-1.0],[0.0],Bool[0],[1.145242802062269e-10],[4.537214094316313e6],[4.837503669687554e6],[1],[1.1452494556623394e-10],Bool[0],Bool[1],[0.22780424799999996],[0.4],Bool[1],[0.9844032184146407],[0.0],[4.503796814270175e6],[20],[1.0],[4.837503669687554e6],[-0.01578157134842133],[0.58],[0.226432],[1.1452370321911978e-10],[0.2198250177936988]
"String3[""L2""]","String3[""L2""]","String3[""L1""]","String3[""L1""]","String3[""L1""]","String3[""L1""]","String7[""C1_3""]","String7[""D1_3""]","String7[""F1_2""]","String3[""L2""]","String3[""L3""]","String3[""L2""]","String3[""L3""]","String3[""L3""]","[""L0""]","[""L0""]","[""L0""]",[0.0],[4.828105194973904e6],Bool[0],Bool[0],[2],[-0.012984578319881661],[2.4394103773094136e8],[0.0],[4],[2],[4.831819131530391e6],[0.013665876334871497],[0.404866928],[-0.03473449382451125],[0.9981338846588064],[4.83288972970982e6],[1.0],[1],[1],[0.9990298563047167],[0.9990100053997707],[1.1452363269598146e-10],[2.4439711092898935e8],[0.74],[0],Bool[0],[0],[4.831819131530391e6],[0.40679339999999997],[2.4394103773094136e8],[1],[1.1452369293556898e-10],Bool[0],[0.94],[0.0],Bool[0],[0],[1.0],[0.94],[1.1452476520385464e-10],[0.9990277691520799],[0],[1.1452385029446597e-10],[1.14522839951259e-10],Bool[0],[-0.04621265255672897],[0.16520567840119785],Bool[0],[0.534],Bool[0],[4.83288972970982e6],[0.534],[-0.021236526095107344],[4.828201132208543e6],[0.541],[4.4827505006712135e6],[1.1452581218924696e-10],[0.0],Bool[1],[0.38],[0],Bool[0],[0.9990083513625463],[1.0],[1.1452328762552769e-10],Bool[0],Bool[0],[0],[4.4827505006712135e6],[2.4439711092898935e8],[-0.014527178303351061],[0.0],[0.0],Bool[0],[1.1452428486238324e-10],[4.514791750520362e6],[4.827120235535242e6],[2],[1.1452372041819173e-10],Bool[0],Bool[1],[0.40486692799999996],[0.08],Bool[0],[0.9981338846588064],[0.541],[4.4827505006712135e6],[19],[1.0],[4.826162112106897e6],[-0.01791210930277363],[0.72],[0.40679339999999997],[1.1452388594330529e-10],[0.1643465733625134]
"String3[""L2""]","String3[""L2""]","String3[""L1""]","String3[""L1""]","String3[""L1""]","String3[""L1""]","String7[""C1_3""]","String7[""D1_3""]","String7[""F1_2""]","String3[""L2""]","String3[""L3""]","String3[""L2""]","String3[""L2""]","String3[""L1""]","[""L0""]","[""L0""]","[""L0""]",[0.0],[4.795735071618409e6],Bool[0],Bool[0],[0],[-0.008247922439076783],[2.4409153626443642e8],[0.0],[13],[2],[4.794180036293183e6],[0.14743453478249424],[0.4661466480000001],[-0.017819235121920577],[0.9980342017153316],[4.798750649581785e6],[1.0],[0],[6],[0.9993837268514958],[0.9993715910278357],[1.145240659777828e-10],[2.4409153626443642e8],[0.76],[0],Bool[0],[0],[4.794180036293183e6],[0.36544219999999994],[2.4361170154114574e8],[1],[1.1452620933257662e-10],Bool[0],[0.98],[0.0],Bool[1],[0],[1.0],[0.98],[1.1452280877606662e-10],[0.9993819122299342],[0],[1.1452303334898962e-10],[1.1452360119560907e-10],Bool[0],[-0.0030124494181354372],[0.22127565454880027],Bool[0],[0.707],Bool[0],[4.798750649581785e6],[0.707],[-0.021424026662131473],[4.795793308410081e6],[0.42300000000000004],[4.588206828438979e6],[1.1452485692658502e-10],[0.0],Bool[1],[0.4],[6],Bool[0],[0.9993696974964515],[1.0],[1.1452286438693822e-10],Bool[0],Bool[0],[0],[4.5224674679770265e6],[2.4409153626443642e8],[0.04334460464448763],[0.0],[0.0],Bool[0],[1.1452463238637796e-10],[4.588206828438979e6],[4.789669339232542e6],[2],[1.1452351364520845e-10],Bool[0],Bool[1],[0.46614664800000005],[0.26],Bool[1],[1.0],[0.42300000000000004],[4.5224674679770265e6],[20],[1.0],[4.789669339232542e6],[-0.0025991609047064843],[0.74],[0.36544219999999994],[1.1452546007893028e-10],[0.2124422634411524]
"String3[""L2""]","String3[""L2""]","String3[""L1""]","String3[""L1""]","String3[""L1""]","String3[""L1""]","String7[""C1_3""]","String7[""D1_3""]","String7[""F1_3""]","String3[""L2""]","String3[""L3""]","String3[""L2""]","String3[""L2""]","String3[""L1""]","[""L0""]","[""L0""]","[""L0""]",[0.0],[4.811492775625609e6],Bool[0],Bool[1],[2],[0.07225327234525296],[2.4310303964051184e8],[1.0],[5],[2],[4.815760007991936e6],[0.007690756009652103],[0.24152666399999997],[0.019596933849842187],[0.9985509243222344],[4.814030475925668e6],[1.0],[1],[20],[0.9995203239632764],[0.9994728532956428],[1.1452276024046466e-10],[2.4327926343046826e8],[0.88],[0],Bool[0],[0],[4.815760007991936e6],[0.21215960000000003],[2.4292673336692643e8],[2],[1.1452413115411191e-10],Bool[0],[0.98],[0.0],Bool[0],[0],[1.0],[0.98],[1.1452485759377259e-10],[0.9995198910210448],[0],[1.145243922239792e-10],[1.1452558338529872e-10],Bool[0],[0.04848558787424458],[0.28276878846152737],Bool[0],[0.0],Bool[0],[4.814030475925668e6],[0.0],[0.006215699069353557],[4.81172130086631e6],[0.0],[4.6350976473420635e6],[1.145234176407033e-10],[0.0],Bool[1],[0.3],[20],Bool[1],[0.9994726613421208],[1.0],[1.145242091318991e-10],Bool[0],Bool[0],[0],[4.569916103682571e6],[2.4327926343046826e8],[-0.005896998949439636],[1.0],[0.0],Bool[0],[1.1452332551263497e-10],[4.669817160247812e6],[4.814497400494561e6],[2],[1.1452302086663029e-10],Bool[0],Bool[1],[0.241526664],[0.1],Bool[0],[0.9992756316856953],[0.0],[4.569916103682571e6],[15],[1.0],[4.814497400494561e6],[0.02035697496305594],[0.86],[0.2121596],[1.1452344136946015e-10],[0.2866024907916887]
"String3[""L2""]","String3[""L2""]","String3[""L1""]","String3[""L1""]","String3[""L1""]","String3[""L1""]","String7[""C1_3""]","String7[""D1_3""]","String7[""F1_3""]","String3[""L2""]","String3[""L3""]","String3[""L2""]","String3[""L3""]","String3[""L3""]","[""L0""]","[""L0""]","[""L0""]",[0.0],[4.842536152816761e6],Bool[0],Bool[0],[2],[0.099944834209898],[2.4349271563558206e8],[1.0],[4],[2],[4.84909928536558e6],[0.06180251930257094],[0.23587236],[0.06731105304243068],[0.9993835412408837],[4.851434084670195e6],[1.0],[3],[20],[0.9984587881634214],[0.9981659171910529],[1.1452327856790832e-10],[2.4438295592064932e8],[0.62],[0],Bool[0],[0],[4.84909928536558e6],[0.22512259999999998],[2.442323039068933e8],[1],[1.1452479004487984e-10],Bool[0],[0.96],[0.0],Bool[0],[0],[1.0],[0.96],[1.1452293540565837e-10],[0.9984602403476669],[0],[1.1452374575811095e-10],[1.1452283782364749e-10],Bool[0],[0.06388401499829646],[0.21740668788241083],Bool[0],[0.0],Bool[0],[4.851434084670195e6],[0.0],[0.006287010662188937],[4.843956997034521e6],[0.0],[4.528968698833754e6],[1.1452366351130768e-10],[0.0],Bool[1],[0.24],[19],Bool[0],[0.9981683390865916],[1.0],[1.1452314757523402e-10],Bool[0],Bool[0],[0],[4.546572971168204e6],[2.4438295592064932e8],[-0.021391704259299642],[1.0],[0.0],Bool[0],[1.1452442497675086e-10],[4.576776650573865e6],[4.842245666969301e6],[2],[1.1452365954706102e-10],Bool[0],Bool[1],[0.23587236],[0.08],Bool[0],[0.9963571915982704],[0.0],[4.546572971168204e6],[12],[1.0],[4.843033706531588e6],[-0.009843888146498905],[0.58],[0.2251226],[1.1452504122673385e-10],[0.21791408384039798]
"String3[""L2""]","String3[""L2""]","String3[""L1""]","String3[""L1""]","String3[""L1""]","String3[""L1""]","String7[""C1_3""]","String7[""D1_3""]","String7[""F1_2""]","String3[""L2""]","String3[""L3""]","String3[""L2""]","String3[""L3""]","String3[""L3""]","[""L0""]","[""L0""]","[""L0""]",[0.0],[4.820552709447683e6],Bool[0],Bool[0],[0],[0.03542200572168777],[2.4248272952608424e8],[0.0],[20],[1],[4.824482199290559e6],[0.3369227971732534],[0.41161896400000014],[-0.0020505009617110626],[0.9911388123101872],[4.824262654619187e6],[1.0],[5],[0],[0.9991229436901137],[0.9992309819267506],[1.1452475874286033e-10],[2.446506246293549e8],[0.72],[0],Bool[0],[0],[4.824482199290559e6],[0.4168674],[2.4248272952608424e8],[5],[1.1452253757790648e-10],Bool[0],[0.96],[0.0],Bool[0],[0],[1.0],[0.96],[1.1452541108632074e-10],[0.9991238644400658],[0],[1.1452479420595115e-10],[1.1452414252245973e-10],Bool[0],[0.03608499494303044],[0.12295077460512396],Bool[0],[0.553],Bool[1],[4.824262654619187e6],[0.553],[0.005964358095343014],[4.820031504617404e6],[0.5690000000000001],[4.594572540312107e6],[1.1452451589446485e-10],[0.0],Bool[1],[0.4],[0],Bool[0],[0.9992314659475316],[1.0],[1.1452545206964688e-10],Bool[0],Bool[0],[0],[4.594572540312107e6],[2.446506246293549e8],[-0.010966709955428337],[0.0],[0.0],Bool[0],[1.1452398573343317e-10],[4.594572540312107e6],[4.822089378637599e6],[1],[1.1452495688958236e-10],Bool[0],Bool[1],[0.41161896400000003],[0.4],Bool[1],[0.9911388123101872],[0.5690000000000001],[4.594572540312107e6],[20],[1.0],[4.821588788478965e6],[0.05425563007867131],[0.74],[0.4168674],[1.1452396926133872e-10],[0.10823609830366207]
"String3[""L2""]","String3[""L2""]","String3[""L1""]","String3[""L1""]","String3[""L1""]","String3[""L1""]","String7[""C1_3""]","String7[""D1_3""]","String7[""F1_3""]","String3[""L2""]","String3[""L3""]","String3[""L2""]","String3[""L2""]","String3[""L1""]","[""L0""]","[""L0""]","[""L0""]",[0.0],[4.819729843646305e6],Bool[0],Bool[0],[2],[-0.01786436759972949],[2.4170766337648258e8],[1.0],[8],[3],[4.824299456321027e6],[0.01329184832895711],[0.250880568],[0.05410607843852467],[1.0],[4.82256698866217e6],[1.0],[1],[20],[0.9994583476750547],[0.9994116940163743],[1.1452388645299557e-10],[2.4192336668150893e8],[0.78],[0],Bool[0],[0],[4.824299456321027e6],[0.2194332],[2.4192336668150893e8],[0],[1.145243395123692e-10],Bool[0],[0.96],[0.0],Bool[0],[0],[1.0],[0.96],[1.1452355897424744e-10],[0.9994563804719521],[0],[1.1452402788716978e-10],[1.1452322763508371e-10],Bool[0],[0.026463908962316075],[0.2746918878161494],Bool[1],[0.0],Bool[0],[4.82256698866217e6],[0.0],[0.010612384072861848],[4.819954834040557e6],[0.0],[4.623545472509529e6],[1.1452534747329068e-10],[0.0],Bool[1],[0.2],[20],Bool[0],[0.9994098718045238],[1.0],[1.1452301923324009e-10],Bool[0],Bool[0],[0],[4.459289553306474e6],[2.4192336668150893e8],[-0.002279808803197124],[1.0],[0.0],Bool[0],[1.1452545373141419e-10],[4.609176570928704e6],[4.822786334700811e6],[2],[1.1452412200726926e-10],Bool[0],Bool[1],[0.25088056799999997],[0.16],Bool[0],[0.999108381683071],[0.0],[4.459289553306474e6],[10],[1.0],[4.824299456321027e6],[0.013570095084864347],[0.78],[0.2194332],[1.1452469927099044e-10],[0.2711118463512799]
"String3[""L2""]","String3[""L2""]","String3[""L1""]","String3[""L1""]","String3[""L1""]","String3[""L1""]","String7[""C1_3""]","String7[""D1_3""]","String7[""F1_2""]","String3[""L2""]","String3[""L3""]","String3[""L2""]","String3[""L3""]","String3[""L3""]","[""L0""]","[""L0""]","[""L0""]",[0.0],[4.833870603153685e6],Bool[0],Bool[0],[0],[0.07874910538704505],[2.4286155242843077e8],[0.0],[20],[1],[4.839363122933472e6],[0.20047894062111793],[0.4419728],[0.02642995510152569],[0.9915715847037763],[4.838931450290623e6],[1.0],[5],[1],[0.9989376808360959],[0.9989541395266853],[1.145232972433165e-10],[2.449258895422902e8],[0.74],[0],Bool[0],[0],[4.839363122933472e6],[0.41093599999999997],[2.4286155242843077e8],[5],[1.1452338206712632e-10],Bool[0],[0.98],[0.0],Bool[0],[0],[1.0],[0.98],[1.1452280244563297e-10],[0.998935783101721],[0],[1.1452330582693934e-10],[1.145250444049243e-10],Bool[0],[0.07160753184710376],[0.17344988481979456],Bool[0],[0.6379999999999999],Bool[1],[4.838931450290623e6],[0.6379999999999999],[-0.04571200919089341],[4.833790960678161e6],[0.55],[4.550058419228638e6],[1.1452606466663248e-10],[0.0],Bool[1],[0.4],[1],Bool[0],[0.9989522568235271],[1.0],[1.1452528104047441e-10],Bool[0],Bool[0],[0],[4.5161662150557265e6],[2.449258895422902e8],[-0.014109433527326633],[0.0],[0.0],Bool[0],[1.1452509883456743e-10],[4.550058419228638e6],[4.835890315892391e6],[1],[1.1452342201698037e-10],Bool[0],Bool[1],[0.44197279999999994],[0.4],Bool[1],[0.9915715847037763],[0.55],[4.5161662150557265e6],[20],[1.0],[4.835680095101774e6],[0.10900569545366551],[0.76],[0.4109360000000001],[1.1452339284470108e-10],[0.18222464856325007]
"String3[""L2""]","String3[""L2""]","String3[""L1""]","String3[""L1""]","String3[""L1""]","String3[""L1""]","String7[""C1_3""]","String7[""D1_3""]","String7[""F1_3""]","String3[""L2""]","String3[""L3""]","String3[""L2""]","String3[""L3""]","String3[""L3""]","[""L0""]","[""L0""]","[""L0""]",[-1.0],[4.825141649281792e6],Bool[0],Bool[0],[0],[-0.01621192119950782],[2.4192229151526898e8],[1.0],[20],[1],[4.833478805780132e6],[0.43314778088909434],[0.22256668400000001],[0.09571981696119276],[0.9889242343108089],[4.832114946767169e6],[1.0],[16],[18],[0.9987533550704519],[0.9985568850157337],[1.145240967180478e-10],[2.4463177574353513e8],[0.58],[0],Bool[0],[0],[4.833478805780132e6],[0.22464040000000002],[2.4192229151526898e8],[16],[1.1452517368535617e-10],Bool[0],[0.92],[0.0],Bool[0],[0],[1.0],[0.92],[1.1452313602753851e-10],[0.9987554672985466],[0],[1.1452350195121581e-10],[1.1452551445316519e-10],Bool[0],[0.03639599848309871],[0.18949621619441376],Bool[0],[0.0],Bool[0],[4.832114946767169e6],[0.0],[-0.026162651871850056],[4.826091015169788e6],[0.0],[4.574658659451431e6],[1.1452358111823283e-10],[-1.0],Bool[1],[0.4],[18],Bool[0],[0.9985596712696886],[1.0],[1.145247040123299e-10],Bool[0],Bool[0],[0],[4.512927128859265e6],[2.4463177574353513e8],[0.01699854812345452],[1.0],[0.0],Bool[0],[1.1452343384107818e-10],[4.59821136888635e6],[4.824889565109849e6],[1],[1.1452453534904625e-10],Bool[0],Bool[1],[0.22256668400000001],[0.4],Bool[1],[0.9889242343108089],[0.0],[4.512927128859265e6],[20],[1.0],[4.826798176086711e6],[0.010341545303112787],[0.58],[0.22464039999999996],[1.1452446769532667e-10],[0.19866236672304094]
"String3[""L2""]","String3[""L2""]","String3[""L1""]","String3[""L1""]","String3[""L1""]","String3[""L1""]","String7[""C1_3""]","String7[""D1_3""]","String7[""F1_3""]","String3[""L2""]","String3[""L3""]","String3[""L2""]","String3[""L2""]","String3[""L2""]","[""L0""]","[""L0""]","[""L0""]",[0.0],[4.820622547212967e6],Bool[0],Bool[0],[0],[0.00025353860601629843],[2.392402976369708e8],[1.0],[20],[1],[4.828839309005704e6],[0.015025183659443242],[0.23601330800000003],[0.0509073685306797],[0.9842042763588112],[4.8270089383006375e6],[1.0],[9],[20],[0.9988025259917356],[0.9986769464964117],[1.1452507511529995e-10],[2.430799208900724e8],[0.7],[0],Bool[0],[0],[4.828839309005704e6],[0.21963900000000003],[2.392402976369708e8],[9],[1.1452310979080611e-10],Bool[0],[0.96],[0.0],Bool[0],[0],[1.0],[0.96],[1.1452402920530987e-10],[0.9988006061958212],[0],[1.1452360636737798e-10],[1.1452318282986088e-10],Bool[0],[0.03582863133007111],[0.15664480886387522],Bool[0],[0.0],Bool[1],[4.8270089383006375e6],[0.0],[-0.0043696764491143415],[4.821228720559362e6],[0.0],[4.576636447057552e6],[1.145230707722676e-10],[0.0],Bool[1],[0.4],[19],Bool[0],[0.9986754603787085],[1.0],[1.1452419023837028e-10],Bool[0],Bool[1],[0],[4.446048120929541e6],[2.430799208900724e8],[-0.007161393546870292],[1.0],[0.0],Bool[0],[1.1452270223968602e-10],[4.54211531068e6],[4.82002926933605e6],[1],[1.1452450436133648e-10],Bool[1],Bool[1],[0.23601330799999998],[0.4],Bool[1],[0.9842042763588112],[0.0],[4.446048120929541e6],[20],[1.0],[4.8209850833909605e6],[0.03814655049025801],[0.7],[0.21963900000000003],[1.1452321040715332e-10],[0.1665633697545772]
"String3[""L2""]","String3[""L2""]","String3[""L1""]","String3[""L1""]","String3[""L1""]","String3[""L1""]","String7[""C1_3""]","String7[""D1_3""]","String7[""F1_3""]","String3[""L2""]","String3[""L3""]","String3[""L2""]","String3[""L3""]","String3[""L3""]","[""L0""]","[""L0""]","[""L0""]",[0.0],[4.86220547950201e6],Bool[0],Bool[0],[2],[0.0036336934876582756],[2.4437248598159644e8],[-0.5],[7],[2],[4.868139749228317e6],[0.18276309942898591],[0.24696734000000004],[-0.020754547035902335],[0.9983038245418011],[4.867220913035792e6],[1.0],[3],[19],[0.9988268649978371],[0.9989695488198719],[1.1452402394553494e-10],[2.4478768885189626e8],[0.58],[0],Bool[0],[0],[4.868139749228317e6],[0.2260416],[2.4437248598159644e8],[3],[1.1452415560622856e-10],Bool[0],[0.94],[0.0],Bool[0],[0],[1.0],[0.94],[1.1452396069793692e-10],[0.9988266876466857],[0],[1.1452398272532748e-10],[1.1452481242571436e-10],Bool[0],[-0.047136454357976046],[0.19415672984473137],Bool[0],[0.0],Bool[0],[4.867220913035792e6],[0.0],[-0.02517214864277116],[4.861511005819451e6],[0.0],[4.643773784287203e6],[1.145244837166798e-10],[0.0],Bool[1],[0.38],[19],Bool[0],[0.9989691565335357],[1.0],[1.1452443597500962e-10],Bool[0],Bool[0],[0],[4.550206710565844e6],[2.4478768885189626e8],[-0.03662347879276264],[1.0],[0.0],Bool[0],[1.1452451605690745e-10],[4.511020580710268e6],[4.864119424839765e6],[2],[1.1452409780472413e-10],Bool[0],Bool[1],[0.24696733999999998],[0.14],Bool[0],[0.9983038245418011],[0.0],[4.550206710565844e6],[19],[1.0],[4.862614195899015e6],[-0.024986839368017943],[0.58],[0.2260416],[1.145239809405513e-10],[0.17100185889048108]
"String3[""L2""]","String3[""L2""]","String3[""L1""]","String3[""L1""]","String3[""L1""]","String3[""L1""]","String7[""C1_3""]","String7[""D1_3""]","String7[""F1_3""]","String3[""L2""]","String3[""L3""]","String3[""L2""]","String3[""L2""]","String3[""L2""]","[""L0""]","[""L0""]","[""L0""]",[0.0],[4.800368742668946e6],Bool[0],Bool[0],[2],[-0.01607843837380553],[2.4309009378181142e8],[1.0],[5],[2],[4.812874696153542e6],[0.005420156455306444],[0.22312844799999995],[-0.012871294329408412],[0.9965303072797572],[4.808668479688536e6],[1.0],[3],[20],[0.9982553964075976],[0.9982740051524351],[1.1452497006637237e-10],[2.4359694335524797e8],[0.68],[0],Bool[0],[0],[4.812874696153542e6],[0.2161458],[2.427517368142149e8],[5],[1.145226660103452e-10],Bool[0],[0.98],[0.0],Bool[0],[0],[1.0],[0.98],[1.145239351984251e-10],[0.9982530374653059],[0],[1.1452489572016491e-10],[1.145231271590762e-10],Bool[0],[0.02612047180949711],[0.21064571701318782],Bool[0],[0.0],Bool[0],[4.808668479688536e6],[0.0],[0.0027183399448966186],[4.8002792593842e6],[0.0],[4.667104043999933e6],[1.1452610431795377e-10],[0.0],Bool[1],[0.28],[20],Bool[0],[0.9982717419748997],[1.0],[1.145237703717414e-10],Bool[0],Bool[0],[0],[4.542268251128791e6],[2.4359694335524797e8],[0.06699939526313517],[1.0],[0.0],Bool[0],[1.1452512150471919e-10],[4.667104043999933e6],[4.8059619096530285e6],[2],[1.1452458809213003e-10],Bool[0],Bool[1],[0.22312844799999998],[0.1],Bool[0],[0.9979193106183709],[0.0],[4.542268251128791e6],[14],[1.0],[4.8059619096530285e6],[0.01675138894849565],[0.7],[0.2161458],[1.1452341508565906e-10],[0.19948177384412843]
"String3[""L2""]","String3[""L2""]","String3[""L1""]","String3[""L1""]","String3[""L1""]","String3[""L1""]","String7[""C1_3""]","String7[""D1_3""]","String7[""F1_3""]","String3[""L2""]","String3[""L3""]","String3[""L2""]","String3[""L2""]","String3[""L2""]","[""L0""]","[""L0""]","[""L0""]",[1.0],[4.807173135535595e6],Bool[0],Bool[0],[0],[0.07243297085367348],[2.3927645948484856e8],[1.0],[20],[1],[4.814971301733734e6],[0.4159114305345633],[0.215586292],[-0.011163002533472874],[0.9774877131344085],[4.81195434171649e6],[1.0],[16],[20],[0.9989678458723545],[0.9990063899527382],[1.1452441927861243e-10],[2.4478717867213446e8],[0.64],[0],Bool[0],[0],[4.814971301733734e6],[0.21912260000000003],[2.3927645948484856e8],[16],[1.1452489208760324e-10],Bool[0],[0.96],[0.0],Bool[0],[0],[1.0],[0.96],[1.1452316290514615e-10],[0.9989696323308783],[0],[1.1452274570812536e-10],[1.1452445052024754e-10],Bool[0],[0.02669260166791631],[0.2543529114596489],Bool[0],[0.0],Bool[1],[4.81195434171649e6],[0.0],[0.0053173217357139445],[4.806987663180646e6],[0.0],[4.507268270970808e6],[1.1452408012342314e-10],[1.0],Bool[1],[0.4],[20],Bool[0],[0.9990080140135851],[1.0],[1.1452436957451586e-10],Bool[0],Bool[0],[0],[4.511712991931643e6],[2.4478717867213446e8],[-0.026660111239012973],[1.0],[0.0],Bool[0],[1.1452487330660042e-10],[4.507268270970808e6],[4.810165122974773e6],[1],[1.1452396759477209e-10],Bool[0],Bool[1],[0.215586292],[0.4],Bool[1],[0.9774877131344085],[0.0],[4.511712991931643e6],[20],[1.0],[4.810165122974773e6],[0.023240841770655718],[0.66],[0.21912260000000003],[1.1452378188530826e-10],[0.21734001833072528]
"String3[""L2""]","String3[""L2""]","String3[""L1""]","String3[""L1""]","String3[""L1""]","String3[""L1""]","String7[""C1_3""]","String7[""D1_3""]","String7[""F1_3""]","String3[""L2""]","String3[""L3""]","String3[""L2""]","String3[""L2""]","String3[""L2""]","[""L0""]","[""L0""]","[""L0""]",[0.0],[4.8047650549702905e6],Bool[0],Bool[0],[2],[-0.009918352791983054],[2.4149879883936784e8],[-1.0],[3],[2],[4.807187215470545e6],[0.005200958373223141],[0.24190691199999995],[-0.030491466167941312],[0.9950995093302247],[4.810751310040073e6],[1.0],[2],[18],[0.9987556506907167],[0.9987556506907167],[1.1452455216577434e-10],[2.4249133901567096e8],[0.62],[0],Bool[0],[0],[4.807187215470545e6],[0.22183219999999998],[2.4130301247132334e8],[6],[1.145243490839691e-10],Bool[0],[1.0],[0.0],Bool[0],[0],[1.0],[1.0],[1.1452527845046624e-10],[0.9987541767296199],[0],[1.1452585144083168e-10],[1.1452509110235989e-10],Bool[0],[-0.022808225013584583],[0.1718876667128855],Bool[0],[0.0],Bool[0],[4.810751310040073e6],[0.0],[-7.344859967563168e-5],[4.8047650549702905e6],[0.0],[4.546121379043844e6],[1.145241742883578e-10],[0.0],Bool[1],[0.24],[18],Bool[0],[0.9987541767296199],[1.0],[1.1452498234967921e-10],Bool[0],Bool[0],[0],[4.610811381187355e6],[2.4249133901567096e8],[-0.017874011324660228],[-1.0],[0.0],Bool[0],[1.1452433786454583e-10],[4.546121379043844e6],[4.807099731992799e6],[2],[1.1452451205120967e-10],Bool[0],Bool[1],[0.24190691199999997],[0.06],Bool[0],[0.9959069046328332],[0.0],[4.610811381187355e6],[12],[1.0],[4.807099731992799e6],[0.007714837245578148],[0.62],[0.22183220000000003],[1.1452476122377844e-10],[0.1718876667128855]
