X,Y,Z,E,A,B,C,D,F,G,H,I,J,K,L,M,N,prop_strict_med_pos,prop_qual_n_winning_parties,plur_util_winner_avg,prop_qual_min_govt_unstable,prop_qual_condorcet_winner,prop_strict_min_govt_size,spat_char_corr4,prop_strict_util_winner,major_qual_med_pos,prop_strict_unanimity,prop_qual_coalition_size,plur_util_max_med,prop_gallagher_index,tangian_adj_pop_parties,spat_char_corr5,prop_qual_util_eff,major_util_max_avg,major_cond_eff,prop_strict_nonzero_pos,major_qual_nonzero_pos,major_vse,plur_vse,spat_med_entropy1,prop_strict_util_max,major_util_max_elec_rate,major_cond_paradox,prop_qual_elec_failed,major_strict_nonzero_pos,major_util_max_med,tangian_raw_pop_body,prop_qual_util_winner,prop_qual_nonzero_pos,spat_med_entropy3,prop_strict_cond_paradox,plur_smith_eff,major_strict_med_pos,prop_strict_util_maxer_elected,prop_qual_min_govt_size,plur_util_eff_med,plur_cond_eff,spat_med_entropy2,major_util_eff_avg,plur_cond_paradox,spat_avg_entropy2,spat_med_entropy5,prop_strict_min_govt_unstable,spat_agg_dist_corr,plur_gallagher_index,prop_qual_n_parties_eff,prop_qual_util_maxer_elected,tangian_raw_uni_parties,prop_qual_single_party_win,plur_util_max_avg,tangian_adj_uni_parties,spat_char_corr2,major_util_winner_avg,tangian_adj_uni_body,plur_qual_social_util,spat_med_entropy4,prop_qual_med_pos,prop_strict_n_parties_eff,prop_strict_min_govt_elected,major_n_parties_eff,prop_qual_unanimity_rate,prop_qual_winner_smith,plur_n_parties_eff,plur_qual_nonzero_pos,plur_util_eff_avg,major_smith_eff,spat_avg_entropy5,prop_strict_elec_failed,prop_strict_winner_smith,plur_strict_nonzero_pos,major_strict_social_util,major_n_winning_parties,prop_qual_util_max,spat_char_corr3,plur_qual_med_pos,plur_strict_med_pos,prop_qual_cond_paradox,spat_avg_entropy4,major_qual_social_util,plur_util_winner_med,prop_strict_coalition_size,spat_avg_entropy1,prop_strict_condorcet_winner,prop_qual_min_govt_elected,tangian_raw_pop_parties,prop_strict_unanimity_rate,prop_strict_n_parties,prop_strict_single_party_win,prop_strict_util_eff,tangian_raw_uni_body,plur_strict_social_util,prop_qual_unanimity,major_util_eff_med,major_util_winner_med,spat_char_corr1,plur_util_max_elec_rate,tangian_adj_pop_body,prop_strict_n_winning_parties,spat_avg_entropy3,major_gallagher_index,plur_n_winning_parties,prop_qual_n_parties,prop_true_gallagher_index,maj_true_gallagher_index,plur_true_gallagher_index
"String3[""L1""]","String3[""L2""]","String3[""L2""]","String3[""L1""]","String3[""L3""]","String3[""L1""]","String7[""C1_3""]","String7[""D1_3""]","String7[""F1_2""]","String3[""L1""]","String3[""L1""]","String3[""L1""]","[""L0""]","String3[""L1""]","String3[""L_2""]","String3[""M_1""]","String7[""N1_1""]",[0.0],[4],[3.69156175e6],Bool[0],Bool[0],[2],[-0.05345495982677851],[2.0723973239436615e8],[0.0],[7],[2],[3.77735e6],[0.013783150883787553],[0.37563500400000005],[-0.008978225101386584],[0.9676942963921731],[3.77787575e6],[0.96],[3],[0],[0.9924319903850729],[0.9771527689866455],[1.0986122882796394],[2.1781790140845063e8],[0.7],[0],Bool[0],[0],[3.77735e6],[0.37218019999999996],[2.1078114084507036e8],[2],[1.609437911839067],Bool[1],[0.68],[0.0],Bool[0],[0],[1.0],[0.68],[1.0986122883448517],[0.992130160219459],[0],[1.098612288207878],[0.6931471805387693],Bool[0],[0.016126417908564474],[0.22746315858178],[3.4153005464480874],Bool[0],[0.468],Bool[0],[3.77787575e6],[0.468],[0.029502720817419396],[3.74928475e6],[0.457],[3.360918367346939e6],[1.6094379118426199],[0.0],[3.4153005464480874],Bool[1],[3.101736972704715],[0.34],Bool[0],[3.2467532467532467],[11],[0.9777749149140411],[0.96],[0.6931471803638769],Bool[0],Bool[1],[2],[2.73065e6],[4],[2.1781790140845063e8],[-0.007007281976609205],[-2.0],[0.0],Bool[0],[1.6094379116501125],[2.73065e6],[3.66378125e6],[2],[1.0986122880361442],Bool[0],Bool[0],[0.37563500400000005],[0.14],[5],Bool[0],[0.951435722474213],[0.457],[2.872500000000001e6],[17],[1.0],[3.77735e6],[0.064603051980745],[0.64],[0.37218019999999996],[4],[1.6094379117033382],[0.19561239355419174],[4],[5],[0.2457090322149351],[0.19561239355419174],[0.22746315858178]
"String3[""L1""]","String3[""L2""]","String3[""L2""]","String3[""L1""]","String3[""L3""]","String3[""L1""]","String7[""C1_3""]","String7[""D1_2""]","String7[""F1_3""]","String3[""L1""]","String3[""L1""]","String3[""L1""]","[""L0""]","String3[""L1""]","String3[""L_3""]","String3[""M_1""]","String7[""N1_1""]",[1.5],[2],[3.7911807357859532e6],Bool[0],Bool[0],[0],[0.05743501982552567],[1.7114476190476188e8],[1.0],[20],[1],[3.9894682274247548e6],[0.007088000000000039],[0.17013168],[0.06624465351578546],[0.7851634737744699],[3.9277864882943165e6],[0.74],[19],[20],[0.9704457775565862],[0.9652206776219943],[1.098612288338349],[2.2098553174603188e8],[0.52],[0],Bool[0],[0],[3.9894682274247548e6],[0.19766579999999997],[1.7182661354581672e8],[19],[1.6094379117727646],Bool[0],[0.66],[0.0],Bool[0],[0],[0.9892525383654238],[0.66],[1.0986122882021772],[0.9708049474344711],[0],[1.0986122880247866],[0.6931471804125616],Bool[0],[0.048610237111711564],[0.41023645285127935],[1.9716088328075707],Bool[0],[0.0],Bool[1],[3.9277864882943165e6],[0.0],[0.0040291255967116624],[3.811703812709031e6],[0.0],[3.611456989247312e6],[1.609437911746543],[1.5],[1.9716088328075707],Bool[0],[2.323420074349442],[0.4],Bool[0],[2.208480565371025],[20],[0.9658240412692624],[0.74],[0.693147180094932],Bool[0],Bool[0],[0],[3.2947e6],[3],[2.1884183266932273e8],[-0.06239949147802168],[1.0],[0.0],Bool[0],[1.609437911627],[3.591584337349398e6],[3.760424749163877e6],[1],[1.0986122880324865],Bool[0],Bool[0],[0.17013168000000004],[0.4],[3],Bool[1],[0.7744613891802219],[0.0],[3.2947e6],[20],[1.0],[3.8073093645484913e6],[0.025044328256938413],[0.48],[0.19766579999999997],[2],[1.6094379116692972],[0.3702388786283796],[3],[3],[0.5962939101215105],[0.3702388786283796],[0.41023645285127935]
"String3[""L1""]","String3[""L2""]","String3[""L2""]","String3[""L1""]","String3[""L3""]","String3[""L1""]","String7[""C1_3""]","String7[""D1_3""]","String7[""F1_2""]","String3[""L1""]","String3[""L1""]","String3[""L1""]","[""L0""]","String3[""L2""]","String3[""L_2""]","String3[""M_1""]","String7[""N1_1""]",[-2.0],[2],[3.5623465e6],Bool[0],Bool[0],[0],[-0.043630511360747255],[1.785338961038961e8],[-2.0],[20],[1],[3.7474375e6],[0.00019300142811151666],[0.30127242],[0.003357584178108712],[0.8265383609455184],[3.784198e6],[0.62],[13],[17],[0.9613458386691183],[0.9413742357033115],[1.0986122882956582],[2.16001948051948e8],[0.46],[0],Bool[0],[8],[3.7474375e6],[0.34808039999999996],[1.785338961038961e8],[13],[1.6094379116562658],Bool[0],[0.4],[0.0],Bool[0],[0],[0.9589009832369755],[0.4],[1.098612287986836],[0.9629431923626197],[0],[1.0986122878883195],[0.6931471804833857],Bool[0],[-0.04370476329694756],[0.46345648237563797],[1.950078003120125],Bool[0],[0.22399999999999998],Bool[1],[3.784198e6],[0.22399999999999998],[-0.032053627512101245],[3.637923e6],[0.37200000000000005],[3.26625e6],[1.6094379118166673],[-2.0],[1.950078003120125],Bool[0],[1.4318442153493705],[0.4],Bool[0],[1.5964240102171137],[19],[0.9432158362207628],[0.62],[0.6931471802698823],Bool[0],Bool[0],[7],[3.372125e6],[3],[2.16001948051948e8],[0.0012432344508951252],[-2.0],[0.0],Bool[0],[1.6094379116261996],[3.253014285714286e6],[3.5540125e6],[1],[1.0986122880736233],Bool[0],Bool[0],[0.30127242],[0.4],[3],Bool[1],[0.8265383609455184],[0.37200000000000005],[3.2766578947368423e6],[20],[0.998590710235273],[3.64330625e6],[-0.021920419130492086],[0.36],[0.34808039999999996],[2],[1.609437911568179],[0.49466529194597836],[3],[3],[0.42667138532599064],[0.49466529194597836],[0.46345648237563797]
"String3[""L1""]","String3[""L2""]","String3[""L2""]","String3[""L1""]","String3[""L3""]","String3[""L1""]","String7[""C1_3""]","String7[""D1_2""]","String7[""F1_3""]","String3[""L1""]","String3[""L1""]","String3[""L1""]","[""L0""]","String3[""L2""]","String3[""L_3""]","String3[""M_1""]","String7[""N1_1""]",[-2.0],[2],[3.619270731707313e6],Bool[0],Bool[0],[0],[0.011969837066766211],[1.6524864338235295e8],[1.0],[20],[1],[3.98064808362367e6],[0.00039399593784572584],[0.182470372],[-0.023968375742832573],[0.7419307150728768],[3.973933310104519e6],[0.16],[19],[20],[0.9387132274165119],[0.9107527603708382],[1.0986122882896567],[2.2272786397058824e8],[0.22],[0],Bool[0],[0],[3.98064808362367e6],[0.19583040000000002],[1.6524864338235295e8],[19],[1.6094379117410802],Bool[0],[0.08],[0.0],Bool[0],[0],[0.9196887712902276],[0.08],[1.0986122881875695],[0.9397418687765284],[0],[1.0986122879089784],[0.6931471802938834],Bool[0],[0.023829241520046115],[0.46632190088821684],[1.9872813990461045],Bool[0],[0.0],Bool[1],[3.973933310104519e6],[0.0],[0.0020629625477630673],[3.7303837630661954e6],[0.0],[3.3056023166023167e6],[1.6094379118748046],[-2.0],[1.9872813990461045],Bool[0],[2.0226537216828477],[0.4],Bool[0],[2.0868113522537564],[20],[0.9116065717093917],[0.16],[0.6931471801688887],Bool[0],Bool[0],[0],[3.086728571428572e6],[3],[2.2272786397058824e8],[0.007436485636388908],[-2.0],[0.0],Bool[0],[1.6094379117383113],[3.6131939393939385e6],[3.6079703832752593e6],[1],[1.0986122881294842],Bool[0],Bool[0],[0.18247037200000005],[0.4],[3],Bool[1],[0.7419307150728768],[0.0],[3.086728571428572e6],[20],[0.9507059375328409],[3.7387822299651536e6],[0.05187027158079708],[0.12],[0.19583040000000002],[2],[1.6094379116776443],[0.42060845836478367],[3],[3],[0.4864763460313358],[0.42060845836478367],[0.46632190088821684]
"String3[""L1""]","String3[""L2""]","String3[""L2""]","String3[""L1""]","String3[""L3""]","String3[""L1""]","String7[""C1_3""]","String7[""D1_3""]","String7[""F1_2""]","String3[""L1""]","String3[""L1""]","String3[""L1""]","[""L0""]","String3[""L3""]","String3[""L_2""]","String3[""M_1""]","String7[""N1_1""]",[0.0],[5],[3.64451575e6],Bool[0],Bool[0],[2],[0.11341861442722125],[1.930333661971831e8],[0.0],[9],[2],[3.92474375e6],[0.015056629104816251],[0.358667692],[-0.018987050243577278],[0.887162792546273],[3.89990225e6],[0.66],[7],[1],[0.9725420040976668],[0.9345146407195206],[1.0986122881597167],[2.1758505633802807e8],[0.54],[0],Bool[0],[0],[3.92474375e6],[0.38370639999999995],[1.930333661971831e8],[7],[1.6094379118067539],Bool[1],[0.28],[0.0],Bool[0],[0],[0.952905124897402],[0.28],[1.098612288218864],[0.9732373406448447],[0],[1.098612287890405],[0.6931471805421942],Bool[0],[0.07179656321828465],[0.32520538150528816],[3.50140056022409],Bool[0],[0.41500000000000004],Bool[0],[3.89990225e6],[0.41500000000000004],[0.00689468533073277],[3.79281875e6],[0.493],[3.381441860465114e6],[1.6094379118501525],[0.0],[3.50140056022409],Bool[1],[1.8684603886397608],[0.4],Bool[0],[2.941176470588235],[9],[0.9355216543254131],[0.66],[0.6931471803731111],Bool[0],Bool[1],[1],[2.6994e6],[4],[2.1758505633802807e8],[0.006626362382990673],[0.0],[0.0],Bool[0],[1.609437911695135],[2.7921739130434776e6],[3.6251125e6],[2],[1.098612288046565],Bool[0],Bool[0],[0.3586676919999999],[0.18],[5],Bool[0],[0.887162792546273],[0.493],[2.7808695652173907e6],[20],[1.0],[3.8011625e6],[0.07331078729954134],[0.34],[0.38370639999999995],[5],[1.6094379116629265],[0.366305637630654],[4],[5],[0.2758712383703673],[0.366305637630654],[0.32520538150528816]
"String3[""L1""]","String3[""L2""]","String3[""L2""]","String3[""L1""]","String3[""L3""]","String3[""L1""]","String7[""C1_3""]","String7[""D1_2""]","String7[""F1_3""]","String3[""L1""]","String3[""L1""]","String3[""L1""]","[""L0""]","String3[""L3""]","String3[""L_3""]","String3[""M_1""]","String7[""N1_1""]",[-2.0],[2],[3.5655544250871046e6],Bool[0],Bool[0],[0],[-0.034194338322081706],[1.7494040157480317e8],[-1.0],[20],[1],[4.0403885017421474e6],[0.0071905791876952785],[0.18112991200000003],[-0.04927584671514802],[0.7882884891853791],[4.0058550522647975e6],[0.2],[16],[20],[0.9122572847201716],[0.8900857316520329],[1.0986122882122888],[2.2192433858267725e8],[0.12],[0],Bool[0],[0],[4.0403885017421474e6],[0.1881596],[1.7494040157480317e8],[16],[1.609437911886185],Bool[0],[0.12],[0.0],Bool[0],[0],[0.8834479758676614],[0.12],[1.098612288246572],[0.914040160656844],[0],[1.098612288135513],[0.6931471804666596],Bool[0],[-0.02214687057818435],[0.5781203515808797],[1.996805111821086],Bool[0],[0.0],Bool[1],[4.0058550522647975e6],[0.0],[-0.029953905973240456],[3.6543704529616656e6],[0.0],[3.34208679245283e6],[1.609437911742937],[-2.0],[1.996805111821086],Bool[0],[1.7313019390581716],[0.4],Bool[0],[1.9809825673534076],[20],[0.8918497080275373],[0.2],[0.6931471802742399],Bool[0],Bool[0],[0],[3.177602739726027e6],[3],[2.2192433858267725e8],[0.049909344204672856],[-2.0],[0.0],Bool[0],[1.6094379116196276],[3.44265350877193e6],[3.5404285714285774e6],[1],[1.0986122878881437],Bool[0],Bool[0],[0.181129912],[0.4],[3],Bool[1],[0.7882884891853791],[0.0],[3.177602739726027e6],[20],[0.9067812529389316],[3.636050522648081e6],[0.0056506665397164976],[0.06],[0.18815960000000004],[2],[1.6094379117107938],[0.5948746598334812],[3],[3],[0.5890833734812078],[0.5948746598334812],[0.5781203515808797]
"String3[""L1""]","String3[""L2""]","String3[""L2""]","String3[""L1""]","String3[""L3""]","String3[""L1""]","String7[""C1_3""]","String7[""D1_3""]","String7[""F1_2""]","String3[""L1""]","String3[""L1""]","String3[""L1""]","[""L0""]","String3[""L1""]","String3[""L_2""]","String3[""M_2""]","String7[""N1_1""]",[0.0],[2],[3.4632950649349797e6],Bool[0],Bool[0],[0],[0.0024231285617904953],[1.8084467741935486e8],[-2.0],[20],[1],[3.6443051948050708e6],[0.0035284155999402156],[0.37338701199999996],[-0.05056513028816382],[0.8545113616843109],[3.648564675324547e6],[0.76],[8],[17],[0.9760976278592145],[0.9492212344096416],[1.0986122882909668],[2.11635193548387e8],[0.54],[0],Bool[0],[7],[3.6443051948050708e6],[0.34275300000000003],[1.8084467741935486e8],[8],[1.6094379116506592],Bool[0],[0.6],[0.0],Bool[0],[0],[0.9813474005692473],[0.6],[1.0986122882403562],[0.9764032874678249],[0],[1.0986122879991733],[0.6931471804028317],Bool[0],[-0.03913820761908049],[0.4205428087222513],[1.950078003120125],Bool[0],[0.474],Bool[1],[3.648564675324547e6],[0.474],[-0.051578152019024055],[3.5613553246752154e6],[0.35700000000000004],[3.2069875e6],[1.6094379116128477],[0.0],[1.950078003120125],Bool[0],[1.7053206002728512],[0.4],Bool[0],[1.8436578171091442],[20],[0.9502990787574309],[0.76],[0.6931471801120616],Bool[0],Bool[0],[4],[3.261394736842105e6],[3],[2.11635193548387e8],[0.018737779682775037],[-2.0],[0.0],Bool[0],[1.6094379115085673],[3.2246142857142854e6],[3.440870129870033e6],[1],[1.098612288058379],Bool[0],Bool[0],[0.3733870119999999],[0.4],[3],Bool[1],[0.8545113616843109],[0.35700000000000004],[3.1183000000000005e6],[20],[1.0],[3.5087467532466413e6],[0.004779197870787009],[0.4],[0.34275300000000003],[2],[1.6094379115458997],[0.42527112994888333],[3],[3],[0.429209335835091],[0.42527112994888333],[0.4205428087222513]
"String3[""L1""]","String3[""L2""]","String3[""L2""]","String3[""L1""]","String3[""L3""]","String3[""L1""]","String7[""C1_3""]","String7[""D1_2""]","String7[""F1_3""]","String3[""L1""]","String3[""L1""]","String3[""L1""]","[""L0""]","String3[""L1""]","String3[""L_3""]","String3[""M_2""]","String7[""N1_1""]",[-1.5],[3],[3.7788405351170553e6],Bool[0],Bool[0],[0],[0.0018471719236935328],[1.8260305300353354e8],[0.0],[20],[1],[4.0079749163879687e6],[0.003736025695843108],[0.18152524400000003],[-0.006491112018059441],[0.8101104803051905],[3.9744533779264237e6],[0.66],[18],[20],[0.9777300437082462],[0.950782453784519],[1.098612288282372],[2.2540512367491165e8],[0.58],[0],Bool[0],[0],[4.0079749163879687e6],[0.20382820000000001],[1.8196008450704223e8],[18],[1.6094379116429645],Bool[0],[0.46],[0.0],Bool[0],[0],[0.9803068434741613],[0.46],[1.0986122883141114],[0.9779288709153069],[0],[1.0986122880660603],[0.6931471804440518],Bool[0],[-0.024895915874460127],[0.35773753929941426],[2.4366471734892783],Bool[0],[0.0],Bool[1],[3.9744533779264237e6],[0.0],[0.0045732827503182395],[3.885942474916389e6],[0.0],[3.5351865284974095e6],[1.6094379116662365],[-1.5],[2.4366471734892783],Bool[0],[4.019292604501608],[0.4],Bool[0],[3.132832080200501],[20],[0.9513356686023815],[0.66],[0.6931471801990241],Bool[0],Bool[0],[0],[3.285236111111111e6],[6],[2.246114436619718e8],[-0.03268098066097943],[-1.0],[0.0],Bool[0],[1.6094379115879882],[2.94828125e6],[3.756025083612037e6],[1],[1.098612287987694],Bool[0],Bool[0],[0.18152524400000003],[0.4],[6],Bool[1],[0.8101104803051905],[0.0],[3.285236111111111e6],[20],[1.0],[3.930396321070231e6],[-0.020752920743804845],[0.36],[0.20382820000000001],[3],[1.609437911616455],[0.2821492991733277],[6],[6],[0.4603017999356509],[0.2821492991733277],[0.35773753929941426]
"String3[""L1""]","String3[""L2""]","String3[""L2""]","String3[""L1""]","String3[""L3""]","String3[""L1""]","String7[""C1_3""]","String7[""D1_3""]","String7[""F1_2""]","String3[""L1""]","String3[""L1""]","String3[""L1""]","[""L0""]","String3[""L2""]","String3[""L_2""]","String3[""M_2""]","String7[""N1_1""]",[0.0],[4],[3.65455825e6],Bool[0],Bool[0],[2],[-0.014110223889800004],[2.135592597402597e8],[0.0],[3],[2],[3.85571875e6],[0.006826963014401077],[0.35863351200000004],[0.04419547300085502],[0.9699943507660502],[3.86617225e6],[0.7],[2],[0],[0.968587793779752],[0.9452652426440649],[1.0986122883735172],[2.2016546753246748e8],[0.66],[0],Bool[0],[0],[3.85571875e6],[0.37141180000000007],[2.135592597402597e8],[2],[1.6094379116584645],Bool[1],[0.44],[0.0],Bool[0],[0],[0.9802851240585464],[0.44],[1.0986122881676157],[0.9694133325636142],[0],[1.0986122880148412],[0.6931471803215834],Bool[0],[0.017826113071099086],[0.26778180096489007],[3.424657534246575],Bool[0],[0.41200000000000003],Bool[0],[3.86617225e6],[0.41200000000000003],[0.08199462028297745],[3.74472725e6],[0.455],[3.28914e6],[1.6094379117728284],[0.0],[3.424657534246575],Bool[1],[2.587991718426501],[0.34],Bool[0],[3.3333333333333335],[11],[0.945961792979525],[0.7],[0.6931471801292727],Bool[0],Bool[1],[0],[2.71865e6],[4],[2.2016546753246748e8],[0.04467082990864979],[2.0],[0.0],Bool[0],[1.6094379116264659],[2.71865e6],[3.6235625e6],[2],[1.0986122880298168],Bool[0],Bool[0],[0.35863351200000004],[0.06],[4],Bool[0],[0.9699943507660502],[0.455],[2.71865e6],[17],[1.0],[3.7613625e6],[-0.10125972518937115],[0.4],[0.37141180000000007],[4],[1.6094379115762774],[0.29293093542335197],[4],[4],[0.1806456557130561],[0.29293093542335197],[0.26778180096489007]
"String3[""L1""]","String3[""L2""]","String3[""L2""]","String3[""L1""]","String3[""L3""]","String3[""L1""]","String7[""C1_3""]","String7[""D1_3""]","String7[""F1_2""]","String3[""L1""]","String3[""L1""]","String3[""L1""]","[""L0""]","String3[""L3""]","String3[""L_2""]","String3[""M_2""]","String7[""N1_1""]",[0.0],[2],[3.69129825e6],Bool[0],Bool[1],[0],[-0.11757930883616848],[1.9624259677419353e8],[0.0],[20],[1],[3.8962125e6],[0.00894399999999998],[0.42498211999999996],[-0.02858347608691086],[1.0],[3.90234825e6],[0.56],[4],[4],[0.9690162199132278],[0.9459171794828921],[1.0986122883231688],[1.9624259677419353e8],[0.42],[0],Bool[0],[2],[3.8962125e6],[0.3801392],[1.9624259677419353e8],[4],[1.60943791188497],Bool[0],[0.42],[0.0],Bool[1],[0],[0.9771230539214419],[0.42],[1.0986122883252245],[0.9694679613830863],[0],[1.0986122880785132],[0.6931471803865485],Bool[0],[-0.12340963827674739],[0.005527999999999991],[1.7241379310344829],Bool[1],[0.6499999999999999],Bool[1],[3.90234825e6],[0.6499999999999999],[-0.06391758668267179],[3.78143875e6],[0.473],[3.4345434782608696e6],[1.6094379117362783],[0.0],[1.7241379310344829],Bool[0],[1.0831889081455806],[0.4],Bool[1],[1.3676148796498908],[10],[0.9473106466823857],[0.56],[0.6931471800732315],Bool[0],Bool[1],[1],[2.98028e6],[2],[1.9624259677419353e8],[-0.01448483685358427],[1.0],[0.0],Bool[0],[1.6094379116289672],[3.072032258064518e6],[3.71378125e6],[1],[1.0986122881009168],Bool[1],Bool[0],[0.42498212],[0.4],[2],Bool[1],[1.0],[0.473],[2.909045454545454e6],[20],[0.9877141545784855],[3.811925e6],[-0.06410586936550075],[0.36],[0.3801392],[2],[1.609437911711651],[0.114472],[2],[2],[0.145528],[0.114472],[0.005527999999999991]
"String3[""L1""]","String3[""L2""]","String3[""L2""]","String3[""L1""]","String3[""L3""]","String3[""L1""]","String7[""C1_3""]","String7[""D1_2""]","String7[""F1_3""]","String3[""L1""]","String3[""L1""]","String3[""L1""]","[""L0""]","String3[""L2""]","String3[""L_3""]","String3[""M_2""]","String7[""N1_1""]",[0.0],[3],[3.8238044210526254e6],Bool[0],Bool[0],[2],[-0.0003049836093101345],[2.1740280246913585e8],[1.0],[3],[2],[4.027689473684196e6],[0.0039226136388450265],[0.19807168400000003],[-0.023369539071540258],[0.9767660985178341],[4.026512912280691e6],[0.52],[1],[20],[0.9654150962787728],[0.9496565649622498],[1.0986122883366953],[2.2151574074074084e8],[0.46],[0],Bool[0],[0],[4.027689473684196e6],[0.209861],[2.1636906584362146e8],[2],[1.6094379118738515],Bool[1],[0.36],[0.0],Bool[0],[0],[0.9660464204159797],[0.36],[1.0986122881018048],[0.9658335054315157],[0],[1.0986122880059446],[0.6931471804379813],Bool[0],[-0.012596877023659775],[0.27750166846345264],[2.7964205816554806],Bool[0],[0.0],Bool[0],[4.026512912280691e6],[0.0],[-0.02702776155763022],[3.887256350877185e6],[0.0],[3.176485148514851e6],[1.6094379117643691],[0.0],[2.7964205816554806],Bool[1],[2.9761904761904767],[0.22],Bool[0],[3.858024691358025],[20],[0.9499265802397372],[0.52],[0.6931471802679511],Bool[0],Bool[1],[0],[3.1572428571428573e6],[5],[2.2151574074074084e8],[0.030264922767102565],[-1.0],[0.0],Bool[0],[1.609437911609832],[3.2931203703703703e6],[3.8630368421052587e6],[2],[1.0986122880947133],Bool[0],Bool[0],[0.198071684],[0.06],[5],Bool[0],[0.981432749393558],[0.0],[3.1572428571428573e6],[11],[0.9890564017375574],[3.913017543859641e6],[-0.00795187025195006],[0.38],[0.209861],[3],[1.6094379116263315],[0.30578197461590173],[5],[5],[0.4711643195319442],[0.30578197461590173],[0.27750166846345264]
"String3[""L1""]","String3[""L2""]","String3[""L2""]","String3[""L1""]","String3[""L3""]","String3[""L1""]","String7[""C1_3""]","String7[""D1_3""]","String7[""F1_2""]","String3[""L1""]","String3[""L1""]","String3[""L1""]","[""L0""]","String3[""L1""]","String3[""L_3""]","String3[""M_1""]","String7[""N1_1""]",[2.0],[3],[3.56658675e6],Bool[0],Bool[0],[0],[-0.061034589184968825],[1.840844875e8],[0.0],[12],[2],[3.8038875e6],[0.008721244249838861],[0.281086356],[0.14269596930331194],[0.8318144906409878],[3.76206075e6],[0.7],[12],[8],[0.9685274885579666],[0.9480407114637902],[1.0986122883286198],[2.213047375e8],[0.52],[0],Bool[0],[0],[3.8038875e6],[0.34580960000000005],[1.840844875e8],[12],[1.609437911746889],Bool[0],[0.46],[0.0],Bool[0],[0],[0.9831981732242933],[0.46],[1.0986122882741567],[0.9695198109744692],[0],[1.098612288028141],[0.6931471803157789],Bool[0],[0.057664419132190205],[0.30835385512102814],[2.5562372188139055],Bool[0],[0.166],Bool[1],[3.76206075e6],[0.166],[0.0012283737730071568],[3.64365925e6],[0.373],[3.2515362318840586e6],[1.6094379117797415],[2.0],[2.5562372188139055],Bool[0],[2.900232018561485],[0.36],Bool[0],[3.77643504531722],[17],[0.9494239957165331],[0.7],[0.6931471800324419],Bool[0],Bool[0],[3],[2.6985e6],[4],[2.213047375e8],[-0.04331732000307205],[2.0],[0.0],Bool[0],[1.6094379116807431],[2.898758620689655e6],[3.49071875e6],[2],[1.0986122881882932],Bool[0],Bool[0],[0.281086356],[0.24],[6],Bool[1],[0.8318144906409878],[0.373],[3.004428571428572e6],[18],[1.0],[3.636925e6],[0.039090755354127774],[0.44],[0.34580960000000005],[3],[1.6094379116042004],[0.32289196330661435],[6],[6],[0.449480166378896],[0.32289196330661435],[0.30835385512102814]
"String3[""L1""]","String3[""L2""]","String3[""L2""]","String3[""L1""]","String3[""L3""]","String3[""L1""]","String7[""C1_3""]","String7[""D1_2""]","String7[""F1_3""]","String3[""L1""]","String3[""L1""]","String3[""L1""]","[""L0""]","String3[""L3""]","String3[""L_3""]","String3[""M_2""]","String7[""N1_1""]",[0.0],[3],[3.8189230175438547e6],Bool[0],Bool[0],[2],[0.09676330099187419],[2.0626755701754385e8],[-1.0],[9],[2],[4.0842561403508596e6],[0.005728871442090481],[0.210431344],[0.01574896790545542],[0.9796124434719357],[4.0637781754385834e6],[0.34],[6],[19],[0.955470770187606],[0.9397469184281195],[1.0986122883178657],[2.1939595175438595e8],[0.36],[0],Bool[0],[0],[4.0842561403508596e6],[0.2109104],[2.1492300438596493e8],[4],[1.6094379116733037],Bool[1],[0.24],[0.0],Bool[0],[0],[0.9418464166030145],[0.24],[1.0986122882932043],[0.9553535117025699],[0],[1.098612288062262],[0.6931471803502727],Bool[0],[0.08695715422197972],[0.36375638667657784],[2.6824034334763946],Bool[0],[0.0],Bool[0],[4.0637781754385834e6],[0.0],[0.02265114133070937],[3.8828212631578874e6],[0.0],[3.643560693641619e6],[1.6094379115686976],[0.0],[2.6824034334763946],Bool[1],[2.7352297592997807],[0.24],Bool[0],[2.7964205816554806],[20],[0.9396414864233367],[0.34],[0.6931471801008507],Bool[0],Bool[1],[0],[3.1701917808219176e6],[5],[2.1939595175438595e8],[0.10705552947645644],[1.0],[0.0],Bool[0],[1.6094379115766493],[3.341745454545455e6],[3.814414035087723e6],[2],[1.0986122880045388],Bool[0],Bool[0],[0.21043134400000002],[0.18],[5],Bool[0],[0.940161180587601],[0.0],[3.1701917808219176e6],[12],[0.9722283883213207],[3.9089964912280617e6],[-0.006217752331487668],[0.28],[0.2109104],[3],[1.6094379116155795],[0.33480954115437034],[5],[5],[0.3711041751961301],[0.33480954115437034],[0.36375638667657784]
"String3[""L1""]","String3[""L2""]","String3[""L2""]","String3[""L1""]","String3[""L3""]","String3[""L1""]","String7[""C1_3""]","String7[""D1_3""]","String7[""F1_2""]","String3[""L1""]","String3[""L1""]","String3[""L1""]","[""L0""]","String3[""L2""]","String3[""L_3""]","String3[""M_1""]","String7[""N1_1""]",[-2.0],[2],[3.49760025e6],Bool[0],Bool[0],[0],[0.1054862824702074],[1.5871858441558442e8],[2.0],[20],[1],[3.8668125e6],[0.007126095658775644],[0.2545829],[0.02023178241563756],[0.7216831479295827],[3.85705525e6],[0.3],[19],[20],[0.9129768752988436],[0.9068058462476004],[1.0986122882519391],[2.1992835064935058e8],[0.24],[0],Bool[0],[12],[3.8668125e6],[0.3171588],[1.5871858441558442e8],[19],[1.609437911732717],Bool[0],[0.26],[2.0],Bool[0],[0],[0.9059593784085571],[0.26],[1.0986122882713247],[0.9152903000822247],[0],[1.0986122879558584],[0.6931471804882523],Bool[0],[0.022141073756879966],[0.3731577976995791],[2.0],Bool[0],[0.07500000000000001],Bool[0],[3.85705525e6],[0.07500000000000001],[-0.09262680120281257],[3.52140225e6],[0.28],[3.1426883116883123e6],[1.6094379118697004],[-2.0],[2.0],Bool[0],[2.204585537918871],[0.4],Bool[0],[2.94811320754717],[19],[0.9091364108150146],[0.3],[0.693147180138109],Bool[0],Bool[0],[3],[3.26111320754717e6],[5],[2.1992835064935058e8],[-0.009799733934724005],[2.0],[0.0],Bool[0],[1.6094379117113857],[3.1488875e6],[3.41919375e6],[1],[1.0986122880121456],Bool[0],Bool[0],[0.2545829],[0.4],[5],Bool[0],[0.7216831479295827],[0.28],[2.980464285714286e6],[20],[0.9114879206254436],[3.482675e6],[0.05971822982892892],[0.2],[0.31715879999999996],[2],[1.6094379116174165],[0.4332406513521094],[5],[5],[0.5040027995795262],[0.4332406513521094],[0.3731577976995791]
"String3[""L1""]","String3[""L2""]","String3[""L2""]","String3[""L1""]","String3[""L3""]","String3[""L1""]","String7[""C1_3""]","String7[""D1_2""]","String7[""F1_3""]","String3[""L1""]","String3[""L1""]","String3[""L1""]","[""L0""]","String3[""L1""]","String3[""L_1""]","String3[""M_1""]","String7[""N1_2""]",[0.0],[3],[3.9310436860068357e6],Bool[0],Bool[0],[0],[-0.11985050006701464],[2.106635018315018e8],[-1.0],[20],[1],[3.99369795221845e6],[0.009649952513452404],[0.20964651600000006],[-0.02487280166056903],[0.9462445642605998],[3.956979249146768e6],[0.96],[9],[18],[0.9953384649986219],[0.9934456155802373],[1.0986122882958962],[2.2446600732600725e8],[0.82],[0],Bool[0],[0],[3.99369795221845e6],[0.21308619999999998],[2.106635018315018e8],[9],[1.6094379117749125],Bool[0],[0.86],[0.0],Bool[0],[0],[1.0],[0.86],[1.0986122881549885],[0.9954401937108954],[0],[1.0986122879996254],[0.6931471804105583],Bool[0],[-0.056463509306197764],[0.3252097152054348],[2.515090543259557],Bool[0],[0.0],Bool[1],[3.956979249146768e6],[0.0],[0.013689925224521038],[3.9385336518771434e6],[0.0],[3.526574803149607e6],[1.6094379116506148],[0.0],[2.515090543259557],Bool[0],[2.7352297592997807],[0.4],Bool[0],[2.5050100200400798],[19],[0.9935631568341424],[0.96],[0.6931471802008027],Bool[0],Bool[1],[0],[3.228890410958904e6],[3],[2.2263113553113547e8],[-0.07332213514993785],[-1.0],[0.0],Bool[0],[1.6094379115402648],[3.5205488721804507e6],[3.962134812286707e6],[1],[1.098612288084276],Bool[1],Bool[0],[0.20964651600000006],[0.4],[3],Bool[1],[0.9385095959119587],[0.0],[3.228890410958904e6],[20],[1.0],[3.9747542662116243e6],[0.06087042849970456],[0.82],[0.2130862],[3],[1.6094379116432938],[0.2652892739331916],[3],[3],[0.005592751022529121],[0.2652892739331916],[0.3252097152054348]
"String3[""L1""]","String3[""L2""]","String3[""L2""]","String3[""L1""]","String3[""L3""]","String3[""L1""]","String7[""C1_3""]","String7[""D1_3""]","String7[""F1_2""]","String3[""L1""]","String3[""L1""]","String3[""L1""]","[""L0""]","String3[""L3""]","String3[""L_3""]","String3[""M_1""]","String7[""N1_1""]",[2.0],[2],[3.4359795e6],Bool[0],Bool[0],[0],[-0.10056124148275762],[1.6832705405405408e8],[2.0],[20],[1],[4.0515e6],[0.00560377483883831],[0.286324352],[0.030413495361747724],[0.7682854018025552],[3.993623e6],[0.08],[15],[20],[0.8648908522411856],[0.8603665143154474],[1.098612288191279],[2.1909443243243235e8],[0.08],[0],Bool[0],[20],[4.0515e6],[0.2982056],[1.6832705405405408e8],[15],[1.6094379115414392],Bool[0],[0.06],[2.0],Bool[0],[0],[0.8443057829740854],[0.06],[1.098612288310937],[0.8670266618171095],[0],[1.0986122881921818],[0.6931471804282882],Bool[0],[-0.05028504962419563],[0.45084476657936273],[1.9716088328075707],Bool[0],[0.18400000000000002],Bool[1],[3.993623e6],[0.18400000000000002],[0.005177228845136104],[3.454048e6],[0.221],[3.1383424657534244e6],[1.6094379117055349],[2.0],[1.9716088328075707],Bool[0],[1.5762925598991173],[0.4],Bool[0],[2.362948960302457],[19],[0.8624749890162672],[0.08],[0.6931471800849672],Bool[0],Bool[0],[7],[3.1739625e6],[3],[2.1909443243243235e8],[-0.01881942851349699],[2.0],[0.0],Bool[0],[1.6094379116715498],[3.1739625e6],[3.3705e6],[1],[1.0986122879716447],Bool[0],Bool[0],[0.28632435199999995],[0.4],[5],Bool[1],[0.7682854018025552],[0.221],[3.3514324324324327e6],[20],[0.8463703447511121],[3.4004875e6],[-0.045506130771932204],[0.08],[0.2982056],[2],[1.6094379114250252],[0.5493151040632326],[3],[5],[0.5281609258095491],[0.5493151040632326],[0.45084476657936273]
"String3[""L1""]","String3[""L2""]","String3[""L2""]","String3[""L1""]","String3[""L3""]","String3[""L1""]","String7[""C1_3""]","String7[""D1_2""]","String7[""F1_3""]","String3[""L1""]","String3[""L1""]","String3[""L1""]","[""L0""]","String3[""L2""]","String3[""L_1""]","String3[""M_1""]","String7[""N1_2""]",[0.0],[3],[3.933077770034833e6],Bool[0],Bool[0],[0],[-0.04237003981197624],[2.0828925631768954e8],[1.0],[20],[1],[4.004331010452942e6],[0.0046664532724834005],[0.207418984],[0.02427065973919948],[0.946303307271778],[3.994914982578389e6],[0.98],[10],[19],[0.9949193251420834],[0.9845210191422784],[1.098612288177912],[2.2184715523465705e8],[0.76],[0],Bool[0],[0],[4.004331010452942e6],[0.21908000000000005],[2.0828925631768954e8],[10],[1.6094379118123305],Bool[0],[0.78],[0.0],Bool[0],[0],[1.0],[0.78],[1.0986122882493468],[0.9947932681852529],[0],[1.0986122880641047],[0.6931471804262781],Bool[0],[-0.01607587616279536],[0.2317208701174756],[2.5933609958506225],Bool[0],[0.0],Bool[1],[3.994914982578389e6],[0.0],[0.025051420323726797],[3.9746181184668886e6],[0.0],[3.45500826446281e6],[1.6094379117452309],[0.0],[2.5933609958506225],Bool[0],[2.990430622009569],[0.4],Bool[0],[2.886836027713626],[20],[0.9846638304829298],[0.98],[0.6931471800464095],Bool[0],Bool[1],[0],[3.1791780821917807e6],[3],[2.2010834657039714e8],[-0.007713516889913143],[-1.0],[0.0],Bool[0],[1.6094379115791426],[3.139757575757576e6],[3.947663763066178e6],[1],[1.0986122879942335],Bool[1],Bool[0],[0.207418984],[0.4],[3],Bool[1],[0.9388863070945095],[0.0],[3.1791780821917807e6],[20],[1.0],[3.975017421602769e6],[-0.04618777527918558],[0.64],[0.21908000000000002],[3],[1.609437911702283],[0.1745212928212486],[3],[3],[0.0028145422363148134],[0.1745212928212486],[0.2317208701174756]
"String3[""L1""]","String3[""L2""]","String3[""L2""]","String3[""L1""]","String3[""L3""]","String3[""L1""]","String7[""C1_3""]","String7[""D1_3""]","String7[""F1_2""]","String3[""L1""]","String3[""L1""]","String3[""L1""]","[""L0""]","String3[""L1""]","String3[""L_3""]","String3[""M_2""]","String7[""N1_1""]",[2.0],[2],[3.54617325e6],Bool[0],Bool[0],[0],[0.09661927280585109],[1.5810954545454547e8],[-2.0],[20],[1],[3.68161875e6],[0.010543999999999998],[0.351881668],[-0.03500662475609388],[0.7183898940421621],[3.70552225e6],[0.7],[19],[16],[0.9754342319763428],[0.956996884852061],[1.098612288336846],[2.2008876623376617e8],[0.6],[0],Bool[0],[7],[3.68161875e6],[0.33927440000000003],[1.5810954545454547e8],[19],[1.6094379117215112],Bool[0],[0.46],[0.0],Bool[0],[0],[0.985858149345421],[0.46],[1.0986122881323506],[0.9761245621896412],[0],[1.0986122879227487],[0.6931471803297339],Bool[0],[0.04633497650121044],[0.41441500893669375],[1.9872813990461045],Bool[0],[0.3950000000000001],Bool[1],[3.70552225e6],[0.3950000000000001],[0.10128770378004814],[3.61449325e6],[0.35100000000000003],[3.1628961038961043e6],[1.6094379117895743],[2.0],[1.9872813990461045],Bool[0],[2.268602540834846],[0.4],Bool[0],[2.642706131078224],[19],[0.9581645232129696],[0.7],[0.6931471801751389],Bool[0],Bool[0],[0],[3.372621621621622e6],[3],[2.2008876623376617e8],[-0.06812436116019785],[2.0],[0.0],Bool[0],[1.609437911641703],[3.261166666666666e6],[3.481975e6],[1],[1.098612288169329],Bool[0],Bool[0],[0.351881668],[0.4],[3],Bool[1],[0.7183898940421621],[0.35100000000000003],[2.71985e6],[20],[1.0],[3.5517875e6],[-0.03033930721230376],[0.48],[0.33927440000000003],[2],[1.609437911652427],[0.4090256222194399],[3],[3],[0.3400969856261593],[0.4090256222194399],[0.41441500893669375]
"String3[""L1""]","String3[""L2""]","String3[""L2""]","String3[""L1""]","String3[""L3""]","String3[""L1""]","String7[""C1_3""]","String7[""D1_2""]","String7[""F1_3""]","String3[""L1""]","String3[""L1""]","String3[""L1""]","[""L0""]","String3[""L3""]","String3[""L_1""]","String3[""M_1""]","String7[""N1_2""]",[0.0],[3],[3.9579437671232875e6],Bool[0],Bool[0],[2],[-0.12658753683095855],[2.1498672469635627e8],[-1.0],[3],[2],[4.0292054794520475e6],[0.01019555670840121],[0.212177288],[0.0020502540665845313],[0.9587575488010613],[4.0047169178082193e6],[1.0],[2],[20],[0.9890822922906987],[0.988320485156656],[1.098612288195215],[2.1905612550607288e8],[0.64],[0],Bool[0],[0],[4.0292054794520475e6],[0.21464960000000002],[2.0904180161943322e8],[5],[1.60943791171142],Bool[1],[0.94],[0.0],Bool[0],[0],[1.0],[0.94],[1.098612288285381],[0.989084662625948],[0],[1.0986122879547942],[0.6931471803417804],Bool[0],[0.03038890287092937],[0.23295496041939093],[2.7292576419213974],Bool[0],[0.0],Bool[0],[4.0047169178082193e6],[0.0],[0.18859171668550495],[3.960994589041095e6],[0.0],[3.451804511278195e6],[1.6094379118499909],[0.0],[2.7292576419213974],Bool[1],[2.587991718426501],[0.34],Bool[0],[2.7114967462039044],[19],[0.9883624901111534],[1.0],[0.693147179985751],Bool[0],Bool[1],[0],[3.174027397260274e6],[3],[2.1803406072874492e8],[-0.007724949549383835],[-1.0],[0.0],Bool[0],[1.6094379116434567],[3.636571428571428e6],[3.9913955479452056e6],[2],[1.0986122878978728],Bool[0],Bool[0],[0.21217728800000002],[0.06],[3],Bool[0],[0.9814230220665352],[0.0],[3.174027397260274e6],[17],[1.0],[4.004450342465749e6],[-0.06386078855701688],[0.64],[0.21464960000000002],[3],[1.6094379116213968],[0.24868810503118158],[3],[3],[0.006537092931877293],[0.24868810503118158],[0.23295496041939093]
"String3[""L1""]","String3[""L2""]","String3[""L2""]","String3[""L1""]","String3[""L3""]","String3[""L1""]","String7[""C1_3""]","String7[""D1_3""]","String7[""F1_2""]","String3[""L1""]","String3[""L1""]","String3[""L1""]","[""L0""]","String3[""L2""]","String3[""L_3""]","String3[""M_2""]","String7[""N1_1""]",[0.0],[2],[3.6622e6],Bool[0],Bool[0],[0],[-0.055632801335278946],[1.8485897297297305e8],[0.0],[20],[1],[3.9248125e6],[0.0037439999999999973],[0.37733668],[-0.002626195624156325],[0.8444766442292941],[3.890598e6],[0.54],[10],[3],[0.9565257063310062],[0.9412948857733439],[1.0986122883523097],[2.1890359459459454e8],[0.42],[0],Bool[0],[0],[3.9248125e6],[0.36514299999999994],[1.8485897297297305e8],[10],[1.6094379117206183],Bool[0],[0.34],[0.0],Bool[0],[0],[0.9640973402699389],[0.34],[1.0986122882007971],[0.9560907961691152],[0],[1.0986122880578655],[0.6931471804112737],Bool[0],[-0.053560434886403455],[0.28107665138178944],[1.996805111821086],Bool[0],[0.476],Bool[1],[3.890598e6],[0.476],[-0.059278948381218596],[3.721457e6],[0.43400000000000005],[3.3129591836734703e6],[1.6094379117711937],[0.0],[1.996805111821086],Bool[0],[2.747252747252747],[0.4],Bool[0],[3.3783783783783785],[11],[0.9410051441856387],[0.54],[0.6931471801335101],Bool[0],Bool[0],[1],[2.68585e6],[4],[2.1890359459459454e8],[0.013071062236469895],[-2.0],[0.0],Bool[0],[1.609437911634886],[3.0051071428571427e6],[3.58925625e6],[1],[1.0986122881714069],Bool[0],Bool[0],[0.37733668],[0.4],[5],Bool[1],[0.8444766442292941],[0.43400000000000005],[2.763782608695652e6],[20],[0.9747241288024432],[3.7633125e6],[-0.02809853939100952],[0.38],[0.36514300000000005],[2],[1.6094379115010162],[0.31234699286530676],[4],[5],[0.38589708984650306],[0.31234699286530676],[0.28107665138178944]
"String3[""L1""]","String3[""L2""]","String3[""L2""]","String3[""L1""]","String3[""L3""]","String3[""L1""]","String7[""C1_3""]","String7[""D1_2""]","String7[""F1_3""]","String3[""L1""]","String3[""L1""]","String3[""L1""]","[""L0""]","String3[""L1""]","String3[""L_1""]","String3[""M_2""]","String7[""N1_2""]",[0.0],[5],[3.8940411929824497e6],Bool[0],Bool[0],[2],[0.043500331847114604],[2.1753179457364354e8],[-1.0],[2],[2],[3.9470877192982365e6],[0.011236357098491129],[0.22091556799999998],[0.007250411472111888],[0.9780653502431474],[3.9388619649122735e6],[1.0],[1],[20],[0.9919349400467138],[0.9886208828008975],[1.0986122882723626],[2.2139796511627918e8],[0.76],[0],Bool[0],[0],[3.9470877192982365e6],[0.21124699999999996],[2.1738425291828793e8],[5],[1.609437911816372],Bool[1],[0.92],[0.0],Bool[0],[0],[1.0],[0.92],[1.0986122882447793],[0.9917394920370711],[0],[1.098612288157956],[0.6931471804311413],Bool[0],[-0.0019056974573294146],[0.3043063128362604],[4.071661237785016],Bool[0],[0.0],Bool[0],[3.9388619649122735e6],[0.0],[0.012378235597851193],[3.9070948070175373e6],[0.0],[3.5332580645161285e6],[1.6094379117881985],[0.0],[4.071661237785016],Bool[1],[3.298153034300791],[0.32],Bool[0],[3.501400560224089],[20],[0.9884610937800774],[1.0],[0.6931471802380343],Bool[0],Bool[1],[0],[3.2629178082191776e6],[5],[2.222594357976654e8],[-0.028474649177774272],[-1.0],[0.0],Bool[0],[1.6094379116504751],[3.6113463687150837e6],[3.908352631578939e6],[2],[1.0986122881481561],Bool[0],Bool[0],[0.220915568],[0.04],[5],Bool[0],[0.9825374612607433],[0.0],[3.2629178082191776e6],[16],[1.0],[3.9287999999999953e6],[-0.04517872088487335],[0.68],[0.21124700000000002],[5],[1.609437911738499],[0.313490561312458],[5],[5],[0.013517841247773247],[0.313490561312458],[0.3043063128362604]
"String3[""L1""]","String3[""L2""]","String3[""L2""]","String3[""L1""]","String3[""L3""]","String3[""L1""]","String7[""C1_3""]","String7[""D1_3""]","String7[""F1_2""]","String3[""L1""]","String3[""L1""]","String3[""L1""]","[""L0""]","String3[""L3""]","String3[""L_3""]","String3[""M_2""]","String7[""N1_1""]",[-2.0],[2],[3.63166775e6],Bool[0],Bool[1],[0],[-0.061541201676691124],[1.752130625e8],[0.0],[20],[1],[3.9593375e6],[0.0016384870141189223],[0.27469264],[0.003072766702445361],[0.7905219001272377],[3.92263225e6],[0.42],[15],[6],[0.9448086167139426],[0.9258241707465695],[1.0986122882411993],[2.216422625e8],[0.3],[0],Bool[0],[0],[3.9593375e6],[0.360499],[1.752130625e8],[15],[1.6094379117685524],Bool[0],[0.32],[0.0],Bool[0],[0],[0.9351832050192396],[0.32],[1.0986122883974199],[0.9454996014598054],[0],[1.0986122880444575],[0.6931471804255722],Bool[0],[-0.047503434174787994],[0.32143316829474833],[1.923076923076923],Bool[0],[0.15],Bool[1],[3.92263225e6],[0.15],[0.0011233641523683978],[3.70613675e6],[0.418],[3.208479452054794e6],[1.6094379118172741],[-2.0],[1.923076923076923],Bool[0],[2.821670428893905],[0.4],Bool[1],[2.906976744186047],[18],[0.9269721007568044],[0.42],[0.6931471801767123],Bool[0],Bool[0],[6],[2.74105e6],[5],[2.216422625e8],[-0.08479177535415071],[-2.0],[0.0],Bool[0],[1.609437911599065],[3.1286e6],[3.55781875e6],[1],[1.0986122880391058],Bool[0],Bool[0],[0.27469264],[0.4],[5],Bool[1],[0.7905219001272377],[0.418],[3.274028571428572e6],[20],[0.960941622049875],[3.73028125e6],[0.0074131290438880035],[0.26],[0.36049899999999996],[2],[1.6094379117074262],[0.2821830641268182],[5],[5],[0.54781814654135],[0.2821830641268182],[0.32143316829474833]
"String3[""L1""]","String3[""L2""]","String3[""L2""]","String3[""L1""]","String3[""L3""]","String3[""L1""]","String7[""C1_3""]","String7[""D1_2""]","String7[""F1_3""]","String3[""L1""]","String3[""L1""]","String3[""L1""]","[""L0""]","String3[""L2""]","String3[""L_1""]","String3[""M_2""]","String7[""N1_2""]",[0.0],[3],[3.9605028859060435e6],Bool[0],Bool[0],[0],[-0.03826972926031293],[1.927937598425197e8],[1.0],[20],[1],[4.0336879194630813e6],[0.00525813375783113],[0.21250362399999997],[-0.019589751881193232],[0.8949088423920458],[4.0081248993288614e6],[0.96],[12],[20],[0.9956616644838243],[0.9881186303773138],[1.0986122882232143],[2.203527992125985e8],[0.78],[0],Bool[0],[0],[4.0336879194630813e6],[0.2150996],[1.9432386904761901e8],[12],[1.609437911755692],Bool[0],[0.8],[0.0],Bool[0],[0],[1.0],[0.8],[1.0986122882133884],[0.9955413167413613],[0],[1.098612288025818],[0.693147180475473],Bool[0],[-0.08654292723974691],[0.22977508909366132],[1.6733601070950468],Bool[0],[0.0],Bool[1],[4.0081248993288614e6],[0.0],[-0.06386091627018767],[3.990736308724835e6],[0.0],[3.0876907216494842e6],[1.6094379118577518],[0.0],[1.6733601070950468],Bool[0],[2.900232018561485],[0.4],Bool[0],[2.9274004683840746],[20],[0.9880772505422871],[0.96],[0.6931471802341546],Bool[0],Bool[1],[0],[3.151486486486486e6],[3],[2.1714375793650803e8],[-0.0523574805421523],[-1.0],[0.0],Bool[0],[1.609437911717386],[3.3477699115044246e6],[4.0190604026845614e6],[1],[1.0986122880283917],Bool[1],Bool[0],[0.212503624],[0.4],[3],Bool[1],[0.8749322020480004],[0.0],[3.151486486486486e6],[20],[1.0],[4.0299647651006775e6],[-0.02345124638329941],[0.66],[0.2150996],[3],[1.6094379116395299],[0.21644923554496556],[3],[3],[0.21508442892966476],[0.21644923554496556],[0.22977508909366132]
"String3[""L1""]","String3[""L2""]","String3[""L2""]","String3[""L1""]","String3[""L3""]","String3[""L1""]","String7[""C1_3""]","String7[""D1_3""]","String7[""F1_2""]","String3[""L1""]","String3[""L1""]","String3[""L1""]","[""L0""]","String3[""L1""]","String3[""L_1""]","String3[""M_1""]","String7[""N1_2""]",[0.0],[5],[3.69047725e6],Bool[0],Bool[0],[0],[-0.07055445564633855],[2.120217375e8],[0.0],[10],[2],[3.70448125e6],[0.011545759074078862],[0.38361014000000004],[0.10369975075345472],[0.9437310882041781],[3.72369275e6],[0.94],[3],[3],[0.9935786861040026],[0.9910799568519717],[1.0986122881765308],[2.213606875e8],[0.8],[0],Bool[0],[0],[3.70448125e6],[0.36016400000000004],[2.089049625e8],[4],[1.6094379117378654],Bool[0],[0.94],[0.0],Bool[0],[0],[1.0],[0.94],[1.0986122883932299],[0.993195964187064],[0],[1.098612288163481],[0.6931471805023766],Bool[0],[0.09743335904510268],[0.29607441597003953],[3.8226299694189594],Bool[0],[0.49400000000000005],Bool[0],[3.72369275e6],[0.49400000000000005],[-0.049985680637653414],[3.69978175e6],[0.418],[3.0741379310344825e6],[1.6094379117745934],[0.0],[3.8226299694189594],Bool[0],[3.846153846153846],[0.38],Bool[0],[3.858024691358025],[4],[0.9907212869006685],[0.94],[0.6931471802439744],Bool[0],Bool[0],[0],[2.697e6],[5],[2.213606875e8],[0.15473383562161477],[0.0],[0.0],Bool[0],[1.6094379116917923],[2.9959285714285714e6],[3.67983125e6],[2],[1.0986122880269091],Bool[0],Bool[0],[0.38361014],[0.2],[5],Bool[1],[0.957811162833509],[0.418],[2.697e6],[19],[1.0],[3.70448125e6],[0.081313175856224],[0.76],[0.36016400000000004],[5],[1.6094379115817075],[0.2930734716619708],[5],[5],[0.009489983772378127],[0.2930734716619708],[0.29607441597003953]
"String3[""L1""]","String3[""L2""]","String3[""L2""]","String3[""L1""]","String3[""L3""]","String3[""L1""]","String7[""C1_3""]","String7[""D1_3""]","String7[""F1_2""]","String3[""L1""]","String3[""L1""]","String3[""L1""]","[""L0""]","String3[""L2""]","String3[""L_1""]","String3[""M_1""]","String7[""N1_2""]",[0.0],[4],[3.79065e6],Bool[0],Bool[0],[0],[-0.09582715988012475],[2.1842391549295768e8],[0.0],[12],[2],[3.94089375e6],[0.00574794445187978],[0.430203404],[-0.03495221906756541],[0.9677306656174085],[3.887143e6],[0.86],[0],[1],[0.9868636168003081],[0.97517636989429],[1.0986122881317362],[2.1842391549295768e8],[0.7],[0],Bool[0],[0],[3.94089375e6],[0.3938522],[2.113755211267605e8],[2],[1.609437911667941],Bool[0],[0.64],[0.0],Bool[1],[0],[1.0],[0.64],[1.0986122882386842],[0.9868431540944167],[0],[1.0986122880787679],[0.6931471803423703],Bool[0],[-0.024183152797334802],[0.16322765270627398],[3.2467532467532467],Bool[0],[0.629],Bool[0],[3.887143e6],[0.629],[-0.007830207044512838],[3.83608e6],[0.518],[2.8587826086956523e6],[1.609437911833387],[0.0],[3.2467532467532467],Bool[0],[3.623188405797101],[0.4],Bool[0],[3.799392097264438],[1],[0.9758153753657036],[0.86],[0.6931471801135768],Bool[0],Bool[1],[0],[2.7878e6],[4],[2.1842391549295768e8],[-0.012241268588086886],[0.0],[0.0],Bool[0],[1.609437911668335],[2.8587826086956523e6],[3.8204125e6],[2],[1.0986122879376792],Bool[1],Bool[0],[0.43020340399999996],[0.24],[4],Bool[1],[1.0],[0.518],[2.7878e6],[20],[1.0],[3.88245e6],[0.08148572082766953],[0.58],[0.3938522],[4],[1.6094379116280049],[0.05452106572692795],[4],[4],[0.013777757727583995],[0.05452106572692795],[0.16322765270627398]
"String3[""L1""]","String3[""L2""]","String3[""L2""]","String3[""L1""]","String3[""L3""]","String3[""L1""]","String7[""C1_3""]","String7[""D1_2""]","String7[""F1_3""]","String3[""L1""]","String3[""L1""]","String3[""L1""]","[""L0""]","String3[""L3""]","String3[""L_1""]","String3[""M_2""]","String7[""N1_2""]",[0.0],[3],[3.9633186159169613e6],Bool[0],Bool[0],[0],[-0.01780512373882026],[1.9635628235294116e8],[-1.0],[20],[1],[4.0739359861591724e6],[0.00975930051469203],[0.20869282399999997],[-0.004594878038469525],[0.9182192505213789],[4.0670449826989663e6],[0.94],[12],[19],[0.9861204925062284],[0.974495888975103],[1.0986122883065343],[2.1488967843137255e8],[0.48],[0],Bool[0],[0],[4.0739359861591724e6],[0.2221602],[1.9635628235294116e8],[12],[1.6094379117150683],Bool[0],[0.78],[0.0],Bool[0],[0],[0.995428168591567],[0.78],[1.098612288223292],[0.9861697393539007],[0],[1.098612288088669],[0.6931471804000062],Bool[0],[0.0006690475991785315],[0.2141199507939417],[1.9349845201238385],Bool[0],[0.0],Bool[1],[4.0670449826989663e6],[0.0],[0.05204613294031612],[4.0105964013840896e6],[0.0],[3.4921617647058824e6],[1.6094379114220683],[0.0],[1.9349845201238385],Bool[0],[2.6652452025586357],[0.4],Bool[0],[2.834467120181406],[20],[0.9746550012459215],[0.94],[0.6931471801650037],Bool[0],Bool[1],[0],[3.211083333333333e6],[3],[2.1384465882352942e8],[0.03476424959572764],[1.0],[0.0],Bool[0],[1.609437911406589],[3.5719280575539568e6],[3.980745674740495e6],[1],[1.098612288059401],Bool[1],Bool[0],[0.208692824],[0.4],[3],Bool[1],[0.9137539028690471],[0.0],[3.211083333333333e6],[20],[0.9966212781220792],[4.0279688581315028e6],[-0.04652920358444158],[0.46],[0.2221602],[3],[1.6094379116211694],[0.18492785979402887],[3],[3],[0.2320987577045599],[0.18492785979402887],[0.2141199507939417]
"String3[""L1""]","String3[""L2""]","String3[""L2""]","String3[""L1""]","String3[""L3""]","String3[""L1""]","String7[""C1_3""]","String7[""D1_3""]","String7[""F1_2""]","String3[""L1""]","String3[""L1""]","String3[""L1""]","[""L0""]","String3[""L3""]","String3[""L_1""]","String3[""M_1""]","String7[""N1_2""]",[0.0],[5],[3.78817975e6],Bool[0],Bool[0],[0],[-0.10689503729909743],[2.168396493506493e8],[0.0],[11],[2],[3.86616875e6],[0.019787430708391222],[0.388778568],[0.07251564569406108],[1.0],[3.87656625e6],[0.96],[1],[0],[0.9886409783400452],[0.9771997963403825],[1.0986122882059615],[2.2010209090909088e8],[0.72],[0],Bool[0],[0],[3.86616875e6],[0.39335100000000006],[2.2010209090909088e8],[0],[1.6094379116892754],Bool[0],[0.8],[0.0],Bool[0],[0],[1.0],[0.8],[1.0986122883173186],[0.9888536411208969],[0],[1.0986122880492604],[0.6931471803641187],Bool[0],[0.007216304130256208],[0.27932393252279697],[3.799392097264437],Bool[1],[0.512],Bool[0],[3.87656625e6],[0.512],[0.00943523201362367],[3.83253225e6],[0.526],[2.7671304347826084e6],[1.6094379119111877],[0.0],[3.799392097264437],Bool[0],[3.315649867374005],[0.32],Bool[0],[3.511235955056179],[1],[0.9780722669543686],[0.96],[0.6931471801082543],Bool[0],Bool[0],[0],[2.6765e6],[4],[2.2010209090909088e8],[-0.01620259343756741],[0.0],[0.0],Bool[0],[1.609437911756475],[2.6765e6],[3.8009875e6],[2],[1.0986122880224956],Bool[0],Bool[0],[0.388778568],[0.22],[5],Bool[1],[0.9851775985181845],[0.526],[2.6765e6],[16],[1.0],[3.86145625e6],[0.020877492494364346],[0.66],[0.39335100000000006],[5],[1.6094379115420918],[0.2506537437980929],[5],[5],[0.02313653560929121],[0.2506537437980929],[0.27932393252279697]
"String3[""L1""]","String3[""L2""]","String3[""L2""]","String3[""L1""]","String3[""L3""]","String3[""L1""]","String7[""C1_3""]","String7[""D1_2""]","String7[""F1_3""]","String3[""L1""]","String3[""L1""]","String3[""L1""]","[""L0""]","String3[""L1""]","String3[""L_2""]","String3[""M_1""]","String7[""N1_2""]",[0.0],[5],[3.769008650519036e6],Bool[0],Bool[0],[3],[-0.0377211693552513],[2.156640423076923e8],[1.0],[4],[3],[3.9931384083044967e6],[0.01263910629751963],[0.17909271200000002],[-0.0005322814772488238],[0.9447957498424874],[3.971590795847756e6],[0.5],[4],[20],[0.9590190795746266],[0.9489921908519587],[1.0986122881570464],[2.2228388846153846e8],[0.52],[0],Bool[0],[0],[3.9931384083044967e6],[0.19950099999999998],[2.1001287307692307e8],[10],[1.6094379118066378],Bool[1],[0.42],[0.0],Bool[0],[0],[0.9739745682727321],[0.42],[1.0986122880373768],[0.9598098365427391],[0],[1.0986122878981752],[0.6931471803113369],Bool[0],[0.008622940743921666],[0.31463486087844744],[4.2517006802721085],Bool[0],[0.0],Bool[1],[3.971590795847756e6],[0.0],[0.01982522206705421],[3.8088313494809736e6],[0.0],[3.615647058823529e6],[1.6094379118320914],[0.5],[4.2517006802721085],Bool[1],[4.058441558441558],[0.26],Bool[0],[4.019292604501608],[20],[0.9495394670825683],[0.5],[0.6931471801405852],Bool[0],Bool[1],[0],[3.275222222222222e6],[6],[2.2228388846153846e8],[0.02852757396611018],[1.0],[0.0],Bool[0],[1.6094379116693733],[3.615647058823529e6],[3.8640778546712766e6],[3],[1.0986122879234872],Bool[0],Bool[0],[0.17909271200000004],[0.08],[6],Bool[0],[0.970218956489995],[0.0],[3.275222222222222e6],[13],[1.0],[3.8856539792387625e6],[0.002774319392364391],[0.42],[0.19950099999999998],[5],[1.609437911703547],[0.3115445003205802],[6],[6],[0.3060856998946537],[0.3115445003205802],[0.31463486087844744]
"String3[""L1""]","String3[""L2""]","String3[""L2""]","String3[""L1""]","String3[""L3""]","String3[""L1""]","String7[""C1_3""]","String7[""D1_3""]","String7[""F1_2""]","String3[""L1""]","String3[""L1""]","String3[""L1""]","[""L0""]","String3[""L1""]","String3[""L_1""]","String3[""M_2""]","String7[""N1_2""]",[0.0],[2],[3.6687595e6],Bool[0],Bool[0],[0],[-0.0638033744245541],[2.0703992207792202e8],[0.0],[20],[1],[3.619475e6],[0.015383172157257818],[0.43063952],[0.08889359865061496],[0.9550485843216759],[3.732358e6],[0.98],[4],[6],[0.9943808980810522],[0.9829602358616188],[1.0986122881708358],[2.1678470129870126e8],[0.8],[0],Bool[0],[0],[3.619475e6],[0.36343559999999997],[2.0703992207792202e8],[4],[1.6094379117405038],Bool[0],[0.72],[0.0],Bool[0],[0],[1.0],[0.72],[1.0986122884063043],[0.994103563710722],[0],[1.0986122881458145],[0.6931471805101266],Bool[0],[-0.012577429077274337],[0.2997293124670992],[1.4705882352941173],Bool[0],[0.6500000000000001],Bool[1],[3.732358e6],[0.6500000000000001],[-0.03323467682004922],[3.7113855e6],[0.428],[3.1578484848484844e6],[1.6094379118222568],[0.0],[1.4705882352941173],Bool[0],[2.8473804100227795],[0.4],Bool[0],[2.828054298642534],[5],[0.9826277126849703],[0.98],[0.6931471802593033],Bool[0],Bool[1],[0],[2.71165e6],[3],[2.1678470129870126e8],[0.019337832474030172],[0.0],[0.0],Bool[0],[1.6094379117602609],[3.269514285714286e6],[3.5477375e6],[1],[1.0986122881090596],Bool[1],Bool[0],[0.43063952],[0.4],[3],Bool[1],[0.9550485843216759],[0.428],[2.71165e6],[20],[1.0],[3.610825e6],[-0.03248842916518686],[0.64],[0.36343559999999997],[2],[1.6094379116123703],[0.2847628851377932],[3],[3],[0.21567730699357318],[0.2847628851377932],[0.2997293124670992]
"String3[""L1""]","String3[""L2""]","String3[""L2""]","String3[""L1""]","String3[""L3""]","String3[""L1""]","String7[""C1_3""]","String7[""D1_2""]","String7[""F1_3""]","String3[""L1""]","String3[""L1""]","String3[""L1""]","[""L0""]","String3[""L2""]","String3[""L_2""]","String3[""M_1""]","String7[""N1_2""]",[0.0],[4],[3.650836933797907e6],Bool[0],Bool[0],[2],[-0.016566772901049923],[2.0781565942028984e8],[1.0],[7],[2],[3.980397212543532e6],[0.008038598063235678],[0.18600390800000002],[0.09132046351422878],[0.9073051875974757],[3.9855301742160227e6],[0.06],[6],[20],[0.9228720382537822],[0.9160229064169733],[1.0986122882643103],[2.240850507246377e8],[0.12],[0],Bool[0],[0],[3.980397212543532e6],[0.18774480000000002],[2.0331352898550725e8],[11],[1.609437911777817],Bool[1],[0.06],[0.0],Bool[0],[0],[0.913035351546536],[0.06],[1.0986122883263505],[0.9230554925442302],[0],[1.0986122880967644],[0.693147180360392],Bool[0],[0.030703449133582025],[0.40148146210752994],[3.930817610062893],Bool[0],[0.0],Bool[1],[3.9855301742160227e6],[0.0],[0.004361581044420944],[3.678134355400692e6],[0.0],[3.293013888888889e6],[1.6094379115783957],[1.0],[3.930817610062893],Bool[1],[2.587991718426501],[0.38],Bool[0],[2.6881720430107525],[20],[0.9163924054820376],[0.06],[0.6931471800990121],Bool[0],Bool[1],[0],[3.200958904109589e6],[5],[2.240850507246377e8],[-0.009601106310940714],[1.0],[0.0],Bool[0],[1.609437911527017],[3.394302752293578e6],[3.57404703832752e6],[2],[1.0986122881114253],Bool[0],Bool[0],[0.18600390799999997],[0.14],[5],Bool[0],[0.9273963557509236],[0.0],[3.200958904109589e6],[19],[0.9267575379965494],[3.624716027874564e6],[-0.01170699800465891],[0.1],[0.18774480000000002],[4],[1.609437911640544],[0.4044993008844391],[5],[5],[0.30991896427292087],[0.4044993008844391],[0.40148146210752994]
"String3[""L1""]","String3[""L2""]","String3[""L2""]","String3[""L1""]","String3[""L3""]","String3[""L1""]","String7[""C1_3""]","String7[""D1_3""]","String7[""F1_2""]","String3[""L1""]","String3[""L1""]","String3[""L1""]","[""L0""]","String3[""L2""]","String3[""L_1""]","String3[""M_2""]","String7[""N1_2""]",[0.0],[5],[3.836587e6],Bool[0],Bool[0],[2],[0.022892731559883372],[2.169766493506493e8],[0.0],[9],[2],[3.91935e6],[0.011926506230332378],[0.37849194],[-0.022979031213198907],[0.9854754102961628],[3.8894485e6],[0.98],[1],[0],[0.9953007476509844],[0.986408998602244],[1.0986122882417706],[2.2026059740259734e8],[0.82],[0],Bool[0],[0],[3.91935e6],[0.402596],[2.1706140259740254e8],[1],[1.6094379117919657],Bool[1],[0.86],[0.0],Bool[0],[0],[1.0],[0.86],[1.0986122882687637],[0.9954200043661646],[0],[1.0986122881035643],[0.6931471805168663],Bool[0],[-0.035923838142948576],[0.33144174788339503],[3.799392097264437],Bool[0],[0.47700000000000004],Bool[0],[3.8894485e6],[0.47700000000000004],[0.03020039552416176],[3.871171e6],[0.5539999999999999],[2.7161e6],[1.6094379118637745],[0.0],[3.799392097264437],Bool[1],[2.8216704288939054],[0.34],Bool[0],[2.893518518518518],[0],[0.9863618640990114],[0.98],[0.6931471802606493],Bool[0],Bool[1],[0],[2.7161e6],[5],[2.2026059740259734e8],[-0.008153874452735804],[0.0],[0.0],Bool[0],[1.6094379116850763],[2.7161e6],[3.86091875e6],[2],[1.0986122878602802],Bool[0],Bool[0],[0.37849194],[0.18],[6],Bool[0],[0.9850906240577131],[0.5539999999999999],[2.7161e6],[17],[1.0],[3.8625125e6],[-0.07210866640985361],[0.76],[0.40259600000000006],[5],[1.6094379116331214],[0.3285376572632124],[5],[6],[0.12721301914505448],[0.3285376572632124],[0.33144174788339503]
"String3[""L1""]","String3[""L2""]","String3[""L2""]","String3[""L1""]","String3[""L3""]","String3[""L1""]","String7[""C1_3""]","String7[""D1_2""]","String7[""F1_3""]","String3[""L1""]","String3[""L1""]","String3[""L1""]","[""L0""]","String3[""L3""]","String3[""L_2""]","String3[""M_1""]","String7[""N1_2""]",[0.0],[4],[3.6564776712328778e6],Bool[0],Bool[0],[2],[0.026947591892287882],[1.9523306827309248e8],[1.0],[9],[2],[4.074402397260269e6],[0.00660341331744601],[0.19321245999999997],[-0.05659416893331513],[0.9819812295486977],[4.0599638356164396e6],[0.06],[8],[20],[0.9146601143893042],[0.9006182860931078],[1.0986122884094245],[2.2119102811244994e8],[0.06],[0],Bool[0],[0],[4.074402397260269e6],[0.18993399999999996],[2.1720543775100416e8],[4],[1.6094379118517348],Bool[1],[0.06],[0.0],Bool[0],[0],[0.8986330572647276],[0.06],[1.0986122882754827],[0.914708668214795],[0],[1.0986122881067104],[0.6931471804074619],Bool[0],[-0.0125382356619624],[0.41635780087804286],[3.9682539682539684],Bool[0],[0.0],Bool[0],[4.0599638356164396e6],[0.0],[0.0013619596386746733],[3.713486986301371e6],[0.0],[3.3655287958115176e6],[1.6094379118038293],[0.0],[3.9682539682539684],Bool[1],[2.9069767441860463],[0.2],Bool[0],[2.51004016064257],[20],[0.9008883881533452],[0.06],[0.6931471801299287],Bool[0],Bool[1],[0],[3.250547945205479e6],[4],[2.2119102811244994e8],[0.0098586217363738],[-1.0],[0.0],Bool[0],[1.6094379116808148],[3.2855967741935486e6],[3.590041095890412e6],[2],[1.0986122881414873],Bool[0],Bool[0],[0.19321245999999997],[0.18],[5],Bool[0],[0.882644607871885],[0.0],[3.250547945205479e6],[10],[0.9227860210484727],[3.7217842465753527e6],[0.005038900178207795],[0.04],[0.18993400000000002],[4],[1.6094379116937063],[0.3792547143438035],[4],[5],[0.293556363160467],[0.3792547143438035],[0.41635780087804286]
"String3[""L1""]","String3[""L2""]","String3[""L2""]","String3[""L1""]","String3[""L3""]","String3[""L1""]","String7[""C1_3""]","String7[""D1_3""]","String7[""F1_2""]","String3[""L1""]","String3[""L1""]","String3[""L1""]","[""L0""]","String3[""L3""]","String3[""L_1""]","String3[""M_2""]","String7[""N1_2""]",[0.0],[5],[3.749068e6],Bool[0],Bool[0],[0],[-0.01863943685760875],[2.1509635e8],[0.0],[13],[2],[3.861975e6],[0.012489117638235932],[0.38638873600000007],[0.0028624277648535033],[0.971896331575967],[3.86631e6],[0.92],[2],[1],[0.9900022243431075],[0.9696759959754908],[1.098612288181041],[2.2136345e8],[0.72],[0],Bool[0],[0],[3.861975e6],[0.391909],[2.15142325e8],[2],[1.609437911810463],Bool[0],[0.62],[0.0],Bool[0],[0],[1.0],[0.62],[1.0986122883783875],[0.9900631789204444],[0],[1.0986122880608131],[0.6931471804495124],Bool[0],[-0.06727672376839706],[0.3551005532183807],[3.8226299694189594],Bool[0],[0.503],Bool[0],[3.86631e6],[0.503],[0.010968135730117802],[3.8276555e6],[0.52],[3.0093214285714286e6],[1.6094379117659396],[0.0],[3.8226299694189594],Bool[0],[1.6556291390728477],[0.34],Bool[0],[2.587991718426501],[3],[0.9704778223889841],[0.92],[0.6931471802452073],Bool[0],Bool[0],[0],[2.70185e6],[4],[2.2136345e8],[-0.06608075174380885],[0.0],[0.0],Bool[0],[1.6094379116762765],[2.7903913043478257e6],[3.74095625e6],[2],[1.0986122879713753],Bool[0],Bool[0],[0.38638873600000007],[0.26],[5],Bool[1],[0.9716886414627166],[0.52],[2.70185e6],[17],[1.0],[3.80043125e6],[-0.06844084509147334],[0.58],[0.391909],[5],[1.609437911724936],[0.4611008597866632],[5],[5],[0.009046706361986106],[0.4611008597866632],[0.3551005532183807]
"String3[""L1""]","String3[""L2""]","String3[""L2""]","String3[""L1""]","String3[""L3""]","String3[""L1""]","String7[""C1_3""]","String7[""D1_2""]","String7[""F1_3""]","String3[""L1""]","String3[""L1""]","String3[""L1""]","[""L0""]","String3[""L1""]","String3[""L_2""]","String3[""M_2""]","String7[""N1_2""]",[0.0],[2],[3.7522795317725753e6],Bool[0],Bool[0],[0],[-0.0506299138179776],[2.1195705952380955e8],[1.0],[20],[1],[3.9530083612040165e6],[0.007683087895397234],[0.22706598000000003],[-0.036450508652321356],[0.95509063138319],[3.9291124414715744e6],[0.5],[7],[20],[0.9605374040834118],[0.9549941844797983],[1.0986122882738907],[2.219235039682541e8],[0.42],[0],Bool[0],[0],[3.9530083612040165e6],[0.19318439999999998],[2.1111928458498025e8],[7],[1.6094379116083184],Bool[0],[0.42],[0.0],Bool[0],[0],[0.9814916323781174],[0.42],[1.0986122883724438],[0.9615218965705884],[0],[1.0986122881536664],[0.6931471803827549],Bool[0],[-0.07544499071185602],[0.405849898775397],[1.9872813990461045],Bool[0],[0.0],Bool[1],[3.9291124414715744e6],[0.0],[-0.023938306835266036],[3.7740594648829424e6],[0.0],[3.49843e6],[1.609437911854488],[0.0],[1.9872813990461045],Bool[0],[2.0798668885191347],[0.4],Bool[0],[2.2241992882562274],[20],[0.9562957329770323],[0.5],[0.6931471799543538],Bool[0],Bool[1],[0],[3.237805555555556e6],[3],[2.2104633596837944e8],[-0.01455801663491133],[-1.0],[0.0],Bool[0],[1.609437911650897],[3.581637305699482e6],[3.757974916387953e6],[1],[1.0986122879756177],Bool[1],Bool[0],[0.22706598],[0.4],[3],Bool[1],[0.9550906313831895],[0.0],[3.237805555555556e6],[20],[0.9881851636333833],[3.7971956521739117e6],[-0.04305370083877262],[0.38],[0.19318439999999998],[2],[1.6094379115355435],[0.41809719005991897],[3],[3],[0.2195474899332716],[0.41809719005991897],[0.405849898775397]
"String3[""L1""]","String3[""L2""]","String3[""L2""]","String3[""L1""]","String3[""L3""]","String3[""L1""]","String7[""C1_3""]","String7[""D1_3""]","String7[""F1_2""]","String3[""L1""]","String3[""L1""]","String3[""L1""]","[""L0""]","String3[""L1""]","String3[""L_2""]","String3[""M_1""]","String7[""N1_2""]",[0.0],[3],[3.55239325e6],Bool[0],Bool[0],[2],[-0.024113093687137748],[2.1242533783783782e8],[-1.0],[4],[2],[3.7730625e6],[0.006680229936162383],[0.297923572],[0.0027148861042422213],[0.9843584476900276],[3.74375925e6],[0.46],[2],[18],[0.952330535143252],[0.9488839994184989],[1.0986122881542033],[2.1580079729729724e8],[0.36],[0],Bool[0],[0],[3.7730625e6],[0.3259094],[2.1242533783783782e8],[2],[1.6094379118113162],Bool[1],[0.38],[0.0],Bool[0],[0],[0.9832992199844143],[0.38],[1.0986122882981522],[0.9537814466041737],[0],[1.098612288145352],[0.6931471803619855],Bool[0],[-0.043459871072584276],[0.4009006814262106],[2.834467120181406],Bool[0],[0.22100000000000003],Bool[0],[3.74375925e6],[0.22100000000000003],[0.03677322057588862],[3.56529625e6],[0.31],[3.0917402597402604e6],[1.609437911823516],[0.0],[2.834467120181406],Bool[1],[2.7114967462039044],[0.3],Bool[0],[2.556237218813906],[20],[0.9510158388642482],[0.46],[0.6931471802634132],Bool[0],Bool[1],[0],[2.7038e6],[3],[2.1580079729729724e8],[-0.03610368182604195],[-2.0],[0.0],Bool[0],[1.6094379116796984],[2.9783e6],[3.43224375e6],[2],[1.0986122880055218],Bool[0],Bool[0],[0.297923572],[0.08],[3],Bool[0],[0.9843584476900276],[0.31],[2.7038e6],[15],[0.9803935196336144],[3.4779375e6],[-0.06324180349442117],[0.4],[0.3259094],[3],[1.6094379116176034],[0.37514956533094906],[3],[3],[0.3403646226739789],[0.37514956533094906],[0.4009006814262106]
"String3[""L1""]","String3[""L2""]","String3[""L2""]","String3[""L1""]","String3[""L3""]","String3[""L1""]","String7[""C1_3""]","String7[""D1_3""]","String7[""F1_2""]","String3[""L1""]","String3[""L1""]","String3[""L1""]","[""L0""]","String3[""L2""]","String3[""L_2""]","String3[""M_1""]","String7[""N1_2""]",[0.0],[3],[3.4344835e6],Bool[0],Bool[0],[2],[0.005760345049958238],[2.1240975675675672e8],[-2.0],[5],[2],[3.92566875e6],[0.007696000000000004],[0.322889376],[-0.010099459792101115],[0.9843546768326501],[3.860419e6],[0.16],[2],[18],[0.9118969987454729],[0.8896659922148347],[1.0986122880690878],[2.1909491891891885e8],[0.18],[0],Bool[0],[0],[3.92566875e6],[0.3147878],[2.1566710810810804e8],[1],[1.6094379117502298],Bool[1],[0.08],[0.0],Bool[0],[0],[0.8774686152723681],[0.08],[1.0986122881390257],[0.9136605947289929],[0],[1.0986122879463025],[0.6931471804557725],Bool[0],[-0.00737462775923548],[0.4713930919137446],[2.880184331797235],Bool[0],[0.3],Bool[0],[3.860419e6],[0.3],[-0.09947679760462544],[3.5203045e6],[0.274],[3.088571428571429e6],[1.6094379119657911],[0.0],[2.880184331797235],Bool[1],[2.470355731225296],[0.36],Bool[0],[2.3277467411545625],[20],[0.8919760017394864],[0.16],[0.6931471801781032],Bool[0],Bool[1],[0],[2.7048e6],[3],[2.1909491891891885e8],[0.16083187085815814],[-2.0],[0.0],Bool[0],[1.6094379117147173],[3.16975e6],[3.3625e6],[2],[1.0986122879693259],Bool[0],Bool[0],[0.32288937599999995],[0.1],[3],Bool[0],[0.9694873701537728],[0.274],[2.7048e6],[18],[0.9193748348590194],[3.4211875e6],[-0.00751073229982179],[0.08],[0.3147878],[3],[1.6094379117380013],[0.4396248481421404],[3],[3],[0.3328046981399151],[0.4396248481421404],[0.4713930919137446]
"String3[""L1""]","String3[""L2""]","String3[""L2""]","String3[""L1""]","String3[""L3""]","String3[""L1""]","String7[""C1_3""]","String7[""D1_2""]","String7[""F1_3""]","String3[""L1""]","String3[""L1""]","String3[""L1""]","[""L0""]","String3[""L2""]","String3[""L_2""]","String3[""M_2""]","String7[""N1_2""]",[0.0],[4],[3.7296882105263113e6],Bool[0],Bool[0],[2],[-0.04452947473717435],[2.2134349999999994e8],[-1.0],[2],[2],[4.003610526315782e6],[0.016294802068015306],[0.18665619999999997],[0.020592791221990907],[0.9109481289484173],[3.9963334035087647e6],[0.54],[1],[20],[0.95854800306337],[0.9332775406705707],[1.0986122883750302],[2.223225229007633e8],[0.46],[0],Bool[0],[0],[4.003610526315782e6],[0.20397640000000003],[2.02524286259542e8],[12],[1.6094379117431614],Bool[1],[0.26],[0.0],Bool[0],[0],[0.9386882388167377],[0.26],[1.0986122882454588],[0.959134349329612],[0],[1.0986122879989355],[0.693147180413447],Bool[0],[-0.0014015584477639455],[0.3613841595864434],[3.109452736318408],Bool[0],[0.0],Bool[1],[3.9963334035087647e6],[0.0],[0.08860222723362239],[3.830677403508767e6],[0.0],[3.644206521739131e6],[1.6094379117351651],[-1.0],[3.109452736318408],Bool[1],[3.9682539682539684],[0.34],Bool[0],[3.012048192771084],[20],[0.9339035128834172],[0.54],[0.6931471801833621],Bool[0],Bool[1],[0],[3.3275733333333335e6],[4],[2.223225229007633e8],[-0.061828985832512715],[-1.0],[0.0],Bool[0],[1.6094379115948003],[3.191314285714286e6],[3.804608771929823e6],[2],[1.0986122881594969],Bool[0],Bool[0],[0.18665620000000002],[0.04],[5],Bool[0],[0.9955963845318526],[0.0],[3.3275733333333335e6],[17],[0.9987451028032349],[3.894610526315788e6],[-0.02124081274909374],[0.28],[0.2039764],[4],[1.609437911594644],[0.2933474915522544],[4],[5],[0.3471617934047467],[0.2933474915522544],[0.3613841595864434]
"String3[""L1""]","String3[""L2""]","String3[""L2""]","String3[""L1""]","String3[""L3""]","String3[""L1""]","String7[""C1_3""]","String7[""D1_3""]","String7[""F1_2""]","String3[""L1""]","String3[""L1""]","String3[""L1""]","[""L0""]","String3[""L3""]","String3[""L_2""]","String3[""M_1""]","String7[""N1_2""]",[0.0],[3],[3.40872975e6],Bool[0],Bool[0],[2],[0.02848031129350085],[2.174477125e8],[-2.0],[1],[2],[3.90193125e6],[0.004837473720858863],[0.32499751200000004],[-0.028309112239816674],[0.8978706468473328],[3.88239625e6],[0.0],[1],[19],[0.8900565597857251],[0.8779963534118909],[1.098612288183476],[2.206708875e8],[0.04],[0],Bool[0],[3],[3.90193125e6],[0.303993],[1.981339125e8],[7],[1.609437911630291],Bool[1],[0.0],[0.0],Bool[0],[0],[0.8873582543253575],[0.0],[1.0986122883128062],[0.892815238734948],[0],[1.0986122881291454],[0.6931471803996619],Bool[0],[-0.014862837953073808],[0.4421833997426859],[2.6371308016877633],Bool[0],[0.304],Bool[0],[3.88239625e6],[0.304],[-0.014898598027426543],[3.45555225e6],[0.23600000000000002],[3.2274375e6],[1.609437911618067],[0.0],[2.6371308016877633],Bool[1],[2.9550827423167845],[0.4],Bool[0],[2.268602540834846],[20],[0.8808511292065796],[0.0],[0.6931471801747838],Bool[0],Bool[1],[10],[2.9291071428571427e6],[3],[2.206708875e8],[0.015270408555631809],[2.0],[1.0],Bool[0],[1.6094379116242579],[3.137430769230769e6],[3.3837375e6],[2],[1.0986122881222264],Bool[0],Bool[0],[0.324997512],[0.02],[4],Bool[0],[0.9853937461505882],[0.23600000000000002],[3.308234042553192e6],[20],[0.910631690336561],[3.46080625e6],[-0.03191221713846297],[0.02],[0.303993],[3],[1.6094379114734176],[0.3897331381958686],[3],[4],[0.38661143155369837],[0.3897331381958686],[0.4421833997426859]
"String3[""L1""]","String3[""L2""]","String3[""L2""]","String3[""L1""]","String3[""L3""]","String3[""L1""]","String7[""C1_3""]","String7[""D1_2""]","String7[""F1_3""]","String3[""L1""]","String3[""L1""]","String3[""L1""]","[""L0""]","String3[""L3""]","String3[""L_2""]","String3[""M_2""]","String7[""N1_2""]",[-1.0],[3],[3.733954285714281e6],Bool[0],Bool[0],[0],[-0.007330419273523642],[1.9797620610687023e8],[0.5],[20],[1],[4.067625435540069e6],[0.002490314036421933],[0.20952440000000006],[-0.05868599634197746],[0.8889287816592552],[4.069604181184664e6],[0.52],[14],[19],[0.9615420996520134],[0.9175227170685982],[1.0986122881068447],[2.227132366412213e8],[0.44],[0],Bool[0],[0],[4.067625435540069e6],[0.2134276],[1.9797620610687023e8],[14],[1.6094379119006093],Bool[0],[0.14],[0.0],Bool[0],[0],[0.9211560094117648],[0.14],[1.0986122882444067],[0.9613397310185988],[0],[1.0986122881813964],[0.6931471804149458],Bool[0],[0.03566889236973151],[0.32822177614533743],[2.653927813163482],Bool[0],[0.0],Bool[0],[4.069604181184664e6],[0.0],[-0.03137093143375864],[3.9130957491289144e6],[0.0],[3.4075298507462684e6],[1.6094379115891693],[-1.0],[2.653927813163482],Bool[0],[3.77643504531722],[0.4],Bool[0],[3.4818941504178267],[20],[0.9178151699105226],[0.52],[0.6931471800673407],Bool[0],Bool[0],[0],[3.273541666666667e6],[5],[2.227132366412213e8],[0.0906231499028947],[-1.0],[0.0],Bool[0],[1.6094379115428616],[2.9330531914893617e6],[3.704771777003479e6],[1],[1.0986122879082998],Bool[0],Bool[0],[0.20952439999999997],[0.4],[5],Bool[1],[0.8889287816592552],[0.0],[3.273541666666667e6],[20],[0.9816257236498602],[3.9460139372822177e6],[0.08961694503823792],[0.1],[0.2134276],[3],[1.6094379116924],[0.27450029933681314],[5],[5],[0.3691787837024224],[0.27450029933681314],[0.32822177614533743]
"String3[""L1""]","String3[""L2""]","String3[""L2""]","String3[""L1""]","String3[""L3""]","String3[""L1""]","String7[""C1_3""]","String7[""D1_3""]","String7[""F1_2""]","String3[""L1""]","String3[""L1""]","String3[""L1""]","[""L0""]","String3[""L1""]","String3[""L_2""]","String3[""M_2""]","String7[""N1_2""]",[0.0],[3],[3.5356685e6],Bool[0],Bool[0],[2],[-0.017141735370912695],[2.1060220779220778e8],[2.0],[5],[2],[3.73590625e6],[0.006280682765432452],[0.311365456],[0.018649879568890228],[1.0],[3.73866e6],[0.58],[3],[19],[0.9573688166348371],[0.9457047444806428],[1.09861228826097],[2.1994781818181813e8],[0.5],[0],Bool[0],[11],[3.73590625e6],[0.33063460000000006],[2.1994781818181813e8],[0],[1.6094379116990518],Bool[1],[0.5],[2.0],Bool[0],[0],[0.9878426636102702],[0.5],[1.098612288265123],[0.959764927105295],[0],[1.0986122881411597],[0.6931471805106397],Bool[0],[-0.0074574786199727615],[0.3868079710450652],[2.7964205816554806],Bool[1],[0.259],Bool[0],[3.73866e6],[0.259],[0.028031254970825037],[3.5792765e6],[0.31300000000000006],[3.146520833333333e6],[1.6094379117468534],[0.0],[2.7964205816554806],Bool[1],[2.1043771043771042],[0.34],Bool[0],[2.6371308016877633],[17],[0.9485866443235258],[0.58],[0.6931471802232274],Bool[0],Bool[1],[0],[3.4896041666666665e6],[3],[2.1994781818181813e8],[0.0004398039587302742],[-2.0],[0.0],Bool[0],[1.6094379116578261],[3.2486623376623383e6],[3.4052375e6],[2],[1.0986122880796614],Bool[0],Bool[0],[0.311365456],[0.1],[3],Bool[0],[0.9575098745381285],[0.31300000000000006],[2.66995e6],[17],[0.9999474310689892],[3.44350625e6],[-0.0451894195228419],[0.42],[0.3306346],[3],[1.6094379115887312],[0.4269736367318245],[3],[3],[0.3318420203410051],[0.4269736367318245],[0.3868079710450652]
"String3[""L1""]","String3[""L2""]","String3[""L2""]","String3[""L1""]","String3[""L3""]","String3[""L1""]","String7[""C1_3""]","String7[""D1_2""]","String7[""F1_3""]","String3[""L1""]","String3[""L1""]","String3[""L1""]","[""L0""]","String3[""L1""]","String3[""L_3""]","String3[""M_1""]","String7[""N1_2""]",[2.0],[2],[3.641858807017539e6],Bool[0],Bool[0],[0],[0.17394965594808554],[1.7324339597315437e8],[-1.0],[20],[1],[3.8833999999999898e6],[0.00031764648389775996],[0.153806],[-0.053612247011622205],[0.7744488690351844],[3.883923228070167e6],[0.54],[20],[20],[0.9530928267756614],[0.9376752817091846],[1.0986122882952438],[2.245321879194631e8],[0.42],[0],Bool[0],[0],[3.8833999999999898e6],[0.19343180000000004],[1.7324339597315437e8],[20],[1.609437911627621],Bool[0],[0.36],[0.0],Bool[0],[0],[0.9553718960079731],[0.36],[1.0986122882102665],[0.9537290749071596],[0],[1.0986122879376392],[0.6931471802684886],Bool[0],[-0.05217324070050966],[0.5024125686962857],[2.0],Bool[0],[0.0],Bool[0],[3.883923228070167e6],[0.0],[-0.07974460882564066],[3.7017393684210475e6],[0.0],[3.4475822784810127e6],[1.6094379118465496],[2.0],[2.0],Bool[0],[2.144082332761578],[0.4],Bool[0],[1.6914749661705004],[20],[0.9387811405215402],[0.54],[0.6931471800319455],Bool[0],Bool[0],[2],[3.182753424657534e6],[3],[2.2369894630872482e8],[-0.07242750787356907],[-1.5],[0.0],Bool[0],[1.6094379116679205],[3.571041025641025e6],[3.576280701754389e6],[1],[1.0986122881325573],Bool[0],Bool[0],[0.153806],[0.4],[3],Bool[0],[0.7715748801026898],[0.0],[3.309077777777777e6],[20],[0.9798335251025873],[3.6484859649122823e6],[-0.03726129176102463],[0.36],[0.19343180000000001],[2],[1.6094379115019797],[0.4138722377545998],[3],[3],[0.47954010174749717],[0.4138722377545998],[0.5024125686962857]
"String3[""L1""]","String3[""L2""]","String3[""L2""]","String3[""L1""]","String3[""L3""]","String3[""L1""]","String7[""C1_3""]","String7[""D1_3""]","String7[""F1_2""]","String3[""L1""]","String3[""L1""]","String3[""L1""]","[""L0""]","String3[""L2""]","String3[""L_2""]","String3[""M_2""]","String7[""N1_2""]",[2.0],[3],[3.5405315e6],Bool[0],Bool[0],[0],[0.04831980628090097],[1.7210400000000003e8],[0.0],[20],[1],[3.8094625e6],[0.004176919439012435],[0.329831824],[0.014859997557654232],[0.7907211507475219],[3.852832e6],[0.42],[13],[4],[0.9577052671904719],[0.918942611564688],[1.0986122881771716],[2.1765447887323937e8],[0.4],[0],Bool[0],[0],[3.8094625e6],[0.3575992],[1.7210400000000003e8],[13],[1.6094379118267557],Bool[0],[0.22],[0.0],Bool[0],[0],[0.9175205804149419],[0.22],[1.098612288166124],[0.9579266115224491],[0],[1.0986122879337124],[0.6931471804433241],Bool[0],[0.03057409872207626],[0.33418358602420917],[2.6652452025586357],Bool[0],[0.322],Bool[0],[3.852832e6],[0.322],[-0.02418670325412628],[3.6898775e6],[0.408],[3.096716981132075e6],[1.6094379117902602],[2.0],[2.6652452025586357],Bool[0],[3.571428571428571],[0.4],Bool[0],[3.6982248520710055],[19],[0.9204831666348587],[0.42],[0.6931471802575493],Bool[0],Bool[0],[0],[2.6876e6],[4],[2.1765447887323937e8],[0.00413448932934657],[2.0],[0.0],Bool[0],[1.6094379117102238],[3.128933333333333e6],[3.4964875e6],[1],[1.098612288049673],Bool[0],Bool[0],[0.329831824],[0.4],[5],Bool[0],[0.7907211507475219],[0.408],[2.6876e6],[20],[0.9889944856495221],[3.6870125e6],[0.04487935607435881],[0.22],[0.3575992],[3],[1.6094379117161446],[0.3083944700671528],[4],[5],[0.38357229979235985],[0.3083944700671528],[0.33418358602420917]
"String3[""L1""]","String3[""L2""]","String3[""L2""]","String3[""L1""]","String3[""L3""]","String3[""L1""]","String7[""C1_3""]","String7[""D1_2""]","String7[""F1_3""]","String3[""L1""]","String3[""L1""]","String3[""L1""]","[""L0""]","String3[""L2""]","String3[""L_3""]","String3[""M_1""]","String7[""N1_2""]",[0.0],[3],[3.582956095890412e6],Bool[0],Bool[0],[2],[0.06821749150192001],[2.0766639325842696e8],[1.0],[7],[2],[3.930200342465752e6],[0.01207834690675841],[0.163609716],[-0.06637374467214971],[0.8883084903816851],[3.9439943150684927e6],[0.16],[7],[20],[0.92888875937382],[0.9084587374280202],[1.0986122882142735],[2.2292072284644192e8],[0.2],[0],Bool[0],[0],[3.930200342465752e6],[0.185837],[1.9802237078651685e8],[17],[1.609437911970005],Bool[1],[0.1],[0.0],Bool[0],[0],[0.8934560989309609],[0.1],[1.0986122880714544],[0.9297018962952223],[0],[1.0986122878869045],[0.6931471803874696],Bool[0],[-0.09953768102241349],[0.42980522550569344],[2.4084778420038533],Bool[0],[0.0],Bool[1],[3.9439943150684927e6],[0.0],[-0.11385080037416906],[3.663531986301371e6],[0.0],[3.1969609375e6],[1.609437911752024],[-1.0],[2.4084778420038533],Bool[1],[2.323420074349442],[0.38],Bool[0],[2.380952380952381],[20],[0.9095553217138334],[0.16],[0.6931471802065248],Bool[0],Bool[1],[0],[3.1253513513513505e6],[4],[2.2292072284644192e8],[-0.03868366694149225],[-2.0],[0.0],Bool[0],[1.6094379115917876],[3.441236842105263e6],[3.5149606164383553e6],[2],[1.098612287953342],Bool[0],Bool[0],[0.16360971600000002],[0.14],[5],Bool[0],[0.9315706077333921],[0.0],[3.1253513513513505e6],[19],[0.9198424451482032],[3.6652020547945187e6],[-0.038031520851008804],[0.12],[0.185837],[3],[1.6094379118355224],[0.41875192163379976],[4],[5],[0.4271766518338754],[0.41875192163379976],[0.42980522550569344]
"String3[""L1""]","String3[""L2""]","String3[""L2""]","String3[""L1""]","String3[""L3""]","String3[""L1""]","String7[""C1_3""]","String7[""D1_3""]","String7[""F1_2""]","String3[""L1""]","String3[""L1""]","String3[""L1""]","[""L0""]","String3[""L3""]","String3[""L_2""]","String3[""M_2""]","String7[""N1_2""]",[0.0],[3],[3.624706e6],Bool[0],Bool[1],[2],[-0.03586140953133925],[2.0347044155844155e8],[0.0],[6],[2],[4.00555e6],[0.008727789397425745],[0.286671632],[-0.0017159842285980364],[0.9245124294897489],[3.9264395e6],[0.46],[5],[1],[0.9401899609047841],[0.9231534065404547],[1.09861228821088],[2.200840519480519e8],[0.36],[0],Bool[0],[0],[4.00555e6],[0.3579888],[2.0347044155844155e8],[5],[1.6094379118610038],Bool[1],[0.28],[0.0],Bool[0],[0],[0.9489051458105658],[0.28],[1.0986122882706213],[0.941476877561181],[0],[1.0986122880686322],[0.6931471802704918],Bool[0],[-0.023096479071736238],[0.31216739875906324],[2.6205450733752618],Bool[0],[0.184],Bool[0],[3.9264395e6],[0.184],[0.047232951714831946],[3.691599e6],[0.41200000000000003],[3.2059545454545454e6],[1.6094379115749353],[0.0],[2.6205450733752618],Bool[1],[3.943217665615142],[0.36],Bool[1],[3.19693094629156],[16],[0.9247326210383],[0.46],[0.6931471800790072],Bool[0],Bool[1],[5],[2.70735e6],[4],[2.200840519480519e8],[-0.006114553964580307],[2.0],[0.0],Bool[0],[1.6094379114821973],[2.79795652173913e6],[3.61196875e6],[2],[1.0986122881043616],Bool[0],Bool[0],[0.286671632],[0.12],[4],Bool[0],[0.9245124294897489],[0.41200000000000003],[3.22609375e6],[18],[0.969269875120098],[3.76415625e6],[-0.05935870346855257],[0.26],[0.3579888],[3],[1.6094379117380786],[0.1775126047580847],[4],[4],[0.40677965146747447],[0.1775126047580847],[0.31216739875906324]
"String3[""L1""]","String3[""L2""]","String3[""L2""]","String3[""L1""]","String3[""L3""]","String3[""L1""]","String7[""C1_3""]","String7[""D1_2""]","String7[""F1_3""]","String3[""L1""]","String3[""L1""]","String3[""L1""]","[""L0""]","String3[""L3""]","String3[""L_3""]","String3[""M_1""]","String7[""N1_2""]",[1.5],[2],[3.5615115050167213e6],Bool[0],Bool[0],[0],[-0.00202197357295923],[1.806819328621908e8],[-2.0],[20],[1],[4.0812809364548614e6],[0.007712000000000024],[0.17293779999999997],[0.05357679899356153],[0.816198051681617],[4.0680155852842857e6],[0.02],[16],[20],[0.876917168639806],[0.875491116086231],[1.0986122881493396],[2.2137020848056537e8],[0.0],[0],Bool[0],[9],[4.0812809364548614e6],[0.17491280000000003],[1.806819328621908e8],[16],[1.609437911729359],Bool[0],[0.02],[0.0],Bool[0],[0],[0.8782098129654383],[0.02],[1.0986122882899387],[0.8773740123215922],[0],[1.098612288062868],[0.6931471804903007],Bool[0],[0.12324495171984523],[0.6600230031021646],[2.0],Bool[0],[0.0],Bool[0],[4.0680155852842857e6],[0.0],[-0.030128324697760136],[3.5673127090300987e6],[0.0],[3.2713639344262294e6],[1.609437911766331],[1.5],[2.0],Bool[0],[1.5743073047858942],[0.4],Bool[0],[1.0407993338884265],[20],[0.8760095453826464],[0.02],[0.6931471801330836],Bool[0],Bool[0],[20],[3.42028901734104e6],[2],[2.2137020848056537e8],[0.14780354610195073],[-2.0],[-2.0],Bool[0],[1.6094379116508792],[3.2713639344262294e6],[3.5491688963210667e6],[1],[1.0986122880274605],Bool[0],Bool[0],[0.17293779999999997],[0.4],[3],Bool[0],[0.816198051681617],[0.0],[3.2713639344262294e6],[20],[0.8743788763763927],[3.5535083612040095e6],[0.10910993249165485],[0.0],[0.1749128],[2],[1.6094379115597257],[0.5312702933761684],[2],[3],[0.47516124065836857],[0.5312702933761684],[0.6600230031021646]
"String3[""L1""]","String3[""L2""]","String3[""L2""]","String3[""L1""]","String3[""L3""]","String3[""L1""]","String7[""C1_3""]","String7[""D1_3""]","String7[""F1_2""]","String3[""L1""]","String3[""L1""]","String3[""L1""]","[""L0""]","String3[""L1""]","String3[""L_3""]","String3[""M_1""]","String7[""N1_2""]",[2.0],[2],[3.541808e6],Bool[0],Bool[0],[0],[-0.07519736236423545],[1.693999189189189e8],[-2.0],[20],[1],[3.8504875e6],[0.005823999999999969],[0.28161540799999996],[-0.05804812441189159],[0.7703240381821733],[3.8148945e6],[0.42],[15],[18],[0.9419383681514653],[0.9284157137241934],[1.0986122883618434],[2.1990735135135126e8],[0.4],[0],Bool[0],[1],[3.8504875e6],[0.3286824],[1.693999189189189e8],[15],[1.609437911759413],Bool[0],[0.36],[0.0],Bool[0],[0],[0.952937917696064],[0.36],[1.0986122883578473],[0.9433456186494024],[0],[1.0986122881043086],[0.6931471803590793],Bool[0],[-0.06773807774530712],[0.37434767491197274],[1.996805111821086],Bool[0],[0.178],Bool[1],[3.8148945e6],[0.178],[-0.04762183739916888],[3.5933955e6],[0.32],[3.2116375e6],[1.609437911604011],[2.0],[1.996805111821086],Bool[0],[3.387533875338754],[0.4],Bool[0],[2.8344671201814053],[20],[0.9302608426096015],[0.42],[0.6931471799469273],Bool[0],Bool[0],[6],[2.9732272727272725e6],[4],[2.1990735135135126e8],[0.03197592047301618],[2.0],[0.0],Bool[0],[1.6094379115610418],[3.2101232876712326e6],[3.43051875e6],[1],[1.0986122881382783],Bool[0],Bool[0],[0.281615408],[0.4],[4],Bool[1],[0.7703240381821733],[0.32],[3.3167714285714286e6],[20],[0.9681141472949368],[3.535075e6],[0.022770566520917395],[0.34],[0.3286824],[2],[1.6094379116135655],[0.31161710754064836],[4],[4],[0.5258517868297112],[0.31161710754064836],[0.37434767491197274]
"String3[""L1""]","String3[""L2""]","String3[""L2""]","String3[""L1""]","String3[""L3""]","String3[""L1""]","String7[""C1_3""]","String7[""D1_2""]","String7[""F1_3""]","String3[""L1""]","String3[""L1""]","String3[""L1""]","[""L0""]","String3[""L1""]","String3[""L_3""]","String3[""M_2""]","String7[""N1_2""]",[-2.0],[2],[3.6676680936454833e6],Bool[0],Bool[0],[0],[-0.1029156208244152],[1.6888032183908045e8],[-1.0],[20],[1],[4.0150033444816004e6],[0.002272000000000024],[0.165484344],[-0.019420525244408918],[0.7587169693076188],[3.9464161872909726e6],[0.58],[20],[20],[0.9532780276900644],[0.9293667772438272],[1.0986122881179055],[2.225867203065134e8],[0.42],[0],Bool[0],[0],[4.0150033444816004e6],[0.19008219999999998],[1.6888032183908045e8],[20],[1.6094379117171627],Bool[0],[0.34],[0.0],Bool[0],[0],[0.9306222607383835],[0.34],[1.098612288264071],[0.9538261871526226],[0],[1.0986122880255353],[0.6931471803491182],Bool[0],[-0.10870246588895068],[0.4079680675150936],[1.996805111821086],Bool[0],[0.0],Bool[1],[3.9464161872909726e6],[0.0],[-0.08581685914738335],[3.7620318394648824e6],[0.0],[3.3794323308270676e6],[1.6094379115132615],[-2.0],[1.996805111821086],Bool[0],[3.731343283582089],[0.4],Bool[0],[2.5879917184265007],[20],[0.9302307886745734],[0.58],[0.6931471800402741],Bool[0],Bool[0],[2],[3.15876e6],[4],[2.225867203065134e8],[-0.00030863229776651623],[-2.0],[0.0],Bool[0],[1.6094379114708794],[3.516388601036269e6],[3.6052107023411277e6],[1],[1.0986122880666422],Bool[0],Bool[0],[0.165484344],[0.4],[5],Bool[1],[0.7587169693076188],[0.0],[3.3411684210526315e6],[20],[0.9707522248976951],[3.7908595317725795e6],[-0.013994299228678038],[0.26],[0.1900822],[2],[1.6094379116950392],[0.315767040889324],[4],[5],[0.4831628546484094],[0.315767040889324],[0.4079680675150936]
"String3[""L1""]","String3[""L2""]","String3[""L2""]","String3[""L1""]","String3[""L3""]","String3[""L1""]","String7[""C1_3""]","String7[""D1_3""]","String7[""F1_2""]","String3[""L1""]","String3[""L1""]","String3[""L1""]","[""L0""]","String3[""L2""]","String3[""L_3""]","String3[""M_1""]","String7[""N1_2""]",[-2.0],[3],[3.42703325e6],Bool[0],Bool[0],[0],[-0.06889235211872373],[1.8145614864864868e8],[2.0],[13],[2],[3.874525e6],[0.010868677967795426],[0.290243088],[0.024677746108984166],[1.0],[3.88563425e6],[0.08],[11],[19],[0.8874264864223904],[0.8819752528174776],[1.0986122882964329],[2.1918371621621615e8],[0.1],[0],Bool[0],[17],[3.874525e6],[0.295573],[2.1918371621621615e8],[0],[1.6094379115916495],Bool[0],[0.06],[2.0],Bool[0],[0],[0.8722156558659127],[0.06],[1.0986122882117328],[0.8882081871663197],[0],[1.098612287934304],[0.6931471804019702],Bool[0],[-0.07328543684332771],[0.42713427822173206],[2.7292576419213974],Bool[1],[0.196],Bool[0],[3.88563425e6],[0.196],[-0.0033677284582797444],[3.44821475e6],[0.21],[3.228275e6],[1.6094379118456343],[0.0],[2.7292576419213974],Bool[0],[2.4752475247524752],[0.2],Bool[0],[2.465483234714004],[20],[0.8829079657404322],[0.08],[0.6931471801021807],Bool[0],Bool[0],[11],[3.2551142857142854e6],[5],[2.1918371621621615e8],[-0.17409561632421977],[2.0],[2.0],Bool[0],[1.6094379117041442],[3.2211948051948054e6],[3.3886875e6],[2],[1.0986122879879323],Bool[0],Bool[0],[0.290243088],[0.26],[6],Bool[1],[0.8278723975537001],[0.21],[3.402816326530613e6],[10],[0.8766834981290076],[3.3886875e6],[0.014849079530189387],[0.08],[0.295573],[3],[1.6094379115407822],[0.41842611251211365],[5],[6],[0.42602151545667266],[0.41842611251211365],[0.42713427822173206]
"String3[""L1""]","String3[""L2""]","String3[""L2""]","String3[""L1""]","String3[""L3""]","String3[""L1""]","String7[""C1_3""]","String7[""D1_3""]","String7[""F1_2""]","String3[""L1""]","String3[""L1""]","String3[""L1""]","[""L0""]","String3[""L3""]","String3[""L_3""]","String3[""M_1""]","String7[""N1_2""]",[2.0],[2],[3.4135205e6],Bool[0],Bool[0],[0],[-0.1472743659191898],[1.589114025974026e8],[2.0],[20],[1],[3.8701e6],[0.0003980015242611712],[0.2530578],[-0.04086671315337116],[0.721742306354272],[3.874588e6],[0.06],[19],[19],[0.8907950987304973],[0.8810021865550608],[1.0986122882786418],[2.2017748051948047e8],[0.04],[0],Bool[0],[1],[3.8701e6],[0.29834580000000005],[1.589114025974026e8],[19],[1.6094379117957245],Bool[0],[0.06],[0.0],Bool[0],[0],[0.8873355060457802],[0.06],[1.0986122884553877],[0.8919637213858574],[0],[1.0986122882882576],[0.6931471803085048],Bool[0],[-0.13652013784368539],[0.5213783776567648],[2.0],Bool[0],[0.07500000000000001],Bool[0],[3.874588e6],[0.07500000000000001],[0.01776021076714394],[3.451464e6],[0.21900000000000003],[3.1708125e6],[1.6094379116861786],[2.0],[2.0],Bool[0],[2.5303643724696356],[0.4],Bool[0],[1.81422351233672],[20],[0.8820193777237147],[0.06],[0.6931471801366197],Bool[0],Bool[0],[20],[2.7914347826086953e6],[5],[2.2017748051948047e8],[-0.09033975775811001],[2.0],[2.0],Bool[0],[1.609437911692792],[3.073109090909091e6],[3.36554375e6],[1],[1.098612288113434],Bool[0],Bool[0],[0.2530578],[0.4],[5],Bool[0],[0.721742306354272],[0.21900000000000003],[3.1708125e6],[20],[0.892892510141575],[3.42753125e6],[-0.051654830058420934],[0.04],[0.2983458],[2],[1.6094379116806592],[0.4400205139399753],[5],[5],[0.50754677881748],[0.4400205139399753],[0.5213783776567648]
"String3[""L1""]","String3[""L2""]","String3[""L2""]","String3[""L1""]","String3[""L3""]","String3[""L1""]","String7[""C1_3""]","String7[""D1_2""]","String7[""F1_3""]","String3[""L1""]","String3[""L1""]","String3[""L1""]","[""L0""]","String3[""L2""]","String3[""L_3""]","String3[""M_2""]","String7[""N1_2""]",[0.0],[2],[3.6420070422535227e6],Bool[0],Bool[0],[0],[0.02937434795717305],[2.1002762934362933e8],[1.0],[20],[1],[3.9755792253521103e6],[0.009679999999999994],[0.22032007600000003],[0.014262791584890949],[0.9511692772207841],[3.9337705633802866e6],[0.5510204081632653],[7],[20],[0.9574670698159315],[0.9258310782426387],[1.0986122883263412],[2.2181077992277992e8],[0.46],[1],Bool[0],[0],[3.9755792253521103e6],[0.199109],[2.1002762934362933e8],[7],[1.6094379115889985],Bool[0],[0.3],[0.0],Bool[0],[0],[0.9219036235149756],[0.2857142857142857],[1.098612288137378],[0.9577593334052389],[1],[1.0986122879527973],[0.6931471804828611],Bool[0],[0.02951365510689416],[0.5715137960329567],[1.9872813990461045],Bool[0],[0.0],Bool[1],[3.9337705633802866e6],[0.0],[0.01680502910849854],[3.766455774647889e6],[0.0],[3.351056603773585e6],[1.6094379117706112],[0.0],[1.9872813990461045],Bool[0],[2.3191094619666046],[0.4],Bool[0],[1.3781697905181922],[20],[0.9269533205237178],[0.56],[0.6931471802338032],Bool[0],Bool[1],[7],[3.1428767123287665e6],[3],[2.2080993822393823e8],[0.0012716500110531441],[2.0],[0.0],Bool[0],[1.6094379117101505],[3.562761904761905e6],[3.5781778169014184e6],[1],[1.0986122881728295],Bool[1],Bool[0],[0.22032007600000003],[0.4],[3],Bool[1],[0.9468774665358793],[0.0],[3.5170209790209793e6],[20],[0.9931966079599843],[3.7748028169014086e6],[0.01746324922689419],[0.24],[0.19910899999999998],[2],[1.6094379112471557],[0.40110190607375584],[3],[3],[0.24585983619940857],[0.40110190607375584],[0.5715137960329567]
"String3[""L1""]","String3[""L2""]","String3[""L2""]","String3[""L1""]","String3[""L3""]","String3[""L1""]","String7[""C1_3""]","String7[""D1_3""]","String7[""F1_2""]","String3[""L1""]","String3[""L1""]","String3[""L1""]","[""L0""]","String3[""L1""]","String3[""L_3""]","String3[""M_2""]","String7[""N1_2""]",[2.0],[2],[3.306662e6],Bool[0],Bool[0],[0],[-0.117840506034881],[1.5417132467532468e8],[-2.0],[20],[1],[3.6932625e6],[0.007615999999999956],[0.33677264],[0.07309361939978941],[0.7142426010211863],[3.705178e6],[0.54],[19],[19],[0.9638443821052591],[0.8924434939428011],[1.0986122880657447],[2.1585288311688307e8],[0.48],[0],Bool[0],[11],[3.6932625e6],[0.3337062],[1.5417132467532468e8],[19],[1.609437911572626],Bool[0],[0.1],[-2.0],Bool[0],[0],[0.8948312371795133],[0.1],[1.098612288242678],[0.96473757551134],[0],[1.0986122880603575],[0.6931471804751548],Bool[0],[-0.017917660686490318],[0.6267330731850682],[1.923076923076923],Bool[0],[0.37],Bool[1],[3.705178e6],[0.37],[0.04164392299769689],[3.571215e6],[0.321],[3.090575e6],[1.6094379116474749],[2.0],[1.923076923076923],Bool[0],[1.6297262059973923],[0.4],Bool[0],[1.226692836113837],[20],[0.8956532715921588],[0.54],[0.6931471802536722],Bool[0],Bool[0],[20],[3.427916666666667e6],[3],[2.1585288311688307e8],[0.016798534101018482],[2.0],[2.0],Bool[0],[1.6094379114674535],[3.202545454545455e6],[3.27991875e6],[1],[1.0986122878938362],Bool[0],Bool[0],[0.33677264000000007],[0.4],[3],Bool[1],[0.7142426010211863],[0.321],[3.090575e6],[20],[0.9986143323637466],[3.5599125e6],[-0.027106061238577107],[0.14],[0.3337062],[2],[1.609437911567493],[0.4014680373628765],[3],[3],[0.3930493417167875],[0.4014680373628765],[0.6267330731850682]
"String3[""L1""]","String3[""L2""]","String3[""L2""]","String3[""L1""]","String3[""L3""]","String3[""L1""]","String7[""C1_3""]","String7[""D1_2""]","String7[""F1_3""]","String3[""L1""]","String3[""L1""]","String3[""L1""]","[""L0""]","String3[""L3""]","String3[""L_3""]","String3[""M_2""]","String7[""N1_2""]",[0.0],[2],[3.7378720701754345e6],Bool[0],Bool[0],[0],[0.01373791506194845],[1.914069958677686e8],[1.0],[20],[1],[4.0947210526315644e6],[0.009920000000000012],[0.198234344],[0.05586953574831377],[0.8687019707115896],[4.0816717894736747e6],[0.46],[13],[19],[0.9518828739988436],[0.9157698764058213],[1.098612288257271],[2.2033678099173555e8],[0.38],[0],Bool[0],[0],[4.0947210526315644e6],[0.2110214],[1.914069958677686e8],[13],[1.6094379118377482],Bool[0],[0.22],[0.0],Bool[0],[0],[0.930090049040319],[0.22],[1.098612288212194],[0.9520727113989367],[0],[1.098612287995998],[0.6931471804326863],Bool[0],[0.17021150230295767],[0.3397342234865366],[1.9872813990461045],Bool[0],[0.0],Bool[1],[4.0816717894736747e6],[0.0],[0.11636618049948247],[3.8852734736842047e6],[0.0],[3.6087117647058824e6],[1.609437911770479],[0.0],[1.9872813990461045],Bool[0],[3.5211267605633805],[0.4],Bool[0],[3.188775510204082],[20],[0.9160670574604876],[0.46],[0.6931471801599958],Bool[0],Bool[1],[0],[3.2248260869565215e6],[5],[2.2033678099173555e8],[0.10570661610454889],[1.0],[0.0],Bool[0],[1.6094379116372324],[3.572230263157895e6],[3.7830824561403356e6],[1],[1.0986122880976545],Bool[1],Bool[0],[0.19823434400000006],[0.4],[5],Bool[1],[0.8687019707115896],[0.0],[3.2248260869565215e6],[20],[0.9696130560563707],[3.9747087719298163e6],[0.07154368585350813],[0.16],[0.2110214],[2],[1.6094379117970163],[0.29007775269399755],[5],[5],[0.3323765073045927],[0.29007775269399755],[0.3397342234865366]
"String3[""L1""]","String3[""L2""]","String3[""L2""]","String3[""L1""]","String3[""L3""]","String3[""L1""]","String7[""C1_3""]","String7[""D1_3""]","String7[""F1_2""]","String3[""L1""]","String3[""L1""]","String3[""L1""]","[""L0""]","String3[""L2""]","String3[""L_3""]","String3[""M_2""]","String7[""N1_2""]",[-2.0],[2],[3.4707505e6],Bool[0],Bool[0],[0],[0.03907952117850669],[1.576436883116883e8],[0.0],[20],[1],[3.906075e6],[0.006640719275285978],[0.297594864],[0.036974664602663236],[0.7391830537279147],[3.8661415e6],[0.46],[18],[8],[0.9518681610592887],[0.897729816666048],[1.0986122882418117],[2.132674545454545e8],[0.46],[0],Bool[0],[0],[3.906075e6],[0.3557848],[1.576436883116883e8],[18],[1.6094379117631328],Bool[0],[0.18],[0.0],Bool[0],[0],[0.8881893314022391],[0.18],[1.0986122882406324],[0.9528534355262266],[0],[1.0986122881188372],[0.6931471803109563],Bool[0],[0.005443411990968102],[0.4004093863235476],[1.9716088328075707],Bool[0],[0.23200000000000004],Bool[1],[3.8661415e6],[0.23200000000000004],[-0.10408927937657193],[3.680057e6],[0.402],[3.0822077922077924e6],[1.6094379116505069],[-2.0],[1.9716088328075707],Bool[0],[1.9936204146730456],[0.4],Bool[0],[3.041362530413625],[19],[0.8991179204317887],[0.46],[0.693147180024198],Bool[0],Bool[0],[19],[2.6927e6],[4],[2.132674545454545e8],[0.07728373657217898],[-2.0],[-2.0],Bool[0],[1.6094379115395763],[3.3376097560975617e6],[3.37420625e6],[1],[1.0986122881087348],Bool[0],Bool[0],[0.29759486400000007],[0.4],[4],Bool[1],[0.7391830537279147],[0.402],[3.0822077922077924e6],[20],[0.9875790452558819],[3.72015e6],[-0.05655113396124852],[0.2],[0.3557848],[2],[1.6094379116148827],[0.3119088274736706],[4],[4],[0.45362477517878147],[0.3119088274736706],[0.4004093863235476]
"String3[""L1""]","String3[""L2""]","String3[""L2""]","String3[""L1""]","String3[""L3""]","String3[""L1""]","String7[""C1_3""]","String7[""D1_3""]","String7[""F1_1""]","String3[""L1""]","String3[""L1""]","String3[""L1""]","[""L0""]","String3[""L1""]","String3[""L_1""]","String3[""M_1""]","String7[""N1_1""]",[0.0],[5],[2.497709e6],Bool[0],Bool[0],[0],[-0.10273082641725483],[1.5632585e8],[2.0],[10],[2],[2.508375e6],[0.01987996957972436],[0.499908864],[-0.020569419525635586],[0.8478221137054384],[2.510101e6],[1.0],[10],[20],[0.9950631468614212],[0.9950631468614212],[1.098612288378889],[1.843852e8],[0.28],[0],Bool[0],[20],[2.508375e6],[0.49954180000000004],[1.5632585e8],[10],[1.609437911845494],Bool[0],[1.0],[2.0],Bool[0],[0],[0.9983322550292357],[1.0],[1.0986122883430587],[0.9950880729189202],[0],[1.0986122880617932],[0.6931471805036666],Bool[0],[-0.027582272759071814],[0.3428867229392238],[3.4153005464480874],Bool[0],[0.503],Bool[0],[2.510101e6],[0.503],[0.0880767984273636],[2.497709e6],[0.475],[2.5214e6],[1.6094379114945807],[0.0],[3.4153005464480874],Bool[0],[3.2051282051282053],[0.2],Bool[0],[3.2051282051282053],[20],[0.9950880729189202],[1.0],[0.6931471802724712],Bool[0],Bool[0],[20],[2.5214e6],[6],[1.843852e8],[-0.028558222660793418],[2.0],[2.0],Bool[0],[1.6094379114549775],[2.5214e6],[2.49935e6],[2],[1.098612288122034],Bool[0],Bool[0],[0.499908864],[0.2],[6],Bool[0],[0.8478221137054384],[0.475],[2.5214e6],[10],[0.9983322550292357],[2.49935e6],[-0.005048043699226867],[0.28],[0.49954180000000004],[5],[1.6094379117227486],[0.3428867229392238],[6],[6],[0.02124016873755951],[0.3428867229392238],[0.3428867229392238]
"String3[""L1""]","String3[""L2""]","String3[""L2""]","String3[""L1""]","String3[""L3""]","String3[""L1""]","String7[""C1_3""]","String7[""D1_3""]","String7[""F1_2""]","String3[""L1""]","String3[""L1""]","String3[""L1""]","[""L0""]","String3[""L3""]","String3[""L_3""]","String3[""M_2""]","String7[""N1_2""]",[2.0],[3],[3.466962e6],Bool[0],Bool[0],[0],[-0.09681507574244216],[1.6774218181818184e8],[-2.0],[16],[2],[3.8004125e6],[0.013023734641031334],[0.267306536],[-0.07353526613549317],[0.7623102007456818],[3.8376865e6],[0.4],[16],[17],[0.9351309701821657],[0.9033989618484991],[1.0986122883515228],[2.200445194805194e8],[0.3],[0],Bool[0],[4],[3.8004125e6],[0.333123],[1.6774218181818184e8],[16],[1.6094379116768611],Bool[0],[0.14],[0.0],Bool[0],[0],[0.9017419953737339],[0.14],[1.0986122880484013],[0.9365175566301002],[0],[1.0986122879024967],[0.693147180449601],Bool[0],[-0.1513975999232864],[0.42067468947869924],[2.3992322456813824],Bool[0],[0.119],Bool[1],[3.8376865e6],[0.119],[-0.09393651146606047],[3.5887395e6],[0.33099999999999996],[3.1612375e6],[1.6094379116504067],[2.0],[2.3992322456813824],Bool[0],[4.098360655737705],[0.38],Bool[0],[2.7173913043478257],[20],[0.9048039190486972],[0.4],[0.6931471802192531],Bool[0],Bool[0],[20],[3.142833333333333e6],[6],[2.200445194805194e8],[-0.052459937892931394],[2.0],[2.0],Bool[0],[1.6094379115555915],[3.2223571428571427e6],[3.3770125e6],[2],[1.0986122881027638],Bool[0],Bool[0],[0.267306536],[0.32],[6],Bool[1],[0.7623102007456818],[0.33099999999999996],[3.1612375e6],[19],[0.9525690292256335],[3.56538125e6],[-0.023342203656206616],[0.14],[0.333123],[3],[1.6094379115775461],[0.32018993483243663],[6],[6],[0.46509662906540183],[0.32018993483243663],[0.42067468947869924]
"String3[""L1""]","String3[""L2""]","String3[""L2""]","String3[""L1""]","String3[""L3""]","String3[""L1""]","String7[""C1_3""]","String7[""D1_3""]","String7[""F1_1""]","String3[""L1""]","String3[""L1""]","String3[""L1""]","[""L0""]","String3[""L2""]","String3[""L_1""]","String3[""M_1""]","String7[""N1_1""]",[2.0],[4],[2.502447e6],Bool[0],Bool[0],[0],[0.021233017961882684],[1.5467515e8],[2.0],[11],[2],[2.554475e6],[0.008893376648599538],[0.501657032],[0.014786726185041616],[0.8249341333333333],[2.548913e6],[1.0],[11],[20],[0.9817702683457615],[0.9817702683457615],[1.0986122883065241],[1.875e8],[0.2],[0],Bool[0],[20],[2.554475e6],[0.5004894],[1.5467515e8],[11],[1.6094379118063475],Bool[0],[1.0],[2.0],Bool[0],[0],[0.9897152160536915],[1.0],[1.0986122882942544],[0.9818674341839749],[0],[1.098612288073122],[0.6931471804210028],Bool[0],[0.024482572294280622],[0.14463637772012958],[3.2133676092544983],Bool[0],[0.5750000000000001],Bool[1],[2.548913e6],[0.5750000000000001],[0.014294855668927929],[2.502447e6],[0.507],[2.8143125e6],[1.6094379116979338],[2.0],[3.2133676092544983],Bool[0],[3.0193236714975846],[0.22],Bool[0],[3.0193236714975846],[20],[0.9818674341839749],[1.0],[0.6931471801469129],Bool[0],Bool[0],[20],[2.8143125e6],[4],[1.875e8],[0.05456859219506133],[2.0],[2.0],Bool[0],[1.6094379114129282],[2.8143125e6],[2.502525e6],[2],[1.0986122881470726],Bool[0],Bool[0],[0.501657032],[0.22],[5],Bool[1],[0.8249341333333333],[0.507],[2.8143125e6],[11],[0.9897152160536915],[2.502525e6],[-0.05119585151254724],[0.2],[0.5004894],[4],[1.6094379116244475],[0.14463637772012958],[4],[5],[0.01877662802528719],[0.14463637772012958],[0.14463637772012958]
"String3[""L1""]","String3[""L2""]","String3[""L2""]","String3[""L1""]","String3[""L3""]","String3[""L1""]","String7[""C1_3""]","String7[""D1_3""]","String7[""F1_1""]","String3[""L1""]","String3[""L1""]","String3[""L1""]","[""L0""]","String3[""L3""]","String3[""L_1""]","String3[""M_1""]","String7[""N1_1""]",[2.0],[4],[2.498059e6],Bool[0],Bool[0],[0],[-0.03044497676519881],[1.4734905e8],[-2.0],[13],[2],[2.518875e6],[0.0018151759665137805],[0.49978394400000004],[-0.041093381216266905],[0.8131679982252018],[2.523201e6],[1.0],[13],[20],[0.989875558863523],[0.9900356729408398],[1.0986122883799783],[1.812037e8],[0.04],[0],Bool[0],[20],[2.518875e6],[0.499531],[1.4734905e8],[13],[1.609437911635971],Bool[0],[0.98],[-2.0],Bool[0],[0],[0.993931417070594],[0.98],[1.0986122882795124],[0.9899184836388857],[0],[1.0986122881955394],[0.6931471804441673],Bool[0],[-0.028766145480144056],[0.1889025582039587],[3.048780487804878],Bool[0],[0.43400000000000005],Bool[0],[2.523201e6],[0.43400000000000005],[-0.0025311182755471968],[2.497655e6],[0.475],[2.4935555555555555e6],[1.6094379116318693],[2.0],[3.048780487804878],Bool[0],[2.1043771043771042],[0.26],Bool[0],[2.1294718909710393],[20],[0.9900793052622288],[1.0],[0.6931471801811206],Bool[0],Bool[0],[20],[2.4935555555555555e6],[3],[1.812037e8],[-0.010065888866603239],[-2.0],[-2.0],Bool[0],[1.6094379115331383],[2.4935555555555555e6],[2.4991e6],[2],[1.0986122880687013],Bool[0],Bool[0],[0.49978394400000004],[0.26],[4],Bool[0],[0.8131679982252018],[0.475],[2.4935555555555555e6],[13],[0.9938527968652844],[2.497775e6],[0.017914271030411287],[0.04],[0.499531],[4],[1.6094379114878277],[0.20278288018469412],[3],[4],[0.006344800706089992],[0.20278288018469412],[0.1889025582039587]
"String3[""L1""]","String3[""L2""]","String3[""L2""]","String3[""L1""]","String3[""L3""]","String3[""L1""]","String7[""C1_3""]","String7[""D1_3""]","String7[""F1_3""]","String3[""L1""]","String3[""L1""]","String3[""L1""]","[""L0""]","String3[""L1""]","String3[""L_1""]","String3[""M_1""]","String7[""N1_1""]",[0.0],[4],[3.770362605633806e6],Bool[0],Bool[0],[2],[0.015419387145452133],[2.2080418819188195e8],[-1.0],[3],[2],[3.810105633802823e6],[0.009863211764675328],[0.215011644],[-0.04763599462685228],[0.9757338875645728],[3.812677676056342e6],[1.0],[3],[20],[0.9895977879433113],[0.9889014823654579],[1.0986122882757197],[2.2364810701107013e8],[0.68],[0],Bool[0],[0],[3.810105633802823e6],[0.20129019999999997],[2.1822103690036905e8],[3],[1.6094379116655029],Bool[1],[0.94],[0.0],Bool[0],[0],[1.0],[0.94],[1.0986122881987395],[0.9891666934163845],[0],[1.098612288003838],[0.6931471803150613],Bool[0],[-0.006401945549022031],[0.2616739256402899],[3.213367609254498],Bool[0],[0.0],Bool[0],[3.812677676056342e6],[0.0],[0.039489743144865086],[3.773017394366201e6],[0.0],[3.6357272727272725e6],[1.6094379117569244],[0.0],[3.213367609254498],Bool[1],[3.048780487804878],[0.22],Bool[0],[3.1017369727047144],[20],[0.9884534528086979],[1.0],[0.6931471800408718],Bool[0],Bool[1],[0],[3.1239e6],[4],[2.2364810701107013e8],[-0.005631268497896428],[-1.0],[0.0],Bool[0],[1.6094379116088873],[3.594294117647059e6],[3.810105633802823e6],[2],[1.0986122881368008],Bool[0],Bool[0],[0.21501164400000003],[0.06],[5],Bool[0],[0.987283957565322],[0.0],[3.1239e6],[11],[1.0],[3.810105633802823e6],[-0.0025780974578567223],[0.7],[0.2012902],[4],[1.6094379115857054],[0.26527247003788385],[4],[5],[0.018485761006785742],[0.26527247003788385],[0.2616739256402899]
"String3[""L1""]","String3[""L2""]","String3[""L2""]","String3[""L1""]","String3[""L3""]","String3[""L1""]","String7[""C1_3""]","String7[""D1_3""]","String7[""F1_1""]","String3[""L1""]","String3[""L1""]","String3[""L1""]","[""L0""]","String3[""L1""]","String3[""L_1""]","String3[""M_2""]","String7[""N1_1""]",[2.0],[3],[2.501732e6],Bool[0],Bool[0],[0],[-0.0936796077750308],[1.235439e8],[-2.0],[20],[1],[2.5507e6],[0.014228593040503121],[0.496144344],[0.18650303255433004],[0.6589008],[2.546876e6],[1.0],[20],[20],[0.9815185348638882],[0.982274755425863],[1.0986122883262983],[1.875e8],[0.36],[0],Bool[0],[20],[2.5507e6],[0.49996120000000005],[1.235439e8],[20],[1.6094379118138635],Bool[0],[0.94],[-2.0],Bool[0],[0],[0.9962371546585294],[0.94],[1.0986122882975542],[0.9817175362439927],[0],[1.0986122882320948],[0.6931471804449281],Bool[0],[0.029223472888091698],[0.2851377372990113],[2.3020257826887662],Bool[0],[0.335],Bool[1],[2.546876e6],[0.335],[0.00671497944263002],[2.499806e6],[0.54],[2.59865e6],[1.6094379117861695],[2.0],[2.3020257826887662],Bool[0],[2.8344671201814053],[0.4],Bool[0],[2.5354969574036508],[20],[0.9824645139684225],[1.0],[0.6931471802383956],Bool[0],Bool[0],[20],[2.5815e6],[4],[1.875e8],[-0.0038552982825729915],[-2.0],[-2.0],Bool[0],[1.6094379115626674],[2.5815e6],[2.523075e6],[1],[1.0986122881580993],Bool[0],Bool[0],[0.496144344],[0.4],[5],Bool[1],[0.6589008],[0.54],[2.59865e6],[20],[0.9959400360047012],[2.519825e6],[-0.013856771411594101],[0.38],[0.49996120000000005],[3],[1.6094379116827797],[0.24287266052810474],[4],[5],[0.18324914524220842],[0.24287266052810474],[0.2851377372990113]
"String3[""L1""]","String3[""L2""]","String3[""L2""]","String3[""L1""]","String3[""L3""]","String3[""L1""]","String7[""C1_3""]","String7[""D1_3""]","String7[""F1_3""]","String3[""L1""]","String3[""L1""]","String3[""L1""]","[""L0""]","String3[""L2""]","String3[""L_1""]","String3[""M_1""]","String7[""N1_1""]",[0.0],[4],[3.906071777003473e6],Bool[0],Bool[0],[2],[0.0002946523259880064],[2.11518346456693e8],[1.0],[5],[2],[3.98260452961671e6],[0.011022435357997504],[0.21364174],[0.08659416656845458],[0.949878969136908],[3.9461470383275137e6],[1.0],[4],[18],[0.9913634099225446],[0.9898444581677257],[1.0986122881995648],[2.2179870078740165e8],[0.68],[0],Bool[0],[0],[3.98260452961671e6],[0.213702],[2.098557176470588e8],[9],[1.6094379118488475],Bool[1],[0.94],[0.0],Bool[0],[0],[1.0],[0.94],[1.0986122881927314],[0.9910980924098182],[0],[1.0986122879709936],[0.693147180369099],Bool[0],[0.06301668900584402],[0.18222641753598734],[3.51123595505618],Bool[0],[0.0],Bool[0],[3.9461470383275137e6],[0.0],[0.04092036657452582],[3.9120657839721143e6],[0.0],[3.6034088050314467e6],[1.6094379118701174],[0.0],[3.51123595505618],Bool[1],[3.3422459893048124],[0.3],Bool[0],[3.1806615776081424],[20],[0.9896260315871896],[1.0],[0.6931471801214532],Bool[0],Bool[1],[0],[3.1434722222222225e6],[4],[2.2092890196078432e8],[-0.06064521175696498],[1.0],[0.0],Bool[0],[1.609437911781785],[3.4936060606060605e6],[3.9561219512194945e6],[2],[1.0986122880118712],Bool[0],Bool[0],[0.21364173999999997],[0.1],[6],Bool[0],[0.9536500696613072],[0.0],[3.1434722222222225e6],[15],[1.0],[3.977437282229949e6],[0.04784463451535376],[0.66],[0.21370199999999998],[4],[1.6094379116854542],[0.16006744593451847],[4],[6],[0.01363478081965381],[0.16006744593451847],[0.18222641753598734]
"String3[""L1""]","String3[""L2""]","String3[""L2""]","String3[""L1""]","String3[""L3""]","String3[""L1""]","String7[""C1_3""]","String7[""D1_3""]","String7[""F1_1""]","String3[""L1""]","String3[""L1""]","String3[""L1""]","[""L0""]","String3[""L2""]","String3[""L_1""]","String3[""M_2""]","String7[""N1_1""]",[-2.0],[3],[2.522944e6],Bool[0],Bool[0],[0],[0.06508304724663375],[1.338563e8],[2.0],[15],[2],[2.660175e6],[0.006987760518329472],[0.502370312],[-0.024848608539750117],[0.7384602738380832],[2.65405e6],[0.92],[15],[20],[0.9548795237467267],[0.9506015335053974],[1.0986122882963585],[1.8126405e8],[0.14],[0],Bool[0],[20],[2.660175e6],[0.5068596],[1.338563e8],[15],[1.6094379118394404],Bool[0],[0.7],[2.0],Bool[0],[0],[0.9658110567050087],[0.7],[1.0986122883559446],[0.9550374238318332],[0],[1.0986122880620257],[0.6931471804230123],Bool[0],[0.06452633982514498],[0.08005861043010927],[2.3277467411545625],Bool[0],[0.533],Bool[1],[2.65405e6],[0.533],[0.07729939367638201],[2.534298e6],[0.593],[2.617777777777778e6],[1.6094379116981963],[-2.0],[2.3277467411545625],Bool[0],[1.9716088328075707],[0.3],Bool[0],[1.9872813990461045],[20],[0.9506871657877477],[0.92],[0.6931471801223066],Bool[0],Bool[0],[20],[2.6397e6],[2],[1.8126405e8],[0.05192520954248512],[2.0],[2.0],Bool[0],[1.6094379116474837],[2.6397e6],[2.557725e6],[2],[1.0986122881181164],Bool[0],Bool[0],[0.502370312],[0.3],[3],Bool[1],[0.7384602738380832],[0.593],[2.617777777777778e6],[15],[0.972720677890593],[2.567025e6],[-0.0033620579884398793],[0.14],[0.5068596],[3],[1.6094379116466373],[0.09133072376807272],[2],[3],[0.0019852213982324593],[0.09133072376807272],[0.08005861043010927]
"String3[""L1""]","String3[""L2""]","String3[""L2""]","String3[""L1""]","String3[""L3""]","String3[""L1""]","String7[""C1_3""]","String7[""D1_3""]","String7[""F1_1""]","String3[""L1""]","String3[""L1""]","String3[""L1""]","[""L0""]","String3[""L3""]","String3[""L_1""]","String3[""M_2""]","String7[""N1_1""]",[-2.0],[4],[2.500733e6],Bool[0],Bool[0],[0],[0.030073238056384035],[1.531098e8],[2.0],[11],[2],[2.5137e6],[0.013207067887285578],[0.500040776],[0.02690811761895374],[0.8165856],[2.517571e6],[0.98],[11],[20],[0.9931974113143185],[0.9933118072936176],[1.098612288328253],[1.875e8],[0.14],[0],Bool[0],[20],[2.5137e6],[0.5000890000000001],[1.531098e8],[11],[1.6094379117691746],Bool[0],[0.72],[2.0],Bool[0],[0],[0.99712570214082],[0.72],[1.098612288125018],[0.9932234371820067],[0],[1.098612287995419],[0.693147180419341],Bool[0],[0.019701279470669904],[0.17463637188169023],[3.109452736318408],Bool[0],[0.494],Bool[0],[2.517571e6],[0.494],[-0.027469295243388796],[2.500445e6],[0.512],[2.4825e6],[1.6094379116792172],[-2.0],[3.109452736318408],Bool[0],[2.4271844660194173],[0.22],Bool[0],[2.515090543259557],[20],[0.9933432122452827],[0.98],[0.6931471802243442],Bool[0],Bool[0],[20],[2.6629333333333335e6],[4],[1.875e8],[0.006377327008640507],[2.0],[2.0],Bool[0],[1.6094379116158695],[2.6629333333333335e6],[2.5004e6],[2],[1.0986122882384932],Bool[0],Bool[0],[0.500040776],[0.22],[4],Bool[0],[0.8165856],[0.512],[2.4825e6],[11],[0.995895114218877],[2.4994e6],[0.01741888319996334],[0.2],[0.5000890000000001],[4],[1.6094379116481543],[0.1040593214661714],[4],[4],[0.03634201953661904],[0.1040593214661714],[0.17463637188169023]
"String3[""L1""]","String3[""L2""]","String3[""L2""]","String3[""L1""]","String3[""L3""]","String3[""L1""]","String7[""C1_3""]","String7[""D1_3""]","String7[""F1_3""]","String3[""L1""]","String3[""L1""]","String3[""L1""]","[""L0""]","String3[""L3""]","String3[""L_1""]","String3[""M_1""]","String7[""N1_1""]",[0.0],[5],[4.0464626755852876e6],Bool[0],Bool[0],[2],[-0.022893357426087398],[2.133426043478261e8],[1.0],[2],[2],[4.101115384615395e6],[0.013994845641161867],[0.224897872],[-0.011238534551079692],[0.9600409372027214],[4.0855580602006735e6],[1.0],[2],[16],[0.9901502466645993],[0.9904308336733157],[1.0986122882412723],[2.1878260434782606e8],[0.58],[0],Bool[0],[0],[4.101115384615395e6],[0.2240204],[2.1004025652173913e8],[5],[1.6094379117577362],Bool[1],[0.98],[0.0],Bool[0],[0],[1.0],[0.98],[1.09861228824865],[0.9901765844397065],[0],[1.0986122880254074],[0.6931471802492828],Bool[0],[-0.056573126927863336],[0.2538901131119524],[3.7425149700598803],Bool[0],[0.0],Bool[0],[4.0855580602006735e6],[0.0],[-0.005971561664327865],[4.0453163210702385e6],[0.0],[3.5627438016528925e6],[1.6094379116402702],[0.0],[3.7425149700598803],Bool[1],[3.443526170798898],[0.34],Bool[0],[3.5310734463276834],[15],[0.9904564278136331],[1.0],[0.6931471799612423],Bool[0],Bool[1],[0],[3.188675675675676e6],[4],[2.1878260434782606e8],[-0.025676962097668985],[1.0],[0.0],Bool[0],[1.6094379114854747],[3.5357902097902102e6],[4.0567341137123797e6],[2],[1.098612288084015],Bool[0],Bool[0],[0.22489787199999997],[0.04],[6],Bool[0],[0.9751351346410004],[0.0],[3.188675675675676e6],[17],[1.0],[4.0517107023411402e6],[-0.07098798446726566],[0.6],[0.2240204],[5],[1.6094379116405162],[0.2608643124998128],[4],[6],[0.014295087827642062],[0.2608643124998128],[0.2538901131119524]
"String3[""L1""]","String3[""L2""]","String3[""L2""]","String3[""L1""]","String3[""L3""]","String3[""L1""]","String7[""C1_3""]","String7[""D1_3""]","String7[""F1_1""]","String3[""L1""]","String3[""L1""]","String3[""L1""]","[""L0""]","String3[""L1""]","String3[""L_2""]","String3[""M_1""]","String7[""N1_1""]",[-2.0],[4],[2.504081e6],Bool[0],Bool[0],[0],[-0.06808350860539698],[1.4288355e8],[-2.0],[15],[2],[2.547275e6],[0.00783364232014711],[0.498657632],[0.04945357338969218],[0.7620456],[2.542993e6],[0.98],[15],[20],[0.9843161188410664],[0.9846983456108609],[1.0986122883585705],[1.875e8],[0.34],[0],Bool[0],[20],[2.547275e6],[0.5006218],[1.4288355e8],[15],[1.609437911836782],Bool[0],[0.7],[-2.0],Bool[0],[0],[0.9971773055803241],[0.7],[1.098612288291229],[0.9844683692110273],[0],[1.0986122881013198],[0.6931471803566616],Bool[0],[-0.0685373766916589],[0.30854331401603896],[3.351206434316354],Bool[0],[0.44600000000000006],Bool[0],[2.542993e6],[0.44600000000000006],[-0.10182404801597662],[2.503109e6],[0.5319999999999999],[2.528722222222222e6],[1.6094379118847186],[-2.0],[3.351206434316354],Bool[0],[2.860411899313501],[0.3],Bool[0],[3.4916201117318435],[20],[0.984824791776393],[0.98],[0.6931471799361077],Bool[0],Bool[0],[20],[2.5238333333333335e6],[5],[1.875e8],[-0.037724840748780984],[-2.0],[-2.0],Bool[0],[1.6094379117024393],[2.5238333333333335e6],[2.51485e6],[2],[1.09861228811105],Bool[0],Bool[0],[0.498657632],[0.3],[6],Bool[0],[0.7620456],[0.5319999999999999],[2.528722222222222e6],[15],[0.9971773055803241],[2.512375e6],[-0.059009629735565595],[0.4],[0.5006218],[4],[1.6094379116690294],[0.30218010626776876],[4],[6],[0.3091606970881001],[0.30218010626776876],[0.30854331401603896]
"String3[""L1""]","String3[""L2""]","String3[""L2""]","String3[""L1""]","String3[""L3""]","String3[""L1""]","String7[""C1_3""]","String7[""D1_3""]","String7[""F1_3""]","String3[""L1""]","String3[""L1""]","String3[""L1""]","[""L0""]","String3[""L1""]","String3[""L_1""]","String3[""M_2""]","String7[""N1_1""]",[0.0],[4],[3.8685833444816065e6],Bool[0],Bool[0],[2],[-0.09434145253267007],[2.2453723825503358e8],[0.0],[2],[2],[3.9051571906354534e6],[0.014176081784247662],[0.22025216399999997],[0.016718188591289856],[0.9442177857911719],[3.896464949832778e6],[1.0],[1],[20],[0.9928644695025938],[0.992844384407367],[1.0986122881713967],[2.2537396979865775e8],[0.72],[0],Bool[0],[0],[3.9051571906354534e6],[0.20298499999999997],[2.1280211073825505e8],[6],[1.6094379118353452],Bool[1],[0.98],[0.0],Bool[0],[0],[1.0],[0.98],[1.098612288304062],[0.9925737629875041],[0],[1.0986122881234315],[0.6931471804423472],Bool[0],[-0.13716482470725416],[0.319098837102237],[3.4916201117318435],Bool[0],[0.0],Bool[0],[3.896464949832778e6],[0.0],[-0.04980464124826553],[3.868661605351172e6],[0.0],[3.2978636363636367e6],[1.6094379116996247],[0.0],[3.4916201117318435],Bool[1],[2.997601918465228],[0.34],Bool[0],[2.941176470588235],[20],[0.9925540703607938],[1.0],[0.6931471802959966],Bool[0],Bool[1],[0],[3.1454459459459456e6],[4],[2.2537396979865775e8],[-0.04976208003054482],[1.0],[0.0],Bool[0],[1.6094379116305362],[3.041820754716981e6],[3.896560200668903e6],[2],[1.0986122880135523],Bool[0],Bool[0],[0.22025216399999997],[0.04],[6],Bool[0],[0.9962873638673904],[0.0],[3.1454459459459456e6],[17],[1.0],[3.896560200668903e6],[-0.12058445590916161],[0.7],[0.20298499999999997],[4],[1.609437911674689],[0.31028629979423844],[4],[6],[0.054539415471748495],[0.31028629979423844],[0.319098837102237]
"String3[""L1""]","String3[""L2""]","String3[""L2""]","String3[""L1""]","String3[""L3""]","String3[""L1""]","String7[""C1_3""]","String7[""D1_3""]","String7[""F1_1""]","String3[""L1""]","String3[""L1""]","String3[""L1""]","[""L0""]","String3[""L2""]","String3[""L_2""]","String3[""M_1""]","String7[""N1_1""]",[-2.0],[4],[2.500326e6],Bool[0],Bool[0],[0],[-0.06673301969877225],[1.4049015e8],[2.0],[15],[2],[2.514525e6],[0.004880504891914356],[0.49983977599999996],[0.08899469106222817],[0.7750936936052218],[2.517976e6],[0.92],[15],[20],[0.9944518931077977],[0.9929904018147909],[1.0986122882232876],[1.812557e8],[0.12],[0],Bool[0],[20],[2.514525e6],[0.5008012],[1.4049015e8],[15],[1.6094379117241964],Bool[0],[0.48],[2.0],Bool[0],[0],[0.9961546572115824],[0.48],[1.0986122882288574],[0.9944645723157137],[0],[1.0986122879415516],[0.6931471804919966],Bool[0],[0.015357178028824442],[0.18746934610223615],[3.8819875776397517],Bool[0],[0.45999999999999996],Bool[0],[2.517976e6],[0.45999999999999996],[-0.09843662289407502],[2.504006e6],[0.5309999999999999],[2.47765e6],[1.609437911896501],[-2.0],[3.8819875776397517],Bool[0],[2.9137529137529135],[0.3],Bool[0],[3.132832080200501],[20],[0.993012812996507],[0.92],[0.693147180182948],Bool[0],Bool[0],[20],[2.51905e6],[4],[1.812557e8],[0.03079001009376889],[-2.0],[-2.0],Bool[0],[1.6094379118393372],[2.51905e6],[2.498825e6],[2],[1.098612288100198],Bool[0],Bool[0],[0.49983977599999996],[0.3],[4],Bool[0],[0.7750936936052218],[0.5309999999999999],[2.47765e6],[15],[0.9959454874342474],[2.5017e6],[0.07575023976128875],[0.18],[0.5008012],[4],[1.6094379115702901],[0.04519862528882932],[4],[4],[0.1636871275574228],[0.04519862528882932],[0.18746934610223615]
"String3[""L1""]","String3[""L2""]","String3[""L2""]","String3[""L1""]","String3[""L3""]","String3[""L1""]","String7[""C1_3""]","String7[""D1_3""]","String7[""F1_3""]","String3[""L1""]","String3[""L1""]","String3[""L1""]","[""L0""]","String3[""L2""]","String3[""L_1""]","String3[""M_2""]","String7[""N1_1""]",[0.0],[4],[3.914229268292675e6],Bool[0],Bool[0],[2],[0.039220983693413945],[2.1869354578754574e8],[1.0],[2],[2],[3.9946881533101024e6],[0.017704311470037426],[0.216350452],[-0.006613817784416264],[0.9754104323142397],[3.9789489895470305e6],[1.0],[2],[19],[0.991986222685037],[0.9837344682165118],[1.0986122881993197],[2.2327792673992667e8],[0.74],[0],Bool[0],[0],[3.9946881533101024e6],[0.2165508],[2.1778761904761901e8],[3],[1.609437911771443],Bool[1],[0.88],[0.0],Bool[0],[0],[1.0],[0.88],[1.0986122882063118],[0.9918047136329782],[0],[1.098612288014396],[0.6931471804439733],Bool[0],[0.0433934834071875],[0.19978475341226618],[3.551136363636364],Bool[0],[0.0],Bool[0],[3.9789489895470305e6],[0.0],[0.06863385110453649],[3.9470625783972037e6],[0.0],[3.545790697674416e6],[1.6094379117398256],[0.0],[3.551136363636364],Bool[1],[3.0712530712530715],[0.32],Bool[0],[3.2637075718015667],[18],[0.9832718656012358],[1.0],[0.6931471801660086],Bool[0],Bool[1],[0],[3.242902777777778e6],[5],[2.2327792673992667e8],[-0.01645946347473784],[-1.0],[0.0],Bool[0],[1.6094379116566686],[3.6237862068965514e6],[3.9790975609755972e6],[2],[1.0986122879962636],Bool[0],Bool[0],[0.21635045199999997],[0.04],[5],Bool[0],[0.9794678272979451],[0.0],[3.242902777777778e6],[16],[1.0],[3.9790975609755972e6],[0.00144256653289033],[0.7],[0.21655080000000002],[4],[1.6094379117036441],[0.21777517695090964],[4],[5],[0.016798443261207278],[0.21777517695090964],[0.19978475341226618]
"String3[""L1""]","String3[""L2""]","String3[""L2""]","String3[""L1""]","String3[""L3""]","String3[""L1""]","String7[""C1_3""]","String7[""D1_3""]","String7[""F1_1""]","String3[""L1""]","String3[""L1""]","String3[""L1""]","[""L0""]","String3[""L3""]","String3[""L_2""]","String3[""M_1""]","String7[""N1_1""]",[-2.0],[4],[2.509029e6],Bool[0],Bool[0],[0],[-0.032854494367169175],[1.3217505e8],[-2.0],[18],[2],[2.52175e6],[0.015985049495996096],[0.5001445600000001],[-0.03163030708182034],[0.7049336],[2.523863e6],[0.66],[18],[20],[0.9917602500611167],[0.9941225018949127],[1.098612288158125],[1.875e8],[0.14],[0],Bool[0],[20],[2.52175e6],[0.5006134],[1.3217505e8],[18],[1.6094379117743105],Bool[0],[0.38],[-2.0],Bool[0],[0],[0.9973401186351099],[0.38],[1.098612288114436],[0.9917909572726245],[0],[1.098612287833892],[0.6931471803880858],Bool[0],[-0.025512454459034505],[0.42976132788327986],[3.2133676092544983],Bool[0],[0.519],Bool[1],[2.523863e6],[0.519],[0.03664660797180538],[2.503067e6],[0.544],[2.5527e6],[1.609437911827913],[-2.0],[3.2133676092544983],Bool[0],[2.039151712887439],[0.36],Bool[0],[1.876876876876877],[20],[0.9941309836231517],[0.66],[0.6931471800296116],Bool[0],Bool[0],[20],[2.5438e6],[3],[1.875e8],[-0.01660624667915894],[-2.0],[-2.0],Bool[0],[1.6094379117551147],[2.5438e6],[2.5044e6],[2],[1.09861228789878],Bool[0],Bool[0],[0.5001445600000001],[0.36],[6],Bool[1],[0.7049336],[0.544],[2.5527e6],[18],[0.9967849949737504],[2.50135e6],[-0.02788411909488114],[0.14],[0.5006134],[4],[1.6094379116712434],[0.37878405318070085],[4],[6],[0.32007986338412486],[0.37878405318070085],[0.42976132788327986]
"String3[""L1""]","String3[""L2""]","String3[""L2""]","String3[""L1""]","String3[""L3""]","String3[""L1""]","String7[""C1_3""]","String7[""D1_3""]","String7[""F1_1""]","String3[""L1""]","String3[""L1""]","String3[""L1""]","[""L0""]","String3[""L1""]","String3[""L_2""]","String3[""M_2""]","String7[""N1_1""]",[-2.0],[3],[2.507506e6],Bool[0],Bool[0],[0],[-0.028245668926229168],[1.265078e8],[-2.0],[20],[1],[2.5296e6],[0.010759720442465053],[0.500459104],[-0.014812938107625165],[0.6864925054834617],[2.526028e6],[0.92],[20],[20],[0.9888813584014112],[0.9926675397105653],[1.0986122882615459],[1.842814e8],[0.4],[0],Bool[0],[20],[2.5296e6],[0.49958839999999993],[1.265078e8],[20],[1.6094379117196946],Bool[0],[0.68],[-2.0],Bool[0],[0],[0.9996007744974749],[0.68],[1.098612288215762],[0.9889586423211799],[0],[1.0986122880150924],[0.6931471802877269],Bool[0],[-0.016117465507839785],[0.20167432165746832],[2.50501002004008],Bool[0],[0.524],Bool[1],[2.526028e6],[0.524],[-0.01255446973112514],[2.497942e6],[0.495],[2.54455e6],[1.6094379116530126],[-2.0],[2.50501002004008],Bool[0],[3.531073446327683],[0.4],Bool[0],[3.4246575342465757],[20],[0.9927060049105393],[0.92],[0.6931471799649338],Bool[0],Bool[0],[20],[2.679533333333333e6],[4],[1.842814e8],[0.024151711624450425],[-2.0],[-2.0],Bool[0],[1.6094379114543835],[2.679533333333333e6],[2.517325e6],[1],[1.0986122881149998],Bool[0],Bool[0],[0.500459104],[0.4],[4],Bool[1],[0.6864925054834617],[0.495],[2.54455e6],[20],[0.9956348434090094],[2.50835e6],[0.008876396238846325],[0.5],[0.49958839999999993],[3],[1.6094379115869555],[0.1482661526310034],[4],[4],[0.16968550915148883],[0.1482661526310034],[0.20167432165746832]
"String3[""L1""]","String3[""L2""]","String3[""L2""]","String3[""L1""]","String3[""L3""]","String3[""L1""]","String7[""C1_3""]","String7[""D1_3""]","String7[""F1_3""]","String3[""L1""]","String3[""L1""]","String3[""L1""]","[""L0""]","String3[""L3""]","String3[""L_1""]","String3[""M_2""]","String7[""N1_1""]",[0.0],[3],[3.998434117647054e6],Bool[0],Bool[0],[0],[0.038307805334248816],[2.0264726153846154e8],[1.0],[20],[1],[4.0969232026143745e6],[0.010469280983028493],[0.23349613600000002],[-0.031598760966639335],[0.9139730675008302],[4.068622745098033e6],[1.0],[11],[19],[0.9904990412197748],[0.9827487993239128],[1.0986122883359402],[2.2172126153846154e8],[0.6],[0],Bool[0],[0],[4.0969232026143745e6],[0.2193766],[2.0264726153846154e8],[11],[1.6094379117329267],Bool[0],[0.76],[0.0],Bool[0],[0],[1.0],[0.76],[1.0986122883895415],[0.990315043958747],[0],[1.0986122881535239],[0.6931471804216467],Bool[0],[-0.015206964470575294],[0.1887898262089353],[2.147766323024055],Bool[0],[0.0],Bool[1],[4.068622745098033e6],[0.0],[-0.0145311912659042],[4.02996692810457e6],[0.0],[3.1167592592592593e6],[1.6094379117623627],[0.0],[2.147766323024055],Bool[0],[2.6881720430107525],[0.4],Bool[0],[2.997601918465228],[20],[0.9824498123101166],[1.0],[0.6931471802164586],Bool[0],Bool[1],[0],[3.1084857142857146e6],[4],[2.2172126153846154e8],[0.08613828603009827],[-1.0],[0.0],Bool[0],[1.6094379117200384],[3.592433121019108e6],[4.051454248366014e6],[1],[1.0986122879675408],Bool[1],Bool[0],[0.23349613599999997],[0.4],[5],Bool[1],[0.9139730675008302],[0.0],[3.1084857142857146e6],[20],[1.0],[4.0642254901960734e6],[-0.06759669477340388],[0.52],[0.2193766],[3],[1.609437911638433],[0.1962164072650399],[4],[5],[0.18573421461863188],[0.1962164072650399],[0.1887898262089353]
"String3[""L1""]","String3[""L2""]","String3[""L2""]","String3[""L1""]","String3[""L3""]","String3[""L1""]","String7[""C1_3""]","String7[""D1_3""]","String7[""F1_1""]","String3[""L1""]","String3[""L1""]","String3[""L1""]","[""L0""]","String3[""L2""]","String3[""L_2""]","String3[""M_2""]","String7[""N1_1""]",[-2.0],[3],[2.502013e6],Bool[0],Bool[0],[0],[-0.020032014854653796],[1.2566845e8],[-2.0],[20],[1],[2.516425e6],[0.007583345963359445],[0.49981951999999996],[-0.05624197057741855],[0.6702317333333333],[2.518617e6],[0.58],[20],[20],[0.9927293431275974],[0.9934074930805279],[1.0986122884033767],[1.875e8],[0.24],[0],Bool[0],[20],[2.516425e6],[0.5000610000000001],[1.2566845e8],[20],[1.6094379116163569],Bool[0],[0.38],[-2.0],Bool[0],[0],[0.9966799441640378],[0.38],[1.098612288218388],[0.9927623769195963],[0],[1.0986122880476576],[0.6931471802722498],Bool[0],[-0.025154894863816925],[0.3112616789519712],[2.380952380952381],Bool[0],[0.48000000000000004],Bool[0],[2.518617e6],[0.48000000000000004],[-0.04243143857106681],[2.500305e6],[0.5],[2.532e6],[1.6094379117277935],[-2.0],[2.380952380952381],Bool[0],[2.7839643652561246],[0.4],Bool[0],[2.962085308056872],[20],[0.9934269726552184],[0.58],[0.6931471800125775],Bool[0],Bool[0],[20],[2.5284e6],[5],[1.875e8],[0.07853565855844463],[-2.0],[-2.0],Bool[0],[1.609437911616083],[2.5284e6],[2.501125e6],[1],[1.0986122881075713],Bool[0],Bool[0],[0.49981951999999996],[0.4],[5],Bool[0],[0.6702317333333333],[0.5],[2.532e6],[20],[0.9970520519085778],[2.504175e6],[-0.004365608632591022],[0.24],[0.5000610000000001],[3],[1.6094379115358506],[0.305024052795841],[5],[5],[0.3713112882528621],[0.305024052795841],[0.3112616789519712]
"String3[""L1""]","String3[""L2""]","String3[""L2""]","String3[""L1""]","String3[""L3""]","String3[""L1""]","String7[""C1_3""]","String7[""D1_3""]","String7[""F1_3""]","String3[""L1""]","String3[""L1""]","String3[""L1""]","[""L0""]","String3[""L1""]","String3[""L_2""]","String3[""M_1""]","String7[""N1_1""]",[0.0],[3],[3.878149803921565e6],Bool[0],Bool[0],[2],[-0.013104877229449021],[2.212196e8],[1.0],[1],[2],[3.9654444444444524e6],[0.01084088557268272],[0.21323754800000003],[-0.0892932303087247],[0.9824934279196421],[3.925474248366009e6],[0.92],[1],[20],[0.9940974785178949],[0.9879442733666784],[1.0986122882959641],[2.2405206545454547e8],[0.78],[0],Bool[0],[0],[3.9654444444444524e6],[0.20536620000000003],[2.1761278260869563e8],[4],[1.609437911594119],Bool[1],[0.74],[0.0],Bool[0],[0],[1.0],[0.74],[1.098612288376553],[0.9939712524904817],[0],[1.0986122881432079],[0.6931471804481455],Bool[0],[-0.03129699068609577],[0.24701129771733116],[2.759381898454746],Bool[0],[0.0],Bool[0],[3.925474248366009e6],[0.0],[-0.09317438886956807],[3.902304052287578e6],[0.0],[3.6625380116959065e6],[1.609437911693775],[0.0],[2.759381898454746],Bool[1],[2.515090543259557],[0.34],Bool[0],[2.4461839530332683],[20],[0.9878394406489499],[0.92],[0.693147180190336],Bool[0],Bool[1],[0],[3.234472222222222e6],[3],[2.214903188405797e8],[0.030997765065584725],[1.0],[0.0],Bool[0],[1.609437911624665],[3.6625380116959065e6],[3.868333333333337e6],[2],[1.0986122880366267],Bool[0],Bool[0],[0.21323754800000005],[0.02],[3],Bool[0],[0.9873580033783705],[0.0],[3.234472222222222e6],[17],[1.0],[3.9654444444444524e6],[0.08794832071100868],[0.66],[0.20536620000000003],[3],[1.6094379115736965],[0.16310175106356153],[3],[3],[0.23084406251840225],[0.16310175106356153],[0.24701129771733116]
"String3[""L1""]","String3[""L2""]","String3[""L2""]","String3[""L1""]","String3[""L3""]","String3[""L1""]","String7[""C1_3""]","String7[""D1_3""]","String7[""F1_1""]","String3[""L1""]","String3[""L1""]","String3[""L1""]","[""L0""]","String3[""L3""]","String3[""L_2""]","String3[""M_2""]","String7[""N1_1""]",[-2.0],[4],[2.504344e6],Bool[0],Bool[0],[0],[-0.02353242176963466],[1.241287e8],[-2.0],[20],[1],[2.531925e6],[0.01348934611811484],[0.500387056],[-0.013136454728327803],[0.6620197333333333],[2.533202e6],[0.48],[20],[20],[0.9876630446367878],[0.9886080936301171],[1.098612288270326],[1.875e8],[0.24],[0],Bool[0],[20],[2.531925e6],[0.50039],[1.241287e8],[20],[1.6094379118684734],Bool[0],[0.34],[-2.0],Bool[0],[0],[0.9970560924247678],[0.34],[1.098612288424618],[0.98770316303687],[0],[1.0986122882127694],[0.6931471804716323],Bool[0],[-0.02700123681080674],[0.42115628671551375],[2.886836027713626],Bool[0],[0.5369999999999999],Bool[0],[2.533202e6],[0.5369999999999999],[-0.0025239579900456052],[2.50195e6],[0.522],[2.5015e6],[1.609437911748419],[-2.0],[2.886836027713626],Bool[0],[2.244165170556553],[0.4],Bool[0],[2.5720164609053495],[20],[0.9886460380929937],[0.48],[0.6931471801763709],Bool[0],Bool[0],[20],[2.4820625e6],[4],[1.875e8],[-0.04723136189718821],[2.0],[2.0],Bool[0],[1.609437911727313],[2.4820625e6],[2.50305e6],[1],[1.098612288062949],Bool[0],Bool[0],[0.500387056],[0.4],[5],Bool[0],[0.6620197333333333],[0.522],[2.5015e6],[20],[0.9952771468922716],[2.4972e6],[0.013166414881825635],[0.28],[0.50039],[4],[1.6094379117510351],[0.43142931963416675],[4],[5],[0.4049154699934296],[0.43142931963416675],[0.42115628671551375]
"String3[""L1""]","String3[""L2""]","String3[""L2""]","String3[""L1""]","String3[""L3""]","String3[""L1""]","String7[""C1_3""]","String7[""D1_3""]","String7[""F1_1""]","String3[""L1""]","String3[""L1""]","String3[""L1""]","[""L0""]","String3[""L1""]","String3[""L_3""]","String3[""M_1""]","String7[""N1_1""]",[-2.0],[3],[2.496066e6],Bool[0],Bool[0],[0],[-0.008282841694617522],[1.321636e8],[-2.0],[18],[2],[2.5167e6],[0.001822393509037771],[0.49982241600000005],[0.03486554720552228],[0.7048725333333333],[2.517648e6],[0.74],[18],[20],[0.9944948618710797],[0.9914277134849669],[1.0986122879812619],[1.875e8],[0.4],[0],Bool[0],[20],[2.5167e6],[0.5007575999999999],[1.321636e8],[18],[1.6094379119321047],Bool[0],[0.56],[-2.0],Bool[0],[0],[0.9972231112066188],[0.56],[1.0986122880867104],[0.9945233541042511],[0],[1.0986122878887143],[0.6931471804001889],Bool[0],[0.011577095628370448],[0.3008699269518308],[2.470355731225296],Bool[0],[0.48000000000000004],Bool[1],[2.517648e6],[0.48000000000000004],[-0.05285186287980714],[2.503788e6],[0.529],[2.49235e6],[1.609437911530186],[-2.0],[2.470355731225296],Bool[0],[3.117206982543641],[0.36],Bool[0],[3.6982248520710064],[20],[0.9914911110172023],[0.74],[0.6931471802776218],Bool[0],Bool[0],[20],[2.5001875e6],[5],[1.875e8],[-0.016987053719922866],[2.0],[2.0],Bool[0],[1.6094379115555295],[2.5001875e6],[2.493675e6],[2],[1.0986122877769378],Bool[0],Bool[0],[0.49982241600000005],[0.36],[6],Bool[1],[0.7048725333333333],[0.529],[2.49235e6],[18],[0.9992814646494135],[2.503075e6],[0.060722185025104305],[0.36],[0.5007575999999999],[3],[1.6094379118184237],[0.3126319128687921],[6],[6],[0.4531936373604555],[0.3126319128687921],[0.3008699269518308]
"String3[""L1""]","String3[""L2""]","String3[""L2""]","String3[""L1""]","String3[""L3""]","String3[""L1""]","String7[""C1_3""]","String7[""D1_3""]","String7[""F1_3""]","String3[""L1""]","String3[""L1""]","String3[""L1""]","[""L0""]","String3[""L2""]","String3[""L_2""]","String3[""M_1""]","String7[""N1_1""]",[0.0],[4],[3.863567843137253e6],Bool[0],Bool[0],[2],[-0.03212468878500908],[2.1553379020979023e8],[-1.0],[5],[2],[4.0929591503268043e6],[0.008453647695477745],[0.19587289200000002],[-0.041931971114566785],[0.9115781308662789],[4.0783924183006478e6],[0.68],[5],[19],[0.988887105396071],[0.947326163563999],[1.0986122884540035],[2.2507745454545456e8],[0.6],[0],Bool[0],[0],[4.0929591503268043e6],[0.21666],[2.051756853146853e8],[17],[1.6094379118974955],Bool[1],[0.32],[0.0],Bool[0],[0],[0.9511603351084774],[0.32],[1.0986122884125669],[0.988860848683967],[0],[1.0986122881016342],[0.6931471803729595],Bool[0],[-0.03231446596993835],[0.3631390837681893],[3.2383419689119175],Bool[0],[0.0],Bool[1],[4.0783924183006478e6],[0.0],[-0.026352046339553382],[4.0330696732026096e6],[0.0],[3.660444444444445e6],[1.6094379116870625],[1.0],[3.2383419689119175],Bool[1],[2.1514629948364887],[0.36],Bool[0],[2.5],[20],[0.9477700670445209],[0.68],[0.6931471801551135],Bool[0],Bool[1],[0],[3.352533333333333e6],[4],[2.2507745454545456e8],[0.05455593970462142],[1.0],[0.0],Bool[0],[1.609437911651637],[3.3234821428571427e6],[3.8712320261437846e6],[2],[1.0986122882328482],Bool[0],Bool[0],[0.19587289199999997],[0.1],[6],Bool[0],[0.9575983105240913],[0.0],[3.352533333333333e6],[18],[1.0],[4.057660130718952e6],[-0.0016266135408859836],[0.22],[0.21666],[4],[1.6094379118089959],[0.36181939439449623],[5],[6],[0.31700371316437287],[0.36181939439449623],[0.3631390837681893]
"String3[""L1""]","String3[""L2""]","String3[""L2""]","String3[""L1""]","String3[""L3""]","String3[""L1""]","String7[""C1_3""]","String7[""D1_3""]","String7[""F1_1""]","String3[""L1""]","String3[""L1""]","String3[""L1""]","[""L0""]","String3[""L2""]","String3[""L_3""]","String3[""M_1""]","String7[""N1_1""]",[-2.0],[3],[2.497977e6],Bool[0],Bool[0],[0],[0.011251253083283926],[1.446198e8],[-2.0],[14],[2],[2.5257e6],[0.0034289472833630734],[0.49990652],[-0.0012870183859963558],[0.7713056],[2.527467e6],[0.34],[14],[20],[0.9936070381927835],[0.9883321918743153],[1.0986122882219131],[1.875e8],[0.44],[0],Bool[0],[20],[2.5257e6],[0.5022618],[1.446198e8],[14],[1.6094379115666944],Bool[0],[0.18],[-2.0],Bool[0],[0],[0.9969866774578219],[0.18],[1.0986122883625604],[0.9936435268722346],[0],[1.0986122882095597],[0.693147180282125],Bool[0],[0.03158173394850423],[0.3687304316597696],[2.860411899313501],Bool[0],[0.499],Bool[1],[2.527467e6],[0.499],[0.02345702396329017],[2.511309e6],[0.623],[2.6115263157894737e6],[1.609437911773544],[-2.0],[2.860411899313501],Bool[0],[1.9872813990461045],[0.28],Bool[0],[3.2722513089005236],[20],[0.9883865338464514],[0.34],[0.6931471800474617],Bool[0],Bool[0],[20],[2.52955e6],[4],[1.875e8],[0.0855822776373522],[2.0],[2.0],Bool[0],[1.6094379116313586],[2.52955e6],[2.497225e6],[2],[1.0986122879865932],Bool[0],Bool[0],[0.49990652],[0.28],[6],Bool[1],[0.7713056],[0.623],[2.6115263157894737e6],[14],[0.9993644324338742],[2.515175e6],[-0.03409153713979826],[0.34],[0.5022618],[3],[1.609437911511526],[0.43028647577166546],[4],[6],[0.4226295437283106],[0.43028647577166546],[0.3687304316597696]
"String3[""L1""]","String3[""L2""]","String3[""L2""]","String3[""L1""]","String3[""L3""]","String3[""L1""]","String7[""C1_3""]","String7[""D1_3""]","String7[""F1_3""]","String3[""L1""]","String3[""L1""]","String3[""L1""]","[""L0""]","String3[""L3""]","String3[""L_2""]","String3[""M_1""]","String7[""N1_1""]",[0.0],[4],[3.73305198606271e6],Bool[0],Bool[0],[2],[0.09829124250228992],[1.893896979591837e8],[-1.0],[9],[2],[3.942310104529594e6],[0.021686345934712026],[0.18588811599999996],[-0.012017687263503244],[0.8458715013800079],[3.943240975609741e6],[0.5],[9],[20],[0.9663055424014226],[0.9466963873506286],[1.0986122883452922],[2.1988151836734694e8],[0.36],[0],Bool[0],[0],[3.942310104529594e6],[0.1982002],[1.843375853658537e8],[13],[1.6094379118797026],Bool[1],[0.26],[0.0],Bool[0],[0],[0.9597452157708772],[0.26],[1.0986122882351808],[0.9668928500654073],[0],[1.0986122880569797],[0.6931471803869644],Bool[0],[0.03421154568337682],[0.4953225761057132],[2.5252525252525255],Bool[0],[0.0],Bool[0],[3.943240975609741e6],[0.0],[0.016689005667155848],[3.810375609756086e6],[0.0],[3.5317434210526315e6],[1.609437911933279],[-1.0],[2.5252525252525255],Bool[1],[1.522533495736906],[0.36],Bool[0],[1.8910741301059],[20],[0.9470942672983489],[0.5],[0.6931471802019898],Bool[0],Bool[1],[0],[3.17017808219178e6],[2],[2.1792622764227638e8],[0.02942867593423221],[-1.0],[0.0],Bool[0],[1.6094379117580024],[3.596122807017544e6],[3.7896742160278615e6],[2],[1.0986122881026852],Bool[0],Bool[0],[0.18588811600000002],[0.18],[4],Bool[0],[0.8613261331167369],[0.0],[3.17017808219178e6],[18],[0.9818447620825412],[3.8273205574912904e6],[-0.030161272047217247],[0.2],[0.1982002],[4],[1.6094379117041724],[0.5545948921510186],[2],[4],[0.4009737826841051],[0.5545948921510186],[0.4953225761057132]
"String3[""L1""]","String3[""L2""]","String3[""L2""]","String3[""L1""]","String3[""L3""]","String3[""L1""]","String7[""C1_3""]","String7[""D1_3""]","String7[""F1_1""]","String3[""L1""]","String3[""L1""]","String3[""L1""]","[""L0""]","String3[""L3""]","String3[""L_3""]","String3[""M_1""]","String7[""N1_1""]",[2.0],[3],[2.485256e6],Bool[0],Bool[0],[0],[-0.017696866245605344],[1.238821e8],[2.0],[20],[1],[2.531275e6],[0.0023494430617012328],[0.498614688],[0.009884150838160142],[0.6607045333333333],[2.530688e6],[0.04],[20],[20],[0.981559955237469],[0.982047569672753],[1.0986122883220355],[1.875e8],[0.14],[0],Bool[0],[20],[2.531275e6],[0.49680440000000003],[1.238821e8],[20],[1.6094379116808382],Bool[0],[0.0],[2.0],Bool[0],[0],[0.9848962724871064],[0.0],[1.0986122883113913],[0.9816266215792467],[0],[1.098612288124183],[0.6931471805190674],Bool[0],[-0.012060865791554303],[0.5267365688615135],[2.371916508538899],Bool[0],[0.377],Bool[1],[2.530688e6],[0.377],[-0.005866789674496661],[2.484022e6],[0.331],[2.49735e6],[1.609437911852842],[2.0],[2.371916508538899],Bool[0],[1.515151515151515],[0.4],Bool[0],[1.7385257301808066],[20],[0.9820875809694818],[0.04],[0.6931471802825403],Bool[0],Bool[0],[20],[2.49735e6],[3],[1.875e8],[0.018309656040802594],[2.0],[2.0],Bool[0],[1.6094379117518394],[2.49735e6],[2.482225e6],[1],[1.0986122881269258],Bool[0],Bool[0],[0.498614688],[0.4],[5],Bool[1],[0.6607045333333333],[0.331],[2.49735e6],[20],[0.9848962724871064],[2.482225e6],[-0.03218441129632329],[0.14],[0.49680440000000003],[3],[1.6094379116329929],[0.544952523598157],[4],[5],[0.48090719788333386],[0.544952523598157],[0.5267365688615135]
"String3[""L1""]","String3[""L2""]","String3[""L2""]","String3[""L1""]","String3[""L3""]","String3[""L1""]","String7[""C1_3""]","String7[""D1_3""]","String7[""F1_1""]","String3[""L1""]","String3[""L1""]","String3[""L1""]","[""L0""]","String3[""L1""]","String3[""L_3""]","String3[""M_2""]","String7[""N1_1""]",[-2.0],[3],[2.470663e6],Bool[0],Bool[0],[0],[0.07759155839930748],[1.5107785e8],[2.0],[11],[2],[2.5671e6],[0.003502465417388166],[0.50205172],[-0.03557055700907916],[0.8057485333333333],[2.558393e6],[0.66],[11],[20],[0.9776820840269653],[0.965708943074813],[1.0986122881828526],[1.875e8],[0.4],[0],Bool[0],[20],[2.5671e6],[0.5002590000000001],[1.5107785e8],[11],[1.6094379118960913],Bool[0],[0.48],[2.0],Bool[0],[0],[0.9599004558787692],[0.48],[1.0986122882208202],[0.9778431787376723],[0],[1.098612288118324],[0.6931471803018295],Bool[0],[-0.07824032415989274],[0.36630912539001814],[2.7716186252771617],Bool[0],[0.57],Bool[0],[2.558393e6],[0.57],[0.006202827159700219],[2.501295e6],[0.508],[2.4293e6],[1.6094379117327113],[-2.0],[2.7716186252771617],Bool[0],[3.5410764872521243],[0.22],Bool[0],[2.9691211401425175],[20],[0.9659017726943188],[0.66],[0.6931471801713874],Bool[0],Bool[0],[20],[2.379529411764706e6],[4],[1.875e8],[-0.1514553876137696],[-2.0],[-2.0],Bool[0],[1.6094379115547843],[2.379529411764706e6],[2.4451e6],[2],[1.0986122879657514],Bool[0],Bool[0],[0.50205172],[0.22],[5],Bool[0],[0.8057485333333333],[0.508],[2.4293e6],[11],[0.9940675213986616],[2.515825e6],[-0.07574112980088302],[0.22],[0.5002590000000001],[3],[1.609437911679633],[0.26148907308719427],[5],[5],[0.36842819564197304],[0.26148907308719427],[0.36630912539001814]
"String3[""L1""]","String3[""L2""]","String3[""L2""]","String3[""L1""]","String3[""L3""]","String3[""L1""]","String7[""C1_3""]","String7[""D1_3""]","String7[""F1_3""]","String3[""L1""]","String3[""L1""]","String3[""L1""]","[""L0""]","String3[""L1""]","String3[""L_2""]","String3[""M_2""]","String7[""N1_1""]",[-0.5],[3],[3.8039020547945225e6],Bool[0],Bool[0],[0],[0.17749237624906145],[2.0692622137404582e8],[1.0],[20],[1],[3.9062157534246556e6],[0.008837980809985642],[0.22732176000000004],[-0.008893447194672931],[0.9315090066979714],[3.916462739726029e6],[0.92],[13],[20],[0.9947070983608426],[0.9712596053092081],[1.098612288313998],[2.2214087022900757e8],[0.8],[0],Bool[0],[0],[3.9062157534246556e6],[0.20945320000000003],[2.0692622137404582e8],[13],[1.609437911759482],Bool[0],[0.66],[0.0],Bool[0],[0],[1.0],[0.66],[1.0986122883005949],[0.9946066907967273],[0],[1.0986122881902476],[0.6931471804242109],Bool[0],[0.07361511829375951],[0.25066773635232753],[2.260397830018083],Bool[0],[0.0],Bool[1],[3.916462739726029e6],[0.0],[0.06311934411285774],[3.895733287671234e6],[0.0],[3.337166666666667e6],[1.6094379117403697],[-0.5],[2.260397830018083],Bool[0],[3.930817610062893],[0.4],Bool[0],[4.251700680272109],[20],[0.9714966164420398],[0.92],[0.6931471801871105],Bool[0],Bool[1],[0],[3.2644025974025982e6],[5],[2.2214087022900757e8],[-0.013486805073344947],[1.0],[0.0],Bool[0],[1.609437911563379],[3.636308219178082e6],[3.800946917808221e6],[1],[1.0986122882016878],Bool[1],Bool[0],[0.22732176],[0.4],[6],Bool[1],[0.9315090066979714],[0.0],[3.2644025974025982e6],[20],[1.0],[3.8961575342465676e6],[-0.08009016095911738],[0.6],[0.20945320000000003],[3],[1.6094379116454451],[0.22295217883662857],[6],[6],[0.3566624090761459],[0.22295217883662857],[0.25066773635232753]
"String3[""L1""]","String3[""L2""]","String3[""L2""]","String3[""L1""]","String3[""L3""]","String3[""L1""]","String7[""C1_3""]","String7[""D1_3""]","String7[""F1_1""]","String3[""L1""]","String3[""L1""]","String3[""L1""]","[""L0""]","String3[""L2""]","String3[""L_3""]","String3[""M_2""]","String7[""N1_1""]",[2.0],[2],[2.51173e6],Bool[0],Bool[0],[0],[0.04211892883732515],[1.256715e8],[2.0],[20],[1],[2.51995e6],[0.011871999999999994],[0.5004888399999999],[0.07929477294449187],[0.7057272618788564],[2.52177e6],[0.6],[20],[20],[0.9937702486745421],[0.9960186694266329],[1.0986122881175742],[1.7807375e8],[0.28],[0],Bool[0],[20],[2.51995e6],[0.501212],[1.256715e8],[20],[1.6094379117006234],Bool[0],[0.36],[2.0],Bool[0],[0],[0.9990726104351157],[0.36],[1.09861228822517],[0.9937894144812713],[0],[1.0986122880915665],[0.6931471804521652],Bool[0],[0.03232141866884514],[0.415029070885402],[1.8910741301059],Bool[0],[0.5770000000000001],Bool[1],[2.52177e6],[0.5770000000000001],[-0.027089451265127528],[2.50606e6],[0.556],[2.5133e6],[1.6094379116529403],[2.0],[1.8910741301059],Bool[0],[3.5612535612535607],[0.4],Bool[0],[2.3020257826887662],[20],[0.9960199570940488],[0.6],[0.6931471802008616],Bool[0],Bool[0],[20],[2.5104e6],[4],[1.7807375e8],[-0.06084897015452181],[2.0],[2.0],Bool[0],[1.609437911609628],[2.5104e6],[2.513425e6],[1],[1.0986122879506433],Bool[0],Bool[0],[0.5004888399999999],[0.4],[4],Bool[1],[0.7057272618788564],[0.556],[2.5133e6],[20],[0.9976084957870368],[2.50705e6],[0.023164093397671455],[0.36],[0.501212],[2],[1.6094379115919275],[0.20704977585112233],[4],[4],[0.5489413171551217],[0.20704977585112233],[0.415029070885402]
"String3[""L1""]","String3[""L2""]","String3[""L2""]","String3[""L1""]","String3[""L3""]","String3[""L1""]","String7[""C1_3""]","String7[""D1_3""]","String7[""F1_3""]","String3[""L1""]","String3[""L1""]","String3[""L1""]","[""L0""]","String3[""L2""]","String3[""L_2""]","String3[""M_2""]","String7[""N1_1""]",[0.0],[4],[3.894236345514944e6],Bool[0],Bool[0],[2],[-0.017423347331916014],[2.115688586956522e8],[1.0],[6],[2],[4.098411960132878e6],[0.004313291086861645],[0.20316882800000002],[0.04045136226975579],[0.9673635734559979],[4.037349036544844e6],[0.62],[5],[20],[0.9701163733585717],[0.9645528068704271],[1.0986122883823484],[2.23308865942029e8],[0.42],[0],Bool[0],[0],[4.098411960132878e6],[0.2095242],[2.1513841666666666e8],[4],[1.6094379117553734],Bool[1],[0.42],[0.0],Bool[0],[0],[0.9831740721077431],[0.42],[1.0986122882642309],[0.9700384642518762],[0],[1.098612287976372],[0.693147180422931],Bool[0],[0.02286559527252522],[0.11073256467724386],[3.9432176656151414],Bool[0],[0.0],Bool[0],[4.037349036544844e6],[0.0],[0.03370091915809195],[3.916698405315608e6],[0.0],[3.512006993006993e6],[1.6094379118034858],[0.0],[3.9432176656151414],Bool[1],[3.2383419689119175],[0.22],Bool[0],[3.501400560224089],[20],[0.9648146877435667],[0.62],[0.6931471802253302],Bool[0],Bool[1],[0],[3.1385810810810807e6],[4],[2.2239664855072463e8],[0.022330323358208462],[-1.0],[0.0],Bool[0],[1.60943791170344],[3.3415739130434785e6],[3.982225913621256e6],[2],[1.098612288179579],Bool[0],Bool[0],[0.20316882800000002],[0.12],[4],Bool[0],[0.9474270437187903],[0.0],[3.1385810810810807e6],[11],[0.9891583077527456],[4.0048255813953364e6],[-0.036137299637142746],[0.34],[0.2095242],[4],[1.60943791162551],[0.08417755567845861],[4],[4],[0.1546806415812916],[0.08417755567845861],[0.11073256467724386]
"String3[""L1""]","String3[""L2""]","String3[""L2""]","String3[""L1""]","String3[""L3""]","String3[""L1""]","String7[""C1_3""]","String7[""D1_3""]","String7[""F1_1""]","String3[""L1""]","String3[""L1""]","String3[""L1""]","[""L0""]","String3[""L3""]","String3[""L_3""]","String3[""M_2""]","String7[""N1_1""]",[2.0],[3],[2.47889e6],Bool[0],Bool[0],[0],[0.10617695489929614],[1.23044e8],[2.0],[20],[1],[2.545775e6],[0.0036166379917205206],[0.497792096],[0.0384458663686629],[0.6562346666666666],[2.542878e6],[0.24],[20],[20],[0.9809137520557416],[0.9748363861734617],[1.0986122882289098],[1.875e8],[0.08],[0],Bool[0],[20],[2.545775e6],[0.49886880000000006],[1.23044e8],[20],[1.6094379117518418],Bool[0],[0.2],[2.0],Bool[0],[0],[0.9743017611587577],[0.2],[1.098612288347295],[0.9809585921213793],[0],[1.0986122882365947],[0.6931471803176623],Bool[0],[0.10228460884109768],[0.3888373146085648],[2.5562372188139055],Bool[0],[0.373],Bool[1],[2.542878e6],[0.373],[0.03633954552818592],[2.494344e6],[0.439],[2.45945e6],[1.609437911763123],[2.0],[2.5562372188139055],Bool[0],[2.711496746203904],[0.4],Bool[0],[2.323420074349442],[20],[0.9749316390568373],[0.24],[0.6931471800837571],Bool[0],Bool[0],[20],[2.45945e6],[4],[1.875e8],[0.06744174520725213],[2.0],[2.0],Bool[0],[1.6094379115556257],[2.45945e6],[2.472775e6],[1],[1.098612288043195],Bool[0],Bool[0],[0.497792096],[0.4],[5],Bool[1],[0.6562346666666666],[0.439],[2.45945e6],[20],[0.9821312989140296],[2.489675e6],[-0.010264867333601246],[0.04],[0.49886880000000006],[3],[1.6094379116825928],[0.31921337257702725],[5],[5],[0.4613671609813599],[0.31921337257702725],[0.3888373146085648]
"String3[""L1""]","String3[""L2""]","String3[""L2""]","String3[""L1""]","String3[""L3""]","String3[""L1""]","String7[""C1_3""]","String7[""D1_3""]","String7[""F1_3""]","String3[""L1""]","String3[""L1""]","String3[""L1""]","[""L0""]","String3[""L3""]","String3[""L_2""]","String3[""M_2""]","String7[""N1_1""]",[0.0],[5],[3.8638464285714286e6],Bool[0],Bool[0],[2],[-0.08473611925370954],[2.213264347826087e8],[1.0],[6],[2],[4.034478571428568e6],[0.012171342078834205],[0.20863903199999997],[0.3174213711098711],[0.9833734446978067],[4.028819714285712e6],[0.54],[3],[20],[0.9687580956889967],[0.9590517080897644],[1.0986122883419152],[2.2411938405797103e8],[0.42],[0],Bool[0],[0],[4.034478571428568e6],[0.21415979999999998],[2.203930507246377e8],[4],[1.6094379117384414],Bool[1],[0.42],[0.0],Bool[0],[0],[0.967033888400954],[0.42],[1.0986122880679017],[0.9689043684846197],[0],[1.0986122878583269],[0.6931471803785973],Bool[0],[0.13281982466786577],[0.3920371055499722],[3.8226299694189603],Bool[0],[0.0],Bool[0],[4.028819714285712e6],[0.0],[-0.025480019137210545],[3.9029517142857146e6],[0.0],[3.341677966101695e6],[1.6094379118457631],[0.0],[3.8226299694189603],Bool[1],[1.9500780031201246],[0.28],Bool[0],[2.2522522522522523],[20],[0.9591848500090729],[0.54],[0.6931471801441624],Bool[0],Bool[1],[0],[3.2985e6],[4],[2.2411938405797103e8],[0.04496239037802869],[-1.0],[0.0],Bool[0],[1.6094379115999302],[3.5690204081632653e6],[3.8913178571428517e6],[2],[1.0986122881723148],Bool[0],Bool[0],[0.20863903200000003],[0.12],[5],Bool[0],[0.9875381181904377],[0.0],[3.2985e6],[14],[0.9818064004633649],[3.9277000000000065e6],[-0.025819368130926168],[0.36],[0.21415979999999998],[5],[1.6094379116847641],[0.4004319319534845],[4],[5],[0.22463849208895612],[0.4004319319534845],[0.3920371055499722]
"String3[""L1""]","String3[""L2""]","String3[""L2""]","String3[""L1""]","String3[""L3""]","String3[""L1""]","String7[""C1_3""]","String7[""D1_3""]","String7[""F1_1""]","String3[""L1""]","String3[""L1""]","String3[""L1""]","[""L0""]","String3[""L1""]","String3[""L_1""]","String3[""M_1""]","String7[""N1_2""]",[0.0],[5],[2.502184e6],Bool[0],Bool[0],[0],[0.05012632380598943],[1.5592675e8],[2.0],[10],[2],[2.544675e6],[0.00927182319925377],[0.498406872],[-0.039347656308885995],[0.8463934571276739],[2.53172e6],[0.98],[10],[20],[0.980445704896276],[0.9883336229914841],[1.0986122883363907],[1.842249e8],[0.34],[0],Bool[0],[20],[2.544675e6],[0.49644279999999996],[1.5592675e8],[10],[1.6094379118221642],Bool[0],[0.74],[2.0],Bool[0],[0],[1.0],[0.74],[1.0986122882465756],[0.9806999010490773],[0],[1.0986122880862472],[0.6931471803086997],Bool[0],[0.009549834442663656],[0.2879071698447262],[3.9808917197452223],Bool[0],[0.436],Bool[0],[2.53172e6],[0.436],[-0.06638740648045109],[2.482214e6],[0.377],[2.55155e6],[1.6094379117811832],[0.0],[3.9808917197452223],Bool[0],[4.194630872483221],[0.2],Bool[0],[3.7537537537537533],[20],[0.9884863798578533],[0.98],[0.6931471800933013],Bool[0],Bool[0],[20],[2.44105e6],[5],[1.842249e8],[0.05103049333615827],[-2.0],[-2.0],Bool[0],[1.609437911649797],[2.44105e6],[2.523875e6],[2],[1.0986122881700027],Bool[0],Bool[0],[0.498406872],[0.2],[5],Bool[0],[0.8463934571276739],[0.377],[2.55155e6],[10],[0.9944101604951903],[2.4642e6],[0.04901455813734734],[0.56],[0.49644279999999996],[5],[1.609437911653973],[0.2834962758979384],[5],[5],[0.007215154052409405],[0.2834962758979384],[0.2879071698447262]
"String3[""L1""]","String3[""L2""]","String3[""L2""]","String3[""L1""]","String3[""L3""]","String3[""L1""]","String7[""C1_3""]","String7[""D1_3""]","String7[""F1_1""]","String3[""L1""]","String3[""L1""]","String3[""L1""]","[""L0""]","String3[""L2""]","String3[""L_1""]","String3[""M_1""]","String7[""N1_2""]",[0.0],[3],[2.500708e6],Bool[0],Bool[0],[0],[-0.05883285038502984],[1.250146e8],[-2.0],[20],[1],[2.515775e6],[0.011667769767256265],[0.499976592],[-0.003444201390131464],[0.6898771251597224],[2.518306e6],[1.0],[20],[20],[0.993592518145134],[0.9930119691570445],[1.0986122883430687],[1.8121285e8],[0.22],[0],Bool[0],[20],[2.515775e6],[0.5004339999999999],[1.250146e8],[20],[1.6094379117523956],Bool[0],[0.7],[-2.0],Bool[0],[0],[0.9969941306868796],[0.7],[1.0986122883097926],[0.9936147358467008],[0],[1.098612288112934],[0.693147180432109],Bool[0],[-0.013801371180355744],[0.32774677378732503],[2.354048964218456],Bool[0],[0.55],Bool[1],[2.518306e6],[0.55],[0.009230112033126658],[2.50217e6],[0.543],[2.4616e6],[1.609437911573357],[0.0],[2.354048964218456],Bool[0],[2.6652452025586357],[0.4],Bool[0],[2.653927813163482],[20],[0.9930412697466028],[1.0],[0.693147180258813],Bool[0],Bool[0],[20],[2.4616e6],[3],[1.8121285e8],[-0.06955081945154105],[-2.0],[-2.0],Bool[0],[1.6094379114736563],[2.4616e6],[2.502025e6],[1],[1.098612288069419],Bool[0],Bool[0],[0.499976592],[0.4],[3],Bool[1],[0.6898771251597224],[0.543],[2.4616e6],[20],[0.9973441839881769],[2.5021e6],[0.08623118387728398],[0.28],[0.5004339999999999],[3],[1.6094379115540818],[0.3151881148266857],[3],[3],[0.009917042301008889],[0.3151881148266857],[0.32774677378732503]
"String3[""L1""]","String3[""L2""]","String3[""L2""]","String3[""L1""]","String3[""L3""]","String3[""L1""]","String7[""C1_3""]","String7[""D1_3""]","String7[""F1_3""]","String3[""L1""]","String3[""L1""]","String3[""L1""]","[""L0""]","String3[""L1""]","String3[""L_3""]","String3[""M_1""]","String7[""N1_1""]",[0.0],[4],[3.805760146520152e6],Bool[0],Bool[0],[2],[-0.022416940236511584],[2.1158189591078067e8],[1.0],[4],[2],[3.9361410256410213e6],[0.01075285394606143],[0.198123272],[0.0258508590250994],[0.9207497426049419],[3.90087135531136e6],[0.74],[4],[20],[0.9879096422037315],[0.9756179581103832],[1.0986122883266134],[2.2369530855018592e8],[0.7],[0],Bool[0],[1],[3.9361410256410213e6],[0.20851680000000003],[2.0596739776951674e8],[10],[1.6094379115641062],Bool[1],[0.56],[0.0],Bool[0],[0],[1.0],[0.56],[1.0986122883352645],[0.9880692153420827],[0],[1.0986122881985227],[0.6931471803580447],Bool[0],[-0.02521198302690123],[0.36774340443303677],[3.2467532467532467],Bool[0],[0.0],Bool[0],[3.90087135531136e6],[0.0],[-0.027583828208569763],[3.853708424908431e6],[0.0],[3.55722839506173e6],[1.6094379117596613],[0.5],[3.2467532467532467],Bool[1],[2.7901785714285716],[0.34],Bool[0],[3.4153005464480874],[20],[0.9757613808051531],[0.74],[0.693147180091089],Bool[0],Bool[1],[0],[3.0904459459459456e6],[5],[2.2369530855018592e8],[-0.02257836227785492],[1.0],[0.0],Bool[0],[1.6094379116382163],[3.5307039473684207e6],[3.854467032967042e6],[2],[1.0986122879789906],Bool[0],Bool[0],[0.19812327200000002],[0.08],[6],Bool[0],[0.9458486066698729],[0.0],[3.1573098591549294e6],[17],[1.0],[3.863510989011001e6],[-0.01658229576963696],[0.62],[0.20851680000000003],[4],[1.609437911438116],[0.38184658110817227],[6],[6],[0.4224991497080201],[0.38184658110817227],[0.36774340443303677]
"String3[""L1""]","String3[""L2""]","String3[""L2""]","String3[""L1""]","String3[""L3""]","String3[""L1""]","String7[""C1_3""]","String7[""D1_3""]","String7[""F1_1""]","String3[""L1""]","String3[""L1""]","String3[""L1""]","[""L0""]","String3[""L3""]","String3[""L_1""]","String3[""M_1""]","String7[""N1_2""]",[-2.0],[5],[2.5127e6],Bool[0],Bool[0],[0],[-0.0686646289749042],[1.4110335e8],[2.0],[14],[3],[2.5769e6],[0.007870907221647726],[0.5005066720000001],[0.11161236909904491],[0.7525512],[2.573428e6],[0.9],[14],[20],[0.9749625790968312],[0.9764019043859008],[1.0986122882754683],[1.875e8],[0.06],[0],Bool[0],[20],[2.5769e6],[0.5017992],[1.4110335e8],[14],[1.6094379117076438],Bool[0],[0.86],[2.0],Bool[0],[0],[0.9843121371548986],[0.86],[1.0986122881622218],[0.9750201987358659],[0],[1.0986122880355231],[0.6931471805169693],Bool[0],[-0.05733113471350652],[0.2089932935574728],[3.9808917197452223],Bool[0],[0.517],Bool[1],[2.573428e6],[0.517],[-0.006432189168486021],[2.508996e6],[0.5529999999999999],[2.5991e6],[1.6094379117587947],[-2.0],[3.9808917197452223],Bool[0],[3.1645569620253164],[0.28],Bool[0],[3.101736972704715],[20],[0.9764782642447061],[0.9],[0.6931471802538742],Bool[0],Bool[0],[20],[2.431882352941177e6],[4],[1.875e8],[-0.1621610887538669],[2.0],[2.0],Bool[0],[1.6094379116237343],[2.431882352941177e6],[2.5257e6],[3],[1.098612288014208],Bool[0],Bool[0],[0.5005066720000001],[0.28],[5],Bool[1],[0.7525512],[0.5529999999999999],[2.5991e6],[14],[0.9815918743319381],[2.520925e6],[-0.0052688615585932625],[0.1],[0.5017992],[5],[1.609437911556447],[0.2135646898529811],[4],[5],[0.01122660910515725],[0.2135646898529811],[0.2089932935574728]
"String3[""L1""]","String3[""L2""]","String3[""L2""]","String3[""L1""]","String3[""L3""]","String3[""L1""]","String7[""C1_3""]","String7[""D1_3""]","String7[""F1_3""]","String3[""L1""]","String3[""L1""]","String3[""L1""]","[""L0""]","String3[""L2""]","String3[""L_3""]","String3[""M_1""]","String7[""N1_1""]",[-2.0],[3],[3.7702284280936467e6],Bool[0],Bool[0],[0],[0.014058838736518564],[1.7704403308823526e8],[-1.0],[20],[1],[4.031981605351179e6],[0.014821109124208585],[0.17787329200000002],[0.0012466598054330226],[0.7943954316467158],[4.0160456856187345e6],[0.22],[19],[20],[0.9455409331826969],[0.938791219829658],[1.09861228815228],[2.2286637867647058e8],[0.22],[0],Bool[0],[0],[4.031981605351179e6],[0.1959482],[1.7704403308823526e8],[19],[1.6094379117222894],Bool[0],[0.2],[0.0],Bool[0],[0],[0.9417269236048995],[0.2],[1.098612288205171],[0.9460887284233357],[0],[1.0986122879353974],[0.693147180440584],Bool[0],[0.027311017658276142],[0.5105400288478857],[2.189141856392294],Bool[0],[0.0],Bool[1],[4.0160456856187345e6],[0.0],[0.01243936952212218],[3.797335585284282e6],[0.0],[3.5524356435643565e6],[1.6094379116063997],[-2.0],[2.189141856392294],Bool[0],[1.572327044025157],[0.4],Bool[0],[1.6025641025641026],[20],[0.9393836309100824],[0.22],[0.6931471802546693],Bool[0],Bool[0],[0],[3.1371621621621624e6],[4],[2.2286637867647058e8],[0.06164238998254353],[-1.0],[0.0],Bool[0],[1.609437911465006],[3.54919801980198e6],[3.771742474916392e6],[1],[1.0986122880184992],Bool[0],Bool[0],[0.17787329200000002],[0.4],[6],Bool[1],[0.7943954316467158],[0.0],[3.1371621621621624e6],[20],[0.9429491263130033],[3.801625418060203e6],[-0.023543669347928356],[0.22],[0.1959482],[3],[1.609437911624368],[0.5014642570074163],[5],[6],[0.48143518884269354],[0.5014642570074163],[0.5105400288478857]
"String3[""L1""]","String3[""L2""]","String3[""L2""]","String3[""L1""]","String3[""L3""]","String3[""L1""]","String7[""C1_3""]","String7[""D1_3""]","String7[""F1_1""]","String3[""L1""]","String3[""L1""]","String3[""L1""]","[""L0""]","String3[""L1""]","String3[""L_1""]","String3[""M_2""]","String7[""N1_2""]",[-2.0],[3],[2.513754e6],Bool[0],Bool[0],[0],[0.05167511364071465],[1.246697e8],[2.0],[20],[1],[2.563525e6],[0.008091854066557644],[0.499448936],[-0.03694619975500295],[0.6768925632039839],[2.549298e6],[0.94],[20],[20],[0.9863444760086895],[0.9860573381377933],[1.0986122882413047],[1.8417945e8],[0.48],[0],Bool[0],[20],[2.563525e6],[0.5028972],[1.246697e8],[20],[1.6094379115963438],Bool[0],[0.8],[2.0],Bool[0],[0],[1.0],[0.8],[1.098612288167677],[0.9864667164335867],[0],[1.0986122881138383],[0.6931471803703335],Bool[0],[-0.059795822312076995],[0.3580184418266746],[2.268602540834846],Bool[0],[0.479],Bool[1],[2.549298e6],[0.479],[-0.05112242051695645],[2.514486e6],[0.588],[2.57465e6],[1.6094379117584234],[-2.0],[2.268602540834846],Bool[0],[2.7292576419213974],[0.4],Bool[0],[2.5720164609053495],[20],[0.9862006290096462],[0.94],[0.693147180019751],Bool[0],Bool[0],[20],[2.57465e6],[3],[1.8417945e8],[-0.014426909520255536],[2.0],[2.0],Bool[0],[1.609437911629159],[2.57465e6],[2.538275e6],[1],[1.0986122880720433],Bool[0],Bool[0],[0.499448936],[0.4],[3],Bool[1],[0.6768925632039839],[0.588],[2.57465e6],[20],[0.9993159995620078],[2.538275e6],[-0.07359468526621407],[0.52],[0.5028972],[3],[1.6094379115312938],[0.31952402834215765],[3],[3],[0.006633602942594617],[0.31952402834215765],[0.3580184418266746]
"String3[""L1""]","String3[""L2""]","String3[""L2""]","String3[""L1""]","String3[""L3""]","String3[""L1""]","String7[""C1_3""]","String7[""D1_3""]","String7[""F1_1""]","String3[""L1""]","String3[""L1""]","String3[""L1""]","[""L0""]","String3[""L2""]","String3[""L_1""]","String3[""M_2""]","String7[""N1_2""]",[2.0],[3],[2.503653e6],Bool[0],Bool[0],[0],[-0.10401601562605764],[1.2596585e8],[2.0],[20],[1],[2.58575e6],[0.005671974683163561],[0.49834575999999997],[-0.008121005280498878],[0.682353403212264],[2.577957e6],[0.92],[20],[20],[0.9727962879132585],[0.971177176345455],[1.0986122882436038],[1.84605e8],[0.16],[0],Bool[0],[20],[2.58575e6],[0.5015654],[1.2596585e8],[20],[1.609437911799101],Bool[0],[0.78],[2.0],Bool[0],[0],[0.9906275657928585],[0.78],[1.0986122882643206],[0.9729918718117813],[0],[1.0986122880582727],[0.693147180340806],Bool[0],[-0.013941362984544898],[0.3184590257599869],[2.2603978300180834],Bool[0],[0.451],Bool[1],[2.577957e6],[0.451],[0.0840605590473489],[2.507827e6],[0.532],[2.712e6],[1.6094379116900845],[2.0],[2.2603978300180834],Bool[0],[2.5303643724696356],[0.4],Bool[0],[2.7233115468409586],[20],[0.9713724536494054],[0.92],[0.6931471801090251],Bool[0],Bool[0],[20],[2.6002e6],[4],[1.84605e8],[0.023073080524523802],[2.0],[2.0],Bool[0],[1.6094379115208568],[2.6002e6],[2.487025e6],[1],[1.098612288001821],Bool[0],Bool[0],[0.49834575999999997],[0.4],[4],Bool[1],[0.682353403212264],[0.532],[2.712e6],[20],[0.9906275657928585],[2.487025e6],[-0.024917963789867777],[0.16],[0.5015654],[3],[1.6094379115314326],[0.3191328110489425],[4],[4],[0.21169390895346987],[0.3191328110489425],[0.3184590257599869]
"String3[""L1""]","String3[""L2""]","String3[""L2""]","String3[""L1""]","String3[""L3""]","String3[""L1""]","String7[""C1_3""]","String7[""D1_3""]","String7[""F1_3""]","String3[""L1""]","String3[""L1""]","String3[""L1""]","[""L0""]","String3[""L3""]","String3[""L_3""]","String3[""M_1""]","String7[""N1_1""]",[-1.0],[3],[3.742773835616438e6],Bool[0],Bool[0],[0],[-0.024546532841835663],[1.840410494296578e8],[-1.0],[20],[1],[4.100707191780822e6],[0.0023597535411522667],[0.17720394800000003],[-0.038232961483158426],[0.8231191283876028],[4.0783520547945215e6],[0.06],[17],[20],[0.9332082492357746],[0.917717201784094],[1.0986122883956058],[2.2358980988593155e8],[0.06],[0],Bool[0],[1],[4.100707191780822e6],[0.1967426],[1.840410494296578e8],[17],[1.609437911730189],Bool[0],[0.04],[0.0],Bool[0],[0],[0.9299338976664151],[0.04],[1.098612288314996],[0.933864289828141],[0],[1.098612288116077],[0.6931471803945173],Bool[0],[-0.028552599687156826],[0.43508716724812735],[2.5562372188139055],Bool[0],[0.0],Bool[1],[4.0783520547945215e6],[0.0],[0.009884841868542523],[3.8059517808219194e6],[0.0],[3.514683333333333e6],[1.6094379115654367],[-1.0],[2.5562372188139055],Bool[0],[1.5188335358444711],[0.4],Bool[0],[2.4366471734892787],[20],[0.9183454364821833],[0.06],[0.69314718019834],Bool[0],Bool[0],[0],[3.308653846153846e6],[4],[2.2358980988593155e8],[0.04501933748766895],[-1.0],[0.0],Bool[0],[1.609437911437463],[3.629915254237288e6],[3.7788150684931492e6],[1],[1.0986122881488785],Bool[0],Bool[0],[0.17720394800000006],[0.4],[5],Bool[1],[0.8231191283876028],[0.0],[3.2191486486486485e6],[20],[0.9404287134286601],[3.819592465753425e6],[-0.03985215889821964],[0.06],[0.1967426],[3],[1.609437911681544],[0.5315601594401145],[4],[5],[0.4613370601891853],[0.5315601594401145],[0.43508716724812735]
"String3[""L1""]","String3[""L2""]","String3[""L2""]","String3[""L1""]","String3[""L3""]","String3[""L1""]","String7[""C1_3""]","String7[""D1_3""]","String7[""F1_1""]","String3[""L1""]","String3[""L1""]","String3[""L1""]","[""L0""]","String3[""L3""]","String3[""L_1""]","String3[""M_2""]","String7[""N1_2""]",[-2.0],[4],[2.498399e6],Bool[0],Bool[0],[0],[-0.05601704408642468],[1.5363555e8],[-2.0],[11],[2],[2.5228e6],[0.008296104659118625],[0.5006756240000001],[0.05418970243081859],[0.8193896],[2.522907e6],[0.96],[11],[20],[0.9903325806302016],[0.990285809187576],[1.0986122882677702],[1.875e8],[0.04],[0],Bool[0],[20],[2.5228e6],[0.4997034000000001],[1.5363555e8],[11],[1.6094379118606263],Bool[0],[0.84],[-2.0],Bool[0],[0],[0.9947178958446385],[0.84],[1.0986122883577112],[0.9903801329347038],[0],[1.098612288079143],[0.6931471804356683],Bool[0],[0.03819474350729501],[0.3742327460391461],[3.4435261707988976],Bool[0],[0.5960000000000001],Bool[0],[2.522907e6],[0.5960000000000001],[0.028924545913951008],[2.498517e6],[0.495],[2.298866666666667e6],[1.6094379118063886],[-2.0],[3.4435261707988976],Bool[0],[2.4271844660194177],[0.22],Bool[0],[2.5406504065040654],[20],[0.9903337847676269],[0.96],[0.6931471800920275],Bool[0],Bool[0],[20],[2.5149285714285714e6],[4],[1.875e8],[0.0057423445284165795],[2.0],[2.0],Bool[0],[1.6094379116405144],[2.5149285714285714e6],[2.500525e6],[2],[1.0986122879622238],Bool[0],Bool[0],[0.5006756240000001],[0.22],[5],Bool[0],[0.8193896],[0.495],[2.298866666666667e6],[11],[0.9946911143135653],[2.5e6],[0.03378060998017487],[0.1],[0.4997034000000001],[4],[1.6094379117251127],[0.3825743172352269],[5],[5],[0.1241608159122676],[0.3825743172352269],[0.3742327460391461]
"String3[""L1""]","String3[""L2""]","String3[""L2""]","String3[""L1""]","String3[""L3""]","String3[""L1""]","String7[""C1_3""]","String7[""D1_3""]","String7[""F1_3""]","String3[""L1""]","String3[""L1""]","String3[""L1""]","[""L0""]","String3[""L1""]","String3[""L_3""]","String3[""M_2""]","String7[""N1_1""]",[0.0],[2],[3.5904578767123306e6],Bool[0],Bool[0],[0],[0.027040980720774186],[2.020780989010989e8],[1.0],[20],[1],[3.909402397260282e6],[0.0061119999999999786],[0.2319236],[-0.06931973325879662],[0.9160444736696987],[3.9009062328767157e6],[0.68],[12],[20],[0.9785676075164199],[0.9204163500399123],[1.098612288349877],[2.235269413919413e8],[0.56],[0],Bool[0],[1],[3.909402397260282e6],[0.20490360000000002],[2.013405875912409e8],[12],[1.609437911617687],Bool[0],[0.38],[0.0],Bool[0],[0],[0.9346443501349928],[0.38],[1.0986122882722784],[0.9787464745696792],[0],[1.098612288134618],[0.6931471804550309],Bool[0],[-0.01622857233338501],[0.5245324383029137],[1.923076923076923],Bool[0],[0.0],Bool[1],[3.9009062328767157e6],[0.0],[-0.054279117444816546],[3.817300479452058e6],[0.0],[3.22180694980695e6],[1.6094379117779374],[0.0],[1.923076923076923],Bool[0],[1.4988009592326137],[0.4],Bool[0],[1.7241379310344829],[20],[0.9223848997435345],[0.68],[0.6931471801481895],Bool[0],Bool[1],[3],[3.1669113924050634e6],[3],[2.197934635036497e8],[-0.040344068858615086],[-2.0],[0.0],Bool[0],[1.6094379116204443],[3.6293370786516853e6],[3.5558219178082217e6],[1],[1.0986122881034244],Bool[1],Bool[0],[0.23192360000000006],[0.4],[3],Bool[1],[0.904043591536319],[0.0],[3.2631960784313725e6],[20],[1.0],[3.802150684931496e6],[0.1017078270462271],[0.28],[0.20490360000000002],[2],[1.609437911493331],[0.46425299011638044],[2],[3],[0.13780086658653493],[0.46425299011638044],[0.5245324383029137]
"String3[""L1""]","String3[""L2""]","String3[""L2""]","String3[""L1""]","String3[""L3""]","String3[""L1""]","String7[""C1_3""]","String7[""D1_3""]","String7[""F1_1""]","String3[""L1""]","String3[""L1""]","String3[""L1""]","[""L0""]","String3[""L1""]","String3[""L_2""]","String3[""M_1""]","String7[""N1_2""]",[-2.0],[4],[2.496483e6],Bool[0],Bool[0],[0],[-0.07061111326781833],[1.373191e8],[2.0],[15],[3],[2.578075e6],[0.012800744978320613],[0.5009552],[-0.002781626942809501],[0.7323685333333333],[2.558637e6],[0.6],[15],[20],[0.985969092137728],[0.9757081602431295],[1.098612288339982],[1.875e8],[0.56],[0],Bool[0],[20],[2.578075e6],[0.5045474],[1.373191e8],[15],[1.6094379118033388],Bool[0],[0.58],[2.0],Bool[0],[0],[0.9953471463665609],[0.58],[1.0986122883574552],[0.9861569538715667],[0],[1.0986122881433376],[0.6931471804023226],Bool[0],[-0.07215410128975927],[0.29275303759995386],[3.0864197530864197],Bool[0],[0.528],Bool[1],[2.558637e6],[0.528],[-0.07037908668287711],[2.522737e6],[0.61],[2.483277777777778e6],[1.609437911743759],[-2.0],[3.0864197530864197],Bool[0],[2.8868360277136254],[0.3],Bool[0],[3.894080996884735],[20],[0.9760184292446575],[0.6],[0.6931471801105538],Bool[0],Bool[0],[20],[2.55305e6],[5],[1.875e8],[-0.014434936188537837],[-2.0],[-2.0],Bool[0],[1.609437911611947],[2.55305e6],[2.465125e6],[3],[1.0986122881858769],Bool[0],Bool[0],[0.5009552],[0.3],[5],Bool[1],[0.7323685333333333],[0.61],[2.483277777777778e6],[15],[1.0],[2.5589e6],[-0.01321156915756217],[0.44],[0.5045474],[4],[1.6094379117153597],[0.32261125371567556],[5],[5],[0.32353142200410767],[0.32261125371567556],[0.29275303759995386]
"String3[""L1""]","String3[""L2""]","String3[""L2""]","String3[""L1""]","String3[""L3""]","String3[""L1""]","String7[""C1_3""]","String7[""D1_3""]","String7[""F1_3""]","String3[""L1""]","String3[""L1""]","String3[""L1""]","[""L0""]","String3[""L2""]","String3[""L_3""]","String3[""M_2""]","String7[""N1_1""]",[0.0],[3],[3.7656006271776957e6],Bool[0],Bool[1],[2],[0.023627012044469965],[2.1936351086956522e8],[-1.0],[2],[2],[4.036301393728204e6],[0.009336992459933897],[0.17572012000000004],[0.022319067015582925],[0.9676018185339917],[3.9999059930313514e6],[0.52],[2],[20],[0.959996342074312],[0.9414222818581579],[1.0986122883193579],[2.2388714130434784e8],[0.4],[0],Bool[0],[0],[4.036301393728204e6],[0.20411319999999997],[2.1663360507246375e8],[5],[1.6094379117240485],Bool[1],[0.36],[0.0],Bool[0],[0],[0.9682931512812609],[0.36],[1.0986122882463547],[0.9596369583396654],[0],[1.098612288005232],[0.6931471803909481],Bool[0],[0.005158610005044935],[0.3292675901694547],[2.759381898454746],Bool[0],[0.0],Bool[0],[3.9999059930313514e6],[0.0],[-0.07194971708934027],[3.8398951219512154e6],[0.0],[3.594518918918919e6],[1.6094379118545183],[0.0],[2.759381898454746],Bool[1],[3.2299741602067185],[0.3],Bool[1],[3.501400560224089],[20],[0.9415407577909346],[0.52],[0.6931471800920034],Bool[0],Bool[1],[0],[3.219698630136986e6],[4],[2.2388714130434784e8],[0.010319624188502385],[1.0],[0.0],Bool[0],[1.609437911733792],[3.479347826086956e6],[3.8313013937282106e6],[2],[1.0986122880358302],Bool[0],Bool[0],[0.17572011999999998],[0.04],[6],Bool[0],[0.9797950413390053],[0.0],[3.219698630136986e6],[15],[0.981391490443213],[3.9139163763066093e6],[0.0321125924637165],[0.28],[0.2041132],[3],[1.6094379115346908],[0.30511628264646906],[4],[6],[0.4099717379722656],[0.30511628264646906],[0.3292675901694547]
"String3[""L1""]","String3[""L2""]","String3[""L2""]","String3[""L1""]","String3[""L3""]","String3[""L1""]","String7[""C1_3""]","String7[""D1_3""]","String7[""F1_1""]","String3[""L1""]","String3[""L1""]","String3[""L1""]","[""L0""]","String3[""L2""]","String3[""L_2""]","String3[""M_1""]","String7[""N1_2""]",[2.0],[4],[2.502643e6],Bool[0],Bool[0],[0],[0.05823458021054956],[1.317503e8],[2.0],[18],[2],[2.514175e6],[0.010636847653322857],[0.5002736799999999],[0.04704125661573465],[0.7026682666666667],[2.518101e6],[0.12],[18],[20],[0.9949986120493182],[0.9938612470270255],[1.098612288270291],[1.875e8],[0.48],[0],Bool[0],[20],[2.514175e6],[0.5011014],[1.317503e8],[18],[1.6094379117573436],Bool[0],[0.1],[2.0],Bool[0],[0],[0.9988029377839363],[0.1],[1.0986122882753107],[0.9950201558578974],[0],[1.0986122880859592],[0.6931471804004201],Bool[0],[-0.0006426776967987495],[0.4316133102859549],[3.799392097264438],Bool[0],[0.556],Bool[1],[2.518101e6],[0.556],[-0.0724215631072412],[2.505507e6],[0.5670000000000001],[2.4817e6],[1.6094379118605788],[2.0],[3.799392097264438],Bool[0],[2.345215759849906],[0.36],Bool[0],[2.3584905660377355],[20],[0.9938845300042389],[0.12],[0.6931471802081157],Bool[0],Bool[0],[20],[2.4817e6],[4],[1.875e8],[-0.08751475667108173],[2.0],[2.0],Bool[0],[1.6094379117321689],[2.4817e6],[2.50635e6],[2],[1.0986122880893456],Bool[0],Bool[0],[0.5002736799999999],[0.36],[4],Bool[1],[0.7026682666666667],[0.5670000000000001],[2.4817e6],[18],[0.9998809230532688],[2.50805e6],[0.0522635216338522],[0.4],[0.5011014],[4],[1.6094379116575823],[0.4289875168533462],[4],[4],[0.22287298987539964],[0.4289875168533462],[0.4316133102859549]
"String3[""L1""]","String3[""L2""]","String3[""L2""]","String3[""L1""]","String3[""L3""]","String3[""L1""]","String7[""C1_3""]","String7[""D1_3""]","String7[""F1_1""]","String3[""L1""]","String3[""L1""]","String3[""L1""]","[""L0""]","String3[""L3""]","String3[""L_2""]","String3[""M_1""]","String7[""N1_2""]",[-2.0],[4],[2.502904e6],Bool[0],Bool[1],[0],[-0.05064977477418087],[1.410294e8],[-2.0],[15],[2],[2.51655e6],[0.003324863906989289],[0.499852944],[-0.07481563626008977],[0.7521568],[2.521556e6],[0.04],[15],[20],[0.9916781542825145],[0.9926029800646902],[1.0986122882522265],[1.875e8],[0.2],[0],Bool[0],[20],[2.51655e6],[0.5001144],[1.410294e8],[15],[1.6094379116975355],Bool[0],[0.04],[-2.0],Bool[0],[0],[0.9977617697686143],[0.04],[1.0986122881573765],[0.9917178688437978],[0],[1.0986122879684812],[0.6931471805088234],Bool[0],[-0.07981633764632196],[0.38518555835856566],[3.993610223642172],Bool[0],[0.461],Bool[0],[2.521556e6],[0.461],[-0.04903711933804934],[2.500572e6],[0.509],[2.327105263157895e6],[1.6094379118463051],[-2.0],[3.993610223642172],Bool[0],[3.280839895013123],[0.3],Bool[1],[3.048780487804878],[20],[0.9926290113052455],[0.04],[0.6931471802168377],Bool[0],Bool[1],[20],[2.54955e6],[4],[1.875e8],[-0.05837886725234411],[2.0],[2.0],Bool[0],[1.6094379115915933],[2.54955e6],[2.501925e6],[2],[1.098612288087344],Bool[1],Bool[0],[0.499852944],[0.3],[5],Bool[0],[0.7521568],[0.509],[2.327105263157895e6],[15],[0.9962976343264418],[2.498475e6],[0.058967041447232006],[0.38],[0.5001144],[4],[1.6094379115894657],[0.3658804099265224],[4],[5],[0.3014259351283496],[0.3658804099265224],[0.38518555835856566]
"String3[""L1""]","String3[""L2""]","String3[""L2""]","String3[""L1""]","String3[""L3""]","String3[""L1""]","String7[""C1_3""]","String7[""D1_3""]","String7[""F1_3""]","String3[""L1""]","String3[""L1""]","String3[""L1""]","[""L0""]","String3[""L3""]","String3[""L_3""]","String3[""M_2""]","String7[""N1_1""]",[-1.0],[3],[3.8707862876254213e6],Bool[0],Bool[0],[0],[-0.014313152333804252],[1.7987403703703701e8],[1.0],[20],[1],[4.0975334448160697e6],[0.004885740885474807],[0.19295001200000003],[0.01958888483042845],[0.814022732353139],[4.0979004013377964e6],[0.4],[17],[20],[0.9570633536439762],[0.9445779322410492],[1.098612288296815],[2.2199152674897128e8],[0.28],[0],Bool[0],[0],[4.0975334448160697e6],[0.2055784],[1.7913684836065573e8],[17],[1.6094379117313804],Bool[0],[0.24],[0.0],Bool[0],[0],[0.9573191302785236],[0.24],[1.098612288154286],[0.9573171720532513],[0],[1.0986122881017724],[0.6931471802610981],Bool[0],[-0.01030941061622731],[0.38086731423948683],[2.455795677799607],Bool[0],[0.0],Bool[1],[4.0979004013377964e6],[0.0],[0.018891103178790225],[3.9219503010033476e6],[0.0],[3.6712513661202188e6],[1.6094379118770943],[-1.0],[2.455795677799607],Bool[0],[2.659574468085106],[0.4],Bool[0],[2.530364372469635],[20],[0.9450098693373573],[0.4],[0.6931471799562988],Bool[0],Bool[0],[0],[3.336776315789474e6],[4],[2.200636926229508e8],[-0.023014886232538733],[-1.0],[0.0],Bool[0],[1.609437911792878],[3.589769736842105e6],[3.9370083612040216e6],[1],[1.0986122880077562],Bool[0],Bool[0],[0.192950012],[0.4],[5],Bool[1],[0.8102743364634775],[0.0],[3.336776315789474e6],[20],[0.9698799196295468],[3.960270903010034e6],[-0.033390671006005665],[0.22],[0.2055784],[3],[1.6094379116179778],[0.3477451812117603],[5],[5],[0.37656275845601084],[0.3477451812117603],[0.38086731423948683]
"String3[""L1""]","String3[""L2""]","String3[""L2""]","String3[""L1""]","String3[""L3""]","String3[""L1""]","String7[""C1_3""]","String7[""D1_3""]","String7[""F1_1""]","String3[""L1""]","String3[""L1""]","String3[""L1""]","[""L0""]","String3[""L1""]","String3[""L_2""]","String3[""M_2""]","String7[""N1_2""]",[-2.0],[3],[2.490523e6],Bool[0],Bool[0],[0],[-0.10157289614697795],[1.2537315e8],[2.0],[19],[2],[2.540525e6],[0.009725542452737516],[0.498745272],[0.14415263812023127],[0.6927776552908549],[2.535893e6],[0.52],[19],[20],[0.9894175345726338],[0.9821088665807272],[1.0986122881061187],[1.809717e8],[0.62],[0],Bool[0],[20],[2.540525e6],[0.5018114],[1.2537315e8],[19],[1.6094379117738509],Bool[0],[0.4],[2.0],Bool[0],[0],[0.9932247389986768],[0.4],[1.098612288364121],[0.9895290942322964],[0],[1.0986122881274119],[0.6931471805047703],Bool[0],[0.04456692137016381],[0.332092051600155],[2.7114967462039044],Bool[0],[0.443],Bool[1],[2.535893e6],[0.443],[-0.039428288525022157],[2.509057e6],[0.55],[2.4435e6],[1.6094379118251019],[-2.0],[2.7114967462039044],Bool[0],[2.515090543259557],[0.38],Bool[0],[3.213367609254499],[20],[0.9822683760827465],[0.52],[0.6931471801235563],Bool[0],Bool[0],[20],[2.5565e6],[4],[1.809717e8],[-0.0005965785607514831],[-2.0],[-2.0],Bool[0],[1.6094379116935484],[2.5565e6],[2.4734e6],[2],[1.0986122879719045],Bool[0],Bool[0],[0.498745272],[0.38],[4],Bool[1],[0.6927776552908549],[0.55],[2.4435e6],[19],[1.0],[2.515825e6],[0.03917867535095773],[0.42],[0.5018114],[3],[1.6094379116870754],[0.34512097985489093],[4],[4],[0.3548242533085922],[0.34512097985489093],[0.332092051600155]
"String3[""L1""]","String3[""L2""]","String3[""L2""]","String3[""L1""]","String3[""L3""]","String3[""L1""]","String7[""C1_3""]","String7[""D1_3""]","String7[""F1_3""]","String3[""L1""]","String3[""L1""]","String3[""L1""]","[""L0""]","String3[""L1""]","String3[""L_1""]","String3[""M_1""]","String7[""N1_2""]",[0.0],[6],[3.858745806451619e6],Bool[0],Bool[1],[2],[-0.03938710348462762],[2.2312628044280446e8],[1.0],[4],[2],[3.89922222222224e6],[0.022723947500850866],[0.20882168],[0.044454068739621905],[0.9876339724355329],[3.9115403584229457e6],[1.0],[1],[20],[0.9984946666777114],[0.9865028742813197],[1.098612288143461],[2.240485387453875e8],[0.92],[0],Bool[0],[0],[3.89922222222224e6],[0.214301],[2.2127794833948344e8],[3],[1.6094379118659146],Bool[1],[0.82],[0.0],Bool[0],[0],[1.0],[0.82],[1.098612288339608],[0.9983694301415003],[0],[1.0986122881982174],[0.6931471803409037],Bool[0],[0.05891031433168824],[0.2857145465250238],[4.448398576512455],Bool[0],[0.0],Bool[0],[3.9115403584229457e6],[0.0],[0.01493625485903068],[3.9056521863799347e6],[0.0],[3.067329896907217e6],[1.6094379117065547],[0.0],[4.448398576512455],Bool[1],[3.5816618911174785],[0.34],Bool[1],[4.237288135593221],[20],[0.9862953561135103],[1.0],[0.693147179929033],Bool[0],Bool[1],[0],[3.1383378378378376e6],[6],[2.240485387453875e8],[0.03484168319160917],[-1.0],[0.0],Bool[0],[1.6094379115801556],[3.553191082802547e6],[3.8883405017921207e6],[2],[1.0986122879954388],Bool[0],Bool[0],[0.20882167999999995],[0.08],[6],Bool[0],[0.9958836674064137],[0.0],[3.1383378378378376e6],[17],[1.0],[3.896609318996425e6],[0.06115144319537015],[0.76],[0.21430100000000002],[6],[1.6094379116185422],[0.3107979441630848],[6],[6],[0.0233169915726708],[0.3107979441630848],[0.2857145465250238]
"String3[""L1""]","String3[""L2""]","String3[""L2""]","String3[""L1""]","String3[""L3""]","String3[""L1""]","String7[""C1_3""]","String7[""D1_3""]","String7[""F1_1""]","String3[""L1""]","String3[""L1""]","String3[""L1""]","[""L0""]","String3[""L2""]","String3[""L_2""]","String3[""M_2""]","String7[""N1_2""]",[2.0],[4],[2.500132e6],Bool[0],Bool[0],[0],[-0.014962568505955006],[1.2974735e8],[2.0],[19],[2],[2.534525e6],[0.00979522628234153],[0.500285784],[-0.044516935053548645],[0.6919858666666666],[2.530642e6],[0.5],[19],[20],[0.9887949382014525],[0.9879437707901789],[1.0986122882183478],[1.875e8],[0.22],[0],Bool[0],[20],[2.534525e6],[0.5004572],[1.2974735e8],[19],[1.60943791169559],Bool[0],[0.26],[2.0],Bool[0],[0],[0.9954489931407677],[0.26],[1.0986122880750335],[0.9888429087157872],[0],[1.0986122878258084],[0.6931471803951816],Bool[0],[0.007879029242979218],[0.3390577665708308],[2.8735632183908044],Bool[0],[0.521],Bool[1],[2.530642e6],[0.521],[0.07952623312250458],[2.502286e6],[0.504],[2.4326e6],[1.6094379117784952],[2.0],[2.8735632183908044],Bool[0],[4.166666666666666],[0.38],Bool[0],[3.5816618911174776],[20],[0.9879862134127714],[0.5],[0.6931471801873389],Bool[0],Bool[0],[20],[2.555111111111111e6],[6],[1.875e8],[0.034939388102975706],[-2.0],[-2.0],Bool[0],[1.6094379117168223],[2.555111111111111e6],[2.4975e6],[2],[1.0986122880358211],Bool[0],Bool[0],[0.500285784],[0.38],[6],Bool[1],[0.6919858666666666],[0.504],[2.4326e6],[19],[0.9954384428453482],[2.501e6],[-0.06682927901710099],[0.28],[0.5004572],[4],[1.6094379116477178],[0.26978852657590907],[6],[6],[0.392417136567709],[0.26978852657590907],[0.3390577665708308]
"String3[""L1""]","String3[""L2""]","String3[""L2""]","String3[""L1""]","String3[""L3""]","String3[""L1""]","String7[""C1_3""]","String7[""D1_3""]","String7[""F1_3""]","String3[""L1""]","String3[""L1""]","String3[""L1""]","[""L0""]","String3[""L2""]","String3[""L_1""]","String3[""M_1""]","String7[""N1_2""]",[0.0],[5],[4.013370748299337e6],Bool[0],Bool[1],[2],[-0.03713114004471599],[2.2035215e8],[1.0],[1],[2],[4.0612159863945795e6],[0.015175396129558264],[0.222291704],[-0.004134077865252336],[0.9768928205753079],[4.057505578231315e6],[0.98],[0],[19],[0.9893379418191509],[0.9891226693146737],[1.0986122882940585],[2.2035215e8],[0.66],[0],Bool[0],[1],[4.0612159863945795e6],[0.22153199999999998],[2.1526043333333334e8],[5],[1.6094379116568884],Bool[1],[0.8],[0.0],Bool[1],[0],[1.0],[0.8],[1.0986122882936962],[0.9893458790896489],[0],[1.0986122880167992],[0.6931471804459277],Bool[0],[-0.010772854769029451],[0.2836174413254587],[3.7878787878787876],Bool[0],[0.0],Bool[0],[4.057505578231315e6],[0.0],[-0.006101892941129219],[4.014244217687093e6],[0.0],[3.532622377622378e6],[1.6094379118432633],[0.0],[3.7878787878787876],Bool[1],[3.1645569620253164],[0.34],Bool[1],[3.3422459893048124],[19],[0.9891391481447326],[0.98],[0.6931471802400532],Bool[0],Bool[1],[1],[3.399539473684211e6],[5],[2.2035215e8],[0.010064593032812916],[1.0],[0.0],Bool[0],[1.6094379117253308],[3.6143354430379746e6],[4.0186258503401503e6],[2],[1.098612288327549],Bool[0],Bool[0],[0.22229170400000003],[0.02],[5],Bool[0],[1.0],[0.0],[3.399539473684211e6],[17],[1.0],[4.0174557823129436e6],[0.010345917930752936],[0.64],[0.221532],[5],[1.609437911536059],[0.29108963056763115],[5],[5],[0.019941239279442996],[0.29108963056763115],[0.2836174413254587]
"String3[""L1""]","String3[""L2""]","String3[""L2""]","String3[""L1""]","String3[""L3""]","String3[""L1""]","String7[""C1_3""]","String7[""D1_3""]","String7[""F1_1""]","String3[""L1""]","String3[""L1""]","String3[""L1""]","[""L0""]","String3[""L3""]","String3[""L_2""]","String3[""M_2""]","String7[""N1_2""]",[2.0],[5],[2.516489e6],Bool[0],Bool[0],[0],[-0.06862994229777107],[1.430938e8],[0.0],[15],[2],[2.56505e6],[0.01454571827033647],[0.500967872],[-0.01748660775322312],[0.7631669333333333],[2.559939e6],[0.46],[15],[20],[0.9758337991647458],[0.9830269393137884],[1.0986122882186329],[1.875e8],[0.12],[0],Bool[0],[20],[2.56505e6],[0.49961500000000003],[1.430938e8],[15],[1.6094379118340378],Bool[0],[0.36],[0.0],Bool[0],[0],[0.9892097369733384],[0.36],[1.0986122881122835],[0.9759334990089218],[0],[1.0986122879701785],[0.693147180327639],Bool[0],[-0.0740730445536741],[0.26672669376723435],[4.098360655737705],Bool[0],[0.536],Bool[1],[2.559939e6],[0.536],[-0.07365088713782073],[2.498075e6],[0.493],[2.5727e6],[1.6094379117125859],[2.0],[4.098360655737705],Bool[0],[3.5511363636363633],[0.3],Bool[0],[3.5410764872521248],[20],[0.9830824427394692],[0.46],[0.693147179993064],Bool[0],Bool[0],[20],[2.6704e6],[5],[1.875e8],[-0.009835570957112839],[2.0],[2.0],Bool[0],[1.6094379116618476],[2.6704e6],[2.531875e6],[2],[1.0986122880235971],Bool[0],Bool[0],[0.500967872],[0.3],[5],Bool[1],[0.7631669333333333],[0.493],[2.5727e6],[15],[0.9813320622929468],[2.509575e6],[0.00593331707083404],[0.24],[0.49961500000000003],[5],[1.6094379116118696],[0.2491566759450768],[5],[5],[0.26741430247464326],[0.2491566759450768],[0.26672669376723435]
"String3[""L1""]","String3[""L2""]","String3[""L2""]","String3[""L1""]","String3[""L3""]","String3[""L1""]","String7[""C1_3""]","String7[""D1_3""]","String7[""F1_1""]","String3[""L1""]","String3[""L1""]","String3[""L1""]","[""L0""]","String3[""L1""]","String3[""L_3""]","String3[""M_1""]","String7[""N1_2""]",[-2.0],[3],[2.493536e6],Bool[0],Bool[0],[0],[-0.03477200028246121],[1.259526e8],[2.0],[19],[2],[2.5413e6],[0.010153739384574652],[0.499704304],[-0.07847177661193279],[0.6717472],[2.537514e6],[0.5],[19],[20],[0.9883145472300843],[0.9826688640929666],[1.098612288215918],[1.875e8],[0.48],[0],Bool[0],[20],[2.5413e6],[0.5015724],[1.259526e8],[19],[1.6094379117797204],Bool[0],[0.38],[2.0],Bool[0],[0],[0.9944131258495619],[0.38],[1.0986122882915161],[0.9883866158518572],[0],[1.0986122880956888],[0.6931471804972236],Bool[0],[-0.04798245353567384],[0.3285836650596009],[2.323420074349442],Bool[0],[0.484],Bool[1],[2.537514e6],[0.484],[-0.010721454145643263],[2.507862e6],[0.5660000000000001],[2.48455e6],[1.609437911756579],[-2.0],[2.323420074349442],Bool[0],[4.23728813559322],[0.38],Bool[0],[3.623188405797102],[20],[0.9827789218943991],[0.5],[0.6931471800506198],Bool[0],Bool[0],[20],[2.51375e6],[5],[1.875e8],[0.042433417023045074],[-2.0],[-2.0],Bool[0],[1.6094379116325859],[2.51375e6],[2.48935e6],[2],[1.098612288021861],Bool[0],Bool[0],[0.499704304],[0.38],[6],Bool[1],[0.6717472],[0.5660000000000001],[2.48455e6],[19],[0.9986496903910669],[2.50815e6],[0.005049112946476649],[0.3],[0.5015724],[3],[1.6094379116758102],[0.28327799939988285],[5],[6],[0.45101976114578396],[0.28327799939988285],[0.3285836650596009]
"String3[""L1""]","String3[""L2""]","String3[""L2""]","String3[""L1""]","String3[""L3""]","String3[""L1""]","String7[""C1_3""]","String7[""D1_3""]","String7[""F1_3""]","String3[""L1""]","String3[""L1""]","String3[""L1""]","[""L0""]","String3[""L3""]","String3[""L_1""]","String3[""M_1""]","String7[""N1_2""]",[0.0],[4],[4.0044847491638833e6],Bool[0],Bool[0],[2],[-0.0035198530465941277],[2.1493022433460075e8],[1.0],[4],[2],[4.115185618729105e6],[0.013536322594588108],[0.227961504],[-0.054301336279773516],[0.9494637206999482],[4.098800468227429e6],[0.78],[3],[15],[0.9852619577892004],[0.9769894339100792],[1.0986122883495812],[2.234240266159696e8],[0.58],[0],Bool[0],[0],[4.115185618729105e6],[0.22278959999999998],[2.1213300760456276e8],[6],[1.6094379118462219],Bool[1],[0.6],[0.0],Bool[0],[0],[1.0],[0.6],[1.0986122883811138],[0.9852990954401184],[0],[1.0986122881829024],[0.6931471803427176],Bool[0],[0.01726086060282075],[0.10000246852953179],[3.2467532467532467],Bool[0],[0.0],Bool[0],[4.098800468227429e6],[0.0],[-0.03251239101365667],[4.038392173913048e6],[0.0],[3.561758865248228e6],[1.6094379116798518],[0.0],[3.2467532467532467],Bool[1],[2.997601918465228],[0.28],Bool[0],[3.644314868804665],[18],[0.9768862214598975],[0.78],[0.6931471802317162],Bool[0],Bool[1],[0],[3.1876216216216213e6],[4],[2.234240266159696e8],[0.11679483242164275],[-1.0],[0.0],Bool[0],[1.6094379115879338],[3.5332125984251974e6],[4.04107525083612e6],[2],[1.0986122880374634],Bool[0],Bool[0],[0.22796150399999998],[0.08],[4],Bool[0],[0.961983487586282],[0.0],[3.1876216216216213e6],[14],[1.0],[4.0565568561872877e6],[0.018475696762215055],[0.54],[0.2227896],[4],[1.6094379117618842],[0.06834744846737148],[4],[4],[0.00970843509531789],[0.06834744846737148],[0.10000246852953179]
"String3[""L1""]","String3[""L2""]","String3[""L2""]","String3[""L1""]","String3[""L3""]","String3[""L1""]","String7[""C1_3""]","String7[""D1_3""]","String7[""F1_1""]","String3[""L1""]","String3[""L1""]","String3[""L1""]","[""L0""]","String3[""L2""]","String3[""L_3""]","String3[""M_1""]","String7[""N1_2""]",[2.0],[2],[2.531141e6],Bool[0],Bool[0],[0],[0.08367470567734589],[1.2688285e8],[2.0],[20],[1],[2.53155e6],[0.01024613938716315],[0.502108792],[-0.01609303996505216],[0.6767085333333334],[2.532785e6],[0.12],[20],[20],[0.9905226855023226],[0.9993509121382194],[1.098612288311228],[1.875e8],[0.52],[0],Bool[0],[20],[2.53155e6],[0.5017562],[1.2688285e8],[20],[1.6094379117090216],Bool[0],[0.08],[2.0],Bool[0],[0],[1.0],[0.08],[1.0986122883443903],[0.9905740092320547],[0],[1.0986122880985218],[0.6931471804014011],Bool[0],[0.03431797799829988],[0.6518843863508313],[1.8545994065281899],Bool[0],[0.64],Bool[1],[2.532785e6],[0.64],[-0.03178447944036486],[2.508781e6],[0.601],[2.48905e6],[1.6094379118115087],[2.0],[1.8545994065281899],Bool[0],[2.144082332761578],[0.4],Bool[0],[1.127141568981064],[20],[0.999351104514767],[0.12],[0.6931471801502953],Bool[0],Bool[0],[20],[2.48905e6],[3],[1.875e8],[-0.08485914906066684],[2.0],[2.0],Bool[0],[1.6094379115886368],[2.48905e6],[2.53155e6],[1],[1.0986122880236318],Bool[0],Bool[0],[0.502108792],[0.4],[5],Bool[1],[0.6767085333333334],[0.601],[2.48905e6],[20],[1.0],[2.515125e6],[0.10021497376278578],[0.76],[0.5017562],[2],[1.6094379115567676],[0.4573889080071794],[2],[5],[0.531558137147763],[0.4573889080071794],[0.6518843863508313]
"String3[""L1""]","String3[""L2""]","String3[""L2""]","String3[""L1""]","String3[""L3""]","String3[""L1""]","String7[""C1_3""]","String7[""D1_3""]","String7[""F1_3""]","String3[""L1""]","String3[""L1""]","String3[""L1""]","[""L0""]","String3[""L1""]","String3[""L_1""]","String3[""M_2""]","String7[""N1_2""]",[0.0],[5],[3.9190011149825715e6],Bool[0],Bool[0],[2],[0.03073015387176889],[2.2313569675090253e8],[1.0],[1],[2],[3.9712543554006815e6],[0.010363055883875254],[0.20889793599999998],[0.011615668996025329],[0.9921580705857449],[3.9647612543553947e6],[0.96],[1],[20],[0.9944420466266546],[0.9884582862782584],[1.0986122882128875],[2.2401471480144405e8],[0.86],[0],Bool[0],[0],[3.9712543554006815e6],[0.21472159999999998],[2.2225800722021663e8],[2],[1.6094379117807227],Bool[1],[0.82],[0.0],Bool[0],[0],[1.0],[0.82],[1.0986122882731797],[0.9943884058994996],[0],[1.0986122880120988],[0.6931471804664104],Bool[0],[0.07487939435351759],[0.2667274185530989],[4.071661237785016],Bool[0],[0.0],Bool[0],[3.9647612543553947e6],[0.0],[0.06957886556729492],[3.942725296167241e6],[0.0],[3.6329281045751637e6],[1.609437911838936],[0.0],[4.071661237785016],Bool[1],[4.355400696864111],[0.24],Bool[0],[4.180602006688963],[20],[0.9887385828199455],[0.96],[0.6931471801409225],Bool[0],Bool[1],[0],[3.1962432432432435e6],[5],[2.2401471480144405e8],[0.03763342593756925],[1.0],[0.0],Bool[0],[1.6094379117019342],[3.552014925373134e6],[3.9507142857142678e6],[2],[1.0986122880790532],Bool[0],Bool[0],[0.20889793600000003],[0.02],[5],Bool[0],[0.9960760700415567],[0.0],[3.1962432432432435e6],[12],[1.0],[3.9695121951219337e6],[0.012663681490854662],[0.76],[0.2147216],[5],[1.6094379116223256],[0.23718548819015045],[5],[5],[0.013269355975329036],[0.23718548819015045],[0.2667274185530989]
"String3[""L1""]","String3[""L2""]","String3[""L2""]","String3[""L1""]","String3[""L3""]","String3[""L1""]","String7[""C1_3""]","String7[""D1_3""]","String7[""F1_1""]","String3[""L1""]","String3[""L1""]","String3[""L1""]","[""L0""]","String3[""L3""]","String3[""L_3""]","String3[""M_1""]","String7[""N1_2""]",[2.0],[3],[2.460448e6],Bool[0],Bool[0],[0],[-0.017503216281149453],[1.2899735e8],[2.0],[18],[2],[2.5521e6],[0.005474268535612765],[0.498000368],[0.0651322763362615],[0.6879858666666666],[2.549058e6],[0.02],[18],[20],[0.9770228845322468],[0.9652381389517226],[1.098612288292142],[1.875e8],[0.34],[0],Bool[0],[20],[2.5521e6],[0.4980976],[1.2899735e8],[18],[1.6094379118196103],Bool[0],[0.02],[2.0],Bool[0],[0],[0.9616455488287576],[0.02],[1.0986122883987957],[0.9771258760762725],[0],[1.0986122882623854],[0.6931471804643047],Bool[0],[0.043819972290416634],[0.5811640736453003],[2.7716186252771617],Bool[0],[0.4],Bool[1],[2.549058e6],[0.4],[0.0283935375620965],[2.490488e6],[0.439],[2.44775e6],[1.6094379117926192],[2.0],[2.7716186252771617],Bool[0],[2.4703557312252964],[0.36],Bool[0],[1.5802781289506953],[20],[0.9653840169676977],[0.02],[0.6931471800588582],Bool[0],Bool[0],[20],[2.44775e6],[4],[1.875e8],[0.1029187491209411],[2.0],[2.0],Bool[0],[1.6094379116265112],[2.44775e6],[2.451775e6],[2],[1.0986122880691307],Bool[0],Bool[0],[0.498000368],[0.36],[5],Bool[1],[0.6879858666666666],[0.439],[2.44775e6],[18],[0.9820759133944601],[2.47825e6],[-0.07949496542447122],[0.08],[0.4980976],[3],[1.6094379116951882],[0.45920165558934994],[3],[5],[0.43803251077517064],[0.45920165558934994],[0.5811640736453003]
"String3[""L1""]","String3[""L2""]","String3[""L2""]","String3[""L1""]","String3[""L3""]","String3[""L1""]","String7[""C1_3""]","String7[""D1_3""]","String7[""F1_1""]","String3[""L1""]","String3[""L1""]","String3[""L1""]","[""L0""]","String3[""L1""]","String3[""L_3""]","String3[""M_2""]","String7[""N1_2""]",[-2.0],[2],[2.547216e6],Bool[0],Bool[0],[0],[0.00830415708839305],[1.241827e8],[2.0],[20],[1],[2.572025e6],[0.006719999999999976],[0.4903224],[-0.0059725240990078105],[0.6623077333333334],[2.554328e6],[0.4],[20],[20],[0.9811144066071389],[0.9972157060487142],[1.0986122881852154],[1.875e8],[0.62],[0],Bool[0],[20],[2.572025e6],[0.5012175999999999],[1.241827e8],[20],[1.6094379117870532],Bool[0],[0.28],[2.0],Bool[0],[0],[1.0],[0.28],[1.0986122882990963],[0.9813204174534191],[0],[1.0986122880113462],[0.6931471804873455],Bool[0],[-0.01226691487727351],[0.5741008074824491],[2.0],Bool[0],[0.2],Bool[0],[2.554328e6],[0.2],[-0.10139868546893124],[2.506088e6],[0.5459999999999999],[2.54355e6],[1.6094379117492004],[-2.0],[2.0],Bool[0],[2.3191094619666046],[0.4],Bool[0],[1.4863258026159332],[20],[0.9972008772044646],[0.4],[0.6931471802994659],Bool[0],Bool[0],[20],[2.53865e6],[3],[1.875e8],[0.0788523030630447],[2.0],[2.0],Bool[0],[1.6094379116244681],[2.53865e6],[2.571125e6],[1],[1.0986122880532534],Bool[0],Bool[0],[0.4903224],[0.4],[3],Bool[0],[0.6623077333333334],[0.5459999999999999],[2.54355e6],[20],[1.0],[2.530425e6],[0.002439930837065935],[0.78],[0.5012175999999999],[2],[1.6094379116267379],[0.4342716858741772],[3],[3],[0.28795231749718564],[0.4342716858741772],[0.5741008074824491]
"String3[""L1""]","String3[""L2""]","String3[""L2""]","String3[""L1""]","String3[""L3""]","String3[""L1""]","String7[""C1_3""]","String7[""D1_3""]","String7[""F1_3""]","String3[""L1""]","String3[""L1""]","String3[""L1""]","[""L0""]","String3[""L2""]","String3[""L_1""]","String3[""M_2""]","String7[""N1_2""]",[0.0],[4],[3.9649170068027317e6],Bool[0],Bool[0],[2],[-0.028914694840247463],[2.2044173076923078e8],[1.0],[6],[2],[4.0318418367347238e6],[0.010103176333374719],[0.20530620800000002],[0.08301108579971497],[0.9386514929090297],[4.017981224489815e6],[0.96],[2],[20],[0.9917839743666568],[0.9867933136761182],[1.0986122883870733],[2.2232175384615386e8],[0.62],[0],Bool[0],[0],[4.0318418367347238e6],[0.21818640000000003],[2.0868264615384614e8],[8],[1.6094379117199695],Bool[1],[0.84],[0.0],Bool[0],[0],[1.0],[0.84],[1.098612288066306],[0.9916912249494834],[0],[1.0986122878692606],[0.6931471802799924],Bool[0],[0.005369827583620769],[0.30646199083083697],[3.676470588235294],Bool[0],[0.0],Bool[0],[4.017981224489815e6],[0.0],[-0.09746516776584278],[3.984969387755115e6],[0.0],[3.61523717948718e6],[1.6094379117545827],[0.0],[3.676470588235294],Bool[1],[2.7173913043478257],[0.32],Bool[0],[3.0712530712530715],[20],[0.9867756327165056],[0.96],[0.6931471800710232],Bool[0],Bool[1],[0],[3.2232191780821914e6],[5],[2.2232175384615386e8],[0.02395837247052502],[1.0],[0.0],Bool[0],[1.6094379116124145],[3.6368209876543228e6],[3.9756615646258546e6],[2],[1.0986122882367464],Bool[0],Bool[0],[0.20530620800000002],[0.12],[5],Bool[0],[0.9915436836728805],[0.0],[3.2232191780821914e6],[16],[1.0],[4.0149625850340277e6],[0.05146745670084924],[0.56],[0.21818640000000003],[4],[1.6094379115361432],[0.3282390467692715],[5],[5],[0.09345197603047246],[0.3282390467692715],[0.30646199083083697]
"String3[""L1""]","String3[""L2""]","String3[""L2""]","String3[""L1""]","String3[""L3""]","String3[""L1""]","String7[""C1_3""]","String7[""D1_3""]","String7[""F1_1""]","String3[""L1""]","String3[""L1""]","String3[""L1""]","[""L0""]","String3[""L2""]","String3[""L_3""]","String3[""M_2""]","String7[""N1_2""]",[-2.0],[2],[2.504502e6],Bool[0],Bool[0],[0],[0.06496003797053214],[1.25641e8],[2.0],[20],[1],[2.5164e6],[0.007616000000000039],[0.50040704],[0.08204799297378221],[0.6815648852580761],[2.519814e6],[0.5],[20],[20],[0.9918724159799096],[0.9939233610099794],[1.098612288062092],[1.8434195e8],[0.2],[0],Bool[0],[20],[2.5164e6],[0.4998668],[1.25641e8],[20],[1.609437911579226],Bool[0],[0.3],[2.0],Bool[0],[0],[0.9985652565066712],[0.3],[1.0986122883919438],[0.9919029993077223],[0],[1.0986122882666614],[0.6931471803661922],Bool[0],[0.055748400598632106],[0.351013867509533],[1.923076923076923],Bool[0],[0.57],Bool[1],[2.519814e6],[0.57],[0.021824280671335832],[2.499334e6],[0.489],[2.531e6],[1.6094379116068311],[-2.0],[1.923076923076923],Bool[0],[3.8226299694189603],[0.4],Bool[0],[2.5303643724696356],[20],[0.9939476979396659],[0.5],[0.6931471801181004],Bool[0],Bool[0],[20],[2.472e6],[4],[1.8434195e8],[-0.05523571758758439],[-2.0],[-2.0],Bool[0],[1.6094379115469377],[2.472e6],[2.504725e6],[1],[1.0986122879618712],Bool[0],Bool[0],[0.50040704],[0.4],[4],Bool[1],[0.6815648852580761],[0.489],[2.531e6],[20],[0.9943895952967937],[2.49925e6],[0.014267374944102308],[0.34],[0.4998668],[2],[1.6094379115161517],[0.19803013705999398],[4],[4],[0.4968323813762545],[0.19803013705999398],[0.351013867509533]
"String3[""L1""]","String3[""L2""]","String3[""L2""]","String3[""L1""]","String3[""L3""]","String3[""L1""]","String7[""C1_3""]","String7[""D1_3""]","String7[""F1_3""]","String3[""L1""]","String3[""L1""]","String3[""L1""]","[""L0""]","String3[""L3""]","String3[""L_1""]","String3[""M_2""]","String7[""N1_2""]",[0.0],[4],[3.9427528767123306e6],Bool[0],Bool[1],[2],[0.0382967451757051],[2.1975521428571433e8],[1.0],[3],[2],[4.0939708904109607e6],[0.005528724187709219],[0.21465480399999998],[-0.03980860357809733],[0.9823153330747127],[4.0586009589041118e6],[0.94],[3],[18],[0.9872678982065043],[0.9714561536438748],[1.0986122883305742],[2.227528253968255e8],[0.5],[0],Bool[0],[0],[4.0939708904109607e6],[0.22133199999999997],[2.1881351587301597e8],[4],[1.6094379117663746],Bool[1],[0.72],[0.0],Bool[0],[0],[0.9952776491316808],[0.72],[1.098612288264761],[0.9872624560033227],[0],[1.098612287929306],[0.6931471805380236],Bool[0],[0.0029192005685282204],[0.28380780953314166],[3.3875338753387534],Bool[0],[0.0],Bool[0],[4.0586009589041118e6],[0.0],[0.009264825734120446],[4.0069264383561653e6],[0.0],[3.394327868852459e6],[1.6094379118532331],[0.0],[3.3875338753387534],Bool[1],[2.7964205816554806],[0.28],Bool[1],[3.571428571428571],[20],[0.9718916480923293],[0.94],[0.693147180318498],Bool[0],Bool[1],[0],[3.3454210526315784e6],[5],[2.227528253968255e8],[0.015610094901378602],[1.0],[0.0],Bool[0],[1.609437911645345],[3.1925555555555555e6],[3.986280821917809e6],[2],[1.0986122879288762],Bool[0],Bool[0],[0.214654804],[0.06],[5],Bool[0],[0.9865428817534815],[0.0],[3.3454210526315784e6],[14],[0.9998253822941033],[4.0274845890410976e6],[-0.01807802599140273],[0.4],[0.22133199999999997],[4],[1.6094379115642783],[0.3050789942818089],[5],[5],[0.10112681519755282],[0.3050789942818089],[0.28380780953314166]
"String3[""L1""]","String3[""L2""]","String3[""L2""]","String3[""L1""]","String3[""L3""]","String3[""L1""]","String7[""C1_3""]","String7[""D1_3""]","String7[""F1_1""]","String3[""L1""]","String3[""L1""]","String3[""L1""]","[""L0""]","String3[""L3""]","String3[""L_3""]","String3[""M_2""]","String7[""N1_2""]",[2.0],[2],[2.522719e6],Bool[0],Bool[0],[0],[-0.02144207606979608],[1.2863995e8],[2.0],[20],[1],[2.5715e6],[0.006303999999999976],[0.5],[0.07701519239826754],[0.6860797333333334],[2.571755e6],[0.4],[20],[20],[0.9748638575603041],[0.9809328649113154],[1.0986122881832054],[1.875e8],[0.18],[0],Bool[0],[20],[2.5715e6],[0.5014222],[1.2863995e8],[20],[1.6094379118102502],Bool[0],[0.22],[2.0],Bool[0],[0],[0.9917987915818637],[0.22],[1.0986122882214342],[0.9749762939624935],[0],[1.0986122880939175],[0.6931471803989614],Bool[0],[0.0009755806599044757],[0.3415768399643044],[2.0],Bool[0],[0.5],Bool[0],[2.571755e6],[0.5],[-0.0744492322109337],[2.507111e6],[0.556],[2.54565e6],[1.6094379116173436],[2.0],[2.0],Bool[0],[2.7964205816554806],[0.4],Bool[0],[2.515090543259557],[20],[0.9809472293591875],[0.4],[0.6931471801243252],Bool[0],Bool[0],[20],[2.54535e6],[3],[1.875e8],[0.003842932513472565],[2.0],[2.0],Bool[0],[1.609437911456954],[2.54535e6],[2.5429e6],[1],[1.0986122880656666],Bool[0],Bool[0],[0.5],[0.4],[3],Bool[0],[0.6860797333333334],[0.556],[2.54565e6],[20],[0.9868219575674226],[2.52365e6],[0.003593364807722578],[0.26],[0.5014222],[2],[1.6094379116493327],[0.27600495937573294],[3],[3],[0.507805806977431],[0.27600495937573294],[0.3415768399643044]
"String3[""L1""]","String3[""L2""]","String3[""L2""]","String3[""L1""]","String3[""L3""]","String3[""L1""]","String7[""C1_3""]","String7[""D1_3""]","String7[""F1_3""]","String3[""L1""]","String3[""L1""]","String3[""L1""]","[""L0""]","String3[""L1""]","String3[""L_2""]","String3[""M_1""]","String7[""N1_2""]",[0.0],[4],[3.7610911418685163e6],Bool[0],Bool[0],[2],[0.0060671704794507475],[2.1575330039525694e8],[-1.0],[3],[2],[3.95697404844291e6],[0.005745695578124069],[0.185438292],[0.029335592665255365],[0.94742993752591],[3.925458477508657e6],[0.54],[3],[20],[0.97176990764308],[0.9581278628771897],[1.098612288180675],[2.216058616600791e8],[0.52],[0],Bool[0],[0],[3.95697404844291e6],[0.20185720000000004],[2.099560276679842e8],[9],[1.6094379117038715],Bool[1],[0.44],[0.0],Bool[0],[0],[0.9719099184420985],[0.44],[1.0986122880045195],[0.9717533269172578],[0],[1.0986122878031415],[0.6931471803058211],Bool[0],[0.019630574186427795],[0.3685568975992716],[3.731343283582089],Bool[0],[0.0],Bool[1],[3.925458477508657e6],[0.0],[0.028751660421989247],[3.814642422145333e6],[0.0],[3.6671882352941176e6],[1.6094379118443616],[0.0],[3.731343283582089],Bool[1],[4.098360655737705],[0.3],Bool[0],[3.041362530413625],[20],[0.9583193342965584],[0.54],[0.6931471801060414],Bool[0],Bool[1],[0],[3.238931506849315e6],[6],[2.216058616600791e8],[-0.048940264431892415],[-1.0],[0.0],Bool[0],[1.6094379117617708],[3.186925619834711e6],[3.7488477508650543e6],[2],[1.0986122880934945],Bool[0],Bool[0],[0.185438292],[0.06],[6],Bool[0],[0.9735902235573561],[0.0],[3.238931506849315e6],[15],[1.0],[3.8106089965398014e6],[0.01325051452655437],[0.44],[0.2018572],[4],[1.609437911674035],[0.3058457564982715],[6],[6],[0.31371239498623577],[0.3058457564982715],[0.3685568975992716]
"String3[""L1""]","String3[""L2""]","String3[""L2""]","String3[""L1""]","String3[""L3""]","String3[""L1""]","String7[""C1_3""]","String7[""D1_3""]","String7[""F1_2""]","String3[""L1""]","String3[""L1""]","String3[""L1""]","[""L0""]","String3[""L1""]","String3[""L_1""]","String3[""M_1""]","String7[""N1_1""]",[0.0],[5],[3.79312525e6],Bool[0],Bool[0],[0],[-0.020461060661745255],[2.1066049295774642e8],[0.0],[11],[2],[3.8374875e6],[0.0132647745513742],[0.39366650000000003],[-0.03290596021659644],[0.9840236258972539],[3.80876975e6],[1.0],[2],[0],[0.9958925057100131],[0.9958925057100131],[1.09861228811753],[2.177987183098591e8],[0.86],[0],Bool[0],[0],[3.8374875e6],[0.3834775999999999],[2.1431908450704217e8],[1],[1.609437911817552],Bool[0],[1.0],[0.0],Bool[0],[0],[1.0],[1.0],[1.0986122883584493],[0.9958070831839503],[0],[1.0986122881277787],[0.6931471804674707],Bool[0],[0.04855768940864872],[0.32450398695855803],[3.676470588235294],Bool[0],[0.526],Bool[0],[3.80876975e6],[0.526],[0.12767247148056637],[3.79312525e6],[0.491],[2.72095e6],[1.6094379117005029],[0.0],[3.676470588235294],Bool[0],[2.5],[0.36],Bool[0],[2.5],[0],[0.9958070831839503],[1.0],[0.693147180092701],Bool[0],Bool[0],[0],[2.72095e6],[5],[2.177987183098591e8],[0.053202262377819755],[0.0],[0.0],Bool[0],[1.6094379116405915],[2.72095e6],[3.80851875e6],[2],[1.0986122879609157],Bool[0],Bool[0],[0.39366650000000003],[0.22],[6],Bool[1],[0.9672255860479526],[0.491],[2.72095e6],[18],[1.0],[3.80851875e6],[0.008029252088513813],[0.86],[0.38347760000000003],[5],[1.609437911735738],[0.32450398695855803],[5],[6],[0.01720109159326815],[0.32450398695855803],[0.32450398695855803]
"String3[""L1""]","String3[""L2""]","String3[""L2""]","String3[""L1""]","String3[""L3""]","String3[""L1""]","String7[""C1_3""]","String7[""D1_3""]","String7[""F1_2""]","String3[""L1""]","String3[""L1""]","String3[""L1""]","[""L0""]","String3[""L2""]","String3[""L_1""]","String3[""M_1""]","String7[""N1_1""]",[0.0],[4],[3.77977775e6],Bool[0],Bool[0],[2],[-0.033048766760244395],[2.0731164935064936e8],[0.0],[5],[2],[3.862025e6],[0.014287154917375923],[0.387437388],[-0.04431076371818696],[1.0],[3.82968575e6],[1.0],[4],[2],[0.9862956118527479],[0.986968121339982],[1.0986122883323595],[2.202205324675324e8],[0.56],[0],Bool[0],[0],[3.862025e6],[0.3789100000000001],[2.202205324675324e8],[0],[1.6094379117333197],Bool[1],[0.98],[0.0],Bool[0],[0],[1.0],[0.98],[1.0986122883034268],[0.9860758933955281],[0],[1.0986122881632654],[0.693147180019246],Bool[0],[-0.05150396446126274],[0.3364480595158783],[3.369272237196765],Bool[1],[0.5060000000000001],Bool[0],[3.82968575e6],[0.5060000000000001],[-0.009348919444545507],[3.77720225e6],[0.48],[2.790478260869565e6],[1.6094379116987307],[0.0],[3.369272237196765],Bool[1],[2.115059221658206],[0.24],Bool[0],[2.052545155993432],[1],[0.9867753797463104],[1.0],[0.6931471797752732],Bool[0],Bool[1],[0],[2.70555e6],[3],[2.202205324675324e8],[-0.02768765077961609],[0.0],[0.0],Bool[0],[1.6094379115726303],[2.9722e6],[3.746875e6],[2],[1.0986122880811704],Bool[0],Bool[0],[0.387437388],[0.1],[5],Bool[0],[0.9413820184147169],[0.48],[2.70555e6],[12],[1.0],[3.746875e6],[0.0071242741488317255],[0.58],[0.3789100000000001],[4],[1.609437911590495],[0.3286347771493455],[3],[5],[0.015347206651374705],[0.3286347771493455],[0.3364480595158783]
"String3[""L1""]","String3[""L2""]","String3[""L2""]","String3[""L1""]","String3[""L3""]","String3[""L1""]","String7[""C1_3""]","String7[""D1_3""]","String7[""F1_3""]","String3[""L1""]","String3[""L1""]","String3[""L1""]","[""L0""]","String3[""L2""]","String3[""L_2""]","String3[""M_1""]","String7[""N1_2""]",[0.0],[4],[3.652226402877703e6],Bool[0],Bool[0],[2],[-0.05335997334802429],[2.1294662977099237e8],[-1.0],[4],[2],[3.9936888489208827e6],[0.009678284145446461],[0.192118688],[-0.030833735834548737],[0.947965289455707],[3.9690784892086433e6],[0.12],[4],[20],[0.9394773166545671],[0.920169861293392],[1.0986122882055902],[2.2258366030534345e8],[0.14],[0],Bool[0],[0],[3.9936888489208827e6],[0.1982564],[2.1100158396946567e8],[6],[1.609437911755271],Bool[1],[0.06],[0.0],Bool[0],[0],[0.9279714140708069],[0.06],[1.098612288295118],[0.9402100344299796],[0],[1.0986122880547178],[0.6931471803651907],Bool[0],[-0.015148637670206593],[0.3984258633372086],[3.8819875776397508],Bool[0],[0.0],Bool[0],[3.9690784892086433e6],[0.0],[0.07647997387838773],[3.7288592086330997e6],[0.0],[3.1778842975206617e6],[1.609437911829879],[0.0],[3.8819875776397508],Bool[1],[3.0712530712530715],[0.24],Bool[0],[3.117206982543641],[20],[0.9209855387226026],[0.12],[0.6931471800295776],Bool[0],Bool[1],[0],[3.1085405405405406e6],[4],[2.2258366030534345e8],[-0.04914794923374295],[-1.0],[0.0],Bool[0],[1.6094379117894944],[3.586044198895028e6],[3.604656474820148e6],[2],[1.0986122879871676],Bool[0],Bool[0],[0.192118688],[0.08],[5],Bool[0],[0.9567037826535386],[0.0],[3.1085405405405406e6],[12],[0.9577486933088437],[3.792156474820154e6],[-0.006713353055843595],[0.08],[0.1982564],[4],[1.609437911549326],[0.3883663844567395],[4],[5],[0.3139384152600634],[0.3883663844567395],[0.3984258633372086]
"String3[""L1""]","String3[""L2""]","String3[""L2""]","String3[""L1""]","String3[""L3""]","String3[""L1""]","String7[""C1_3""]","String7[""D1_3""]","String7[""F1_2""]","String3[""L1""]","String3[""L1""]","String3[""L1""]","[""L0""]","String3[""L3""]","String3[""L_1""]","String3[""M_1""]","String7[""N1_1""]",[0.0],[5],[3.87192e6],Bool[0],Bool[0],[0],[0.09452920080305433],[2.122831351351351e8],[0.0],[13],[2],[3.9282375e6],[0.025235069522445804],[0.41992772799999994],[-0.03823914404090121],[1.0],[3.915497e6],[1.0],[2],[0],[0.9888706337918277],[0.9888706337918277],[1.0986122881456315],[2.1905437837837833e8],[0.74],[0],Bool[0],[0],[3.9282375e6],[0.4032858],[2.1905437837837833e8],[0],[1.6094379117976247],Bool[0],[1.0],[0.0],Bool[0],[0],[1.0],[1.0],[1.098612288203508],[0.9887843430087829],[0],[1.0986122879865454],[0.6931471804108069],Bool[0],[0.010381555090241218],[0.3492802545807593],[3.2051282051282057],Bool[1],[0.61],Bool[0],[3.915497e6],[0.61],[-0.033378904567672334],[3.87192e6],[0.555],[2.75425e6],[1.609437911784097],[0.0],[3.2051282051282057],Bool[0],[2.23613595706619],[0.36],Bool[0],[2.23613595706619],[0],[0.9887843430087829],[1.0],[0.6931471801603105],Bool[0],Bool[0],[0],[2.75425e6],[3],[2.1905437837837833e8],[0.0059103767300763685],[0.0],[0.0],Bool[0],[1.609437911642932],[2.75425e6],[3.89060625e6],[2],[1.09861228797357],Bool[0],Bool[0],[0.419927728],[0.26],[5],Bool[1],[0.9690887564386087],[0.555],[2.75425e6],[18],[1.0],[3.89060625e6],[0.013538621362552733],[0.74],[0.4032858],[5],[1.60943791151374],[0.3492802545807593],[3],[5],[0.02187181382510376],[0.3492802545807593],[0.3492802545807593]
"String3[""L1""]","String3[""L2""]","String3[""L2""]","String3[""L1""]","String3[""L3""]","String3[""L1""]","String7[""C1_3""]","String7[""D1_3""]","String7[""F1_3""]","String3[""L1""]","String3[""L1""]","String3[""L1""]","[""L0""]","String3[""L3""]","String3[""L_2""]","String3[""M_1""]","String7[""N1_2""]",[0.0],[5],[3.5814147038327516e6],Bool[0],Bool[0],[3],[0.012390743847945435],[2.2013401224489793e8],[1.5],[0],[3],[4.0006655052264696e6],[0.009493735197486813],[0.200370116],[-0.063587844292746],[0.9953875221055049],[4.0091478048780384e6],[0.06],[0],[20],[0.8954406899858007],[0.8933107179224342],[1.0986122882394367],[2.2013401224489793e8],[0.04],[0],Bool[0],[0],[4.0006655052264696e6],[0.1807548],[2.1911864897959182e8],[1],[1.609437911673066],Bool[1],[0.04],[0.0],Bool[1],[0],[0.8914134282480454],[0.04],[1.0986122881452793],[0.8963952776644311],[0],[1.0986122880404594],[0.6931471804137119],Bool[0],[-0.01882971544829074],[0.49001452685405156],[4.770992366412213],Bool[0],[0.0],Bool[0],[4.0091478048780384e6],[0.0],[0.006097190437978403],[3.589954076655049e6],[0.0],[3.3782862453531595e6],[1.6094379118051179],[0.0],[4.770992366412213],Bool[1],[2.5],[0.26],Bool[0],[1.9379844961240305],[20],[0.8942549453018706],[0.06],[0.6931471803226033],Bool[0],Bool[1],[0],[3.265847222222222e6],[5],[2.2013401224489793e8],[-0.023549244487550625],[2.0],[0.0],Bool[0],[1.6094379116297326],[3.310292079207921e6],[3.5797822299651615e6],[3],[1.098612287982414],Bool[0],Bool[0],[0.200370116],[0.0],[6],Bool[0],[1.0],[0.0],[3.265847222222222e6],[13],[0.8927034345616469],[3.5877439024390248e6],[0.011275481719883107],[0.02],[0.1807548],[5],[1.609437911615465],[0.4334781153968445],[4],[6],[0.28405632632983197],[0.4334781153968445],[0.49001452685405156]
"String3[""L1""]","String3[""L2""]","String3[""L2""]","String3[""L1""]","String3[""L3""]","String3[""L1""]","String7[""C1_3""]","String7[""D1_3""]","String7[""F1_2""]","String3[""L1""]","String3[""L1""]","String3[""L1""]","[""L0""]","String3[""L1""]","String3[""L_1""]","String3[""M_2""]","String7[""N1_1""]",[0.0],[4],[3.76590725e6],Bool[0],Bool[0],[0],[0.04374283707258289],[2.1058229577464783e8],[0.0],[20],[1],[3.7809625e6],[0.01874533954792373],[0.44832389999999994],[0.04253476972800763],[0.9675694670271268],[3.77473375e6],[1.0],[2],[2],[0.9976616893840525],[0.9976616893840525],[1.098612288197321],[2.1764049295774642e8],[0.9],[0],Bool[0],[0],[3.7809625e6],[0.376336],[2.1058229577464783e8],[2],[1.6094379118187554],Bool[0],[1.0],[0.0],Bool[0],[0],[1.0],[1.0],[1.0986122881843277],[0.9974296983207477],[0],[1.0986122879629223],[0.6931471802799607],Bool[0],[0.03793068994592693],[0.2884710602885496],[2.0764119601328903],Bool[0],[0.7040000000000001],Bool[1],[3.77473375e6],[0.7040000000000001],[-0.026665828291624824],[3.76590725e6],[0.472],[2.9414e6],[1.609437911643488],[0.0],[2.0764119601328903],Bool[0],[2.821670428893905],[0.4],Bool[0],[2.821670428893905],[2],[0.9974296983207477],[1.0],[0.6931471798099839],Bool[0],Bool[0],[0],[2.68845e6],[5],[2.1764049295774642e8],[0.03120599364994982],[0.0],[0.0],Bool[0],[1.6094379115349866],[2.9414e6],[3.7809625e6],[1],[1.09861228794034],Bool[0],Bool[0],[0.4483239000000001],[0.4],[5],Bool[1],[0.9675694670271268],[0.472],[2.68845e6],[20],[1.0],[3.7809625e6],[-0.005732753551403514],[0.9],[0.376336],[4],[1.6094379116523905],[0.2884710602885496],[5],[5],[0.23894156738416195],[0.2884710602885496],[0.2884710602885496]
"String3[""L1""]","String3[""L2""]","String3[""L2""]","String3[""L1""]","String3[""L3""]","String3[""L1""]","String7[""C1_3""]","String7[""D1_3""]","String7[""F1_3""]","String3[""L1""]","String3[""L1""]","String3[""L1""]","[""L0""]","String3[""L1""]","String3[""L_2""]","String3[""M_2""]","String7[""N1_2""]",[0.0],[4],[3.7655900361010823e6],Bool[0],Bool[0],[2],[-0.03434168285272357],[2.247565567010309e8],[1.0],[3],[2],[3.9683953068591985e6],[0.011664655674300889],[0.20627241999999996],[0.09122217733983856],[0.9582598255504646],[3.915513357400719e6],[0.58],[1],[20],[0.9666976459094677],[0.9617104303791312],[1.0986122881307097],[2.2561138144329894e8],[0.48],[0],Bool[0],[0],[3.9683953068591985e6],[0.202452],[2.1619432302405497e8],[8],[1.6094379117710793],Bool[1],[0.44],[0.0],Bool[0],[0],[0.9976265404435494],[0.44],[1.0986122882259872],[0.9667739309468295],[0],[1.0986122880568374],[0.6931471802527289],Bool[0],[0.09128074219431974],[0.31509190212380894],[3.443526170798898],Bool[0],[0.0],Bool[0],[3.915513357400719e6],[0.0],[-0.056496965644863326],[3.7851175451263515e6],[0.0],[3.4629259259259254e6],[1.6094379118411135],[0.0],[3.443526170798898],Bool[1],[4.098360655737704],[0.32],Bool[0],[3.765060240963855],[20],[0.9620445478382478],[0.58],[0.6931471800096421],Bool[0],Bool[1],[0],[3.215256756756757e6],[5],[2.2561138144329894e8],[0.10207769766701726],[1.0],[0.0],Bool[0],[1.60943791168192],[3.5652094594594594e6],[3.832370036101088e6],[2],[1.0986122879738365],Bool[0],Bool[0],[0.20627241999999996],[0.06],[5],Bool[0],[0.9962110743846366],[0.0],[3.215256756756757e6],[16],[0.9976265404435494],[3.856543321299644e6],[0.08637126122054477],[0.48],[0.202452],[4],[1.6094379117121929],[0.28698771190418587],[5],[5],[0.16102728583690407],[0.28698771190418587],[0.31509190212380894]
"String3[""L1""]","String3[""L2""]","String3[""L2""]","String3[""L1""]","String3[""L3""]","String3[""L1""]","String7[""C1_3""]","String7[""D1_3""]","String7[""F1_2""]","String3[""L1""]","String3[""L1""]","String3[""L1""]","[""L0""]","String3[""L2""]","String3[""L_1""]","String3[""M_2""]","String7[""N1_1""]",[0.0],[3],[3.82406375e6],Bool[0],Bool[0],[2],[-0.08977069582719963],[2.18849554054054e8],[0.0],[7],[2],[3.868625e6],[0.0028028961656866567],[0.39925946399999995],[0.05490967361745661],[1.0],[3.86344875e6],[1.0],[0],[0],[0.9968315873220784],[0.9898057402728585],[1.0986122882645437],[2.18849554054054e8],[0.82],[0],Bool[0],[0],[3.868625e6],[0.39783159999999995],[2.18849554054054e8],[0],[1.6094379116282336],Bool[1],[0.8],[0.0],Bool[1],[0],[1.0],[0.8],[1.0986122882566085],[0.9969213314577149],[0],[1.098612288095968],[0.6931471803481946],Bool[0],[0.030482650993679535],[0.2629900215597542],[2.6371308016877633],Bool[1],[0.548],Bool[0],[3.86344875e6],[0.548],[-0.0217205031278513],[3.85120775e6],[0.541],[2.67875e6],[1.6094379117698776],[0.0],[2.6371308016877633],Bool[1],[2.3020257826887662],[0.22],Bool[0],[2.3992322456813815],[0],[0.989744879579651],[1.0],[0.6931471799663896],Bool[0],Bool[1],[0],[2.67875e6],[3],[2.18849554054054e8],[0.002859879656229508],[0.0],[0.0],Bool[0],[1.6094379116762227],[2.67875e6],[3.8597875e6],[2],[1.0986122880323201],Bool[0],Bool[0],[0.399259464],[0.14],[4],Bool[0],[1.0],[0.541],[2.67875e6],[11],[1.0],[3.86306875e6],[0.08182486325469417],[0.72],[0.39783159999999995],[3],[1.6094379115224269],[0.23075612979940527],[4],[4],[0.08404755463426643],[0.23075612979940527],[0.2629900215597542]
"String3[""L1""]","String3[""L2""]","String3[""L2""]","String3[""L1""]","String3[""L3""]","String3[""L1""]","String7[""C1_3""]","String7[""D1_3""]","String7[""F1_2""]","String3[""L1""]","String3[""L1""]","String3[""L1""]","[""L0""]","String3[""L3""]","String3[""L_1""]","String3[""M_2""]","String7[""N1_1""]",[0.0],[5],[3.8514185e6],Bool[0],Bool[0],[2],[-0.020918905114444584],[2.21563725e8],[0.0],[8],[2],[3.92435625e6],[0.01889005127952619],[0.41286417200000003],[-0.009588845999101233],[1.0],[3.903112e6],[1.0],[0],[1],[0.9893679709934022],[0.9867558245830507],[1.0986122884535545],[2.21563725e8],[0.6],[0],Bool[0],[0],[3.92435625e6],[0.400201],[2.21563725e8],[0],[1.609437911743781],Bool[1],[0.96],[0.0],Bool[1],[0],[1.0],[0.96],[1.0986122884239529],[0.9892090716623153],[0],[1.0986122882456537],[0.6931471804546255],Bool[0],[0.04541607736980927],[0.35142039549235043],[3.4059945504087192],Bool[1],[0.5830000000000001],Bool[0],[3.903112e6],[0.5830000000000001],[-0.015451132417452775],[3.861614e6],[0.543],[2.81595652173913e6],[1.6094379115901538],[0.0],[3.4059945504087192],Bool[1],[2.1440823327615783],[0.36],Bool[0],[2.1440823327615783],[1],[0.9866725537286609],[1.0],[0.6931471801825694],Bool[0],Bool[1],[0],[2.74025e6],[4],[2.21563725e8],[0.00728145147120254],[0.0],[0.0],Bool[0],[1.6094379115699553],[2.81595652173913e6],[3.8618375e6],[2],[1.0986122882293865],Bool[0],Bool[0],[0.41286417200000003],[0.16],[6],Bool[0],[1.0],[0.543],[2.74025e6],[18],[1.0],[3.86885625e6],[0.14207486806041106],[0.56],[0.400201],[5],[1.6094379116888444],[0.35142039549235043],[4],[6],[0.1029519031781346],[0.35142039549235043],[0.35142039549235043]
"String3[""L1""]","String3[""L2""]","String3[""L2""]","String3[""L1""]","String3[""L3""]","String3[""L1""]","String7[""C1_3""]","String7[""D1_3""]","String7[""F1_3""]","String3[""L1""]","String3[""L1""]","String3[""L1""]","[""L0""]","String3[""L2""]","String3[""L_2""]","String3[""M_2""]","String7[""N1_2""]",[-1.0],[3],[3.7590192465753425e6],Bool[0],Bool[0],[0],[-0.1557407688010265],[1.9719007818930042e8],[-1.0],[20],[1],[4.033479452054794e6],[0.004079019490024541],[0.20913312800000003],[0.02735694118634596],[0.8986260360849898],[4.02313883561644e6],[0.46],[16],[20],[0.9627601817820053],[0.9343498696334132],[1.0986122882530007],[2.194350823045268e8],[0.46],[0],Bool[0],[0],[4.033479452054794e6],[0.20561],[1.9719007818930042e8],[16],[1.6094379119459505],Bool[0],[0.26],[0.0],Bool[0],[0],[0.9414591838708072],[0.26],[1.0986122882273222],[0.962943186114853],[0],[1.0986122879796039],[0.6931471803524065],Bool[0],[-0.06694448748508629],[0.37643397655365807],[2.5933609958506225],Bool[0],[0.0],Bool[1],[4.02313883561644e6],[0.0],[0.030147382885433095],[3.8733178767123288e6],[0.0],[3.1040431034482755e6],[1.6094379118047901],[-1.0],[2.5933609958506225],Bool[0],[3.5410764872521243],[0.4],Bool[0],[3.0788177339901477],[20],[0.9353074274233836],[0.46],[0.6931471801192373],Bool[0],Bool[0],[0],[3.265402777777778e6],[4],[2.194350823045268e8],[-0.06956933184483378],[-1.0],[0.0],Bool[0],[1.6094379116002984],[3.5066204379562046e6],[3.7594143835616447e6],[1],[1.0986122881192606],Bool[0],Bool[0],[0.20913312800000003],[0.4],[5],Bool[1],[0.8986260360849898],[0.0],[3.265402777777778e6],[20],[0.9813687514976811],[3.9170222602739707e6],[-0.02689474976051411],[0.3],[0.20561],[3],[1.6094379118011204],[0.3294455625805271],[4],[5],[0.3603131675417927],[0.3294455625805271],[0.37643397655365807]
"String3[""L1""]","String3[""L2""]","String3[""L2""]","String3[""L1""]","String3[""L3""]","String3[""L1""]","String7[""C1_3""]","String7[""D1_3""]","String7[""F1_3""]","String3[""L1""]","String3[""L1""]","String3[""L1""]","[""L0""]","String3[""L3""]","String3[""L_2""]","String3[""M_2""]","String7[""N1_2""]",[0.0],[2],[3.7436809929077993e6],Bool[0],Bool[0],[0],[0.002229009217059658],[2.0467298775510204e8],[1.0],[20],[1],[3.9600230496453876e6],[0.005060020578484037],[0.220670664],[-0.043849173267594986],[0.9303364918775282],[3.9756028368794285e6],[0.4],[10],[20],[0.9529116954474106],[0.9416637291280153],[1.0986122882339524],[2.210254857142857e8],[0.36],[0],Bool[0],[0],[3.9600230496453876e6],[0.2018698],[2.0551181147540984e8],[10],[1.6094379118769169],Bool[0],[0.32],[0.0],Bool[0],[0],[0.9544641028050672],[0.32],[1.0986122882416345],[0.9538466759932558],[0],[1.0986122881024851],[0.6931471804427178],Bool[0],[-0.055391705932591136],[0.41096701625312954],[1.950078003120125],Bool[0],[0.0],Bool[1],[3.9756028368794285e6],[0.0],[-0.028345537760125404],[3.7883984397163116e6],[0.0],[3.61434e6],[1.609437911730374],[0.0],[1.950078003120125],Bool[0],[2.620545073375262],[0.4],Bool[0],[2.371916508538899],[20],[0.9425647836567912],[0.4],[0.6931471803079663],Bool[0],Bool[1],[0],[3.192671232876712e6],[3],[2.2090051639344263e8],[-0.034818875661622194],[1.0],[0.0],Bool[0],[1.60943791163907],[3.161627272727273e6],[3.781801418439725e6],[1],[1.0986122880915767],Bool[1],Bool[0],[0.2206706639999999],[0.4],[3],Bool[1],[0.9260153284751871],[0.0],[3.192671232876712e6],[20],[0.9713817325173372],[3.8198617021276588e6],[-0.016629589361347227],[0.24],[0.2018698],[2],[1.6094379116828583],[0.36636785946368167],[3],[3],[0.2114448591193458],[0.36636785946368167],[0.41096701625312954]
"String3[""L1""]","String3[""L2""]","String3[""L2""]","String3[""L1""]","String3[""L3""]","String3[""L1""]","String7[""C1_3""]","String7[""D1_3""]","String7[""F1_3""]","String3[""L1""]","String3[""L1""]","String3[""L1""]","[""L0""]","String3[""L1""]","String3[""L_3""]","String3[""M_1""]","String7[""N1_2""]",[0.0],[3],[3.649927054794524e6],Bool[0],Bool[0],[2],[0.0007478766887252998],[2.0326053816793895e8],[-1.0],[6],[2],[3.9391558219177984e6],[0.00322486340796009],[0.170203068],[-0.011965342635161977],[0.8741443210867702],[3.9006169178082217e6],[0.46],[5],[20],[0.9658634960922146],[0.9357307143213228],[1.0986122881677782],[2.2252708778625947e8],[0.4],[0],Bool[0],[0],[3.9391558219177984e6],[0.19518619999999998],[1.945207900763359e8],[14],[1.6094379117399829],Bool[1],[0.22],[0.0],Bool[0],[0],[0.9476818863979477],[0.22],[1.0986122882487643],[0.9662273679757188],[0],[1.0986122879269626],[0.6931471803275617],Bool[0],[-0.025526321835655157],[0.5112881710190448],[2.834467120181406],Bool[0],[0.0],Bool[1],[3.9006169178082217e6],[0.0],[-0.08940004409034616],[3.7674634931506873e6],[0.0],[3.273612403100775e6],[1.6094379118229467],[-1.0],[2.834467120181406],Bool[1],[3.869969040247678],[0.36],Bool[0],[1.9747235387045812],[20],[0.9368770205423961],[0.46],[0.6931471800722082],Bool[0],Bool[1],[6],[3.203861111111111e6],[5],[2.2252708778625947e8],[-0.03607739390502393],[-2.0],[0.0],Bool[0],[1.6094379116303086],[3.5112359550561802e6],[3.623676369863012e6],[2],[1.0986122879873732],Bool[0],Bool[0],[0.17020306799999999],[0.12],[5],Bool[0],[0.9134193063415887],[0.0],[3.472381679389313e6],[18],[0.9828304007240727],[3.7802825342465863e6],[0.08141130800716778],[0.2],[0.19518619999999998],[3],[1.6094379117031778],[0.3372065150972027],[4],[5],[0.4270913647265653],[0.3372065150972027],[0.5112881710190448]
"String3[""L1""]","String3[""L2""]","String3[""L2""]","String3[""L1""]","String3[""L3""]","String3[""L1""]","String7[""C1_3""]","String7[""D1_3""]","String7[""F1_3""]","String3[""L1""]","String3[""L1""]","String3[""L1""]","[""L0""]","String3[""L2""]","String3[""L_3""]","String3[""M_1""]","String7[""N1_2""]",[1.0],[3],[3.5831132653061235e6],Bool[0],Bool[0],[0],[0.00485062766939066],[1.8747395185185185e8],[1.0],[12],[2],[4.000477891156461e6],[0.012813163231614584],[0.168813496],[0.008182173920148045],[0.8260372546906014],[3.980266598639469e6],[0.08],[11],[20],[0.9139543502017128],[0.9002194140791725],[1.0986122882173726],[2.2343872962962964e8],[0.12],[0],Bool[0],[0],[4.000477891156461e6],[0.18289740000000002],[1.845687148148148e8],[14],[1.60943791158081],Bool[0],[0.06],[0.0],Bool[0],[0],[0.8956432202456799],[0.06],[1.0986122883502603],[0.9153894155472827],[0],[1.09861228808781],[0.6931471802855105],Bool[0],[0.020289554907891992],[0.45492876361909673],[2.485089463220676],Bool[0],[0.0],Bool[1],[3.980266598639469e6],[0.0],[-0.011391803208408305],[3.6377819727891176e6],[0.0],[3.284641304347826e6],[1.609437911401792],[1.0],[2.485089463220676],Bool[0],[2.7472527472527473],[0.32],Bool[0],[2.345215759849906],[20],[0.9019853406957791],[0.08],[0.6931471800981552],Bool[0],Bool[0],[1],[3.109148648648649e6],[4],[2.2343872962962964e8],[0.042158106856845304],[2.0],[0.0],Bool[0],[1.6094379113464452],[3.111893442622951e6],[3.553506802721088e6],[2],[1.0986122881736102],Bool[0],Bool[0],[0.16881349599999998],[0.24],[5],Bool[1],[0.8390396426018322],[0.0],[3.1677294117647056e6],[16],[0.920391368017274],[3.5906224489795966e6],[0.004129453051734002],[0.06],[0.18289740000000002],[3],[1.6094379115447266],[0.3997594526312042],[4],[5],[0.44086653305507323],[0.3997594526312042],[0.45492876361909673]
"String3[""L1""]","String3[""L2""]","String3[""L2""]","String3[""L1""]","String3[""L3""]","String3[""L1""]","String7[""C1_3""]","String7[""D1_3""]","String7[""F1_3""]","String3[""L1""]","String3[""L1""]","String3[""L1""]","[""L0""]","String3[""L3""]","String3[""L_3""]","String3[""M_1""]","String7[""N1_2""]",[-1.5],[2],[3.583002885906042e6],Bool[0],Bool[0],[0],[-0.019332361723784584],[1.6178524680851063e8],[-2.0],[20],[1],[4.0835453020134233e6],[0.0026880000000000237],[0.17393148799999997],[-0.1693882379205522],[0.7444687514802176],[4.073790402684565e6],[0.02],[19],[20],[0.8884688907616126],[0.8795255847097333],[1.0986122881168754],[2.184222765957447e8],[0.0],[0],Bool[0],[11],[4.0835453020134233e6],[0.18250740000000001],[1.6178524680851063e8],[19],[1.609437911768643],Bool[0],[0.02],[-2.0],Bool[0],[0],[0.8852174930574307],[0.02],[1.0986122883263294],[0.8891536857866029],[0],[1.0986122880495786],[0.6931471803393151],Bool[0],[0.0801981487102059],[0.6497704309308019],[1.8545994065281899],Bool[0],[0.0],Bool[1],[4.073790402684565e6],[0.0],[0.21694727491137764],[3.619436040268459e6],[0.0],[3.278069078947368e6],[1.6094379117231332],[-1.5],[1.8545994065281899],Bool[0],[1.3312034078807242],[0.4],Bool[0],[1.0407993338884265],[20],[0.8803163396195848],[0.02],[0.6931471800702641],Bool[0],Bool[0],[18],[3.465128865979382e6],[3],[2.1731637021276596e8],[0.07049339759151399],[-2.0],[-2.0],Bool[0],[1.609437911686448],[3.298239864864865e6],[3.5759563758389275e6],[1],[1.09861228791506],Bool[0],Bool[0],[0.17393148799999997],[0.4],[4],Bool[1],[0.7406993889544622],[0.0],[3.3429195804195805e6],[20],[0.8966810028470396],[3.5906577181208017e6],[0.082035529469018],[0.0],[0.18250740000000001],[2],[1.6094379116285422],[0.5688569705224679],[2],[4],[0.48982781965911243],[0.5688569705224679],[0.6497704309308019]
"String3[""L1""]","String3[""L2""]","String3[""L2""]","String3[""L1""]","String3[""L3""]","String3[""L1""]","String7[""C1_3""]","String7[""D1_3""]","String7[""F1_3""]","String3[""L1""]","String3[""L1""]","String3[""L1""]","[""L0""]","String3[""L1""]","String3[""L_3""]","String3[""M_2""]","String7[""N1_2""]",[-2.0],[2],[3.4955875000000014e6],Bool[0],Bool[0],[0],[-0.028479705130567783],[1.6327443461538464e8],[1.0],[20],[1],[3.9122285714285728e6],[0.00427199999999997],[0.18744619999999998],[0.031518841834909765],[0.7449801389711329],[3.8910115e6],[0.38],[19],[20],[0.9614108788201436],[0.8983750112278006],[1.0986122883046505],[2.201884423076923e8],[0.42],[0],Bool[0],[0],[3.9122285714285728e6],[0.20158],[1.6327443461538464e8],[19],[1.6094379118564088],Bool[0],[0.16],[0.0],Bool[0],[0],[0.886378738227483],[0.16],[1.0986122882241904],[0.9614738068304749],[0],[1.0986122879882476],[0.6931471804871556],Bool[0],[0.05662501110998534],[0.6151130364542764],[1.923076923076923],Bool[0],[0.0],Bool[1],[3.8910115e6],[0.0],[0.04365656089801733],[3.7408607857142854e6],[0.0],[3.18138698630137e6],[1.609437911741795],[-2.0],[1.923076923076923],Bool[0],[1.556662515566625],[0.4],Bool[0],[1.2742099898063202],[20],[0.8989214911054557],[0.38],[0.6931471802472703],Bool[0],Bool[0],[15],[3.120402777777778e6],[3],[2.191661576923077e8],[0.019080151325685676],[-2.0],[-2.0],Bool[0],[1.6094379117237798],[3.595603351955307e6],[3.4437410714285704e6],[1],[1.09861228814482],Bool[0],Bool[0],[0.1874462],[0.4],[3],Bool[1],[0.7415213664449483],[0.0],[3.218522633744856e6],[20],[0.9698292464542964],[3.7314553571428517e6],[0.04154346447485565],[0.1],[0.20158],[2],[1.6094379117340265],[0.4227001391246519],[3],[3],[0.39416083977990507],[0.4227001391246519],[0.6151130364542764]
"String3[""L1""]","String3[""L2""]","String3[""L2""]","String3[""L1""]","String3[""L3""]","String3[""L1""]","String7[""C1_3""]","String7[""D1_3""]","String7[""F1_3""]","String3[""L1""]","String3[""L1""]","String3[""L1""]","[""L0""]","String3[""L2""]","String3[""L_3""]","String3[""M_2""]","String7[""N1_2""]",[-1.0],[2],[3.7586661538461624e6],Bool[0],Bool[0],[0],[-0.028961307605606952],[1.826321762452107e8],[-1.0],[20],[1],[4.0203863636363754e6],[0.0025279999999999747],[0.16984858400000002],[-0.0529073819624374],[0.8515376769932577],[3.994412727272741e6],[0.56],[19],[20],[0.9611588228606447],[0.9409809177161472],[1.0986122881214115],[2.1921791570881224e8],[0.44],[0],Bool[0],[0],[4.0203863636363754e6],[0.20601960000000002],[1.8333460769230768e8],[19],[1.6094379117557192],Bool[0],[0.34],[0.0],Bool[0],[0],[0.9611718513521015],[0.34],[1.0986122882924407],[0.9617423119383147],[0],[1.0986122881034897],[0.6931471804307912],Bool[0],[-0.03280804513128341],[0.4197880410492895],[1.996805111821086],Bool[0],[0.0],Bool[1],[3.994412727272741e6],[0.0],[-0.1082339867274833],[3.8392650349650453e6],[0.0],[3.5900095693779904e6],[1.609437911654545],[-1.0],[1.996805111821086],Bool[0],[2.515090543259557],[0.4],Bool[0],[1.9470404984423675],[20],[0.941668848658762],[0.56],[0.6931471800267428],Bool[0],Bool[0],[0],[3.233584415584416e6],[3],[2.1529829230769232e8],[0.04489997147077428],[-1.0],[0.0],Bool[0],[1.6094379114540343],[3.6740361445783135e6],[3.7839930069930134e6],[1],[1.098612288097053],Bool[0],Bool[0],[0.169848584],[0.4],[3],Bool[1],[0.8331078947388658],[0.0],[3.233584415584416e6],[20],[0.9891774413467649],[3.8760017482517604e6],[0.10991101919583413],[0.26],[0.20601959999999997],[2],[1.609437911687901],[0.3211841829978556],[3],[3],[0.4863742585787204],[0.3211841829978556],[0.4197880410492895]
"String3[""L1""]","String3[""L2""]","String3[""L2""]","String3[""L1""]","String3[""L3""]","String3[""L1""]","String7[""C1_3""]","String7[""D1_3""]","String7[""F1_3""]","String3[""L1""]","String3[""L1""]","String3[""L1""]","[""L0""]","String3[""L3""]","String3[""L_3""]","String3[""M_2""]","String7[""N1_2""]",[0.0],[3],[3.727662614379084e6],Bool[0],Bool[0],[2],[-0.035811906435074425],[2.1721034166666666e8],[1.0],[3],[2],[4.0676862745098006e6],[0.006966029572145107],[0.19597608],[-0.024693400380095775],[0.9947920930464923],[4.0695976470588185e6],[0.28],[2],[20],[0.9580579692771743],[0.9159781722090247],[1.098612288139241],[2.194824416666667e8],[0.26],[0],Bool[0],[0],[4.0676862745098006e6],[0.20415619999999998],[2.181191715481172e8],[2],[1.609437911684083],Bool[1],[0.12],[0.0],Bool[0],[0],[0.9069483726836899],[0.12],[1.098612288355947],[0.9580930301126801],[0],[1.0986122880326024],[0.6931471803760486],Bool[0],[-0.0391006662293482],[0.43812979119890944],[2.880184331797235],Bool[0],[0.0],Bool[0],[4.0695976470588185e6],[0.0],[-0.00444843911153823],[3.8989104575163387e6],[0.0],[3.230695817490494e6],[1.60943791181288],[0.0],[2.880184331797235],Bool[1],[2.609603340292275],[0.2],Bool[0],[2.9411764705882355],[20],[0.9159243061658371],[0.28],[0.6931471800914679],Bool[0],Bool[1],[4],[3.1502876712328764e6],[5],[2.1926106276150632e8],[-0.04608521973442137],[-2.0],[0.0],Bool[0],[1.6094379116144681],[3.394203539823009e6],[3.677454248366004e6],[2],[1.0986122879222817],Bool[0],Bool[0],[0.19597608],[0.06],[5],Bool[0],[0.9896479190647481],[0.0],[3.3714818181818184e6],[10],[0.9652545843578315],[3.948359477124187e6],[0.014123822993638204],[0.12],[0.2041562],[3],[1.609437911595226],[0.34839419331556026],[4],[5],[0.3703851427041857],[0.34839419331556026],[0.43812979119890944]
