X,Y,Z,E,A,B,C,D,F,G,H,I,J,K,L,M,N,prop_strict_util_eff,major_util_eff_med,prop_qual_util_from_max,prop_strict_single_party,spat_char_corr1,prop_strict_elec_fail,spat_med_entropy3,spat_avg_entropy1,prop_qual_winner_smith,prop_strict_maxer_elected,spat_avg_entropy5,prop_strict_condorcet_paradox,prop_qual_single_party,major_maximizer_rate,major_util_from_winner_avg,prop_strict_unanimity,tangian_raw_uni_parties,tangian_adj_uni_body,prop_strict_unanimity_rate,prop_strict_condorcet_winner,spat_med_entropy5,spat_char_corr3,spat_char_corr5,major_vot_eff_n_cond_paradox,prop_qual_min_govt_size,prop_strict_winner_smith,prop_qual_med_pos,prop_qual_util_from_winner,prop_qual_min_govt_unstable,spat_avg_entropy3,tangian_raw_uni_body,major_util_from_max_avg,spat_med_entropy2,spat_avg_entropy2,spat_med_entropy1,prop_strict_util_from_max,prop_qual_nonzero_pos,major_qual_nonzero_pos,prop_strict_min_govt_elected,major_vot_eff_cond_eff,major_vot_eff_smith_eff,prop_qual_condorcet_paradox,tangian_raw_pop_parties,tangian_adj_pop_parties,major_util_from_max_med,major_util_from_win_med,major_strict_med_pos,major_util_eff_avg,tangian_adj_uni_parties,major_gallagher,prop_qual_elec_fail,prop_qual_maxer_elected,prop_qual_util_eff,prop_qual_unanimity_rate,prop_strict_min_govt_size,major_strict_nonzero_pos,prop_gallagher,major_strict_social_util,prop_strict_nonzero_pos,prop_strict_med_pos,major_qual_social_util,spat_agg_dist_corr,major_qual_med_pos,prop_qual_condorcet_winner,prop_strict_min_govt_unstable,spat_char_corr2,prop_strict_util_from_winner,prop_qual_min_govt_elected,tangian_adj_pop_body,spat_avg_entropy4,prop_qual_unanimity,spat_med_entropy4,spat_char_corr4,tangian_raw_pop_body
"String3[""L2""]","String3[""L2""]","String3[""L1""]","String3[""L1""]","String3[""L3""]","String3[""L2""]","String7[""C1_1""]","String7[""D1_1""]","String7[""F1_1""]","String3[""L3""]","String3[""L1""]","String3[""L2""]","String3[""L1""]","String3[""L1""]","[""L0""]","[""L0""]","[""L0""]",[0.9999341019697492],[0.9996219362779404],[226342.15702946164],Bool[1],[0.36942341569348935],Bool[0],[1.4027509789953359],[0.9261395604176996],Bool[0],Bool[0],[0.5249132293297624],Bool[0],Bool[1],[0.28],[4518.472268238288],[20],[0.45200000000000007],[0.5209999999999999],[0.4],Bool[0],[0.5599727041099776],[0.09524222907330783],[0.04897626711070328],[0],[0],Bool[0],[-2.0],[226327.24152715068],Bool[0],[1.3814005930420092],[0.5209999999999999],[4522.3765791843625],[0.9551182507122102],[0.9111237497574209],[0.9608784316275907],[226342.15702946164],[20],[20],Bool[1],[0.9],[0.9],Bool[0],[0.49995412800000005],[0.49995412800000005],[4522.270105251782],[4519.002443492036],[2.0],[0.999137175953],[0.45200000000000007],[0.20588821040554994],Bool[0],Bool[0],[0.9999341019697492],[0.4],[0],[20],[0.014137722023013473],[4113.912074775366],[20],[-2.0],[4113.912074775366],[0.48537280460680904],[2.0],Bool[0],Bool[0],[0.39760316280410174],[226327.24152715068],Bool[1],[0.5001292],[1.35107075668523],[20],[1.3795595381571935],[0.4340925929337864],[0.5001292]
"String3[""L2""]","String3[""L2""]","String3[""L1""]","String3[""L1""]","String3[""L3""]","String3[""L2""]","String7[""C1_1""]","String7[""D1_3""]","String7[""F1_1""]","String3[""L3""]","String3[""L1""]","String3[""L2""]","String3[""L3""]","String3[""L1""]","[""L0""]","[""L0""]","[""L0""]",[0.9999685017393382],[0.9998267753088055],[228049.82579875443],Bool[0],[0.31449558478939255],Bool[0],[1.3119500123596004],[0.8636722694465492],Bool[0],Bool[0],[0.5737195537883548],Bool[0],Bool[0],[0.36],[4561.08794778629],[11],[0.5790000000000002],[0.528],[0.22],Bool[0],[0.6169795895446225],[0.25996338707970046],[0.15346159556262137],[0],[0],Bool[0],[0.0],[228042.64262589754],Bool[0],[1.3039365047188232],[0.528],[4563.531226714284],[0.7622224269204196],[0.718878313432879],[0.9068871944953479],[228049.82579875443],[11],[20],Bool[1],[0.86],[0.86],Bool[0],[0.500102472],[0.500102472],[4562.69685118763],[4561.104624281312],[-2.0],[0.9994652196783639],[0.5790000000000002],[0.21999202796465145],Bool[0],Bool[0],[0.9999685017393382],[0.22],[0],[20],[0.024076801448697484],[4044.744961967245],[11],[0.0],[4044.744961967245],[0.4744129069716202],[-2.0],Bool[0],Bool[0],[0.13302997503005123],[228042.64262589754],Bool[1],[0.5001376],[1.3227091881763289],[11],[1.3562866471736852],[0.4397793514168889],[0.5001376]
"String3[""L2""]","String3[""L2""]","String3[""L1""]","String3[""L1""]","String3[""L3""]","String3[""L2""]","String7[""C1_1""]","String7[""D1_2""]","String7[""F1_2""]","String3[""L3""]","String3[""L1""]","String3[""L2""]","String3[""L2""]","String3[""L2""]","[""L0""]","[""L0""]","[""L0""]",[0.9904232684045761],[0.9981677976565669],[227706.64270640333],Bool[0],[0.12367221268032429],Bool[0],[1.3683987280208627],[0.8454692897304545],Bool[0],Bool[0],[0.523854677174171],Bool[0],Bool[0],[0.44],[4757.06236065782],[12],[0.6880000000000001],[0.7069999999999999],[0.24],Bool[0],[0.5710384700183684],[0.237798124897059],[0.05172550782039206],[0],[0],Bool[0],[0.0],[225525.95730670902],Bool[0],[1.3328993715529236],[0.7069999999999999],[4776.235325101812],[0.8430446182777789],[0.7970433768123856],[0.8459369420938165],[227706.64270640333],[3],[0],Bool[1],[0.62],[0.62],Bool[0],[0.445736884],[0.445736884],[4780.687167298186],[4760.217596406877],[0.0],[0.9959880410918026],[0.6880000000000001],[0.15106496774566894],Bool[0],Bool[0],[0.9904232684045761],[0.38],[0],[0],[0.004645910029262301],[4220.749379584587],[3],[0.0],[4220.749379584587],[0.30493508150492393],[0.0],Bool[0],Bool[0],[0.06390996535329901],[225525.95730670902],Bool[1],[0.4516616],[1.267865511991562],[19],[1.3517894144173135],[0.3174759331171407],[0.45166160000000005]
"String3[""L2""]","String3[""L2""]","String3[""L1""]","String3[""L1""]","String3[""L3""]","String3[""L2""]","String7[""C1_1""]","String7[""D1_1""]","String7[""F1_3""]","String3[""L3""]","String3[""L1""]","String3[""L2""]","String3[""L1""]","String3[""L3""]","[""L0""]","[""L0""]","[""L0""]",[0.9972395316716174],[0.9989850213382572],[232708.12408259447],Bool[0],[0.2351440358958894],Bool[0],[1.3511299996960138],[0.8953388501133586],Bool[0],Bool[0],[0.5436906879655864],Bool[0],Bool[0],[0.44],[4761.955559020687],[2],[0.0],[0.0],[0.04],Bool[0],[0.6095533124617958],[0.08790818811602015],[0.14416682021157357],[0],[0],Bool[0],[0.0],[232214.08263198784],Bool[0],[1.3057809017387894],[0.0],[4778.278908424814],[0.8354081300761557],[0.7351848150434012],[0.951656969738207],[232856.87861232337],[1],[3],Bool[1],[0.6],[0.6],Bool[0],[0.22854354400000002],[0.228543544],[4780.3264864149805],[4763.194479816051],[0.0],[0.996585468210113],[0.0],[0.20136834027224834],Bool[0],Bool[0],[0.9978769909621579],[0.22],[2],[0],[0.005499860361863745],[4339.164101233551],[1],[0.0],[4405.749010836122],[0.4211885817446474],[0.0],Bool[0],Bool[0],[0.3027323180332157],[232214.08457386802],Bool[1],[0.2444796],[1.311647766258456],[11],[1.319984708918547],[0.30158911138479605],[0.24447960000000002]
"String3[""L2""]","String3[""L2""]","String3[""L1""]","String3[""L1""]","String3[""L3""]","String3[""L2""]","String7[""C1_1""]","String7[""D1_1""]","String7[""F1_1""]","String3[""L3""]","String3[""L1""]","String3[""L2""]","String3[""L1""]","String3[""L2""]","[""L0""]","[""L0""]","[""L0""]",[0.9999506670833698],[0.9995786448543105],[226826.56352840472],Bool[1],[0.14442019381839843],Bool[0],[1.312239548133416],[0.940187777001674],Bool[0],Bool[0],[0.5232460064469223],Bool[0],Bool[1],[0.16],[4583.013042167911],[20],[0.404],[0.509],[0.4],Bool[0],[0.5092128908018229],[0.2007945772434394],[0.11555644555764563],[0],[0],Bool[0],[0.0],[226815.37351245666],Bool[0],[1.3063938872472516],[0.509],[4586.403171078655],[0.9540499492453057],[0.9082162730784765],[0.9677618528211034],[226826.56352840472],[20],[20],Bool[1],[0.82],[0.82],Bool[0],[0.499802328],[0.499802328],[4585.86772731782],[4582.543321313326],[-2.0],[0.9992611861170321],[0.404],[0.16042024829802504],Bool[0],Bool[0],[0.9999506670833698],[0.4],[0],[20],[0.0069696530760146235],[4171.5801279431735],[20],[0.0],[4171.5801279431735],[0.37209164860807],[-2.0],Bool[0],Bool[0],[0.19645423053861003],[226815.37351245666],Bool[1],[0.5001713999999999],[1.2315061240845109],[20],[1.2831460436251987],[0.2603959680234298],[0.5001713999999999]
"String3[""L2""]","String3[""L2""]","String3[""L1""]","String3[""L1""]","String3[""L3""]","String3[""L2""]","String7[""C1_1""]","String7[""D1_3""]","String7[""F1_1""]","String3[""L3""]","String3[""L1""]","String3[""L2""]","String3[""L3""]","String3[""L2""]","[""L0""]","[""L0""]","[""L0""]",[0.9999301220841326],[0.9993080324105659],[227843.11404924167],Bool[1],[0.07242659063908086],Bool[0],[1.310998942689666],[0.8658442476890196],Bool[0],Bool[0],[0.3971947916076083],Bool[0],Bool[1],[0.1],[4531.561174194869],[11],[0.545],[0.5],[0.22],Bool[0],[0.35506874670378497],[0.1403654734555974],[0.1430300826017751],[0],[0],Bool[0],[2.0],[227827.19284728717],Bool[0],[1.2855236421674057],[0.5],[4536.566041513781],[0.8459615497010748],[0.8160542653769951],[0.912181466745291],[227843.11404924167],[11],[20],Bool[1],[0.7],[0.7],Bool[0],[0.5000274560000001],[0.5000274560000001],[4536.1883191106135],[4531.340203352735],[2.0],[0.9988976797310332],[0.545],[0.2409161341213992],Bool[0],Bool[0],[0.9999301220841326],[0.22],[0],[20],[0.013288479220738572],[4292.151697782147],[11],[2.0],[4292.151697782147],[0.28809218640376927],[2.0],Bool[0],Bool[0],[0.15245145776603813],[227827.19284728717],Bool[1],[0.5000829999999999],[1.3600048069366795],[11],[1.434426304889758],[0.25583707052863075],[0.5000829999999999]
"String3[""L2""]","String3[""L2""]","String3[""L1""]","String3[""L1""]","String3[""L3""]","String3[""L2""]","String7[""C1_1""]","String7[""D1_2""]","String7[""F1_2""]","String3[""L3""]","String3[""L1""]","String3[""L2""]","String3[""L2""]","String3[""L3""]","[""L0""]","[""L0""]","[""L0""]",[0.9960179800900698],[0.9977741278438073],[235568.9920266703],Bool[1],[0.18144902833431165],Bool[0],[1.3840734355343773],[0.8929428464415264],Bool[1],Bool[0],[0.5659293878914167],Bool[0],Bool[1],[0.38],[4787.66570608852],[20],[0.804],[0.701],[0.4],Bool[0],[0.6265711909956392],[0.424786556543943],[-0.011461081281292532],[0],[0],Bool[0],[0.0],[234630.95161025794],Bool[0],[1.3463909874308855],[0.701],[4811.531361063841],[0.9418243576769216],[0.9145239504498286],[0.9295104217949415],[235568.9920266703],[2],[0],Bool[1],[0.52],[0.52],Bool[0],[0.482613108],[0.482613108],[4809.716690829371],[4789.703298837727],[0.0],[0.9950472678905308],[0.804],[0.15958011369841796],Bool[0],Bool[0],[0.9960179800900698],[0.4],[0],[0],[0.13454788384464703],[4253.639380536513],[2],[0.0],[4253.639380536513],[0.3596580508547041],[0.0],Bool[1],Bool[0],[0.16895174527109033],[234630.95161025794],Bool[1],[0.4500122],[1.2348032547455197],[20],[1.3017170951479098],[0.14989865909063804],[0.4500122]
"String3[""L2""]","String3[""L2""]","String3[""L1""]","String3[""L1""]","String3[""L3""]","String3[""L2""]","String7[""C1_1""]","String7[""D1_1""]","String7[""F1_1""]","String3[""L3""]","String3[""L1""]","String3[""L2""]","String3[""L1""]","String3[""L3""]","[""L0""]","[""L0""]","[""L0""]",[1.0],[0.9993485619722342],[226867.67854833367],Bool[1],[0.1470831056593788],Bool[0],[1.3908117971330796],[0.9013399078036616],Bool[0],Bool[1],[0.4997846633615447],Bool[0],Bool[1],[0.1],[4606.6093978136405],[20],[0.714],[0.53],[0.4],Bool[0],[0.5062406114778351],[0.13331122714232457],[0.17468927097569967],[0],[0],Bool[0],[2.0],[226867.67854833367],Bool[0],[1.3432681757390839],[0.53],[4610.369284689123],[0.9044883765772909],[0.8819354879231736],[0.9220534309958306],[226867.67854833367],[20],[20],Bool[1],[0.56],[0.56],Bool[0],[0.500234192],[0.500234192],[4610.534903319422],[4607.043928972107],[0.0],[0.9991847911479331],[0.714],[0.17740371545150907],Bool[0],Bool[1],[1.0],[0.4],[0],[20],[0.015517675599135344],[3829.4838446504323],[20],[2.0],[3829.4838446504323],[0.5026668386032854],[0.0],Bool[0],Bool[0],[0.29559787268621085],[226867.67854833367],Bool[1],[0.5002949999999999],[1.2436732113589009],[20],[1.2377028139968873],[0.515751399468202],[0.5002949999999999]
"String3[""L2""]","String3[""L2""]","String3[""L1""]","String3[""L1""]","String3[""L3""]","String3[""L2""]","String7[""C1_1""]","String7[""D1_3""]","String7[""F1_1""]","String3[""L3""]","String3[""L1""]","String3[""L2""]","String3[""L3""]","String3[""L3""]","[""L0""]","[""L0""]","[""L0""]",[0.9999895922998007],[0.999097541684675],[226606.6628874885],Bool[1],[0.18492235311297445],Bool[0],[1.351168107525047],[0.9142235724702852],Bool[1],Bool[0],[0.5540438702952695],Bool[1],Bool[1],[0.06],[4518.806489898371],[20],[0.356],[0.5010000000000001],[0.4],Bool[0],[0.590746651704203],[0.3482013151226777],[0.07505405596920184],[0],[0],Bool[1],[-2.0],[226604.30443327798],Bool[0],[1.3241855310905597],[0.5010000000000001],[4524.069008232309],[0.9552366423058687],[0.9047311546450651],[0.9504894223516218],[226606.6628874885],[20],[20],Bool[1],[0.56],[0.56],Bool[1],[0.49984932800000004],[0.49984932800000004],[4523.933927570757],[4518.90830291015],[2.0],[0.9988377381680016],[0.356],[0.2061420185018086],Bool[0],Bool[0],[0.9999895922998007],[0.4],[0],[20],[0.6288010825748377],[4379.265172815033],[20],[-2.0],[4379.265172815033],[0.5143681815965204],[2.0],Bool[0],Bool[0],[0.19119076051157308],[226604.30443327798],Bool[1],[0.5000194],[1.2416863270912049],[20],[1.2470683359471204],[0.4609403193959039],[0.5000194]
"String3[""L2""]","String3[""L2""]","String3[""L1""]","String3[""L1""]","String3[""L3""]","String3[""L2""]","String7[""C1_1""]","String7[""D1_1""]","String7[""F1_3""]","String3[""L3""]","String3[""L1""]","String3[""L2""]","String3[""L2""]","String3[""L1""]","[""L0""]","[""L0""]","[""L0""]",[0.9981214411461998],[1.0],[233341.4892173408],Bool[0],[0.1326703029988326],Bool[0],[1.4131820662653158],[0.9491385202172414],Bool[1],Bool[0],[0.5234438622672951],Bool[0],Bool[0],[0.56],[4755.196753483342],[6],[0.0],[0.0],[0.12],Bool[0],[0.5683392441284589],[0.1322051086056903],[0.2190108191669628],[0],[0],Bool[0],[0.0],[232903.14349681267],Bool[0],[1.3917725204160611],[0.0],[4766.75167961131],[0.984939687198333],[0.9313558087811373],[0.9748364425872126],[233341.49007515548],[3],[7],Bool[1],[0.8],[0.8],Bool[1],[0.24032243599999997],[0.240322436],[4766.989837113633],[4757.696688408518],[0.0],[0.9975776262229331],[0.0],[0.2666100672967921],Bool[0],Bool[0],[0.9981214411461999],[0.28],[2],[0],[0.016078805428264866],[4363.696982287433],[3],[0.0],[4368.066161273775],[0.303836312566771],[0.0],Bool[0],Bool[1],[-0.0024889496707699256],[232903.14435301587],Bool[1],[0.23628519999999997],[1.186899093491022],[14],[1.2279714097265324],[0.22557029276474627],[0.23628520000000003]
"String3[""L2""]","String3[""L2""]","String3[""L1""]","String3[""L1""]","String3[""L3""]","String3[""L2""]","String7[""C1_1""]","String7[""D1_1""]","String7[""F1_1""]","String3[""L3""]","String3[""L1""]","String3[""L2""]","String3[""L2""]","String3[""L1""]","[""L0""]","[""L0""]","[""L0""]",[0.9999697391013403],[0.9995833924759828],[227663.6868374171],Bool[1],[0.23817713776489194],Bool[0],[1.286151823473662],[0.9041347280684832],Bool[0],Bool[0],[0.5488882949988592],Bool[0],Bool[1],[0.32],[4512.011907997872],[12],[0.56],[0.531],[0.24],Bool[0],[0.5864425100418507],[0.4060565060147457],[0.42119162796000614],[0],[0],Bool[0],[-2.0],[227656.79752966124],Bool[0],[1.2172943128083957],[0.531],[4515.229194365505],[0.8800471133312084],[0.8429756965945936],[0.9432019164034712],[227663.6868374171],[12],[20],Bool[1],[0.86],[0.86],Bool[0],[0.500105392],[0.500105392],[4514.9320736687705],[4511.333627564089],[-2.0],[0.9992878351143858],[0.56],[0.18281643274060458],Bool[0],Bool[0],[0.9999697391013403],[0.24],[0],[20],[0.0205856279962502],[4144.448297295052],[12],[-2.0],[4144.448297295052],[0.5921954418915742],[-2.0],Bool[0],Bool[0],[0.12916665623013887],[227656.79752966124],Bool[1],[0.5004614000000001],[1.3279028972870395],[12],[1.3721033623140308],[0.27410559586978434],[0.5004614000000001]
"String3[""L2""]","String3[""L2""]","String3[""L1""]","String3[""L1""]","String3[""L3""]","String3[""L2""]","String7[""C1_1""]","String7[""D1_2""]","String7[""F1_2""]","String3[""L3""]","String3[""L1""]","String3[""L2""]","String3[""L3""]","String3[""L1""]","[""L0""]","[""L0""]","[""L0""]",[0.9894946991225484],[1.0],[231426.91965318905],Bool[0],[0.2265028086891586],Bool[0],[1.3046384485639875],[0.8979592889044824],Bool[0],Bool[0],[0.5413124859131225],Bool[0],Bool[0],[0.8],[4766.936071486567],[10],[0.647],[0.7],[0.2],Bool[0],[0.5864428742738019],[0.3708204557381209],[0.16713614607225563],[0],[0],Bool[0],[0.0],[231426.91965318905],Bool[0],[1.219178847831963],[0.7],[4773.305440377976],[0.8657913645696743],[0.8204045574895314],[0.9159432841490192],[231426.91965318905],[0],[0],Bool[1],[0.86],[0.86],Bool[0],[0.43281583999999995],[0.43281583999999995],[4778.902061043771],[4768.635951944669],[0.0],[0.9986762769405744],[0.647],[0.19286773615096955],Bool[0],Bool[1],[1.0],[0.38],[0],[0],[0.4415657788743445],[4340.399161958079],[4],[0.0],[4340.399161958079],[0.5512467629289772],[0.0],Bool[0],Bool[0],[0.29641992597742095],[228995.7102310905],Bool[1],[0.4494634],[1.2668658365171979],[19],[1.3502093664656365],[0.41287848533116606],[0.4494633999999999]
"String3[""L2""]","String3[""L2""]","String3[""L1""]","String3[""L1""]","String3[""L3""]","String3[""L2""]","String7[""C1_1""]","String7[""D1_3""]","String7[""F1_2""]","String3[""L3""]","String3[""L1""]","String3[""L2""]","String3[""L1""]","String3[""L1""]","[""L0""]","[""L0""]","[""L0""]",[0.9930952409216716],[1.0],[226087.11309130647],Bool[1],[0.33306487621138153],Bool[0],[1.3817626618540726],[0.9466898966214743],Bool[0],Bool[0],[0.5412661069205251],Bool[0],Bool[0],[0.66],[4741.596434383625],[12],[0.651],[0.6729999999999999],[0.24],Bool[1],[0.5655673353565941],[0.24023498215536002],[0.09425528810677493],[0],[0],Bool[1],[0.0],[225306.4436718315],Bool[0],[1.2896266378582495],[0.6729999999999999],[4748.570897658437],[0.9564933996798772],[0.898524129750532],[0.9667635002635285],[226087.11309130647],[1],[0],Bool[1],[0.88],[0.88],Bool[0],[0.434187516],[0.43418751600000005],[4751.273304703564],[4744.645017709646],[0.0],[0.9985315087779735],[0.651],[0.26722163843521357],Bool[0],Bool[0],[0.9965470414974087],[0.38],[0],[0],[0.011783210428401934],[4280.1968116307735],[2],[0.0],[4280.1968116307735],[0.4127380287473852],[0.0],Bool[0],Bool[0],[0.1333353334162026],[224526.0360446962],Bool[1],[0.4412344],[1.3591887681814017],[19],[1.3837634907500878],[0.39516982478464546],[0.4412344]
"String3[""L2""]","String3[""L2""]","String3[""L1""]","String3[""L1""]","String3[""L3""]","String3[""L2""]","String7[""C1_1""]","String7[""D1_1""]","String7[""F1_1""]","String3[""L3""]","String3[""L1""]","String3[""L2""]","String3[""L2""]","String3[""L2""]","[""L0""]","[""L0""]","[""L0""]",[0.9999325457105489],[0.9994960753910115],[226719.61117695196],Bool[1],[0.10462761582881792],Bool[0],[1.3344462734770288],[0.9011196635552693],Bool[0],Bool[0],[0.6184282997006504],Bool[0],Bool[1],[0.1],[4582.940118708655],[12],[0.596],[0.506],[0.24],Bool[0],[0.6530304744183226],[0.14385961428811608],[-0.03977996202628453],[0],[0],Bool[0],[2.0],[226704.3179666754],Bool[0],[1.3007714460832762],[0.506],[4586.64299377657],[0.9193500751532051],[0.8512077356852707],[0.9238009783968961],[226719.61117695196],[12],[20],Bool[1],[0.68],[0.68],Bool[0],[0.5001182160000001],[0.5001182160000001],[4586.5510150588925],[4583.729651111573],[-2.0],[0.9991931254022304],[0.596],[0.2967962013773087],Bool[0],Bool[0],[0.9999325457105489],[0.24],[0],[20],[0.011422134301434206],[3929.249556090852],[12],[2.0],[3929.249556090852],[0.20200635524493732],[-2.0],Bool[0],Bool[0],[0.0357347117988442],[226704.3179666754],Bool[1],[0.500068],[1.3490745334990402],[12],[1.376146646317061],[0.18853340427530366],[0.500068]
"String3[""L2""]","String3[""L2""]","String3[""L1""]","String3[""L1""]","String3[""L3""]","String3[""L2""]","String7[""C1_1""]","String7[""D1_1""]","String7[""F1_3""]","String3[""L3""]","String3[""L1""]","String3[""L2""]","String3[""L2""]","String3[""L2""]","[""L0""]","[""L0""]","[""L0""]",[0.9974342134403943],[0.9994171869746682],[233019.3978976804],Bool[0],[0.5811129843222559],Bool[0],[1.4235694982361544],[0.8078071416352884],Bool[1],Bool[0],[0.5352803161633796],Bool[0],Bool[0],[0.46],[4753.783149697592],[6],[0.0],[0.0],[0.12],Bool[0],[0.5410581741923208],[0.23515389322640765],[0.1611145987707211],[0],[0],Bool[0],[0.0],[232270.2830458455],Bool[0],[1.3603521156342404],[0.0],[4767.9609859732645],[0.9097171966885667],[0.8763080894946598],[0.807882641723933],[233019.3978976804],[5],[6],Bool[1],[0.66],[0.66],Bool[0],[0.23536562399999994],[0.23536562399999994],[4768.892276857373],[4754.17294456992],[0.0],[0.9970288965740747],[0.0],[0.31359878560989357],Bool[0],Bool[0],[0.99678518244149],[0.32],[2],[0],[0.011738753596528059],[4335.921555861652],[4],[0.0],[4330.603488071469],[0.600094310485824],[0.0],Bool[1],Bool[0],[0.21637533476859866],[232421.5198584271],Bool[1],[0.24137540000000002],[1.3395850617430471],[16],[1.3540936681623237],[0.3935665850995319],[0.24137540000000002]
"String3[""L2""]","String3[""L2""]","String3[""L1""]","String3[""L1""]","String3[""L3""]","String3[""L2""]","String7[""C1_1""]","String7[""D1_2""]","String7[""F1_2""]","String3[""L3""]","String3[""L1""]","String3[""L2""]","String3[""L3""]","String3[""L2""]","[""L0""]","[""L0""]","[""L0""]",[1.0],[1.0],[232842.6884620079],Bool[0],[0.2256168974042473],Bool[0],[1.4552511547030502],[0.8561795747175296],Bool[0],Bool[1],[0.5611607086712421],Bool[0],Bool[0],[0.56],[4778.640870959383],[4],[0.5900000000000001],[0.7390000000000001],[0.08],Bool[0],[0.6126602156190121],[0.029212862184284965],[0.20386824366149167],[0],[0],Bool[0],[0.0],[232842.6884620079],Bool[0],[1.4292179285924465],[0.7390000000000001],[4792.982360345398],[0.9011292504720922],[0.8734460113611644],[0.8988779845449033],[232842.6884620079],[0],[0],Bool[1],[0.78],[0.78],Bool[0],[0.41458551600000004],[0.414585516],[4794.925913150468],[4783.9344191772325],[0.0],[0.9970128654999018],[0.5900000000000001],[0.2534436228276419],Bool[0],Bool[1],[1.0],[0.24],[3],[0],[0.011345040854928646],[4294.580286480064],[0],[0.0],[4294.580286480064],[0.4030996617217676],[0.0],Bool[0],Bool[0],[0.19169742693086672],[232842.6884620079],Bool[1],[0.4620288],[1.4133151865202265],[12],[1.478556648740739],[0.3786180215948968],[0.4620287999999999]
"String3[""L2""]","String3[""L2""]","String3[""L1""]","String3[""L1""]","String3[""L3""]","String3[""L2""]","String7[""C1_1""]","String7[""D1_1""]","String7[""F1_1""]","String3[""L3""]","String3[""L1""]","String3[""L2""]","String3[""L2""]","String3[""L3""]","[""L0""]","[""L0""]","[""L0""]",[0.9998691949175473],[0.9993703680494133],[226003.80211376565],Bool[1],[0.0031247884734233607],Bool[0],[1.3159662299523642],[0.9505560606360228],Bool[1],Bool[0],[0.5164793855895223],Bool[1],Bool[1],[0.08],[4587.430241539227],[20],[0.466],[0.517],[0.4],Bool[0],[0.5862998199432559],[0.24525216986089954],[0.1391659740557016],[0],[0],Bool[1],[-2.0],[225974.23966779554],Bool[0],[1.3159947418853577],[0.517],[4592.020807783673],[0.9415710981868216],[0.9026020331383297],[0.9806892227383235],[226003.80211376565],[20],[20],Bool[1],[0.58],[0.58],Bool[1],[0.4998829600000001],[0.4998829600000001],[4592.3914875235205],[4586.53320322983],[2.0],[0.9990010678734297],[0.466],[0.16420069753810426],Bool[0],Bool[0],[0.9998691949175473],[0.4],[0],[20],[0.01110806337756497],[4074.7519680049936],[20],[-2.0],[4074.7519680049936],[0.2586998897940419],[2.0],Bool[0],Bool[0],[0.2361615713446353],[225974.23966779554],Bool[1],[0.5000294000000001],[1.3513493065495388],[20],[1.3706088955180904],[0.007441057294946902],[0.5000294000000001]
"String3[""L2""]","String3[""L2""]","String3[""L1""]","String3[""L1""]","String3[""L3""]","String3[""L2""]","String7[""C1_1""]","String7[""D1_3""]","String7[""F1_2""]","String3[""L3""]","String3[""L1""]","String3[""L2""]","String3[""L1""]","String3[""L2""]","[""L0""]","[""L0""]","[""L0""]",[0.9895641037925208],[1.0],[229811.03118069965],Bool[1],[0.2689537445294012],Bool[0],[1.2592916146169226],[0.8745161052732775],Bool[0],Bool[0],[0.5782111672422501],Bool[0],Bool[1],[0.52],[4767.355931311999],[20],[0.533],[0.7190000000000001],[0.4],Bool[0],[0.6157242681787427],[0.15340402676059867],[0.01057150104671908],[0],[0],Bool[0],[0.0],[227412.7471119641],Bool[0],[1.1971128530122472],[0.7190000000000001],[4780.767585963443],[0.83190264120448],[0.7982849512561885],[0.8907999270219179],[229811.03118069965],[7],[0],Bool[1],[0.6],[0.6],Bool[0],[0.3967482239999999],[0.396748224],[4783.873757610804],[4770.454494958402],[0.0],[0.9972026030566465],[0.533],[0.18649483613226397],Bool[0],Bool[0],[0.9895641037925208],[0.4],[0],[0],[0.0045259147141765675],[4267.878979376881],[7],[0.0],[4267.878979376881],[0.32052846903551235],[0.0],Bool[0],Bool[0],[0.21997773287278088],[227412.7471119641],Bool[1],[0.4560066],[1.3301626402583013],[20],[1.3706253440298033],[0.12961969224982797],[0.4560066]
"String3[""L2""]","String3[""L2""]","String3[""L1""]","String3[""L1""]","String3[""L3""]","String3[""L2""]","String7[""C1_1""]","String7[""D1_2""]","String7[""F1_2""]","String3[""L3""]","String3[""L1""]","String3[""L2""]","String3[""L3""]","String3[""L3""]","[""L0""]","[""L0""]","[""L0""]",[0.9818780326537009],[0.9969231202599952],[235466.88731431],Bool[1],[0.061399757357372776],Bool[0],[1.3500491531065104],[0.881080051543111],Bool[1],Bool[0],[0.6036026839758222],Bool[0],Bool[1],[0.34],[4747.5010193807975],[20],[0.5650000000000001],[0.7],[0.4],Bool[0],[0.6308111467327888],[0.0058383918550268315],[0.250801590190462],[0],[0],Bool[0],[0.0],[231199.76407126538],Bool[0],[1.3105590130722948],[0.7],[4778.2960012961885],[0.8992972798580259],[0.8821387103716971],[0.9322294450800619],[235466.88731431],[9],[0],Bool[1],[0.54],[0.54],Bool[0],[0.406771448],[0.406771448],[4783.781228250795],[4747.496881990377],[0.0],[0.9935692681313464],[0.5650000000000001],[0.17588507465956285],Bool[0],Bool[0],[0.9818780326537009],[0.4],[0],[0],[0.05412277724620082],[4374.323695657811],[9],[0.0],[4374.323695657811],[0.30922365013734837],[0.0],Bool[1],Bool[0],[0.2719198365973215],[231199.76407126538],Bool[1],[0.44960160000000005],[1.2621829080457048],[20],[1.3079908437960184],[0.22899396255701146],[0.44960160000000005]
"String3[""L2""]","String3[""L2""]","String3[""L1""]","String3[""L1""]","String3[""L3""]","String3[""L2""]","String7[""C1_1""]","String7[""D1_1""]","String7[""F1_1""]","String3[""L3""]","String3[""L1""]","String3[""L2""]","String3[""L3""]","String3[""L1""]","[""L0""]","[""L0""]","[""L0""]",[0.999912956715065],[0.999707084372573],[225711.44875571114],Bool[1],[-0.028122886902450687],Bool[0],[1.3389370194180965],[0.9262170140876888],Bool[1],Bool[0],[0.5290460114802116],Bool[1],Bool[1],[0.36],[4603.4758905337585],[20],[0.545],[0.525],[0.4],Bool[0],[0.5713950746155904],[0.17133733060309633],[0.2131106898012708],[0],[0],Bool[1],[2.0],[225691.802089764],Bool[0],[1.2952424374294822],[0.525],[4606.756766781513],[0.869167711735066],[0.8500497473926409],[0.9720647545287031],[225711.44875571114],[20],[20],Bool[1],[0.88],[0.88],Bool[1],[0.499986656],[0.499986656],[4606.463215843436],[4603.988740055194],[-2.0],[0.9992882677491812],[0.545],[0.04620263646157001],Bool[0],Bool[0],[0.999912956715065],[0.4],[0],[20],[0.08547902301343824],[4164.403366695592],[20],[2.0],[4164.403366695592],[0.3638306107002617],[-2.0],Bool[0],Bool[0],[0.24386059453936543],[225691.802089764],Bool[1],[0.5002126],[1.2956514487123854],[20],[1.3321988092184596],[0.24753676575139855],[0.5002126]
"String3[""L2""]","String3[""L2""]","String3[""L1""]","String3[""L1""]","String3[""L3""]","String3[""L2""]","String7[""C1_1""]","String7[""D1_3""]","String7[""F1_2""]","String3[""L3""]","String3[""L1""]","String3[""L2""]","String3[""L1""]","String3[""L3""]","[""L0""]","[""L0""]","[""L0""]",[1.0],[0.9972242247381021],[232620.23595223995],Bool[1],[0.07410259255651129],Bool[0],[1.2672756205795688],[0.885823903916887],Bool[0],Bool[1],[0.4763933049832055],Bool[0],Bool[0],[0.4],[4757.433965851375],[10],[0.556],[0.7],[0.2],Bool[1],[0.5178733744546833],[0.18911404630811923],[0.12620779643919497],[0],[0],Bool[1],[0.0],[232620.23595223995],Bool[0],[1.250998313354362],[0.7],[4780.598837677228],[0.9587050005967981],[0.9123550003706447],[0.9148955599112716],[232620.23595223995],[0],[0],Bool[1],[0.58],[0.58],Bool[0],[0.40402885200000005],[0.404028852],[4780.485663740694],[4762.438846187406],[0.0],[0.9951678979474369],[0.556],[0.4147112777439263],Bool[0],Bool[1],[1.0],[0.28],[0],[0],[0.006991701366620277],[4355.560947148756],[0],[0.0],[4355.560947148756],[0.3145721982531902],[0.0],Bool[0],Bool[0],[0.20569232098252396],[232620.23595223995],Bool[1],[0.4496772],[1.3427474073680992],[14],[1.36180320069483],[0.15545404410230473],[0.4496772]
"String3[""L2""]","String3[""L2""]","String3[""L1""]","String3[""L1""]","String3[""L3""]","String3[""L2""]","String7[""C1_1""]","String7[""D1_1""]","String7[""F1_3""]","String3[""L3""]","String3[""L1""]","String3[""L2""]","String3[""L2""]","String3[""L3""]","[""L0""]","[""L0""]","[""L0""]",[0.9951756472113275],[0.9978181218587338],[229956.79833690875],Bool[0],[0.20636852536827469],Bool[0],[1.4169113264594615],[0.8587976227077706],Bool[0],Bool[0],[0.4810128799271131],Bool[0],Bool[0],[0.3],[4757.485249721182],[3],[0.0],[0.0],[0.06],Bool[0],[0.5502760073145521],[0.194782485130381],[0.205840584012313],[0],[0],Bool[0],[0.0],[229781.11275548383],Bool[0],[1.3587213459982939],[0.0],[4774.949852678756],[0.9946816695782541],[0.9323731770815936],[0.8605521891889123],[229956.75298845948],[1],[7],Bool[1],[0.64],[0.64],Bool[0],[0.22073033200000003],[0.220730332],[4772.019049749733],[4755.607736463668],[0.0],[0.9963494041569129],[0.0],[0.2770047136638653],Bool[0],Bool[0],[0.9992360061424777],[0.24],[2],[0],[0.0056224009106430614],[4426.487034745831],[3],[0.0],[4460.001837837293],[0.3411600863163719],[0.0],Bool[0],Bool[0],[0.13887206325479376],[228847.36048590552],Bool[1],[0.23713979999999998],[1.233820234537939],[12],[1.2784794069093777],[0.09041684544785422],[0.23713979999999998]
"String3[""L2""]","String3[""L2""]","String3[""L1""]","String3[""L1""]","String3[""L3""]","String3[""L2""]","String7[""C1_1""]","String7[""D1_1""]","String7[""F1_1""]","String3[""L3""]","String3[""L1""]","String3[""L2""]","String3[""L3""]","String3[""L2""]","[""L0""]","[""L0""]","[""L0""]",[0.9999920242898364],[0.9994923332732826],[228479.54841612116],Bool[0],[0.36865846155020404],Bool[0],[1.3777164721029376],[0.7873745654720241],Bool[0],Bool[0],[0.5347902057202112],Bool[0],Bool[0],[0.1],[4569.972873918174],[16],[0.548],[0.532],[0.32],Bool[0],[0.5637447098222912],[0.1629000523787751],[0.17484906200248168],[1],[0],Bool[0],[2.0],[228477.7261294647],Bool[0],[1.3359304422780636],[0.532],[4573.124159331447],[0.9749395601477094],[0.9400176866021116],[0.8049743008613083],[228479.54841612116],[16],[20],Bool[1],[0.6530612244897959],[0.66],Bool[0],[0.500079056],[0.500079056],[4573.6139557723955],[4571.014614419957],[2.0],[0.9993112287923409],[0.548],[0.2628886029633084],Bool[0],Bool[0],[0.9999920242898364],[0.32],[0],[20],[0.17504487920370923],[4254.204774546017],[16],[2.0],[4254.204774546017],[0.4147800348420575],[2.0],Bool[0],Bool[0],[0.07654554413664966],[228477.7261294647],Bool[1],[0.5003994],[1.3371541083634566],[16],[1.3526723060303998],[0.21447411630485452],[0.5003994]
"String3[""L2""]","String3[""L2""]","String3[""L1""]","String3[""L1""]","String3[""L3""]","String3[""L2""]","String7[""C1_1""]","String7[""D1_3""]","String7[""F1_2""]","String3[""L3""]","String3[""L1""]","String3[""L2""]","String3[""L2""]","String3[""L1""]","[""L0""]","[""L0""]","[""L0""]",[1.0],[1.0],[235617.4531133435],Bool[1],[0.21662552362368734],Bool[0],[1.324598534409958],[0.9047380481788758],Bool[0],Bool[1],[0.5807387300675049],Bool[0],Bool[0],[0.66],[4727.703968756338],[13],[0.617],[0.69],[0.26],Bool[0],[0.6303730292158805],[0.36861075882393934],[0.03265763331646394],[0],[0],Bool[0],[0.0],[235150.86665476032],Bool[0],[1.2400927560400938],[0.69],[4740.582769999819],[0.8545785736653237],[0.7683200917340091],[0.9395542853721952],[235617.4531133435],[1],[0],Bool[1],[0.9],[0.9],Bool[0],[0.4232529079999999],[0.423252908],[4745.003080838873],[4730.001086444096],[0.0],[0.9972820990668595],[0.617],[0.18693578936094604],Bool[0],Bool[0],[0.9980197287916581],[0.4],[0],[0],[0.007824918146536736],[4321.448951063661],[0],[0.0],[4321.448951063661],[0.41791927865911704],[0.0],Bool[0],Bool[0],[0.11363928390967531],[235617.4531133435],Bool[1],[0.44678339999999994],[1.3390739280352852],[20],[1.3954903601864652],[0.1998876188181566],[0.4467834]
"String3[""L2""]","String3[""L2""]","String3[""L1""]","String3[""L1""]","String3[""L3""]","String3[""L2""]","String7[""C1_1""]","String7[""D1_2""]","String7[""F1_3""]","String3[""L3""]","String3[""L1""]","String3[""L2""]","String3[""L1""]","String3[""L1""]","[""L0""]","[""L0""]","[""L0""]",[0.968608410967774],[1.0],[227309.4265805708],Bool[1],[0.017213812686267288],Bool[0],[1.3280863804361593],[0.9034499109294768],Bool[0],Bool[0],[0.511148765279903],Bool[0],Bool[1],[0.64],[4758.743633079743],[20],[0.0],[0.0],[0.4],Bool[0],[0.5294794659680819],[0.22389779362431375],[0.26288028940470487],[0],[0],Bool[0],[0.0],[220547.43127244065],Bool[0],[1.2930644629467714],[0.0],[4767.2653799531545],[0.9148603849627353],[0.9094925448488774],[0.9605279979720505],[227695.14364642283],[15],[11],Bool[1],[0.86],[0.86],Bool[0],[0.22680433199999997],[0.22680433199999997],[4770.401834049773],[4765.845007711196],[0.0],[0.9982138089320302],[0.0],[0.048102493739929975],Bool[0],Bool[0],[0.9702520242567532],[0.4],[0],[0],[0.013894239957622734],[4405.362416468393],[15],[0.0],[4455.910902879035],[0.23074639515480905],[0.0],Bool[0],Bool[0],[-0.001500374340692892],[220547.43127244065],Bool[1],[0.235584],[1.2678111736009416],[20],[1.2979899002573092],[0.05864630566995231],[0.235584]
"String3[""L2""]","String3[""L2""]","String3[""L1""]","String3[""L1""]","String3[""L3""]","String3[""L2""]","String7[""C1_1""]","String7[""D1_1""]","String7[""F1_3""]","String3[""L3""]","String3[""L1""]","String3[""L2""]","String3[""L3""]","String3[""L1""]","[""L0""]","[""L0""]","[""L0""]",[0.9980525445672397],[1.0],[232904.4654170965],Bool[0],[0.08232214229556892],Bool[0],[1.3146643969161798],[0.8892168594161052],Bool[0],Bool[0],[0.5722680771099458],Bool[0],Bool[0],[0.52],[4707.1151880734815],[5],[0.0],[0.0],[0.1],Bool[0],[0.5963017078756909],[0.1715670361114498],[0.06870623517800956],[0],[0],Bool[0],[0.0],[231960.96617044383],Bool[0],[1.2991107472156522],[0.0],[4724.414808428006],[0.923263791106714],[0.8940567144029523],[0.9097826652671229],[232904.4618341554],[3],[11],Bool[1],[0.9],[0.9],Bool[0],[0.227166368],[0.22716636800000004],[4724.244648541727],[4713.018752257009],[0.0],[0.9963447056919301],[0.0],[0.18484006743127965],Bool[0],Bool[0],[0.9959489860146605],[0.3],[2],[0],[0.07033998618499092],[4358.347771817976],[3],[0.0],[4496.2307927760585],[0.22498352777698696],[0.0],Bool[0],Bool[0],[0.025564130238682946],[232450.89077464235],Bool[1],[0.2337724],[1.3124123999594308],[15],[1.3215074685895245],[0.1820254758378325],[0.2337724]
"String3[""L2""]","String3[""L2""]","String3[""L1""]","String3[""L1""]","String3[""L3""]","String3[""L2""]","String7[""C1_1""]","String7[""D1_1""]","String7[""F1_1""]","String3[""L3""]","String3[""L1""]","String3[""L2""]","String3[""L3""]","String3[""L3""]","[""L0""]","[""L0""]","[""L0""]",[0.9999084507764263],[0.9992478082860493],[227776.26124487811],Bool[0],[0.11079316104685623],Bool[0],[1.360653430064075],[0.8455938109606211],Bool[0],Bool[0],[0.49903542269584816],Bool[0],Bool[0],[0.04],[4542.0936220705835],[8],[0.414],[0.536],[0.16],Bool[0],[0.5475022994303667],[0.28253952215918],[0.24164002270047863],[0],[2],Bool[0],[0.0],[227755.40850501263],Bool[0],[1.3128688296761184],[0.536],[4546.524700908598],[0.8521107698761068],[0.8557199761444906],[0.8596319842446241],[227776.26124487811],[8],[20],Bool[1],[0.42],[0.42],Bool[0],[0.4998340720000001],[0.4998340720000001],[4546.50748340346],[4542.425505866633],[2.0],[0.999025809032142],[0.414],[0.16618598179148564],Bool[0],Bool[0],[0.9999084507764263],[0.16],[2],[20],[0.013636001760046803],[4033.615910128684],[8],[0.0],[4033.615910128684],[0.40917159184060053],[2.0],Bool[0],Bool[0],[0.10462124318639458],[227755.40850501263],Bool[1],[0.5004284],[1.345147698077415],[8],[1.364868688235135],[0.34148142572610785],[0.5004284]
"String3[""L2""]","String3[""L2""]","String3[""L1""]","String3[""L1""]","String3[""L3""]","String3[""L2""]","String7[""C1_1""]","String7[""D1_3""]","String7[""F1_2""]","String3[""L3""]","String3[""L1""]","String3[""L2""]","String3[""L2""]","String3[""L2""]","[""L0""]","[""L0""]","[""L0""]",[0.9942570661493806],[0.9979032034264936],[236145.40029616182],Bool[0],[0.24723176152283516],Bool[0],[1.3753272256657518],[0.8624392872559458],Bool[0],Bool[0],[0.5557177976239132],Bool[0],Bool[0],[0.42],[4791.579935564789],[9],[0.4740000000000001],[0.6920000000000001],[0.18],Bool[0],[0.6105042135755268],[0.09051396059866314],[0.0077329571954223315],[0],[0],Bool[0],[0.0],[235241.84796712178],Bool[0],[1.3460578163158312],[0.6920000000000001],[4808.66144083488],[0.9582597486804301],[0.9224649961138521],[0.8792557425607307],[236145.40029616182],[2],[0],Bool[1],[0.68],[0.68],Bool[0],[0.37797610800000003],[0.37797610800000003],[4808.861462168774],[4789.424502644187],[0.0],[0.9964550011686814],[0.4740000000000001],[0.22344430114012753],Bool[0],Bool[0],[0.9961737458027687],[0.34],[2],[0],[0.01287461502337061],[4344.071903531226],[3],[0.0],[4344.071903531226],[0.29982253042695284],[0.0],Bool[0],Bool[0],[0.08081403361022801],[234789.23288313294],Bool[1],[0.44711],[1.168057493414224],[17],[1.1878922554299618],[0.25886629702823905],[0.44711]
"String3[""L2""]","String3[""L2""]","String3[""L1""]","String3[""L1""]","String3[""L3""]","String3[""L2""]","String7[""C1_1""]","String7[""D1_2""]","String7[""F1_3""]","String3[""L3""]","String3[""L1""]","String3[""L2""]","String3[""L1""]","String3[""L2""]","[""L0""]","[""L0""]","[""L0""]",[0.9890104786829786],[0.9969475727663004],[227670.3171917998],Bool[1],[0.17415627967834232],Bool[0],[1.3742234834451033],[0.8540345922261559],Bool[0],Bool[0],[0.5808229301949736],Bool[0],Bool[1],[0.38],[4755.822792305269],[20],[0.0],[0.0],[0.4],Bool[1],[0.6218651441276793],[0.18791193898454564],[0.15413654901169466],[0],[0],Bool[1],[0.0],[225543.40283180698],Bool[0],[1.350321881881394],[0.0],[4774.361210514953],[0.843064847573165],[0.807791355066681],[0.8691956085147949],[228049.55831423862],[13],[4],Bool[1],[0.68],[0.68],Bool[0],[0.24028854000000005],[0.24028853999999997],[4775.216495036719],[4761.123579877357],[0.0],[0.9961249200443086],[0.0],[0.1718159779764385],Bool[0],Bool[0],[0.9906579198104203],[0.4],[0],[0],[0.004708533529667162],[4392.529499249838],[13],[0.0],[4421.11669201853],[0.4749872814256182],[0.0],Bool[0],Bool[0],[0.4417133958848112],[225543.40283180698],Bool[1],[0.235674],[1.265350580238416],[20],[1.3189465086198136],[0.13255652341840965],[0.235674]
"String3[""L2""]","String3[""L2""]","String3[""L1""]","String3[""L1""]","String3[""L3""]","String3[""L2""]","String7[""C1_1""]","String7[""D1_1""]","String7[""F1_2""]","String3[""L3""]","String3[""L1""]","String3[""L2""]","String3[""L1""]","String3[""L1""]","[""L0""]","[""L0""]","[""L0""]",[0.984069056427841],[1.0],[233716.26945952902],Bool[1],[0.45755363463958193],Bool[0],[1.3589854551584901],[0.888737448836498],Bool[0],Bool[0],[0.5043230581181881],Bool[0],Bool[1],[0.74],[4752.564829309931],[20],[0.5700000000000001],[0.685],[0.4],Bool[1],[0.5697759012515462],[0.27197435868931547],[0.13229973316305763],[0],[0],Bool[1],[0.0],[229992.94875887377],Bool[0],[1.3113607361535242],[0.685],[4761.421207642208],[0.9931174125583688],[0.949529647041354],[0.9024194103607328],[233716.26945952902],[7],[0],Bool[1],[0.9],[0.9],Bool[0],[0.4084024200000001],[0.40840242000000004],[4765.6144716489725],[4752.588245012348],[0.0],[0.9981459892366241],[0.5700000000000001],[0.10475097349428308],Bool[0],Bool[0],[0.984069056427841],[0.4],[0],[0],[0.017673891704998067],[4254.220925460031],[7],[0.0],[4254.220925460031],[0.6372151955140407],[0.0],Bool[0],Bool[0],[0.27520997820005844],[229992.94875887377],Bool[1],[0.44474980000000003],[1.2069980444372752],[20],[1.2995739463106004],[0.4574170198304312],[0.44474980000000003]
"String3[""L2""]","String3[""L2""]","String3[""L1""]","String3[""L1""]","String3[""L3""]","String3[""L2""]","String7[""C1_1""]","String7[""D1_1""]","String7[""F1_3""]","String3[""L3""]","String3[""L1""]","String3[""L2""]","String3[""L3""]","String3[""L2""]","[""L0""]","[""L0""]","[""L0""]",[0.9993834071362042],[0.9979470010636221],[233844.88930369425],Bool[0],[0.09013345649776355],Bool[0],[1.385753508810103],[0.9136713275757006],Bool[0],Bool[0],[0.5662319229787943],Bool[0],Bool[0],[0.42],[4750.457863446518],[2],[0.0],[0.0],[0.04],Bool[0],[0.630871600415801],[0.12180716937889823],[-0.10152988628319243],[0],[0],Bool[0],[0.0],[233704.4378781675],Bool[0],[1.3500708455020987],[0.0],[4768.800726096041],[0.9309259918850892],[0.8349386846496186],[0.9336675823792875],[233844.88930369425],[1],[7],Bool[1],[0.78],[0.78],Bool[0],[0.22442015599999998],[0.224420156],[4770.298620715447],[4751.932211269725],[0.0],[0.9961544514376766],[0.0],[0.26270073714399816],Bool[0],Bool[0],[0.9993993821034748],[0.24],[3],[0],[0.007714745361967549],[4320.748385261295],[1],[0.0],[4289.848647765646],[0.3184287994643346],[0.0],Bool[0],Bool[0],[0.35669084374591825],[233700.70221371448],Bool[1],[0.2388234],[1.3149494743947534],[12],[1.3179184075514163],[0.2297843272156112],[0.2388234]
"String3[""L2""]","String3[""L2""]","String3[""L1""]","String3[""L1""]","String3[""L3""]","String3[""L2""]","String7[""C1_1""]","String7[""D1_3""]","String7[""F1_2""]","String3[""L3""]","String3[""L1""]","String3[""L2""]","String3[""L2""]","String3[""L3""]","[""L0""]","[""L0""]","[""L0""]",[0.9977411135345732],[0.9970450825196164],[233696.77683001984],Bool[0],[0.2617318364576804],Bool[0],[1.375232592957738],[0.9527402136558314],Bool[0],Bool[0],[0.5502727312822586],Bool[0],Bool[0],[0.38],[4750.376784003527],[8],[0.5660000000000001],[0.7220000000000002],[0.16],Bool[0],[0.5742453261466018],[0.04108320737356509],[0.1044155969595608],[0],[0],Bool[0],[0.0],[233696.77683001984],Bool[0],[1.3147674936554024],[0.7220000000000002],[4773.02866861194],[0.8629459764156586],[0.8776192295721765],[0.9974284634255561],[233696.77683001984],[0],[0],Bool[1],[0.62],[0.62],Bool[0],[0.4069663480000001],[0.40696634800000003],[4774.571581482135],[4751.612043920689],[0.0],[0.9952576778727046],[0.5660000000000001],[0.32055492551511355],Bool[0],Bool[1],[1.0],[0.26],[2],[0],[0.013524062703196877],[4331.7869307161345],[1],[0.0],[4331.7869307161345],[0.30277571913673934],[0.0],Bool[0],Bool[0],[0.19767463814411484],[233168.88234382463],Bool[1],[0.456586],[1.322565285042296],[13],[1.3462989686970555],[0.14337935351846906],[0.45658600000000005]
"String3[""L2""]","String3[""L2""]","String3[""L1""]","String3[""L1""]","String3[""L3""]","String3[""L2""]","String7[""C1_1""]","String7[""D1_1""]","String7[""F1_2""]","String3[""L3""]","String3[""L1""]","String3[""L2""]","String3[""L1""]","String3[""L2""]","[""L0""]","[""L0""]","[""L0""]",[0.9776295458726751],[1.0],[229086.4444713798],Bool[1],[0.08783736181201035],Bool[0],[1.4036413118914817],[0.8990837296048116],Bool[0],Bool[0],[0.530174903834958],Bool[0],Bool[1],[0.52],[4771.412719696771],[20],[0.498],[0.722],[0.4],Bool[0],[0.5642886833543627],[0.33525997672963126],[0.23323831545814544],[0],[0],Bool[0],[0.0],[223961.67667414085],Bool[0],[1.3678264086859642],[0.722],[4788.743275896163],[0.933871976103317],[0.8881744326171241],[0.9083223477259488],[229086.4444713798],[10],[0],Bool[1],[0.66],[0.66],Bool[0],[0.3854786159999999],[0.38547861600000005],[4792.481349770933],[4776.926546526288],[0.0],[0.9963889529760163],[0.498],[0.22050457740373552],Bool[0],Bool[0],[0.9776295458726751],[0.4],[0],[0],[0.009008254880941133],[4353.195395608178],[10],[0.0],[4353.195395608178],[0.43732633830977014],[0.0],Bool[0],Bool[0],[0.14230485810822258],[223961.67667414085],Bool[1],[0.45706620000000003],[1.325350287809756],[20],[1.3519864400765647],[0.2951145683802837],[0.45706620000000003]
"String3[""L2""]","String3[""L2""]","String3[""L1""]","String3[""L1""]","String3[""L3""]","String3[""L2""]","String7[""C1_1""]","String7[""D1_2""]","String7[""F1_3""]","String3[""L3""]","String3[""L1""]","String3[""L2""]","String3[""L1""]","String3[""L3""]","[""L0""]","[""L0""]","[""L0""]",[0.9984264599181517],[0.995798474377855],[229173.35160263954],Bool[0],[0.19697709569385904],Bool[0],[1.3318906504906936],[0.9120496546364055],Bool[1],Bool[0],[0.614773819534705],Bool[0],Bool[0],[0.28],[4737.748962902122],[4],[0.0],[0.0],[0.08],Bool[0],[0.6323893992981938],[0.35494362594159073],[0.23392019852714005],[0],[0],Bool[0],[0.0],[229169.66945923137],Bool[0],[1.2987959640262494],[0.0],[4768.851252992932],[0.9526774894861376],[0.9217149289321914],[0.9706057959203254],[229530.83386599517],[2],[9],Bool[1],[0.52],[0.52],Bool[0],[0.23392305600000002],[0.23392305600000002],[4768.289999698726],[4748.470503425537],[0.0],[0.9934899470713445],[0.0],[0.16218180825234377],Bool[0],Bool[0],[0.9999839329338145],[0.28],[2],[0],[0.010619742369756414],[4357.179541679063],[2],[0.0],[4439.344994398138],[0.5122703698835986],[0.0],Bool[1],Bool[1],[0.24132060858563897],[229169.65789888697],Bool[1],[0.2345236],[1.313353061006764],[14],[1.3616364962400542],[0.29548763240190024],[0.2345236]
"String3[""L2""]","String3[""L2""]","String3[""L1""]","String3[""L1""]","String3[""L3""]","String3[""L2""]","String7[""C1_1""]","String7[""D1_3""]","String7[""F1_2""]","String3[""L3""]","String3[""L1""]","String3[""L2""]","String3[""L3""]","String3[""L1""]","[""L0""]","[""L0""]","[""L0""]",[0.9686615752273933],[1.0],[235835.24729630467],Bool[1],[0.2663222201984457],Bool[0],[1.4172348882611647],[0.8224662292494795],Bool[0],Bool[0],[0.52658319889637],Bool[0],Bool[0],[0.6],[4755.675070689229],[20],[0.498],[0.6530000000000001],[0.4],Bool[0],[0.5280490314156456],[0.3551354771385951],[0.15284475487438892],[0],[0],Bool[0],[-2.0],[228444.54214018033],Bool[0],[1.356621619731726],[0.6530000000000001],[4768.221614818069],[0.9533181036820244],[0.9071052608171993],[0.897116966536075],[235835.24729630467],[16],[0],Bool[1],[0.86],[0.86],Bool[0],[0.38570485200000004],[0.38570485200000004],[4771.572983609954],[4760.3783141824915],[0.0],[0.9973712527300421],[0.498],[0.20519064559574834],Bool[0],Bool[0],[0.9686615752273933],[0.4],[0],[0],[0.3826411638043345],[4327.570325720803],[16],[-2.0],[4327.570325720803],[0.44374074351527604],[0.0],Bool[0],Bool[0],[0.09574609883361028],[228444.54214018033],Bool[1],[0.4353186],[1.3259621307037992],[20],[1.301309908437522],[0.28509591765507153],[0.4353186]
"String3[""L2""]","String3[""L2""]","String3[""L1""]","String3[""L1""]","String3[""L3""]","String3[""L2""]","String7[""C1_1""]","String7[""D1_1""]","String7[""F1_3""]","String3[""L3""]","String3[""L1""]","String3[""L2""]","String3[""L3""]","String3[""L3""]","[""L0""]","[""L0""]","[""L0""]",[0.9800249989126072],[0.9963704455469962],[230656.87928212367],Bool[1],[0.24899566540146603],Bool[0],[1.2392079218559964],[0.8363672368245157],Bool[1],Bool[0],[0.4944797692590865],Bool[0],Bool[1],[0.34],[4760.605265586997],[20],[0.0],[0.0],[0.4],Bool[0],[0.5657768149673199],[0.3923271946571818],[0.2860468485055984],[0],[0],Bool[0],[0.0],[226217.1433272647],Bool[0],[1.2452605703927608],[0.0],[4788.172472578249],[0.9548035362665166],[0.8854230178545547],[0.8487028194432964],[230827.93243326142],[11],[7],Bool[1],[0.54],[0.54],Bool[1],[0.225710376],[0.22571037599999996],[4787.852981850528],[4759.69874234698],[0.0],[0.9942503087683636],[0.0],[0.14329459774883352],Bool[0],Bool[0],[0.9807517730722932],[0.4],[0],[0],[0.05854069743823847],[4443.502865158152],[11],[0.0],[4413.6350735063],[0.49351828696161865],[0.0],Bool[0],Bool[0],[0.14955060758125213],[226217.1442319064],Bool[1],[0.23760060000000002],[1.352143950931865],[20],[1.3787024329365871],[0.24632783763842173],[0.23760060000000002]
"String3[""L2""]","String3[""L2""]","String3[""L1""]","String3[""L1""]","String3[""L3""]","String3[""L2""]","String7[""C1_1""]","String7[""D1_1""]","String7[""F1_2""]","String3[""L3""]","String3[""L1""]","String3[""L2""]","String3[""L1""]","String3[""L3""]","[""L0""]","[""L0""]","[""L0""]",[0.9977530672798844],[0.997429528249888],[233572.68759639177],Bool[0],[0.07135982664644012],Bool[0],[1.3194815063109264],[0.8597934868488938],Bool[0],Bool[0],[0.48597271623308486],Bool[0],Bool[0],[0.4],[4769.009679561252],[4],[0.518],[0.728],[0.08],Bool[0],[0.47358454486743207],[0.10467420323397973],[0.004187753508809181],[0],[0],Bool[0],[0.0],[233572.68759639177],Bool[0],[1.2777037302338],[0.728],[4787.757711907222],[0.9842011686537093],[0.9198916843940728],[0.9080466627556576],[233572.68759639177],[1],[0],Bool[1],[0.68],[0.68],Bool[0],[0.391929016],[0.391929016],[4789.8773438223925],[4763.191202237818],[0.0],[0.9960860092027375],[0.518],[0.23928370923236705],Bool[0],Bool[1],[1.0],[0.26],[2],[0],[0.004124742901078816],[4266.671909299135],[2],[0.0],[4266.671909299135],[0.29985269777723483],[0.0],Bool[0],Bool[1],[-0.054979094258535324],[233047.8654821061],Bool[1],[0.45893239999999996],[1.2046999457938508],[13],[1.2862507406700083],[0.49420232127559277],[0.4589324000000001]
"String3[""L2""]","String3[""L2""]","String3[""L1""]","String3[""L1""]","String3[""L3""]","String3[""L2""]","String7[""C1_1""]","String7[""D1_2""]","String7[""F1_1""]","String3[""L3""]","String3[""L1""]","String3[""L2""]","String3[""L1""]","String3[""L1""]","[""L0""]","[""L0""]","[""L0""]",[0.9999263279675368],[0.9997582980470672],[226224.35370858246],Bool[0],[-0.025496993566884427],Bool[0],[1.3855789781247652],[0.861321638668391],Bool[0],Bool[0],[0.5405856811282983],Bool[0],Bool[0],[0.3],[4547.799840680054],[8],[0.5],[0.51],[0.16],Bool[0],[0.6001681566336982],[0.08856572073042918],[0.26349200640824],[0],[2],Bool[0],[0.0],[226207.68730065206],Bool[0],[1.367423327064067],[0.51],[4551.05682277423],[0.9002643486051807],[0.8560367551832562],[0.9145639433345965],[226224.35370858246],[8],[20],Bool[1],[0.96],[0.96],Bool[0],[0.49999331199999997],[0.49999331199999997],[4550.069610346097],[4547.867544169301],[2.0],[0.9992850936426525],[0.5],[0.3299486186423577],Bool[0],Bool[0],[0.9999263279675368],[0.16],[2],[20],[0.0030481049850685908],[4131.787422947263],[8],[0.0],[4131.787422947263],[0.2844636001573662],[2.0],Bool[0],Bool[0],[0.22929538852219863],[226207.68730065206],Bool[1],[0.49973999999999996],[1.361165751495588],[8],[1.4254095910356193],[0.11207457832692914],[0.49973999999999996]
"String3[""L2""]","String3[""L2""]","String3[""L1""]","String3[""L1""]","String3[""L3""]","String3[""L2""]","String7[""C1_1""]","String7[""D1_3""]","String7[""F1_2""]","String3[""L3""]","String3[""L1""]","String3[""L2""]","String3[""L3""]","String3[""L2""]","[""L0""]","[""L0""]","[""L0""]",[0.9977151143007733],[0.9999324880259219],[233616.56961084573],Bool[0],[0.2270259339840634],Bool[0],[1.3116926508593765],[0.866064878602152],Bool[0],Bool[0],[0.5567940215111986],Bool[0],Bool[0],[0.48],[4758.334711908002],[4],[0.5900000000000002],[0.715],[0.08],Bool[0],[0.6068337518018541],[0.37197983523355765],[0.24497857781239674],[0],[0],Bool[0],[0.0],[233616.56961084573],Bool[0],[1.2912644377421558],[0.715],[4774.94844533733],[0.9056472790945654],[0.8743269500063129],[0.9209832335648471],[233616.56961084573],[0],[0],Bool[1],[0.74],[0.74],Bool[0],[0.41467798],[0.41467798],[4773.807371509885],[4764.2038823027815],[0.0],[0.996522574042519],[0.5900000000000002],[0.31330482738700344],Bool[0],Bool[1],[1.0],[0.24],[3],[0],[0.010533511475286873],[4269.589194103442],[1],[0.0],[4269.589194103442],[0.4884637149217015],[0.0],Bool[0],Bool[0],[0.3063480802009196],[233082.7824518395],Bool[1],[0.454561],[1.3176629324874467],[12],[1.3129668150452616],[0.17828522713086017],[0.45456100000000005]
"String3[""L2""]","String3[""L2""]","String3[""L1""]","String3[""L1""]","String3[""L3""]","String3[""L2""]","String7[""C1_1""]","String7[""D1_2""]","String7[""F1_3""]","String3[""L3""]","String3[""L1""]","String3[""L2""]","String3[""L2""]","String3[""L1""]","[""L0""]","[""L0""]","[""L0""]",[0.9957303926070005],[1.0],[234375.12870900525],Bool[0],[0.010671965189216731],Bool[0],[1.3955367515613681],[0.8645840736121281],Bool[0],Bool[0],[0.5573135622077356],Bool[0],Bool[0],[0.68],[4757.483111249657],[5],[0.0],[0.0],[0.1],Bool[0],[0.6166915104630011],[0.40283461669805926],[0.2942806904891967],[0],[0],Bool[0],[0.0],[233236.5156843189],Bool[0],[1.3569959876807889],[0.0],[4765.018168906949],[0.9679521392349353],[0.9145185164917248],[0.9155610259567049],[234375.12870900525],[5],[3],Bool[1],[0.84],[0.84],Bool[0],[0.22187173999999998],[0.22187174000000004],[4769.227767962599],[4762.797928339143],[0.0],[0.9984214587961262],[0.0],[0.23235667331066692],Bool[0],Bool[0],[0.9951419204291936],[0.28],[2],[0],[0.009534339620550551],[4311.118014034902],[4],[0.0],[4336.565262321994],[0.5158037266188339],[0.0],Bool[0],Bool[0],[0.23397703204475803],[233374.43892673406],Bool[1],[0.23718760000000003],[1.293959667913828],[14],[1.3442872004892799],[0.3747395585452841],[0.2371876]
"String3[""L2""]","String3[""L2""]","String3[""L1""]","String3[""L1""]","String3[""L3""]","String3[""L2""]","String7[""C1_1""]","String7[""D1_1""]","String7[""F1_2""]","String3[""L3""]","String3[""L1""]","String3[""L2""]","String3[""L2""]","String3[""L1""]","[""L0""]","[""L0""]","[""L0""]",[0.9706883946838332],[1.0],[229422.57093770744],Bool[1],[0.5207210446130621],Bool[0],[1.3131898021737174],[0.7806957470722296],Bool[0],Bool[0],[0.5031376933443847],Bool[0],Bool[0],[0.74],[4734.309185071635],[20],[0.585],[0.67],[0.4],Bool[0],[0.5266902481036668],[0.5049742656903524],[0.1281808007763228],[0],[0],Bool[0],[0.0],[222697.82708776108],Bool[0],[1.2756936933363656],[0.67],[4743.396204506672],[1.005877384568673],[0.9687973256406182],[0.7572767738860824],[229422.57093770744],[10],[0],Bool[1],[0.84],[0.84],Bool[0],[0.413290212],[0.41329021199999993],[4750.570262811212],[4742.255770899317],[0.0],[0.9980829329663091],[0.585],[0.18803962578137617],Bool[0],Bool[0],[0.9706883946838332],[0.4],[0],[0],[0.3385136440270373],[4345.192320537055],[10],[0.0],[4345.192320537055],[0.6409683170167793],[0.0],Bool[0],Bool[0],[0.07016947503946225],[222697.82708776108],Bool[1],[0.44057199999999996],[1.142429751213209],[20],[1.204943817333108],[0.39833182173716714],[0.44057199999999996]
"String3[""L2""]","String3[""L2""]","String3[""L1""]","String3[""L1""]","String3[""L3""]","String3[""L2""]","String7[""C1_1""]","String7[""D1_2""]","String7[""F1_1""]","String3[""L3""]","String3[""L1""]","String3[""L2""]","String3[""L1""]","String3[""L2""]","[""L0""]","[""L0""]","[""L0""]",[0.9999270446881825],[0.9993830975900617],[227431.750120259],Bool[1],[0.1449727958778393],Bool[0],[1.4002395559674747],[0.8493938615804997],Bool[1],Bool[0],[0.5710180514265444],Bool[0],Bool[1],[0.12],[4542.246483613393],[20],[0.451],[0.5319999999999999],[0.4],Bool[1],[0.6241533002402173],[0.26028320471081606],[0.15934468846064834],[0],[0],Bool[1],[0.0],[227415.15776601178],Bool[0],[1.3579085430833657],[0.5319999999999999],[4546.712403245313],[0.9460720190331706],[0.9172085488734609],[0.8774967764509513],[227431.750120259],[20],[20],Bool[1],[0.7],[0.7],Bool[0],[0.499851288],[0.499851288],[4547.450274181956],[4542.387726380117],[2.0],[0.9990182815851985],[0.451],[0.21256248703851768],Bool[0],Bool[0],[0.9999270446881825],[0.4],[0],[20],[0.0047927962610568],[4077.8667600467315],[20],[0.0],[4077.8667600467315],[0.3815721620988738],[2.0],Bool[1],Bool[0],[0.19501767746007526],[227415.15776601178],Bool[1],[0.5003752],[1.3788150377493702],[20],[1.4281880713742987],[0.17142989959989077],[0.5003752]
"String3[""L2""]","String3[""L2""]","String3[""L1""]","String3[""L1""]","String3[""L3""]","String3[""L2""]","String7[""C1_1""]","String7[""D1_3""]","String7[""F1_2""]","String3[""L3""]","String3[""L1""]","String3[""L2""]","String3[""L3""]","String3[""L3""]","[""L0""]","[""L0""]","[""L0""]",[0.9975237859455992],[0.9985410962419974],[232307.55329997872],Bool[0],[0.14106585476742867],Bool[0],[1.361239939444845],[0.9207783000500851],Bool[0],Bool[0],[0.5383828281471154],Bool[0],Bool[0],[0.44],[4768.342632732086],[4],[0.612],[0.7319999999999999],[0.08],Bool[0],[0.5641200706572349],[0.19218641672987882],[0.446907947522285],[0],[0],Bool[0],[0.0],[231732.31007155386],Bool[0],[1.3468496655481894],[0.7319999999999999],[4789.049290507043],[0.8469135103673111],[0.8445211367429013],[0.930486988798221],[232307.55329997872],[1],[0],Bool[1],[0.58],[0.58],Bool[0],[0.4217265639999999],[0.4217265639999999],[4786.558123517395],[4773.820517430351],[0.0],[0.9956877343706049],[0.612],[0.26317121380576564],Bool[0],Bool[0],[0.9975237859455992],[0.32],[3],[0],[0.010145332720024512],[4291.691252252642],[1],[0.0],[4291.691252252642],[0.624474910784017],[0.0],Bool[0],Bool[0],[0.5213292414213089],[231732.31007155386],Bool[1],[0.4598428],[1.2857025134117055],[16],[1.336255922017361],[0.20841622310476232],[0.4598428]
"String3[""L2""]","String3[""L2""]","String3[""L1""]","String3[""L1""]","String3[""L3""]","String3[""L2""]","String7[""C1_1""]","String7[""D1_2""]","String7[""F1_1""]","String3[""L3""]","String3[""L1""]","String3[""L2""]","String3[""L1""]","String3[""L3""]","[""L0""]","[""L0""]","[""L0""]",[0.9999362672330463],[0.9991019342100214],[223449.3862454553],Bool[0],[0.2684231148856229],Bool[0],[1.3662920116776098],[0.9291388627988796],Bool[0],Bool[0],[0.5493265056172966],Bool[0],Bool[0],[0.08],[4524.719911396665],[14],[0.463],[0.534],[0.28],Bool[0],[0.627447283088002],[0.3491263239801805],[0.30290926740202423],[0],[0],Bool[0],[2.0],[223435.14519779576],Bool[0],[1.3393951869839447],[0.534],[4530.073663753012],[0.7647027009182658],[0.7205385037347599],[0.9610473259402643],[223449.3862454553],[14],[20],Bool[1],[0.66],[0.66],Bool[0],[0.49999547999999994],[0.49999547999999994],[4529.595640749672],[4524.25956746888],[-2.0],[0.998818848074038],[0.463],[0.2932015085090798],Bool[0],Bool[0],[0.9999362672330463],[0.28],[0],[20],[0.005748442571688458],[3984.2230615324906],[14],[2.0],[3984.2230615324906],[0.5493872790806597],[-2.0],Bool[0],Bool[0],[0.37305311702550353],[223435.14519779576],Bool[1],[0.5004978],[1.319737379531084],[14],[1.3539273452973042],[0.2576223527005786],[0.5004978]
"String3[""L2""]","String3[""L2""]","String3[""L1""]","String3[""L1""]","String3[""L3""]","String3[""L2""]","String7[""C1_1""]","String7[""D1_2""]","String7[""F1_3""]","String3[""L3""]","String3[""L1""]","String3[""L2""]","String3[""L2""]","String3[""L2""]","[""L0""]","[""L0""]","[""L0""]",[0.9960392966551397],[0.9988718493793027],[229221.3021759992],Bool[0],[0.29342777305408996],Bool[0],[1.2149489079511402],[0.8486902755406704],Bool[0],Bool[0],[0.5517989420754664],Bool[0],Bool[0],[0.46],[4803.46462204265],[6],[0.0],[0.0],[0.12],Bool[0],[0.6007056428734946],[0.3581887162396305],[0.13516661387601964],[0],[0],Bool[0],[0.0],[228496.37974272377],Bool[0],[1.2073116029597544],[0.0],[4818.289244944127],[0.937107727547704],[0.912989363432944],[0.8669742194447427],[229404.5668000161],[5],[4],Bool[1],[0.7],[0.7],Bool[0],[0.23013868400000007],[0.23013868400000007],[4820.377377294198],[4808.230154899464],[0.0],[0.9969269782622919],[0.0],[0.2834491927100869],Bool[0],Bool[0],[0.996837456089841],[0.26],[2],[0],[0.016348848522143678],[4355.741952255665],[5],[0.0],[4399.530220590129],[0.4605707294047333],[0.0],Bool[0],Bool[0],[0.22677419179336142],[228495.96336496505],Bool[1],[0.23838279999999998],[1.312169673575304],[13],[1.3408456738180117],[0.16826589270702536],[0.2383828]
"String3[""L2""]","String3[""L2""]","String3[""L1""]","String3[""L1""]","String3[""L3""]","String3[""L2""]","String7[""C1_1""]","String7[""D1_1""]","String7[""F1_2""]","String3[""L3""]","String3[""L1""]","String3[""L2""]","String3[""L2""]","String3[""L2""]","[""L0""]","[""L0""]","[""L0""]",[0.9877258306546436],[1.0],[232446.51502386766],Bool[0],[0.4597688832769597],Bool[0],[1.3783063589529547],[0.9109294438125596],Bool[0],Bool[0],[0.46502822836539565],Bool[0],Bool[0],[0.58],[4774.060583476109],[20],[0.605],[0.7419999999999999],[0.4],Bool[0],[0.4829969957003225],[0.2911228804937095],[0.017564759058581927],[1],[0],Bool[0],[0.0],[231878.2124287324],Bool[0],[1.3378867617956829],[0.7419999999999999],[4790.97295463401],[0.9660679870895348],[0.9243697224288462],[0.9288763180970561],[232446.51502386766],[1],[0],Bool[1],[0.7755102040816326],[0.78],Bool[0],[0.419711724],[0.4197117240000001],[4796.937662126886],[4775.5151568108895],[0.0],[0.9964791053934452],[0.605],[0.357194982182001],Bool[0],Bool[0],[0.9975551253367816],[0.32],[0],[0],[0.02554711913308427],[4336.0627962486615],[5],[0.0],[4336.0627962486615],[0.4049575589905436],[0.0],Bool[0],Bool[0],[0.06907337846562074],[229593.42713472678],Bool[1],[0.46317],[1.3115066448256762],[16],[1.3255927360312016],[0.1358125696716633],[0.4631700000000001]
"String3[""L2""]","String3[""L2""]","String3[""L1""]","String3[""L1""]","String3[""L3""]","String3[""L2""]","String7[""C1_1""]","String7[""D1_2""]","String7[""F1_1""]","String3[""L3""]","String3[""L1""]","String3[""L2""]","String3[""L2""]","String3[""L1""]","[""L0""]","[""L0""]","[""L0""]",[0.9999551806007394],[0.999560976819386],[226350.85559482407],Bool[0],[0.6160500189891044],Bool[0],[1.2986586962745386],[0.7417572198311264],Bool[0],Bool[0],[0.5575248445903092],Bool[0],Bool[0],[0.24],[4531.465255244497],[9],[0.5680000000000001],[0.503],[0.18],Bool[0],[0.5955474597393228],[0.27502414234165184],[0.2453707710913939],[0],[2],Bool[0],[0.0],[226340.7106854542],Bool[0],[1.2800818766655317],[0.503],[4535.509856418087],[0.9644831671140841],[0.927602539881017],[0.807073472105264],[226350.85559482407],[9],[20],Bool[1],[0.9],[0.9],Bool[0],[0.500055584],[0.500055584],[4536.002166950398],[4532.379199452201],[2.0],[0.9991089189401637],[0.5680000000000001],[0.20609298705196152],Bool[0],Bool[0],[0.9999551806007394],[0.18],[2],[20],[0.015139329971963784],[4066.2764949848524],[9],[0.0],[4066.2764949848524],[0.6411364359198373],[2.0],Bool[0],Bool[0],[0.3363416337722426],[226340.7106854542],Bool[1],[0.4999940000000001],[1.338499116740259],[9],[1.3770225247186159],[0.23570280607202096],[0.4999940000000001]
"String3[""L2""]","String3[""L2""]","String3[""L1""]","String3[""L1""]","String3[""L3""]","String3[""L2""]","String7[""C1_1""]","String7[""D1_3""]","String7[""F1_3""]","String3[""L3""]","String3[""L1""]","String3[""L2""]","String3[""L1""]","String3[""L1""]","[""L0""]","[""L0""]","[""L0""]",[0.9911556470360494],[1.0],[233594.9670509714],Bool[1],[0.0801554396709689],Bool[0],[1.4190264798125223],[0.9491088497375051],Bool[0],Bool[0],[0.5133035500158202],Bool[0],Bool[1],[0.7],[4751.867084919499],[20],[0.0],[0.0],[0.4],Bool[1],[0.5534186532497036],[0.2805835011617826],[0.21310720591866544],[0],[0],Bool[1],[0.0],[231810.23134392058],Bool[0],[1.3834438689333166],[0.0],[4760.423061345897],[0.9165404354857174],[0.9022431677701289],[0.9541644749839348],[233878.73744867984],[8],[5],Bool[1],[0.88],[0.88],Bool[0],[0.23294526399999999],[0.232945264],[4766.834555986375],[4754.494939935092],[0.0],[0.9982021257578765],[0.0],[0.21963825134980472],Bool[0],Bool[0],[0.9923596996562799],[0.4],[0],[0],[0.012849959377367697],[4414.624567654242],[8],[0.0],[4348.217528034806],[0.4130653669654268],[0.0],Bool[0],Bool[0],[0.33558037810053365],[231810.23134392058],Bool[1],[0.23587339999999998],[1.3195998567654081],[20],[1.3824644813839848],[0.1647086364470027],[0.23587339999999998]
"String3[""L2""]","String3[""L2""]","String3[""L1""]","String3[""L1""]","String3[""L3""]","String3[""L2""]","String7[""C1_1""]","String7[""D1_1""]","String7[""F1_2""]","String3[""L3""]","String3[""L1""]","String3[""L2""]","String3[""L2""]","String3[""L3""]","[""L0""]","[""L0""]","[""L0""]",[0.9920625798115709],[0.9958935644750198],[231165.99355205416],Bool[0],[0.43206405132426534],Bool[0],[1.3217820015390633],[0.7967309535523321],Bool[0],Bool[0],[0.5771786820743035],Bool[0],Bool[0],[0.34],[4748.696593353516],[7],[0.5529999999999999],[0.693],[0.14],Bool[0],[0.6235972937562084],[0.45914108946059773],[0.06809112054393482],[0],[0],Bool[0],[0.0],[229331.1319279558],Bool[0],[1.2689032763375467],[0.693],[4780.090261857321],[0.8376266086207493],[0.8413818837617419],[0.806146626743854],[231165.99355205416],[3],[0],Bool[1],[0.48],[0.48],Bool[0],[0.402927072],[0.402927072],[4780.828883742777],[4757.425367250125],[0.0],[0.993444613088854],[0.5529999999999999],[0.2612968294641173],Bool[0],Bool[0],[0.9920625798115709],[0.36],[2],[0],[0.0104629387841084],[4284.103281009535],[3],[0.0],[4284.103281009535],[0.5726956181736019],[0.0],Bool[0],Bool[0],[0.14323720134959705],[229331.1319279558],Bool[1],[0.44744619999999996],[1.3016815769810406],[18],[1.3538760613173966],[0.2865387256656659],[0.44744619999999996]
"String3[""L2""]","String3[""L2""]","String3[""L1""]","String3[""L1""]","String3[""L3""]","String3[""L2""]","String7[""C1_1""]","String7[""D1_2""]","String7[""F1_1""]","String3[""L3""]","String3[""L1""]","String3[""L2""]","String3[""L2""]","String3[""L2""]","[""L0""]","[""L0""]","[""L0""]",[0.9999759717569914],[0.99944353553511],[228569.1183274156],Bool[0],[0.18992715498637602],Bool[0],[1.332944612347808],[0.8647891595346092],Bool[1],Bool[0],[0.5287363127964716],Bool[1],Bool[0],[0.14],[4552.347524517171],[9],[0.533],[0.551],[0.18],Bool[0],[0.5921319538915802],[0.33251882784292797],[-0.11338911254956573],[0],[2],Bool[1],[0.0],[228563.62621309617],Bool[0],[1.3159735561082653],[0.551],[4556.422769901662],[0.8844314767347776],[0.8549278463505181],[0.9381683576473868],[228569.1183274156],[9],[20],Bool[1],[0.66],[0.66],Bool[1],[0.5000606320000001],[0.5000606320000001],[4556.569162460583],[4552.286320359823],[0.0],[0.9991059105759351],[0.533],[0.2305769006990943],Bool[0],Bool[0],[0.9999759717569914],[0.18],[2],[20],[0.017170531034304094],[4170.272335385704],[9],[0.0],[4170.272335385704],[0.32715987557994475],[0.0],Bool[0],Bool[0],[0.17670462580905555],[228563.62621309617],Bool[1],[0.5006242000000001],[1.335552773861832],[9],[1.3392129934111519],[0.1589182250335247],[0.5006242000000001]
"String3[""L2""]","String3[""L2""]","String3[""L1""]","String3[""L1""]","String3[""L3""]","String3[""L2""]","String7[""C1_1""]","String7[""D1_2""]","String7[""F1_3""]","String3[""L3""]","String3[""L1""]","String3[""L2""]","String3[""L2""]","String3[""L3""]","[""L0""]","[""L0""]","[""L0""]",[0.9981523362563102],[0.9966604381819968],[233532.29878965524],Bool[0],[0.00200150789757422],Bool[0],[1.2152584563724225],[0.8823536393852623],Bool[0],Bool[0],[0.5066320555893811],Bool[0],Bool[0],[0.34],[4740.765386292719],[5],[0.0],[0.0],[0.1],Bool[0],[0.5625978939324369],[0.4314377283146274],[0.20261740361180192],[0],[0],Bool[0],[0.0],[232953.89127357624],Bool[0],[1.2007404306475993],[0.0],[4764.941609554958],[0.9236436864841527],[0.8952177968858034],[0.9643527698580493],[233675.30683364853],[5],[7],Bool[1],[0.64],[0.64],Bool[0],[0.21954672000000003],[0.21954672000000003],[4766.755819322625],[4744.025811001545],[0.0],[0.9949326786157132],[0.0],[0.360876352519807],Bool[0],Bool[0],[0.9975232226159861],[0.26],[2],[0],[0.2014445290918857],[4401.199264054193],[3],[0.0],[4383.379401604057],[0.3998508249702533],[0.0],Bool[0],Bool[0],[0.08789253548103752],[233243.5534414164],Bool[1],[0.2375752],[1.3744748203134975],[13],[1.425116571842746],[0.30960745611495827],[0.2375752]
"String3[""L2""]","String3[""L2""]","String3[""L1""]","String3[""L1""]","String3[""L3""]","String3[""L2""]","String7[""C1_1""]","String7[""D1_3""]","String7[""F1_3""]","String3[""L3""]","String3[""L1""]","String3[""L2""]","String3[""L1""]","String3[""L2""]","[""L0""]","[""L0""]","[""L0""]",[0.9942482496661496],[0.999873501439664],[233577.53553769994],Bool[1],[0.38854064224223783],Bool[0],[1.2690811138150897],[0.8962507063504868],Bool[0],Bool[0],[0.5442400019603493],Bool[0],Bool[1],[0.5],[4778.240320268071],[20],[0.0],[0.0],[0.4],Bool[1],[0.6135651460122624],[0.21355430269528358],[0.1064620393973081],[0],[0],Bool[1],[0.0],[232234.05586969102],Bool[0],[1.2784867437542657],[0.0],[4791.630822264752],[0.915574790003943],[0.861013960723821],[0.900295662620948],[233577.53553769994],[6],[5],Bool[1],[0.72],[0.72],Bool[0],[0.248023],[0.248023],[4793.912145775675],[4778.502957915103],[0.0],[0.9972076634799458],[0.0],[0.10720010499994856],Bool[0],Bool[0],[0.9942482496661496],[0.4],[0],[0],[0.013005480075721922],[4311.868325058234],[6],[0.0],[4269.142973285976],[0.44741893872017185],[0.0],Bool[0],Bool[0],[0.24434528865500885],[232234.05586969102],Bool[1],[0.2398594],[1.2997626420481425],[20],[1.3372392900126429],[0.2720084590790562],[0.2398594]
"String3[""L2""]","String3[""L2""]","String3[""L1""]","String3[""L1""]","String3[""L3""]","String3[""L2""]","String7[""C1_1""]","String7[""D1_1""]","String7[""F1_2""]","String3[""L3""]","String3[""L1""]","String3[""L2""]","String3[""L3""]","String3[""L1""]","[""L0""]","[""L0""]","[""L0""]",[0.998013361980442],[1.0],[235669.57955888225],Bool[0],[0.15174652905199998],Bool[0],[1.3661508438058143],[0.9285398708776634],Bool[0],Bool[0],[0.5776139084478003],Bool[0],Bool[0],[0.54],[4736.612420868631],[4],[0.635],[0.654],[0.08],Bool[0],[0.6408371952447114],[0.37886837202037627],[0.03469029942027627],[0],[0],Bool[0],[0.0],[235669.57955888225],Bool[0],[1.2909190685341536],[0.654],[4753.069347719748],[0.8766586083099853],[0.835561920022511],[0.9550366655497483],[235669.57955888225],[0],[0],Bool[1],[0.84],[0.84],Bool[0],[0.42906084400000005],[0.42906084399999994],[4756.777905959332],[4736.322865657293],[0.0],[0.9965495282294746],[0.635],[0.15074312253632002],Bool[0],Bool[1],[1.0],[0.28],[3],[0],[0.007576872177884489],[4354.363779944493],[1],[0.0],[4354.363779944493],[0.43208904875714815],[0.0],Bool[0],Bool[0],[0.23925521227711613],[235201.38941207732],Bool[1],[0.435242],[1.3614058027679006],[14],[1.3932583963564746],[0.14896611894167036],[0.4352420000000001]
"String3[""L2""]","String3[""L2""]","String3[""L1""]","String3[""L1""]","String3[""L3""]","String3[""L2""]","String7[""C1_1""]","String7[""D1_2""]","String7[""F1_1""]","String3[""L3""]","String3[""L1""]","String3[""L2""]","String3[""L2""]","String3[""L3""]","[""L0""]","[""L0""]","[""L0""]",[0.9999827435982735],[0.9991834250834687],[226425.31362222956],Bool[0],[0.05674266259219729],Bool[0],[1.291789306031152],[0.8809768068424098],Bool[0],Bool[0],[0.511063702989999],Bool[0],Bool[0],[0.08],[4575.3952550815475],[8],[0.499],[0.488],[0.16],Bool[0],[0.5757040574199799],[0.31347999378376107],[0.30925792944721814],[0],[2],Bool[0],[0.0],[226421.40633605665],Bool[0],[1.2033251334884583],[0.488],[4580.3304689600145],[0.8253972840465859],[0.7932471795197867],[0.8865658345333642],[226425.31362222956],[8],[20],Bool[1],[0.6],[0.6],Bool[0],[0.49992156000000004],[0.49992156000000004],[4580.136235941256],[4574.4651399215845],[-2.0],[0.9989229414049936],[0.499],[0.313294106245234],Bool[0],Bool[0],[0.9999827435982735],[0.16],[2],[20],[0.01638038485506372],[4140.242040938084],[8],[0.0],[4140.242040938084],[0.37561717062490824],[-2.0],Bool[0],Bool[0],[0.10392329979018888],[226421.40633605665],Bool[1],[0.5002159999999999],[1.3827974776803655],[8],[1.4049276255827126],[0.10289656215980333],[0.5002159999999999]
"String3[""L2""]","String3[""L2""]","String3[""L1""]","String3[""L1""]","String3[""L3""]","String3[""L2""]","String7[""C1_1""]","String7[""D1_2""]","String7[""F1_3""]","String3[""L3""]","String3[""L1""]","String3[""L2""]","String3[""L3""]","String3[""L1""]","[""L0""]","[""L0""]","[""L0""]",[0.995765349597666],[1.0],[236289.88529704296],Bool[0],[0.05055869451814573],Bool[0],[1.3819697279859762],[0.8705464261713303],Bool[0],Bool[0],[0.5210937143678034],Bool[0],Bool[0],[0.6],[4762.507904885052],[5],[0.0],[0.0],[0.1],Bool[0],[0.5333517787874743],[0.26949564480265875],[0.29682738901037964],[0],[0],Bool[0],[0.0],[234900.09901886038],Bool[0],[1.3699393850395192],[0.0],[4775.838902643146],[0.9312071526493382],[0.9064647776824367],[0.9028094697465232],[236289.88529704296],[5],[8],Bool[1],[0.82],[0.82],Bool[0],[0.206399636],[0.20639963600000003],[4777.789696230504],[4767.779302352348],[0.0],[0.9972105340173356],[0.0],[0.2656052685019633],Bool[0],Bool[0],[0.99411829974679],[0.2],[2],[0],[0.10116695262576827],[4287.001631273548],[5],[0.0],[4330.272825497426],[0.3864176591684073],[0.0],Bool[0],Bool[0],[0.1926506696393195],[235289.2802392024],Bool[1],[0.23348760000000002],[1.352115218030473],[10],[1.3739509185485659],[0.2220360597241647],[0.2334876]
"String3[""L2""]","String3[""L2""]","String3[""L1""]","String3[""L1""]","String3[""L3""]","String3[""L2""]","String7[""C1_1""]","String7[""D1_2""]","String7[""F1_1""]","String3[""L3""]","String3[""L1""]","String3[""L2""]","String3[""L3""]","String3[""L1""]","[""L0""]","[""L0""]","[""L0""]",[0.9999985428892558],[0.9994979451127752],[226176.23415910176],Bool[1],[-0.010145602782458563],Bool[0],[1.312489465857134],[0.8916727202425886],Bool[1],Bool[0],[0.6120145696038283],Bool[1],Bool[1],[0.16],[4489.054861805514],[20],[0.446],[0.52],[0.4],Bool[0],[0.6477648675991532],[0.24838266004016063],[0.07010711503274078],[0],[0],Bool[1],[2.0],[226175.90459528088],Bool[0],[1.2816753210712954],[0.52],[4492.26144372787],[0.9204376885259082],[0.9080489070308678],[0.9277272203387752],[226176.23415910176],[20],[20],Bool[1],[0.9],[0.9],Bool[1],[0.49981450399999994],[0.49981450399999994],[4491.918709763553],[4489.480852092934],[-2.0],[0.9992863943978576],[0.446],[0.17066181726443677],Bool[0],Bool[0],[0.9999985428892558],[0.4],[0],[20],[0.7334949126158291],[4398.515265240651],[20],[2.0],[4398.515265240651],[0.35716511406272583],[-2.0],Bool[0],Bool[0],[0.3540893170739828],[226175.90459528088],Bool[1],[0.5005938],[1.3607679006812552],[20],[1.422489085262511],[0.1896498486996636],[0.5005938]
"String3[""L2""]","String3[""L2""]","String3[""L1""]","String3[""L1""]","String3[""L3""]","String3[""L2""]","String7[""C1_1""]","String7[""D1_3""]","String7[""F1_3""]","String3[""L3""]","String3[""L1""]","String3[""L2""]","String3[""L1""]","String3[""L3""]","[""L0""]","[""L0""]","[""L0""]",[0.9946991694167255],[0.996626725453915],[234868.8829980507],Bool[0],[0.16810740733627036],Bool[0],[1.279585645856642],[0.859677961454542],Bool[0],Bool[0],[0.5539627506767151],Bool[0],Bool[0],[0.26],[4754.800320035072],[4],[0.0],[0.0],[0.08],Bool[0],[0.5980174328499087],[0.34135891142206465],[0.19094446429219428],[0],[0],Bool[0],[0.0],[234868.8829980507],Bool[0],[1.2026605990897759],[0.0],[4775.989288088421],[0.9495740319751558],[0.9012820402912805],[0.9074943511994655],[235000.64239198342],[2],[6],Bool[1],[0.64],[0.64],Bool[0],[0.20939507599999999],[0.209395076],[4774.16948758798],[4756.846693023902],[0.0],[0.9955657984396095],[0.0],[0.2770452226189797],Bool[0],Bool[1],[1.0],[0.22],[2],[0],[0.0009248653956117262],[4373.030382150322],[4],[0.0],[4396.741374930727],[0.4679180480619384],[0.0],Bool[0],Bool[1],[0.3291830700168112],[233754.94379970286],Bool[1],[0.23787300000000003],[1.2891492882763744],[11],[1.3378332473665804],[0.16234976759294206],[0.23787300000000003]
"String3[""L2""]","String3[""L2""]","String3[""L1""]","String3[""L1""]","String3[""L3""]","String3[""L2""]","String7[""C1_1""]","String7[""D1_1""]","String7[""F1_2""]","String3[""L3""]","String3[""L1""]","String3[""L2""]","String3[""L3""]","String3[""L2""]","[""L0""]","[""L0""]","[""L0""]",[0.9840011163469062],[1.0],[235562.37441294396],Bool[1],[0.08967913602026029],Bool[0],[1.3784378116342373],[0.8627425526956398],Bool[0],Bool[0],[0.5380680392305957],Bool[0],Bool[0],[0.54],[4787.366952650644],[20],[0.474],[0.7389999999999999],[0.4],Bool[0],[0.5906169280512845],[-0.04883487906369597],[0.1822805561077488],[0],[0],Bool[0],[0.0],[231793.63939166476],Bool[0],[1.3121439701399291],[0.7389999999999999],[4805.717304786704],[0.9101092502034988],[0.862917838118731],[0.9028716184344524],[235562.37441294396],[8],[0],Bool[1],[0.7],[0.7],Bool[0],[0.37788612],[0.37788612],[4806.873232061658],[4787.52692531257],[0.0],[0.9961898180598463],[0.474],[0.2576398790870699],Bool[0],Bool[0],[0.9840011163469062],[0.4],[0],[0],[0.19447018372307534],[4263.473747099164],[8],[0.0],[4263.473747099164],[0.2552827849388998],[0.0],Bool[0],Bool[0],[0.16307433061327936],[231793.63939166476],Bool[1],[0.46192619999999995],[1.2047310924392058],[20],[1.2584324483404914],[0.30239807889421183],[0.46192620000000006]
"String3[""L2""]","String3[""L2""]","String3[""L1""]","String3[""L1""]","String3[""L3""]","String3[""L2""]","String7[""C1_1""]","String7[""D1_2""]","String7[""F1_1""]","String3[""L3""]","String3[""L1""]","String3[""L2""]","String3[""L3""]","String3[""L2""]","[""L0""]","[""L0""]","[""L0""]",[0.9999675100886928],[0.9994805917431714],[227894.51702443117],Bool[0],[-0.05383558095005612],Bool[0],[1.4125031482370516],[0.9304481753174088],Bool[0],Bool[0],[0.4817086964267372],Bool[0],Bool[0],[0.18],[4547.184876126827],[11],[0.43],[0.5],[0.22],Bool[0],[0.4880645622895127],[0.24204880894033315],[0.47951849332235214],[0],[0],Bool[0],[-2.0],[227887.11275178564],Bool[0],[1.3670805149884346],[0.5],[4551.737644881255],[0.8222107605132198],[0.8100873897804126],[0.9767657866774095],[227894.51702443117],[11],[20],Bool[1],[0.66],[0.66],Bool[0],[0.4999406479999999],[0.4999406479999999],[4552.299114679486],[4548.989328863078],[2.0],[0.9990006402913312],[0.43],[0.22587062073673947],Bool[0],Bool[0],[0.9999675100886928],[0.22],[0],[20],[0.2719859227951097],[4368.170111160964],[11],[-2.0],[4368.170111160964],[0.32988785870933024],[2.0],Bool[0],Bool[0],[-0.048947192621095786],[227887.11275178564],Bool[1],[0.49992240000000004],[1.3657451748720266],[11],[1.4002956800714972],[0.0822620070020061],[0.49992240000000004]
"String3[""L2""]","String3[""L2""]","String3[""L1""]","String3[""L1""]","String3[""L3""]","String3[""L2""]","String7[""C1_1""]","String7[""D1_2""]","String7[""F1_3""]","String3[""L3""]","String3[""L1""]","String3[""L2""]","String3[""L3""]","String3[""L2""]","[""L0""]","[""L0""]","[""L0""]",[0.9968397794463134],[0.9991256588484263],[233999.78923817957],Bool[0],[-0.012707980509478257],Bool[0],[1.335046874914491],[0.9184992076600128],Bool[0],Bool[0],[0.5718060813656031],Bool[0],Bool[0],[0.44],[4757.4955908085985],[3],[0.0],[0.0],[0.06],Bool[0],[0.6005326542919711],[0.24256458705081657],[-0.01949143156145511],[0],[0],Bool[0],[0.0],[233119.6012158294],Bool[0],[1.3218171197729822],[0.0],[4775.029365645916],[0.9483438041199903],[0.8929198725646019],[0.9549731867558279],[233999.8120511088],[3],[3],Bool[1],[0.66],[0.66],Bool[0],[0.230179436],[0.23017943599999996],[4775.16742828305],[4755.8170485516675],[0.0],[0.996332938814925],[0.0],[0.32653903982219334],Bool[0],Bool[0],[0.9962385093370565],[0.34],[2],[0],[0.01516500050405243],[4493.279094198291],[2],[0.0],[4527.02932883832],[0.28806324520271465],[0.0],Bool[0],Bool[0],[0.05678577190278818],[233260.3210355061],Bool[1],[0.24163040000000002],[1.3606496736092615],[17],[1.3646612418168211],[0.44171496995457843],[0.24163040000000002]
"String3[""L2""]","String3[""L2""]","String3[""L1""]","String3[""L1""]","String3[""L3""]","String3[""L2""]","String7[""C1_1""]","String7[""D1_1""]","String7[""F1_2""]","String3[""L3""]","String3[""L1""]","String3[""L2""]","String3[""L3""]","String3[""L3""]","[""L0""]","[""L0""]","[""L0""]",[0.9979457360599208],[0.9972708240639971],[235179.05317168095],Bool[0],[0.12580260334884538],Bool[0],[1.3769539979883079],[0.8994616467969254],Bool[0],Bool[0],[0.4861402255321191],Bool[0],Bool[0],[0.34],[4767.559197671638],[8],[0.507],[0.715],[0.16],Bool[0],[0.5165692034533067],[0.15502075999592219],[0.3010727961151353],[1],[0],Bool[0],[0.0],[234697.0455210849],Bool[0],[1.3778061032408793],[0.715],[4792.3907605605855],[0.9072598354643677],[0.8770136453535691],[0.9204902983190719],[235179.05317168095],[1],[0],Bool[1],[0.5714285714285714],[0.58],Bool[0],[0.38832811199999995],[0.38832811199999995],[4789.652279179983],[4772.798794981893],[0.0],[0.9948299727307992],[0.507],[0.376172171900049],Bool[0],Bool[0],[0.9979504652132255],[0.2],[2],[0],[0.014966096520284291],[4270.514698996256],[1],[0.0],[4270.514698996256],[0.35015295625633314],[0.0],Bool[0],Bool[0],[0.058165625303380396],[234695.9333232884],Bool[1],[0.45420959999999994],[1.2963045756632363],[10],[1.3437823312398085],[0.23485464454546578],[0.4542096]
"String3[""L2""]","String3[""L2""]","String3[""L1""]","String3[""L1""]","String3[""L3""]","String3[""L2""]","String7[""C1_1""]","String7[""D1_3""]","String7[""F1_3""]","String3[""L3""]","String3[""L1""]","String3[""L2""]","String3[""L2""]","String3[""L1""]","[""L0""]","[""L0""]","[""L0""]",[0.9818583319932647],[1.0],[230655.35466982386],Bool[1],[0.21585483152591356],Bool[0],[1.1922670880995017],[0.8790862989418368],Bool[1],Bool[0],[0.5520388344589339],Bool[0],Bool[1],[0.54],[4729.697797562791],[20],[0.0],[0.0],[0.4],Bool[0],[0.59567145249884],[0.6109414679144601],[0.17642387304601712],[0],[0],Bool[0],[1.0],[226637.10628307535],Bool[0],[1.1342211625098715],[0.0],[4738.9280215603385],[0.9128628238160773],[0.8831285170305138],[0.9053778559986327],[230824.63749626282],[15],[8],Bool[1],[0.86],[0.86],Bool[1],[0.22866956000000002],[0.22866956000000002],[4738.347955639962],[4729.063372207771],[0.0],[0.9980510078048891],[0.0],[0.11865453943275829],Bool[0],Bool[0],[0.9825789937003608],[0.4],[0],[0],[0.02146484866007676],[4379.274635416875],[15],[1.0],[4336.599761251775],[0.5868368079280801],[0.0],Bool[0],Bool[0],[0.18065905767405344],[226637.0935550306],Bool[1],[0.2345182],[1.3408029395477317],[20],[1.3497333093756252],[0.35452023735508403],[0.23451819999999998]
"String3[""L2""]","String3[""L2""]","String3[""L1""]","String3[""L1""]","String3[""L3""]","String3[""L2""]","String7[""C1_1""]","String7[""D1_2""]","String7[""F1_1""]","String3[""L3""]","String3[""L1""]","String3[""L2""]","String3[""L3""]","String3[""L3""]","[""L0""]","[""L0""]","[""L0""]",[0.9999479093748546],[0.9991910941667548],[225573.6042195884],Bool[0],[0.021404465702090286],Bool[0],[1.3455961357730073],[0.8926222858643862],Bool[0],Bool[0],[0.5182683605731032],Bool[0],Bool[0],[0.08],[4585.467301715672],[5],[0.481],[0.547],[0.1],Bool[0],[0.5180154917800603],[0.20053895507482447],[0.0446389760745172],[0],[4],Bool[0],[0.0],[225561.85394952827],Bool[0],[1.3441116561290583],[0.547],[4589.854512522226],[0.9663652795261981],[0.9410556508242758],[0.9489021321270747],[225573.6042195884],[5],[20],Bool[1],[0.56],[0.56],Bool[0],[0.49998790400000004],[0.49998790400000004],[4589.404055477589],[4585.864354173882],[2.0],[0.999044372080118],[0.481],[0.25363893319441316],Bool[0],Bool[0],[0.9999479093748546],[0.1],[4],[20],[0.012594777965490297],[4174.771474964346],[5],[0.0],[4174.771474964346],[0.18845827976894178],[2.0],Bool[0],Bool[0],[-0.013206102039066277],[225561.85394952827],Bool[1],[0.500637],[1.3571690847082976],[5],[1.3758021983021376],[0.2062473971610309],[0.500637]
"String3[""L2""]","String3[""L2""]","String3[""L1""]","String3[""L1""]","String3[""L3""]","String3[""L2""]","String7[""C1_1""]","String7[""D1_1""]","String7[""F1_3""]","String3[""L3""]","String3[""L1""]","String3[""L2""]","String3[""L1""]","String3[""L1""]","[""L0""]","[""L0""]","[""L0""]",[0.9985193324276166],[1.0],[230491.74645301368],Bool[0],[0.1413456671886205],Bool[0],[1.316145526430223],[0.811445938665162],Bool[1],Bool[0],[0.5851867151294354],Bool[0],Bool[0],[0.62],[4762.252869473961],[7],[0.0],[0.0],[0.14],Bool[0],[0.6230709578409753],[0.36396759575737087],[0.15346571449927704],[0],[0],Bool[0],[0.0],[230491.74645301368],Bool[0],[1.1713409768667995],[0.0],[4772.222791117471],[0.9329214592524506],[0.9113042631496105],[0.8153344061041568],[230659.8688229806],[3],[7],Bool[1],[0.86],[0.86],Bool[0],[0.23057556000000004],[0.23057556000000007],[4776.329179884066],[4762.570421482792],[0.0],[0.9979129803608413],[0.0],[0.2611799278964599],Bool[0],Bool[1],[1.0],[0.2],[2],[0],[0.007761104045172963],[4404.353881482122],[4],[0.0],[4354.736999244942],[0.511410459295004],[0.0],Bool[1],Bool[0],[0.3924160237452037],[230318.3382349642],Bool[1],[0.23764139999999997],[1.3889044888888207],[10],[1.4183514133426351],[0.2746848301225403],[0.2376414]
"String3[""L2""]","String3[""L2""]","String3[""L1""]","String3[""L1""]","String3[""L3""]","String3[""L2""]","String7[""C1_1""]","String7[""D1_2""]","String7[""F1_2""]","String3[""L3""]","String3[""L1""]","String3[""L2""]","String3[""L1""]","String3[""L1""]","[""L0""]","[""L0""]","[""L0""]",[0.9910983083093717],[1.0],[229079.76199888808],Bool[1],[0.3937308920526865],Bool[0],[1.3305756683622036],[0.833559861116],Bool[0],Bool[0],[0.5260401583259724],Bool[0],Bool[1],[0.66],[4744.37615937211],[20],[0.768],[0.695],[0.4],Bool[0],[0.5872061964197326],[0.3992270010789223],[0.11670208355328077],[0],[0],Bool[0],[0.0],[227040.56458501148],Bool[0],[1.2693695519420016],[0.695],[4755.832218236951],[0.9750474125470733],[0.9181291908799389],[0.9064995462867669],[229079.76199888808],[3],[0],Bool[1],[0.86],[0.86],Bool[0],[0.471227712],[0.47122771200000013],[4758.862365043334],[4756.674599224807],[0.0],[0.9975964456204025],[0.768],[0.1809984480817446],Bool[0],Bool[0],[0.9910983083093717],[0.4],[0],[0],[0.003168313115839416],[4307.389939244329],[3],[0.0],[4307.389939244329],[0.4547056006666371],[0.0],Bool[0],Bool[0],[0.12285006081056772],[227040.56458501148],Bool[1],[0.4481174],[1.3337117469438176],[20],[1.3806089498607783],[0.03858503474982005],[0.4481174]
"String3[""L2""]","String3[""L2""]","String3[""L1""]","String3[""L1""]","String3[""L3""]","String3[""L2""]","String7[""C1_1""]","String7[""D1_2""]","String7[""F1_3""]","String3[""L3""]","String3[""L1""]","String3[""L2""]","String3[""L3""]","String3[""L3""]","[""L0""]","[""L0""]","[""L0""]",[0.9975712265004232],[0.9942145944969842],[228987.50511033562],Bool[0],[-0.02901662225183367],Bool[0],[1.3091282522781766],[0.904657003178599],Bool[0],Bool[0],[0.52209249158948],Bool[0],Bool[0],[0.28],[4760.654489550735],[3],[0.0],[0.0],[0.06],Bool[0],[0.5758527758753482],[0.5076005094837246],[0.0771343275114804],[0],[0],Bool[0],[0.0],[227872.8818544609],Bool[0],[1.2615370843993094],[0.0],[4791.242711656805],[0.968561504836006],[0.9166262535520358],[0.9352092968812287],[228987.50662514076],[6],[8],Bool[1],[0.54],[0.54],Bool[0],[0.223061032],[0.223061032],[4792.866297407495],[4759.696667297765],[0.0],[0.9936195262826153],[0.0],[0.2590057874874614],Bool[0],Bool[0],[0.9951323839467239],[0.26],[2],[0],[0.1514973828182012],[4382.066706214164],[3],[0.0],[4346.390868756952],[0.4610880219786452],[0.0],Bool[0],Bool[1],[0.45674496864338415],[228431.34783731544],Bool[1],[0.2359518],[1.3173623484065695],[13],[1.3397815627125897],[0.09877838808806993],[0.2359518]
"String3[""L2""]","String3[""L2""]","String3[""L1""]","String3[""L1""]","String3[""L3""]","String3[""L2""]","String7[""C1_1""]","String7[""D1_3""]","String7[""F1_3""]","String3[""L3""]","String3[""L1""]","String3[""L2""]","String3[""L2""]","String3[""L2""]","[""L0""]","[""L0""]","[""L0""]",[0.9816253601806959],[1.0],[233902.00081646186],Bool[1],[0.11347622663320747],Bool[0],[1.2866791500464134],[0.9270325789182499],Bool[0],Bool[0],[0.5772116794822715],Bool[0],Bool[1],[0.58],[4804.913139593682],[20],[0.0],[0.0],[0.4],Bool[0],[0.5932599266452075],[0.23819666893662997],[0.01099316389654715],[0],[0],Bool[0],[0.0],[229604.1357984448],Bool[0],[1.2518749239966662],[0.0],[4812.0655855544655],[0.9435681360113718],[0.9045432722369295],[0.9783881381089594],[233902.001133878],[14],[5],Bool[1],[0.66],[0.66],Bool[0],[0.223849828],[0.223849828],[4813.930688634504],[4804.815961432483],[0.0],[0.9985149900129591],[0.0],[0.1453572234187211],Bool[0],Bool[0],[0.9816253601806959],[0.4],[0],[0],[0.18157142490702585],[4324.624743674407],[14],[0.0],[4325.159372735439],[0.3261730264187376],[0.0],Bool[0],Bool[0],[0.07389087596936388],[229604.1361100285],Bool[1],[0.24150019999999997],[1.26093035288462],[20],[1.3145986229836755],[0.2865847045044477],[0.24150019999999997]
"String3[""L2""]","String3[""L2""]","String3[""L1""]","String3[""L1""]","String3[""L3""]","String3[""L2""]","String7[""C1_1""]","String7[""D1_3""]","String7[""F1_1""]","String3[""L3""]","String3[""L1""]","String3[""L2""]","String3[""L1""]","String3[""L1""]","[""L0""]","[""L0""]","[""L0""]",[0.999990991403736],[0.9996399078079907],[225382.93890085234],Bool[1],[-0.03768544606941263],Bool[0],[1.2859416504654742],[0.822567135802422],Bool[1],Bool[0],[0.48686739777475097],Bool[0],Bool[1],[0.26],[4556.813926596148],[20],[0.45],[0.47800000000000004],[0.4],Bool[1],[0.5016213426434898],[0.07645237030595715],[0.0842732984619074],[0],[0],Bool[1],[2.0],[225380.908516951],Bool[0],[1.2340561287011373],[0.47800000000000004],[4560.678594458444],[0.9118917432515912],[0.8525405736099363],[0.8255244142491089],[225382.93890085234],[20],[20],Bool[1],[0.8],[0.8],Bool[0],[0.49993041600000016],[0.49993041600000016],[4559.632717011835],[4557.016257854011],[2.0],[0.9991536476167397],[0.45],[0.19559778027370348],Bool[0],Bool[0],[0.999990991403736],[0.4],[0],[20],[0.7484537973786818],[4287.449647731118],[20],[2.0],[4287.449647731118],[0.13259182798122357],[2.0],Bool[1],Bool[0],[0.12594747577232904],[225380.908516951],Bool[1],[0.4998544],[1.3874596193714246],[20],[1.389178609346028],[0.15837761627559757],[0.4998544]
"String3[""L2""]","String3[""L2""]","String3[""L1""]","String3[""L1""]","String3[""L3""]","String3[""L2""]","String7[""C1_1""]","String7[""D1_2""]","String7[""F1_2""]","String3[""L3""]","String3[""L1""]","String3[""L2""]","String3[""L1""]","String3[""L2""]","[""L0""]","[""L0""]","[""L0""]",[0.9870653711950925],[1.0],[231604.88285387488],Bool[1],[0.23179820810585947],Bool[0],[1.3450185782064366],[0.7619595927488083],Bool[0],Bool[0],[0.5926178467637218],Bool[0],Bool[1],[0.52],[4743.498082422982],[20],[0.696],[0.6970000000000001],[0.4],Bool[0],[0.6263110053382966],[0.3653775467809231],[0.040551960472273725],[0],[0],Bool[0],[0.0],[228609.15966475592],Bool[0],[1.313063411477018],[0.6970000000000001],[4762.791020919119],[0.8904435760921392],[0.8617573764018469],[0.7881625151932763],[231604.88285387488],[5],[0],Bool[1],[0.64],[0.64],Bool[0],[0.44833148000000006],[0.4483314799999999],[4769.805317509722],[4747.374396078209],[0.0],[0.9959574368531395],[0.696],[0.18990163377917527],Bool[0],Bool[0],[0.9870653711950925],[0.4],[0],[0],[0.010899106018385155],[4356.634843371232],[5],[0.0],[4356.634843371232],[0.500149022009712],[0.0],Bool[0],Bool[0],[0.432870086909932],[228609.15966475592],Bool[1],[0.4490316],[1.1600070599780643],[20],[1.2097129059645078],[0.28844128246105544],[0.4490316]
"String3[""L2""]","String3[""L2""]","String3[""L1""]","String3[""L1""]","String3[""L3""]","String3[""L2""]","String7[""C1_1""]","String7[""D1_1""]","String7[""F1_3""]","String3[""L3""]","String3[""L1""]","String3[""L2""]","String3[""L1""]","String3[""L2""]","[""L0""]","[""L0""]","[""L0""]",[0.999404565800342],[0.9969355063306031],[233844.190232126],Bool[0],[0.16571059887636314],Bool[0],[1.345146730383747],[0.8612179293216609],Bool[1],Bool[0],[0.5751611687389717],Bool[0],Bool[0],[0.4],[4757.095102915996],[2],[0.0],[0.0],[0.04],Bool[0],[0.6041328108021882],[0.23873829293805082],[-0.01882899977396641],[0],[0],Bool[0],[0.0],[233705.74607354228],Bool[0],[1.3340315526737316],[0.0],[4779.200943695764],[0.9164535095297568],[0.8542426589546024],[0.9003362948269247],[234122.93653143372],[3],[5],Bool[1],[0.82],[0.82],Bool[1],[0.246234944],[0.24623494399999998],[4783.291276617927],[4755.54824809377],[0.0],[0.9953811623860852],[0.0],[0.2450907843881528],Bool[0],Bool[0],[0.9994079640873424],[0.26],[2],[0],[0.0054454193594249255],[4308.2895025284915],[1],[0.0],[4294.087187896934],[0.5663511264793709],[0.0],Bool[0],Bool[1],[0.5610604675524604],[233983.53172809855],Bool[1],[0.23565640000000002],[1.3287410463071336],[13],[1.358129576882663],[0.3923931436668275],[0.23565640000000002]
"String3[""L2""]","String3[""L2""]","String3[""L1""]","String3[""L1""]","String3[""L3""]","String3[""L2""]","String7[""C1_1""]","String7[""D1_3""]","String7[""F1_1""]","String3[""L3""]","String3[""L1""]","String3[""L2""]","String3[""L1""]","String3[""L2""]","[""L0""]","[""L0""]","[""L0""]",[0.9999336369975939],[0.9992234026407714],[227726.0575130222],Bool[1],[0.14547836525598512],Bool[0],[1.3313256788747054],[0.8934995369658665],Bool[0],Bool[0],[0.48404985271444084],Bool[0],Bool[1],[0.06],[4536.548032778968],[15],[0.47800000000000004],[0.513],[0.3],Bool[0],[0.5146363629768517],[0.26245635106741083],[0.22374111881302855],[0],[0],Bool[0],[-2.0],[227710.94492811954],Bool[0],[1.2836426789688091],[0.513],[4541.399337542811],[0.9550667138849472],[0.9036574510259094],[0.9075813043659694],[227726.0575130222],[15],[20],Bool[1],[0.7],[0.7],Bool[0],[0.5000424320000001],[0.5000424320000001],[4541.199557886695],[4535.978877124469],[2.0],[0.9989325371163622],[0.47800000000000004],[0.30275211851281897],Bool[0],Bool[0],[0.9999336369975939],[0.3],[0],[20],[0.012895164364985806],[4116.395545682389],[15],[-2.0],[4116.395545682389],[0.3763333501525255],[2.0],Bool[0],Bool[0],[0.1532064667435703],[227710.94492811954],Bool[1],[0.5000652000000001],[1.3307787769495099],[15],[1.3629199239355587],[0.26746974322954997],[0.5000652000000001]
"String3[""L2""]","String3[""L2""]","String3[""L1""]","String3[""L1""]","String3[""L3""]","String3[""L2""]","String7[""C1_1""]","String7[""D1_3""]","String7[""F1_3""]","String3[""L3""]","String3[""L1""]","String3[""L2""]","String3[""L2""]","String3[""L3""]","[""L0""]","[""L0""]","[""L0""]",[0.9973779912653102],[0.9963661099262553],[232637.47066115664],Bool[0],[0.2874897543438013],Bool[0],[1.3160395067591306],[0.9113563314361318],Bool[0],Bool[0],[0.5855783066288207],Bool[0],Bool[0],[0.3],[4743.487606583617],[5],[0.0],[0.0],[0.1],Bool[0],[0.6212313579159342],[0.460136721983844],[0.0031064017174331935],[0],[0],Bool[0],[0.0],[231871.3804663466],Bool[0],[1.265956108386567],[0.0],[4766.6662689160985],[0.8250668498583015],[0.7967126448387785],[0.9326738222094448],[232788.91436611104],[6],[4],Bool[1],[0.72],[0.72],Bool[0],[0.22359984400000002],[0.22359984399999996],[4770.849699881222],[4744.847080951104],[0.0],[0.9951423236782704],[0.0],[0.3396140063778289],Bool[0],Bool[0],[0.9967069355051325],[0.36],[2],[0],[0.012524908303057561],[4441.017928520906],[4],[0.0],[4460.512014870584],[0.45416455288219354],[0.0],Bool[0],Bool[0],[0.0038750896113298318],[232178.53979930416],Bool[1],[0.2374684],[1.3390733891897089],[18],[1.3653702097681402],[0.1889650548736222],[0.2374684]
"String3[""L2""]","String3[""L2""]","String3[""L1""]","String3[""L1""]","String3[""L3""]","String3[""L2""]","String7[""C1_1""]","String7[""D1_2""]","String7[""F1_2""]","String3[""L3""]","String3[""L1""]","String3[""L2""]","String3[""L1""]","String3[""L3""]","[""L0""]","[""L0""]","[""L0""]",[0.9858367363717527],[0.9969842686700814],[235370.5026161744],Bool[1],[0.5698061515541327],Bool[0],[1.2537041248689669],[0.884531197599914],Bool[0],Bool[0],[0.5680931666459333],Bool[0],Bool[0],[0.32],[4754.067662986939],[20],[0.5700000000000001],[0.71],[0.4],Bool[0],[0.6203711085795334],[0.33109686697890695],[0.1472651321371749],[0],[0],Bool[0],[0.0],[234418.4650399124],Bool[0],[1.195284044093824],[0.71],[4778.709200383992],[0.9408230714660313],[0.8732009539020607],[0.9114247896134916],[235370.5026161744],[2],[0],Bool[1],[0.56],[0.56],Bool[0],[0.40862188],[0.40862188000000005],[4777.26607934688],[4752.4378550160845],[0.0],[0.9948485107794499],[0.5700000000000001],[0.1554340344712187],Bool[0],Bool[0],[0.9959551534041863],[0.38],[0],[0],[0.007770397158446938],[4265.375429998006],[7],[0.0],[4265.375429998006],[0.4648998417737515],[0.0],Bool[0],Bool[0],[0.1225135496426116],[232036.88813730847],Bool[1],[0.45281580000000005],[1.1488971470051013],[19],[1.2461295416663691],[0.12128387671933283],[0.45281580000000005]
"String3[""L2""]","String3[""L2""]","String3[""L1""]","String3[""L1""]","String3[""L3""]","String3[""L2""]","String7[""C1_1""]","String7[""D1_3""]","String7[""F1_1""]","String3[""L3""]","String3[""L1""]","String3[""L2""]","String3[""L1""]","String3[""L3""]","[""L0""]","[""L0""]","[""L0""]",[0.9999863345049073],[0.9993263320831842],[221842.38194252082],Bool[0],[0.03059980403587674],Bool[0],[1.3534580267905554],[0.8689257830126695],Bool[0],Bool[0],[0.5678885606171895],Bool[0],Bool[0],[0.12],[4525.760395773658],[10],[0.6139999999999999],[0.5579999999999999],[0.2],Bool[0],[0.6008108557247827],[0.2681431674284281],[0.025675964788053354],[0],[0],Bool[0],[0.0],[221839.350356539],Bool[0],[1.3471157677560393],[0.5579999999999999],[4530.067809373928],[0.8852688312481309],[0.8842505872910316],[0.9128032875316088],[221842.38194252082],[10],[20],Bool[1],[0.5],[0.5],Bool[0],[0.500135776],[0.500135776],[4530.040262815135],[4525.9637588343485],[2.0],[0.9990496440311338],[0.6139999999999999],[0.28521813774022153],Bool[0],Bool[0],[0.9999863345049073],[0.2],[0],[20],[0.007371980466604593],[4202.431792667825],[10],[0.0],[4202.431792667825],[0.35096836528965913],[2.0],Bool[0],Bool[0],[0.20788137842421492],[221839.350356539],Bool[1],[0.5009992],[1.325817412815408],[10],[1.378377793484952],[0.469600101475113],[0.5009992]
"String3[""L2""]","String3[""L2""]","String3[""L1""]","String3[""L1""]","String3[""L3""]","String3[""L2""]","String7[""C1_1""]","String7[""D1_2""]","String7[""F1_2""]","String3[""L3""]","String3[""L1""]","String3[""L2""]","String3[""L2""]","String3[""L1""]","[""L0""]","[""L0""]","[""L0""]",[0.9976065596786043],[1.0],[233011.62786414762],Bool[0],[0.22981842683966844],Bool[0],[1.3272719705039433],[0.833488644348609],Bool[0],Bool[0],[0.5982090859223684],Bool[0],Bool[0],[0.76],[4727.932556009836],[10],[0.683],[0.706],[0.2],Bool[0],[0.6312262352353186],[0.2403419814160744],[0.20823864938766143],[0],[0],Bool[0],[0.0],[233011.62786414762],Bool[0],[1.279843045622099],[0.706],[4733.714689766003],[0.9545205315298881],[0.9033057261528179],[0.888715473326286],[233011.62786414762],[0],[0],Bool[1],[0.96],[0.96],Bool[0],[0.44426427599999996],[0.444264276],[4743.812626751824],[4737.819991708755],[0.0],[0.9987835326999581],[0.683],[0.2024597858341256],Bool[0],Bool[1],[1.0],[0.28],[0],[0],[0.010813180845616164],[4317.158380925301],[1],[0.0],[4317.158380925301],[0.49722291900678367],[0.0],Bool[0],Bool[0],[0.270523364836662],[232453.92843866354],Bool[1],[0.45180900000000007],[1.355534722603581],[14],[1.3757342381461788],[0.27612004952788927],[0.451809]
"String3[""L2""]","String3[""L2""]","String3[""L1""]","String3[""L1""]","String3[""L3""]","String3[""L2""]","String7[""C1_1""]","String7[""D1_3""]","String7[""F1_3""]","String3[""L3""]","String3[""L1""]","String3[""L2""]","String3[""L3""]","String3[""L1""]","[""L0""]","[""L0""]","[""L0""]",[0.9893172146081954],[1.0],[230752.01147610752],Bool[1],[0.1641387489955738],Bool[0],[1.3503666654162332],[0.9241486500186811],Bool[1],Bool[0],[0.5975563342503715],Bool[0],Bool[1],[0.72],[4756.192260609974],[20],[0.0],[0.0],[0.4],Bool[0],[0.6443523516376988],[0.06927694301872256],[0.13298336488023957],[0],[0],Bool[0],[0.0],[228286.93725878105],Bool[0],[1.2988150450578633],[0.0],[4762.577754658085],[0.9581195388701257],[0.8759438564802428],[0.9250723253303567],[230752.01160883764],[8],[6],Bool[1],[0.88],[0.88],Bool[1],[0.24062714000000004],[0.24062714000000004],[4760.968112912682],[4757.720660892715],[0.0],[0.9986613587455188],[0.0],[0.17862690901429157],Bool[0],Bool[0],[0.9893172146081954],[0.4],[0],[0],[0.21344127776115954],[4340.639929917154],[8],[0.0],[4273.876980579131],[0.38399443068874967],[0.0],Bool[0],Bool[0],[0.16814539552494545],[228286.93739009323],Bool[1],[0.23767580000000002],[1.2496081321873114],[20],[1.2554559087580022],[0.3830792191939311],[0.23767580000000002]
"String3[""L2""]","String3[""L2""]","String3[""L1""]","String3[""L1""]","String3[""L3""]","String3[""L2""]","String7[""C1_1""]","String7[""D1_3""]","String7[""F1_1""]","String3[""L3""]","String3[""L1""]","String3[""L2""]","String3[""L2""]","String3[""L1""]","[""L0""]","[""L0""]","[""L0""]",[0.9999794968980364],[0.9996324380665261],[226991.37316789807],Bool[1],[0.30776597743105333],Bool[0],[1.3539930136391702],[0.8666862600238939],Bool[0],Bool[0],[0.5103926793682058],Bool[0],Bool[1],[0.22],[4515.9306990553005],[12],[0.525],[0.511],[0.24],Bool[0],[0.5498706813799283],[0.41070861331673847],[0.28732582357627007],[0],[0],Bool[0],[-2.0],[226986.71914062917],Bool[0],[1.3252793736973982],[0.511],[4520.376792182937],[0.9018580516379346],[0.8884875787880676],[0.9007432799207864],[226991.37316789807],[12],[20],Bool[1],[0.92],[0.92],Bool[0],[0.5000366640000001],[0.5000366640000001],[4521.475509733018],[4516.062351194429],[2.0],[0.9990173817090044],[0.525],[0.22379920922112304],Bool[0],Bool[0],[0.9999794968980364],[0.24],[0],[20],[0.012531801466668697],[4330.493123562819],[12],[-2.0],[4330.493123562819],[0.5423553353828107],[2.0],Bool[0],Bool[0],[0.16185001055130815],[226986.71914062917],Bool[1],[0.4999296],[1.3591405169199866],[12],[1.394839888975016],[0.15228850038043618],[0.4999296]
"String3[""L2""]","String3[""L2""]","String3[""L1""]","String3[""L1""]","String3[""L3""]","String3[""L2""]","String7[""C1_1""]","String7[""D1_3""]","String7[""F1_1""]","String3[""L3""]","String3[""L1""]","String3[""L2""]","String3[""L2""]","String3[""L2""]","[""L0""]","[""L0""]","[""L0""]",[0.9999810223391091],[0.9994077476301779],[226136.88115544722],Bool[0],[0.11041373801321677],Bool[0],[1.3456666658149712],[0.919129787953837],Bool[0],Bool[0],[0.5231093873438394],Bool[0],Bool[0],[0.18],[4536.184769795658],[10],[0.5920000000000001],[0.532],[0.2],Bool[0],[0.5888230265170825],[0.2202404567451601],[0.10948249682321895],[0],[0],Bool[0],[-1.0],[226132.58960640174],Bool[0],[1.2804417850226968],[0.532],[4540.651814936688],[0.9481880643884613],[0.8900418632269456],[0.9236383696193824],[226136.88115544722],[10],[20],Bool[1],[0.68],[0.68],Bool[0],[0.500101744],[0.500101744],[4540.210364672308],[4536.641024326976],[2.0],[0.9990169826139345],[0.5920000000000001],[0.27787934624941085],Bool[0],Bool[0],[0.9999810223391091],[0.2],[0],[20],[0.017660438046662372],[3974.358876681248],[10],[-1.0],[3974.358876681248],[0.36240984487769823],[2.0],Bool[0],Bool[0],[0.20550996083138637],[226132.58960640174],Bool[1],[0.500491],[1.3182273492999945],[10],[1.3630230736071844],[0.3456317234509406],[0.500491]
"String3[""L2""]","String3[""L2""]","String3[""L1""]","String3[""L1""]","String3[""L3""]","String3[""L2""]","String7[""C1_1""]","String7[""D1_3""]","String7[""F1_3""]","String3[""L3""]","String3[""L1""]","String3[""L2""]","String3[""L3""]","String3[""L2""]","[""L0""]","[""L0""]","[""L0""]",[0.9986564923652015],[0.9994816028085067],[232217.6953652225],Bool[0],[0.24805536870522074],Bool[0],[1.3708753183237703],[0.9066360524193562],Bool[0],Bool[0],[0.571152890874729],Bool[0],Bool[0],[0.48],[4793.559044944508],[2],[0.0],[0.0],[0.04],Bool[0],[0.635141834178754],[0.2474985853530975],[0.047336757215504385],[0],[0],Bool[0],[0.0],[231749.9596443198],Bool[0],[1.3780201839102102],[0.0],[4805.528376183126],[0.9868555563655113],[0.9346272836054118],[0.910052219357184],[232217.6948985836],[3],[1],Bool[1],[0.78],[0.78],Bool[0],[0.23232810399999998],[0.23232810399999998],[4807.392322148719],[4792.907371692079],[0.0],[0.9975128879390612],[0.0],[0.2980897351872419],Bool[0],Bool[0],[0.9979857877748418],[0.24],[4],[0],[0.015212173546209629],[4436.955412460276],[2],[0.0],[4466.149584105836],[0.48360988875109867],[0.0],Bool[0],Bool[1],[0.20445867865746853],[231905.70865255204],Bool[1],[0.2442204],[1.2615114608424094],[12],[1.2989935261766967],[0.43753204200336904],[0.24422040000000003]
"String3[""L2""]","String3[""L2""]","String3[""L1""]","String3[""L1""]","String3[""L3""]","String3[""L2""]","String7[""C1_1""]","String7[""D1_3""]","String7[""F1_1""]","String3[""L3""]","String3[""L1""]","String3[""L2""]","String3[""L2""]","String3[""L3""]","[""L0""]","[""L0""]","[""L0""]",[0.9999939976029154],[0.9993459024298104],[227454.2850207755],Bool[1],[0.15379855550523439],Bool[0],[1.334089549779971],[0.9041496046542099],Bool[0],Bool[0],[0.5478075399497893],Bool[0],Bool[1],[0.06],[4552.387132133161],[11],[0.5670000000000001],[0.513],[0.22],Bool[0],[0.5702481006378883],[0.2962283387377716],[0.06596804313836538],[0],[0],Bool[0],[2.0],[227452.9197498382],Bool[0],[1.341986238690222],[0.513],[4556.723758471786],[0.9075651827690374],[0.8737076305383482],[0.9211382077901282],[227454.2850207755],[11],[20],Bool[1],[0.66],[0.66],Bool[0],[0.500054872],[0.500054872],[4556.969718082167],[4551.507114905916],[2.0],[0.9990490249297488],[0.5670000000000001],[0.29552515333893326],Bool[0],Bool[0],[0.9999939976029154],[0.22],[0],[20],[0.2287434597676439],[4224.470537234686],[11],[2.0],[4224.470537234686],[0.2880577024777845],[2.0],Bool[0],Bool[0],[0.14219418198580994],[227452.9197498382],Bool[1],[0.5003452],[1.2809731174706618],[11],[1.3078773285453091],[0.06668163224670651],[0.5003452]
