,A,B,G,H,I,E,X,Y,Z,C,D,F,J,K,N,L,M
0,L2,L3,L2,L3,L2,L3,L2,L2,L1,C3_1,D3_1,F3_1,L1,L1,,,
1,L2,L3,L2,L3,L2,L3,L2,L2,L1,C3_1,D3_1,F3_1,L1,L2,,,
2,L2,L3,L2,L3,L2,L3,L2,L2,L1,C3_1,D3_1,F3_1,L1,L3,,,
3,L2,L3,L2,L3,L2,L3,L2,L2,L1,C3_1,D3_1,F3_1,L2,L1,,,
4,L2,L3,L2,L3,L2,L3,L2,L2,L1,C3_1,D3_1,F3_1,L2,L2,,,
5,L2,L3,L2,L3,L2,L3,L2,L2,L1,C3_1,D3_1,F3_1,L2,L3,,,
6,L2,L3,L2,L3,L2,L3,L2,L2,L1,C3_1,D3_1,F3_1,L3,L1,,,
7,L2,L3,L2,L3,L2,L3,L2,L2,L1,C3_1,D3_1,F3_1,L3,L2,,,
8,L2,L3,L2,L3,L2,L3,L2,L2,L1,C3_1,D3_1,F3_1,L3,L3,,,
9,L2,L3,L2,L3,L2,L3,L2,L2,L1,C3_1,D3_1,F3_2,L1,L1,,,
10,L2,L3,L2,L3,L2,L3,L2,L2,L1,C3_1,D3_1,F3_2,L1,L2,,,
11,L2,L3,L2,L3,L2,L3,L2,L2,L1,C3_1,D3_1,F3_2,L1,L3,,,
12,L2,L3,L2,L3,L2,L3,L2,L2,L1,C3_1,D3_1,F3_2,L2,L1,,,
13,L2,L3,L2,L3,L2,L3,L2,L2,L1,C3_1,D3_1,F3_2,L2,L2,,,
14,L2,L3,L2,L3,L2,L3,L2,L2,L1,C3_1,D3_1,F3_2,L2,L3,,,
15,L2,L3,L2,L3,L2,L3,L2,L2,L1,C3_1,D3_1,F3_2,L3,L1,,,
16,L2,L3,L2,L3,L2,L3,L2,L2,L1,C3_1,D3_1,F3_2,L3,L2,,,
17,L2,L3,L2,L3,L2,L3,L2,L2,L1,C3_1,D3_1,F3_2,L3,L3,,,
18,L2,L3,L2,L3,L2,L3,L2,L2,L1,C3_1,D3_1,F3_3,L1,L1,,,
19,L2,L3,L2,L3,L2,L3,L2,L2,L1,C3_1,D3_1,F3_3,L1,L2,,,
20,L2,L3,L2,L3,L2,L3,L2,L2,L1,C3_1,D3_1,F3_3,L1,L3,,,
21,L2,L3,L2,L3,L2,L3,L2,L2,L1,C3_1,D3_1,F3_3,L2,L1,,,
22,L2,L3,L2,L3,L2,L3,L2,L2,L1,C3_1,D3_1,F3_3,L2,L2,,,
23,L2,L3,L2,L3,L2,L3,L2,L2,L1,C3_1,D3_1,F3_3,L2,L3,,,
24,L2,L3,L2,L3,L2,L3,L2,L2,L1,C3_1,D3_1,F3_3,L3,L1,,,
25,L2,L3,L2,L3,L2,L3,L2,L2,L1,C3_1,D3_1,F3_3,L3,L2,,,
26,L2,L3,L2,L3,L2,L3,L2,L2,L1,C3_1,D3_1,F3_3,L3,L3,,,
27,L2,L3,L2,L3,L2,L3,L2,L2,L1,C3_1,D3_2,F3_1,L1,L1,,,
28,L2,L3,L2,L3,L2,L3,L2,L2,L1,C3_1,D3_2,F3_1,L1,L2,,,
29,L2,L3,L2,L3,L2,L3,L2,L2,L1,C3_1,D3_2,F3_1,L1,L3,,,
30,L2,L3,L2,L3,L2,L3,L2,L2,L1,C3_1,D3_2,F3_1,L2,L1,,,
31,L2,L3,L2,L3,L2,L3,L2,L2,L1,C3_1,D3_2,F3_1,L2,L2,,,
32,L2,L3,L2,L3,L2,L3,L2,L2,L1,C3_1,D3_2,F3_1,L2,L3,,,
33,L2,L3,L2,L3,L2,L3,L2,L2,L1,C3_1,D3_2,F3_1,L3,L1,,,
34,L2,L3,L2,L3,L2,L3,L2,L2,L1,C3_1,D3_2,F3_1,L3,L2,,,
35,L2,L3,L2,L3,L2,L3,L2,L2,L1,C3_1,D3_2,F3_1,L3,L3,,,
36,L2,L3,L2,L3,L2,L3,L2,L2,L1,C3_1,D3_2,F3_2,L1,L1,,,
37,L2,L3,L2,L3,L2,L3,L2,L2,L1,C3_1,D3_2,F3_2,L1,L2,,,
38,L2,L3,L2,L3,L2,L3,L2,L2,L1,C3_1,D3_2,F3_2,L1,L3,,,
39,L2,L3,L2,L3,L2,L3,L2,L2,L1,C3_1,D3_2,F3_2,L2,L1,,,
40,L2,L3,L2,L3,L2,L3,L2,L2,L1,C3_1,D3_2,F3_2,L2,L2,,,
41,L2,L3,L2,L3,L2,L3,L2,L2,L1,C3_1,D3_2,F3_2,L2,L3,,,
42,L2,L3,L2,L3,L2,L3,L2,L2,L1,C3_1,D3_2,F3_2,L3,L1,,,
43,L2,L3,L2,L3,L2,L3,L2,L2,L1,C3_1,D3_2,F3_2,L3,L2,,,
44,L2,L3,L2,L3,L2,L3,L2,L2,L1,C3_1,D3_2,F3_2,L3,L3,,,
45,L2,L3,L2,L3,L2,L3,L2,L2,L1,C3_1,D3_2,F3_3,L1,L1,,,
46,L2,L3,L2,L3,L2,L3,L2,L2,L1,C3_1,D3_2,F3_3,L1,L2,,,
47,L2,L3,L2,L3,L2,L3,L2,L2,L1,C3_1,D3_2,F3_3,L1,L3,,,
48,L2,L3,L2,L3,L2,L3,L2,L2,L1,C3_1,D3_2,F3_3,L2,L1,,,
49,L2,L3,L2,L3,L2,L3,L2,L2,L1,C3_1,D3_2,F3_3,L2,L2,,,
50,L2,L3,L2,L3,L2,L3,L2,L2,L1,C3_1,D3_2,F3_3,L2,L3,,,
51,L2,L3,L2,L3,L2,L3,L2,L2,L1,C3_1,D3_2,F3_3,L3,L1,,,
52,L2,L3,L2,L3,L2,L3,L2,L2,L1,C3_1,D3_2,F3_3,L3,L2,,,
53,L2,L3,L2,L3,L2,L3,L2,L2,L1,C3_1,D3_2,F3_3,L3,L3,,,
54,L2,L3,L2,L3,L2,L3,L2,L2,L1,C3_1,D3_3,F3_1,L1,L1,,,
55,L2,L3,L2,L3,L2,L3,L2,L2,L1,C3_1,D3_3,F3_1,L1,L2,,,
56,L2,L3,L2,L3,L2,L3,L2,L2,L1,C3_1,D3_3,F3_1,L1,L3,,,
57,L2,L3,L2,L3,L2,L3,L2,L2,L1,C3_1,D3_3,F3_1,L2,L1,,,
58,L2,L3,L2,L3,L2,L3,L2,L2,L1,C3_1,D3_3,F3_1,L2,L2,,,
59,L2,L3,L2,L3,L2,L3,L2,L2,L1,C3_1,D3_3,F3_1,L2,L3,,,
60,L2,L3,L2,L3,L2,L3,L2,L2,L1,C3_1,D3_3,F3_1,L3,L1,,,
61,L2,L3,L2,L3,L2,L3,L2,L2,L1,C3_1,D3_3,F3_1,L3,L2,,,
62,L2,L3,L2,L3,L2,L3,L2,L2,L1,C3_1,D3_3,F3_1,L3,L3,,,
63,L2,L3,L2,L3,L2,L3,L2,L2,L1,C3_1,D3_3,F3_2,L1,L1,,,
64,L2,L3,L2,L3,L2,L3,L2,L2,L1,C3_1,D3_3,F3_2,L1,L2,,,
65,L2,L3,L2,L3,L2,L3,L2,L2,L1,C3_1,D3_3,F3_2,L1,L3,,,
66,L2,L3,L2,L3,L2,L3,L2,L2,L1,C3_1,D3_3,F3_2,L2,L1,,,
67,L2,L3,L2,L3,L2,L3,L2,L2,L1,C3_1,D3_3,F3_2,L2,L2,,,
68,L2,L3,L2,L3,L2,L3,L2,L2,L1,C3_1,D3_3,F3_2,L2,L3,,,
69,L2,L3,L2,L3,L2,L3,L2,L2,L1,C3_1,D3_3,F3_2,L3,L1,,,
70,L2,L3,L2,L3,L2,L3,L2,L2,L1,C3_1,D3_3,F3_2,L3,L2,,,
71,L2,L3,L2,L3,L2,L3,L2,L2,L1,C3_1,D3_3,F3_2,L3,L3,,,
72,L2,L3,L2,L3,L2,L3,L2,L2,L1,C3_1,D3_3,F3_3,L1,L1,,,
73,L2,L3,L2,L3,L2,L3,L2,L2,L1,C3_1,D3_3,F3_3,L1,L2,,,
74,L2,L3,L2,L3,L2,L3,L2,L2,L1,C3_1,D3_3,F3_3,L1,L3,,,
75,L2,L3,L2,L3,L2,L3,L2,L2,L1,C3_1,D3_3,F3_3,L2,L1,,,
76,L2,L3,L2,L3,L2,L3,L2,L2,L1,C3_1,D3_3,F3_3,L2,L2,,,
77,L2,L3,L2,L3,L2,L3,L2,L2,L1,C3_1,D3_3,F3_3,L2,L3,,,
78,L2,L3,L2,L3,L2,L3,L2,L2,L1,C3_1,D3_3,F3_3,L3,L1,,,
79,L2,L3,L2,L3,L2,L3,L2,L2,L1,C3_1,D3_3,F3_3,L3,L2,,,
80,L2,L3,L2,L3,L2,L3,L2,L2,L1,C3_1,D3_3,F3_3,L3,L3,,,
81,L2,L3,L2,L3,L2,L3,L2,L2,L1,C3_2,D3_1,F3_1,L1,L1,,,
82,L2,L3,L2,L3,L2,L3,L2,L2,L1,C3_2,D3_1,F3_1,L1,L2,,,
83,L2,L3,L2,L3,L2,L3,L2,L2,L1,C3_2,D3_1,F3_1,L1,L3,,,
84,L2,L3,L2,L3,L2,L3,L2,L2,L1,C3_2,D3_1,F3_1,L2,L1,,,
85,L2,L3,L2,L3,L2,L3,L2,L2,L1,C3_2,D3_1,F3_1,L2,L2,,,
86,L2,L3,L2,L3,L2,L3,L2,L2,L1,C3_2,D3_1,F3_1,L2,L3,,,
87,L2,L3,L2,L3,L2,L3,L2,L2,L1,C3_2,D3_1,F3_1,L3,L1,,,
88,L2,L3,L2,L3,L2,L3,L2,L2,L1,C3_2,D3_1,F3_1,L3,L2,,,
89,L2,L3,L2,L3,L2,L3,L2,L2,L1,C3_2,D3_1,F3_1,L3,L3,,,
90,L2,L3,L2,L3,L2,L3,L2,L2,L1,C3_2,D3_1,F3_2,L1,L1,,,
91,L2,L3,L2,L3,L2,L3,L2,L2,L1,C3_2,D3_1,F3_2,L1,L2,,,
92,L2,L3,L2,L3,L2,L3,L2,L2,L1,C3_2,D3_1,F3_2,L1,L3,,,
93,L2,L3,L2,L3,L2,L3,L2,L2,L1,C3_2,D3_1,F3_2,L2,L1,,,
94,L2,L3,L2,L3,L2,L3,L2,L2,L1,C3_2,D3_1,F3_2,L2,L2,,,
95,L2,L3,L2,L3,L2,L3,L2,L2,L1,C3_2,D3_1,F3_2,L2,L3,,,
96,L2,L3,L2,L3,L2,L3,L2,L2,L1,C3_2,D3_1,F3_2,L3,L1,,,
97,L2,L3,L2,L3,L2,L3,L2,L2,L1,C3_2,D3_1,F3_2,L3,L2,,,
98,L2,L3,L2,L3,L2,L3,L2,L2,L1,C3_2,D3_1,F3_2,L3,L3,,,
99,L2,L3,L2,L3,L2,L3,L2,L2,L1,C3_2,D3_1,F3_3,L1,L1,,,
100,L2,L3,L2,L3,L2,L3,L2,L2,L1,C3_2,D3_1,F3_3,L1,L2,,,
101,L2,L3,L2,L3,L2,L3,L2,L2,L1,C3_2,D3_1,F3_3,L1,L3,,,
102,L2,L3,L2,L3,L2,L3,L2,L2,L1,C3_2,D3_1,F3_3,L2,L1,,,
103,L2,L3,L2,L3,L2,L3,L2,L2,L1,C3_2,D3_1,F3_3,L2,L2,,,
104,L2,L3,L2,L3,L2,L3,L2,L2,L1,C3_2,D3_1,F3_3,L2,L3,,,
105,L2,L3,L2,L3,L2,L3,L2,L2,L1,C3_2,D3_1,F3_3,L3,L1,,,
106,L2,L3,L2,L3,L2,L3,L2,L2,L1,C3_2,D3_1,F3_3,L3,L2,,,
107,L2,L3,L2,L3,L2,L3,L2,L2,L1,C3_2,D3_1,F3_3,L3,L3,,,
108,L2,L3,L2,L3,L2,L3,L2,L2,L1,C3_2,D3_2,F3_1,L1,L1,,,
109,L2,L3,L2,L3,L2,L3,L2,L2,L1,C3_2,D3_2,F3_1,L1,L2,,,
110,L2,L3,L2,L3,L2,L3,L2,L2,L1,C3_2,D3_2,F3_1,L1,L3,,,
111,L2,L3,L2,L3,L2,L3,L2,L2,L1,C3_2,D3_2,F3_1,L2,L1,,,
112,L2,L3,L2,L3,L2,L3,L2,L2,L1,C3_2,D3_2,F3_1,L2,L2,,,
113,L2,L3,L2,L3,L2,L3,L2,L2,L1,C3_2,D3_2,F3_1,L2,L3,,,
114,L2,L3,L2,L3,L2,L3,L2,L2,L1,C3_2,D3_2,F3_1,L3,L1,,,
115,L2,L3,L2,L3,L2,L3,L2,L2,L1,C3_2,D3_2,F3_1,L3,L2,,,
116,L2,L3,L2,L3,L2,L3,L2,L2,L1,C3_2,D3_2,F3_1,L3,L3,,,
117,L2,L3,L2,L3,L2,L3,L2,L2,L1,C3_2,D3_2,F3_2,L1,L1,,,
118,L2,L3,L2,L3,L2,L3,L2,L2,L1,C3_2,D3_2,F3_2,L1,L2,,,
119,L2,L3,L2,L3,L2,L3,L2,L2,L1,C3_2,D3_2,F3_2,L1,L3,,,
120,L2,L3,L2,L3,L2,L3,L2,L2,L1,C3_2,D3_2,F3_2,L2,L1,,,
121,L2,L3,L2,L3,L2,L3,L2,L2,L1,C3_2,D3_2,F3_2,L2,L2,,,
122,L2,L3,L2,L3,L2,L3,L2,L2,L1,C3_2,D3_2,F3_2,L2,L3,,,
123,L2,L3,L2,L3,L2,L3,L2,L2,L1,C3_2,D3_2,F3_2,L3,L1,,,
124,L2,L3,L2,L3,L2,L3,L2,L2,L1,C3_2,D3_2,F3_2,L3,L2,,,
125,L2,L3,L2,L3,L2,L3,L2,L2,L1,C3_2,D3_2,F3_2,L3,L3,,,
126,L2,L3,L2,L3,L2,L3,L2,L2,L1,C3_2,D3_2,F3_3,L1,L1,,,
127,L2,L3,L2,L3,L2,L3,L2,L2,L1,C3_2,D3_2,F3_3,L1,L2,,,
128,L2,L3,L2,L3,L2,L3,L2,L2,L1,C3_2,D3_2,F3_3,L1,L3,,,
129,L2,L3,L2,L3,L2,L3,L2,L2,L1,C3_2,D3_2,F3_3,L2,L1,,,
130,L2,L3,L2,L3,L2,L3,L2,L2,L1,C3_2,D3_2,F3_3,L2,L2,,,
131,L2,L3,L2,L3,L2,L3,L2,L2,L1,C3_2,D3_2,F3_3,L2,L3,,,
132,L2,L3,L2,L3,L2,L3,L2,L2,L1,C3_2,D3_2,F3_3,L3,L1,,,
133,L2,L3,L2,L3,L2,L3,L2,L2,L1,C3_2,D3_2,F3_3,L3,L2,,,
134,L2,L3,L2,L3,L2,L3,L2,L2,L1,C3_2,D3_2,F3_3,L3,L3,,,
135,L2,L3,L2,L3,L2,L3,L2,L2,L1,C3_2,D3_3,F3_1,L1,L1,,,
136,L2,L3,L2,L3,L2,L3,L2,L2,L1,C3_2,D3_3,F3_1,L1,L2,,,
137,L2,L3,L2,L3,L2,L3,L2,L2,L1,C3_2,D3_3,F3_1,L1,L3,,,
138,L2,L3,L2,L3,L2,L3,L2,L2,L1,C3_2,D3_3,F3_1,L2,L1,,,
139,L2,L3,L2,L3,L2,L3,L2,L2,L1,C3_2,D3_3,F3_1,L2,L2,,,
140,L2,L3,L2,L3,L2,L3,L2,L2,L1,C3_2,D3_3,F3_1,L2,L3,,,
141,L2,L3,L2,L3,L2,L3,L2,L2,L1,C3_2,D3_3,F3_1,L3,L1,,,
142,L2,L3,L2,L3,L2,L3,L2,L2,L1,C3_2,D3_3,F3_1,L3,L2,,,
143,L2,L3,L2,L3,L2,L3,L2,L2,L1,C3_2,D3_3,F3_1,L3,L3,,,
144,L2,L3,L2,L3,L2,L3,L2,L2,L1,C3_2,D3_3,F3_2,L1,L1,,,
145,L2,L3,L2,L3,L2,L3,L2,L2,L1,C3_2,D3_3,F3_2,L1,L2,,,
146,L2,L3,L2,L3,L2,L3,L2,L2,L1,C3_2,D3_3,F3_2,L1,L3,,,
147,L2,L3,L2,L3,L2,L3,L2,L2,L1,C3_2,D3_3,F3_2,L2,L1,,,
148,L2,L3,L2,L3,L2,L3,L2,L2,L1,C3_2,D3_3,F3_2,L2,L2,,,
149,L2,L3,L2,L3,L2,L3,L2,L2,L1,C3_2,D3_3,F3_2,L2,L3,,,
150,L2,L3,L2,L3,L2,L3,L2,L2,L1,C3_2,D3_3,F3_2,L3,L1,,,
151,L2,L3,L2,L3,L2,L3,L2,L2,L1,C3_2,D3_3,F3_2,L3,L2,,,
152,L2,L3,L2,L3,L2,L3,L2,L2,L1,C3_2,D3_3,F3_2,L3,L3,,,
153,L2,L3,L2,L3,L2,L3,L2,L2,L1,C3_2,D3_3,F3_3,L1,L1,,,
154,L2,L3,L2,L3,L2,L3,L2,L2,L1,C3_2,D3_3,F3_3,L1,L2,,,
155,L2,L3,L2,L3,L2,L3,L2,L2,L1,C3_2,D3_3,F3_3,L1,L3,,,
156,L2,L3,L2,L3,L2,L3,L2,L2,L1,C3_2,D3_3,F3_3,L2,L1,,,
157,L2,L3,L2,L3,L2,L3,L2,L2,L1,C3_2,D3_3,F3_3,L2,L2,,,
158,L2,L3,L2,L3,L2,L3,L2,L2,L1,C3_2,D3_3,F3_3,L2,L3,,,
159,L2,L3,L2,L3,L2,L3,L2,L2,L1,C3_2,D3_3,F3_3,L3,L1,,,
160,L2,L3,L2,L3,L2,L3,L2,L2,L1,C3_2,D3_3,F3_3,L3,L2,,,
161,L2,L3,L2,L3,L2,L3,L2,L2,L1,C3_2,D3_3,F3_3,L3,L3,,,
162,L2,L3,L2,L3,L2,L3,L2,L2,L1,C3_3,D3_1,F3_1,L1,L1,,,
163,L2,L3,L2,L3,L2,L3,L2,L2,L1,C3_3,D3_1,F3_1,L1,L2,,,
164,L2,L3,L2,L3,L2,L3,L2,L2,L1,C3_3,D3_1,F3_1,L1,L3,,,
165,L2,L3,L2,L3,L2,L3,L2,L2,L1,C3_3,D3_1,F3_1,L2,L1,,,
166,L2,L3,L2,L3,L2,L3,L2,L2,L1,C3_3,D3_1,F3_1,L2,L2,,,
167,L2,L3,L2,L3,L2,L3,L2,L2,L1,C3_3,D3_1,F3_1,L2,L3,,,
168,L2,L3,L2,L3,L2,L3,L2,L2,L1,C3_3,D3_1,F3_1,L3,L1,,,
169,L2,L3,L2,L3,L2,L3,L2,L2,L1,C3_3,D3_1,F3_1,L3,L2,,,
170,L2,L3,L2,L3,L2,L3,L2,L2,L1,C3_3,D3_1,F3_1,L3,L3,,,
171,L2,L3,L2,L3,L2,L3,L2,L2,L1,C3_3,D3_1,F3_2,L1,L1,,,
172,L2,L3,L2,L3,L2,L3,L2,L2,L1,C3_3,D3_1,F3_2,L1,L2,,,
173,L2,L3,L2,L3,L2,L3,L2,L2,L1,C3_3,D3_1,F3_2,L1,L3,,,
174,L2,L3,L2,L3,L2,L3,L2,L2,L1,C3_3,D3_1,F3_2,L2,L1,,,
175,L2,L3,L2,L3,L2,L3,L2,L2,L1,C3_3,D3_1,F3_2,L2,L2,,,
176,L2,L3,L2,L3,L2,L3,L2,L2,L1,C3_3,D3_1,F3_2,L2,L3,,,
177,L2,L3,L2,L3,L2,L3,L2,L2,L1,C3_3,D3_1,F3_2,L3,L1,,,
178,L2,L3,L2,L3,L2,L3,L2,L2,L1,C3_3,D3_1,F3_2,L3,L2,,,
179,L2,L3,L2,L3,L2,L3,L2,L2,L1,C3_3,D3_1,F3_2,L3,L3,,,
180,L2,L3,L2,L3,L2,L3,L2,L2,L1,C3_3,D3_1,F3_3,L1,L1,,,
181,L2,L3,L2,L3,L2,L3,L2,L2,L1,C3_3,D3_1,F3_3,L1,L2,,,
182,L2,L3,L2,L3,L2,L3,L2,L2,L1,C3_3,D3_1,F3_3,L1,L3,,,
183,L2,L3,L2,L3,L2,L3,L2,L2,L1,C3_3,D3_1,F3_3,L2,L1,,,
184,L2,L3,L2,L3,L2,L3,L2,L2,L1,C3_3,D3_1,F3_3,L2,L2,,,
185,L2,L3,L2,L3,L2,L3,L2,L2,L1,C3_3,D3_1,F3_3,L2,L3,,,
186,L2,L3,L2,L3,L2,L3,L2,L2,L1,C3_3,D3_1,F3_3,L3,L1,,,
187,L2,L3,L2,L3,L2,L3,L2,L2,L1,C3_3,D3_1,F3_3,L3,L2,,,
188,L2,L3,L2,L3,L2,L3,L2,L2,L1,C3_3,D3_1,F3_3,L3,L3,,,
189,L2,L3,L2,L3,L2,L3,L2,L2,L1,C3_3,D3_2,F3_1,L1,L1,,,
190,L2,L3,L2,L3,L2,L3,L2,L2,L1,C3_3,D3_2,F3_1,L1,L2,,,
191,L2,L3,L2,L3,L2,L3,L2,L2,L1,C3_3,D3_2,F3_1,L1,L3,,,
192,L2,L3,L2,L3,L2,L3,L2,L2,L1,C3_3,D3_2,F3_1,L2,L1,,,
193,L2,L3,L2,L3,L2,L3,L2,L2,L1,C3_3,D3_2,F3_1,L2,L2,,,
194,L2,L3,L2,L3,L2,L3,L2,L2,L1,C3_3,D3_2,F3_1,L2,L3,,,
195,L2,L3,L2,L3,L2,L3,L2,L2,L1,C3_3,D3_2,F3_1,L3,L1,,,
196,L2,L3,L2,L3,L2,L3,L2,L2,L1,C3_3,D3_2,F3_1,L3,L2,,,
197,L2,L3,L2,L3,L2,L3,L2,L2,L1,C3_3,D3_2,F3_1,L3,L3,,,
198,L2,L3,L2,L3,L2,L3,L2,L2,L1,C3_3,D3_2,F3_2,L1,L1,,,
199,L2,L3,L2,L3,L2,L3,L2,L2,L1,C3_3,D3_2,F3_2,L1,L2,,,
200,L2,L3,L2,L3,L2,L3,L2,L2,L1,C3_3,D3_2,F3_2,L1,L3,,,
201,L2,L3,L2,L3,L2,L3,L2,L2,L1,C3_3,D3_2,F3_2,L2,L1,,,
202,L2,L3,L2,L3,L2,L3,L2,L2,L1,C3_3,D3_2,F3_2,L2,L2,,,
203,L2,L3,L2,L3,L2,L3,L2,L2,L1,C3_3,D3_2,F3_2,L2,L3,,,
204,L2,L3,L2,L3,L2,L3,L2,L2,L1,C3_3,D3_2,F3_2,L3,L1,,,
205,L2,L3,L2,L3,L2,L3,L2,L2,L1,C3_3,D3_2,F3_2,L3,L2,,,
206,L2,L3,L2,L3,L2,L3,L2,L2,L1,C3_3,D3_2,F3_2,L3,L3,,,
207,L2,L3,L2,L3,L2,L3,L2,L2,L1,C3_3,D3_2,F3_3,L1,L1,,,
208,L2,L3,L2,L3,L2,L3,L2,L2,L1,C3_3,D3_2,F3_3,L1,L2,,,
209,L2,L3,L2,L3,L2,L3,L2,L2,L1,C3_3,D3_2,F3_3,L1,L3,,,
210,L2,L3,L2,L3,L2,L3,L2,L2,L1,C3_3,D3_2,F3_3,L2,L1,,,
211,L2,L3,L2,L3,L2,L3,L2,L2,L1,C3_3,D3_2,F3_3,L2,L2,,,
212,L2,L3,L2,L3,L2,L3,L2,L2,L1,C3_3,D3_2,F3_3,L2,L3,,,
213,L2,L3,L2,L3,L2,L3,L2,L2,L1,C3_3,D3_2,F3_3,L3,L1,,,
214,L2,L3,L2,L3,L2,L3,L2,L2,L1,C3_3,D3_2,F3_3,L3,L2,,,
215,L2,L3,L2,L3,L2,L3,L2,L2,L1,C3_3,D3_2,F3_3,L3,L3,,,
216,L2,L3,L2,L3,L2,L3,L2,L2,L1,C3_3,D3_3,F3_1,L1,L1,,,
217,L2,L3,L2,L3,L2,L3,L2,L2,L1,C3_3,D3_3,F3_1,L1,L2,,,
218,L2,L3,L2,L3,L2,L3,L2,L2,L1,C3_3,D3_3,F3_1,L1,L3,,,
219,L2,L3,L2,L3,L2,L3,L2,L2,L1,C3_3,D3_3,F3_1,L2,L1,,,
220,L2,L3,L2,L3,L2,L3,L2,L2,L1,C3_3,D3_3,F3_1,L2,L2,,,
221,L2,L3,L2,L3,L2,L3,L2,L2,L1,C3_3,D3_3,F3_1,L2,L3,,,
222,L2,L3,L2,L3,L2,L3,L2,L2,L1,C3_3,D3_3,F3_1,L3,L1,,,
223,L2,L3,L2,L3,L2,L3,L2,L2,L1,C3_3,D3_3,F3_1,L3,L2,,,
224,L2,L3,L2,L3,L2,L3,L2,L2,L1,C3_3,D3_3,F3_1,L3,L3,,,
225,L2,L3,L2,L3,L2,L3,L2,L2,L1,C3_3,D3_3,F3_2,L1,L1,,,
226,L2,L3,L2,L3,L2,L3,L2,L2,L1,C3_3,D3_3,F3_2,L1,L2,,,
227,L2,L3,L2,L3,L2,L3,L2,L2,L1,C3_3,D3_3,F3_2,L1,L3,,,
228,L2,L3,L2,L3,L2,L3,L2,L2,L1,C3_3,D3_3,F3_2,L2,L1,,,
229,L2,L3,L2,L3,L2,L3,L2,L2,L1,C3_3,D3_3,F3_2,L2,L2,,,
230,L2,L3,L2,L3,L2,L3,L2,L2,L1,C3_3,D3_3,F3_2,L2,L3,,,
231,L2,L3,L2,L3,L2,L3,L2,L2,L1,C3_3,D3_3,F3_2,L3,L1,,,
232,L2,L3,L2,L3,L2,L3,L2,L2,L1,C3_3,D3_3,F3_2,L3,L2,,,
233,L2,L3,L2,L3,L2,L3,L2,L2,L1,C3_3,D3_3,F3_2,L3,L3,,,
234,L2,L3,L2,L3,L2,L3,L2,L2,L1,C3_3,D3_3,F3_3,L1,L1,,,
235,L2,L3,L2,L3,L2,L3,L2,L2,L1,C3_3,D3_3,F3_3,L1,L2,,,
236,L2,L3,L2,L3,L2,L3,L2,L2,L1,C3_3,D3_3,F3_3,L1,L3,,,
237,L2,L3,L2,L3,L2,L3,L2,L2,L1,C3_3,D3_3,F3_3,L2,L1,,,
238,L2,L3,L2,L3,L2,L3,L2,L2,L1,C3_3,D3_3,F3_3,L2,L2,,,
239,L2,L3,L2,L3,L2,L3,L2,L2,L1,C3_3,D3_3,F3_3,L2,L3,,,
240,L2,L3,L2,L3,L2,L3,L2,L2,L1,C3_3,D3_3,F3_3,L3,L1,,,
241,L2,L3,L2,L3,L2,L3,L2,L2,L1,C3_3,D3_3,F3_3,L3,L2,,,
242,L2,L3,L2,L3,L2,L3,L2,L2,L1,C3_3,D3_3,F3_3,L3,L3,,,
20790,L3,L3,L2,L3,L3,L3,L2,L2,L1,C3_1,D3_1,F3_1,L1,L1,,,
20791,L3,L3,L2,L3,L3,L3,L2,L2,L1,C3_1,D3_1,F3_1,L1,L2,,,
20792,L3,L3,L2,L3,L3,L3,L2,L2,L1,C3_1,D3_1,F3_1,L1,L3,,,
20793,L3,L3,L2,L3,L3,L3,L2,L2,L1,C3_1,D3_1,F3_1,L2,L1,,,
20794,L3,L3,L2,L3,L3,L3,L2,L2,L1,C3_1,D3_1,F3_1,L2,L2,,,
20795,L3,L3,L2,L3,L3,L3,L2,L2,L1,C3_1,D3_1,F3_1,L2,L3,,,
20796,L3,L3,L2,L3,L3,L3,L2,L2,L1,C3_1,D3_1,F3_1,L3,L1,,,
20797,L3,L3,L2,L3,L3,L3,L2,L2,L1,C3_1,D3_1,F3_1,L3,L2,,,
20798,L3,L3,L2,L3,L3,L3,L2,L2,L1,C3_1,D3_1,F3_1,L3,L3,,,
20799,L3,L3,L2,L3,L3,L3,L2,L2,L1,C3_1,D3_1,F3_2,L1,L1,,,
20800,L3,L3,L2,L3,L3,L3,L2,L2,L1,C3_1,D3_1,F3_2,L1,L2,,,
20801,L3,L3,L2,L3,L3,L3,L2,L2,L1,C3_1,D3_1,F3_2,L1,L3,,,
20802,L3,L3,L2,L3,L3,L3,L2,L2,L1,C3_1,D3_1,F3_2,L2,L1,,,
20803,L3,L3,L2,L3,L3,L3,L2,L2,L1,C3_1,D3_1,F3_2,L2,L2,,,
20804,L3,L3,L2,L3,L3,L3,L2,L2,L1,C3_1,D3_1,F3_2,L2,L3,,,
20805,L3,L3,L2,L3,L3,L3,L2,L2,L1,C3_1,D3_1,F3_2,L3,L1,,,
20806,L3,L3,L2,L3,L3,L3,L2,L2,L1,C3_1,D3_1,F3_2,L3,L2,,,
20807,L3,L3,L2,L3,L3,L3,L2,L2,L1,C3_1,D3_1,F3_2,L3,L3,,,
20808,L3,L3,L2,L3,L3,L3,L2,L2,L1,C3_1,D3_1,F3_3,L1,L1,,,
20809,L3,L3,L2,L3,L3,L3,L2,L2,L1,C3_1,D3_1,F3_3,L1,L2,,,
20810,L3,L3,L2,L3,L3,L3,L2,L2,L1,C3_1,D3_1,F3_3,L1,L3,,,
20811,L3,L3,L2,L3,L3,L3,L2,L2,L1,C3_1,D3_1,F3_3,L2,L1,,,
20812,L3,L3,L2,L3,L3,L3,L2,L2,L1,C3_1,D3_1,F3_3,L2,L2,,,
20813,L3,L3,L2,L3,L3,L3,L2,L2,L1,C3_1,D3_1,F3_3,L2,L3,,,
20814,L3,L3,L2,L3,L3,L3,L2,L2,L1,C3_1,D3_1,F3_3,L3,L1,,,
20815,L3,L3,L2,L3,L3,L3,L2,L2,L1,C3_1,D3_1,F3_3,L3,L2,,,
20816,L3,L3,L2,L3,L3,L3,L2,L2,L1,C3_1,D3_1,F3_3,L3,L3,,,
20817,L3,L3,L2,L3,L3,L3,L2,L2,L1,C3_1,D3_2,F3_1,L1,L1,,,
20818,L3,L3,L2,L3,L3,L3,L2,L2,L1,C3_1,D3_2,F3_1,L1,L2,,,
20819,L3,L3,L2,L3,L3,L3,L2,L2,L1,C3_1,D3_2,F3_1,L1,L3,,,
20820,L3,L3,L2,L3,L3,L3,L2,L2,L1,C3_1,D3_2,F3_1,L2,L1,,,
20821,L3,L3,L2,L3,L3,L3,L2,L2,L1,C3_1,D3_2,F3_1,L2,L2,,,
20822,L3,L3,L2,L3,L3,L3,L2,L2,L1,C3_1,D3_2,F3_1,L2,L3,,,
20823,L3,L3,L2,L3,L3,L3,L2,L2,L1,C3_1,D3_2,F3_1,L3,L1,,,
20824,L3,L3,L2,L3,L3,L3,L2,L2,L1,C3_1,D3_2,F3_1,L3,L2,,,
20825,L3,L3,L2,L3,L3,L3,L2,L2,L1,C3_1,D3_2,F3_1,L3,L3,,,
20826,L3,L3,L2,L3,L3,L3,L2,L2,L1,C3_1,D3_2,F3_2,L1,L1,,,
20827,L3,L3,L2,L3,L3,L3,L2,L2,L1,C3_1,D3_2,F3_2,L1,L2,,,
20828,L3,L3,L2,L3,L3,L3,L2,L2,L1,C3_1,D3_2,F3_2,L1,L3,,,
20829,L3,L3,L2,L3,L3,L3,L2,L2,L1,C3_1,D3_2,F3_2,L2,L1,,,
20830,L3,L3,L2,L3,L3,L3,L2,L2,L1,C3_1,D3_2,F3_2,L2,L2,,,
20831,L3,L3,L2,L3,L3,L3,L2,L2,L1,C3_1,D3_2,F3_2,L2,L3,,,
20832,L3,L3,L2,L3,L3,L3,L2,L2,L1,C3_1,D3_2,F3_2,L3,L1,,,
20833,L3,L3,L2,L3,L3,L3,L2,L2,L1,C3_1,D3_2,F3_2,L3,L2,,,
20834,L3,L3,L2,L3,L3,L3,L2,L2,L1,C3_1,D3_2,F3_2,L3,L3,,,
20835,L3,L3,L2,L3,L3,L3,L2,L2,L1,C3_1,D3_2,F3_3,L1,L1,,,
20836,L3,L3,L2,L3,L3,L3,L2,L2,L1,C3_1,D3_2,F3_3,L1,L2,,,
20837,L3,L3,L2,L3,L3,L3,L2,L2,L1,C3_1,D3_2,F3_3,L1,L3,,,
20838,L3,L3,L2,L3,L3,L3,L2,L2,L1,C3_1,D3_2,F3_3,L2,L1,,,
20839,L3,L3,L2,L3,L3,L3,L2,L2,L1,C3_1,D3_2,F3_3,L2,L2,,,
20840,L3,L3,L2,L3,L3,L3,L2,L2,L1,C3_1,D3_2,F3_3,L2,L3,,,
20841,L3,L3,L2,L3,L3,L3,L2,L2,L1,C3_1,D3_2,F3_3,L3,L1,,,
20842,L3,L3,L2,L3,L3,L3,L2,L2,L1,C3_1,D3_2,F3_3,L3,L2,,,
20843,L3,L3,L2,L3,L3,L3,L2,L2,L1,C3_1,D3_2,F3_3,L3,L3,,,
20844,L3,L3,L2,L3,L3,L3,L2,L2,L1,C3_1,D3_3,F3_1,L1,L1,,,
20845,L3,L3,L2,L3,L3,L3,L2,L2,L1,C3_1,D3_3,F3_1,L1,L2,,,
20846,L3,L3,L2,L3,L3,L3,L2,L2,L1,C3_1,D3_3,F3_1,L1,L3,,,
20847,L3,L3,L2,L3,L3,L3,L2,L2,L1,C3_1,D3_3,F3_1,L2,L1,,,
20848,L3,L3,L2,L3,L3,L3,L2,L2,L1,C3_1,D3_3,F3_1,L2,L2,,,
20849,L3,L3,L2,L3,L3,L3,L2,L2,L1,C3_1,D3_3,F3_1,L2,L3,,,
20850,L3,L3,L2,L3,L3,L3,L2,L2,L1,C3_1,D3_3,F3_1,L3,L1,,,
20851,L3,L3,L2,L3,L3,L3,L2,L2,L1,C3_1,D3_3,F3_1,L3,L2,,,
20852,L3,L3,L2,L3,L3,L3,L2,L2,L1,C3_1,D3_3,F3_1,L3,L3,,,
20853,L3,L3,L2,L3,L3,L3,L2,L2,L1,C3_1,D3_3,F3_2,L1,L1,,,
20854,L3,L3,L2,L3,L3,L3,L2,L2,L1,C3_1,D3_3,F3_2,L1,L2,,,
20855,L3,L3,L2,L3,L3,L3,L2,L2,L1,C3_1,D3_3,F3_2,L1,L3,,,
20856,L3,L3,L2,L3,L3,L3,L2,L2,L1,C3_1,D3_3,F3_2,L2,L1,,,
20857,L3,L3,L2,L3,L3,L3,L2,L2,L1,C3_1,D3_3,F3_2,L2,L2,,,
20858,L3,L3,L2,L3,L3,L3,L2,L2,L1,C3_1,D3_3,F3_2,L2,L3,,,
20859,L3,L3,L2,L3,L3,L3,L2,L2,L1,C3_1,D3_3,F3_2,L3,L1,,,
20860,L3,L3,L2,L3,L3,L3,L2,L2,L1,C3_1,D3_3,F3_2,L3,L2,,,
20861,L3,L3,L2,L3,L3,L3,L2,L2,L1,C3_1,D3_3,F3_2,L3,L3,,,
20862,L3,L3,L2,L3,L3,L3,L2,L2,L1,C3_1,D3_3,F3_3,L1,L1,,,
20863,L3,L3,L2,L3,L3,L3,L2,L2,L1,C3_1,D3_3,F3_3,L1,L2,,,
20864,L3,L3,L2,L3,L3,L3,L2,L2,L1,C3_1,D3_3,F3_3,L1,L3,,,
20865,L3,L3,L2,L3,L3,L3,L2,L2,L1,C3_1,D3_3,F3_3,L2,L1,,,
20866,L3,L3,L2,L3,L3,L3,L2,L2,L1,C3_1,D3_3,F3_3,L2,L2,,,
20867,L3,L3,L2,L3,L3,L3,L2,L2,L1,C3_1,D3_3,F3_3,L2,L3,,,
20868,L3,L3,L2,L3,L3,L3,L2,L2,L1,C3_1,D3_3,F3_3,L3,L1,,,
20869,L3,L3,L2,L3,L3,L3,L2,L2,L1,C3_1,D3_3,F3_3,L3,L2,,,
20870,L3,L3,L2,L3,L3,L3,L2,L2,L1,C3_1,D3_3,F3_3,L3,L3,,,
20871,L3,L3,L2,L3,L3,L3,L2,L2,L1,C3_2,D3_1,F3_1,L1,L1,,,
20872,L3,L3,L2,L3,L3,L3,L2,L2,L1,C3_2,D3_1,F3_1,L1,L2,,,
20873,L3,L3,L2,L3,L3,L3,L2,L2,L1,C3_2,D3_1,F3_1,L1,L3,,,
20874,L3,L3,L2,L3,L3,L3,L2,L2,L1,C3_2,D3_1,F3_1,L2,L1,,,
20875,L3,L3,L2,L3,L3,L3,L2,L2,L1,C3_2,D3_1,F3_1,L2,L2,,,
20876,L3,L3,L2,L3,L3,L3,L2,L2,L1,C3_2,D3_1,F3_1,L2,L3,,,
20877,L3,L3,L2,L3,L3,L3,L2,L2,L1,C3_2,D3_1,F3_1,L3,L1,,,
20878,L3,L3,L2,L3,L3,L3,L2,L2,L1,C3_2,D3_1,F3_1,L3,L2,,,
20879,L3,L3,L2,L3,L3,L3,L2,L2,L1,C3_2,D3_1,F3_1,L3,L3,,,
20880,L3,L3,L2,L3,L3,L3,L2,L2,L1,C3_2,D3_1,F3_2,L1,L1,,,
20881,L3,L3,L2,L3,L3,L3,L2,L2,L1,C3_2,D3_1,F3_2,L1,L2,,,
20882,L3,L3,L2,L3,L3,L3,L2,L2,L1,C3_2,D3_1,F3_2,L1,L3,,,
20883,L3,L3,L2,L3,L3,L3,L2,L2,L1,C3_2,D3_1,F3_2,L2,L1,,,
20884,L3,L3,L2,L3,L3,L3,L2,L2,L1,C3_2,D3_1,F3_2,L2,L2,,,
20885,L3,L3,L2,L3,L3,L3,L2,L2,L1,C3_2,D3_1,F3_2,L2,L3,,,
20886,L3,L3,L2,L3,L3,L3,L2,L2,L1,C3_2,D3_1,F3_2,L3,L1,,,
20887,L3,L3,L2,L3,L3,L3,L2,L2,L1,C3_2,D3_1,F3_2,L3,L2,,,
20888,L3,L3,L2,L3,L3,L3,L2,L2,L1,C3_2,D3_1,F3_2,L3,L3,,,
20889,L3,L3,L2,L3,L3,L3,L2,L2,L1,C3_2,D3_1,F3_3,L1,L1,,,
20890,L3,L3,L2,L3,L3,L3,L2,L2,L1,C3_2,D3_1,F3_3,L1,L2,,,
20891,L3,L3,L2,L3,L3,L3,L2,L2,L1,C3_2,D3_1,F3_3,L1,L3,,,
20892,L3,L3,L2,L3,L3,L3,L2,L2,L1,C3_2,D3_1,F3_3,L2,L1,,,
20893,L3,L3,L2,L3,L3,L3,L2,L2,L1,C3_2,D3_1,F3_3,L2,L2,,,
20894,L3,L3,L2,L3,L3,L3,L2,L2,L1,C3_2,D3_1,F3_3,L2,L3,,,
20895,L3,L3,L2,L3,L3,L3,L2,L2,L1,C3_2,D3_1,F3_3,L3,L1,,,
20896,L3,L3,L2,L3,L3,L3,L2,L2,L1,C3_2,D3_1,F3_3,L3,L2,,,
20897,L3,L3,L2,L3,L3,L3,L2,L2,L1,C3_2,D3_1,F3_3,L3,L3,,,
20898,L3,L3,L2,L3,L3,L3,L2,L2,L1,C3_2,D3_2,F3_1,L1,L1,,,
20899,L3,L3,L2,L3,L3,L3,L2,L2,L1,C3_2,D3_2,F3_1,L1,L2,,,
20900,L3,L3,L2,L3,L3,L3,L2,L2,L1,C3_2,D3_2,F3_1,L1,L3,,,
20901,L3,L3,L2,L3,L3,L3,L2,L2,L1,C3_2,D3_2,F3_1,L2,L1,,,
20902,L3,L3,L2,L3,L3,L3,L2,L2,L1,C3_2,D3_2,F3_1,L2,L2,,,
20903,L3,L3,L2,L3,L3,L3,L2,L2,L1,C3_2,D3_2,F3_1,L2,L3,,,
20904,L3,L3,L2,L3,L3,L3,L2,L2,L1,C3_2,D3_2,F3_1,L3,L1,,,
20905,L3,L3,L2,L3,L3,L3,L2,L2,L1,C3_2,D3_2,F3_1,L3,L2,,,
20906,L3,L3,L2,L3,L3,L3,L2,L2,L1,C3_2,D3_2,F3_1,L3,L3,,,
20907,L3,L3,L2,L3,L3,L3,L2,L2,L1,C3_2,D3_2,F3_2,L1,L1,,,
20908,L3,L3,L2,L3,L3,L3,L2,L2,L1,C3_2,D3_2,F3_2,L1,L2,,,
20909,L3,L3,L2,L3,L3,L3,L2,L2,L1,C3_2,D3_2,F3_2,L1,L3,,,
20910,L3,L3,L2,L3,L3,L3,L2,L2,L1,C3_2,D3_2,F3_2,L2,L1,,,
20911,L3,L3,L2,L3,L3,L3,L2,L2,L1,C3_2,D3_2,F3_2,L2,L2,,,
20912,L3,L3,L2,L3,L3,L3,L2,L2,L1,C3_2,D3_2,F3_2,L2,L3,,,
20913,L3,L3,L2,L3,L3,L3,L2,L2,L1,C3_2,D3_2,F3_2,L3,L1,,,
20914,L3,L3,L2,L3,L3,L3,L2,L2,L1,C3_2,D3_2,F3_2,L3,L2,,,
20915,L3,L3,L2,L3,L3,L3,L2,L2,L1,C3_2,D3_2,F3_2,L3,L3,,,
20916,L3,L3,L2,L3,L3,L3,L2,L2,L1,C3_2,D3_2,F3_3,L1,L1,,,
20917,L3,L3,L2,L3,L3,L3,L2,L2,L1,C3_2,D3_2,F3_3,L1,L2,,,
20918,L3,L3,L2,L3,L3,L3,L2,L2,L1,C3_2,D3_2,F3_3,L1,L3,,,
20919,L3,L3,L2,L3,L3,L3,L2,L2,L1,C3_2,D3_2,F3_3,L2,L1,,,
20920,L3,L3,L2,L3,L3,L3,L2,L2,L1,C3_2,D3_2,F3_3,L2,L2,,,
20921,L3,L3,L2,L3,L3,L3,L2,L2,L1,C3_2,D3_2,F3_3,L2,L3,,,
20922,L3,L3,L2,L3,L3,L3,L2,L2,L1,C3_2,D3_2,F3_3,L3,L1,,,
20923,L3,L3,L2,L3,L3,L3,L2,L2,L1,C3_2,D3_2,F3_3,L3,L2,,,
20924,L3,L3,L2,L3,L3,L3,L2,L2,L1,C3_2,D3_2,F3_3,L3,L3,,,
20925,L3,L3,L2,L3,L3,L3,L2,L2,L1,C3_2,D3_3,F3_1,L1,L1,,,
20926,L3,L3,L2,L3,L3,L3,L2,L2,L1,C3_2,D3_3,F3_1,L1,L2,,,
20927,L3,L3,L2,L3,L3,L3,L2,L2,L1,C3_2,D3_3,F3_1,L1,L3,,,
20928,L3,L3,L2,L3,L3,L3,L2,L2,L1,C3_2,D3_3,F3_1,L2,L1,,,
20929,L3,L3,L2,L3,L3,L3,L2,L2,L1,C3_2,D3_3,F3_1,L2,L2,,,
20930,L3,L3,L2,L3,L3,L3,L2,L2,L1,C3_2,D3_3,F3_1,L2,L3,,,
20931,L3,L3,L2,L3,L3,L3,L2,L2,L1,C3_2,D3_3,F3_1,L3,L1,,,
20932,L3,L3,L2,L3,L3,L3,L2,L2,L1,C3_2,D3_3,F3_1,L3,L2,,,
20933,L3,L3,L2,L3,L3,L3,L2,L2,L1,C3_2,D3_3,F3_1,L3,L3,,,
20934,L3,L3,L2,L3,L3,L3,L2,L2,L1,C3_2,D3_3,F3_2,L1,L1,,,
20935,L3,L3,L2,L3,L3,L3,L2,L2,L1,C3_2,D3_3,F3_2,L1,L2,,,
20936,L3,L3,L2,L3,L3,L3,L2,L2,L1,C3_2,D3_3,F3_2,L1,L3,,,
20937,L3,L3,L2,L3,L3,L3,L2,L2,L1,C3_2,D3_3,F3_2,L2,L1,,,
20938,L3,L3,L2,L3,L3,L3,L2,L2,L1,C3_2,D3_3,F3_2,L2,L2,,,
20939,L3,L3,L2,L3,L3,L3,L2,L2,L1,C3_2,D3_3,F3_2,L2,L3,,,
20940,L3,L3,L2,L3,L3,L3,L2,L2,L1,C3_2,D3_3,F3_2,L3,L1,,,
20941,L3,L3,L2,L3,L3,L3,L2,L2,L1,C3_2,D3_3,F3_2,L3,L2,,,
20942,L3,L3,L2,L3,L3,L3,L2,L2,L1,C3_2,D3_3,F3_2,L3,L3,,,
20943,L3,L3,L2,L3,L3,L3,L2,L2,L1,C3_2,D3_3,F3_3,L1,L1,,,
20944,L3,L3,L2,L3,L3,L3,L2,L2,L1,C3_2,D3_3,F3_3,L1,L2,,,
20945,L3,L3,L2,L3,L3,L3,L2,L2,L1,C3_2,D3_3,F3_3,L1,L3,,,
20946,L3,L3,L2,L3,L3,L3,L2,L2,L1,C3_2,D3_3,F3_3,L2,L1,,,
20947,L3,L3,L2,L3,L3,L3,L2,L2,L1,C3_2,D3_3,F3_3,L2,L2,,,
20948,L3,L3,L2,L3,L3,L3,L2,L2,L1,C3_2,D3_3,F3_3,L2,L3,,,
20949,L3,L3,L2,L3,L3,L3,L2,L2,L1,C3_2,D3_3,F3_3,L3,L1,,,
20950,L3,L3,L2,L3,L3,L3,L2,L2,L1,C3_2,D3_3,F3_3,L3,L2,,,
20951,L3,L3,L2,L3,L3,L3,L2,L2,L1,C3_2,D3_3,F3_3,L3,L3,,,
20952,L3,L3,L2,L3,L3,L3,L2,L2,L1,C3_3,D3_1,F3_1,L1,L1,,,
20953,L3,L3,L2,L3,L3,L3,L2,L2,L1,C3_3,D3_1,F3_1,L1,L2,,,
20954,L3,L3,L2,L3,L3,L3,L2,L2,L1,C3_3,D3_1,F3_1,L1,L3,,,
20955,L3,L3,L2,L3,L3,L3,L2,L2,L1,C3_3,D3_1,F3_1,L2,L1,,,
20956,L3,L3,L2,L3,L3,L3,L2,L2,L1,C3_3,D3_1,F3_1,L2,L2,,,
20957,L3,L3,L2,L3,L3,L3,L2,L2,L1,C3_3,D3_1,F3_1,L2,L3,,,
20958,L3,L3,L2,L3,L3,L3,L2,L2,L1,C3_3,D3_1,F3_1,L3,L1,,,
20959,L3,L3,L2,L3,L3,L3,L2,L2,L1,C3_3,D3_1,F3_1,L3,L2,,,
20960,L3,L3,L2,L3,L3,L3,L2,L2,L1,C3_3,D3_1,F3_1,L3,L3,,,
20961,L3,L3,L2,L3,L3,L3,L2,L2,L1,C3_3,D3_1,F3_2,L1,L1,,,
20962,L3,L3,L2,L3,L3,L3,L2,L2,L1,C3_3,D3_1,F3_2,L1,L2,,,
20963,L3,L3,L2,L3,L3,L3,L2,L2,L1,C3_3,D3_1,F3_2,L1,L3,,,
20964,L3,L3,L2,L3,L3,L3,L2,L2,L1,C3_3,D3_1,F3_2,L2,L1,,,
20965,L3,L3,L2,L3,L3,L3,L2,L2,L1,C3_3,D3_1,F3_2,L2,L2,,,
20966,L3,L3,L2,L3,L3,L3,L2,L2,L1,C3_3,D3_1,F3_2,L2,L3,,,
20967,L3,L3,L2,L3,L3,L3,L2,L2,L1,C3_3,D3_1,F3_2,L3,L1,,,
20968,L3,L3,L2,L3,L3,L3,L2,L2,L1,C3_3,D3_1,F3_2,L3,L2,,,
20969,L3,L3,L2,L3,L3,L3,L2,L2,L1,C3_3,D3_1,F3_2,L3,L3,,,
20970,L3,L3,L2,L3,L3,L3,L2,L2,L1,C3_3,D3_1,F3_3,L1,L1,,,
20971,L3,L3,L2,L3,L3,L3,L2,L2,L1,C3_3,D3_1,F3_3,L1,L2,,,
20972,L3,L3,L2,L3,L3,L3,L2,L2,L1,C3_3,D3_1,F3_3,L1,L3,,,
20973,L3,L3,L2,L3,L3,L3,L2,L2,L1,C3_3,D3_1,F3_3,L2,L1,,,
20974,L3,L3,L2,L3,L3,L3,L2,L2,L1,C3_3,D3_1,F3_3,L2,L2,,,
20975,L3,L3,L2,L3,L3,L3,L2,L2,L1,C3_3,D3_1,F3_3,L2,L3,,,
20976,L3,L3,L2,L3,L3,L3,L2,L2,L1,C3_3,D3_1,F3_3,L3,L1,,,
20977,L3,L3,L2,L3,L3,L3,L2,L2,L1,C3_3,D3_1,F3_3,L3,L2,,,
20978,L3,L3,L2,L3,L3,L3,L2,L2,L1,C3_3,D3_1,F3_3,L3,L3,,,
20979,L3,L3,L2,L3,L3,L3,L2,L2,L1,C3_3,D3_2,F3_1,L1,L1,,,
20980,L3,L3,L2,L3,L3,L3,L2,L2,L1,C3_3,D3_2,F3_1,L1,L2,,,
20981,L3,L3,L2,L3,L3,L3,L2,L2,L1,C3_3,D3_2,F3_1,L1,L3,,,
20982,L3,L3,L2,L3,L3,L3,L2,L2,L1,C3_3,D3_2,F3_1,L2,L1,,,
20983,L3,L3,L2,L3,L3,L3,L2,L2,L1,C3_3,D3_2,F3_1,L2,L2,,,
20984,L3,L3,L2,L3,L3,L3,L2,L2,L1,C3_3,D3_2,F3_1,L2,L3,,,
20985,L3,L3,L2,L3,L3,L3,L2,L2,L1,C3_3,D3_2,F3_1,L3,L1,,,
20986,L3,L3,L2,L3,L3,L3,L2,L2,L1,C3_3,D3_2,F3_1,L3,L2,,,
20987,L3,L3,L2,L3,L3,L3,L2,L2,L1,C3_3,D3_2,F3_1,L3,L3,,,
20988,L3,L3,L2,L3,L3,L3,L2,L2,L1,C3_3,D3_2,F3_2,L1,L1,,,
20989,L3,L3,L2,L3,L3,L3,L2,L2,L1,C3_3,D3_2,F3_2,L1,L2,,,
20990,L3,L3,L2,L3,L3,L3,L2,L2,L1,C3_3,D3_2,F3_2,L1,L3,,,
20991,L3,L3,L2,L3,L3,L3,L2,L2,L1,C3_3,D3_2,F3_2,L2,L1,,,
20992,L3,L3,L2,L3,L3,L3,L2,L2,L1,C3_3,D3_2,F3_2,L2,L2,,,
20993,L3,L3,L2,L3,L3,L3,L2,L2,L1,C3_3,D3_2,F3_2,L2,L3,,,
20994,L3,L3,L2,L3,L3,L3,L2,L2,L1,C3_3,D3_2,F3_2,L3,L1,,,
20995,L3,L3,L2,L3,L3,L3,L2,L2,L1,C3_3,D3_2,F3_2,L3,L2,,,
20996,L3,L3,L2,L3,L3,L3,L2,L2,L1,C3_3,D3_2,F3_2,L3,L3,,,
20997,L3,L3,L2,L3,L3,L3,L2,L2,L1,C3_3,D3_2,F3_3,L1,L1,,,
20998,L3,L3,L2,L3,L3,L3,L2,L2,L1,C3_3,D3_2,F3_3,L1,L2,,,
20999,L3,L3,L2,L3,L3,L3,L2,L2,L1,C3_3,D3_2,F3_3,L1,L3,,,
21000,L3,L3,L2,L3,L3,L3,L2,L2,L1,C3_3,D3_2,F3_3,L2,L1,,,
21001,L3,L3,L2,L3,L3,L3,L2,L2,L1,C3_3,D3_2,F3_3,L2,L2,,,
21002,L3,L3,L2,L3,L3,L3,L2,L2,L1,C3_3,D3_2,F3_3,L2,L3,,,
21003,L3,L3,L2,L3,L3,L3,L2,L2,L1,C3_3,D3_2,F3_3,L3,L1,,,
21004,L3,L3,L2,L3,L3,L3,L2,L2,L1,C3_3,D3_2,F3_3,L3,L2,,,
21005,L3,L3,L2,L3,L3,L3,L2,L2,L1,C3_3,D3_2,F3_3,L3,L3,,,
21006,L3,L3,L2,L3,L3,L3,L2,L2,L1,C3_3,D3_3,F3_1,L1,L1,,,
21007,L3,L3,L2,L3,L3,L3,L2,L2,L1,C3_3,D3_3,F3_1,L1,L2,,,
21008,L3,L3,L2,L3,L3,L3,L2,L2,L1,C3_3,D3_3,F3_1,L1,L3,,,
21009,L3,L3,L2,L3,L3,L3,L2,L2,L1,C3_3,D3_3,F3_1,L2,L1,,,
21010,L3,L3,L2,L3,L3,L3,L2,L2,L1,C3_3,D3_3,F3_1,L2,L2,,,
21011,L3,L3,L2,L3,L3,L3,L2,L2,L1,C3_3,D3_3,F3_1,L2,L3,,,
21012,L3,L3,L2,L3,L3,L3,L2,L2,L1,C3_3,D3_3,F3_1,L3,L1,,,
21013,L3,L3,L2,L3,L3,L3,L2,L2,L1,C3_3,D3_3,F3_1,L3,L2,,,
21014,L3,L3,L2,L3,L3,L3,L2,L2,L1,C3_3,D3_3,F3_1,L3,L3,,,
21015,L3,L3,L2,L3,L3,L3,L2,L2,L1,C3_3,D3_3,F3_2,L1,L1,,,
21016,L3,L3,L2,L3,L3,L3,L2,L2,L1,C3_3,D3_3,F3_2,L1,L2,,,
21017,L3,L3,L2,L3,L3,L3,L2,L2,L1,C3_3,D3_3,F3_2,L1,L3,,,
21018,L3,L3,L2,L3,L3,L3,L2,L2,L1,C3_3,D3_3,F3_2,L2,L1,,,
21019,L3,L3,L2,L3,L3,L3,L2,L2,L1,C3_3,D3_3,F3_2,L2,L2,,,
21020,L3,L3,L2,L3,L3,L3,L2,L2,L1,C3_3,D3_3,F3_2,L2,L3,,,
21021,L3,L3,L2,L3,L3,L3,L2,L2,L1,C3_3,D3_3,F3_2,L3,L1,,,
21022,L3,L3,L2,L3,L3,L3,L2,L2,L1,C3_3,D3_3,F3_2,L3,L2,,,
21023,L3,L3,L2,L3,L3,L3,L2,L2,L1,C3_3,D3_3,F3_2,L3,L3,,,
21024,L3,L3,L2,L3,L3,L3,L2,L2,L1,C3_3,D3_3,F3_3,L1,L1,,,
21025,L3,L3,L2,L3,L3,L3,L2,L2,L1,C3_3,D3_3,F3_3,L1,L2,,,
21026,L3,L3,L2,L3,L3,L3,L2,L2,L1,C3_3,D3_3,F3_3,L1,L3,,,
21027,L3,L3,L2,L3,L3,L3,L2,L2,L1,C3_3,D3_3,F3_3,L2,L1,,,
21028,L3,L3,L2,L3,L3,L3,L2,L2,L1,C3_3,D3_3,F3_3,L2,L2,,,
21029,L3,L3,L2,L3,L3,L3,L2,L2,L1,C3_3,D3_3,F3_3,L2,L3,,,
21030,L3,L3,L2,L3,L3,L3,L2,L2,L1,C3_3,D3_3,F3_3,L3,L1,,,
21031,L3,L3,L2,L3,L3,L3,L2,L2,L1,C3_3,D3_3,F3_3,L3,L2,,,
21032,L3,L3,L2,L3,L3,L3,L2,L2,L1,C3_3,D3_3,F3_3,L3,L3,,,
22005,L2,L3,L1,L1,L1,L3,L2,L2,L1,C3_1,D3_1,F3_1,L1,L1,,,
22006,L2,L3,L1,L1,L1,L3,L2,L2,L1,C3_1,D3_1,F3_1,L1,L2,,,
22007,L2,L3,L1,L1,L1,L3,L2,L2,L1,C3_1,D3_1,F3_1,L1,L3,,,
22008,L2,L3,L1,L1,L1,L3,L2,L2,L1,C3_1,D3_1,F3_1,L2,L1,,,
22009,L2,L3,L1,L1,L1,L3,L2,L2,L1,C3_1,D3_1,F3_1,L2,L2,,,
22010,L2,L3,L1,L1,L1,L3,L2,L2,L1,C3_1,D3_1,F3_1,L2,L3,,,
22011,L2,L3,L1,L1,L1,L3,L2,L2,L1,C3_1,D3_1,F3_1,L3,L1,,,
22012,L2,L3,L1,L1,L1,L3,L2,L2,L1,C3_1,D3_1,F3_1,L3,L2,,,
22013,L2,L3,L1,L1,L1,L3,L2,L2,L1,C3_1,D3_1,F3_1,L3,L3,,,
22014,L2,L3,L1,L1,L1,L3,L2,L2,L1,C3_1,D3_1,F3_2,L1,L1,,,
22015,L2,L3,L1,L1,L1,L3,L2,L2,L1,C3_1,D3_1,F3_2,L1,L2,,,
22016,L2,L3,L1,L1,L1,L3,L2,L2,L1,C3_1,D3_1,F3_2,L1,L3,,,
22017,L2,L3,L1,L1,L1,L3,L2,L2,L1,C3_1,D3_1,F3_2,L2,L1,,,
22018,L2,L3,L1,L1,L1,L3,L2,L2,L1,C3_1,D3_1,F3_2,L2,L2,,,
22019,L2,L3,L1,L1,L1,L3,L2,L2,L1,C3_1,D3_1,F3_2,L2,L3,,,
22020,L2,L3,L1,L1,L1,L3,L2,L2,L1,C3_1,D3_1,F3_2,L3,L1,,,
22021,L2,L3,L1,L1,L1,L3,L2,L2,L1,C3_1,D3_1,F3_2,L3,L2,,,
22022,L2,L3,L1,L1,L1,L3,L2,L2,L1,C3_1,D3_1,F3_2,L3,L3,,,
22023,L2,L3,L1,L1,L1,L3,L2,L2,L1,C3_1,D3_1,F3_3,L1,L1,,,
22024,L2,L3,L1,L1,L1,L3,L2,L2,L1,C3_1,D3_1,F3_3,L1,L2,,,
22025,L2,L3,L1,L1,L1,L3,L2,L2,L1,C3_1,D3_1,F3_3,L1,L3,,,
22026,L2,L3,L1,L1,L1,L3,L2,L2,L1,C3_1,D3_1,F3_3,L2,L1,,,
22027,L2,L3,L1,L1,L1,L3,L2,L2,L1,C3_1,D3_1,F3_3,L2,L2,,,
22028,L2,L3,L1,L1,L1,L3,L2,L2,L1,C3_1,D3_1,F3_3,L2,L3,,,
22029,L2,L3,L1,L1,L1,L3,L2,L2,L1,C3_1,D3_1,F3_3,L3,L1,,,
22030,L2,L3,L1,L1,L1,L3,L2,L2,L1,C3_1,D3_1,F3_3,L3,L2,,,
22031,L2,L3,L1,L1,L1,L3,L2,L2,L1,C3_1,D3_1,F3_3,L3,L3,,,
22032,L2,L3,L1,L1,L1,L3,L2,L2,L1,C3_1,D3_2,F3_1,L1,L1,,,
22033,L2,L3,L1,L1,L1,L3,L2,L2,L1,C3_1,D3_2,F3_1,L1,L2,,,
22034,L2,L3,L1,L1,L1,L3,L2,L2,L1,C3_1,D3_2,F3_1,L1,L3,,,
22035,L2,L3,L1,L1,L1,L3,L2,L2,L1,C3_1,D3_2,F3_1,L2,L1,,,
22036,L2,L3,L1,L1,L1,L3,L2,L2,L1,C3_1,D3_2,F3_1,L2,L2,,,
22037,L2,L3,L1,L1,L1,L3,L2,L2,L1,C3_1,D3_2,F3_1,L2,L3,,,
22038,L2,L3,L1,L1,L1,L3,L2,L2,L1,C3_1,D3_2,F3_1,L3,L1,,,
22039,L2,L3,L1,L1,L1,L3,L2,L2,L1,C3_1,D3_2,F3_1,L3,L2,,,
22040,L2,L3,L1,L1,L1,L3,L2,L2,L1,C3_1,D3_2,F3_1,L3,L3,,,
22041,L2,L3,L1,L1,L1,L3,L2,L2,L1,C3_1,D3_2,F3_2,L1,L1,,,
22042,L2,L3,L1,L1,L1,L3,L2,L2,L1,C3_1,D3_2,F3_2,L1,L2,,,
22043,L2,L3,L1,L1,L1,L3,L2,L2,L1,C3_1,D3_2,F3_2,L1,L3,,,
22044,L2,L3,L1,L1,L1,L3,L2,L2,L1,C3_1,D3_2,F3_2,L2,L1,,,
22045,L2,L3,L1,L1,L1,L3,L2,L2,L1,C3_1,D3_2,F3_2,L2,L2,,,
22046,L2,L3,L1,L1,L1,L3,L2,L2,L1,C3_1,D3_2,F3_2,L2,L3,,,
22047,L2,L3,L1,L1,L1,L3,L2,L2,L1,C3_1,D3_2,F3_2,L3,L1,,,
22048,L2,L3,L1,L1,L1,L3,L2,L2,L1,C3_1,D3_2,F3_2,L3,L2,,,
22049,L2,L3,L1,L1,L1,L3,L2,L2,L1,C3_1,D3_2,F3_2,L3,L3,,,
22050,L2,L3,L1,L1,L1,L3,L2,L2,L1,C3_1,D3_2,F3_3,L1,L1,,,
22051,L2,L3,L1,L1,L1,L3,L2,L2,L1,C3_1,D3_2,F3_3,L1,L2,,,
22052,L2,L3,L1,L1,L1,L3,L2,L2,L1,C3_1,D3_2,F3_3,L1,L3,,,
22053,L2,L3,L1,L1,L1,L3,L2,L2,L1,C3_1,D3_2,F3_3,L2,L1,,,
22054,L2,L3,L1,L1,L1,L3,L2,L2,L1,C3_1,D3_2,F3_3,L2,L2,,,
22055,L2,L3,L1,L1,L1,L3,L2,L2,L1,C3_1,D3_2,F3_3,L2,L3,,,
22056,L2,L3,L1,L1,L1,L3,L2,L2,L1,C3_1,D3_2,F3_3,L3,L1,,,
22057,L2,L3,L1,L1,L1,L3,L2,L2,L1,C3_1,D3_2,F3_3,L3,L2,,,
22058,L2,L3,L1,L1,L1,L3,L2,L2,L1,C3_1,D3_2,F3_3,L3,L3,,,
22059,L2,L3,L1,L1,L1,L3,L2,L2,L1,C3_1,D3_3,F3_1,L1,L1,,,
22060,L2,L3,L1,L1,L1,L3,L2,L2,L1,C3_1,D3_3,F3_1,L1,L2,,,
22061,L2,L3,L1,L1,L1,L3,L2,L2,L1,C3_1,D3_3,F3_1,L1,L3,,,
22062,L2,L3,L1,L1,L1,L3,L2,L2,L1,C3_1,D3_3,F3_1,L2,L1,,,
22063,L2,L3,L1,L1,L1,L3,L2,L2,L1,C3_1,D3_3,F3_1,L2,L2,,,
22064,L2,L3,L1,L1,L1,L3,L2,L2,L1,C3_1,D3_3,F3_1,L2,L3,,,
22065,L2,L3,L1,L1,L1,L3,L2,L2,L1,C3_1,D3_3,F3_1,L3,L1,,,
22066,L2,L3,L1,L1,L1,L3,L2,L2,L1,C3_1,D3_3,F3_1,L3,L2,,,
22067,L2,L3,L1,L1,L1,L3,L2,L2,L1,C3_1,D3_3,F3_1,L3,L3,,,
22068,L2,L3,L1,L1,L1,L3,L2,L2,L1,C3_1,D3_3,F3_2,L1,L1,,,
22069,L2,L3,L1,L1,L1,L3,L2,L2,L1,C3_1,D3_3,F3_2,L1,L2,,,
22070,L2,L3,L1,L1,L1,L3,L2,L2,L1,C3_1,D3_3,F3_2,L1,L3,,,
22071,L2,L3,L1,L1,L1,L3,L2,L2,L1,C3_1,D3_3,F3_2,L2,L1,,,
22072,L2,L3,L1,L1,L1,L3,L2,L2,L1,C3_1,D3_3,F3_2,L2,L2,,,
22073,L2,L3,L1,L1,L1,L3,L2,L2,L1,C3_1,D3_3,F3_2,L2,L3,,,
22074,L2,L3,L1,L1,L1,L3,L2,L2,L1,C3_1,D3_3,F3_2,L3,L1,,,
22075,L2,L3,L1,L1,L1,L3,L2,L2,L1,C3_1,D3_3,F3_2,L3,L2,,,
22076,L2,L3,L1,L1,L1,L3,L2,L2,L1,C3_1,D3_3,F3_2,L3,L3,,,
22077,L2,L3,L1,L1,L1,L3,L2,L2,L1,C3_1,D3_3,F3_3,L1,L1,,,
22078,L2,L3,L1,L1,L1,L3,L2,L2,L1,C3_1,D3_3,F3_3,L1,L2,,,
22079,L2,L3,L1,L1,L1,L3,L2,L2,L1,C3_1,D3_3,F3_3,L1,L3,,,
22080,L2,L3,L1,L1,L1,L3,L2,L2,L1,C3_1,D3_3,F3_3,L2,L1,,,
22081,L2,L3,L1,L1,L1,L3,L2,L2,L1,C3_1,D3_3,F3_3,L2,L2,,,
22082,L2,L3,L1,L1,L1,L3,L2,L2,L1,C3_1,D3_3,F3_3,L2,L3,,,
22083,L2,L3,L1,L1,L1,L3,L2,L2,L1,C3_1,D3_3,F3_3,L3,L1,,,
22084,L2,L3,L1,L1,L1,L3,L2,L2,L1,C3_1,D3_3,F3_3,L3,L2,,,
22085,L2,L3,L1,L1,L1,L3,L2,L2,L1,C3_1,D3_3,F3_3,L3,L3,,,
22086,L2,L3,L1,L1,L1,L3,L2,L2,L1,C3_2,D3_1,F3_1,L1,L1,,,
22087,L2,L3,L1,L1,L1,L3,L2,L2,L1,C3_2,D3_1,F3_1,L1,L2,,,
22088,L2,L3,L1,L1,L1,L3,L2,L2,L1,C3_2,D3_1,F3_1,L1,L3,,,
22089,L2,L3,L1,L1,L1,L3,L2,L2,L1,C3_2,D3_1,F3_1,L2,L1,,,
22090,L2,L3,L1,L1,L1,L3,L2,L2,L1,C3_2,D3_1,F3_1,L2,L2,,,
22091,L2,L3,L1,L1,L1,L3,L2,L2,L1,C3_2,D3_1,F3_1,L2,L3,,,
22092,L2,L3,L1,L1,L1,L3,L2,L2,L1,C3_2,D3_1,F3_1,L3,L1,,,
22093,L2,L3,L1,L1,L1,L3,L2,L2,L1,C3_2,D3_1,F3_1,L3,L2,,,
22094,L2,L3,L1,L1,L1,L3,L2,L2,L1,C3_2,D3_1,F3_1,L3,L3,,,
22095,L2,L3,L1,L1,L1,L3,L2,L2,L1,C3_2,D3_1,F3_2,L1,L1,,,
22096,L2,L3,L1,L1,L1,L3,L2,L2,L1,C3_2,D3_1,F3_2,L1,L2,,,
22097,L2,L3,L1,L1,L1,L3,L2,L2,L1,C3_2,D3_1,F3_2,L1,L3,,,
22098,L2,L3,L1,L1,L1,L3,L2,L2,L1,C3_2,D3_1,F3_2,L2,L1,,,
22099,L2,L3,L1,L1,L1,L3,L2,L2,L1,C3_2,D3_1,F3_2,L2,L2,,,
22100,L2,L3,L1,L1,L1,L3,L2,L2,L1,C3_2,D3_1,F3_2,L2,L3,,,
22101,L2,L3,L1,L1,L1,L3,L2,L2,L1,C3_2,D3_1,F3_2,L3,L1,,,
22102,L2,L3,L1,L1,L1,L3,L2,L2,L1,C3_2,D3_1,F3_2,L3,L2,,,
22103,L2,L3,L1,L1,L1,L3,L2,L2,L1,C3_2,D3_1,F3_2,L3,L3,,,
22104,L2,L3,L1,L1,L1,L3,L2,L2,L1,C3_2,D3_1,F3_3,L1,L1,,,
22105,L2,L3,L1,L1,L1,L3,L2,L2,L1,C3_2,D3_1,F3_3,L1,L2,,,
22106,L2,L3,L1,L1,L1,L3,L2,L2,L1,C3_2,D3_1,F3_3,L1,L3,,,
22107,L2,L3,L1,L1,L1,L3,L2,L2,L1,C3_2,D3_1,F3_3,L2,L1,,,
22108,L2,L3,L1,L1,L1,L3,L2,L2,L1,C3_2,D3_1,F3_3,L2,L2,,,
22109,L2,L3,L1,L1,L1,L3,L2,L2,L1,C3_2,D3_1,F3_3,L2,L3,,,
22110,L2,L3,L1,L1,L1,L3,L2,L2,L1,C3_2,D3_1,F3_3,L3,L1,,,
22111,L2,L3,L1,L1,L1,L3,L2,L2,L1,C3_2,D3_1,F3_3,L3,L2,,,
22112,L2,L3,L1,L1,L1,L3,L2,L2,L1,C3_2,D3_1,F3_3,L3,L3,,,
22113,L2,L3,L1,L1,L1,L3,L2,L2,L1,C3_2,D3_2,F3_1,L1,L1,,,
22114,L2,L3,L1,L1,L1,L3,L2,L2,L1,C3_2,D3_2,F3_1,L1,L2,,,
22115,L2,L3,L1,L1,L1,L3,L2,L2,L1,C3_2,D3_2,F3_1,L1,L3,,,
22116,L2,L3,L1,L1,L1,L3,L2,L2,L1,C3_2,D3_2,F3_1,L2,L1,,,
22117,L2,L3,L1,L1,L1,L3,L2,L2,L1,C3_2,D3_2,F3_1,L2,L2,,,
22118,L2,L3,L1,L1,L1,L3,L2,L2,L1,C3_2,D3_2,F3_1,L2,L3,,,
22119,L2,L3,L1,L1,L1,L3,L2,L2,L1,C3_2,D3_2,F3_1,L3,L1,,,
22120,L2,L3,L1,L1,L1,L3,L2,L2,L1,C3_2,D3_2,F3_1,L3,L2,,,
22121,L2,L3,L1,L1,L1,L3,L2,L2,L1,C3_2,D3_2,F3_1,L3,L3,,,
22122,L2,L3,L1,L1,L1,L3,L2,L2,L1,C3_2,D3_2,F3_2,L1,L1,,,
22123,L2,L3,L1,L1,L1,L3,L2,L2,L1,C3_2,D3_2,F3_2,L1,L2,,,
22124,L2,L3,L1,L1,L1,L3,L2,L2,L1,C3_2,D3_2,F3_2,L1,L3,,,
22125,L2,L3,L1,L1,L1,L3,L2,L2,L1,C3_2,D3_2,F3_2,L2,L1,,,
22126,L2,L3,L1,L1,L1,L3,L2,L2,L1,C3_2,D3_2,F3_2,L2,L2,,,
22127,L2,L3,L1,L1,L1,L3,L2,L2,L1,C3_2,D3_2,F3_2,L2,L3,,,
22128,L2,L3,L1,L1,L1,L3,L2,L2,L1,C3_2,D3_2,F3_2,L3,L1,,,
22129,L2,L3,L1,L1,L1,L3,L2,L2,L1,C3_2,D3_2,F3_2,L3,L2,,,
22130,L2,L3,L1,L1,L1,L3,L2,L2,L1,C3_2,D3_2,F3_2,L3,L3,,,
22131,L2,L3,L1,L1,L1,L3,L2,L2,L1,C3_2,D3_2,F3_3,L1,L1,,,
22132,L2,L3,L1,L1,L1,L3,L2,L2,L1,C3_2,D3_2,F3_3,L1,L2,,,
22133,L2,L3,L1,L1,L1,L3,L2,L2,L1,C3_2,D3_2,F3_3,L1,L3,,,
22134,L2,L3,L1,L1,L1,L3,L2,L2,L1,C3_2,D3_2,F3_3,L2,L1,,,
22135,L2,L3,L1,L1,L1,L3,L2,L2,L1,C3_2,D3_2,F3_3,L2,L2,,,
22136,L2,L3,L1,L1,L1,L3,L2,L2,L1,C3_2,D3_2,F3_3,L2,L3,,,
22137,L2,L3,L1,L1,L1,L3,L2,L2,L1,C3_2,D3_2,F3_3,L3,L1,,,
22138,L2,L3,L1,L1,L1,L3,L2,L2,L1,C3_2,D3_2,F3_3,L3,L2,,,
22139,L2,L3,L1,L1,L1,L3,L2,L2,L1,C3_2,D3_2,F3_3,L3,L3,,,
22140,L2,L3,L1,L1,L1,L3,L2,L2,L1,C3_2,D3_3,F3_1,L1,L1,,,
22141,L2,L3,L1,L1,L1,L3,L2,L2,L1,C3_2,D3_3,F3_1,L1,L2,,,
22142,L2,L3,L1,L1,L1,L3,L2,L2,L1,C3_2,D3_3,F3_1,L1,L3,,,
22143,L2,L3,L1,L1,L1,L3,L2,L2,L1,C3_2,D3_3,F3_1,L2,L1,,,
22144,L2,L3,L1,L1,L1,L3,L2,L2,L1,C3_2,D3_3,F3_1,L2,L2,,,
22145,L2,L3,L1,L1,L1,L3,L2,L2,L1,C3_2,D3_3,F3_1,L2,L3,,,
22146,L2,L3,L1,L1,L1,L3,L2,L2,L1,C3_2,D3_3,F3_1,L3,L1,,,
22147,L2,L3,L1,L1,L1,L3,L2,L2,L1,C3_2,D3_3,F3_1,L3,L2,,,
22148,L2,L3,L1,L1,L1,L3,L2,L2,L1,C3_2,D3_3,F3_1,L3,L3,,,
22149,L2,L3,L1,L1,L1,L3,L2,L2,L1,C3_2,D3_3,F3_2,L1,L1,,,
22150,L2,L3,L1,L1,L1,L3,L2,L2,L1,C3_2,D3_3,F3_2,L1,L2,,,
22151,L2,L3,L1,L1,L1,L3,L2,L2,L1,C3_2,D3_3,F3_2,L1,L3,,,
22152,L2,L3,L1,L1,L1,L3,L2,L2,L1,C3_2,D3_3,F3_2,L2,L1,,,
22153,L2,L3,L1,L1,L1,L3,L2,L2,L1,C3_2,D3_3,F3_2,L2,L2,,,
22154,L2,L3,L1,L1,L1,L3,L2,L2,L1,C3_2,D3_3,F3_2,L2,L3,,,
22155,L2,L3,L1,L1,L1,L3,L2,L2,L1,C3_2,D3_3,F3_2,L3,L1,,,
22156,L2,L3,L1,L1,L1,L3,L2,L2,L1,C3_2,D3_3,F3_2,L3,L2,,,
22157,L2,L3,L1,L1,L1,L3,L2,L2,L1,C3_2,D3_3,F3_2,L3,L3,,,
22158,L2,L3,L1,L1,L1,L3,L2,L2,L1,C3_2,D3_3,F3_3,L1,L1,,,
22159,L2,L3,L1,L1,L1,L3,L2,L2,L1,C3_2,D3_3,F3_3,L1,L2,,,
22160,L2,L3,L1,L1,L1,L3,L2,L2,L1,C3_2,D3_3,F3_3,L1,L3,,,
22161,L2,L3,L1,L1,L1,L3,L2,L2,L1,C3_2,D3_3,F3_3,L2,L1,,,
22162,L2,L3,L1,L1,L1,L3,L2,L2,L1,C3_2,D3_3,F3_3,L2,L2,,,
22163,L2,L3,L1,L1,L1,L3,L2,L2,L1,C3_2,D3_3,F3_3,L2,L3,,,
22164,L2,L3,L1,L1,L1,L3,L2,L2,L1,C3_2,D3_3,F3_3,L3,L1,,,
22165,L2,L3,L1,L1,L1,L3,L2,L2,L1,C3_2,D3_3,F3_3,L3,L2,,,
22166,L2,L3,L1,L1,L1,L3,L2,L2,L1,C3_2,D3_3,F3_3,L3,L3,,,
22167,L2,L3,L1,L1,L1,L3,L2,L2,L1,C3_3,D3_1,F3_1,L1,L1,,,
22168,L2,L3,L1,L1,L1,L3,L2,L2,L1,C3_3,D3_1,F3_1,L1,L2,,,
22169,L2,L3,L1,L1,L1,L3,L2,L2,L1,C3_3,D3_1,F3_1,L1,L3,,,
22170,L2,L3,L1,L1,L1,L3,L2,L2,L1,C3_3,D3_1,F3_1,L2,L1,,,
22171,L2,L3,L1,L1,L1,L3,L2,L2,L1,C3_3,D3_1,F3_1,L2,L2,,,
22172,L2,L3,L1,L1,L1,L3,L2,L2,L1,C3_3,D3_1,F3_1,L2,L3,,,
22173,L2,L3,L1,L1,L1,L3,L2,L2,L1,C3_3,D3_1,F3_1,L3,L1,,,
22174,L2,L3,L1,L1,L1,L3,L2,L2,L1,C3_3,D3_1,F3_1,L3,L2,,,
22175,L2,L3,L1,L1,L1,L3,L2,L2,L1,C3_3,D3_1,F3_1,L3,L3,,,
22176,L2,L3,L1,L1,L1,L3,L2,L2,L1,C3_3,D3_1,F3_2,L1,L1,,,
22177,L2,L3,L1,L1,L1,L3,L2,L2,L1,C3_3,D3_1,F3_2,L1,L2,,,
22178,L2,L3,L1,L1,L1,L3,L2,L2,L1,C3_3,D3_1,F3_2,L1,L3,,,
22179,L2,L3,L1,L1,L1,L3,L2,L2,L1,C3_3,D3_1,F3_2,L2,L1,,,
22180,L2,L3,L1,L1,L1,L3,L2,L2,L1,C3_3,D3_1,F3_2,L2,L2,,,
22181,L2,L3,L1,L1,L1,L3,L2,L2,L1,C3_3,D3_1,F3_2,L2,L3,,,
22182,L2,L3,L1,L1,L1,L3,L2,L2,L1,C3_3,D3_1,F3_2,L3,L1,,,
22183,L2,L3,L1,L1,L1,L3,L2,L2,L1,C3_3,D3_1,F3_2,L3,L2,,,
22184,L2,L3,L1,L1,L1,L3,L2,L2,L1,C3_3,D3_1,F3_2,L3,L3,,,
22185,L2,L3,L1,L1,L1,L3,L2,L2,L1,C3_3,D3_1,F3_3,L1,L1,,,
22186,L2,L3,L1,L1,L1,L3,L2,L2,L1,C3_3,D3_1,F3_3,L1,L2,,,
22187,L2,L3,L1,L1,L1,L3,L2,L2,L1,C3_3,D3_1,F3_3,L1,L3,,,
22188,L2,L3,L1,L1,L1,L3,L2,L2,L1,C3_3,D3_1,F3_3,L2,L1,,,
22189,L2,L3,L1,L1,L1,L3,L2,L2,L1,C3_3,D3_1,F3_3,L2,L2,,,
22190,L2,L3,L1,L1,L1,L3,L2,L2,L1,C3_3,D3_1,F3_3,L2,L3,,,
22191,L2,L3,L1,L1,L1,L3,L2,L2,L1,C3_3,D3_1,F3_3,L3,L1,,,
22192,L2,L3,L1,L1,L1,L3,L2,L2,L1,C3_3,D3_1,F3_3,L3,L2,,,
22193,L2,L3,L1,L1,L1,L3,L2,L2,L1,C3_3,D3_1,F3_3,L3,L3,,,
22194,L2,L3,L1,L1,L1,L3,L2,L2,L1,C3_3,D3_2,F3_1,L1,L1,,,
22195,L2,L3,L1,L1,L1,L3,L2,L2,L1,C3_3,D3_2,F3_1,L1,L2,,,
22196,L2,L3,L1,L1,L1,L3,L2,L2,L1,C3_3,D3_2,F3_1,L1,L3,,,
22197,L2,L3,L1,L1,L1,L3,L2,L2,L1,C3_3,D3_2,F3_1,L2,L1,,,
22198,L2,L3,L1,L1,L1,L3,L2,L2,L1,C3_3,D3_2,F3_1,L2,L2,,,
22199,L2,L3,L1,L1,L1,L3,L2,L2,L1,C3_3,D3_2,F3_1,L2,L3,,,
22200,L2,L3,L1,L1,L1,L3,L2,L2,L1,C3_3,D3_2,F3_1,L3,L1,,,
22201,L2,L3,L1,L1,L1,L3,L2,L2,L1,C3_3,D3_2,F3_1,L3,L2,,,
22202,L2,L3,L1,L1,L1,L3,L2,L2,L1,C3_3,D3_2,F3_1,L3,L3,,,
22203,L2,L3,L1,L1,L1,L3,L2,L2,L1,C3_3,D3_2,F3_2,L1,L1,,,
22204,L2,L3,L1,L1,L1,L3,L2,L2,L1,C3_3,D3_2,F3_2,L1,L2,,,
22205,L2,L3,L1,L1,L1,L3,L2,L2,L1,C3_3,D3_2,F3_2,L1,L3,,,
22206,L2,L3,L1,L1,L1,L3,L2,L2,L1,C3_3,D3_2,F3_2,L2,L1,,,
22207,L2,L3,L1,L1,L1,L3,L2,L2,L1,C3_3,D3_2,F3_2,L2,L2,,,
22208,L2,L3,L1,L1,L1,L3,L2,L2,L1,C3_3,D3_2,F3_2,L2,L3,,,
22209,L2,L3,L1,L1,L1,L3,L2,L2,L1,C3_3,D3_2,F3_2,L3,L1,,,
22210,L2,L3,L1,L1,L1,L3,L2,L2,L1,C3_3,D3_2,F3_2,L3,L2,,,
22211,L2,L3,L1,L1,L1,L3,L2,L2,L1,C3_3,D3_2,F3_2,L3,L3,,,
22212,L2,L3,L1,L1,L1,L3,L2,L2,L1,C3_3,D3_2,F3_3,L1,L1,,,
22213,L2,L3,L1,L1,L1,L3,L2,L2,L1,C3_3,D3_2,F3_3,L1,L2,,,
22214,L2,L3,L1,L1,L1,L3,L2,L2,L1,C3_3,D3_2,F3_3,L1,L3,,,
22215,L2,L3,L1,L1,L1,L3,L2,L2,L1,C3_3,D3_2,F3_3,L2,L1,,,
22216,L2,L3,L1,L1,L1,L3,L2,L2,L1,C3_3,D3_2,F3_3,L2,L2,,,
22217,L2,L3,L1,L1,L1,L3,L2,L2,L1,C3_3,D3_2,F3_3,L2,L3,,,
22218,L2,L3,L1,L1,L1,L3,L2,L2,L1,C3_3,D3_2,F3_3,L3,L1,,,
22219,L2,L3,L1,L1,L1,L3,L2,L2,L1,C3_3,D3_2,F3_3,L3,L2,,,
22220,L2,L3,L1,L1,L1,L3,L2,L2,L1,C3_3,D3_2,F3_3,L3,L3,,,
22221,L2,L3,L1,L1,L1,L3,L2,L2,L1,C3_3,D3_3,F3_1,L1,L1,,,
22222,L2,L3,L1,L1,L1,L3,L2,L2,L1,C3_3,D3_3,F3_1,L1,L2,,,
22223,L2,L3,L1,L1,L1,L3,L2,L2,L1,C3_3,D3_3,F3_1,L1,L3,,,
22224,L2,L3,L1,L1,L1,L3,L2,L2,L1,C3_3,D3_3,F3_1,L2,L1,,,
22225,L2,L3,L1,L1,L1,L3,L2,L2,L1,C3_3,D3_3,F3_1,L2,L2,,,
22226,L2,L3,L1,L1,L1,L3,L2,L2,L1,C3_3,D3_3,F3_1,L2,L3,,,
22227,L2,L3,L1,L1,L1,L3,L2,L2,L1,C3_3,D3_3,F3_1,L3,L1,,,
22228,L2,L3,L1,L1,L1,L3,L2,L2,L1,C3_3,D3_3,F3_1,L3,L2,,,
22229,L2,L3,L1,L1,L1,L3,L2,L2,L1,C3_3,D3_3,F3_1,L3,L3,,,
22230,L2,L3,L1,L1,L1,L3,L2,L2,L1,C3_3,D3_3,F3_2,L1,L1,,,
22231,L2,L3,L1,L1,L1,L3,L2,L2,L1,C3_3,D3_3,F3_2,L1,L2,,,
22232,L2,L3,L1,L1,L1,L3,L2,L2,L1,C3_3,D3_3,F3_2,L1,L3,,,
22233,L2,L3,L1,L1,L1,L3,L2,L2,L1,C3_3,D3_3,F3_2,L2,L1,,,
22234,L2,L3,L1,L1,L1,L3,L2,L2,L1,C3_3,D3_3,F3_2,L2,L2,,,
22235,L2,L3,L1,L1,L1,L3,L2,L2,L1,C3_3,D3_3,F3_2,L2,L3,,,
22236,L2,L3,L1,L1,L1,L3,L2,L2,L1,C3_3,D3_3,F3_2,L3,L1,,,
22237,L2,L3,L1,L1,L1,L3,L2,L2,L1,C3_3,D3_3,F3_2,L3,L2,,,
22238,L2,L3,L1,L1,L1,L3,L2,L2,L1,C3_3,D3_3,F3_2,L3,L3,,,
22239,L2,L3,L1,L1,L1,L3,L2,L2,L1,C3_3,D3_3,F3_3,L1,L1,,,
22240,L2,L3,L1,L1,L1,L3,L2,L2,L1,C3_3,D3_3,F3_3,L1,L2,,,
22241,L2,L3,L1,L1,L1,L3,L2,L2,L1,C3_3,D3_3,F3_3,L1,L3,,,
22242,L2,L3,L1,L1,L1,L3,L2,L2,L1,C3_3,D3_3,F3_3,L2,L1,,,
22243,L2,L3,L1,L1,L1,L3,L2,L2,L1,C3_3,D3_3,F3_3,L2,L2,,,
22244,L2,L3,L1,L1,L1,L3,L2,L2,L1,C3_3,D3_3,F3_3,L2,L3,,,
22245,L2,L3,L1,L1,L1,L3,L2,L2,L1,C3_3,D3_3,F3_3,L3,L1,,,
22246,L2,L3,L1,L1,L1,L3,L2,L2,L1,C3_3,D3_3,F3_3,L3,L2,,,
22247,L2,L3,L1,L1,L1,L3,L2,L2,L1,C3_3,D3_3,F3_3,L3,L3,,,
34398,L3,L1,L3,L3,L1,L3,L2,L2,L1,C3_1,D3_1,F3_1,L1,L1,,,
34399,L3,L1,L3,L3,L1,L3,L2,L2,L1,C3_1,D3_1,F3_1,L1,L2,,,
34400,L3,L1,L3,L3,L1,L3,L2,L2,L1,C3_1,D3_1,F3_1,L1,L3,,,
34401,L3,L1,L3,L3,L1,L3,L2,L2,L1,C3_1,D3_1,F3_1,L2,L1,,,
34402,L3,L1,L3,L3,L1,L3,L2,L2,L1,C3_1,D3_1,F3_1,L2,L2,,,
34403,L3,L1,L3,L3,L1,L3,L2,L2,L1,C3_1,D3_1,F3_1,L2,L3,,,
34404,L3,L1,L3,L3,L1,L3,L2,L2,L1,C3_1,D3_1,F3_1,L3,L1,,,
34405,L3,L1,L3,L3,L1,L3,L2,L2,L1,C3_1,D3_1,F3_1,L3,L2,,,
34406,L3,L1,L3,L3,L1,L3,L2,L2,L1,C3_1,D3_1,F3_1,L3,L3,,,
34407,L3,L1,L3,L3,L1,L3,L2,L2,L1,C3_1,D3_1,F3_2,L1,L1,,,
34408,L3,L1,L3,L3,L1,L3,L2,L2,L1,C3_1,D3_1,F3_2,L1,L2,,,
34409,L3,L1,L3,L3,L1,L3,L2,L2,L1,C3_1,D3_1,F3_2,L1,L3,,,
34410,L3,L1,L3,L3,L1,L3,L2,L2,L1,C3_1,D3_1,F3_2,L2,L1,,,
34411,L3,L1,L3,L3,L1,L3,L2,L2,L1,C3_1,D3_1,F3_2,L2,L2,,,
34412,L3,L1,L3,L3,L1,L3,L2,L2,L1,C3_1,D3_1,F3_2,L2,L3,,,
34413,L3,L1,L3,L3,L1,L3,L2,L2,L1,C3_1,D3_1,F3_2,L3,L1,,,
34414,L3,L1,L3,L3,L1,L3,L2,L2,L1,C3_1,D3_1,F3_2,L3,L2,,,
34415,L3,L1,L3,L3,L1,L3,L2,L2,L1,C3_1,D3_1,F3_2,L3,L3,,,
34416,L3,L1,L3,L3,L1,L3,L2,L2,L1,C3_1,D3_1,F3_3,L1,L1,,,
34417,L3,L1,L3,L3,L1,L3,L2,L2,L1,C3_1,D3_1,F3_3,L1,L2,,,
34418,L3,L1,L3,L3,L1,L3,L2,L2,L1,C3_1,D3_1,F3_3,L1,L3,,,
34419,L3,L1,L3,L3,L1,L3,L2,L2,L1,C3_1,D3_1,F3_3,L2,L1,,,
34420,L3,L1,L3,L3,L1,L3,L2,L2,L1,C3_1,D3_1,F3_3,L2,L2,,,
34421,L3,L1,L3,L3,L1,L3,L2,L2,L1,C3_1,D3_1,F3_3,L2,L3,,,
34422,L3,L1,L3,L3,L1,L3,L2,L2,L1,C3_1,D3_1,F3_3,L3,L1,,,
34423,L3,L1,L3,L3,L1,L3,L2,L2,L1,C3_1,D3_1,F3_3,L3,L2,,,
34424,L3,L1,L3,L3,L1,L3,L2,L2,L1,C3_1,D3_1,F3_3,L3,L3,,,
34425,L3,L1,L3,L3,L1,L3,L2,L2,L1,C3_1,D3_2,F3_1,L1,L1,,,
34426,L3,L1,L3,L3,L1,L3,L2,L2,L1,C3_1,D3_2,F3_1,L1,L2,,,
34427,L3,L1,L3,L3,L1,L3,L2,L2,L1,C3_1,D3_2,F3_1,L1,L3,,,
34428,L3,L1,L3,L3,L1,L3,L2,L2,L1,C3_1,D3_2,F3_1,L2,L1,,,
34429,L3,L1,L3,L3,L1,L3,L2,L2,L1,C3_1,D3_2,F3_1,L2,L2,,,
34430,L3,L1,L3,L3,L1,L3,L2,L2,L1,C3_1,D3_2,F3_1,L2,L3,,,
34431,L3,L1,L3,L3,L1,L3,L2,L2,L1,C3_1,D3_2,F3_1,L3,L1,,,
34432,L3,L1,L3,L3,L1,L3,L2,L2,L1,C3_1,D3_2,F3_1,L3,L2,,,
34433,L3,L1,L3,L3,L1,L3,L2,L2,L1,C3_1,D3_2,F3_1,L3,L3,,,
34434,L3,L1,L3,L3,L1,L3,L2,L2,L1,C3_1,D3_2,F3_2,L1,L1,,,
34435,L3,L1,L3,L3,L1,L3,L2,L2,L1,C3_1,D3_2,F3_2,L1,L2,,,
34436,L3,L1,L3,L3,L1,L3,L2,L2,L1,C3_1,D3_2,F3_2,L1,L3,,,
34437,L3,L1,L3,L3,L1,L3,L2,L2,L1,C3_1,D3_2,F3_2,L2,L1,,,
34438,L3,L1,L3,L3,L1,L3,L2,L2,L1,C3_1,D3_2,F3_2,L2,L2,,,
34439,L3,L1,L3,L3,L1,L3,L2,L2,L1,C3_1,D3_2,F3_2,L2,L3,,,
34440,L3,L1,L3,L3,L1,L3,L2,L2,L1,C3_1,D3_2,F3_2,L3,L1,,,
34441,L3,L1,L3,L3,L1,L3,L2,L2,L1,C3_1,D3_2,F3_2,L3,L2,,,
34442,L3,L1,L3,L3,L1,L3,L2,L2,L1,C3_1,D3_2,F3_2,L3,L3,,,
34443,L3,L1,L3,L3,L1,L3,L2,L2,L1,C3_1,D3_2,F3_3,L1,L1,,,
34444,L3,L1,L3,L3,L1,L3,L2,L2,L1,C3_1,D3_2,F3_3,L1,L2,,,
34445,L3,L1,L3,L3,L1,L3,L2,L2,L1,C3_1,D3_2,F3_3,L1,L3,,,
34446,L3,L1,L3,L3,L1,L3,L2,L2,L1,C3_1,D3_2,F3_3,L2,L1,,,
34447,L3,L1,L3,L3,L1,L3,L2,L2,L1,C3_1,D3_2,F3_3,L2,L2,,,
34448,L3,L1,L3,L3,L1,L3,L2,L2,L1,C3_1,D3_2,F3_3,L2,L3,,,
34449,L3,L1,L3,L3,L1,L3,L2,L2,L1,C3_1,D3_2,F3_3,L3,L1,,,
34450,L3,L1,L3,L3,L1,L3,L2,L2,L1,C3_1,D3_2,F3_3,L3,L2,,,
34451,L3,L1,L3,L3,L1,L3,L2,L2,L1,C3_1,D3_2,F3_3,L3,L3,,,
34452,L3,L1,L3,L3,L1,L3,L2,L2,L1,C3_1,D3_3,F3_1,L1,L1,,,
34453,L3,L1,L3,L3,L1,L3,L2,L2,L1,C3_1,D3_3,F3_1,L1,L2,,,
34454,L3,L1,L3,L3,L1,L3,L2,L2,L1,C3_1,D3_3,F3_1,L1,L3,,,
34455,L3,L1,L3,L3,L1,L3,L2,L2,L1,C3_1,D3_3,F3_1,L2,L1,,,
34456,L3,L1,L3,L3,L1,L3,L2,L2,L1,C3_1,D3_3,F3_1,L2,L2,,,
34457,L3,L1,L3,L3,L1,L3,L2,L2,L1,C3_1,D3_3,F3_1,L2,L3,,,
34458,L3,L1,L3,L3,L1,L3,L2,L2,L1,C3_1,D3_3,F3_1,L3,L1,,,
34459,L3,L1,L3,L3,L1,L3,L2,L2,L1,C3_1,D3_3,F3_1,L3,L2,,,
34460,L3,L1,L3,L3,L1,L3,L2,L2,L1,C3_1,D3_3,F3_1,L3,L3,,,
34461,L3,L1,L3,L3,L1,L3,L2,L2,L1,C3_1,D3_3,F3_2,L1,L1,,,
34462,L3,L1,L3,L3,L1,L3,L2,L2,L1,C3_1,D3_3,F3_2,L1,L2,,,
34463,L3,L1,L3,L3,L1,L3,L2,L2,L1,C3_1,D3_3,F3_2,L1,L3,,,
34464,L3,L1,L3,L3,L1,L3,L2,L2,L1,C3_1,D3_3,F3_2,L2,L1,,,
34465,L3,L1,L3,L3,L1,L3,L2,L2,L1,C3_1,D3_3,F3_2,L2,L2,,,
34466,L3,L1,L3,L3,L1,L3,L2,L2,L1,C3_1,D3_3,F3_2,L2,L3,,,
34467,L3,L1,L3,L3,L1,L3,L2,L2,L1,C3_1,D3_3,F3_2,L3,L1,,,
34468,L3,L1,L3,L3,L1,L3,L2,L2,L1,C3_1,D3_3,F3_2,L3,L2,,,
34469,L3,L1,L3,L3,L1,L3,L2,L2,L1,C3_1,D3_3,F3_2,L3,L3,,,
34470,L3,L1,L3,L3,L1,L3,L2,L2,L1,C3_1,D3_3,F3_3,L1,L1,,,
34471,L3,L1,L3,L3,L1,L3,L2,L2,L1,C3_1,D3_3,F3_3,L1,L2,,,
34472,L3,L1,L3,L3,L1,L3,L2,L2,L1,C3_1,D3_3,F3_3,L1,L3,,,
34473,L3,L1,L3,L3,L1,L3,L2,L2,L1,C3_1,D3_3,F3_3,L2,L1,,,
34474,L3,L1,L3,L3,L1,L3,L2,L2,L1,C3_1,D3_3,F3_3,L2,L2,,,
34475,L3,L1,L3,L3,L1,L3,L2,L2,L1,C3_1,D3_3,F3_3,L2,L3,,,
34476,L3,L1,L3,L3,L1,L3,L2,L2,L1,C3_1,D3_3,F3_3,L3,L1,,,
34477,L3,L1,L3,L3,L1,L3,L2,L2,L1,C3_1,D3_3,F3_3,L3,L2,,,
34478,L3,L1,L3,L3,L1,L3,L2,L2,L1,C3_1,D3_3,F3_3,L3,L3,,,
34479,L3,L1,L3,L3,L1,L3,L2,L2,L1,C3_2,D3_1,F3_1,L1,L1,,,
34480,L3,L1,L3,L3,L1,L3,L2,L2,L1,C3_2,D3_1,F3_1,L1,L2,,,
34481,L3,L1,L3,L3,L1,L3,L2,L2,L1,C3_2,D3_1,F3_1,L1,L3,,,
34482,L3,L1,L3,L3,L1,L3,L2,L2,L1,C3_2,D3_1,F3_1,L2,L1,,,
34483,L3,L1,L3,L3,L1,L3,L2,L2,L1,C3_2,D3_1,F3_1,L2,L2,,,
34484,L3,L1,L3,L3,L1,L3,L2,L2,L1,C3_2,D3_1,F3_1,L2,L3,,,
34485,L3,L1,L3,L3,L1,L3,L2,L2,L1,C3_2,D3_1,F3_1,L3,L1,,,
34486,L3,L1,L3,L3,L1,L3,L2,L2,L1,C3_2,D3_1,F3_1,L3,L2,,,
34487,L3,L1,L3,L3,L1,L3,L2,L2,L1,C3_2,D3_1,F3_1,L3,L3,,,
34488,L3,L1,L3,L3,L1,L3,L2,L2,L1,C3_2,D3_1,F3_2,L1,L1,,,
34489,L3,L1,L3,L3,L1,L3,L2,L2,L1,C3_2,D3_1,F3_2,L1,L2,,,
34490,L3,L1,L3,L3,L1,L3,L2,L2,L1,C3_2,D3_1,F3_2,L1,L3,,,
34491,L3,L1,L3,L3,L1,L3,L2,L2,L1,C3_2,D3_1,F3_2,L2,L1,,,
34492,L3,L1,L3,L3,L1,L3,L2,L2,L1,C3_2,D3_1,F3_2,L2,L2,,,
34493,L3,L1,L3,L3,L1,L3,L2,L2,L1,C3_2,D3_1,F3_2,L2,L3,,,
34494,L3,L1,L3,L3,L1,L3,L2,L2,L1,C3_2,D3_1,F3_2,L3,L1,,,
34495,L3,L1,L3,L3,L1,L3,L2,L2,L1,C3_2,D3_1,F3_2,L3,L2,,,
34496,L3,L1,L3,L3,L1,L3,L2,L2,L1,C3_2,D3_1,F3_2,L3,L3,,,
34497,L3,L1,L3,L3,L1,L3,L2,L2,L1,C3_2,D3_1,F3_3,L1,L1,,,
34498,L3,L1,L3,L3,L1,L3,L2,L2,L1,C3_2,D3_1,F3_3,L1,L2,,,
34499,L3,L1,L3,L3,L1,L3,L2,L2,L1,C3_2,D3_1,F3_3,L1,L3,,,
34500,L3,L1,L3,L3,L1,L3,L2,L2,L1,C3_2,D3_1,F3_3,L2,L1,,,
34501,L3,L1,L3,L3,L1,L3,L2,L2,L1,C3_2,D3_1,F3_3,L2,L2,,,
34502,L3,L1,L3,L3,L1,L3,L2,L2,L1,C3_2,D3_1,F3_3,L2,L3,,,
34503,L3,L1,L3,L3,L1,L3,L2,L2,L1,C3_2,D3_1,F3_3,L3,L1,,,
34504,L3,L1,L3,L3,L1,L3,L2,L2,L1,C3_2,D3_1,F3_3,L3,L2,,,
34505,L3,L1,L3,L3,L1,L3,L2,L2,L1,C3_2,D3_1,F3_3,L3,L3,,,
34506,L3,L1,L3,L3,L1,L3,L2,L2,L1,C3_2,D3_2,F3_1,L1,L1,,,
34507,L3,L1,L3,L3,L1,L3,L2,L2,L1,C3_2,D3_2,F3_1,L1,L2,,,
34508,L3,L1,L3,L3,L1,L3,L2,L2,L1,C3_2,D3_2,F3_1,L1,L3,,,
34509,L3,L1,L3,L3,L1,L3,L2,L2,L1,C3_2,D3_2,F3_1,L2,L1,,,
34510,L3,L1,L3,L3,L1,L3,L2,L2,L1,C3_2,D3_2,F3_1,L2,L2,,,
34511,L3,L1,L3,L3,L1,L3,L2,L2,L1,C3_2,D3_2,F3_1,L2,L3,,,
34512,L3,L1,L3,L3,L1,L3,L2,L2,L1,C3_2,D3_2,F3_1,L3,L1,,,
34513,L3,L1,L3,L3,L1,L3,L2,L2,L1,C3_2,D3_2,F3_1,L3,L2,,,
34514,L3,L1,L3,L3,L1,L3,L2,L2,L1,C3_2,D3_2,F3_1,L3,L3,,,
34515,L3,L1,L3,L3,L1,L3,L2,L2,L1,C3_2,D3_2,F3_2,L1,L1,,,
34516,L3,L1,L3,L3,L1,L3,L2,L2,L1,C3_2,D3_2,F3_2,L1,L2,,,
34517,L3,L1,L3,L3,L1,L3,L2,L2,L1,C3_2,D3_2,F3_2,L1,L3,,,
34518,L3,L1,L3,L3,L1,L3,L2,L2,L1,C3_2,D3_2,F3_2,L2,L1,,,
34519,L3,L1,L3,L3,L1,L3,L2,L2,L1,C3_2,D3_2,F3_2,L2,L2,,,
34520,L3,L1,L3,L3,L1,L3,L2,L2,L1,C3_2,D3_2,F3_2,L2,L3,,,
34521,L3,L1,L3,L3,L1,L3,L2,L2,L1,C3_2,D3_2,F3_2,L3,L1,,,
34522,L3,L1,L3,L3,L1,L3,L2,L2,L1,C3_2,D3_2,F3_2,L3,L2,,,
34523,L3,L1,L3,L3,L1,L3,L2,L2,L1,C3_2,D3_2,F3_2,L3,L3,,,
34524,L3,L1,L3,L3,L1,L3,L2,L2,L1,C3_2,D3_2,F3_3,L1,L1,,,
34525,L3,L1,L3,L3,L1,L3,L2,L2,L1,C3_2,D3_2,F3_3,L1,L2,,,
34526,L3,L1,L3,L3,L1,L3,L2,L2,L1,C3_2,D3_2,F3_3,L1,L3,,,
34527,L3,L1,L3,L3,L1,L3,L2,L2,L1,C3_2,D3_2,F3_3,L2,L1,,,
34528,L3,L1,L3,L3,L1,L3,L2,L2,L1,C3_2,D3_2,F3_3,L2,L2,,,
34529,L3,L1,L3,L3,L1,L3,L2,L2,L1,C3_2,D3_2,F3_3,L2,L3,,,
34530,L3,L1,L3,L3,L1,L3,L2,L2,L1,C3_2,D3_2,F3_3,L3,L1,,,
34531,L3,L1,L3,L3,L1,L3,L2,L2,L1,C3_2,D3_2,F3_3,L3,L2,,,
34532,L3,L1,L3,L3,L1,L3,L2,L2,L1,C3_2,D3_2,F3_3,L3,L3,,,
34533,L3,L1,L3,L3,L1,L3,L2,L2,L1,C3_2,D3_3,F3_1,L1,L1,,,
34534,L3,L1,L3,L3,L1,L3,L2,L2,L1,C3_2,D3_3,F3_1,L1,L2,,,
34535,L3,L1,L3,L3,L1,L3,L2,L2,L1,C3_2,D3_3,F3_1,L1,L3,,,
34536,L3,L1,L3,L3,L1,L3,L2,L2,L1,C3_2,D3_3,F3_1,L2,L1,,,
34537,L3,L1,L3,L3,L1,L3,L2,L2,L1,C3_2,D3_3,F3_1,L2,L2,,,
34538,L3,L1,L3,L3,L1,L3,L2,L2,L1,C3_2,D3_3,F3_1,L2,L3,,,
34539,L3,L1,L3,L3,L1,L3,L2,L2,L1,C3_2,D3_3,F3_1,L3,L1,,,
34540,L3,L1,L3,L3,L1,L3,L2,L2,L1,C3_2,D3_3,F3_1,L3,L2,,,
34541,L3,L1,L3,L3,L1,L3,L2,L2,L1,C3_2,D3_3,F3_1,L3,L3,,,
34542,L3,L1,L3,L3,L1,L3,L2,L2,L1,C3_2,D3_3,F3_2,L1,L1,,,
34543,L3,L1,L3,L3,L1,L3,L2,L2,L1,C3_2,D3_3,F3_2,L1,L2,,,
34544,L3,L1,L3,L3,L1,L3,L2,L2,L1,C3_2,D3_3,F3_2,L1,L3,,,
34545,L3,L1,L3,L3,L1,L3,L2,L2,L1,C3_2,D3_3,F3_2,L2,L1,,,
34546,L3,L1,L3,L3,L1,L3,L2,L2,L1,C3_2,D3_3,F3_2,L2,L2,,,
34547,L3,L1,L3,L3,L1,L3,L2,L2,L1,C3_2,D3_3,F3_2,L2,L3,,,
34548,L3,L1,L3,L3,L1,L3,L2,L2,L1,C3_2,D3_3,F3_2,L3,L1,,,
34549,L3,L1,L3,L3,L1,L3,L2,L2,L1,C3_2,D3_3,F3_2,L3,L2,,,
34550,L3,L1,L3,L3,L1,L3,L2,L2,L1,C3_2,D3_3,F3_2,L3,L3,,,
34551,L3,L1,L3,L3,L1,L3,L2,L2,L1,C3_2,D3_3,F3_3,L1,L1,,,
34552,L3,L1,L3,L3,L1,L3,L2,L2,L1,C3_2,D3_3,F3_3,L1,L2,,,
34553,L3,L1,L3,L3,L1,L3,L2,L2,L1,C3_2,D3_3,F3_3,L1,L3,,,
34554,L3,L1,L3,L3,L1,L3,L2,L2,L1,C3_2,D3_3,F3_3,L2,L1,,,
34555,L3,L1,L3,L3,L1,L3,L2,L2,L1,C3_2,D3_3,F3_3,L2,L2,,,
34556,L3,L1,L3,L3,L1,L3,L2,L2,L1,C3_2,D3_3,F3_3,L2,L3,,,
34557,L3,L1,L3,L3,L1,L3,L2,L2,L1,C3_2,D3_3,F3_3,L3,L1,,,
34558,L3,L1,L3,L3,L1,L3,L2,L2,L1,C3_2,D3_3,F3_3,L3,L2,,,
34559,L3,L1,L3,L3,L1,L3,L2,L2,L1,C3_2,D3_3,F3_3,L3,L3,,,
34560,L3,L1,L3,L3,L1,L3,L2,L2,L1,C3_3,D3_1,F3_1,L1,L1,,,
34561,L3,L1,L3,L3,L1,L3,L2,L2,L1,C3_3,D3_1,F3_1,L1,L2,,,
34562,L3,L1,L3,L3,L1,L3,L2,L2,L1,C3_3,D3_1,F3_1,L1,L3,,,
34563,L3,L1,L3,L3,L1,L3,L2,L2,L1,C3_3,D3_1,F3_1,L2,L1,,,
34564,L3,L1,L3,L3,L1,L3,L2,L2,L1,C3_3,D3_1,F3_1,L2,L2,,,
34565,L3,L1,L3,L3,L1,L3,L2,L2,L1,C3_3,D3_1,F3_1,L2,L3,,,
34566,L3,L1,L3,L3,L1,L3,L2,L2,L1,C3_3,D3_1,F3_1,L3,L1,,,
34567,L3,L1,L3,L3,L1,L3,L2,L2,L1,C3_3,D3_1,F3_1,L3,L2,,,
34568,L3,L1,L3,L3,L1,L3,L2,L2,L1,C3_3,D3_1,F3_1,L3,L3,,,
34569,L3,L1,L3,L3,L1,L3,L2,L2,L1,C3_3,D3_1,F3_2,L1,L1,,,
34570,L3,L1,L3,L3,L1,L3,L2,L2,L1,C3_3,D3_1,F3_2,L1,L2,,,
34571,L3,L1,L3,L3,L1,L3,L2,L2,L1,C3_3,D3_1,F3_2,L1,L3,,,
34572,L3,L1,L3,L3,L1,L3,L2,L2,L1,C3_3,D3_1,F3_2,L2,L1,,,
34573,L3,L1,L3,L3,L1,L3,L2,L2,L1,C3_3,D3_1,F3_2,L2,L2,,,
34574,L3,L1,L3,L3,L1,L3,L2,L2,L1,C3_3,D3_1,F3_2,L2,L3,,,
34575,L3,L1,L3,L3,L1,L3,L2,L2,L1,C3_3,D3_1,F3_2,L3,L1,,,
34576,L3,L1,L3,L3,L1,L3,L2,L2,L1,C3_3,D3_1,F3_2,L3,L2,,,
34577,L3,L1,L3,L3,L1,L3,L2,L2,L1,C3_3,D3_1,F3_2,L3,L3,,,
34578,L3,L1,L3,L3,L1,L3,L2,L2,L1,C3_3,D3_1,F3_3,L1,L1,,,
34579,L3,L1,L3,L3,L1,L3,L2,L2,L1,C3_3,D3_1,F3_3,L1,L2,,,
34580,L3,L1,L3,L3,L1,L3,L2,L2,L1,C3_3,D3_1,F3_3,L1,L3,,,
34581,L3,L1,L3,L3,L1,L3,L2,L2,L1,C3_3,D3_1,F3_3,L2,L1,,,
34582,L3,L1,L3,L3,L1,L3,L2,L2,L1,C3_3,D3_1,F3_3,L2,L2,,,
34583,L3,L1,L3,L3,L1,L3,L2,L2,L1,C3_3,D3_1,F3_3,L2,L3,,,
34584,L3,L1,L3,L3,L1,L3,L2,L2,L1,C3_3,D3_1,F3_3,L3,L1,,,
34585,L3,L1,L3,L3,L1,L3,L2,L2,L1,C3_3,D3_1,F3_3,L3,L2,,,
34586,L3,L1,L3,L3,L1,L3,L2,L2,L1,C3_3,D3_1,F3_3,L3,L3,,,
34587,L3,L1,L3,L3,L1,L3,L2,L2,L1,C3_3,D3_2,F3_1,L1,L1,,,
34588,L3,L1,L3,L3,L1,L3,L2,L2,L1,C3_3,D3_2,F3_1,L1,L2,,,
34589,L3,L1,L3,L3,L1,L3,L2,L2,L1,C3_3,D3_2,F3_1,L1,L3,,,
34590,L3,L1,L3,L3,L1,L3,L2,L2,L1,C3_3,D3_2,F3_1,L2,L1,,,
34591,L3,L1,L3,L3,L1,L3,L2,L2,L1,C3_3,D3_2,F3_1,L2,L2,,,
34592,L3,L1,L3,L3,L1,L3,L2,L2,L1,C3_3,D3_2,F3_1,L2,L3,,,
34593,L3,L1,L3,L3,L1,L3,L2,L2,L1,C3_3,D3_2,F3_1,L3,L1,,,
34594,L3,L1,L3,L3,L1,L3,L2,L2,L1,C3_3,D3_2,F3_1,L3,L2,,,
34595,L3,L1,L3,L3,L1,L3,L2,L2,L1,C3_3,D3_2,F3_1,L3,L3,,,
34596,L3,L1,L3,L3,L1,L3,L2,L2,L1,C3_3,D3_2,F3_2,L1,L1,,,
34597,L3,L1,L3,L3,L1,L3,L2,L2,L1,C3_3,D3_2,F3_2,L1,L2,,,
34598,L3,L1,L3,L3,L1,L3,L2,L2,L1,C3_3,D3_2,F3_2,L1,L3,,,
34599,L3,L1,L3,L3,L1,L3,L2,L2,L1,C3_3,D3_2,F3_2,L2,L1,,,
34600,L3,L1,L3,L3,L1,L3,L2,L2,L1,C3_3,D3_2,F3_2,L2,L2,,,
34601,L3,L1,L3,L3,L1,L3,L2,L2,L1,C3_3,D3_2,F3_2,L2,L3,,,
34602,L3,L1,L3,L3,L1,L3,L2,L2,L1,C3_3,D3_2,F3_2,L3,L1,,,
34603,L3,L1,L3,L3,L1,L3,L2,L2,L1,C3_3,D3_2,F3_2,L3,L2,,,
34604,L3,L1,L3,L3,L1,L3,L2,L2,L1,C3_3,D3_2,F3_2,L3,L3,,,
34605,L3,L1,L3,L3,L1,L3,L2,L2,L1,C3_3,D3_2,F3_3,L1,L1,,,
34606,L3,L1,L3,L3,L1,L3,L2,L2,L1,C3_3,D3_2,F3_3,L1,L2,,,
34607,L3,L1,L3,L3,L1,L3,L2,L2,L1,C3_3,D3_2,F3_3,L1,L3,,,
34608,L3,L1,L3,L3,L1,L3,L2,L2,L1,C3_3,D3_2,F3_3,L2,L1,,,
34609,L3,L1,L3,L3,L1,L3,L2,L2,L1,C3_3,D3_2,F3_3,L2,L2,,,
34610,L3,L1,L3,L3,L1,L3,L2,L2,L1,C3_3,D3_2,F3_3,L2,L3,,,
34611,L3,L1,L3,L3,L1,L3,L2,L2,L1,C3_3,D3_2,F3_3,L3,L1,,,
34612,L3,L1,L3,L3,L1,L3,L2,L2,L1,C3_3,D3_2,F3_3,L3,L2,,,
34613,L3,L1,L3,L3,L1,L3,L2,L2,L1,C3_3,D3_2,F3_3,L3,L3,,,
34614,L3,L1,L3,L3,L1,L3,L2,L2,L1,C3_3,D3_3,F3_1,L1,L1,,,
34615,L3,L1,L3,L3,L1,L3,L2,L2,L1,C3_3,D3_3,F3_1,L1,L2,,,
34616,L3,L1,L3,L3,L1,L3,L2,L2,L1,C3_3,D3_3,F3_1,L1,L3,,,
34617,L3,L1,L3,L3,L1,L3,L2,L2,L1,C3_3,D3_3,F3_1,L2,L1,,,
34618,L3,L1,L3,L3,L1,L3,L2,L2,L1,C3_3,D3_3,F3_1,L2,L2,,,
34619,L3,L1,L3,L3,L1,L3,L2,L2,L1,C3_3,D3_3,F3_1,L2,L3,,,
34620,L3,L1,L3,L3,L1,L3,L2,L2,L1,C3_3,D3_3,F3_1,L3,L1,,,
34621,L3,L1,L3,L3,L1,L3,L2,L2,L1,C3_3,D3_3,F3_1,L3,L2,,,
34622,L3,L1,L3,L3,L1,L3,L2,L2,L1,C3_3,D3_3,F3_1,L3,L3,,,
34623,L3,L1,L3,L3,L1,L3,L2,L2,L1,C3_3,D3_3,F3_2,L1,L1,,,
34624,L3,L1,L3,L3,L1,L3,L2,L2,L1,C3_3,D3_3,F3_2,L1,L2,,,
34625,L3,L1,L3,L3,L1,L3,L2,L2,L1,C3_3,D3_3,F3_2,L1,L3,,,
34626,L3,L1,L3,L3,L1,L3,L2,L2,L1,C3_3,D3_3,F3_2,L2,L1,,,
34627,L3,L1,L3,L3,L1,L3,L2,L2,L1,C3_3,D3_3,F3_2,L2,L2,,,
34628,L3,L1,L3,L3,L1,L3,L2,L2,L1,C3_3,D3_3,F3_2,L2,L3,,,
34629,L3,L1,L3,L3,L1,L3,L2,L2,L1,C3_3,D3_3,F3_2,L3,L1,,,
34630,L3,L1,L3,L3,L1,L3,L2,L2,L1,C3_3,D3_3,F3_2,L3,L2,,,
34631,L3,L1,L3,L3,L1,L3,L2,L2,L1,C3_3,D3_3,F3_2,L3,L3,,,
34632,L3,L1,L3,L3,L1,L3,L2,L2,L1,C3_3,D3_3,F3_3,L1,L1,,,
34633,L3,L1,L3,L3,L1,L3,L2,L2,L1,C3_3,D3_3,F3_3,L1,L2,,,
34634,L3,L1,L3,L3,L1,L3,L2,L2,L1,C3_3,D3_3,F3_3,L1,L3,,,
34635,L3,L1,L3,L3,L1,L3,L2,L2,L1,C3_3,D3_3,F3_3,L2,L1,,,
34636,L3,L1,L3,L3,L1,L3,L2,L2,L1,C3_3,D3_3,F3_3,L2,L2,,,
34637,L3,L1,L3,L3,L1,L3,L2,L2,L1,C3_3,D3_3,F3_3,L2,L3,,,
34638,L3,L1,L3,L3,L1,L3,L2,L2,L1,C3_3,D3_3,F3_3,L3,L1,,,
34639,L3,L1,L3,L3,L1,L3,L2,L2,L1,C3_3,D3_3,F3_3,L3,L2,,,
34640,L3,L1,L3,L3,L1,L3,L2,L2,L1,C3_3,D3_3,F3_3,L3,L3,,,
37098,L3,L3,L1,L2,L3,L3,L2,L2,L1,C3_1,D3_1,F3_1,L1,L1,,,
37099,L3,L3,L1,L2,L3,L3,L2,L2,L1,C3_1,D3_1,F3_1,L1,L2,,,
37100,L3,L3,L1,L2,L3,L3,L2,L2,L1,C3_1,D3_1,F3_1,L1,L3,,,
37101,L3,L3,L1,L2,L3,L3,L2,L2,L1,C3_1,D3_1,F3_1,L2,L1,,,
37102,L3,L3,L1,L2,L3,L3,L2,L2,L1,C3_1,D3_1,F3_1,L2,L2,,,
37103,L3,L3,L1,L2,L3,L3,L2,L2,L1,C3_1,D3_1,F3_1,L2,L3,,,
37104,L3,L3,L1,L2,L3,L3,L2,L2,L1,C3_1,D3_1,F3_1,L3,L1,,,
37105,L3,L3,L1,L2,L3,L3,L2,L2,L1,C3_1,D3_1,F3_1,L3,L2,,,
37106,L3,L3,L1,L2,L3,L3,L2,L2,L1,C3_1,D3_1,F3_1,L3,L3,,,
37107,L3,L3,L1,L2,L3,L3,L2,L2,L1,C3_1,D3_1,F3_2,L1,L1,,,
37108,L3,L3,L1,L2,L3,L3,L2,L2,L1,C3_1,D3_1,F3_2,L1,L2,,,
37109,L3,L3,L1,L2,L3,L3,L2,L2,L1,C3_1,D3_1,F3_2,L1,L3,,,
37110,L3,L3,L1,L2,L3,L3,L2,L2,L1,C3_1,D3_1,F3_2,L2,L1,,,
37111,L3,L3,L1,L2,L3,L3,L2,L2,L1,C3_1,D3_1,F3_2,L2,L2,,,
37112,L3,L3,L1,L2,L3,L3,L2,L2,L1,C3_1,D3_1,F3_2,L2,L3,,,
37113,L3,L3,L1,L2,L3,L3,L2,L2,L1,C3_1,D3_1,F3_2,L3,L1,,,
37114,L3,L3,L1,L2,L3,L3,L2,L2,L1,C3_1,D3_1,F3_2,L3,L2,,,
37115,L3,L3,L1,L2,L3,L3,L2,L2,L1,C3_1,D3_1,F3_2,L3,L3,,,
37116,L3,L3,L1,L2,L3,L3,L2,L2,L1,C3_1,D3_1,F3_3,L1,L1,,,
37117,L3,L3,L1,L2,L3,L3,L2,L2,L1,C3_1,D3_1,F3_3,L1,L2,,,
37118,L3,L3,L1,L2,L3,L3,L2,L2,L1,C3_1,D3_1,F3_3,L1,L3,,,
37119,L3,L3,L1,L2,L3,L3,L2,L2,L1,C3_1,D3_1,F3_3,L2,L1,,,
37120,L3,L3,L1,L2,L3,L3,L2,L2,L1,C3_1,D3_1,F3_3,L2,L2,,,
37121,L3,L3,L1,L2,L3,L3,L2,L2,L1,C3_1,D3_1,F3_3,L2,L3,,,
37122,L3,L3,L1,L2,L3,L3,L2,L2,L1,C3_1,D3_1,F3_3,L3,L1,,,
37123,L3,L3,L1,L2,L3,L3,L2,L2,L1,C3_1,D3_1,F3_3,L3,L2,,,
37124,L3,L3,L1,L2,L3,L3,L2,L2,L1,C3_1,D3_1,F3_3,L3,L3,,,
37125,L3,L3,L1,L2,L3,L3,L2,L2,L1,C3_1,D3_2,F3_1,L1,L1,,,
37126,L3,L3,L1,L2,L3,L3,L2,L2,L1,C3_1,D3_2,F3_1,L1,L2,,,
37127,L3,L3,L1,L2,L3,L3,L2,L2,L1,C3_1,D3_2,F3_1,L1,L3,,,
37128,L3,L3,L1,L2,L3,L3,L2,L2,L1,C3_1,D3_2,F3_1,L2,L1,,,
37129,L3,L3,L1,L2,L3,L3,L2,L2,L1,C3_1,D3_2,F3_1,L2,L2,,,
37130,L3,L3,L1,L2,L3,L3,L2,L2,L1,C3_1,D3_2,F3_1,L2,L3,,,
37131,L3,L3,L1,L2,L3,L3,L2,L2,L1,C3_1,D3_2,F3_1,L3,L1,,,
37132,L3,L3,L1,L2,L3,L3,L2,L2,L1,C3_1,D3_2,F3_1,L3,L2,,,
37133,L3,L3,L1,L2,L3,L3,L2,L2,L1,C3_1,D3_2,F3_1,L3,L3,,,
37134,L3,L3,L1,L2,L3,L3,L2,L2,L1,C3_1,D3_2,F3_2,L1,L1,,,
37135,L3,L3,L1,L2,L3,L3,L2,L2,L1,C3_1,D3_2,F3_2,L1,L2,,,
37136,L3,L3,L1,L2,L3,L3,L2,L2,L1,C3_1,D3_2,F3_2,L1,L3,,,
37137,L3,L3,L1,L2,L3,L3,L2,L2,L1,C3_1,D3_2,F3_2,L2,L1,,,
37138,L3,L3,L1,L2,L3,L3,L2,L2,L1,C3_1,D3_2,F3_2,L2,L2,,,
37139,L3,L3,L1,L2,L3,L3,L2,L2,L1,C3_1,D3_2,F3_2,L2,L3,,,
37140,L3,L3,L1,L2,L3,L3,L2,L2,L1,C3_1,D3_2,F3_2,L3,L1,,,
37141,L3,L3,L1,L2,L3,L3,L2,L2,L1,C3_1,D3_2,F3_2,L3,L2,,,
37142,L3,L3,L1,L2,L3,L3,L2,L2,L1,C3_1,D3_2,F3_2,L3,L3,,,
37143,L3,L3,L1,L2,L3,L3,L2,L2,L1,C3_1,D3_2,F3_3,L1,L1,,,
37144,L3,L3,L1,L2,L3,L3,L2,L2,L1,C3_1,D3_2,F3_3,L1,L2,,,
37145,L3,L3,L1,L2,L3,L3,L2,L2,L1,C3_1,D3_2,F3_3,L1,L3,,,
37146,L3,L3,L1,L2,L3,L3,L2,L2,L1,C3_1,D3_2,F3_3,L2,L1,,,
37147,L3,L3,L1,L2,L3,L3,L2,L2,L1,C3_1,D3_2,F3_3,L2,L2,,,
37148,L3,L3,L1,L2,L3,L3,L2,L2,L1,C3_1,D3_2,F3_3,L2,L3,,,
37149,L3,L3,L1,L2,L3,L3,L2,L2,L1,C3_1,D3_2,F3_3,L3,L1,,,
37150,L3,L3,L1,L2,L3,L3,L2,L2,L1,C3_1,D3_2,F3_3,L3,L2,,,
37151,L3,L3,L1,L2,L3,L3,L2,L2,L1,C3_1,D3_2,F3_3,L3,L3,,,
37152,L3,L3,L1,L2,L3,L3,L2,L2,L1,C3_1,D3_3,F3_1,L1,L1,,,
37153,L3,L3,L1,L2,L3,L3,L2,L2,L1,C3_1,D3_3,F3_1,L1,L2,,,
37154,L3,L3,L1,L2,L3,L3,L2,L2,L1,C3_1,D3_3,F3_1,L1,L3,,,
37155,L3,L3,L1,L2,L3,L3,L2,L2,L1,C3_1,D3_3,F3_1,L2,L1,,,
37156,L3,L3,L1,L2,L3,L3,L2,L2,L1,C3_1,D3_3,F3_1,L2,L2,,,
37157,L3,L3,L1,L2,L3,L3,L2,L2,L1,C3_1,D3_3,F3_1,L2,L3,,,
37158,L3,L3,L1,L2,L3,L3,L2,L2,L1,C3_1,D3_3,F3_1,L3,L1,,,
37159,L3,L3,L1,L2,L3,L3,L2,L2,L1,C3_1,D3_3,F3_1,L3,L2,,,
37160,L3,L3,L1,L2,L3,L3,L2,L2,L1,C3_1,D3_3,F3_1,L3,L3,,,
37161,L3,L3,L1,L2,L3,L3,L2,L2,L1,C3_1,D3_3,F3_2,L1,L1,,,
37162,L3,L3,L1,L2,L3,L3,L2,L2,L1,C3_1,D3_3,F3_2,L1,L2,,,
37163,L3,L3,L1,L2,L3,L3,L2,L2,L1,C3_1,D3_3,F3_2,L1,L3,,,
37164,L3,L3,L1,L2,L3,L3,L2,L2,L1,C3_1,D3_3,F3_2,L2,L1,,,
37165,L3,L3,L1,L2,L3,L3,L2,L2,L1,C3_1,D3_3,F3_2,L2,L2,,,
37166,L3,L3,L1,L2,L3,L3,L2,L2,L1,C3_1,D3_3,F3_2,L2,L3,,,
37167,L3,L3,L1,L2,L3,L3,L2,L2,L1,C3_1,D3_3,F3_2,L3,L1,,,
37168,L3,L3,L1,L2,L3,L3,L2,L2,L1,C3_1,D3_3,F3_2,L3,L2,,,
37169,L3,L3,L1,L2,L3,L3,L2,L2,L1,C3_1,D3_3,F3_2,L3,L3,,,
37170,L3,L3,L1,L2,L3,L3,L2,L2,L1,C3_1,D3_3,F3_3,L1,L1,,,
37171,L3,L3,L1,L2,L3,L3,L2,L2,L1,C3_1,D3_3,F3_3,L1,L2,,,
37172,L3,L3,L1,L2,L3,L3,L2,L2,L1,C3_1,D3_3,F3_3,L1,L3,,,
37173,L3,L3,L1,L2,L3,L3,L2,L2,L1,C3_1,D3_3,F3_3,L2,L1,,,
37174,L3,L3,L1,L2,L3,L3,L2,L2,L1,C3_1,D3_3,F3_3,L2,L2,,,
37175,L3,L3,L1,L2,L3,L3,L2,L2,L1,C3_1,D3_3,F3_3,L2,L3,,,
37176,L3,L3,L1,L2,L3,L3,L2,L2,L1,C3_1,D3_3,F3_3,L3,L1,,,
37177,L3,L3,L1,L2,L3,L3,L2,L2,L1,C3_1,D3_3,F3_3,L3,L2,,,
37178,L3,L3,L1,L2,L3,L3,L2,L2,L1,C3_1,D3_3,F3_3,L3,L3,,,
37179,L3,L3,L1,L2,L3,L3,L2,L2,L1,C3_2,D3_1,F3_1,L1,L1,,,
37180,L3,L3,L1,L2,L3,L3,L2,L2,L1,C3_2,D3_1,F3_1,L1,L2,,,
37181,L3,L3,L1,L2,L3,L3,L2,L2,L1,C3_2,D3_1,F3_1,L1,L3,,,
37182,L3,L3,L1,L2,L3,L3,L2,L2,L1,C3_2,D3_1,F3_1,L2,L1,,,
37183,L3,L3,L1,L2,L3,L3,L2,L2,L1,C3_2,D3_1,F3_1,L2,L2,,,
37184,L3,L3,L1,L2,L3,L3,L2,L2,L1,C3_2,D3_1,F3_1,L2,L3,,,
37185,L3,L3,L1,L2,L3,L3,L2,L2,L1,C3_2,D3_1,F3_1,L3,L1,,,
37186,L3,L3,L1,L2,L3,L3,L2,L2,L1,C3_2,D3_1,F3_1,L3,L2,,,
37187,L3,L3,L1,L2,L3,L3,L2,L2,L1,C3_2,D3_1,F3_1,L3,L3,,,
37188,L3,L3,L1,L2,L3,L3,L2,L2,L1,C3_2,D3_1,F3_2,L1,L1,,,
37189,L3,L3,L1,L2,L3,L3,L2,L2,L1,C3_2,D3_1,F3_2,L1,L2,,,
37190,L3,L3,L1,L2,L3,L3,L2,L2,L1,C3_2,D3_1,F3_2,L1,L3,,,
37191,L3,L3,L1,L2,L3,L3,L2,L2,L1,C3_2,D3_1,F3_2,L2,L1,,,
37192,L3,L3,L1,L2,L3,L3,L2,L2,L1,C3_2,D3_1,F3_2,L2,L2,,,
37193,L3,L3,L1,L2,L3,L3,L2,L2,L1,C3_2,D3_1,F3_2,L2,L3,,,
37194,L3,L3,L1,L2,L3,L3,L2,L2,L1,C3_2,D3_1,F3_2,L3,L1,,,
37195,L3,L3,L1,L2,L3,L3,L2,L2,L1,C3_2,D3_1,F3_2,L3,L2,,,
37196,L3,L3,L1,L2,L3,L3,L2,L2,L1,C3_2,D3_1,F3_2,L3,L3,,,
37197,L3,L3,L1,L2,L3,L3,L2,L2,L1,C3_2,D3_1,F3_3,L1,L1,,,
37198,L3,L3,L1,L2,L3,L3,L2,L2,L1,C3_2,D3_1,F3_3,L1,L2,,,
37199,L3,L3,L1,L2,L3,L3,L2,L2,L1,C3_2,D3_1,F3_3,L1,L3,,,
37200,L3,L3,L1,L2,L3,L3,L2,L2,L1,C3_2,D3_1,F3_3,L2,L1,,,
37201,L3,L3,L1,L2,L3,L3,L2,L2,L1,C3_2,D3_1,F3_3,L2,L2,,,
37202,L3,L3,L1,L2,L3,L3,L2,L2,L1,C3_2,D3_1,F3_3,L2,L3,,,
37203,L3,L3,L1,L2,L3,L3,L2,L2,L1,C3_2,D3_1,F3_3,L3,L1,,,
37204,L3,L3,L1,L2,L3,L3,L2,L2,L1,C3_2,D3_1,F3_3,L3,L2,,,
37205,L3,L3,L1,L2,L3,L3,L2,L2,L1,C3_2,D3_1,F3_3,L3,L3,,,
37206,L3,L3,L1,L2,L3,L3,L2,L2,L1,C3_2,D3_2,F3_1,L1,L1,,,
37207,L3,L3,L1,L2,L3,L3,L2,L2,L1,C3_2,D3_2,F3_1,L1,L2,,,
37208,L3,L3,L1,L2,L3,L3,L2,L2,L1,C3_2,D3_2,F3_1,L1,L3,,,
37209,L3,L3,L1,L2,L3,L3,L2,L2,L1,C3_2,D3_2,F3_1,L2,L1,,,
37210,L3,L3,L1,L2,L3,L3,L2,L2,L1,C3_2,D3_2,F3_1,L2,L2,,,
37211,L3,L3,L1,L2,L3,L3,L2,L2,L1,C3_2,D3_2,F3_1,L2,L3,,,
37212,L3,L3,L1,L2,L3,L3,L2,L2,L1,C3_2,D3_2,F3_1,L3,L1,,,
37213,L3,L3,L1,L2,L3,L3,L2,L2,L1,C3_2,D3_2,F3_1,L3,L2,,,
37214,L3,L3,L1,L2,L3,L3,L2,L2,L1,C3_2,D3_2,F3_1,L3,L3,,,
37215,L3,L3,L1,L2,L3,L3,L2,L2,L1,C3_2,D3_2,F3_2,L1,L1,,,
37216,L3,L3,L1,L2,L3,L3,L2,L2,L1,C3_2,D3_2,F3_2,L1,L2,,,
37217,L3,L3,L1,L2,L3,L3,L2,L2,L1,C3_2,D3_2,F3_2,L1,L3,,,
37218,L3,L3,L1,L2,L3,L3,L2,L2,L1,C3_2,D3_2,F3_2,L2,L1,,,
37219,L3,L3,L1,L2,L3,L3,L2,L2,L1,C3_2,D3_2,F3_2,L2,L2,,,
37220,L3,L3,L1,L2,L3,L3,L2,L2,L1,C3_2,D3_2,F3_2,L2,L3,,,
37221,L3,L3,L1,L2,L3,L3,L2,L2,L1,C3_2,D3_2,F3_2,L3,L1,,,
37222,L3,L3,L1,L2,L3,L3,L2,L2,L1,C3_2,D3_2,F3_2,L3,L2,,,
37223,L3,L3,L1,L2,L3,L3,L2,L2,L1,C3_2,D3_2,F3_2,L3,L3,,,
37224,L3,L3,L1,L2,L3,L3,L2,L2,L1,C3_2,D3_2,F3_3,L1,L1,,,
37225,L3,L3,L1,L2,L3,L3,L2,L2,L1,C3_2,D3_2,F3_3,L1,L2,,,
37226,L3,L3,L1,L2,L3,L3,L2,L2,L1,C3_2,D3_2,F3_3,L1,L3,,,
37227,L3,L3,L1,L2,L3,L3,L2,L2,L1,C3_2,D3_2,F3_3,L2,L1,,,
37228,L3,L3,L1,L2,L3,L3,L2,L2,L1,C3_2,D3_2,F3_3,L2,L2,,,
37229,L3,L3,L1,L2,L3,L3,L2,L2,L1,C3_2,D3_2,F3_3,L2,L3,,,
37230,L3,L3,L1,L2,L3,L3,L2,L2,L1,C3_2,D3_2,F3_3,L3,L1,,,
37231,L3,L3,L1,L2,L3,L3,L2,L2,L1,C3_2,D3_2,F3_3,L3,L2,,,
37232,L3,L3,L1,L2,L3,L3,L2,L2,L1,C3_2,D3_2,F3_3,L3,L3,,,
37233,L3,L3,L1,L2,L3,L3,L2,L2,L1,C3_2,D3_3,F3_1,L1,L1,,,
37234,L3,L3,L1,L2,L3,L3,L2,L2,L1,C3_2,D3_3,F3_1,L1,L2,,,
37235,L3,L3,L1,L2,L3,L3,L2,L2,L1,C3_2,D3_3,F3_1,L1,L3,,,
37236,L3,L3,L1,L2,L3,L3,L2,L2,L1,C3_2,D3_3,F3_1,L2,L1,,,
37237,L3,L3,L1,L2,L3,L3,L2,L2,L1,C3_2,D3_3,F3_1,L2,L2,,,
37238,L3,L3,L1,L2,L3,L3,L2,L2,L1,C3_2,D3_3,F3_1,L2,L3,,,
37239,L3,L3,L1,L2,L3,L3,L2,L2,L1,C3_2,D3_3,F3_1,L3,L1,,,
37240,L3,L3,L1,L2,L3,L3,L2,L2,L1,C3_2,D3_3,F3_1,L3,L2,,,
37241,L3,L3,L1,L2,L3,L3,L2,L2,L1,C3_2,D3_3,F3_1,L3,L3,,,
37242,L3,L3,L1,L2,L3,L3,L2,L2,L1,C3_2,D3_3,F3_2,L1,L1,,,
37243,L3,L3,L1,L2,L3,L3,L2,L2,L1,C3_2,D3_3,F3_2,L1,L2,,,
37244,L3,L3,L1,L2,L3,L3,L2,L2,L1,C3_2,D3_3,F3_2,L1,L3,,,
37245,L3,L3,L1,L2,L3,L3,L2,L2,L1,C3_2,D3_3,F3_2,L2,L1,,,
37246,L3,L3,L1,L2,L3,L3,L2,L2,L1,C3_2,D3_3,F3_2,L2,L2,,,
37247,L3,L3,L1,L2,L3,L3,L2,L2,L1,C3_2,D3_3,F3_2,L2,L3,,,
37248,L3,L3,L1,L2,L3,L3,L2,L2,L1,C3_2,D3_3,F3_2,L3,L1,,,
37249,L3,L3,L1,L2,L3,L3,L2,L2,L1,C3_2,D3_3,F3_2,L3,L2,,,
37250,L3,L3,L1,L2,L3,L3,L2,L2,L1,C3_2,D3_3,F3_2,L3,L3,,,
37251,L3,L3,L1,L2,L3,L3,L2,L2,L1,C3_2,D3_3,F3_3,L1,L1,,,
37252,L3,L3,L1,L2,L3,L3,L2,L2,L1,C3_2,D3_3,F3_3,L1,L2,,,
37253,L3,L3,L1,L2,L3,L3,L2,L2,L1,C3_2,D3_3,F3_3,L1,L3,,,
37254,L3,L3,L1,L2,L3,L3,L2,L2,L1,C3_2,D3_3,F3_3,L2,L1,,,
37255,L3,L3,L1,L2,L3,L3,L2,L2,L1,C3_2,D3_3,F3_3,L2,L2,,,
37256,L3,L3,L1,L2,L3,L3,L2,L2,L1,C3_2,D3_3,F3_3,L2,L3,,,
37257,L3,L3,L1,L2,L3,L3,L2,L2,L1,C3_2,D3_3,F3_3,L3,L1,,,
37258,L3,L3,L1,L2,L3,L3,L2,L2,L1,C3_2,D3_3,F3_3,L3,L2,,,
37259,L3,L3,L1,L2,L3,L3,L2,L2,L1,C3_2,D3_3,F3_3,L3,L3,,,
37260,L3,L3,L1,L2,L3,L3,L2,L2,L1,C3_3,D3_1,F3_1,L1,L1,,,
37261,L3,L3,L1,L2,L3,L3,L2,L2,L1,C3_3,D3_1,F3_1,L1,L2,,,
37262,L3,L3,L1,L2,L3,L3,L2,L2,L1,C3_3,D3_1,F3_1,L1,L3,,,
37263,L3,L3,L1,L2,L3,L3,L2,L2,L1,C3_3,D3_1,F3_1,L2,L1,,,
37264,L3,L3,L1,L2,L3,L3,L2,L2,L1,C3_3,D3_1,F3_1,L2,L2,,,
37265,L3,L3,L1,L2,L3,L3,L2,L2,L1,C3_3,D3_1,F3_1,L2,L3,,,
37266,L3,L3,L1,L2,L3,L3,L2,L2,L1,C3_3,D3_1,F3_1,L3,L1,,,
37267,L3,L3,L1,L2,L3,L3,L2,L2,L1,C3_3,D3_1,F3_1,L3,L2,,,
37268,L3,L3,L1,L2,L3,L3,L2,L2,L1,C3_3,D3_1,F3_1,L3,L3,,,
37269,L3,L3,L1,L2,L3,L3,L2,L2,L1,C3_3,D3_1,F3_2,L1,L1,,,
37270,L3,L3,L1,L2,L3,L3,L2,L2,L1,C3_3,D3_1,F3_2,L1,L2,,,
37271,L3,L3,L1,L2,L3,L3,L2,L2,L1,C3_3,D3_1,F3_2,L1,L3,,,
37272,L3,L3,L1,L2,L3,L3,L2,L2,L1,C3_3,D3_1,F3_2,L2,L1,,,
37273,L3,L3,L1,L2,L3,L3,L2,L2,L1,C3_3,D3_1,F3_2,L2,L2,,,
37274,L3,L3,L1,L2,L3,L3,L2,L2,L1,C3_3,D3_1,F3_2,L2,L3,,,
37275,L3,L3,L1,L2,L3,L3,L2,L2,L1,C3_3,D3_1,F3_2,L3,L1,,,
37276,L3,L3,L1,L2,L3,L3,L2,L2,L1,C3_3,D3_1,F3_2,L3,L2,,,
37277,L3,L3,L1,L2,L3,L3,L2,L2,L1,C3_3,D3_1,F3_2,L3,L3,,,
37278,L3,L3,L1,L2,L3,L3,L2,L2,L1,C3_3,D3_1,F3_3,L1,L1,,,
37279,L3,L3,L1,L2,L3,L3,L2,L2,L1,C3_3,D3_1,F3_3,L1,L2,,,
37280,L3,L3,L1,L2,L3,L3,L2,L2,L1,C3_3,D3_1,F3_3,L1,L3,,,
37281,L3,L3,L1,L2,L3,L3,L2,L2,L1,C3_3,D3_1,F3_3,L2,L1,,,
37282,L3,L3,L1,L2,L3,L3,L2,L2,L1,C3_3,D3_1,F3_3,L2,L2,,,
37283,L3,L3,L1,L2,L3,L3,L2,L2,L1,C3_3,D3_1,F3_3,L2,L3,,,
37284,L3,L3,L1,L2,L3,L3,L2,L2,L1,C3_3,D3_1,F3_3,L3,L1,,,
37285,L3,L3,L1,L2,L3,L3,L2,L2,L1,C3_3,D3_1,F3_3,L3,L2,,,
37286,L3,L3,L1,L2,L3,L3,L2,L2,L1,C3_3,D3_1,F3_3,L3,L3,,,
37287,L3,L3,L1,L2,L3,L3,L2,L2,L1,C3_3,D3_2,F3_1,L1,L1,,,
37288,L3,L3,L1,L2,L3,L3,L2,L2,L1,C3_3,D3_2,F3_1,L1,L2,,,
37289,L3,L3,L1,L2,L3,L3,L2,L2,L1,C3_3,D3_2,F3_1,L1,L3,,,
37290,L3,L3,L1,L2,L3,L3,L2,L2,L1,C3_3,D3_2,F3_1,L2,L1,,,
37291,L3,L3,L1,L2,L3,L3,L2,L2,L1,C3_3,D3_2,F3_1,L2,L2,,,
37292,L3,L3,L1,L2,L3,L3,L2,L2,L1,C3_3,D3_2,F3_1,L2,L3,,,
37293,L3,L3,L1,L2,L3,L3,L2,L2,L1,C3_3,D3_2,F3_1,L3,L1,,,
37294,L3,L3,L1,L2,L3,L3,L2,L2,L1,C3_3,D3_2,F3_1,L3,L2,,,
37295,L3,L3,L1,L2,L3,L3,L2,L2,L1,C3_3,D3_2,F3_1,L3,L3,,,
37296,L3,L3,L1,L2,L3,L3,L2,L2,L1,C3_3,D3_2,F3_2,L1,L1,,,
37297,L3,L3,L1,L2,L3,L3,L2,L2,L1,C3_3,D3_2,F3_2,L1,L2,,,
37298,L3,L3,L1,L2,L3,L3,L2,L2,L1,C3_3,D3_2,F3_2,L1,L3,,,
37299,L3,L3,L1,L2,L3,L3,L2,L2,L1,C3_3,D3_2,F3_2,L2,L1,,,
37300,L3,L3,L1,L2,L3,L3,L2,L2,L1,C3_3,D3_2,F3_2,L2,L2,,,
37301,L3,L3,L1,L2,L3,L3,L2,L2,L1,C3_3,D3_2,F3_2,L2,L3,,,
37302,L3,L3,L1,L2,L3,L3,L2,L2,L1,C3_3,D3_2,F3_2,L3,L1,,,
37303,L3,L3,L1,L2,L3,L3,L2,L2,L1,C3_3,D3_2,F3_2,L3,L2,,,
37304,L3,L3,L1,L2,L3,L3,L2,L2,L1,C3_3,D3_2,F3_2,L3,L3,,,
37305,L3,L3,L1,L2,L3,L3,L2,L2,L1,C3_3,D3_2,F3_3,L1,L1,,,
37306,L3,L3,L1,L2,L3,L3,L2,L2,L1,C3_3,D3_2,F3_3,L1,L2,,,
37307,L3,L3,L1,L2,L3,L3,L2,L2,L1,C3_3,D3_2,F3_3,L1,L3,,,
37308,L3,L3,L1,L2,L3,L3,L2,L2,L1,C3_3,D3_2,F3_3,L2,L1,,,
37309,L3,L3,L1,L2,L3,L3,L2,L2,L1,C3_3,D3_2,F3_3,L2,L2,,,
37310,L3,L3,L1,L2,L3,L3,L2,L2,L1,C3_3,D3_2,F3_3,L2,L3,,,
37311,L3,L3,L1,L2,L3,L3,L2,L2,L1,C3_3,D3_2,F3_3,L3,L1,,,
37312,L3,L3,L1,L2,L3,L3,L2,L2,L1,C3_3,D3_2,F3_3,L3,L2,,,
37313,L3,L3,L1,L2,L3,L3,L2,L2,L1,C3_3,D3_2,F3_3,L3,L3,,,
37314,L3,L3,L1,L2,L3,L3,L2,L2,L1,C3_3,D3_3,F3_1,L1,L1,,,
37315,L3,L3,L1,L2,L3,L3,L2,L2,L1,C3_3,D3_3,F3_1,L1,L2,,,
37316,L3,L3,L1,L2,L3,L3,L2,L2,L1,C3_3,D3_3,F3_1,L1,L3,,,
37317,L3,L3,L1,L2,L3,L3,L2,L2,L1,C3_3,D3_3,F3_1,L2,L1,,,
37318,L3,L3,L1,L2,L3,L3,L2,L2,L1,C3_3,D3_3,F3_1,L2,L2,,,
37319,L3,L3,L1,L2,L3,L3,L2,L2,L1,C3_3,D3_3,F3_1,L2,L3,,,
37320,L3,L3,L1,L2,L3,L3,L2,L2,L1,C3_3,D3_3,F3_1,L3,L1,,,
37321,L3,L3,L1,L2,L3,L3,L2,L2,L1,C3_3,D3_3,F3_1,L3,L2,,,
37322,L3,L3,L1,L2,L3,L3,L2,L2,L1,C3_3,D3_3,F3_1,L3,L3,,,
37323,L3,L3,L1,L2,L3,L3,L2,L2,L1,C3_3,D3_3,F3_2,L1,L1,,,
37324,L3,L3,L1,L2,L3,L3,L2,L2,L1,C3_3,D3_3,F3_2,L1,L2,,,
37325,L3,L3,L1,L2,L3,L3,L2,L2,L1,C3_3,D3_3,F3_2,L1,L3,,,
37326,L3,L3,L1,L2,L3,L3,L2,L2,L1,C3_3,D3_3,F3_2,L2,L1,,,
37327,L3,L3,L1,L2,L3,L3,L2,L2,L1,C3_3,D3_3,F3_2,L2,L2,,,
37328,L3,L3,L1,L2,L3,L3,L2,L2,L1,C3_3,D3_3,F3_2,L2,L3,,,
37329,L3,L3,L1,L2,L3,L3,L2,L2,L1,C3_3,D3_3,F3_2,L3,L1,,,
37330,L3,L3,L1,L2,L3,L3,L2,L2,L1,C3_3,D3_3,F3_2,L3,L2,,,
37331,L3,L3,L1,L2,L3,L3,L2,L2,L1,C3_3,D3_3,F3_2,L3,L3,,,
37332,L3,L3,L1,L2,L3,L3,L2,L2,L1,C3_3,D3_3,F3_3,L1,L1,,,
37333,L3,L3,L1,L2,L3,L3,L2,L2,L1,C3_3,D3_3,F3_3,L1,L2,,,
37334,L3,L3,L1,L2,L3,L3,L2,L2,L1,C3_3,D3_3,F3_3,L1,L3,,,
37335,L3,L3,L1,L2,L3,L3,L2,L2,L1,C3_3,D3_3,F3_3,L2,L1,,,
37336,L3,L3,L1,L2,L3,L3,L2,L2,L1,C3_3,D3_3,F3_3,L2,L2,,,
37337,L3,L3,L1,L2,L3,L3,L2,L2,L1,C3_3,D3_3,F3_3,L2,L3,,,
37338,L3,L3,L1,L2,L3,L3,L2,L2,L1,C3_3,D3_3,F3_3,L3,L1,,,
37339,L3,L3,L1,L2,L3,L3,L2,L2,L1,C3_3,D3_3,F3_3,L3,L2,,,
37340,L3,L3,L1,L2,L3,L3,L2,L2,L1,C3_3,D3_3,F3_3,L3,L3,,,
53541,L1,L1,L1,L2,L3,L3,L2,L2,L1,C3_1,D3_1,F3_1,L1,L1,,,
53542,L1,L1,L1,L2,L3,L3,L2,L2,L1,C3_1,D3_1,F3_1,L1,L2,,,
53543,L1,L1,L1,L2,L3,L3,L2,L2,L1,C3_1,D3_1,F3_1,L1,L3,,,
53544,L1,L1,L1,L2,L3,L3,L2,L2,L1,C3_1,D3_1,F3_1,L2,L1,,,
53545,L1,L1,L1,L2,L3,L3,L2,L2,L1,C3_1,D3_1,F3_1,L2,L2,,,
53546,L1,L1,L1,L2,L3,L3,L2,L2,L1,C3_1,D3_1,F3_1,L2,L3,,,
53547,L1,L1,L1,L2,L3,L3,L2,L2,L1,C3_1,D3_1,F3_1,L3,L1,,,
53548,L1,L1,L1,L2,L3,L3,L2,L2,L1,C3_1,D3_1,F3_1,L3,L2,,,
53549,L1,L1,L1,L2,L3,L3,L2,L2,L1,C3_1,D3_1,F3_1,L3,L3,,,
53550,L1,L1,L1,L2,L3,L3,L2,L2,L1,C3_1,D3_1,F3_2,L1,L1,,,
53551,L1,L1,L1,L2,L3,L3,L2,L2,L1,C3_1,D3_1,F3_2,L1,L2,,,
53552,L1,L1,L1,L2,L3,L3,L2,L2,L1,C3_1,D3_1,F3_2,L1,L3,,,
53553,L1,L1,L1,L2,L3,L3,L2,L2,L1,C3_1,D3_1,F3_2,L2,L1,,,
53554,L1,L1,L1,L2,L3,L3,L2,L2,L1,C3_1,D3_1,F3_2,L2,L2,,,
53555,L1,L1,L1,L2,L3,L3,L2,L2,L1,C3_1,D3_1,F3_2,L2,L3,,,
53556,L1,L1,L1,L2,L3,L3,L2,L2,L1,C3_1,D3_1,F3_2,L3,L1,,,
53557,L1,L1,L1,L2,L3,L3,L2,L2,L1,C3_1,D3_1,F3_2,L3,L2,,,
53558,L1,L1,L1,L2,L3,L3,L2,L2,L1,C3_1,D3_1,F3_2,L3,L3,,,
53559,L1,L1,L1,L2,L3,L3,L2,L2,L1,C3_1,D3_1,F3_3,L1,L1,,,
53560,L1,L1,L1,L2,L3,L3,L2,L2,L1,C3_1,D3_1,F3_3,L1,L2,,,
53561,L1,L1,L1,L2,L3,L3,L2,L2,L1,C3_1,D3_1,F3_3,L1,L3,,,
53562,L1,L1,L1,L2,L3,L3,L2,L2,L1,C3_1,D3_1,F3_3,L2,L1,,,
53563,L1,L1,L1,L2,L3,L3,L2,L2,L1,C3_1,D3_1,F3_3,L2,L2,,,
53564,L1,L1,L1,L2,L3,L3,L2,L2,L1,C3_1,D3_1,F3_3,L2,L3,,,
53565,L1,L1,L1,L2,L3,L3,L2,L2,L1,C3_1,D3_1,F3_3,L3,L1,,,
53566,L1,L1,L1,L2,L3,L3,L2,L2,L1,C3_1,D3_1,F3_3,L3,L2,,,
53567,L1,L1,L1,L2,L3,L3,L2,L2,L1,C3_1,D3_1,F3_3,L3,L3,,,
53568,L1,L1,L1,L2,L3,L3,L2,L2,L1,C3_1,D3_2,F3_1,L1,L1,,,
53569,L1,L1,L1,L2,L3,L3,L2,L2,L1,C3_1,D3_2,F3_1,L1,L2,,,
53570,L1,L1,L1,L2,L3,L3,L2,L2,L1,C3_1,D3_2,F3_1,L1,L3,,,
53571,L1,L1,L1,L2,L3,L3,L2,L2,L1,C3_1,D3_2,F3_1,L2,L1,,,
53572,L1,L1,L1,L2,L3,L3,L2,L2,L1,C3_1,D3_2,F3_1,L2,L2,,,
53573,L1,L1,L1,L2,L3,L3,L2,L2,L1,C3_1,D3_2,F3_1,L2,L3,,,
53574,L1,L1,L1,L2,L3,L3,L2,L2,L1,C3_1,D3_2,F3_1,L3,L1,,,
53575,L1,L1,L1,L2,L3,L3,L2,L2,L1,C3_1,D3_2,F3_1,L3,L2,,,
53576,L1,L1,L1,L2,L3,L3,L2,L2,L1,C3_1,D3_2,F3_1,L3,L3,,,
53577,L1,L1,L1,L2,L3,L3,L2,L2,L1,C3_1,D3_2,F3_2,L1,L1,,,
53578,L1,L1,L1,L2,L3,L3,L2,L2,L1,C3_1,D3_2,F3_2,L1,L2,,,
53579,L1,L1,L1,L2,L3,L3,L2,L2,L1,C3_1,D3_2,F3_2,L1,L3,,,
53580,L1,L1,L1,L2,L3,L3,L2,L2,L1,C3_1,D3_2,F3_2,L2,L1,,,
53581,L1,L1,L1,L2,L3,L3,L2,L2,L1,C3_1,D3_2,F3_2,L2,L2,,,
53582,L1,L1,L1,L2,L3,L3,L2,L2,L1,C3_1,D3_2,F3_2,L2,L3,,,
53583,L1,L1,L1,L2,L3,L3,L2,L2,L1,C3_1,D3_2,F3_2,L3,L1,,,
53584,L1,L1,L1,L2,L3,L3,L2,L2,L1,C3_1,D3_2,F3_2,L3,L2,,,
53585,L1,L1,L1,L2,L3,L3,L2,L2,L1,C3_1,D3_2,F3_2,L3,L3,,,
53586,L1,L1,L1,L2,L3,L3,L2,L2,L1,C3_1,D3_2,F3_3,L1,L1,,,
53587,L1,L1,L1,L2,L3,L3,L2,L2,L1,C3_1,D3_2,F3_3,L1,L2,,,
53588,L1,L1,L1,L2,L3,L3,L2,L2,L1,C3_1,D3_2,F3_3,L1,L3,,,
53589,L1,L1,L1,L2,L3,L3,L2,L2,L1,C3_1,D3_2,F3_3,L2,L1,,,
53590,L1,L1,L1,L2,L3,L3,L2,L2,L1,C3_1,D3_2,F3_3,L2,L2,,,
53591,L1,L1,L1,L2,L3,L3,L2,L2,L1,C3_1,D3_2,F3_3,L2,L3,,,
53592,L1,L1,L1,L2,L3,L3,L2,L2,L1,C3_1,D3_2,F3_3,L3,L1,,,
53593,L1,L1,L1,L2,L3,L3,L2,L2,L1,C3_1,D3_2,F3_3,L3,L2,,,
53594,L1,L1,L1,L2,L3,L3,L2,L2,L1,C3_1,D3_2,F3_3,L3,L3,,,
53595,L1,L1,L1,L2,L3,L3,L2,L2,L1,C3_1,D3_3,F3_1,L1,L1,,,
53596,L1,L1,L1,L2,L3,L3,L2,L2,L1,C3_1,D3_3,F3_1,L1,L2,,,
53597,L1,L1,L1,L2,L3,L3,L2,L2,L1,C3_1,D3_3,F3_1,L1,L3,,,
53598,L1,L1,L1,L2,L3,L3,L2,L2,L1,C3_1,D3_3,F3_1,L2,L1,,,
53599,L1,L1,L1,L2,L3,L3,L2,L2,L1,C3_1,D3_3,F3_1,L2,L2,,,
53600,L1,L1,L1,L2,L3,L3,L2,L2,L1,C3_1,D3_3,F3_1,L2,L3,,,
53601,L1,L1,L1,L2,L3,L3,L2,L2,L1,C3_1,D3_3,F3_1,L3,L1,,,
53602,L1,L1,L1,L2,L3,L3,L2,L2,L1,C3_1,D3_3,F3_1,L3,L2,,,
53603,L1,L1,L1,L2,L3,L3,L2,L2,L1,C3_1,D3_3,F3_1,L3,L3,,,
53604,L1,L1,L1,L2,L3,L3,L2,L2,L1,C3_1,D3_3,F3_2,L1,L1,,,
53605,L1,L1,L1,L2,L3,L3,L2,L2,L1,C3_1,D3_3,F3_2,L1,L2,,,
53606,L1,L1,L1,L2,L3,L3,L2,L2,L1,C3_1,D3_3,F3_2,L1,L3,,,
53607,L1,L1,L1,L2,L3,L3,L2,L2,L1,C3_1,D3_3,F3_2,L2,L1,,,
53608,L1,L1,L1,L2,L3,L3,L2,L2,L1,C3_1,D3_3,F3_2,L2,L2,,,
53609,L1,L1,L1,L2,L3,L3,L2,L2,L1,C3_1,D3_3,F3_2,L2,L3,,,
53610,L1,L1,L1,L2,L3,L3,L2,L2,L1,C3_1,D3_3,F3_2,L3,L1,,,
53611,L1,L1,L1,L2,L3,L3,L2,L2,L1,C3_1,D3_3,F3_2,L3,L2,,,
53612,L1,L1,L1,L2,L3,L3,L2,L2,L1,C3_1,D3_3,F3_2,L3,L3,,,
53613,L1,L1,L1,L2,L3,L3,L2,L2,L1,C3_1,D3_3,F3_3,L1,L1,,,
53614,L1,L1,L1,L2,L3,L3,L2,L2,L1,C3_1,D3_3,F3_3,L1,L2,,,
53615,L1,L1,L1,L2,L3,L3,L2,L2,L1,C3_1,D3_3,F3_3,L1,L3,,,
53616,L1,L1,L1,L2,L3,L3,L2,L2,L1,C3_1,D3_3,F3_3,L2,L1,,,
53617,L1,L1,L1,L2,L3,L3,L2,L2,L1,C3_1,D3_3,F3_3,L2,L2,,,
53618,L1,L1,L1,L2,L3,L3,L2,L2,L1,C3_1,D3_3,F3_3,L2,L3,,,
53619,L1,L1,L1,L2,L3,L3,L2,L2,L1,C3_1,D3_3,F3_3,L3,L1,,,
53620,L1,L1,L1,L2,L3,L3,L2,L2,L1,C3_1,D3_3,F3_3,L3,L2,,,
53621,L1,L1,L1,L2,L3,L3,L2,L2,L1,C3_1,D3_3,F3_3,L3,L3,,,
53622,L1,L1,L1,L2,L3,L3,L2,L2,L1,C3_2,D3_1,F3_1,L1,L1,,,
53623,L1,L1,L1,L2,L3,L3,L2,L2,L1,C3_2,D3_1,F3_1,L1,L2,,,
53624,L1,L1,L1,L2,L3,L3,L2,L2,L1,C3_2,D3_1,F3_1,L1,L3,,,
53625,L1,L1,L1,L2,L3,L3,L2,L2,L1,C3_2,D3_1,F3_1,L2,L1,,,
53626,L1,L1,L1,L2,L3,L3,L2,L2,L1,C3_2,D3_1,F3_1,L2,L2,,,
53627,L1,L1,L1,L2,L3,L3,L2,L2,L1,C3_2,D3_1,F3_1,L2,L3,,,
53628,L1,L1,L1,L2,L3,L3,L2,L2,L1,C3_2,D3_1,F3_1,L3,L1,,,
53629,L1,L1,L1,L2,L3,L3,L2,L2,L1,C3_2,D3_1,F3_1,L3,L2,,,
53630,L1,L1,L1,L2,L3,L3,L2,L2,L1,C3_2,D3_1,F3_1,L3,L3,,,
53631,L1,L1,L1,L2,L3,L3,L2,L2,L1,C3_2,D3_1,F3_2,L1,L1,,,
53632,L1,L1,L1,L2,L3,L3,L2,L2,L1,C3_2,D3_1,F3_2,L1,L2,,,
53633,L1,L1,L1,L2,L3,L3,L2,L2,L1,C3_2,D3_1,F3_2,L1,L3,,,
53634,L1,L1,L1,L2,L3,L3,L2,L2,L1,C3_2,D3_1,F3_2,L2,L1,,,
53635,L1,L1,L1,L2,L3,L3,L2,L2,L1,C3_2,D3_1,F3_2,L2,L2,,,
53636,L1,L1,L1,L2,L3,L3,L2,L2,L1,C3_2,D3_1,F3_2,L2,L3,,,
53637,L1,L1,L1,L2,L3,L3,L2,L2,L1,C3_2,D3_1,F3_2,L3,L1,,,
53638,L1,L1,L1,L2,L3,L3,L2,L2,L1,C3_2,D3_1,F3_2,L3,L2,,,
53639,L1,L1,L1,L2,L3,L3,L2,L2,L1,C3_2,D3_1,F3_2,L3,L3,,,
53640,L1,L1,L1,L2,L3,L3,L2,L2,L1,C3_2,D3_1,F3_3,L1,L1,,,
53641,L1,L1,L1,L2,L3,L3,L2,L2,L1,C3_2,D3_1,F3_3,L1,L2,,,
53642,L1,L1,L1,L2,L3,L3,L2,L2,L1,C3_2,D3_1,F3_3,L1,L3,,,
53643,L1,L1,L1,L2,L3,L3,L2,L2,L1,C3_2,D3_1,F3_3,L2,L1,,,
53644,L1,L1,L1,L2,L3,L3,L2,L2,L1,C3_2,D3_1,F3_3,L2,L2,,,
53645,L1,L1,L1,L2,L3,L3,L2,L2,L1,C3_2,D3_1,F3_3,L2,L3,,,
53646,L1,L1,L1,L2,L3,L3,L2,L2,L1,C3_2,D3_1,F3_3,L3,L1,,,
53647,L1,L1,L1,L2,L3,L3,L2,L2,L1,C3_2,D3_1,F3_3,L3,L2,,,
53648,L1,L1,L1,L2,L3,L3,L2,L2,L1,C3_2,D3_1,F3_3,L3,L3,,,
53649,L1,L1,L1,L2,L3,L3,L2,L2,L1,C3_2,D3_2,F3_1,L1,L1,,,
53650,L1,L1,L1,L2,L3,L3,L2,L2,L1,C3_2,D3_2,F3_1,L1,L2,,,
53651,L1,L1,L1,L2,L3,L3,L2,L2,L1,C3_2,D3_2,F3_1,L1,L3,,,
53652,L1,L1,L1,L2,L3,L3,L2,L2,L1,C3_2,D3_2,F3_1,L2,L1,,,
53653,L1,L1,L1,L2,L3,L3,L2,L2,L1,C3_2,D3_2,F3_1,L2,L2,,,
53654,L1,L1,L1,L2,L3,L3,L2,L2,L1,C3_2,D3_2,F3_1,L2,L3,,,
53655,L1,L1,L1,L2,L3,L3,L2,L2,L1,C3_2,D3_2,F3_1,L3,L1,,,
53656,L1,L1,L1,L2,L3,L3,L2,L2,L1,C3_2,D3_2,F3_1,L3,L2,,,
53657,L1,L1,L1,L2,L3,L3,L2,L2,L1,C3_2,D3_2,F3_1,L3,L3,,,
53658,L1,L1,L1,L2,L3,L3,L2,L2,L1,C3_2,D3_2,F3_2,L1,L1,,,
53659,L1,L1,L1,L2,L3,L3,L2,L2,L1,C3_2,D3_2,F3_2,L1,L2,,,
53660,L1,L1,L1,L2,L3,L3,L2,L2,L1,C3_2,D3_2,F3_2,L1,L3,,,
53661,L1,L1,L1,L2,L3,L3,L2,L2,L1,C3_2,D3_2,F3_2,L2,L1,,,
53662,L1,L1,L1,L2,L3,L3,L2,L2,L1,C3_2,D3_2,F3_2,L2,L2,,,
53663,L1,L1,L1,L2,L3,L3,L2,L2,L1,C3_2,D3_2,F3_2,L2,L3,,,
53664,L1,L1,L1,L2,L3,L3,L2,L2,L1,C3_2,D3_2,F3_2,L3,L1,,,
53665,L1,L1,L1,L2,L3,L3,L2,L2,L1,C3_2,D3_2,F3_2,L3,L2,,,
53666,L1,L1,L1,L2,L3,L3,L2,L2,L1,C3_2,D3_2,F3_2,L3,L3,,,
53667,L1,L1,L1,L2,L3,L3,L2,L2,L1,C3_2,D3_2,F3_3,L1,L1,,,
53668,L1,L1,L1,L2,L3,L3,L2,L2,L1,C3_2,D3_2,F3_3,L1,L2,,,
53669,L1,L1,L1,L2,L3,L3,L2,L2,L1,C3_2,D3_2,F3_3,L1,L3,,,
53670,L1,L1,L1,L2,L3,L3,L2,L2,L1,C3_2,D3_2,F3_3,L2,L1,,,
53671,L1,L1,L1,L2,L3,L3,L2,L2,L1,C3_2,D3_2,F3_3,L2,L2,,,
53672,L1,L1,L1,L2,L3,L3,L2,L2,L1,C3_2,D3_2,F3_3,L2,L3,,,
53673,L1,L1,L1,L2,L3,L3,L2,L2,L1,C3_2,D3_2,F3_3,L3,L1,,,
53674,L1,L1,L1,L2,L3,L3,L2,L2,L1,C3_2,D3_2,F3_3,L3,L2,,,
53675,L1,L1,L1,L2,L3,L3,L2,L2,L1,C3_2,D3_2,F3_3,L3,L3,,,
53676,L1,L1,L1,L2,L3,L3,L2,L2,L1,C3_2,D3_3,F3_1,L1,L1,,,
53677,L1,L1,L1,L2,L3,L3,L2,L2,L1,C3_2,D3_3,F3_1,L1,L2,,,
53678,L1,L1,L1,L2,L3,L3,L2,L2,L1,C3_2,D3_3,F3_1,L1,L3,,,
53679,L1,L1,L1,L2,L3,L3,L2,L2,L1,C3_2,D3_3,F3_1,L2,L1,,,
53680,L1,L1,L1,L2,L3,L3,L2,L2,L1,C3_2,D3_3,F3_1,L2,L2,,,
53681,L1,L1,L1,L2,L3,L3,L2,L2,L1,C3_2,D3_3,F3_1,L2,L3,,,
53682,L1,L1,L1,L2,L3,L3,L2,L2,L1,C3_2,D3_3,F3_1,L3,L1,,,
53683,L1,L1,L1,L2,L3,L3,L2,L2,L1,C3_2,D3_3,F3_1,L3,L2,,,
53684,L1,L1,L1,L2,L3,L3,L2,L2,L1,C3_2,D3_3,F3_1,L3,L3,,,
53685,L1,L1,L1,L2,L3,L3,L2,L2,L1,C3_2,D3_3,F3_2,L1,L1,,,
53686,L1,L1,L1,L2,L3,L3,L2,L2,L1,C3_2,D3_3,F3_2,L1,L2,,,
53687,L1,L1,L1,L2,L3,L3,L2,L2,L1,C3_2,D3_3,F3_2,L1,L3,,,
53688,L1,L1,L1,L2,L3,L3,L2,L2,L1,C3_2,D3_3,F3_2,L2,L1,,,
53689,L1,L1,L1,L2,L3,L3,L2,L2,L1,C3_2,D3_3,F3_2,L2,L2,,,
53690,L1,L1,L1,L2,L3,L3,L2,L2,L1,C3_2,D3_3,F3_2,L2,L3,,,
53691,L1,L1,L1,L2,L3,L3,L2,L2,L1,C3_2,D3_3,F3_2,L3,L1,,,
53692,L1,L1,L1,L2,L3,L3,L2,L2,L1,C3_2,D3_3,F3_2,L3,L2,,,
53693,L1,L1,L1,L2,L3,L3,L2,L2,L1,C3_2,D3_3,F3_2,L3,L3,,,
53694,L1,L1,L1,L2,L3,L3,L2,L2,L1,C3_2,D3_3,F3_3,L1,L1,,,
53695,L1,L1,L1,L2,L3,L3,L2,L2,L1,C3_2,D3_3,F3_3,L1,L2,,,
53696,L1,L1,L1,L2,L3,L3,L2,L2,L1,C3_2,D3_3,F3_3,L1,L3,,,
53697,L1,L1,L1,L2,L3,L3,L2,L2,L1,C3_2,D3_3,F3_3,L2,L1,,,
53698,L1,L1,L1,L2,L3,L3,L2,L2,L1,C3_2,D3_3,F3_3,L2,L2,,,
53699,L1,L1,L1,L2,L3,L3,L2,L2,L1,C3_2,D3_3,F3_3,L2,L3,,,
53700,L1,L1,L1,L2,L3,L3,L2,L2,L1,C3_2,D3_3,F3_3,L3,L1,,,
53701,L1,L1,L1,L2,L3,L3,L2,L2,L1,C3_2,D3_3,F3_3,L3,L2,,,
53702,L1,L1,L1,L2,L3,L3,L2,L2,L1,C3_2,D3_3,F3_3,L3,L3,,,
53703,L1,L1,L1,L2,L3,L3,L2,L2,L1,C3_3,D3_1,F3_1,L1,L1,,,
53704,L1,L1,L1,L2,L3,L3,L2,L2,L1,C3_3,D3_1,F3_1,L1,L2,,,
53705,L1,L1,L1,L2,L3,L3,L2,L2,L1,C3_3,D3_1,F3_1,L1,L3,,,
53706,L1,L1,L1,L2,L3,L3,L2,L2,L1,C3_3,D3_1,F3_1,L2,L1,,,
53707,L1,L1,L1,L2,L3,L3,L2,L2,L1,C3_3,D3_1,F3_1,L2,L2,,,
53708,L1,L1,L1,L2,L3,L3,L2,L2,L1,C3_3,D3_1,F3_1,L2,L3,,,
53709,L1,L1,L1,L2,L3,L3,L2,L2,L1,C3_3,D3_1,F3_1,L3,L1,,,
53710,L1,L1,L1,L2,L3,L3,L2,L2,L1,C3_3,D3_1,F3_1,L3,L2,,,
53711,L1,L1,L1,L2,L3,L3,L2,L2,L1,C3_3,D3_1,F3_1,L3,L3,,,
53712,L1,L1,L1,L2,L3,L3,L2,L2,L1,C3_3,D3_1,F3_2,L1,L1,,,
53713,L1,L1,L1,L2,L3,L3,L2,L2,L1,C3_3,D3_1,F3_2,L1,L2,,,
53714,L1,L1,L1,L2,L3,L3,L2,L2,L1,C3_3,D3_1,F3_2,L1,L3,,,
53715,L1,L1,L1,L2,L3,L3,L2,L2,L1,C3_3,D3_1,F3_2,L2,L1,,,
53716,L1,L1,L1,L2,L3,L3,L2,L2,L1,C3_3,D3_1,F3_2,L2,L2,,,
53717,L1,L1,L1,L2,L3,L3,L2,L2,L1,C3_3,D3_1,F3_2,L2,L3,,,
53718,L1,L1,L1,L2,L3,L3,L2,L2,L1,C3_3,D3_1,F3_2,L3,L1,,,
53719,L1,L1,L1,L2,L3,L3,L2,L2,L1,C3_3,D3_1,F3_2,L3,L2,,,
53720,L1,L1,L1,L2,L3,L3,L2,L2,L1,C3_3,D3_1,F3_2,L3,L3,,,
53721,L1,L1,L1,L2,L3,L3,L2,L2,L1,C3_3,D3_1,F3_3,L1,L1,,,
53722,L1,L1,L1,L2,L3,L3,L2,L2,L1,C3_3,D3_1,F3_3,L1,L2,,,
53723,L1,L1,L1,L2,L3,L3,L2,L2,L1,C3_3,D3_1,F3_3,L1,L3,,,
53724,L1,L1,L1,L2,L3,L3,L2,L2,L1,C3_3,D3_1,F3_3,L2,L1,,,
53725,L1,L1,L1,L2,L3,L3,L2,L2,L1,C3_3,D3_1,F3_3,L2,L2,,,
53726,L1,L1,L1,L2,L3,L3,L2,L2,L1,C3_3,D3_1,F3_3,L2,L3,,,
53727,L1,L1,L1,L2,L3,L3,L2,L2,L1,C3_3,D3_1,F3_3,L3,L1,,,
53728,L1,L1,L1,L2,L3,L3,L2,L2,L1,C3_3,D3_1,F3_3,L3,L2,,,
53729,L1,L1,L1,L2,L3,L3,L2,L2,L1,C3_3,D3_1,F3_3,L3,L3,,,
53730,L1,L1,L1,L2,L3,L3,L2,L2,L1,C3_3,D3_2,F3_1,L1,L1,,,
53731,L1,L1,L1,L2,L3,L3,L2,L2,L1,C3_3,D3_2,F3_1,L1,L2,,,
53732,L1,L1,L1,L2,L3,L3,L2,L2,L1,C3_3,D3_2,F3_1,L1,L3,,,
53733,L1,L1,L1,L2,L3,L3,L2,L2,L1,C3_3,D3_2,F3_1,L2,L1,,,
53734,L1,L1,L1,L2,L3,L3,L2,L2,L1,C3_3,D3_2,F3_1,L2,L2,,,
53735,L1,L1,L1,L2,L3,L3,L2,L2,L1,C3_3,D3_2,F3_1,L2,L3,,,
53736,L1,L1,L1,L2,L3,L3,L2,L2,L1,C3_3,D3_2,F3_1,L3,L1,,,
53737,L1,L1,L1,L2,L3,L3,L2,L2,L1,C3_3,D3_2,F3_1,L3,L2,,,
53738,L1,L1,L1,L2,L3,L3,L2,L2,L1,C3_3,D3_2,F3_1,L3,L3,,,
53739,L1,L1,L1,L2,L3,L3,L2,L2,L1,C3_3,D3_2,F3_2,L1,L1,,,
53740,L1,L1,L1,L2,L3,L3,L2,L2,L1,C3_3,D3_2,F3_2,L1,L2,,,
53741,L1,L1,L1,L2,L3,L3,L2,L2,L1,C3_3,D3_2,F3_2,L1,L3,,,
53742,L1,L1,L1,L2,L3,L3,L2,L2,L1,C3_3,D3_2,F3_2,L2,L1,,,
53743,L1,L1,L1,L2,L3,L3,L2,L2,L1,C3_3,D3_2,F3_2,L2,L2,,,
53744,L1,L1,L1,L2,L3,L3,L2,L2,L1,C3_3,D3_2,F3_2,L2,L3,,,
53745,L1,L1,L1,L2,L3,L3,L2,L2,L1,C3_3,D3_2,F3_2,L3,L1,,,
53746,L1,L1,L1,L2,L3,L3,L2,L2,L1,C3_3,D3_2,F3_2,L3,L2,,,
53747,L1,L1,L1,L2,L3,L3,L2,L2,L1,C3_3,D3_2,F3_2,L3,L3,,,
53748,L1,L1,L1,L2,L3,L3,L2,L2,L1,C3_3,D3_2,F3_3,L1,L1,,,
53749,L1,L1,L1,L2,L3,L3,L2,L2,L1,C3_3,D3_2,F3_3,L1,L2,,,
53750,L1,L1,L1,L2,L3,L3,L2,L2,L1,C3_3,D3_2,F3_3,L1,L3,,,
53751,L1,L1,L1,L2,L3,L3,L2,L2,L1,C3_3,D3_2,F3_3,L2,L1,,,
53752,L1,L1,L1,L2,L3,L3,L2,L2,L1,C3_3,D3_2,F3_3,L2,L2,,,
53753,L1,L1,L1,L2,L3,L3,L2,L2,L1,C3_3,D3_2,F3_3,L2,L3,,,
53754,L1,L1,L1,L2,L3,L3,L2,L2,L1,C3_3,D3_2,F3_3,L3,L1,,,
53755,L1,L1,L1,L2,L3,L3,L2,L2,L1,C3_3,D3_2,F3_3,L3,L2,,,
53756,L1,L1,L1,L2,L3,L3,L2,L2,L1,C3_3,D3_2,F3_3,L3,L3,,,
53757,L1,L1,L1,L2,L3,L3,L2,L2,L1,C3_3,D3_3,F3_1,L1,L1,,,
53758,L1,L1,L1,L2,L3,L3,L2,L2,L1,C3_3,D3_3,F3_1,L1,L2,,,
53759,L1,L1,L1,L2,L3,L3,L2,L2,L1,C3_3,D3_3,F3_1,L1,L3,,,
53760,L1,L1,L1,L2,L3,L3,L2,L2,L1,C3_3,D3_3,F3_1,L2,L1,,,
53761,L1,L1,L1,L2,L3,L3,L2,L2,L1,C3_3,D3_3,F3_1,L2,L2,,,
53762,L1,L1,L1,L2,L3,L3,L2,L2,L1,C3_3,D3_3,F3_1,L2,L3,,,
53763,L1,L1,L1,L2,L3,L3,L2,L2,L1,C3_3,D3_3,F3_1,L3,L1,,,
53764,L1,L1,L1,L2,L3,L3,L2,L2,L1,C3_3,D3_3,F3_1,L3,L2,,,
53765,L1,L1,L1,L2,L3,L3,L2,L2,L1,C3_3,D3_3,F3_1,L3,L3,,,
53766,L1,L1,L1,L2,L3,L3,L2,L2,L1,C3_3,D3_3,F3_2,L1,L1,,,
53767,L1,L1,L1,L2,L3,L3,L2,L2,L1,C3_3,D3_3,F3_2,L1,L2,,,
53768,L1,L1,L1,L2,L3,L3,L2,L2,L1,C3_3,D3_3,F3_2,L1,L3,,,
53769,L1,L1,L1,L2,L3,L3,L2,L2,L1,C3_3,D3_3,F3_2,L2,L1,,,
53770,L1,L1,L1,L2,L3,L3,L2,L2,L1,C3_3,D3_3,F3_2,L2,L2,,,
53771,L1,L1,L1,L2,L3,L3,L2,L2,L1,C3_3,D3_3,F3_2,L2,L3,,,
53772,L1,L1,L1,L2,L3,L3,L2,L2,L1,C3_3,D3_3,F3_2,L3,L1,,,
53773,L1,L1,L1,L2,L3,L3,L2,L2,L1,C3_3,D3_3,F3_2,L3,L2,,,
53774,L1,L1,L1,L2,L3,L3,L2,L2,L1,C3_3,D3_3,F3_2,L3,L3,,,
53775,L1,L1,L1,L2,L3,L3,L2,L2,L1,C3_3,D3_3,F3_3,L1,L1,,,
53776,L1,L1,L1,L2,L3,L3,L2,L2,L1,C3_3,D3_3,F3_3,L1,L2,,,
53777,L1,L1,L1,L2,L3,L3,L2,L2,L1,C3_3,D3_3,F3_3,L1,L3,,,
53778,L1,L1,L1,L2,L3,L3,L2,L2,L1,C3_3,D3_3,F3_3,L2,L1,,,
53779,L1,L1,L1,L2,L3,L3,L2,L2,L1,C3_3,D3_3,F3_3,L2,L2,,,
53780,L1,L1,L1,L2,L3,L3,L2,L2,L1,C3_3,D3_3,F3_3,L2,L3,,,
53781,L1,L1,L1,L2,L3,L3,L2,L2,L1,C3_3,D3_3,F3_3,L3,L1,,,
53782,L1,L1,L1,L2,L3,L3,L2,L2,L1,C3_3,D3_3,F3_3,L3,L2,,,
53783,L1,L1,L1,L2,L3,L3,L2,L2,L1,C3_3,D3_3,F3_3,L3,L3,,,
105786,L2,L3,L3,L3,L1,L3,L2,L2,L1,C3_1,D3_1,F3_1,L1,L1,,,
105787,L2,L3,L3,L3,L1,L3,L2,L2,L1,C3_1,D3_1,F3_1,L1,L2,,,
105788,L2,L3,L3,L3,L1,L3,L2,L2,L1,C3_1,D3_1,F3_1,L1,L3,,,
105789,L2,L3,L3,L3,L1,L3,L2,L2,L1,C3_1,D3_1,F3_1,L2,L1,,,
105790,L2,L3,L3,L3,L1,L3,L2,L2,L1,C3_1,D3_1,F3_1,L2,L2,,,
105791,L2,L3,L3,L3,L1,L3,L2,L2,L1,C3_1,D3_1,F3_1,L2,L3,,,
105792,L2,L3,L3,L3,L1,L3,L2,L2,L1,C3_1,D3_1,F3_1,L3,L1,,,
105793,L2,L3,L3,L3,L1,L3,L2,L2,L1,C3_1,D3_1,F3_1,L3,L2,,,
105794,L2,L3,L3,L3,L1,L3,L2,L2,L1,C3_1,D3_1,F3_1,L3,L3,,,
105795,L2,L3,L3,L3,L1,L3,L2,L2,L1,C3_1,D3_1,F3_2,L1,L1,,,
105796,L2,L3,L3,L3,L1,L3,L2,L2,L1,C3_1,D3_1,F3_2,L1,L2,,,
105797,L2,L3,L3,L3,L1,L3,L2,L2,L1,C3_1,D3_1,F3_2,L1,L3,,,
105798,L2,L3,L3,L3,L1,L3,L2,L2,L1,C3_1,D3_1,F3_2,L2,L1,,,
105799,L2,L3,L3,L3,L1,L3,L2,L2,L1,C3_1,D3_1,F3_2,L2,L2,,,
105800,L2,L3,L3,L3,L1,L3,L2,L2,L1,C3_1,D3_1,F3_2,L2,L3,,,
105801,L2,L3,L3,L3,L1,L3,L2,L2,L1,C3_1,D3_1,F3_2,L3,L1,,,
105802,L2,L3,L3,L3,L1,L3,L2,L2,L1,C3_1,D3_1,F3_2,L3,L2,,,
105803,L2,L3,L3,L3,L1,L3,L2,L2,L1,C3_1,D3_1,F3_2,L3,L3,,,
105804,L2,L3,L3,L3,L1,L3,L2,L2,L1,C3_1,D3_1,F3_3,L1,L1,,,
105805,L2,L3,L3,L3,L1,L3,L2,L2,L1,C3_1,D3_1,F3_3,L1,L2,,,
105806,L2,L3,L3,L3,L1,L3,L2,L2,L1,C3_1,D3_1,F3_3,L1,L3,,,
105807,L2,L3,L3,L3,L1,L3,L2,L2,L1,C3_1,D3_1,F3_3,L2,L1,,,
105808,L2,L3,L3,L3,L1,L3,L2,L2,L1,C3_1,D3_1,F3_3,L2,L2,,,
105809,L2,L3,L3,L3,L1,L3,L2,L2,L1,C3_1,D3_1,F3_3,L2,L3,,,
105810,L2,L3,L3,L3,L1,L3,L2,L2,L1,C3_1,D3_1,F3_3,L3,L1,,,
105811,L2,L3,L3,L3,L1,L3,L2,L2,L1,C3_1,D3_1,F3_3,L3,L2,,,
105812,L2,L3,L3,L3,L1,L3,L2,L2,L1,C3_1,D3_1,F3_3,L3,L3,,,
105813,L2,L3,L3,L3,L1,L3,L2,L2,L1,C3_1,D3_2,F3_1,L1,L1,,,
105814,L2,L3,L3,L3,L1,L3,L2,L2,L1,C3_1,D3_2,F3_1,L1,L2,,,
105815,L2,L3,L3,L3,L1,L3,L2,L2,L1,C3_1,D3_2,F3_1,L1,L3,,,
105816,L2,L3,L3,L3,L1,L3,L2,L2,L1,C3_1,D3_2,F3_1,L2,L1,,,
105817,L2,L3,L3,L3,L1,L3,L2,L2,L1,C3_1,D3_2,F3_1,L2,L2,,,
105818,L2,L3,L3,L3,L1,L3,L2,L2,L1,C3_1,D3_2,F3_1,L2,L3,,,
105819,L2,L3,L3,L3,L1,L3,L2,L2,L1,C3_1,D3_2,F3_1,L3,L1,,,
105820,L2,L3,L3,L3,L1,L3,L2,L2,L1,C3_1,D3_2,F3_1,L3,L2,,,
105821,L2,L3,L3,L3,L1,L3,L2,L2,L1,C3_1,D3_2,F3_1,L3,L3,,,
105822,L2,L3,L3,L3,L1,L3,L2,L2,L1,C3_1,D3_2,F3_2,L1,L1,,,
105823,L2,L3,L3,L3,L1,L3,L2,L2,L1,C3_1,D3_2,F3_2,L1,L2,,,
105824,L2,L3,L3,L3,L1,L3,L2,L2,L1,C3_1,D3_2,F3_2,L1,L3,,,
105825,L2,L3,L3,L3,L1,L3,L2,L2,L1,C3_1,D3_2,F3_2,L2,L1,,,
105826,L2,L3,L3,L3,L1,L3,L2,L2,L1,C3_1,D3_2,F3_2,L2,L2,,,
105827,L2,L3,L3,L3,L1,L3,L2,L2,L1,C3_1,D3_2,F3_2,L2,L3,,,
105828,L2,L3,L3,L3,L1,L3,L2,L2,L1,C3_1,D3_2,F3_2,L3,L1,,,
105829,L2,L3,L3,L3,L1,L3,L2,L2,L1,C3_1,D3_2,F3_2,L3,L2,,,
105830,L2,L3,L3,L3,L1,L3,L2,L2,L1,C3_1,D3_2,F3_2,L3,L3,,,
105831,L2,L3,L3,L3,L1,L3,L2,L2,L1,C3_1,D3_2,F3_3,L1,L1,,,
105832,L2,L3,L3,L3,L1,L3,L2,L2,L1,C3_1,D3_2,F3_3,L1,L2,,,
105833,L2,L3,L3,L3,L1,L3,L2,L2,L1,C3_1,D3_2,F3_3,L1,L3,,,
105834,L2,L3,L3,L3,L1,L3,L2,L2,L1,C3_1,D3_2,F3_3,L2,L1,,,
105835,L2,L3,L3,L3,L1,L3,L2,L2,L1,C3_1,D3_2,F3_3,L2,L2,,,
105836,L2,L3,L3,L3,L1,L3,L2,L2,L1,C3_1,D3_2,F3_3,L2,L3,,,
105837,L2,L3,L3,L3,L1,L3,L2,L2,L1,C3_1,D3_2,F3_3,L3,L1,,,
105838,L2,L3,L3,L3,L1,L3,L2,L2,L1,C3_1,D3_2,F3_3,L3,L2,,,
105839,L2,L3,L3,L3,L1,L3,L2,L2,L1,C3_1,D3_2,F3_3,L3,L3,,,
105840,L2,L3,L3,L3,L1,L3,L2,L2,L1,C3_1,D3_3,F3_1,L1,L1,,,
105841,L2,L3,L3,L3,L1,L3,L2,L2,L1,C3_1,D3_3,F3_1,L1,L2,,,
105842,L2,L3,L3,L3,L1,L3,L2,L2,L1,C3_1,D3_3,F3_1,L1,L3,,,
105843,L2,L3,L3,L3,L1,L3,L2,L2,L1,C3_1,D3_3,F3_1,L2,L1,,,
105844,L2,L3,L3,L3,L1,L3,L2,L2,L1,C3_1,D3_3,F3_1,L2,L2,,,
105845,L2,L3,L3,L3,L1,L3,L2,L2,L1,C3_1,D3_3,F3_1,L2,L3,,,
105846,L2,L3,L3,L3,L1,L3,L2,L2,L1,C3_1,D3_3,F3_1,L3,L1,,,
105847,L2,L3,L3,L3,L1,L3,L2,L2,L1,C3_1,D3_3,F3_1,L3,L2,,,
105848,L2,L3,L3,L3,L1,L3,L2,L2,L1,C3_1,D3_3,F3_1,L3,L3,,,
105849,L2,L3,L3,L3,L1,L3,L2,L2,L1,C3_1,D3_3,F3_2,L1,L1,,,
105850,L2,L3,L3,L3,L1,L3,L2,L2,L1,C3_1,D3_3,F3_2,L1,L2,,,
105851,L2,L3,L3,L3,L1,L3,L2,L2,L1,C3_1,D3_3,F3_2,L1,L3,,,
105852,L2,L3,L3,L3,L1,L3,L2,L2,L1,C3_1,D3_3,F3_2,L2,L1,,,
105853,L2,L3,L3,L3,L1,L3,L2,L2,L1,C3_1,D3_3,F3_2,L2,L2,,,
105854,L2,L3,L3,L3,L1,L3,L2,L2,L1,C3_1,D3_3,F3_2,L2,L3,,,
105855,L2,L3,L3,L3,L1,L3,L2,L2,L1,C3_1,D3_3,F3_2,L3,L1,,,
105856,L2,L3,L3,L3,L1,L3,L2,L2,L1,C3_1,D3_3,F3_2,L3,L2,,,
105857,L2,L3,L3,L3,L1,L3,L2,L2,L1,C3_1,D3_3,F3_2,L3,L3,,,
105858,L2,L3,L3,L3,L1,L3,L2,L2,L1,C3_1,D3_3,F3_3,L1,L1,,,
105859,L2,L3,L3,L3,L1,L3,L2,L2,L1,C3_1,D3_3,F3_3,L1,L2,,,
105860,L2,L3,L3,L3,L1,L3,L2,L2,L1,C3_1,D3_3,F3_3,L1,L3,,,
105861,L2,L3,L3,L3,L1,L3,L2,L2,L1,C3_1,D3_3,F3_3,L2,L1,,,
105862,L2,L3,L3,L3,L1,L3,L2,L2,L1,C3_1,D3_3,F3_3,L2,L2,,,
105863,L2,L3,L3,L3,L1,L3,L2,L2,L1,C3_1,D3_3,F3_3,L2,L3,,,
105864,L2,L3,L3,L3,L1,L3,L2,L2,L1,C3_1,D3_3,F3_3,L3,L1,,,
105865,L2,L3,L3,L3,L1,L3,L2,L2,L1,C3_1,D3_3,F3_3,L3,L2,,,
105866,L2,L3,L3,L3,L1,L3,L2,L2,L1,C3_1,D3_3,F3_3,L3,L3,,,
105867,L2,L3,L3,L3,L1,L3,L2,L2,L1,C3_2,D3_1,F3_1,L1,L1,,,
105868,L2,L3,L3,L3,L1,L3,L2,L2,L1,C3_2,D3_1,F3_1,L1,L2,,,
105869,L2,L3,L3,L3,L1,L3,L2,L2,L1,C3_2,D3_1,F3_1,L1,L3,,,
105870,L2,L3,L3,L3,L1,L3,L2,L2,L1,C3_2,D3_1,F3_1,L2,L1,,,
105871,L2,L3,L3,L3,L1,L3,L2,L2,L1,C3_2,D3_1,F3_1,L2,L2,,,
105872,L2,L3,L3,L3,L1,L3,L2,L2,L1,C3_2,D3_1,F3_1,L2,L3,,,
105873,L2,L3,L3,L3,L1,L3,L2,L2,L1,C3_2,D3_1,F3_1,L3,L1,,,
105874,L2,L3,L3,L3,L1,L3,L2,L2,L1,C3_2,D3_1,F3_1,L3,L2,,,
105875,L2,L3,L3,L3,L1,L3,L2,L2,L1,C3_2,D3_1,F3_1,L3,L3,,,
105876,L2,L3,L3,L3,L1,L3,L2,L2,L1,C3_2,D3_1,F3_2,L1,L1,,,
105877,L2,L3,L3,L3,L1,L3,L2,L2,L1,C3_2,D3_1,F3_2,L1,L2,,,
105878,L2,L3,L3,L3,L1,L3,L2,L2,L1,C3_2,D3_1,F3_2,L1,L3,,,
105879,L2,L3,L3,L3,L1,L3,L2,L2,L1,C3_2,D3_1,F3_2,L2,L1,,,
105880,L2,L3,L3,L3,L1,L3,L2,L2,L1,C3_2,D3_1,F3_2,L2,L2,,,
105881,L2,L3,L3,L3,L1,L3,L2,L2,L1,C3_2,D3_1,F3_2,L2,L3,,,
105882,L2,L3,L3,L3,L1,L3,L2,L2,L1,C3_2,D3_1,F3_2,L3,L1,,,
105883,L2,L3,L3,L3,L1,L3,L2,L2,L1,C3_2,D3_1,F3_2,L3,L2,,,
105884,L2,L3,L3,L3,L1,L3,L2,L2,L1,C3_2,D3_1,F3_2,L3,L3,,,
105885,L2,L3,L3,L3,L1,L3,L2,L2,L1,C3_2,D3_1,F3_3,L1,L1,,,
105886,L2,L3,L3,L3,L1,L3,L2,L2,L1,C3_2,D3_1,F3_3,L1,L2,,,
105887,L2,L3,L3,L3,L1,L3,L2,L2,L1,C3_2,D3_1,F3_3,L1,L3,,,
105888,L2,L3,L3,L3,L1,L3,L2,L2,L1,C3_2,D3_1,F3_3,L2,L1,,,
105889,L2,L3,L3,L3,L1,L3,L2,L2,L1,C3_2,D3_1,F3_3,L2,L2,,,
105890,L2,L3,L3,L3,L1,L3,L2,L2,L1,C3_2,D3_1,F3_3,L2,L3,,,
105891,L2,L3,L3,L3,L1,L3,L2,L2,L1,C3_2,D3_1,F3_3,L3,L1,,,
105892,L2,L3,L3,L3,L1,L3,L2,L2,L1,C3_2,D3_1,F3_3,L3,L2,,,
105893,L2,L3,L3,L3,L1,L3,L2,L2,L1,C3_2,D3_1,F3_3,L3,L3,,,
105894,L2,L3,L3,L3,L1,L3,L2,L2,L1,C3_2,D3_2,F3_1,L1,L1,,,
105895,L2,L3,L3,L3,L1,L3,L2,L2,L1,C3_2,D3_2,F3_1,L1,L2,,,
105896,L2,L3,L3,L3,L1,L3,L2,L2,L1,C3_2,D3_2,F3_1,L1,L3,,,
105897,L2,L3,L3,L3,L1,L3,L2,L2,L1,C3_2,D3_2,F3_1,L2,L1,,,
105898,L2,L3,L3,L3,L1,L3,L2,L2,L1,C3_2,D3_2,F3_1,L2,L2,,,
105899,L2,L3,L3,L3,L1,L3,L2,L2,L1,C3_2,D3_2,F3_1,L2,L3,,,
105900,L2,L3,L3,L3,L1,L3,L2,L2,L1,C3_2,D3_2,F3_1,L3,L1,,,
105901,L2,L3,L3,L3,L1,L3,L2,L2,L1,C3_2,D3_2,F3_1,L3,L2,,,
105902,L2,L3,L3,L3,L1,L3,L2,L2,L1,C3_2,D3_2,F3_1,L3,L3,,,
105903,L2,L3,L3,L3,L1,L3,L2,L2,L1,C3_2,D3_2,F3_2,L1,L1,,,
105904,L2,L3,L3,L3,L1,L3,L2,L2,L1,C3_2,D3_2,F3_2,L1,L2,,,
105905,L2,L3,L3,L3,L1,L3,L2,L2,L1,C3_2,D3_2,F3_2,L1,L3,,,
105906,L2,L3,L3,L3,L1,L3,L2,L2,L1,C3_2,D3_2,F3_2,L2,L1,,,
105907,L2,L3,L3,L3,L1,L3,L2,L2,L1,C3_2,D3_2,F3_2,L2,L2,,,
105908,L2,L3,L3,L3,L1,L3,L2,L2,L1,C3_2,D3_2,F3_2,L2,L3,,,
105909,L2,L3,L3,L3,L1,L3,L2,L2,L1,C3_2,D3_2,F3_2,L3,L1,,,
105910,L2,L3,L3,L3,L1,L3,L2,L2,L1,C3_2,D3_2,F3_2,L3,L2,,,
105911,L2,L3,L3,L3,L1,L3,L2,L2,L1,C3_2,D3_2,F3_2,L3,L3,,,
105912,L2,L3,L3,L3,L1,L3,L2,L2,L1,C3_2,D3_2,F3_3,L1,L1,,,
105913,L2,L3,L3,L3,L1,L3,L2,L2,L1,C3_2,D3_2,F3_3,L1,L2,,,
105914,L2,L3,L3,L3,L1,L3,L2,L2,L1,C3_2,D3_2,F3_3,L1,L3,,,
105915,L2,L3,L3,L3,L1,L3,L2,L2,L1,C3_2,D3_2,F3_3,L2,L1,,,
105916,L2,L3,L3,L3,L1,L3,L2,L2,L1,C3_2,D3_2,F3_3,L2,L2,,,
105917,L2,L3,L3,L3,L1,L3,L2,L2,L1,C3_2,D3_2,F3_3,L2,L3,,,
105918,L2,L3,L3,L3,L1,L3,L2,L2,L1,C3_2,D3_2,F3_3,L3,L1,,,
105919,L2,L3,L3,L3,L1,L3,L2,L2,L1,C3_2,D3_2,F3_3,L3,L2,,,
105920,L2,L3,L3,L3,L1,L3,L2,L2,L1,C3_2,D3_2,F3_3,L3,L3,,,
105921,L2,L3,L3,L3,L1,L3,L2,L2,L1,C3_2,D3_3,F3_1,L1,L1,,,
105922,L2,L3,L3,L3,L1,L3,L2,L2,L1,C3_2,D3_3,F3_1,L1,L2,,,
105923,L2,L3,L3,L3,L1,L3,L2,L2,L1,C3_2,D3_3,F3_1,L1,L3,,,
105924,L2,L3,L3,L3,L1,L3,L2,L2,L1,C3_2,D3_3,F3_1,L2,L1,,,
105925,L2,L3,L3,L3,L1,L3,L2,L2,L1,C3_2,D3_3,F3_1,L2,L2,,,
105926,L2,L3,L3,L3,L1,L3,L2,L2,L1,C3_2,D3_3,F3_1,L2,L3,,,
105927,L2,L3,L3,L3,L1,L3,L2,L2,L1,C3_2,D3_3,F3_1,L3,L1,,,
105928,L2,L3,L3,L3,L1,L3,L2,L2,L1,C3_2,D3_3,F3_1,L3,L2,,,
105929,L2,L3,L3,L3,L1,L3,L2,L2,L1,C3_2,D3_3,F3_1,L3,L3,,,
105930,L2,L3,L3,L3,L1,L3,L2,L2,L1,C3_2,D3_3,F3_2,L1,L1,,,
105931,L2,L3,L3,L3,L1,L3,L2,L2,L1,C3_2,D3_3,F3_2,L1,L2,,,
105932,L2,L3,L3,L3,L1,L3,L2,L2,L1,C3_2,D3_3,F3_2,L1,L3,,,
105933,L2,L3,L3,L3,L1,L3,L2,L2,L1,C3_2,D3_3,F3_2,L2,L1,,,
105934,L2,L3,L3,L3,L1,L3,L2,L2,L1,C3_2,D3_3,F3_2,L2,L2,,,
105935,L2,L3,L3,L3,L1,L3,L2,L2,L1,C3_2,D3_3,F3_2,L2,L3,,,
105936,L2,L3,L3,L3,L1,L3,L2,L2,L1,C3_2,D3_3,F3_2,L3,L1,,,
105937,L2,L3,L3,L3,L1,L3,L2,L2,L1,C3_2,D3_3,F3_2,L3,L2,,,
105938,L2,L3,L3,L3,L1,L3,L2,L2,L1,C3_2,D3_3,F3_2,L3,L3,,,
105939,L2,L3,L3,L3,L1,L3,L2,L2,L1,C3_2,D3_3,F3_3,L1,L1,,,
105940,L2,L3,L3,L3,L1,L3,L2,L2,L1,C3_2,D3_3,F3_3,L1,L2,,,
105941,L2,L3,L3,L3,L1,L3,L2,L2,L1,C3_2,D3_3,F3_3,L1,L3,,,
105942,L2,L3,L3,L3,L1,L3,L2,L2,L1,C3_2,D3_3,F3_3,L2,L1,,,
105943,L2,L3,L3,L3,L1,L3,L2,L2,L1,C3_2,D3_3,F3_3,L2,L2,,,
105944,L2,L3,L3,L3,L1,L3,L2,L2,L1,C3_2,D3_3,F3_3,L2,L3,,,
105945,L2,L3,L3,L3,L1,L3,L2,L2,L1,C3_2,D3_3,F3_3,L3,L1,,,
105946,L2,L3,L3,L3,L1,L3,L2,L2,L1,C3_2,D3_3,F3_3,L3,L2,,,
105947,L2,L3,L3,L3,L1,L3,L2,L2,L1,C3_2,D3_3,F3_3,L3,L3,,,
105948,L2,L3,L3,L3,L1,L3,L2,L2,L1,C3_3,D3_1,F3_1,L1,L1,,,
105949,L2,L3,L3,L3,L1,L3,L2,L2,L1,C3_3,D3_1,F3_1,L1,L2,,,
105950,L2,L3,L3,L3,L1,L3,L2,L2,L1,C3_3,D3_1,F3_1,L1,L3,,,
105951,L2,L3,L3,L3,L1,L3,L2,L2,L1,C3_3,D3_1,F3_1,L2,L1,,,
105952,L2,L3,L3,L3,L1,L3,L2,L2,L1,C3_3,D3_1,F3_1,L2,L2,,,
105953,L2,L3,L3,L3,L1,L3,L2,L2,L1,C3_3,D3_1,F3_1,L2,L3,,,
105954,L2,L3,L3,L3,L1,L3,L2,L2,L1,C3_3,D3_1,F3_1,L3,L1,,,
105955,L2,L3,L3,L3,L1,L3,L2,L2,L1,C3_3,D3_1,F3_1,L3,L2,,,
105956,L2,L3,L3,L3,L1,L3,L2,L2,L1,C3_3,D3_1,F3_1,L3,L3,,,
105957,L2,L3,L3,L3,L1,L3,L2,L2,L1,C3_3,D3_1,F3_2,L1,L1,,,
105958,L2,L3,L3,L3,L1,L3,L2,L2,L1,C3_3,D3_1,F3_2,L1,L2,,,
105959,L2,L3,L3,L3,L1,L3,L2,L2,L1,C3_3,D3_1,F3_2,L1,L3,,,
105960,L2,L3,L3,L3,L1,L3,L2,L2,L1,C3_3,D3_1,F3_2,L2,L1,,,
105961,L2,L3,L3,L3,L1,L3,L2,L2,L1,C3_3,D3_1,F3_2,L2,L2,,,
105962,L2,L3,L3,L3,L1,L3,L2,L2,L1,C3_3,D3_1,F3_2,L2,L3,,,
105963,L2,L3,L3,L3,L1,L3,L2,L2,L1,C3_3,D3_1,F3_2,L3,L1,,,
105964,L2,L3,L3,L3,L1,L3,L2,L2,L1,C3_3,D3_1,F3_2,L3,L2,,,
105965,L2,L3,L3,L3,L1,L3,L2,L2,L1,C3_3,D3_1,F3_2,L3,L3,,,
105966,L2,L3,L3,L3,L1,L3,L2,L2,L1,C3_3,D3_1,F3_3,L1,L1,,,
105967,L2,L3,L3,L3,L1,L3,L2,L2,L1,C3_3,D3_1,F3_3,L1,L2,,,
105968,L2,L3,L3,L3,L1,L3,L2,L2,L1,C3_3,D3_1,F3_3,L1,L3,,,
105969,L2,L3,L3,L3,L1,L3,L2,L2,L1,C3_3,D3_1,F3_3,L2,L1,,,
105970,L2,L3,L3,L3,L1,L3,L2,L2,L1,C3_3,D3_1,F3_3,L2,L2,,,
105971,L2,L3,L3,L3,L1,L3,L2,L2,L1,C3_3,D3_1,F3_3,L2,L3,,,
105972,L2,L3,L3,L3,L1,L3,L2,L2,L1,C3_3,D3_1,F3_3,L3,L1,,,
105973,L2,L3,L3,L3,L1,L3,L2,L2,L1,C3_3,D3_1,F3_3,L3,L2,,,
105974,L2,L3,L3,L3,L1,L3,L2,L2,L1,C3_3,D3_1,F3_3,L3,L3,,,
105975,L2,L3,L3,L3,L1,L3,L2,L2,L1,C3_3,D3_2,F3_1,L1,L1,,,
105976,L2,L3,L3,L3,L1,L3,L2,L2,L1,C3_3,D3_2,F3_1,L1,L2,,,
105977,L2,L3,L3,L3,L1,L3,L2,L2,L1,C3_3,D3_2,F3_1,L1,L3,,,
105978,L2,L3,L3,L3,L1,L3,L2,L2,L1,C3_3,D3_2,F3_1,L2,L1,,,
105979,L2,L3,L3,L3,L1,L3,L2,L2,L1,C3_3,D3_2,F3_1,L2,L2,,,
105980,L2,L3,L3,L3,L1,L3,L2,L2,L1,C3_3,D3_2,F3_1,L2,L3,,,
105981,L2,L3,L3,L3,L1,L3,L2,L2,L1,C3_3,D3_2,F3_1,L3,L1,,,
105982,L2,L3,L3,L3,L1,L3,L2,L2,L1,C3_3,D3_2,F3_1,L3,L2,,,
105983,L2,L3,L3,L3,L1,L3,L2,L2,L1,C3_3,D3_2,F3_1,L3,L3,,,
105984,L2,L3,L3,L3,L1,L3,L2,L2,L1,C3_3,D3_2,F3_2,L1,L1,,,
105985,L2,L3,L3,L3,L1,L3,L2,L2,L1,C3_3,D3_2,F3_2,L1,L2,,,
105986,L2,L3,L3,L3,L1,L3,L2,L2,L1,C3_3,D3_2,F3_2,L1,L3,,,
105987,L2,L3,L3,L3,L1,L3,L2,L2,L1,C3_3,D3_2,F3_2,L2,L1,,,
105988,L2,L3,L3,L3,L1,L3,L2,L2,L1,C3_3,D3_2,F3_2,L2,L2,,,
105989,L2,L3,L3,L3,L1,L3,L2,L2,L1,C3_3,D3_2,F3_2,L2,L3,,,
105990,L2,L3,L3,L3,L1,L3,L2,L2,L1,C3_3,D3_2,F3_2,L3,L1,,,
105991,L2,L3,L3,L3,L1,L3,L2,L2,L1,C3_3,D3_2,F3_2,L3,L2,,,
105992,L2,L3,L3,L3,L1,L3,L2,L2,L1,C3_3,D3_2,F3_2,L3,L3,,,
105993,L2,L3,L3,L3,L1,L3,L2,L2,L1,C3_3,D3_2,F3_3,L1,L1,,,
105994,L2,L3,L3,L3,L1,L3,L2,L2,L1,C3_3,D3_2,F3_3,L1,L2,,,
105995,L2,L3,L3,L3,L1,L3,L2,L2,L1,C3_3,D3_2,F3_3,L1,L3,,,
105996,L2,L3,L3,L3,L1,L3,L2,L2,L1,C3_3,D3_2,F3_3,L2,L1,,,
105997,L2,L3,L3,L3,L1,L3,L2,L2,L1,C3_3,D3_2,F3_3,L2,L2,,,
105998,L2,L3,L3,L3,L1,L3,L2,L2,L1,C3_3,D3_2,F3_3,L2,L3,,,
105999,L2,L3,L3,L3,L1,L3,L2,L2,L1,C3_3,D3_2,F3_3,L3,L1,,,
106000,L2,L3,L3,L3,L1,L3,L2,L2,L1,C3_3,D3_2,F3_3,L3,L2,,,
106001,L2,L3,L3,L3,L1,L3,L2,L2,L1,C3_3,D3_2,F3_3,L3,L3,,,
106002,L2,L3,L3,L3,L1,L3,L2,L2,L1,C3_3,D3_3,F3_1,L1,L1,,,
106003,L2,L3,L3,L3,L1,L3,L2,L2,L1,C3_3,D3_3,F3_1,L1,L2,,,
106004,L2,L3,L3,L3,L1,L3,L2,L2,L1,C3_3,D3_3,F3_1,L1,L3,,,
106005,L2,L3,L3,L3,L1,L3,L2,L2,L1,C3_3,D3_3,F3_1,L2,L1,,,
106006,L2,L3,L3,L3,L1,L3,L2,L2,L1,C3_3,D3_3,F3_1,L2,L2,,,
106007,L2,L3,L3,L3,L1,L3,L2,L2,L1,C3_3,D3_3,F3_1,L2,L3,,,
106008,L2,L3,L3,L3,L1,L3,L2,L2,L1,C3_3,D3_3,F3_1,L3,L1,,,
106009,L2,L3,L3,L3,L1,L3,L2,L2,L1,C3_3,D3_3,F3_1,L3,L2,,,
106010,L2,L3,L3,L3,L1,L3,L2,L2,L1,C3_3,D3_3,F3_1,L3,L3,,,
106011,L2,L3,L3,L3,L1,L3,L2,L2,L1,C3_3,D3_3,F3_2,L1,L1,,,
106012,L2,L3,L3,L3,L1,L3,L2,L2,L1,C3_3,D3_3,F3_2,L1,L2,,,
106013,L2,L3,L3,L3,L1,L3,L2,L2,L1,C3_3,D3_3,F3_2,L1,L3,,,
106014,L2,L3,L3,L3,L1,L3,L2,L2,L1,C3_3,D3_3,F3_2,L2,L1,,,
106015,L2,L3,L3,L3,L1,L3,L2,L2,L1,C3_3,D3_3,F3_2,L2,L2,,,
106016,L2,L3,L3,L3,L1,L3,L2,L2,L1,C3_3,D3_3,F3_2,L2,L3,,,
106017,L2,L3,L3,L3,L1,L3,L2,L2,L1,C3_3,D3_3,F3_2,L3,L1,,,
106018,L2,L3,L3,L3,L1,L3,L2,L2,L1,C3_3,D3_3,F3_2,L3,L2,,,
106019,L2,L3,L3,L3,L1,L3,L2,L2,L1,C3_3,D3_3,F3_2,L3,L3,,,
106020,L2,L3,L3,L3,L1,L3,L2,L2,L1,C3_3,D3_3,F3_3,L1,L1,,,
106021,L2,L3,L3,L3,L1,L3,L2,L2,L1,C3_3,D3_3,F3_3,L1,L2,,,
106022,L2,L3,L3,L3,L1,L3,L2,L2,L1,C3_3,D3_3,F3_3,L1,L3,,,
106023,L2,L3,L3,L3,L1,L3,L2,L2,L1,C3_3,D3_3,F3_3,L2,L1,,,
106024,L2,L3,L3,L3,L1,L3,L2,L2,L1,C3_3,D3_3,F3_3,L2,L2,,,
106025,L2,L3,L3,L3,L1,L3,L2,L2,L1,C3_3,D3_3,F3_3,L2,L3,,,
106026,L2,L3,L3,L3,L1,L3,L2,L2,L1,C3_3,D3_3,F3_3,L3,L1,,,
106027,L2,L3,L3,L3,L1,L3,L2,L2,L1,C3_3,D3_3,F3_3,L3,L2,,,
106028,L2,L3,L3,L3,L1,L3,L2,L2,L1,C3_3,D3_3,F3_3,L3,L3,,,
145989,L3,L1,L2,L1,L2,L3,L2,L2,L1,C3_1,D3_1,F3_1,L1,L1,,,
145990,L3,L1,L2,L1,L2,L3,L2,L2,L1,C3_1,D3_1,F3_1,L1,L2,,,
145991,L3,L1,L2,L1,L2,L3,L2,L2,L1,C3_1,D3_1,F3_1,L1,L3,,,
145992,L3,L1,L2,L1,L2,L3,L2,L2,L1,C3_1,D3_1,F3_1,L2,L1,,,
145993,L3,L1,L2,L1,L2,L3,L2,L2,L1,C3_1,D3_1,F3_1,L2,L2,,,
145994,L3,L1,L2,L1,L2,L3,L2,L2,L1,C3_1,D3_1,F3_1,L2,L3,,,
145995,L3,L1,L2,L1,L2,L3,L2,L2,L1,C3_1,D3_1,F3_1,L3,L1,,,
145996,L3,L1,L2,L1,L2,L3,L2,L2,L1,C3_1,D3_1,F3_1,L3,L2,,,
145997,L3,L1,L2,L1,L2,L3,L2,L2,L1,C3_1,D3_1,F3_1,L3,L3,,,
145998,L3,L1,L2,L1,L2,L3,L2,L2,L1,C3_1,D3_1,F3_2,L1,L1,,,
145999,L3,L1,L2,L1,L2,L3,L2,L2,L1,C3_1,D3_1,F3_2,L1,L2,,,
146000,L3,L1,L2,L1,L2,L3,L2,L2,L1,C3_1,D3_1,F3_2,L1,L3,,,
146001,L3,L1,L2,L1,L2,L3,L2,L2,L1,C3_1,D3_1,F3_2,L2,L1,,,
146002,L3,L1,L2,L1,L2,L3,L2,L2,L1,C3_1,D3_1,F3_2,L2,L2,,,
146003,L3,L1,L2,L1,L2,L3,L2,L2,L1,C3_1,D3_1,F3_2,L2,L3,,,
146004,L3,L1,L2,L1,L2,L3,L2,L2,L1,C3_1,D3_1,F3_2,L3,L1,,,
146005,L3,L1,L2,L1,L2,L3,L2,L2,L1,C3_1,D3_1,F3_2,L3,L2,,,
146006,L3,L1,L2,L1,L2,L3,L2,L2,L1,C3_1,D3_1,F3_2,L3,L3,,,
146007,L3,L1,L2,L1,L2,L3,L2,L2,L1,C3_1,D3_1,F3_3,L1,L1,,,
146008,L3,L1,L2,L1,L2,L3,L2,L2,L1,C3_1,D3_1,F3_3,L1,L2,,,
146009,L3,L1,L2,L1,L2,L3,L2,L2,L1,C3_1,D3_1,F3_3,L1,L3,,,
146010,L3,L1,L2,L1,L2,L3,L2,L2,L1,C3_1,D3_1,F3_3,L2,L1,,,
146011,L3,L1,L2,L1,L2,L3,L2,L2,L1,C3_1,D3_1,F3_3,L2,L2,,,
146012,L3,L1,L2,L1,L2,L3,L2,L2,L1,C3_1,D3_1,F3_3,L2,L3,,,
146013,L3,L1,L2,L1,L2,L3,L2,L2,L1,C3_1,D3_1,F3_3,L3,L1,,,
146014,L3,L1,L2,L1,L2,L3,L2,L2,L1,C3_1,D3_1,F3_3,L3,L2,,,
146015,L3,L1,L2,L1,L2,L3,L2,L2,L1,C3_1,D3_1,F3_3,L3,L3,,,
146016,L3,L1,L2,L1,L2,L3,L2,L2,L1,C3_1,D3_2,F3_1,L1,L1,,,
146017,L3,L1,L2,L1,L2,L3,L2,L2,L1,C3_1,D3_2,F3_1,L1,L2,,,
146018,L3,L1,L2,L1,L2,L3,L2,L2,L1,C3_1,D3_2,F3_1,L1,L3,,,
146019,L3,L1,L2,L1,L2,L3,L2,L2,L1,C3_1,D3_2,F3_1,L2,L1,,,
146020,L3,L1,L2,L1,L2,L3,L2,L2,L1,C3_1,D3_2,F3_1,L2,L2,,,
146021,L3,L1,L2,L1,L2,L3,L2,L2,L1,C3_1,D3_2,F3_1,L2,L3,,,
146022,L3,L1,L2,L1,L2,L3,L2,L2,L1,C3_1,D3_2,F3_1,L3,L1,,,
146023,L3,L1,L2,L1,L2,L3,L2,L2,L1,C3_1,D3_2,F3_1,L3,L2,,,
146024,L3,L1,L2,L1,L2,L3,L2,L2,L1,C3_1,D3_2,F3_1,L3,L3,,,
146025,L3,L1,L2,L1,L2,L3,L2,L2,L1,C3_1,D3_2,F3_2,L1,L1,,,
146026,L3,L1,L2,L1,L2,L3,L2,L2,L1,C3_1,D3_2,F3_2,L1,L2,,,
146027,L3,L1,L2,L1,L2,L3,L2,L2,L1,C3_1,D3_2,F3_2,L1,L3,,,
146028,L3,L1,L2,L1,L2,L3,L2,L2,L1,C3_1,D3_2,F3_2,L2,L1,,,
146029,L3,L1,L2,L1,L2,L3,L2,L2,L1,C3_1,D3_2,F3_2,L2,L2,,,
146030,L3,L1,L2,L1,L2,L3,L2,L2,L1,C3_1,D3_2,F3_2,L2,L3,,,
146031,L3,L1,L2,L1,L2,L3,L2,L2,L1,C3_1,D3_2,F3_2,L3,L1,,,
146032,L3,L1,L2,L1,L2,L3,L2,L2,L1,C3_1,D3_2,F3_2,L3,L2,,,
146033,L3,L1,L2,L1,L2,L3,L2,L2,L1,C3_1,D3_2,F3_2,L3,L3,,,
146034,L3,L1,L2,L1,L2,L3,L2,L2,L1,C3_1,D3_2,F3_3,L1,L1,,,
146035,L3,L1,L2,L1,L2,L3,L2,L2,L1,C3_1,D3_2,F3_3,L1,L2,,,
146036,L3,L1,L2,L1,L2,L3,L2,L2,L1,C3_1,D3_2,F3_3,L1,L3,,,
146037,L3,L1,L2,L1,L2,L3,L2,L2,L1,C3_1,D3_2,F3_3,L2,L1,,,
146038,L3,L1,L2,L1,L2,L3,L2,L2,L1,C3_1,D3_2,F3_3,L2,L2,,,
146039,L3,L1,L2,L1,L2,L3,L2,L2,L1,C3_1,D3_2,F3_3,L2,L3,,,
146040,L3,L1,L2,L1,L2,L3,L2,L2,L1,C3_1,D3_2,F3_3,L3,L1,,,
146041,L3,L1,L2,L1,L2,L3,L2,L2,L1,C3_1,D3_2,F3_3,L3,L2,,,
146042,L3,L1,L2,L1,L2,L3,L2,L2,L1,C3_1,D3_2,F3_3,L3,L3,,,
146043,L3,L1,L2,L1,L2,L3,L2,L2,L1,C3_1,D3_3,F3_1,L1,L1,,,
146044,L3,L1,L2,L1,L2,L3,L2,L2,L1,C3_1,D3_3,F3_1,L1,L2,,,
146045,L3,L1,L2,L1,L2,L3,L2,L2,L1,C3_1,D3_3,F3_1,L1,L3,,,
146046,L3,L1,L2,L1,L2,L3,L2,L2,L1,C3_1,D3_3,F3_1,L2,L1,,,
146047,L3,L1,L2,L1,L2,L3,L2,L2,L1,C3_1,D3_3,F3_1,L2,L2,,,
146048,L3,L1,L2,L1,L2,L3,L2,L2,L1,C3_1,D3_3,F3_1,L2,L3,,,
146049,L3,L1,L2,L1,L2,L3,L2,L2,L1,C3_1,D3_3,F3_1,L3,L1,,,
146050,L3,L1,L2,L1,L2,L3,L2,L2,L1,C3_1,D3_3,F3_1,L3,L2,,,
146051,L3,L1,L2,L1,L2,L3,L2,L2,L1,C3_1,D3_3,F3_1,L3,L3,,,
146052,L3,L1,L2,L1,L2,L3,L2,L2,L1,C3_1,D3_3,F3_2,L1,L1,,,
146053,L3,L1,L2,L1,L2,L3,L2,L2,L1,C3_1,D3_3,F3_2,L1,L2,,,
146054,L3,L1,L2,L1,L2,L3,L2,L2,L1,C3_1,D3_3,F3_2,L1,L3,,,
146055,L3,L1,L2,L1,L2,L3,L2,L2,L1,C3_1,D3_3,F3_2,L2,L1,,,
146056,L3,L1,L2,L1,L2,L3,L2,L2,L1,C3_1,D3_3,F3_2,L2,L2,,,
146057,L3,L1,L2,L1,L2,L3,L2,L2,L1,C3_1,D3_3,F3_2,L2,L3,,,
146058,L3,L1,L2,L1,L2,L3,L2,L2,L1,C3_1,D3_3,F3_2,L3,L1,,,
146059,L3,L1,L2,L1,L2,L3,L2,L2,L1,C3_1,D3_3,F3_2,L3,L2,,,
146060,L3,L1,L2,L1,L2,L3,L2,L2,L1,C3_1,D3_3,F3_2,L3,L3,,,
146061,L3,L1,L2,L1,L2,L3,L2,L2,L1,C3_1,D3_3,F3_3,L1,L1,,,
146062,L3,L1,L2,L1,L2,L3,L2,L2,L1,C3_1,D3_3,F3_3,L1,L2,,,
146063,L3,L1,L2,L1,L2,L3,L2,L2,L1,C3_1,D3_3,F3_3,L1,L3,,,
146064,L3,L1,L2,L1,L2,L3,L2,L2,L1,C3_1,D3_3,F3_3,L2,L1,,,
146065,L3,L1,L2,L1,L2,L3,L2,L2,L1,C3_1,D3_3,F3_3,L2,L2,,,
146066,L3,L1,L2,L1,L2,L3,L2,L2,L1,C3_1,D3_3,F3_3,L2,L3,,,
146067,L3,L1,L2,L1,L2,L3,L2,L2,L1,C3_1,D3_3,F3_3,L3,L1,,,
146068,L3,L1,L2,L1,L2,L3,L2,L2,L1,C3_1,D3_3,F3_3,L3,L2,,,
146069,L3,L1,L2,L1,L2,L3,L2,L2,L1,C3_1,D3_3,F3_3,L3,L3,,,
146070,L3,L1,L2,L1,L2,L3,L2,L2,L1,C3_2,D3_1,F3_1,L1,L1,,,
146071,L3,L1,L2,L1,L2,L3,L2,L2,L1,C3_2,D3_1,F3_1,L1,L2,,,
146072,L3,L1,L2,L1,L2,L3,L2,L2,L1,C3_2,D3_1,F3_1,L1,L3,,,
146073,L3,L1,L2,L1,L2,L3,L2,L2,L1,C3_2,D3_1,F3_1,L2,L1,,,
146074,L3,L1,L2,L1,L2,L3,L2,L2,L1,C3_2,D3_1,F3_1,L2,L2,,,
146075,L3,L1,L2,L1,L2,L3,L2,L2,L1,C3_2,D3_1,F3_1,L2,L3,,,
146076,L3,L1,L2,L1,L2,L3,L2,L2,L1,C3_2,D3_1,F3_1,L3,L1,,,
146077,L3,L1,L2,L1,L2,L3,L2,L2,L1,C3_2,D3_1,F3_1,L3,L2,,,
146078,L3,L1,L2,L1,L2,L3,L2,L2,L1,C3_2,D3_1,F3_1,L3,L3,,,
146079,L3,L1,L2,L1,L2,L3,L2,L2,L1,C3_2,D3_1,F3_2,L1,L1,,,
146080,L3,L1,L2,L1,L2,L3,L2,L2,L1,C3_2,D3_1,F3_2,L1,L2,,,
146081,L3,L1,L2,L1,L2,L3,L2,L2,L1,C3_2,D3_1,F3_2,L1,L3,,,
146082,L3,L1,L2,L1,L2,L3,L2,L2,L1,C3_2,D3_1,F3_2,L2,L1,,,
146083,L3,L1,L2,L1,L2,L3,L2,L2,L1,C3_2,D3_1,F3_2,L2,L2,,,
146084,L3,L1,L2,L1,L2,L3,L2,L2,L1,C3_2,D3_1,F3_2,L2,L3,,,
146085,L3,L1,L2,L1,L2,L3,L2,L2,L1,C3_2,D3_1,F3_2,L3,L1,,,
146086,L3,L1,L2,L1,L2,L3,L2,L2,L1,C3_2,D3_1,F3_2,L3,L2,,,
146087,L3,L1,L2,L1,L2,L3,L2,L2,L1,C3_2,D3_1,F3_2,L3,L3,,,
146088,L3,L1,L2,L1,L2,L3,L2,L2,L1,C3_2,D3_1,F3_3,L1,L1,,,
146089,L3,L1,L2,L1,L2,L3,L2,L2,L1,C3_2,D3_1,F3_3,L1,L2,,,
146090,L3,L1,L2,L1,L2,L3,L2,L2,L1,C3_2,D3_1,F3_3,L1,L3,,,
146091,L3,L1,L2,L1,L2,L3,L2,L2,L1,C3_2,D3_1,F3_3,L2,L1,,,
146092,L3,L1,L2,L1,L2,L3,L2,L2,L1,C3_2,D3_1,F3_3,L2,L2,,,
146093,L3,L1,L2,L1,L2,L3,L2,L2,L1,C3_2,D3_1,F3_3,L2,L3,,,
146094,L3,L1,L2,L1,L2,L3,L2,L2,L1,C3_2,D3_1,F3_3,L3,L1,,,
146095,L3,L1,L2,L1,L2,L3,L2,L2,L1,C3_2,D3_1,F3_3,L3,L2,,,
146096,L3,L1,L2,L1,L2,L3,L2,L2,L1,C3_2,D3_1,F3_3,L3,L3,,,
146097,L3,L1,L2,L1,L2,L3,L2,L2,L1,C3_2,D3_2,F3_1,L1,L1,,,
146098,L3,L1,L2,L1,L2,L3,L2,L2,L1,C3_2,D3_2,F3_1,L1,L2,,,
146099,L3,L1,L2,L1,L2,L3,L2,L2,L1,C3_2,D3_2,F3_1,L1,L3,,,
146100,L3,L1,L2,L1,L2,L3,L2,L2,L1,C3_2,D3_2,F3_1,L2,L1,,,
146101,L3,L1,L2,L1,L2,L3,L2,L2,L1,C3_2,D3_2,F3_1,L2,L2,,,
146102,L3,L1,L2,L1,L2,L3,L2,L2,L1,C3_2,D3_2,F3_1,L2,L3,,,
146103,L3,L1,L2,L1,L2,L3,L2,L2,L1,C3_2,D3_2,F3_1,L3,L1,,,
146104,L3,L1,L2,L1,L2,L3,L2,L2,L1,C3_2,D3_2,F3_1,L3,L2,,,
146105,L3,L1,L2,L1,L2,L3,L2,L2,L1,C3_2,D3_2,F3_1,L3,L3,,,
146106,L3,L1,L2,L1,L2,L3,L2,L2,L1,C3_2,D3_2,F3_2,L1,L1,,,
146107,L3,L1,L2,L1,L2,L3,L2,L2,L1,C3_2,D3_2,F3_2,L1,L2,,,
146108,L3,L1,L2,L1,L2,L3,L2,L2,L1,C3_2,D3_2,F3_2,L1,L3,,,
146109,L3,L1,L2,L1,L2,L3,L2,L2,L1,C3_2,D3_2,F3_2,L2,L1,,,
146110,L3,L1,L2,L1,L2,L3,L2,L2,L1,C3_2,D3_2,F3_2,L2,L2,,,
146111,L3,L1,L2,L1,L2,L3,L2,L2,L1,C3_2,D3_2,F3_2,L2,L3,,,
146112,L3,L1,L2,L1,L2,L3,L2,L2,L1,C3_2,D3_2,F3_2,L3,L1,,,
146113,L3,L1,L2,L1,L2,L3,L2,L2,L1,C3_2,D3_2,F3_2,L3,L2,,,
146114,L3,L1,L2,L1,L2,L3,L2,L2,L1,C3_2,D3_2,F3_2,L3,L3,,,
146115,L3,L1,L2,L1,L2,L3,L2,L2,L1,C3_2,D3_2,F3_3,L1,L1,,,
146116,L3,L1,L2,L1,L2,L3,L2,L2,L1,C3_2,D3_2,F3_3,L1,L2,,,
146117,L3,L1,L2,L1,L2,L3,L2,L2,L1,C3_2,D3_2,F3_3,L1,L3,,,
146118,L3,L1,L2,L1,L2,L3,L2,L2,L1,C3_2,D3_2,F3_3,L2,L1,,,
146119,L3,L1,L2,L1,L2,L3,L2,L2,L1,C3_2,D3_2,F3_3,L2,L2,,,
146120,L3,L1,L2,L1,L2,L3,L2,L2,L1,C3_2,D3_2,F3_3,L2,L3,,,
146121,L3,L1,L2,L1,L2,L3,L2,L2,L1,C3_2,D3_2,F3_3,L3,L1,,,
146122,L3,L1,L2,L1,L2,L3,L2,L2,L1,C3_2,D3_2,F3_3,L3,L2,,,
146123,L3,L1,L2,L1,L2,L3,L2,L2,L1,C3_2,D3_2,F3_3,L3,L3,,,
146124,L3,L1,L2,L1,L2,L3,L2,L2,L1,C3_2,D3_3,F3_1,L1,L1,,,
146125,L3,L1,L2,L1,L2,L3,L2,L2,L1,C3_2,D3_3,F3_1,L1,L2,,,
146126,L3,L1,L2,L1,L2,L3,L2,L2,L1,C3_2,D3_3,F3_1,L1,L3,,,
146127,L3,L1,L2,L1,L2,L3,L2,L2,L1,C3_2,D3_3,F3_1,L2,L1,,,
146128,L3,L1,L2,L1,L2,L3,L2,L2,L1,C3_2,D3_3,F3_1,L2,L2,,,
146129,L3,L1,L2,L1,L2,L3,L2,L2,L1,C3_2,D3_3,F3_1,L2,L3,,,
146130,L3,L1,L2,L1,L2,L3,L2,L2,L1,C3_2,D3_3,F3_1,L3,L1,,,
146131,L3,L1,L2,L1,L2,L3,L2,L2,L1,C3_2,D3_3,F3_1,L3,L2,,,
146132,L3,L1,L2,L1,L2,L3,L2,L2,L1,C3_2,D3_3,F3_1,L3,L3,,,
146133,L3,L1,L2,L1,L2,L3,L2,L2,L1,C3_2,D3_3,F3_2,L1,L1,,,
146134,L3,L1,L2,L1,L2,L3,L2,L2,L1,C3_2,D3_3,F3_2,L1,L2,,,
146135,L3,L1,L2,L1,L2,L3,L2,L2,L1,C3_2,D3_3,F3_2,L1,L3,,,
146136,L3,L1,L2,L1,L2,L3,L2,L2,L1,C3_2,D3_3,F3_2,L2,L1,,,
146137,L3,L1,L2,L1,L2,L3,L2,L2,L1,C3_2,D3_3,F3_2,L2,L2,,,
146138,L3,L1,L2,L1,L2,L3,L2,L2,L1,C3_2,D3_3,F3_2,L2,L3,,,
146139,L3,L1,L2,L1,L2,L3,L2,L2,L1,C3_2,D3_3,F3_2,L3,L1,,,
146140,L3,L1,L2,L1,L2,L3,L2,L2,L1,C3_2,D3_3,F3_2,L3,L2,,,
146141,L3,L1,L2,L1,L2,L3,L2,L2,L1,C3_2,D3_3,F3_2,L3,L3,,,
146142,L3,L1,L2,L1,L2,L3,L2,L2,L1,C3_2,D3_3,F3_3,L1,L1,,,
146143,L3,L1,L2,L1,L2,L3,L2,L2,L1,C3_2,D3_3,F3_3,L1,L2,,,
146144,L3,L1,L2,L1,L2,L3,L2,L2,L1,C3_2,D3_3,F3_3,L1,L3,,,
146145,L3,L1,L2,L1,L2,L3,L2,L2,L1,C3_2,D3_3,F3_3,L2,L1,,,
146146,L3,L1,L2,L1,L2,L3,L2,L2,L1,C3_2,D3_3,F3_3,L2,L2,,,
146147,L3,L1,L2,L1,L2,L3,L2,L2,L1,C3_2,D3_3,F3_3,L2,L3,,,
146148,L3,L1,L2,L1,L2,L3,L2,L2,L1,C3_2,D3_3,F3_3,L3,L1,,,
146149,L3,L1,L2,L1,L2,L3,L2,L2,L1,C3_2,D3_3,F3_3,L3,L2,,,
146150,L3,L1,L2,L1,L2,L3,L2,L2,L1,C3_2,D3_3,F3_3,L3,L3,,,
146151,L3,L1,L2,L1,L2,L3,L2,L2,L1,C3_3,D3_1,F3_1,L1,L1,,,
146152,L3,L1,L2,L1,L2,L3,L2,L2,L1,C3_3,D3_1,F3_1,L1,L2,,,
146153,L3,L1,L2,L1,L2,L3,L2,L2,L1,C3_3,D3_1,F3_1,L1,L3,,,
146154,L3,L1,L2,L1,L2,L3,L2,L2,L1,C3_3,D3_1,F3_1,L2,L1,,,
146155,L3,L1,L2,L1,L2,L3,L2,L2,L1,C3_3,D3_1,F3_1,L2,L2,,,
146156,L3,L1,L2,L1,L2,L3,L2,L2,L1,C3_3,D3_1,F3_1,L2,L3,,,
146157,L3,L1,L2,L1,L2,L3,L2,L2,L1,C3_3,D3_1,F3_1,L3,L1,,,
146158,L3,L1,L2,L1,L2,L3,L2,L2,L1,C3_3,D3_1,F3_1,L3,L2,,,
146159,L3,L1,L2,L1,L2,L3,L2,L2,L1,C3_3,D3_1,F3_1,L3,L3,,,
146160,L3,L1,L2,L1,L2,L3,L2,L2,L1,C3_3,D3_1,F3_2,L1,L1,,,
146161,L3,L1,L2,L1,L2,L3,L2,L2,L1,C3_3,D3_1,F3_2,L1,L2,,,
146162,L3,L1,L2,L1,L2,L3,L2,L2,L1,C3_3,D3_1,F3_2,L1,L3,,,
146163,L3,L1,L2,L1,L2,L3,L2,L2,L1,C3_3,D3_1,F3_2,L2,L1,,,
146164,L3,L1,L2,L1,L2,L3,L2,L2,L1,C3_3,D3_1,F3_2,L2,L2,,,
146165,L3,L1,L2,L1,L2,L3,L2,L2,L1,C3_3,D3_1,F3_2,L2,L3,,,
146166,L3,L1,L2,L1,L2,L3,L2,L2,L1,C3_3,D3_1,F3_2,L3,L1,,,
146167,L3,L1,L2,L1,L2,L3,L2,L2,L1,C3_3,D3_1,F3_2,L3,L2,,,
146168,L3,L1,L2,L1,L2,L3,L2,L2,L1,C3_3,D3_1,F3_2,L3,L3,,,
146169,L3,L1,L2,L1,L2,L3,L2,L2,L1,C3_3,D3_1,F3_3,L1,L1,,,
146170,L3,L1,L2,L1,L2,L3,L2,L2,L1,C3_3,D3_1,F3_3,L1,L2,,,
146171,L3,L1,L2,L1,L2,L3,L2,L2,L1,C3_3,D3_1,F3_3,L1,L3,,,
146172,L3,L1,L2,L1,L2,L3,L2,L2,L1,C3_3,D3_1,F3_3,L2,L1,,,
146173,L3,L1,L2,L1,L2,L3,L2,L2,L1,C3_3,D3_1,F3_3,L2,L2,,,
146174,L3,L1,L2,L1,L2,L3,L2,L2,L1,C3_3,D3_1,F3_3,L2,L3,,,
146175,L3,L1,L2,L1,L2,L3,L2,L2,L1,C3_3,D3_1,F3_3,L3,L1,,,
146176,L3,L1,L2,L1,L2,L3,L2,L2,L1,C3_3,D3_1,F3_3,L3,L2,,,
146177,L3,L1,L2,L1,L2,L3,L2,L2,L1,C3_3,D3_1,F3_3,L3,L3,,,
146178,L3,L1,L2,L1,L2,L3,L2,L2,L1,C3_3,D3_2,F3_1,L1,L1,,,
146179,L3,L1,L2,L1,L2,L3,L2,L2,L1,C3_3,D3_2,F3_1,L1,L2,,,
146180,L3,L1,L2,L1,L2,L3,L2,L2,L1,C3_3,D3_2,F3_1,L1,L3,,,
146181,L3,L1,L2,L1,L2,L3,L2,L2,L1,C3_3,D3_2,F3_1,L2,L1,,,
146182,L3,L1,L2,L1,L2,L3,L2,L2,L1,C3_3,D3_2,F3_1,L2,L2,,,
146183,L3,L1,L2,L1,L2,L3,L2,L2,L1,C3_3,D3_2,F3_1,L2,L3,,,
146184,L3,L1,L2,L1,L2,L3,L2,L2,L1,C3_3,D3_2,F3_1,L3,L1,,,
146185,L3,L1,L2,L1,L2,L3,L2,L2,L1,C3_3,D3_2,F3_1,L3,L2,,,
146186,L3,L1,L2,L1,L2,L3,L2,L2,L1,C3_3,D3_2,F3_1,L3,L3,,,
146187,L3,L1,L2,L1,L2,L3,L2,L2,L1,C3_3,D3_2,F3_2,L1,L1,,,
146188,L3,L1,L2,L1,L2,L3,L2,L2,L1,C3_3,D3_2,F3_2,L1,L2,,,
146189,L3,L1,L2,L1,L2,L3,L2,L2,L1,C3_3,D3_2,F3_2,L1,L3,,,
146190,L3,L1,L2,L1,L2,L3,L2,L2,L1,C3_3,D3_2,F3_2,L2,L1,,,
146191,L3,L1,L2,L1,L2,L3,L2,L2,L1,C3_3,D3_2,F3_2,L2,L2,,,
146192,L3,L1,L2,L1,L2,L3,L2,L2,L1,C3_3,D3_2,F3_2,L2,L3,,,
146193,L3,L1,L2,L1,L2,L3,L2,L2,L1,C3_3,D3_2,F3_2,L3,L1,,,
146194,L3,L1,L2,L1,L2,L3,L2,L2,L1,C3_3,D3_2,F3_2,L3,L2,,,
146195,L3,L1,L2,L1,L2,L3,L2,L2,L1,C3_3,D3_2,F3_2,L3,L3,,,
146196,L3,L1,L2,L1,L2,L3,L2,L2,L1,C3_3,D3_2,F3_3,L1,L1,,,
146197,L3,L1,L2,L1,L2,L3,L2,L2,L1,C3_3,D3_2,F3_3,L1,L2,,,
146198,L3,L1,L2,L1,L2,L3,L2,L2,L1,C3_3,D3_2,F3_3,L1,L3,,,
146199,L3,L1,L2,L1,L2,L3,L2,L2,L1,C3_3,D3_2,F3_3,L2,L1,,,
146200,L3,L1,L2,L1,L2,L3,L2,L2,L1,C3_3,D3_2,F3_3,L2,L2,,,
146201,L3,L1,L2,L1,L2,L3,L2,L2,L1,C3_3,D3_2,F3_3,L2,L3,,,
146202,L3,L1,L2,L1,L2,L3,L2,L2,L1,C3_3,D3_2,F3_3,L3,L1,,,
146203,L3,L1,L2,L1,L2,L3,L2,L2,L1,C3_3,D3_2,F3_3,L3,L2,,,
146204,L3,L1,L2,L1,L2,L3,L2,L2,L1,C3_3,D3_2,F3_3,L3,L3,,,
146205,L3,L1,L2,L1,L2,L3,L2,L2,L1,C3_3,D3_3,F3_1,L1,L1,,,
146206,L3,L1,L2,L1,L2,L3,L2,L2,L1,C3_3,D3_3,F3_1,L1,L2,,,
146207,L3,L1,L2,L1,L2,L3,L2,L2,L1,C3_3,D3_3,F3_1,L1,L3,,,
146208,L3,L1,L2,L1,L2,L3,L2,L2,L1,C3_3,D3_3,F3_1,L2,L1,,,
146209,L3,L1,L2,L1,L2,L3,L2,L2,L1,C3_3,D3_3,F3_1,L2,L2,,,
146210,L3,L1,L2,L1,L2,L3,L2,L2,L1,C3_3,D3_3,F3_1,L2,L3,,,
146211,L3,L1,L2,L1,L2,L3,L2,L2,L1,C3_3,D3_3,F3_1,L3,L1,,,
146212,L3,L1,L2,L1,L2,L3,L2,L2,L1,C3_3,D3_3,F3_1,L3,L2,,,
146213,L3,L1,L2,L1,L2,L3,L2,L2,L1,C3_3,D3_3,F3_1,L3,L3,,,
146214,L3,L1,L2,L1,L2,L3,L2,L2,L1,C3_3,D3_3,F3_2,L1,L1,,,
146215,L3,L1,L2,L1,L2,L3,L2,L2,L1,C3_3,D3_3,F3_2,L1,L2,,,
146216,L3,L1,L2,L1,L2,L3,L2,L2,L1,C3_3,D3_3,F3_2,L1,L3,,,
146217,L3,L1,L2,L1,L2,L3,L2,L2,L1,C3_3,D3_3,F3_2,L2,L1,,,
146218,L3,L1,L2,L1,L2,L3,L2,L2,L1,C3_3,D3_3,F3_2,L2,L2,,,
146219,L3,L1,L2,L1,L2,L3,L2,L2,L1,C3_3,D3_3,F3_2,L2,L3,,,
146220,L3,L1,L2,L1,L2,L3,L2,L2,L1,C3_3,D3_3,F3_2,L3,L1,,,
146221,L3,L1,L2,L1,L2,L3,L2,L2,L1,C3_3,D3_3,F3_2,L3,L2,,,
146222,L3,L1,L2,L1,L2,L3,L2,L2,L1,C3_3,D3_3,F3_2,L3,L3,,,
146223,L3,L1,L2,L1,L2,L3,L2,L2,L1,C3_3,D3_3,F3_3,L1,L1,,,
146224,L3,L1,L2,L1,L2,L3,L2,L2,L1,C3_3,D3_3,F3_3,L1,L2,,,
146225,L3,L1,L2,L1,L2,L3,L2,L2,L1,C3_3,D3_3,F3_3,L1,L3,,,
146226,L3,L1,L2,L1,L2,L3,L2,L2,L1,C3_3,D3_3,F3_3,L2,L1,,,
146227,L3,L1,L2,L1,L2,L3,L2,L2,L1,C3_3,D3_3,F3_3,L2,L2,,,
146228,L3,L1,L2,L1,L2,L3,L2,L2,L1,C3_3,D3_3,F3_3,L2,L3,,,
146229,L3,L1,L2,L1,L2,L3,L2,L2,L1,C3_3,D3_3,F3_3,L3,L1,,,
146230,L3,L1,L2,L1,L2,L3,L2,L2,L1,C3_3,D3_3,F3_3,L3,L2,,,
146231,L3,L1,L2,L1,L2,L3,L2,L2,L1,C3_3,D3_3,F3_3,L3,L3,,,
168939,L1,L3,L1,L1,L3,L3,L2,L2,L1,C3_1,D3_1,F3_1,L1,L1,,,
168940,L1,L3,L1,L1,L3,L3,L2,L2,L1,C3_1,D3_1,F3_1,L1,L2,,,
168941,L1,L3,L1,L1,L3,L3,L2,L2,L1,C3_1,D3_1,F3_1,L1,L3,,,
168942,L1,L3,L1,L1,L3,L3,L2,L2,L1,C3_1,D3_1,F3_1,L2,L1,,,
168943,L1,L3,L1,L1,L3,L3,L2,L2,L1,C3_1,D3_1,F3_1,L2,L2,,,
168944,L1,L3,L1,L1,L3,L3,L2,L2,L1,C3_1,D3_1,F3_1,L2,L3,,,
168945,L1,L3,L1,L1,L3,L3,L2,L2,L1,C3_1,D3_1,F3_1,L3,L1,,,
168946,L1,L3,L1,L1,L3,L3,L2,L2,L1,C3_1,D3_1,F3_1,L3,L2,,,
168947,L1,L3,L1,L1,L3,L3,L2,L2,L1,C3_1,D3_1,F3_1,L3,L3,,,
168948,L1,L3,L1,L1,L3,L3,L2,L2,L1,C3_1,D3_1,F3_2,L1,L1,,,
168949,L1,L3,L1,L1,L3,L3,L2,L2,L1,C3_1,D3_1,F3_2,L1,L2,,,
168950,L1,L3,L1,L1,L3,L3,L2,L2,L1,C3_1,D3_1,F3_2,L1,L3,,,
168951,L1,L3,L1,L1,L3,L3,L2,L2,L1,C3_1,D3_1,F3_2,L2,L1,,,
168952,L1,L3,L1,L1,L3,L3,L2,L2,L1,C3_1,D3_1,F3_2,L2,L2,,,
168953,L1,L3,L1,L1,L3,L3,L2,L2,L1,C3_1,D3_1,F3_2,L2,L3,,,
168954,L1,L3,L1,L1,L3,L3,L2,L2,L1,C3_1,D3_1,F3_2,L3,L1,,,
168955,L1,L3,L1,L1,L3,L3,L2,L2,L1,C3_1,D3_1,F3_2,L3,L2,,,
168956,L1,L3,L1,L1,L3,L3,L2,L2,L1,C3_1,D3_1,F3_2,L3,L3,,,
168957,L1,L3,L1,L1,L3,L3,L2,L2,L1,C3_1,D3_1,F3_3,L1,L1,,,
168958,L1,L3,L1,L1,L3,L3,L2,L2,L1,C3_1,D3_1,F3_3,L1,L2,,,
168959,L1,L3,L1,L1,L3,L3,L2,L2,L1,C3_1,D3_1,F3_3,L1,L3,,,
168960,L1,L3,L1,L1,L3,L3,L2,L2,L1,C3_1,D3_1,F3_3,L2,L1,,,
168961,L1,L3,L1,L1,L3,L3,L2,L2,L1,C3_1,D3_1,F3_3,L2,L2,,,
168962,L1,L3,L1,L1,L3,L3,L2,L2,L1,C3_1,D3_1,F3_3,L2,L3,,,
168963,L1,L3,L1,L1,L3,L3,L2,L2,L1,C3_1,D3_1,F3_3,L3,L1,,,
168964,L1,L3,L1,L1,L3,L3,L2,L2,L1,C3_1,D3_1,F3_3,L3,L2,,,
168965,L1,L3,L1,L1,L3,L3,L2,L2,L1,C3_1,D3_1,F3_3,L3,L3,,,
168966,L1,L3,L1,L1,L3,L3,L2,L2,L1,C3_1,D3_2,F3_1,L1,L1,,,
168967,L1,L3,L1,L1,L3,L3,L2,L2,L1,C3_1,D3_2,F3_1,L1,L2,,,
168968,L1,L3,L1,L1,L3,L3,L2,L2,L1,C3_1,D3_2,F3_1,L1,L3,,,
168969,L1,L3,L1,L1,L3,L3,L2,L2,L1,C3_1,D3_2,F3_1,L2,L1,,,
168970,L1,L3,L1,L1,L3,L3,L2,L2,L1,C3_1,D3_2,F3_1,L2,L2,,,
168971,L1,L3,L1,L1,L3,L3,L2,L2,L1,C3_1,D3_2,F3_1,L2,L3,,,
168972,L1,L3,L1,L1,L3,L3,L2,L2,L1,C3_1,D3_2,F3_1,L3,L1,,,
168973,L1,L3,L1,L1,L3,L3,L2,L2,L1,C3_1,D3_2,F3_1,L3,L2,,,
168974,L1,L3,L1,L1,L3,L3,L2,L2,L1,C3_1,D3_2,F3_1,L3,L3,,,
168975,L1,L3,L1,L1,L3,L3,L2,L2,L1,C3_1,D3_2,F3_2,L1,L1,,,
168976,L1,L3,L1,L1,L3,L3,L2,L2,L1,C3_1,D3_2,F3_2,L1,L2,,,
168977,L1,L3,L1,L1,L3,L3,L2,L2,L1,C3_1,D3_2,F3_2,L1,L3,,,
168978,L1,L3,L1,L1,L3,L3,L2,L2,L1,C3_1,D3_2,F3_2,L2,L1,,,
168979,L1,L3,L1,L1,L3,L3,L2,L2,L1,C3_1,D3_2,F3_2,L2,L2,,,
168980,L1,L3,L1,L1,L3,L3,L2,L2,L1,C3_1,D3_2,F3_2,L2,L3,,,
168981,L1,L3,L1,L1,L3,L3,L2,L2,L1,C3_1,D3_2,F3_2,L3,L1,,,
168982,L1,L3,L1,L1,L3,L3,L2,L2,L1,C3_1,D3_2,F3_2,L3,L2,,,
168983,L1,L3,L1,L1,L3,L3,L2,L2,L1,C3_1,D3_2,F3_2,L3,L3,,,
168984,L1,L3,L1,L1,L3,L3,L2,L2,L1,C3_1,D3_2,F3_3,L1,L1,,,
168985,L1,L3,L1,L1,L3,L3,L2,L2,L1,C3_1,D3_2,F3_3,L1,L2,,,
168986,L1,L3,L1,L1,L3,L3,L2,L2,L1,C3_1,D3_2,F3_3,L1,L3,,,
168987,L1,L3,L1,L1,L3,L3,L2,L2,L1,C3_1,D3_2,F3_3,L2,L1,,,
168988,L1,L3,L1,L1,L3,L3,L2,L2,L1,C3_1,D3_2,F3_3,L2,L2,,,
168989,L1,L3,L1,L1,L3,L3,L2,L2,L1,C3_1,D3_2,F3_3,L2,L3,,,
168990,L1,L3,L1,L1,L3,L3,L2,L2,L1,C3_1,D3_2,F3_3,L3,L1,,,
168991,L1,L3,L1,L1,L3,L3,L2,L2,L1,C3_1,D3_2,F3_3,L3,L2,,,
168992,L1,L3,L1,L1,L3,L3,L2,L2,L1,C3_1,D3_2,F3_3,L3,L3,,,
168993,L1,L3,L1,L1,L3,L3,L2,L2,L1,C3_1,D3_3,F3_1,L1,L1,,,
168994,L1,L3,L1,L1,L3,L3,L2,L2,L1,C3_1,D3_3,F3_1,L1,L2,,,
168995,L1,L3,L1,L1,L3,L3,L2,L2,L1,C3_1,D3_3,F3_1,L1,L3,,,
168996,L1,L3,L1,L1,L3,L3,L2,L2,L1,C3_1,D3_3,F3_1,L2,L1,,,
168997,L1,L3,L1,L1,L3,L3,L2,L2,L1,C3_1,D3_3,F3_1,L2,L2,,,
168998,L1,L3,L1,L1,L3,L3,L2,L2,L1,C3_1,D3_3,F3_1,L2,L3,,,
168999,L1,L3,L1,L1,L3,L3,L2,L2,L1,C3_1,D3_3,F3_1,L3,L1,,,
169000,L1,L3,L1,L1,L3,L3,L2,L2,L1,C3_1,D3_3,F3_1,L3,L2,,,
169001,L1,L3,L1,L1,L3,L3,L2,L2,L1,C3_1,D3_3,F3_1,L3,L3,,,
169002,L1,L3,L1,L1,L3,L3,L2,L2,L1,C3_1,D3_3,F3_2,L1,L1,,,
169003,L1,L3,L1,L1,L3,L3,L2,L2,L1,C3_1,D3_3,F3_2,L1,L2,,,
169004,L1,L3,L1,L1,L3,L3,L2,L2,L1,C3_1,D3_3,F3_2,L1,L3,,,
169005,L1,L3,L1,L1,L3,L3,L2,L2,L1,C3_1,D3_3,F3_2,L2,L1,,,
169006,L1,L3,L1,L1,L3,L3,L2,L2,L1,C3_1,D3_3,F3_2,L2,L2,,,
169007,L1,L3,L1,L1,L3,L3,L2,L2,L1,C3_1,D3_3,F3_2,L2,L3,,,
169008,L1,L3,L1,L1,L3,L3,L2,L2,L1,C3_1,D3_3,F3_2,L3,L1,,,
169009,L1,L3,L1,L1,L3,L3,L2,L2,L1,C3_1,D3_3,F3_2,L3,L2,,,
169010,L1,L3,L1,L1,L3,L3,L2,L2,L1,C3_1,D3_3,F3_2,L3,L3,,,
169011,L1,L3,L1,L1,L3,L3,L2,L2,L1,C3_1,D3_3,F3_3,L1,L1,,,
169012,L1,L3,L1,L1,L3,L3,L2,L2,L1,C3_1,D3_3,F3_3,L1,L2,,,
169013,L1,L3,L1,L1,L3,L3,L2,L2,L1,C3_1,D3_3,F3_3,L1,L3,,,
169014,L1,L3,L1,L1,L3,L3,L2,L2,L1,C3_1,D3_3,F3_3,L2,L1,,,
169015,L1,L3,L1,L1,L3,L3,L2,L2,L1,C3_1,D3_3,F3_3,L2,L2,,,
169016,L1,L3,L1,L1,L3,L3,L2,L2,L1,C3_1,D3_3,F3_3,L2,L3,,,
169017,L1,L3,L1,L1,L3,L3,L2,L2,L1,C3_1,D3_3,F3_3,L3,L1,,,
169018,L1,L3,L1,L1,L3,L3,L2,L2,L1,C3_1,D3_3,F3_3,L3,L2,,,
169019,L1,L3,L1,L1,L3,L3,L2,L2,L1,C3_1,D3_3,F3_3,L3,L3,,,
169020,L1,L3,L1,L1,L3,L3,L2,L2,L1,C3_2,D3_1,F3_1,L1,L1,,,
169021,L1,L3,L1,L1,L3,L3,L2,L2,L1,C3_2,D3_1,F3_1,L1,L2,,,
169022,L1,L3,L1,L1,L3,L3,L2,L2,L1,C3_2,D3_1,F3_1,L1,L3,,,
169023,L1,L3,L1,L1,L3,L3,L2,L2,L1,C3_2,D3_1,F3_1,L2,L1,,,
169024,L1,L3,L1,L1,L3,L3,L2,L2,L1,C3_2,D3_1,F3_1,L2,L2,,,
169025,L1,L3,L1,L1,L3,L3,L2,L2,L1,C3_2,D3_1,F3_1,L2,L3,,,
169026,L1,L3,L1,L1,L3,L3,L2,L2,L1,C3_2,D3_1,F3_1,L3,L1,,,
169027,L1,L3,L1,L1,L3,L3,L2,L2,L1,C3_2,D3_1,F3_1,L3,L2,,,
169028,L1,L3,L1,L1,L3,L3,L2,L2,L1,C3_2,D3_1,F3_1,L3,L3,,,
169029,L1,L3,L1,L1,L3,L3,L2,L2,L1,C3_2,D3_1,F3_2,L1,L1,,,
169030,L1,L3,L1,L1,L3,L3,L2,L2,L1,C3_2,D3_1,F3_2,L1,L2,,,
169031,L1,L3,L1,L1,L3,L3,L2,L2,L1,C3_2,D3_1,F3_2,L1,L3,,,
169032,L1,L3,L1,L1,L3,L3,L2,L2,L1,C3_2,D3_1,F3_2,L2,L1,,,
169033,L1,L3,L1,L1,L3,L3,L2,L2,L1,C3_2,D3_1,F3_2,L2,L2,,,
169034,L1,L3,L1,L1,L3,L3,L2,L2,L1,C3_2,D3_1,F3_2,L2,L3,,,
169035,L1,L3,L1,L1,L3,L3,L2,L2,L1,C3_2,D3_1,F3_2,L3,L1,,,
169036,L1,L3,L1,L1,L3,L3,L2,L2,L1,C3_2,D3_1,F3_2,L3,L2,,,
169037,L1,L3,L1,L1,L3,L3,L2,L2,L1,C3_2,D3_1,F3_2,L3,L3,,,
169038,L1,L3,L1,L1,L3,L3,L2,L2,L1,C3_2,D3_1,F3_3,L1,L1,,,
169039,L1,L3,L1,L1,L3,L3,L2,L2,L1,C3_2,D3_1,F3_3,L1,L2,,,
169040,L1,L3,L1,L1,L3,L3,L2,L2,L1,C3_2,D3_1,F3_3,L1,L3,,,
169041,L1,L3,L1,L1,L3,L3,L2,L2,L1,C3_2,D3_1,F3_3,L2,L1,,,
169042,L1,L3,L1,L1,L3,L3,L2,L2,L1,C3_2,D3_1,F3_3,L2,L2,,,
169043,L1,L3,L1,L1,L3,L3,L2,L2,L1,C3_2,D3_1,F3_3,L2,L3,,,
169044,L1,L3,L1,L1,L3,L3,L2,L2,L1,C3_2,D3_1,F3_3,L3,L1,,,
169045,L1,L3,L1,L1,L3,L3,L2,L2,L1,C3_2,D3_1,F3_3,L3,L2,,,
169046,L1,L3,L1,L1,L3,L3,L2,L2,L1,C3_2,D3_1,F3_3,L3,L3,,,
169047,L1,L3,L1,L1,L3,L3,L2,L2,L1,C3_2,D3_2,F3_1,L1,L1,,,
169048,L1,L3,L1,L1,L3,L3,L2,L2,L1,C3_2,D3_2,F3_1,L1,L2,,,
169049,L1,L3,L1,L1,L3,L3,L2,L2,L1,C3_2,D3_2,F3_1,L1,L3,,,
169050,L1,L3,L1,L1,L3,L3,L2,L2,L1,C3_2,D3_2,F3_1,L2,L1,,,
169051,L1,L3,L1,L1,L3,L3,L2,L2,L1,C3_2,D3_2,F3_1,L2,L2,,,
169052,L1,L3,L1,L1,L3,L3,L2,L2,L1,C3_2,D3_2,F3_1,L2,L3,,,
169053,L1,L3,L1,L1,L3,L3,L2,L2,L1,C3_2,D3_2,F3_1,L3,L1,,,
169054,L1,L3,L1,L1,L3,L3,L2,L2,L1,C3_2,D3_2,F3_1,L3,L2,,,
169055,L1,L3,L1,L1,L3,L3,L2,L2,L1,C3_2,D3_2,F3_1,L3,L3,,,
169056,L1,L3,L1,L1,L3,L3,L2,L2,L1,C3_2,D3_2,F3_2,L1,L1,,,
169057,L1,L3,L1,L1,L3,L3,L2,L2,L1,C3_2,D3_2,F3_2,L1,L2,,,
169058,L1,L3,L1,L1,L3,L3,L2,L2,L1,C3_2,D3_2,F3_2,L1,L3,,,
169059,L1,L3,L1,L1,L3,L3,L2,L2,L1,C3_2,D3_2,F3_2,L2,L1,,,
169060,L1,L3,L1,L1,L3,L3,L2,L2,L1,C3_2,D3_2,F3_2,L2,L2,,,
169061,L1,L3,L1,L1,L3,L3,L2,L2,L1,C3_2,D3_2,F3_2,L2,L3,,,
169062,L1,L3,L1,L1,L3,L3,L2,L2,L1,C3_2,D3_2,F3_2,L3,L1,,,
169063,L1,L3,L1,L1,L3,L3,L2,L2,L1,C3_2,D3_2,F3_2,L3,L2,,,
169064,L1,L3,L1,L1,L3,L3,L2,L2,L1,C3_2,D3_2,F3_2,L3,L3,,,
169065,L1,L3,L1,L1,L3,L3,L2,L2,L1,C3_2,D3_2,F3_3,L1,L1,,,
169066,L1,L3,L1,L1,L3,L3,L2,L2,L1,C3_2,D3_2,F3_3,L1,L2,,,
169067,L1,L3,L1,L1,L3,L3,L2,L2,L1,C3_2,D3_2,F3_3,L1,L3,,,
169068,L1,L3,L1,L1,L3,L3,L2,L2,L1,C3_2,D3_2,F3_3,L2,L1,,,
169069,L1,L3,L1,L1,L3,L3,L2,L2,L1,C3_2,D3_2,F3_3,L2,L2,,,
169070,L1,L3,L1,L1,L3,L3,L2,L2,L1,C3_2,D3_2,F3_3,L2,L3,,,
169071,L1,L3,L1,L1,L3,L3,L2,L2,L1,C3_2,D3_2,F3_3,L3,L1,,,
169072,L1,L3,L1,L1,L3,L3,L2,L2,L1,C3_2,D3_2,F3_3,L3,L2,,,
169073,L1,L3,L1,L1,L3,L3,L2,L2,L1,C3_2,D3_2,F3_3,L3,L3,,,
169074,L1,L3,L1,L1,L3,L3,L2,L2,L1,C3_2,D3_3,F3_1,L1,L1,,,
169075,L1,L3,L1,L1,L3,L3,L2,L2,L1,C3_2,D3_3,F3_1,L1,L2,,,
169076,L1,L3,L1,L1,L3,L3,L2,L2,L1,C3_2,D3_3,F3_1,L1,L3,,,
169077,L1,L3,L1,L1,L3,L3,L2,L2,L1,C3_2,D3_3,F3_1,L2,L1,,,
169078,L1,L3,L1,L1,L3,L3,L2,L2,L1,C3_2,D3_3,F3_1,L2,L2,,,
169079,L1,L3,L1,L1,L3,L3,L2,L2,L1,C3_2,D3_3,F3_1,L2,L3,,,
169080,L1,L3,L1,L1,L3,L3,L2,L2,L1,C3_2,D3_3,F3_1,L3,L1,,,
169081,L1,L3,L1,L1,L3,L3,L2,L2,L1,C3_2,D3_3,F3_1,L3,L2,,,
169082,L1,L3,L1,L1,L3,L3,L2,L2,L1,C3_2,D3_3,F3_1,L3,L3,,,
169083,L1,L3,L1,L1,L3,L3,L2,L2,L1,C3_2,D3_3,F3_2,L1,L1,,,
169084,L1,L3,L1,L1,L3,L3,L2,L2,L1,C3_2,D3_3,F3_2,L1,L2,,,
169085,L1,L3,L1,L1,L3,L3,L2,L2,L1,C3_2,D3_3,F3_2,L1,L3,,,
169086,L1,L3,L1,L1,L3,L3,L2,L2,L1,C3_2,D3_3,F3_2,L2,L1,,,
169087,L1,L3,L1,L1,L3,L3,L2,L2,L1,C3_2,D3_3,F3_2,L2,L2,,,
169088,L1,L3,L1,L1,L3,L3,L2,L2,L1,C3_2,D3_3,F3_2,L2,L3,,,
169089,L1,L3,L1,L1,L3,L3,L2,L2,L1,C3_2,D3_3,F3_2,L3,L1,,,
169090,L1,L3,L1,L1,L3,L3,L2,L2,L1,C3_2,D3_3,F3_2,L3,L2,,,
169091,L1,L3,L1,L1,L3,L3,L2,L2,L1,C3_2,D3_3,F3_2,L3,L3,,,
169092,L1,L3,L1,L1,L3,L3,L2,L2,L1,C3_2,D3_3,F3_3,L1,L1,,,
169093,L1,L3,L1,L1,L3,L3,L2,L2,L1,C3_2,D3_3,F3_3,L1,L2,,,
169094,L1,L3,L1,L1,L3,L3,L2,L2,L1,C3_2,D3_3,F3_3,L1,L3,,,
169095,L1,L3,L1,L1,L3,L3,L2,L2,L1,C3_2,D3_3,F3_3,L2,L1,,,
169096,L1,L3,L1,L1,L3,L3,L2,L2,L1,C3_2,D3_3,F3_3,L2,L2,,,
169097,L1,L3,L1,L1,L3,L3,L2,L2,L1,C3_2,D3_3,F3_3,L2,L3,,,
169098,L1,L3,L1,L1,L3,L3,L2,L2,L1,C3_2,D3_3,F3_3,L3,L1,,,
169099,L1,L3,L1,L1,L3,L3,L2,L2,L1,C3_2,D3_3,F3_3,L3,L2,,,
169100,L1,L3,L1,L1,L3,L3,L2,L2,L1,C3_2,D3_3,F3_3,L3,L3,,,
169101,L1,L3,L1,L1,L3,L3,L2,L2,L1,C3_3,D3_1,F3_1,L1,L1,,,
169102,L1,L3,L1,L1,L3,L3,L2,L2,L1,C3_3,D3_1,F3_1,L1,L2,,,
169103,L1,L3,L1,L1,L3,L3,L2,L2,L1,C3_3,D3_1,F3_1,L1,L3,,,
169104,L1,L3,L1,L1,L3,L3,L2,L2,L1,C3_3,D3_1,F3_1,L2,L1,,,
169105,L1,L3,L1,L1,L3,L3,L2,L2,L1,C3_3,D3_1,F3_1,L2,L2,,,
169106,L1,L3,L1,L1,L3,L3,L2,L2,L1,C3_3,D3_1,F3_1,L2,L3,,,
169107,L1,L3,L1,L1,L3,L3,L2,L2,L1,C3_3,D3_1,F3_1,L3,L1,,,
169108,L1,L3,L1,L1,L3,L3,L2,L2,L1,C3_3,D3_1,F3_1,L3,L2,,,
169109,L1,L3,L1,L1,L3,L3,L2,L2,L1,C3_3,D3_1,F3_1,L3,L3,,,
169110,L1,L3,L1,L1,L3,L3,L2,L2,L1,C3_3,D3_1,F3_2,L1,L1,,,
169111,L1,L3,L1,L1,L3,L3,L2,L2,L1,C3_3,D3_1,F3_2,L1,L2,,,
169112,L1,L3,L1,L1,L3,L3,L2,L2,L1,C3_3,D3_1,F3_2,L1,L3,,,
169113,L1,L3,L1,L1,L3,L3,L2,L2,L1,C3_3,D3_1,F3_2,L2,L1,,,
169114,L1,L3,L1,L1,L3,L3,L2,L2,L1,C3_3,D3_1,F3_2,L2,L2,,,
169115,L1,L3,L1,L1,L3,L3,L2,L2,L1,C3_3,D3_1,F3_2,L2,L3,,,
169116,L1,L3,L1,L1,L3,L3,L2,L2,L1,C3_3,D3_1,F3_2,L3,L1,,,
169117,L1,L3,L1,L1,L3,L3,L2,L2,L1,C3_3,D3_1,F3_2,L3,L2,,,
169118,L1,L3,L1,L1,L3,L3,L2,L2,L1,C3_3,D3_1,F3_2,L3,L3,,,
169119,L1,L3,L1,L1,L3,L3,L2,L2,L1,C3_3,D3_1,F3_3,L1,L1,,,
169120,L1,L3,L1,L1,L3,L3,L2,L2,L1,C3_3,D3_1,F3_3,L1,L2,,,
169121,L1,L3,L1,L1,L3,L3,L2,L2,L1,C3_3,D3_1,F3_3,L1,L3,,,
169122,L1,L3,L1,L1,L3,L3,L2,L2,L1,C3_3,D3_1,F3_3,L2,L1,,,
169123,L1,L3,L1,L1,L3,L3,L2,L2,L1,C3_3,D3_1,F3_3,L2,L2,,,
169124,L1,L3,L1,L1,L3,L3,L2,L2,L1,C3_3,D3_1,F3_3,L2,L3,,,
169125,L1,L3,L1,L1,L3,L3,L2,L2,L1,C3_3,D3_1,F3_3,L3,L1,,,
169126,L1,L3,L1,L1,L3,L3,L2,L2,L1,C3_3,D3_1,F3_3,L3,L2,,,
169127,L1,L3,L1,L1,L3,L3,L2,L2,L1,C3_3,D3_1,F3_3,L3,L3,,,
169128,L1,L3,L1,L1,L3,L3,L2,L2,L1,C3_3,D3_2,F3_1,L1,L1,,,
169129,L1,L3,L1,L1,L3,L3,L2,L2,L1,C3_3,D3_2,F3_1,L1,L2,,,
169130,L1,L3,L1,L1,L3,L3,L2,L2,L1,C3_3,D3_2,F3_1,L1,L3,,,
169131,L1,L3,L1,L1,L3,L3,L2,L2,L1,C3_3,D3_2,F3_1,L2,L1,,,
169132,L1,L3,L1,L1,L3,L3,L2,L2,L1,C3_3,D3_2,F3_1,L2,L2,,,
169133,L1,L3,L1,L1,L3,L3,L2,L2,L1,C3_3,D3_2,F3_1,L2,L3,,,
169134,L1,L3,L1,L1,L3,L3,L2,L2,L1,C3_3,D3_2,F3_1,L3,L1,,,
169135,L1,L3,L1,L1,L3,L3,L2,L2,L1,C3_3,D3_2,F3_1,L3,L2,,,
169136,L1,L3,L1,L1,L3,L3,L2,L2,L1,C3_3,D3_2,F3_1,L3,L3,,,
169137,L1,L3,L1,L1,L3,L3,L2,L2,L1,C3_3,D3_2,F3_2,L1,L1,,,
169138,L1,L3,L1,L1,L3,L3,L2,L2,L1,C3_3,D3_2,F3_2,L1,L2,,,
169139,L1,L3,L1,L1,L3,L3,L2,L2,L1,C3_3,D3_2,F3_2,L1,L3,,,
169140,L1,L3,L1,L1,L3,L3,L2,L2,L1,C3_3,D3_2,F3_2,L2,L1,,,
169141,L1,L3,L1,L1,L3,L3,L2,L2,L1,C3_3,D3_2,F3_2,L2,L2,,,
169142,L1,L3,L1,L1,L3,L3,L2,L2,L1,C3_3,D3_2,F3_2,L2,L3,,,
169143,L1,L3,L1,L1,L3,L3,L2,L2,L1,C3_3,D3_2,F3_2,L3,L1,,,
169144,L1,L3,L1,L1,L3,L3,L2,L2,L1,C3_3,D3_2,F3_2,L3,L2,,,
169145,L1,L3,L1,L1,L3,L3,L2,L2,L1,C3_3,D3_2,F3_2,L3,L3,,,
169146,L1,L3,L1,L1,L3,L3,L2,L2,L1,C3_3,D3_2,F3_3,L1,L1,,,
169147,L1,L3,L1,L1,L3,L3,L2,L2,L1,C3_3,D3_2,F3_3,L1,L2,,,
169148,L1,L3,L1,L1,L3,L3,L2,L2,L1,C3_3,D3_2,F3_3,L1,L3,,,
169149,L1,L3,L1,L1,L3,L3,L2,L2,L1,C3_3,D3_2,F3_3,L2,L1,,,
169150,L1,L3,L1,L1,L3,L3,L2,L2,L1,C3_3,D3_2,F3_3,L2,L2,,,
169151,L1,L3,L1,L1,L3,L3,L2,L2,L1,C3_3,D3_2,F3_3,L2,L3,,,
169152,L1,L3,L1,L1,L3,L3,L2,L2,L1,C3_3,D3_2,F3_3,L3,L1,,,
169153,L1,L3,L1,L1,L3,L3,L2,L2,L1,C3_3,D3_2,F3_3,L3,L2,,,
169154,L1,L3,L1,L1,L3,L3,L2,L2,L1,C3_3,D3_2,F3_3,L3,L3,,,
169155,L1,L3,L1,L1,L3,L3,L2,L2,L1,C3_3,D3_3,F3_1,L1,L1,,,
169156,L1,L3,L1,L1,L3,L3,L2,L2,L1,C3_3,D3_3,F3_1,L1,L2,,,
169157,L1,L3,L1,L1,L3,L3,L2,L2,L1,C3_3,D3_3,F3_1,L1,L3,,,
169158,L1,L3,L1,L1,L3,L3,L2,L2,L1,C3_3,D3_3,F3_1,L2,L1,,,
169159,L1,L3,L1,L1,L3,L3,L2,L2,L1,C3_3,D3_3,F3_1,L2,L2,,,
169160,L1,L3,L1,L1,L3,L3,L2,L2,L1,C3_3,D3_3,F3_1,L2,L3,,,
169161,L1,L3,L1,L1,L3,L3,L2,L2,L1,C3_3,D3_3,F3_1,L3,L1,,,
169162,L1,L3,L1,L1,L3,L3,L2,L2,L1,C3_3,D3_3,F3_1,L3,L2,,,
169163,L1,L3,L1,L1,L3,L3,L2,L2,L1,C3_3,D3_3,F3_1,L3,L3,,,
169164,L1,L3,L1,L1,L3,L3,L2,L2,L1,C3_3,D3_3,F3_2,L1,L1,,,
169165,L1,L3,L1,L1,L3,L3,L2,L2,L1,C3_3,D3_3,F3_2,L1,L2,,,
169166,L1,L3,L1,L1,L3,L3,L2,L2,L1,C3_3,D3_3,F3_2,L1,L3,,,
169167,L1,L3,L1,L1,L3,L3,L2,L2,L1,C3_3,D3_3,F3_2,L2,L1,,,
169168,L1,L3,L1,L1,L3,L3,L2,L2,L1,C3_3,D3_3,F3_2,L2,L2,,,
169169,L1,L3,L1,L1,L3,L3,L2,L2,L1,C3_3,D3_3,F3_2,L2,L3,,,
169170,L1,L3,L1,L1,L3,L3,L2,L2,L1,C3_3,D3_3,F3_2,L3,L1,,,
169171,L1,L3,L1,L1,L3,L3,L2,L2,L1,C3_3,D3_3,F3_2,L3,L2,,,
169172,L1,L3,L1,L1,L3,L3,L2,L2,L1,C3_3,D3_3,F3_2,L3,L3,,,
169173,L1,L3,L1,L1,L3,L3,L2,L2,L1,C3_3,D3_3,F3_3,L1,L1,,,
169174,L1,L3,L1,L1,L3,L3,L2,L2,L1,C3_3,D3_3,F3_3,L1,L2,,,
169175,L1,L3,L1,L1,L3,L3,L2,L2,L1,C3_3,D3_3,F3_3,L1,L3,,,
169176,L1,L3,L1,L1,L3,L3,L2,L2,L1,C3_3,D3_3,F3_3,L2,L1,,,
169177,L1,L3,L1,L1,L3,L3,L2,L2,L1,C3_3,D3_3,F3_3,L2,L2,,,
169178,L1,L3,L1,L1,L3,L3,L2,L2,L1,C3_3,D3_3,F3_3,L2,L3,,,
169179,L1,L3,L1,L1,L3,L3,L2,L2,L1,C3_3,D3_3,F3_3,L3,L1,,,
169180,L1,L3,L1,L1,L3,L3,L2,L2,L1,C3_3,D3_3,F3_3,L3,L2,,,
169181,L1,L3,L1,L1,L3,L3,L2,L2,L1,C3_3,D3_3,F3_3,L3,L3,,,
172125,L3,L2,L2,L3,L1,L3,L2,L2,L1,C3_1,D3_1,F3_1,L1,L1,,,
172126,L3,L2,L2,L3,L1,L3,L2,L2,L1,C3_1,D3_1,F3_1,L1,L2,,,
172127,L3,L2,L2,L3,L1,L3,L2,L2,L1,C3_1,D3_1,F3_1,L1,L3,,,
172128,L3,L2,L2,L3,L1,L3,L2,L2,L1,C3_1,D3_1,F3_1,L2,L1,,,
172129,L3,L2,L2,L3,L1,L3,L2,L2,L1,C3_1,D3_1,F3_1,L2,L2,,,
172130,L3,L2,L2,L3,L1,L3,L2,L2,L1,C3_1,D3_1,F3_1,L2,L3,,,
172131,L3,L2,L2,L3,L1,L3,L2,L2,L1,C3_1,D3_1,F3_1,L3,L1,,,
172132,L3,L2,L2,L3,L1,L3,L2,L2,L1,C3_1,D3_1,F3_1,L3,L2,,,
172133,L3,L2,L2,L3,L1,L3,L2,L2,L1,C3_1,D3_1,F3_1,L3,L3,,,
172134,L3,L2,L2,L3,L1,L3,L2,L2,L1,C3_1,D3_1,F3_2,L1,L1,,,
172135,L3,L2,L2,L3,L1,L3,L2,L2,L1,C3_1,D3_1,F3_2,L1,L2,,,
172136,L3,L2,L2,L3,L1,L3,L2,L2,L1,C3_1,D3_1,F3_2,L1,L3,,,
172137,L3,L2,L2,L3,L1,L3,L2,L2,L1,C3_1,D3_1,F3_2,L2,L1,,,
172138,L3,L2,L2,L3,L1,L3,L2,L2,L1,C3_1,D3_1,F3_2,L2,L2,,,
172139,L3,L2,L2,L3,L1,L3,L2,L2,L1,C3_1,D3_1,F3_2,L2,L3,,,
172140,L3,L2,L2,L3,L1,L3,L2,L2,L1,C3_1,D3_1,F3_2,L3,L1,,,
172141,L3,L2,L2,L3,L1,L3,L2,L2,L1,C3_1,D3_1,F3_2,L3,L2,,,
172142,L3,L2,L2,L3,L1,L3,L2,L2,L1,C3_1,D3_1,F3_2,L3,L3,,,
172143,L3,L2,L2,L3,L1,L3,L2,L2,L1,C3_1,D3_1,F3_3,L1,L1,,,
172144,L3,L2,L2,L3,L1,L3,L2,L2,L1,C3_1,D3_1,F3_3,L1,L2,,,
172145,L3,L2,L2,L3,L1,L3,L2,L2,L1,C3_1,D3_1,F3_3,L1,L3,,,
172146,L3,L2,L2,L3,L1,L3,L2,L2,L1,C3_1,D3_1,F3_3,L2,L1,,,
172147,L3,L2,L2,L3,L1,L3,L2,L2,L1,C3_1,D3_1,F3_3,L2,L2,,,
172148,L3,L2,L2,L3,L1,L3,L2,L2,L1,C3_1,D3_1,F3_3,L2,L3,,,
172149,L3,L2,L2,L3,L1,L3,L2,L2,L1,C3_1,D3_1,F3_3,L3,L1,,,
172150,L3,L2,L2,L3,L1,L3,L2,L2,L1,C3_1,D3_1,F3_3,L3,L2,,,
172151,L3,L2,L2,L3,L1,L3,L2,L2,L1,C3_1,D3_1,F3_3,L3,L3,,,
172152,L3,L2,L2,L3,L1,L3,L2,L2,L1,C3_1,D3_2,F3_1,L1,L1,,,
172153,L3,L2,L2,L3,L1,L3,L2,L2,L1,C3_1,D3_2,F3_1,L1,L2,,,
172154,L3,L2,L2,L3,L1,L3,L2,L2,L1,C3_1,D3_2,F3_1,L1,L3,,,
172155,L3,L2,L2,L3,L1,L3,L2,L2,L1,C3_1,D3_2,F3_1,L2,L1,,,
172156,L3,L2,L2,L3,L1,L3,L2,L2,L1,C3_1,D3_2,F3_1,L2,L2,,,
172157,L3,L2,L2,L3,L1,L3,L2,L2,L1,C3_1,D3_2,F3_1,L2,L3,,,
172158,L3,L2,L2,L3,L1,L3,L2,L2,L1,C3_1,D3_2,F3_1,L3,L1,,,
172159,L3,L2,L2,L3,L1,L3,L2,L2,L1,C3_1,D3_2,F3_1,L3,L2,,,
172160,L3,L2,L2,L3,L1,L3,L2,L2,L1,C3_1,D3_2,F3_1,L3,L3,,,
172161,L3,L2,L2,L3,L1,L3,L2,L2,L1,C3_1,D3_2,F3_2,L1,L1,,,
172162,L3,L2,L2,L3,L1,L3,L2,L2,L1,C3_1,D3_2,F3_2,L1,L2,,,
172163,L3,L2,L2,L3,L1,L3,L2,L2,L1,C3_1,D3_2,F3_2,L1,L3,,,
172164,L3,L2,L2,L3,L1,L3,L2,L2,L1,C3_1,D3_2,F3_2,L2,L1,,,
172165,L3,L2,L2,L3,L1,L3,L2,L2,L1,C3_1,D3_2,F3_2,L2,L2,,,
172166,L3,L2,L2,L3,L1,L3,L2,L2,L1,C3_1,D3_2,F3_2,L2,L3,,,
172167,L3,L2,L2,L3,L1,L3,L2,L2,L1,C3_1,D3_2,F3_2,L3,L1,,,
172168,L3,L2,L2,L3,L1,L3,L2,L2,L1,C3_1,D3_2,F3_2,L3,L2,,,
172169,L3,L2,L2,L3,L1,L3,L2,L2,L1,C3_1,D3_2,F3_2,L3,L3,,,
172170,L3,L2,L2,L3,L1,L3,L2,L2,L1,C3_1,D3_2,F3_3,L1,L1,,,
172171,L3,L2,L2,L3,L1,L3,L2,L2,L1,C3_1,D3_2,F3_3,L1,L2,,,
172172,L3,L2,L2,L3,L1,L3,L2,L2,L1,C3_1,D3_2,F3_3,L1,L3,,,
172173,L3,L2,L2,L3,L1,L3,L2,L2,L1,C3_1,D3_2,F3_3,L2,L1,,,
172174,L3,L2,L2,L3,L1,L3,L2,L2,L1,C3_1,D3_2,F3_3,L2,L2,,,
172175,L3,L2,L2,L3,L1,L3,L2,L2,L1,C3_1,D3_2,F3_3,L2,L3,,,
172176,L3,L2,L2,L3,L1,L3,L2,L2,L1,C3_1,D3_2,F3_3,L3,L1,,,
172177,L3,L2,L2,L3,L1,L3,L2,L2,L1,C3_1,D3_2,F3_3,L3,L2,,,
172178,L3,L2,L2,L3,L1,L3,L2,L2,L1,C3_1,D3_2,F3_3,L3,L3,,,
172179,L3,L2,L2,L3,L1,L3,L2,L2,L1,C3_1,D3_3,F3_1,L1,L1,,,
172180,L3,L2,L2,L3,L1,L3,L2,L2,L1,C3_1,D3_3,F3_1,L1,L2,,,
172181,L3,L2,L2,L3,L1,L3,L2,L2,L1,C3_1,D3_3,F3_1,L1,L3,,,
172182,L3,L2,L2,L3,L1,L3,L2,L2,L1,C3_1,D3_3,F3_1,L2,L1,,,
172183,L3,L2,L2,L3,L1,L3,L2,L2,L1,C3_1,D3_3,F3_1,L2,L2,,,
172184,L3,L2,L2,L3,L1,L3,L2,L2,L1,C3_1,D3_3,F3_1,L2,L3,,,
172185,L3,L2,L2,L3,L1,L3,L2,L2,L1,C3_1,D3_3,F3_1,L3,L1,,,
172186,L3,L2,L2,L3,L1,L3,L2,L2,L1,C3_1,D3_3,F3_1,L3,L2,,,
172187,L3,L2,L2,L3,L1,L3,L2,L2,L1,C3_1,D3_3,F3_1,L3,L3,,,
172188,L3,L2,L2,L3,L1,L3,L2,L2,L1,C3_1,D3_3,F3_2,L1,L1,,,
172189,L3,L2,L2,L3,L1,L3,L2,L2,L1,C3_1,D3_3,F3_2,L1,L2,,,
172190,L3,L2,L2,L3,L1,L3,L2,L2,L1,C3_1,D3_3,F3_2,L1,L3,,,
172191,L3,L2,L2,L3,L1,L3,L2,L2,L1,C3_1,D3_3,F3_2,L2,L1,,,
172192,L3,L2,L2,L3,L1,L3,L2,L2,L1,C3_1,D3_3,F3_2,L2,L2,,,
172193,L3,L2,L2,L3,L1,L3,L2,L2,L1,C3_1,D3_3,F3_2,L2,L3,,,
172194,L3,L2,L2,L3,L1,L3,L2,L2,L1,C3_1,D3_3,F3_2,L3,L1,,,
172195,L3,L2,L2,L3,L1,L3,L2,L2,L1,C3_1,D3_3,F3_2,L3,L2,,,
172196,L3,L2,L2,L3,L1,L3,L2,L2,L1,C3_1,D3_3,F3_2,L3,L3,,,
172197,L3,L2,L2,L3,L1,L3,L2,L2,L1,C3_1,D3_3,F3_3,L1,L1,,,
172198,L3,L2,L2,L3,L1,L3,L2,L2,L1,C3_1,D3_3,F3_3,L1,L2,,,
172199,L3,L2,L2,L3,L1,L3,L2,L2,L1,C3_1,D3_3,F3_3,L1,L3,,,
172200,L3,L2,L2,L3,L1,L3,L2,L2,L1,C3_1,D3_3,F3_3,L2,L1,,,
172201,L3,L2,L2,L3,L1,L3,L2,L2,L1,C3_1,D3_3,F3_3,L2,L2,,,
172202,L3,L2,L2,L3,L1,L3,L2,L2,L1,C3_1,D3_3,F3_3,L2,L3,,,
172203,L3,L2,L2,L3,L1,L3,L2,L2,L1,C3_1,D3_3,F3_3,L3,L1,,,
172204,L3,L2,L2,L3,L1,L3,L2,L2,L1,C3_1,D3_3,F3_3,L3,L2,,,
172205,L3,L2,L2,L3,L1,L3,L2,L2,L1,C3_1,D3_3,F3_3,L3,L3,,,
172206,L3,L2,L2,L3,L1,L3,L2,L2,L1,C3_2,D3_1,F3_1,L1,L1,,,
172207,L3,L2,L2,L3,L1,L3,L2,L2,L1,C3_2,D3_1,F3_1,L1,L2,,,
172208,L3,L2,L2,L3,L1,L3,L2,L2,L1,C3_2,D3_1,F3_1,L1,L3,,,
172209,L3,L2,L2,L3,L1,L3,L2,L2,L1,C3_2,D3_1,F3_1,L2,L1,,,
172210,L3,L2,L2,L3,L1,L3,L2,L2,L1,C3_2,D3_1,F3_1,L2,L2,,,
172211,L3,L2,L2,L3,L1,L3,L2,L2,L1,C3_2,D3_1,F3_1,L2,L3,,,
172212,L3,L2,L2,L3,L1,L3,L2,L2,L1,C3_2,D3_1,F3_1,L3,L1,,,
172213,L3,L2,L2,L3,L1,L3,L2,L2,L1,C3_2,D3_1,F3_1,L3,L2,,,
172214,L3,L2,L2,L3,L1,L3,L2,L2,L1,C3_2,D3_1,F3_1,L3,L3,,,
172215,L3,L2,L2,L3,L1,L3,L2,L2,L1,C3_2,D3_1,F3_2,L1,L1,,,
172216,L3,L2,L2,L3,L1,L3,L2,L2,L1,C3_2,D3_1,F3_2,L1,L2,,,
172217,L3,L2,L2,L3,L1,L3,L2,L2,L1,C3_2,D3_1,F3_2,L1,L3,,,
172218,L3,L2,L2,L3,L1,L3,L2,L2,L1,C3_2,D3_1,F3_2,L2,L1,,,
172219,L3,L2,L2,L3,L1,L3,L2,L2,L1,C3_2,D3_1,F3_2,L2,L2,,,
172220,L3,L2,L2,L3,L1,L3,L2,L2,L1,C3_2,D3_1,F3_2,L2,L3,,,
172221,L3,L2,L2,L3,L1,L3,L2,L2,L1,C3_2,D3_1,F3_2,L3,L1,,,
172222,L3,L2,L2,L3,L1,L3,L2,L2,L1,C3_2,D3_1,F3_2,L3,L2,,,
172223,L3,L2,L2,L3,L1,L3,L2,L2,L1,C3_2,D3_1,F3_2,L3,L3,,,
172224,L3,L2,L2,L3,L1,L3,L2,L2,L1,C3_2,D3_1,F3_3,L1,L1,,,
172225,L3,L2,L2,L3,L1,L3,L2,L2,L1,C3_2,D3_1,F3_3,L1,L2,,,
172226,L3,L2,L2,L3,L1,L3,L2,L2,L1,C3_2,D3_1,F3_3,L1,L3,,,
172227,L3,L2,L2,L3,L1,L3,L2,L2,L1,C3_2,D3_1,F3_3,L2,L1,,,
172228,L3,L2,L2,L3,L1,L3,L2,L2,L1,C3_2,D3_1,F3_3,L2,L2,,,
172229,L3,L2,L2,L3,L1,L3,L2,L2,L1,C3_2,D3_1,F3_3,L2,L3,,,
172230,L3,L2,L2,L3,L1,L3,L2,L2,L1,C3_2,D3_1,F3_3,L3,L1,,,
172231,L3,L2,L2,L3,L1,L3,L2,L2,L1,C3_2,D3_1,F3_3,L3,L2,,,
172232,L3,L2,L2,L3,L1,L3,L2,L2,L1,C3_2,D3_1,F3_3,L3,L3,,,
172233,L3,L2,L2,L3,L1,L3,L2,L2,L1,C3_2,D3_2,F3_1,L1,L1,,,
172234,L3,L2,L2,L3,L1,L3,L2,L2,L1,C3_2,D3_2,F3_1,L1,L2,,,
172235,L3,L2,L2,L3,L1,L3,L2,L2,L1,C3_2,D3_2,F3_1,L1,L3,,,
172236,L3,L2,L2,L3,L1,L3,L2,L2,L1,C3_2,D3_2,F3_1,L2,L1,,,
172237,L3,L2,L2,L3,L1,L3,L2,L2,L1,C3_2,D3_2,F3_1,L2,L2,,,
172238,L3,L2,L2,L3,L1,L3,L2,L2,L1,C3_2,D3_2,F3_1,L2,L3,,,
172239,L3,L2,L2,L3,L1,L3,L2,L2,L1,C3_2,D3_2,F3_1,L3,L1,,,
172240,L3,L2,L2,L3,L1,L3,L2,L2,L1,C3_2,D3_2,F3_1,L3,L2,,,
172241,L3,L2,L2,L3,L1,L3,L2,L2,L1,C3_2,D3_2,F3_1,L3,L3,,,
172242,L3,L2,L2,L3,L1,L3,L2,L2,L1,C3_2,D3_2,F3_2,L1,L1,,,
172243,L3,L2,L2,L3,L1,L3,L2,L2,L1,C3_2,D3_2,F3_2,L1,L2,,,
172244,L3,L2,L2,L3,L1,L3,L2,L2,L1,C3_2,D3_2,F3_2,L1,L3,,,
172245,L3,L2,L2,L3,L1,L3,L2,L2,L1,C3_2,D3_2,F3_2,L2,L1,,,
172246,L3,L2,L2,L3,L1,L3,L2,L2,L1,C3_2,D3_2,F3_2,L2,L2,,,
172247,L3,L2,L2,L3,L1,L3,L2,L2,L1,C3_2,D3_2,F3_2,L2,L3,,,
172248,L3,L2,L2,L3,L1,L3,L2,L2,L1,C3_2,D3_2,F3_2,L3,L1,,,
172249,L3,L2,L2,L3,L1,L3,L2,L2,L1,C3_2,D3_2,F3_2,L3,L2,,,
172250,L3,L2,L2,L3,L1,L3,L2,L2,L1,C3_2,D3_2,F3_2,L3,L3,,,
172251,L3,L2,L2,L3,L1,L3,L2,L2,L1,C3_2,D3_2,F3_3,L1,L1,,,
172252,L3,L2,L2,L3,L1,L3,L2,L2,L1,C3_2,D3_2,F3_3,L1,L2,,,
172253,L3,L2,L2,L3,L1,L3,L2,L2,L1,C3_2,D3_2,F3_3,L1,L3,,,
172254,L3,L2,L2,L3,L1,L3,L2,L2,L1,C3_2,D3_2,F3_3,L2,L1,,,
172255,L3,L2,L2,L3,L1,L3,L2,L2,L1,C3_2,D3_2,F3_3,L2,L2,,,
172256,L3,L2,L2,L3,L1,L3,L2,L2,L1,C3_2,D3_2,F3_3,L2,L3,,,
172257,L3,L2,L2,L3,L1,L3,L2,L2,L1,C3_2,D3_2,F3_3,L3,L1,,,
172258,L3,L2,L2,L3,L1,L3,L2,L2,L1,C3_2,D3_2,F3_3,L3,L2,,,
172259,L3,L2,L2,L3,L1,L3,L2,L2,L1,C3_2,D3_2,F3_3,L3,L3,,,
172260,L3,L2,L2,L3,L1,L3,L2,L2,L1,C3_2,D3_3,F3_1,L1,L1,,,
172261,L3,L2,L2,L3,L1,L3,L2,L2,L1,C3_2,D3_3,F3_1,L1,L2,,,
172262,L3,L2,L2,L3,L1,L3,L2,L2,L1,C3_2,D3_3,F3_1,L1,L3,,,
172263,L3,L2,L2,L3,L1,L3,L2,L2,L1,C3_2,D3_3,F3_1,L2,L1,,,
172264,L3,L2,L2,L3,L1,L3,L2,L2,L1,C3_2,D3_3,F3_1,L2,L2,,,
172265,L3,L2,L2,L3,L1,L3,L2,L2,L1,C3_2,D3_3,F3_1,L2,L3,,,
172266,L3,L2,L2,L3,L1,L3,L2,L2,L1,C3_2,D3_3,F3_1,L3,L1,,,
172267,L3,L2,L2,L3,L1,L3,L2,L2,L1,C3_2,D3_3,F3_1,L3,L2,,,
172268,L3,L2,L2,L3,L1,L3,L2,L2,L1,C3_2,D3_3,F3_1,L3,L3,,,
172269,L3,L2,L2,L3,L1,L3,L2,L2,L1,C3_2,D3_3,F3_2,L1,L1,,,
172270,L3,L2,L2,L3,L1,L3,L2,L2,L1,C3_2,D3_3,F3_2,L1,L2,,,
172271,L3,L2,L2,L3,L1,L3,L2,L2,L1,C3_2,D3_3,F3_2,L1,L3,,,
172272,L3,L2,L2,L3,L1,L3,L2,L2,L1,C3_2,D3_3,F3_2,L2,L1,,,
172273,L3,L2,L2,L3,L1,L3,L2,L2,L1,C3_2,D3_3,F3_2,L2,L2,,,
172274,L3,L2,L2,L3,L1,L3,L2,L2,L1,C3_2,D3_3,F3_2,L2,L3,,,
172275,L3,L2,L2,L3,L1,L3,L2,L2,L1,C3_2,D3_3,F3_2,L3,L1,,,
172276,L3,L2,L2,L3,L1,L3,L2,L2,L1,C3_2,D3_3,F3_2,L3,L2,,,
172277,L3,L2,L2,L3,L1,L3,L2,L2,L1,C3_2,D3_3,F3_2,L3,L3,,,
172278,L3,L2,L2,L3,L1,L3,L2,L2,L1,C3_2,D3_3,F3_3,L1,L1,,,
172279,L3,L2,L2,L3,L1,L3,L2,L2,L1,C3_2,D3_3,F3_3,L1,L2,,,
172280,L3,L2,L2,L3,L1,L3,L2,L2,L1,C3_2,D3_3,F3_3,L1,L3,,,
172281,L3,L2,L2,L3,L1,L3,L2,L2,L1,C3_2,D3_3,F3_3,L2,L1,,,
172282,L3,L2,L2,L3,L1,L3,L2,L2,L1,C3_2,D3_3,F3_3,L2,L2,,,
172283,L3,L2,L2,L3,L1,L3,L2,L2,L1,C3_2,D3_3,F3_3,L2,L3,,,
172284,L3,L2,L2,L3,L1,L3,L2,L2,L1,C3_2,D3_3,F3_3,L3,L1,,,
172285,L3,L2,L2,L3,L1,L3,L2,L2,L1,C3_2,D3_3,F3_3,L3,L2,,,
172286,L3,L2,L2,L3,L1,L3,L2,L2,L1,C3_2,D3_3,F3_3,L3,L3,,,
172287,L3,L2,L2,L3,L1,L3,L2,L2,L1,C3_3,D3_1,F3_1,L1,L1,,,
172288,L3,L2,L2,L3,L1,L3,L2,L2,L1,C3_3,D3_1,F3_1,L1,L2,,,
172289,L3,L2,L2,L3,L1,L3,L2,L2,L1,C3_3,D3_1,F3_1,L1,L3,,,
172290,L3,L2,L2,L3,L1,L3,L2,L2,L1,C3_3,D3_1,F3_1,L2,L1,,,
172291,L3,L2,L2,L3,L1,L3,L2,L2,L1,C3_3,D3_1,F3_1,L2,L2,,,
172292,L3,L2,L2,L3,L1,L3,L2,L2,L1,C3_3,D3_1,F3_1,L2,L3,,,
172293,L3,L2,L2,L3,L1,L3,L2,L2,L1,C3_3,D3_1,F3_1,L3,L1,,,
172294,L3,L2,L2,L3,L1,L3,L2,L2,L1,C3_3,D3_1,F3_1,L3,L2,,,
172295,L3,L2,L2,L3,L1,L3,L2,L2,L1,C3_3,D3_1,F3_1,L3,L3,,,
172296,L3,L2,L2,L3,L1,L3,L2,L2,L1,C3_3,D3_1,F3_2,L1,L1,,,
172297,L3,L2,L2,L3,L1,L3,L2,L2,L1,C3_3,D3_1,F3_2,L1,L2,,,
172298,L3,L2,L2,L3,L1,L3,L2,L2,L1,C3_3,D3_1,F3_2,L1,L3,,,
172299,L3,L2,L2,L3,L1,L3,L2,L2,L1,C3_3,D3_1,F3_2,L2,L1,,,
172300,L3,L2,L2,L3,L1,L3,L2,L2,L1,C3_3,D3_1,F3_2,L2,L2,,,
172301,L3,L2,L2,L3,L1,L3,L2,L2,L1,C3_3,D3_1,F3_2,L2,L3,,,
172302,L3,L2,L2,L3,L1,L3,L2,L2,L1,C3_3,D3_1,F3_2,L3,L1,,,
172303,L3,L2,L2,L3,L1,L3,L2,L2,L1,C3_3,D3_1,F3_2,L3,L2,,,
172304,L3,L2,L2,L3,L1,L3,L2,L2,L1,C3_3,D3_1,F3_2,L3,L3,,,
172305,L3,L2,L2,L3,L1,L3,L2,L2,L1,C3_3,D3_1,F3_3,L1,L1,,,
172306,L3,L2,L2,L3,L1,L3,L2,L2,L1,C3_3,D3_1,F3_3,L1,L2,,,
172307,L3,L2,L2,L3,L1,L3,L2,L2,L1,C3_3,D3_1,F3_3,L1,L3,,,
172308,L3,L2,L2,L3,L1,L3,L2,L2,L1,C3_3,D3_1,F3_3,L2,L1,,,
172309,L3,L2,L2,L3,L1,L3,L2,L2,L1,C3_3,D3_1,F3_3,L2,L2,,,
172310,L3,L2,L2,L3,L1,L3,L2,L2,L1,C3_3,D3_1,F3_3,L2,L3,,,
172311,L3,L2,L2,L3,L1,L3,L2,L2,L1,C3_3,D3_1,F3_3,L3,L1,,,
172312,L3,L2,L2,L3,L1,L3,L2,L2,L1,C3_3,D3_1,F3_3,L3,L2,,,
172313,L3,L2,L2,L3,L1,L3,L2,L2,L1,C3_3,D3_1,F3_3,L3,L3,,,
172314,L3,L2,L2,L3,L1,L3,L2,L2,L1,C3_3,D3_2,F3_1,L1,L1,,,
172315,L3,L2,L2,L3,L1,L3,L2,L2,L1,C3_3,D3_2,F3_1,L1,L2,,,
172316,L3,L2,L2,L3,L1,L3,L2,L2,L1,C3_3,D3_2,F3_1,L1,L3,,,
172317,L3,L2,L2,L3,L1,L3,L2,L2,L1,C3_3,D3_2,F3_1,L2,L1,,,
172318,L3,L2,L2,L3,L1,L3,L2,L2,L1,C3_3,D3_2,F3_1,L2,L2,,,
172319,L3,L2,L2,L3,L1,L3,L2,L2,L1,C3_3,D3_2,F3_1,L2,L3,,,
172320,L3,L2,L2,L3,L1,L3,L2,L2,L1,C3_3,D3_2,F3_1,L3,L1,,,
172321,L3,L2,L2,L3,L1,L3,L2,L2,L1,C3_3,D3_2,F3_1,L3,L2,,,
172322,L3,L2,L2,L3,L1,L3,L2,L2,L1,C3_3,D3_2,F3_1,L3,L3,,,
172323,L3,L2,L2,L3,L1,L3,L2,L2,L1,C3_3,D3_2,F3_2,L1,L1,,,
172324,L3,L2,L2,L3,L1,L3,L2,L2,L1,C3_3,D3_2,F3_2,L1,L2,,,
172325,L3,L2,L2,L3,L1,L3,L2,L2,L1,C3_3,D3_2,F3_2,L1,L3,,,
172326,L3,L2,L2,L3,L1,L3,L2,L2,L1,C3_3,D3_2,F3_2,L2,L1,,,
172327,L3,L2,L2,L3,L1,L3,L2,L2,L1,C3_3,D3_2,F3_2,L2,L2,,,
172328,L3,L2,L2,L3,L1,L3,L2,L2,L1,C3_3,D3_2,F3_2,L2,L3,,,
172329,L3,L2,L2,L3,L1,L3,L2,L2,L1,C3_3,D3_2,F3_2,L3,L1,,,
172330,L3,L2,L2,L3,L1,L3,L2,L2,L1,C3_3,D3_2,F3_2,L3,L2,,,
172331,L3,L2,L2,L3,L1,L3,L2,L2,L1,C3_3,D3_2,F3_2,L3,L3,,,
172332,L3,L2,L2,L3,L1,L3,L2,L2,L1,C3_3,D3_2,F3_3,L1,L1,,,
172333,L3,L2,L2,L3,L1,L3,L2,L2,L1,C3_3,D3_2,F3_3,L1,L2,,,
172334,L3,L2,L2,L3,L1,L3,L2,L2,L1,C3_3,D3_2,F3_3,L1,L3,,,
172335,L3,L2,L2,L3,L1,L3,L2,L2,L1,C3_3,D3_2,F3_3,L2,L1,,,
172336,L3,L2,L2,L3,L1,L3,L2,L2,L1,C3_3,D3_2,F3_3,L2,L2,,,
172337,L3,L2,L2,L3,L1,L3,L2,L2,L1,C3_3,D3_2,F3_3,L2,L3,,,
172338,L3,L2,L2,L3,L1,L3,L2,L2,L1,C3_3,D3_2,F3_3,L3,L1,,,
172339,L3,L2,L2,L3,L1,L3,L2,L2,L1,C3_3,D3_2,F3_3,L3,L2,,,
172340,L3,L2,L2,L3,L1,L3,L2,L2,L1,C3_3,D3_2,F3_3,L3,L3,,,
172341,L3,L2,L2,L3,L1,L3,L2,L2,L1,C3_3,D3_3,F3_1,L1,L1,,,
172342,L3,L2,L2,L3,L1,L3,L2,L2,L1,C3_3,D3_3,F3_1,L1,L2,,,
172343,L3,L2,L2,L3,L1,L3,L2,L2,L1,C3_3,D3_3,F3_1,L1,L3,,,
172344,L3,L2,L2,L3,L1,L3,L2,L2,L1,C3_3,D3_3,F3_1,L2,L1,,,
172345,L3,L2,L2,L3,L1,L3,L2,L2,L1,C3_3,D3_3,F3_1,L2,L2,,,
172346,L3,L2,L2,L3,L1,L3,L2,L2,L1,C3_3,D3_3,F3_1,L2,L3,,,
172347,L3,L2,L2,L3,L1,L3,L2,L2,L1,C3_3,D3_3,F3_1,L3,L1,,,
172348,L3,L2,L2,L3,L1,L3,L2,L2,L1,C3_3,D3_3,F3_1,L3,L2,,,
172349,L3,L2,L2,L3,L1,L3,L2,L2,L1,C3_3,D3_3,F3_1,L3,L3,,,
172350,L3,L2,L2,L3,L1,L3,L2,L2,L1,C3_3,D3_3,F3_2,L1,L1,,,
172351,L3,L2,L2,L3,L1,L3,L2,L2,L1,C3_3,D3_3,F3_2,L1,L2,,,
172352,L3,L2,L2,L3,L1,L3,L2,L2,L1,C3_3,D3_3,F3_2,L1,L3,,,
172353,L3,L2,L2,L3,L1,L3,L2,L2,L1,C3_3,D3_3,F3_2,L2,L1,,,
172354,L3,L2,L2,L3,L1,L3,L2,L2,L1,C3_3,D3_3,F3_2,L2,L2,,,
172355,L3,L2,L2,L3,L1,L3,L2,L2,L1,C3_3,D3_3,F3_2,L2,L3,,,
172356,L3,L2,L2,L3,L1,L3,L2,L2,L1,C3_3,D3_3,F3_2,L3,L1,,,
172357,L3,L2,L2,L3,L1,L3,L2,L2,L1,C3_3,D3_3,F3_2,L3,L2,,,
172358,L3,L2,L2,L3,L1,L3,L2,L2,L1,C3_3,D3_3,F3_2,L3,L3,,,
172359,L3,L2,L2,L3,L1,L3,L2,L2,L1,C3_3,D3_3,F3_3,L1,L1,,,
172360,L3,L2,L2,L3,L1,L3,L2,L2,L1,C3_3,D3_3,F3_3,L1,L2,,,
172361,L3,L2,L2,L3,L1,L3,L2,L2,L1,C3_3,D3_3,F3_3,L1,L3,,,
172362,L3,L2,L2,L3,L1,L3,L2,L2,L1,C3_3,D3_3,F3_3,L2,L1,,,
172363,L3,L2,L2,L3,L1,L3,L2,L2,L1,C3_3,D3_3,F3_3,L2,L2,,,
172364,L3,L2,L2,L3,L1,L3,L2,L2,L1,C3_3,D3_3,F3_3,L2,L3,,,
172365,L3,L2,L2,L3,L1,L3,L2,L2,L1,C3_3,D3_3,F3_3,L3,L1,,,
172366,L3,L2,L2,L3,L1,L3,L2,L2,L1,C3_3,D3_3,F3_3,L3,L2,,,
172367,L3,L2,L2,L3,L1,L3,L2,L2,L1,C3_3,D3_3,F3_3,L3,L3,,,
176526,L3,L1,L1,L3,L2,L3,L2,L2,L1,C3_1,D3_1,F3_1,L1,L1,,,
176527,L3,L1,L1,L3,L2,L3,L2,L2,L1,C3_1,D3_1,F3_1,L1,L2,,,
176528,L3,L1,L1,L3,L2,L3,L2,L2,L1,C3_1,D3_1,F3_1,L1,L3,,,
176529,L3,L1,L1,L3,L2,L3,L2,L2,L1,C3_1,D3_1,F3_1,L2,L1,,,
176530,L3,L1,L1,L3,L2,L3,L2,L2,L1,C3_1,D3_1,F3_1,L2,L2,,,
176531,L3,L1,L1,L3,L2,L3,L2,L2,L1,C3_1,D3_1,F3_1,L2,L3,,,
176532,L3,L1,L1,L3,L2,L3,L2,L2,L1,C3_1,D3_1,F3_1,L3,L1,,,
176533,L3,L1,L1,L3,L2,L3,L2,L2,L1,C3_1,D3_1,F3_1,L3,L2,,,
176534,L3,L1,L1,L3,L2,L3,L2,L2,L1,C3_1,D3_1,F3_1,L3,L3,,,
176535,L3,L1,L1,L3,L2,L3,L2,L2,L1,C3_1,D3_1,F3_2,L1,L1,,,
176536,L3,L1,L1,L3,L2,L3,L2,L2,L1,C3_1,D3_1,F3_2,L1,L2,,,
176537,L3,L1,L1,L3,L2,L3,L2,L2,L1,C3_1,D3_1,F3_2,L1,L3,,,
176538,L3,L1,L1,L3,L2,L3,L2,L2,L1,C3_1,D3_1,F3_2,L2,L1,,,
176539,L3,L1,L1,L3,L2,L3,L2,L2,L1,C3_1,D3_1,F3_2,L2,L2,,,
176540,L3,L1,L1,L3,L2,L3,L2,L2,L1,C3_1,D3_1,F3_2,L2,L3,,,
176541,L3,L1,L1,L3,L2,L3,L2,L2,L1,C3_1,D3_1,F3_2,L3,L1,,,
176542,L3,L1,L1,L3,L2,L3,L2,L2,L1,C3_1,D3_1,F3_2,L3,L2,,,
176543,L3,L1,L1,L3,L2,L3,L2,L2,L1,C3_1,D3_1,F3_2,L3,L3,,,
176544,L3,L1,L1,L3,L2,L3,L2,L2,L1,C3_1,D3_1,F3_3,L1,L1,,,
176545,L3,L1,L1,L3,L2,L3,L2,L2,L1,C3_1,D3_1,F3_3,L1,L2,,,
176546,L3,L1,L1,L3,L2,L3,L2,L2,L1,C3_1,D3_1,F3_3,L1,L3,,,
176547,L3,L1,L1,L3,L2,L3,L2,L2,L1,C3_1,D3_1,F3_3,L2,L1,,,
176548,L3,L1,L1,L3,L2,L3,L2,L2,L1,C3_1,D3_1,F3_3,L2,L2,,,
176549,L3,L1,L1,L3,L2,L3,L2,L2,L1,C3_1,D3_1,F3_3,L2,L3,,,
176550,L3,L1,L1,L3,L2,L3,L2,L2,L1,C3_1,D3_1,F3_3,L3,L1,,,
176551,L3,L1,L1,L3,L2,L3,L2,L2,L1,C3_1,D3_1,F3_3,L3,L2,,,
176552,L3,L1,L1,L3,L2,L3,L2,L2,L1,C3_1,D3_1,F3_3,L3,L3,,,
176553,L3,L1,L1,L3,L2,L3,L2,L2,L1,C3_1,D3_2,F3_1,L1,L1,,,
176554,L3,L1,L1,L3,L2,L3,L2,L2,L1,C3_1,D3_2,F3_1,L1,L2,,,
176555,L3,L1,L1,L3,L2,L3,L2,L2,L1,C3_1,D3_2,F3_1,L1,L3,,,
176556,L3,L1,L1,L3,L2,L3,L2,L2,L1,C3_1,D3_2,F3_1,L2,L1,,,
176557,L3,L1,L1,L3,L2,L3,L2,L2,L1,C3_1,D3_2,F3_1,L2,L2,,,
176558,L3,L1,L1,L3,L2,L3,L2,L2,L1,C3_1,D3_2,F3_1,L2,L3,,,
176559,L3,L1,L1,L3,L2,L3,L2,L2,L1,C3_1,D3_2,F3_1,L3,L1,,,
176560,L3,L1,L1,L3,L2,L3,L2,L2,L1,C3_1,D3_2,F3_1,L3,L2,,,
176561,L3,L1,L1,L3,L2,L3,L2,L2,L1,C3_1,D3_2,F3_1,L3,L3,,,
176562,L3,L1,L1,L3,L2,L3,L2,L2,L1,C3_1,D3_2,F3_2,L1,L1,,,
176563,L3,L1,L1,L3,L2,L3,L2,L2,L1,C3_1,D3_2,F3_2,L1,L2,,,
176564,L3,L1,L1,L3,L2,L3,L2,L2,L1,C3_1,D3_2,F3_2,L1,L3,,,
176565,L3,L1,L1,L3,L2,L3,L2,L2,L1,C3_1,D3_2,F3_2,L2,L1,,,
176566,L3,L1,L1,L3,L2,L3,L2,L2,L1,C3_1,D3_2,F3_2,L2,L2,,,
176567,L3,L1,L1,L3,L2,L3,L2,L2,L1,C3_1,D3_2,F3_2,L2,L3,,,
176568,L3,L1,L1,L3,L2,L3,L2,L2,L1,C3_1,D3_2,F3_2,L3,L1,,,
176569,L3,L1,L1,L3,L2,L3,L2,L2,L1,C3_1,D3_2,F3_2,L3,L2,,,
176570,L3,L1,L1,L3,L2,L3,L2,L2,L1,C3_1,D3_2,F3_2,L3,L3,,,
176571,L3,L1,L1,L3,L2,L3,L2,L2,L1,C3_1,D3_2,F3_3,L1,L1,,,
176572,L3,L1,L1,L3,L2,L3,L2,L2,L1,C3_1,D3_2,F3_3,L1,L2,,,
176573,L3,L1,L1,L3,L2,L3,L2,L2,L1,C3_1,D3_2,F3_3,L1,L3,,,
176574,L3,L1,L1,L3,L2,L3,L2,L2,L1,C3_1,D3_2,F3_3,L2,L1,,,
176575,L3,L1,L1,L3,L2,L3,L2,L2,L1,C3_1,D3_2,F3_3,L2,L2,,,
176576,L3,L1,L1,L3,L2,L3,L2,L2,L1,C3_1,D3_2,F3_3,L2,L3,,,
176577,L3,L1,L1,L3,L2,L3,L2,L2,L1,C3_1,D3_2,F3_3,L3,L1,,,
176578,L3,L1,L1,L3,L2,L3,L2,L2,L1,C3_1,D3_2,F3_3,L3,L2,,,
176579,L3,L1,L1,L3,L2,L3,L2,L2,L1,C3_1,D3_2,F3_3,L3,L3,,,
176580,L3,L1,L1,L3,L2,L3,L2,L2,L1,C3_1,D3_3,F3_1,L1,L1,,,
176581,L3,L1,L1,L3,L2,L3,L2,L2,L1,C3_1,D3_3,F3_1,L1,L2,,,
176582,L3,L1,L1,L3,L2,L3,L2,L2,L1,C3_1,D3_3,F3_1,L1,L3,,,
176583,L3,L1,L1,L3,L2,L3,L2,L2,L1,C3_1,D3_3,F3_1,L2,L1,,,
176584,L3,L1,L1,L3,L2,L3,L2,L2,L1,C3_1,D3_3,F3_1,L2,L2,,,
176585,L3,L1,L1,L3,L2,L3,L2,L2,L1,C3_1,D3_3,F3_1,L2,L3,,,
176586,L3,L1,L1,L3,L2,L3,L2,L2,L1,C3_1,D3_3,F3_1,L3,L1,,,
176587,L3,L1,L1,L3,L2,L3,L2,L2,L1,C3_1,D3_3,F3_1,L3,L2,,,
176588,L3,L1,L1,L3,L2,L3,L2,L2,L1,C3_1,D3_3,F3_1,L3,L3,,,
176589,L3,L1,L1,L3,L2,L3,L2,L2,L1,C3_1,D3_3,F3_2,L1,L1,,,
176590,L3,L1,L1,L3,L2,L3,L2,L2,L1,C3_1,D3_3,F3_2,L1,L2,,,
176591,L3,L1,L1,L3,L2,L3,L2,L2,L1,C3_1,D3_3,F3_2,L1,L3,,,
176592,L3,L1,L1,L3,L2,L3,L2,L2,L1,C3_1,D3_3,F3_2,L2,L1,,,
176593,L3,L1,L1,L3,L2,L3,L2,L2,L1,C3_1,D3_3,F3_2,L2,L2,,,
176594,L3,L1,L1,L3,L2,L3,L2,L2,L1,C3_1,D3_3,F3_2,L2,L3,,,
176595,L3,L1,L1,L3,L2,L3,L2,L2,L1,C3_1,D3_3,F3_2,L3,L1,,,
176596,L3,L1,L1,L3,L2,L3,L2,L2,L1,C3_1,D3_3,F3_2,L3,L2,,,
176597,L3,L1,L1,L3,L2,L3,L2,L2,L1,C3_1,D3_3,F3_2,L3,L3,,,
176598,L3,L1,L1,L3,L2,L3,L2,L2,L1,C3_1,D3_3,F3_3,L1,L1,,,
176599,L3,L1,L1,L3,L2,L3,L2,L2,L1,C3_1,D3_3,F3_3,L1,L2,,,
176600,L3,L1,L1,L3,L2,L3,L2,L2,L1,C3_1,D3_3,F3_3,L1,L3,,,
176601,L3,L1,L1,L3,L2,L3,L2,L2,L1,C3_1,D3_3,F3_3,L2,L1,,,
176602,L3,L1,L1,L3,L2,L3,L2,L2,L1,C3_1,D3_3,F3_3,L2,L2,,,
176603,L3,L1,L1,L3,L2,L3,L2,L2,L1,C3_1,D3_3,F3_3,L2,L3,,,
176604,L3,L1,L1,L3,L2,L3,L2,L2,L1,C3_1,D3_3,F3_3,L3,L1,,,
176605,L3,L1,L1,L3,L2,L3,L2,L2,L1,C3_1,D3_3,F3_3,L3,L2,,,
176606,L3,L1,L1,L3,L2,L3,L2,L2,L1,C3_1,D3_3,F3_3,L3,L3,,,
176607,L3,L1,L1,L3,L2,L3,L2,L2,L1,C3_2,D3_1,F3_1,L1,L1,,,
176608,L3,L1,L1,L3,L2,L3,L2,L2,L1,C3_2,D3_1,F3_1,L1,L2,,,
176609,L3,L1,L1,L3,L2,L3,L2,L2,L1,C3_2,D3_1,F3_1,L1,L3,,,
176610,L3,L1,L1,L3,L2,L3,L2,L2,L1,C3_2,D3_1,F3_1,L2,L1,,,
176611,L3,L1,L1,L3,L2,L3,L2,L2,L1,C3_2,D3_1,F3_1,L2,L2,,,
176612,L3,L1,L1,L3,L2,L3,L2,L2,L1,C3_2,D3_1,F3_1,L2,L3,,,
176613,L3,L1,L1,L3,L2,L3,L2,L2,L1,C3_2,D3_1,F3_1,L3,L1,,,
176614,L3,L1,L1,L3,L2,L3,L2,L2,L1,C3_2,D3_1,F3_1,L3,L2,,,
176615,L3,L1,L1,L3,L2,L3,L2,L2,L1,C3_2,D3_1,F3_1,L3,L3,,,
176616,L3,L1,L1,L3,L2,L3,L2,L2,L1,C3_2,D3_1,F3_2,L1,L1,,,
176617,L3,L1,L1,L3,L2,L3,L2,L2,L1,C3_2,D3_1,F3_2,L1,L2,,,
176618,L3,L1,L1,L3,L2,L3,L2,L2,L1,C3_2,D3_1,F3_2,L1,L3,,,
176619,L3,L1,L1,L3,L2,L3,L2,L2,L1,C3_2,D3_1,F3_2,L2,L1,,,
176620,L3,L1,L1,L3,L2,L3,L2,L2,L1,C3_2,D3_1,F3_2,L2,L2,,,
176621,L3,L1,L1,L3,L2,L3,L2,L2,L1,C3_2,D3_1,F3_2,L2,L3,,,
176622,L3,L1,L1,L3,L2,L3,L2,L2,L1,C3_2,D3_1,F3_2,L3,L1,,,
176623,L3,L1,L1,L3,L2,L3,L2,L2,L1,C3_2,D3_1,F3_2,L3,L2,,,
176624,L3,L1,L1,L3,L2,L3,L2,L2,L1,C3_2,D3_1,F3_2,L3,L3,,,
176625,L3,L1,L1,L3,L2,L3,L2,L2,L1,C3_2,D3_1,F3_3,L1,L1,,,
176626,L3,L1,L1,L3,L2,L3,L2,L2,L1,C3_2,D3_1,F3_3,L1,L2,,,
176627,L3,L1,L1,L3,L2,L3,L2,L2,L1,C3_2,D3_1,F3_3,L1,L3,,,
176628,L3,L1,L1,L3,L2,L3,L2,L2,L1,C3_2,D3_1,F3_3,L2,L1,,,
176629,L3,L1,L1,L3,L2,L3,L2,L2,L1,C3_2,D3_1,F3_3,L2,L2,,,
176630,L3,L1,L1,L3,L2,L3,L2,L2,L1,C3_2,D3_1,F3_3,L2,L3,,,
176631,L3,L1,L1,L3,L2,L3,L2,L2,L1,C3_2,D3_1,F3_3,L3,L1,,,
176632,L3,L1,L1,L3,L2,L3,L2,L2,L1,C3_2,D3_1,F3_3,L3,L2,,,
176633,L3,L1,L1,L3,L2,L3,L2,L2,L1,C3_2,D3_1,F3_3,L3,L3,,,
176634,L3,L1,L1,L3,L2,L3,L2,L2,L1,C3_2,D3_2,F3_1,L1,L1,,,
176635,L3,L1,L1,L3,L2,L3,L2,L2,L1,C3_2,D3_2,F3_1,L1,L2,,,
176636,L3,L1,L1,L3,L2,L3,L2,L2,L1,C3_2,D3_2,F3_1,L1,L3,,,
176637,L3,L1,L1,L3,L2,L3,L2,L2,L1,C3_2,D3_2,F3_1,L2,L1,,,
176638,L3,L1,L1,L3,L2,L3,L2,L2,L1,C3_2,D3_2,F3_1,L2,L2,,,
176639,L3,L1,L1,L3,L2,L3,L2,L2,L1,C3_2,D3_2,F3_1,L2,L3,,,
176640,L3,L1,L1,L3,L2,L3,L2,L2,L1,C3_2,D3_2,F3_1,L3,L1,,,
176641,L3,L1,L1,L3,L2,L3,L2,L2,L1,C3_2,D3_2,F3_1,L3,L2,,,
176642,L3,L1,L1,L3,L2,L3,L2,L2,L1,C3_2,D3_2,F3_1,L3,L3,,,
176643,L3,L1,L1,L3,L2,L3,L2,L2,L1,C3_2,D3_2,F3_2,L1,L1,,,
176644,L3,L1,L1,L3,L2,L3,L2,L2,L1,C3_2,D3_2,F3_2,L1,L2,,,
176645,L3,L1,L1,L3,L2,L3,L2,L2,L1,C3_2,D3_2,F3_2,L1,L3,,,
176646,L3,L1,L1,L3,L2,L3,L2,L2,L1,C3_2,D3_2,F3_2,L2,L1,,,
176647,L3,L1,L1,L3,L2,L3,L2,L2,L1,C3_2,D3_2,F3_2,L2,L2,,,
176648,L3,L1,L1,L3,L2,L3,L2,L2,L1,C3_2,D3_2,F3_2,L2,L3,,,
176649,L3,L1,L1,L3,L2,L3,L2,L2,L1,C3_2,D3_2,F3_2,L3,L1,,,
176650,L3,L1,L1,L3,L2,L3,L2,L2,L1,C3_2,D3_2,F3_2,L3,L2,,,
176651,L3,L1,L1,L3,L2,L3,L2,L2,L1,C3_2,D3_2,F3_2,L3,L3,,,
176652,L3,L1,L1,L3,L2,L3,L2,L2,L1,C3_2,D3_2,F3_3,L1,L1,,,
176653,L3,L1,L1,L3,L2,L3,L2,L2,L1,C3_2,D3_2,F3_3,L1,L2,,,
176654,L3,L1,L1,L3,L2,L3,L2,L2,L1,C3_2,D3_2,F3_3,L1,L3,,,
176655,L3,L1,L1,L3,L2,L3,L2,L2,L1,C3_2,D3_2,F3_3,L2,L1,,,
176656,L3,L1,L1,L3,L2,L3,L2,L2,L1,C3_2,D3_2,F3_3,L2,L2,,,
176657,L3,L1,L1,L3,L2,L3,L2,L2,L1,C3_2,D3_2,F3_3,L2,L3,,,
176658,L3,L1,L1,L3,L2,L3,L2,L2,L1,C3_2,D3_2,F3_3,L3,L1,,,
176659,L3,L1,L1,L3,L2,L3,L2,L2,L1,C3_2,D3_2,F3_3,L3,L2,,,
176660,L3,L1,L1,L3,L2,L3,L2,L2,L1,C3_2,D3_2,F3_3,L3,L3,,,
176661,L3,L1,L1,L3,L2,L3,L2,L2,L1,C3_2,D3_3,F3_1,L1,L1,,,
176662,L3,L1,L1,L3,L2,L3,L2,L2,L1,C3_2,D3_3,F3_1,L1,L2,,,
176663,L3,L1,L1,L3,L2,L3,L2,L2,L1,C3_2,D3_3,F3_1,L1,L3,,,
176664,L3,L1,L1,L3,L2,L3,L2,L2,L1,C3_2,D3_3,F3_1,L2,L1,,,
176665,L3,L1,L1,L3,L2,L3,L2,L2,L1,C3_2,D3_3,F3_1,L2,L2,,,
176666,L3,L1,L1,L3,L2,L3,L2,L2,L1,C3_2,D3_3,F3_1,L2,L3,,,
176667,L3,L1,L1,L3,L2,L3,L2,L2,L1,C3_2,D3_3,F3_1,L3,L1,,,
176668,L3,L1,L1,L3,L2,L3,L2,L2,L1,C3_2,D3_3,F3_1,L3,L2,,,
176669,L3,L1,L1,L3,L2,L3,L2,L2,L1,C3_2,D3_3,F3_1,L3,L3,,,
176670,L3,L1,L1,L3,L2,L3,L2,L2,L1,C3_2,D3_3,F3_2,L1,L1,,,
176671,L3,L1,L1,L3,L2,L3,L2,L2,L1,C3_2,D3_3,F3_2,L1,L2,,,
176672,L3,L1,L1,L3,L2,L3,L2,L2,L1,C3_2,D3_3,F3_2,L1,L3,,,
176673,L3,L1,L1,L3,L2,L3,L2,L2,L1,C3_2,D3_3,F3_2,L2,L1,,,
176674,L3,L1,L1,L3,L2,L3,L2,L2,L1,C3_2,D3_3,F3_2,L2,L2,,,
176675,L3,L1,L1,L3,L2,L3,L2,L2,L1,C3_2,D3_3,F3_2,L2,L3,,,
176676,L3,L1,L1,L3,L2,L3,L2,L2,L1,C3_2,D3_3,F3_2,L3,L1,,,
176677,L3,L1,L1,L3,L2,L3,L2,L2,L1,C3_2,D3_3,F3_2,L3,L2,,,
176678,L3,L1,L1,L3,L2,L3,L2,L2,L1,C3_2,D3_3,F3_2,L3,L3,,,
176679,L3,L1,L1,L3,L2,L3,L2,L2,L1,C3_2,D3_3,F3_3,L1,L1,,,
176680,L3,L1,L1,L3,L2,L3,L2,L2,L1,C3_2,D3_3,F3_3,L1,L2,,,
176681,L3,L1,L1,L3,L2,L3,L2,L2,L1,C3_2,D3_3,F3_3,L1,L3,,,
176682,L3,L1,L1,L3,L2,L3,L2,L2,L1,C3_2,D3_3,F3_3,L2,L1,,,
176683,L3,L1,L1,L3,L2,L3,L2,L2,L1,C3_2,D3_3,F3_3,L2,L2,,,
176684,L3,L1,L1,L3,L2,L3,L2,L2,L1,C3_2,D3_3,F3_3,L2,L3,,,
176685,L3,L1,L1,L3,L2,L3,L2,L2,L1,C3_2,D3_3,F3_3,L3,L1,,,
176686,L3,L1,L1,L3,L2,L3,L2,L2,L1,C3_2,D3_3,F3_3,L3,L2,,,
176687,L3,L1,L1,L3,L2,L3,L2,L2,L1,C3_2,D3_3,F3_3,L3,L3,,,
176688,L3,L1,L1,L3,L2,L3,L2,L2,L1,C3_3,D3_1,F3_1,L1,L1,,,
176689,L3,L1,L1,L3,L2,L3,L2,L2,L1,C3_3,D3_1,F3_1,L1,L2,,,
176690,L3,L1,L1,L3,L2,L3,L2,L2,L1,C3_3,D3_1,F3_1,L1,L3,,,
176691,L3,L1,L1,L3,L2,L3,L2,L2,L1,C3_3,D3_1,F3_1,L2,L1,,,
176692,L3,L1,L1,L3,L2,L3,L2,L2,L1,C3_3,D3_1,F3_1,L2,L2,,,
176693,L3,L1,L1,L3,L2,L3,L2,L2,L1,C3_3,D3_1,F3_1,L2,L3,,,
176694,L3,L1,L1,L3,L2,L3,L2,L2,L1,C3_3,D3_1,F3_1,L3,L1,,,
176695,L3,L1,L1,L3,L2,L3,L2,L2,L1,C3_3,D3_1,F3_1,L3,L2,,,
176696,L3,L1,L1,L3,L2,L3,L2,L2,L1,C3_3,D3_1,F3_1,L3,L3,,,
176697,L3,L1,L1,L3,L2,L3,L2,L2,L1,C3_3,D3_1,F3_2,L1,L1,,,
176698,L3,L1,L1,L3,L2,L3,L2,L2,L1,C3_3,D3_1,F3_2,L1,L2,,,
176699,L3,L1,L1,L3,L2,L3,L2,L2,L1,C3_3,D3_1,F3_2,L1,L3,,,
176700,L3,L1,L1,L3,L2,L3,L2,L2,L1,C3_3,D3_1,F3_2,L2,L1,,,
176701,L3,L1,L1,L3,L2,L3,L2,L2,L1,C3_3,D3_1,F3_2,L2,L2,,,
176702,L3,L1,L1,L3,L2,L3,L2,L2,L1,C3_3,D3_1,F3_2,L2,L3,,,
176703,L3,L1,L1,L3,L2,L3,L2,L2,L1,C3_3,D3_1,F3_2,L3,L1,,,
176704,L3,L1,L1,L3,L2,L3,L2,L2,L1,C3_3,D3_1,F3_2,L3,L2,,,
176705,L3,L1,L1,L3,L2,L3,L2,L2,L1,C3_3,D3_1,F3_2,L3,L3,,,
176706,L3,L1,L1,L3,L2,L3,L2,L2,L1,C3_3,D3_1,F3_3,L1,L1,,,
176707,L3,L1,L1,L3,L2,L3,L2,L2,L1,C3_3,D3_1,F3_3,L1,L2,,,
176708,L3,L1,L1,L3,L2,L3,L2,L2,L1,C3_3,D3_1,F3_3,L1,L3,,,
176709,L3,L1,L1,L3,L2,L3,L2,L2,L1,C3_3,D3_1,F3_3,L2,L1,,,
176710,L3,L1,L1,L3,L2,L3,L2,L2,L1,C3_3,D3_1,F3_3,L2,L2,,,
176711,L3,L1,L1,L3,L2,L3,L2,L2,L1,C3_3,D3_1,F3_3,L2,L3,,,
176712,L3,L1,L1,L3,L2,L3,L2,L2,L1,C3_3,D3_1,F3_3,L3,L1,,,
176713,L3,L1,L1,L3,L2,L3,L2,L2,L1,C3_3,D3_1,F3_3,L3,L2,,,
176714,L3,L1,L1,L3,L2,L3,L2,L2,L1,C3_3,D3_1,F3_3,L3,L3,,,
176715,L3,L1,L1,L3,L2,L3,L2,L2,L1,C3_3,D3_2,F3_1,L1,L1,,,
176716,L3,L1,L1,L3,L2,L3,L2,L2,L1,C3_3,D3_2,F3_1,L1,L2,,,
176717,L3,L1,L1,L3,L2,L3,L2,L2,L1,C3_3,D3_2,F3_1,L1,L3,,,
176718,L3,L1,L1,L3,L2,L3,L2,L2,L1,C3_3,D3_2,F3_1,L2,L1,,,
176719,L3,L1,L1,L3,L2,L3,L2,L2,L1,C3_3,D3_2,F3_1,L2,L2,,,
176720,L3,L1,L1,L3,L2,L3,L2,L2,L1,C3_3,D3_2,F3_1,L2,L3,,,
176721,L3,L1,L1,L3,L2,L3,L2,L2,L1,C3_3,D3_2,F3_1,L3,L1,,,
176722,L3,L1,L1,L3,L2,L3,L2,L2,L1,C3_3,D3_2,F3_1,L3,L2,,,
176723,L3,L1,L1,L3,L2,L3,L2,L2,L1,C3_3,D3_2,F3_1,L3,L3,,,
176724,L3,L1,L1,L3,L2,L3,L2,L2,L1,C3_3,D3_2,F3_2,L1,L1,,,
176725,L3,L1,L1,L3,L2,L3,L2,L2,L1,C3_3,D3_2,F3_2,L1,L2,,,
176726,L3,L1,L1,L3,L2,L3,L2,L2,L1,C3_3,D3_2,F3_2,L1,L3,,,
176727,L3,L1,L1,L3,L2,L3,L2,L2,L1,C3_3,D3_2,F3_2,L2,L1,,,
176728,L3,L1,L1,L3,L2,L3,L2,L2,L1,C3_3,D3_2,F3_2,L2,L2,,,
176729,L3,L1,L1,L3,L2,L3,L2,L2,L1,C3_3,D3_2,F3_2,L2,L3,,,
176730,L3,L1,L1,L3,L2,L3,L2,L2,L1,C3_3,D3_2,F3_2,L3,L1,,,
176731,L3,L1,L1,L3,L2,L3,L2,L2,L1,C3_3,D3_2,F3_2,L3,L2,,,
176732,L3,L1,L1,L3,L2,L3,L2,L2,L1,C3_3,D3_2,F3_2,L3,L3,,,
176733,L3,L1,L1,L3,L2,L3,L2,L2,L1,C3_3,D3_2,F3_3,L1,L1,,,
176734,L3,L1,L1,L3,L2,L3,L2,L2,L1,C3_3,D3_2,F3_3,L1,L2,,,
176735,L3,L1,L1,L3,L2,L3,L2,L2,L1,C3_3,D3_2,F3_3,L1,L3,,,
176736,L3,L1,L1,L3,L2,L3,L2,L2,L1,C3_3,D3_2,F3_3,L2,L1,,,
176737,L3,L1,L1,L3,L2,L3,L2,L2,L1,C3_3,D3_2,F3_3,L2,L2,,,
176738,L3,L1,L1,L3,L2,L3,L2,L2,L1,C3_3,D3_2,F3_3,L2,L3,,,
176739,L3,L1,L1,L3,L2,L3,L2,L2,L1,C3_3,D3_2,F3_3,L3,L1,,,
176740,L3,L1,L1,L3,L2,L3,L2,L2,L1,C3_3,D3_2,F3_3,L3,L2,,,
176741,L3,L1,L1,L3,L2,L3,L2,L2,L1,C3_3,D3_2,F3_3,L3,L3,,,
176742,L3,L1,L1,L3,L2,L3,L2,L2,L1,C3_3,D3_3,F3_1,L1,L1,,,
176743,L3,L1,L1,L3,L2,L3,L2,L2,L1,C3_3,D3_3,F3_1,L1,L2,,,
176744,L3,L1,L1,L3,L2,L3,L2,L2,L1,C3_3,D3_3,F3_1,L1,L3,,,
176745,L3,L1,L1,L3,L2,L3,L2,L2,L1,C3_3,D3_3,F3_1,L2,L1,,,
176746,L3,L1,L1,L3,L2,L3,L2,L2,L1,C3_3,D3_3,F3_1,L2,L2,,,
176747,L3,L1,L1,L3,L2,L3,L2,L2,L1,C3_3,D3_3,F3_1,L2,L3,,,
176748,L3,L1,L1,L3,L2,L3,L2,L2,L1,C3_3,D3_3,F3_1,L3,L1,,,
176749,L3,L1,L1,L3,L2,L3,L2,L2,L1,C3_3,D3_3,F3_1,L3,L2,,,
176750,L3,L1,L1,L3,L2,L3,L2,L2,L1,C3_3,D3_3,F3_1,L3,L3,,,
176751,L3,L1,L1,L3,L2,L3,L2,L2,L1,C3_3,D3_3,F3_2,L1,L1,,,
176752,L3,L1,L1,L3,L2,L3,L2,L2,L1,C3_3,D3_3,F3_2,L1,L2,,,
176753,L3,L1,L1,L3,L2,L3,L2,L2,L1,C3_3,D3_3,F3_2,L1,L3,,,
176754,L3,L1,L1,L3,L2,L3,L2,L2,L1,C3_3,D3_3,F3_2,L2,L1,,,
176755,L3,L1,L1,L3,L2,L3,L2,L2,L1,C3_3,D3_3,F3_2,L2,L2,,,
176756,L3,L1,L1,L3,L2,L3,L2,L2,L1,C3_3,D3_3,F3_2,L2,L3,,,
176757,L3,L1,L1,L3,L2,L3,L2,L2,L1,C3_3,D3_3,F3_2,L3,L1,,,
176758,L3,L1,L1,L3,L2,L3,L2,L2,L1,C3_3,D3_3,F3_2,L3,L2,,,
176759,L3,L1,L1,L3,L2,L3,L2,L2,L1,C3_3,D3_3,F3_2,L3,L3,,,
176760,L3,L1,L1,L3,L2,L3,L2,L2,L1,C3_3,D3_3,F3_3,L1,L1,,,
176761,L3,L1,L1,L3,L2,L3,L2,L2,L1,C3_3,D3_3,F3_3,L1,L2,,,
176762,L3,L1,L1,L3,L2,L3,L2,L2,L1,C3_3,D3_3,F3_3,L1,L3,,,
176763,L3,L1,L1,L3,L2,L3,L2,L2,L1,C3_3,D3_3,F3_3,L2,L1,,,
176764,L3,L1,L1,L3,L2,L3,L2,L2,L1,C3_3,D3_3,F3_3,L2,L2,,,
176765,L3,L1,L1,L3,L2,L3,L2,L2,L1,C3_3,D3_3,F3_3,L2,L3,,,
176766,L3,L1,L1,L3,L2,L3,L2,L2,L1,C3_3,D3_3,F3_3,L3,L1,,,
176767,L3,L1,L1,L3,L2,L3,L2,L2,L1,C3_3,D3_3,F3_3,L3,L2,,,
176768,L3,L1,L1,L3,L2,L3,L2,L2,L1,C3_3,D3_3,F3_3,L3,L3,,,
181818,L1,L2,L3,L3,L3,L3,L2,L2,L1,C3_1,D3_1,F3_1,L1,L1,,,
181819,L1,L2,L3,L3,L3,L3,L2,L2,L1,C3_1,D3_1,F3_1,L1,L2,,,
181820,L1,L2,L3,L3,L3,L3,L2,L2,L1,C3_1,D3_1,F3_1,L1,L3,,,
181821,L1,L2,L3,L3,L3,L3,L2,L2,L1,C3_1,D3_1,F3_1,L2,L1,,,
181822,L1,L2,L3,L3,L3,L3,L2,L2,L1,C3_1,D3_1,F3_1,L2,L2,,,
181823,L1,L2,L3,L3,L3,L3,L2,L2,L1,C3_1,D3_1,F3_1,L2,L3,,,
181824,L1,L2,L3,L3,L3,L3,L2,L2,L1,C3_1,D3_1,F3_1,L3,L1,,,
181825,L1,L2,L3,L3,L3,L3,L2,L2,L1,C3_1,D3_1,F3_1,L3,L2,,,
181826,L1,L2,L3,L3,L3,L3,L2,L2,L1,C3_1,D3_1,F3_1,L3,L3,,,
181827,L1,L2,L3,L3,L3,L3,L2,L2,L1,C3_1,D3_1,F3_2,L1,L1,,,
181828,L1,L2,L3,L3,L3,L3,L2,L2,L1,C3_1,D3_1,F3_2,L1,L2,,,
181829,L1,L2,L3,L3,L3,L3,L2,L2,L1,C3_1,D3_1,F3_2,L1,L3,,,
181830,L1,L2,L3,L3,L3,L3,L2,L2,L1,C3_1,D3_1,F3_2,L2,L1,,,
181831,L1,L2,L3,L3,L3,L3,L2,L2,L1,C3_1,D3_1,F3_2,L2,L2,,,
181832,L1,L2,L3,L3,L3,L3,L2,L2,L1,C3_1,D3_1,F3_2,L2,L3,,,
181833,L1,L2,L3,L3,L3,L3,L2,L2,L1,C3_1,D3_1,F3_2,L3,L1,,,
181834,L1,L2,L3,L3,L3,L3,L2,L2,L1,C3_1,D3_1,F3_2,L3,L2,,,
181835,L1,L2,L3,L3,L3,L3,L2,L2,L1,C3_1,D3_1,F3_2,L3,L3,,,
181836,L1,L2,L3,L3,L3,L3,L2,L2,L1,C3_1,D3_1,F3_3,L1,L1,,,
181837,L1,L2,L3,L3,L3,L3,L2,L2,L1,C3_1,D3_1,F3_3,L1,L2,,,
181838,L1,L2,L3,L3,L3,L3,L2,L2,L1,C3_1,D3_1,F3_3,L1,L3,,,
181839,L1,L2,L3,L3,L3,L3,L2,L2,L1,C3_1,D3_1,F3_3,L2,L1,,,
181840,L1,L2,L3,L3,L3,L3,L2,L2,L1,C3_1,D3_1,F3_3,L2,L2,,,
181841,L1,L2,L3,L3,L3,L3,L2,L2,L1,C3_1,D3_1,F3_3,L2,L3,,,
181842,L1,L2,L3,L3,L3,L3,L2,L2,L1,C3_1,D3_1,F3_3,L3,L1,,,
181843,L1,L2,L3,L3,L3,L3,L2,L2,L1,C3_1,D3_1,F3_3,L3,L2,,,
181844,L1,L2,L3,L3,L3,L3,L2,L2,L1,C3_1,D3_1,F3_3,L3,L3,,,
181845,L1,L2,L3,L3,L3,L3,L2,L2,L1,C3_1,D3_2,F3_1,L1,L1,,,
181846,L1,L2,L3,L3,L3,L3,L2,L2,L1,C3_1,D3_2,F3_1,L1,L2,,,
181847,L1,L2,L3,L3,L3,L3,L2,L2,L1,C3_1,D3_2,F3_1,L1,L3,,,
181848,L1,L2,L3,L3,L3,L3,L2,L2,L1,C3_1,D3_2,F3_1,L2,L1,,,
181849,L1,L2,L3,L3,L3,L3,L2,L2,L1,C3_1,D3_2,F3_1,L2,L2,,,
181850,L1,L2,L3,L3,L3,L3,L2,L2,L1,C3_1,D3_2,F3_1,L2,L3,,,
181851,L1,L2,L3,L3,L3,L3,L2,L2,L1,C3_1,D3_2,F3_1,L3,L1,,,
181852,L1,L2,L3,L3,L3,L3,L2,L2,L1,C3_1,D3_2,F3_1,L3,L2,,,
181853,L1,L2,L3,L3,L3,L3,L2,L2,L1,C3_1,D3_2,F3_1,L3,L3,,,
181854,L1,L2,L3,L3,L3,L3,L2,L2,L1,C3_1,D3_2,F3_2,L1,L1,,,
181855,L1,L2,L3,L3,L3,L3,L2,L2,L1,C3_1,D3_2,F3_2,L1,L2,,,
181856,L1,L2,L3,L3,L3,L3,L2,L2,L1,C3_1,D3_2,F3_2,L1,L3,,,
181857,L1,L2,L3,L3,L3,L3,L2,L2,L1,C3_1,D3_2,F3_2,L2,L1,,,
181858,L1,L2,L3,L3,L3,L3,L2,L2,L1,C3_1,D3_2,F3_2,L2,L2,,,
181859,L1,L2,L3,L3,L3,L3,L2,L2,L1,C3_1,D3_2,F3_2,L2,L3,,,
181860,L1,L2,L3,L3,L3,L3,L2,L2,L1,C3_1,D3_2,F3_2,L3,L1,,,
181861,L1,L2,L3,L3,L3,L3,L2,L2,L1,C3_1,D3_2,F3_2,L3,L2,,,
181862,L1,L2,L3,L3,L3,L3,L2,L2,L1,C3_1,D3_2,F3_2,L3,L3,,,
181863,L1,L2,L3,L3,L3,L3,L2,L2,L1,C3_1,D3_2,F3_3,L1,L1,,,
181864,L1,L2,L3,L3,L3,L3,L2,L2,L1,C3_1,D3_2,F3_3,L1,L2,,,
181865,L1,L2,L3,L3,L3,L3,L2,L2,L1,C3_1,D3_2,F3_3,L1,L3,,,
181866,L1,L2,L3,L3,L3,L3,L2,L2,L1,C3_1,D3_2,F3_3,L2,L1,,,
181867,L1,L2,L3,L3,L3,L3,L2,L2,L1,C3_1,D3_2,F3_3,L2,L2,,,
181868,L1,L2,L3,L3,L3,L3,L2,L2,L1,C3_1,D3_2,F3_3,L2,L3,,,
181869,L1,L2,L3,L3,L3,L3,L2,L2,L1,C3_1,D3_2,F3_3,L3,L1,,,
181870,L1,L2,L3,L3,L3,L3,L2,L2,L1,C3_1,D3_2,F3_3,L3,L2,,,
181871,L1,L2,L3,L3,L3,L3,L2,L2,L1,C3_1,D3_2,F3_3,L3,L3,,,
181872,L1,L2,L3,L3,L3,L3,L2,L2,L1,C3_1,D3_3,F3_1,L1,L1,,,
181873,L1,L2,L3,L3,L3,L3,L2,L2,L1,C3_1,D3_3,F3_1,L1,L2,,,
181874,L1,L2,L3,L3,L3,L3,L2,L2,L1,C3_1,D3_3,F3_1,L1,L3,,,
181875,L1,L2,L3,L3,L3,L3,L2,L2,L1,C3_1,D3_3,F3_1,L2,L1,,,
181876,L1,L2,L3,L3,L3,L3,L2,L2,L1,C3_1,D3_3,F3_1,L2,L2,,,
181877,L1,L2,L3,L3,L3,L3,L2,L2,L1,C3_1,D3_3,F3_1,L2,L3,,,
181878,L1,L2,L3,L3,L3,L3,L2,L2,L1,C3_1,D3_3,F3_1,L3,L1,,,
181879,L1,L2,L3,L3,L3,L3,L2,L2,L1,C3_1,D3_3,F3_1,L3,L2,,,
181880,L1,L2,L3,L3,L3,L3,L2,L2,L1,C3_1,D3_3,F3_1,L3,L3,,,
181881,L1,L2,L3,L3,L3,L3,L2,L2,L1,C3_1,D3_3,F3_2,L1,L1,,,
181882,L1,L2,L3,L3,L3,L3,L2,L2,L1,C3_1,D3_3,F3_2,L1,L2,,,
181883,L1,L2,L3,L3,L3,L3,L2,L2,L1,C3_1,D3_3,F3_2,L1,L3,,,
181884,L1,L2,L3,L3,L3,L3,L2,L2,L1,C3_1,D3_3,F3_2,L2,L1,,,
181885,L1,L2,L3,L3,L3,L3,L2,L2,L1,C3_1,D3_3,F3_2,L2,L2,,,
181886,L1,L2,L3,L3,L3,L3,L2,L2,L1,C3_1,D3_3,F3_2,L2,L3,,,
181887,L1,L2,L3,L3,L3,L3,L2,L2,L1,C3_1,D3_3,F3_2,L3,L1,,,
181888,L1,L2,L3,L3,L3,L3,L2,L2,L1,C3_1,D3_3,F3_2,L3,L2,,,
181889,L1,L2,L3,L3,L3,L3,L2,L2,L1,C3_1,D3_3,F3_2,L3,L3,,,
181890,L1,L2,L3,L3,L3,L3,L2,L2,L1,C3_1,D3_3,F3_3,L1,L1,,,
181891,L1,L2,L3,L3,L3,L3,L2,L2,L1,C3_1,D3_3,F3_3,L1,L2,,,
181892,L1,L2,L3,L3,L3,L3,L2,L2,L1,C3_1,D3_3,F3_3,L1,L3,,,
181893,L1,L2,L3,L3,L3,L3,L2,L2,L1,C3_1,D3_3,F3_3,L2,L1,,,
181894,L1,L2,L3,L3,L3,L3,L2,L2,L1,C3_1,D3_3,F3_3,L2,L2,,,
181895,L1,L2,L3,L3,L3,L3,L2,L2,L1,C3_1,D3_3,F3_3,L2,L3,,,
181896,L1,L2,L3,L3,L3,L3,L2,L2,L1,C3_1,D3_3,F3_3,L3,L1,,,
181897,L1,L2,L3,L3,L3,L3,L2,L2,L1,C3_1,D3_3,F3_3,L3,L2,,,
181898,L1,L2,L3,L3,L3,L3,L2,L2,L1,C3_1,D3_3,F3_3,L3,L3,,,
181899,L1,L2,L3,L3,L3,L3,L2,L2,L1,C3_2,D3_1,F3_1,L1,L1,,,
181900,L1,L2,L3,L3,L3,L3,L2,L2,L1,C3_2,D3_1,F3_1,L1,L2,,,
181901,L1,L2,L3,L3,L3,L3,L2,L2,L1,C3_2,D3_1,F3_1,L1,L3,,,
181902,L1,L2,L3,L3,L3,L3,L2,L2,L1,C3_2,D3_1,F3_1,L2,L1,,,
181903,L1,L2,L3,L3,L3,L3,L2,L2,L1,C3_2,D3_1,F3_1,L2,L2,,,
181904,L1,L2,L3,L3,L3,L3,L2,L2,L1,C3_2,D3_1,F3_1,L2,L3,,,
181905,L1,L2,L3,L3,L3,L3,L2,L2,L1,C3_2,D3_1,F3_1,L3,L1,,,
181906,L1,L2,L3,L3,L3,L3,L2,L2,L1,C3_2,D3_1,F3_1,L3,L2,,,
181907,L1,L2,L3,L3,L3,L3,L2,L2,L1,C3_2,D3_1,F3_1,L3,L3,,,
181908,L1,L2,L3,L3,L3,L3,L2,L2,L1,C3_2,D3_1,F3_2,L1,L1,,,
181909,L1,L2,L3,L3,L3,L3,L2,L2,L1,C3_2,D3_1,F3_2,L1,L2,,,
181910,L1,L2,L3,L3,L3,L3,L2,L2,L1,C3_2,D3_1,F3_2,L1,L3,,,
181911,L1,L2,L3,L3,L3,L3,L2,L2,L1,C3_2,D3_1,F3_2,L2,L1,,,
181912,L1,L2,L3,L3,L3,L3,L2,L2,L1,C3_2,D3_1,F3_2,L2,L2,,,
181913,L1,L2,L3,L3,L3,L3,L2,L2,L1,C3_2,D3_1,F3_2,L2,L3,,,
181914,L1,L2,L3,L3,L3,L3,L2,L2,L1,C3_2,D3_1,F3_2,L3,L1,,,
181915,L1,L2,L3,L3,L3,L3,L2,L2,L1,C3_2,D3_1,F3_2,L3,L2,,,
181916,L1,L2,L3,L3,L3,L3,L2,L2,L1,C3_2,D3_1,F3_2,L3,L3,,,
181917,L1,L2,L3,L3,L3,L3,L2,L2,L1,C3_2,D3_1,F3_3,L1,L1,,,
181918,L1,L2,L3,L3,L3,L3,L2,L2,L1,C3_2,D3_1,F3_3,L1,L2,,,
181919,L1,L2,L3,L3,L3,L3,L2,L2,L1,C3_2,D3_1,F3_3,L1,L3,,,
181920,L1,L2,L3,L3,L3,L3,L2,L2,L1,C3_2,D3_1,F3_3,L2,L1,,,
181921,L1,L2,L3,L3,L3,L3,L2,L2,L1,C3_2,D3_1,F3_3,L2,L2,,,
181922,L1,L2,L3,L3,L3,L3,L2,L2,L1,C3_2,D3_1,F3_3,L2,L3,,,
181923,L1,L2,L3,L3,L3,L3,L2,L2,L1,C3_2,D3_1,F3_3,L3,L1,,,
181924,L1,L2,L3,L3,L3,L3,L2,L2,L1,C3_2,D3_1,F3_3,L3,L2,,,
181925,L1,L2,L3,L3,L3,L3,L2,L2,L1,C3_2,D3_1,F3_3,L3,L3,,,
181926,L1,L2,L3,L3,L3,L3,L2,L2,L1,C3_2,D3_2,F3_1,L1,L1,,,
181927,L1,L2,L3,L3,L3,L3,L2,L2,L1,C3_2,D3_2,F3_1,L1,L2,,,
181928,L1,L2,L3,L3,L3,L3,L2,L2,L1,C3_2,D3_2,F3_1,L1,L3,,,
181929,L1,L2,L3,L3,L3,L3,L2,L2,L1,C3_2,D3_2,F3_1,L2,L1,,,
181930,L1,L2,L3,L3,L3,L3,L2,L2,L1,C3_2,D3_2,F3_1,L2,L2,,,
181931,L1,L2,L3,L3,L3,L3,L2,L2,L1,C3_2,D3_2,F3_1,L2,L3,,,
181932,L1,L2,L3,L3,L3,L3,L2,L2,L1,C3_2,D3_2,F3_1,L3,L1,,,
181933,L1,L2,L3,L3,L3,L3,L2,L2,L1,C3_2,D3_2,F3_1,L3,L2,,,
181934,L1,L2,L3,L3,L3,L3,L2,L2,L1,C3_2,D3_2,F3_1,L3,L3,,,
181935,L1,L2,L3,L3,L3,L3,L2,L2,L1,C3_2,D3_2,F3_2,L1,L1,,,
181936,L1,L2,L3,L3,L3,L3,L2,L2,L1,C3_2,D3_2,F3_2,L1,L2,,,
181937,L1,L2,L3,L3,L3,L3,L2,L2,L1,C3_2,D3_2,F3_2,L1,L3,,,
181938,L1,L2,L3,L3,L3,L3,L2,L2,L1,C3_2,D3_2,F3_2,L2,L1,,,
181939,L1,L2,L3,L3,L3,L3,L2,L2,L1,C3_2,D3_2,F3_2,L2,L2,,,
181940,L1,L2,L3,L3,L3,L3,L2,L2,L1,C3_2,D3_2,F3_2,L2,L3,,,
181941,L1,L2,L3,L3,L3,L3,L2,L2,L1,C3_2,D3_2,F3_2,L3,L1,,,
181942,L1,L2,L3,L3,L3,L3,L2,L2,L1,C3_2,D3_2,F3_2,L3,L2,,,
181943,L1,L2,L3,L3,L3,L3,L2,L2,L1,C3_2,D3_2,F3_2,L3,L3,,,
181944,L1,L2,L3,L3,L3,L3,L2,L2,L1,C3_2,D3_2,F3_3,L1,L1,,,
181945,L1,L2,L3,L3,L3,L3,L2,L2,L1,C3_2,D3_2,F3_3,L1,L2,,,
181946,L1,L2,L3,L3,L3,L3,L2,L2,L1,C3_2,D3_2,F3_3,L1,L3,,,
181947,L1,L2,L3,L3,L3,L3,L2,L2,L1,C3_2,D3_2,F3_3,L2,L1,,,
181948,L1,L2,L3,L3,L3,L3,L2,L2,L1,C3_2,D3_2,F3_3,L2,L2,,,
181949,L1,L2,L3,L3,L3,L3,L2,L2,L1,C3_2,D3_2,F3_3,L2,L3,,,
181950,L1,L2,L3,L3,L3,L3,L2,L2,L1,C3_2,D3_2,F3_3,L3,L1,,,
181951,L1,L2,L3,L3,L3,L3,L2,L2,L1,C3_2,D3_2,F3_3,L3,L2,,,
181952,L1,L2,L3,L3,L3,L3,L2,L2,L1,C3_2,D3_2,F3_3,L3,L3,,,
181953,L1,L2,L3,L3,L3,L3,L2,L2,L1,C3_2,D3_3,F3_1,L1,L1,,,
181954,L1,L2,L3,L3,L3,L3,L2,L2,L1,C3_2,D3_3,F3_1,L1,L2,,,
181955,L1,L2,L3,L3,L3,L3,L2,L2,L1,C3_2,D3_3,F3_1,L1,L3,,,
181956,L1,L2,L3,L3,L3,L3,L2,L2,L1,C3_2,D3_3,F3_1,L2,L1,,,
181957,L1,L2,L3,L3,L3,L3,L2,L2,L1,C3_2,D3_3,F3_1,L2,L2,,,
181958,L1,L2,L3,L3,L3,L3,L2,L2,L1,C3_2,D3_3,F3_1,L2,L3,,,
181959,L1,L2,L3,L3,L3,L3,L2,L2,L1,C3_2,D3_3,F3_1,L3,L1,,,
181960,L1,L2,L3,L3,L3,L3,L2,L2,L1,C3_2,D3_3,F3_1,L3,L2,,,
181961,L1,L2,L3,L3,L3,L3,L2,L2,L1,C3_2,D3_3,F3_1,L3,L3,,,
181962,L1,L2,L3,L3,L3,L3,L2,L2,L1,C3_2,D3_3,F3_2,L1,L1,,,
181963,L1,L2,L3,L3,L3,L3,L2,L2,L1,C3_2,D3_3,F3_2,L1,L2,,,
181964,L1,L2,L3,L3,L3,L3,L2,L2,L1,C3_2,D3_3,F3_2,L1,L3,,,
181965,L1,L2,L3,L3,L3,L3,L2,L2,L1,C3_2,D3_3,F3_2,L2,L1,,,
181966,L1,L2,L3,L3,L3,L3,L2,L2,L1,C3_2,D3_3,F3_2,L2,L2,,,
181967,L1,L2,L3,L3,L3,L3,L2,L2,L1,C3_2,D3_3,F3_2,L2,L3,,,
181968,L1,L2,L3,L3,L3,L3,L2,L2,L1,C3_2,D3_3,F3_2,L3,L1,,,
181969,L1,L2,L3,L3,L3,L3,L2,L2,L1,C3_2,D3_3,F3_2,L3,L2,,,
181970,L1,L2,L3,L3,L3,L3,L2,L2,L1,C3_2,D3_3,F3_2,L3,L3,,,
181971,L1,L2,L3,L3,L3,L3,L2,L2,L1,C3_2,D3_3,F3_3,L1,L1,,,
181972,L1,L2,L3,L3,L3,L3,L2,L2,L1,C3_2,D3_3,F3_3,L1,L2,,,
181973,L1,L2,L3,L3,L3,L3,L2,L2,L1,C3_2,D3_3,F3_3,L1,L3,,,
181974,L1,L2,L3,L3,L3,L3,L2,L2,L1,C3_2,D3_3,F3_3,L2,L1,,,
181975,L1,L2,L3,L3,L3,L3,L2,L2,L1,C3_2,D3_3,F3_3,L2,L2,,,
181976,L1,L2,L3,L3,L3,L3,L2,L2,L1,C3_2,D3_3,F3_3,L2,L3,,,
181977,L1,L2,L3,L3,L3,L3,L2,L2,L1,C3_2,D3_3,F3_3,L3,L1,,,
181978,L1,L2,L3,L3,L3,L3,L2,L2,L1,C3_2,D3_3,F3_3,L3,L2,,,
181979,L1,L2,L3,L3,L3,L3,L2,L2,L1,C3_2,D3_3,F3_3,L3,L3,,,
181980,L1,L2,L3,L3,L3,L3,L2,L2,L1,C3_3,D3_1,F3_1,L1,L1,,,
181981,L1,L2,L3,L3,L3,L3,L2,L2,L1,C3_3,D3_1,F3_1,L1,L2,,,
181982,L1,L2,L3,L3,L3,L3,L2,L2,L1,C3_3,D3_1,F3_1,L1,L3,,,
181983,L1,L2,L3,L3,L3,L3,L2,L2,L1,C3_3,D3_1,F3_1,L2,L1,,,
181984,L1,L2,L3,L3,L3,L3,L2,L2,L1,C3_3,D3_1,F3_1,L2,L2,,,
181985,L1,L2,L3,L3,L3,L3,L2,L2,L1,C3_3,D3_1,F3_1,L2,L3,,,
181986,L1,L2,L3,L3,L3,L3,L2,L2,L1,C3_3,D3_1,F3_1,L3,L1,,,
181987,L1,L2,L3,L3,L3,L3,L2,L2,L1,C3_3,D3_1,F3_1,L3,L2,,,
181988,L1,L2,L3,L3,L3,L3,L2,L2,L1,C3_3,D3_1,F3_1,L3,L3,,,
181989,L1,L2,L3,L3,L3,L3,L2,L2,L1,C3_3,D3_1,F3_2,L1,L1,,,
181990,L1,L2,L3,L3,L3,L3,L2,L2,L1,C3_3,D3_1,F3_2,L1,L2,,,
181991,L1,L2,L3,L3,L3,L3,L2,L2,L1,C3_3,D3_1,F3_2,L1,L3,,,
181992,L1,L2,L3,L3,L3,L3,L2,L2,L1,C3_3,D3_1,F3_2,L2,L1,,,
181993,L1,L2,L3,L3,L3,L3,L2,L2,L1,C3_3,D3_1,F3_2,L2,L2,,,
181994,L1,L2,L3,L3,L3,L3,L2,L2,L1,C3_3,D3_1,F3_2,L2,L3,,,
181995,L1,L2,L3,L3,L3,L3,L2,L2,L1,C3_3,D3_1,F3_2,L3,L1,,,
181996,L1,L2,L3,L3,L3,L3,L2,L2,L1,C3_3,D3_1,F3_2,L3,L2,,,
181997,L1,L2,L3,L3,L3,L3,L2,L2,L1,C3_3,D3_1,F3_2,L3,L3,,,
181998,L1,L2,L3,L3,L3,L3,L2,L2,L1,C3_3,D3_1,F3_3,L1,L1,,,
181999,L1,L2,L3,L3,L3,L3,L2,L2,L1,C3_3,D3_1,F3_3,L1,L2,,,
182000,L1,L2,L3,L3,L3,L3,L2,L2,L1,C3_3,D3_1,F3_3,L1,L3,,,
182001,L1,L2,L3,L3,L3,L3,L2,L2,L1,C3_3,D3_1,F3_3,L2,L1,,,
182002,L1,L2,L3,L3,L3,L3,L2,L2,L1,C3_3,D3_1,F3_3,L2,L2,,,
182003,L1,L2,L3,L3,L3,L3,L2,L2,L1,C3_3,D3_1,F3_3,L2,L3,,,
182004,L1,L2,L3,L3,L3,L3,L2,L2,L1,C3_3,D3_1,F3_3,L3,L1,,,
182005,L1,L2,L3,L3,L3,L3,L2,L2,L1,C3_3,D3_1,F3_3,L3,L2,,,
182006,L1,L2,L3,L3,L3,L3,L2,L2,L1,C3_3,D3_1,F3_3,L3,L3,,,
182007,L1,L2,L3,L3,L3,L3,L2,L2,L1,C3_3,D3_2,F3_1,L1,L1,,,
182008,L1,L2,L3,L3,L3,L3,L2,L2,L1,C3_3,D3_2,F3_1,L1,L2,,,
182009,L1,L2,L3,L3,L3,L3,L2,L2,L1,C3_3,D3_2,F3_1,L1,L3,,,
182010,L1,L2,L3,L3,L3,L3,L2,L2,L1,C3_3,D3_2,F3_1,L2,L1,,,
182011,L1,L2,L3,L3,L3,L3,L2,L2,L1,C3_3,D3_2,F3_1,L2,L2,,,
182012,L1,L2,L3,L3,L3,L3,L2,L2,L1,C3_3,D3_2,F3_1,L2,L3,,,
182013,L1,L2,L3,L3,L3,L3,L2,L2,L1,C3_3,D3_2,F3_1,L3,L1,,,
182014,L1,L2,L3,L3,L3,L3,L2,L2,L1,C3_3,D3_2,F3_1,L3,L2,,,
182015,L1,L2,L3,L3,L3,L3,L2,L2,L1,C3_3,D3_2,F3_1,L3,L3,,,
182016,L1,L2,L3,L3,L3,L3,L2,L2,L1,C3_3,D3_2,F3_2,L1,L1,,,
182017,L1,L2,L3,L3,L3,L3,L2,L2,L1,C3_3,D3_2,F3_2,L1,L2,,,
182018,L1,L2,L3,L3,L3,L3,L2,L2,L1,C3_3,D3_2,F3_2,L1,L3,,,
182019,L1,L2,L3,L3,L3,L3,L2,L2,L1,C3_3,D3_2,F3_2,L2,L1,,,
182020,L1,L2,L3,L3,L3,L3,L2,L2,L1,C3_3,D3_2,F3_2,L2,L2,,,
182021,L1,L2,L3,L3,L3,L3,L2,L2,L1,C3_3,D3_2,F3_2,L2,L3,,,
182022,L1,L2,L3,L3,L3,L3,L2,L2,L1,C3_3,D3_2,F3_2,L3,L1,,,
182023,L1,L2,L3,L3,L3,L3,L2,L2,L1,C3_3,D3_2,F3_2,L3,L2,,,
182024,L1,L2,L3,L3,L3,L3,L2,L2,L1,C3_3,D3_2,F3_2,L3,L3,,,
182025,L1,L2,L3,L3,L3,L3,L2,L2,L1,C3_3,D3_2,F3_3,L1,L1,,,
182026,L1,L2,L3,L3,L3,L3,L2,L2,L1,C3_3,D3_2,F3_3,L1,L2,,,
182027,L1,L2,L3,L3,L3,L3,L2,L2,L1,C3_3,D3_2,F3_3,L1,L3,,,
182028,L1,L2,L3,L3,L3,L3,L2,L2,L1,C3_3,D3_2,F3_3,L2,L1,,,
182029,L1,L2,L3,L3,L3,L3,L2,L2,L1,C3_3,D3_2,F3_3,L2,L2,,,
182030,L1,L2,L3,L3,L3,L3,L2,L2,L1,C3_3,D3_2,F3_3,L2,L3,,,
182031,L1,L2,L3,L3,L3,L3,L2,L2,L1,C3_3,D3_2,F3_3,L3,L1,,,
182032,L1,L2,L3,L3,L3,L3,L2,L2,L1,C3_3,D3_2,F3_3,L3,L2,,,
182033,L1,L2,L3,L3,L3,L3,L2,L2,L1,C3_3,D3_2,F3_3,L3,L3,,,
182034,L1,L2,L3,L3,L3,L3,L2,L2,L1,C3_3,D3_3,F3_1,L1,L1,,,
182035,L1,L2,L3,L3,L3,L3,L2,L2,L1,C3_3,D3_3,F3_1,L1,L2,,,
182036,L1,L2,L3,L3,L3,L3,L2,L2,L1,C3_3,D3_3,F3_1,L1,L3,,,
182037,L1,L2,L3,L3,L3,L3,L2,L2,L1,C3_3,D3_3,F3_1,L2,L1,,,
182038,L1,L2,L3,L3,L3,L3,L2,L2,L1,C3_3,D3_3,F3_1,L2,L2,,,
182039,L1,L2,L3,L3,L3,L3,L2,L2,L1,C3_3,D3_3,F3_1,L2,L3,,,
182040,L1,L2,L3,L3,L3,L3,L2,L2,L1,C3_3,D3_3,F3_1,L3,L1,,,
182041,L1,L2,L3,L3,L3,L3,L2,L2,L1,C3_3,D3_3,F3_1,L3,L2,,,
182042,L1,L2,L3,L3,L3,L3,L2,L2,L1,C3_3,D3_3,F3_1,L3,L3,,,
182043,L1,L2,L3,L3,L3,L3,L2,L2,L1,C3_3,D3_3,F3_2,L1,L1,,,
182044,L1,L2,L3,L3,L3,L3,L2,L2,L1,C3_3,D3_3,F3_2,L1,L2,,,
182045,L1,L2,L3,L3,L3,L3,L2,L2,L1,C3_3,D3_3,F3_2,L1,L3,,,
182046,L1,L2,L3,L3,L3,L3,L2,L2,L1,C3_3,D3_3,F3_2,L2,L1,,,
182047,L1,L2,L3,L3,L3,L3,L2,L2,L1,C3_3,D3_3,F3_2,L2,L2,,,
182048,L1,L2,L3,L3,L3,L3,L2,L2,L1,C3_3,D3_3,F3_2,L2,L3,,,
182049,L1,L2,L3,L3,L3,L3,L2,L2,L1,C3_3,D3_3,F3_2,L3,L1,,,
182050,L1,L2,L3,L3,L3,L3,L2,L2,L1,C3_3,D3_3,F3_2,L3,L2,,,
182051,L1,L2,L3,L3,L3,L3,L2,L2,L1,C3_3,D3_3,F3_2,L3,L3,,,
182052,L1,L2,L3,L3,L3,L3,L2,L2,L1,C3_3,D3_3,F3_3,L1,L1,,,
182053,L1,L2,L3,L3,L3,L3,L2,L2,L1,C3_3,D3_3,F3_3,L1,L2,,,
182054,L1,L2,L3,L3,L3,L3,L2,L2,L1,C3_3,D3_3,F3_3,L1,L3,,,
182055,L1,L2,L3,L3,L3,L3,L2,L2,L1,C3_3,D3_3,F3_3,L2,L1,,,
182056,L1,L2,L3,L3,L3,L3,L2,L2,L1,C3_3,D3_3,F3_3,L2,L2,,,
182057,L1,L2,L3,L3,L3,L3,L2,L2,L1,C3_3,D3_3,F3_3,L2,L3,,,
182058,L1,L2,L3,L3,L3,L3,L2,L2,L1,C3_3,D3_3,F3_3,L3,L1,,,
182059,L1,L2,L3,L3,L3,L3,L2,L2,L1,C3_3,D3_3,F3_3,L3,L2,,,
182060,L1,L2,L3,L3,L3,L3,L2,L2,L1,C3_3,D3_3,F3_3,L3,L3,,,
249291,L2,L1,L2,L2,L3,L3,L2,L2,L1,C3_1,D3_1,F3_1,L1,L1,,,
249292,L2,L1,L2,L2,L3,L3,L2,L2,L1,C3_1,D3_1,F3_1,L1,L2,,,
249293,L2,L1,L2,L2,L3,L3,L2,L2,L1,C3_1,D3_1,F3_1,L1,L3,,,
249294,L2,L1,L2,L2,L3,L3,L2,L2,L1,C3_1,D3_1,F3_1,L2,L1,,,
249295,L2,L1,L2,L2,L3,L3,L2,L2,L1,C3_1,D3_1,F3_1,L2,L2,,,
249296,L2,L1,L2,L2,L3,L3,L2,L2,L1,C3_1,D3_1,F3_1,L2,L3,,,
249297,L2,L1,L2,L2,L3,L3,L2,L2,L1,C3_1,D3_1,F3_1,L3,L1,,,
249298,L2,L1,L2,L2,L3,L3,L2,L2,L1,C3_1,D3_1,F3_1,L3,L2,,,
249299,L2,L1,L2,L2,L3,L3,L2,L2,L1,C3_1,D3_1,F3_1,L3,L3,,,
249300,L2,L1,L2,L2,L3,L3,L2,L2,L1,C3_1,D3_1,F3_2,L1,L1,,,
249301,L2,L1,L2,L2,L3,L3,L2,L2,L1,C3_1,D3_1,F3_2,L1,L2,,,
249302,L2,L1,L2,L2,L3,L3,L2,L2,L1,C3_1,D3_1,F3_2,L1,L3,,,
249303,L2,L1,L2,L2,L3,L3,L2,L2,L1,C3_1,D3_1,F3_2,L2,L1,,,
249304,L2,L1,L2,L2,L3,L3,L2,L2,L1,C3_1,D3_1,F3_2,L2,L2,,,
249305,L2,L1,L2,L2,L3,L3,L2,L2,L1,C3_1,D3_1,F3_2,L2,L3,,,
249306,L2,L1,L2,L2,L3,L3,L2,L2,L1,C3_1,D3_1,F3_2,L3,L1,,,
249307,L2,L1,L2,L2,L3,L3,L2,L2,L1,C3_1,D3_1,F3_2,L3,L2,,,
249308,L2,L1,L2,L2,L3,L3,L2,L2,L1,C3_1,D3_1,F3_2,L3,L3,,,
249309,L2,L1,L2,L2,L3,L3,L2,L2,L1,C3_1,D3_1,F3_3,L1,L1,,,
249310,L2,L1,L2,L2,L3,L3,L2,L2,L1,C3_1,D3_1,F3_3,L1,L2,,,
249311,L2,L1,L2,L2,L3,L3,L2,L2,L1,C3_1,D3_1,F3_3,L1,L3,,,
249312,L2,L1,L2,L2,L3,L3,L2,L2,L1,C3_1,D3_1,F3_3,L2,L1,,,
249313,L2,L1,L2,L2,L3,L3,L2,L2,L1,C3_1,D3_1,F3_3,L2,L2,,,
249314,L2,L1,L2,L2,L3,L3,L2,L2,L1,C3_1,D3_1,F3_3,L2,L3,,,
249315,L2,L1,L2,L2,L3,L3,L2,L2,L1,C3_1,D3_1,F3_3,L3,L1,,,
249316,L2,L1,L2,L2,L3,L3,L2,L2,L1,C3_1,D3_1,F3_3,L3,L2,,,
249317,L2,L1,L2,L2,L3,L3,L2,L2,L1,C3_1,D3_1,F3_3,L3,L3,,,
249318,L2,L1,L2,L2,L3,L3,L2,L2,L1,C3_1,D3_2,F3_1,L1,L1,,,
249319,L2,L1,L2,L2,L3,L3,L2,L2,L1,C3_1,D3_2,F3_1,L1,L2,,,
249320,L2,L1,L2,L2,L3,L3,L2,L2,L1,C3_1,D3_2,F3_1,L1,L3,,,
249321,L2,L1,L2,L2,L3,L3,L2,L2,L1,C3_1,D3_2,F3_1,L2,L1,,,
249322,L2,L1,L2,L2,L3,L3,L2,L2,L1,C3_1,D3_2,F3_1,L2,L2,,,
249323,L2,L1,L2,L2,L3,L3,L2,L2,L1,C3_1,D3_2,F3_1,L2,L3,,,
249324,L2,L1,L2,L2,L3,L3,L2,L2,L1,C3_1,D3_2,F3_1,L3,L1,,,
249325,L2,L1,L2,L2,L3,L3,L2,L2,L1,C3_1,D3_2,F3_1,L3,L2,,,
249326,L2,L1,L2,L2,L3,L3,L2,L2,L1,C3_1,D3_2,F3_1,L3,L3,,,
249327,L2,L1,L2,L2,L3,L3,L2,L2,L1,C3_1,D3_2,F3_2,L1,L1,,,
249328,L2,L1,L2,L2,L3,L3,L2,L2,L1,C3_1,D3_2,F3_2,L1,L2,,,
249329,L2,L1,L2,L2,L3,L3,L2,L2,L1,C3_1,D3_2,F3_2,L1,L3,,,
249330,L2,L1,L2,L2,L3,L3,L2,L2,L1,C3_1,D3_2,F3_2,L2,L1,,,
249331,L2,L1,L2,L2,L3,L3,L2,L2,L1,C3_1,D3_2,F3_2,L2,L2,,,
249332,L2,L1,L2,L2,L3,L3,L2,L2,L1,C3_1,D3_2,F3_2,L2,L3,,,
249333,L2,L1,L2,L2,L3,L3,L2,L2,L1,C3_1,D3_2,F3_2,L3,L1,,,
249334,L2,L1,L2,L2,L3,L3,L2,L2,L1,C3_1,D3_2,F3_2,L3,L2,,,
249335,L2,L1,L2,L2,L3,L3,L2,L2,L1,C3_1,D3_2,F3_2,L3,L3,,,
249336,L2,L1,L2,L2,L3,L3,L2,L2,L1,C3_1,D3_2,F3_3,L1,L1,,,
249337,L2,L1,L2,L2,L3,L3,L2,L2,L1,C3_1,D3_2,F3_3,L1,L2,,,
249338,L2,L1,L2,L2,L3,L3,L2,L2,L1,C3_1,D3_2,F3_3,L1,L3,,,
249339,L2,L1,L2,L2,L3,L3,L2,L2,L1,C3_1,D3_2,F3_3,L2,L1,,,
249340,L2,L1,L2,L2,L3,L3,L2,L2,L1,C3_1,D3_2,F3_3,L2,L2,,,
249341,L2,L1,L2,L2,L3,L3,L2,L2,L1,C3_1,D3_2,F3_3,L2,L3,,,
249342,L2,L1,L2,L2,L3,L3,L2,L2,L1,C3_1,D3_2,F3_3,L3,L1,,,
249343,L2,L1,L2,L2,L3,L3,L2,L2,L1,C3_1,D3_2,F3_3,L3,L2,,,
249344,L2,L1,L2,L2,L3,L3,L2,L2,L1,C3_1,D3_2,F3_3,L3,L3,,,
249345,L2,L1,L2,L2,L3,L3,L2,L2,L1,C3_1,D3_3,F3_1,L1,L1,,,
249346,L2,L1,L2,L2,L3,L3,L2,L2,L1,C3_1,D3_3,F3_1,L1,L2,,,
249347,L2,L1,L2,L2,L3,L3,L2,L2,L1,C3_1,D3_3,F3_1,L1,L3,,,
249348,L2,L1,L2,L2,L3,L3,L2,L2,L1,C3_1,D3_3,F3_1,L2,L1,,,
249349,L2,L1,L2,L2,L3,L3,L2,L2,L1,C3_1,D3_3,F3_1,L2,L2,,,
249350,L2,L1,L2,L2,L3,L3,L2,L2,L1,C3_1,D3_3,F3_1,L2,L3,,,
249351,L2,L1,L2,L2,L3,L3,L2,L2,L1,C3_1,D3_3,F3_1,L3,L1,,,
249352,L2,L1,L2,L2,L3,L3,L2,L2,L1,C3_1,D3_3,F3_1,L3,L2,,,
249353,L2,L1,L2,L2,L3,L3,L2,L2,L1,C3_1,D3_3,F3_1,L3,L3,,,
249354,L2,L1,L2,L2,L3,L3,L2,L2,L1,C3_1,D3_3,F3_2,L1,L1,,,
249355,L2,L1,L2,L2,L3,L3,L2,L2,L1,C3_1,D3_3,F3_2,L1,L2,,,
249356,L2,L1,L2,L2,L3,L3,L2,L2,L1,C3_1,D3_3,F3_2,L1,L3,,,
249357,L2,L1,L2,L2,L3,L3,L2,L2,L1,C3_1,D3_3,F3_2,L2,L1,,,
249358,L2,L1,L2,L2,L3,L3,L2,L2,L1,C3_1,D3_3,F3_2,L2,L2,,,
249359,L2,L1,L2,L2,L3,L3,L2,L2,L1,C3_1,D3_3,F3_2,L2,L3,,,
249360,L2,L1,L2,L2,L3,L3,L2,L2,L1,C3_1,D3_3,F3_2,L3,L1,,,
249361,L2,L1,L2,L2,L3,L3,L2,L2,L1,C3_1,D3_3,F3_2,L3,L2,,,
249362,L2,L1,L2,L2,L3,L3,L2,L2,L1,C3_1,D3_3,F3_2,L3,L3,,,
249363,L2,L1,L2,L2,L3,L3,L2,L2,L1,C3_1,D3_3,F3_3,L1,L1,,,
249364,L2,L1,L2,L2,L3,L3,L2,L2,L1,C3_1,D3_3,F3_3,L1,L2,,,
249365,L2,L1,L2,L2,L3,L3,L2,L2,L1,C3_1,D3_3,F3_3,L1,L3,,,
249366,L2,L1,L2,L2,L3,L3,L2,L2,L1,C3_1,D3_3,F3_3,L2,L1,,,
249367,L2,L1,L2,L2,L3,L3,L2,L2,L1,C3_1,D3_3,F3_3,L2,L2,,,
249368,L2,L1,L2,L2,L3,L3,L2,L2,L1,C3_1,D3_3,F3_3,L2,L3,,,
249369,L2,L1,L2,L2,L3,L3,L2,L2,L1,C3_1,D3_3,F3_3,L3,L1,,,
249370,L2,L1,L2,L2,L3,L3,L2,L2,L1,C3_1,D3_3,F3_3,L3,L2,,,
249371,L2,L1,L2,L2,L3,L3,L2,L2,L1,C3_1,D3_3,F3_3,L3,L3,,,
249372,L2,L1,L2,L2,L3,L3,L2,L2,L1,C3_2,D3_1,F3_1,L1,L1,,,
249373,L2,L1,L2,L2,L3,L3,L2,L2,L1,C3_2,D3_1,F3_1,L1,L2,,,
249374,L2,L1,L2,L2,L3,L3,L2,L2,L1,C3_2,D3_1,F3_1,L1,L3,,,
249375,L2,L1,L2,L2,L3,L3,L2,L2,L1,C3_2,D3_1,F3_1,L2,L1,,,
249376,L2,L1,L2,L2,L3,L3,L2,L2,L1,C3_2,D3_1,F3_1,L2,L2,,,
249377,L2,L1,L2,L2,L3,L3,L2,L2,L1,C3_2,D3_1,F3_1,L2,L3,,,
249378,L2,L1,L2,L2,L3,L3,L2,L2,L1,C3_2,D3_1,F3_1,L3,L1,,,
249379,L2,L1,L2,L2,L3,L3,L2,L2,L1,C3_2,D3_1,F3_1,L3,L2,,,
249380,L2,L1,L2,L2,L3,L3,L2,L2,L1,C3_2,D3_1,F3_1,L3,L3,,,
249381,L2,L1,L2,L2,L3,L3,L2,L2,L1,C3_2,D3_1,F3_2,L1,L1,,,
249382,L2,L1,L2,L2,L3,L3,L2,L2,L1,C3_2,D3_1,F3_2,L1,L2,,,
249383,L2,L1,L2,L2,L3,L3,L2,L2,L1,C3_2,D3_1,F3_2,L1,L3,,,
249384,L2,L1,L2,L2,L3,L3,L2,L2,L1,C3_2,D3_1,F3_2,L2,L1,,,
249385,L2,L1,L2,L2,L3,L3,L2,L2,L1,C3_2,D3_1,F3_2,L2,L2,,,
249386,L2,L1,L2,L2,L3,L3,L2,L2,L1,C3_2,D3_1,F3_2,L2,L3,,,
249387,L2,L1,L2,L2,L3,L3,L2,L2,L1,C3_2,D3_1,F3_2,L3,L1,,,
249388,L2,L1,L2,L2,L3,L3,L2,L2,L1,C3_2,D3_1,F3_2,L3,L2,,,
249389,L2,L1,L2,L2,L3,L3,L2,L2,L1,C3_2,D3_1,F3_2,L3,L3,,,
249390,L2,L1,L2,L2,L3,L3,L2,L2,L1,C3_2,D3_1,F3_3,L1,L1,,,
249391,L2,L1,L2,L2,L3,L3,L2,L2,L1,C3_2,D3_1,F3_3,L1,L2,,,
249392,L2,L1,L2,L2,L3,L3,L2,L2,L1,C3_2,D3_1,F3_3,L1,L3,,,
249393,L2,L1,L2,L2,L3,L3,L2,L2,L1,C3_2,D3_1,F3_3,L2,L1,,,
249394,L2,L1,L2,L2,L3,L3,L2,L2,L1,C3_2,D3_1,F3_3,L2,L2,,,
249395,L2,L1,L2,L2,L3,L3,L2,L2,L1,C3_2,D3_1,F3_3,L2,L3,,,
249396,L2,L1,L2,L2,L3,L3,L2,L2,L1,C3_2,D3_1,F3_3,L3,L1,,,
249397,L2,L1,L2,L2,L3,L3,L2,L2,L1,C3_2,D3_1,F3_3,L3,L2,,,
249398,L2,L1,L2,L2,L3,L3,L2,L2,L1,C3_2,D3_1,F3_3,L3,L3,,,
249399,L2,L1,L2,L2,L3,L3,L2,L2,L1,C3_2,D3_2,F3_1,L1,L1,,,
249400,L2,L1,L2,L2,L3,L3,L2,L2,L1,C3_2,D3_2,F3_1,L1,L2,,,
249401,L2,L1,L2,L2,L3,L3,L2,L2,L1,C3_2,D3_2,F3_1,L1,L3,,,
249402,L2,L1,L2,L2,L3,L3,L2,L2,L1,C3_2,D3_2,F3_1,L2,L1,,,
249403,L2,L1,L2,L2,L3,L3,L2,L2,L1,C3_2,D3_2,F3_1,L2,L2,,,
249404,L2,L1,L2,L2,L3,L3,L2,L2,L1,C3_2,D3_2,F3_1,L2,L3,,,
249405,L2,L1,L2,L2,L3,L3,L2,L2,L1,C3_2,D3_2,F3_1,L3,L1,,,
249406,L2,L1,L2,L2,L3,L3,L2,L2,L1,C3_2,D3_2,F3_1,L3,L2,,,
249407,L2,L1,L2,L2,L3,L3,L2,L2,L1,C3_2,D3_2,F3_1,L3,L3,,,
249408,L2,L1,L2,L2,L3,L3,L2,L2,L1,C3_2,D3_2,F3_2,L1,L1,,,
249409,L2,L1,L2,L2,L3,L3,L2,L2,L1,C3_2,D3_2,F3_2,L1,L2,,,
249410,L2,L1,L2,L2,L3,L3,L2,L2,L1,C3_2,D3_2,F3_2,L1,L3,,,
249411,L2,L1,L2,L2,L3,L3,L2,L2,L1,C3_2,D3_2,F3_2,L2,L1,,,
249412,L2,L1,L2,L2,L3,L3,L2,L2,L1,C3_2,D3_2,F3_2,L2,L2,,,
249413,L2,L1,L2,L2,L3,L3,L2,L2,L1,C3_2,D3_2,F3_2,L2,L3,,,
249414,L2,L1,L2,L2,L3,L3,L2,L2,L1,C3_2,D3_2,F3_2,L3,L1,,,
249415,L2,L1,L2,L2,L3,L3,L2,L2,L1,C3_2,D3_2,F3_2,L3,L2,,,
249416,L2,L1,L2,L2,L3,L3,L2,L2,L1,C3_2,D3_2,F3_2,L3,L3,,,
249417,L2,L1,L2,L2,L3,L3,L2,L2,L1,C3_2,D3_2,F3_3,L1,L1,,,
249418,L2,L1,L2,L2,L3,L3,L2,L2,L1,C3_2,D3_2,F3_3,L1,L2,,,
249419,L2,L1,L2,L2,L3,L3,L2,L2,L1,C3_2,D3_2,F3_3,L1,L3,,,
249420,L2,L1,L2,L2,L3,L3,L2,L2,L1,C3_2,D3_2,F3_3,L2,L1,,,
249421,L2,L1,L2,L2,L3,L3,L2,L2,L1,C3_2,D3_2,F3_3,L2,L2,,,
249422,L2,L1,L2,L2,L3,L3,L2,L2,L1,C3_2,D3_2,F3_3,L2,L3,,,
249423,L2,L1,L2,L2,L3,L3,L2,L2,L1,C3_2,D3_2,F3_3,L3,L1,,,
249424,L2,L1,L2,L2,L3,L3,L2,L2,L1,C3_2,D3_2,F3_3,L3,L2,,,
249425,L2,L1,L2,L2,L3,L3,L2,L2,L1,C3_2,D3_2,F3_3,L3,L3,,,
249426,L2,L1,L2,L2,L3,L3,L2,L2,L1,C3_2,D3_3,F3_1,L1,L1,,,
249427,L2,L1,L2,L2,L3,L3,L2,L2,L1,C3_2,D3_3,F3_1,L1,L2,,,
249428,L2,L1,L2,L2,L3,L3,L2,L2,L1,C3_2,D3_3,F3_1,L1,L3,,,
249429,L2,L1,L2,L2,L3,L3,L2,L2,L1,C3_2,D3_3,F3_1,L2,L1,,,
249430,L2,L1,L2,L2,L3,L3,L2,L2,L1,C3_2,D3_3,F3_1,L2,L2,,,
249431,L2,L1,L2,L2,L3,L3,L2,L2,L1,C3_2,D3_3,F3_1,L2,L3,,,
249432,L2,L1,L2,L2,L3,L3,L2,L2,L1,C3_2,D3_3,F3_1,L3,L1,,,
249433,L2,L1,L2,L2,L3,L3,L2,L2,L1,C3_2,D3_3,F3_1,L3,L2,,,
249434,L2,L1,L2,L2,L3,L3,L2,L2,L1,C3_2,D3_3,F3_1,L3,L3,,,
249435,L2,L1,L2,L2,L3,L3,L2,L2,L1,C3_2,D3_3,F3_2,L1,L1,,,
249436,L2,L1,L2,L2,L3,L3,L2,L2,L1,C3_2,D3_3,F3_2,L1,L2,,,
249437,L2,L1,L2,L2,L3,L3,L2,L2,L1,C3_2,D3_3,F3_2,L1,L3,,,
249438,L2,L1,L2,L2,L3,L3,L2,L2,L1,C3_2,D3_3,F3_2,L2,L1,,,
249439,L2,L1,L2,L2,L3,L3,L2,L2,L1,C3_2,D3_3,F3_2,L2,L2,,,
249440,L2,L1,L2,L2,L3,L3,L2,L2,L1,C3_2,D3_3,F3_2,L2,L3,,,
249441,L2,L1,L2,L2,L3,L3,L2,L2,L1,C3_2,D3_3,F3_2,L3,L1,,,
249442,L2,L1,L2,L2,L3,L3,L2,L2,L1,C3_2,D3_3,F3_2,L3,L2,,,
249443,L2,L1,L2,L2,L3,L3,L2,L2,L1,C3_2,D3_3,F3_2,L3,L3,,,
249444,L2,L1,L2,L2,L3,L3,L2,L2,L1,C3_2,D3_3,F3_3,L1,L1,,,
249445,L2,L1,L2,L2,L3,L3,L2,L2,L1,C3_2,D3_3,F3_3,L1,L2,,,
249446,L2,L1,L2,L2,L3,L3,L2,L2,L1,C3_2,D3_3,F3_3,L1,L3,,,
249447,L2,L1,L2,L2,L3,L3,L2,L2,L1,C3_2,D3_3,F3_3,L2,L1,,,
249448,L2,L1,L2,L2,L3,L3,L2,L2,L1,C3_2,D3_3,F3_3,L2,L2,,,
249449,L2,L1,L2,L2,L3,L3,L2,L2,L1,C3_2,D3_3,F3_3,L2,L3,,,
249450,L2,L1,L2,L2,L3,L3,L2,L2,L1,C3_2,D3_3,F3_3,L3,L1,,,
249451,L2,L1,L2,L2,L3,L3,L2,L2,L1,C3_2,D3_3,F3_3,L3,L2,,,
249452,L2,L1,L2,L2,L3,L3,L2,L2,L1,C3_2,D3_3,F3_3,L3,L3,,,
249453,L2,L1,L2,L2,L3,L3,L2,L2,L1,C3_3,D3_1,F3_1,L1,L1,,,
249454,L2,L1,L2,L2,L3,L3,L2,L2,L1,C3_3,D3_1,F3_1,L1,L2,,,
249455,L2,L1,L2,L2,L3,L3,L2,L2,L1,C3_3,D3_1,F3_1,L1,L3,,,
249456,L2,L1,L2,L2,L3,L3,L2,L2,L1,C3_3,D3_1,F3_1,L2,L1,,,
249457,L2,L1,L2,L2,L3,L3,L2,L2,L1,C3_3,D3_1,F3_1,L2,L2,,,
249458,L2,L1,L2,L2,L3,L3,L2,L2,L1,C3_3,D3_1,F3_1,L2,L3,,,
249459,L2,L1,L2,L2,L3,L3,L2,L2,L1,C3_3,D3_1,F3_1,L3,L1,,,
249460,L2,L1,L2,L2,L3,L3,L2,L2,L1,C3_3,D3_1,F3_1,L3,L2,,,
249461,L2,L1,L2,L2,L3,L3,L2,L2,L1,C3_3,D3_1,F3_1,L3,L3,,,
249462,L2,L1,L2,L2,L3,L3,L2,L2,L1,C3_3,D3_1,F3_2,L1,L1,,,
249463,L2,L1,L2,L2,L3,L3,L2,L2,L1,C3_3,D3_1,F3_2,L1,L2,,,
249464,L2,L1,L2,L2,L3,L3,L2,L2,L1,C3_3,D3_1,F3_2,L1,L3,,,
249465,L2,L1,L2,L2,L3,L3,L2,L2,L1,C3_3,D3_1,F3_2,L2,L1,,,
249466,L2,L1,L2,L2,L3,L3,L2,L2,L1,C3_3,D3_1,F3_2,L2,L2,,,
249467,L2,L1,L2,L2,L3,L3,L2,L2,L1,C3_3,D3_1,F3_2,L2,L3,,,
249468,L2,L1,L2,L2,L3,L3,L2,L2,L1,C3_3,D3_1,F3_2,L3,L1,,,
249469,L2,L1,L2,L2,L3,L3,L2,L2,L1,C3_3,D3_1,F3_2,L3,L2,,,
249470,L2,L1,L2,L2,L3,L3,L2,L2,L1,C3_3,D3_1,F3_2,L3,L3,,,
249471,L2,L1,L2,L2,L3,L3,L2,L2,L1,C3_3,D3_1,F3_3,L1,L1,,,
249472,L2,L1,L2,L2,L3,L3,L2,L2,L1,C3_3,D3_1,F3_3,L1,L2,,,
249473,L2,L1,L2,L2,L3,L3,L2,L2,L1,C3_3,D3_1,F3_3,L1,L3,,,
249474,L2,L1,L2,L2,L3,L3,L2,L2,L1,C3_3,D3_1,F3_3,L2,L1,,,
249475,L2,L1,L2,L2,L3,L3,L2,L2,L1,C3_3,D3_1,F3_3,L2,L2,,,
249476,L2,L1,L2,L2,L3,L3,L2,L2,L1,C3_3,D3_1,F3_3,L2,L3,,,
249477,L2,L1,L2,L2,L3,L3,L2,L2,L1,C3_3,D3_1,F3_3,L3,L1,,,
249478,L2,L1,L2,L2,L3,L3,L2,L2,L1,C3_3,D3_1,F3_3,L3,L2,,,
249479,L2,L1,L2,L2,L3,L3,L2,L2,L1,C3_3,D3_1,F3_3,L3,L3,,,
249480,L2,L1,L2,L2,L3,L3,L2,L2,L1,C3_3,D3_2,F3_1,L1,L1,,,
249481,L2,L1,L2,L2,L3,L3,L2,L2,L1,C3_3,D3_2,F3_1,L1,L2,,,
249482,L2,L1,L2,L2,L3,L3,L2,L2,L1,C3_3,D3_2,F3_1,L1,L3,,,
249483,L2,L1,L2,L2,L3,L3,L2,L2,L1,C3_3,D3_2,F3_1,L2,L1,,,
249484,L2,L1,L2,L2,L3,L3,L2,L2,L1,C3_3,D3_2,F3_1,L2,L2,,,
249485,L2,L1,L2,L2,L3,L3,L2,L2,L1,C3_3,D3_2,F3_1,L2,L3,,,
249486,L2,L1,L2,L2,L3,L3,L2,L2,L1,C3_3,D3_2,F3_1,L3,L1,,,
249487,L2,L1,L2,L2,L3,L3,L2,L2,L1,C3_3,D3_2,F3_1,L3,L2,,,
249488,L2,L1,L2,L2,L3,L3,L2,L2,L1,C3_3,D3_2,F3_1,L3,L3,,,
249489,L2,L1,L2,L2,L3,L3,L2,L2,L1,C3_3,D3_2,F3_2,L1,L1,,,
249490,L2,L1,L2,L2,L3,L3,L2,L2,L1,C3_3,D3_2,F3_2,L1,L2,,,
249491,L2,L1,L2,L2,L3,L3,L2,L2,L1,C3_3,D3_2,F3_2,L1,L3,,,
249492,L2,L1,L2,L2,L3,L3,L2,L2,L1,C3_3,D3_2,F3_2,L2,L1,,,
249493,L2,L1,L2,L2,L3,L3,L2,L2,L1,C3_3,D3_2,F3_2,L2,L2,,,
249494,L2,L1,L2,L2,L3,L3,L2,L2,L1,C3_3,D3_2,F3_2,L2,L3,,,
249495,L2,L1,L2,L2,L3,L3,L2,L2,L1,C3_3,D3_2,F3_2,L3,L1,,,
249496,L2,L1,L2,L2,L3,L3,L2,L2,L1,C3_3,D3_2,F3_2,L3,L2,,,
249497,L2,L1,L2,L2,L3,L3,L2,L2,L1,C3_3,D3_2,F3_2,L3,L3,,,
249498,L2,L1,L2,L2,L3,L3,L2,L2,L1,C3_3,D3_2,F3_3,L1,L1,,,
249499,L2,L1,L2,L2,L3,L3,L2,L2,L1,C3_3,D3_2,F3_3,L1,L2,,,
249500,L2,L1,L2,L2,L3,L3,L2,L2,L1,C3_3,D3_2,F3_3,L1,L3,,,
249501,L2,L1,L2,L2,L3,L3,L2,L2,L1,C3_3,D3_2,F3_3,L2,L1,,,
249502,L2,L1,L2,L2,L3,L3,L2,L2,L1,C3_3,D3_2,F3_3,L2,L2,,,
249503,L2,L1,L2,L2,L3,L3,L2,L2,L1,C3_3,D3_2,F3_3,L2,L3,,,
249504,L2,L1,L2,L2,L3,L3,L2,L2,L1,C3_3,D3_2,F3_3,L3,L1,,,
249505,L2,L1,L2,L2,L3,L3,L2,L2,L1,C3_3,D3_2,F3_3,L3,L2,,,
249506,L2,L1,L2,L2,L3,L3,L2,L2,L1,C3_3,D3_2,F3_3,L3,L3,,,
249507,L2,L1,L2,L2,L3,L3,L2,L2,L1,C3_3,D3_3,F3_1,L1,L1,,,
249508,L2,L1,L2,L2,L3,L3,L2,L2,L1,C3_3,D3_3,F3_1,L1,L2,,,
249509,L2,L1,L2,L2,L3,L3,L2,L2,L1,C3_3,D3_3,F3_1,L1,L3,,,
249510,L2,L1,L2,L2,L3,L3,L2,L2,L1,C3_3,D3_3,F3_1,L2,L1,,,
249511,L2,L1,L2,L2,L3,L3,L2,L2,L1,C3_3,D3_3,F3_1,L2,L2,,,
249512,L2,L1,L2,L2,L3,L3,L2,L2,L1,C3_3,D3_3,F3_1,L2,L3,,,
249513,L2,L1,L2,L2,L3,L3,L2,L2,L1,C3_3,D3_3,F3_1,L3,L1,,,
249514,L2,L1,L2,L2,L3,L3,L2,L2,L1,C3_3,D3_3,F3_1,L3,L2,,,
249515,L2,L1,L2,L2,L3,L3,L2,L2,L1,C3_3,D3_3,F3_1,L3,L3,,,
249516,L2,L1,L2,L2,L3,L3,L2,L2,L1,C3_3,D3_3,F3_2,L1,L1,,,
249517,L2,L1,L2,L2,L3,L3,L2,L2,L1,C3_3,D3_3,F3_2,L1,L2,,,
249518,L2,L1,L2,L2,L3,L3,L2,L2,L1,C3_3,D3_3,F3_2,L1,L3,,,
249519,L2,L1,L2,L2,L3,L3,L2,L2,L1,C3_3,D3_3,F3_2,L2,L1,,,
249520,L2,L1,L2,L2,L3,L3,L2,L2,L1,C3_3,D3_3,F3_2,L2,L2,,,
249521,L2,L1,L2,L2,L3,L3,L2,L2,L1,C3_3,D3_3,F3_2,L2,L3,,,
249522,L2,L1,L2,L2,L3,L3,L2,L2,L1,C3_3,D3_3,F3_2,L3,L1,,,
249523,L2,L1,L2,L2,L3,L3,L2,L2,L1,C3_3,D3_3,F3_2,L3,L2,,,
249524,L2,L1,L2,L2,L3,L3,L2,L2,L1,C3_3,D3_3,F3_2,L3,L3,,,
249525,L2,L1,L2,L2,L3,L3,L2,L2,L1,C3_3,D3_3,F3_3,L1,L1,,,
249526,L2,L1,L2,L2,L3,L3,L2,L2,L1,C3_3,D3_3,F3_3,L1,L2,,,
249527,L2,L1,L2,L2,L3,L3,L2,L2,L1,C3_3,D3_3,F3_3,L1,L3,,,
249528,L2,L1,L2,L2,L3,L3,L2,L2,L1,C3_3,D3_3,F3_3,L2,L1,,,
249529,L2,L1,L2,L2,L3,L3,L2,L2,L1,C3_3,D3_3,F3_3,L2,L2,,,
249530,L2,L1,L2,L2,L3,L3,L2,L2,L1,C3_3,D3_3,F3_3,L2,L3,,,
249531,L2,L1,L2,L2,L3,L3,L2,L2,L1,C3_3,D3_3,F3_3,L3,L1,,,
249532,L2,L1,L2,L2,L3,L3,L2,L2,L1,C3_3,D3_3,F3_3,L3,L2,,,
249533,L2,L1,L2,L2,L3,L3,L2,L2,L1,C3_3,D3_3,F3_3,L3,L3,,,
251100,L2,L1,L1,L3,L3,L3,L2,L2,L1,C3_1,D3_1,F3_1,L1,L1,,,
251101,L2,L1,L1,L3,L3,L3,L2,L2,L1,C3_1,D3_1,F3_1,L1,L2,,,
251102,L2,L1,L1,L3,L3,L3,L2,L2,L1,C3_1,D3_1,F3_1,L1,L3,,,
251103,L2,L1,L1,L3,L3,L3,L2,L2,L1,C3_1,D3_1,F3_1,L2,L1,,,
251104,L2,L1,L1,L3,L3,L3,L2,L2,L1,C3_1,D3_1,F3_1,L2,L2,,,
251105,L2,L1,L1,L3,L3,L3,L2,L2,L1,C3_1,D3_1,F3_1,L2,L3,,,
251106,L2,L1,L1,L3,L3,L3,L2,L2,L1,C3_1,D3_1,F3_1,L3,L1,,,
251107,L2,L1,L1,L3,L3,L3,L2,L2,L1,C3_1,D3_1,F3_1,L3,L2,,,
251108,L2,L1,L1,L3,L3,L3,L2,L2,L1,C3_1,D3_1,F3_1,L3,L3,,,
251109,L2,L1,L1,L3,L3,L3,L2,L2,L1,C3_1,D3_1,F3_2,L1,L1,,,
251110,L2,L1,L1,L3,L3,L3,L2,L2,L1,C3_1,D3_1,F3_2,L1,L2,,,
251111,L2,L1,L1,L3,L3,L3,L2,L2,L1,C3_1,D3_1,F3_2,L1,L3,,,
251112,L2,L1,L1,L3,L3,L3,L2,L2,L1,C3_1,D3_1,F3_2,L2,L1,,,
251113,L2,L1,L1,L3,L3,L3,L2,L2,L1,C3_1,D3_1,F3_2,L2,L2,,,
251114,L2,L1,L1,L3,L3,L3,L2,L2,L1,C3_1,D3_1,F3_2,L2,L3,,,
251115,L2,L1,L1,L3,L3,L3,L2,L2,L1,C3_1,D3_1,F3_2,L3,L1,,,
251116,L2,L1,L1,L3,L3,L3,L2,L2,L1,C3_1,D3_1,F3_2,L3,L2,,,
251117,L2,L1,L1,L3,L3,L3,L2,L2,L1,C3_1,D3_1,F3_2,L3,L3,,,
251118,L2,L1,L1,L3,L3,L3,L2,L2,L1,C3_1,D3_1,F3_3,L1,L1,,,
251119,L2,L1,L1,L3,L3,L3,L2,L2,L1,C3_1,D3_1,F3_3,L1,L2,,,
251120,L2,L1,L1,L3,L3,L3,L2,L2,L1,C3_1,D3_1,F3_3,L1,L3,,,
251121,L2,L1,L1,L3,L3,L3,L2,L2,L1,C3_1,D3_1,F3_3,L2,L1,,,
251122,L2,L1,L1,L3,L3,L3,L2,L2,L1,C3_1,D3_1,F3_3,L2,L2,,,
251123,L2,L1,L1,L3,L3,L3,L2,L2,L1,C3_1,D3_1,F3_3,L2,L3,,,
251124,L2,L1,L1,L3,L3,L3,L2,L2,L1,C3_1,D3_1,F3_3,L3,L1,,,
251125,L2,L1,L1,L3,L3,L3,L2,L2,L1,C3_1,D3_1,F3_3,L3,L2,,,
251126,L2,L1,L1,L3,L3,L3,L2,L2,L1,C3_1,D3_1,F3_3,L3,L3,,,
251127,L2,L1,L1,L3,L3,L3,L2,L2,L1,C3_1,D3_2,F3_1,L1,L1,,,
251128,L2,L1,L1,L3,L3,L3,L2,L2,L1,C3_1,D3_2,F3_1,L1,L2,,,
251129,L2,L1,L1,L3,L3,L3,L2,L2,L1,C3_1,D3_2,F3_1,L1,L3,,,
251130,L2,L1,L1,L3,L3,L3,L2,L2,L1,C3_1,D3_2,F3_1,L2,L1,,,
251131,L2,L1,L1,L3,L3,L3,L2,L2,L1,C3_1,D3_2,F3_1,L2,L2,,,
251132,L2,L1,L1,L3,L3,L3,L2,L2,L1,C3_1,D3_2,F3_1,L2,L3,,,
251133,L2,L1,L1,L3,L3,L3,L2,L2,L1,C3_1,D3_2,F3_1,L3,L1,,,
251134,L2,L1,L1,L3,L3,L3,L2,L2,L1,C3_1,D3_2,F3_1,L3,L2,,,
251135,L2,L1,L1,L3,L3,L3,L2,L2,L1,C3_1,D3_2,F3_1,L3,L3,,,
251136,L2,L1,L1,L3,L3,L3,L2,L2,L1,C3_1,D3_2,F3_2,L1,L1,,,
251137,L2,L1,L1,L3,L3,L3,L2,L2,L1,C3_1,D3_2,F3_2,L1,L2,,,
251138,L2,L1,L1,L3,L3,L3,L2,L2,L1,C3_1,D3_2,F3_2,L1,L3,,,
251139,L2,L1,L1,L3,L3,L3,L2,L2,L1,C3_1,D3_2,F3_2,L2,L1,,,
251140,L2,L1,L1,L3,L3,L3,L2,L2,L1,C3_1,D3_2,F3_2,L2,L2,,,
251141,L2,L1,L1,L3,L3,L3,L2,L2,L1,C3_1,D3_2,F3_2,L2,L3,,,
251142,L2,L1,L1,L3,L3,L3,L2,L2,L1,C3_1,D3_2,F3_2,L3,L1,,,
251143,L2,L1,L1,L3,L3,L3,L2,L2,L1,C3_1,D3_2,F3_2,L3,L2,,,
251144,L2,L1,L1,L3,L3,L3,L2,L2,L1,C3_1,D3_2,F3_2,L3,L3,,,
251145,L2,L1,L1,L3,L3,L3,L2,L2,L1,C3_1,D3_2,F3_3,L1,L1,,,
251146,L2,L1,L1,L3,L3,L3,L2,L2,L1,C3_1,D3_2,F3_3,L1,L2,,,
251147,L2,L1,L1,L3,L3,L3,L2,L2,L1,C3_1,D3_2,F3_3,L1,L3,,,
251148,L2,L1,L1,L3,L3,L3,L2,L2,L1,C3_1,D3_2,F3_3,L2,L1,,,
251149,L2,L1,L1,L3,L3,L3,L2,L2,L1,C3_1,D3_2,F3_3,L2,L2,,,
251150,L2,L1,L1,L3,L3,L3,L2,L2,L1,C3_1,D3_2,F3_3,L2,L3,,,
251151,L2,L1,L1,L3,L3,L3,L2,L2,L1,C3_1,D3_2,F3_3,L3,L1,,,
251152,L2,L1,L1,L3,L3,L3,L2,L2,L1,C3_1,D3_2,F3_3,L3,L2,,,
251153,L2,L1,L1,L3,L3,L3,L2,L2,L1,C3_1,D3_2,F3_3,L3,L3,,,
251154,L2,L1,L1,L3,L3,L3,L2,L2,L1,C3_1,D3_3,F3_1,L1,L1,,,
251155,L2,L1,L1,L3,L3,L3,L2,L2,L1,C3_1,D3_3,F3_1,L1,L2,,,
251156,L2,L1,L1,L3,L3,L3,L2,L2,L1,C3_1,D3_3,F3_1,L1,L3,,,
251157,L2,L1,L1,L3,L3,L3,L2,L2,L1,C3_1,D3_3,F3_1,L2,L1,,,
251158,L2,L1,L1,L3,L3,L3,L2,L2,L1,C3_1,D3_3,F3_1,L2,L2,,,
251159,L2,L1,L1,L3,L3,L3,L2,L2,L1,C3_1,D3_3,F3_1,L2,L3,,,
251160,L2,L1,L1,L3,L3,L3,L2,L2,L1,C3_1,D3_3,F3_1,L3,L1,,,
251161,L2,L1,L1,L3,L3,L3,L2,L2,L1,C3_1,D3_3,F3_1,L3,L2,,,
251162,L2,L1,L1,L3,L3,L3,L2,L2,L1,C3_1,D3_3,F3_1,L3,L3,,,
251163,L2,L1,L1,L3,L3,L3,L2,L2,L1,C3_1,D3_3,F3_2,L1,L1,,,
251164,L2,L1,L1,L3,L3,L3,L2,L2,L1,C3_1,D3_3,F3_2,L1,L2,,,
251165,L2,L1,L1,L3,L3,L3,L2,L2,L1,C3_1,D3_3,F3_2,L1,L3,,,
251166,L2,L1,L1,L3,L3,L3,L2,L2,L1,C3_1,D3_3,F3_2,L2,L1,,,
251167,L2,L1,L1,L3,L3,L3,L2,L2,L1,C3_1,D3_3,F3_2,L2,L2,,,
251168,L2,L1,L1,L3,L3,L3,L2,L2,L1,C3_1,D3_3,F3_2,L2,L3,,,
251169,L2,L1,L1,L3,L3,L3,L2,L2,L1,C3_1,D3_3,F3_2,L3,L1,,,
251170,L2,L1,L1,L3,L3,L3,L2,L2,L1,C3_1,D3_3,F3_2,L3,L2,,,
251171,L2,L1,L1,L3,L3,L3,L2,L2,L1,C3_1,D3_3,F3_2,L3,L3,,,
251172,L2,L1,L1,L3,L3,L3,L2,L2,L1,C3_1,D3_3,F3_3,L1,L1,,,
251173,L2,L1,L1,L3,L3,L3,L2,L2,L1,C3_1,D3_3,F3_3,L1,L2,,,
251174,L2,L1,L1,L3,L3,L3,L2,L2,L1,C3_1,D3_3,F3_3,L1,L3,,,
251175,L2,L1,L1,L3,L3,L3,L2,L2,L1,C3_1,D3_3,F3_3,L2,L1,,,
251176,L2,L1,L1,L3,L3,L3,L2,L2,L1,C3_1,D3_3,F3_3,L2,L2,,,
251177,L2,L1,L1,L3,L3,L3,L2,L2,L1,C3_1,D3_3,F3_3,L2,L3,,,
251178,L2,L1,L1,L3,L3,L3,L2,L2,L1,C3_1,D3_3,F3_3,L3,L1,,,
251179,L2,L1,L1,L3,L3,L3,L2,L2,L1,C3_1,D3_3,F3_3,L3,L2,,,
251180,L2,L1,L1,L3,L3,L3,L2,L2,L1,C3_1,D3_3,F3_3,L3,L3,,,
251181,L2,L1,L1,L3,L3,L3,L2,L2,L1,C3_2,D3_1,F3_1,L1,L1,,,
251182,L2,L1,L1,L3,L3,L3,L2,L2,L1,C3_2,D3_1,F3_1,L1,L2,,,
251183,L2,L1,L1,L3,L3,L3,L2,L2,L1,C3_2,D3_1,F3_1,L1,L3,,,
251184,L2,L1,L1,L3,L3,L3,L2,L2,L1,C3_2,D3_1,F3_1,L2,L1,,,
251185,L2,L1,L1,L3,L3,L3,L2,L2,L1,C3_2,D3_1,F3_1,L2,L2,,,
251186,L2,L1,L1,L3,L3,L3,L2,L2,L1,C3_2,D3_1,F3_1,L2,L3,,,
251187,L2,L1,L1,L3,L3,L3,L2,L2,L1,C3_2,D3_1,F3_1,L3,L1,,,
251188,L2,L1,L1,L3,L3,L3,L2,L2,L1,C3_2,D3_1,F3_1,L3,L2,,,
251189,L2,L1,L1,L3,L3,L3,L2,L2,L1,C3_2,D3_1,F3_1,L3,L3,,,
251190,L2,L1,L1,L3,L3,L3,L2,L2,L1,C3_2,D3_1,F3_2,L1,L1,,,
251191,L2,L1,L1,L3,L3,L3,L2,L2,L1,C3_2,D3_1,F3_2,L1,L2,,,
251192,L2,L1,L1,L3,L3,L3,L2,L2,L1,C3_2,D3_1,F3_2,L1,L3,,,
251193,L2,L1,L1,L3,L3,L3,L2,L2,L1,C3_2,D3_1,F3_2,L2,L1,,,
251194,L2,L1,L1,L3,L3,L3,L2,L2,L1,C3_2,D3_1,F3_2,L2,L2,,,
251195,L2,L1,L1,L3,L3,L3,L2,L2,L1,C3_2,D3_1,F3_2,L2,L3,,,
251196,L2,L1,L1,L3,L3,L3,L2,L2,L1,C3_2,D3_1,F3_2,L3,L1,,,
251197,L2,L1,L1,L3,L3,L3,L2,L2,L1,C3_2,D3_1,F3_2,L3,L2,,,
251198,L2,L1,L1,L3,L3,L3,L2,L2,L1,C3_2,D3_1,F3_2,L3,L3,,,
251199,L2,L1,L1,L3,L3,L3,L2,L2,L1,C3_2,D3_1,F3_3,L1,L1,,,
251200,L2,L1,L1,L3,L3,L3,L2,L2,L1,C3_2,D3_1,F3_3,L1,L2,,,
251201,L2,L1,L1,L3,L3,L3,L2,L2,L1,C3_2,D3_1,F3_3,L1,L3,,,
251202,L2,L1,L1,L3,L3,L3,L2,L2,L1,C3_2,D3_1,F3_3,L2,L1,,,
251203,L2,L1,L1,L3,L3,L3,L2,L2,L1,C3_2,D3_1,F3_3,L2,L2,,,
251204,L2,L1,L1,L3,L3,L3,L2,L2,L1,C3_2,D3_1,F3_3,L2,L3,,,
251205,L2,L1,L1,L3,L3,L3,L2,L2,L1,C3_2,D3_1,F3_3,L3,L1,,,
251206,L2,L1,L1,L3,L3,L3,L2,L2,L1,C3_2,D3_1,F3_3,L3,L2,,,
251207,L2,L1,L1,L3,L3,L3,L2,L2,L1,C3_2,D3_1,F3_3,L3,L3,,,
251208,L2,L1,L1,L3,L3,L3,L2,L2,L1,C3_2,D3_2,F3_1,L1,L1,,,
251209,L2,L1,L1,L3,L3,L3,L2,L2,L1,C3_2,D3_2,F3_1,L1,L2,,,
251210,L2,L1,L1,L3,L3,L3,L2,L2,L1,C3_2,D3_2,F3_1,L1,L3,,,
251211,L2,L1,L1,L3,L3,L3,L2,L2,L1,C3_2,D3_2,F3_1,L2,L1,,,
251212,L2,L1,L1,L3,L3,L3,L2,L2,L1,C3_2,D3_2,F3_1,L2,L2,,,
251213,L2,L1,L1,L3,L3,L3,L2,L2,L1,C3_2,D3_2,F3_1,L2,L3,,,
251214,L2,L1,L1,L3,L3,L3,L2,L2,L1,C3_2,D3_2,F3_1,L3,L1,,,
251215,L2,L1,L1,L3,L3,L3,L2,L2,L1,C3_2,D3_2,F3_1,L3,L2,,,
251216,L2,L1,L1,L3,L3,L3,L2,L2,L1,C3_2,D3_2,F3_1,L3,L3,,,
251217,L2,L1,L1,L3,L3,L3,L2,L2,L1,C3_2,D3_2,F3_2,L1,L1,,,
251218,L2,L1,L1,L3,L3,L3,L2,L2,L1,C3_2,D3_2,F3_2,L1,L2,,,
251219,L2,L1,L1,L3,L3,L3,L2,L2,L1,C3_2,D3_2,F3_2,L1,L3,,,
251220,L2,L1,L1,L3,L3,L3,L2,L2,L1,C3_2,D3_2,F3_2,L2,L1,,,
251221,L2,L1,L1,L3,L3,L3,L2,L2,L1,C3_2,D3_2,F3_2,L2,L2,,,
251222,L2,L1,L1,L3,L3,L3,L2,L2,L1,C3_2,D3_2,F3_2,L2,L3,,,
251223,L2,L1,L1,L3,L3,L3,L2,L2,L1,C3_2,D3_2,F3_2,L3,L1,,,
251224,L2,L1,L1,L3,L3,L3,L2,L2,L1,C3_2,D3_2,F3_2,L3,L2,,,
251225,L2,L1,L1,L3,L3,L3,L2,L2,L1,C3_2,D3_2,F3_2,L3,L3,,,
251226,L2,L1,L1,L3,L3,L3,L2,L2,L1,C3_2,D3_2,F3_3,L1,L1,,,
251227,L2,L1,L1,L3,L3,L3,L2,L2,L1,C3_2,D3_2,F3_3,L1,L2,,,
251228,L2,L1,L1,L3,L3,L3,L2,L2,L1,C3_2,D3_2,F3_3,L1,L3,,,
251229,L2,L1,L1,L3,L3,L3,L2,L2,L1,C3_2,D3_2,F3_3,L2,L1,,,
251230,L2,L1,L1,L3,L3,L3,L2,L2,L1,C3_2,D3_2,F3_3,L2,L2,,,
251231,L2,L1,L1,L3,L3,L3,L2,L2,L1,C3_2,D3_2,F3_3,L2,L3,,,
251232,L2,L1,L1,L3,L3,L3,L2,L2,L1,C3_2,D3_2,F3_3,L3,L1,,,
251233,L2,L1,L1,L3,L3,L3,L2,L2,L1,C3_2,D3_2,F3_3,L3,L2,,,
251234,L2,L1,L1,L3,L3,L3,L2,L2,L1,C3_2,D3_2,F3_3,L3,L3,,,
251235,L2,L1,L1,L3,L3,L3,L2,L2,L1,C3_2,D3_3,F3_1,L1,L1,,,
251236,L2,L1,L1,L3,L3,L3,L2,L2,L1,C3_2,D3_3,F3_1,L1,L2,,,
251237,L2,L1,L1,L3,L3,L3,L2,L2,L1,C3_2,D3_3,F3_1,L1,L3,,,
251238,L2,L1,L1,L3,L3,L3,L2,L2,L1,C3_2,D3_3,F3_1,L2,L1,,,
251239,L2,L1,L1,L3,L3,L3,L2,L2,L1,C3_2,D3_3,F3_1,L2,L2,,,
251240,L2,L1,L1,L3,L3,L3,L2,L2,L1,C3_2,D3_3,F3_1,L2,L3,,,
251241,L2,L1,L1,L3,L3,L3,L2,L2,L1,C3_2,D3_3,F3_1,L3,L1,,,
251242,L2,L1,L1,L3,L3,L3,L2,L2,L1,C3_2,D3_3,F3_1,L3,L2,,,
251243,L2,L1,L1,L3,L3,L3,L2,L2,L1,C3_2,D3_3,F3_1,L3,L3,,,
251244,L2,L1,L1,L3,L3,L3,L2,L2,L1,C3_2,D3_3,F3_2,L1,L1,,,
251245,L2,L1,L1,L3,L3,L3,L2,L2,L1,C3_2,D3_3,F3_2,L1,L2,,,
251246,L2,L1,L1,L3,L3,L3,L2,L2,L1,C3_2,D3_3,F3_2,L1,L3,,,
251247,L2,L1,L1,L3,L3,L3,L2,L2,L1,C3_2,D3_3,F3_2,L2,L1,,,
251248,L2,L1,L1,L3,L3,L3,L2,L2,L1,C3_2,D3_3,F3_2,L2,L2,,,
251249,L2,L1,L1,L3,L3,L3,L2,L2,L1,C3_2,D3_3,F3_2,L2,L3,,,
251250,L2,L1,L1,L3,L3,L3,L2,L2,L1,C3_2,D3_3,F3_2,L3,L1,,,
251251,L2,L1,L1,L3,L3,L3,L2,L2,L1,C3_2,D3_3,F3_2,L3,L2,,,
251252,L2,L1,L1,L3,L3,L3,L2,L2,L1,C3_2,D3_3,F3_2,L3,L3,,,
251253,L2,L1,L1,L3,L3,L3,L2,L2,L1,C3_2,D3_3,F3_3,L1,L1,,,
251254,L2,L1,L1,L3,L3,L3,L2,L2,L1,C3_2,D3_3,F3_3,L1,L2,,,
251255,L2,L1,L1,L3,L3,L3,L2,L2,L1,C3_2,D3_3,F3_3,L1,L3,,,
251256,L2,L1,L1,L3,L3,L3,L2,L2,L1,C3_2,D3_3,F3_3,L2,L1,,,
251257,L2,L1,L1,L3,L3,L3,L2,L2,L1,C3_2,D3_3,F3_3,L2,L2,,,
251258,L2,L1,L1,L3,L3,L3,L2,L2,L1,C3_2,D3_3,F3_3,L2,L3,,,
251259,L2,L1,L1,L3,L3,L3,L2,L2,L1,C3_2,D3_3,F3_3,L3,L1,,,
251260,L2,L1,L1,L3,L3,L3,L2,L2,L1,C3_2,D3_3,F3_3,L3,L2,,,
251261,L2,L1,L1,L3,L3,L3,L2,L2,L1,C3_2,D3_3,F3_3,L3,L3,,,
251262,L2,L1,L1,L3,L3,L3,L2,L2,L1,C3_3,D3_1,F3_1,L1,L1,,,
251263,L2,L1,L1,L3,L3,L3,L2,L2,L1,C3_3,D3_1,F3_1,L1,L2,,,
251264,L2,L1,L1,L3,L3,L3,L2,L2,L1,C3_3,D3_1,F3_1,L1,L3,,,
251265,L2,L1,L1,L3,L3,L3,L2,L2,L1,C3_3,D3_1,F3_1,L2,L1,,,
251266,L2,L1,L1,L3,L3,L3,L2,L2,L1,C3_3,D3_1,F3_1,L2,L2,,,
251267,L2,L1,L1,L3,L3,L3,L2,L2,L1,C3_3,D3_1,F3_1,L2,L3,,,
251268,L2,L1,L1,L3,L3,L3,L2,L2,L1,C3_3,D3_1,F3_1,L3,L1,,,
251269,L2,L1,L1,L3,L3,L3,L2,L2,L1,C3_3,D3_1,F3_1,L3,L2,,,
251270,L2,L1,L1,L3,L3,L3,L2,L2,L1,C3_3,D3_1,F3_1,L3,L3,,,
251271,L2,L1,L1,L3,L3,L3,L2,L2,L1,C3_3,D3_1,F3_2,L1,L1,,,
251272,L2,L1,L1,L3,L3,L3,L2,L2,L1,C3_3,D3_1,F3_2,L1,L2,,,
251273,L2,L1,L1,L3,L3,L3,L2,L2,L1,C3_3,D3_1,F3_2,L1,L3,,,
251274,L2,L1,L1,L3,L3,L3,L2,L2,L1,C3_3,D3_1,F3_2,L2,L1,,,
251275,L2,L1,L1,L3,L3,L3,L2,L2,L1,C3_3,D3_1,F3_2,L2,L2,,,
251276,L2,L1,L1,L3,L3,L3,L2,L2,L1,C3_3,D3_1,F3_2,L2,L3,,,
251277,L2,L1,L1,L3,L3,L3,L2,L2,L1,C3_3,D3_1,F3_2,L3,L1,,,
251278,L2,L1,L1,L3,L3,L3,L2,L2,L1,C3_3,D3_1,F3_2,L3,L2,,,
251279,L2,L1,L1,L3,L3,L3,L2,L2,L1,C3_3,D3_1,F3_2,L3,L3,,,
251280,L2,L1,L1,L3,L3,L3,L2,L2,L1,C3_3,D3_1,F3_3,L1,L1,,,
251281,L2,L1,L1,L3,L3,L3,L2,L2,L1,C3_3,D3_1,F3_3,L1,L2,,,
251282,L2,L1,L1,L3,L3,L3,L2,L2,L1,C3_3,D3_1,F3_3,L1,L3,,,
251283,L2,L1,L1,L3,L3,L3,L2,L2,L1,C3_3,D3_1,F3_3,L2,L1,,,
251284,L2,L1,L1,L3,L3,L3,L2,L2,L1,C3_3,D3_1,F3_3,L2,L2,,,
251285,L2,L1,L1,L3,L3,L3,L2,L2,L1,C3_3,D3_1,F3_3,L2,L3,,,
251286,L2,L1,L1,L3,L3,L3,L2,L2,L1,C3_3,D3_1,F3_3,L3,L1,,,
251287,L2,L1,L1,L3,L3,L3,L2,L2,L1,C3_3,D3_1,F3_3,L3,L2,,,
251288,L2,L1,L1,L3,L3,L3,L2,L2,L1,C3_3,D3_1,F3_3,L3,L3,,,
251289,L2,L1,L1,L3,L3,L3,L2,L2,L1,C3_3,D3_2,F3_1,L1,L1,,,
251290,L2,L1,L1,L3,L3,L3,L2,L2,L1,C3_3,D3_2,F3_1,L1,L2,,,
251291,L2,L1,L1,L3,L3,L3,L2,L2,L1,C3_3,D3_2,F3_1,L1,L3,,,
251292,L2,L1,L1,L3,L3,L3,L2,L2,L1,C3_3,D3_2,F3_1,L2,L1,,,
251293,L2,L1,L1,L3,L3,L3,L2,L2,L1,C3_3,D3_2,F3_1,L2,L2,,,
251294,L2,L1,L1,L3,L3,L3,L2,L2,L1,C3_3,D3_2,F3_1,L2,L3,,,
251295,L2,L1,L1,L3,L3,L3,L2,L2,L1,C3_3,D3_2,F3_1,L3,L1,,,
251296,L2,L1,L1,L3,L3,L3,L2,L2,L1,C3_3,D3_2,F3_1,L3,L2,,,
251297,L2,L1,L1,L3,L3,L3,L2,L2,L1,C3_3,D3_2,F3_1,L3,L3,,,
251298,L2,L1,L1,L3,L3,L3,L2,L2,L1,C3_3,D3_2,F3_2,L1,L1,,,
251299,L2,L1,L1,L3,L3,L3,L2,L2,L1,C3_3,D3_2,F3_2,L1,L2,,,
251300,L2,L1,L1,L3,L3,L3,L2,L2,L1,C3_3,D3_2,F3_2,L1,L3,,,
251301,L2,L1,L1,L3,L3,L3,L2,L2,L1,C3_3,D3_2,F3_2,L2,L1,,,
251302,L2,L1,L1,L3,L3,L3,L2,L2,L1,C3_3,D3_2,F3_2,L2,L2,,,
251303,L2,L1,L1,L3,L3,L3,L2,L2,L1,C3_3,D3_2,F3_2,L2,L3,,,
251304,L2,L1,L1,L3,L3,L3,L2,L2,L1,C3_3,D3_2,F3_2,L3,L1,,,
251305,L2,L1,L1,L3,L3,L3,L2,L2,L1,C3_3,D3_2,F3_2,L3,L2,,,
251306,L2,L1,L1,L3,L3,L3,L2,L2,L1,C3_3,D3_2,F3_2,L3,L3,,,
251307,L2,L1,L1,L3,L3,L3,L2,L2,L1,C3_3,D3_2,F3_3,L1,L1,,,
251308,L2,L1,L1,L3,L3,L3,L2,L2,L1,C3_3,D3_2,F3_3,L1,L2,,,
251309,L2,L1,L1,L3,L3,L3,L2,L2,L1,C3_3,D3_2,F3_3,L1,L3,,,
251310,L2,L1,L1,L3,L3,L3,L2,L2,L1,C3_3,D3_2,F3_3,L2,L1,,,
251311,L2,L1,L1,L3,L3,L3,L2,L2,L1,C3_3,D3_2,F3_3,L2,L2,,,
251312,L2,L1,L1,L3,L3,L3,L2,L2,L1,C3_3,D3_2,F3_3,L2,L3,,,
251313,L2,L1,L1,L3,L3,L3,L2,L2,L1,C3_3,D3_2,F3_3,L3,L1,,,
251314,L2,L1,L1,L3,L3,L3,L2,L2,L1,C3_3,D3_2,F3_3,L3,L2,,,
251315,L2,L1,L1,L3,L3,L3,L2,L2,L1,C3_3,D3_2,F3_3,L3,L3,,,
251316,L2,L1,L1,L3,L3,L3,L2,L2,L1,C3_3,D3_3,F3_1,L1,L1,,,
251317,L2,L1,L1,L3,L3,L3,L2,L2,L1,C3_3,D3_3,F3_1,L1,L2,,,
251318,L2,L1,L1,L3,L3,L3,L2,L2,L1,C3_3,D3_3,F3_1,L1,L3,,,
251319,L2,L1,L1,L3,L3,L3,L2,L2,L1,C3_3,D3_3,F3_1,L2,L1,,,
251320,L2,L1,L1,L3,L3,L3,L2,L2,L1,C3_3,D3_3,F3_1,L2,L2,,,
251321,L2,L1,L1,L3,L3,L3,L2,L2,L1,C3_3,D3_3,F3_1,L2,L3,,,
251322,L2,L1,L1,L3,L3,L3,L2,L2,L1,C3_3,D3_3,F3_1,L3,L1,,,
251323,L2,L1,L1,L3,L3,L3,L2,L2,L1,C3_3,D3_3,F3_1,L3,L2,,,
251324,L2,L1,L1,L3,L3,L3,L2,L2,L1,C3_3,D3_3,F3_1,L3,L3,,,
251325,L2,L1,L1,L3,L3,L3,L2,L2,L1,C3_3,D3_3,F3_2,L1,L1,,,
251326,L2,L1,L1,L3,L3,L3,L2,L2,L1,C3_3,D3_3,F3_2,L1,L2,,,
251327,L2,L1,L1,L3,L3,L3,L2,L2,L1,C3_3,D3_3,F3_2,L1,L3,,,
251328,L2,L1,L1,L3,L3,L3,L2,L2,L1,C3_3,D3_3,F3_2,L2,L1,,,
251329,L2,L1,L1,L3,L3,L3,L2,L2,L1,C3_3,D3_3,F3_2,L2,L2,,,
251330,L2,L1,L1,L3,L3,L3,L2,L2,L1,C3_3,D3_3,F3_2,L2,L3,,,
251331,L2,L1,L1,L3,L3,L3,L2,L2,L1,C3_3,D3_3,F3_2,L3,L1,,,
251332,L2,L1,L1,L3,L3,L3,L2,L2,L1,C3_3,D3_3,F3_2,L3,L2,,,
251333,L2,L1,L1,L3,L3,L3,L2,L2,L1,C3_3,D3_3,F3_2,L3,L3,,,
251334,L2,L1,L1,L3,L3,L3,L2,L2,L1,C3_3,D3_3,F3_3,L1,L1,,,
251335,L2,L1,L1,L3,L3,L3,L2,L2,L1,C3_3,D3_3,F3_3,L1,L2,,,
251336,L2,L1,L1,L3,L3,L3,L2,L2,L1,C3_3,D3_3,F3_3,L1,L3,,,
251337,L2,L1,L1,L3,L3,L3,L2,L2,L1,C3_3,D3_3,F3_3,L2,L1,,,
251338,L2,L1,L1,L3,L3,L3,L2,L2,L1,C3_3,D3_3,F3_3,L2,L2,,,
251339,L2,L1,L1,L3,L3,L3,L2,L2,L1,C3_3,D3_3,F3_3,L2,L3,,,
251340,L2,L1,L1,L3,L3,L3,L2,L2,L1,C3_3,D3_3,F3_3,L3,L1,,,
251341,L2,L1,L1,L3,L3,L3,L2,L2,L1,C3_3,D3_3,F3_3,L3,L2,,,
251342,L2,L1,L1,L3,L3,L3,L2,L2,L1,C3_3,D3_3,F3_3,L3,L3,,,
266868,L1,L3,L2,L3,L1,L3,L2,L2,L1,C3_1,D3_1,F3_1,L1,L1,,,
266869,L1,L3,L2,L3,L1,L3,L2,L2,L1,C3_1,D3_1,F3_1,L1,L2,,,
266870,L1,L3,L2,L3,L1,L3,L2,L2,L1,C3_1,D3_1,F3_1,L1,L3,,,
266871,L1,L3,L2,L3,L1,L3,L2,L2,L1,C3_1,D3_1,F3_1,L2,L1,,,
266872,L1,L3,L2,L3,L1,L3,L2,L2,L1,C3_1,D3_1,F3_1,L2,L2,,,
266873,L1,L3,L2,L3,L1,L3,L2,L2,L1,C3_1,D3_1,F3_1,L2,L3,,,
266874,L1,L3,L2,L3,L1,L3,L2,L2,L1,C3_1,D3_1,F3_1,L3,L1,,,
266875,L1,L3,L2,L3,L1,L3,L2,L2,L1,C3_1,D3_1,F3_1,L3,L2,,,
266876,L1,L3,L2,L3,L1,L3,L2,L2,L1,C3_1,D3_1,F3_1,L3,L3,,,
266877,L1,L3,L2,L3,L1,L3,L2,L2,L1,C3_1,D3_1,F3_2,L1,L1,,,
266878,L1,L3,L2,L3,L1,L3,L2,L2,L1,C3_1,D3_1,F3_2,L1,L2,,,
266879,L1,L3,L2,L3,L1,L3,L2,L2,L1,C3_1,D3_1,F3_2,L1,L3,,,
266880,L1,L3,L2,L3,L1,L3,L2,L2,L1,C3_1,D3_1,F3_2,L2,L1,,,
266881,L1,L3,L2,L3,L1,L3,L2,L2,L1,C3_1,D3_1,F3_2,L2,L2,,,
266882,L1,L3,L2,L3,L1,L3,L2,L2,L1,C3_1,D3_1,F3_2,L2,L3,,,
266883,L1,L3,L2,L3,L1,L3,L2,L2,L1,C3_1,D3_1,F3_2,L3,L1,,,
266884,L1,L3,L2,L3,L1,L3,L2,L2,L1,C3_1,D3_1,F3_2,L3,L2,,,
266885,L1,L3,L2,L3,L1,L3,L2,L2,L1,C3_1,D3_1,F3_2,L3,L3,,,
266886,L1,L3,L2,L3,L1,L3,L2,L2,L1,C3_1,D3_1,F3_3,L1,L1,,,
266887,L1,L3,L2,L3,L1,L3,L2,L2,L1,C3_1,D3_1,F3_3,L1,L2,,,
266888,L1,L3,L2,L3,L1,L3,L2,L2,L1,C3_1,D3_1,F3_3,L1,L3,,,
266889,L1,L3,L2,L3,L1,L3,L2,L2,L1,C3_1,D3_1,F3_3,L2,L1,,,
266890,L1,L3,L2,L3,L1,L3,L2,L2,L1,C3_1,D3_1,F3_3,L2,L2,,,
266891,L1,L3,L2,L3,L1,L3,L2,L2,L1,C3_1,D3_1,F3_3,L2,L3,,,
266892,L1,L3,L2,L3,L1,L3,L2,L2,L1,C3_1,D3_1,F3_3,L3,L1,,,
266893,L1,L3,L2,L3,L1,L3,L2,L2,L1,C3_1,D3_1,F3_3,L3,L2,,,
266894,L1,L3,L2,L3,L1,L3,L2,L2,L1,C3_1,D3_1,F3_3,L3,L3,,,
266895,L1,L3,L2,L3,L1,L3,L2,L2,L1,C3_1,D3_2,F3_1,L1,L1,,,
266896,L1,L3,L2,L3,L1,L3,L2,L2,L1,C3_1,D3_2,F3_1,L1,L2,,,
266897,L1,L3,L2,L3,L1,L3,L2,L2,L1,C3_1,D3_2,F3_1,L1,L3,,,
266898,L1,L3,L2,L3,L1,L3,L2,L2,L1,C3_1,D3_2,F3_1,L2,L1,,,
266899,L1,L3,L2,L3,L1,L3,L2,L2,L1,C3_1,D3_2,F3_1,L2,L2,,,
266900,L1,L3,L2,L3,L1,L3,L2,L2,L1,C3_1,D3_2,F3_1,L2,L3,,,
266901,L1,L3,L2,L3,L1,L3,L2,L2,L1,C3_1,D3_2,F3_1,L3,L1,,,
266902,L1,L3,L2,L3,L1,L3,L2,L2,L1,C3_1,D3_2,F3_1,L3,L2,,,
266903,L1,L3,L2,L3,L1,L3,L2,L2,L1,C3_1,D3_2,F3_1,L3,L3,,,
266904,L1,L3,L2,L3,L1,L3,L2,L2,L1,C3_1,D3_2,F3_2,L1,L1,,,
266905,L1,L3,L2,L3,L1,L3,L2,L2,L1,C3_1,D3_2,F3_2,L1,L2,,,
266906,L1,L3,L2,L3,L1,L3,L2,L2,L1,C3_1,D3_2,F3_2,L1,L3,,,
266907,L1,L3,L2,L3,L1,L3,L2,L2,L1,C3_1,D3_2,F3_2,L2,L1,,,
266908,L1,L3,L2,L3,L1,L3,L2,L2,L1,C3_1,D3_2,F3_2,L2,L2,,,
266909,L1,L3,L2,L3,L1,L3,L2,L2,L1,C3_1,D3_2,F3_2,L2,L3,,,
266910,L1,L3,L2,L3,L1,L3,L2,L2,L1,C3_1,D3_2,F3_2,L3,L1,,,
266911,L1,L3,L2,L3,L1,L3,L2,L2,L1,C3_1,D3_2,F3_2,L3,L2,,,
266912,L1,L3,L2,L3,L1,L3,L2,L2,L1,C3_1,D3_2,F3_2,L3,L3,,,
266913,L1,L3,L2,L3,L1,L3,L2,L2,L1,C3_1,D3_2,F3_3,L1,L1,,,
266914,L1,L3,L2,L3,L1,L3,L2,L2,L1,C3_1,D3_2,F3_3,L1,L2,,,
266915,L1,L3,L2,L3,L1,L3,L2,L2,L1,C3_1,D3_2,F3_3,L1,L3,,,
266916,L1,L3,L2,L3,L1,L3,L2,L2,L1,C3_1,D3_2,F3_3,L2,L1,,,
266917,L1,L3,L2,L3,L1,L3,L2,L2,L1,C3_1,D3_2,F3_3,L2,L2,,,
266918,L1,L3,L2,L3,L1,L3,L2,L2,L1,C3_1,D3_2,F3_3,L2,L3,,,
266919,L1,L3,L2,L3,L1,L3,L2,L2,L1,C3_1,D3_2,F3_3,L3,L1,,,
266920,L1,L3,L2,L3,L1,L3,L2,L2,L1,C3_1,D3_2,F3_3,L3,L2,,,
266921,L1,L3,L2,L3,L1,L3,L2,L2,L1,C3_1,D3_2,F3_3,L3,L3,,,
266922,L1,L3,L2,L3,L1,L3,L2,L2,L1,C3_1,D3_3,F3_1,L1,L1,,,
266923,L1,L3,L2,L3,L1,L3,L2,L2,L1,C3_1,D3_3,F3_1,L1,L2,,,
266924,L1,L3,L2,L3,L1,L3,L2,L2,L1,C3_1,D3_3,F3_1,L1,L3,,,
266925,L1,L3,L2,L3,L1,L3,L2,L2,L1,C3_1,D3_3,F3_1,L2,L1,,,
266926,L1,L3,L2,L3,L1,L3,L2,L2,L1,C3_1,D3_3,F3_1,L2,L2,,,
266927,L1,L3,L2,L3,L1,L3,L2,L2,L1,C3_1,D3_3,F3_1,L2,L3,,,
266928,L1,L3,L2,L3,L1,L3,L2,L2,L1,C3_1,D3_3,F3_1,L3,L1,,,
266929,L1,L3,L2,L3,L1,L3,L2,L2,L1,C3_1,D3_3,F3_1,L3,L2,,,
266930,L1,L3,L2,L3,L1,L3,L2,L2,L1,C3_1,D3_3,F3_1,L3,L3,,,
266931,L1,L3,L2,L3,L1,L3,L2,L2,L1,C3_1,D3_3,F3_2,L1,L1,,,
266932,L1,L3,L2,L3,L1,L3,L2,L2,L1,C3_1,D3_3,F3_2,L1,L2,,,
266933,L1,L3,L2,L3,L1,L3,L2,L2,L1,C3_1,D3_3,F3_2,L1,L3,,,
266934,L1,L3,L2,L3,L1,L3,L2,L2,L1,C3_1,D3_3,F3_2,L2,L1,,,
266935,L1,L3,L2,L3,L1,L3,L2,L2,L1,C3_1,D3_3,F3_2,L2,L2,,,
266936,L1,L3,L2,L3,L1,L3,L2,L2,L1,C3_1,D3_3,F3_2,L2,L3,,,
266937,L1,L3,L2,L3,L1,L3,L2,L2,L1,C3_1,D3_3,F3_2,L3,L1,,,
266938,L1,L3,L2,L3,L1,L3,L2,L2,L1,C3_1,D3_3,F3_2,L3,L2,,,
266939,L1,L3,L2,L3,L1,L3,L2,L2,L1,C3_1,D3_3,F3_2,L3,L3,,,
266940,L1,L3,L2,L3,L1,L3,L2,L2,L1,C3_1,D3_3,F3_3,L1,L1,,,
266941,L1,L3,L2,L3,L1,L3,L2,L2,L1,C3_1,D3_3,F3_3,L1,L2,,,
266942,L1,L3,L2,L3,L1,L3,L2,L2,L1,C3_1,D3_3,F3_3,L1,L3,,,
266943,L1,L3,L2,L3,L1,L3,L2,L2,L1,C3_1,D3_3,F3_3,L2,L1,,,
266944,L1,L3,L2,L3,L1,L3,L2,L2,L1,C3_1,D3_3,F3_3,L2,L2,,,
266945,L1,L3,L2,L3,L1,L3,L2,L2,L1,C3_1,D3_3,F3_3,L2,L3,,,
266946,L1,L3,L2,L3,L1,L3,L2,L2,L1,C3_1,D3_3,F3_3,L3,L1,,,
266947,L1,L3,L2,L3,L1,L3,L2,L2,L1,C3_1,D3_3,F3_3,L3,L2,,,
266948,L1,L3,L2,L3,L1,L3,L2,L2,L1,C3_1,D3_3,F3_3,L3,L3,,,
266949,L1,L3,L2,L3,L1,L3,L2,L2,L1,C3_2,D3_1,F3_1,L1,L1,,,
266950,L1,L3,L2,L3,L1,L3,L2,L2,L1,C3_2,D3_1,F3_1,L1,L2,,,
266951,L1,L3,L2,L3,L1,L3,L2,L2,L1,C3_2,D3_1,F3_1,L1,L3,,,
266952,L1,L3,L2,L3,L1,L3,L2,L2,L1,C3_2,D3_1,F3_1,L2,L1,,,
266953,L1,L3,L2,L3,L1,L3,L2,L2,L1,C3_2,D3_1,F3_1,L2,L2,,,
266954,L1,L3,L2,L3,L1,L3,L2,L2,L1,C3_2,D3_1,F3_1,L2,L3,,,
266955,L1,L3,L2,L3,L1,L3,L2,L2,L1,C3_2,D3_1,F3_1,L3,L1,,,
266956,L1,L3,L2,L3,L1,L3,L2,L2,L1,C3_2,D3_1,F3_1,L3,L2,,,
266957,L1,L3,L2,L3,L1,L3,L2,L2,L1,C3_2,D3_1,F3_1,L3,L3,,,
266958,L1,L3,L2,L3,L1,L3,L2,L2,L1,C3_2,D3_1,F3_2,L1,L1,,,
266959,L1,L3,L2,L3,L1,L3,L2,L2,L1,C3_2,D3_1,F3_2,L1,L2,,,
266960,L1,L3,L2,L3,L1,L3,L2,L2,L1,C3_2,D3_1,F3_2,L1,L3,,,
266961,L1,L3,L2,L3,L1,L3,L2,L2,L1,C3_2,D3_1,F3_2,L2,L1,,,
266962,L1,L3,L2,L3,L1,L3,L2,L2,L1,C3_2,D3_1,F3_2,L2,L2,,,
266963,L1,L3,L2,L3,L1,L3,L2,L2,L1,C3_2,D3_1,F3_2,L2,L3,,,
266964,L1,L3,L2,L3,L1,L3,L2,L2,L1,C3_2,D3_1,F3_2,L3,L1,,,
266965,L1,L3,L2,L3,L1,L3,L2,L2,L1,C3_2,D3_1,F3_2,L3,L2,,,
266966,L1,L3,L2,L3,L1,L3,L2,L2,L1,C3_2,D3_1,F3_2,L3,L3,,,
266967,L1,L3,L2,L3,L1,L3,L2,L2,L1,C3_2,D3_1,F3_3,L1,L1,,,
266968,L1,L3,L2,L3,L1,L3,L2,L2,L1,C3_2,D3_1,F3_3,L1,L2,,,
266969,L1,L3,L2,L3,L1,L3,L2,L2,L1,C3_2,D3_1,F3_3,L1,L3,,,
266970,L1,L3,L2,L3,L1,L3,L2,L2,L1,C3_2,D3_1,F3_3,L2,L1,,,
266971,L1,L3,L2,L3,L1,L3,L2,L2,L1,C3_2,D3_1,F3_3,L2,L2,,,
266972,L1,L3,L2,L3,L1,L3,L2,L2,L1,C3_2,D3_1,F3_3,L2,L3,,,
266973,L1,L3,L2,L3,L1,L3,L2,L2,L1,C3_2,D3_1,F3_3,L3,L1,,,
266974,L1,L3,L2,L3,L1,L3,L2,L2,L1,C3_2,D3_1,F3_3,L3,L2,,,
266975,L1,L3,L2,L3,L1,L3,L2,L2,L1,C3_2,D3_1,F3_3,L3,L3,,,
266976,L1,L3,L2,L3,L1,L3,L2,L2,L1,C3_2,D3_2,F3_1,L1,L1,,,
266977,L1,L3,L2,L3,L1,L3,L2,L2,L1,C3_2,D3_2,F3_1,L1,L2,,,
266978,L1,L3,L2,L3,L1,L3,L2,L2,L1,C3_2,D3_2,F3_1,L1,L3,,,
266979,L1,L3,L2,L3,L1,L3,L2,L2,L1,C3_2,D3_2,F3_1,L2,L1,,,
266980,L1,L3,L2,L3,L1,L3,L2,L2,L1,C3_2,D3_2,F3_1,L2,L2,,,
266981,L1,L3,L2,L3,L1,L3,L2,L2,L1,C3_2,D3_2,F3_1,L2,L3,,,
266982,L1,L3,L2,L3,L1,L3,L2,L2,L1,C3_2,D3_2,F3_1,L3,L1,,,
266983,L1,L3,L2,L3,L1,L3,L2,L2,L1,C3_2,D3_2,F3_1,L3,L2,,,
266984,L1,L3,L2,L3,L1,L3,L2,L2,L1,C3_2,D3_2,F3_1,L3,L3,,,
266985,L1,L3,L2,L3,L1,L3,L2,L2,L1,C3_2,D3_2,F3_2,L1,L1,,,
266986,L1,L3,L2,L3,L1,L3,L2,L2,L1,C3_2,D3_2,F3_2,L1,L2,,,
266987,L1,L3,L2,L3,L1,L3,L2,L2,L1,C3_2,D3_2,F3_2,L1,L3,,,
266988,L1,L3,L2,L3,L1,L3,L2,L2,L1,C3_2,D3_2,F3_2,L2,L1,,,
266989,L1,L3,L2,L3,L1,L3,L2,L2,L1,C3_2,D3_2,F3_2,L2,L2,,,
266990,L1,L3,L2,L3,L1,L3,L2,L2,L1,C3_2,D3_2,F3_2,L2,L3,,,
266991,L1,L3,L2,L3,L1,L3,L2,L2,L1,C3_2,D3_2,F3_2,L3,L1,,,
266992,L1,L3,L2,L3,L1,L3,L2,L2,L1,C3_2,D3_2,F3_2,L3,L2,,,
266993,L1,L3,L2,L3,L1,L3,L2,L2,L1,C3_2,D3_2,F3_2,L3,L3,,,
266994,L1,L3,L2,L3,L1,L3,L2,L2,L1,C3_2,D3_2,F3_3,L1,L1,,,
266995,L1,L3,L2,L3,L1,L3,L2,L2,L1,C3_2,D3_2,F3_3,L1,L2,,,
266996,L1,L3,L2,L3,L1,L3,L2,L2,L1,C3_2,D3_2,F3_3,L1,L3,,,
266997,L1,L3,L2,L3,L1,L3,L2,L2,L1,C3_2,D3_2,F3_3,L2,L1,,,
266998,L1,L3,L2,L3,L1,L3,L2,L2,L1,C3_2,D3_2,F3_3,L2,L2,,,
266999,L1,L3,L2,L3,L1,L3,L2,L2,L1,C3_2,D3_2,F3_3,L2,L3,,,
267000,L1,L3,L2,L3,L1,L3,L2,L2,L1,C3_2,D3_2,F3_3,L3,L1,,,
267001,L1,L3,L2,L3,L1,L3,L2,L2,L1,C3_2,D3_2,F3_3,L3,L2,,,
267002,L1,L3,L2,L3,L1,L3,L2,L2,L1,C3_2,D3_2,F3_3,L3,L3,,,
267003,L1,L3,L2,L3,L1,L3,L2,L2,L1,C3_2,D3_3,F3_1,L1,L1,,,
267004,L1,L3,L2,L3,L1,L3,L2,L2,L1,C3_2,D3_3,F3_1,L1,L2,,,
267005,L1,L3,L2,L3,L1,L3,L2,L2,L1,C3_2,D3_3,F3_1,L1,L3,,,
267006,L1,L3,L2,L3,L1,L3,L2,L2,L1,C3_2,D3_3,F3_1,L2,L1,,,
267007,L1,L3,L2,L3,L1,L3,L2,L2,L1,C3_2,D3_3,F3_1,L2,L2,,,
267008,L1,L3,L2,L3,L1,L3,L2,L2,L1,C3_2,D3_3,F3_1,L2,L3,,,
267009,L1,L3,L2,L3,L1,L3,L2,L2,L1,C3_2,D3_3,F3_1,L3,L1,,,
267010,L1,L3,L2,L3,L1,L3,L2,L2,L1,C3_2,D3_3,F3_1,L3,L2,,,
267011,L1,L3,L2,L3,L1,L3,L2,L2,L1,C3_2,D3_3,F3_1,L3,L3,,,
267012,L1,L3,L2,L3,L1,L3,L2,L2,L1,C3_2,D3_3,F3_2,L1,L1,,,
267013,L1,L3,L2,L3,L1,L3,L2,L2,L1,C3_2,D3_3,F3_2,L1,L2,,,
267014,L1,L3,L2,L3,L1,L3,L2,L2,L1,C3_2,D3_3,F3_2,L1,L3,,,
267015,L1,L3,L2,L3,L1,L3,L2,L2,L1,C3_2,D3_3,F3_2,L2,L1,,,
267016,L1,L3,L2,L3,L1,L3,L2,L2,L1,C3_2,D3_3,F3_2,L2,L2,,,
267017,L1,L3,L2,L3,L1,L3,L2,L2,L1,C3_2,D3_3,F3_2,L2,L3,,,
267018,L1,L3,L2,L3,L1,L3,L2,L2,L1,C3_2,D3_3,F3_2,L3,L1,,,
267019,L1,L3,L2,L3,L1,L3,L2,L2,L1,C3_2,D3_3,F3_2,L3,L2,,,
267020,L1,L3,L2,L3,L1,L3,L2,L2,L1,C3_2,D3_3,F3_2,L3,L3,,,
267021,L1,L3,L2,L3,L1,L3,L2,L2,L1,C3_2,D3_3,F3_3,L1,L1,,,
267022,L1,L3,L2,L3,L1,L3,L2,L2,L1,C3_2,D3_3,F3_3,L1,L2,,,
267023,L1,L3,L2,L3,L1,L3,L2,L2,L1,C3_2,D3_3,F3_3,L1,L3,,,
267024,L1,L3,L2,L3,L1,L3,L2,L2,L1,C3_2,D3_3,F3_3,L2,L1,,,
267025,L1,L3,L2,L3,L1,L3,L2,L2,L1,C3_2,D3_3,F3_3,L2,L2,,,
267026,L1,L3,L2,L3,L1,L3,L2,L2,L1,C3_2,D3_3,F3_3,L2,L3,,,
267027,L1,L3,L2,L3,L1,L3,L2,L2,L1,C3_2,D3_3,F3_3,L3,L1,,,
267028,L1,L3,L2,L3,L1,L3,L2,L2,L1,C3_2,D3_3,F3_3,L3,L2,,,
267029,L1,L3,L2,L3,L1,L3,L2,L2,L1,C3_2,D3_3,F3_3,L3,L3,,,
267030,L1,L3,L2,L3,L1,L3,L2,L2,L1,C3_3,D3_1,F3_1,L1,L1,,,
267031,L1,L3,L2,L3,L1,L3,L2,L2,L1,C3_3,D3_1,F3_1,L1,L2,,,
267032,L1,L3,L2,L3,L1,L3,L2,L2,L1,C3_3,D3_1,F3_1,L1,L3,,,
267033,L1,L3,L2,L3,L1,L3,L2,L2,L1,C3_3,D3_1,F3_1,L2,L1,,,
267034,L1,L3,L2,L3,L1,L3,L2,L2,L1,C3_3,D3_1,F3_1,L2,L2,,,
267035,L1,L3,L2,L3,L1,L3,L2,L2,L1,C3_3,D3_1,F3_1,L2,L3,,,
267036,L1,L3,L2,L3,L1,L3,L2,L2,L1,C3_3,D3_1,F3_1,L3,L1,,,
267037,L1,L3,L2,L3,L1,L3,L2,L2,L1,C3_3,D3_1,F3_1,L3,L2,,,
267038,L1,L3,L2,L3,L1,L3,L2,L2,L1,C3_3,D3_1,F3_1,L3,L3,,,
267039,L1,L3,L2,L3,L1,L3,L2,L2,L1,C3_3,D3_1,F3_2,L1,L1,,,
267040,L1,L3,L2,L3,L1,L3,L2,L2,L1,C3_3,D3_1,F3_2,L1,L2,,,
267041,L1,L3,L2,L3,L1,L3,L2,L2,L1,C3_3,D3_1,F3_2,L1,L3,,,
267042,L1,L3,L2,L3,L1,L3,L2,L2,L1,C3_3,D3_1,F3_2,L2,L1,,,
267043,L1,L3,L2,L3,L1,L3,L2,L2,L1,C3_3,D3_1,F3_2,L2,L2,,,
267044,L1,L3,L2,L3,L1,L3,L2,L2,L1,C3_3,D3_1,F3_2,L2,L3,,,
267045,L1,L3,L2,L3,L1,L3,L2,L2,L1,C3_3,D3_1,F3_2,L3,L1,,,
267046,L1,L3,L2,L3,L1,L3,L2,L2,L1,C3_3,D3_1,F3_2,L3,L2,,,
267047,L1,L3,L2,L3,L1,L3,L2,L2,L1,C3_3,D3_1,F3_2,L3,L3,,,
267048,L1,L3,L2,L3,L1,L3,L2,L2,L1,C3_3,D3_1,F3_3,L1,L1,,,
267049,L1,L3,L2,L3,L1,L3,L2,L2,L1,C3_3,D3_1,F3_3,L1,L2,,,
267050,L1,L3,L2,L3,L1,L3,L2,L2,L1,C3_3,D3_1,F3_3,L1,L3,,,
267051,L1,L3,L2,L3,L1,L3,L2,L2,L1,C3_3,D3_1,F3_3,L2,L1,,,
267052,L1,L3,L2,L3,L1,L3,L2,L2,L1,C3_3,D3_1,F3_3,L2,L2,,,
267053,L1,L3,L2,L3,L1,L3,L2,L2,L1,C3_3,D3_1,F3_3,L2,L3,,,
267054,L1,L3,L2,L3,L1,L3,L2,L2,L1,C3_3,D3_1,F3_3,L3,L1,,,
267055,L1,L3,L2,L3,L1,L3,L2,L2,L1,C3_3,D3_1,F3_3,L3,L2,,,
267056,L1,L3,L2,L3,L1,L3,L2,L2,L1,C3_3,D3_1,F3_3,L3,L3,,,
267057,L1,L3,L2,L3,L1,L3,L2,L2,L1,C3_3,D3_2,F3_1,L1,L1,,,
267058,L1,L3,L2,L3,L1,L3,L2,L2,L1,C3_3,D3_2,F3_1,L1,L2,,,
267059,L1,L3,L2,L3,L1,L3,L2,L2,L1,C3_3,D3_2,F3_1,L1,L3,,,
267060,L1,L3,L2,L3,L1,L3,L2,L2,L1,C3_3,D3_2,F3_1,L2,L1,,,
267061,L1,L3,L2,L3,L1,L3,L2,L2,L1,C3_3,D3_2,F3_1,L2,L2,,,
267062,L1,L3,L2,L3,L1,L3,L2,L2,L1,C3_3,D3_2,F3_1,L2,L3,,,
267063,L1,L3,L2,L3,L1,L3,L2,L2,L1,C3_3,D3_2,F3_1,L3,L1,,,
267064,L1,L3,L2,L3,L1,L3,L2,L2,L1,C3_3,D3_2,F3_1,L3,L2,,,
267065,L1,L3,L2,L3,L1,L3,L2,L2,L1,C3_3,D3_2,F3_1,L3,L3,,,
267066,L1,L3,L2,L3,L1,L3,L2,L2,L1,C3_3,D3_2,F3_2,L1,L1,,,
267067,L1,L3,L2,L3,L1,L3,L2,L2,L1,C3_3,D3_2,F3_2,L1,L2,,,
267068,L1,L3,L2,L3,L1,L3,L2,L2,L1,C3_3,D3_2,F3_2,L1,L3,,,
267069,L1,L3,L2,L3,L1,L3,L2,L2,L1,C3_3,D3_2,F3_2,L2,L1,,,
267070,L1,L3,L2,L3,L1,L3,L2,L2,L1,C3_3,D3_2,F3_2,L2,L2,,,
267071,L1,L3,L2,L3,L1,L3,L2,L2,L1,C3_3,D3_2,F3_2,L2,L3,,,
267072,L1,L3,L2,L3,L1,L3,L2,L2,L1,C3_3,D3_2,F3_2,L3,L1,,,
267073,L1,L3,L2,L3,L1,L3,L2,L2,L1,C3_3,D3_2,F3_2,L3,L2,,,
267074,L1,L3,L2,L3,L1,L3,L2,L2,L1,C3_3,D3_2,F3_2,L3,L3,,,
267075,L1,L3,L2,L3,L1,L3,L2,L2,L1,C3_3,D3_2,F3_3,L1,L1,,,
267076,L1,L3,L2,L3,L1,L3,L2,L2,L1,C3_3,D3_2,F3_3,L1,L2,,,
267077,L1,L3,L2,L3,L1,L3,L2,L2,L1,C3_3,D3_2,F3_3,L1,L3,,,
267078,L1,L3,L2,L3,L1,L3,L2,L2,L1,C3_3,D3_2,F3_3,L2,L1,,,
267079,L1,L3,L2,L3,L1,L3,L2,L2,L1,C3_3,D3_2,F3_3,L2,L2,,,
267080,L1,L3,L2,L3,L1,L3,L2,L2,L1,C3_3,D3_2,F3_3,L2,L3,,,
267081,L1,L3,L2,L3,L1,L3,L2,L2,L1,C3_3,D3_2,F3_3,L3,L1,,,
267082,L1,L3,L2,L3,L1,L3,L2,L2,L1,C3_3,D3_2,F3_3,L3,L2,,,
267083,L1,L3,L2,L3,L1,L3,L2,L2,L1,C3_3,D3_2,F3_3,L3,L3,,,
267084,L1,L3,L2,L3,L1,L3,L2,L2,L1,C3_3,D3_3,F3_1,L1,L1,,,
267085,L1,L3,L2,L3,L1,L3,L2,L2,L1,C3_3,D3_3,F3_1,L1,L2,,,
267086,L1,L3,L2,L3,L1,L3,L2,L2,L1,C3_3,D3_3,F3_1,L1,L3,,,
267087,L1,L3,L2,L3,L1,L3,L2,L2,L1,C3_3,D3_3,F3_1,L2,L1,,,
267088,L1,L3,L2,L3,L1,L3,L2,L2,L1,C3_3,D3_3,F3_1,L2,L2,,,
267089,L1,L3,L2,L3,L1,L3,L2,L2,L1,C3_3,D3_3,F3_1,L2,L3,,,
267090,L1,L3,L2,L3,L1,L3,L2,L2,L1,C3_3,D3_3,F3_1,L3,L1,,,
267091,L1,L3,L2,L3,L1,L3,L2,L2,L1,C3_3,D3_3,F3_1,L3,L2,,,
267092,L1,L3,L2,L3,L1,L3,L2,L2,L1,C3_3,D3_3,F3_1,L3,L3,,,
267093,L1,L3,L2,L3,L1,L3,L2,L2,L1,C3_3,D3_3,F3_2,L1,L1,,,
267094,L1,L3,L2,L3,L1,L3,L2,L2,L1,C3_3,D3_3,F3_2,L1,L2,,,
267095,L1,L3,L2,L3,L1,L3,L2,L2,L1,C3_3,D3_3,F3_2,L1,L3,,,
267096,L1,L3,L2,L3,L1,L3,L2,L2,L1,C3_3,D3_3,F3_2,L2,L1,,,
267097,L1,L3,L2,L3,L1,L3,L2,L2,L1,C3_3,D3_3,F3_2,L2,L2,,,
267098,L1,L3,L2,L3,L1,L3,L2,L2,L1,C3_3,D3_3,F3_2,L2,L3,,,
267099,L1,L3,L2,L3,L1,L3,L2,L2,L1,C3_3,D3_3,F3_2,L3,L1,,,
267100,L1,L3,L2,L3,L1,L3,L2,L2,L1,C3_3,D3_3,F3_2,L3,L2,,,
267101,L1,L3,L2,L3,L1,L3,L2,L2,L1,C3_3,D3_3,F3_2,L3,L3,,,
267102,L1,L3,L2,L3,L1,L3,L2,L2,L1,C3_3,D3_3,F3_3,L1,L1,,,
267103,L1,L3,L2,L3,L1,L3,L2,L2,L1,C3_3,D3_3,F3_3,L1,L2,,,
267104,L1,L3,L2,L3,L1,L3,L2,L2,L1,C3_3,D3_3,F3_3,L1,L3,,,
267105,L1,L3,L2,L3,L1,L3,L2,L2,L1,C3_3,D3_3,F3_3,L2,L1,,,
267106,L1,L3,L2,L3,L1,L3,L2,L2,L1,C3_3,D3_3,F3_3,L2,L2,,,
267107,L1,L3,L2,L3,L1,L3,L2,L2,L1,C3_3,D3_3,F3_3,L2,L3,,,
267108,L1,L3,L2,L3,L1,L3,L2,L2,L1,C3_3,D3_3,F3_3,L3,L1,,,
267109,L1,L3,L2,L3,L1,L3,L2,L2,L1,C3_3,D3_3,F3_3,L3,L2,,,
267110,L1,L3,L2,L3,L1,L3,L2,L2,L1,C3_3,D3_3,F3_3,L3,L3,,,
268164,L1,L1,L2,L1,L3,L3,L2,L2,L1,C3_1,D3_1,F3_1,L1,L1,,,
268165,L1,L1,L2,L1,L3,L3,L2,L2,L1,C3_1,D3_1,F3_1,L1,L2,,,
268166,L1,L1,L2,L1,L3,L3,L2,L2,L1,C3_1,D3_1,F3_1,L1,L3,,,
268167,L1,L1,L2,L1,L3,L3,L2,L2,L1,C3_1,D3_1,F3_1,L2,L1,,,
268168,L1,L1,L2,L1,L3,L3,L2,L2,L1,C3_1,D3_1,F3_1,L2,L2,,,
268169,L1,L1,L2,L1,L3,L3,L2,L2,L1,C3_1,D3_1,F3_1,L2,L3,,,
268170,L1,L1,L2,L1,L3,L3,L2,L2,L1,C3_1,D3_1,F3_1,L3,L1,,,
268171,L1,L1,L2,L1,L3,L3,L2,L2,L1,C3_1,D3_1,F3_1,L3,L2,,,
268172,L1,L1,L2,L1,L3,L3,L2,L2,L1,C3_1,D3_1,F3_1,L3,L3,,,
268173,L1,L1,L2,L1,L3,L3,L2,L2,L1,C3_1,D3_1,F3_2,L1,L1,,,
268174,L1,L1,L2,L1,L3,L3,L2,L2,L1,C3_1,D3_1,F3_2,L1,L2,,,
268175,L1,L1,L2,L1,L3,L3,L2,L2,L1,C3_1,D3_1,F3_2,L1,L3,,,
268176,L1,L1,L2,L1,L3,L3,L2,L2,L1,C3_1,D3_1,F3_2,L2,L1,,,
268177,L1,L1,L2,L1,L3,L3,L2,L2,L1,C3_1,D3_1,F3_2,L2,L2,,,
268178,L1,L1,L2,L1,L3,L3,L2,L2,L1,C3_1,D3_1,F3_2,L2,L3,,,
268179,L1,L1,L2,L1,L3,L3,L2,L2,L1,C3_1,D3_1,F3_2,L3,L1,,,
268180,L1,L1,L2,L1,L3,L3,L2,L2,L1,C3_1,D3_1,F3_2,L3,L2,,,
268181,L1,L1,L2,L1,L3,L3,L2,L2,L1,C3_1,D3_1,F3_2,L3,L3,,,
268182,L1,L1,L2,L1,L3,L3,L2,L2,L1,C3_1,D3_1,F3_3,L1,L1,,,
268183,L1,L1,L2,L1,L3,L3,L2,L2,L1,C3_1,D3_1,F3_3,L1,L2,,,
268184,L1,L1,L2,L1,L3,L3,L2,L2,L1,C3_1,D3_1,F3_3,L1,L3,,,
268185,L1,L1,L2,L1,L3,L3,L2,L2,L1,C3_1,D3_1,F3_3,L2,L1,,,
268186,L1,L1,L2,L1,L3,L3,L2,L2,L1,C3_1,D3_1,F3_3,L2,L2,,,
268187,L1,L1,L2,L1,L3,L3,L2,L2,L1,C3_1,D3_1,F3_3,L2,L3,,,
268188,L1,L1,L2,L1,L3,L3,L2,L2,L1,C3_1,D3_1,F3_3,L3,L1,,,
268189,L1,L1,L2,L1,L3,L3,L2,L2,L1,C3_1,D3_1,F3_3,L3,L2,,,
268190,L1,L1,L2,L1,L3,L3,L2,L2,L1,C3_1,D3_1,F3_3,L3,L3,,,
268191,L1,L1,L2,L1,L3,L3,L2,L2,L1,C3_1,D3_2,F3_1,L1,L1,,,
268192,L1,L1,L2,L1,L3,L3,L2,L2,L1,C3_1,D3_2,F3_1,L1,L2,,,
268193,L1,L1,L2,L1,L3,L3,L2,L2,L1,C3_1,D3_2,F3_1,L1,L3,,,
268194,L1,L1,L2,L1,L3,L3,L2,L2,L1,C3_1,D3_2,F3_1,L2,L1,,,
268195,L1,L1,L2,L1,L3,L3,L2,L2,L1,C3_1,D3_2,F3_1,L2,L2,,,
268196,L1,L1,L2,L1,L3,L3,L2,L2,L1,C3_1,D3_2,F3_1,L2,L3,,,
268197,L1,L1,L2,L1,L3,L3,L2,L2,L1,C3_1,D3_2,F3_1,L3,L1,,,
268198,L1,L1,L2,L1,L3,L3,L2,L2,L1,C3_1,D3_2,F3_1,L3,L2,,,
268199,L1,L1,L2,L1,L3,L3,L2,L2,L1,C3_1,D3_2,F3_1,L3,L3,,,
268200,L1,L1,L2,L1,L3,L3,L2,L2,L1,C3_1,D3_2,F3_2,L1,L1,,,
268201,L1,L1,L2,L1,L3,L3,L2,L2,L1,C3_1,D3_2,F3_2,L1,L2,,,
268202,L1,L1,L2,L1,L3,L3,L2,L2,L1,C3_1,D3_2,F3_2,L1,L3,,,
268203,L1,L1,L2,L1,L3,L3,L2,L2,L1,C3_1,D3_2,F3_2,L2,L1,,,
268204,L1,L1,L2,L1,L3,L3,L2,L2,L1,C3_1,D3_2,F3_2,L2,L2,,,
268205,L1,L1,L2,L1,L3,L3,L2,L2,L1,C3_1,D3_2,F3_2,L2,L3,,,
268206,L1,L1,L2,L1,L3,L3,L2,L2,L1,C3_1,D3_2,F3_2,L3,L1,,,
268207,L1,L1,L2,L1,L3,L3,L2,L2,L1,C3_1,D3_2,F3_2,L3,L2,,,
268208,L1,L1,L2,L1,L3,L3,L2,L2,L1,C3_1,D3_2,F3_2,L3,L3,,,
268209,L1,L1,L2,L1,L3,L3,L2,L2,L1,C3_1,D3_2,F3_3,L1,L1,,,
268210,L1,L1,L2,L1,L3,L3,L2,L2,L1,C3_1,D3_2,F3_3,L1,L2,,,
268211,L1,L1,L2,L1,L3,L3,L2,L2,L1,C3_1,D3_2,F3_3,L1,L3,,,
268212,L1,L1,L2,L1,L3,L3,L2,L2,L1,C3_1,D3_2,F3_3,L2,L1,,,
268213,L1,L1,L2,L1,L3,L3,L2,L2,L1,C3_1,D3_2,F3_3,L2,L2,,,
268214,L1,L1,L2,L1,L3,L3,L2,L2,L1,C3_1,D3_2,F3_3,L2,L3,,,
268215,L1,L1,L2,L1,L3,L3,L2,L2,L1,C3_1,D3_2,F3_3,L3,L1,,,
268216,L1,L1,L2,L1,L3,L3,L2,L2,L1,C3_1,D3_2,F3_3,L3,L2,,,
268217,L1,L1,L2,L1,L3,L3,L2,L2,L1,C3_1,D3_2,F3_3,L3,L3,,,
268218,L1,L1,L2,L1,L3,L3,L2,L2,L1,C3_1,D3_3,F3_1,L1,L1,,,
268219,L1,L1,L2,L1,L3,L3,L2,L2,L1,C3_1,D3_3,F3_1,L1,L2,,,
268220,L1,L1,L2,L1,L3,L3,L2,L2,L1,C3_1,D3_3,F3_1,L1,L3,,,
268221,L1,L1,L2,L1,L3,L3,L2,L2,L1,C3_1,D3_3,F3_1,L2,L1,,,
268222,L1,L1,L2,L1,L3,L3,L2,L2,L1,C3_1,D3_3,F3_1,L2,L2,,,
268223,L1,L1,L2,L1,L3,L3,L2,L2,L1,C3_1,D3_3,F3_1,L2,L3,,,
268224,L1,L1,L2,L1,L3,L3,L2,L2,L1,C3_1,D3_3,F3_1,L3,L1,,,
268225,L1,L1,L2,L1,L3,L3,L2,L2,L1,C3_1,D3_3,F3_1,L3,L2,,,
268226,L1,L1,L2,L1,L3,L3,L2,L2,L1,C3_1,D3_3,F3_1,L3,L3,,,
268227,L1,L1,L2,L1,L3,L3,L2,L2,L1,C3_1,D3_3,F3_2,L1,L1,,,
268228,L1,L1,L2,L1,L3,L3,L2,L2,L1,C3_1,D3_3,F3_2,L1,L2,,,
268229,L1,L1,L2,L1,L3,L3,L2,L2,L1,C3_1,D3_3,F3_2,L1,L3,,,
268230,L1,L1,L2,L1,L3,L3,L2,L2,L1,C3_1,D3_3,F3_2,L2,L1,,,
268231,L1,L1,L2,L1,L3,L3,L2,L2,L1,C3_1,D3_3,F3_2,L2,L2,,,
268232,L1,L1,L2,L1,L3,L3,L2,L2,L1,C3_1,D3_3,F3_2,L2,L3,,,
268233,L1,L1,L2,L1,L3,L3,L2,L2,L1,C3_1,D3_3,F3_2,L3,L1,,,
268234,L1,L1,L2,L1,L3,L3,L2,L2,L1,C3_1,D3_3,F3_2,L3,L2,,,
268235,L1,L1,L2,L1,L3,L3,L2,L2,L1,C3_1,D3_3,F3_2,L3,L3,,,
268236,L1,L1,L2,L1,L3,L3,L2,L2,L1,C3_1,D3_3,F3_3,L1,L1,,,
268237,L1,L1,L2,L1,L3,L3,L2,L2,L1,C3_1,D3_3,F3_3,L1,L2,,,
268238,L1,L1,L2,L1,L3,L3,L2,L2,L1,C3_1,D3_3,F3_3,L1,L3,,,
268239,L1,L1,L2,L1,L3,L3,L2,L2,L1,C3_1,D3_3,F3_3,L2,L1,,,
268240,L1,L1,L2,L1,L3,L3,L2,L2,L1,C3_1,D3_3,F3_3,L2,L2,,,
268241,L1,L1,L2,L1,L3,L3,L2,L2,L1,C3_1,D3_3,F3_3,L2,L3,,,
268242,L1,L1,L2,L1,L3,L3,L2,L2,L1,C3_1,D3_3,F3_3,L3,L1,,,
268243,L1,L1,L2,L1,L3,L3,L2,L2,L1,C3_1,D3_3,F3_3,L3,L2,,,
268244,L1,L1,L2,L1,L3,L3,L2,L2,L1,C3_1,D3_3,F3_3,L3,L3,,,
268245,L1,L1,L2,L1,L3,L3,L2,L2,L1,C3_2,D3_1,F3_1,L1,L1,,,
268246,L1,L1,L2,L1,L3,L3,L2,L2,L1,C3_2,D3_1,F3_1,L1,L2,,,
268247,L1,L1,L2,L1,L3,L3,L2,L2,L1,C3_2,D3_1,F3_1,L1,L3,,,
268248,L1,L1,L2,L1,L3,L3,L2,L2,L1,C3_2,D3_1,F3_1,L2,L1,,,
268249,L1,L1,L2,L1,L3,L3,L2,L2,L1,C3_2,D3_1,F3_1,L2,L2,,,
268250,L1,L1,L2,L1,L3,L3,L2,L2,L1,C3_2,D3_1,F3_1,L2,L3,,,
268251,L1,L1,L2,L1,L3,L3,L2,L2,L1,C3_2,D3_1,F3_1,L3,L1,,,
268252,L1,L1,L2,L1,L3,L3,L2,L2,L1,C3_2,D3_1,F3_1,L3,L2,,,
268253,L1,L1,L2,L1,L3,L3,L2,L2,L1,C3_2,D3_1,F3_1,L3,L3,,,
268254,L1,L1,L2,L1,L3,L3,L2,L2,L1,C3_2,D3_1,F3_2,L1,L1,,,
268255,L1,L1,L2,L1,L3,L3,L2,L2,L1,C3_2,D3_1,F3_2,L1,L2,,,
268256,L1,L1,L2,L1,L3,L3,L2,L2,L1,C3_2,D3_1,F3_2,L1,L3,,,
268257,L1,L1,L2,L1,L3,L3,L2,L2,L1,C3_2,D3_1,F3_2,L2,L1,,,
268258,L1,L1,L2,L1,L3,L3,L2,L2,L1,C3_2,D3_1,F3_2,L2,L2,,,
268259,L1,L1,L2,L1,L3,L3,L2,L2,L1,C3_2,D3_1,F3_2,L2,L3,,,
268260,L1,L1,L2,L1,L3,L3,L2,L2,L1,C3_2,D3_1,F3_2,L3,L1,,,
268261,L1,L1,L2,L1,L3,L3,L2,L2,L1,C3_2,D3_1,F3_2,L3,L2,,,
268262,L1,L1,L2,L1,L3,L3,L2,L2,L1,C3_2,D3_1,F3_2,L3,L3,,,
268263,L1,L1,L2,L1,L3,L3,L2,L2,L1,C3_2,D3_1,F3_3,L1,L1,,,
268264,L1,L1,L2,L1,L3,L3,L2,L2,L1,C3_2,D3_1,F3_3,L1,L2,,,
268265,L1,L1,L2,L1,L3,L3,L2,L2,L1,C3_2,D3_1,F3_3,L1,L3,,,
268266,L1,L1,L2,L1,L3,L3,L2,L2,L1,C3_2,D3_1,F3_3,L2,L1,,,
268267,L1,L1,L2,L1,L3,L3,L2,L2,L1,C3_2,D3_1,F3_3,L2,L2,,,
268268,L1,L1,L2,L1,L3,L3,L2,L2,L1,C3_2,D3_1,F3_3,L2,L3,,,
268269,L1,L1,L2,L1,L3,L3,L2,L2,L1,C3_2,D3_1,F3_3,L3,L1,,,
268270,L1,L1,L2,L1,L3,L3,L2,L2,L1,C3_2,D3_1,F3_3,L3,L2,,,
268271,L1,L1,L2,L1,L3,L3,L2,L2,L1,C3_2,D3_1,F3_3,L3,L3,,,
268272,L1,L1,L2,L1,L3,L3,L2,L2,L1,C3_2,D3_2,F3_1,L1,L1,,,
268273,L1,L1,L2,L1,L3,L3,L2,L2,L1,C3_2,D3_2,F3_1,L1,L2,,,
268274,L1,L1,L2,L1,L3,L3,L2,L2,L1,C3_2,D3_2,F3_1,L1,L3,,,
268275,L1,L1,L2,L1,L3,L3,L2,L2,L1,C3_2,D3_2,F3_1,L2,L1,,,
268276,L1,L1,L2,L1,L3,L3,L2,L2,L1,C3_2,D3_2,F3_1,L2,L2,,,
268277,L1,L1,L2,L1,L3,L3,L2,L2,L1,C3_2,D3_2,F3_1,L2,L3,,,
268278,L1,L1,L2,L1,L3,L3,L2,L2,L1,C3_2,D3_2,F3_1,L3,L1,,,
268279,L1,L1,L2,L1,L3,L3,L2,L2,L1,C3_2,D3_2,F3_1,L3,L2,,,
268280,L1,L1,L2,L1,L3,L3,L2,L2,L1,C3_2,D3_2,F3_1,L3,L3,,,
268281,L1,L1,L2,L1,L3,L3,L2,L2,L1,C3_2,D3_2,F3_2,L1,L1,,,
268282,L1,L1,L2,L1,L3,L3,L2,L2,L1,C3_2,D3_2,F3_2,L1,L2,,,
268283,L1,L1,L2,L1,L3,L3,L2,L2,L1,C3_2,D3_2,F3_2,L1,L3,,,
268284,L1,L1,L2,L1,L3,L3,L2,L2,L1,C3_2,D3_2,F3_2,L2,L1,,,
268285,L1,L1,L2,L1,L3,L3,L2,L2,L1,C3_2,D3_2,F3_2,L2,L2,,,
268286,L1,L1,L2,L1,L3,L3,L2,L2,L1,C3_2,D3_2,F3_2,L2,L3,,,
268287,L1,L1,L2,L1,L3,L3,L2,L2,L1,C3_2,D3_2,F3_2,L3,L1,,,
268288,L1,L1,L2,L1,L3,L3,L2,L2,L1,C3_2,D3_2,F3_2,L3,L2,,,
268289,L1,L1,L2,L1,L3,L3,L2,L2,L1,C3_2,D3_2,F3_2,L3,L3,,,
268290,L1,L1,L2,L1,L3,L3,L2,L2,L1,C3_2,D3_2,F3_3,L1,L1,,,
268291,L1,L1,L2,L1,L3,L3,L2,L2,L1,C3_2,D3_2,F3_3,L1,L2,,,
268292,L1,L1,L2,L1,L3,L3,L2,L2,L1,C3_2,D3_2,F3_3,L1,L3,,,
268293,L1,L1,L2,L1,L3,L3,L2,L2,L1,C3_2,D3_2,F3_3,L2,L1,,,
268294,L1,L1,L2,L1,L3,L3,L2,L2,L1,C3_2,D3_2,F3_3,L2,L2,,,
268295,L1,L1,L2,L1,L3,L3,L2,L2,L1,C3_2,D3_2,F3_3,L2,L3,,,
268296,L1,L1,L2,L1,L3,L3,L2,L2,L1,C3_2,D3_2,F3_3,L3,L1,,,
268297,L1,L1,L2,L1,L3,L3,L2,L2,L1,C3_2,D3_2,F3_3,L3,L2,,,
268298,L1,L1,L2,L1,L3,L3,L2,L2,L1,C3_2,D3_2,F3_3,L3,L3,,,
268299,L1,L1,L2,L1,L3,L3,L2,L2,L1,C3_2,D3_3,F3_1,L1,L1,,,
268300,L1,L1,L2,L1,L3,L3,L2,L2,L1,C3_2,D3_3,F3_1,L1,L2,,,
268301,L1,L1,L2,L1,L3,L3,L2,L2,L1,C3_2,D3_3,F3_1,L1,L3,,,
268302,L1,L1,L2,L1,L3,L3,L2,L2,L1,C3_2,D3_3,F3_1,L2,L1,,,
268303,L1,L1,L2,L1,L3,L3,L2,L2,L1,C3_2,D3_3,F3_1,L2,L2,,,
268304,L1,L1,L2,L1,L3,L3,L2,L2,L1,C3_2,D3_3,F3_1,L2,L3,,,
268305,L1,L1,L2,L1,L3,L3,L2,L2,L1,C3_2,D3_3,F3_1,L3,L1,,,
268306,L1,L1,L2,L1,L3,L3,L2,L2,L1,C3_2,D3_3,F3_1,L3,L2,,,
268307,L1,L1,L2,L1,L3,L3,L2,L2,L1,C3_2,D3_3,F3_1,L3,L3,,,
268308,L1,L1,L2,L1,L3,L3,L2,L2,L1,C3_2,D3_3,F3_2,L1,L1,,,
268309,L1,L1,L2,L1,L3,L3,L2,L2,L1,C3_2,D3_3,F3_2,L1,L2,,,
268310,L1,L1,L2,L1,L3,L3,L2,L2,L1,C3_2,D3_3,F3_2,L1,L3,,,
268311,L1,L1,L2,L1,L3,L3,L2,L2,L1,C3_2,D3_3,F3_2,L2,L1,,,
268312,L1,L1,L2,L1,L3,L3,L2,L2,L1,C3_2,D3_3,F3_2,L2,L2,,,
268313,L1,L1,L2,L1,L3,L3,L2,L2,L1,C3_2,D3_3,F3_2,L2,L3,,,
268314,L1,L1,L2,L1,L3,L3,L2,L2,L1,C3_2,D3_3,F3_2,L3,L1,,,
268315,L1,L1,L2,L1,L3,L3,L2,L2,L1,C3_2,D3_3,F3_2,L3,L2,,,
268316,L1,L1,L2,L1,L3,L3,L2,L2,L1,C3_2,D3_3,F3_2,L3,L3,,,
268317,L1,L1,L2,L1,L3,L3,L2,L2,L1,C3_2,D3_3,F3_3,L1,L1,,,
268318,L1,L1,L2,L1,L3,L3,L2,L2,L1,C3_2,D3_3,F3_3,L1,L2,,,
268319,L1,L1,L2,L1,L3,L3,L2,L2,L1,C3_2,D3_3,F3_3,L1,L3,,,
268320,L1,L1,L2,L1,L3,L3,L2,L2,L1,C3_2,D3_3,F3_3,L2,L1,,,
268321,L1,L1,L2,L1,L3,L3,L2,L2,L1,C3_2,D3_3,F3_3,L2,L2,,,
268322,L1,L1,L2,L1,L3,L3,L2,L2,L1,C3_2,D3_3,F3_3,L2,L3,,,
268323,L1,L1,L2,L1,L3,L3,L2,L2,L1,C3_2,D3_3,F3_3,L3,L1,,,
268324,L1,L1,L2,L1,L3,L3,L2,L2,L1,C3_2,D3_3,F3_3,L3,L2,,,
268325,L1,L1,L2,L1,L3,L3,L2,L2,L1,C3_2,D3_3,F3_3,L3,L3,,,
268326,L1,L1,L2,L1,L3,L3,L2,L2,L1,C3_3,D3_1,F3_1,L1,L1,,,
268327,L1,L1,L2,L1,L3,L3,L2,L2,L1,C3_3,D3_1,F3_1,L1,L2,,,
268328,L1,L1,L2,L1,L3,L3,L2,L2,L1,C3_3,D3_1,F3_1,L1,L3,,,
268329,L1,L1,L2,L1,L3,L3,L2,L2,L1,C3_3,D3_1,F3_1,L2,L1,,,
268330,L1,L1,L2,L1,L3,L3,L2,L2,L1,C3_3,D3_1,F3_1,L2,L2,,,
268331,L1,L1,L2,L1,L3,L3,L2,L2,L1,C3_3,D3_1,F3_1,L2,L3,,,
268332,L1,L1,L2,L1,L3,L3,L2,L2,L1,C3_3,D3_1,F3_1,L3,L1,,,
268333,L1,L1,L2,L1,L3,L3,L2,L2,L1,C3_3,D3_1,F3_1,L3,L2,,,
268334,L1,L1,L2,L1,L3,L3,L2,L2,L1,C3_3,D3_1,F3_1,L3,L3,,,
268335,L1,L1,L2,L1,L3,L3,L2,L2,L1,C3_3,D3_1,F3_2,L1,L1,,,
268336,L1,L1,L2,L1,L3,L3,L2,L2,L1,C3_3,D3_1,F3_2,L1,L2,,,
268337,L1,L1,L2,L1,L3,L3,L2,L2,L1,C3_3,D3_1,F3_2,L1,L3,,,
268338,L1,L1,L2,L1,L3,L3,L2,L2,L1,C3_3,D3_1,F3_2,L2,L1,,,
268339,L1,L1,L2,L1,L3,L3,L2,L2,L1,C3_3,D3_1,F3_2,L2,L2,,,
268340,L1,L1,L2,L1,L3,L3,L2,L2,L1,C3_3,D3_1,F3_2,L2,L3,,,
268341,L1,L1,L2,L1,L3,L3,L2,L2,L1,C3_3,D3_1,F3_2,L3,L1,,,
268342,L1,L1,L2,L1,L3,L3,L2,L2,L1,C3_3,D3_1,F3_2,L3,L2,,,
268343,L1,L1,L2,L1,L3,L3,L2,L2,L1,C3_3,D3_1,F3_2,L3,L3,,,
268344,L1,L1,L2,L1,L3,L3,L2,L2,L1,C3_3,D3_1,F3_3,L1,L1,,,
268345,L1,L1,L2,L1,L3,L3,L2,L2,L1,C3_3,D3_1,F3_3,L1,L2,,,
268346,L1,L1,L2,L1,L3,L3,L2,L2,L1,C3_3,D3_1,F3_3,L1,L3,,,
268347,L1,L1,L2,L1,L3,L3,L2,L2,L1,C3_3,D3_1,F3_3,L2,L1,,,
268348,L1,L1,L2,L1,L3,L3,L2,L2,L1,C3_3,D3_1,F3_3,L2,L2,,,
268349,L1,L1,L2,L1,L3,L3,L2,L2,L1,C3_3,D3_1,F3_3,L2,L3,,,
268350,L1,L1,L2,L1,L3,L3,L2,L2,L1,C3_3,D3_1,F3_3,L3,L1,,,
268351,L1,L1,L2,L1,L3,L3,L2,L2,L1,C3_3,D3_1,F3_3,L3,L2,,,
268352,L1,L1,L2,L1,L3,L3,L2,L2,L1,C3_3,D3_1,F3_3,L3,L3,,,
268353,L1,L1,L2,L1,L3,L3,L2,L2,L1,C3_3,D3_2,F3_1,L1,L1,,,
268354,L1,L1,L2,L1,L3,L3,L2,L2,L1,C3_3,D3_2,F3_1,L1,L2,,,
268355,L1,L1,L2,L1,L3,L3,L2,L2,L1,C3_3,D3_2,F3_1,L1,L3,,,
268356,L1,L1,L2,L1,L3,L3,L2,L2,L1,C3_3,D3_2,F3_1,L2,L1,,,
268357,L1,L1,L2,L1,L3,L3,L2,L2,L1,C3_3,D3_2,F3_1,L2,L2,,,
268358,L1,L1,L2,L1,L3,L3,L2,L2,L1,C3_3,D3_2,F3_1,L2,L3,,,
268359,L1,L1,L2,L1,L3,L3,L2,L2,L1,C3_3,D3_2,F3_1,L3,L1,,,
268360,L1,L1,L2,L1,L3,L3,L2,L2,L1,C3_3,D3_2,F3_1,L3,L2,,,
268361,L1,L1,L2,L1,L3,L3,L2,L2,L1,C3_3,D3_2,F3_1,L3,L3,,,
268362,L1,L1,L2,L1,L3,L3,L2,L2,L1,C3_3,D3_2,F3_2,L1,L1,,,
268363,L1,L1,L2,L1,L3,L3,L2,L2,L1,C3_3,D3_2,F3_2,L1,L2,,,
268364,L1,L1,L2,L1,L3,L3,L2,L2,L1,C3_3,D3_2,F3_2,L1,L3,,,
268365,L1,L1,L2,L1,L3,L3,L2,L2,L1,C3_3,D3_2,F3_2,L2,L1,,,
268366,L1,L1,L2,L1,L3,L3,L2,L2,L1,C3_3,D3_2,F3_2,L2,L2,,,
268367,L1,L1,L2,L1,L3,L3,L2,L2,L1,C3_3,D3_2,F3_2,L2,L3,,,
268368,L1,L1,L2,L1,L3,L3,L2,L2,L1,C3_3,D3_2,F3_2,L3,L1,,,
268369,L1,L1,L2,L1,L3,L3,L2,L2,L1,C3_3,D3_2,F3_2,L3,L2,,,
268370,L1,L1,L2,L1,L3,L3,L2,L2,L1,C3_3,D3_2,F3_2,L3,L3,,,
268371,L1,L1,L2,L1,L3,L3,L2,L2,L1,C3_3,D3_2,F3_3,L1,L1,,,
268372,L1,L1,L2,L1,L3,L3,L2,L2,L1,C3_3,D3_2,F3_3,L1,L2,,,
268373,L1,L1,L2,L1,L3,L3,L2,L2,L1,C3_3,D3_2,F3_3,L1,L3,,,
268374,L1,L1,L2,L1,L3,L3,L2,L2,L1,C3_3,D3_2,F3_3,L2,L1,,,
268375,L1,L1,L2,L1,L3,L3,L2,L2,L1,C3_3,D3_2,F3_3,L2,L2,,,
268376,L1,L1,L2,L1,L3,L3,L2,L2,L1,C3_3,D3_2,F3_3,L2,L3,,,
268377,L1,L1,L2,L1,L3,L3,L2,L2,L1,C3_3,D3_2,F3_3,L3,L1,,,
268378,L1,L1,L2,L1,L3,L3,L2,L2,L1,C3_3,D3_2,F3_3,L3,L2,,,
268379,L1,L1,L2,L1,L3,L3,L2,L2,L1,C3_3,D3_2,F3_3,L3,L3,,,
268380,L1,L1,L2,L1,L3,L3,L2,L2,L1,C3_3,D3_3,F3_1,L1,L1,,,
268381,L1,L1,L2,L1,L3,L3,L2,L2,L1,C3_3,D3_3,F3_1,L1,L2,,,
268382,L1,L1,L2,L1,L3,L3,L2,L2,L1,C3_3,D3_3,F3_1,L1,L3,,,
268383,L1,L1,L2,L1,L3,L3,L2,L2,L1,C3_3,D3_3,F3_1,L2,L1,,,
268384,L1,L1,L2,L1,L3,L3,L2,L2,L1,C3_3,D3_3,F3_1,L2,L2,,,
268385,L1,L1,L2,L1,L3,L3,L2,L2,L1,C3_3,D3_3,F3_1,L2,L3,,,
268386,L1,L1,L2,L1,L3,L3,L2,L2,L1,C3_3,D3_3,F3_1,L3,L1,,,
268387,L1,L1,L2,L1,L3,L3,L2,L2,L1,C3_3,D3_3,F3_1,L3,L2,,,
268388,L1,L1,L2,L1,L3,L3,L2,L2,L1,C3_3,D3_3,F3_1,L3,L3,,,
268389,L1,L1,L2,L1,L3,L3,L2,L2,L1,C3_3,D3_3,F3_2,L1,L1,,,
268390,L1,L1,L2,L1,L3,L3,L2,L2,L1,C3_3,D3_3,F3_2,L1,L2,,,
268391,L1,L1,L2,L1,L3,L3,L2,L2,L1,C3_3,D3_3,F3_2,L1,L3,,,
268392,L1,L1,L2,L1,L3,L3,L2,L2,L1,C3_3,D3_3,F3_2,L2,L1,,,
268393,L1,L1,L2,L1,L3,L3,L2,L2,L1,C3_3,D3_3,F3_2,L2,L2,,,
268394,L1,L1,L2,L1,L3,L3,L2,L2,L1,C3_3,D3_3,F3_2,L2,L3,,,
268395,L1,L1,L2,L1,L3,L3,L2,L2,L1,C3_3,D3_3,F3_2,L3,L1,,,
268396,L1,L1,L2,L1,L3,L3,L2,L2,L1,C3_3,D3_3,F3_2,L3,L2,,,
268397,L1,L1,L2,L1,L3,L3,L2,L2,L1,C3_3,D3_3,F3_2,L3,L3,,,
268398,L1,L1,L2,L1,L3,L3,L2,L2,L1,C3_3,D3_3,F3_3,L1,L1,,,
268399,L1,L1,L2,L1,L3,L3,L2,L2,L1,C3_3,D3_3,F3_3,L1,L2,,,
268400,L1,L1,L2,L1,L3,L3,L2,L2,L1,C3_3,D3_3,F3_3,L1,L3,,,
268401,L1,L1,L2,L1,L3,L3,L2,L2,L1,C3_3,D3_3,F3_3,L2,L1,,,
268402,L1,L1,L2,L1,L3,L3,L2,L2,L1,C3_3,D3_3,F3_3,L2,L2,,,
268403,L1,L1,L2,L1,L3,L3,L2,L2,L1,C3_3,D3_3,F3_3,L2,L3,,,
268404,L1,L1,L2,L1,L3,L3,L2,L2,L1,C3_3,D3_3,F3_3,L3,L1,,,
268405,L1,L1,L2,L1,L3,L3,L2,L2,L1,C3_3,D3_3,F3_3,L3,L2,,,
268406,L1,L1,L2,L1,L3,L3,L2,L2,L1,C3_3,D3_3,F3_3,L3,L3,,,
268407,L2,L2,L3,L2,L3,L3,L2,L2,L1,C3_1,D3_1,F3_1,L1,L1,,,
268408,L2,L2,L3,L2,L3,L3,L2,L2,L1,C3_1,D3_1,F3_1,L1,L2,,,
268409,L2,L2,L3,L2,L3,L3,L2,L2,L1,C3_1,D3_1,F3_1,L1,L3,,,
268410,L2,L2,L3,L2,L3,L3,L2,L2,L1,C3_1,D3_1,F3_1,L2,L1,,,
268411,L2,L2,L3,L2,L3,L3,L2,L2,L1,C3_1,D3_1,F3_1,L2,L2,,,
268412,L2,L2,L3,L2,L3,L3,L2,L2,L1,C3_1,D3_1,F3_1,L2,L3,,,
268413,L2,L2,L3,L2,L3,L3,L2,L2,L1,C3_1,D3_1,F3_1,L3,L1,,,
268414,L2,L2,L3,L2,L3,L3,L2,L2,L1,C3_1,D3_1,F3_1,L3,L2,,,
268415,L2,L2,L3,L2,L3,L3,L2,L2,L1,C3_1,D3_1,F3_1,L3,L3,,,
268416,L2,L2,L3,L2,L3,L3,L2,L2,L1,C3_1,D3_1,F3_2,L1,L1,,,
268417,L2,L2,L3,L2,L3,L3,L2,L2,L1,C3_1,D3_1,F3_2,L1,L2,,,
268418,L2,L2,L3,L2,L3,L3,L2,L2,L1,C3_1,D3_1,F3_2,L1,L3,,,
268419,L2,L2,L3,L2,L3,L3,L2,L2,L1,C3_1,D3_1,F3_2,L2,L1,,,
268420,L2,L2,L3,L2,L3,L3,L2,L2,L1,C3_1,D3_1,F3_2,L2,L2,,,
268421,L2,L2,L3,L2,L3,L3,L2,L2,L1,C3_1,D3_1,F3_2,L2,L3,,,
268422,L2,L2,L3,L2,L3,L3,L2,L2,L1,C3_1,D3_1,F3_2,L3,L1,,,
268423,L2,L2,L3,L2,L3,L3,L2,L2,L1,C3_1,D3_1,F3_2,L3,L2,,,
268424,L2,L2,L3,L2,L3,L3,L2,L2,L1,C3_1,D3_1,F3_2,L3,L3,,,
268425,L2,L2,L3,L2,L3,L3,L2,L2,L1,C3_1,D3_1,F3_3,L1,L1,,,
268426,L2,L2,L3,L2,L3,L3,L2,L2,L1,C3_1,D3_1,F3_3,L1,L2,,,
268427,L2,L2,L3,L2,L3,L3,L2,L2,L1,C3_1,D3_1,F3_3,L1,L3,,,
268428,L2,L2,L3,L2,L3,L3,L2,L2,L1,C3_1,D3_1,F3_3,L2,L1,,,
268429,L2,L2,L3,L2,L3,L3,L2,L2,L1,C3_1,D3_1,F3_3,L2,L2,,,
268430,L2,L2,L3,L2,L3,L3,L2,L2,L1,C3_1,D3_1,F3_3,L2,L3,,,
268431,L2,L2,L3,L2,L3,L3,L2,L2,L1,C3_1,D3_1,F3_3,L3,L1,,,
268432,L2,L2,L3,L2,L3,L3,L2,L2,L1,C3_1,D3_1,F3_3,L3,L2,,,
268433,L2,L2,L3,L2,L3,L3,L2,L2,L1,C3_1,D3_1,F3_3,L3,L3,,,
268434,L2,L2,L3,L2,L3,L3,L2,L2,L1,C3_1,D3_2,F3_1,L1,L1,,,
268435,L2,L2,L3,L2,L3,L3,L2,L2,L1,C3_1,D3_2,F3_1,L1,L2,,,
268436,L2,L2,L3,L2,L3,L3,L2,L2,L1,C3_1,D3_2,F3_1,L1,L3,,,
268437,L2,L2,L3,L2,L3,L3,L2,L2,L1,C3_1,D3_2,F3_1,L2,L1,,,
268438,L2,L2,L3,L2,L3,L3,L2,L2,L1,C3_1,D3_2,F3_1,L2,L2,,,
268439,L2,L2,L3,L2,L3,L3,L2,L2,L1,C3_1,D3_2,F3_1,L2,L3,,,
268440,L2,L2,L3,L2,L3,L3,L2,L2,L1,C3_1,D3_2,F3_1,L3,L1,,,
268441,L2,L2,L3,L2,L3,L3,L2,L2,L1,C3_1,D3_2,F3_1,L3,L2,,,
268442,L2,L2,L3,L2,L3,L3,L2,L2,L1,C3_1,D3_2,F3_1,L3,L3,,,
268443,L2,L2,L3,L2,L3,L3,L2,L2,L1,C3_1,D3_2,F3_2,L1,L1,,,
268444,L2,L2,L3,L2,L3,L3,L2,L2,L1,C3_1,D3_2,F3_2,L1,L2,,,
268445,L2,L2,L3,L2,L3,L3,L2,L2,L1,C3_1,D3_2,F3_2,L1,L3,,,
268446,L2,L2,L3,L2,L3,L3,L2,L2,L1,C3_1,D3_2,F3_2,L2,L1,,,
268447,L2,L2,L3,L2,L3,L3,L2,L2,L1,C3_1,D3_2,F3_2,L2,L2,,,
268448,L2,L2,L3,L2,L3,L3,L2,L2,L1,C3_1,D3_2,F3_2,L2,L3,,,
268449,L2,L2,L3,L2,L3,L3,L2,L2,L1,C3_1,D3_2,F3_2,L3,L1,,,
268450,L2,L2,L3,L2,L3,L3,L2,L2,L1,C3_1,D3_2,F3_2,L3,L2,,,
268451,L2,L2,L3,L2,L3,L3,L2,L2,L1,C3_1,D3_2,F3_2,L3,L3,,,
268452,L2,L2,L3,L2,L3,L3,L2,L2,L1,C3_1,D3_2,F3_3,L1,L1,,,
268453,L2,L2,L3,L2,L3,L3,L2,L2,L1,C3_1,D3_2,F3_3,L1,L2,,,
268454,L2,L2,L3,L2,L3,L3,L2,L2,L1,C3_1,D3_2,F3_3,L1,L3,,,
268455,L2,L2,L3,L2,L3,L3,L2,L2,L1,C3_1,D3_2,F3_3,L2,L1,,,
268456,L2,L2,L3,L2,L3,L3,L2,L2,L1,C3_1,D3_2,F3_3,L2,L2,,,
268457,L2,L2,L3,L2,L3,L3,L2,L2,L1,C3_1,D3_2,F3_3,L2,L3,,,
268458,L2,L2,L3,L2,L3,L3,L2,L2,L1,C3_1,D3_2,F3_3,L3,L1,,,
268459,L2,L2,L3,L2,L3,L3,L2,L2,L1,C3_1,D3_2,F3_3,L3,L2,,,
268460,L2,L2,L3,L2,L3,L3,L2,L2,L1,C3_1,D3_2,F3_3,L3,L3,,,
268461,L2,L2,L3,L2,L3,L3,L2,L2,L1,C3_1,D3_3,F3_1,L1,L1,,,
268462,L2,L2,L3,L2,L3,L3,L2,L2,L1,C3_1,D3_3,F3_1,L1,L2,,,
268463,L2,L2,L3,L2,L3,L3,L2,L2,L1,C3_1,D3_3,F3_1,L1,L3,,,
268464,L2,L2,L3,L2,L3,L3,L2,L2,L1,C3_1,D3_3,F3_1,L2,L1,,,
268465,L2,L2,L3,L2,L3,L3,L2,L2,L1,C3_1,D3_3,F3_1,L2,L2,,,
268466,L2,L2,L3,L2,L3,L3,L2,L2,L1,C3_1,D3_3,F3_1,L2,L3,,,
268467,L2,L2,L3,L2,L3,L3,L2,L2,L1,C3_1,D3_3,F3_1,L3,L1,,,
268468,L2,L2,L3,L2,L3,L3,L2,L2,L1,C3_1,D3_3,F3_1,L3,L2,,,
268469,L2,L2,L3,L2,L3,L3,L2,L2,L1,C3_1,D3_3,F3_1,L3,L3,,,
268470,L2,L2,L3,L2,L3,L3,L2,L2,L1,C3_1,D3_3,F3_2,L1,L1,,,
268471,L2,L2,L3,L2,L3,L3,L2,L2,L1,C3_1,D3_3,F3_2,L1,L2,,,
268472,L2,L2,L3,L2,L3,L3,L2,L2,L1,C3_1,D3_3,F3_2,L1,L3,,,
268473,L2,L2,L3,L2,L3,L3,L2,L2,L1,C3_1,D3_3,F3_2,L2,L1,,,
268474,L2,L2,L3,L2,L3,L3,L2,L2,L1,C3_1,D3_3,F3_2,L2,L2,,,
268475,L2,L2,L3,L2,L3,L3,L2,L2,L1,C3_1,D3_3,F3_2,L2,L3,,,
268476,L2,L2,L3,L2,L3,L3,L2,L2,L1,C3_1,D3_3,F3_2,L3,L1,,,
268477,L2,L2,L3,L2,L3,L3,L2,L2,L1,C3_1,D3_3,F3_2,L3,L2,,,
268478,L2,L2,L3,L2,L3,L3,L2,L2,L1,C3_1,D3_3,F3_2,L3,L3,,,
268479,L2,L2,L3,L2,L3,L3,L2,L2,L1,C3_1,D3_3,F3_3,L1,L1,,,
268480,L2,L2,L3,L2,L3,L3,L2,L2,L1,C3_1,D3_3,F3_3,L1,L2,,,
268481,L2,L2,L3,L2,L3,L3,L2,L2,L1,C3_1,D3_3,F3_3,L1,L3,,,
268482,L2,L2,L3,L2,L3,L3,L2,L2,L1,C3_1,D3_3,F3_3,L2,L1,,,
268483,L2,L2,L3,L2,L3,L3,L2,L2,L1,C3_1,D3_3,F3_3,L2,L2,,,
268484,L2,L2,L3,L2,L3,L3,L2,L2,L1,C3_1,D3_3,F3_3,L2,L3,,,
268485,L2,L2,L3,L2,L3,L3,L2,L2,L1,C3_1,D3_3,F3_3,L3,L1,,,
268486,L2,L2,L3,L2,L3,L3,L2,L2,L1,C3_1,D3_3,F3_3,L3,L2,,,
268487,L2,L2,L3,L2,L3,L3,L2,L2,L1,C3_1,D3_3,F3_3,L3,L3,,,
268488,L2,L2,L3,L2,L3,L3,L2,L2,L1,C3_2,D3_1,F3_1,L1,L1,,,
268489,L2,L2,L3,L2,L3,L3,L2,L2,L1,C3_2,D3_1,F3_1,L1,L2,,,
268490,L2,L2,L3,L2,L3,L3,L2,L2,L1,C3_2,D3_1,F3_1,L1,L3,,,
268491,L2,L2,L3,L2,L3,L3,L2,L2,L1,C3_2,D3_1,F3_1,L2,L1,,,
268492,L2,L2,L3,L2,L3,L3,L2,L2,L1,C3_2,D3_1,F3_1,L2,L2,,,
268493,L2,L2,L3,L2,L3,L3,L2,L2,L1,C3_2,D3_1,F3_1,L2,L3,,,
268494,L2,L2,L3,L2,L3,L3,L2,L2,L1,C3_2,D3_1,F3_1,L3,L1,,,
268495,L2,L2,L3,L2,L3,L3,L2,L2,L1,C3_2,D3_1,F3_1,L3,L2,,,
268496,L2,L2,L3,L2,L3,L3,L2,L2,L1,C3_2,D3_1,F3_1,L3,L3,,,
268497,L2,L2,L3,L2,L3,L3,L2,L2,L1,C3_2,D3_1,F3_2,L1,L1,,,
268498,L2,L2,L3,L2,L3,L3,L2,L2,L1,C3_2,D3_1,F3_2,L1,L2,,,
268499,L2,L2,L3,L2,L3,L3,L2,L2,L1,C3_2,D3_1,F3_2,L1,L3,,,
268500,L2,L2,L3,L2,L3,L3,L2,L2,L1,C3_2,D3_1,F3_2,L2,L1,,,
268501,L2,L2,L3,L2,L3,L3,L2,L2,L1,C3_2,D3_1,F3_2,L2,L2,,,
268502,L2,L2,L3,L2,L3,L3,L2,L2,L1,C3_2,D3_1,F3_2,L2,L3,,,
268503,L2,L2,L3,L2,L3,L3,L2,L2,L1,C3_2,D3_1,F3_2,L3,L1,,,
268504,L2,L2,L3,L2,L3,L3,L2,L2,L1,C3_2,D3_1,F3_2,L3,L2,,,
268505,L2,L2,L3,L2,L3,L3,L2,L2,L1,C3_2,D3_1,F3_2,L3,L3,,,
268506,L2,L2,L3,L2,L3,L3,L2,L2,L1,C3_2,D3_1,F3_3,L1,L1,,,
268507,L2,L2,L3,L2,L3,L3,L2,L2,L1,C3_2,D3_1,F3_3,L1,L2,,,
268508,L2,L2,L3,L2,L3,L3,L2,L2,L1,C3_2,D3_1,F3_3,L1,L3,,,
268509,L2,L2,L3,L2,L3,L3,L2,L2,L1,C3_2,D3_1,F3_3,L2,L1,,,
268510,L2,L2,L3,L2,L3,L3,L2,L2,L1,C3_2,D3_1,F3_3,L2,L2,,,
268511,L2,L2,L3,L2,L3,L3,L2,L2,L1,C3_2,D3_1,F3_3,L2,L3,,,
268512,L2,L2,L3,L2,L3,L3,L2,L2,L1,C3_2,D3_1,F3_3,L3,L1,,,
268513,L2,L2,L3,L2,L3,L3,L2,L2,L1,C3_2,D3_1,F3_3,L3,L2,,,
268514,L2,L2,L3,L2,L3,L3,L2,L2,L1,C3_2,D3_1,F3_3,L3,L3,,,
268515,L2,L2,L3,L2,L3,L3,L2,L2,L1,C3_2,D3_2,F3_1,L1,L1,,,
268516,L2,L2,L3,L2,L3,L3,L2,L2,L1,C3_2,D3_2,F3_1,L1,L2,,,
268517,L2,L2,L3,L2,L3,L3,L2,L2,L1,C3_2,D3_2,F3_1,L1,L3,,,
268518,L2,L2,L3,L2,L3,L3,L2,L2,L1,C3_2,D3_2,F3_1,L2,L1,,,
268519,L2,L2,L3,L2,L3,L3,L2,L2,L1,C3_2,D3_2,F3_1,L2,L2,,,
268520,L2,L2,L3,L2,L3,L3,L2,L2,L1,C3_2,D3_2,F3_1,L2,L3,,,
268521,L2,L2,L3,L2,L3,L3,L2,L2,L1,C3_2,D3_2,F3_1,L3,L1,,,
268522,L2,L2,L3,L2,L3,L3,L2,L2,L1,C3_2,D3_2,F3_1,L3,L2,,,
268523,L2,L2,L3,L2,L3,L3,L2,L2,L1,C3_2,D3_2,F3_1,L3,L3,,,
268524,L2,L2,L3,L2,L3,L3,L2,L2,L1,C3_2,D3_2,F3_2,L1,L1,,,
268525,L2,L2,L3,L2,L3,L3,L2,L2,L1,C3_2,D3_2,F3_2,L1,L2,,,
268526,L2,L2,L3,L2,L3,L3,L2,L2,L1,C3_2,D3_2,F3_2,L1,L3,,,
268527,L2,L2,L3,L2,L3,L3,L2,L2,L1,C3_2,D3_2,F3_2,L2,L1,,,
268528,L2,L2,L3,L2,L3,L3,L2,L2,L1,C3_2,D3_2,F3_2,L2,L2,,,
268529,L2,L2,L3,L2,L3,L3,L2,L2,L1,C3_2,D3_2,F3_2,L2,L3,,,
268530,L2,L2,L3,L2,L3,L3,L2,L2,L1,C3_2,D3_2,F3_2,L3,L1,,,
268531,L2,L2,L3,L2,L3,L3,L2,L2,L1,C3_2,D3_2,F3_2,L3,L2,,,
268532,L2,L2,L3,L2,L3,L3,L2,L2,L1,C3_2,D3_2,F3_2,L3,L3,,,
268533,L2,L2,L3,L2,L3,L3,L2,L2,L1,C3_2,D3_2,F3_3,L1,L1,,,
268534,L2,L2,L3,L2,L3,L3,L2,L2,L1,C3_2,D3_2,F3_3,L1,L2,,,
268535,L2,L2,L3,L2,L3,L3,L2,L2,L1,C3_2,D3_2,F3_3,L1,L3,,,
268536,L2,L2,L3,L2,L3,L3,L2,L2,L1,C3_2,D3_2,F3_3,L2,L1,,,
268537,L2,L2,L3,L2,L3,L3,L2,L2,L1,C3_2,D3_2,F3_3,L2,L2,,,
268538,L2,L2,L3,L2,L3,L3,L2,L2,L1,C3_2,D3_2,F3_3,L2,L3,,,
268539,L2,L2,L3,L2,L3,L3,L2,L2,L1,C3_2,D3_2,F3_3,L3,L1,,,
268540,L2,L2,L3,L2,L3,L3,L2,L2,L1,C3_2,D3_2,F3_3,L3,L2,,,
268541,L2,L2,L3,L2,L3,L3,L2,L2,L1,C3_2,D3_2,F3_3,L3,L3,,,
268542,L2,L2,L3,L2,L3,L3,L2,L2,L1,C3_2,D3_3,F3_1,L1,L1,,,
268543,L2,L2,L3,L2,L3,L3,L2,L2,L1,C3_2,D3_3,F3_1,L1,L2,,,
268544,L2,L2,L3,L2,L3,L3,L2,L2,L1,C3_2,D3_3,F3_1,L1,L3,,,
268545,L2,L2,L3,L2,L3,L3,L2,L2,L1,C3_2,D3_3,F3_1,L2,L1,,,
268546,L2,L2,L3,L2,L3,L3,L2,L2,L1,C3_2,D3_3,F3_1,L2,L2,,,
268547,L2,L2,L3,L2,L3,L3,L2,L2,L1,C3_2,D3_3,F3_1,L2,L3,,,
268548,L2,L2,L3,L2,L3,L3,L2,L2,L1,C3_2,D3_3,F3_1,L3,L1,,,
268549,L2,L2,L3,L2,L3,L3,L2,L2,L1,C3_2,D3_3,F3_1,L3,L2,,,
268550,L2,L2,L3,L2,L3,L3,L2,L2,L1,C3_2,D3_3,F3_1,L3,L3,,,
268551,L2,L2,L3,L2,L3,L3,L2,L2,L1,C3_2,D3_3,F3_2,L1,L1,,,
268552,L2,L2,L3,L2,L3,L3,L2,L2,L1,C3_2,D3_3,F3_2,L1,L2,,,
268553,L2,L2,L3,L2,L3,L3,L2,L2,L1,C3_2,D3_3,F3_2,L1,L3,,,
268554,L2,L2,L3,L2,L3,L3,L2,L2,L1,C3_2,D3_3,F3_2,L2,L1,,,
268555,L2,L2,L3,L2,L3,L3,L2,L2,L1,C3_2,D3_3,F3_2,L2,L2,,,
268556,L2,L2,L3,L2,L3,L3,L2,L2,L1,C3_2,D3_3,F3_2,L2,L3,,,
268557,L2,L2,L3,L2,L3,L3,L2,L2,L1,C3_2,D3_3,F3_2,L3,L1,,,
268558,L2,L2,L3,L2,L3,L3,L2,L2,L1,C3_2,D3_3,F3_2,L3,L2,,,
268559,L2,L2,L3,L2,L3,L3,L2,L2,L1,C3_2,D3_3,F3_2,L3,L3,,,
268560,L2,L2,L3,L2,L3,L3,L2,L2,L1,C3_2,D3_3,F3_3,L1,L1,,,
268561,L2,L2,L3,L2,L3,L3,L2,L2,L1,C3_2,D3_3,F3_3,L1,L2,,,
268562,L2,L2,L3,L2,L3,L3,L2,L2,L1,C3_2,D3_3,F3_3,L1,L3,,,
268563,L2,L2,L3,L2,L3,L3,L2,L2,L1,C3_2,D3_3,F3_3,L2,L1,,,
268564,L2,L2,L3,L2,L3,L3,L2,L2,L1,C3_2,D3_3,F3_3,L2,L2,,,
268565,L2,L2,L3,L2,L3,L3,L2,L2,L1,C3_2,D3_3,F3_3,L2,L3,,,
268566,L2,L2,L3,L2,L3,L3,L2,L2,L1,C3_2,D3_3,F3_3,L3,L1,,,
268567,L2,L2,L3,L2,L3,L3,L2,L2,L1,C3_2,D3_3,F3_3,L3,L2,,,
268568,L2,L2,L3,L2,L3,L3,L2,L2,L1,C3_2,D3_3,F3_3,L3,L3,,,
268569,L2,L2,L3,L2,L3,L3,L2,L2,L1,C3_3,D3_1,F3_1,L1,L1,,,
268570,L2,L2,L3,L2,L3,L3,L2,L2,L1,C3_3,D3_1,F3_1,L1,L2,,,
268571,L2,L2,L3,L2,L3,L3,L2,L2,L1,C3_3,D3_1,F3_1,L1,L3,,,
268572,L2,L2,L3,L2,L3,L3,L2,L2,L1,C3_3,D3_1,F3_1,L2,L1,,,
268573,L2,L2,L3,L2,L3,L3,L2,L2,L1,C3_3,D3_1,F3_1,L2,L2,,,
268574,L2,L2,L3,L2,L3,L3,L2,L2,L1,C3_3,D3_1,F3_1,L2,L3,,,
268575,L2,L2,L3,L2,L3,L3,L2,L2,L1,C3_3,D3_1,F3_1,L3,L1,,,
268576,L2,L2,L3,L2,L3,L3,L2,L2,L1,C3_3,D3_1,F3_1,L3,L2,,,
268577,L2,L2,L3,L2,L3,L3,L2,L2,L1,C3_3,D3_1,F3_1,L3,L3,,,
268578,L2,L2,L3,L2,L3,L3,L2,L2,L1,C3_3,D3_1,F3_2,L1,L1,,,
268579,L2,L2,L3,L2,L3,L3,L2,L2,L1,C3_3,D3_1,F3_2,L1,L2,,,
268580,L2,L2,L3,L2,L3,L3,L2,L2,L1,C3_3,D3_1,F3_2,L1,L3,,,
268581,L2,L2,L3,L2,L3,L3,L2,L2,L1,C3_3,D3_1,F3_2,L2,L1,,,
268582,L2,L2,L3,L2,L3,L3,L2,L2,L1,C3_3,D3_1,F3_2,L2,L2,,,
268583,L2,L2,L3,L2,L3,L3,L2,L2,L1,C3_3,D3_1,F3_2,L2,L3,,,
268584,L2,L2,L3,L2,L3,L3,L2,L2,L1,C3_3,D3_1,F3_2,L3,L1,,,
268585,L2,L2,L3,L2,L3,L3,L2,L2,L1,C3_3,D3_1,F3_2,L3,L2,,,
268586,L2,L2,L3,L2,L3,L3,L2,L2,L1,C3_3,D3_1,F3_2,L3,L3,,,
268587,L2,L2,L3,L2,L3,L3,L2,L2,L1,C3_3,D3_1,F3_3,L1,L1,,,
268588,L2,L2,L3,L2,L3,L3,L2,L2,L1,C3_3,D3_1,F3_3,L1,L2,,,
268589,L2,L2,L3,L2,L3,L3,L2,L2,L1,C3_3,D3_1,F3_3,L1,L3,,,
268590,L2,L2,L3,L2,L3,L3,L2,L2,L1,C3_3,D3_1,F3_3,L2,L1,,,
268591,L2,L2,L3,L2,L3,L3,L2,L2,L1,C3_3,D3_1,F3_3,L2,L2,,,
268592,L2,L2,L3,L2,L3,L3,L2,L2,L1,C3_3,D3_1,F3_3,L2,L3,,,
268593,L2,L2,L3,L2,L3,L3,L2,L2,L1,C3_3,D3_1,F3_3,L3,L1,,,
268594,L2,L2,L3,L2,L3,L3,L2,L2,L1,C3_3,D3_1,F3_3,L3,L2,,,
268595,L2,L2,L3,L2,L3,L3,L2,L2,L1,C3_3,D3_1,F3_3,L3,L3,,,
268596,L2,L2,L3,L2,L3,L3,L2,L2,L1,C3_3,D3_2,F3_1,L1,L1,,,
268597,L2,L2,L3,L2,L3,L3,L2,L2,L1,C3_3,D3_2,F3_1,L1,L2,,,
268598,L2,L2,L3,L2,L3,L3,L2,L2,L1,C3_3,D3_2,F3_1,L1,L3,,,
268599,L2,L2,L3,L2,L3,L3,L2,L2,L1,C3_3,D3_2,F3_1,L2,L1,,,
268600,L2,L2,L3,L2,L3,L3,L2,L2,L1,C3_3,D3_2,F3_1,L2,L2,,,
268601,L2,L2,L3,L2,L3,L3,L2,L2,L1,C3_3,D3_2,F3_1,L2,L3,,,
268602,L2,L2,L3,L2,L3,L3,L2,L2,L1,C3_3,D3_2,F3_1,L3,L1,,,
268603,L2,L2,L3,L2,L3,L3,L2,L2,L1,C3_3,D3_2,F3_1,L3,L2,,,
268604,L2,L2,L3,L2,L3,L3,L2,L2,L1,C3_3,D3_2,F3_1,L3,L3,,,
268605,L2,L2,L3,L2,L3,L3,L2,L2,L1,C3_3,D3_2,F3_2,L1,L1,,,
268606,L2,L2,L3,L2,L3,L3,L2,L2,L1,C3_3,D3_2,F3_2,L1,L2,,,
268607,L2,L2,L3,L2,L3,L3,L2,L2,L1,C3_3,D3_2,F3_2,L1,L3,,,
268608,L2,L2,L3,L2,L3,L3,L2,L2,L1,C3_3,D3_2,F3_2,L2,L1,,,
268609,L2,L2,L3,L2,L3,L3,L2,L2,L1,C3_3,D3_2,F3_2,L2,L2,,,
268610,L2,L2,L3,L2,L3,L3,L2,L2,L1,C3_3,D3_2,F3_2,L2,L3,,,
268611,L2,L2,L3,L2,L3,L3,L2,L2,L1,C3_3,D3_2,F3_2,L3,L1,,,
268612,L2,L2,L3,L2,L3,L3,L2,L2,L1,C3_3,D3_2,F3_2,L3,L2,,,
268613,L2,L2,L3,L2,L3,L3,L2,L2,L1,C3_3,D3_2,F3_2,L3,L3,,,
268614,L2,L2,L3,L2,L3,L3,L2,L2,L1,C3_3,D3_2,F3_3,L1,L1,,,
268615,L2,L2,L3,L2,L3,L3,L2,L2,L1,C3_3,D3_2,F3_3,L1,L2,,,
268616,L2,L2,L3,L2,L3,L3,L2,L2,L1,C3_3,D3_2,F3_3,L1,L3,,,
268617,L2,L2,L3,L2,L3,L3,L2,L2,L1,C3_3,D3_2,F3_3,L2,L1,,,
268618,L2,L2,L3,L2,L3,L3,L2,L2,L1,C3_3,D3_2,F3_3,L2,L2,,,
268619,L2,L2,L3,L2,L3,L3,L2,L2,L1,C3_3,D3_2,F3_3,L2,L3,,,
268620,L2,L2,L3,L2,L3,L3,L2,L2,L1,C3_3,D3_2,F3_3,L3,L1,,,
268621,L2,L2,L3,L2,L3,L3,L2,L2,L1,C3_3,D3_2,F3_3,L3,L2,,,
268622,L2,L2,L3,L2,L3,L3,L2,L2,L1,C3_3,D3_2,F3_3,L3,L3,,,
268623,L2,L2,L3,L2,L3,L3,L2,L2,L1,C3_3,D3_3,F3_1,L1,L1,,,
268624,L2,L2,L3,L2,L3,L3,L2,L2,L1,C3_3,D3_3,F3_1,L1,L2,,,
268625,L2,L2,L3,L2,L3,L3,L2,L2,L1,C3_3,D3_3,F3_1,L1,L3,,,
268626,L2,L2,L3,L2,L3,L3,L2,L2,L1,C3_3,D3_3,F3_1,L2,L1,,,
268627,L2,L2,L3,L2,L3,L3,L2,L2,L1,C3_3,D3_3,F3_1,L2,L2,,,
268628,L2,L2,L3,L2,L3,L3,L2,L2,L1,C3_3,D3_3,F3_1,L2,L3,,,
268629,L2,L2,L3,L2,L3,L3,L2,L2,L1,C3_3,D3_3,F3_1,L3,L1,,,
268630,L2,L2,L3,L2,L3,L3,L2,L2,L1,C3_3,D3_3,F3_1,L3,L2,,,
268631,L2,L2,L3,L2,L3,L3,L2,L2,L1,C3_3,D3_3,F3_1,L3,L3,,,
268632,L2,L2,L3,L2,L3,L3,L2,L2,L1,C3_3,D3_3,F3_2,L1,L1,,,
268633,L2,L2,L3,L2,L3,L3,L2,L2,L1,C3_3,D3_3,F3_2,L1,L2,,,
268634,L2,L2,L3,L2,L3,L3,L2,L2,L1,C3_3,D3_3,F3_2,L1,L3,,,
268635,L2,L2,L3,L2,L3,L3,L2,L2,L1,C3_3,D3_3,F3_2,L2,L1,,,
268636,L2,L2,L3,L2,L3,L3,L2,L2,L1,C3_3,D3_3,F3_2,L2,L2,,,
268637,L2,L2,L3,L2,L3,L3,L2,L2,L1,C3_3,D3_3,F3_2,L2,L3,,,
268638,L2,L2,L3,L2,L3,L3,L2,L2,L1,C3_3,D3_3,F3_2,L3,L1,,,
268639,L2,L2,L3,L2,L3,L3,L2,L2,L1,C3_3,D3_3,F3_2,L3,L2,,,
268640,L2,L2,L3,L2,L3,L3,L2,L2,L1,C3_3,D3_3,F3_2,L3,L3,,,
268641,L2,L2,L3,L2,L3,L3,L2,L2,L1,C3_3,D3_3,F3_3,L1,L1,,,
268642,L2,L2,L3,L2,L3,L3,L2,L2,L1,C3_3,D3_3,F3_3,L1,L2,,,
268643,L2,L2,L3,L2,L3,L3,L2,L2,L1,C3_3,D3_3,F3_3,L1,L3,,,
268644,L2,L2,L3,L2,L3,L3,L2,L2,L1,C3_3,D3_3,F3_3,L2,L1,,,
268645,L2,L2,L3,L2,L3,L3,L2,L2,L1,C3_3,D3_3,F3_3,L2,L2,,,
268646,L2,L2,L3,L2,L3,L3,L2,L2,L1,C3_3,D3_3,F3_3,L2,L3,,,
268647,L2,L2,L3,L2,L3,L3,L2,L2,L1,C3_3,D3_3,F3_3,L3,L1,,,
268648,L2,L2,L3,L2,L3,L3,L2,L2,L1,C3_3,D3_3,F3_3,L3,L2,,,
268649,L2,L2,L3,L2,L3,L3,L2,L2,L1,C3_3,D3_3,F3_3,L3,L3,,,
286119,L3,L3,L3,L2,L2,L3,L2,L2,L1,C3_1,D3_1,F3_1,L1,L1,,,
286120,L3,L3,L3,L2,L2,L3,L2,L2,L1,C3_1,D3_1,F3_1,L1,L2,,,
286121,L3,L3,L3,L2,L2,L3,L2,L2,L1,C3_1,D3_1,F3_1,L1,L3,,,
286122,L3,L3,L3,L2,L2,L3,L2,L2,L1,C3_1,D3_1,F3_1,L2,L1,,,
286123,L3,L3,L3,L2,L2,L3,L2,L2,L1,C3_1,D3_1,F3_1,L2,L2,,,
286124,L3,L3,L3,L2,L2,L3,L2,L2,L1,C3_1,D3_1,F3_1,L2,L3,,,
286125,L3,L3,L3,L2,L2,L3,L2,L2,L1,C3_1,D3_1,F3_1,L3,L1,,,
286126,L3,L3,L3,L2,L2,L3,L2,L2,L1,C3_1,D3_1,F3_1,L3,L2,,,
286127,L3,L3,L3,L2,L2,L3,L2,L2,L1,C3_1,D3_1,F3_1,L3,L3,,,
286128,L3,L3,L3,L2,L2,L3,L2,L2,L1,C3_1,D3_1,F3_2,L1,L1,,,
286129,L3,L3,L3,L2,L2,L3,L2,L2,L1,C3_1,D3_1,F3_2,L1,L2,,,
286130,L3,L3,L3,L2,L2,L3,L2,L2,L1,C3_1,D3_1,F3_2,L1,L3,,,
286131,L3,L3,L3,L2,L2,L3,L2,L2,L1,C3_1,D3_1,F3_2,L2,L1,,,
286132,L3,L3,L3,L2,L2,L3,L2,L2,L1,C3_1,D3_1,F3_2,L2,L2,,,
286133,L3,L3,L3,L2,L2,L3,L2,L2,L1,C3_1,D3_1,F3_2,L2,L3,,,
286134,L3,L3,L3,L2,L2,L3,L2,L2,L1,C3_1,D3_1,F3_2,L3,L1,,,
286135,L3,L3,L3,L2,L2,L3,L2,L2,L1,C3_1,D3_1,F3_2,L3,L2,,,
286136,L3,L3,L3,L2,L2,L3,L2,L2,L1,C3_1,D3_1,F3_2,L3,L3,,,
286137,L3,L3,L3,L2,L2,L3,L2,L2,L1,C3_1,D3_1,F3_3,L1,L1,,,
286138,L3,L3,L3,L2,L2,L3,L2,L2,L1,C3_1,D3_1,F3_3,L1,L2,,,
286139,L3,L3,L3,L2,L2,L3,L2,L2,L1,C3_1,D3_1,F3_3,L1,L3,,,
286140,L3,L3,L3,L2,L2,L3,L2,L2,L1,C3_1,D3_1,F3_3,L2,L1,,,
286141,L3,L3,L3,L2,L2,L3,L2,L2,L1,C3_1,D3_1,F3_3,L2,L2,,,
286142,L3,L3,L3,L2,L2,L3,L2,L2,L1,C3_1,D3_1,F3_3,L2,L3,,,
286143,L3,L3,L3,L2,L2,L3,L2,L2,L1,C3_1,D3_1,F3_3,L3,L1,,,
286144,L3,L3,L3,L2,L2,L3,L2,L2,L1,C3_1,D3_1,F3_3,L3,L2,,,
286145,L3,L3,L3,L2,L2,L3,L2,L2,L1,C3_1,D3_1,F3_3,L3,L3,,,
286146,L3,L3,L3,L2,L2,L3,L2,L2,L1,C3_1,D3_2,F3_1,L1,L1,,,
286147,L3,L3,L3,L2,L2,L3,L2,L2,L1,C3_1,D3_2,F3_1,L1,L2,,,
286148,L3,L3,L3,L2,L2,L3,L2,L2,L1,C3_1,D3_2,F3_1,L1,L3,,,
286149,L3,L3,L3,L2,L2,L3,L2,L2,L1,C3_1,D3_2,F3_1,L2,L1,,,
286150,L3,L3,L3,L2,L2,L3,L2,L2,L1,C3_1,D3_2,F3_1,L2,L2,,,
286151,L3,L3,L3,L2,L2,L3,L2,L2,L1,C3_1,D3_2,F3_1,L2,L3,,,
286152,L3,L3,L3,L2,L2,L3,L2,L2,L1,C3_1,D3_2,F3_1,L3,L1,,,
286153,L3,L3,L3,L2,L2,L3,L2,L2,L1,C3_1,D3_2,F3_1,L3,L2,,,
286154,L3,L3,L3,L2,L2,L3,L2,L2,L1,C3_1,D3_2,F3_1,L3,L3,,,
286155,L3,L3,L3,L2,L2,L3,L2,L2,L1,C3_1,D3_2,F3_2,L1,L1,,,
286156,L3,L3,L3,L2,L2,L3,L2,L2,L1,C3_1,D3_2,F3_2,L1,L2,,,
286157,L3,L3,L3,L2,L2,L3,L2,L2,L1,C3_1,D3_2,F3_2,L1,L3,,,
286158,L3,L3,L3,L2,L2,L3,L2,L2,L1,C3_1,D3_2,F3_2,L2,L1,,,
286159,L3,L3,L3,L2,L2,L3,L2,L2,L1,C3_1,D3_2,F3_2,L2,L2,,,
286160,L3,L3,L3,L2,L2,L3,L2,L2,L1,C3_1,D3_2,F3_2,L2,L3,,,
286161,L3,L3,L3,L2,L2,L3,L2,L2,L1,C3_1,D3_2,F3_2,L3,L1,,,
286162,L3,L3,L3,L2,L2,L3,L2,L2,L1,C3_1,D3_2,F3_2,L3,L2,,,
286163,L3,L3,L3,L2,L2,L3,L2,L2,L1,C3_1,D3_2,F3_2,L3,L3,,,
286164,L3,L3,L3,L2,L2,L3,L2,L2,L1,C3_1,D3_2,F3_3,L1,L1,,,
286165,L3,L3,L3,L2,L2,L3,L2,L2,L1,C3_1,D3_2,F3_3,L1,L2,,,
286166,L3,L3,L3,L2,L2,L3,L2,L2,L1,C3_1,D3_2,F3_3,L1,L3,,,
286167,L3,L3,L3,L2,L2,L3,L2,L2,L1,C3_1,D3_2,F3_3,L2,L1,,,
286168,L3,L3,L3,L2,L2,L3,L2,L2,L1,C3_1,D3_2,F3_3,L2,L2,,,
286169,L3,L3,L3,L2,L2,L3,L2,L2,L1,C3_1,D3_2,F3_3,L2,L3,,,
286170,L3,L3,L3,L2,L2,L3,L2,L2,L1,C3_1,D3_2,F3_3,L3,L1,,,
286171,L3,L3,L3,L2,L2,L3,L2,L2,L1,C3_1,D3_2,F3_3,L3,L2,,,
286172,L3,L3,L3,L2,L2,L3,L2,L2,L1,C3_1,D3_2,F3_3,L3,L3,,,
286173,L3,L3,L3,L2,L2,L3,L2,L2,L1,C3_1,D3_3,F3_1,L1,L1,,,
286174,L3,L3,L3,L2,L2,L3,L2,L2,L1,C3_1,D3_3,F3_1,L1,L2,,,
286175,L3,L3,L3,L2,L2,L3,L2,L2,L1,C3_1,D3_3,F3_1,L1,L3,,,
286176,L3,L3,L3,L2,L2,L3,L2,L2,L1,C3_1,D3_3,F3_1,L2,L1,,,
286177,L3,L3,L3,L2,L2,L3,L2,L2,L1,C3_1,D3_3,F3_1,L2,L2,,,
286178,L3,L3,L3,L2,L2,L3,L2,L2,L1,C3_1,D3_3,F3_1,L2,L3,,,
286179,L3,L3,L3,L2,L2,L3,L2,L2,L1,C3_1,D3_3,F3_1,L3,L1,,,
286180,L3,L3,L3,L2,L2,L3,L2,L2,L1,C3_1,D3_3,F3_1,L3,L2,,,
286181,L3,L3,L3,L2,L2,L3,L2,L2,L1,C3_1,D3_3,F3_1,L3,L3,,,
286182,L3,L3,L3,L2,L2,L3,L2,L2,L1,C3_1,D3_3,F3_2,L1,L1,,,
286183,L3,L3,L3,L2,L2,L3,L2,L2,L1,C3_1,D3_3,F3_2,L1,L2,,,
286184,L3,L3,L3,L2,L2,L3,L2,L2,L1,C3_1,D3_3,F3_2,L1,L3,,,
286185,L3,L3,L3,L2,L2,L3,L2,L2,L1,C3_1,D3_3,F3_2,L2,L1,,,
286186,L3,L3,L3,L2,L2,L3,L2,L2,L1,C3_1,D3_3,F3_2,L2,L2,,,
286187,L3,L3,L3,L2,L2,L3,L2,L2,L1,C3_1,D3_3,F3_2,L2,L3,,,
286188,L3,L3,L3,L2,L2,L3,L2,L2,L1,C3_1,D3_3,F3_2,L3,L1,,,
286189,L3,L3,L3,L2,L2,L3,L2,L2,L1,C3_1,D3_3,F3_2,L3,L2,,,
286190,L3,L3,L3,L2,L2,L3,L2,L2,L1,C3_1,D3_3,F3_2,L3,L3,,,
286191,L3,L3,L3,L2,L2,L3,L2,L2,L1,C3_1,D3_3,F3_3,L1,L1,,,
286192,L3,L3,L3,L2,L2,L3,L2,L2,L1,C3_1,D3_3,F3_3,L1,L2,,,
286193,L3,L3,L3,L2,L2,L3,L2,L2,L1,C3_1,D3_3,F3_3,L1,L3,,,
286194,L3,L3,L3,L2,L2,L3,L2,L2,L1,C3_1,D3_3,F3_3,L2,L1,,,
286195,L3,L3,L3,L2,L2,L3,L2,L2,L1,C3_1,D3_3,F3_3,L2,L2,,,
286196,L3,L3,L3,L2,L2,L3,L2,L2,L1,C3_1,D3_3,F3_3,L2,L3,,,
286197,L3,L3,L3,L2,L2,L3,L2,L2,L1,C3_1,D3_3,F3_3,L3,L1,,,
286198,L3,L3,L3,L2,L2,L3,L2,L2,L1,C3_1,D3_3,F3_3,L3,L2,,,
286199,L3,L3,L3,L2,L2,L3,L2,L2,L1,C3_1,D3_3,F3_3,L3,L3,,,
286200,L3,L3,L3,L2,L2,L3,L2,L2,L1,C3_2,D3_1,F3_1,L1,L1,,,
286201,L3,L3,L3,L2,L2,L3,L2,L2,L1,C3_2,D3_1,F3_1,L1,L2,,,
286202,L3,L3,L3,L2,L2,L3,L2,L2,L1,C3_2,D3_1,F3_1,L1,L3,,,
286203,L3,L3,L3,L2,L2,L3,L2,L2,L1,C3_2,D3_1,F3_1,L2,L1,,,
286204,L3,L3,L3,L2,L2,L3,L2,L2,L1,C3_2,D3_1,F3_1,L2,L2,,,
286205,L3,L3,L3,L2,L2,L3,L2,L2,L1,C3_2,D3_1,F3_1,L2,L3,,,
286206,L3,L3,L3,L2,L2,L3,L2,L2,L1,C3_2,D3_1,F3_1,L3,L1,,,
286207,L3,L3,L3,L2,L2,L3,L2,L2,L1,C3_2,D3_1,F3_1,L3,L2,,,
286208,L3,L3,L3,L2,L2,L3,L2,L2,L1,C3_2,D3_1,F3_1,L3,L3,,,
286209,L3,L3,L3,L2,L2,L3,L2,L2,L1,C3_2,D3_1,F3_2,L1,L1,,,
286210,L3,L3,L3,L2,L2,L3,L2,L2,L1,C3_2,D3_1,F3_2,L1,L2,,,
286211,L3,L3,L3,L2,L2,L3,L2,L2,L1,C3_2,D3_1,F3_2,L1,L3,,,
286212,L3,L3,L3,L2,L2,L3,L2,L2,L1,C3_2,D3_1,F3_2,L2,L1,,,
286213,L3,L3,L3,L2,L2,L3,L2,L2,L1,C3_2,D3_1,F3_2,L2,L2,,,
286214,L3,L3,L3,L2,L2,L3,L2,L2,L1,C3_2,D3_1,F3_2,L2,L3,,,
286215,L3,L3,L3,L2,L2,L3,L2,L2,L1,C3_2,D3_1,F3_2,L3,L1,,,
286216,L3,L3,L3,L2,L2,L3,L2,L2,L1,C3_2,D3_1,F3_2,L3,L2,,,
286217,L3,L3,L3,L2,L2,L3,L2,L2,L1,C3_2,D3_1,F3_2,L3,L3,,,
286218,L3,L3,L3,L2,L2,L3,L2,L2,L1,C3_2,D3_1,F3_3,L1,L1,,,
286219,L3,L3,L3,L2,L2,L3,L2,L2,L1,C3_2,D3_1,F3_3,L1,L2,,,
286220,L3,L3,L3,L2,L2,L3,L2,L2,L1,C3_2,D3_1,F3_3,L1,L3,,,
286221,L3,L3,L3,L2,L2,L3,L2,L2,L1,C3_2,D3_1,F3_3,L2,L1,,,
286222,L3,L3,L3,L2,L2,L3,L2,L2,L1,C3_2,D3_1,F3_3,L2,L2,,,
286223,L3,L3,L3,L2,L2,L3,L2,L2,L1,C3_2,D3_1,F3_3,L2,L3,,,
286224,L3,L3,L3,L2,L2,L3,L2,L2,L1,C3_2,D3_1,F3_3,L3,L1,,,
286225,L3,L3,L3,L2,L2,L3,L2,L2,L1,C3_2,D3_1,F3_3,L3,L2,,,
286226,L3,L3,L3,L2,L2,L3,L2,L2,L1,C3_2,D3_1,F3_3,L3,L3,,,
286227,L3,L3,L3,L2,L2,L3,L2,L2,L1,C3_2,D3_2,F3_1,L1,L1,,,
286228,L3,L3,L3,L2,L2,L3,L2,L2,L1,C3_2,D3_2,F3_1,L1,L2,,,
286229,L3,L3,L3,L2,L2,L3,L2,L2,L1,C3_2,D3_2,F3_1,L1,L3,,,
286230,L3,L3,L3,L2,L2,L3,L2,L2,L1,C3_2,D3_2,F3_1,L2,L1,,,
286231,L3,L3,L3,L2,L2,L3,L2,L2,L1,C3_2,D3_2,F3_1,L2,L2,,,
286232,L3,L3,L3,L2,L2,L3,L2,L2,L1,C3_2,D3_2,F3_1,L2,L3,,,
286233,L3,L3,L3,L2,L2,L3,L2,L2,L1,C3_2,D3_2,F3_1,L3,L1,,,
286234,L3,L3,L3,L2,L2,L3,L2,L2,L1,C3_2,D3_2,F3_1,L3,L2,,,
286235,L3,L3,L3,L2,L2,L3,L2,L2,L1,C3_2,D3_2,F3_1,L3,L3,,,
286236,L3,L3,L3,L2,L2,L3,L2,L2,L1,C3_2,D3_2,F3_2,L1,L1,,,
286237,L3,L3,L3,L2,L2,L3,L2,L2,L1,C3_2,D3_2,F3_2,L1,L2,,,
286238,L3,L3,L3,L2,L2,L3,L2,L2,L1,C3_2,D3_2,F3_2,L1,L3,,,
286239,L3,L3,L3,L2,L2,L3,L2,L2,L1,C3_2,D3_2,F3_2,L2,L1,,,
286240,L3,L3,L3,L2,L2,L3,L2,L2,L1,C3_2,D3_2,F3_2,L2,L2,,,
286241,L3,L3,L3,L2,L2,L3,L2,L2,L1,C3_2,D3_2,F3_2,L2,L3,,,
286242,L3,L3,L3,L2,L2,L3,L2,L2,L1,C3_2,D3_2,F3_2,L3,L1,,,
286243,L3,L3,L3,L2,L2,L3,L2,L2,L1,C3_2,D3_2,F3_2,L3,L2,,,
286244,L3,L3,L3,L2,L2,L3,L2,L2,L1,C3_2,D3_2,F3_2,L3,L3,,,
286245,L3,L3,L3,L2,L2,L3,L2,L2,L1,C3_2,D3_2,F3_3,L1,L1,,,
286246,L3,L3,L3,L2,L2,L3,L2,L2,L1,C3_2,D3_2,F3_3,L1,L2,,,
286247,L3,L3,L3,L2,L2,L3,L2,L2,L1,C3_2,D3_2,F3_3,L1,L3,,,
286248,L3,L3,L3,L2,L2,L3,L2,L2,L1,C3_2,D3_2,F3_3,L2,L1,,,
286249,L3,L3,L3,L2,L2,L3,L2,L2,L1,C3_2,D3_2,F3_3,L2,L2,,,
286250,L3,L3,L3,L2,L2,L3,L2,L2,L1,C3_2,D3_2,F3_3,L2,L3,,,
286251,L3,L3,L3,L2,L2,L3,L2,L2,L1,C3_2,D3_2,F3_3,L3,L1,,,
286252,L3,L3,L3,L2,L2,L3,L2,L2,L1,C3_2,D3_2,F3_3,L3,L2,,,
286253,L3,L3,L3,L2,L2,L3,L2,L2,L1,C3_2,D3_2,F3_3,L3,L3,,,
286254,L3,L3,L3,L2,L2,L3,L2,L2,L1,C3_2,D3_3,F3_1,L1,L1,,,
286255,L3,L3,L3,L2,L2,L3,L2,L2,L1,C3_2,D3_3,F3_1,L1,L2,,,
286256,L3,L3,L3,L2,L2,L3,L2,L2,L1,C3_2,D3_3,F3_1,L1,L3,,,
286257,L3,L3,L3,L2,L2,L3,L2,L2,L1,C3_2,D3_3,F3_1,L2,L1,,,
286258,L3,L3,L3,L2,L2,L3,L2,L2,L1,C3_2,D3_3,F3_1,L2,L2,,,
286259,L3,L3,L3,L2,L2,L3,L2,L2,L1,C3_2,D3_3,F3_1,L2,L3,,,
286260,L3,L3,L3,L2,L2,L3,L2,L2,L1,C3_2,D3_3,F3_1,L3,L1,,,
286261,L3,L3,L3,L2,L2,L3,L2,L2,L1,C3_2,D3_3,F3_1,L3,L2,,,
286262,L3,L3,L3,L2,L2,L3,L2,L2,L1,C3_2,D3_3,F3_1,L3,L3,,,
286263,L3,L3,L3,L2,L2,L3,L2,L2,L1,C3_2,D3_3,F3_2,L1,L1,,,
286264,L3,L3,L3,L2,L2,L3,L2,L2,L1,C3_2,D3_3,F3_2,L1,L2,,,
286265,L3,L3,L3,L2,L2,L3,L2,L2,L1,C3_2,D3_3,F3_2,L1,L3,,,
286266,L3,L3,L3,L2,L2,L3,L2,L2,L1,C3_2,D3_3,F3_2,L2,L1,,,
286267,L3,L3,L3,L2,L2,L3,L2,L2,L1,C3_2,D3_3,F3_2,L2,L2,,,
286268,L3,L3,L3,L2,L2,L3,L2,L2,L1,C3_2,D3_3,F3_2,L2,L3,,,
286269,L3,L3,L3,L2,L2,L3,L2,L2,L1,C3_2,D3_3,F3_2,L3,L1,,,
286270,L3,L3,L3,L2,L2,L3,L2,L2,L1,C3_2,D3_3,F3_2,L3,L2,,,
286271,L3,L3,L3,L2,L2,L3,L2,L2,L1,C3_2,D3_3,F3_2,L3,L3,,,
286272,L3,L3,L3,L2,L2,L3,L2,L2,L1,C3_2,D3_3,F3_3,L1,L1,,,
286273,L3,L3,L3,L2,L2,L3,L2,L2,L1,C3_2,D3_3,F3_3,L1,L2,,,
286274,L3,L3,L3,L2,L2,L3,L2,L2,L1,C3_2,D3_3,F3_3,L1,L3,,,
286275,L3,L3,L3,L2,L2,L3,L2,L2,L1,C3_2,D3_3,F3_3,L2,L1,,,
286276,L3,L3,L3,L2,L2,L3,L2,L2,L1,C3_2,D3_3,F3_3,L2,L2,,,
286277,L3,L3,L3,L2,L2,L3,L2,L2,L1,C3_2,D3_3,F3_3,L2,L3,,,
286278,L3,L3,L3,L2,L2,L3,L2,L2,L1,C3_2,D3_3,F3_3,L3,L1,,,
286279,L3,L3,L3,L2,L2,L3,L2,L2,L1,C3_2,D3_3,F3_3,L3,L2,,,
286280,L3,L3,L3,L2,L2,L3,L2,L2,L1,C3_2,D3_3,F3_3,L3,L3,,,
286281,L3,L3,L3,L2,L2,L3,L2,L2,L1,C3_3,D3_1,F3_1,L1,L1,,,
286282,L3,L3,L3,L2,L2,L3,L2,L2,L1,C3_3,D3_1,F3_1,L1,L2,,,
286283,L3,L3,L3,L2,L2,L3,L2,L2,L1,C3_3,D3_1,F3_1,L1,L3,,,
286284,L3,L3,L3,L2,L2,L3,L2,L2,L1,C3_3,D3_1,F3_1,L2,L1,,,
286285,L3,L3,L3,L2,L2,L3,L2,L2,L1,C3_3,D3_1,F3_1,L2,L2,,,
286286,L3,L3,L3,L2,L2,L3,L2,L2,L1,C3_3,D3_1,F3_1,L2,L3,,,
286287,L3,L3,L3,L2,L2,L3,L2,L2,L1,C3_3,D3_1,F3_1,L3,L1,,,
286288,L3,L3,L3,L2,L2,L3,L2,L2,L1,C3_3,D3_1,F3_1,L3,L2,,,
286289,L3,L3,L3,L2,L2,L3,L2,L2,L1,C3_3,D3_1,F3_1,L3,L3,,,
286290,L3,L3,L3,L2,L2,L3,L2,L2,L1,C3_3,D3_1,F3_2,L1,L1,,,
286291,L3,L3,L3,L2,L2,L3,L2,L2,L1,C3_3,D3_1,F3_2,L1,L2,,,
286292,L3,L3,L3,L2,L2,L3,L2,L2,L1,C3_3,D3_1,F3_2,L1,L3,,,
286293,L3,L3,L3,L2,L2,L3,L2,L2,L1,C3_3,D3_1,F3_2,L2,L1,,,
286294,L3,L3,L3,L2,L2,L3,L2,L2,L1,C3_3,D3_1,F3_2,L2,L2,,,
286295,L3,L3,L3,L2,L2,L3,L2,L2,L1,C3_3,D3_1,F3_2,L2,L3,,,
286296,L3,L3,L3,L2,L2,L3,L2,L2,L1,C3_3,D3_1,F3_2,L3,L1,,,
286297,L3,L3,L3,L2,L2,L3,L2,L2,L1,C3_3,D3_1,F3_2,L3,L2,,,
286298,L3,L3,L3,L2,L2,L3,L2,L2,L1,C3_3,D3_1,F3_2,L3,L3,,,
286299,L3,L3,L3,L2,L2,L3,L2,L2,L1,C3_3,D3_1,F3_3,L1,L1,,,
286300,L3,L3,L3,L2,L2,L3,L2,L2,L1,C3_3,D3_1,F3_3,L1,L2,,,
286301,L3,L3,L3,L2,L2,L3,L2,L2,L1,C3_3,D3_1,F3_3,L1,L3,,,
286302,L3,L3,L3,L2,L2,L3,L2,L2,L1,C3_3,D3_1,F3_3,L2,L1,,,
286303,L3,L3,L3,L2,L2,L3,L2,L2,L1,C3_3,D3_1,F3_3,L2,L2,,,
286304,L3,L3,L3,L2,L2,L3,L2,L2,L1,C3_3,D3_1,F3_3,L2,L3,,,
286305,L3,L3,L3,L2,L2,L3,L2,L2,L1,C3_3,D3_1,F3_3,L3,L1,,,
286306,L3,L3,L3,L2,L2,L3,L2,L2,L1,C3_3,D3_1,F3_3,L3,L2,,,
286307,L3,L3,L3,L2,L2,L3,L2,L2,L1,C3_3,D3_1,F3_3,L3,L3,,,
286308,L3,L3,L3,L2,L2,L3,L2,L2,L1,C3_3,D3_2,F3_1,L1,L1,,,
286309,L3,L3,L3,L2,L2,L3,L2,L2,L1,C3_3,D3_2,F3_1,L1,L2,,,
286310,L3,L3,L3,L2,L2,L3,L2,L2,L1,C3_3,D3_2,F3_1,L1,L3,,,
286311,L3,L3,L3,L2,L2,L3,L2,L2,L1,C3_3,D3_2,F3_1,L2,L1,,,
286312,L3,L3,L3,L2,L2,L3,L2,L2,L1,C3_3,D3_2,F3_1,L2,L2,,,
286313,L3,L3,L3,L2,L2,L3,L2,L2,L1,C3_3,D3_2,F3_1,L2,L3,,,
286314,L3,L3,L3,L2,L2,L3,L2,L2,L1,C3_3,D3_2,F3_1,L3,L1,,,
286315,L3,L3,L3,L2,L2,L3,L2,L2,L1,C3_3,D3_2,F3_1,L3,L2,,,
286316,L3,L3,L3,L2,L2,L3,L2,L2,L1,C3_3,D3_2,F3_1,L3,L3,,,
286317,L3,L3,L3,L2,L2,L3,L2,L2,L1,C3_3,D3_2,F3_2,L1,L1,,,
286318,L3,L3,L3,L2,L2,L3,L2,L2,L1,C3_3,D3_2,F3_2,L1,L2,,,
286319,L3,L3,L3,L2,L2,L3,L2,L2,L1,C3_3,D3_2,F3_2,L1,L3,,,
286320,L3,L3,L3,L2,L2,L3,L2,L2,L1,C3_3,D3_2,F3_2,L2,L1,,,
286321,L3,L3,L3,L2,L2,L3,L2,L2,L1,C3_3,D3_2,F3_2,L2,L2,,,
286322,L3,L3,L3,L2,L2,L3,L2,L2,L1,C3_3,D3_2,F3_2,L2,L3,,,
286323,L3,L3,L3,L2,L2,L3,L2,L2,L1,C3_3,D3_2,F3_2,L3,L1,,,
286324,L3,L3,L3,L2,L2,L3,L2,L2,L1,C3_3,D3_2,F3_2,L3,L2,,,
286325,L3,L3,L3,L2,L2,L3,L2,L2,L1,C3_3,D3_2,F3_2,L3,L3,,,
286326,L3,L3,L3,L2,L2,L3,L2,L2,L1,C3_3,D3_2,F3_3,L1,L1,,,
286327,L3,L3,L3,L2,L2,L3,L2,L2,L1,C3_3,D3_2,F3_3,L1,L2,,,
286328,L3,L3,L3,L2,L2,L3,L2,L2,L1,C3_3,D3_2,F3_3,L1,L3,,,
286329,L3,L3,L3,L2,L2,L3,L2,L2,L1,C3_3,D3_2,F3_3,L2,L1,,,
286330,L3,L3,L3,L2,L2,L3,L2,L2,L1,C3_3,D3_2,F3_3,L2,L2,,,
286331,L3,L3,L3,L2,L2,L3,L2,L2,L1,C3_3,D3_2,F3_3,L2,L3,,,
286332,L3,L3,L3,L2,L2,L3,L2,L2,L1,C3_3,D3_2,F3_3,L3,L1,,,
286333,L3,L3,L3,L2,L2,L3,L2,L2,L1,C3_3,D3_2,F3_3,L3,L2,,,
286334,L3,L3,L3,L2,L2,L3,L2,L2,L1,C3_3,D3_2,F3_3,L3,L3,,,
286335,L3,L3,L3,L2,L2,L3,L2,L2,L1,C3_3,D3_3,F3_1,L1,L1,,,
286336,L3,L3,L3,L2,L2,L3,L2,L2,L1,C3_3,D3_3,F3_1,L1,L2,,,
286337,L3,L3,L3,L2,L2,L3,L2,L2,L1,C3_3,D3_3,F3_1,L1,L3,,,
286338,L3,L3,L3,L2,L2,L3,L2,L2,L1,C3_3,D3_3,F3_1,L2,L1,,,
286339,L3,L3,L3,L2,L2,L3,L2,L2,L1,C3_3,D3_3,F3_1,L2,L2,,,
286340,L3,L3,L3,L2,L2,L3,L2,L2,L1,C3_3,D3_3,F3_1,L2,L3,,,
286341,L3,L3,L3,L2,L2,L3,L2,L2,L1,C3_3,D3_3,F3_1,L3,L1,,,
286342,L3,L3,L3,L2,L2,L3,L2,L2,L1,C3_3,D3_3,F3_1,L3,L2,,,
286343,L3,L3,L3,L2,L2,L3,L2,L2,L1,C3_3,D3_3,F3_1,L3,L3,,,
286344,L3,L3,L3,L2,L2,L3,L2,L2,L1,C3_3,D3_3,F3_2,L1,L1,,,
286345,L3,L3,L3,L2,L2,L3,L2,L2,L1,C3_3,D3_3,F3_2,L1,L2,,,
286346,L3,L3,L3,L2,L2,L3,L2,L2,L1,C3_3,D3_3,F3_2,L1,L3,,,
286347,L3,L3,L3,L2,L2,L3,L2,L2,L1,C3_3,D3_3,F3_2,L2,L1,,,
286348,L3,L3,L3,L2,L2,L3,L2,L2,L1,C3_3,D3_3,F3_2,L2,L2,,,
286349,L3,L3,L3,L2,L2,L3,L2,L2,L1,C3_3,D3_3,F3_2,L2,L3,,,
286350,L3,L3,L3,L2,L2,L3,L2,L2,L1,C3_3,D3_3,F3_2,L3,L1,,,
286351,L3,L3,L3,L2,L2,L3,L2,L2,L1,C3_3,D3_3,F3_2,L3,L2,,,
286352,L3,L3,L3,L2,L2,L3,L2,L2,L1,C3_3,D3_3,F3_2,L3,L3,,,
286353,L3,L3,L3,L2,L2,L3,L2,L2,L1,C3_3,D3_3,F3_3,L1,L1,,,
286354,L3,L3,L3,L2,L2,L3,L2,L2,L1,C3_3,D3_3,F3_3,L1,L2,,,
286355,L3,L3,L3,L2,L2,L3,L2,L2,L1,C3_3,D3_3,F3_3,L1,L3,,,
286356,L3,L3,L3,L2,L2,L3,L2,L2,L1,C3_3,D3_3,F3_3,L2,L1,,,
286357,L3,L3,L3,L2,L2,L3,L2,L2,L1,C3_3,D3_3,F3_3,L2,L2,,,
286358,L3,L3,L3,L2,L2,L3,L2,L2,L1,C3_3,D3_3,F3_3,L2,L3,,,
286359,L3,L3,L3,L2,L2,L3,L2,L2,L1,C3_3,D3_3,F3_3,L3,L1,,,
286360,L3,L3,L3,L2,L2,L3,L2,L2,L1,C3_3,D3_3,F3_3,L3,L2,,,
286361,L3,L3,L3,L2,L2,L3,L2,L2,L1,C3_3,D3_3,F3_3,L3,L3,,,
290493,L3,L2,L1,L2,L2,L3,L2,L2,L1,C3_1,D3_1,F3_1,L1,L1,,,
290494,L3,L2,L1,L2,L2,L3,L2,L2,L1,C3_1,D3_1,F3_1,L1,L2,,,
290495,L3,L2,L1,L2,L2,L3,L2,L2,L1,C3_1,D3_1,F3_1,L1,L3,,,
290496,L3,L2,L1,L2,L2,L3,L2,L2,L1,C3_1,D3_1,F3_1,L2,L1,,,
290497,L3,L2,L1,L2,L2,L3,L2,L2,L1,C3_1,D3_1,F3_1,L2,L2,,,
290498,L3,L2,L1,L2,L2,L3,L2,L2,L1,C3_1,D3_1,F3_1,L2,L3,,,
290499,L3,L2,L1,L2,L2,L3,L2,L2,L1,C3_1,D3_1,F3_1,L3,L1,,,
290500,L3,L2,L1,L2,L2,L3,L2,L2,L1,C3_1,D3_1,F3_1,L3,L2,,,
290501,L3,L2,L1,L2,L2,L3,L2,L2,L1,C3_1,D3_1,F3_1,L3,L3,,,
290502,L3,L2,L1,L2,L2,L3,L2,L2,L1,C3_1,D3_1,F3_2,L1,L1,,,
290503,L3,L2,L1,L2,L2,L3,L2,L2,L1,C3_1,D3_1,F3_2,L1,L2,,,
290504,L3,L2,L1,L2,L2,L3,L2,L2,L1,C3_1,D3_1,F3_2,L1,L3,,,
290505,L3,L2,L1,L2,L2,L3,L2,L2,L1,C3_1,D3_1,F3_2,L2,L1,,,
290506,L3,L2,L1,L2,L2,L3,L2,L2,L1,C3_1,D3_1,F3_2,L2,L2,,,
290507,L3,L2,L1,L2,L2,L3,L2,L2,L1,C3_1,D3_1,F3_2,L2,L3,,,
290508,L3,L2,L1,L2,L2,L3,L2,L2,L1,C3_1,D3_1,F3_2,L3,L1,,,
290509,L3,L2,L1,L2,L2,L3,L2,L2,L1,C3_1,D3_1,F3_2,L3,L2,,,
290510,L3,L2,L1,L2,L2,L3,L2,L2,L1,C3_1,D3_1,F3_2,L3,L3,,,
290511,L3,L2,L1,L2,L2,L3,L2,L2,L1,C3_1,D3_1,F3_3,L1,L1,,,
290512,L3,L2,L1,L2,L2,L3,L2,L2,L1,C3_1,D3_1,F3_3,L1,L2,,,
290513,L3,L2,L1,L2,L2,L3,L2,L2,L1,C3_1,D3_1,F3_3,L1,L3,,,
290514,L3,L2,L1,L2,L2,L3,L2,L2,L1,C3_1,D3_1,F3_3,L2,L1,,,
290515,L3,L2,L1,L2,L2,L3,L2,L2,L1,C3_1,D3_1,F3_3,L2,L2,,,
290516,L3,L2,L1,L2,L2,L3,L2,L2,L1,C3_1,D3_1,F3_3,L2,L3,,,
290517,L3,L2,L1,L2,L2,L3,L2,L2,L1,C3_1,D3_1,F3_3,L3,L1,,,
290518,L3,L2,L1,L2,L2,L3,L2,L2,L1,C3_1,D3_1,F3_3,L3,L2,,,
290519,L3,L2,L1,L2,L2,L3,L2,L2,L1,C3_1,D3_1,F3_3,L3,L3,,,
290520,L3,L2,L1,L2,L2,L3,L2,L2,L1,C3_1,D3_2,F3_1,L1,L1,,,
290521,L3,L2,L1,L2,L2,L3,L2,L2,L1,C3_1,D3_2,F3_1,L1,L2,,,
290522,L3,L2,L1,L2,L2,L3,L2,L2,L1,C3_1,D3_2,F3_1,L1,L3,,,
290523,L3,L2,L1,L2,L2,L3,L2,L2,L1,C3_1,D3_2,F3_1,L2,L1,,,
290524,L3,L2,L1,L2,L2,L3,L2,L2,L1,C3_1,D3_2,F3_1,L2,L2,,,
290525,L3,L2,L1,L2,L2,L3,L2,L2,L1,C3_1,D3_2,F3_1,L2,L3,,,
290526,L3,L2,L1,L2,L2,L3,L2,L2,L1,C3_1,D3_2,F3_1,L3,L1,,,
290527,L3,L2,L1,L2,L2,L3,L2,L2,L1,C3_1,D3_2,F3_1,L3,L2,,,
290528,L3,L2,L1,L2,L2,L3,L2,L2,L1,C3_1,D3_2,F3_1,L3,L3,,,
290529,L3,L2,L1,L2,L2,L3,L2,L2,L1,C3_1,D3_2,F3_2,L1,L1,,,
290530,L3,L2,L1,L2,L2,L3,L2,L2,L1,C3_1,D3_2,F3_2,L1,L2,,,
290531,L3,L2,L1,L2,L2,L3,L2,L2,L1,C3_1,D3_2,F3_2,L1,L3,,,
290532,L3,L2,L1,L2,L2,L3,L2,L2,L1,C3_1,D3_2,F3_2,L2,L1,,,
290533,L3,L2,L1,L2,L2,L3,L2,L2,L1,C3_1,D3_2,F3_2,L2,L2,,,
290534,L3,L2,L1,L2,L2,L3,L2,L2,L1,C3_1,D3_2,F3_2,L2,L3,,,
290535,L3,L2,L1,L2,L2,L3,L2,L2,L1,C3_1,D3_2,F3_2,L3,L1,,,
290536,L3,L2,L1,L2,L2,L3,L2,L2,L1,C3_1,D3_2,F3_2,L3,L2,,,
290537,L3,L2,L1,L2,L2,L3,L2,L2,L1,C3_1,D3_2,F3_2,L3,L3,,,
290538,L3,L2,L1,L2,L2,L3,L2,L2,L1,C3_1,D3_2,F3_3,L1,L1,,,
290539,L3,L2,L1,L2,L2,L3,L2,L2,L1,C3_1,D3_2,F3_3,L1,L2,,,
290540,L3,L2,L1,L2,L2,L3,L2,L2,L1,C3_1,D3_2,F3_3,L1,L3,,,
290541,L3,L2,L1,L2,L2,L3,L2,L2,L1,C3_1,D3_2,F3_3,L2,L1,,,
290542,L3,L2,L1,L2,L2,L3,L2,L2,L1,C3_1,D3_2,F3_3,L2,L2,,,
290543,L3,L2,L1,L2,L2,L3,L2,L2,L1,C3_1,D3_2,F3_3,L2,L3,,,
290544,L3,L2,L1,L2,L2,L3,L2,L2,L1,C3_1,D3_2,F3_3,L3,L1,,,
290545,L3,L2,L1,L2,L2,L3,L2,L2,L1,C3_1,D3_2,F3_3,L3,L2,,,
290546,L3,L2,L1,L2,L2,L3,L2,L2,L1,C3_1,D3_2,F3_3,L3,L3,,,
290547,L3,L2,L1,L2,L2,L3,L2,L2,L1,C3_1,D3_3,F3_1,L1,L1,,,
290548,L3,L2,L1,L2,L2,L3,L2,L2,L1,C3_1,D3_3,F3_1,L1,L2,,,
290549,L3,L2,L1,L2,L2,L3,L2,L2,L1,C3_1,D3_3,F3_1,L1,L3,,,
290550,L3,L2,L1,L2,L2,L3,L2,L2,L1,C3_1,D3_3,F3_1,L2,L1,,,
290551,L3,L2,L1,L2,L2,L3,L2,L2,L1,C3_1,D3_3,F3_1,L2,L2,,,
290552,L3,L2,L1,L2,L2,L3,L2,L2,L1,C3_1,D3_3,F3_1,L2,L3,,,
290553,L3,L2,L1,L2,L2,L3,L2,L2,L1,C3_1,D3_3,F3_1,L3,L1,,,
290554,L3,L2,L1,L2,L2,L3,L2,L2,L1,C3_1,D3_3,F3_1,L3,L2,,,
290555,L3,L2,L1,L2,L2,L3,L2,L2,L1,C3_1,D3_3,F3_1,L3,L3,,,
290556,L3,L2,L1,L2,L2,L3,L2,L2,L1,C3_1,D3_3,F3_2,L1,L1,,,
290557,L3,L2,L1,L2,L2,L3,L2,L2,L1,C3_1,D3_3,F3_2,L1,L2,,,
290558,L3,L2,L1,L2,L2,L3,L2,L2,L1,C3_1,D3_3,F3_2,L1,L3,,,
290559,L3,L2,L1,L2,L2,L3,L2,L2,L1,C3_1,D3_3,F3_2,L2,L1,,,
290560,L3,L2,L1,L2,L2,L3,L2,L2,L1,C3_1,D3_3,F3_2,L2,L2,,,
290561,L3,L2,L1,L2,L2,L3,L2,L2,L1,C3_1,D3_3,F3_2,L2,L3,,,
290562,L3,L2,L1,L2,L2,L3,L2,L2,L1,C3_1,D3_3,F3_2,L3,L1,,,
290563,L3,L2,L1,L2,L2,L3,L2,L2,L1,C3_1,D3_3,F3_2,L3,L2,,,
290564,L3,L2,L1,L2,L2,L3,L2,L2,L1,C3_1,D3_3,F3_2,L3,L3,,,
290565,L3,L2,L1,L2,L2,L3,L2,L2,L1,C3_1,D3_3,F3_3,L1,L1,,,
290566,L3,L2,L1,L2,L2,L3,L2,L2,L1,C3_1,D3_3,F3_3,L1,L2,,,
290567,L3,L2,L1,L2,L2,L3,L2,L2,L1,C3_1,D3_3,F3_3,L1,L3,,,
290568,L3,L2,L1,L2,L2,L3,L2,L2,L1,C3_1,D3_3,F3_3,L2,L1,,,
290569,L3,L2,L1,L2,L2,L3,L2,L2,L1,C3_1,D3_3,F3_3,L2,L2,,,
290570,L3,L2,L1,L2,L2,L3,L2,L2,L1,C3_1,D3_3,F3_3,L2,L3,,,
290571,L3,L2,L1,L2,L2,L3,L2,L2,L1,C3_1,D3_3,F3_3,L3,L1,,,
290572,L3,L2,L1,L2,L2,L3,L2,L2,L1,C3_1,D3_3,F3_3,L3,L2,,,
290573,L3,L2,L1,L2,L2,L3,L2,L2,L1,C3_1,D3_3,F3_3,L3,L3,,,
290574,L3,L2,L1,L2,L2,L3,L2,L2,L1,C3_2,D3_1,F3_1,L1,L1,,,
290575,L3,L2,L1,L2,L2,L3,L2,L2,L1,C3_2,D3_1,F3_1,L1,L2,,,
290576,L3,L2,L1,L2,L2,L3,L2,L2,L1,C3_2,D3_1,F3_1,L1,L3,,,
290577,L3,L2,L1,L2,L2,L3,L2,L2,L1,C3_2,D3_1,F3_1,L2,L1,,,
290578,L3,L2,L1,L2,L2,L3,L2,L2,L1,C3_2,D3_1,F3_1,L2,L2,,,
290579,L3,L2,L1,L2,L2,L3,L2,L2,L1,C3_2,D3_1,F3_1,L2,L3,,,
290580,L3,L2,L1,L2,L2,L3,L2,L2,L1,C3_2,D3_1,F3_1,L3,L1,,,
290581,L3,L2,L1,L2,L2,L3,L2,L2,L1,C3_2,D3_1,F3_1,L3,L2,,,
290582,L3,L2,L1,L2,L2,L3,L2,L2,L1,C3_2,D3_1,F3_1,L3,L3,,,
290583,L3,L2,L1,L2,L2,L3,L2,L2,L1,C3_2,D3_1,F3_2,L1,L1,,,
290584,L3,L2,L1,L2,L2,L3,L2,L2,L1,C3_2,D3_1,F3_2,L1,L2,,,
290585,L3,L2,L1,L2,L2,L3,L2,L2,L1,C3_2,D3_1,F3_2,L1,L3,,,
290586,L3,L2,L1,L2,L2,L3,L2,L2,L1,C3_2,D3_1,F3_2,L2,L1,,,
290587,L3,L2,L1,L2,L2,L3,L2,L2,L1,C3_2,D3_1,F3_2,L2,L2,,,
290588,L3,L2,L1,L2,L2,L3,L2,L2,L1,C3_2,D3_1,F3_2,L2,L3,,,
290589,L3,L2,L1,L2,L2,L3,L2,L2,L1,C3_2,D3_1,F3_2,L3,L1,,,
290590,L3,L2,L1,L2,L2,L3,L2,L2,L1,C3_2,D3_1,F3_2,L3,L2,,,
290591,L3,L2,L1,L2,L2,L3,L2,L2,L1,C3_2,D3_1,F3_2,L3,L3,,,
290592,L3,L2,L1,L2,L2,L3,L2,L2,L1,C3_2,D3_1,F3_3,L1,L1,,,
290593,L3,L2,L1,L2,L2,L3,L2,L2,L1,C3_2,D3_1,F3_3,L1,L2,,,
290594,L3,L2,L1,L2,L2,L3,L2,L2,L1,C3_2,D3_1,F3_3,L1,L3,,,
290595,L3,L2,L1,L2,L2,L3,L2,L2,L1,C3_2,D3_1,F3_3,L2,L1,,,
290596,L3,L2,L1,L2,L2,L3,L2,L2,L1,C3_2,D3_1,F3_3,L2,L2,,,
290597,L3,L2,L1,L2,L2,L3,L2,L2,L1,C3_2,D3_1,F3_3,L2,L3,,,
290598,L3,L2,L1,L2,L2,L3,L2,L2,L1,C3_2,D3_1,F3_3,L3,L1,,,
290599,L3,L2,L1,L2,L2,L3,L2,L2,L1,C3_2,D3_1,F3_3,L3,L2,,,
290600,L3,L2,L1,L2,L2,L3,L2,L2,L1,C3_2,D3_1,F3_3,L3,L3,,,
290601,L3,L2,L1,L2,L2,L3,L2,L2,L1,C3_2,D3_2,F3_1,L1,L1,,,
290602,L3,L2,L1,L2,L2,L3,L2,L2,L1,C3_2,D3_2,F3_1,L1,L2,,,
290603,L3,L2,L1,L2,L2,L3,L2,L2,L1,C3_2,D3_2,F3_1,L1,L3,,,
290604,L3,L2,L1,L2,L2,L3,L2,L2,L1,C3_2,D3_2,F3_1,L2,L1,,,
290605,L3,L2,L1,L2,L2,L3,L2,L2,L1,C3_2,D3_2,F3_1,L2,L2,,,
290606,L3,L2,L1,L2,L2,L3,L2,L2,L1,C3_2,D3_2,F3_1,L2,L3,,,
290607,L3,L2,L1,L2,L2,L3,L2,L2,L1,C3_2,D3_2,F3_1,L3,L1,,,
290608,L3,L2,L1,L2,L2,L3,L2,L2,L1,C3_2,D3_2,F3_1,L3,L2,,,
290609,L3,L2,L1,L2,L2,L3,L2,L2,L1,C3_2,D3_2,F3_1,L3,L3,,,
290610,L3,L2,L1,L2,L2,L3,L2,L2,L1,C3_2,D3_2,F3_2,L1,L1,,,
290611,L3,L2,L1,L2,L2,L3,L2,L2,L1,C3_2,D3_2,F3_2,L1,L2,,,
290612,L3,L2,L1,L2,L2,L3,L2,L2,L1,C3_2,D3_2,F3_2,L1,L3,,,
290613,L3,L2,L1,L2,L2,L3,L2,L2,L1,C3_2,D3_2,F3_2,L2,L1,,,
290614,L3,L2,L1,L2,L2,L3,L2,L2,L1,C3_2,D3_2,F3_2,L2,L2,,,
290615,L3,L2,L1,L2,L2,L3,L2,L2,L1,C3_2,D3_2,F3_2,L2,L3,,,
290616,L3,L2,L1,L2,L2,L3,L2,L2,L1,C3_2,D3_2,F3_2,L3,L1,,,
290617,L3,L2,L1,L2,L2,L3,L2,L2,L1,C3_2,D3_2,F3_2,L3,L2,,,
290618,L3,L2,L1,L2,L2,L3,L2,L2,L1,C3_2,D3_2,F3_2,L3,L3,,,
290619,L3,L2,L1,L2,L2,L3,L2,L2,L1,C3_2,D3_2,F3_3,L1,L1,,,
290620,L3,L2,L1,L2,L2,L3,L2,L2,L1,C3_2,D3_2,F3_3,L1,L2,,,
290621,L3,L2,L1,L2,L2,L3,L2,L2,L1,C3_2,D3_2,F3_3,L1,L3,,,
290622,L3,L2,L1,L2,L2,L3,L2,L2,L1,C3_2,D3_2,F3_3,L2,L1,,,
290623,L3,L2,L1,L2,L2,L3,L2,L2,L1,C3_2,D3_2,F3_3,L2,L2,,,
290624,L3,L2,L1,L2,L2,L3,L2,L2,L1,C3_2,D3_2,F3_3,L2,L3,,,
290625,L3,L2,L1,L2,L2,L3,L2,L2,L1,C3_2,D3_2,F3_3,L3,L1,,,
290626,L3,L2,L1,L2,L2,L3,L2,L2,L1,C3_2,D3_2,F3_3,L3,L2,,,
290627,L3,L2,L1,L2,L2,L3,L2,L2,L1,C3_2,D3_2,F3_3,L3,L3,,,
290628,L3,L2,L1,L2,L2,L3,L2,L2,L1,C3_2,D3_3,F3_1,L1,L1,,,
290629,L3,L2,L1,L2,L2,L3,L2,L2,L1,C3_2,D3_3,F3_1,L1,L2,,,
290630,L3,L2,L1,L2,L2,L3,L2,L2,L1,C3_2,D3_3,F3_1,L1,L3,,,
290631,L3,L2,L1,L2,L2,L3,L2,L2,L1,C3_2,D3_3,F3_1,L2,L1,,,
290632,L3,L2,L1,L2,L2,L3,L2,L2,L1,C3_2,D3_3,F3_1,L2,L2,,,
290633,L3,L2,L1,L2,L2,L3,L2,L2,L1,C3_2,D3_3,F3_1,L2,L3,,,
290634,L3,L2,L1,L2,L2,L3,L2,L2,L1,C3_2,D3_3,F3_1,L3,L1,,,
290635,L3,L2,L1,L2,L2,L3,L2,L2,L1,C3_2,D3_3,F3_1,L3,L2,,,
290636,L3,L2,L1,L2,L2,L3,L2,L2,L1,C3_2,D3_3,F3_1,L3,L3,,,
290637,L3,L2,L1,L2,L2,L3,L2,L2,L1,C3_2,D3_3,F3_2,L1,L1,,,
290638,L3,L2,L1,L2,L2,L3,L2,L2,L1,C3_2,D3_3,F3_2,L1,L2,,,
290639,L3,L2,L1,L2,L2,L3,L2,L2,L1,C3_2,D3_3,F3_2,L1,L3,,,
290640,L3,L2,L1,L2,L2,L3,L2,L2,L1,C3_2,D3_3,F3_2,L2,L1,,,
290641,L3,L2,L1,L2,L2,L3,L2,L2,L1,C3_2,D3_3,F3_2,L2,L2,,,
290642,L3,L2,L1,L2,L2,L3,L2,L2,L1,C3_2,D3_3,F3_2,L2,L3,,,
290643,L3,L2,L1,L2,L2,L3,L2,L2,L1,C3_2,D3_3,F3_2,L3,L1,,,
290644,L3,L2,L1,L2,L2,L3,L2,L2,L1,C3_2,D3_3,F3_2,L3,L2,,,
290645,L3,L2,L1,L2,L2,L3,L2,L2,L1,C3_2,D3_3,F3_2,L3,L3,,,
290646,L3,L2,L1,L2,L2,L3,L2,L2,L1,C3_2,D3_3,F3_3,L1,L1,,,
290647,L3,L2,L1,L2,L2,L3,L2,L2,L1,C3_2,D3_3,F3_3,L1,L2,,,
290648,L3,L2,L1,L2,L2,L3,L2,L2,L1,C3_2,D3_3,F3_3,L1,L3,,,
290649,L3,L2,L1,L2,L2,L3,L2,L2,L1,C3_2,D3_3,F3_3,L2,L1,,,
290650,L3,L2,L1,L2,L2,L3,L2,L2,L1,C3_2,D3_3,F3_3,L2,L2,,,
290651,L3,L2,L1,L2,L2,L3,L2,L2,L1,C3_2,D3_3,F3_3,L2,L3,,,
290652,L3,L2,L1,L2,L2,L3,L2,L2,L1,C3_2,D3_3,F3_3,L3,L1,,,
290653,L3,L2,L1,L2,L2,L3,L2,L2,L1,C3_2,D3_3,F3_3,L3,L2,,,
290654,L3,L2,L1,L2,L2,L3,L2,L2,L1,C3_2,D3_3,F3_3,L3,L3,,,
290655,L3,L2,L1,L2,L2,L3,L2,L2,L1,C3_3,D3_1,F3_1,L1,L1,,,
290656,L3,L2,L1,L2,L2,L3,L2,L2,L1,C3_3,D3_1,F3_1,L1,L2,,,
290657,L3,L2,L1,L2,L2,L3,L2,L2,L1,C3_3,D3_1,F3_1,L1,L3,,,
290658,L3,L2,L1,L2,L2,L3,L2,L2,L1,C3_3,D3_1,F3_1,L2,L1,,,
290659,L3,L2,L1,L2,L2,L3,L2,L2,L1,C3_3,D3_1,F3_1,L2,L2,,,
290660,L3,L2,L1,L2,L2,L3,L2,L2,L1,C3_3,D3_1,F3_1,L2,L3,,,
290661,L3,L2,L1,L2,L2,L3,L2,L2,L1,C3_3,D3_1,F3_1,L3,L1,,,
290662,L3,L2,L1,L2,L2,L3,L2,L2,L1,C3_3,D3_1,F3_1,L3,L2,,,
290663,L3,L2,L1,L2,L2,L3,L2,L2,L1,C3_3,D3_1,F3_1,L3,L3,,,
290664,L3,L2,L1,L2,L2,L3,L2,L2,L1,C3_3,D3_1,F3_2,L1,L1,,,
290665,L3,L2,L1,L2,L2,L3,L2,L2,L1,C3_3,D3_1,F3_2,L1,L2,,,
290666,L3,L2,L1,L2,L2,L3,L2,L2,L1,C3_3,D3_1,F3_2,L1,L3,,,
290667,L3,L2,L1,L2,L2,L3,L2,L2,L1,C3_3,D3_1,F3_2,L2,L1,,,
290668,L3,L2,L1,L2,L2,L3,L2,L2,L1,C3_3,D3_1,F3_2,L2,L2,,,
290669,L3,L2,L1,L2,L2,L3,L2,L2,L1,C3_3,D3_1,F3_2,L2,L3,,,
290670,L3,L2,L1,L2,L2,L3,L2,L2,L1,C3_3,D3_1,F3_2,L3,L1,,,
290671,L3,L2,L1,L2,L2,L3,L2,L2,L1,C3_3,D3_1,F3_2,L3,L2,,,
290672,L3,L2,L1,L2,L2,L3,L2,L2,L1,C3_3,D3_1,F3_2,L3,L3,,,
290673,L3,L2,L1,L2,L2,L3,L2,L2,L1,C3_3,D3_1,F3_3,L1,L1,,,
290674,L3,L2,L1,L2,L2,L3,L2,L2,L1,C3_3,D3_1,F3_3,L1,L2,,,
290675,L3,L2,L1,L2,L2,L3,L2,L2,L1,C3_3,D3_1,F3_3,L1,L3,,,
290676,L3,L2,L1,L2,L2,L3,L2,L2,L1,C3_3,D3_1,F3_3,L2,L1,,,
290677,L3,L2,L1,L2,L2,L3,L2,L2,L1,C3_3,D3_1,F3_3,L2,L2,,,
290678,L3,L2,L1,L2,L2,L3,L2,L2,L1,C3_3,D3_1,F3_3,L2,L3,,,
290679,L3,L2,L1,L2,L2,L3,L2,L2,L1,C3_3,D3_1,F3_3,L3,L1,,,
290680,L3,L2,L1,L2,L2,L3,L2,L2,L1,C3_3,D3_1,F3_3,L3,L2,,,
290681,L3,L2,L1,L2,L2,L3,L2,L2,L1,C3_3,D3_1,F3_3,L3,L3,,,
290682,L3,L2,L1,L2,L2,L3,L2,L2,L1,C3_3,D3_2,F3_1,L1,L1,,,
290683,L3,L2,L1,L2,L2,L3,L2,L2,L1,C3_3,D3_2,F3_1,L1,L2,,,
290684,L3,L2,L1,L2,L2,L3,L2,L2,L1,C3_3,D3_2,F3_1,L1,L3,,,
290685,L3,L2,L1,L2,L2,L3,L2,L2,L1,C3_3,D3_2,F3_1,L2,L1,,,
290686,L3,L2,L1,L2,L2,L3,L2,L2,L1,C3_3,D3_2,F3_1,L2,L2,,,
290687,L3,L2,L1,L2,L2,L3,L2,L2,L1,C3_3,D3_2,F3_1,L2,L3,,,
290688,L3,L2,L1,L2,L2,L3,L2,L2,L1,C3_3,D3_2,F3_1,L3,L1,,,
290689,L3,L2,L1,L2,L2,L3,L2,L2,L1,C3_3,D3_2,F3_1,L3,L2,,,
290690,L3,L2,L1,L2,L2,L3,L2,L2,L1,C3_3,D3_2,F3_1,L3,L3,,,
290691,L3,L2,L1,L2,L2,L3,L2,L2,L1,C3_3,D3_2,F3_2,L1,L1,,,
290692,L3,L2,L1,L2,L2,L3,L2,L2,L1,C3_3,D3_2,F3_2,L1,L2,,,
290693,L3,L2,L1,L2,L2,L3,L2,L2,L1,C3_3,D3_2,F3_2,L1,L3,,,
290694,L3,L2,L1,L2,L2,L3,L2,L2,L1,C3_3,D3_2,F3_2,L2,L1,,,
290695,L3,L2,L1,L2,L2,L3,L2,L2,L1,C3_3,D3_2,F3_2,L2,L2,,,
290696,L3,L2,L1,L2,L2,L3,L2,L2,L1,C3_3,D3_2,F3_2,L2,L3,,,
290697,L3,L2,L1,L2,L2,L3,L2,L2,L1,C3_3,D3_2,F3_2,L3,L1,,,
290698,L3,L2,L1,L2,L2,L3,L2,L2,L1,C3_3,D3_2,F3_2,L3,L2,,,
290699,L3,L2,L1,L2,L2,L3,L2,L2,L1,C3_3,D3_2,F3_2,L3,L3,,,
290700,L3,L2,L1,L2,L2,L3,L2,L2,L1,C3_3,D3_2,F3_3,L1,L1,,,
290701,L3,L2,L1,L2,L2,L3,L2,L2,L1,C3_3,D3_2,F3_3,L1,L2,,,
290702,L3,L2,L1,L2,L2,L3,L2,L2,L1,C3_3,D3_2,F3_3,L1,L3,,,
290703,L3,L2,L1,L2,L2,L3,L2,L2,L1,C3_3,D3_2,F3_3,L2,L1,,,
290704,L3,L2,L1,L2,L2,L3,L2,L2,L1,C3_3,D3_2,F3_3,L2,L2,,,
290705,L3,L2,L1,L2,L2,L3,L2,L2,L1,C3_3,D3_2,F3_3,L2,L3,,,
290706,L3,L2,L1,L2,L2,L3,L2,L2,L1,C3_3,D3_2,F3_3,L3,L1,,,
290707,L3,L2,L1,L2,L2,L3,L2,L2,L1,C3_3,D3_2,F3_3,L3,L2,,,
290708,L3,L2,L1,L2,L2,L3,L2,L2,L1,C3_3,D3_2,F3_3,L3,L3,,,
290709,L3,L2,L1,L2,L2,L3,L2,L2,L1,C3_3,D3_3,F3_1,L1,L1,,,
290710,L3,L2,L1,L2,L2,L3,L2,L2,L1,C3_3,D3_3,F3_1,L1,L2,,,
290711,L3,L2,L1,L2,L2,L3,L2,L2,L1,C3_3,D3_3,F3_1,L1,L3,,,
290712,L3,L2,L1,L2,L2,L3,L2,L2,L1,C3_3,D3_3,F3_1,L2,L1,,,
290713,L3,L2,L1,L2,L2,L3,L2,L2,L1,C3_3,D3_3,F3_1,L2,L2,,,
290714,L3,L2,L1,L2,L2,L3,L2,L2,L1,C3_3,D3_3,F3_1,L2,L3,,,
290715,L3,L2,L1,L2,L2,L3,L2,L2,L1,C3_3,D3_3,F3_1,L3,L1,,,
290716,L3,L2,L1,L2,L2,L3,L2,L2,L1,C3_3,D3_3,F3_1,L3,L2,,,
290717,L3,L2,L1,L2,L2,L3,L2,L2,L1,C3_3,D3_3,F3_1,L3,L3,,,
290718,L3,L2,L1,L2,L2,L3,L2,L2,L1,C3_3,D3_3,F3_2,L1,L1,,,
290719,L3,L2,L1,L2,L2,L3,L2,L2,L1,C3_3,D3_3,F3_2,L1,L2,,,
290720,L3,L2,L1,L2,L2,L3,L2,L2,L1,C3_3,D3_3,F3_2,L1,L3,,,
290721,L3,L2,L1,L2,L2,L3,L2,L2,L1,C3_3,D3_3,F3_2,L2,L1,,,
290722,L3,L2,L1,L2,L2,L3,L2,L2,L1,C3_3,D3_3,F3_2,L2,L2,,,
290723,L3,L2,L1,L2,L2,L3,L2,L2,L1,C3_3,D3_3,F3_2,L2,L3,,,
290724,L3,L2,L1,L2,L2,L3,L2,L2,L1,C3_3,D3_3,F3_2,L3,L1,,,
290725,L3,L2,L1,L2,L2,L3,L2,L2,L1,C3_3,D3_3,F3_2,L3,L2,,,
290726,L3,L2,L1,L2,L2,L3,L2,L2,L1,C3_3,D3_3,F3_2,L3,L3,,,
290727,L3,L2,L1,L2,L2,L3,L2,L2,L1,C3_3,D3_3,F3_3,L1,L1,,,
290728,L3,L2,L1,L2,L2,L3,L2,L2,L1,C3_3,D3_3,F3_3,L1,L2,,,
290729,L3,L2,L1,L2,L2,L3,L2,L2,L1,C3_3,D3_3,F3_3,L1,L3,,,
290730,L3,L2,L1,L2,L2,L3,L2,L2,L1,C3_3,D3_3,F3_3,L2,L1,,,
290731,L3,L2,L1,L2,L2,L3,L2,L2,L1,C3_3,D3_3,F3_3,L2,L2,,,
290732,L3,L2,L1,L2,L2,L3,L2,L2,L1,C3_3,D3_3,F3_3,L2,L3,,,
290733,L3,L2,L1,L2,L2,L3,L2,L2,L1,C3_3,D3_3,F3_3,L3,L1,,,
290734,L3,L2,L1,L2,L2,L3,L2,L2,L1,C3_3,D3_3,F3_3,L3,L2,,,
290735,L3,L2,L1,L2,L2,L3,L2,L2,L1,C3_3,D3_3,F3_3,L3,L3,,,
299376,L2,L2,L2,L1,L1,L3,L2,L2,L1,C3_1,D3_1,F3_1,L1,L1,,,
299377,L2,L2,L2,L1,L1,L3,L2,L2,L1,C3_1,D3_1,F3_1,L1,L2,,,
299378,L2,L2,L2,L1,L1,L3,L2,L2,L1,C3_1,D3_1,F3_1,L1,L3,,,
299379,L2,L2,L2,L1,L1,L3,L2,L2,L1,C3_1,D3_1,F3_1,L2,L1,,,
299380,L2,L2,L2,L1,L1,L3,L2,L2,L1,C3_1,D3_1,F3_1,L2,L2,,,
299381,L2,L2,L2,L1,L1,L3,L2,L2,L1,C3_1,D3_1,F3_1,L2,L3,,,
299382,L2,L2,L2,L1,L1,L3,L2,L2,L1,C3_1,D3_1,F3_1,L3,L1,,,
299383,L2,L2,L2,L1,L1,L3,L2,L2,L1,C3_1,D3_1,F3_1,L3,L2,,,
299384,L2,L2,L2,L1,L1,L3,L2,L2,L1,C3_1,D3_1,F3_1,L3,L3,,,
299385,L2,L2,L2,L1,L1,L3,L2,L2,L1,C3_1,D3_1,F3_2,L1,L1,,,
299386,L2,L2,L2,L1,L1,L3,L2,L2,L1,C3_1,D3_1,F3_2,L1,L2,,,
299387,L2,L2,L2,L1,L1,L3,L2,L2,L1,C3_1,D3_1,F3_2,L1,L3,,,
299388,L2,L2,L2,L1,L1,L3,L2,L2,L1,C3_1,D3_1,F3_2,L2,L1,,,
299389,L2,L2,L2,L1,L1,L3,L2,L2,L1,C3_1,D3_1,F3_2,L2,L2,,,
299390,L2,L2,L2,L1,L1,L3,L2,L2,L1,C3_1,D3_1,F3_2,L2,L3,,,
299391,L2,L2,L2,L1,L1,L3,L2,L2,L1,C3_1,D3_1,F3_2,L3,L1,,,
299392,L2,L2,L2,L1,L1,L3,L2,L2,L1,C3_1,D3_1,F3_2,L3,L2,,,
299393,L2,L2,L2,L1,L1,L3,L2,L2,L1,C3_1,D3_1,F3_2,L3,L3,,,
299394,L2,L2,L2,L1,L1,L3,L2,L2,L1,C3_1,D3_1,F3_3,L1,L1,,,
299395,L2,L2,L2,L1,L1,L3,L2,L2,L1,C3_1,D3_1,F3_3,L1,L2,,,
299396,L2,L2,L2,L1,L1,L3,L2,L2,L1,C3_1,D3_1,F3_3,L1,L3,,,
299397,L2,L2,L2,L1,L1,L3,L2,L2,L1,C3_1,D3_1,F3_3,L2,L1,,,
299398,L2,L2,L2,L1,L1,L3,L2,L2,L1,C3_1,D3_1,F3_3,L2,L2,,,
299399,L2,L2,L2,L1,L1,L3,L2,L2,L1,C3_1,D3_1,F3_3,L2,L3,,,
299400,L2,L2,L2,L1,L1,L3,L2,L2,L1,C3_1,D3_1,F3_3,L3,L1,,,
299401,L2,L2,L2,L1,L1,L3,L2,L2,L1,C3_1,D3_1,F3_3,L3,L2,,,
299402,L2,L2,L2,L1,L1,L3,L2,L2,L1,C3_1,D3_1,F3_3,L3,L3,,,
299403,L2,L2,L2,L1,L1,L3,L2,L2,L1,C3_1,D3_2,F3_1,L1,L1,,,
299404,L2,L2,L2,L1,L1,L3,L2,L2,L1,C3_1,D3_2,F3_1,L1,L2,,,
299405,L2,L2,L2,L1,L1,L3,L2,L2,L1,C3_1,D3_2,F3_1,L1,L3,,,
299406,L2,L2,L2,L1,L1,L3,L2,L2,L1,C3_1,D3_2,F3_1,L2,L1,,,
299407,L2,L2,L2,L1,L1,L3,L2,L2,L1,C3_1,D3_2,F3_1,L2,L2,,,
299408,L2,L2,L2,L1,L1,L3,L2,L2,L1,C3_1,D3_2,F3_1,L2,L3,,,
299409,L2,L2,L2,L1,L1,L3,L2,L2,L1,C3_1,D3_2,F3_1,L3,L1,,,
299410,L2,L2,L2,L1,L1,L3,L2,L2,L1,C3_1,D3_2,F3_1,L3,L2,,,
299411,L2,L2,L2,L1,L1,L3,L2,L2,L1,C3_1,D3_2,F3_1,L3,L3,,,
299412,L2,L2,L2,L1,L1,L3,L2,L2,L1,C3_1,D3_2,F3_2,L1,L1,,,
299413,L2,L2,L2,L1,L1,L3,L2,L2,L1,C3_1,D3_2,F3_2,L1,L2,,,
299414,L2,L2,L2,L1,L1,L3,L2,L2,L1,C3_1,D3_2,F3_2,L1,L3,,,
299415,L2,L2,L2,L1,L1,L3,L2,L2,L1,C3_1,D3_2,F3_2,L2,L1,,,
299416,L2,L2,L2,L1,L1,L3,L2,L2,L1,C3_1,D3_2,F3_2,L2,L2,,,
299417,L2,L2,L2,L1,L1,L3,L2,L2,L1,C3_1,D3_2,F3_2,L2,L3,,,
299418,L2,L2,L2,L1,L1,L3,L2,L2,L1,C3_1,D3_2,F3_2,L3,L1,,,
299419,L2,L2,L2,L1,L1,L3,L2,L2,L1,C3_1,D3_2,F3_2,L3,L2,,,
299420,L2,L2,L2,L1,L1,L3,L2,L2,L1,C3_1,D3_2,F3_2,L3,L3,,,
299421,L2,L2,L2,L1,L1,L3,L2,L2,L1,C3_1,D3_2,F3_3,L1,L1,,,
299422,L2,L2,L2,L1,L1,L3,L2,L2,L1,C3_1,D3_2,F3_3,L1,L2,,,
299423,L2,L2,L2,L1,L1,L3,L2,L2,L1,C3_1,D3_2,F3_3,L1,L3,,,
299424,L2,L2,L2,L1,L1,L3,L2,L2,L1,C3_1,D3_2,F3_3,L2,L1,,,
299425,L2,L2,L2,L1,L1,L3,L2,L2,L1,C3_1,D3_2,F3_3,L2,L2,,,
299426,L2,L2,L2,L1,L1,L3,L2,L2,L1,C3_1,D3_2,F3_3,L2,L3,,,
299427,L2,L2,L2,L1,L1,L3,L2,L2,L1,C3_1,D3_2,F3_3,L3,L1,,,
299428,L2,L2,L2,L1,L1,L3,L2,L2,L1,C3_1,D3_2,F3_3,L3,L2,,,
299429,L2,L2,L2,L1,L1,L3,L2,L2,L1,C3_1,D3_2,F3_3,L3,L3,,,
299430,L2,L2,L2,L1,L1,L3,L2,L2,L1,C3_1,D3_3,F3_1,L1,L1,,,
299431,L2,L2,L2,L1,L1,L3,L2,L2,L1,C3_1,D3_3,F3_1,L1,L2,,,
299432,L2,L2,L2,L1,L1,L3,L2,L2,L1,C3_1,D3_3,F3_1,L1,L3,,,
299433,L2,L2,L2,L1,L1,L3,L2,L2,L1,C3_1,D3_3,F3_1,L2,L1,,,
299434,L2,L2,L2,L1,L1,L3,L2,L2,L1,C3_1,D3_3,F3_1,L2,L2,,,
299435,L2,L2,L2,L1,L1,L3,L2,L2,L1,C3_1,D3_3,F3_1,L2,L3,,,
299436,L2,L2,L2,L1,L1,L3,L2,L2,L1,C3_1,D3_3,F3_1,L3,L1,,,
299437,L2,L2,L2,L1,L1,L3,L2,L2,L1,C3_1,D3_3,F3_1,L3,L2,,,
299438,L2,L2,L2,L1,L1,L3,L2,L2,L1,C3_1,D3_3,F3_1,L3,L3,,,
299439,L2,L2,L2,L1,L1,L3,L2,L2,L1,C3_1,D3_3,F3_2,L1,L1,,,
299440,L2,L2,L2,L1,L1,L3,L2,L2,L1,C3_1,D3_3,F3_2,L1,L2,,,
299441,L2,L2,L2,L1,L1,L3,L2,L2,L1,C3_1,D3_3,F3_2,L1,L3,,,
299442,L2,L2,L2,L1,L1,L3,L2,L2,L1,C3_1,D3_3,F3_2,L2,L1,,,
299443,L2,L2,L2,L1,L1,L3,L2,L2,L1,C3_1,D3_3,F3_2,L2,L2,,,
299444,L2,L2,L2,L1,L1,L3,L2,L2,L1,C3_1,D3_3,F3_2,L2,L3,,,
299445,L2,L2,L2,L1,L1,L3,L2,L2,L1,C3_1,D3_3,F3_2,L3,L1,,,
299446,L2,L2,L2,L1,L1,L3,L2,L2,L1,C3_1,D3_3,F3_2,L3,L2,,,
299447,L2,L2,L2,L1,L1,L3,L2,L2,L1,C3_1,D3_3,F3_2,L3,L3,,,
299448,L2,L2,L2,L1,L1,L3,L2,L2,L1,C3_1,D3_3,F3_3,L1,L1,,,
299449,L2,L2,L2,L1,L1,L3,L2,L2,L1,C3_1,D3_3,F3_3,L1,L2,,,
299450,L2,L2,L2,L1,L1,L3,L2,L2,L1,C3_1,D3_3,F3_3,L1,L3,,,
299451,L2,L2,L2,L1,L1,L3,L2,L2,L1,C3_1,D3_3,F3_3,L2,L1,,,
299452,L2,L2,L2,L1,L1,L3,L2,L2,L1,C3_1,D3_3,F3_3,L2,L2,,,
299453,L2,L2,L2,L1,L1,L3,L2,L2,L1,C3_1,D3_3,F3_3,L2,L3,,,
299454,L2,L2,L2,L1,L1,L3,L2,L2,L1,C3_1,D3_3,F3_3,L3,L1,,,
299455,L2,L2,L2,L1,L1,L3,L2,L2,L1,C3_1,D3_3,F3_3,L3,L2,,,
299456,L2,L2,L2,L1,L1,L3,L2,L2,L1,C3_1,D3_3,F3_3,L3,L3,,,
299457,L2,L2,L2,L1,L1,L3,L2,L2,L1,C3_2,D3_1,F3_1,L1,L1,,,
299458,L2,L2,L2,L1,L1,L3,L2,L2,L1,C3_2,D3_1,F3_1,L1,L2,,,
299459,L2,L2,L2,L1,L1,L3,L2,L2,L1,C3_2,D3_1,F3_1,L1,L3,,,
299460,L2,L2,L2,L1,L1,L3,L2,L2,L1,C3_2,D3_1,F3_1,L2,L1,,,
299461,L2,L2,L2,L1,L1,L3,L2,L2,L1,C3_2,D3_1,F3_1,L2,L2,,,
299462,L2,L2,L2,L1,L1,L3,L2,L2,L1,C3_2,D3_1,F3_1,L2,L3,,,
299463,L2,L2,L2,L1,L1,L3,L2,L2,L1,C3_2,D3_1,F3_1,L3,L1,,,
299464,L2,L2,L2,L1,L1,L3,L2,L2,L1,C3_2,D3_1,F3_1,L3,L2,,,
299465,L2,L2,L2,L1,L1,L3,L2,L2,L1,C3_2,D3_1,F3_1,L3,L3,,,
299466,L2,L2,L2,L1,L1,L3,L2,L2,L1,C3_2,D3_1,F3_2,L1,L1,,,
299467,L2,L2,L2,L1,L1,L3,L2,L2,L1,C3_2,D3_1,F3_2,L1,L2,,,
299468,L2,L2,L2,L1,L1,L3,L2,L2,L1,C3_2,D3_1,F3_2,L1,L3,,,
299469,L2,L2,L2,L1,L1,L3,L2,L2,L1,C3_2,D3_1,F3_2,L2,L1,,,
299470,L2,L2,L2,L1,L1,L3,L2,L2,L1,C3_2,D3_1,F3_2,L2,L2,,,
299471,L2,L2,L2,L1,L1,L3,L2,L2,L1,C3_2,D3_1,F3_2,L2,L3,,,
299472,L2,L2,L2,L1,L1,L3,L2,L2,L1,C3_2,D3_1,F3_2,L3,L1,,,
299473,L2,L2,L2,L1,L1,L3,L2,L2,L1,C3_2,D3_1,F3_2,L3,L2,,,
299474,L2,L2,L2,L1,L1,L3,L2,L2,L1,C3_2,D3_1,F3_2,L3,L3,,,
299475,L2,L2,L2,L1,L1,L3,L2,L2,L1,C3_2,D3_1,F3_3,L1,L1,,,
299476,L2,L2,L2,L1,L1,L3,L2,L2,L1,C3_2,D3_1,F3_3,L1,L2,,,
299477,L2,L2,L2,L1,L1,L3,L2,L2,L1,C3_2,D3_1,F3_3,L1,L3,,,
299478,L2,L2,L2,L1,L1,L3,L2,L2,L1,C3_2,D3_1,F3_3,L2,L1,,,
299479,L2,L2,L2,L1,L1,L3,L2,L2,L1,C3_2,D3_1,F3_3,L2,L2,,,
299480,L2,L2,L2,L1,L1,L3,L2,L2,L1,C3_2,D3_1,F3_3,L2,L3,,,
299481,L2,L2,L2,L1,L1,L3,L2,L2,L1,C3_2,D3_1,F3_3,L3,L1,,,
299482,L2,L2,L2,L1,L1,L3,L2,L2,L1,C3_2,D3_1,F3_3,L3,L2,,,
299483,L2,L2,L2,L1,L1,L3,L2,L2,L1,C3_2,D3_1,F3_3,L3,L3,,,
299484,L2,L2,L2,L1,L1,L3,L2,L2,L1,C3_2,D3_2,F3_1,L1,L1,,,
299485,L2,L2,L2,L1,L1,L3,L2,L2,L1,C3_2,D3_2,F3_1,L1,L2,,,
299486,L2,L2,L2,L1,L1,L3,L2,L2,L1,C3_2,D3_2,F3_1,L1,L3,,,
299487,L2,L2,L2,L1,L1,L3,L2,L2,L1,C3_2,D3_2,F3_1,L2,L1,,,
299488,L2,L2,L2,L1,L1,L3,L2,L2,L1,C3_2,D3_2,F3_1,L2,L2,,,
299489,L2,L2,L2,L1,L1,L3,L2,L2,L1,C3_2,D3_2,F3_1,L2,L3,,,
299490,L2,L2,L2,L1,L1,L3,L2,L2,L1,C3_2,D3_2,F3_1,L3,L1,,,
299491,L2,L2,L2,L1,L1,L3,L2,L2,L1,C3_2,D3_2,F3_1,L3,L2,,,
299492,L2,L2,L2,L1,L1,L3,L2,L2,L1,C3_2,D3_2,F3_1,L3,L3,,,
299493,L2,L2,L2,L1,L1,L3,L2,L2,L1,C3_2,D3_2,F3_2,L1,L1,,,
299494,L2,L2,L2,L1,L1,L3,L2,L2,L1,C3_2,D3_2,F3_2,L1,L2,,,
299495,L2,L2,L2,L1,L1,L3,L2,L2,L1,C3_2,D3_2,F3_2,L1,L3,,,
299496,L2,L2,L2,L1,L1,L3,L2,L2,L1,C3_2,D3_2,F3_2,L2,L1,,,
299497,L2,L2,L2,L1,L1,L3,L2,L2,L1,C3_2,D3_2,F3_2,L2,L2,,,
299498,L2,L2,L2,L1,L1,L3,L2,L2,L1,C3_2,D3_2,F3_2,L2,L3,,,
299499,L2,L2,L2,L1,L1,L3,L2,L2,L1,C3_2,D3_2,F3_2,L3,L1,,,
299500,L2,L2,L2,L1,L1,L3,L2,L2,L1,C3_2,D3_2,F3_2,L3,L2,,,
299501,L2,L2,L2,L1,L1,L3,L2,L2,L1,C3_2,D3_2,F3_2,L3,L3,,,
299502,L2,L2,L2,L1,L1,L3,L2,L2,L1,C3_2,D3_2,F3_3,L1,L1,,,
299503,L2,L2,L2,L1,L1,L3,L2,L2,L1,C3_2,D3_2,F3_3,L1,L2,,,
299504,L2,L2,L2,L1,L1,L3,L2,L2,L1,C3_2,D3_2,F3_3,L1,L3,,,
299505,L2,L2,L2,L1,L1,L3,L2,L2,L1,C3_2,D3_2,F3_3,L2,L1,,,
299506,L2,L2,L2,L1,L1,L3,L2,L2,L1,C3_2,D3_2,F3_3,L2,L2,,,
299507,L2,L2,L2,L1,L1,L3,L2,L2,L1,C3_2,D3_2,F3_3,L2,L3,,,
299508,L2,L2,L2,L1,L1,L3,L2,L2,L1,C3_2,D3_2,F3_3,L3,L1,,,
299509,L2,L2,L2,L1,L1,L3,L2,L2,L1,C3_2,D3_2,F3_3,L3,L2,,,
299510,L2,L2,L2,L1,L1,L3,L2,L2,L1,C3_2,D3_2,F3_3,L3,L3,,,
299511,L2,L2,L2,L1,L1,L3,L2,L2,L1,C3_2,D3_3,F3_1,L1,L1,,,
299512,L2,L2,L2,L1,L1,L3,L2,L2,L1,C3_2,D3_3,F3_1,L1,L2,,,
299513,L2,L2,L2,L1,L1,L3,L2,L2,L1,C3_2,D3_3,F3_1,L1,L3,,,
299514,L2,L2,L2,L1,L1,L3,L2,L2,L1,C3_2,D3_3,F3_1,L2,L1,,,
299515,L2,L2,L2,L1,L1,L3,L2,L2,L1,C3_2,D3_3,F3_1,L2,L2,,,
299516,L2,L2,L2,L1,L1,L3,L2,L2,L1,C3_2,D3_3,F3_1,L2,L3,,,
299517,L2,L2,L2,L1,L1,L3,L2,L2,L1,C3_2,D3_3,F3_1,L3,L1,,,
299518,L2,L2,L2,L1,L1,L3,L2,L2,L1,C3_2,D3_3,F3_1,L3,L2,,,
299519,L2,L2,L2,L1,L1,L3,L2,L2,L1,C3_2,D3_3,F3_1,L3,L3,,,
299520,L2,L2,L2,L1,L1,L3,L2,L2,L1,C3_2,D3_3,F3_2,L1,L1,,,
299521,L2,L2,L2,L1,L1,L3,L2,L2,L1,C3_2,D3_3,F3_2,L1,L2,,,
299522,L2,L2,L2,L1,L1,L3,L2,L2,L1,C3_2,D3_3,F3_2,L1,L3,,,
299523,L2,L2,L2,L1,L1,L3,L2,L2,L1,C3_2,D3_3,F3_2,L2,L1,,,
299524,L2,L2,L2,L1,L1,L3,L2,L2,L1,C3_2,D3_3,F3_2,L2,L2,,,
299525,L2,L2,L2,L1,L1,L3,L2,L2,L1,C3_2,D3_3,F3_2,L2,L3,,,
299526,L2,L2,L2,L1,L1,L3,L2,L2,L1,C3_2,D3_3,F3_2,L3,L1,,,
299527,L2,L2,L2,L1,L1,L3,L2,L2,L1,C3_2,D3_3,F3_2,L3,L2,,,
299528,L2,L2,L2,L1,L1,L3,L2,L2,L1,C3_2,D3_3,F3_2,L3,L3,,,
299529,L2,L2,L2,L1,L1,L3,L2,L2,L1,C3_2,D3_3,F3_3,L1,L1,,,
299530,L2,L2,L2,L1,L1,L3,L2,L2,L1,C3_2,D3_3,F3_3,L1,L2,,,
299531,L2,L2,L2,L1,L1,L3,L2,L2,L1,C3_2,D3_3,F3_3,L1,L3,,,
299532,L2,L2,L2,L1,L1,L3,L2,L2,L1,C3_2,D3_3,F3_3,L2,L1,,,
299533,L2,L2,L2,L1,L1,L3,L2,L2,L1,C3_2,D3_3,F3_3,L2,L2,,,
299534,L2,L2,L2,L1,L1,L3,L2,L2,L1,C3_2,D3_3,F3_3,L2,L3,,,
299535,L2,L2,L2,L1,L1,L3,L2,L2,L1,C3_2,D3_3,F3_3,L3,L1,,,
299536,L2,L2,L2,L1,L1,L3,L2,L2,L1,C3_2,D3_3,F3_3,L3,L2,,,
299537,L2,L2,L2,L1,L1,L3,L2,L2,L1,C3_2,D3_3,F3_3,L3,L3,,,
299538,L2,L2,L2,L1,L1,L3,L2,L2,L1,C3_3,D3_1,F3_1,L1,L1,,,
299539,L2,L2,L2,L1,L1,L3,L2,L2,L1,C3_3,D3_1,F3_1,L1,L2,,,
299540,L2,L2,L2,L1,L1,L3,L2,L2,L1,C3_3,D3_1,F3_1,L1,L3,,,
299541,L2,L2,L2,L1,L1,L3,L2,L2,L1,C3_3,D3_1,F3_1,L2,L1,,,
299542,L2,L2,L2,L1,L1,L3,L2,L2,L1,C3_3,D3_1,F3_1,L2,L2,,,
299543,L2,L2,L2,L1,L1,L3,L2,L2,L1,C3_3,D3_1,F3_1,L2,L3,,,
299544,L2,L2,L2,L1,L1,L3,L2,L2,L1,C3_3,D3_1,F3_1,L3,L1,,,
299545,L2,L2,L2,L1,L1,L3,L2,L2,L1,C3_3,D3_1,F3_1,L3,L2,,,
299546,L2,L2,L2,L1,L1,L3,L2,L2,L1,C3_3,D3_1,F3_1,L3,L3,,,
299547,L2,L2,L2,L1,L1,L3,L2,L2,L1,C3_3,D3_1,F3_2,L1,L1,,,
299548,L2,L2,L2,L1,L1,L3,L2,L2,L1,C3_3,D3_1,F3_2,L1,L2,,,
299549,L2,L2,L2,L1,L1,L3,L2,L2,L1,C3_3,D3_1,F3_2,L1,L3,,,
299550,L2,L2,L2,L1,L1,L3,L2,L2,L1,C3_3,D3_1,F3_2,L2,L1,,,
299551,L2,L2,L2,L1,L1,L3,L2,L2,L1,C3_3,D3_1,F3_2,L2,L2,,,
299552,L2,L2,L2,L1,L1,L3,L2,L2,L1,C3_3,D3_1,F3_2,L2,L3,,,
299553,L2,L2,L2,L1,L1,L3,L2,L2,L1,C3_3,D3_1,F3_2,L3,L1,,,
299554,L2,L2,L2,L1,L1,L3,L2,L2,L1,C3_3,D3_1,F3_2,L3,L2,,,
299555,L2,L2,L2,L1,L1,L3,L2,L2,L1,C3_3,D3_1,F3_2,L3,L3,,,
299556,L2,L2,L2,L1,L1,L3,L2,L2,L1,C3_3,D3_1,F3_3,L1,L1,,,
299557,L2,L2,L2,L1,L1,L3,L2,L2,L1,C3_3,D3_1,F3_3,L1,L2,,,
299558,L2,L2,L2,L1,L1,L3,L2,L2,L1,C3_3,D3_1,F3_3,L1,L3,,,
299559,L2,L2,L2,L1,L1,L3,L2,L2,L1,C3_3,D3_1,F3_3,L2,L1,,,
299560,L2,L2,L2,L1,L1,L3,L2,L2,L1,C3_3,D3_1,F3_3,L2,L2,,,
299561,L2,L2,L2,L1,L1,L3,L2,L2,L1,C3_3,D3_1,F3_3,L2,L3,,,
299562,L2,L2,L2,L1,L1,L3,L2,L2,L1,C3_3,D3_1,F3_3,L3,L1,,,
299563,L2,L2,L2,L1,L1,L3,L2,L2,L1,C3_3,D3_1,F3_3,L3,L2,,,
299564,L2,L2,L2,L1,L1,L3,L2,L2,L1,C3_3,D3_1,F3_3,L3,L3,,,
299565,L2,L2,L2,L1,L1,L3,L2,L2,L1,C3_3,D3_2,F3_1,L1,L1,,,
299566,L2,L2,L2,L1,L1,L3,L2,L2,L1,C3_3,D3_2,F3_1,L1,L2,,,
299567,L2,L2,L2,L1,L1,L3,L2,L2,L1,C3_3,D3_2,F3_1,L1,L3,,,
299568,L2,L2,L2,L1,L1,L3,L2,L2,L1,C3_3,D3_2,F3_1,L2,L1,,,
299569,L2,L2,L2,L1,L1,L3,L2,L2,L1,C3_3,D3_2,F3_1,L2,L2,,,
299570,L2,L2,L2,L1,L1,L3,L2,L2,L1,C3_3,D3_2,F3_1,L2,L3,,,
299571,L2,L2,L2,L1,L1,L3,L2,L2,L1,C3_3,D3_2,F3_1,L3,L1,,,
299572,L2,L2,L2,L1,L1,L3,L2,L2,L1,C3_3,D3_2,F3_1,L3,L2,,,
299573,L2,L2,L2,L1,L1,L3,L2,L2,L1,C3_3,D3_2,F3_1,L3,L3,,,
299574,L2,L2,L2,L1,L1,L3,L2,L2,L1,C3_3,D3_2,F3_2,L1,L1,,,
299575,L2,L2,L2,L1,L1,L3,L2,L2,L1,C3_3,D3_2,F3_2,L1,L2,,,
299576,L2,L2,L2,L1,L1,L3,L2,L2,L1,C3_3,D3_2,F3_2,L1,L3,,,
299577,L2,L2,L2,L1,L1,L3,L2,L2,L1,C3_3,D3_2,F3_2,L2,L1,,,
299578,L2,L2,L2,L1,L1,L3,L2,L2,L1,C3_3,D3_2,F3_2,L2,L2,,,
299579,L2,L2,L2,L1,L1,L3,L2,L2,L1,C3_3,D3_2,F3_2,L2,L3,,,
299580,L2,L2,L2,L1,L1,L3,L2,L2,L1,C3_3,D3_2,F3_2,L3,L1,,,
299581,L2,L2,L2,L1,L1,L3,L2,L2,L1,C3_3,D3_2,F3_2,L3,L2,,,
299582,L2,L2,L2,L1,L1,L3,L2,L2,L1,C3_3,D3_2,F3_2,L3,L3,,,
299583,L2,L2,L2,L1,L1,L3,L2,L2,L1,C3_3,D3_2,F3_3,L1,L1,,,
299584,L2,L2,L2,L1,L1,L3,L2,L2,L1,C3_3,D3_2,F3_3,L1,L2,,,
299585,L2,L2,L2,L1,L1,L3,L2,L2,L1,C3_3,D3_2,F3_3,L1,L3,,,
299586,L2,L2,L2,L1,L1,L3,L2,L2,L1,C3_3,D3_2,F3_3,L2,L1,,,
299587,L2,L2,L2,L1,L1,L3,L2,L2,L1,C3_3,D3_2,F3_3,L2,L2,,,
299588,L2,L2,L2,L1,L1,L3,L2,L2,L1,C3_3,D3_2,F3_3,L2,L3,,,
299589,L2,L2,L2,L1,L1,L3,L2,L2,L1,C3_3,D3_2,F3_3,L3,L1,,,
299590,L2,L2,L2,L1,L1,L3,L2,L2,L1,C3_3,D3_2,F3_3,L3,L2,,,
299591,L2,L2,L2,L1,L1,L3,L2,L2,L1,C3_3,D3_2,F3_3,L3,L3,,,
299592,L2,L2,L2,L1,L1,L3,L2,L2,L1,C3_3,D3_3,F3_1,L1,L1,,,
299593,L2,L2,L2,L1,L1,L3,L2,L2,L1,C3_3,D3_3,F3_1,L1,L2,,,
299594,L2,L2,L2,L1,L1,L3,L2,L2,L1,C3_3,D3_3,F3_1,L1,L3,,,
299595,L2,L2,L2,L1,L1,L3,L2,L2,L1,C3_3,D3_3,F3_1,L2,L1,,,
299596,L2,L2,L2,L1,L1,L3,L2,L2,L1,C3_3,D3_3,F3_1,L2,L2,,,
299597,L2,L2,L2,L1,L1,L3,L2,L2,L1,C3_3,D3_3,F3_1,L2,L3,,,
299598,L2,L2,L2,L1,L1,L3,L2,L2,L1,C3_3,D3_3,F3_1,L3,L1,,,
299599,L2,L2,L2,L1,L1,L3,L2,L2,L1,C3_3,D3_3,F3_1,L3,L2,,,
299600,L2,L2,L2,L1,L1,L3,L2,L2,L1,C3_3,D3_3,F3_1,L3,L3,,,
299601,L2,L2,L2,L1,L1,L3,L2,L2,L1,C3_3,D3_3,F3_2,L1,L1,,,
299602,L2,L2,L2,L1,L1,L3,L2,L2,L1,C3_3,D3_3,F3_2,L1,L2,,,
299603,L2,L2,L2,L1,L1,L3,L2,L2,L1,C3_3,D3_3,F3_2,L1,L3,,,
299604,L2,L2,L2,L1,L1,L3,L2,L2,L1,C3_3,D3_3,F3_2,L2,L1,,,
299605,L2,L2,L2,L1,L1,L3,L2,L2,L1,C3_3,D3_3,F3_2,L2,L2,,,
299606,L2,L2,L2,L1,L1,L3,L2,L2,L1,C3_3,D3_3,F3_2,L2,L3,,,
299607,L2,L2,L2,L1,L1,L3,L2,L2,L1,C3_3,D3_3,F3_2,L3,L1,,,
299608,L2,L2,L2,L1,L1,L3,L2,L2,L1,C3_3,D3_3,F3_2,L3,L2,,,
299609,L2,L2,L2,L1,L1,L3,L2,L2,L1,C3_3,D3_3,F3_2,L3,L3,,,
299610,L2,L2,L2,L1,L1,L3,L2,L2,L1,C3_3,D3_3,F3_3,L1,L1,,,
299611,L2,L2,L2,L1,L1,L3,L2,L2,L1,C3_3,D3_3,F3_3,L1,L2,,,
299612,L2,L2,L2,L1,L1,L3,L2,L2,L1,C3_3,D3_3,F3_3,L1,L3,,,
299613,L2,L2,L2,L1,L1,L3,L2,L2,L1,C3_3,D3_3,F3_3,L2,L1,,,
299614,L2,L2,L2,L1,L1,L3,L2,L2,L1,C3_3,D3_3,F3_3,L2,L2,,,
299615,L2,L2,L2,L1,L1,L3,L2,L2,L1,C3_3,D3_3,F3_3,L2,L3,,,
299616,L2,L2,L2,L1,L1,L3,L2,L2,L1,C3_3,D3_3,F3_3,L3,L1,,,
299617,L2,L2,L2,L1,L1,L3,L2,L2,L1,C3_3,D3_3,F3_3,L3,L2,,,
299618,L2,L2,L2,L1,L1,L3,L2,L2,L1,C3_3,D3_3,F3_3,L3,L3,,,
307017,L1,L2,L3,L1,L2,L3,L2,L2,L1,C3_1,D3_1,F3_1,L1,L1,,,
307018,L1,L2,L3,L1,L2,L3,L2,L2,L1,C3_1,D3_1,F3_1,L1,L2,,,
307019,L1,L2,L3,L1,L2,L3,L2,L2,L1,C3_1,D3_1,F3_1,L1,L3,,,
307020,L1,L2,L3,L1,L2,L3,L2,L2,L1,C3_1,D3_1,F3_1,L2,L1,,,
307021,L1,L2,L3,L1,L2,L3,L2,L2,L1,C3_1,D3_1,F3_1,L2,L2,,,
307022,L1,L2,L3,L1,L2,L3,L2,L2,L1,C3_1,D3_1,F3_1,L2,L3,,,
307023,L1,L2,L3,L1,L2,L3,L2,L2,L1,C3_1,D3_1,F3_1,L3,L1,,,
307024,L1,L2,L3,L1,L2,L3,L2,L2,L1,C3_1,D3_1,F3_1,L3,L2,,,
307025,L1,L2,L3,L1,L2,L3,L2,L2,L1,C3_1,D3_1,F3_1,L3,L3,,,
307026,L1,L2,L3,L1,L2,L3,L2,L2,L1,C3_1,D3_1,F3_2,L1,L1,,,
307027,L1,L2,L3,L1,L2,L3,L2,L2,L1,C3_1,D3_1,F3_2,L1,L2,,,
307028,L1,L2,L3,L1,L2,L3,L2,L2,L1,C3_1,D3_1,F3_2,L1,L3,,,
307029,L1,L2,L3,L1,L2,L3,L2,L2,L1,C3_1,D3_1,F3_2,L2,L1,,,
307030,L1,L2,L3,L1,L2,L3,L2,L2,L1,C3_1,D3_1,F3_2,L2,L2,,,
307031,L1,L2,L3,L1,L2,L3,L2,L2,L1,C3_1,D3_1,F3_2,L2,L3,,,
307032,L1,L2,L3,L1,L2,L3,L2,L2,L1,C3_1,D3_1,F3_2,L3,L1,,,
307033,L1,L2,L3,L1,L2,L3,L2,L2,L1,C3_1,D3_1,F3_2,L3,L2,,,
307034,L1,L2,L3,L1,L2,L3,L2,L2,L1,C3_1,D3_1,F3_2,L3,L3,,,
307035,L1,L2,L3,L1,L2,L3,L2,L2,L1,C3_1,D3_1,F3_3,L1,L1,,,
307036,L1,L2,L3,L1,L2,L3,L2,L2,L1,C3_1,D3_1,F3_3,L1,L2,,,
307037,L1,L2,L3,L1,L2,L3,L2,L2,L1,C3_1,D3_1,F3_3,L1,L3,,,
307038,L1,L2,L3,L1,L2,L3,L2,L2,L1,C3_1,D3_1,F3_3,L2,L1,,,
307039,L1,L2,L3,L1,L2,L3,L2,L2,L1,C3_1,D3_1,F3_3,L2,L2,,,
307040,L1,L2,L3,L1,L2,L3,L2,L2,L1,C3_1,D3_1,F3_3,L2,L3,,,
307041,L1,L2,L3,L1,L2,L3,L2,L2,L1,C3_1,D3_1,F3_3,L3,L1,,,
307042,L1,L2,L3,L1,L2,L3,L2,L2,L1,C3_1,D3_1,F3_3,L3,L2,,,
307043,L1,L2,L3,L1,L2,L3,L2,L2,L1,C3_1,D3_1,F3_3,L3,L3,,,
307044,L1,L2,L3,L1,L2,L3,L2,L2,L1,C3_1,D3_2,F3_1,L1,L1,,,
307045,L1,L2,L3,L1,L2,L3,L2,L2,L1,C3_1,D3_2,F3_1,L1,L2,,,
307046,L1,L2,L3,L1,L2,L3,L2,L2,L1,C3_1,D3_2,F3_1,L1,L3,,,
307047,L1,L2,L3,L1,L2,L3,L2,L2,L1,C3_1,D3_2,F3_1,L2,L1,,,
307048,L1,L2,L3,L1,L2,L3,L2,L2,L1,C3_1,D3_2,F3_1,L2,L2,,,
307049,L1,L2,L3,L1,L2,L3,L2,L2,L1,C3_1,D3_2,F3_1,L2,L3,,,
307050,L1,L2,L3,L1,L2,L3,L2,L2,L1,C3_1,D3_2,F3_1,L3,L1,,,
307051,L1,L2,L3,L1,L2,L3,L2,L2,L1,C3_1,D3_2,F3_1,L3,L2,,,
307052,L1,L2,L3,L1,L2,L3,L2,L2,L1,C3_1,D3_2,F3_1,L3,L3,,,
307053,L1,L2,L3,L1,L2,L3,L2,L2,L1,C3_1,D3_2,F3_2,L1,L1,,,
307054,L1,L2,L3,L1,L2,L3,L2,L2,L1,C3_1,D3_2,F3_2,L1,L2,,,
307055,L1,L2,L3,L1,L2,L3,L2,L2,L1,C3_1,D3_2,F3_2,L1,L3,,,
307056,L1,L2,L3,L1,L2,L3,L2,L2,L1,C3_1,D3_2,F3_2,L2,L1,,,
307057,L1,L2,L3,L1,L2,L3,L2,L2,L1,C3_1,D3_2,F3_2,L2,L2,,,
307058,L1,L2,L3,L1,L2,L3,L2,L2,L1,C3_1,D3_2,F3_2,L2,L3,,,
307059,L1,L2,L3,L1,L2,L3,L2,L2,L1,C3_1,D3_2,F3_2,L3,L1,,,
307060,L1,L2,L3,L1,L2,L3,L2,L2,L1,C3_1,D3_2,F3_2,L3,L2,,,
307061,L1,L2,L3,L1,L2,L3,L2,L2,L1,C3_1,D3_2,F3_2,L3,L3,,,
307062,L1,L2,L3,L1,L2,L3,L2,L2,L1,C3_1,D3_2,F3_3,L1,L1,,,
307063,L1,L2,L3,L1,L2,L3,L2,L2,L1,C3_1,D3_2,F3_3,L1,L2,,,
307064,L1,L2,L3,L1,L2,L3,L2,L2,L1,C3_1,D3_2,F3_3,L1,L3,,,
307065,L1,L2,L3,L1,L2,L3,L2,L2,L1,C3_1,D3_2,F3_3,L2,L1,,,
307066,L1,L2,L3,L1,L2,L3,L2,L2,L1,C3_1,D3_2,F3_3,L2,L2,,,
307067,L1,L2,L3,L1,L2,L3,L2,L2,L1,C3_1,D3_2,F3_3,L2,L3,,,
307068,L1,L2,L3,L1,L2,L3,L2,L2,L1,C3_1,D3_2,F3_3,L3,L1,,,
307069,L1,L2,L3,L1,L2,L3,L2,L2,L1,C3_1,D3_2,F3_3,L3,L2,,,
307070,L1,L2,L3,L1,L2,L3,L2,L2,L1,C3_1,D3_2,F3_3,L3,L3,,,
307071,L1,L2,L3,L1,L2,L3,L2,L2,L1,C3_1,D3_3,F3_1,L1,L1,,,
307072,L1,L2,L3,L1,L2,L3,L2,L2,L1,C3_1,D3_3,F3_1,L1,L2,,,
307073,L1,L2,L3,L1,L2,L3,L2,L2,L1,C3_1,D3_3,F3_1,L1,L3,,,
307074,L1,L2,L3,L1,L2,L3,L2,L2,L1,C3_1,D3_3,F3_1,L2,L1,,,
307075,L1,L2,L3,L1,L2,L3,L2,L2,L1,C3_1,D3_3,F3_1,L2,L2,,,
307076,L1,L2,L3,L1,L2,L3,L2,L2,L1,C3_1,D3_3,F3_1,L2,L3,,,
307077,L1,L2,L3,L1,L2,L3,L2,L2,L1,C3_1,D3_3,F3_1,L3,L1,,,
307078,L1,L2,L3,L1,L2,L3,L2,L2,L1,C3_1,D3_3,F3_1,L3,L2,,,
307079,L1,L2,L3,L1,L2,L3,L2,L2,L1,C3_1,D3_3,F3_1,L3,L3,,,
307080,L1,L2,L3,L1,L2,L3,L2,L2,L1,C3_1,D3_3,F3_2,L1,L1,,,
307081,L1,L2,L3,L1,L2,L3,L2,L2,L1,C3_1,D3_3,F3_2,L1,L2,,,
307082,L1,L2,L3,L1,L2,L3,L2,L2,L1,C3_1,D3_3,F3_2,L1,L3,,,
307083,L1,L2,L3,L1,L2,L3,L2,L2,L1,C3_1,D3_3,F3_2,L2,L1,,,
307084,L1,L2,L3,L1,L2,L3,L2,L2,L1,C3_1,D3_3,F3_2,L2,L2,,,
307085,L1,L2,L3,L1,L2,L3,L2,L2,L1,C3_1,D3_3,F3_2,L2,L3,,,
307086,L1,L2,L3,L1,L2,L3,L2,L2,L1,C3_1,D3_3,F3_2,L3,L1,,,
307087,L1,L2,L3,L1,L2,L3,L2,L2,L1,C3_1,D3_3,F3_2,L3,L2,,,
307088,L1,L2,L3,L1,L2,L3,L2,L2,L1,C3_1,D3_3,F3_2,L3,L3,,,
307089,L1,L2,L3,L1,L2,L3,L2,L2,L1,C3_1,D3_3,F3_3,L1,L1,,,
307090,L1,L2,L3,L1,L2,L3,L2,L2,L1,C3_1,D3_3,F3_3,L1,L2,,,
307091,L1,L2,L3,L1,L2,L3,L2,L2,L1,C3_1,D3_3,F3_3,L1,L3,,,
307092,L1,L2,L3,L1,L2,L3,L2,L2,L1,C3_1,D3_3,F3_3,L2,L1,,,
307093,L1,L2,L3,L1,L2,L3,L2,L2,L1,C3_1,D3_3,F3_3,L2,L2,,,
307094,L1,L2,L3,L1,L2,L3,L2,L2,L1,C3_1,D3_3,F3_3,L2,L3,,,
307095,L1,L2,L3,L1,L2,L3,L2,L2,L1,C3_1,D3_3,F3_3,L3,L1,,,
307096,L1,L2,L3,L1,L2,L3,L2,L2,L1,C3_1,D3_3,F3_3,L3,L2,,,
307097,L1,L2,L3,L1,L2,L3,L2,L2,L1,C3_1,D3_3,F3_3,L3,L3,,,
307098,L1,L2,L3,L1,L2,L3,L2,L2,L1,C3_2,D3_1,F3_1,L1,L1,,,
307099,L1,L2,L3,L1,L2,L3,L2,L2,L1,C3_2,D3_1,F3_1,L1,L2,,,
307100,L1,L2,L3,L1,L2,L3,L2,L2,L1,C3_2,D3_1,F3_1,L1,L3,,,
307101,L1,L2,L3,L1,L2,L3,L2,L2,L1,C3_2,D3_1,F3_1,L2,L1,,,
307102,L1,L2,L3,L1,L2,L3,L2,L2,L1,C3_2,D3_1,F3_1,L2,L2,,,
307103,L1,L2,L3,L1,L2,L3,L2,L2,L1,C3_2,D3_1,F3_1,L2,L3,,,
307104,L1,L2,L3,L1,L2,L3,L2,L2,L1,C3_2,D3_1,F3_1,L3,L1,,,
307105,L1,L2,L3,L1,L2,L3,L2,L2,L1,C3_2,D3_1,F3_1,L3,L2,,,
307106,L1,L2,L3,L1,L2,L3,L2,L2,L1,C3_2,D3_1,F3_1,L3,L3,,,
307107,L1,L2,L3,L1,L2,L3,L2,L2,L1,C3_2,D3_1,F3_2,L1,L1,,,
307108,L1,L2,L3,L1,L2,L3,L2,L2,L1,C3_2,D3_1,F3_2,L1,L2,,,
307109,L1,L2,L3,L1,L2,L3,L2,L2,L1,C3_2,D3_1,F3_2,L1,L3,,,
307110,L1,L2,L3,L1,L2,L3,L2,L2,L1,C3_2,D3_1,F3_2,L2,L1,,,
307111,L1,L2,L3,L1,L2,L3,L2,L2,L1,C3_2,D3_1,F3_2,L2,L2,,,
307112,L1,L2,L3,L1,L2,L3,L2,L2,L1,C3_2,D3_1,F3_2,L2,L3,,,
307113,L1,L2,L3,L1,L2,L3,L2,L2,L1,C3_2,D3_1,F3_2,L3,L1,,,
307114,L1,L2,L3,L1,L2,L3,L2,L2,L1,C3_2,D3_1,F3_2,L3,L2,,,
307115,L1,L2,L3,L1,L2,L3,L2,L2,L1,C3_2,D3_1,F3_2,L3,L3,,,
307116,L1,L2,L3,L1,L2,L3,L2,L2,L1,C3_2,D3_1,F3_3,L1,L1,,,
307117,L1,L2,L3,L1,L2,L3,L2,L2,L1,C3_2,D3_1,F3_3,L1,L2,,,
307118,L1,L2,L3,L1,L2,L3,L2,L2,L1,C3_2,D3_1,F3_3,L1,L3,,,
307119,L1,L2,L3,L1,L2,L3,L2,L2,L1,C3_2,D3_1,F3_3,L2,L1,,,
307120,L1,L2,L3,L1,L2,L3,L2,L2,L1,C3_2,D3_1,F3_3,L2,L2,,,
307121,L1,L2,L3,L1,L2,L3,L2,L2,L1,C3_2,D3_1,F3_3,L2,L3,,,
307122,L1,L2,L3,L1,L2,L3,L2,L2,L1,C3_2,D3_1,F3_3,L3,L1,,,
307123,L1,L2,L3,L1,L2,L3,L2,L2,L1,C3_2,D3_1,F3_3,L3,L2,,,
307124,L1,L2,L3,L1,L2,L3,L2,L2,L1,C3_2,D3_1,F3_3,L3,L3,,,
307125,L1,L2,L3,L1,L2,L3,L2,L2,L1,C3_2,D3_2,F3_1,L1,L1,,,
307126,L1,L2,L3,L1,L2,L3,L2,L2,L1,C3_2,D3_2,F3_1,L1,L2,,,
307127,L1,L2,L3,L1,L2,L3,L2,L2,L1,C3_2,D3_2,F3_1,L1,L3,,,
307128,L1,L2,L3,L1,L2,L3,L2,L2,L1,C3_2,D3_2,F3_1,L2,L1,,,
307129,L1,L2,L3,L1,L2,L3,L2,L2,L1,C3_2,D3_2,F3_1,L2,L2,,,
307130,L1,L2,L3,L1,L2,L3,L2,L2,L1,C3_2,D3_2,F3_1,L2,L3,,,
307131,L1,L2,L3,L1,L2,L3,L2,L2,L1,C3_2,D3_2,F3_1,L3,L1,,,
307132,L1,L2,L3,L1,L2,L3,L2,L2,L1,C3_2,D3_2,F3_1,L3,L2,,,
307133,L1,L2,L3,L1,L2,L3,L2,L2,L1,C3_2,D3_2,F3_1,L3,L3,,,
307134,L1,L2,L3,L1,L2,L3,L2,L2,L1,C3_2,D3_2,F3_2,L1,L1,,,
307135,L1,L2,L3,L1,L2,L3,L2,L2,L1,C3_2,D3_2,F3_2,L1,L2,,,
307136,L1,L2,L3,L1,L2,L3,L2,L2,L1,C3_2,D3_2,F3_2,L1,L3,,,
307137,L1,L2,L3,L1,L2,L3,L2,L2,L1,C3_2,D3_2,F3_2,L2,L1,,,
307138,L1,L2,L3,L1,L2,L3,L2,L2,L1,C3_2,D3_2,F3_2,L2,L2,,,
307139,L1,L2,L3,L1,L2,L3,L2,L2,L1,C3_2,D3_2,F3_2,L2,L3,,,
307140,L1,L2,L3,L1,L2,L3,L2,L2,L1,C3_2,D3_2,F3_2,L3,L1,,,
307141,L1,L2,L3,L1,L2,L3,L2,L2,L1,C3_2,D3_2,F3_2,L3,L2,,,
307142,L1,L2,L3,L1,L2,L3,L2,L2,L1,C3_2,D3_2,F3_2,L3,L3,,,
307143,L1,L2,L3,L1,L2,L3,L2,L2,L1,C3_2,D3_2,F3_3,L1,L1,,,
307144,L1,L2,L3,L1,L2,L3,L2,L2,L1,C3_2,D3_2,F3_3,L1,L2,,,
307145,L1,L2,L3,L1,L2,L3,L2,L2,L1,C3_2,D3_2,F3_3,L1,L3,,,
307146,L1,L2,L3,L1,L2,L3,L2,L2,L1,C3_2,D3_2,F3_3,L2,L1,,,
307147,L1,L2,L3,L1,L2,L3,L2,L2,L1,C3_2,D3_2,F3_3,L2,L2,,,
307148,L1,L2,L3,L1,L2,L3,L2,L2,L1,C3_2,D3_2,F3_3,L2,L3,,,
307149,L1,L2,L3,L1,L2,L3,L2,L2,L1,C3_2,D3_2,F3_3,L3,L1,,,
307150,L1,L2,L3,L1,L2,L3,L2,L2,L1,C3_2,D3_2,F3_3,L3,L2,,,
307151,L1,L2,L3,L1,L2,L3,L2,L2,L1,C3_2,D3_2,F3_3,L3,L3,,,
307152,L1,L2,L3,L1,L2,L3,L2,L2,L1,C3_2,D3_3,F3_1,L1,L1,,,
307153,L1,L2,L3,L1,L2,L3,L2,L2,L1,C3_2,D3_3,F3_1,L1,L2,,,
307154,L1,L2,L3,L1,L2,L3,L2,L2,L1,C3_2,D3_3,F3_1,L1,L3,,,
307155,L1,L2,L3,L1,L2,L3,L2,L2,L1,C3_2,D3_3,F3_1,L2,L1,,,
307156,L1,L2,L3,L1,L2,L3,L2,L2,L1,C3_2,D3_3,F3_1,L2,L2,,,
307157,L1,L2,L3,L1,L2,L3,L2,L2,L1,C3_2,D3_3,F3_1,L2,L3,,,
307158,L1,L2,L3,L1,L2,L3,L2,L2,L1,C3_2,D3_3,F3_1,L3,L1,,,
307159,L1,L2,L3,L1,L2,L3,L2,L2,L1,C3_2,D3_3,F3_1,L3,L2,,,
307160,L1,L2,L3,L1,L2,L3,L2,L2,L1,C3_2,D3_3,F3_1,L3,L3,,,
307161,L1,L2,L3,L1,L2,L3,L2,L2,L1,C3_2,D3_3,F3_2,L1,L1,,,
307162,L1,L2,L3,L1,L2,L3,L2,L2,L1,C3_2,D3_3,F3_2,L1,L2,,,
307163,L1,L2,L3,L1,L2,L3,L2,L2,L1,C3_2,D3_3,F3_2,L1,L3,,,
307164,L1,L2,L3,L1,L2,L3,L2,L2,L1,C3_2,D3_3,F3_2,L2,L1,,,
307165,L1,L2,L3,L1,L2,L3,L2,L2,L1,C3_2,D3_3,F3_2,L2,L2,,,
307166,L1,L2,L3,L1,L2,L3,L2,L2,L1,C3_2,D3_3,F3_2,L2,L3,,,
307167,L1,L2,L3,L1,L2,L3,L2,L2,L1,C3_2,D3_3,F3_2,L3,L1,,,
307168,L1,L2,L3,L1,L2,L3,L2,L2,L1,C3_2,D3_3,F3_2,L3,L2,,,
307169,L1,L2,L3,L1,L2,L3,L2,L2,L1,C3_2,D3_3,F3_2,L3,L3,,,
307170,L1,L2,L3,L1,L2,L3,L2,L2,L1,C3_2,D3_3,F3_3,L1,L1,,,
307171,L1,L2,L3,L1,L2,L3,L2,L2,L1,C3_2,D3_3,F3_3,L1,L2,,,
307172,L1,L2,L3,L1,L2,L3,L2,L2,L1,C3_2,D3_3,F3_3,L1,L3,,,
307173,L1,L2,L3,L1,L2,L3,L2,L2,L1,C3_2,D3_3,F3_3,L2,L1,,,
307174,L1,L2,L3,L1,L2,L3,L2,L2,L1,C3_2,D3_3,F3_3,L2,L2,,,
307175,L1,L2,L3,L1,L2,L3,L2,L2,L1,C3_2,D3_3,F3_3,L2,L3,,,
307176,L1,L2,L3,L1,L2,L3,L2,L2,L1,C3_2,D3_3,F3_3,L3,L1,,,
307177,L1,L2,L3,L1,L2,L3,L2,L2,L1,C3_2,D3_3,F3_3,L3,L2,,,
307178,L1,L2,L3,L1,L2,L3,L2,L2,L1,C3_2,D3_3,F3_3,L3,L3,,,
307179,L1,L2,L3,L1,L2,L3,L2,L2,L1,C3_3,D3_1,F3_1,L1,L1,,,
307180,L1,L2,L3,L1,L2,L3,L2,L2,L1,C3_3,D3_1,F3_1,L1,L2,,,
307181,L1,L2,L3,L1,L2,L3,L2,L2,L1,C3_3,D3_1,F3_1,L1,L3,,,
307182,L1,L2,L3,L1,L2,L3,L2,L2,L1,C3_3,D3_1,F3_1,L2,L1,,,
307183,L1,L2,L3,L1,L2,L3,L2,L2,L1,C3_3,D3_1,F3_1,L2,L2,,,
307184,L1,L2,L3,L1,L2,L3,L2,L2,L1,C3_3,D3_1,F3_1,L2,L3,,,
307185,L1,L2,L3,L1,L2,L3,L2,L2,L1,C3_3,D3_1,F3_1,L3,L1,,,
307186,L1,L2,L3,L1,L2,L3,L2,L2,L1,C3_3,D3_1,F3_1,L3,L2,,,
307187,L1,L2,L3,L1,L2,L3,L2,L2,L1,C3_3,D3_1,F3_1,L3,L3,,,
307188,L1,L2,L3,L1,L2,L3,L2,L2,L1,C3_3,D3_1,F3_2,L1,L1,,,
307189,L1,L2,L3,L1,L2,L3,L2,L2,L1,C3_3,D3_1,F3_2,L1,L2,,,
307190,L1,L2,L3,L1,L2,L3,L2,L2,L1,C3_3,D3_1,F3_2,L1,L3,,,
307191,L1,L2,L3,L1,L2,L3,L2,L2,L1,C3_3,D3_1,F3_2,L2,L1,,,
307192,L1,L2,L3,L1,L2,L3,L2,L2,L1,C3_3,D3_1,F3_2,L2,L2,,,
307193,L1,L2,L3,L1,L2,L3,L2,L2,L1,C3_3,D3_1,F3_2,L2,L3,,,
307194,L1,L2,L3,L1,L2,L3,L2,L2,L1,C3_3,D3_1,F3_2,L3,L1,,,
307195,L1,L2,L3,L1,L2,L3,L2,L2,L1,C3_3,D3_1,F3_2,L3,L2,,,
307196,L1,L2,L3,L1,L2,L3,L2,L2,L1,C3_3,D3_1,F3_2,L3,L3,,,
307197,L1,L2,L3,L1,L2,L3,L2,L2,L1,C3_3,D3_1,F3_3,L1,L1,,,
307198,L1,L2,L3,L1,L2,L3,L2,L2,L1,C3_3,D3_1,F3_3,L1,L2,,,
307199,L1,L2,L3,L1,L2,L3,L2,L2,L1,C3_3,D3_1,F3_3,L1,L3,,,
307200,L1,L2,L3,L1,L2,L3,L2,L2,L1,C3_3,D3_1,F3_3,L2,L1,,,
307201,L1,L2,L3,L1,L2,L3,L2,L2,L1,C3_3,D3_1,F3_3,L2,L2,,,
307202,L1,L2,L3,L1,L2,L3,L2,L2,L1,C3_3,D3_1,F3_3,L2,L3,,,
307203,L1,L2,L3,L1,L2,L3,L2,L2,L1,C3_3,D3_1,F3_3,L3,L1,,,
307204,L1,L2,L3,L1,L2,L3,L2,L2,L1,C3_3,D3_1,F3_3,L3,L2,,,
307205,L1,L2,L3,L1,L2,L3,L2,L2,L1,C3_3,D3_1,F3_3,L3,L3,,,
307206,L1,L2,L3,L1,L2,L3,L2,L2,L1,C3_3,D3_2,F3_1,L1,L1,,,
307207,L1,L2,L3,L1,L2,L3,L2,L2,L1,C3_3,D3_2,F3_1,L1,L2,,,
307208,L1,L2,L3,L1,L2,L3,L2,L2,L1,C3_3,D3_2,F3_1,L1,L3,,,
307209,L1,L2,L3,L1,L2,L3,L2,L2,L1,C3_3,D3_2,F3_1,L2,L1,,,
307210,L1,L2,L3,L1,L2,L3,L2,L2,L1,C3_3,D3_2,F3_1,L2,L2,,,
307211,L1,L2,L3,L1,L2,L3,L2,L2,L1,C3_3,D3_2,F3_1,L2,L3,,,
307212,L1,L2,L3,L1,L2,L3,L2,L2,L1,C3_3,D3_2,F3_1,L3,L1,,,
307213,L1,L2,L3,L1,L2,L3,L2,L2,L1,C3_3,D3_2,F3_1,L3,L2,,,
307214,L1,L2,L3,L1,L2,L3,L2,L2,L1,C3_3,D3_2,F3_1,L3,L3,,,
307215,L1,L2,L3,L1,L2,L3,L2,L2,L1,C3_3,D3_2,F3_2,L1,L1,,,
307216,L1,L2,L3,L1,L2,L3,L2,L2,L1,C3_3,D3_2,F3_2,L1,L2,,,
307217,L1,L2,L3,L1,L2,L3,L2,L2,L1,C3_3,D3_2,F3_2,L1,L3,,,
307218,L1,L2,L3,L1,L2,L3,L2,L2,L1,C3_3,D3_2,F3_2,L2,L1,,,
307219,L1,L2,L3,L1,L2,L3,L2,L2,L1,C3_3,D3_2,F3_2,L2,L2,,,
307220,L1,L2,L3,L1,L2,L3,L2,L2,L1,C3_3,D3_2,F3_2,L2,L3,,,
307221,L1,L2,L3,L1,L2,L3,L2,L2,L1,C3_3,D3_2,F3_2,L3,L1,,,
307222,L1,L2,L3,L1,L2,L3,L2,L2,L1,C3_3,D3_2,F3_2,L3,L2,,,
307223,L1,L2,L3,L1,L2,L3,L2,L2,L1,C3_3,D3_2,F3_2,L3,L3,,,
307224,L1,L2,L3,L1,L2,L3,L2,L2,L1,C3_3,D3_2,F3_3,L1,L1,,,
307225,L1,L2,L3,L1,L2,L3,L2,L2,L1,C3_3,D3_2,F3_3,L1,L2,,,
307226,L1,L2,L3,L1,L2,L3,L2,L2,L1,C3_3,D3_2,F3_3,L1,L3,,,
307227,L1,L2,L3,L1,L2,L3,L2,L2,L1,C3_3,D3_2,F3_3,L2,L1,,,
307228,L1,L2,L3,L1,L2,L3,L2,L2,L1,C3_3,D3_2,F3_3,L2,L2,,,
307229,L1,L2,L3,L1,L2,L3,L2,L2,L1,C3_3,D3_2,F3_3,L2,L3,,,
307230,L1,L2,L3,L1,L2,L3,L2,L2,L1,C3_3,D3_2,F3_3,L3,L1,,,
307231,L1,L2,L3,L1,L2,L3,L2,L2,L1,C3_3,D3_2,F3_3,L3,L2,,,
307232,L1,L2,L3,L1,L2,L3,L2,L2,L1,C3_3,D3_2,F3_3,L3,L3,,,
307233,L1,L2,L3,L1,L2,L3,L2,L2,L1,C3_3,D3_3,F3_1,L1,L1,,,
307234,L1,L2,L3,L1,L2,L3,L2,L2,L1,C3_3,D3_3,F3_1,L1,L2,,,
307235,L1,L2,L3,L1,L2,L3,L2,L2,L1,C3_3,D3_3,F3_1,L1,L3,,,
307236,L1,L2,L3,L1,L2,L3,L2,L2,L1,C3_3,D3_3,F3_1,L2,L1,,,
307237,L1,L2,L3,L1,L2,L3,L2,L2,L1,C3_3,D3_3,F3_1,L2,L2,,,
307238,L1,L2,L3,L1,L2,L3,L2,L2,L1,C3_3,D3_3,F3_1,L2,L3,,,
307239,L1,L2,L3,L1,L2,L3,L2,L2,L1,C3_3,D3_3,F3_1,L3,L1,,,
307240,L1,L2,L3,L1,L2,L3,L2,L2,L1,C3_3,D3_3,F3_1,L3,L2,,,
307241,L1,L2,L3,L1,L2,L3,L2,L2,L1,C3_3,D3_3,F3_1,L3,L3,,,
307242,L1,L2,L3,L1,L2,L3,L2,L2,L1,C3_3,D3_3,F3_2,L1,L1,,,
307243,L1,L2,L3,L1,L2,L3,L2,L2,L1,C3_3,D3_3,F3_2,L1,L2,,,
307244,L1,L2,L3,L1,L2,L3,L2,L2,L1,C3_3,D3_3,F3_2,L1,L3,,,
307245,L1,L2,L3,L1,L2,L3,L2,L2,L1,C3_3,D3_3,F3_2,L2,L1,,,
307246,L1,L2,L3,L1,L2,L3,L2,L2,L1,C3_3,D3_3,F3_2,L2,L2,,,
307247,L1,L2,L3,L1,L2,L3,L2,L2,L1,C3_3,D3_3,F3_2,L2,L3,,,
307248,L1,L2,L3,L1,L2,L3,L2,L2,L1,C3_3,D3_3,F3_2,L3,L1,,,
307249,L1,L2,L3,L1,L2,L3,L2,L2,L1,C3_3,D3_3,F3_2,L3,L2,,,
307250,L1,L2,L3,L1,L2,L3,L2,L2,L1,C3_3,D3_3,F3_2,L3,L3,,,
307251,L1,L2,L3,L1,L2,L3,L2,L2,L1,C3_3,D3_3,F3_3,L1,L1,,,
307252,L1,L2,L3,L1,L2,L3,L2,L2,L1,C3_3,D3_3,F3_3,L1,L2,,,
307253,L1,L2,L3,L1,L2,L3,L2,L2,L1,C3_3,D3_3,F3_3,L1,L3,,,
307254,L1,L2,L3,L1,L2,L3,L2,L2,L1,C3_3,D3_3,F3_3,L2,L1,,,
307255,L1,L2,L3,L1,L2,L3,L2,L2,L1,C3_3,D3_3,F3_3,L2,L2,,,
307256,L1,L2,L3,L1,L2,L3,L2,L2,L1,C3_3,D3_3,F3_3,L2,L3,,,
307257,L1,L2,L3,L1,L2,L3,L2,L2,L1,C3_3,D3_3,F3_3,L3,L1,,,
307258,L1,L2,L3,L1,L2,L3,L2,L2,L1,C3_3,D3_3,F3_3,L3,L2,,,
307259,L1,L2,L3,L1,L2,L3,L2,L2,L1,C3_3,D3_3,F3_3,L3,L3,,,
359829,L2,L2,L1,L3,L2,L3,L2,L2,L1,C3_1,D3_1,F3_1,L1,L1,,,
359830,L2,L2,L1,L3,L2,L3,L2,L2,L1,C3_1,D3_1,F3_1,L1,L2,,,
359831,L2,L2,L1,L3,L2,L3,L2,L2,L1,C3_1,D3_1,F3_1,L1,L3,,,
359832,L2,L2,L1,L3,L2,L3,L2,L2,L1,C3_1,D3_1,F3_1,L2,L1,,,
359833,L2,L2,L1,L3,L2,L3,L2,L2,L1,C3_1,D3_1,F3_1,L2,L2,,,
359834,L2,L2,L1,L3,L2,L3,L2,L2,L1,C3_1,D3_1,F3_1,L2,L3,,,
359835,L2,L2,L1,L3,L2,L3,L2,L2,L1,C3_1,D3_1,F3_1,L3,L1,,,
359836,L2,L2,L1,L3,L2,L3,L2,L2,L1,C3_1,D3_1,F3_1,L3,L2,,,
359837,L2,L2,L1,L3,L2,L3,L2,L2,L1,C3_1,D3_1,F3_1,L3,L3,,,
359838,L2,L2,L1,L3,L2,L3,L2,L2,L1,C3_1,D3_1,F3_2,L1,L1,,,
359839,L2,L2,L1,L3,L2,L3,L2,L2,L1,C3_1,D3_1,F3_2,L1,L2,,,
359840,L2,L2,L1,L3,L2,L3,L2,L2,L1,C3_1,D3_1,F3_2,L1,L3,,,
359841,L2,L2,L1,L3,L2,L3,L2,L2,L1,C3_1,D3_1,F3_2,L2,L1,,,
359842,L2,L2,L1,L3,L2,L3,L2,L2,L1,C3_1,D3_1,F3_2,L2,L2,,,
359843,L2,L2,L1,L3,L2,L3,L2,L2,L1,C3_1,D3_1,F3_2,L2,L3,,,
359844,L2,L2,L1,L3,L2,L3,L2,L2,L1,C3_1,D3_1,F3_2,L3,L1,,,
359845,L2,L2,L1,L3,L2,L3,L2,L2,L1,C3_1,D3_1,F3_2,L3,L2,,,
359846,L2,L2,L1,L3,L2,L3,L2,L2,L1,C3_1,D3_1,F3_2,L3,L3,,,
359847,L2,L2,L1,L3,L2,L3,L2,L2,L1,C3_1,D3_1,F3_3,L1,L1,,,
359848,L2,L2,L1,L3,L2,L3,L2,L2,L1,C3_1,D3_1,F3_3,L1,L2,,,
359849,L2,L2,L1,L3,L2,L3,L2,L2,L1,C3_1,D3_1,F3_3,L1,L3,,,
359850,L2,L2,L1,L3,L2,L3,L2,L2,L1,C3_1,D3_1,F3_3,L2,L1,,,
359851,L2,L2,L1,L3,L2,L3,L2,L2,L1,C3_1,D3_1,F3_3,L2,L2,,,
359852,L2,L2,L1,L3,L2,L3,L2,L2,L1,C3_1,D3_1,F3_3,L2,L3,,,
359853,L2,L2,L1,L3,L2,L3,L2,L2,L1,C3_1,D3_1,F3_3,L3,L1,,,
359854,L2,L2,L1,L3,L2,L3,L2,L2,L1,C3_1,D3_1,F3_3,L3,L2,,,
359855,L2,L2,L1,L3,L2,L3,L2,L2,L1,C3_1,D3_1,F3_3,L3,L3,,,
359856,L2,L2,L1,L3,L2,L3,L2,L2,L1,C3_1,D3_2,F3_1,L1,L1,,,
359857,L2,L2,L1,L3,L2,L3,L2,L2,L1,C3_1,D3_2,F3_1,L1,L2,,,
359858,L2,L2,L1,L3,L2,L3,L2,L2,L1,C3_1,D3_2,F3_1,L1,L3,,,
359859,L2,L2,L1,L3,L2,L3,L2,L2,L1,C3_1,D3_2,F3_1,L2,L1,,,
359860,L2,L2,L1,L3,L2,L3,L2,L2,L1,C3_1,D3_2,F3_1,L2,L2,,,
359861,L2,L2,L1,L3,L2,L3,L2,L2,L1,C3_1,D3_2,F3_1,L2,L3,,,
359862,L2,L2,L1,L3,L2,L3,L2,L2,L1,C3_1,D3_2,F3_1,L3,L1,,,
359863,L2,L2,L1,L3,L2,L3,L2,L2,L1,C3_1,D3_2,F3_1,L3,L2,,,
359864,L2,L2,L1,L3,L2,L3,L2,L2,L1,C3_1,D3_2,F3_1,L3,L3,,,
359865,L2,L2,L1,L3,L2,L3,L2,L2,L1,C3_1,D3_2,F3_2,L1,L1,,,
359866,L2,L2,L1,L3,L2,L3,L2,L2,L1,C3_1,D3_2,F3_2,L1,L2,,,
359867,L2,L2,L1,L3,L2,L3,L2,L2,L1,C3_1,D3_2,F3_2,L1,L3,,,
359868,L2,L2,L1,L3,L2,L3,L2,L2,L1,C3_1,D3_2,F3_2,L2,L1,,,
359869,L2,L2,L1,L3,L2,L3,L2,L2,L1,C3_1,D3_2,F3_2,L2,L2,,,
359870,L2,L2,L1,L3,L2,L3,L2,L2,L1,C3_1,D3_2,F3_2,L2,L3,,,
359871,L2,L2,L1,L3,L2,L3,L2,L2,L1,C3_1,D3_2,F3_2,L3,L1,,,
359872,L2,L2,L1,L3,L2,L3,L2,L2,L1,C3_1,D3_2,F3_2,L3,L2,,,
359873,L2,L2,L1,L3,L2,L3,L2,L2,L1,C3_1,D3_2,F3_2,L3,L3,,,
359874,L2,L2,L1,L3,L2,L3,L2,L2,L1,C3_1,D3_2,F3_3,L1,L1,,,
359875,L2,L2,L1,L3,L2,L3,L2,L2,L1,C3_1,D3_2,F3_3,L1,L2,,,
359876,L2,L2,L1,L3,L2,L3,L2,L2,L1,C3_1,D3_2,F3_3,L1,L3,,,
359877,L2,L2,L1,L3,L2,L3,L2,L2,L1,C3_1,D3_2,F3_3,L2,L1,,,
359878,L2,L2,L1,L3,L2,L3,L2,L2,L1,C3_1,D3_2,F3_3,L2,L2,,,
359879,L2,L2,L1,L3,L2,L3,L2,L2,L1,C3_1,D3_2,F3_3,L2,L3,,,
359880,L2,L2,L1,L3,L2,L3,L2,L2,L1,C3_1,D3_2,F3_3,L3,L1,,,
359881,L2,L2,L1,L3,L2,L3,L2,L2,L1,C3_1,D3_2,F3_3,L3,L2,,,
359882,L2,L2,L1,L3,L2,L3,L2,L2,L1,C3_1,D3_2,F3_3,L3,L3,,,
359883,L2,L2,L1,L3,L2,L3,L2,L2,L1,C3_1,D3_3,F3_1,L1,L1,,,
359884,L2,L2,L1,L3,L2,L3,L2,L2,L1,C3_1,D3_3,F3_1,L1,L2,,,
359885,L2,L2,L1,L3,L2,L3,L2,L2,L1,C3_1,D3_3,F3_1,L1,L3,,,
359886,L2,L2,L1,L3,L2,L3,L2,L2,L1,C3_1,D3_3,F3_1,L2,L1,,,
359887,L2,L2,L1,L3,L2,L3,L2,L2,L1,C3_1,D3_3,F3_1,L2,L2,,,
359888,L2,L2,L1,L3,L2,L3,L2,L2,L1,C3_1,D3_3,F3_1,L2,L3,,,
359889,L2,L2,L1,L3,L2,L3,L2,L2,L1,C3_1,D3_3,F3_1,L3,L1,,,
359890,L2,L2,L1,L3,L2,L3,L2,L2,L1,C3_1,D3_3,F3_1,L3,L2,,,
359891,L2,L2,L1,L3,L2,L3,L2,L2,L1,C3_1,D3_3,F3_1,L3,L3,,,
359892,L2,L2,L1,L3,L2,L3,L2,L2,L1,C3_1,D3_3,F3_2,L1,L1,,,
359893,L2,L2,L1,L3,L2,L3,L2,L2,L1,C3_1,D3_3,F3_2,L1,L2,,,
359894,L2,L2,L1,L3,L2,L3,L2,L2,L1,C3_1,D3_3,F3_2,L1,L3,,,
359895,L2,L2,L1,L3,L2,L3,L2,L2,L1,C3_1,D3_3,F3_2,L2,L1,,,
359896,L2,L2,L1,L3,L2,L3,L2,L2,L1,C3_1,D3_3,F3_2,L2,L2,,,
359897,L2,L2,L1,L3,L2,L3,L2,L2,L1,C3_1,D3_3,F3_2,L2,L3,,,
359898,L2,L2,L1,L3,L2,L3,L2,L2,L1,C3_1,D3_3,F3_2,L3,L1,,,
359899,L2,L2,L1,L3,L2,L3,L2,L2,L1,C3_1,D3_3,F3_2,L3,L2,,,
359900,L2,L2,L1,L3,L2,L3,L2,L2,L1,C3_1,D3_3,F3_2,L3,L3,,,
359901,L2,L2,L1,L3,L2,L3,L2,L2,L1,C3_1,D3_3,F3_3,L1,L1,,,
359902,L2,L2,L1,L3,L2,L3,L2,L2,L1,C3_1,D3_3,F3_3,L1,L2,,,
359903,L2,L2,L1,L3,L2,L3,L2,L2,L1,C3_1,D3_3,F3_3,L1,L3,,,
359904,L2,L2,L1,L3,L2,L3,L2,L2,L1,C3_1,D3_3,F3_3,L2,L1,,,
359905,L2,L2,L1,L3,L2,L3,L2,L2,L1,C3_1,D3_3,F3_3,L2,L2,,,
359906,L2,L2,L1,L3,L2,L3,L2,L2,L1,C3_1,D3_3,F3_3,L2,L3,,,
359907,L2,L2,L1,L3,L2,L3,L2,L2,L1,C3_1,D3_3,F3_3,L3,L1,,,
359908,L2,L2,L1,L3,L2,L3,L2,L2,L1,C3_1,D3_3,F3_3,L3,L2,,,
359909,L2,L2,L1,L3,L2,L3,L2,L2,L1,C3_1,D3_3,F3_3,L3,L3,,,
359910,L2,L2,L1,L3,L2,L3,L2,L2,L1,C3_2,D3_1,F3_1,L1,L1,,,
359911,L2,L2,L1,L3,L2,L3,L2,L2,L1,C3_2,D3_1,F3_1,L1,L2,,,
359912,L2,L2,L1,L3,L2,L3,L2,L2,L1,C3_2,D3_1,F3_1,L1,L3,,,
359913,L2,L2,L1,L3,L2,L3,L2,L2,L1,C3_2,D3_1,F3_1,L2,L1,,,
359914,L2,L2,L1,L3,L2,L3,L2,L2,L1,C3_2,D3_1,F3_1,L2,L2,,,
359915,L2,L2,L1,L3,L2,L3,L2,L2,L1,C3_2,D3_1,F3_1,L2,L3,,,
359916,L2,L2,L1,L3,L2,L3,L2,L2,L1,C3_2,D3_1,F3_1,L3,L1,,,
359917,L2,L2,L1,L3,L2,L3,L2,L2,L1,C3_2,D3_1,F3_1,L3,L2,,,
359918,L2,L2,L1,L3,L2,L3,L2,L2,L1,C3_2,D3_1,F3_1,L3,L3,,,
359919,L2,L2,L1,L3,L2,L3,L2,L2,L1,C3_2,D3_1,F3_2,L1,L1,,,
359920,L2,L2,L1,L3,L2,L3,L2,L2,L1,C3_2,D3_1,F3_2,L1,L2,,,
359921,L2,L2,L1,L3,L2,L3,L2,L2,L1,C3_2,D3_1,F3_2,L1,L3,,,
359922,L2,L2,L1,L3,L2,L3,L2,L2,L1,C3_2,D3_1,F3_2,L2,L1,,,
359923,L2,L2,L1,L3,L2,L3,L2,L2,L1,C3_2,D3_1,F3_2,L2,L2,,,
359924,L2,L2,L1,L3,L2,L3,L2,L2,L1,C3_2,D3_1,F3_2,L2,L3,,,
359925,L2,L2,L1,L3,L2,L3,L2,L2,L1,C3_2,D3_1,F3_2,L3,L1,,,
359926,L2,L2,L1,L3,L2,L3,L2,L2,L1,C3_2,D3_1,F3_2,L3,L2,,,
359927,L2,L2,L1,L3,L2,L3,L2,L2,L1,C3_2,D3_1,F3_2,L3,L3,,,
359928,L2,L2,L1,L3,L2,L3,L2,L2,L1,C3_2,D3_1,F3_3,L1,L1,,,
359929,L2,L2,L1,L3,L2,L3,L2,L2,L1,C3_2,D3_1,F3_3,L1,L2,,,
359930,L2,L2,L1,L3,L2,L3,L2,L2,L1,C3_2,D3_1,F3_3,L1,L3,,,
359931,L2,L2,L1,L3,L2,L3,L2,L2,L1,C3_2,D3_1,F3_3,L2,L1,,,
359932,L2,L2,L1,L3,L2,L3,L2,L2,L1,C3_2,D3_1,F3_3,L2,L2,,,
359933,L2,L2,L1,L3,L2,L3,L2,L2,L1,C3_2,D3_1,F3_3,L2,L3,,,
359934,L2,L2,L1,L3,L2,L3,L2,L2,L1,C3_2,D3_1,F3_3,L3,L1,,,
359935,L2,L2,L1,L3,L2,L3,L2,L2,L1,C3_2,D3_1,F3_3,L3,L2,,,
359936,L2,L2,L1,L3,L2,L3,L2,L2,L1,C3_2,D3_1,F3_3,L3,L3,,,
359937,L2,L2,L1,L3,L2,L3,L2,L2,L1,C3_2,D3_2,F3_1,L1,L1,,,
359938,L2,L2,L1,L3,L2,L3,L2,L2,L1,C3_2,D3_2,F3_1,L1,L2,,,
359939,L2,L2,L1,L3,L2,L3,L2,L2,L1,C3_2,D3_2,F3_1,L1,L3,,,
359940,L2,L2,L1,L3,L2,L3,L2,L2,L1,C3_2,D3_2,F3_1,L2,L1,,,
359941,L2,L2,L1,L3,L2,L3,L2,L2,L1,C3_2,D3_2,F3_1,L2,L2,,,
359942,L2,L2,L1,L3,L2,L3,L2,L2,L1,C3_2,D3_2,F3_1,L2,L3,,,
359943,L2,L2,L1,L3,L2,L3,L2,L2,L1,C3_2,D3_2,F3_1,L3,L1,,,
359944,L2,L2,L1,L3,L2,L3,L2,L2,L1,C3_2,D3_2,F3_1,L3,L2,,,
359945,L2,L2,L1,L3,L2,L3,L2,L2,L1,C3_2,D3_2,F3_1,L3,L3,,,
359946,L2,L2,L1,L3,L2,L3,L2,L2,L1,C3_2,D3_2,F3_2,L1,L1,,,
359947,L2,L2,L1,L3,L2,L3,L2,L2,L1,C3_2,D3_2,F3_2,L1,L2,,,
359948,L2,L2,L1,L3,L2,L3,L2,L2,L1,C3_2,D3_2,F3_2,L1,L3,,,
359949,L2,L2,L1,L3,L2,L3,L2,L2,L1,C3_2,D3_2,F3_2,L2,L1,,,
359950,L2,L2,L1,L3,L2,L3,L2,L2,L1,C3_2,D3_2,F3_2,L2,L2,,,
359951,L2,L2,L1,L3,L2,L3,L2,L2,L1,C3_2,D3_2,F3_2,L2,L3,,,
359952,L2,L2,L1,L3,L2,L3,L2,L2,L1,C3_2,D3_2,F3_2,L3,L1,,,
359953,L2,L2,L1,L3,L2,L3,L2,L2,L1,C3_2,D3_2,F3_2,L3,L2,,,
359954,L2,L2,L1,L3,L2,L3,L2,L2,L1,C3_2,D3_2,F3_2,L3,L3,,,
359955,L2,L2,L1,L3,L2,L3,L2,L2,L1,C3_2,D3_2,F3_3,L1,L1,,,
359956,L2,L2,L1,L3,L2,L3,L2,L2,L1,C3_2,D3_2,F3_3,L1,L2,,,
359957,L2,L2,L1,L3,L2,L3,L2,L2,L1,C3_2,D3_2,F3_3,L1,L3,,,
359958,L2,L2,L1,L3,L2,L3,L2,L2,L1,C3_2,D3_2,F3_3,L2,L1,,,
359959,L2,L2,L1,L3,L2,L3,L2,L2,L1,C3_2,D3_2,F3_3,L2,L2,,,
359960,L2,L2,L1,L3,L2,L3,L2,L2,L1,C3_2,D3_2,F3_3,L2,L3,,,
359961,L2,L2,L1,L3,L2,L3,L2,L2,L1,C3_2,D3_2,F3_3,L3,L1,,,
359962,L2,L2,L1,L3,L2,L3,L2,L2,L1,C3_2,D3_2,F3_3,L3,L2,,,
359963,L2,L2,L1,L3,L2,L3,L2,L2,L1,C3_2,D3_2,F3_3,L3,L3,,,
359964,L2,L2,L1,L3,L2,L3,L2,L2,L1,C3_2,D3_3,F3_1,L1,L1,,,
359965,L2,L2,L1,L3,L2,L3,L2,L2,L1,C3_2,D3_3,F3_1,L1,L2,,,
359966,L2,L2,L1,L3,L2,L3,L2,L2,L1,C3_2,D3_3,F3_1,L1,L3,,,
359967,L2,L2,L1,L3,L2,L3,L2,L2,L1,C3_2,D3_3,F3_1,L2,L1,,,
359968,L2,L2,L1,L3,L2,L3,L2,L2,L1,C3_2,D3_3,F3_1,L2,L2,,,
359969,L2,L2,L1,L3,L2,L3,L2,L2,L1,C3_2,D3_3,F3_1,L2,L3,,,
359970,L2,L2,L1,L3,L2,L3,L2,L2,L1,C3_2,D3_3,F3_1,L3,L1,,,
359971,L2,L2,L1,L3,L2,L3,L2,L2,L1,C3_2,D3_3,F3_1,L3,L2,,,
359972,L2,L2,L1,L3,L2,L3,L2,L2,L1,C3_2,D3_3,F3_1,L3,L3,,,
359973,L2,L2,L1,L3,L2,L3,L2,L2,L1,C3_2,D3_3,F3_2,L1,L1,,,
359974,L2,L2,L1,L3,L2,L3,L2,L2,L1,C3_2,D3_3,F3_2,L1,L2,,,
359975,L2,L2,L1,L3,L2,L3,L2,L2,L1,C3_2,D3_3,F3_2,L1,L3,,,
359976,L2,L2,L1,L3,L2,L3,L2,L2,L1,C3_2,D3_3,F3_2,L2,L1,,,
359977,L2,L2,L1,L3,L2,L3,L2,L2,L1,C3_2,D3_3,F3_2,L2,L2,,,
359978,L2,L2,L1,L3,L2,L3,L2,L2,L1,C3_2,D3_3,F3_2,L2,L3,,,
359979,L2,L2,L1,L3,L2,L3,L2,L2,L1,C3_2,D3_3,F3_2,L3,L1,,,
359980,L2,L2,L1,L3,L2,L3,L2,L2,L1,C3_2,D3_3,F3_2,L3,L2,,,
359981,L2,L2,L1,L3,L2,L3,L2,L2,L1,C3_2,D3_3,F3_2,L3,L3,,,
359982,L2,L2,L1,L3,L2,L3,L2,L2,L1,C3_2,D3_3,F3_3,L1,L1,,,
359983,L2,L2,L1,L3,L2,L3,L2,L2,L1,C3_2,D3_3,F3_3,L1,L2,,,
359984,L2,L2,L1,L3,L2,L3,L2,L2,L1,C3_2,D3_3,F3_3,L1,L3,,,
359985,L2,L2,L1,L3,L2,L3,L2,L2,L1,C3_2,D3_3,F3_3,L2,L1,,,
359986,L2,L2,L1,L3,L2,L3,L2,L2,L1,C3_2,D3_3,F3_3,L2,L2,,,
359987,L2,L2,L1,L3,L2,L3,L2,L2,L1,C3_2,D3_3,F3_3,L2,L3,,,
359988,L2,L2,L1,L3,L2,L3,L2,L2,L1,C3_2,D3_3,F3_3,L3,L1,,,
359989,L2,L2,L1,L3,L2,L3,L2,L2,L1,C3_2,D3_3,F3_3,L3,L2,,,
359990,L2,L2,L1,L3,L2,L3,L2,L2,L1,C3_2,D3_3,F3_3,L3,L3,,,
359991,L2,L2,L1,L3,L2,L3,L2,L2,L1,C3_3,D3_1,F3_1,L1,L1,,,
359992,L2,L2,L1,L3,L2,L3,L2,L2,L1,C3_3,D3_1,F3_1,L1,L2,,,
359993,L2,L2,L1,L3,L2,L3,L2,L2,L1,C3_3,D3_1,F3_1,L1,L3,,,
359994,L2,L2,L1,L3,L2,L3,L2,L2,L1,C3_3,D3_1,F3_1,L2,L1,,,
359995,L2,L2,L1,L3,L2,L3,L2,L2,L1,C3_3,D3_1,F3_1,L2,L2,,,
359996,L2,L2,L1,L3,L2,L3,L2,L2,L1,C3_3,D3_1,F3_1,L2,L3,,,
359997,L2,L2,L1,L3,L2,L3,L2,L2,L1,C3_3,D3_1,F3_1,L3,L1,,,
359998,L2,L2,L1,L3,L2,L3,L2,L2,L1,C3_3,D3_1,F3_1,L3,L2,,,
359999,L2,L2,L1,L3,L2,L3,L2,L2,L1,C3_3,D3_1,F3_1,L3,L3,,,
360000,L2,L2,L1,L3,L2,L3,L2,L2,L1,C3_3,D3_1,F3_2,L1,L1,,,
360001,L2,L2,L1,L3,L2,L3,L2,L2,L1,C3_3,D3_1,F3_2,L1,L2,,,
360002,L2,L2,L1,L3,L2,L3,L2,L2,L1,C3_3,D3_1,F3_2,L1,L3,,,
360003,L2,L2,L1,L3,L2,L3,L2,L2,L1,C3_3,D3_1,F3_2,L2,L1,,,
360004,L2,L2,L1,L3,L2,L3,L2,L2,L1,C3_3,D3_1,F3_2,L2,L2,,,
360005,L2,L2,L1,L3,L2,L3,L2,L2,L1,C3_3,D3_1,F3_2,L2,L3,,,
360006,L2,L2,L1,L3,L2,L3,L2,L2,L1,C3_3,D3_1,F3_2,L3,L1,,,
360007,L2,L2,L1,L3,L2,L3,L2,L2,L1,C3_3,D3_1,F3_2,L3,L2,,,
360008,L2,L2,L1,L3,L2,L3,L2,L2,L1,C3_3,D3_1,F3_2,L3,L3,,,
360009,L2,L2,L1,L3,L2,L3,L2,L2,L1,C3_3,D3_1,F3_3,L1,L1,,,
360010,L2,L2,L1,L3,L2,L3,L2,L2,L1,C3_3,D3_1,F3_3,L1,L2,,,
360011,L2,L2,L1,L3,L2,L3,L2,L2,L1,C3_3,D3_1,F3_3,L1,L3,,,
360012,L2,L2,L1,L3,L2,L3,L2,L2,L1,C3_3,D3_1,F3_3,L2,L1,,,
360013,L2,L2,L1,L3,L2,L3,L2,L2,L1,C3_3,D3_1,F3_3,L2,L2,,,
360014,L2,L2,L1,L3,L2,L3,L2,L2,L1,C3_3,D3_1,F3_3,L2,L3,,,
360015,L2,L2,L1,L3,L2,L3,L2,L2,L1,C3_3,D3_1,F3_3,L3,L1,,,
360016,L2,L2,L1,L3,L2,L3,L2,L2,L1,C3_3,D3_1,F3_3,L3,L2,,,
360017,L2,L2,L1,L3,L2,L3,L2,L2,L1,C3_3,D3_1,F3_3,L3,L3,,,
360018,L2,L2,L1,L3,L2,L3,L2,L2,L1,C3_3,D3_2,F3_1,L1,L1,,,
360019,L2,L2,L1,L3,L2,L3,L2,L2,L1,C3_3,D3_2,F3_1,L1,L2,,,
360020,L2,L2,L1,L3,L2,L3,L2,L2,L1,C3_3,D3_2,F3_1,L1,L3,,,
360021,L2,L2,L1,L3,L2,L3,L2,L2,L1,C3_3,D3_2,F3_1,L2,L1,,,
360022,L2,L2,L1,L3,L2,L3,L2,L2,L1,C3_3,D3_2,F3_1,L2,L2,,,
360023,L2,L2,L1,L3,L2,L3,L2,L2,L1,C3_3,D3_2,F3_1,L2,L3,,,
360024,L2,L2,L1,L3,L2,L3,L2,L2,L1,C3_3,D3_2,F3_1,L3,L1,,,
360025,L2,L2,L1,L3,L2,L3,L2,L2,L1,C3_3,D3_2,F3_1,L3,L2,,,
360026,L2,L2,L1,L3,L2,L3,L2,L2,L1,C3_3,D3_2,F3_1,L3,L3,,,
360027,L2,L2,L1,L3,L2,L3,L2,L2,L1,C3_3,D3_2,F3_2,L1,L1,,,
360028,L2,L2,L1,L3,L2,L3,L2,L2,L1,C3_3,D3_2,F3_2,L1,L2,,,
360029,L2,L2,L1,L3,L2,L3,L2,L2,L1,C3_3,D3_2,F3_2,L1,L3,,,
360030,L2,L2,L1,L3,L2,L3,L2,L2,L1,C3_3,D3_2,F3_2,L2,L1,,,
360031,L2,L2,L1,L3,L2,L3,L2,L2,L1,C3_3,D3_2,F3_2,L2,L2,,,
360032,L2,L2,L1,L3,L2,L3,L2,L2,L1,C3_3,D3_2,F3_2,L2,L3,,,
360033,L2,L2,L1,L3,L2,L3,L2,L2,L1,C3_3,D3_2,F3_2,L3,L1,,,
360034,L2,L2,L1,L3,L2,L3,L2,L2,L1,C3_3,D3_2,F3_2,L3,L2,,,
360035,L2,L2,L1,L3,L2,L3,L2,L2,L1,C3_3,D3_2,F3_2,L3,L3,,,
360036,L2,L2,L1,L3,L2,L3,L2,L2,L1,C3_3,D3_2,F3_3,L1,L1,,,
360037,L2,L2,L1,L3,L2,L3,L2,L2,L1,C3_3,D3_2,F3_3,L1,L2,,,
360038,L2,L2,L1,L3,L2,L3,L2,L2,L1,C3_3,D3_2,F3_3,L1,L3,,,
360039,L2,L2,L1,L3,L2,L3,L2,L2,L1,C3_3,D3_2,F3_3,L2,L1,,,
360040,L2,L2,L1,L3,L2,L3,L2,L2,L1,C3_3,D3_2,F3_3,L2,L2,,,
360041,L2,L2,L1,L3,L2,L3,L2,L2,L1,C3_3,D3_2,F3_3,L2,L3,,,
360042,L2,L2,L1,L3,L2,L3,L2,L2,L1,C3_3,D3_2,F3_3,L3,L1,,,
360043,L2,L2,L1,L3,L2,L3,L2,L2,L1,C3_3,D3_2,F3_3,L3,L2,,,
360044,L2,L2,L1,L3,L2,L3,L2,L2,L1,C3_3,D3_2,F3_3,L3,L3,,,
360045,L2,L2,L1,L3,L2,L3,L2,L2,L1,C3_3,D3_3,F3_1,L1,L1,,,
360046,L2,L2,L1,L3,L2,L3,L2,L2,L1,C3_3,D3_3,F3_1,L1,L2,,,
360047,L2,L2,L1,L3,L2,L3,L2,L2,L1,C3_3,D3_3,F3_1,L1,L3,,,
360048,L2,L2,L1,L3,L2,L3,L2,L2,L1,C3_3,D3_3,F3_1,L2,L1,,,
360049,L2,L2,L1,L3,L2,L3,L2,L2,L1,C3_3,D3_3,F3_1,L2,L2,,,
360050,L2,L2,L1,L3,L2,L3,L2,L2,L1,C3_3,D3_3,F3_1,L2,L3,,,
360051,L2,L2,L1,L3,L2,L3,L2,L2,L1,C3_3,D3_3,F3_1,L3,L1,,,
360052,L2,L2,L1,L3,L2,L3,L2,L2,L1,C3_3,D3_3,F3_1,L3,L2,,,
360053,L2,L2,L1,L3,L2,L3,L2,L2,L1,C3_3,D3_3,F3_1,L3,L3,,,
360054,L2,L2,L1,L3,L2,L3,L2,L2,L1,C3_3,D3_3,F3_2,L1,L1,,,
360055,L2,L2,L1,L3,L2,L3,L2,L2,L1,C3_3,D3_3,F3_2,L1,L2,,,
360056,L2,L2,L1,L3,L2,L3,L2,L2,L1,C3_3,D3_3,F3_2,L1,L3,,,
360057,L2,L2,L1,L3,L2,L3,L2,L2,L1,C3_3,D3_3,F3_2,L2,L1,,,
360058,L2,L2,L1,L3,L2,L3,L2,L2,L1,C3_3,D3_3,F3_2,L2,L2,,,
360059,L2,L2,L1,L3,L2,L3,L2,L2,L1,C3_3,D3_3,F3_2,L2,L3,,,
360060,L2,L2,L1,L3,L2,L3,L2,L2,L1,C3_3,D3_3,F3_2,L3,L1,,,
360061,L2,L2,L1,L3,L2,L3,L2,L2,L1,C3_3,D3_3,F3_2,L3,L2,,,
360062,L2,L2,L1,L3,L2,L3,L2,L2,L1,C3_3,D3_3,F3_2,L3,L3,,,
360063,L2,L2,L1,L3,L2,L3,L2,L2,L1,C3_3,D3_3,F3_3,L1,L1,,,
360064,L2,L2,L1,L3,L2,L3,L2,L2,L1,C3_3,D3_3,F3_3,L1,L2,,,
360065,L2,L2,L1,L3,L2,L3,L2,L2,L1,C3_3,D3_3,F3_3,L1,L3,,,
360066,L2,L2,L1,L3,L2,L3,L2,L2,L1,C3_3,D3_3,F3_3,L2,L1,,,
360067,L2,L2,L1,L3,L2,L3,L2,L2,L1,C3_3,D3_3,F3_3,L2,L2,,,
360068,L2,L2,L1,L3,L2,L3,L2,L2,L1,C3_3,D3_3,F3_3,L2,L3,,,
360069,L2,L2,L1,L3,L2,L3,L2,L2,L1,C3_3,D3_3,F3_3,L3,L1,,,
360070,L2,L2,L1,L3,L2,L3,L2,L2,L1,C3_3,D3_3,F3_3,L3,L2,,,
360071,L2,L2,L1,L3,L2,L3,L2,L2,L1,C3_3,D3_3,F3_3,L3,L3,,,
383454,L1,L1,L1,L1,L2,L3,L2,L2,L1,C3_1,D3_1,F3_1,L1,L1,,,
383455,L1,L1,L1,L1,L2,L3,L2,L2,L1,C3_1,D3_1,F3_1,L1,L2,,,
383456,L1,L1,L1,L1,L2,L3,L2,L2,L1,C3_1,D3_1,F3_1,L1,L3,,,
383457,L1,L1,L1,L1,L2,L3,L2,L2,L1,C3_1,D3_1,F3_1,L2,L1,,,
383458,L1,L1,L1,L1,L2,L3,L2,L2,L1,C3_1,D3_1,F3_1,L2,L2,,,
383459,L1,L1,L1,L1,L2,L3,L2,L2,L1,C3_1,D3_1,F3_1,L2,L3,,,
383460,L1,L1,L1,L1,L2,L3,L2,L2,L1,C3_1,D3_1,F3_1,L3,L1,,,
383461,L1,L1,L1,L1,L2,L3,L2,L2,L1,C3_1,D3_1,F3_1,L3,L2,,,
383462,L1,L1,L1,L1,L2,L3,L2,L2,L1,C3_1,D3_1,F3_1,L3,L3,,,
383463,L1,L1,L1,L1,L2,L3,L2,L2,L1,C3_1,D3_1,F3_2,L1,L1,,,
383464,L1,L1,L1,L1,L2,L3,L2,L2,L1,C3_1,D3_1,F3_2,L1,L2,,,
383465,L1,L1,L1,L1,L2,L3,L2,L2,L1,C3_1,D3_1,F3_2,L1,L3,,,
383466,L1,L1,L1,L1,L2,L3,L2,L2,L1,C3_1,D3_1,F3_2,L2,L1,,,
383467,L1,L1,L1,L1,L2,L3,L2,L2,L1,C3_1,D3_1,F3_2,L2,L2,,,
383468,L1,L1,L1,L1,L2,L3,L2,L2,L1,C3_1,D3_1,F3_2,L2,L3,,,
383469,L1,L1,L1,L1,L2,L3,L2,L2,L1,C3_1,D3_1,F3_2,L3,L1,,,
383470,L1,L1,L1,L1,L2,L3,L2,L2,L1,C3_1,D3_1,F3_2,L3,L2,,,
383471,L1,L1,L1,L1,L2,L3,L2,L2,L1,C3_1,D3_1,F3_2,L3,L3,,,
383472,L1,L1,L1,L1,L2,L3,L2,L2,L1,C3_1,D3_1,F3_3,L1,L1,,,
383473,L1,L1,L1,L1,L2,L3,L2,L2,L1,C3_1,D3_1,F3_3,L1,L2,,,
383474,L1,L1,L1,L1,L2,L3,L2,L2,L1,C3_1,D3_1,F3_3,L1,L3,,,
383475,L1,L1,L1,L1,L2,L3,L2,L2,L1,C3_1,D3_1,F3_3,L2,L1,,,
383476,L1,L1,L1,L1,L2,L3,L2,L2,L1,C3_1,D3_1,F3_3,L2,L2,,,
383477,L1,L1,L1,L1,L2,L3,L2,L2,L1,C3_1,D3_1,F3_3,L2,L3,,,
383478,L1,L1,L1,L1,L2,L3,L2,L2,L1,C3_1,D3_1,F3_3,L3,L1,,,
383479,L1,L1,L1,L1,L2,L3,L2,L2,L1,C3_1,D3_1,F3_3,L3,L2,,,
383480,L1,L1,L1,L1,L2,L3,L2,L2,L1,C3_1,D3_1,F3_3,L3,L3,,,
383481,L1,L1,L1,L1,L2,L3,L2,L2,L1,C3_1,D3_2,F3_1,L1,L1,,,
383482,L1,L1,L1,L1,L2,L3,L2,L2,L1,C3_1,D3_2,F3_1,L1,L2,,,
383483,L1,L1,L1,L1,L2,L3,L2,L2,L1,C3_1,D3_2,F3_1,L1,L3,,,
383484,L1,L1,L1,L1,L2,L3,L2,L2,L1,C3_1,D3_2,F3_1,L2,L1,,,
383485,L1,L1,L1,L1,L2,L3,L2,L2,L1,C3_1,D3_2,F3_1,L2,L2,,,
383486,L1,L1,L1,L1,L2,L3,L2,L2,L1,C3_1,D3_2,F3_1,L2,L3,,,
383487,L1,L1,L1,L1,L2,L3,L2,L2,L1,C3_1,D3_2,F3_1,L3,L1,,,
383488,L1,L1,L1,L1,L2,L3,L2,L2,L1,C3_1,D3_2,F3_1,L3,L2,,,
383489,L1,L1,L1,L1,L2,L3,L2,L2,L1,C3_1,D3_2,F3_1,L3,L3,,,
383490,L1,L1,L1,L1,L2,L3,L2,L2,L1,C3_1,D3_2,F3_2,L1,L1,,,
383491,L1,L1,L1,L1,L2,L3,L2,L2,L1,C3_1,D3_2,F3_2,L1,L2,,,
383492,L1,L1,L1,L1,L2,L3,L2,L2,L1,C3_1,D3_2,F3_2,L1,L3,,,
383493,L1,L1,L1,L1,L2,L3,L2,L2,L1,C3_1,D3_2,F3_2,L2,L1,,,
383494,L1,L1,L1,L1,L2,L3,L2,L2,L1,C3_1,D3_2,F3_2,L2,L2,,,
383495,L1,L1,L1,L1,L2,L3,L2,L2,L1,C3_1,D3_2,F3_2,L2,L3,,,
383496,L1,L1,L1,L1,L2,L3,L2,L2,L1,C3_1,D3_2,F3_2,L3,L1,,,
383497,L1,L1,L1,L1,L2,L3,L2,L2,L1,C3_1,D3_2,F3_2,L3,L2,,,
383498,L1,L1,L1,L1,L2,L3,L2,L2,L1,C3_1,D3_2,F3_2,L3,L3,,,
383499,L1,L1,L1,L1,L2,L3,L2,L2,L1,C3_1,D3_2,F3_3,L1,L1,,,
383500,L1,L1,L1,L1,L2,L3,L2,L2,L1,C3_1,D3_2,F3_3,L1,L2,,,
383501,L1,L1,L1,L1,L2,L3,L2,L2,L1,C3_1,D3_2,F3_3,L1,L3,,,
383502,L1,L1,L1,L1,L2,L3,L2,L2,L1,C3_1,D3_2,F3_3,L2,L1,,,
383503,L1,L1,L1,L1,L2,L3,L2,L2,L1,C3_1,D3_2,F3_3,L2,L2,,,
383504,L1,L1,L1,L1,L2,L3,L2,L2,L1,C3_1,D3_2,F3_3,L2,L3,,,
383505,L1,L1,L1,L1,L2,L3,L2,L2,L1,C3_1,D3_2,F3_3,L3,L1,,,
383506,L1,L1,L1,L1,L2,L3,L2,L2,L1,C3_1,D3_2,F3_3,L3,L2,,,
383507,L1,L1,L1,L1,L2,L3,L2,L2,L1,C3_1,D3_2,F3_3,L3,L3,,,
383508,L1,L1,L1,L1,L2,L3,L2,L2,L1,C3_1,D3_3,F3_1,L1,L1,,,
383509,L1,L1,L1,L1,L2,L3,L2,L2,L1,C3_1,D3_3,F3_1,L1,L2,,,
383510,L1,L1,L1,L1,L2,L3,L2,L2,L1,C3_1,D3_3,F3_1,L1,L3,,,
383511,L1,L1,L1,L1,L2,L3,L2,L2,L1,C3_1,D3_3,F3_1,L2,L1,,,
383512,L1,L1,L1,L1,L2,L3,L2,L2,L1,C3_1,D3_3,F3_1,L2,L2,,,
383513,L1,L1,L1,L1,L2,L3,L2,L2,L1,C3_1,D3_3,F3_1,L2,L3,,,
383514,L1,L1,L1,L1,L2,L3,L2,L2,L1,C3_1,D3_3,F3_1,L3,L1,,,
383515,L1,L1,L1,L1,L2,L3,L2,L2,L1,C3_1,D3_3,F3_1,L3,L2,,,
383516,L1,L1,L1,L1,L2,L3,L2,L2,L1,C3_1,D3_3,F3_1,L3,L3,,,
383517,L1,L1,L1,L1,L2,L3,L2,L2,L1,C3_1,D3_3,F3_2,L1,L1,,,
383518,L1,L1,L1,L1,L2,L3,L2,L2,L1,C3_1,D3_3,F3_2,L1,L2,,,
383519,L1,L1,L1,L1,L2,L3,L2,L2,L1,C3_1,D3_3,F3_2,L1,L3,,,
383520,L1,L1,L1,L1,L2,L3,L2,L2,L1,C3_1,D3_3,F3_2,L2,L1,,,
383521,L1,L1,L1,L1,L2,L3,L2,L2,L1,C3_1,D3_3,F3_2,L2,L2,,,
383522,L1,L1,L1,L1,L2,L3,L2,L2,L1,C3_1,D3_3,F3_2,L2,L3,,,
383523,L1,L1,L1,L1,L2,L3,L2,L2,L1,C3_1,D3_3,F3_2,L3,L1,,,
383524,L1,L1,L1,L1,L2,L3,L2,L2,L1,C3_1,D3_3,F3_2,L3,L2,,,
383525,L1,L1,L1,L1,L2,L3,L2,L2,L1,C3_1,D3_3,F3_2,L3,L3,,,
383526,L1,L1,L1,L1,L2,L3,L2,L2,L1,C3_1,D3_3,F3_3,L1,L1,,,
383527,L1,L1,L1,L1,L2,L3,L2,L2,L1,C3_1,D3_3,F3_3,L1,L2,,,
383528,L1,L1,L1,L1,L2,L3,L2,L2,L1,C3_1,D3_3,F3_3,L1,L3,,,
383529,L1,L1,L1,L1,L2,L3,L2,L2,L1,C3_1,D3_3,F3_3,L2,L1,,,
383530,L1,L1,L1,L1,L2,L3,L2,L2,L1,C3_1,D3_3,F3_3,L2,L2,,,
383531,L1,L1,L1,L1,L2,L3,L2,L2,L1,C3_1,D3_3,F3_3,L2,L3,,,
383532,L1,L1,L1,L1,L2,L3,L2,L2,L1,C3_1,D3_3,F3_3,L3,L1,,,
383533,L1,L1,L1,L1,L2,L3,L2,L2,L1,C3_1,D3_3,F3_3,L3,L2,,,
383534,L1,L1,L1,L1,L2,L3,L2,L2,L1,C3_1,D3_3,F3_3,L3,L3,,,
383535,L1,L1,L1,L1,L2,L3,L2,L2,L1,C3_2,D3_1,F3_1,L1,L1,,,
383536,L1,L1,L1,L1,L2,L3,L2,L2,L1,C3_2,D3_1,F3_1,L1,L2,,,
383537,L1,L1,L1,L1,L2,L3,L2,L2,L1,C3_2,D3_1,F3_1,L1,L3,,,
383538,L1,L1,L1,L1,L2,L3,L2,L2,L1,C3_2,D3_1,F3_1,L2,L1,,,
383539,L1,L1,L1,L1,L2,L3,L2,L2,L1,C3_2,D3_1,F3_1,L2,L2,,,
383540,L1,L1,L1,L1,L2,L3,L2,L2,L1,C3_2,D3_1,F3_1,L2,L3,,,
383541,L1,L1,L1,L1,L2,L3,L2,L2,L1,C3_2,D3_1,F3_1,L3,L1,,,
383542,L1,L1,L1,L1,L2,L3,L2,L2,L1,C3_2,D3_1,F3_1,L3,L2,,,
383543,L1,L1,L1,L1,L2,L3,L2,L2,L1,C3_2,D3_1,F3_1,L3,L3,,,
383544,L1,L1,L1,L1,L2,L3,L2,L2,L1,C3_2,D3_1,F3_2,L1,L1,,,
383545,L1,L1,L1,L1,L2,L3,L2,L2,L1,C3_2,D3_1,F3_2,L1,L2,,,
383546,L1,L1,L1,L1,L2,L3,L2,L2,L1,C3_2,D3_1,F3_2,L1,L3,,,
383547,L1,L1,L1,L1,L2,L3,L2,L2,L1,C3_2,D3_1,F3_2,L2,L1,,,
383548,L1,L1,L1,L1,L2,L3,L2,L2,L1,C3_2,D3_1,F3_2,L2,L2,,,
383549,L1,L1,L1,L1,L2,L3,L2,L2,L1,C3_2,D3_1,F3_2,L2,L3,,,
383550,L1,L1,L1,L1,L2,L3,L2,L2,L1,C3_2,D3_1,F3_2,L3,L1,,,
383551,L1,L1,L1,L1,L2,L3,L2,L2,L1,C3_2,D3_1,F3_2,L3,L2,,,
383552,L1,L1,L1,L1,L2,L3,L2,L2,L1,C3_2,D3_1,F3_2,L3,L3,,,
383553,L1,L1,L1,L1,L2,L3,L2,L2,L1,C3_2,D3_1,F3_3,L1,L1,,,
383554,L1,L1,L1,L1,L2,L3,L2,L2,L1,C3_2,D3_1,F3_3,L1,L2,,,
383555,L1,L1,L1,L1,L2,L3,L2,L2,L1,C3_2,D3_1,F3_3,L1,L3,,,
383556,L1,L1,L1,L1,L2,L3,L2,L2,L1,C3_2,D3_1,F3_3,L2,L1,,,
383557,L1,L1,L1,L1,L2,L3,L2,L2,L1,C3_2,D3_1,F3_3,L2,L2,,,
383558,L1,L1,L1,L1,L2,L3,L2,L2,L1,C3_2,D3_1,F3_3,L2,L3,,,
383559,L1,L1,L1,L1,L2,L3,L2,L2,L1,C3_2,D3_1,F3_3,L3,L1,,,
383560,L1,L1,L1,L1,L2,L3,L2,L2,L1,C3_2,D3_1,F3_3,L3,L2,,,
383561,L1,L1,L1,L1,L2,L3,L2,L2,L1,C3_2,D3_1,F3_3,L3,L3,,,
383562,L1,L1,L1,L1,L2,L3,L2,L2,L1,C3_2,D3_2,F3_1,L1,L1,,,
383563,L1,L1,L1,L1,L2,L3,L2,L2,L1,C3_2,D3_2,F3_1,L1,L2,,,
383564,L1,L1,L1,L1,L2,L3,L2,L2,L1,C3_2,D3_2,F3_1,L1,L3,,,
383565,L1,L1,L1,L1,L2,L3,L2,L2,L1,C3_2,D3_2,F3_1,L2,L1,,,
383566,L1,L1,L1,L1,L2,L3,L2,L2,L1,C3_2,D3_2,F3_1,L2,L2,,,
383567,L1,L1,L1,L1,L2,L3,L2,L2,L1,C3_2,D3_2,F3_1,L2,L3,,,
383568,L1,L1,L1,L1,L2,L3,L2,L2,L1,C3_2,D3_2,F3_1,L3,L1,,,
383569,L1,L1,L1,L1,L2,L3,L2,L2,L1,C3_2,D3_2,F3_1,L3,L2,,,
383570,L1,L1,L1,L1,L2,L3,L2,L2,L1,C3_2,D3_2,F3_1,L3,L3,,,
383571,L1,L1,L1,L1,L2,L3,L2,L2,L1,C3_2,D3_2,F3_2,L1,L1,,,
383572,L1,L1,L1,L1,L2,L3,L2,L2,L1,C3_2,D3_2,F3_2,L1,L2,,,
383573,L1,L1,L1,L1,L2,L3,L2,L2,L1,C3_2,D3_2,F3_2,L1,L3,,,
383574,L1,L1,L1,L1,L2,L3,L2,L2,L1,C3_2,D3_2,F3_2,L2,L1,,,
383575,L1,L1,L1,L1,L2,L3,L2,L2,L1,C3_2,D3_2,F3_2,L2,L2,,,
383576,L1,L1,L1,L1,L2,L3,L2,L2,L1,C3_2,D3_2,F3_2,L2,L3,,,
383577,L1,L1,L1,L1,L2,L3,L2,L2,L1,C3_2,D3_2,F3_2,L3,L1,,,
383578,L1,L1,L1,L1,L2,L3,L2,L2,L1,C3_2,D3_2,F3_2,L3,L2,,,
383579,L1,L1,L1,L1,L2,L3,L2,L2,L1,C3_2,D3_2,F3_2,L3,L3,,,
383580,L1,L1,L1,L1,L2,L3,L2,L2,L1,C3_2,D3_2,F3_3,L1,L1,,,
383581,L1,L1,L1,L1,L2,L3,L2,L2,L1,C3_2,D3_2,F3_3,L1,L2,,,
383582,L1,L1,L1,L1,L2,L3,L2,L2,L1,C3_2,D3_2,F3_3,L1,L3,,,
383583,L1,L1,L1,L1,L2,L3,L2,L2,L1,C3_2,D3_2,F3_3,L2,L1,,,
383584,L1,L1,L1,L1,L2,L3,L2,L2,L1,C3_2,D3_2,F3_3,L2,L2,,,
383585,L1,L1,L1,L1,L2,L3,L2,L2,L1,C3_2,D3_2,F3_3,L2,L3,,,
383586,L1,L1,L1,L1,L2,L3,L2,L2,L1,C3_2,D3_2,F3_3,L3,L1,,,
383587,L1,L1,L1,L1,L2,L3,L2,L2,L1,C3_2,D3_2,F3_3,L3,L2,,,
383588,L1,L1,L1,L1,L2,L3,L2,L2,L1,C3_2,D3_2,F3_3,L3,L3,,,
383589,L1,L1,L1,L1,L2,L3,L2,L2,L1,C3_2,D3_3,F3_1,L1,L1,,,
383590,L1,L1,L1,L1,L2,L3,L2,L2,L1,C3_2,D3_3,F3_1,L1,L2,,,
383591,L1,L1,L1,L1,L2,L3,L2,L2,L1,C3_2,D3_3,F3_1,L1,L3,,,
383592,L1,L1,L1,L1,L2,L3,L2,L2,L1,C3_2,D3_3,F3_1,L2,L1,,,
383593,L1,L1,L1,L1,L2,L3,L2,L2,L1,C3_2,D3_3,F3_1,L2,L2,,,
383594,L1,L1,L1,L1,L2,L3,L2,L2,L1,C3_2,D3_3,F3_1,L2,L3,,,
383595,L1,L1,L1,L1,L2,L3,L2,L2,L1,C3_2,D3_3,F3_1,L3,L1,,,
383596,L1,L1,L1,L1,L2,L3,L2,L2,L1,C3_2,D3_3,F3_1,L3,L2,,,
383597,L1,L1,L1,L1,L2,L3,L2,L2,L1,C3_2,D3_3,F3_1,L3,L3,,,
383598,L1,L1,L1,L1,L2,L3,L2,L2,L1,C3_2,D3_3,F3_2,L1,L1,,,
383599,L1,L1,L1,L1,L2,L3,L2,L2,L1,C3_2,D3_3,F3_2,L1,L2,,,
383600,L1,L1,L1,L1,L2,L3,L2,L2,L1,C3_2,D3_3,F3_2,L1,L3,,,
383601,L1,L1,L1,L1,L2,L3,L2,L2,L1,C3_2,D3_3,F3_2,L2,L1,,,
383602,L1,L1,L1,L1,L2,L3,L2,L2,L1,C3_2,D3_3,F3_2,L2,L2,,,
383603,L1,L1,L1,L1,L2,L3,L2,L2,L1,C3_2,D3_3,F3_2,L2,L3,,,
383604,L1,L1,L1,L1,L2,L3,L2,L2,L1,C3_2,D3_3,F3_2,L3,L1,,,
383605,L1,L1,L1,L1,L2,L3,L2,L2,L1,C3_2,D3_3,F3_2,L3,L2,,,
383606,L1,L1,L1,L1,L2,L3,L2,L2,L1,C3_2,D3_3,F3_2,L3,L3,,,
383607,L1,L1,L1,L1,L2,L3,L2,L2,L1,C3_2,D3_3,F3_3,L1,L1,,,
383608,L1,L1,L1,L1,L2,L3,L2,L2,L1,C3_2,D3_3,F3_3,L1,L2,,,
383609,L1,L1,L1,L1,L2,L3,L2,L2,L1,C3_2,D3_3,F3_3,L1,L3,,,
383610,L1,L1,L1,L1,L2,L3,L2,L2,L1,C3_2,D3_3,F3_3,L2,L1,,,
383611,L1,L1,L1,L1,L2,L3,L2,L2,L1,C3_2,D3_3,F3_3,L2,L2,,,
383612,L1,L1,L1,L1,L2,L3,L2,L2,L1,C3_2,D3_3,F3_3,L2,L3,,,
383613,L1,L1,L1,L1,L2,L3,L2,L2,L1,C3_2,D3_3,F3_3,L3,L1,,,
383614,L1,L1,L1,L1,L2,L3,L2,L2,L1,C3_2,D3_3,F3_3,L3,L2,,,
383615,L1,L1,L1,L1,L2,L3,L2,L2,L1,C3_2,D3_3,F3_3,L3,L3,,,
383616,L1,L1,L1,L1,L2,L3,L2,L2,L1,C3_3,D3_1,F3_1,L1,L1,,,
383617,L1,L1,L1,L1,L2,L3,L2,L2,L1,C3_3,D3_1,F3_1,L1,L2,,,
383618,L1,L1,L1,L1,L2,L3,L2,L2,L1,C3_3,D3_1,F3_1,L1,L3,,,
383619,L1,L1,L1,L1,L2,L3,L2,L2,L1,C3_3,D3_1,F3_1,L2,L1,,,
383620,L1,L1,L1,L1,L2,L3,L2,L2,L1,C3_3,D3_1,F3_1,L2,L2,,,
383621,L1,L1,L1,L1,L2,L3,L2,L2,L1,C3_3,D3_1,F3_1,L2,L3,,,
383622,L1,L1,L1,L1,L2,L3,L2,L2,L1,C3_3,D3_1,F3_1,L3,L1,,,
383623,L1,L1,L1,L1,L2,L3,L2,L2,L1,C3_3,D3_1,F3_1,L3,L2,,,
383624,L1,L1,L1,L1,L2,L3,L2,L2,L1,C3_3,D3_1,F3_1,L3,L3,,,
383625,L1,L1,L1,L1,L2,L3,L2,L2,L1,C3_3,D3_1,F3_2,L1,L1,,,
383626,L1,L1,L1,L1,L2,L3,L2,L2,L1,C3_3,D3_1,F3_2,L1,L2,,,
383627,L1,L1,L1,L1,L2,L3,L2,L2,L1,C3_3,D3_1,F3_2,L1,L3,,,
383628,L1,L1,L1,L1,L2,L3,L2,L2,L1,C3_3,D3_1,F3_2,L2,L1,,,
383629,L1,L1,L1,L1,L2,L3,L2,L2,L1,C3_3,D3_1,F3_2,L2,L2,,,
383630,L1,L1,L1,L1,L2,L3,L2,L2,L1,C3_3,D3_1,F3_2,L2,L3,,,
383631,L1,L1,L1,L1,L2,L3,L2,L2,L1,C3_3,D3_1,F3_2,L3,L1,,,
383632,L1,L1,L1,L1,L2,L3,L2,L2,L1,C3_3,D3_1,F3_2,L3,L2,,,
383633,L1,L1,L1,L1,L2,L3,L2,L2,L1,C3_3,D3_1,F3_2,L3,L3,,,
383634,L1,L1,L1,L1,L2,L3,L2,L2,L1,C3_3,D3_1,F3_3,L1,L1,,,
383635,L1,L1,L1,L1,L2,L3,L2,L2,L1,C3_3,D3_1,F3_3,L1,L2,,,
383636,L1,L1,L1,L1,L2,L3,L2,L2,L1,C3_3,D3_1,F3_3,L1,L3,,,
383637,L1,L1,L1,L1,L2,L3,L2,L2,L1,C3_3,D3_1,F3_3,L2,L1,,,
383638,L1,L1,L1,L1,L2,L3,L2,L2,L1,C3_3,D3_1,F3_3,L2,L2,,,
383639,L1,L1,L1,L1,L2,L3,L2,L2,L1,C3_3,D3_1,F3_3,L2,L3,,,
383640,L1,L1,L1,L1,L2,L3,L2,L2,L1,C3_3,D3_1,F3_3,L3,L1,,,
383641,L1,L1,L1,L1,L2,L3,L2,L2,L1,C3_3,D3_1,F3_3,L3,L2,,,
383642,L1,L1,L1,L1,L2,L3,L2,L2,L1,C3_3,D3_1,F3_3,L3,L3,,,
383643,L1,L1,L1,L1,L2,L3,L2,L2,L1,C3_3,D3_2,F3_1,L1,L1,,,
383644,L1,L1,L1,L1,L2,L3,L2,L2,L1,C3_3,D3_2,F3_1,L1,L2,,,
383645,L1,L1,L1,L1,L2,L3,L2,L2,L1,C3_3,D3_2,F3_1,L1,L3,,,
383646,L1,L1,L1,L1,L2,L3,L2,L2,L1,C3_3,D3_2,F3_1,L2,L1,,,
383647,L1,L1,L1,L1,L2,L3,L2,L2,L1,C3_3,D3_2,F3_1,L2,L2,,,
383648,L1,L1,L1,L1,L2,L3,L2,L2,L1,C3_3,D3_2,F3_1,L2,L3,,,
383649,L1,L1,L1,L1,L2,L3,L2,L2,L1,C3_3,D3_2,F3_1,L3,L1,,,
383650,L1,L1,L1,L1,L2,L3,L2,L2,L1,C3_3,D3_2,F3_1,L3,L2,,,
383651,L1,L1,L1,L1,L2,L3,L2,L2,L1,C3_3,D3_2,F3_1,L3,L3,,,
383652,L1,L1,L1,L1,L2,L3,L2,L2,L1,C3_3,D3_2,F3_2,L1,L1,,,
383653,L1,L1,L1,L1,L2,L3,L2,L2,L1,C3_3,D3_2,F3_2,L1,L2,,,
383654,L1,L1,L1,L1,L2,L3,L2,L2,L1,C3_3,D3_2,F3_2,L1,L3,,,
383655,L1,L1,L1,L1,L2,L3,L2,L2,L1,C3_3,D3_2,F3_2,L2,L1,,,
383656,L1,L1,L1,L1,L2,L3,L2,L2,L1,C3_3,D3_2,F3_2,L2,L2,,,
383657,L1,L1,L1,L1,L2,L3,L2,L2,L1,C3_3,D3_2,F3_2,L2,L3,,,
383658,L1,L1,L1,L1,L2,L3,L2,L2,L1,C3_3,D3_2,F3_2,L3,L1,,,
383659,L1,L1,L1,L1,L2,L3,L2,L2,L1,C3_3,D3_2,F3_2,L3,L2,,,
383660,L1,L1,L1,L1,L2,L3,L2,L2,L1,C3_3,D3_2,F3_2,L3,L3,,,
383661,L1,L1,L1,L1,L2,L3,L2,L2,L1,C3_3,D3_2,F3_3,L1,L1,,,
383662,L1,L1,L1,L1,L2,L3,L2,L2,L1,C3_3,D3_2,F3_3,L1,L2,,,
383663,L1,L1,L1,L1,L2,L3,L2,L2,L1,C3_3,D3_2,F3_3,L1,L3,,,
383664,L1,L1,L1,L1,L2,L3,L2,L2,L1,C3_3,D3_2,F3_3,L2,L1,,,
383665,L1,L1,L1,L1,L2,L3,L2,L2,L1,C3_3,D3_2,F3_3,L2,L2,,,
383666,L1,L1,L1,L1,L2,L3,L2,L2,L1,C3_3,D3_2,F3_3,L2,L3,,,
383667,L1,L1,L1,L1,L2,L3,L2,L2,L1,C3_3,D3_2,F3_3,L3,L1,,,
383668,L1,L1,L1,L1,L2,L3,L2,L2,L1,C3_3,D3_2,F3_3,L3,L2,,,
383669,L1,L1,L1,L1,L2,L3,L2,L2,L1,C3_3,D3_2,F3_3,L3,L3,,,
383670,L1,L1,L1,L1,L2,L3,L2,L2,L1,C3_3,D3_3,F3_1,L1,L1,,,
383671,L1,L1,L1,L1,L2,L3,L2,L2,L1,C3_3,D3_3,F3_1,L1,L2,,,
383672,L1,L1,L1,L1,L2,L3,L2,L2,L1,C3_3,D3_3,F3_1,L1,L3,,,
383673,L1,L1,L1,L1,L2,L3,L2,L2,L1,C3_3,D3_3,F3_1,L2,L1,,,
383674,L1,L1,L1,L1,L2,L3,L2,L2,L1,C3_3,D3_3,F3_1,L2,L2,,,
383675,L1,L1,L1,L1,L2,L3,L2,L2,L1,C3_3,D3_3,F3_1,L2,L3,,,
383676,L1,L1,L1,L1,L2,L3,L2,L2,L1,C3_3,D3_3,F3_1,L3,L1,,,
383677,L1,L1,L1,L1,L2,L3,L2,L2,L1,C3_3,D3_3,F3_1,L3,L2,,,
383678,L1,L1,L1,L1,L2,L3,L2,L2,L1,C3_3,D3_3,F3_1,L3,L3,,,
383679,L1,L1,L1,L1,L2,L3,L2,L2,L1,C3_3,D3_3,F3_2,L1,L1,,,
383680,L1,L1,L1,L1,L2,L3,L2,L2,L1,C3_3,D3_3,F3_2,L1,L2,,,
383681,L1,L1,L1,L1,L2,L3,L2,L2,L1,C3_3,D3_3,F3_2,L1,L3,,,
383682,L1,L1,L1,L1,L2,L3,L2,L2,L1,C3_3,D3_3,F3_2,L2,L1,,,
383683,L1,L1,L1,L1,L2,L3,L2,L2,L1,C3_3,D3_3,F3_2,L2,L2,,,
383684,L1,L1,L1,L1,L2,L3,L2,L2,L1,C3_3,D3_3,F3_2,L2,L3,,,
383685,L1,L1,L1,L1,L2,L3,L2,L2,L1,C3_3,D3_3,F3_2,L3,L1,,,
383686,L1,L1,L1,L1,L2,L3,L2,L2,L1,C3_3,D3_3,F3_2,L3,L2,,,
383687,L1,L1,L1,L1,L2,L3,L2,L2,L1,C3_3,D3_3,F3_2,L3,L3,,,
383688,L1,L1,L1,L1,L2,L3,L2,L2,L1,C3_3,D3_3,F3_3,L1,L1,,,
383689,L1,L1,L1,L1,L2,L3,L2,L2,L1,C3_3,D3_3,F3_3,L1,L2,,,
383690,L1,L1,L1,L1,L2,L3,L2,L2,L1,C3_3,D3_3,F3_3,L1,L3,,,
383691,L1,L1,L1,L1,L2,L3,L2,L2,L1,C3_3,D3_3,F3_3,L2,L1,,,
383692,L1,L1,L1,L1,L2,L3,L2,L2,L1,C3_3,D3_3,F3_3,L2,L2,,,
383693,L1,L1,L1,L1,L2,L3,L2,L2,L1,C3_3,D3_3,F3_3,L2,L3,,,
383694,L1,L1,L1,L1,L2,L3,L2,L2,L1,C3_3,D3_3,F3_3,L3,L1,,,
383695,L1,L1,L1,L1,L2,L3,L2,L2,L1,C3_3,D3_3,F3_3,L3,L2,,,
383696,L1,L1,L1,L1,L2,L3,L2,L2,L1,C3_3,D3_3,F3_3,L3,L3,,,
392391,L1,L2,L2,L3,L2,L3,L2,L2,L1,C3_1,D3_1,F3_1,L1,L1,,,
392392,L1,L2,L2,L3,L2,L3,L2,L2,L1,C3_1,D3_1,F3_1,L1,L2,,,
392393,L1,L2,L2,L3,L2,L3,L2,L2,L1,C3_1,D3_1,F3_1,L1,L3,,,
392394,L1,L2,L2,L3,L2,L3,L2,L2,L1,C3_1,D3_1,F3_1,L2,L1,,,
392395,L1,L2,L2,L3,L2,L3,L2,L2,L1,C3_1,D3_1,F3_1,L2,L2,,,
392396,L1,L2,L2,L3,L2,L3,L2,L2,L1,C3_1,D3_1,F3_1,L2,L3,,,
392397,L1,L2,L2,L3,L2,L3,L2,L2,L1,C3_1,D3_1,F3_1,L3,L1,,,
392398,L1,L2,L2,L3,L2,L3,L2,L2,L1,C3_1,D3_1,F3_1,L3,L2,,,
392399,L1,L2,L2,L3,L2,L3,L2,L2,L1,C3_1,D3_1,F3_1,L3,L3,,,
392400,L1,L2,L2,L3,L2,L3,L2,L2,L1,C3_1,D3_1,F3_2,L1,L1,,,
392401,L1,L2,L2,L3,L2,L3,L2,L2,L1,C3_1,D3_1,F3_2,L1,L2,,,
392402,L1,L2,L2,L3,L2,L3,L2,L2,L1,C3_1,D3_1,F3_2,L1,L3,,,
392403,L1,L2,L2,L3,L2,L3,L2,L2,L1,C3_1,D3_1,F3_2,L2,L1,,,
392404,L1,L2,L2,L3,L2,L3,L2,L2,L1,C3_1,D3_1,F3_2,L2,L2,,,
392405,L1,L2,L2,L3,L2,L3,L2,L2,L1,C3_1,D3_1,F3_2,L2,L3,,,
392406,L1,L2,L2,L3,L2,L3,L2,L2,L1,C3_1,D3_1,F3_2,L3,L1,,,
392407,L1,L2,L2,L3,L2,L3,L2,L2,L1,C3_1,D3_1,F3_2,L3,L2,,,
392408,L1,L2,L2,L3,L2,L3,L2,L2,L1,C3_1,D3_1,F3_2,L3,L3,,,
392409,L1,L2,L2,L3,L2,L3,L2,L2,L1,C3_1,D3_1,F3_3,L1,L1,,,
392410,L1,L2,L2,L3,L2,L3,L2,L2,L1,C3_1,D3_1,F3_3,L1,L2,,,
392411,L1,L2,L2,L3,L2,L3,L2,L2,L1,C3_1,D3_1,F3_3,L1,L3,,,
392412,L1,L2,L2,L3,L2,L3,L2,L2,L1,C3_1,D3_1,F3_3,L2,L1,,,
392413,L1,L2,L2,L3,L2,L3,L2,L2,L1,C3_1,D3_1,F3_3,L2,L2,,,
392414,L1,L2,L2,L3,L2,L3,L2,L2,L1,C3_1,D3_1,F3_3,L2,L3,,,
392415,L1,L2,L2,L3,L2,L3,L2,L2,L1,C3_1,D3_1,F3_3,L3,L1,,,
392416,L1,L2,L2,L3,L2,L3,L2,L2,L1,C3_1,D3_1,F3_3,L3,L2,,,
392417,L1,L2,L2,L3,L2,L3,L2,L2,L1,C3_1,D3_1,F3_3,L3,L3,,,
392418,L1,L2,L2,L3,L2,L3,L2,L2,L1,C3_1,D3_2,F3_1,L1,L1,,,
392419,L1,L2,L2,L3,L2,L3,L2,L2,L1,C3_1,D3_2,F3_1,L1,L2,,,
392420,L1,L2,L2,L3,L2,L3,L2,L2,L1,C3_1,D3_2,F3_1,L1,L3,,,
392421,L1,L2,L2,L3,L2,L3,L2,L2,L1,C3_1,D3_2,F3_1,L2,L1,,,
392422,L1,L2,L2,L3,L2,L3,L2,L2,L1,C3_1,D3_2,F3_1,L2,L2,,,
392423,L1,L2,L2,L3,L2,L3,L2,L2,L1,C3_1,D3_2,F3_1,L2,L3,,,
392424,L1,L2,L2,L3,L2,L3,L2,L2,L1,C3_1,D3_2,F3_1,L3,L1,,,
392425,L1,L2,L2,L3,L2,L3,L2,L2,L1,C3_1,D3_2,F3_1,L3,L2,,,
392426,L1,L2,L2,L3,L2,L3,L2,L2,L1,C3_1,D3_2,F3_1,L3,L3,,,
392427,L1,L2,L2,L3,L2,L3,L2,L2,L1,C3_1,D3_2,F3_2,L1,L1,,,
392428,L1,L2,L2,L3,L2,L3,L2,L2,L1,C3_1,D3_2,F3_2,L1,L2,,,
392429,L1,L2,L2,L3,L2,L3,L2,L2,L1,C3_1,D3_2,F3_2,L1,L3,,,
392430,L1,L2,L2,L3,L2,L3,L2,L2,L1,C3_1,D3_2,F3_2,L2,L1,,,
392431,L1,L2,L2,L3,L2,L3,L2,L2,L1,C3_1,D3_2,F3_2,L2,L2,,,
392432,L1,L2,L2,L3,L2,L3,L2,L2,L1,C3_1,D3_2,F3_2,L2,L3,,,
392433,L1,L2,L2,L3,L2,L3,L2,L2,L1,C3_1,D3_2,F3_2,L3,L1,,,
392434,L1,L2,L2,L3,L2,L3,L2,L2,L1,C3_1,D3_2,F3_2,L3,L2,,,
392435,L1,L2,L2,L3,L2,L3,L2,L2,L1,C3_1,D3_2,F3_2,L3,L3,,,
392436,L1,L2,L2,L3,L2,L3,L2,L2,L1,C3_1,D3_2,F3_3,L1,L1,,,
392437,L1,L2,L2,L3,L2,L3,L2,L2,L1,C3_1,D3_2,F3_3,L1,L2,,,
392438,L1,L2,L2,L3,L2,L3,L2,L2,L1,C3_1,D3_2,F3_3,L1,L3,,,
392439,L1,L2,L2,L3,L2,L3,L2,L2,L1,C3_1,D3_2,F3_3,L2,L1,,,
392440,L1,L2,L2,L3,L2,L3,L2,L2,L1,C3_1,D3_2,F3_3,L2,L2,,,
392441,L1,L2,L2,L3,L2,L3,L2,L2,L1,C3_1,D3_2,F3_3,L2,L3,,,
392442,L1,L2,L2,L3,L2,L3,L2,L2,L1,C3_1,D3_2,F3_3,L3,L1,,,
392443,L1,L2,L2,L3,L2,L3,L2,L2,L1,C3_1,D3_2,F3_3,L3,L2,,,
392444,L1,L2,L2,L3,L2,L3,L2,L2,L1,C3_1,D3_2,F3_3,L3,L3,,,
392445,L1,L2,L2,L3,L2,L3,L2,L2,L1,C3_1,D3_3,F3_1,L1,L1,,,
392446,L1,L2,L2,L3,L2,L3,L2,L2,L1,C3_1,D3_3,F3_1,L1,L2,,,
392447,L1,L2,L2,L3,L2,L3,L2,L2,L1,C3_1,D3_3,F3_1,L1,L3,,,
392448,L1,L2,L2,L3,L2,L3,L2,L2,L1,C3_1,D3_3,F3_1,L2,L1,,,
392449,L1,L2,L2,L3,L2,L3,L2,L2,L1,C3_1,D3_3,F3_1,L2,L2,,,
392450,L1,L2,L2,L3,L2,L3,L2,L2,L1,C3_1,D3_3,F3_1,L2,L3,,,
392451,L1,L2,L2,L3,L2,L3,L2,L2,L1,C3_1,D3_3,F3_1,L3,L1,,,
392452,L1,L2,L2,L3,L2,L3,L2,L2,L1,C3_1,D3_3,F3_1,L3,L2,,,
392453,L1,L2,L2,L3,L2,L3,L2,L2,L1,C3_1,D3_3,F3_1,L3,L3,,,
392454,L1,L2,L2,L3,L2,L3,L2,L2,L1,C3_1,D3_3,F3_2,L1,L1,,,
392455,L1,L2,L2,L3,L2,L3,L2,L2,L1,C3_1,D3_3,F3_2,L1,L2,,,
392456,L1,L2,L2,L3,L2,L3,L2,L2,L1,C3_1,D3_3,F3_2,L1,L3,,,
392457,L1,L2,L2,L3,L2,L3,L2,L2,L1,C3_1,D3_3,F3_2,L2,L1,,,
392458,L1,L2,L2,L3,L2,L3,L2,L2,L1,C3_1,D3_3,F3_2,L2,L2,,,
392459,L1,L2,L2,L3,L2,L3,L2,L2,L1,C3_1,D3_3,F3_2,L2,L3,,,
392460,L1,L2,L2,L3,L2,L3,L2,L2,L1,C3_1,D3_3,F3_2,L3,L1,,,
392461,L1,L2,L2,L3,L2,L3,L2,L2,L1,C3_1,D3_3,F3_2,L3,L2,,,
392462,L1,L2,L2,L3,L2,L3,L2,L2,L1,C3_1,D3_3,F3_2,L3,L3,,,
392463,L1,L2,L2,L3,L2,L3,L2,L2,L1,C3_1,D3_3,F3_3,L1,L1,,,
392464,L1,L2,L2,L3,L2,L3,L2,L2,L1,C3_1,D3_3,F3_3,L1,L2,,,
392465,L1,L2,L2,L3,L2,L3,L2,L2,L1,C3_1,D3_3,F3_3,L1,L3,,,
392466,L1,L2,L2,L3,L2,L3,L2,L2,L1,C3_1,D3_3,F3_3,L2,L1,,,
392467,L1,L2,L2,L3,L2,L3,L2,L2,L1,C3_1,D3_3,F3_3,L2,L2,,,
392468,L1,L2,L2,L3,L2,L3,L2,L2,L1,C3_1,D3_3,F3_3,L2,L3,,,
392469,L1,L2,L2,L3,L2,L3,L2,L2,L1,C3_1,D3_3,F3_3,L3,L1,,,
392470,L1,L2,L2,L3,L2,L3,L2,L2,L1,C3_1,D3_3,F3_3,L3,L2,,,
392471,L1,L2,L2,L3,L2,L3,L2,L2,L1,C3_1,D3_3,F3_3,L3,L3,,,
392472,L1,L2,L2,L3,L2,L3,L2,L2,L1,C3_2,D3_1,F3_1,L1,L1,,,
392473,L1,L2,L2,L3,L2,L3,L2,L2,L1,C3_2,D3_1,F3_1,L1,L2,,,
392474,L1,L2,L2,L3,L2,L3,L2,L2,L1,C3_2,D3_1,F3_1,L1,L3,,,
392475,L1,L2,L2,L3,L2,L3,L2,L2,L1,C3_2,D3_1,F3_1,L2,L1,,,
392476,L1,L2,L2,L3,L2,L3,L2,L2,L1,C3_2,D3_1,F3_1,L2,L2,,,
392477,L1,L2,L2,L3,L2,L3,L2,L2,L1,C3_2,D3_1,F3_1,L2,L3,,,
392478,L1,L2,L2,L3,L2,L3,L2,L2,L1,C3_2,D3_1,F3_1,L3,L1,,,
392479,L1,L2,L2,L3,L2,L3,L2,L2,L1,C3_2,D3_1,F3_1,L3,L2,,,
392480,L1,L2,L2,L3,L2,L3,L2,L2,L1,C3_2,D3_1,F3_1,L3,L3,,,
392481,L1,L2,L2,L3,L2,L3,L2,L2,L1,C3_2,D3_1,F3_2,L1,L1,,,
392482,L1,L2,L2,L3,L2,L3,L2,L2,L1,C3_2,D3_1,F3_2,L1,L2,,,
392483,L1,L2,L2,L3,L2,L3,L2,L2,L1,C3_2,D3_1,F3_2,L1,L3,,,
392484,L1,L2,L2,L3,L2,L3,L2,L2,L1,C3_2,D3_1,F3_2,L2,L1,,,
392485,L1,L2,L2,L3,L2,L3,L2,L2,L1,C3_2,D3_1,F3_2,L2,L2,,,
392486,L1,L2,L2,L3,L2,L3,L2,L2,L1,C3_2,D3_1,F3_2,L2,L3,,,
392487,L1,L2,L2,L3,L2,L3,L2,L2,L1,C3_2,D3_1,F3_2,L3,L1,,,
392488,L1,L2,L2,L3,L2,L3,L2,L2,L1,C3_2,D3_1,F3_2,L3,L2,,,
392489,L1,L2,L2,L3,L2,L3,L2,L2,L1,C3_2,D3_1,F3_2,L3,L3,,,
392490,L1,L2,L2,L3,L2,L3,L2,L2,L1,C3_2,D3_1,F3_3,L1,L1,,,
392491,L1,L2,L2,L3,L2,L3,L2,L2,L1,C3_2,D3_1,F3_3,L1,L2,,,
392492,L1,L2,L2,L3,L2,L3,L2,L2,L1,C3_2,D3_1,F3_3,L1,L3,,,
392493,L1,L2,L2,L3,L2,L3,L2,L2,L1,C3_2,D3_1,F3_3,L2,L1,,,
392494,L1,L2,L2,L3,L2,L3,L2,L2,L1,C3_2,D3_1,F3_3,L2,L2,,,
392495,L1,L2,L2,L3,L2,L3,L2,L2,L1,C3_2,D3_1,F3_3,L2,L3,,,
392496,L1,L2,L2,L3,L2,L3,L2,L2,L1,C3_2,D3_1,F3_3,L3,L1,,,
392497,L1,L2,L2,L3,L2,L3,L2,L2,L1,C3_2,D3_1,F3_3,L3,L2,,,
392498,L1,L2,L2,L3,L2,L3,L2,L2,L1,C3_2,D3_1,F3_3,L3,L3,,,
392499,L1,L2,L2,L3,L2,L3,L2,L2,L1,C3_2,D3_2,F3_1,L1,L1,,,
392500,L1,L2,L2,L3,L2,L3,L2,L2,L1,C3_2,D3_2,F3_1,L1,L2,,,
392501,L1,L2,L2,L3,L2,L3,L2,L2,L1,C3_2,D3_2,F3_1,L1,L3,,,
392502,L1,L2,L2,L3,L2,L3,L2,L2,L1,C3_2,D3_2,F3_1,L2,L1,,,
392503,L1,L2,L2,L3,L2,L3,L2,L2,L1,C3_2,D3_2,F3_1,L2,L2,,,
392504,L1,L2,L2,L3,L2,L3,L2,L2,L1,C3_2,D3_2,F3_1,L2,L3,,,
392505,L1,L2,L2,L3,L2,L3,L2,L2,L1,C3_2,D3_2,F3_1,L3,L1,,,
392506,L1,L2,L2,L3,L2,L3,L2,L2,L1,C3_2,D3_2,F3_1,L3,L2,,,
392507,L1,L2,L2,L3,L2,L3,L2,L2,L1,C3_2,D3_2,F3_1,L3,L3,,,
392508,L1,L2,L2,L3,L2,L3,L2,L2,L1,C3_2,D3_2,F3_2,L1,L1,,,
392509,L1,L2,L2,L3,L2,L3,L2,L2,L1,C3_2,D3_2,F3_2,L1,L2,,,
392510,L1,L2,L2,L3,L2,L3,L2,L2,L1,C3_2,D3_2,F3_2,L1,L3,,,
392511,L1,L2,L2,L3,L2,L3,L2,L2,L1,C3_2,D3_2,F3_2,L2,L1,,,
392512,L1,L2,L2,L3,L2,L3,L2,L2,L1,C3_2,D3_2,F3_2,L2,L2,,,
392513,L1,L2,L2,L3,L2,L3,L2,L2,L1,C3_2,D3_2,F3_2,L2,L3,,,
392514,L1,L2,L2,L3,L2,L3,L2,L2,L1,C3_2,D3_2,F3_2,L3,L1,,,
392515,L1,L2,L2,L3,L2,L3,L2,L2,L1,C3_2,D3_2,F3_2,L3,L2,,,
392516,L1,L2,L2,L3,L2,L3,L2,L2,L1,C3_2,D3_2,F3_2,L3,L3,,,
392517,L1,L2,L2,L3,L2,L3,L2,L2,L1,C3_2,D3_2,F3_3,L1,L1,,,
392518,L1,L2,L2,L3,L2,L3,L2,L2,L1,C3_2,D3_2,F3_3,L1,L2,,,
392519,L1,L2,L2,L3,L2,L3,L2,L2,L1,C3_2,D3_2,F3_3,L1,L3,,,
392520,L1,L2,L2,L3,L2,L3,L2,L2,L1,C3_2,D3_2,F3_3,L2,L1,,,
392521,L1,L2,L2,L3,L2,L3,L2,L2,L1,C3_2,D3_2,F3_3,L2,L2,,,
392522,L1,L2,L2,L3,L2,L3,L2,L2,L1,C3_2,D3_2,F3_3,L2,L3,,,
392523,L1,L2,L2,L3,L2,L3,L2,L2,L1,C3_2,D3_2,F3_3,L3,L1,,,
392524,L1,L2,L2,L3,L2,L3,L2,L2,L1,C3_2,D3_2,F3_3,L3,L2,,,
392525,L1,L2,L2,L3,L2,L3,L2,L2,L1,C3_2,D3_2,F3_3,L3,L3,,,
392526,L1,L2,L2,L3,L2,L3,L2,L2,L1,C3_2,D3_3,F3_1,L1,L1,,,
392527,L1,L2,L2,L3,L2,L3,L2,L2,L1,C3_2,D3_3,F3_1,L1,L2,,,
392528,L1,L2,L2,L3,L2,L3,L2,L2,L1,C3_2,D3_3,F3_1,L1,L3,,,
392529,L1,L2,L2,L3,L2,L3,L2,L2,L1,C3_2,D3_3,F3_1,L2,L1,,,
392530,L1,L2,L2,L3,L2,L3,L2,L2,L1,C3_2,D3_3,F3_1,L2,L2,,,
392531,L1,L2,L2,L3,L2,L3,L2,L2,L1,C3_2,D3_3,F3_1,L2,L3,,,
392532,L1,L2,L2,L3,L2,L3,L2,L2,L1,C3_2,D3_3,F3_1,L3,L1,,,
392533,L1,L2,L2,L3,L2,L3,L2,L2,L1,C3_2,D3_3,F3_1,L3,L2,,,
392534,L1,L2,L2,L3,L2,L3,L2,L2,L1,C3_2,D3_3,F3_1,L3,L3,,,
392535,L1,L2,L2,L3,L2,L3,L2,L2,L1,C3_2,D3_3,F3_2,L1,L1,,,
392536,L1,L2,L2,L3,L2,L3,L2,L2,L1,C3_2,D3_3,F3_2,L1,L2,,,
392537,L1,L2,L2,L3,L2,L3,L2,L2,L1,C3_2,D3_3,F3_2,L1,L3,,,
392538,L1,L2,L2,L3,L2,L3,L2,L2,L1,C3_2,D3_3,F3_2,L2,L1,,,
392539,L1,L2,L2,L3,L2,L3,L2,L2,L1,C3_2,D3_3,F3_2,L2,L2,,,
392540,L1,L2,L2,L3,L2,L3,L2,L2,L1,C3_2,D3_3,F3_2,L2,L3,,,
392541,L1,L2,L2,L3,L2,L3,L2,L2,L1,C3_2,D3_3,F3_2,L3,L1,,,
392542,L1,L2,L2,L3,L2,L3,L2,L2,L1,C3_2,D3_3,F3_2,L3,L2,,,
392543,L1,L2,L2,L3,L2,L3,L2,L2,L1,C3_2,D3_3,F3_2,L3,L3,,,
392544,L1,L2,L2,L3,L2,L3,L2,L2,L1,C3_2,D3_3,F3_3,L1,L1,,,
392545,L1,L2,L2,L3,L2,L3,L2,L2,L1,C3_2,D3_3,F3_3,L1,L2,,,
392546,L1,L2,L2,L3,L2,L3,L2,L2,L1,C3_2,D3_3,F3_3,L1,L3,,,
392547,L1,L2,L2,L3,L2,L3,L2,L2,L1,C3_2,D3_3,F3_3,L2,L1,,,
392548,L1,L2,L2,L3,L2,L3,L2,L2,L1,C3_2,D3_3,F3_3,L2,L2,,,
392549,L1,L2,L2,L3,L2,L3,L2,L2,L1,C3_2,D3_3,F3_3,L2,L3,,,
392550,L1,L2,L2,L3,L2,L3,L2,L2,L1,C3_2,D3_3,F3_3,L3,L1,,,
392551,L1,L2,L2,L3,L2,L3,L2,L2,L1,C3_2,D3_3,F3_3,L3,L2,,,
392552,L1,L2,L2,L3,L2,L3,L2,L2,L1,C3_2,D3_3,F3_3,L3,L3,,,
392553,L1,L2,L2,L3,L2,L3,L2,L2,L1,C3_3,D3_1,F3_1,L1,L1,,,
392554,L1,L2,L2,L3,L2,L3,L2,L2,L1,C3_3,D3_1,F3_1,L1,L2,,,
392555,L1,L2,L2,L3,L2,L3,L2,L2,L1,C3_3,D3_1,F3_1,L1,L3,,,
392556,L1,L2,L2,L3,L2,L3,L2,L2,L1,C3_3,D3_1,F3_1,L2,L1,,,
392557,L1,L2,L2,L3,L2,L3,L2,L2,L1,C3_3,D3_1,F3_1,L2,L2,,,
392558,L1,L2,L2,L3,L2,L3,L2,L2,L1,C3_3,D3_1,F3_1,L2,L3,,,
392559,L1,L2,L2,L3,L2,L3,L2,L2,L1,C3_3,D3_1,F3_1,L3,L1,,,
392560,L1,L2,L2,L3,L2,L3,L2,L2,L1,C3_3,D3_1,F3_1,L3,L2,,,
392561,L1,L2,L2,L3,L2,L3,L2,L2,L1,C3_3,D3_1,F3_1,L3,L3,,,
392562,L1,L2,L2,L3,L2,L3,L2,L2,L1,C3_3,D3_1,F3_2,L1,L1,,,
392563,L1,L2,L2,L3,L2,L3,L2,L2,L1,C3_3,D3_1,F3_2,L1,L2,,,
392564,L1,L2,L2,L3,L2,L3,L2,L2,L1,C3_3,D3_1,F3_2,L1,L3,,,
392565,L1,L2,L2,L3,L2,L3,L2,L2,L1,C3_3,D3_1,F3_2,L2,L1,,,
392566,L1,L2,L2,L3,L2,L3,L2,L2,L1,C3_3,D3_1,F3_2,L2,L2,,,
392567,L1,L2,L2,L3,L2,L3,L2,L2,L1,C3_3,D3_1,F3_2,L2,L3,,,
392568,L1,L2,L2,L3,L2,L3,L2,L2,L1,C3_3,D3_1,F3_2,L3,L1,,,
392569,L1,L2,L2,L3,L2,L3,L2,L2,L1,C3_3,D3_1,F3_2,L3,L2,,,
392570,L1,L2,L2,L3,L2,L3,L2,L2,L1,C3_3,D3_1,F3_2,L3,L3,,,
392571,L1,L2,L2,L3,L2,L3,L2,L2,L1,C3_3,D3_1,F3_3,L1,L1,,,
392572,L1,L2,L2,L3,L2,L3,L2,L2,L1,C3_3,D3_1,F3_3,L1,L2,,,
392573,L1,L2,L2,L3,L2,L3,L2,L2,L1,C3_3,D3_1,F3_3,L1,L3,,,
392574,L1,L2,L2,L3,L2,L3,L2,L2,L1,C3_3,D3_1,F3_3,L2,L1,,,
392575,L1,L2,L2,L3,L2,L3,L2,L2,L1,C3_3,D3_1,F3_3,L2,L2,,,
392576,L1,L2,L2,L3,L2,L3,L2,L2,L1,C3_3,D3_1,F3_3,L2,L3,,,
392577,L1,L2,L2,L3,L2,L3,L2,L2,L1,C3_3,D3_1,F3_3,L3,L1,,,
392578,L1,L2,L2,L3,L2,L3,L2,L2,L1,C3_3,D3_1,F3_3,L3,L2,,,
392579,L1,L2,L2,L3,L2,L3,L2,L2,L1,C3_3,D3_1,F3_3,L3,L3,,,
392580,L1,L2,L2,L3,L2,L3,L2,L2,L1,C3_3,D3_2,F3_1,L1,L1,,,
392581,L1,L2,L2,L3,L2,L3,L2,L2,L1,C3_3,D3_2,F3_1,L1,L2,,,
392582,L1,L2,L2,L3,L2,L3,L2,L2,L1,C3_3,D3_2,F3_1,L1,L3,,,
392583,L1,L2,L2,L3,L2,L3,L2,L2,L1,C3_3,D3_2,F3_1,L2,L1,,,
392584,L1,L2,L2,L3,L2,L3,L2,L2,L1,C3_3,D3_2,F3_1,L2,L2,,,
392585,L1,L2,L2,L3,L2,L3,L2,L2,L1,C3_3,D3_2,F3_1,L2,L3,,,
392586,L1,L2,L2,L3,L2,L3,L2,L2,L1,C3_3,D3_2,F3_1,L3,L1,,,
392587,L1,L2,L2,L3,L2,L3,L2,L2,L1,C3_3,D3_2,F3_1,L3,L2,,,
392588,L1,L2,L2,L3,L2,L3,L2,L2,L1,C3_3,D3_2,F3_1,L3,L3,,,
392589,L1,L2,L2,L3,L2,L3,L2,L2,L1,C3_3,D3_2,F3_2,L1,L1,,,
392590,L1,L2,L2,L3,L2,L3,L2,L2,L1,C3_3,D3_2,F3_2,L1,L2,,,
392591,L1,L2,L2,L3,L2,L3,L2,L2,L1,C3_3,D3_2,F3_2,L1,L3,,,
392592,L1,L2,L2,L3,L2,L3,L2,L2,L1,C3_3,D3_2,F3_2,L2,L1,,,
392593,L1,L2,L2,L3,L2,L3,L2,L2,L1,C3_3,D3_2,F3_2,L2,L2,,,
392594,L1,L2,L2,L3,L2,L3,L2,L2,L1,C3_3,D3_2,F3_2,L2,L3,,,
392595,L1,L2,L2,L3,L2,L3,L2,L2,L1,C3_3,D3_2,F3_2,L3,L1,,,
392596,L1,L2,L2,L3,L2,L3,L2,L2,L1,C3_3,D3_2,F3_2,L3,L2,,,
392597,L1,L2,L2,L3,L2,L3,L2,L2,L1,C3_3,D3_2,F3_2,L3,L3,,,
392598,L1,L2,L2,L3,L2,L3,L2,L2,L1,C3_3,D3_2,F3_3,L1,L1,,,
392599,L1,L2,L2,L3,L2,L3,L2,L2,L1,C3_3,D3_2,F3_3,L1,L2,,,
392600,L1,L2,L2,L3,L2,L3,L2,L2,L1,C3_3,D3_2,F3_3,L1,L3,,,
392601,L1,L2,L2,L3,L2,L3,L2,L2,L1,C3_3,D3_2,F3_3,L2,L1,,,
392602,L1,L2,L2,L3,L2,L3,L2,L2,L1,C3_3,D3_2,F3_3,L2,L2,,,
392603,L1,L2,L2,L3,L2,L3,L2,L2,L1,C3_3,D3_2,F3_3,L2,L3,,,
392604,L1,L2,L2,L3,L2,L3,L2,L2,L1,C3_3,D3_2,F3_3,L3,L1,,,
392605,L1,L2,L2,L3,L2,L3,L2,L2,L1,C3_3,D3_2,F3_3,L3,L2,,,
392606,L1,L2,L2,L3,L2,L3,L2,L2,L1,C3_3,D3_2,F3_3,L3,L3,,,
392607,L1,L2,L2,L3,L2,L3,L2,L2,L1,C3_3,D3_3,F3_1,L1,L1,,,
392608,L1,L2,L2,L3,L2,L3,L2,L2,L1,C3_3,D3_3,F3_1,L1,L2,,,
392609,L1,L2,L2,L3,L2,L3,L2,L2,L1,C3_3,D3_3,F3_1,L1,L3,,,
392610,L1,L2,L2,L3,L2,L3,L2,L2,L1,C3_3,D3_3,F3_1,L2,L1,,,
392611,L1,L2,L2,L3,L2,L3,L2,L2,L1,C3_3,D3_3,F3_1,L2,L2,,,
392612,L1,L2,L2,L3,L2,L3,L2,L2,L1,C3_3,D3_3,F3_1,L2,L3,,,
392613,L1,L2,L2,L3,L2,L3,L2,L2,L1,C3_3,D3_3,F3_1,L3,L1,,,
392614,L1,L2,L2,L3,L2,L3,L2,L2,L1,C3_3,D3_3,F3_1,L3,L2,,,
392615,L1,L2,L2,L3,L2,L3,L2,L2,L1,C3_3,D3_3,F3_1,L3,L3,,,
392616,L1,L2,L2,L3,L2,L3,L2,L2,L1,C3_3,D3_3,F3_2,L1,L1,,,
392617,L1,L2,L2,L3,L2,L3,L2,L2,L1,C3_3,D3_3,F3_2,L1,L2,,,
392618,L1,L2,L2,L3,L2,L3,L2,L2,L1,C3_3,D3_3,F3_2,L1,L3,,,
392619,L1,L2,L2,L3,L2,L3,L2,L2,L1,C3_3,D3_3,F3_2,L2,L1,,,
392620,L1,L2,L2,L3,L2,L3,L2,L2,L1,C3_3,D3_3,F3_2,L2,L2,,,
392621,L1,L2,L2,L3,L2,L3,L2,L2,L1,C3_3,D3_3,F3_2,L2,L3,,,
392622,L1,L2,L2,L3,L2,L3,L2,L2,L1,C3_3,D3_3,F3_2,L3,L1,,,
392623,L1,L2,L2,L3,L2,L3,L2,L2,L1,C3_3,D3_3,F3_2,L3,L2,,,
392624,L1,L2,L2,L3,L2,L3,L2,L2,L1,C3_3,D3_3,F3_2,L3,L3,,,
392625,L1,L2,L2,L3,L2,L3,L2,L2,L1,C3_3,D3_3,F3_3,L1,L1,,,
392626,L1,L2,L2,L3,L2,L3,L2,L2,L1,C3_3,D3_3,F3_3,L1,L2,,,
392627,L1,L2,L2,L3,L2,L3,L2,L2,L1,C3_3,D3_3,F3_3,L1,L3,,,
392628,L1,L2,L2,L3,L2,L3,L2,L2,L1,C3_3,D3_3,F3_3,L2,L1,,,
392629,L1,L2,L2,L3,L2,L3,L2,L2,L1,C3_3,D3_3,F3_3,L2,L2,,,
392630,L1,L2,L2,L3,L2,L3,L2,L2,L1,C3_3,D3_3,F3_3,L2,L3,,,
392631,L1,L2,L2,L3,L2,L3,L2,L2,L1,C3_3,D3_3,F3_3,L3,L1,,,
392632,L1,L2,L2,L3,L2,L3,L2,L2,L1,C3_3,D3_3,F3_3,L3,L2,,,
392633,L1,L2,L2,L3,L2,L3,L2,L2,L1,C3_3,D3_3,F3_3,L3,L3,,,
396468,L2,L1,L3,L1,L1,L3,L2,L2,L1,C3_1,D3_1,F3_1,L1,L1,,,
396469,L2,L1,L3,L1,L1,L3,L2,L2,L1,C3_1,D3_1,F3_1,L1,L2,,,
396470,L2,L1,L3,L1,L1,L3,L2,L2,L1,C3_1,D3_1,F3_1,L1,L3,,,
396471,L2,L1,L3,L1,L1,L3,L2,L2,L1,C3_1,D3_1,F3_1,L2,L1,,,
396472,L2,L1,L3,L1,L1,L3,L2,L2,L1,C3_1,D3_1,F3_1,L2,L2,,,
396473,L2,L1,L3,L1,L1,L3,L2,L2,L1,C3_1,D3_1,F3_1,L2,L3,,,
396474,L2,L1,L3,L1,L1,L3,L2,L2,L1,C3_1,D3_1,F3_1,L3,L1,,,
396475,L2,L1,L3,L1,L1,L3,L2,L2,L1,C3_1,D3_1,F3_1,L3,L2,,,
396476,L2,L1,L3,L1,L1,L3,L2,L2,L1,C3_1,D3_1,F3_1,L3,L3,,,
396477,L2,L1,L3,L1,L1,L3,L2,L2,L1,C3_1,D3_1,F3_2,L1,L1,,,
396478,L2,L1,L3,L1,L1,L3,L2,L2,L1,C3_1,D3_1,F3_2,L1,L2,,,
396479,L2,L1,L3,L1,L1,L3,L2,L2,L1,C3_1,D3_1,F3_2,L1,L3,,,
396480,L2,L1,L3,L1,L1,L3,L2,L2,L1,C3_1,D3_1,F3_2,L2,L1,,,
396481,L2,L1,L3,L1,L1,L3,L2,L2,L1,C3_1,D3_1,F3_2,L2,L2,,,
396482,L2,L1,L3,L1,L1,L3,L2,L2,L1,C3_1,D3_1,F3_2,L2,L3,,,
396483,L2,L1,L3,L1,L1,L3,L2,L2,L1,C3_1,D3_1,F3_2,L3,L1,,,
396484,L2,L1,L3,L1,L1,L3,L2,L2,L1,C3_1,D3_1,F3_2,L3,L2,,,
396485,L2,L1,L3,L1,L1,L3,L2,L2,L1,C3_1,D3_1,F3_2,L3,L3,,,
396486,L2,L1,L3,L1,L1,L3,L2,L2,L1,C3_1,D3_1,F3_3,L1,L1,,,
396487,L2,L1,L3,L1,L1,L3,L2,L2,L1,C3_1,D3_1,F3_3,L1,L2,,,
396488,L2,L1,L3,L1,L1,L3,L2,L2,L1,C3_1,D3_1,F3_3,L1,L3,,,
396489,L2,L1,L3,L1,L1,L3,L2,L2,L1,C3_1,D3_1,F3_3,L2,L1,,,
396490,L2,L1,L3,L1,L1,L3,L2,L2,L1,C3_1,D3_1,F3_3,L2,L2,,,
396491,L2,L1,L3,L1,L1,L3,L2,L2,L1,C3_1,D3_1,F3_3,L2,L3,,,
396492,L2,L1,L3,L1,L1,L3,L2,L2,L1,C3_1,D3_1,F3_3,L3,L1,,,
396493,L2,L1,L3,L1,L1,L3,L2,L2,L1,C3_1,D3_1,F3_3,L3,L2,,,
396494,L2,L1,L3,L1,L1,L3,L2,L2,L1,C3_1,D3_1,F3_3,L3,L3,,,
396495,L2,L1,L3,L1,L1,L3,L2,L2,L1,C3_1,D3_2,F3_1,L1,L1,,,
396496,L2,L1,L3,L1,L1,L3,L2,L2,L1,C3_1,D3_2,F3_1,L1,L2,,,
396497,L2,L1,L3,L1,L1,L3,L2,L2,L1,C3_1,D3_2,F3_1,L1,L3,,,
396498,L2,L1,L3,L1,L1,L3,L2,L2,L1,C3_1,D3_2,F3_1,L2,L1,,,
396499,L2,L1,L3,L1,L1,L3,L2,L2,L1,C3_1,D3_2,F3_1,L2,L2,,,
396500,L2,L1,L3,L1,L1,L3,L2,L2,L1,C3_1,D3_2,F3_1,L2,L3,,,
396501,L2,L1,L3,L1,L1,L3,L2,L2,L1,C3_1,D3_2,F3_1,L3,L1,,,
396502,L2,L1,L3,L1,L1,L3,L2,L2,L1,C3_1,D3_2,F3_1,L3,L2,,,
396503,L2,L1,L3,L1,L1,L3,L2,L2,L1,C3_1,D3_2,F3_1,L3,L3,,,
396504,L2,L1,L3,L1,L1,L3,L2,L2,L1,C3_1,D3_2,F3_2,L1,L1,,,
396505,L2,L1,L3,L1,L1,L3,L2,L2,L1,C3_1,D3_2,F3_2,L1,L2,,,
396506,L2,L1,L3,L1,L1,L3,L2,L2,L1,C3_1,D3_2,F3_2,L1,L3,,,
396507,L2,L1,L3,L1,L1,L3,L2,L2,L1,C3_1,D3_2,F3_2,L2,L1,,,
396508,L2,L1,L3,L1,L1,L3,L2,L2,L1,C3_1,D3_2,F3_2,L2,L2,,,
396509,L2,L1,L3,L1,L1,L3,L2,L2,L1,C3_1,D3_2,F3_2,L2,L3,,,
396510,L2,L1,L3,L1,L1,L3,L2,L2,L1,C3_1,D3_2,F3_2,L3,L1,,,
396511,L2,L1,L3,L1,L1,L3,L2,L2,L1,C3_1,D3_2,F3_2,L3,L2,,,
396512,L2,L1,L3,L1,L1,L3,L2,L2,L1,C3_1,D3_2,F3_2,L3,L3,,,
396513,L2,L1,L3,L1,L1,L3,L2,L2,L1,C3_1,D3_2,F3_3,L1,L1,,,
396514,L2,L1,L3,L1,L1,L3,L2,L2,L1,C3_1,D3_2,F3_3,L1,L2,,,
396515,L2,L1,L3,L1,L1,L3,L2,L2,L1,C3_1,D3_2,F3_3,L1,L3,,,
396516,L2,L1,L3,L1,L1,L3,L2,L2,L1,C3_1,D3_2,F3_3,L2,L1,,,
396517,L2,L1,L3,L1,L1,L3,L2,L2,L1,C3_1,D3_2,F3_3,L2,L2,,,
396518,L2,L1,L3,L1,L1,L3,L2,L2,L1,C3_1,D3_2,F3_3,L2,L3,,,
396519,L2,L1,L3,L1,L1,L3,L2,L2,L1,C3_1,D3_2,F3_3,L3,L1,,,
396520,L2,L1,L3,L1,L1,L3,L2,L2,L1,C3_1,D3_2,F3_3,L3,L2,,,
396521,L2,L1,L3,L1,L1,L3,L2,L2,L1,C3_1,D3_2,F3_3,L3,L3,,,
396522,L2,L1,L3,L1,L1,L3,L2,L2,L1,C3_1,D3_3,F3_1,L1,L1,,,
396523,L2,L1,L3,L1,L1,L3,L2,L2,L1,C3_1,D3_3,F3_1,L1,L2,,,
396524,L2,L1,L3,L1,L1,L3,L2,L2,L1,C3_1,D3_3,F3_1,L1,L3,,,
396525,L2,L1,L3,L1,L1,L3,L2,L2,L1,C3_1,D3_3,F3_1,L2,L1,,,
396526,L2,L1,L3,L1,L1,L3,L2,L2,L1,C3_1,D3_3,F3_1,L2,L2,,,
396527,L2,L1,L3,L1,L1,L3,L2,L2,L1,C3_1,D3_3,F3_1,L2,L3,,,
396528,L2,L1,L3,L1,L1,L3,L2,L2,L1,C3_1,D3_3,F3_1,L3,L1,,,
396529,L2,L1,L3,L1,L1,L3,L2,L2,L1,C3_1,D3_3,F3_1,L3,L2,,,
396530,L2,L1,L3,L1,L1,L3,L2,L2,L1,C3_1,D3_3,F3_1,L3,L3,,,
396531,L2,L1,L3,L1,L1,L3,L2,L2,L1,C3_1,D3_3,F3_2,L1,L1,,,
396532,L2,L1,L3,L1,L1,L3,L2,L2,L1,C3_1,D3_3,F3_2,L1,L2,,,
396533,L2,L1,L3,L1,L1,L3,L2,L2,L1,C3_1,D3_3,F3_2,L1,L3,,,
396534,L2,L1,L3,L1,L1,L3,L2,L2,L1,C3_1,D3_3,F3_2,L2,L1,,,
396535,L2,L1,L3,L1,L1,L3,L2,L2,L1,C3_1,D3_3,F3_2,L2,L2,,,
396536,L2,L1,L3,L1,L1,L3,L2,L2,L1,C3_1,D3_3,F3_2,L2,L3,,,
396537,L2,L1,L3,L1,L1,L3,L2,L2,L1,C3_1,D3_3,F3_2,L3,L1,,,
396538,L2,L1,L3,L1,L1,L3,L2,L2,L1,C3_1,D3_3,F3_2,L3,L2,,,
396539,L2,L1,L3,L1,L1,L3,L2,L2,L1,C3_1,D3_3,F3_2,L3,L3,,,
396540,L2,L1,L3,L1,L1,L3,L2,L2,L1,C3_1,D3_3,F3_3,L1,L1,,,
396541,L2,L1,L3,L1,L1,L3,L2,L2,L1,C3_1,D3_3,F3_3,L1,L2,,,
396542,L2,L1,L3,L1,L1,L3,L2,L2,L1,C3_1,D3_3,F3_3,L1,L3,,,
396543,L2,L1,L3,L1,L1,L3,L2,L2,L1,C3_1,D3_3,F3_3,L2,L1,,,
396544,L2,L1,L3,L1,L1,L3,L2,L2,L1,C3_1,D3_3,F3_3,L2,L2,,,
396545,L2,L1,L3,L1,L1,L3,L2,L2,L1,C3_1,D3_3,F3_3,L2,L3,,,
396546,L2,L1,L3,L1,L1,L3,L2,L2,L1,C3_1,D3_3,F3_3,L3,L1,,,
396547,L2,L1,L3,L1,L1,L3,L2,L2,L1,C3_1,D3_3,F3_3,L3,L2,,,
396548,L2,L1,L3,L1,L1,L3,L2,L2,L1,C3_1,D3_3,F3_3,L3,L3,,,
396549,L2,L1,L3,L1,L1,L3,L2,L2,L1,C3_2,D3_1,F3_1,L1,L1,,,
396550,L2,L1,L3,L1,L1,L3,L2,L2,L1,C3_2,D3_1,F3_1,L1,L2,,,
396551,L2,L1,L3,L1,L1,L3,L2,L2,L1,C3_2,D3_1,F3_1,L1,L3,,,
396552,L2,L1,L3,L1,L1,L3,L2,L2,L1,C3_2,D3_1,F3_1,L2,L1,,,
396553,L2,L1,L3,L1,L1,L3,L2,L2,L1,C3_2,D3_1,F3_1,L2,L2,,,
396554,L2,L1,L3,L1,L1,L3,L2,L2,L1,C3_2,D3_1,F3_1,L2,L3,,,
396555,L2,L1,L3,L1,L1,L3,L2,L2,L1,C3_2,D3_1,F3_1,L3,L1,,,
396556,L2,L1,L3,L1,L1,L3,L2,L2,L1,C3_2,D3_1,F3_1,L3,L2,,,
396557,L2,L1,L3,L1,L1,L3,L2,L2,L1,C3_2,D3_1,F3_1,L3,L3,,,
396558,L2,L1,L3,L1,L1,L3,L2,L2,L1,C3_2,D3_1,F3_2,L1,L1,,,
396559,L2,L1,L3,L1,L1,L3,L2,L2,L1,C3_2,D3_1,F3_2,L1,L2,,,
396560,L2,L1,L3,L1,L1,L3,L2,L2,L1,C3_2,D3_1,F3_2,L1,L3,,,
396561,L2,L1,L3,L1,L1,L3,L2,L2,L1,C3_2,D3_1,F3_2,L2,L1,,,
396562,L2,L1,L3,L1,L1,L3,L2,L2,L1,C3_2,D3_1,F3_2,L2,L2,,,
396563,L2,L1,L3,L1,L1,L3,L2,L2,L1,C3_2,D3_1,F3_2,L2,L3,,,
396564,L2,L1,L3,L1,L1,L3,L2,L2,L1,C3_2,D3_1,F3_2,L3,L1,,,
396565,L2,L1,L3,L1,L1,L3,L2,L2,L1,C3_2,D3_1,F3_2,L3,L2,,,
396566,L2,L1,L3,L1,L1,L3,L2,L2,L1,C3_2,D3_1,F3_2,L3,L3,,,
396567,L2,L1,L3,L1,L1,L3,L2,L2,L1,C3_2,D3_1,F3_3,L1,L1,,,
396568,L2,L1,L3,L1,L1,L3,L2,L2,L1,C3_2,D3_1,F3_3,L1,L2,,,
396569,L2,L1,L3,L1,L1,L3,L2,L2,L1,C3_2,D3_1,F3_3,L1,L3,,,
396570,L2,L1,L3,L1,L1,L3,L2,L2,L1,C3_2,D3_1,F3_3,L2,L1,,,
396571,L2,L1,L3,L1,L1,L3,L2,L2,L1,C3_2,D3_1,F3_3,L2,L2,,,
396572,L2,L1,L3,L1,L1,L3,L2,L2,L1,C3_2,D3_1,F3_3,L2,L3,,,
396573,L2,L1,L3,L1,L1,L3,L2,L2,L1,C3_2,D3_1,F3_3,L3,L1,,,
396574,L2,L1,L3,L1,L1,L3,L2,L2,L1,C3_2,D3_1,F3_3,L3,L2,,,
396575,L2,L1,L3,L1,L1,L3,L2,L2,L1,C3_2,D3_1,F3_3,L3,L3,,,
396576,L2,L1,L3,L1,L1,L3,L2,L2,L1,C3_2,D3_2,F3_1,L1,L1,,,
396577,L2,L1,L3,L1,L1,L3,L2,L2,L1,C3_2,D3_2,F3_1,L1,L2,,,
396578,L2,L1,L3,L1,L1,L3,L2,L2,L1,C3_2,D3_2,F3_1,L1,L3,,,
396579,L2,L1,L3,L1,L1,L3,L2,L2,L1,C3_2,D3_2,F3_1,L2,L1,,,
396580,L2,L1,L3,L1,L1,L3,L2,L2,L1,C3_2,D3_2,F3_1,L2,L2,,,
396581,L2,L1,L3,L1,L1,L3,L2,L2,L1,C3_2,D3_2,F3_1,L2,L3,,,
396582,L2,L1,L3,L1,L1,L3,L2,L2,L1,C3_2,D3_2,F3_1,L3,L1,,,
396583,L2,L1,L3,L1,L1,L3,L2,L2,L1,C3_2,D3_2,F3_1,L3,L2,,,
396584,L2,L1,L3,L1,L1,L3,L2,L2,L1,C3_2,D3_2,F3_1,L3,L3,,,
396585,L2,L1,L3,L1,L1,L3,L2,L2,L1,C3_2,D3_2,F3_2,L1,L1,,,
396586,L2,L1,L3,L1,L1,L3,L2,L2,L1,C3_2,D3_2,F3_2,L1,L2,,,
396587,L2,L1,L3,L1,L1,L3,L2,L2,L1,C3_2,D3_2,F3_2,L1,L3,,,
396588,L2,L1,L3,L1,L1,L3,L2,L2,L1,C3_2,D3_2,F3_2,L2,L1,,,
396589,L2,L1,L3,L1,L1,L3,L2,L2,L1,C3_2,D3_2,F3_2,L2,L2,,,
396590,L2,L1,L3,L1,L1,L3,L2,L2,L1,C3_2,D3_2,F3_2,L2,L3,,,
396591,L2,L1,L3,L1,L1,L3,L2,L2,L1,C3_2,D3_2,F3_2,L3,L1,,,
396592,L2,L1,L3,L1,L1,L3,L2,L2,L1,C3_2,D3_2,F3_2,L3,L2,,,
396593,L2,L1,L3,L1,L1,L3,L2,L2,L1,C3_2,D3_2,F3_2,L3,L3,,,
396594,L2,L1,L3,L1,L1,L3,L2,L2,L1,C3_2,D3_2,F3_3,L1,L1,,,
396595,L2,L1,L3,L1,L1,L3,L2,L2,L1,C3_2,D3_2,F3_3,L1,L2,,,
396596,L2,L1,L3,L1,L1,L3,L2,L2,L1,C3_2,D3_2,F3_3,L1,L3,,,
396597,L2,L1,L3,L1,L1,L3,L2,L2,L1,C3_2,D3_2,F3_3,L2,L1,,,
396598,L2,L1,L3,L1,L1,L3,L2,L2,L1,C3_2,D3_2,F3_3,L2,L2,,,
396599,L2,L1,L3,L1,L1,L3,L2,L2,L1,C3_2,D3_2,F3_3,L2,L3,,,
396600,L2,L1,L3,L1,L1,L3,L2,L2,L1,C3_2,D3_2,F3_3,L3,L1,,,
396601,L2,L1,L3,L1,L1,L3,L2,L2,L1,C3_2,D3_2,F3_3,L3,L2,,,
396602,L2,L1,L3,L1,L1,L3,L2,L2,L1,C3_2,D3_2,F3_3,L3,L3,,,
396603,L2,L1,L3,L1,L1,L3,L2,L2,L1,C3_2,D3_3,F3_1,L1,L1,,,
396604,L2,L1,L3,L1,L1,L3,L2,L2,L1,C3_2,D3_3,F3_1,L1,L2,,,
396605,L2,L1,L3,L1,L1,L3,L2,L2,L1,C3_2,D3_3,F3_1,L1,L3,,,
396606,L2,L1,L3,L1,L1,L3,L2,L2,L1,C3_2,D3_3,F3_1,L2,L1,,,
396607,L2,L1,L3,L1,L1,L3,L2,L2,L1,C3_2,D3_3,F3_1,L2,L2,,,
396608,L2,L1,L3,L1,L1,L3,L2,L2,L1,C3_2,D3_3,F3_1,L2,L3,,,
396609,L2,L1,L3,L1,L1,L3,L2,L2,L1,C3_2,D3_3,F3_1,L3,L1,,,
396610,L2,L1,L3,L1,L1,L3,L2,L2,L1,C3_2,D3_3,F3_1,L3,L2,,,
396611,L2,L1,L3,L1,L1,L3,L2,L2,L1,C3_2,D3_3,F3_1,L3,L3,,,
396612,L2,L1,L3,L1,L1,L3,L2,L2,L1,C3_2,D3_3,F3_2,L1,L1,,,
396613,L2,L1,L3,L1,L1,L3,L2,L2,L1,C3_2,D3_3,F3_2,L1,L2,,,
396614,L2,L1,L3,L1,L1,L3,L2,L2,L1,C3_2,D3_3,F3_2,L1,L3,,,
396615,L2,L1,L3,L1,L1,L3,L2,L2,L1,C3_2,D3_3,F3_2,L2,L1,,,
396616,L2,L1,L3,L1,L1,L3,L2,L2,L1,C3_2,D3_3,F3_2,L2,L2,,,
396617,L2,L1,L3,L1,L1,L3,L2,L2,L1,C3_2,D3_3,F3_2,L2,L3,,,
396618,L2,L1,L3,L1,L1,L3,L2,L2,L1,C3_2,D3_3,F3_2,L3,L1,,,
396619,L2,L1,L3,L1,L1,L3,L2,L2,L1,C3_2,D3_3,F3_2,L3,L2,,,
396620,L2,L1,L3,L1,L1,L3,L2,L2,L1,C3_2,D3_3,F3_2,L3,L3,,,
396621,L2,L1,L3,L1,L1,L3,L2,L2,L1,C3_2,D3_3,F3_3,L1,L1,,,
396622,L2,L1,L3,L1,L1,L3,L2,L2,L1,C3_2,D3_3,F3_3,L1,L2,,,
396623,L2,L1,L3,L1,L1,L3,L2,L2,L1,C3_2,D3_3,F3_3,L1,L3,,,
396624,L2,L1,L3,L1,L1,L3,L2,L2,L1,C3_2,D3_3,F3_3,L2,L1,,,
396625,L2,L1,L3,L1,L1,L3,L2,L2,L1,C3_2,D3_3,F3_3,L2,L2,,,
396626,L2,L1,L3,L1,L1,L3,L2,L2,L1,C3_2,D3_3,F3_3,L2,L3,,,
396627,L2,L1,L3,L1,L1,L3,L2,L2,L1,C3_2,D3_3,F3_3,L3,L1,,,
396628,L2,L1,L3,L1,L1,L3,L2,L2,L1,C3_2,D3_3,F3_3,L3,L2,,,
396629,L2,L1,L3,L1,L1,L3,L2,L2,L1,C3_2,D3_3,F3_3,L3,L3,,,
396630,L2,L1,L3,L1,L1,L3,L2,L2,L1,C3_3,D3_1,F3_1,L1,L1,,,
396631,L2,L1,L3,L1,L1,L3,L2,L2,L1,C3_3,D3_1,F3_1,L1,L2,,,
396632,L2,L1,L3,L1,L1,L3,L2,L2,L1,C3_3,D3_1,F3_1,L1,L3,,,
396633,L2,L1,L3,L1,L1,L3,L2,L2,L1,C3_3,D3_1,F3_1,L2,L1,,,
396634,L2,L1,L3,L1,L1,L3,L2,L2,L1,C3_3,D3_1,F3_1,L2,L2,,,
396635,L2,L1,L3,L1,L1,L3,L2,L2,L1,C3_3,D3_1,F3_1,L2,L3,,,
396636,L2,L1,L3,L1,L1,L3,L2,L2,L1,C3_3,D3_1,F3_1,L3,L1,,,
396637,L2,L1,L3,L1,L1,L3,L2,L2,L1,C3_3,D3_1,F3_1,L3,L2,,,
396638,L2,L1,L3,L1,L1,L3,L2,L2,L1,C3_3,D3_1,F3_1,L3,L3,,,
396639,L2,L1,L3,L1,L1,L3,L2,L2,L1,C3_3,D3_1,F3_2,L1,L1,,,
396640,L2,L1,L3,L1,L1,L3,L2,L2,L1,C3_3,D3_1,F3_2,L1,L2,,,
396641,L2,L1,L3,L1,L1,L3,L2,L2,L1,C3_3,D3_1,F3_2,L1,L3,,,
396642,L2,L1,L3,L1,L1,L3,L2,L2,L1,C3_3,D3_1,F3_2,L2,L1,,,
396643,L2,L1,L3,L1,L1,L3,L2,L2,L1,C3_3,D3_1,F3_2,L2,L2,,,
396644,L2,L1,L3,L1,L1,L3,L2,L2,L1,C3_3,D3_1,F3_2,L2,L3,,,
396645,L2,L1,L3,L1,L1,L3,L2,L2,L1,C3_3,D3_1,F3_2,L3,L1,,,
396646,L2,L1,L3,L1,L1,L3,L2,L2,L1,C3_3,D3_1,F3_2,L3,L2,,,
396647,L2,L1,L3,L1,L1,L3,L2,L2,L1,C3_3,D3_1,F3_2,L3,L3,,,
396648,L2,L1,L3,L1,L1,L3,L2,L2,L1,C3_3,D3_1,F3_3,L1,L1,,,
396649,L2,L1,L3,L1,L1,L3,L2,L2,L1,C3_3,D3_1,F3_3,L1,L2,,,
396650,L2,L1,L3,L1,L1,L3,L2,L2,L1,C3_3,D3_1,F3_3,L1,L3,,,
396651,L2,L1,L3,L1,L1,L3,L2,L2,L1,C3_3,D3_1,F3_3,L2,L1,,,
396652,L2,L1,L3,L1,L1,L3,L2,L2,L1,C3_3,D3_1,F3_3,L2,L2,,,
396653,L2,L1,L3,L1,L1,L3,L2,L2,L1,C3_3,D3_1,F3_3,L2,L3,,,
396654,L2,L1,L3,L1,L1,L3,L2,L2,L1,C3_3,D3_1,F3_3,L3,L1,,,
396655,L2,L1,L3,L1,L1,L3,L2,L2,L1,C3_3,D3_1,F3_3,L3,L2,,,
396656,L2,L1,L3,L1,L1,L3,L2,L2,L1,C3_3,D3_1,F3_3,L3,L3,,,
396657,L2,L1,L3,L1,L1,L3,L2,L2,L1,C3_3,D3_2,F3_1,L1,L1,,,
396658,L2,L1,L3,L1,L1,L3,L2,L2,L1,C3_3,D3_2,F3_1,L1,L2,,,
396659,L2,L1,L3,L1,L1,L3,L2,L2,L1,C3_3,D3_2,F3_1,L1,L3,,,
396660,L2,L1,L3,L1,L1,L3,L2,L2,L1,C3_3,D3_2,F3_1,L2,L1,,,
396661,L2,L1,L3,L1,L1,L3,L2,L2,L1,C3_3,D3_2,F3_1,L2,L2,,,
396662,L2,L1,L3,L1,L1,L3,L2,L2,L1,C3_3,D3_2,F3_1,L2,L3,,,
396663,L2,L1,L3,L1,L1,L3,L2,L2,L1,C3_3,D3_2,F3_1,L3,L1,,,
396664,L2,L1,L3,L1,L1,L3,L2,L2,L1,C3_3,D3_2,F3_1,L3,L2,,,
396665,L2,L1,L3,L1,L1,L3,L2,L2,L1,C3_3,D3_2,F3_1,L3,L3,,,
396666,L2,L1,L3,L1,L1,L3,L2,L2,L1,C3_3,D3_2,F3_2,L1,L1,,,
396667,L2,L1,L3,L1,L1,L3,L2,L2,L1,C3_3,D3_2,F3_2,L1,L2,,,
396668,L2,L1,L3,L1,L1,L3,L2,L2,L1,C3_3,D3_2,F3_2,L1,L3,,,
396669,L2,L1,L3,L1,L1,L3,L2,L2,L1,C3_3,D3_2,F3_2,L2,L1,,,
396670,L2,L1,L3,L1,L1,L3,L2,L2,L1,C3_3,D3_2,F3_2,L2,L2,,,
396671,L2,L1,L3,L1,L1,L3,L2,L2,L1,C3_3,D3_2,F3_2,L2,L3,,,
396672,L2,L1,L3,L1,L1,L3,L2,L2,L1,C3_3,D3_2,F3_2,L3,L1,,,
396673,L2,L1,L3,L1,L1,L3,L2,L2,L1,C3_3,D3_2,F3_2,L3,L2,,,
396674,L2,L1,L3,L1,L1,L3,L2,L2,L1,C3_3,D3_2,F3_2,L3,L3,,,
396675,L2,L1,L3,L1,L1,L3,L2,L2,L1,C3_3,D3_2,F3_3,L1,L1,,,
396676,L2,L1,L3,L1,L1,L3,L2,L2,L1,C3_3,D3_2,F3_3,L1,L2,,,
396677,L2,L1,L3,L1,L1,L3,L2,L2,L1,C3_3,D3_2,F3_3,L1,L3,,,
396678,L2,L1,L3,L1,L1,L3,L2,L2,L1,C3_3,D3_2,F3_3,L2,L1,,,
396679,L2,L1,L3,L1,L1,L3,L2,L2,L1,C3_3,D3_2,F3_3,L2,L2,,,
396680,L2,L1,L3,L1,L1,L3,L2,L2,L1,C3_3,D3_2,F3_3,L2,L3,,,
396681,L2,L1,L3,L1,L1,L3,L2,L2,L1,C3_3,D3_2,F3_3,L3,L1,,,
396682,L2,L1,L3,L1,L1,L3,L2,L2,L1,C3_3,D3_2,F3_3,L3,L2,,,
396683,L2,L1,L3,L1,L1,L3,L2,L2,L1,C3_3,D3_2,F3_3,L3,L3,,,
396684,L2,L1,L3,L1,L1,L3,L2,L2,L1,C3_3,D3_3,F3_1,L1,L1,,,
396685,L2,L1,L3,L1,L1,L3,L2,L2,L1,C3_3,D3_3,F3_1,L1,L2,,,
396686,L2,L1,L3,L1,L1,L3,L2,L2,L1,C3_3,D3_3,F3_1,L1,L3,,,
396687,L2,L1,L3,L1,L1,L3,L2,L2,L1,C3_3,D3_3,F3_1,L2,L1,,,
396688,L2,L1,L3,L1,L1,L3,L2,L2,L1,C3_3,D3_3,F3_1,L2,L2,,,
396689,L2,L1,L3,L1,L1,L3,L2,L2,L1,C3_3,D3_3,F3_1,L2,L3,,,
396690,L2,L1,L3,L1,L1,L3,L2,L2,L1,C3_3,D3_3,F3_1,L3,L1,,,
396691,L2,L1,L3,L1,L1,L3,L2,L2,L1,C3_3,D3_3,F3_1,L3,L2,,,
396692,L2,L1,L3,L1,L1,L3,L2,L2,L1,C3_3,D3_3,F3_1,L3,L3,,,
396693,L2,L1,L3,L1,L1,L3,L2,L2,L1,C3_3,D3_3,F3_2,L1,L1,,,
396694,L2,L1,L3,L1,L1,L3,L2,L2,L1,C3_3,D3_3,F3_2,L1,L2,,,
396695,L2,L1,L3,L1,L1,L3,L2,L2,L1,C3_3,D3_3,F3_2,L1,L3,,,
396696,L2,L1,L3,L1,L1,L3,L2,L2,L1,C3_3,D3_3,F3_2,L2,L1,,,
396697,L2,L1,L3,L1,L1,L3,L2,L2,L1,C3_3,D3_3,F3_2,L2,L2,,,
396698,L2,L1,L3,L1,L1,L3,L2,L2,L1,C3_3,D3_3,F3_2,L2,L3,,,
396699,L2,L1,L3,L1,L1,L3,L2,L2,L1,C3_3,D3_3,F3_2,L3,L1,,,
396700,L2,L1,L3,L1,L1,L3,L2,L2,L1,C3_3,D3_3,F3_2,L3,L2,,,
396701,L2,L1,L3,L1,L1,L3,L2,L2,L1,C3_3,D3_3,F3_2,L3,L3,,,
396702,L2,L1,L3,L1,L1,L3,L2,L2,L1,C3_3,D3_3,F3_3,L1,L1,,,
396703,L2,L1,L3,L1,L1,L3,L2,L2,L1,C3_3,D3_3,F3_3,L1,L2,,,
396704,L2,L1,L3,L1,L1,L3,L2,L2,L1,C3_3,D3_3,F3_3,L1,L3,,,
396705,L2,L1,L3,L1,L1,L3,L2,L2,L1,C3_3,D3_3,F3_3,L2,L1,,,
396706,L2,L1,L3,L1,L1,L3,L2,L2,L1,C3_3,D3_3,F3_3,L2,L2,,,
396707,L2,L1,L3,L1,L1,L3,L2,L2,L1,C3_3,D3_3,F3_3,L2,L3,,,
396708,L2,L1,L3,L1,L1,L3,L2,L2,L1,C3_3,D3_3,F3_3,L3,L1,,,
396709,L2,L1,L3,L1,L1,L3,L2,L2,L1,C3_3,D3_3,F3_3,L3,L2,,,
396710,L2,L1,L3,L1,L1,L3,L2,L2,L1,C3_3,D3_3,F3_3,L3,L3,,,
433269,L3,L3,L2,L2,L1,L3,L2,L2,L1,C3_1,D3_1,F3_1,L1,L1,,,
433270,L3,L3,L2,L2,L1,L3,L2,L2,L1,C3_1,D3_1,F3_1,L1,L2,,,
433271,L3,L3,L2,L2,L1,L3,L2,L2,L1,C3_1,D3_1,F3_1,L1,L3,,,
433272,L3,L3,L2,L2,L1,L3,L2,L2,L1,C3_1,D3_1,F3_1,L2,L1,,,
433273,L3,L3,L2,L2,L1,L3,L2,L2,L1,C3_1,D3_1,F3_1,L2,L2,,,
433274,L3,L3,L2,L2,L1,L3,L2,L2,L1,C3_1,D3_1,F3_1,L2,L3,,,
433275,L3,L3,L2,L2,L1,L3,L2,L2,L1,C3_1,D3_1,F3_1,L3,L1,,,
433276,L3,L3,L2,L2,L1,L3,L2,L2,L1,C3_1,D3_1,F3_1,L3,L2,,,
433277,L3,L3,L2,L2,L1,L3,L2,L2,L1,C3_1,D3_1,F3_1,L3,L3,,,
433278,L3,L3,L2,L2,L1,L3,L2,L2,L1,C3_1,D3_1,F3_2,L1,L1,,,
433279,L3,L3,L2,L2,L1,L3,L2,L2,L1,C3_1,D3_1,F3_2,L1,L2,,,
433280,L3,L3,L2,L2,L1,L3,L2,L2,L1,C3_1,D3_1,F3_2,L1,L3,,,
433281,L3,L3,L2,L2,L1,L3,L2,L2,L1,C3_1,D3_1,F3_2,L2,L1,,,
433282,L3,L3,L2,L2,L1,L3,L2,L2,L1,C3_1,D3_1,F3_2,L2,L2,,,
433283,L3,L3,L2,L2,L1,L3,L2,L2,L1,C3_1,D3_1,F3_2,L2,L3,,,
433284,L3,L3,L2,L2,L1,L3,L2,L2,L1,C3_1,D3_1,F3_2,L3,L1,,,
433285,L3,L3,L2,L2,L1,L3,L2,L2,L1,C3_1,D3_1,F3_2,L3,L2,,,
433286,L3,L3,L2,L2,L1,L3,L2,L2,L1,C3_1,D3_1,F3_2,L3,L3,,,
433287,L3,L3,L2,L2,L1,L3,L2,L2,L1,C3_1,D3_1,F3_3,L1,L1,,,
433288,L3,L3,L2,L2,L1,L3,L2,L2,L1,C3_1,D3_1,F3_3,L1,L2,,,
433289,L3,L3,L2,L2,L1,L3,L2,L2,L1,C3_1,D3_1,F3_3,L1,L3,,,
433290,L3,L3,L2,L2,L1,L3,L2,L2,L1,C3_1,D3_1,F3_3,L2,L1,,,
433291,L3,L3,L2,L2,L1,L3,L2,L2,L1,C3_1,D3_1,F3_3,L2,L2,,,
433292,L3,L3,L2,L2,L1,L3,L2,L2,L1,C3_1,D3_1,F3_3,L2,L3,,,
433293,L3,L3,L2,L2,L1,L3,L2,L2,L1,C3_1,D3_1,F3_3,L3,L1,,,
433294,L3,L3,L2,L2,L1,L3,L2,L2,L1,C3_1,D3_1,F3_3,L3,L2,,,
433295,L3,L3,L2,L2,L1,L3,L2,L2,L1,C3_1,D3_1,F3_3,L3,L3,,,
433296,L3,L3,L2,L2,L1,L3,L2,L2,L1,C3_1,D3_2,F3_1,L1,L1,,,
433297,L3,L3,L2,L2,L1,L3,L2,L2,L1,C3_1,D3_2,F3_1,L1,L2,,,
433298,L3,L3,L2,L2,L1,L3,L2,L2,L1,C3_1,D3_2,F3_1,L1,L3,,,
433299,L3,L3,L2,L2,L1,L3,L2,L2,L1,C3_1,D3_2,F3_1,L2,L1,,,
433300,L3,L3,L2,L2,L1,L3,L2,L2,L1,C3_1,D3_2,F3_1,L2,L2,,,
433301,L3,L3,L2,L2,L1,L3,L2,L2,L1,C3_1,D3_2,F3_1,L2,L3,,,
433302,L3,L3,L2,L2,L1,L3,L2,L2,L1,C3_1,D3_2,F3_1,L3,L1,,,
433303,L3,L3,L2,L2,L1,L3,L2,L2,L1,C3_1,D3_2,F3_1,L3,L2,,,
433304,L3,L3,L2,L2,L1,L3,L2,L2,L1,C3_1,D3_2,F3_1,L3,L3,,,
433305,L3,L3,L2,L2,L1,L3,L2,L2,L1,C3_1,D3_2,F3_2,L1,L1,,,
433306,L3,L3,L2,L2,L1,L3,L2,L2,L1,C3_1,D3_2,F3_2,L1,L2,,,
433307,L3,L3,L2,L2,L1,L3,L2,L2,L1,C3_1,D3_2,F3_2,L1,L3,,,
433308,L3,L3,L2,L2,L1,L3,L2,L2,L1,C3_1,D3_2,F3_2,L2,L1,,,
433309,L3,L3,L2,L2,L1,L3,L2,L2,L1,C3_1,D3_2,F3_2,L2,L2,,,
433310,L3,L3,L2,L2,L1,L3,L2,L2,L1,C3_1,D3_2,F3_2,L2,L3,,,
433311,L3,L3,L2,L2,L1,L3,L2,L2,L1,C3_1,D3_2,F3_2,L3,L1,,,
433312,L3,L3,L2,L2,L1,L3,L2,L2,L1,C3_1,D3_2,F3_2,L3,L2,,,
433313,L3,L3,L2,L2,L1,L3,L2,L2,L1,C3_1,D3_2,F3_2,L3,L3,,,
433314,L3,L3,L2,L2,L1,L3,L2,L2,L1,C3_1,D3_2,F3_3,L1,L1,,,
433315,L3,L3,L2,L2,L1,L3,L2,L2,L1,C3_1,D3_2,F3_3,L1,L2,,,
433316,L3,L3,L2,L2,L1,L3,L2,L2,L1,C3_1,D3_2,F3_3,L1,L3,,,
433317,L3,L3,L2,L2,L1,L3,L2,L2,L1,C3_1,D3_2,F3_3,L2,L1,,,
433318,L3,L3,L2,L2,L1,L3,L2,L2,L1,C3_1,D3_2,F3_3,L2,L2,,,
433319,L3,L3,L2,L2,L1,L3,L2,L2,L1,C3_1,D3_2,F3_3,L2,L3,,,
433320,L3,L3,L2,L2,L1,L3,L2,L2,L1,C3_1,D3_2,F3_3,L3,L1,,,
433321,L3,L3,L2,L2,L1,L3,L2,L2,L1,C3_1,D3_2,F3_3,L3,L2,,,
433322,L3,L3,L2,L2,L1,L3,L2,L2,L1,C3_1,D3_2,F3_3,L3,L3,,,
433323,L3,L3,L2,L2,L1,L3,L2,L2,L1,C3_1,D3_3,F3_1,L1,L1,,,
433324,L3,L3,L2,L2,L1,L3,L2,L2,L1,C3_1,D3_3,F3_1,L1,L2,,,
433325,L3,L3,L2,L2,L1,L3,L2,L2,L1,C3_1,D3_3,F3_1,L1,L3,,,
433326,L3,L3,L2,L2,L1,L3,L2,L2,L1,C3_1,D3_3,F3_1,L2,L1,,,
433327,L3,L3,L2,L2,L1,L3,L2,L2,L1,C3_1,D3_3,F3_1,L2,L2,,,
433328,L3,L3,L2,L2,L1,L3,L2,L2,L1,C3_1,D3_3,F3_1,L2,L3,,,
433329,L3,L3,L2,L2,L1,L3,L2,L2,L1,C3_1,D3_3,F3_1,L3,L1,,,
433330,L3,L3,L2,L2,L1,L3,L2,L2,L1,C3_1,D3_3,F3_1,L3,L2,,,
433331,L3,L3,L2,L2,L1,L3,L2,L2,L1,C3_1,D3_3,F3_1,L3,L3,,,
433332,L3,L3,L2,L2,L1,L3,L2,L2,L1,C3_1,D3_3,F3_2,L1,L1,,,
433333,L3,L3,L2,L2,L1,L3,L2,L2,L1,C3_1,D3_3,F3_2,L1,L2,,,
433334,L3,L3,L2,L2,L1,L3,L2,L2,L1,C3_1,D3_3,F3_2,L1,L3,,,
433335,L3,L3,L2,L2,L1,L3,L2,L2,L1,C3_1,D3_3,F3_2,L2,L1,,,
433336,L3,L3,L2,L2,L1,L3,L2,L2,L1,C3_1,D3_3,F3_2,L2,L2,,,
433337,L3,L3,L2,L2,L1,L3,L2,L2,L1,C3_1,D3_3,F3_2,L2,L3,,,
433338,L3,L3,L2,L2,L1,L3,L2,L2,L1,C3_1,D3_3,F3_2,L3,L1,,,
433339,L3,L3,L2,L2,L1,L3,L2,L2,L1,C3_1,D3_3,F3_2,L3,L2,,,
433340,L3,L3,L2,L2,L1,L3,L2,L2,L1,C3_1,D3_3,F3_2,L3,L3,,,
433341,L3,L3,L2,L2,L1,L3,L2,L2,L1,C3_1,D3_3,F3_3,L1,L1,,,
433342,L3,L3,L2,L2,L1,L3,L2,L2,L1,C3_1,D3_3,F3_3,L1,L2,,,
433343,L3,L3,L2,L2,L1,L3,L2,L2,L1,C3_1,D3_3,F3_3,L1,L3,,,
433344,L3,L3,L2,L2,L1,L3,L2,L2,L1,C3_1,D3_3,F3_3,L2,L1,,,
433345,L3,L3,L2,L2,L1,L3,L2,L2,L1,C3_1,D3_3,F3_3,L2,L2,,,
433346,L3,L3,L2,L2,L1,L3,L2,L2,L1,C3_1,D3_3,F3_3,L2,L3,,,
433347,L3,L3,L2,L2,L1,L3,L2,L2,L1,C3_1,D3_3,F3_3,L3,L1,,,
433348,L3,L3,L2,L2,L1,L3,L2,L2,L1,C3_1,D3_3,F3_3,L3,L2,,,
433349,L3,L3,L2,L2,L1,L3,L2,L2,L1,C3_1,D3_3,F3_3,L3,L3,,,
433350,L3,L3,L2,L2,L1,L3,L2,L2,L1,C3_2,D3_1,F3_1,L1,L1,,,
433351,L3,L3,L2,L2,L1,L3,L2,L2,L1,C3_2,D3_1,F3_1,L1,L2,,,
433352,L3,L3,L2,L2,L1,L3,L2,L2,L1,C3_2,D3_1,F3_1,L1,L3,,,
433353,L3,L3,L2,L2,L1,L3,L2,L2,L1,C3_2,D3_1,F3_1,L2,L1,,,
433354,L3,L3,L2,L2,L1,L3,L2,L2,L1,C3_2,D3_1,F3_1,L2,L2,,,
433355,L3,L3,L2,L2,L1,L3,L2,L2,L1,C3_2,D3_1,F3_1,L2,L3,,,
433356,L3,L3,L2,L2,L1,L3,L2,L2,L1,C3_2,D3_1,F3_1,L3,L1,,,
433357,L3,L3,L2,L2,L1,L3,L2,L2,L1,C3_2,D3_1,F3_1,L3,L2,,,
433358,L3,L3,L2,L2,L1,L3,L2,L2,L1,C3_2,D3_1,F3_1,L3,L3,,,
433359,L3,L3,L2,L2,L1,L3,L2,L2,L1,C3_2,D3_1,F3_2,L1,L1,,,
433360,L3,L3,L2,L2,L1,L3,L2,L2,L1,C3_2,D3_1,F3_2,L1,L2,,,
433361,L3,L3,L2,L2,L1,L3,L2,L2,L1,C3_2,D3_1,F3_2,L1,L3,,,
433362,L3,L3,L2,L2,L1,L3,L2,L2,L1,C3_2,D3_1,F3_2,L2,L1,,,
433363,L3,L3,L2,L2,L1,L3,L2,L2,L1,C3_2,D3_1,F3_2,L2,L2,,,
433364,L3,L3,L2,L2,L1,L3,L2,L2,L1,C3_2,D3_1,F3_2,L2,L3,,,
433365,L3,L3,L2,L2,L1,L3,L2,L2,L1,C3_2,D3_1,F3_2,L3,L1,,,
433366,L3,L3,L2,L2,L1,L3,L2,L2,L1,C3_2,D3_1,F3_2,L3,L2,,,
433367,L3,L3,L2,L2,L1,L3,L2,L2,L1,C3_2,D3_1,F3_2,L3,L3,,,
433368,L3,L3,L2,L2,L1,L3,L2,L2,L1,C3_2,D3_1,F3_3,L1,L1,,,
433369,L3,L3,L2,L2,L1,L3,L2,L2,L1,C3_2,D3_1,F3_3,L1,L2,,,
433370,L3,L3,L2,L2,L1,L3,L2,L2,L1,C3_2,D3_1,F3_3,L1,L3,,,
433371,L3,L3,L2,L2,L1,L3,L2,L2,L1,C3_2,D3_1,F3_3,L2,L1,,,
433372,L3,L3,L2,L2,L1,L3,L2,L2,L1,C3_2,D3_1,F3_3,L2,L2,,,
433373,L3,L3,L2,L2,L1,L3,L2,L2,L1,C3_2,D3_1,F3_3,L2,L3,,,
433374,L3,L3,L2,L2,L1,L3,L2,L2,L1,C3_2,D3_1,F3_3,L3,L1,,,
433375,L3,L3,L2,L2,L1,L3,L2,L2,L1,C3_2,D3_1,F3_3,L3,L2,,,
433376,L3,L3,L2,L2,L1,L3,L2,L2,L1,C3_2,D3_1,F3_3,L3,L3,,,
433377,L3,L3,L2,L2,L1,L3,L2,L2,L1,C3_2,D3_2,F3_1,L1,L1,,,
433378,L3,L3,L2,L2,L1,L3,L2,L2,L1,C3_2,D3_2,F3_1,L1,L2,,,
433379,L3,L3,L2,L2,L1,L3,L2,L2,L1,C3_2,D3_2,F3_1,L1,L3,,,
433380,L3,L3,L2,L2,L1,L3,L2,L2,L1,C3_2,D3_2,F3_1,L2,L1,,,
433381,L3,L3,L2,L2,L1,L3,L2,L2,L1,C3_2,D3_2,F3_1,L2,L2,,,
433382,L3,L3,L2,L2,L1,L3,L2,L2,L1,C3_2,D3_2,F3_1,L2,L3,,,
433383,L3,L3,L2,L2,L1,L3,L2,L2,L1,C3_2,D3_2,F3_1,L3,L1,,,
433384,L3,L3,L2,L2,L1,L3,L2,L2,L1,C3_2,D3_2,F3_1,L3,L2,,,
433385,L3,L3,L2,L2,L1,L3,L2,L2,L1,C3_2,D3_2,F3_1,L3,L3,,,
433386,L3,L3,L2,L2,L1,L3,L2,L2,L1,C3_2,D3_2,F3_2,L1,L1,,,
433387,L3,L3,L2,L2,L1,L3,L2,L2,L1,C3_2,D3_2,F3_2,L1,L2,,,
433388,L3,L3,L2,L2,L1,L3,L2,L2,L1,C3_2,D3_2,F3_2,L1,L3,,,
433389,L3,L3,L2,L2,L1,L3,L2,L2,L1,C3_2,D3_2,F3_2,L2,L1,,,
433390,L3,L3,L2,L2,L1,L3,L2,L2,L1,C3_2,D3_2,F3_2,L2,L2,,,
433391,L3,L3,L2,L2,L1,L3,L2,L2,L1,C3_2,D3_2,F3_2,L2,L3,,,
433392,L3,L3,L2,L2,L1,L3,L2,L2,L1,C3_2,D3_2,F3_2,L3,L1,,,
433393,L3,L3,L2,L2,L1,L3,L2,L2,L1,C3_2,D3_2,F3_2,L3,L2,,,
433394,L3,L3,L2,L2,L1,L3,L2,L2,L1,C3_2,D3_2,F3_2,L3,L3,,,
433395,L3,L3,L2,L2,L1,L3,L2,L2,L1,C3_2,D3_2,F3_3,L1,L1,,,
433396,L3,L3,L2,L2,L1,L3,L2,L2,L1,C3_2,D3_2,F3_3,L1,L2,,,
433397,L3,L3,L2,L2,L1,L3,L2,L2,L1,C3_2,D3_2,F3_3,L1,L3,,,
433398,L3,L3,L2,L2,L1,L3,L2,L2,L1,C3_2,D3_2,F3_3,L2,L1,,,
433399,L3,L3,L2,L2,L1,L3,L2,L2,L1,C3_2,D3_2,F3_3,L2,L2,,,
433400,L3,L3,L2,L2,L1,L3,L2,L2,L1,C3_2,D3_2,F3_3,L2,L3,,,
433401,L3,L3,L2,L2,L1,L3,L2,L2,L1,C3_2,D3_2,F3_3,L3,L1,,,
433402,L3,L3,L2,L2,L1,L3,L2,L2,L1,C3_2,D3_2,F3_3,L3,L2,,,
433403,L3,L3,L2,L2,L1,L3,L2,L2,L1,C3_2,D3_2,F3_3,L3,L3,,,
433404,L3,L3,L2,L2,L1,L3,L2,L2,L1,C3_2,D3_3,F3_1,L1,L1,,,
433405,L3,L3,L2,L2,L1,L3,L2,L2,L1,C3_2,D3_3,F3_1,L1,L2,,,
433406,L3,L3,L2,L2,L1,L3,L2,L2,L1,C3_2,D3_3,F3_1,L1,L3,,,
433407,L3,L3,L2,L2,L1,L3,L2,L2,L1,C3_2,D3_3,F3_1,L2,L1,,,
433408,L3,L3,L2,L2,L1,L3,L2,L2,L1,C3_2,D3_3,F3_1,L2,L2,,,
433409,L3,L3,L2,L2,L1,L3,L2,L2,L1,C3_2,D3_3,F3_1,L2,L3,,,
433410,L3,L3,L2,L2,L1,L3,L2,L2,L1,C3_2,D3_3,F3_1,L3,L1,,,
433411,L3,L3,L2,L2,L1,L3,L2,L2,L1,C3_2,D3_3,F3_1,L3,L2,,,
433412,L3,L3,L2,L2,L1,L3,L2,L2,L1,C3_2,D3_3,F3_1,L3,L3,,,
433413,L3,L3,L2,L2,L1,L3,L2,L2,L1,C3_2,D3_3,F3_2,L1,L1,,,
433414,L3,L3,L2,L2,L1,L3,L2,L2,L1,C3_2,D3_3,F3_2,L1,L2,,,
433415,L3,L3,L2,L2,L1,L3,L2,L2,L1,C3_2,D3_3,F3_2,L1,L3,,,
433416,L3,L3,L2,L2,L1,L3,L2,L2,L1,C3_2,D3_3,F3_2,L2,L1,,,
433417,L3,L3,L2,L2,L1,L3,L2,L2,L1,C3_2,D3_3,F3_2,L2,L2,,,
433418,L3,L3,L2,L2,L1,L3,L2,L2,L1,C3_2,D3_3,F3_2,L2,L3,,,
433419,L3,L3,L2,L2,L1,L3,L2,L2,L1,C3_2,D3_3,F3_2,L3,L1,,,
433420,L3,L3,L2,L2,L1,L3,L2,L2,L1,C3_2,D3_3,F3_2,L3,L2,,,
433421,L3,L3,L2,L2,L1,L3,L2,L2,L1,C3_2,D3_3,F3_2,L3,L3,,,
433422,L3,L3,L2,L2,L1,L3,L2,L2,L1,C3_2,D3_3,F3_3,L1,L1,,,
433423,L3,L3,L2,L2,L1,L3,L2,L2,L1,C3_2,D3_3,F3_3,L1,L2,,,
433424,L3,L3,L2,L2,L1,L3,L2,L2,L1,C3_2,D3_3,F3_3,L1,L3,,,
433425,L3,L3,L2,L2,L1,L3,L2,L2,L1,C3_2,D3_3,F3_3,L2,L1,,,
433426,L3,L3,L2,L2,L1,L3,L2,L2,L1,C3_2,D3_3,F3_3,L2,L2,,,
433427,L3,L3,L2,L2,L1,L3,L2,L2,L1,C3_2,D3_3,F3_3,L2,L3,,,
433428,L3,L3,L2,L2,L1,L3,L2,L2,L1,C3_2,D3_3,F3_3,L3,L1,,,
433429,L3,L3,L2,L2,L1,L3,L2,L2,L1,C3_2,D3_3,F3_3,L3,L2,,,
433430,L3,L3,L2,L2,L1,L3,L2,L2,L1,C3_2,D3_3,F3_3,L3,L3,,,
433431,L3,L3,L2,L2,L1,L3,L2,L2,L1,C3_3,D3_1,F3_1,L1,L1,,,
433432,L3,L3,L2,L2,L1,L3,L2,L2,L1,C3_3,D3_1,F3_1,L1,L2,,,
433433,L3,L3,L2,L2,L1,L3,L2,L2,L1,C3_3,D3_1,F3_1,L1,L3,,,
433434,L3,L3,L2,L2,L1,L3,L2,L2,L1,C3_3,D3_1,F3_1,L2,L1,,,
433435,L3,L3,L2,L2,L1,L3,L2,L2,L1,C3_3,D3_1,F3_1,L2,L2,,,
433436,L3,L3,L2,L2,L1,L3,L2,L2,L1,C3_3,D3_1,F3_1,L2,L3,,,
433437,L3,L3,L2,L2,L1,L3,L2,L2,L1,C3_3,D3_1,F3_1,L3,L1,,,
433438,L3,L3,L2,L2,L1,L3,L2,L2,L1,C3_3,D3_1,F3_1,L3,L2,,,
433439,L3,L3,L2,L2,L1,L3,L2,L2,L1,C3_3,D3_1,F3_1,L3,L3,,,
433440,L3,L3,L2,L2,L1,L3,L2,L2,L1,C3_3,D3_1,F3_2,L1,L1,,,
433441,L3,L3,L2,L2,L1,L3,L2,L2,L1,C3_3,D3_1,F3_2,L1,L2,,,
433442,L3,L3,L2,L2,L1,L3,L2,L2,L1,C3_3,D3_1,F3_2,L1,L3,,,
433443,L3,L3,L2,L2,L1,L3,L2,L2,L1,C3_3,D3_1,F3_2,L2,L1,,,
433444,L3,L3,L2,L2,L1,L3,L2,L2,L1,C3_3,D3_1,F3_2,L2,L2,,,
433445,L3,L3,L2,L2,L1,L3,L2,L2,L1,C3_3,D3_1,F3_2,L2,L3,,,
433446,L3,L3,L2,L2,L1,L3,L2,L2,L1,C3_3,D3_1,F3_2,L3,L1,,,
433447,L3,L3,L2,L2,L1,L3,L2,L2,L1,C3_3,D3_1,F3_2,L3,L2,,,
433448,L3,L3,L2,L2,L1,L3,L2,L2,L1,C3_3,D3_1,F3_2,L3,L3,,,
433449,L3,L3,L2,L2,L1,L3,L2,L2,L1,C3_3,D3_1,F3_3,L1,L1,,,
433450,L3,L3,L2,L2,L1,L3,L2,L2,L1,C3_3,D3_1,F3_3,L1,L2,,,
433451,L3,L3,L2,L2,L1,L3,L2,L2,L1,C3_3,D3_1,F3_3,L1,L3,,,
433452,L3,L3,L2,L2,L1,L3,L2,L2,L1,C3_3,D3_1,F3_3,L2,L1,,,
433453,L3,L3,L2,L2,L1,L3,L2,L2,L1,C3_3,D3_1,F3_3,L2,L2,,,
433454,L3,L3,L2,L2,L1,L3,L2,L2,L1,C3_3,D3_1,F3_3,L2,L3,,,
433455,L3,L3,L2,L2,L1,L3,L2,L2,L1,C3_3,D3_1,F3_3,L3,L1,,,
433456,L3,L3,L2,L2,L1,L3,L2,L2,L1,C3_3,D3_1,F3_3,L3,L2,,,
433457,L3,L3,L2,L2,L1,L3,L2,L2,L1,C3_3,D3_1,F3_3,L3,L3,,,
433458,L3,L3,L2,L2,L1,L3,L2,L2,L1,C3_3,D3_2,F3_1,L1,L1,,,
433459,L3,L3,L2,L2,L1,L3,L2,L2,L1,C3_3,D3_2,F3_1,L1,L2,,,
433460,L3,L3,L2,L2,L1,L3,L2,L2,L1,C3_3,D3_2,F3_1,L1,L3,,,
433461,L3,L3,L2,L2,L1,L3,L2,L2,L1,C3_3,D3_2,F3_1,L2,L1,,,
433462,L3,L3,L2,L2,L1,L3,L2,L2,L1,C3_3,D3_2,F3_1,L2,L2,,,
433463,L3,L3,L2,L2,L1,L3,L2,L2,L1,C3_3,D3_2,F3_1,L2,L3,,,
433464,L3,L3,L2,L2,L1,L3,L2,L2,L1,C3_3,D3_2,F3_1,L3,L1,,,
433465,L3,L3,L2,L2,L1,L3,L2,L2,L1,C3_3,D3_2,F3_1,L3,L2,,,
433466,L3,L3,L2,L2,L1,L3,L2,L2,L1,C3_3,D3_2,F3_1,L3,L3,,,
433467,L3,L3,L2,L2,L1,L3,L2,L2,L1,C3_3,D3_2,F3_2,L1,L1,,,
433468,L3,L3,L2,L2,L1,L3,L2,L2,L1,C3_3,D3_2,F3_2,L1,L2,,,
433469,L3,L3,L2,L2,L1,L3,L2,L2,L1,C3_3,D3_2,F3_2,L1,L3,,,
433470,L3,L3,L2,L2,L1,L3,L2,L2,L1,C3_3,D3_2,F3_2,L2,L1,,,
433471,L3,L3,L2,L2,L1,L3,L2,L2,L1,C3_3,D3_2,F3_2,L2,L2,,,
433472,L3,L3,L2,L2,L1,L3,L2,L2,L1,C3_3,D3_2,F3_2,L2,L3,,,
433473,L3,L3,L2,L2,L1,L3,L2,L2,L1,C3_3,D3_2,F3_2,L3,L1,,,
433474,L3,L3,L2,L2,L1,L3,L2,L2,L1,C3_3,D3_2,F3_2,L3,L2,,,
433475,L3,L3,L2,L2,L1,L3,L2,L2,L1,C3_3,D3_2,F3_2,L3,L3,,,
433476,L3,L3,L2,L2,L1,L3,L2,L2,L1,C3_3,D3_2,F3_3,L1,L1,,,
433477,L3,L3,L2,L2,L1,L3,L2,L2,L1,C3_3,D3_2,F3_3,L1,L2,,,
433478,L3,L3,L2,L2,L1,L3,L2,L2,L1,C3_3,D3_2,F3_3,L1,L3,,,
433479,L3,L3,L2,L2,L1,L3,L2,L2,L1,C3_3,D3_2,F3_3,L2,L1,,,
433480,L3,L3,L2,L2,L1,L3,L2,L2,L1,C3_3,D3_2,F3_3,L2,L2,,,
433481,L3,L3,L2,L2,L1,L3,L2,L2,L1,C3_3,D3_2,F3_3,L2,L3,,,
433482,L3,L3,L2,L2,L1,L3,L2,L2,L1,C3_3,D3_2,F3_3,L3,L1,,,
433483,L3,L3,L2,L2,L1,L3,L2,L2,L1,C3_3,D3_2,F3_3,L3,L2,,,
433484,L3,L3,L2,L2,L1,L3,L2,L2,L1,C3_3,D3_2,F3_3,L3,L3,,,
433485,L3,L3,L2,L2,L1,L3,L2,L2,L1,C3_3,D3_3,F3_1,L1,L1,,,
433486,L3,L3,L2,L2,L1,L3,L2,L2,L1,C3_3,D3_3,F3_1,L1,L2,,,
433487,L3,L3,L2,L2,L1,L3,L2,L2,L1,C3_3,D3_3,F3_1,L1,L3,,,
433488,L3,L3,L2,L2,L1,L3,L2,L2,L1,C3_3,D3_3,F3_1,L2,L1,,,
433489,L3,L3,L2,L2,L1,L3,L2,L2,L1,C3_3,D3_3,F3_1,L2,L2,,,
433490,L3,L3,L2,L2,L1,L3,L2,L2,L1,C3_3,D3_3,F3_1,L2,L3,,,
433491,L3,L3,L2,L2,L1,L3,L2,L2,L1,C3_3,D3_3,F3_1,L3,L1,,,
433492,L3,L3,L2,L2,L1,L3,L2,L2,L1,C3_3,D3_3,F3_1,L3,L2,,,
433493,L3,L3,L2,L2,L1,L3,L2,L2,L1,C3_3,D3_3,F3_1,L3,L3,,,
433494,L3,L3,L2,L2,L1,L3,L2,L2,L1,C3_3,D3_3,F3_2,L1,L1,,,
433495,L3,L3,L2,L2,L1,L3,L2,L2,L1,C3_3,D3_3,F3_2,L1,L2,,,
433496,L3,L3,L2,L2,L1,L3,L2,L2,L1,C3_3,D3_3,F3_2,L1,L3,,,
433497,L3,L3,L2,L2,L1,L3,L2,L2,L1,C3_3,D3_3,F3_2,L2,L1,,,
433498,L3,L3,L2,L2,L1,L3,L2,L2,L1,C3_3,D3_3,F3_2,L2,L2,,,
433499,L3,L3,L2,L2,L1,L3,L2,L2,L1,C3_3,D3_3,F3_2,L2,L3,,,
433500,L3,L3,L2,L2,L1,L3,L2,L2,L1,C3_3,D3_3,F3_2,L3,L1,,,
433501,L3,L3,L2,L2,L1,L3,L2,L2,L1,C3_3,D3_3,F3_2,L3,L2,,,
433502,L3,L3,L2,L2,L1,L3,L2,L2,L1,C3_3,D3_3,F3_2,L3,L3,,,
433503,L3,L3,L2,L2,L1,L3,L2,L2,L1,C3_3,D3_3,F3_3,L1,L1,,,
433504,L3,L3,L2,L2,L1,L3,L2,L2,L1,C3_3,D3_3,F3_3,L1,L2,,,
433505,L3,L3,L2,L2,L1,L3,L2,L2,L1,C3_3,D3_3,F3_3,L1,L3,,,
433506,L3,L3,L2,L2,L1,L3,L2,L2,L1,C3_3,D3_3,F3_3,L2,L1,,,
433507,L3,L3,L2,L2,L1,L3,L2,L2,L1,C3_3,D3_3,F3_3,L2,L2,,,
433508,L3,L3,L2,L2,L1,L3,L2,L2,L1,C3_3,D3_3,F3_3,L2,L3,,,
433509,L3,L3,L2,L2,L1,L3,L2,L2,L1,C3_3,D3_3,F3_3,L3,L1,,,
433510,L3,L3,L2,L2,L1,L3,L2,L2,L1,C3_3,D3_3,F3_3,L3,L2,,,
433511,L3,L3,L2,L2,L1,L3,L2,L2,L1,C3_3,D3_3,F3_3,L3,L3,,,
439452,L1,L1,L2,L2,L2,L3,L2,L2,L1,C3_1,D3_1,F3_1,L1,L1,,,
439453,L1,L1,L2,L2,L2,L3,L2,L2,L1,C3_1,D3_1,F3_1,L1,L2,,,
439454,L1,L1,L2,L2,L2,L3,L2,L2,L1,C3_1,D3_1,F3_1,L1,L3,,,
439455,L1,L1,L2,L2,L2,L3,L2,L2,L1,C3_1,D3_1,F3_1,L2,L1,,,
439456,L1,L1,L2,L2,L2,L3,L2,L2,L1,C3_1,D3_1,F3_1,L2,L2,,,
439457,L1,L1,L2,L2,L2,L3,L2,L2,L1,C3_1,D3_1,F3_1,L2,L3,,,
439458,L1,L1,L2,L2,L2,L3,L2,L2,L1,C3_1,D3_1,F3_1,L3,L1,,,
439459,L1,L1,L2,L2,L2,L3,L2,L2,L1,C3_1,D3_1,F3_1,L3,L2,,,
439460,L1,L1,L2,L2,L2,L3,L2,L2,L1,C3_1,D3_1,F3_1,L3,L3,,,
439461,L1,L1,L2,L2,L2,L3,L2,L2,L1,C3_1,D3_1,F3_2,L1,L1,,,
439462,L1,L1,L2,L2,L2,L3,L2,L2,L1,C3_1,D3_1,F3_2,L1,L2,,,
439463,L1,L1,L2,L2,L2,L3,L2,L2,L1,C3_1,D3_1,F3_2,L1,L3,,,
439464,L1,L1,L2,L2,L2,L3,L2,L2,L1,C3_1,D3_1,F3_2,L2,L1,,,
439465,L1,L1,L2,L2,L2,L3,L2,L2,L1,C3_1,D3_1,F3_2,L2,L2,,,
439466,L1,L1,L2,L2,L2,L3,L2,L2,L1,C3_1,D3_1,F3_2,L2,L3,,,
439467,L1,L1,L2,L2,L2,L3,L2,L2,L1,C3_1,D3_1,F3_2,L3,L1,,,
439468,L1,L1,L2,L2,L2,L3,L2,L2,L1,C3_1,D3_1,F3_2,L3,L2,,,
439469,L1,L1,L2,L2,L2,L3,L2,L2,L1,C3_1,D3_1,F3_2,L3,L3,,,
439470,L1,L1,L2,L2,L2,L3,L2,L2,L1,C3_1,D3_1,F3_3,L1,L1,,,
439471,L1,L1,L2,L2,L2,L3,L2,L2,L1,C3_1,D3_1,F3_3,L1,L2,,,
439472,L1,L1,L2,L2,L2,L3,L2,L2,L1,C3_1,D3_1,F3_3,L1,L3,,,
439473,L1,L1,L2,L2,L2,L3,L2,L2,L1,C3_1,D3_1,F3_3,L2,L1,,,
439474,L1,L1,L2,L2,L2,L3,L2,L2,L1,C3_1,D3_1,F3_3,L2,L2,,,
439475,L1,L1,L2,L2,L2,L3,L2,L2,L1,C3_1,D3_1,F3_3,L2,L3,,,
439476,L1,L1,L2,L2,L2,L3,L2,L2,L1,C3_1,D3_1,F3_3,L3,L1,,,
439477,L1,L1,L2,L2,L2,L3,L2,L2,L1,C3_1,D3_1,F3_3,L3,L2,,,
439478,L1,L1,L2,L2,L2,L3,L2,L2,L1,C3_1,D3_1,F3_3,L3,L3,,,
439479,L1,L1,L2,L2,L2,L3,L2,L2,L1,C3_1,D3_2,F3_1,L1,L1,,,
439480,L1,L1,L2,L2,L2,L3,L2,L2,L1,C3_1,D3_2,F3_1,L1,L2,,,
439481,L1,L1,L2,L2,L2,L3,L2,L2,L1,C3_1,D3_2,F3_1,L1,L3,,,
439482,L1,L1,L2,L2,L2,L3,L2,L2,L1,C3_1,D3_2,F3_1,L2,L1,,,
439483,L1,L1,L2,L2,L2,L3,L2,L2,L1,C3_1,D3_2,F3_1,L2,L2,,,
439484,L1,L1,L2,L2,L2,L3,L2,L2,L1,C3_1,D3_2,F3_1,L2,L3,,,
439485,L1,L1,L2,L2,L2,L3,L2,L2,L1,C3_1,D3_2,F3_1,L3,L1,,,
439486,L1,L1,L2,L2,L2,L3,L2,L2,L1,C3_1,D3_2,F3_1,L3,L2,,,
439487,L1,L1,L2,L2,L2,L3,L2,L2,L1,C3_1,D3_2,F3_1,L3,L3,,,
439488,L1,L1,L2,L2,L2,L3,L2,L2,L1,C3_1,D3_2,F3_2,L1,L1,,,
439489,L1,L1,L2,L2,L2,L3,L2,L2,L1,C3_1,D3_2,F3_2,L1,L2,,,
439490,L1,L1,L2,L2,L2,L3,L2,L2,L1,C3_1,D3_2,F3_2,L1,L3,,,
439491,L1,L1,L2,L2,L2,L3,L2,L2,L1,C3_1,D3_2,F3_2,L2,L1,,,
439492,L1,L1,L2,L2,L2,L3,L2,L2,L1,C3_1,D3_2,F3_2,L2,L2,,,
439493,L1,L1,L2,L2,L2,L3,L2,L2,L1,C3_1,D3_2,F3_2,L2,L3,,,
439494,L1,L1,L2,L2,L2,L3,L2,L2,L1,C3_1,D3_2,F3_2,L3,L1,,,
439495,L1,L1,L2,L2,L2,L3,L2,L2,L1,C3_1,D3_2,F3_2,L3,L2,,,
439496,L1,L1,L2,L2,L2,L3,L2,L2,L1,C3_1,D3_2,F3_2,L3,L3,,,
439497,L1,L1,L2,L2,L2,L3,L2,L2,L1,C3_1,D3_2,F3_3,L1,L1,,,
439498,L1,L1,L2,L2,L2,L3,L2,L2,L1,C3_1,D3_2,F3_3,L1,L2,,,
439499,L1,L1,L2,L2,L2,L3,L2,L2,L1,C3_1,D3_2,F3_3,L1,L3,,,
439500,L1,L1,L2,L2,L2,L3,L2,L2,L1,C3_1,D3_2,F3_3,L2,L1,,,
439501,L1,L1,L2,L2,L2,L3,L2,L2,L1,C3_1,D3_2,F3_3,L2,L2,,,
439502,L1,L1,L2,L2,L2,L3,L2,L2,L1,C3_1,D3_2,F3_3,L2,L3,,,
439503,L1,L1,L2,L2,L2,L3,L2,L2,L1,C3_1,D3_2,F3_3,L3,L1,,,
439504,L1,L1,L2,L2,L2,L3,L2,L2,L1,C3_1,D3_2,F3_3,L3,L2,,,
439505,L1,L1,L2,L2,L2,L3,L2,L2,L1,C3_1,D3_2,F3_3,L3,L3,,,
439506,L1,L1,L2,L2,L2,L3,L2,L2,L1,C3_1,D3_3,F3_1,L1,L1,,,
439507,L1,L1,L2,L2,L2,L3,L2,L2,L1,C3_1,D3_3,F3_1,L1,L2,,,
439508,L1,L1,L2,L2,L2,L3,L2,L2,L1,C3_1,D3_3,F3_1,L1,L3,,,
439509,L1,L1,L2,L2,L2,L3,L2,L2,L1,C3_1,D3_3,F3_1,L2,L1,,,
439510,L1,L1,L2,L2,L2,L3,L2,L2,L1,C3_1,D3_3,F3_1,L2,L2,,,
439511,L1,L1,L2,L2,L2,L3,L2,L2,L1,C3_1,D3_3,F3_1,L2,L3,,,
439512,L1,L1,L2,L2,L2,L3,L2,L2,L1,C3_1,D3_3,F3_1,L3,L1,,,
439513,L1,L1,L2,L2,L2,L3,L2,L2,L1,C3_1,D3_3,F3_1,L3,L2,,,
439514,L1,L1,L2,L2,L2,L3,L2,L2,L1,C3_1,D3_3,F3_1,L3,L3,,,
439515,L1,L1,L2,L2,L2,L3,L2,L2,L1,C3_1,D3_3,F3_2,L1,L1,,,
439516,L1,L1,L2,L2,L2,L3,L2,L2,L1,C3_1,D3_3,F3_2,L1,L2,,,
439517,L1,L1,L2,L2,L2,L3,L2,L2,L1,C3_1,D3_3,F3_2,L1,L3,,,
439518,L1,L1,L2,L2,L2,L3,L2,L2,L1,C3_1,D3_3,F3_2,L2,L1,,,
439519,L1,L1,L2,L2,L2,L3,L2,L2,L1,C3_1,D3_3,F3_2,L2,L2,,,
439520,L1,L1,L2,L2,L2,L3,L2,L2,L1,C3_1,D3_3,F3_2,L2,L3,,,
439521,L1,L1,L2,L2,L2,L3,L2,L2,L1,C3_1,D3_3,F3_2,L3,L1,,,
439522,L1,L1,L2,L2,L2,L3,L2,L2,L1,C3_1,D3_3,F3_2,L3,L2,,,
439523,L1,L1,L2,L2,L2,L3,L2,L2,L1,C3_1,D3_3,F3_2,L3,L3,,,
439524,L1,L1,L2,L2,L2,L3,L2,L2,L1,C3_1,D3_3,F3_3,L1,L1,,,
439525,L1,L1,L2,L2,L2,L3,L2,L2,L1,C3_1,D3_3,F3_3,L1,L2,,,
439526,L1,L1,L2,L2,L2,L3,L2,L2,L1,C3_1,D3_3,F3_3,L1,L3,,,
439527,L1,L1,L2,L2,L2,L3,L2,L2,L1,C3_1,D3_3,F3_3,L2,L1,,,
439528,L1,L1,L2,L2,L2,L3,L2,L2,L1,C3_1,D3_3,F3_3,L2,L2,,,
439529,L1,L1,L2,L2,L2,L3,L2,L2,L1,C3_1,D3_3,F3_3,L2,L3,,,
439530,L1,L1,L2,L2,L2,L3,L2,L2,L1,C3_1,D3_3,F3_3,L3,L1,,,
439531,L1,L1,L2,L2,L2,L3,L2,L2,L1,C3_1,D3_3,F3_3,L3,L2,,,
439532,L1,L1,L2,L2,L2,L3,L2,L2,L1,C3_1,D3_3,F3_3,L3,L3,,,
439533,L1,L1,L2,L2,L2,L3,L2,L2,L1,C3_2,D3_1,F3_1,L1,L1,,,
439534,L1,L1,L2,L2,L2,L3,L2,L2,L1,C3_2,D3_1,F3_1,L1,L2,,,
439535,L1,L1,L2,L2,L2,L3,L2,L2,L1,C3_2,D3_1,F3_1,L1,L3,,,
439536,L1,L1,L2,L2,L2,L3,L2,L2,L1,C3_2,D3_1,F3_1,L2,L1,,,
439537,L1,L1,L2,L2,L2,L3,L2,L2,L1,C3_2,D3_1,F3_1,L2,L2,,,
439538,L1,L1,L2,L2,L2,L3,L2,L2,L1,C3_2,D3_1,F3_1,L2,L3,,,
439539,L1,L1,L2,L2,L2,L3,L2,L2,L1,C3_2,D3_1,F3_1,L3,L1,,,
439540,L1,L1,L2,L2,L2,L3,L2,L2,L1,C3_2,D3_1,F3_1,L3,L2,,,
439541,L1,L1,L2,L2,L2,L3,L2,L2,L1,C3_2,D3_1,F3_1,L3,L3,,,
439542,L1,L1,L2,L2,L2,L3,L2,L2,L1,C3_2,D3_1,F3_2,L1,L1,,,
439543,L1,L1,L2,L2,L2,L3,L2,L2,L1,C3_2,D3_1,F3_2,L1,L2,,,
439544,L1,L1,L2,L2,L2,L3,L2,L2,L1,C3_2,D3_1,F3_2,L1,L3,,,
439545,L1,L1,L2,L2,L2,L3,L2,L2,L1,C3_2,D3_1,F3_2,L2,L1,,,
439546,L1,L1,L2,L2,L2,L3,L2,L2,L1,C3_2,D3_1,F3_2,L2,L2,,,
439547,L1,L1,L2,L2,L2,L3,L2,L2,L1,C3_2,D3_1,F3_2,L2,L3,,,
439548,L1,L1,L2,L2,L2,L3,L2,L2,L1,C3_2,D3_1,F3_2,L3,L1,,,
439549,L1,L1,L2,L2,L2,L3,L2,L2,L1,C3_2,D3_1,F3_2,L3,L2,,,
439550,L1,L1,L2,L2,L2,L3,L2,L2,L1,C3_2,D3_1,F3_2,L3,L3,,,
439551,L1,L1,L2,L2,L2,L3,L2,L2,L1,C3_2,D3_1,F3_3,L1,L1,,,
439552,L1,L1,L2,L2,L2,L3,L2,L2,L1,C3_2,D3_1,F3_3,L1,L2,,,
439553,L1,L1,L2,L2,L2,L3,L2,L2,L1,C3_2,D3_1,F3_3,L1,L3,,,
439554,L1,L1,L2,L2,L2,L3,L2,L2,L1,C3_2,D3_1,F3_3,L2,L1,,,
439555,L1,L1,L2,L2,L2,L3,L2,L2,L1,C3_2,D3_1,F3_3,L2,L2,,,
439556,L1,L1,L2,L2,L2,L3,L2,L2,L1,C3_2,D3_1,F3_3,L2,L3,,,
439557,L1,L1,L2,L2,L2,L3,L2,L2,L1,C3_2,D3_1,F3_3,L3,L1,,,
439558,L1,L1,L2,L2,L2,L3,L2,L2,L1,C3_2,D3_1,F3_3,L3,L2,,,
439559,L1,L1,L2,L2,L2,L3,L2,L2,L1,C3_2,D3_1,F3_3,L3,L3,,,
439560,L1,L1,L2,L2,L2,L3,L2,L2,L1,C3_2,D3_2,F3_1,L1,L1,,,
439561,L1,L1,L2,L2,L2,L3,L2,L2,L1,C3_2,D3_2,F3_1,L1,L2,,,
439562,L1,L1,L2,L2,L2,L3,L2,L2,L1,C3_2,D3_2,F3_1,L1,L3,,,
439563,L1,L1,L2,L2,L2,L3,L2,L2,L1,C3_2,D3_2,F3_1,L2,L1,,,
439564,L1,L1,L2,L2,L2,L3,L2,L2,L1,C3_2,D3_2,F3_1,L2,L2,,,
439565,L1,L1,L2,L2,L2,L3,L2,L2,L1,C3_2,D3_2,F3_1,L2,L3,,,
439566,L1,L1,L2,L2,L2,L3,L2,L2,L1,C3_2,D3_2,F3_1,L3,L1,,,
439567,L1,L1,L2,L2,L2,L3,L2,L2,L1,C3_2,D3_2,F3_1,L3,L2,,,
439568,L1,L1,L2,L2,L2,L3,L2,L2,L1,C3_2,D3_2,F3_1,L3,L3,,,
439569,L1,L1,L2,L2,L2,L3,L2,L2,L1,C3_2,D3_2,F3_2,L1,L1,,,
439570,L1,L1,L2,L2,L2,L3,L2,L2,L1,C3_2,D3_2,F3_2,L1,L2,,,
439571,L1,L1,L2,L2,L2,L3,L2,L2,L1,C3_2,D3_2,F3_2,L1,L3,,,
439572,L1,L1,L2,L2,L2,L3,L2,L2,L1,C3_2,D3_2,F3_2,L2,L1,,,
439573,L1,L1,L2,L2,L2,L3,L2,L2,L1,C3_2,D3_2,F3_2,L2,L2,,,
439574,L1,L1,L2,L2,L2,L3,L2,L2,L1,C3_2,D3_2,F3_2,L2,L3,,,
439575,L1,L1,L2,L2,L2,L3,L2,L2,L1,C3_2,D3_2,F3_2,L3,L1,,,
439576,L1,L1,L2,L2,L2,L3,L2,L2,L1,C3_2,D3_2,F3_2,L3,L2,,,
439577,L1,L1,L2,L2,L2,L3,L2,L2,L1,C3_2,D3_2,F3_2,L3,L3,,,
439578,L1,L1,L2,L2,L2,L3,L2,L2,L1,C3_2,D3_2,F3_3,L1,L1,,,
439579,L1,L1,L2,L2,L2,L3,L2,L2,L1,C3_2,D3_2,F3_3,L1,L2,,,
439580,L1,L1,L2,L2,L2,L3,L2,L2,L1,C3_2,D3_2,F3_3,L1,L3,,,
439581,L1,L1,L2,L2,L2,L3,L2,L2,L1,C3_2,D3_2,F3_3,L2,L1,,,
439582,L1,L1,L2,L2,L2,L3,L2,L2,L1,C3_2,D3_2,F3_3,L2,L2,,,
439583,L1,L1,L2,L2,L2,L3,L2,L2,L1,C3_2,D3_2,F3_3,L2,L3,,,
439584,L1,L1,L2,L2,L2,L3,L2,L2,L1,C3_2,D3_2,F3_3,L3,L1,,,
439585,L1,L1,L2,L2,L2,L3,L2,L2,L1,C3_2,D3_2,F3_3,L3,L2,,,
439586,L1,L1,L2,L2,L2,L3,L2,L2,L1,C3_2,D3_2,F3_3,L3,L3,,,
439587,L1,L1,L2,L2,L2,L3,L2,L2,L1,C3_2,D3_3,F3_1,L1,L1,,,
439588,L1,L1,L2,L2,L2,L3,L2,L2,L1,C3_2,D3_3,F3_1,L1,L2,,,
439589,L1,L1,L2,L2,L2,L3,L2,L2,L1,C3_2,D3_3,F3_1,L1,L3,,,
439590,L1,L1,L2,L2,L2,L3,L2,L2,L1,C3_2,D3_3,F3_1,L2,L1,,,
439591,L1,L1,L2,L2,L2,L3,L2,L2,L1,C3_2,D3_3,F3_1,L2,L2,,,
439592,L1,L1,L2,L2,L2,L3,L2,L2,L1,C3_2,D3_3,F3_1,L2,L3,,,
439593,L1,L1,L2,L2,L2,L3,L2,L2,L1,C3_2,D3_3,F3_1,L3,L1,,,
439594,L1,L1,L2,L2,L2,L3,L2,L2,L1,C3_2,D3_3,F3_1,L3,L2,,,
439595,L1,L1,L2,L2,L2,L3,L2,L2,L1,C3_2,D3_3,F3_1,L3,L3,,,
439596,L1,L1,L2,L2,L2,L3,L2,L2,L1,C3_2,D3_3,F3_2,L1,L1,,,
439597,L1,L1,L2,L2,L2,L3,L2,L2,L1,C3_2,D3_3,F3_2,L1,L2,,,
439598,L1,L1,L2,L2,L2,L3,L2,L2,L1,C3_2,D3_3,F3_2,L1,L3,,,
439599,L1,L1,L2,L2,L2,L3,L2,L2,L1,C3_2,D3_3,F3_2,L2,L1,,,
439600,L1,L1,L2,L2,L2,L3,L2,L2,L1,C3_2,D3_3,F3_2,L2,L2,,,
439601,L1,L1,L2,L2,L2,L3,L2,L2,L1,C3_2,D3_3,F3_2,L2,L3,,,
439602,L1,L1,L2,L2,L2,L3,L2,L2,L1,C3_2,D3_3,F3_2,L3,L1,,,
439603,L1,L1,L2,L2,L2,L3,L2,L2,L1,C3_2,D3_3,F3_2,L3,L2,,,
439604,L1,L1,L2,L2,L2,L3,L2,L2,L1,C3_2,D3_3,F3_2,L3,L3,,,
439605,L1,L1,L2,L2,L2,L3,L2,L2,L1,C3_2,D3_3,F3_3,L1,L1,,,
439606,L1,L1,L2,L2,L2,L3,L2,L2,L1,C3_2,D3_3,F3_3,L1,L2,,,
439607,L1,L1,L2,L2,L2,L3,L2,L2,L1,C3_2,D3_3,F3_3,L1,L3,,,
439608,L1,L1,L2,L2,L2,L3,L2,L2,L1,C3_2,D3_3,F3_3,L2,L1,,,
439609,L1,L1,L2,L2,L2,L3,L2,L2,L1,C3_2,D3_3,F3_3,L2,L2,,,
439610,L1,L1,L2,L2,L2,L3,L2,L2,L1,C3_2,D3_3,F3_3,L2,L3,,,
439611,L1,L1,L2,L2,L2,L3,L2,L2,L1,C3_2,D3_3,F3_3,L3,L1,,,
439612,L1,L1,L2,L2,L2,L3,L2,L2,L1,C3_2,D3_3,F3_3,L3,L2,,,
439613,L1,L1,L2,L2,L2,L3,L2,L2,L1,C3_2,D3_3,F3_3,L3,L3,,,
439614,L1,L1,L2,L2,L2,L3,L2,L2,L1,C3_3,D3_1,F3_1,L1,L1,,,
439615,L1,L1,L2,L2,L2,L3,L2,L2,L1,C3_3,D3_1,F3_1,L1,L2,,,
439616,L1,L1,L2,L2,L2,L3,L2,L2,L1,C3_3,D3_1,F3_1,L1,L3,,,
439617,L1,L1,L2,L2,L2,L3,L2,L2,L1,C3_3,D3_1,F3_1,L2,L1,,,
439618,L1,L1,L2,L2,L2,L3,L2,L2,L1,C3_3,D3_1,F3_1,L2,L2,,,
439619,L1,L1,L2,L2,L2,L3,L2,L2,L1,C3_3,D3_1,F3_1,L2,L3,,,
439620,L1,L1,L2,L2,L2,L3,L2,L2,L1,C3_3,D3_1,F3_1,L3,L1,,,
439621,L1,L1,L2,L2,L2,L3,L2,L2,L1,C3_3,D3_1,F3_1,L3,L2,,,
439622,L1,L1,L2,L2,L2,L3,L2,L2,L1,C3_3,D3_1,F3_1,L3,L3,,,
439623,L1,L1,L2,L2,L2,L3,L2,L2,L1,C3_3,D3_1,F3_2,L1,L1,,,
439624,L1,L1,L2,L2,L2,L3,L2,L2,L1,C3_3,D3_1,F3_2,L1,L2,,,
439625,L1,L1,L2,L2,L2,L3,L2,L2,L1,C3_3,D3_1,F3_2,L1,L3,,,
439626,L1,L1,L2,L2,L2,L3,L2,L2,L1,C3_3,D3_1,F3_2,L2,L1,,,
439627,L1,L1,L2,L2,L2,L3,L2,L2,L1,C3_3,D3_1,F3_2,L2,L2,,,
439628,L1,L1,L2,L2,L2,L3,L2,L2,L1,C3_3,D3_1,F3_2,L2,L3,,,
439629,L1,L1,L2,L2,L2,L3,L2,L2,L1,C3_3,D3_1,F3_2,L3,L1,,,
439630,L1,L1,L2,L2,L2,L3,L2,L2,L1,C3_3,D3_1,F3_2,L3,L2,,,
439631,L1,L1,L2,L2,L2,L3,L2,L2,L1,C3_3,D3_1,F3_2,L3,L3,,,
439632,L1,L1,L2,L2,L2,L3,L2,L2,L1,C3_3,D3_1,F3_3,L1,L1,,,
439633,L1,L1,L2,L2,L2,L3,L2,L2,L1,C3_3,D3_1,F3_3,L1,L2,,,
439634,L1,L1,L2,L2,L2,L3,L2,L2,L1,C3_3,D3_1,F3_3,L1,L3,,,
439635,L1,L1,L2,L2,L2,L3,L2,L2,L1,C3_3,D3_1,F3_3,L2,L1,,,
439636,L1,L1,L2,L2,L2,L3,L2,L2,L1,C3_3,D3_1,F3_3,L2,L2,,,
439637,L1,L1,L2,L2,L2,L3,L2,L2,L1,C3_3,D3_1,F3_3,L2,L3,,,
439638,L1,L1,L2,L2,L2,L3,L2,L2,L1,C3_3,D3_1,F3_3,L3,L1,,,
439639,L1,L1,L2,L2,L2,L3,L2,L2,L1,C3_3,D3_1,F3_3,L3,L2,,,
439640,L1,L1,L2,L2,L2,L3,L2,L2,L1,C3_3,D3_1,F3_3,L3,L3,,,
439641,L1,L1,L2,L2,L2,L3,L2,L2,L1,C3_3,D3_2,F3_1,L1,L1,,,
439642,L1,L1,L2,L2,L2,L3,L2,L2,L1,C3_3,D3_2,F3_1,L1,L2,,,
439643,L1,L1,L2,L2,L2,L3,L2,L2,L1,C3_3,D3_2,F3_1,L1,L3,,,
439644,L1,L1,L2,L2,L2,L3,L2,L2,L1,C3_3,D3_2,F3_1,L2,L1,,,
439645,L1,L1,L2,L2,L2,L3,L2,L2,L1,C3_3,D3_2,F3_1,L2,L2,,,
439646,L1,L1,L2,L2,L2,L3,L2,L2,L1,C3_3,D3_2,F3_1,L2,L3,,,
439647,L1,L1,L2,L2,L2,L3,L2,L2,L1,C3_3,D3_2,F3_1,L3,L1,,,
439648,L1,L1,L2,L2,L2,L3,L2,L2,L1,C3_3,D3_2,F3_1,L3,L2,,,
439649,L1,L1,L2,L2,L2,L3,L2,L2,L1,C3_3,D3_2,F3_1,L3,L3,,,
439650,L1,L1,L2,L2,L2,L3,L2,L2,L1,C3_3,D3_2,F3_2,L1,L1,,,
439651,L1,L1,L2,L2,L2,L3,L2,L2,L1,C3_3,D3_2,F3_2,L1,L2,,,
439652,L1,L1,L2,L2,L2,L3,L2,L2,L1,C3_3,D3_2,F3_2,L1,L3,,,
439653,L1,L1,L2,L2,L2,L3,L2,L2,L1,C3_3,D3_2,F3_2,L2,L1,,,
439654,L1,L1,L2,L2,L2,L3,L2,L2,L1,C3_3,D3_2,F3_2,L2,L2,,,
439655,L1,L1,L2,L2,L2,L3,L2,L2,L1,C3_3,D3_2,F3_2,L2,L3,,,
439656,L1,L1,L2,L2,L2,L3,L2,L2,L1,C3_3,D3_2,F3_2,L3,L1,,,
439657,L1,L1,L2,L2,L2,L3,L2,L2,L1,C3_3,D3_2,F3_2,L3,L2,,,
439658,L1,L1,L2,L2,L2,L3,L2,L2,L1,C3_3,D3_2,F3_2,L3,L3,,,
439659,L1,L1,L2,L2,L2,L3,L2,L2,L1,C3_3,D3_2,F3_3,L1,L1,,,
439660,L1,L1,L2,L2,L2,L3,L2,L2,L1,C3_3,D3_2,F3_3,L1,L2,,,
439661,L1,L1,L2,L2,L2,L3,L2,L2,L1,C3_3,D3_2,F3_3,L1,L3,,,
439662,L1,L1,L2,L2,L2,L3,L2,L2,L1,C3_3,D3_2,F3_3,L2,L1,,,
439663,L1,L1,L2,L2,L2,L3,L2,L2,L1,C3_3,D3_2,F3_3,L2,L2,,,
439664,L1,L1,L2,L2,L2,L3,L2,L2,L1,C3_3,D3_2,F3_3,L2,L3,,,
439665,L1,L1,L2,L2,L2,L3,L2,L2,L1,C3_3,D3_2,F3_3,L3,L1,,,
439666,L1,L1,L2,L2,L2,L3,L2,L2,L1,C3_3,D3_2,F3_3,L3,L2,,,
439667,L1,L1,L2,L2,L2,L3,L2,L2,L1,C3_3,D3_2,F3_3,L3,L3,,,
439668,L1,L1,L2,L2,L2,L3,L2,L2,L1,C3_3,D3_3,F3_1,L1,L1,,,
439669,L1,L1,L2,L2,L2,L3,L2,L2,L1,C3_3,D3_3,F3_1,L1,L2,,,
439670,L1,L1,L2,L2,L2,L3,L2,L2,L1,C3_3,D3_3,F3_1,L1,L3,,,
439671,L1,L1,L2,L2,L2,L3,L2,L2,L1,C3_3,D3_3,F3_1,L2,L1,,,
439672,L1,L1,L2,L2,L2,L3,L2,L2,L1,C3_3,D3_3,F3_1,L2,L2,,,
439673,L1,L1,L2,L2,L2,L3,L2,L2,L1,C3_3,D3_3,F3_1,L2,L3,,,
439674,L1,L1,L2,L2,L2,L3,L2,L2,L1,C3_3,D3_3,F3_1,L3,L1,,,
439675,L1,L1,L2,L2,L2,L3,L2,L2,L1,C3_3,D3_3,F3_1,L3,L2,,,
439676,L1,L1,L2,L2,L2,L3,L2,L2,L1,C3_3,D3_3,F3_1,L3,L3,,,
439677,L1,L1,L2,L2,L2,L3,L2,L2,L1,C3_3,D3_3,F3_2,L1,L1,,,
439678,L1,L1,L2,L2,L2,L3,L2,L2,L1,C3_3,D3_3,F3_2,L1,L2,,,
439679,L1,L1,L2,L2,L2,L3,L2,L2,L1,C3_3,D3_3,F3_2,L1,L3,,,
439680,L1,L1,L2,L2,L2,L3,L2,L2,L1,C3_3,D3_3,F3_2,L2,L1,,,
439681,L1,L1,L2,L2,L2,L3,L2,L2,L1,C3_3,D3_3,F3_2,L2,L2,,,
439682,L1,L1,L2,L2,L2,L3,L2,L2,L1,C3_3,D3_3,F3_2,L2,L3,,,
439683,L1,L1,L2,L2,L2,L3,L2,L2,L1,C3_3,D3_3,F3_2,L3,L1,,,
439684,L1,L1,L2,L2,L2,L3,L2,L2,L1,C3_3,D3_3,F3_2,L3,L2,,,
439685,L1,L1,L2,L2,L2,L3,L2,L2,L1,C3_3,D3_3,F3_2,L3,L3,,,
439686,L1,L1,L2,L2,L2,L3,L2,L2,L1,C3_3,D3_3,F3_3,L1,L1,,,
439687,L1,L1,L2,L2,L2,L3,L2,L2,L1,C3_3,D3_3,F3_3,L1,L2,,,
439688,L1,L1,L2,L2,L2,L3,L2,L2,L1,C3_3,D3_3,F3_3,L1,L3,,,
439689,L1,L1,L2,L2,L2,L3,L2,L2,L1,C3_3,D3_3,F3_3,L2,L1,,,
439690,L1,L1,L2,L2,L2,L3,L2,L2,L1,C3_3,D3_3,F3_3,L2,L2,,,
439691,L1,L1,L2,L2,L2,L3,L2,L2,L1,C3_3,D3_3,F3_3,L2,L3,,,
439692,L1,L1,L2,L2,L2,L3,L2,L2,L1,C3_3,D3_3,F3_3,L3,L1,,,
439693,L1,L1,L2,L2,L2,L3,L2,L2,L1,C3_3,D3_3,F3_3,L3,L2,,,
439694,L1,L1,L2,L2,L2,L3,L2,L2,L1,C3_3,D3_3,F3_3,L3,L3,,,
439695,L2,L1,L1,L2,L1,L3,L2,L2,L1,C3_1,D3_1,F3_1,L1,L1,,,
439696,L2,L1,L1,L2,L1,L3,L2,L2,L1,C3_1,D3_1,F3_1,L1,L2,,,
439697,L2,L1,L1,L2,L1,L3,L2,L2,L1,C3_1,D3_1,F3_1,L1,L3,,,
439698,L2,L1,L1,L2,L1,L3,L2,L2,L1,C3_1,D3_1,F3_1,L2,L1,,,
439699,L2,L1,L1,L2,L1,L3,L2,L2,L1,C3_1,D3_1,F3_1,L2,L2,,,
439700,L2,L1,L1,L2,L1,L3,L2,L2,L1,C3_1,D3_1,F3_1,L2,L3,,,
439701,L2,L1,L1,L2,L1,L3,L2,L2,L1,C3_1,D3_1,F3_1,L3,L1,,,
439702,L2,L1,L1,L2,L1,L3,L2,L2,L1,C3_1,D3_1,F3_1,L3,L2,,,
439703,L2,L1,L1,L2,L1,L3,L2,L2,L1,C3_1,D3_1,F3_1,L3,L3,,,
439704,L2,L1,L1,L2,L1,L3,L2,L2,L1,C3_1,D3_1,F3_2,L1,L1,,,
439705,L2,L1,L1,L2,L1,L3,L2,L2,L1,C3_1,D3_1,F3_2,L1,L2,,,
439706,L2,L1,L1,L2,L1,L3,L2,L2,L1,C3_1,D3_1,F3_2,L1,L3,,,
439707,L2,L1,L1,L2,L1,L3,L2,L2,L1,C3_1,D3_1,F3_2,L2,L1,,,
439708,L2,L1,L1,L2,L1,L3,L2,L2,L1,C3_1,D3_1,F3_2,L2,L2,,,
439709,L2,L1,L1,L2,L1,L3,L2,L2,L1,C3_1,D3_1,F3_2,L2,L3,,,
439710,L2,L1,L1,L2,L1,L3,L2,L2,L1,C3_1,D3_1,F3_2,L3,L1,,,
439711,L2,L1,L1,L2,L1,L3,L2,L2,L1,C3_1,D3_1,F3_2,L3,L2,,,
439712,L2,L1,L1,L2,L1,L3,L2,L2,L1,C3_1,D3_1,F3_2,L3,L3,,,
439713,L2,L1,L1,L2,L1,L3,L2,L2,L1,C3_1,D3_1,F3_3,L1,L1,,,
439714,L2,L1,L1,L2,L1,L3,L2,L2,L1,C3_1,D3_1,F3_3,L1,L2,,,
439715,L2,L1,L1,L2,L1,L3,L2,L2,L1,C3_1,D3_1,F3_3,L1,L3,,,
439716,L2,L1,L1,L2,L1,L3,L2,L2,L1,C3_1,D3_1,F3_3,L2,L1,,,
439717,L2,L1,L1,L2,L1,L3,L2,L2,L1,C3_1,D3_1,F3_3,L2,L2,,,
439718,L2,L1,L1,L2,L1,L3,L2,L2,L1,C3_1,D3_1,F3_3,L2,L3,,,
439719,L2,L1,L1,L2,L1,L3,L2,L2,L1,C3_1,D3_1,F3_3,L3,L1,,,
439720,L2,L1,L1,L2,L1,L3,L2,L2,L1,C3_1,D3_1,F3_3,L3,L2,,,
439721,L2,L1,L1,L2,L1,L3,L2,L2,L1,C3_1,D3_1,F3_3,L3,L3,,,
439722,L2,L1,L1,L2,L1,L3,L2,L2,L1,C3_1,D3_2,F3_1,L1,L1,,,
439723,L2,L1,L1,L2,L1,L3,L2,L2,L1,C3_1,D3_2,F3_1,L1,L2,,,
439724,L2,L1,L1,L2,L1,L3,L2,L2,L1,C3_1,D3_2,F3_1,L1,L3,,,
439725,L2,L1,L1,L2,L1,L3,L2,L2,L1,C3_1,D3_2,F3_1,L2,L1,,,
439726,L2,L1,L1,L2,L1,L3,L2,L2,L1,C3_1,D3_2,F3_1,L2,L2,,,
439727,L2,L1,L1,L2,L1,L3,L2,L2,L1,C3_1,D3_2,F3_1,L2,L3,,,
439728,L2,L1,L1,L2,L1,L3,L2,L2,L1,C3_1,D3_2,F3_1,L3,L1,,,
439729,L2,L1,L1,L2,L1,L3,L2,L2,L1,C3_1,D3_2,F3_1,L3,L2,,,
439730,L2,L1,L1,L2,L1,L3,L2,L2,L1,C3_1,D3_2,F3_1,L3,L3,,,
439731,L2,L1,L1,L2,L1,L3,L2,L2,L1,C3_1,D3_2,F3_2,L1,L1,,,
439732,L2,L1,L1,L2,L1,L3,L2,L2,L1,C3_1,D3_2,F3_2,L1,L2,,,
439733,L2,L1,L1,L2,L1,L3,L2,L2,L1,C3_1,D3_2,F3_2,L1,L3,,,
439734,L2,L1,L1,L2,L1,L3,L2,L2,L1,C3_1,D3_2,F3_2,L2,L1,,,
439735,L2,L1,L1,L2,L1,L3,L2,L2,L1,C3_1,D3_2,F3_2,L2,L2,,,
439736,L2,L1,L1,L2,L1,L3,L2,L2,L1,C3_1,D3_2,F3_2,L2,L3,,,
439737,L2,L1,L1,L2,L1,L3,L2,L2,L1,C3_1,D3_2,F3_2,L3,L1,,,
439738,L2,L1,L1,L2,L1,L3,L2,L2,L1,C3_1,D3_2,F3_2,L3,L2,,,
439739,L2,L1,L1,L2,L1,L3,L2,L2,L1,C3_1,D3_2,F3_2,L3,L3,,,
439740,L2,L1,L1,L2,L1,L3,L2,L2,L1,C3_1,D3_2,F3_3,L1,L1,,,
439741,L2,L1,L1,L2,L1,L3,L2,L2,L1,C3_1,D3_2,F3_3,L1,L2,,,
439742,L2,L1,L1,L2,L1,L3,L2,L2,L1,C3_1,D3_2,F3_3,L1,L3,,,
439743,L2,L1,L1,L2,L1,L3,L2,L2,L1,C3_1,D3_2,F3_3,L2,L1,,,
439744,L2,L1,L1,L2,L1,L3,L2,L2,L1,C3_1,D3_2,F3_3,L2,L2,,,
439745,L2,L1,L1,L2,L1,L3,L2,L2,L1,C3_1,D3_2,F3_3,L2,L3,,,
439746,L2,L1,L1,L2,L1,L3,L2,L2,L1,C3_1,D3_2,F3_3,L3,L1,,,
439747,L2,L1,L1,L2,L1,L3,L2,L2,L1,C3_1,D3_2,F3_3,L3,L2,,,
439748,L2,L1,L1,L2,L1,L3,L2,L2,L1,C3_1,D3_2,F3_3,L3,L3,,,
439749,L2,L1,L1,L2,L1,L3,L2,L2,L1,C3_1,D3_3,F3_1,L1,L1,,,
439750,L2,L1,L1,L2,L1,L3,L2,L2,L1,C3_1,D3_3,F3_1,L1,L2,,,
439751,L2,L1,L1,L2,L1,L3,L2,L2,L1,C3_1,D3_3,F3_1,L1,L3,,,
439752,L2,L1,L1,L2,L1,L3,L2,L2,L1,C3_1,D3_3,F3_1,L2,L1,,,
439753,L2,L1,L1,L2,L1,L3,L2,L2,L1,C3_1,D3_3,F3_1,L2,L2,,,
439754,L2,L1,L1,L2,L1,L3,L2,L2,L1,C3_1,D3_3,F3_1,L2,L3,,,
439755,L2,L1,L1,L2,L1,L3,L2,L2,L1,C3_1,D3_3,F3_1,L3,L1,,,
439756,L2,L1,L1,L2,L1,L3,L2,L2,L1,C3_1,D3_3,F3_1,L3,L2,,,
439757,L2,L1,L1,L2,L1,L3,L2,L2,L1,C3_1,D3_3,F3_1,L3,L3,,,
439758,L2,L1,L1,L2,L1,L3,L2,L2,L1,C3_1,D3_3,F3_2,L1,L1,,,
439759,L2,L1,L1,L2,L1,L3,L2,L2,L1,C3_1,D3_3,F3_2,L1,L2,,,
439760,L2,L1,L1,L2,L1,L3,L2,L2,L1,C3_1,D3_3,F3_2,L1,L3,,,
439761,L2,L1,L1,L2,L1,L3,L2,L2,L1,C3_1,D3_3,F3_2,L2,L1,,,
439762,L2,L1,L1,L2,L1,L3,L2,L2,L1,C3_1,D3_3,F3_2,L2,L2,,,
439763,L2,L1,L1,L2,L1,L3,L2,L2,L1,C3_1,D3_3,F3_2,L2,L3,,,
439764,L2,L1,L1,L2,L1,L3,L2,L2,L1,C3_1,D3_3,F3_2,L3,L1,,,
439765,L2,L1,L1,L2,L1,L3,L2,L2,L1,C3_1,D3_3,F3_2,L3,L2,,,
439766,L2,L1,L1,L2,L1,L3,L2,L2,L1,C3_1,D3_3,F3_2,L3,L3,,,
439767,L2,L1,L1,L2,L1,L3,L2,L2,L1,C3_1,D3_3,F3_3,L1,L1,,,
439768,L2,L1,L1,L2,L1,L3,L2,L2,L1,C3_1,D3_3,F3_3,L1,L2,,,
439769,L2,L1,L1,L2,L1,L3,L2,L2,L1,C3_1,D3_3,F3_3,L1,L3,,,
439770,L2,L1,L1,L2,L1,L3,L2,L2,L1,C3_1,D3_3,F3_3,L2,L1,,,
439771,L2,L1,L1,L2,L1,L3,L2,L2,L1,C3_1,D3_3,F3_3,L2,L2,,,
439772,L2,L1,L1,L2,L1,L3,L2,L2,L1,C3_1,D3_3,F3_3,L2,L3,,,
439773,L2,L1,L1,L2,L1,L3,L2,L2,L1,C3_1,D3_3,F3_3,L3,L1,,,
439774,L2,L1,L1,L2,L1,L3,L2,L2,L1,C3_1,D3_3,F3_3,L3,L2,,,
439775,L2,L1,L1,L2,L1,L3,L2,L2,L1,C3_1,D3_3,F3_3,L3,L3,,,
439776,L2,L1,L1,L2,L1,L3,L2,L2,L1,C3_2,D3_1,F3_1,L1,L1,,,
439777,L2,L1,L1,L2,L1,L3,L2,L2,L1,C3_2,D3_1,F3_1,L1,L2,,,
439778,L2,L1,L1,L2,L1,L3,L2,L2,L1,C3_2,D3_1,F3_1,L1,L3,,,
439779,L2,L1,L1,L2,L1,L3,L2,L2,L1,C3_2,D3_1,F3_1,L2,L1,,,
439780,L2,L1,L1,L2,L1,L3,L2,L2,L1,C3_2,D3_1,F3_1,L2,L2,,,
439781,L2,L1,L1,L2,L1,L3,L2,L2,L1,C3_2,D3_1,F3_1,L2,L3,,,
439782,L2,L1,L1,L2,L1,L3,L2,L2,L1,C3_2,D3_1,F3_1,L3,L1,,,
439783,L2,L1,L1,L2,L1,L3,L2,L2,L1,C3_2,D3_1,F3_1,L3,L2,,,
439784,L2,L1,L1,L2,L1,L3,L2,L2,L1,C3_2,D3_1,F3_1,L3,L3,,,
439785,L2,L1,L1,L2,L1,L3,L2,L2,L1,C3_2,D3_1,F3_2,L1,L1,,,
439786,L2,L1,L1,L2,L1,L3,L2,L2,L1,C3_2,D3_1,F3_2,L1,L2,,,
439787,L2,L1,L1,L2,L1,L3,L2,L2,L1,C3_2,D3_1,F3_2,L1,L3,,,
439788,L2,L1,L1,L2,L1,L3,L2,L2,L1,C3_2,D3_1,F3_2,L2,L1,,,
439789,L2,L1,L1,L2,L1,L3,L2,L2,L1,C3_2,D3_1,F3_2,L2,L2,,,
439790,L2,L1,L1,L2,L1,L3,L2,L2,L1,C3_2,D3_1,F3_2,L2,L3,,,
439791,L2,L1,L1,L2,L1,L3,L2,L2,L1,C3_2,D3_1,F3_2,L3,L1,,,
439792,L2,L1,L1,L2,L1,L3,L2,L2,L1,C3_2,D3_1,F3_2,L3,L2,,,
439793,L2,L1,L1,L2,L1,L3,L2,L2,L1,C3_2,D3_1,F3_2,L3,L3,,,
439794,L2,L1,L1,L2,L1,L3,L2,L2,L1,C3_2,D3_1,F3_3,L1,L1,,,
439795,L2,L1,L1,L2,L1,L3,L2,L2,L1,C3_2,D3_1,F3_3,L1,L2,,,
439796,L2,L1,L1,L2,L1,L3,L2,L2,L1,C3_2,D3_1,F3_3,L1,L3,,,
439797,L2,L1,L1,L2,L1,L3,L2,L2,L1,C3_2,D3_1,F3_3,L2,L1,,,
439798,L2,L1,L1,L2,L1,L3,L2,L2,L1,C3_2,D3_1,F3_3,L2,L2,,,
439799,L2,L1,L1,L2,L1,L3,L2,L2,L1,C3_2,D3_1,F3_3,L2,L3,,,
439800,L2,L1,L1,L2,L1,L3,L2,L2,L1,C3_2,D3_1,F3_3,L3,L1,,,
439801,L2,L1,L1,L2,L1,L3,L2,L2,L1,C3_2,D3_1,F3_3,L3,L2,,,
439802,L2,L1,L1,L2,L1,L3,L2,L2,L1,C3_2,D3_1,F3_3,L3,L3,,,
439803,L2,L1,L1,L2,L1,L3,L2,L2,L1,C3_2,D3_2,F3_1,L1,L1,,,
439804,L2,L1,L1,L2,L1,L3,L2,L2,L1,C3_2,D3_2,F3_1,L1,L2,,,
439805,L2,L1,L1,L2,L1,L3,L2,L2,L1,C3_2,D3_2,F3_1,L1,L3,,,
439806,L2,L1,L1,L2,L1,L3,L2,L2,L1,C3_2,D3_2,F3_1,L2,L1,,,
439807,L2,L1,L1,L2,L1,L3,L2,L2,L1,C3_2,D3_2,F3_1,L2,L2,,,
439808,L2,L1,L1,L2,L1,L3,L2,L2,L1,C3_2,D3_2,F3_1,L2,L3,,,
439809,L2,L1,L1,L2,L1,L3,L2,L2,L1,C3_2,D3_2,F3_1,L3,L1,,,
439810,L2,L1,L1,L2,L1,L3,L2,L2,L1,C3_2,D3_2,F3_1,L3,L2,,,
439811,L2,L1,L1,L2,L1,L3,L2,L2,L1,C3_2,D3_2,F3_1,L3,L3,,,
439812,L2,L1,L1,L2,L1,L3,L2,L2,L1,C3_2,D3_2,F3_2,L1,L1,,,
439813,L2,L1,L1,L2,L1,L3,L2,L2,L1,C3_2,D3_2,F3_2,L1,L2,,,
439814,L2,L1,L1,L2,L1,L3,L2,L2,L1,C3_2,D3_2,F3_2,L1,L3,,,
439815,L2,L1,L1,L2,L1,L3,L2,L2,L1,C3_2,D3_2,F3_2,L2,L1,,,
439816,L2,L1,L1,L2,L1,L3,L2,L2,L1,C3_2,D3_2,F3_2,L2,L2,,,
439817,L2,L1,L1,L2,L1,L3,L2,L2,L1,C3_2,D3_2,F3_2,L2,L3,,,
439818,L2,L1,L1,L2,L1,L3,L2,L2,L1,C3_2,D3_2,F3_2,L3,L1,,,
439819,L2,L1,L1,L2,L1,L3,L2,L2,L1,C3_2,D3_2,F3_2,L3,L2,,,
439820,L2,L1,L1,L2,L1,L3,L2,L2,L1,C3_2,D3_2,F3_2,L3,L3,,,
439821,L2,L1,L1,L2,L1,L3,L2,L2,L1,C3_2,D3_2,F3_3,L1,L1,,,
439822,L2,L1,L1,L2,L1,L3,L2,L2,L1,C3_2,D3_2,F3_3,L1,L2,,,
439823,L2,L1,L1,L2,L1,L3,L2,L2,L1,C3_2,D3_2,F3_3,L1,L3,,,
439824,L2,L1,L1,L2,L1,L3,L2,L2,L1,C3_2,D3_2,F3_3,L2,L1,,,
439825,L2,L1,L1,L2,L1,L3,L2,L2,L1,C3_2,D3_2,F3_3,L2,L2,,,
439826,L2,L1,L1,L2,L1,L3,L2,L2,L1,C3_2,D3_2,F3_3,L2,L3,,,
439827,L2,L1,L1,L2,L1,L3,L2,L2,L1,C3_2,D3_2,F3_3,L3,L1,,,
439828,L2,L1,L1,L2,L1,L3,L2,L2,L1,C3_2,D3_2,F3_3,L3,L2,,,
439829,L2,L1,L1,L2,L1,L3,L2,L2,L1,C3_2,D3_2,F3_3,L3,L3,,,
439830,L2,L1,L1,L2,L1,L3,L2,L2,L1,C3_2,D3_3,F3_1,L1,L1,,,
439831,L2,L1,L1,L2,L1,L3,L2,L2,L1,C3_2,D3_3,F3_1,L1,L2,,,
439832,L2,L1,L1,L2,L1,L3,L2,L2,L1,C3_2,D3_3,F3_1,L1,L3,,,
439833,L2,L1,L1,L2,L1,L3,L2,L2,L1,C3_2,D3_3,F3_1,L2,L1,,,
439834,L2,L1,L1,L2,L1,L3,L2,L2,L1,C3_2,D3_3,F3_1,L2,L2,,,
439835,L2,L1,L1,L2,L1,L3,L2,L2,L1,C3_2,D3_3,F3_1,L2,L3,,,
439836,L2,L1,L1,L2,L1,L3,L2,L2,L1,C3_2,D3_3,F3_1,L3,L1,,,
439837,L2,L1,L1,L2,L1,L3,L2,L2,L1,C3_2,D3_3,F3_1,L3,L2,,,
439838,L2,L1,L1,L2,L1,L3,L2,L2,L1,C3_2,D3_3,F3_1,L3,L3,,,
439839,L2,L1,L1,L2,L1,L3,L2,L2,L1,C3_2,D3_3,F3_2,L1,L1,,,
439840,L2,L1,L1,L2,L1,L3,L2,L2,L1,C3_2,D3_3,F3_2,L1,L2,,,
439841,L2,L1,L1,L2,L1,L3,L2,L2,L1,C3_2,D3_3,F3_2,L1,L3,,,
439842,L2,L1,L1,L2,L1,L3,L2,L2,L1,C3_2,D3_3,F3_2,L2,L1,,,
439843,L2,L1,L1,L2,L1,L3,L2,L2,L1,C3_2,D3_3,F3_2,L2,L2,,,
439844,L2,L1,L1,L2,L1,L3,L2,L2,L1,C3_2,D3_3,F3_2,L2,L3,,,
439845,L2,L1,L1,L2,L1,L3,L2,L2,L1,C3_2,D3_3,F3_2,L3,L1,,,
439846,L2,L1,L1,L2,L1,L3,L2,L2,L1,C3_2,D3_3,F3_2,L3,L2,,,
439847,L2,L1,L1,L2,L1,L3,L2,L2,L1,C3_2,D3_3,F3_2,L3,L3,,,
439848,L2,L1,L1,L2,L1,L3,L2,L2,L1,C3_2,D3_3,F3_3,L1,L1,,,
439849,L2,L1,L1,L2,L1,L3,L2,L2,L1,C3_2,D3_3,F3_3,L1,L2,,,
439850,L2,L1,L1,L2,L1,L3,L2,L2,L1,C3_2,D3_3,F3_3,L1,L3,,,
439851,L2,L1,L1,L2,L1,L3,L2,L2,L1,C3_2,D3_3,F3_3,L2,L1,,,
439852,L2,L1,L1,L2,L1,L3,L2,L2,L1,C3_2,D3_3,F3_3,L2,L2,,,
439853,L2,L1,L1,L2,L1,L3,L2,L2,L1,C3_2,D3_3,F3_3,L2,L3,,,
439854,L2,L1,L1,L2,L1,L3,L2,L2,L1,C3_2,D3_3,F3_3,L3,L1,,,
439855,L2,L1,L1,L2,L1,L3,L2,L2,L1,C3_2,D3_3,F3_3,L3,L2,,,
439856,L2,L1,L1,L2,L1,L3,L2,L2,L1,C3_2,D3_3,F3_3,L3,L3,,,
439857,L2,L1,L1,L2,L1,L3,L2,L2,L1,C3_3,D3_1,F3_1,L1,L1,,,
439858,L2,L1,L1,L2,L1,L3,L2,L2,L1,C3_3,D3_1,F3_1,L1,L2,,,
439859,L2,L1,L1,L2,L1,L3,L2,L2,L1,C3_3,D3_1,F3_1,L1,L3,,,
439860,L2,L1,L1,L2,L1,L3,L2,L2,L1,C3_3,D3_1,F3_1,L2,L1,,,
439861,L2,L1,L1,L2,L1,L3,L2,L2,L1,C3_3,D3_1,F3_1,L2,L2,,,
439862,L2,L1,L1,L2,L1,L3,L2,L2,L1,C3_3,D3_1,F3_1,L2,L3,,,
439863,L2,L1,L1,L2,L1,L3,L2,L2,L1,C3_3,D3_1,F3_1,L3,L1,,,
439864,L2,L1,L1,L2,L1,L3,L2,L2,L1,C3_3,D3_1,F3_1,L3,L2,,,
439865,L2,L1,L1,L2,L1,L3,L2,L2,L1,C3_3,D3_1,F3_1,L3,L3,,,
439866,L2,L1,L1,L2,L1,L3,L2,L2,L1,C3_3,D3_1,F3_2,L1,L1,,,
439867,L2,L1,L1,L2,L1,L3,L2,L2,L1,C3_3,D3_1,F3_2,L1,L2,,,
439868,L2,L1,L1,L2,L1,L3,L2,L2,L1,C3_3,D3_1,F3_2,L1,L3,,,
439869,L2,L1,L1,L2,L1,L3,L2,L2,L1,C3_3,D3_1,F3_2,L2,L1,,,
439870,L2,L1,L1,L2,L1,L3,L2,L2,L1,C3_3,D3_1,F3_2,L2,L2,,,
439871,L2,L1,L1,L2,L1,L3,L2,L2,L1,C3_3,D3_1,F3_2,L2,L3,,,
439872,L2,L1,L1,L2,L1,L3,L2,L2,L1,C3_3,D3_1,F3_2,L3,L1,,,
439873,L2,L1,L1,L2,L1,L3,L2,L2,L1,C3_3,D3_1,F3_2,L3,L2,,,
439874,L2,L1,L1,L2,L1,L3,L2,L2,L1,C3_3,D3_1,F3_2,L3,L3,,,
439875,L2,L1,L1,L2,L1,L3,L2,L2,L1,C3_3,D3_1,F3_3,L1,L1,,,
439876,L2,L1,L1,L2,L1,L3,L2,L2,L1,C3_3,D3_1,F3_3,L1,L2,,,
439877,L2,L1,L1,L2,L1,L3,L2,L2,L1,C3_3,D3_1,F3_3,L1,L3,,,
439878,L2,L1,L1,L2,L1,L3,L2,L2,L1,C3_3,D3_1,F3_3,L2,L1,,,
439879,L2,L1,L1,L2,L1,L3,L2,L2,L1,C3_3,D3_1,F3_3,L2,L2,,,
439880,L2,L1,L1,L2,L1,L3,L2,L2,L1,C3_3,D3_1,F3_3,L2,L3,,,
439881,L2,L1,L1,L2,L1,L3,L2,L2,L1,C3_3,D3_1,F3_3,L3,L1,,,
439882,L2,L1,L1,L2,L1,L3,L2,L2,L1,C3_3,D3_1,F3_3,L3,L2,,,
439883,L2,L1,L1,L2,L1,L3,L2,L2,L1,C3_3,D3_1,F3_3,L3,L3,,,
439884,L2,L1,L1,L2,L1,L3,L2,L2,L1,C3_3,D3_2,F3_1,L1,L1,,,
439885,L2,L1,L1,L2,L1,L3,L2,L2,L1,C3_3,D3_2,F3_1,L1,L2,,,
439886,L2,L1,L1,L2,L1,L3,L2,L2,L1,C3_3,D3_2,F3_1,L1,L3,,,
439887,L2,L1,L1,L2,L1,L3,L2,L2,L1,C3_3,D3_2,F3_1,L2,L1,,,
439888,L2,L1,L1,L2,L1,L3,L2,L2,L1,C3_3,D3_2,F3_1,L2,L2,,,
439889,L2,L1,L1,L2,L1,L3,L2,L2,L1,C3_3,D3_2,F3_1,L2,L3,,,
439890,L2,L1,L1,L2,L1,L3,L2,L2,L1,C3_3,D3_2,F3_1,L3,L1,,,
439891,L2,L1,L1,L2,L1,L3,L2,L2,L1,C3_3,D3_2,F3_1,L3,L2,,,
439892,L2,L1,L1,L2,L1,L3,L2,L2,L1,C3_3,D3_2,F3_1,L3,L3,,,
439893,L2,L1,L1,L2,L1,L3,L2,L2,L1,C3_3,D3_2,F3_2,L1,L1,,,
439894,L2,L1,L1,L2,L1,L3,L2,L2,L1,C3_3,D3_2,F3_2,L1,L2,,,
439895,L2,L1,L1,L2,L1,L3,L2,L2,L1,C3_3,D3_2,F3_2,L1,L3,,,
439896,L2,L1,L1,L2,L1,L3,L2,L2,L1,C3_3,D3_2,F3_2,L2,L1,,,
439897,L2,L1,L1,L2,L1,L3,L2,L2,L1,C3_3,D3_2,F3_2,L2,L2,,,
439898,L2,L1,L1,L2,L1,L3,L2,L2,L1,C3_3,D3_2,F3_2,L2,L3,,,
439899,L2,L1,L1,L2,L1,L3,L2,L2,L1,C3_3,D3_2,F3_2,L3,L1,,,
439900,L2,L1,L1,L2,L1,L3,L2,L2,L1,C3_3,D3_2,F3_2,L3,L2,,,
439901,L2,L1,L1,L2,L1,L3,L2,L2,L1,C3_3,D3_2,F3_2,L3,L3,,,
439902,L2,L1,L1,L2,L1,L3,L2,L2,L1,C3_3,D3_2,F3_3,L1,L1,,,
439903,L2,L1,L1,L2,L1,L3,L2,L2,L1,C3_3,D3_2,F3_3,L1,L2,,,
439904,L2,L1,L1,L2,L1,L3,L2,L2,L1,C3_3,D3_2,F3_3,L1,L3,,,
439905,L2,L1,L1,L2,L1,L3,L2,L2,L1,C3_3,D3_2,F3_3,L2,L1,,,
439906,L2,L1,L1,L2,L1,L3,L2,L2,L1,C3_3,D3_2,F3_3,L2,L2,,,
439907,L2,L1,L1,L2,L1,L3,L2,L2,L1,C3_3,D3_2,F3_3,L2,L3,,,
439908,L2,L1,L1,L2,L1,L3,L2,L2,L1,C3_3,D3_2,F3_3,L3,L1,,,
439909,L2,L1,L1,L2,L1,L3,L2,L2,L1,C3_3,D3_2,F3_3,L3,L2,,,
439910,L2,L1,L1,L2,L1,L3,L2,L2,L1,C3_3,D3_2,F3_3,L3,L3,,,
439911,L2,L1,L1,L2,L1,L3,L2,L2,L1,C3_3,D3_3,F3_1,L1,L1,,,
439912,L2,L1,L1,L2,L1,L3,L2,L2,L1,C3_3,D3_3,F3_1,L1,L2,,,
439913,L2,L1,L1,L2,L1,L3,L2,L2,L1,C3_3,D3_3,F3_1,L1,L3,,,
439914,L2,L1,L1,L2,L1,L3,L2,L2,L1,C3_3,D3_3,F3_1,L2,L1,,,
439915,L2,L1,L1,L2,L1,L3,L2,L2,L1,C3_3,D3_3,F3_1,L2,L2,,,
439916,L2,L1,L1,L2,L1,L3,L2,L2,L1,C3_3,D3_3,F3_1,L2,L3,,,
439917,L2,L1,L1,L2,L1,L3,L2,L2,L1,C3_3,D3_3,F3_1,L3,L1,,,
439918,L2,L1,L1,L2,L1,L3,L2,L2,L1,C3_3,D3_3,F3_1,L3,L2,,,
439919,L2,L1,L1,L2,L1,L3,L2,L2,L1,C3_3,D3_3,F3_1,L3,L3,,,
439920,L2,L1,L1,L2,L1,L3,L2,L2,L1,C3_3,D3_3,F3_2,L1,L1,,,
439921,L2,L1,L1,L2,L1,L3,L2,L2,L1,C3_3,D3_3,F3_2,L1,L2,,,
439922,L2,L1,L1,L2,L1,L3,L2,L2,L1,C3_3,D3_3,F3_2,L1,L3,,,
439923,L2,L1,L1,L2,L1,L3,L2,L2,L1,C3_3,D3_3,F3_2,L2,L1,,,
439924,L2,L1,L1,L2,L1,L3,L2,L2,L1,C3_3,D3_3,F3_2,L2,L2,,,
439925,L2,L1,L1,L2,L1,L3,L2,L2,L1,C3_3,D3_3,F3_2,L2,L3,,,
439926,L2,L1,L1,L2,L1,L3,L2,L2,L1,C3_3,D3_3,F3_2,L3,L1,,,
439927,L2,L1,L1,L2,L1,L3,L2,L2,L1,C3_3,D3_3,F3_2,L3,L2,,,
439928,L2,L1,L1,L2,L1,L3,L2,L2,L1,C3_3,D3_3,F3_2,L3,L3,,,
439929,L2,L1,L1,L2,L1,L3,L2,L2,L1,C3_3,D3_3,F3_3,L1,L1,,,
439930,L2,L1,L1,L2,L1,L3,L2,L2,L1,C3_3,D3_3,F3_3,L1,L2,,,
439931,L2,L1,L1,L2,L1,L3,L2,L2,L1,C3_3,D3_3,F3_3,L1,L3,,,
439932,L2,L1,L1,L2,L1,L3,L2,L2,L1,C3_3,D3_3,F3_3,L2,L1,,,
439933,L2,L1,L1,L2,L1,L3,L2,L2,L1,C3_3,D3_3,F3_3,L2,L2,,,
439934,L2,L1,L1,L2,L1,L3,L2,L2,L1,C3_3,D3_3,F3_3,L2,L3,,,
439935,L2,L1,L1,L2,L1,L3,L2,L2,L1,C3_3,D3_3,F3_3,L3,L1,,,
439936,L2,L1,L1,L2,L1,L3,L2,L2,L1,C3_3,D3_3,F3_3,L3,L2,,,
439937,L2,L1,L1,L2,L1,L3,L2,L2,L1,C3_3,D3_3,F3_3,L3,L3,,,
445230,L2,L3,L3,L1,L2,L3,L2,L2,L1,C3_1,D3_1,F3_1,L1,L1,,,
445231,L2,L3,L3,L1,L2,L3,L2,L2,L1,C3_1,D3_1,F3_1,L1,L2,,,
445232,L2,L3,L3,L1,L2,L3,L2,L2,L1,C3_1,D3_1,F3_1,L1,L3,,,
445233,L2,L3,L3,L1,L2,L3,L2,L2,L1,C3_1,D3_1,F3_1,L2,L1,,,
445234,L2,L3,L3,L1,L2,L3,L2,L2,L1,C3_1,D3_1,F3_1,L2,L2,,,
445235,L2,L3,L3,L1,L2,L3,L2,L2,L1,C3_1,D3_1,F3_1,L2,L3,,,
445236,L2,L3,L3,L1,L2,L3,L2,L2,L1,C3_1,D3_1,F3_1,L3,L1,,,
445237,L2,L3,L3,L1,L2,L3,L2,L2,L1,C3_1,D3_1,F3_1,L3,L2,,,
445238,L2,L3,L3,L1,L2,L3,L2,L2,L1,C3_1,D3_1,F3_1,L3,L3,,,
445239,L2,L3,L3,L1,L2,L3,L2,L2,L1,C3_1,D3_1,F3_2,L1,L1,,,
445240,L2,L3,L3,L1,L2,L3,L2,L2,L1,C3_1,D3_1,F3_2,L1,L2,,,
445241,L2,L3,L3,L1,L2,L3,L2,L2,L1,C3_1,D3_1,F3_2,L1,L3,,,
445242,L2,L3,L3,L1,L2,L3,L2,L2,L1,C3_1,D3_1,F3_2,L2,L1,,,
445243,L2,L3,L3,L1,L2,L3,L2,L2,L1,C3_1,D3_1,F3_2,L2,L2,,,
445244,L2,L3,L3,L1,L2,L3,L2,L2,L1,C3_1,D3_1,F3_2,L2,L3,,,
445245,L2,L3,L3,L1,L2,L3,L2,L2,L1,C3_1,D3_1,F3_2,L3,L1,,,
445246,L2,L3,L3,L1,L2,L3,L2,L2,L1,C3_1,D3_1,F3_2,L3,L2,,,
445247,L2,L3,L3,L1,L2,L3,L2,L2,L1,C3_1,D3_1,F3_2,L3,L3,,,
445248,L2,L3,L3,L1,L2,L3,L2,L2,L1,C3_1,D3_1,F3_3,L1,L1,,,
445249,L2,L3,L3,L1,L2,L3,L2,L2,L1,C3_1,D3_1,F3_3,L1,L2,,,
445250,L2,L3,L3,L1,L2,L3,L2,L2,L1,C3_1,D3_1,F3_3,L1,L3,,,
445251,L2,L3,L3,L1,L2,L3,L2,L2,L1,C3_1,D3_1,F3_3,L2,L1,,,
445252,L2,L3,L3,L1,L2,L3,L2,L2,L1,C3_1,D3_1,F3_3,L2,L2,,,
445253,L2,L3,L3,L1,L2,L3,L2,L2,L1,C3_1,D3_1,F3_3,L2,L3,,,
445254,L2,L3,L3,L1,L2,L3,L2,L2,L1,C3_1,D3_1,F3_3,L3,L1,,,
445255,L2,L3,L3,L1,L2,L3,L2,L2,L1,C3_1,D3_1,F3_3,L3,L2,,,
445256,L2,L3,L3,L1,L2,L3,L2,L2,L1,C3_1,D3_1,F3_3,L3,L3,,,
445257,L2,L3,L3,L1,L2,L3,L2,L2,L1,C3_1,D3_2,F3_1,L1,L1,,,
445258,L2,L3,L3,L1,L2,L3,L2,L2,L1,C3_1,D3_2,F3_1,L1,L2,,,
445259,L2,L3,L3,L1,L2,L3,L2,L2,L1,C3_1,D3_2,F3_1,L1,L3,,,
445260,L2,L3,L3,L1,L2,L3,L2,L2,L1,C3_1,D3_2,F3_1,L2,L1,,,
445261,L2,L3,L3,L1,L2,L3,L2,L2,L1,C3_1,D3_2,F3_1,L2,L2,,,
445262,L2,L3,L3,L1,L2,L3,L2,L2,L1,C3_1,D3_2,F3_1,L2,L3,,,
445263,L2,L3,L3,L1,L2,L3,L2,L2,L1,C3_1,D3_2,F3_1,L3,L1,,,
445264,L2,L3,L3,L1,L2,L3,L2,L2,L1,C3_1,D3_2,F3_1,L3,L2,,,
445265,L2,L3,L3,L1,L2,L3,L2,L2,L1,C3_1,D3_2,F3_1,L3,L3,,,
445266,L2,L3,L3,L1,L2,L3,L2,L2,L1,C3_1,D3_2,F3_2,L1,L1,,,
445267,L2,L3,L3,L1,L2,L3,L2,L2,L1,C3_1,D3_2,F3_2,L1,L2,,,
445268,L2,L3,L3,L1,L2,L3,L2,L2,L1,C3_1,D3_2,F3_2,L1,L3,,,
445269,L2,L3,L3,L1,L2,L3,L2,L2,L1,C3_1,D3_2,F3_2,L2,L1,,,
445270,L2,L3,L3,L1,L2,L3,L2,L2,L1,C3_1,D3_2,F3_2,L2,L2,,,
445271,L2,L3,L3,L1,L2,L3,L2,L2,L1,C3_1,D3_2,F3_2,L2,L3,,,
445272,L2,L3,L3,L1,L2,L3,L2,L2,L1,C3_1,D3_2,F3_2,L3,L1,,,
445273,L2,L3,L3,L1,L2,L3,L2,L2,L1,C3_1,D3_2,F3_2,L3,L2,,,
445274,L2,L3,L3,L1,L2,L3,L2,L2,L1,C3_1,D3_2,F3_2,L3,L3,,,
445275,L2,L3,L3,L1,L2,L3,L2,L2,L1,C3_1,D3_2,F3_3,L1,L1,,,
445276,L2,L3,L3,L1,L2,L3,L2,L2,L1,C3_1,D3_2,F3_3,L1,L2,,,
445277,L2,L3,L3,L1,L2,L3,L2,L2,L1,C3_1,D3_2,F3_3,L1,L3,,,
445278,L2,L3,L3,L1,L2,L3,L2,L2,L1,C3_1,D3_2,F3_3,L2,L1,,,
445279,L2,L3,L3,L1,L2,L3,L2,L2,L1,C3_1,D3_2,F3_3,L2,L2,,,
445280,L2,L3,L3,L1,L2,L3,L2,L2,L1,C3_1,D3_2,F3_3,L2,L3,,,
445281,L2,L3,L3,L1,L2,L3,L2,L2,L1,C3_1,D3_2,F3_3,L3,L1,,,
445282,L2,L3,L3,L1,L2,L3,L2,L2,L1,C3_1,D3_2,F3_3,L3,L2,,,
445283,L2,L3,L3,L1,L2,L3,L2,L2,L1,C3_1,D3_2,F3_3,L3,L3,,,
445284,L2,L3,L3,L1,L2,L3,L2,L2,L1,C3_1,D3_3,F3_1,L1,L1,,,
445285,L2,L3,L3,L1,L2,L3,L2,L2,L1,C3_1,D3_3,F3_1,L1,L2,,,
445286,L2,L3,L3,L1,L2,L3,L2,L2,L1,C3_1,D3_3,F3_1,L1,L3,,,
445287,L2,L3,L3,L1,L2,L3,L2,L2,L1,C3_1,D3_3,F3_1,L2,L1,,,
445288,L2,L3,L3,L1,L2,L3,L2,L2,L1,C3_1,D3_3,F3_1,L2,L2,,,
445289,L2,L3,L3,L1,L2,L3,L2,L2,L1,C3_1,D3_3,F3_1,L2,L3,,,
445290,L2,L3,L3,L1,L2,L3,L2,L2,L1,C3_1,D3_3,F3_1,L3,L1,,,
445291,L2,L3,L3,L1,L2,L3,L2,L2,L1,C3_1,D3_3,F3_1,L3,L2,,,
445292,L2,L3,L3,L1,L2,L3,L2,L2,L1,C3_1,D3_3,F3_1,L3,L3,,,
445293,L2,L3,L3,L1,L2,L3,L2,L2,L1,C3_1,D3_3,F3_2,L1,L1,,,
445294,L2,L3,L3,L1,L2,L3,L2,L2,L1,C3_1,D3_3,F3_2,L1,L2,,,
445295,L2,L3,L3,L1,L2,L3,L2,L2,L1,C3_1,D3_3,F3_2,L1,L3,,,
445296,L2,L3,L3,L1,L2,L3,L2,L2,L1,C3_1,D3_3,F3_2,L2,L1,,,
445297,L2,L3,L3,L1,L2,L3,L2,L2,L1,C3_1,D3_3,F3_2,L2,L2,,,
445298,L2,L3,L3,L1,L2,L3,L2,L2,L1,C3_1,D3_3,F3_2,L2,L3,,,
445299,L2,L3,L3,L1,L2,L3,L2,L2,L1,C3_1,D3_3,F3_2,L3,L1,,,
445300,L2,L3,L3,L1,L2,L3,L2,L2,L1,C3_1,D3_3,F3_2,L3,L2,,,
445301,L2,L3,L3,L1,L2,L3,L2,L2,L1,C3_1,D3_3,F3_2,L3,L3,,,
445302,L2,L3,L3,L1,L2,L3,L2,L2,L1,C3_1,D3_3,F3_3,L1,L1,,,
445303,L2,L3,L3,L1,L2,L3,L2,L2,L1,C3_1,D3_3,F3_3,L1,L2,,,
445304,L2,L3,L3,L1,L2,L3,L2,L2,L1,C3_1,D3_3,F3_3,L1,L3,,,
445305,L2,L3,L3,L1,L2,L3,L2,L2,L1,C3_1,D3_3,F3_3,L2,L1,,,
445306,L2,L3,L3,L1,L2,L3,L2,L2,L1,C3_1,D3_3,F3_3,L2,L2,,,
445307,L2,L3,L3,L1,L2,L3,L2,L2,L1,C3_1,D3_3,F3_3,L2,L3,,,
445308,L2,L3,L3,L1,L2,L3,L2,L2,L1,C3_1,D3_3,F3_3,L3,L1,,,
445309,L2,L3,L3,L1,L2,L3,L2,L2,L1,C3_1,D3_3,F3_3,L3,L2,,,
445310,L2,L3,L3,L1,L2,L3,L2,L2,L1,C3_1,D3_3,F3_3,L3,L3,,,
445311,L2,L3,L3,L1,L2,L3,L2,L2,L1,C3_2,D3_1,F3_1,L1,L1,,,
445312,L2,L3,L3,L1,L2,L3,L2,L2,L1,C3_2,D3_1,F3_1,L1,L2,,,
445313,L2,L3,L3,L1,L2,L3,L2,L2,L1,C3_2,D3_1,F3_1,L1,L3,,,
445314,L2,L3,L3,L1,L2,L3,L2,L2,L1,C3_2,D3_1,F3_1,L2,L1,,,
445315,L2,L3,L3,L1,L2,L3,L2,L2,L1,C3_2,D3_1,F3_1,L2,L2,,,
445316,L2,L3,L3,L1,L2,L3,L2,L2,L1,C3_2,D3_1,F3_1,L2,L3,,,
445317,L2,L3,L3,L1,L2,L3,L2,L2,L1,C3_2,D3_1,F3_1,L3,L1,,,
445318,L2,L3,L3,L1,L2,L3,L2,L2,L1,C3_2,D3_1,F3_1,L3,L2,,,
445319,L2,L3,L3,L1,L2,L3,L2,L2,L1,C3_2,D3_1,F3_1,L3,L3,,,
445320,L2,L3,L3,L1,L2,L3,L2,L2,L1,C3_2,D3_1,F3_2,L1,L1,,,
445321,L2,L3,L3,L1,L2,L3,L2,L2,L1,C3_2,D3_1,F3_2,L1,L2,,,
445322,L2,L3,L3,L1,L2,L3,L2,L2,L1,C3_2,D3_1,F3_2,L1,L3,,,
445323,L2,L3,L3,L1,L2,L3,L2,L2,L1,C3_2,D3_1,F3_2,L2,L1,,,
445324,L2,L3,L3,L1,L2,L3,L2,L2,L1,C3_2,D3_1,F3_2,L2,L2,,,
445325,L2,L3,L3,L1,L2,L3,L2,L2,L1,C3_2,D3_1,F3_2,L2,L3,,,
445326,L2,L3,L3,L1,L2,L3,L2,L2,L1,C3_2,D3_1,F3_2,L3,L1,,,
445327,L2,L3,L3,L1,L2,L3,L2,L2,L1,C3_2,D3_1,F3_2,L3,L2,,,
445328,L2,L3,L3,L1,L2,L3,L2,L2,L1,C3_2,D3_1,F3_2,L3,L3,,,
445329,L2,L3,L3,L1,L2,L3,L2,L2,L1,C3_2,D3_1,F3_3,L1,L1,,,
445330,L2,L3,L3,L1,L2,L3,L2,L2,L1,C3_2,D3_1,F3_3,L1,L2,,,
445331,L2,L3,L3,L1,L2,L3,L2,L2,L1,C3_2,D3_1,F3_3,L1,L3,,,
445332,L2,L3,L3,L1,L2,L3,L2,L2,L1,C3_2,D3_1,F3_3,L2,L1,,,
445333,L2,L3,L3,L1,L2,L3,L2,L2,L1,C3_2,D3_1,F3_3,L2,L2,,,
445334,L2,L3,L3,L1,L2,L3,L2,L2,L1,C3_2,D3_1,F3_3,L2,L3,,,
445335,L2,L3,L3,L1,L2,L3,L2,L2,L1,C3_2,D3_1,F3_3,L3,L1,,,
445336,L2,L3,L3,L1,L2,L3,L2,L2,L1,C3_2,D3_1,F3_3,L3,L2,,,
445337,L2,L3,L3,L1,L2,L3,L2,L2,L1,C3_2,D3_1,F3_3,L3,L3,,,
445338,L2,L3,L3,L1,L2,L3,L2,L2,L1,C3_2,D3_2,F3_1,L1,L1,,,
445339,L2,L3,L3,L1,L2,L3,L2,L2,L1,C3_2,D3_2,F3_1,L1,L2,,,
445340,L2,L3,L3,L1,L2,L3,L2,L2,L1,C3_2,D3_2,F3_1,L1,L3,,,
445341,L2,L3,L3,L1,L2,L3,L2,L2,L1,C3_2,D3_2,F3_1,L2,L1,,,
445342,L2,L3,L3,L1,L2,L3,L2,L2,L1,C3_2,D3_2,F3_1,L2,L2,,,
445343,L2,L3,L3,L1,L2,L3,L2,L2,L1,C3_2,D3_2,F3_1,L2,L3,,,
445344,L2,L3,L3,L1,L2,L3,L2,L2,L1,C3_2,D3_2,F3_1,L3,L1,,,
445345,L2,L3,L3,L1,L2,L3,L2,L2,L1,C3_2,D3_2,F3_1,L3,L2,,,
445346,L2,L3,L3,L1,L2,L3,L2,L2,L1,C3_2,D3_2,F3_1,L3,L3,,,
445347,L2,L3,L3,L1,L2,L3,L2,L2,L1,C3_2,D3_2,F3_2,L1,L1,,,
445348,L2,L3,L3,L1,L2,L3,L2,L2,L1,C3_2,D3_2,F3_2,L1,L2,,,
445349,L2,L3,L3,L1,L2,L3,L2,L2,L1,C3_2,D3_2,F3_2,L1,L3,,,
445350,L2,L3,L3,L1,L2,L3,L2,L2,L1,C3_2,D3_2,F3_2,L2,L1,,,
445351,L2,L3,L3,L1,L2,L3,L2,L2,L1,C3_2,D3_2,F3_2,L2,L2,,,
445352,L2,L3,L3,L1,L2,L3,L2,L2,L1,C3_2,D3_2,F3_2,L2,L3,,,
445353,L2,L3,L3,L1,L2,L3,L2,L2,L1,C3_2,D3_2,F3_2,L3,L1,,,
445354,L2,L3,L3,L1,L2,L3,L2,L2,L1,C3_2,D3_2,F3_2,L3,L2,,,
445355,L2,L3,L3,L1,L2,L3,L2,L2,L1,C3_2,D3_2,F3_2,L3,L3,,,
445356,L2,L3,L3,L1,L2,L3,L2,L2,L1,C3_2,D3_2,F3_3,L1,L1,,,
445357,L2,L3,L3,L1,L2,L3,L2,L2,L1,C3_2,D3_2,F3_3,L1,L2,,,
445358,L2,L3,L3,L1,L2,L3,L2,L2,L1,C3_2,D3_2,F3_3,L1,L3,,,
445359,L2,L3,L3,L1,L2,L3,L2,L2,L1,C3_2,D3_2,F3_3,L2,L1,,,
445360,L2,L3,L3,L1,L2,L3,L2,L2,L1,C3_2,D3_2,F3_3,L2,L2,,,
445361,L2,L3,L3,L1,L2,L3,L2,L2,L1,C3_2,D3_2,F3_3,L2,L3,,,
445362,L2,L3,L3,L1,L2,L3,L2,L2,L1,C3_2,D3_2,F3_3,L3,L1,,,
445363,L2,L3,L3,L1,L2,L3,L2,L2,L1,C3_2,D3_2,F3_3,L3,L2,,,
445364,L2,L3,L3,L1,L2,L3,L2,L2,L1,C3_2,D3_2,F3_3,L3,L3,,,
445365,L2,L3,L3,L1,L2,L3,L2,L2,L1,C3_2,D3_3,F3_1,L1,L1,,,
445366,L2,L3,L3,L1,L2,L3,L2,L2,L1,C3_2,D3_3,F3_1,L1,L2,,,
445367,L2,L3,L3,L1,L2,L3,L2,L2,L1,C3_2,D3_3,F3_1,L1,L3,,,
445368,L2,L3,L3,L1,L2,L3,L2,L2,L1,C3_2,D3_3,F3_1,L2,L1,,,
445369,L2,L3,L3,L1,L2,L3,L2,L2,L1,C3_2,D3_3,F3_1,L2,L2,,,
445370,L2,L3,L3,L1,L2,L3,L2,L2,L1,C3_2,D3_3,F3_1,L2,L3,,,
445371,L2,L3,L3,L1,L2,L3,L2,L2,L1,C3_2,D3_3,F3_1,L3,L1,,,
445372,L2,L3,L3,L1,L2,L3,L2,L2,L1,C3_2,D3_3,F3_1,L3,L2,,,
445373,L2,L3,L3,L1,L2,L3,L2,L2,L1,C3_2,D3_3,F3_1,L3,L3,,,
445374,L2,L3,L3,L1,L2,L3,L2,L2,L1,C3_2,D3_3,F3_2,L1,L1,,,
445375,L2,L3,L3,L1,L2,L3,L2,L2,L1,C3_2,D3_3,F3_2,L1,L2,,,
445376,L2,L3,L3,L1,L2,L3,L2,L2,L1,C3_2,D3_3,F3_2,L1,L3,,,
445377,L2,L3,L3,L1,L2,L3,L2,L2,L1,C3_2,D3_3,F3_2,L2,L1,,,
445378,L2,L3,L3,L1,L2,L3,L2,L2,L1,C3_2,D3_3,F3_2,L2,L2,,,
445379,L2,L3,L3,L1,L2,L3,L2,L2,L1,C3_2,D3_3,F3_2,L2,L3,,,
445380,L2,L3,L3,L1,L2,L3,L2,L2,L1,C3_2,D3_3,F3_2,L3,L1,,,
445381,L2,L3,L3,L1,L2,L3,L2,L2,L1,C3_2,D3_3,F3_2,L3,L2,,,
445382,L2,L3,L3,L1,L2,L3,L2,L2,L1,C3_2,D3_3,F3_2,L3,L3,,,
445383,L2,L3,L3,L1,L2,L3,L2,L2,L1,C3_2,D3_3,F3_3,L1,L1,,,
445384,L2,L3,L3,L1,L2,L3,L2,L2,L1,C3_2,D3_3,F3_3,L1,L2,,,
445385,L2,L3,L3,L1,L2,L3,L2,L2,L1,C3_2,D3_3,F3_3,L1,L3,,,
445386,L2,L3,L3,L1,L2,L3,L2,L2,L1,C3_2,D3_3,F3_3,L2,L1,,,
445387,L2,L3,L3,L1,L2,L3,L2,L2,L1,C3_2,D3_3,F3_3,L2,L2,,,
445388,L2,L3,L3,L1,L2,L3,L2,L2,L1,C3_2,D3_3,F3_3,L2,L3,,,
445389,L2,L3,L3,L1,L2,L3,L2,L2,L1,C3_2,D3_3,F3_3,L3,L1,,,
445390,L2,L3,L3,L1,L2,L3,L2,L2,L1,C3_2,D3_3,F3_3,L3,L2,,,
445391,L2,L3,L3,L1,L2,L3,L2,L2,L1,C3_2,D3_3,F3_3,L3,L3,,,
445392,L2,L3,L3,L1,L2,L3,L2,L2,L1,C3_3,D3_1,F3_1,L1,L1,,,
445393,L2,L3,L3,L1,L2,L3,L2,L2,L1,C3_3,D3_1,F3_1,L1,L2,,,
445394,L2,L3,L3,L1,L2,L3,L2,L2,L1,C3_3,D3_1,F3_1,L1,L3,,,
445395,L2,L3,L3,L1,L2,L3,L2,L2,L1,C3_3,D3_1,F3_1,L2,L1,,,
445396,L2,L3,L3,L1,L2,L3,L2,L2,L1,C3_3,D3_1,F3_1,L2,L2,,,
445397,L2,L3,L3,L1,L2,L3,L2,L2,L1,C3_3,D3_1,F3_1,L2,L3,,,
445398,L2,L3,L3,L1,L2,L3,L2,L2,L1,C3_3,D3_1,F3_1,L3,L1,,,
445399,L2,L3,L3,L1,L2,L3,L2,L2,L1,C3_3,D3_1,F3_1,L3,L2,,,
445400,L2,L3,L3,L1,L2,L3,L2,L2,L1,C3_3,D3_1,F3_1,L3,L3,,,
445401,L2,L3,L3,L1,L2,L3,L2,L2,L1,C3_3,D3_1,F3_2,L1,L1,,,
445402,L2,L3,L3,L1,L2,L3,L2,L2,L1,C3_3,D3_1,F3_2,L1,L2,,,
445403,L2,L3,L3,L1,L2,L3,L2,L2,L1,C3_3,D3_1,F3_2,L1,L3,,,
445404,L2,L3,L3,L1,L2,L3,L2,L2,L1,C3_3,D3_1,F3_2,L2,L1,,,
445405,L2,L3,L3,L1,L2,L3,L2,L2,L1,C3_3,D3_1,F3_2,L2,L2,,,
445406,L2,L3,L3,L1,L2,L3,L2,L2,L1,C3_3,D3_1,F3_2,L2,L3,,,
445407,L2,L3,L3,L1,L2,L3,L2,L2,L1,C3_3,D3_1,F3_2,L3,L1,,,
445408,L2,L3,L3,L1,L2,L3,L2,L2,L1,C3_3,D3_1,F3_2,L3,L2,,,
445409,L2,L3,L3,L1,L2,L3,L2,L2,L1,C3_3,D3_1,F3_2,L3,L3,,,
445410,L2,L3,L3,L1,L2,L3,L2,L2,L1,C3_3,D3_1,F3_3,L1,L1,,,
445411,L2,L3,L3,L1,L2,L3,L2,L2,L1,C3_3,D3_1,F3_3,L1,L2,,,
445412,L2,L3,L3,L1,L2,L3,L2,L2,L1,C3_3,D3_1,F3_3,L1,L3,,,
445413,L2,L3,L3,L1,L2,L3,L2,L2,L1,C3_3,D3_1,F3_3,L2,L1,,,
445414,L2,L3,L3,L1,L2,L3,L2,L2,L1,C3_3,D3_1,F3_3,L2,L2,,,
445415,L2,L3,L3,L1,L2,L3,L2,L2,L1,C3_3,D3_1,F3_3,L2,L3,,,
445416,L2,L3,L3,L1,L2,L3,L2,L2,L1,C3_3,D3_1,F3_3,L3,L1,,,
445417,L2,L3,L3,L1,L2,L3,L2,L2,L1,C3_3,D3_1,F3_3,L3,L2,,,
445418,L2,L3,L3,L1,L2,L3,L2,L2,L1,C3_3,D3_1,F3_3,L3,L3,,,
445419,L2,L3,L3,L1,L2,L3,L2,L2,L1,C3_3,D3_2,F3_1,L1,L1,,,
445420,L2,L3,L3,L1,L2,L3,L2,L2,L1,C3_3,D3_2,F3_1,L1,L2,,,
445421,L2,L3,L3,L1,L2,L3,L2,L2,L1,C3_3,D3_2,F3_1,L1,L3,,,
445422,L2,L3,L3,L1,L2,L3,L2,L2,L1,C3_3,D3_2,F3_1,L2,L1,,,
445423,L2,L3,L3,L1,L2,L3,L2,L2,L1,C3_3,D3_2,F3_1,L2,L2,,,
445424,L2,L3,L3,L1,L2,L3,L2,L2,L1,C3_3,D3_2,F3_1,L2,L3,,,
445425,L2,L3,L3,L1,L2,L3,L2,L2,L1,C3_3,D3_2,F3_1,L3,L1,,,
445426,L2,L3,L3,L1,L2,L3,L2,L2,L1,C3_3,D3_2,F3_1,L3,L2,,,
445427,L2,L3,L3,L1,L2,L3,L2,L2,L1,C3_3,D3_2,F3_1,L3,L3,,,
445428,L2,L3,L3,L1,L2,L3,L2,L2,L1,C3_3,D3_2,F3_2,L1,L1,,,
445429,L2,L3,L3,L1,L2,L3,L2,L2,L1,C3_3,D3_2,F3_2,L1,L2,,,
445430,L2,L3,L3,L1,L2,L3,L2,L2,L1,C3_3,D3_2,F3_2,L1,L3,,,
445431,L2,L3,L3,L1,L2,L3,L2,L2,L1,C3_3,D3_2,F3_2,L2,L1,,,
445432,L2,L3,L3,L1,L2,L3,L2,L2,L1,C3_3,D3_2,F3_2,L2,L2,,,
445433,L2,L3,L3,L1,L2,L3,L2,L2,L1,C3_3,D3_2,F3_2,L2,L3,,,
445434,L2,L3,L3,L1,L2,L3,L2,L2,L1,C3_3,D3_2,F3_2,L3,L1,,,
445435,L2,L3,L3,L1,L2,L3,L2,L2,L1,C3_3,D3_2,F3_2,L3,L2,,,
445436,L2,L3,L3,L1,L2,L3,L2,L2,L1,C3_3,D3_2,F3_2,L3,L3,,,
445437,L2,L3,L3,L1,L2,L3,L2,L2,L1,C3_3,D3_2,F3_3,L1,L1,,,
445438,L2,L3,L3,L1,L2,L3,L2,L2,L1,C3_3,D3_2,F3_3,L1,L2,,,
445439,L2,L3,L3,L1,L2,L3,L2,L2,L1,C3_3,D3_2,F3_3,L1,L3,,,
445440,L2,L3,L3,L1,L2,L3,L2,L2,L1,C3_3,D3_2,F3_3,L2,L1,,,
445441,L2,L3,L3,L1,L2,L3,L2,L2,L1,C3_3,D3_2,F3_3,L2,L2,,,
445442,L2,L3,L3,L1,L2,L3,L2,L2,L1,C3_3,D3_2,F3_3,L2,L3,,,
445443,L2,L3,L3,L1,L2,L3,L2,L2,L1,C3_3,D3_2,F3_3,L3,L1,,,
445444,L2,L3,L3,L1,L2,L3,L2,L2,L1,C3_3,D3_2,F3_3,L3,L2,,,
445445,L2,L3,L3,L1,L2,L3,L2,L2,L1,C3_3,D3_2,F3_3,L3,L3,,,
445446,L2,L3,L3,L1,L2,L3,L2,L2,L1,C3_3,D3_3,F3_1,L1,L1,,,
445447,L2,L3,L3,L1,L2,L3,L2,L2,L1,C3_3,D3_3,F3_1,L1,L2,,,
445448,L2,L3,L3,L1,L2,L3,L2,L2,L1,C3_3,D3_3,F3_1,L1,L3,,,
445449,L2,L3,L3,L1,L2,L3,L2,L2,L1,C3_3,D3_3,F3_1,L2,L1,,,
445450,L2,L3,L3,L1,L2,L3,L2,L2,L1,C3_3,D3_3,F3_1,L2,L2,,,
445451,L2,L3,L3,L1,L2,L3,L2,L2,L1,C3_3,D3_3,F3_1,L2,L3,,,
445452,L2,L3,L3,L1,L2,L3,L2,L2,L1,C3_3,D3_3,F3_1,L3,L1,,,
445453,L2,L3,L3,L1,L2,L3,L2,L2,L1,C3_3,D3_3,F3_1,L3,L2,,,
445454,L2,L3,L3,L1,L2,L3,L2,L2,L1,C3_3,D3_3,F3_1,L3,L3,,,
445455,L2,L3,L3,L1,L2,L3,L2,L2,L1,C3_3,D3_3,F3_2,L1,L1,,,
445456,L2,L3,L3,L1,L2,L3,L2,L2,L1,C3_3,D3_3,F3_2,L1,L2,,,
445457,L2,L3,L3,L1,L2,L3,L2,L2,L1,C3_3,D3_3,F3_2,L1,L3,,,
445458,L2,L3,L3,L1,L2,L3,L2,L2,L1,C3_3,D3_3,F3_2,L2,L1,,,
445459,L2,L3,L3,L1,L2,L3,L2,L2,L1,C3_3,D3_3,F3_2,L2,L2,,,
445460,L2,L3,L3,L1,L2,L3,L2,L2,L1,C3_3,D3_3,F3_2,L2,L3,,,
445461,L2,L3,L3,L1,L2,L3,L2,L2,L1,C3_3,D3_3,F3_2,L3,L1,,,
445462,L2,L3,L3,L1,L2,L3,L2,L2,L1,C3_3,D3_3,F3_2,L3,L2,,,
445463,L2,L3,L3,L1,L2,L3,L2,L2,L1,C3_3,D3_3,F3_2,L3,L3,,,
445464,L2,L3,L3,L1,L2,L3,L2,L2,L1,C3_3,D3_3,F3_3,L1,L1,,,
445465,L2,L3,L3,L1,L2,L3,L2,L2,L1,C3_3,D3_3,F3_3,L1,L2,,,
445466,L2,L3,L3,L1,L2,L3,L2,L2,L1,C3_3,D3_3,F3_3,L1,L3,,,
445467,L2,L3,L3,L1,L2,L3,L2,L2,L1,C3_3,D3_3,F3_3,L2,L1,,,
445468,L2,L3,L3,L1,L2,L3,L2,L2,L1,C3_3,D3_3,F3_3,L2,L2,,,
445469,L2,L3,L3,L1,L2,L3,L2,L2,L1,C3_3,D3_3,F3_3,L2,L3,,,
445470,L2,L3,L3,L1,L2,L3,L2,L2,L1,C3_3,D3_3,F3_3,L3,L1,,,
445471,L2,L3,L3,L1,L2,L3,L2,L2,L1,C3_3,D3_3,F3_3,L3,L2,,,
445472,L2,L3,L3,L1,L2,L3,L2,L2,L1,C3_3,D3_3,F3_3,L3,L3,,,
480330,L3,L2,L3,L1,L3,L3,L2,L2,L1,C3_1,D3_1,F3_1,L1,L1,,,
480331,L3,L2,L3,L1,L3,L3,L2,L2,L1,C3_1,D3_1,F3_1,L1,L2,,,
480332,L3,L2,L3,L1,L3,L3,L2,L2,L1,C3_1,D3_1,F3_1,L1,L3,,,
480333,L3,L2,L3,L1,L3,L3,L2,L2,L1,C3_1,D3_1,F3_1,L2,L1,,,
480334,L3,L2,L3,L1,L3,L3,L2,L2,L1,C3_1,D3_1,F3_1,L2,L2,,,
480335,L3,L2,L3,L1,L3,L3,L2,L2,L1,C3_1,D3_1,F3_1,L2,L3,,,
480336,L3,L2,L3,L1,L3,L3,L2,L2,L1,C3_1,D3_1,F3_1,L3,L1,,,
480337,L3,L2,L3,L1,L3,L3,L2,L2,L1,C3_1,D3_1,F3_1,L3,L2,,,
480338,L3,L2,L3,L1,L3,L3,L2,L2,L1,C3_1,D3_1,F3_1,L3,L3,,,
480339,L3,L2,L3,L1,L3,L3,L2,L2,L1,C3_1,D3_1,F3_2,L1,L1,,,
480340,L3,L2,L3,L1,L3,L3,L2,L2,L1,C3_1,D3_1,F3_2,L1,L2,,,
480341,L3,L2,L3,L1,L3,L3,L2,L2,L1,C3_1,D3_1,F3_2,L1,L3,,,
480342,L3,L2,L3,L1,L3,L3,L2,L2,L1,C3_1,D3_1,F3_2,L2,L1,,,
480343,L3,L2,L3,L1,L3,L3,L2,L2,L1,C3_1,D3_1,F3_2,L2,L2,,,
480344,L3,L2,L3,L1,L3,L3,L2,L2,L1,C3_1,D3_1,F3_2,L2,L3,,,
480345,L3,L2,L3,L1,L3,L3,L2,L2,L1,C3_1,D3_1,F3_2,L3,L1,,,
480346,L3,L2,L3,L1,L3,L3,L2,L2,L1,C3_1,D3_1,F3_2,L3,L2,,,
480347,L3,L2,L3,L1,L3,L3,L2,L2,L1,C3_1,D3_1,F3_2,L3,L3,,,
480348,L3,L2,L3,L1,L3,L3,L2,L2,L1,C3_1,D3_1,F3_3,L1,L1,,,
480349,L3,L2,L3,L1,L3,L3,L2,L2,L1,C3_1,D3_1,F3_3,L1,L2,,,
480350,L3,L2,L3,L1,L3,L3,L2,L2,L1,C3_1,D3_1,F3_3,L1,L3,,,
480351,L3,L2,L3,L1,L3,L3,L2,L2,L1,C3_1,D3_1,F3_3,L2,L1,,,
480352,L3,L2,L3,L1,L3,L3,L2,L2,L1,C3_1,D3_1,F3_3,L2,L2,,,
480353,L3,L2,L3,L1,L3,L3,L2,L2,L1,C3_1,D3_1,F3_3,L2,L3,,,
480354,L3,L2,L3,L1,L3,L3,L2,L2,L1,C3_1,D3_1,F3_3,L3,L1,,,
480355,L3,L2,L3,L1,L3,L3,L2,L2,L1,C3_1,D3_1,F3_3,L3,L2,,,
480356,L3,L2,L3,L1,L3,L3,L2,L2,L1,C3_1,D3_1,F3_3,L3,L3,,,
480357,L3,L2,L3,L1,L3,L3,L2,L2,L1,C3_1,D3_2,F3_1,L1,L1,,,
480358,L3,L2,L3,L1,L3,L3,L2,L2,L1,C3_1,D3_2,F3_1,L1,L2,,,
480359,L3,L2,L3,L1,L3,L3,L2,L2,L1,C3_1,D3_2,F3_1,L1,L3,,,
480360,L3,L2,L3,L1,L3,L3,L2,L2,L1,C3_1,D3_2,F3_1,L2,L1,,,
480361,L3,L2,L3,L1,L3,L3,L2,L2,L1,C3_1,D3_2,F3_1,L2,L2,,,
480362,L3,L2,L3,L1,L3,L3,L2,L2,L1,C3_1,D3_2,F3_1,L2,L3,,,
480363,L3,L2,L3,L1,L3,L3,L2,L2,L1,C3_1,D3_2,F3_1,L3,L1,,,
480364,L3,L2,L3,L1,L3,L3,L2,L2,L1,C3_1,D3_2,F3_1,L3,L2,,,
480365,L3,L2,L3,L1,L3,L3,L2,L2,L1,C3_1,D3_2,F3_1,L3,L3,,,
480366,L3,L2,L3,L1,L3,L3,L2,L2,L1,C3_1,D3_2,F3_2,L1,L1,,,
480367,L3,L2,L3,L1,L3,L3,L2,L2,L1,C3_1,D3_2,F3_2,L1,L2,,,
480368,L3,L2,L3,L1,L3,L3,L2,L2,L1,C3_1,D3_2,F3_2,L1,L3,,,
480369,L3,L2,L3,L1,L3,L3,L2,L2,L1,C3_1,D3_2,F3_2,L2,L1,,,
480370,L3,L2,L3,L1,L3,L3,L2,L2,L1,C3_1,D3_2,F3_2,L2,L2,,,
480371,L3,L2,L3,L1,L3,L3,L2,L2,L1,C3_1,D3_2,F3_2,L2,L3,,,
480372,L3,L2,L3,L1,L3,L3,L2,L2,L1,C3_1,D3_2,F3_2,L3,L1,,,
480373,L3,L2,L3,L1,L3,L3,L2,L2,L1,C3_1,D3_2,F3_2,L3,L2,,,
480374,L3,L2,L3,L1,L3,L3,L2,L2,L1,C3_1,D3_2,F3_2,L3,L3,,,
480375,L3,L2,L3,L1,L3,L3,L2,L2,L1,C3_1,D3_2,F3_3,L1,L1,,,
480376,L3,L2,L3,L1,L3,L3,L2,L2,L1,C3_1,D3_2,F3_3,L1,L2,,,
480377,L3,L2,L3,L1,L3,L3,L2,L2,L1,C3_1,D3_2,F3_3,L1,L3,,,
480378,L3,L2,L3,L1,L3,L3,L2,L2,L1,C3_1,D3_2,F3_3,L2,L1,,,
480379,L3,L2,L3,L1,L3,L3,L2,L2,L1,C3_1,D3_2,F3_3,L2,L2,,,
480380,L3,L2,L3,L1,L3,L3,L2,L2,L1,C3_1,D3_2,F3_3,L2,L3,,,
480381,L3,L2,L3,L1,L3,L3,L2,L2,L1,C3_1,D3_2,F3_3,L3,L1,,,
480382,L3,L2,L3,L1,L3,L3,L2,L2,L1,C3_1,D3_2,F3_3,L3,L2,,,
480383,L3,L2,L3,L1,L3,L3,L2,L2,L1,C3_1,D3_2,F3_3,L3,L3,,,
480384,L3,L2,L3,L1,L3,L3,L2,L2,L1,C3_1,D3_3,F3_1,L1,L1,,,
480385,L3,L2,L3,L1,L3,L3,L2,L2,L1,C3_1,D3_3,F3_1,L1,L2,,,
480386,L3,L2,L3,L1,L3,L3,L2,L2,L1,C3_1,D3_3,F3_1,L1,L3,,,
480387,L3,L2,L3,L1,L3,L3,L2,L2,L1,C3_1,D3_3,F3_1,L2,L1,,,
480388,L3,L2,L3,L1,L3,L3,L2,L2,L1,C3_1,D3_3,F3_1,L2,L2,,,
480389,L3,L2,L3,L1,L3,L3,L2,L2,L1,C3_1,D3_3,F3_1,L2,L3,,,
480390,L3,L2,L3,L1,L3,L3,L2,L2,L1,C3_1,D3_3,F3_1,L3,L1,,,
480391,L3,L2,L3,L1,L3,L3,L2,L2,L1,C3_1,D3_3,F3_1,L3,L2,,,
480392,L3,L2,L3,L1,L3,L3,L2,L2,L1,C3_1,D3_3,F3_1,L3,L3,,,
480393,L3,L2,L3,L1,L3,L3,L2,L2,L1,C3_1,D3_3,F3_2,L1,L1,,,
480394,L3,L2,L3,L1,L3,L3,L2,L2,L1,C3_1,D3_3,F3_2,L1,L2,,,
480395,L3,L2,L3,L1,L3,L3,L2,L2,L1,C3_1,D3_3,F3_2,L1,L3,,,
480396,L3,L2,L3,L1,L3,L3,L2,L2,L1,C3_1,D3_3,F3_2,L2,L1,,,
480397,L3,L2,L3,L1,L3,L3,L2,L2,L1,C3_1,D3_3,F3_2,L2,L2,,,
480398,L3,L2,L3,L1,L3,L3,L2,L2,L1,C3_1,D3_3,F3_2,L2,L3,,,
480399,L3,L2,L3,L1,L3,L3,L2,L2,L1,C3_1,D3_3,F3_2,L3,L1,,,
480400,L3,L2,L3,L1,L3,L3,L2,L2,L1,C3_1,D3_3,F3_2,L3,L2,,,
480401,L3,L2,L3,L1,L3,L3,L2,L2,L1,C3_1,D3_3,F3_2,L3,L3,,,
480402,L3,L2,L3,L1,L3,L3,L2,L2,L1,C3_1,D3_3,F3_3,L1,L1,,,
480403,L3,L2,L3,L1,L3,L3,L2,L2,L1,C3_1,D3_3,F3_3,L1,L2,,,
480404,L3,L2,L3,L1,L3,L3,L2,L2,L1,C3_1,D3_3,F3_3,L1,L3,,,
480405,L3,L2,L3,L1,L3,L3,L2,L2,L1,C3_1,D3_3,F3_3,L2,L1,,,
480406,L3,L2,L3,L1,L3,L3,L2,L2,L1,C3_1,D3_3,F3_3,L2,L2,,,
480407,L3,L2,L3,L1,L3,L3,L2,L2,L1,C3_1,D3_3,F3_3,L2,L3,,,
480408,L3,L2,L3,L1,L3,L3,L2,L2,L1,C3_1,D3_3,F3_3,L3,L1,,,
480409,L3,L2,L3,L1,L3,L3,L2,L2,L1,C3_1,D3_3,F3_3,L3,L2,,,
480410,L3,L2,L3,L1,L3,L3,L2,L2,L1,C3_1,D3_3,F3_3,L3,L3,,,
480411,L3,L2,L3,L1,L3,L3,L2,L2,L1,C3_2,D3_1,F3_1,L1,L1,,,
480412,L3,L2,L3,L1,L3,L3,L2,L2,L1,C3_2,D3_1,F3_1,L1,L2,,,
480413,L3,L2,L3,L1,L3,L3,L2,L2,L1,C3_2,D3_1,F3_1,L1,L3,,,
480414,L3,L2,L3,L1,L3,L3,L2,L2,L1,C3_2,D3_1,F3_1,L2,L1,,,
480415,L3,L2,L3,L1,L3,L3,L2,L2,L1,C3_2,D3_1,F3_1,L2,L2,,,
480416,L3,L2,L3,L1,L3,L3,L2,L2,L1,C3_2,D3_1,F3_1,L2,L3,,,
480417,L3,L2,L3,L1,L3,L3,L2,L2,L1,C3_2,D3_1,F3_1,L3,L1,,,
480418,L3,L2,L3,L1,L3,L3,L2,L2,L1,C3_2,D3_1,F3_1,L3,L2,,,
480419,L3,L2,L3,L1,L3,L3,L2,L2,L1,C3_2,D3_1,F3_1,L3,L3,,,
480420,L3,L2,L3,L1,L3,L3,L2,L2,L1,C3_2,D3_1,F3_2,L1,L1,,,
480421,L3,L2,L3,L1,L3,L3,L2,L2,L1,C3_2,D3_1,F3_2,L1,L2,,,
480422,L3,L2,L3,L1,L3,L3,L2,L2,L1,C3_2,D3_1,F3_2,L1,L3,,,
480423,L3,L2,L3,L1,L3,L3,L2,L2,L1,C3_2,D3_1,F3_2,L2,L1,,,
480424,L3,L2,L3,L1,L3,L3,L2,L2,L1,C3_2,D3_1,F3_2,L2,L2,,,
480425,L3,L2,L3,L1,L3,L3,L2,L2,L1,C3_2,D3_1,F3_2,L2,L3,,,
480426,L3,L2,L3,L1,L3,L3,L2,L2,L1,C3_2,D3_1,F3_2,L3,L1,,,
480427,L3,L2,L3,L1,L3,L3,L2,L2,L1,C3_2,D3_1,F3_2,L3,L2,,,
480428,L3,L2,L3,L1,L3,L3,L2,L2,L1,C3_2,D3_1,F3_2,L3,L3,,,
480429,L3,L2,L3,L1,L3,L3,L2,L2,L1,C3_2,D3_1,F3_3,L1,L1,,,
480430,L3,L2,L3,L1,L3,L3,L2,L2,L1,C3_2,D3_1,F3_3,L1,L2,,,
480431,L3,L2,L3,L1,L3,L3,L2,L2,L1,C3_2,D3_1,F3_3,L1,L3,,,
480432,L3,L2,L3,L1,L3,L3,L2,L2,L1,C3_2,D3_1,F3_3,L2,L1,,,
480433,L3,L2,L3,L1,L3,L3,L2,L2,L1,C3_2,D3_1,F3_3,L2,L2,,,
480434,L3,L2,L3,L1,L3,L3,L2,L2,L1,C3_2,D3_1,F3_3,L2,L3,,,
480435,L3,L2,L3,L1,L3,L3,L2,L2,L1,C3_2,D3_1,F3_3,L3,L1,,,
480436,L3,L2,L3,L1,L3,L3,L2,L2,L1,C3_2,D3_1,F3_3,L3,L2,,,
480437,L3,L2,L3,L1,L3,L3,L2,L2,L1,C3_2,D3_1,F3_3,L3,L3,,,
480438,L3,L2,L3,L1,L3,L3,L2,L2,L1,C3_2,D3_2,F3_1,L1,L1,,,
480439,L3,L2,L3,L1,L3,L3,L2,L2,L1,C3_2,D3_2,F3_1,L1,L2,,,
480440,L3,L2,L3,L1,L3,L3,L2,L2,L1,C3_2,D3_2,F3_1,L1,L3,,,
480441,L3,L2,L3,L1,L3,L3,L2,L2,L1,C3_2,D3_2,F3_1,L2,L1,,,
480442,L3,L2,L3,L1,L3,L3,L2,L2,L1,C3_2,D3_2,F3_1,L2,L2,,,
480443,L3,L2,L3,L1,L3,L3,L2,L2,L1,C3_2,D3_2,F3_1,L2,L3,,,
480444,L3,L2,L3,L1,L3,L3,L2,L2,L1,C3_2,D3_2,F3_1,L3,L1,,,
480445,L3,L2,L3,L1,L3,L3,L2,L2,L1,C3_2,D3_2,F3_1,L3,L2,,,
480446,L3,L2,L3,L1,L3,L3,L2,L2,L1,C3_2,D3_2,F3_1,L3,L3,,,
480447,L3,L2,L3,L1,L3,L3,L2,L2,L1,C3_2,D3_2,F3_2,L1,L1,,,
480448,L3,L2,L3,L1,L3,L3,L2,L2,L1,C3_2,D3_2,F3_2,L1,L2,,,
480449,L3,L2,L3,L1,L3,L3,L2,L2,L1,C3_2,D3_2,F3_2,L1,L3,,,
480450,L3,L2,L3,L1,L3,L3,L2,L2,L1,C3_2,D3_2,F3_2,L2,L1,,,
480451,L3,L2,L3,L1,L3,L3,L2,L2,L1,C3_2,D3_2,F3_2,L2,L2,,,
480452,L3,L2,L3,L1,L3,L3,L2,L2,L1,C3_2,D3_2,F3_2,L2,L3,,,
480453,L3,L2,L3,L1,L3,L3,L2,L2,L1,C3_2,D3_2,F3_2,L3,L1,,,
480454,L3,L2,L3,L1,L3,L3,L2,L2,L1,C3_2,D3_2,F3_2,L3,L2,,,
480455,L3,L2,L3,L1,L3,L3,L2,L2,L1,C3_2,D3_2,F3_2,L3,L3,,,
480456,L3,L2,L3,L1,L3,L3,L2,L2,L1,C3_2,D3_2,F3_3,L1,L1,,,
480457,L3,L2,L3,L1,L3,L3,L2,L2,L1,C3_2,D3_2,F3_3,L1,L2,,,
480458,L3,L2,L3,L1,L3,L3,L2,L2,L1,C3_2,D3_2,F3_3,L1,L3,,,
480459,L3,L2,L3,L1,L3,L3,L2,L2,L1,C3_2,D3_2,F3_3,L2,L1,,,
480460,L3,L2,L3,L1,L3,L3,L2,L2,L1,C3_2,D3_2,F3_3,L2,L2,,,
480461,L3,L2,L3,L1,L3,L3,L2,L2,L1,C3_2,D3_2,F3_3,L2,L3,,,
480462,L3,L2,L3,L1,L3,L3,L2,L2,L1,C3_2,D3_2,F3_3,L3,L1,,,
480463,L3,L2,L3,L1,L3,L3,L2,L2,L1,C3_2,D3_2,F3_3,L3,L2,,,
480464,L3,L2,L3,L1,L3,L3,L2,L2,L1,C3_2,D3_2,F3_3,L3,L3,,,
480465,L3,L2,L3,L1,L3,L3,L2,L2,L1,C3_2,D3_3,F3_1,L1,L1,,,
480466,L3,L2,L3,L1,L3,L3,L2,L2,L1,C3_2,D3_3,F3_1,L1,L2,,,
480467,L3,L2,L3,L1,L3,L3,L2,L2,L1,C3_2,D3_3,F3_1,L1,L3,,,
480468,L3,L2,L3,L1,L3,L3,L2,L2,L1,C3_2,D3_3,F3_1,L2,L1,,,
480469,L3,L2,L3,L1,L3,L3,L2,L2,L1,C3_2,D3_3,F3_1,L2,L2,,,
480470,L3,L2,L3,L1,L3,L3,L2,L2,L1,C3_2,D3_3,F3_1,L2,L3,,,
480471,L3,L2,L3,L1,L3,L3,L2,L2,L1,C3_2,D3_3,F3_1,L3,L1,,,
480472,L3,L2,L3,L1,L3,L3,L2,L2,L1,C3_2,D3_3,F3_1,L3,L2,,,
480473,L3,L2,L3,L1,L3,L3,L2,L2,L1,C3_2,D3_3,F3_1,L3,L3,,,
480474,L3,L2,L3,L1,L3,L3,L2,L2,L1,C3_2,D3_3,F3_2,L1,L1,,,
480475,L3,L2,L3,L1,L3,L3,L2,L2,L1,C3_2,D3_3,F3_2,L1,L2,,,
480476,L3,L2,L3,L1,L3,L3,L2,L2,L1,C3_2,D3_3,F3_2,L1,L3,,,
480477,L3,L2,L3,L1,L3,L3,L2,L2,L1,C3_2,D3_3,F3_2,L2,L1,,,
480478,L3,L2,L3,L1,L3,L3,L2,L2,L1,C3_2,D3_3,F3_2,L2,L2,,,
480479,L3,L2,L3,L1,L3,L3,L2,L2,L1,C3_2,D3_3,F3_2,L2,L3,,,
480480,L3,L2,L3,L1,L3,L3,L2,L2,L1,C3_2,D3_3,F3_2,L3,L1,,,
480481,L3,L2,L3,L1,L3,L3,L2,L2,L1,C3_2,D3_3,F3_2,L3,L2,,,
480482,L3,L2,L3,L1,L3,L3,L2,L2,L1,C3_2,D3_3,F3_2,L3,L3,,,
480483,L3,L2,L3,L1,L3,L3,L2,L2,L1,C3_2,D3_3,F3_3,L1,L1,,,
480484,L3,L2,L3,L1,L3,L3,L2,L2,L1,C3_2,D3_3,F3_3,L1,L2,,,
480485,L3,L2,L3,L1,L3,L3,L2,L2,L1,C3_2,D3_3,F3_3,L1,L3,,,
480486,L3,L2,L3,L1,L3,L3,L2,L2,L1,C3_2,D3_3,F3_3,L2,L1,,,
480487,L3,L2,L3,L1,L3,L3,L2,L2,L1,C3_2,D3_3,F3_3,L2,L2,,,
480488,L3,L2,L3,L1,L3,L3,L2,L2,L1,C3_2,D3_3,F3_3,L2,L3,,,
480489,L3,L2,L3,L1,L3,L3,L2,L2,L1,C3_2,D3_3,F3_3,L3,L1,,,
480490,L3,L2,L3,L1,L3,L3,L2,L2,L1,C3_2,D3_3,F3_3,L3,L2,,,
480491,L3,L2,L3,L1,L3,L3,L2,L2,L1,C3_2,D3_3,F3_3,L3,L3,,,
480492,L3,L2,L3,L1,L3,L3,L2,L2,L1,C3_3,D3_1,F3_1,L1,L1,,,
480493,L3,L2,L3,L1,L3,L3,L2,L2,L1,C3_3,D3_1,F3_1,L1,L2,,,
480494,L3,L2,L3,L1,L3,L3,L2,L2,L1,C3_3,D3_1,F3_1,L1,L3,,,
480495,L3,L2,L3,L1,L3,L3,L2,L2,L1,C3_3,D3_1,F3_1,L2,L1,,,
480496,L3,L2,L3,L1,L3,L3,L2,L2,L1,C3_3,D3_1,F3_1,L2,L2,,,
480497,L3,L2,L3,L1,L3,L3,L2,L2,L1,C3_3,D3_1,F3_1,L2,L3,,,
480498,L3,L2,L3,L1,L3,L3,L2,L2,L1,C3_3,D3_1,F3_1,L3,L1,,,
480499,L3,L2,L3,L1,L3,L3,L2,L2,L1,C3_3,D3_1,F3_1,L3,L2,,,
480500,L3,L2,L3,L1,L3,L3,L2,L2,L1,C3_3,D3_1,F3_1,L3,L3,,,
480501,L3,L2,L3,L1,L3,L3,L2,L2,L1,C3_3,D3_1,F3_2,L1,L1,,,
480502,L3,L2,L3,L1,L3,L3,L2,L2,L1,C3_3,D3_1,F3_2,L1,L2,,,
480503,L3,L2,L3,L1,L3,L3,L2,L2,L1,C3_3,D3_1,F3_2,L1,L3,,,
480504,L3,L2,L3,L1,L3,L3,L2,L2,L1,C3_3,D3_1,F3_2,L2,L1,,,
480505,L3,L2,L3,L1,L3,L3,L2,L2,L1,C3_3,D3_1,F3_2,L2,L2,,,
480506,L3,L2,L3,L1,L3,L3,L2,L2,L1,C3_3,D3_1,F3_2,L2,L3,,,
480507,L3,L2,L3,L1,L3,L3,L2,L2,L1,C3_3,D3_1,F3_2,L3,L1,,,
480508,L3,L2,L3,L1,L3,L3,L2,L2,L1,C3_3,D3_1,F3_2,L3,L2,,,
480509,L3,L2,L3,L1,L3,L3,L2,L2,L1,C3_3,D3_1,F3_2,L3,L3,,,
480510,L3,L2,L3,L1,L3,L3,L2,L2,L1,C3_3,D3_1,F3_3,L1,L1,,,
480511,L3,L2,L3,L1,L3,L3,L2,L2,L1,C3_3,D3_1,F3_3,L1,L2,,,
480512,L3,L2,L3,L1,L3,L3,L2,L2,L1,C3_3,D3_1,F3_3,L1,L3,,,
480513,L3,L2,L3,L1,L3,L3,L2,L2,L1,C3_3,D3_1,F3_3,L2,L1,,,
480514,L3,L2,L3,L1,L3,L3,L2,L2,L1,C3_3,D3_1,F3_3,L2,L2,,,
480515,L3,L2,L3,L1,L3,L3,L2,L2,L1,C3_3,D3_1,F3_3,L2,L3,,,
480516,L3,L2,L3,L1,L3,L3,L2,L2,L1,C3_3,D3_1,F3_3,L3,L1,,,
480517,L3,L2,L3,L1,L3,L3,L2,L2,L1,C3_3,D3_1,F3_3,L3,L2,,,
480518,L3,L2,L3,L1,L3,L3,L2,L2,L1,C3_3,D3_1,F3_3,L3,L3,,,
480519,L3,L2,L3,L1,L3,L3,L2,L2,L1,C3_3,D3_2,F3_1,L1,L1,,,
480520,L3,L2,L3,L1,L3,L3,L2,L2,L1,C3_3,D3_2,F3_1,L1,L2,,,
480521,L3,L2,L3,L1,L3,L3,L2,L2,L1,C3_3,D3_2,F3_1,L1,L3,,,
480522,L3,L2,L3,L1,L3,L3,L2,L2,L1,C3_3,D3_2,F3_1,L2,L1,,,
480523,L3,L2,L3,L1,L3,L3,L2,L2,L1,C3_3,D3_2,F3_1,L2,L2,,,
480524,L3,L2,L3,L1,L3,L3,L2,L2,L1,C3_3,D3_2,F3_1,L2,L3,,,
480525,L3,L2,L3,L1,L3,L3,L2,L2,L1,C3_3,D3_2,F3_1,L3,L1,,,
480526,L3,L2,L3,L1,L3,L3,L2,L2,L1,C3_3,D3_2,F3_1,L3,L2,,,
480527,L3,L2,L3,L1,L3,L3,L2,L2,L1,C3_3,D3_2,F3_1,L3,L3,,,
480528,L3,L2,L3,L1,L3,L3,L2,L2,L1,C3_3,D3_2,F3_2,L1,L1,,,
480529,L3,L2,L3,L1,L3,L3,L2,L2,L1,C3_3,D3_2,F3_2,L1,L2,,,
480530,L3,L2,L3,L1,L3,L3,L2,L2,L1,C3_3,D3_2,F3_2,L1,L3,,,
480531,L3,L2,L3,L1,L3,L3,L2,L2,L1,C3_3,D3_2,F3_2,L2,L1,,,
480532,L3,L2,L3,L1,L3,L3,L2,L2,L1,C3_3,D3_2,F3_2,L2,L2,,,
480533,L3,L2,L3,L1,L3,L3,L2,L2,L1,C3_3,D3_2,F3_2,L2,L3,,,
480534,L3,L2,L3,L1,L3,L3,L2,L2,L1,C3_3,D3_2,F3_2,L3,L1,,,
480535,L3,L2,L3,L1,L3,L3,L2,L2,L1,C3_3,D3_2,F3_2,L3,L2,,,
480536,L3,L2,L3,L1,L3,L3,L2,L2,L1,C3_3,D3_2,F3_2,L3,L3,,,
480537,L3,L2,L3,L1,L3,L3,L2,L2,L1,C3_3,D3_2,F3_3,L1,L1,,,
480538,L3,L2,L3,L1,L3,L3,L2,L2,L1,C3_3,D3_2,F3_3,L1,L2,,,
480539,L3,L2,L3,L1,L3,L3,L2,L2,L1,C3_3,D3_2,F3_3,L1,L3,,,
480540,L3,L2,L3,L1,L3,L3,L2,L2,L1,C3_3,D3_2,F3_3,L2,L1,,,
480541,L3,L2,L3,L1,L3,L3,L2,L2,L1,C3_3,D3_2,F3_3,L2,L2,,,
480542,L3,L2,L3,L1,L3,L3,L2,L2,L1,C3_3,D3_2,F3_3,L2,L3,,,
480543,L3,L2,L3,L1,L3,L3,L2,L2,L1,C3_3,D3_2,F3_3,L3,L1,,,
480544,L3,L2,L3,L1,L3,L3,L2,L2,L1,C3_3,D3_2,F3_3,L3,L2,,,
480545,L3,L2,L3,L1,L3,L3,L2,L2,L1,C3_3,D3_2,F3_3,L3,L3,,,
480546,L3,L2,L3,L1,L3,L3,L2,L2,L1,C3_3,D3_3,F3_1,L1,L1,,,
480547,L3,L2,L3,L1,L3,L3,L2,L2,L1,C3_3,D3_3,F3_1,L1,L2,,,
480548,L3,L2,L3,L1,L3,L3,L2,L2,L1,C3_3,D3_3,F3_1,L1,L3,,,
480549,L3,L2,L3,L1,L3,L3,L2,L2,L1,C3_3,D3_3,F3_1,L2,L1,,,
480550,L3,L2,L3,L1,L3,L3,L2,L2,L1,C3_3,D3_3,F3_1,L2,L2,,,
480551,L3,L2,L3,L1,L3,L3,L2,L2,L1,C3_3,D3_3,F3_1,L2,L3,,,
480552,L3,L2,L3,L1,L3,L3,L2,L2,L1,C3_3,D3_3,F3_1,L3,L1,,,
480553,L3,L2,L3,L1,L3,L3,L2,L2,L1,C3_3,D3_3,F3_1,L3,L2,,,
480554,L3,L2,L3,L1,L3,L3,L2,L2,L1,C3_3,D3_3,F3_1,L3,L3,,,
480555,L3,L2,L3,L1,L3,L3,L2,L2,L1,C3_3,D3_3,F3_2,L1,L1,,,
480556,L3,L2,L3,L1,L3,L3,L2,L2,L1,C3_3,D3_3,F3_2,L1,L2,,,
480557,L3,L2,L3,L1,L3,L3,L2,L2,L1,C3_3,D3_3,F3_2,L1,L3,,,
480558,L3,L2,L3,L1,L3,L3,L2,L2,L1,C3_3,D3_3,F3_2,L2,L1,,,
480559,L3,L2,L3,L1,L3,L3,L2,L2,L1,C3_3,D3_3,F3_2,L2,L2,,,
480560,L3,L2,L3,L1,L3,L3,L2,L2,L1,C3_3,D3_3,F3_2,L2,L3,,,
480561,L3,L2,L3,L1,L3,L3,L2,L2,L1,C3_3,D3_3,F3_2,L3,L1,,,
480562,L3,L2,L3,L1,L3,L3,L2,L2,L1,C3_3,D3_3,F3_2,L3,L2,,,
480563,L3,L2,L3,L1,L3,L3,L2,L2,L1,C3_3,D3_3,F3_2,L3,L3,,,
480564,L3,L2,L3,L1,L3,L3,L2,L2,L1,C3_3,D3_3,F3_3,L1,L1,,,
480565,L3,L2,L3,L1,L3,L3,L2,L2,L1,C3_3,D3_3,F3_3,L1,L2,,,
480566,L3,L2,L3,L1,L3,L3,L2,L2,L1,C3_3,D3_3,F3_3,L1,L3,,,
480567,L3,L2,L3,L1,L3,L3,L2,L2,L1,C3_3,D3_3,F3_3,L2,L1,,,
480568,L3,L2,L3,L1,L3,L3,L2,L2,L1,C3_3,D3_3,F3_3,L2,L2,,,
480569,L3,L2,L3,L1,L3,L3,L2,L2,L1,C3_3,D3_3,F3_3,L2,L3,,,
480570,L3,L2,L3,L1,L3,L3,L2,L2,L1,C3_3,D3_3,F3_3,L3,L1,,,
480571,L3,L2,L3,L1,L3,L3,L2,L2,L1,C3_3,D3_3,F3_3,L3,L2,,,
480572,L3,L2,L3,L1,L3,L3,L2,L2,L1,C3_3,D3_3,F3_3,L3,L3,,,
509166,L1,L2,L3,L2,L1,L3,L2,L2,L1,C3_1,D3_1,F3_1,L1,L1,,,
509167,L1,L2,L3,L2,L1,L3,L2,L2,L1,C3_1,D3_1,F3_1,L1,L2,,,
509168,L1,L2,L3,L2,L1,L3,L2,L2,L1,C3_1,D3_1,F3_1,L1,L3,,,
509169,L1,L2,L3,L2,L1,L3,L2,L2,L1,C3_1,D3_1,F3_1,L2,L1,,,
509170,L1,L2,L3,L2,L1,L3,L2,L2,L1,C3_1,D3_1,F3_1,L2,L2,,,
509171,L1,L2,L3,L2,L1,L3,L2,L2,L1,C3_1,D3_1,F3_1,L2,L3,,,
509172,L1,L2,L3,L2,L1,L3,L2,L2,L1,C3_1,D3_1,F3_1,L3,L1,,,
509173,L1,L2,L3,L2,L1,L3,L2,L2,L1,C3_1,D3_1,F3_1,L3,L2,,,
509174,L1,L2,L3,L2,L1,L3,L2,L2,L1,C3_1,D3_1,F3_1,L3,L3,,,
509175,L1,L2,L3,L2,L1,L3,L2,L2,L1,C3_1,D3_1,F3_2,L1,L1,,,
509176,L1,L2,L3,L2,L1,L3,L2,L2,L1,C3_1,D3_1,F3_2,L1,L2,,,
509177,L1,L2,L3,L2,L1,L3,L2,L2,L1,C3_1,D3_1,F3_2,L1,L3,,,
509178,L1,L2,L3,L2,L1,L3,L2,L2,L1,C3_1,D3_1,F3_2,L2,L1,,,
509179,L1,L2,L3,L2,L1,L3,L2,L2,L1,C3_1,D3_1,F3_2,L2,L2,,,
509180,L1,L2,L3,L2,L1,L3,L2,L2,L1,C3_1,D3_1,F3_2,L2,L3,,,
509181,L1,L2,L3,L2,L1,L3,L2,L2,L1,C3_1,D3_1,F3_2,L3,L1,,,
509182,L1,L2,L3,L2,L1,L3,L2,L2,L1,C3_1,D3_1,F3_2,L3,L2,,,
509183,L1,L2,L3,L2,L1,L3,L2,L2,L1,C3_1,D3_1,F3_2,L3,L3,,,
509184,L1,L2,L3,L2,L1,L3,L2,L2,L1,C3_1,D3_1,F3_3,L1,L1,,,
509185,L1,L2,L3,L2,L1,L3,L2,L2,L1,C3_1,D3_1,F3_3,L1,L2,,,
509186,L1,L2,L3,L2,L1,L3,L2,L2,L1,C3_1,D3_1,F3_3,L1,L3,,,
509187,L1,L2,L3,L2,L1,L3,L2,L2,L1,C3_1,D3_1,F3_3,L2,L1,,,
509188,L1,L2,L3,L2,L1,L3,L2,L2,L1,C3_1,D3_1,F3_3,L2,L2,,,
509189,L1,L2,L3,L2,L1,L3,L2,L2,L1,C3_1,D3_1,F3_3,L2,L3,,,
509190,L1,L2,L3,L2,L1,L3,L2,L2,L1,C3_1,D3_1,F3_3,L3,L1,,,
509191,L1,L2,L3,L2,L1,L3,L2,L2,L1,C3_1,D3_1,F3_3,L3,L2,,,
509192,L1,L2,L3,L2,L1,L3,L2,L2,L1,C3_1,D3_1,F3_3,L3,L3,,,
509193,L1,L2,L3,L2,L1,L3,L2,L2,L1,C3_1,D3_2,F3_1,L1,L1,,,
509194,L1,L2,L3,L2,L1,L3,L2,L2,L1,C3_1,D3_2,F3_1,L1,L2,,,
509195,L1,L2,L3,L2,L1,L3,L2,L2,L1,C3_1,D3_2,F3_1,L1,L3,,,
509196,L1,L2,L3,L2,L1,L3,L2,L2,L1,C3_1,D3_2,F3_1,L2,L1,,,
509197,L1,L2,L3,L2,L1,L3,L2,L2,L1,C3_1,D3_2,F3_1,L2,L2,,,
509198,L1,L2,L3,L2,L1,L3,L2,L2,L1,C3_1,D3_2,F3_1,L2,L3,,,
509199,L1,L2,L3,L2,L1,L3,L2,L2,L1,C3_1,D3_2,F3_1,L3,L1,,,
509200,L1,L2,L3,L2,L1,L3,L2,L2,L1,C3_1,D3_2,F3_1,L3,L2,,,
509201,L1,L2,L3,L2,L1,L3,L2,L2,L1,C3_1,D3_2,F3_1,L3,L3,,,
509202,L1,L2,L3,L2,L1,L3,L2,L2,L1,C3_1,D3_2,F3_2,L1,L1,,,
509203,L1,L2,L3,L2,L1,L3,L2,L2,L1,C3_1,D3_2,F3_2,L1,L2,,,
509204,L1,L2,L3,L2,L1,L3,L2,L2,L1,C3_1,D3_2,F3_2,L1,L3,,,
509205,L1,L2,L3,L2,L1,L3,L2,L2,L1,C3_1,D3_2,F3_2,L2,L1,,,
509206,L1,L2,L3,L2,L1,L3,L2,L2,L1,C3_1,D3_2,F3_2,L2,L2,,,
509207,L1,L2,L3,L2,L1,L3,L2,L2,L1,C3_1,D3_2,F3_2,L2,L3,,,
509208,L1,L2,L3,L2,L1,L3,L2,L2,L1,C3_1,D3_2,F3_2,L3,L1,,,
509209,L1,L2,L3,L2,L1,L3,L2,L2,L1,C3_1,D3_2,F3_2,L3,L2,,,
509210,L1,L2,L3,L2,L1,L3,L2,L2,L1,C3_1,D3_2,F3_2,L3,L3,,,
509211,L1,L2,L3,L2,L1,L3,L2,L2,L1,C3_1,D3_2,F3_3,L1,L1,,,
509212,L1,L2,L3,L2,L1,L3,L2,L2,L1,C3_1,D3_2,F3_3,L1,L2,,,
509213,L1,L2,L3,L2,L1,L3,L2,L2,L1,C3_1,D3_2,F3_3,L1,L3,,,
509214,L1,L2,L3,L2,L1,L3,L2,L2,L1,C3_1,D3_2,F3_3,L2,L1,,,
509215,L1,L2,L3,L2,L1,L3,L2,L2,L1,C3_1,D3_2,F3_3,L2,L2,,,
509216,L1,L2,L3,L2,L1,L3,L2,L2,L1,C3_1,D3_2,F3_3,L2,L3,,,
509217,L1,L2,L3,L2,L1,L3,L2,L2,L1,C3_1,D3_2,F3_3,L3,L1,,,
509218,L1,L2,L3,L2,L1,L3,L2,L2,L1,C3_1,D3_2,F3_3,L3,L2,,,
509219,L1,L2,L3,L2,L1,L3,L2,L2,L1,C3_1,D3_2,F3_3,L3,L3,,,
509220,L1,L2,L3,L2,L1,L3,L2,L2,L1,C3_1,D3_3,F3_1,L1,L1,,,
509221,L1,L2,L3,L2,L1,L3,L2,L2,L1,C3_1,D3_3,F3_1,L1,L2,,,
509222,L1,L2,L3,L2,L1,L3,L2,L2,L1,C3_1,D3_3,F3_1,L1,L3,,,
509223,L1,L2,L3,L2,L1,L3,L2,L2,L1,C3_1,D3_3,F3_1,L2,L1,,,
509224,L1,L2,L3,L2,L1,L3,L2,L2,L1,C3_1,D3_3,F3_1,L2,L2,,,
509225,L1,L2,L3,L2,L1,L3,L2,L2,L1,C3_1,D3_3,F3_1,L2,L3,,,
509226,L1,L2,L3,L2,L1,L3,L2,L2,L1,C3_1,D3_3,F3_1,L3,L1,,,
509227,L1,L2,L3,L2,L1,L3,L2,L2,L1,C3_1,D3_3,F3_1,L3,L2,,,
509228,L1,L2,L3,L2,L1,L3,L2,L2,L1,C3_1,D3_3,F3_1,L3,L3,,,
509229,L1,L2,L3,L2,L1,L3,L2,L2,L1,C3_1,D3_3,F3_2,L1,L1,,,
509230,L1,L2,L3,L2,L1,L3,L2,L2,L1,C3_1,D3_3,F3_2,L1,L2,,,
509231,L1,L2,L3,L2,L1,L3,L2,L2,L1,C3_1,D3_3,F3_2,L1,L3,,,
509232,L1,L2,L3,L2,L1,L3,L2,L2,L1,C3_1,D3_3,F3_2,L2,L1,,,
509233,L1,L2,L3,L2,L1,L3,L2,L2,L1,C3_1,D3_3,F3_2,L2,L2,,,
509234,L1,L2,L3,L2,L1,L3,L2,L2,L1,C3_1,D3_3,F3_2,L2,L3,,,
509235,L1,L2,L3,L2,L1,L3,L2,L2,L1,C3_1,D3_3,F3_2,L3,L1,,,
509236,L1,L2,L3,L2,L1,L3,L2,L2,L1,C3_1,D3_3,F3_2,L3,L2,,,
509237,L1,L2,L3,L2,L1,L3,L2,L2,L1,C3_1,D3_3,F3_2,L3,L3,,,
509238,L1,L2,L3,L2,L1,L3,L2,L2,L1,C3_1,D3_3,F3_3,L1,L1,,,
509239,L1,L2,L3,L2,L1,L3,L2,L2,L1,C3_1,D3_3,F3_3,L1,L2,,,
509240,L1,L2,L3,L2,L1,L3,L2,L2,L1,C3_1,D3_3,F3_3,L1,L3,,,
509241,L1,L2,L3,L2,L1,L3,L2,L2,L1,C3_1,D3_3,F3_3,L2,L1,,,
509242,L1,L2,L3,L2,L1,L3,L2,L2,L1,C3_1,D3_3,F3_3,L2,L2,,,
509243,L1,L2,L3,L2,L1,L3,L2,L2,L1,C3_1,D3_3,F3_3,L2,L3,,,
509244,L1,L2,L3,L2,L1,L3,L2,L2,L1,C3_1,D3_3,F3_3,L3,L1,,,
509245,L1,L2,L3,L2,L1,L3,L2,L2,L1,C3_1,D3_3,F3_3,L3,L2,,,
509246,L1,L2,L3,L2,L1,L3,L2,L2,L1,C3_1,D3_3,F3_3,L3,L3,,,
509247,L1,L2,L3,L2,L1,L3,L2,L2,L1,C3_2,D3_1,F3_1,L1,L1,,,
509248,L1,L2,L3,L2,L1,L3,L2,L2,L1,C3_2,D3_1,F3_1,L1,L2,,,
509249,L1,L2,L3,L2,L1,L3,L2,L2,L1,C3_2,D3_1,F3_1,L1,L3,,,
509250,L1,L2,L3,L2,L1,L3,L2,L2,L1,C3_2,D3_1,F3_1,L2,L1,,,
509251,L1,L2,L3,L2,L1,L3,L2,L2,L1,C3_2,D3_1,F3_1,L2,L2,,,
509252,L1,L2,L3,L2,L1,L3,L2,L2,L1,C3_2,D3_1,F3_1,L2,L3,,,
509253,L1,L2,L3,L2,L1,L3,L2,L2,L1,C3_2,D3_1,F3_1,L3,L1,,,
509254,L1,L2,L3,L2,L1,L3,L2,L2,L1,C3_2,D3_1,F3_1,L3,L2,,,
509255,L1,L2,L3,L2,L1,L3,L2,L2,L1,C3_2,D3_1,F3_1,L3,L3,,,
509256,L1,L2,L3,L2,L1,L3,L2,L2,L1,C3_2,D3_1,F3_2,L1,L1,,,
509257,L1,L2,L3,L2,L1,L3,L2,L2,L1,C3_2,D3_1,F3_2,L1,L2,,,
509258,L1,L2,L3,L2,L1,L3,L2,L2,L1,C3_2,D3_1,F3_2,L1,L3,,,
509259,L1,L2,L3,L2,L1,L3,L2,L2,L1,C3_2,D3_1,F3_2,L2,L1,,,
509260,L1,L2,L3,L2,L1,L3,L2,L2,L1,C3_2,D3_1,F3_2,L2,L2,,,
509261,L1,L2,L3,L2,L1,L3,L2,L2,L1,C3_2,D3_1,F3_2,L2,L3,,,
509262,L1,L2,L3,L2,L1,L3,L2,L2,L1,C3_2,D3_1,F3_2,L3,L1,,,
509263,L1,L2,L3,L2,L1,L3,L2,L2,L1,C3_2,D3_1,F3_2,L3,L2,,,
509264,L1,L2,L3,L2,L1,L3,L2,L2,L1,C3_2,D3_1,F3_2,L3,L3,,,
509265,L1,L2,L3,L2,L1,L3,L2,L2,L1,C3_2,D3_1,F3_3,L1,L1,,,
509266,L1,L2,L3,L2,L1,L3,L2,L2,L1,C3_2,D3_1,F3_3,L1,L2,,,
509267,L1,L2,L3,L2,L1,L3,L2,L2,L1,C3_2,D3_1,F3_3,L1,L3,,,
509268,L1,L2,L3,L2,L1,L3,L2,L2,L1,C3_2,D3_1,F3_3,L2,L1,,,
509269,L1,L2,L3,L2,L1,L3,L2,L2,L1,C3_2,D3_1,F3_3,L2,L2,,,
509270,L1,L2,L3,L2,L1,L3,L2,L2,L1,C3_2,D3_1,F3_3,L2,L3,,,
509271,L1,L2,L3,L2,L1,L3,L2,L2,L1,C3_2,D3_1,F3_3,L3,L1,,,
509272,L1,L2,L3,L2,L1,L3,L2,L2,L1,C3_2,D3_1,F3_3,L3,L2,,,
509273,L1,L2,L3,L2,L1,L3,L2,L2,L1,C3_2,D3_1,F3_3,L3,L3,,,
509274,L1,L2,L3,L2,L1,L3,L2,L2,L1,C3_2,D3_2,F3_1,L1,L1,,,
509275,L1,L2,L3,L2,L1,L3,L2,L2,L1,C3_2,D3_2,F3_1,L1,L2,,,
509276,L1,L2,L3,L2,L1,L3,L2,L2,L1,C3_2,D3_2,F3_1,L1,L3,,,
509277,L1,L2,L3,L2,L1,L3,L2,L2,L1,C3_2,D3_2,F3_1,L2,L1,,,
509278,L1,L2,L3,L2,L1,L3,L2,L2,L1,C3_2,D3_2,F3_1,L2,L2,,,
509279,L1,L2,L3,L2,L1,L3,L2,L2,L1,C3_2,D3_2,F3_1,L2,L3,,,
509280,L1,L2,L3,L2,L1,L3,L2,L2,L1,C3_2,D3_2,F3_1,L3,L1,,,
509281,L1,L2,L3,L2,L1,L3,L2,L2,L1,C3_2,D3_2,F3_1,L3,L2,,,
509282,L1,L2,L3,L2,L1,L3,L2,L2,L1,C3_2,D3_2,F3_1,L3,L3,,,
509283,L1,L2,L3,L2,L1,L3,L2,L2,L1,C3_2,D3_2,F3_2,L1,L1,,,
509284,L1,L2,L3,L2,L1,L3,L2,L2,L1,C3_2,D3_2,F3_2,L1,L2,,,
509285,L1,L2,L3,L2,L1,L3,L2,L2,L1,C3_2,D3_2,F3_2,L1,L3,,,
509286,L1,L2,L3,L2,L1,L3,L2,L2,L1,C3_2,D3_2,F3_2,L2,L1,,,
509287,L1,L2,L3,L2,L1,L3,L2,L2,L1,C3_2,D3_2,F3_2,L2,L2,,,
509288,L1,L2,L3,L2,L1,L3,L2,L2,L1,C3_2,D3_2,F3_2,L2,L3,,,
509289,L1,L2,L3,L2,L1,L3,L2,L2,L1,C3_2,D3_2,F3_2,L3,L1,,,
509290,L1,L2,L3,L2,L1,L3,L2,L2,L1,C3_2,D3_2,F3_2,L3,L2,,,
509291,L1,L2,L3,L2,L1,L3,L2,L2,L1,C3_2,D3_2,F3_2,L3,L3,,,
509292,L1,L2,L3,L2,L1,L3,L2,L2,L1,C3_2,D3_2,F3_3,L1,L1,,,
509293,L1,L2,L3,L2,L1,L3,L2,L2,L1,C3_2,D3_2,F3_3,L1,L2,,,
509294,L1,L2,L3,L2,L1,L3,L2,L2,L1,C3_2,D3_2,F3_3,L1,L3,,,
509295,L1,L2,L3,L2,L1,L3,L2,L2,L1,C3_2,D3_2,F3_3,L2,L1,,,
509296,L1,L2,L3,L2,L1,L3,L2,L2,L1,C3_2,D3_2,F3_3,L2,L2,,,
509297,L1,L2,L3,L2,L1,L3,L2,L2,L1,C3_2,D3_2,F3_3,L2,L3,,,
509298,L1,L2,L3,L2,L1,L3,L2,L2,L1,C3_2,D3_2,F3_3,L3,L1,,,
509299,L1,L2,L3,L2,L1,L3,L2,L2,L1,C3_2,D3_2,F3_3,L3,L2,,,
509300,L1,L2,L3,L2,L1,L3,L2,L2,L1,C3_2,D3_2,F3_3,L3,L3,,,
509301,L1,L2,L3,L2,L1,L3,L2,L2,L1,C3_2,D3_3,F3_1,L1,L1,,,
509302,L1,L2,L3,L2,L1,L3,L2,L2,L1,C3_2,D3_3,F3_1,L1,L2,,,
509303,L1,L2,L3,L2,L1,L3,L2,L2,L1,C3_2,D3_3,F3_1,L1,L3,,,
509304,L1,L2,L3,L2,L1,L3,L2,L2,L1,C3_2,D3_3,F3_1,L2,L1,,,
509305,L1,L2,L3,L2,L1,L3,L2,L2,L1,C3_2,D3_3,F3_1,L2,L2,,,
509306,L1,L2,L3,L2,L1,L3,L2,L2,L1,C3_2,D3_3,F3_1,L2,L3,,,
509307,L1,L2,L3,L2,L1,L3,L2,L2,L1,C3_2,D3_3,F3_1,L3,L1,,,
509308,L1,L2,L3,L2,L1,L3,L2,L2,L1,C3_2,D3_3,F3_1,L3,L2,,,
509309,L1,L2,L3,L2,L1,L3,L2,L2,L1,C3_2,D3_3,F3_1,L3,L3,,,
509310,L1,L2,L3,L2,L1,L3,L2,L2,L1,C3_2,D3_3,F3_2,L1,L1,,,
509311,L1,L2,L3,L2,L1,L3,L2,L2,L1,C3_2,D3_3,F3_2,L1,L2,,,
509312,L1,L2,L3,L2,L1,L3,L2,L2,L1,C3_2,D3_3,F3_2,L1,L3,,,
509313,L1,L2,L3,L2,L1,L3,L2,L2,L1,C3_2,D3_3,F3_2,L2,L1,,,
509314,L1,L2,L3,L2,L1,L3,L2,L2,L1,C3_2,D3_3,F3_2,L2,L2,,,
509315,L1,L2,L3,L2,L1,L3,L2,L2,L1,C3_2,D3_3,F3_2,L2,L3,,,
509316,L1,L2,L3,L2,L1,L3,L2,L2,L1,C3_2,D3_3,F3_2,L3,L1,,,
509317,L1,L2,L3,L2,L1,L3,L2,L2,L1,C3_2,D3_3,F3_2,L3,L2,,,
509318,L1,L2,L3,L2,L1,L3,L2,L2,L1,C3_2,D3_3,F3_2,L3,L3,,,
509319,L1,L2,L3,L2,L1,L3,L2,L2,L1,C3_2,D3_3,F3_3,L1,L1,,,
509320,L1,L2,L3,L2,L1,L3,L2,L2,L1,C3_2,D3_3,F3_3,L1,L2,,,
509321,L1,L2,L3,L2,L1,L3,L2,L2,L1,C3_2,D3_3,F3_3,L1,L3,,,
509322,L1,L2,L3,L2,L1,L3,L2,L2,L1,C3_2,D3_3,F3_3,L2,L1,,,
509323,L1,L2,L3,L2,L1,L3,L2,L2,L1,C3_2,D3_3,F3_3,L2,L2,,,
509324,L1,L2,L3,L2,L1,L3,L2,L2,L1,C3_2,D3_3,F3_3,L2,L3,,,
509325,L1,L2,L3,L2,L1,L3,L2,L2,L1,C3_2,D3_3,F3_3,L3,L1,,,
509326,L1,L2,L3,L2,L1,L3,L2,L2,L1,C3_2,D3_3,F3_3,L3,L2,,,
509327,L1,L2,L3,L2,L1,L3,L2,L2,L1,C3_2,D3_3,F3_3,L3,L3,,,
509328,L1,L2,L3,L2,L1,L3,L2,L2,L1,C3_3,D3_1,F3_1,L1,L1,,,
509329,L1,L2,L3,L2,L1,L3,L2,L2,L1,C3_3,D3_1,F3_1,L1,L2,,,
509330,L1,L2,L3,L2,L1,L3,L2,L2,L1,C3_3,D3_1,F3_1,L1,L3,,,
509331,L1,L2,L3,L2,L1,L3,L2,L2,L1,C3_3,D3_1,F3_1,L2,L1,,,
509332,L1,L2,L3,L2,L1,L3,L2,L2,L1,C3_3,D3_1,F3_1,L2,L2,,,
509333,L1,L2,L3,L2,L1,L3,L2,L2,L1,C3_3,D3_1,F3_1,L2,L3,,,
509334,L1,L2,L3,L2,L1,L3,L2,L2,L1,C3_3,D3_1,F3_1,L3,L1,,,
509335,L1,L2,L3,L2,L1,L3,L2,L2,L1,C3_3,D3_1,F3_1,L3,L2,,,
509336,L1,L2,L3,L2,L1,L3,L2,L2,L1,C3_3,D3_1,F3_1,L3,L3,,,
509337,L1,L2,L3,L2,L1,L3,L2,L2,L1,C3_3,D3_1,F3_2,L1,L1,,,
509338,L1,L2,L3,L2,L1,L3,L2,L2,L1,C3_3,D3_1,F3_2,L1,L2,,,
509339,L1,L2,L3,L2,L1,L3,L2,L2,L1,C3_3,D3_1,F3_2,L1,L3,,,
509340,L1,L2,L3,L2,L1,L3,L2,L2,L1,C3_3,D3_1,F3_2,L2,L1,,,
509341,L1,L2,L3,L2,L1,L3,L2,L2,L1,C3_3,D3_1,F3_2,L2,L2,,,
509342,L1,L2,L3,L2,L1,L3,L2,L2,L1,C3_3,D3_1,F3_2,L2,L3,,,
509343,L1,L2,L3,L2,L1,L3,L2,L2,L1,C3_3,D3_1,F3_2,L3,L1,,,
509344,L1,L2,L3,L2,L1,L3,L2,L2,L1,C3_3,D3_1,F3_2,L3,L2,,,
509345,L1,L2,L3,L2,L1,L3,L2,L2,L1,C3_3,D3_1,F3_2,L3,L3,,,
509346,L1,L2,L3,L2,L1,L3,L2,L2,L1,C3_3,D3_1,F3_3,L1,L1,,,
509347,L1,L2,L3,L2,L1,L3,L2,L2,L1,C3_3,D3_1,F3_3,L1,L2,,,
509348,L1,L2,L3,L2,L1,L3,L2,L2,L1,C3_3,D3_1,F3_3,L1,L3,,,
509349,L1,L2,L3,L2,L1,L3,L2,L2,L1,C3_3,D3_1,F3_3,L2,L1,,,
509350,L1,L2,L3,L2,L1,L3,L2,L2,L1,C3_3,D3_1,F3_3,L2,L2,,,
509351,L1,L2,L3,L2,L1,L3,L2,L2,L1,C3_3,D3_1,F3_3,L2,L3,,,
509352,L1,L2,L3,L2,L1,L3,L2,L2,L1,C3_3,D3_1,F3_3,L3,L1,,,
509353,L1,L2,L3,L2,L1,L3,L2,L2,L1,C3_3,D3_1,F3_3,L3,L2,,,
509354,L1,L2,L3,L2,L1,L3,L2,L2,L1,C3_3,D3_1,F3_3,L3,L3,,,
509355,L1,L2,L3,L2,L1,L3,L2,L2,L1,C3_3,D3_2,F3_1,L1,L1,,,
509356,L1,L2,L3,L2,L1,L3,L2,L2,L1,C3_3,D3_2,F3_1,L1,L2,,,
509357,L1,L2,L3,L2,L1,L3,L2,L2,L1,C3_3,D3_2,F3_1,L1,L3,,,
509358,L1,L2,L3,L2,L1,L3,L2,L2,L1,C3_3,D3_2,F3_1,L2,L1,,,
509359,L1,L2,L3,L2,L1,L3,L2,L2,L1,C3_3,D3_2,F3_1,L2,L2,,,
509360,L1,L2,L3,L2,L1,L3,L2,L2,L1,C3_3,D3_2,F3_1,L2,L3,,,
509361,L1,L2,L3,L2,L1,L3,L2,L2,L1,C3_3,D3_2,F3_1,L3,L1,,,
509362,L1,L2,L3,L2,L1,L3,L2,L2,L1,C3_3,D3_2,F3_1,L3,L2,,,
509363,L1,L2,L3,L2,L1,L3,L2,L2,L1,C3_3,D3_2,F3_1,L3,L3,,,
509364,L1,L2,L3,L2,L1,L3,L2,L2,L1,C3_3,D3_2,F3_2,L1,L1,,,
509365,L1,L2,L3,L2,L1,L3,L2,L2,L1,C3_3,D3_2,F3_2,L1,L2,,,
509366,L1,L2,L3,L2,L1,L3,L2,L2,L1,C3_3,D3_2,F3_2,L1,L3,,,
509367,L1,L2,L3,L2,L1,L3,L2,L2,L1,C3_3,D3_2,F3_2,L2,L1,,,
509368,L1,L2,L3,L2,L1,L3,L2,L2,L1,C3_3,D3_2,F3_2,L2,L2,,,
509369,L1,L2,L3,L2,L1,L3,L2,L2,L1,C3_3,D3_2,F3_2,L2,L3,,,
509370,L1,L2,L3,L2,L1,L3,L2,L2,L1,C3_3,D3_2,F3_2,L3,L1,,,
509371,L1,L2,L3,L2,L1,L3,L2,L2,L1,C3_3,D3_2,F3_2,L3,L2,,,
509372,L1,L2,L3,L2,L1,L3,L2,L2,L1,C3_3,D3_2,F3_2,L3,L3,,,
509373,L1,L2,L3,L2,L1,L3,L2,L2,L1,C3_3,D3_2,F3_3,L1,L1,,,
509374,L1,L2,L3,L2,L1,L3,L2,L2,L1,C3_3,D3_2,F3_3,L1,L2,,,
509375,L1,L2,L3,L2,L1,L3,L2,L2,L1,C3_3,D3_2,F3_3,L1,L3,,,
509376,L1,L2,L3,L2,L1,L3,L2,L2,L1,C3_3,D3_2,F3_3,L2,L1,,,
509377,L1,L2,L3,L2,L1,L3,L2,L2,L1,C3_3,D3_2,F3_3,L2,L2,,,
509378,L1,L2,L3,L2,L1,L3,L2,L2,L1,C3_3,D3_2,F3_3,L2,L3,,,
509379,L1,L2,L3,L2,L1,L3,L2,L2,L1,C3_3,D3_2,F3_3,L3,L1,,,
509380,L1,L2,L3,L2,L1,L3,L2,L2,L1,C3_3,D3_2,F3_3,L3,L2,,,
509381,L1,L2,L3,L2,L1,L3,L2,L2,L1,C3_3,D3_2,F3_3,L3,L3,,,
509382,L1,L2,L3,L2,L1,L3,L2,L2,L1,C3_3,D3_3,F3_1,L1,L1,,,
509383,L1,L2,L3,L2,L1,L3,L2,L2,L1,C3_3,D3_3,F3_1,L1,L2,,,
509384,L1,L2,L3,L2,L1,L3,L2,L2,L1,C3_3,D3_3,F3_1,L1,L3,,,
509385,L1,L2,L3,L2,L1,L3,L2,L2,L1,C3_3,D3_3,F3_1,L2,L1,,,
509386,L1,L2,L3,L2,L1,L3,L2,L2,L1,C3_3,D3_3,F3_1,L2,L2,,,
509387,L1,L2,L3,L2,L1,L3,L2,L2,L1,C3_3,D3_3,F3_1,L2,L3,,,
509388,L1,L2,L3,L2,L1,L3,L2,L2,L1,C3_3,D3_3,F3_1,L3,L1,,,
509389,L1,L2,L3,L2,L1,L3,L2,L2,L1,C3_3,D3_3,F3_1,L3,L2,,,
509390,L1,L2,L3,L2,L1,L3,L2,L2,L1,C3_3,D3_3,F3_1,L3,L3,,,
509391,L1,L2,L3,L2,L1,L3,L2,L2,L1,C3_3,D3_3,F3_2,L1,L1,,,
509392,L1,L2,L3,L2,L1,L3,L2,L2,L1,C3_3,D3_3,F3_2,L1,L2,,,
509393,L1,L2,L3,L2,L1,L3,L2,L2,L1,C3_3,D3_3,F3_2,L1,L3,,,
509394,L1,L2,L3,L2,L1,L3,L2,L2,L1,C3_3,D3_3,F3_2,L2,L1,,,
509395,L1,L2,L3,L2,L1,L3,L2,L2,L1,C3_3,D3_3,F3_2,L2,L2,,,
509396,L1,L2,L3,L2,L1,L3,L2,L2,L1,C3_3,D3_3,F3_2,L2,L3,,,
509397,L1,L2,L3,L2,L1,L3,L2,L2,L1,C3_3,D3_3,F3_2,L3,L1,,,
509398,L1,L2,L3,L2,L1,L3,L2,L2,L1,C3_3,D3_3,F3_2,L3,L2,,,
509399,L1,L2,L3,L2,L1,L3,L2,L2,L1,C3_3,D3_3,F3_2,L3,L3,,,
509400,L1,L2,L3,L2,L1,L3,L2,L2,L1,C3_3,D3_3,F3_3,L1,L1,,,
509401,L1,L2,L3,L2,L1,L3,L2,L2,L1,C3_3,D3_3,F3_3,L1,L2,,,
509402,L1,L2,L3,L2,L1,L3,L2,L2,L1,C3_3,D3_3,F3_3,L1,L3,,,
509403,L1,L2,L3,L2,L1,L3,L2,L2,L1,C3_3,D3_3,F3_3,L2,L1,,,
509404,L1,L2,L3,L2,L1,L3,L2,L2,L1,C3_3,D3_3,F3_3,L2,L2,,,
509405,L1,L2,L3,L2,L1,L3,L2,L2,L1,C3_3,D3_3,F3_3,L2,L3,,,
509406,L1,L2,L3,L2,L1,L3,L2,L2,L1,C3_3,D3_3,F3_3,L3,L1,,,
509407,L1,L2,L3,L2,L1,L3,L2,L2,L1,C3_3,D3_3,F3_3,L3,L2,,,
509408,L1,L2,L3,L2,L1,L3,L2,L2,L1,C3_3,D3_3,F3_3,L3,L3,,,
