,A,B,G,H,I,E,X,Y,Z,C,D,F,J,K,N,L,M
11718,L2,L2,L3,L1,L1,L2,L1,L1,L2,C2_1,D2_1,F2_1,,,N2_1,L_1,M_1
11719,L2,L2,L3,L1,L1,L2,L1,L1,L2,C2_1,D2_1,F2_1,,,N2_1,L_1,M_2
11720,L2,L2,L3,L1,L1,L2,L1,L1,L2,C2_1,D2_1,F2_1,,,N2_1,L_2,M_1
11721,L2,L2,L3,L1,L1,L2,L1,L1,L2,C2_1,D2_1,F2_1,,,N2_1,L_2,M_2
11722,L2,L2,L3,L1,L1,L2,L1,L1,L2,C2_1,D2_1,F2_1,,,N2_1,L_3,M_1
11723,L2,L2,L3,L1,L1,L2,L1,L1,L2,C2_1,D2_1,F2_1,,,N2_1,L_3,M_2
11724,L2,L2,L3,L1,L1,L2,L1,L1,L2,C2_1,D2_1,F2_1,,,N2_2,L_1,M_1
11725,L2,L2,L3,L1,L1,L2,L1,L1,L2,C2_1,D2_1,F2_1,,,N2_2,L_1,M_2
11726,L2,L2,L3,L1,L1,L2,L1,L1,L2,C2_1,D2_1,F2_1,,,N2_2,L_2,M_1
11727,L2,L2,L3,L1,L1,L2,L1,L1,L2,C2_1,D2_1,F2_1,,,N2_2,L_2,M_2
11728,L2,L2,L3,L1,L1,L2,L1,L1,L2,C2_1,D2_1,F2_1,,,N2_2,L_3,M_1
11729,L2,L2,L3,L1,L1,L2,L1,L1,L2,C2_1,D2_1,F2_1,,,N2_2,L_3,M_2
11730,L2,L2,L3,L1,L1,L2,L1,L1,L2,C2_1,D2_1,F2_2,,,N2_1,L_1,M_1
11731,L2,L2,L3,L1,L1,L2,L1,L1,L2,C2_1,D2_1,F2_2,,,N2_1,L_1,M_2
11732,L2,L2,L3,L1,L1,L2,L1,L1,L2,C2_1,D2_1,F2_2,,,N2_1,L_2,M_1
11733,L2,L2,L3,L1,L1,L2,L1,L1,L2,C2_1,D2_1,F2_2,,,N2_1,L_2,M_2
11734,L2,L2,L3,L1,L1,L2,L1,L1,L2,C2_1,D2_1,F2_2,,,N2_1,L_3,M_1
11735,L2,L2,L3,L1,L1,L2,L1,L1,L2,C2_1,D2_1,F2_2,,,N2_1,L_3,M_2
11736,L2,L2,L3,L1,L1,L2,L1,L1,L2,C2_1,D2_1,F2_2,,,N2_2,L_1,M_1
11737,L2,L2,L3,L1,L1,L2,L1,L1,L2,C2_1,D2_1,F2_2,,,N2_2,L_1,M_2
11738,L2,L2,L3,L1,L1,L2,L1,L1,L2,C2_1,D2_1,F2_2,,,N2_2,L_2,M_1
11739,L2,L2,L3,L1,L1,L2,L1,L1,L2,C2_1,D2_1,F2_2,,,N2_2,L_2,M_2
11740,L2,L2,L3,L1,L1,L2,L1,L1,L2,C2_1,D2_1,F2_2,,,N2_2,L_3,M_1
11741,L2,L2,L3,L1,L1,L2,L1,L1,L2,C2_1,D2_1,F2_2,,,N2_2,L_3,M_2
11742,L2,L2,L3,L1,L1,L2,L1,L1,L2,C2_1,D2_1,F2_3,,,N2_1,L_1,M_1
11743,L2,L2,L3,L1,L1,L2,L1,L1,L2,C2_1,D2_1,F2_3,,,N2_1,L_1,M_2
11744,L2,L2,L3,L1,L1,L2,L1,L1,L2,C2_1,D2_1,F2_3,,,N2_1,L_2,M_1
11745,L2,L2,L3,L1,L1,L2,L1,L1,L2,C2_1,D2_1,F2_3,,,N2_1,L_2,M_2
11746,L2,L2,L3,L1,L1,L2,L1,L1,L2,C2_1,D2_1,F2_3,,,N2_1,L_3,M_1
11747,L2,L2,L3,L1,L1,L2,L1,L1,L2,C2_1,D2_1,F2_3,,,N2_1,L_3,M_2
11748,L2,L2,L3,L1,L1,L2,L1,L1,L2,C2_1,D2_1,F2_3,,,N2_2,L_1,M_1
11749,L2,L2,L3,L1,L1,L2,L1,L1,L2,C2_1,D2_1,F2_3,,,N2_2,L_1,M_2
11750,L2,L2,L3,L1,L1,L2,L1,L1,L2,C2_1,D2_1,F2_3,,,N2_2,L_2,M_1
11751,L2,L2,L3,L1,L1,L2,L1,L1,L2,C2_1,D2_1,F2_3,,,N2_2,L_2,M_2
11752,L2,L2,L3,L1,L1,L2,L1,L1,L2,C2_1,D2_1,F2_3,,,N2_2,L_3,M_1
11753,L2,L2,L3,L1,L1,L2,L1,L1,L2,C2_1,D2_1,F2_3,,,N2_2,L_3,M_2
11754,L2,L2,L3,L1,L1,L2,L1,L1,L2,C2_1,D2_2,F2_1,,,N2_1,L_1,M_1
11755,L2,L2,L3,L1,L1,L2,L1,L1,L2,C2_1,D2_2,F2_1,,,N2_1,L_1,M_2
11756,L2,L2,L3,L1,L1,L2,L1,L1,L2,C2_1,D2_2,F2_1,,,N2_1,L_2,M_1
11757,L2,L2,L3,L1,L1,L2,L1,L1,L2,C2_1,D2_2,F2_1,,,N2_1,L_2,M_2
11758,L2,L2,L3,L1,L1,L2,L1,L1,L2,C2_1,D2_2,F2_1,,,N2_1,L_3,M_1
11759,L2,L2,L3,L1,L1,L2,L1,L1,L2,C2_1,D2_2,F2_1,,,N2_1,L_3,M_2
11760,L2,L2,L3,L1,L1,L2,L1,L1,L2,C2_1,D2_2,F2_1,,,N2_2,L_1,M_1
11761,L2,L2,L3,L1,L1,L2,L1,L1,L2,C2_1,D2_2,F2_1,,,N2_2,L_1,M_2
11762,L2,L2,L3,L1,L1,L2,L1,L1,L2,C2_1,D2_2,F2_1,,,N2_2,L_2,M_1
11763,L2,L2,L3,L1,L1,L2,L1,L1,L2,C2_1,D2_2,F2_1,,,N2_2,L_2,M_2
11764,L2,L2,L3,L1,L1,L2,L1,L1,L2,C2_1,D2_2,F2_1,,,N2_2,L_3,M_1
11765,L2,L2,L3,L1,L1,L2,L1,L1,L2,C2_1,D2_2,F2_1,,,N2_2,L_3,M_2
11766,L2,L2,L3,L1,L1,L2,L1,L1,L2,C2_1,D2_2,F2_2,,,N2_1,L_1,M_1
11767,L2,L2,L3,L1,L1,L2,L1,L1,L2,C2_1,D2_2,F2_2,,,N2_1,L_1,M_2
11768,L2,L2,L3,L1,L1,L2,L1,L1,L2,C2_1,D2_2,F2_2,,,N2_1,L_2,M_1
11769,L2,L2,L3,L1,L1,L2,L1,L1,L2,C2_1,D2_2,F2_2,,,N2_1,L_2,M_2
11770,L2,L2,L3,L1,L1,L2,L1,L1,L2,C2_1,D2_2,F2_2,,,N2_1,L_3,M_1
11771,L2,L2,L3,L1,L1,L2,L1,L1,L2,C2_1,D2_2,F2_2,,,N2_1,L_3,M_2
11772,L2,L2,L3,L1,L1,L2,L1,L1,L2,C2_1,D2_2,F2_2,,,N2_2,L_1,M_1
11773,L2,L2,L3,L1,L1,L2,L1,L1,L2,C2_1,D2_2,F2_2,,,N2_2,L_1,M_2
11774,L2,L2,L3,L1,L1,L2,L1,L1,L2,C2_1,D2_2,F2_2,,,N2_2,L_2,M_1
11775,L2,L2,L3,L1,L1,L2,L1,L1,L2,C2_1,D2_2,F2_2,,,N2_2,L_2,M_2
11776,L2,L2,L3,L1,L1,L2,L1,L1,L2,C2_1,D2_2,F2_2,,,N2_2,L_3,M_1
11777,L2,L2,L3,L1,L1,L2,L1,L1,L2,C2_1,D2_2,F2_2,,,N2_2,L_3,M_2
11778,L2,L2,L3,L1,L1,L2,L1,L1,L2,C2_1,D2_2,F2_3,,,N2_1,L_1,M_1
11779,L2,L2,L3,L1,L1,L2,L1,L1,L2,C2_1,D2_2,F2_3,,,N2_1,L_1,M_2
11780,L2,L2,L3,L1,L1,L2,L1,L1,L2,C2_1,D2_2,F2_3,,,N2_1,L_2,M_1
11781,L2,L2,L3,L1,L1,L2,L1,L1,L2,C2_1,D2_2,F2_3,,,N2_1,L_2,M_2
11782,L2,L2,L3,L1,L1,L2,L1,L1,L2,C2_1,D2_2,F2_3,,,N2_1,L_3,M_1
11783,L2,L2,L3,L1,L1,L2,L1,L1,L2,C2_1,D2_2,F2_3,,,N2_1,L_3,M_2
11784,L2,L2,L3,L1,L1,L2,L1,L1,L2,C2_1,D2_2,F2_3,,,N2_2,L_1,M_1
11785,L2,L2,L3,L1,L1,L2,L1,L1,L2,C2_1,D2_2,F2_3,,,N2_2,L_1,M_2
11786,L2,L2,L3,L1,L1,L2,L1,L1,L2,C2_1,D2_2,F2_3,,,N2_2,L_2,M_1
11787,L2,L2,L3,L1,L1,L2,L1,L1,L2,C2_1,D2_2,F2_3,,,N2_2,L_2,M_2
11788,L2,L2,L3,L1,L1,L2,L1,L1,L2,C2_1,D2_2,F2_3,,,N2_2,L_3,M_1
11789,L2,L2,L3,L1,L1,L2,L1,L1,L2,C2_1,D2_2,F2_3,,,N2_2,L_3,M_2
11790,L2,L2,L3,L1,L1,L2,L1,L1,L2,C2_1,D2_3,F2_1,,,N2_1,L_1,M_1
11791,L2,L2,L3,L1,L1,L2,L1,L1,L2,C2_1,D2_3,F2_1,,,N2_1,L_1,M_2
11792,L2,L2,L3,L1,L1,L2,L1,L1,L2,C2_1,D2_3,F2_1,,,N2_1,L_2,M_1
11793,L2,L2,L3,L1,L1,L2,L1,L1,L2,C2_1,D2_3,F2_1,,,N2_1,L_2,M_2
11794,L2,L2,L3,L1,L1,L2,L1,L1,L2,C2_1,D2_3,F2_1,,,N2_1,L_3,M_1
11795,L2,L2,L3,L1,L1,L2,L1,L1,L2,C2_1,D2_3,F2_1,,,N2_1,L_3,M_2
11796,L2,L2,L3,L1,L1,L2,L1,L1,L2,C2_1,D2_3,F2_1,,,N2_2,L_1,M_1
11797,L2,L2,L3,L1,L1,L2,L1,L1,L2,C2_1,D2_3,F2_1,,,N2_2,L_1,M_2
11798,L2,L2,L3,L1,L1,L2,L1,L1,L2,C2_1,D2_3,F2_1,,,N2_2,L_2,M_1
11799,L2,L2,L3,L1,L1,L2,L1,L1,L2,C2_1,D2_3,F2_1,,,N2_2,L_2,M_2
11800,L2,L2,L3,L1,L1,L2,L1,L1,L2,C2_1,D2_3,F2_1,,,N2_2,L_3,M_1
11801,L2,L2,L3,L1,L1,L2,L1,L1,L2,C2_1,D2_3,F2_1,,,N2_2,L_3,M_2
11802,L2,L2,L3,L1,L1,L2,L1,L1,L2,C2_1,D2_3,F2_2,,,N2_1,L_1,M_1
11803,L2,L2,L3,L1,L1,L2,L1,L1,L2,C2_1,D2_3,F2_2,,,N2_1,L_1,M_2
11804,L2,L2,L3,L1,L1,L2,L1,L1,L2,C2_1,D2_3,F2_2,,,N2_1,L_2,M_1
11805,L2,L2,L3,L1,L1,L2,L1,L1,L2,C2_1,D2_3,F2_2,,,N2_1,L_2,M_2
11806,L2,L2,L3,L1,L1,L2,L1,L1,L2,C2_1,D2_3,F2_2,,,N2_1,L_3,M_1
11807,L2,L2,L3,L1,L1,L2,L1,L1,L2,C2_1,D2_3,F2_2,,,N2_1,L_3,M_2
11808,L2,L2,L3,L1,L1,L2,L1,L1,L2,C2_1,D2_3,F2_2,,,N2_2,L_1,M_1
11809,L2,L2,L3,L1,L1,L2,L1,L1,L2,C2_1,D2_3,F2_2,,,N2_2,L_1,M_2
11810,L2,L2,L3,L1,L1,L2,L1,L1,L2,C2_1,D2_3,F2_2,,,N2_2,L_2,M_1
11811,L2,L2,L3,L1,L1,L2,L1,L1,L2,C2_1,D2_3,F2_2,,,N2_2,L_2,M_2
11812,L2,L2,L3,L1,L1,L2,L1,L1,L2,C2_1,D2_3,F2_2,,,N2_2,L_3,M_1
11813,L2,L2,L3,L1,L1,L2,L1,L1,L2,C2_1,D2_3,F2_2,,,N2_2,L_3,M_2
11814,L2,L2,L3,L1,L1,L2,L1,L1,L2,C2_1,D2_3,F2_3,,,N2_1,L_1,M_1
11815,L2,L2,L3,L1,L1,L2,L1,L1,L2,C2_1,D2_3,F2_3,,,N2_1,L_1,M_2
11816,L2,L2,L3,L1,L1,L2,L1,L1,L2,C2_1,D2_3,F2_3,,,N2_1,L_2,M_1
11817,L2,L2,L3,L1,L1,L2,L1,L1,L2,C2_1,D2_3,F2_3,,,N2_1,L_2,M_2
11818,L2,L2,L3,L1,L1,L2,L1,L1,L2,C2_1,D2_3,F2_3,,,N2_1,L_3,M_1
11819,L2,L2,L3,L1,L1,L2,L1,L1,L2,C2_1,D2_3,F2_3,,,N2_1,L_3,M_2
11820,L2,L2,L3,L1,L1,L2,L1,L1,L2,C2_1,D2_3,F2_3,,,N2_2,L_1,M_1
11821,L2,L2,L3,L1,L1,L2,L1,L1,L2,C2_1,D2_3,F2_3,,,N2_2,L_1,M_2
11822,L2,L2,L3,L1,L1,L2,L1,L1,L2,C2_1,D2_3,F2_3,,,N2_2,L_2,M_1
11823,L2,L2,L3,L1,L1,L2,L1,L1,L2,C2_1,D2_3,F2_3,,,N2_2,L_2,M_2
11824,L2,L2,L3,L1,L1,L2,L1,L1,L2,C2_1,D2_3,F2_3,,,N2_2,L_3,M_1
11825,L2,L2,L3,L1,L1,L2,L1,L1,L2,C2_1,D2_3,F2_3,,,N2_2,L_3,M_2
11826,L2,L2,L3,L1,L1,L2,L1,L1,L2,C2_2,D2_1,F2_1,,,N2_1,L_1,M_1
11827,L2,L2,L3,L1,L1,L2,L1,L1,L2,C2_2,D2_1,F2_1,,,N2_1,L_1,M_2
11828,L2,L2,L3,L1,L1,L2,L1,L1,L2,C2_2,D2_1,F2_1,,,N2_1,L_2,M_1
11829,L2,L2,L3,L1,L1,L2,L1,L1,L2,C2_2,D2_1,F2_1,,,N2_1,L_2,M_2
11830,L2,L2,L3,L1,L1,L2,L1,L1,L2,C2_2,D2_1,F2_1,,,N2_1,L_3,M_1
11831,L2,L2,L3,L1,L1,L2,L1,L1,L2,C2_2,D2_1,F2_1,,,N2_1,L_3,M_2
11832,L2,L2,L3,L1,L1,L2,L1,L1,L2,C2_2,D2_1,F2_1,,,N2_2,L_1,M_1
11833,L2,L2,L3,L1,L1,L2,L1,L1,L2,C2_2,D2_1,F2_1,,,N2_2,L_1,M_2
11834,L2,L2,L3,L1,L1,L2,L1,L1,L2,C2_2,D2_1,F2_1,,,N2_2,L_2,M_1
11835,L2,L2,L3,L1,L1,L2,L1,L1,L2,C2_2,D2_1,F2_1,,,N2_2,L_2,M_2
11836,L2,L2,L3,L1,L1,L2,L1,L1,L2,C2_2,D2_1,F2_1,,,N2_2,L_3,M_1
11837,L2,L2,L3,L1,L1,L2,L1,L1,L2,C2_2,D2_1,F2_1,,,N2_2,L_3,M_2
11838,L2,L2,L3,L1,L1,L2,L1,L1,L2,C2_2,D2_1,F2_2,,,N2_1,L_1,M_1
11839,L2,L2,L3,L1,L1,L2,L1,L1,L2,C2_2,D2_1,F2_2,,,N2_1,L_1,M_2
11840,L2,L2,L3,L1,L1,L2,L1,L1,L2,C2_2,D2_1,F2_2,,,N2_1,L_2,M_1
11841,L2,L2,L3,L1,L1,L2,L1,L1,L2,C2_2,D2_1,F2_2,,,N2_1,L_2,M_2
11842,L2,L2,L3,L1,L1,L2,L1,L1,L2,C2_2,D2_1,F2_2,,,N2_1,L_3,M_1
11843,L2,L2,L3,L1,L1,L2,L1,L1,L2,C2_2,D2_1,F2_2,,,N2_1,L_3,M_2
11844,L2,L2,L3,L1,L1,L2,L1,L1,L2,C2_2,D2_1,F2_2,,,N2_2,L_1,M_1
11845,L2,L2,L3,L1,L1,L2,L1,L1,L2,C2_2,D2_1,F2_2,,,N2_2,L_1,M_2
11846,L2,L2,L3,L1,L1,L2,L1,L1,L2,C2_2,D2_1,F2_2,,,N2_2,L_2,M_1
11847,L2,L2,L3,L1,L1,L2,L1,L1,L2,C2_2,D2_1,F2_2,,,N2_2,L_2,M_2
11848,L2,L2,L3,L1,L1,L2,L1,L1,L2,C2_2,D2_1,F2_2,,,N2_2,L_3,M_1
11849,L2,L2,L3,L1,L1,L2,L1,L1,L2,C2_2,D2_1,F2_2,,,N2_2,L_3,M_2
11850,L2,L2,L3,L1,L1,L2,L1,L1,L2,C2_2,D2_1,F2_3,,,N2_1,L_1,M_1
11851,L2,L2,L3,L1,L1,L2,L1,L1,L2,C2_2,D2_1,F2_3,,,N2_1,L_1,M_2
11852,L2,L2,L3,L1,L1,L2,L1,L1,L2,C2_2,D2_1,F2_3,,,N2_1,L_2,M_1
11853,L2,L2,L3,L1,L1,L2,L1,L1,L2,C2_2,D2_1,F2_3,,,N2_1,L_2,M_2
11854,L2,L2,L3,L1,L1,L2,L1,L1,L2,C2_2,D2_1,F2_3,,,N2_1,L_3,M_1
11855,L2,L2,L3,L1,L1,L2,L1,L1,L2,C2_2,D2_1,F2_3,,,N2_1,L_3,M_2
11856,L2,L2,L3,L1,L1,L2,L1,L1,L2,C2_2,D2_1,F2_3,,,N2_2,L_1,M_1
11857,L2,L2,L3,L1,L1,L2,L1,L1,L2,C2_2,D2_1,F2_3,,,N2_2,L_1,M_2
11858,L2,L2,L3,L1,L1,L2,L1,L1,L2,C2_2,D2_1,F2_3,,,N2_2,L_2,M_1
11859,L2,L2,L3,L1,L1,L2,L1,L1,L2,C2_2,D2_1,F2_3,,,N2_2,L_2,M_2
11860,L2,L2,L3,L1,L1,L2,L1,L1,L2,C2_2,D2_1,F2_3,,,N2_2,L_3,M_1
11861,L2,L2,L3,L1,L1,L2,L1,L1,L2,C2_2,D2_1,F2_3,,,N2_2,L_3,M_2
11862,L2,L2,L3,L1,L1,L2,L1,L1,L2,C2_2,D2_2,F2_1,,,N2_1,L_1,M_1
11863,L2,L2,L3,L1,L1,L2,L1,L1,L2,C2_2,D2_2,F2_1,,,N2_1,L_1,M_2
11864,L2,L2,L3,L1,L1,L2,L1,L1,L2,C2_2,D2_2,F2_1,,,N2_1,L_2,M_1
11865,L2,L2,L3,L1,L1,L2,L1,L1,L2,C2_2,D2_2,F2_1,,,N2_1,L_2,M_2
11866,L2,L2,L3,L1,L1,L2,L1,L1,L2,C2_2,D2_2,F2_1,,,N2_1,L_3,M_1
11867,L2,L2,L3,L1,L1,L2,L1,L1,L2,C2_2,D2_2,F2_1,,,N2_1,L_3,M_2
11868,L2,L2,L3,L1,L1,L2,L1,L1,L2,C2_2,D2_2,F2_1,,,N2_2,L_1,M_1
11869,L2,L2,L3,L1,L1,L2,L1,L1,L2,C2_2,D2_2,F2_1,,,N2_2,L_1,M_2
11870,L2,L2,L3,L1,L1,L2,L1,L1,L2,C2_2,D2_2,F2_1,,,N2_2,L_2,M_1
11871,L2,L2,L3,L1,L1,L2,L1,L1,L2,C2_2,D2_2,F2_1,,,N2_2,L_2,M_2
11872,L2,L2,L3,L1,L1,L2,L1,L1,L2,C2_2,D2_2,F2_1,,,N2_2,L_3,M_1
11873,L2,L2,L3,L1,L1,L2,L1,L1,L2,C2_2,D2_2,F2_1,,,N2_2,L_3,M_2
11874,L2,L2,L3,L1,L1,L2,L1,L1,L2,C2_2,D2_2,F2_2,,,N2_1,L_1,M_1
11875,L2,L2,L3,L1,L1,L2,L1,L1,L2,C2_2,D2_2,F2_2,,,N2_1,L_1,M_2
11876,L2,L2,L3,L1,L1,L2,L1,L1,L2,C2_2,D2_2,F2_2,,,N2_1,L_2,M_1
11877,L2,L2,L3,L1,L1,L2,L1,L1,L2,C2_2,D2_2,F2_2,,,N2_1,L_2,M_2
11878,L2,L2,L3,L1,L1,L2,L1,L1,L2,C2_2,D2_2,F2_2,,,N2_1,L_3,M_1
11879,L2,L2,L3,L1,L1,L2,L1,L1,L2,C2_2,D2_2,F2_2,,,N2_1,L_3,M_2
11880,L2,L2,L3,L1,L1,L2,L1,L1,L2,C2_2,D2_2,F2_2,,,N2_2,L_1,M_1
11881,L2,L2,L3,L1,L1,L2,L1,L1,L2,C2_2,D2_2,F2_2,,,N2_2,L_1,M_2
11882,L2,L2,L3,L1,L1,L2,L1,L1,L2,C2_2,D2_2,F2_2,,,N2_2,L_2,M_1
11883,L2,L2,L3,L1,L1,L2,L1,L1,L2,C2_2,D2_2,F2_2,,,N2_2,L_2,M_2
11884,L2,L2,L3,L1,L1,L2,L1,L1,L2,C2_2,D2_2,F2_2,,,N2_2,L_3,M_1
11885,L2,L2,L3,L1,L1,L2,L1,L1,L2,C2_2,D2_2,F2_2,,,N2_2,L_3,M_2
11886,L2,L2,L3,L1,L1,L2,L1,L1,L2,C2_2,D2_2,F2_3,,,N2_1,L_1,M_1
11887,L2,L2,L3,L1,L1,L2,L1,L1,L2,C2_2,D2_2,F2_3,,,N2_1,L_1,M_2
11888,L2,L2,L3,L1,L1,L2,L1,L1,L2,C2_2,D2_2,F2_3,,,N2_1,L_2,M_1
11889,L2,L2,L3,L1,L1,L2,L1,L1,L2,C2_2,D2_2,F2_3,,,N2_1,L_2,M_2
11890,L2,L2,L3,L1,L1,L2,L1,L1,L2,C2_2,D2_2,F2_3,,,N2_1,L_3,M_1
11891,L2,L2,L3,L1,L1,L2,L1,L1,L2,C2_2,D2_2,F2_3,,,N2_1,L_3,M_2
11892,L2,L2,L3,L1,L1,L2,L1,L1,L2,C2_2,D2_2,F2_3,,,N2_2,L_1,M_1
11893,L2,L2,L3,L1,L1,L2,L1,L1,L2,C2_2,D2_2,F2_3,,,N2_2,L_1,M_2
11894,L2,L2,L3,L1,L1,L2,L1,L1,L2,C2_2,D2_2,F2_3,,,N2_2,L_2,M_1
11895,L2,L2,L3,L1,L1,L2,L1,L1,L2,C2_2,D2_2,F2_3,,,N2_2,L_2,M_2
11896,L2,L2,L3,L1,L1,L2,L1,L1,L2,C2_2,D2_2,F2_3,,,N2_2,L_3,M_1
11897,L2,L2,L3,L1,L1,L2,L1,L1,L2,C2_2,D2_2,F2_3,,,N2_2,L_3,M_2
11898,L2,L2,L3,L1,L1,L2,L1,L1,L2,C2_2,D2_3,F2_1,,,N2_1,L_1,M_1
11899,L2,L2,L3,L1,L1,L2,L1,L1,L2,C2_2,D2_3,F2_1,,,N2_1,L_1,M_2
11900,L2,L2,L3,L1,L1,L2,L1,L1,L2,C2_2,D2_3,F2_1,,,N2_1,L_2,M_1
11901,L2,L2,L3,L1,L1,L2,L1,L1,L2,C2_2,D2_3,F2_1,,,N2_1,L_2,M_2
11902,L2,L2,L3,L1,L1,L2,L1,L1,L2,C2_2,D2_3,F2_1,,,N2_1,L_3,M_1
11903,L2,L2,L3,L1,L1,L2,L1,L1,L2,C2_2,D2_3,F2_1,,,N2_1,L_3,M_2
11904,L2,L2,L3,L1,L1,L2,L1,L1,L2,C2_2,D2_3,F2_1,,,N2_2,L_1,M_1
11905,L2,L2,L3,L1,L1,L2,L1,L1,L2,C2_2,D2_3,F2_1,,,N2_2,L_1,M_2
11906,L2,L2,L3,L1,L1,L2,L1,L1,L2,C2_2,D2_3,F2_1,,,N2_2,L_2,M_1
11907,L2,L2,L3,L1,L1,L2,L1,L1,L2,C2_2,D2_3,F2_1,,,N2_2,L_2,M_2
11908,L2,L2,L3,L1,L1,L2,L1,L1,L2,C2_2,D2_3,F2_1,,,N2_2,L_3,M_1
11909,L2,L2,L3,L1,L1,L2,L1,L1,L2,C2_2,D2_3,F2_1,,,N2_2,L_3,M_2
11910,L2,L2,L3,L1,L1,L2,L1,L1,L2,C2_2,D2_3,F2_2,,,N2_1,L_1,M_1
11911,L2,L2,L3,L1,L1,L2,L1,L1,L2,C2_2,D2_3,F2_2,,,N2_1,L_1,M_2
11912,L2,L2,L3,L1,L1,L2,L1,L1,L2,C2_2,D2_3,F2_2,,,N2_1,L_2,M_1
11913,L2,L2,L3,L1,L1,L2,L1,L1,L2,C2_2,D2_3,F2_2,,,N2_1,L_2,M_2
11914,L2,L2,L3,L1,L1,L2,L1,L1,L2,C2_2,D2_3,F2_2,,,N2_1,L_3,M_1
11915,L2,L2,L3,L1,L1,L2,L1,L1,L2,C2_2,D2_3,F2_2,,,N2_1,L_3,M_2
11916,L2,L2,L3,L1,L1,L2,L1,L1,L2,C2_2,D2_3,F2_2,,,N2_2,L_1,M_1
11917,L2,L2,L3,L1,L1,L2,L1,L1,L2,C2_2,D2_3,F2_2,,,N2_2,L_1,M_2
11918,L2,L2,L3,L1,L1,L2,L1,L1,L2,C2_2,D2_3,F2_2,,,N2_2,L_2,M_1
11919,L2,L2,L3,L1,L1,L2,L1,L1,L2,C2_2,D2_3,F2_2,,,N2_2,L_2,M_2
11920,L2,L2,L3,L1,L1,L2,L1,L1,L2,C2_2,D2_3,F2_2,,,N2_2,L_3,M_1
11921,L2,L2,L3,L1,L1,L2,L1,L1,L2,C2_2,D2_3,F2_2,,,N2_2,L_3,M_2
11922,L2,L2,L3,L1,L1,L2,L1,L1,L2,C2_2,D2_3,F2_3,,,N2_1,L_1,M_1
11923,L2,L2,L3,L1,L1,L2,L1,L1,L2,C2_2,D2_3,F2_3,,,N2_1,L_1,M_2
11924,L2,L2,L3,L1,L1,L2,L1,L1,L2,C2_2,D2_3,F2_3,,,N2_1,L_2,M_1
11925,L2,L2,L3,L1,L1,L2,L1,L1,L2,C2_2,D2_3,F2_3,,,N2_1,L_2,M_2
11926,L2,L2,L3,L1,L1,L2,L1,L1,L2,C2_2,D2_3,F2_3,,,N2_1,L_3,M_1
11927,L2,L2,L3,L1,L1,L2,L1,L1,L2,C2_2,D2_3,F2_3,,,N2_1,L_3,M_2
11928,L2,L2,L3,L1,L1,L2,L1,L1,L2,C2_2,D2_3,F2_3,,,N2_2,L_1,M_1
11929,L2,L2,L3,L1,L1,L2,L1,L1,L2,C2_2,D2_3,F2_3,,,N2_2,L_1,M_2
11930,L2,L2,L3,L1,L1,L2,L1,L1,L2,C2_2,D2_3,F2_3,,,N2_2,L_2,M_1
11931,L2,L2,L3,L1,L1,L2,L1,L1,L2,C2_2,D2_3,F2_3,,,N2_2,L_2,M_2
11932,L2,L2,L3,L1,L1,L2,L1,L1,L2,C2_2,D2_3,F2_3,,,N2_2,L_3,M_1
11933,L2,L2,L3,L1,L1,L2,L1,L1,L2,C2_2,D2_3,F2_3,,,N2_2,L_3,M_2
11934,L2,L2,L3,L1,L1,L2,L1,L1,L2,C2_3,D2_1,F2_1,,,N2_1,L_1,M_1
11935,L2,L2,L3,L1,L1,L2,L1,L1,L2,C2_3,D2_1,F2_1,,,N2_1,L_1,M_2
11936,L2,L2,L3,L1,L1,L2,L1,L1,L2,C2_3,D2_1,F2_1,,,N2_1,L_2,M_1
11937,L2,L2,L3,L1,L1,L2,L1,L1,L2,C2_3,D2_1,F2_1,,,N2_1,L_2,M_2
11938,L2,L2,L3,L1,L1,L2,L1,L1,L2,C2_3,D2_1,F2_1,,,N2_1,L_3,M_1
11939,L2,L2,L3,L1,L1,L2,L1,L1,L2,C2_3,D2_1,F2_1,,,N2_1,L_3,M_2
11940,L2,L2,L3,L1,L1,L2,L1,L1,L2,C2_3,D2_1,F2_1,,,N2_2,L_1,M_1
11941,L2,L2,L3,L1,L1,L2,L1,L1,L2,C2_3,D2_1,F2_1,,,N2_2,L_1,M_2
11942,L2,L2,L3,L1,L1,L2,L1,L1,L2,C2_3,D2_1,F2_1,,,N2_2,L_2,M_1
11943,L2,L2,L3,L1,L1,L2,L1,L1,L2,C2_3,D2_1,F2_1,,,N2_2,L_2,M_2
11944,L2,L2,L3,L1,L1,L2,L1,L1,L2,C2_3,D2_1,F2_1,,,N2_2,L_3,M_1
11945,L2,L2,L3,L1,L1,L2,L1,L1,L2,C2_3,D2_1,F2_1,,,N2_2,L_3,M_2
11946,L2,L2,L3,L1,L1,L2,L1,L1,L2,C2_3,D2_1,F2_2,,,N2_1,L_1,M_1
11947,L2,L2,L3,L1,L1,L2,L1,L1,L2,C2_3,D2_1,F2_2,,,N2_1,L_1,M_2
11948,L2,L2,L3,L1,L1,L2,L1,L1,L2,C2_3,D2_1,F2_2,,,N2_1,L_2,M_1
11949,L2,L2,L3,L1,L1,L2,L1,L1,L2,C2_3,D2_1,F2_2,,,N2_1,L_2,M_2
11950,L2,L2,L3,L1,L1,L2,L1,L1,L2,C2_3,D2_1,F2_2,,,N2_1,L_3,M_1
11951,L2,L2,L3,L1,L1,L2,L1,L1,L2,C2_3,D2_1,F2_2,,,N2_1,L_3,M_2
11952,L2,L2,L3,L1,L1,L2,L1,L1,L2,C2_3,D2_1,F2_2,,,N2_2,L_1,M_1
11953,L2,L2,L3,L1,L1,L2,L1,L1,L2,C2_3,D2_1,F2_2,,,N2_2,L_1,M_2
11954,L2,L2,L3,L1,L1,L2,L1,L1,L2,C2_3,D2_1,F2_2,,,N2_2,L_2,M_1
11955,L2,L2,L3,L1,L1,L2,L1,L1,L2,C2_3,D2_1,F2_2,,,N2_2,L_2,M_2
11956,L2,L2,L3,L1,L1,L2,L1,L1,L2,C2_3,D2_1,F2_2,,,N2_2,L_3,M_1
11957,L2,L2,L3,L1,L1,L2,L1,L1,L2,C2_3,D2_1,F2_2,,,N2_2,L_3,M_2
11958,L2,L2,L3,L1,L1,L2,L1,L1,L2,C2_3,D2_1,F2_3,,,N2_1,L_1,M_1
11959,L2,L2,L3,L1,L1,L2,L1,L1,L2,C2_3,D2_1,F2_3,,,N2_1,L_1,M_2
11960,L2,L2,L3,L1,L1,L2,L1,L1,L2,C2_3,D2_1,F2_3,,,N2_1,L_2,M_1
11961,L2,L2,L3,L1,L1,L2,L1,L1,L2,C2_3,D2_1,F2_3,,,N2_1,L_2,M_2
11962,L2,L2,L3,L1,L1,L2,L1,L1,L2,C2_3,D2_1,F2_3,,,N2_1,L_3,M_1
11963,L2,L2,L3,L1,L1,L2,L1,L1,L2,C2_3,D2_1,F2_3,,,N2_1,L_3,M_2
11964,L2,L2,L3,L1,L1,L2,L1,L1,L2,C2_3,D2_1,F2_3,,,N2_2,L_1,M_1
11965,L2,L2,L3,L1,L1,L2,L1,L1,L2,C2_3,D2_1,F2_3,,,N2_2,L_1,M_2
11966,L2,L2,L3,L1,L1,L2,L1,L1,L2,C2_3,D2_1,F2_3,,,N2_2,L_2,M_1
11967,L2,L2,L3,L1,L1,L2,L1,L1,L2,C2_3,D2_1,F2_3,,,N2_2,L_2,M_2
11968,L2,L2,L3,L1,L1,L2,L1,L1,L2,C2_3,D2_1,F2_3,,,N2_2,L_3,M_1
11969,L2,L2,L3,L1,L1,L2,L1,L1,L2,C2_3,D2_1,F2_3,,,N2_2,L_3,M_2
11970,L2,L2,L3,L1,L1,L2,L1,L1,L2,C2_3,D2_2,F2_1,,,N2_1,L_1,M_1
11971,L2,L2,L3,L1,L1,L2,L1,L1,L2,C2_3,D2_2,F2_1,,,N2_1,L_1,M_2
11972,L2,L2,L3,L1,L1,L2,L1,L1,L2,C2_3,D2_2,F2_1,,,N2_1,L_2,M_1
11973,L2,L2,L3,L1,L1,L2,L1,L1,L2,C2_3,D2_2,F2_1,,,N2_1,L_2,M_2
11974,L2,L2,L3,L1,L1,L2,L1,L1,L2,C2_3,D2_2,F2_1,,,N2_1,L_3,M_1
11975,L2,L2,L3,L1,L1,L2,L1,L1,L2,C2_3,D2_2,F2_1,,,N2_1,L_3,M_2
11976,L2,L2,L3,L1,L1,L2,L1,L1,L2,C2_3,D2_2,F2_1,,,N2_2,L_1,M_1
11977,L2,L2,L3,L1,L1,L2,L1,L1,L2,C2_3,D2_2,F2_1,,,N2_2,L_1,M_2
11978,L2,L2,L3,L1,L1,L2,L1,L1,L2,C2_3,D2_2,F2_1,,,N2_2,L_2,M_1
11979,L2,L2,L3,L1,L1,L2,L1,L1,L2,C2_3,D2_2,F2_1,,,N2_2,L_2,M_2
11980,L2,L2,L3,L1,L1,L2,L1,L1,L2,C2_3,D2_2,F2_1,,,N2_2,L_3,M_1
11981,L2,L2,L3,L1,L1,L2,L1,L1,L2,C2_3,D2_2,F2_1,,,N2_2,L_3,M_2
11982,L2,L2,L3,L1,L1,L2,L1,L1,L2,C2_3,D2_2,F2_2,,,N2_1,L_1,M_1
11983,L2,L2,L3,L1,L1,L2,L1,L1,L2,C2_3,D2_2,F2_2,,,N2_1,L_1,M_2
11984,L2,L2,L3,L1,L1,L2,L1,L1,L2,C2_3,D2_2,F2_2,,,N2_1,L_2,M_1
11985,L2,L2,L3,L1,L1,L2,L1,L1,L2,C2_3,D2_2,F2_2,,,N2_1,L_2,M_2
11986,L2,L2,L3,L1,L1,L2,L1,L1,L2,C2_3,D2_2,F2_2,,,N2_1,L_3,M_1
11987,L2,L2,L3,L1,L1,L2,L1,L1,L2,C2_3,D2_2,F2_2,,,N2_1,L_3,M_2
11988,L2,L2,L3,L1,L1,L2,L1,L1,L2,C2_3,D2_2,F2_2,,,N2_2,L_1,M_1
11989,L2,L2,L3,L1,L1,L2,L1,L1,L2,C2_3,D2_2,F2_2,,,N2_2,L_1,M_2
11990,L2,L2,L3,L1,L1,L2,L1,L1,L2,C2_3,D2_2,F2_2,,,N2_2,L_2,M_1
11991,L2,L2,L3,L1,L1,L2,L1,L1,L2,C2_3,D2_2,F2_2,,,N2_2,L_2,M_2
11992,L2,L2,L3,L1,L1,L2,L1,L1,L2,C2_3,D2_2,F2_2,,,N2_2,L_3,M_1
11993,L2,L2,L3,L1,L1,L2,L1,L1,L2,C2_3,D2_2,F2_2,,,N2_2,L_3,M_2
11994,L2,L2,L3,L1,L1,L2,L1,L1,L2,C2_3,D2_2,F2_3,,,N2_1,L_1,M_1
11995,L2,L2,L3,L1,L1,L2,L1,L1,L2,C2_3,D2_2,F2_3,,,N2_1,L_1,M_2
11996,L2,L2,L3,L1,L1,L2,L1,L1,L2,C2_3,D2_2,F2_3,,,N2_1,L_2,M_1
11997,L2,L2,L3,L1,L1,L2,L1,L1,L2,C2_3,D2_2,F2_3,,,N2_1,L_2,M_2
11998,L2,L2,L3,L1,L1,L2,L1,L1,L2,C2_3,D2_2,F2_3,,,N2_1,L_3,M_1
11999,L2,L2,L3,L1,L1,L2,L1,L1,L2,C2_3,D2_2,F2_3,,,N2_1,L_3,M_2
12000,L2,L2,L3,L1,L1,L2,L1,L1,L2,C2_3,D2_2,F2_3,,,N2_2,L_1,M_1
12001,L2,L2,L3,L1,L1,L2,L1,L1,L2,C2_3,D2_2,F2_3,,,N2_2,L_1,M_2
12002,L2,L2,L3,L1,L1,L2,L1,L1,L2,C2_3,D2_2,F2_3,,,N2_2,L_2,M_1
12003,L2,L2,L3,L1,L1,L2,L1,L1,L2,C2_3,D2_2,F2_3,,,N2_2,L_2,M_2
12004,L2,L2,L3,L1,L1,L2,L1,L1,L2,C2_3,D2_2,F2_3,,,N2_2,L_3,M_1
12005,L2,L2,L3,L1,L1,L2,L1,L1,L2,C2_3,D2_2,F2_3,,,N2_2,L_3,M_2
12006,L2,L2,L3,L1,L1,L2,L1,L1,L2,C2_3,D2_3,F2_1,,,N2_1,L_1,M_1
12007,L2,L2,L3,L1,L1,L2,L1,L1,L2,C2_3,D2_3,F2_1,,,N2_1,L_1,M_2
12008,L2,L2,L3,L1,L1,L2,L1,L1,L2,C2_3,D2_3,F2_1,,,N2_1,L_2,M_1
12009,L2,L2,L3,L1,L1,L2,L1,L1,L2,C2_3,D2_3,F2_1,,,N2_1,L_2,M_2
12010,L2,L2,L3,L1,L1,L2,L1,L1,L2,C2_3,D2_3,F2_1,,,N2_1,L_3,M_1
12011,L2,L2,L3,L1,L1,L2,L1,L1,L2,C2_3,D2_3,F2_1,,,N2_1,L_3,M_2
12012,L2,L2,L3,L1,L1,L2,L1,L1,L2,C2_3,D2_3,F2_1,,,N2_2,L_1,M_1
12013,L2,L2,L3,L1,L1,L2,L1,L1,L2,C2_3,D2_3,F2_1,,,N2_2,L_1,M_2
12014,L2,L2,L3,L1,L1,L2,L1,L1,L2,C2_3,D2_3,F2_1,,,N2_2,L_2,M_1
12015,L2,L2,L3,L1,L1,L2,L1,L1,L2,C2_3,D2_3,F2_1,,,N2_2,L_2,M_2
12016,L2,L2,L3,L1,L1,L2,L1,L1,L2,C2_3,D2_3,F2_1,,,N2_2,L_3,M_1
12017,L2,L2,L3,L1,L1,L2,L1,L1,L2,C2_3,D2_3,F2_1,,,N2_2,L_3,M_2
12018,L2,L2,L3,L1,L1,L2,L1,L1,L2,C2_3,D2_3,F2_2,,,N2_1,L_1,M_1
12019,L2,L2,L3,L1,L1,L2,L1,L1,L2,C2_3,D2_3,F2_2,,,N2_1,L_1,M_2
12020,L2,L2,L3,L1,L1,L2,L1,L1,L2,C2_3,D2_3,F2_2,,,N2_1,L_2,M_1
12021,L2,L2,L3,L1,L1,L2,L1,L1,L2,C2_3,D2_3,F2_2,,,N2_1,L_2,M_2
12022,L2,L2,L3,L1,L1,L2,L1,L1,L2,C2_3,D2_3,F2_2,,,N2_1,L_3,M_1
12023,L2,L2,L3,L1,L1,L2,L1,L1,L2,C2_3,D2_3,F2_2,,,N2_1,L_3,M_2
12024,L2,L2,L3,L1,L1,L2,L1,L1,L2,C2_3,D2_3,F2_2,,,N2_2,L_1,M_1
12025,L2,L2,L3,L1,L1,L2,L1,L1,L2,C2_3,D2_3,F2_2,,,N2_2,L_1,M_2
12026,L2,L2,L3,L1,L1,L2,L1,L1,L2,C2_3,D2_3,F2_2,,,N2_2,L_2,M_1
12027,L2,L2,L3,L1,L1,L2,L1,L1,L2,C2_3,D2_3,F2_2,,,N2_2,L_2,M_2
12028,L2,L2,L3,L1,L1,L2,L1,L1,L2,C2_3,D2_3,F2_2,,,N2_2,L_3,M_1
12029,L2,L2,L3,L1,L1,L2,L1,L1,L2,C2_3,D2_3,F2_2,,,N2_2,L_3,M_2
12030,L2,L2,L3,L1,L1,L2,L1,L1,L2,C2_3,D2_3,F2_3,,,N2_1,L_1,M_1
12031,L2,L2,L3,L1,L1,L2,L1,L1,L2,C2_3,D2_3,F2_3,,,N2_1,L_1,M_2
12032,L2,L2,L3,L1,L1,L2,L1,L1,L2,C2_3,D2_3,F2_3,,,N2_1,L_2,M_1
12033,L2,L2,L3,L1,L1,L2,L1,L1,L2,C2_3,D2_3,F2_3,,,N2_1,L_2,M_2
12034,L2,L2,L3,L1,L1,L2,L1,L1,L2,C2_3,D2_3,F2_3,,,N2_1,L_3,M_1
12035,L2,L2,L3,L1,L1,L2,L1,L1,L2,C2_3,D2_3,F2_3,,,N2_1,L_3,M_2
12036,L2,L2,L3,L1,L1,L2,L1,L1,L2,C2_3,D2_3,F2_3,,,N2_2,L_1,M_1
12037,L2,L2,L3,L1,L1,L2,L1,L1,L2,C2_3,D2_3,F2_3,,,N2_2,L_1,M_2
12038,L2,L2,L3,L1,L1,L2,L1,L1,L2,C2_3,D2_3,F2_3,,,N2_2,L_2,M_1
12039,L2,L2,L3,L1,L1,L2,L1,L1,L2,C2_3,D2_3,F2_3,,,N2_2,L_2,M_2
12040,L2,L2,L3,L1,L1,L2,L1,L1,L2,C2_3,D2_3,F2_3,,,N2_2,L_3,M_1
12041,L2,L2,L3,L1,L1,L2,L1,L1,L2,C2_3,D2_3,F2_3,,,N2_2,L_3,M_2
16902,L3,L3,L2,L2,L2,L2,L1,L1,L2,C2_1,D2_1,F2_1,,,N2_1,L_1,M_1
16903,L3,L3,L2,L2,L2,L2,L1,L1,L2,C2_1,D2_1,F2_1,,,N2_1,L_1,M_2
16904,L3,L3,L2,L2,L2,L2,L1,L1,L2,C2_1,D2_1,F2_1,,,N2_1,L_2,M_1
16905,L3,L3,L2,L2,L2,L2,L1,L1,L2,C2_1,D2_1,F2_1,,,N2_1,L_2,M_2
16906,L3,L3,L2,L2,L2,L2,L1,L1,L2,C2_1,D2_1,F2_1,,,N2_1,L_3,M_1
16907,L3,L3,L2,L2,L2,L2,L1,L1,L2,C2_1,D2_1,F2_1,,,N2_1,L_3,M_2
16908,L3,L3,L2,L2,L2,L2,L1,L1,L2,C2_1,D2_1,F2_1,,,N2_2,L_1,M_1
16909,L3,L3,L2,L2,L2,L2,L1,L1,L2,C2_1,D2_1,F2_1,,,N2_2,L_1,M_2
16910,L3,L3,L2,L2,L2,L2,L1,L1,L2,C2_1,D2_1,F2_1,,,N2_2,L_2,M_1
16911,L3,L3,L2,L2,L2,L2,L1,L1,L2,C2_1,D2_1,F2_1,,,N2_2,L_2,M_2
16912,L3,L3,L2,L2,L2,L2,L1,L1,L2,C2_1,D2_1,F2_1,,,N2_2,L_3,M_1
16913,L3,L3,L2,L2,L2,L2,L1,L1,L2,C2_1,D2_1,F2_1,,,N2_2,L_3,M_2
16914,L3,L3,L2,L2,L2,L2,L1,L1,L2,C2_1,D2_1,F2_2,,,N2_1,L_1,M_1
16915,L3,L3,L2,L2,L2,L2,L1,L1,L2,C2_1,D2_1,F2_2,,,N2_1,L_1,M_2
16916,L3,L3,L2,L2,L2,L2,L1,L1,L2,C2_1,D2_1,F2_2,,,N2_1,L_2,M_1
16917,L3,L3,L2,L2,L2,L2,L1,L1,L2,C2_1,D2_1,F2_2,,,N2_1,L_2,M_2
16918,L3,L3,L2,L2,L2,L2,L1,L1,L2,C2_1,D2_1,F2_2,,,N2_1,L_3,M_1
16919,L3,L3,L2,L2,L2,L2,L1,L1,L2,C2_1,D2_1,F2_2,,,N2_1,L_3,M_2
16920,L3,L3,L2,L2,L2,L2,L1,L1,L2,C2_1,D2_1,F2_2,,,N2_2,L_1,M_1
16921,L3,L3,L2,L2,L2,L2,L1,L1,L2,C2_1,D2_1,F2_2,,,N2_2,L_1,M_2
16922,L3,L3,L2,L2,L2,L2,L1,L1,L2,C2_1,D2_1,F2_2,,,N2_2,L_2,M_1
16923,L3,L3,L2,L2,L2,L2,L1,L1,L2,C2_1,D2_1,F2_2,,,N2_2,L_2,M_2
16924,L3,L3,L2,L2,L2,L2,L1,L1,L2,C2_1,D2_1,F2_2,,,N2_2,L_3,M_1
16925,L3,L3,L2,L2,L2,L2,L1,L1,L2,C2_1,D2_1,F2_2,,,N2_2,L_3,M_2
16926,L3,L3,L2,L2,L2,L2,L1,L1,L2,C2_1,D2_1,F2_3,,,N2_1,L_1,M_1
16927,L3,L3,L2,L2,L2,L2,L1,L1,L2,C2_1,D2_1,F2_3,,,N2_1,L_1,M_2
16928,L3,L3,L2,L2,L2,L2,L1,L1,L2,C2_1,D2_1,F2_3,,,N2_1,L_2,M_1
16929,L3,L3,L2,L2,L2,L2,L1,L1,L2,C2_1,D2_1,F2_3,,,N2_1,L_2,M_2
16930,L3,L3,L2,L2,L2,L2,L1,L1,L2,C2_1,D2_1,F2_3,,,N2_1,L_3,M_1
16931,L3,L3,L2,L2,L2,L2,L1,L1,L2,C2_1,D2_1,F2_3,,,N2_1,L_3,M_2
16932,L3,L3,L2,L2,L2,L2,L1,L1,L2,C2_1,D2_1,F2_3,,,N2_2,L_1,M_1
16933,L3,L3,L2,L2,L2,L2,L1,L1,L2,C2_1,D2_1,F2_3,,,N2_2,L_1,M_2
16934,L3,L3,L2,L2,L2,L2,L1,L1,L2,C2_1,D2_1,F2_3,,,N2_2,L_2,M_1
16935,L3,L3,L2,L2,L2,L2,L1,L1,L2,C2_1,D2_1,F2_3,,,N2_2,L_2,M_2
16936,L3,L3,L2,L2,L2,L2,L1,L1,L2,C2_1,D2_1,F2_3,,,N2_2,L_3,M_1
16937,L3,L3,L2,L2,L2,L2,L1,L1,L2,C2_1,D2_1,F2_3,,,N2_2,L_3,M_2
16938,L3,L3,L2,L2,L2,L2,L1,L1,L2,C2_1,D2_2,F2_1,,,N2_1,L_1,M_1
16939,L3,L3,L2,L2,L2,L2,L1,L1,L2,C2_1,D2_2,F2_1,,,N2_1,L_1,M_2
16940,L3,L3,L2,L2,L2,L2,L1,L1,L2,C2_1,D2_2,F2_1,,,N2_1,L_2,M_1
16941,L3,L3,L2,L2,L2,L2,L1,L1,L2,C2_1,D2_2,F2_1,,,N2_1,L_2,M_2
16942,L3,L3,L2,L2,L2,L2,L1,L1,L2,C2_1,D2_2,F2_1,,,N2_1,L_3,M_1
16943,L3,L3,L2,L2,L2,L2,L1,L1,L2,C2_1,D2_2,F2_1,,,N2_1,L_3,M_2
16944,L3,L3,L2,L2,L2,L2,L1,L1,L2,C2_1,D2_2,F2_1,,,N2_2,L_1,M_1
16945,L3,L3,L2,L2,L2,L2,L1,L1,L2,C2_1,D2_2,F2_1,,,N2_2,L_1,M_2
16946,L3,L3,L2,L2,L2,L2,L1,L1,L2,C2_1,D2_2,F2_1,,,N2_2,L_2,M_1
16947,L3,L3,L2,L2,L2,L2,L1,L1,L2,C2_1,D2_2,F2_1,,,N2_2,L_2,M_2
16948,L3,L3,L2,L2,L2,L2,L1,L1,L2,C2_1,D2_2,F2_1,,,N2_2,L_3,M_1
16949,L3,L3,L2,L2,L2,L2,L1,L1,L2,C2_1,D2_2,F2_1,,,N2_2,L_3,M_2
16950,L3,L3,L2,L2,L2,L2,L1,L1,L2,C2_1,D2_2,F2_2,,,N2_1,L_1,M_1
16951,L3,L3,L2,L2,L2,L2,L1,L1,L2,C2_1,D2_2,F2_2,,,N2_1,L_1,M_2
16952,L3,L3,L2,L2,L2,L2,L1,L1,L2,C2_1,D2_2,F2_2,,,N2_1,L_2,M_1
16953,L3,L3,L2,L2,L2,L2,L1,L1,L2,C2_1,D2_2,F2_2,,,N2_1,L_2,M_2
16954,L3,L3,L2,L2,L2,L2,L1,L1,L2,C2_1,D2_2,F2_2,,,N2_1,L_3,M_1
16955,L3,L3,L2,L2,L2,L2,L1,L1,L2,C2_1,D2_2,F2_2,,,N2_1,L_3,M_2
16956,L3,L3,L2,L2,L2,L2,L1,L1,L2,C2_1,D2_2,F2_2,,,N2_2,L_1,M_1
16957,L3,L3,L2,L2,L2,L2,L1,L1,L2,C2_1,D2_2,F2_2,,,N2_2,L_1,M_2
16958,L3,L3,L2,L2,L2,L2,L1,L1,L2,C2_1,D2_2,F2_2,,,N2_2,L_2,M_1
16959,L3,L3,L2,L2,L2,L2,L1,L1,L2,C2_1,D2_2,F2_2,,,N2_2,L_2,M_2
16960,L3,L3,L2,L2,L2,L2,L1,L1,L2,C2_1,D2_2,F2_2,,,N2_2,L_3,M_1
16961,L3,L3,L2,L2,L2,L2,L1,L1,L2,C2_1,D2_2,F2_2,,,N2_2,L_3,M_2
16962,L3,L3,L2,L2,L2,L2,L1,L1,L2,C2_1,D2_2,F2_3,,,N2_1,L_1,M_1
16963,L3,L3,L2,L2,L2,L2,L1,L1,L2,C2_1,D2_2,F2_3,,,N2_1,L_1,M_2
16964,L3,L3,L2,L2,L2,L2,L1,L1,L2,C2_1,D2_2,F2_3,,,N2_1,L_2,M_1
16965,L3,L3,L2,L2,L2,L2,L1,L1,L2,C2_1,D2_2,F2_3,,,N2_1,L_2,M_2
16966,L3,L3,L2,L2,L2,L2,L1,L1,L2,C2_1,D2_2,F2_3,,,N2_1,L_3,M_1
16967,L3,L3,L2,L2,L2,L2,L1,L1,L2,C2_1,D2_2,F2_3,,,N2_1,L_3,M_2
16968,L3,L3,L2,L2,L2,L2,L1,L1,L2,C2_1,D2_2,F2_3,,,N2_2,L_1,M_1
16969,L3,L3,L2,L2,L2,L2,L1,L1,L2,C2_1,D2_2,F2_3,,,N2_2,L_1,M_2
16970,L3,L3,L2,L2,L2,L2,L1,L1,L2,C2_1,D2_2,F2_3,,,N2_2,L_2,M_1
16971,L3,L3,L2,L2,L2,L2,L1,L1,L2,C2_1,D2_2,F2_3,,,N2_2,L_2,M_2
16972,L3,L3,L2,L2,L2,L2,L1,L1,L2,C2_1,D2_2,F2_3,,,N2_2,L_3,M_1
16973,L3,L3,L2,L2,L2,L2,L1,L1,L2,C2_1,D2_2,F2_3,,,N2_2,L_3,M_2
16974,L3,L3,L2,L2,L2,L2,L1,L1,L2,C2_1,D2_3,F2_1,,,N2_1,L_1,M_1
16975,L3,L3,L2,L2,L2,L2,L1,L1,L2,C2_1,D2_3,F2_1,,,N2_1,L_1,M_2
16976,L3,L3,L2,L2,L2,L2,L1,L1,L2,C2_1,D2_3,F2_1,,,N2_1,L_2,M_1
16977,L3,L3,L2,L2,L2,L2,L1,L1,L2,C2_1,D2_3,F2_1,,,N2_1,L_2,M_2
16978,L3,L3,L2,L2,L2,L2,L1,L1,L2,C2_1,D2_3,F2_1,,,N2_1,L_3,M_1
16979,L3,L3,L2,L2,L2,L2,L1,L1,L2,C2_1,D2_3,F2_1,,,N2_1,L_3,M_2
16980,L3,L3,L2,L2,L2,L2,L1,L1,L2,C2_1,D2_3,F2_1,,,N2_2,L_1,M_1
16981,L3,L3,L2,L2,L2,L2,L1,L1,L2,C2_1,D2_3,F2_1,,,N2_2,L_1,M_2
16982,L3,L3,L2,L2,L2,L2,L1,L1,L2,C2_1,D2_3,F2_1,,,N2_2,L_2,M_1
16983,L3,L3,L2,L2,L2,L2,L1,L1,L2,C2_1,D2_3,F2_1,,,N2_2,L_2,M_2
16984,L3,L3,L2,L2,L2,L2,L1,L1,L2,C2_1,D2_3,F2_1,,,N2_2,L_3,M_1
16985,L3,L3,L2,L2,L2,L2,L1,L1,L2,C2_1,D2_3,F2_1,,,N2_2,L_3,M_2
16986,L3,L3,L2,L2,L2,L2,L1,L1,L2,C2_1,D2_3,F2_2,,,N2_1,L_1,M_1
16987,L3,L3,L2,L2,L2,L2,L1,L1,L2,C2_1,D2_3,F2_2,,,N2_1,L_1,M_2
16988,L3,L3,L2,L2,L2,L2,L1,L1,L2,C2_1,D2_3,F2_2,,,N2_1,L_2,M_1
16989,L3,L3,L2,L2,L2,L2,L1,L1,L2,C2_1,D2_3,F2_2,,,N2_1,L_2,M_2
16990,L3,L3,L2,L2,L2,L2,L1,L1,L2,C2_1,D2_3,F2_2,,,N2_1,L_3,M_1
16991,L3,L3,L2,L2,L2,L2,L1,L1,L2,C2_1,D2_3,F2_2,,,N2_1,L_3,M_2
16992,L3,L3,L2,L2,L2,L2,L1,L1,L2,C2_1,D2_3,F2_2,,,N2_2,L_1,M_1
16993,L3,L3,L2,L2,L2,L2,L1,L1,L2,C2_1,D2_3,F2_2,,,N2_2,L_1,M_2
16994,L3,L3,L2,L2,L2,L2,L1,L1,L2,C2_1,D2_3,F2_2,,,N2_2,L_2,M_1
16995,L3,L3,L2,L2,L2,L2,L1,L1,L2,C2_1,D2_3,F2_2,,,N2_2,L_2,M_2
16996,L3,L3,L2,L2,L2,L2,L1,L1,L2,C2_1,D2_3,F2_2,,,N2_2,L_3,M_1
16997,L3,L3,L2,L2,L2,L2,L1,L1,L2,C2_1,D2_3,F2_2,,,N2_2,L_3,M_2
16998,L3,L3,L2,L2,L2,L2,L1,L1,L2,C2_1,D2_3,F2_3,,,N2_1,L_1,M_1
16999,L3,L3,L2,L2,L2,L2,L1,L1,L2,C2_1,D2_3,F2_3,,,N2_1,L_1,M_2
17000,L3,L3,L2,L2,L2,L2,L1,L1,L2,C2_1,D2_3,F2_3,,,N2_1,L_2,M_1
17001,L3,L3,L2,L2,L2,L2,L1,L1,L2,C2_1,D2_3,F2_3,,,N2_1,L_2,M_2
17002,L3,L3,L2,L2,L2,L2,L1,L1,L2,C2_1,D2_3,F2_3,,,N2_1,L_3,M_1
17003,L3,L3,L2,L2,L2,L2,L1,L1,L2,C2_1,D2_3,F2_3,,,N2_1,L_3,M_2
17004,L3,L3,L2,L2,L2,L2,L1,L1,L2,C2_1,D2_3,F2_3,,,N2_2,L_1,M_1
17005,L3,L3,L2,L2,L2,L2,L1,L1,L2,C2_1,D2_3,F2_3,,,N2_2,L_1,M_2
17006,L3,L3,L2,L2,L2,L2,L1,L1,L2,C2_1,D2_3,F2_3,,,N2_2,L_2,M_1
17007,L3,L3,L2,L2,L2,L2,L1,L1,L2,C2_1,D2_3,F2_3,,,N2_2,L_2,M_2
17008,L3,L3,L2,L2,L2,L2,L1,L1,L2,C2_1,D2_3,F2_3,,,N2_2,L_3,M_1
17009,L3,L3,L2,L2,L2,L2,L1,L1,L2,C2_1,D2_3,F2_3,,,N2_2,L_3,M_2
17010,L3,L3,L2,L2,L2,L2,L1,L1,L2,C2_2,D2_1,F2_1,,,N2_1,L_1,M_1
17011,L3,L3,L2,L2,L2,L2,L1,L1,L2,C2_2,D2_1,F2_1,,,N2_1,L_1,M_2
17012,L3,L3,L2,L2,L2,L2,L1,L1,L2,C2_2,D2_1,F2_1,,,N2_1,L_2,M_1
17013,L3,L3,L2,L2,L2,L2,L1,L1,L2,C2_2,D2_1,F2_1,,,N2_1,L_2,M_2
17014,L3,L3,L2,L2,L2,L2,L1,L1,L2,C2_2,D2_1,F2_1,,,N2_1,L_3,M_1
17015,L3,L3,L2,L2,L2,L2,L1,L1,L2,C2_2,D2_1,F2_1,,,N2_1,L_3,M_2
17016,L3,L3,L2,L2,L2,L2,L1,L1,L2,C2_2,D2_1,F2_1,,,N2_2,L_1,M_1
17017,L3,L3,L2,L2,L2,L2,L1,L1,L2,C2_2,D2_1,F2_1,,,N2_2,L_1,M_2
17018,L3,L3,L2,L2,L2,L2,L1,L1,L2,C2_2,D2_1,F2_1,,,N2_2,L_2,M_1
17019,L3,L3,L2,L2,L2,L2,L1,L1,L2,C2_2,D2_1,F2_1,,,N2_2,L_2,M_2
17020,L3,L3,L2,L2,L2,L2,L1,L1,L2,C2_2,D2_1,F2_1,,,N2_2,L_3,M_1
17021,L3,L3,L2,L2,L2,L2,L1,L1,L2,C2_2,D2_1,F2_1,,,N2_2,L_3,M_2
17022,L3,L3,L2,L2,L2,L2,L1,L1,L2,C2_2,D2_1,F2_2,,,N2_1,L_1,M_1
17023,L3,L3,L2,L2,L2,L2,L1,L1,L2,C2_2,D2_1,F2_2,,,N2_1,L_1,M_2
17024,L3,L3,L2,L2,L2,L2,L1,L1,L2,C2_2,D2_1,F2_2,,,N2_1,L_2,M_1
17025,L3,L3,L2,L2,L2,L2,L1,L1,L2,C2_2,D2_1,F2_2,,,N2_1,L_2,M_2
17026,L3,L3,L2,L2,L2,L2,L1,L1,L2,C2_2,D2_1,F2_2,,,N2_1,L_3,M_1
17027,L3,L3,L2,L2,L2,L2,L1,L1,L2,C2_2,D2_1,F2_2,,,N2_1,L_3,M_2
17028,L3,L3,L2,L2,L2,L2,L1,L1,L2,C2_2,D2_1,F2_2,,,N2_2,L_1,M_1
17029,L3,L3,L2,L2,L2,L2,L1,L1,L2,C2_2,D2_1,F2_2,,,N2_2,L_1,M_2
17030,L3,L3,L2,L2,L2,L2,L1,L1,L2,C2_2,D2_1,F2_2,,,N2_2,L_2,M_1
17031,L3,L3,L2,L2,L2,L2,L1,L1,L2,C2_2,D2_1,F2_2,,,N2_2,L_2,M_2
17032,L3,L3,L2,L2,L2,L2,L1,L1,L2,C2_2,D2_1,F2_2,,,N2_2,L_3,M_1
17033,L3,L3,L2,L2,L2,L2,L1,L1,L2,C2_2,D2_1,F2_2,,,N2_2,L_3,M_2
17034,L3,L3,L2,L2,L2,L2,L1,L1,L2,C2_2,D2_1,F2_3,,,N2_1,L_1,M_1
17035,L3,L3,L2,L2,L2,L2,L1,L1,L2,C2_2,D2_1,F2_3,,,N2_1,L_1,M_2
17036,L3,L3,L2,L2,L2,L2,L1,L1,L2,C2_2,D2_1,F2_3,,,N2_1,L_2,M_1
17037,L3,L3,L2,L2,L2,L2,L1,L1,L2,C2_2,D2_1,F2_3,,,N2_1,L_2,M_2
17038,L3,L3,L2,L2,L2,L2,L1,L1,L2,C2_2,D2_1,F2_3,,,N2_1,L_3,M_1
17039,L3,L3,L2,L2,L2,L2,L1,L1,L2,C2_2,D2_1,F2_3,,,N2_1,L_3,M_2
17040,L3,L3,L2,L2,L2,L2,L1,L1,L2,C2_2,D2_1,F2_3,,,N2_2,L_1,M_1
17041,L3,L3,L2,L2,L2,L2,L1,L1,L2,C2_2,D2_1,F2_3,,,N2_2,L_1,M_2
17042,L3,L3,L2,L2,L2,L2,L1,L1,L2,C2_2,D2_1,F2_3,,,N2_2,L_2,M_1
17043,L3,L3,L2,L2,L2,L2,L1,L1,L2,C2_2,D2_1,F2_3,,,N2_2,L_2,M_2
17044,L3,L3,L2,L2,L2,L2,L1,L1,L2,C2_2,D2_1,F2_3,,,N2_2,L_3,M_1
17045,L3,L3,L2,L2,L2,L2,L1,L1,L2,C2_2,D2_1,F2_3,,,N2_2,L_3,M_2
17046,L3,L3,L2,L2,L2,L2,L1,L1,L2,C2_2,D2_2,F2_1,,,N2_1,L_1,M_1
17047,L3,L3,L2,L2,L2,L2,L1,L1,L2,C2_2,D2_2,F2_1,,,N2_1,L_1,M_2
17048,L3,L3,L2,L2,L2,L2,L1,L1,L2,C2_2,D2_2,F2_1,,,N2_1,L_2,M_1
17049,L3,L3,L2,L2,L2,L2,L1,L1,L2,C2_2,D2_2,F2_1,,,N2_1,L_2,M_2
17050,L3,L3,L2,L2,L2,L2,L1,L1,L2,C2_2,D2_2,F2_1,,,N2_1,L_3,M_1
17051,L3,L3,L2,L2,L2,L2,L1,L1,L2,C2_2,D2_2,F2_1,,,N2_1,L_3,M_2
17052,L3,L3,L2,L2,L2,L2,L1,L1,L2,C2_2,D2_2,F2_1,,,N2_2,L_1,M_1
17053,L3,L3,L2,L2,L2,L2,L1,L1,L2,C2_2,D2_2,F2_1,,,N2_2,L_1,M_2
17054,L3,L3,L2,L2,L2,L2,L1,L1,L2,C2_2,D2_2,F2_1,,,N2_2,L_2,M_1
17055,L3,L3,L2,L2,L2,L2,L1,L1,L2,C2_2,D2_2,F2_1,,,N2_2,L_2,M_2
17056,L3,L3,L2,L2,L2,L2,L1,L1,L2,C2_2,D2_2,F2_1,,,N2_2,L_3,M_1
17057,L3,L3,L2,L2,L2,L2,L1,L1,L2,C2_2,D2_2,F2_1,,,N2_2,L_3,M_2
17058,L3,L3,L2,L2,L2,L2,L1,L1,L2,C2_2,D2_2,F2_2,,,N2_1,L_1,M_1
17059,L3,L3,L2,L2,L2,L2,L1,L1,L2,C2_2,D2_2,F2_2,,,N2_1,L_1,M_2
17060,L3,L3,L2,L2,L2,L2,L1,L1,L2,C2_2,D2_2,F2_2,,,N2_1,L_2,M_1
17061,L3,L3,L2,L2,L2,L2,L1,L1,L2,C2_2,D2_2,F2_2,,,N2_1,L_2,M_2
17062,L3,L3,L2,L2,L2,L2,L1,L1,L2,C2_2,D2_2,F2_2,,,N2_1,L_3,M_1
17063,L3,L3,L2,L2,L2,L2,L1,L1,L2,C2_2,D2_2,F2_2,,,N2_1,L_3,M_2
17064,L3,L3,L2,L2,L2,L2,L1,L1,L2,C2_2,D2_2,F2_2,,,N2_2,L_1,M_1
17065,L3,L3,L2,L2,L2,L2,L1,L1,L2,C2_2,D2_2,F2_2,,,N2_2,L_1,M_2
17066,L3,L3,L2,L2,L2,L2,L1,L1,L2,C2_2,D2_2,F2_2,,,N2_2,L_2,M_1
17067,L3,L3,L2,L2,L2,L2,L1,L1,L2,C2_2,D2_2,F2_2,,,N2_2,L_2,M_2
17068,L3,L3,L2,L2,L2,L2,L1,L1,L2,C2_2,D2_2,F2_2,,,N2_2,L_3,M_1
17069,L3,L3,L2,L2,L2,L2,L1,L1,L2,C2_2,D2_2,F2_2,,,N2_2,L_3,M_2
17070,L3,L3,L2,L2,L2,L2,L1,L1,L2,C2_2,D2_2,F2_3,,,N2_1,L_1,M_1
17071,L3,L3,L2,L2,L2,L2,L1,L1,L2,C2_2,D2_2,F2_3,,,N2_1,L_1,M_2
17072,L3,L3,L2,L2,L2,L2,L1,L1,L2,C2_2,D2_2,F2_3,,,N2_1,L_2,M_1
17073,L3,L3,L2,L2,L2,L2,L1,L1,L2,C2_2,D2_2,F2_3,,,N2_1,L_2,M_2
17074,L3,L3,L2,L2,L2,L2,L1,L1,L2,C2_2,D2_2,F2_3,,,N2_1,L_3,M_1
17075,L3,L3,L2,L2,L2,L2,L1,L1,L2,C2_2,D2_2,F2_3,,,N2_1,L_3,M_2
17076,L3,L3,L2,L2,L2,L2,L1,L1,L2,C2_2,D2_2,F2_3,,,N2_2,L_1,M_1
17077,L3,L3,L2,L2,L2,L2,L1,L1,L2,C2_2,D2_2,F2_3,,,N2_2,L_1,M_2
17078,L3,L3,L2,L2,L2,L2,L1,L1,L2,C2_2,D2_2,F2_3,,,N2_2,L_2,M_1
17079,L3,L3,L2,L2,L2,L2,L1,L1,L2,C2_2,D2_2,F2_3,,,N2_2,L_2,M_2
17080,L3,L3,L2,L2,L2,L2,L1,L1,L2,C2_2,D2_2,F2_3,,,N2_2,L_3,M_1
17081,L3,L3,L2,L2,L2,L2,L1,L1,L2,C2_2,D2_2,F2_3,,,N2_2,L_3,M_2
17082,L3,L3,L2,L2,L2,L2,L1,L1,L2,C2_2,D2_3,F2_1,,,N2_1,L_1,M_1
17083,L3,L3,L2,L2,L2,L2,L1,L1,L2,C2_2,D2_3,F2_1,,,N2_1,L_1,M_2
17084,L3,L3,L2,L2,L2,L2,L1,L1,L2,C2_2,D2_3,F2_1,,,N2_1,L_2,M_1
17085,L3,L3,L2,L2,L2,L2,L1,L1,L2,C2_2,D2_3,F2_1,,,N2_1,L_2,M_2
17086,L3,L3,L2,L2,L2,L2,L1,L1,L2,C2_2,D2_3,F2_1,,,N2_1,L_3,M_1
17087,L3,L3,L2,L2,L2,L2,L1,L1,L2,C2_2,D2_3,F2_1,,,N2_1,L_3,M_2
17088,L3,L3,L2,L2,L2,L2,L1,L1,L2,C2_2,D2_3,F2_1,,,N2_2,L_1,M_1
17089,L3,L3,L2,L2,L2,L2,L1,L1,L2,C2_2,D2_3,F2_1,,,N2_2,L_1,M_2
17090,L3,L3,L2,L2,L2,L2,L1,L1,L2,C2_2,D2_3,F2_1,,,N2_2,L_2,M_1
17091,L3,L3,L2,L2,L2,L2,L1,L1,L2,C2_2,D2_3,F2_1,,,N2_2,L_2,M_2
17092,L3,L3,L2,L2,L2,L2,L1,L1,L2,C2_2,D2_3,F2_1,,,N2_2,L_3,M_1
17093,L3,L3,L2,L2,L2,L2,L1,L1,L2,C2_2,D2_3,F2_1,,,N2_2,L_3,M_2
17094,L3,L3,L2,L2,L2,L2,L1,L1,L2,C2_2,D2_3,F2_2,,,N2_1,L_1,M_1
17095,L3,L3,L2,L2,L2,L2,L1,L1,L2,C2_2,D2_3,F2_2,,,N2_1,L_1,M_2
17096,L3,L3,L2,L2,L2,L2,L1,L1,L2,C2_2,D2_3,F2_2,,,N2_1,L_2,M_1
17097,L3,L3,L2,L2,L2,L2,L1,L1,L2,C2_2,D2_3,F2_2,,,N2_1,L_2,M_2
17098,L3,L3,L2,L2,L2,L2,L1,L1,L2,C2_2,D2_3,F2_2,,,N2_1,L_3,M_1
17099,L3,L3,L2,L2,L2,L2,L1,L1,L2,C2_2,D2_3,F2_2,,,N2_1,L_3,M_2
17100,L3,L3,L2,L2,L2,L2,L1,L1,L2,C2_2,D2_3,F2_2,,,N2_2,L_1,M_1
17101,L3,L3,L2,L2,L2,L2,L1,L1,L2,C2_2,D2_3,F2_2,,,N2_2,L_1,M_2
17102,L3,L3,L2,L2,L2,L2,L1,L1,L2,C2_2,D2_3,F2_2,,,N2_2,L_2,M_1
17103,L3,L3,L2,L2,L2,L2,L1,L1,L2,C2_2,D2_3,F2_2,,,N2_2,L_2,M_2
17104,L3,L3,L2,L2,L2,L2,L1,L1,L2,C2_2,D2_3,F2_2,,,N2_2,L_3,M_1
17105,L3,L3,L2,L2,L2,L2,L1,L1,L2,C2_2,D2_3,F2_2,,,N2_2,L_3,M_2
17106,L3,L3,L2,L2,L2,L2,L1,L1,L2,C2_2,D2_3,F2_3,,,N2_1,L_1,M_1
17107,L3,L3,L2,L2,L2,L2,L1,L1,L2,C2_2,D2_3,F2_3,,,N2_1,L_1,M_2
17108,L3,L3,L2,L2,L2,L2,L1,L1,L2,C2_2,D2_3,F2_3,,,N2_1,L_2,M_1
17109,L3,L3,L2,L2,L2,L2,L1,L1,L2,C2_2,D2_3,F2_3,,,N2_1,L_2,M_2
17110,L3,L3,L2,L2,L2,L2,L1,L1,L2,C2_2,D2_3,F2_3,,,N2_1,L_3,M_1
17111,L3,L3,L2,L2,L2,L2,L1,L1,L2,C2_2,D2_3,F2_3,,,N2_1,L_3,M_2
17112,L3,L3,L2,L2,L2,L2,L1,L1,L2,C2_2,D2_3,F2_3,,,N2_2,L_1,M_1
17113,L3,L3,L2,L2,L2,L2,L1,L1,L2,C2_2,D2_3,F2_3,,,N2_2,L_1,M_2
17114,L3,L3,L2,L2,L2,L2,L1,L1,L2,C2_2,D2_3,F2_3,,,N2_2,L_2,M_1
17115,L3,L3,L2,L2,L2,L2,L1,L1,L2,C2_2,D2_3,F2_3,,,N2_2,L_2,M_2
17116,L3,L3,L2,L2,L2,L2,L1,L1,L2,C2_2,D2_3,F2_3,,,N2_2,L_3,M_1
17117,L3,L3,L2,L2,L2,L2,L1,L1,L2,C2_2,D2_3,F2_3,,,N2_2,L_3,M_2
17118,L3,L3,L2,L2,L2,L2,L1,L1,L2,C2_3,D2_1,F2_1,,,N2_1,L_1,M_1
17119,L3,L3,L2,L2,L2,L2,L1,L1,L2,C2_3,D2_1,F2_1,,,N2_1,L_1,M_2
17120,L3,L3,L2,L2,L2,L2,L1,L1,L2,C2_3,D2_1,F2_1,,,N2_1,L_2,M_1
17121,L3,L3,L2,L2,L2,L2,L1,L1,L2,C2_3,D2_1,F2_1,,,N2_1,L_2,M_2
17122,L3,L3,L2,L2,L2,L2,L1,L1,L2,C2_3,D2_1,F2_1,,,N2_1,L_3,M_1
17123,L3,L3,L2,L2,L2,L2,L1,L1,L2,C2_3,D2_1,F2_1,,,N2_1,L_3,M_2
17124,L3,L3,L2,L2,L2,L2,L1,L1,L2,C2_3,D2_1,F2_1,,,N2_2,L_1,M_1
17125,L3,L3,L2,L2,L2,L2,L1,L1,L2,C2_3,D2_1,F2_1,,,N2_2,L_1,M_2
17126,L3,L3,L2,L2,L2,L2,L1,L1,L2,C2_3,D2_1,F2_1,,,N2_2,L_2,M_1
17127,L3,L3,L2,L2,L2,L2,L1,L1,L2,C2_3,D2_1,F2_1,,,N2_2,L_2,M_2
17128,L3,L3,L2,L2,L2,L2,L1,L1,L2,C2_3,D2_1,F2_1,,,N2_2,L_3,M_1
17129,L3,L3,L2,L2,L2,L2,L1,L1,L2,C2_3,D2_1,F2_1,,,N2_2,L_3,M_2
17130,L3,L3,L2,L2,L2,L2,L1,L1,L2,C2_3,D2_1,F2_2,,,N2_1,L_1,M_1
17131,L3,L3,L2,L2,L2,L2,L1,L1,L2,C2_3,D2_1,F2_2,,,N2_1,L_1,M_2
17132,L3,L3,L2,L2,L2,L2,L1,L1,L2,C2_3,D2_1,F2_2,,,N2_1,L_2,M_1
17133,L3,L3,L2,L2,L2,L2,L1,L1,L2,C2_3,D2_1,F2_2,,,N2_1,L_2,M_2
17134,L3,L3,L2,L2,L2,L2,L1,L1,L2,C2_3,D2_1,F2_2,,,N2_1,L_3,M_1
17135,L3,L3,L2,L2,L2,L2,L1,L1,L2,C2_3,D2_1,F2_2,,,N2_1,L_3,M_2
17136,L3,L3,L2,L2,L2,L2,L1,L1,L2,C2_3,D2_1,F2_2,,,N2_2,L_1,M_1
17137,L3,L3,L2,L2,L2,L2,L1,L1,L2,C2_3,D2_1,F2_2,,,N2_2,L_1,M_2
17138,L3,L3,L2,L2,L2,L2,L1,L1,L2,C2_3,D2_1,F2_2,,,N2_2,L_2,M_1
17139,L3,L3,L2,L2,L2,L2,L1,L1,L2,C2_3,D2_1,F2_2,,,N2_2,L_2,M_2
17140,L3,L3,L2,L2,L2,L2,L1,L1,L2,C2_3,D2_1,F2_2,,,N2_2,L_3,M_1
17141,L3,L3,L2,L2,L2,L2,L1,L1,L2,C2_3,D2_1,F2_2,,,N2_2,L_3,M_2
17142,L3,L3,L2,L2,L2,L2,L1,L1,L2,C2_3,D2_1,F2_3,,,N2_1,L_1,M_1
17143,L3,L3,L2,L2,L2,L2,L1,L1,L2,C2_3,D2_1,F2_3,,,N2_1,L_1,M_2
17144,L3,L3,L2,L2,L2,L2,L1,L1,L2,C2_3,D2_1,F2_3,,,N2_1,L_2,M_1
17145,L3,L3,L2,L2,L2,L2,L1,L1,L2,C2_3,D2_1,F2_3,,,N2_1,L_2,M_2
17146,L3,L3,L2,L2,L2,L2,L1,L1,L2,C2_3,D2_1,F2_3,,,N2_1,L_3,M_1
17147,L3,L3,L2,L2,L2,L2,L1,L1,L2,C2_3,D2_1,F2_3,,,N2_1,L_3,M_2
17148,L3,L3,L2,L2,L2,L2,L1,L1,L2,C2_3,D2_1,F2_3,,,N2_2,L_1,M_1
17149,L3,L3,L2,L2,L2,L2,L1,L1,L2,C2_3,D2_1,F2_3,,,N2_2,L_1,M_2
17150,L3,L3,L2,L2,L2,L2,L1,L1,L2,C2_3,D2_1,F2_3,,,N2_2,L_2,M_1
17151,L3,L3,L2,L2,L2,L2,L1,L1,L2,C2_3,D2_1,F2_3,,,N2_2,L_2,M_2
17152,L3,L3,L2,L2,L2,L2,L1,L1,L2,C2_3,D2_1,F2_3,,,N2_2,L_3,M_1
17153,L3,L3,L2,L2,L2,L2,L1,L1,L2,C2_3,D2_1,F2_3,,,N2_2,L_3,M_2
17154,L3,L3,L2,L2,L2,L2,L1,L1,L2,C2_3,D2_2,F2_1,,,N2_1,L_1,M_1
17155,L3,L3,L2,L2,L2,L2,L1,L1,L2,C2_3,D2_2,F2_1,,,N2_1,L_1,M_2
17156,L3,L3,L2,L2,L2,L2,L1,L1,L2,C2_3,D2_2,F2_1,,,N2_1,L_2,M_1
17157,L3,L3,L2,L2,L2,L2,L1,L1,L2,C2_3,D2_2,F2_1,,,N2_1,L_2,M_2
17158,L3,L3,L2,L2,L2,L2,L1,L1,L2,C2_3,D2_2,F2_1,,,N2_1,L_3,M_1
17159,L3,L3,L2,L2,L2,L2,L1,L1,L2,C2_3,D2_2,F2_1,,,N2_1,L_3,M_2
17160,L3,L3,L2,L2,L2,L2,L1,L1,L2,C2_3,D2_2,F2_1,,,N2_2,L_1,M_1
17161,L3,L3,L2,L2,L2,L2,L1,L1,L2,C2_3,D2_2,F2_1,,,N2_2,L_1,M_2
17162,L3,L3,L2,L2,L2,L2,L1,L1,L2,C2_3,D2_2,F2_1,,,N2_2,L_2,M_1
17163,L3,L3,L2,L2,L2,L2,L1,L1,L2,C2_3,D2_2,F2_1,,,N2_2,L_2,M_2
17164,L3,L3,L2,L2,L2,L2,L1,L1,L2,C2_3,D2_2,F2_1,,,N2_2,L_3,M_1
17165,L3,L3,L2,L2,L2,L2,L1,L1,L2,C2_3,D2_2,F2_1,,,N2_2,L_3,M_2
17166,L3,L3,L2,L2,L2,L2,L1,L1,L2,C2_3,D2_2,F2_2,,,N2_1,L_1,M_1
17167,L3,L3,L2,L2,L2,L2,L1,L1,L2,C2_3,D2_2,F2_2,,,N2_1,L_1,M_2
17168,L3,L3,L2,L2,L2,L2,L1,L1,L2,C2_3,D2_2,F2_2,,,N2_1,L_2,M_1
17169,L3,L3,L2,L2,L2,L2,L1,L1,L2,C2_3,D2_2,F2_2,,,N2_1,L_2,M_2
17170,L3,L3,L2,L2,L2,L2,L1,L1,L2,C2_3,D2_2,F2_2,,,N2_1,L_3,M_1
17171,L3,L3,L2,L2,L2,L2,L1,L1,L2,C2_3,D2_2,F2_2,,,N2_1,L_3,M_2
17172,L3,L3,L2,L2,L2,L2,L1,L1,L2,C2_3,D2_2,F2_2,,,N2_2,L_1,M_1
17173,L3,L3,L2,L2,L2,L2,L1,L1,L2,C2_3,D2_2,F2_2,,,N2_2,L_1,M_2
17174,L3,L3,L2,L2,L2,L2,L1,L1,L2,C2_3,D2_2,F2_2,,,N2_2,L_2,M_1
17175,L3,L3,L2,L2,L2,L2,L1,L1,L2,C2_3,D2_2,F2_2,,,N2_2,L_2,M_2
17176,L3,L3,L2,L2,L2,L2,L1,L1,L2,C2_3,D2_2,F2_2,,,N2_2,L_3,M_1
17177,L3,L3,L2,L2,L2,L2,L1,L1,L2,C2_3,D2_2,F2_2,,,N2_2,L_3,M_2
17178,L3,L3,L2,L2,L2,L2,L1,L1,L2,C2_3,D2_2,F2_3,,,N2_1,L_1,M_1
17179,L3,L3,L2,L2,L2,L2,L1,L1,L2,C2_3,D2_2,F2_3,,,N2_1,L_1,M_2
17180,L3,L3,L2,L2,L2,L2,L1,L1,L2,C2_3,D2_2,F2_3,,,N2_1,L_2,M_1
17181,L3,L3,L2,L2,L2,L2,L1,L1,L2,C2_3,D2_2,F2_3,,,N2_1,L_2,M_2
17182,L3,L3,L2,L2,L2,L2,L1,L1,L2,C2_3,D2_2,F2_3,,,N2_1,L_3,M_1
17183,L3,L3,L2,L2,L2,L2,L1,L1,L2,C2_3,D2_2,F2_3,,,N2_1,L_3,M_2
17184,L3,L3,L2,L2,L2,L2,L1,L1,L2,C2_3,D2_2,F2_3,,,N2_2,L_1,M_1
17185,L3,L3,L2,L2,L2,L2,L1,L1,L2,C2_3,D2_2,F2_3,,,N2_2,L_1,M_2
17186,L3,L3,L2,L2,L2,L2,L1,L1,L2,C2_3,D2_2,F2_3,,,N2_2,L_2,M_1
17187,L3,L3,L2,L2,L2,L2,L1,L1,L2,C2_3,D2_2,F2_3,,,N2_2,L_2,M_2
17188,L3,L3,L2,L2,L2,L2,L1,L1,L2,C2_3,D2_2,F2_3,,,N2_2,L_3,M_1
17189,L3,L3,L2,L2,L2,L2,L1,L1,L2,C2_3,D2_2,F2_3,,,N2_2,L_3,M_2
17190,L3,L3,L2,L2,L2,L2,L1,L1,L2,C2_3,D2_3,F2_1,,,N2_1,L_1,M_1
17191,L3,L3,L2,L2,L2,L2,L1,L1,L2,C2_3,D2_3,F2_1,,,N2_1,L_1,M_2
17192,L3,L3,L2,L2,L2,L2,L1,L1,L2,C2_3,D2_3,F2_1,,,N2_1,L_2,M_1
17193,L3,L3,L2,L2,L2,L2,L1,L1,L2,C2_3,D2_3,F2_1,,,N2_1,L_2,M_2
17194,L3,L3,L2,L2,L2,L2,L1,L1,L2,C2_3,D2_3,F2_1,,,N2_1,L_3,M_1
17195,L3,L3,L2,L2,L2,L2,L1,L1,L2,C2_3,D2_3,F2_1,,,N2_1,L_3,M_2
17196,L3,L3,L2,L2,L2,L2,L1,L1,L2,C2_3,D2_3,F2_1,,,N2_2,L_1,M_1
17197,L3,L3,L2,L2,L2,L2,L1,L1,L2,C2_3,D2_3,F2_1,,,N2_2,L_1,M_2
17198,L3,L3,L2,L2,L2,L2,L1,L1,L2,C2_3,D2_3,F2_1,,,N2_2,L_2,M_1
17199,L3,L3,L2,L2,L2,L2,L1,L1,L2,C2_3,D2_3,F2_1,,,N2_2,L_2,M_2
17200,L3,L3,L2,L2,L2,L2,L1,L1,L2,C2_3,D2_3,F2_1,,,N2_2,L_3,M_1
17201,L3,L3,L2,L2,L2,L2,L1,L1,L2,C2_3,D2_3,F2_1,,,N2_2,L_3,M_2
17202,L3,L3,L2,L2,L2,L2,L1,L1,L2,C2_3,D2_3,F2_2,,,N2_1,L_1,M_1
17203,L3,L3,L2,L2,L2,L2,L1,L1,L2,C2_3,D2_3,F2_2,,,N2_1,L_1,M_2
17204,L3,L3,L2,L2,L2,L2,L1,L1,L2,C2_3,D2_3,F2_2,,,N2_1,L_2,M_1
17205,L3,L3,L2,L2,L2,L2,L1,L1,L2,C2_3,D2_3,F2_2,,,N2_1,L_2,M_2
17206,L3,L3,L2,L2,L2,L2,L1,L1,L2,C2_3,D2_3,F2_2,,,N2_1,L_3,M_1
17207,L3,L3,L2,L2,L2,L2,L1,L1,L2,C2_3,D2_3,F2_2,,,N2_1,L_3,M_2
17208,L3,L3,L2,L2,L2,L2,L1,L1,L2,C2_3,D2_3,F2_2,,,N2_2,L_1,M_1
17209,L3,L3,L2,L2,L2,L2,L1,L1,L2,C2_3,D2_3,F2_2,,,N2_2,L_1,M_2
17210,L3,L3,L2,L2,L2,L2,L1,L1,L2,C2_3,D2_3,F2_2,,,N2_2,L_2,M_1
17211,L3,L3,L2,L2,L2,L2,L1,L1,L2,C2_3,D2_3,F2_2,,,N2_2,L_2,M_2
17212,L3,L3,L2,L2,L2,L2,L1,L1,L2,C2_3,D2_3,F2_2,,,N2_2,L_3,M_1
17213,L3,L3,L2,L2,L2,L2,L1,L1,L2,C2_3,D2_3,F2_2,,,N2_2,L_3,M_2
17214,L3,L3,L2,L2,L2,L2,L1,L1,L2,C2_3,D2_3,F2_3,,,N2_1,L_1,M_1
17215,L3,L3,L2,L2,L2,L2,L1,L1,L2,C2_3,D2_3,F2_3,,,N2_1,L_1,M_2
17216,L3,L3,L2,L2,L2,L2,L1,L1,L2,C2_3,D2_3,F2_3,,,N2_1,L_2,M_1
17217,L3,L3,L2,L2,L2,L2,L1,L1,L2,C2_3,D2_3,F2_3,,,N2_1,L_2,M_2
17218,L3,L3,L2,L2,L2,L2,L1,L1,L2,C2_3,D2_3,F2_3,,,N2_1,L_3,M_1
17219,L3,L3,L2,L2,L2,L2,L1,L1,L2,C2_3,D2_3,F2_3,,,N2_1,L_3,M_2
17220,L3,L3,L2,L2,L2,L2,L1,L1,L2,C2_3,D2_3,F2_3,,,N2_2,L_1,M_1
17221,L3,L3,L2,L2,L2,L2,L1,L1,L2,C2_3,D2_3,F2_3,,,N2_2,L_1,M_2
17222,L3,L3,L2,L2,L2,L2,L1,L1,L2,C2_3,D2_3,F2_3,,,N2_2,L_2,M_1
17223,L3,L3,L2,L2,L2,L2,L1,L1,L2,C2_3,D2_3,F2_3,,,N2_2,L_2,M_2
17224,L3,L3,L2,L2,L2,L2,L1,L1,L2,C2_3,D2_3,F2_3,,,N2_2,L_3,M_1
17225,L3,L3,L2,L2,L2,L2,L1,L1,L2,C2_3,D2_3,F2_3,,,N2_2,L_3,M_2
17226,L3,L2,L2,L2,L3,L2,L1,L1,L2,C2_1,D2_1,F2_1,,,N2_1,L_1,M_1
17227,L3,L2,L2,L2,L3,L2,L1,L1,L2,C2_1,D2_1,F2_1,,,N2_1,L_1,M_2
17228,L3,L2,L2,L2,L3,L2,L1,L1,L2,C2_1,D2_1,F2_1,,,N2_1,L_2,M_1
17229,L3,L2,L2,L2,L3,L2,L1,L1,L2,C2_1,D2_1,F2_1,,,N2_1,L_2,M_2
17230,L3,L2,L2,L2,L3,L2,L1,L1,L2,C2_1,D2_1,F2_1,,,N2_1,L_3,M_1
17231,L3,L2,L2,L2,L3,L2,L1,L1,L2,C2_1,D2_1,F2_1,,,N2_1,L_3,M_2
17232,L3,L2,L2,L2,L3,L2,L1,L1,L2,C2_1,D2_1,F2_1,,,N2_2,L_1,M_1
17233,L3,L2,L2,L2,L3,L2,L1,L1,L2,C2_1,D2_1,F2_1,,,N2_2,L_1,M_2
17234,L3,L2,L2,L2,L3,L2,L1,L1,L2,C2_1,D2_1,F2_1,,,N2_2,L_2,M_1
17235,L3,L2,L2,L2,L3,L2,L1,L1,L2,C2_1,D2_1,F2_1,,,N2_2,L_2,M_2
17236,L3,L2,L2,L2,L3,L2,L1,L1,L2,C2_1,D2_1,F2_1,,,N2_2,L_3,M_1
17237,L3,L2,L2,L2,L3,L2,L1,L1,L2,C2_1,D2_1,F2_1,,,N2_2,L_3,M_2
17238,L3,L2,L2,L2,L3,L2,L1,L1,L2,C2_1,D2_1,F2_2,,,N2_1,L_1,M_1
17239,L3,L2,L2,L2,L3,L2,L1,L1,L2,C2_1,D2_1,F2_2,,,N2_1,L_1,M_2
17240,L3,L2,L2,L2,L3,L2,L1,L1,L2,C2_1,D2_1,F2_2,,,N2_1,L_2,M_1
17241,L3,L2,L2,L2,L3,L2,L1,L1,L2,C2_1,D2_1,F2_2,,,N2_1,L_2,M_2
17242,L3,L2,L2,L2,L3,L2,L1,L1,L2,C2_1,D2_1,F2_2,,,N2_1,L_3,M_1
17243,L3,L2,L2,L2,L3,L2,L1,L1,L2,C2_1,D2_1,F2_2,,,N2_1,L_3,M_2
17244,L3,L2,L2,L2,L3,L2,L1,L1,L2,C2_1,D2_1,F2_2,,,N2_2,L_1,M_1
17245,L3,L2,L2,L2,L3,L2,L1,L1,L2,C2_1,D2_1,F2_2,,,N2_2,L_1,M_2
17246,L3,L2,L2,L2,L3,L2,L1,L1,L2,C2_1,D2_1,F2_2,,,N2_2,L_2,M_1
17247,L3,L2,L2,L2,L3,L2,L1,L1,L2,C2_1,D2_1,F2_2,,,N2_2,L_2,M_2
17248,L3,L2,L2,L2,L3,L2,L1,L1,L2,C2_1,D2_1,F2_2,,,N2_2,L_3,M_1
17249,L3,L2,L2,L2,L3,L2,L1,L1,L2,C2_1,D2_1,F2_2,,,N2_2,L_3,M_2
17250,L3,L2,L2,L2,L3,L2,L1,L1,L2,C2_1,D2_1,F2_3,,,N2_1,L_1,M_1
17251,L3,L2,L2,L2,L3,L2,L1,L1,L2,C2_1,D2_1,F2_3,,,N2_1,L_1,M_2
17252,L3,L2,L2,L2,L3,L2,L1,L1,L2,C2_1,D2_1,F2_3,,,N2_1,L_2,M_1
17253,L3,L2,L2,L2,L3,L2,L1,L1,L2,C2_1,D2_1,F2_3,,,N2_1,L_2,M_2
17254,L3,L2,L2,L2,L3,L2,L1,L1,L2,C2_1,D2_1,F2_3,,,N2_1,L_3,M_1
17255,L3,L2,L2,L2,L3,L2,L1,L1,L2,C2_1,D2_1,F2_3,,,N2_1,L_3,M_2
17256,L3,L2,L2,L2,L3,L2,L1,L1,L2,C2_1,D2_1,F2_3,,,N2_2,L_1,M_1
17257,L3,L2,L2,L2,L3,L2,L1,L1,L2,C2_1,D2_1,F2_3,,,N2_2,L_1,M_2
17258,L3,L2,L2,L2,L3,L2,L1,L1,L2,C2_1,D2_1,F2_3,,,N2_2,L_2,M_1
17259,L3,L2,L2,L2,L3,L2,L1,L1,L2,C2_1,D2_1,F2_3,,,N2_2,L_2,M_2
17260,L3,L2,L2,L2,L3,L2,L1,L1,L2,C2_1,D2_1,F2_3,,,N2_2,L_3,M_1
17261,L3,L2,L2,L2,L3,L2,L1,L1,L2,C2_1,D2_1,F2_3,,,N2_2,L_3,M_2
17262,L3,L2,L2,L2,L3,L2,L1,L1,L2,C2_1,D2_2,F2_1,,,N2_1,L_1,M_1
17263,L3,L2,L2,L2,L3,L2,L1,L1,L2,C2_1,D2_2,F2_1,,,N2_1,L_1,M_2
17264,L3,L2,L2,L2,L3,L2,L1,L1,L2,C2_1,D2_2,F2_1,,,N2_1,L_2,M_1
17265,L3,L2,L2,L2,L3,L2,L1,L1,L2,C2_1,D2_2,F2_1,,,N2_1,L_2,M_2
17266,L3,L2,L2,L2,L3,L2,L1,L1,L2,C2_1,D2_2,F2_1,,,N2_1,L_3,M_1
17267,L3,L2,L2,L2,L3,L2,L1,L1,L2,C2_1,D2_2,F2_1,,,N2_1,L_3,M_2
17268,L3,L2,L2,L2,L3,L2,L1,L1,L2,C2_1,D2_2,F2_1,,,N2_2,L_1,M_1
17269,L3,L2,L2,L2,L3,L2,L1,L1,L2,C2_1,D2_2,F2_1,,,N2_2,L_1,M_2
17270,L3,L2,L2,L2,L3,L2,L1,L1,L2,C2_1,D2_2,F2_1,,,N2_2,L_2,M_1
17271,L3,L2,L2,L2,L3,L2,L1,L1,L2,C2_1,D2_2,F2_1,,,N2_2,L_2,M_2
17272,L3,L2,L2,L2,L3,L2,L1,L1,L2,C2_1,D2_2,F2_1,,,N2_2,L_3,M_1
17273,L3,L2,L2,L2,L3,L2,L1,L1,L2,C2_1,D2_2,F2_1,,,N2_2,L_3,M_2
17274,L3,L2,L2,L2,L3,L2,L1,L1,L2,C2_1,D2_2,F2_2,,,N2_1,L_1,M_1
17275,L3,L2,L2,L2,L3,L2,L1,L1,L2,C2_1,D2_2,F2_2,,,N2_1,L_1,M_2
17276,L3,L2,L2,L2,L3,L2,L1,L1,L2,C2_1,D2_2,F2_2,,,N2_1,L_2,M_1
17277,L3,L2,L2,L2,L3,L2,L1,L1,L2,C2_1,D2_2,F2_2,,,N2_1,L_2,M_2
17278,L3,L2,L2,L2,L3,L2,L1,L1,L2,C2_1,D2_2,F2_2,,,N2_1,L_3,M_1
17279,L3,L2,L2,L2,L3,L2,L1,L1,L2,C2_1,D2_2,F2_2,,,N2_1,L_3,M_2
17280,L3,L2,L2,L2,L3,L2,L1,L1,L2,C2_1,D2_2,F2_2,,,N2_2,L_1,M_1
17281,L3,L2,L2,L2,L3,L2,L1,L1,L2,C2_1,D2_2,F2_2,,,N2_2,L_1,M_2
17282,L3,L2,L2,L2,L3,L2,L1,L1,L2,C2_1,D2_2,F2_2,,,N2_2,L_2,M_1
17283,L3,L2,L2,L2,L3,L2,L1,L1,L2,C2_1,D2_2,F2_2,,,N2_2,L_2,M_2
17284,L3,L2,L2,L2,L3,L2,L1,L1,L2,C2_1,D2_2,F2_2,,,N2_2,L_3,M_1
17285,L3,L2,L2,L2,L3,L2,L1,L1,L2,C2_1,D2_2,F2_2,,,N2_2,L_3,M_2
17286,L3,L2,L2,L2,L3,L2,L1,L1,L2,C2_1,D2_2,F2_3,,,N2_1,L_1,M_1
17287,L3,L2,L2,L2,L3,L2,L1,L1,L2,C2_1,D2_2,F2_3,,,N2_1,L_1,M_2
17288,L3,L2,L2,L2,L3,L2,L1,L1,L2,C2_1,D2_2,F2_3,,,N2_1,L_2,M_1
17289,L3,L2,L2,L2,L3,L2,L1,L1,L2,C2_1,D2_2,F2_3,,,N2_1,L_2,M_2
17290,L3,L2,L2,L2,L3,L2,L1,L1,L2,C2_1,D2_2,F2_3,,,N2_1,L_3,M_1
17291,L3,L2,L2,L2,L3,L2,L1,L1,L2,C2_1,D2_2,F2_3,,,N2_1,L_3,M_2
17292,L3,L2,L2,L2,L3,L2,L1,L1,L2,C2_1,D2_2,F2_3,,,N2_2,L_1,M_1
17293,L3,L2,L2,L2,L3,L2,L1,L1,L2,C2_1,D2_2,F2_3,,,N2_2,L_1,M_2
17294,L3,L2,L2,L2,L3,L2,L1,L1,L2,C2_1,D2_2,F2_3,,,N2_2,L_2,M_1
17295,L3,L2,L2,L2,L3,L2,L1,L1,L2,C2_1,D2_2,F2_3,,,N2_2,L_2,M_2
17296,L3,L2,L2,L2,L3,L2,L1,L1,L2,C2_1,D2_2,F2_3,,,N2_2,L_3,M_1
17297,L3,L2,L2,L2,L3,L2,L1,L1,L2,C2_1,D2_2,F2_3,,,N2_2,L_3,M_2
17298,L3,L2,L2,L2,L3,L2,L1,L1,L2,C2_1,D2_3,F2_1,,,N2_1,L_1,M_1
17299,L3,L2,L2,L2,L3,L2,L1,L1,L2,C2_1,D2_3,F2_1,,,N2_1,L_1,M_2
17300,L3,L2,L2,L2,L3,L2,L1,L1,L2,C2_1,D2_3,F2_1,,,N2_1,L_2,M_1
17301,L3,L2,L2,L2,L3,L2,L1,L1,L2,C2_1,D2_3,F2_1,,,N2_1,L_2,M_2
17302,L3,L2,L2,L2,L3,L2,L1,L1,L2,C2_1,D2_3,F2_1,,,N2_1,L_3,M_1
17303,L3,L2,L2,L2,L3,L2,L1,L1,L2,C2_1,D2_3,F2_1,,,N2_1,L_3,M_2
17304,L3,L2,L2,L2,L3,L2,L1,L1,L2,C2_1,D2_3,F2_1,,,N2_2,L_1,M_1
17305,L3,L2,L2,L2,L3,L2,L1,L1,L2,C2_1,D2_3,F2_1,,,N2_2,L_1,M_2
17306,L3,L2,L2,L2,L3,L2,L1,L1,L2,C2_1,D2_3,F2_1,,,N2_2,L_2,M_1
17307,L3,L2,L2,L2,L3,L2,L1,L1,L2,C2_1,D2_3,F2_1,,,N2_2,L_2,M_2
17308,L3,L2,L2,L2,L3,L2,L1,L1,L2,C2_1,D2_3,F2_1,,,N2_2,L_3,M_1
17309,L3,L2,L2,L2,L3,L2,L1,L1,L2,C2_1,D2_3,F2_1,,,N2_2,L_3,M_2
17310,L3,L2,L2,L2,L3,L2,L1,L1,L2,C2_1,D2_3,F2_2,,,N2_1,L_1,M_1
17311,L3,L2,L2,L2,L3,L2,L1,L1,L2,C2_1,D2_3,F2_2,,,N2_1,L_1,M_2
17312,L3,L2,L2,L2,L3,L2,L1,L1,L2,C2_1,D2_3,F2_2,,,N2_1,L_2,M_1
17313,L3,L2,L2,L2,L3,L2,L1,L1,L2,C2_1,D2_3,F2_2,,,N2_1,L_2,M_2
17314,L3,L2,L2,L2,L3,L2,L1,L1,L2,C2_1,D2_3,F2_2,,,N2_1,L_3,M_1
17315,L3,L2,L2,L2,L3,L2,L1,L1,L2,C2_1,D2_3,F2_2,,,N2_1,L_3,M_2
17316,L3,L2,L2,L2,L3,L2,L1,L1,L2,C2_1,D2_3,F2_2,,,N2_2,L_1,M_1
17317,L3,L2,L2,L2,L3,L2,L1,L1,L2,C2_1,D2_3,F2_2,,,N2_2,L_1,M_2
17318,L3,L2,L2,L2,L3,L2,L1,L1,L2,C2_1,D2_3,F2_2,,,N2_2,L_2,M_1
17319,L3,L2,L2,L2,L3,L2,L1,L1,L2,C2_1,D2_3,F2_2,,,N2_2,L_2,M_2
17320,L3,L2,L2,L2,L3,L2,L1,L1,L2,C2_1,D2_3,F2_2,,,N2_2,L_3,M_1
17321,L3,L2,L2,L2,L3,L2,L1,L1,L2,C2_1,D2_3,F2_2,,,N2_2,L_3,M_2
17322,L3,L2,L2,L2,L3,L2,L1,L1,L2,C2_1,D2_3,F2_3,,,N2_1,L_1,M_1
17323,L3,L2,L2,L2,L3,L2,L1,L1,L2,C2_1,D2_3,F2_3,,,N2_1,L_1,M_2
17324,L3,L2,L2,L2,L3,L2,L1,L1,L2,C2_1,D2_3,F2_3,,,N2_1,L_2,M_1
17325,L3,L2,L2,L2,L3,L2,L1,L1,L2,C2_1,D2_3,F2_3,,,N2_1,L_2,M_2
17326,L3,L2,L2,L2,L3,L2,L1,L1,L2,C2_1,D2_3,F2_3,,,N2_1,L_3,M_1
17327,L3,L2,L2,L2,L3,L2,L1,L1,L2,C2_1,D2_3,F2_3,,,N2_1,L_3,M_2
17328,L3,L2,L2,L2,L3,L2,L1,L1,L2,C2_1,D2_3,F2_3,,,N2_2,L_1,M_1
17329,L3,L2,L2,L2,L3,L2,L1,L1,L2,C2_1,D2_3,F2_3,,,N2_2,L_1,M_2
17330,L3,L2,L2,L2,L3,L2,L1,L1,L2,C2_1,D2_3,F2_3,,,N2_2,L_2,M_1
17331,L3,L2,L2,L2,L3,L2,L1,L1,L2,C2_1,D2_3,F2_3,,,N2_2,L_2,M_2
17332,L3,L2,L2,L2,L3,L2,L1,L1,L2,C2_1,D2_3,F2_3,,,N2_2,L_3,M_1
17333,L3,L2,L2,L2,L3,L2,L1,L1,L2,C2_1,D2_3,F2_3,,,N2_2,L_3,M_2
17334,L3,L2,L2,L2,L3,L2,L1,L1,L2,C2_2,D2_1,F2_1,,,N2_1,L_1,M_1
17335,L3,L2,L2,L2,L3,L2,L1,L1,L2,C2_2,D2_1,F2_1,,,N2_1,L_1,M_2
17336,L3,L2,L2,L2,L3,L2,L1,L1,L2,C2_2,D2_1,F2_1,,,N2_1,L_2,M_1
17337,L3,L2,L2,L2,L3,L2,L1,L1,L2,C2_2,D2_1,F2_1,,,N2_1,L_2,M_2
17338,L3,L2,L2,L2,L3,L2,L1,L1,L2,C2_2,D2_1,F2_1,,,N2_1,L_3,M_1
17339,L3,L2,L2,L2,L3,L2,L1,L1,L2,C2_2,D2_1,F2_1,,,N2_1,L_3,M_2
17340,L3,L2,L2,L2,L3,L2,L1,L1,L2,C2_2,D2_1,F2_1,,,N2_2,L_1,M_1
17341,L3,L2,L2,L2,L3,L2,L1,L1,L2,C2_2,D2_1,F2_1,,,N2_2,L_1,M_2
17342,L3,L2,L2,L2,L3,L2,L1,L1,L2,C2_2,D2_1,F2_1,,,N2_2,L_2,M_1
17343,L3,L2,L2,L2,L3,L2,L1,L1,L2,C2_2,D2_1,F2_1,,,N2_2,L_2,M_2
17344,L3,L2,L2,L2,L3,L2,L1,L1,L2,C2_2,D2_1,F2_1,,,N2_2,L_3,M_1
17345,L3,L2,L2,L2,L3,L2,L1,L1,L2,C2_2,D2_1,F2_1,,,N2_2,L_3,M_2
17346,L3,L2,L2,L2,L3,L2,L1,L1,L2,C2_2,D2_1,F2_2,,,N2_1,L_1,M_1
17347,L3,L2,L2,L2,L3,L2,L1,L1,L2,C2_2,D2_1,F2_2,,,N2_1,L_1,M_2
17348,L3,L2,L2,L2,L3,L2,L1,L1,L2,C2_2,D2_1,F2_2,,,N2_1,L_2,M_1
17349,L3,L2,L2,L2,L3,L2,L1,L1,L2,C2_2,D2_1,F2_2,,,N2_1,L_2,M_2
17350,L3,L2,L2,L2,L3,L2,L1,L1,L2,C2_2,D2_1,F2_2,,,N2_1,L_3,M_1
17351,L3,L2,L2,L2,L3,L2,L1,L1,L2,C2_2,D2_1,F2_2,,,N2_1,L_3,M_2
17352,L3,L2,L2,L2,L3,L2,L1,L1,L2,C2_2,D2_1,F2_2,,,N2_2,L_1,M_1
17353,L3,L2,L2,L2,L3,L2,L1,L1,L2,C2_2,D2_1,F2_2,,,N2_2,L_1,M_2
17354,L3,L2,L2,L2,L3,L2,L1,L1,L2,C2_2,D2_1,F2_2,,,N2_2,L_2,M_1
17355,L3,L2,L2,L2,L3,L2,L1,L1,L2,C2_2,D2_1,F2_2,,,N2_2,L_2,M_2
17356,L3,L2,L2,L2,L3,L2,L1,L1,L2,C2_2,D2_1,F2_2,,,N2_2,L_3,M_1
17357,L3,L2,L2,L2,L3,L2,L1,L1,L2,C2_2,D2_1,F2_2,,,N2_2,L_3,M_2
17358,L3,L2,L2,L2,L3,L2,L1,L1,L2,C2_2,D2_1,F2_3,,,N2_1,L_1,M_1
17359,L3,L2,L2,L2,L3,L2,L1,L1,L2,C2_2,D2_1,F2_3,,,N2_1,L_1,M_2
17360,L3,L2,L2,L2,L3,L2,L1,L1,L2,C2_2,D2_1,F2_3,,,N2_1,L_2,M_1
17361,L3,L2,L2,L2,L3,L2,L1,L1,L2,C2_2,D2_1,F2_3,,,N2_1,L_2,M_2
17362,L3,L2,L2,L2,L3,L2,L1,L1,L2,C2_2,D2_1,F2_3,,,N2_1,L_3,M_1
17363,L3,L2,L2,L2,L3,L2,L1,L1,L2,C2_2,D2_1,F2_3,,,N2_1,L_3,M_2
17364,L3,L2,L2,L2,L3,L2,L1,L1,L2,C2_2,D2_1,F2_3,,,N2_2,L_1,M_1
17365,L3,L2,L2,L2,L3,L2,L1,L1,L2,C2_2,D2_1,F2_3,,,N2_2,L_1,M_2
17366,L3,L2,L2,L2,L3,L2,L1,L1,L2,C2_2,D2_1,F2_3,,,N2_2,L_2,M_1
17367,L3,L2,L2,L2,L3,L2,L1,L1,L2,C2_2,D2_1,F2_3,,,N2_2,L_2,M_2
17368,L3,L2,L2,L2,L3,L2,L1,L1,L2,C2_2,D2_1,F2_3,,,N2_2,L_3,M_1
17369,L3,L2,L2,L2,L3,L2,L1,L1,L2,C2_2,D2_1,F2_3,,,N2_2,L_3,M_2
17370,L3,L2,L2,L2,L3,L2,L1,L1,L2,C2_2,D2_2,F2_1,,,N2_1,L_1,M_1
17371,L3,L2,L2,L2,L3,L2,L1,L1,L2,C2_2,D2_2,F2_1,,,N2_1,L_1,M_2
17372,L3,L2,L2,L2,L3,L2,L1,L1,L2,C2_2,D2_2,F2_1,,,N2_1,L_2,M_1
17373,L3,L2,L2,L2,L3,L2,L1,L1,L2,C2_2,D2_2,F2_1,,,N2_1,L_2,M_2
17374,L3,L2,L2,L2,L3,L2,L1,L1,L2,C2_2,D2_2,F2_1,,,N2_1,L_3,M_1
17375,L3,L2,L2,L2,L3,L2,L1,L1,L2,C2_2,D2_2,F2_1,,,N2_1,L_3,M_2
17376,L3,L2,L2,L2,L3,L2,L1,L1,L2,C2_2,D2_2,F2_1,,,N2_2,L_1,M_1
17377,L3,L2,L2,L2,L3,L2,L1,L1,L2,C2_2,D2_2,F2_1,,,N2_2,L_1,M_2
17378,L3,L2,L2,L2,L3,L2,L1,L1,L2,C2_2,D2_2,F2_1,,,N2_2,L_2,M_1
17379,L3,L2,L2,L2,L3,L2,L1,L1,L2,C2_2,D2_2,F2_1,,,N2_2,L_2,M_2
17380,L3,L2,L2,L2,L3,L2,L1,L1,L2,C2_2,D2_2,F2_1,,,N2_2,L_3,M_1
17381,L3,L2,L2,L2,L3,L2,L1,L1,L2,C2_2,D2_2,F2_1,,,N2_2,L_3,M_2
17382,L3,L2,L2,L2,L3,L2,L1,L1,L2,C2_2,D2_2,F2_2,,,N2_1,L_1,M_1
17383,L3,L2,L2,L2,L3,L2,L1,L1,L2,C2_2,D2_2,F2_2,,,N2_1,L_1,M_2
17384,L3,L2,L2,L2,L3,L2,L1,L1,L2,C2_2,D2_2,F2_2,,,N2_1,L_2,M_1
17385,L3,L2,L2,L2,L3,L2,L1,L1,L2,C2_2,D2_2,F2_2,,,N2_1,L_2,M_2
17386,L3,L2,L2,L2,L3,L2,L1,L1,L2,C2_2,D2_2,F2_2,,,N2_1,L_3,M_1
17387,L3,L2,L2,L2,L3,L2,L1,L1,L2,C2_2,D2_2,F2_2,,,N2_1,L_3,M_2
17388,L3,L2,L2,L2,L3,L2,L1,L1,L2,C2_2,D2_2,F2_2,,,N2_2,L_1,M_1
17389,L3,L2,L2,L2,L3,L2,L1,L1,L2,C2_2,D2_2,F2_2,,,N2_2,L_1,M_2
17390,L3,L2,L2,L2,L3,L2,L1,L1,L2,C2_2,D2_2,F2_2,,,N2_2,L_2,M_1
17391,L3,L2,L2,L2,L3,L2,L1,L1,L2,C2_2,D2_2,F2_2,,,N2_2,L_2,M_2
17392,L3,L2,L2,L2,L3,L2,L1,L1,L2,C2_2,D2_2,F2_2,,,N2_2,L_3,M_1
17393,L3,L2,L2,L2,L3,L2,L1,L1,L2,C2_2,D2_2,F2_2,,,N2_2,L_3,M_2
17394,L3,L2,L2,L2,L3,L2,L1,L1,L2,C2_2,D2_2,F2_3,,,N2_1,L_1,M_1
17395,L3,L2,L2,L2,L3,L2,L1,L1,L2,C2_2,D2_2,F2_3,,,N2_1,L_1,M_2
17396,L3,L2,L2,L2,L3,L2,L1,L1,L2,C2_2,D2_2,F2_3,,,N2_1,L_2,M_1
17397,L3,L2,L2,L2,L3,L2,L1,L1,L2,C2_2,D2_2,F2_3,,,N2_1,L_2,M_2
17398,L3,L2,L2,L2,L3,L2,L1,L1,L2,C2_2,D2_2,F2_3,,,N2_1,L_3,M_1
17399,L3,L2,L2,L2,L3,L2,L1,L1,L2,C2_2,D2_2,F2_3,,,N2_1,L_3,M_2
17400,L3,L2,L2,L2,L3,L2,L1,L1,L2,C2_2,D2_2,F2_3,,,N2_2,L_1,M_1
17401,L3,L2,L2,L2,L3,L2,L1,L1,L2,C2_2,D2_2,F2_3,,,N2_2,L_1,M_2
17402,L3,L2,L2,L2,L3,L2,L1,L1,L2,C2_2,D2_2,F2_3,,,N2_2,L_2,M_1
17403,L3,L2,L2,L2,L3,L2,L1,L1,L2,C2_2,D2_2,F2_3,,,N2_2,L_2,M_2
17404,L3,L2,L2,L2,L3,L2,L1,L1,L2,C2_2,D2_2,F2_3,,,N2_2,L_3,M_1
17405,L3,L2,L2,L2,L3,L2,L1,L1,L2,C2_2,D2_2,F2_3,,,N2_2,L_3,M_2
17406,L3,L2,L2,L2,L3,L2,L1,L1,L2,C2_2,D2_3,F2_1,,,N2_1,L_1,M_1
17407,L3,L2,L2,L2,L3,L2,L1,L1,L2,C2_2,D2_3,F2_1,,,N2_1,L_1,M_2
17408,L3,L2,L2,L2,L3,L2,L1,L1,L2,C2_2,D2_3,F2_1,,,N2_1,L_2,M_1
17409,L3,L2,L2,L2,L3,L2,L1,L1,L2,C2_2,D2_3,F2_1,,,N2_1,L_2,M_2
17410,L3,L2,L2,L2,L3,L2,L1,L1,L2,C2_2,D2_3,F2_1,,,N2_1,L_3,M_1
17411,L3,L2,L2,L2,L3,L2,L1,L1,L2,C2_2,D2_3,F2_1,,,N2_1,L_3,M_2
17412,L3,L2,L2,L2,L3,L2,L1,L1,L2,C2_2,D2_3,F2_1,,,N2_2,L_1,M_1
17413,L3,L2,L2,L2,L3,L2,L1,L1,L2,C2_2,D2_3,F2_1,,,N2_2,L_1,M_2
17414,L3,L2,L2,L2,L3,L2,L1,L1,L2,C2_2,D2_3,F2_1,,,N2_2,L_2,M_1
17415,L3,L2,L2,L2,L3,L2,L1,L1,L2,C2_2,D2_3,F2_1,,,N2_2,L_2,M_2
17416,L3,L2,L2,L2,L3,L2,L1,L1,L2,C2_2,D2_3,F2_1,,,N2_2,L_3,M_1
17417,L3,L2,L2,L2,L3,L2,L1,L1,L2,C2_2,D2_3,F2_1,,,N2_2,L_3,M_2
17418,L3,L2,L2,L2,L3,L2,L1,L1,L2,C2_2,D2_3,F2_2,,,N2_1,L_1,M_1
17419,L3,L2,L2,L2,L3,L2,L1,L1,L2,C2_2,D2_3,F2_2,,,N2_1,L_1,M_2
17420,L3,L2,L2,L2,L3,L2,L1,L1,L2,C2_2,D2_3,F2_2,,,N2_1,L_2,M_1
17421,L3,L2,L2,L2,L3,L2,L1,L1,L2,C2_2,D2_3,F2_2,,,N2_1,L_2,M_2
17422,L3,L2,L2,L2,L3,L2,L1,L1,L2,C2_2,D2_3,F2_2,,,N2_1,L_3,M_1
17423,L3,L2,L2,L2,L3,L2,L1,L1,L2,C2_2,D2_3,F2_2,,,N2_1,L_3,M_2
17424,L3,L2,L2,L2,L3,L2,L1,L1,L2,C2_2,D2_3,F2_2,,,N2_2,L_1,M_1
17425,L3,L2,L2,L2,L3,L2,L1,L1,L2,C2_2,D2_3,F2_2,,,N2_2,L_1,M_2
17426,L3,L2,L2,L2,L3,L2,L1,L1,L2,C2_2,D2_3,F2_2,,,N2_2,L_2,M_1
17427,L3,L2,L2,L2,L3,L2,L1,L1,L2,C2_2,D2_3,F2_2,,,N2_2,L_2,M_2
17428,L3,L2,L2,L2,L3,L2,L1,L1,L2,C2_2,D2_3,F2_2,,,N2_2,L_3,M_1
17429,L3,L2,L2,L2,L3,L2,L1,L1,L2,C2_2,D2_3,F2_2,,,N2_2,L_3,M_2
17430,L3,L2,L2,L2,L3,L2,L1,L1,L2,C2_2,D2_3,F2_3,,,N2_1,L_1,M_1
17431,L3,L2,L2,L2,L3,L2,L1,L1,L2,C2_2,D2_3,F2_3,,,N2_1,L_1,M_2
17432,L3,L2,L2,L2,L3,L2,L1,L1,L2,C2_2,D2_3,F2_3,,,N2_1,L_2,M_1
17433,L3,L2,L2,L2,L3,L2,L1,L1,L2,C2_2,D2_3,F2_3,,,N2_1,L_2,M_2
17434,L3,L2,L2,L2,L3,L2,L1,L1,L2,C2_2,D2_3,F2_3,,,N2_1,L_3,M_1
17435,L3,L2,L2,L2,L3,L2,L1,L1,L2,C2_2,D2_3,F2_3,,,N2_1,L_3,M_2
17436,L3,L2,L2,L2,L3,L2,L1,L1,L2,C2_2,D2_3,F2_3,,,N2_2,L_1,M_1
17437,L3,L2,L2,L2,L3,L2,L1,L1,L2,C2_2,D2_3,F2_3,,,N2_2,L_1,M_2
17438,L3,L2,L2,L2,L3,L2,L1,L1,L2,C2_2,D2_3,F2_3,,,N2_2,L_2,M_1
17439,L3,L2,L2,L2,L3,L2,L1,L1,L2,C2_2,D2_3,F2_3,,,N2_2,L_2,M_2
17440,L3,L2,L2,L2,L3,L2,L1,L1,L2,C2_2,D2_3,F2_3,,,N2_2,L_3,M_1
17441,L3,L2,L2,L2,L3,L2,L1,L1,L2,C2_2,D2_3,F2_3,,,N2_2,L_3,M_2
17442,L3,L2,L2,L2,L3,L2,L1,L1,L2,C2_3,D2_1,F2_1,,,N2_1,L_1,M_1
17443,L3,L2,L2,L2,L3,L2,L1,L1,L2,C2_3,D2_1,F2_1,,,N2_1,L_1,M_2
17444,L3,L2,L2,L2,L3,L2,L1,L1,L2,C2_3,D2_1,F2_1,,,N2_1,L_2,M_1
17445,L3,L2,L2,L2,L3,L2,L1,L1,L2,C2_3,D2_1,F2_1,,,N2_1,L_2,M_2
17446,L3,L2,L2,L2,L3,L2,L1,L1,L2,C2_3,D2_1,F2_1,,,N2_1,L_3,M_1
17447,L3,L2,L2,L2,L3,L2,L1,L1,L2,C2_3,D2_1,F2_1,,,N2_1,L_3,M_2
17448,L3,L2,L2,L2,L3,L2,L1,L1,L2,C2_3,D2_1,F2_1,,,N2_2,L_1,M_1
17449,L3,L2,L2,L2,L3,L2,L1,L1,L2,C2_3,D2_1,F2_1,,,N2_2,L_1,M_2
17450,L3,L2,L2,L2,L3,L2,L1,L1,L2,C2_3,D2_1,F2_1,,,N2_2,L_2,M_1
17451,L3,L2,L2,L2,L3,L2,L1,L1,L2,C2_3,D2_1,F2_1,,,N2_2,L_2,M_2
17452,L3,L2,L2,L2,L3,L2,L1,L1,L2,C2_3,D2_1,F2_1,,,N2_2,L_3,M_1
17453,L3,L2,L2,L2,L3,L2,L1,L1,L2,C2_3,D2_1,F2_1,,,N2_2,L_3,M_2
17454,L3,L2,L2,L2,L3,L2,L1,L1,L2,C2_3,D2_1,F2_2,,,N2_1,L_1,M_1
17455,L3,L2,L2,L2,L3,L2,L1,L1,L2,C2_3,D2_1,F2_2,,,N2_1,L_1,M_2
17456,L3,L2,L2,L2,L3,L2,L1,L1,L2,C2_3,D2_1,F2_2,,,N2_1,L_2,M_1
17457,L3,L2,L2,L2,L3,L2,L1,L1,L2,C2_3,D2_1,F2_2,,,N2_1,L_2,M_2
17458,L3,L2,L2,L2,L3,L2,L1,L1,L2,C2_3,D2_1,F2_2,,,N2_1,L_3,M_1
17459,L3,L2,L2,L2,L3,L2,L1,L1,L2,C2_3,D2_1,F2_2,,,N2_1,L_3,M_2
17460,L3,L2,L2,L2,L3,L2,L1,L1,L2,C2_3,D2_1,F2_2,,,N2_2,L_1,M_1
17461,L3,L2,L2,L2,L3,L2,L1,L1,L2,C2_3,D2_1,F2_2,,,N2_2,L_1,M_2
17462,L3,L2,L2,L2,L3,L2,L1,L1,L2,C2_3,D2_1,F2_2,,,N2_2,L_2,M_1
17463,L3,L2,L2,L2,L3,L2,L1,L1,L2,C2_3,D2_1,F2_2,,,N2_2,L_2,M_2
17464,L3,L2,L2,L2,L3,L2,L1,L1,L2,C2_3,D2_1,F2_2,,,N2_2,L_3,M_1
17465,L3,L2,L2,L2,L3,L2,L1,L1,L2,C2_3,D2_1,F2_2,,,N2_2,L_3,M_2
17466,L3,L2,L2,L2,L3,L2,L1,L1,L2,C2_3,D2_1,F2_3,,,N2_1,L_1,M_1
17467,L3,L2,L2,L2,L3,L2,L1,L1,L2,C2_3,D2_1,F2_3,,,N2_1,L_1,M_2
17468,L3,L2,L2,L2,L3,L2,L1,L1,L2,C2_3,D2_1,F2_3,,,N2_1,L_2,M_1
17469,L3,L2,L2,L2,L3,L2,L1,L1,L2,C2_3,D2_1,F2_3,,,N2_1,L_2,M_2
17470,L3,L2,L2,L2,L3,L2,L1,L1,L2,C2_3,D2_1,F2_3,,,N2_1,L_3,M_1
17471,L3,L2,L2,L2,L3,L2,L1,L1,L2,C2_3,D2_1,F2_3,,,N2_1,L_3,M_2
17472,L3,L2,L2,L2,L3,L2,L1,L1,L2,C2_3,D2_1,F2_3,,,N2_2,L_1,M_1
17473,L3,L2,L2,L2,L3,L2,L1,L1,L2,C2_3,D2_1,F2_3,,,N2_2,L_1,M_2
17474,L3,L2,L2,L2,L3,L2,L1,L1,L2,C2_3,D2_1,F2_3,,,N2_2,L_2,M_1
17475,L3,L2,L2,L2,L3,L2,L1,L1,L2,C2_3,D2_1,F2_3,,,N2_2,L_2,M_2
17476,L3,L2,L2,L2,L3,L2,L1,L1,L2,C2_3,D2_1,F2_3,,,N2_2,L_3,M_1
17477,L3,L2,L2,L2,L3,L2,L1,L1,L2,C2_3,D2_1,F2_3,,,N2_2,L_3,M_2
17478,L3,L2,L2,L2,L3,L2,L1,L1,L2,C2_3,D2_2,F2_1,,,N2_1,L_1,M_1
17479,L3,L2,L2,L2,L3,L2,L1,L1,L2,C2_3,D2_2,F2_1,,,N2_1,L_1,M_2
17480,L3,L2,L2,L2,L3,L2,L1,L1,L2,C2_3,D2_2,F2_1,,,N2_1,L_2,M_1
17481,L3,L2,L2,L2,L3,L2,L1,L1,L2,C2_3,D2_2,F2_1,,,N2_1,L_2,M_2
17482,L3,L2,L2,L2,L3,L2,L1,L1,L2,C2_3,D2_2,F2_1,,,N2_1,L_3,M_1
17483,L3,L2,L2,L2,L3,L2,L1,L1,L2,C2_3,D2_2,F2_1,,,N2_1,L_3,M_2
17484,L3,L2,L2,L2,L3,L2,L1,L1,L2,C2_3,D2_2,F2_1,,,N2_2,L_1,M_1
17485,L3,L2,L2,L2,L3,L2,L1,L1,L2,C2_3,D2_2,F2_1,,,N2_2,L_1,M_2
17486,L3,L2,L2,L2,L3,L2,L1,L1,L2,C2_3,D2_2,F2_1,,,N2_2,L_2,M_1
17487,L3,L2,L2,L2,L3,L2,L1,L1,L2,C2_3,D2_2,F2_1,,,N2_2,L_2,M_2
17488,L3,L2,L2,L2,L3,L2,L1,L1,L2,C2_3,D2_2,F2_1,,,N2_2,L_3,M_1
17489,L3,L2,L2,L2,L3,L2,L1,L1,L2,C2_3,D2_2,F2_1,,,N2_2,L_3,M_2
17490,L3,L2,L2,L2,L3,L2,L1,L1,L2,C2_3,D2_2,F2_2,,,N2_1,L_1,M_1
17491,L3,L2,L2,L2,L3,L2,L1,L1,L2,C2_3,D2_2,F2_2,,,N2_1,L_1,M_2
17492,L3,L2,L2,L2,L3,L2,L1,L1,L2,C2_3,D2_2,F2_2,,,N2_1,L_2,M_1
17493,L3,L2,L2,L2,L3,L2,L1,L1,L2,C2_3,D2_2,F2_2,,,N2_1,L_2,M_2
17494,L3,L2,L2,L2,L3,L2,L1,L1,L2,C2_3,D2_2,F2_2,,,N2_1,L_3,M_1
17495,L3,L2,L2,L2,L3,L2,L1,L1,L2,C2_3,D2_2,F2_2,,,N2_1,L_3,M_2
17496,L3,L2,L2,L2,L3,L2,L1,L1,L2,C2_3,D2_2,F2_2,,,N2_2,L_1,M_1
17497,L3,L2,L2,L2,L3,L2,L1,L1,L2,C2_3,D2_2,F2_2,,,N2_2,L_1,M_2
17498,L3,L2,L2,L2,L3,L2,L1,L1,L2,C2_3,D2_2,F2_2,,,N2_2,L_2,M_1
17499,L3,L2,L2,L2,L3,L2,L1,L1,L2,C2_3,D2_2,F2_2,,,N2_2,L_2,M_2
17500,L3,L2,L2,L2,L3,L2,L1,L1,L2,C2_3,D2_2,F2_2,,,N2_2,L_3,M_1
17501,L3,L2,L2,L2,L3,L2,L1,L1,L2,C2_3,D2_2,F2_2,,,N2_2,L_3,M_2
17502,L3,L2,L2,L2,L3,L2,L1,L1,L2,C2_3,D2_2,F2_3,,,N2_1,L_1,M_1
17503,L3,L2,L2,L2,L3,L2,L1,L1,L2,C2_3,D2_2,F2_3,,,N2_1,L_1,M_2
17504,L3,L2,L2,L2,L3,L2,L1,L1,L2,C2_3,D2_2,F2_3,,,N2_1,L_2,M_1
17505,L3,L2,L2,L2,L3,L2,L1,L1,L2,C2_3,D2_2,F2_3,,,N2_1,L_2,M_2
17506,L3,L2,L2,L2,L3,L2,L1,L1,L2,C2_3,D2_2,F2_3,,,N2_1,L_3,M_1
17507,L3,L2,L2,L2,L3,L2,L1,L1,L2,C2_3,D2_2,F2_3,,,N2_1,L_3,M_2
17508,L3,L2,L2,L2,L3,L2,L1,L1,L2,C2_3,D2_2,F2_3,,,N2_2,L_1,M_1
17509,L3,L2,L2,L2,L3,L2,L1,L1,L2,C2_3,D2_2,F2_3,,,N2_2,L_1,M_2
17510,L3,L2,L2,L2,L3,L2,L1,L1,L2,C2_3,D2_2,F2_3,,,N2_2,L_2,M_1
17511,L3,L2,L2,L2,L3,L2,L1,L1,L2,C2_3,D2_2,F2_3,,,N2_2,L_2,M_2
17512,L3,L2,L2,L2,L3,L2,L1,L1,L2,C2_3,D2_2,F2_3,,,N2_2,L_3,M_1
17513,L3,L2,L2,L2,L3,L2,L1,L1,L2,C2_3,D2_2,F2_3,,,N2_2,L_3,M_2
17514,L3,L2,L2,L2,L3,L2,L1,L1,L2,C2_3,D2_3,F2_1,,,N2_1,L_1,M_1
17515,L3,L2,L2,L2,L3,L2,L1,L1,L2,C2_3,D2_3,F2_1,,,N2_1,L_1,M_2
17516,L3,L2,L2,L2,L3,L2,L1,L1,L2,C2_3,D2_3,F2_1,,,N2_1,L_2,M_1
17517,L3,L2,L2,L2,L3,L2,L1,L1,L2,C2_3,D2_3,F2_1,,,N2_1,L_2,M_2
17518,L3,L2,L2,L2,L3,L2,L1,L1,L2,C2_3,D2_3,F2_1,,,N2_1,L_3,M_1
17519,L3,L2,L2,L2,L3,L2,L1,L1,L2,C2_3,D2_3,F2_1,,,N2_1,L_3,M_2
17520,L3,L2,L2,L2,L3,L2,L1,L1,L2,C2_3,D2_3,F2_1,,,N2_2,L_1,M_1
17521,L3,L2,L2,L2,L3,L2,L1,L1,L2,C2_3,D2_3,F2_1,,,N2_2,L_1,M_2
17522,L3,L2,L2,L2,L3,L2,L1,L1,L2,C2_3,D2_3,F2_1,,,N2_2,L_2,M_1
17523,L3,L2,L2,L2,L3,L2,L1,L1,L2,C2_3,D2_3,F2_1,,,N2_2,L_2,M_2
17524,L3,L2,L2,L2,L3,L2,L1,L1,L2,C2_3,D2_3,F2_1,,,N2_2,L_3,M_1
17525,L3,L2,L2,L2,L3,L2,L1,L1,L2,C2_3,D2_3,F2_1,,,N2_2,L_3,M_2
17526,L3,L2,L2,L2,L3,L2,L1,L1,L2,C2_3,D2_3,F2_2,,,N2_1,L_1,M_1
17527,L3,L2,L2,L2,L3,L2,L1,L1,L2,C2_3,D2_3,F2_2,,,N2_1,L_1,M_2
17528,L3,L2,L2,L2,L3,L2,L1,L1,L2,C2_3,D2_3,F2_2,,,N2_1,L_2,M_1
17529,L3,L2,L2,L2,L3,L2,L1,L1,L2,C2_3,D2_3,F2_2,,,N2_1,L_2,M_2
17530,L3,L2,L2,L2,L3,L2,L1,L1,L2,C2_3,D2_3,F2_2,,,N2_1,L_3,M_1
17531,L3,L2,L2,L2,L3,L2,L1,L1,L2,C2_3,D2_3,F2_2,,,N2_1,L_3,M_2
17532,L3,L2,L2,L2,L3,L2,L1,L1,L2,C2_3,D2_3,F2_2,,,N2_2,L_1,M_1
17533,L3,L2,L2,L2,L3,L2,L1,L1,L2,C2_3,D2_3,F2_2,,,N2_2,L_1,M_2
17534,L3,L2,L2,L2,L3,L2,L1,L1,L2,C2_3,D2_3,F2_2,,,N2_2,L_2,M_1
17535,L3,L2,L2,L2,L3,L2,L1,L1,L2,C2_3,D2_3,F2_2,,,N2_2,L_2,M_2
17536,L3,L2,L2,L2,L3,L2,L1,L1,L2,C2_3,D2_3,F2_2,,,N2_2,L_3,M_1
17537,L3,L2,L2,L2,L3,L2,L1,L1,L2,C2_3,D2_3,F2_2,,,N2_2,L_3,M_2
17538,L3,L2,L2,L2,L3,L2,L1,L1,L2,C2_3,D2_3,F2_3,,,N2_1,L_1,M_1
17539,L3,L2,L2,L2,L3,L2,L1,L1,L2,C2_3,D2_3,F2_3,,,N2_1,L_1,M_2
17540,L3,L2,L2,L2,L3,L2,L1,L1,L2,C2_3,D2_3,F2_3,,,N2_1,L_2,M_1
17541,L3,L2,L2,L2,L3,L2,L1,L1,L2,C2_3,D2_3,F2_3,,,N2_1,L_2,M_2
17542,L3,L2,L2,L2,L3,L2,L1,L1,L2,C2_3,D2_3,F2_3,,,N2_1,L_3,M_1
17543,L3,L2,L2,L2,L3,L2,L1,L1,L2,C2_3,D2_3,F2_3,,,N2_1,L_3,M_2
17544,L3,L2,L2,L2,L3,L2,L1,L1,L2,C2_3,D2_3,F2_3,,,N2_2,L_1,M_1
17545,L3,L2,L2,L2,L3,L2,L1,L1,L2,C2_3,D2_3,F2_3,,,N2_2,L_1,M_2
17546,L3,L2,L2,L2,L3,L2,L1,L1,L2,C2_3,D2_3,F2_3,,,N2_2,L_2,M_1
17547,L3,L2,L2,L2,L3,L2,L1,L1,L2,C2_3,D2_3,F2_3,,,N2_2,L_2,M_2
17548,L3,L2,L2,L2,L3,L2,L1,L1,L2,C2_3,D2_3,F2_3,,,N2_2,L_3,M_1
17549,L3,L2,L2,L2,L3,L2,L1,L1,L2,C2_3,D2_3,F2_3,,,N2_2,L_3,M_2
81351,L1,L3,L1,L1,L3,L2,L1,L1,L2,C2_1,D2_1,F2_1,,,N2_1,L_1,M_1
81352,L1,L3,L1,L1,L3,L2,L1,L1,L2,C2_1,D2_1,F2_1,,,N2_1,L_1,M_2
81353,L1,L3,L1,L1,L3,L2,L1,L1,L2,C2_1,D2_1,F2_1,,,N2_1,L_2,M_1
81354,L1,L3,L1,L1,L3,L2,L1,L1,L2,C2_1,D2_1,F2_1,,,N2_1,L_2,M_2
81355,L1,L3,L1,L1,L3,L2,L1,L1,L2,C2_1,D2_1,F2_1,,,N2_1,L_3,M_1
81356,L1,L3,L1,L1,L3,L2,L1,L1,L2,C2_1,D2_1,F2_1,,,N2_1,L_3,M_2
81357,L1,L3,L1,L1,L3,L2,L1,L1,L2,C2_1,D2_1,F2_1,,,N2_2,L_1,M_1
81358,L1,L3,L1,L1,L3,L2,L1,L1,L2,C2_1,D2_1,F2_1,,,N2_2,L_1,M_2
81359,L1,L3,L1,L1,L3,L2,L1,L1,L2,C2_1,D2_1,F2_1,,,N2_2,L_2,M_1
81360,L1,L3,L1,L1,L3,L2,L1,L1,L2,C2_1,D2_1,F2_1,,,N2_2,L_2,M_2
81361,L1,L3,L1,L1,L3,L2,L1,L1,L2,C2_1,D2_1,F2_1,,,N2_2,L_3,M_1
81362,L1,L3,L1,L1,L3,L2,L1,L1,L2,C2_1,D2_1,F2_1,,,N2_2,L_3,M_2
81363,L1,L3,L1,L1,L3,L2,L1,L1,L2,C2_1,D2_1,F2_2,,,N2_1,L_1,M_1
81364,L1,L3,L1,L1,L3,L2,L1,L1,L2,C2_1,D2_1,F2_2,,,N2_1,L_1,M_2
81365,L1,L3,L1,L1,L3,L2,L1,L1,L2,C2_1,D2_1,F2_2,,,N2_1,L_2,M_1
81366,L1,L3,L1,L1,L3,L2,L1,L1,L2,C2_1,D2_1,F2_2,,,N2_1,L_2,M_2
81367,L1,L3,L1,L1,L3,L2,L1,L1,L2,C2_1,D2_1,F2_2,,,N2_1,L_3,M_1
81368,L1,L3,L1,L1,L3,L2,L1,L1,L2,C2_1,D2_1,F2_2,,,N2_1,L_3,M_2
81369,L1,L3,L1,L1,L3,L2,L1,L1,L2,C2_1,D2_1,F2_2,,,N2_2,L_1,M_1
81370,L1,L3,L1,L1,L3,L2,L1,L1,L2,C2_1,D2_1,F2_2,,,N2_2,L_1,M_2
81371,L1,L3,L1,L1,L3,L2,L1,L1,L2,C2_1,D2_1,F2_2,,,N2_2,L_2,M_1
81372,L1,L3,L1,L1,L3,L2,L1,L1,L2,C2_1,D2_1,F2_2,,,N2_2,L_2,M_2
81373,L1,L3,L1,L1,L3,L2,L1,L1,L2,C2_1,D2_1,F2_2,,,N2_2,L_3,M_1
81374,L1,L3,L1,L1,L3,L2,L1,L1,L2,C2_1,D2_1,F2_2,,,N2_2,L_3,M_2
81375,L1,L3,L1,L1,L3,L2,L1,L1,L2,C2_1,D2_1,F2_3,,,N2_1,L_1,M_1
81376,L1,L3,L1,L1,L3,L2,L1,L1,L2,C2_1,D2_1,F2_3,,,N2_1,L_1,M_2
81377,L1,L3,L1,L1,L3,L2,L1,L1,L2,C2_1,D2_1,F2_3,,,N2_1,L_2,M_1
81378,L1,L3,L1,L1,L3,L2,L1,L1,L2,C2_1,D2_1,F2_3,,,N2_1,L_2,M_2
81379,L1,L3,L1,L1,L3,L2,L1,L1,L2,C2_1,D2_1,F2_3,,,N2_1,L_3,M_1
81380,L1,L3,L1,L1,L3,L2,L1,L1,L2,C2_1,D2_1,F2_3,,,N2_1,L_3,M_2
81381,L1,L3,L1,L1,L3,L2,L1,L1,L2,C2_1,D2_1,F2_3,,,N2_2,L_1,M_1
81382,L1,L3,L1,L1,L3,L2,L1,L1,L2,C2_1,D2_1,F2_3,,,N2_2,L_1,M_2
81383,L1,L3,L1,L1,L3,L2,L1,L1,L2,C2_1,D2_1,F2_3,,,N2_2,L_2,M_1
81384,L1,L3,L1,L1,L3,L2,L1,L1,L2,C2_1,D2_1,F2_3,,,N2_2,L_2,M_2
81385,L1,L3,L1,L1,L3,L2,L1,L1,L2,C2_1,D2_1,F2_3,,,N2_2,L_3,M_1
81386,L1,L3,L1,L1,L3,L2,L1,L1,L2,C2_1,D2_1,F2_3,,,N2_2,L_3,M_2
81387,L1,L3,L1,L1,L3,L2,L1,L1,L2,C2_1,D2_2,F2_1,,,N2_1,L_1,M_1
81388,L1,L3,L1,L1,L3,L2,L1,L1,L2,C2_1,D2_2,F2_1,,,N2_1,L_1,M_2
81389,L1,L3,L1,L1,L3,L2,L1,L1,L2,C2_1,D2_2,F2_1,,,N2_1,L_2,M_1
81390,L1,L3,L1,L1,L3,L2,L1,L1,L2,C2_1,D2_2,F2_1,,,N2_1,L_2,M_2
81391,L1,L3,L1,L1,L3,L2,L1,L1,L2,C2_1,D2_2,F2_1,,,N2_1,L_3,M_1
81392,L1,L3,L1,L1,L3,L2,L1,L1,L2,C2_1,D2_2,F2_1,,,N2_1,L_3,M_2
81393,L1,L3,L1,L1,L3,L2,L1,L1,L2,C2_1,D2_2,F2_1,,,N2_2,L_1,M_1
81394,L1,L3,L1,L1,L3,L2,L1,L1,L2,C2_1,D2_2,F2_1,,,N2_2,L_1,M_2
81395,L1,L3,L1,L1,L3,L2,L1,L1,L2,C2_1,D2_2,F2_1,,,N2_2,L_2,M_1
81396,L1,L3,L1,L1,L3,L2,L1,L1,L2,C2_1,D2_2,F2_1,,,N2_2,L_2,M_2
81397,L1,L3,L1,L1,L3,L2,L1,L1,L2,C2_1,D2_2,F2_1,,,N2_2,L_3,M_1
81398,L1,L3,L1,L1,L3,L2,L1,L1,L2,C2_1,D2_2,F2_1,,,N2_2,L_3,M_2
81399,L1,L3,L1,L1,L3,L2,L1,L1,L2,C2_1,D2_2,F2_2,,,N2_1,L_1,M_1
81400,L1,L3,L1,L1,L3,L2,L1,L1,L2,C2_1,D2_2,F2_2,,,N2_1,L_1,M_2
81401,L1,L3,L1,L1,L3,L2,L1,L1,L2,C2_1,D2_2,F2_2,,,N2_1,L_2,M_1
81402,L1,L3,L1,L1,L3,L2,L1,L1,L2,C2_1,D2_2,F2_2,,,N2_1,L_2,M_2
81403,L1,L3,L1,L1,L3,L2,L1,L1,L2,C2_1,D2_2,F2_2,,,N2_1,L_3,M_1
81404,L1,L3,L1,L1,L3,L2,L1,L1,L2,C2_1,D2_2,F2_2,,,N2_1,L_3,M_2
81405,L1,L3,L1,L1,L3,L2,L1,L1,L2,C2_1,D2_2,F2_2,,,N2_2,L_1,M_1
81406,L1,L3,L1,L1,L3,L2,L1,L1,L2,C2_1,D2_2,F2_2,,,N2_2,L_1,M_2
81407,L1,L3,L1,L1,L3,L2,L1,L1,L2,C2_1,D2_2,F2_2,,,N2_2,L_2,M_1
81408,L1,L3,L1,L1,L3,L2,L1,L1,L2,C2_1,D2_2,F2_2,,,N2_2,L_2,M_2
81409,L1,L3,L1,L1,L3,L2,L1,L1,L2,C2_1,D2_2,F2_2,,,N2_2,L_3,M_1
81410,L1,L3,L1,L1,L3,L2,L1,L1,L2,C2_1,D2_2,F2_2,,,N2_2,L_3,M_2
81411,L1,L3,L1,L1,L3,L2,L1,L1,L2,C2_1,D2_2,F2_3,,,N2_1,L_1,M_1
81412,L1,L3,L1,L1,L3,L2,L1,L1,L2,C2_1,D2_2,F2_3,,,N2_1,L_1,M_2
81413,L1,L3,L1,L1,L3,L2,L1,L1,L2,C2_1,D2_2,F2_3,,,N2_1,L_2,M_1
81414,L1,L3,L1,L1,L3,L2,L1,L1,L2,C2_1,D2_2,F2_3,,,N2_1,L_2,M_2
81415,L1,L3,L1,L1,L3,L2,L1,L1,L2,C2_1,D2_2,F2_3,,,N2_1,L_3,M_1
81416,L1,L3,L1,L1,L3,L2,L1,L1,L2,C2_1,D2_2,F2_3,,,N2_1,L_3,M_2
81417,L1,L3,L1,L1,L3,L2,L1,L1,L2,C2_1,D2_2,F2_3,,,N2_2,L_1,M_1
81418,L1,L3,L1,L1,L3,L2,L1,L1,L2,C2_1,D2_2,F2_3,,,N2_2,L_1,M_2
81419,L1,L3,L1,L1,L3,L2,L1,L1,L2,C2_1,D2_2,F2_3,,,N2_2,L_2,M_1
81420,L1,L3,L1,L1,L3,L2,L1,L1,L2,C2_1,D2_2,F2_3,,,N2_2,L_2,M_2
81421,L1,L3,L1,L1,L3,L2,L1,L1,L2,C2_1,D2_2,F2_3,,,N2_2,L_3,M_1
81422,L1,L3,L1,L1,L3,L2,L1,L1,L2,C2_1,D2_2,F2_3,,,N2_2,L_3,M_2
81423,L1,L3,L1,L1,L3,L2,L1,L1,L2,C2_1,D2_3,F2_1,,,N2_1,L_1,M_1
81424,L1,L3,L1,L1,L3,L2,L1,L1,L2,C2_1,D2_3,F2_1,,,N2_1,L_1,M_2
81425,L1,L3,L1,L1,L3,L2,L1,L1,L2,C2_1,D2_3,F2_1,,,N2_1,L_2,M_1
81426,L1,L3,L1,L1,L3,L2,L1,L1,L2,C2_1,D2_3,F2_1,,,N2_1,L_2,M_2
81427,L1,L3,L1,L1,L3,L2,L1,L1,L2,C2_1,D2_3,F2_1,,,N2_1,L_3,M_1
81428,L1,L3,L1,L1,L3,L2,L1,L1,L2,C2_1,D2_3,F2_1,,,N2_1,L_3,M_2
81429,L1,L3,L1,L1,L3,L2,L1,L1,L2,C2_1,D2_3,F2_1,,,N2_2,L_1,M_1
81430,L1,L3,L1,L1,L3,L2,L1,L1,L2,C2_1,D2_3,F2_1,,,N2_2,L_1,M_2
81431,L1,L3,L1,L1,L3,L2,L1,L1,L2,C2_1,D2_3,F2_1,,,N2_2,L_2,M_1
81432,L1,L3,L1,L1,L3,L2,L1,L1,L2,C2_1,D2_3,F2_1,,,N2_2,L_2,M_2
81433,L1,L3,L1,L1,L3,L2,L1,L1,L2,C2_1,D2_3,F2_1,,,N2_2,L_3,M_1
81434,L1,L3,L1,L1,L3,L2,L1,L1,L2,C2_1,D2_3,F2_1,,,N2_2,L_3,M_2
81435,L1,L3,L1,L1,L3,L2,L1,L1,L2,C2_1,D2_3,F2_2,,,N2_1,L_1,M_1
81436,L1,L3,L1,L1,L3,L2,L1,L1,L2,C2_1,D2_3,F2_2,,,N2_1,L_1,M_2
81437,L1,L3,L1,L1,L3,L2,L1,L1,L2,C2_1,D2_3,F2_2,,,N2_1,L_2,M_1
81438,L1,L3,L1,L1,L3,L2,L1,L1,L2,C2_1,D2_3,F2_2,,,N2_1,L_2,M_2
81439,L1,L3,L1,L1,L3,L2,L1,L1,L2,C2_1,D2_3,F2_2,,,N2_1,L_3,M_1
81440,L1,L3,L1,L1,L3,L2,L1,L1,L2,C2_1,D2_3,F2_2,,,N2_1,L_3,M_2
81441,L1,L3,L1,L1,L3,L2,L1,L1,L2,C2_1,D2_3,F2_2,,,N2_2,L_1,M_1
81442,L1,L3,L1,L1,L3,L2,L1,L1,L2,C2_1,D2_3,F2_2,,,N2_2,L_1,M_2
81443,L1,L3,L1,L1,L3,L2,L1,L1,L2,C2_1,D2_3,F2_2,,,N2_2,L_2,M_1
81444,L1,L3,L1,L1,L3,L2,L1,L1,L2,C2_1,D2_3,F2_2,,,N2_2,L_2,M_2
81445,L1,L3,L1,L1,L3,L2,L1,L1,L2,C2_1,D2_3,F2_2,,,N2_2,L_3,M_1
81446,L1,L3,L1,L1,L3,L2,L1,L1,L2,C2_1,D2_3,F2_2,,,N2_2,L_3,M_2
81447,L1,L3,L1,L1,L3,L2,L1,L1,L2,C2_1,D2_3,F2_3,,,N2_1,L_1,M_1
81448,L1,L3,L1,L1,L3,L2,L1,L1,L2,C2_1,D2_3,F2_3,,,N2_1,L_1,M_2
81449,L1,L3,L1,L1,L3,L2,L1,L1,L2,C2_1,D2_3,F2_3,,,N2_1,L_2,M_1
81450,L1,L3,L1,L1,L3,L2,L1,L1,L2,C2_1,D2_3,F2_3,,,N2_1,L_2,M_2
81451,L1,L3,L1,L1,L3,L2,L1,L1,L2,C2_1,D2_3,F2_3,,,N2_1,L_3,M_1
81452,L1,L3,L1,L1,L3,L2,L1,L1,L2,C2_1,D2_3,F2_3,,,N2_1,L_3,M_2
81453,L1,L3,L1,L1,L3,L2,L1,L1,L2,C2_1,D2_3,F2_3,,,N2_2,L_1,M_1
81454,L1,L3,L1,L1,L3,L2,L1,L1,L2,C2_1,D2_3,F2_3,,,N2_2,L_1,M_2
81455,L1,L3,L1,L1,L3,L2,L1,L1,L2,C2_1,D2_3,F2_3,,,N2_2,L_2,M_1
81456,L1,L3,L1,L1,L3,L2,L1,L1,L2,C2_1,D2_3,F2_3,,,N2_2,L_2,M_2
81457,L1,L3,L1,L1,L3,L2,L1,L1,L2,C2_1,D2_3,F2_3,,,N2_2,L_3,M_1
81458,L1,L3,L1,L1,L3,L2,L1,L1,L2,C2_1,D2_3,F2_3,,,N2_2,L_3,M_2
81459,L1,L3,L1,L1,L3,L2,L1,L1,L2,C2_2,D2_1,F2_1,,,N2_1,L_1,M_1
81460,L1,L3,L1,L1,L3,L2,L1,L1,L2,C2_2,D2_1,F2_1,,,N2_1,L_1,M_2
81461,L1,L3,L1,L1,L3,L2,L1,L1,L2,C2_2,D2_1,F2_1,,,N2_1,L_2,M_1
81462,L1,L3,L1,L1,L3,L2,L1,L1,L2,C2_2,D2_1,F2_1,,,N2_1,L_2,M_2
81463,L1,L3,L1,L1,L3,L2,L1,L1,L2,C2_2,D2_1,F2_1,,,N2_1,L_3,M_1
81464,L1,L3,L1,L1,L3,L2,L1,L1,L2,C2_2,D2_1,F2_1,,,N2_1,L_3,M_2
81465,L1,L3,L1,L1,L3,L2,L1,L1,L2,C2_2,D2_1,F2_1,,,N2_2,L_1,M_1
81466,L1,L3,L1,L1,L3,L2,L1,L1,L2,C2_2,D2_1,F2_1,,,N2_2,L_1,M_2
81467,L1,L3,L1,L1,L3,L2,L1,L1,L2,C2_2,D2_1,F2_1,,,N2_2,L_2,M_1
81468,L1,L3,L1,L1,L3,L2,L1,L1,L2,C2_2,D2_1,F2_1,,,N2_2,L_2,M_2
81469,L1,L3,L1,L1,L3,L2,L1,L1,L2,C2_2,D2_1,F2_1,,,N2_2,L_3,M_1
81470,L1,L3,L1,L1,L3,L2,L1,L1,L2,C2_2,D2_1,F2_1,,,N2_2,L_3,M_2
81471,L1,L3,L1,L1,L3,L2,L1,L1,L2,C2_2,D2_1,F2_2,,,N2_1,L_1,M_1
81472,L1,L3,L1,L1,L3,L2,L1,L1,L2,C2_2,D2_1,F2_2,,,N2_1,L_1,M_2
81473,L1,L3,L1,L1,L3,L2,L1,L1,L2,C2_2,D2_1,F2_2,,,N2_1,L_2,M_1
81474,L1,L3,L1,L1,L3,L2,L1,L1,L2,C2_2,D2_1,F2_2,,,N2_1,L_2,M_2
81475,L1,L3,L1,L1,L3,L2,L1,L1,L2,C2_2,D2_1,F2_2,,,N2_1,L_3,M_1
81476,L1,L3,L1,L1,L3,L2,L1,L1,L2,C2_2,D2_1,F2_2,,,N2_1,L_3,M_2
81477,L1,L3,L1,L1,L3,L2,L1,L1,L2,C2_2,D2_1,F2_2,,,N2_2,L_1,M_1
81478,L1,L3,L1,L1,L3,L2,L1,L1,L2,C2_2,D2_1,F2_2,,,N2_2,L_1,M_2
81479,L1,L3,L1,L1,L3,L2,L1,L1,L2,C2_2,D2_1,F2_2,,,N2_2,L_2,M_1
81480,L1,L3,L1,L1,L3,L2,L1,L1,L2,C2_2,D2_1,F2_2,,,N2_2,L_2,M_2
81481,L1,L3,L1,L1,L3,L2,L1,L1,L2,C2_2,D2_1,F2_2,,,N2_2,L_3,M_1
81482,L1,L3,L1,L1,L3,L2,L1,L1,L2,C2_2,D2_1,F2_2,,,N2_2,L_3,M_2
81483,L1,L3,L1,L1,L3,L2,L1,L1,L2,C2_2,D2_1,F2_3,,,N2_1,L_1,M_1
81484,L1,L3,L1,L1,L3,L2,L1,L1,L2,C2_2,D2_1,F2_3,,,N2_1,L_1,M_2
81485,L1,L3,L1,L1,L3,L2,L1,L1,L2,C2_2,D2_1,F2_3,,,N2_1,L_2,M_1
81486,L1,L3,L1,L1,L3,L2,L1,L1,L2,C2_2,D2_1,F2_3,,,N2_1,L_2,M_2
81487,L1,L3,L1,L1,L3,L2,L1,L1,L2,C2_2,D2_1,F2_3,,,N2_1,L_3,M_1
81488,L1,L3,L1,L1,L3,L2,L1,L1,L2,C2_2,D2_1,F2_3,,,N2_1,L_3,M_2
81489,L1,L3,L1,L1,L3,L2,L1,L1,L2,C2_2,D2_1,F2_3,,,N2_2,L_1,M_1
81490,L1,L3,L1,L1,L3,L2,L1,L1,L2,C2_2,D2_1,F2_3,,,N2_2,L_1,M_2
81491,L1,L3,L1,L1,L3,L2,L1,L1,L2,C2_2,D2_1,F2_3,,,N2_2,L_2,M_1
81492,L1,L3,L1,L1,L3,L2,L1,L1,L2,C2_2,D2_1,F2_3,,,N2_2,L_2,M_2
81493,L1,L3,L1,L1,L3,L2,L1,L1,L2,C2_2,D2_1,F2_3,,,N2_2,L_3,M_1
81494,L1,L3,L1,L1,L3,L2,L1,L1,L2,C2_2,D2_1,F2_3,,,N2_2,L_3,M_2
81495,L1,L3,L1,L1,L3,L2,L1,L1,L2,C2_2,D2_2,F2_1,,,N2_1,L_1,M_1
81496,L1,L3,L1,L1,L3,L2,L1,L1,L2,C2_2,D2_2,F2_1,,,N2_1,L_1,M_2
81497,L1,L3,L1,L1,L3,L2,L1,L1,L2,C2_2,D2_2,F2_1,,,N2_1,L_2,M_1
81498,L1,L3,L1,L1,L3,L2,L1,L1,L2,C2_2,D2_2,F2_1,,,N2_1,L_2,M_2
81499,L1,L3,L1,L1,L3,L2,L1,L1,L2,C2_2,D2_2,F2_1,,,N2_1,L_3,M_1
81500,L1,L3,L1,L1,L3,L2,L1,L1,L2,C2_2,D2_2,F2_1,,,N2_1,L_3,M_2
81501,L1,L3,L1,L1,L3,L2,L1,L1,L2,C2_2,D2_2,F2_1,,,N2_2,L_1,M_1
81502,L1,L3,L1,L1,L3,L2,L1,L1,L2,C2_2,D2_2,F2_1,,,N2_2,L_1,M_2
81503,L1,L3,L1,L1,L3,L2,L1,L1,L2,C2_2,D2_2,F2_1,,,N2_2,L_2,M_1
81504,L1,L3,L1,L1,L3,L2,L1,L1,L2,C2_2,D2_2,F2_1,,,N2_2,L_2,M_2
81505,L1,L3,L1,L1,L3,L2,L1,L1,L2,C2_2,D2_2,F2_1,,,N2_2,L_3,M_1
81506,L1,L3,L1,L1,L3,L2,L1,L1,L2,C2_2,D2_2,F2_1,,,N2_2,L_3,M_2
81507,L1,L3,L1,L1,L3,L2,L1,L1,L2,C2_2,D2_2,F2_2,,,N2_1,L_1,M_1
81508,L1,L3,L1,L1,L3,L2,L1,L1,L2,C2_2,D2_2,F2_2,,,N2_1,L_1,M_2
81509,L1,L3,L1,L1,L3,L2,L1,L1,L2,C2_2,D2_2,F2_2,,,N2_1,L_2,M_1
81510,L1,L3,L1,L1,L3,L2,L1,L1,L2,C2_2,D2_2,F2_2,,,N2_1,L_2,M_2
81511,L1,L3,L1,L1,L3,L2,L1,L1,L2,C2_2,D2_2,F2_2,,,N2_1,L_3,M_1
81512,L1,L3,L1,L1,L3,L2,L1,L1,L2,C2_2,D2_2,F2_2,,,N2_1,L_3,M_2
81513,L1,L3,L1,L1,L3,L2,L1,L1,L2,C2_2,D2_2,F2_2,,,N2_2,L_1,M_1
81514,L1,L3,L1,L1,L3,L2,L1,L1,L2,C2_2,D2_2,F2_2,,,N2_2,L_1,M_2
81515,L1,L3,L1,L1,L3,L2,L1,L1,L2,C2_2,D2_2,F2_2,,,N2_2,L_2,M_1
81516,L1,L3,L1,L1,L3,L2,L1,L1,L2,C2_2,D2_2,F2_2,,,N2_2,L_2,M_2
81517,L1,L3,L1,L1,L3,L2,L1,L1,L2,C2_2,D2_2,F2_2,,,N2_2,L_3,M_1
81518,L1,L3,L1,L1,L3,L2,L1,L1,L2,C2_2,D2_2,F2_2,,,N2_2,L_3,M_2
81519,L1,L3,L1,L1,L3,L2,L1,L1,L2,C2_2,D2_2,F2_3,,,N2_1,L_1,M_1
81520,L1,L3,L1,L1,L3,L2,L1,L1,L2,C2_2,D2_2,F2_3,,,N2_1,L_1,M_2
81521,L1,L3,L1,L1,L3,L2,L1,L1,L2,C2_2,D2_2,F2_3,,,N2_1,L_2,M_1
81522,L1,L3,L1,L1,L3,L2,L1,L1,L2,C2_2,D2_2,F2_3,,,N2_1,L_2,M_2
81523,L1,L3,L1,L1,L3,L2,L1,L1,L2,C2_2,D2_2,F2_3,,,N2_1,L_3,M_1
81524,L1,L3,L1,L1,L3,L2,L1,L1,L2,C2_2,D2_2,F2_3,,,N2_1,L_3,M_2
81525,L1,L3,L1,L1,L3,L2,L1,L1,L2,C2_2,D2_2,F2_3,,,N2_2,L_1,M_1
81526,L1,L3,L1,L1,L3,L2,L1,L1,L2,C2_2,D2_2,F2_3,,,N2_2,L_1,M_2
81527,L1,L3,L1,L1,L3,L2,L1,L1,L2,C2_2,D2_2,F2_3,,,N2_2,L_2,M_1
81528,L1,L3,L1,L1,L3,L2,L1,L1,L2,C2_2,D2_2,F2_3,,,N2_2,L_2,M_2
81529,L1,L3,L1,L1,L3,L2,L1,L1,L2,C2_2,D2_2,F2_3,,,N2_2,L_3,M_1
81530,L1,L3,L1,L1,L3,L2,L1,L1,L2,C2_2,D2_2,F2_3,,,N2_2,L_3,M_2
81531,L1,L3,L1,L1,L3,L2,L1,L1,L2,C2_2,D2_3,F2_1,,,N2_1,L_1,M_1
81532,L1,L3,L1,L1,L3,L2,L1,L1,L2,C2_2,D2_3,F2_1,,,N2_1,L_1,M_2
81533,L1,L3,L1,L1,L3,L2,L1,L1,L2,C2_2,D2_3,F2_1,,,N2_1,L_2,M_1
81534,L1,L3,L1,L1,L3,L2,L1,L1,L2,C2_2,D2_3,F2_1,,,N2_1,L_2,M_2
81535,L1,L3,L1,L1,L3,L2,L1,L1,L2,C2_2,D2_3,F2_1,,,N2_1,L_3,M_1
81536,L1,L3,L1,L1,L3,L2,L1,L1,L2,C2_2,D2_3,F2_1,,,N2_1,L_3,M_2
81537,L1,L3,L1,L1,L3,L2,L1,L1,L2,C2_2,D2_3,F2_1,,,N2_2,L_1,M_1
81538,L1,L3,L1,L1,L3,L2,L1,L1,L2,C2_2,D2_3,F2_1,,,N2_2,L_1,M_2
81539,L1,L3,L1,L1,L3,L2,L1,L1,L2,C2_2,D2_3,F2_1,,,N2_2,L_2,M_1
81540,L1,L3,L1,L1,L3,L2,L1,L1,L2,C2_2,D2_3,F2_1,,,N2_2,L_2,M_2
81541,L1,L3,L1,L1,L3,L2,L1,L1,L2,C2_2,D2_3,F2_1,,,N2_2,L_3,M_1
81542,L1,L3,L1,L1,L3,L2,L1,L1,L2,C2_2,D2_3,F2_1,,,N2_2,L_3,M_2
81543,L1,L3,L1,L1,L3,L2,L1,L1,L2,C2_2,D2_3,F2_2,,,N2_1,L_1,M_1
81544,L1,L3,L1,L1,L3,L2,L1,L1,L2,C2_2,D2_3,F2_2,,,N2_1,L_1,M_2
81545,L1,L3,L1,L1,L3,L2,L1,L1,L2,C2_2,D2_3,F2_2,,,N2_1,L_2,M_1
81546,L1,L3,L1,L1,L3,L2,L1,L1,L2,C2_2,D2_3,F2_2,,,N2_1,L_2,M_2
81547,L1,L3,L1,L1,L3,L2,L1,L1,L2,C2_2,D2_3,F2_2,,,N2_1,L_3,M_1
81548,L1,L3,L1,L1,L3,L2,L1,L1,L2,C2_2,D2_3,F2_2,,,N2_1,L_3,M_2
81549,L1,L3,L1,L1,L3,L2,L1,L1,L2,C2_2,D2_3,F2_2,,,N2_2,L_1,M_1
81550,L1,L3,L1,L1,L3,L2,L1,L1,L2,C2_2,D2_3,F2_2,,,N2_2,L_1,M_2
81551,L1,L3,L1,L1,L3,L2,L1,L1,L2,C2_2,D2_3,F2_2,,,N2_2,L_2,M_1
81552,L1,L3,L1,L1,L3,L2,L1,L1,L2,C2_2,D2_3,F2_2,,,N2_2,L_2,M_2
81553,L1,L3,L1,L1,L3,L2,L1,L1,L2,C2_2,D2_3,F2_2,,,N2_2,L_3,M_1
81554,L1,L3,L1,L1,L3,L2,L1,L1,L2,C2_2,D2_3,F2_2,,,N2_2,L_3,M_2
81555,L1,L3,L1,L1,L3,L2,L1,L1,L2,C2_2,D2_3,F2_3,,,N2_1,L_1,M_1
81556,L1,L3,L1,L1,L3,L2,L1,L1,L2,C2_2,D2_3,F2_3,,,N2_1,L_1,M_2
81557,L1,L3,L1,L1,L3,L2,L1,L1,L2,C2_2,D2_3,F2_3,,,N2_1,L_2,M_1
81558,L1,L3,L1,L1,L3,L2,L1,L1,L2,C2_2,D2_3,F2_3,,,N2_1,L_2,M_2
81559,L1,L3,L1,L1,L3,L2,L1,L1,L2,C2_2,D2_3,F2_3,,,N2_1,L_3,M_1
81560,L1,L3,L1,L1,L3,L2,L1,L1,L2,C2_2,D2_3,F2_3,,,N2_1,L_3,M_2
81561,L1,L3,L1,L1,L3,L2,L1,L1,L2,C2_2,D2_3,F2_3,,,N2_2,L_1,M_1
81562,L1,L3,L1,L1,L3,L2,L1,L1,L2,C2_2,D2_3,F2_3,,,N2_2,L_1,M_2
81563,L1,L3,L1,L1,L3,L2,L1,L1,L2,C2_2,D2_3,F2_3,,,N2_2,L_2,M_1
81564,L1,L3,L1,L1,L3,L2,L1,L1,L2,C2_2,D2_3,F2_3,,,N2_2,L_2,M_2
81565,L1,L3,L1,L1,L3,L2,L1,L1,L2,C2_2,D2_3,F2_3,,,N2_2,L_3,M_1
81566,L1,L3,L1,L1,L3,L2,L1,L1,L2,C2_2,D2_3,F2_3,,,N2_2,L_3,M_2
81567,L1,L3,L1,L1,L3,L2,L1,L1,L2,C2_3,D2_1,F2_1,,,N2_1,L_1,M_1
81568,L1,L3,L1,L1,L3,L2,L1,L1,L2,C2_3,D2_1,F2_1,,,N2_1,L_1,M_2
81569,L1,L3,L1,L1,L3,L2,L1,L1,L2,C2_3,D2_1,F2_1,,,N2_1,L_2,M_1
81570,L1,L3,L1,L1,L3,L2,L1,L1,L2,C2_3,D2_1,F2_1,,,N2_1,L_2,M_2
81571,L1,L3,L1,L1,L3,L2,L1,L1,L2,C2_3,D2_1,F2_1,,,N2_1,L_3,M_1
81572,L1,L3,L1,L1,L3,L2,L1,L1,L2,C2_3,D2_1,F2_1,,,N2_1,L_3,M_2
81573,L1,L3,L1,L1,L3,L2,L1,L1,L2,C2_3,D2_1,F2_1,,,N2_2,L_1,M_1
81574,L1,L3,L1,L1,L3,L2,L1,L1,L2,C2_3,D2_1,F2_1,,,N2_2,L_1,M_2
81575,L1,L3,L1,L1,L3,L2,L1,L1,L2,C2_3,D2_1,F2_1,,,N2_2,L_2,M_1
81576,L1,L3,L1,L1,L3,L2,L1,L1,L2,C2_3,D2_1,F2_1,,,N2_2,L_2,M_2
81577,L1,L3,L1,L1,L3,L2,L1,L1,L2,C2_3,D2_1,F2_1,,,N2_2,L_3,M_1
81578,L1,L3,L1,L1,L3,L2,L1,L1,L2,C2_3,D2_1,F2_1,,,N2_2,L_3,M_2
81579,L1,L3,L1,L1,L3,L2,L1,L1,L2,C2_3,D2_1,F2_2,,,N2_1,L_1,M_1
81580,L1,L3,L1,L1,L3,L2,L1,L1,L2,C2_3,D2_1,F2_2,,,N2_1,L_1,M_2
81581,L1,L3,L1,L1,L3,L2,L1,L1,L2,C2_3,D2_1,F2_2,,,N2_1,L_2,M_1
81582,L1,L3,L1,L1,L3,L2,L1,L1,L2,C2_3,D2_1,F2_2,,,N2_1,L_2,M_2
81583,L1,L3,L1,L1,L3,L2,L1,L1,L2,C2_3,D2_1,F2_2,,,N2_1,L_3,M_1
81584,L1,L3,L1,L1,L3,L2,L1,L1,L2,C2_3,D2_1,F2_2,,,N2_1,L_3,M_2
81585,L1,L3,L1,L1,L3,L2,L1,L1,L2,C2_3,D2_1,F2_2,,,N2_2,L_1,M_1
81586,L1,L3,L1,L1,L3,L2,L1,L1,L2,C2_3,D2_1,F2_2,,,N2_2,L_1,M_2
81587,L1,L3,L1,L1,L3,L2,L1,L1,L2,C2_3,D2_1,F2_2,,,N2_2,L_2,M_1
81588,L1,L3,L1,L1,L3,L2,L1,L1,L2,C2_3,D2_1,F2_2,,,N2_2,L_2,M_2
81589,L1,L3,L1,L1,L3,L2,L1,L1,L2,C2_3,D2_1,F2_2,,,N2_2,L_3,M_1
81590,L1,L3,L1,L1,L3,L2,L1,L1,L2,C2_3,D2_1,F2_2,,,N2_2,L_3,M_2
81591,L1,L3,L1,L1,L3,L2,L1,L1,L2,C2_3,D2_1,F2_3,,,N2_1,L_1,M_1
81592,L1,L3,L1,L1,L3,L2,L1,L1,L2,C2_3,D2_1,F2_3,,,N2_1,L_1,M_2
81593,L1,L3,L1,L1,L3,L2,L1,L1,L2,C2_3,D2_1,F2_3,,,N2_1,L_2,M_1
81594,L1,L3,L1,L1,L3,L2,L1,L1,L2,C2_3,D2_1,F2_3,,,N2_1,L_2,M_2
81595,L1,L3,L1,L1,L3,L2,L1,L1,L2,C2_3,D2_1,F2_3,,,N2_1,L_3,M_1
81596,L1,L3,L1,L1,L3,L2,L1,L1,L2,C2_3,D2_1,F2_3,,,N2_1,L_3,M_2
81597,L1,L3,L1,L1,L3,L2,L1,L1,L2,C2_3,D2_1,F2_3,,,N2_2,L_1,M_1
81598,L1,L3,L1,L1,L3,L2,L1,L1,L2,C2_3,D2_1,F2_3,,,N2_2,L_1,M_2
81599,L1,L3,L1,L1,L3,L2,L1,L1,L2,C2_3,D2_1,F2_3,,,N2_2,L_2,M_1
81600,L1,L3,L1,L1,L3,L2,L1,L1,L2,C2_3,D2_1,F2_3,,,N2_2,L_2,M_2
81601,L1,L3,L1,L1,L3,L2,L1,L1,L2,C2_3,D2_1,F2_3,,,N2_2,L_3,M_1
81602,L1,L3,L1,L1,L3,L2,L1,L1,L2,C2_3,D2_1,F2_3,,,N2_2,L_3,M_2
81603,L1,L3,L1,L1,L3,L2,L1,L1,L2,C2_3,D2_2,F2_1,,,N2_1,L_1,M_1
81604,L1,L3,L1,L1,L3,L2,L1,L1,L2,C2_3,D2_2,F2_1,,,N2_1,L_1,M_2
81605,L1,L3,L1,L1,L3,L2,L1,L1,L2,C2_3,D2_2,F2_1,,,N2_1,L_2,M_1
81606,L1,L3,L1,L1,L3,L2,L1,L1,L2,C2_3,D2_2,F2_1,,,N2_1,L_2,M_2
81607,L1,L3,L1,L1,L3,L2,L1,L1,L2,C2_3,D2_2,F2_1,,,N2_1,L_3,M_1
81608,L1,L3,L1,L1,L3,L2,L1,L1,L2,C2_3,D2_2,F2_1,,,N2_1,L_3,M_2
81609,L1,L3,L1,L1,L3,L2,L1,L1,L2,C2_3,D2_2,F2_1,,,N2_2,L_1,M_1
81610,L1,L3,L1,L1,L3,L2,L1,L1,L2,C2_3,D2_2,F2_1,,,N2_2,L_1,M_2
81611,L1,L3,L1,L1,L3,L2,L1,L1,L2,C2_3,D2_2,F2_1,,,N2_2,L_2,M_1
81612,L1,L3,L1,L1,L3,L2,L1,L1,L2,C2_3,D2_2,F2_1,,,N2_2,L_2,M_2
81613,L1,L3,L1,L1,L3,L2,L1,L1,L2,C2_3,D2_2,F2_1,,,N2_2,L_3,M_1
81614,L1,L3,L1,L1,L3,L2,L1,L1,L2,C2_3,D2_2,F2_1,,,N2_2,L_3,M_2
81615,L1,L3,L1,L1,L3,L2,L1,L1,L2,C2_3,D2_2,F2_2,,,N2_1,L_1,M_1
81616,L1,L3,L1,L1,L3,L2,L1,L1,L2,C2_3,D2_2,F2_2,,,N2_1,L_1,M_2
81617,L1,L3,L1,L1,L3,L2,L1,L1,L2,C2_3,D2_2,F2_2,,,N2_1,L_2,M_1
81618,L1,L3,L1,L1,L3,L2,L1,L1,L2,C2_3,D2_2,F2_2,,,N2_1,L_2,M_2
81619,L1,L3,L1,L1,L3,L2,L1,L1,L2,C2_3,D2_2,F2_2,,,N2_1,L_3,M_1
81620,L1,L3,L1,L1,L3,L2,L1,L1,L2,C2_3,D2_2,F2_2,,,N2_1,L_3,M_2
81621,L1,L3,L1,L1,L3,L2,L1,L1,L2,C2_3,D2_2,F2_2,,,N2_2,L_1,M_1
81622,L1,L3,L1,L1,L3,L2,L1,L1,L2,C2_3,D2_2,F2_2,,,N2_2,L_1,M_2
81623,L1,L3,L1,L1,L3,L2,L1,L1,L2,C2_3,D2_2,F2_2,,,N2_2,L_2,M_1
81624,L1,L3,L1,L1,L3,L2,L1,L1,L2,C2_3,D2_2,F2_2,,,N2_2,L_2,M_2
81625,L1,L3,L1,L1,L3,L2,L1,L1,L2,C2_3,D2_2,F2_2,,,N2_2,L_3,M_1
81626,L1,L3,L1,L1,L3,L2,L1,L1,L2,C2_3,D2_2,F2_2,,,N2_2,L_3,M_2
81627,L1,L3,L1,L1,L3,L2,L1,L1,L2,C2_3,D2_2,F2_3,,,N2_1,L_1,M_1
81628,L1,L3,L1,L1,L3,L2,L1,L1,L2,C2_3,D2_2,F2_3,,,N2_1,L_1,M_2
81629,L1,L3,L1,L1,L3,L2,L1,L1,L2,C2_3,D2_2,F2_3,,,N2_1,L_2,M_1
81630,L1,L3,L1,L1,L3,L2,L1,L1,L2,C2_3,D2_2,F2_3,,,N2_1,L_2,M_2
81631,L1,L3,L1,L1,L3,L2,L1,L1,L2,C2_3,D2_2,F2_3,,,N2_1,L_3,M_1
81632,L1,L3,L1,L1,L3,L2,L1,L1,L2,C2_3,D2_2,F2_3,,,N2_1,L_3,M_2
81633,L1,L3,L1,L1,L3,L2,L1,L1,L2,C2_3,D2_2,F2_3,,,N2_2,L_1,M_1
81634,L1,L3,L1,L1,L3,L2,L1,L1,L2,C2_3,D2_2,F2_3,,,N2_2,L_1,M_2
81635,L1,L3,L1,L1,L3,L2,L1,L1,L2,C2_3,D2_2,F2_3,,,N2_2,L_2,M_1
81636,L1,L3,L1,L1,L3,L2,L1,L1,L2,C2_3,D2_2,F2_3,,,N2_2,L_2,M_2
81637,L1,L3,L1,L1,L3,L2,L1,L1,L2,C2_3,D2_2,F2_3,,,N2_2,L_3,M_1
81638,L1,L3,L1,L1,L3,L2,L1,L1,L2,C2_3,D2_2,F2_3,,,N2_2,L_3,M_2
81639,L1,L3,L1,L1,L3,L2,L1,L1,L2,C2_3,D2_3,F2_1,,,N2_1,L_1,M_1
81640,L1,L3,L1,L1,L3,L2,L1,L1,L2,C2_3,D2_3,F2_1,,,N2_1,L_1,M_2
81641,L1,L3,L1,L1,L3,L2,L1,L1,L2,C2_3,D2_3,F2_1,,,N2_1,L_2,M_1
81642,L1,L3,L1,L1,L3,L2,L1,L1,L2,C2_3,D2_3,F2_1,,,N2_1,L_2,M_2
81643,L1,L3,L1,L1,L3,L2,L1,L1,L2,C2_3,D2_3,F2_1,,,N2_1,L_3,M_1
81644,L1,L3,L1,L1,L3,L2,L1,L1,L2,C2_3,D2_3,F2_1,,,N2_1,L_3,M_2
81645,L1,L3,L1,L1,L3,L2,L1,L1,L2,C2_3,D2_3,F2_1,,,N2_2,L_1,M_1
81646,L1,L3,L1,L1,L3,L2,L1,L1,L2,C2_3,D2_3,F2_1,,,N2_2,L_1,M_2
81647,L1,L3,L1,L1,L3,L2,L1,L1,L2,C2_3,D2_3,F2_1,,,N2_2,L_2,M_1
81648,L1,L3,L1,L1,L3,L2,L1,L1,L2,C2_3,D2_3,F2_1,,,N2_2,L_2,M_2
81649,L1,L3,L1,L1,L3,L2,L1,L1,L2,C2_3,D2_3,F2_1,,,N2_2,L_3,M_1
81650,L1,L3,L1,L1,L3,L2,L1,L1,L2,C2_3,D2_3,F2_1,,,N2_2,L_3,M_2
81651,L1,L3,L1,L1,L3,L2,L1,L1,L2,C2_3,D2_3,F2_2,,,N2_1,L_1,M_1
81652,L1,L3,L1,L1,L3,L2,L1,L1,L2,C2_3,D2_3,F2_2,,,N2_1,L_1,M_2
81653,L1,L3,L1,L1,L3,L2,L1,L1,L2,C2_3,D2_3,F2_2,,,N2_1,L_2,M_1
81654,L1,L3,L1,L1,L3,L2,L1,L1,L2,C2_3,D2_3,F2_2,,,N2_1,L_2,M_2
81655,L1,L3,L1,L1,L3,L2,L1,L1,L2,C2_3,D2_3,F2_2,,,N2_1,L_3,M_1
81656,L1,L3,L1,L1,L3,L2,L1,L1,L2,C2_3,D2_3,F2_2,,,N2_1,L_3,M_2
81657,L1,L3,L1,L1,L3,L2,L1,L1,L2,C2_3,D2_3,F2_2,,,N2_2,L_1,M_1
81658,L1,L3,L1,L1,L3,L2,L1,L1,L2,C2_3,D2_3,F2_2,,,N2_2,L_1,M_2
81659,L1,L3,L1,L1,L3,L2,L1,L1,L2,C2_3,D2_3,F2_2,,,N2_2,L_2,M_1
81660,L1,L3,L1,L1,L3,L2,L1,L1,L2,C2_3,D2_3,F2_2,,,N2_2,L_2,M_2
81661,L1,L3,L1,L1,L3,L2,L1,L1,L2,C2_3,D2_3,F2_2,,,N2_2,L_3,M_1
81662,L1,L3,L1,L1,L3,L2,L1,L1,L2,C2_3,D2_3,F2_2,,,N2_2,L_3,M_2
81663,L1,L3,L1,L1,L3,L2,L1,L1,L2,C2_3,D2_3,F2_3,,,N2_1,L_1,M_1
81664,L1,L3,L1,L1,L3,L2,L1,L1,L2,C2_3,D2_3,F2_3,,,N2_1,L_1,M_2
81665,L1,L3,L1,L1,L3,L2,L1,L1,L2,C2_3,D2_3,F2_3,,,N2_1,L_2,M_1
81666,L1,L3,L1,L1,L3,L2,L1,L1,L2,C2_3,D2_3,F2_3,,,N2_1,L_2,M_2
81667,L1,L3,L1,L1,L3,L2,L1,L1,L2,C2_3,D2_3,F2_3,,,N2_1,L_3,M_1
81668,L1,L3,L1,L1,L3,L2,L1,L1,L2,C2_3,D2_3,F2_3,,,N2_1,L_3,M_2
81669,L1,L3,L1,L1,L3,L2,L1,L1,L2,C2_3,D2_3,F2_3,,,N2_2,L_1,M_1
81670,L1,L3,L1,L1,L3,L2,L1,L1,L2,C2_3,D2_3,F2_3,,,N2_2,L_1,M_2
81671,L1,L3,L1,L1,L3,L2,L1,L1,L2,C2_3,D2_3,F2_3,,,N2_2,L_2,M_1
81672,L1,L3,L1,L1,L3,L2,L1,L1,L2,C2_3,D2_3,F2_3,,,N2_2,L_2,M_2
81673,L1,L3,L1,L1,L3,L2,L1,L1,L2,C2_3,D2_3,F2_3,,,N2_2,L_3,M_1
81674,L1,L3,L1,L1,L3,L2,L1,L1,L2,C2_3,D2_3,F2_3,,,N2_2,L_3,M_2
82728,L1,L3,L2,L2,L3,L2,L1,L1,L2,C2_1,D2_1,F2_1,,,N2_1,L_1,M_1
82729,L1,L3,L2,L2,L3,L2,L1,L1,L2,C2_1,D2_1,F2_1,,,N2_1,L_1,M_2
82730,L1,L3,L2,L2,L3,L2,L1,L1,L2,C2_1,D2_1,F2_1,,,N2_1,L_2,M_1
82731,L1,L3,L2,L2,L3,L2,L1,L1,L2,C2_1,D2_1,F2_1,,,N2_1,L_2,M_2
82732,L1,L3,L2,L2,L3,L2,L1,L1,L2,C2_1,D2_1,F2_1,,,N2_1,L_3,M_1
82733,L1,L3,L2,L2,L3,L2,L1,L1,L2,C2_1,D2_1,F2_1,,,N2_1,L_3,M_2
82734,L1,L3,L2,L2,L3,L2,L1,L1,L2,C2_1,D2_1,F2_1,,,N2_2,L_1,M_1
82735,L1,L3,L2,L2,L3,L2,L1,L1,L2,C2_1,D2_1,F2_1,,,N2_2,L_1,M_2
82736,L1,L3,L2,L2,L3,L2,L1,L1,L2,C2_1,D2_1,F2_1,,,N2_2,L_2,M_1
82737,L1,L3,L2,L2,L3,L2,L1,L1,L2,C2_1,D2_1,F2_1,,,N2_2,L_2,M_2
82738,L1,L3,L2,L2,L3,L2,L1,L1,L2,C2_1,D2_1,F2_1,,,N2_2,L_3,M_1
82739,L1,L3,L2,L2,L3,L2,L1,L1,L2,C2_1,D2_1,F2_1,,,N2_2,L_3,M_2
82740,L1,L3,L2,L2,L3,L2,L1,L1,L2,C2_1,D2_1,F2_2,,,N2_1,L_1,M_1
82741,L1,L3,L2,L2,L3,L2,L1,L1,L2,C2_1,D2_1,F2_2,,,N2_1,L_1,M_2
82742,L1,L3,L2,L2,L3,L2,L1,L1,L2,C2_1,D2_1,F2_2,,,N2_1,L_2,M_1
82743,L1,L3,L2,L2,L3,L2,L1,L1,L2,C2_1,D2_1,F2_2,,,N2_1,L_2,M_2
82744,L1,L3,L2,L2,L3,L2,L1,L1,L2,C2_1,D2_1,F2_2,,,N2_1,L_3,M_1
82745,L1,L3,L2,L2,L3,L2,L1,L1,L2,C2_1,D2_1,F2_2,,,N2_1,L_3,M_2
82746,L1,L3,L2,L2,L3,L2,L1,L1,L2,C2_1,D2_1,F2_2,,,N2_2,L_1,M_1
82747,L1,L3,L2,L2,L3,L2,L1,L1,L2,C2_1,D2_1,F2_2,,,N2_2,L_1,M_2
82748,L1,L3,L2,L2,L3,L2,L1,L1,L2,C2_1,D2_1,F2_2,,,N2_2,L_2,M_1
82749,L1,L3,L2,L2,L3,L2,L1,L1,L2,C2_1,D2_1,F2_2,,,N2_2,L_2,M_2
82750,L1,L3,L2,L2,L3,L2,L1,L1,L2,C2_1,D2_1,F2_2,,,N2_2,L_3,M_1
82751,L1,L3,L2,L2,L3,L2,L1,L1,L2,C2_1,D2_1,F2_2,,,N2_2,L_3,M_2
82752,L1,L3,L2,L2,L3,L2,L1,L1,L2,C2_1,D2_1,F2_3,,,N2_1,L_1,M_1
82753,L1,L3,L2,L2,L3,L2,L1,L1,L2,C2_1,D2_1,F2_3,,,N2_1,L_1,M_2
82754,L1,L3,L2,L2,L3,L2,L1,L1,L2,C2_1,D2_1,F2_3,,,N2_1,L_2,M_1
82755,L1,L3,L2,L2,L3,L2,L1,L1,L2,C2_1,D2_1,F2_3,,,N2_1,L_2,M_2
82756,L1,L3,L2,L2,L3,L2,L1,L1,L2,C2_1,D2_1,F2_3,,,N2_1,L_3,M_1
82757,L1,L3,L2,L2,L3,L2,L1,L1,L2,C2_1,D2_1,F2_3,,,N2_1,L_3,M_2
82758,L1,L3,L2,L2,L3,L2,L1,L1,L2,C2_1,D2_1,F2_3,,,N2_2,L_1,M_1
82759,L1,L3,L2,L2,L3,L2,L1,L1,L2,C2_1,D2_1,F2_3,,,N2_2,L_1,M_2
82760,L1,L3,L2,L2,L3,L2,L1,L1,L2,C2_1,D2_1,F2_3,,,N2_2,L_2,M_1
82761,L1,L3,L2,L2,L3,L2,L1,L1,L2,C2_1,D2_1,F2_3,,,N2_2,L_2,M_2
82762,L1,L3,L2,L2,L3,L2,L1,L1,L2,C2_1,D2_1,F2_3,,,N2_2,L_3,M_1
82763,L1,L3,L2,L2,L3,L2,L1,L1,L2,C2_1,D2_1,F2_3,,,N2_2,L_3,M_2
82764,L1,L3,L2,L2,L3,L2,L1,L1,L2,C2_1,D2_2,F2_1,,,N2_1,L_1,M_1
82765,L1,L3,L2,L2,L3,L2,L1,L1,L2,C2_1,D2_2,F2_1,,,N2_1,L_1,M_2
82766,L1,L3,L2,L2,L3,L2,L1,L1,L2,C2_1,D2_2,F2_1,,,N2_1,L_2,M_1
82767,L1,L3,L2,L2,L3,L2,L1,L1,L2,C2_1,D2_2,F2_1,,,N2_1,L_2,M_2
82768,L1,L3,L2,L2,L3,L2,L1,L1,L2,C2_1,D2_2,F2_1,,,N2_1,L_3,M_1
82769,L1,L3,L2,L2,L3,L2,L1,L1,L2,C2_1,D2_2,F2_1,,,N2_1,L_3,M_2
82770,L1,L3,L2,L2,L3,L2,L1,L1,L2,C2_1,D2_2,F2_1,,,N2_2,L_1,M_1
82771,L1,L3,L2,L2,L3,L2,L1,L1,L2,C2_1,D2_2,F2_1,,,N2_2,L_1,M_2
82772,L1,L3,L2,L2,L3,L2,L1,L1,L2,C2_1,D2_2,F2_1,,,N2_2,L_2,M_1
82773,L1,L3,L2,L2,L3,L2,L1,L1,L2,C2_1,D2_2,F2_1,,,N2_2,L_2,M_2
82774,L1,L3,L2,L2,L3,L2,L1,L1,L2,C2_1,D2_2,F2_1,,,N2_2,L_3,M_1
82775,L1,L3,L2,L2,L3,L2,L1,L1,L2,C2_1,D2_2,F2_1,,,N2_2,L_3,M_2
82776,L1,L3,L2,L2,L3,L2,L1,L1,L2,C2_1,D2_2,F2_2,,,N2_1,L_1,M_1
82777,L1,L3,L2,L2,L3,L2,L1,L1,L2,C2_1,D2_2,F2_2,,,N2_1,L_1,M_2
82778,L1,L3,L2,L2,L3,L2,L1,L1,L2,C2_1,D2_2,F2_2,,,N2_1,L_2,M_1
82779,L1,L3,L2,L2,L3,L2,L1,L1,L2,C2_1,D2_2,F2_2,,,N2_1,L_2,M_2
82780,L1,L3,L2,L2,L3,L2,L1,L1,L2,C2_1,D2_2,F2_2,,,N2_1,L_3,M_1
82781,L1,L3,L2,L2,L3,L2,L1,L1,L2,C2_1,D2_2,F2_2,,,N2_1,L_3,M_2
82782,L1,L3,L2,L2,L3,L2,L1,L1,L2,C2_1,D2_2,F2_2,,,N2_2,L_1,M_1
82783,L1,L3,L2,L2,L3,L2,L1,L1,L2,C2_1,D2_2,F2_2,,,N2_2,L_1,M_2
82784,L1,L3,L2,L2,L3,L2,L1,L1,L2,C2_1,D2_2,F2_2,,,N2_2,L_2,M_1
82785,L1,L3,L2,L2,L3,L2,L1,L1,L2,C2_1,D2_2,F2_2,,,N2_2,L_2,M_2
82786,L1,L3,L2,L2,L3,L2,L1,L1,L2,C2_1,D2_2,F2_2,,,N2_2,L_3,M_1
82787,L1,L3,L2,L2,L3,L2,L1,L1,L2,C2_1,D2_2,F2_2,,,N2_2,L_3,M_2
82788,L1,L3,L2,L2,L3,L2,L1,L1,L2,C2_1,D2_2,F2_3,,,N2_1,L_1,M_1
82789,L1,L3,L2,L2,L3,L2,L1,L1,L2,C2_1,D2_2,F2_3,,,N2_1,L_1,M_2
82790,L1,L3,L2,L2,L3,L2,L1,L1,L2,C2_1,D2_2,F2_3,,,N2_1,L_2,M_1
82791,L1,L3,L2,L2,L3,L2,L1,L1,L2,C2_1,D2_2,F2_3,,,N2_1,L_2,M_2
82792,L1,L3,L2,L2,L3,L2,L1,L1,L2,C2_1,D2_2,F2_3,,,N2_1,L_3,M_1
82793,L1,L3,L2,L2,L3,L2,L1,L1,L2,C2_1,D2_2,F2_3,,,N2_1,L_3,M_2
82794,L1,L3,L2,L2,L3,L2,L1,L1,L2,C2_1,D2_2,F2_3,,,N2_2,L_1,M_1
82795,L1,L3,L2,L2,L3,L2,L1,L1,L2,C2_1,D2_2,F2_3,,,N2_2,L_1,M_2
82796,L1,L3,L2,L2,L3,L2,L1,L1,L2,C2_1,D2_2,F2_3,,,N2_2,L_2,M_1
82797,L1,L3,L2,L2,L3,L2,L1,L1,L2,C2_1,D2_2,F2_3,,,N2_2,L_2,M_2
82798,L1,L3,L2,L2,L3,L2,L1,L1,L2,C2_1,D2_2,F2_3,,,N2_2,L_3,M_1
82799,L1,L3,L2,L2,L3,L2,L1,L1,L2,C2_1,D2_2,F2_3,,,N2_2,L_3,M_2
82800,L1,L3,L2,L2,L3,L2,L1,L1,L2,C2_1,D2_3,F2_1,,,N2_1,L_1,M_1
82801,L1,L3,L2,L2,L3,L2,L1,L1,L2,C2_1,D2_3,F2_1,,,N2_1,L_1,M_2
82802,L1,L3,L2,L2,L3,L2,L1,L1,L2,C2_1,D2_3,F2_1,,,N2_1,L_2,M_1
82803,L1,L3,L2,L2,L3,L2,L1,L1,L2,C2_1,D2_3,F2_1,,,N2_1,L_2,M_2
82804,L1,L3,L2,L2,L3,L2,L1,L1,L2,C2_1,D2_3,F2_1,,,N2_1,L_3,M_1
82805,L1,L3,L2,L2,L3,L2,L1,L1,L2,C2_1,D2_3,F2_1,,,N2_1,L_3,M_2
82806,L1,L3,L2,L2,L3,L2,L1,L1,L2,C2_1,D2_3,F2_1,,,N2_2,L_1,M_1
82807,L1,L3,L2,L2,L3,L2,L1,L1,L2,C2_1,D2_3,F2_1,,,N2_2,L_1,M_2
82808,L1,L3,L2,L2,L3,L2,L1,L1,L2,C2_1,D2_3,F2_1,,,N2_2,L_2,M_1
82809,L1,L3,L2,L2,L3,L2,L1,L1,L2,C2_1,D2_3,F2_1,,,N2_2,L_2,M_2
82810,L1,L3,L2,L2,L3,L2,L1,L1,L2,C2_1,D2_3,F2_1,,,N2_2,L_3,M_1
82811,L1,L3,L2,L2,L3,L2,L1,L1,L2,C2_1,D2_3,F2_1,,,N2_2,L_3,M_2
82812,L1,L3,L2,L2,L3,L2,L1,L1,L2,C2_1,D2_3,F2_2,,,N2_1,L_1,M_1
82813,L1,L3,L2,L2,L3,L2,L1,L1,L2,C2_1,D2_3,F2_2,,,N2_1,L_1,M_2
82814,L1,L3,L2,L2,L3,L2,L1,L1,L2,C2_1,D2_3,F2_2,,,N2_1,L_2,M_1
82815,L1,L3,L2,L2,L3,L2,L1,L1,L2,C2_1,D2_3,F2_2,,,N2_1,L_2,M_2
82816,L1,L3,L2,L2,L3,L2,L1,L1,L2,C2_1,D2_3,F2_2,,,N2_1,L_3,M_1
82817,L1,L3,L2,L2,L3,L2,L1,L1,L2,C2_1,D2_3,F2_2,,,N2_1,L_3,M_2
82818,L1,L3,L2,L2,L3,L2,L1,L1,L2,C2_1,D2_3,F2_2,,,N2_2,L_1,M_1
82819,L1,L3,L2,L2,L3,L2,L1,L1,L2,C2_1,D2_3,F2_2,,,N2_2,L_1,M_2
82820,L1,L3,L2,L2,L3,L2,L1,L1,L2,C2_1,D2_3,F2_2,,,N2_2,L_2,M_1
82821,L1,L3,L2,L2,L3,L2,L1,L1,L2,C2_1,D2_3,F2_2,,,N2_2,L_2,M_2
82822,L1,L3,L2,L2,L3,L2,L1,L1,L2,C2_1,D2_3,F2_2,,,N2_2,L_3,M_1
82823,L1,L3,L2,L2,L3,L2,L1,L1,L2,C2_1,D2_3,F2_2,,,N2_2,L_3,M_2
82824,L1,L3,L2,L2,L3,L2,L1,L1,L2,C2_1,D2_3,F2_3,,,N2_1,L_1,M_1
82825,L1,L3,L2,L2,L3,L2,L1,L1,L2,C2_1,D2_3,F2_3,,,N2_1,L_1,M_2
82826,L1,L3,L2,L2,L3,L2,L1,L1,L2,C2_1,D2_3,F2_3,,,N2_1,L_2,M_1
82827,L1,L3,L2,L2,L3,L2,L1,L1,L2,C2_1,D2_3,F2_3,,,N2_1,L_2,M_2
82828,L1,L3,L2,L2,L3,L2,L1,L1,L2,C2_1,D2_3,F2_3,,,N2_1,L_3,M_1
82829,L1,L3,L2,L2,L3,L2,L1,L1,L2,C2_1,D2_3,F2_3,,,N2_1,L_3,M_2
82830,L1,L3,L2,L2,L3,L2,L1,L1,L2,C2_1,D2_3,F2_3,,,N2_2,L_1,M_1
82831,L1,L3,L2,L2,L3,L2,L1,L1,L2,C2_1,D2_3,F2_3,,,N2_2,L_1,M_2
82832,L1,L3,L2,L2,L3,L2,L1,L1,L2,C2_1,D2_3,F2_3,,,N2_2,L_2,M_1
82833,L1,L3,L2,L2,L3,L2,L1,L1,L2,C2_1,D2_3,F2_3,,,N2_2,L_2,M_2
82834,L1,L3,L2,L2,L3,L2,L1,L1,L2,C2_1,D2_3,F2_3,,,N2_2,L_3,M_1
82835,L1,L3,L2,L2,L3,L2,L1,L1,L2,C2_1,D2_3,F2_3,,,N2_2,L_3,M_2
82836,L1,L3,L2,L2,L3,L2,L1,L1,L2,C2_2,D2_1,F2_1,,,N2_1,L_1,M_1
82837,L1,L3,L2,L2,L3,L2,L1,L1,L2,C2_2,D2_1,F2_1,,,N2_1,L_1,M_2
82838,L1,L3,L2,L2,L3,L2,L1,L1,L2,C2_2,D2_1,F2_1,,,N2_1,L_2,M_1
82839,L1,L3,L2,L2,L3,L2,L1,L1,L2,C2_2,D2_1,F2_1,,,N2_1,L_2,M_2
82840,L1,L3,L2,L2,L3,L2,L1,L1,L2,C2_2,D2_1,F2_1,,,N2_1,L_3,M_1
82841,L1,L3,L2,L2,L3,L2,L1,L1,L2,C2_2,D2_1,F2_1,,,N2_1,L_3,M_2
82842,L1,L3,L2,L2,L3,L2,L1,L1,L2,C2_2,D2_1,F2_1,,,N2_2,L_1,M_1
82843,L1,L3,L2,L2,L3,L2,L1,L1,L2,C2_2,D2_1,F2_1,,,N2_2,L_1,M_2
82844,L1,L3,L2,L2,L3,L2,L1,L1,L2,C2_2,D2_1,F2_1,,,N2_2,L_2,M_1
82845,L1,L3,L2,L2,L3,L2,L1,L1,L2,C2_2,D2_1,F2_1,,,N2_2,L_2,M_2
82846,L1,L3,L2,L2,L3,L2,L1,L1,L2,C2_2,D2_1,F2_1,,,N2_2,L_3,M_1
82847,L1,L3,L2,L2,L3,L2,L1,L1,L2,C2_2,D2_1,F2_1,,,N2_2,L_3,M_2
82848,L1,L3,L2,L2,L3,L2,L1,L1,L2,C2_2,D2_1,F2_2,,,N2_1,L_1,M_1
82849,L1,L3,L2,L2,L3,L2,L1,L1,L2,C2_2,D2_1,F2_2,,,N2_1,L_1,M_2
82850,L1,L3,L2,L2,L3,L2,L1,L1,L2,C2_2,D2_1,F2_2,,,N2_1,L_2,M_1
82851,L1,L3,L2,L2,L3,L2,L1,L1,L2,C2_2,D2_1,F2_2,,,N2_1,L_2,M_2
82852,L1,L3,L2,L2,L3,L2,L1,L1,L2,C2_2,D2_1,F2_2,,,N2_1,L_3,M_1
82853,L1,L3,L2,L2,L3,L2,L1,L1,L2,C2_2,D2_1,F2_2,,,N2_1,L_3,M_2
82854,L1,L3,L2,L2,L3,L2,L1,L1,L2,C2_2,D2_1,F2_2,,,N2_2,L_1,M_1
82855,L1,L3,L2,L2,L3,L2,L1,L1,L2,C2_2,D2_1,F2_2,,,N2_2,L_1,M_2
82856,L1,L3,L2,L2,L3,L2,L1,L1,L2,C2_2,D2_1,F2_2,,,N2_2,L_2,M_1
82857,L1,L3,L2,L2,L3,L2,L1,L1,L2,C2_2,D2_1,F2_2,,,N2_2,L_2,M_2
82858,L1,L3,L2,L2,L3,L2,L1,L1,L2,C2_2,D2_1,F2_2,,,N2_2,L_3,M_1
82859,L1,L3,L2,L2,L3,L2,L1,L1,L2,C2_2,D2_1,F2_2,,,N2_2,L_3,M_2
82860,L1,L3,L2,L2,L3,L2,L1,L1,L2,C2_2,D2_1,F2_3,,,N2_1,L_1,M_1
82861,L1,L3,L2,L2,L3,L2,L1,L1,L2,C2_2,D2_1,F2_3,,,N2_1,L_1,M_2
82862,L1,L3,L2,L2,L3,L2,L1,L1,L2,C2_2,D2_1,F2_3,,,N2_1,L_2,M_1
82863,L1,L3,L2,L2,L3,L2,L1,L1,L2,C2_2,D2_1,F2_3,,,N2_1,L_2,M_2
82864,L1,L3,L2,L2,L3,L2,L1,L1,L2,C2_2,D2_1,F2_3,,,N2_1,L_3,M_1
82865,L1,L3,L2,L2,L3,L2,L1,L1,L2,C2_2,D2_1,F2_3,,,N2_1,L_3,M_2
82866,L1,L3,L2,L2,L3,L2,L1,L1,L2,C2_2,D2_1,F2_3,,,N2_2,L_1,M_1
82867,L1,L3,L2,L2,L3,L2,L1,L1,L2,C2_2,D2_1,F2_3,,,N2_2,L_1,M_2
82868,L1,L3,L2,L2,L3,L2,L1,L1,L2,C2_2,D2_1,F2_3,,,N2_2,L_2,M_1
82869,L1,L3,L2,L2,L3,L2,L1,L1,L2,C2_2,D2_1,F2_3,,,N2_2,L_2,M_2
82870,L1,L3,L2,L2,L3,L2,L1,L1,L2,C2_2,D2_1,F2_3,,,N2_2,L_3,M_1
82871,L1,L3,L2,L2,L3,L2,L1,L1,L2,C2_2,D2_1,F2_3,,,N2_2,L_3,M_2
82872,L1,L3,L2,L2,L3,L2,L1,L1,L2,C2_2,D2_2,F2_1,,,N2_1,L_1,M_1
82873,L1,L3,L2,L2,L3,L2,L1,L1,L2,C2_2,D2_2,F2_1,,,N2_1,L_1,M_2
82874,L1,L3,L2,L2,L3,L2,L1,L1,L2,C2_2,D2_2,F2_1,,,N2_1,L_2,M_1
82875,L1,L3,L2,L2,L3,L2,L1,L1,L2,C2_2,D2_2,F2_1,,,N2_1,L_2,M_2
82876,L1,L3,L2,L2,L3,L2,L1,L1,L2,C2_2,D2_2,F2_1,,,N2_1,L_3,M_1
82877,L1,L3,L2,L2,L3,L2,L1,L1,L2,C2_2,D2_2,F2_1,,,N2_1,L_3,M_2
82878,L1,L3,L2,L2,L3,L2,L1,L1,L2,C2_2,D2_2,F2_1,,,N2_2,L_1,M_1
82879,L1,L3,L2,L2,L3,L2,L1,L1,L2,C2_2,D2_2,F2_1,,,N2_2,L_1,M_2
82880,L1,L3,L2,L2,L3,L2,L1,L1,L2,C2_2,D2_2,F2_1,,,N2_2,L_2,M_1
82881,L1,L3,L2,L2,L3,L2,L1,L1,L2,C2_2,D2_2,F2_1,,,N2_2,L_2,M_2
82882,L1,L3,L2,L2,L3,L2,L1,L1,L2,C2_2,D2_2,F2_1,,,N2_2,L_3,M_1
82883,L1,L3,L2,L2,L3,L2,L1,L1,L2,C2_2,D2_2,F2_1,,,N2_2,L_3,M_2
82884,L1,L3,L2,L2,L3,L2,L1,L1,L2,C2_2,D2_2,F2_2,,,N2_1,L_1,M_1
82885,L1,L3,L2,L2,L3,L2,L1,L1,L2,C2_2,D2_2,F2_2,,,N2_1,L_1,M_2
82886,L1,L3,L2,L2,L3,L2,L1,L1,L2,C2_2,D2_2,F2_2,,,N2_1,L_2,M_1
82887,L1,L3,L2,L2,L3,L2,L1,L1,L2,C2_2,D2_2,F2_2,,,N2_1,L_2,M_2
82888,L1,L3,L2,L2,L3,L2,L1,L1,L2,C2_2,D2_2,F2_2,,,N2_1,L_3,M_1
82889,L1,L3,L2,L2,L3,L2,L1,L1,L2,C2_2,D2_2,F2_2,,,N2_1,L_3,M_2
82890,L1,L3,L2,L2,L3,L2,L1,L1,L2,C2_2,D2_2,F2_2,,,N2_2,L_1,M_1
82891,L1,L3,L2,L2,L3,L2,L1,L1,L2,C2_2,D2_2,F2_2,,,N2_2,L_1,M_2
82892,L1,L3,L2,L2,L3,L2,L1,L1,L2,C2_2,D2_2,F2_2,,,N2_2,L_2,M_1
82893,L1,L3,L2,L2,L3,L2,L1,L1,L2,C2_2,D2_2,F2_2,,,N2_2,L_2,M_2
82894,L1,L3,L2,L2,L3,L2,L1,L1,L2,C2_2,D2_2,F2_2,,,N2_2,L_3,M_1
82895,L1,L3,L2,L2,L3,L2,L1,L1,L2,C2_2,D2_2,F2_2,,,N2_2,L_3,M_2
82896,L1,L3,L2,L2,L3,L2,L1,L1,L2,C2_2,D2_2,F2_3,,,N2_1,L_1,M_1
82897,L1,L3,L2,L2,L3,L2,L1,L1,L2,C2_2,D2_2,F2_3,,,N2_1,L_1,M_2
82898,L1,L3,L2,L2,L3,L2,L1,L1,L2,C2_2,D2_2,F2_3,,,N2_1,L_2,M_1
82899,L1,L3,L2,L2,L3,L2,L1,L1,L2,C2_2,D2_2,F2_3,,,N2_1,L_2,M_2
82900,L1,L3,L2,L2,L3,L2,L1,L1,L2,C2_2,D2_2,F2_3,,,N2_1,L_3,M_1
82901,L1,L3,L2,L2,L3,L2,L1,L1,L2,C2_2,D2_2,F2_3,,,N2_1,L_3,M_2
82902,L1,L3,L2,L2,L3,L2,L1,L1,L2,C2_2,D2_2,F2_3,,,N2_2,L_1,M_1
82903,L1,L3,L2,L2,L3,L2,L1,L1,L2,C2_2,D2_2,F2_3,,,N2_2,L_1,M_2
82904,L1,L3,L2,L2,L3,L2,L1,L1,L2,C2_2,D2_2,F2_3,,,N2_2,L_2,M_1
82905,L1,L3,L2,L2,L3,L2,L1,L1,L2,C2_2,D2_2,F2_3,,,N2_2,L_2,M_2
82906,L1,L3,L2,L2,L3,L2,L1,L1,L2,C2_2,D2_2,F2_3,,,N2_2,L_3,M_1
82907,L1,L3,L2,L2,L3,L2,L1,L1,L2,C2_2,D2_2,F2_3,,,N2_2,L_3,M_2
82908,L1,L3,L2,L2,L3,L2,L1,L1,L2,C2_2,D2_3,F2_1,,,N2_1,L_1,M_1
82909,L1,L3,L2,L2,L3,L2,L1,L1,L2,C2_2,D2_3,F2_1,,,N2_1,L_1,M_2
82910,L1,L3,L2,L2,L3,L2,L1,L1,L2,C2_2,D2_3,F2_1,,,N2_1,L_2,M_1
82911,L1,L3,L2,L2,L3,L2,L1,L1,L2,C2_2,D2_3,F2_1,,,N2_1,L_2,M_2
82912,L1,L3,L2,L2,L3,L2,L1,L1,L2,C2_2,D2_3,F2_1,,,N2_1,L_3,M_1
82913,L1,L3,L2,L2,L3,L2,L1,L1,L2,C2_2,D2_3,F2_1,,,N2_1,L_3,M_2
82914,L1,L3,L2,L2,L3,L2,L1,L1,L2,C2_2,D2_3,F2_1,,,N2_2,L_1,M_1
82915,L1,L3,L2,L2,L3,L2,L1,L1,L2,C2_2,D2_3,F2_1,,,N2_2,L_1,M_2
82916,L1,L3,L2,L2,L3,L2,L1,L1,L2,C2_2,D2_3,F2_1,,,N2_2,L_2,M_1
82917,L1,L3,L2,L2,L3,L2,L1,L1,L2,C2_2,D2_3,F2_1,,,N2_2,L_2,M_2
82918,L1,L3,L2,L2,L3,L2,L1,L1,L2,C2_2,D2_3,F2_1,,,N2_2,L_3,M_1
82919,L1,L3,L2,L2,L3,L2,L1,L1,L2,C2_2,D2_3,F2_1,,,N2_2,L_3,M_2
82920,L1,L3,L2,L2,L3,L2,L1,L1,L2,C2_2,D2_3,F2_2,,,N2_1,L_1,M_1
82921,L1,L3,L2,L2,L3,L2,L1,L1,L2,C2_2,D2_3,F2_2,,,N2_1,L_1,M_2
82922,L1,L3,L2,L2,L3,L2,L1,L1,L2,C2_2,D2_3,F2_2,,,N2_1,L_2,M_1
82923,L1,L3,L2,L2,L3,L2,L1,L1,L2,C2_2,D2_3,F2_2,,,N2_1,L_2,M_2
82924,L1,L3,L2,L2,L3,L2,L1,L1,L2,C2_2,D2_3,F2_2,,,N2_1,L_3,M_1
82925,L1,L3,L2,L2,L3,L2,L1,L1,L2,C2_2,D2_3,F2_2,,,N2_1,L_3,M_2
82926,L1,L3,L2,L2,L3,L2,L1,L1,L2,C2_2,D2_3,F2_2,,,N2_2,L_1,M_1
82927,L1,L3,L2,L2,L3,L2,L1,L1,L2,C2_2,D2_3,F2_2,,,N2_2,L_1,M_2
82928,L1,L3,L2,L2,L3,L2,L1,L1,L2,C2_2,D2_3,F2_2,,,N2_2,L_2,M_1
82929,L1,L3,L2,L2,L3,L2,L1,L1,L2,C2_2,D2_3,F2_2,,,N2_2,L_2,M_2
82930,L1,L3,L2,L2,L3,L2,L1,L1,L2,C2_2,D2_3,F2_2,,,N2_2,L_3,M_1
82931,L1,L3,L2,L2,L3,L2,L1,L1,L2,C2_2,D2_3,F2_2,,,N2_2,L_3,M_2
82932,L1,L3,L2,L2,L3,L2,L1,L1,L2,C2_2,D2_3,F2_3,,,N2_1,L_1,M_1
82933,L1,L3,L2,L2,L3,L2,L1,L1,L2,C2_2,D2_3,F2_3,,,N2_1,L_1,M_2
82934,L1,L3,L2,L2,L3,L2,L1,L1,L2,C2_2,D2_3,F2_3,,,N2_1,L_2,M_1
82935,L1,L3,L2,L2,L3,L2,L1,L1,L2,C2_2,D2_3,F2_3,,,N2_1,L_2,M_2
82936,L1,L3,L2,L2,L3,L2,L1,L1,L2,C2_2,D2_3,F2_3,,,N2_1,L_3,M_1
82937,L1,L3,L2,L2,L3,L2,L1,L1,L2,C2_2,D2_3,F2_3,,,N2_1,L_3,M_2
82938,L1,L3,L2,L2,L3,L2,L1,L1,L2,C2_2,D2_3,F2_3,,,N2_2,L_1,M_1
82939,L1,L3,L2,L2,L3,L2,L1,L1,L2,C2_2,D2_3,F2_3,,,N2_2,L_1,M_2
82940,L1,L3,L2,L2,L3,L2,L1,L1,L2,C2_2,D2_3,F2_3,,,N2_2,L_2,M_1
82941,L1,L3,L2,L2,L3,L2,L1,L1,L2,C2_2,D2_3,F2_3,,,N2_2,L_2,M_2
82942,L1,L3,L2,L2,L3,L2,L1,L1,L2,C2_2,D2_3,F2_3,,,N2_2,L_3,M_1
82943,L1,L3,L2,L2,L3,L2,L1,L1,L2,C2_2,D2_3,F2_3,,,N2_2,L_3,M_2
82944,L1,L3,L2,L2,L3,L2,L1,L1,L2,C2_3,D2_1,F2_1,,,N2_1,L_1,M_1
82945,L1,L3,L2,L2,L3,L2,L1,L1,L2,C2_3,D2_1,F2_1,,,N2_1,L_1,M_2
82946,L1,L3,L2,L2,L3,L2,L1,L1,L2,C2_3,D2_1,F2_1,,,N2_1,L_2,M_1
82947,L1,L3,L2,L2,L3,L2,L1,L1,L2,C2_3,D2_1,F2_1,,,N2_1,L_2,M_2
82948,L1,L3,L2,L2,L3,L2,L1,L1,L2,C2_3,D2_1,F2_1,,,N2_1,L_3,M_1
82949,L1,L3,L2,L2,L3,L2,L1,L1,L2,C2_3,D2_1,F2_1,,,N2_1,L_3,M_2
82950,L1,L3,L2,L2,L3,L2,L1,L1,L2,C2_3,D2_1,F2_1,,,N2_2,L_1,M_1
82951,L1,L3,L2,L2,L3,L2,L1,L1,L2,C2_3,D2_1,F2_1,,,N2_2,L_1,M_2
82952,L1,L3,L2,L2,L3,L2,L1,L1,L2,C2_3,D2_1,F2_1,,,N2_2,L_2,M_1
82953,L1,L3,L2,L2,L3,L2,L1,L1,L2,C2_3,D2_1,F2_1,,,N2_2,L_2,M_2
82954,L1,L3,L2,L2,L3,L2,L1,L1,L2,C2_3,D2_1,F2_1,,,N2_2,L_3,M_1
82955,L1,L3,L2,L2,L3,L2,L1,L1,L2,C2_3,D2_1,F2_1,,,N2_2,L_3,M_2
82956,L1,L3,L2,L2,L3,L2,L1,L1,L2,C2_3,D2_1,F2_2,,,N2_1,L_1,M_1
82957,L1,L3,L2,L2,L3,L2,L1,L1,L2,C2_3,D2_1,F2_2,,,N2_1,L_1,M_2
82958,L1,L3,L2,L2,L3,L2,L1,L1,L2,C2_3,D2_1,F2_2,,,N2_1,L_2,M_1
82959,L1,L3,L2,L2,L3,L2,L1,L1,L2,C2_3,D2_1,F2_2,,,N2_1,L_2,M_2
82960,L1,L3,L2,L2,L3,L2,L1,L1,L2,C2_3,D2_1,F2_2,,,N2_1,L_3,M_1
82961,L1,L3,L2,L2,L3,L2,L1,L1,L2,C2_3,D2_1,F2_2,,,N2_1,L_3,M_2
82962,L1,L3,L2,L2,L3,L2,L1,L1,L2,C2_3,D2_1,F2_2,,,N2_2,L_1,M_1
82963,L1,L3,L2,L2,L3,L2,L1,L1,L2,C2_3,D2_1,F2_2,,,N2_2,L_1,M_2
82964,L1,L3,L2,L2,L3,L2,L1,L1,L2,C2_3,D2_1,F2_2,,,N2_2,L_2,M_1
82965,L1,L3,L2,L2,L3,L2,L1,L1,L2,C2_3,D2_1,F2_2,,,N2_2,L_2,M_2
82966,L1,L3,L2,L2,L3,L2,L1,L1,L2,C2_3,D2_1,F2_2,,,N2_2,L_3,M_1
82967,L1,L3,L2,L2,L3,L2,L1,L1,L2,C2_3,D2_1,F2_2,,,N2_2,L_3,M_2
82968,L1,L3,L2,L2,L3,L2,L1,L1,L2,C2_3,D2_1,F2_3,,,N2_1,L_1,M_1
82969,L1,L3,L2,L2,L3,L2,L1,L1,L2,C2_3,D2_1,F2_3,,,N2_1,L_1,M_2
82970,L1,L3,L2,L2,L3,L2,L1,L1,L2,C2_3,D2_1,F2_3,,,N2_1,L_2,M_1
82971,L1,L3,L2,L2,L3,L2,L1,L1,L2,C2_3,D2_1,F2_3,,,N2_1,L_2,M_2
82972,L1,L3,L2,L2,L3,L2,L1,L1,L2,C2_3,D2_1,F2_3,,,N2_1,L_3,M_1
82973,L1,L3,L2,L2,L3,L2,L1,L1,L2,C2_3,D2_1,F2_3,,,N2_1,L_3,M_2
82974,L1,L3,L2,L2,L3,L2,L1,L1,L2,C2_3,D2_1,F2_3,,,N2_2,L_1,M_1
82975,L1,L3,L2,L2,L3,L2,L1,L1,L2,C2_3,D2_1,F2_3,,,N2_2,L_1,M_2
82976,L1,L3,L2,L2,L3,L2,L1,L1,L2,C2_3,D2_1,F2_3,,,N2_2,L_2,M_1
82977,L1,L3,L2,L2,L3,L2,L1,L1,L2,C2_3,D2_1,F2_3,,,N2_2,L_2,M_2
82978,L1,L3,L2,L2,L3,L2,L1,L1,L2,C2_3,D2_1,F2_3,,,N2_2,L_3,M_1
82979,L1,L3,L2,L2,L3,L2,L1,L1,L2,C2_3,D2_1,F2_3,,,N2_2,L_3,M_2
82980,L1,L3,L2,L2,L3,L2,L1,L1,L2,C2_3,D2_2,F2_1,,,N2_1,L_1,M_1
82981,L1,L3,L2,L2,L3,L2,L1,L1,L2,C2_3,D2_2,F2_1,,,N2_1,L_1,M_2
82982,L1,L3,L2,L2,L3,L2,L1,L1,L2,C2_3,D2_2,F2_1,,,N2_1,L_2,M_1
82983,L1,L3,L2,L2,L3,L2,L1,L1,L2,C2_3,D2_2,F2_1,,,N2_1,L_2,M_2
82984,L1,L3,L2,L2,L3,L2,L1,L1,L2,C2_3,D2_2,F2_1,,,N2_1,L_3,M_1
82985,L1,L3,L2,L2,L3,L2,L1,L1,L2,C2_3,D2_2,F2_1,,,N2_1,L_3,M_2
82986,L1,L3,L2,L2,L3,L2,L1,L1,L2,C2_3,D2_2,F2_1,,,N2_2,L_1,M_1
82987,L1,L3,L2,L2,L3,L2,L1,L1,L2,C2_3,D2_2,F2_1,,,N2_2,L_1,M_2
82988,L1,L3,L2,L2,L3,L2,L1,L1,L2,C2_3,D2_2,F2_1,,,N2_2,L_2,M_1
82989,L1,L3,L2,L2,L3,L2,L1,L1,L2,C2_3,D2_2,F2_1,,,N2_2,L_2,M_2
82990,L1,L3,L2,L2,L3,L2,L1,L1,L2,C2_3,D2_2,F2_1,,,N2_2,L_3,M_1
82991,L1,L3,L2,L2,L3,L2,L1,L1,L2,C2_3,D2_2,F2_1,,,N2_2,L_3,M_2
82992,L1,L3,L2,L2,L3,L2,L1,L1,L2,C2_3,D2_2,F2_2,,,N2_1,L_1,M_1
82993,L1,L3,L2,L2,L3,L2,L1,L1,L2,C2_3,D2_2,F2_2,,,N2_1,L_1,M_2
82994,L1,L3,L2,L2,L3,L2,L1,L1,L2,C2_3,D2_2,F2_2,,,N2_1,L_2,M_1
82995,L1,L3,L2,L2,L3,L2,L1,L1,L2,C2_3,D2_2,F2_2,,,N2_1,L_2,M_2
82996,L1,L3,L2,L2,L3,L2,L1,L1,L2,C2_3,D2_2,F2_2,,,N2_1,L_3,M_1
82997,L1,L3,L2,L2,L3,L2,L1,L1,L2,C2_3,D2_2,F2_2,,,N2_1,L_3,M_2
82998,L1,L3,L2,L2,L3,L2,L1,L1,L2,C2_3,D2_2,F2_2,,,N2_2,L_1,M_1
82999,L1,L3,L2,L2,L3,L2,L1,L1,L2,C2_3,D2_2,F2_2,,,N2_2,L_1,M_2
83000,L1,L3,L2,L2,L3,L2,L1,L1,L2,C2_3,D2_2,F2_2,,,N2_2,L_2,M_1
83001,L1,L3,L2,L2,L3,L2,L1,L1,L2,C2_3,D2_2,F2_2,,,N2_2,L_2,M_2
83002,L1,L3,L2,L2,L3,L2,L1,L1,L2,C2_3,D2_2,F2_2,,,N2_2,L_3,M_1
83003,L1,L3,L2,L2,L3,L2,L1,L1,L2,C2_3,D2_2,F2_2,,,N2_2,L_3,M_2
83004,L1,L3,L2,L2,L3,L2,L1,L1,L2,C2_3,D2_2,F2_3,,,N2_1,L_1,M_1
83005,L1,L3,L2,L2,L3,L2,L1,L1,L2,C2_3,D2_2,F2_3,,,N2_1,L_1,M_2
83006,L1,L3,L2,L2,L3,L2,L1,L1,L2,C2_3,D2_2,F2_3,,,N2_1,L_2,M_1
83007,L1,L3,L2,L2,L3,L2,L1,L1,L2,C2_3,D2_2,F2_3,,,N2_1,L_2,M_2
83008,L1,L3,L2,L2,L3,L2,L1,L1,L2,C2_3,D2_2,F2_3,,,N2_1,L_3,M_1
83009,L1,L3,L2,L2,L3,L2,L1,L1,L2,C2_3,D2_2,F2_3,,,N2_1,L_3,M_2
83010,L1,L3,L2,L2,L3,L2,L1,L1,L2,C2_3,D2_2,F2_3,,,N2_2,L_1,M_1
83011,L1,L3,L2,L2,L3,L2,L1,L1,L2,C2_3,D2_2,F2_3,,,N2_2,L_1,M_2
83012,L1,L3,L2,L2,L3,L2,L1,L1,L2,C2_3,D2_2,F2_3,,,N2_2,L_2,M_1
83013,L1,L3,L2,L2,L3,L2,L1,L1,L2,C2_3,D2_2,F2_3,,,N2_2,L_2,M_2
83014,L1,L3,L2,L2,L3,L2,L1,L1,L2,C2_3,D2_2,F2_3,,,N2_2,L_3,M_1
83015,L1,L3,L2,L2,L3,L2,L1,L1,L2,C2_3,D2_2,F2_3,,,N2_2,L_3,M_2
83016,L1,L3,L2,L2,L3,L2,L1,L1,L2,C2_3,D2_3,F2_1,,,N2_1,L_1,M_1
83017,L1,L3,L2,L2,L3,L2,L1,L1,L2,C2_3,D2_3,F2_1,,,N2_1,L_1,M_2
83018,L1,L3,L2,L2,L3,L2,L1,L1,L2,C2_3,D2_3,F2_1,,,N2_1,L_2,M_1
83019,L1,L3,L2,L2,L3,L2,L1,L1,L2,C2_3,D2_3,F2_1,,,N2_1,L_2,M_2
83020,L1,L3,L2,L2,L3,L2,L1,L1,L2,C2_3,D2_3,F2_1,,,N2_1,L_3,M_1
83021,L1,L3,L2,L2,L3,L2,L1,L1,L2,C2_3,D2_3,F2_1,,,N2_1,L_3,M_2
83022,L1,L3,L2,L2,L3,L2,L1,L1,L2,C2_3,D2_3,F2_1,,,N2_2,L_1,M_1
83023,L1,L3,L2,L2,L3,L2,L1,L1,L2,C2_3,D2_3,F2_1,,,N2_2,L_1,M_2
83024,L1,L3,L2,L2,L3,L2,L1,L1,L2,C2_3,D2_3,F2_1,,,N2_2,L_2,M_1
83025,L1,L3,L2,L2,L3,L2,L1,L1,L2,C2_3,D2_3,F2_1,,,N2_2,L_2,M_2
83026,L1,L3,L2,L2,L3,L2,L1,L1,L2,C2_3,D2_3,F2_1,,,N2_2,L_3,M_1
83027,L1,L3,L2,L2,L3,L2,L1,L1,L2,C2_3,D2_3,F2_1,,,N2_2,L_3,M_2
83028,L1,L3,L2,L2,L3,L2,L1,L1,L2,C2_3,D2_3,F2_2,,,N2_1,L_1,M_1
83029,L1,L3,L2,L2,L3,L2,L1,L1,L2,C2_3,D2_3,F2_2,,,N2_1,L_1,M_2
83030,L1,L3,L2,L2,L3,L2,L1,L1,L2,C2_3,D2_3,F2_2,,,N2_1,L_2,M_1
83031,L1,L3,L2,L2,L3,L2,L1,L1,L2,C2_3,D2_3,F2_2,,,N2_1,L_2,M_2
83032,L1,L3,L2,L2,L3,L2,L1,L1,L2,C2_3,D2_3,F2_2,,,N2_1,L_3,M_1
83033,L1,L3,L2,L2,L3,L2,L1,L1,L2,C2_3,D2_3,F2_2,,,N2_1,L_3,M_2
83034,L1,L3,L2,L2,L3,L2,L1,L1,L2,C2_3,D2_3,F2_2,,,N2_2,L_1,M_1
83035,L1,L3,L2,L2,L3,L2,L1,L1,L2,C2_3,D2_3,F2_2,,,N2_2,L_1,M_2
83036,L1,L3,L2,L2,L3,L2,L1,L1,L2,C2_3,D2_3,F2_2,,,N2_2,L_2,M_1
83037,L1,L3,L2,L2,L3,L2,L1,L1,L2,C2_3,D2_3,F2_2,,,N2_2,L_2,M_2
83038,L1,L3,L2,L2,L3,L2,L1,L1,L2,C2_3,D2_3,F2_2,,,N2_2,L_3,M_1
83039,L1,L3,L2,L2,L3,L2,L1,L1,L2,C2_3,D2_3,F2_2,,,N2_2,L_3,M_2
83040,L1,L3,L2,L2,L3,L2,L1,L1,L2,C2_3,D2_3,F2_3,,,N2_1,L_1,M_1
83041,L1,L3,L2,L2,L3,L2,L1,L1,L2,C2_3,D2_3,F2_3,,,N2_1,L_1,M_2
83042,L1,L3,L2,L2,L3,L2,L1,L1,L2,C2_3,D2_3,F2_3,,,N2_1,L_2,M_1
83043,L1,L3,L2,L2,L3,L2,L1,L1,L2,C2_3,D2_3,F2_3,,,N2_1,L_2,M_2
83044,L1,L3,L2,L2,L3,L2,L1,L1,L2,C2_3,D2_3,F2_3,,,N2_1,L_3,M_1
83045,L1,L3,L2,L2,L3,L2,L1,L1,L2,C2_3,D2_3,F2_3,,,N2_1,L_3,M_2
83046,L1,L3,L2,L2,L3,L2,L1,L1,L2,C2_3,D2_3,F2_3,,,N2_2,L_1,M_1
83047,L1,L3,L2,L2,L3,L2,L1,L1,L2,C2_3,D2_3,F2_3,,,N2_2,L_1,M_2
83048,L1,L3,L2,L2,L3,L2,L1,L1,L2,C2_3,D2_3,F2_3,,,N2_2,L_2,M_1
83049,L1,L3,L2,L2,L3,L2,L1,L1,L2,C2_3,D2_3,F2_3,,,N2_2,L_2,M_2
83050,L1,L3,L2,L2,L3,L2,L1,L1,L2,C2_3,D2_3,F2_3,,,N2_2,L_3,M_1
83051,L1,L3,L2,L2,L3,L2,L1,L1,L2,C2_3,D2_3,F2_3,,,N2_2,L_3,M_2
92421,L1,L2,L2,L3,L2,L2,L1,L1,L2,C2_1,D2_1,F2_1,,,N2_1,L_1,M_1
92422,L1,L2,L2,L3,L2,L2,L1,L1,L2,C2_1,D2_1,F2_1,,,N2_1,L_1,M_2
92423,L1,L2,L2,L3,L2,L2,L1,L1,L2,C2_1,D2_1,F2_1,,,N2_1,L_2,M_1
92424,L1,L2,L2,L3,L2,L2,L1,L1,L2,C2_1,D2_1,F2_1,,,N2_1,L_2,M_2
92425,L1,L2,L2,L3,L2,L2,L1,L1,L2,C2_1,D2_1,F2_1,,,N2_1,L_3,M_1
92426,L1,L2,L2,L3,L2,L2,L1,L1,L2,C2_1,D2_1,F2_1,,,N2_1,L_3,M_2
92427,L1,L2,L2,L3,L2,L2,L1,L1,L2,C2_1,D2_1,F2_1,,,N2_2,L_1,M_1
92428,L1,L2,L2,L3,L2,L2,L1,L1,L2,C2_1,D2_1,F2_1,,,N2_2,L_1,M_2
92429,L1,L2,L2,L3,L2,L2,L1,L1,L2,C2_1,D2_1,F2_1,,,N2_2,L_2,M_1
92430,L1,L2,L2,L3,L2,L2,L1,L1,L2,C2_1,D2_1,F2_1,,,N2_2,L_2,M_2
92431,L1,L2,L2,L3,L2,L2,L1,L1,L2,C2_1,D2_1,F2_1,,,N2_2,L_3,M_1
92432,L1,L2,L2,L3,L2,L2,L1,L1,L2,C2_1,D2_1,F2_1,,,N2_2,L_3,M_2
92433,L1,L2,L2,L3,L2,L2,L1,L1,L2,C2_1,D2_1,F2_2,,,N2_1,L_1,M_1
92434,L1,L2,L2,L3,L2,L2,L1,L1,L2,C2_1,D2_1,F2_2,,,N2_1,L_1,M_2
92435,L1,L2,L2,L3,L2,L2,L1,L1,L2,C2_1,D2_1,F2_2,,,N2_1,L_2,M_1
92436,L1,L2,L2,L3,L2,L2,L1,L1,L2,C2_1,D2_1,F2_2,,,N2_1,L_2,M_2
92437,L1,L2,L2,L3,L2,L2,L1,L1,L2,C2_1,D2_1,F2_2,,,N2_1,L_3,M_1
92438,L1,L2,L2,L3,L2,L2,L1,L1,L2,C2_1,D2_1,F2_2,,,N2_1,L_3,M_2
92439,L1,L2,L2,L3,L2,L2,L1,L1,L2,C2_1,D2_1,F2_2,,,N2_2,L_1,M_1
92440,L1,L2,L2,L3,L2,L2,L1,L1,L2,C2_1,D2_1,F2_2,,,N2_2,L_1,M_2
92441,L1,L2,L2,L3,L2,L2,L1,L1,L2,C2_1,D2_1,F2_2,,,N2_2,L_2,M_1
92442,L1,L2,L2,L3,L2,L2,L1,L1,L2,C2_1,D2_1,F2_2,,,N2_2,L_2,M_2
92443,L1,L2,L2,L3,L2,L2,L1,L1,L2,C2_1,D2_1,F2_2,,,N2_2,L_3,M_1
92444,L1,L2,L2,L3,L2,L2,L1,L1,L2,C2_1,D2_1,F2_2,,,N2_2,L_3,M_2
92445,L1,L2,L2,L3,L2,L2,L1,L1,L2,C2_1,D2_1,F2_3,,,N2_1,L_1,M_1
92446,L1,L2,L2,L3,L2,L2,L1,L1,L2,C2_1,D2_1,F2_3,,,N2_1,L_1,M_2
92447,L1,L2,L2,L3,L2,L2,L1,L1,L2,C2_1,D2_1,F2_3,,,N2_1,L_2,M_1
92448,L1,L2,L2,L3,L2,L2,L1,L1,L2,C2_1,D2_1,F2_3,,,N2_1,L_2,M_2
92449,L1,L2,L2,L3,L2,L2,L1,L1,L2,C2_1,D2_1,F2_3,,,N2_1,L_3,M_1
92450,L1,L2,L2,L3,L2,L2,L1,L1,L2,C2_1,D2_1,F2_3,,,N2_1,L_3,M_2
92451,L1,L2,L2,L3,L2,L2,L1,L1,L2,C2_1,D2_1,F2_3,,,N2_2,L_1,M_1
92452,L1,L2,L2,L3,L2,L2,L1,L1,L2,C2_1,D2_1,F2_3,,,N2_2,L_1,M_2
92453,L1,L2,L2,L3,L2,L2,L1,L1,L2,C2_1,D2_1,F2_3,,,N2_2,L_2,M_1
92454,L1,L2,L2,L3,L2,L2,L1,L1,L2,C2_1,D2_1,F2_3,,,N2_2,L_2,M_2
92455,L1,L2,L2,L3,L2,L2,L1,L1,L2,C2_1,D2_1,F2_3,,,N2_2,L_3,M_1
92456,L1,L2,L2,L3,L2,L2,L1,L1,L2,C2_1,D2_1,F2_3,,,N2_2,L_3,M_2
92457,L1,L2,L2,L3,L2,L2,L1,L1,L2,C2_1,D2_2,F2_1,,,N2_1,L_1,M_1
92458,L1,L2,L2,L3,L2,L2,L1,L1,L2,C2_1,D2_2,F2_1,,,N2_1,L_1,M_2
92459,L1,L2,L2,L3,L2,L2,L1,L1,L2,C2_1,D2_2,F2_1,,,N2_1,L_2,M_1
92460,L1,L2,L2,L3,L2,L2,L1,L1,L2,C2_1,D2_2,F2_1,,,N2_1,L_2,M_2
92461,L1,L2,L2,L3,L2,L2,L1,L1,L2,C2_1,D2_2,F2_1,,,N2_1,L_3,M_1
92462,L1,L2,L2,L3,L2,L2,L1,L1,L2,C2_1,D2_2,F2_1,,,N2_1,L_3,M_2
92463,L1,L2,L2,L3,L2,L2,L1,L1,L2,C2_1,D2_2,F2_1,,,N2_2,L_1,M_1
92464,L1,L2,L2,L3,L2,L2,L1,L1,L2,C2_1,D2_2,F2_1,,,N2_2,L_1,M_2
92465,L1,L2,L2,L3,L2,L2,L1,L1,L2,C2_1,D2_2,F2_1,,,N2_2,L_2,M_1
92466,L1,L2,L2,L3,L2,L2,L1,L1,L2,C2_1,D2_2,F2_1,,,N2_2,L_2,M_2
92467,L1,L2,L2,L3,L2,L2,L1,L1,L2,C2_1,D2_2,F2_1,,,N2_2,L_3,M_1
92468,L1,L2,L2,L3,L2,L2,L1,L1,L2,C2_1,D2_2,F2_1,,,N2_2,L_3,M_2
92469,L1,L2,L2,L3,L2,L2,L1,L1,L2,C2_1,D2_2,F2_2,,,N2_1,L_1,M_1
92470,L1,L2,L2,L3,L2,L2,L1,L1,L2,C2_1,D2_2,F2_2,,,N2_1,L_1,M_2
92471,L1,L2,L2,L3,L2,L2,L1,L1,L2,C2_1,D2_2,F2_2,,,N2_1,L_2,M_1
92472,L1,L2,L2,L3,L2,L2,L1,L1,L2,C2_1,D2_2,F2_2,,,N2_1,L_2,M_2
92473,L1,L2,L2,L3,L2,L2,L1,L1,L2,C2_1,D2_2,F2_2,,,N2_1,L_3,M_1
92474,L1,L2,L2,L3,L2,L2,L1,L1,L2,C2_1,D2_2,F2_2,,,N2_1,L_3,M_2
92475,L1,L2,L2,L3,L2,L2,L1,L1,L2,C2_1,D2_2,F2_2,,,N2_2,L_1,M_1
92476,L1,L2,L2,L3,L2,L2,L1,L1,L2,C2_1,D2_2,F2_2,,,N2_2,L_1,M_2
92477,L1,L2,L2,L3,L2,L2,L1,L1,L2,C2_1,D2_2,F2_2,,,N2_2,L_2,M_1
92478,L1,L2,L2,L3,L2,L2,L1,L1,L2,C2_1,D2_2,F2_2,,,N2_2,L_2,M_2
92479,L1,L2,L2,L3,L2,L2,L1,L1,L2,C2_1,D2_2,F2_2,,,N2_2,L_3,M_1
92480,L1,L2,L2,L3,L2,L2,L1,L1,L2,C2_1,D2_2,F2_2,,,N2_2,L_3,M_2
92481,L1,L2,L2,L3,L2,L2,L1,L1,L2,C2_1,D2_2,F2_3,,,N2_1,L_1,M_1
92482,L1,L2,L2,L3,L2,L2,L1,L1,L2,C2_1,D2_2,F2_3,,,N2_1,L_1,M_2
92483,L1,L2,L2,L3,L2,L2,L1,L1,L2,C2_1,D2_2,F2_3,,,N2_1,L_2,M_1
92484,L1,L2,L2,L3,L2,L2,L1,L1,L2,C2_1,D2_2,F2_3,,,N2_1,L_2,M_2
92485,L1,L2,L2,L3,L2,L2,L1,L1,L2,C2_1,D2_2,F2_3,,,N2_1,L_3,M_1
92486,L1,L2,L2,L3,L2,L2,L1,L1,L2,C2_1,D2_2,F2_3,,,N2_1,L_3,M_2
92487,L1,L2,L2,L3,L2,L2,L1,L1,L2,C2_1,D2_2,F2_3,,,N2_2,L_1,M_1
92488,L1,L2,L2,L3,L2,L2,L1,L1,L2,C2_1,D2_2,F2_3,,,N2_2,L_1,M_2
92489,L1,L2,L2,L3,L2,L2,L1,L1,L2,C2_1,D2_2,F2_3,,,N2_2,L_2,M_1
92490,L1,L2,L2,L3,L2,L2,L1,L1,L2,C2_1,D2_2,F2_3,,,N2_2,L_2,M_2
92491,L1,L2,L2,L3,L2,L2,L1,L1,L2,C2_1,D2_2,F2_3,,,N2_2,L_3,M_1
92492,L1,L2,L2,L3,L2,L2,L1,L1,L2,C2_1,D2_2,F2_3,,,N2_2,L_3,M_2
92493,L1,L2,L2,L3,L2,L2,L1,L1,L2,C2_1,D2_3,F2_1,,,N2_1,L_1,M_1
92494,L1,L2,L2,L3,L2,L2,L1,L1,L2,C2_1,D2_3,F2_1,,,N2_1,L_1,M_2
92495,L1,L2,L2,L3,L2,L2,L1,L1,L2,C2_1,D2_3,F2_1,,,N2_1,L_2,M_1
92496,L1,L2,L2,L3,L2,L2,L1,L1,L2,C2_1,D2_3,F2_1,,,N2_1,L_2,M_2
92497,L1,L2,L2,L3,L2,L2,L1,L1,L2,C2_1,D2_3,F2_1,,,N2_1,L_3,M_1
92498,L1,L2,L2,L3,L2,L2,L1,L1,L2,C2_1,D2_3,F2_1,,,N2_1,L_3,M_2
92499,L1,L2,L2,L3,L2,L2,L1,L1,L2,C2_1,D2_3,F2_1,,,N2_2,L_1,M_1
92500,L1,L2,L2,L3,L2,L2,L1,L1,L2,C2_1,D2_3,F2_1,,,N2_2,L_1,M_2
92501,L1,L2,L2,L3,L2,L2,L1,L1,L2,C2_1,D2_3,F2_1,,,N2_2,L_2,M_1
92502,L1,L2,L2,L3,L2,L2,L1,L1,L2,C2_1,D2_3,F2_1,,,N2_2,L_2,M_2
92503,L1,L2,L2,L3,L2,L2,L1,L1,L2,C2_1,D2_3,F2_1,,,N2_2,L_3,M_1
92504,L1,L2,L2,L3,L2,L2,L1,L1,L2,C2_1,D2_3,F2_1,,,N2_2,L_3,M_2
92505,L1,L2,L2,L3,L2,L2,L1,L1,L2,C2_1,D2_3,F2_2,,,N2_1,L_1,M_1
92506,L1,L2,L2,L3,L2,L2,L1,L1,L2,C2_1,D2_3,F2_2,,,N2_1,L_1,M_2
92507,L1,L2,L2,L3,L2,L2,L1,L1,L2,C2_1,D2_3,F2_2,,,N2_1,L_2,M_1
92508,L1,L2,L2,L3,L2,L2,L1,L1,L2,C2_1,D2_3,F2_2,,,N2_1,L_2,M_2
92509,L1,L2,L2,L3,L2,L2,L1,L1,L2,C2_1,D2_3,F2_2,,,N2_1,L_3,M_1
92510,L1,L2,L2,L3,L2,L2,L1,L1,L2,C2_1,D2_3,F2_2,,,N2_1,L_3,M_2
92511,L1,L2,L2,L3,L2,L2,L1,L1,L2,C2_1,D2_3,F2_2,,,N2_2,L_1,M_1
92512,L1,L2,L2,L3,L2,L2,L1,L1,L2,C2_1,D2_3,F2_2,,,N2_2,L_1,M_2
92513,L1,L2,L2,L3,L2,L2,L1,L1,L2,C2_1,D2_3,F2_2,,,N2_2,L_2,M_1
92514,L1,L2,L2,L3,L2,L2,L1,L1,L2,C2_1,D2_3,F2_2,,,N2_2,L_2,M_2
92515,L1,L2,L2,L3,L2,L2,L1,L1,L2,C2_1,D2_3,F2_2,,,N2_2,L_3,M_1
92516,L1,L2,L2,L3,L2,L2,L1,L1,L2,C2_1,D2_3,F2_2,,,N2_2,L_3,M_2
92517,L1,L2,L2,L3,L2,L2,L1,L1,L2,C2_1,D2_3,F2_3,,,N2_1,L_1,M_1
92518,L1,L2,L2,L3,L2,L2,L1,L1,L2,C2_1,D2_3,F2_3,,,N2_1,L_1,M_2
92519,L1,L2,L2,L3,L2,L2,L1,L1,L2,C2_1,D2_3,F2_3,,,N2_1,L_2,M_1
92520,L1,L2,L2,L3,L2,L2,L1,L1,L2,C2_1,D2_3,F2_3,,,N2_1,L_2,M_2
92521,L1,L2,L2,L3,L2,L2,L1,L1,L2,C2_1,D2_3,F2_3,,,N2_1,L_3,M_1
92522,L1,L2,L2,L3,L2,L2,L1,L1,L2,C2_1,D2_3,F2_3,,,N2_1,L_3,M_2
92523,L1,L2,L2,L3,L2,L2,L1,L1,L2,C2_1,D2_3,F2_3,,,N2_2,L_1,M_1
92524,L1,L2,L2,L3,L2,L2,L1,L1,L2,C2_1,D2_3,F2_3,,,N2_2,L_1,M_2
92525,L1,L2,L2,L3,L2,L2,L1,L1,L2,C2_1,D2_3,F2_3,,,N2_2,L_2,M_1
92526,L1,L2,L2,L3,L2,L2,L1,L1,L2,C2_1,D2_3,F2_3,,,N2_2,L_2,M_2
92527,L1,L2,L2,L3,L2,L2,L1,L1,L2,C2_1,D2_3,F2_3,,,N2_2,L_3,M_1
92528,L1,L2,L2,L3,L2,L2,L1,L1,L2,C2_1,D2_3,F2_3,,,N2_2,L_3,M_2
92529,L1,L2,L2,L3,L2,L2,L1,L1,L2,C2_2,D2_1,F2_1,,,N2_1,L_1,M_1
92530,L1,L2,L2,L3,L2,L2,L1,L1,L2,C2_2,D2_1,F2_1,,,N2_1,L_1,M_2
92531,L1,L2,L2,L3,L2,L2,L1,L1,L2,C2_2,D2_1,F2_1,,,N2_1,L_2,M_1
92532,L1,L2,L2,L3,L2,L2,L1,L1,L2,C2_2,D2_1,F2_1,,,N2_1,L_2,M_2
92533,L1,L2,L2,L3,L2,L2,L1,L1,L2,C2_2,D2_1,F2_1,,,N2_1,L_3,M_1
92534,L1,L2,L2,L3,L2,L2,L1,L1,L2,C2_2,D2_1,F2_1,,,N2_1,L_3,M_2
92535,L1,L2,L2,L3,L2,L2,L1,L1,L2,C2_2,D2_1,F2_1,,,N2_2,L_1,M_1
92536,L1,L2,L2,L3,L2,L2,L1,L1,L2,C2_2,D2_1,F2_1,,,N2_2,L_1,M_2
92537,L1,L2,L2,L3,L2,L2,L1,L1,L2,C2_2,D2_1,F2_1,,,N2_2,L_2,M_1
92538,L1,L2,L2,L3,L2,L2,L1,L1,L2,C2_2,D2_1,F2_1,,,N2_2,L_2,M_2
92539,L1,L2,L2,L3,L2,L2,L1,L1,L2,C2_2,D2_1,F2_1,,,N2_2,L_3,M_1
92540,L1,L2,L2,L3,L2,L2,L1,L1,L2,C2_2,D2_1,F2_1,,,N2_2,L_3,M_2
92541,L1,L2,L2,L3,L2,L2,L1,L1,L2,C2_2,D2_1,F2_2,,,N2_1,L_1,M_1
92542,L1,L2,L2,L3,L2,L2,L1,L1,L2,C2_2,D2_1,F2_2,,,N2_1,L_1,M_2
92543,L1,L2,L2,L3,L2,L2,L1,L1,L2,C2_2,D2_1,F2_2,,,N2_1,L_2,M_1
92544,L1,L2,L2,L3,L2,L2,L1,L1,L2,C2_2,D2_1,F2_2,,,N2_1,L_2,M_2
92545,L1,L2,L2,L3,L2,L2,L1,L1,L2,C2_2,D2_1,F2_2,,,N2_1,L_3,M_1
92546,L1,L2,L2,L3,L2,L2,L1,L1,L2,C2_2,D2_1,F2_2,,,N2_1,L_3,M_2
92547,L1,L2,L2,L3,L2,L2,L1,L1,L2,C2_2,D2_1,F2_2,,,N2_2,L_1,M_1
92548,L1,L2,L2,L3,L2,L2,L1,L1,L2,C2_2,D2_1,F2_2,,,N2_2,L_1,M_2
92549,L1,L2,L2,L3,L2,L2,L1,L1,L2,C2_2,D2_1,F2_2,,,N2_2,L_2,M_1
92550,L1,L2,L2,L3,L2,L2,L1,L1,L2,C2_2,D2_1,F2_2,,,N2_2,L_2,M_2
92551,L1,L2,L2,L3,L2,L2,L1,L1,L2,C2_2,D2_1,F2_2,,,N2_2,L_3,M_1
92552,L1,L2,L2,L3,L2,L2,L1,L1,L2,C2_2,D2_1,F2_2,,,N2_2,L_3,M_2
92553,L1,L2,L2,L3,L2,L2,L1,L1,L2,C2_2,D2_1,F2_3,,,N2_1,L_1,M_1
92554,L1,L2,L2,L3,L2,L2,L1,L1,L2,C2_2,D2_1,F2_3,,,N2_1,L_1,M_2
92555,L1,L2,L2,L3,L2,L2,L1,L1,L2,C2_2,D2_1,F2_3,,,N2_1,L_2,M_1
92556,L1,L2,L2,L3,L2,L2,L1,L1,L2,C2_2,D2_1,F2_3,,,N2_1,L_2,M_2
92557,L1,L2,L2,L3,L2,L2,L1,L1,L2,C2_2,D2_1,F2_3,,,N2_1,L_3,M_1
92558,L1,L2,L2,L3,L2,L2,L1,L1,L2,C2_2,D2_1,F2_3,,,N2_1,L_3,M_2
92559,L1,L2,L2,L3,L2,L2,L1,L1,L2,C2_2,D2_1,F2_3,,,N2_2,L_1,M_1
92560,L1,L2,L2,L3,L2,L2,L1,L1,L2,C2_2,D2_1,F2_3,,,N2_2,L_1,M_2
92561,L1,L2,L2,L3,L2,L2,L1,L1,L2,C2_2,D2_1,F2_3,,,N2_2,L_2,M_1
92562,L1,L2,L2,L3,L2,L2,L1,L1,L2,C2_2,D2_1,F2_3,,,N2_2,L_2,M_2
92563,L1,L2,L2,L3,L2,L2,L1,L1,L2,C2_2,D2_1,F2_3,,,N2_2,L_3,M_1
92564,L1,L2,L2,L3,L2,L2,L1,L1,L2,C2_2,D2_1,F2_3,,,N2_2,L_3,M_2
92565,L1,L2,L2,L3,L2,L2,L1,L1,L2,C2_2,D2_2,F2_1,,,N2_1,L_1,M_1
92566,L1,L2,L2,L3,L2,L2,L1,L1,L2,C2_2,D2_2,F2_1,,,N2_1,L_1,M_2
92567,L1,L2,L2,L3,L2,L2,L1,L1,L2,C2_2,D2_2,F2_1,,,N2_1,L_2,M_1
92568,L1,L2,L2,L3,L2,L2,L1,L1,L2,C2_2,D2_2,F2_1,,,N2_1,L_2,M_2
92569,L1,L2,L2,L3,L2,L2,L1,L1,L2,C2_2,D2_2,F2_1,,,N2_1,L_3,M_1
92570,L1,L2,L2,L3,L2,L2,L1,L1,L2,C2_2,D2_2,F2_1,,,N2_1,L_3,M_2
92571,L1,L2,L2,L3,L2,L2,L1,L1,L2,C2_2,D2_2,F2_1,,,N2_2,L_1,M_1
92572,L1,L2,L2,L3,L2,L2,L1,L1,L2,C2_2,D2_2,F2_1,,,N2_2,L_1,M_2
92573,L1,L2,L2,L3,L2,L2,L1,L1,L2,C2_2,D2_2,F2_1,,,N2_2,L_2,M_1
92574,L1,L2,L2,L3,L2,L2,L1,L1,L2,C2_2,D2_2,F2_1,,,N2_2,L_2,M_2
92575,L1,L2,L2,L3,L2,L2,L1,L1,L2,C2_2,D2_2,F2_1,,,N2_2,L_3,M_1
92576,L1,L2,L2,L3,L2,L2,L1,L1,L2,C2_2,D2_2,F2_1,,,N2_2,L_3,M_2
92577,L1,L2,L2,L3,L2,L2,L1,L1,L2,C2_2,D2_2,F2_2,,,N2_1,L_1,M_1
92578,L1,L2,L2,L3,L2,L2,L1,L1,L2,C2_2,D2_2,F2_2,,,N2_1,L_1,M_2
92579,L1,L2,L2,L3,L2,L2,L1,L1,L2,C2_2,D2_2,F2_2,,,N2_1,L_2,M_1
92580,L1,L2,L2,L3,L2,L2,L1,L1,L2,C2_2,D2_2,F2_2,,,N2_1,L_2,M_2
92581,L1,L2,L2,L3,L2,L2,L1,L1,L2,C2_2,D2_2,F2_2,,,N2_1,L_3,M_1
92582,L1,L2,L2,L3,L2,L2,L1,L1,L2,C2_2,D2_2,F2_2,,,N2_1,L_3,M_2
92583,L1,L2,L2,L3,L2,L2,L1,L1,L2,C2_2,D2_2,F2_2,,,N2_2,L_1,M_1
92584,L1,L2,L2,L3,L2,L2,L1,L1,L2,C2_2,D2_2,F2_2,,,N2_2,L_1,M_2
92585,L1,L2,L2,L3,L2,L2,L1,L1,L2,C2_2,D2_2,F2_2,,,N2_2,L_2,M_1
92586,L1,L2,L2,L3,L2,L2,L1,L1,L2,C2_2,D2_2,F2_2,,,N2_2,L_2,M_2
92587,L1,L2,L2,L3,L2,L2,L1,L1,L2,C2_2,D2_2,F2_2,,,N2_2,L_3,M_1
92588,L1,L2,L2,L3,L2,L2,L1,L1,L2,C2_2,D2_2,F2_2,,,N2_2,L_3,M_2
92589,L1,L2,L2,L3,L2,L2,L1,L1,L2,C2_2,D2_2,F2_3,,,N2_1,L_1,M_1
92590,L1,L2,L2,L3,L2,L2,L1,L1,L2,C2_2,D2_2,F2_3,,,N2_1,L_1,M_2
92591,L1,L2,L2,L3,L2,L2,L1,L1,L2,C2_2,D2_2,F2_3,,,N2_1,L_2,M_1
92592,L1,L2,L2,L3,L2,L2,L1,L1,L2,C2_2,D2_2,F2_3,,,N2_1,L_2,M_2
92593,L1,L2,L2,L3,L2,L2,L1,L1,L2,C2_2,D2_2,F2_3,,,N2_1,L_3,M_1
92594,L1,L2,L2,L3,L2,L2,L1,L1,L2,C2_2,D2_2,F2_3,,,N2_1,L_3,M_2
92595,L1,L2,L2,L3,L2,L2,L1,L1,L2,C2_2,D2_2,F2_3,,,N2_2,L_1,M_1
92596,L1,L2,L2,L3,L2,L2,L1,L1,L2,C2_2,D2_2,F2_3,,,N2_2,L_1,M_2
92597,L1,L2,L2,L3,L2,L2,L1,L1,L2,C2_2,D2_2,F2_3,,,N2_2,L_2,M_1
92598,L1,L2,L2,L3,L2,L2,L1,L1,L2,C2_2,D2_2,F2_3,,,N2_2,L_2,M_2
92599,L1,L2,L2,L3,L2,L2,L1,L1,L2,C2_2,D2_2,F2_3,,,N2_2,L_3,M_1
92600,L1,L2,L2,L3,L2,L2,L1,L1,L2,C2_2,D2_2,F2_3,,,N2_2,L_3,M_2
92601,L1,L2,L2,L3,L2,L2,L1,L1,L2,C2_2,D2_3,F2_1,,,N2_1,L_1,M_1
92602,L1,L2,L2,L3,L2,L2,L1,L1,L2,C2_2,D2_3,F2_1,,,N2_1,L_1,M_2
92603,L1,L2,L2,L3,L2,L2,L1,L1,L2,C2_2,D2_3,F2_1,,,N2_1,L_2,M_1
92604,L1,L2,L2,L3,L2,L2,L1,L1,L2,C2_2,D2_3,F2_1,,,N2_1,L_2,M_2
92605,L1,L2,L2,L3,L2,L2,L1,L1,L2,C2_2,D2_3,F2_1,,,N2_1,L_3,M_1
92606,L1,L2,L2,L3,L2,L2,L1,L1,L2,C2_2,D2_3,F2_1,,,N2_1,L_3,M_2
92607,L1,L2,L2,L3,L2,L2,L1,L1,L2,C2_2,D2_3,F2_1,,,N2_2,L_1,M_1
92608,L1,L2,L2,L3,L2,L2,L1,L1,L2,C2_2,D2_3,F2_1,,,N2_2,L_1,M_2
92609,L1,L2,L2,L3,L2,L2,L1,L1,L2,C2_2,D2_3,F2_1,,,N2_2,L_2,M_1
92610,L1,L2,L2,L3,L2,L2,L1,L1,L2,C2_2,D2_3,F2_1,,,N2_2,L_2,M_2
92611,L1,L2,L2,L3,L2,L2,L1,L1,L2,C2_2,D2_3,F2_1,,,N2_2,L_3,M_1
92612,L1,L2,L2,L3,L2,L2,L1,L1,L2,C2_2,D2_3,F2_1,,,N2_2,L_3,M_2
92613,L1,L2,L2,L3,L2,L2,L1,L1,L2,C2_2,D2_3,F2_2,,,N2_1,L_1,M_1
92614,L1,L2,L2,L3,L2,L2,L1,L1,L2,C2_2,D2_3,F2_2,,,N2_1,L_1,M_2
92615,L1,L2,L2,L3,L2,L2,L1,L1,L2,C2_2,D2_3,F2_2,,,N2_1,L_2,M_1
92616,L1,L2,L2,L3,L2,L2,L1,L1,L2,C2_2,D2_3,F2_2,,,N2_1,L_2,M_2
92617,L1,L2,L2,L3,L2,L2,L1,L1,L2,C2_2,D2_3,F2_2,,,N2_1,L_3,M_1
92618,L1,L2,L2,L3,L2,L2,L1,L1,L2,C2_2,D2_3,F2_2,,,N2_1,L_3,M_2
92619,L1,L2,L2,L3,L2,L2,L1,L1,L2,C2_2,D2_3,F2_2,,,N2_2,L_1,M_1
92620,L1,L2,L2,L3,L2,L2,L1,L1,L2,C2_2,D2_3,F2_2,,,N2_2,L_1,M_2
92621,L1,L2,L2,L3,L2,L2,L1,L1,L2,C2_2,D2_3,F2_2,,,N2_2,L_2,M_1
92622,L1,L2,L2,L3,L2,L2,L1,L1,L2,C2_2,D2_3,F2_2,,,N2_2,L_2,M_2
92623,L1,L2,L2,L3,L2,L2,L1,L1,L2,C2_2,D2_3,F2_2,,,N2_2,L_3,M_1
92624,L1,L2,L2,L3,L2,L2,L1,L1,L2,C2_2,D2_3,F2_2,,,N2_2,L_3,M_2
92625,L1,L2,L2,L3,L2,L2,L1,L1,L2,C2_2,D2_3,F2_3,,,N2_1,L_1,M_1
92626,L1,L2,L2,L3,L2,L2,L1,L1,L2,C2_2,D2_3,F2_3,,,N2_1,L_1,M_2
92627,L1,L2,L2,L3,L2,L2,L1,L1,L2,C2_2,D2_3,F2_3,,,N2_1,L_2,M_1
92628,L1,L2,L2,L3,L2,L2,L1,L1,L2,C2_2,D2_3,F2_3,,,N2_1,L_2,M_2
92629,L1,L2,L2,L3,L2,L2,L1,L1,L2,C2_2,D2_3,F2_3,,,N2_1,L_3,M_1
92630,L1,L2,L2,L3,L2,L2,L1,L1,L2,C2_2,D2_3,F2_3,,,N2_1,L_3,M_2
92631,L1,L2,L2,L3,L2,L2,L1,L1,L2,C2_2,D2_3,F2_3,,,N2_2,L_1,M_1
92632,L1,L2,L2,L3,L2,L2,L1,L1,L2,C2_2,D2_3,F2_3,,,N2_2,L_1,M_2
92633,L1,L2,L2,L3,L2,L2,L1,L1,L2,C2_2,D2_3,F2_3,,,N2_2,L_2,M_1
92634,L1,L2,L2,L3,L2,L2,L1,L1,L2,C2_2,D2_3,F2_3,,,N2_2,L_2,M_2
92635,L1,L2,L2,L3,L2,L2,L1,L1,L2,C2_2,D2_3,F2_3,,,N2_2,L_3,M_1
92636,L1,L2,L2,L3,L2,L2,L1,L1,L2,C2_2,D2_3,F2_3,,,N2_2,L_3,M_2
92637,L1,L2,L2,L3,L2,L2,L1,L1,L2,C2_3,D2_1,F2_1,,,N2_1,L_1,M_1
92638,L1,L2,L2,L3,L2,L2,L1,L1,L2,C2_3,D2_1,F2_1,,,N2_1,L_1,M_2
92639,L1,L2,L2,L3,L2,L2,L1,L1,L2,C2_3,D2_1,F2_1,,,N2_1,L_2,M_1
92640,L1,L2,L2,L3,L2,L2,L1,L1,L2,C2_3,D2_1,F2_1,,,N2_1,L_2,M_2
92641,L1,L2,L2,L3,L2,L2,L1,L1,L2,C2_3,D2_1,F2_1,,,N2_1,L_3,M_1
92642,L1,L2,L2,L3,L2,L2,L1,L1,L2,C2_3,D2_1,F2_1,,,N2_1,L_3,M_2
92643,L1,L2,L2,L3,L2,L2,L1,L1,L2,C2_3,D2_1,F2_1,,,N2_2,L_1,M_1
92644,L1,L2,L2,L3,L2,L2,L1,L1,L2,C2_3,D2_1,F2_1,,,N2_2,L_1,M_2
92645,L1,L2,L2,L3,L2,L2,L1,L1,L2,C2_3,D2_1,F2_1,,,N2_2,L_2,M_1
92646,L1,L2,L2,L3,L2,L2,L1,L1,L2,C2_3,D2_1,F2_1,,,N2_2,L_2,M_2
92647,L1,L2,L2,L3,L2,L2,L1,L1,L2,C2_3,D2_1,F2_1,,,N2_2,L_3,M_1
92648,L1,L2,L2,L3,L2,L2,L1,L1,L2,C2_3,D2_1,F2_1,,,N2_2,L_3,M_2
92649,L1,L2,L2,L3,L2,L2,L1,L1,L2,C2_3,D2_1,F2_2,,,N2_1,L_1,M_1
92650,L1,L2,L2,L3,L2,L2,L1,L1,L2,C2_3,D2_1,F2_2,,,N2_1,L_1,M_2
92651,L1,L2,L2,L3,L2,L2,L1,L1,L2,C2_3,D2_1,F2_2,,,N2_1,L_2,M_1
92652,L1,L2,L2,L3,L2,L2,L1,L1,L2,C2_3,D2_1,F2_2,,,N2_1,L_2,M_2
92653,L1,L2,L2,L3,L2,L2,L1,L1,L2,C2_3,D2_1,F2_2,,,N2_1,L_3,M_1
92654,L1,L2,L2,L3,L2,L2,L1,L1,L2,C2_3,D2_1,F2_2,,,N2_1,L_3,M_2
92655,L1,L2,L2,L3,L2,L2,L1,L1,L2,C2_3,D2_1,F2_2,,,N2_2,L_1,M_1
92656,L1,L2,L2,L3,L2,L2,L1,L1,L2,C2_3,D2_1,F2_2,,,N2_2,L_1,M_2
92657,L1,L2,L2,L3,L2,L2,L1,L1,L2,C2_3,D2_1,F2_2,,,N2_2,L_2,M_1
92658,L1,L2,L2,L3,L2,L2,L1,L1,L2,C2_3,D2_1,F2_2,,,N2_2,L_2,M_2
92659,L1,L2,L2,L3,L2,L2,L1,L1,L2,C2_3,D2_1,F2_2,,,N2_2,L_3,M_1
92660,L1,L2,L2,L3,L2,L2,L1,L1,L2,C2_3,D2_1,F2_2,,,N2_2,L_3,M_2
92661,L1,L2,L2,L3,L2,L2,L1,L1,L2,C2_3,D2_1,F2_3,,,N2_1,L_1,M_1
92662,L1,L2,L2,L3,L2,L2,L1,L1,L2,C2_3,D2_1,F2_3,,,N2_1,L_1,M_2
92663,L1,L2,L2,L3,L2,L2,L1,L1,L2,C2_3,D2_1,F2_3,,,N2_1,L_2,M_1
92664,L1,L2,L2,L3,L2,L2,L1,L1,L2,C2_3,D2_1,F2_3,,,N2_1,L_2,M_2
92665,L1,L2,L2,L3,L2,L2,L1,L1,L2,C2_3,D2_1,F2_3,,,N2_1,L_3,M_1
92666,L1,L2,L2,L3,L2,L2,L1,L1,L2,C2_3,D2_1,F2_3,,,N2_1,L_3,M_2
92667,L1,L2,L2,L3,L2,L2,L1,L1,L2,C2_3,D2_1,F2_3,,,N2_2,L_1,M_1
92668,L1,L2,L2,L3,L2,L2,L1,L1,L2,C2_3,D2_1,F2_3,,,N2_2,L_1,M_2
92669,L1,L2,L2,L3,L2,L2,L1,L1,L2,C2_3,D2_1,F2_3,,,N2_2,L_2,M_1
92670,L1,L2,L2,L3,L2,L2,L1,L1,L2,C2_3,D2_1,F2_3,,,N2_2,L_2,M_2
92671,L1,L2,L2,L3,L2,L2,L1,L1,L2,C2_3,D2_1,F2_3,,,N2_2,L_3,M_1
92672,L1,L2,L2,L3,L2,L2,L1,L1,L2,C2_3,D2_1,F2_3,,,N2_2,L_3,M_2
92673,L1,L2,L2,L3,L2,L2,L1,L1,L2,C2_3,D2_2,F2_1,,,N2_1,L_1,M_1
92674,L1,L2,L2,L3,L2,L2,L1,L1,L2,C2_3,D2_2,F2_1,,,N2_1,L_1,M_2
92675,L1,L2,L2,L3,L2,L2,L1,L1,L2,C2_3,D2_2,F2_1,,,N2_1,L_2,M_1
92676,L1,L2,L2,L3,L2,L2,L1,L1,L2,C2_3,D2_2,F2_1,,,N2_1,L_2,M_2
92677,L1,L2,L2,L3,L2,L2,L1,L1,L2,C2_3,D2_2,F2_1,,,N2_1,L_3,M_1
92678,L1,L2,L2,L3,L2,L2,L1,L1,L2,C2_3,D2_2,F2_1,,,N2_1,L_3,M_2
92679,L1,L2,L2,L3,L2,L2,L1,L1,L2,C2_3,D2_2,F2_1,,,N2_2,L_1,M_1
92680,L1,L2,L2,L3,L2,L2,L1,L1,L2,C2_3,D2_2,F2_1,,,N2_2,L_1,M_2
92681,L1,L2,L2,L3,L2,L2,L1,L1,L2,C2_3,D2_2,F2_1,,,N2_2,L_2,M_1
92682,L1,L2,L2,L3,L2,L2,L1,L1,L2,C2_3,D2_2,F2_1,,,N2_2,L_2,M_2
92683,L1,L2,L2,L3,L2,L2,L1,L1,L2,C2_3,D2_2,F2_1,,,N2_2,L_3,M_1
92684,L1,L2,L2,L3,L2,L2,L1,L1,L2,C2_3,D2_2,F2_1,,,N2_2,L_3,M_2
92685,L1,L2,L2,L3,L2,L2,L1,L1,L2,C2_3,D2_2,F2_2,,,N2_1,L_1,M_1
92686,L1,L2,L2,L3,L2,L2,L1,L1,L2,C2_3,D2_2,F2_2,,,N2_1,L_1,M_2
92687,L1,L2,L2,L3,L2,L2,L1,L1,L2,C2_3,D2_2,F2_2,,,N2_1,L_2,M_1
92688,L1,L2,L2,L3,L2,L2,L1,L1,L2,C2_3,D2_2,F2_2,,,N2_1,L_2,M_2
92689,L1,L2,L2,L3,L2,L2,L1,L1,L2,C2_3,D2_2,F2_2,,,N2_1,L_3,M_1
92690,L1,L2,L2,L3,L2,L2,L1,L1,L2,C2_3,D2_2,F2_2,,,N2_1,L_3,M_2
92691,L1,L2,L2,L3,L2,L2,L1,L1,L2,C2_3,D2_2,F2_2,,,N2_2,L_1,M_1
92692,L1,L2,L2,L3,L2,L2,L1,L1,L2,C2_3,D2_2,F2_2,,,N2_2,L_1,M_2
92693,L1,L2,L2,L3,L2,L2,L1,L1,L2,C2_3,D2_2,F2_2,,,N2_2,L_2,M_1
92694,L1,L2,L2,L3,L2,L2,L1,L1,L2,C2_3,D2_2,F2_2,,,N2_2,L_2,M_2
92695,L1,L2,L2,L3,L2,L2,L1,L1,L2,C2_3,D2_2,F2_2,,,N2_2,L_3,M_1
92696,L1,L2,L2,L3,L2,L2,L1,L1,L2,C2_3,D2_2,F2_2,,,N2_2,L_3,M_2
92697,L1,L2,L2,L3,L2,L2,L1,L1,L2,C2_3,D2_2,F2_3,,,N2_1,L_1,M_1
92698,L1,L2,L2,L3,L2,L2,L1,L1,L2,C2_3,D2_2,F2_3,,,N2_1,L_1,M_2
92699,L1,L2,L2,L3,L2,L2,L1,L1,L2,C2_3,D2_2,F2_3,,,N2_1,L_2,M_1
92700,L1,L2,L2,L3,L2,L2,L1,L1,L2,C2_3,D2_2,F2_3,,,N2_1,L_2,M_2
92701,L1,L2,L2,L3,L2,L2,L1,L1,L2,C2_3,D2_2,F2_3,,,N2_1,L_3,M_1
92702,L1,L2,L2,L3,L2,L2,L1,L1,L2,C2_3,D2_2,F2_3,,,N2_1,L_3,M_2
92703,L1,L2,L2,L3,L2,L2,L1,L1,L2,C2_3,D2_2,F2_3,,,N2_2,L_1,M_1
92704,L1,L2,L2,L3,L2,L2,L1,L1,L2,C2_3,D2_2,F2_3,,,N2_2,L_1,M_2
92705,L1,L2,L2,L3,L2,L2,L1,L1,L2,C2_3,D2_2,F2_3,,,N2_2,L_2,M_1
92706,L1,L2,L2,L3,L2,L2,L1,L1,L2,C2_3,D2_2,F2_3,,,N2_2,L_2,M_2
92707,L1,L2,L2,L3,L2,L2,L1,L1,L2,C2_3,D2_2,F2_3,,,N2_2,L_3,M_1
92708,L1,L2,L2,L3,L2,L2,L1,L1,L2,C2_3,D2_2,F2_3,,,N2_2,L_3,M_2
92709,L1,L2,L2,L3,L2,L2,L1,L1,L2,C2_3,D2_3,F2_1,,,N2_1,L_1,M_1
92710,L1,L2,L2,L3,L2,L2,L1,L1,L2,C2_3,D2_3,F2_1,,,N2_1,L_1,M_2
92711,L1,L2,L2,L3,L2,L2,L1,L1,L2,C2_3,D2_3,F2_1,,,N2_1,L_2,M_1
92712,L1,L2,L2,L3,L2,L2,L1,L1,L2,C2_3,D2_3,F2_1,,,N2_1,L_2,M_2
92713,L1,L2,L2,L3,L2,L2,L1,L1,L2,C2_3,D2_3,F2_1,,,N2_1,L_3,M_1
92714,L1,L2,L2,L3,L2,L2,L1,L1,L2,C2_3,D2_3,F2_1,,,N2_1,L_3,M_2
92715,L1,L2,L2,L3,L2,L2,L1,L1,L2,C2_3,D2_3,F2_1,,,N2_2,L_1,M_1
92716,L1,L2,L2,L3,L2,L2,L1,L1,L2,C2_3,D2_3,F2_1,,,N2_2,L_1,M_2
92717,L1,L2,L2,L3,L2,L2,L1,L1,L2,C2_3,D2_3,F2_1,,,N2_2,L_2,M_1
92718,L1,L2,L2,L3,L2,L2,L1,L1,L2,C2_3,D2_3,F2_1,,,N2_2,L_2,M_2
92719,L1,L2,L2,L3,L2,L2,L1,L1,L2,C2_3,D2_3,F2_1,,,N2_2,L_3,M_1
92720,L1,L2,L2,L3,L2,L2,L1,L1,L2,C2_3,D2_3,F2_1,,,N2_2,L_3,M_2
92721,L1,L2,L2,L3,L2,L2,L1,L1,L2,C2_3,D2_3,F2_2,,,N2_1,L_1,M_1
92722,L1,L2,L2,L3,L2,L2,L1,L1,L2,C2_3,D2_3,F2_2,,,N2_1,L_1,M_2
92723,L1,L2,L2,L3,L2,L2,L1,L1,L2,C2_3,D2_3,F2_2,,,N2_1,L_2,M_1
92724,L1,L2,L2,L3,L2,L2,L1,L1,L2,C2_3,D2_3,F2_2,,,N2_1,L_2,M_2
92725,L1,L2,L2,L3,L2,L2,L1,L1,L2,C2_3,D2_3,F2_2,,,N2_1,L_3,M_1
92726,L1,L2,L2,L3,L2,L2,L1,L1,L2,C2_3,D2_3,F2_2,,,N2_1,L_3,M_2
92727,L1,L2,L2,L3,L2,L2,L1,L1,L2,C2_3,D2_3,F2_2,,,N2_2,L_1,M_1
92728,L1,L2,L2,L3,L2,L2,L1,L1,L2,C2_3,D2_3,F2_2,,,N2_2,L_1,M_2
92729,L1,L2,L2,L3,L2,L2,L1,L1,L2,C2_3,D2_3,F2_2,,,N2_2,L_2,M_1
92730,L1,L2,L2,L3,L2,L2,L1,L1,L2,C2_3,D2_3,F2_2,,,N2_2,L_2,M_2
92731,L1,L2,L2,L3,L2,L2,L1,L1,L2,C2_3,D2_3,F2_2,,,N2_2,L_3,M_1
92732,L1,L2,L2,L3,L2,L2,L1,L1,L2,C2_3,D2_3,F2_2,,,N2_2,L_3,M_2
92733,L1,L2,L2,L3,L2,L2,L1,L1,L2,C2_3,D2_3,F2_3,,,N2_1,L_1,M_1
92734,L1,L2,L2,L3,L2,L2,L1,L1,L2,C2_3,D2_3,F2_3,,,N2_1,L_1,M_2
92735,L1,L2,L2,L3,L2,L2,L1,L1,L2,C2_3,D2_3,F2_3,,,N2_1,L_2,M_1
92736,L1,L2,L2,L3,L2,L2,L1,L1,L2,C2_3,D2_3,F2_3,,,N2_1,L_2,M_2
92737,L1,L2,L2,L3,L2,L2,L1,L1,L2,C2_3,D2_3,F2_3,,,N2_1,L_3,M_1
92738,L1,L2,L2,L3,L2,L2,L1,L1,L2,C2_3,D2_3,F2_3,,,N2_1,L_3,M_2
92739,L1,L2,L2,L3,L2,L2,L1,L1,L2,C2_3,D2_3,F2_3,,,N2_2,L_1,M_1
92740,L1,L2,L2,L3,L2,L2,L1,L1,L2,C2_3,D2_3,F2_3,,,N2_2,L_1,M_2
92741,L1,L2,L2,L3,L2,L2,L1,L1,L2,C2_3,D2_3,F2_3,,,N2_2,L_2,M_1
92742,L1,L2,L2,L3,L2,L2,L1,L1,L2,C2_3,D2_3,F2_3,,,N2_2,L_2,M_2
92743,L1,L2,L2,L3,L2,L2,L1,L1,L2,C2_3,D2_3,F2_3,,,N2_2,L_3,M_1
92744,L1,L2,L2,L3,L2,L2,L1,L1,L2,C2_3,D2_3,F2_3,,,N2_2,L_3,M_2
159975,L1,L3,L3,L3,L2,L2,L1,L1,L2,C2_1,D2_1,F2_1,,,N2_1,L_1,M_1
159976,L1,L3,L3,L3,L2,L2,L1,L1,L2,C2_1,D2_1,F2_1,,,N2_1,L_1,M_2
159977,L1,L3,L3,L3,L2,L2,L1,L1,L2,C2_1,D2_1,F2_1,,,N2_1,L_2,M_1
159978,L1,L3,L3,L3,L2,L2,L1,L1,L2,C2_1,D2_1,F2_1,,,N2_1,L_2,M_2
159979,L1,L3,L3,L3,L2,L2,L1,L1,L2,C2_1,D2_1,F2_1,,,N2_1,L_3,M_1
159980,L1,L3,L3,L3,L2,L2,L1,L1,L2,C2_1,D2_1,F2_1,,,N2_1,L_3,M_2
159981,L1,L3,L3,L3,L2,L2,L1,L1,L2,C2_1,D2_1,F2_1,,,N2_2,L_1,M_1
159982,L1,L3,L3,L3,L2,L2,L1,L1,L2,C2_1,D2_1,F2_1,,,N2_2,L_1,M_2
159983,L1,L3,L3,L3,L2,L2,L1,L1,L2,C2_1,D2_1,F2_1,,,N2_2,L_2,M_1
159984,L1,L3,L3,L3,L2,L2,L1,L1,L2,C2_1,D2_1,F2_1,,,N2_2,L_2,M_2
159985,L1,L3,L3,L3,L2,L2,L1,L1,L2,C2_1,D2_1,F2_1,,,N2_2,L_3,M_1
159986,L1,L3,L3,L3,L2,L2,L1,L1,L2,C2_1,D2_1,F2_1,,,N2_2,L_3,M_2
159987,L1,L3,L3,L3,L2,L2,L1,L1,L2,C2_1,D2_1,F2_2,,,N2_1,L_1,M_1
159988,L1,L3,L3,L3,L2,L2,L1,L1,L2,C2_1,D2_1,F2_2,,,N2_1,L_1,M_2
159989,L1,L3,L3,L3,L2,L2,L1,L1,L2,C2_1,D2_1,F2_2,,,N2_1,L_2,M_1
159990,L1,L3,L3,L3,L2,L2,L1,L1,L2,C2_1,D2_1,F2_2,,,N2_1,L_2,M_2
159991,L1,L3,L3,L3,L2,L2,L1,L1,L2,C2_1,D2_1,F2_2,,,N2_1,L_3,M_1
159992,L1,L3,L3,L3,L2,L2,L1,L1,L2,C2_1,D2_1,F2_2,,,N2_1,L_3,M_2
159993,L1,L3,L3,L3,L2,L2,L1,L1,L2,C2_1,D2_1,F2_2,,,N2_2,L_1,M_1
159994,L1,L3,L3,L3,L2,L2,L1,L1,L2,C2_1,D2_1,F2_2,,,N2_2,L_1,M_2
159995,L1,L3,L3,L3,L2,L2,L1,L1,L2,C2_1,D2_1,F2_2,,,N2_2,L_2,M_1
159996,L1,L3,L3,L3,L2,L2,L1,L1,L2,C2_1,D2_1,F2_2,,,N2_2,L_2,M_2
159997,L1,L3,L3,L3,L2,L2,L1,L1,L2,C2_1,D2_1,F2_2,,,N2_2,L_3,M_1
159998,L1,L3,L3,L3,L2,L2,L1,L1,L2,C2_1,D2_1,F2_2,,,N2_2,L_3,M_2
159999,L1,L3,L3,L3,L2,L2,L1,L1,L2,C2_1,D2_1,F2_3,,,N2_1,L_1,M_1
160000,L1,L3,L3,L3,L2,L2,L1,L1,L2,C2_1,D2_1,F2_3,,,N2_1,L_1,M_2
160001,L1,L3,L3,L3,L2,L2,L1,L1,L2,C2_1,D2_1,F2_3,,,N2_1,L_2,M_1
160002,L1,L3,L3,L3,L2,L2,L1,L1,L2,C2_1,D2_1,F2_3,,,N2_1,L_2,M_2
160003,L1,L3,L3,L3,L2,L2,L1,L1,L2,C2_1,D2_1,F2_3,,,N2_1,L_3,M_1
160004,L1,L3,L3,L3,L2,L2,L1,L1,L2,C2_1,D2_1,F2_3,,,N2_1,L_3,M_2
160005,L1,L3,L3,L3,L2,L2,L1,L1,L2,C2_1,D2_1,F2_3,,,N2_2,L_1,M_1
160006,L1,L3,L3,L3,L2,L2,L1,L1,L2,C2_1,D2_1,F2_3,,,N2_2,L_1,M_2
160007,L1,L3,L3,L3,L2,L2,L1,L1,L2,C2_1,D2_1,F2_3,,,N2_2,L_2,M_1
160008,L1,L3,L3,L3,L2,L2,L1,L1,L2,C2_1,D2_1,F2_3,,,N2_2,L_2,M_2
160009,L1,L3,L3,L3,L2,L2,L1,L1,L2,C2_1,D2_1,F2_3,,,N2_2,L_3,M_1
160010,L1,L3,L3,L3,L2,L2,L1,L1,L2,C2_1,D2_1,F2_3,,,N2_2,L_3,M_2
160011,L1,L3,L3,L3,L2,L2,L1,L1,L2,C2_1,D2_2,F2_1,,,N2_1,L_1,M_1
160012,L1,L3,L3,L3,L2,L2,L1,L1,L2,C2_1,D2_2,F2_1,,,N2_1,L_1,M_2
160013,L1,L3,L3,L3,L2,L2,L1,L1,L2,C2_1,D2_2,F2_1,,,N2_1,L_2,M_1
160014,L1,L3,L3,L3,L2,L2,L1,L1,L2,C2_1,D2_2,F2_1,,,N2_1,L_2,M_2
160015,L1,L3,L3,L3,L2,L2,L1,L1,L2,C2_1,D2_2,F2_1,,,N2_1,L_3,M_1
160016,L1,L3,L3,L3,L2,L2,L1,L1,L2,C2_1,D2_2,F2_1,,,N2_1,L_3,M_2
160017,L1,L3,L3,L3,L2,L2,L1,L1,L2,C2_1,D2_2,F2_1,,,N2_2,L_1,M_1
160018,L1,L3,L3,L3,L2,L2,L1,L1,L2,C2_1,D2_2,F2_1,,,N2_2,L_1,M_2
160019,L1,L3,L3,L3,L2,L2,L1,L1,L2,C2_1,D2_2,F2_1,,,N2_2,L_2,M_1
160020,L1,L3,L3,L3,L2,L2,L1,L1,L2,C2_1,D2_2,F2_1,,,N2_2,L_2,M_2
160021,L1,L3,L3,L3,L2,L2,L1,L1,L2,C2_1,D2_2,F2_1,,,N2_2,L_3,M_1
160022,L1,L3,L3,L3,L2,L2,L1,L1,L2,C2_1,D2_2,F2_1,,,N2_2,L_3,M_2
160023,L1,L3,L3,L3,L2,L2,L1,L1,L2,C2_1,D2_2,F2_2,,,N2_1,L_1,M_1
160024,L1,L3,L3,L3,L2,L2,L1,L1,L2,C2_1,D2_2,F2_2,,,N2_1,L_1,M_2
160025,L1,L3,L3,L3,L2,L2,L1,L1,L2,C2_1,D2_2,F2_2,,,N2_1,L_2,M_1
160026,L1,L3,L3,L3,L2,L2,L1,L1,L2,C2_1,D2_2,F2_2,,,N2_1,L_2,M_2
160027,L1,L3,L3,L3,L2,L2,L1,L1,L2,C2_1,D2_2,F2_2,,,N2_1,L_3,M_1
160028,L1,L3,L3,L3,L2,L2,L1,L1,L2,C2_1,D2_2,F2_2,,,N2_1,L_3,M_2
160029,L1,L3,L3,L3,L2,L2,L1,L1,L2,C2_1,D2_2,F2_2,,,N2_2,L_1,M_1
160030,L1,L3,L3,L3,L2,L2,L1,L1,L2,C2_1,D2_2,F2_2,,,N2_2,L_1,M_2
160031,L1,L3,L3,L3,L2,L2,L1,L1,L2,C2_1,D2_2,F2_2,,,N2_2,L_2,M_1
160032,L1,L3,L3,L3,L2,L2,L1,L1,L2,C2_1,D2_2,F2_2,,,N2_2,L_2,M_2
160033,L1,L3,L3,L3,L2,L2,L1,L1,L2,C2_1,D2_2,F2_2,,,N2_2,L_3,M_1
160034,L1,L3,L3,L3,L2,L2,L1,L1,L2,C2_1,D2_2,F2_2,,,N2_2,L_3,M_2
160035,L1,L3,L3,L3,L2,L2,L1,L1,L2,C2_1,D2_2,F2_3,,,N2_1,L_1,M_1
160036,L1,L3,L3,L3,L2,L2,L1,L1,L2,C2_1,D2_2,F2_3,,,N2_1,L_1,M_2
160037,L1,L3,L3,L3,L2,L2,L1,L1,L2,C2_1,D2_2,F2_3,,,N2_1,L_2,M_1
160038,L1,L3,L3,L3,L2,L2,L1,L1,L2,C2_1,D2_2,F2_3,,,N2_1,L_2,M_2
160039,L1,L3,L3,L3,L2,L2,L1,L1,L2,C2_1,D2_2,F2_3,,,N2_1,L_3,M_1
160040,L1,L3,L3,L3,L2,L2,L1,L1,L2,C2_1,D2_2,F2_3,,,N2_1,L_3,M_2
160041,L1,L3,L3,L3,L2,L2,L1,L1,L2,C2_1,D2_2,F2_3,,,N2_2,L_1,M_1
160042,L1,L3,L3,L3,L2,L2,L1,L1,L2,C2_1,D2_2,F2_3,,,N2_2,L_1,M_2
160043,L1,L3,L3,L3,L2,L2,L1,L1,L2,C2_1,D2_2,F2_3,,,N2_2,L_2,M_1
160044,L1,L3,L3,L3,L2,L2,L1,L1,L2,C2_1,D2_2,F2_3,,,N2_2,L_2,M_2
160045,L1,L3,L3,L3,L2,L2,L1,L1,L2,C2_1,D2_2,F2_3,,,N2_2,L_3,M_1
160046,L1,L3,L3,L3,L2,L2,L1,L1,L2,C2_1,D2_2,F2_3,,,N2_2,L_3,M_2
160047,L1,L3,L3,L3,L2,L2,L1,L1,L2,C2_1,D2_3,F2_1,,,N2_1,L_1,M_1
160048,L1,L3,L3,L3,L2,L2,L1,L1,L2,C2_1,D2_3,F2_1,,,N2_1,L_1,M_2
160049,L1,L3,L3,L3,L2,L2,L1,L1,L2,C2_1,D2_3,F2_1,,,N2_1,L_2,M_1
160050,L1,L3,L3,L3,L2,L2,L1,L1,L2,C2_1,D2_3,F2_1,,,N2_1,L_2,M_2
160051,L1,L3,L3,L3,L2,L2,L1,L1,L2,C2_1,D2_3,F2_1,,,N2_1,L_3,M_1
160052,L1,L3,L3,L3,L2,L2,L1,L1,L2,C2_1,D2_3,F2_1,,,N2_1,L_3,M_2
160053,L1,L3,L3,L3,L2,L2,L1,L1,L2,C2_1,D2_3,F2_1,,,N2_2,L_1,M_1
160054,L1,L3,L3,L3,L2,L2,L1,L1,L2,C2_1,D2_3,F2_1,,,N2_2,L_1,M_2
160055,L1,L3,L3,L3,L2,L2,L1,L1,L2,C2_1,D2_3,F2_1,,,N2_2,L_2,M_1
160056,L1,L3,L3,L3,L2,L2,L1,L1,L2,C2_1,D2_3,F2_1,,,N2_2,L_2,M_2
160057,L1,L3,L3,L3,L2,L2,L1,L1,L2,C2_1,D2_3,F2_1,,,N2_2,L_3,M_1
160058,L1,L3,L3,L3,L2,L2,L1,L1,L2,C2_1,D2_3,F2_1,,,N2_2,L_3,M_2
160059,L1,L3,L3,L3,L2,L2,L1,L1,L2,C2_1,D2_3,F2_2,,,N2_1,L_1,M_1
160060,L1,L3,L3,L3,L2,L2,L1,L1,L2,C2_1,D2_3,F2_2,,,N2_1,L_1,M_2
160061,L1,L3,L3,L3,L2,L2,L1,L1,L2,C2_1,D2_3,F2_2,,,N2_1,L_2,M_1
160062,L1,L3,L3,L3,L2,L2,L1,L1,L2,C2_1,D2_3,F2_2,,,N2_1,L_2,M_2
160063,L1,L3,L3,L3,L2,L2,L1,L1,L2,C2_1,D2_3,F2_2,,,N2_1,L_3,M_1
160064,L1,L3,L3,L3,L2,L2,L1,L1,L2,C2_1,D2_3,F2_2,,,N2_1,L_3,M_2
160065,L1,L3,L3,L3,L2,L2,L1,L1,L2,C2_1,D2_3,F2_2,,,N2_2,L_1,M_1
160066,L1,L3,L3,L3,L2,L2,L1,L1,L2,C2_1,D2_3,F2_2,,,N2_2,L_1,M_2
160067,L1,L3,L3,L3,L2,L2,L1,L1,L2,C2_1,D2_3,F2_2,,,N2_2,L_2,M_1
160068,L1,L3,L3,L3,L2,L2,L1,L1,L2,C2_1,D2_3,F2_2,,,N2_2,L_2,M_2
160069,L1,L3,L3,L3,L2,L2,L1,L1,L2,C2_1,D2_3,F2_2,,,N2_2,L_3,M_1
160070,L1,L3,L3,L3,L2,L2,L1,L1,L2,C2_1,D2_3,F2_2,,,N2_2,L_3,M_2
160071,L1,L3,L3,L3,L2,L2,L1,L1,L2,C2_1,D2_3,F2_3,,,N2_1,L_1,M_1
160072,L1,L3,L3,L3,L2,L2,L1,L1,L2,C2_1,D2_3,F2_3,,,N2_1,L_1,M_2
160073,L1,L3,L3,L3,L2,L2,L1,L1,L2,C2_1,D2_3,F2_3,,,N2_1,L_2,M_1
160074,L1,L3,L3,L3,L2,L2,L1,L1,L2,C2_1,D2_3,F2_3,,,N2_1,L_2,M_2
160075,L1,L3,L3,L3,L2,L2,L1,L1,L2,C2_1,D2_3,F2_3,,,N2_1,L_3,M_1
160076,L1,L3,L3,L3,L2,L2,L1,L1,L2,C2_1,D2_3,F2_3,,,N2_1,L_3,M_2
160077,L1,L3,L3,L3,L2,L2,L1,L1,L2,C2_1,D2_3,F2_3,,,N2_2,L_1,M_1
160078,L1,L3,L3,L3,L2,L2,L1,L1,L2,C2_1,D2_3,F2_3,,,N2_2,L_1,M_2
160079,L1,L3,L3,L3,L2,L2,L1,L1,L2,C2_1,D2_3,F2_3,,,N2_2,L_2,M_1
160080,L1,L3,L3,L3,L2,L2,L1,L1,L2,C2_1,D2_3,F2_3,,,N2_2,L_2,M_2
160081,L1,L3,L3,L3,L2,L2,L1,L1,L2,C2_1,D2_3,F2_3,,,N2_2,L_3,M_1
160082,L1,L3,L3,L3,L2,L2,L1,L1,L2,C2_1,D2_3,F2_3,,,N2_2,L_3,M_2
160083,L1,L3,L3,L3,L2,L2,L1,L1,L2,C2_2,D2_1,F2_1,,,N2_1,L_1,M_1
160084,L1,L3,L3,L3,L2,L2,L1,L1,L2,C2_2,D2_1,F2_1,,,N2_1,L_1,M_2
160085,L1,L3,L3,L3,L2,L2,L1,L1,L2,C2_2,D2_1,F2_1,,,N2_1,L_2,M_1
160086,L1,L3,L3,L3,L2,L2,L1,L1,L2,C2_2,D2_1,F2_1,,,N2_1,L_2,M_2
160087,L1,L3,L3,L3,L2,L2,L1,L1,L2,C2_2,D2_1,F2_1,,,N2_1,L_3,M_1
160088,L1,L3,L3,L3,L2,L2,L1,L1,L2,C2_2,D2_1,F2_1,,,N2_1,L_3,M_2
160089,L1,L3,L3,L3,L2,L2,L1,L1,L2,C2_2,D2_1,F2_1,,,N2_2,L_1,M_1
160090,L1,L3,L3,L3,L2,L2,L1,L1,L2,C2_2,D2_1,F2_1,,,N2_2,L_1,M_2
160091,L1,L3,L3,L3,L2,L2,L1,L1,L2,C2_2,D2_1,F2_1,,,N2_2,L_2,M_1
160092,L1,L3,L3,L3,L2,L2,L1,L1,L2,C2_2,D2_1,F2_1,,,N2_2,L_2,M_2
160093,L1,L3,L3,L3,L2,L2,L1,L1,L2,C2_2,D2_1,F2_1,,,N2_2,L_3,M_1
160094,L1,L3,L3,L3,L2,L2,L1,L1,L2,C2_2,D2_1,F2_1,,,N2_2,L_3,M_2
160095,L1,L3,L3,L3,L2,L2,L1,L1,L2,C2_2,D2_1,F2_2,,,N2_1,L_1,M_1
160096,L1,L3,L3,L3,L2,L2,L1,L1,L2,C2_2,D2_1,F2_2,,,N2_1,L_1,M_2
160097,L1,L3,L3,L3,L2,L2,L1,L1,L2,C2_2,D2_1,F2_2,,,N2_1,L_2,M_1
160098,L1,L3,L3,L3,L2,L2,L1,L1,L2,C2_2,D2_1,F2_2,,,N2_1,L_2,M_2
160099,L1,L3,L3,L3,L2,L2,L1,L1,L2,C2_2,D2_1,F2_2,,,N2_1,L_3,M_1
160100,L1,L3,L3,L3,L2,L2,L1,L1,L2,C2_2,D2_1,F2_2,,,N2_1,L_3,M_2
160101,L1,L3,L3,L3,L2,L2,L1,L1,L2,C2_2,D2_1,F2_2,,,N2_2,L_1,M_1
160102,L1,L3,L3,L3,L2,L2,L1,L1,L2,C2_2,D2_1,F2_2,,,N2_2,L_1,M_2
160103,L1,L3,L3,L3,L2,L2,L1,L1,L2,C2_2,D2_1,F2_2,,,N2_2,L_2,M_1
160104,L1,L3,L3,L3,L2,L2,L1,L1,L2,C2_2,D2_1,F2_2,,,N2_2,L_2,M_2
160105,L1,L3,L3,L3,L2,L2,L1,L1,L2,C2_2,D2_1,F2_2,,,N2_2,L_3,M_1
160106,L1,L3,L3,L3,L2,L2,L1,L1,L2,C2_2,D2_1,F2_2,,,N2_2,L_3,M_2
160107,L1,L3,L3,L3,L2,L2,L1,L1,L2,C2_2,D2_1,F2_3,,,N2_1,L_1,M_1
160108,L1,L3,L3,L3,L2,L2,L1,L1,L2,C2_2,D2_1,F2_3,,,N2_1,L_1,M_2
160109,L1,L3,L3,L3,L2,L2,L1,L1,L2,C2_2,D2_1,F2_3,,,N2_1,L_2,M_1
160110,L1,L3,L3,L3,L2,L2,L1,L1,L2,C2_2,D2_1,F2_3,,,N2_1,L_2,M_2
160111,L1,L3,L3,L3,L2,L2,L1,L1,L2,C2_2,D2_1,F2_3,,,N2_1,L_3,M_1
160112,L1,L3,L3,L3,L2,L2,L1,L1,L2,C2_2,D2_1,F2_3,,,N2_1,L_3,M_2
160113,L1,L3,L3,L3,L2,L2,L1,L1,L2,C2_2,D2_1,F2_3,,,N2_2,L_1,M_1
160114,L1,L3,L3,L3,L2,L2,L1,L1,L2,C2_2,D2_1,F2_3,,,N2_2,L_1,M_2
160115,L1,L3,L3,L3,L2,L2,L1,L1,L2,C2_2,D2_1,F2_3,,,N2_2,L_2,M_1
160116,L1,L3,L3,L3,L2,L2,L1,L1,L2,C2_2,D2_1,F2_3,,,N2_2,L_2,M_2
160117,L1,L3,L3,L3,L2,L2,L1,L1,L2,C2_2,D2_1,F2_3,,,N2_2,L_3,M_1
160118,L1,L3,L3,L3,L2,L2,L1,L1,L2,C2_2,D2_1,F2_3,,,N2_2,L_3,M_2
160119,L1,L3,L3,L3,L2,L2,L1,L1,L2,C2_2,D2_2,F2_1,,,N2_1,L_1,M_1
160120,L1,L3,L3,L3,L2,L2,L1,L1,L2,C2_2,D2_2,F2_1,,,N2_1,L_1,M_2
160121,L1,L3,L3,L3,L2,L2,L1,L1,L2,C2_2,D2_2,F2_1,,,N2_1,L_2,M_1
160122,L1,L3,L3,L3,L2,L2,L1,L1,L2,C2_2,D2_2,F2_1,,,N2_1,L_2,M_2
160123,L1,L3,L3,L3,L2,L2,L1,L1,L2,C2_2,D2_2,F2_1,,,N2_1,L_3,M_1
160124,L1,L3,L3,L3,L2,L2,L1,L1,L2,C2_2,D2_2,F2_1,,,N2_1,L_3,M_2
160125,L1,L3,L3,L3,L2,L2,L1,L1,L2,C2_2,D2_2,F2_1,,,N2_2,L_1,M_1
160126,L1,L3,L3,L3,L2,L2,L1,L1,L2,C2_2,D2_2,F2_1,,,N2_2,L_1,M_2
160127,L1,L3,L3,L3,L2,L2,L1,L1,L2,C2_2,D2_2,F2_1,,,N2_2,L_2,M_1
160128,L1,L3,L3,L3,L2,L2,L1,L1,L2,C2_2,D2_2,F2_1,,,N2_2,L_2,M_2
160129,L1,L3,L3,L3,L2,L2,L1,L1,L2,C2_2,D2_2,F2_1,,,N2_2,L_3,M_1
160130,L1,L3,L3,L3,L2,L2,L1,L1,L2,C2_2,D2_2,F2_1,,,N2_2,L_3,M_2
160131,L1,L3,L3,L3,L2,L2,L1,L1,L2,C2_2,D2_2,F2_2,,,N2_1,L_1,M_1
160132,L1,L3,L3,L3,L2,L2,L1,L1,L2,C2_2,D2_2,F2_2,,,N2_1,L_1,M_2
160133,L1,L3,L3,L3,L2,L2,L1,L1,L2,C2_2,D2_2,F2_2,,,N2_1,L_2,M_1
160134,L1,L3,L3,L3,L2,L2,L1,L1,L2,C2_2,D2_2,F2_2,,,N2_1,L_2,M_2
160135,L1,L3,L3,L3,L2,L2,L1,L1,L2,C2_2,D2_2,F2_2,,,N2_1,L_3,M_1
160136,L1,L3,L3,L3,L2,L2,L1,L1,L2,C2_2,D2_2,F2_2,,,N2_1,L_3,M_2
160137,L1,L3,L3,L3,L2,L2,L1,L1,L2,C2_2,D2_2,F2_2,,,N2_2,L_1,M_1
160138,L1,L3,L3,L3,L2,L2,L1,L1,L2,C2_2,D2_2,F2_2,,,N2_2,L_1,M_2
160139,L1,L3,L3,L3,L2,L2,L1,L1,L2,C2_2,D2_2,F2_2,,,N2_2,L_2,M_1
160140,L1,L3,L3,L3,L2,L2,L1,L1,L2,C2_2,D2_2,F2_2,,,N2_2,L_2,M_2
160141,L1,L3,L3,L3,L2,L2,L1,L1,L2,C2_2,D2_2,F2_2,,,N2_2,L_3,M_1
160142,L1,L3,L3,L3,L2,L2,L1,L1,L2,C2_2,D2_2,F2_2,,,N2_2,L_3,M_2
160143,L1,L3,L3,L3,L2,L2,L1,L1,L2,C2_2,D2_2,F2_3,,,N2_1,L_1,M_1
160144,L1,L3,L3,L3,L2,L2,L1,L1,L2,C2_2,D2_2,F2_3,,,N2_1,L_1,M_2
160145,L1,L3,L3,L3,L2,L2,L1,L1,L2,C2_2,D2_2,F2_3,,,N2_1,L_2,M_1
160146,L1,L3,L3,L3,L2,L2,L1,L1,L2,C2_2,D2_2,F2_3,,,N2_1,L_2,M_2
160147,L1,L3,L3,L3,L2,L2,L1,L1,L2,C2_2,D2_2,F2_3,,,N2_1,L_3,M_1
160148,L1,L3,L3,L3,L2,L2,L1,L1,L2,C2_2,D2_2,F2_3,,,N2_1,L_3,M_2
160149,L1,L3,L3,L3,L2,L2,L1,L1,L2,C2_2,D2_2,F2_3,,,N2_2,L_1,M_1
160150,L1,L3,L3,L3,L2,L2,L1,L1,L2,C2_2,D2_2,F2_3,,,N2_2,L_1,M_2
160151,L1,L3,L3,L3,L2,L2,L1,L1,L2,C2_2,D2_2,F2_3,,,N2_2,L_2,M_1
160152,L1,L3,L3,L3,L2,L2,L1,L1,L2,C2_2,D2_2,F2_3,,,N2_2,L_2,M_2
160153,L1,L3,L3,L3,L2,L2,L1,L1,L2,C2_2,D2_2,F2_3,,,N2_2,L_3,M_1
160154,L1,L3,L3,L3,L2,L2,L1,L1,L2,C2_2,D2_2,F2_3,,,N2_2,L_3,M_2
160155,L1,L3,L3,L3,L2,L2,L1,L1,L2,C2_2,D2_3,F2_1,,,N2_1,L_1,M_1
160156,L1,L3,L3,L3,L2,L2,L1,L1,L2,C2_2,D2_3,F2_1,,,N2_1,L_1,M_2
160157,L1,L3,L3,L3,L2,L2,L1,L1,L2,C2_2,D2_3,F2_1,,,N2_1,L_2,M_1
160158,L1,L3,L3,L3,L2,L2,L1,L1,L2,C2_2,D2_3,F2_1,,,N2_1,L_2,M_2
160159,L1,L3,L3,L3,L2,L2,L1,L1,L2,C2_2,D2_3,F2_1,,,N2_1,L_3,M_1
160160,L1,L3,L3,L3,L2,L2,L1,L1,L2,C2_2,D2_3,F2_1,,,N2_1,L_3,M_2
160161,L1,L3,L3,L3,L2,L2,L1,L1,L2,C2_2,D2_3,F2_1,,,N2_2,L_1,M_1
160162,L1,L3,L3,L3,L2,L2,L1,L1,L2,C2_2,D2_3,F2_1,,,N2_2,L_1,M_2
160163,L1,L3,L3,L3,L2,L2,L1,L1,L2,C2_2,D2_3,F2_1,,,N2_2,L_2,M_1
160164,L1,L3,L3,L3,L2,L2,L1,L1,L2,C2_2,D2_3,F2_1,,,N2_2,L_2,M_2
160165,L1,L3,L3,L3,L2,L2,L1,L1,L2,C2_2,D2_3,F2_1,,,N2_2,L_3,M_1
160166,L1,L3,L3,L3,L2,L2,L1,L1,L2,C2_2,D2_3,F2_1,,,N2_2,L_3,M_2
160167,L1,L3,L3,L3,L2,L2,L1,L1,L2,C2_2,D2_3,F2_2,,,N2_1,L_1,M_1
160168,L1,L3,L3,L3,L2,L2,L1,L1,L2,C2_2,D2_3,F2_2,,,N2_1,L_1,M_2
160169,L1,L3,L3,L3,L2,L2,L1,L1,L2,C2_2,D2_3,F2_2,,,N2_1,L_2,M_1
160170,L1,L3,L3,L3,L2,L2,L1,L1,L2,C2_2,D2_3,F2_2,,,N2_1,L_2,M_2
160171,L1,L3,L3,L3,L2,L2,L1,L1,L2,C2_2,D2_3,F2_2,,,N2_1,L_3,M_1
160172,L1,L3,L3,L3,L2,L2,L1,L1,L2,C2_2,D2_3,F2_2,,,N2_1,L_3,M_2
160173,L1,L3,L3,L3,L2,L2,L1,L1,L2,C2_2,D2_3,F2_2,,,N2_2,L_1,M_1
160174,L1,L3,L3,L3,L2,L2,L1,L1,L2,C2_2,D2_3,F2_2,,,N2_2,L_1,M_2
160175,L1,L3,L3,L3,L2,L2,L1,L1,L2,C2_2,D2_3,F2_2,,,N2_2,L_2,M_1
160176,L1,L3,L3,L3,L2,L2,L1,L1,L2,C2_2,D2_3,F2_2,,,N2_2,L_2,M_2
160177,L1,L3,L3,L3,L2,L2,L1,L1,L2,C2_2,D2_3,F2_2,,,N2_2,L_3,M_1
160178,L1,L3,L3,L3,L2,L2,L1,L1,L2,C2_2,D2_3,F2_2,,,N2_2,L_3,M_2
160179,L1,L3,L3,L3,L2,L2,L1,L1,L2,C2_2,D2_3,F2_3,,,N2_1,L_1,M_1
160180,L1,L3,L3,L3,L2,L2,L1,L1,L2,C2_2,D2_3,F2_3,,,N2_1,L_1,M_2
160181,L1,L3,L3,L3,L2,L2,L1,L1,L2,C2_2,D2_3,F2_3,,,N2_1,L_2,M_1
160182,L1,L3,L3,L3,L2,L2,L1,L1,L2,C2_2,D2_3,F2_3,,,N2_1,L_2,M_2
160183,L1,L3,L3,L3,L2,L2,L1,L1,L2,C2_2,D2_3,F2_3,,,N2_1,L_3,M_1
160184,L1,L3,L3,L3,L2,L2,L1,L1,L2,C2_2,D2_3,F2_3,,,N2_1,L_3,M_2
160185,L1,L3,L3,L3,L2,L2,L1,L1,L2,C2_2,D2_3,F2_3,,,N2_2,L_1,M_1
160186,L1,L3,L3,L3,L2,L2,L1,L1,L2,C2_2,D2_3,F2_3,,,N2_2,L_1,M_2
160187,L1,L3,L3,L3,L2,L2,L1,L1,L2,C2_2,D2_3,F2_3,,,N2_2,L_2,M_1
160188,L1,L3,L3,L3,L2,L2,L1,L1,L2,C2_2,D2_3,F2_3,,,N2_2,L_2,M_2
160189,L1,L3,L3,L3,L2,L2,L1,L1,L2,C2_2,D2_3,F2_3,,,N2_2,L_3,M_1
160190,L1,L3,L3,L3,L2,L2,L1,L1,L2,C2_2,D2_3,F2_3,,,N2_2,L_3,M_2
160191,L1,L3,L3,L3,L2,L2,L1,L1,L2,C2_3,D2_1,F2_1,,,N2_1,L_1,M_1
160192,L1,L3,L3,L3,L2,L2,L1,L1,L2,C2_3,D2_1,F2_1,,,N2_1,L_1,M_2
160193,L1,L3,L3,L3,L2,L2,L1,L1,L2,C2_3,D2_1,F2_1,,,N2_1,L_2,M_1
160194,L1,L3,L3,L3,L2,L2,L1,L1,L2,C2_3,D2_1,F2_1,,,N2_1,L_2,M_2
160195,L1,L3,L3,L3,L2,L2,L1,L1,L2,C2_3,D2_1,F2_1,,,N2_1,L_3,M_1
160196,L1,L3,L3,L3,L2,L2,L1,L1,L2,C2_3,D2_1,F2_1,,,N2_1,L_3,M_2
160197,L1,L3,L3,L3,L2,L2,L1,L1,L2,C2_3,D2_1,F2_1,,,N2_2,L_1,M_1
160198,L1,L3,L3,L3,L2,L2,L1,L1,L2,C2_3,D2_1,F2_1,,,N2_2,L_1,M_2
160199,L1,L3,L3,L3,L2,L2,L1,L1,L2,C2_3,D2_1,F2_1,,,N2_2,L_2,M_1
160200,L1,L3,L3,L3,L2,L2,L1,L1,L2,C2_3,D2_1,F2_1,,,N2_2,L_2,M_2
160201,L1,L3,L3,L3,L2,L2,L1,L1,L2,C2_3,D2_1,F2_1,,,N2_2,L_3,M_1
160202,L1,L3,L3,L3,L2,L2,L1,L1,L2,C2_3,D2_1,F2_1,,,N2_2,L_3,M_2
160203,L1,L3,L3,L3,L2,L2,L1,L1,L2,C2_3,D2_1,F2_2,,,N2_1,L_1,M_1
160204,L1,L3,L3,L3,L2,L2,L1,L1,L2,C2_3,D2_1,F2_2,,,N2_1,L_1,M_2
160205,L1,L3,L3,L3,L2,L2,L1,L1,L2,C2_3,D2_1,F2_2,,,N2_1,L_2,M_1
160206,L1,L3,L3,L3,L2,L2,L1,L1,L2,C2_3,D2_1,F2_2,,,N2_1,L_2,M_2
160207,L1,L3,L3,L3,L2,L2,L1,L1,L2,C2_3,D2_1,F2_2,,,N2_1,L_3,M_1
160208,L1,L3,L3,L3,L2,L2,L1,L1,L2,C2_3,D2_1,F2_2,,,N2_1,L_3,M_2
160209,L1,L3,L3,L3,L2,L2,L1,L1,L2,C2_3,D2_1,F2_2,,,N2_2,L_1,M_1
160210,L1,L3,L3,L3,L2,L2,L1,L1,L2,C2_3,D2_1,F2_2,,,N2_2,L_1,M_2
160211,L1,L3,L3,L3,L2,L2,L1,L1,L2,C2_3,D2_1,F2_2,,,N2_2,L_2,M_1
160212,L1,L3,L3,L3,L2,L2,L1,L1,L2,C2_3,D2_1,F2_2,,,N2_2,L_2,M_2
160213,L1,L3,L3,L3,L2,L2,L1,L1,L2,C2_3,D2_1,F2_2,,,N2_2,L_3,M_1
160214,L1,L3,L3,L3,L2,L2,L1,L1,L2,C2_3,D2_1,F2_2,,,N2_2,L_3,M_2
160215,L1,L3,L3,L3,L2,L2,L1,L1,L2,C2_3,D2_1,F2_3,,,N2_1,L_1,M_1
160216,L1,L3,L3,L3,L2,L2,L1,L1,L2,C2_3,D2_1,F2_3,,,N2_1,L_1,M_2
160217,L1,L3,L3,L3,L2,L2,L1,L1,L2,C2_3,D2_1,F2_3,,,N2_1,L_2,M_1
160218,L1,L3,L3,L3,L2,L2,L1,L1,L2,C2_3,D2_1,F2_3,,,N2_1,L_2,M_2
160219,L1,L3,L3,L3,L2,L2,L1,L1,L2,C2_3,D2_1,F2_3,,,N2_1,L_3,M_1
160220,L1,L3,L3,L3,L2,L2,L1,L1,L2,C2_3,D2_1,F2_3,,,N2_1,L_3,M_2
160221,L1,L3,L3,L3,L2,L2,L1,L1,L2,C2_3,D2_1,F2_3,,,N2_2,L_1,M_1
160222,L1,L3,L3,L3,L2,L2,L1,L1,L2,C2_3,D2_1,F2_3,,,N2_2,L_1,M_2
160223,L1,L3,L3,L3,L2,L2,L1,L1,L2,C2_3,D2_1,F2_3,,,N2_2,L_2,M_1
160224,L1,L3,L3,L3,L2,L2,L1,L1,L2,C2_3,D2_1,F2_3,,,N2_2,L_2,M_2
160225,L1,L3,L3,L3,L2,L2,L1,L1,L2,C2_3,D2_1,F2_3,,,N2_2,L_3,M_1
160226,L1,L3,L3,L3,L2,L2,L1,L1,L2,C2_3,D2_1,F2_3,,,N2_2,L_3,M_2
160227,L1,L3,L3,L3,L2,L2,L1,L1,L2,C2_3,D2_2,F2_1,,,N2_1,L_1,M_1
160228,L1,L3,L3,L3,L2,L2,L1,L1,L2,C2_3,D2_2,F2_1,,,N2_1,L_1,M_2
160229,L1,L3,L3,L3,L2,L2,L1,L1,L2,C2_3,D2_2,F2_1,,,N2_1,L_2,M_1
160230,L1,L3,L3,L3,L2,L2,L1,L1,L2,C2_3,D2_2,F2_1,,,N2_1,L_2,M_2
160231,L1,L3,L3,L3,L2,L2,L1,L1,L2,C2_3,D2_2,F2_1,,,N2_1,L_3,M_1
160232,L1,L3,L3,L3,L2,L2,L1,L1,L2,C2_3,D2_2,F2_1,,,N2_1,L_3,M_2
160233,L1,L3,L3,L3,L2,L2,L1,L1,L2,C2_3,D2_2,F2_1,,,N2_2,L_1,M_1
160234,L1,L3,L3,L3,L2,L2,L1,L1,L2,C2_3,D2_2,F2_1,,,N2_2,L_1,M_2
160235,L1,L3,L3,L3,L2,L2,L1,L1,L2,C2_3,D2_2,F2_1,,,N2_2,L_2,M_1
160236,L1,L3,L3,L3,L2,L2,L1,L1,L2,C2_3,D2_2,F2_1,,,N2_2,L_2,M_2
160237,L1,L3,L3,L3,L2,L2,L1,L1,L2,C2_3,D2_2,F2_1,,,N2_2,L_3,M_1
160238,L1,L3,L3,L3,L2,L2,L1,L1,L2,C2_3,D2_2,F2_1,,,N2_2,L_3,M_2
160239,L1,L3,L3,L3,L2,L2,L1,L1,L2,C2_3,D2_2,F2_2,,,N2_1,L_1,M_1
160240,L1,L3,L3,L3,L2,L2,L1,L1,L2,C2_3,D2_2,F2_2,,,N2_1,L_1,M_2
160241,L1,L3,L3,L3,L2,L2,L1,L1,L2,C2_3,D2_2,F2_2,,,N2_1,L_2,M_1
160242,L1,L3,L3,L3,L2,L2,L1,L1,L2,C2_3,D2_2,F2_2,,,N2_1,L_2,M_2
160243,L1,L3,L3,L3,L2,L2,L1,L1,L2,C2_3,D2_2,F2_2,,,N2_1,L_3,M_1
160244,L1,L3,L3,L3,L2,L2,L1,L1,L2,C2_3,D2_2,F2_2,,,N2_1,L_3,M_2
160245,L1,L3,L3,L3,L2,L2,L1,L1,L2,C2_3,D2_2,F2_2,,,N2_2,L_1,M_1
160246,L1,L3,L3,L3,L2,L2,L1,L1,L2,C2_3,D2_2,F2_2,,,N2_2,L_1,M_2
160247,L1,L3,L3,L3,L2,L2,L1,L1,L2,C2_3,D2_2,F2_2,,,N2_2,L_2,M_1
160248,L1,L3,L3,L3,L2,L2,L1,L1,L2,C2_3,D2_2,F2_2,,,N2_2,L_2,M_2
160249,L1,L3,L3,L3,L2,L2,L1,L1,L2,C2_3,D2_2,F2_2,,,N2_2,L_3,M_1
160250,L1,L3,L3,L3,L2,L2,L1,L1,L2,C2_3,D2_2,F2_2,,,N2_2,L_3,M_2
160251,L1,L3,L3,L3,L2,L2,L1,L1,L2,C2_3,D2_2,F2_3,,,N2_1,L_1,M_1
160252,L1,L3,L3,L3,L2,L2,L1,L1,L2,C2_3,D2_2,F2_3,,,N2_1,L_1,M_2
160253,L1,L3,L3,L3,L2,L2,L1,L1,L2,C2_3,D2_2,F2_3,,,N2_1,L_2,M_1
160254,L1,L3,L3,L3,L2,L2,L1,L1,L2,C2_3,D2_2,F2_3,,,N2_1,L_2,M_2
160255,L1,L3,L3,L3,L2,L2,L1,L1,L2,C2_3,D2_2,F2_3,,,N2_1,L_3,M_1
160256,L1,L3,L3,L3,L2,L2,L1,L1,L2,C2_3,D2_2,F2_3,,,N2_1,L_3,M_2
160257,L1,L3,L3,L3,L2,L2,L1,L1,L2,C2_3,D2_2,F2_3,,,N2_2,L_1,M_1
160258,L1,L3,L3,L3,L2,L2,L1,L1,L2,C2_3,D2_2,F2_3,,,N2_2,L_1,M_2
160259,L1,L3,L3,L3,L2,L2,L1,L1,L2,C2_3,D2_2,F2_3,,,N2_2,L_2,M_1
160260,L1,L3,L3,L3,L2,L2,L1,L1,L2,C2_3,D2_2,F2_3,,,N2_2,L_2,M_2
160261,L1,L3,L3,L3,L2,L2,L1,L1,L2,C2_3,D2_2,F2_3,,,N2_2,L_3,M_1
160262,L1,L3,L3,L3,L2,L2,L1,L1,L2,C2_3,D2_2,F2_3,,,N2_2,L_3,M_2
160263,L1,L3,L3,L3,L2,L2,L1,L1,L2,C2_3,D2_3,F2_1,,,N2_1,L_1,M_1
160264,L1,L3,L3,L3,L2,L2,L1,L1,L2,C2_3,D2_3,F2_1,,,N2_1,L_1,M_2
160265,L1,L3,L3,L3,L2,L2,L1,L1,L2,C2_3,D2_3,F2_1,,,N2_1,L_2,M_1
160266,L1,L3,L3,L3,L2,L2,L1,L1,L2,C2_3,D2_3,F2_1,,,N2_1,L_2,M_2
160267,L1,L3,L3,L3,L2,L2,L1,L1,L2,C2_3,D2_3,F2_1,,,N2_1,L_3,M_1
160268,L1,L3,L3,L3,L2,L2,L1,L1,L2,C2_3,D2_3,F2_1,,,N2_1,L_3,M_2
160269,L1,L3,L3,L3,L2,L2,L1,L1,L2,C2_3,D2_3,F2_1,,,N2_2,L_1,M_1
160270,L1,L3,L3,L3,L2,L2,L1,L1,L2,C2_3,D2_3,F2_1,,,N2_2,L_1,M_2
160271,L1,L3,L3,L3,L2,L2,L1,L1,L2,C2_3,D2_3,F2_1,,,N2_2,L_2,M_1
160272,L1,L3,L3,L3,L2,L2,L1,L1,L2,C2_3,D2_3,F2_1,,,N2_2,L_2,M_2
160273,L1,L3,L3,L3,L2,L2,L1,L1,L2,C2_3,D2_3,F2_1,,,N2_2,L_3,M_1
160274,L1,L3,L3,L3,L2,L2,L1,L1,L2,C2_3,D2_3,F2_1,,,N2_2,L_3,M_2
160275,L1,L3,L3,L3,L2,L2,L1,L1,L2,C2_3,D2_3,F2_2,,,N2_1,L_1,M_1
160276,L1,L3,L3,L3,L2,L2,L1,L1,L2,C2_3,D2_3,F2_2,,,N2_1,L_1,M_2
160277,L1,L3,L3,L3,L2,L2,L1,L1,L2,C2_3,D2_3,F2_2,,,N2_1,L_2,M_1
160278,L1,L3,L3,L3,L2,L2,L1,L1,L2,C2_3,D2_3,F2_2,,,N2_1,L_2,M_2
160279,L1,L3,L3,L3,L2,L2,L1,L1,L2,C2_3,D2_3,F2_2,,,N2_1,L_3,M_1
160280,L1,L3,L3,L3,L2,L2,L1,L1,L2,C2_3,D2_3,F2_2,,,N2_1,L_3,M_2
160281,L1,L3,L3,L3,L2,L2,L1,L1,L2,C2_3,D2_3,F2_2,,,N2_2,L_1,M_1
160282,L1,L3,L3,L3,L2,L2,L1,L1,L2,C2_3,D2_3,F2_2,,,N2_2,L_1,M_2
160283,L1,L3,L3,L3,L2,L2,L1,L1,L2,C2_3,D2_3,F2_2,,,N2_2,L_2,M_1
160284,L1,L3,L3,L3,L2,L2,L1,L1,L2,C2_3,D2_3,F2_2,,,N2_2,L_2,M_2
160285,L1,L3,L3,L3,L2,L2,L1,L1,L2,C2_3,D2_3,F2_2,,,N2_2,L_3,M_1
160286,L1,L3,L3,L3,L2,L2,L1,L1,L2,C2_3,D2_3,F2_2,,,N2_2,L_3,M_2
160287,L1,L3,L3,L3,L2,L2,L1,L1,L2,C2_3,D2_3,F2_3,,,N2_1,L_1,M_1
160288,L1,L3,L3,L3,L2,L2,L1,L1,L2,C2_3,D2_3,F2_3,,,N2_1,L_1,M_2
160289,L1,L3,L3,L3,L2,L2,L1,L1,L2,C2_3,D2_3,F2_3,,,N2_1,L_2,M_1
160290,L1,L3,L3,L3,L2,L2,L1,L1,L2,C2_3,D2_3,F2_3,,,N2_1,L_2,M_2
160291,L1,L3,L3,L3,L2,L2,L1,L1,L2,C2_3,D2_3,F2_3,,,N2_1,L_3,M_1
160292,L1,L3,L3,L3,L2,L2,L1,L1,L2,C2_3,D2_3,F2_3,,,N2_1,L_3,M_2
160293,L1,L3,L3,L3,L2,L2,L1,L1,L2,C2_3,D2_3,F2_3,,,N2_2,L_1,M_1
160294,L1,L3,L3,L3,L2,L2,L1,L1,L2,C2_3,D2_3,F2_3,,,N2_2,L_1,M_2
160295,L1,L3,L3,L3,L2,L2,L1,L1,L2,C2_3,D2_3,F2_3,,,N2_2,L_2,M_1
160296,L1,L3,L3,L3,L2,L2,L1,L1,L2,C2_3,D2_3,F2_3,,,N2_2,L_2,M_2
160297,L1,L3,L3,L3,L2,L2,L1,L1,L2,C2_3,D2_3,F2_3,,,N2_2,L_3,M_1
160298,L1,L3,L3,L3,L2,L2,L1,L1,L2,C2_3,D2_3,F2_3,,,N2_2,L_3,M_2
176094,L2,L1,L2,L1,L2,L2,L1,L1,L2,C2_1,D2_1,F2_1,,,N2_1,L_1,M_1
176095,L2,L1,L2,L1,L2,L2,L1,L1,L2,C2_1,D2_1,F2_1,,,N2_1,L_1,M_2
176096,L2,L1,L2,L1,L2,L2,L1,L1,L2,C2_1,D2_1,F2_1,,,N2_1,L_2,M_1
176097,L2,L1,L2,L1,L2,L2,L1,L1,L2,C2_1,D2_1,F2_1,,,N2_1,L_2,M_2
176098,L2,L1,L2,L1,L2,L2,L1,L1,L2,C2_1,D2_1,F2_1,,,N2_1,L_3,M_1
176099,L2,L1,L2,L1,L2,L2,L1,L1,L2,C2_1,D2_1,F2_1,,,N2_1,L_3,M_2
176100,L2,L1,L2,L1,L2,L2,L1,L1,L2,C2_1,D2_1,F2_1,,,N2_2,L_1,M_1
176101,L2,L1,L2,L1,L2,L2,L1,L1,L2,C2_1,D2_1,F2_1,,,N2_2,L_1,M_2
176102,L2,L1,L2,L1,L2,L2,L1,L1,L2,C2_1,D2_1,F2_1,,,N2_2,L_2,M_1
176103,L2,L1,L2,L1,L2,L2,L1,L1,L2,C2_1,D2_1,F2_1,,,N2_2,L_2,M_2
176104,L2,L1,L2,L1,L2,L2,L1,L1,L2,C2_1,D2_1,F2_1,,,N2_2,L_3,M_1
176105,L2,L1,L2,L1,L2,L2,L1,L1,L2,C2_1,D2_1,F2_1,,,N2_2,L_3,M_2
176106,L2,L1,L2,L1,L2,L2,L1,L1,L2,C2_1,D2_1,F2_2,,,N2_1,L_1,M_1
176107,L2,L1,L2,L1,L2,L2,L1,L1,L2,C2_1,D2_1,F2_2,,,N2_1,L_1,M_2
176108,L2,L1,L2,L1,L2,L2,L1,L1,L2,C2_1,D2_1,F2_2,,,N2_1,L_2,M_1
176109,L2,L1,L2,L1,L2,L2,L1,L1,L2,C2_1,D2_1,F2_2,,,N2_1,L_2,M_2
176110,L2,L1,L2,L1,L2,L2,L1,L1,L2,C2_1,D2_1,F2_2,,,N2_1,L_3,M_1
176111,L2,L1,L2,L1,L2,L2,L1,L1,L2,C2_1,D2_1,F2_2,,,N2_1,L_3,M_2
176112,L2,L1,L2,L1,L2,L2,L1,L1,L2,C2_1,D2_1,F2_2,,,N2_2,L_1,M_1
176113,L2,L1,L2,L1,L2,L2,L1,L1,L2,C2_1,D2_1,F2_2,,,N2_2,L_1,M_2
176114,L2,L1,L2,L1,L2,L2,L1,L1,L2,C2_1,D2_1,F2_2,,,N2_2,L_2,M_1
176115,L2,L1,L2,L1,L2,L2,L1,L1,L2,C2_1,D2_1,F2_2,,,N2_2,L_2,M_2
176116,L2,L1,L2,L1,L2,L2,L1,L1,L2,C2_1,D2_1,F2_2,,,N2_2,L_3,M_1
176117,L2,L1,L2,L1,L2,L2,L1,L1,L2,C2_1,D2_1,F2_2,,,N2_2,L_3,M_2
176118,L2,L1,L2,L1,L2,L2,L1,L1,L2,C2_1,D2_1,F2_3,,,N2_1,L_1,M_1
176119,L2,L1,L2,L1,L2,L2,L1,L1,L2,C2_1,D2_1,F2_3,,,N2_1,L_1,M_2
176120,L2,L1,L2,L1,L2,L2,L1,L1,L2,C2_1,D2_1,F2_3,,,N2_1,L_2,M_1
176121,L2,L1,L2,L1,L2,L2,L1,L1,L2,C2_1,D2_1,F2_3,,,N2_1,L_2,M_2
176122,L2,L1,L2,L1,L2,L2,L1,L1,L2,C2_1,D2_1,F2_3,,,N2_1,L_3,M_1
176123,L2,L1,L2,L1,L2,L2,L1,L1,L2,C2_1,D2_1,F2_3,,,N2_1,L_3,M_2
176124,L2,L1,L2,L1,L2,L2,L1,L1,L2,C2_1,D2_1,F2_3,,,N2_2,L_1,M_1
176125,L2,L1,L2,L1,L2,L2,L1,L1,L2,C2_1,D2_1,F2_3,,,N2_2,L_1,M_2
176126,L2,L1,L2,L1,L2,L2,L1,L1,L2,C2_1,D2_1,F2_3,,,N2_2,L_2,M_1
176127,L2,L1,L2,L1,L2,L2,L1,L1,L2,C2_1,D2_1,F2_3,,,N2_2,L_2,M_2
176128,L2,L1,L2,L1,L2,L2,L1,L1,L2,C2_1,D2_1,F2_3,,,N2_2,L_3,M_1
176129,L2,L1,L2,L1,L2,L2,L1,L1,L2,C2_1,D2_1,F2_3,,,N2_2,L_3,M_2
176130,L2,L1,L2,L1,L2,L2,L1,L1,L2,C2_1,D2_2,F2_1,,,N2_1,L_1,M_1
176131,L2,L1,L2,L1,L2,L2,L1,L1,L2,C2_1,D2_2,F2_1,,,N2_1,L_1,M_2
176132,L2,L1,L2,L1,L2,L2,L1,L1,L2,C2_1,D2_2,F2_1,,,N2_1,L_2,M_1
176133,L2,L1,L2,L1,L2,L2,L1,L1,L2,C2_1,D2_2,F2_1,,,N2_1,L_2,M_2
176134,L2,L1,L2,L1,L2,L2,L1,L1,L2,C2_1,D2_2,F2_1,,,N2_1,L_3,M_1
176135,L2,L1,L2,L1,L2,L2,L1,L1,L2,C2_1,D2_2,F2_1,,,N2_1,L_3,M_2
176136,L2,L1,L2,L1,L2,L2,L1,L1,L2,C2_1,D2_2,F2_1,,,N2_2,L_1,M_1
176137,L2,L1,L2,L1,L2,L2,L1,L1,L2,C2_1,D2_2,F2_1,,,N2_2,L_1,M_2
176138,L2,L1,L2,L1,L2,L2,L1,L1,L2,C2_1,D2_2,F2_1,,,N2_2,L_2,M_1
176139,L2,L1,L2,L1,L2,L2,L1,L1,L2,C2_1,D2_2,F2_1,,,N2_2,L_2,M_2
176140,L2,L1,L2,L1,L2,L2,L1,L1,L2,C2_1,D2_2,F2_1,,,N2_2,L_3,M_1
176141,L2,L1,L2,L1,L2,L2,L1,L1,L2,C2_1,D2_2,F2_1,,,N2_2,L_3,M_2
176142,L2,L1,L2,L1,L2,L2,L1,L1,L2,C2_1,D2_2,F2_2,,,N2_1,L_1,M_1
176143,L2,L1,L2,L1,L2,L2,L1,L1,L2,C2_1,D2_2,F2_2,,,N2_1,L_1,M_2
176144,L2,L1,L2,L1,L2,L2,L1,L1,L2,C2_1,D2_2,F2_2,,,N2_1,L_2,M_1
176145,L2,L1,L2,L1,L2,L2,L1,L1,L2,C2_1,D2_2,F2_2,,,N2_1,L_2,M_2
176146,L2,L1,L2,L1,L2,L2,L1,L1,L2,C2_1,D2_2,F2_2,,,N2_1,L_3,M_1
176147,L2,L1,L2,L1,L2,L2,L1,L1,L2,C2_1,D2_2,F2_2,,,N2_1,L_3,M_2
176148,L2,L1,L2,L1,L2,L2,L1,L1,L2,C2_1,D2_2,F2_2,,,N2_2,L_1,M_1
176149,L2,L1,L2,L1,L2,L2,L1,L1,L2,C2_1,D2_2,F2_2,,,N2_2,L_1,M_2
176150,L2,L1,L2,L1,L2,L2,L1,L1,L2,C2_1,D2_2,F2_2,,,N2_2,L_2,M_1
176151,L2,L1,L2,L1,L2,L2,L1,L1,L2,C2_1,D2_2,F2_2,,,N2_2,L_2,M_2
176152,L2,L1,L2,L1,L2,L2,L1,L1,L2,C2_1,D2_2,F2_2,,,N2_2,L_3,M_1
176153,L2,L1,L2,L1,L2,L2,L1,L1,L2,C2_1,D2_2,F2_2,,,N2_2,L_3,M_2
176154,L2,L1,L2,L1,L2,L2,L1,L1,L2,C2_1,D2_2,F2_3,,,N2_1,L_1,M_1
176155,L2,L1,L2,L1,L2,L2,L1,L1,L2,C2_1,D2_2,F2_3,,,N2_1,L_1,M_2
176156,L2,L1,L2,L1,L2,L2,L1,L1,L2,C2_1,D2_2,F2_3,,,N2_1,L_2,M_1
176157,L2,L1,L2,L1,L2,L2,L1,L1,L2,C2_1,D2_2,F2_3,,,N2_1,L_2,M_2
176158,L2,L1,L2,L1,L2,L2,L1,L1,L2,C2_1,D2_2,F2_3,,,N2_1,L_3,M_1
176159,L2,L1,L2,L1,L2,L2,L1,L1,L2,C2_1,D2_2,F2_3,,,N2_1,L_3,M_2
176160,L2,L1,L2,L1,L2,L2,L1,L1,L2,C2_1,D2_2,F2_3,,,N2_2,L_1,M_1
176161,L2,L1,L2,L1,L2,L2,L1,L1,L2,C2_1,D2_2,F2_3,,,N2_2,L_1,M_2
176162,L2,L1,L2,L1,L2,L2,L1,L1,L2,C2_1,D2_2,F2_3,,,N2_2,L_2,M_1
176163,L2,L1,L2,L1,L2,L2,L1,L1,L2,C2_1,D2_2,F2_3,,,N2_2,L_2,M_2
176164,L2,L1,L2,L1,L2,L2,L1,L1,L2,C2_1,D2_2,F2_3,,,N2_2,L_3,M_1
176165,L2,L1,L2,L1,L2,L2,L1,L1,L2,C2_1,D2_2,F2_3,,,N2_2,L_3,M_2
176166,L2,L1,L2,L1,L2,L2,L1,L1,L2,C2_1,D2_3,F2_1,,,N2_1,L_1,M_1
176167,L2,L1,L2,L1,L2,L2,L1,L1,L2,C2_1,D2_3,F2_1,,,N2_1,L_1,M_2
176168,L2,L1,L2,L1,L2,L2,L1,L1,L2,C2_1,D2_3,F2_1,,,N2_1,L_2,M_1
176169,L2,L1,L2,L1,L2,L2,L1,L1,L2,C2_1,D2_3,F2_1,,,N2_1,L_2,M_2
176170,L2,L1,L2,L1,L2,L2,L1,L1,L2,C2_1,D2_3,F2_1,,,N2_1,L_3,M_1
176171,L2,L1,L2,L1,L2,L2,L1,L1,L2,C2_1,D2_3,F2_1,,,N2_1,L_3,M_2
176172,L2,L1,L2,L1,L2,L2,L1,L1,L2,C2_1,D2_3,F2_1,,,N2_2,L_1,M_1
176173,L2,L1,L2,L1,L2,L2,L1,L1,L2,C2_1,D2_3,F2_1,,,N2_2,L_1,M_2
176174,L2,L1,L2,L1,L2,L2,L1,L1,L2,C2_1,D2_3,F2_1,,,N2_2,L_2,M_1
176175,L2,L1,L2,L1,L2,L2,L1,L1,L2,C2_1,D2_3,F2_1,,,N2_2,L_2,M_2
176176,L2,L1,L2,L1,L2,L2,L1,L1,L2,C2_1,D2_3,F2_1,,,N2_2,L_3,M_1
176177,L2,L1,L2,L1,L2,L2,L1,L1,L2,C2_1,D2_3,F2_1,,,N2_2,L_3,M_2
176178,L2,L1,L2,L1,L2,L2,L1,L1,L2,C2_1,D2_3,F2_2,,,N2_1,L_1,M_1
176179,L2,L1,L2,L1,L2,L2,L1,L1,L2,C2_1,D2_3,F2_2,,,N2_1,L_1,M_2
176180,L2,L1,L2,L1,L2,L2,L1,L1,L2,C2_1,D2_3,F2_2,,,N2_1,L_2,M_1
176181,L2,L1,L2,L1,L2,L2,L1,L1,L2,C2_1,D2_3,F2_2,,,N2_1,L_2,M_2
176182,L2,L1,L2,L1,L2,L2,L1,L1,L2,C2_1,D2_3,F2_2,,,N2_1,L_3,M_1
176183,L2,L1,L2,L1,L2,L2,L1,L1,L2,C2_1,D2_3,F2_2,,,N2_1,L_3,M_2
176184,L2,L1,L2,L1,L2,L2,L1,L1,L2,C2_1,D2_3,F2_2,,,N2_2,L_1,M_1
176185,L2,L1,L2,L1,L2,L2,L1,L1,L2,C2_1,D2_3,F2_2,,,N2_2,L_1,M_2
176186,L2,L1,L2,L1,L2,L2,L1,L1,L2,C2_1,D2_3,F2_2,,,N2_2,L_2,M_1
176187,L2,L1,L2,L1,L2,L2,L1,L1,L2,C2_1,D2_3,F2_2,,,N2_2,L_2,M_2
176188,L2,L1,L2,L1,L2,L2,L1,L1,L2,C2_1,D2_3,F2_2,,,N2_2,L_3,M_1
176189,L2,L1,L2,L1,L2,L2,L1,L1,L2,C2_1,D2_3,F2_2,,,N2_2,L_3,M_2
176190,L2,L1,L2,L1,L2,L2,L1,L1,L2,C2_1,D2_3,F2_3,,,N2_1,L_1,M_1
176191,L2,L1,L2,L1,L2,L2,L1,L1,L2,C2_1,D2_3,F2_3,,,N2_1,L_1,M_2
176192,L2,L1,L2,L1,L2,L2,L1,L1,L2,C2_1,D2_3,F2_3,,,N2_1,L_2,M_1
176193,L2,L1,L2,L1,L2,L2,L1,L1,L2,C2_1,D2_3,F2_3,,,N2_1,L_2,M_2
176194,L2,L1,L2,L1,L2,L2,L1,L1,L2,C2_1,D2_3,F2_3,,,N2_1,L_3,M_1
176195,L2,L1,L2,L1,L2,L2,L1,L1,L2,C2_1,D2_3,F2_3,,,N2_1,L_3,M_2
176196,L2,L1,L2,L1,L2,L2,L1,L1,L2,C2_1,D2_3,F2_3,,,N2_2,L_1,M_1
176197,L2,L1,L2,L1,L2,L2,L1,L1,L2,C2_1,D2_3,F2_3,,,N2_2,L_1,M_2
176198,L2,L1,L2,L1,L2,L2,L1,L1,L2,C2_1,D2_3,F2_3,,,N2_2,L_2,M_1
176199,L2,L1,L2,L1,L2,L2,L1,L1,L2,C2_1,D2_3,F2_3,,,N2_2,L_2,M_2
176200,L2,L1,L2,L1,L2,L2,L1,L1,L2,C2_1,D2_3,F2_3,,,N2_2,L_3,M_1
176201,L2,L1,L2,L1,L2,L2,L1,L1,L2,C2_1,D2_3,F2_3,,,N2_2,L_3,M_2
176202,L2,L1,L2,L1,L2,L2,L1,L1,L2,C2_2,D2_1,F2_1,,,N2_1,L_1,M_1
176203,L2,L1,L2,L1,L2,L2,L1,L1,L2,C2_2,D2_1,F2_1,,,N2_1,L_1,M_2
176204,L2,L1,L2,L1,L2,L2,L1,L1,L2,C2_2,D2_1,F2_1,,,N2_1,L_2,M_1
176205,L2,L1,L2,L1,L2,L2,L1,L1,L2,C2_2,D2_1,F2_1,,,N2_1,L_2,M_2
176206,L2,L1,L2,L1,L2,L2,L1,L1,L2,C2_2,D2_1,F2_1,,,N2_1,L_3,M_1
176207,L2,L1,L2,L1,L2,L2,L1,L1,L2,C2_2,D2_1,F2_1,,,N2_1,L_3,M_2
176208,L2,L1,L2,L1,L2,L2,L1,L1,L2,C2_2,D2_1,F2_1,,,N2_2,L_1,M_1
176209,L2,L1,L2,L1,L2,L2,L1,L1,L2,C2_2,D2_1,F2_1,,,N2_2,L_1,M_2
176210,L2,L1,L2,L1,L2,L2,L1,L1,L2,C2_2,D2_1,F2_1,,,N2_2,L_2,M_1
176211,L2,L1,L2,L1,L2,L2,L1,L1,L2,C2_2,D2_1,F2_1,,,N2_2,L_2,M_2
176212,L2,L1,L2,L1,L2,L2,L1,L1,L2,C2_2,D2_1,F2_1,,,N2_2,L_3,M_1
176213,L2,L1,L2,L1,L2,L2,L1,L1,L2,C2_2,D2_1,F2_1,,,N2_2,L_3,M_2
176214,L2,L1,L2,L1,L2,L2,L1,L1,L2,C2_2,D2_1,F2_2,,,N2_1,L_1,M_1
176215,L2,L1,L2,L1,L2,L2,L1,L1,L2,C2_2,D2_1,F2_2,,,N2_1,L_1,M_2
176216,L2,L1,L2,L1,L2,L2,L1,L1,L2,C2_2,D2_1,F2_2,,,N2_1,L_2,M_1
176217,L2,L1,L2,L1,L2,L2,L1,L1,L2,C2_2,D2_1,F2_2,,,N2_1,L_2,M_2
176218,L2,L1,L2,L1,L2,L2,L1,L1,L2,C2_2,D2_1,F2_2,,,N2_1,L_3,M_1
176219,L2,L1,L2,L1,L2,L2,L1,L1,L2,C2_2,D2_1,F2_2,,,N2_1,L_3,M_2
176220,L2,L1,L2,L1,L2,L2,L1,L1,L2,C2_2,D2_1,F2_2,,,N2_2,L_1,M_1
176221,L2,L1,L2,L1,L2,L2,L1,L1,L2,C2_2,D2_1,F2_2,,,N2_2,L_1,M_2
176222,L2,L1,L2,L1,L2,L2,L1,L1,L2,C2_2,D2_1,F2_2,,,N2_2,L_2,M_1
176223,L2,L1,L2,L1,L2,L2,L1,L1,L2,C2_2,D2_1,F2_2,,,N2_2,L_2,M_2
176224,L2,L1,L2,L1,L2,L2,L1,L1,L2,C2_2,D2_1,F2_2,,,N2_2,L_3,M_1
176225,L2,L1,L2,L1,L2,L2,L1,L1,L2,C2_2,D2_1,F2_2,,,N2_2,L_3,M_2
176226,L2,L1,L2,L1,L2,L2,L1,L1,L2,C2_2,D2_1,F2_3,,,N2_1,L_1,M_1
176227,L2,L1,L2,L1,L2,L2,L1,L1,L2,C2_2,D2_1,F2_3,,,N2_1,L_1,M_2
176228,L2,L1,L2,L1,L2,L2,L1,L1,L2,C2_2,D2_1,F2_3,,,N2_1,L_2,M_1
176229,L2,L1,L2,L1,L2,L2,L1,L1,L2,C2_2,D2_1,F2_3,,,N2_1,L_2,M_2
176230,L2,L1,L2,L1,L2,L2,L1,L1,L2,C2_2,D2_1,F2_3,,,N2_1,L_3,M_1
176231,L2,L1,L2,L1,L2,L2,L1,L1,L2,C2_2,D2_1,F2_3,,,N2_1,L_3,M_2
176232,L2,L1,L2,L1,L2,L2,L1,L1,L2,C2_2,D2_1,F2_3,,,N2_2,L_1,M_1
176233,L2,L1,L2,L1,L2,L2,L1,L1,L2,C2_2,D2_1,F2_3,,,N2_2,L_1,M_2
176234,L2,L1,L2,L1,L2,L2,L1,L1,L2,C2_2,D2_1,F2_3,,,N2_2,L_2,M_1
176235,L2,L1,L2,L1,L2,L2,L1,L1,L2,C2_2,D2_1,F2_3,,,N2_2,L_2,M_2
176236,L2,L1,L2,L1,L2,L2,L1,L1,L2,C2_2,D2_1,F2_3,,,N2_2,L_3,M_1
176237,L2,L1,L2,L1,L2,L2,L1,L1,L2,C2_2,D2_1,F2_3,,,N2_2,L_3,M_2
176238,L2,L1,L2,L1,L2,L2,L1,L1,L2,C2_2,D2_2,F2_1,,,N2_1,L_1,M_1
176239,L2,L1,L2,L1,L2,L2,L1,L1,L2,C2_2,D2_2,F2_1,,,N2_1,L_1,M_2
176240,L2,L1,L2,L1,L2,L2,L1,L1,L2,C2_2,D2_2,F2_1,,,N2_1,L_2,M_1
176241,L2,L1,L2,L1,L2,L2,L1,L1,L2,C2_2,D2_2,F2_1,,,N2_1,L_2,M_2
176242,L2,L1,L2,L1,L2,L2,L1,L1,L2,C2_2,D2_2,F2_1,,,N2_1,L_3,M_1
176243,L2,L1,L2,L1,L2,L2,L1,L1,L2,C2_2,D2_2,F2_1,,,N2_1,L_3,M_2
176244,L2,L1,L2,L1,L2,L2,L1,L1,L2,C2_2,D2_2,F2_1,,,N2_2,L_1,M_1
176245,L2,L1,L2,L1,L2,L2,L1,L1,L2,C2_2,D2_2,F2_1,,,N2_2,L_1,M_2
176246,L2,L1,L2,L1,L2,L2,L1,L1,L2,C2_2,D2_2,F2_1,,,N2_2,L_2,M_1
176247,L2,L1,L2,L1,L2,L2,L1,L1,L2,C2_2,D2_2,F2_1,,,N2_2,L_2,M_2
176248,L2,L1,L2,L1,L2,L2,L1,L1,L2,C2_2,D2_2,F2_1,,,N2_2,L_3,M_1
176249,L2,L1,L2,L1,L2,L2,L1,L1,L2,C2_2,D2_2,F2_1,,,N2_2,L_3,M_2
176250,L2,L1,L2,L1,L2,L2,L1,L1,L2,C2_2,D2_2,F2_2,,,N2_1,L_1,M_1
176251,L2,L1,L2,L1,L2,L2,L1,L1,L2,C2_2,D2_2,F2_2,,,N2_1,L_1,M_2
176252,L2,L1,L2,L1,L2,L2,L1,L1,L2,C2_2,D2_2,F2_2,,,N2_1,L_2,M_1
176253,L2,L1,L2,L1,L2,L2,L1,L1,L2,C2_2,D2_2,F2_2,,,N2_1,L_2,M_2
176254,L2,L1,L2,L1,L2,L2,L1,L1,L2,C2_2,D2_2,F2_2,,,N2_1,L_3,M_1
176255,L2,L1,L2,L1,L2,L2,L1,L1,L2,C2_2,D2_2,F2_2,,,N2_1,L_3,M_2
176256,L2,L1,L2,L1,L2,L2,L1,L1,L2,C2_2,D2_2,F2_2,,,N2_2,L_1,M_1
176257,L2,L1,L2,L1,L2,L2,L1,L1,L2,C2_2,D2_2,F2_2,,,N2_2,L_1,M_2
176258,L2,L1,L2,L1,L2,L2,L1,L1,L2,C2_2,D2_2,F2_2,,,N2_2,L_2,M_1
176259,L2,L1,L2,L1,L2,L2,L1,L1,L2,C2_2,D2_2,F2_2,,,N2_2,L_2,M_2
176260,L2,L1,L2,L1,L2,L2,L1,L1,L2,C2_2,D2_2,F2_2,,,N2_2,L_3,M_1
176261,L2,L1,L2,L1,L2,L2,L1,L1,L2,C2_2,D2_2,F2_2,,,N2_2,L_3,M_2
176262,L2,L1,L2,L1,L2,L2,L1,L1,L2,C2_2,D2_2,F2_3,,,N2_1,L_1,M_1
176263,L2,L1,L2,L1,L2,L2,L1,L1,L2,C2_2,D2_2,F2_3,,,N2_1,L_1,M_2
176264,L2,L1,L2,L1,L2,L2,L1,L1,L2,C2_2,D2_2,F2_3,,,N2_1,L_2,M_1
176265,L2,L1,L2,L1,L2,L2,L1,L1,L2,C2_2,D2_2,F2_3,,,N2_1,L_2,M_2
176266,L2,L1,L2,L1,L2,L2,L1,L1,L2,C2_2,D2_2,F2_3,,,N2_1,L_3,M_1
176267,L2,L1,L2,L1,L2,L2,L1,L1,L2,C2_2,D2_2,F2_3,,,N2_1,L_3,M_2
176268,L2,L1,L2,L1,L2,L2,L1,L1,L2,C2_2,D2_2,F2_3,,,N2_2,L_1,M_1
176269,L2,L1,L2,L1,L2,L2,L1,L1,L2,C2_2,D2_2,F2_3,,,N2_2,L_1,M_2
176270,L2,L1,L2,L1,L2,L2,L1,L1,L2,C2_2,D2_2,F2_3,,,N2_2,L_2,M_1
176271,L2,L1,L2,L1,L2,L2,L1,L1,L2,C2_2,D2_2,F2_3,,,N2_2,L_2,M_2
176272,L2,L1,L2,L1,L2,L2,L1,L1,L2,C2_2,D2_2,F2_3,,,N2_2,L_3,M_1
176273,L2,L1,L2,L1,L2,L2,L1,L1,L2,C2_2,D2_2,F2_3,,,N2_2,L_3,M_2
176274,L2,L1,L2,L1,L2,L2,L1,L1,L2,C2_2,D2_3,F2_1,,,N2_1,L_1,M_1
176275,L2,L1,L2,L1,L2,L2,L1,L1,L2,C2_2,D2_3,F2_1,,,N2_1,L_1,M_2
176276,L2,L1,L2,L1,L2,L2,L1,L1,L2,C2_2,D2_3,F2_1,,,N2_1,L_2,M_1
176277,L2,L1,L2,L1,L2,L2,L1,L1,L2,C2_2,D2_3,F2_1,,,N2_1,L_2,M_2
176278,L2,L1,L2,L1,L2,L2,L1,L1,L2,C2_2,D2_3,F2_1,,,N2_1,L_3,M_1
176279,L2,L1,L2,L1,L2,L2,L1,L1,L2,C2_2,D2_3,F2_1,,,N2_1,L_3,M_2
176280,L2,L1,L2,L1,L2,L2,L1,L1,L2,C2_2,D2_3,F2_1,,,N2_2,L_1,M_1
176281,L2,L1,L2,L1,L2,L2,L1,L1,L2,C2_2,D2_3,F2_1,,,N2_2,L_1,M_2
176282,L2,L1,L2,L1,L2,L2,L1,L1,L2,C2_2,D2_3,F2_1,,,N2_2,L_2,M_1
176283,L2,L1,L2,L1,L2,L2,L1,L1,L2,C2_2,D2_3,F2_1,,,N2_2,L_2,M_2
176284,L2,L1,L2,L1,L2,L2,L1,L1,L2,C2_2,D2_3,F2_1,,,N2_2,L_3,M_1
176285,L2,L1,L2,L1,L2,L2,L1,L1,L2,C2_2,D2_3,F2_1,,,N2_2,L_3,M_2
176286,L2,L1,L2,L1,L2,L2,L1,L1,L2,C2_2,D2_3,F2_2,,,N2_1,L_1,M_1
176287,L2,L1,L2,L1,L2,L2,L1,L1,L2,C2_2,D2_3,F2_2,,,N2_1,L_1,M_2
176288,L2,L1,L2,L1,L2,L2,L1,L1,L2,C2_2,D2_3,F2_2,,,N2_1,L_2,M_1
176289,L2,L1,L2,L1,L2,L2,L1,L1,L2,C2_2,D2_3,F2_2,,,N2_1,L_2,M_2
176290,L2,L1,L2,L1,L2,L2,L1,L1,L2,C2_2,D2_3,F2_2,,,N2_1,L_3,M_1
176291,L2,L1,L2,L1,L2,L2,L1,L1,L2,C2_2,D2_3,F2_2,,,N2_1,L_3,M_2
176292,L2,L1,L2,L1,L2,L2,L1,L1,L2,C2_2,D2_3,F2_2,,,N2_2,L_1,M_1
176293,L2,L1,L2,L1,L2,L2,L1,L1,L2,C2_2,D2_3,F2_2,,,N2_2,L_1,M_2
176294,L2,L1,L2,L1,L2,L2,L1,L1,L2,C2_2,D2_3,F2_2,,,N2_2,L_2,M_1
176295,L2,L1,L2,L1,L2,L2,L1,L1,L2,C2_2,D2_3,F2_2,,,N2_2,L_2,M_2
176296,L2,L1,L2,L1,L2,L2,L1,L1,L2,C2_2,D2_3,F2_2,,,N2_2,L_3,M_1
176297,L2,L1,L2,L1,L2,L2,L1,L1,L2,C2_2,D2_3,F2_2,,,N2_2,L_3,M_2
176298,L2,L1,L2,L1,L2,L2,L1,L1,L2,C2_2,D2_3,F2_3,,,N2_1,L_1,M_1
176299,L2,L1,L2,L1,L2,L2,L1,L1,L2,C2_2,D2_3,F2_3,,,N2_1,L_1,M_2
176300,L2,L1,L2,L1,L2,L2,L1,L1,L2,C2_2,D2_3,F2_3,,,N2_1,L_2,M_1
176301,L2,L1,L2,L1,L2,L2,L1,L1,L2,C2_2,D2_3,F2_3,,,N2_1,L_2,M_2
176302,L2,L1,L2,L1,L2,L2,L1,L1,L2,C2_2,D2_3,F2_3,,,N2_1,L_3,M_1
176303,L2,L1,L2,L1,L2,L2,L1,L1,L2,C2_2,D2_3,F2_3,,,N2_1,L_3,M_2
176304,L2,L1,L2,L1,L2,L2,L1,L1,L2,C2_2,D2_3,F2_3,,,N2_2,L_1,M_1
176305,L2,L1,L2,L1,L2,L2,L1,L1,L2,C2_2,D2_3,F2_3,,,N2_2,L_1,M_2
176306,L2,L1,L2,L1,L2,L2,L1,L1,L2,C2_2,D2_3,F2_3,,,N2_2,L_2,M_1
176307,L2,L1,L2,L1,L2,L2,L1,L1,L2,C2_2,D2_3,F2_3,,,N2_2,L_2,M_2
176308,L2,L1,L2,L1,L2,L2,L1,L1,L2,C2_2,D2_3,F2_3,,,N2_2,L_3,M_1
176309,L2,L1,L2,L1,L2,L2,L1,L1,L2,C2_2,D2_3,F2_3,,,N2_2,L_3,M_2
176310,L2,L1,L2,L1,L2,L2,L1,L1,L2,C2_3,D2_1,F2_1,,,N2_1,L_1,M_1
176311,L2,L1,L2,L1,L2,L2,L1,L1,L2,C2_3,D2_1,F2_1,,,N2_1,L_1,M_2
176312,L2,L1,L2,L1,L2,L2,L1,L1,L2,C2_3,D2_1,F2_1,,,N2_1,L_2,M_1
176313,L2,L1,L2,L1,L2,L2,L1,L1,L2,C2_3,D2_1,F2_1,,,N2_1,L_2,M_2
176314,L2,L1,L2,L1,L2,L2,L1,L1,L2,C2_3,D2_1,F2_1,,,N2_1,L_3,M_1
176315,L2,L1,L2,L1,L2,L2,L1,L1,L2,C2_3,D2_1,F2_1,,,N2_1,L_3,M_2
176316,L2,L1,L2,L1,L2,L2,L1,L1,L2,C2_3,D2_1,F2_1,,,N2_2,L_1,M_1
176317,L2,L1,L2,L1,L2,L2,L1,L1,L2,C2_3,D2_1,F2_1,,,N2_2,L_1,M_2
176318,L2,L1,L2,L1,L2,L2,L1,L1,L2,C2_3,D2_1,F2_1,,,N2_2,L_2,M_1
176319,L2,L1,L2,L1,L2,L2,L1,L1,L2,C2_3,D2_1,F2_1,,,N2_2,L_2,M_2
176320,L2,L1,L2,L1,L2,L2,L1,L1,L2,C2_3,D2_1,F2_1,,,N2_2,L_3,M_1
176321,L2,L1,L2,L1,L2,L2,L1,L1,L2,C2_3,D2_1,F2_1,,,N2_2,L_3,M_2
176322,L2,L1,L2,L1,L2,L2,L1,L1,L2,C2_3,D2_1,F2_2,,,N2_1,L_1,M_1
176323,L2,L1,L2,L1,L2,L2,L1,L1,L2,C2_3,D2_1,F2_2,,,N2_1,L_1,M_2
176324,L2,L1,L2,L1,L2,L2,L1,L1,L2,C2_3,D2_1,F2_2,,,N2_1,L_2,M_1
176325,L2,L1,L2,L1,L2,L2,L1,L1,L2,C2_3,D2_1,F2_2,,,N2_1,L_2,M_2
176326,L2,L1,L2,L1,L2,L2,L1,L1,L2,C2_3,D2_1,F2_2,,,N2_1,L_3,M_1
176327,L2,L1,L2,L1,L2,L2,L1,L1,L2,C2_3,D2_1,F2_2,,,N2_1,L_3,M_2
176328,L2,L1,L2,L1,L2,L2,L1,L1,L2,C2_3,D2_1,F2_2,,,N2_2,L_1,M_1
176329,L2,L1,L2,L1,L2,L2,L1,L1,L2,C2_3,D2_1,F2_2,,,N2_2,L_1,M_2
176330,L2,L1,L2,L1,L2,L2,L1,L1,L2,C2_3,D2_1,F2_2,,,N2_2,L_2,M_1
176331,L2,L1,L2,L1,L2,L2,L1,L1,L2,C2_3,D2_1,F2_2,,,N2_2,L_2,M_2
176332,L2,L1,L2,L1,L2,L2,L1,L1,L2,C2_3,D2_1,F2_2,,,N2_2,L_3,M_1
176333,L2,L1,L2,L1,L2,L2,L1,L1,L2,C2_3,D2_1,F2_2,,,N2_2,L_3,M_2
176334,L2,L1,L2,L1,L2,L2,L1,L1,L2,C2_3,D2_1,F2_3,,,N2_1,L_1,M_1
176335,L2,L1,L2,L1,L2,L2,L1,L1,L2,C2_3,D2_1,F2_3,,,N2_1,L_1,M_2
176336,L2,L1,L2,L1,L2,L2,L1,L1,L2,C2_3,D2_1,F2_3,,,N2_1,L_2,M_1
176337,L2,L1,L2,L1,L2,L2,L1,L1,L2,C2_3,D2_1,F2_3,,,N2_1,L_2,M_2
176338,L2,L1,L2,L1,L2,L2,L1,L1,L2,C2_3,D2_1,F2_3,,,N2_1,L_3,M_1
176339,L2,L1,L2,L1,L2,L2,L1,L1,L2,C2_3,D2_1,F2_3,,,N2_1,L_3,M_2
176340,L2,L1,L2,L1,L2,L2,L1,L1,L2,C2_3,D2_1,F2_3,,,N2_2,L_1,M_1
176341,L2,L1,L2,L1,L2,L2,L1,L1,L2,C2_3,D2_1,F2_3,,,N2_2,L_1,M_2
176342,L2,L1,L2,L1,L2,L2,L1,L1,L2,C2_3,D2_1,F2_3,,,N2_2,L_2,M_1
176343,L2,L1,L2,L1,L2,L2,L1,L1,L2,C2_3,D2_1,F2_3,,,N2_2,L_2,M_2
176344,L2,L1,L2,L1,L2,L2,L1,L1,L2,C2_3,D2_1,F2_3,,,N2_2,L_3,M_1
176345,L2,L1,L2,L1,L2,L2,L1,L1,L2,C2_3,D2_1,F2_3,,,N2_2,L_3,M_2
176346,L2,L1,L2,L1,L2,L2,L1,L1,L2,C2_3,D2_2,F2_1,,,N2_1,L_1,M_1
176347,L2,L1,L2,L1,L2,L2,L1,L1,L2,C2_3,D2_2,F2_1,,,N2_1,L_1,M_2
176348,L2,L1,L2,L1,L2,L2,L1,L1,L2,C2_3,D2_2,F2_1,,,N2_1,L_2,M_1
176349,L2,L1,L2,L1,L2,L2,L1,L1,L2,C2_3,D2_2,F2_1,,,N2_1,L_2,M_2
176350,L2,L1,L2,L1,L2,L2,L1,L1,L2,C2_3,D2_2,F2_1,,,N2_1,L_3,M_1
176351,L2,L1,L2,L1,L2,L2,L1,L1,L2,C2_3,D2_2,F2_1,,,N2_1,L_3,M_2
176352,L2,L1,L2,L1,L2,L2,L1,L1,L2,C2_3,D2_2,F2_1,,,N2_2,L_1,M_1
176353,L2,L1,L2,L1,L2,L2,L1,L1,L2,C2_3,D2_2,F2_1,,,N2_2,L_1,M_2
176354,L2,L1,L2,L1,L2,L2,L1,L1,L2,C2_3,D2_2,F2_1,,,N2_2,L_2,M_1
176355,L2,L1,L2,L1,L2,L2,L1,L1,L2,C2_3,D2_2,F2_1,,,N2_2,L_2,M_2
176356,L2,L1,L2,L1,L2,L2,L1,L1,L2,C2_3,D2_2,F2_1,,,N2_2,L_3,M_1
176357,L2,L1,L2,L1,L2,L2,L1,L1,L2,C2_3,D2_2,F2_1,,,N2_2,L_3,M_2
176358,L2,L1,L2,L1,L2,L2,L1,L1,L2,C2_3,D2_2,F2_2,,,N2_1,L_1,M_1
176359,L2,L1,L2,L1,L2,L2,L1,L1,L2,C2_3,D2_2,F2_2,,,N2_1,L_1,M_2
176360,L2,L1,L2,L1,L2,L2,L1,L1,L2,C2_3,D2_2,F2_2,,,N2_1,L_2,M_1
176361,L2,L1,L2,L1,L2,L2,L1,L1,L2,C2_3,D2_2,F2_2,,,N2_1,L_2,M_2
176362,L2,L1,L2,L1,L2,L2,L1,L1,L2,C2_3,D2_2,F2_2,,,N2_1,L_3,M_1
176363,L2,L1,L2,L1,L2,L2,L1,L1,L2,C2_3,D2_2,F2_2,,,N2_1,L_3,M_2
176364,L2,L1,L2,L1,L2,L2,L1,L1,L2,C2_3,D2_2,F2_2,,,N2_2,L_1,M_1
176365,L2,L1,L2,L1,L2,L2,L1,L1,L2,C2_3,D2_2,F2_2,,,N2_2,L_1,M_2
176366,L2,L1,L2,L1,L2,L2,L1,L1,L2,C2_3,D2_2,F2_2,,,N2_2,L_2,M_1
176367,L2,L1,L2,L1,L2,L2,L1,L1,L2,C2_3,D2_2,F2_2,,,N2_2,L_2,M_2
176368,L2,L1,L2,L1,L2,L2,L1,L1,L2,C2_3,D2_2,F2_2,,,N2_2,L_3,M_1
176369,L2,L1,L2,L1,L2,L2,L1,L1,L2,C2_3,D2_2,F2_2,,,N2_2,L_3,M_2
176370,L2,L1,L2,L1,L2,L2,L1,L1,L2,C2_3,D2_2,F2_3,,,N2_1,L_1,M_1
176371,L2,L1,L2,L1,L2,L2,L1,L1,L2,C2_3,D2_2,F2_3,,,N2_1,L_1,M_2
176372,L2,L1,L2,L1,L2,L2,L1,L1,L2,C2_3,D2_2,F2_3,,,N2_1,L_2,M_1
176373,L2,L1,L2,L1,L2,L2,L1,L1,L2,C2_3,D2_2,F2_3,,,N2_1,L_2,M_2
176374,L2,L1,L2,L1,L2,L2,L1,L1,L2,C2_3,D2_2,F2_3,,,N2_1,L_3,M_1
176375,L2,L1,L2,L1,L2,L2,L1,L1,L2,C2_3,D2_2,F2_3,,,N2_1,L_3,M_2
176376,L2,L1,L2,L1,L2,L2,L1,L1,L2,C2_3,D2_2,F2_3,,,N2_2,L_1,M_1
176377,L2,L1,L2,L1,L2,L2,L1,L1,L2,C2_3,D2_2,F2_3,,,N2_2,L_1,M_2
176378,L2,L1,L2,L1,L2,L2,L1,L1,L2,C2_3,D2_2,F2_3,,,N2_2,L_2,M_1
176379,L2,L1,L2,L1,L2,L2,L1,L1,L2,C2_3,D2_2,F2_3,,,N2_2,L_2,M_2
176380,L2,L1,L2,L1,L2,L2,L1,L1,L2,C2_3,D2_2,F2_3,,,N2_2,L_3,M_1
176381,L2,L1,L2,L1,L2,L2,L1,L1,L2,C2_3,D2_2,F2_3,,,N2_2,L_3,M_2
176382,L2,L1,L2,L1,L2,L2,L1,L1,L2,C2_3,D2_3,F2_1,,,N2_1,L_1,M_1
176383,L2,L1,L2,L1,L2,L2,L1,L1,L2,C2_3,D2_3,F2_1,,,N2_1,L_1,M_2
176384,L2,L1,L2,L1,L2,L2,L1,L1,L2,C2_3,D2_3,F2_1,,,N2_1,L_2,M_1
176385,L2,L1,L2,L1,L2,L2,L1,L1,L2,C2_3,D2_3,F2_1,,,N2_1,L_2,M_2
176386,L2,L1,L2,L1,L2,L2,L1,L1,L2,C2_3,D2_3,F2_1,,,N2_1,L_3,M_1
176387,L2,L1,L2,L1,L2,L2,L1,L1,L2,C2_3,D2_3,F2_1,,,N2_1,L_3,M_2
176388,L2,L1,L2,L1,L2,L2,L1,L1,L2,C2_3,D2_3,F2_1,,,N2_2,L_1,M_1
176389,L2,L1,L2,L1,L2,L2,L1,L1,L2,C2_3,D2_3,F2_1,,,N2_2,L_1,M_2
176390,L2,L1,L2,L1,L2,L2,L1,L1,L2,C2_3,D2_3,F2_1,,,N2_2,L_2,M_1
176391,L2,L1,L2,L1,L2,L2,L1,L1,L2,C2_3,D2_3,F2_1,,,N2_2,L_2,M_2
176392,L2,L1,L2,L1,L2,L2,L1,L1,L2,C2_3,D2_3,F2_1,,,N2_2,L_3,M_1
176393,L2,L1,L2,L1,L2,L2,L1,L1,L2,C2_3,D2_3,F2_1,,,N2_2,L_3,M_2
176394,L2,L1,L2,L1,L2,L2,L1,L1,L2,C2_3,D2_3,F2_2,,,N2_1,L_1,M_1
176395,L2,L1,L2,L1,L2,L2,L1,L1,L2,C2_3,D2_3,F2_2,,,N2_1,L_1,M_2
176396,L2,L1,L2,L1,L2,L2,L1,L1,L2,C2_3,D2_3,F2_2,,,N2_1,L_2,M_1
176397,L2,L1,L2,L1,L2,L2,L1,L1,L2,C2_3,D2_3,F2_2,,,N2_1,L_2,M_2
176398,L2,L1,L2,L1,L2,L2,L1,L1,L2,C2_3,D2_3,F2_2,,,N2_1,L_3,M_1
176399,L2,L1,L2,L1,L2,L2,L1,L1,L2,C2_3,D2_3,F2_2,,,N2_1,L_3,M_2
176400,L2,L1,L2,L1,L2,L2,L1,L1,L2,C2_3,D2_3,F2_2,,,N2_2,L_1,M_1
176401,L2,L1,L2,L1,L2,L2,L1,L1,L2,C2_3,D2_3,F2_2,,,N2_2,L_1,M_2
176402,L2,L1,L2,L1,L2,L2,L1,L1,L2,C2_3,D2_3,F2_2,,,N2_2,L_2,M_1
176403,L2,L1,L2,L1,L2,L2,L1,L1,L2,C2_3,D2_3,F2_2,,,N2_2,L_2,M_2
176404,L2,L1,L2,L1,L2,L2,L1,L1,L2,C2_3,D2_3,F2_2,,,N2_2,L_3,M_1
176405,L2,L1,L2,L1,L2,L2,L1,L1,L2,C2_3,D2_3,F2_2,,,N2_2,L_3,M_2
176406,L2,L1,L2,L1,L2,L2,L1,L1,L2,C2_3,D2_3,F2_3,,,N2_1,L_1,M_1
176407,L2,L1,L2,L1,L2,L2,L1,L1,L2,C2_3,D2_3,F2_3,,,N2_1,L_1,M_2
176408,L2,L1,L2,L1,L2,L2,L1,L1,L2,C2_3,D2_3,F2_3,,,N2_1,L_2,M_1
176409,L2,L1,L2,L1,L2,L2,L1,L1,L2,C2_3,D2_3,F2_3,,,N2_1,L_2,M_2
176410,L2,L1,L2,L1,L2,L2,L1,L1,L2,C2_3,D2_3,F2_3,,,N2_1,L_3,M_1
176411,L2,L1,L2,L1,L2,L2,L1,L1,L2,C2_3,D2_3,F2_3,,,N2_1,L_3,M_2
176412,L2,L1,L2,L1,L2,L2,L1,L1,L2,C2_3,D2_3,F2_3,,,N2_2,L_1,M_1
176413,L2,L1,L2,L1,L2,L2,L1,L1,L2,C2_3,D2_3,F2_3,,,N2_2,L_1,M_2
176414,L2,L1,L2,L1,L2,L2,L1,L1,L2,C2_3,D2_3,F2_3,,,N2_2,L_2,M_1
176415,L2,L1,L2,L1,L2,L2,L1,L1,L2,C2_3,D2_3,F2_3,,,N2_2,L_2,M_2
176416,L2,L1,L2,L1,L2,L2,L1,L1,L2,C2_3,D2_3,F2_3,,,N2_2,L_3,M_1
176417,L2,L1,L2,L1,L2,L2,L1,L1,L2,C2_3,D2_3,F2_3,,,N2_2,L_3,M_2
233550,L1,L2,L1,L2,L1,L2,L1,L1,L2,C2_1,D2_1,F2_1,,,N2_1,L_1,M_1
233551,L1,L2,L1,L2,L1,L2,L1,L1,L2,C2_1,D2_1,F2_1,,,N2_1,L_1,M_2
233552,L1,L2,L1,L2,L1,L2,L1,L1,L2,C2_1,D2_1,F2_1,,,N2_1,L_2,M_1
233553,L1,L2,L1,L2,L1,L2,L1,L1,L2,C2_1,D2_1,F2_1,,,N2_1,L_2,M_2
233554,L1,L2,L1,L2,L1,L2,L1,L1,L2,C2_1,D2_1,F2_1,,,N2_1,L_3,M_1
233555,L1,L2,L1,L2,L1,L2,L1,L1,L2,C2_1,D2_1,F2_1,,,N2_1,L_3,M_2
233556,L1,L2,L1,L2,L1,L2,L1,L1,L2,C2_1,D2_1,F2_1,,,N2_2,L_1,M_1
233557,L1,L2,L1,L2,L1,L2,L1,L1,L2,C2_1,D2_1,F2_1,,,N2_2,L_1,M_2
233558,L1,L2,L1,L2,L1,L2,L1,L1,L2,C2_1,D2_1,F2_1,,,N2_2,L_2,M_1
233559,L1,L2,L1,L2,L1,L2,L1,L1,L2,C2_1,D2_1,F2_1,,,N2_2,L_2,M_2
233560,L1,L2,L1,L2,L1,L2,L1,L1,L2,C2_1,D2_1,F2_1,,,N2_2,L_3,M_1
233561,L1,L2,L1,L2,L1,L2,L1,L1,L2,C2_1,D2_1,F2_1,,,N2_2,L_3,M_2
233562,L1,L2,L1,L2,L1,L2,L1,L1,L2,C2_1,D2_1,F2_2,,,N2_1,L_1,M_1
233563,L1,L2,L1,L2,L1,L2,L1,L1,L2,C2_1,D2_1,F2_2,,,N2_1,L_1,M_2
233564,L1,L2,L1,L2,L1,L2,L1,L1,L2,C2_1,D2_1,F2_2,,,N2_1,L_2,M_1
233565,L1,L2,L1,L2,L1,L2,L1,L1,L2,C2_1,D2_1,F2_2,,,N2_1,L_2,M_2
233566,L1,L2,L1,L2,L1,L2,L1,L1,L2,C2_1,D2_1,F2_2,,,N2_1,L_3,M_1
233567,L1,L2,L1,L2,L1,L2,L1,L1,L2,C2_1,D2_1,F2_2,,,N2_1,L_3,M_2
233568,L1,L2,L1,L2,L1,L2,L1,L1,L2,C2_1,D2_1,F2_2,,,N2_2,L_1,M_1
233569,L1,L2,L1,L2,L1,L2,L1,L1,L2,C2_1,D2_1,F2_2,,,N2_2,L_1,M_2
233570,L1,L2,L1,L2,L1,L2,L1,L1,L2,C2_1,D2_1,F2_2,,,N2_2,L_2,M_1
233571,L1,L2,L1,L2,L1,L2,L1,L1,L2,C2_1,D2_1,F2_2,,,N2_2,L_2,M_2
233572,L1,L2,L1,L2,L1,L2,L1,L1,L2,C2_1,D2_1,F2_2,,,N2_2,L_3,M_1
233573,L1,L2,L1,L2,L1,L2,L1,L1,L2,C2_1,D2_1,F2_2,,,N2_2,L_3,M_2
233574,L1,L2,L1,L2,L1,L2,L1,L1,L2,C2_1,D2_1,F2_3,,,N2_1,L_1,M_1
233575,L1,L2,L1,L2,L1,L2,L1,L1,L2,C2_1,D2_1,F2_3,,,N2_1,L_1,M_2
233576,L1,L2,L1,L2,L1,L2,L1,L1,L2,C2_1,D2_1,F2_3,,,N2_1,L_2,M_1
233577,L1,L2,L1,L2,L1,L2,L1,L1,L2,C2_1,D2_1,F2_3,,,N2_1,L_2,M_2
233578,L1,L2,L1,L2,L1,L2,L1,L1,L2,C2_1,D2_1,F2_3,,,N2_1,L_3,M_1
233579,L1,L2,L1,L2,L1,L2,L1,L1,L2,C2_1,D2_1,F2_3,,,N2_1,L_3,M_2
233580,L1,L2,L1,L2,L1,L2,L1,L1,L2,C2_1,D2_1,F2_3,,,N2_2,L_1,M_1
233581,L1,L2,L1,L2,L1,L2,L1,L1,L2,C2_1,D2_1,F2_3,,,N2_2,L_1,M_2
233582,L1,L2,L1,L2,L1,L2,L1,L1,L2,C2_1,D2_1,F2_3,,,N2_2,L_2,M_1
233583,L1,L2,L1,L2,L1,L2,L1,L1,L2,C2_1,D2_1,F2_3,,,N2_2,L_2,M_2
233584,L1,L2,L1,L2,L1,L2,L1,L1,L2,C2_1,D2_1,F2_3,,,N2_2,L_3,M_1
233585,L1,L2,L1,L2,L1,L2,L1,L1,L2,C2_1,D2_1,F2_3,,,N2_2,L_3,M_2
233586,L1,L2,L1,L2,L1,L2,L1,L1,L2,C2_1,D2_2,F2_1,,,N2_1,L_1,M_1
233587,L1,L2,L1,L2,L1,L2,L1,L1,L2,C2_1,D2_2,F2_1,,,N2_1,L_1,M_2
233588,L1,L2,L1,L2,L1,L2,L1,L1,L2,C2_1,D2_2,F2_1,,,N2_1,L_2,M_1
233589,L1,L2,L1,L2,L1,L2,L1,L1,L2,C2_1,D2_2,F2_1,,,N2_1,L_2,M_2
233590,L1,L2,L1,L2,L1,L2,L1,L1,L2,C2_1,D2_2,F2_1,,,N2_1,L_3,M_1
233591,L1,L2,L1,L2,L1,L2,L1,L1,L2,C2_1,D2_2,F2_1,,,N2_1,L_3,M_2
233592,L1,L2,L1,L2,L1,L2,L1,L1,L2,C2_1,D2_2,F2_1,,,N2_2,L_1,M_1
233593,L1,L2,L1,L2,L1,L2,L1,L1,L2,C2_1,D2_2,F2_1,,,N2_2,L_1,M_2
233594,L1,L2,L1,L2,L1,L2,L1,L1,L2,C2_1,D2_2,F2_1,,,N2_2,L_2,M_1
233595,L1,L2,L1,L2,L1,L2,L1,L1,L2,C2_1,D2_2,F2_1,,,N2_2,L_2,M_2
233596,L1,L2,L1,L2,L1,L2,L1,L1,L2,C2_1,D2_2,F2_1,,,N2_2,L_3,M_1
233597,L1,L2,L1,L2,L1,L2,L1,L1,L2,C2_1,D2_2,F2_1,,,N2_2,L_3,M_2
233598,L1,L2,L1,L2,L1,L2,L1,L1,L2,C2_1,D2_2,F2_2,,,N2_1,L_1,M_1
233599,L1,L2,L1,L2,L1,L2,L1,L1,L2,C2_1,D2_2,F2_2,,,N2_1,L_1,M_2
233600,L1,L2,L1,L2,L1,L2,L1,L1,L2,C2_1,D2_2,F2_2,,,N2_1,L_2,M_1
233601,L1,L2,L1,L2,L1,L2,L1,L1,L2,C2_1,D2_2,F2_2,,,N2_1,L_2,M_2
233602,L1,L2,L1,L2,L1,L2,L1,L1,L2,C2_1,D2_2,F2_2,,,N2_1,L_3,M_1
233603,L1,L2,L1,L2,L1,L2,L1,L1,L2,C2_1,D2_2,F2_2,,,N2_1,L_3,M_2
233604,L1,L2,L1,L2,L1,L2,L1,L1,L2,C2_1,D2_2,F2_2,,,N2_2,L_1,M_1
233605,L1,L2,L1,L2,L1,L2,L1,L1,L2,C2_1,D2_2,F2_2,,,N2_2,L_1,M_2
233606,L1,L2,L1,L2,L1,L2,L1,L1,L2,C2_1,D2_2,F2_2,,,N2_2,L_2,M_1
233607,L1,L2,L1,L2,L1,L2,L1,L1,L2,C2_1,D2_2,F2_2,,,N2_2,L_2,M_2
233608,L1,L2,L1,L2,L1,L2,L1,L1,L2,C2_1,D2_2,F2_2,,,N2_2,L_3,M_1
233609,L1,L2,L1,L2,L1,L2,L1,L1,L2,C2_1,D2_2,F2_2,,,N2_2,L_3,M_2
233610,L1,L2,L1,L2,L1,L2,L1,L1,L2,C2_1,D2_2,F2_3,,,N2_1,L_1,M_1
233611,L1,L2,L1,L2,L1,L2,L1,L1,L2,C2_1,D2_2,F2_3,,,N2_1,L_1,M_2
233612,L1,L2,L1,L2,L1,L2,L1,L1,L2,C2_1,D2_2,F2_3,,,N2_1,L_2,M_1
233613,L1,L2,L1,L2,L1,L2,L1,L1,L2,C2_1,D2_2,F2_3,,,N2_1,L_2,M_2
233614,L1,L2,L1,L2,L1,L2,L1,L1,L2,C2_1,D2_2,F2_3,,,N2_1,L_3,M_1
233615,L1,L2,L1,L2,L1,L2,L1,L1,L2,C2_1,D2_2,F2_3,,,N2_1,L_3,M_2
233616,L1,L2,L1,L2,L1,L2,L1,L1,L2,C2_1,D2_2,F2_3,,,N2_2,L_1,M_1
233617,L1,L2,L1,L2,L1,L2,L1,L1,L2,C2_1,D2_2,F2_3,,,N2_2,L_1,M_2
233618,L1,L2,L1,L2,L1,L2,L1,L1,L2,C2_1,D2_2,F2_3,,,N2_2,L_2,M_1
233619,L1,L2,L1,L2,L1,L2,L1,L1,L2,C2_1,D2_2,F2_3,,,N2_2,L_2,M_2
233620,L1,L2,L1,L2,L1,L2,L1,L1,L2,C2_1,D2_2,F2_3,,,N2_2,L_3,M_1
233621,L1,L2,L1,L2,L1,L2,L1,L1,L2,C2_1,D2_2,F2_3,,,N2_2,L_3,M_2
233622,L1,L2,L1,L2,L1,L2,L1,L1,L2,C2_1,D2_3,F2_1,,,N2_1,L_1,M_1
233623,L1,L2,L1,L2,L1,L2,L1,L1,L2,C2_1,D2_3,F2_1,,,N2_1,L_1,M_2
233624,L1,L2,L1,L2,L1,L2,L1,L1,L2,C2_1,D2_3,F2_1,,,N2_1,L_2,M_1
233625,L1,L2,L1,L2,L1,L2,L1,L1,L2,C2_1,D2_3,F2_1,,,N2_1,L_2,M_2
233626,L1,L2,L1,L2,L1,L2,L1,L1,L2,C2_1,D2_3,F2_1,,,N2_1,L_3,M_1
233627,L1,L2,L1,L2,L1,L2,L1,L1,L2,C2_1,D2_3,F2_1,,,N2_1,L_3,M_2
233628,L1,L2,L1,L2,L1,L2,L1,L1,L2,C2_1,D2_3,F2_1,,,N2_2,L_1,M_1
233629,L1,L2,L1,L2,L1,L2,L1,L1,L2,C2_1,D2_3,F2_1,,,N2_2,L_1,M_2
233630,L1,L2,L1,L2,L1,L2,L1,L1,L2,C2_1,D2_3,F2_1,,,N2_2,L_2,M_1
233631,L1,L2,L1,L2,L1,L2,L1,L1,L2,C2_1,D2_3,F2_1,,,N2_2,L_2,M_2
233632,L1,L2,L1,L2,L1,L2,L1,L1,L2,C2_1,D2_3,F2_1,,,N2_2,L_3,M_1
233633,L1,L2,L1,L2,L1,L2,L1,L1,L2,C2_1,D2_3,F2_1,,,N2_2,L_3,M_2
233634,L1,L2,L1,L2,L1,L2,L1,L1,L2,C2_1,D2_3,F2_2,,,N2_1,L_1,M_1
233635,L1,L2,L1,L2,L1,L2,L1,L1,L2,C2_1,D2_3,F2_2,,,N2_1,L_1,M_2
233636,L1,L2,L1,L2,L1,L2,L1,L1,L2,C2_1,D2_3,F2_2,,,N2_1,L_2,M_1
233637,L1,L2,L1,L2,L1,L2,L1,L1,L2,C2_1,D2_3,F2_2,,,N2_1,L_2,M_2
233638,L1,L2,L1,L2,L1,L2,L1,L1,L2,C2_1,D2_3,F2_2,,,N2_1,L_3,M_1
233639,L1,L2,L1,L2,L1,L2,L1,L1,L2,C2_1,D2_3,F2_2,,,N2_1,L_3,M_2
233640,L1,L2,L1,L2,L1,L2,L1,L1,L2,C2_1,D2_3,F2_2,,,N2_2,L_1,M_1
233641,L1,L2,L1,L2,L1,L2,L1,L1,L2,C2_1,D2_3,F2_2,,,N2_2,L_1,M_2
233642,L1,L2,L1,L2,L1,L2,L1,L1,L2,C2_1,D2_3,F2_2,,,N2_2,L_2,M_1
233643,L1,L2,L1,L2,L1,L2,L1,L1,L2,C2_1,D2_3,F2_2,,,N2_2,L_2,M_2
233644,L1,L2,L1,L2,L1,L2,L1,L1,L2,C2_1,D2_3,F2_2,,,N2_2,L_3,M_1
233645,L1,L2,L1,L2,L1,L2,L1,L1,L2,C2_1,D2_3,F2_2,,,N2_2,L_3,M_2
233646,L1,L2,L1,L2,L1,L2,L1,L1,L2,C2_1,D2_3,F2_3,,,N2_1,L_1,M_1
233647,L1,L2,L1,L2,L1,L2,L1,L1,L2,C2_1,D2_3,F2_3,,,N2_1,L_1,M_2
233648,L1,L2,L1,L2,L1,L2,L1,L1,L2,C2_1,D2_3,F2_3,,,N2_1,L_2,M_1
233649,L1,L2,L1,L2,L1,L2,L1,L1,L2,C2_1,D2_3,F2_3,,,N2_1,L_2,M_2
233650,L1,L2,L1,L2,L1,L2,L1,L1,L2,C2_1,D2_3,F2_3,,,N2_1,L_3,M_1
233651,L1,L2,L1,L2,L1,L2,L1,L1,L2,C2_1,D2_3,F2_3,,,N2_1,L_3,M_2
233652,L1,L2,L1,L2,L1,L2,L1,L1,L2,C2_1,D2_3,F2_3,,,N2_2,L_1,M_1
233653,L1,L2,L1,L2,L1,L2,L1,L1,L2,C2_1,D2_3,F2_3,,,N2_2,L_1,M_2
233654,L1,L2,L1,L2,L1,L2,L1,L1,L2,C2_1,D2_3,F2_3,,,N2_2,L_2,M_1
233655,L1,L2,L1,L2,L1,L2,L1,L1,L2,C2_1,D2_3,F2_3,,,N2_2,L_2,M_2
233656,L1,L2,L1,L2,L1,L2,L1,L1,L2,C2_1,D2_3,F2_3,,,N2_2,L_3,M_1
233657,L1,L2,L1,L2,L1,L2,L1,L1,L2,C2_1,D2_3,F2_3,,,N2_2,L_3,M_2
233658,L1,L2,L1,L2,L1,L2,L1,L1,L2,C2_2,D2_1,F2_1,,,N2_1,L_1,M_1
233659,L1,L2,L1,L2,L1,L2,L1,L1,L2,C2_2,D2_1,F2_1,,,N2_1,L_1,M_2
233660,L1,L2,L1,L2,L1,L2,L1,L1,L2,C2_2,D2_1,F2_1,,,N2_1,L_2,M_1
233661,L1,L2,L1,L2,L1,L2,L1,L1,L2,C2_2,D2_1,F2_1,,,N2_1,L_2,M_2
233662,L1,L2,L1,L2,L1,L2,L1,L1,L2,C2_2,D2_1,F2_1,,,N2_1,L_3,M_1
233663,L1,L2,L1,L2,L1,L2,L1,L1,L2,C2_2,D2_1,F2_1,,,N2_1,L_3,M_2
233664,L1,L2,L1,L2,L1,L2,L1,L1,L2,C2_2,D2_1,F2_1,,,N2_2,L_1,M_1
233665,L1,L2,L1,L2,L1,L2,L1,L1,L2,C2_2,D2_1,F2_1,,,N2_2,L_1,M_2
233666,L1,L2,L1,L2,L1,L2,L1,L1,L2,C2_2,D2_1,F2_1,,,N2_2,L_2,M_1
233667,L1,L2,L1,L2,L1,L2,L1,L1,L2,C2_2,D2_1,F2_1,,,N2_2,L_2,M_2
233668,L1,L2,L1,L2,L1,L2,L1,L1,L2,C2_2,D2_1,F2_1,,,N2_2,L_3,M_1
233669,L1,L2,L1,L2,L1,L2,L1,L1,L2,C2_2,D2_1,F2_1,,,N2_2,L_3,M_2
233670,L1,L2,L1,L2,L1,L2,L1,L1,L2,C2_2,D2_1,F2_2,,,N2_1,L_1,M_1
233671,L1,L2,L1,L2,L1,L2,L1,L1,L2,C2_2,D2_1,F2_2,,,N2_1,L_1,M_2
233672,L1,L2,L1,L2,L1,L2,L1,L1,L2,C2_2,D2_1,F2_2,,,N2_1,L_2,M_1
233673,L1,L2,L1,L2,L1,L2,L1,L1,L2,C2_2,D2_1,F2_2,,,N2_1,L_2,M_2
233674,L1,L2,L1,L2,L1,L2,L1,L1,L2,C2_2,D2_1,F2_2,,,N2_1,L_3,M_1
233675,L1,L2,L1,L2,L1,L2,L1,L1,L2,C2_2,D2_1,F2_2,,,N2_1,L_3,M_2
233676,L1,L2,L1,L2,L1,L2,L1,L1,L2,C2_2,D2_1,F2_2,,,N2_2,L_1,M_1
233677,L1,L2,L1,L2,L1,L2,L1,L1,L2,C2_2,D2_1,F2_2,,,N2_2,L_1,M_2
233678,L1,L2,L1,L2,L1,L2,L1,L1,L2,C2_2,D2_1,F2_2,,,N2_2,L_2,M_1
233679,L1,L2,L1,L2,L1,L2,L1,L1,L2,C2_2,D2_1,F2_2,,,N2_2,L_2,M_2
233680,L1,L2,L1,L2,L1,L2,L1,L1,L2,C2_2,D2_1,F2_2,,,N2_2,L_3,M_1
233681,L1,L2,L1,L2,L1,L2,L1,L1,L2,C2_2,D2_1,F2_2,,,N2_2,L_3,M_2
233682,L1,L2,L1,L2,L1,L2,L1,L1,L2,C2_2,D2_1,F2_3,,,N2_1,L_1,M_1
233683,L1,L2,L1,L2,L1,L2,L1,L1,L2,C2_2,D2_1,F2_3,,,N2_1,L_1,M_2
233684,L1,L2,L1,L2,L1,L2,L1,L1,L2,C2_2,D2_1,F2_3,,,N2_1,L_2,M_1
233685,L1,L2,L1,L2,L1,L2,L1,L1,L2,C2_2,D2_1,F2_3,,,N2_1,L_2,M_2
233686,L1,L2,L1,L2,L1,L2,L1,L1,L2,C2_2,D2_1,F2_3,,,N2_1,L_3,M_1
233687,L1,L2,L1,L2,L1,L2,L1,L1,L2,C2_2,D2_1,F2_3,,,N2_1,L_3,M_2
233688,L1,L2,L1,L2,L1,L2,L1,L1,L2,C2_2,D2_1,F2_3,,,N2_2,L_1,M_1
233689,L1,L2,L1,L2,L1,L2,L1,L1,L2,C2_2,D2_1,F2_3,,,N2_2,L_1,M_2
233690,L1,L2,L1,L2,L1,L2,L1,L1,L2,C2_2,D2_1,F2_3,,,N2_2,L_2,M_1
233691,L1,L2,L1,L2,L1,L2,L1,L1,L2,C2_2,D2_1,F2_3,,,N2_2,L_2,M_2
233692,L1,L2,L1,L2,L1,L2,L1,L1,L2,C2_2,D2_1,F2_3,,,N2_2,L_3,M_1
233693,L1,L2,L1,L2,L1,L2,L1,L1,L2,C2_2,D2_1,F2_3,,,N2_2,L_3,M_2
233694,L1,L2,L1,L2,L1,L2,L1,L1,L2,C2_2,D2_2,F2_1,,,N2_1,L_1,M_1
233695,L1,L2,L1,L2,L1,L2,L1,L1,L2,C2_2,D2_2,F2_1,,,N2_1,L_1,M_2
233696,L1,L2,L1,L2,L1,L2,L1,L1,L2,C2_2,D2_2,F2_1,,,N2_1,L_2,M_1
233697,L1,L2,L1,L2,L1,L2,L1,L1,L2,C2_2,D2_2,F2_1,,,N2_1,L_2,M_2
233698,L1,L2,L1,L2,L1,L2,L1,L1,L2,C2_2,D2_2,F2_1,,,N2_1,L_3,M_1
233699,L1,L2,L1,L2,L1,L2,L1,L1,L2,C2_2,D2_2,F2_1,,,N2_1,L_3,M_2
233700,L1,L2,L1,L2,L1,L2,L1,L1,L2,C2_2,D2_2,F2_1,,,N2_2,L_1,M_1
233701,L1,L2,L1,L2,L1,L2,L1,L1,L2,C2_2,D2_2,F2_1,,,N2_2,L_1,M_2
233702,L1,L2,L1,L2,L1,L2,L1,L1,L2,C2_2,D2_2,F2_1,,,N2_2,L_2,M_1
233703,L1,L2,L1,L2,L1,L2,L1,L1,L2,C2_2,D2_2,F2_1,,,N2_2,L_2,M_2
233704,L1,L2,L1,L2,L1,L2,L1,L1,L2,C2_2,D2_2,F2_1,,,N2_2,L_3,M_1
233705,L1,L2,L1,L2,L1,L2,L1,L1,L2,C2_2,D2_2,F2_1,,,N2_2,L_3,M_2
233706,L1,L2,L1,L2,L1,L2,L1,L1,L2,C2_2,D2_2,F2_2,,,N2_1,L_1,M_1
233707,L1,L2,L1,L2,L1,L2,L1,L1,L2,C2_2,D2_2,F2_2,,,N2_1,L_1,M_2
233708,L1,L2,L1,L2,L1,L2,L1,L1,L2,C2_2,D2_2,F2_2,,,N2_1,L_2,M_1
233709,L1,L2,L1,L2,L1,L2,L1,L1,L2,C2_2,D2_2,F2_2,,,N2_1,L_2,M_2
233710,L1,L2,L1,L2,L1,L2,L1,L1,L2,C2_2,D2_2,F2_2,,,N2_1,L_3,M_1
233711,L1,L2,L1,L2,L1,L2,L1,L1,L2,C2_2,D2_2,F2_2,,,N2_1,L_3,M_2
233712,L1,L2,L1,L2,L1,L2,L1,L1,L2,C2_2,D2_2,F2_2,,,N2_2,L_1,M_1
233713,L1,L2,L1,L2,L1,L2,L1,L1,L2,C2_2,D2_2,F2_2,,,N2_2,L_1,M_2
233714,L1,L2,L1,L2,L1,L2,L1,L1,L2,C2_2,D2_2,F2_2,,,N2_2,L_2,M_1
233715,L1,L2,L1,L2,L1,L2,L1,L1,L2,C2_2,D2_2,F2_2,,,N2_2,L_2,M_2
233716,L1,L2,L1,L2,L1,L2,L1,L1,L2,C2_2,D2_2,F2_2,,,N2_2,L_3,M_1
233717,L1,L2,L1,L2,L1,L2,L1,L1,L2,C2_2,D2_2,F2_2,,,N2_2,L_3,M_2
233718,L1,L2,L1,L2,L1,L2,L1,L1,L2,C2_2,D2_2,F2_3,,,N2_1,L_1,M_1
233719,L1,L2,L1,L2,L1,L2,L1,L1,L2,C2_2,D2_2,F2_3,,,N2_1,L_1,M_2
233720,L1,L2,L1,L2,L1,L2,L1,L1,L2,C2_2,D2_2,F2_3,,,N2_1,L_2,M_1
233721,L1,L2,L1,L2,L1,L2,L1,L1,L2,C2_2,D2_2,F2_3,,,N2_1,L_2,M_2
233722,L1,L2,L1,L2,L1,L2,L1,L1,L2,C2_2,D2_2,F2_3,,,N2_1,L_3,M_1
233723,L1,L2,L1,L2,L1,L2,L1,L1,L2,C2_2,D2_2,F2_3,,,N2_1,L_3,M_2
233724,L1,L2,L1,L2,L1,L2,L1,L1,L2,C2_2,D2_2,F2_3,,,N2_2,L_1,M_1
233725,L1,L2,L1,L2,L1,L2,L1,L1,L2,C2_2,D2_2,F2_3,,,N2_2,L_1,M_2
233726,L1,L2,L1,L2,L1,L2,L1,L1,L2,C2_2,D2_2,F2_3,,,N2_2,L_2,M_1
233727,L1,L2,L1,L2,L1,L2,L1,L1,L2,C2_2,D2_2,F2_3,,,N2_2,L_2,M_2
233728,L1,L2,L1,L2,L1,L2,L1,L1,L2,C2_2,D2_2,F2_3,,,N2_2,L_3,M_1
233729,L1,L2,L1,L2,L1,L2,L1,L1,L2,C2_2,D2_2,F2_3,,,N2_2,L_3,M_2
233730,L1,L2,L1,L2,L1,L2,L1,L1,L2,C2_2,D2_3,F2_1,,,N2_1,L_1,M_1
233731,L1,L2,L1,L2,L1,L2,L1,L1,L2,C2_2,D2_3,F2_1,,,N2_1,L_1,M_2
233732,L1,L2,L1,L2,L1,L2,L1,L1,L2,C2_2,D2_3,F2_1,,,N2_1,L_2,M_1
233733,L1,L2,L1,L2,L1,L2,L1,L1,L2,C2_2,D2_3,F2_1,,,N2_1,L_2,M_2
233734,L1,L2,L1,L2,L1,L2,L1,L1,L2,C2_2,D2_3,F2_1,,,N2_1,L_3,M_1
233735,L1,L2,L1,L2,L1,L2,L1,L1,L2,C2_2,D2_3,F2_1,,,N2_1,L_3,M_2
233736,L1,L2,L1,L2,L1,L2,L1,L1,L2,C2_2,D2_3,F2_1,,,N2_2,L_1,M_1
233737,L1,L2,L1,L2,L1,L2,L1,L1,L2,C2_2,D2_3,F2_1,,,N2_2,L_1,M_2
233738,L1,L2,L1,L2,L1,L2,L1,L1,L2,C2_2,D2_3,F2_1,,,N2_2,L_2,M_1
233739,L1,L2,L1,L2,L1,L2,L1,L1,L2,C2_2,D2_3,F2_1,,,N2_2,L_2,M_2
233740,L1,L2,L1,L2,L1,L2,L1,L1,L2,C2_2,D2_3,F2_1,,,N2_2,L_3,M_1
233741,L1,L2,L1,L2,L1,L2,L1,L1,L2,C2_2,D2_3,F2_1,,,N2_2,L_3,M_2
233742,L1,L2,L1,L2,L1,L2,L1,L1,L2,C2_2,D2_3,F2_2,,,N2_1,L_1,M_1
233743,L1,L2,L1,L2,L1,L2,L1,L1,L2,C2_2,D2_3,F2_2,,,N2_1,L_1,M_2
233744,L1,L2,L1,L2,L1,L2,L1,L1,L2,C2_2,D2_3,F2_2,,,N2_1,L_2,M_1
233745,L1,L2,L1,L2,L1,L2,L1,L1,L2,C2_2,D2_3,F2_2,,,N2_1,L_2,M_2
233746,L1,L2,L1,L2,L1,L2,L1,L1,L2,C2_2,D2_3,F2_2,,,N2_1,L_3,M_1
233747,L1,L2,L1,L2,L1,L2,L1,L1,L2,C2_2,D2_3,F2_2,,,N2_1,L_3,M_2
233748,L1,L2,L1,L2,L1,L2,L1,L1,L2,C2_2,D2_3,F2_2,,,N2_2,L_1,M_1
233749,L1,L2,L1,L2,L1,L2,L1,L1,L2,C2_2,D2_3,F2_2,,,N2_2,L_1,M_2
233750,L1,L2,L1,L2,L1,L2,L1,L1,L2,C2_2,D2_3,F2_2,,,N2_2,L_2,M_1
233751,L1,L2,L1,L2,L1,L2,L1,L1,L2,C2_2,D2_3,F2_2,,,N2_2,L_2,M_2
233752,L1,L2,L1,L2,L1,L2,L1,L1,L2,C2_2,D2_3,F2_2,,,N2_2,L_3,M_1
233753,L1,L2,L1,L2,L1,L2,L1,L1,L2,C2_2,D2_3,F2_2,,,N2_2,L_3,M_2
233754,L1,L2,L1,L2,L1,L2,L1,L1,L2,C2_2,D2_3,F2_3,,,N2_1,L_1,M_1
233755,L1,L2,L1,L2,L1,L2,L1,L1,L2,C2_2,D2_3,F2_3,,,N2_1,L_1,M_2
233756,L1,L2,L1,L2,L1,L2,L1,L1,L2,C2_2,D2_3,F2_3,,,N2_1,L_2,M_1
233757,L1,L2,L1,L2,L1,L2,L1,L1,L2,C2_2,D2_3,F2_3,,,N2_1,L_2,M_2
233758,L1,L2,L1,L2,L1,L2,L1,L1,L2,C2_2,D2_3,F2_3,,,N2_1,L_3,M_1
233759,L1,L2,L1,L2,L1,L2,L1,L1,L2,C2_2,D2_3,F2_3,,,N2_1,L_3,M_2
233760,L1,L2,L1,L2,L1,L2,L1,L1,L2,C2_2,D2_3,F2_3,,,N2_2,L_1,M_1
233761,L1,L2,L1,L2,L1,L2,L1,L1,L2,C2_2,D2_3,F2_3,,,N2_2,L_1,M_2
233762,L1,L2,L1,L2,L1,L2,L1,L1,L2,C2_2,D2_3,F2_3,,,N2_2,L_2,M_1
233763,L1,L2,L1,L2,L1,L2,L1,L1,L2,C2_2,D2_3,F2_3,,,N2_2,L_2,M_2
233764,L1,L2,L1,L2,L1,L2,L1,L1,L2,C2_2,D2_3,F2_3,,,N2_2,L_3,M_1
233765,L1,L2,L1,L2,L1,L2,L1,L1,L2,C2_2,D2_3,F2_3,,,N2_2,L_3,M_2
233766,L1,L2,L1,L2,L1,L2,L1,L1,L2,C2_3,D2_1,F2_1,,,N2_1,L_1,M_1
233767,L1,L2,L1,L2,L1,L2,L1,L1,L2,C2_3,D2_1,F2_1,,,N2_1,L_1,M_2
233768,L1,L2,L1,L2,L1,L2,L1,L1,L2,C2_3,D2_1,F2_1,,,N2_1,L_2,M_1
233769,L1,L2,L1,L2,L1,L2,L1,L1,L2,C2_3,D2_1,F2_1,,,N2_1,L_2,M_2
233770,L1,L2,L1,L2,L1,L2,L1,L1,L2,C2_3,D2_1,F2_1,,,N2_1,L_3,M_1
233771,L1,L2,L1,L2,L1,L2,L1,L1,L2,C2_3,D2_1,F2_1,,,N2_1,L_3,M_2
233772,L1,L2,L1,L2,L1,L2,L1,L1,L2,C2_3,D2_1,F2_1,,,N2_2,L_1,M_1
233773,L1,L2,L1,L2,L1,L2,L1,L1,L2,C2_3,D2_1,F2_1,,,N2_2,L_1,M_2
233774,L1,L2,L1,L2,L1,L2,L1,L1,L2,C2_3,D2_1,F2_1,,,N2_2,L_2,M_1
233775,L1,L2,L1,L2,L1,L2,L1,L1,L2,C2_3,D2_1,F2_1,,,N2_2,L_2,M_2
233776,L1,L2,L1,L2,L1,L2,L1,L1,L2,C2_3,D2_1,F2_1,,,N2_2,L_3,M_1
233777,L1,L2,L1,L2,L1,L2,L1,L1,L2,C2_3,D2_1,F2_1,,,N2_2,L_3,M_2
233778,L1,L2,L1,L2,L1,L2,L1,L1,L2,C2_3,D2_1,F2_2,,,N2_1,L_1,M_1
233779,L1,L2,L1,L2,L1,L2,L1,L1,L2,C2_3,D2_1,F2_2,,,N2_1,L_1,M_2
233780,L1,L2,L1,L2,L1,L2,L1,L1,L2,C2_3,D2_1,F2_2,,,N2_1,L_2,M_1
233781,L1,L2,L1,L2,L1,L2,L1,L1,L2,C2_3,D2_1,F2_2,,,N2_1,L_2,M_2
233782,L1,L2,L1,L2,L1,L2,L1,L1,L2,C2_3,D2_1,F2_2,,,N2_1,L_3,M_1
233783,L1,L2,L1,L2,L1,L2,L1,L1,L2,C2_3,D2_1,F2_2,,,N2_1,L_3,M_2
233784,L1,L2,L1,L2,L1,L2,L1,L1,L2,C2_3,D2_1,F2_2,,,N2_2,L_1,M_1
233785,L1,L2,L1,L2,L1,L2,L1,L1,L2,C2_3,D2_1,F2_2,,,N2_2,L_1,M_2
233786,L1,L2,L1,L2,L1,L2,L1,L1,L2,C2_3,D2_1,F2_2,,,N2_2,L_2,M_1
233787,L1,L2,L1,L2,L1,L2,L1,L1,L2,C2_3,D2_1,F2_2,,,N2_2,L_2,M_2
233788,L1,L2,L1,L2,L1,L2,L1,L1,L2,C2_3,D2_1,F2_2,,,N2_2,L_3,M_1
233789,L1,L2,L1,L2,L1,L2,L1,L1,L2,C2_3,D2_1,F2_2,,,N2_2,L_3,M_2
233790,L1,L2,L1,L2,L1,L2,L1,L1,L2,C2_3,D2_1,F2_3,,,N2_1,L_1,M_1
233791,L1,L2,L1,L2,L1,L2,L1,L1,L2,C2_3,D2_1,F2_3,,,N2_1,L_1,M_2
233792,L1,L2,L1,L2,L1,L2,L1,L1,L2,C2_3,D2_1,F2_3,,,N2_1,L_2,M_1
233793,L1,L2,L1,L2,L1,L2,L1,L1,L2,C2_3,D2_1,F2_3,,,N2_1,L_2,M_2
233794,L1,L2,L1,L2,L1,L2,L1,L1,L2,C2_3,D2_1,F2_3,,,N2_1,L_3,M_1
233795,L1,L2,L1,L2,L1,L2,L1,L1,L2,C2_3,D2_1,F2_3,,,N2_1,L_3,M_2
233796,L1,L2,L1,L2,L1,L2,L1,L1,L2,C2_3,D2_1,F2_3,,,N2_2,L_1,M_1
233797,L1,L2,L1,L2,L1,L2,L1,L1,L2,C2_3,D2_1,F2_3,,,N2_2,L_1,M_2
233798,L1,L2,L1,L2,L1,L2,L1,L1,L2,C2_3,D2_1,F2_3,,,N2_2,L_2,M_1
233799,L1,L2,L1,L2,L1,L2,L1,L1,L2,C2_3,D2_1,F2_3,,,N2_2,L_2,M_2
233800,L1,L2,L1,L2,L1,L2,L1,L1,L2,C2_3,D2_1,F2_3,,,N2_2,L_3,M_1
233801,L1,L2,L1,L2,L1,L2,L1,L1,L2,C2_3,D2_1,F2_3,,,N2_2,L_3,M_2
233802,L1,L2,L1,L2,L1,L2,L1,L1,L2,C2_3,D2_2,F2_1,,,N2_1,L_1,M_1
233803,L1,L2,L1,L2,L1,L2,L1,L1,L2,C2_3,D2_2,F2_1,,,N2_1,L_1,M_2
233804,L1,L2,L1,L2,L1,L2,L1,L1,L2,C2_3,D2_2,F2_1,,,N2_1,L_2,M_1
233805,L1,L2,L1,L2,L1,L2,L1,L1,L2,C2_3,D2_2,F2_1,,,N2_1,L_2,M_2
233806,L1,L2,L1,L2,L1,L2,L1,L1,L2,C2_3,D2_2,F2_1,,,N2_1,L_3,M_1
233807,L1,L2,L1,L2,L1,L2,L1,L1,L2,C2_3,D2_2,F2_1,,,N2_1,L_3,M_2
233808,L1,L2,L1,L2,L1,L2,L1,L1,L2,C2_3,D2_2,F2_1,,,N2_2,L_1,M_1
233809,L1,L2,L1,L2,L1,L2,L1,L1,L2,C2_3,D2_2,F2_1,,,N2_2,L_1,M_2
233810,L1,L2,L1,L2,L1,L2,L1,L1,L2,C2_3,D2_2,F2_1,,,N2_2,L_2,M_1
233811,L1,L2,L1,L2,L1,L2,L1,L1,L2,C2_3,D2_2,F2_1,,,N2_2,L_2,M_2
233812,L1,L2,L1,L2,L1,L2,L1,L1,L2,C2_3,D2_2,F2_1,,,N2_2,L_3,M_1
233813,L1,L2,L1,L2,L1,L2,L1,L1,L2,C2_3,D2_2,F2_1,,,N2_2,L_3,M_2
233814,L1,L2,L1,L2,L1,L2,L1,L1,L2,C2_3,D2_2,F2_2,,,N2_1,L_1,M_1
233815,L1,L2,L1,L2,L1,L2,L1,L1,L2,C2_3,D2_2,F2_2,,,N2_1,L_1,M_2
233816,L1,L2,L1,L2,L1,L2,L1,L1,L2,C2_3,D2_2,F2_2,,,N2_1,L_2,M_1
233817,L1,L2,L1,L2,L1,L2,L1,L1,L2,C2_3,D2_2,F2_2,,,N2_1,L_2,M_2
233818,L1,L2,L1,L2,L1,L2,L1,L1,L2,C2_3,D2_2,F2_2,,,N2_1,L_3,M_1
233819,L1,L2,L1,L2,L1,L2,L1,L1,L2,C2_3,D2_2,F2_2,,,N2_1,L_3,M_2
233820,L1,L2,L1,L2,L1,L2,L1,L1,L2,C2_3,D2_2,F2_2,,,N2_2,L_1,M_1
233821,L1,L2,L1,L2,L1,L2,L1,L1,L2,C2_3,D2_2,F2_2,,,N2_2,L_1,M_2
233822,L1,L2,L1,L2,L1,L2,L1,L1,L2,C2_3,D2_2,F2_2,,,N2_2,L_2,M_1
233823,L1,L2,L1,L2,L1,L2,L1,L1,L2,C2_3,D2_2,F2_2,,,N2_2,L_2,M_2
233824,L1,L2,L1,L2,L1,L2,L1,L1,L2,C2_3,D2_2,F2_2,,,N2_2,L_3,M_1
233825,L1,L2,L1,L2,L1,L2,L1,L1,L2,C2_3,D2_2,F2_2,,,N2_2,L_3,M_2
233826,L1,L2,L1,L2,L1,L2,L1,L1,L2,C2_3,D2_2,F2_3,,,N2_1,L_1,M_1
233827,L1,L2,L1,L2,L1,L2,L1,L1,L2,C2_3,D2_2,F2_3,,,N2_1,L_1,M_2
233828,L1,L2,L1,L2,L1,L2,L1,L1,L2,C2_3,D2_2,F2_3,,,N2_1,L_2,M_1
233829,L1,L2,L1,L2,L1,L2,L1,L1,L2,C2_3,D2_2,F2_3,,,N2_1,L_2,M_2
233830,L1,L2,L1,L2,L1,L2,L1,L1,L2,C2_3,D2_2,F2_3,,,N2_1,L_3,M_1
233831,L1,L2,L1,L2,L1,L2,L1,L1,L2,C2_3,D2_2,F2_3,,,N2_1,L_3,M_2
233832,L1,L2,L1,L2,L1,L2,L1,L1,L2,C2_3,D2_2,F2_3,,,N2_2,L_1,M_1
233833,L1,L2,L1,L2,L1,L2,L1,L1,L2,C2_3,D2_2,F2_3,,,N2_2,L_1,M_2
233834,L1,L2,L1,L2,L1,L2,L1,L1,L2,C2_3,D2_2,F2_3,,,N2_2,L_2,M_1
233835,L1,L2,L1,L2,L1,L2,L1,L1,L2,C2_3,D2_2,F2_3,,,N2_2,L_2,M_2
233836,L1,L2,L1,L2,L1,L2,L1,L1,L2,C2_3,D2_2,F2_3,,,N2_2,L_3,M_1
233837,L1,L2,L1,L2,L1,L2,L1,L1,L2,C2_3,D2_2,F2_3,,,N2_2,L_3,M_2
233838,L1,L2,L1,L2,L1,L2,L1,L1,L2,C2_3,D2_3,F2_1,,,N2_1,L_1,M_1
233839,L1,L2,L1,L2,L1,L2,L1,L1,L2,C2_3,D2_3,F2_1,,,N2_1,L_1,M_2
233840,L1,L2,L1,L2,L1,L2,L1,L1,L2,C2_3,D2_3,F2_1,,,N2_1,L_2,M_1
233841,L1,L2,L1,L2,L1,L2,L1,L1,L2,C2_3,D2_3,F2_1,,,N2_1,L_2,M_2
233842,L1,L2,L1,L2,L1,L2,L1,L1,L2,C2_3,D2_3,F2_1,,,N2_1,L_3,M_1
233843,L1,L2,L1,L2,L1,L2,L1,L1,L2,C2_3,D2_3,F2_1,,,N2_1,L_3,M_2
233844,L1,L2,L1,L2,L1,L2,L1,L1,L2,C2_3,D2_3,F2_1,,,N2_2,L_1,M_1
233845,L1,L2,L1,L2,L1,L2,L1,L1,L2,C2_3,D2_3,F2_1,,,N2_2,L_1,M_2
233846,L1,L2,L1,L2,L1,L2,L1,L1,L2,C2_3,D2_3,F2_1,,,N2_2,L_2,M_1
233847,L1,L2,L1,L2,L1,L2,L1,L1,L2,C2_3,D2_3,F2_1,,,N2_2,L_2,M_2
233848,L1,L2,L1,L2,L1,L2,L1,L1,L2,C2_3,D2_3,F2_1,,,N2_2,L_3,M_1
233849,L1,L2,L1,L2,L1,L2,L1,L1,L2,C2_3,D2_3,F2_1,,,N2_2,L_3,M_2
233850,L1,L2,L1,L2,L1,L2,L1,L1,L2,C2_3,D2_3,F2_2,,,N2_1,L_1,M_1
233851,L1,L2,L1,L2,L1,L2,L1,L1,L2,C2_3,D2_3,F2_2,,,N2_1,L_1,M_2
233852,L1,L2,L1,L2,L1,L2,L1,L1,L2,C2_3,D2_3,F2_2,,,N2_1,L_2,M_1
233853,L1,L2,L1,L2,L1,L2,L1,L1,L2,C2_3,D2_3,F2_2,,,N2_1,L_2,M_2
233854,L1,L2,L1,L2,L1,L2,L1,L1,L2,C2_3,D2_3,F2_2,,,N2_1,L_3,M_1
233855,L1,L2,L1,L2,L1,L2,L1,L1,L2,C2_3,D2_3,F2_2,,,N2_1,L_3,M_2
233856,L1,L2,L1,L2,L1,L2,L1,L1,L2,C2_3,D2_3,F2_2,,,N2_2,L_1,M_1
233857,L1,L2,L1,L2,L1,L2,L1,L1,L2,C2_3,D2_3,F2_2,,,N2_2,L_1,M_2
233858,L1,L2,L1,L2,L1,L2,L1,L1,L2,C2_3,D2_3,F2_2,,,N2_2,L_2,M_1
233859,L1,L2,L1,L2,L1,L2,L1,L1,L2,C2_3,D2_3,F2_2,,,N2_2,L_2,M_2
233860,L1,L2,L1,L2,L1,L2,L1,L1,L2,C2_3,D2_3,F2_2,,,N2_2,L_3,M_1
233861,L1,L2,L1,L2,L1,L2,L1,L1,L2,C2_3,D2_3,F2_2,,,N2_2,L_3,M_2
233862,L1,L2,L1,L2,L1,L2,L1,L1,L2,C2_3,D2_3,F2_3,,,N2_1,L_1,M_1
233863,L1,L2,L1,L2,L1,L2,L1,L1,L2,C2_3,D2_3,F2_3,,,N2_1,L_1,M_2
233864,L1,L2,L1,L2,L1,L2,L1,L1,L2,C2_3,D2_3,F2_3,,,N2_1,L_2,M_1
233865,L1,L2,L1,L2,L1,L2,L1,L1,L2,C2_3,D2_3,F2_3,,,N2_1,L_2,M_2
233866,L1,L2,L1,L2,L1,L2,L1,L1,L2,C2_3,D2_3,F2_3,,,N2_1,L_3,M_1
233867,L1,L2,L1,L2,L1,L2,L1,L1,L2,C2_3,D2_3,F2_3,,,N2_1,L_3,M_2
233868,L1,L2,L1,L2,L1,L2,L1,L1,L2,C2_3,D2_3,F2_3,,,N2_2,L_1,M_1
233869,L1,L2,L1,L2,L1,L2,L1,L1,L2,C2_3,D2_3,F2_3,,,N2_2,L_1,M_2
233870,L1,L2,L1,L2,L1,L2,L1,L1,L2,C2_3,D2_3,F2_3,,,N2_2,L_2,M_1
233871,L1,L2,L1,L2,L1,L2,L1,L1,L2,C2_3,D2_3,F2_3,,,N2_2,L_2,M_2
233872,L1,L2,L1,L2,L1,L2,L1,L1,L2,C2_3,D2_3,F2_3,,,N2_2,L_3,M_1
233873,L1,L2,L1,L2,L1,L2,L1,L1,L2,C2_3,D2_3,F2_3,,,N2_2,L_3,M_2
243540,L3,L1,L2,L3,L3,L2,L1,L1,L2,C2_1,D2_1,F2_1,,,N2_1,L_1,M_1
243541,L3,L1,L2,L3,L3,L2,L1,L1,L2,C2_1,D2_1,F2_1,,,N2_1,L_1,M_2
243542,L3,L1,L2,L3,L3,L2,L1,L1,L2,C2_1,D2_1,F2_1,,,N2_1,L_2,M_1
243543,L3,L1,L2,L3,L3,L2,L1,L1,L2,C2_1,D2_1,F2_1,,,N2_1,L_2,M_2
243544,L3,L1,L2,L3,L3,L2,L1,L1,L2,C2_1,D2_1,F2_1,,,N2_1,L_3,M_1
243545,L3,L1,L2,L3,L3,L2,L1,L1,L2,C2_1,D2_1,F2_1,,,N2_1,L_3,M_2
243546,L3,L1,L2,L3,L3,L2,L1,L1,L2,C2_1,D2_1,F2_1,,,N2_2,L_1,M_1
243547,L3,L1,L2,L3,L3,L2,L1,L1,L2,C2_1,D2_1,F2_1,,,N2_2,L_1,M_2
243548,L3,L1,L2,L3,L3,L2,L1,L1,L2,C2_1,D2_1,F2_1,,,N2_2,L_2,M_1
243549,L3,L1,L2,L3,L3,L2,L1,L1,L2,C2_1,D2_1,F2_1,,,N2_2,L_2,M_2
243550,L3,L1,L2,L3,L3,L2,L1,L1,L2,C2_1,D2_1,F2_1,,,N2_2,L_3,M_1
243551,L3,L1,L2,L3,L3,L2,L1,L1,L2,C2_1,D2_1,F2_1,,,N2_2,L_3,M_2
243552,L3,L1,L2,L3,L3,L2,L1,L1,L2,C2_1,D2_1,F2_2,,,N2_1,L_1,M_1
243553,L3,L1,L2,L3,L3,L2,L1,L1,L2,C2_1,D2_1,F2_2,,,N2_1,L_1,M_2
243554,L3,L1,L2,L3,L3,L2,L1,L1,L2,C2_1,D2_1,F2_2,,,N2_1,L_2,M_1
243555,L3,L1,L2,L3,L3,L2,L1,L1,L2,C2_1,D2_1,F2_2,,,N2_1,L_2,M_2
243556,L3,L1,L2,L3,L3,L2,L1,L1,L2,C2_1,D2_1,F2_2,,,N2_1,L_3,M_1
243557,L3,L1,L2,L3,L3,L2,L1,L1,L2,C2_1,D2_1,F2_2,,,N2_1,L_3,M_2
243558,L3,L1,L2,L3,L3,L2,L1,L1,L2,C2_1,D2_1,F2_2,,,N2_2,L_1,M_1
243559,L3,L1,L2,L3,L3,L2,L1,L1,L2,C2_1,D2_1,F2_2,,,N2_2,L_1,M_2
243560,L3,L1,L2,L3,L3,L2,L1,L1,L2,C2_1,D2_1,F2_2,,,N2_2,L_2,M_1
243561,L3,L1,L2,L3,L3,L2,L1,L1,L2,C2_1,D2_1,F2_2,,,N2_2,L_2,M_2
243562,L3,L1,L2,L3,L3,L2,L1,L1,L2,C2_1,D2_1,F2_2,,,N2_2,L_3,M_1
243563,L3,L1,L2,L3,L3,L2,L1,L1,L2,C2_1,D2_1,F2_2,,,N2_2,L_3,M_2
243564,L3,L1,L2,L3,L3,L2,L1,L1,L2,C2_1,D2_1,F2_3,,,N2_1,L_1,M_1
243565,L3,L1,L2,L3,L3,L2,L1,L1,L2,C2_1,D2_1,F2_3,,,N2_1,L_1,M_2
243566,L3,L1,L2,L3,L3,L2,L1,L1,L2,C2_1,D2_1,F2_3,,,N2_1,L_2,M_1
243567,L3,L1,L2,L3,L3,L2,L1,L1,L2,C2_1,D2_1,F2_3,,,N2_1,L_2,M_2
243568,L3,L1,L2,L3,L3,L2,L1,L1,L2,C2_1,D2_1,F2_3,,,N2_1,L_3,M_1
243569,L3,L1,L2,L3,L3,L2,L1,L1,L2,C2_1,D2_1,F2_3,,,N2_1,L_3,M_2
243570,L3,L1,L2,L3,L3,L2,L1,L1,L2,C2_1,D2_1,F2_3,,,N2_2,L_1,M_1
243571,L3,L1,L2,L3,L3,L2,L1,L1,L2,C2_1,D2_1,F2_3,,,N2_2,L_1,M_2
243572,L3,L1,L2,L3,L3,L2,L1,L1,L2,C2_1,D2_1,F2_3,,,N2_2,L_2,M_1
243573,L3,L1,L2,L3,L3,L2,L1,L1,L2,C2_1,D2_1,F2_3,,,N2_2,L_2,M_2
243574,L3,L1,L2,L3,L3,L2,L1,L1,L2,C2_1,D2_1,F2_3,,,N2_2,L_3,M_1
243575,L3,L1,L2,L3,L3,L2,L1,L1,L2,C2_1,D2_1,F2_3,,,N2_2,L_3,M_2
243576,L3,L1,L2,L3,L3,L2,L1,L1,L2,C2_1,D2_2,F2_1,,,N2_1,L_1,M_1
243577,L3,L1,L2,L3,L3,L2,L1,L1,L2,C2_1,D2_2,F2_1,,,N2_1,L_1,M_2
243578,L3,L1,L2,L3,L3,L2,L1,L1,L2,C2_1,D2_2,F2_1,,,N2_1,L_2,M_1
243579,L3,L1,L2,L3,L3,L2,L1,L1,L2,C2_1,D2_2,F2_1,,,N2_1,L_2,M_2
243580,L3,L1,L2,L3,L3,L2,L1,L1,L2,C2_1,D2_2,F2_1,,,N2_1,L_3,M_1
243581,L3,L1,L2,L3,L3,L2,L1,L1,L2,C2_1,D2_2,F2_1,,,N2_1,L_3,M_2
243582,L3,L1,L2,L3,L3,L2,L1,L1,L2,C2_1,D2_2,F2_1,,,N2_2,L_1,M_1
243583,L3,L1,L2,L3,L3,L2,L1,L1,L2,C2_1,D2_2,F2_1,,,N2_2,L_1,M_2
243584,L3,L1,L2,L3,L3,L2,L1,L1,L2,C2_1,D2_2,F2_1,,,N2_2,L_2,M_1
243585,L3,L1,L2,L3,L3,L2,L1,L1,L2,C2_1,D2_2,F2_1,,,N2_2,L_2,M_2
243586,L3,L1,L2,L3,L3,L2,L1,L1,L2,C2_1,D2_2,F2_1,,,N2_2,L_3,M_1
243587,L3,L1,L2,L3,L3,L2,L1,L1,L2,C2_1,D2_2,F2_1,,,N2_2,L_3,M_2
243588,L3,L1,L2,L3,L3,L2,L1,L1,L2,C2_1,D2_2,F2_2,,,N2_1,L_1,M_1
243589,L3,L1,L2,L3,L3,L2,L1,L1,L2,C2_1,D2_2,F2_2,,,N2_1,L_1,M_2
243590,L3,L1,L2,L3,L3,L2,L1,L1,L2,C2_1,D2_2,F2_2,,,N2_1,L_2,M_1
243591,L3,L1,L2,L3,L3,L2,L1,L1,L2,C2_1,D2_2,F2_2,,,N2_1,L_2,M_2
243592,L3,L1,L2,L3,L3,L2,L1,L1,L2,C2_1,D2_2,F2_2,,,N2_1,L_3,M_1
243593,L3,L1,L2,L3,L3,L2,L1,L1,L2,C2_1,D2_2,F2_2,,,N2_1,L_3,M_2
243594,L3,L1,L2,L3,L3,L2,L1,L1,L2,C2_1,D2_2,F2_2,,,N2_2,L_1,M_1
243595,L3,L1,L2,L3,L3,L2,L1,L1,L2,C2_1,D2_2,F2_2,,,N2_2,L_1,M_2
243596,L3,L1,L2,L3,L3,L2,L1,L1,L2,C2_1,D2_2,F2_2,,,N2_2,L_2,M_1
243597,L3,L1,L2,L3,L3,L2,L1,L1,L2,C2_1,D2_2,F2_2,,,N2_2,L_2,M_2
243598,L3,L1,L2,L3,L3,L2,L1,L1,L2,C2_1,D2_2,F2_2,,,N2_2,L_3,M_1
243599,L3,L1,L2,L3,L3,L2,L1,L1,L2,C2_1,D2_2,F2_2,,,N2_2,L_3,M_2
243600,L3,L1,L2,L3,L3,L2,L1,L1,L2,C2_1,D2_2,F2_3,,,N2_1,L_1,M_1
243601,L3,L1,L2,L3,L3,L2,L1,L1,L2,C2_1,D2_2,F2_3,,,N2_1,L_1,M_2
243602,L3,L1,L2,L3,L3,L2,L1,L1,L2,C2_1,D2_2,F2_3,,,N2_1,L_2,M_1
243603,L3,L1,L2,L3,L3,L2,L1,L1,L2,C2_1,D2_2,F2_3,,,N2_1,L_2,M_2
243604,L3,L1,L2,L3,L3,L2,L1,L1,L2,C2_1,D2_2,F2_3,,,N2_1,L_3,M_1
243605,L3,L1,L2,L3,L3,L2,L1,L1,L2,C2_1,D2_2,F2_3,,,N2_1,L_3,M_2
243606,L3,L1,L2,L3,L3,L2,L1,L1,L2,C2_1,D2_2,F2_3,,,N2_2,L_1,M_1
243607,L3,L1,L2,L3,L3,L2,L1,L1,L2,C2_1,D2_2,F2_3,,,N2_2,L_1,M_2
243608,L3,L1,L2,L3,L3,L2,L1,L1,L2,C2_1,D2_2,F2_3,,,N2_2,L_2,M_1
243609,L3,L1,L2,L3,L3,L2,L1,L1,L2,C2_1,D2_2,F2_3,,,N2_2,L_2,M_2
243610,L3,L1,L2,L3,L3,L2,L1,L1,L2,C2_1,D2_2,F2_3,,,N2_2,L_3,M_1
243611,L3,L1,L2,L3,L3,L2,L1,L1,L2,C2_1,D2_2,F2_3,,,N2_2,L_3,M_2
243612,L3,L1,L2,L3,L3,L2,L1,L1,L2,C2_1,D2_3,F2_1,,,N2_1,L_1,M_1
243613,L3,L1,L2,L3,L3,L2,L1,L1,L2,C2_1,D2_3,F2_1,,,N2_1,L_1,M_2
243614,L3,L1,L2,L3,L3,L2,L1,L1,L2,C2_1,D2_3,F2_1,,,N2_1,L_2,M_1
243615,L3,L1,L2,L3,L3,L2,L1,L1,L2,C2_1,D2_3,F2_1,,,N2_1,L_2,M_2
243616,L3,L1,L2,L3,L3,L2,L1,L1,L2,C2_1,D2_3,F2_1,,,N2_1,L_3,M_1
243617,L3,L1,L2,L3,L3,L2,L1,L1,L2,C2_1,D2_3,F2_1,,,N2_1,L_3,M_2
243618,L3,L1,L2,L3,L3,L2,L1,L1,L2,C2_1,D2_3,F2_1,,,N2_2,L_1,M_1
243619,L3,L1,L2,L3,L3,L2,L1,L1,L2,C2_1,D2_3,F2_1,,,N2_2,L_1,M_2
243620,L3,L1,L2,L3,L3,L2,L1,L1,L2,C2_1,D2_3,F2_1,,,N2_2,L_2,M_1
243621,L3,L1,L2,L3,L3,L2,L1,L1,L2,C2_1,D2_3,F2_1,,,N2_2,L_2,M_2
243622,L3,L1,L2,L3,L3,L2,L1,L1,L2,C2_1,D2_3,F2_1,,,N2_2,L_3,M_1
243623,L3,L1,L2,L3,L3,L2,L1,L1,L2,C2_1,D2_3,F2_1,,,N2_2,L_3,M_2
243624,L3,L1,L2,L3,L3,L2,L1,L1,L2,C2_1,D2_3,F2_2,,,N2_1,L_1,M_1
243625,L3,L1,L2,L3,L3,L2,L1,L1,L2,C2_1,D2_3,F2_2,,,N2_1,L_1,M_2
243626,L3,L1,L2,L3,L3,L2,L1,L1,L2,C2_1,D2_3,F2_2,,,N2_1,L_2,M_1
243627,L3,L1,L2,L3,L3,L2,L1,L1,L2,C2_1,D2_3,F2_2,,,N2_1,L_2,M_2
243628,L3,L1,L2,L3,L3,L2,L1,L1,L2,C2_1,D2_3,F2_2,,,N2_1,L_3,M_1
243629,L3,L1,L2,L3,L3,L2,L1,L1,L2,C2_1,D2_3,F2_2,,,N2_1,L_3,M_2
243630,L3,L1,L2,L3,L3,L2,L1,L1,L2,C2_1,D2_3,F2_2,,,N2_2,L_1,M_1
243631,L3,L1,L2,L3,L3,L2,L1,L1,L2,C2_1,D2_3,F2_2,,,N2_2,L_1,M_2
243632,L3,L1,L2,L3,L3,L2,L1,L1,L2,C2_1,D2_3,F2_2,,,N2_2,L_2,M_1
243633,L3,L1,L2,L3,L3,L2,L1,L1,L2,C2_1,D2_3,F2_2,,,N2_2,L_2,M_2
243634,L3,L1,L2,L3,L3,L2,L1,L1,L2,C2_1,D2_3,F2_2,,,N2_2,L_3,M_1
243635,L3,L1,L2,L3,L3,L2,L1,L1,L2,C2_1,D2_3,F2_2,,,N2_2,L_3,M_2
243636,L3,L1,L2,L3,L3,L2,L1,L1,L2,C2_1,D2_3,F2_3,,,N2_1,L_1,M_1
243637,L3,L1,L2,L3,L3,L2,L1,L1,L2,C2_1,D2_3,F2_3,,,N2_1,L_1,M_2
243638,L3,L1,L2,L3,L3,L2,L1,L1,L2,C2_1,D2_3,F2_3,,,N2_1,L_2,M_1
243639,L3,L1,L2,L3,L3,L2,L1,L1,L2,C2_1,D2_3,F2_3,,,N2_1,L_2,M_2
243640,L3,L1,L2,L3,L3,L2,L1,L1,L2,C2_1,D2_3,F2_3,,,N2_1,L_3,M_1
243641,L3,L1,L2,L3,L3,L2,L1,L1,L2,C2_1,D2_3,F2_3,,,N2_1,L_3,M_2
243642,L3,L1,L2,L3,L3,L2,L1,L1,L2,C2_1,D2_3,F2_3,,,N2_2,L_1,M_1
243643,L3,L1,L2,L3,L3,L2,L1,L1,L2,C2_1,D2_3,F2_3,,,N2_2,L_1,M_2
243644,L3,L1,L2,L3,L3,L2,L1,L1,L2,C2_1,D2_3,F2_3,,,N2_2,L_2,M_1
243645,L3,L1,L2,L3,L3,L2,L1,L1,L2,C2_1,D2_3,F2_3,,,N2_2,L_2,M_2
243646,L3,L1,L2,L3,L3,L2,L1,L1,L2,C2_1,D2_3,F2_3,,,N2_2,L_3,M_1
243647,L3,L1,L2,L3,L3,L2,L1,L1,L2,C2_1,D2_3,F2_3,,,N2_2,L_3,M_2
243648,L3,L1,L2,L3,L3,L2,L1,L1,L2,C2_2,D2_1,F2_1,,,N2_1,L_1,M_1
243649,L3,L1,L2,L3,L3,L2,L1,L1,L2,C2_2,D2_1,F2_1,,,N2_1,L_1,M_2
243650,L3,L1,L2,L3,L3,L2,L1,L1,L2,C2_2,D2_1,F2_1,,,N2_1,L_2,M_1
243651,L3,L1,L2,L3,L3,L2,L1,L1,L2,C2_2,D2_1,F2_1,,,N2_1,L_2,M_2
243652,L3,L1,L2,L3,L3,L2,L1,L1,L2,C2_2,D2_1,F2_1,,,N2_1,L_3,M_1
243653,L3,L1,L2,L3,L3,L2,L1,L1,L2,C2_2,D2_1,F2_1,,,N2_1,L_3,M_2
243654,L3,L1,L2,L3,L3,L2,L1,L1,L2,C2_2,D2_1,F2_1,,,N2_2,L_1,M_1
243655,L3,L1,L2,L3,L3,L2,L1,L1,L2,C2_2,D2_1,F2_1,,,N2_2,L_1,M_2
243656,L3,L1,L2,L3,L3,L2,L1,L1,L2,C2_2,D2_1,F2_1,,,N2_2,L_2,M_1
243657,L3,L1,L2,L3,L3,L2,L1,L1,L2,C2_2,D2_1,F2_1,,,N2_2,L_2,M_2
243658,L3,L1,L2,L3,L3,L2,L1,L1,L2,C2_2,D2_1,F2_1,,,N2_2,L_3,M_1
243659,L3,L1,L2,L3,L3,L2,L1,L1,L2,C2_2,D2_1,F2_1,,,N2_2,L_3,M_2
243660,L3,L1,L2,L3,L3,L2,L1,L1,L2,C2_2,D2_1,F2_2,,,N2_1,L_1,M_1
243661,L3,L1,L2,L3,L3,L2,L1,L1,L2,C2_2,D2_1,F2_2,,,N2_1,L_1,M_2
243662,L3,L1,L2,L3,L3,L2,L1,L1,L2,C2_2,D2_1,F2_2,,,N2_1,L_2,M_1
243663,L3,L1,L2,L3,L3,L2,L1,L1,L2,C2_2,D2_1,F2_2,,,N2_1,L_2,M_2
243664,L3,L1,L2,L3,L3,L2,L1,L1,L2,C2_2,D2_1,F2_2,,,N2_1,L_3,M_1
243665,L3,L1,L2,L3,L3,L2,L1,L1,L2,C2_2,D2_1,F2_2,,,N2_1,L_3,M_2
243666,L3,L1,L2,L3,L3,L2,L1,L1,L2,C2_2,D2_1,F2_2,,,N2_2,L_1,M_1
243667,L3,L1,L2,L3,L3,L2,L1,L1,L2,C2_2,D2_1,F2_2,,,N2_2,L_1,M_2
243668,L3,L1,L2,L3,L3,L2,L1,L1,L2,C2_2,D2_1,F2_2,,,N2_2,L_2,M_1
243669,L3,L1,L2,L3,L3,L2,L1,L1,L2,C2_2,D2_1,F2_2,,,N2_2,L_2,M_2
243670,L3,L1,L2,L3,L3,L2,L1,L1,L2,C2_2,D2_1,F2_2,,,N2_2,L_3,M_1
243671,L3,L1,L2,L3,L3,L2,L1,L1,L2,C2_2,D2_1,F2_2,,,N2_2,L_3,M_2
243672,L3,L1,L2,L3,L3,L2,L1,L1,L2,C2_2,D2_1,F2_3,,,N2_1,L_1,M_1
243673,L3,L1,L2,L3,L3,L2,L1,L1,L2,C2_2,D2_1,F2_3,,,N2_1,L_1,M_2
243674,L3,L1,L2,L3,L3,L2,L1,L1,L2,C2_2,D2_1,F2_3,,,N2_1,L_2,M_1
243675,L3,L1,L2,L3,L3,L2,L1,L1,L2,C2_2,D2_1,F2_3,,,N2_1,L_2,M_2
243676,L3,L1,L2,L3,L3,L2,L1,L1,L2,C2_2,D2_1,F2_3,,,N2_1,L_3,M_1
243677,L3,L1,L2,L3,L3,L2,L1,L1,L2,C2_2,D2_1,F2_3,,,N2_1,L_3,M_2
243678,L3,L1,L2,L3,L3,L2,L1,L1,L2,C2_2,D2_1,F2_3,,,N2_2,L_1,M_1
243679,L3,L1,L2,L3,L3,L2,L1,L1,L2,C2_2,D2_1,F2_3,,,N2_2,L_1,M_2
243680,L3,L1,L2,L3,L3,L2,L1,L1,L2,C2_2,D2_1,F2_3,,,N2_2,L_2,M_1
243681,L3,L1,L2,L3,L3,L2,L1,L1,L2,C2_2,D2_1,F2_3,,,N2_2,L_2,M_2
243682,L3,L1,L2,L3,L3,L2,L1,L1,L2,C2_2,D2_1,F2_3,,,N2_2,L_3,M_1
243683,L3,L1,L2,L3,L3,L2,L1,L1,L2,C2_2,D2_1,F2_3,,,N2_2,L_3,M_2
243684,L3,L1,L2,L3,L3,L2,L1,L1,L2,C2_2,D2_2,F2_1,,,N2_1,L_1,M_1
243685,L3,L1,L2,L3,L3,L2,L1,L1,L2,C2_2,D2_2,F2_1,,,N2_1,L_1,M_2
243686,L3,L1,L2,L3,L3,L2,L1,L1,L2,C2_2,D2_2,F2_1,,,N2_1,L_2,M_1
243687,L3,L1,L2,L3,L3,L2,L1,L1,L2,C2_2,D2_2,F2_1,,,N2_1,L_2,M_2
243688,L3,L1,L2,L3,L3,L2,L1,L1,L2,C2_2,D2_2,F2_1,,,N2_1,L_3,M_1
243689,L3,L1,L2,L3,L3,L2,L1,L1,L2,C2_2,D2_2,F2_1,,,N2_1,L_3,M_2
243690,L3,L1,L2,L3,L3,L2,L1,L1,L2,C2_2,D2_2,F2_1,,,N2_2,L_1,M_1
243691,L3,L1,L2,L3,L3,L2,L1,L1,L2,C2_2,D2_2,F2_1,,,N2_2,L_1,M_2
243692,L3,L1,L2,L3,L3,L2,L1,L1,L2,C2_2,D2_2,F2_1,,,N2_2,L_2,M_1
243693,L3,L1,L2,L3,L3,L2,L1,L1,L2,C2_2,D2_2,F2_1,,,N2_2,L_2,M_2
243694,L3,L1,L2,L3,L3,L2,L1,L1,L2,C2_2,D2_2,F2_1,,,N2_2,L_3,M_1
243695,L3,L1,L2,L3,L3,L2,L1,L1,L2,C2_2,D2_2,F2_1,,,N2_2,L_3,M_2
243696,L3,L1,L2,L3,L3,L2,L1,L1,L2,C2_2,D2_2,F2_2,,,N2_1,L_1,M_1
243697,L3,L1,L2,L3,L3,L2,L1,L1,L2,C2_2,D2_2,F2_2,,,N2_1,L_1,M_2
243698,L3,L1,L2,L3,L3,L2,L1,L1,L2,C2_2,D2_2,F2_2,,,N2_1,L_2,M_1
243699,L3,L1,L2,L3,L3,L2,L1,L1,L2,C2_2,D2_2,F2_2,,,N2_1,L_2,M_2
243700,L3,L1,L2,L3,L3,L2,L1,L1,L2,C2_2,D2_2,F2_2,,,N2_1,L_3,M_1
243701,L3,L1,L2,L3,L3,L2,L1,L1,L2,C2_2,D2_2,F2_2,,,N2_1,L_3,M_2
243702,L3,L1,L2,L3,L3,L2,L1,L1,L2,C2_2,D2_2,F2_2,,,N2_2,L_1,M_1
243703,L3,L1,L2,L3,L3,L2,L1,L1,L2,C2_2,D2_2,F2_2,,,N2_2,L_1,M_2
243704,L3,L1,L2,L3,L3,L2,L1,L1,L2,C2_2,D2_2,F2_2,,,N2_2,L_2,M_1
243705,L3,L1,L2,L3,L3,L2,L1,L1,L2,C2_2,D2_2,F2_2,,,N2_2,L_2,M_2
243706,L3,L1,L2,L3,L3,L2,L1,L1,L2,C2_2,D2_2,F2_2,,,N2_2,L_3,M_1
243707,L3,L1,L2,L3,L3,L2,L1,L1,L2,C2_2,D2_2,F2_2,,,N2_2,L_3,M_2
243708,L3,L1,L2,L3,L3,L2,L1,L1,L2,C2_2,D2_2,F2_3,,,N2_1,L_1,M_1
243709,L3,L1,L2,L3,L3,L2,L1,L1,L2,C2_2,D2_2,F2_3,,,N2_1,L_1,M_2
243710,L3,L1,L2,L3,L3,L2,L1,L1,L2,C2_2,D2_2,F2_3,,,N2_1,L_2,M_1
243711,L3,L1,L2,L3,L3,L2,L1,L1,L2,C2_2,D2_2,F2_3,,,N2_1,L_2,M_2
243712,L3,L1,L2,L3,L3,L2,L1,L1,L2,C2_2,D2_2,F2_3,,,N2_1,L_3,M_1
243713,L3,L1,L2,L3,L3,L2,L1,L1,L2,C2_2,D2_2,F2_3,,,N2_1,L_3,M_2
243714,L3,L1,L2,L3,L3,L2,L1,L1,L2,C2_2,D2_2,F2_3,,,N2_2,L_1,M_1
243715,L3,L1,L2,L3,L3,L2,L1,L1,L2,C2_2,D2_2,F2_3,,,N2_2,L_1,M_2
243716,L3,L1,L2,L3,L3,L2,L1,L1,L2,C2_2,D2_2,F2_3,,,N2_2,L_2,M_1
243717,L3,L1,L2,L3,L3,L2,L1,L1,L2,C2_2,D2_2,F2_3,,,N2_2,L_2,M_2
243718,L3,L1,L2,L3,L3,L2,L1,L1,L2,C2_2,D2_2,F2_3,,,N2_2,L_3,M_1
243719,L3,L1,L2,L3,L3,L2,L1,L1,L2,C2_2,D2_2,F2_3,,,N2_2,L_3,M_2
243720,L3,L1,L2,L3,L3,L2,L1,L1,L2,C2_2,D2_3,F2_1,,,N2_1,L_1,M_1
243721,L3,L1,L2,L3,L3,L2,L1,L1,L2,C2_2,D2_3,F2_1,,,N2_1,L_1,M_2
243722,L3,L1,L2,L3,L3,L2,L1,L1,L2,C2_2,D2_3,F2_1,,,N2_1,L_2,M_1
243723,L3,L1,L2,L3,L3,L2,L1,L1,L2,C2_2,D2_3,F2_1,,,N2_1,L_2,M_2
243724,L3,L1,L2,L3,L3,L2,L1,L1,L2,C2_2,D2_3,F2_1,,,N2_1,L_3,M_1
243725,L3,L1,L2,L3,L3,L2,L1,L1,L2,C2_2,D2_3,F2_1,,,N2_1,L_3,M_2
243726,L3,L1,L2,L3,L3,L2,L1,L1,L2,C2_2,D2_3,F2_1,,,N2_2,L_1,M_1
243727,L3,L1,L2,L3,L3,L2,L1,L1,L2,C2_2,D2_3,F2_1,,,N2_2,L_1,M_2
243728,L3,L1,L2,L3,L3,L2,L1,L1,L2,C2_2,D2_3,F2_1,,,N2_2,L_2,M_1
243729,L3,L1,L2,L3,L3,L2,L1,L1,L2,C2_2,D2_3,F2_1,,,N2_2,L_2,M_2
243730,L3,L1,L2,L3,L3,L2,L1,L1,L2,C2_2,D2_3,F2_1,,,N2_2,L_3,M_1
243731,L3,L1,L2,L3,L3,L2,L1,L1,L2,C2_2,D2_3,F2_1,,,N2_2,L_3,M_2
243732,L3,L1,L2,L3,L3,L2,L1,L1,L2,C2_2,D2_3,F2_2,,,N2_1,L_1,M_1
243733,L3,L1,L2,L3,L3,L2,L1,L1,L2,C2_2,D2_3,F2_2,,,N2_1,L_1,M_2
243734,L3,L1,L2,L3,L3,L2,L1,L1,L2,C2_2,D2_3,F2_2,,,N2_1,L_2,M_1
243735,L3,L1,L2,L3,L3,L2,L1,L1,L2,C2_2,D2_3,F2_2,,,N2_1,L_2,M_2
243736,L3,L1,L2,L3,L3,L2,L1,L1,L2,C2_2,D2_3,F2_2,,,N2_1,L_3,M_1
243737,L3,L1,L2,L3,L3,L2,L1,L1,L2,C2_2,D2_3,F2_2,,,N2_1,L_3,M_2
243738,L3,L1,L2,L3,L3,L2,L1,L1,L2,C2_2,D2_3,F2_2,,,N2_2,L_1,M_1
243739,L3,L1,L2,L3,L3,L2,L1,L1,L2,C2_2,D2_3,F2_2,,,N2_2,L_1,M_2
243740,L3,L1,L2,L3,L3,L2,L1,L1,L2,C2_2,D2_3,F2_2,,,N2_2,L_2,M_1
243741,L3,L1,L2,L3,L3,L2,L1,L1,L2,C2_2,D2_3,F2_2,,,N2_2,L_2,M_2
243742,L3,L1,L2,L3,L3,L2,L1,L1,L2,C2_2,D2_3,F2_2,,,N2_2,L_3,M_1
243743,L3,L1,L2,L3,L3,L2,L1,L1,L2,C2_2,D2_3,F2_2,,,N2_2,L_3,M_2
243744,L3,L1,L2,L3,L3,L2,L1,L1,L2,C2_2,D2_3,F2_3,,,N2_1,L_1,M_1
243745,L3,L1,L2,L3,L3,L2,L1,L1,L2,C2_2,D2_3,F2_3,,,N2_1,L_1,M_2
243746,L3,L1,L2,L3,L3,L2,L1,L1,L2,C2_2,D2_3,F2_3,,,N2_1,L_2,M_1
243747,L3,L1,L2,L3,L3,L2,L1,L1,L2,C2_2,D2_3,F2_3,,,N2_1,L_2,M_2
243748,L3,L1,L2,L3,L3,L2,L1,L1,L2,C2_2,D2_3,F2_3,,,N2_1,L_3,M_1
243749,L3,L1,L2,L3,L3,L2,L1,L1,L2,C2_2,D2_3,F2_3,,,N2_1,L_3,M_2
243750,L3,L1,L2,L3,L3,L2,L1,L1,L2,C2_2,D2_3,F2_3,,,N2_2,L_1,M_1
243751,L3,L1,L2,L3,L3,L2,L1,L1,L2,C2_2,D2_3,F2_3,,,N2_2,L_1,M_2
243752,L3,L1,L2,L3,L3,L2,L1,L1,L2,C2_2,D2_3,F2_3,,,N2_2,L_2,M_1
243753,L3,L1,L2,L3,L3,L2,L1,L1,L2,C2_2,D2_3,F2_3,,,N2_2,L_2,M_2
243754,L3,L1,L2,L3,L3,L2,L1,L1,L2,C2_2,D2_3,F2_3,,,N2_2,L_3,M_1
243755,L3,L1,L2,L3,L3,L2,L1,L1,L2,C2_2,D2_3,F2_3,,,N2_2,L_3,M_2
243756,L3,L1,L2,L3,L3,L2,L1,L1,L2,C2_3,D2_1,F2_1,,,N2_1,L_1,M_1
243757,L3,L1,L2,L3,L3,L2,L1,L1,L2,C2_3,D2_1,F2_1,,,N2_1,L_1,M_2
243758,L3,L1,L2,L3,L3,L2,L1,L1,L2,C2_3,D2_1,F2_1,,,N2_1,L_2,M_1
243759,L3,L1,L2,L3,L3,L2,L1,L1,L2,C2_3,D2_1,F2_1,,,N2_1,L_2,M_2
243760,L3,L1,L2,L3,L3,L2,L1,L1,L2,C2_3,D2_1,F2_1,,,N2_1,L_3,M_1
243761,L3,L1,L2,L3,L3,L2,L1,L1,L2,C2_3,D2_1,F2_1,,,N2_1,L_3,M_2
243762,L3,L1,L2,L3,L3,L2,L1,L1,L2,C2_3,D2_1,F2_1,,,N2_2,L_1,M_1
243763,L3,L1,L2,L3,L3,L2,L1,L1,L2,C2_3,D2_1,F2_1,,,N2_2,L_1,M_2
243764,L3,L1,L2,L3,L3,L2,L1,L1,L2,C2_3,D2_1,F2_1,,,N2_2,L_2,M_1
243765,L3,L1,L2,L3,L3,L2,L1,L1,L2,C2_3,D2_1,F2_1,,,N2_2,L_2,M_2
243766,L3,L1,L2,L3,L3,L2,L1,L1,L2,C2_3,D2_1,F2_1,,,N2_2,L_3,M_1
243767,L3,L1,L2,L3,L3,L2,L1,L1,L2,C2_3,D2_1,F2_1,,,N2_2,L_3,M_2
243768,L3,L1,L2,L3,L3,L2,L1,L1,L2,C2_3,D2_1,F2_2,,,N2_1,L_1,M_1
243769,L3,L1,L2,L3,L3,L2,L1,L1,L2,C2_3,D2_1,F2_2,,,N2_1,L_1,M_2
243770,L3,L1,L2,L3,L3,L2,L1,L1,L2,C2_3,D2_1,F2_2,,,N2_1,L_2,M_1
243771,L3,L1,L2,L3,L3,L2,L1,L1,L2,C2_3,D2_1,F2_2,,,N2_1,L_2,M_2
243772,L3,L1,L2,L3,L3,L2,L1,L1,L2,C2_3,D2_1,F2_2,,,N2_1,L_3,M_1
243773,L3,L1,L2,L3,L3,L2,L1,L1,L2,C2_3,D2_1,F2_2,,,N2_1,L_3,M_2
243774,L3,L1,L2,L3,L3,L2,L1,L1,L2,C2_3,D2_1,F2_2,,,N2_2,L_1,M_1
243775,L3,L1,L2,L3,L3,L2,L1,L1,L2,C2_3,D2_1,F2_2,,,N2_2,L_1,M_2
243776,L3,L1,L2,L3,L3,L2,L1,L1,L2,C2_3,D2_1,F2_2,,,N2_2,L_2,M_1
243777,L3,L1,L2,L3,L3,L2,L1,L1,L2,C2_3,D2_1,F2_2,,,N2_2,L_2,M_2
243778,L3,L1,L2,L3,L3,L2,L1,L1,L2,C2_3,D2_1,F2_2,,,N2_2,L_3,M_1
243779,L3,L1,L2,L3,L3,L2,L1,L1,L2,C2_3,D2_1,F2_2,,,N2_2,L_3,M_2
243780,L3,L1,L2,L3,L3,L2,L1,L1,L2,C2_3,D2_1,F2_3,,,N2_1,L_1,M_1
243781,L3,L1,L2,L3,L3,L2,L1,L1,L2,C2_3,D2_1,F2_3,,,N2_1,L_1,M_2
243782,L3,L1,L2,L3,L3,L2,L1,L1,L2,C2_3,D2_1,F2_3,,,N2_1,L_2,M_1
243783,L3,L1,L2,L3,L3,L2,L1,L1,L2,C2_3,D2_1,F2_3,,,N2_1,L_2,M_2
243784,L3,L1,L2,L3,L3,L2,L1,L1,L2,C2_3,D2_1,F2_3,,,N2_1,L_3,M_1
243785,L3,L1,L2,L3,L3,L2,L1,L1,L2,C2_3,D2_1,F2_3,,,N2_1,L_3,M_2
243786,L3,L1,L2,L3,L3,L2,L1,L1,L2,C2_3,D2_1,F2_3,,,N2_2,L_1,M_1
243787,L3,L1,L2,L3,L3,L2,L1,L1,L2,C2_3,D2_1,F2_3,,,N2_2,L_1,M_2
243788,L3,L1,L2,L3,L3,L2,L1,L1,L2,C2_3,D2_1,F2_3,,,N2_2,L_2,M_1
243789,L3,L1,L2,L3,L3,L2,L1,L1,L2,C2_3,D2_1,F2_3,,,N2_2,L_2,M_2
243790,L3,L1,L2,L3,L3,L2,L1,L1,L2,C2_3,D2_1,F2_3,,,N2_2,L_3,M_1
243791,L3,L1,L2,L3,L3,L2,L1,L1,L2,C2_3,D2_1,F2_3,,,N2_2,L_3,M_2
243792,L3,L1,L2,L3,L3,L2,L1,L1,L2,C2_3,D2_2,F2_1,,,N2_1,L_1,M_1
243793,L3,L1,L2,L3,L3,L2,L1,L1,L2,C2_3,D2_2,F2_1,,,N2_1,L_1,M_2
243794,L3,L1,L2,L3,L3,L2,L1,L1,L2,C2_3,D2_2,F2_1,,,N2_1,L_2,M_1
243795,L3,L1,L2,L3,L3,L2,L1,L1,L2,C2_3,D2_2,F2_1,,,N2_1,L_2,M_2
243796,L3,L1,L2,L3,L3,L2,L1,L1,L2,C2_3,D2_2,F2_1,,,N2_1,L_3,M_1
243797,L3,L1,L2,L3,L3,L2,L1,L1,L2,C2_3,D2_2,F2_1,,,N2_1,L_3,M_2
243798,L3,L1,L2,L3,L3,L2,L1,L1,L2,C2_3,D2_2,F2_1,,,N2_2,L_1,M_1
243799,L3,L1,L2,L3,L3,L2,L1,L1,L2,C2_3,D2_2,F2_1,,,N2_2,L_1,M_2
243800,L3,L1,L2,L3,L3,L2,L1,L1,L2,C2_3,D2_2,F2_1,,,N2_2,L_2,M_1
243801,L3,L1,L2,L3,L3,L2,L1,L1,L2,C2_3,D2_2,F2_1,,,N2_2,L_2,M_2
243802,L3,L1,L2,L3,L3,L2,L1,L1,L2,C2_3,D2_2,F2_1,,,N2_2,L_3,M_1
243803,L3,L1,L2,L3,L3,L2,L1,L1,L2,C2_3,D2_2,F2_1,,,N2_2,L_3,M_2
243804,L3,L1,L2,L3,L3,L2,L1,L1,L2,C2_3,D2_2,F2_2,,,N2_1,L_1,M_1
243805,L3,L1,L2,L3,L3,L2,L1,L1,L2,C2_3,D2_2,F2_2,,,N2_1,L_1,M_2
243806,L3,L1,L2,L3,L3,L2,L1,L1,L2,C2_3,D2_2,F2_2,,,N2_1,L_2,M_1
243807,L3,L1,L2,L3,L3,L2,L1,L1,L2,C2_3,D2_2,F2_2,,,N2_1,L_2,M_2
243808,L3,L1,L2,L3,L3,L2,L1,L1,L2,C2_3,D2_2,F2_2,,,N2_1,L_3,M_1
243809,L3,L1,L2,L3,L3,L2,L1,L1,L2,C2_3,D2_2,F2_2,,,N2_1,L_3,M_2
243810,L3,L1,L2,L3,L3,L2,L1,L1,L2,C2_3,D2_2,F2_2,,,N2_2,L_1,M_1
243811,L3,L1,L2,L3,L3,L2,L1,L1,L2,C2_3,D2_2,F2_2,,,N2_2,L_1,M_2
243812,L3,L1,L2,L3,L3,L2,L1,L1,L2,C2_3,D2_2,F2_2,,,N2_2,L_2,M_1
243813,L3,L1,L2,L3,L3,L2,L1,L1,L2,C2_3,D2_2,F2_2,,,N2_2,L_2,M_2
243814,L3,L1,L2,L3,L3,L2,L1,L1,L2,C2_3,D2_2,F2_2,,,N2_2,L_3,M_1
243815,L3,L1,L2,L3,L3,L2,L1,L1,L2,C2_3,D2_2,F2_2,,,N2_2,L_3,M_2
243816,L3,L1,L2,L3,L3,L2,L1,L1,L2,C2_3,D2_2,F2_3,,,N2_1,L_1,M_1
243817,L3,L1,L2,L3,L3,L2,L1,L1,L2,C2_3,D2_2,F2_3,,,N2_1,L_1,M_2
243818,L3,L1,L2,L3,L3,L2,L1,L1,L2,C2_3,D2_2,F2_3,,,N2_1,L_2,M_1
243819,L3,L1,L2,L3,L3,L2,L1,L1,L2,C2_3,D2_2,F2_3,,,N2_1,L_2,M_2
243820,L3,L1,L2,L3,L3,L2,L1,L1,L2,C2_3,D2_2,F2_3,,,N2_1,L_3,M_1
243821,L3,L1,L2,L3,L3,L2,L1,L1,L2,C2_3,D2_2,F2_3,,,N2_1,L_3,M_2
243822,L3,L1,L2,L3,L3,L2,L1,L1,L2,C2_3,D2_2,F2_3,,,N2_2,L_1,M_1
243823,L3,L1,L2,L3,L3,L2,L1,L1,L2,C2_3,D2_2,F2_3,,,N2_2,L_1,M_2
243824,L3,L1,L2,L3,L3,L2,L1,L1,L2,C2_3,D2_2,F2_3,,,N2_2,L_2,M_1
243825,L3,L1,L2,L3,L3,L2,L1,L1,L2,C2_3,D2_2,F2_3,,,N2_2,L_2,M_2
243826,L3,L1,L2,L3,L3,L2,L1,L1,L2,C2_3,D2_2,F2_3,,,N2_2,L_3,M_1
243827,L3,L1,L2,L3,L3,L2,L1,L1,L2,C2_3,D2_2,F2_3,,,N2_2,L_3,M_2
243828,L3,L1,L2,L3,L3,L2,L1,L1,L2,C2_3,D2_3,F2_1,,,N2_1,L_1,M_1
243829,L3,L1,L2,L3,L3,L2,L1,L1,L2,C2_3,D2_3,F2_1,,,N2_1,L_1,M_2
243830,L3,L1,L2,L3,L3,L2,L1,L1,L2,C2_3,D2_3,F2_1,,,N2_1,L_2,M_1
243831,L3,L1,L2,L3,L3,L2,L1,L1,L2,C2_3,D2_3,F2_1,,,N2_1,L_2,M_2
243832,L3,L1,L2,L3,L3,L2,L1,L1,L2,C2_3,D2_3,F2_1,,,N2_1,L_3,M_1
243833,L3,L1,L2,L3,L3,L2,L1,L1,L2,C2_3,D2_3,F2_1,,,N2_1,L_3,M_2
243834,L3,L1,L2,L3,L3,L2,L1,L1,L2,C2_3,D2_3,F2_1,,,N2_2,L_1,M_1
243835,L3,L1,L2,L3,L3,L2,L1,L1,L2,C2_3,D2_3,F2_1,,,N2_2,L_1,M_2
243836,L3,L1,L2,L3,L3,L2,L1,L1,L2,C2_3,D2_3,F2_1,,,N2_2,L_2,M_1
243837,L3,L1,L2,L3,L3,L2,L1,L1,L2,C2_3,D2_3,F2_1,,,N2_2,L_2,M_2
243838,L3,L1,L2,L3,L3,L2,L1,L1,L2,C2_3,D2_3,F2_1,,,N2_2,L_3,M_1
243839,L3,L1,L2,L3,L3,L2,L1,L1,L2,C2_3,D2_3,F2_1,,,N2_2,L_3,M_2
243840,L3,L1,L2,L3,L3,L2,L1,L1,L2,C2_3,D2_3,F2_2,,,N2_1,L_1,M_1
243841,L3,L1,L2,L3,L3,L2,L1,L1,L2,C2_3,D2_3,F2_2,,,N2_1,L_1,M_2
243842,L3,L1,L2,L3,L3,L2,L1,L1,L2,C2_3,D2_3,F2_2,,,N2_1,L_2,M_1
243843,L3,L1,L2,L3,L3,L2,L1,L1,L2,C2_3,D2_3,F2_2,,,N2_1,L_2,M_2
243844,L3,L1,L2,L3,L3,L2,L1,L1,L2,C2_3,D2_3,F2_2,,,N2_1,L_3,M_1
243845,L3,L1,L2,L3,L3,L2,L1,L1,L2,C2_3,D2_3,F2_2,,,N2_1,L_3,M_2
243846,L3,L1,L2,L3,L3,L2,L1,L1,L2,C2_3,D2_3,F2_2,,,N2_2,L_1,M_1
243847,L3,L1,L2,L3,L3,L2,L1,L1,L2,C2_3,D2_3,F2_2,,,N2_2,L_1,M_2
243848,L3,L1,L2,L3,L3,L2,L1,L1,L2,C2_3,D2_3,F2_2,,,N2_2,L_2,M_1
243849,L3,L1,L2,L3,L3,L2,L1,L1,L2,C2_3,D2_3,F2_2,,,N2_2,L_2,M_2
243850,L3,L1,L2,L3,L3,L2,L1,L1,L2,C2_3,D2_3,F2_2,,,N2_2,L_3,M_1
243851,L3,L1,L2,L3,L3,L2,L1,L1,L2,C2_3,D2_3,F2_2,,,N2_2,L_3,M_2
243852,L3,L1,L2,L3,L3,L2,L1,L1,L2,C2_3,D2_3,F2_3,,,N2_1,L_1,M_1
243853,L3,L1,L2,L3,L3,L2,L1,L1,L2,C2_3,D2_3,F2_3,,,N2_1,L_1,M_2
243854,L3,L1,L2,L3,L3,L2,L1,L1,L2,C2_3,D2_3,F2_3,,,N2_1,L_2,M_1
243855,L3,L1,L2,L3,L3,L2,L1,L1,L2,C2_3,D2_3,F2_3,,,N2_1,L_2,M_2
243856,L3,L1,L2,L3,L3,L2,L1,L1,L2,C2_3,D2_3,F2_3,,,N2_1,L_3,M_1
243857,L3,L1,L2,L3,L3,L2,L1,L1,L2,C2_3,D2_3,F2_3,,,N2_1,L_3,M_2
243858,L3,L1,L2,L3,L3,L2,L1,L1,L2,C2_3,D2_3,F2_3,,,N2_2,L_1,M_1
243859,L3,L1,L2,L3,L3,L2,L1,L1,L2,C2_3,D2_3,F2_3,,,N2_2,L_1,M_2
243860,L3,L1,L2,L3,L3,L2,L1,L1,L2,C2_3,D2_3,F2_3,,,N2_2,L_2,M_1
243861,L3,L1,L2,L3,L3,L2,L1,L1,L2,C2_3,D2_3,F2_3,,,N2_2,L_2,M_2
243862,L3,L1,L2,L3,L3,L2,L1,L1,L2,C2_3,D2_3,F2_3,,,N2_2,L_3,M_1
243863,L3,L1,L2,L3,L3,L2,L1,L1,L2,C2_3,D2_3,F2_3,,,N2_2,L_3,M_2
275670,L1,L3,L1,L2,L2,L2,L1,L1,L2,C2_1,D2_1,F2_1,,,N2_1,L_1,M_1
275671,L1,L3,L1,L2,L2,L2,L1,L1,L2,C2_1,D2_1,F2_1,,,N2_1,L_1,M_2
275672,L1,L3,L1,L2,L2,L2,L1,L1,L2,C2_1,D2_1,F2_1,,,N2_1,L_2,M_1
275673,L1,L3,L1,L2,L2,L2,L1,L1,L2,C2_1,D2_1,F2_1,,,N2_1,L_2,M_2
275674,L1,L3,L1,L2,L2,L2,L1,L1,L2,C2_1,D2_1,F2_1,,,N2_1,L_3,M_1
275675,L1,L3,L1,L2,L2,L2,L1,L1,L2,C2_1,D2_1,F2_1,,,N2_1,L_3,M_2
275676,L1,L3,L1,L2,L2,L2,L1,L1,L2,C2_1,D2_1,F2_1,,,N2_2,L_1,M_1
275677,L1,L3,L1,L2,L2,L2,L1,L1,L2,C2_1,D2_1,F2_1,,,N2_2,L_1,M_2
275678,L1,L3,L1,L2,L2,L2,L1,L1,L2,C2_1,D2_1,F2_1,,,N2_2,L_2,M_1
275679,L1,L3,L1,L2,L2,L2,L1,L1,L2,C2_1,D2_1,F2_1,,,N2_2,L_2,M_2
275680,L1,L3,L1,L2,L2,L2,L1,L1,L2,C2_1,D2_1,F2_1,,,N2_2,L_3,M_1
275681,L1,L3,L1,L2,L2,L2,L1,L1,L2,C2_1,D2_1,F2_1,,,N2_2,L_3,M_2
275682,L1,L3,L1,L2,L2,L2,L1,L1,L2,C2_1,D2_1,F2_2,,,N2_1,L_1,M_1
275683,L1,L3,L1,L2,L2,L2,L1,L1,L2,C2_1,D2_1,F2_2,,,N2_1,L_1,M_2
275684,L1,L3,L1,L2,L2,L2,L1,L1,L2,C2_1,D2_1,F2_2,,,N2_1,L_2,M_1
275685,L1,L3,L1,L2,L2,L2,L1,L1,L2,C2_1,D2_1,F2_2,,,N2_1,L_2,M_2
275686,L1,L3,L1,L2,L2,L2,L1,L1,L2,C2_1,D2_1,F2_2,,,N2_1,L_3,M_1
275687,L1,L3,L1,L2,L2,L2,L1,L1,L2,C2_1,D2_1,F2_2,,,N2_1,L_3,M_2
275688,L1,L3,L1,L2,L2,L2,L1,L1,L2,C2_1,D2_1,F2_2,,,N2_2,L_1,M_1
275689,L1,L3,L1,L2,L2,L2,L1,L1,L2,C2_1,D2_1,F2_2,,,N2_2,L_1,M_2
275690,L1,L3,L1,L2,L2,L2,L1,L1,L2,C2_1,D2_1,F2_2,,,N2_2,L_2,M_1
275691,L1,L3,L1,L2,L2,L2,L1,L1,L2,C2_1,D2_1,F2_2,,,N2_2,L_2,M_2
275692,L1,L3,L1,L2,L2,L2,L1,L1,L2,C2_1,D2_1,F2_2,,,N2_2,L_3,M_1
275693,L1,L3,L1,L2,L2,L2,L1,L1,L2,C2_1,D2_1,F2_2,,,N2_2,L_3,M_2
275694,L1,L3,L1,L2,L2,L2,L1,L1,L2,C2_1,D2_1,F2_3,,,N2_1,L_1,M_1
275695,L1,L3,L1,L2,L2,L2,L1,L1,L2,C2_1,D2_1,F2_3,,,N2_1,L_1,M_2
275696,L1,L3,L1,L2,L2,L2,L1,L1,L2,C2_1,D2_1,F2_3,,,N2_1,L_2,M_1
275697,L1,L3,L1,L2,L2,L2,L1,L1,L2,C2_1,D2_1,F2_3,,,N2_1,L_2,M_2
275698,L1,L3,L1,L2,L2,L2,L1,L1,L2,C2_1,D2_1,F2_3,,,N2_1,L_3,M_1
275699,L1,L3,L1,L2,L2,L2,L1,L1,L2,C2_1,D2_1,F2_3,,,N2_1,L_3,M_2
275700,L1,L3,L1,L2,L2,L2,L1,L1,L2,C2_1,D2_1,F2_3,,,N2_2,L_1,M_1
275701,L1,L3,L1,L2,L2,L2,L1,L1,L2,C2_1,D2_1,F2_3,,,N2_2,L_1,M_2
275702,L1,L3,L1,L2,L2,L2,L1,L1,L2,C2_1,D2_1,F2_3,,,N2_2,L_2,M_1
275703,L1,L3,L1,L2,L2,L2,L1,L1,L2,C2_1,D2_1,F2_3,,,N2_2,L_2,M_2
275704,L1,L3,L1,L2,L2,L2,L1,L1,L2,C2_1,D2_1,F2_3,,,N2_2,L_3,M_1
275705,L1,L3,L1,L2,L2,L2,L1,L1,L2,C2_1,D2_1,F2_3,,,N2_2,L_3,M_2
275706,L1,L3,L1,L2,L2,L2,L1,L1,L2,C2_1,D2_2,F2_1,,,N2_1,L_1,M_1
275707,L1,L3,L1,L2,L2,L2,L1,L1,L2,C2_1,D2_2,F2_1,,,N2_1,L_1,M_2
275708,L1,L3,L1,L2,L2,L2,L1,L1,L2,C2_1,D2_2,F2_1,,,N2_1,L_2,M_1
275709,L1,L3,L1,L2,L2,L2,L1,L1,L2,C2_1,D2_2,F2_1,,,N2_1,L_2,M_2
275710,L1,L3,L1,L2,L2,L2,L1,L1,L2,C2_1,D2_2,F2_1,,,N2_1,L_3,M_1
275711,L1,L3,L1,L2,L2,L2,L1,L1,L2,C2_1,D2_2,F2_1,,,N2_1,L_3,M_2
275712,L1,L3,L1,L2,L2,L2,L1,L1,L2,C2_1,D2_2,F2_1,,,N2_2,L_1,M_1
275713,L1,L3,L1,L2,L2,L2,L1,L1,L2,C2_1,D2_2,F2_1,,,N2_2,L_1,M_2
275714,L1,L3,L1,L2,L2,L2,L1,L1,L2,C2_1,D2_2,F2_1,,,N2_2,L_2,M_1
275715,L1,L3,L1,L2,L2,L2,L1,L1,L2,C2_1,D2_2,F2_1,,,N2_2,L_2,M_2
275716,L1,L3,L1,L2,L2,L2,L1,L1,L2,C2_1,D2_2,F2_1,,,N2_2,L_3,M_1
275717,L1,L3,L1,L2,L2,L2,L1,L1,L2,C2_1,D2_2,F2_1,,,N2_2,L_3,M_2
275718,L1,L3,L1,L2,L2,L2,L1,L1,L2,C2_1,D2_2,F2_2,,,N2_1,L_1,M_1
275719,L1,L3,L1,L2,L2,L2,L1,L1,L2,C2_1,D2_2,F2_2,,,N2_1,L_1,M_2
275720,L1,L3,L1,L2,L2,L2,L1,L1,L2,C2_1,D2_2,F2_2,,,N2_1,L_2,M_1
275721,L1,L3,L1,L2,L2,L2,L1,L1,L2,C2_1,D2_2,F2_2,,,N2_1,L_2,M_2
275722,L1,L3,L1,L2,L2,L2,L1,L1,L2,C2_1,D2_2,F2_2,,,N2_1,L_3,M_1
275723,L1,L3,L1,L2,L2,L2,L1,L1,L2,C2_1,D2_2,F2_2,,,N2_1,L_3,M_2
275724,L1,L3,L1,L2,L2,L2,L1,L1,L2,C2_1,D2_2,F2_2,,,N2_2,L_1,M_1
275725,L1,L3,L1,L2,L2,L2,L1,L1,L2,C2_1,D2_2,F2_2,,,N2_2,L_1,M_2
275726,L1,L3,L1,L2,L2,L2,L1,L1,L2,C2_1,D2_2,F2_2,,,N2_2,L_2,M_1
275727,L1,L3,L1,L2,L2,L2,L1,L1,L2,C2_1,D2_2,F2_2,,,N2_2,L_2,M_2
275728,L1,L3,L1,L2,L2,L2,L1,L1,L2,C2_1,D2_2,F2_2,,,N2_2,L_3,M_1
275729,L1,L3,L1,L2,L2,L2,L1,L1,L2,C2_1,D2_2,F2_2,,,N2_2,L_3,M_2
275730,L1,L3,L1,L2,L2,L2,L1,L1,L2,C2_1,D2_2,F2_3,,,N2_1,L_1,M_1
275731,L1,L3,L1,L2,L2,L2,L1,L1,L2,C2_1,D2_2,F2_3,,,N2_1,L_1,M_2
275732,L1,L3,L1,L2,L2,L2,L1,L1,L2,C2_1,D2_2,F2_3,,,N2_1,L_2,M_1
275733,L1,L3,L1,L2,L2,L2,L1,L1,L2,C2_1,D2_2,F2_3,,,N2_1,L_2,M_2
275734,L1,L3,L1,L2,L2,L2,L1,L1,L2,C2_1,D2_2,F2_3,,,N2_1,L_3,M_1
275735,L1,L3,L1,L2,L2,L2,L1,L1,L2,C2_1,D2_2,F2_3,,,N2_1,L_3,M_2
275736,L1,L3,L1,L2,L2,L2,L1,L1,L2,C2_1,D2_2,F2_3,,,N2_2,L_1,M_1
275737,L1,L3,L1,L2,L2,L2,L1,L1,L2,C2_1,D2_2,F2_3,,,N2_2,L_1,M_2
275738,L1,L3,L1,L2,L2,L2,L1,L1,L2,C2_1,D2_2,F2_3,,,N2_2,L_2,M_1
275739,L1,L3,L1,L2,L2,L2,L1,L1,L2,C2_1,D2_2,F2_3,,,N2_2,L_2,M_2
275740,L1,L3,L1,L2,L2,L2,L1,L1,L2,C2_1,D2_2,F2_3,,,N2_2,L_3,M_1
275741,L1,L3,L1,L2,L2,L2,L1,L1,L2,C2_1,D2_2,F2_3,,,N2_2,L_3,M_2
275742,L1,L3,L1,L2,L2,L2,L1,L1,L2,C2_1,D2_3,F2_1,,,N2_1,L_1,M_1
275743,L1,L3,L1,L2,L2,L2,L1,L1,L2,C2_1,D2_3,F2_1,,,N2_1,L_1,M_2
275744,L1,L3,L1,L2,L2,L2,L1,L1,L2,C2_1,D2_3,F2_1,,,N2_1,L_2,M_1
275745,L1,L3,L1,L2,L2,L2,L1,L1,L2,C2_1,D2_3,F2_1,,,N2_1,L_2,M_2
275746,L1,L3,L1,L2,L2,L2,L1,L1,L2,C2_1,D2_3,F2_1,,,N2_1,L_3,M_1
275747,L1,L3,L1,L2,L2,L2,L1,L1,L2,C2_1,D2_3,F2_1,,,N2_1,L_3,M_2
275748,L1,L3,L1,L2,L2,L2,L1,L1,L2,C2_1,D2_3,F2_1,,,N2_2,L_1,M_1
275749,L1,L3,L1,L2,L2,L2,L1,L1,L2,C2_1,D2_3,F2_1,,,N2_2,L_1,M_2
275750,L1,L3,L1,L2,L2,L2,L1,L1,L2,C2_1,D2_3,F2_1,,,N2_2,L_2,M_1
275751,L1,L3,L1,L2,L2,L2,L1,L1,L2,C2_1,D2_3,F2_1,,,N2_2,L_2,M_2
275752,L1,L3,L1,L2,L2,L2,L1,L1,L2,C2_1,D2_3,F2_1,,,N2_2,L_3,M_1
275753,L1,L3,L1,L2,L2,L2,L1,L1,L2,C2_1,D2_3,F2_1,,,N2_2,L_3,M_2
275754,L1,L3,L1,L2,L2,L2,L1,L1,L2,C2_1,D2_3,F2_2,,,N2_1,L_1,M_1
275755,L1,L3,L1,L2,L2,L2,L1,L1,L2,C2_1,D2_3,F2_2,,,N2_1,L_1,M_2
275756,L1,L3,L1,L2,L2,L2,L1,L1,L2,C2_1,D2_3,F2_2,,,N2_1,L_2,M_1
275757,L1,L3,L1,L2,L2,L2,L1,L1,L2,C2_1,D2_3,F2_2,,,N2_1,L_2,M_2
275758,L1,L3,L1,L2,L2,L2,L1,L1,L2,C2_1,D2_3,F2_2,,,N2_1,L_3,M_1
275759,L1,L3,L1,L2,L2,L2,L1,L1,L2,C2_1,D2_3,F2_2,,,N2_1,L_3,M_2
275760,L1,L3,L1,L2,L2,L2,L1,L1,L2,C2_1,D2_3,F2_2,,,N2_2,L_1,M_1
275761,L1,L3,L1,L2,L2,L2,L1,L1,L2,C2_1,D2_3,F2_2,,,N2_2,L_1,M_2
275762,L1,L3,L1,L2,L2,L2,L1,L1,L2,C2_1,D2_3,F2_2,,,N2_2,L_2,M_1
275763,L1,L3,L1,L2,L2,L2,L1,L1,L2,C2_1,D2_3,F2_2,,,N2_2,L_2,M_2
275764,L1,L3,L1,L2,L2,L2,L1,L1,L2,C2_1,D2_3,F2_2,,,N2_2,L_3,M_1
275765,L1,L3,L1,L2,L2,L2,L1,L1,L2,C2_1,D2_3,F2_2,,,N2_2,L_3,M_2
275766,L1,L3,L1,L2,L2,L2,L1,L1,L2,C2_1,D2_3,F2_3,,,N2_1,L_1,M_1
275767,L1,L3,L1,L2,L2,L2,L1,L1,L2,C2_1,D2_3,F2_3,,,N2_1,L_1,M_2
275768,L1,L3,L1,L2,L2,L2,L1,L1,L2,C2_1,D2_3,F2_3,,,N2_1,L_2,M_1
275769,L1,L3,L1,L2,L2,L2,L1,L1,L2,C2_1,D2_3,F2_3,,,N2_1,L_2,M_2
275770,L1,L3,L1,L2,L2,L2,L1,L1,L2,C2_1,D2_3,F2_3,,,N2_1,L_3,M_1
275771,L1,L3,L1,L2,L2,L2,L1,L1,L2,C2_1,D2_3,F2_3,,,N2_1,L_3,M_2
275772,L1,L3,L1,L2,L2,L2,L1,L1,L2,C2_1,D2_3,F2_3,,,N2_2,L_1,M_1
275773,L1,L3,L1,L2,L2,L2,L1,L1,L2,C2_1,D2_3,F2_3,,,N2_2,L_1,M_2
275774,L1,L3,L1,L2,L2,L2,L1,L1,L2,C2_1,D2_3,F2_3,,,N2_2,L_2,M_1
275775,L1,L3,L1,L2,L2,L2,L1,L1,L2,C2_1,D2_3,F2_3,,,N2_2,L_2,M_2
275776,L1,L3,L1,L2,L2,L2,L1,L1,L2,C2_1,D2_3,F2_3,,,N2_2,L_3,M_1
275777,L1,L3,L1,L2,L2,L2,L1,L1,L2,C2_1,D2_3,F2_3,,,N2_2,L_3,M_2
275778,L1,L3,L1,L2,L2,L2,L1,L1,L2,C2_2,D2_1,F2_1,,,N2_1,L_1,M_1
275779,L1,L3,L1,L2,L2,L2,L1,L1,L2,C2_2,D2_1,F2_1,,,N2_1,L_1,M_2
275780,L1,L3,L1,L2,L2,L2,L1,L1,L2,C2_2,D2_1,F2_1,,,N2_1,L_2,M_1
275781,L1,L3,L1,L2,L2,L2,L1,L1,L2,C2_2,D2_1,F2_1,,,N2_1,L_2,M_2
275782,L1,L3,L1,L2,L2,L2,L1,L1,L2,C2_2,D2_1,F2_1,,,N2_1,L_3,M_1
275783,L1,L3,L1,L2,L2,L2,L1,L1,L2,C2_2,D2_1,F2_1,,,N2_1,L_3,M_2
275784,L1,L3,L1,L2,L2,L2,L1,L1,L2,C2_2,D2_1,F2_1,,,N2_2,L_1,M_1
275785,L1,L3,L1,L2,L2,L2,L1,L1,L2,C2_2,D2_1,F2_1,,,N2_2,L_1,M_2
275786,L1,L3,L1,L2,L2,L2,L1,L1,L2,C2_2,D2_1,F2_1,,,N2_2,L_2,M_1
275787,L1,L3,L1,L2,L2,L2,L1,L1,L2,C2_2,D2_1,F2_1,,,N2_2,L_2,M_2
275788,L1,L3,L1,L2,L2,L2,L1,L1,L2,C2_2,D2_1,F2_1,,,N2_2,L_3,M_1
275789,L1,L3,L1,L2,L2,L2,L1,L1,L2,C2_2,D2_1,F2_1,,,N2_2,L_3,M_2
275790,L1,L3,L1,L2,L2,L2,L1,L1,L2,C2_2,D2_1,F2_2,,,N2_1,L_1,M_1
275791,L1,L3,L1,L2,L2,L2,L1,L1,L2,C2_2,D2_1,F2_2,,,N2_1,L_1,M_2
275792,L1,L3,L1,L2,L2,L2,L1,L1,L2,C2_2,D2_1,F2_2,,,N2_1,L_2,M_1
275793,L1,L3,L1,L2,L2,L2,L1,L1,L2,C2_2,D2_1,F2_2,,,N2_1,L_2,M_2
275794,L1,L3,L1,L2,L2,L2,L1,L1,L2,C2_2,D2_1,F2_2,,,N2_1,L_3,M_1
275795,L1,L3,L1,L2,L2,L2,L1,L1,L2,C2_2,D2_1,F2_2,,,N2_1,L_3,M_2
275796,L1,L3,L1,L2,L2,L2,L1,L1,L2,C2_2,D2_1,F2_2,,,N2_2,L_1,M_1
275797,L1,L3,L1,L2,L2,L2,L1,L1,L2,C2_2,D2_1,F2_2,,,N2_2,L_1,M_2
275798,L1,L3,L1,L2,L2,L2,L1,L1,L2,C2_2,D2_1,F2_2,,,N2_2,L_2,M_1
275799,L1,L3,L1,L2,L2,L2,L1,L1,L2,C2_2,D2_1,F2_2,,,N2_2,L_2,M_2
275800,L1,L3,L1,L2,L2,L2,L1,L1,L2,C2_2,D2_1,F2_2,,,N2_2,L_3,M_1
275801,L1,L3,L1,L2,L2,L2,L1,L1,L2,C2_2,D2_1,F2_2,,,N2_2,L_3,M_2
275802,L1,L3,L1,L2,L2,L2,L1,L1,L2,C2_2,D2_1,F2_3,,,N2_1,L_1,M_1
275803,L1,L3,L1,L2,L2,L2,L1,L1,L2,C2_2,D2_1,F2_3,,,N2_1,L_1,M_2
275804,L1,L3,L1,L2,L2,L2,L1,L1,L2,C2_2,D2_1,F2_3,,,N2_1,L_2,M_1
275805,L1,L3,L1,L2,L2,L2,L1,L1,L2,C2_2,D2_1,F2_3,,,N2_1,L_2,M_2
275806,L1,L3,L1,L2,L2,L2,L1,L1,L2,C2_2,D2_1,F2_3,,,N2_1,L_3,M_1
275807,L1,L3,L1,L2,L2,L2,L1,L1,L2,C2_2,D2_1,F2_3,,,N2_1,L_3,M_2
275808,L1,L3,L1,L2,L2,L2,L1,L1,L2,C2_2,D2_1,F2_3,,,N2_2,L_1,M_1
275809,L1,L3,L1,L2,L2,L2,L1,L1,L2,C2_2,D2_1,F2_3,,,N2_2,L_1,M_2
275810,L1,L3,L1,L2,L2,L2,L1,L1,L2,C2_2,D2_1,F2_3,,,N2_2,L_2,M_1
275811,L1,L3,L1,L2,L2,L2,L1,L1,L2,C2_2,D2_1,F2_3,,,N2_2,L_2,M_2
275812,L1,L3,L1,L2,L2,L2,L1,L1,L2,C2_2,D2_1,F2_3,,,N2_2,L_3,M_1
275813,L1,L3,L1,L2,L2,L2,L1,L1,L2,C2_2,D2_1,F2_3,,,N2_2,L_3,M_2
275814,L1,L3,L1,L2,L2,L2,L1,L1,L2,C2_2,D2_2,F2_1,,,N2_1,L_1,M_1
275815,L1,L3,L1,L2,L2,L2,L1,L1,L2,C2_2,D2_2,F2_1,,,N2_1,L_1,M_2
275816,L1,L3,L1,L2,L2,L2,L1,L1,L2,C2_2,D2_2,F2_1,,,N2_1,L_2,M_1
275817,L1,L3,L1,L2,L2,L2,L1,L1,L2,C2_2,D2_2,F2_1,,,N2_1,L_2,M_2
275818,L1,L3,L1,L2,L2,L2,L1,L1,L2,C2_2,D2_2,F2_1,,,N2_1,L_3,M_1
275819,L1,L3,L1,L2,L2,L2,L1,L1,L2,C2_2,D2_2,F2_1,,,N2_1,L_3,M_2
275820,L1,L3,L1,L2,L2,L2,L1,L1,L2,C2_2,D2_2,F2_1,,,N2_2,L_1,M_1
275821,L1,L3,L1,L2,L2,L2,L1,L1,L2,C2_2,D2_2,F2_1,,,N2_2,L_1,M_2
275822,L1,L3,L1,L2,L2,L2,L1,L1,L2,C2_2,D2_2,F2_1,,,N2_2,L_2,M_1
275823,L1,L3,L1,L2,L2,L2,L1,L1,L2,C2_2,D2_2,F2_1,,,N2_2,L_2,M_2
275824,L1,L3,L1,L2,L2,L2,L1,L1,L2,C2_2,D2_2,F2_1,,,N2_2,L_3,M_1
275825,L1,L3,L1,L2,L2,L2,L1,L1,L2,C2_2,D2_2,F2_1,,,N2_2,L_3,M_2
275826,L1,L3,L1,L2,L2,L2,L1,L1,L2,C2_2,D2_2,F2_2,,,N2_1,L_1,M_1
275827,L1,L3,L1,L2,L2,L2,L1,L1,L2,C2_2,D2_2,F2_2,,,N2_1,L_1,M_2
275828,L1,L3,L1,L2,L2,L2,L1,L1,L2,C2_2,D2_2,F2_2,,,N2_1,L_2,M_1
275829,L1,L3,L1,L2,L2,L2,L1,L1,L2,C2_2,D2_2,F2_2,,,N2_1,L_2,M_2
275830,L1,L3,L1,L2,L2,L2,L1,L1,L2,C2_2,D2_2,F2_2,,,N2_1,L_3,M_1
275831,L1,L3,L1,L2,L2,L2,L1,L1,L2,C2_2,D2_2,F2_2,,,N2_1,L_3,M_2
275832,L1,L3,L1,L2,L2,L2,L1,L1,L2,C2_2,D2_2,F2_2,,,N2_2,L_1,M_1
275833,L1,L3,L1,L2,L2,L2,L1,L1,L2,C2_2,D2_2,F2_2,,,N2_2,L_1,M_2
275834,L1,L3,L1,L2,L2,L2,L1,L1,L2,C2_2,D2_2,F2_2,,,N2_2,L_2,M_1
275835,L1,L3,L1,L2,L2,L2,L1,L1,L2,C2_2,D2_2,F2_2,,,N2_2,L_2,M_2
275836,L1,L3,L1,L2,L2,L2,L1,L1,L2,C2_2,D2_2,F2_2,,,N2_2,L_3,M_1
275837,L1,L3,L1,L2,L2,L2,L1,L1,L2,C2_2,D2_2,F2_2,,,N2_2,L_3,M_2
275838,L1,L3,L1,L2,L2,L2,L1,L1,L2,C2_2,D2_2,F2_3,,,N2_1,L_1,M_1
275839,L1,L3,L1,L2,L2,L2,L1,L1,L2,C2_2,D2_2,F2_3,,,N2_1,L_1,M_2
275840,L1,L3,L1,L2,L2,L2,L1,L1,L2,C2_2,D2_2,F2_3,,,N2_1,L_2,M_1
275841,L1,L3,L1,L2,L2,L2,L1,L1,L2,C2_2,D2_2,F2_3,,,N2_1,L_2,M_2
275842,L1,L3,L1,L2,L2,L2,L1,L1,L2,C2_2,D2_2,F2_3,,,N2_1,L_3,M_1
275843,L1,L3,L1,L2,L2,L2,L1,L1,L2,C2_2,D2_2,F2_3,,,N2_1,L_3,M_2
275844,L1,L3,L1,L2,L2,L2,L1,L1,L2,C2_2,D2_2,F2_3,,,N2_2,L_1,M_1
275845,L1,L3,L1,L2,L2,L2,L1,L1,L2,C2_2,D2_2,F2_3,,,N2_2,L_1,M_2
275846,L1,L3,L1,L2,L2,L2,L1,L1,L2,C2_2,D2_2,F2_3,,,N2_2,L_2,M_1
275847,L1,L3,L1,L2,L2,L2,L1,L1,L2,C2_2,D2_2,F2_3,,,N2_2,L_2,M_2
275848,L1,L3,L1,L2,L2,L2,L1,L1,L2,C2_2,D2_2,F2_3,,,N2_2,L_3,M_1
275849,L1,L3,L1,L2,L2,L2,L1,L1,L2,C2_2,D2_2,F2_3,,,N2_2,L_3,M_2
275850,L1,L3,L1,L2,L2,L2,L1,L1,L2,C2_2,D2_3,F2_1,,,N2_1,L_1,M_1
275851,L1,L3,L1,L2,L2,L2,L1,L1,L2,C2_2,D2_3,F2_1,,,N2_1,L_1,M_2
275852,L1,L3,L1,L2,L2,L2,L1,L1,L2,C2_2,D2_3,F2_1,,,N2_1,L_2,M_1
275853,L1,L3,L1,L2,L2,L2,L1,L1,L2,C2_2,D2_3,F2_1,,,N2_1,L_2,M_2
275854,L1,L3,L1,L2,L2,L2,L1,L1,L2,C2_2,D2_3,F2_1,,,N2_1,L_3,M_1
275855,L1,L3,L1,L2,L2,L2,L1,L1,L2,C2_2,D2_3,F2_1,,,N2_1,L_3,M_2
275856,L1,L3,L1,L2,L2,L2,L1,L1,L2,C2_2,D2_3,F2_1,,,N2_2,L_1,M_1
275857,L1,L3,L1,L2,L2,L2,L1,L1,L2,C2_2,D2_3,F2_1,,,N2_2,L_1,M_2
275858,L1,L3,L1,L2,L2,L2,L1,L1,L2,C2_2,D2_3,F2_1,,,N2_2,L_2,M_1
275859,L1,L3,L1,L2,L2,L2,L1,L1,L2,C2_2,D2_3,F2_1,,,N2_2,L_2,M_2
275860,L1,L3,L1,L2,L2,L2,L1,L1,L2,C2_2,D2_3,F2_1,,,N2_2,L_3,M_1
275861,L1,L3,L1,L2,L2,L2,L1,L1,L2,C2_2,D2_3,F2_1,,,N2_2,L_3,M_2
275862,L1,L3,L1,L2,L2,L2,L1,L1,L2,C2_2,D2_3,F2_2,,,N2_1,L_1,M_1
275863,L1,L3,L1,L2,L2,L2,L1,L1,L2,C2_2,D2_3,F2_2,,,N2_1,L_1,M_2
275864,L1,L3,L1,L2,L2,L2,L1,L1,L2,C2_2,D2_3,F2_2,,,N2_1,L_2,M_1
275865,L1,L3,L1,L2,L2,L2,L1,L1,L2,C2_2,D2_3,F2_2,,,N2_1,L_2,M_2
275866,L1,L3,L1,L2,L2,L2,L1,L1,L2,C2_2,D2_3,F2_2,,,N2_1,L_3,M_1
275867,L1,L3,L1,L2,L2,L2,L1,L1,L2,C2_2,D2_3,F2_2,,,N2_1,L_3,M_2
275868,L1,L3,L1,L2,L2,L2,L1,L1,L2,C2_2,D2_3,F2_2,,,N2_2,L_1,M_1
275869,L1,L3,L1,L2,L2,L2,L1,L1,L2,C2_2,D2_3,F2_2,,,N2_2,L_1,M_2
275870,L1,L3,L1,L2,L2,L2,L1,L1,L2,C2_2,D2_3,F2_2,,,N2_2,L_2,M_1
275871,L1,L3,L1,L2,L2,L2,L1,L1,L2,C2_2,D2_3,F2_2,,,N2_2,L_2,M_2
275872,L1,L3,L1,L2,L2,L2,L1,L1,L2,C2_2,D2_3,F2_2,,,N2_2,L_3,M_1
275873,L1,L3,L1,L2,L2,L2,L1,L1,L2,C2_2,D2_3,F2_2,,,N2_2,L_3,M_2
275874,L1,L3,L1,L2,L2,L2,L1,L1,L2,C2_2,D2_3,F2_3,,,N2_1,L_1,M_1
275875,L1,L3,L1,L2,L2,L2,L1,L1,L2,C2_2,D2_3,F2_3,,,N2_1,L_1,M_2
275876,L1,L3,L1,L2,L2,L2,L1,L1,L2,C2_2,D2_3,F2_3,,,N2_1,L_2,M_1
275877,L1,L3,L1,L2,L2,L2,L1,L1,L2,C2_2,D2_3,F2_3,,,N2_1,L_2,M_2
275878,L1,L3,L1,L2,L2,L2,L1,L1,L2,C2_2,D2_3,F2_3,,,N2_1,L_3,M_1
275879,L1,L3,L1,L2,L2,L2,L1,L1,L2,C2_2,D2_3,F2_3,,,N2_1,L_3,M_2
275880,L1,L3,L1,L2,L2,L2,L1,L1,L2,C2_2,D2_3,F2_3,,,N2_2,L_1,M_1
275881,L1,L3,L1,L2,L2,L2,L1,L1,L2,C2_2,D2_3,F2_3,,,N2_2,L_1,M_2
275882,L1,L3,L1,L2,L2,L2,L1,L1,L2,C2_2,D2_3,F2_3,,,N2_2,L_2,M_1
275883,L1,L3,L1,L2,L2,L2,L1,L1,L2,C2_2,D2_3,F2_3,,,N2_2,L_2,M_2
275884,L1,L3,L1,L2,L2,L2,L1,L1,L2,C2_2,D2_3,F2_3,,,N2_2,L_3,M_1
275885,L1,L3,L1,L2,L2,L2,L1,L1,L2,C2_2,D2_3,F2_3,,,N2_2,L_3,M_2
275886,L1,L3,L1,L2,L2,L2,L1,L1,L2,C2_3,D2_1,F2_1,,,N2_1,L_1,M_1
275887,L1,L3,L1,L2,L2,L2,L1,L1,L2,C2_3,D2_1,F2_1,,,N2_1,L_1,M_2
275888,L1,L3,L1,L2,L2,L2,L1,L1,L2,C2_3,D2_1,F2_1,,,N2_1,L_2,M_1
275889,L1,L3,L1,L2,L2,L2,L1,L1,L2,C2_3,D2_1,F2_1,,,N2_1,L_2,M_2
275890,L1,L3,L1,L2,L2,L2,L1,L1,L2,C2_3,D2_1,F2_1,,,N2_1,L_3,M_1
275891,L1,L3,L1,L2,L2,L2,L1,L1,L2,C2_3,D2_1,F2_1,,,N2_1,L_3,M_2
275892,L1,L3,L1,L2,L2,L2,L1,L1,L2,C2_3,D2_1,F2_1,,,N2_2,L_1,M_1
275893,L1,L3,L1,L2,L2,L2,L1,L1,L2,C2_3,D2_1,F2_1,,,N2_2,L_1,M_2
275894,L1,L3,L1,L2,L2,L2,L1,L1,L2,C2_3,D2_1,F2_1,,,N2_2,L_2,M_1
275895,L1,L3,L1,L2,L2,L2,L1,L1,L2,C2_3,D2_1,F2_1,,,N2_2,L_2,M_2
275896,L1,L3,L1,L2,L2,L2,L1,L1,L2,C2_3,D2_1,F2_1,,,N2_2,L_3,M_1
275897,L1,L3,L1,L2,L2,L2,L1,L1,L2,C2_3,D2_1,F2_1,,,N2_2,L_3,M_2
275898,L1,L3,L1,L2,L2,L2,L1,L1,L2,C2_3,D2_1,F2_2,,,N2_1,L_1,M_1
275899,L1,L3,L1,L2,L2,L2,L1,L1,L2,C2_3,D2_1,F2_2,,,N2_1,L_1,M_2
275900,L1,L3,L1,L2,L2,L2,L1,L1,L2,C2_3,D2_1,F2_2,,,N2_1,L_2,M_1
275901,L1,L3,L1,L2,L2,L2,L1,L1,L2,C2_3,D2_1,F2_2,,,N2_1,L_2,M_2
275902,L1,L3,L1,L2,L2,L2,L1,L1,L2,C2_3,D2_1,F2_2,,,N2_1,L_3,M_1
275903,L1,L3,L1,L2,L2,L2,L1,L1,L2,C2_3,D2_1,F2_2,,,N2_1,L_3,M_2
275904,L1,L3,L1,L2,L2,L2,L1,L1,L2,C2_3,D2_1,F2_2,,,N2_2,L_1,M_1
275905,L1,L3,L1,L2,L2,L2,L1,L1,L2,C2_3,D2_1,F2_2,,,N2_2,L_1,M_2
275906,L1,L3,L1,L2,L2,L2,L1,L1,L2,C2_3,D2_1,F2_2,,,N2_2,L_2,M_1
275907,L1,L3,L1,L2,L2,L2,L1,L1,L2,C2_3,D2_1,F2_2,,,N2_2,L_2,M_2
275908,L1,L3,L1,L2,L2,L2,L1,L1,L2,C2_3,D2_1,F2_2,,,N2_2,L_3,M_1
275909,L1,L3,L1,L2,L2,L2,L1,L1,L2,C2_3,D2_1,F2_2,,,N2_2,L_3,M_2
275910,L1,L3,L1,L2,L2,L2,L1,L1,L2,C2_3,D2_1,F2_3,,,N2_1,L_1,M_1
275911,L1,L3,L1,L2,L2,L2,L1,L1,L2,C2_3,D2_1,F2_3,,,N2_1,L_1,M_2
275912,L1,L3,L1,L2,L2,L2,L1,L1,L2,C2_3,D2_1,F2_3,,,N2_1,L_2,M_1
275913,L1,L3,L1,L2,L2,L2,L1,L1,L2,C2_3,D2_1,F2_3,,,N2_1,L_2,M_2
275914,L1,L3,L1,L2,L2,L2,L1,L1,L2,C2_3,D2_1,F2_3,,,N2_1,L_3,M_1
275915,L1,L3,L1,L2,L2,L2,L1,L1,L2,C2_3,D2_1,F2_3,,,N2_1,L_3,M_2
275916,L1,L3,L1,L2,L2,L2,L1,L1,L2,C2_3,D2_1,F2_3,,,N2_2,L_1,M_1
275917,L1,L3,L1,L2,L2,L2,L1,L1,L2,C2_3,D2_1,F2_3,,,N2_2,L_1,M_2
275918,L1,L3,L1,L2,L2,L2,L1,L1,L2,C2_3,D2_1,F2_3,,,N2_2,L_2,M_1
275919,L1,L3,L1,L2,L2,L2,L1,L1,L2,C2_3,D2_1,F2_3,,,N2_2,L_2,M_2
275920,L1,L3,L1,L2,L2,L2,L1,L1,L2,C2_3,D2_1,F2_3,,,N2_2,L_3,M_1
275921,L1,L3,L1,L2,L2,L2,L1,L1,L2,C2_3,D2_1,F2_3,,,N2_2,L_3,M_2
275922,L1,L3,L1,L2,L2,L2,L1,L1,L2,C2_3,D2_2,F2_1,,,N2_1,L_1,M_1
275923,L1,L3,L1,L2,L2,L2,L1,L1,L2,C2_3,D2_2,F2_1,,,N2_1,L_1,M_2
275924,L1,L3,L1,L2,L2,L2,L1,L1,L2,C2_3,D2_2,F2_1,,,N2_1,L_2,M_1
275925,L1,L3,L1,L2,L2,L2,L1,L1,L2,C2_3,D2_2,F2_1,,,N2_1,L_2,M_2
275926,L1,L3,L1,L2,L2,L2,L1,L1,L2,C2_3,D2_2,F2_1,,,N2_1,L_3,M_1
275927,L1,L3,L1,L2,L2,L2,L1,L1,L2,C2_3,D2_2,F2_1,,,N2_1,L_3,M_2
275928,L1,L3,L1,L2,L2,L2,L1,L1,L2,C2_3,D2_2,F2_1,,,N2_2,L_1,M_1
275929,L1,L3,L1,L2,L2,L2,L1,L1,L2,C2_3,D2_2,F2_1,,,N2_2,L_1,M_2
275930,L1,L3,L1,L2,L2,L2,L1,L1,L2,C2_3,D2_2,F2_1,,,N2_2,L_2,M_1
275931,L1,L3,L1,L2,L2,L2,L1,L1,L2,C2_3,D2_2,F2_1,,,N2_2,L_2,M_2
275932,L1,L3,L1,L2,L2,L2,L1,L1,L2,C2_3,D2_2,F2_1,,,N2_2,L_3,M_1
275933,L1,L3,L1,L2,L2,L2,L1,L1,L2,C2_3,D2_2,F2_1,,,N2_2,L_3,M_2
275934,L1,L3,L1,L2,L2,L2,L1,L1,L2,C2_3,D2_2,F2_2,,,N2_1,L_1,M_1
275935,L1,L3,L1,L2,L2,L2,L1,L1,L2,C2_3,D2_2,F2_2,,,N2_1,L_1,M_2
275936,L1,L3,L1,L2,L2,L2,L1,L1,L2,C2_3,D2_2,F2_2,,,N2_1,L_2,M_1
275937,L1,L3,L1,L2,L2,L2,L1,L1,L2,C2_3,D2_2,F2_2,,,N2_1,L_2,M_2
275938,L1,L3,L1,L2,L2,L2,L1,L1,L2,C2_3,D2_2,F2_2,,,N2_1,L_3,M_1
275939,L1,L3,L1,L2,L2,L2,L1,L1,L2,C2_3,D2_2,F2_2,,,N2_1,L_3,M_2
275940,L1,L3,L1,L2,L2,L2,L1,L1,L2,C2_3,D2_2,F2_2,,,N2_2,L_1,M_1
275941,L1,L3,L1,L2,L2,L2,L1,L1,L2,C2_3,D2_2,F2_2,,,N2_2,L_1,M_2
275942,L1,L3,L1,L2,L2,L2,L1,L1,L2,C2_3,D2_2,F2_2,,,N2_2,L_2,M_1
275943,L1,L3,L1,L2,L2,L2,L1,L1,L2,C2_3,D2_2,F2_2,,,N2_2,L_2,M_2
275944,L1,L3,L1,L2,L2,L2,L1,L1,L2,C2_3,D2_2,F2_2,,,N2_2,L_3,M_1
275945,L1,L3,L1,L2,L2,L2,L1,L1,L2,C2_3,D2_2,F2_2,,,N2_2,L_3,M_2
275946,L1,L3,L1,L2,L2,L2,L1,L1,L2,C2_3,D2_2,F2_3,,,N2_1,L_1,M_1
275947,L1,L3,L1,L2,L2,L2,L1,L1,L2,C2_3,D2_2,F2_3,,,N2_1,L_1,M_2
275948,L1,L3,L1,L2,L2,L2,L1,L1,L2,C2_3,D2_2,F2_3,,,N2_1,L_2,M_1
275949,L1,L3,L1,L2,L2,L2,L1,L1,L2,C2_3,D2_2,F2_3,,,N2_1,L_2,M_2
275950,L1,L3,L1,L2,L2,L2,L1,L1,L2,C2_3,D2_2,F2_3,,,N2_1,L_3,M_1
275951,L1,L3,L1,L2,L2,L2,L1,L1,L2,C2_3,D2_2,F2_3,,,N2_1,L_3,M_2
275952,L1,L3,L1,L2,L2,L2,L1,L1,L2,C2_3,D2_2,F2_3,,,N2_2,L_1,M_1
275953,L1,L3,L1,L2,L2,L2,L1,L1,L2,C2_3,D2_2,F2_3,,,N2_2,L_1,M_2
275954,L1,L3,L1,L2,L2,L2,L1,L1,L2,C2_3,D2_2,F2_3,,,N2_2,L_2,M_1
275955,L1,L3,L1,L2,L2,L2,L1,L1,L2,C2_3,D2_2,F2_3,,,N2_2,L_2,M_2
275956,L1,L3,L1,L2,L2,L2,L1,L1,L2,C2_3,D2_2,F2_3,,,N2_2,L_3,M_1
275957,L1,L3,L1,L2,L2,L2,L1,L1,L2,C2_3,D2_2,F2_3,,,N2_2,L_3,M_2
275958,L1,L3,L1,L2,L2,L2,L1,L1,L2,C2_3,D2_3,F2_1,,,N2_1,L_1,M_1
275959,L1,L3,L1,L2,L2,L2,L1,L1,L2,C2_3,D2_3,F2_1,,,N2_1,L_1,M_2
275960,L1,L3,L1,L2,L2,L2,L1,L1,L2,C2_3,D2_3,F2_1,,,N2_1,L_2,M_1
275961,L1,L3,L1,L2,L2,L2,L1,L1,L2,C2_3,D2_3,F2_1,,,N2_1,L_2,M_2
275962,L1,L3,L1,L2,L2,L2,L1,L1,L2,C2_3,D2_3,F2_1,,,N2_1,L_3,M_1
275963,L1,L3,L1,L2,L2,L2,L1,L1,L2,C2_3,D2_3,F2_1,,,N2_1,L_3,M_2
275964,L1,L3,L1,L2,L2,L2,L1,L1,L2,C2_3,D2_3,F2_1,,,N2_2,L_1,M_1
275965,L1,L3,L1,L2,L2,L2,L1,L1,L2,C2_3,D2_3,F2_1,,,N2_2,L_1,M_2
275966,L1,L3,L1,L2,L2,L2,L1,L1,L2,C2_3,D2_3,F2_1,,,N2_2,L_2,M_1
275967,L1,L3,L1,L2,L2,L2,L1,L1,L2,C2_3,D2_3,F2_1,,,N2_2,L_2,M_2
275968,L1,L3,L1,L2,L2,L2,L1,L1,L2,C2_3,D2_3,F2_1,,,N2_2,L_3,M_1
275969,L1,L3,L1,L2,L2,L2,L1,L1,L2,C2_3,D2_3,F2_1,,,N2_2,L_3,M_2
275970,L1,L3,L1,L2,L2,L2,L1,L1,L2,C2_3,D2_3,F2_2,,,N2_1,L_1,M_1
275971,L1,L3,L1,L2,L2,L2,L1,L1,L2,C2_3,D2_3,F2_2,,,N2_1,L_1,M_2
275972,L1,L3,L1,L2,L2,L2,L1,L1,L2,C2_3,D2_3,F2_2,,,N2_1,L_2,M_1
275973,L1,L3,L1,L2,L2,L2,L1,L1,L2,C2_3,D2_3,F2_2,,,N2_1,L_2,M_2
275974,L1,L3,L1,L2,L2,L2,L1,L1,L2,C2_3,D2_3,F2_2,,,N2_1,L_3,M_1
275975,L1,L3,L1,L2,L2,L2,L1,L1,L2,C2_3,D2_3,F2_2,,,N2_1,L_3,M_2
275976,L1,L3,L1,L2,L2,L2,L1,L1,L2,C2_3,D2_3,F2_2,,,N2_2,L_1,M_1
275977,L1,L3,L1,L2,L2,L2,L1,L1,L2,C2_3,D2_3,F2_2,,,N2_2,L_1,M_2
275978,L1,L3,L1,L2,L2,L2,L1,L1,L2,C2_3,D2_3,F2_2,,,N2_2,L_2,M_1
275979,L1,L3,L1,L2,L2,L2,L1,L1,L2,C2_3,D2_3,F2_2,,,N2_2,L_2,M_2
275980,L1,L3,L1,L2,L2,L2,L1,L1,L2,C2_3,D2_3,F2_2,,,N2_2,L_3,M_1
275981,L1,L3,L1,L2,L2,L2,L1,L1,L2,C2_3,D2_3,F2_2,,,N2_2,L_3,M_2
275982,L1,L3,L1,L2,L2,L2,L1,L1,L2,C2_3,D2_3,F2_3,,,N2_1,L_1,M_1
275983,L1,L3,L1,L2,L2,L2,L1,L1,L2,C2_3,D2_3,F2_3,,,N2_1,L_1,M_2
275984,L1,L3,L1,L2,L2,L2,L1,L1,L2,C2_3,D2_3,F2_3,,,N2_1,L_2,M_1
275985,L1,L3,L1,L2,L2,L2,L1,L1,L2,C2_3,D2_3,F2_3,,,N2_1,L_2,M_2
275986,L1,L3,L1,L2,L2,L2,L1,L1,L2,C2_3,D2_3,F2_3,,,N2_1,L_3,M_1
275987,L1,L3,L1,L2,L2,L2,L1,L1,L2,C2_3,D2_3,F2_3,,,N2_1,L_3,M_2
275988,L1,L3,L1,L2,L2,L2,L1,L1,L2,C2_3,D2_3,F2_3,,,N2_2,L_1,M_1
275989,L1,L3,L1,L2,L2,L2,L1,L1,L2,C2_3,D2_3,F2_3,,,N2_2,L_1,M_2
275990,L1,L3,L1,L2,L2,L2,L1,L1,L2,C2_3,D2_3,F2_3,,,N2_2,L_2,M_1
275991,L1,L3,L1,L2,L2,L2,L1,L1,L2,C2_3,D2_3,F2_3,,,N2_2,L_2,M_2
275992,L1,L3,L1,L2,L2,L2,L1,L1,L2,C2_3,D2_3,F2_3,,,N2_2,L_3,M_1
275993,L1,L3,L1,L2,L2,L2,L1,L1,L2,C2_3,D2_3,F2_3,,,N2_2,L_3,M_2
275994,L3,L1,L3,L1,L2,L2,L1,L1,L2,C2_1,D2_1,F2_1,,,N2_1,L_1,M_1
275995,L3,L1,L3,L1,L2,L2,L1,L1,L2,C2_1,D2_1,F2_1,,,N2_1,L_1,M_2
275996,L3,L1,L3,L1,L2,L2,L1,L1,L2,C2_1,D2_1,F2_1,,,N2_1,L_2,M_1
275997,L3,L1,L3,L1,L2,L2,L1,L1,L2,C2_1,D2_1,F2_1,,,N2_1,L_2,M_2
275998,L3,L1,L3,L1,L2,L2,L1,L1,L2,C2_1,D2_1,F2_1,,,N2_1,L_3,M_1
275999,L3,L1,L3,L1,L2,L2,L1,L1,L2,C2_1,D2_1,F2_1,,,N2_1,L_3,M_2
276000,L3,L1,L3,L1,L2,L2,L1,L1,L2,C2_1,D2_1,F2_1,,,N2_2,L_1,M_1
276001,L3,L1,L3,L1,L2,L2,L1,L1,L2,C2_1,D2_1,F2_1,,,N2_2,L_1,M_2
276002,L3,L1,L3,L1,L2,L2,L1,L1,L2,C2_1,D2_1,F2_1,,,N2_2,L_2,M_1
276003,L3,L1,L3,L1,L2,L2,L1,L1,L2,C2_1,D2_1,F2_1,,,N2_2,L_2,M_2
276004,L3,L1,L3,L1,L2,L2,L1,L1,L2,C2_1,D2_1,F2_1,,,N2_2,L_3,M_1
276005,L3,L1,L3,L1,L2,L2,L1,L1,L2,C2_1,D2_1,F2_1,,,N2_2,L_3,M_2
276006,L3,L1,L3,L1,L2,L2,L1,L1,L2,C2_1,D2_1,F2_2,,,N2_1,L_1,M_1
276007,L3,L1,L3,L1,L2,L2,L1,L1,L2,C2_1,D2_1,F2_2,,,N2_1,L_1,M_2
276008,L3,L1,L3,L1,L2,L2,L1,L1,L2,C2_1,D2_1,F2_2,,,N2_1,L_2,M_1
276009,L3,L1,L3,L1,L2,L2,L1,L1,L2,C2_1,D2_1,F2_2,,,N2_1,L_2,M_2
276010,L3,L1,L3,L1,L2,L2,L1,L1,L2,C2_1,D2_1,F2_2,,,N2_1,L_3,M_1
276011,L3,L1,L3,L1,L2,L2,L1,L1,L2,C2_1,D2_1,F2_2,,,N2_1,L_3,M_2
276012,L3,L1,L3,L1,L2,L2,L1,L1,L2,C2_1,D2_1,F2_2,,,N2_2,L_1,M_1
276013,L3,L1,L3,L1,L2,L2,L1,L1,L2,C2_1,D2_1,F2_2,,,N2_2,L_1,M_2
276014,L3,L1,L3,L1,L2,L2,L1,L1,L2,C2_1,D2_1,F2_2,,,N2_2,L_2,M_1
276015,L3,L1,L3,L1,L2,L2,L1,L1,L2,C2_1,D2_1,F2_2,,,N2_2,L_2,M_2
276016,L3,L1,L3,L1,L2,L2,L1,L1,L2,C2_1,D2_1,F2_2,,,N2_2,L_3,M_1
276017,L3,L1,L3,L1,L2,L2,L1,L1,L2,C2_1,D2_1,F2_2,,,N2_2,L_3,M_2
276018,L3,L1,L3,L1,L2,L2,L1,L1,L2,C2_1,D2_1,F2_3,,,N2_1,L_1,M_1
276019,L3,L1,L3,L1,L2,L2,L1,L1,L2,C2_1,D2_1,F2_3,,,N2_1,L_1,M_2
276020,L3,L1,L3,L1,L2,L2,L1,L1,L2,C2_1,D2_1,F2_3,,,N2_1,L_2,M_1
276021,L3,L1,L3,L1,L2,L2,L1,L1,L2,C2_1,D2_1,F2_3,,,N2_1,L_2,M_2
276022,L3,L1,L3,L1,L2,L2,L1,L1,L2,C2_1,D2_1,F2_3,,,N2_1,L_3,M_1
276023,L3,L1,L3,L1,L2,L2,L1,L1,L2,C2_1,D2_1,F2_3,,,N2_1,L_3,M_2
276024,L3,L1,L3,L1,L2,L2,L1,L1,L2,C2_1,D2_1,F2_3,,,N2_2,L_1,M_1
276025,L3,L1,L3,L1,L2,L2,L1,L1,L2,C2_1,D2_1,F2_3,,,N2_2,L_1,M_2
276026,L3,L1,L3,L1,L2,L2,L1,L1,L2,C2_1,D2_1,F2_3,,,N2_2,L_2,M_1
276027,L3,L1,L3,L1,L2,L2,L1,L1,L2,C2_1,D2_1,F2_3,,,N2_2,L_2,M_2
276028,L3,L1,L3,L1,L2,L2,L1,L1,L2,C2_1,D2_1,F2_3,,,N2_2,L_3,M_1
276029,L3,L1,L3,L1,L2,L2,L1,L1,L2,C2_1,D2_1,F2_3,,,N2_2,L_3,M_2
276030,L3,L1,L3,L1,L2,L2,L1,L1,L2,C2_1,D2_2,F2_1,,,N2_1,L_1,M_1
276031,L3,L1,L3,L1,L2,L2,L1,L1,L2,C2_1,D2_2,F2_1,,,N2_1,L_1,M_2
276032,L3,L1,L3,L1,L2,L2,L1,L1,L2,C2_1,D2_2,F2_1,,,N2_1,L_2,M_1
276033,L3,L1,L3,L1,L2,L2,L1,L1,L2,C2_1,D2_2,F2_1,,,N2_1,L_2,M_2
276034,L3,L1,L3,L1,L2,L2,L1,L1,L2,C2_1,D2_2,F2_1,,,N2_1,L_3,M_1
276035,L3,L1,L3,L1,L2,L2,L1,L1,L2,C2_1,D2_2,F2_1,,,N2_1,L_3,M_2
276036,L3,L1,L3,L1,L2,L2,L1,L1,L2,C2_1,D2_2,F2_1,,,N2_2,L_1,M_1
276037,L3,L1,L3,L1,L2,L2,L1,L1,L2,C2_1,D2_2,F2_1,,,N2_2,L_1,M_2
276038,L3,L1,L3,L1,L2,L2,L1,L1,L2,C2_1,D2_2,F2_1,,,N2_2,L_2,M_1
276039,L3,L1,L3,L1,L2,L2,L1,L1,L2,C2_1,D2_2,F2_1,,,N2_2,L_2,M_2
276040,L3,L1,L3,L1,L2,L2,L1,L1,L2,C2_1,D2_2,F2_1,,,N2_2,L_3,M_1
276041,L3,L1,L3,L1,L2,L2,L1,L1,L2,C2_1,D2_2,F2_1,,,N2_2,L_3,M_2
276042,L3,L1,L3,L1,L2,L2,L1,L1,L2,C2_1,D2_2,F2_2,,,N2_1,L_1,M_1
276043,L3,L1,L3,L1,L2,L2,L1,L1,L2,C2_1,D2_2,F2_2,,,N2_1,L_1,M_2
276044,L3,L1,L3,L1,L2,L2,L1,L1,L2,C2_1,D2_2,F2_2,,,N2_1,L_2,M_1
276045,L3,L1,L3,L1,L2,L2,L1,L1,L2,C2_1,D2_2,F2_2,,,N2_1,L_2,M_2
276046,L3,L1,L3,L1,L2,L2,L1,L1,L2,C2_1,D2_2,F2_2,,,N2_1,L_3,M_1
276047,L3,L1,L3,L1,L2,L2,L1,L1,L2,C2_1,D2_2,F2_2,,,N2_1,L_3,M_2
276048,L3,L1,L3,L1,L2,L2,L1,L1,L2,C2_1,D2_2,F2_2,,,N2_2,L_1,M_1
276049,L3,L1,L3,L1,L2,L2,L1,L1,L2,C2_1,D2_2,F2_2,,,N2_2,L_1,M_2
276050,L3,L1,L3,L1,L2,L2,L1,L1,L2,C2_1,D2_2,F2_2,,,N2_2,L_2,M_1
276051,L3,L1,L3,L1,L2,L2,L1,L1,L2,C2_1,D2_2,F2_2,,,N2_2,L_2,M_2
276052,L3,L1,L3,L1,L2,L2,L1,L1,L2,C2_1,D2_2,F2_2,,,N2_2,L_3,M_1
276053,L3,L1,L3,L1,L2,L2,L1,L1,L2,C2_1,D2_2,F2_2,,,N2_2,L_3,M_2
276054,L3,L1,L3,L1,L2,L2,L1,L1,L2,C2_1,D2_2,F2_3,,,N2_1,L_1,M_1
276055,L3,L1,L3,L1,L2,L2,L1,L1,L2,C2_1,D2_2,F2_3,,,N2_1,L_1,M_2
276056,L3,L1,L3,L1,L2,L2,L1,L1,L2,C2_1,D2_2,F2_3,,,N2_1,L_2,M_1
276057,L3,L1,L3,L1,L2,L2,L1,L1,L2,C2_1,D2_2,F2_3,,,N2_1,L_2,M_2
276058,L3,L1,L3,L1,L2,L2,L1,L1,L2,C2_1,D2_2,F2_3,,,N2_1,L_3,M_1
276059,L3,L1,L3,L1,L2,L2,L1,L1,L2,C2_1,D2_2,F2_3,,,N2_1,L_3,M_2
276060,L3,L1,L3,L1,L2,L2,L1,L1,L2,C2_1,D2_2,F2_3,,,N2_2,L_1,M_1
276061,L3,L1,L3,L1,L2,L2,L1,L1,L2,C2_1,D2_2,F2_3,,,N2_2,L_1,M_2
276062,L3,L1,L3,L1,L2,L2,L1,L1,L2,C2_1,D2_2,F2_3,,,N2_2,L_2,M_1
276063,L3,L1,L3,L1,L2,L2,L1,L1,L2,C2_1,D2_2,F2_3,,,N2_2,L_2,M_2
276064,L3,L1,L3,L1,L2,L2,L1,L1,L2,C2_1,D2_2,F2_3,,,N2_2,L_3,M_1
276065,L3,L1,L3,L1,L2,L2,L1,L1,L2,C2_1,D2_2,F2_3,,,N2_2,L_3,M_2
276066,L3,L1,L3,L1,L2,L2,L1,L1,L2,C2_1,D2_3,F2_1,,,N2_1,L_1,M_1
276067,L3,L1,L3,L1,L2,L2,L1,L1,L2,C2_1,D2_3,F2_1,,,N2_1,L_1,M_2
276068,L3,L1,L3,L1,L2,L2,L1,L1,L2,C2_1,D2_3,F2_1,,,N2_1,L_2,M_1
276069,L3,L1,L3,L1,L2,L2,L1,L1,L2,C2_1,D2_3,F2_1,,,N2_1,L_2,M_2
276070,L3,L1,L3,L1,L2,L2,L1,L1,L2,C2_1,D2_3,F2_1,,,N2_1,L_3,M_1
276071,L3,L1,L3,L1,L2,L2,L1,L1,L2,C2_1,D2_3,F2_1,,,N2_1,L_3,M_2
276072,L3,L1,L3,L1,L2,L2,L1,L1,L2,C2_1,D2_3,F2_1,,,N2_2,L_1,M_1
276073,L3,L1,L3,L1,L2,L2,L1,L1,L2,C2_1,D2_3,F2_1,,,N2_2,L_1,M_2
276074,L3,L1,L3,L1,L2,L2,L1,L1,L2,C2_1,D2_3,F2_1,,,N2_2,L_2,M_1
276075,L3,L1,L3,L1,L2,L2,L1,L1,L2,C2_1,D2_3,F2_1,,,N2_2,L_2,M_2
276076,L3,L1,L3,L1,L2,L2,L1,L1,L2,C2_1,D2_3,F2_1,,,N2_2,L_3,M_1
276077,L3,L1,L3,L1,L2,L2,L1,L1,L2,C2_1,D2_3,F2_1,,,N2_2,L_3,M_2
276078,L3,L1,L3,L1,L2,L2,L1,L1,L2,C2_1,D2_3,F2_2,,,N2_1,L_1,M_1
276079,L3,L1,L3,L1,L2,L2,L1,L1,L2,C2_1,D2_3,F2_2,,,N2_1,L_1,M_2
276080,L3,L1,L3,L1,L2,L2,L1,L1,L2,C2_1,D2_3,F2_2,,,N2_1,L_2,M_1
276081,L3,L1,L3,L1,L2,L2,L1,L1,L2,C2_1,D2_3,F2_2,,,N2_1,L_2,M_2
276082,L3,L1,L3,L1,L2,L2,L1,L1,L2,C2_1,D2_3,F2_2,,,N2_1,L_3,M_1
276083,L3,L1,L3,L1,L2,L2,L1,L1,L2,C2_1,D2_3,F2_2,,,N2_1,L_3,M_2
276084,L3,L1,L3,L1,L2,L2,L1,L1,L2,C2_1,D2_3,F2_2,,,N2_2,L_1,M_1
276085,L3,L1,L3,L1,L2,L2,L1,L1,L2,C2_1,D2_3,F2_2,,,N2_2,L_1,M_2
276086,L3,L1,L3,L1,L2,L2,L1,L1,L2,C2_1,D2_3,F2_2,,,N2_2,L_2,M_1
276087,L3,L1,L3,L1,L2,L2,L1,L1,L2,C2_1,D2_3,F2_2,,,N2_2,L_2,M_2
276088,L3,L1,L3,L1,L2,L2,L1,L1,L2,C2_1,D2_3,F2_2,,,N2_2,L_3,M_1
276089,L3,L1,L3,L1,L2,L2,L1,L1,L2,C2_1,D2_3,F2_2,,,N2_2,L_3,M_2
276090,L3,L1,L3,L1,L2,L2,L1,L1,L2,C2_1,D2_3,F2_3,,,N2_1,L_1,M_1
276091,L3,L1,L3,L1,L2,L2,L1,L1,L2,C2_1,D2_3,F2_3,,,N2_1,L_1,M_2
276092,L3,L1,L3,L1,L2,L2,L1,L1,L2,C2_1,D2_3,F2_3,,,N2_1,L_2,M_1
276093,L3,L1,L3,L1,L2,L2,L1,L1,L2,C2_1,D2_3,F2_3,,,N2_1,L_2,M_2
276094,L3,L1,L3,L1,L2,L2,L1,L1,L2,C2_1,D2_3,F2_3,,,N2_1,L_3,M_1
276095,L3,L1,L3,L1,L2,L2,L1,L1,L2,C2_1,D2_3,F2_3,,,N2_1,L_3,M_2
276096,L3,L1,L3,L1,L2,L2,L1,L1,L2,C2_1,D2_3,F2_3,,,N2_2,L_1,M_1
276097,L3,L1,L3,L1,L2,L2,L1,L1,L2,C2_1,D2_3,F2_3,,,N2_2,L_1,M_2
276098,L3,L1,L3,L1,L2,L2,L1,L1,L2,C2_1,D2_3,F2_3,,,N2_2,L_2,M_1
276099,L3,L1,L3,L1,L2,L2,L1,L1,L2,C2_1,D2_3,F2_3,,,N2_2,L_2,M_2
276100,L3,L1,L3,L1,L2,L2,L1,L1,L2,C2_1,D2_3,F2_3,,,N2_2,L_3,M_1
276101,L3,L1,L3,L1,L2,L2,L1,L1,L2,C2_1,D2_3,F2_3,,,N2_2,L_3,M_2
276102,L3,L1,L3,L1,L2,L2,L1,L1,L2,C2_2,D2_1,F2_1,,,N2_1,L_1,M_1
276103,L3,L1,L3,L1,L2,L2,L1,L1,L2,C2_2,D2_1,F2_1,,,N2_1,L_1,M_2
276104,L3,L1,L3,L1,L2,L2,L1,L1,L2,C2_2,D2_1,F2_1,,,N2_1,L_2,M_1
276105,L3,L1,L3,L1,L2,L2,L1,L1,L2,C2_2,D2_1,F2_1,,,N2_1,L_2,M_2
276106,L3,L1,L3,L1,L2,L2,L1,L1,L2,C2_2,D2_1,F2_1,,,N2_1,L_3,M_1
276107,L3,L1,L3,L1,L2,L2,L1,L1,L2,C2_2,D2_1,F2_1,,,N2_1,L_3,M_2
276108,L3,L1,L3,L1,L2,L2,L1,L1,L2,C2_2,D2_1,F2_1,,,N2_2,L_1,M_1
276109,L3,L1,L3,L1,L2,L2,L1,L1,L2,C2_2,D2_1,F2_1,,,N2_2,L_1,M_2
276110,L3,L1,L3,L1,L2,L2,L1,L1,L2,C2_2,D2_1,F2_1,,,N2_2,L_2,M_1
276111,L3,L1,L3,L1,L2,L2,L1,L1,L2,C2_2,D2_1,F2_1,,,N2_2,L_2,M_2
276112,L3,L1,L3,L1,L2,L2,L1,L1,L2,C2_2,D2_1,F2_1,,,N2_2,L_3,M_1
276113,L3,L1,L3,L1,L2,L2,L1,L1,L2,C2_2,D2_1,F2_1,,,N2_2,L_3,M_2
276114,L3,L1,L3,L1,L2,L2,L1,L1,L2,C2_2,D2_1,F2_2,,,N2_1,L_1,M_1
276115,L3,L1,L3,L1,L2,L2,L1,L1,L2,C2_2,D2_1,F2_2,,,N2_1,L_1,M_2
276116,L3,L1,L3,L1,L2,L2,L1,L1,L2,C2_2,D2_1,F2_2,,,N2_1,L_2,M_1
276117,L3,L1,L3,L1,L2,L2,L1,L1,L2,C2_2,D2_1,F2_2,,,N2_1,L_2,M_2
276118,L3,L1,L3,L1,L2,L2,L1,L1,L2,C2_2,D2_1,F2_2,,,N2_1,L_3,M_1
276119,L3,L1,L3,L1,L2,L2,L1,L1,L2,C2_2,D2_1,F2_2,,,N2_1,L_3,M_2
276120,L3,L1,L3,L1,L2,L2,L1,L1,L2,C2_2,D2_1,F2_2,,,N2_2,L_1,M_1
276121,L3,L1,L3,L1,L2,L2,L1,L1,L2,C2_2,D2_1,F2_2,,,N2_2,L_1,M_2
276122,L3,L1,L3,L1,L2,L2,L1,L1,L2,C2_2,D2_1,F2_2,,,N2_2,L_2,M_1
276123,L3,L1,L3,L1,L2,L2,L1,L1,L2,C2_2,D2_1,F2_2,,,N2_2,L_2,M_2
276124,L3,L1,L3,L1,L2,L2,L1,L1,L2,C2_2,D2_1,F2_2,,,N2_2,L_3,M_1
276125,L3,L1,L3,L1,L2,L2,L1,L1,L2,C2_2,D2_1,F2_2,,,N2_2,L_3,M_2
276126,L3,L1,L3,L1,L2,L2,L1,L1,L2,C2_2,D2_1,F2_3,,,N2_1,L_1,M_1
276127,L3,L1,L3,L1,L2,L2,L1,L1,L2,C2_2,D2_1,F2_3,,,N2_1,L_1,M_2
276128,L3,L1,L3,L1,L2,L2,L1,L1,L2,C2_2,D2_1,F2_3,,,N2_1,L_2,M_1
276129,L3,L1,L3,L1,L2,L2,L1,L1,L2,C2_2,D2_1,F2_3,,,N2_1,L_2,M_2
276130,L3,L1,L3,L1,L2,L2,L1,L1,L2,C2_2,D2_1,F2_3,,,N2_1,L_3,M_1
276131,L3,L1,L3,L1,L2,L2,L1,L1,L2,C2_2,D2_1,F2_3,,,N2_1,L_3,M_2
276132,L3,L1,L3,L1,L2,L2,L1,L1,L2,C2_2,D2_1,F2_3,,,N2_2,L_1,M_1
276133,L3,L1,L3,L1,L2,L2,L1,L1,L2,C2_2,D2_1,F2_3,,,N2_2,L_1,M_2
276134,L3,L1,L3,L1,L2,L2,L1,L1,L2,C2_2,D2_1,F2_3,,,N2_2,L_2,M_1
276135,L3,L1,L3,L1,L2,L2,L1,L1,L2,C2_2,D2_1,F2_3,,,N2_2,L_2,M_2
276136,L3,L1,L3,L1,L2,L2,L1,L1,L2,C2_2,D2_1,F2_3,,,N2_2,L_3,M_1
276137,L3,L1,L3,L1,L2,L2,L1,L1,L2,C2_2,D2_1,F2_3,,,N2_2,L_3,M_2
276138,L3,L1,L3,L1,L2,L2,L1,L1,L2,C2_2,D2_2,F2_1,,,N2_1,L_1,M_1
276139,L3,L1,L3,L1,L2,L2,L1,L1,L2,C2_2,D2_2,F2_1,,,N2_1,L_1,M_2
276140,L3,L1,L3,L1,L2,L2,L1,L1,L2,C2_2,D2_2,F2_1,,,N2_1,L_2,M_1
276141,L3,L1,L3,L1,L2,L2,L1,L1,L2,C2_2,D2_2,F2_1,,,N2_1,L_2,M_2
276142,L3,L1,L3,L1,L2,L2,L1,L1,L2,C2_2,D2_2,F2_1,,,N2_1,L_3,M_1
276143,L3,L1,L3,L1,L2,L2,L1,L1,L2,C2_2,D2_2,F2_1,,,N2_1,L_3,M_2
276144,L3,L1,L3,L1,L2,L2,L1,L1,L2,C2_2,D2_2,F2_1,,,N2_2,L_1,M_1
276145,L3,L1,L3,L1,L2,L2,L1,L1,L2,C2_2,D2_2,F2_1,,,N2_2,L_1,M_2
276146,L3,L1,L3,L1,L2,L2,L1,L1,L2,C2_2,D2_2,F2_1,,,N2_2,L_2,M_1
276147,L3,L1,L3,L1,L2,L2,L1,L1,L2,C2_2,D2_2,F2_1,,,N2_2,L_2,M_2
276148,L3,L1,L3,L1,L2,L2,L1,L1,L2,C2_2,D2_2,F2_1,,,N2_2,L_3,M_1
276149,L3,L1,L3,L1,L2,L2,L1,L1,L2,C2_2,D2_2,F2_1,,,N2_2,L_3,M_2
276150,L3,L1,L3,L1,L2,L2,L1,L1,L2,C2_2,D2_2,F2_2,,,N2_1,L_1,M_1
276151,L3,L1,L3,L1,L2,L2,L1,L1,L2,C2_2,D2_2,F2_2,,,N2_1,L_1,M_2
276152,L3,L1,L3,L1,L2,L2,L1,L1,L2,C2_2,D2_2,F2_2,,,N2_1,L_2,M_1
276153,L3,L1,L3,L1,L2,L2,L1,L1,L2,C2_2,D2_2,F2_2,,,N2_1,L_2,M_2
276154,L3,L1,L3,L1,L2,L2,L1,L1,L2,C2_2,D2_2,F2_2,,,N2_1,L_3,M_1
276155,L3,L1,L3,L1,L2,L2,L1,L1,L2,C2_2,D2_2,F2_2,,,N2_1,L_3,M_2
276156,L3,L1,L3,L1,L2,L2,L1,L1,L2,C2_2,D2_2,F2_2,,,N2_2,L_1,M_1
276157,L3,L1,L3,L1,L2,L2,L1,L1,L2,C2_2,D2_2,F2_2,,,N2_2,L_1,M_2
276158,L3,L1,L3,L1,L2,L2,L1,L1,L2,C2_2,D2_2,F2_2,,,N2_2,L_2,M_1
276159,L3,L1,L3,L1,L2,L2,L1,L1,L2,C2_2,D2_2,F2_2,,,N2_2,L_2,M_2
276160,L3,L1,L3,L1,L2,L2,L1,L1,L2,C2_2,D2_2,F2_2,,,N2_2,L_3,M_1
276161,L3,L1,L3,L1,L2,L2,L1,L1,L2,C2_2,D2_2,F2_2,,,N2_2,L_3,M_2
276162,L3,L1,L3,L1,L2,L2,L1,L1,L2,C2_2,D2_2,F2_3,,,N2_1,L_1,M_1
276163,L3,L1,L3,L1,L2,L2,L1,L1,L2,C2_2,D2_2,F2_3,,,N2_1,L_1,M_2
276164,L3,L1,L3,L1,L2,L2,L1,L1,L2,C2_2,D2_2,F2_3,,,N2_1,L_2,M_1
276165,L3,L1,L3,L1,L2,L2,L1,L1,L2,C2_2,D2_2,F2_3,,,N2_1,L_2,M_2
276166,L3,L1,L3,L1,L2,L2,L1,L1,L2,C2_2,D2_2,F2_3,,,N2_1,L_3,M_1
276167,L3,L1,L3,L1,L2,L2,L1,L1,L2,C2_2,D2_2,F2_3,,,N2_1,L_3,M_2
276168,L3,L1,L3,L1,L2,L2,L1,L1,L2,C2_2,D2_2,F2_3,,,N2_2,L_1,M_1
276169,L3,L1,L3,L1,L2,L2,L1,L1,L2,C2_2,D2_2,F2_3,,,N2_2,L_1,M_2
276170,L3,L1,L3,L1,L2,L2,L1,L1,L2,C2_2,D2_2,F2_3,,,N2_2,L_2,M_1
276171,L3,L1,L3,L1,L2,L2,L1,L1,L2,C2_2,D2_2,F2_3,,,N2_2,L_2,M_2
276172,L3,L1,L3,L1,L2,L2,L1,L1,L2,C2_2,D2_2,F2_3,,,N2_2,L_3,M_1
276173,L3,L1,L3,L1,L2,L2,L1,L1,L2,C2_2,D2_2,F2_3,,,N2_2,L_3,M_2
276174,L3,L1,L3,L1,L2,L2,L1,L1,L2,C2_2,D2_3,F2_1,,,N2_1,L_1,M_1
276175,L3,L1,L3,L1,L2,L2,L1,L1,L2,C2_2,D2_3,F2_1,,,N2_1,L_1,M_2
276176,L3,L1,L3,L1,L2,L2,L1,L1,L2,C2_2,D2_3,F2_1,,,N2_1,L_2,M_1
276177,L3,L1,L3,L1,L2,L2,L1,L1,L2,C2_2,D2_3,F2_1,,,N2_1,L_2,M_2
276178,L3,L1,L3,L1,L2,L2,L1,L1,L2,C2_2,D2_3,F2_1,,,N2_1,L_3,M_1
276179,L3,L1,L3,L1,L2,L2,L1,L1,L2,C2_2,D2_3,F2_1,,,N2_1,L_3,M_2
276180,L3,L1,L3,L1,L2,L2,L1,L1,L2,C2_2,D2_3,F2_1,,,N2_2,L_1,M_1
276181,L3,L1,L3,L1,L2,L2,L1,L1,L2,C2_2,D2_3,F2_1,,,N2_2,L_1,M_2
276182,L3,L1,L3,L1,L2,L2,L1,L1,L2,C2_2,D2_3,F2_1,,,N2_2,L_2,M_1
276183,L3,L1,L3,L1,L2,L2,L1,L1,L2,C2_2,D2_3,F2_1,,,N2_2,L_2,M_2
276184,L3,L1,L3,L1,L2,L2,L1,L1,L2,C2_2,D2_3,F2_1,,,N2_2,L_3,M_1
276185,L3,L1,L3,L1,L2,L2,L1,L1,L2,C2_2,D2_3,F2_1,,,N2_2,L_3,M_2
276186,L3,L1,L3,L1,L2,L2,L1,L1,L2,C2_2,D2_3,F2_2,,,N2_1,L_1,M_1
276187,L3,L1,L3,L1,L2,L2,L1,L1,L2,C2_2,D2_3,F2_2,,,N2_1,L_1,M_2
276188,L3,L1,L3,L1,L2,L2,L1,L1,L2,C2_2,D2_3,F2_2,,,N2_1,L_2,M_1
276189,L3,L1,L3,L1,L2,L2,L1,L1,L2,C2_2,D2_3,F2_2,,,N2_1,L_2,M_2
276190,L3,L1,L3,L1,L2,L2,L1,L1,L2,C2_2,D2_3,F2_2,,,N2_1,L_3,M_1
276191,L3,L1,L3,L1,L2,L2,L1,L1,L2,C2_2,D2_3,F2_2,,,N2_1,L_3,M_2
276192,L3,L1,L3,L1,L2,L2,L1,L1,L2,C2_2,D2_3,F2_2,,,N2_2,L_1,M_1
276193,L3,L1,L3,L1,L2,L2,L1,L1,L2,C2_2,D2_3,F2_2,,,N2_2,L_1,M_2
276194,L3,L1,L3,L1,L2,L2,L1,L1,L2,C2_2,D2_3,F2_2,,,N2_2,L_2,M_1
276195,L3,L1,L3,L1,L2,L2,L1,L1,L2,C2_2,D2_3,F2_2,,,N2_2,L_2,M_2
276196,L3,L1,L3,L1,L2,L2,L1,L1,L2,C2_2,D2_3,F2_2,,,N2_2,L_3,M_1
276197,L3,L1,L3,L1,L2,L2,L1,L1,L2,C2_2,D2_3,F2_2,,,N2_2,L_3,M_2
276198,L3,L1,L3,L1,L2,L2,L1,L1,L2,C2_2,D2_3,F2_3,,,N2_1,L_1,M_1
276199,L3,L1,L3,L1,L2,L2,L1,L1,L2,C2_2,D2_3,F2_3,,,N2_1,L_1,M_2
276200,L3,L1,L3,L1,L2,L2,L1,L1,L2,C2_2,D2_3,F2_3,,,N2_1,L_2,M_1
276201,L3,L1,L3,L1,L2,L2,L1,L1,L2,C2_2,D2_3,F2_3,,,N2_1,L_2,M_2
276202,L3,L1,L3,L1,L2,L2,L1,L1,L2,C2_2,D2_3,F2_3,,,N2_1,L_3,M_1
276203,L3,L1,L3,L1,L2,L2,L1,L1,L2,C2_2,D2_3,F2_3,,,N2_1,L_3,M_2
276204,L3,L1,L3,L1,L2,L2,L1,L1,L2,C2_2,D2_3,F2_3,,,N2_2,L_1,M_1
276205,L3,L1,L3,L1,L2,L2,L1,L1,L2,C2_2,D2_3,F2_3,,,N2_2,L_1,M_2
276206,L3,L1,L3,L1,L2,L2,L1,L1,L2,C2_2,D2_3,F2_3,,,N2_2,L_2,M_1
276207,L3,L1,L3,L1,L2,L2,L1,L1,L2,C2_2,D2_3,F2_3,,,N2_2,L_2,M_2
276208,L3,L1,L3,L1,L2,L2,L1,L1,L2,C2_2,D2_3,F2_3,,,N2_2,L_3,M_1
276209,L3,L1,L3,L1,L2,L2,L1,L1,L2,C2_2,D2_3,F2_3,,,N2_2,L_3,M_2
276210,L3,L1,L3,L1,L2,L2,L1,L1,L2,C2_3,D2_1,F2_1,,,N2_1,L_1,M_1
276211,L3,L1,L3,L1,L2,L2,L1,L1,L2,C2_3,D2_1,F2_1,,,N2_1,L_1,M_2
276212,L3,L1,L3,L1,L2,L2,L1,L1,L2,C2_3,D2_1,F2_1,,,N2_1,L_2,M_1
276213,L3,L1,L3,L1,L2,L2,L1,L1,L2,C2_3,D2_1,F2_1,,,N2_1,L_2,M_2
276214,L3,L1,L3,L1,L2,L2,L1,L1,L2,C2_3,D2_1,F2_1,,,N2_1,L_3,M_1
276215,L3,L1,L3,L1,L2,L2,L1,L1,L2,C2_3,D2_1,F2_1,,,N2_1,L_3,M_2
276216,L3,L1,L3,L1,L2,L2,L1,L1,L2,C2_3,D2_1,F2_1,,,N2_2,L_1,M_1
276217,L3,L1,L3,L1,L2,L2,L1,L1,L2,C2_3,D2_1,F2_1,,,N2_2,L_1,M_2
276218,L3,L1,L3,L1,L2,L2,L1,L1,L2,C2_3,D2_1,F2_1,,,N2_2,L_2,M_1
276219,L3,L1,L3,L1,L2,L2,L1,L1,L2,C2_3,D2_1,F2_1,,,N2_2,L_2,M_2
276220,L3,L1,L3,L1,L2,L2,L1,L1,L2,C2_3,D2_1,F2_1,,,N2_2,L_3,M_1
276221,L3,L1,L3,L1,L2,L2,L1,L1,L2,C2_3,D2_1,F2_1,,,N2_2,L_3,M_2
276222,L3,L1,L3,L1,L2,L2,L1,L1,L2,C2_3,D2_1,F2_2,,,N2_1,L_1,M_1
276223,L3,L1,L3,L1,L2,L2,L1,L1,L2,C2_3,D2_1,F2_2,,,N2_1,L_1,M_2
276224,L3,L1,L3,L1,L2,L2,L1,L1,L2,C2_3,D2_1,F2_2,,,N2_1,L_2,M_1
276225,L3,L1,L3,L1,L2,L2,L1,L1,L2,C2_3,D2_1,F2_2,,,N2_1,L_2,M_2
276226,L3,L1,L3,L1,L2,L2,L1,L1,L2,C2_3,D2_1,F2_2,,,N2_1,L_3,M_1
276227,L3,L1,L3,L1,L2,L2,L1,L1,L2,C2_3,D2_1,F2_2,,,N2_1,L_3,M_2
276228,L3,L1,L3,L1,L2,L2,L1,L1,L2,C2_3,D2_1,F2_2,,,N2_2,L_1,M_1
276229,L3,L1,L3,L1,L2,L2,L1,L1,L2,C2_3,D2_1,F2_2,,,N2_2,L_1,M_2
276230,L3,L1,L3,L1,L2,L2,L1,L1,L2,C2_3,D2_1,F2_2,,,N2_2,L_2,M_1
276231,L3,L1,L3,L1,L2,L2,L1,L1,L2,C2_3,D2_1,F2_2,,,N2_2,L_2,M_2
276232,L3,L1,L3,L1,L2,L2,L1,L1,L2,C2_3,D2_1,F2_2,,,N2_2,L_3,M_1
276233,L3,L1,L3,L1,L2,L2,L1,L1,L2,C2_3,D2_1,F2_2,,,N2_2,L_3,M_2
276234,L3,L1,L3,L1,L2,L2,L1,L1,L2,C2_3,D2_1,F2_3,,,N2_1,L_1,M_1
276235,L3,L1,L3,L1,L2,L2,L1,L1,L2,C2_3,D2_1,F2_3,,,N2_1,L_1,M_2
276236,L3,L1,L3,L1,L2,L2,L1,L1,L2,C2_3,D2_1,F2_3,,,N2_1,L_2,M_1
276237,L3,L1,L3,L1,L2,L2,L1,L1,L2,C2_3,D2_1,F2_3,,,N2_1,L_2,M_2
276238,L3,L1,L3,L1,L2,L2,L1,L1,L2,C2_3,D2_1,F2_3,,,N2_1,L_3,M_1
276239,L3,L1,L3,L1,L2,L2,L1,L1,L2,C2_3,D2_1,F2_3,,,N2_1,L_3,M_2
276240,L3,L1,L3,L1,L2,L2,L1,L1,L2,C2_3,D2_1,F2_3,,,N2_2,L_1,M_1
276241,L3,L1,L3,L1,L2,L2,L1,L1,L2,C2_3,D2_1,F2_3,,,N2_2,L_1,M_2
276242,L3,L1,L3,L1,L2,L2,L1,L1,L2,C2_3,D2_1,F2_3,,,N2_2,L_2,M_1
276243,L3,L1,L3,L1,L2,L2,L1,L1,L2,C2_3,D2_1,F2_3,,,N2_2,L_2,M_2
276244,L3,L1,L3,L1,L2,L2,L1,L1,L2,C2_3,D2_1,F2_3,,,N2_2,L_3,M_1
276245,L3,L1,L3,L1,L2,L2,L1,L1,L2,C2_3,D2_1,F2_3,,,N2_2,L_3,M_2
276246,L3,L1,L3,L1,L2,L2,L1,L1,L2,C2_3,D2_2,F2_1,,,N2_1,L_1,M_1
276247,L3,L1,L3,L1,L2,L2,L1,L1,L2,C2_3,D2_2,F2_1,,,N2_1,L_1,M_2
276248,L3,L1,L3,L1,L2,L2,L1,L1,L2,C2_3,D2_2,F2_1,,,N2_1,L_2,M_1
276249,L3,L1,L3,L1,L2,L2,L1,L1,L2,C2_3,D2_2,F2_1,,,N2_1,L_2,M_2
276250,L3,L1,L3,L1,L2,L2,L1,L1,L2,C2_3,D2_2,F2_1,,,N2_1,L_3,M_1
276251,L3,L1,L3,L1,L2,L2,L1,L1,L2,C2_3,D2_2,F2_1,,,N2_1,L_3,M_2
276252,L3,L1,L3,L1,L2,L2,L1,L1,L2,C2_3,D2_2,F2_1,,,N2_2,L_1,M_1
276253,L3,L1,L3,L1,L2,L2,L1,L1,L2,C2_3,D2_2,F2_1,,,N2_2,L_1,M_2
276254,L3,L1,L3,L1,L2,L2,L1,L1,L2,C2_3,D2_2,F2_1,,,N2_2,L_2,M_1
276255,L3,L1,L3,L1,L2,L2,L1,L1,L2,C2_3,D2_2,F2_1,,,N2_2,L_2,M_2
276256,L3,L1,L3,L1,L2,L2,L1,L1,L2,C2_3,D2_2,F2_1,,,N2_2,L_3,M_1
276257,L3,L1,L3,L1,L2,L2,L1,L1,L2,C2_3,D2_2,F2_1,,,N2_2,L_3,M_2
276258,L3,L1,L3,L1,L2,L2,L1,L1,L2,C2_3,D2_2,F2_2,,,N2_1,L_1,M_1
276259,L3,L1,L3,L1,L2,L2,L1,L1,L2,C2_3,D2_2,F2_2,,,N2_1,L_1,M_2
276260,L3,L1,L3,L1,L2,L2,L1,L1,L2,C2_3,D2_2,F2_2,,,N2_1,L_2,M_1
276261,L3,L1,L3,L1,L2,L2,L1,L1,L2,C2_3,D2_2,F2_2,,,N2_1,L_2,M_2
276262,L3,L1,L3,L1,L2,L2,L1,L1,L2,C2_3,D2_2,F2_2,,,N2_1,L_3,M_1
276263,L3,L1,L3,L1,L2,L2,L1,L1,L2,C2_3,D2_2,F2_2,,,N2_1,L_3,M_2
276264,L3,L1,L3,L1,L2,L2,L1,L1,L2,C2_3,D2_2,F2_2,,,N2_2,L_1,M_1
276265,L3,L1,L3,L1,L2,L2,L1,L1,L2,C2_3,D2_2,F2_2,,,N2_2,L_1,M_2
276266,L3,L1,L3,L1,L2,L2,L1,L1,L2,C2_3,D2_2,F2_2,,,N2_2,L_2,M_1
276267,L3,L1,L3,L1,L2,L2,L1,L1,L2,C2_3,D2_2,F2_2,,,N2_2,L_2,M_2
276268,L3,L1,L3,L1,L2,L2,L1,L1,L2,C2_3,D2_2,F2_2,,,N2_2,L_3,M_1
276269,L3,L1,L3,L1,L2,L2,L1,L1,L2,C2_3,D2_2,F2_2,,,N2_2,L_3,M_2
276270,L3,L1,L3,L1,L2,L2,L1,L1,L2,C2_3,D2_2,F2_3,,,N2_1,L_1,M_1
276271,L3,L1,L3,L1,L2,L2,L1,L1,L2,C2_3,D2_2,F2_3,,,N2_1,L_1,M_2
276272,L3,L1,L3,L1,L2,L2,L1,L1,L2,C2_3,D2_2,F2_3,,,N2_1,L_2,M_1
276273,L3,L1,L3,L1,L2,L2,L1,L1,L2,C2_3,D2_2,F2_3,,,N2_1,L_2,M_2
276274,L3,L1,L3,L1,L2,L2,L1,L1,L2,C2_3,D2_2,F2_3,,,N2_1,L_3,M_1
276275,L3,L1,L3,L1,L2,L2,L1,L1,L2,C2_3,D2_2,F2_3,,,N2_1,L_3,M_2
276276,L3,L1,L3,L1,L2,L2,L1,L1,L2,C2_3,D2_2,F2_3,,,N2_2,L_1,M_1
276277,L3,L1,L3,L1,L2,L2,L1,L1,L2,C2_3,D2_2,F2_3,,,N2_2,L_1,M_2
276278,L3,L1,L3,L1,L2,L2,L1,L1,L2,C2_3,D2_2,F2_3,,,N2_2,L_2,M_1
276279,L3,L1,L3,L1,L2,L2,L1,L1,L2,C2_3,D2_2,F2_3,,,N2_2,L_2,M_2
276280,L3,L1,L3,L1,L2,L2,L1,L1,L2,C2_3,D2_2,F2_3,,,N2_2,L_3,M_1
276281,L3,L1,L3,L1,L2,L2,L1,L1,L2,C2_3,D2_2,F2_3,,,N2_2,L_3,M_2
276282,L3,L1,L3,L1,L2,L2,L1,L1,L2,C2_3,D2_3,F2_1,,,N2_1,L_1,M_1
276283,L3,L1,L3,L1,L2,L2,L1,L1,L2,C2_3,D2_3,F2_1,,,N2_1,L_1,M_2
276284,L3,L1,L3,L1,L2,L2,L1,L1,L2,C2_3,D2_3,F2_1,,,N2_1,L_2,M_1
276285,L3,L1,L3,L1,L2,L2,L1,L1,L2,C2_3,D2_3,F2_1,,,N2_1,L_2,M_2
276286,L3,L1,L3,L1,L2,L2,L1,L1,L2,C2_3,D2_3,F2_1,,,N2_1,L_3,M_1
276287,L3,L1,L3,L1,L2,L2,L1,L1,L2,C2_3,D2_3,F2_1,,,N2_1,L_3,M_2
276288,L3,L1,L3,L1,L2,L2,L1,L1,L2,C2_3,D2_3,F2_1,,,N2_2,L_1,M_1
276289,L3,L1,L3,L1,L2,L2,L1,L1,L2,C2_3,D2_3,F2_1,,,N2_2,L_1,M_2
276290,L3,L1,L3,L1,L2,L2,L1,L1,L2,C2_3,D2_3,F2_1,,,N2_2,L_2,M_1
276291,L3,L1,L3,L1,L2,L2,L1,L1,L2,C2_3,D2_3,F2_1,,,N2_2,L_2,M_2
276292,L3,L1,L3,L1,L2,L2,L1,L1,L2,C2_3,D2_3,F2_1,,,N2_2,L_3,M_1
276293,L3,L1,L3,L1,L2,L2,L1,L1,L2,C2_3,D2_3,F2_1,,,N2_2,L_3,M_2
276294,L3,L1,L3,L1,L2,L2,L1,L1,L2,C2_3,D2_3,F2_2,,,N2_1,L_1,M_1
276295,L3,L1,L3,L1,L2,L2,L1,L1,L2,C2_3,D2_3,F2_2,,,N2_1,L_1,M_2
276296,L3,L1,L3,L1,L2,L2,L1,L1,L2,C2_3,D2_3,F2_2,,,N2_1,L_2,M_1
276297,L3,L1,L3,L1,L2,L2,L1,L1,L2,C2_3,D2_3,F2_2,,,N2_1,L_2,M_2
276298,L3,L1,L3,L1,L2,L2,L1,L1,L2,C2_3,D2_3,F2_2,,,N2_1,L_3,M_1
276299,L3,L1,L3,L1,L2,L2,L1,L1,L2,C2_3,D2_3,F2_2,,,N2_1,L_3,M_2
276300,L3,L1,L3,L1,L2,L2,L1,L1,L2,C2_3,D2_3,F2_2,,,N2_2,L_1,M_1
276301,L3,L1,L3,L1,L2,L2,L1,L1,L2,C2_3,D2_3,F2_2,,,N2_2,L_1,M_2
276302,L3,L1,L3,L1,L2,L2,L1,L1,L2,C2_3,D2_3,F2_2,,,N2_2,L_2,M_1
276303,L3,L1,L3,L1,L2,L2,L1,L1,L2,C2_3,D2_3,F2_2,,,N2_2,L_2,M_2
276304,L3,L1,L3,L1,L2,L2,L1,L1,L2,C2_3,D2_3,F2_2,,,N2_2,L_3,M_1
276305,L3,L1,L3,L1,L2,L2,L1,L1,L2,C2_3,D2_3,F2_2,,,N2_2,L_3,M_2
276306,L3,L1,L3,L1,L2,L2,L1,L1,L2,C2_3,D2_3,F2_3,,,N2_1,L_1,M_1
276307,L3,L1,L3,L1,L2,L2,L1,L1,L2,C2_3,D2_3,F2_3,,,N2_1,L_1,M_2
276308,L3,L1,L3,L1,L2,L2,L1,L1,L2,C2_3,D2_3,F2_3,,,N2_1,L_2,M_1
276309,L3,L1,L3,L1,L2,L2,L1,L1,L2,C2_3,D2_3,F2_3,,,N2_1,L_2,M_2
276310,L3,L1,L3,L1,L2,L2,L1,L1,L2,C2_3,D2_3,F2_3,,,N2_1,L_3,M_1
276311,L3,L1,L3,L1,L2,L2,L1,L1,L2,C2_3,D2_3,F2_3,,,N2_1,L_3,M_2
276312,L3,L1,L3,L1,L2,L2,L1,L1,L2,C2_3,D2_3,F2_3,,,N2_2,L_1,M_1
276313,L3,L1,L3,L1,L2,L2,L1,L1,L2,C2_3,D2_3,F2_3,,,N2_2,L_1,M_2
276314,L3,L1,L3,L1,L2,L2,L1,L1,L2,C2_3,D2_3,F2_3,,,N2_2,L_2,M_1
276315,L3,L1,L3,L1,L2,L2,L1,L1,L2,C2_3,D2_3,F2_3,,,N2_2,L_2,M_2
276316,L3,L1,L3,L1,L2,L2,L1,L1,L2,C2_3,D2_3,F2_3,,,N2_2,L_3,M_1
276317,L3,L1,L3,L1,L2,L2,L1,L1,L2,C2_3,D2_3,F2_3,,,N2_2,L_3,M_2
295515,L2,L2,L1,L3,L2,L2,L1,L1,L2,C2_1,D2_1,F2_1,,,N2_1,L_1,M_1
295516,L2,L2,L1,L3,L2,L2,L1,L1,L2,C2_1,D2_1,F2_1,,,N2_1,L_1,M_2
295517,L2,L2,L1,L3,L2,L2,L1,L1,L2,C2_1,D2_1,F2_1,,,N2_1,L_2,M_1
295518,L2,L2,L1,L3,L2,L2,L1,L1,L2,C2_1,D2_1,F2_1,,,N2_1,L_2,M_2
295519,L2,L2,L1,L3,L2,L2,L1,L1,L2,C2_1,D2_1,F2_1,,,N2_1,L_3,M_1
295520,L2,L2,L1,L3,L2,L2,L1,L1,L2,C2_1,D2_1,F2_1,,,N2_1,L_3,M_2
295521,L2,L2,L1,L3,L2,L2,L1,L1,L2,C2_1,D2_1,F2_1,,,N2_2,L_1,M_1
295522,L2,L2,L1,L3,L2,L2,L1,L1,L2,C2_1,D2_1,F2_1,,,N2_2,L_1,M_2
295523,L2,L2,L1,L3,L2,L2,L1,L1,L2,C2_1,D2_1,F2_1,,,N2_2,L_2,M_1
295524,L2,L2,L1,L3,L2,L2,L1,L1,L2,C2_1,D2_1,F2_1,,,N2_2,L_2,M_2
295525,L2,L2,L1,L3,L2,L2,L1,L1,L2,C2_1,D2_1,F2_1,,,N2_2,L_3,M_1
295526,L2,L2,L1,L3,L2,L2,L1,L1,L2,C2_1,D2_1,F2_1,,,N2_2,L_3,M_2
295527,L2,L2,L1,L3,L2,L2,L1,L1,L2,C2_1,D2_1,F2_2,,,N2_1,L_1,M_1
295528,L2,L2,L1,L3,L2,L2,L1,L1,L2,C2_1,D2_1,F2_2,,,N2_1,L_1,M_2
295529,L2,L2,L1,L3,L2,L2,L1,L1,L2,C2_1,D2_1,F2_2,,,N2_1,L_2,M_1
295530,L2,L2,L1,L3,L2,L2,L1,L1,L2,C2_1,D2_1,F2_2,,,N2_1,L_2,M_2
295531,L2,L2,L1,L3,L2,L2,L1,L1,L2,C2_1,D2_1,F2_2,,,N2_1,L_3,M_1
295532,L2,L2,L1,L3,L2,L2,L1,L1,L2,C2_1,D2_1,F2_2,,,N2_1,L_3,M_2
295533,L2,L2,L1,L3,L2,L2,L1,L1,L2,C2_1,D2_1,F2_2,,,N2_2,L_1,M_1
295534,L2,L2,L1,L3,L2,L2,L1,L1,L2,C2_1,D2_1,F2_2,,,N2_2,L_1,M_2
295535,L2,L2,L1,L3,L2,L2,L1,L1,L2,C2_1,D2_1,F2_2,,,N2_2,L_2,M_1
295536,L2,L2,L1,L3,L2,L2,L1,L1,L2,C2_1,D2_1,F2_2,,,N2_2,L_2,M_2
295537,L2,L2,L1,L3,L2,L2,L1,L1,L2,C2_1,D2_1,F2_2,,,N2_2,L_3,M_1
295538,L2,L2,L1,L3,L2,L2,L1,L1,L2,C2_1,D2_1,F2_2,,,N2_2,L_3,M_2
295539,L2,L2,L1,L3,L2,L2,L1,L1,L2,C2_1,D2_1,F2_3,,,N2_1,L_1,M_1
295540,L2,L2,L1,L3,L2,L2,L1,L1,L2,C2_1,D2_1,F2_3,,,N2_1,L_1,M_2
295541,L2,L2,L1,L3,L2,L2,L1,L1,L2,C2_1,D2_1,F2_3,,,N2_1,L_2,M_1
295542,L2,L2,L1,L3,L2,L2,L1,L1,L2,C2_1,D2_1,F2_3,,,N2_1,L_2,M_2
295543,L2,L2,L1,L3,L2,L2,L1,L1,L2,C2_1,D2_1,F2_3,,,N2_1,L_3,M_1
295544,L2,L2,L1,L3,L2,L2,L1,L1,L2,C2_1,D2_1,F2_3,,,N2_1,L_3,M_2
295545,L2,L2,L1,L3,L2,L2,L1,L1,L2,C2_1,D2_1,F2_3,,,N2_2,L_1,M_1
295546,L2,L2,L1,L3,L2,L2,L1,L1,L2,C2_1,D2_1,F2_3,,,N2_2,L_1,M_2
295547,L2,L2,L1,L3,L2,L2,L1,L1,L2,C2_1,D2_1,F2_3,,,N2_2,L_2,M_1
295548,L2,L2,L1,L3,L2,L2,L1,L1,L2,C2_1,D2_1,F2_3,,,N2_2,L_2,M_2
295549,L2,L2,L1,L3,L2,L2,L1,L1,L2,C2_1,D2_1,F2_3,,,N2_2,L_3,M_1
295550,L2,L2,L1,L3,L2,L2,L1,L1,L2,C2_1,D2_1,F2_3,,,N2_2,L_3,M_2
295551,L2,L2,L1,L3,L2,L2,L1,L1,L2,C2_1,D2_2,F2_1,,,N2_1,L_1,M_1
295552,L2,L2,L1,L3,L2,L2,L1,L1,L2,C2_1,D2_2,F2_1,,,N2_1,L_1,M_2
295553,L2,L2,L1,L3,L2,L2,L1,L1,L2,C2_1,D2_2,F2_1,,,N2_1,L_2,M_1
295554,L2,L2,L1,L3,L2,L2,L1,L1,L2,C2_1,D2_2,F2_1,,,N2_1,L_2,M_2
295555,L2,L2,L1,L3,L2,L2,L1,L1,L2,C2_1,D2_2,F2_1,,,N2_1,L_3,M_1
295556,L2,L2,L1,L3,L2,L2,L1,L1,L2,C2_1,D2_2,F2_1,,,N2_1,L_3,M_2
295557,L2,L2,L1,L3,L2,L2,L1,L1,L2,C2_1,D2_2,F2_1,,,N2_2,L_1,M_1
295558,L2,L2,L1,L3,L2,L2,L1,L1,L2,C2_1,D2_2,F2_1,,,N2_2,L_1,M_2
295559,L2,L2,L1,L3,L2,L2,L1,L1,L2,C2_1,D2_2,F2_1,,,N2_2,L_2,M_1
295560,L2,L2,L1,L3,L2,L2,L1,L1,L2,C2_1,D2_2,F2_1,,,N2_2,L_2,M_2
295561,L2,L2,L1,L3,L2,L2,L1,L1,L2,C2_1,D2_2,F2_1,,,N2_2,L_3,M_1
295562,L2,L2,L1,L3,L2,L2,L1,L1,L2,C2_1,D2_2,F2_1,,,N2_2,L_3,M_2
295563,L2,L2,L1,L3,L2,L2,L1,L1,L2,C2_1,D2_2,F2_2,,,N2_1,L_1,M_1
295564,L2,L2,L1,L3,L2,L2,L1,L1,L2,C2_1,D2_2,F2_2,,,N2_1,L_1,M_2
295565,L2,L2,L1,L3,L2,L2,L1,L1,L2,C2_1,D2_2,F2_2,,,N2_1,L_2,M_1
295566,L2,L2,L1,L3,L2,L2,L1,L1,L2,C2_1,D2_2,F2_2,,,N2_1,L_2,M_2
295567,L2,L2,L1,L3,L2,L2,L1,L1,L2,C2_1,D2_2,F2_2,,,N2_1,L_3,M_1
295568,L2,L2,L1,L3,L2,L2,L1,L1,L2,C2_1,D2_2,F2_2,,,N2_1,L_3,M_2
295569,L2,L2,L1,L3,L2,L2,L1,L1,L2,C2_1,D2_2,F2_2,,,N2_2,L_1,M_1
295570,L2,L2,L1,L3,L2,L2,L1,L1,L2,C2_1,D2_2,F2_2,,,N2_2,L_1,M_2
295571,L2,L2,L1,L3,L2,L2,L1,L1,L2,C2_1,D2_2,F2_2,,,N2_2,L_2,M_1
295572,L2,L2,L1,L3,L2,L2,L1,L1,L2,C2_1,D2_2,F2_2,,,N2_2,L_2,M_2
295573,L2,L2,L1,L3,L2,L2,L1,L1,L2,C2_1,D2_2,F2_2,,,N2_2,L_3,M_1
295574,L2,L2,L1,L3,L2,L2,L1,L1,L2,C2_1,D2_2,F2_2,,,N2_2,L_3,M_2
295575,L2,L2,L1,L3,L2,L2,L1,L1,L2,C2_1,D2_2,F2_3,,,N2_1,L_1,M_1
295576,L2,L2,L1,L3,L2,L2,L1,L1,L2,C2_1,D2_2,F2_3,,,N2_1,L_1,M_2
295577,L2,L2,L1,L3,L2,L2,L1,L1,L2,C2_1,D2_2,F2_3,,,N2_1,L_2,M_1
295578,L2,L2,L1,L3,L2,L2,L1,L1,L2,C2_1,D2_2,F2_3,,,N2_1,L_2,M_2
295579,L2,L2,L1,L3,L2,L2,L1,L1,L2,C2_1,D2_2,F2_3,,,N2_1,L_3,M_1
295580,L2,L2,L1,L3,L2,L2,L1,L1,L2,C2_1,D2_2,F2_3,,,N2_1,L_3,M_2
295581,L2,L2,L1,L3,L2,L2,L1,L1,L2,C2_1,D2_2,F2_3,,,N2_2,L_1,M_1
295582,L2,L2,L1,L3,L2,L2,L1,L1,L2,C2_1,D2_2,F2_3,,,N2_2,L_1,M_2
295583,L2,L2,L1,L3,L2,L2,L1,L1,L2,C2_1,D2_2,F2_3,,,N2_2,L_2,M_1
295584,L2,L2,L1,L3,L2,L2,L1,L1,L2,C2_1,D2_2,F2_3,,,N2_2,L_2,M_2
295585,L2,L2,L1,L3,L2,L2,L1,L1,L2,C2_1,D2_2,F2_3,,,N2_2,L_3,M_1
295586,L2,L2,L1,L3,L2,L2,L1,L1,L2,C2_1,D2_2,F2_3,,,N2_2,L_3,M_2
295587,L2,L2,L1,L3,L2,L2,L1,L1,L2,C2_1,D2_3,F2_1,,,N2_1,L_1,M_1
295588,L2,L2,L1,L3,L2,L2,L1,L1,L2,C2_1,D2_3,F2_1,,,N2_1,L_1,M_2
295589,L2,L2,L1,L3,L2,L2,L1,L1,L2,C2_1,D2_3,F2_1,,,N2_1,L_2,M_1
295590,L2,L2,L1,L3,L2,L2,L1,L1,L2,C2_1,D2_3,F2_1,,,N2_1,L_2,M_2
295591,L2,L2,L1,L3,L2,L2,L1,L1,L2,C2_1,D2_3,F2_1,,,N2_1,L_3,M_1
295592,L2,L2,L1,L3,L2,L2,L1,L1,L2,C2_1,D2_3,F2_1,,,N2_1,L_3,M_2
295593,L2,L2,L1,L3,L2,L2,L1,L1,L2,C2_1,D2_3,F2_1,,,N2_2,L_1,M_1
295594,L2,L2,L1,L3,L2,L2,L1,L1,L2,C2_1,D2_3,F2_1,,,N2_2,L_1,M_2
295595,L2,L2,L1,L3,L2,L2,L1,L1,L2,C2_1,D2_3,F2_1,,,N2_2,L_2,M_1
295596,L2,L2,L1,L3,L2,L2,L1,L1,L2,C2_1,D2_3,F2_1,,,N2_2,L_2,M_2
295597,L2,L2,L1,L3,L2,L2,L1,L1,L2,C2_1,D2_3,F2_1,,,N2_2,L_3,M_1
295598,L2,L2,L1,L3,L2,L2,L1,L1,L2,C2_1,D2_3,F2_1,,,N2_2,L_3,M_2
295599,L2,L2,L1,L3,L2,L2,L1,L1,L2,C2_1,D2_3,F2_2,,,N2_1,L_1,M_1
295600,L2,L2,L1,L3,L2,L2,L1,L1,L2,C2_1,D2_3,F2_2,,,N2_1,L_1,M_2
295601,L2,L2,L1,L3,L2,L2,L1,L1,L2,C2_1,D2_3,F2_2,,,N2_1,L_2,M_1
295602,L2,L2,L1,L3,L2,L2,L1,L1,L2,C2_1,D2_3,F2_2,,,N2_1,L_2,M_2
295603,L2,L2,L1,L3,L2,L2,L1,L1,L2,C2_1,D2_3,F2_2,,,N2_1,L_3,M_1
295604,L2,L2,L1,L3,L2,L2,L1,L1,L2,C2_1,D2_3,F2_2,,,N2_1,L_3,M_2
295605,L2,L2,L1,L3,L2,L2,L1,L1,L2,C2_1,D2_3,F2_2,,,N2_2,L_1,M_1
295606,L2,L2,L1,L3,L2,L2,L1,L1,L2,C2_1,D2_3,F2_2,,,N2_2,L_1,M_2
295607,L2,L2,L1,L3,L2,L2,L1,L1,L2,C2_1,D2_3,F2_2,,,N2_2,L_2,M_1
295608,L2,L2,L1,L3,L2,L2,L1,L1,L2,C2_1,D2_3,F2_2,,,N2_2,L_2,M_2
295609,L2,L2,L1,L3,L2,L2,L1,L1,L2,C2_1,D2_3,F2_2,,,N2_2,L_3,M_1
295610,L2,L2,L1,L3,L2,L2,L1,L1,L2,C2_1,D2_3,F2_2,,,N2_2,L_3,M_2
295611,L2,L2,L1,L3,L2,L2,L1,L1,L2,C2_1,D2_3,F2_3,,,N2_1,L_1,M_1
295612,L2,L2,L1,L3,L2,L2,L1,L1,L2,C2_1,D2_3,F2_3,,,N2_1,L_1,M_2
295613,L2,L2,L1,L3,L2,L2,L1,L1,L2,C2_1,D2_3,F2_3,,,N2_1,L_2,M_1
295614,L2,L2,L1,L3,L2,L2,L1,L1,L2,C2_1,D2_3,F2_3,,,N2_1,L_2,M_2
295615,L2,L2,L1,L3,L2,L2,L1,L1,L2,C2_1,D2_3,F2_3,,,N2_1,L_3,M_1
295616,L2,L2,L1,L3,L2,L2,L1,L1,L2,C2_1,D2_3,F2_3,,,N2_1,L_3,M_2
295617,L2,L2,L1,L3,L2,L2,L1,L1,L2,C2_1,D2_3,F2_3,,,N2_2,L_1,M_1
295618,L2,L2,L1,L3,L2,L2,L1,L1,L2,C2_1,D2_3,F2_3,,,N2_2,L_1,M_2
295619,L2,L2,L1,L3,L2,L2,L1,L1,L2,C2_1,D2_3,F2_3,,,N2_2,L_2,M_1
295620,L2,L2,L1,L3,L2,L2,L1,L1,L2,C2_1,D2_3,F2_3,,,N2_2,L_2,M_2
295621,L2,L2,L1,L3,L2,L2,L1,L1,L2,C2_1,D2_3,F2_3,,,N2_2,L_3,M_1
295622,L2,L2,L1,L3,L2,L2,L1,L1,L2,C2_1,D2_3,F2_3,,,N2_2,L_3,M_2
295623,L2,L2,L1,L3,L2,L2,L1,L1,L2,C2_2,D2_1,F2_1,,,N2_1,L_1,M_1
295624,L2,L2,L1,L3,L2,L2,L1,L1,L2,C2_2,D2_1,F2_1,,,N2_1,L_1,M_2
295625,L2,L2,L1,L3,L2,L2,L1,L1,L2,C2_2,D2_1,F2_1,,,N2_1,L_2,M_1
295626,L2,L2,L1,L3,L2,L2,L1,L1,L2,C2_2,D2_1,F2_1,,,N2_1,L_2,M_2
295627,L2,L2,L1,L3,L2,L2,L1,L1,L2,C2_2,D2_1,F2_1,,,N2_1,L_3,M_1
295628,L2,L2,L1,L3,L2,L2,L1,L1,L2,C2_2,D2_1,F2_1,,,N2_1,L_3,M_2
295629,L2,L2,L1,L3,L2,L2,L1,L1,L2,C2_2,D2_1,F2_1,,,N2_2,L_1,M_1
295630,L2,L2,L1,L3,L2,L2,L1,L1,L2,C2_2,D2_1,F2_1,,,N2_2,L_1,M_2
295631,L2,L2,L1,L3,L2,L2,L1,L1,L2,C2_2,D2_1,F2_1,,,N2_2,L_2,M_1
295632,L2,L2,L1,L3,L2,L2,L1,L1,L2,C2_2,D2_1,F2_1,,,N2_2,L_2,M_2
295633,L2,L2,L1,L3,L2,L2,L1,L1,L2,C2_2,D2_1,F2_1,,,N2_2,L_3,M_1
295634,L2,L2,L1,L3,L2,L2,L1,L1,L2,C2_2,D2_1,F2_1,,,N2_2,L_3,M_2
295635,L2,L2,L1,L3,L2,L2,L1,L1,L2,C2_2,D2_1,F2_2,,,N2_1,L_1,M_1
295636,L2,L2,L1,L3,L2,L2,L1,L1,L2,C2_2,D2_1,F2_2,,,N2_1,L_1,M_2
295637,L2,L2,L1,L3,L2,L2,L1,L1,L2,C2_2,D2_1,F2_2,,,N2_1,L_2,M_1
295638,L2,L2,L1,L3,L2,L2,L1,L1,L2,C2_2,D2_1,F2_2,,,N2_1,L_2,M_2
295639,L2,L2,L1,L3,L2,L2,L1,L1,L2,C2_2,D2_1,F2_2,,,N2_1,L_3,M_1
295640,L2,L2,L1,L3,L2,L2,L1,L1,L2,C2_2,D2_1,F2_2,,,N2_1,L_3,M_2
295641,L2,L2,L1,L3,L2,L2,L1,L1,L2,C2_2,D2_1,F2_2,,,N2_2,L_1,M_1
295642,L2,L2,L1,L3,L2,L2,L1,L1,L2,C2_2,D2_1,F2_2,,,N2_2,L_1,M_2
295643,L2,L2,L1,L3,L2,L2,L1,L1,L2,C2_2,D2_1,F2_2,,,N2_2,L_2,M_1
295644,L2,L2,L1,L3,L2,L2,L1,L1,L2,C2_2,D2_1,F2_2,,,N2_2,L_2,M_2
295645,L2,L2,L1,L3,L2,L2,L1,L1,L2,C2_2,D2_1,F2_2,,,N2_2,L_3,M_1
295646,L2,L2,L1,L3,L2,L2,L1,L1,L2,C2_2,D2_1,F2_2,,,N2_2,L_3,M_2
295647,L2,L2,L1,L3,L2,L2,L1,L1,L2,C2_2,D2_1,F2_3,,,N2_1,L_1,M_1
295648,L2,L2,L1,L3,L2,L2,L1,L1,L2,C2_2,D2_1,F2_3,,,N2_1,L_1,M_2
295649,L2,L2,L1,L3,L2,L2,L1,L1,L2,C2_2,D2_1,F2_3,,,N2_1,L_2,M_1
295650,L2,L2,L1,L3,L2,L2,L1,L1,L2,C2_2,D2_1,F2_3,,,N2_1,L_2,M_2
295651,L2,L2,L1,L3,L2,L2,L1,L1,L2,C2_2,D2_1,F2_3,,,N2_1,L_3,M_1
295652,L2,L2,L1,L3,L2,L2,L1,L1,L2,C2_2,D2_1,F2_3,,,N2_1,L_3,M_2
295653,L2,L2,L1,L3,L2,L2,L1,L1,L2,C2_2,D2_1,F2_3,,,N2_2,L_1,M_1
295654,L2,L2,L1,L3,L2,L2,L1,L1,L2,C2_2,D2_1,F2_3,,,N2_2,L_1,M_2
295655,L2,L2,L1,L3,L2,L2,L1,L1,L2,C2_2,D2_1,F2_3,,,N2_2,L_2,M_1
295656,L2,L2,L1,L3,L2,L2,L1,L1,L2,C2_2,D2_1,F2_3,,,N2_2,L_2,M_2
295657,L2,L2,L1,L3,L2,L2,L1,L1,L2,C2_2,D2_1,F2_3,,,N2_2,L_3,M_1
295658,L2,L2,L1,L3,L2,L2,L1,L1,L2,C2_2,D2_1,F2_3,,,N2_2,L_3,M_2
295659,L2,L2,L1,L3,L2,L2,L1,L1,L2,C2_2,D2_2,F2_1,,,N2_1,L_1,M_1
295660,L2,L2,L1,L3,L2,L2,L1,L1,L2,C2_2,D2_2,F2_1,,,N2_1,L_1,M_2
295661,L2,L2,L1,L3,L2,L2,L1,L1,L2,C2_2,D2_2,F2_1,,,N2_1,L_2,M_1
295662,L2,L2,L1,L3,L2,L2,L1,L1,L2,C2_2,D2_2,F2_1,,,N2_1,L_2,M_2
295663,L2,L2,L1,L3,L2,L2,L1,L1,L2,C2_2,D2_2,F2_1,,,N2_1,L_3,M_1
295664,L2,L2,L1,L3,L2,L2,L1,L1,L2,C2_2,D2_2,F2_1,,,N2_1,L_3,M_2
295665,L2,L2,L1,L3,L2,L2,L1,L1,L2,C2_2,D2_2,F2_1,,,N2_2,L_1,M_1
295666,L2,L2,L1,L3,L2,L2,L1,L1,L2,C2_2,D2_2,F2_1,,,N2_2,L_1,M_2
295667,L2,L2,L1,L3,L2,L2,L1,L1,L2,C2_2,D2_2,F2_1,,,N2_2,L_2,M_1
295668,L2,L2,L1,L3,L2,L2,L1,L1,L2,C2_2,D2_2,F2_1,,,N2_2,L_2,M_2
295669,L2,L2,L1,L3,L2,L2,L1,L1,L2,C2_2,D2_2,F2_1,,,N2_2,L_3,M_1
295670,L2,L2,L1,L3,L2,L2,L1,L1,L2,C2_2,D2_2,F2_1,,,N2_2,L_3,M_2
295671,L2,L2,L1,L3,L2,L2,L1,L1,L2,C2_2,D2_2,F2_2,,,N2_1,L_1,M_1
295672,L2,L2,L1,L3,L2,L2,L1,L1,L2,C2_2,D2_2,F2_2,,,N2_1,L_1,M_2
295673,L2,L2,L1,L3,L2,L2,L1,L1,L2,C2_2,D2_2,F2_2,,,N2_1,L_2,M_1
295674,L2,L2,L1,L3,L2,L2,L1,L1,L2,C2_2,D2_2,F2_2,,,N2_1,L_2,M_2
295675,L2,L2,L1,L3,L2,L2,L1,L1,L2,C2_2,D2_2,F2_2,,,N2_1,L_3,M_1
295676,L2,L2,L1,L3,L2,L2,L1,L1,L2,C2_2,D2_2,F2_2,,,N2_1,L_3,M_2
295677,L2,L2,L1,L3,L2,L2,L1,L1,L2,C2_2,D2_2,F2_2,,,N2_2,L_1,M_1
295678,L2,L2,L1,L3,L2,L2,L1,L1,L2,C2_2,D2_2,F2_2,,,N2_2,L_1,M_2
295679,L2,L2,L1,L3,L2,L2,L1,L1,L2,C2_2,D2_2,F2_2,,,N2_2,L_2,M_1
295680,L2,L2,L1,L3,L2,L2,L1,L1,L2,C2_2,D2_2,F2_2,,,N2_2,L_2,M_2
295681,L2,L2,L1,L3,L2,L2,L1,L1,L2,C2_2,D2_2,F2_2,,,N2_2,L_3,M_1
295682,L2,L2,L1,L3,L2,L2,L1,L1,L2,C2_2,D2_2,F2_2,,,N2_2,L_3,M_2
295683,L2,L2,L1,L3,L2,L2,L1,L1,L2,C2_2,D2_2,F2_3,,,N2_1,L_1,M_1
295684,L2,L2,L1,L3,L2,L2,L1,L1,L2,C2_2,D2_2,F2_3,,,N2_1,L_1,M_2
295685,L2,L2,L1,L3,L2,L2,L1,L1,L2,C2_2,D2_2,F2_3,,,N2_1,L_2,M_1
295686,L2,L2,L1,L3,L2,L2,L1,L1,L2,C2_2,D2_2,F2_3,,,N2_1,L_2,M_2
295687,L2,L2,L1,L3,L2,L2,L1,L1,L2,C2_2,D2_2,F2_3,,,N2_1,L_3,M_1
295688,L2,L2,L1,L3,L2,L2,L1,L1,L2,C2_2,D2_2,F2_3,,,N2_1,L_3,M_2
295689,L2,L2,L1,L3,L2,L2,L1,L1,L2,C2_2,D2_2,F2_3,,,N2_2,L_1,M_1
295690,L2,L2,L1,L3,L2,L2,L1,L1,L2,C2_2,D2_2,F2_3,,,N2_2,L_1,M_2
295691,L2,L2,L1,L3,L2,L2,L1,L1,L2,C2_2,D2_2,F2_3,,,N2_2,L_2,M_1
295692,L2,L2,L1,L3,L2,L2,L1,L1,L2,C2_2,D2_2,F2_3,,,N2_2,L_2,M_2
295693,L2,L2,L1,L3,L2,L2,L1,L1,L2,C2_2,D2_2,F2_3,,,N2_2,L_3,M_1
295694,L2,L2,L1,L3,L2,L2,L1,L1,L2,C2_2,D2_2,F2_3,,,N2_2,L_3,M_2
295695,L2,L2,L1,L3,L2,L2,L1,L1,L2,C2_2,D2_3,F2_1,,,N2_1,L_1,M_1
295696,L2,L2,L1,L3,L2,L2,L1,L1,L2,C2_2,D2_3,F2_1,,,N2_1,L_1,M_2
295697,L2,L2,L1,L3,L2,L2,L1,L1,L2,C2_2,D2_3,F2_1,,,N2_1,L_2,M_1
295698,L2,L2,L1,L3,L2,L2,L1,L1,L2,C2_2,D2_3,F2_1,,,N2_1,L_2,M_2
295699,L2,L2,L1,L3,L2,L2,L1,L1,L2,C2_2,D2_3,F2_1,,,N2_1,L_3,M_1
295700,L2,L2,L1,L3,L2,L2,L1,L1,L2,C2_2,D2_3,F2_1,,,N2_1,L_3,M_2
295701,L2,L2,L1,L3,L2,L2,L1,L1,L2,C2_2,D2_3,F2_1,,,N2_2,L_1,M_1
295702,L2,L2,L1,L3,L2,L2,L1,L1,L2,C2_2,D2_3,F2_1,,,N2_2,L_1,M_2
295703,L2,L2,L1,L3,L2,L2,L1,L1,L2,C2_2,D2_3,F2_1,,,N2_2,L_2,M_1
295704,L2,L2,L1,L3,L2,L2,L1,L1,L2,C2_2,D2_3,F2_1,,,N2_2,L_2,M_2
295705,L2,L2,L1,L3,L2,L2,L1,L1,L2,C2_2,D2_3,F2_1,,,N2_2,L_3,M_1
295706,L2,L2,L1,L3,L2,L2,L1,L1,L2,C2_2,D2_3,F2_1,,,N2_2,L_3,M_2
295707,L2,L2,L1,L3,L2,L2,L1,L1,L2,C2_2,D2_3,F2_2,,,N2_1,L_1,M_1
295708,L2,L2,L1,L3,L2,L2,L1,L1,L2,C2_2,D2_3,F2_2,,,N2_1,L_1,M_2
295709,L2,L2,L1,L3,L2,L2,L1,L1,L2,C2_2,D2_3,F2_2,,,N2_1,L_2,M_1
295710,L2,L2,L1,L3,L2,L2,L1,L1,L2,C2_2,D2_3,F2_2,,,N2_1,L_2,M_2
295711,L2,L2,L1,L3,L2,L2,L1,L1,L2,C2_2,D2_3,F2_2,,,N2_1,L_3,M_1
295712,L2,L2,L1,L3,L2,L2,L1,L1,L2,C2_2,D2_3,F2_2,,,N2_1,L_3,M_2
295713,L2,L2,L1,L3,L2,L2,L1,L1,L2,C2_2,D2_3,F2_2,,,N2_2,L_1,M_1
295714,L2,L2,L1,L3,L2,L2,L1,L1,L2,C2_2,D2_3,F2_2,,,N2_2,L_1,M_2
295715,L2,L2,L1,L3,L2,L2,L1,L1,L2,C2_2,D2_3,F2_2,,,N2_2,L_2,M_1
295716,L2,L2,L1,L3,L2,L2,L1,L1,L2,C2_2,D2_3,F2_2,,,N2_2,L_2,M_2
295717,L2,L2,L1,L3,L2,L2,L1,L1,L2,C2_2,D2_3,F2_2,,,N2_2,L_3,M_1
295718,L2,L2,L1,L3,L2,L2,L1,L1,L2,C2_2,D2_3,F2_2,,,N2_2,L_3,M_2
295719,L2,L2,L1,L3,L2,L2,L1,L1,L2,C2_2,D2_3,F2_3,,,N2_1,L_1,M_1
295720,L2,L2,L1,L3,L2,L2,L1,L1,L2,C2_2,D2_3,F2_3,,,N2_1,L_1,M_2
295721,L2,L2,L1,L3,L2,L2,L1,L1,L2,C2_2,D2_3,F2_3,,,N2_1,L_2,M_1
295722,L2,L2,L1,L3,L2,L2,L1,L1,L2,C2_2,D2_3,F2_3,,,N2_1,L_2,M_2
295723,L2,L2,L1,L3,L2,L2,L1,L1,L2,C2_2,D2_3,F2_3,,,N2_1,L_3,M_1
295724,L2,L2,L1,L3,L2,L2,L1,L1,L2,C2_2,D2_3,F2_3,,,N2_1,L_3,M_2
295725,L2,L2,L1,L3,L2,L2,L1,L1,L2,C2_2,D2_3,F2_3,,,N2_2,L_1,M_1
295726,L2,L2,L1,L3,L2,L2,L1,L1,L2,C2_2,D2_3,F2_3,,,N2_2,L_1,M_2
295727,L2,L2,L1,L3,L2,L2,L1,L1,L2,C2_2,D2_3,F2_3,,,N2_2,L_2,M_1
295728,L2,L2,L1,L3,L2,L2,L1,L1,L2,C2_2,D2_3,F2_3,,,N2_2,L_2,M_2
295729,L2,L2,L1,L3,L2,L2,L1,L1,L2,C2_2,D2_3,F2_3,,,N2_2,L_3,M_1
295730,L2,L2,L1,L3,L2,L2,L1,L1,L2,C2_2,D2_3,F2_3,,,N2_2,L_3,M_2
295731,L2,L2,L1,L3,L2,L2,L1,L1,L2,C2_3,D2_1,F2_1,,,N2_1,L_1,M_1
295732,L2,L2,L1,L3,L2,L2,L1,L1,L2,C2_3,D2_1,F2_1,,,N2_1,L_1,M_2
295733,L2,L2,L1,L3,L2,L2,L1,L1,L2,C2_3,D2_1,F2_1,,,N2_1,L_2,M_1
295734,L2,L2,L1,L3,L2,L2,L1,L1,L2,C2_3,D2_1,F2_1,,,N2_1,L_2,M_2
295735,L2,L2,L1,L3,L2,L2,L1,L1,L2,C2_3,D2_1,F2_1,,,N2_1,L_3,M_1
295736,L2,L2,L1,L3,L2,L2,L1,L1,L2,C2_3,D2_1,F2_1,,,N2_1,L_3,M_2
295737,L2,L2,L1,L3,L2,L2,L1,L1,L2,C2_3,D2_1,F2_1,,,N2_2,L_1,M_1
295738,L2,L2,L1,L3,L2,L2,L1,L1,L2,C2_3,D2_1,F2_1,,,N2_2,L_1,M_2
295739,L2,L2,L1,L3,L2,L2,L1,L1,L2,C2_3,D2_1,F2_1,,,N2_2,L_2,M_1
295740,L2,L2,L1,L3,L2,L2,L1,L1,L2,C2_3,D2_1,F2_1,,,N2_2,L_2,M_2
295741,L2,L2,L1,L3,L2,L2,L1,L1,L2,C2_3,D2_1,F2_1,,,N2_2,L_3,M_1
295742,L2,L2,L1,L3,L2,L2,L1,L1,L2,C2_3,D2_1,F2_1,,,N2_2,L_3,M_2
295743,L2,L2,L1,L3,L2,L2,L1,L1,L2,C2_3,D2_1,F2_2,,,N2_1,L_1,M_1
295744,L2,L2,L1,L3,L2,L2,L1,L1,L2,C2_3,D2_1,F2_2,,,N2_1,L_1,M_2
295745,L2,L2,L1,L3,L2,L2,L1,L1,L2,C2_3,D2_1,F2_2,,,N2_1,L_2,M_1
295746,L2,L2,L1,L3,L2,L2,L1,L1,L2,C2_3,D2_1,F2_2,,,N2_1,L_2,M_2
295747,L2,L2,L1,L3,L2,L2,L1,L1,L2,C2_3,D2_1,F2_2,,,N2_1,L_3,M_1
295748,L2,L2,L1,L3,L2,L2,L1,L1,L2,C2_3,D2_1,F2_2,,,N2_1,L_3,M_2
295749,L2,L2,L1,L3,L2,L2,L1,L1,L2,C2_3,D2_1,F2_2,,,N2_2,L_1,M_1
295750,L2,L2,L1,L3,L2,L2,L1,L1,L2,C2_3,D2_1,F2_2,,,N2_2,L_1,M_2
295751,L2,L2,L1,L3,L2,L2,L1,L1,L2,C2_3,D2_1,F2_2,,,N2_2,L_2,M_1
295752,L2,L2,L1,L3,L2,L2,L1,L1,L2,C2_3,D2_1,F2_2,,,N2_2,L_2,M_2
295753,L2,L2,L1,L3,L2,L2,L1,L1,L2,C2_3,D2_1,F2_2,,,N2_2,L_3,M_1
295754,L2,L2,L1,L3,L2,L2,L1,L1,L2,C2_3,D2_1,F2_2,,,N2_2,L_3,M_2
295755,L2,L2,L1,L3,L2,L2,L1,L1,L2,C2_3,D2_1,F2_3,,,N2_1,L_1,M_1
295756,L2,L2,L1,L3,L2,L2,L1,L1,L2,C2_3,D2_1,F2_3,,,N2_1,L_1,M_2
295757,L2,L2,L1,L3,L2,L2,L1,L1,L2,C2_3,D2_1,F2_3,,,N2_1,L_2,M_1
295758,L2,L2,L1,L3,L2,L2,L1,L1,L2,C2_3,D2_1,F2_3,,,N2_1,L_2,M_2
295759,L2,L2,L1,L3,L2,L2,L1,L1,L2,C2_3,D2_1,F2_3,,,N2_1,L_3,M_1
295760,L2,L2,L1,L3,L2,L2,L1,L1,L2,C2_3,D2_1,F2_3,,,N2_1,L_3,M_2
295761,L2,L2,L1,L3,L2,L2,L1,L1,L2,C2_3,D2_1,F2_3,,,N2_2,L_1,M_1
295762,L2,L2,L1,L3,L2,L2,L1,L1,L2,C2_3,D2_1,F2_3,,,N2_2,L_1,M_2
295763,L2,L2,L1,L3,L2,L2,L1,L1,L2,C2_3,D2_1,F2_3,,,N2_2,L_2,M_1
295764,L2,L2,L1,L3,L2,L2,L1,L1,L2,C2_3,D2_1,F2_3,,,N2_2,L_2,M_2
295765,L2,L2,L1,L3,L2,L2,L1,L1,L2,C2_3,D2_1,F2_3,,,N2_2,L_3,M_1
295766,L2,L2,L1,L3,L2,L2,L1,L1,L2,C2_3,D2_1,F2_3,,,N2_2,L_3,M_2
295767,L2,L2,L1,L3,L2,L2,L1,L1,L2,C2_3,D2_2,F2_1,,,N2_1,L_1,M_1
295768,L2,L2,L1,L3,L2,L2,L1,L1,L2,C2_3,D2_2,F2_1,,,N2_1,L_1,M_2
295769,L2,L2,L1,L3,L2,L2,L1,L1,L2,C2_3,D2_2,F2_1,,,N2_1,L_2,M_1
295770,L2,L2,L1,L3,L2,L2,L1,L1,L2,C2_3,D2_2,F2_1,,,N2_1,L_2,M_2
295771,L2,L2,L1,L3,L2,L2,L1,L1,L2,C2_3,D2_2,F2_1,,,N2_1,L_3,M_1
295772,L2,L2,L1,L3,L2,L2,L1,L1,L2,C2_3,D2_2,F2_1,,,N2_1,L_3,M_2
295773,L2,L2,L1,L3,L2,L2,L1,L1,L2,C2_3,D2_2,F2_1,,,N2_2,L_1,M_1
295774,L2,L2,L1,L3,L2,L2,L1,L1,L2,C2_3,D2_2,F2_1,,,N2_2,L_1,M_2
295775,L2,L2,L1,L3,L2,L2,L1,L1,L2,C2_3,D2_2,F2_1,,,N2_2,L_2,M_1
295776,L2,L2,L1,L3,L2,L2,L1,L1,L2,C2_3,D2_2,F2_1,,,N2_2,L_2,M_2
295777,L2,L2,L1,L3,L2,L2,L1,L1,L2,C2_3,D2_2,F2_1,,,N2_2,L_3,M_1
295778,L2,L2,L1,L3,L2,L2,L1,L1,L2,C2_3,D2_2,F2_1,,,N2_2,L_3,M_2
295779,L2,L2,L1,L3,L2,L2,L1,L1,L2,C2_3,D2_2,F2_2,,,N2_1,L_1,M_1
295780,L2,L2,L1,L3,L2,L2,L1,L1,L2,C2_3,D2_2,F2_2,,,N2_1,L_1,M_2
295781,L2,L2,L1,L3,L2,L2,L1,L1,L2,C2_3,D2_2,F2_2,,,N2_1,L_2,M_1
295782,L2,L2,L1,L3,L2,L2,L1,L1,L2,C2_3,D2_2,F2_2,,,N2_1,L_2,M_2
295783,L2,L2,L1,L3,L2,L2,L1,L1,L2,C2_3,D2_2,F2_2,,,N2_1,L_3,M_1
295784,L2,L2,L1,L3,L2,L2,L1,L1,L2,C2_3,D2_2,F2_2,,,N2_1,L_3,M_2
295785,L2,L2,L1,L3,L2,L2,L1,L1,L2,C2_3,D2_2,F2_2,,,N2_2,L_1,M_1
295786,L2,L2,L1,L3,L2,L2,L1,L1,L2,C2_3,D2_2,F2_2,,,N2_2,L_1,M_2
295787,L2,L2,L1,L3,L2,L2,L1,L1,L2,C2_3,D2_2,F2_2,,,N2_2,L_2,M_1
295788,L2,L2,L1,L3,L2,L2,L1,L1,L2,C2_3,D2_2,F2_2,,,N2_2,L_2,M_2
295789,L2,L2,L1,L3,L2,L2,L1,L1,L2,C2_3,D2_2,F2_2,,,N2_2,L_3,M_1
295790,L2,L2,L1,L3,L2,L2,L1,L1,L2,C2_3,D2_2,F2_2,,,N2_2,L_3,M_2
295791,L2,L2,L1,L3,L2,L2,L1,L1,L2,C2_3,D2_2,F2_3,,,N2_1,L_1,M_1
295792,L2,L2,L1,L3,L2,L2,L1,L1,L2,C2_3,D2_2,F2_3,,,N2_1,L_1,M_2
295793,L2,L2,L1,L3,L2,L2,L1,L1,L2,C2_3,D2_2,F2_3,,,N2_1,L_2,M_1
295794,L2,L2,L1,L3,L2,L2,L1,L1,L2,C2_3,D2_2,F2_3,,,N2_1,L_2,M_2
295795,L2,L2,L1,L3,L2,L2,L1,L1,L2,C2_3,D2_2,F2_3,,,N2_1,L_3,M_1
295796,L2,L2,L1,L3,L2,L2,L1,L1,L2,C2_3,D2_2,F2_3,,,N2_1,L_3,M_2
295797,L2,L2,L1,L3,L2,L2,L1,L1,L2,C2_3,D2_2,F2_3,,,N2_2,L_1,M_1
295798,L2,L2,L1,L3,L2,L2,L1,L1,L2,C2_3,D2_2,F2_3,,,N2_2,L_1,M_2
295799,L2,L2,L1,L3,L2,L2,L1,L1,L2,C2_3,D2_2,F2_3,,,N2_2,L_2,M_1
295800,L2,L2,L1,L3,L2,L2,L1,L1,L2,C2_3,D2_2,F2_3,,,N2_2,L_2,M_2
295801,L2,L2,L1,L3,L2,L2,L1,L1,L2,C2_3,D2_2,F2_3,,,N2_2,L_3,M_1
295802,L2,L2,L1,L3,L2,L2,L1,L1,L2,C2_3,D2_2,F2_3,,,N2_2,L_3,M_2
295803,L2,L2,L1,L3,L2,L2,L1,L1,L2,C2_3,D2_3,F2_1,,,N2_1,L_1,M_1
295804,L2,L2,L1,L3,L2,L2,L1,L1,L2,C2_3,D2_3,F2_1,,,N2_1,L_1,M_2
295805,L2,L2,L1,L3,L2,L2,L1,L1,L2,C2_3,D2_3,F2_1,,,N2_1,L_2,M_1
295806,L2,L2,L1,L3,L2,L2,L1,L1,L2,C2_3,D2_3,F2_1,,,N2_1,L_2,M_2
295807,L2,L2,L1,L3,L2,L2,L1,L1,L2,C2_3,D2_3,F2_1,,,N2_1,L_3,M_1
295808,L2,L2,L1,L3,L2,L2,L1,L1,L2,C2_3,D2_3,F2_1,,,N2_1,L_3,M_2
295809,L2,L2,L1,L3,L2,L2,L1,L1,L2,C2_3,D2_3,F2_1,,,N2_2,L_1,M_1
295810,L2,L2,L1,L3,L2,L2,L1,L1,L2,C2_3,D2_3,F2_1,,,N2_2,L_1,M_2
295811,L2,L2,L1,L3,L2,L2,L1,L1,L2,C2_3,D2_3,F2_1,,,N2_2,L_2,M_1
295812,L2,L2,L1,L3,L2,L2,L1,L1,L2,C2_3,D2_3,F2_1,,,N2_2,L_2,M_2
295813,L2,L2,L1,L3,L2,L2,L1,L1,L2,C2_3,D2_3,F2_1,,,N2_2,L_3,M_1
295814,L2,L2,L1,L3,L2,L2,L1,L1,L2,C2_3,D2_3,F2_1,,,N2_2,L_3,M_2
295815,L2,L2,L1,L3,L2,L2,L1,L1,L2,C2_3,D2_3,F2_2,,,N2_1,L_1,M_1
295816,L2,L2,L1,L3,L2,L2,L1,L1,L2,C2_3,D2_3,F2_2,,,N2_1,L_1,M_2
295817,L2,L2,L1,L3,L2,L2,L1,L1,L2,C2_3,D2_3,F2_2,,,N2_1,L_2,M_1
295818,L2,L2,L1,L3,L2,L2,L1,L1,L2,C2_3,D2_3,F2_2,,,N2_1,L_2,M_2
295819,L2,L2,L1,L3,L2,L2,L1,L1,L2,C2_3,D2_3,F2_2,,,N2_1,L_3,M_1
295820,L2,L2,L1,L3,L2,L2,L1,L1,L2,C2_3,D2_3,F2_2,,,N2_1,L_3,M_2
295821,L2,L2,L1,L3,L2,L2,L1,L1,L2,C2_3,D2_3,F2_2,,,N2_2,L_1,M_1
295822,L2,L2,L1,L3,L2,L2,L1,L1,L2,C2_3,D2_3,F2_2,,,N2_2,L_1,M_2
295823,L2,L2,L1,L3,L2,L2,L1,L1,L2,C2_3,D2_3,F2_2,,,N2_2,L_2,M_1
295824,L2,L2,L1,L3,L2,L2,L1,L1,L2,C2_3,D2_3,F2_2,,,N2_2,L_2,M_2
295825,L2,L2,L1,L3,L2,L2,L1,L1,L2,C2_3,D2_3,F2_2,,,N2_2,L_3,M_1
295826,L2,L2,L1,L3,L2,L2,L1,L1,L2,C2_3,D2_3,F2_2,,,N2_2,L_3,M_2
295827,L2,L2,L1,L3,L2,L2,L1,L1,L2,C2_3,D2_3,F2_3,,,N2_1,L_1,M_1
295828,L2,L2,L1,L3,L2,L2,L1,L1,L2,C2_3,D2_3,F2_3,,,N2_1,L_1,M_2
295829,L2,L2,L1,L3,L2,L2,L1,L1,L2,C2_3,D2_3,F2_3,,,N2_1,L_2,M_1
295830,L2,L2,L1,L3,L2,L2,L1,L1,L2,C2_3,D2_3,F2_3,,,N2_1,L_2,M_2
295831,L2,L2,L1,L3,L2,L2,L1,L1,L2,C2_3,D2_3,F2_3,,,N2_1,L_3,M_1
295832,L2,L2,L1,L3,L2,L2,L1,L1,L2,C2_3,D2_3,F2_3,,,N2_1,L_3,M_2
295833,L2,L2,L1,L3,L2,L2,L1,L1,L2,C2_3,D2_3,F2_3,,,N2_2,L_1,M_1
295834,L2,L2,L1,L3,L2,L2,L1,L1,L2,C2_3,D2_3,F2_3,,,N2_2,L_1,M_2
295835,L2,L2,L1,L3,L2,L2,L1,L1,L2,C2_3,D2_3,F2_3,,,N2_2,L_2,M_1
295836,L2,L2,L1,L3,L2,L2,L1,L1,L2,C2_3,D2_3,F2_3,,,N2_2,L_2,M_2
295837,L2,L2,L1,L3,L2,L2,L1,L1,L2,C2_3,D2_3,F2_3,,,N2_2,L_3,M_1
295838,L2,L2,L1,L3,L2,L2,L1,L1,L2,C2_3,D2_3,F2_3,,,N2_2,L_3,M_2
327915,L2,L3,L2,L1,L3,L2,L1,L1,L2,C2_1,D2_1,F2_1,,,N2_1,L_1,M_1
327916,L2,L3,L2,L1,L3,L2,L1,L1,L2,C2_1,D2_1,F2_1,,,N2_1,L_1,M_2
327917,L2,L3,L2,L1,L3,L2,L1,L1,L2,C2_1,D2_1,F2_1,,,N2_1,L_2,M_1
327918,L2,L3,L2,L1,L3,L2,L1,L1,L2,C2_1,D2_1,F2_1,,,N2_1,L_2,M_2
327919,L2,L3,L2,L1,L3,L2,L1,L1,L2,C2_1,D2_1,F2_1,,,N2_1,L_3,M_1
327920,L2,L3,L2,L1,L3,L2,L1,L1,L2,C2_1,D2_1,F2_1,,,N2_1,L_3,M_2
327921,L2,L3,L2,L1,L3,L2,L1,L1,L2,C2_1,D2_1,F2_1,,,N2_2,L_1,M_1
327922,L2,L3,L2,L1,L3,L2,L1,L1,L2,C2_1,D2_1,F2_1,,,N2_2,L_1,M_2
327923,L2,L3,L2,L1,L3,L2,L1,L1,L2,C2_1,D2_1,F2_1,,,N2_2,L_2,M_1
327924,L2,L3,L2,L1,L3,L2,L1,L1,L2,C2_1,D2_1,F2_1,,,N2_2,L_2,M_2
327925,L2,L3,L2,L1,L3,L2,L1,L1,L2,C2_1,D2_1,F2_1,,,N2_2,L_3,M_1
327926,L2,L3,L2,L1,L3,L2,L1,L1,L2,C2_1,D2_1,F2_1,,,N2_2,L_3,M_2
327927,L2,L3,L2,L1,L3,L2,L1,L1,L2,C2_1,D2_1,F2_2,,,N2_1,L_1,M_1
327928,L2,L3,L2,L1,L3,L2,L1,L1,L2,C2_1,D2_1,F2_2,,,N2_1,L_1,M_2
327929,L2,L3,L2,L1,L3,L2,L1,L1,L2,C2_1,D2_1,F2_2,,,N2_1,L_2,M_1
327930,L2,L3,L2,L1,L3,L2,L1,L1,L2,C2_1,D2_1,F2_2,,,N2_1,L_2,M_2
327931,L2,L3,L2,L1,L3,L2,L1,L1,L2,C2_1,D2_1,F2_2,,,N2_1,L_3,M_1
327932,L2,L3,L2,L1,L3,L2,L1,L1,L2,C2_1,D2_1,F2_2,,,N2_1,L_3,M_2
327933,L2,L3,L2,L1,L3,L2,L1,L1,L2,C2_1,D2_1,F2_2,,,N2_2,L_1,M_1
327934,L2,L3,L2,L1,L3,L2,L1,L1,L2,C2_1,D2_1,F2_2,,,N2_2,L_1,M_2
327935,L2,L3,L2,L1,L3,L2,L1,L1,L2,C2_1,D2_1,F2_2,,,N2_2,L_2,M_1
327936,L2,L3,L2,L1,L3,L2,L1,L1,L2,C2_1,D2_1,F2_2,,,N2_2,L_2,M_2
327937,L2,L3,L2,L1,L3,L2,L1,L1,L2,C2_1,D2_1,F2_2,,,N2_2,L_3,M_1
327938,L2,L3,L2,L1,L3,L2,L1,L1,L2,C2_1,D2_1,F2_2,,,N2_2,L_3,M_2
327939,L2,L3,L2,L1,L3,L2,L1,L1,L2,C2_1,D2_1,F2_3,,,N2_1,L_1,M_1
327940,L2,L3,L2,L1,L3,L2,L1,L1,L2,C2_1,D2_1,F2_3,,,N2_1,L_1,M_2
327941,L2,L3,L2,L1,L3,L2,L1,L1,L2,C2_1,D2_1,F2_3,,,N2_1,L_2,M_1
327942,L2,L3,L2,L1,L3,L2,L1,L1,L2,C2_1,D2_1,F2_3,,,N2_1,L_2,M_2
327943,L2,L3,L2,L1,L3,L2,L1,L1,L2,C2_1,D2_1,F2_3,,,N2_1,L_3,M_1
327944,L2,L3,L2,L1,L3,L2,L1,L1,L2,C2_1,D2_1,F2_3,,,N2_1,L_3,M_2
327945,L2,L3,L2,L1,L3,L2,L1,L1,L2,C2_1,D2_1,F2_3,,,N2_2,L_1,M_1
327946,L2,L3,L2,L1,L3,L2,L1,L1,L2,C2_1,D2_1,F2_3,,,N2_2,L_1,M_2
327947,L2,L3,L2,L1,L3,L2,L1,L1,L2,C2_1,D2_1,F2_3,,,N2_2,L_2,M_1
327948,L2,L3,L2,L1,L3,L2,L1,L1,L2,C2_1,D2_1,F2_3,,,N2_2,L_2,M_2
327949,L2,L3,L2,L1,L3,L2,L1,L1,L2,C2_1,D2_1,F2_3,,,N2_2,L_3,M_1
327950,L2,L3,L2,L1,L3,L2,L1,L1,L2,C2_1,D2_1,F2_3,,,N2_2,L_3,M_2
327951,L2,L3,L2,L1,L3,L2,L1,L1,L2,C2_1,D2_2,F2_1,,,N2_1,L_1,M_1
327952,L2,L3,L2,L1,L3,L2,L1,L1,L2,C2_1,D2_2,F2_1,,,N2_1,L_1,M_2
327953,L2,L3,L2,L1,L3,L2,L1,L1,L2,C2_1,D2_2,F2_1,,,N2_1,L_2,M_1
327954,L2,L3,L2,L1,L3,L2,L1,L1,L2,C2_1,D2_2,F2_1,,,N2_1,L_2,M_2
327955,L2,L3,L2,L1,L3,L2,L1,L1,L2,C2_1,D2_2,F2_1,,,N2_1,L_3,M_1
327956,L2,L3,L2,L1,L3,L2,L1,L1,L2,C2_1,D2_2,F2_1,,,N2_1,L_3,M_2
327957,L2,L3,L2,L1,L3,L2,L1,L1,L2,C2_1,D2_2,F2_1,,,N2_2,L_1,M_1
327958,L2,L3,L2,L1,L3,L2,L1,L1,L2,C2_1,D2_2,F2_1,,,N2_2,L_1,M_2
327959,L2,L3,L2,L1,L3,L2,L1,L1,L2,C2_1,D2_2,F2_1,,,N2_2,L_2,M_1
327960,L2,L3,L2,L1,L3,L2,L1,L1,L2,C2_1,D2_2,F2_1,,,N2_2,L_2,M_2
327961,L2,L3,L2,L1,L3,L2,L1,L1,L2,C2_1,D2_2,F2_1,,,N2_2,L_3,M_1
327962,L2,L3,L2,L1,L3,L2,L1,L1,L2,C2_1,D2_2,F2_1,,,N2_2,L_3,M_2
327963,L2,L3,L2,L1,L3,L2,L1,L1,L2,C2_1,D2_2,F2_2,,,N2_1,L_1,M_1
327964,L2,L3,L2,L1,L3,L2,L1,L1,L2,C2_1,D2_2,F2_2,,,N2_1,L_1,M_2
327965,L2,L3,L2,L1,L3,L2,L1,L1,L2,C2_1,D2_2,F2_2,,,N2_1,L_2,M_1
327966,L2,L3,L2,L1,L3,L2,L1,L1,L2,C2_1,D2_2,F2_2,,,N2_1,L_2,M_2
327967,L2,L3,L2,L1,L3,L2,L1,L1,L2,C2_1,D2_2,F2_2,,,N2_1,L_3,M_1
327968,L2,L3,L2,L1,L3,L2,L1,L1,L2,C2_1,D2_2,F2_2,,,N2_1,L_3,M_2
327969,L2,L3,L2,L1,L3,L2,L1,L1,L2,C2_1,D2_2,F2_2,,,N2_2,L_1,M_1
327970,L2,L3,L2,L1,L3,L2,L1,L1,L2,C2_1,D2_2,F2_2,,,N2_2,L_1,M_2
327971,L2,L3,L2,L1,L3,L2,L1,L1,L2,C2_1,D2_2,F2_2,,,N2_2,L_2,M_1
327972,L2,L3,L2,L1,L3,L2,L1,L1,L2,C2_1,D2_2,F2_2,,,N2_2,L_2,M_2
327973,L2,L3,L2,L1,L3,L2,L1,L1,L2,C2_1,D2_2,F2_2,,,N2_2,L_3,M_1
327974,L2,L3,L2,L1,L3,L2,L1,L1,L2,C2_1,D2_2,F2_2,,,N2_2,L_3,M_2
327975,L2,L3,L2,L1,L3,L2,L1,L1,L2,C2_1,D2_2,F2_3,,,N2_1,L_1,M_1
327976,L2,L3,L2,L1,L3,L2,L1,L1,L2,C2_1,D2_2,F2_3,,,N2_1,L_1,M_2
327977,L2,L3,L2,L1,L3,L2,L1,L1,L2,C2_1,D2_2,F2_3,,,N2_1,L_2,M_1
327978,L2,L3,L2,L1,L3,L2,L1,L1,L2,C2_1,D2_2,F2_3,,,N2_1,L_2,M_2
327979,L2,L3,L2,L1,L3,L2,L1,L1,L2,C2_1,D2_2,F2_3,,,N2_1,L_3,M_1
327980,L2,L3,L2,L1,L3,L2,L1,L1,L2,C2_1,D2_2,F2_3,,,N2_1,L_3,M_2
327981,L2,L3,L2,L1,L3,L2,L1,L1,L2,C2_1,D2_2,F2_3,,,N2_2,L_1,M_1
327982,L2,L3,L2,L1,L3,L2,L1,L1,L2,C2_1,D2_2,F2_3,,,N2_2,L_1,M_2
327983,L2,L3,L2,L1,L3,L2,L1,L1,L2,C2_1,D2_2,F2_3,,,N2_2,L_2,M_1
327984,L2,L3,L2,L1,L3,L2,L1,L1,L2,C2_1,D2_2,F2_3,,,N2_2,L_2,M_2
327985,L2,L3,L2,L1,L3,L2,L1,L1,L2,C2_1,D2_2,F2_3,,,N2_2,L_3,M_1
327986,L2,L3,L2,L1,L3,L2,L1,L1,L2,C2_1,D2_2,F2_3,,,N2_2,L_3,M_2
327987,L2,L3,L2,L1,L3,L2,L1,L1,L2,C2_1,D2_3,F2_1,,,N2_1,L_1,M_1
327988,L2,L3,L2,L1,L3,L2,L1,L1,L2,C2_1,D2_3,F2_1,,,N2_1,L_1,M_2
327989,L2,L3,L2,L1,L3,L2,L1,L1,L2,C2_1,D2_3,F2_1,,,N2_1,L_2,M_1
327990,L2,L3,L2,L1,L3,L2,L1,L1,L2,C2_1,D2_3,F2_1,,,N2_1,L_2,M_2
327991,L2,L3,L2,L1,L3,L2,L1,L1,L2,C2_1,D2_3,F2_1,,,N2_1,L_3,M_1
327992,L2,L3,L2,L1,L3,L2,L1,L1,L2,C2_1,D2_3,F2_1,,,N2_1,L_3,M_2
327993,L2,L3,L2,L1,L3,L2,L1,L1,L2,C2_1,D2_3,F2_1,,,N2_2,L_1,M_1
327994,L2,L3,L2,L1,L3,L2,L1,L1,L2,C2_1,D2_3,F2_1,,,N2_2,L_1,M_2
327995,L2,L3,L2,L1,L3,L2,L1,L1,L2,C2_1,D2_3,F2_1,,,N2_2,L_2,M_1
327996,L2,L3,L2,L1,L3,L2,L1,L1,L2,C2_1,D2_3,F2_1,,,N2_2,L_2,M_2
327997,L2,L3,L2,L1,L3,L2,L1,L1,L2,C2_1,D2_3,F2_1,,,N2_2,L_3,M_1
327998,L2,L3,L2,L1,L3,L2,L1,L1,L2,C2_1,D2_3,F2_1,,,N2_2,L_3,M_2
327999,L2,L3,L2,L1,L3,L2,L1,L1,L2,C2_1,D2_3,F2_2,,,N2_1,L_1,M_1
328000,L2,L3,L2,L1,L3,L2,L1,L1,L2,C2_1,D2_3,F2_2,,,N2_1,L_1,M_2
328001,L2,L3,L2,L1,L3,L2,L1,L1,L2,C2_1,D2_3,F2_2,,,N2_1,L_2,M_1
328002,L2,L3,L2,L1,L3,L2,L1,L1,L2,C2_1,D2_3,F2_2,,,N2_1,L_2,M_2
328003,L2,L3,L2,L1,L3,L2,L1,L1,L2,C2_1,D2_3,F2_2,,,N2_1,L_3,M_1
328004,L2,L3,L2,L1,L3,L2,L1,L1,L2,C2_1,D2_3,F2_2,,,N2_1,L_3,M_2
328005,L2,L3,L2,L1,L3,L2,L1,L1,L2,C2_1,D2_3,F2_2,,,N2_2,L_1,M_1
328006,L2,L3,L2,L1,L3,L2,L1,L1,L2,C2_1,D2_3,F2_2,,,N2_2,L_1,M_2
328007,L2,L3,L2,L1,L3,L2,L1,L1,L2,C2_1,D2_3,F2_2,,,N2_2,L_2,M_1
328008,L2,L3,L2,L1,L3,L2,L1,L1,L2,C2_1,D2_3,F2_2,,,N2_2,L_2,M_2
328009,L2,L3,L2,L1,L3,L2,L1,L1,L2,C2_1,D2_3,F2_2,,,N2_2,L_3,M_1
328010,L2,L3,L2,L1,L3,L2,L1,L1,L2,C2_1,D2_3,F2_2,,,N2_2,L_3,M_2
328011,L2,L3,L2,L1,L3,L2,L1,L1,L2,C2_1,D2_3,F2_3,,,N2_1,L_1,M_1
328012,L2,L3,L2,L1,L3,L2,L1,L1,L2,C2_1,D2_3,F2_3,,,N2_1,L_1,M_2
328013,L2,L3,L2,L1,L3,L2,L1,L1,L2,C2_1,D2_3,F2_3,,,N2_1,L_2,M_1
328014,L2,L3,L2,L1,L3,L2,L1,L1,L2,C2_1,D2_3,F2_3,,,N2_1,L_2,M_2
328015,L2,L3,L2,L1,L3,L2,L1,L1,L2,C2_1,D2_3,F2_3,,,N2_1,L_3,M_1
328016,L2,L3,L2,L1,L3,L2,L1,L1,L2,C2_1,D2_3,F2_3,,,N2_1,L_3,M_2
328017,L2,L3,L2,L1,L3,L2,L1,L1,L2,C2_1,D2_3,F2_3,,,N2_2,L_1,M_1
328018,L2,L3,L2,L1,L3,L2,L1,L1,L2,C2_1,D2_3,F2_3,,,N2_2,L_1,M_2
328019,L2,L3,L2,L1,L3,L2,L1,L1,L2,C2_1,D2_3,F2_3,,,N2_2,L_2,M_1
328020,L2,L3,L2,L1,L3,L2,L1,L1,L2,C2_1,D2_3,F2_3,,,N2_2,L_2,M_2
328021,L2,L3,L2,L1,L3,L2,L1,L1,L2,C2_1,D2_3,F2_3,,,N2_2,L_3,M_1
328022,L2,L3,L2,L1,L3,L2,L1,L1,L2,C2_1,D2_3,F2_3,,,N2_2,L_3,M_2
328023,L2,L3,L2,L1,L3,L2,L1,L1,L2,C2_2,D2_1,F2_1,,,N2_1,L_1,M_1
328024,L2,L3,L2,L1,L3,L2,L1,L1,L2,C2_2,D2_1,F2_1,,,N2_1,L_1,M_2
328025,L2,L3,L2,L1,L3,L2,L1,L1,L2,C2_2,D2_1,F2_1,,,N2_1,L_2,M_1
328026,L2,L3,L2,L1,L3,L2,L1,L1,L2,C2_2,D2_1,F2_1,,,N2_1,L_2,M_2
328027,L2,L3,L2,L1,L3,L2,L1,L1,L2,C2_2,D2_1,F2_1,,,N2_1,L_3,M_1
328028,L2,L3,L2,L1,L3,L2,L1,L1,L2,C2_2,D2_1,F2_1,,,N2_1,L_3,M_2
328029,L2,L3,L2,L1,L3,L2,L1,L1,L2,C2_2,D2_1,F2_1,,,N2_2,L_1,M_1
328030,L2,L3,L2,L1,L3,L2,L1,L1,L2,C2_2,D2_1,F2_1,,,N2_2,L_1,M_2
328031,L2,L3,L2,L1,L3,L2,L1,L1,L2,C2_2,D2_1,F2_1,,,N2_2,L_2,M_1
328032,L2,L3,L2,L1,L3,L2,L1,L1,L2,C2_2,D2_1,F2_1,,,N2_2,L_2,M_2
328033,L2,L3,L2,L1,L3,L2,L1,L1,L2,C2_2,D2_1,F2_1,,,N2_2,L_3,M_1
328034,L2,L3,L2,L1,L3,L2,L1,L1,L2,C2_2,D2_1,F2_1,,,N2_2,L_3,M_2
328035,L2,L3,L2,L1,L3,L2,L1,L1,L2,C2_2,D2_1,F2_2,,,N2_1,L_1,M_1
328036,L2,L3,L2,L1,L3,L2,L1,L1,L2,C2_2,D2_1,F2_2,,,N2_1,L_1,M_2
328037,L2,L3,L2,L1,L3,L2,L1,L1,L2,C2_2,D2_1,F2_2,,,N2_1,L_2,M_1
328038,L2,L3,L2,L1,L3,L2,L1,L1,L2,C2_2,D2_1,F2_2,,,N2_1,L_2,M_2
328039,L2,L3,L2,L1,L3,L2,L1,L1,L2,C2_2,D2_1,F2_2,,,N2_1,L_3,M_1
328040,L2,L3,L2,L1,L3,L2,L1,L1,L2,C2_2,D2_1,F2_2,,,N2_1,L_3,M_2
328041,L2,L3,L2,L1,L3,L2,L1,L1,L2,C2_2,D2_1,F2_2,,,N2_2,L_1,M_1
328042,L2,L3,L2,L1,L3,L2,L1,L1,L2,C2_2,D2_1,F2_2,,,N2_2,L_1,M_2
328043,L2,L3,L2,L1,L3,L2,L1,L1,L2,C2_2,D2_1,F2_2,,,N2_2,L_2,M_1
328044,L2,L3,L2,L1,L3,L2,L1,L1,L2,C2_2,D2_1,F2_2,,,N2_2,L_2,M_2
328045,L2,L3,L2,L1,L3,L2,L1,L1,L2,C2_2,D2_1,F2_2,,,N2_2,L_3,M_1
328046,L2,L3,L2,L1,L3,L2,L1,L1,L2,C2_2,D2_1,F2_2,,,N2_2,L_3,M_2
328047,L2,L3,L2,L1,L3,L2,L1,L1,L2,C2_2,D2_1,F2_3,,,N2_1,L_1,M_1
328048,L2,L3,L2,L1,L3,L2,L1,L1,L2,C2_2,D2_1,F2_3,,,N2_1,L_1,M_2
328049,L2,L3,L2,L1,L3,L2,L1,L1,L2,C2_2,D2_1,F2_3,,,N2_1,L_2,M_1
328050,L2,L3,L2,L1,L3,L2,L1,L1,L2,C2_2,D2_1,F2_3,,,N2_1,L_2,M_2
328051,L2,L3,L2,L1,L3,L2,L1,L1,L2,C2_2,D2_1,F2_3,,,N2_1,L_3,M_1
328052,L2,L3,L2,L1,L3,L2,L1,L1,L2,C2_2,D2_1,F2_3,,,N2_1,L_3,M_2
328053,L2,L3,L2,L1,L3,L2,L1,L1,L2,C2_2,D2_1,F2_3,,,N2_2,L_1,M_1
328054,L2,L3,L2,L1,L3,L2,L1,L1,L2,C2_2,D2_1,F2_3,,,N2_2,L_1,M_2
328055,L2,L3,L2,L1,L3,L2,L1,L1,L2,C2_2,D2_1,F2_3,,,N2_2,L_2,M_1
328056,L2,L3,L2,L1,L3,L2,L1,L1,L2,C2_2,D2_1,F2_3,,,N2_2,L_2,M_2
328057,L2,L3,L2,L1,L3,L2,L1,L1,L2,C2_2,D2_1,F2_3,,,N2_2,L_3,M_1
328058,L2,L3,L2,L1,L3,L2,L1,L1,L2,C2_2,D2_1,F2_3,,,N2_2,L_3,M_2
328059,L2,L3,L2,L1,L3,L2,L1,L1,L2,C2_2,D2_2,F2_1,,,N2_1,L_1,M_1
328060,L2,L3,L2,L1,L3,L2,L1,L1,L2,C2_2,D2_2,F2_1,,,N2_1,L_1,M_2
328061,L2,L3,L2,L1,L3,L2,L1,L1,L2,C2_2,D2_2,F2_1,,,N2_1,L_2,M_1
328062,L2,L3,L2,L1,L3,L2,L1,L1,L2,C2_2,D2_2,F2_1,,,N2_1,L_2,M_2
328063,L2,L3,L2,L1,L3,L2,L1,L1,L2,C2_2,D2_2,F2_1,,,N2_1,L_3,M_1
328064,L2,L3,L2,L1,L3,L2,L1,L1,L2,C2_2,D2_2,F2_1,,,N2_1,L_3,M_2
328065,L2,L3,L2,L1,L3,L2,L1,L1,L2,C2_2,D2_2,F2_1,,,N2_2,L_1,M_1
328066,L2,L3,L2,L1,L3,L2,L1,L1,L2,C2_2,D2_2,F2_1,,,N2_2,L_1,M_2
328067,L2,L3,L2,L1,L3,L2,L1,L1,L2,C2_2,D2_2,F2_1,,,N2_2,L_2,M_1
328068,L2,L3,L2,L1,L3,L2,L1,L1,L2,C2_2,D2_2,F2_1,,,N2_2,L_2,M_2
328069,L2,L3,L2,L1,L3,L2,L1,L1,L2,C2_2,D2_2,F2_1,,,N2_2,L_3,M_1
328070,L2,L3,L2,L1,L3,L2,L1,L1,L2,C2_2,D2_2,F2_1,,,N2_2,L_3,M_2
328071,L2,L3,L2,L1,L3,L2,L1,L1,L2,C2_2,D2_2,F2_2,,,N2_1,L_1,M_1
328072,L2,L3,L2,L1,L3,L2,L1,L1,L2,C2_2,D2_2,F2_2,,,N2_1,L_1,M_2
328073,L2,L3,L2,L1,L3,L2,L1,L1,L2,C2_2,D2_2,F2_2,,,N2_1,L_2,M_1
328074,L2,L3,L2,L1,L3,L2,L1,L1,L2,C2_2,D2_2,F2_2,,,N2_1,L_2,M_2
328075,L2,L3,L2,L1,L3,L2,L1,L1,L2,C2_2,D2_2,F2_2,,,N2_1,L_3,M_1
328076,L2,L3,L2,L1,L3,L2,L1,L1,L2,C2_2,D2_2,F2_2,,,N2_1,L_3,M_2
328077,L2,L3,L2,L1,L3,L2,L1,L1,L2,C2_2,D2_2,F2_2,,,N2_2,L_1,M_1
328078,L2,L3,L2,L1,L3,L2,L1,L1,L2,C2_2,D2_2,F2_2,,,N2_2,L_1,M_2
328079,L2,L3,L2,L1,L3,L2,L1,L1,L2,C2_2,D2_2,F2_2,,,N2_2,L_2,M_1
328080,L2,L3,L2,L1,L3,L2,L1,L1,L2,C2_2,D2_2,F2_2,,,N2_2,L_2,M_2
328081,L2,L3,L2,L1,L3,L2,L1,L1,L2,C2_2,D2_2,F2_2,,,N2_2,L_3,M_1
328082,L2,L3,L2,L1,L3,L2,L1,L1,L2,C2_2,D2_2,F2_2,,,N2_2,L_3,M_2
328083,L2,L3,L2,L1,L3,L2,L1,L1,L2,C2_2,D2_2,F2_3,,,N2_1,L_1,M_1
328084,L2,L3,L2,L1,L3,L2,L1,L1,L2,C2_2,D2_2,F2_3,,,N2_1,L_1,M_2
328085,L2,L3,L2,L1,L3,L2,L1,L1,L2,C2_2,D2_2,F2_3,,,N2_1,L_2,M_1
328086,L2,L3,L2,L1,L3,L2,L1,L1,L2,C2_2,D2_2,F2_3,,,N2_1,L_2,M_2
328087,L2,L3,L2,L1,L3,L2,L1,L1,L2,C2_2,D2_2,F2_3,,,N2_1,L_3,M_1
328088,L2,L3,L2,L1,L3,L2,L1,L1,L2,C2_2,D2_2,F2_3,,,N2_1,L_3,M_2
328089,L2,L3,L2,L1,L3,L2,L1,L1,L2,C2_2,D2_2,F2_3,,,N2_2,L_1,M_1
328090,L2,L3,L2,L1,L3,L2,L1,L1,L2,C2_2,D2_2,F2_3,,,N2_2,L_1,M_2
328091,L2,L3,L2,L1,L3,L2,L1,L1,L2,C2_2,D2_2,F2_3,,,N2_2,L_2,M_1
328092,L2,L3,L2,L1,L3,L2,L1,L1,L2,C2_2,D2_2,F2_3,,,N2_2,L_2,M_2
328093,L2,L3,L2,L1,L3,L2,L1,L1,L2,C2_2,D2_2,F2_3,,,N2_2,L_3,M_1
328094,L2,L3,L2,L1,L3,L2,L1,L1,L2,C2_2,D2_2,F2_3,,,N2_2,L_3,M_2
328095,L2,L3,L2,L1,L3,L2,L1,L1,L2,C2_2,D2_3,F2_1,,,N2_1,L_1,M_1
328096,L2,L3,L2,L1,L3,L2,L1,L1,L2,C2_2,D2_3,F2_1,,,N2_1,L_1,M_2
328097,L2,L3,L2,L1,L3,L2,L1,L1,L2,C2_2,D2_3,F2_1,,,N2_1,L_2,M_1
328098,L2,L3,L2,L1,L3,L2,L1,L1,L2,C2_2,D2_3,F2_1,,,N2_1,L_2,M_2
328099,L2,L3,L2,L1,L3,L2,L1,L1,L2,C2_2,D2_3,F2_1,,,N2_1,L_3,M_1
328100,L2,L3,L2,L1,L3,L2,L1,L1,L2,C2_2,D2_3,F2_1,,,N2_1,L_3,M_2
328101,L2,L3,L2,L1,L3,L2,L1,L1,L2,C2_2,D2_3,F2_1,,,N2_2,L_1,M_1
328102,L2,L3,L2,L1,L3,L2,L1,L1,L2,C2_2,D2_3,F2_1,,,N2_2,L_1,M_2
328103,L2,L3,L2,L1,L3,L2,L1,L1,L2,C2_2,D2_3,F2_1,,,N2_2,L_2,M_1
328104,L2,L3,L2,L1,L3,L2,L1,L1,L2,C2_2,D2_3,F2_1,,,N2_2,L_2,M_2
328105,L2,L3,L2,L1,L3,L2,L1,L1,L2,C2_2,D2_3,F2_1,,,N2_2,L_3,M_1
328106,L2,L3,L2,L1,L3,L2,L1,L1,L2,C2_2,D2_3,F2_1,,,N2_2,L_3,M_2
328107,L2,L3,L2,L1,L3,L2,L1,L1,L2,C2_2,D2_3,F2_2,,,N2_1,L_1,M_1
328108,L2,L3,L2,L1,L3,L2,L1,L1,L2,C2_2,D2_3,F2_2,,,N2_1,L_1,M_2
328109,L2,L3,L2,L1,L3,L2,L1,L1,L2,C2_2,D2_3,F2_2,,,N2_1,L_2,M_1
328110,L2,L3,L2,L1,L3,L2,L1,L1,L2,C2_2,D2_3,F2_2,,,N2_1,L_2,M_2
328111,L2,L3,L2,L1,L3,L2,L1,L1,L2,C2_2,D2_3,F2_2,,,N2_1,L_3,M_1
328112,L2,L3,L2,L1,L3,L2,L1,L1,L2,C2_2,D2_3,F2_2,,,N2_1,L_3,M_2
328113,L2,L3,L2,L1,L3,L2,L1,L1,L2,C2_2,D2_3,F2_2,,,N2_2,L_1,M_1
328114,L2,L3,L2,L1,L3,L2,L1,L1,L2,C2_2,D2_3,F2_2,,,N2_2,L_1,M_2
328115,L2,L3,L2,L1,L3,L2,L1,L1,L2,C2_2,D2_3,F2_2,,,N2_2,L_2,M_1
328116,L2,L3,L2,L1,L3,L2,L1,L1,L2,C2_2,D2_3,F2_2,,,N2_2,L_2,M_2
328117,L2,L3,L2,L1,L3,L2,L1,L1,L2,C2_2,D2_3,F2_2,,,N2_2,L_3,M_1
328118,L2,L3,L2,L1,L3,L2,L1,L1,L2,C2_2,D2_3,F2_2,,,N2_2,L_3,M_2
328119,L2,L3,L2,L1,L3,L2,L1,L1,L2,C2_2,D2_3,F2_3,,,N2_1,L_1,M_1
328120,L2,L3,L2,L1,L3,L2,L1,L1,L2,C2_2,D2_3,F2_3,,,N2_1,L_1,M_2
328121,L2,L3,L2,L1,L3,L2,L1,L1,L2,C2_2,D2_3,F2_3,,,N2_1,L_2,M_1
328122,L2,L3,L2,L1,L3,L2,L1,L1,L2,C2_2,D2_3,F2_3,,,N2_1,L_2,M_2
328123,L2,L3,L2,L1,L3,L2,L1,L1,L2,C2_2,D2_3,F2_3,,,N2_1,L_3,M_1
328124,L2,L3,L2,L1,L3,L2,L1,L1,L2,C2_2,D2_3,F2_3,,,N2_1,L_3,M_2
328125,L2,L3,L2,L1,L3,L2,L1,L1,L2,C2_2,D2_3,F2_3,,,N2_2,L_1,M_1
328126,L2,L3,L2,L1,L3,L2,L1,L1,L2,C2_2,D2_3,F2_3,,,N2_2,L_1,M_2
328127,L2,L3,L2,L1,L3,L2,L1,L1,L2,C2_2,D2_3,F2_3,,,N2_2,L_2,M_1
328128,L2,L3,L2,L1,L3,L2,L1,L1,L2,C2_2,D2_3,F2_3,,,N2_2,L_2,M_2
328129,L2,L3,L2,L1,L3,L2,L1,L1,L2,C2_2,D2_3,F2_3,,,N2_2,L_3,M_1
328130,L2,L3,L2,L1,L3,L2,L1,L1,L2,C2_2,D2_3,F2_3,,,N2_2,L_3,M_2
328131,L2,L3,L2,L1,L3,L2,L1,L1,L2,C2_3,D2_1,F2_1,,,N2_1,L_1,M_1
328132,L2,L3,L2,L1,L3,L2,L1,L1,L2,C2_3,D2_1,F2_1,,,N2_1,L_1,M_2
328133,L2,L3,L2,L1,L3,L2,L1,L1,L2,C2_3,D2_1,F2_1,,,N2_1,L_2,M_1
328134,L2,L3,L2,L1,L3,L2,L1,L1,L2,C2_3,D2_1,F2_1,,,N2_1,L_2,M_2
328135,L2,L3,L2,L1,L3,L2,L1,L1,L2,C2_3,D2_1,F2_1,,,N2_1,L_3,M_1
328136,L2,L3,L2,L1,L3,L2,L1,L1,L2,C2_3,D2_1,F2_1,,,N2_1,L_3,M_2
328137,L2,L3,L2,L1,L3,L2,L1,L1,L2,C2_3,D2_1,F2_1,,,N2_2,L_1,M_1
328138,L2,L3,L2,L1,L3,L2,L1,L1,L2,C2_3,D2_1,F2_1,,,N2_2,L_1,M_2
328139,L2,L3,L2,L1,L3,L2,L1,L1,L2,C2_3,D2_1,F2_1,,,N2_2,L_2,M_1
328140,L2,L3,L2,L1,L3,L2,L1,L1,L2,C2_3,D2_1,F2_1,,,N2_2,L_2,M_2
328141,L2,L3,L2,L1,L3,L2,L1,L1,L2,C2_3,D2_1,F2_1,,,N2_2,L_3,M_1
328142,L2,L3,L2,L1,L3,L2,L1,L1,L2,C2_3,D2_1,F2_1,,,N2_2,L_3,M_2
328143,L2,L3,L2,L1,L3,L2,L1,L1,L2,C2_3,D2_1,F2_2,,,N2_1,L_1,M_1
328144,L2,L3,L2,L1,L3,L2,L1,L1,L2,C2_3,D2_1,F2_2,,,N2_1,L_1,M_2
328145,L2,L3,L2,L1,L3,L2,L1,L1,L2,C2_3,D2_1,F2_2,,,N2_1,L_2,M_1
328146,L2,L3,L2,L1,L3,L2,L1,L1,L2,C2_3,D2_1,F2_2,,,N2_1,L_2,M_2
328147,L2,L3,L2,L1,L3,L2,L1,L1,L2,C2_3,D2_1,F2_2,,,N2_1,L_3,M_1
328148,L2,L3,L2,L1,L3,L2,L1,L1,L2,C2_3,D2_1,F2_2,,,N2_1,L_3,M_2
328149,L2,L3,L2,L1,L3,L2,L1,L1,L2,C2_3,D2_1,F2_2,,,N2_2,L_1,M_1
328150,L2,L3,L2,L1,L3,L2,L1,L1,L2,C2_3,D2_1,F2_2,,,N2_2,L_1,M_2
328151,L2,L3,L2,L1,L3,L2,L1,L1,L2,C2_3,D2_1,F2_2,,,N2_2,L_2,M_1
328152,L2,L3,L2,L1,L3,L2,L1,L1,L2,C2_3,D2_1,F2_2,,,N2_2,L_2,M_2
328153,L2,L3,L2,L1,L3,L2,L1,L1,L2,C2_3,D2_1,F2_2,,,N2_2,L_3,M_1
328154,L2,L3,L2,L1,L3,L2,L1,L1,L2,C2_3,D2_1,F2_2,,,N2_2,L_3,M_2
328155,L2,L3,L2,L1,L3,L2,L1,L1,L2,C2_3,D2_1,F2_3,,,N2_1,L_1,M_1
328156,L2,L3,L2,L1,L3,L2,L1,L1,L2,C2_3,D2_1,F2_3,,,N2_1,L_1,M_2
328157,L2,L3,L2,L1,L3,L2,L1,L1,L2,C2_3,D2_1,F2_3,,,N2_1,L_2,M_1
328158,L2,L3,L2,L1,L3,L2,L1,L1,L2,C2_3,D2_1,F2_3,,,N2_1,L_2,M_2
328159,L2,L3,L2,L1,L3,L2,L1,L1,L2,C2_3,D2_1,F2_3,,,N2_1,L_3,M_1
328160,L2,L3,L2,L1,L3,L2,L1,L1,L2,C2_3,D2_1,F2_3,,,N2_1,L_3,M_2
328161,L2,L3,L2,L1,L3,L2,L1,L1,L2,C2_3,D2_1,F2_3,,,N2_2,L_1,M_1
328162,L2,L3,L2,L1,L3,L2,L1,L1,L2,C2_3,D2_1,F2_3,,,N2_2,L_1,M_2
328163,L2,L3,L2,L1,L3,L2,L1,L1,L2,C2_3,D2_1,F2_3,,,N2_2,L_2,M_1
328164,L2,L3,L2,L1,L3,L2,L1,L1,L2,C2_3,D2_1,F2_3,,,N2_2,L_2,M_2
328165,L2,L3,L2,L1,L3,L2,L1,L1,L2,C2_3,D2_1,F2_3,,,N2_2,L_3,M_1
328166,L2,L3,L2,L1,L3,L2,L1,L1,L2,C2_3,D2_1,F2_3,,,N2_2,L_3,M_2
328167,L2,L3,L2,L1,L3,L2,L1,L1,L2,C2_3,D2_2,F2_1,,,N2_1,L_1,M_1
328168,L2,L3,L2,L1,L3,L2,L1,L1,L2,C2_3,D2_2,F2_1,,,N2_1,L_1,M_2
328169,L2,L3,L2,L1,L3,L2,L1,L1,L2,C2_3,D2_2,F2_1,,,N2_1,L_2,M_1
328170,L2,L3,L2,L1,L3,L2,L1,L1,L2,C2_3,D2_2,F2_1,,,N2_1,L_2,M_2
328171,L2,L3,L2,L1,L3,L2,L1,L1,L2,C2_3,D2_2,F2_1,,,N2_1,L_3,M_1
328172,L2,L3,L2,L1,L3,L2,L1,L1,L2,C2_3,D2_2,F2_1,,,N2_1,L_3,M_2
328173,L2,L3,L2,L1,L3,L2,L1,L1,L2,C2_3,D2_2,F2_1,,,N2_2,L_1,M_1
328174,L2,L3,L2,L1,L3,L2,L1,L1,L2,C2_3,D2_2,F2_1,,,N2_2,L_1,M_2
328175,L2,L3,L2,L1,L3,L2,L1,L1,L2,C2_3,D2_2,F2_1,,,N2_2,L_2,M_1
328176,L2,L3,L2,L1,L3,L2,L1,L1,L2,C2_3,D2_2,F2_1,,,N2_2,L_2,M_2
328177,L2,L3,L2,L1,L3,L2,L1,L1,L2,C2_3,D2_2,F2_1,,,N2_2,L_3,M_1
328178,L2,L3,L2,L1,L3,L2,L1,L1,L2,C2_3,D2_2,F2_1,,,N2_2,L_3,M_2
328179,L2,L3,L2,L1,L3,L2,L1,L1,L2,C2_3,D2_2,F2_2,,,N2_1,L_1,M_1
328180,L2,L3,L2,L1,L3,L2,L1,L1,L2,C2_3,D2_2,F2_2,,,N2_1,L_1,M_2
328181,L2,L3,L2,L1,L3,L2,L1,L1,L2,C2_3,D2_2,F2_2,,,N2_1,L_2,M_1
328182,L2,L3,L2,L1,L3,L2,L1,L1,L2,C2_3,D2_2,F2_2,,,N2_1,L_2,M_2
328183,L2,L3,L2,L1,L3,L2,L1,L1,L2,C2_3,D2_2,F2_2,,,N2_1,L_3,M_1
328184,L2,L3,L2,L1,L3,L2,L1,L1,L2,C2_3,D2_2,F2_2,,,N2_1,L_3,M_2
328185,L2,L3,L2,L1,L3,L2,L1,L1,L2,C2_3,D2_2,F2_2,,,N2_2,L_1,M_1
328186,L2,L3,L2,L1,L3,L2,L1,L1,L2,C2_3,D2_2,F2_2,,,N2_2,L_1,M_2
328187,L2,L3,L2,L1,L3,L2,L1,L1,L2,C2_3,D2_2,F2_2,,,N2_2,L_2,M_1
328188,L2,L3,L2,L1,L3,L2,L1,L1,L2,C2_3,D2_2,F2_2,,,N2_2,L_2,M_2
328189,L2,L3,L2,L1,L3,L2,L1,L1,L2,C2_3,D2_2,F2_2,,,N2_2,L_3,M_1
328190,L2,L3,L2,L1,L3,L2,L1,L1,L2,C2_3,D2_2,F2_2,,,N2_2,L_3,M_2
328191,L2,L3,L2,L1,L3,L2,L1,L1,L2,C2_3,D2_2,F2_3,,,N2_1,L_1,M_1
328192,L2,L3,L2,L1,L3,L2,L1,L1,L2,C2_3,D2_2,F2_3,,,N2_1,L_1,M_2
328193,L2,L3,L2,L1,L3,L2,L1,L1,L2,C2_3,D2_2,F2_3,,,N2_1,L_2,M_1
328194,L2,L3,L2,L1,L3,L2,L1,L1,L2,C2_3,D2_2,F2_3,,,N2_1,L_2,M_2
328195,L2,L3,L2,L1,L3,L2,L1,L1,L2,C2_3,D2_2,F2_3,,,N2_1,L_3,M_1
328196,L2,L3,L2,L1,L3,L2,L1,L1,L2,C2_3,D2_2,F2_3,,,N2_1,L_3,M_2
328197,L2,L3,L2,L1,L3,L2,L1,L1,L2,C2_3,D2_2,F2_3,,,N2_2,L_1,M_1
328198,L2,L3,L2,L1,L3,L2,L1,L1,L2,C2_3,D2_2,F2_3,,,N2_2,L_1,M_2
328199,L2,L3,L2,L1,L3,L2,L1,L1,L2,C2_3,D2_2,F2_3,,,N2_2,L_2,M_1
328200,L2,L3,L2,L1,L3,L2,L1,L1,L2,C2_3,D2_2,F2_3,,,N2_2,L_2,M_2
328201,L2,L3,L2,L1,L3,L2,L1,L1,L2,C2_3,D2_2,F2_3,,,N2_2,L_3,M_1
328202,L2,L3,L2,L1,L3,L2,L1,L1,L2,C2_3,D2_2,F2_3,,,N2_2,L_3,M_2
328203,L2,L3,L2,L1,L3,L2,L1,L1,L2,C2_3,D2_3,F2_1,,,N2_1,L_1,M_1
328204,L2,L3,L2,L1,L3,L2,L1,L1,L2,C2_3,D2_3,F2_1,,,N2_1,L_1,M_2
328205,L2,L3,L2,L1,L3,L2,L1,L1,L2,C2_3,D2_3,F2_1,,,N2_1,L_2,M_1
328206,L2,L3,L2,L1,L3,L2,L1,L1,L2,C2_3,D2_3,F2_1,,,N2_1,L_2,M_2
328207,L2,L3,L2,L1,L3,L2,L1,L1,L2,C2_3,D2_3,F2_1,,,N2_1,L_3,M_1
328208,L2,L3,L2,L1,L3,L2,L1,L1,L2,C2_3,D2_3,F2_1,,,N2_1,L_3,M_2
328209,L2,L3,L2,L1,L3,L2,L1,L1,L2,C2_3,D2_3,F2_1,,,N2_2,L_1,M_1
328210,L2,L3,L2,L1,L3,L2,L1,L1,L2,C2_3,D2_3,F2_1,,,N2_2,L_1,M_2
328211,L2,L3,L2,L1,L3,L2,L1,L1,L2,C2_3,D2_3,F2_1,,,N2_2,L_2,M_1
328212,L2,L3,L2,L1,L3,L2,L1,L1,L2,C2_3,D2_3,F2_1,,,N2_2,L_2,M_2
328213,L2,L3,L2,L1,L3,L2,L1,L1,L2,C2_3,D2_3,F2_1,,,N2_2,L_3,M_1
328214,L2,L3,L2,L1,L3,L2,L1,L1,L2,C2_3,D2_3,F2_1,,,N2_2,L_3,M_2
328215,L2,L3,L2,L1,L3,L2,L1,L1,L2,C2_3,D2_3,F2_2,,,N2_1,L_1,M_1
328216,L2,L3,L2,L1,L3,L2,L1,L1,L2,C2_3,D2_3,F2_2,,,N2_1,L_1,M_2
328217,L2,L3,L2,L1,L3,L2,L1,L1,L2,C2_3,D2_3,F2_2,,,N2_1,L_2,M_1
328218,L2,L3,L2,L1,L3,L2,L1,L1,L2,C2_3,D2_3,F2_2,,,N2_1,L_2,M_2
328219,L2,L3,L2,L1,L3,L2,L1,L1,L2,C2_3,D2_3,F2_2,,,N2_1,L_3,M_1
328220,L2,L3,L2,L1,L3,L2,L1,L1,L2,C2_3,D2_3,F2_2,,,N2_1,L_3,M_2
328221,L2,L3,L2,L1,L3,L2,L1,L1,L2,C2_3,D2_3,F2_2,,,N2_2,L_1,M_1
328222,L2,L3,L2,L1,L3,L2,L1,L1,L2,C2_3,D2_3,F2_2,,,N2_2,L_1,M_2
328223,L2,L3,L2,L1,L3,L2,L1,L1,L2,C2_3,D2_3,F2_2,,,N2_2,L_2,M_1
328224,L2,L3,L2,L1,L3,L2,L1,L1,L2,C2_3,D2_3,F2_2,,,N2_2,L_2,M_2
328225,L2,L3,L2,L1,L3,L2,L1,L1,L2,C2_3,D2_3,F2_2,,,N2_2,L_3,M_1
328226,L2,L3,L2,L1,L3,L2,L1,L1,L2,C2_3,D2_3,F2_2,,,N2_2,L_3,M_2
328227,L2,L3,L2,L1,L3,L2,L1,L1,L2,C2_3,D2_3,F2_3,,,N2_1,L_1,M_1
328228,L2,L3,L2,L1,L3,L2,L1,L1,L2,C2_3,D2_3,F2_3,,,N2_1,L_1,M_2
328229,L2,L3,L2,L1,L3,L2,L1,L1,L2,C2_3,D2_3,F2_3,,,N2_1,L_2,M_1
328230,L2,L3,L2,L1,L3,L2,L1,L1,L2,C2_3,D2_3,F2_3,,,N2_1,L_2,M_2
328231,L2,L3,L2,L1,L3,L2,L1,L1,L2,C2_3,D2_3,F2_3,,,N2_1,L_3,M_1
328232,L2,L3,L2,L1,L3,L2,L1,L1,L2,C2_3,D2_3,F2_3,,,N2_1,L_3,M_2
328233,L2,L3,L2,L1,L3,L2,L1,L1,L2,C2_3,D2_3,F2_3,,,N2_2,L_1,M_1
328234,L2,L3,L2,L1,L3,L2,L1,L1,L2,C2_3,D2_3,F2_3,,,N2_2,L_1,M_2
328235,L2,L3,L2,L1,L3,L2,L1,L1,L2,C2_3,D2_3,F2_3,,,N2_2,L_2,M_1
328236,L2,L3,L2,L1,L3,L2,L1,L1,L2,C2_3,D2_3,F2_3,,,N2_2,L_2,M_2
328237,L2,L3,L2,L1,L3,L2,L1,L1,L2,C2_3,D2_3,F2_3,,,N2_2,L_3,M_1
328238,L2,L3,L2,L1,L3,L2,L1,L1,L2,C2_3,D2_3,F2_3,,,N2_2,L_3,M_2
335664,L2,L2,L2,L3,L3,L2,L1,L1,L2,C2_1,D2_1,F2_1,,,N2_1,L_1,M_1
335665,L2,L2,L2,L3,L3,L2,L1,L1,L2,C2_1,D2_1,F2_1,,,N2_1,L_1,M_2
335666,L2,L2,L2,L3,L3,L2,L1,L1,L2,C2_1,D2_1,F2_1,,,N2_1,L_2,M_1
335667,L2,L2,L2,L3,L3,L2,L1,L1,L2,C2_1,D2_1,F2_1,,,N2_1,L_2,M_2
335668,L2,L2,L2,L3,L3,L2,L1,L1,L2,C2_1,D2_1,F2_1,,,N2_1,L_3,M_1
335669,L2,L2,L2,L3,L3,L2,L1,L1,L2,C2_1,D2_1,F2_1,,,N2_1,L_3,M_2
335670,L2,L2,L2,L3,L3,L2,L1,L1,L2,C2_1,D2_1,F2_1,,,N2_2,L_1,M_1
335671,L2,L2,L2,L3,L3,L2,L1,L1,L2,C2_1,D2_1,F2_1,,,N2_2,L_1,M_2
335672,L2,L2,L2,L3,L3,L2,L1,L1,L2,C2_1,D2_1,F2_1,,,N2_2,L_2,M_1
335673,L2,L2,L2,L3,L3,L2,L1,L1,L2,C2_1,D2_1,F2_1,,,N2_2,L_2,M_2
335674,L2,L2,L2,L3,L3,L2,L1,L1,L2,C2_1,D2_1,F2_1,,,N2_2,L_3,M_1
335675,L2,L2,L2,L3,L3,L2,L1,L1,L2,C2_1,D2_1,F2_1,,,N2_2,L_3,M_2
335676,L2,L2,L2,L3,L3,L2,L1,L1,L2,C2_1,D2_1,F2_2,,,N2_1,L_1,M_1
335677,L2,L2,L2,L3,L3,L2,L1,L1,L2,C2_1,D2_1,F2_2,,,N2_1,L_1,M_2
335678,L2,L2,L2,L3,L3,L2,L1,L1,L2,C2_1,D2_1,F2_2,,,N2_1,L_2,M_1
335679,L2,L2,L2,L3,L3,L2,L1,L1,L2,C2_1,D2_1,F2_2,,,N2_1,L_2,M_2
335680,L2,L2,L2,L3,L3,L2,L1,L1,L2,C2_1,D2_1,F2_2,,,N2_1,L_3,M_1
335681,L2,L2,L2,L3,L3,L2,L1,L1,L2,C2_1,D2_1,F2_2,,,N2_1,L_3,M_2
335682,L2,L2,L2,L3,L3,L2,L1,L1,L2,C2_1,D2_1,F2_2,,,N2_2,L_1,M_1
335683,L2,L2,L2,L3,L3,L2,L1,L1,L2,C2_1,D2_1,F2_2,,,N2_2,L_1,M_2
335684,L2,L2,L2,L3,L3,L2,L1,L1,L2,C2_1,D2_1,F2_2,,,N2_2,L_2,M_1
335685,L2,L2,L2,L3,L3,L2,L1,L1,L2,C2_1,D2_1,F2_2,,,N2_2,L_2,M_2
335686,L2,L2,L2,L3,L3,L2,L1,L1,L2,C2_1,D2_1,F2_2,,,N2_2,L_3,M_1
335687,L2,L2,L2,L3,L3,L2,L1,L1,L2,C2_1,D2_1,F2_2,,,N2_2,L_3,M_2
335688,L2,L2,L2,L3,L3,L2,L1,L1,L2,C2_1,D2_1,F2_3,,,N2_1,L_1,M_1
335689,L2,L2,L2,L3,L3,L2,L1,L1,L2,C2_1,D2_1,F2_3,,,N2_1,L_1,M_2
335690,L2,L2,L2,L3,L3,L2,L1,L1,L2,C2_1,D2_1,F2_3,,,N2_1,L_2,M_1
335691,L2,L2,L2,L3,L3,L2,L1,L1,L2,C2_1,D2_1,F2_3,,,N2_1,L_2,M_2
335692,L2,L2,L2,L3,L3,L2,L1,L1,L2,C2_1,D2_1,F2_3,,,N2_1,L_3,M_1
335693,L2,L2,L2,L3,L3,L2,L1,L1,L2,C2_1,D2_1,F2_3,,,N2_1,L_3,M_2
335694,L2,L2,L2,L3,L3,L2,L1,L1,L2,C2_1,D2_1,F2_3,,,N2_2,L_1,M_1
335695,L2,L2,L2,L3,L3,L2,L1,L1,L2,C2_1,D2_1,F2_3,,,N2_2,L_1,M_2
335696,L2,L2,L2,L3,L3,L2,L1,L1,L2,C2_1,D2_1,F2_3,,,N2_2,L_2,M_1
335697,L2,L2,L2,L3,L3,L2,L1,L1,L2,C2_1,D2_1,F2_3,,,N2_2,L_2,M_2
335698,L2,L2,L2,L3,L3,L2,L1,L1,L2,C2_1,D2_1,F2_3,,,N2_2,L_3,M_1
335699,L2,L2,L2,L3,L3,L2,L1,L1,L2,C2_1,D2_1,F2_3,,,N2_2,L_3,M_2
335700,L2,L2,L2,L3,L3,L2,L1,L1,L2,C2_1,D2_2,F2_1,,,N2_1,L_1,M_1
335701,L2,L2,L2,L3,L3,L2,L1,L1,L2,C2_1,D2_2,F2_1,,,N2_1,L_1,M_2
335702,L2,L2,L2,L3,L3,L2,L1,L1,L2,C2_1,D2_2,F2_1,,,N2_1,L_2,M_1
335703,L2,L2,L2,L3,L3,L2,L1,L1,L2,C2_1,D2_2,F2_1,,,N2_1,L_2,M_2
335704,L2,L2,L2,L3,L3,L2,L1,L1,L2,C2_1,D2_2,F2_1,,,N2_1,L_3,M_1
335705,L2,L2,L2,L3,L3,L2,L1,L1,L2,C2_1,D2_2,F2_1,,,N2_1,L_3,M_2
335706,L2,L2,L2,L3,L3,L2,L1,L1,L2,C2_1,D2_2,F2_1,,,N2_2,L_1,M_1
335707,L2,L2,L2,L3,L3,L2,L1,L1,L2,C2_1,D2_2,F2_1,,,N2_2,L_1,M_2
335708,L2,L2,L2,L3,L3,L2,L1,L1,L2,C2_1,D2_2,F2_1,,,N2_2,L_2,M_1
335709,L2,L2,L2,L3,L3,L2,L1,L1,L2,C2_1,D2_2,F2_1,,,N2_2,L_2,M_2
335710,L2,L2,L2,L3,L3,L2,L1,L1,L2,C2_1,D2_2,F2_1,,,N2_2,L_3,M_1
335711,L2,L2,L2,L3,L3,L2,L1,L1,L2,C2_1,D2_2,F2_1,,,N2_2,L_3,M_2
335712,L2,L2,L2,L3,L3,L2,L1,L1,L2,C2_1,D2_2,F2_2,,,N2_1,L_1,M_1
335713,L2,L2,L2,L3,L3,L2,L1,L1,L2,C2_1,D2_2,F2_2,,,N2_1,L_1,M_2
335714,L2,L2,L2,L3,L3,L2,L1,L1,L2,C2_1,D2_2,F2_2,,,N2_1,L_2,M_1
335715,L2,L2,L2,L3,L3,L2,L1,L1,L2,C2_1,D2_2,F2_2,,,N2_1,L_2,M_2
335716,L2,L2,L2,L3,L3,L2,L1,L1,L2,C2_1,D2_2,F2_2,,,N2_1,L_3,M_1
335717,L2,L2,L2,L3,L3,L2,L1,L1,L2,C2_1,D2_2,F2_2,,,N2_1,L_3,M_2
335718,L2,L2,L2,L3,L3,L2,L1,L1,L2,C2_1,D2_2,F2_2,,,N2_2,L_1,M_1
335719,L2,L2,L2,L3,L3,L2,L1,L1,L2,C2_1,D2_2,F2_2,,,N2_2,L_1,M_2
335720,L2,L2,L2,L3,L3,L2,L1,L1,L2,C2_1,D2_2,F2_2,,,N2_2,L_2,M_1
335721,L2,L2,L2,L3,L3,L2,L1,L1,L2,C2_1,D2_2,F2_2,,,N2_2,L_2,M_2
335722,L2,L2,L2,L3,L3,L2,L1,L1,L2,C2_1,D2_2,F2_2,,,N2_2,L_3,M_1
335723,L2,L2,L2,L3,L3,L2,L1,L1,L2,C2_1,D2_2,F2_2,,,N2_2,L_3,M_2
335724,L2,L2,L2,L3,L3,L2,L1,L1,L2,C2_1,D2_2,F2_3,,,N2_1,L_1,M_1
335725,L2,L2,L2,L3,L3,L2,L1,L1,L2,C2_1,D2_2,F2_3,,,N2_1,L_1,M_2
335726,L2,L2,L2,L3,L3,L2,L1,L1,L2,C2_1,D2_2,F2_3,,,N2_1,L_2,M_1
335727,L2,L2,L2,L3,L3,L2,L1,L1,L2,C2_1,D2_2,F2_3,,,N2_1,L_2,M_2
335728,L2,L2,L2,L3,L3,L2,L1,L1,L2,C2_1,D2_2,F2_3,,,N2_1,L_3,M_1
335729,L2,L2,L2,L3,L3,L2,L1,L1,L2,C2_1,D2_2,F2_3,,,N2_1,L_3,M_2
335730,L2,L2,L2,L3,L3,L2,L1,L1,L2,C2_1,D2_2,F2_3,,,N2_2,L_1,M_1
335731,L2,L2,L2,L3,L3,L2,L1,L1,L2,C2_1,D2_2,F2_3,,,N2_2,L_1,M_2
335732,L2,L2,L2,L3,L3,L2,L1,L1,L2,C2_1,D2_2,F2_3,,,N2_2,L_2,M_1
335733,L2,L2,L2,L3,L3,L2,L1,L1,L2,C2_1,D2_2,F2_3,,,N2_2,L_2,M_2
335734,L2,L2,L2,L3,L3,L2,L1,L1,L2,C2_1,D2_2,F2_3,,,N2_2,L_3,M_1
335735,L2,L2,L2,L3,L3,L2,L1,L1,L2,C2_1,D2_2,F2_3,,,N2_2,L_3,M_2
335736,L2,L2,L2,L3,L3,L2,L1,L1,L2,C2_1,D2_3,F2_1,,,N2_1,L_1,M_1
335737,L2,L2,L2,L3,L3,L2,L1,L1,L2,C2_1,D2_3,F2_1,,,N2_1,L_1,M_2
335738,L2,L2,L2,L3,L3,L2,L1,L1,L2,C2_1,D2_3,F2_1,,,N2_1,L_2,M_1
335739,L2,L2,L2,L3,L3,L2,L1,L1,L2,C2_1,D2_3,F2_1,,,N2_1,L_2,M_2
335740,L2,L2,L2,L3,L3,L2,L1,L1,L2,C2_1,D2_3,F2_1,,,N2_1,L_3,M_1
335741,L2,L2,L2,L3,L3,L2,L1,L1,L2,C2_1,D2_3,F2_1,,,N2_1,L_3,M_2
335742,L2,L2,L2,L3,L3,L2,L1,L1,L2,C2_1,D2_3,F2_1,,,N2_2,L_1,M_1
335743,L2,L2,L2,L3,L3,L2,L1,L1,L2,C2_1,D2_3,F2_1,,,N2_2,L_1,M_2
335744,L2,L2,L2,L3,L3,L2,L1,L1,L2,C2_1,D2_3,F2_1,,,N2_2,L_2,M_1
335745,L2,L2,L2,L3,L3,L2,L1,L1,L2,C2_1,D2_3,F2_1,,,N2_2,L_2,M_2
335746,L2,L2,L2,L3,L3,L2,L1,L1,L2,C2_1,D2_3,F2_1,,,N2_2,L_3,M_1
335747,L2,L2,L2,L3,L3,L2,L1,L1,L2,C2_1,D2_3,F2_1,,,N2_2,L_3,M_2
335748,L2,L2,L2,L3,L3,L2,L1,L1,L2,C2_1,D2_3,F2_2,,,N2_1,L_1,M_1
335749,L2,L2,L2,L3,L3,L2,L1,L1,L2,C2_1,D2_3,F2_2,,,N2_1,L_1,M_2
335750,L2,L2,L2,L3,L3,L2,L1,L1,L2,C2_1,D2_3,F2_2,,,N2_1,L_2,M_1
335751,L2,L2,L2,L3,L3,L2,L1,L1,L2,C2_1,D2_3,F2_2,,,N2_1,L_2,M_2
335752,L2,L2,L2,L3,L3,L2,L1,L1,L2,C2_1,D2_3,F2_2,,,N2_1,L_3,M_1
335753,L2,L2,L2,L3,L3,L2,L1,L1,L2,C2_1,D2_3,F2_2,,,N2_1,L_3,M_2
335754,L2,L2,L2,L3,L3,L2,L1,L1,L2,C2_1,D2_3,F2_2,,,N2_2,L_1,M_1
335755,L2,L2,L2,L3,L3,L2,L1,L1,L2,C2_1,D2_3,F2_2,,,N2_2,L_1,M_2
335756,L2,L2,L2,L3,L3,L2,L1,L1,L2,C2_1,D2_3,F2_2,,,N2_2,L_2,M_1
335757,L2,L2,L2,L3,L3,L2,L1,L1,L2,C2_1,D2_3,F2_2,,,N2_2,L_2,M_2
335758,L2,L2,L2,L3,L3,L2,L1,L1,L2,C2_1,D2_3,F2_2,,,N2_2,L_3,M_1
335759,L2,L2,L2,L3,L3,L2,L1,L1,L2,C2_1,D2_3,F2_2,,,N2_2,L_3,M_2
335760,L2,L2,L2,L3,L3,L2,L1,L1,L2,C2_1,D2_3,F2_3,,,N2_1,L_1,M_1
335761,L2,L2,L2,L3,L3,L2,L1,L1,L2,C2_1,D2_3,F2_3,,,N2_1,L_1,M_2
335762,L2,L2,L2,L3,L3,L2,L1,L1,L2,C2_1,D2_3,F2_3,,,N2_1,L_2,M_1
335763,L2,L2,L2,L3,L3,L2,L1,L1,L2,C2_1,D2_3,F2_3,,,N2_1,L_2,M_2
335764,L2,L2,L2,L3,L3,L2,L1,L1,L2,C2_1,D2_3,F2_3,,,N2_1,L_3,M_1
335765,L2,L2,L2,L3,L3,L2,L1,L1,L2,C2_1,D2_3,F2_3,,,N2_1,L_3,M_2
335766,L2,L2,L2,L3,L3,L2,L1,L1,L2,C2_1,D2_3,F2_3,,,N2_2,L_1,M_1
335767,L2,L2,L2,L3,L3,L2,L1,L1,L2,C2_1,D2_3,F2_3,,,N2_2,L_1,M_2
335768,L2,L2,L2,L3,L3,L2,L1,L1,L2,C2_1,D2_3,F2_3,,,N2_2,L_2,M_1
335769,L2,L2,L2,L3,L3,L2,L1,L1,L2,C2_1,D2_3,F2_3,,,N2_2,L_2,M_2
335770,L2,L2,L2,L3,L3,L2,L1,L1,L2,C2_1,D2_3,F2_3,,,N2_2,L_3,M_1
335771,L2,L2,L2,L3,L3,L2,L1,L1,L2,C2_1,D2_3,F2_3,,,N2_2,L_3,M_2
335772,L2,L2,L2,L3,L3,L2,L1,L1,L2,C2_2,D2_1,F2_1,,,N2_1,L_1,M_1
335773,L2,L2,L2,L3,L3,L2,L1,L1,L2,C2_2,D2_1,F2_1,,,N2_1,L_1,M_2
335774,L2,L2,L2,L3,L3,L2,L1,L1,L2,C2_2,D2_1,F2_1,,,N2_1,L_2,M_1
335775,L2,L2,L2,L3,L3,L2,L1,L1,L2,C2_2,D2_1,F2_1,,,N2_1,L_2,M_2
335776,L2,L2,L2,L3,L3,L2,L1,L1,L2,C2_2,D2_1,F2_1,,,N2_1,L_3,M_1
335777,L2,L2,L2,L3,L3,L2,L1,L1,L2,C2_2,D2_1,F2_1,,,N2_1,L_3,M_2
335778,L2,L2,L2,L3,L3,L2,L1,L1,L2,C2_2,D2_1,F2_1,,,N2_2,L_1,M_1
335779,L2,L2,L2,L3,L3,L2,L1,L1,L2,C2_2,D2_1,F2_1,,,N2_2,L_1,M_2
335780,L2,L2,L2,L3,L3,L2,L1,L1,L2,C2_2,D2_1,F2_1,,,N2_2,L_2,M_1
335781,L2,L2,L2,L3,L3,L2,L1,L1,L2,C2_2,D2_1,F2_1,,,N2_2,L_2,M_2
335782,L2,L2,L2,L3,L3,L2,L1,L1,L2,C2_2,D2_1,F2_1,,,N2_2,L_3,M_1
335783,L2,L2,L2,L3,L3,L2,L1,L1,L2,C2_2,D2_1,F2_1,,,N2_2,L_3,M_2
335784,L2,L2,L2,L3,L3,L2,L1,L1,L2,C2_2,D2_1,F2_2,,,N2_1,L_1,M_1
335785,L2,L2,L2,L3,L3,L2,L1,L1,L2,C2_2,D2_1,F2_2,,,N2_1,L_1,M_2
335786,L2,L2,L2,L3,L3,L2,L1,L1,L2,C2_2,D2_1,F2_2,,,N2_1,L_2,M_1
335787,L2,L2,L2,L3,L3,L2,L1,L1,L2,C2_2,D2_1,F2_2,,,N2_1,L_2,M_2
335788,L2,L2,L2,L3,L3,L2,L1,L1,L2,C2_2,D2_1,F2_2,,,N2_1,L_3,M_1
335789,L2,L2,L2,L3,L3,L2,L1,L1,L2,C2_2,D2_1,F2_2,,,N2_1,L_3,M_2
335790,L2,L2,L2,L3,L3,L2,L1,L1,L2,C2_2,D2_1,F2_2,,,N2_2,L_1,M_1
335791,L2,L2,L2,L3,L3,L2,L1,L1,L2,C2_2,D2_1,F2_2,,,N2_2,L_1,M_2
335792,L2,L2,L2,L3,L3,L2,L1,L1,L2,C2_2,D2_1,F2_2,,,N2_2,L_2,M_1
335793,L2,L2,L2,L3,L3,L2,L1,L1,L2,C2_2,D2_1,F2_2,,,N2_2,L_2,M_2
335794,L2,L2,L2,L3,L3,L2,L1,L1,L2,C2_2,D2_1,F2_2,,,N2_2,L_3,M_1
335795,L2,L2,L2,L3,L3,L2,L1,L1,L2,C2_2,D2_1,F2_2,,,N2_2,L_3,M_2
335796,L2,L2,L2,L3,L3,L2,L1,L1,L2,C2_2,D2_1,F2_3,,,N2_1,L_1,M_1
335797,L2,L2,L2,L3,L3,L2,L1,L1,L2,C2_2,D2_1,F2_3,,,N2_1,L_1,M_2
335798,L2,L2,L2,L3,L3,L2,L1,L1,L2,C2_2,D2_1,F2_3,,,N2_1,L_2,M_1
335799,L2,L2,L2,L3,L3,L2,L1,L1,L2,C2_2,D2_1,F2_3,,,N2_1,L_2,M_2
335800,L2,L2,L2,L3,L3,L2,L1,L1,L2,C2_2,D2_1,F2_3,,,N2_1,L_3,M_1
335801,L2,L2,L2,L3,L3,L2,L1,L1,L2,C2_2,D2_1,F2_3,,,N2_1,L_3,M_2
335802,L2,L2,L2,L3,L3,L2,L1,L1,L2,C2_2,D2_1,F2_3,,,N2_2,L_1,M_1
335803,L2,L2,L2,L3,L3,L2,L1,L1,L2,C2_2,D2_1,F2_3,,,N2_2,L_1,M_2
335804,L2,L2,L2,L3,L3,L2,L1,L1,L2,C2_2,D2_1,F2_3,,,N2_2,L_2,M_1
335805,L2,L2,L2,L3,L3,L2,L1,L1,L2,C2_2,D2_1,F2_3,,,N2_2,L_2,M_2
335806,L2,L2,L2,L3,L3,L2,L1,L1,L2,C2_2,D2_1,F2_3,,,N2_2,L_3,M_1
335807,L2,L2,L2,L3,L3,L2,L1,L1,L2,C2_2,D2_1,F2_3,,,N2_2,L_3,M_2
335808,L2,L2,L2,L3,L3,L2,L1,L1,L2,C2_2,D2_2,F2_1,,,N2_1,L_1,M_1
335809,L2,L2,L2,L3,L3,L2,L1,L1,L2,C2_2,D2_2,F2_1,,,N2_1,L_1,M_2
335810,L2,L2,L2,L3,L3,L2,L1,L1,L2,C2_2,D2_2,F2_1,,,N2_1,L_2,M_1
335811,L2,L2,L2,L3,L3,L2,L1,L1,L2,C2_2,D2_2,F2_1,,,N2_1,L_2,M_2
335812,L2,L2,L2,L3,L3,L2,L1,L1,L2,C2_2,D2_2,F2_1,,,N2_1,L_3,M_1
335813,L2,L2,L2,L3,L3,L2,L1,L1,L2,C2_2,D2_2,F2_1,,,N2_1,L_3,M_2
335814,L2,L2,L2,L3,L3,L2,L1,L1,L2,C2_2,D2_2,F2_1,,,N2_2,L_1,M_1
335815,L2,L2,L2,L3,L3,L2,L1,L1,L2,C2_2,D2_2,F2_1,,,N2_2,L_1,M_2
335816,L2,L2,L2,L3,L3,L2,L1,L1,L2,C2_2,D2_2,F2_1,,,N2_2,L_2,M_1
335817,L2,L2,L2,L3,L3,L2,L1,L1,L2,C2_2,D2_2,F2_1,,,N2_2,L_2,M_2
335818,L2,L2,L2,L3,L3,L2,L1,L1,L2,C2_2,D2_2,F2_1,,,N2_2,L_3,M_1
335819,L2,L2,L2,L3,L3,L2,L1,L1,L2,C2_2,D2_2,F2_1,,,N2_2,L_3,M_2
335820,L2,L2,L2,L3,L3,L2,L1,L1,L2,C2_2,D2_2,F2_2,,,N2_1,L_1,M_1
335821,L2,L2,L2,L3,L3,L2,L1,L1,L2,C2_2,D2_2,F2_2,,,N2_1,L_1,M_2
335822,L2,L2,L2,L3,L3,L2,L1,L1,L2,C2_2,D2_2,F2_2,,,N2_1,L_2,M_1
335823,L2,L2,L2,L3,L3,L2,L1,L1,L2,C2_2,D2_2,F2_2,,,N2_1,L_2,M_2
335824,L2,L2,L2,L3,L3,L2,L1,L1,L2,C2_2,D2_2,F2_2,,,N2_1,L_3,M_1
335825,L2,L2,L2,L3,L3,L2,L1,L1,L2,C2_2,D2_2,F2_2,,,N2_1,L_3,M_2
335826,L2,L2,L2,L3,L3,L2,L1,L1,L2,C2_2,D2_2,F2_2,,,N2_2,L_1,M_1
335827,L2,L2,L2,L3,L3,L2,L1,L1,L2,C2_2,D2_2,F2_2,,,N2_2,L_1,M_2
335828,L2,L2,L2,L3,L3,L2,L1,L1,L2,C2_2,D2_2,F2_2,,,N2_2,L_2,M_1
335829,L2,L2,L2,L3,L3,L2,L1,L1,L2,C2_2,D2_2,F2_2,,,N2_2,L_2,M_2
335830,L2,L2,L2,L3,L3,L2,L1,L1,L2,C2_2,D2_2,F2_2,,,N2_2,L_3,M_1
335831,L2,L2,L2,L3,L3,L2,L1,L1,L2,C2_2,D2_2,F2_2,,,N2_2,L_3,M_2
335832,L2,L2,L2,L3,L3,L2,L1,L1,L2,C2_2,D2_2,F2_3,,,N2_1,L_1,M_1
335833,L2,L2,L2,L3,L3,L2,L1,L1,L2,C2_2,D2_2,F2_3,,,N2_1,L_1,M_2
335834,L2,L2,L2,L3,L3,L2,L1,L1,L2,C2_2,D2_2,F2_3,,,N2_1,L_2,M_1
335835,L2,L2,L2,L3,L3,L2,L1,L1,L2,C2_2,D2_2,F2_3,,,N2_1,L_2,M_2
335836,L2,L2,L2,L3,L3,L2,L1,L1,L2,C2_2,D2_2,F2_3,,,N2_1,L_3,M_1
335837,L2,L2,L2,L3,L3,L2,L1,L1,L2,C2_2,D2_2,F2_3,,,N2_1,L_3,M_2
335838,L2,L2,L2,L3,L3,L2,L1,L1,L2,C2_2,D2_2,F2_3,,,N2_2,L_1,M_1
335839,L2,L2,L2,L3,L3,L2,L1,L1,L2,C2_2,D2_2,F2_3,,,N2_2,L_1,M_2
335840,L2,L2,L2,L3,L3,L2,L1,L1,L2,C2_2,D2_2,F2_3,,,N2_2,L_2,M_1
335841,L2,L2,L2,L3,L3,L2,L1,L1,L2,C2_2,D2_2,F2_3,,,N2_2,L_2,M_2
335842,L2,L2,L2,L3,L3,L2,L1,L1,L2,C2_2,D2_2,F2_3,,,N2_2,L_3,M_1
335843,L2,L2,L2,L3,L3,L2,L1,L1,L2,C2_2,D2_2,F2_3,,,N2_2,L_3,M_2
335844,L2,L2,L2,L3,L3,L2,L1,L1,L2,C2_2,D2_3,F2_1,,,N2_1,L_1,M_1
335845,L2,L2,L2,L3,L3,L2,L1,L1,L2,C2_2,D2_3,F2_1,,,N2_1,L_1,M_2
335846,L2,L2,L2,L3,L3,L2,L1,L1,L2,C2_2,D2_3,F2_1,,,N2_1,L_2,M_1
335847,L2,L2,L2,L3,L3,L2,L1,L1,L2,C2_2,D2_3,F2_1,,,N2_1,L_2,M_2
335848,L2,L2,L2,L3,L3,L2,L1,L1,L2,C2_2,D2_3,F2_1,,,N2_1,L_3,M_1
335849,L2,L2,L2,L3,L3,L2,L1,L1,L2,C2_2,D2_3,F2_1,,,N2_1,L_3,M_2
335850,L2,L2,L2,L3,L3,L2,L1,L1,L2,C2_2,D2_3,F2_1,,,N2_2,L_1,M_1
335851,L2,L2,L2,L3,L3,L2,L1,L1,L2,C2_2,D2_3,F2_1,,,N2_2,L_1,M_2
335852,L2,L2,L2,L3,L3,L2,L1,L1,L2,C2_2,D2_3,F2_1,,,N2_2,L_2,M_1
335853,L2,L2,L2,L3,L3,L2,L1,L1,L2,C2_2,D2_3,F2_1,,,N2_2,L_2,M_2
335854,L2,L2,L2,L3,L3,L2,L1,L1,L2,C2_2,D2_3,F2_1,,,N2_2,L_3,M_1
335855,L2,L2,L2,L3,L3,L2,L1,L1,L2,C2_2,D2_3,F2_1,,,N2_2,L_3,M_2
335856,L2,L2,L2,L3,L3,L2,L1,L1,L2,C2_2,D2_3,F2_2,,,N2_1,L_1,M_1
335857,L2,L2,L2,L3,L3,L2,L1,L1,L2,C2_2,D2_3,F2_2,,,N2_1,L_1,M_2
335858,L2,L2,L2,L3,L3,L2,L1,L1,L2,C2_2,D2_3,F2_2,,,N2_1,L_2,M_1
335859,L2,L2,L2,L3,L3,L2,L1,L1,L2,C2_2,D2_3,F2_2,,,N2_1,L_2,M_2
335860,L2,L2,L2,L3,L3,L2,L1,L1,L2,C2_2,D2_3,F2_2,,,N2_1,L_3,M_1
335861,L2,L2,L2,L3,L3,L2,L1,L1,L2,C2_2,D2_3,F2_2,,,N2_1,L_3,M_2
335862,L2,L2,L2,L3,L3,L2,L1,L1,L2,C2_2,D2_3,F2_2,,,N2_2,L_1,M_1
335863,L2,L2,L2,L3,L3,L2,L1,L1,L2,C2_2,D2_3,F2_2,,,N2_2,L_1,M_2
335864,L2,L2,L2,L3,L3,L2,L1,L1,L2,C2_2,D2_3,F2_2,,,N2_2,L_2,M_1
335865,L2,L2,L2,L3,L3,L2,L1,L1,L2,C2_2,D2_3,F2_2,,,N2_2,L_2,M_2
335866,L2,L2,L2,L3,L3,L2,L1,L1,L2,C2_2,D2_3,F2_2,,,N2_2,L_3,M_1
335867,L2,L2,L2,L3,L3,L2,L1,L1,L2,C2_2,D2_3,F2_2,,,N2_2,L_3,M_2
335868,L2,L2,L2,L3,L3,L2,L1,L1,L2,C2_2,D2_3,F2_3,,,N2_1,L_1,M_1
335869,L2,L2,L2,L3,L3,L2,L1,L1,L2,C2_2,D2_3,F2_3,,,N2_1,L_1,M_2
335870,L2,L2,L2,L3,L3,L2,L1,L1,L2,C2_2,D2_3,F2_3,,,N2_1,L_2,M_1
335871,L2,L2,L2,L3,L3,L2,L1,L1,L2,C2_2,D2_3,F2_3,,,N2_1,L_2,M_2
335872,L2,L2,L2,L3,L3,L2,L1,L1,L2,C2_2,D2_3,F2_3,,,N2_1,L_3,M_1
335873,L2,L2,L2,L3,L3,L2,L1,L1,L2,C2_2,D2_3,F2_3,,,N2_1,L_3,M_2
335874,L2,L2,L2,L3,L3,L2,L1,L1,L2,C2_2,D2_3,F2_3,,,N2_2,L_1,M_1
335875,L2,L2,L2,L3,L3,L2,L1,L1,L2,C2_2,D2_3,F2_3,,,N2_2,L_1,M_2
335876,L2,L2,L2,L3,L3,L2,L1,L1,L2,C2_2,D2_3,F2_3,,,N2_2,L_2,M_1
335877,L2,L2,L2,L3,L3,L2,L1,L1,L2,C2_2,D2_3,F2_3,,,N2_2,L_2,M_2
335878,L2,L2,L2,L3,L3,L2,L1,L1,L2,C2_2,D2_3,F2_3,,,N2_2,L_3,M_1
335879,L2,L2,L2,L3,L3,L2,L1,L1,L2,C2_2,D2_3,F2_3,,,N2_2,L_3,M_2
335880,L2,L2,L2,L3,L3,L2,L1,L1,L2,C2_3,D2_1,F2_1,,,N2_1,L_1,M_1
335881,L2,L2,L2,L3,L3,L2,L1,L1,L2,C2_3,D2_1,F2_1,,,N2_1,L_1,M_2
335882,L2,L2,L2,L3,L3,L2,L1,L1,L2,C2_3,D2_1,F2_1,,,N2_1,L_2,M_1
335883,L2,L2,L2,L3,L3,L2,L1,L1,L2,C2_3,D2_1,F2_1,,,N2_1,L_2,M_2
335884,L2,L2,L2,L3,L3,L2,L1,L1,L2,C2_3,D2_1,F2_1,,,N2_1,L_3,M_1
335885,L2,L2,L2,L3,L3,L2,L1,L1,L2,C2_3,D2_1,F2_1,,,N2_1,L_3,M_2
335886,L2,L2,L2,L3,L3,L2,L1,L1,L2,C2_3,D2_1,F2_1,,,N2_2,L_1,M_1
335887,L2,L2,L2,L3,L3,L2,L1,L1,L2,C2_3,D2_1,F2_1,,,N2_2,L_1,M_2
335888,L2,L2,L2,L3,L3,L2,L1,L1,L2,C2_3,D2_1,F2_1,,,N2_2,L_2,M_1
335889,L2,L2,L2,L3,L3,L2,L1,L1,L2,C2_3,D2_1,F2_1,,,N2_2,L_2,M_2
335890,L2,L2,L2,L3,L3,L2,L1,L1,L2,C2_3,D2_1,F2_1,,,N2_2,L_3,M_1
335891,L2,L2,L2,L3,L3,L2,L1,L1,L2,C2_3,D2_1,F2_1,,,N2_2,L_3,M_2
335892,L2,L2,L2,L3,L3,L2,L1,L1,L2,C2_3,D2_1,F2_2,,,N2_1,L_1,M_1
335893,L2,L2,L2,L3,L3,L2,L1,L1,L2,C2_3,D2_1,F2_2,,,N2_1,L_1,M_2
335894,L2,L2,L2,L3,L3,L2,L1,L1,L2,C2_3,D2_1,F2_2,,,N2_1,L_2,M_1
335895,L2,L2,L2,L3,L3,L2,L1,L1,L2,C2_3,D2_1,F2_2,,,N2_1,L_2,M_2
335896,L2,L2,L2,L3,L3,L2,L1,L1,L2,C2_3,D2_1,F2_2,,,N2_1,L_3,M_1
335897,L2,L2,L2,L3,L3,L2,L1,L1,L2,C2_3,D2_1,F2_2,,,N2_1,L_3,M_2
335898,L2,L2,L2,L3,L3,L2,L1,L1,L2,C2_3,D2_1,F2_2,,,N2_2,L_1,M_1
335899,L2,L2,L2,L3,L3,L2,L1,L1,L2,C2_3,D2_1,F2_2,,,N2_2,L_1,M_2
335900,L2,L2,L2,L3,L3,L2,L1,L1,L2,C2_3,D2_1,F2_2,,,N2_2,L_2,M_1
335901,L2,L2,L2,L3,L3,L2,L1,L1,L2,C2_3,D2_1,F2_2,,,N2_2,L_2,M_2
335902,L2,L2,L2,L3,L3,L2,L1,L1,L2,C2_3,D2_1,F2_2,,,N2_2,L_3,M_1
335903,L2,L2,L2,L3,L3,L2,L1,L1,L2,C2_3,D2_1,F2_2,,,N2_2,L_3,M_2
335904,L2,L2,L2,L3,L3,L2,L1,L1,L2,C2_3,D2_1,F2_3,,,N2_1,L_1,M_1
335905,L2,L2,L2,L3,L3,L2,L1,L1,L2,C2_3,D2_1,F2_3,,,N2_1,L_1,M_2
335906,L2,L2,L2,L3,L3,L2,L1,L1,L2,C2_3,D2_1,F2_3,,,N2_1,L_2,M_1
335907,L2,L2,L2,L3,L3,L2,L1,L1,L2,C2_3,D2_1,F2_3,,,N2_1,L_2,M_2
335908,L2,L2,L2,L3,L3,L2,L1,L1,L2,C2_3,D2_1,F2_3,,,N2_1,L_3,M_1
335909,L2,L2,L2,L3,L3,L2,L1,L1,L2,C2_3,D2_1,F2_3,,,N2_1,L_3,M_2
335910,L2,L2,L2,L3,L3,L2,L1,L1,L2,C2_3,D2_1,F2_3,,,N2_2,L_1,M_1
335911,L2,L2,L2,L3,L3,L2,L1,L1,L2,C2_3,D2_1,F2_3,,,N2_2,L_1,M_2
335912,L2,L2,L2,L3,L3,L2,L1,L1,L2,C2_3,D2_1,F2_3,,,N2_2,L_2,M_1
335913,L2,L2,L2,L3,L3,L2,L1,L1,L2,C2_3,D2_1,F2_3,,,N2_2,L_2,M_2
335914,L2,L2,L2,L3,L3,L2,L1,L1,L2,C2_3,D2_1,F2_3,,,N2_2,L_3,M_1
335915,L2,L2,L2,L3,L3,L2,L1,L1,L2,C2_3,D2_1,F2_3,,,N2_2,L_3,M_2
335916,L2,L2,L2,L3,L3,L2,L1,L1,L2,C2_3,D2_2,F2_1,,,N2_1,L_1,M_1
335917,L2,L2,L2,L3,L3,L2,L1,L1,L2,C2_3,D2_2,F2_1,,,N2_1,L_1,M_2
335918,L2,L2,L2,L3,L3,L2,L1,L1,L2,C2_3,D2_2,F2_1,,,N2_1,L_2,M_1
335919,L2,L2,L2,L3,L3,L2,L1,L1,L2,C2_3,D2_2,F2_1,,,N2_1,L_2,M_2
335920,L2,L2,L2,L3,L3,L2,L1,L1,L2,C2_3,D2_2,F2_1,,,N2_1,L_3,M_1
335921,L2,L2,L2,L3,L3,L2,L1,L1,L2,C2_3,D2_2,F2_1,,,N2_1,L_3,M_2
335922,L2,L2,L2,L3,L3,L2,L1,L1,L2,C2_3,D2_2,F2_1,,,N2_2,L_1,M_1
335923,L2,L2,L2,L3,L3,L2,L1,L1,L2,C2_3,D2_2,F2_1,,,N2_2,L_1,M_2
335924,L2,L2,L2,L3,L3,L2,L1,L1,L2,C2_3,D2_2,F2_1,,,N2_2,L_2,M_1
335925,L2,L2,L2,L3,L3,L2,L1,L1,L2,C2_3,D2_2,F2_1,,,N2_2,L_2,M_2
335926,L2,L2,L2,L3,L3,L2,L1,L1,L2,C2_3,D2_2,F2_1,,,N2_2,L_3,M_1
335927,L2,L2,L2,L3,L3,L2,L1,L1,L2,C2_3,D2_2,F2_1,,,N2_2,L_3,M_2
335928,L2,L2,L2,L3,L3,L2,L1,L1,L2,C2_3,D2_2,F2_2,,,N2_1,L_1,M_1
335929,L2,L2,L2,L3,L3,L2,L1,L1,L2,C2_3,D2_2,F2_2,,,N2_1,L_1,M_2
335930,L2,L2,L2,L3,L3,L2,L1,L1,L2,C2_3,D2_2,F2_2,,,N2_1,L_2,M_1
335931,L2,L2,L2,L3,L3,L2,L1,L1,L2,C2_3,D2_2,F2_2,,,N2_1,L_2,M_2
335932,L2,L2,L2,L3,L3,L2,L1,L1,L2,C2_3,D2_2,F2_2,,,N2_1,L_3,M_1
335933,L2,L2,L2,L3,L3,L2,L1,L1,L2,C2_3,D2_2,F2_2,,,N2_1,L_3,M_2
335934,L2,L2,L2,L3,L3,L2,L1,L1,L2,C2_3,D2_2,F2_2,,,N2_2,L_1,M_1
335935,L2,L2,L2,L3,L3,L2,L1,L1,L2,C2_3,D2_2,F2_2,,,N2_2,L_1,M_2
335936,L2,L2,L2,L3,L3,L2,L1,L1,L2,C2_3,D2_2,F2_2,,,N2_2,L_2,M_1
335937,L2,L2,L2,L3,L3,L2,L1,L1,L2,C2_3,D2_2,F2_2,,,N2_2,L_2,M_2
335938,L2,L2,L2,L3,L3,L2,L1,L1,L2,C2_3,D2_2,F2_2,,,N2_2,L_3,M_1
335939,L2,L2,L2,L3,L3,L2,L1,L1,L2,C2_3,D2_2,F2_2,,,N2_2,L_3,M_2
335940,L2,L2,L2,L3,L3,L2,L1,L1,L2,C2_3,D2_2,F2_3,,,N2_1,L_1,M_1
335941,L2,L2,L2,L3,L3,L2,L1,L1,L2,C2_3,D2_2,F2_3,,,N2_1,L_1,M_2
335942,L2,L2,L2,L3,L3,L2,L1,L1,L2,C2_3,D2_2,F2_3,,,N2_1,L_2,M_1
335943,L2,L2,L2,L3,L3,L2,L1,L1,L2,C2_3,D2_2,F2_3,,,N2_1,L_2,M_2
335944,L2,L2,L2,L3,L3,L2,L1,L1,L2,C2_3,D2_2,F2_3,,,N2_1,L_3,M_1
335945,L2,L2,L2,L3,L3,L2,L1,L1,L2,C2_3,D2_2,F2_3,,,N2_1,L_3,M_2
335946,L2,L2,L2,L3,L3,L2,L1,L1,L2,C2_3,D2_2,F2_3,,,N2_2,L_1,M_1
335947,L2,L2,L2,L3,L3,L2,L1,L1,L2,C2_3,D2_2,F2_3,,,N2_2,L_1,M_2
335948,L2,L2,L2,L3,L3,L2,L1,L1,L2,C2_3,D2_2,F2_3,,,N2_2,L_2,M_1
335949,L2,L2,L2,L3,L3,L2,L1,L1,L2,C2_3,D2_2,F2_3,,,N2_2,L_2,M_2
335950,L2,L2,L2,L3,L3,L2,L1,L1,L2,C2_3,D2_2,F2_3,,,N2_2,L_3,M_1
335951,L2,L2,L2,L3,L3,L2,L1,L1,L2,C2_3,D2_2,F2_3,,,N2_2,L_3,M_2
335952,L2,L2,L2,L3,L3,L2,L1,L1,L2,C2_3,D2_3,F2_1,,,N2_1,L_1,M_1
335953,L2,L2,L2,L3,L3,L2,L1,L1,L2,C2_3,D2_3,F2_1,,,N2_1,L_1,M_2
335954,L2,L2,L2,L3,L3,L2,L1,L1,L2,C2_3,D2_3,F2_1,,,N2_1,L_2,M_1
335955,L2,L2,L2,L3,L3,L2,L1,L1,L2,C2_3,D2_3,F2_1,,,N2_1,L_2,M_2
335956,L2,L2,L2,L3,L3,L2,L1,L1,L2,C2_3,D2_3,F2_1,,,N2_1,L_3,M_1
335957,L2,L2,L2,L3,L3,L2,L1,L1,L2,C2_3,D2_3,F2_1,,,N2_1,L_3,M_2
335958,L2,L2,L2,L3,L3,L2,L1,L1,L2,C2_3,D2_3,F2_1,,,N2_2,L_1,M_1
335959,L2,L2,L2,L3,L3,L2,L1,L1,L2,C2_3,D2_3,F2_1,,,N2_2,L_1,M_2
335960,L2,L2,L2,L3,L3,L2,L1,L1,L2,C2_3,D2_3,F2_1,,,N2_2,L_2,M_1
335961,L2,L2,L2,L3,L3,L2,L1,L1,L2,C2_3,D2_3,F2_1,,,N2_2,L_2,M_2
335962,L2,L2,L2,L3,L3,L2,L1,L1,L2,C2_3,D2_3,F2_1,,,N2_2,L_3,M_1
335963,L2,L2,L2,L3,L3,L2,L1,L1,L2,C2_3,D2_3,F2_1,,,N2_2,L_3,M_2
335964,L2,L2,L2,L3,L3,L2,L1,L1,L2,C2_3,D2_3,F2_2,,,N2_1,L_1,M_1
335965,L2,L2,L2,L3,L3,L2,L1,L1,L2,C2_3,D2_3,F2_2,,,N2_1,L_1,M_2
335966,L2,L2,L2,L3,L3,L2,L1,L1,L2,C2_3,D2_3,F2_2,,,N2_1,L_2,M_1
335967,L2,L2,L2,L3,L3,L2,L1,L1,L2,C2_3,D2_3,F2_2,,,N2_1,L_2,M_2
335968,L2,L2,L2,L3,L3,L2,L1,L1,L2,C2_3,D2_3,F2_2,,,N2_1,L_3,M_1
335969,L2,L2,L2,L3,L3,L2,L1,L1,L2,C2_3,D2_3,F2_2,,,N2_1,L_3,M_2
335970,L2,L2,L2,L3,L3,L2,L1,L1,L2,C2_3,D2_3,F2_2,,,N2_2,L_1,M_1
335971,L2,L2,L2,L3,L3,L2,L1,L1,L2,C2_3,D2_3,F2_2,,,N2_2,L_1,M_2
335972,L2,L2,L2,L3,L3,L2,L1,L1,L2,C2_3,D2_3,F2_2,,,N2_2,L_2,M_1
335973,L2,L2,L2,L3,L3,L2,L1,L1,L2,C2_3,D2_3,F2_2,,,N2_2,L_2,M_2
335974,L2,L2,L2,L3,L3,L2,L1,L1,L2,C2_3,D2_3,F2_2,,,N2_2,L_3,M_1
335975,L2,L2,L2,L3,L3,L2,L1,L1,L2,C2_3,D2_3,F2_2,,,N2_2,L_3,M_2
335976,L2,L2,L2,L3,L3,L2,L1,L1,L2,C2_3,D2_3,F2_3,,,N2_1,L_1,M_1
335977,L2,L2,L2,L3,L3,L2,L1,L1,L2,C2_3,D2_3,F2_3,,,N2_1,L_1,M_2
335978,L2,L2,L2,L3,L3,L2,L1,L1,L2,C2_3,D2_3,F2_3,,,N2_1,L_2,M_1
335979,L2,L2,L2,L3,L3,L2,L1,L1,L2,C2_3,D2_3,F2_3,,,N2_1,L_2,M_2
335980,L2,L2,L2,L3,L3,L2,L1,L1,L2,C2_3,D2_3,F2_3,,,N2_1,L_3,M_1
335981,L2,L2,L2,L3,L3,L2,L1,L1,L2,C2_3,D2_3,F2_3,,,N2_1,L_3,M_2
335982,L2,L2,L2,L3,L3,L2,L1,L1,L2,C2_3,D2_3,F2_3,,,N2_2,L_1,M_1
335983,L2,L2,L2,L3,L3,L2,L1,L1,L2,C2_3,D2_3,F2_3,,,N2_2,L_1,M_2
335984,L2,L2,L2,L3,L3,L2,L1,L1,L2,C2_3,D2_3,F2_3,,,N2_2,L_2,M_1
335985,L2,L2,L2,L3,L3,L2,L1,L1,L2,C2_3,D2_3,F2_3,,,N2_2,L_2,M_2
335986,L2,L2,L2,L3,L3,L2,L1,L1,L2,C2_3,D2_3,F2_3,,,N2_2,L_3,M_1
335987,L2,L2,L2,L3,L3,L2,L1,L1,L2,C2_3,D2_3,F2_3,,,N2_2,L_3,M_2
336582,L3,L3,L3,L3,L3,L2,L1,L1,L2,C2_1,D2_1,F2_1,,,N2_1,L_1,M_1
336583,L3,L3,L3,L3,L3,L2,L1,L1,L2,C2_1,D2_1,F2_1,,,N2_1,L_1,M_2
336584,L3,L3,L3,L3,L3,L2,L1,L1,L2,C2_1,D2_1,F2_1,,,N2_1,L_2,M_1
336585,L3,L3,L3,L3,L3,L2,L1,L1,L2,C2_1,D2_1,F2_1,,,N2_1,L_2,M_2
336586,L3,L3,L3,L3,L3,L2,L1,L1,L2,C2_1,D2_1,F2_1,,,N2_1,L_3,M_1
336587,L3,L3,L3,L3,L3,L2,L1,L1,L2,C2_1,D2_1,F2_1,,,N2_1,L_3,M_2
336588,L3,L3,L3,L3,L3,L2,L1,L1,L2,C2_1,D2_1,F2_1,,,N2_2,L_1,M_1
336589,L3,L3,L3,L3,L3,L2,L1,L1,L2,C2_1,D2_1,F2_1,,,N2_2,L_1,M_2
336590,L3,L3,L3,L3,L3,L2,L1,L1,L2,C2_1,D2_1,F2_1,,,N2_2,L_2,M_1
336591,L3,L3,L3,L3,L3,L2,L1,L1,L2,C2_1,D2_1,F2_1,,,N2_2,L_2,M_2
336592,L3,L3,L3,L3,L3,L2,L1,L1,L2,C2_1,D2_1,F2_1,,,N2_2,L_3,M_1
336593,L3,L3,L3,L3,L3,L2,L1,L1,L2,C2_1,D2_1,F2_1,,,N2_2,L_3,M_2
336594,L3,L3,L3,L3,L3,L2,L1,L1,L2,C2_1,D2_1,F2_2,,,N2_1,L_1,M_1
336595,L3,L3,L3,L3,L3,L2,L1,L1,L2,C2_1,D2_1,F2_2,,,N2_1,L_1,M_2
336596,L3,L3,L3,L3,L3,L2,L1,L1,L2,C2_1,D2_1,F2_2,,,N2_1,L_2,M_1
336597,L3,L3,L3,L3,L3,L2,L1,L1,L2,C2_1,D2_1,F2_2,,,N2_1,L_2,M_2
336598,L3,L3,L3,L3,L3,L2,L1,L1,L2,C2_1,D2_1,F2_2,,,N2_1,L_3,M_1
336599,L3,L3,L3,L3,L3,L2,L1,L1,L2,C2_1,D2_1,F2_2,,,N2_1,L_3,M_2
336600,L3,L3,L3,L3,L3,L2,L1,L1,L2,C2_1,D2_1,F2_2,,,N2_2,L_1,M_1
336601,L3,L3,L3,L3,L3,L2,L1,L1,L2,C2_1,D2_1,F2_2,,,N2_2,L_1,M_2
336602,L3,L3,L3,L3,L3,L2,L1,L1,L2,C2_1,D2_1,F2_2,,,N2_2,L_2,M_1
336603,L3,L3,L3,L3,L3,L2,L1,L1,L2,C2_1,D2_1,F2_2,,,N2_2,L_2,M_2
336604,L3,L3,L3,L3,L3,L2,L1,L1,L2,C2_1,D2_1,F2_2,,,N2_2,L_3,M_1
336605,L3,L3,L3,L3,L3,L2,L1,L1,L2,C2_1,D2_1,F2_2,,,N2_2,L_3,M_2
336606,L3,L3,L3,L3,L3,L2,L1,L1,L2,C2_1,D2_1,F2_3,,,N2_1,L_1,M_1
336607,L3,L3,L3,L3,L3,L2,L1,L1,L2,C2_1,D2_1,F2_3,,,N2_1,L_1,M_2
336608,L3,L3,L3,L3,L3,L2,L1,L1,L2,C2_1,D2_1,F2_3,,,N2_1,L_2,M_1
336609,L3,L3,L3,L3,L3,L2,L1,L1,L2,C2_1,D2_1,F2_3,,,N2_1,L_2,M_2
336610,L3,L3,L3,L3,L3,L2,L1,L1,L2,C2_1,D2_1,F2_3,,,N2_1,L_3,M_1
336611,L3,L3,L3,L3,L3,L2,L1,L1,L2,C2_1,D2_1,F2_3,,,N2_1,L_3,M_2
336612,L3,L3,L3,L3,L3,L2,L1,L1,L2,C2_1,D2_1,F2_3,,,N2_2,L_1,M_1
336613,L3,L3,L3,L3,L3,L2,L1,L1,L2,C2_1,D2_1,F2_3,,,N2_2,L_1,M_2
336614,L3,L3,L3,L3,L3,L2,L1,L1,L2,C2_1,D2_1,F2_3,,,N2_2,L_2,M_1
336615,L3,L3,L3,L3,L3,L2,L1,L1,L2,C2_1,D2_1,F2_3,,,N2_2,L_2,M_2
336616,L3,L3,L3,L3,L3,L2,L1,L1,L2,C2_1,D2_1,F2_3,,,N2_2,L_3,M_1
336617,L3,L3,L3,L3,L3,L2,L1,L1,L2,C2_1,D2_1,F2_3,,,N2_2,L_3,M_2
336618,L3,L3,L3,L3,L3,L2,L1,L1,L2,C2_1,D2_2,F2_1,,,N2_1,L_1,M_1
336619,L3,L3,L3,L3,L3,L2,L1,L1,L2,C2_1,D2_2,F2_1,,,N2_1,L_1,M_2
336620,L3,L3,L3,L3,L3,L2,L1,L1,L2,C2_1,D2_2,F2_1,,,N2_1,L_2,M_1
336621,L3,L3,L3,L3,L3,L2,L1,L1,L2,C2_1,D2_2,F2_1,,,N2_1,L_2,M_2
336622,L3,L3,L3,L3,L3,L2,L1,L1,L2,C2_1,D2_2,F2_1,,,N2_1,L_3,M_1
336623,L3,L3,L3,L3,L3,L2,L1,L1,L2,C2_1,D2_2,F2_1,,,N2_1,L_3,M_2
336624,L3,L3,L3,L3,L3,L2,L1,L1,L2,C2_1,D2_2,F2_1,,,N2_2,L_1,M_1
336625,L3,L3,L3,L3,L3,L2,L1,L1,L2,C2_1,D2_2,F2_1,,,N2_2,L_1,M_2
336626,L3,L3,L3,L3,L3,L2,L1,L1,L2,C2_1,D2_2,F2_1,,,N2_2,L_2,M_1
336627,L3,L3,L3,L3,L3,L2,L1,L1,L2,C2_1,D2_2,F2_1,,,N2_2,L_2,M_2
336628,L3,L3,L3,L3,L3,L2,L1,L1,L2,C2_1,D2_2,F2_1,,,N2_2,L_3,M_1
336629,L3,L3,L3,L3,L3,L2,L1,L1,L2,C2_1,D2_2,F2_1,,,N2_2,L_3,M_2
336630,L3,L3,L3,L3,L3,L2,L1,L1,L2,C2_1,D2_2,F2_2,,,N2_1,L_1,M_1
336631,L3,L3,L3,L3,L3,L2,L1,L1,L2,C2_1,D2_2,F2_2,,,N2_1,L_1,M_2
336632,L3,L3,L3,L3,L3,L2,L1,L1,L2,C2_1,D2_2,F2_2,,,N2_1,L_2,M_1
336633,L3,L3,L3,L3,L3,L2,L1,L1,L2,C2_1,D2_2,F2_2,,,N2_1,L_2,M_2
336634,L3,L3,L3,L3,L3,L2,L1,L1,L2,C2_1,D2_2,F2_2,,,N2_1,L_3,M_1
336635,L3,L3,L3,L3,L3,L2,L1,L1,L2,C2_1,D2_2,F2_2,,,N2_1,L_3,M_2
336636,L3,L3,L3,L3,L3,L2,L1,L1,L2,C2_1,D2_2,F2_2,,,N2_2,L_1,M_1
336637,L3,L3,L3,L3,L3,L2,L1,L1,L2,C2_1,D2_2,F2_2,,,N2_2,L_1,M_2
336638,L3,L3,L3,L3,L3,L2,L1,L1,L2,C2_1,D2_2,F2_2,,,N2_2,L_2,M_1
336639,L3,L3,L3,L3,L3,L2,L1,L1,L2,C2_1,D2_2,F2_2,,,N2_2,L_2,M_2
336640,L3,L3,L3,L3,L3,L2,L1,L1,L2,C2_1,D2_2,F2_2,,,N2_2,L_3,M_1
336641,L3,L3,L3,L3,L3,L2,L1,L1,L2,C2_1,D2_2,F2_2,,,N2_2,L_3,M_2
336642,L3,L3,L3,L3,L3,L2,L1,L1,L2,C2_1,D2_2,F2_3,,,N2_1,L_1,M_1
336643,L3,L3,L3,L3,L3,L2,L1,L1,L2,C2_1,D2_2,F2_3,,,N2_1,L_1,M_2
336644,L3,L3,L3,L3,L3,L2,L1,L1,L2,C2_1,D2_2,F2_3,,,N2_1,L_2,M_1
336645,L3,L3,L3,L3,L3,L2,L1,L1,L2,C2_1,D2_2,F2_3,,,N2_1,L_2,M_2
336646,L3,L3,L3,L3,L3,L2,L1,L1,L2,C2_1,D2_2,F2_3,,,N2_1,L_3,M_1
336647,L3,L3,L3,L3,L3,L2,L1,L1,L2,C2_1,D2_2,F2_3,,,N2_1,L_3,M_2
336648,L3,L3,L3,L3,L3,L2,L1,L1,L2,C2_1,D2_2,F2_3,,,N2_2,L_1,M_1
336649,L3,L3,L3,L3,L3,L2,L1,L1,L2,C2_1,D2_2,F2_3,,,N2_2,L_1,M_2
336650,L3,L3,L3,L3,L3,L2,L1,L1,L2,C2_1,D2_2,F2_3,,,N2_2,L_2,M_1
336651,L3,L3,L3,L3,L3,L2,L1,L1,L2,C2_1,D2_2,F2_3,,,N2_2,L_2,M_2
336652,L3,L3,L3,L3,L3,L2,L1,L1,L2,C2_1,D2_2,F2_3,,,N2_2,L_3,M_1
336653,L3,L3,L3,L3,L3,L2,L1,L1,L2,C2_1,D2_2,F2_3,,,N2_2,L_3,M_2
336654,L3,L3,L3,L3,L3,L2,L1,L1,L2,C2_1,D2_3,F2_1,,,N2_1,L_1,M_1
336655,L3,L3,L3,L3,L3,L2,L1,L1,L2,C2_1,D2_3,F2_1,,,N2_1,L_1,M_2
336656,L3,L3,L3,L3,L3,L2,L1,L1,L2,C2_1,D2_3,F2_1,,,N2_1,L_2,M_1
336657,L3,L3,L3,L3,L3,L2,L1,L1,L2,C2_1,D2_3,F2_1,,,N2_1,L_2,M_2
336658,L3,L3,L3,L3,L3,L2,L1,L1,L2,C2_1,D2_3,F2_1,,,N2_1,L_3,M_1
336659,L3,L3,L3,L3,L3,L2,L1,L1,L2,C2_1,D2_3,F2_1,,,N2_1,L_3,M_2
336660,L3,L3,L3,L3,L3,L2,L1,L1,L2,C2_1,D2_3,F2_1,,,N2_2,L_1,M_1
336661,L3,L3,L3,L3,L3,L2,L1,L1,L2,C2_1,D2_3,F2_1,,,N2_2,L_1,M_2
336662,L3,L3,L3,L3,L3,L2,L1,L1,L2,C2_1,D2_3,F2_1,,,N2_2,L_2,M_1
336663,L3,L3,L3,L3,L3,L2,L1,L1,L2,C2_1,D2_3,F2_1,,,N2_2,L_2,M_2
336664,L3,L3,L3,L3,L3,L2,L1,L1,L2,C2_1,D2_3,F2_1,,,N2_2,L_3,M_1
336665,L3,L3,L3,L3,L3,L2,L1,L1,L2,C2_1,D2_3,F2_1,,,N2_2,L_3,M_2
336666,L3,L3,L3,L3,L3,L2,L1,L1,L2,C2_1,D2_3,F2_2,,,N2_1,L_1,M_1
336667,L3,L3,L3,L3,L3,L2,L1,L1,L2,C2_1,D2_3,F2_2,,,N2_1,L_1,M_2
336668,L3,L3,L3,L3,L3,L2,L1,L1,L2,C2_1,D2_3,F2_2,,,N2_1,L_2,M_1
336669,L3,L3,L3,L3,L3,L2,L1,L1,L2,C2_1,D2_3,F2_2,,,N2_1,L_2,M_2
336670,L3,L3,L3,L3,L3,L2,L1,L1,L2,C2_1,D2_3,F2_2,,,N2_1,L_3,M_1
336671,L3,L3,L3,L3,L3,L2,L1,L1,L2,C2_1,D2_3,F2_2,,,N2_1,L_3,M_2
336672,L3,L3,L3,L3,L3,L2,L1,L1,L2,C2_1,D2_3,F2_2,,,N2_2,L_1,M_1
336673,L3,L3,L3,L3,L3,L2,L1,L1,L2,C2_1,D2_3,F2_2,,,N2_2,L_1,M_2
336674,L3,L3,L3,L3,L3,L2,L1,L1,L2,C2_1,D2_3,F2_2,,,N2_2,L_2,M_1
336675,L3,L3,L3,L3,L3,L2,L1,L1,L2,C2_1,D2_3,F2_2,,,N2_2,L_2,M_2
336676,L3,L3,L3,L3,L3,L2,L1,L1,L2,C2_1,D2_3,F2_2,,,N2_2,L_3,M_1
336677,L3,L3,L3,L3,L3,L2,L1,L1,L2,C2_1,D2_3,F2_2,,,N2_2,L_3,M_2
336678,L3,L3,L3,L3,L3,L2,L1,L1,L2,C2_1,D2_3,F2_3,,,N2_1,L_1,M_1
336679,L3,L3,L3,L3,L3,L2,L1,L1,L2,C2_1,D2_3,F2_3,,,N2_1,L_1,M_2
336680,L3,L3,L3,L3,L3,L2,L1,L1,L2,C2_1,D2_3,F2_3,,,N2_1,L_2,M_1
336681,L3,L3,L3,L3,L3,L2,L1,L1,L2,C2_1,D2_3,F2_3,,,N2_1,L_2,M_2
336682,L3,L3,L3,L3,L3,L2,L1,L1,L2,C2_1,D2_3,F2_3,,,N2_1,L_3,M_1
336683,L3,L3,L3,L3,L3,L2,L1,L1,L2,C2_1,D2_3,F2_3,,,N2_1,L_3,M_2
336684,L3,L3,L3,L3,L3,L2,L1,L1,L2,C2_1,D2_3,F2_3,,,N2_2,L_1,M_1
336685,L3,L3,L3,L3,L3,L2,L1,L1,L2,C2_1,D2_3,F2_3,,,N2_2,L_1,M_2
336686,L3,L3,L3,L3,L3,L2,L1,L1,L2,C2_1,D2_3,F2_3,,,N2_2,L_2,M_1
336687,L3,L3,L3,L3,L3,L2,L1,L1,L2,C2_1,D2_3,F2_3,,,N2_2,L_2,M_2
336688,L3,L3,L3,L3,L3,L2,L1,L1,L2,C2_1,D2_3,F2_3,,,N2_2,L_3,M_1
336689,L3,L3,L3,L3,L3,L2,L1,L1,L2,C2_1,D2_3,F2_3,,,N2_2,L_3,M_2
336690,L3,L3,L3,L3,L3,L2,L1,L1,L2,C2_2,D2_1,F2_1,,,N2_1,L_1,M_1
336691,L3,L3,L3,L3,L3,L2,L1,L1,L2,C2_2,D2_1,F2_1,,,N2_1,L_1,M_2
336692,L3,L3,L3,L3,L3,L2,L1,L1,L2,C2_2,D2_1,F2_1,,,N2_1,L_2,M_1
336693,L3,L3,L3,L3,L3,L2,L1,L1,L2,C2_2,D2_1,F2_1,,,N2_1,L_2,M_2
336694,L3,L3,L3,L3,L3,L2,L1,L1,L2,C2_2,D2_1,F2_1,,,N2_1,L_3,M_1
336695,L3,L3,L3,L3,L3,L2,L1,L1,L2,C2_2,D2_1,F2_1,,,N2_1,L_3,M_2
336696,L3,L3,L3,L3,L3,L2,L1,L1,L2,C2_2,D2_1,F2_1,,,N2_2,L_1,M_1
336697,L3,L3,L3,L3,L3,L2,L1,L1,L2,C2_2,D2_1,F2_1,,,N2_2,L_1,M_2
336698,L3,L3,L3,L3,L3,L2,L1,L1,L2,C2_2,D2_1,F2_1,,,N2_2,L_2,M_1
336699,L3,L3,L3,L3,L3,L2,L1,L1,L2,C2_2,D2_1,F2_1,,,N2_2,L_2,M_2
336700,L3,L3,L3,L3,L3,L2,L1,L1,L2,C2_2,D2_1,F2_1,,,N2_2,L_3,M_1
336701,L3,L3,L3,L3,L3,L2,L1,L1,L2,C2_2,D2_1,F2_1,,,N2_2,L_3,M_2
336702,L3,L3,L3,L3,L3,L2,L1,L1,L2,C2_2,D2_1,F2_2,,,N2_1,L_1,M_1
336703,L3,L3,L3,L3,L3,L2,L1,L1,L2,C2_2,D2_1,F2_2,,,N2_1,L_1,M_2
336704,L3,L3,L3,L3,L3,L2,L1,L1,L2,C2_2,D2_1,F2_2,,,N2_1,L_2,M_1
336705,L3,L3,L3,L3,L3,L2,L1,L1,L2,C2_2,D2_1,F2_2,,,N2_1,L_2,M_2
336706,L3,L3,L3,L3,L3,L2,L1,L1,L2,C2_2,D2_1,F2_2,,,N2_1,L_3,M_1
336707,L3,L3,L3,L3,L3,L2,L1,L1,L2,C2_2,D2_1,F2_2,,,N2_1,L_3,M_2
336708,L3,L3,L3,L3,L3,L2,L1,L1,L2,C2_2,D2_1,F2_2,,,N2_2,L_1,M_1
336709,L3,L3,L3,L3,L3,L2,L1,L1,L2,C2_2,D2_1,F2_2,,,N2_2,L_1,M_2
336710,L3,L3,L3,L3,L3,L2,L1,L1,L2,C2_2,D2_1,F2_2,,,N2_2,L_2,M_1
336711,L3,L3,L3,L3,L3,L2,L1,L1,L2,C2_2,D2_1,F2_2,,,N2_2,L_2,M_2
336712,L3,L3,L3,L3,L3,L2,L1,L1,L2,C2_2,D2_1,F2_2,,,N2_2,L_3,M_1
336713,L3,L3,L3,L3,L3,L2,L1,L1,L2,C2_2,D2_1,F2_2,,,N2_2,L_3,M_2
336714,L3,L3,L3,L3,L3,L2,L1,L1,L2,C2_2,D2_1,F2_3,,,N2_1,L_1,M_1
336715,L3,L3,L3,L3,L3,L2,L1,L1,L2,C2_2,D2_1,F2_3,,,N2_1,L_1,M_2
336716,L3,L3,L3,L3,L3,L2,L1,L1,L2,C2_2,D2_1,F2_3,,,N2_1,L_2,M_1
336717,L3,L3,L3,L3,L3,L2,L1,L1,L2,C2_2,D2_1,F2_3,,,N2_1,L_2,M_2
336718,L3,L3,L3,L3,L3,L2,L1,L1,L2,C2_2,D2_1,F2_3,,,N2_1,L_3,M_1
336719,L3,L3,L3,L3,L3,L2,L1,L1,L2,C2_2,D2_1,F2_3,,,N2_1,L_3,M_2
336720,L3,L3,L3,L3,L3,L2,L1,L1,L2,C2_2,D2_1,F2_3,,,N2_2,L_1,M_1
336721,L3,L3,L3,L3,L3,L2,L1,L1,L2,C2_2,D2_1,F2_3,,,N2_2,L_1,M_2
336722,L3,L3,L3,L3,L3,L2,L1,L1,L2,C2_2,D2_1,F2_3,,,N2_2,L_2,M_1
336723,L3,L3,L3,L3,L3,L2,L1,L1,L2,C2_2,D2_1,F2_3,,,N2_2,L_2,M_2
336724,L3,L3,L3,L3,L3,L2,L1,L1,L2,C2_2,D2_1,F2_3,,,N2_2,L_3,M_1
336725,L3,L3,L3,L3,L3,L2,L1,L1,L2,C2_2,D2_1,F2_3,,,N2_2,L_3,M_2
336726,L3,L3,L3,L3,L3,L2,L1,L1,L2,C2_2,D2_2,F2_1,,,N2_1,L_1,M_1
336727,L3,L3,L3,L3,L3,L2,L1,L1,L2,C2_2,D2_2,F2_1,,,N2_1,L_1,M_2
336728,L3,L3,L3,L3,L3,L2,L1,L1,L2,C2_2,D2_2,F2_1,,,N2_1,L_2,M_1
336729,L3,L3,L3,L3,L3,L2,L1,L1,L2,C2_2,D2_2,F2_1,,,N2_1,L_2,M_2
336730,L3,L3,L3,L3,L3,L2,L1,L1,L2,C2_2,D2_2,F2_1,,,N2_1,L_3,M_1
336731,L3,L3,L3,L3,L3,L2,L1,L1,L2,C2_2,D2_2,F2_1,,,N2_1,L_3,M_2
336732,L3,L3,L3,L3,L3,L2,L1,L1,L2,C2_2,D2_2,F2_1,,,N2_2,L_1,M_1
336733,L3,L3,L3,L3,L3,L2,L1,L1,L2,C2_2,D2_2,F2_1,,,N2_2,L_1,M_2
336734,L3,L3,L3,L3,L3,L2,L1,L1,L2,C2_2,D2_2,F2_1,,,N2_2,L_2,M_1
336735,L3,L3,L3,L3,L3,L2,L1,L1,L2,C2_2,D2_2,F2_1,,,N2_2,L_2,M_2
336736,L3,L3,L3,L3,L3,L2,L1,L1,L2,C2_2,D2_2,F2_1,,,N2_2,L_3,M_1
336737,L3,L3,L3,L3,L3,L2,L1,L1,L2,C2_2,D2_2,F2_1,,,N2_2,L_3,M_2
336738,L3,L3,L3,L3,L3,L2,L1,L1,L2,C2_2,D2_2,F2_2,,,N2_1,L_1,M_1
336739,L3,L3,L3,L3,L3,L2,L1,L1,L2,C2_2,D2_2,F2_2,,,N2_1,L_1,M_2
336740,L3,L3,L3,L3,L3,L2,L1,L1,L2,C2_2,D2_2,F2_2,,,N2_1,L_2,M_1
336741,L3,L3,L3,L3,L3,L2,L1,L1,L2,C2_2,D2_2,F2_2,,,N2_1,L_2,M_2
336742,L3,L3,L3,L3,L3,L2,L1,L1,L2,C2_2,D2_2,F2_2,,,N2_1,L_3,M_1
336743,L3,L3,L3,L3,L3,L2,L1,L1,L2,C2_2,D2_2,F2_2,,,N2_1,L_3,M_2
336744,L3,L3,L3,L3,L3,L2,L1,L1,L2,C2_2,D2_2,F2_2,,,N2_2,L_1,M_1
336745,L3,L3,L3,L3,L3,L2,L1,L1,L2,C2_2,D2_2,F2_2,,,N2_2,L_1,M_2
336746,L3,L3,L3,L3,L3,L2,L1,L1,L2,C2_2,D2_2,F2_2,,,N2_2,L_2,M_1
336747,L3,L3,L3,L3,L3,L2,L1,L1,L2,C2_2,D2_2,F2_2,,,N2_2,L_2,M_2
336748,L3,L3,L3,L3,L3,L2,L1,L1,L2,C2_2,D2_2,F2_2,,,N2_2,L_3,M_1
336749,L3,L3,L3,L3,L3,L2,L1,L1,L2,C2_2,D2_2,F2_2,,,N2_2,L_3,M_2
336750,L3,L3,L3,L3,L3,L2,L1,L1,L2,C2_2,D2_2,F2_3,,,N2_1,L_1,M_1
336751,L3,L3,L3,L3,L3,L2,L1,L1,L2,C2_2,D2_2,F2_3,,,N2_1,L_1,M_2
336752,L3,L3,L3,L3,L3,L2,L1,L1,L2,C2_2,D2_2,F2_3,,,N2_1,L_2,M_1
336753,L3,L3,L3,L3,L3,L2,L1,L1,L2,C2_2,D2_2,F2_3,,,N2_1,L_2,M_2
336754,L3,L3,L3,L3,L3,L2,L1,L1,L2,C2_2,D2_2,F2_3,,,N2_1,L_3,M_1
336755,L3,L3,L3,L3,L3,L2,L1,L1,L2,C2_2,D2_2,F2_3,,,N2_1,L_3,M_2
336756,L3,L3,L3,L3,L3,L2,L1,L1,L2,C2_2,D2_2,F2_3,,,N2_2,L_1,M_1
336757,L3,L3,L3,L3,L3,L2,L1,L1,L2,C2_2,D2_2,F2_3,,,N2_2,L_1,M_2
336758,L3,L3,L3,L3,L3,L2,L1,L1,L2,C2_2,D2_2,F2_3,,,N2_2,L_2,M_1
336759,L3,L3,L3,L3,L3,L2,L1,L1,L2,C2_2,D2_2,F2_3,,,N2_2,L_2,M_2
336760,L3,L3,L3,L3,L3,L2,L1,L1,L2,C2_2,D2_2,F2_3,,,N2_2,L_3,M_1
336761,L3,L3,L3,L3,L3,L2,L1,L1,L2,C2_2,D2_2,F2_3,,,N2_2,L_3,M_2
336762,L3,L3,L3,L3,L3,L2,L1,L1,L2,C2_2,D2_3,F2_1,,,N2_1,L_1,M_1
336763,L3,L3,L3,L3,L3,L2,L1,L1,L2,C2_2,D2_3,F2_1,,,N2_1,L_1,M_2
336764,L3,L3,L3,L3,L3,L2,L1,L1,L2,C2_2,D2_3,F2_1,,,N2_1,L_2,M_1
336765,L3,L3,L3,L3,L3,L2,L1,L1,L2,C2_2,D2_3,F2_1,,,N2_1,L_2,M_2
336766,L3,L3,L3,L3,L3,L2,L1,L1,L2,C2_2,D2_3,F2_1,,,N2_1,L_3,M_1
336767,L3,L3,L3,L3,L3,L2,L1,L1,L2,C2_2,D2_3,F2_1,,,N2_1,L_3,M_2
336768,L3,L3,L3,L3,L3,L2,L1,L1,L2,C2_2,D2_3,F2_1,,,N2_2,L_1,M_1
336769,L3,L3,L3,L3,L3,L2,L1,L1,L2,C2_2,D2_3,F2_1,,,N2_2,L_1,M_2
336770,L3,L3,L3,L3,L3,L2,L1,L1,L2,C2_2,D2_3,F2_1,,,N2_2,L_2,M_1
336771,L3,L3,L3,L3,L3,L2,L1,L1,L2,C2_2,D2_3,F2_1,,,N2_2,L_2,M_2
336772,L3,L3,L3,L3,L3,L2,L1,L1,L2,C2_2,D2_3,F2_1,,,N2_2,L_3,M_1
336773,L3,L3,L3,L3,L3,L2,L1,L1,L2,C2_2,D2_3,F2_1,,,N2_2,L_3,M_2
336774,L3,L3,L3,L3,L3,L2,L1,L1,L2,C2_2,D2_3,F2_2,,,N2_1,L_1,M_1
336775,L3,L3,L3,L3,L3,L2,L1,L1,L2,C2_2,D2_3,F2_2,,,N2_1,L_1,M_2
336776,L3,L3,L3,L3,L3,L2,L1,L1,L2,C2_2,D2_3,F2_2,,,N2_1,L_2,M_1
336777,L3,L3,L3,L3,L3,L2,L1,L1,L2,C2_2,D2_3,F2_2,,,N2_1,L_2,M_2
336778,L3,L3,L3,L3,L3,L2,L1,L1,L2,C2_2,D2_3,F2_2,,,N2_1,L_3,M_1
336779,L3,L3,L3,L3,L3,L2,L1,L1,L2,C2_2,D2_3,F2_2,,,N2_1,L_3,M_2
336780,L3,L3,L3,L3,L3,L2,L1,L1,L2,C2_2,D2_3,F2_2,,,N2_2,L_1,M_1
336781,L3,L3,L3,L3,L3,L2,L1,L1,L2,C2_2,D2_3,F2_2,,,N2_2,L_1,M_2
336782,L3,L3,L3,L3,L3,L2,L1,L1,L2,C2_2,D2_3,F2_2,,,N2_2,L_2,M_1
336783,L3,L3,L3,L3,L3,L2,L1,L1,L2,C2_2,D2_3,F2_2,,,N2_2,L_2,M_2
336784,L3,L3,L3,L3,L3,L2,L1,L1,L2,C2_2,D2_3,F2_2,,,N2_2,L_3,M_1
336785,L3,L3,L3,L3,L3,L2,L1,L1,L2,C2_2,D2_3,F2_2,,,N2_2,L_3,M_2
336786,L3,L3,L3,L3,L3,L2,L1,L1,L2,C2_2,D2_3,F2_3,,,N2_1,L_1,M_1
336787,L3,L3,L3,L3,L3,L2,L1,L1,L2,C2_2,D2_3,F2_3,,,N2_1,L_1,M_2
336788,L3,L3,L3,L3,L3,L2,L1,L1,L2,C2_2,D2_3,F2_3,,,N2_1,L_2,M_1
336789,L3,L3,L3,L3,L3,L2,L1,L1,L2,C2_2,D2_3,F2_3,,,N2_1,L_2,M_2
336790,L3,L3,L3,L3,L3,L2,L1,L1,L2,C2_2,D2_3,F2_3,,,N2_1,L_3,M_1
336791,L3,L3,L3,L3,L3,L2,L1,L1,L2,C2_2,D2_3,F2_3,,,N2_1,L_3,M_2
336792,L3,L3,L3,L3,L3,L2,L1,L1,L2,C2_2,D2_3,F2_3,,,N2_2,L_1,M_1
336793,L3,L3,L3,L3,L3,L2,L1,L1,L2,C2_2,D2_3,F2_3,,,N2_2,L_1,M_2
336794,L3,L3,L3,L3,L3,L2,L1,L1,L2,C2_2,D2_3,F2_3,,,N2_2,L_2,M_1
336795,L3,L3,L3,L3,L3,L2,L1,L1,L2,C2_2,D2_3,F2_3,,,N2_2,L_2,M_2
336796,L3,L3,L3,L3,L3,L2,L1,L1,L2,C2_2,D2_3,F2_3,,,N2_2,L_3,M_1
336797,L3,L3,L3,L3,L3,L2,L1,L1,L2,C2_2,D2_3,F2_3,,,N2_2,L_3,M_2
336798,L3,L3,L3,L3,L3,L2,L1,L1,L2,C2_3,D2_1,F2_1,,,N2_1,L_1,M_1
336799,L3,L3,L3,L3,L3,L2,L1,L1,L2,C2_3,D2_1,F2_1,,,N2_1,L_1,M_2
336800,L3,L3,L3,L3,L3,L2,L1,L1,L2,C2_3,D2_1,F2_1,,,N2_1,L_2,M_1
336801,L3,L3,L3,L3,L3,L2,L1,L1,L2,C2_3,D2_1,F2_1,,,N2_1,L_2,M_2
336802,L3,L3,L3,L3,L3,L2,L1,L1,L2,C2_3,D2_1,F2_1,,,N2_1,L_3,M_1
336803,L3,L3,L3,L3,L3,L2,L1,L1,L2,C2_3,D2_1,F2_1,,,N2_1,L_3,M_2
336804,L3,L3,L3,L3,L3,L2,L1,L1,L2,C2_3,D2_1,F2_1,,,N2_2,L_1,M_1
336805,L3,L3,L3,L3,L3,L2,L1,L1,L2,C2_3,D2_1,F2_1,,,N2_2,L_1,M_2
336806,L3,L3,L3,L3,L3,L2,L1,L1,L2,C2_3,D2_1,F2_1,,,N2_2,L_2,M_1
336807,L3,L3,L3,L3,L3,L2,L1,L1,L2,C2_3,D2_1,F2_1,,,N2_2,L_2,M_2
336808,L3,L3,L3,L3,L3,L2,L1,L1,L2,C2_3,D2_1,F2_1,,,N2_2,L_3,M_1
336809,L3,L3,L3,L3,L3,L2,L1,L1,L2,C2_3,D2_1,F2_1,,,N2_2,L_3,M_2
336810,L3,L3,L3,L3,L3,L2,L1,L1,L2,C2_3,D2_1,F2_2,,,N2_1,L_1,M_1
336811,L3,L3,L3,L3,L3,L2,L1,L1,L2,C2_3,D2_1,F2_2,,,N2_1,L_1,M_2
336812,L3,L3,L3,L3,L3,L2,L1,L1,L2,C2_3,D2_1,F2_2,,,N2_1,L_2,M_1
336813,L3,L3,L3,L3,L3,L2,L1,L1,L2,C2_3,D2_1,F2_2,,,N2_1,L_2,M_2
336814,L3,L3,L3,L3,L3,L2,L1,L1,L2,C2_3,D2_1,F2_2,,,N2_1,L_3,M_1
336815,L3,L3,L3,L3,L3,L2,L1,L1,L2,C2_3,D2_1,F2_2,,,N2_1,L_3,M_2
336816,L3,L3,L3,L3,L3,L2,L1,L1,L2,C2_3,D2_1,F2_2,,,N2_2,L_1,M_1
336817,L3,L3,L3,L3,L3,L2,L1,L1,L2,C2_3,D2_1,F2_2,,,N2_2,L_1,M_2
336818,L3,L3,L3,L3,L3,L2,L1,L1,L2,C2_3,D2_1,F2_2,,,N2_2,L_2,M_1
336819,L3,L3,L3,L3,L3,L2,L1,L1,L2,C2_3,D2_1,F2_2,,,N2_2,L_2,M_2
336820,L3,L3,L3,L3,L3,L2,L1,L1,L2,C2_3,D2_1,F2_2,,,N2_2,L_3,M_1
336821,L3,L3,L3,L3,L3,L2,L1,L1,L2,C2_3,D2_1,F2_2,,,N2_2,L_3,M_2
336822,L3,L3,L3,L3,L3,L2,L1,L1,L2,C2_3,D2_1,F2_3,,,N2_1,L_1,M_1
336823,L3,L3,L3,L3,L3,L2,L1,L1,L2,C2_3,D2_1,F2_3,,,N2_1,L_1,M_2
336824,L3,L3,L3,L3,L3,L2,L1,L1,L2,C2_3,D2_1,F2_3,,,N2_1,L_2,M_1
336825,L3,L3,L3,L3,L3,L2,L1,L1,L2,C2_3,D2_1,F2_3,,,N2_1,L_2,M_2
336826,L3,L3,L3,L3,L3,L2,L1,L1,L2,C2_3,D2_1,F2_3,,,N2_1,L_3,M_1
336827,L3,L3,L3,L3,L3,L2,L1,L1,L2,C2_3,D2_1,F2_3,,,N2_1,L_3,M_2
336828,L3,L3,L3,L3,L3,L2,L1,L1,L2,C2_3,D2_1,F2_3,,,N2_2,L_1,M_1
336829,L3,L3,L3,L3,L3,L2,L1,L1,L2,C2_3,D2_1,F2_3,,,N2_2,L_1,M_2
336830,L3,L3,L3,L3,L3,L2,L1,L1,L2,C2_3,D2_1,F2_3,,,N2_2,L_2,M_1
336831,L3,L3,L3,L3,L3,L2,L1,L1,L2,C2_3,D2_1,F2_3,,,N2_2,L_2,M_2
336832,L3,L3,L3,L3,L3,L2,L1,L1,L2,C2_3,D2_1,F2_3,,,N2_2,L_3,M_1
336833,L3,L3,L3,L3,L3,L2,L1,L1,L2,C2_3,D2_1,F2_3,,,N2_2,L_3,M_2
336834,L3,L3,L3,L3,L3,L2,L1,L1,L2,C2_3,D2_2,F2_1,,,N2_1,L_1,M_1
336835,L3,L3,L3,L3,L3,L2,L1,L1,L2,C2_3,D2_2,F2_1,,,N2_1,L_1,M_2
336836,L3,L3,L3,L3,L3,L2,L1,L1,L2,C2_3,D2_2,F2_1,,,N2_1,L_2,M_1
336837,L3,L3,L3,L3,L3,L2,L1,L1,L2,C2_3,D2_2,F2_1,,,N2_1,L_2,M_2
336838,L3,L3,L3,L3,L3,L2,L1,L1,L2,C2_3,D2_2,F2_1,,,N2_1,L_3,M_1
336839,L3,L3,L3,L3,L3,L2,L1,L1,L2,C2_3,D2_2,F2_1,,,N2_1,L_3,M_2
336840,L3,L3,L3,L3,L3,L2,L1,L1,L2,C2_3,D2_2,F2_1,,,N2_2,L_1,M_1
336841,L3,L3,L3,L3,L3,L2,L1,L1,L2,C2_3,D2_2,F2_1,,,N2_2,L_1,M_2
336842,L3,L3,L3,L3,L3,L2,L1,L1,L2,C2_3,D2_2,F2_1,,,N2_2,L_2,M_1
336843,L3,L3,L3,L3,L3,L2,L1,L1,L2,C2_3,D2_2,F2_1,,,N2_2,L_2,M_2
336844,L3,L3,L3,L3,L3,L2,L1,L1,L2,C2_3,D2_2,F2_1,,,N2_2,L_3,M_1
336845,L3,L3,L3,L3,L3,L2,L1,L1,L2,C2_3,D2_2,F2_1,,,N2_2,L_3,M_2
336846,L3,L3,L3,L3,L3,L2,L1,L1,L2,C2_3,D2_2,F2_2,,,N2_1,L_1,M_1
336847,L3,L3,L3,L3,L3,L2,L1,L1,L2,C2_3,D2_2,F2_2,,,N2_1,L_1,M_2
336848,L3,L3,L3,L3,L3,L2,L1,L1,L2,C2_3,D2_2,F2_2,,,N2_1,L_2,M_1
336849,L3,L3,L3,L3,L3,L2,L1,L1,L2,C2_3,D2_2,F2_2,,,N2_1,L_2,M_2
336850,L3,L3,L3,L3,L3,L2,L1,L1,L2,C2_3,D2_2,F2_2,,,N2_1,L_3,M_1
336851,L3,L3,L3,L3,L3,L2,L1,L1,L2,C2_3,D2_2,F2_2,,,N2_1,L_3,M_2
336852,L3,L3,L3,L3,L3,L2,L1,L1,L2,C2_3,D2_2,F2_2,,,N2_2,L_1,M_1
336853,L3,L3,L3,L3,L3,L2,L1,L1,L2,C2_3,D2_2,F2_2,,,N2_2,L_1,M_2
336854,L3,L3,L3,L3,L3,L2,L1,L1,L2,C2_3,D2_2,F2_2,,,N2_2,L_2,M_1
336855,L3,L3,L3,L3,L3,L2,L1,L1,L2,C2_3,D2_2,F2_2,,,N2_2,L_2,M_2
336856,L3,L3,L3,L3,L3,L2,L1,L1,L2,C2_3,D2_2,F2_2,,,N2_2,L_3,M_1
336857,L3,L3,L3,L3,L3,L2,L1,L1,L2,C2_3,D2_2,F2_2,,,N2_2,L_3,M_2
336858,L3,L3,L3,L3,L3,L2,L1,L1,L2,C2_3,D2_2,F2_3,,,N2_1,L_1,M_1
336859,L3,L3,L3,L3,L3,L2,L1,L1,L2,C2_3,D2_2,F2_3,,,N2_1,L_1,M_2
336860,L3,L3,L3,L3,L3,L2,L1,L1,L2,C2_3,D2_2,F2_3,,,N2_1,L_2,M_1
336861,L3,L3,L3,L3,L3,L2,L1,L1,L2,C2_3,D2_2,F2_3,,,N2_1,L_2,M_2
336862,L3,L3,L3,L3,L3,L2,L1,L1,L2,C2_3,D2_2,F2_3,,,N2_1,L_3,M_1
336863,L3,L3,L3,L3,L3,L2,L1,L1,L2,C2_3,D2_2,F2_3,,,N2_1,L_3,M_2
336864,L3,L3,L3,L3,L3,L2,L1,L1,L2,C2_3,D2_2,F2_3,,,N2_2,L_1,M_1
336865,L3,L3,L3,L3,L3,L2,L1,L1,L2,C2_3,D2_2,F2_3,,,N2_2,L_1,M_2
336866,L3,L3,L3,L3,L3,L2,L1,L1,L2,C2_3,D2_2,F2_3,,,N2_2,L_2,M_1
336867,L3,L3,L3,L3,L3,L2,L1,L1,L2,C2_3,D2_2,F2_3,,,N2_2,L_2,M_2
336868,L3,L3,L3,L3,L3,L2,L1,L1,L2,C2_3,D2_2,F2_3,,,N2_2,L_3,M_1
336869,L3,L3,L3,L3,L3,L2,L1,L1,L2,C2_3,D2_2,F2_3,,,N2_2,L_3,M_2
336870,L3,L3,L3,L3,L3,L2,L1,L1,L2,C2_3,D2_3,F2_1,,,N2_1,L_1,M_1
336871,L3,L3,L3,L3,L3,L2,L1,L1,L2,C2_3,D2_3,F2_1,,,N2_1,L_1,M_2
336872,L3,L3,L3,L3,L3,L2,L1,L1,L2,C2_3,D2_3,F2_1,,,N2_1,L_2,M_1
336873,L3,L3,L3,L3,L3,L2,L1,L1,L2,C2_3,D2_3,F2_1,,,N2_1,L_2,M_2
336874,L3,L3,L3,L3,L3,L2,L1,L1,L2,C2_3,D2_3,F2_1,,,N2_1,L_3,M_1
336875,L3,L3,L3,L3,L3,L2,L1,L1,L2,C2_3,D2_3,F2_1,,,N2_1,L_3,M_2
336876,L3,L3,L3,L3,L3,L2,L1,L1,L2,C2_3,D2_3,F2_1,,,N2_2,L_1,M_1
336877,L3,L3,L3,L3,L3,L2,L1,L1,L2,C2_3,D2_3,F2_1,,,N2_2,L_1,M_2
336878,L3,L3,L3,L3,L3,L2,L1,L1,L2,C2_3,D2_3,F2_1,,,N2_2,L_2,M_1
336879,L3,L3,L3,L3,L3,L2,L1,L1,L2,C2_3,D2_3,F2_1,,,N2_2,L_2,M_2
336880,L3,L3,L3,L3,L3,L2,L1,L1,L2,C2_3,D2_3,F2_1,,,N2_2,L_3,M_1
336881,L3,L3,L3,L3,L3,L2,L1,L1,L2,C2_3,D2_3,F2_1,,,N2_2,L_3,M_2
336882,L3,L3,L3,L3,L3,L2,L1,L1,L2,C2_3,D2_3,F2_2,,,N2_1,L_1,M_1
336883,L3,L3,L3,L3,L3,L2,L1,L1,L2,C2_3,D2_3,F2_2,,,N2_1,L_1,M_2
336884,L3,L3,L3,L3,L3,L2,L1,L1,L2,C2_3,D2_3,F2_2,,,N2_1,L_2,M_1
336885,L3,L3,L3,L3,L3,L2,L1,L1,L2,C2_3,D2_3,F2_2,,,N2_1,L_2,M_2
336886,L3,L3,L3,L3,L3,L2,L1,L1,L2,C2_3,D2_3,F2_2,,,N2_1,L_3,M_1
336887,L3,L3,L3,L3,L3,L2,L1,L1,L2,C2_3,D2_3,F2_2,,,N2_1,L_3,M_2
336888,L3,L3,L3,L3,L3,L2,L1,L1,L2,C2_3,D2_3,F2_2,,,N2_2,L_1,M_1
336889,L3,L3,L3,L3,L3,L2,L1,L1,L2,C2_3,D2_3,F2_2,,,N2_2,L_1,M_2
336890,L3,L3,L3,L3,L3,L2,L1,L1,L2,C2_3,D2_3,F2_2,,,N2_2,L_2,M_1
336891,L3,L3,L3,L3,L3,L2,L1,L1,L2,C2_3,D2_3,F2_2,,,N2_2,L_2,M_2
336892,L3,L3,L3,L3,L3,L2,L1,L1,L2,C2_3,D2_3,F2_2,,,N2_2,L_3,M_1
336893,L3,L3,L3,L3,L3,L2,L1,L1,L2,C2_3,D2_3,F2_2,,,N2_2,L_3,M_2
336894,L3,L3,L3,L3,L3,L2,L1,L1,L2,C2_3,D2_3,F2_3,,,N2_1,L_1,M_1
336895,L3,L3,L3,L3,L3,L2,L1,L1,L2,C2_3,D2_3,F2_3,,,N2_1,L_1,M_2
336896,L3,L3,L3,L3,L3,L2,L1,L1,L2,C2_3,D2_3,F2_3,,,N2_1,L_2,M_1
336897,L3,L3,L3,L3,L3,L2,L1,L1,L2,C2_3,D2_3,F2_3,,,N2_1,L_2,M_2
336898,L3,L3,L3,L3,L3,L2,L1,L1,L2,C2_3,D2_3,F2_3,,,N2_1,L_3,M_1
336899,L3,L3,L3,L3,L3,L2,L1,L1,L2,C2_3,D2_3,F2_3,,,N2_1,L_3,M_2
336900,L3,L3,L3,L3,L3,L2,L1,L1,L2,C2_3,D2_3,F2_3,,,N2_2,L_1,M_1
336901,L3,L3,L3,L3,L3,L2,L1,L1,L2,C2_3,D2_3,F2_3,,,N2_2,L_1,M_2
336902,L3,L3,L3,L3,L3,L2,L1,L1,L2,C2_3,D2_3,F2_3,,,N2_2,L_2,M_1
336903,L3,L3,L3,L3,L3,L2,L1,L1,L2,C2_3,D2_3,F2_3,,,N2_2,L_2,M_2
336904,L3,L3,L3,L3,L3,L2,L1,L1,L2,C2_3,D2_3,F2_3,,,N2_2,L_3,M_1
336905,L3,L3,L3,L3,L3,L2,L1,L1,L2,C2_3,D2_3,F2_3,,,N2_2,L_3,M_2
360072,L1,L3,L3,L1,L1,L2,L1,L1,L2,C2_1,D2_1,F2_1,,,N2_1,L_1,M_1
360073,L1,L3,L3,L1,L1,L2,L1,L1,L2,C2_1,D2_1,F2_1,,,N2_1,L_1,M_2
360074,L1,L3,L3,L1,L1,L2,L1,L1,L2,C2_1,D2_1,F2_1,,,N2_1,L_2,M_1
360075,L1,L3,L3,L1,L1,L2,L1,L1,L2,C2_1,D2_1,F2_1,,,N2_1,L_2,M_2
360076,L1,L3,L3,L1,L1,L2,L1,L1,L2,C2_1,D2_1,F2_1,,,N2_1,L_3,M_1
360077,L1,L3,L3,L1,L1,L2,L1,L1,L2,C2_1,D2_1,F2_1,,,N2_1,L_3,M_2
360078,L1,L3,L3,L1,L1,L2,L1,L1,L2,C2_1,D2_1,F2_1,,,N2_2,L_1,M_1
360079,L1,L3,L3,L1,L1,L2,L1,L1,L2,C2_1,D2_1,F2_1,,,N2_2,L_1,M_2
360080,L1,L3,L3,L1,L1,L2,L1,L1,L2,C2_1,D2_1,F2_1,,,N2_2,L_2,M_1
360081,L1,L3,L3,L1,L1,L2,L1,L1,L2,C2_1,D2_1,F2_1,,,N2_2,L_2,M_2
360082,L1,L3,L3,L1,L1,L2,L1,L1,L2,C2_1,D2_1,F2_1,,,N2_2,L_3,M_1
360083,L1,L3,L3,L1,L1,L2,L1,L1,L2,C2_1,D2_1,F2_1,,,N2_2,L_3,M_2
360084,L1,L3,L3,L1,L1,L2,L1,L1,L2,C2_1,D2_1,F2_2,,,N2_1,L_1,M_1
360085,L1,L3,L3,L1,L1,L2,L1,L1,L2,C2_1,D2_1,F2_2,,,N2_1,L_1,M_2
360086,L1,L3,L3,L1,L1,L2,L1,L1,L2,C2_1,D2_1,F2_2,,,N2_1,L_2,M_1
360087,L1,L3,L3,L1,L1,L2,L1,L1,L2,C2_1,D2_1,F2_2,,,N2_1,L_2,M_2
360088,L1,L3,L3,L1,L1,L2,L1,L1,L2,C2_1,D2_1,F2_2,,,N2_1,L_3,M_1
360089,L1,L3,L3,L1,L1,L2,L1,L1,L2,C2_1,D2_1,F2_2,,,N2_1,L_3,M_2
360090,L1,L3,L3,L1,L1,L2,L1,L1,L2,C2_1,D2_1,F2_2,,,N2_2,L_1,M_1
360091,L1,L3,L3,L1,L1,L2,L1,L1,L2,C2_1,D2_1,F2_2,,,N2_2,L_1,M_2
360092,L1,L3,L3,L1,L1,L2,L1,L1,L2,C2_1,D2_1,F2_2,,,N2_2,L_2,M_1
360093,L1,L3,L3,L1,L1,L2,L1,L1,L2,C2_1,D2_1,F2_2,,,N2_2,L_2,M_2
360094,L1,L3,L3,L1,L1,L2,L1,L1,L2,C2_1,D2_1,F2_2,,,N2_2,L_3,M_1
360095,L1,L3,L3,L1,L1,L2,L1,L1,L2,C2_1,D2_1,F2_2,,,N2_2,L_3,M_2
360096,L1,L3,L3,L1,L1,L2,L1,L1,L2,C2_1,D2_1,F2_3,,,N2_1,L_1,M_1
360097,L1,L3,L3,L1,L1,L2,L1,L1,L2,C2_1,D2_1,F2_3,,,N2_1,L_1,M_2
360098,L1,L3,L3,L1,L1,L2,L1,L1,L2,C2_1,D2_1,F2_3,,,N2_1,L_2,M_1
360099,L1,L3,L3,L1,L1,L2,L1,L1,L2,C2_1,D2_1,F2_3,,,N2_1,L_2,M_2
360100,L1,L3,L3,L1,L1,L2,L1,L1,L2,C2_1,D2_1,F2_3,,,N2_1,L_3,M_1
360101,L1,L3,L3,L1,L1,L2,L1,L1,L2,C2_1,D2_1,F2_3,,,N2_1,L_3,M_2
360102,L1,L3,L3,L1,L1,L2,L1,L1,L2,C2_1,D2_1,F2_3,,,N2_2,L_1,M_1
360103,L1,L3,L3,L1,L1,L2,L1,L1,L2,C2_1,D2_1,F2_3,,,N2_2,L_1,M_2
360104,L1,L3,L3,L1,L1,L2,L1,L1,L2,C2_1,D2_1,F2_3,,,N2_2,L_2,M_1
360105,L1,L3,L3,L1,L1,L2,L1,L1,L2,C2_1,D2_1,F2_3,,,N2_2,L_2,M_2
360106,L1,L3,L3,L1,L1,L2,L1,L1,L2,C2_1,D2_1,F2_3,,,N2_2,L_3,M_1
360107,L1,L3,L3,L1,L1,L2,L1,L1,L2,C2_1,D2_1,F2_3,,,N2_2,L_3,M_2
360108,L1,L3,L3,L1,L1,L2,L1,L1,L2,C2_1,D2_2,F2_1,,,N2_1,L_1,M_1
360109,L1,L3,L3,L1,L1,L2,L1,L1,L2,C2_1,D2_2,F2_1,,,N2_1,L_1,M_2
360110,L1,L3,L3,L1,L1,L2,L1,L1,L2,C2_1,D2_2,F2_1,,,N2_1,L_2,M_1
360111,L1,L3,L3,L1,L1,L2,L1,L1,L2,C2_1,D2_2,F2_1,,,N2_1,L_2,M_2
360112,L1,L3,L3,L1,L1,L2,L1,L1,L2,C2_1,D2_2,F2_1,,,N2_1,L_3,M_1
360113,L1,L3,L3,L1,L1,L2,L1,L1,L2,C2_1,D2_2,F2_1,,,N2_1,L_3,M_2
360114,L1,L3,L3,L1,L1,L2,L1,L1,L2,C2_1,D2_2,F2_1,,,N2_2,L_1,M_1
360115,L1,L3,L3,L1,L1,L2,L1,L1,L2,C2_1,D2_2,F2_1,,,N2_2,L_1,M_2
360116,L1,L3,L3,L1,L1,L2,L1,L1,L2,C2_1,D2_2,F2_1,,,N2_2,L_2,M_1
360117,L1,L3,L3,L1,L1,L2,L1,L1,L2,C2_1,D2_2,F2_1,,,N2_2,L_2,M_2
360118,L1,L3,L3,L1,L1,L2,L1,L1,L2,C2_1,D2_2,F2_1,,,N2_2,L_3,M_1
360119,L1,L3,L3,L1,L1,L2,L1,L1,L2,C2_1,D2_2,F2_1,,,N2_2,L_3,M_2
360120,L1,L3,L3,L1,L1,L2,L1,L1,L2,C2_1,D2_2,F2_2,,,N2_1,L_1,M_1
360121,L1,L3,L3,L1,L1,L2,L1,L1,L2,C2_1,D2_2,F2_2,,,N2_1,L_1,M_2
360122,L1,L3,L3,L1,L1,L2,L1,L1,L2,C2_1,D2_2,F2_2,,,N2_1,L_2,M_1
360123,L1,L3,L3,L1,L1,L2,L1,L1,L2,C2_1,D2_2,F2_2,,,N2_1,L_2,M_2
360124,L1,L3,L3,L1,L1,L2,L1,L1,L2,C2_1,D2_2,F2_2,,,N2_1,L_3,M_1
360125,L1,L3,L3,L1,L1,L2,L1,L1,L2,C2_1,D2_2,F2_2,,,N2_1,L_3,M_2
360126,L1,L3,L3,L1,L1,L2,L1,L1,L2,C2_1,D2_2,F2_2,,,N2_2,L_1,M_1
360127,L1,L3,L3,L1,L1,L2,L1,L1,L2,C2_1,D2_2,F2_2,,,N2_2,L_1,M_2
360128,L1,L3,L3,L1,L1,L2,L1,L1,L2,C2_1,D2_2,F2_2,,,N2_2,L_2,M_1
360129,L1,L3,L3,L1,L1,L2,L1,L1,L2,C2_1,D2_2,F2_2,,,N2_2,L_2,M_2
360130,L1,L3,L3,L1,L1,L2,L1,L1,L2,C2_1,D2_2,F2_2,,,N2_2,L_3,M_1
360131,L1,L3,L3,L1,L1,L2,L1,L1,L2,C2_1,D2_2,F2_2,,,N2_2,L_3,M_2
360132,L1,L3,L3,L1,L1,L2,L1,L1,L2,C2_1,D2_2,F2_3,,,N2_1,L_1,M_1
360133,L1,L3,L3,L1,L1,L2,L1,L1,L2,C2_1,D2_2,F2_3,,,N2_1,L_1,M_2
360134,L1,L3,L3,L1,L1,L2,L1,L1,L2,C2_1,D2_2,F2_3,,,N2_1,L_2,M_1
360135,L1,L3,L3,L1,L1,L2,L1,L1,L2,C2_1,D2_2,F2_3,,,N2_1,L_2,M_2
360136,L1,L3,L3,L1,L1,L2,L1,L1,L2,C2_1,D2_2,F2_3,,,N2_1,L_3,M_1
360137,L1,L3,L3,L1,L1,L2,L1,L1,L2,C2_1,D2_2,F2_3,,,N2_1,L_3,M_2
360138,L1,L3,L3,L1,L1,L2,L1,L1,L2,C2_1,D2_2,F2_3,,,N2_2,L_1,M_1
360139,L1,L3,L3,L1,L1,L2,L1,L1,L2,C2_1,D2_2,F2_3,,,N2_2,L_1,M_2
360140,L1,L3,L3,L1,L1,L2,L1,L1,L2,C2_1,D2_2,F2_3,,,N2_2,L_2,M_1
360141,L1,L3,L3,L1,L1,L2,L1,L1,L2,C2_1,D2_2,F2_3,,,N2_2,L_2,M_2
360142,L1,L3,L3,L1,L1,L2,L1,L1,L2,C2_1,D2_2,F2_3,,,N2_2,L_3,M_1
360143,L1,L3,L3,L1,L1,L2,L1,L1,L2,C2_1,D2_2,F2_3,,,N2_2,L_3,M_2
360144,L1,L3,L3,L1,L1,L2,L1,L1,L2,C2_1,D2_3,F2_1,,,N2_1,L_1,M_1
360145,L1,L3,L3,L1,L1,L2,L1,L1,L2,C2_1,D2_3,F2_1,,,N2_1,L_1,M_2
360146,L1,L3,L3,L1,L1,L2,L1,L1,L2,C2_1,D2_3,F2_1,,,N2_1,L_2,M_1
360147,L1,L3,L3,L1,L1,L2,L1,L1,L2,C2_1,D2_3,F2_1,,,N2_1,L_2,M_2
360148,L1,L3,L3,L1,L1,L2,L1,L1,L2,C2_1,D2_3,F2_1,,,N2_1,L_3,M_1
360149,L1,L3,L3,L1,L1,L2,L1,L1,L2,C2_1,D2_3,F2_1,,,N2_1,L_3,M_2
360150,L1,L3,L3,L1,L1,L2,L1,L1,L2,C2_1,D2_3,F2_1,,,N2_2,L_1,M_1
360151,L1,L3,L3,L1,L1,L2,L1,L1,L2,C2_1,D2_3,F2_1,,,N2_2,L_1,M_2
360152,L1,L3,L3,L1,L1,L2,L1,L1,L2,C2_1,D2_3,F2_1,,,N2_2,L_2,M_1
360153,L1,L3,L3,L1,L1,L2,L1,L1,L2,C2_1,D2_3,F2_1,,,N2_2,L_2,M_2
360154,L1,L3,L3,L1,L1,L2,L1,L1,L2,C2_1,D2_3,F2_1,,,N2_2,L_3,M_1
360155,L1,L3,L3,L1,L1,L2,L1,L1,L2,C2_1,D2_3,F2_1,,,N2_2,L_3,M_2
360156,L1,L3,L3,L1,L1,L2,L1,L1,L2,C2_1,D2_3,F2_2,,,N2_1,L_1,M_1
360157,L1,L3,L3,L1,L1,L2,L1,L1,L2,C2_1,D2_3,F2_2,,,N2_1,L_1,M_2
360158,L1,L3,L3,L1,L1,L2,L1,L1,L2,C2_1,D2_3,F2_2,,,N2_1,L_2,M_1
360159,L1,L3,L3,L1,L1,L2,L1,L1,L2,C2_1,D2_3,F2_2,,,N2_1,L_2,M_2
360160,L1,L3,L3,L1,L1,L2,L1,L1,L2,C2_1,D2_3,F2_2,,,N2_1,L_3,M_1
360161,L1,L3,L3,L1,L1,L2,L1,L1,L2,C2_1,D2_3,F2_2,,,N2_1,L_3,M_2
360162,L1,L3,L3,L1,L1,L2,L1,L1,L2,C2_1,D2_3,F2_2,,,N2_2,L_1,M_1
360163,L1,L3,L3,L1,L1,L2,L1,L1,L2,C2_1,D2_3,F2_2,,,N2_2,L_1,M_2
360164,L1,L3,L3,L1,L1,L2,L1,L1,L2,C2_1,D2_3,F2_2,,,N2_2,L_2,M_1
360165,L1,L3,L3,L1,L1,L2,L1,L1,L2,C2_1,D2_3,F2_2,,,N2_2,L_2,M_2
360166,L1,L3,L3,L1,L1,L2,L1,L1,L2,C2_1,D2_3,F2_2,,,N2_2,L_3,M_1
360167,L1,L3,L3,L1,L1,L2,L1,L1,L2,C2_1,D2_3,F2_2,,,N2_2,L_3,M_2
360168,L1,L3,L3,L1,L1,L2,L1,L1,L2,C2_1,D2_3,F2_3,,,N2_1,L_1,M_1
360169,L1,L3,L3,L1,L1,L2,L1,L1,L2,C2_1,D2_3,F2_3,,,N2_1,L_1,M_2
360170,L1,L3,L3,L1,L1,L2,L1,L1,L2,C2_1,D2_3,F2_3,,,N2_1,L_2,M_1
360171,L1,L3,L3,L1,L1,L2,L1,L1,L2,C2_1,D2_3,F2_3,,,N2_1,L_2,M_2
360172,L1,L3,L3,L1,L1,L2,L1,L1,L2,C2_1,D2_3,F2_3,,,N2_1,L_3,M_1
360173,L1,L3,L3,L1,L1,L2,L1,L1,L2,C2_1,D2_3,F2_3,,,N2_1,L_3,M_2
360174,L1,L3,L3,L1,L1,L2,L1,L1,L2,C2_1,D2_3,F2_3,,,N2_2,L_1,M_1
360175,L1,L3,L3,L1,L1,L2,L1,L1,L2,C2_1,D2_3,F2_3,,,N2_2,L_1,M_2
360176,L1,L3,L3,L1,L1,L2,L1,L1,L2,C2_1,D2_3,F2_3,,,N2_2,L_2,M_1
360177,L1,L3,L3,L1,L1,L2,L1,L1,L2,C2_1,D2_3,F2_3,,,N2_2,L_2,M_2
360178,L1,L3,L3,L1,L1,L2,L1,L1,L2,C2_1,D2_3,F2_3,,,N2_2,L_3,M_1
360179,L1,L3,L3,L1,L1,L2,L1,L1,L2,C2_1,D2_3,F2_3,,,N2_2,L_3,M_2
360180,L1,L3,L3,L1,L1,L2,L1,L1,L2,C2_2,D2_1,F2_1,,,N2_1,L_1,M_1
360181,L1,L3,L3,L1,L1,L2,L1,L1,L2,C2_2,D2_1,F2_1,,,N2_1,L_1,M_2
360182,L1,L3,L3,L1,L1,L2,L1,L1,L2,C2_2,D2_1,F2_1,,,N2_1,L_2,M_1
360183,L1,L3,L3,L1,L1,L2,L1,L1,L2,C2_2,D2_1,F2_1,,,N2_1,L_2,M_2
360184,L1,L3,L3,L1,L1,L2,L1,L1,L2,C2_2,D2_1,F2_1,,,N2_1,L_3,M_1
360185,L1,L3,L3,L1,L1,L2,L1,L1,L2,C2_2,D2_1,F2_1,,,N2_1,L_3,M_2
360186,L1,L3,L3,L1,L1,L2,L1,L1,L2,C2_2,D2_1,F2_1,,,N2_2,L_1,M_1
360187,L1,L3,L3,L1,L1,L2,L1,L1,L2,C2_2,D2_1,F2_1,,,N2_2,L_1,M_2
360188,L1,L3,L3,L1,L1,L2,L1,L1,L2,C2_2,D2_1,F2_1,,,N2_2,L_2,M_1
360189,L1,L3,L3,L1,L1,L2,L1,L1,L2,C2_2,D2_1,F2_1,,,N2_2,L_2,M_2
360190,L1,L3,L3,L1,L1,L2,L1,L1,L2,C2_2,D2_1,F2_1,,,N2_2,L_3,M_1
360191,L1,L3,L3,L1,L1,L2,L1,L1,L2,C2_2,D2_1,F2_1,,,N2_2,L_3,M_2
360192,L1,L3,L3,L1,L1,L2,L1,L1,L2,C2_2,D2_1,F2_2,,,N2_1,L_1,M_1
360193,L1,L3,L3,L1,L1,L2,L1,L1,L2,C2_2,D2_1,F2_2,,,N2_1,L_1,M_2
360194,L1,L3,L3,L1,L1,L2,L1,L1,L2,C2_2,D2_1,F2_2,,,N2_1,L_2,M_1
360195,L1,L3,L3,L1,L1,L2,L1,L1,L2,C2_2,D2_1,F2_2,,,N2_1,L_2,M_2
360196,L1,L3,L3,L1,L1,L2,L1,L1,L2,C2_2,D2_1,F2_2,,,N2_1,L_3,M_1
360197,L1,L3,L3,L1,L1,L2,L1,L1,L2,C2_2,D2_1,F2_2,,,N2_1,L_3,M_2
360198,L1,L3,L3,L1,L1,L2,L1,L1,L2,C2_2,D2_1,F2_2,,,N2_2,L_1,M_1
360199,L1,L3,L3,L1,L1,L2,L1,L1,L2,C2_2,D2_1,F2_2,,,N2_2,L_1,M_2
360200,L1,L3,L3,L1,L1,L2,L1,L1,L2,C2_2,D2_1,F2_2,,,N2_2,L_2,M_1
360201,L1,L3,L3,L1,L1,L2,L1,L1,L2,C2_2,D2_1,F2_2,,,N2_2,L_2,M_2
360202,L1,L3,L3,L1,L1,L2,L1,L1,L2,C2_2,D2_1,F2_2,,,N2_2,L_3,M_1
360203,L1,L3,L3,L1,L1,L2,L1,L1,L2,C2_2,D2_1,F2_2,,,N2_2,L_3,M_2
360204,L1,L3,L3,L1,L1,L2,L1,L1,L2,C2_2,D2_1,F2_3,,,N2_1,L_1,M_1
360205,L1,L3,L3,L1,L1,L2,L1,L1,L2,C2_2,D2_1,F2_3,,,N2_1,L_1,M_2
360206,L1,L3,L3,L1,L1,L2,L1,L1,L2,C2_2,D2_1,F2_3,,,N2_1,L_2,M_1
360207,L1,L3,L3,L1,L1,L2,L1,L1,L2,C2_2,D2_1,F2_3,,,N2_1,L_2,M_2
360208,L1,L3,L3,L1,L1,L2,L1,L1,L2,C2_2,D2_1,F2_3,,,N2_1,L_3,M_1
360209,L1,L3,L3,L1,L1,L2,L1,L1,L2,C2_2,D2_1,F2_3,,,N2_1,L_3,M_2
360210,L1,L3,L3,L1,L1,L2,L1,L1,L2,C2_2,D2_1,F2_3,,,N2_2,L_1,M_1
360211,L1,L3,L3,L1,L1,L2,L1,L1,L2,C2_2,D2_1,F2_3,,,N2_2,L_1,M_2
360212,L1,L3,L3,L1,L1,L2,L1,L1,L2,C2_2,D2_1,F2_3,,,N2_2,L_2,M_1
360213,L1,L3,L3,L1,L1,L2,L1,L1,L2,C2_2,D2_1,F2_3,,,N2_2,L_2,M_2
360214,L1,L3,L3,L1,L1,L2,L1,L1,L2,C2_2,D2_1,F2_3,,,N2_2,L_3,M_1
360215,L1,L3,L3,L1,L1,L2,L1,L1,L2,C2_2,D2_1,F2_3,,,N2_2,L_3,M_2
360216,L1,L3,L3,L1,L1,L2,L1,L1,L2,C2_2,D2_2,F2_1,,,N2_1,L_1,M_1
360217,L1,L3,L3,L1,L1,L2,L1,L1,L2,C2_2,D2_2,F2_1,,,N2_1,L_1,M_2
360218,L1,L3,L3,L1,L1,L2,L1,L1,L2,C2_2,D2_2,F2_1,,,N2_1,L_2,M_1
360219,L1,L3,L3,L1,L1,L2,L1,L1,L2,C2_2,D2_2,F2_1,,,N2_1,L_2,M_2
360220,L1,L3,L3,L1,L1,L2,L1,L1,L2,C2_2,D2_2,F2_1,,,N2_1,L_3,M_1
360221,L1,L3,L3,L1,L1,L2,L1,L1,L2,C2_2,D2_2,F2_1,,,N2_1,L_3,M_2
360222,L1,L3,L3,L1,L1,L2,L1,L1,L2,C2_2,D2_2,F2_1,,,N2_2,L_1,M_1
360223,L1,L3,L3,L1,L1,L2,L1,L1,L2,C2_2,D2_2,F2_1,,,N2_2,L_1,M_2
360224,L1,L3,L3,L1,L1,L2,L1,L1,L2,C2_2,D2_2,F2_1,,,N2_2,L_2,M_1
360225,L1,L3,L3,L1,L1,L2,L1,L1,L2,C2_2,D2_2,F2_1,,,N2_2,L_2,M_2
360226,L1,L3,L3,L1,L1,L2,L1,L1,L2,C2_2,D2_2,F2_1,,,N2_2,L_3,M_1
360227,L1,L3,L3,L1,L1,L2,L1,L1,L2,C2_2,D2_2,F2_1,,,N2_2,L_3,M_2
360228,L1,L3,L3,L1,L1,L2,L1,L1,L2,C2_2,D2_2,F2_2,,,N2_1,L_1,M_1
360229,L1,L3,L3,L1,L1,L2,L1,L1,L2,C2_2,D2_2,F2_2,,,N2_1,L_1,M_2
360230,L1,L3,L3,L1,L1,L2,L1,L1,L2,C2_2,D2_2,F2_2,,,N2_1,L_2,M_1
360231,L1,L3,L3,L1,L1,L2,L1,L1,L2,C2_2,D2_2,F2_2,,,N2_1,L_2,M_2
360232,L1,L3,L3,L1,L1,L2,L1,L1,L2,C2_2,D2_2,F2_2,,,N2_1,L_3,M_1
360233,L1,L3,L3,L1,L1,L2,L1,L1,L2,C2_2,D2_2,F2_2,,,N2_1,L_3,M_2
360234,L1,L3,L3,L1,L1,L2,L1,L1,L2,C2_2,D2_2,F2_2,,,N2_2,L_1,M_1
360235,L1,L3,L3,L1,L1,L2,L1,L1,L2,C2_2,D2_2,F2_2,,,N2_2,L_1,M_2
360236,L1,L3,L3,L1,L1,L2,L1,L1,L2,C2_2,D2_2,F2_2,,,N2_2,L_2,M_1
360237,L1,L3,L3,L1,L1,L2,L1,L1,L2,C2_2,D2_2,F2_2,,,N2_2,L_2,M_2
360238,L1,L3,L3,L1,L1,L2,L1,L1,L2,C2_2,D2_2,F2_2,,,N2_2,L_3,M_1
360239,L1,L3,L3,L1,L1,L2,L1,L1,L2,C2_2,D2_2,F2_2,,,N2_2,L_3,M_2
360240,L1,L3,L3,L1,L1,L2,L1,L1,L2,C2_2,D2_2,F2_3,,,N2_1,L_1,M_1
360241,L1,L3,L3,L1,L1,L2,L1,L1,L2,C2_2,D2_2,F2_3,,,N2_1,L_1,M_2
360242,L1,L3,L3,L1,L1,L2,L1,L1,L2,C2_2,D2_2,F2_3,,,N2_1,L_2,M_1
360243,L1,L3,L3,L1,L1,L2,L1,L1,L2,C2_2,D2_2,F2_3,,,N2_1,L_2,M_2
360244,L1,L3,L3,L1,L1,L2,L1,L1,L2,C2_2,D2_2,F2_3,,,N2_1,L_3,M_1
360245,L1,L3,L3,L1,L1,L2,L1,L1,L2,C2_2,D2_2,F2_3,,,N2_1,L_3,M_2
360246,L1,L3,L3,L1,L1,L2,L1,L1,L2,C2_2,D2_2,F2_3,,,N2_2,L_1,M_1
360247,L1,L3,L3,L1,L1,L2,L1,L1,L2,C2_2,D2_2,F2_3,,,N2_2,L_1,M_2
360248,L1,L3,L3,L1,L1,L2,L1,L1,L2,C2_2,D2_2,F2_3,,,N2_2,L_2,M_1
360249,L1,L3,L3,L1,L1,L2,L1,L1,L2,C2_2,D2_2,F2_3,,,N2_2,L_2,M_2
360250,L1,L3,L3,L1,L1,L2,L1,L1,L2,C2_2,D2_2,F2_3,,,N2_2,L_3,M_1
360251,L1,L3,L3,L1,L1,L2,L1,L1,L2,C2_2,D2_2,F2_3,,,N2_2,L_3,M_2
360252,L1,L3,L3,L1,L1,L2,L1,L1,L2,C2_2,D2_3,F2_1,,,N2_1,L_1,M_1
360253,L1,L3,L3,L1,L1,L2,L1,L1,L2,C2_2,D2_3,F2_1,,,N2_1,L_1,M_2
360254,L1,L3,L3,L1,L1,L2,L1,L1,L2,C2_2,D2_3,F2_1,,,N2_1,L_2,M_1
360255,L1,L3,L3,L1,L1,L2,L1,L1,L2,C2_2,D2_3,F2_1,,,N2_1,L_2,M_2
360256,L1,L3,L3,L1,L1,L2,L1,L1,L2,C2_2,D2_3,F2_1,,,N2_1,L_3,M_1
360257,L1,L3,L3,L1,L1,L2,L1,L1,L2,C2_2,D2_3,F2_1,,,N2_1,L_3,M_2
360258,L1,L3,L3,L1,L1,L2,L1,L1,L2,C2_2,D2_3,F2_1,,,N2_2,L_1,M_1
360259,L1,L3,L3,L1,L1,L2,L1,L1,L2,C2_2,D2_3,F2_1,,,N2_2,L_1,M_2
360260,L1,L3,L3,L1,L1,L2,L1,L1,L2,C2_2,D2_3,F2_1,,,N2_2,L_2,M_1
360261,L1,L3,L3,L1,L1,L2,L1,L1,L2,C2_2,D2_3,F2_1,,,N2_2,L_2,M_2
360262,L1,L3,L3,L1,L1,L2,L1,L1,L2,C2_2,D2_3,F2_1,,,N2_2,L_3,M_1
360263,L1,L3,L3,L1,L1,L2,L1,L1,L2,C2_2,D2_3,F2_1,,,N2_2,L_3,M_2
360264,L1,L3,L3,L1,L1,L2,L1,L1,L2,C2_2,D2_3,F2_2,,,N2_1,L_1,M_1
360265,L1,L3,L3,L1,L1,L2,L1,L1,L2,C2_2,D2_3,F2_2,,,N2_1,L_1,M_2
360266,L1,L3,L3,L1,L1,L2,L1,L1,L2,C2_2,D2_3,F2_2,,,N2_1,L_2,M_1
360267,L1,L3,L3,L1,L1,L2,L1,L1,L2,C2_2,D2_3,F2_2,,,N2_1,L_2,M_2
360268,L1,L3,L3,L1,L1,L2,L1,L1,L2,C2_2,D2_3,F2_2,,,N2_1,L_3,M_1
360269,L1,L3,L3,L1,L1,L2,L1,L1,L2,C2_2,D2_3,F2_2,,,N2_1,L_3,M_2
360270,L1,L3,L3,L1,L1,L2,L1,L1,L2,C2_2,D2_3,F2_2,,,N2_2,L_1,M_1
360271,L1,L3,L3,L1,L1,L2,L1,L1,L2,C2_2,D2_3,F2_2,,,N2_2,L_1,M_2
360272,L1,L3,L3,L1,L1,L2,L1,L1,L2,C2_2,D2_3,F2_2,,,N2_2,L_2,M_1
360273,L1,L3,L3,L1,L1,L2,L1,L1,L2,C2_2,D2_3,F2_2,,,N2_2,L_2,M_2
360274,L1,L3,L3,L1,L1,L2,L1,L1,L2,C2_2,D2_3,F2_2,,,N2_2,L_3,M_1
360275,L1,L3,L3,L1,L1,L2,L1,L1,L2,C2_2,D2_3,F2_2,,,N2_2,L_3,M_2
360276,L1,L3,L3,L1,L1,L2,L1,L1,L2,C2_2,D2_3,F2_3,,,N2_1,L_1,M_1
360277,L1,L3,L3,L1,L1,L2,L1,L1,L2,C2_2,D2_3,F2_3,,,N2_1,L_1,M_2
360278,L1,L3,L3,L1,L1,L2,L1,L1,L2,C2_2,D2_3,F2_3,,,N2_1,L_2,M_1
360279,L1,L3,L3,L1,L1,L2,L1,L1,L2,C2_2,D2_3,F2_3,,,N2_1,L_2,M_2
360280,L1,L3,L3,L1,L1,L2,L1,L1,L2,C2_2,D2_3,F2_3,,,N2_1,L_3,M_1
360281,L1,L3,L3,L1,L1,L2,L1,L1,L2,C2_2,D2_3,F2_3,,,N2_1,L_3,M_2
360282,L1,L3,L3,L1,L1,L2,L1,L1,L2,C2_2,D2_3,F2_3,,,N2_2,L_1,M_1
360283,L1,L3,L3,L1,L1,L2,L1,L1,L2,C2_2,D2_3,F2_3,,,N2_2,L_1,M_2
360284,L1,L3,L3,L1,L1,L2,L1,L1,L2,C2_2,D2_3,F2_3,,,N2_2,L_2,M_1
360285,L1,L3,L3,L1,L1,L2,L1,L1,L2,C2_2,D2_3,F2_3,,,N2_2,L_2,M_2
360286,L1,L3,L3,L1,L1,L2,L1,L1,L2,C2_2,D2_3,F2_3,,,N2_2,L_3,M_1
360287,L1,L3,L3,L1,L1,L2,L1,L1,L2,C2_2,D2_3,F2_3,,,N2_2,L_3,M_2
360288,L1,L3,L3,L1,L1,L2,L1,L1,L2,C2_3,D2_1,F2_1,,,N2_1,L_1,M_1
360289,L1,L3,L3,L1,L1,L2,L1,L1,L2,C2_3,D2_1,F2_1,,,N2_1,L_1,M_2
360290,L1,L3,L3,L1,L1,L2,L1,L1,L2,C2_3,D2_1,F2_1,,,N2_1,L_2,M_1
360291,L1,L3,L3,L1,L1,L2,L1,L1,L2,C2_3,D2_1,F2_1,,,N2_1,L_2,M_2
360292,L1,L3,L3,L1,L1,L2,L1,L1,L2,C2_3,D2_1,F2_1,,,N2_1,L_3,M_1
360293,L1,L3,L3,L1,L1,L2,L1,L1,L2,C2_3,D2_1,F2_1,,,N2_1,L_3,M_2
360294,L1,L3,L3,L1,L1,L2,L1,L1,L2,C2_3,D2_1,F2_1,,,N2_2,L_1,M_1
360295,L1,L3,L3,L1,L1,L2,L1,L1,L2,C2_3,D2_1,F2_1,,,N2_2,L_1,M_2
360296,L1,L3,L3,L1,L1,L2,L1,L1,L2,C2_3,D2_1,F2_1,,,N2_2,L_2,M_1
360297,L1,L3,L3,L1,L1,L2,L1,L1,L2,C2_3,D2_1,F2_1,,,N2_2,L_2,M_2
360298,L1,L3,L3,L1,L1,L2,L1,L1,L2,C2_3,D2_1,F2_1,,,N2_2,L_3,M_1
360299,L1,L3,L3,L1,L1,L2,L1,L1,L2,C2_3,D2_1,F2_1,,,N2_2,L_3,M_2
360300,L1,L3,L3,L1,L1,L2,L1,L1,L2,C2_3,D2_1,F2_2,,,N2_1,L_1,M_1
360301,L1,L3,L3,L1,L1,L2,L1,L1,L2,C2_3,D2_1,F2_2,,,N2_1,L_1,M_2
360302,L1,L3,L3,L1,L1,L2,L1,L1,L2,C2_3,D2_1,F2_2,,,N2_1,L_2,M_1
360303,L1,L3,L3,L1,L1,L2,L1,L1,L2,C2_3,D2_1,F2_2,,,N2_1,L_2,M_2
360304,L1,L3,L3,L1,L1,L2,L1,L1,L2,C2_3,D2_1,F2_2,,,N2_1,L_3,M_1
360305,L1,L3,L3,L1,L1,L2,L1,L1,L2,C2_3,D2_1,F2_2,,,N2_1,L_3,M_2
360306,L1,L3,L3,L1,L1,L2,L1,L1,L2,C2_3,D2_1,F2_2,,,N2_2,L_1,M_1
360307,L1,L3,L3,L1,L1,L2,L1,L1,L2,C2_3,D2_1,F2_2,,,N2_2,L_1,M_2
360308,L1,L3,L3,L1,L1,L2,L1,L1,L2,C2_3,D2_1,F2_2,,,N2_2,L_2,M_1
360309,L1,L3,L3,L1,L1,L2,L1,L1,L2,C2_3,D2_1,F2_2,,,N2_2,L_2,M_2
360310,L1,L3,L3,L1,L1,L2,L1,L1,L2,C2_3,D2_1,F2_2,,,N2_2,L_3,M_1
360311,L1,L3,L3,L1,L1,L2,L1,L1,L2,C2_3,D2_1,F2_2,,,N2_2,L_3,M_2
360312,L1,L3,L3,L1,L1,L2,L1,L1,L2,C2_3,D2_1,F2_3,,,N2_1,L_1,M_1
360313,L1,L3,L3,L1,L1,L2,L1,L1,L2,C2_3,D2_1,F2_3,,,N2_1,L_1,M_2
360314,L1,L3,L3,L1,L1,L2,L1,L1,L2,C2_3,D2_1,F2_3,,,N2_1,L_2,M_1
360315,L1,L3,L3,L1,L1,L2,L1,L1,L2,C2_3,D2_1,F2_3,,,N2_1,L_2,M_2
360316,L1,L3,L3,L1,L1,L2,L1,L1,L2,C2_3,D2_1,F2_3,,,N2_1,L_3,M_1
360317,L1,L3,L3,L1,L1,L2,L1,L1,L2,C2_3,D2_1,F2_3,,,N2_1,L_3,M_2
360318,L1,L3,L3,L1,L1,L2,L1,L1,L2,C2_3,D2_1,F2_3,,,N2_2,L_1,M_1
360319,L1,L3,L3,L1,L1,L2,L1,L1,L2,C2_3,D2_1,F2_3,,,N2_2,L_1,M_2
360320,L1,L3,L3,L1,L1,L2,L1,L1,L2,C2_3,D2_1,F2_3,,,N2_2,L_2,M_1
360321,L1,L3,L3,L1,L1,L2,L1,L1,L2,C2_3,D2_1,F2_3,,,N2_2,L_2,M_2
360322,L1,L3,L3,L1,L1,L2,L1,L1,L2,C2_3,D2_1,F2_3,,,N2_2,L_3,M_1
360323,L1,L3,L3,L1,L1,L2,L1,L1,L2,C2_3,D2_1,F2_3,,,N2_2,L_3,M_2
360324,L1,L3,L3,L1,L1,L2,L1,L1,L2,C2_3,D2_2,F2_1,,,N2_1,L_1,M_1
360325,L1,L3,L3,L1,L1,L2,L1,L1,L2,C2_3,D2_2,F2_1,,,N2_1,L_1,M_2
360326,L1,L3,L3,L1,L1,L2,L1,L1,L2,C2_3,D2_2,F2_1,,,N2_1,L_2,M_1
360327,L1,L3,L3,L1,L1,L2,L1,L1,L2,C2_3,D2_2,F2_1,,,N2_1,L_2,M_2
360328,L1,L3,L3,L1,L1,L2,L1,L1,L2,C2_3,D2_2,F2_1,,,N2_1,L_3,M_1
360329,L1,L3,L3,L1,L1,L2,L1,L1,L2,C2_3,D2_2,F2_1,,,N2_1,L_3,M_2
360330,L1,L3,L3,L1,L1,L2,L1,L1,L2,C2_3,D2_2,F2_1,,,N2_2,L_1,M_1
360331,L1,L3,L3,L1,L1,L2,L1,L1,L2,C2_3,D2_2,F2_1,,,N2_2,L_1,M_2
360332,L1,L3,L3,L1,L1,L2,L1,L1,L2,C2_3,D2_2,F2_1,,,N2_2,L_2,M_1
360333,L1,L3,L3,L1,L1,L2,L1,L1,L2,C2_3,D2_2,F2_1,,,N2_2,L_2,M_2
360334,L1,L3,L3,L1,L1,L2,L1,L1,L2,C2_3,D2_2,F2_1,,,N2_2,L_3,M_1
360335,L1,L3,L3,L1,L1,L2,L1,L1,L2,C2_3,D2_2,F2_1,,,N2_2,L_3,M_2
360336,L1,L3,L3,L1,L1,L2,L1,L1,L2,C2_3,D2_2,F2_2,,,N2_1,L_1,M_1
360337,L1,L3,L3,L1,L1,L2,L1,L1,L2,C2_3,D2_2,F2_2,,,N2_1,L_1,M_2
360338,L1,L3,L3,L1,L1,L2,L1,L1,L2,C2_3,D2_2,F2_2,,,N2_1,L_2,M_1
360339,L1,L3,L3,L1,L1,L2,L1,L1,L2,C2_3,D2_2,F2_2,,,N2_1,L_2,M_2
360340,L1,L3,L3,L1,L1,L2,L1,L1,L2,C2_3,D2_2,F2_2,,,N2_1,L_3,M_1
360341,L1,L3,L3,L1,L1,L2,L1,L1,L2,C2_3,D2_2,F2_2,,,N2_1,L_3,M_2
360342,L1,L3,L3,L1,L1,L2,L1,L1,L2,C2_3,D2_2,F2_2,,,N2_2,L_1,M_1
360343,L1,L3,L3,L1,L1,L2,L1,L1,L2,C2_3,D2_2,F2_2,,,N2_2,L_1,M_2
360344,L1,L3,L3,L1,L1,L2,L1,L1,L2,C2_3,D2_2,F2_2,,,N2_2,L_2,M_1
360345,L1,L3,L3,L1,L1,L2,L1,L1,L2,C2_3,D2_2,F2_2,,,N2_2,L_2,M_2
360346,L1,L3,L3,L1,L1,L2,L1,L1,L2,C2_3,D2_2,F2_2,,,N2_2,L_3,M_1
360347,L1,L3,L3,L1,L1,L2,L1,L1,L2,C2_3,D2_2,F2_2,,,N2_2,L_3,M_2
360348,L1,L3,L3,L1,L1,L2,L1,L1,L2,C2_3,D2_2,F2_3,,,N2_1,L_1,M_1
360349,L1,L3,L3,L1,L1,L2,L1,L1,L2,C2_3,D2_2,F2_3,,,N2_1,L_1,M_2
360350,L1,L3,L3,L1,L1,L2,L1,L1,L2,C2_3,D2_2,F2_3,,,N2_1,L_2,M_1
360351,L1,L3,L3,L1,L1,L2,L1,L1,L2,C2_3,D2_2,F2_3,,,N2_1,L_2,M_2
360352,L1,L3,L3,L1,L1,L2,L1,L1,L2,C2_3,D2_2,F2_3,,,N2_1,L_3,M_1
360353,L1,L3,L3,L1,L1,L2,L1,L1,L2,C2_3,D2_2,F2_3,,,N2_1,L_3,M_2
360354,L1,L3,L3,L1,L1,L2,L1,L1,L2,C2_3,D2_2,F2_3,,,N2_2,L_1,M_1
360355,L1,L3,L3,L1,L1,L2,L1,L1,L2,C2_3,D2_2,F2_3,,,N2_2,L_1,M_2
360356,L1,L3,L3,L1,L1,L2,L1,L1,L2,C2_3,D2_2,F2_3,,,N2_2,L_2,M_1
360357,L1,L3,L3,L1,L1,L2,L1,L1,L2,C2_3,D2_2,F2_3,,,N2_2,L_2,M_2
360358,L1,L3,L3,L1,L1,L2,L1,L1,L2,C2_3,D2_2,F2_3,,,N2_2,L_3,M_1
360359,L1,L3,L3,L1,L1,L2,L1,L1,L2,C2_3,D2_2,F2_3,,,N2_2,L_3,M_2
360360,L1,L3,L3,L1,L1,L2,L1,L1,L2,C2_3,D2_3,F2_1,,,N2_1,L_1,M_1
360361,L1,L3,L3,L1,L1,L2,L1,L1,L2,C2_3,D2_3,F2_1,,,N2_1,L_1,M_2
360362,L1,L3,L3,L1,L1,L2,L1,L1,L2,C2_3,D2_3,F2_1,,,N2_1,L_2,M_1
360363,L1,L3,L3,L1,L1,L2,L1,L1,L2,C2_3,D2_3,F2_1,,,N2_1,L_2,M_2
360364,L1,L3,L3,L1,L1,L2,L1,L1,L2,C2_3,D2_3,F2_1,,,N2_1,L_3,M_1
360365,L1,L3,L3,L1,L1,L2,L1,L1,L2,C2_3,D2_3,F2_1,,,N2_1,L_3,M_2
360366,L1,L3,L3,L1,L1,L2,L1,L1,L2,C2_3,D2_3,F2_1,,,N2_2,L_1,M_1
360367,L1,L3,L3,L1,L1,L2,L1,L1,L2,C2_3,D2_3,F2_1,,,N2_2,L_1,M_2
360368,L1,L3,L3,L1,L1,L2,L1,L1,L2,C2_3,D2_3,F2_1,,,N2_2,L_2,M_1
360369,L1,L3,L3,L1,L1,L2,L1,L1,L2,C2_3,D2_3,F2_1,,,N2_2,L_2,M_2
360370,L1,L3,L3,L1,L1,L2,L1,L1,L2,C2_3,D2_3,F2_1,,,N2_2,L_3,M_1
360371,L1,L3,L3,L1,L1,L2,L1,L1,L2,C2_3,D2_3,F2_1,,,N2_2,L_3,M_2
360372,L1,L3,L3,L1,L1,L2,L1,L1,L2,C2_3,D2_3,F2_2,,,N2_1,L_1,M_1
360373,L1,L3,L3,L1,L1,L2,L1,L1,L2,C2_3,D2_3,F2_2,,,N2_1,L_1,M_2
360374,L1,L3,L3,L1,L1,L2,L1,L1,L2,C2_3,D2_3,F2_2,,,N2_1,L_2,M_1
360375,L1,L3,L3,L1,L1,L2,L1,L1,L2,C2_3,D2_3,F2_2,,,N2_1,L_2,M_2
360376,L1,L3,L3,L1,L1,L2,L1,L1,L2,C2_3,D2_3,F2_2,,,N2_1,L_3,M_1
360377,L1,L3,L3,L1,L1,L2,L1,L1,L2,C2_3,D2_3,F2_2,,,N2_1,L_3,M_2
360378,L1,L3,L3,L1,L1,L2,L1,L1,L2,C2_3,D2_3,F2_2,,,N2_2,L_1,M_1
360379,L1,L3,L3,L1,L1,L2,L1,L1,L2,C2_3,D2_3,F2_2,,,N2_2,L_1,M_2
360380,L1,L3,L3,L1,L1,L2,L1,L1,L2,C2_3,D2_3,F2_2,,,N2_2,L_2,M_1
360381,L1,L3,L3,L1,L1,L2,L1,L1,L2,C2_3,D2_3,F2_2,,,N2_2,L_2,M_2
360382,L1,L3,L3,L1,L1,L2,L1,L1,L2,C2_3,D2_3,F2_2,,,N2_2,L_3,M_1
360383,L1,L3,L3,L1,L1,L2,L1,L1,L2,C2_3,D2_3,F2_2,,,N2_2,L_3,M_2
360384,L1,L3,L3,L1,L1,L2,L1,L1,L2,C2_3,D2_3,F2_3,,,N2_1,L_1,M_1
360385,L1,L3,L3,L1,L1,L2,L1,L1,L2,C2_3,D2_3,F2_3,,,N2_1,L_1,M_2
360386,L1,L3,L3,L1,L1,L2,L1,L1,L2,C2_3,D2_3,F2_3,,,N2_1,L_2,M_1
360387,L1,L3,L3,L1,L1,L2,L1,L1,L2,C2_3,D2_3,F2_3,,,N2_1,L_2,M_2
360388,L1,L3,L3,L1,L1,L2,L1,L1,L2,C2_3,D2_3,F2_3,,,N2_1,L_3,M_1
360389,L1,L3,L3,L1,L1,L2,L1,L1,L2,C2_3,D2_3,F2_3,,,N2_1,L_3,M_2
360390,L1,L3,L3,L1,L1,L2,L1,L1,L2,C2_3,D2_3,F2_3,,,N2_2,L_1,M_1
360391,L1,L3,L3,L1,L1,L2,L1,L1,L2,C2_3,D2_3,F2_3,,,N2_2,L_1,M_2
360392,L1,L3,L3,L1,L1,L2,L1,L1,L2,C2_3,D2_3,F2_3,,,N2_2,L_2,M_1
360393,L1,L3,L3,L1,L1,L2,L1,L1,L2,C2_3,D2_3,F2_3,,,N2_2,L_2,M_2
360394,L1,L3,L3,L1,L1,L2,L1,L1,L2,C2_3,D2_3,F2_3,,,N2_2,L_3,M_1
360395,L1,L3,L3,L1,L1,L2,L1,L1,L2,C2_3,D2_3,F2_3,,,N2_2,L_3,M_2
368793,L2,L3,L1,L2,L3,L2,L1,L1,L2,C2_1,D2_1,F2_1,,,N2_1,L_1,M_1
368794,L2,L3,L1,L2,L3,L2,L1,L1,L2,C2_1,D2_1,F2_1,,,N2_1,L_1,M_2
368795,L2,L3,L1,L2,L3,L2,L1,L1,L2,C2_1,D2_1,F2_1,,,N2_1,L_2,M_1
368796,L2,L3,L1,L2,L3,L2,L1,L1,L2,C2_1,D2_1,F2_1,,,N2_1,L_2,M_2
368797,L2,L3,L1,L2,L3,L2,L1,L1,L2,C2_1,D2_1,F2_1,,,N2_1,L_3,M_1
368798,L2,L3,L1,L2,L3,L2,L1,L1,L2,C2_1,D2_1,F2_1,,,N2_1,L_3,M_2
368799,L2,L3,L1,L2,L3,L2,L1,L1,L2,C2_1,D2_1,F2_1,,,N2_2,L_1,M_1
368800,L2,L3,L1,L2,L3,L2,L1,L1,L2,C2_1,D2_1,F2_1,,,N2_2,L_1,M_2
368801,L2,L3,L1,L2,L3,L2,L1,L1,L2,C2_1,D2_1,F2_1,,,N2_2,L_2,M_1
368802,L2,L3,L1,L2,L3,L2,L1,L1,L2,C2_1,D2_1,F2_1,,,N2_2,L_2,M_2
368803,L2,L3,L1,L2,L3,L2,L1,L1,L2,C2_1,D2_1,F2_1,,,N2_2,L_3,M_1
368804,L2,L3,L1,L2,L3,L2,L1,L1,L2,C2_1,D2_1,F2_1,,,N2_2,L_3,M_2
368805,L2,L3,L1,L2,L3,L2,L1,L1,L2,C2_1,D2_1,F2_2,,,N2_1,L_1,M_1
368806,L2,L3,L1,L2,L3,L2,L1,L1,L2,C2_1,D2_1,F2_2,,,N2_1,L_1,M_2
368807,L2,L3,L1,L2,L3,L2,L1,L1,L2,C2_1,D2_1,F2_2,,,N2_1,L_2,M_1
368808,L2,L3,L1,L2,L3,L2,L1,L1,L2,C2_1,D2_1,F2_2,,,N2_1,L_2,M_2
368809,L2,L3,L1,L2,L3,L2,L1,L1,L2,C2_1,D2_1,F2_2,,,N2_1,L_3,M_1
368810,L2,L3,L1,L2,L3,L2,L1,L1,L2,C2_1,D2_1,F2_2,,,N2_1,L_3,M_2
368811,L2,L3,L1,L2,L3,L2,L1,L1,L2,C2_1,D2_1,F2_2,,,N2_2,L_1,M_1
368812,L2,L3,L1,L2,L3,L2,L1,L1,L2,C2_1,D2_1,F2_2,,,N2_2,L_1,M_2
368813,L2,L3,L1,L2,L3,L2,L1,L1,L2,C2_1,D2_1,F2_2,,,N2_2,L_2,M_1
368814,L2,L3,L1,L2,L3,L2,L1,L1,L2,C2_1,D2_1,F2_2,,,N2_2,L_2,M_2
368815,L2,L3,L1,L2,L3,L2,L1,L1,L2,C2_1,D2_1,F2_2,,,N2_2,L_3,M_1
368816,L2,L3,L1,L2,L3,L2,L1,L1,L2,C2_1,D2_1,F2_2,,,N2_2,L_3,M_2
368817,L2,L3,L1,L2,L3,L2,L1,L1,L2,C2_1,D2_1,F2_3,,,N2_1,L_1,M_1
368818,L2,L3,L1,L2,L3,L2,L1,L1,L2,C2_1,D2_1,F2_3,,,N2_1,L_1,M_2
368819,L2,L3,L1,L2,L3,L2,L1,L1,L2,C2_1,D2_1,F2_3,,,N2_1,L_2,M_1
368820,L2,L3,L1,L2,L3,L2,L1,L1,L2,C2_1,D2_1,F2_3,,,N2_1,L_2,M_2
368821,L2,L3,L1,L2,L3,L2,L1,L1,L2,C2_1,D2_1,F2_3,,,N2_1,L_3,M_1
368822,L2,L3,L1,L2,L3,L2,L1,L1,L2,C2_1,D2_1,F2_3,,,N2_1,L_3,M_2
368823,L2,L3,L1,L2,L3,L2,L1,L1,L2,C2_1,D2_1,F2_3,,,N2_2,L_1,M_1
368824,L2,L3,L1,L2,L3,L2,L1,L1,L2,C2_1,D2_1,F2_3,,,N2_2,L_1,M_2
368825,L2,L3,L1,L2,L3,L2,L1,L1,L2,C2_1,D2_1,F2_3,,,N2_2,L_2,M_1
368826,L2,L3,L1,L2,L3,L2,L1,L1,L2,C2_1,D2_1,F2_3,,,N2_2,L_2,M_2
368827,L2,L3,L1,L2,L3,L2,L1,L1,L2,C2_1,D2_1,F2_3,,,N2_2,L_3,M_1
368828,L2,L3,L1,L2,L3,L2,L1,L1,L2,C2_1,D2_1,F2_3,,,N2_2,L_3,M_2
368829,L2,L3,L1,L2,L3,L2,L1,L1,L2,C2_1,D2_2,F2_1,,,N2_1,L_1,M_1
368830,L2,L3,L1,L2,L3,L2,L1,L1,L2,C2_1,D2_2,F2_1,,,N2_1,L_1,M_2
368831,L2,L3,L1,L2,L3,L2,L1,L1,L2,C2_1,D2_2,F2_1,,,N2_1,L_2,M_1
368832,L2,L3,L1,L2,L3,L2,L1,L1,L2,C2_1,D2_2,F2_1,,,N2_1,L_2,M_2
368833,L2,L3,L1,L2,L3,L2,L1,L1,L2,C2_1,D2_2,F2_1,,,N2_1,L_3,M_1
368834,L2,L3,L1,L2,L3,L2,L1,L1,L2,C2_1,D2_2,F2_1,,,N2_1,L_3,M_2
368835,L2,L3,L1,L2,L3,L2,L1,L1,L2,C2_1,D2_2,F2_1,,,N2_2,L_1,M_1
368836,L2,L3,L1,L2,L3,L2,L1,L1,L2,C2_1,D2_2,F2_1,,,N2_2,L_1,M_2
368837,L2,L3,L1,L2,L3,L2,L1,L1,L2,C2_1,D2_2,F2_1,,,N2_2,L_2,M_1
368838,L2,L3,L1,L2,L3,L2,L1,L1,L2,C2_1,D2_2,F2_1,,,N2_2,L_2,M_2
368839,L2,L3,L1,L2,L3,L2,L1,L1,L2,C2_1,D2_2,F2_1,,,N2_2,L_3,M_1
368840,L2,L3,L1,L2,L3,L2,L1,L1,L2,C2_1,D2_2,F2_1,,,N2_2,L_3,M_2
368841,L2,L3,L1,L2,L3,L2,L1,L1,L2,C2_1,D2_2,F2_2,,,N2_1,L_1,M_1
368842,L2,L3,L1,L2,L3,L2,L1,L1,L2,C2_1,D2_2,F2_2,,,N2_1,L_1,M_2
368843,L2,L3,L1,L2,L3,L2,L1,L1,L2,C2_1,D2_2,F2_2,,,N2_1,L_2,M_1
368844,L2,L3,L1,L2,L3,L2,L1,L1,L2,C2_1,D2_2,F2_2,,,N2_1,L_2,M_2
368845,L2,L3,L1,L2,L3,L2,L1,L1,L2,C2_1,D2_2,F2_2,,,N2_1,L_3,M_1
368846,L2,L3,L1,L2,L3,L2,L1,L1,L2,C2_1,D2_2,F2_2,,,N2_1,L_3,M_2
368847,L2,L3,L1,L2,L3,L2,L1,L1,L2,C2_1,D2_2,F2_2,,,N2_2,L_1,M_1
368848,L2,L3,L1,L2,L3,L2,L1,L1,L2,C2_1,D2_2,F2_2,,,N2_2,L_1,M_2
368849,L2,L3,L1,L2,L3,L2,L1,L1,L2,C2_1,D2_2,F2_2,,,N2_2,L_2,M_1
368850,L2,L3,L1,L2,L3,L2,L1,L1,L2,C2_1,D2_2,F2_2,,,N2_2,L_2,M_2
368851,L2,L3,L1,L2,L3,L2,L1,L1,L2,C2_1,D2_2,F2_2,,,N2_2,L_3,M_1
368852,L2,L3,L1,L2,L3,L2,L1,L1,L2,C2_1,D2_2,F2_2,,,N2_2,L_3,M_2
368853,L2,L3,L1,L2,L3,L2,L1,L1,L2,C2_1,D2_2,F2_3,,,N2_1,L_1,M_1
368854,L2,L3,L1,L2,L3,L2,L1,L1,L2,C2_1,D2_2,F2_3,,,N2_1,L_1,M_2
368855,L2,L3,L1,L2,L3,L2,L1,L1,L2,C2_1,D2_2,F2_3,,,N2_1,L_2,M_1
368856,L2,L3,L1,L2,L3,L2,L1,L1,L2,C2_1,D2_2,F2_3,,,N2_1,L_2,M_2
368857,L2,L3,L1,L2,L3,L2,L1,L1,L2,C2_1,D2_2,F2_3,,,N2_1,L_3,M_1
368858,L2,L3,L1,L2,L3,L2,L1,L1,L2,C2_1,D2_2,F2_3,,,N2_1,L_3,M_2
368859,L2,L3,L1,L2,L3,L2,L1,L1,L2,C2_1,D2_2,F2_3,,,N2_2,L_1,M_1
368860,L2,L3,L1,L2,L3,L2,L1,L1,L2,C2_1,D2_2,F2_3,,,N2_2,L_1,M_2
368861,L2,L3,L1,L2,L3,L2,L1,L1,L2,C2_1,D2_2,F2_3,,,N2_2,L_2,M_1
368862,L2,L3,L1,L2,L3,L2,L1,L1,L2,C2_1,D2_2,F2_3,,,N2_2,L_2,M_2
368863,L2,L3,L1,L2,L3,L2,L1,L1,L2,C2_1,D2_2,F2_3,,,N2_2,L_3,M_1
368864,L2,L3,L1,L2,L3,L2,L1,L1,L2,C2_1,D2_2,F2_3,,,N2_2,L_3,M_2
368865,L2,L3,L1,L2,L3,L2,L1,L1,L2,C2_1,D2_3,F2_1,,,N2_1,L_1,M_1
368866,L2,L3,L1,L2,L3,L2,L1,L1,L2,C2_1,D2_3,F2_1,,,N2_1,L_1,M_2
368867,L2,L3,L1,L2,L3,L2,L1,L1,L2,C2_1,D2_3,F2_1,,,N2_1,L_2,M_1
368868,L2,L3,L1,L2,L3,L2,L1,L1,L2,C2_1,D2_3,F2_1,,,N2_1,L_2,M_2
368869,L2,L3,L1,L2,L3,L2,L1,L1,L2,C2_1,D2_3,F2_1,,,N2_1,L_3,M_1
368870,L2,L3,L1,L2,L3,L2,L1,L1,L2,C2_1,D2_3,F2_1,,,N2_1,L_3,M_2
368871,L2,L3,L1,L2,L3,L2,L1,L1,L2,C2_1,D2_3,F2_1,,,N2_2,L_1,M_1
368872,L2,L3,L1,L2,L3,L2,L1,L1,L2,C2_1,D2_3,F2_1,,,N2_2,L_1,M_2
368873,L2,L3,L1,L2,L3,L2,L1,L1,L2,C2_1,D2_3,F2_1,,,N2_2,L_2,M_1
368874,L2,L3,L1,L2,L3,L2,L1,L1,L2,C2_1,D2_3,F2_1,,,N2_2,L_2,M_2
368875,L2,L3,L1,L2,L3,L2,L1,L1,L2,C2_1,D2_3,F2_1,,,N2_2,L_3,M_1
368876,L2,L3,L1,L2,L3,L2,L1,L1,L2,C2_1,D2_3,F2_1,,,N2_2,L_3,M_2
368877,L2,L3,L1,L2,L3,L2,L1,L1,L2,C2_1,D2_3,F2_2,,,N2_1,L_1,M_1
368878,L2,L3,L1,L2,L3,L2,L1,L1,L2,C2_1,D2_3,F2_2,,,N2_1,L_1,M_2
368879,L2,L3,L1,L2,L3,L2,L1,L1,L2,C2_1,D2_3,F2_2,,,N2_1,L_2,M_1
368880,L2,L3,L1,L2,L3,L2,L1,L1,L2,C2_1,D2_3,F2_2,,,N2_1,L_2,M_2
368881,L2,L3,L1,L2,L3,L2,L1,L1,L2,C2_1,D2_3,F2_2,,,N2_1,L_3,M_1
368882,L2,L3,L1,L2,L3,L2,L1,L1,L2,C2_1,D2_3,F2_2,,,N2_1,L_3,M_2
368883,L2,L3,L1,L2,L3,L2,L1,L1,L2,C2_1,D2_3,F2_2,,,N2_2,L_1,M_1
368884,L2,L3,L1,L2,L3,L2,L1,L1,L2,C2_1,D2_3,F2_2,,,N2_2,L_1,M_2
368885,L2,L3,L1,L2,L3,L2,L1,L1,L2,C2_1,D2_3,F2_2,,,N2_2,L_2,M_1
368886,L2,L3,L1,L2,L3,L2,L1,L1,L2,C2_1,D2_3,F2_2,,,N2_2,L_2,M_2
368887,L2,L3,L1,L2,L3,L2,L1,L1,L2,C2_1,D2_3,F2_2,,,N2_2,L_3,M_1
368888,L2,L3,L1,L2,L3,L2,L1,L1,L2,C2_1,D2_3,F2_2,,,N2_2,L_3,M_2
368889,L2,L3,L1,L2,L3,L2,L1,L1,L2,C2_1,D2_3,F2_3,,,N2_1,L_1,M_1
368890,L2,L3,L1,L2,L3,L2,L1,L1,L2,C2_1,D2_3,F2_3,,,N2_1,L_1,M_2
368891,L2,L3,L1,L2,L3,L2,L1,L1,L2,C2_1,D2_3,F2_3,,,N2_1,L_2,M_1
368892,L2,L3,L1,L2,L3,L2,L1,L1,L2,C2_1,D2_3,F2_3,,,N2_1,L_2,M_2
368893,L2,L3,L1,L2,L3,L2,L1,L1,L2,C2_1,D2_3,F2_3,,,N2_1,L_3,M_1
368894,L2,L3,L1,L2,L3,L2,L1,L1,L2,C2_1,D2_3,F2_3,,,N2_1,L_3,M_2
368895,L2,L3,L1,L2,L3,L2,L1,L1,L2,C2_1,D2_3,F2_3,,,N2_2,L_1,M_1
368896,L2,L3,L1,L2,L3,L2,L1,L1,L2,C2_1,D2_3,F2_3,,,N2_2,L_1,M_2
368897,L2,L3,L1,L2,L3,L2,L1,L1,L2,C2_1,D2_3,F2_3,,,N2_2,L_2,M_1
368898,L2,L3,L1,L2,L3,L2,L1,L1,L2,C2_1,D2_3,F2_3,,,N2_2,L_2,M_2
368899,L2,L3,L1,L2,L3,L2,L1,L1,L2,C2_1,D2_3,F2_3,,,N2_2,L_3,M_1
368900,L2,L3,L1,L2,L3,L2,L1,L1,L2,C2_1,D2_3,F2_3,,,N2_2,L_3,M_2
368901,L2,L3,L1,L2,L3,L2,L1,L1,L2,C2_2,D2_1,F2_1,,,N2_1,L_1,M_1
368902,L2,L3,L1,L2,L3,L2,L1,L1,L2,C2_2,D2_1,F2_1,,,N2_1,L_1,M_2
368903,L2,L3,L1,L2,L3,L2,L1,L1,L2,C2_2,D2_1,F2_1,,,N2_1,L_2,M_1
368904,L2,L3,L1,L2,L3,L2,L1,L1,L2,C2_2,D2_1,F2_1,,,N2_1,L_2,M_2
368905,L2,L3,L1,L2,L3,L2,L1,L1,L2,C2_2,D2_1,F2_1,,,N2_1,L_3,M_1
368906,L2,L3,L1,L2,L3,L2,L1,L1,L2,C2_2,D2_1,F2_1,,,N2_1,L_3,M_2
368907,L2,L3,L1,L2,L3,L2,L1,L1,L2,C2_2,D2_1,F2_1,,,N2_2,L_1,M_1
368908,L2,L3,L1,L2,L3,L2,L1,L1,L2,C2_2,D2_1,F2_1,,,N2_2,L_1,M_2
368909,L2,L3,L1,L2,L3,L2,L1,L1,L2,C2_2,D2_1,F2_1,,,N2_2,L_2,M_1
368910,L2,L3,L1,L2,L3,L2,L1,L1,L2,C2_2,D2_1,F2_1,,,N2_2,L_2,M_2
368911,L2,L3,L1,L2,L3,L2,L1,L1,L2,C2_2,D2_1,F2_1,,,N2_2,L_3,M_1
368912,L2,L3,L1,L2,L3,L2,L1,L1,L2,C2_2,D2_1,F2_1,,,N2_2,L_3,M_2
368913,L2,L3,L1,L2,L3,L2,L1,L1,L2,C2_2,D2_1,F2_2,,,N2_1,L_1,M_1
368914,L2,L3,L1,L2,L3,L2,L1,L1,L2,C2_2,D2_1,F2_2,,,N2_1,L_1,M_2
368915,L2,L3,L1,L2,L3,L2,L1,L1,L2,C2_2,D2_1,F2_2,,,N2_1,L_2,M_1
368916,L2,L3,L1,L2,L3,L2,L1,L1,L2,C2_2,D2_1,F2_2,,,N2_1,L_2,M_2
368917,L2,L3,L1,L2,L3,L2,L1,L1,L2,C2_2,D2_1,F2_2,,,N2_1,L_3,M_1
368918,L2,L3,L1,L2,L3,L2,L1,L1,L2,C2_2,D2_1,F2_2,,,N2_1,L_3,M_2
368919,L2,L3,L1,L2,L3,L2,L1,L1,L2,C2_2,D2_1,F2_2,,,N2_2,L_1,M_1
368920,L2,L3,L1,L2,L3,L2,L1,L1,L2,C2_2,D2_1,F2_2,,,N2_2,L_1,M_2
368921,L2,L3,L1,L2,L3,L2,L1,L1,L2,C2_2,D2_1,F2_2,,,N2_2,L_2,M_1
368922,L2,L3,L1,L2,L3,L2,L1,L1,L2,C2_2,D2_1,F2_2,,,N2_2,L_2,M_2
368923,L2,L3,L1,L2,L3,L2,L1,L1,L2,C2_2,D2_1,F2_2,,,N2_2,L_3,M_1
368924,L2,L3,L1,L2,L3,L2,L1,L1,L2,C2_2,D2_1,F2_2,,,N2_2,L_3,M_2
368925,L2,L3,L1,L2,L3,L2,L1,L1,L2,C2_2,D2_1,F2_3,,,N2_1,L_1,M_1
368926,L2,L3,L1,L2,L3,L2,L1,L1,L2,C2_2,D2_1,F2_3,,,N2_1,L_1,M_2
368927,L2,L3,L1,L2,L3,L2,L1,L1,L2,C2_2,D2_1,F2_3,,,N2_1,L_2,M_1
368928,L2,L3,L1,L2,L3,L2,L1,L1,L2,C2_2,D2_1,F2_3,,,N2_1,L_2,M_2
368929,L2,L3,L1,L2,L3,L2,L1,L1,L2,C2_2,D2_1,F2_3,,,N2_1,L_3,M_1
368930,L2,L3,L1,L2,L3,L2,L1,L1,L2,C2_2,D2_1,F2_3,,,N2_1,L_3,M_2
368931,L2,L3,L1,L2,L3,L2,L1,L1,L2,C2_2,D2_1,F2_3,,,N2_2,L_1,M_1
368932,L2,L3,L1,L2,L3,L2,L1,L1,L2,C2_2,D2_1,F2_3,,,N2_2,L_1,M_2
368933,L2,L3,L1,L2,L3,L2,L1,L1,L2,C2_2,D2_1,F2_3,,,N2_2,L_2,M_1
368934,L2,L3,L1,L2,L3,L2,L1,L1,L2,C2_2,D2_1,F2_3,,,N2_2,L_2,M_2
368935,L2,L3,L1,L2,L3,L2,L1,L1,L2,C2_2,D2_1,F2_3,,,N2_2,L_3,M_1
368936,L2,L3,L1,L2,L3,L2,L1,L1,L2,C2_2,D2_1,F2_3,,,N2_2,L_3,M_2
368937,L2,L3,L1,L2,L3,L2,L1,L1,L2,C2_2,D2_2,F2_1,,,N2_1,L_1,M_1
368938,L2,L3,L1,L2,L3,L2,L1,L1,L2,C2_2,D2_2,F2_1,,,N2_1,L_1,M_2
368939,L2,L3,L1,L2,L3,L2,L1,L1,L2,C2_2,D2_2,F2_1,,,N2_1,L_2,M_1
368940,L2,L3,L1,L2,L3,L2,L1,L1,L2,C2_2,D2_2,F2_1,,,N2_1,L_2,M_2
368941,L2,L3,L1,L2,L3,L2,L1,L1,L2,C2_2,D2_2,F2_1,,,N2_1,L_3,M_1
368942,L2,L3,L1,L2,L3,L2,L1,L1,L2,C2_2,D2_2,F2_1,,,N2_1,L_3,M_2
368943,L2,L3,L1,L2,L3,L2,L1,L1,L2,C2_2,D2_2,F2_1,,,N2_2,L_1,M_1
368944,L2,L3,L1,L2,L3,L2,L1,L1,L2,C2_2,D2_2,F2_1,,,N2_2,L_1,M_2
368945,L2,L3,L1,L2,L3,L2,L1,L1,L2,C2_2,D2_2,F2_1,,,N2_2,L_2,M_1
368946,L2,L3,L1,L2,L3,L2,L1,L1,L2,C2_2,D2_2,F2_1,,,N2_2,L_2,M_2
368947,L2,L3,L1,L2,L3,L2,L1,L1,L2,C2_2,D2_2,F2_1,,,N2_2,L_3,M_1
368948,L2,L3,L1,L2,L3,L2,L1,L1,L2,C2_2,D2_2,F2_1,,,N2_2,L_3,M_2
368949,L2,L3,L1,L2,L3,L2,L1,L1,L2,C2_2,D2_2,F2_2,,,N2_1,L_1,M_1
368950,L2,L3,L1,L2,L3,L2,L1,L1,L2,C2_2,D2_2,F2_2,,,N2_1,L_1,M_2
368951,L2,L3,L1,L2,L3,L2,L1,L1,L2,C2_2,D2_2,F2_2,,,N2_1,L_2,M_1
368952,L2,L3,L1,L2,L3,L2,L1,L1,L2,C2_2,D2_2,F2_2,,,N2_1,L_2,M_2
368953,L2,L3,L1,L2,L3,L2,L1,L1,L2,C2_2,D2_2,F2_2,,,N2_1,L_3,M_1
368954,L2,L3,L1,L2,L3,L2,L1,L1,L2,C2_2,D2_2,F2_2,,,N2_1,L_3,M_2
368955,L2,L3,L1,L2,L3,L2,L1,L1,L2,C2_2,D2_2,F2_2,,,N2_2,L_1,M_1
368956,L2,L3,L1,L2,L3,L2,L1,L1,L2,C2_2,D2_2,F2_2,,,N2_2,L_1,M_2
368957,L2,L3,L1,L2,L3,L2,L1,L1,L2,C2_2,D2_2,F2_2,,,N2_2,L_2,M_1
368958,L2,L3,L1,L2,L3,L2,L1,L1,L2,C2_2,D2_2,F2_2,,,N2_2,L_2,M_2
368959,L2,L3,L1,L2,L3,L2,L1,L1,L2,C2_2,D2_2,F2_2,,,N2_2,L_3,M_1
368960,L2,L3,L1,L2,L3,L2,L1,L1,L2,C2_2,D2_2,F2_2,,,N2_2,L_3,M_2
368961,L2,L3,L1,L2,L3,L2,L1,L1,L2,C2_2,D2_2,F2_3,,,N2_1,L_1,M_1
368962,L2,L3,L1,L2,L3,L2,L1,L1,L2,C2_2,D2_2,F2_3,,,N2_1,L_1,M_2
368963,L2,L3,L1,L2,L3,L2,L1,L1,L2,C2_2,D2_2,F2_3,,,N2_1,L_2,M_1
368964,L2,L3,L1,L2,L3,L2,L1,L1,L2,C2_2,D2_2,F2_3,,,N2_1,L_2,M_2
368965,L2,L3,L1,L2,L3,L2,L1,L1,L2,C2_2,D2_2,F2_3,,,N2_1,L_3,M_1
368966,L2,L3,L1,L2,L3,L2,L1,L1,L2,C2_2,D2_2,F2_3,,,N2_1,L_3,M_2
368967,L2,L3,L1,L2,L3,L2,L1,L1,L2,C2_2,D2_2,F2_3,,,N2_2,L_1,M_1
368968,L2,L3,L1,L2,L3,L2,L1,L1,L2,C2_2,D2_2,F2_3,,,N2_2,L_1,M_2
368969,L2,L3,L1,L2,L3,L2,L1,L1,L2,C2_2,D2_2,F2_3,,,N2_2,L_2,M_1
368970,L2,L3,L1,L2,L3,L2,L1,L1,L2,C2_2,D2_2,F2_3,,,N2_2,L_2,M_2
368971,L2,L3,L1,L2,L3,L2,L1,L1,L2,C2_2,D2_2,F2_3,,,N2_2,L_3,M_1
368972,L2,L3,L1,L2,L3,L2,L1,L1,L2,C2_2,D2_2,F2_3,,,N2_2,L_3,M_2
368973,L2,L3,L1,L2,L3,L2,L1,L1,L2,C2_2,D2_3,F2_1,,,N2_1,L_1,M_1
368974,L2,L3,L1,L2,L3,L2,L1,L1,L2,C2_2,D2_3,F2_1,,,N2_1,L_1,M_2
368975,L2,L3,L1,L2,L3,L2,L1,L1,L2,C2_2,D2_3,F2_1,,,N2_1,L_2,M_1
368976,L2,L3,L1,L2,L3,L2,L1,L1,L2,C2_2,D2_3,F2_1,,,N2_1,L_2,M_2
368977,L2,L3,L1,L2,L3,L2,L1,L1,L2,C2_2,D2_3,F2_1,,,N2_1,L_3,M_1
368978,L2,L3,L1,L2,L3,L2,L1,L1,L2,C2_2,D2_3,F2_1,,,N2_1,L_3,M_2
368979,L2,L3,L1,L2,L3,L2,L1,L1,L2,C2_2,D2_3,F2_1,,,N2_2,L_1,M_1
368980,L2,L3,L1,L2,L3,L2,L1,L1,L2,C2_2,D2_3,F2_1,,,N2_2,L_1,M_2
368981,L2,L3,L1,L2,L3,L2,L1,L1,L2,C2_2,D2_3,F2_1,,,N2_2,L_2,M_1
368982,L2,L3,L1,L2,L3,L2,L1,L1,L2,C2_2,D2_3,F2_1,,,N2_2,L_2,M_2
368983,L2,L3,L1,L2,L3,L2,L1,L1,L2,C2_2,D2_3,F2_1,,,N2_2,L_3,M_1
368984,L2,L3,L1,L2,L3,L2,L1,L1,L2,C2_2,D2_3,F2_1,,,N2_2,L_3,M_2
368985,L2,L3,L1,L2,L3,L2,L1,L1,L2,C2_2,D2_3,F2_2,,,N2_1,L_1,M_1
368986,L2,L3,L1,L2,L3,L2,L1,L1,L2,C2_2,D2_3,F2_2,,,N2_1,L_1,M_2
368987,L2,L3,L1,L2,L3,L2,L1,L1,L2,C2_2,D2_3,F2_2,,,N2_1,L_2,M_1
368988,L2,L3,L1,L2,L3,L2,L1,L1,L2,C2_2,D2_3,F2_2,,,N2_1,L_2,M_2
368989,L2,L3,L1,L2,L3,L2,L1,L1,L2,C2_2,D2_3,F2_2,,,N2_1,L_3,M_1
368990,L2,L3,L1,L2,L3,L2,L1,L1,L2,C2_2,D2_3,F2_2,,,N2_1,L_3,M_2
368991,L2,L3,L1,L2,L3,L2,L1,L1,L2,C2_2,D2_3,F2_2,,,N2_2,L_1,M_1
368992,L2,L3,L1,L2,L3,L2,L1,L1,L2,C2_2,D2_3,F2_2,,,N2_2,L_1,M_2
368993,L2,L3,L1,L2,L3,L2,L1,L1,L2,C2_2,D2_3,F2_2,,,N2_2,L_2,M_1
368994,L2,L3,L1,L2,L3,L2,L1,L1,L2,C2_2,D2_3,F2_2,,,N2_2,L_2,M_2
368995,L2,L3,L1,L2,L3,L2,L1,L1,L2,C2_2,D2_3,F2_2,,,N2_2,L_3,M_1
368996,L2,L3,L1,L2,L3,L2,L1,L1,L2,C2_2,D2_3,F2_2,,,N2_2,L_3,M_2
368997,L2,L3,L1,L2,L3,L2,L1,L1,L2,C2_2,D2_3,F2_3,,,N2_1,L_1,M_1
368998,L2,L3,L1,L2,L3,L2,L1,L1,L2,C2_2,D2_3,F2_3,,,N2_1,L_1,M_2
368999,L2,L3,L1,L2,L3,L2,L1,L1,L2,C2_2,D2_3,F2_3,,,N2_1,L_2,M_1
369000,L2,L3,L1,L2,L3,L2,L1,L1,L2,C2_2,D2_3,F2_3,,,N2_1,L_2,M_2
369001,L2,L3,L1,L2,L3,L2,L1,L1,L2,C2_2,D2_3,F2_3,,,N2_1,L_3,M_1
369002,L2,L3,L1,L2,L3,L2,L1,L1,L2,C2_2,D2_3,F2_3,,,N2_1,L_3,M_2
369003,L2,L3,L1,L2,L3,L2,L1,L1,L2,C2_2,D2_3,F2_3,,,N2_2,L_1,M_1
369004,L2,L3,L1,L2,L3,L2,L1,L1,L2,C2_2,D2_3,F2_3,,,N2_2,L_1,M_2
369005,L2,L3,L1,L2,L3,L2,L1,L1,L2,C2_2,D2_3,F2_3,,,N2_2,L_2,M_1
369006,L2,L3,L1,L2,L3,L2,L1,L1,L2,C2_2,D2_3,F2_3,,,N2_2,L_2,M_2
369007,L2,L3,L1,L2,L3,L2,L1,L1,L2,C2_2,D2_3,F2_3,,,N2_2,L_3,M_1
369008,L2,L3,L1,L2,L3,L2,L1,L1,L2,C2_2,D2_3,F2_3,,,N2_2,L_3,M_2
369009,L2,L3,L1,L2,L3,L2,L1,L1,L2,C2_3,D2_1,F2_1,,,N2_1,L_1,M_1
369010,L2,L3,L1,L2,L3,L2,L1,L1,L2,C2_3,D2_1,F2_1,,,N2_1,L_1,M_2
369011,L2,L3,L1,L2,L3,L2,L1,L1,L2,C2_3,D2_1,F2_1,,,N2_1,L_2,M_1
369012,L2,L3,L1,L2,L3,L2,L1,L1,L2,C2_3,D2_1,F2_1,,,N2_1,L_2,M_2
369013,L2,L3,L1,L2,L3,L2,L1,L1,L2,C2_3,D2_1,F2_1,,,N2_1,L_3,M_1
369014,L2,L3,L1,L2,L3,L2,L1,L1,L2,C2_3,D2_1,F2_1,,,N2_1,L_3,M_2
369015,L2,L3,L1,L2,L3,L2,L1,L1,L2,C2_3,D2_1,F2_1,,,N2_2,L_1,M_1
369016,L2,L3,L1,L2,L3,L2,L1,L1,L2,C2_3,D2_1,F2_1,,,N2_2,L_1,M_2
369017,L2,L3,L1,L2,L3,L2,L1,L1,L2,C2_3,D2_1,F2_1,,,N2_2,L_2,M_1
369018,L2,L3,L1,L2,L3,L2,L1,L1,L2,C2_3,D2_1,F2_1,,,N2_2,L_2,M_2
369019,L2,L3,L1,L2,L3,L2,L1,L1,L2,C2_3,D2_1,F2_1,,,N2_2,L_3,M_1
369020,L2,L3,L1,L2,L3,L2,L1,L1,L2,C2_3,D2_1,F2_1,,,N2_2,L_3,M_2
369021,L2,L3,L1,L2,L3,L2,L1,L1,L2,C2_3,D2_1,F2_2,,,N2_1,L_1,M_1
369022,L2,L3,L1,L2,L3,L2,L1,L1,L2,C2_3,D2_1,F2_2,,,N2_1,L_1,M_2
369023,L2,L3,L1,L2,L3,L2,L1,L1,L2,C2_3,D2_1,F2_2,,,N2_1,L_2,M_1
369024,L2,L3,L1,L2,L3,L2,L1,L1,L2,C2_3,D2_1,F2_2,,,N2_1,L_2,M_2
369025,L2,L3,L1,L2,L3,L2,L1,L1,L2,C2_3,D2_1,F2_2,,,N2_1,L_3,M_1
369026,L2,L3,L1,L2,L3,L2,L1,L1,L2,C2_3,D2_1,F2_2,,,N2_1,L_3,M_2
369027,L2,L3,L1,L2,L3,L2,L1,L1,L2,C2_3,D2_1,F2_2,,,N2_2,L_1,M_1
369028,L2,L3,L1,L2,L3,L2,L1,L1,L2,C2_3,D2_1,F2_2,,,N2_2,L_1,M_2
369029,L2,L3,L1,L2,L3,L2,L1,L1,L2,C2_3,D2_1,F2_2,,,N2_2,L_2,M_1
369030,L2,L3,L1,L2,L3,L2,L1,L1,L2,C2_3,D2_1,F2_2,,,N2_2,L_2,M_2
369031,L2,L3,L1,L2,L3,L2,L1,L1,L2,C2_3,D2_1,F2_2,,,N2_2,L_3,M_1
369032,L2,L3,L1,L2,L3,L2,L1,L1,L2,C2_3,D2_1,F2_2,,,N2_2,L_3,M_2
369033,L2,L3,L1,L2,L3,L2,L1,L1,L2,C2_3,D2_1,F2_3,,,N2_1,L_1,M_1
369034,L2,L3,L1,L2,L3,L2,L1,L1,L2,C2_3,D2_1,F2_3,,,N2_1,L_1,M_2
369035,L2,L3,L1,L2,L3,L2,L1,L1,L2,C2_3,D2_1,F2_3,,,N2_1,L_2,M_1
369036,L2,L3,L1,L2,L3,L2,L1,L1,L2,C2_3,D2_1,F2_3,,,N2_1,L_2,M_2
369037,L2,L3,L1,L2,L3,L2,L1,L1,L2,C2_3,D2_1,F2_3,,,N2_1,L_3,M_1
369038,L2,L3,L1,L2,L3,L2,L1,L1,L2,C2_3,D2_1,F2_3,,,N2_1,L_3,M_2
369039,L2,L3,L1,L2,L3,L2,L1,L1,L2,C2_3,D2_1,F2_3,,,N2_2,L_1,M_1
369040,L2,L3,L1,L2,L3,L2,L1,L1,L2,C2_3,D2_1,F2_3,,,N2_2,L_1,M_2
369041,L2,L3,L1,L2,L3,L2,L1,L1,L2,C2_3,D2_1,F2_3,,,N2_2,L_2,M_1
369042,L2,L3,L1,L2,L3,L2,L1,L1,L2,C2_3,D2_1,F2_3,,,N2_2,L_2,M_2
369043,L2,L3,L1,L2,L3,L2,L1,L1,L2,C2_3,D2_1,F2_3,,,N2_2,L_3,M_1
369044,L2,L3,L1,L2,L3,L2,L1,L1,L2,C2_3,D2_1,F2_3,,,N2_2,L_3,M_2
369045,L2,L3,L1,L2,L3,L2,L1,L1,L2,C2_3,D2_2,F2_1,,,N2_1,L_1,M_1
369046,L2,L3,L1,L2,L3,L2,L1,L1,L2,C2_3,D2_2,F2_1,,,N2_1,L_1,M_2
369047,L2,L3,L1,L2,L3,L2,L1,L1,L2,C2_3,D2_2,F2_1,,,N2_1,L_2,M_1
369048,L2,L3,L1,L2,L3,L2,L1,L1,L2,C2_3,D2_2,F2_1,,,N2_1,L_2,M_2
369049,L2,L3,L1,L2,L3,L2,L1,L1,L2,C2_3,D2_2,F2_1,,,N2_1,L_3,M_1
369050,L2,L3,L1,L2,L3,L2,L1,L1,L2,C2_3,D2_2,F2_1,,,N2_1,L_3,M_2
369051,L2,L3,L1,L2,L3,L2,L1,L1,L2,C2_3,D2_2,F2_1,,,N2_2,L_1,M_1
369052,L2,L3,L1,L2,L3,L2,L1,L1,L2,C2_3,D2_2,F2_1,,,N2_2,L_1,M_2
369053,L2,L3,L1,L2,L3,L2,L1,L1,L2,C2_3,D2_2,F2_1,,,N2_2,L_2,M_1
369054,L2,L3,L1,L2,L3,L2,L1,L1,L2,C2_3,D2_2,F2_1,,,N2_2,L_2,M_2
369055,L2,L3,L1,L2,L3,L2,L1,L1,L2,C2_3,D2_2,F2_1,,,N2_2,L_3,M_1
369056,L2,L3,L1,L2,L3,L2,L1,L1,L2,C2_3,D2_2,F2_1,,,N2_2,L_3,M_2
369057,L2,L3,L1,L2,L3,L2,L1,L1,L2,C2_3,D2_2,F2_2,,,N2_1,L_1,M_1
369058,L2,L3,L1,L2,L3,L2,L1,L1,L2,C2_3,D2_2,F2_2,,,N2_1,L_1,M_2
369059,L2,L3,L1,L2,L3,L2,L1,L1,L2,C2_3,D2_2,F2_2,,,N2_1,L_2,M_1
369060,L2,L3,L1,L2,L3,L2,L1,L1,L2,C2_3,D2_2,F2_2,,,N2_1,L_2,M_2
369061,L2,L3,L1,L2,L3,L2,L1,L1,L2,C2_3,D2_2,F2_2,,,N2_1,L_3,M_1
369062,L2,L3,L1,L2,L3,L2,L1,L1,L2,C2_3,D2_2,F2_2,,,N2_1,L_3,M_2
369063,L2,L3,L1,L2,L3,L2,L1,L1,L2,C2_3,D2_2,F2_2,,,N2_2,L_1,M_1
369064,L2,L3,L1,L2,L3,L2,L1,L1,L2,C2_3,D2_2,F2_2,,,N2_2,L_1,M_2
369065,L2,L3,L1,L2,L3,L2,L1,L1,L2,C2_3,D2_2,F2_2,,,N2_2,L_2,M_1
369066,L2,L3,L1,L2,L3,L2,L1,L1,L2,C2_3,D2_2,F2_2,,,N2_2,L_2,M_2
369067,L2,L3,L1,L2,L3,L2,L1,L1,L2,C2_3,D2_2,F2_2,,,N2_2,L_3,M_1
369068,L2,L3,L1,L2,L3,L2,L1,L1,L2,C2_3,D2_2,F2_2,,,N2_2,L_3,M_2
369069,L2,L3,L1,L2,L3,L2,L1,L1,L2,C2_3,D2_2,F2_3,,,N2_1,L_1,M_1
369070,L2,L3,L1,L2,L3,L2,L1,L1,L2,C2_3,D2_2,F2_3,,,N2_1,L_1,M_2
369071,L2,L3,L1,L2,L3,L2,L1,L1,L2,C2_3,D2_2,F2_3,,,N2_1,L_2,M_1
369072,L2,L3,L1,L2,L3,L2,L1,L1,L2,C2_3,D2_2,F2_3,,,N2_1,L_2,M_2
369073,L2,L3,L1,L2,L3,L2,L1,L1,L2,C2_3,D2_2,F2_3,,,N2_1,L_3,M_1
369074,L2,L3,L1,L2,L3,L2,L1,L1,L2,C2_3,D2_2,F2_3,,,N2_1,L_3,M_2
369075,L2,L3,L1,L2,L3,L2,L1,L1,L2,C2_3,D2_2,F2_3,,,N2_2,L_1,M_1
369076,L2,L3,L1,L2,L3,L2,L1,L1,L2,C2_3,D2_2,F2_3,,,N2_2,L_1,M_2
369077,L2,L3,L1,L2,L3,L2,L1,L1,L2,C2_3,D2_2,F2_3,,,N2_2,L_2,M_1
369078,L2,L3,L1,L2,L3,L2,L1,L1,L2,C2_3,D2_2,F2_3,,,N2_2,L_2,M_2
369079,L2,L3,L1,L2,L3,L2,L1,L1,L2,C2_3,D2_2,F2_3,,,N2_2,L_3,M_1
369080,L2,L3,L1,L2,L3,L2,L1,L1,L2,C2_3,D2_2,F2_3,,,N2_2,L_3,M_2
369081,L2,L3,L1,L2,L3,L2,L1,L1,L2,C2_3,D2_3,F2_1,,,N2_1,L_1,M_1
369082,L2,L3,L1,L2,L3,L2,L1,L1,L2,C2_3,D2_3,F2_1,,,N2_1,L_1,M_2
369083,L2,L3,L1,L2,L3,L2,L1,L1,L2,C2_3,D2_3,F2_1,,,N2_1,L_2,M_1
369084,L2,L3,L1,L2,L3,L2,L1,L1,L2,C2_3,D2_3,F2_1,,,N2_1,L_2,M_2
369085,L2,L3,L1,L2,L3,L2,L1,L1,L2,C2_3,D2_3,F2_1,,,N2_1,L_3,M_1
369086,L2,L3,L1,L2,L3,L2,L1,L1,L2,C2_3,D2_3,F2_1,,,N2_1,L_3,M_2
369087,L2,L3,L1,L2,L3,L2,L1,L1,L2,C2_3,D2_3,F2_1,,,N2_2,L_1,M_1
369088,L2,L3,L1,L2,L3,L2,L1,L1,L2,C2_3,D2_3,F2_1,,,N2_2,L_1,M_2
369089,L2,L3,L1,L2,L3,L2,L1,L1,L2,C2_3,D2_3,F2_1,,,N2_2,L_2,M_1
369090,L2,L3,L1,L2,L3,L2,L1,L1,L2,C2_3,D2_3,F2_1,,,N2_2,L_2,M_2
369091,L2,L3,L1,L2,L3,L2,L1,L1,L2,C2_3,D2_3,F2_1,,,N2_2,L_3,M_1
369092,L2,L3,L1,L2,L3,L2,L1,L1,L2,C2_3,D2_3,F2_1,,,N2_2,L_3,M_2
369093,L2,L3,L1,L2,L3,L2,L1,L1,L2,C2_3,D2_3,F2_2,,,N2_1,L_1,M_1
369094,L2,L3,L1,L2,L3,L2,L1,L1,L2,C2_3,D2_3,F2_2,,,N2_1,L_1,M_2
369095,L2,L3,L1,L2,L3,L2,L1,L1,L2,C2_3,D2_3,F2_2,,,N2_1,L_2,M_1
369096,L2,L3,L1,L2,L3,L2,L1,L1,L2,C2_3,D2_3,F2_2,,,N2_1,L_2,M_2
369097,L2,L3,L1,L2,L3,L2,L1,L1,L2,C2_3,D2_3,F2_2,,,N2_1,L_3,M_1
369098,L2,L3,L1,L2,L3,L2,L1,L1,L2,C2_3,D2_3,F2_2,,,N2_1,L_3,M_2
369099,L2,L3,L1,L2,L3,L2,L1,L1,L2,C2_3,D2_3,F2_2,,,N2_2,L_1,M_1
369100,L2,L3,L1,L2,L3,L2,L1,L1,L2,C2_3,D2_3,F2_2,,,N2_2,L_1,M_2
369101,L2,L3,L1,L2,L3,L2,L1,L1,L2,C2_3,D2_3,F2_2,,,N2_2,L_2,M_1
369102,L2,L3,L1,L2,L3,L2,L1,L1,L2,C2_3,D2_3,F2_2,,,N2_2,L_2,M_2
369103,L2,L3,L1,L2,L3,L2,L1,L1,L2,C2_3,D2_3,F2_2,,,N2_2,L_3,M_1
369104,L2,L3,L1,L2,L3,L2,L1,L1,L2,C2_3,D2_3,F2_2,,,N2_2,L_3,M_2
369105,L2,L3,L1,L2,L3,L2,L1,L1,L2,C2_3,D2_3,F2_3,,,N2_1,L_1,M_1
369106,L2,L3,L1,L2,L3,L2,L1,L1,L2,C2_3,D2_3,F2_3,,,N2_1,L_1,M_2
369107,L2,L3,L1,L2,L3,L2,L1,L1,L2,C2_3,D2_3,F2_3,,,N2_1,L_2,M_1
369108,L2,L3,L1,L2,L3,L2,L1,L1,L2,C2_3,D2_3,F2_3,,,N2_1,L_2,M_2
369109,L2,L3,L1,L2,L3,L2,L1,L1,L2,C2_3,D2_3,F2_3,,,N2_1,L_3,M_1
369110,L2,L3,L1,L2,L3,L2,L1,L1,L2,C2_3,D2_3,F2_3,,,N2_1,L_3,M_2
369111,L2,L3,L1,L2,L3,L2,L1,L1,L2,C2_3,D2_3,F2_3,,,N2_2,L_1,M_1
369112,L2,L3,L1,L2,L3,L2,L1,L1,L2,C2_3,D2_3,F2_3,,,N2_2,L_1,M_2
369113,L2,L3,L1,L2,L3,L2,L1,L1,L2,C2_3,D2_3,F2_3,,,N2_2,L_2,M_1
369114,L2,L3,L1,L2,L3,L2,L1,L1,L2,C2_3,D2_3,F2_3,,,N2_2,L_2,M_2
369115,L2,L3,L1,L2,L3,L2,L1,L1,L2,C2_3,D2_3,F2_3,,,N2_2,L_3,M_1
369116,L2,L3,L1,L2,L3,L2,L1,L1,L2,C2_3,D2_3,F2_3,,,N2_2,L_3,M_2
383994,L1,L2,L3,L3,L1,L2,L1,L1,L2,C2_1,D2_1,F2_1,,,N2_1,L_1,M_1
383995,L1,L2,L3,L3,L1,L2,L1,L1,L2,C2_1,D2_1,F2_1,,,N2_1,L_1,M_2
383996,L1,L2,L3,L3,L1,L2,L1,L1,L2,C2_1,D2_1,F2_1,,,N2_1,L_2,M_1
383997,L1,L2,L3,L3,L1,L2,L1,L1,L2,C2_1,D2_1,F2_1,,,N2_1,L_2,M_2
383998,L1,L2,L3,L3,L1,L2,L1,L1,L2,C2_1,D2_1,F2_1,,,N2_1,L_3,M_1
383999,L1,L2,L3,L3,L1,L2,L1,L1,L2,C2_1,D2_1,F2_1,,,N2_1,L_3,M_2
384000,L1,L2,L3,L3,L1,L2,L1,L1,L2,C2_1,D2_1,F2_1,,,N2_2,L_1,M_1
384001,L1,L2,L3,L3,L1,L2,L1,L1,L2,C2_1,D2_1,F2_1,,,N2_2,L_1,M_2
384002,L1,L2,L3,L3,L1,L2,L1,L1,L2,C2_1,D2_1,F2_1,,,N2_2,L_2,M_1
384003,L1,L2,L3,L3,L1,L2,L1,L1,L2,C2_1,D2_1,F2_1,,,N2_2,L_2,M_2
384004,L1,L2,L3,L3,L1,L2,L1,L1,L2,C2_1,D2_1,F2_1,,,N2_2,L_3,M_1
384005,L1,L2,L3,L3,L1,L2,L1,L1,L2,C2_1,D2_1,F2_1,,,N2_2,L_3,M_2
384006,L1,L2,L3,L3,L1,L2,L1,L1,L2,C2_1,D2_1,F2_2,,,N2_1,L_1,M_1
384007,L1,L2,L3,L3,L1,L2,L1,L1,L2,C2_1,D2_1,F2_2,,,N2_1,L_1,M_2
384008,L1,L2,L3,L3,L1,L2,L1,L1,L2,C2_1,D2_1,F2_2,,,N2_1,L_2,M_1
384009,L1,L2,L3,L3,L1,L2,L1,L1,L2,C2_1,D2_1,F2_2,,,N2_1,L_2,M_2
384010,L1,L2,L3,L3,L1,L2,L1,L1,L2,C2_1,D2_1,F2_2,,,N2_1,L_3,M_1
384011,L1,L2,L3,L3,L1,L2,L1,L1,L2,C2_1,D2_1,F2_2,,,N2_1,L_3,M_2
384012,L1,L2,L3,L3,L1,L2,L1,L1,L2,C2_1,D2_1,F2_2,,,N2_2,L_1,M_1
384013,L1,L2,L3,L3,L1,L2,L1,L1,L2,C2_1,D2_1,F2_2,,,N2_2,L_1,M_2
384014,L1,L2,L3,L3,L1,L2,L1,L1,L2,C2_1,D2_1,F2_2,,,N2_2,L_2,M_1
384015,L1,L2,L3,L3,L1,L2,L1,L1,L2,C2_1,D2_1,F2_2,,,N2_2,L_2,M_2
384016,L1,L2,L3,L3,L1,L2,L1,L1,L2,C2_1,D2_1,F2_2,,,N2_2,L_3,M_1
384017,L1,L2,L3,L3,L1,L2,L1,L1,L2,C2_1,D2_1,F2_2,,,N2_2,L_3,M_2
384018,L1,L2,L3,L3,L1,L2,L1,L1,L2,C2_1,D2_1,F2_3,,,N2_1,L_1,M_1
384019,L1,L2,L3,L3,L1,L2,L1,L1,L2,C2_1,D2_1,F2_3,,,N2_1,L_1,M_2
384020,L1,L2,L3,L3,L1,L2,L1,L1,L2,C2_1,D2_1,F2_3,,,N2_1,L_2,M_1
384021,L1,L2,L3,L3,L1,L2,L1,L1,L2,C2_1,D2_1,F2_3,,,N2_1,L_2,M_2
384022,L1,L2,L3,L3,L1,L2,L1,L1,L2,C2_1,D2_1,F2_3,,,N2_1,L_3,M_1
384023,L1,L2,L3,L3,L1,L2,L1,L1,L2,C2_1,D2_1,F2_3,,,N2_1,L_3,M_2
384024,L1,L2,L3,L3,L1,L2,L1,L1,L2,C2_1,D2_1,F2_3,,,N2_2,L_1,M_1
384025,L1,L2,L3,L3,L1,L2,L1,L1,L2,C2_1,D2_1,F2_3,,,N2_2,L_1,M_2
384026,L1,L2,L3,L3,L1,L2,L1,L1,L2,C2_1,D2_1,F2_3,,,N2_2,L_2,M_1
384027,L1,L2,L3,L3,L1,L2,L1,L1,L2,C2_1,D2_1,F2_3,,,N2_2,L_2,M_2
384028,L1,L2,L3,L3,L1,L2,L1,L1,L2,C2_1,D2_1,F2_3,,,N2_2,L_3,M_1
384029,L1,L2,L3,L3,L1,L2,L1,L1,L2,C2_1,D2_1,F2_3,,,N2_2,L_3,M_2
384030,L1,L2,L3,L3,L1,L2,L1,L1,L2,C2_1,D2_2,F2_1,,,N2_1,L_1,M_1
384031,L1,L2,L3,L3,L1,L2,L1,L1,L2,C2_1,D2_2,F2_1,,,N2_1,L_1,M_2
384032,L1,L2,L3,L3,L1,L2,L1,L1,L2,C2_1,D2_2,F2_1,,,N2_1,L_2,M_1
384033,L1,L2,L3,L3,L1,L2,L1,L1,L2,C2_1,D2_2,F2_1,,,N2_1,L_2,M_2
384034,L1,L2,L3,L3,L1,L2,L1,L1,L2,C2_1,D2_2,F2_1,,,N2_1,L_3,M_1
384035,L1,L2,L3,L3,L1,L2,L1,L1,L2,C2_1,D2_2,F2_1,,,N2_1,L_3,M_2
384036,L1,L2,L3,L3,L1,L2,L1,L1,L2,C2_1,D2_2,F2_1,,,N2_2,L_1,M_1
384037,L1,L2,L3,L3,L1,L2,L1,L1,L2,C2_1,D2_2,F2_1,,,N2_2,L_1,M_2
384038,L1,L2,L3,L3,L1,L2,L1,L1,L2,C2_1,D2_2,F2_1,,,N2_2,L_2,M_1
384039,L1,L2,L3,L3,L1,L2,L1,L1,L2,C2_1,D2_2,F2_1,,,N2_2,L_2,M_2
384040,L1,L2,L3,L3,L1,L2,L1,L1,L2,C2_1,D2_2,F2_1,,,N2_2,L_3,M_1
384041,L1,L2,L3,L3,L1,L2,L1,L1,L2,C2_1,D2_2,F2_1,,,N2_2,L_3,M_2
384042,L1,L2,L3,L3,L1,L2,L1,L1,L2,C2_1,D2_2,F2_2,,,N2_1,L_1,M_1
384043,L1,L2,L3,L3,L1,L2,L1,L1,L2,C2_1,D2_2,F2_2,,,N2_1,L_1,M_2
384044,L1,L2,L3,L3,L1,L2,L1,L1,L2,C2_1,D2_2,F2_2,,,N2_1,L_2,M_1
384045,L1,L2,L3,L3,L1,L2,L1,L1,L2,C2_1,D2_2,F2_2,,,N2_1,L_2,M_2
384046,L1,L2,L3,L3,L1,L2,L1,L1,L2,C2_1,D2_2,F2_2,,,N2_1,L_3,M_1
384047,L1,L2,L3,L3,L1,L2,L1,L1,L2,C2_1,D2_2,F2_2,,,N2_1,L_3,M_2
384048,L1,L2,L3,L3,L1,L2,L1,L1,L2,C2_1,D2_2,F2_2,,,N2_2,L_1,M_1
384049,L1,L2,L3,L3,L1,L2,L1,L1,L2,C2_1,D2_2,F2_2,,,N2_2,L_1,M_2
384050,L1,L2,L3,L3,L1,L2,L1,L1,L2,C2_1,D2_2,F2_2,,,N2_2,L_2,M_1
384051,L1,L2,L3,L3,L1,L2,L1,L1,L2,C2_1,D2_2,F2_2,,,N2_2,L_2,M_2
384052,L1,L2,L3,L3,L1,L2,L1,L1,L2,C2_1,D2_2,F2_2,,,N2_2,L_3,M_1
384053,L1,L2,L3,L3,L1,L2,L1,L1,L2,C2_1,D2_2,F2_2,,,N2_2,L_3,M_2
384054,L1,L2,L3,L3,L1,L2,L1,L1,L2,C2_1,D2_2,F2_3,,,N2_1,L_1,M_1
384055,L1,L2,L3,L3,L1,L2,L1,L1,L2,C2_1,D2_2,F2_3,,,N2_1,L_1,M_2
384056,L1,L2,L3,L3,L1,L2,L1,L1,L2,C2_1,D2_2,F2_3,,,N2_1,L_2,M_1
384057,L1,L2,L3,L3,L1,L2,L1,L1,L2,C2_1,D2_2,F2_3,,,N2_1,L_2,M_2
384058,L1,L2,L3,L3,L1,L2,L1,L1,L2,C2_1,D2_2,F2_3,,,N2_1,L_3,M_1
384059,L1,L2,L3,L3,L1,L2,L1,L1,L2,C2_1,D2_2,F2_3,,,N2_1,L_3,M_2
384060,L1,L2,L3,L3,L1,L2,L1,L1,L2,C2_1,D2_2,F2_3,,,N2_2,L_1,M_1
384061,L1,L2,L3,L3,L1,L2,L1,L1,L2,C2_1,D2_2,F2_3,,,N2_2,L_1,M_2
384062,L1,L2,L3,L3,L1,L2,L1,L1,L2,C2_1,D2_2,F2_3,,,N2_2,L_2,M_1
384063,L1,L2,L3,L3,L1,L2,L1,L1,L2,C2_1,D2_2,F2_3,,,N2_2,L_2,M_2
384064,L1,L2,L3,L3,L1,L2,L1,L1,L2,C2_1,D2_2,F2_3,,,N2_2,L_3,M_1
384065,L1,L2,L3,L3,L1,L2,L1,L1,L2,C2_1,D2_2,F2_3,,,N2_2,L_3,M_2
384066,L1,L2,L3,L3,L1,L2,L1,L1,L2,C2_1,D2_3,F2_1,,,N2_1,L_1,M_1
384067,L1,L2,L3,L3,L1,L2,L1,L1,L2,C2_1,D2_3,F2_1,,,N2_1,L_1,M_2
384068,L1,L2,L3,L3,L1,L2,L1,L1,L2,C2_1,D2_3,F2_1,,,N2_1,L_2,M_1
384069,L1,L2,L3,L3,L1,L2,L1,L1,L2,C2_1,D2_3,F2_1,,,N2_1,L_2,M_2
384070,L1,L2,L3,L3,L1,L2,L1,L1,L2,C2_1,D2_3,F2_1,,,N2_1,L_3,M_1
384071,L1,L2,L3,L3,L1,L2,L1,L1,L2,C2_1,D2_3,F2_1,,,N2_1,L_3,M_2
384072,L1,L2,L3,L3,L1,L2,L1,L1,L2,C2_1,D2_3,F2_1,,,N2_2,L_1,M_1
384073,L1,L2,L3,L3,L1,L2,L1,L1,L2,C2_1,D2_3,F2_1,,,N2_2,L_1,M_2
384074,L1,L2,L3,L3,L1,L2,L1,L1,L2,C2_1,D2_3,F2_1,,,N2_2,L_2,M_1
384075,L1,L2,L3,L3,L1,L2,L1,L1,L2,C2_1,D2_3,F2_1,,,N2_2,L_2,M_2
384076,L1,L2,L3,L3,L1,L2,L1,L1,L2,C2_1,D2_3,F2_1,,,N2_2,L_3,M_1
384077,L1,L2,L3,L3,L1,L2,L1,L1,L2,C2_1,D2_3,F2_1,,,N2_2,L_3,M_2
384078,L1,L2,L3,L3,L1,L2,L1,L1,L2,C2_1,D2_3,F2_2,,,N2_1,L_1,M_1
384079,L1,L2,L3,L3,L1,L2,L1,L1,L2,C2_1,D2_3,F2_2,,,N2_1,L_1,M_2
384080,L1,L2,L3,L3,L1,L2,L1,L1,L2,C2_1,D2_3,F2_2,,,N2_1,L_2,M_1
384081,L1,L2,L3,L3,L1,L2,L1,L1,L2,C2_1,D2_3,F2_2,,,N2_1,L_2,M_2
384082,L1,L2,L3,L3,L1,L2,L1,L1,L2,C2_1,D2_3,F2_2,,,N2_1,L_3,M_1
384083,L1,L2,L3,L3,L1,L2,L1,L1,L2,C2_1,D2_3,F2_2,,,N2_1,L_3,M_2
384084,L1,L2,L3,L3,L1,L2,L1,L1,L2,C2_1,D2_3,F2_2,,,N2_2,L_1,M_1
384085,L1,L2,L3,L3,L1,L2,L1,L1,L2,C2_1,D2_3,F2_2,,,N2_2,L_1,M_2
384086,L1,L2,L3,L3,L1,L2,L1,L1,L2,C2_1,D2_3,F2_2,,,N2_2,L_2,M_1
384087,L1,L2,L3,L3,L1,L2,L1,L1,L2,C2_1,D2_3,F2_2,,,N2_2,L_2,M_2
384088,L1,L2,L3,L3,L1,L2,L1,L1,L2,C2_1,D2_3,F2_2,,,N2_2,L_3,M_1
384089,L1,L2,L3,L3,L1,L2,L1,L1,L2,C2_1,D2_3,F2_2,,,N2_2,L_3,M_2
384090,L1,L2,L3,L3,L1,L2,L1,L1,L2,C2_1,D2_3,F2_3,,,N2_1,L_1,M_1
384091,L1,L2,L3,L3,L1,L2,L1,L1,L2,C2_1,D2_3,F2_3,,,N2_1,L_1,M_2
384092,L1,L2,L3,L3,L1,L2,L1,L1,L2,C2_1,D2_3,F2_3,,,N2_1,L_2,M_1
384093,L1,L2,L3,L3,L1,L2,L1,L1,L2,C2_1,D2_3,F2_3,,,N2_1,L_2,M_2
384094,L1,L2,L3,L3,L1,L2,L1,L1,L2,C2_1,D2_3,F2_3,,,N2_1,L_3,M_1
384095,L1,L2,L3,L3,L1,L2,L1,L1,L2,C2_1,D2_3,F2_3,,,N2_1,L_3,M_2
384096,L1,L2,L3,L3,L1,L2,L1,L1,L2,C2_1,D2_3,F2_3,,,N2_2,L_1,M_1
384097,L1,L2,L3,L3,L1,L2,L1,L1,L2,C2_1,D2_3,F2_3,,,N2_2,L_1,M_2
384098,L1,L2,L3,L3,L1,L2,L1,L1,L2,C2_1,D2_3,F2_3,,,N2_2,L_2,M_1
384099,L1,L2,L3,L3,L1,L2,L1,L1,L2,C2_1,D2_3,F2_3,,,N2_2,L_2,M_2
384100,L1,L2,L3,L3,L1,L2,L1,L1,L2,C2_1,D2_3,F2_3,,,N2_2,L_3,M_1
384101,L1,L2,L3,L3,L1,L2,L1,L1,L2,C2_1,D2_3,F2_3,,,N2_2,L_3,M_2
384102,L1,L2,L3,L3,L1,L2,L1,L1,L2,C2_2,D2_1,F2_1,,,N2_1,L_1,M_1
384103,L1,L2,L3,L3,L1,L2,L1,L1,L2,C2_2,D2_1,F2_1,,,N2_1,L_1,M_2
384104,L1,L2,L3,L3,L1,L2,L1,L1,L2,C2_2,D2_1,F2_1,,,N2_1,L_2,M_1
384105,L1,L2,L3,L3,L1,L2,L1,L1,L2,C2_2,D2_1,F2_1,,,N2_1,L_2,M_2
384106,L1,L2,L3,L3,L1,L2,L1,L1,L2,C2_2,D2_1,F2_1,,,N2_1,L_3,M_1
384107,L1,L2,L3,L3,L1,L2,L1,L1,L2,C2_2,D2_1,F2_1,,,N2_1,L_3,M_2
384108,L1,L2,L3,L3,L1,L2,L1,L1,L2,C2_2,D2_1,F2_1,,,N2_2,L_1,M_1
384109,L1,L2,L3,L3,L1,L2,L1,L1,L2,C2_2,D2_1,F2_1,,,N2_2,L_1,M_2
384110,L1,L2,L3,L3,L1,L2,L1,L1,L2,C2_2,D2_1,F2_1,,,N2_2,L_2,M_1
384111,L1,L2,L3,L3,L1,L2,L1,L1,L2,C2_2,D2_1,F2_1,,,N2_2,L_2,M_2
384112,L1,L2,L3,L3,L1,L2,L1,L1,L2,C2_2,D2_1,F2_1,,,N2_2,L_3,M_1
384113,L1,L2,L3,L3,L1,L2,L1,L1,L2,C2_2,D2_1,F2_1,,,N2_2,L_3,M_2
384114,L1,L2,L3,L3,L1,L2,L1,L1,L2,C2_2,D2_1,F2_2,,,N2_1,L_1,M_1
384115,L1,L2,L3,L3,L1,L2,L1,L1,L2,C2_2,D2_1,F2_2,,,N2_1,L_1,M_2
384116,L1,L2,L3,L3,L1,L2,L1,L1,L2,C2_2,D2_1,F2_2,,,N2_1,L_2,M_1
384117,L1,L2,L3,L3,L1,L2,L1,L1,L2,C2_2,D2_1,F2_2,,,N2_1,L_2,M_2
384118,L1,L2,L3,L3,L1,L2,L1,L1,L2,C2_2,D2_1,F2_2,,,N2_1,L_3,M_1
384119,L1,L2,L3,L3,L1,L2,L1,L1,L2,C2_2,D2_1,F2_2,,,N2_1,L_3,M_2
384120,L1,L2,L3,L3,L1,L2,L1,L1,L2,C2_2,D2_1,F2_2,,,N2_2,L_1,M_1
384121,L1,L2,L3,L3,L1,L2,L1,L1,L2,C2_2,D2_1,F2_2,,,N2_2,L_1,M_2
384122,L1,L2,L3,L3,L1,L2,L1,L1,L2,C2_2,D2_1,F2_2,,,N2_2,L_2,M_1
384123,L1,L2,L3,L3,L1,L2,L1,L1,L2,C2_2,D2_1,F2_2,,,N2_2,L_2,M_2
384124,L1,L2,L3,L3,L1,L2,L1,L1,L2,C2_2,D2_1,F2_2,,,N2_2,L_3,M_1
384125,L1,L2,L3,L3,L1,L2,L1,L1,L2,C2_2,D2_1,F2_2,,,N2_2,L_3,M_2
384126,L1,L2,L3,L3,L1,L2,L1,L1,L2,C2_2,D2_1,F2_3,,,N2_1,L_1,M_1
384127,L1,L2,L3,L3,L1,L2,L1,L1,L2,C2_2,D2_1,F2_3,,,N2_1,L_1,M_2
384128,L1,L2,L3,L3,L1,L2,L1,L1,L2,C2_2,D2_1,F2_3,,,N2_1,L_2,M_1
384129,L1,L2,L3,L3,L1,L2,L1,L1,L2,C2_2,D2_1,F2_3,,,N2_1,L_2,M_2
384130,L1,L2,L3,L3,L1,L2,L1,L1,L2,C2_2,D2_1,F2_3,,,N2_1,L_3,M_1
384131,L1,L2,L3,L3,L1,L2,L1,L1,L2,C2_2,D2_1,F2_3,,,N2_1,L_3,M_2
384132,L1,L2,L3,L3,L1,L2,L1,L1,L2,C2_2,D2_1,F2_3,,,N2_2,L_1,M_1
384133,L1,L2,L3,L3,L1,L2,L1,L1,L2,C2_2,D2_1,F2_3,,,N2_2,L_1,M_2
384134,L1,L2,L3,L3,L1,L2,L1,L1,L2,C2_2,D2_1,F2_3,,,N2_2,L_2,M_1
384135,L1,L2,L3,L3,L1,L2,L1,L1,L2,C2_2,D2_1,F2_3,,,N2_2,L_2,M_2
384136,L1,L2,L3,L3,L1,L2,L1,L1,L2,C2_2,D2_1,F2_3,,,N2_2,L_3,M_1
384137,L1,L2,L3,L3,L1,L2,L1,L1,L2,C2_2,D2_1,F2_3,,,N2_2,L_3,M_2
384138,L1,L2,L3,L3,L1,L2,L1,L1,L2,C2_2,D2_2,F2_1,,,N2_1,L_1,M_1
384139,L1,L2,L3,L3,L1,L2,L1,L1,L2,C2_2,D2_2,F2_1,,,N2_1,L_1,M_2
384140,L1,L2,L3,L3,L1,L2,L1,L1,L2,C2_2,D2_2,F2_1,,,N2_1,L_2,M_1
384141,L1,L2,L3,L3,L1,L2,L1,L1,L2,C2_2,D2_2,F2_1,,,N2_1,L_2,M_2
384142,L1,L2,L3,L3,L1,L2,L1,L1,L2,C2_2,D2_2,F2_1,,,N2_1,L_3,M_1
384143,L1,L2,L3,L3,L1,L2,L1,L1,L2,C2_2,D2_2,F2_1,,,N2_1,L_3,M_2
384144,L1,L2,L3,L3,L1,L2,L1,L1,L2,C2_2,D2_2,F2_1,,,N2_2,L_1,M_1
384145,L1,L2,L3,L3,L1,L2,L1,L1,L2,C2_2,D2_2,F2_1,,,N2_2,L_1,M_2
384146,L1,L2,L3,L3,L1,L2,L1,L1,L2,C2_2,D2_2,F2_1,,,N2_2,L_2,M_1
384147,L1,L2,L3,L3,L1,L2,L1,L1,L2,C2_2,D2_2,F2_1,,,N2_2,L_2,M_2
384148,L1,L2,L3,L3,L1,L2,L1,L1,L2,C2_2,D2_2,F2_1,,,N2_2,L_3,M_1
384149,L1,L2,L3,L3,L1,L2,L1,L1,L2,C2_2,D2_2,F2_1,,,N2_2,L_3,M_2
384150,L1,L2,L3,L3,L1,L2,L1,L1,L2,C2_2,D2_2,F2_2,,,N2_1,L_1,M_1
384151,L1,L2,L3,L3,L1,L2,L1,L1,L2,C2_2,D2_2,F2_2,,,N2_1,L_1,M_2
384152,L1,L2,L3,L3,L1,L2,L1,L1,L2,C2_2,D2_2,F2_2,,,N2_1,L_2,M_1
384153,L1,L2,L3,L3,L1,L2,L1,L1,L2,C2_2,D2_2,F2_2,,,N2_1,L_2,M_2
384154,L1,L2,L3,L3,L1,L2,L1,L1,L2,C2_2,D2_2,F2_2,,,N2_1,L_3,M_1
384155,L1,L2,L3,L3,L1,L2,L1,L1,L2,C2_2,D2_2,F2_2,,,N2_1,L_3,M_2
384156,L1,L2,L3,L3,L1,L2,L1,L1,L2,C2_2,D2_2,F2_2,,,N2_2,L_1,M_1
384157,L1,L2,L3,L3,L1,L2,L1,L1,L2,C2_2,D2_2,F2_2,,,N2_2,L_1,M_2
384158,L1,L2,L3,L3,L1,L2,L1,L1,L2,C2_2,D2_2,F2_2,,,N2_2,L_2,M_1
384159,L1,L2,L3,L3,L1,L2,L1,L1,L2,C2_2,D2_2,F2_2,,,N2_2,L_2,M_2
384160,L1,L2,L3,L3,L1,L2,L1,L1,L2,C2_2,D2_2,F2_2,,,N2_2,L_3,M_1
384161,L1,L2,L3,L3,L1,L2,L1,L1,L2,C2_2,D2_2,F2_2,,,N2_2,L_3,M_2
384162,L1,L2,L3,L3,L1,L2,L1,L1,L2,C2_2,D2_2,F2_3,,,N2_1,L_1,M_1
384163,L1,L2,L3,L3,L1,L2,L1,L1,L2,C2_2,D2_2,F2_3,,,N2_1,L_1,M_2
384164,L1,L2,L3,L3,L1,L2,L1,L1,L2,C2_2,D2_2,F2_3,,,N2_1,L_2,M_1
384165,L1,L2,L3,L3,L1,L2,L1,L1,L2,C2_2,D2_2,F2_3,,,N2_1,L_2,M_2
384166,L1,L2,L3,L3,L1,L2,L1,L1,L2,C2_2,D2_2,F2_3,,,N2_1,L_3,M_1
384167,L1,L2,L3,L3,L1,L2,L1,L1,L2,C2_2,D2_2,F2_3,,,N2_1,L_3,M_2
384168,L1,L2,L3,L3,L1,L2,L1,L1,L2,C2_2,D2_2,F2_3,,,N2_2,L_1,M_1
384169,L1,L2,L3,L3,L1,L2,L1,L1,L2,C2_2,D2_2,F2_3,,,N2_2,L_1,M_2
384170,L1,L2,L3,L3,L1,L2,L1,L1,L2,C2_2,D2_2,F2_3,,,N2_2,L_2,M_1
384171,L1,L2,L3,L3,L1,L2,L1,L1,L2,C2_2,D2_2,F2_3,,,N2_2,L_2,M_2
384172,L1,L2,L3,L3,L1,L2,L1,L1,L2,C2_2,D2_2,F2_3,,,N2_2,L_3,M_1
384173,L1,L2,L3,L3,L1,L2,L1,L1,L2,C2_2,D2_2,F2_3,,,N2_2,L_3,M_2
384174,L1,L2,L3,L3,L1,L2,L1,L1,L2,C2_2,D2_3,F2_1,,,N2_1,L_1,M_1
384175,L1,L2,L3,L3,L1,L2,L1,L1,L2,C2_2,D2_3,F2_1,,,N2_1,L_1,M_2
384176,L1,L2,L3,L3,L1,L2,L1,L1,L2,C2_2,D2_3,F2_1,,,N2_1,L_2,M_1
384177,L1,L2,L3,L3,L1,L2,L1,L1,L2,C2_2,D2_3,F2_1,,,N2_1,L_2,M_2
384178,L1,L2,L3,L3,L1,L2,L1,L1,L2,C2_2,D2_3,F2_1,,,N2_1,L_3,M_1
384179,L1,L2,L3,L3,L1,L2,L1,L1,L2,C2_2,D2_3,F2_1,,,N2_1,L_3,M_2
384180,L1,L2,L3,L3,L1,L2,L1,L1,L2,C2_2,D2_3,F2_1,,,N2_2,L_1,M_1
384181,L1,L2,L3,L3,L1,L2,L1,L1,L2,C2_2,D2_3,F2_1,,,N2_2,L_1,M_2
384182,L1,L2,L3,L3,L1,L2,L1,L1,L2,C2_2,D2_3,F2_1,,,N2_2,L_2,M_1
384183,L1,L2,L3,L3,L1,L2,L1,L1,L2,C2_2,D2_3,F2_1,,,N2_2,L_2,M_2
384184,L1,L2,L3,L3,L1,L2,L1,L1,L2,C2_2,D2_3,F2_1,,,N2_2,L_3,M_1
384185,L1,L2,L3,L3,L1,L2,L1,L1,L2,C2_2,D2_3,F2_1,,,N2_2,L_3,M_2
384186,L1,L2,L3,L3,L1,L2,L1,L1,L2,C2_2,D2_3,F2_2,,,N2_1,L_1,M_1
384187,L1,L2,L3,L3,L1,L2,L1,L1,L2,C2_2,D2_3,F2_2,,,N2_1,L_1,M_2
384188,L1,L2,L3,L3,L1,L2,L1,L1,L2,C2_2,D2_3,F2_2,,,N2_1,L_2,M_1
384189,L1,L2,L3,L3,L1,L2,L1,L1,L2,C2_2,D2_3,F2_2,,,N2_1,L_2,M_2
384190,L1,L2,L3,L3,L1,L2,L1,L1,L2,C2_2,D2_3,F2_2,,,N2_1,L_3,M_1
384191,L1,L2,L3,L3,L1,L2,L1,L1,L2,C2_2,D2_3,F2_2,,,N2_1,L_3,M_2
384192,L1,L2,L3,L3,L1,L2,L1,L1,L2,C2_2,D2_3,F2_2,,,N2_2,L_1,M_1
384193,L1,L2,L3,L3,L1,L2,L1,L1,L2,C2_2,D2_3,F2_2,,,N2_2,L_1,M_2
384194,L1,L2,L3,L3,L1,L2,L1,L1,L2,C2_2,D2_3,F2_2,,,N2_2,L_2,M_1
384195,L1,L2,L3,L3,L1,L2,L1,L1,L2,C2_2,D2_3,F2_2,,,N2_2,L_2,M_2
384196,L1,L2,L3,L3,L1,L2,L1,L1,L2,C2_2,D2_3,F2_2,,,N2_2,L_3,M_1
384197,L1,L2,L3,L3,L1,L2,L1,L1,L2,C2_2,D2_3,F2_2,,,N2_2,L_3,M_2
384198,L1,L2,L3,L3,L1,L2,L1,L1,L2,C2_2,D2_3,F2_3,,,N2_1,L_1,M_1
384199,L1,L2,L3,L3,L1,L2,L1,L1,L2,C2_2,D2_3,F2_3,,,N2_1,L_1,M_2
384200,L1,L2,L3,L3,L1,L2,L1,L1,L2,C2_2,D2_3,F2_3,,,N2_1,L_2,M_1
384201,L1,L2,L3,L3,L1,L2,L1,L1,L2,C2_2,D2_3,F2_3,,,N2_1,L_2,M_2
384202,L1,L2,L3,L3,L1,L2,L1,L1,L2,C2_2,D2_3,F2_3,,,N2_1,L_3,M_1
384203,L1,L2,L3,L3,L1,L2,L1,L1,L2,C2_2,D2_3,F2_3,,,N2_1,L_3,M_2
384204,L1,L2,L3,L3,L1,L2,L1,L1,L2,C2_2,D2_3,F2_3,,,N2_2,L_1,M_1
384205,L1,L2,L3,L3,L1,L2,L1,L1,L2,C2_2,D2_3,F2_3,,,N2_2,L_1,M_2
384206,L1,L2,L3,L3,L1,L2,L1,L1,L2,C2_2,D2_3,F2_3,,,N2_2,L_2,M_1
384207,L1,L2,L3,L3,L1,L2,L1,L1,L2,C2_2,D2_3,F2_3,,,N2_2,L_2,M_2
384208,L1,L2,L3,L3,L1,L2,L1,L1,L2,C2_2,D2_3,F2_3,,,N2_2,L_3,M_1
384209,L1,L2,L3,L3,L1,L2,L1,L1,L2,C2_2,D2_3,F2_3,,,N2_2,L_3,M_2
384210,L1,L2,L3,L3,L1,L2,L1,L1,L2,C2_3,D2_1,F2_1,,,N2_1,L_1,M_1
384211,L1,L2,L3,L3,L1,L2,L1,L1,L2,C2_3,D2_1,F2_1,,,N2_1,L_1,M_2
384212,L1,L2,L3,L3,L1,L2,L1,L1,L2,C2_3,D2_1,F2_1,,,N2_1,L_2,M_1
384213,L1,L2,L3,L3,L1,L2,L1,L1,L2,C2_3,D2_1,F2_1,,,N2_1,L_2,M_2
384214,L1,L2,L3,L3,L1,L2,L1,L1,L2,C2_3,D2_1,F2_1,,,N2_1,L_3,M_1
384215,L1,L2,L3,L3,L1,L2,L1,L1,L2,C2_3,D2_1,F2_1,,,N2_1,L_3,M_2
384216,L1,L2,L3,L3,L1,L2,L1,L1,L2,C2_3,D2_1,F2_1,,,N2_2,L_1,M_1
384217,L1,L2,L3,L3,L1,L2,L1,L1,L2,C2_3,D2_1,F2_1,,,N2_2,L_1,M_2
384218,L1,L2,L3,L3,L1,L2,L1,L1,L2,C2_3,D2_1,F2_1,,,N2_2,L_2,M_1
384219,L1,L2,L3,L3,L1,L2,L1,L1,L2,C2_3,D2_1,F2_1,,,N2_2,L_2,M_2
384220,L1,L2,L3,L3,L1,L2,L1,L1,L2,C2_3,D2_1,F2_1,,,N2_2,L_3,M_1
384221,L1,L2,L3,L3,L1,L2,L1,L1,L2,C2_3,D2_1,F2_1,,,N2_2,L_3,M_2
384222,L1,L2,L3,L3,L1,L2,L1,L1,L2,C2_3,D2_1,F2_2,,,N2_1,L_1,M_1
384223,L1,L2,L3,L3,L1,L2,L1,L1,L2,C2_3,D2_1,F2_2,,,N2_1,L_1,M_2
384224,L1,L2,L3,L3,L1,L2,L1,L1,L2,C2_3,D2_1,F2_2,,,N2_1,L_2,M_1
384225,L1,L2,L3,L3,L1,L2,L1,L1,L2,C2_3,D2_1,F2_2,,,N2_1,L_2,M_2
384226,L1,L2,L3,L3,L1,L2,L1,L1,L2,C2_3,D2_1,F2_2,,,N2_1,L_3,M_1
384227,L1,L2,L3,L3,L1,L2,L1,L1,L2,C2_3,D2_1,F2_2,,,N2_1,L_3,M_2
384228,L1,L2,L3,L3,L1,L2,L1,L1,L2,C2_3,D2_1,F2_2,,,N2_2,L_1,M_1
384229,L1,L2,L3,L3,L1,L2,L1,L1,L2,C2_3,D2_1,F2_2,,,N2_2,L_1,M_2
384230,L1,L2,L3,L3,L1,L2,L1,L1,L2,C2_3,D2_1,F2_2,,,N2_2,L_2,M_1
384231,L1,L2,L3,L3,L1,L2,L1,L1,L2,C2_3,D2_1,F2_2,,,N2_2,L_2,M_2
384232,L1,L2,L3,L3,L1,L2,L1,L1,L2,C2_3,D2_1,F2_2,,,N2_2,L_3,M_1
384233,L1,L2,L3,L3,L1,L2,L1,L1,L2,C2_3,D2_1,F2_2,,,N2_2,L_3,M_2
384234,L1,L2,L3,L3,L1,L2,L1,L1,L2,C2_3,D2_1,F2_3,,,N2_1,L_1,M_1
384235,L1,L2,L3,L3,L1,L2,L1,L1,L2,C2_3,D2_1,F2_3,,,N2_1,L_1,M_2
384236,L1,L2,L3,L3,L1,L2,L1,L1,L2,C2_3,D2_1,F2_3,,,N2_1,L_2,M_1
384237,L1,L2,L3,L3,L1,L2,L1,L1,L2,C2_3,D2_1,F2_3,,,N2_1,L_2,M_2
384238,L1,L2,L3,L3,L1,L2,L1,L1,L2,C2_3,D2_1,F2_3,,,N2_1,L_3,M_1
384239,L1,L2,L3,L3,L1,L2,L1,L1,L2,C2_3,D2_1,F2_3,,,N2_1,L_3,M_2
384240,L1,L2,L3,L3,L1,L2,L1,L1,L2,C2_3,D2_1,F2_3,,,N2_2,L_1,M_1
384241,L1,L2,L3,L3,L1,L2,L1,L1,L2,C2_3,D2_1,F2_3,,,N2_2,L_1,M_2
384242,L1,L2,L3,L3,L1,L2,L1,L1,L2,C2_3,D2_1,F2_3,,,N2_2,L_2,M_1
384243,L1,L2,L3,L3,L1,L2,L1,L1,L2,C2_3,D2_1,F2_3,,,N2_2,L_2,M_2
384244,L1,L2,L3,L3,L1,L2,L1,L1,L2,C2_3,D2_1,F2_3,,,N2_2,L_3,M_1
384245,L1,L2,L3,L3,L1,L2,L1,L1,L2,C2_3,D2_1,F2_3,,,N2_2,L_3,M_2
384246,L1,L2,L3,L3,L1,L2,L1,L1,L2,C2_3,D2_2,F2_1,,,N2_1,L_1,M_1
384247,L1,L2,L3,L3,L1,L2,L1,L1,L2,C2_3,D2_2,F2_1,,,N2_1,L_1,M_2
384248,L1,L2,L3,L3,L1,L2,L1,L1,L2,C2_3,D2_2,F2_1,,,N2_1,L_2,M_1
384249,L1,L2,L3,L3,L1,L2,L1,L1,L2,C2_3,D2_2,F2_1,,,N2_1,L_2,M_2
384250,L1,L2,L3,L3,L1,L2,L1,L1,L2,C2_3,D2_2,F2_1,,,N2_1,L_3,M_1
384251,L1,L2,L3,L3,L1,L2,L1,L1,L2,C2_3,D2_2,F2_1,,,N2_1,L_3,M_2
384252,L1,L2,L3,L3,L1,L2,L1,L1,L2,C2_3,D2_2,F2_1,,,N2_2,L_1,M_1
384253,L1,L2,L3,L3,L1,L2,L1,L1,L2,C2_3,D2_2,F2_1,,,N2_2,L_1,M_2
384254,L1,L2,L3,L3,L1,L2,L1,L1,L2,C2_3,D2_2,F2_1,,,N2_2,L_2,M_1
384255,L1,L2,L3,L3,L1,L2,L1,L1,L2,C2_3,D2_2,F2_1,,,N2_2,L_2,M_2
384256,L1,L2,L3,L3,L1,L2,L1,L1,L2,C2_3,D2_2,F2_1,,,N2_2,L_3,M_1
384257,L1,L2,L3,L3,L1,L2,L1,L1,L2,C2_3,D2_2,F2_1,,,N2_2,L_3,M_2
384258,L1,L2,L3,L3,L1,L2,L1,L1,L2,C2_3,D2_2,F2_2,,,N2_1,L_1,M_1
384259,L1,L2,L3,L3,L1,L2,L1,L1,L2,C2_3,D2_2,F2_2,,,N2_1,L_1,M_2
384260,L1,L2,L3,L3,L1,L2,L1,L1,L2,C2_3,D2_2,F2_2,,,N2_1,L_2,M_1
384261,L1,L2,L3,L3,L1,L2,L1,L1,L2,C2_3,D2_2,F2_2,,,N2_1,L_2,M_2
384262,L1,L2,L3,L3,L1,L2,L1,L1,L2,C2_3,D2_2,F2_2,,,N2_1,L_3,M_1
384263,L1,L2,L3,L3,L1,L2,L1,L1,L2,C2_3,D2_2,F2_2,,,N2_1,L_3,M_2
384264,L1,L2,L3,L3,L1,L2,L1,L1,L2,C2_3,D2_2,F2_2,,,N2_2,L_1,M_1
384265,L1,L2,L3,L3,L1,L2,L1,L1,L2,C2_3,D2_2,F2_2,,,N2_2,L_1,M_2
384266,L1,L2,L3,L3,L1,L2,L1,L1,L2,C2_3,D2_2,F2_2,,,N2_2,L_2,M_1
384267,L1,L2,L3,L3,L1,L2,L1,L1,L2,C2_3,D2_2,F2_2,,,N2_2,L_2,M_2
384268,L1,L2,L3,L3,L1,L2,L1,L1,L2,C2_3,D2_2,F2_2,,,N2_2,L_3,M_1
384269,L1,L2,L3,L3,L1,L2,L1,L1,L2,C2_3,D2_2,F2_2,,,N2_2,L_3,M_2
384270,L1,L2,L3,L3,L1,L2,L1,L1,L2,C2_3,D2_2,F2_3,,,N2_1,L_1,M_1
384271,L1,L2,L3,L3,L1,L2,L1,L1,L2,C2_3,D2_2,F2_3,,,N2_1,L_1,M_2
384272,L1,L2,L3,L3,L1,L2,L1,L1,L2,C2_3,D2_2,F2_3,,,N2_1,L_2,M_1
384273,L1,L2,L3,L3,L1,L2,L1,L1,L2,C2_3,D2_2,F2_3,,,N2_1,L_2,M_2
384274,L1,L2,L3,L3,L1,L2,L1,L1,L2,C2_3,D2_2,F2_3,,,N2_1,L_3,M_1
384275,L1,L2,L3,L3,L1,L2,L1,L1,L2,C2_3,D2_2,F2_3,,,N2_1,L_3,M_2
384276,L1,L2,L3,L3,L1,L2,L1,L1,L2,C2_3,D2_2,F2_3,,,N2_2,L_1,M_1
384277,L1,L2,L3,L3,L1,L2,L1,L1,L2,C2_3,D2_2,F2_3,,,N2_2,L_1,M_2
384278,L1,L2,L3,L3,L1,L2,L1,L1,L2,C2_3,D2_2,F2_3,,,N2_2,L_2,M_1
384279,L1,L2,L3,L3,L1,L2,L1,L1,L2,C2_3,D2_2,F2_3,,,N2_2,L_2,M_2
384280,L1,L2,L3,L3,L1,L2,L1,L1,L2,C2_3,D2_2,F2_3,,,N2_2,L_3,M_1
384281,L1,L2,L3,L3,L1,L2,L1,L1,L2,C2_3,D2_2,F2_3,,,N2_2,L_3,M_2
384282,L1,L2,L3,L3,L1,L2,L1,L1,L2,C2_3,D2_3,F2_1,,,N2_1,L_1,M_1
384283,L1,L2,L3,L3,L1,L2,L1,L1,L2,C2_3,D2_3,F2_1,,,N2_1,L_1,M_2
384284,L1,L2,L3,L3,L1,L2,L1,L1,L2,C2_3,D2_3,F2_1,,,N2_1,L_2,M_1
384285,L1,L2,L3,L3,L1,L2,L1,L1,L2,C2_3,D2_3,F2_1,,,N2_1,L_2,M_2
384286,L1,L2,L3,L3,L1,L2,L1,L1,L2,C2_3,D2_3,F2_1,,,N2_1,L_3,M_1
384287,L1,L2,L3,L3,L1,L2,L1,L1,L2,C2_3,D2_3,F2_1,,,N2_1,L_3,M_2
384288,L1,L2,L3,L3,L1,L2,L1,L1,L2,C2_3,D2_3,F2_1,,,N2_2,L_1,M_1
384289,L1,L2,L3,L3,L1,L2,L1,L1,L2,C2_3,D2_3,F2_1,,,N2_2,L_1,M_2
384290,L1,L2,L3,L3,L1,L2,L1,L1,L2,C2_3,D2_3,F2_1,,,N2_2,L_2,M_1
384291,L1,L2,L3,L3,L1,L2,L1,L1,L2,C2_3,D2_3,F2_1,,,N2_2,L_2,M_2
384292,L1,L2,L3,L3,L1,L2,L1,L1,L2,C2_3,D2_3,F2_1,,,N2_2,L_3,M_1
384293,L1,L2,L3,L3,L1,L2,L1,L1,L2,C2_3,D2_3,F2_1,,,N2_2,L_3,M_2
384294,L1,L2,L3,L3,L1,L2,L1,L1,L2,C2_3,D2_3,F2_2,,,N2_1,L_1,M_1
384295,L1,L2,L3,L3,L1,L2,L1,L1,L2,C2_3,D2_3,F2_2,,,N2_1,L_1,M_2
384296,L1,L2,L3,L3,L1,L2,L1,L1,L2,C2_3,D2_3,F2_2,,,N2_1,L_2,M_1
384297,L1,L2,L3,L3,L1,L2,L1,L1,L2,C2_3,D2_3,F2_2,,,N2_1,L_2,M_2
384298,L1,L2,L3,L3,L1,L2,L1,L1,L2,C2_3,D2_3,F2_2,,,N2_1,L_3,M_1
384299,L1,L2,L3,L3,L1,L2,L1,L1,L2,C2_3,D2_3,F2_2,,,N2_1,L_3,M_2
384300,L1,L2,L3,L3,L1,L2,L1,L1,L2,C2_3,D2_3,F2_2,,,N2_2,L_1,M_1
384301,L1,L2,L3,L3,L1,L2,L1,L1,L2,C2_3,D2_3,F2_2,,,N2_2,L_1,M_2
384302,L1,L2,L3,L3,L1,L2,L1,L1,L2,C2_3,D2_3,F2_2,,,N2_2,L_2,M_1
384303,L1,L2,L3,L3,L1,L2,L1,L1,L2,C2_3,D2_3,F2_2,,,N2_2,L_2,M_2
384304,L1,L2,L3,L3,L1,L2,L1,L1,L2,C2_3,D2_3,F2_2,,,N2_2,L_3,M_1
384305,L1,L2,L3,L3,L1,L2,L1,L1,L2,C2_3,D2_3,F2_2,,,N2_2,L_3,M_2
384306,L1,L2,L3,L3,L1,L2,L1,L1,L2,C2_3,D2_3,F2_3,,,N2_1,L_1,M_1
384307,L1,L2,L3,L3,L1,L2,L1,L1,L2,C2_3,D2_3,F2_3,,,N2_1,L_1,M_2
384308,L1,L2,L3,L3,L1,L2,L1,L1,L2,C2_3,D2_3,F2_3,,,N2_1,L_2,M_1
384309,L1,L2,L3,L3,L1,L2,L1,L1,L2,C2_3,D2_3,F2_3,,,N2_1,L_2,M_2
384310,L1,L2,L3,L3,L1,L2,L1,L1,L2,C2_3,D2_3,F2_3,,,N2_1,L_3,M_1
384311,L1,L2,L3,L3,L1,L2,L1,L1,L2,C2_3,D2_3,F2_3,,,N2_1,L_3,M_2
384312,L1,L2,L3,L3,L1,L2,L1,L1,L2,C2_3,D2_3,F2_3,,,N2_2,L_1,M_1
384313,L1,L2,L3,L3,L1,L2,L1,L1,L2,C2_3,D2_3,F2_3,,,N2_2,L_1,M_2
384314,L1,L2,L3,L3,L1,L2,L1,L1,L2,C2_3,D2_3,F2_3,,,N2_2,L_2,M_1
384315,L1,L2,L3,L3,L1,L2,L1,L1,L2,C2_3,D2_3,F2_3,,,N2_2,L_2,M_2
384316,L1,L2,L3,L3,L1,L2,L1,L1,L2,C2_3,D2_3,F2_3,,,N2_2,L_3,M_1
384317,L1,L2,L3,L3,L1,L2,L1,L1,L2,C2_3,D2_3,F2_3,,,N2_2,L_3,M_2
396144,L2,L2,L3,L2,L2,L2,L1,L1,L2,C2_1,D2_1,F2_1,,,N2_1,L_1,M_1
396145,L2,L2,L3,L2,L2,L2,L1,L1,L2,C2_1,D2_1,F2_1,,,N2_1,L_1,M_2
396146,L2,L2,L3,L2,L2,L2,L1,L1,L2,C2_1,D2_1,F2_1,,,N2_1,L_2,M_1
396147,L2,L2,L3,L2,L2,L2,L1,L1,L2,C2_1,D2_1,F2_1,,,N2_1,L_2,M_2
396148,L2,L2,L3,L2,L2,L2,L1,L1,L2,C2_1,D2_1,F2_1,,,N2_1,L_3,M_1
396149,L2,L2,L3,L2,L2,L2,L1,L1,L2,C2_1,D2_1,F2_1,,,N2_1,L_3,M_2
396150,L2,L2,L3,L2,L2,L2,L1,L1,L2,C2_1,D2_1,F2_1,,,N2_2,L_1,M_1
396151,L2,L2,L3,L2,L2,L2,L1,L1,L2,C2_1,D2_1,F2_1,,,N2_2,L_1,M_2
396152,L2,L2,L3,L2,L2,L2,L1,L1,L2,C2_1,D2_1,F2_1,,,N2_2,L_2,M_1
396153,L2,L2,L3,L2,L2,L2,L1,L1,L2,C2_1,D2_1,F2_1,,,N2_2,L_2,M_2
396154,L2,L2,L3,L2,L2,L2,L1,L1,L2,C2_1,D2_1,F2_1,,,N2_2,L_3,M_1
396155,L2,L2,L3,L2,L2,L2,L1,L1,L2,C2_1,D2_1,F2_1,,,N2_2,L_3,M_2
396156,L2,L2,L3,L2,L2,L2,L1,L1,L2,C2_1,D2_1,F2_2,,,N2_1,L_1,M_1
396157,L2,L2,L3,L2,L2,L2,L1,L1,L2,C2_1,D2_1,F2_2,,,N2_1,L_1,M_2
396158,L2,L2,L3,L2,L2,L2,L1,L1,L2,C2_1,D2_1,F2_2,,,N2_1,L_2,M_1
396159,L2,L2,L3,L2,L2,L2,L1,L1,L2,C2_1,D2_1,F2_2,,,N2_1,L_2,M_2
396160,L2,L2,L3,L2,L2,L2,L1,L1,L2,C2_1,D2_1,F2_2,,,N2_1,L_3,M_1
396161,L2,L2,L3,L2,L2,L2,L1,L1,L2,C2_1,D2_1,F2_2,,,N2_1,L_3,M_2
396162,L2,L2,L3,L2,L2,L2,L1,L1,L2,C2_1,D2_1,F2_2,,,N2_2,L_1,M_1
396163,L2,L2,L3,L2,L2,L2,L1,L1,L2,C2_1,D2_1,F2_2,,,N2_2,L_1,M_2
396164,L2,L2,L3,L2,L2,L2,L1,L1,L2,C2_1,D2_1,F2_2,,,N2_2,L_2,M_1
396165,L2,L2,L3,L2,L2,L2,L1,L1,L2,C2_1,D2_1,F2_2,,,N2_2,L_2,M_2
396166,L2,L2,L3,L2,L2,L2,L1,L1,L2,C2_1,D2_1,F2_2,,,N2_2,L_3,M_1
396167,L2,L2,L3,L2,L2,L2,L1,L1,L2,C2_1,D2_1,F2_2,,,N2_2,L_3,M_2
396168,L2,L2,L3,L2,L2,L2,L1,L1,L2,C2_1,D2_1,F2_3,,,N2_1,L_1,M_1
396169,L2,L2,L3,L2,L2,L2,L1,L1,L2,C2_1,D2_1,F2_3,,,N2_1,L_1,M_2
396170,L2,L2,L3,L2,L2,L2,L1,L1,L2,C2_1,D2_1,F2_3,,,N2_1,L_2,M_1
396171,L2,L2,L3,L2,L2,L2,L1,L1,L2,C2_1,D2_1,F2_3,,,N2_1,L_2,M_2
396172,L2,L2,L3,L2,L2,L2,L1,L1,L2,C2_1,D2_1,F2_3,,,N2_1,L_3,M_1
396173,L2,L2,L3,L2,L2,L2,L1,L1,L2,C2_1,D2_1,F2_3,,,N2_1,L_3,M_2
396174,L2,L2,L3,L2,L2,L2,L1,L1,L2,C2_1,D2_1,F2_3,,,N2_2,L_1,M_1
396175,L2,L2,L3,L2,L2,L2,L1,L1,L2,C2_1,D2_1,F2_3,,,N2_2,L_1,M_2
396176,L2,L2,L3,L2,L2,L2,L1,L1,L2,C2_1,D2_1,F2_3,,,N2_2,L_2,M_1
396177,L2,L2,L3,L2,L2,L2,L1,L1,L2,C2_1,D2_1,F2_3,,,N2_2,L_2,M_2
396178,L2,L2,L3,L2,L2,L2,L1,L1,L2,C2_1,D2_1,F2_3,,,N2_2,L_3,M_1
396179,L2,L2,L3,L2,L2,L2,L1,L1,L2,C2_1,D2_1,F2_3,,,N2_2,L_3,M_2
396180,L2,L2,L3,L2,L2,L2,L1,L1,L2,C2_1,D2_2,F2_1,,,N2_1,L_1,M_1
396181,L2,L2,L3,L2,L2,L2,L1,L1,L2,C2_1,D2_2,F2_1,,,N2_1,L_1,M_2
396182,L2,L2,L3,L2,L2,L2,L1,L1,L2,C2_1,D2_2,F2_1,,,N2_1,L_2,M_1
396183,L2,L2,L3,L2,L2,L2,L1,L1,L2,C2_1,D2_2,F2_1,,,N2_1,L_2,M_2
396184,L2,L2,L3,L2,L2,L2,L1,L1,L2,C2_1,D2_2,F2_1,,,N2_1,L_3,M_1
396185,L2,L2,L3,L2,L2,L2,L1,L1,L2,C2_1,D2_2,F2_1,,,N2_1,L_3,M_2
396186,L2,L2,L3,L2,L2,L2,L1,L1,L2,C2_1,D2_2,F2_1,,,N2_2,L_1,M_1
396187,L2,L2,L3,L2,L2,L2,L1,L1,L2,C2_1,D2_2,F2_1,,,N2_2,L_1,M_2
396188,L2,L2,L3,L2,L2,L2,L1,L1,L2,C2_1,D2_2,F2_1,,,N2_2,L_2,M_1
396189,L2,L2,L3,L2,L2,L2,L1,L1,L2,C2_1,D2_2,F2_1,,,N2_2,L_2,M_2
396190,L2,L2,L3,L2,L2,L2,L1,L1,L2,C2_1,D2_2,F2_1,,,N2_2,L_3,M_1
396191,L2,L2,L3,L2,L2,L2,L1,L1,L2,C2_1,D2_2,F2_1,,,N2_2,L_3,M_2
396192,L2,L2,L3,L2,L2,L2,L1,L1,L2,C2_1,D2_2,F2_2,,,N2_1,L_1,M_1
396193,L2,L2,L3,L2,L2,L2,L1,L1,L2,C2_1,D2_2,F2_2,,,N2_1,L_1,M_2
396194,L2,L2,L3,L2,L2,L2,L1,L1,L2,C2_1,D2_2,F2_2,,,N2_1,L_2,M_1
396195,L2,L2,L3,L2,L2,L2,L1,L1,L2,C2_1,D2_2,F2_2,,,N2_1,L_2,M_2
396196,L2,L2,L3,L2,L2,L2,L1,L1,L2,C2_1,D2_2,F2_2,,,N2_1,L_3,M_1
396197,L2,L2,L3,L2,L2,L2,L1,L1,L2,C2_1,D2_2,F2_2,,,N2_1,L_3,M_2
396198,L2,L2,L3,L2,L2,L2,L1,L1,L2,C2_1,D2_2,F2_2,,,N2_2,L_1,M_1
396199,L2,L2,L3,L2,L2,L2,L1,L1,L2,C2_1,D2_2,F2_2,,,N2_2,L_1,M_2
396200,L2,L2,L3,L2,L2,L2,L1,L1,L2,C2_1,D2_2,F2_2,,,N2_2,L_2,M_1
396201,L2,L2,L3,L2,L2,L2,L1,L1,L2,C2_1,D2_2,F2_2,,,N2_2,L_2,M_2
396202,L2,L2,L3,L2,L2,L2,L1,L1,L2,C2_1,D2_2,F2_2,,,N2_2,L_3,M_1
396203,L2,L2,L3,L2,L2,L2,L1,L1,L2,C2_1,D2_2,F2_2,,,N2_2,L_3,M_2
396204,L2,L2,L3,L2,L2,L2,L1,L1,L2,C2_1,D2_2,F2_3,,,N2_1,L_1,M_1
396205,L2,L2,L3,L2,L2,L2,L1,L1,L2,C2_1,D2_2,F2_3,,,N2_1,L_1,M_2
396206,L2,L2,L3,L2,L2,L2,L1,L1,L2,C2_1,D2_2,F2_3,,,N2_1,L_2,M_1
396207,L2,L2,L3,L2,L2,L2,L1,L1,L2,C2_1,D2_2,F2_3,,,N2_1,L_2,M_2
396208,L2,L2,L3,L2,L2,L2,L1,L1,L2,C2_1,D2_2,F2_3,,,N2_1,L_3,M_1
396209,L2,L2,L3,L2,L2,L2,L1,L1,L2,C2_1,D2_2,F2_3,,,N2_1,L_3,M_2
396210,L2,L2,L3,L2,L2,L2,L1,L1,L2,C2_1,D2_2,F2_3,,,N2_2,L_1,M_1
396211,L2,L2,L3,L2,L2,L2,L1,L1,L2,C2_1,D2_2,F2_3,,,N2_2,L_1,M_2
396212,L2,L2,L3,L2,L2,L2,L1,L1,L2,C2_1,D2_2,F2_3,,,N2_2,L_2,M_1
396213,L2,L2,L3,L2,L2,L2,L1,L1,L2,C2_1,D2_2,F2_3,,,N2_2,L_2,M_2
396214,L2,L2,L3,L2,L2,L2,L1,L1,L2,C2_1,D2_2,F2_3,,,N2_2,L_3,M_1
396215,L2,L2,L3,L2,L2,L2,L1,L1,L2,C2_1,D2_2,F2_3,,,N2_2,L_3,M_2
396216,L2,L2,L3,L2,L2,L2,L1,L1,L2,C2_1,D2_3,F2_1,,,N2_1,L_1,M_1
396217,L2,L2,L3,L2,L2,L2,L1,L1,L2,C2_1,D2_3,F2_1,,,N2_1,L_1,M_2
396218,L2,L2,L3,L2,L2,L2,L1,L1,L2,C2_1,D2_3,F2_1,,,N2_1,L_2,M_1
396219,L2,L2,L3,L2,L2,L2,L1,L1,L2,C2_1,D2_3,F2_1,,,N2_1,L_2,M_2
396220,L2,L2,L3,L2,L2,L2,L1,L1,L2,C2_1,D2_3,F2_1,,,N2_1,L_3,M_1
396221,L2,L2,L3,L2,L2,L2,L1,L1,L2,C2_1,D2_3,F2_1,,,N2_1,L_3,M_2
396222,L2,L2,L3,L2,L2,L2,L1,L1,L2,C2_1,D2_3,F2_1,,,N2_2,L_1,M_1
396223,L2,L2,L3,L2,L2,L2,L1,L1,L2,C2_1,D2_3,F2_1,,,N2_2,L_1,M_2
396224,L2,L2,L3,L2,L2,L2,L1,L1,L2,C2_1,D2_3,F2_1,,,N2_2,L_2,M_1
396225,L2,L2,L3,L2,L2,L2,L1,L1,L2,C2_1,D2_3,F2_1,,,N2_2,L_2,M_2
396226,L2,L2,L3,L2,L2,L2,L1,L1,L2,C2_1,D2_3,F2_1,,,N2_2,L_3,M_1
396227,L2,L2,L3,L2,L2,L2,L1,L1,L2,C2_1,D2_3,F2_1,,,N2_2,L_3,M_2
396228,L2,L2,L3,L2,L2,L2,L1,L1,L2,C2_1,D2_3,F2_2,,,N2_1,L_1,M_1
396229,L2,L2,L3,L2,L2,L2,L1,L1,L2,C2_1,D2_3,F2_2,,,N2_1,L_1,M_2
396230,L2,L2,L3,L2,L2,L2,L1,L1,L2,C2_1,D2_3,F2_2,,,N2_1,L_2,M_1
396231,L2,L2,L3,L2,L2,L2,L1,L1,L2,C2_1,D2_3,F2_2,,,N2_1,L_2,M_2
396232,L2,L2,L3,L2,L2,L2,L1,L1,L2,C2_1,D2_3,F2_2,,,N2_1,L_3,M_1
396233,L2,L2,L3,L2,L2,L2,L1,L1,L2,C2_1,D2_3,F2_2,,,N2_1,L_3,M_2
396234,L2,L2,L3,L2,L2,L2,L1,L1,L2,C2_1,D2_3,F2_2,,,N2_2,L_1,M_1
396235,L2,L2,L3,L2,L2,L2,L1,L1,L2,C2_1,D2_3,F2_2,,,N2_2,L_1,M_2
396236,L2,L2,L3,L2,L2,L2,L1,L1,L2,C2_1,D2_3,F2_2,,,N2_2,L_2,M_1
396237,L2,L2,L3,L2,L2,L2,L1,L1,L2,C2_1,D2_3,F2_2,,,N2_2,L_2,M_2
396238,L2,L2,L3,L2,L2,L2,L1,L1,L2,C2_1,D2_3,F2_2,,,N2_2,L_3,M_1
396239,L2,L2,L3,L2,L2,L2,L1,L1,L2,C2_1,D2_3,F2_2,,,N2_2,L_3,M_2
396240,L2,L2,L3,L2,L2,L2,L1,L1,L2,C2_1,D2_3,F2_3,,,N2_1,L_1,M_1
396241,L2,L2,L3,L2,L2,L2,L1,L1,L2,C2_1,D2_3,F2_3,,,N2_1,L_1,M_2
396242,L2,L2,L3,L2,L2,L2,L1,L1,L2,C2_1,D2_3,F2_3,,,N2_1,L_2,M_1
396243,L2,L2,L3,L2,L2,L2,L1,L1,L2,C2_1,D2_3,F2_3,,,N2_1,L_2,M_2
396244,L2,L2,L3,L2,L2,L2,L1,L1,L2,C2_1,D2_3,F2_3,,,N2_1,L_3,M_1
396245,L2,L2,L3,L2,L2,L2,L1,L1,L2,C2_1,D2_3,F2_3,,,N2_1,L_3,M_2
396246,L2,L2,L3,L2,L2,L2,L1,L1,L2,C2_1,D2_3,F2_3,,,N2_2,L_1,M_1
396247,L2,L2,L3,L2,L2,L2,L1,L1,L2,C2_1,D2_3,F2_3,,,N2_2,L_1,M_2
396248,L2,L2,L3,L2,L2,L2,L1,L1,L2,C2_1,D2_3,F2_3,,,N2_2,L_2,M_1
396249,L2,L2,L3,L2,L2,L2,L1,L1,L2,C2_1,D2_3,F2_3,,,N2_2,L_2,M_2
396250,L2,L2,L3,L2,L2,L2,L1,L1,L2,C2_1,D2_3,F2_3,,,N2_2,L_3,M_1
396251,L2,L2,L3,L2,L2,L2,L1,L1,L2,C2_1,D2_3,F2_3,,,N2_2,L_3,M_2
396252,L2,L2,L3,L2,L2,L2,L1,L1,L2,C2_2,D2_1,F2_1,,,N2_1,L_1,M_1
396253,L2,L2,L3,L2,L2,L2,L1,L1,L2,C2_2,D2_1,F2_1,,,N2_1,L_1,M_2
396254,L2,L2,L3,L2,L2,L2,L1,L1,L2,C2_2,D2_1,F2_1,,,N2_1,L_2,M_1
396255,L2,L2,L3,L2,L2,L2,L1,L1,L2,C2_2,D2_1,F2_1,,,N2_1,L_2,M_2
396256,L2,L2,L3,L2,L2,L2,L1,L1,L2,C2_2,D2_1,F2_1,,,N2_1,L_3,M_1
396257,L2,L2,L3,L2,L2,L2,L1,L1,L2,C2_2,D2_1,F2_1,,,N2_1,L_3,M_2
396258,L2,L2,L3,L2,L2,L2,L1,L1,L2,C2_2,D2_1,F2_1,,,N2_2,L_1,M_1
396259,L2,L2,L3,L2,L2,L2,L1,L1,L2,C2_2,D2_1,F2_1,,,N2_2,L_1,M_2
396260,L2,L2,L3,L2,L2,L2,L1,L1,L2,C2_2,D2_1,F2_1,,,N2_2,L_2,M_1
396261,L2,L2,L3,L2,L2,L2,L1,L1,L2,C2_2,D2_1,F2_1,,,N2_2,L_2,M_2
396262,L2,L2,L3,L2,L2,L2,L1,L1,L2,C2_2,D2_1,F2_1,,,N2_2,L_3,M_1
396263,L2,L2,L3,L2,L2,L2,L1,L1,L2,C2_2,D2_1,F2_1,,,N2_2,L_3,M_2
396264,L2,L2,L3,L2,L2,L2,L1,L1,L2,C2_2,D2_1,F2_2,,,N2_1,L_1,M_1
396265,L2,L2,L3,L2,L2,L2,L1,L1,L2,C2_2,D2_1,F2_2,,,N2_1,L_1,M_2
396266,L2,L2,L3,L2,L2,L2,L1,L1,L2,C2_2,D2_1,F2_2,,,N2_1,L_2,M_1
396267,L2,L2,L3,L2,L2,L2,L1,L1,L2,C2_2,D2_1,F2_2,,,N2_1,L_2,M_2
396268,L2,L2,L3,L2,L2,L2,L1,L1,L2,C2_2,D2_1,F2_2,,,N2_1,L_3,M_1
396269,L2,L2,L3,L2,L2,L2,L1,L1,L2,C2_2,D2_1,F2_2,,,N2_1,L_3,M_2
396270,L2,L2,L3,L2,L2,L2,L1,L1,L2,C2_2,D2_1,F2_2,,,N2_2,L_1,M_1
396271,L2,L2,L3,L2,L2,L2,L1,L1,L2,C2_2,D2_1,F2_2,,,N2_2,L_1,M_2
396272,L2,L2,L3,L2,L2,L2,L1,L1,L2,C2_2,D2_1,F2_2,,,N2_2,L_2,M_1
396273,L2,L2,L3,L2,L2,L2,L1,L1,L2,C2_2,D2_1,F2_2,,,N2_2,L_2,M_2
396274,L2,L2,L3,L2,L2,L2,L1,L1,L2,C2_2,D2_1,F2_2,,,N2_2,L_3,M_1
396275,L2,L2,L3,L2,L2,L2,L1,L1,L2,C2_2,D2_1,F2_2,,,N2_2,L_3,M_2
396276,L2,L2,L3,L2,L2,L2,L1,L1,L2,C2_2,D2_1,F2_3,,,N2_1,L_1,M_1
396277,L2,L2,L3,L2,L2,L2,L1,L1,L2,C2_2,D2_1,F2_3,,,N2_1,L_1,M_2
396278,L2,L2,L3,L2,L2,L2,L1,L1,L2,C2_2,D2_1,F2_3,,,N2_1,L_2,M_1
396279,L2,L2,L3,L2,L2,L2,L1,L1,L2,C2_2,D2_1,F2_3,,,N2_1,L_2,M_2
396280,L2,L2,L3,L2,L2,L2,L1,L1,L2,C2_2,D2_1,F2_3,,,N2_1,L_3,M_1
396281,L2,L2,L3,L2,L2,L2,L1,L1,L2,C2_2,D2_1,F2_3,,,N2_1,L_3,M_2
396282,L2,L2,L3,L2,L2,L2,L1,L1,L2,C2_2,D2_1,F2_3,,,N2_2,L_1,M_1
396283,L2,L2,L3,L2,L2,L2,L1,L1,L2,C2_2,D2_1,F2_3,,,N2_2,L_1,M_2
396284,L2,L2,L3,L2,L2,L2,L1,L1,L2,C2_2,D2_1,F2_3,,,N2_2,L_2,M_1
396285,L2,L2,L3,L2,L2,L2,L1,L1,L2,C2_2,D2_1,F2_3,,,N2_2,L_2,M_2
396286,L2,L2,L3,L2,L2,L2,L1,L1,L2,C2_2,D2_1,F2_3,,,N2_2,L_3,M_1
396287,L2,L2,L3,L2,L2,L2,L1,L1,L2,C2_2,D2_1,F2_3,,,N2_2,L_3,M_2
396288,L2,L2,L3,L2,L2,L2,L1,L1,L2,C2_2,D2_2,F2_1,,,N2_1,L_1,M_1
396289,L2,L2,L3,L2,L2,L2,L1,L1,L2,C2_2,D2_2,F2_1,,,N2_1,L_1,M_2
396290,L2,L2,L3,L2,L2,L2,L1,L1,L2,C2_2,D2_2,F2_1,,,N2_1,L_2,M_1
396291,L2,L2,L3,L2,L2,L2,L1,L1,L2,C2_2,D2_2,F2_1,,,N2_1,L_2,M_2
396292,L2,L2,L3,L2,L2,L2,L1,L1,L2,C2_2,D2_2,F2_1,,,N2_1,L_3,M_1
396293,L2,L2,L3,L2,L2,L2,L1,L1,L2,C2_2,D2_2,F2_1,,,N2_1,L_3,M_2
396294,L2,L2,L3,L2,L2,L2,L1,L1,L2,C2_2,D2_2,F2_1,,,N2_2,L_1,M_1
396295,L2,L2,L3,L2,L2,L2,L1,L1,L2,C2_2,D2_2,F2_1,,,N2_2,L_1,M_2
396296,L2,L2,L3,L2,L2,L2,L1,L1,L2,C2_2,D2_2,F2_1,,,N2_2,L_2,M_1
396297,L2,L2,L3,L2,L2,L2,L1,L1,L2,C2_2,D2_2,F2_1,,,N2_2,L_2,M_2
396298,L2,L2,L3,L2,L2,L2,L1,L1,L2,C2_2,D2_2,F2_1,,,N2_2,L_3,M_1
396299,L2,L2,L3,L2,L2,L2,L1,L1,L2,C2_2,D2_2,F2_1,,,N2_2,L_3,M_2
396300,L2,L2,L3,L2,L2,L2,L1,L1,L2,C2_2,D2_2,F2_2,,,N2_1,L_1,M_1
396301,L2,L2,L3,L2,L2,L2,L1,L1,L2,C2_2,D2_2,F2_2,,,N2_1,L_1,M_2
396302,L2,L2,L3,L2,L2,L2,L1,L1,L2,C2_2,D2_2,F2_2,,,N2_1,L_2,M_1
396303,L2,L2,L3,L2,L2,L2,L1,L1,L2,C2_2,D2_2,F2_2,,,N2_1,L_2,M_2
396304,L2,L2,L3,L2,L2,L2,L1,L1,L2,C2_2,D2_2,F2_2,,,N2_1,L_3,M_1
396305,L2,L2,L3,L2,L2,L2,L1,L1,L2,C2_2,D2_2,F2_2,,,N2_1,L_3,M_2
396306,L2,L2,L3,L2,L2,L2,L1,L1,L2,C2_2,D2_2,F2_2,,,N2_2,L_1,M_1
396307,L2,L2,L3,L2,L2,L2,L1,L1,L2,C2_2,D2_2,F2_2,,,N2_2,L_1,M_2
396308,L2,L2,L3,L2,L2,L2,L1,L1,L2,C2_2,D2_2,F2_2,,,N2_2,L_2,M_1
396309,L2,L2,L3,L2,L2,L2,L1,L1,L2,C2_2,D2_2,F2_2,,,N2_2,L_2,M_2
396310,L2,L2,L3,L2,L2,L2,L1,L1,L2,C2_2,D2_2,F2_2,,,N2_2,L_3,M_1
396311,L2,L2,L3,L2,L2,L2,L1,L1,L2,C2_2,D2_2,F2_2,,,N2_2,L_3,M_2
396312,L2,L2,L3,L2,L2,L2,L1,L1,L2,C2_2,D2_2,F2_3,,,N2_1,L_1,M_1
396313,L2,L2,L3,L2,L2,L2,L1,L1,L2,C2_2,D2_2,F2_3,,,N2_1,L_1,M_2
396314,L2,L2,L3,L2,L2,L2,L1,L1,L2,C2_2,D2_2,F2_3,,,N2_1,L_2,M_1
396315,L2,L2,L3,L2,L2,L2,L1,L1,L2,C2_2,D2_2,F2_3,,,N2_1,L_2,M_2
396316,L2,L2,L3,L2,L2,L2,L1,L1,L2,C2_2,D2_2,F2_3,,,N2_1,L_3,M_1
396317,L2,L2,L3,L2,L2,L2,L1,L1,L2,C2_2,D2_2,F2_3,,,N2_1,L_3,M_2
396318,L2,L2,L3,L2,L2,L2,L1,L1,L2,C2_2,D2_2,F2_3,,,N2_2,L_1,M_1
396319,L2,L2,L3,L2,L2,L2,L1,L1,L2,C2_2,D2_2,F2_3,,,N2_2,L_1,M_2
396320,L2,L2,L3,L2,L2,L2,L1,L1,L2,C2_2,D2_2,F2_3,,,N2_2,L_2,M_1
396321,L2,L2,L3,L2,L2,L2,L1,L1,L2,C2_2,D2_2,F2_3,,,N2_2,L_2,M_2
396322,L2,L2,L3,L2,L2,L2,L1,L1,L2,C2_2,D2_2,F2_3,,,N2_2,L_3,M_1
396323,L2,L2,L3,L2,L2,L2,L1,L1,L2,C2_2,D2_2,F2_3,,,N2_2,L_3,M_2
396324,L2,L2,L3,L2,L2,L2,L1,L1,L2,C2_2,D2_3,F2_1,,,N2_1,L_1,M_1
396325,L2,L2,L3,L2,L2,L2,L1,L1,L2,C2_2,D2_3,F2_1,,,N2_1,L_1,M_2
396326,L2,L2,L3,L2,L2,L2,L1,L1,L2,C2_2,D2_3,F2_1,,,N2_1,L_2,M_1
396327,L2,L2,L3,L2,L2,L2,L1,L1,L2,C2_2,D2_3,F2_1,,,N2_1,L_2,M_2
396328,L2,L2,L3,L2,L2,L2,L1,L1,L2,C2_2,D2_3,F2_1,,,N2_1,L_3,M_1
396329,L2,L2,L3,L2,L2,L2,L1,L1,L2,C2_2,D2_3,F2_1,,,N2_1,L_3,M_2
396330,L2,L2,L3,L2,L2,L2,L1,L1,L2,C2_2,D2_3,F2_1,,,N2_2,L_1,M_1
396331,L2,L2,L3,L2,L2,L2,L1,L1,L2,C2_2,D2_3,F2_1,,,N2_2,L_1,M_2
396332,L2,L2,L3,L2,L2,L2,L1,L1,L2,C2_2,D2_3,F2_1,,,N2_2,L_2,M_1
396333,L2,L2,L3,L2,L2,L2,L1,L1,L2,C2_2,D2_3,F2_1,,,N2_2,L_2,M_2
396334,L2,L2,L3,L2,L2,L2,L1,L1,L2,C2_2,D2_3,F2_1,,,N2_2,L_3,M_1
396335,L2,L2,L3,L2,L2,L2,L1,L1,L2,C2_2,D2_3,F2_1,,,N2_2,L_3,M_2
396336,L2,L2,L3,L2,L2,L2,L1,L1,L2,C2_2,D2_3,F2_2,,,N2_1,L_1,M_1
396337,L2,L2,L3,L2,L2,L2,L1,L1,L2,C2_2,D2_3,F2_2,,,N2_1,L_1,M_2
396338,L2,L2,L3,L2,L2,L2,L1,L1,L2,C2_2,D2_3,F2_2,,,N2_1,L_2,M_1
396339,L2,L2,L3,L2,L2,L2,L1,L1,L2,C2_2,D2_3,F2_2,,,N2_1,L_2,M_2
396340,L2,L2,L3,L2,L2,L2,L1,L1,L2,C2_2,D2_3,F2_2,,,N2_1,L_3,M_1
396341,L2,L2,L3,L2,L2,L2,L1,L1,L2,C2_2,D2_3,F2_2,,,N2_1,L_3,M_2
396342,L2,L2,L3,L2,L2,L2,L1,L1,L2,C2_2,D2_3,F2_2,,,N2_2,L_1,M_1
396343,L2,L2,L3,L2,L2,L2,L1,L1,L2,C2_2,D2_3,F2_2,,,N2_2,L_1,M_2
396344,L2,L2,L3,L2,L2,L2,L1,L1,L2,C2_2,D2_3,F2_2,,,N2_2,L_2,M_1
396345,L2,L2,L3,L2,L2,L2,L1,L1,L2,C2_2,D2_3,F2_2,,,N2_2,L_2,M_2
396346,L2,L2,L3,L2,L2,L2,L1,L1,L2,C2_2,D2_3,F2_2,,,N2_2,L_3,M_1
396347,L2,L2,L3,L2,L2,L2,L1,L1,L2,C2_2,D2_3,F2_2,,,N2_2,L_3,M_2
396348,L2,L2,L3,L2,L2,L2,L1,L1,L2,C2_2,D2_3,F2_3,,,N2_1,L_1,M_1
396349,L2,L2,L3,L2,L2,L2,L1,L1,L2,C2_2,D2_3,F2_3,,,N2_1,L_1,M_2
396350,L2,L2,L3,L2,L2,L2,L1,L1,L2,C2_2,D2_3,F2_3,,,N2_1,L_2,M_1
396351,L2,L2,L3,L2,L2,L2,L1,L1,L2,C2_2,D2_3,F2_3,,,N2_1,L_2,M_2
396352,L2,L2,L3,L2,L2,L2,L1,L1,L2,C2_2,D2_3,F2_3,,,N2_1,L_3,M_1
396353,L2,L2,L3,L2,L2,L2,L1,L1,L2,C2_2,D2_3,F2_3,,,N2_1,L_3,M_2
396354,L2,L2,L3,L2,L2,L2,L1,L1,L2,C2_2,D2_3,F2_3,,,N2_2,L_1,M_1
396355,L2,L2,L3,L2,L2,L2,L1,L1,L2,C2_2,D2_3,F2_3,,,N2_2,L_1,M_2
396356,L2,L2,L3,L2,L2,L2,L1,L1,L2,C2_2,D2_3,F2_3,,,N2_2,L_2,M_1
396357,L2,L2,L3,L2,L2,L2,L1,L1,L2,C2_2,D2_3,F2_3,,,N2_2,L_2,M_2
396358,L2,L2,L3,L2,L2,L2,L1,L1,L2,C2_2,D2_3,F2_3,,,N2_2,L_3,M_1
396359,L2,L2,L3,L2,L2,L2,L1,L1,L2,C2_2,D2_3,F2_3,,,N2_2,L_3,M_2
396360,L2,L2,L3,L2,L2,L2,L1,L1,L2,C2_3,D2_1,F2_1,,,N2_1,L_1,M_1
396361,L2,L2,L3,L2,L2,L2,L1,L1,L2,C2_3,D2_1,F2_1,,,N2_1,L_1,M_2
396362,L2,L2,L3,L2,L2,L2,L1,L1,L2,C2_3,D2_1,F2_1,,,N2_1,L_2,M_1
396363,L2,L2,L3,L2,L2,L2,L1,L1,L2,C2_3,D2_1,F2_1,,,N2_1,L_2,M_2
396364,L2,L2,L3,L2,L2,L2,L1,L1,L2,C2_3,D2_1,F2_1,,,N2_1,L_3,M_1
396365,L2,L2,L3,L2,L2,L2,L1,L1,L2,C2_3,D2_1,F2_1,,,N2_1,L_3,M_2
396366,L2,L2,L3,L2,L2,L2,L1,L1,L2,C2_3,D2_1,F2_1,,,N2_2,L_1,M_1
396367,L2,L2,L3,L2,L2,L2,L1,L1,L2,C2_3,D2_1,F2_1,,,N2_2,L_1,M_2
396368,L2,L2,L3,L2,L2,L2,L1,L1,L2,C2_3,D2_1,F2_1,,,N2_2,L_2,M_1
396369,L2,L2,L3,L2,L2,L2,L1,L1,L2,C2_3,D2_1,F2_1,,,N2_2,L_2,M_2
396370,L2,L2,L3,L2,L2,L2,L1,L1,L2,C2_3,D2_1,F2_1,,,N2_2,L_3,M_1
396371,L2,L2,L3,L2,L2,L2,L1,L1,L2,C2_3,D2_1,F2_1,,,N2_2,L_3,M_2
396372,L2,L2,L3,L2,L2,L2,L1,L1,L2,C2_3,D2_1,F2_2,,,N2_1,L_1,M_1
396373,L2,L2,L3,L2,L2,L2,L1,L1,L2,C2_3,D2_1,F2_2,,,N2_1,L_1,M_2
396374,L2,L2,L3,L2,L2,L2,L1,L1,L2,C2_3,D2_1,F2_2,,,N2_1,L_2,M_1
396375,L2,L2,L3,L2,L2,L2,L1,L1,L2,C2_3,D2_1,F2_2,,,N2_1,L_2,M_2
396376,L2,L2,L3,L2,L2,L2,L1,L1,L2,C2_3,D2_1,F2_2,,,N2_1,L_3,M_1
396377,L2,L2,L3,L2,L2,L2,L1,L1,L2,C2_3,D2_1,F2_2,,,N2_1,L_3,M_2
396378,L2,L2,L3,L2,L2,L2,L1,L1,L2,C2_3,D2_1,F2_2,,,N2_2,L_1,M_1
396379,L2,L2,L3,L2,L2,L2,L1,L1,L2,C2_3,D2_1,F2_2,,,N2_2,L_1,M_2
396380,L2,L2,L3,L2,L2,L2,L1,L1,L2,C2_3,D2_1,F2_2,,,N2_2,L_2,M_1
396381,L2,L2,L3,L2,L2,L2,L1,L1,L2,C2_3,D2_1,F2_2,,,N2_2,L_2,M_2
396382,L2,L2,L3,L2,L2,L2,L1,L1,L2,C2_3,D2_1,F2_2,,,N2_2,L_3,M_1
396383,L2,L2,L3,L2,L2,L2,L1,L1,L2,C2_3,D2_1,F2_2,,,N2_2,L_3,M_2
396384,L2,L2,L3,L2,L2,L2,L1,L1,L2,C2_3,D2_1,F2_3,,,N2_1,L_1,M_1
396385,L2,L2,L3,L2,L2,L2,L1,L1,L2,C2_3,D2_1,F2_3,,,N2_1,L_1,M_2
396386,L2,L2,L3,L2,L2,L2,L1,L1,L2,C2_3,D2_1,F2_3,,,N2_1,L_2,M_1
396387,L2,L2,L3,L2,L2,L2,L1,L1,L2,C2_3,D2_1,F2_3,,,N2_1,L_2,M_2
396388,L2,L2,L3,L2,L2,L2,L1,L1,L2,C2_3,D2_1,F2_3,,,N2_1,L_3,M_1
396389,L2,L2,L3,L2,L2,L2,L1,L1,L2,C2_3,D2_1,F2_3,,,N2_1,L_3,M_2
396390,L2,L2,L3,L2,L2,L2,L1,L1,L2,C2_3,D2_1,F2_3,,,N2_2,L_1,M_1
396391,L2,L2,L3,L2,L2,L2,L1,L1,L2,C2_3,D2_1,F2_3,,,N2_2,L_1,M_2
396392,L2,L2,L3,L2,L2,L2,L1,L1,L2,C2_3,D2_1,F2_3,,,N2_2,L_2,M_1
396393,L2,L2,L3,L2,L2,L2,L1,L1,L2,C2_3,D2_1,F2_3,,,N2_2,L_2,M_2
396394,L2,L2,L3,L2,L2,L2,L1,L1,L2,C2_3,D2_1,F2_3,,,N2_2,L_3,M_1
396395,L2,L2,L3,L2,L2,L2,L1,L1,L2,C2_3,D2_1,F2_3,,,N2_2,L_3,M_2
396396,L2,L2,L3,L2,L2,L2,L1,L1,L2,C2_3,D2_2,F2_1,,,N2_1,L_1,M_1
396397,L2,L2,L3,L2,L2,L2,L1,L1,L2,C2_3,D2_2,F2_1,,,N2_1,L_1,M_2
396398,L2,L2,L3,L2,L2,L2,L1,L1,L2,C2_3,D2_2,F2_1,,,N2_1,L_2,M_1
396399,L2,L2,L3,L2,L2,L2,L1,L1,L2,C2_3,D2_2,F2_1,,,N2_1,L_2,M_2
396400,L2,L2,L3,L2,L2,L2,L1,L1,L2,C2_3,D2_2,F2_1,,,N2_1,L_3,M_1
396401,L2,L2,L3,L2,L2,L2,L1,L1,L2,C2_3,D2_2,F2_1,,,N2_1,L_3,M_2
396402,L2,L2,L3,L2,L2,L2,L1,L1,L2,C2_3,D2_2,F2_1,,,N2_2,L_1,M_1
396403,L2,L2,L3,L2,L2,L2,L1,L1,L2,C2_3,D2_2,F2_1,,,N2_2,L_1,M_2
396404,L2,L2,L3,L2,L2,L2,L1,L1,L2,C2_3,D2_2,F2_1,,,N2_2,L_2,M_1
396405,L2,L2,L3,L2,L2,L2,L1,L1,L2,C2_3,D2_2,F2_1,,,N2_2,L_2,M_2
396406,L2,L2,L3,L2,L2,L2,L1,L1,L2,C2_3,D2_2,F2_1,,,N2_2,L_3,M_1
396407,L2,L2,L3,L2,L2,L2,L1,L1,L2,C2_3,D2_2,F2_1,,,N2_2,L_3,M_2
396408,L2,L2,L3,L2,L2,L2,L1,L1,L2,C2_3,D2_2,F2_2,,,N2_1,L_1,M_1
396409,L2,L2,L3,L2,L2,L2,L1,L1,L2,C2_3,D2_2,F2_2,,,N2_1,L_1,M_2
396410,L2,L2,L3,L2,L2,L2,L1,L1,L2,C2_3,D2_2,F2_2,,,N2_1,L_2,M_1
396411,L2,L2,L3,L2,L2,L2,L1,L1,L2,C2_3,D2_2,F2_2,,,N2_1,L_2,M_2
396412,L2,L2,L3,L2,L2,L2,L1,L1,L2,C2_3,D2_2,F2_2,,,N2_1,L_3,M_1
396413,L2,L2,L3,L2,L2,L2,L1,L1,L2,C2_3,D2_2,F2_2,,,N2_1,L_3,M_2
396414,L2,L2,L3,L2,L2,L2,L1,L1,L2,C2_3,D2_2,F2_2,,,N2_2,L_1,M_1
396415,L2,L2,L3,L2,L2,L2,L1,L1,L2,C2_3,D2_2,F2_2,,,N2_2,L_1,M_2
396416,L2,L2,L3,L2,L2,L2,L1,L1,L2,C2_3,D2_2,F2_2,,,N2_2,L_2,M_1
396417,L2,L2,L3,L2,L2,L2,L1,L1,L2,C2_3,D2_2,F2_2,,,N2_2,L_2,M_2
396418,L2,L2,L3,L2,L2,L2,L1,L1,L2,C2_3,D2_2,F2_2,,,N2_2,L_3,M_1
396419,L2,L2,L3,L2,L2,L2,L1,L1,L2,C2_3,D2_2,F2_2,,,N2_2,L_3,M_2
396420,L2,L2,L3,L2,L2,L2,L1,L1,L2,C2_3,D2_2,F2_3,,,N2_1,L_1,M_1
396421,L2,L2,L3,L2,L2,L2,L1,L1,L2,C2_3,D2_2,F2_3,,,N2_1,L_1,M_2
396422,L2,L2,L3,L2,L2,L2,L1,L1,L2,C2_3,D2_2,F2_3,,,N2_1,L_2,M_1
396423,L2,L2,L3,L2,L2,L2,L1,L1,L2,C2_3,D2_2,F2_3,,,N2_1,L_2,M_2
396424,L2,L2,L3,L2,L2,L2,L1,L1,L2,C2_3,D2_2,F2_3,,,N2_1,L_3,M_1
396425,L2,L2,L3,L2,L2,L2,L1,L1,L2,C2_3,D2_2,F2_3,,,N2_1,L_3,M_2
396426,L2,L2,L3,L2,L2,L2,L1,L1,L2,C2_3,D2_2,F2_3,,,N2_2,L_1,M_1
396427,L2,L2,L3,L2,L2,L2,L1,L1,L2,C2_3,D2_2,F2_3,,,N2_2,L_1,M_2
396428,L2,L2,L3,L2,L2,L2,L1,L1,L2,C2_3,D2_2,F2_3,,,N2_2,L_2,M_1
396429,L2,L2,L3,L2,L2,L2,L1,L1,L2,C2_3,D2_2,F2_3,,,N2_2,L_2,M_2
396430,L2,L2,L3,L2,L2,L2,L1,L1,L2,C2_3,D2_2,F2_3,,,N2_2,L_3,M_1
396431,L2,L2,L3,L2,L2,L2,L1,L1,L2,C2_3,D2_2,F2_3,,,N2_2,L_3,M_2
396432,L2,L2,L3,L2,L2,L2,L1,L1,L2,C2_3,D2_3,F2_1,,,N2_1,L_1,M_1
396433,L2,L2,L3,L2,L2,L2,L1,L1,L2,C2_3,D2_3,F2_1,,,N2_1,L_1,M_2
396434,L2,L2,L3,L2,L2,L2,L1,L1,L2,C2_3,D2_3,F2_1,,,N2_1,L_2,M_1
396435,L2,L2,L3,L2,L2,L2,L1,L1,L2,C2_3,D2_3,F2_1,,,N2_1,L_2,M_2
396436,L2,L2,L3,L2,L2,L2,L1,L1,L2,C2_3,D2_3,F2_1,,,N2_1,L_3,M_1
396437,L2,L2,L3,L2,L2,L2,L1,L1,L2,C2_3,D2_3,F2_1,,,N2_1,L_3,M_2
396438,L2,L2,L3,L2,L2,L2,L1,L1,L2,C2_3,D2_3,F2_1,,,N2_2,L_1,M_1
396439,L2,L2,L3,L2,L2,L2,L1,L1,L2,C2_3,D2_3,F2_1,,,N2_2,L_1,M_2
396440,L2,L2,L3,L2,L2,L2,L1,L1,L2,C2_3,D2_3,F2_1,,,N2_2,L_2,M_1
396441,L2,L2,L3,L2,L2,L2,L1,L1,L2,C2_3,D2_3,F2_1,,,N2_2,L_2,M_2
396442,L2,L2,L3,L2,L2,L2,L1,L1,L2,C2_3,D2_3,F2_1,,,N2_2,L_3,M_1
396443,L2,L2,L3,L2,L2,L2,L1,L1,L2,C2_3,D2_3,F2_1,,,N2_2,L_3,M_2
396444,L2,L2,L3,L2,L2,L2,L1,L1,L2,C2_3,D2_3,F2_2,,,N2_1,L_1,M_1
396445,L2,L2,L3,L2,L2,L2,L1,L1,L2,C2_3,D2_3,F2_2,,,N2_1,L_1,M_2
396446,L2,L2,L3,L2,L2,L2,L1,L1,L2,C2_3,D2_3,F2_2,,,N2_1,L_2,M_1
396447,L2,L2,L3,L2,L2,L2,L1,L1,L2,C2_3,D2_3,F2_2,,,N2_1,L_2,M_2
396448,L2,L2,L3,L2,L2,L2,L1,L1,L2,C2_3,D2_3,F2_2,,,N2_1,L_3,M_1
396449,L2,L2,L3,L2,L2,L2,L1,L1,L2,C2_3,D2_3,F2_2,,,N2_1,L_3,M_2
396450,L2,L2,L3,L2,L2,L2,L1,L1,L2,C2_3,D2_3,F2_2,,,N2_2,L_1,M_1
396451,L2,L2,L3,L2,L2,L2,L1,L1,L2,C2_3,D2_3,F2_2,,,N2_2,L_1,M_2
396452,L2,L2,L3,L2,L2,L2,L1,L1,L2,C2_3,D2_3,F2_2,,,N2_2,L_2,M_1
396453,L2,L2,L3,L2,L2,L2,L1,L1,L2,C2_3,D2_3,F2_2,,,N2_2,L_2,M_2
396454,L2,L2,L3,L2,L2,L2,L1,L1,L2,C2_3,D2_3,F2_2,,,N2_2,L_3,M_1
396455,L2,L2,L3,L2,L2,L2,L1,L1,L2,C2_3,D2_3,F2_2,,,N2_2,L_3,M_2
396456,L2,L2,L3,L2,L2,L2,L1,L1,L2,C2_3,D2_3,F2_3,,,N2_1,L_1,M_1
396457,L2,L2,L3,L2,L2,L2,L1,L1,L2,C2_3,D2_3,F2_3,,,N2_1,L_1,M_2
396458,L2,L2,L3,L2,L2,L2,L1,L1,L2,C2_3,D2_3,F2_3,,,N2_1,L_2,M_1
396459,L2,L2,L3,L2,L2,L2,L1,L1,L2,C2_3,D2_3,F2_3,,,N2_1,L_2,M_2
396460,L2,L2,L3,L2,L2,L2,L1,L1,L2,C2_3,D2_3,F2_3,,,N2_1,L_3,M_1
396461,L2,L2,L3,L2,L2,L2,L1,L1,L2,C2_3,D2_3,F2_3,,,N2_1,L_3,M_2
396462,L2,L2,L3,L2,L2,L2,L1,L1,L2,C2_3,D2_3,F2_3,,,N2_2,L_1,M_1
396463,L2,L2,L3,L2,L2,L2,L1,L1,L2,C2_3,D2_3,F2_3,,,N2_2,L_1,M_2
396464,L2,L2,L3,L2,L2,L2,L1,L1,L2,C2_3,D2_3,F2_3,,,N2_2,L_2,M_1
396465,L2,L2,L3,L2,L2,L2,L1,L1,L2,C2_3,D2_3,F2_3,,,N2_2,L_2,M_2
396466,L2,L2,L3,L2,L2,L2,L1,L1,L2,C2_3,D2_3,F2_3,,,N2_2,L_3,M_1
396467,L2,L2,L3,L2,L2,L2,L1,L1,L2,C2_3,D2_3,F2_3,,,N2_2,L_3,M_2
432864,L3,L1,L1,L2,L2,L2,L1,L1,L2,C2_1,D2_1,F2_1,,,N2_1,L_1,M_1
432865,L3,L1,L1,L2,L2,L2,L1,L1,L2,C2_1,D2_1,F2_1,,,N2_1,L_1,M_2
432866,L3,L1,L1,L2,L2,L2,L1,L1,L2,C2_1,D2_1,F2_1,,,N2_1,L_2,M_1
432867,L3,L1,L1,L2,L2,L2,L1,L1,L2,C2_1,D2_1,F2_1,,,N2_1,L_2,M_2
432868,L3,L1,L1,L2,L2,L2,L1,L1,L2,C2_1,D2_1,F2_1,,,N2_1,L_3,M_1
432869,L3,L1,L1,L2,L2,L2,L1,L1,L2,C2_1,D2_1,F2_1,,,N2_1,L_3,M_2
432870,L3,L1,L1,L2,L2,L2,L1,L1,L2,C2_1,D2_1,F2_1,,,N2_2,L_1,M_1
432871,L3,L1,L1,L2,L2,L2,L1,L1,L2,C2_1,D2_1,F2_1,,,N2_2,L_1,M_2
432872,L3,L1,L1,L2,L2,L2,L1,L1,L2,C2_1,D2_1,F2_1,,,N2_2,L_2,M_1
432873,L3,L1,L1,L2,L2,L2,L1,L1,L2,C2_1,D2_1,F2_1,,,N2_2,L_2,M_2
432874,L3,L1,L1,L2,L2,L2,L1,L1,L2,C2_1,D2_1,F2_1,,,N2_2,L_3,M_1
432875,L3,L1,L1,L2,L2,L2,L1,L1,L2,C2_1,D2_1,F2_1,,,N2_2,L_3,M_2
432876,L3,L1,L1,L2,L2,L2,L1,L1,L2,C2_1,D2_1,F2_2,,,N2_1,L_1,M_1
432877,L3,L1,L1,L2,L2,L2,L1,L1,L2,C2_1,D2_1,F2_2,,,N2_1,L_1,M_2
432878,L3,L1,L1,L2,L2,L2,L1,L1,L2,C2_1,D2_1,F2_2,,,N2_1,L_2,M_1
432879,L3,L1,L1,L2,L2,L2,L1,L1,L2,C2_1,D2_1,F2_2,,,N2_1,L_2,M_2
432880,L3,L1,L1,L2,L2,L2,L1,L1,L2,C2_1,D2_1,F2_2,,,N2_1,L_3,M_1
432881,L3,L1,L1,L2,L2,L2,L1,L1,L2,C2_1,D2_1,F2_2,,,N2_1,L_3,M_2
432882,L3,L1,L1,L2,L2,L2,L1,L1,L2,C2_1,D2_1,F2_2,,,N2_2,L_1,M_1
432883,L3,L1,L1,L2,L2,L2,L1,L1,L2,C2_1,D2_1,F2_2,,,N2_2,L_1,M_2
432884,L3,L1,L1,L2,L2,L2,L1,L1,L2,C2_1,D2_1,F2_2,,,N2_2,L_2,M_1
432885,L3,L1,L1,L2,L2,L2,L1,L1,L2,C2_1,D2_1,F2_2,,,N2_2,L_2,M_2
432886,L3,L1,L1,L2,L2,L2,L1,L1,L2,C2_1,D2_1,F2_2,,,N2_2,L_3,M_1
432887,L3,L1,L1,L2,L2,L2,L1,L1,L2,C2_1,D2_1,F2_2,,,N2_2,L_3,M_2
432888,L3,L1,L1,L2,L2,L2,L1,L1,L2,C2_1,D2_1,F2_3,,,N2_1,L_1,M_1
432889,L3,L1,L1,L2,L2,L2,L1,L1,L2,C2_1,D2_1,F2_3,,,N2_1,L_1,M_2
432890,L3,L1,L1,L2,L2,L2,L1,L1,L2,C2_1,D2_1,F2_3,,,N2_1,L_2,M_1
432891,L3,L1,L1,L2,L2,L2,L1,L1,L2,C2_1,D2_1,F2_3,,,N2_1,L_2,M_2
432892,L3,L1,L1,L2,L2,L2,L1,L1,L2,C2_1,D2_1,F2_3,,,N2_1,L_3,M_1
432893,L3,L1,L1,L2,L2,L2,L1,L1,L2,C2_1,D2_1,F2_3,,,N2_1,L_3,M_2
432894,L3,L1,L1,L2,L2,L2,L1,L1,L2,C2_1,D2_1,F2_3,,,N2_2,L_1,M_1
432895,L3,L1,L1,L2,L2,L2,L1,L1,L2,C2_1,D2_1,F2_3,,,N2_2,L_1,M_2
432896,L3,L1,L1,L2,L2,L2,L1,L1,L2,C2_1,D2_1,F2_3,,,N2_2,L_2,M_1
432897,L3,L1,L1,L2,L2,L2,L1,L1,L2,C2_1,D2_1,F2_3,,,N2_2,L_2,M_2
432898,L3,L1,L1,L2,L2,L2,L1,L1,L2,C2_1,D2_1,F2_3,,,N2_2,L_3,M_1
432899,L3,L1,L1,L2,L2,L2,L1,L1,L2,C2_1,D2_1,F2_3,,,N2_2,L_3,M_2
432900,L3,L1,L1,L2,L2,L2,L1,L1,L2,C2_1,D2_2,F2_1,,,N2_1,L_1,M_1
432901,L3,L1,L1,L2,L2,L2,L1,L1,L2,C2_1,D2_2,F2_1,,,N2_1,L_1,M_2
432902,L3,L1,L1,L2,L2,L2,L1,L1,L2,C2_1,D2_2,F2_1,,,N2_1,L_2,M_1
432903,L3,L1,L1,L2,L2,L2,L1,L1,L2,C2_1,D2_2,F2_1,,,N2_1,L_2,M_2
432904,L3,L1,L1,L2,L2,L2,L1,L1,L2,C2_1,D2_2,F2_1,,,N2_1,L_3,M_1
432905,L3,L1,L1,L2,L2,L2,L1,L1,L2,C2_1,D2_2,F2_1,,,N2_1,L_3,M_2
432906,L3,L1,L1,L2,L2,L2,L1,L1,L2,C2_1,D2_2,F2_1,,,N2_2,L_1,M_1
432907,L3,L1,L1,L2,L2,L2,L1,L1,L2,C2_1,D2_2,F2_1,,,N2_2,L_1,M_2
432908,L3,L1,L1,L2,L2,L2,L1,L1,L2,C2_1,D2_2,F2_1,,,N2_2,L_2,M_1
432909,L3,L1,L1,L2,L2,L2,L1,L1,L2,C2_1,D2_2,F2_1,,,N2_2,L_2,M_2
432910,L3,L1,L1,L2,L2,L2,L1,L1,L2,C2_1,D2_2,F2_1,,,N2_2,L_3,M_1
432911,L3,L1,L1,L2,L2,L2,L1,L1,L2,C2_1,D2_2,F2_1,,,N2_2,L_3,M_2
432912,L3,L1,L1,L2,L2,L2,L1,L1,L2,C2_1,D2_2,F2_2,,,N2_1,L_1,M_1
432913,L3,L1,L1,L2,L2,L2,L1,L1,L2,C2_1,D2_2,F2_2,,,N2_1,L_1,M_2
432914,L3,L1,L1,L2,L2,L2,L1,L1,L2,C2_1,D2_2,F2_2,,,N2_1,L_2,M_1
432915,L3,L1,L1,L2,L2,L2,L1,L1,L2,C2_1,D2_2,F2_2,,,N2_1,L_2,M_2
432916,L3,L1,L1,L2,L2,L2,L1,L1,L2,C2_1,D2_2,F2_2,,,N2_1,L_3,M_1
432917,L3,L1,L1,L2,L2,L2,L1,L1,L2,C2_1,D2_2,F2_2,,,N2_1,L_3,M_2
432918,L3,L1,L1,L2,L2,L2,L1,L1,L2,C2_1,D2_2,F2_2,,,N2_2,L_1,M_1
432919,L3,L1,L1,L2,L2,L2,L1,L1,L2,C2_1,D2_2,F2_2,,,N2_2,L_1,M_2
432920,L3,L1,L1,L2,L2,L2,L1,L1,L2,C2_1,D2_2,F2_2,,,N2_2,L_2,M_1
432921,L3,L1,L1,L2,L2,L2,L1,L1,L2,C2_1,D2_2,F2_2,,,N2_2,L_2,M_2
432922,L3,L1,L1,L2,L2,L2,L1,L1,L2,C2_1,D2_2,F2_2,,,N2_2,L_3,M_1
432923,L3,L1,L1,L2,L2,L2,L1,L1,L2,C2_1,D2_2,F2_2,,,N2_2,L_3,M_2
432924,L3,L1,L1,L2,L2,L2,L1,L1,L2,C2_1,D2_2,F2_3,,,N2_1,L_1,M_1
432925,L3,L1,L1,L2,L2,L2,L1,L1,L2,C2_1,D2_2,F2_3,,,N2_1,L_1,M_2
432926,L3,L1,L1,L2,L2,L2,L1,L1,L2,C2_1,D2_2,F2_3,,,N2_1,L_2,M_1
432927,L3,L1,L1,L2,L2,L2,L1,L1,L2,C2_1,D2_2,F2_3,,,N2_1,L_2,M_2
432928,L3,L1,L1,L2,L2,L2,L1,L1,L2,C2_1,D2_2,F2_3,,,N2_1,L_3,M_1
432929,L3,L1,L1,L2,L2,L2,L1,L1,L2,C2_1,D2_2,F2_3,,,N2_1,L_3,M_2
432930,L3,L1,L1,L2,L2,L2,L1,L1,L2,C2_1,D2_2,F2_3,,,N2_2,L_1,M_1
432931,L3,L1,L1,L2,L2,L2,L1,L1,L2,C2_1,D2_2,F2_3,,,N2_2,L_1,M_2
432932,L3,L1,L1,L2,L2,L2,L1,L1,L2,C2_1,D2_2,F2_3,,,N2_2,L_2,M_1
432933,L3,L1,L1,L2,L2,L2,L1,L1,L2,C2_1,D2_2,F2_3,,,N2_2,L_2,M_2
432934,L3,L1,L1,L2,L2,L2,L1,L1,L2,C2_1,D2_2,F2_3,,,N2_2,L_3,M_1
432935,L3,L1,L1,L2,L2,L2,L1,L1,L2,C2_1,D2_2,F2_3,,,N2_2,L_3,M_2
432936,L3,L1,L1,L2,L2,L2,L1,L1,L2,C2_1,D2_3,F2_1,,,N2_1,L_1,M_1
432937,L3,L1,L1,L2,L2,L2,L1,L1,L2,C2_1,D2_3,F2_1,,,N2_1,L_1,M_2
432938,L3,L1,L1,L2,L2,L2,L1,L1,L2,C2_1,D2_3,F2_1,,,N2_1,L_2,M_1
432939,L3,L1,L1,L2,L2,L2,L1,L1,L2,C2_1,D2_3,F2_1,,,N2_1,L_2,M_2
432940,L3,L1,L1,L2,L2,L2,L1,L1,L2,C2_1,D2_3,F2_1,,,N2_1,L_3,M_1
432941,L3,L1,L1,L2,L2,L2,L1,L1,L2,C2_1,D2_3,F2_1,,,N2_1,L_3,M_2
432942,L3,L1,L1,L2,L2,L2,L1,L1,L2,C2_1,D2_3,F2_1,,,N2_2,L_1,M_1
432943,L3,L1,L1,L2,L2,L2,L1,L1,L2,C2_1,D2_3,F2_1,,,N2_2,L_1,M_2
432944,L3,L1,L1,L2,L2,L2,L1,L1,L2,C2_1,D2_3,F2_1,,,N2_2,L_2,M_1
432945,L3,L1,L1,L2,L2,L2,L1,L1,L2,C2_1,D2_3,F2_1,,,N2_2,L_2,M_2
432946,L3,L1,L1,L2,L2,L2,L1,L1,L2,C2_1,D2_3,F2_1,,,N2_2,L_3,M_1
432947,L3,L1,L1,L2,L2,L2,L1,L1,L2,C2_1,D2_3,F2_1,,,N2_2,L_3,M_2
432948,L3,L1,L1,L2,L2,L2,L1,L1,L2,C2_1,D2_3,F2_2,,,N2_1,L_1,M_1
432949,L3,L1,L1,L2,L2,L2,L1,L1,L2,C2_1,D2_3,F2_2,,,N2_1,L_1,M_2
432950,L3,L1,L1,L2,L2,L2,L1,L1,L2,C2_1,D2_3,F2_2,,,N2_1,L_2,M_1
432951,L3,L1,L1,L2,L2,L2,L1,L1,L2,C2_1,D2_3,F2_2,,,N2_1,L_2,M_2
432952,L3,L1,L1,L2,L2,L2,L1,L1,L2,C2_1,D2_3,F2_2,,,N2_1,L_3,M_1
432953,L3,L1,L1,L2,L2,L2,L1,L1,L2,C2_1,D2_3,F2_2,,,N2_1,L_3,M_2
432954,L3,L1,L1,L2,L2,L2,L1,L1,L2,C2_1,D2_3,F2_2,,,N2_2,L_1,M_1
432955,L3,L1,L1,L2,L2,L2,L1,L1,L2,C2_1,D2_3,F2_2,,,N2_2,L_1,M_2
432956,L3,L1,L1,L2,L2,L2,L1,L1,L2,C2_1,D2_3,F2_2,,,N2_2,L_2,M_1
432957,L3,L1,L1,L2,L2,L2,L1,L1,L2,C2_1,D2_3,F2_2,,,N2_2,L_2,M_2
432958,L3,L1,L1,L2,L2,L2,L1,L1,L2,C2_1,D2_3,F2_2,,,N2_2,L_3,M_1
432959,L3,L1,L1,L2,L2,L2,L1,L1,L2,C2_1,D2_3,F2_2,,,N2_2,L_3,M_2
432960,L3,L1,L1,L2,L2,L2,L1,L1,L2,C2_1,D2_3,F2_3,,,N2_1,L_1,M_1
432961,L3,L1,L1,L2,L2,L2,L1,L1,L2,C2_1,D2_3,F2_3,,,N2_1,L_1,M_2
432962,L3,L1,L1,L2,L2,L2,L1,L1,L2,C2_1,D2_3,F2_3,,,N2_1,L_2,M_1
432963,L3,L1,L1,L2,L2,L2,L1,L1,L2,C2_1,D2_3,F2_3,,,N2_1,L_2,M_2
432964,L3,L1,L1,L2,L2,L2,L1,L1,L2,C2_1,D2_3,F2_3,,,N2_1,L_3,M_1
432965,L3,L1,L1,L2,L2,L2,L1,L1,L2,C2_1,D2_3,F2_3,,,N2_1,L_3,M_2
432966,L3,L1,L1,L2,L2,L2,L1,L1,L2,C2_1,D2_3,F2_3,,,N2_2,L_1,M_1
432967,L3,L1,L1,L2,L2,L2,L1,L1,L2,C2_1,D2_3,F2_3,,,N2_2,L_1,M_2
432968,L3,L1,L1,L2,L2,L2,L1,L1,L2,C2_1,D2_3,F2_3,,,N2_2,L_2,M_1
432969,L3,L1,L1,L2,L2,L2,L1,L1,L2,C2_1,D2_3,F2_3,,,N2_2,L_2,M_2
432970,L3,L1,L1,L2,L2,L2,L1,L1,L2,C2_1,D2_3,F2_3,,,N2_2,L_3,M_1
432971,L3,L1,L1,L2,L2,L2,L1,L1,L2,C2_1,D2_3,F2_3,,,N2_2,L_3,M_2
432972,L3,L1,L1,L2,L2,L2,L1,L1,L2,C2_2,D2_1,F2_1,,,N2_1,L_1,M_1
432973,L3,L1,L1,L2,L2,L2,L1,L1,L2,C2_2,D2_1,F2_1,,,N2_1,L_1,M_2
432974,L3,L1,L1,L2,L2,L2,L1,L1,L2,C2_2,D2_1,F2_1,,,N2_1,L_2,M_1
432975,L3,L1,L1,L2,L2,L2,L1,L1,L2,C2_2,D2_1,F2_1,,,N2_1,L_2,M_2
432976,L3,L1,L1,L2,L2,L2,L1,L1,L2,C2_2,D2_1,F2_1,,,N2_1,L_3,M_1
432977,L3,L1,L1,L2,L2,L2,L1,L1,L2,C2_2,D2_1,F2_1,,,N2_1,L_3,M_2
432978,L3,L1,L1,L2,L2,L2,L1,L1,L2,C2_2,D2_1,F2_1,,,N2_2,L_1,M_1
432979,L3,L1,L1,L2,L2,L2,L1,L1,L2,C2_2,D2_1,F2_1,,,N2_2,L_1,M_2
432980,L3,L1,L1,L2,L2,L2,L1,L1,L2,C2_2,D2_1,F2_1,,,N2_2,L_2,M_1
432981,L3,L1,L1,L2,L2,L2,L1,L1,L2,C2_2,D2_1,F2_1,,,N2_2,L_2,M_2
432982,L3,L1,L1,L2,L2,L2,L1,L1,L2,C2_2,D2_1,F2_1,,,N2_2,L_3,M_1
432983,L3,L1,L1,L2,L2,L2,L1,L1,L2,C2_2,D2_1,F2_1,,,N2_2,L_3,M_2
432984,L3,L1,L1,L2,L2,L2,L1,L1,L2,C2_2,D2_1,F2_2,,,N2_1,L_1,M_1
432985,L3,L1,L1,L2,L2,L2,L1,L1,L2,C2_2,D2_1,F2_2,,,N2_1,L_1,M_2
432986,L3,L1,L1,L2,L2,L2,L1,L1,L2,C2_2,D2_1,F2_2,,,N2_1,L_2,M_1
432987,L3,L1,L1,L2,L2,L2,L1,L1,L2,C2_2,D2_1,F2_2,,,N2_1,L_2,M_2
432988,L3,L1,L1,L2,L2,L2,L1,L1,L2,C2_2,D2_1,F2_2,,,N2_1,L_3,M_1
432989,L3,L1,L1,L2,L2,L2,L1,L1,L2,C2_2,D2_1,F2_2,,,N2_1,L_3,M_2
432990,L3,L1,L1,L2,L2,L2,L1,L1,L2,C2_2,D2_1,F2_2,,,N2_2,L_1,M_1
432991,L3,L1,L1,L2,L2,L2,L1,L1,L2,C2_2,D2_1,F2_2,,,N2_2,L_1,M_2
432992,L3,L1,L1,L2,L2,L2,L1,L1,L2,C2_2,D2_1,F2_2,,,N2_2,L_2,M_1
432993,L3,L1,L1,L2,L2,L2,L1,L1,L2,C2_2,D2_1,F2_2,,,N2_2,L_2,M_2
432994,L3,L1,L1,L2,L2,L2,L1,L1,L2,C2_2,D2_1,F2_2,,,N2_2,L_3,M_1
432995,L3,L1,L1,L2,L2,L2,L1,L1,L2,C2_2,D2_1,F2_2,,,N2_2,L_3,M_2
432996,L3,L1,L1,L2,L2,L2,L1,L1,L2,C2_2,D2_1,F2_3,,,N2_1,L_1,M_1
432997,L3,L1,L1,L2,L2,L2,L1,L1,L2,C2_2,D2_1,F2_3,,,N2_1,L_1,M_2
432998,L3,L1,L1,L2,L2,L2,L1,L1,L2,C2_2,D2_1,F2_3,,,N2_1,L_2,M_1
432999,L3,L1,L1,L2,L2,L2,L1,L1,L2,C2_2,D2_1,F2_3,,,N2_1,L_2,M_2
433000,L3,L1,L1,L2,L2,L2,L1,L1,L2,C2_2,D2_1,F2_3,,,N2_1,L_3,M_1
433001,L3,L1,L1,L2,L2,L2,L1,L1,L2,C2_2,D2_1,F2_3,,,N2_1,L_3,M_2
433002,L3,L1,L1,L2,L2,L2,L1,L1,L2,C2_2,D2_1,F2_3,,,N2_2,L_1,M_1
433003,L3,L1,L1,L2,L2,L2,L1,L1,L2,C2_2,D2_1,F2_3,,,N2_2,L_1,M_2
433004,L3,L1,L1,L2,L2,L2,L1,L1,L2,C2_2,D2_1,F2_3,,,N2_2,L_2,M_1
433005,L3,L1,L1,L2,L2,L2,L1,L1,L2,C2_2,D2_1,F2_3,,,N2_2,L_2,M_2
433006,L3,L1,L1,L2,L2,L2,L1,L1,L2,C2_2,D2_1,F2_3,,,N2_2,L_3,M_1
433007,L3,L1,L1,L2,L2,L2,L1,L1,L2,C2_2,D2_1,F2_3,,,N2_2,L_3,M_2
433008,L3,L1,L1,L2,L2,L2,L1,L1,L2,C2_2,D2_2,F2_1,,,N2_1,L_1,M_1
433009,L3,L1,L1,L2,L2,L2,L1,L1,L2,C2_2,D2_2,F2_1,,,N2_1,L_1,M_2
433010,L3,L1,L1,L2,L2,L2,L1,L1,L2,C2_2,D2_2,F2_1,,,N2_1,L_2,M_1
433011,L3,L1,L1,L2,L2,L2,L1,L1,L2,C2_2,D2_2,F2_1,,,N2_1,L_2,M_2
433012,L3,L1,L1,L2,L2,L2,L1,L1,L2,C2_2,D2_2,F2_1,,,N2_1,L_3,M_1
433013,L3,L1,L1,L2,L2,L2,L1,L1,L2,C2_2,D2_2,F2_1,,,N2_1,L_3,M_2
433014,L3,L1,L1,L2,L2,L2,L1,L1,L2,C2_2,D2_2,F2_1,,,N2_2,L_1,M_1
433015,L3,L1,L1,L2,L2,L2,L1,L1,L2,C2_2,D2_2,F2_1,,,N2_2,L_1,M_2
433016,L3,L1,L1,L2,L2,L2,L1,L1,L2,C2_2,D2_2,F2_1,,,N2_2,L_2,M_1
433017,L3,L1,L1,L2,L2,L2,L1,L1,L2,C2_2,D2_2,F2_1,,,N2_2,L_2,M_2
433018,L3,L1,L1,L2,L2,L2,L1,L1,L2,C2_2,D2_2,F2_1,,,N2_2,L_3,M_1
433019,L3,L1,L1,L2,L2,L2,L1,L1,L2,C2_2,D2_2,F2_1,,,N2_2,L_3,M_2
433020,L3,L1,L1,L2,L2,L2,L1,L1,L2,C2_2,D2_2,F2_2,,,N2_1,L_1,M_1
433021,L3,L1,L1,L2,L2,L2,L1,L1,L2,C2_2,D2_2,F2_2,,,N2_1,L_1,M_2
433022,L3,L1,L1,L2,L2,L2,L1,L1,L2,C2_2,D2_2,F2_2,,,N2_1,L_2,M_1
433023,L3,L1,L1,L2,L2,L2,L1,L1,L2,C2_2,D2_2,F2_2,,,N2_1,L_2,M_2
433024,L3,L1,L1,L2,L2,L2,L1,L1,L2,C2_2,D2_2,F2_2,,,N2_1,L_3,M_1
433025,L3,L1,L1,L2,L2,L2,L1,L1,L2,C2_2,D2_2,F2_2,,,N2_1,L_3,M_2
433026,L3,L1,L1,L2,L2,L2,L1,L1,L2,C2_2,D2_2,F2_2,,,N2_2,L_1,M_1
433027,L3,L1,L1,L2,L2,L2,L1,L1,L2,C2_2,D2_2,F2_2,,,N2_2,L_1,M_2
433028,L3,L1,L1,L2,L2,L2,L1,L1,L2,C2_2,D2_2,F2_2,,,N2_2,L_2,M_1
433029,L3,L1,L1,L2,L2,L2,L1,L1,L2,C2_2,D2_2,F2_2,,,N2_2,L_2,M_2
433030,L3,L1,L1,L2,L2,L2,L1,L1,L2,C2_2,D2_2,F2_2,,,N2_2,L_3,M_1
433031,L3,L1,L1,L2,L2,L2,L1,L1,L2,C2_2,D2_2,F2_2,,,N2_2,L_3,M_2
433032,L3,L1,L1,L2,L2,L2,L1,L1,L2,C2_2,D2_2,F2_3,,,N2_1,L_1,M_1
433033,L3,L1,L1,L2,L2,L2,L1,L1,L2,C2_2,D2_2,F2_3,,,N2_1,L_1,M_2
433034,L3,L1,L1,L2,L2,L2,L1,L1,L2,C2_2,D2_2,F2_3,,,N2_1,L_2,M_1
433035,L3,L1,L1,L2,L2,L2,L1,L1,L2,C2_2,D2_2,F2_3,,,N2_1,L_2,M_2
433036,L3,L1,L1,L2,L2,L2,L1,L1,L2,C2_2,D2_2,F2_3,,,N2_1,L_3,M_1
433037,L3,L1,L1,L2,L2,L2,L1,L1,L2,C2_2,D2_2,F2_3,,,N2_1,L_3,M_2
433038,L3,L1,L1,L2,L2,L2,L1,L1,L2,C2_2,D2_2,F2_3,,,N2_2,L_1,M_1
433039,L3,L1,L1,L2,L2,L2,L1,L1,L2,C2_2,D2_2,F2_3,,,N2_2,L_1,M_2
433040,L3,L1,L1,L2,L2,L2,L1,L1,L2,C2_2,D2_2,F2_3,,,N2_2,L_2,M_1
433041,L3,L1,L1,L2,L2,L2,L1,L1,L2,C2_2,D2_2,F2_3,,,N2_2,L_2,M_2
433042,L3,L1,L1,L2,L2,L2,L1,L1,L2,C2_2,D2_2,F2_3,,,N2_2,L_3,M_1
433043,L3,L1,L1,L2,L2,L2,L1,L1,L2,C2_2,D2_2,F2_3,,,N2_2,L_3,M_2
433044,L3,L1,L1,L2,L2,L2,L1,L1,L2,C2_2,D2_3,F2_1,,,N2_1,L_1,M_1
433045,L3,L1,L1,L2,L2,L2,L1,L1,L2,C2_2,D2_3,F2_1,,,N2_1,L_1,M_2
433046,L3,L1,L1,L2,L2,L2,L1,L1,L2,C2_2,D2_3,F2_1,,,N2_1,L_2,M_1
433047,L3,L1,L1,L2,L2,L2,L1,L1,L2,C2_2,D2_3,F2_1,,,N2_1,L_2,M_2
433048,L3,L1,L1,L2,L2,L2,L1,L1,L2,C2_2,D2_3,F2_1,,,N2_1,L_3,M_1
433049,L3,L1,L1,L2,L2,L2,L1,L1,L2,C2_2,D2_3,F2_1,,,N2_1,L_3,M_2
433050,L3,L1,L1,L2,L2,L2,L1,L1,L2,C2_2,D2_3,F2_1,,,N2_2,L_1,M_1
433051,L3,L1,L1,L2,L2,L2,L1,L1,L2,C2_2,D2_3,F2_1,,,N2_2,L_1,M_2
433052,L3,L1,L1,L2,L2,L2,L1,L1,L2,C2_2,D2_3,F2_1,,,N2_2,L_2,M_1
433053,L3,L1,L1,L2,L2,L2,L1,L1,L2,C2_2,D2_3,F2_1,,,N2_2,L_2,M_2
433054,L3,L1,L1,L2,L2,L2,L1,L1,L2,C2_2,D2_3,F2_1,,,N2_2,L_3,M_1
433055,L3,L1,L1,L2,L2,L2,L1,L1,L2,C2_2,D2_3,F2_1,,,N2_2,L_3,M_2
433056,L3,L1,L1,L2,L2,L2,L1,L1,L2,C2_2,D2_3,F2_2,,,N2_1,L_1,M_1
433057,L3,L1,L1,L2,L2,L2,L1,L1,L2,C2_2,D2_3,F2_2,,,N2_1,L_1,M_2
433058,L3,L1,L1,L2,L2,L2,L1,L1,L2,C2_2,D2_3,F2_2,,,N2_1,L_2,M_1
433059,L3,L1,L1,L2,L2,L2,L1,L1,L2,C2_2,D2_3,F2_2,,,N2_1,L_2,M_2
433060,L3,L1,L1,L2,L2,L2,L1,L1,L2,C2_2,D2_3,F2_2,,,N2_1,L_3,M_1
433061,L3,L1,L1,L2,L2,L2,L1,L1,L2,C2_2,D2_3,F2_2,,,N2_1,L_3,M_2
433062,L3,L1,L1,L2,L2,L2,L1,L1,L2,C2_2,D2_3,F2_2,,,N2_2,L_1,M_1
433063,L3,L1,L1,L2,L2,L2,L1,L1,L2,C2_2,D2_3,F2_2,,,N2_2,L_1,M_2
433064,L3,L1,L1,L2,L2,L2,L1,L1,L2,C2_2,D2_3,F2_2,,,N2_2,L_2,M_1
433065,L3,L1,L1,L2,L2,L2,L1,L1,L2,C2_2,D2_3,F2_2,,,N2_2,L_2,M_2
433066,L3,L1,L1,L2,L2,L2,L1,L1,L2,C2_2,D2_3,F2_2,,,N2_2,L_3,M_1
433067,L3,L1,L1,L2,L2,L2,L1,L1,L2,C2_2,D2_3,F2_2,,,N2_2,L_3,M_2
433068,L3,L1,L1,L2,L2,L2,L1,L1,L2,C2_2,D2_3,F2_3,,,N2_1,L_1,M_1
433069,L3,L1,L1,L2,L2,L2,L1,L1,L2,C2_2,D2_3,F2_3,,,N2_1,L_1,M_2
433070,L3,L1,L1,L2,L2,L2,L1,L1,L2,C2_2,D2_3,F2_3,,,N2_1,L_2,M_1
433071,L3,L1,L1,L2,L2,L2,L1,L1,L2,C2_2,D2_3,F2_3,,,N2_1,L_2,M_2
433072,L3,L1,L1,L2,L2,L2,L1,L1,L2,C2_2,D2_3,F2_3,,,N2_1,L_3,M_1
433073,L3,L1,L1,L2,L2,L2,L1,L1,L2,C2_2,D2_3,F2_3,,,N2_1,L_3,M_2
433074,L3,L1,L1,L2,L2,L2,L1,L1,L2,C2_2,D2_3,F2_3,,,N2_2,L_1,M_1
433075,L3,L1,L1,L2,L2,L2,L1,L1,L2,C2_2,D2_3,F2_3,,,N2_2,L_1,M_2
433076,L3,L1,L1,L2,L2,L2,L1,L1,L2,C2_2,D2_3,F2_3,,,N2_2,L_2,M_1
433077,L3,L1,L1,L2,L2,L2,L1,L1,L2,C2_2,D2_3,F2_3,,,N2_2,L_2,M_2
433078,L3,L1,L1,L2,L2,L2,L1,L1,L2,C2_2,D2_3,F2_3,,,N2_2,L_3,M_1
433079,L3,L1,L1,L2,L2,L2,L1,L1,L2,C2_2,D2_3,F2_3,,,N2_2,L_3,M_2
433080,L3,L1,L1,L2,L2,L2,L1,L1,L2,C2_3,D2_1,F2_1,,,N2_1,L_1,M_1
433081,L3,L1,L1,L2,L2,L2,L1,L1,L2,C2_3,D2_1,F2_1,,,N2_1,L_1,M_2
433082,L3,L1,L1,L2,L2,L2,L1,L1,L2,C2_3,D2_1,F2_1,,,N2_1,L_2,M_1
433083,L3,L1,L1,L2,L2,L2,L1,L1,L2,C2_3,D2_1,F2_1,,,N2_1,L_2,M_2
433084,L3,L1,L1,L2,L2,L2,L1,L1,L2,C2_3,D2_1,F2_1,,,N2_1,L_3,M_1
433085,L3,L1,L1,L2,L2,L2,L1,L1,L2,C2_3,D2_1,F2_1,,,N2_1,L_3,M_2
433086,L3,L1,L1,L2,L2,L2,L1,L1,L2,C2_3,D2_1,F2_1,,,N2_2,L_1,M_1
433087,L3,L1,L1,L2,L2,L2,L1,L1,L2,C2_3,D2_1,F2_1,,,N2_2,L_1,M_2
433088,L3,L1,L1,L2,L2,L2,L1,L1,L2,C2_3,D2_1,F2_1,,,N2_2,L_2,M_1
433089,L3,L1,L1,L2,L2,L2,L1,L1,L2,C2_3,D2_1,F2_1,,,N2_2,L_2,M_2
433090,L3,L1,L1,L2,L2,L2,L1,L1,L2,C2_3,D2_1,F2_1,,,N2_2,L_3,M_1
433091,L3,L1,L1,L2,L2,L2,L1,L1,L2,C2_3,D2_1,F2_1,,,N2_2,L_3,M_2
433092,L3,L1,L1,L2,L2,L2,L1,L1,L2,C2_3,D2_1,F2_2,,,N2_1,L_1,M_1
433093,L3,L1,L1,L2,L2,L2,L1,L1,L2,C2_3,D2_1,F2_2,,,N2_1,L_1,M_2
433094,L3,L1,L1,L2,L2,L2,L1,L1,L2,C2_3,D2_1,F2_2,,,N2_1,L_2,M_1
433095,L3,L1,L1,L2,L2,L2,L1,L1,L2,C2_3,D2_1,F2_2,,,N2_1,L_2,M_2
433096,L3,L1,L1,L2,L2,L2,L1,L1,L2,C2_3,D2_1,F2_2,,,N2_1,L_3,M_1
433097,L3,L1,L1,L2,L2,L2,L1,L1,L2,C2_3,D2_1,F2_2,,,N2_1,L_3,M_2
433098,L3,L1,L1,L2,L2,L2,L1,L1,L2,C2_3,D2_1,F2_2,,,N2_2,L_1,M_1
433099,L3,L1,L1,L2,L2,L2,L1,L1,L2,C2_3,D2_1,F2_2,,,N2_2,L_1,M_2
433100,L3,L1,L1,L2,L2,L2,L1,L1,L2,C2_3,D2_1,F2_2,,,N2_2,L_2,M_1
433101,L3,L1,L1,L2,L2,L2,L1,L1,L2,C2_3,D2_1,F2_2,,,N2_2,L_2,M_2
433102,L3,L1,L1,L2,L2,L2,L1,L1,L2,C2_3,D2_1,F2_2,,,N2_2,L_3,M_1
433103,L3,L1,L1,L2,L2,L2,L1,L1,L2,C2_3,D2_1,F2_2,,,N2_2,L_3,M_2
433104,L3,L1,L1,L2,L2,L2,L1,L1,L2,C2_3,D2_1,F2_3,,,N2_1,L_1,M_1
433105,L3,L1,L1,L2,L2,L2,L1,L1,L2,C2_3,D2_1,F2_3,,,N2_1,L_1,M_2
433106,L3,L1,L1,L2,L2,L2,L1,L1,L2,C2_3,D2_1,F2_3,,,N2_1,L_2,M_1
433107,L3,L1,L1,L2,L2,L2,L1,L1,L2,C2_3,D2_1,F2_3,,,N2_1,L_2,M_2
433108,L3,L1,L1,L2,L2,L2,L1,L1,L2,C2_3,D2_1,F2_3,,,N2_1,L_3,M_1
433109,L3,L1,L1,L2,L2,L2,L1,L1,L2,C2_3,D2_1,F2_3,,,N2_1,L_3,M_2
433110,L3,L1,L1,L2,L2,L2,L1,L1,L2,C2_3,D2_1,F2_3,,,N2_2,L_1,M_1
433111,L3,L1,L1,L2,L2,L2,L1,L1,L2,C2_3,D2_1,F2_3,,,N2_2,L_1,M_2
433112,L3,L1,L1,L2,L2,L2,L1,L1,L2,C2_3,D2_1,F2_3,,,N2_2,L_2,M_1
433113,L3,L1,L1,L2,L2,L2,L1,L1,L2,C2_3,D2_1,F2_3,,,N2_2,L_2,M_2
433114,L3,L1,L1,L2,L2,L2,L1,L1,L2,C2_3,D2_1,F2_3,,,N2_2,L_3,M_1
433115,L3,L1,L1,L2,L2,L2,L1,L1,L2,C2_3,D2_1,F2_3,,,N2_2,L_3,M_2
433116,L3,L1,L1,L2,L2,L2,L1,L1,L2,C2_3,D2_2,F2_1,,,N2_1,L_1,M_1
433117,L3,L1,L1,L2,L2,L2,L1,L1,L2,C2_3,D2_2,F2_1,,,N2_1,L_1,M_2
433118,L3,L1,L1,L2,L2,L2,L1,L1,L2,C2_3,D2_2,F2_1,,,N2_1,L_2,M_1
433119,L3,L1,L1,L2,L2,L2,L1,L1,L2,C2_3,D2_2,F2_1,,,N2_1,L_2,M_2
433120,L3,L1,L1,L2,L2,L2,L1,L1,L2,C2_3,D2_2,F2_1,,,N2_1,L_3,M_1
433121,L3,L1,L1,L2,L2,L2,L1,L1,L2,C2_3,D2_2,F2_1,,,N2_1,L_3,M_2
433122,L3,L1,L1,L2,L2,L2,L1,L1,L2,C2_3,D2_2,F2_1,,,N2_2,L_1,M_1
433123,L3,L1,L1,L2,L2,L2,L1,L1,L2,C2_3,D2_2,F2_1,,,N2_2,L_1,M_2
433124,L3,L1,L1,L2,L2,L2,L1,L1,L2,C2_3,D2_2,F2_1,,,N2_2,L_2,M_1
433125,L3,L1,L1,L2,L2,L2,L1,L1,L2,C2_3,D2_2,F2_1,,,N2_2,L_2,M_2
433126,L3,L1,L1,L2,L2,L2,L1,L1,L2,C2_3,D2_2,F2_1,,,N2_2,L_3,M_1
433127,L3,L1,L1,L2,L2,L2,L1,L1,L2,C2_3,D2_2,F2_1,,,N2_2,L_3,M_2
433128,L3,L1,L1,L2,L2,L2,L1,L1,L2,C2_3,D2_2,F2_2,,,N2_1,L_1,M_1
433129,L3,L1,L1,L2,L2,L2,L1,L1,L2,C2_3,D2_2,F2_2,,,N2_1,L_1,M_2
433130,L3,L1,L1,L2,L2,L2,L1,L1,L2,C2_3,D2_2,F2_2,,,N2_1,L_2,M_1
433131,L3,L1,L1,L2,L2,L2,L1,L1,L2,C2_3,D2_2,F2_2,,,N2_1,L_2,M_2
433132,L3,L1,L1,L2,L2,L2,L1,L1,L2,C2_3,D2_2,F2_2,,,N2_1,L_3,M_1
433133,L3,L1,L1,L2,L2,L2,L1,L1,L2,C2_3,D2_2,F2_2,,,N2_1,L_3,M_2
433134,L3,L1,L1,L2,L2,L2,L1,L1,L2,C2_3,D2_2,F2_2,,,N2_2,L_1,M_1
433135,L3,L1,L1,L2,L2,L2,L1,L1,L2,C2_3,D2_2,F2_2,,,N2_2,L_1,M_2
433136,L3,L1,L1,L2,L2,L2,L1,L1,L2,C2_3,D2_2,F2_2,,,N2_2,L_2,M_1
433137,L3,L1,L1,L2,L2,L2,L1,L1,L2,C2_3,D2_2,F2_2,,,N2_2,L_2,M_2
433138,L3,L1,L1,L2,L2,L2,L1,L1,L2,C2_3,D2_2,F2_2,,,N2_2,L_3,M_1
433139,L3,L1,L1,L2,L2,L2,L1,L1,L2,C2_3,D2_2,F2_2,,,N2_2,L_3,M_2
433140,L3,L1,L1,L2,L2,L2,L1,L1,L2,C2_3,D2_2,F2_3,,,N2_1,L_1,M_1
433141,L3,L1,L1,L2,L2,L2,L1,L1,L2,C2_3,D2_2,F2_3,,,N2_1,L_1,M_2
433142,L3,L1,L1,L2,L2,L2,L1,L1,L2,C2_3,D2_2,F2_3,,,N2_1,L_2,M_1
433143,L3,L1,L1,L2,L2,L2,L1,L1,L2,C2_3,D2_2,F2_3,,,N2_1,L_2,M_2
433144,L3,L1,L1,L2,L2,L2,L1,L1,L2,C2_3,D2_2,F2_3,,,N2_1,L_3,M_1
433145,L3,L1,L1,L2,L2,L2,L1,L1,L2,C2_3,D2_2,F2_3,,,N2_1,L_3,M_2
433146,L3,L1,L1,L2,L2,L2,L1,L1,L2,C2_3,D2_2,F2_3,,,N2_2,L_1,M_1
433147,L3,L1,L1,L2,L2,L2,L1,L1,L2,C2_3,D2_2,F2_3,,,N2_2,L_1,M_2
433148,L3,L1,L1,L2,L2,L2,L1,L1,L2,C2_3,D2_2,F2_3,,,N2_2,L_2,M_1
433149,L3,L1,L1,L2,L2,L2,L1,L1,L2,C2_3,D2_2,F2_3,,,N2_2,L_2,M_2
433150,L3,L1,L1,L2,L2,L2,L1,L1,L2,C2_3,D2_2,F2_3,,,N2_2,L_3,M_1
433151,L3,L1,L1,L2,L2,L2,L1,L1,L2,C2_3,D2_2,F2_3,,,N2_2,L_3,M_2
433152,L3,L1,L1,L2,L2,L2,L1,L1,L2,C2_3,D2_3,F2_1,,,N2_1,L_1,M_1
433153,L3,L1,L1,L2,L2,L2,L1,L1,L2,C2_3,D2_3,F2_1,,,N2_1,L_1,M_2
433154,L3,L1,L1,L2,L2,L2,L1,L1,L2,C2_3,D2_3,F2_1,,,N2_1,L_2,M_1
433155,L3,L1,L1,L2,L2,L2,L1,L1,L2,C2_3,D2_3,F2_1,,,N2_1,L_2,M_2
433156,L3,L1,L1,L2,L2,L2,L1,L1,L2,C2_3,D2_3,F2_1,,,N2_1,L_3,M_1
433157,L3,L1,L1,L2,L2,L2,L1,L1,L2,C2_3,D2_3,F2_1,,,N2_1,L_3,M_2
433158,L3,L1,L1,L2,L2,L2,L1,L1,L2,C2_3,D2_3,F2_1,,,N2_2,L_1,M_1
433159,L3,L1,L1,L2,L2,L2,L1,L1,L2,C2_3,D2_3,F2_1,,,N2_2,L_1,M_2
433160,L3,L1,L1,L2,L2,L2,L1,L1,L2,C2_3,D2_3,F2_1,,,N2_2,L_2,M_1
433161,L3,L1,L1,L2,L2,L2,L1,L1,L2,C2_3,D2_3,F2_1,,,N2_2,L_2,M_2
433162,L3,L1,L1,L2,L2,L2,L1,L1,L2,C2_3,D2_3,F2_1,,,N2_2,L_3,M_1
433163,L3,L1,L1,L2,L2,L2,L1,L1,L2,C2_3,D2_3,F2_1,,,N2_2,L_3,M_2
433164,L3,L1,L1,L2,L2,L2,L1,L1,L2,C2_3,D2_3,F2_2,,,N2_1,L_1,M_1
433165,L3,L1,L1,L2,L2,L2,L1,L1,L2,C2_3,D2_3,F2_2,,,N2_1,L_1,M_2
433166,L3,L1,L1,L2,L2,L2,L1,L1,L2,C2_3,D2_3,F2_2,,,N2_1,L_2,M_1
433167,L3,L1,L1,L2,L2,L2,L1,L1,L2,C2_3,D2_3,F2_2,,,N2_1,L_2,M_2
433168,L3,L1,L1,L2,L2,L2,L1,L1,L2,C2_3,D2_3,F2_2,,,N2_1,L_3,M_1
433169,L3,L1,L1,L2,L2,L2,L1,L1,L2,C2_3,D2_3,F2_2,,,N2_1,L_3,M_2
433170,L3,L1,L1,L2,L2,L2,L1,L1,L2,C2_3,D2_3,F2_2,,,N2_2,L_1,M_1
433171,L3,L1,L1,L2,L2,L2,L1,L1,L2,C2_3,D2_3,F2_2,,,N2_2,L_1,M_2
433172,L3,L1,L1,L2,L2,L2,L1,L1,L2,C2_3,D2_3,F2_2,,,N2_2,L_2,M_1
433173,L3,L1,L1,L2,L2,L2,L1,L1,L2,C2_3,D2_3,F2_2,,,N2_2,L_2,M_2
433174,L3,L1,L1,L2,L2,L2,L1,L1,L2,C2_3,D2_3,F2_2,,,N2_2,L_3,M_1
433175,L3,L1,L1,L2,L2,L2,L1,L1,L2,C2_3,D2_3,F2_2,,,N2_2,L_3,M_2
433176,L3,L1,L1,L2,L2,L2,L1,L1,L2,C2_3,D2_3,F2_3,,,N2_1,L_1,M_1
433177,L3,L1,L1,L2,L2,L2,L1,L1,L2,C2_3,D2_3,F2_3,,,N2_1,L_1,M_2
433178,L3,L1,L1,L2,L2,L2,L1,L1,L2,C2_3,D2_3,F2_3,,,N2_1,L_2,M_1
433179,L3,L1,L1,L2,L2,L2,L1,L1,L2,C2_3,D2_3,F2_3,,,N2_1,L_2,M_2
433180,L3,L1,L1,L2,L2,L2,L1,L1,L2,C2_3,D2_3,F2_3,,,N2_1,L_3,M_1
433181,L3,L1,L1,L2,L2,L2,L1,L1,L2,C2_3,D2_3,F2_3,,,N2_1,L_3,M_2
433182,L3,L1,L1,L2,L2,L2,L1,L1,L2,C2_3,D2_3,F2_3,,,N2_2,L_1,M_1
433183,L3,L1,L1,L2,L2,L2,L1,L1,L2,C2_3,D2_3,F2_3,,,N2_2,L_1,M_2
433184,L3,L1,L1,L2,L2,L2,L1,L1,L2,C2_3,D2_3,F2_3,,,N2_2,L_2,M_1
433185,L3,L1,L1,L2,L2,L2,L1,L1,L2,C2_3,D2_3,F2_3,,,N2_2,L_2,M_2
433186,L3,L1,L1,L2,L2,L2,L1,L1,L2,C2_3,D2_3,F2_3,,,N2_2,L_3,M_1
433187,L3,L1,L1,L2,L2,L2,L1,L1,L2,C2_3,D2_3,F2_3,,,N2_2,L_3,M_2
443934,L2,L1,L2,L2,L1,L2,L1,L1,L2,C2_1,D2_1,F2_1,,,N2_1,L_1,M_1
443935,L2,L1,L2,L2,L1,L2,L1,L1,L2,C2_1,D2_1,F2_1,,,N2_1,L_1,M_2
443936,L2,L1,L2,L2,L1,L2,L1,L1,L2,C2_1,D2_1,F2_1,,,N2_1,L_2,M_1
443937,L2,L1,L2,L2,L1,L2,L1,L1,L2,C2_1,D2_1,F2_1,,,N2_1,L_2,M_2
443938,L2,L1,L2,L2,L1,L2,L1,L1,L2,C2_1,D2_1,F2_1,,,N2_1,L_3,M_1
443939,L2,L1,L2,L2,L1,L2,L1,L1,L2,C2_1,D2_1,F2_1,,,N2_1,L_3,M_2
443940,L2,L1,L2,L2,L1,L2,L1,L1,L2,C2_1,D2_1,F2_1,,,N2_2,L_1,M_1
443941,L2,L1,L2,L2,L1,L2,L1,L1,L2,C2_1,D2_1,F2_1,,,N2_2,L_1,M_2
443942,L2,L1,L2,L2,L1,L2,L1,L1,L2,C2_1,D2_1,F2_1,,,N2_2,L_2,M_1
443943,L2,L1,L2,L2,L1,L2,L1,L1,L2,C2_1,D2_1,F2_1,,,N2_2,L_2,M_2
443944,L2,L1,L2,L2,L1,L2,L1,L1,L2,C2_1,D2_1,F2_1,,,N2_2,L_3,M_1
443945,L2,L1,L2,L2,L1,L2,L1,L1,L2,C2_1,D2_1,F2_1,,,N2_2,L_3,M_2
443946,L2,L1,L2,L2,L1,L2,L1,L1,L2,C2_1,D2_1,F2_2,,,N2_1,L_1,M_1
443947,L2,L1,L2,L2,L1,L2,L1,L1,L2,C2_1,D2_1,F2_2,,,N2_1,L_1,M_2
443948,L2,L1,L2,L2,L1,L2,L1,L1,L2,C2_1,D2_1,F2_2,,,N2_1,L_2,M_1
443949,L2,L1,L2,L2,L1,L2,L1,L1,L2,C2_1,D2_1,F2_2,,,N2_1,L_2,M_2
443950,L2,L1,L2,L2,L1,L2,L1,L1,L2,C2_1,D2_1,F2_2,,,N2_1,L_3,M_1
443951,L2,L1,L2,L2,L1,L2,L1,L1,L2,C2_1,D2_1,F2_2,,,N2_1,L_3,M_2
443952,L2,L1,L2,L2,L1,L2,L1,L1,L2,C2_1,D2_1,F2_2,,,N2_2,L_1,M_1
443953,L2,L1,L2,L2,L1,L2,L1,L1,L2,C2_1,D2_1,F2_2,,,N2_2,L_1,M_2
443954,L2,L1,L2,L2,L1,L2,L1,L1,L2,C2_1,D2_1,F2_2,,,N2_2,L_2,M_1
443955,L2,L1,L2,L2,L1,L2,L1,L1,L2,C2_1,D2_1,F2_2,,,N2_2,L_2,M_2
443956,L2,L1,L2,L2,L1,L2,L1,L1,L2,C2_1,D2_1,F2_2,,,N2_2,L_3,M_1
443957,L2,L1,L2,L2,L1,L2,L1,L1,L2,C2_1,D2_1,F2_2,,,N2_2,L_3,M_2
443958,L2,L1,L2,L2,L1,L2,L1,L1,L2,C2_1,D2_1,F2_3,,,N2_1,L_1,M_1
443959,L2,L1,L2,L2,L1,L2,L1,L1,L2,C2_1,D2_1,F2_3,,,N2_1,L_1,M_2
443960,L2,L1,L2,L2,L1,L2,L1,L1,L2,C2_1,D2_1,F2_3,,,N2_1,L_2,M_1
443961,L2,L1,L2,L2,L1,L2,L1,L1,L2,C2_1,D2_1,F2_3,,,N2_1,L_2,M_2
443962,L2,L1,L2,L2,L1,L2,L1,L1,L2,C2_1,D2_1,F2_3,,,N2_1,L_3,M_1
443963,L2,L1,L2,L2,L1,L2,L1,L1,L2,C2_1,D2_1,F2_3,,,N2_1,L_3,M_2
443964,L2,L1,L2,L2,L1,L2,L1,L1,L2,C2_1,D2_1,F2_3,,,N2_2,L_1,M_1
443965,L2,L1,L2,L2,L1,L2,L1,L1,L2,C2_1,D2_1,F2_3,,,N2_2,L_1,M_2
443966,L2,L1,L2,L2,L1,L2,L1,L1,L2,C2_1,D2_1,F2_3,,,N2_2,L_2,M_1
443967,L2,L1,L2,L2,L1,L2,L1,L1,L2,C2_1,D2_1,F2_3,,,N2_2,L_2,M_2
443968,L2,L1,L2,L2,L1,L2,L1,L1,L2,C2_1,D2_1,F2_3,,,N2_2,L_3,M_1
443969,L2,L1,L2,L2,L1,L2,L1,L1,L2,C2_1,D2_1,F2_3,,,N2_2,L_3,M_2
443970,L2,L1,L2,L2,L1,L2,L1,L1,L2,C2_1,D2_2,F2_1,,,N2_1,L_1,M_1
443971,L2,L1,L2,L2,L1,L2,L1,L1,L2,C2_1,D2_2,F2_1,,,N2_1,L_1,M_2
443972,L2,L1,L2,L2,L1,L2,L1,L1,L2,C2_1,D2_2,F2_1,,,N2_1,L_2,M_1
443973,L2,L1,L2,L2,L1,L2,L1,L1,L2,C2_1,D2_2,F2_1,,,N2_1,L_2,M_2
443974,L2,L1,L2,L2,L1,L2,L1,L1,L2,C2_1,D2_2,F2_1,,,N2_1,L_3,M_1
443975,L2,L1,L2,L2,L1,L2,L1,L1,L2,C2_1,D2_2,F2_1,,,N2_1,L_3,M_2
443976,L2,L1,L2,L2,L1,L2,L1,L1,L2,C2_1,D2_2,F2_1,,,N2_2,L_1,M_1
443977,L2,L1,L2,L2,L1,L2,L1,L1,L2,C2_1,D2_2,F2_1,,,N2_2,L_1,M_2
443978,L2,L1,L2,L2,L1,L2,L1,L1,L2,C2_1,D2_2,F2_1,,,N2_2,L_2,M_1
443979,L2,L1,L2,L2,L1,L2,L1,L1,L2,C2_1,D2_2,F2_1,,,N2_2,L_2,M_2
443980,L2,L1,L2,L2,L1,L2,L1,L1,L2,C2_1,D2_2,F2_1,,,N2_2,L_3,M_1
443981,L2,L1,L2,L2,L1,L2,L1,L1,L2,C2_1,D2_2,F2_1,,,N2_2,L_3,M_2
443982,L2,L1,L2,L2,L1,L2,L1,L1,L2,C2_1,D2_2,F2_2,,,N2_1,L_1,M_1
443983,L2,L1,L2,L2,L1,L2,L1,L1,L2,C2_1,D2_2,F2_2,,,N2_1,L_1,M_2
443984,L2,L1,L2,L2,L1,L2,L1,L1,L2,C2_1,D2_2,F2_2,,,N2_1,L_2,M_1
443985,L2,L1,L2,L2,L1,L2,L1,L1,L2,C2_1,D2_2,F2_2,,,N2_1,L_2,M_2
443986,L2,L1,L2,L2,L1,L2,L1,L1,L2,C2_1,D2_2,F2_2,,,N2_1,L_3,M_1
443987,L2,L1,L2,L2,L1,L2,L1,L1,L2,C2_1,D2_2,F2_2,,,N2_1,L_3,M_2
443988,L2,L1,L2,L2,L1,L2,L1,L1,L2,C2_1,D2_2,F2_2,,,N2_2,L_1,M_1
443989,L2,L1,L2,L2,L1,L2,L1,L1,L2,C2_1,D2_2,F2_2,,,N2_2,L_1,M_2
443990,L2,L1,L2,L2,L1,L2,L1,L1,L2,C2_1,D2_2,F2_2,,,N2_2,L_2,M_1
443991,L2,L1,L2,L2,L1,L2,L1,L1,L2,C2_1,D2_2,F2_2,,,N2_2,L_2,M_2
443992,L2,L1,L2,L2,L1,L2,L1,L1,L2,C2_1,D2_2,F2_2,,,N2_2,L_3,M_1
443993,L2,L1,L2,L2,L1,L2,L1,L1,L2,C2_1,D2_2,F2_2,,,N2_2,L_3,M_2
443994,L2,L1,L2,L2,L1,L2,L1,L1,L2,C2_1,D2_2,F2_3,,,N2_1,L_1,M_1
443995,L2,L1,L2,L2,L1,L2,L1,L1,L2,C2_1,D2_2,F2_3,,,N2_1,L_1,M_2
443996,L2,L1,L2,L2,L1,L2,L1,L1,L2,C2_1,D2_2,F2_3,,,N2_1,L_2,M_1
443997,L2,L1,L2,L2,L1,L2,L1,L1,L2,C2_1,D2_2,F2_3,,,N2_1,L_2,M_2
443998,L2,L1,L2,L2,L1,L2,L1,L1,L2,C2_1,D2_2,F2_3,,,N2_1,L_3,M_1
443999,L2,L1,L2,L2,L1,L2,L1,L1,L2,C2_1,D2_2,F2_3,,,N2_1,L_3,M_2
444000,L2,L1,L2,L2,L1,L2,L1,L1,L2,C2_1,D2_2,F2_3,,,N2_2,L_1,M_1
444001,L2,L1,L2,L2,L1,L2,L1,L1,L2,C2_1,D2_2,F2_3,,,N2_2,L_1,M_2
444002,L2,L1,L2,L2,L1,L2,L1,L1,L2,C2_1,D2_2,F2_3,,,N2_2,L_2,M_1
444003,L2,L1,L2,L2,L1,L2,L1,L1,L2,C2_1,D2_2,F2_3,,,N2_2,L_2,M_2
444004,L2,L1,L2,L2,L1,L2,L1,L1,L2,C2_1,D2_2,F2_3,,,N2_2,L_3,M_1
444005,L2,L1,L2,L2,L1,L2,L1,L1,L2,C2_1,D2_2,F2_3,,,N2_2,L_3,M_2
444006,L2,L1,L2,L2,L1,L2,L1,L1,L2,C2_1,D2_3,F2_1,,,N2_1,L_1,M_1
444007,L2,L1,L2,L2,L1,L2,L1,L1,L2,C2_1,D2_3,F2_1,,,N2_1,L_1,M_2
444008,L2,L1,L2,L2,L1,L2,L1,L1,L2,C2_1,D2_3,F2_1,,,N2_1,L_2,M_1
444009,L2,L1,L2,L2,L1,L2,L1,L1,L2,C2_1,D2_3,F2_1,,,N2_1,L_2,M_2
444010,L2,L1,L2,L2,L1,L2,L1,L1,L2,C2_1,D2_3,F2_1,,,N2_1,L_3,M_1
444011,L2,L1,L2,L2,L1,L2,L1,L1,L2,C2_1,D2_3,F2_1,,,N2_1,L_3,M_2
444012,L2,L1,L2,L2,L1,L2,L1,L1,L2,C2_1,D2_3,F2_1,,,N2_2,L_1,M_1
444013,L2,L1,L2,L2,L1,L2,L1,L1,L2,C2_1,D2_3,F2_1,,,N2_2,L_1,M_2
444014,L2,L1,L2,L2,L1,L2,L1,L1,L2,C2_1,D2_3,F2_1,,,N2_2,L_2,M_1
444015,L2,L1,L2,L2,L1,L2,L1,L1,L2,C2_1,D2_3,F2_1,,,N2_2,L_2,M_2
444016,L2,L1,L2,L2,L1,L2,L1,L1,L2,C2_1,D2_3,F2_1,,,N2_2,L_3,M_1
444017,L2,L1,L2,L2,L1,L2,L1,L1,L2,C2_1,D2_3,F2_1,,,N2_2,L_3,M_2
444018,L2,L1,L2,L2,L1,L2,L1,L1,L2,C2_1,D2_3,F2_2,,,N2_1,L_1,M_1
444019,L2,L1,L2,L2,L1,L2,L1,L1,L2,C2_1,D2_3,F2_2,,,N2_1,L_1,M_2
444020,L2,L1,L2,L2,L1,L2,L1,L1,L2,C2_1,D2_3,F2_2,,,N2_1,L_2,M_1
444021,L2,L1,L2,L2,L1,L2,L1,L1,L2,C2_1,D2_3,F2_2,,,N2_1,L_2,M_2
444022,L2,L1,L2,L2,L1,L2,L1,L1,L2,C2_1,D2_3,F2_2,,,N2_1,L_3,M_1
444023,L2,L1,L2,L2,L1,L2,L1,L1,L2,C2_1,D2_3,F2_2,,,N2_1,L_3,M_2
444024,L2,L1,L2,L2,L1,L2,L1,L1,L2,C2_1,D2_3,F2_2,,,N2_2,L_1,M_1
444025,L2,L1,L2,L2,L1,L2,L1,L1,L2,C2_1,D2_3,F2_2,,,N2_2,L_1,M_2
444026,L2,L1,L2,L2,L1,L2,L1,L1,L2,C2_1,D2_3,F2_2,,,N2_2,L_2,M_1
444027,L2,L1,L2,L2,L1,L2,L1,L1,L2,C2_1,D2_3,F2_2,,,N2_2,L_2,M_2
444028,L2,L1,L2,L2,L1,L2,L1,L1,L2,C2_1,D2_3,F2_2,,,N2_2,L_3,M_1
444029,L2,L1,L2,L2,L1,L2,L1,L1,L2,C2_1,D2_3,F2_2,,,N2_2,L_3,M_2
444030,L2,L1,L2,L2,L1,L2,L1,L1,L2,C2_1,D2_3,F2_3,,,N2_1,L_1,M_1
444031,L2,L1,L2,L2,L1,L2,L1,L1,L2,C2_1,D2_3,F2_3,,,N2_1,L_1,M_2
444032,L2,L1,L2,L2,L1,L2,L1,L1,L2,C2_1,D2_3,F2_3,,,N2_1,L_2,M_1
444033,L2,L1,L2,L2,L1,L2,L1,L1,L2,C2_1,D2_3,F2_3,,,N2_1,L_2,M_2
444034,L2,L1,L2,L2,L1,L2,L1,L1,L2,C2_1,D2_3,F2_3,,,N2_1,L_3,M_1
444035,L2,L1,L2,L2,L1,L2,L1,L1,L2,C2_1,D2_3,F2_3,,,N2_1,L_3,M_2
444036,L2,L1,L2,L2,L1,L2,L1,L1,L2,C2_1,D2_3,F2_3,,,N2_2,L_1,M_1
444037,L2,L1,L2,L2,L1,L2,L1,L1,L2,C2_1,D2_3,F2_3,,,N2_2,L_1,M_2
444038,L2,L1,L2,L2,L1,L2,L1,L1,L2,C2_1,D2_3,F2_3,,,N2_2,L_2,M_1
444039,L2,L1,L2,L2,L1,L2,L1,L1,L2,C2_1,D2_3,F2_3,,,N2_2,L_2,M_2
444040,L2,L1,L2,L2,L1,L2,L1,L1,L2,C2_1,D2_3,F2_3,,,N2_2,L_3,M_1
444041,L2,L1,L2,L2,L1,L2,L1,L1,L2,C2_1,D2_3,F2_3,,,N2_2,L_3,M_2
444042,L2,L1,L2,L2,L1,L2,L1,L1,L2,C2_2,D2_1,F2_1,,,N2_1,L_1,M_1
444043,L2,L1,L2,L2,L1,L2,L1,L1,L2,C2_2,D2_1,F2_1,,,N2_1,L_1,M_2
444044,L2,L1,L2,L2,L1,L2,L1,L1,L2,C2_2,D2_1,F2_1,,,N2_1,L_2,M_1
444045,L2,L1,L2,L2,L1,L2,L1,L1,L2,C2_2,D2_1,F2_1,,,N2_1,L_2,M_2
444046,L2,L1,L2,L2,L1,L2,L1,L1,L2,C2_2,D2_1,F2_1,,,N2_1,L_3,M_1
444047,L2,L1,L2,L2,L1,L2,L1,L1,L2,C2_2,D2_1,F2_1,,,N2_1,L_3,M_2
444048,L2,L1,L2,L2,L1,L2,L1,L1,L2,C2_2,D2_1,F2_1,,,N2_2,L_1,M_1
444049,L2,L1,L2,L2,L1,L2,L1,L1,L2,C2_2,D2_1,F2_1,,,N2_2,L_1,M_2
444050,L2,L1,L2,L2,L1,L2,L1,L1,L2,C2_2,D2_1,F2_1,,,N2_2,L_2,M_1
444051,L2,L1,L2,L2,L1,L2,L1,L1,L2,C2_2,D2_1,F2_1,,,N2_2,L_2,M_2
444052,L2,L1,L2,L2,L1,L2,L1,L1,L2,C2_2,D2_1,F2_1,,,N2_2,L_3,M_1
444053,L2,L1,L2,L2,L1,L2,L1,L1,L2,C2_2,D2_1,F2_1,,,N2_2,L_3,M_2
444054,L2,L1,L2,L2,L1,L2,L1,L1,L2,C2_2,D2_1,F2_2,,,N2_1,L_1,M_1
444055,L2,L1,L2,L2,L1,L2,L1,L1,L2,C2_2,D2_1,F2_2,,,N2_1,L_1,M_2
444056,L2,L1,L2,L2,L1,L2,L1,L1,L2,C2_2,D2_1,F2_2,,,N2_1,L_2,M_1
444057,L2,L1,L2,L2,L1,L2,L1,L1,L2,C2_2,D2_1,F2_2,,,N2_1,L_2,M_2
444058,L2,L1,L2,L2,L1,L2,L1,L1,L2,C2_2,D2_1,F2_2,,,N2_1,L_3,M_1
444059,L2,L1,L2,L2,L1,L2,L1,L1,L2,C2_2,D2_1,F2_2,,,N2_1,L_3,M_2
444060,L2,L1,L2,L2,L1,L2,L1,L1,L2,C2_2,D2_1,F2_2,,,N2_2,L_1,M_1
444061,L2,L1,L2,L2,L1,L2,L1,L1,L2,C2_2,D2_1,F2_2,,,N2_2,L_1,M_2
444062,L2,L1,L2,L2,L1,L2,L1,L1,L2,C2_2,D2_1,F2_2,,,N2_2,L_2,M_1
444063,L2,L1,L2,L2,L1,L2,L1,L1,L2,C2_2,D2_1,F2_2,,,N2_2,L_2,M_2
444064,L2,L1,L2,L2,L1,L2,L1,L1,L2,C2_2,D2_1,F2_2,,,N2_2,L_3,M_1
444065,L2,L1,L2,L2,L1,L2,L1,L1,L2,C2_2,D2_1,F2_2,,,N2_2,L_3,M_2
444066,L2,L1,L2,L2,L1,L2,L1,L1,L2,C2_2,D2_1,F2_3,,,N2_1,L_1,M_1
444067,L2,L1,L2,L2,L1,L2,L1,L1,L2,C2_2,D2_1,F2_3,,,N2_1,L_1,M_2
444068,L2,L1,L2,L2,L1,L2,L1,L1,L2,C2_2,D2_1,F2_3,,,N2_1,L_2,M_1
444069,L2,L1,L2,L2,L1,L2,L1,L1,L2,C2_2,D2_1,F2_3,,,N2_1,L_2,M_2
444070,L2,L1,L2,L2,L1,L2,L1,L1,L2,C2_2,D2_1,F2_3,,,N2_1,L_3,M_1
444071,L2,L1,L2,L2,L1,L2,L1,L1,L2,C2_2,D2_1,F2_3,,,N2_1,L_3,M_2
444072,L2,L1,L2,L2,L1,L2,L1,L1,L2,C2_2,D2_1,F2_3,,,N2_2,L_1,M_1
444073,L2,L1,L2,L2,L1,L2,L1,L1,L2,C2_2,D2_1,F2_3,,,N2_2,L_1,M_2
444074,L2,L1,L2,L2,L1,L2,L1,L1,L2,C2_2,D2_1,F2_3,,,N2_2,L_2,M_1
444075,L2,L1,L2,L2,L1,L2,L1,L1,L2,C2_2,D2_1,F2_3,,,N2_2,L_2,M_2
444076,L2,L1,L2,L2,L1,L2,L1,L1,L2,C2_2,D2_1,F2_3,,,N2_2,L_3,M_1
444077,L2,L1,L2,L2,L1,L2,L1,L1,L2,C2_2,D2_1,F2_3,,,N2_2,L_3,M_2
444078,L2,L1,L2,L2,L1,L2,L1,L1,L2,C2_2,D2_2,F2_1,,,N2_1,L_1,M_1
444079,L2,L1,L2,L2,L1,L2,L1,L1,L2,C2_2,D2_2,F2_1,,,N2_1,L_1,M_2
444080,L2,L1,L2,L2,L1,L2,L1,L1,L2,C2_2,D2_2,F2_1,,,N2_1,L_2,M_1
444081,L2,L1,L2,L2,L1,L2,L1,L1,L2,C2_2,D2_2,F2_1,,,N2_1,L_2,M_2
444082,L2,L1,L2,L2,L1,L2,L1,L1,L2,C2_2,D2_2,F2_1,,,N2_1,L_3,M_1
444083,L2,L1,L2,L2,L1,L2,L1,L1,L2,C2_2,D2_2,F2_1,,,N2_1,L_3,M_2
444084,L2,L1,L2,L2,L1,L2,L1,L1,L2,C2_2,D2_2,F2_1,,,N2_2,L_1,M_1
444085,L2,L1,L2,L2,L1,L2,L1,L1,L2,C2_2,D2_2,F2_1,,,N2_2,L_1,M_2
444086,L2,L1,L2,L2,L1,L2,L1,L1,L2,C2_2,D2_2,F2_1,,,N2_2,L_2,M_1
444087,L2,L1,L2,L2,L1,L2,L1,L1,L2,C2_2,D2_2,F2_1,,,N2_2,L_2,M_2
444088,L2,L1,L2,L2,L1,L2,L1,L1,L2,C2_2,D2_2,F2_1,,,N2_2,L_3,M_1
444089,L2,L1,L2,L2,L1,L2,L1,L1,L2,C2_2,D2_2,F2_1,,,N2_2,L_3,M_2
444090,L2,L1,L2,L2,L1,L2,L1,L1,L2,C2_2,D2_2,F2_2,,,N2_1,L_1,M_1
444091,L2,L1,L2,L2,L1,L2,L1,L1,L2,C2_2,D2_2,F2_2,,,N2_1,L_1,M_2
444092,L2,L1,L2,L2,L1,L2,L1,L1,L2,C2_2,D2_2,F2_2,,,N2_1,L_2,M_1
444093,L2,L1,L2,L2,L1,L2,L1,L1,L2,C2_2,D2_2,F2_2,,,N2_1,L_2,M_2
444094,L2,L1,L2,L2,L1,L2,L1,L1,L2,C2_2,D2_2,F2_2,,,N2_1,L_3,M_1
444095,L2,L1,L2,L2,L1,L2,L1,L1,L2,C2_2,D2_2,F2_2,,,N2_1,L_3,M_2
444096,L2,L1,L2,L2,L1,L2,L1,L1,L2,C2_2,D2_2,F2_2,,,N2_2,L_1,M_1
444097,L2,L1,L2,L2,L1,L2,L1,L1,L2,C2_2,D2_2,F2_2,,,N2_2,L_1,M_2
444098,L2,L1,L2,L2,L1,L2,L1,L1,L2,C2_2,D2_2,F2_2,,,N2_2,L_2,M_1
444099,L2,L1,L2,L2,L1,L2,L1,L1,L2,C2_2,D2_2,F2_2,,,N2_2,L_2,M_2
444100,L2,L1,L2,L2,L1,L2,L1,L1,L2,C2_2,D2_2,F2_2,,,N2_2,L_3,M_1
444101,L2,L1,L2,L2,L1,L2,L1,L1,L2,C2_2,D2_2,F2_2,,,N2_2,L_3,M_2
444102,L2,L1,L2,L2,L1,L2,L1,L1,L2,C2_2,D2_2,F2_3,,,N2_1,L_1,M_1
444103,L2,L1,L2,L2,L1,L2,L1,L1,L2,C2_2,D2_2,F2_3,,,N2_1,L_1,M_2
444104,L2,L1,L2,L2,L1,L2,L1,L1,L2,C2_2,D2_2,F2_3,,,N2_1,L_2,M_1
444105,L2,L1,L2,L2,L1,L2,L1,L1,L2,C2_2,D2_2,F2_3,,,N2_1,L_2,M_2
444106,L2,L1,L2,L2,L1,L2,L1,L1,L2,C2_2,D2_2,F2_3,,,N2_1,L_3,M_1
444107,L2,L1,L2,L2,L1,L2,L1,L1,L2,C2_2,D2_2,F2_3,,,N2_1,L_3,M_2
444108,L2,L1,L2,L2,L1,L2,L1,L1,L2,C2_2,D2_2,F2_3,,,N2_2,L_1,M_1
444109,L2,L1,L2,L2,L1,L2,L1,L1,L2,C2_2,D2_2,F2_3,,,N2_2,L_1,M_2
444110,L2,L1,L2,L2,L1,L2,L1,L1,L2,C2_2,D2_2,F2_3,,,N2_2,L_2,M_1
444111,L2,L1,L2,L2,L1,L2,L1,L1,L2,C2_2,D2_2,F2_3,,,N2_2,L_2,M_2
444112,L2,L1,L2,L2,L1,L2,L1,L1,L2,C2_2,D2_2,F2_3,,,N2_2,L_3,M_1
444113,L2,L1,L2,L2,L1,L2,L1,L1,L2,C2_2,D2_2,F2_3,,,N2_2,L_3,M_2
444114,L2,L1,L2,L2,L1,L2,L1,L1,L2,C2_2,D2_3,F2_1,,,N2_1,L_1,M_1
444115,L2,L1,L2,L2,L1,L2,L1,L1,L2,C2_2,D2_3,F2_1,,,N2_1,L_1,M_2
444116,L2,L1,L2,L2,L1,L2,L1,L1,L2,C2_2,D2_3,F2_1,,,N2_1,L_2,M_1
444117,L2,L1,L2,L2,L1,L2,L1,L1,L2,C2_2,D2_3,F2_1,,,N2_1,L_2,M_2
444118,L2,L1,L2,L2,L1,L2,L1,L1,L2,C2_2,D2_3,F2_1,,,N2_1,L_3,M_1
444119,L2,L1,L2,L2,L1,L2,L1,L1,L2,C2_2,D2_3,F2_1,,,N2_1,L_3,M_2
444120,L2,L1,L2,L2,L1,L2,L1,L1,L2,C2_2,D2_3,F2_1,,,N2_2,L_1,M_1
444121,L2,L1,L2,L2,L1,L2,L1,L1,L2,C2_2,D2_3,F2_1,,,N2_2,L_1,M_2
444122,L2,L1,L2,L2,L1,L2,L1,L1,L2,C2_2,D2_3,F2_1,,,N2_2,L_2,M_1
444123,L2,L1,L2,L2,L1,L2,L1,L1,L2,C2_2,D2_3,F2_1,,,N2_2,L_2,M_2
444124,L2,L1,L2,L2,L1,L2,L1,L1,L2,C2_2,D2_3,F2_1,,,N2_2,L_3,M_1
444125,L2,L1,L2,L2,L1,L2,L1,L1,L2,C2_2,D2_3,F2_1,,,N2_2,L_3,M_2
444126,L2,L1,L2,L2,L1,L2,L1,L1,L2,C2_2,D2_3,F2_2,,,N2_1,L_1,M_1
444127,L2,L1,L2,L2,L1,L2,L1,L1,L2,C2_2,D2_3,F2_2,,,N2_1,L_1,M_2
444128,L2,L1,L2,L2,L1,L2,L1,L1,L2,C2_2,D2_3,F2_2,,,N2_1,L_2,M_1
444129,L2,L1,L2,L2,L1,L2,L1,L1,L2,C2_2,D2_3,F2_2,,,N2_1,L_2,M_2
444130,L2,L1,L2,L2,L1,L2,L1,L1,L2,C2_2,D2_3,F2_2,,,N2_1,L_3,M_1
444131,L2,L1,L2,L2,L1,L2,L1,L1,L2,C2_2,D2_3,F2_2,,,N2_1,L_3,M_2
444132,L2,L1,L2,L2,L1,L2,L1,L1,L2,C2_2,D2_3,F2_2,,,N2_2,L_1,M_1
444133,L2,L1,L2,L2,L1,L2,L1,L1,L2,C2_2,D2_3,F2_2,,,N2_2,L_1,M_2
444134,L2,L1,L2,L2,L1,L2,L1,L1,L2,C2_2,D2_3,F2_2,,,N2_2,L_2,M_1
444135,L2,L1,L2,L2,L1,L2,L1,L1,L2,C2_2,D2_3,F2_2,,,N2_2,L_2,M_2
444136,L2,L1,L2,L2,L1,L2,L1,L1,L2,C2_2,D2_3,F2_2,,,N2_2,L_3,M_1
444137,L2,L1,L2,L2,L1,L2,L1,L1,L2,C2_2,D2_3,F2_2,,,N2_2,L_3,M_2
444138,L2,L1,L2,L2,L1,L2,L1,L1,L2,C2_2,D2_3,F2_3,,,N2_1,L_1,M_1
444139,L2,L1,L2,L2,L1,L2,L1,L1,L2,C2_2,D2_3,F2_3,,,N2_1,L_1,M_2
444140,L2,L1,L2,L2,L1,L2,L1,L1,L2,C2_2,D2_3,F2_3,,,N2_1,L_2,M_1
444141,L2,L1,L2,L2,L1,L2,L1,L1,L2,C2_2,D2_3,F2_3,,,N2_1,L_2,M_2
444142,L2,L1,L2,L2,L1,L2,L1,L1,L2,C2_2,D2_3,F2_3,,,N2_1,L_3,M_1
444143,L2,L1,L2,L2,L1,L2,L1,L1,L2,C2_2,D2_3,F2_3,,,N2_1,L_3,M_2
444144,L2,L1,L2,L2,L1,L2,L1,L1,L2,C2_2,D2_3,F2_3,,,N2_2,L_1,M_1
444145,L2,L1,L2,L2,L1,L2,L1,L1,L2,C2_2,D2_3,F2_3,,,N2_2,L_1,M_2
444146,L2,L1,L2,L2,L1,L2,L1,L1,L2,C2_2,D2_3,F2_3,,,N2_2,L_2,M_1
444147,L2,L1,L2,L2,L1,L2,L1,L1,L2,C2_2,D2_3,F2_3,,,N2_2,L_2,M_2
444148,L2,L1,L2,L2,L1,L2,L1,L1,L2,C2_2,D2_3,F2_3,,,N2_2,L_3,M_1
444149,L2,L1,L2,L2,L1,L2,L1,L1,L2,C2_2,D2_3,F2_3,,,N2_2,L_3,M_2
444150,L2,L1,L2,L2,L1,L2,L1,L1,L2,C2_3,D2_1,F2_1,,,N2_1,L_1,M_1
444151,L2,L1,L2,L2,L1,L2,L1,L1,L2,C2_3,D2_1,F2_1,,,N2_1,L_1,M_2
444152,L2,L1,L2,L2,L1,L2,L1,L1,L2,C2_3,D2_1,F2_1,,,N2_1,L_2,M_1
444153,L2,L1,L2,L2,L1,L2,L1,L1,L2,C2_3,D2_1,F2_1,,,N2_1,L_2,M_2
444154,L2,L1,L2,L2,L1,L2,L1,L1,L2,C2_3,D2_1,F2_1,,,N2_1,L_3,M_1
444155,L2,L1,L2,L2,L1,L2,L1,L1,L2,C2_3,D2_1,F2_1,,,N2_1,L_3,M_2
444156,L2,L1,L2,L2,L1,L2,L1,L1,L2,C2_3,D2_1,F2_1,,,N2_2,L_1,M_1
444157,L2,L1,L2,L2,L1,L2,L1,L1,L2,C2_3,D2_1,F2_1,,,N2_2,L_1,M_2
444158,L2,L1,L2,L2,L1,L2,L1,L1,L2,C2_3,D2_1,F2_1,,,N2_2,L_2,M_1
444159,L2,L1,L2,L2,L1,L2,L1,L1,L2,C2_3,D2_1,F2_1,,,N2_2,L_2,M_2
444160,L2,L1,L2,L2,L1,L2,L1,L1,L2,C2_3,D2_1,F2_1,,,N2_2,L_3,M_1
444161,L2,L1,L2,L2,L1,L2,L1,L1,L2,C2_3,D2_1,F2_1,,,N2_2,L_3,M_2
444162,L2,L1,L2,L2,L1,L2,L1,L1,L2,C2_3,D2_1,F2_2,,,N2_1,L_1,M_1
444163,L2,L1,L2,L2,L1,L2,L1,L1,L2,C2_3,D2_1,F2_2,,,N2_1,L_1,M_2
444164,L2,L1,L2,L2,L1,L2,L1,L1,L2,C2_3,D2_1,F2_2,,,N2_1,L_2,M_1
444165,L2,L1,L2,L2,L1,L2,L1,L1,L2,C2_3,D2_1,F2_2,,,N2_1,L_2,M_2
444166,L2,L1,L2,L2,L1,L2,L1,L1,L2,C2_3,D2_1,F2_2,,,N2_1,L_3,M_1
444167,L2,L1,L2,L2,L1,L2,L1,L1,L2,C2_3,D2_1,F2_2,,,N2_1,L_3,M_2
444168,L2,L1,L2,L2,L1,L2,L1,L1,L2,C2_3,D2_1,F2_2,,,N2_2,L_1,M_1
444169,L2,L1,L2,L2,L1,L2,L1,L1,L2,C2_3,D2_1,F2_2,,,N2_2,L_1,M_2
444170,L2,L1,L2,L2,L1,L2,L1,L1,L2,C2_3,D2_1,F2_2,,,N2_2,L_2,M_1
444171,L2,L1,L2,L2,L1,L2,L1,L1,L2,C2_3,D2_1,F2_2,,,N2_2,L_2,M_2
444172,L2,L1,L2,L2,L1,L2,L1,L1,L2,C2_3,D2_1,F2_2,,,N2_2,L_3,M_1
444173,L2,L1,L2,L2,L1,L2,L1,L1,L2,C2_3,D2_1,F2_2,,,N2_2,L_3,M_2
444174,L2,L1,L2,L2,L1,L2,L1,L1,L2,C2_3,D2_1,F2_3,,,N2_1,L_1,M_1
444175,L2,L1,L2,L2,L1,L2,L1,L1,L2,C2_3,D2_1,F2_3,,,N2_1,L_1,M_2
444176,L2,L1,L2,L2,L1,L2,L1,L1,L2,C2_3,D2_1,F2_3,,,N2_1,L_2,M_1
444177,L2,L1,L2,L2,L1,L2,L1,L1,L2,C2_3,D2_1,F2_3,,,N2_1,L_2,M_2
444178,L2,L1,L2,L2,L1,L2,L1,L1,L2,C2_3,D2_1,F2_3,,,N2_1,L_3,M_1
444179,L2,L1,L2,L2,L1,L2,L1,L1,L2,C2_3,D2_1,F2_3,,,N2_1,L_3,M_2
444180,L2,L1,L2,L2,L1,L2,L1,L1,L2,C2_3,D2_1,F2_3,,,N2_2,L_1,M_1
444181,L2,L1,L2,L2,L1,L2,L1,L1,L2,C2_3,D2_1,F2_3,,,N2_2,L_1,M_2
444182,L2,L1,L2,L2,L1,L2,L1,L1,L2,C2_3,D2_1,F2_3,,,N2_2,L_2,M_1
444183,L2,L1,L2,L2,L1,L2,L1,L1,L2,C2_3,D2_1,F2_3,,,N2_2,L_2,M_2
444184,L2,L1,L2,L2,L1,L2,L1,L1,L2,C2_3,D2_1,F2_3,,,N2_2,L_3,M_1
444185,L2,L1,L2,L2,L1,L2,L1,L1,L2,C2_3,D2_1,F2_3,,,N2_2,L_3,M_2
444186,L2,L1,L2,L2,L1,L2,L1,L1,L2,C2_3,D2_2,F2_1,,,N2_1,L_1,M_1
444187,L2,L1,L2,L2,L1,L2,L1,L1,L2,C2_3,D2_2,F2_1,,,N2_1,L_1,M_2
444188,L2,L1,L2,L2,L1,L2,L1,L1,L2,C2_3,D2_2,F2_1,,,N2_1,L_2,M_1
444189,L2,L1,L2,L2,L1,L2,L1,L1,L2,C2_3,D2_2,F2_1,,,N2_1,L_2,M_2
444190,L2,L1,L2,L2,L1,L2,L1,L1,L2,C2_3,D2_2,F2_1,,,N2_1,L_3,M_1
444191,L2,L1,L2,L2,L1,L2,L1,L1,L2,C2_3,D2_2,F2_1,,,N2_1,L_3,M_2
444192,L2,L1,L2,L2,L1,L2,L1,L1,L2,C2_3,D2_2,F2_1,,,N2_2,L_1,M_1
444193,L2,L1,L2,L2,L1,L2,L1,L1,L2,C2_3,D2_2,F2_1,,,N2_2,L_1,M_2
444194,L2,L1,L2,L2,L1,L2,L1,L1,L2,C2_3,D2_2,F2_1,,,N2_2,L_2,M_1
444195,L2,L1,L2,L2,L1,L2,L1,L1,L2,C2_3,D2_2,F2_1,,,N2_2,L_2,M_2
444196,L2,L1,L2,L2,L1,L2,L1,L1,L2,C2_3,D2_2,F2_1,,,N2_2,L_3,M_1
444197,L2,L1,L2,L2,L1,L2,L1,L1,L2,C2_3,D2_2,F2_1,,,N2_2,L_3,M_2
444198,L2,L1,L2,L2,L1,L2,L1,L1,L2,C2_3,D2_2,F2_2,,,N2_1,L_1,M_1
444199,L2,L1,L2,L2,L1,L2,L1,L1,L2,C2_3,D2_2,F2_2,,,N2_1,L_1,M_2
444200,L2,L1,L2,L2,L1,L2,L1,L1,L2,C2_3,D2_2,F2_2,,,N2_1,L_2,M_1
444201,L2,L1,L2,L2,L1,L2,L1,L1,L2,C2_3,D2_2,F2_2,,,N2_1,L_2,M_2
444202,L2,L1,L2,L2,L1,L2,L1,L1,L2,C2_3,D2_2,F2_2,,,N2_1,L_3,M_1
444203,L2,L1,L2,L2,L1,L2,L1,L1,L2,C2_3,D2_2,F2_2,,,N2_1,L_3,M_2
444204,L2,L1,L2,L2,L1,L2,L1,L1,L2,C2_3,D2_2,F2_2,,,N2_2,L_1,M_1
444205,L2,L1,L2,L2,L1,L2,L1,L1,L2,C2_3,D2_2,F2_2,,,N2_2,L_1,M_2
444206,L2,L1,L2,L2,L1,L2,L1,L1,L2,C2_3,D2_2,F2_2,,,N2_2,L_2,M_1
444207,L2,L1,L2,L2,L1,L2,L1,L1,L2,C2_3,D2_2,F2_2,,,N2_2,L_2,M_2
444208,L2,L1,L2,L2,L1,L2,L1,L1,L2,C2_3,D2_2,F2_2,,,N2_2,L_3,M_1
444209,L2,L1,L2,L2,L1,L2,L1,L1,L2,C2_3,D2_2,F2_2,,,N2_2,L_3,M_2
444210,L2,L1,L2,L2,L1,L2,L1,L1,L2,C2_3,D2_2,F2_3,,,N2_1,L_1,M_1
444211,L2,L1,L2,L2,L1,L2,L1,L1,L2,C2_3,D2_2,F2_3,,,N2_1,L_1,M_2
444212,L2,L1,L2,L2,L1,L2,L1,L1,L2,C2_3,D2_2,F2_3,,,N2_1,L_2,M_1
444213,L2,L1,L2,L2,L1,L2,L1,L1,L2,C2_3,D2_2,F2_3,,,N2_1,L_2,M_2
444214,L2,L1,L2,L2,L1,L2,L1,L1,L2,C2_3,D2_2,F2_3,,,N2_1,L_3,M_1
444215,L2,L1,L2,L2,L1,L2,L1,L1,L2,C2_3,D2_2,F2_3,,,N2_1,L_3,M_2
444216,L2,L1,L2,L2,L1,L2,L1,L1,L2,C2_3,D2_2,F2_3,,,N2_2,L_1,M_1
444217,L2,L1,L2,L2,L1,L2,L1,L1,L2,C2_3,D2_2,F2_3,,,N2_2,L_1,M_2
444218,L2,L1,L2,L2,L1,L2,L1,L1,L2,C2_3,D2_2,F2_3,,,N2_2,L_2,M_1
444219,L2,L1,L2,L2,L1,L2,L1,L1,L2,C2_3,D2_2,F2_3,,,N2_2,L_2,M_2
444220,L2,L1,L2,L2,L1,L2,L1,L1,L2,C2_3,D2_2,F2_3,,,N2_2,L_3,M_1
444221,L2,L1,L2,L2,L1,L2,L1,L1,L2,C2_3,D2_2,F2_3,,,N2_2,L_3,M_2
444222,L2,L1,L2,L2,L1,L2,L1,L1,L2,C2_3,D2_3,F2_1,,,N2_1,L_1,M_1
444223,L2,L1,L2,L2,L1,L2,L1,L1,L2,C2_3,D2_3,F2_1,,,N2_1,L_1,M_2
444224,L2,L1,L2,L2,L1,L2,L1,L1,L2,C2_3,D2_3,F2_1,,,N2_1,L_2,M_1
444225,L2,L1,L2,L2,L1,L2,L1,L1,L2,C2_3,D2_3,F2_1,,,N2_1,L_2,M_2
444226,L2,L1,L2,L2,L1,L2,L1,L1,L2,C2_3,D2_3,F2_1,,,N2_1,L_3,M_1
444227,L2,L1,L2,L2,L1,L2,L1,L1,L2,C2_3,D2_3,F2_1,,,N2_1,L_3,M_2
444228,L2,L1,L2,L2,L1,L2,L1,L1,L2,C2_3,D2_3,F2_1,,,N2_2,L_1,M_1
444229,L2,L1,L2,L2,L1,L2,L1,L1,L2,C2_3,D2_3,F2_1,,,N2_2,L_1,M_2
444230,L2,L1,L2,L2,L1,L2,L1,L1,L2,C2_3,D2_3,F2_1,,,N2_2,L_2,M_1
444231,L2,L1,L2,L2,L1,L2,L1,L1,L2,C2_3,D2_3,F2_1,,,N2_2,L_2,M_2
444232,L2,L1,L2,L2,L1,L2,L1,L1,L2,C2_3,D2_3,F2_1,,,N2_2,L_3,M_1
444233,L2,L1,L2,L2,L1,L2,L1,L1,L2,C2_3,D2_3,F2_1,,,N2_2,L_3,M_2
444234,L2,L1,L2,L2,L1,L2,L1,L1,L2,C2_3,D2_3,F2_2,,,N2_1,L_1,M_1
444235,L2,L1,L2,L2,L1,L2,L1,L1,L2,C2_3,D2_3,F2_2,,,N2_1,L_1,M_2
444236,L2,L1,L2,L2,L1,L2,L1,L1,L2,C2_3,D2_3,F2_2,,,N2_1,L_2,M_1
444237,L2,L1,L2,L2,L1,L2,L1,L1,L2,C2_3,D2_3,F2_2,,,N2_1,L_2,M_2
444238,L2,L1,L2,L2,L1,L2,L1,L1,L2,C2_3,D2_3,F2_2,,,N2_1,L_3,M_1
444239,L2,L1,L2,L2,L1,L2,L1,L1,L2,C2_3,D2_3,F2_2,,,N2_1,L_3,M_2
444240,L2,L1,L2,L2,L1,L2,L1,L1,L2,C2_3,D2_3,F2_2,,,N2_2,L_1,M_1
444241,L2,L1,L2,L2,L1,L2,L1,L1,L2,C2_3,D2_3,F2_2,,,N2_2,L_1,M_2
444242,L2,L1,L2,L2,L1,L2,L1,L1,L2,C2_3,D2_3,F2_2,,,N2_2,L_2,M_1
444243,L2,L1,L2,L2,L1,L2,L1,L1,L2,C2_3,D2_3,F2_2,,,N2_2,L_2,M_2
444244,L2,L1,L2,L2,L1,L2,L1,L1,L2,C2_3,D2_3,F2_2,,,N2_2,L_3,M_1
444245,L2,L1,L2,L2,L1,L2,L1,L1,L2,C2_3,D2_3,F2_2,,,N2_2,L_3,M_2
444246,L2,L1,L2,L2,L1,L2,L1,L1,L2,C2_3,D2_3,F2_3,,,N2_1,L_1,M_1
444247,L2,L1,L2,L2,L1,L2,L1,L1,L2,C2_3,D2_3,F2_3,,,N2_1,L_1,M_2
444248,L2,L1,L2,L2,L1,L2,L1,L1,L2,C2_3,D2_3,F2_3,,,N2_1,L_2,M_1
444249,L2,L1,L2,L2,L1,L2,L1,L1,L2,C2_3,D2_3,F2_3,,,N2_1,L_2,M_2
444250,L2,L1,L2,L2,L1,L2,L1,L1,L2,C2_3,D2_3,F2_3,,,N2_1,L_3,M_1
444251,L2,L1,L2,L2,L1,L2,L1,L1,L2,C2_3,D2_3,F2_3,,,N2_1,L_3,M_2
444252,L2,L1,L2,L2,L1,L2,L1,L1,L2,C2_3,D2_3,F2_3,,,N2_2,L_1,M_1
444253,L2,L1,L2,L2,L1,L2,L1,L1,L2,C2_3,D2_3,F2_3,,,N2_2,L_1,M_2
444254,L2,L1,L2,L2,L1,L2,L1,L1,L2,C2_3,D2_3,F2_3,,,N2_2,L_2,M_1
444255,L2,L1,L2,L2,L1,L2,L1,L1,L2,C2_3,D2_3,F2_3,,,N2_2,L_2,M_2
444256,L2,L1,L2,L2,L1,L2,L1,L1,L2,C2_3,D2_3,F2_3,,,N2_2,L_3,M_1
444257,L2,L1,L2,L2,L1,L2,L1,L1,L2,C2_3,D2_3,F2_3,,,N2_2,L_3,M_2
451467,L3,L3,L1,L1,L2,L2,L1,L1,L2,C2_1,D2_1,F2_1,,,N2_1,L_1,M_1
451468,L3,L3,L1,L1,L2,L2,L1,L1,L2,C2_1,D2_1,F2_1,,,N2_1,L_1,M_2
451469,L3,L3,L1,L1,L2,L2,L1,L1,L2,C2_1,D2_1,F2_1,,,N2_1,L_2,M_1
451470,L3,L3,L1,L1,L2,L2,L1,L1,L2,C2_1,D2_1,F2_1,,,N2_1,L_2,M_2
451471,L3,L3,L1,L1,L2,L2,L1,L1,L2,C2_1,D2_1,F2_1,,,N2_1,L_3,M_1
451472,L3,L3,L1,L1,L2,L2,L1,L1,L2,C2_1,D2_1,F2_1,,,N2_1,L_3,M_2
451473,L3,L3,L1,L1,L2,L2,L1,L1,L2,C2_1,D2_1,F2_1,,,N2_2,L_1,M_1
451474,L3,L3,L1,L1,L2,L2,L1,L1,L2,C2_1,D2_1,F2_1,,,N2_2,L_1,M_2
451475,L3,L3,L1,L1,L2,L2,L1,L1,L2,C2_1,D2_1,F2_1,,,N2_2,L_2,M_1
451476,L3,L3,L1,L1,L2,L2,L1,L1,L2,C2_1,D2_1,F2_1,,,N2_2,L_2,M_2
451477,L3,L3,L1,L1,L2,L2,L1,L1,L2,C2_1,D2_1,F2_1,,,N2_2,L_3,M_1
451478,L3,L3,L1,L1,L2,L2,L1,L1,L2,C2_1,D2_1,F2_1,,,N2_2,L_3,M_2
451479,L3,L3,L1,L1,L2,L2,L1,L1,L2,C2_1,D2_1,F2_2,,,N2_1,L_1,M_1
451480,L3,L3,L1,L1,L2,L2,L1,L1,L2,C2_1,D2_1,F2_2,,,N2_1,L_1,M_2
451481,L3,L3,L1,L1,L2,L2,L1,L1,L2,C2_1,D2_1,F2_2,,,N2_1,L_2,M_1
451482,L3,L3,L1,L1,L2,L2,L1,L1,L2,C2_1,D2_1,F2_2,,,N2_1,L_2,M_2
451483,L3,L3,L1,L1,L2,L2,L1,L1,L2,C2_1,D2_1,F2_2,,,N2_1,L_3,M_1
451484,L3,L3,L1,L1,L2,L2,L1,L1,L2,C2_1,D2_1,F2_2,,,N2_1,L_3,M_2
451485,L3,L3,L1,L1,L2,L2,L1,L1,L2,C2_1,D2_1,F2_2,,,N2_2,L_1,M_1
451486,L3,L3,L1,L1,L2,L2,L1,L1,L2,C2_1,D2_1,F2_2,,,N2_2,L_1,M_2
451487,L3,L3,L1,L1,L2,L2,L1,L1,L2,C2_1,D2_1,F2_2,,,N2_2,L_2,M_1
451488,L3,L3,L1,L1,L2,L2,L1,L1,L2,C2_1,D2_1,F2_2,,,N2_2,L_2,M_2
451489,L3,L3,L1,L1,L2,L2,L1,L1,L2,C2_1,D2_1,F2_2,,,N2_2,L_3,M_1
451490,L3,L3,L1,L1,L2,L2,L1,L1,L2,C2_1,D2_1,F2_2,,,N2_2,L_3,M_2
451491,L3,L3,L1,L1,L2,L2,L1,L1,L2,C2_1,D2_1,F2_3,,,N2_1,L_1,M_1
451492,L3,L3,L1,L1,L2,L2,L1,L1,L2,C2_1,D2_1,F2_3,,,N2_1,L_1,M_2
451493,L3,L3,L1,L1,L2,L2,L1,L1,L2,C2_1,D2_1,F2_3,,,N2_1,L_2,M_1
451494,L3,L3,L1,L1,L2,L2,L1,L1,L2,C2_1,D2_1,F2_3,,,N2_1,L_2,M_2
451495,L3,L3,L1,L1,L2,L2,L1,L1,L2,C2_1,D2_1,F2_3,,,N2_1,L_3,M_1
451496,L3,L3,L1,L1,L2,L2,L1,L1,L2,C2_1,D2_1,F2_3,,,N2_1,L_3,M_2
451497,L3,L3,L1,L1,L2,L2,L1,L1,L2,C2_1,D2_1,F2_3,,,N2_2,L_1,M_1
451498,L3,L3,L1,L1,L2,L2,L1,L1,L2,C2_1,D2_1,F2_3,,,N2_2,L_1,M_2
451499,L3,L3,L1,L1,L2,L2,L1,L1,L2,C2_1,D2_1,F2_3,,,N2_2,L_2,M_1
451500,L3,L3,L1,L1,L2,L2,L1,L1,L2,C2_1,D2_1,F2_3,,,N2_2,L_2,M_2
451501,L3,L3,L1,L1,L2,L2,L1,L1,L2,C2_1,D2_1,F2_3,,,N2_2,L_3,M_1
451502,L3,L3,L1,L1,L2,L2,L1,L1,L2,C2_1,D2_1,F2_3,,,N2_2,L_3,M_2
451503,L3,L3,L1,L1,L2,L2,L1,L1,L2,C2_1,D2_2,F2_1,,,N2_1,L_1,M_1
451504,L3,L3,L1,L1,L2,L2,L1,L1,L2,C2_1,D2_2,F2_1,,,N2_1,L_1,M_2
451505,L3,L3,L1,L1,L2,L2,L1,L1,L2,C2_1,D2_2,F2_1,,,N2_1,L_2,M_1
451506,L3,L3,L1,L1,L2,L2,L1,L1,L2,C2_1,D2_2,F2_1,,,N2_1,L_2,M_2
451507,L3,L3,L1,L1,L2,L2,L1,L1,L2,C2_1,D2_2,F2_1,,,N2_1,L_3,M_1
451508,L3,L3,L1,L1,L2,L2,L1,L1,L2,C2_1,D2_2,F2_1,,,N2_1,L_3,M_2
451509,L3,L3,L1,L1,L2,L2,L1,L1,L2,C2_1,D2_2,F2_1,,,N2_2,L_1,M_1
451510,L3,L3,L1,L1,L2,L2,L1,L1,L2,C2_1,D2_2,F2_1,,,N2_2,L_1,M_2
451511,L3,L3,L1,L1,L2,L2,L1,L1,L2,C2_1,D2_2,F2_1,,,N2_2,L_2,M_1
451512,L3,L3,L1,L1,L2,L2,L1,L1,L2,C2_1,D2_2,F2_1,,,N2_2,L_2,M_2
451513,L3,L3,L1,L1,L2,L2,L1,L1,L2,C2_1,D2_2,F2_1,,,N2_2,L_3,M_1
451514,L3,L3,L1,L1,L2,L2,L1,L1,L2,C2_1,D2_2,F2_1,,,N2_2,L_3,M_2
451515,L3,L3,L1,L1,L2,L2,L1,L1,L2,C2_1,D2_2,F2_2,,,N2_1,L_1,M_1
451516,L3,L3,L1,L1,L2,L2,L1,L1,L2,C2_1,D2_2,F2_2,,,N2_1,L_1,M_2
451517,L3,L3,L1,L1,L2,L2,L1,L1,L2,C2_1,D2_2,F2_2,,,N2_1,L_2,M_1
451518,L3,L3,L1,L1,L2,L2,L1,L1,L2,C2_1,D2_2,F2_2,,,N2_1,L_2,M_2
451519,L3,L3,L1,L1,L2,L2,L1,L1,L2,C2_1,D2_2,F2_2,,,N2_1,L_3,M_1
451520,L3,L3,L1,L1,L2,L2,L1,L1,L2,C2_1,D2_2,F2_2,,,N2_1,L_3,M_2
451521,L3,L3,L1,L1,L2,L2,L1,L1,L2,C2_1,D2_2,F2_2,,,N2_2,L_1,M_1
451522,L3,L3,L1,L1,L2,L2,L1,L1,L2,C2_1,D2_2,F2_2,,,N2_2,L_1,M_2
451523,L3,L3,L1,L1,L2,L2,L1,L1,L2,C2_1,D2_2,F2_2,,,N2_2,L_2,M_1
451524,L3,L3,L1,L1,L2,L2,L1,L1,L2,C2_1,D2_2,F2_2,,,N2_2,L_2,M_2
451525,L3,L3,L1,L1,L2,L2,L1,L1,L2,C2_1,D2_2,F2_2,,,N2_2,L_3,M_1
451526,L3,L3,L1,L1,L2,L2,L1,L1,L2,C2_1,D2_2,F2_2,,,N2_2,L_3,M_2
451527,L3,L3,L1,L1,L2,L2,L1,L1,L2,C2_1,D2_2,F2_3,,,N2_1,L_1,M_1
451528,L3,L3,L1,L1,L2,L2,L1,L1,L2,C2_1,D2_2,F2_3,,,N2_1,L_1,M_2
451529,L3,L3,L1,L1,L2,L2,L1,L1,L2,C2_1,D2_2,F2_3,,,N2_1,L_2,M_1
451530,L3,L3,L1,L1,L2,L2,L1,L1,L2,C2_1,D2_2,F2_3,,,N2_1,L_2,M_2
451531,L3,L3,L1,L1,L2,L2,L1,L1,L2,C2_1,D2_2,F2_3,,,N2_1,L_3,M_1
451532,L3,L3,L1,L1,L2,L2,L1,L1,L2,C2_1,D2_2,F2_3,,,N2_1,L_3,M_2
451533,L3,L3,L1,L1,L2,L2,L1,L1,L2,C2_1,D2_2,F2_3,,,N2_2,L_1,M_1
451534,L3,L3,L1,L1,L2,L2,L1,L1,L2,C2_1,D2_2,F2_3,,,N2_2,L_1,M_2
451535,L3,L3,L1,L1,L2,L2,L1,L1,L2,C2_1,D2_2,F2_3,,,N2_2,L_2,M_1
451536,L3,L3,L1,L1,L2,L2,L1,L1,L2,C2_1,D2_2,F2_3,,,N2_2,L_2,M_2
451537,L3,L3,L1,L1,L2,L2,L1,L1,L2,C2_1,D2_2,F2_3,,,N2_2,L_3,M_1
451538,L3,L3,L1,L1,L2,L2,L1,L1,L2,C2_1,D2_2,F2_3,,,N2_2,L_3,M_2
451539,L3,L3,L1,L1,L2,L2,L1,L1,L2,C2_1,D2_3,F2_1,,,N2_1,L_1,M_1
451540,L3,L3,L1,L1,L2,L2,L1,L1,L2,C2_1,D2_3,F2_1,,,N2_1,L_1,M_2
451541,L3,L3,L1,L1,L2,L2,L1,L1,L2,C2_1,D2_3,F2_1,,,N2_1,L_2,M_1
451542,L3,L3,L1,L1,L2,L2,L1,L1,L2,C2_1,D2_3,F2_1,,,N2_1,L_2,M_2
451543,L3,L3,L1,L1,L2,L2,L1,L1,L2,C2_1,D2_3,F2_1,,,N2_1,L_3,M_1
451544,L3,L3,L1,L1,L2,L2,L1,L1,L2,C2_1,D2_3,F2_1,,,N2_1,L_3,M_2
451545,L3,L3,L1,L1,L2,L2,L1,L1,L2,C2_1,D2_3,F2_1,,,N2_2,L_1,M_1
451546,L3,L3,L1,L1,L2,L2,L1,L1,L2,C2_1,D2_3,F2_1,,,N2_2,L_1,M_2
451547,L3,L3,L1,L1,L2,L2,L1,L1,L2,C2_1,D2_3,F2_1,,,N2_2,L_2,M_1
451548,L3,L3,L1,L1,L2,L2,L1,L1,L2,C2_1,D2_3,F2_1,,,N2_2,L_2,M_2
451549,L3,L3,L1,L1,L2,L2,L1,L1,L2,C2_1,D2_3,F2_1,,,N2_2,L_3,M_1
451550,L3,L3,L1,L1,L2,L2,L1,L1,L2,C2_1,D2_3,F2_1,,,N2_2,L_3,M_2
451551,L3,L3,L1,L1,L2,L2,L1,L1,L2,C2_1,D2_3,F2_2,,,N2_1,L_1,M_1
451552,L3,L3,L1,L1,L2,L2,L1,L1,L2,C2_1,D2_3,F2_2,,,N2_1,L_1,M_2
451553,L3,L3,L1,L1,L2,L2,L1,L1,L2,C2_1,D2_3,F2_2,,,N2_1,L_2,M_1
451554,L3,L3,L1,L1,L2,L2,L1,L1,L2,C2_1,D2_3,F2_2,,,N2_1,L_2,M_2
451555,L3,L3,L1,L1,L2,L2,L1,L1,L2,C2_1,D2_3,F2_2,,,N2_1,L_3,M_1
451556,L3,L3,L1,L1,L2,L2,L1,L1,L2,C2_1,D2_3,F2_2,,,N2_1,L_3,M_2
451557,L3,L3,L1,L1,L2,L2,L1,L1,L2,C2_1,D2_3,F2_2,,,N2_2,L_1,M_1
451558,L3,L3,L1,L1,L2,L2,L1,L1,L2,C2_1,D2_3,F2_2,,,N2_2,L_1,M_2
451559,L3,L3,L1,L1,L2,L2,L1,L1,L2,C2_1,D2_3,F2_2,,,N2_2,L_2,M_1
451560,L3,L3,L1,L1,L2,L2,L1,L1,L2,C2_1,D2_3,F2_2,,,N2_2,L_2,M_2
451561,L3,L3,L1,L1,L2,L2,L1,L1,L2,C2_1,D2_3,F2_2,,,N2_2,L_3,M_1
451562,L3,L3,L1,L1,L2,L2,L1,L1,L2,C2_1,D2_3,F2_2,,,N2_2,L_3,M_2
451563,L3,L3,L1,L1,L2,L2,L1,L1,L2,C2_1,D2_3,F2_3,,,N2_1,L_1,M_1
451564,L3,L3,L1,L1,L2,L2,L1,L1,L2,C2_1,D2_3,F2_3,,,N2_1,L_1,M_2
451565,L3,L3,L1,L1,L2,L2,L1,L1,L2,C2_1,D2_3,F2_3,,,N2_1,L_2,M_1
451566,L3,L3,L1,L1,L2,L2,L1,L1,L2,C2_1,D2_3,F2_3,,,N2_1,L_2,M_2
451567,L3,L3,L1,L1,L2,L2,L1,L1,L2,C2_1,D2_3,F2_3,,,N2_1,L_3,M_1
451568,L3,L3,L1,L1,L2,L2,L1,L1,L2,C2_1,D2_3,F2_3,,,N2_1,L_3,M_2
451569,L3,L3,L1,L1,L2,L2,L1,L1,L2,C2_1,D2_3,F2_3,,,N2_2,L_1,M_1
451570,L3,L3,L1,L1,L2,L2,L1,L1,L2,C2_1,D2_3,F2_3,,,N2_2,L_1,M_2
451571,L3,L3,L1,L1,L2,L2,L1,L1,L2,C2_1,D2_3,F2_3,,,N2_2,L_2,M_1
451572,L3,L3,L1,L1,L2,L2,L1,L1,L2,C2_1,D2_3,F2_3,,,N2_2,L_2,M_2
451573,L3,L3,L1,L1,L2,L2,L1,L1,L2,C2_1,D2_3,F2_3,,,N2_2,L_3,M_1
451574,L3,L3,L1,L1,L2,L2,L1,L1,L2,C2_1,D2_3,F2_3,,,N2_2,L_3,M_2
451575,L3,L3,L1,L1,L2,L2,L1,L1,L2,C2_2,D2_1,F2_1,,,N2_1,L_1,M_1
451576,L3,L3,L1,L1,L2,L2,L1,L1,L2,C2_2,D2_1,F2_1,,,N2_1,L_1,M_2
451577,L3,L3,L1,L1,L2,L2,L1,L1,L2,C2_2,D2_1,F2_1,,,N2_1,L_2,M_1
451578,L3,L3,L1,L1,L2,L2,L1,L1,L2,C2_2,D2_1,F2_1,,,N2_1,L_2,M_2
451579,L3,L3,L1,L1,L2,L2,L1,L1,L2,C2_2,D2_1,F2_1,,,N2_1,L_3,M_1
451580,L3,L3,L1,L1,L2,L2,L1,L1,L2,C2_2,D2_1,F2_1,,,N2_1,L_3,M_2
451581,L3,L3,L1,L1,L2,L2,L1,L1,L2,C2_2,D2_1,F2_1,,,N2_2,L_1,M_1
451582,L3,L3,L1,L1,L2,L2,L1,L1,L2,C2_2,D2_1,F2_1,,,N2_2,L_1,M_2
451583,L3,L3,L1,L1,L2,L2,L1,L1,L2,C2_2,D2_1,F2_1,,,N2_2,L_2,M_1
451584,L3,L3,L1,L1,L2,L2,L1,L1,L2,C2_2,D2_1,F2_1,,,N2_2,L_2,M_2
451585,L3,L3,L1,L1,L2,L2,L1,L1,L2,C2_2,D2_1,F2_1,,,N2_2,L_3,M_1
451586,L3,L3,L1,L1,L2,L2,L1,L1,L2,C2_2,D2_1,F2_1,,,N2_2,L_3,M_2
451587,L3,L3,L1,L1,L2,L2,L1,L1,L2,C2_2,D2_1,F2_2,,,N2_1,L_1,M_1
451588,L3,L3,L1,L1,L2,L2,L1,L1,L2,C2_2,D2_1,F2_2,,,N2_1,L_1,M_2
451589,L3,L3,L1,L1,L2,L2,L1,L1,L2,C2_2,D2_1,F2_2,,,N2_1,L_2,M_1
451590,L3,L3,L1,L1,L2,L2,L1,L1,L2,C2_2,D2_1,F2_2,,,N2_1,L_2,M_2
451591,L3,L3,L1,L1,L2,L2,L1,L1,L2,C2_2,D2_1,F2_2,,,N2_1,L_3,M_1
451592,L3,L3,L1,L1,L2,L2,L1,L1,L2,C2_2,D2_1,F2_2,,,N2_1,L_3,M_2
451593,L3,L3,L1,L1,L2,L2,L1,L1,L2,C2_2,D2_1,F2_2,,,N2_2,L_1,M_1
451594,L3,L3,L1,L1,L2,L2,L1,L1,L2,C2_2,D2_1,F2_2,,,N2_2,L_1,M_2
451595,L3,L3,L1,L1,L2,L2,L1,L1,L2,C2_2,D2_1,F2_2,,,N2_2,L_2,M_1
451596,L3,L3,L1,L1,L2,L2,L1,L1,L2,C2_2,D2_1,F2_2,,,N2_2,L_2,M_2
451597,L3,L3,L1,L1,L2,L2,L1,L1,L2,C2_2,D2_1,F2_2,,,N2_2,L_3,M_1
451598,L3,L3,L1,L1,L2,L2,L1,L1,L2,C2_2,D2_1,F2_2,,,N2_2,L_3,M_2
451599,L3,L3,L1,L1,L2,L2,L1,L1,L2,C2_2,D2_1,F2_3,,,N2_1,L_1,M_1
451600,L3,L3,L1,L1,L2,L2,L1,L1,L2,C2_2,D2_1,F2_3,,,N2_1,L_1,M_2
451601,L3,L3,L1,L1,L2,L2,L1,L1,L2,C2_2,D2_1,F2_3,,,N2_1,L_2,M_1
451602,L3,L3,L1,L1,L2,L2,L1,L1,L2,C2_2,D2_1,F2_3,,,N2_1,L_2,M_2
451603,L3,L3,L1,L1,L2,L2,L1,L1,L2,C2_2,D2_1,F2_3,,,N2_1,L_3,M_1
451604,L3,L3,L1,L1,L2,L2,L1,L1,L2,C2_2,D2_1,F2_3,,,N2_1,L_3,M_2
451605,L3,L3,L1,L1,L2,L2,L1,L1,L2,C2_2,D2_1,F2_3,,,N2_2,L_1,M_1
451606,L3,L3,L1,L1,L2,L2,L1,L1,L2,C2_2,D2_1,F2_3,,,N2_2,L_1,M_2
451607,L3,L3,L1,L1,L2,L2,L1,L1,L2,C2_2,D2_1,F2_3,,,N2_2,L_2,M_1
451608,L3,L3,L1,L1,L2,L2,L1,L1,L2,C2_2,D2_1,F2_3,,,N2_2,L_2,M_2
451609,L3,L3,L1,L1,L2,L2,L1,L1,L2,C2_2,D2_1,F2_3,,,N2_2,L_3,M_1
451610,L3,L3,L1,L1,L2,L2,L1,L1,L2,C2_2,D2_1,F2_3,,,N2_2,L_3,M_2
451611,L3,L3,L1,L1,L2,L2,L1,L1,L2,C2_2,D2_2,F2_1,,,N2_1,L_1,M_1
451612,L3,L3,L1,L1,L2,L2,L1,L1,L2,C2_2,D2_2,F2_1,,,N2_1,L_1,M_2
451613,L3,L3,L1,L1,L2,L2,L1,L1,L2,C2_2,D2_2,F2_1,,,N2_1,L_2,M_1
451614,L3,L3,L1,L1,L2,L2,L1,L1,L2,C2_2,D2_2,F2_1,,,N2_1,L_2,M_2
451615,L3,L3,L1,L1,L2,L2,L1,L1,L2,C2_2,D2_2,F2_1,,,N2_1,L_3,M_1
451616,L3,L3,L1,L1,L2,L2,L1,L1,L2,C2_2,D2_2,F2_1,,,N2_1,L_3,M_2
451617,L3,L3,L1,L1,L2,L2,L1,L1,L2,C2_2,D2_2,F2_1,,,N2_2,L_1,M_1
451618,L3,L3,L1,L1,L2,L2,L1,L1,L2,C2_2,D2_2,F2_1,,,N2_2,L_1,M_2
451619,L3,L3,L1,L1,L2,L2,L1,L1,L2,C2_2,D2_2,F2_1,,,N2_2,L_2,M_1
451620,L3,L3,L1,L1,L2,L2,L1,L1,L2,C2_2,D2_2,F2_1,,,N2_2,L_2,M_2
451621,L3,L3,L1,L1,L2,L2,L1,L1,L2,C2_2,D2_2,F2_1,,,N2_2,L_3,M_1
451622,L3,L3,L1,L1,L2,L2,L1,L1,L2,C2_2,D2_2,F2_1,,,N2_2,L_3,M_2
451623,L3,L3,L1,L1,L2,L2,L1,L1,L2,C2_2,D2_2,F2_2,,,N2_1,L_1,M_1
451624,L3,L3,L1,L1,L2,L2,L1,L1,L2,C2_2,D2_2,F2_2,,,N2_1,L_1,M_2
451625,L3,L3,L1,L1,L2,L2,L1,L1,L2,C2_2,D2_2,F2_2,,,N2_1,L_2,M_1
451626,L3,L3,L1,L1,L2,L2,L1,L1,L2,C2_2,D2_2,F2_2,,,N2_1,L_2,M_2
451627,L3,L3,L1,L1,L2,L2,L1,L1,L2,C2_2,D2_2,F2_2,,,N2_1,L_3,M_1
451628,L3,L3,L1,L1,L2,L2,L1,L1,L2,C2_2,D2_2,F2_2,,,N2_1,L_3,M_2
451629,L3,L3,L1,L1,L2,L2,L1,L1,L2,C2_2,D2_2,F2_2,,,N2_2,L_1,M_1
451630,L3,L3,L1,L1,L2,L2,L1,L1,L2,C2_2,D2_2,F2_2,,,N2_2,L_1,M_2
451631,L3,L3,L1,L1,L2,L2,L1,L1,L2,C2_2,D2_2,F2_2,,,N2_2,L_2,M_1
451632,L3,L3,L1,L1,L2,L2,L1,L1,L2,C2_2,D2_2,F2_2,,,N2_2,L_2,M_2
451633,L3,L3,L1,L1,L2,L2,L1,L1,L2,C2_2,D2_2,F2_2,,,N2_2,L_3,M_1
451634,L3,L3,L1,L1,L2,L2,L1,L1,L2,C2_2,D2_2,F2_2,,,N2_2,L_3,M_2
451635,L3,L3,L1,L1,L2,L2,L1,L1,L2,C2_2,D2_2,F2_3,,,N2_1,L_1,M_1
451636,L3,L3,L1,L1,L2,L2,L1,L1,L2,C2_2,D2_2,F2_3,,,N2_1,L_1,M_2
451637,L3,L3,L1,L1,L2,L2,L1,L1,L2,C2_2,D2_2,F2_3,,,N2_1,L_2,M_1
451638,L3,L3,L1,L1,L2,L2,L1,L1,L2,C2_2,D2_2,F2_3,,,N2_1,L_2,M_2
451639,L3,L3,L1,L1,L2,L2,L1,L1,L2,C2_2,D2_2,F2_3,,,N2_1,L_3,M_1
451640,L3,L3,L1,L1,L2,L2,L1,L1,L2,C2_2,D2_2,F2_3,,,N2_1,L_3,M_2
451641,L3,L3,L1,L1,L2,L2,L1,L1,L2,C2_2,D2_2,F2_3,,,N2_2,L_1,M_1
451642,L3,L3,L1,L1,L2,L2,L1,L1,L2,C2_2,D2_2,F2_3,,,N2_2,L_1,M_2
451643,L3,L3,L1,L1,L2,L2,L1,L1,L2,C2_2,D2_2,F2_3,,,N2_2,L_2,M_1
451644,L3,L3,L1,L1,L2,L2,L1,L1,L2,C2_2,D2_2,F2_3,,,N2_2,L_2,M_2
451645,L3,L3,L1,L1,L2,L2,L1,L1,L2,C2_2,D2_2,F2_3,,,N2_2,L_3,M_1
451646,L3,L3,L1,L1,L2,L2,L1,L1,L2,C2_2,D2_2,F2_3,,,N2_2,L_3,M_2
451647,L3,L3,L1,L1,L2,L2,L1,L1,L2,C2_2,D2_3,F2_1,,,N2_1,L_1,M_1
451648,L3,L3,L1,L1,L2,L2,L1,L1,L2,C2_2,D2_3,F2_1,,,N2_1,L_1,M_2
451649,L3,L3,L1,L1,L2,L2,L1,L1,L2,C2_2,D2_3,F2_1,,,N2_1,L_2,M_1
451650,L3,L3,L1,L1,L2,L2,L1,L1,L2,C2_2,D2_3,F2_1,,,N2_1,L_2,M_2
451651,L3,L3,L1,L1,L2,L2,L1,L1,L2,C2_2,D2_3,F2_1,,,N2_1,L_3,M_1
451652,L3,L3,L1,L1,L2,L2,L1,L1,L2,C2_2,D2_3,F2_1,,,N2_1,L_3,M_2
451653,L3,L3,L1,L1,L2,L2,L1,L1,L2,C2_2,D2_3,F2_1,,,N2_2,L_1,M_1
451654,L3,L3,L1,L1,L2,L2,L1,L1,L2,C2_2,D2_3,F2_1,,,N2_2,L_1,M_2
451655,L3,L3,L1,L1,L2,L2,L1,L1,L2,C2_2,D2_3,F2_1,,,N2_2,L_2,M_1
451656,L3,L3,L1,L1,L2,L2,L1,L1,L2,C2_2,D2_3,F2_1,,,N2_2,L_2,M_2
451657,L3,L3,L1,L1,L2,L2,L1,L1,L2,C2_2,D2_3,F2_1,,,N2_2,L_3,M_1
451658,L3,L3,L1,L1,L2,L2,L1,L1,L2,C2_2,D2_3,F2_1,,,N2_2,L_3,M_2
451659,L3,L3,L1,L1,L2,L2,L1,L1,L2,C2_2,D2_3,F2_2,,,N2_1,L_1,M_1
451660,L3,L3,L1,L1,L2,L2,L1,L1,L2,C2_2,D2_3,F2_2,,,N2_1,L_1,M_2
451661,L3,L3,L1,L1,L2,L2,L1,L1,L2,C2_2,D2_3,F2_2,,,N2_1,L_2,M_1
451662,L3,L3,L1,L1,L2,L2,L1,L1,L2,C2_2,D2_3,F2_2,,,N2_1,L_2,M_2
451663,L3,L3,L1,L1,L2,L2,L1,L1,L2,C2_2,D2_3,F2_2,,,N2_1,L_3,M_1
451664,L3,L3,L1,L1,L2,L2,L1,L1,L2,C2_2,D2_3,F2_2,,,N2_1,L_3,M_2
451665,L3,L3,L1,L1,L2,L2,L1,L1,L2,C2_2,D2_3,F2_2,,,N2_2,L_1,M_1
451666,L3,L3,L1,L1,L2,L2,L1,L1,L2,C2_2,D2_3,F2_2,,,N2_2,L_1,M_2
451667,L3,L3,L1,L1,L2,L2,L1,L1,L2,C2_2,D2_3,F2_2,,,N2_2,L_2,M_1
451668,L3,L3,L1,L1,L2,L2,L1,L1,L2,C2_2,D2_3,F2_2,,,N2_2,L_2,M_2
451669,L3,L3,L1,L1,L2,L2,L1,L1,L2,C2_2,D2_3,F2_2,,,N2_2,L_3,M_1
451670,L3,L3,L1,L1,L2,L2,L1,L1,L2,C2_2,D2_3,F2_2,,,N2_2,L_3,M_2
451671,L3,L3,L1,L1,L2,L2,L1,L1,L2,C2_2,D2_3,F2_3,,,N2_1,L_1,M_1
451672,L3,L3,L1,L1,L2,L2,L1,L1,L2,C2_2,D2_3,F2_3,,,N2_1,L_1,M_2
451673,L3,L3,L1,L1,L2,L2,L1,L1,L2,C2_2,D2_3,F2_3,,,N2_1,L_2,M_1
451674,L3,L3,L1,L1,L2,L2,L1,L1,L2,C2_2,D2_3,F2_3,,,N2_1,L_2,M_2
451675,L3,L3,L1,L1,L2,L2,L1,L1,L2,C2_2,D2_3,F2_3,,,N2_1,L_3,M_1
451676,L3,L3,L1,L1,L2,L2,L1,L1,L2,C2_2,D2_3,F2_3,,,N2_1,L_3,M_2
451677,L3,L3,L1,L1,L2,L2,L1,L1,L2,C2_2,D2_3,F2_3,,,N2_2,L_1,M_1
451678,L3,L3,L1,L1,L2,L2,L1,L1,L2,C2_2,D2_3,F2_3,,,N2_2,L_1,M_2
451679,L3,L3,L1,L1,L2,L2,L1,L1,L2,C2_2,D2_3,F2_3,,,N2_2,L_2,M_1
451680,L3,L3,L1,L1,L2,L2,L1,L1,L2,C2_2,D2_3,F2_3,,,N2_2,L_2,M_2
451681,L3,L3,L1,L1,L2,L2,L1,L1,L2,C2_2,D2_3,F2_3,,,N2_2,L_3,M_1
451682,L3,L3,L1,L1,L2,L2,L1,L1,L2,C2_2,D2_3,F2_3,,,N2_2,L_3,M_2
451683,L3,L3,L1,L1,L2,L2,L1,L1,L2,C2_3,D2_1,F2_1,,,N2_1,L_1,M_1
451684,L3,L3,L1,L1,L2,L2,L1,L1,L2,C2_3,D2_1,F2_1,,,N2_1,L_1,M_2
451685,L3,L3,L1,L1,L2,L2,L1,L1,L2,C2_3,D2_1,F2_1,,,N2_1,L_2,M_1
451686,L3,L3,L1,L1,L2,L2,L1,L1,L2,C2_3,D2_1,F2_1,,,N2_1,L_2,M_2
451687,L3,L3,L1,L1,L2,L2,L1,L1,L2,C2_3,D2_1,F2_1,,,N2_1,L_3,M_1
451688,L3,L3,L1,L1,L2,L2,L1,L1,L2,C2_3,D2_1,F2_1,,,N2_1,L_3,M_2
451689,L3,L3,L1,L1,L2,L2,L1,L1,L2,C2_3,D2_1,F2_1,,,N2_2,L_1,M_1
451690,L3,L3,L1,L1,L2,L2,L1,L1,L2,C2_3,D2_1,F2_1,,,N2_2,L_1,M_2
451691,L3,L3,L1,L1,L2,L2,L1,L1,L2,C2_3,D2_1,F2_1,,,N2_2,L_2,M_1
451692,L3,L3,L1,L1,L2,L2,L1,L1,L2,C2_3,D2_1,F2_1,,,N2_2,L_2,M_2
451693,L3,L3,L1,L1,L2,L2,L1,L1,L2,C2_3,D2_1,F2_1,,,N2_2,L_3,M_1
451694,L3,L3,L1,L1,L2,L2,L1,L1,L2,C2_3,D2_1,F2_1,,,N2_2,L_3,M_2
451695,L3,L3,L1,L1,L2,L2,L1,L1,L2,C2_3,D2_1,F2_2,,,N2_1,L_1,M_1
451696,L3,L3,L1,L1,L2,L2,L1,L1,L2,C2_3,D2_1,F2_2,,,N2_1,L_1,M_2
451697,L3,L3,L1,L1,L2,L2,L1,L1,L2,C2_3,D2_1,F2_2,,,N2_1,L_2,M_1
451698,L3,L3,L1,L1,L2,L2,L1,L1,L2,C2_3,D2_1,F2_2,,,N2_1,L_2,M_2
451699,L3,L3,L1,L1,L2,L2,L1,L1,L2,C2_3,D2_1,F2_2,,,N2_1,L_3,M_1
451700,L3,L3,L1,L1,L2,L2,L1,L1,L2,C2_3,D2_1,F2_2,,,N2_1,L_3,M_2
451701,L3,L3,L1,L1,L2,L2,L1,L1,L2,C2_3,D2_1,F2_2,,,N2_2,L_1,M_1
451702,L3,L3,L1,L1,L2,L2,L1,L1,L2,C2_3,D2_1,F2_2,,,N2_2,L_1,M_2
451703,L3,L3,L1,L1,L2,L2,L1,L1,L2,C2_3,D2_1,F2_2,,,N2_2,L_2,M_1
451704,L3,L3,L1,L1,L2,L2,L1,L1,L2,C2_3,D2_1,F2_2,,,N2_2,L_2,M_2
451705,L3,L3,L1,L1,L2,L2,L1,L1,L2,C2_3,D2_1,F2_2,,,N2_2,L_3,M_1
451706,L3,L3,L1,L1,L2,L2,L1,L1,L2,C2_3,D2_1,F2_2,,,N2_2,L_3,M_2
451707,L3,L3,L1,L1,L2,L2,L1,L1,L2,C2_3,D2_1,F2_3,,,N2_1,L_1,M_1
451708,L3,L3,L1,L1,L2,L2,L1,L1,L2,C2_3,D2_1,F2_3,,,N2_1,L_1,M_2
451709,L3,L3,L1,L1,L2,L2,L1,L1,L2,C2_3,D2_1,F2_3,,,N2_1,L_2,M_1
451710,L3,L3,L1,L1,L2,L2,L1,L1,L2,C2_3,D2_1,F2_3,,,N2_1,L_2,M_2
451711,L3,L3,L1,L1,L2,L2,L1,L1,L2,C2_3,D2_1,F2_3,,,N2_1,L_3,M_1
451712,L3,L3,L1,L1,L2,L2,L1,L1,L2,C2_3,D2_1,F2_3,,,N2_1,L_3,M_2
451713,L3,L3,L1,L1,L2,L2,L1,L1,L2,C2_3,D2_1,F2_3,,,N2_2,L_1,M_1
451714,L3,L3,L1,L1,L2,L2,L1,L1,L2,C2_3,D2_1,F2_3,,,N2_2,L_1,M_2
451715,L3,L3,L1,L1,L2,L2,L1,L1,L2,C2_3,D2_1,F2_3,,,N2_2,L_2,M_1
451716,L3,L3,L1,L1,L2,L2,L1,L1,L2,C2_3,D2_1,F2_3,,,N2_2,L_2,M_2
451717,L3,L3,L1,L1,L2,L2,L1,L1,L2,C2_3,D2_1,F2_3,,,N2_2,L_3,M_1
451718,L3,L3,L1,L1,L2,L2,L1,L1,L2,C2_3,D2_1,F2_3,,,N2_2,L_3,M_2
451719,L3,L3,L1,L1,L2,L2,L1,L1,L2,C2_3,D2_2,F2_1,,,N2_1,L_1,M_1
451720,L3,L3,L1,L1,L2,L2,L1,L1,L2,C2_3,D2_2,F2_1,,,N2_1,L_1,M_2
451721,L3,L3,L1,L1,L2,L2,L1,L1,L2,C2_3,D2_2,F2_1,,,N2_1,L_2,M_1
451722,L3,L3,L1,L1,L2,L2,L1,L1,L2,C2_3,D2_2,F2_1,,,N2_1,L_2,M_2
451723,L3,L3,L1,L1,L2,L2,L1,L1,L2,C2_3,D2_2,F2_1,,,N2_1,L_3,M_1
451724,L3,L3,L1,L1,L2,L2,L1,L1,L2,C2_3,D2_2,F2_1,,,N2_1,L_3,M_2
451725,L3,L3,L1,L1,L2,L2,L1,L1,L2,C2_3,D2_2,F2_1,,,N2_2,L_1,M_1
451726,L3,L3,L1,L1,L2,L2,L1,L1,L2,C2_3,D2_2,F2_1,,,N2_2,L_1,M_2
451727,L3,L3,L1,L1,L2,L2,L1,L1,L2,C2_3,D2_2,F2_1,,,N2_2,L_2,M_1
451728,L3,L3,L1,L1,L2,L2,L1,L1,L2,C2_3,D2_2,F2_1,,,N2_2,L_2,M_2
451729,L3,L3,L1,L1,L2,L2,L1,L1,L2,C2_3,D2_2,F2_1,,,N2_2,L_3,M_1
451730,L3,L3,L1,L1,L2,L2,L1,L1,L2,C2_3,D2_2,F2_1,,,N2_2,L_3,M_2
451731,L3,L3,L1,L1,L2,L2,L1,L1,L2,C2_3,D2_2,F2_2,,,N2_1,L_1,M_1
451732,L3,L3,L1,L1,L2,L2,L1,L1,L2,C2_3,D2_2,F2_2,,,N2_1,L_1,M_2
451733,L3,L3,L1,L1,L2,L2,L1,L1,L2,C2_3,D2_2,F2_2,,,N2_1,L_2,M_1
451734,L3,L3,L1,L1,L2,L2,L1,L1,L2,C2_3,D2_2,F2_2,,,N2_1,L_2,M_2
451735,L3,L3,L1,L1,L2,L2,L1,L1,L2,C2_3,D2_2,F2_2,,,N2_1,L_3,M_1
451736,L3,L3,L1,L1,L2,L2,L1,L1,L2,C2_3,D2_2,F2_2,,,N2_1,L_3,M_2
451737,L3,L3,L1,L1,L2,L2,L1,L1,L2,C2_3,D2_2,F2_2,,,N2_2,L_1,M_1
451738,L3,L3,L1,L1,L2,L2,L1,L1,L2,C2_3,D2_2,F2_2,,,N2_2,L_1,M_2
451739,L3,L3,L1,L1,L2,L2,L1,L1,L2,C2_3,D2_2,F2_2,,,N2_2,L_2,M_1
451740,L3,L3,L1,L1,L2,L2,L1,L1,L2,C2_3,D2_2,F2_2,,,N2_2,L_2,M_2
451741,L3,L3,L1,L1,L2,L2,L1,L1,L2,C2_3,D2_2,F2_2,,,N2_2,L_3,M_1
451742,L3,L3,L1,L1,L2,L2,L1,L1,L2,C2_3,D2_2,F2_2,,,N2_2,L_3,M_2
451743,L3,L3,L1,L1,L2,L2,L1,L1,L2,C2_3,D2_2,F2_3,,,N2_1,L_1,M_1
451744,L3,L3,L1,L1,L2,L2,L1,L1,L2,C2_3,D2_2,F2_3,,,N2_1,L_1,M_2
451745,L3,L3,L1,L1,L2,L2,L1,L1,L2,C2_3,D2_2,F2_3,,,N2_1,L_2,M_1
451746,L3,L3,L1,L1,L2,L2,L1,L1,L2,C2_3,D2_2,F2_3,,,N2_1,L_2,M_2
451747,L3,L3,L1,L1,L2,L2,L1,L1,L2,C2_3,D2_2,F2_3,,,N2_1,L_3,M_1
451748,L3,L3,L1,L1,L2,L2,L1,L1,L2,C2_3,D2_2,F2_3,,,N2_1,L_3,M_2
451749,L3,L3,L1,L1,L2,L2,L1,L1,L2,C2_3,D2_2,F2_3,,,N2_2,L_1,M_1
451750,L3,L3,L1,L1,L2,L2,L1,L1,L2,C2_3,D2_2,F2_3,,,N2_2,L_1,M_2
451751,L3,L3,L1,L1,L2,L2,L1,L1,L2,C2_3,D2_2,F2_3,,,N2_2,L_2,M_1
451752,L3,L3,L1,L1,L2,L2,L1,L1,L2,C2_3,D2_2,F2_3,,,N2_2,L_2,M_2
451753,L3,L3,L1,L1,L2,L2,L1,L1,L2,C2_3,D2_2,F2_3,,,N2_2,L_3,M_1
451754,L3,L3,L1,L1,L2,L2,L1,L1,L2,C2_3,D2_2,F2_3,,,N2_2,L_3,M_2
451755,L3,L3,L1,L1,L2,L2,L1,L1,L2,C2_3,D2_3,F2_1,,,N2_1,L_1,M_1
451756,L3,L3,L1,L1,L2,L2,L1,L1,L2,C2_3,D2_3,F2_1,,,N2_1,L_1,M_2
451757,L3,L3,L1,L1,L2,L2,L1,L1,L2,C2_3,D2_3,F2_1,,,N2_1,L_2,M_1
451758,L3,L3,L1,L1,L2,L2,L1,L1,L2,C2_3,D2_3,F2_1,,,N2_1,L_2,M_2
451759,L3,L3,L1,L1,L2,L2,L1,L1,L2,C2_3,D2_3,F2_1,,,N2_1,L_3,M_1
451760,L3,L3,L1,L1,L2,L2,L1,L1,L2,C2_3,D2_3,F2_1,,,N2_1,L_3,M_2
451761,L3,L3,L1,L1,L2,L2,L1,L1,L2,C2_3,D2_3,F2_1,,,N2_2,L_1,M_1
451762,L3,L3,L1,L1,L2,L2,L1,L1,L2,C2_3,D2_3,F2_1,,,N2_2,L_1,M_2
451763,L3,L3,L1,L1,L2,L2,L1,L1,L2,C2_3,D2_3,F2_1,,,N2_2,L_2,M_1
451764,L3,L3,L1,L1,L2,L2,L1,L1,L2,C2_3,D2_3,F2_1,,,N2_2,L_2,M_2
451765,L3,L3,L1,L1,L2,L2,L1,L1,L2,C2_3,D2_3,F2_1,,,N2_2,L_3,M_1
451766,L3,L3,L1,L1,L2,L2,L1,L1,L2,C2_3,D2_3,F2_1,,,N2_2,L_3,M_2
451767,L3,L3,L1,L1,L2,L2,L1,L1,L2,C2_3,D2_3,F2_2,,,N2_1,L_1,M_1
451768,L3,L3,L1,L1,L2,L2,L1,L1,L2,C2_3,D2_3,F2_2,,,N2_1,L_1,M_2
451769,L3,L3,L1,L1,L2,L2,L1,L1,L2,C2_3,D2_3,F2_2,,,N2_1,L_2,M_1
451770,L3,L3,L1,L1,L2,L2,L1,L1,L2,C2_3,D2_3,F2_2,,,N2_1,L_2,M_2
451771,L3,L3,L1,L1,L2,L2,L1,L1,L2,C2_3,D2_3,F2_2,,,N2_1,L_3,M_1
451772,L3,L3,L1,L1,L2,L2,L1,L1,L2,C2_3,D2_3,F2_2,,,N2_1,L_3,M_2
451773,L3,L3,L1,L1,L2,L2,L1,L1,L2,C2_3,D2_3,F2_2,,,N2_2,L_1,M_1
451774,L3,L3,L1,L1,L2,L2,L1,L1,L2,C2_3,D2_3,F2_2,,,N2_2,L_1,M_2
451775,L3,L3,L1,L1,L2,L2,L1,L1,L2,C2_3,D2_3,F2_2,,,N2_2,L_2,M_1
451776,L3,L3,L1,L1,L2,L2,L1,L1,L2,C2_3,D2_3,F2_2,,,N2_2,L_2,M_2
451777,L3,L3,L1,L1,L2,L2,L1,L1,L2,C2_3,D2_3,F2_2,,,N2_2,L_3,M_1
451778,L3,L3,L1,L1,L2,L2,L1,L1,L2,C2_3,D2_3,F2_2,,,N2_2,L_3,M_2
451779,L3,L3,L1,L1,L2,L2,L1,L1,L2,C2_3,D2_3,F2_3,,,N2_1,L_1,M_1
451780,L3,L3,L1,L1,L2,L2,L1,L1,L2,C2_3,D2_3,F2_3,,,N2_1,L_1,M_2
451781,L3,L3,L1,L1,L2,L2,L1,L1,L2,C2_3,D2_3,F2_3,,,N2_1,L_2,M_1
451782,L3,L3,L1,L1,L2,L2,L1,L1,L2,C2_3,D2_3,F2_3,,,N2_1,L_2,M_2
451783,L3,L3,L1,L1,L2,L2,L1,L1,L2,C2_3,D2_3,F2_3,,,N2_1,L_3,M_1
451784,L3,L3,L1,L1,L2,L2,L1,L1,L2,C2_3,D2_3,F2_3,,,N2_1,L_3,M_2
451785,L3,L3,L1,L1,L2,L2,L1,L1,L2,C2_3,D2_3,F2_3,,,N2_2,L_1,M_1
451786,L3,L3,L1,L1,L2,L2,L1,L1,L2,C2_3,D2_3,F2_3,,,N2_2,L_1,M_2
451787,L3,L3,L1,L1,L2,L2,L1,L1,L2,C2_3,D2_3,F2_3,,,N2_2,L_2,M_1
451788,L3,L3,L1,L1,L2,L2,L1,L1,L2,C2_3,D2_3,F2_3,,,N2_2,L_2,M_2
451789,L3,L3,L1,L1,L2,L2,L1,L1,L2,C2_3,D2_3,F2_3,,,N2_2,L_3,M_1
451790,L3,L3,L1,L1,L2,L2,L1,L1,L2,C2_3,D2_3,F2_3,,,N2_2,L_3,M_2
451791,L3,L1,L3,L2,L1,L2,L1,L1,L2,C2_1,D2_1,F2_1,,,N2_1,L_1,M_1
451792,L3,L1,L3,L2,L1,L2,L1,L1,L2,C2_1,D2_1,F2_1,,,N2_1,L_1,M_2
451793,L3,L1,L3,L2,L1,L2,L1,L1,L2,C2_1,D2_1,F2_1,,,N2_1,L_2,M_1
451794,L3,L1,L3,L2,L1,L2,L1,L1,L2,C2_1,D2_1,F2_1,,,N2_1,L_2,M_2
451795,L3,L1,L3,L2,L1,L2,L1,L1,L2,C2_1,D2_1,F2_1,,,N2_1,L_3,M_1
451796,L3,L1,L3,L2,L1,L2,L1,L1,L2,C2_1,D2_1,F2_1,,,N2_1,L_3,M_2
451797,L3,L1,L3,L2,L1,L2,L1,L1,L2,C2_1,D2_1,F2_1,,,N2_2,L_1,M_1
451798,L3,L1,L3,L2,L1,L2,L1,L1,L2,C2_1,D2_1,F2_1,,,N2_2,L_1,M_2
451799,L3,L1,L3,L2,L1,L2,L1,L1,L2,C2_1,D2_1,F2_1,,,N2_2,L_2,M_1
451800,L3,L1,L3,L2,L1,L2,L1,L1,L2,C2_1,D2_1,F2_1,,,N2_2,L_2,M_2
451801,L3,L1,L3,L2,L1,L2,L1,L1,L2,C2_1,D2_1,F2_1,,,N2_2,L_3,M_1
451802,L3,L1,L3,L2,L1,L2,L1,L1,L2,C2_1,D2_1,F2_1,,,N2_2,L_3,M_2
451803,L3,L1,L3,L2,L1,L2,L1,L1,L2,C2_1,D2_1,F2_2,,,N2_1,L_1,M_1
451804,L3,L1,L3,L2,L1,L2,L1,L1,L2,C2_1,D2_1,F2_2,,,N2_1,L_1,M_2
451805,L3,L1,L3,L2,L1,L2,L1,L1,L2,C2_1,D2_1,F2_2,,,N2_1,L_2,M_1
451806,L3,L1,L3,L2,L1,L2,L1,L1,L2,C2_1,D2_1,F2_2,,,N2_1,L_2,M_2
451807,L3,L1,L3,L2,L1,L2,L1,L1,L2,C2_1,D2_1,F2_2,,,N2_1,L_3,M_1
451808,L3,L1,L3,L2,L1,L2,L1,L1,L2,C2_1,D2_1,F2_2,,,N2_1,L_3,M_2
451809,L3,L1,L3,L2,L1,L2,L1,L1,L2,C2_1,D2_1,F2_2,,,N2_2,L_1,M_1
451810,L3,L1,L3,L2,L1,L2,L1,L1,L2,C2_1,D2_1,F2_2,,,N2_2,L_1,M_2
451811,L3,L1,L3,L2,L1,L2,L1,L1,L2,C2_1,D2_1,F2_2,,,N2_2,L_2,M_1
451812,L3,L1,L3,L2,L1,L2,L1,L1,L2,C2_1,D2_1,F2_2,,,N2_2,L_2,M_2
451813,L3,L1,L3,L2,L1,L2,L1,L1,L2,C2_1,D2_1,F2_2,,,N2_2,L_3,M_1
451814,L3,L1,L3,L2,L1,L2,L1,L1,L2,C2_1,D2_1,F2_2,,,N2_2,L_3,M_2
451815,L3,L1,L3,L2,L1,L2,L1,L1,L2,C2_1,D2_1,F2_3,,,N2_1,L_1,M_1
451816,L3,L1,L3,L2,L1,L2,L1,L1,L2,C2_1,D2_1,F2_3,,,N2_1,L_1,M_2
451817,L3,L1,L3,L2,L1,L2,L1,L1,L2,C2_1,D2_1,F2_3,,,N2_1,L_2,M_1
451818,L3,L1,L3,L2,L1,L2,L1,L1,L2,C2_1,D2_1,F2_3,,,N2_1,L_2,M_2
451819,L3,L1,L3,L2,L1,L2,L1,L1,L2,C2_1,D2_1,F2_3,,,N2_1,L_3,M_1
451820,L3,L1,L3,L2,L1,L2,L1,L1,L2,C2_1,D2_1,F2_3,,,N2_1,L_3,M_2
451821,L3,L1,L3,L2,L1,L2,L1,L1,L2,C2_1,D2_1,F2_3,,,N2_2,L_1,M_1
451822,L3,L1,L3,L2,L1,L2,L1,L1,L2,C2_1,D2_1,F2_3,,,N2_2,L_1,M_2
451823,L3,L1,L3,L2,L1,L2,L1,L1,L2,C2_1,D2_1,F2_3,,,N2_2,L_2,M_1
451824,L3,L1,L3,L2,L1,L2,L1,L1,L2,C2_1,D2_1,F2_3,,,N2_2,L_2,M_2
451825,L3,L1,L3,L2,L1,L2,L1,L1,L2,C2_1,D2_1,F2_3,,,N2_2,L_3,M_1
451826,L3,L1,L3,L2,L1,L2,L1,L1,L2,C2_1,D2_1,F2_3,,,N2_2,L_3,M_2
451827,L3,L1,L3,L2,L1,L2,L1,L1,L2,C2_1,D2_2,F2_1,,,N2_1,L_1,M_1
451828,L3,L1,L3,L2,L1,L2,L1,L1,L2,C2_1,D2_2,F2_1,,,N2_1,L_1,M_2
451829,L3,L1,L3,L2,L1,L2,L1,L1,L2,C2_1,D2_2,F2_1,,,N2_1,L_2,M_1
451830,L3,L1,L3,L2,L1,L2,L1,L1,L2,C2_1,D2_2,F2_1,,,N2_1,L_2,M_2
451831,L3,L1,L3,L2,L1,L2,L1,L1,L2,C2_1,D2_2,F2_1,,,N2_1,L_3,M_1
451832,L3,L1,L3,L2,L1,L2,L1,L1,L2,C2_1,D2_2,F2_1,,,N2_1,L_3,M_2
451833,L3,L1,L3,L2,L1,L2,L1,L1,L2,C2_1,D2_2,F2_1,,,N2_2,L_1,M_1
451834,L3,L1,L3,L2,L1,L2,L1,L1,L2,C2_1,D2_2,F2_1,,,N2_2,L_1,M_2
451835,L3,L1,L3,L2,L1,L2,L1,L1,L2,C2_1,D2_2,F2_1,,,N2_2,L_2,M_1
451836,L3,L1,L3,L2,L1,L2,L1,L1,L2,C2_1,D2_2,F2_1,,,N2_2,L_2,M_2
451837,L3,L1,L3,L2,L1,L2,L1,L1,L2,C2_1,D2_2,F2_1,,,N2_2,L_3,M_1
451838,L3,L1,L3,L2,L1,L2,L1,L1,L2,C2_1,D2_2,F2_1,,,N2_2,L_3,M_2
451839,L3,L1,L3,L2,L1,L2,L1,L1,L2,C2_1,D2_2,F2_2,,,N2_1,L_1,M_1
451840,L3,L1,L3,L2,L1,L2,L1,L1,L2,C2_1,D2_2,F2_2,,,N2_1,L_1,M_2
451841,L3,L1,L3,L2,L1,L2,L1,L1,L2,C2_1,D2_2,F2_2,,,N2_1,L_2,M_1
451842,L3,L1,L3,L2,L1,L2,L1,L1,L2,C2_1,D2_2,F2_2,,,N2_1,L_2,M_2
451843,L3,L1,L3,L2,L1,L2,L1,L1,L2,C2_1,D2_2,F2_2,,,N2_1,L_3,M_1
451844,L3,L1,L3,L2,L1,L2,L1,L1,L2,C2_1,D2_2,F2_2,,,N2_1,L_3,M_2
451845,L3,L1,L3,L2,L1,L2,L1,L1,L2,C2_1,D2_2,F2_2,,,N2_2,L_1,M_1
451846,L3,L1,L3,L2,L1,L2,L1,L1,L2,C2_1,D2_2,F2_2,,,N2_2,L_1,M_2
451847,L3,L1,L3,L2,L1,L2,L1,L1,L2,C2_1,D2_2,F2_2,,,N2_2,L_2,M_1
451848,L3,L1,L3,L2,L1,L2,L1,L1,L2,C2_1,D2_2,F2_2,,,N2_2,L_2,M_2
451849,L3,L1,L3,L2,L1,L2,L1,L1,L2,C2_1,D2_2,F2_2,,,N2_2,L_3,M_1
451850,L3,L1,L3,L2,L1,L2,L1,L1,L2,C2_1,D2_2,F2_2,,,N2_2,L_3,M_2
451851,L3,L1,L3,L2,L1,L2,L1,L1,L2,C2_1,D2_2,F2_3,,,N2_1,L_1,M_1
451852,L3,L1,L3,L2,L1,L2,L1,L1,L2,C2_1,D2_2,F2_3,,,N2_1,L_1,M_2
451853,L3,L1,L3,L2,L1,L2,L1,L1,L2,C2_1,D2_2,F2_3,,,N2_1,L_2,M_1
451854,L3,L1,L3,L2,L1,L2,L1,L1,L2,C2_1,D2_2,F2_3,,,N2_1,L_2,M_2
451855,L3,L1,L3,L2,L1,L2,L1,L1,L2,C2_1,D2_2,F2_3,,,N2_1,L_3,M_1
451856,L3,L1,L3,L2,L1,L2,L1,L1,L2,C2_1,D2_2,F2_3,,,N2_1,L_3,M_2
451857,L3,L1,L3,L2,L1,L2,L1,L1,L2,C2_1,D2_2,F2_3,,,N2_2,L_1,M_1
451858,L3,L1,L3,L2,L1,L2,L1,L1,L2,C2_1,D2_2,F2_3,,,N2_2,L_1,M_2
451859,L3,L1,L3,L2,L1,L2,L1,L1,L2,C2_1,D2_2,F2_3,,,N2_2,L_2,M_1
451860,L3,L1,L3,L2,L1,L2,L1,L1,L2,C2_1,D2_2,F2_3,,,N2_2,L_2,M_2
451861,L3,L1,L3,L2,L1,L2,L1,L1,L2,C2_1,D2_2,F2_3,,,N2_2,L_3,M_1
451862,L3,L1,L3,L2,L1,L2,L1,L1,L2,C2_1,D2_2,F2_3,,,N2_2,L_3,M_2
451863,L3,L1,L3,L2,L1,L2,L1,L1,L2,C2_1,D2_3,F2_1,,,N2_1,L_1,M_1
451864,L3,L1,L3,L2,L1,L2,L1,L1,L2,C2_1,D2_3,F2_1,,,N2_1,L_1,M_2
451865,L3,L1,L3,L2,L1,L2,L1,L1,L2,C2_1,D2_3,F2_1,,,N2_1,L_2,M_1
451866,L3,L1,L3,L2,L1,L2,L1,L1,L2,C2_1,D2_3,F2_1,,,N2_1,L_2,M_2
451867,L3,L1,L3,L2,L1,L2,L1,L1,L2,C2_1,D2_3,F2_1,,,N2_1,L_3,M_1
451868,L3,L1,L3,L2,L1,L2,L1,L1,L2,C2_1,D2_3,F2_1,,,N2_1,L_3,M_2
451869,L3,L1,L3,L2,L1,L2,L1,L1,L2,C2_1,D2_3,F2_1,,,N2_2,L_1,M_1
451870,L3,L1,L3,L2,L1,L2,L1,L1,L2,C2_1,D2_3,F2_1,,,N2_2,L_1,M_2
451871,L3,L1,L3,L2,L1,L2,L1,L1,L2,C2_1,D2_3,F2_1,,,N2_2,L_2,M_1
451872,L3,L1,L3,L2,L1,L2,L1,L1,L2,C2_1,D2_3,F2_1,,,N2_2,L_2,M_2
451873,L3,L1,L3,L2,L1,L2,L1,L1,L2,C2_1,D2_3,F2_1,,,N2_2,L_3,M_1
451874,L3,L1,L3,L2,L1,L2,L1,L1,L2,C2_1,D2_3,F2_1,,,N2_2,L_3,M_2
451875,L3,L1,L3,L2,L1,L2,L1,L1,L2,C2_1,D2_3,F2_2,,,N2_1,L_1,M_1
451876,L3,L1,L3,L2,L1,L2,L1,L1,L2,C2_1,D2_3,F2_2,,,N2_1,L_1,M_2
451877,L3,L1,L3,L2,L1,L2,L1,L1,L2,C2_1,D2_3,F2_2,,,N2_1,L_2,M_1
451878,L3,L1,L3,L2,L1,L2,L1,L1,L2,C2_1,D2_3,F2_2,,,N2_1,L_2,M_2
451879,L3,L1,L3,L2,L1,L2,L1,L1,L2,C2_1,D2_3,F2_2,,,N2_1,L_3,M_1
451880,L3,L1,L3,L2,L1,L2,L1,L1,L2,C2_1,D2_3,F2_2,,,N2_1,L_3,M_2
451881,L3,L1,L3,L2,L1,L2,L1,L1,L2,C2_1,D2_3,F2_2,,,N2_2,L_1,M_1
451882,L3,L1,L3,L2,L1,L2,L1,L1,L2,C2_1,D2_3,F2_2,,,N2_2,L_1,M_2
451883,L3,L1,L3,L2,L1,L2,L1,L1,L2,C2_1,D2_3,F2_2,,,N2_2,L_2,M_1
451884,L3,L1,L3,L2,L1,L2,L1,L1,L2,C2_1,D2_3,F2_2,,,N2_2,L_2,M_2
451885,L3,L1,L3,L2,L1,L2,L1,L1,L2,C2_1,D2_3,F2_2,,,N2_2,L_3,M_1
451886,L3,L1,L3,L2,L1,L2,L1,L1,L2,C2_1,D2_3,F2_2,,,N2_2,L_3,M_2
451887,L3,L1,L3,L2,L1,L2,L1,L1,L2,C2_1,D2_3,F2_3,,,N2_1,L_1,M_1
451888,L3,L1,L3,L2,L1,L2,L1,L1,L2,C2_1,D2_3,F2_3,,,N2_1,L_1,M_2
451889,L3,L1,L3,L2,L1,L2,L1,L1,L2,C2_1,D2_3,F2_3,,,N2_1,L_2,M_1
451890,L3,L1,L3,L2,L1,L2,L1,L1,L2,C2_1,D2_3,F2_3,,,N2_1,L_2,M_2
451891,L3,L1,L3,L2,L1,L2,L1,L1,L2,C2_1,D2_3,F2_3,,,N2_1,L_3,M_1
451892,L3,L1,L3,L2,L1,L2,L1,L1,L2,C2_1,D2_3,F2_3,,,N2_1,L_3,M_2
451893,L3,L1,L3,L2,L1,L2,L1,L1,L2,C2_1,D2_3,F2_3,,,N2_2,L_1,M_1
451894,L3,L1,L3,L2,L1,L2,L1,L1,L2,C2_1,D2_3,F2_3,,,N2_2,L_1,M_2
451895,L3,L1,L3,L2,L1,L2,L1,L1,L2,C2_1,D2_3,F2_3,,,N2_2,L_2,M_1
451896,L3,L1,L3,L2,L1,L2,L1,L1,L2,C2_1,D2_3,F2_3,,,N2_2,L_2,M_2
451897,L3,L1,L3,L2,L1,L2,L1,L1,L2,C2_1,D2_3,F2_3,,,N2_2,L_3,M_1
451898,L3,L1,L3,L2,L1,L2,L1,L1,L2,C2_1,D2_3,F2_3,,,N2_2,L_3,M_2
451899,L3,L1,L3,L2,L1,L2,L1,L1,L2,C2_2,D2_1,F2_1,,,N2_1,L_1,M_1
451900,L3,L1,L3,L2,L1,L2,L1,L1,L2,C2_2,D2_1,F2_1,,,N2_1,L_1,M_2
451901,L3,L1,L3,L2,L1,L2,L1,L1,L2,C2_2,D2_1,F2_1,,,N2_1,L_2,M_1
451902,L3,L1,L3,L2,L1,L2,L1,L1,L2,C2_2,D2_1,F2_1,,,N2_1,L_2,M_2
451903,L3,L1,L3,L2,L1,L2,L1,L1,L2,C2_2,D2_1,F2_1,,,N2_1,L_3,M_1
451904,L3,L1,L3,L2,L1,L2,L1,L1,L2,C2_2,D2_1,F2_1,,,N2_1,L_3,M_2
451905,L3,L1,L3,L2,L1,L2,L1,L1,L2,C2_2,D2_1,F2_1,,,N2_2,L_1,M_1
451906,L3,L1,L3,L2,L1,L2,L1,L1,L2,C2_2,D2_1,F2_1,,,N2_2,L_1,M_2
451907,L3,L1,L3,L2,L1,L2,L1,L1,L2,C2_2,D2_1,F2_1,,,N2_2,L_2,M_1
451908,L3,L1,L3,L2,L1,L2,L1,L1,L2,C2_2,D2_1,F2_1,,,N2_2,L_2,M_2
451909,L3,L1,L3,L2,L1,L2,L1,L1,L2,C2_2,D2_1,F2_1,,,N2_2,L_3,M_1
451910,L3,L1,L3,L2,L1,L2,L1,L1,L2,C2_2,D2_1,F2_1,,,N2_2,L_3,M_2
451911,L3,L1,L3,L2,L1,L2,L1,L1,L2,C2_2,D2_1,F2_2,,,N2_1,L_1,M_1
451912,L3,L1,L3,L2,L1,L2,L1,L1,L2,C2_2,D2_1,F2_2,,,N2_1,L_1,M_2
451913,L3,L1,L3,L2,L1,L2,L1,L1,L2,C2_2,D2_1,F2_2,,,N2_1,L_2,M_1
451914,L3,L1,L3,L2,L1,L2,L1,L1,L2,C2_2,D2_1,F2_2,,,N2_1,L_2,M_2
451915,L3,L1,L3,L2,L1,L2,L1,L1,L2,C2_2,D2_1,F2_2,,,N2_1,L_3,M_1
451916,L3,L1,L3,L2,L1,L2,L1,L1,L2,C2_2,D2_1,F2_2,,,N2_1,L_3,M_2
451917,L3,L1,L3,L2,L1,L2,L1,L1,L2,C2_2,D2_1,F2_2,,,N2_2,L_1,M_1
451918,L3,L1,L3,L2,L1,L2,L1,L1,L2,C2_2,D2_1,F2_2,,,N2_2,L_1,M_2
451919,L3,L1,L3,L2,L1,L2,L1,L1,L2,C2_2,D2_1,F2_2,,,N2_2,L_2,M_1
451920,L3,L1,L3,L2,L1,L2,L1,L1,L2,C2_2,D2_1,F2_2,,,N2_2,L_2,M_2
451921,L3,L1,L3,L2,L1,L2,L1,L1,L2,C2_2,D2_1,F2_2,,,N2_2,L_3,M_1
451922,L3,L1,L3,L2,L1,L2,L1,L1,L2,C2_2,D2_1,F2_2,,,N2_2,L_3,M_2
451923,L3,L1,L3,L2,L1,L2,L1,L1,L2,C2_2,D2_1,F2_3,,,N2_1,L_1,M_1
451924,L3,L1,L3,L2,L1,L2,L1,L1,L2,C2_2,D2_1,F2_3,,,N2_1,L_1,M_2
451925,L3,L1,L3,L2,L1,L2,L1,L1,L2,C2_2,D2_1,F2_3,,,N2_1,L_2,M_1
451926,L3,L1,L3,L2,L1,L2,L1,L1,L2,C2_2,D2_1,F2_3,,,N2_1,L_2,M_2
451927,L3,L1,L3,L2,L1,L2,L1,L1,L2,C2_2,D2_1,F2_3,,,N2_1,L_3,M_1
451928,L3,L1,L3,L2,L1,L2,L1,L1,L2,C2_2,D2_1,F2_3,,,N2_1,L_3,M_2
451929,L3,L1,L3,L2,L1,L2,L1,L1,L2,C2_2,D2_1,F2_3,,,N2_2,L_1,M_1
451930,L3,L1,L3,L2,L1,L2,L1,L1,L2,C2_2,D2_1,F2_3,,,N2_2,L_1,M_2
451931,L3,L1,L3,L2,L1,L2,L1,L1,L2,C2_2,D2_1,F2_3,,,N2_2,L_2,M_1
451932,L3,L1,L3,L2,L1,L2,L1,L1,L2,C2_2,D2_1,F2_3,,,N2_2,L_2,M_2
451933,L3,L1,L3,L2,L1,L2,L1,L1,L2,C2_2,D2_1,F2_3,,,N2_2,L_3,M_1
451934,L3,L1,L3,L2,L1,L2,L1,L1,L2,C2_2,D2_1,F2_3,,,N2_2,L_3,M_2
451935,L3,L1,L3,L2,L1,L2,L1,L1,L2,C2_2,D2_2,F2_1,,,N2_1,L_1,M_1
451936,L3,L1,L3,L2,L1,L2,L1,L1,L2,C2_2,D2_2,F2_1,,,N2_1,L_1,M_2
451937,L3,L1,L3,L2,L1,L2,L1,L1,L2,C2_2,D2_2,F2_1,,,N2_1,L_2,M_1
451938,L3,L1,L3,L2,L1,L2,L1,L1,L2,C2_2,D2_2,F2_1,,,N2_1,L_2,M_2
451939,L3,L1,L3,L2,L1,L2,L1,L1,L2,C2_2,D2_2,F2_1,,,N2_1,L_3,M_1
451940,L3,L1,L3,L2,L1,L2,L1,L1,L2,C2_2,D2_2,F2_1,,,N2_1,L_3,M_2
451941,L3,L1,L3,L2,L1,L2,L1,L1,L2,C2_2,D2_2,F2_1,,,N2_2,L_1,M_1
451942,L3,L1,L3,L2,L1,L2,L1,L1,L2,C2_2,D2_2,F2_1,,,N2_2,L_1,M_2
451943,L3,L1,L3,L2,L1,L2,L1,L1,L2,C2_2,D2_2,F2_1,,,N2_2,L_2,M_1
451944,L3,L1,L3,L2,L1,L2,L1,L1,L2,C2_2,D2_2,F2_1,,,N2_2,L_2,M_2
451945,L3,L1,L3,L2,L1,L2,L1,L1,L2,C2_2,D2_2,F2_1,,,N2_2,L_3,M_1
451946,L3,L1,L3,L2,L1,L2,L1,L1,L2,C2_2,D2_2,F2_1,,,N2_2,L_3,M_2
451947,L3,L1,L3,L2,L1,L2,L1,L1,L2,C2_2,D2_2,F2_2,,,N2_1,L_1,M_1
451948,L3,L1,L3,L2,L1,L2,L1,L1,L2,C2_2,D2_2,F2_2,,,N2_1,L_1,M_2
451949,L3,L1,L3,L2,L1,L2,L1,L1,L2,C2_2,D2_2,F2_2,,,N2_1,L_2,M_1
451950,L3,L1,L3,L2,L1,L2,L1,L1,L2,C2_2,D2_2,F2_2,,,N2_1,L_2,M_2
451951,L3,L1,L3,L2,L1,L2,L1,L1,L2,C2_2,D2_2,F2_2,,,N2_1,L_3,M_1
451952,L3,L1,L3,L2,L1,L2,L1,L1,L2,C2_2,D2_2,F2_2,,,N2_1,L_3,M_2
451953,L3,L1,L3,L2,L1,L2,L1,L1,L2,C2_2,D2_2,F2_2,,,N2_2,L_1,M_1
451954,L3,L1,L3,L2,L1,L2,L1,L1,L2,C2_2,D2_2,F2_2,,,N2_2,L_1,M_2
451955,L3,L1,L3,L2,L1,L2,L1,L1,L2,C2_2,D2_2,F2_2,,,N2_2,L_2,M_1
451956,L3,L1,L3,L2,L1,L2,L1,L1,L2,C2_2,D2_2,F2_2,,,N2_2,L_2,M_2
451957,L3,L1,L3,L2,L1,L2,L1,L1,L2,C2_2,D2_2,F2_2,,,N2_2,L_3,M_1
451958,L3,L1,L3,L2,L1,L2,L1,L1,L2,C2_2,D2_2,F2_2,,,N2_2,L_3,M_2
451959,L3,L1,L3,L2,L1,L2,L1,L1,L2,C2_2,D2_2,F2_3,,,N2_1,L_1,M_1
451960,L3,L1,L3,L2,L1,L2,L1,L1,L2,C2_2,D2_2,F2_3,,,N2_1,L_1,M_2
451961,L3,L1,L3,L2,L1,L2,L1,L1,L2,C2_2,D2_2,F2_3,,,N2_1,L_2,M_1
451962,L3,L1,L3,L2,L1,L2,L1,L1,L2,C2_2,D2_2,F2_3,,,N2_1,L_2,M_2
451963,L3,L1,L3,L2,L1,L2,L1,L1,L2,C2_2,D2_2,F2_3,,,N2_1,L_3,M_1
451964,L3,L1,L3,L2,L1,L2,L1,L1,L2,C2_2,D2_2,F2_3,,,N2_1,L_3,M_2
451965,L3,L1,L3,L2,L1,L2,L1,L1,L2,C2_2,D2_2,F2_3,,,N2_2,L_1,M_1
451966,L3,L1,L3,L2,L1,L2,L1,L1,L2,C2_2,D2_2,F2_3,,,N2_2,L_1,M_2
451967,L3,L1,L3,L2,L1,L2,L1,L1,L2,C2_2,D2_2,F2_3,,,N2_2,L_2,M_1
451968,L3,L1,L3,L2,L1,L2,L1,L1,L2,C2_2,D2_2,F2_3,,,N2_2,L_2,M_2
451969,L3,L1,L3,L2,L1,L2,L1,L1,L2,C2_2,D2_2,F2_3,,,N2_2,L_3,M_1
451970,L3,L1,L3,L2,L1,L2,L1,L1,L2,C2_2,D2_2,F2_3,,,N2_2,L_3,M_2
451971,L3,L1,L3,L2,L1,L2,L1,L1,L2,C2_2,D2_3,F2_1,,,N2_1,L_1,M_1
451972,L3,L1,L3,L2,L1,L2,L1,L1,L2,C2_2,D2_3,F2_1,,,N2_1,L_1,M_2
451973,L3,L1,L3,L2,L1,L2,L1,L1,L2,C2_2,D2_3,F2_1,,,N2_1,L_2,M_1
451974,L3,L1,L3,L2,L1,L2,L1,L1,L2,C2_2,D2_3,F2_1,,,N2_1,L_2,M_2
451975,L3,L1,L3,L2,L1,L2,L1,L1,L2,C2_2,D2_3,F2_1,,,N2_1,L_3,M_1
451976,L3,L1,L3,L2,L1,L2,L1,L1,L2,C2_2,D2_3,F2_1,,,N2_1,L_3,M_2
451977,L3,L1,L3,L2,L1,L2,L1,L1,L2,C2_2,D2_3,F2_1,,,N2_2,L_1,M_1
451978,L3,L1,L3,L2,L1,L2,L1,L1,L2,C2_2,D2_3,F2_1,,,N2_2,L_1,M_2
451979,L3,L1,L3,L2,L1,L2,L1,L1,L2,C2_2,D2_3,F2_1,,,N2_2,L_2,M_1
451980,L3,L1,L3,L2,L1,L2,L1,L1,L2,C2_2,D2_3,F2_1,,,N2_2,L_2,M_2
451981,L3,L1,L3,L2,L1,L2,L1,L1,L2,C2_2,D2_3,F2_1,,,N2_2,L_3,M_1
451982,L3,L1,L3,L2,L1,L2,L1,L1,L2,C2_2,D2_3,F2_1,,,N2_2,L_3,M_2
451983,L3,L1,L3,L2,L1,L2,L1,L1,L2,C2_2,D2_3,F2_2,,,N2_1,L_1,M_1
451984,L3,L1,L3,L2,L1,L2,L1,L1,L2,C2_2,D2_3,F2_2,,,N2_1,L_1,M_2
451985,L3,L1,L3,L2,L1,L2,L1,L1,L2,C2_2,D2_3,F2_2,,,N2_1,L_2,M_1
451986,L3,L1,L3,L2,L1,L2,L1,L1,L2,C2_2,D2_3,F2_2,,,N2_1,L_2,M_2
451987,L3,L1,L3,L2,L1,L2,L1,L1,L2,C2_2,D2_3,F2_2,,,N2_1,L_3,M_1
451988,L3,L1,L3,L2,L1,L2,L1,L1,L2,C2_2,D2_3,F2_2,,,N2_1,L_3,M_2
451989,L3,L1,L3,L2,L1,L2,L1,L1,L2,C2_2,D2_3,F2_2,,,N2_2,L_1,M_1
451990,L3,L1,L3,L2,L1,L2,L1,L1,L2,C2_2,D2_3,F2_2,,,N2_2,L_1,M_2
451991,L3,L1,L3,L2,L1,L2,L1,L1,L2,C2_2,D2_3,F2_2,,,N2_2,L_2,M_1
451992,L3,L1,L3,L2,L1,L2,L1,L1,L2,C2_2,D2_3,F2_2,,,N2_2,L_2,M_2
451993,L3,L1,L3,L2,L1,L2,L1,L1,L2,C2_2,D2_3,F2_2,,,N2_2,L_3,M_1
451994,L3,L1,L3,L2,L1,L2,L1,L1,L2,C2_2,D2_3,F2_2,,,N2_2,L_3,M_2
451995,L3,L1,L3,L2,L1,L2,L1,L1,L2,C2_2,D2_3,F2_3,,,N2_1,L_1,M_1
451996,L3,L1,L3,L2,L1,L2,L1,L1,L2,C2_2,D2_3,F2_3,,,N2_1,L_1,M_2
451997,L3,L1,L3,L2,L1,L2,L1,L1,L2,C2_2,D2_3,F2_3,,,N2_1,L_2,M_1
451998,L3,L1,L3,L2,L1,L2,L1,L1,L2,C2_2,D2_3,F2_3,,,N2_1,L_2,M_2
451999,L3,L1,L3,L2,L1,L2,L1,L1,L2,C2_2,D2_3,F2_3,,,N2_1,L_3,M_1
452000,L3,L1,L3,L2,L1,L2,L1,L1,L2,C2_2,D2_3,F2_3,,,N2_1,L_3,M_2
452001,L3,L1,L3,L2,L1,L2,L1,L1,L2,C2_2,D2_3,F2_3,,,N2_2,L_1,M_1
452002,L3,L1,L3,L2,L1,L2,L1,L1,L2,C2_2,D2_3,F2_3,,,N2_2,L_1,M_2
452003,L3,L1,L3,L2,L1,L2,L1,L1,L2,C2_2,D2_3,F2_3,,,N2_2,L_2,M_1
452004,L3,L1,L3,L2,L1,L2,L1,L1,L2,C2_2,D2_3,F2_3,,,N2_2,L_2,M_2
452005,L3,L1,L3,L2,L1,L2,L1,L1,L2,C2_2,D2_3,F2_3,,,N2_2,L_3,M_1
452006,L3,L1,L3,L2,L1,L2,L1,L1,L2,C2_2,D2_3,F2_3,,,N2_2,L_3,M_2
452007,L3,L1,L3,L2,L1,L2,L1,L1,L2,C2_3,D2_1,F2_1,,,N2_1,L_1,M_1
452008,L3,L1,L3,L2,L1,L2,L1,L1,L2,C2_3,D2_1,F2_1,,,N2_1,L_1,M_2
452009,L3,L1,L3,L2,L1,L2,L1,L1,L2,C2_3,D2_1,F2_1,,,N2_1,L_2,M_1
452010,L3,L1,L3,L2,L1,L2,L1,L1,L2,C2_3,D2_1,F2_1,,,N2_1,L_2,M_2
452011,L3,L1,L3,L2,L1,L2,L1,L1,L2,C2_3,D2_1,F2_1,,,N2_1,L_3,M_1
452012,L3,L1,L3,L2,L1,L2,L1,L1,L2,C2_3,D2_1,F2_1,,,N2_1,L_3,M_2
452013,L3,L1,L3,L2,L1,L2,L1,L1,L2,C2_3,D2_1,F2_1,,,N2_2,L_1,M_1
452014,L3,L1,L3,L2,L1,L2,L1,L1,L2,C2_3,D2_1,F2_1,,,N2_2,L_1,M_2
452015,L3,L1,L3,L2,L1,L2,L1,L1,L2,C2_3,D2_1,F2_1,,,N2_2,L_2,M_1
452016,L3,L1,L3,L2,L1,L2,L1,L1,L2,C2_3,D2_1,F2_1,,,N2_2,L_2,M_2
452017,L3,L1,L3,L2,L1,L2,L1,L1,L2,C2_3,D2_1,F2_1,,,N2_2,L_3,M_1
452018,L3,L1,L3,L2,L1,L2,L1,L1,L2,C2_3,D2_1,F2_1,,,N2_2,L_3,M_2
452019,L3,L1,L3,L2,L1,L2,L1,L1,L2,C2_3,D2_1,F2_2,,,N2_1,L_1,M_1
452020,L3,L1,L3,L2,L1,L2,L1,L1,L2,C2_3,D2_1,F2_2,,,N2_1,L_1,M_2
452021,L3,L1,L3,L2,L1,L2,L1,L1,L2,C2_3,D2_1,F2_2,,,N2_1,L_2,M_1
452022,L3,L1,L3,L2,L1,L2,L1,L1,L2,C2_3,D2_1,F2_2,,,N2_1,L_2,M_2
452023,L3,L1,L3,L2,L1,L2,L1,L1,L2,C2_3,D2_1,F2_2,,,N2_1,L_3,M_1
452024,L3,L1,L3,L2,L1,L2,L1,L1,L2,C2_3,D2_1,F2_2,,,N2_1,L_3,M_2
452025,L3,L1,L3,L2,L1,L2,L1,L1,L2,C2_3,D2_1,F2_2,,,N2_2,L_1,M_1
452026,L3,L1,L3,L2,L1,L2,L1,L1,L2,C2_3,D2_1,F2_2,,,N2_2,L_1,M_2
452027,L3,L1,L3,L2,L1,L2,L1,L1,L2,C2_3,D2_1,F2_2,,,N2_2,L_2,M_1
452028,L3,L1,L3,L2,L1,L2,L1,L1,L2,C2_3,D2_1,F2_2,,,N2_2,L_2,M_2
452029,L3,L1,L3,L2,L1,L2,L1,L1,L2,C2_3,D2_1,F2_2,,,N2_2,L_3,M_1
452030,L3,L1,L3,L2,L1,L2,L1,L1,L2,C2_3,D2_1,F2_2,,,N2_2,L_3,M_2
452031,L3,L1,L3,L2,L1,L2,L1,L1,L2,C2_3,D2_1,F2_3,,,N2_1,L_1,M_1
452032,L3,L1,L3,L2,L1,L2,L1,L1,L2,C2_3,D2_1,F2_3,,,N2_1,L_1,M_2
452033,L3,L1,L3,L2,L1,L2,L1,L1,L2,C2_3,D2_1,F2_3,,,N2_1,L_2,M_1
452034,L3,L1,L3,L2,L1,L2,L1,L1,L2,C2_3,D2_1,F2_3,,,N2_1,L_2,M_2
452035,L3,L1,L3,L2,L1,L2,L1,L1,L2,C2_3,D2_1,F2_3,,,N2_1,L_3,M_1
452036,L3,L1,L3,L2,L1,L2,L1,L1,L2,C2_3,D2_1,F2_3,,,N2_1,L_3,M_2
452037,L3,L1,L3,L2,L1,L2,L1,L1,L2,C2_3,D2_1,F2_3,,,N2_2,L_1,M_1
452038,L3,L1,L3,L2,L1,L2,L1,L1,L2,C2_3,D2_1,F2_3,,,N2_2,L_1,M_2
452039,L3,L1,L3,L2,L1,L2,L1,L1,L2,C2_3,D2_1,F2_3,,,N2_2,L_2,M_1
452040,L3,L1,L3,L2,L1,L2,L1,L1,L2,C2_3,D2_1,F2_3,,,N2_2,L_2,M_2
452041,L3,L1,L3,L2,L1,L2,L1,L1,L2,C2_3,D2_1,F2_3,,,N2_2,L_3,M_1
452042,L3,L1,L3,L2,L1,L2,L1,L1,L2,C2_3,D2_1,F2_3,,,N2_2,L_3,M_2
452043,L3,L1,L3,L2,L1,L2,L1,L1,L2,C2_3,D2_2,F2_1,,,N2_1,L_1,M_1
452044,L3,L1,L3,L2,L1,L2,L1,L1,L2,C2_3,D2_2,F2_1,,,N2_1,L_1,M_2
452045,L3,L1,L3,L2,L1,L2,L1,L1,L2,C2_3,D2_2,F2_1,,,N2_1,L_2,M_1
452046,L3,L1,L3,L2,L1,L2,L1,L1,L2,C2_3,D2_2,F2_1,,,N2_1,L_2,M_2
452047,L3,L1,L3,L2,L1,L2,L1,L1,L2,C2_3,D2_2,F2_1,,,N2_1,L_3,M_1
452048,L3,L1,L3,L2,L1,L2,L1,L1,L2,C2_3,D2_2,F2_1,,,N2_1,L_3,M_2
452049,L3,L1,L3,L2,L1,L2,L1,L1,L2,C2_3,D2_2,F2_1,,,N2_2,L_1,M_1
452050,L3,L1,L3,L2,L1,L2,L1,L1,L2,C2_3,D2_2,F2_1,,,N2_2,L_1,M_2
452051,L3,L1,L3,L2,L1,L2,L1,L1,L2,C2_3,D2_2,F2_1,,,N2_2,L_2,M_1
452052,L3,L1,L3,L2,L1,L2,L1,L1,L2,C2_3,D2_2,F2_1,,,N2_2,L_2,M_2
452053,L3,L1,L3,L2,L1,L2,L1,L1,L2,C2_3,D2_2,F2_1,,,N2_2,L_3,M_1
452054,L3,L1,L3,L2,L1,L2,L1,L1,L2,C2_3,D2_2,F2_1,,,N2_2,L_3,M_2
452055,L3,L1,L3,L2,L1,L2,L1,L1,L2,C2_3,D2_2,F2_2,,,N2_1,L_1,M_1
452056,L3,L1,L3,L2,L1,L2,L1,L1,L2,C2_3,D2_2,F2_2,,,N2_1,L_1,M_2
452057,L3,L1,L3,L2,L1,L2,L1,L1,L2,C2_3,D2_2,F2_2,,,N2_1,L_2,M_1
452058,L3,L1,L3,L2,L1,L2,L1,L1,L2,C2_3,D2_2,F2_2,,,N2_1,L_2,M_2
452059,L3,L1,L3,L2,L1,L2,L1,L1,L2,C2_3,D2_2,F2_2,,,N2_1,L_3,M_1
452060,L3,L1,L3,L2,L1,L2,L1,L1,L2,C2_3,D2_2,F2_2,,,N2_1,L_3,M_2
452061,L3,L1,L3,L2,L1,L2,L1,L1,L2,C2_3,D2_2,F2_2,,,N2_2,L_1,M_1
452062,L3,L1,L3,L2,L1,L2,L1,L1,L2,C2_3,D2_2,F2_2,,,N2_2,L_1,M_2
452063,L3,L1,L3,L2,L1,L2,L1,L1,L2,C2_3,D2_2,F2_2,,,N2_2,L_2,M_1
452064,L3,L1,L3,L2,L1,L2,L1,L1,L2,C2_3,D2_2,F2_2,,,N2_2,L_2,M_2
452065,L3,L1,L3,L2,L1,L2,L1,L1,L2,C2_3,D2_2,F2_2,,,N2_2,L_3,M_1
452066,L3,L1,L3,L2,L1,L2,L1,L1,L2,C2_3,D2_2,F2_2,,,N2_2,L_3,M_2
452067,L3,L1,L3,L2,L1,L2,L1,L1,L2,C2_3,D2_2,F2_3,,,N2_1,L_1,M_1
452068,L3,L1,L3,L2,L1,L2,L1,L1,L2,C2_3,D2_2,F2_3,,,N2_1,L_1,M_2
452069,L3,L1,L3,L2,L1,L2,L1,L1,L2,C2_3,D2_2,F2_3,,,N2_1,L_2,M_1
452070,L3,L1,L3,L2,L1,L2,L1,L1,L2,C2_3,D2_2,F2_3,,,N2_1,L_2,M_2
452071,L3,L1,L3,L2,L1,L2,L1,L1,L2,C2_3,D2_2,F2_3,,,N2_1,L_3,M_1
452072,L3,L1,L3,L2,L1,L2,L1,L1,L2,C2_3,D2_2,F2_3,,,N2_1,L_3,M_2
452073,L3,L1,L3,L2,L1,L2,L1,L1,L2,C2_3,D2_2,F2_3,,,N2_2,L_1,M_1
452074,L3,L1,L3,L2,L1,L2,L1,L1,L2,C2_3,D2_2,F2_3,,,N2_2,L_1,M_2
452075,L3,L1,L3,L2,L1,L2,L1,L1,L2,C2_3,D2_2,F2_3,,,N2_2,L_2,M_1
452076,L3,L1,L3,L2,L1,L2,L1,L1,L2,C2_3,D2_2,F2_3,,,N2_2,L_2,M_2
452077,L3,L1,L3,L2,L1,L2,L1,L1,L2,C2_3,D2_2,F2_3,,,N2_2,L_3,M_1
452078,L3,L1,L3,L2,L1,L2,L1,L1,L2,C2_3,D2_2,F2_3,,,N2_2,L_3,M_2
452079,L3,L1,L3,L2,L1,L2,L1,L1,L2,C2_3,D2_3,F2_1,,,N2_1,L_1,M_1
452080,L3,L1,L3,L2,L1,L2,L1,L1,L2,C2_3,D2_3,F2_1,,,N2_1,L_1,M_2
452081,L3,L1,L3,L2,L1,L2,L1,L1,L2,C2_3,D2_3,F2_1,,,N2_1,L_2,M_1
452082,L3,L1,L3,L2,L1,L2,L1,L1,L2,C2_3,D2_3,F2_1,,,N2_1,L_2,M_2
452083,L3,L1,L3,L2,L1,L2,L1,L1,L2,C2_3,D2_3,F2_1,,,N2_1,L_3,M_1
452084,L3,L1,L3,L2,L1,L2,L1,L1,L2,C2_3,D2_3,F2_1,,,N2_1,L_3,M_2
452085,L3,L1,L3,L2,L1,L2,L1,L1,L2,C2_3,D2_3,F2_1,,,N2_2,L_1,M_1
452086,L3,L1,L3,L2,L1,L2,L1,L1,L2,C2_3,D2_3,F2_1,,,N2_2,L_1,M_2
452087,L3,L1,L3,L2,L1,L2,L1,L1,L2,C2_3,D2_3,F2_1,,,N2_2,L_2,M_1
452088,L3,L1,L3,L2,L1,L2,L1,L1,L2,C2_3,D2_3,F2_1,,,N2_2,L_2,M_2
452089,L3,L1,L3,L2,L1,L2,L1,L1,L2,C2_3,D2_3,F2_1,,,N2_2,L_3,M_1
452090,L3,L1,L3,L2,L1,L2,L1,L1,L2,C2_3,D2_3,F2_1,,,N2_2,L_3,M_2
452091,L3,L1,L3,L2,L1,L2,L1,L1,L2,C2_3,D2_3,F2_2,,,N2_1,L_1,M_1
452092,L3,L1,L3,L2,L1,L2,L1,L1,L2,C2_3,D2_3,F2_2,,,N2_1,L_1,M_2
452093,L3,L1,L3,L2,L1,L2,L1,L1,L2,C2_3,D2_3,F2_2,,,N2_1,L_2,M_1
452094,L3,L1,L3,L2,L1,L2,L1,L1,L2,C2_3,D2_3,F2_2,,,N2_1,L_2,M_2
452095,L3,L1,L3,L2,L1,L2,L1,L1,L2,C2_3,D2_3,F2_2,,,N2_1,L_3,M_1
452096,L3,L1,L3,L2,L1,L2,L1,L1,L2,C2_3,D2_3,F2_2,,,N2_1,L_3,M_2
452097,L3,L1,L3,L2,L1,L2,L1,L1,L2,C2_3,D2_3,F2_2,,,N2_2,L_1,M_1
452098,L3,L1,L3,L2,L1,L2,L1,L1,L2,C2_3,D2_3,F2_2,,,N2_2,L_1,M_2
452099,L3,L1,L3,L2,L1,L2,L1,L1,L2,C2_3,D2_3,F2_2,,,N2_2,L_2,M_1
452100,L3,L1,L3,L2,L1,L2,L1,L1,L2,C2_3,D2_3,F2_2,,,N2_2,L_2,M_2
452101,L3,L1,L3,L2,L1,L2,L1,L1,L2,C2_3,D2_3,F2_2,,,N2_2,L_3,M_1
452102,L3,L1,L3,L2,L1,L2,L1,L1,L2,C2_3,D2_3,F2_2,,,N2_2,L_3,M_2
452103,L3,L1,L3,L2,L1,L2,L1,L1,L2,C2_3,D2_3,F2_3,,,N2_1,L_1,M_1
452104,L3,L1,L3,L2,L1,L2,L1,L1,L2,C2_3,D2_3,F2_3,,,N2_1,L_1,M_2
452105,L3,L1,L3,L2,L1,L2,L1,L1,L2,C2_3,D2_3,F2_3,,,N2_1,L_2,M_1
452106,L3,L1,L3,L2,L1,L2,L1,L1,L2,C2_3,D2_3,F2_3,,,N2_1,L_2,M_2
452107,L3,L1,L3,L2,L1,L2,L1,L1,L2,C2_3,D2_3,F2_3,,,N2_1,L_3,M_1
452108,L3,L1,L3,L2,L1,L2,L1,L1,L2,C2_3,D2_3,F2_3,,,N2_1,L_3,M_2
452109,L3,L1,L3,L2,L1,L2,L1,L1,L2,C2_3,D2_3,F2_3,,,N2_2,L_1,M_1
452110,L3,L1,L3,L2,L1,L2,L1,L1,L2,C2_3,D2_3,F2_3,,,N2_2,L_1,M_2
452111,L3,L1,L3,L2,L1,L2,L1,L1,L2,C2_3,D2_3,F2_3,,,N2_2,L_2,M_1
452112,L3,L1,L3,L2,L1,L2,L1,L1,L2,C2_3,D2_3,F2_3,,,N2_2,L_2,M_2
452113,L3,L1,L3,L2,L1,L2,L1,L1,L2,C2_3,D2_3,F2_3,,,N2_2,L_3,M_1
452114,L3,L1,L3,L2,L1,L2,L1,L1,L2,C2_3,D2_3,F2_3,,,N2_2,L_3,M_2
452115,L1,L2,L3,L1,L2,L2,L1,L1,L2,C2_1,D2_1,F2_1,,,N2_1,L_1,M_1
452116,L1,L2,L3,L1,L2,L2,L1,L1,L2,C2_1,D2_1,F2_1,,,N2_1,L_1,M_2
452117,L1,L2,L3,L1,L2,L2,L1,L1,L2,C2_1,D2_1,F2_1,,,N2_1,L_2,M_1
452118,L1,L2,L3,L1,L2,L2,L1,L1,L2,C2_1,D2_1,F2_1,,,N2_1,L_2,M_2
452119,L1,L2,L3,L1,L2,L2,L1,L1,L2,C2_1,D2_1,F2_1,,,N2_1,L_3,M_1
452120,L1,L2,L3,L1,L2,L2,L1,L1,L2,C2_1,D2_1,F2_1,,,N2_1,L_3,M_2
452121,L1,L2,L3,L1,L2,L2,L1,L1,L2,C2_1,D2_1,F2_1,,,N2_2,L_1,M_1
452122,L1,L2,L3,L1,L2,L2,L1,L1,L2,C2_1,D2_1,F2_1,,,N2_2,L_1,M_2
452123,L1,L2,L3,L1,L2,L2,L1,L1,L2,C2_1,D2_1,F2_1,,,N2_2,L_2,M_1
452124,L1,L2,L3,L1,L2,L2,L1,L1,L2,C2_1,D2_1,F2_1,,,N2_2,L_2,M_2
452125,L1,L2,L3,L1,L2,L2,L1,L1,L2,C2_1,D2_1,F2_1,,,N2_2,L_3,M_1
452126,L1,L2,L3,L1,L2,L2,L1,L1,L2,C2_1,D2_1,F2_1,,,N2_2,L_3,M_2
452127,L1,L2,L3,L1,L2,L2,L1,L1,L2,C2_1,D2_1,F2_2,,,N2_1,L_1,M_1
452128,L1,L2,L3,L1,L2,L2,L1,L1,L2,C2_1,D2_1,F2_2,,,N2_1,L_1,M_2
452129,L1,L2,L3,L1,L2,L2,L1,L1,L2,C2_1,D2_1,F2_2,,,N2_1,L_2,M_1
452130,L1,L2,L3,L1,L2,L2,L1,L1,L2,C2_1,D2_1,F2_2,,,N2_1,L_2,M_2
452131,L1,L2,L3,L1,L2,L2,L1,L1,L2,C2_1,D2_1,F2_2,,,N2_1,L_3,M_1
452132,L1,L2,L3,L1,L2,L2,L1,L1,L2,C2_1,D2_1,F2_2,,,N2_1,L_3,M_2
452133,L1,L2,L3,L1,L2,L2,L1,L1,L2,C2_1,D2_1,F2_2,,,N2_2,L_1,M_1
452134,L1,L2,L3,L1,L2,L2,L1,L1,L2,C2_1,D2_1,F2_2,,,N2_2,L_1,M_2
452135,L1,L2,L3,L1,L2,L2,L1,L1,L2,C2_1,D2_1,F2_2,,,N2_2,L_2,M_1
452136,L1,L2,L3,L1,L2,L2,L1,L1,L2,C2_1,D2_1,F2_2,,,N2_2,L_2,M_2
452137,L1,L2,L3,L1,L2,L2,L1,L1,L2,C2_1,D2_1,F2_2,,,N2_2,L_3,M_1
452138,L1,L2,L3,L1,L2,L2,L1,L1,L2,C2_1,D2_1,F2_2,,,N2_2,L_3,M_2
452139,L1,L2,L3,L1,L2,L2,L1,L1,L2,C2_1,D2_1,F2_3,,,N2_1,L_1,M_1
452140,L1,L2,L3,L1,L2,L2,L1,L1,L2,C2_1,D2_1,F2_3,,,N2_1,L_1,M_2
452141,L1,L2,L3,L1,L2,L2,L1,L1,L2,C2_1,D2_1,F2_3,,,N2_1,L_2,M_1
452142,L1,L2,L3,L1,L2,L2,L1,L1,L2,C2_1,D2_1,F2_3,,,N2_1,L_2,M_2
452143,L1,L2,L3,L1,L2,L2,L1,L1,L2,C2_1,D2_1,F2_3,,,N2_1,L_3,M_1
452144,L1,L2,L3,L1,L2,L2,L1,L1,L2,C2_1,D2_1,F2_3,,,N2_1,L_3,M_2
452145,L1,L2,L3,L1,L2,L2,L1,L1,L2,C2_1,D2_1,F2_3,,,N2_2,L_1,M_1
452146,L1,L2,L3,L1,L2,L2,L1,L1,L2,C2_1,D2_1,F2_3,,,N2_2,L_1,M_2
452147,L1,L2,L3,L1,L2,L2,L1,L1,L2,C2_1,D2_1,F2_3,,,N2_2,L_2,M_1
452148,L1,L2,L3,L1,L2,L2,L1,L1,L2,C2_1,D2_1,F2_3,,,N2_2,L_2,M_2
452149,L1,L2,L3,L1,L2,L2,L1,L1,L2,C2_1,D2_1,F2_3,,,N2_2,L_3,M_1
452150,L1,L2,L3,L1,L2,L2,L1,L1,L2,C2_1,D2_1,F2_3,,,N2_2,L_3,M_2
452151,L1,L2,L3,L1,L2,L2,L1,L1,L2,C2_1,D2_2,F2_1,,,N2_1,L_1,M_1
452152,L1,L2,L3,L1,L2,L2,L1,L1,L2,C2_1,D2_2,F2_1,,,N2_1,L_1,M_2
452153,L1,L2,L3,L1,L2,L2,L1,L1,L2,C2_1,D2_2,F2_1,,,N2_1,L_2,M_1
452154,L1,L2,L3,L1,L2,L2,L1,L1,L2,C2_1,D2_2,F2_1,,,N2_1,L_2,M_2
452155,L1,L2,L3,L1,L2,L2,L1,L1,L2,C2_1,D2_2,F2_1,,,N2_1,L_3,M_1
452156,L1,L2,L3,L1,L2,L2,L1,L1,L2,C2_1,D2_2,F2_1,,,N2_1,L_3,M_2
452157,L1,L2,L3,L1,L2,L2,L1,L1,L2,C2_1,D2_2,F2_1,,,N2_2,L_1,M_1
452158,L1,L2,L3,L1,L2,L2,L1,L1,L2,C2_1,D2_2,F2_1,,,N2_2,L_1,M_2
452159,L1,L2,L3,L1,L2,L2,L1,L1,L2,C2_1,D2_2,F2_1,,,N2_2,L_2,M_1
452160,L1,L2,L3,L1,L2,L2,L1,L1,L2,C2_1,D2_2,F2_1,,,N2_2,L_2,M_2
452161,L1,L2,L3,L1,L2,L2,L1,L1,L2,C2_1,D2_2,F2_1,,,N2_2,L_3,M_1
452162,L1,L2,L3,L1,L2,L2,L1,L1,L2,C2_1,D2_2,F2_1,,,N2_2,L_3,M_2
452163,L1,L2,L3,L1,L2,L2,L1,L1,L2,C2_1,D2_2,F2_2,,,N2_1,L_1,M_1
452164,L1,L2,L3,L1,L2,L2,L1,L1,L2,C2_1,D2_2,F2_2,,,N2_1,L_1,M_2
452165,L1,L2,L3,L1,L2,L2,L1,L1,L2,C2_1,D2_2,F2_2,,,N2_1,L_2,M_1
452166,L1,L2,L3,L1,L2,L2,L1,L1,L2,C2_1,D2_2,F2_2,,,N2_1,L_2,M_2
452167,L1,L2,L3,L1,L2,L2,L1,L1,L2,C2_1,D2_2,F2_2,,,N2_1,L_3,M_1
452168,L1,L2,L3,L1,L2,L2,L1,L1,L2,C2_1,D2_2,F2_2,,,N2_1,L_3,M_2
452169,L1,L2,L3,L1,L2,L2,L1,L1,L2,C2_1,D2_2,F2_2,,,N2_2,L_1,M_1
452170,L1,L2,L3,L1,L2,L2,L1,L1,L2,C2_1,D2_2,F2_2,,,N2_2,L_1,M_2
452171,L1,L2,L3,L1,L2,L2,L1,L1,L2,C2_1,D2_2,F2_2,,,N2_2,L_2,M_1
452172,L1,L2,L3,L1,L2,L2,L1,L1,L2,C2_1,D2_2,F2_2,,,N2_2,L_2,M_2
452173,L1,L2,L3,L1,L2,L2,L1,L1,L2,C2_1,D2_2,F2_2,,,N2_2,L_3,M_1
452174,L1,L2,L3,L1,L2,L2,L1,L1,L2,C2_1,D2_2,F2_2,,,N2_2,L_3,M_2
452175,L1,L2,L3,L1,L2,L2,L1,L1,L2,C2_1,D2_2,F2_3,,,N2_1,L_1,M_1
452176,L1,L2,L3,L1,L2,L2,L1,L1,L2,C2_1,D2_2,F2_3,,,N2_1,L_1,M_2
452177,L1,L2,L3,L1,L2,L2,L1,L1,L2,C2_1,D2_2,F2_3,,,N2_1,L_2,M_1
452178,L1,L2,L3,L1,L2,L2,L1,L1,L2,C2_1,D2_2,F2_3,,,N2_1,L_2,M_2
452179,L1,L2,L3,L1,L2,L2,L1,L1,L2,C2_1,D2_2,F2_3,,,N2_1,L_3,M_1
452180,L1,L2,L3,L1,L2,L2,L1,L1,L2,C2_1,D2_2,F2_3,,,N2_1,L_3,M_2
452181,L1,L2,L3,L1,L2,L2,L1,L1,L2,C2_1,D2_2,F2_3,,,N2_2,L_1,M_1
452182,L1,L2,L3,L1,L2,L2,L1,L1,L2,C2_1,D2_2,F2_3,,,N2_2,L_1,M_2
452183,L1,L2,L3,L1,L2,L2,L1,L1,L2,C2_1,D2_2,F2_3,,,N2_2,L_2,M_1
452184,L1,L2,L3,L1,L2,L2,L1,L1,L2,C2_1,D2_2,F2_3,,,N2_2,L_2,M_2
452185,L1,L2,L3,L1,L2,L2,L1,L1,L2,C2_1,D2_2,F2_3,,,N2_2,L_3,M_1
452186,L1,L2,L3,L1,L2,L2,L1,L1,L2,C2_1,D2_2,F2_3,,,N2_2,L_3,M_2
452187,L1,L2,L3,L1,L2,L2,L1,L1,L2,C2_1,D2_3,F2_1,,,N2_1,L_1,M_1
452188,L1,L2,L3,L1,L2,L2,L1,L1,L2,C2_1,D2_3,F2_1,,,N2_1,L_1,M_2
452189,L1,L2,L3,L1,L2,L2,L1,L1,L2,C2_1,D2_3,F2_1,,,N2_1,L_2,M_1
452190,L1,L2,L3,L1,L2,L2,L1,L1,L2,C2_1,D2_3,F2_1,,,N2_1,L_2,M_2
452191,L1,L2,L3,L1,L2,L2,L1,L1,L2,C2_1,D2_3,F2_1,,,N2_1,L_3,M_1
452192,L1,L2,L3,L1,L2,L2,L1,L1,L2,C2_1,D2_3,F2_1,,,N2_1,L_3,M_2
452193,L1,L2,L3,L1,L2,L2,L1,L1,L2,C2_1,D2_3,F2_1,,,N2_2,L_1,M_1
452194,L1,L2,L3,L1,L2,L2,L1,L1,L2,C2_1,D2_3,F2_1,,,N2_2,L_1,M_2
452195,L1,L2,L3,L1,L2,L2,L1,L1,L2,C2_1,D2_3,F2_1,,,N2_2,L_2,M_1
452196,L1,L2,L3,L1,L2,L2,L1,L1,L2,C2_1,D2_3,F2_1,,,N2_2,L_2,M_2
452197,L1,L2,L3,L1,L2,L2,L1,L1,L2,C2_1,D2_3,F2_1,,,N2_2,L_3,M_1
452198,L1,L2,L3,L1,L2,L2,L1,L1,L2,C2_1,D2_3,F2_1,,,N2_2,L_3,M_2
452199,L1,L2,L3,L1,L2,L2,L1,L1,L2,C2_1,D2_3,F2_2,,,N2_1,L_1,M_1
452200,L1,L2,L3,L1,L2,L2,L1,L1,L2,C2_1,D2_3,F2_2,,,N2_1,L_1,M_2
452201,L1,L2,L3,L1,L2,L2,L1,L1,L2,C2_1,D2_3,F2_2,,,N2_1,L_2,M_1
452202,L1,L2,L3,L1,L2,L2,L1,L1,L2,C2_1,D2_3,F2_2,,,N2_1,L_2,M_2
452203,L1,L2,L3,L1,L2,L2,L1,L1,L2,C2_1,D2_3,F2_2,,,N2_1,L_3,M_1
452204,L1,L2,L3,L1,L2,L2,L1,L1,L2,C2_1,D2_3,F2_2,,,N2_1,L_3,M_2
452205,L1,L2,L3,L1,L2,L2,L1,L1,L2,C2_1,D2_3,F2_2,,,N2_2,L_1,M_1
452206,L1,L2,L3,L1,L2,L2,L1,L1,L2,C2_1,D2_3,F2_2,,,N2_2,L_1,M_2
452207,L1,L2,L3,L1,L2,L2,L1,L1,L2,C2_1,D2_3,F2_2,,,N2_2,L_2,M_1
452208,L1,L2,L3,L1,L2,L2,L1,L1,L2,C2_1,D2_3,F2_2,,,N2_2,L_2,M_2
452209,L1,L2,L3,L1,L2,L2,L1,L1,L2,C2_1,D2_3,F2_2,,,N2_2,L_3,M_1
452210,L1,L2,L3,L1,L2,L2,L1,L1,L2,C2_1,D2_3,F2_2,,,N2_2,L_3,M_2
452211,L1,L2,L3,L1,L2,L2,L1,L1,L2,C2_1,D2_3,F2_3,,,N2_1,L_1,M_1
452212,L1,L2,L3,L1,L2,L2,L1,L1,L2,C2_1,D2_3,F2_3,,,N2_1,L_1,M_2
452213,L1,L2,L3,L1,L2,L2,L1,L1,L2,C2_1,D2_3,F2_3,,,N2_1,L_2,M_1
452214,L1,L2,L3,L1,L2,L2,L1,L1,L2,C2_1,D2_3,F2_3,,,N2_1,L_2,M_2
452215,L1,L2,L3,L1,L2,L2,L1,L1,L2,C2_1,D2_3,F2_3,,,N2_1,L_3,M_1
452216,L1,L2,L3,L1,L2,L2,L1,L1,L2,C2_1,D2_3,F2_3,,,N2_1,L_3,M_2
452217,L1,L2,L3,L1,L2,L2,L1,L1,L2,C2_1,D2_3,F2_3,,,N2_2,L_1,M_1
452218,L1,L2,L3,L1,L2,L2,L1,L1,L2,C2_1,D2_3,F2_3,,,N2_2,L_1,M_2
452219,L1,L2,L3,L1,L2,L2,L1,L1,L2,C2_1,D2_3,F2_3,,,N2_2,L_2,M_1
452220,L1,L2,L3,L1,L2,L2,L1,L1,L2,C2_1,D2_3,F2_3,,,N2_2,L_2,M_2
452221,L1,L2,L3,L1,L2,L2,L1,L1,L2,C2_1,D2_3,F2_3,,,N2_2,L_3,M_1
452222,L1,L2,L3,L1,L2,L2,L1,L1,L2,C2_1,D2_3,F2_3,,,N2_2,L_3,M_2
452223,L1,L2,L3,L1,L2,L2,L1,L1,L2,C2_2,D2_1,F2_1,,,N2_1,L_1,M_1
452224,L1,L2,L3,L1,L2,L2,L1,L1,L2,C2_2,D2_1,F2_1,,,N2_1,L_1,M_2
452225,L1,L2,L3,L1,L2,L2,L1,L1,L2,C2_2,D2_1,F2_1,,,N2_1,L_2,M_1
452226,L1,L2,L3,L1,L2,L2,L1,L1,L2,C2_2,D2_1,F2_1,,,N2_1,L_2,M_2
452227,L1,L2,L3,L1,L2,L2,L1,L1,L2,C2_2,D2_1,F2_1,,,N2_1,L_3,M_1
452228,L1,L2,L3,L1,L2,L2,L1,L1,L2,C2_2,D2_1,F2_1,,,N2_1,L_3,M_2
452229,L1,L2,L3,L1,L2,L2,L1,L1,L2,C2_2,D2_1,F2_1,,,N2_2,L_1,M_1
452230,L1,L2,L3,L1,L2,L2,L1,L1,L2,C2_2,D2_1,F2_1,,,N2_2,L_1,M_2
452231,L1,L2,L3,L1,L2,L2,L1,L1,L2,C2_2,D2_1,F2_1,,,N2_2,L_2,M_1
452232,L1,L2,L3,L1,L2,L2,L1,L1,L2,C2_2,D2_1,F2_1,,,N2_2,L_2,M_2
452233,L1,L2,L3,L1,L2,L2,L1,L1,L2,C2_2,D2_1,F2_1,,,N2_2,L_3,M_1
452234,L1,L2,L3,L1,L2,L2,L1,L1,L2,C2_2,D2_1,F2_1,,,N2_2,L_3,M_2
452235,L1,L2,L3,L1,L2,L2,L1,L1,L2,C2_2,D2_1,F2_2,,,N2_1,L_1,M_1
452236,L1,L2,L3,L1,L2,L2,L1,L1,L2,C2_2,D2_1,F2_2,,,N2_1,L_1,M_2
452237,L1,L2,L3,L1,L2,L2,L1,L1,L2,C2_2,D2_1,F2_2,,,N2_1,L_2,M_1
452238,L1,L2,L3,L1,L2,L2,L1,L1,L2,C2_2,D2_1,F2_2,,,N2_1,L_2,M_2
452239,L1,L2,L3,L1,L2,L2,L1,L1,L2,C2_2,D2_1,F2_2,,,N2_1,L_3,M_1
452240,L1,L2,L3,L1,L2,L2,L1,L1,L2,C2_2,D2_1,F2_2,,,N2_1,L_3,M_2
452241,L1,L2,L3,L1,L2,L2,L1,L1,L2,C2_2,D2_1,F2_2,,,N2_2,L_1,M_1
452242,L1,L2,L3,L1,L2,L2,L1,L1,L2,C2_2,D2_1,F2_2,,,N2_2,L_1,M_2
452243,L1,L2,L3,L1,L2,L2,L1,L1,L2,C2_2,D2_1,F2_2,,,N2_2,L_2,M_1
452244,L1,L2,L3,L1,L2,L2,L1,L1,L2,C2_2,D2_1,F2_2,,,N2_2,L_2,M_2
452245,L1,L2,L3,L1,L2,L2,L1,L1,L2,C2_2,D2_1,F2_2,,,N2_2,L_3,M_1
452246,L1,L2,L3,L1,L2,L2,L1,L1,L2,C2_2,D2_1,F2_2,,,N2_2,L_3,M_2
452247,L1,L2,L3,L1,L2,L2,L1,L1,L2,C2_2,D2_1,F2_3,,,N2_1,L_1,M_1
452248,L1,L2,L3,L1,L2,L2,L1,L1,L2,C2_2,D2_1,F2_3,,,N2_1,L_1,M_2
452249,L1,L2,L3,L1,L2,L2,L1,L1,L2,C2_2,D2_1,F2_3,,,N2_1,L_2,M_1
452250,L1,L2,L3,L1,L2,L2,L1,L1,L2,C2_2,D2_1,F2_3,,,N2_1,L_2,M_2
452251,L1,L2,L3,L1,L2,L2,L1,L1,L2,C2_2,D2_1,F2_3,,,N2_1,L_3,M_1
452252,L1,L2,L3,L1,L2,L2,L1,L1,L2,C2_2,D2_1,F2_3,,,N2_1,L_3,M_2
452253,L1,L2,L3,L1,L2,L2,L1,L1,L2,C2_2,D2_1,F2_3,,,N2_2,L_1,M_1
452254,L1,L2,L3,L1,L2,L2,L1,L1,L2,C2_2,D2_1,F2_3,,,N2_2,L_1,M_2
452255,L1,L2,L3,L1,L2,L2,L1,L1,L2,C2_2,D2_1,F2_3,,,N2_2,L_2,M_1
452256,L1,L2,L3,L1,L2,L2,L1,L1,L2,C2_2,D2_1,F2_3,,,N2_2,L_2,M_2
452257,L1,L2,L3,L1,L2,L2,L1,L1,L2,C2_2,D2_1,F2_3,,,N2_2,L_3,M_1
452258,L1,L2,L3,L1,L2,L2,L1,L1,L2,C2_2,D2_1,F2_3,,,N2_2,L_3,M_2
452259,L1,L2,L3,L1,L2,L2,L1,L1,L2,C2_2,D2_2,F2_1,,,N2_1,L_1,M_1
452260,L1,L2,L3,L1,L2,L2,L1,L1,L2,C2_2,D2_2,F2_1,,,N2_1,L_1,M_2
452261,L1,L2,L3,L1,L2,L2,L1,L1,L2,C2_2,D2_2,F2_1,,,N2_1,L_2,M_1
452262,L1,L2,L3,L1,L2,L2,L1,L1,L2,C2_2,D2_2,F2_1,,,N2_1,L_2,M_2
452263,L1,L2,L3,L1,L2,L2,L1,L1,L2,C2_2,D2_2,F2_1,,,N2_1,L_3,M_1
452264,L1,L2,L3,L1,L2,L2,L1,L1,L2,C2_2,D2_2,F2_1,,,N2_1,L_3,M_2
452265,L1,L2,L3,L1,L2,L2,L1,L1,L2,C2_2,D2_2,F2_1,,,N2_2,L_1,M_1
452266,L1,L2,L3,L1,L2,L2,L1,L1,L2,C2_2,D2_2,F2_1,,,N2_2,L_1,M_2
452267,L1,L2,L3,L1,L2,L2,L1,L1,L2,C2_2,D2_2,F2_1,,,N2_2,L_2,M_1
452268,L1,L2,L3,L1,L2,L2,L1,L1,L2,C2_2,D2_2,F2_1,,,N2_2,L_2,M_2
452269,L1,L2,L3,L1,L2,L2,L1,L1,L2,C2_2,D2_2,F2_1,,,N2_2,L_3,M_1
452270,L1,L2,L3,L1,L2,L2,L1,L1,L2,C2_2,D2_2,F2_1,,,N2_2,L_3,M_2
452271,L1,L2,L3,L1,L2,L2,L1,L1,L2,C2_2,D2_2,F2_2,,,N2_1,L_1,M_1
452272,L1,L2,L3,L1,L2,L2,L1,L1,L2,C2_2,D2_2,F2_2,,,N2_1,L_1,M_2
452273,L1,L2,L3,L1,L2,L2,L1,L1,L2,C2_2,D2_2,F2_2,,,N2_1,L_2,M_1
452274,L1,L2,L3,L1,L2,L2,L1,L1,L2,C2_2,D2_2,F2_2,,,N2_1,L_2,M_2
452275,L1,L2,L3,L1,L2,L2,L1,L1,L2,C2_2,D2_2,F2_2,,,N2_1,L_3,M_1
452276,L1,L2,L3,L1,L2,L2,L1,L1,L2,C2_2,D2_2,F2_2,,,N2_1,L_3,M_2
452277,L1,L2,L3,L1,L2,L2,L1,L1,L2,C2_2,D2_2,F2_2,,,N2_2,L_1,M_1
452278,L1,L2,L3,L1,L2,L2,L1,L1,L2,C2_2,D2_2,F2_2,,,N2_2,L_1,M_2
452279,L1,L2,L3,L1,L2,L2,L1,L1,L2,C2_2,D2_2,F2_2,,,N2_2,L_2,M_1
452280,L1,L2,L3,L1,L2,L2,L1,L1,L2,C2_2,D2_2,F2_2,,,N2_2,L_2,M_2
452281,L1,L2,L3,L1,L2,L2,L1,L1,L2,C2_2,D2_2,F2_2,,,N2_2,L_3,M_1
452282,L1,L2,L3,L1,L2,L2,L1,L1,L2,C2_2,D2_2,F2_2,,,N2_2,L_3,M_2
452283,L1,L2,L3,L1,L2,L2,L1,L1,L2,C2_2,D2_2,F2_3,,,N2_1,L_1,M_1
452284,L1,L2,L3,L1,L2,L2,L1,L1,L2,C2_2,D2_2,F2_3,,,N2_1,L_1,M_2
452285,L1,L2,L3,L1,L2,L2,L1,L1,L2,C2_2,D2_2,F2_3,,,N2_1,L_2,M_1
452286,L1,L2,L3,L1,L2,L2,L1,L1,L2,C2_2,D2_2,F2_3,,,N2_1,L_2,M_2
452287,L1,L2,L3,L1,L2,L2,L1,L1,L2,C2_2,D2_2,F2_3,,,N2_1,L_3,M_1
452288,L1,L2,L3,L1,L2,L2,L1,L1,L2,C2_2,D2_2,F2_3,,,N2_1,L_3,M_2
452289,L1,L2,L3,L1,L2,L2,L1,L1,L2,C2_2,D2_2,F2_3,,,N2_2,L_1,M_1
452290,L1,L2,L3,L1,L2,L2,L1,L1,L2,C2_2,D2_2,F2_3,,,N2_2,L_1,M_2
452291,L1,L2,L3,L1,L2,L2,L1,L1,L2,C2_2,D2_2,F2_3,,,N2_2,L_2,M_1
452292,L1,L2,L3,L1,L2,L2,L1,L1,L2,C2_2,D2_2,F2_3,,,N2_2,L_2,M_2
452293,L1,L2,L3,L1,L2,L2,L1,L1,L2,C2_2,D2_2,F2_3,,,N2_2,L_3,M_1
452294,L1,L2,L3,L1,L2,L2,L1,L1,L2,C2_2,D2_2,F2_3,,,N2_2,L_3,M_2
452295,L1,L2,L3,L1,L2,L2,L1,L1,L2,C2_2,D2_3,F2_1,,,N2_1,L_1,M_1
452296,L1,L2,L3,L1,L2,L2,L1,L1,L2,C2_2,D2_3,F2_1,,,N2_1,L_1,M_2
452297,L1,L2,L3,L1,L2,L2,L1,L1,L2,C2_2,D2_3,F2_1,,,N2_1,L_2,M_1
452298,L1,L2,L3,L1,L2,L2,L1,L1,L2,C2_2,D2_3,F2_1,,,N2_1,L_2,M_2
452299,L1,L2,L3,L1,L2,L2,L1,L1,L2,C2_2,D2_3,F2_1,,,N2_1,L_3,M_1
452300,L1,L2,L3,L1,L2,L2,L1,L1,L2,C2_2,D2_3,F2_1,,,N2_1,L_3,M_2
452301,L1,L2,L3,L1,L2,L2,L1,L1,L2,C2_2,D2_3,F2_1,,,N2_2,L_1,M_1
452302,L1,L2,L3,L1,L2,L2,L1,L1,L2,C2_2,D2_3,F2_1,,,N2_2,L_1,M_2
452303,L1,L2,L3,L1,L2,L2,L1,L1,L2,C2_2,D2_3,F2_1,,,N2_2,L_2,M_1
452304,L1,L2,L3,L1,L2,L2,L1,L1,L2,C2_2,D2_3,F2_1,,,N2_2,L_2,M_2
452305,L1,L2,L3,L1,L2,L2,L1,L1,L2,C2_2,D2_3,F2_1,,,N2_2,L_3,M_1
452306,L1,L2,L3,L1,L2,L2,L1,L1,L2,C2_2,D2_3,F2_1,,,N2_2,L_3,M_2
452307,L1,L2,L3,L1,L2,L2,L1,L1,L2,C2_2,D2_3,F2_2,,,N2_1,L_1,M_1
452308,L1,L2,L3,L1,L2,L2,L1,L1,L2,C2_2,D2_3,F2_2,,,N2_1,L_1,M_2
452309,L1,L2,L3,L1,L2,L2,L1,L1,L2,C2_2,D2_3,F2_2,,,N2_1,L_2,M_1
452310,L1,L2,L3,L1,L2,L2,L1,L1,L2,C2_2,D2_3,F2_2,,,N2_1,L_2,M_2
452311,L1,L2,L3,L1,L2,L2,L1,L1,L2,C2_2,D2_3,F2_2,,,N2_1,L_3,M_1
452312,L1,L2,L3,L1,L2,L2,L1,L1,L2,C2_2,D2_3,F2_2,,,N2_1,L_3,M_2
452313,L1,L2,L3,L1,L2,L2,L1,L1,L2,C2_2,D2_3,F2_2,,,N2_2,L_1,M_1
452314,L1,L2,L3,L1,L2,L2,L1,L1,L2,C2_2,D2_3,F2_2,,,N2_2,L_1,M_2
452315,L1,L2,L3,L1,L2,L2,L1,L1,L2,C2_2,D2_3,F2_2,,,N2_2,L_2,M_1
452316,L1,L2,L3,L1,L2,L2,L1,L1,L2,C2_2,D2_3,F2_2,,,N2_2,L_2,M_2
452317,L1,L2,L3,L1,L2,L2,L1,L1,L2,C2_2,D2_3,F2_2,,,N2_2,L_3,M_1
452318,L1,L2,L3,L1,L2,L2,L1,L1,L2,C2_2,D2_3,F2_2,,,N2_2,L_3,M_2
452319,L1,L2,L3,L1,L2,L2,L1,L1,L2,C2_2,D2_3,F2_3,,,N2_1,L_1,M_1
452320,L1,L2,L3,L1,L2,L2,L1,L1,L2,C2_2,D2_3,F2_3,,,N2_1,L_1,M_2
452321,L1,L2,L3,L1,L2,L2,L1,L1,L2,C2_2,D2_3,F2_3,,,N2_1,L_2,M_1
452322,L1,L2,L3,L1,L2,L2,L1,L1,L2,C2_2,D2_3,F2_3,,,N2_1,L_2,M_2
452323,L1,L2,L3,L1,L2,L2,L1,L1,L2,C2_2,D2_3,F2_3,,,N2_1,L_3,M_1
452324,L1,L2,L3,L1,L2,L2,L1,L1,L2,C2_2,D2_3,F2_3,,,N2_1,L_3,M_2
452325,L1,L2,L3,L1,L2,L2,L1,L1,L2,C2_2,D2_3,F2_3,,,N2_2,L_1,M_1
452326,L1,L2,L3,L1,L2,L2,L1,L1,L2,C2_2,D2_3,F2_3,,,N2_2,L_1,M_2
452327,L1,L2,L3,L1,L2,L2,L1,L1,L2,C2_2,D2_3,F2_3,,,N2_2,L_2,M_1
452328,L1,L2,L3,L1,L2,L2,L1,L1,L2,C2_2,D2_3,F2_3,,,N2_2,L_2,M_2
452329,L1,L2,L3,L1,L2,L2,L1,L1,L2,C2_2,D2_3,F2_3,,,N2_2,L_3,M_1
452330,L1,L2,L3,L1,L2,L2,L1,L1,L2,C2_2,D2_3,F2_3,,,N2_2,L_3,M_2
452331,L1,L2,L3,L1,L2,L2,L1,L1,L2,C2_3,D2_1,F2_1,,,N2_1,L_1,M_1
452332,L1,L2,L3,L1,L2,L2,L1,L1,L2,C2_3,D2_1,F2_1,,,N2_1,L_1,M_2
452333,L1,L2,L3,L1,L2,L2,L1,L1,L2,C2_3,D2_1,F2_1,,,N2_1,L_2,M_1
452334,L1,L2,L3,L1,L2,L2,L1,L1,L2,C2_3,D2_1,F2_1,,,N2_1,L_2,M_2
452335,L1,L2,L3,L1,L2,L2,L1,L1,L2,C2_3,D2_1,F2_1,,,N2_1,L_3,M_1
452336,L1,L2,L3,L1,L2,L2,L1,L1,L2,C2_3,D2_1,F2_1,,,N2_1,L_3,M_2
452337,L1,L2,L3,L1,L2,L2,L1,L1,L2,C2_3,D2_1,F2_1,,,N2_2,L_1,M_1
452338,L1,L2,L3,L1,L2,L2,L1,L1,L2,C2_3,D2_1,F2_1,,,N2_2,L_1,M_2
452339,L1,L2,L3,L1,L2,L2,L1,L1,L2,C2_3,D2_1,F2_1,,,N2_2,L_2,M_1
452340,L1,L2,L3,L1,L2,L2,L1,L1,L2,C2_3,D2_1,F2_1,,,N2_2,L_2,M_2
452341,L1,L2,L3,L1,L2,L2,L1,L1,L2,C2_3,D2_1,F2_1,,,N2_2,L_3,M_1
452342,L1,L2,L3,L1,L2,L2,L1,L1,L2,C2_3,D2_1,F2_1,,,N2_2,L_3,M_2
452343,L1,L2,L3,L1,L2,L2,L1,L1,L2,C2_3,D2_1,F2_2,,,N2_1,L_1,M_1
452344,L1,L2,L3,L1,L2,L2,L1,L1,L2,C2_3,D2_1,F2_2,,,N2_1,L_1,M_2
452345,L1,L2,L3,L1,L2,L2,L1,L1,L2,C2_3,D2_1,F2_2,,,N2_1,L_2,M_1
452346,L1,L2,L3,L1,L2,L2,L1,L1,L2,C2_3,D2_1,F2_2,,,N2_1,L_2,M_2
452347,L1,L2,L3,L1,L2,L2,L1,L1,L2,C2_3,D2_1,F2_2,,,N2_1,L_3,M_1
452348,L1,L2,L3,L1,L2,L2,L1,L1,L2,C2_3,D2_1,F2_2,,,N2_1,L_3,M_2
452349,L1,L2,L3,L1,L2,L2,L1,L1,L2,C2_3,D2_1,F2_2,,,N2_2,L_1,M_1
452350,L1,L2,L3,L1,L2,L2,L1,L1,L2,C2_3,D2_1,F2_2,,,N2_2,L_1,M_2
452351,L1,L2,L3,L1,L2,L2,L1,L1,L2,C2_3,D2_1,F2_2,,,N2_2,L_2,M_1
452352,L1,L2,L3,L1,L2,L2,L1,L1,L2,C2_3,D2_1,F2_2,,,N2_2,L_2,M_2
452353,L1,L2,L3,L1,L2,L2,L1,L1,L2,C2_3,D2_1,F2_2,,,N2_2,L_3,M_1
452354,L1,L2,L3,L1,L2,L2,L1,L1,L2,C2_3,D2_1,F2_2,,,N2_2,L_3,M_2
452355,L1,L2,L3,L1,L2,L2,L1,L1,L2,C2_3,D2_1,F2_3,,,N2_1,L_1,M_1
452356,L1,L2,L3,L1,L2,L2,L1,L1,L2,C2_3,D2_1,F2_3,,,N2_1,L_1,M_2
452357,L1,L2,L3,L1,L2,L2,L1,L1,L2,C2_3,D2_1,F2_3,,,N2_1,L_2,M_1
452358,L1,L2,L3,L1,L2,L2,L1,L1,L2,C2_3,D2_1,F2_3,,,N2_1,L_2,M_2
452359,L1,L2,L3,L1,L2,L2,L1,L1,L2,C2_3,D2_1,F2_3,,,N2_1,L_3,M_1
452360,L1,L2,L3,L1,L2,L2,L1,L1,L2,C2_3,D2_1,F2_3,,,N2_1,L_3,M_2
452361,L1,L2,L3,L1,L2,L2,L1,L1,L2,C2_3,D2_1,F2_3,,,N2_2,L_1,M_1
452362,L1,L2,L3,L1,L2,L2,L1,L1,L2,C2_3,D2_1,F2_3,,,N2_2,L_1,M_2
452363,L1,L2,L3,L1,L2,L2,L1,L1,L2,C2_3,D2_1,F2_3,,,N2_2,L_2,M_1
452364,L1,L2,L3,L1,L2,L2,L1,L1,L2,C2_3,D2_1,F2_3,,,N2_2,L_2,M_2
452365,L1,L2,L3,L1,L2,L2,L1,L1,L2,C2_3,D2_1,F2_3,,,N2_2,L_3,M_1
452366,L1,L2,L3,L1,L2,L2,L1,L1,L2,C2_3,D2_1,F2_3,,,N2_2,L_3,M_2
452367,L1,L2,L3,L1,L2,L2,L1,L1,L2,C2_3,D2_2,F2_1,,,N2_1,L_1,M_1
452368,L1,L2,L3,L1,L2,L2,L1,L1,L2,C2_3,D2_2,F2_1,,,N2_1,L_1,M_2
452369,L1,L2,L3,L1,L2,L2,L1,L1,L2,C2_3,D2_2,F2_1,,,N2_1,L_2,M_1
452370,L1,L2,L3,L1,L2,L2,L1,L1,L2,C2_3,D2_2,F2_1,,,N2_1,L_2,M_2
452371,L1,L2,L3,L1,L2,L2,L1,L1,L2,C2_3,D2_2,F2_1,,,N2_1,L_3,M_1
452372,L1,L2,L3,L1,L2,L2,L1,L1,L2,C2_3,D2_2,F2_1,,,N2_1,L_3,M_2
452373,L1,L2,L3,L1,L2,L2,L1,L1,L2,C2_3,D2_2,F2_1,,,N2_2,L_1,M_1
452374,L1,L2,L3,L1,L2,L2,L1,L1,L2,C2_3,D2_2,F2_1,,,N2_2,L_1,M_2
452375,L1,L2,L3,L1,L2,L2,L1,L1,L2,C2_3,D2_2,F2_1,,,N2_2,L_2,M_1
452376,L1,L2,L3,L1,L2,L2,L1,L1,L2,C2_3,D2_2,F2_1,,,N2_2,L_2,M_2
452377,L1,L2,L3,L1,L2,L2,L1,L1,L2,C2_3,D2_2,F2_1,,,N2_2,L_3,M_1
452378,L1,L2,L3,L1,L2,L2,L1,L1,L2,C2_3,D2_2,F2_1,,,N2_2,L_3,M_2
452379,L1,L2,L3,L1,L2,L2,L1,L1,L2,C2_3,D2_2,F2_2,,,N2_1,L_1,M_1
452380,L1,L2,L3,L1,L2,L2,L1,L1,L2,C2_3,D2_2,F2_2,,,N2_1,L_1,M_2
452381,L1,L2,L3,L1,L2,L2,L1,L1,L2,C2_3,D2_2,F2_2,,,N2_1,L_2,M_1
452382,L1,L2,L3,L1,L2,L2,L1,L1,L2,C2_3,D2_2,F2_2,,,N2_1,L_2,M_2
452383,L1,L2,L3,L1,L2,L2,L1,L1,L2,C2_3,D2_2,F2_2,,,N2_1,L_3,M_1
452384,L1,L2,L3,L1,L2,L2,L1,L1,L2,C2_3,D2_2,F2_2,,,N2_1,L_3,M_2
452385,L1,L2,L3,L1,L2,L2,L1,L1,L2,C2_3,D2_2,F2_2,,,N2_2,L_1,M_1
452386,L1,L2,L3,L1,L2,L2,L1,L1,L2,C2_3,D2_2,F2_2,,,N2_2,L_1,M_2
452387,L1,L2,L3,L1,L2,L2,L1,L1,L2,C2_3,D2_2,F2_2,,,N2_2,L_2,M_1
452388,L1,L2,L3,L1,L2,L2,L1,L1,L2,C2_3,D2_2,F2_2,,,N2_2,L_2,M_2
452389,L1,L2,L3,L1,L2,L2,L1,L1,L2,C2_3,D2_2,F2_2,,,N2_2,L_3,M_1
452390,L1,L2,L3,L1,L2,L2,L1,L1,L2,C2_3,D2_2,F2_2,,,N2_2,L_3,M_2
452391,L1,L2,L3,L1,L2,L2,L1,L1,L2,C2_3,D2_2,F2_3,,,N2_1,L_1,M_1
452392,L1,L2,L3,L1,L2,L2,L1,L1,L2,C2_3,D2_2,F2_3,,,N2_1,L_1,M_2
452393,L1,L2,L3,L1,L2,L2,L1,L1,L2,C2_3,D2_2,F2_3,,,N2_1,L_2,M_1
452394,L1,L2,L3,L1,L2,L2,L1,L1,L2,C2_3,D2_2,F2_3,,,N2_1,L_2,M_2
452395,L1,L2,L3,L1,L2,L2,L1,L1,L2,C2_3,D2_2,F2_3,,,N2_1,L_3,M_1
452396,L1,L2,L3,L1,L2,L2,L1,L1,L2,C2_3,D2_2,F2_3,,,N2_1,L_3,M_2
452397,L1,L2,L3,L1,L2,L2,L1,L1,L2,C2_3,D2_2,F2_3,,,N2_2,L_1,M_1
452398,L1,L2,L3,L1,L2,L2,L1,L1,L2,C2_3,D2_2,F2_3,,,N2_2,L_1,M_2
452399,L1,L2,L3,L1,L2,L2,L1,L1,L2,C2_3,D2_2,F2_3,,,N2_2,L_2,M_1
452400,L1,L2,L3,L1,L2,L2,L1,L1,L2,C2_3,D2_2,F2_3,,,N2_2,L_2,M_2
452401,L1,L2,L3,L1,L2,L2,L1,L1,L2,C2_3,D2_2,F2_3,,,N2_2,L_3,M_1
452402,L1,L2,L3,L1,L2,L2,L1,L1,L2,C2_3,D2_2,F2_3,,,N2_2,L_3,M_2
452403,L1,L2,L3,L1,L2,L2,L1,L1,L2,C2_3,D2_3,F2_1,,,N2_1,L_1,M_1
452404,L1,L2,L3,L1,L2,L2,L1,L1,L2,C2_3,D2_3,F2_1,,,N2_1,L_1,M_2
452405,L1,L2,L3,L1,L2,L2,L1,L1,L2,C2_3,D2_3,F2_1,,,N2_1,L_2,M_1
452406,L1,L2,L3,L1,L2,L2,L1,L1,L2,C2_3,D2_3,F2_1,,,N2_1,L_2,M_2
452407,L1,L2,L3,L1,L2,L2,L1,L1,L2,C2_3,D2_3,F2_1,,,N2_1,L_3,M_1
452408,L1,L2,L3,L1,L2,L2,L1,L1,L2,C2_3,D2_3,F2_1,,,N2_1,L_3,M_2
452409,L1,L2,L3,L1,L2,L2,L1,L1,L2,C2_3,D2_3,F2_1,,,N2_2,L_1,M_1
452410,L1,L2,L3,L1,L2,L2,L1,L1,L2,C2_3,D2_3,F2_1,,,N2_2,L_1,M_2
452411,L1,L2,L3,L1,L2,L2,L1,L1,L2,C2_3,D2_3,F2_1,,,N2_2,L_2,M_1
452412,L1,L2,L3,L1,L2,L2,L1,L1,L2,C2_3,D2_3,F2_1,,,N2_2,L_2,M_2
452413,L1,L2,L3,L1,L2,L2,L1,L1,L2,C2_3,D2_3,F2_1,,,N2_2,L_3,M_1
452414,L1,L2,L3,L1,L2,L2,L1,L1,L2,C2_3,D2_3,F2_1,,,N2_2,L_3,M_2
452415,L1,L2,L3,L1,L2,L2,L1,L1,L2,C2_3,D2_3,F2_2,,,N2_1,L_1,M_1
452416,L1,L2,L3,L1,L2,L2,L1,L1,L2,C2_3,D2_3,F2_2,,,N2_1,L_1,M_2
452417,L1,L2,L3,L1,L2,L2,L1,L1,L2,C2_3,D2_3,F2_2,,,N2_1,L_2,M_1
452418,L1,L2,L3,L1,L2,L2,L1,L1,L2,C2_3,D2_3,F2_2,,,N2_1,L_2,M_2
452419,L1,L2,L3,L1,L2,L2,L1,L1,L2,C2_3,D2_3,F2_2,,,N2_1,L_3,M_1
452420,L1,L2,L3,L1,L2,L2,L1,L1,L2,C2_3,D2_3,F2_2,,,N2_1,L_3,M_2
452421,L1,L2,L3,L1,L2,L2,L1,L1,L2,C2_3,D2_3,F2_2,,,N2_2,L_1,M_1
452422,L1,L2,L3,L1,L2,L2,L1,L1,L2,C2_3,D2_3,F2_2,,,N2_2,L_1,M_2
452423,L1,L2,L3,L1,L2,L2,L1,L1,L2,C2_3,D2_3,F2_2,,,N2_2,L_2,M_1
452424,L1,L2,L3,L1,L2,L2,L1,L1,L2,C2_3,D2_3,F2_2,,,N2_2,L_2,M_2
452425,L1,L2,L3,L1,L2,L2,L1,L1,L2,C2_3,D2_3,F2_2,,,N2_2,L_3,M_1
452426,L1,L2,L3,L1,L2,L2,L1,L1,L2,C2_3,D2_3,F2_2,,,N2_2,L_3,M_2
452427,L1,L2,L3,L1,L2,L2,L1,L1,L2,C2_3,D2_3,F2_3,,,N2_1,L_1,M_1
452428,L1,L2,L3,L1,L2,L2,L1,L1,L2,C2_3,D2_3,F2_3,,,N2_1,L_1,M_2
452429,L1,L2,L3,L1,L2,L2,L1,L1,L2,C2_3,D2_3,F2_3,,,N2_1,L_2,M_1
452430,L1,L2,L3,L1,L2,L2,L1,L1,L2,C2_3,D2_3,F2_3,,,N2_1,L_2,M_2
452431,L1,L2,L3,L1,L2,L2,L1,L1,L2,C2_3,D2_3,F2_3,,,N2_1,L_3,M_1
452432,L1,L2,L3,L1,L2,L2,L1,L1,L2,C2_3,D2_3,F2_3,,,N2_1,L_3,M_2
452433,L1,L2,L3,L1,L2,L2,L1,L1,L2,C2_3,D2_3,F2_3,,,N2_2,L_1,M_1
452434,L1,L2,L3,L1,L2,L2,L1,L1,L2,C2_3,D2_3,F2_3,,,N2_2,L_1,M_2
452435,L1,L2,L3,L1,L2,L2,L1,L1,L2,C2_3,D2_3,F2_3,,,N2_2,L_2,M_1
452436,L1,L2,L3,L1,L2,L2,L1,L1,L2,C2_3,D2_3,F2_3,,,N2_2,L_2,M_2
452437,L1,L2,L3,L1,L2,L2,L1,L1,L2,C2_3,D2_3,F2_3,,,N2_2,L_3,M_1
452438,L1,L2,L3,L1,L2,L2,L1,L1,L2,C2_3,D2_3,F2_3,,,N2_2,L_3,M_2
464643,L1,L1,L3,L3,L3,L2,L1,L1,L2,C2_1,D2_1,F2_1,,,N2_1,L_1,M_1
464644,L1,L1,L3,L3,L3,L2,L1,L1,L2,C2_1,D2_1,F2_1,,,N2_1,L_1,M_2
464645,L1,L1,L3,L3,L3,L2,L1,L1,L2,C2_1,D2_1,F2_1,,,N2_1,L_2,M_1
464646,L1,L1,L3,L3,L3,L2,L1,L1,L2,C2_1,D2_1,F2_1,,,N2_1,L_2,M_2
464647,L1,L1,L3,L3,L3,L2,L1,L1,L2,C2_1,D2_1,F2_1,,,N2_1,L_3,M_1
464648,L1,L1,L3,L3,L3,L2,L1,L1,L2,C2_1,D2_1,F2_1,,,N2_1,L_3,M_2
464649,L1,L1,L3,L3,L3,L2,L1,L1,L2,C2_1,D2_1,F2_1,,,N2_2,L_1,M_1
464650,L1,L1,L3,L3,L3,L2,L1,L1,L2,C2_1,D2_1,F2_1,,,N2_2,L_1,M_2
464651,L1,L1,L3,L3,L3,L2,L1,L1,L2,C2_1,D2_1,F2_1,,,N2_2,L_2,M_1
464652,L1,L1,L3,L3,L3,L2,L1,L1,L2,C2_1,D2_1,F2_1,,,N2_2,L_2,M_2
464653,L1,L1,L3,L3,L3,L2,L1,L1,L2,C2_1,D2_1,F2_1,,,N2_2,L_3,M_1
464654,L1,L1,L3,L3,L3,L2,L1,L1,L2,C2_1,D2_1,F2_1,,,N2_2,L_3,M_2
464655,L1,L1,L3,L3,L3,L2,L1,L1,L2,C2_1,D2_1,F2_2,,,N2_1,L_1,M_1
464656,L1,L1,L3,L3,L3,L2,L1,L1,L2,C2_1,D2_1,F2_2,,,N2_1,L_1,M_2
464657,L1,L1,L3,L3,L3,L2,L1,L1,L2,C2_1,D2_1,F2_2,,,N2_1,L_2,M_1
464658,L1,L1,L3,L3,L3,L2,L1,L1,L2,C2_1,D2_1,F2_2,,,N2_1,L_2,M_2
464659,L1,L1,L3,L3,L3,L2,L1,L1,L2,C2_1,D2_1,F2_2,,,N2_1,L_3,M_1
464660,L1,L1,L3,L3,L3,L2,L1,L1,L2,C2_1,D2_1,F2_2,,,N2_1,L_3,M_2
464661,L1,L1,L3,L3,L3,L2,L1,L1,L2,C2_1,D2_1,F2_2,,,N2_2,L_1,M_1
464662,L1,L1,L3,L3,L3,L2,L1,L1,L2,C2_1,D2_1,F2_2,,,N2_2,L_1,M_2
464663,L1,L1,L3,L3,L3,L2,L1,L1,L2,C2_1,D2_1,F2_2,,,N2_2,L_2,M_1
464664,L1,L1,L3,L3,L3,L2,L1,L1,L2,C2_1,D2_1,F2_2,,,N2_2,L_2,M_2
464665,L1,L1,L3,L3,L3,L2,L1,L1,L2,C2_1,D2_1,F2_2,,,N2_2,L_3,M_1
464666,L1,L1,L3,L3,L3,L2,L1,L1,L2,C2_1,D2_1,F2_2,,,N2_2,L_3,M_2
464667,L1,L1,L3,L3,L3,L2,L1,L1,L2,C2_1,D2_1,F2_3,,,N2_1,L_1,M_1
464668,L1,L1,L3,L3,L3,L2,L1,L1,L2,C2_1,D2_1,F2_3,,,N2_1,L_1,M_2
464669,L1,L1,L3,L3,L3,L2,L1,L1,L2,C2_1,D2_1,F2_3,,,N2_1,L_2,M_1
464670,L1,L1,L3,L3,L3,L2,L1,L1,L2,C2_1,D2_1,F2_3,,,N2_1,L_2,M_2
464671,L1,L1,L3,L3,L3,L2,L1,L1,L2,C2_1,D2_1,F2_3,,,N2_1,L_3,M_1
464672,L1,L1,L3,L3,L3,L2,L1,L1,L2,C2_1,D2_1,F2_3,,,N2_1,L_3,M_2
464673,L1,L1,L3,L3,L3,L2,L1,L1,L2,C2_1,D2_1,F2_3,,,N2_2,L_1,M_1
464674,L1,L1,L3,L3,L3,L2,L1,L1,L2,C2_1,D2_1,F2_3,,,N2_2,L_1,M_2
464675,L1,L1,L3,L3,L3,L2,L1,L1,L2,C2_1,D2_1,F2_3,,,N2_2,L_2,M_1
464676,L1,L1,L3,L3,L3,L2,L1,L1,L2,C2_1,D2_1,F2_3,,,N2_2,L_2,M_2
464677,L1,L1,L3,L3,L3,L2,L1,L1,L2,C2_1,D2_1,F2_3,,,N2_2,L_3,M_1
464678,L1,L1,L3,L3,L3,L2,L1,L1,L2,C2_1,D2_1,F2_3,,,N2_2,L_3,M_2
464679,L1,L1,L3,L3,L3,L2,L1,L1,L2,C2_1,D2_2,F2_1,,,N2_1,L_1,M_1
464680,L1,L1,L3,L3,L3,L2,L1,L1,L2,C2_1,D2_2,F2_1,,,N2_1,L_1,M_2
464681,L1,L1,L3,L3,L3,L2,L1,L1,L2,C2_1,D2_2,F2_1,,,N2_1,L_2,M_1
464682,L1,L1,L3,L3,L3,L2,L1,L1,L2,C2_1,D2_2,F2_1,,,N2_1,L_2,M_2
464683,L1,L1,L3,L3,L3,L2,L1,L1,L2,C2_1,D2_2,F2_1,,,N2_1,L_3,M_1
464684,L1,L1,L3,L3,L3,L2,L1,L1,L2,C2_1,D2_2,F2_1,,,N2_1,L_3,M_2
464685,L1,L1,L3,L3,L3,L2,L1,L1,L2,C2_1,D2_2,F2_1,,,N2_2,L_1,M_1
464686,L1,L1,L3,L3,L3,L2,L1,L1,L2,C2_1,D2_2,F2_1,,,N2_2,L_1,M_2
464687,L1,L1,L3,L3,L3,L2,L1,L1,L2,C2_1,D2_2,F2_1,,,N2_2,L_2,M_1
464688,L1,L1,L3,L3,L3,L2,L1,L1,L2,C2_1,D2_2,F2_1,,,N2_2,L_2,M_2
464689,L1,L1,L3,L3,L3,L2,L1,L1,L2,C2_1,D2_2,F2_1,,,N2_2,L_3,M_1
464690,L1,L1,L3,L3,L3,L2,L1,L1,L2,C2_1,D2_2,F2_1,,,N2_2,L_3,M_2
464691,L1,L1,L3,L3,L3,L2,L1,L1,L2,C2_1,D2_2,F2_2,,,N2_1,L_1,M_1
464692,L1,L1,L3,L3,L3,L2,L1,L1,L2,C2_1,D2_2,F2_2,,,N2_1,L_1,M_2
464693,L1,L1,L3,L3,L3,L2,L1,L1,L2,C2_1,D2_2,F2_2,,,N2_1,L_2,M_1
464694,L1,L1,L3,L3,L3,L2,L1,L1,L2,C2_1,D2_2,F2_2,,,N2_1,L_2,M_2
464695,L1,L1,L3,L3,L3,L2,L1,L1,L2,C2_1,D2_2,F2_2,,,N2_1,L_3,M_1
464696,L1,L1,L3,L3,L3,L2,L1,L1,L2,C2_1,D2_2,F2_2,,,N2_1,L_3,M_2
464697,L1,L1,L3,L3,L3,L2,L1,L1,L2,C2_1,D2_2,F2_2,,,N2_2,L_1,M_1
464698,L1,L1,L3,L3,L3,L2,L1,L1,L2,C2_1,D2_2,F2_2,,,N2_2,L_1,M_2
464699,L1,L1,L3,L3,L3,L2,L1,L1,L2,C2_1,D2_2,F2_2,,,N2_2,L_2,M_1
464700,L1,L1,L3,L3,L3,L2,L1,L1,L2,C2_1,D2_2,F2_2,,,N2_2,L_2,M_2
464701,L1,L1,L3,L3,L3,L2,L1,L1,L2,C2_1,D2_2,F2_2,,,N2_2,L_3,M_1
464702,L1,L1,L3,L3,L3,L2,L1,L1,L2,C2_1,D2_2,F2_2,,,N2_2,L_3,M_2
464703,L1,L1,L3,L3,L3,L2,L1,L1,L2,C2_1,D2_2,F2_3,,,N2_1,L_1,M_1
464704,L1,L1,L3,L3,L3,L2,L1,L1,L2,C2_1,D2_2,F2_3,,,N2_1,L_1,M_2
464705,L1,L1,L3,L3,L3,L2,L1,L1,L2,C2_1,D2_2,F2_3,,,N2_1,L_2,M_1
464706,L1,L1,L3,L3,L3,L2,L1,L1,L2,C2_1,D2_2,F2_3,,,N2_1,L_2,M_2
464707,L1,L1,L3,L3,L3,L2,L1,L1,L2,C2_1,D2_2,F2_3,,,N2_1,L_3,M_1
464708,L1,L1,L3,L3,L3,L2,L1,L1,L2,C2_1,D2_2,F2_3,,,N2_1,L_3,M_2
464709,L1,L1,L3,L3,L3,L2,L1,L1,L2,C2_1,D2_2,F2_3,,,N2_2,L_1,M_1
464710,L1,L1,L3,L3,L3,L2,L1,L1,L2,C2_1,D2_2,F2_3,,,N2_2,L_1,M_2
464711,L1,L1,L3,L3,L3,L2,L1,L1,L2,C2_1,D2_2,F2_3,,,N2_2,L_2,M_1
464712,L1,L1,L3,L3,L3,L2,L1,L1,L2,C2_1,D2_2,F2_3,,,N2_2,L_2,M_2
464713,L1,L1,L3,L3,L3,L2,L1,L1,L2,C2_1,D2_2,F2_3,,,N2_2,L_3,M_1
464714,L1,L1,L3,L3,L3,L2,L1,L1,L2,C2_1,D2_2,F2_3,,,N2_2,L_3,M_2
464715,L1,L1,L3,L3,L3,L2,L1,L1,L2,C2_1,D2_3,F2_1,,,N2_1,L_1,M_1
464716,L1,L1,L3,L3,L3,L2,L1,L1,L2,C2_1,D2_3,F2_1,,,N2_1,L_1,M_2
464717,L1,L1,L3,L3,L3,L2,L1,L1,L2,C2_1,D2_3,F2_1,,,N2_1,L_2,M_1
464718,L1,L1,L3,L3,L3,L2,L1,L1,L2,C2_1,D2_3,F2_1,,,N2_1,L_2,M_2
464719,L1,L1,L3,L3,L3,L2,L1,L1,L2,C2_1,D2_3,F2_1,,,N2_1,L_3,M_1
464720,L1,L1,L3,L3,L3,L2,L1,L1,L2,C2_1,D2_3,F2_1,,,N2_1,L_3,M_2
464721,L1,L1,L3,L3,L3,L2,L1,L1,L2,C2_1,D2_3,F2_1,,,N2_2,L_1,M_1
464722,L1,L1,L3,L3,L3,L2,L1,L1,L2,C2_1,D2_3,F2_1,,,N2_2,L_1,M_2
464723,L1,L1,L3,L3,L3,L2,L1,L1,L2,C2_1,D2_3,F2_1,,,N2_2,L_2,M_1
464724,L1,L1,L3,L3,L3,L2,L1,L1,L2,C2_1,D2_3,F2_1,,,N2_2,L_2,M_2
464725,L1,L1,L3,L3,L3,L2,L1,L1,L2,C2_1,D2_3,F2_1,,,N2_2,L_3,M_1
464726,L1,L1,L3,L3,L3,L2,L1,L1,L2,C2_1,D2_3,F2_1,,,N2_2,L_3,M_2
464727,L1,L1,L3,L3,L3,L2,L1,L1,L2,C2_1,D2_3,F2_2,,,N2_1,L_1,M_1
464728,L1,L1,L3,L3,L3,L2,L1,L1,L2,C2_1,D2_3,F2_2,,,N2_1,L_1,M_2
464729,L1,L1,L3,L3,L3,L2,L1,L1,L2,C2_1,D2_3,F2_2,,,N2_1,L_2,M_1
464730,L1,L1,L3,L3,L3,L2,L1,L1,L2,C2_1,D2_3,F2_2,,,N2_1,L_2,M_2
464731,L1,L1,L3,L3,L3,L2,L1,L1,L2,C2_1,D2_3,F2_2,,,N2_1,L_3,M_1
464732,L1,L1,L3,L3,L3,L2,L1,L1,L2,C2_1,D2_3,F2_2,,,N2_1,L_3,M_2
464733,L1,L1,L3,L3,L3,L2,L1,L1,L2,C2_1,D2_3,F2_2,,,N2_2,L_1,M_1
464734,L1,L1,L3,L3,L3,L2,L1,L1,L2,C2_1,D2_3,F2_2,,,N2_2,L_1,M_2
464735,L1,L1,L3,L3,L3,L2,L1,L1,L2,C2_1,D2_3,F2_2,,,N2_2,L_2,M_1
464736,L1,L1,L3,L3,L3,L2,L1,L1,L2,C2_1,D2_3,F2_2,,,N2_2,L_2,M_2
464737,L1,L1,L3,L3,L3,L2,L1,L1,L2,C2_1,D2_3,F2_2,,,N2_2,L_3,M_1
464738,L1,L1,L3,L3,L3,L2,L1,L1,L2,C2_1,D2_3,F2_2,,,N2_2,L_3,M_2
464739,L1,L1,L3,L3,L3,L2,L1,L1,L2,C2_1,D2_3,F2_3,,,N2_1,L_1,M_1
464740,L1,L1,L3,L3,L3,L2,L1,L1,L2,C2_1,D2_3,F2_3,,,N2_1,L_1,M_2
464741,L1,L1,L3,L3,L3,L2,L1,L1,L2,C2_1,D2_3,F2_3,,,N2_1,L_2,M_1
464742,L1,L1,L3,L3,L3,L2,L1,L1,L2,C2_1,D2_3,F2_3,,,N2_1,L_2,M_2
464743,L1,L1,L3,L3,L3,L2,L1,L1,L2,C2_1,D2_3,F2_3,,,N2_1,L_3,M_1
464744,L1,L1,L3,L3,L3,L2,L1,L1,L2,C2_1,D2_3,F2_3,,,N2_1,L_3,M_2
464745,L1,L1,L3,L3,L3,L2,L1,L1,L2,C2_1,D2_3,F2_3,,,N2_2,L_1,M_1
464746,L1,L1,L3,L3,L3,L2,L1,L1,L2,C2_1,D2_3,F2_3,,,N2_2,L_1,M_2
464747,L1,L1,L3,L3,L3,L2,L1,L1,L2,C2_1,D2_3,F2_3,,,N2_2,L_2,M_1
464748,L1,L1,L3,L3,L3,L2,L1,L1,L2,C2_1,D2_3,F2_3,,,N2_2,L_2,M_2
464749,L1,L1,L3,L3,L3,L2,L1,L1,L2,C2_1,D2_3,F2_3,,,N2_2,L_3,M_1
464750,L1,L1,L3,L3,L3,L2,L1,L1,L2,C2_1,D2_3,F2_3,,,N2_2,L_3,M_2
464751,L1,L1,L3,L3,L3,L2,L1,L1,L2,C2_2,D2_1,F2_1,,,N2_1,L_1,M_1
464752,L1,L1,L3,L3,L3,L2,L1,L1,L2,C2_2,D2_1,F2_1,,,N2_1,L_1,M_2
464753,L1,L1,L3,L3,L3,L2,L1,L1,L2,C2_2,D2_1,F2_1,,,N2_1,L_2,M_1
464754,L1,L1,L3,L3,L3,L2,L1,L1,L2,C2_2,D2_1,F2_1,,,N2_1,L_2,M_2
464755,L1,L1,L3,L3,L3,L2,L1,L1,L2,C2_2,D2_1,F2_1,,,N2_1,L_3,M_1
464756,L1,L1,L3,L3,L3,L2,L1,L1,L2,C2_2,D2_1,F2_1,,,N2_1,L_3,M_2
464757,L1,L1,L3,L3,L3,L2,L1,L1,L2,C2_2,D2_1,F2_1,,,N2_2,L_1,M_1
464758,L1,L1,L3,L3,L3,L2,L1,L1,L2,C2_2,D2_1,F2_1,,,N2_2,L_1,M_2
464759,L1,L1,L3,L3,L3,L2,L1,L1,L2,C2_2,D2_1,F2_1,,,N2_2,L_2,M_1
464760,L1,L1,L3,L3,L3,L2,L1,L1,L2,C2_2,D2_1,F2_1,,,N2_2,L_2,M_2
464761,L1,L1,L3,L3,L3,L2,L1,L1,L2,C2_2,D2_1,F2_1,,,N2_2,L_3,M_1
464762,L1,L1,L3,L3,L3,L2,L1,L1,L2,C2_2,D2_1,F2_1,,,N2_2,L_3,M_2
464763,L1,L1,L3,L3,L3,L2,L1,L1,L2,C2_2,D2_1,F2_2,,,N2_1,L_1,M_1
464764,L1,L1,L3,L3,L3,L2,L1,L1,L2,C2_2,D2_1,F2_2,,,N2_1,L_1,M_2
464765,L1,L1,L3,L3,L3,L2,L1,L1,L2,C2_2,D2_1,F2_2,,,N2_1,L_2,M_1
464766,L1,L1,L3,L3,L3,L2,L1,L1,L2,C2_2,D2_1,F2_2,,,N2_1,L_2,M_2
464767,L1,L1,L3,L3,L3,L2,L1,L1,L2,C2_2,D2_1,F2_2,,,N2_1,L_3,M_1
464768,L1,L1,L3,L3,L3,L2,L1,L1,L2,C2_2,D2_1,F2_2,,,N2_1,L_3,M_2
464769,L1,L1,L3,L3,L3,L2,L1,L1,L2,C2_2,D2_1,F2_2,,,N2_2,L_1,M_1
464770,L1,L1,L3,L3,L3,L2,L1,L1,L2,C2_2,D2_1,F2_2,,,N2_2,L_1,M_2
464771,L1,L1,L3,L3,L3,L2,L1,L1,L2,C2_2,D2_1,F2_2,,,N2_2,L_2,M_1
464772,L1,L1,L3,L3,L3,L2,L1,L1,L2,C2_2,D2_1,F2_2,,,N2_2,L_2,M_2
464773,L1,L1,L3,L3,L3,L2,L1,L1,L2,C2_2,D2_1,F2_2,,,N2_2,L_3,M_1
464774,L1,L1,L3,L3,L3,L2,L1,L1,L2,C2_2,D2_1,F2_2,,,N2_2,L_3,M_2
464775,L1,L1,L3,L3,L3,L2,L1,L1,L2,C2_2,D2_1,F2_3,,,N2_1,L_1,M_1
464776,L1,L1,L3,L3,L3,L2,L1,L1,L2,C2_2,D2_1,F2_3,,,N2_1,L_1,M_2
464777,L1,L1,L3,L3,L3,L2,L1,L1,L2,C2_2,D2_1,F2_3,,,N2_1,L_2,M_1
464778,L1,L1,L3,L3,L3,L2,L1,L1,L2,C2_2,D2_1,F2_3,,,N2_1,L_2,M_2
464779,L1,L1,L3,L3,L3,L2,L1,L1,L2,C2_2,D2_1,F2_3,,,N2_1,L_3,M_1
464780,L1,L1,L3,L3,L3,L2,L1,L1,L2,C2_2,D2_1,F2_3,,,N2_1,L_3,M_2
464781,L1,L1,L3,L3,L3,L2,L1,L1,L2,C2_2,D2_1,F2_3,,,N2_2,L_1,M_1
464782,L1,L1,L3,L3,L3,L2,L1,L1,L2,C2_2,D2_1,F2_3,,,N2_2,L_1,M_2
464783,L1,L1,L3,L3,L3,L2,L1,L1,L2,C2_2,D2_1,F2_3,,,N2_2,L_2,M_1
464784,L1,L1,L3,L3,L3,L2,L1,L1,L2,C2_2,D2_1,F2_3,,,N2_2,L_2,M_2
464785,L1,L1,L3,L3,L3,L2,L1,L1,L2,C2_2,D2_1,F2_3,,,N2_2,L_3,M_1
464786,L1,L1,L3,L3,L3,L2,L1,L1,L2,C2_2,D2_1,F2_3,,,N2_2,L_3,M_2
464787,L1,L1,L3,L3,L3,L2,L1,L1,L2,C2_2,D2_2,F2_1,,,N2_1,L_1,M_1
464788,L1,L1,L3,L3,L3,L2,L1,L1,L2,C2_2,D2_2,F2_1,,,N2_1,L_1,M_2
464789,L1,L1,L3,L3,L3,L2,L1,L1,L2,C2_2,D2_2,F2_1,,,N2_1,L_2,M_1
464790,L1,L1,L3,L3,L3,L2,L1,L1,L2,C2_2,D2_2,F2_1,,,N2_1,L_2,M_2
464791,L1,L1,L3,L3,L3,L2,L1,L1,L2,C2_2,D2_2,F2_1,,,N2_1,L_3,M_1
464792,L1,L1,L3,L3,L3,L2,L1,L1,L2,C2_2,D2_2,F2_1,,,N2_1,L_3,M_2
464793,L1,L1,L3,L3,L3,L2,L1,L1,L2,C2_2,D2_2,F2_1,,,N2_2,L_1,M_1
464794,L1,L1,L3,L3,L3,L2,L1,L1,L2,C2_2,D2_2,F2_1,,,N2_2,L_1,M_2
464795,L1,L1,L3,L3,L3,L2,L1,L1,L2,C2_2,D2_2,F2_1,,,N2_2,L_2,M_1
464796,L1,L1,L3,L3,L3,L2,L1,L1,L2,C2_2,D2_2,F2_1,,,N2_2,L_2,M_2
464797,L1,L1,L3,L3,L3,L2,L1,L1,L2,C2_2,D2_2,F2_1,,,N2_2,L_3,M_1
464798,L1,L1,L3,L3,L3,L2,L1,L1,L2,C2_2,D2_2,F2_1,,,N2_2,L_3,M_2
464799,L1,L1,L3,L3,L3,L2,L1,L1,L2,C2_2,D2_2,F2_2,,,N2_1,L_1,M_1
464800,L1,L1,L3,L3,L3,L2,L1,L1,L2,C2_2,D2_2,F2_2,,,N2_1,L_1,M_2
464801,L1,L1,L3,L3,L3,L2,L1,L1,L2,C2_2,D2_2,F2_2,,,N2_1,L_2,M_1
464802,L1,L1,L3,L3,L3,L2,L1,L1,L2,C2_2,D2_2,F2_2,,,N2_1,L_2,M_2
464803,L1,L1,L3,L3,L3,L2,L1,L1,L2,C2_2,D2_2,F2_2,,,N2_1,L_3,M_1
464804,L1,L1,L3,L3,L3,L2,L1,L1,L2,C2_2,D2_2,F2_2,,,N2_1,L_3,M_2
464805,L1,L1,L3,L3,L3,L2,L1,L1,L2,C2_2,D2_2,F2_2,,,N2_2,L_1,M_1
464806,L1,L1,L3,L3,L3,L2,L1,L1,L2,C2_2,D2_2,F2_2,,,N2_2,L_1,M_2
464807,L1,L1,L3,L3,L3,L2,L1,L1,L2,C2_2,D2_2,F2_2,,,N2_2,L_2,M_1
464808,L1,L1,L3,L3,L3,L2,L1,L1,L2,C2_2,D2_2,F2_2,,,N2_2,L_2,M_2
464809,L1,L1,L3,L3,L3,L2,L1,L1,L2,C2_2,D2_2,F2_2,,,N2_2,L_3,M_1
464810,L1,L1,L3,L3,L3,L2,L1,L1,L2,C2_2,D2_2,F2_2,,,N2_2,L_3,M_2
464811,L1,L1,L3,L3,L3,L2,L1,L1,L2,C2_2,D2_2,F2_3,,,N2_1,L_1,M_1
464812,L1,L1,L3,L3,L3,L2,L1,L1,L2,C2_2,D2_2,F2_3,,,N2_1,L_1,M_2
464813,L1,L1,L3,L3,L3,L2,L1,L1,L2,C2_2,D2_2,F2_3,,,N2_1,L_2,M_1
464814,L1,L1,L3,L3,L3,L2,L1,L1,L2,C2_2,D2_2,F2_3,,,N2_1,L_2,M_2
464815,L1,L1,L3,L3,L3,L2,L1,L1,L2,C2_2,D2_2,F2_3,,,N2_1,L_3,M_1
464816,L1,L1,L3,L3,L3,L2,L1,L1,L2,C2_2,D2_2,F2_3,,,N2_1,L_3,M_2
464817,L1,L1,L3,L3,L3,L2,L1,L1,L2,C2_2,D2_2,F2_3,,,N2_2,L_1,M_1
464818,L1,L1,L3,L3,L3,L2,L1,L1,L2,C2_2,D2_2,F2_3,,,N2_2,L_1,M_2
464819,L1,L1,L3,L3,L3,L2,L1,L1,L2,C2_2,D2_2,F2_3,,,N2_2,L_2,M_1
464820,L1,L1,L3,L3,L3,L2,L1,L1,L2,C2_2,D2_2,F2_3,,,N2_2,L_2,M_2
464821,L1,L1,L3,L3,L3,L2,L1,L1,L2,C2_2,D2_2,F2_3,,,N2_2,L_3,M_1
464822,L1,L1,L3,L3,L3,L2,L1,L1,L2,C2_2,D2_2,F2_3,,,N2_2,L_3,M_2
464823,L1,L1,L3,L3,L3,L2,L1,L1,L2,C2_2,D2_3,F2_1,,,N2_1,L_1,M_1
464824,L1,L1,L3,L3,L3,L2,L1,L1,L2,C2_2,D2_3,F2_1,,,N2_1,L_1,M_2
464825,L1,L1,L3,L3,L3,L2,L1,L1,L2,C2_2,D2_3,F2_1,,,N2_1,L_2,M_1
464826,L1,L1,L3,L3,L3,L2,L1,L1,L2,C2_2,D2_3,F2_1,,,N2_1,L_2,M_2
464827,L1,L1,L3,L3,L3,L2,L1,L1,L2,C2_2,D2_3,F2_1,,,N2_1,L_3,M_1
464828,L1,L1,L3,L3,L3,L2,L1,L1,L2,C2_2,D2_3,F2_1,,,N2_1,L_3,M_2
464829,L1,L1,L3,L3,L3,L2,L1,L1,L2,C2_2,D2_3,F2_1,,,N2_2,L_1,M_1
464830,L1,L1,L3,L3,L3,L2,L1,L1,L2,C2_2,D2_3,F2_1,,,N2_2,L_1,M_2
464831,L1,L1,L3,L3,L3,L2,L1,L1,L2,C2_2,D2_3,F2_1,,,N2_2,L_2,M_1
464832,L1,L1,L3,L3,L3,L2,L1,L1,L2,C2_2,D2_3,F2_1,,,N2_2,L_2,M_2
464833,L1,L1,L3,L3,L3,L2,L1,L1,L2,C2_2,D2_3,F2_1,,,N2_2,L_3,M_1
464834,L1,L1,L3,L3,L3,L2,L1,L1,L2,C2_2,D2_3,F2_1,,,N2_2,L_3,M_2
464835,L1,L1,L3,L3,L3,L2,L1,L1,L2,C2_2,D2_3,F2_2,,,N2_1,L_1,M_1
464836,L1,L1,L3,L3,L3,L2,L1,L1,L2,C2_2,D2_3,F2_2,,,N2_1,L_1,M_2
464837,L1,L1,L3,L3,L3,L2,L1,L1,L2,C2_2,D2_3,F2_2,,,N2_1,L_2,M_1
464838,L1,L1,L3,L3,L3,L2,L1,L1,L2,C2_2,D2_3,F2_2,,,N2_1,L_2,M_2
464839,L1,L1,L3,L3,L3,L2,L1,L1,L2,C2_2,D2_3,F2_2,,,N2_1,L_3,M_1
464840,L1,L1,L3,L3,L3,L2,L1,L1,L2,C2_2,D2_3,F2_2,,,N2_1,L_3,M_2
464841,L1,L1,L3,L3,L3,L2,L1,L1,L2,C2_2,D2_3,F2_2,,,N2_2,L_1,M_1
464842,L1,L1,L3,L3,L3,L2,L1,L1,L2,C2_2,D2_3,F2_2,,,N2_2,L_1,M_2
464843,L1,L1,L3,L3,L3,L2,L1,L1,L2,C2_2,D2_3,F2_2,,,N2_2,L_2,M_1
464844,L1,L1,L3,L3,L3,L2,L1,L1,L2,C2_2,D2_3,F2_2,,,N2_2,L_2,M_2
464845,L1,L1,L3,L3,L3,L2,L1,L1,L2,C2_2,D2_3,F2_2,,,N2_2,L_3,M_1
464846,L1,L1,L3,L3,L3,L2,L1,L1,L2,C2_2,D2_3,F2_2,,,N2_2,L_3,M_2
464847,L1,L1,L3,L3,L3,L2,L1,L1,L2,C2_2,D2_3,F2_3,,,N2_1,L_1,M_1
464848,L1,L1,L3,L3,L3,L2,L1,L1,L2,C2_2,D2_3,F2_3,,,N2_1,L_1,M_2
464849,L1,L1,L3,L3,L3,L2,L1,L1,L2,C2_2,D2_3,F2_3,,,N2_1,L_2,M_1
464850,L1,L1,L3,L3,L3,L2,L1,L1,L2,C2_2,D2_3,F2_3,,,N2_1,L_2,M_2
464851,L1,L1,L3,L3,L3,L2,L1,L1,L2,C2_2,D2_3,F2_3,,,N2_1,L_3,M_1
464852,L1,L1,L3,L3,L3,L2,L1,L1,L2,C2_2,D2_3,F2_3,,,N2_1,L_3,M_2
464853,L1,L1,L3,L3,L3,L2,L1,L1,L2,C2_2,D2_3,F2_3,,,N2_2,L_1,M_1
464854,L1,L1,L3,L3,L3,L2,L1,L1,L2,C2_2,D2_3,F2_3,,,N2_2,L_1,M_2
464855,L1,L1,L3,L3,L3,L2,L1,L1,L2,C2_2,D2_3,F2_3,,,N2_2,L_2,M_1
464856,L1,L1,L3,L3,L3,L2,L1,L1,L2,C2_2,D2_3,F2_3,,,N2_2,L_2,M_2
464857,L1,L1,L3,L3,L3,L2,L1,L1,L2,C2_2,D2_3,F2_3,,,N2_2,L_3,M_1
464858,L1,L1,L3,L3,L3,L2,L1,L1,L2,C2_2,D2_3,F2_3,,,N2_2,L_3,M_2
464859,L1,L1,L3,L3,L3,L2,L1,L1,L2,C2_3,D2_1,F2_1,,,N2_1,L_1,M_1
464860,L1,L1,L3,L3,L3,L2,L1,L1,L2,C2_3,D2_1,F2_1,,,N2_1,L_1,M_2
464861,L1,L1,L3,L3,L3,L2,L1,L1,L2,C2_3,D2_1,F2_1,,,N2_1,L_2,M_1
464862,L1,L1,L3,L3,L3,L2,L1,L1,L2,C2_3,D2_1,F2_1,,,N2_1,L_2,M_2
464863,L1,L1,L3,L3,L3,L2,L1,L1,L2,C2_3,D2_1,F2_1,,,N2_1,L_3,M_1
464864,L1,L1,L3,L3,L3,L2,L1,L1,L2,C2_3,D2_1,F2_1,,,N2_1,L_3,M_2
464865,L1,L1,L3,L3,L3,L2,L1,L1,L2,C2_3,D2_1,F2_1,,,N2_2,L_1,M_1
464866,L1,L1,L3,L3,L3,L2,L1,L1,L2,C2_3,D2_1,F2_1,,,N2_2,L_1,M_2
464867,L1,L1,L3,L3,L3,L2,L1,L1,L2,C2_3,D2_1,F2_1,,,N2_2,L_2,M_1
464868,L1,L1,L3,L3,L3,L2,L1,L1,L2,C2_3,D2_1,F2_1,,,N2_2,L_2,M_2
464869,L1,L1,L3,L3,L3,L2,L1,L1,L2,C2_3,D2_1,F2_1,,,N2_2,L_3,M_1
464870,L1,L1,L3,L3,L3,L2,L1,L1,L2,C2_3,D2_1,F2_1,,,N2_2,L_3,M_2
464871,L1,L1,L3,L3,L3,L2,L1,L1,L2,C2_3,D2_1,F2_2,,,N2_1,L_1,M_1
464872,L1,L1,L3,L3,L3,L2,L1,L1,L2,C2_3,D2_1,F2_2,,,N2_1,L_1,M_2
464873,L1,L1,L3,L3,L3,L2,L1,L1,L2,C2_3,D2_1,F2_2,,,N2_1,L_2,M_1
464874,L1,L1,L3,L3,L3,L2,L1,L1,L2,C2_3,D2_1,F2_2,,,N2_1,L_2,M_2
464875,L1,L1,L3,L3,L3,L2,L1,L1,L2,C2_3,D2_1,F2_2,,,N2_1,L_3,M_1
464876,L1,L1,L3,L3,L3,L2,L1,L1,L2,C2_3,D2_1,F2_2,,,N2_1,L_3,M_2
464877,L1,L1,L3,L3,L3,L2,L1,L1,L2,C2_3,D2_1,F2_2,,,N2_2,L_1,M_1
464878,L1,L1,L3,L3,L3,L2,L1,L1,L2,C2_3,D2_1,F2_2,,,N2_2,L_1,M_2
464879,L1,L1,L3,L3,L3,L2,L1,L1,L2,C2_3,D2_1,F2_2,,,N2_2,L_2,M_1
464880,L1,L1,L3,L3,L3,L2,L1,L1,L2,C2_3,D2_1,F2_2,,,N2_2,L_2,M_2
464881,L1,L1,L3,L3,L3,L2,L1,L1,L2,C2_3,D2_1,F2_2,,,N2_2,L_3,M_1
464882,L1,L1,L3,L3,L3,L2,L1,L1,L2,C2_3,D2_1,F2_2,,,N2_2,L_3,M_2
464883,L1,L1,L3,L3,L3,L2,L1,L1,L2,C2_3,D2_1,F2_3,,,N2_1,L_1,M_1
464884,L1,L1,L3,L3,L3,L2,L1,L1,L2,C2_3,D2_1,F2_3,,,N2_1,L_1,M_2
464885,L1,L1,L3,L3,L3,L2,L1,L1,L2,C2_3,D2_1,F2_3,,,N2_1,L_2,M_1
464886,L1,L1,L3,L3,L3,L2,L1,L1,L2,C2_3,D2_1,F2_3,,,N2_1,L_2,M_2
464887,L1,L1,L3,L3,L3,L2,L1,L1,L2,C2_3,D2_1,F2_3,,,N2_1,L_3,M_1
464888,L1,L1,L3,L3,L3,L2,L1,L1,L2,C2_3,D2_1,F2_3,,,N2_1,L_3,M_2
464889,L1,L1,L3,L3,L3,L2,L1,L1,L2,C2_3,D2_1,F2_3,,,N2_2,L_1,M_1
464890,L1,L1,L3,L3,L3,L2,L1,L1,L2,C2_3,D2_1,F2_3,,,N2_2,L_1,M_2
464891,L1,L1,L3,L3,L3,L2,L1,L1,L2,C2_3,D2_1,F2_3,,,N2_2,L_2,M_1
464892,L1,L1,L3,L3,L3,L2,L1,L1,L2,C2_3,D2_1,F2_3,,,N2_2,L_2,M_2
464893,L1,L1,L3,L3,L3,L2,L1,L1,L2,C2_3,D2_1,F2_3,,,N2_2,L_3,M_1
464894,L1,L1,L3,L3,L3,L2,L1,L1,L2,C2_3,D2_1,F2_3,,,N2_2,L_3,M_2
464895,L1,L1,L3,L3,L3,L2,L1,L1,L2,C2_3,D2_2,F2_1,,,N2_1,L_1,M_1
464896,L1,L1,L3,L3,L3,L2,L1,L1,L2,C2_3,D2_2,F2_1,,,N2_1,L_1,M_2
464897,L1,L1,L3,L3,L3,L2,L1,L1,L2,C2_3,D2_2,F2_1,,,N2_1,L_2,M_1
464898,L1,L1,L3,L3,L3,L2,L1,L1,L2,C2_3,D2_2,F2_1,,,N2_1,L_2,M_2
464899,L1,L1,L3,L3,L3,L2,L1,L1,L2,C2_3,D2_2,F2_1,,,N2_1,L_3,M_1
464900,L1,L1,L3,L3,L3,L2,L1,L1,L2,C2_3,D2_2,F2_1,,,N2_1,L_3,M_2
464901,L1,L1,L3,L3,L3,L2,L1,L1,L2,C2_3,D2_2,F2_1,,,N2_2,L_1,M_1
464902,L1,L1,L3,L3,L3,L2,L1,L1,L2,C2_3,D2_2,F2_1,,,N2_2,L_1,M_2
464903,L1,L1,L3,L3,L3,L2,L1,L1,L2,C2_3,D2_2,F2_1,,,N2_2,L_2,M_1
464904,L1,L1,L3,L3,L3,L2,L1,L1,L2,C2_3,D2_2,F2_1,,,N2_2,L_2,M_2
464905,L1,L1,L3,L3,L3,L2,L1,L1,L2,C2_3,D2_2,F2_1,,,N2_2,L_3,M_1
464906,L1,L1,L3,L3,L3,L2,L1,L1,L2,C2_3,D2_2,F2_1,,,N2_2,L_3,M_2
464907,L1,L1,L3,L3,L3,L2,L1,L1,L2,C2_3,D2_2,F2_2,,,N2_1,L_1,M_1
464908,L1,L1,L3,L3,L3,L2,L1,L1,L2,C2_3,D2_2,F2_2,,,N2_1,L_1,M_2
464909,L1,L1,L3,L3,L3,L2,L1,L1,L2,C2_3,D2_2,F2_2,,,N2_1,L_2,M_1
464910,L1,L1,L3,L3,L3,L2,L1,L1,L2,C2_3,D2_2,F2_2,,,N2_1,L_2,M_2
464911,L1,L1,L3,L3,L3,L2,L1,L1,L2,C2_3,D2_2,F2_2,,,N2_1,L_3,M_1
464912,L1,L1,L3,L3,L3,L2,L1,L1,L2,C2_3,D2_2,F2_2,,,N2_1,L_3,M_2
464913,L1,L1,L3,L3,L3,L2,L1,L1,L2,C2_3,D2_2,F2_2,,,N2_2,L_1,M_1
464914,L1,L1,L3,L3,L3,L2,L1,L1,L2,C2_3,D2_2,F2_2,,,N2_2,L_1,M_2
464915,L1,L1,L3,L3,L3,L2,L1,L1,L2,C2_3,D2_2,F2_2,,,N2_2,L_2,M_1
464916,L1,L1,L3,L3,L3,L2,L1,L1,L2,C2_3,D2_2,F2_2,,,N2_2,L_2,M_2
464917,L1,L1,L3,L3,L3,L2,L1,L1,L2,C2_3,D2_2,F2_2,,,N2_2,L_3,M_1
464918,L1,L1,L3,L3,L3,L2,L1,L1,L2,C2_3,D2_2,F2_2,,,N2_2,L_3,M_2
464919,L1,L1,L3,L3,L3,L2,L1,L1,L2,C2_3,D2_2,F2_3,,,N2_1,L_1,M_1
464920,L1,L1,L3,L3,L3,L2,L1,L1,L2,C2_3,D2_2,F2_3,,,N2_1,L_1,M_2
464921,L1,L1,L3,L3,L3,L2,L1,L1,L2,C2_3,D2_2,F2_3,,,N2_1,L_2,M_1
464922,L1,L1,L3,L3,L3,L2,L1,L1,L2,C2_3,D2_2,F2_3,,,N2_1,L_2,M_2
464923,L1,L1,L3,L3,L3,L2,L1,L1,L2,C2_3,D2_2,F2_3,,,N2_1,L_3,M_1
464924,L1,L1,L3,L3,L3,L2,L1,L1,L2,C2_3,D2_2,F2_3,,,N2_1,L_3,M_2
464925,L1,L1,L3,L3,L3,L2,L1,L1,L2,C2_3,D2_2,F2_3,,,N2_2,L_1,M_1
464926,L1,L1,L3,L3,L3,L2,L1,L1,L2,C2_3,D2_2,F2_3,,,N2_2,L_1,M_2
464927,L1,L1,L3,L3,L3,L2,L1,L1,L2,C2_3,D2_2,F2_3,,,N2_2,L_2,M_1
464928,L1,L1,L3,L3,L3,L2,L1,L1,L2,C2_3,D2_2,F2_3,,,N2_2,L_2,M_2
464929,L1,L1,L3,L3,L3,L2,L1,L1,L2,C2_3,D2_2,F2_3,,,N2_2,L_3,M_1
464930,L1,L1,L3,L3,L3,L2,L1,L1,L2,C2_3,D2_2,F2_3,,,N2_2,L_3,M_2
464931,L1,L1,L3,L3,L3,L2,L1,L1,L2,C2_3,D2_3,F2_1,,,N2_1,L_1,M_1
464932,L1,L1,L3,L3,L3,L2,L1,L1,L2,C2_3,D2_3,F2_1,,,N2_1,L_1,M_2
464933,L1,L1,L3,L3,L3,L2,L1,L1,L2,C2_3,D2_3,F2_1,,,N2_1,L_2,M_1
464934,L1,L1,L3,L3,L3,L2,L1,L1,L2,C2_3,D2_3,F2_1,,,N2_1,L_2,M_2
464935,L1,L1,L3,L3,L3,L2,L1,L1,L2,C2_3,D2_3,F2_1,,,N2_1,L_3,M_1
464936,L1,L1,L3,L3,L3,L2,L1,L1,L2,C2_3,D2_3,F2_1,,,N2_1,L_3,M_2
464937,L1,L1,L3,L3,L3,L2,L1,L1,L2,C2_3,D2_3,F2_1,,,N2_2,L_1,M_1
464938,L1,L1,L3,L3,L3,L2,L1,L1,L2,C2_3,D2_3,F2_1,,,N2_2,L_1,M_2
464939,L1,L1,L3,L3,L3,L2,L1,L1,L2,C2_3,D2_3,F2_1,,,N2_2,L_2,M_1
464940,L1,L1,L3,L3,L3,L2,L1,L1,L2,C2_3,D2_3,F2_1,,,N2_2,L_2,M_2
464941,L1,L1,L3,L3,L3,L2,L1,L1,L2,C2_3,D2_3,F2_1,,,N2_2,L_3,M_1
464942,L1,L1,L3,L3,L3,L2,L1,L1,L2,C2_3,D2_3,F2_1,,,N2_2,L_3,M_2
464943,L1,L1,L3,L3,L3,L2,L1,L1,L2,C2_3,D2_3,F2_2,,,N2_1,L_1,M_1
464944,L1,L1,L3,L3,L3,L2,L1,L1,L2,C2_3,D2_3,F2_2,,,N2_1,L_1,M_2
464945,L1,L1,L3,L3,L3,L2,L1,L1,L2,C2_3,D2_3,F2_2,,,N2_1,L_2,M_1
464946,L1,L1,L3,L3,L3,L2,L1,L1,L2,C2_3,D2_3,F2_2,,,N2_1,L_2,M_2
464947,L1,L1,L3,L3,L3,L2,L1,L1,L2,C2_3,D2_3,F2_2,,,N2_1,L_3,M_1
464948,L1,L1,L3,L3,L3,L2,L1,L1,L2,C2_3,D2_3,F2_2,,,N2_1,L_3,M_2
464949,L1,L1,L3,L3,L3,L2,L1,L1,L2,C2_3,D2_3,F2_2,,,N2_2,L_1,M_1
464950,L1,L1,L3,L3,L3,L2,L1,L1,L2,C2_3,D2_3,F2_2,,,N2_2,L_1,M_2
464951,L1,L1,L3,L3,L3,L2,L1,L1,L2,C2_3,D2_3,F2_2,,,N2_2,L_2,M_1
464952,L1,L1,L3,L3,L3,L2,L1,L1,L2,C2_3,D2_3,F2_2,,,N2_2,L_2,M_2
464953,L1,L1,L3,L3,L3,L2,L1,L1,L2,C2_3,D2_3,F2_2,,,N2_2,L_3,M_1
464954,L1,L1,L3,L3,L3,L2,L1,L1,L2,C2_3,D2_3,F2_2,,,N2_2,L_3,M_2
464955,L1,L1,L3,L3,L3,L2,L1,L1,L2,C2_3,D2_3,F2_3,,,N2_1,L_1,M_1
464956,L1,L1,L3,L3,L3,L2,L1,L1,L2,C2_3,D2_3,F2_3,,,N2_1,L_1,M_2
464957,L1,L1,L3,L3,L3,L2,L1,L1,L2,C2_3,D2_3,F2_3,,,N2_1,L_2,M_1
464958,L1,L1,L3,L3,L3,L2,L1,L1,L2,C2_3,D2_3,F2_3,,,N2_1,L_2,M_2
464959,L1,L1,L3,L3,L3,L2,L1,L1,L2,C2_3,D2_3,F2_3,,,N2_1,L_3,M_1
464960,L1,L1,L3,L3,L3,L2,L1,L1,L2,C2_3,D2_3,F2_3,,,N2_1,L_3,M_2
464961,L1,L1,L3,L3,L3,L2,L1,L1,L2,C2_3,D2_3,F2_3,,,N2_2,L_1,M_1
464962,L1,L1,L3,L3,L3,L2,L1,L1,L2,C2_3,D2_3,F2_3,,,N2_2,L_1,M_2
464963,L1,L1,L3,L3,L3,L2,L1,L1,L2,C2_3,D2_3,F2_3,,,N2_2,L_2,M_1
464964,L1,L1,L3,L3,L3,L2,L1,L1,L2,C2_3,D2_3,F2_3,,,N2_2,L_2,M_2
464965,L1,L1,L3,L3,L3,L2,L1,L1,L2,C2_3,D2_3,F2_3,,,N2_2,L_3,M_1
464966,L1,L1,L3,L3,L3,L2,L1,L1,L2,C2_3,D2_3,F2_3,,,N2_2,L_3,M_2
470664,L2,L1,L1,L1,L3,L2,L1,L1,L2,C2_1,D2_1,F2_1,,,N2_1,L_1,M_1
470665,L2,L1,L1,L1,L3,L2,L1,L1,L2,C2_1,D2_1,F2_1,,,N2_1,L_1,M_2
470666,L2,L1,L1,L1,L3,L2,L1,L1,L2,C2_1,D2_1,F2_1,,,N2_1,L_2,M_1
470667,L2,L1,L1,L1,L3,L2,L1,L1,L2,C2_1,D2_1,F2_1,,,N2_1,L_2,M_2
470668,L2,L1,L1,L1,L3,L2,L1,L1,L2,C2_1,D2_1,F2_1,,,N2_1,L_3,M_1
470669,L2,L1,L1,L1,L3,L2,L1,L1,L2,C2_1,D2_1,F2_1,,,N2_1,L_3,M_2
470670,L2,L1,L1,L1,L3,L2,L1,L1,L2,C2_1,D2_1,F2_1,,,N2_2,L_1,M_1
470671,L2,L1,L1,L1,L3,L2,L1,L1,L2,C2_1,D2_1,F2_1,,,N2_2,L_1,M_2
470672,L2,L1,L1,L1,L3,L2,L1,L1,L2,C2_1,D2_1,F2_1,,,N2_2,L_2,M_1
470673,L2,L1,L1,L1,L3,L2,L1,L1,L2,C2_1,D2_1,F2_1,,,N2_2,L_2,M_2
470674,L2,L1,L1,L1,L3,L2,L1,L1,L2,C2_1,D2_1,F2_1,,,N2_2,L_3,M_1
470675,L2,L1,L1,L1,L3,L2,L1,L1,L2,C2_1,D2_1,F2_1,,,N2_2,L_3,M_2
470676,L2,L1,L1,L1,L3,L2,L1,L1,L2,C2_1,D2_1,F2_2,,,N2_1,L_1,M_1
470677,L2,L1,L1,L1,L3,L2,L1,L1,L2,C2_1,D2_1,F2_2,,,N2_1,L_1,M_2
470678,L2,L1,L1,L1,L3,L2,L1,L1,L2,C2_1,D2_1,F2_2,,,N2_1,L_2,M_1
470679,L2,L1,L1,L1,L3,L2,L1,L1,L2,C2_1,D2_1,F2_2,,,N2_1,L_2,M_2
470680,L2,L1,L1,L1,L3,L2,L1,L1,L2,C2_1,D2_1,F2_2,,,N2_1,L_3,M_1
470681,L2,L1,L1,L1,L3,L2,L1,L1,L2,C2_1,D2_1,F2_2,,,N2_1,L_3,M_2
470682,L2,L1,L1,L1,L3,L2,L1,L1,L2,C2_1,D2_1,F2_2,,,N2_2,L_1,M_1
470683,L2,L1,L1,L1,L3,L2,L1,L1,L2,C2_1,D2_1,F2_2,,,N2_2,L_1,M_2
470684,L2,L1,L1,L1,L3,L2,L1,L1,L2,C2_1,D2_1,F2_2,,,N2_2,L_2,M_1
470685,L2,L1,L1,L1,L3,L2,L1,L1,L2,C2_1,D2_1,F2_2,,,N2_2,L_2,M_2
470686,L2,L1,L1,L1,L3,L2,L1,L1,L2,C2_1,D2_1,F2_2,,,N2_2,L_3,M_1
470687,L2,L1,L1,L1,L3,L2,L1,L1,L2,C2_1,D2_1,F2_2,,,N2_2,L_3,M_2
470688,L2,L1,L1,L1,L3,L2,L1,L1,L2,C2_1,D2_1,F2_3,,,N2_1,L_1,M_1
470689,L2,L1,L1,L1,L3,L2,L1,L1,L2,C2_1,D2_1,F2_3,,,N2_1,L_1,M_2
470690,L2,L1,L1,L1,L3,L2,L1,L1,L2,C2_1,D2_1,F2_3,,,N2_1,L_2,M_1
470691,L2,L1,L1,L1,L3,L2,L1,L1,L2,C2_1,D2_1,F2_3,,,N2_1,L_2,M_2
470692,L2,L1,L1,L1,L3,L2,L1,L1,L2,C2_1,D2_1,F2_3,,,N2_1,L_3,M_1
470693,L2,L1,L1,L1,L3,L2,L1,L1,L2,C2_1,D2_1,F2_3,,,N2_1,L_3,M_2
470694,L2,L1,L1,L1,L3,L2,L1,L1,L2,C2_1,D2_1,F2_3,,,N2_2,L_1,M_1
470695,L2,L1,L1,L1,L3,L2,L1,L1,L2,C2_1,D2_1,F2_3,,,N2_2,L_1,M_2
470696,L2,L1,L1,L1,L3,L2,L1,L1,L2,C2_1,D2_1,F2_3,,,N2_2,L_2,M_1
470697,L2,L1,L1,L1,L3,L2,L1,L1,L2,C2_1,D2_1,F2_3,,,N2_2,L_2,M_2
470698,L2,L1,L1,L1,L3,L2,L1,L1,L2,C2_1,D2_1,F2_3,,,N2_2,L_3,M_1
470699,L2,L1,L1,L1,L3,L2,L1,L1,L2,C2_1,D2_1,F2_3,,,N2_2,L_3,M_2
470700,L2,L1,L1,L1,L3,L2,L1,L1,L2,C2_1,D2_2,F2_1,,,N2_1,L_1,M_1
470701,L2,L1,L1,L1,L3,L2,L1,L1,L2,C2_1,D2_2,F2_1,,,N2_1,L_1,M_2
470702,L2,L1,L1,L1,L3,L2,L1,L1,L2,C2_1,D2_2,F2_1,,,N2_1,L_2,M_1
470703,L2,L1,L1,L1,L3,L2,L1,L1,L2,C2_1,D2_2,F2_1,,,N2_1,L_2,M_2
470704,L2,L1,L1,L1,L3,L2,L1,L1,L2,C2_1,D2_2,F2_1,,,N2_1,L_3,M_1
470705,L2,L1,L1,L1,L3,L2,L1,L1,L2,C2_1,D2_2,F2_1,,,N2_1,L_3,M_2
470706,L2,L1,L1,L1,L3,L2,L1,L1,L2,C2_1,D2_2,F2_1,,,N2_2,L_1,M_1
470707,L2,L1,L1,L1,L3,L2,L1,L1,L2,C2_1,D2_2,F2_1,,,N2_2,L_1,M_2
470708,L2,L1,L1,L1,L3,L2,L1,L1,L2,C2_1,D2_2,F2_1,,,N2_2,L_2,M_1
470709,L2,L1,L1,L1,L3,L2,L1,L1,L2,C2_1,D2_2,F2_1,,,N2_2,L_2,M_2
470710,L2,L1,L1,L1,L3,L2,L1,L1,L2,C2_1,D2_2,F2_1,,,N2_2,L_3,M_1
470711,L2,L1,L1,L1,L3,L2,L1,L1,L2,C2_1,D2_2,F2_1,,,N2_2,L_3,M_2
470712,L2,L1,L1,L1,L3,L2,L1,L1,L2,C2_1,D2_2,F2_2,,,N2_1,L_1,M_1
470713,L2,L1,L1,L1,L3,L2,L1,L1,L2,C2_1,D2_2,F2_2,,,N2_1,L_1,M_2
470714,L2,L1,L1,L1,L3,L2,L1,L1,L2,C2_1,D2_2,F2_2,,,N2_1,L_2,M_1
470715,L2,L1,L1,L1,L3,L2,L1,L1,L2,C2_1,D2_2,F2_2,,,N2_1,L_2,M_2
470716,L2,L1,L1,L1,L3,L2,L1,L1,L2,C2_1,D2_2,F2_2,,,N2_1,L_3,M_1
470717,L2,L1,L1,L1,L3,L2,L1,L1,L2,C2_1,D2_2,F2_2,,,N2_1,L_3,M_2
470718,L2,L1,L1,L1,L3,L2,L1,L1,L2,C2_1,D2_2,F2_2,,,N2_2,L_1,M_1
470719,L2,L1,L1,L1,L3,L2,L1,L1,L2,C2_1,D2_2,F2_2,,,N2_2,L_1,M_2
470720,L2,L1,L1,L1,L3,L2,L1,L1,L2,C2_1,D2_2,F2_2,,,N2_2,L_2,M_1
470721,L2,L1,L1,L1,L3,L2,L1,L1,L2,C2_1,D2_2,F2_2,,,N2_2,L_2,M_2
470722,L2,L1,L1,L1,L3,L2,L1,L1,L2,C2_1,D2_2,F2_2,,,N2_2,L_3,M_1
470723,L2,L1,L1,L1,L3,L2,L1,L1,L2,C2_1,D2_2,F2_2,,,N2_2,L_3,M_2
470724,L2,L1,L1,L1,L3,L2,L1,L1,L2,C2_1,D2_2,F2_3,,,N2_1,L_1,M_1
470725,L2,L1,L1,L1,L3,L2,L1,L1,L2,C2_1,D2_2,F2_3,,,N2_1,L_1,M_2
470726,L2,L1,L1,L1,L3,L2,L1,L1,L2,C2_1,D2_2,F2_3,,,N2_1,L_2,M_1
470727,L2,L1,L1,L1,L3,L2,L1,L1,L2,C2_1,D2_2,F2_3,,,N2_1,L_2,M_2
470728,L2,L1,L1,L1,L3,L2,L1,L1,L2,C2_1,D2_2,F2_3,,,N2_1,L_3,M_1
470729,L2,L1,L1,L1,L3,L2,L1,L1,L2,C2_1,D2_2,F2_3,,,N2_1,L_3,M_2
470730,L2,L1,L1,L1,L3,L2,L1,L1,L2,C2_1,D2_2,F2_3,,,N2_2,L_1,M_1
470731,L2,L1,L1,L1,L3,L2,L1,L1,L2,C2_1,D2_2,F2_3,,,N2_2,L_1,M_2
470732,L2,L1,L1,L1,L3,L2,L1,L1,L2,C2_1,D2_2,F2_3,,,N2_2,L_2,M_1
470733,L2,L1,L1,L1,L3,L2,L1,L1,L2,C2_1,D2_2,F2_3,,,N2_2,L_2,M_2
470734,L2,L1,L1,L1,L3,L2,L1,L1,L2,C2_1,D2_2,F2_3,,,N2_2,L_3,M_1
470735,L2,L1,L1,L1,L3,L2,L1,L1,L2,C2_1,D2_2,F2_3,,,N2_2,L_3,M_2
470736,L2,L1,L1,L1,L3,L2,L1,L1,L2,C2_1,D2_3,F2_1,,,N2_1,L_1,M_1
470737,L2,L1,L1,L1,L3,L2,L1,L1,L2,C2_1,D2_3,F2_1,,,N2_1,L_1,M_2
470738,L2,L1,L1,L1,L3,L2,L1,L1,L2,C2_1,D2_3,F2_1,,,N2_1,L_2,M_1
470739,L2,L1,L1,L1,L3,L2,L1,L1,L2,C2_1,D2_3,F2_1,,,N2_1,L_2,M_2
470740,L2,L1,L1,L1,L3,L2,L1,L1,L2,C2_1,D2_3,F2_1,,,N2_1,L_3,M_1
470741,L2,L1,L1,L1,L3,L2,L1,L1,L2,C2_1,D2_3,F2_1,,,N2_1,L_3,M_2
470742,L2,L1,L1,L1,L3,L2,L1,L1,L2,C2_1,D2_3,F2_1,,,N2_2,L_1,M_1
470743,L2,L1,L1,L1,L3,L2,L1,L1,L2,C2_1,D2_3,F2_1,,,N2_2,L_1,M_2
470744,L2,L1,L1,L1,L3,L2,L1,L1,L2,C2_1,D2_3,F2_1,,,N2_2,L_2,M_1
470745,L2,L1,L1,L1,L3,L2,L1,L1,L2,C2_1,D2_3,F2_1,,,N2_2,L_2,M_2
470746,L2,L1,L1,L1,L3,L2,L1,L1,L2,C2_1,D2_3,F2_1,,,N2_2,L_3,M_1
470747,L2,L1,L1,L1,L3,L2,L1,L1,L2,C2_1,D2_3,F2_1,,,N2_2,L_3,M_2
470748,L2,L1,L1,L1,L3,L2,L1,L1,L2,C2_1,D2_3,F2_2,,,N2_1,L_1,M_1
470749,L2,L1,L1,L1,L3,L2,L1,L1,L2,C2_1,D2_3,F2_2,,,N2_1,L_1,M_2
470750,L2,L1,L1,L1,L3,L2,L1,L1,L2,C2_1,D2_3,F2_2,,,N2_1,L_2,M_1
470751,L2,L1,L1,L1,L3,L2,L1,L1,L2,C2_1,D2_3,F2_2,,,N2_1,L_2,M_2
470752,L2,L1,L1,L1,L3,L2,L1,L1,L2,C2_1,D2_3,F2_2,,,N2_1,L_3,M_1
470753,L2,L1,L1,L1,L3,L2,L1,L1,L2,C2_1,D2_3,F2_2,,,N2_1,L_3,M_2
470754,L2,L1,L1,L1,L3,L2,L1,L1,L2,C2_1,D2_3,F2_2,,,N2_2,L_1,M_1
470755,L2,L1,L1,L1,L3,L2,L1,L1,L2,C2_1,D2_3,F2_2,,,N2_2,L_1,M_2
470756,L2,L1,L1,L1,L3,L2,L1,L1,L2,C2_1,D2_3,F2_2,,,N2_2,L_2,M_1
470757,L2,L1,L1,L1,L3,L2,L1,L1,L2,C2_1,D2_3,F2_2,,,N2_2,L_2,M_2
470758,L2,L1,L1,L1,L3,L2,L1,L1,L2,C2_1,D2_3,F2_2,,,N2_2,L_3,M_1
470759,L2,L1,L1,L1,L3,L2,L1,L1,L2,C2_1,D2_3,F2_2,,,N2_2,L_3,M_2
470760,L2,L1,L1,L1,L3,L2,L1,L1,L2,C2_1,D2_3,F2_3,,,N2_1,L_1,M_1
470761,L2,L1,L1,L1,L3,L2,L1,L1,L2,C2_1,D2_3,F2_3,,,N2_1,L_1,M_2
470762,L2,L1,L1,L1,L3,L2,L1,L1,L2,C2_1,D2_3,F2_3,,,N2_1,L_2,M_1
470763,L2,L1,L1,L1,L3,L2,L1,L1,L2,C2_1,D2_3,F2_3,,,N2_1,L_2,M_2
470764,L2,L1,L1,L1,L3,L2,L1,L1,L2,C2_1,D2_3,F2_3,,,N2_1,L_3,M_1
470765,L2,L1,L1,L1,L3,L2,L1,L1,L2,C2_1,D2_3,F2_3,,,N2_1,L_3,M_2
470766,L2,L1,L1,L1,L3,L2,L1,L1,L2,C2_1,D2_3,F2_3,,,N2_2,L_1,M_1
470767,L2,L1,L1,L1,L3,L2,L1,L1,L2,C2_1,D2_3,F2_3,,,N2_2,L_1,M_2
470768,L2,L1,L1,L1,L3,L2,L1,L1,L2,C2_1,D2_3,F2_3,,,N2_2,L_2,M_1
470769,L2,L1,L1,L1,L3,L2,L1,L1,L2,C2_1,D2_3,F2_3,,,N2_2,L_2,M_2
470770,L2,L1,L1,L1,L3,L2,L1,L1,L2,C2_1,D2_3,F2_3,,,N2_2,L_3,M_1
470771,L2,L1,L1,L1,L3,L2,L1,L1,L2,C2_1,D2_3,F2_3,,,N2_2,L_3,M_2
470772,L2,L1,L1,L1,L3,L2,L1,L1,L2,C2_2,D2_1,F2_1,,,N2_1,L_1,M_1
470773,L2,L1,L1,L1,L3,L2,L1,L1,L2,C2_2,D2_1,F2_1,,,N2_1,L_1,M_2
470774,L2,L1,L1,L1,L3,L2,L1,L1,L2,C2_2,D2_1,F2_1,,,N2_1,L_2,M_1
470775,L2,L1,L1,L1,L3,L2,L1,L1,L2,C2_2,D2_1,F2_1,,,N2_1,L_2,M_2
470776,L2,L1,L1,L1,L3,L2,L1,L1,L2,C2_2,D2_1,F2_1,,,N2_1,L_3,M_1
470777,L2,L1,L1,L1,L3,L2,L1,L1,L2,C2_2,D2_1,F2_1,,,N2_1,L_3,M_2
470778,L2,L1,L1,L1,L3,L2,L1,L1,L2,C2_2,D2_1,F2_1,,,N2_2,L_1,M_1
470779,L2,L1,L1,L1,L3,L2,L1,L1,L2,C2_2,D2_1,F2_1,,,N2_2,L_1,M_2
470780,L2,L1,L1,L1,L3,L2,L1,L1,L2,C2_2,D2_1,F2_1,,,N2_2,L_2,M_1
470781,L2,L1,L1,L1,L3,L2,L1,L1,L2,C2_2,D2_1,F2_1,,,N2_2,L_2,M_2
470782,L2,L1,L1,L1,L3,L2,L1,L1,L2,C2_2,D2_1,F2_1,,,N2_2,L_3,M_1
470783,L2,L1,L1,L1,L3,L2,L1,L1,L2,C2_2,D2_1,F2_1,,,N2_2,L_3,M_2
470784,L2,L1,L1,L1,L3,L2,L1,L1,L2,C2_2,D2_1,F2_2,,,N2_1,L_1,M_1
470785,L2,L1,L1,L1,L3,L2,L1,L1,L2,C2_2,D2_1,F2_2,,,N2_1,L_1,M_2
470786,L2,L1,L1,L1,L3,L2,L1,L1,L2,C2_2,D2_1,F2_2,,,N2_1,L_2,M_1
470787,L2,L1,L1,L1,L3,L2,L1,L1,L2,C2_2,D2_1,F2_2,,,N2_1,L_2,M_2
470788,L2,L1,L1,L1,L3,L2,L1,L1,L2,C2_2,D2_1,F2_2,,,N2_1,L_3,M_1
470789,L2,L1,L1,L1,L3,L2,L1,L1,L2,C2_2,D2_1,F2_2,,,N2_1,L_3,M_2
470790,L2,L1,L1,L1,L3,L2,L1,L1,L2,C2_2,D2_1,F2_2,,,N2_2,L_1,M_1
470791,L2,L1,L1,L1,L3,L2,L1,L1,L2,C2_2,D2_1,F2_2,,,N2_2,L_1,M_2
470792,L2,L1,L1,L1,L3,L2,L1,L1,L2,C2_2,D2_1,F2_2,,,N2_2,L_2,M_1
470793,L2,L1,L1,L1,L3,L2,L1,L1,L2,C2_2,D2_1,F2_2,,,N2_2,L_2,M_2
470794,L2,L1,L1,L1,L3,L2,L1,L1,L2,C2_2,D2_1,F2_2,,,N2_2,L_3,M_1
470795,L2,L1,L1,L1,L3,L2,L1,L1,L2,C2_2,D2_1,F2_2,,,N2_2,L_3,M_2
470796,L2,L1,L1,L1,L3,L2,L1,L1,L2,C2_2,D2_1,F2_3,,,N2_1,L_1,M_1
470797,L2,L1,L1,L1,L3,L2,L1,L1,L2,C2_2,D2_1,F2_3,,,N2_1,L_1,M_2
470798,L2,L1,L1,L1,L3,L2,L1,L1,L2,C2_2,D2_1,F2_3,,,N2_1,L_2,M_1
470799,L2,L1,L1,L1,L3,L2,L1,L1,L2,C2_2,D2_1,F2_3,,,N2_1,L_2,M_2
470800,L2,L1,L1,L1,L3,L2,L1,L1,L2,C2_2,D2_1,F2_3,,,N2_1,L_3,M_1
470801,L2,L1,L1,L1,L3,L2,L1,L1,L2,C2_2,D2_1,F2_3,,,N2_1,L_3,M_2
470802,L2,L1,L1,L1,L3,L2,L1,L1,L2,C2_2,D2_1,F2_3,,,N2_2,L_1,M_1
470803,L2,L1,L1,L1,L3,L2,L1,L1,L2,C2_2,D2_1,F2_3,,,N2_2,L_1,M_2
470804,L2,L1,L1,L1,L3,L2,L1,L1,L2,C2_2,D2_1,F2_3,,,N2_2,L_2,M_1
470805,L2,L1,L1,L1,L3,L2,L1,L1,L2,C2_2,D2_1,F2_3,,,N2_2,L_2,M_2
470806,L2,L1,L1,L1,L3,L2,L1,L1,L2,C2_2,D2_1,F2_3,,,N2_2,L_3,M_1
470807,L2,L1,L1,L1,L3,L2,L1,L1,L2,C2_2,D2_1,F2_3,,,N2_2,L_3,M_2
470808,L2,L1,L1,L1,L3,L2,L1,L1,L2,C2_2,D2_2,F2_1,,,N2_1,L_1,M_1
470809,L2,L1,L1,L1,L3,L2,L1,L1,L2,C2_2,D2_2,F2_1,,,N2_1,L_1,M_2
470810,L2,L1,L1,L1,L3,L2,L1,L1,L2,C2_2,D2_2,F2_1,,,N2_1,L_2,M_1
470811,L2,L1,L1,L1,L3,L2,L1,L1,L2,C2_2,D2_2,F2_1,,,N2_1,L_2,M_2
470812,L2,L1,L1,L1,L3,L2,L1,L1,L2,C2_2,D2_2,F2_1,,,N2_1,L_3,M_1
470813,L2,L1,L1,L1,L3,L2,L1,L1,L2,C2_2,D2_2,F2_1,,,N2_1,L_3,M_2
470814,L2,L1,L1,L1,L3,L2,L1,L1,L2,C2_2,D2_2,F2_1,,,N2_2,L_1,M_1
470815,L2,L1,L1,L1,L3,L2,L1,L1,L2,C2_2,D2_2,F2_1,,,N2_2,L_1,M_2
470816,L2,L1,L1,L1,L3,L2,L1,L1,L2,C2_2,D2_2,F2_1,,,N2_2,L_2,M_1
470817,L2,L1,L1,L1,L3,L2,L1,L1,L2,C2_2,D2_2,F2_1,,,N2_2,L_2,M_2
470818,L2,L1,L1,L1,L3,L2,L1,L1,L2,C2_2,D2_2,F2_1,,,N2_2,L_3,M_1
470819,L2,L1,L1,L1,L3,L2,L1,L1,L2,C2_2,D2_2,F2_1,,,N2_2,L_3,M_2
470820,L2,L1,L1,L1,L3,L2,L1,L1,L2,C2_2,D2_2,F2_2,,,N2_1,L_1,M_1
470821,L2,L1,L1,L1,L3,L2,L1,L1,L2,C2_2,D2_2,F2_2,,,N2_1,L_1,M_2
470822,L2,L1,L1,L1,L3,L2,L1,L1,L2,C2_2,D2_2,F2_2,,,N2_1,L_2,M_1
470823,L2,L1,L1,L1,L3,L2,L1,L1,L2,C2_2,D2_2,F2_2,,,N2_1,L_2,M_2
470824,L2,L1,L1,L1,L3,L2,L1,L1,L2,C2_2,D2_2,F2_2,,,N2_1,L_3,M_1
470825,L2,L1,L1,L1,L3,L2,L1,L1,L2,C2_2,D2_2,F2_2,,,N2_1,L_3,M_2
470826,L2,L1,L1,L1,L3,L2,L1,L1,L2,C2_2,D2_2,F2_2,,,N2_2,L_1,M_1
470827,L2,L1,L1,L1,L3,L2,L1,L1,L2,C2_2,D2_2,F2_2,,,N2_2,L_1,M_2
470828,L2,L1,L1,L1,L3,L2,L1,L1,L2,C2_2,D2_2,F2_2,,,N2_2,L_2,M_1
470829,L2,L1,L1,L1,L3,L2,L1,L1,L2,C2_2,D2_2,F2_2,,,N2_2,L_2,M_2
470830,L2,L1,L1,L1,L3,L2,L1,L1,L2,C2_2,D2_2,F2_2,,,N2_2,L_3,M_1
470831,L2,L1,L1,L1,L3,L2,L1,L1,L2,C2_2,D2_2,F2_2,,,N2_2,L_3,M_2
470832,L2,L1,L1,L1,L3,L2,L1,L1,L2,C2_2,D2_2,F2_3,,,N2_1,L_1,M_1
470833,L2,L1,L1,L1,L3,L2,L1,L1,L2,C2_2,D2_2,F2_3,,,N2_1,L_1,M_2
470834,L2,L1,L1,L1,L3,L2,L1,L1,L2,C2_2,D2_2,F2_3,,,N2_1,L_2,M_1
470835,L2,L1,L1,L1,L3,L2,L1,L1,L2,C2_2,D2_2,F2_3,,,N2_1,L_2,M_2
470836,L2,L1,L1,L1,L3,L2,L1,L1,L2,C2_2,D2_2,F2_3,,,N2_1,L_3,M_1
470837,L2,L1,L1,L1,L3,L2,L1,L1,L2,C2_2,D2_2,F2_3,,,N2_1,L_3,M_2
470838,L2,L1,L1,L1,L3,L2,L1,L1,L2,C2_2,D2_2,F2_3,,,N2_2,L_1,M_1
470839,L2,L1,L1,L1,L3,L2,L1,L1,L2,C2_2,D2_2,F2_3,,,N2_2,L_1,M_2
470840,L2,L1,L1,L1,L3,L2,L1,L1,L2,C2_2,D2_2,F2_3,,,N2_2,L_2,M_1
470841,L2,L1,L1,L1,L3,L2,L1,L1,L2,C2_2,D2_2,F2_3,,,N2_2,L_2,M_2
470842,L2,L1,L1,L1,L3,L2,L1,L1,L2,C2_2,D2_2,F2_3,,,N2_2,L_3,M_1
470843,L2,L1,L1,L1,L3,L2,L1,L1,L2,C2_2,D2_2,F2_3,,,N2_2,L_3,M_2
470844,L2,L1,L1,L1,L3,L2,L1,L1,L2,C2_2,D2_3,F2_1,,,N2_1,L_1,M_1
470845,L2,L1,L1,L1,L3,L2,L1,L1,L2,C2_2,D2_3,F2_1,,,N2_1,L_1,M_2
470846,L2,L1,L1,L1,L3,L2,L1,L1,L2,C2_2,D2_3,F2_1,,,N2_1,L_2,M_1
470847,L2,L1,L1,L1,L3,L2,L1,L1,L2,C2_2,D2_3,F2_1,,,N2_1,L_2,M_2
470848,L2,L1,L1,L1,L3,L2,L1,L1,L2,C2_2,D2_3,F2_1,,,N2_1,L_3,M_1
470849,L2,L1,L1,L1,L3,L2,L1,L1,L2,C2_2,D2_3,F2_1,,,N2_1,L_3,M_2
470850,L2,L1,L1,L1,L3,L2,L1,L1,L2,C2_2,D2_3,F2_1,,,N2_2,L_1,M_1
470851,L2,L1,L1,L1,L3,L2,L1,L1,L2,C2_2,D2_3,F2_1,,,N2_2,L_1,M_2
470852,L2,L1,L1,L1,L3,L2,L1,L1,L2,C2_2,D2_3,F2_1,,,N2_2,L_2,M_1
470853,L2,L1,L1,L1,L3,L2,L1,L1,L2,C2_2,D2_3,F2_1,,,N2_2,L_2,M_2
470854,L2,L1,L1,L1,L3,L2,L1,L1,L2,C2_2,D2_3,F2_1,,,N2_2,L_3,M_1
470855,L2,L1,L1,L1,L3,L2,L1,L1,L2,C2_2,D2_3,F2_1,,,N2_2,L_3,M_2
470856,L2,L1,L1,L1,L3,L2,L1,L1,L2,C2_2,D2_3,F2_2,,,N2_1,L_1,M_1
470857,L2,L1,L1,L1,L3,L2,L1,L1,L2,C2_2,D2_3,F2_2,,,N2_1,L_1,M_2
470858,L2,L1,L1,L1,L3,L2,L1,L1,L2,C2_2,D2_3,F2_2,,,N2_1,L_2,M_1
470859,L2,L1,L1,L1,L3,L2,L1,L1,L2,C2_2,D2_3,F2_2,,,N2_1,L_2,M_2
470860,L2,L1,L1,L1,L3,L2,L1,L1,L2,C2_2,D2_3,F2_2,,,N2_1,L_3,M_1
470861,L2,L1,L1,L1,L3,L2,L1,L1,L2,C2_2,D2_3,F2_2,,,N2_1,L_3,M_2
470862,L2,L1,L1,L1,L3,L2,L1,L1,L2,C2_2,D2_3,F2_2,,,N2_2,L_1,M_1
470863,L2,L1,L1,L1,L3,L2,L1,L1,L2,C2_2,D2_3,F2_2,,,N2_2,L_1,M_2
470864,L2,L1,L1,L1,L3,L2,L1,L1,L2,C2_2,D2_3,F2_2,,,N2_2,L_2,M_1
470865,L2,L1,L1,L1,L3,L2,L1,L1,L2,C2_2,D2_3,F2_2,,,N2_2,L_2,M_2
470866,L2,L1,L1,L1,L3,L2,L1,L1,L2,C2_2,D2_3,F2_2,,,N2_2,L_3,M_1
470867,L2,L1,L1,L1,L3,L2,L1,L1,L2,C2_2,D2_3,F2_2,,,N2_2,L_3,M_2
470868,L2,L1,L1,L1,L3,L2,L1,L1,L2,C2_2,D2_3,F2_3,,,N2_1,L_1,M_1
470869,L2,L1,L1,L1,L3,L2,L1,L1,L2,C2_2,D2_3,F2_3,,,N2_1,L_1,M_2
470870,L2,L1,L1,L1,L3,L2,L1,L1,L2,C2_2,D2_3,F2_3,,,N2_1,L_2,M_1
470871,L2,L1,L1,L1,L3,L2,L1,L1,L2,C2_2,D2_3,F2_3,,,N2_1,L_2,M_2
470872,L2,L1,L1,L1,L3,L2,L1,L1,L2,C2_2,D2_3,F2_3,,,N2_1,L_3,M_1
470873,L2,L1,L1,L1,L3,L2,L1,L1,L2,C2_2,D2_3,F2_3,,,N2_1,L_3,M_2
470874,L2,L1,L1,L1,L3,L2,L1,L1,L2,C2_2,D2_3,F2_3,,,N2_2,L_1,M_1
470875,L2,L1,L1,L1,L3,L2,L1,L1,L2,C2_2,D2_3,F2_3,,,N2_2,L_1,M_2
470876,L2,L1,L1,L1,L3,L2,L1,L1,L2,C2_2,D2_3,F2_3,,,N2_2,L_2,M_1
470877,L2,L1,L1,L1,L3,L2,L1,L1,L2,C2_2,D2_3,F2_3,,,N2_2,L_2,M_2
470878,L2,L1,L1,L1,L3,L2,L1,L1,L2,C2_2,D2_3,F2_3,,,N2_2,L_3,M_1
470879,L2,L1,L1,L1,L3,L2,L1,L1,L2,C2_2,D2_3,F2_3,,,N2_2,L_3,M_2
470880,L2,L1,L1,L1,L3,L2,L1,L1,L2,C2_3,D2_1,F2_1,,,N2_1,L_1,M_1
470881,L2,L1,L1,L1,L3,L2,L1,L1,L2,C2_3,D2_1,F2_1,,,N2_1,L_1,M_2
470882,L2,L1,L1,L1,L3,L2,L1,L1,L2,C2_3,D2_1,F2_1,,,N2_1,L_2,M_1
470883,L2,L1,L1,L1,L3,L2,L1,L1,L2,C2_3,D2_1,F2_1,,,N2_1,L_2,M_2
470884,L2,L1,L1,L1,L3,L2,L1,L1,L2,C2_3,D2_1,F2_1,,,N2_1,L_3,M_1
470885,L2,L1,L1,L1,L3,L2,L1,L1,L2,C2_3,D2_1,F2_1,,,N2_1,L_3,M_2
470886,L2,L1,L1,L1,L3,L2,L1,L1,L2,C2_3,D2_1,F2_1,,,N2_2,L_1,M_1
470887,L2,L1,L1,L1,L3,L2,L1,L1,L2,C2_3,D2_1,F2_1,,,N2_2,L_1,M_2
470888,L2,L1,L1,L1,L3,L2,L1,L1,L2,C2_3,D2_1,F2_1,,,N2_2,L_2,M_1
470889,L2,L1,L1,L1,L3,L2,L1,L1,L2,C2_3,D2_1,F2_1,,,N2_2,L_2,M_2
470890,L2,L1,L1,L1,L3,L2,L1,L1,L2,C2_3,D2_1,F2_1,,,N2_2,L_3,M_1
470891,L2,L1,L1,L1,L3,L2,L1,L1,L2,C2_3,D2_1,F2_1,,,N2_2,L_3,M_2
470892,L2,L1,L1,L1,L3,L2,L1,L1,L2,C2_3,D2_1,F2_2,,,N2_1,L_1,M_1
470893,L2,L1,L1,L1,L3,L2,L1,L1,L2,C2_3,D2_1,F2_2,,,N2_1,L_1,M_2
470894,L2,L1,L1,L1,L3,L2,L1,L1,L2,C2_3,D2_1,F2_2,,,N2_1,L_2,M_1
470895,L2,L1,L1,L1,L3,L2,L1,L1,L2,C2_3,D2_1,F2_2,,,N2_1,L_2,M_2
470896,L2,L1,L1,L1,L3,L2,L1,L1,L2,C2_3,D2_1,F2_2,,,N2_1,L_3,M_1
470897,L2,L1,L1,L1,L3,L2,L1,L1,L2,C2_3,D2_1,F2_2,,,N2_1,L_3,M_2
470898,L2,L1,L1,L1,L3,L2,L1,L1,L2,C2_3,D2_1,F2_2,,,N2_2,L_1,M_1
470899,L2,L1,L1,L1,L3,L2,L1,L1,L2,C2_3,D2_1,F2_2,,,N2_2,L_1,M_2
470900,L2,L1,L1,L1,L3,L2,L1,L1,L2,C2_3,D2_1,F2_2,,,N2_2,L_2,M_1
470901,L2,L1,L1,L1,L3,L2,L1,L1,L2,C2_3,D2_1,F2_2,,,N2_2,L_2,M_2
470902,L2,L1,L1,L1,L3,L2,L1,L1,L2,C2_3,D2_1,F2_2,,,N2_2,L_3,M_1
470903,L2,L1,L1,L1,L3,L2,L1,L1,L2,C2_3,D2_1,F2_2,,,N2_2,L_3,M_2
470904,L2,L1,L1,L1,L3,L2,L1,L1,L2,C2_3,D2_1,F2_3,,,N2_1,L_1,M_1
470905,L2,L1,L1,L1,L3,L2,L1,L1,L2,C2_3,D2_1,F2_3,,,N2_1,L_1,M_2
470906,L2,L1,L1,L1,L3,L2,L1,L1,L2,C2_3,D2_1,F2_3,,,N2_1,L_2,M_1
470907,L2,L1,L1,L1,L3,L2,L1,L1,L2,C2_3,D2_1,F2_3,,,N2_1,L_2,M_2
470908,L2,L1,L1,L1,L3,L2,L1,L1,L2,C2_3,D2_1,F2_3,,,N2_1,L_3,M_1
470909,L2,L1,L1,L1,L3,L2,L1,L1,L2,C2_3,D2_1,F2_3,,,N2_1,L_3,M_2
470910,L2,L1,L1,L1,L3,L2,L1,L1,L2,C2_3,D2_1,F2_3,,,N2_2,L_1,M_1
470911,L2,L1,L1,L1,L3,L2,L1,L1,L2,C2_3,D2_1,F2_3,,,N2_2,L_1,M_2
470912,L2,L1,L1,L1,L3,L2,L1,L1,L2,C2_3,D2_1,F2_3,,,N2_2,L_2,M_1
470913,L2,L1,L1,L1,L3,L2,L1,L1,L2,C2_3,D2_1,F2_3,,,N2_2,L_2,M_2
470914,L2,L1,L1,L1,L3,L2,L1,L1,L2,C2_3,D2_1,F2_3,,,N2_2,L_3,M_1
470915,L2,L1,L1,L1,L3,L2,L1,L1,L2,C2_3,D2_1,F2_3,,,N2_2,L_3,M_2
470916,L2,L1,L1,L1,L3,L2,L1,L1,L2,C2_3,D2_2,F2_1,,,N2_1,L_1,M_1
470917,L2,L1,L1,L1,L3,L2,L1,L1,L2,C2_3,D2_2,F2_1,,,N2_1,L_1,M_2
470918,L2,L1,L1,L1,L3,L2,L1,L1,L2,C2_3,D2_2,F2_1,,,N2_1,L_2,M_1
470919,L2,L1,L1,L1,L3,L2,L1,L1,L2,C2_3,D2_2,F2_1,,,N2_1,L_2,M_2
470920,L2,L1,L1,L1,L3,L2,L1,L1,L2,C2_3,D2_2,F2_1,,,N2_1,L_3,M_1
470921,L2,L1,L1,L1,L3,L2,L1,L1,L2,C2_3,D2_2,F2_1,,,N2_1,L_3,M_2
470922,L2,L1,L1,L1,L3,L2,L1,L1,L2,C2_3,D2_2,F2_1,,,N2_2,L_1,M_1
470923,L2,L1,L1,L1,L3,L2,L1,L1,L2,C2_3,D2_2,F2_1,,,N2_2,L_1,M_2
470924,L2,L1,L1,L1,L3,L2,L1,L1,L2,C2_3,D2_2,F2_1,,,N2_2,L_2,M_1
470925,L2,L1,L1,L1,L3,L2,L1,L1,L2,C2_3,D2_2,F2_1,,,N2_2,L_2,M_2
470926,L2,L1,L1,L1,L3,L2,L1,L1,L2,C2_3,D2_2,F2_1,,,N2_2,L_3,M_1
470927,L2,L1,L1,L1,L3,L2,L1,L1,L2,C2_3,D2_2,F2_1,,,N2_2,L_3,M_2
470928,L2,L1,L1,L1,L3,L2,L1,L1,L2,C2_3,D2_2,F2_2,,,N2_1,L_1,M_1
470929,L2,L1,L1,L1,L3,L2,L1,L1,L2,C2_3,D2_2,F2_2,,,N2_1,L_1,M_2
470930,L2,L1,L1,L1,L3,L2,L1,L1,L2,C2_3,D2_2,F2_2,,,N2_1,L_2,M_1
470931,L2,L1,L1,L1,L3,L2,L1,L1,L2,C2_3,D2_2,F2_2,,,N2_1,L_2,M_2
470932,L2,L1,L1,L1,L3,L2,L1,L1,L2,C2_3,D2_2,F2_2,,,N2_1,L_3,M_1
470933,L2,L1,L1,L1,L3,L2,L1,L1,L2,C2_3,D2_2,F2_2,,,N2_1,L_3,M_2
470934,L2,L1,L1,L1,L3,L2,L1,L1,L2,C2_3,D2_2,F2_2,,,N2_2,L_1,M_1
470935,L2,L1,L1,L1,L3,L2,L1,L1,L2,C2_3,D2_2,F2_2,,,N2_2,L_1,M_2
470936,L2,L1,L1,L1,L3,L2,L1,L1,L2,C2_3,D2_2,F2_2,,,N2_2,L_2,M_1
470937,L2,L1,L1,L1,L3,L2,L1,L1,L2,C2_3,D2_2,F2_2,,,N2_2,L_2,M_2
470938,L2,L1,L1,L1,L3,L2,L1,L1,L2,C2_3,D2_2,F2_2,,,N2_2,L_3,M_1
470939,L2,L1,L1,L1,L3,L2,L1,L1,L2,C2_3,D2_2,F2_2,,,N2_2,L_3,M_2
470940,L2,L1,L1,L1,L3,L2,L1,L1,L2,C2_3,D2_2,F2_3,,,N2_1,L_1,M_1
470941,L2,L1,L1,L1,L3,L2,L1,L1,L2,C2_3,D2_2,F2_3,,,N2_1,L_1,M_2
470942,L2,L1,L1,L1,L3,L2,L1,L1,L2,C2_3,D2_2,F2_3,,,N2_1,L_2,M_1
470943,L2,L1,L1,L1,L3,L2,L1,L1,L2,C2_3,D2_2,F2_3,,,N2_1,L_2,M_2
470944,L2,L1,L1,L1,L3,L2,L1,L1,L2,C2_3,D2_2,F2_3,,,N2_1,L_3,M_1
470945,L2,L1,L1,L1,L3,L2,L1,L1,L2,C2_3,D2_2,F2_3,,,N2_1,L_3,M_2
470946,L2,L1,L1,L1,L3,L2,L1,L1,L2,C2_3,D2_2,F2_3,,,N2_2,L_1,M_1
470947,L2,L1,L1,L1,L3,L2,L1,L1,L2,C2_3,D2_2,F2_3,,,N2_2,L_1,M_2
470948,L2,L1,L1,L1,L3,L2,L1,L1,L2,C2_3,D2_2,F2_3,,,N2_2,L_2,M_1
470949,L2,L1,L1,L1,L3,L2,L1,L1,L2,C2_3,D2_2,F2_3,,,N2_2,L_2,M_2
470950,L2,L1,L1,L1,L3,L2,L1,L1,L2,C2_3,D2_2,F2_3,,,N2_2,L_3,M_1
470951,L2,L1,L1,L1,L3,L2,L1,L1,L2,C2_3,D2_2,F2_3,,,N2_2,L_3,M_2
470952,L2,L1,L1,L1,L3,L2,L1,L1,L2,C2_3,D2_3,F2_1,,,N2_1,L_1,M_1
470953,L2,L1,L1,L1,L3,L2,L1,L1,L2,C2_3,D2_3,F2_1,,,N2_1,L_1,M_2
470954,L2,L1,L1,L1,L3,L2,L1,L1,L2,C2_3,D2_3,F2_1,,,N2_1,L_2,M_1
470955,L2,L1,L1,L1,L3,L2,L1,L1,L2,C2_3,D2_3,F2_1,,,N2_1,L_2,M_2
470956,L2,L1,L1,L1,L3,L2,L1,L1,L2,C2_3,D2_3,F2_1,,,N2_1,L_3,M_1
470957,L2,L1,L1,L1,L3,L2,L1,L1,L2,C2_3,D2_3,F2_1,,,N2_1,L_3,M_2
470958,L2,L1,L1,L1,L3,L2,L1,L1,L2,C2_3,D2_3,F2_1,,,N2_2,L_1,M_1
470959,L2,L1,L1,L1,L3,L2,L1,L1,L2,C2_3,D2_3,F2_1,,,N2_2,L_1,M_2
470960,L2,L1,L1,L1,L3,L2,L1,L1,L2,C2_3,D2_3,F2_1,,,N2_2,L_2,M_1
470961,L2,L1,L1,L1,L3,L2,L1,L1,L2,C2_3,D2_3,F2_1,,,N2_2,L_2,M_2
470962,L2,L1,L1,L1,L3,L2,L1,L1,L2,C2_3,D2_3,F2_1,,,N2_2,L_3,M_1
470963,L2,L1,L1,L1,L3,L2,L1,L1,L2,C2_3,D2_3,F2_1,,,N2_2,L_3,M_2
470964,L2,L1,L1,L1,L3,L2,L1,L1,L2,C2_3,D2_3,F2_2,,,N2_1,L_1,M_1
470965,L2,L1,L1,L1,L3,L2,L1,L1,L2,C2_3,D2_3,F2_2,,,N2_1,L_1,M_2
470966,L2,L1,L1,L1,L3,L2,L1,L1,L2,C2_3,D2_3,F2_2,,,N2_1,L_2,M_1
470967,L2,L1,L1,L1,L3,L2,L1,L1,L2,C2_3,D2_3,F2_2,,,N2_1,L_2,M_2
470968,L2,L1,L1,L1,L3,L2,L1,L1,L2,C2_3,D2_3,F2_2,,,N2_1,L_3,M_1
470969,L2,L1,L1,L1,L3,L2,L1,L1,L2,C2_3,D2_3,F2_2,,,N2_1,L_3,M_2
470970,L2,L1,L1,L1,L3,L2,L1,L1,L2,C2_3,D2_3,F2_2,,,N2_2,L_1,M_1
470971,L2,L1,L1,L1,L3,L2,L1,L1,L2,C2_3,D2_3,F2_2,,,N2_2,L_1,M_2
470972,L2,L1,L1,L1,L3,L2,L1,L1,L2,C2_3,D2_3,F2_2,,,N2_2,L_2,M_1
470973,L2,L1,L1,L1,L3,L2,L1,L1,L2,C2_3,D2_3,F2_2,,,N2_2,L_2,M_2
470974,L2,L1,L1,L1,L3,L2,L1,L1,L2,C2_3,D2_3,F2_2,,,N2_2,L_3,M_1
470975,L2,L1,L1,L1,L3,L2,L1,L1,L2,C2_3,D2_3,F2_2,,,N2_2,L_3,M_2
470976,L2,L1,L1,L1,L3,L2,L1,L1,L2,C2_3,D2_3,F2_3,,,N2_1,L_1,M_1
470977,L2,L1,L1,L1,L3,L2,L1,L1,L2,C2_3,D2_3,F2_3,,,N2_1,L_1,M_2
470978,L2,L1,L1,L1,L3,L2,L1,L1,L2,C2_3,D2_3,F2_3,,,N2_1,L_2,M_1
470979,L2,L1,L1,L1,L3,L2,L1,L1,L2,C2_3,D2_3,F2_3,,,N2_1,L_2,M_2
470980,L2,L1,L1,L1,L3,L2,L1,L1,L2,C2_3,D2_3,F2_3,,,N2_1,L_3,M_1
470981,L2,L1,L1,L1,L3,L2,L1,L1,L2,C2_3,D2_3,F2_3,,,N2_1,L_3,M_2
470982,L2,L1,L1,L1,L3,L2,L1,L1,L2,C2_3,D2_3,F2_3,,,N2_2,L_1,M_1
470983,L2,L1,L1,L1,L3,L2,L1,L1,L2,C2_3,D2_3,F2_3,,,N2_2,L_1,M_2
470984,L2,L1,L1,L1,L3,L2,L1,L1,L2,C2_3,D2_3,F2_3,,,N2_2,L_2,M_1
470985,L2,L1,L1,L1,L3,L2,L1,L1,L2,C2_3,D2_3,F2_3,,,N2_2,L_2,M_2
470986,L2,L1,L1,L1,L3,L2,L1,L1,L2,C2_3,D2_3,F2_3,,,N2_2,L_3,M_1
470987,L2,L1,L1,L1,L3,L2,L1,L1,L2,C2_3,D2_3,F2_3,,,N2_2,L_3,M_2
480006,L3,L3,L1,L3,L1,L2,L1,L1,L2,C2_1,D2_1,F2_1,,,N2_1,L_1,M_1
480007,L3,L3,L1,L3,L1,L2,L1,L1,L2,C2_1,D2_1,F2_1,,,N2_1,L_1,M_2
480008,L3,L3,L1,L3,L1,L2,L1,L1,L2,C2_1,D2_1,F2_1,,,N2_1,L_2,M_1
480009,L3,L3,L1,L3,L1,L2,L1,L1,L2,C2_1,D2_1,F2_1,,,N2_1,L_2,M_2
480010,L3,L3,L1,L3,L1,L2,L1,L1,L2,C2_1,D2_1,F2_1,,,N2_1,L_3,M_1
480011,L3,L3,L1,L3,L1,L2,L1,L1,L2,C2_1,D2_1,F2_1,,,N2_1,L_3,M_2
480012,L3,L3,L1,L3,L1,L2,L1,L1,L2,C2_1,D2_1,F2_1,,,N2_2,L_1,M_1
480013,L3,L3,L1,L3,L1,L2,L1,L1,L2,C2_1,D2_1,F2_1,,,N2_2,L_1,M_2
480014,L3,L3,L1,L3,L1,L2,L1,L1,L2,C2_1,D2_1,F2_1,,,N2_2,L_2,M_1
480015,L3,L3,L1,L3,L1,L2,L1,L1,L2,C2_1,D2_1,F2_1,,,N2_2,L_2,M_2
480016,L3,L3,L1,L3,L1,L2,L1,L1,L2,C2_1,D2_1,F2_1,,,N2_2,L_3,M_1
480017,L3,L3,L1,L3,L1,L2,L1,L1,L2,C2_1,D2_1,F2_1,,,N2_2,L_3,M_2
480018,L3,L3,L1,L3,L1,L2,L1,L1,L2,C2_1,D2_1,F2_2,,,N2_1,L_1,M_1
480019,L3,L3,L1,L3,L1,L2,L1,L1,L2,C2_1,D2_1,F2_2,,,N2_1,L_1,M_2
480020,L3,L3,L1,L3,L1,L2,L1,L1,L2,C2_1,D2_1,F2_2,,,N2_1,L_2,M_1
480021,L3,L3,L1,L3,L1,L2,L1,L1,L2,C2_1,D2_1,F2_2,,,N2_1,L_2,M_2
480022,L3,L3,L1,L3,L1,L2,L1,L1,L2,C2_1,D2_1,F2_2,,,N2_1,L_3,M_1
480023,L3,L3,L1,L3,L1,L2,L1,L1,L2,C2_1,D2_1,F2_2,,,N2_1,L_3,M_2
480024,L3,L3,L1,L3,L1,L2,L1,L1,L2,C2_1,D2_1,F2_2,,,N2_2,L_1,M_1
480025,L3,L3,L1,L3,L1,L2,L1,L1,L2,C2_1,D2_1,F2_2,,,N2_2,L_1,M_2
480026,L3,L3,L1,L3,L1,L2,L1,L1,L2,C2_1,D2_1,F2_2,,,N2_2,L_2,M_1
480027,L3,L3,L1,L3,L1,L2,L1,L1,L2,C2_1,D2_1,F2_2,,,N2_2,L_2,M_2
480028,L3,L3,L1,L3,L1,L2,L1,L1,L2,C2_1,D2_1,F2_2,,,N2_2,L_3,M_1
480029,L3,L3,L1,L3,L1,L2,L1,L1,L2,C2_1,D2_1,F2_2,,,N2_2,L_3,M_2
480030,L3,L3,L1,L3,L1,L2,L1,L1,L2,C2_1,D2_1,F2_3,,,N2_1,L_1,M_1
480031,L3,L3,L1,L3,L1,L2,L1,L1,L2,C2_1,D2_1,F2_3,,,N2_1,L_1,M_2
480032,L3,L3,L1,L3,L1,L2,L1,L1,L2,C2_1,D2_1,F2_3,,,N2_1,L_2,M_1
480033,L3,L3,L1,L3,L1,L2,L1,L1,L2,C2_1,D2_1,F2_3,,,N2_1,L_2,M_2
480034,L3,L3,L1,L3,L1,L2,L1,L1,L2,C2_1,D2_1,F2_3,,,N2_1,L_3,M_1
480035,L3,L3,L1,L3,L1,L2,L1,L1,L2,C2_1,D2_1,F2_3,,,N2_1,L_3,M_2
480036,L3,L3,L1,L3,L1,L2,L1,L1,L2,C2_1,D2_1,F2_3,,,N2_2,L_1,M_1
480037,L3,L3,L1,L3,L1,L2,L1,L1,L2,C2_1,D2_1,F2_3,,,N2_2,L_1,M_2
480038,L3,L3,L1,L3,L1,L2,L1,L1,L2,C2_1,D2_1,F2_3,,,N2_2,L_2,M_1
480039,L3,L3,L1,L3,L1,L2,L1,L1,L2,C2_1,D2_1,F2_3,,,N2_2,L_2,M_2
480040,L3,L3,L1,L3,L1,L2,L1,L1,L2,C2_1,D2_1,F2_3,,,N2_2,L_3,M_1
480041,L3,L3,L1,L3,L1,L2,L1,L1,L2,C2_1,D2_1,F2_3,,,N2_2,L_3,M_2
480042,L3,L3,L1,L3,L1,L2,L1,L1,L2,C2_1,D2_2,F2_1,,,N2_1,L_1,M_1
480043,L3,L3,L1,L3,L1,L2,L1,L1,L2,C2_1,D2_2,F2_1,,,N2_1,L_1,M_2
480044,L3,L3,L1,L3,L1,L2,L1,L1,L2,C2_1,D2_2,F2_1,,,N2_1,L_2,M_1
480045,L3,L3,L1,L3,L1,L2,L1,L1,L2,C2_1,D2_2,F2_1,,,N2_1,L_2,M_2
480046,L3,L3,L1,L3,L1,L2,L1,L1,L2,C2_1,D2_2,F2_1,,,N2_1,L_3,M_1
480047,L3,L3,L1,L3,L1,L2,L1,L1,L2,C2_1,D2_2,F2_1,,,N2_1,L_3,M_2
480048,L3,L3,L1,L3,L1,L2,L1,L1,L2,C2_1,D2_2,F2_1,,,N2_2,L_1,M_1
480049,L3,L3,L1,L3,L1,L2,L1,L1,L2,C2_1,D2_2,F2_1,,,N2_2,L_1,M_2
480050,L3,L3,L1,L3,L1,L2,L1,L1,L2,C2_1,D2_2,F2_1,,,N2_2,L_2,M_1
480051,L3,L3,L1,L3,L1,L2,L1,L1,L2,C2_1,D2_2,F2_1,,,N2_2,L_2,M_2
480052,L3,L3,L1,L3,L1,L2,L1,L1,L2,C2_1,D2_2,F2_1,,,N2_2,L_3,M_1
480053,L3,L3,L1,L3,L1,L2,L1,L1,L2,C2_1,D2_2,F2_1,,,N2_2,L_3,M_2
480054,L3,L3,L1,L3,L1,L2,L1,L1,L2,C2_1,D2_2,F2_2,,,N2_1,L_1,M_1
480055,L3,L3,L1,L3,L1,L2,L1,L1,L2,C2_1,D2_2,F2_2,,,N2_1,L_1,M_2
480056,L3,L3,L1,L3,L1,L2,L1,L1,L2,C2_1,D2_2,F2_2,,,N2_1,L_2,M_1
480057,L3,L3,L1,L3,L1,L2,L1,L1,L2,C2_1,D2_2,F2_2,,,N2_1,L_2,M_2
480058,L3,L3,L1,L3,L1,L2,L1,L1,L2,C2_1,D2_2,F2_2,,,N2_1,L_3,M_1
480059,L3,L3,L1,L3,L1,L2,L1,L1,L2,C2_1,D2_2,F2_2,,,N2_1,L_3,M_2
480060,L3,L3,L1,L3,L1,L2,L1,L1,L2,C2_1,D2_2,F2_2,,,N2_2,L_1,M_1
480061,L3,L3,L1,L3,L1,L2,L1,L1,L2,C2_1,D2_2,F2_2,,,N2_2,L_1,M_2
480062,L3,L3,L1,L3,L1,L2,L1,L1,L2,C2_1,D2_2,F2_2,,,N2_2,L_2,M_1
480063,L3,L3,L1,L3,L1,L2,L1,L1,L2,C2_1,D2_2,F2_2,,,N2_2,L_2,M_2
480064,L3,L3,L1,L3,L1,L2,L1,L1,L2,C2_1,D2_2,F2_2,,,N2_2,L_3,M_1
480065,L3,L3,L1,L3,L1,L2,L1,L1,L2,C2_1,D2_2,F2_2,,,N2_2,L_3,M_2
480066,L3,L3,L1,L3,L1,L2,L1,L1,L2,C2_1,D2_2,F2_3,,,N2_1,L_1,M_1
480067,L3,L3,L1,L3,L1,L2,L1,L1,L2,C2_1,D2_2,F2_3,,,N2_1,L_1,M_2
480068,L3,L3,L1,L3,L1,L2,L1,L1,L2,C2_1,D2_2,F2_3,,,N2_1,L_2,M_1
480069,L3,L3,L1,L3,L1,L2,L1,L1,L2,C2_1,D2_2,F2_3,,,N2_1,L_2,M_2
480070,L3,L3,L1,L3,L1,L2,L1,L1,L2,C2_1,D2_2,F2_3,,,N2_1,L_3,M_1
480071,L3,L3,L1,L3,L1,L2,L1,L1,L2,C2_1,D2_2,F2_3,,,N2_1,L_3,M_2
480072,L3,L3,L1,L3,L1,L2,L1,L1,L2,C2_1,D2_2,F2_3,,,N2_2,L_1,M_1
480073,L3,L3,L1,L3,L1,L2,L1,L1,L2,C2_1,D2_2,F2_3,,,N2_2,L_1,M_2
480074,L3,L3,L1,L3,L1,L2,L1,L1,L2,C2_1,D2_2,F2_3,,,N2_2,L_2,M_1
480075,L3,L3,L1,L3,L1,L2,L1,L1,L2,C2_1,D2_2,F2_3,,,N2_2,L_2,M_2
480076,L3,L3,L1,L3,L1,L2,L1,L1,L2,C2_1,D2_2,F2_3,,,N2_2,L_3,M_1
480077,L3,L3,L1,L3,L1,L2,L1,L1,L2,C2_1,D2_2,F2_3,,,N2_2,L_3,M_2
480078,L3,L3,L1,L3,L1,L2,L1,L1,L2,C2_1,D2_3,F2_1,,,N2_1,L_1,M_1
480079,L3,L3,L1,L3,L1,L2,L1,L1,L2,C2_1,D2_3,F2_1,,,N2_1,L_1,M_2
480080,L3,L3,L1,L3,L1,L2,L1,L1,L2,C2_1,D2_3,F2_1,,,N2_1,L_2,M_1
480081,L3,L3,L1,L3,L1,L2,L1,L1,L2,C2_1,D2_3,F2_1,,,N2_1,L_2,M_2
480082,L3,L3,L1,L3,L1,L2,L1,L1,L2,C2_1,D2_3,F2_1,,,N2_1,L_3,M_1
480083,L3,L3,L1,L3,L1,L2,L1,L1,L2,C2_1,D2_3,F2_1,,,N2_1,L_3,M_2
480084,L3,L3,L1,L3,L1,L2,L1,L1,L2,C2_1,D2_3,F2_1,,,N2_2,L_1,M_1
480085,L3,L3,L1,L3,L1,L2,L1,L1,L2,C2_1,D2_3,F2_1,,,N2_2,L_1,M_2
480086,L3,L3,L1,L3,L1,L2,L1,L1,L2,C2_1,D2_3,F2_1,,,N2_2,L_2,M_1
480087,L3,L3,L1,L3,L1,L2,L1,L1,L2,C2_1,D2_3,F2_1,,,N2_2,L_2,M_2
480088,L3,L3,L1,L3,L1,L2,L1,L1,L2,C2_1,D2_3,F2_1,,,N2_2,L_3,M_1
480089,L3,L3,L1,L3,L1,L2,L1,L1,L2,C2_1,D2_3,F2_1,,,N2_2,L_3,M_2
480090,L3,L3,L1,L3,L1,L2,L1,L1,L2,C2_1,D2_3,F2_2,,,N2_1,L_1,M_1
480091,L3,L3,L1,L3,L1,L2,L1,L1,L2,C2_1,D2_3,F2_2,,,N2_1,L_1,M_2
480092,L3,L3,L1,L3,L1,L2,L1,L1,L2,C2_1,D2_3,F2_2,,,N2_1,L_2,M_1
480093,L3,L3,L1,L3,L1,L2,L1,L1,L2,C2_1,D2_3,F2_2,,,N2_1,L_2,M_2
480094,L3,L3,L1,L3,L1,L2,L1,L1,L2,C2_1,D2_3,F2_2,,,N2_1,L_3,M_1
480095,L3,L3,L1,L3,L1,L2,L1,L1,L2,C2_1,D2_3,F2_2,,,N2_1,L_3,M_2
480096,L3,L3,L1,L3,L1,L2,L1,L1,L2,C2_1,D2_3,F2_2,,,N2_2,L_1,M_1
480097,L3,L3,L1,L3,L1,L2,L1,L1,L2,C2_1,D2_3,F2_2,,,N2_2,L_1,M_2
480098,L3,L3,L1,L3,L1,L2,L1,L1,L2,C2_1,D2_3,F2_2,,,N2_2,L_2,M_1
480099,L3,L3,L1,L3,L1,L2,L1,L1,L2,C2_1,D2_3,F2_2,,,N2_2,L_2,M_2
480100,L3,L3,L1,L3,L1,L2,L1,L1,L2,C2_1,D2_3,F2_2,,,N2_2,L_3,M_1
480101,L3,L3,L1,L3,L1,L2,L1,L1,L2,C2_1,D2_3,F2_2,,,N2_2,L_3,M_2
480102,L3,L3,L1,L3,L1,L2,L1,L1,L2,C2_1,D2_3,F2_3,,,N2_1,L_1,M_1
480103,L3,L3,L1,L3,L1,L2,L1,L1,L2,C2_1,D2_3,F2_3,,,N2_1,L_1,M_2
480104,L3,L3,L1,L3,L1,L2,L1,L1,L2,C2_1,D2_3,F2_3,,,N2_1,L_2,M_1
480105,L3,L3,L1,L3,L1,L2,L1,L1,L2,C2_1,D2_3,F2_3,,,N2_1,L_2,M_2
480106,L3,L3,L1,L3,L1,L2,L1,L1,L2,C2_1,D2_3,F2_3,,,N2_1,L_3,M_1
480107,L3,L3,L1,L3,L1,L2,L1,L1,L2,C2_1,D2_3,F2_3,,,N2_1,L_3,M_2
480108,L3,L3,L1,L3,L1,L2,L1,L1,L2,C2_1,D2_3,F2_3,,,N2_2,L_1,M_1
480109,L3,L3,L1,L3,L1,L2,L1,L1,L2,C2_1,D2_3,F2_3,,,N2_2,L_1,M_2
480110,L3,L3,L1,L3,L1,L2,L1,L1,L2,C2_1,D2_3,F2_3,,,N2_2,L_2,M_1
480111,L3,L3,L1,L3,L1,L2,L1,L1,L2,C2_1,D2_3,F2_3,,,N2_2,L_2,M_2
480112,L3,L3,L1,L3,L1,L2,L1,L1,L2,C2_1,D2_3,F2_3,,,N2_2,L_3,M_1
480113,L3,L3,L1,L3,L1,L2,L1,L1,L2,C2_1,D2_3,F2_3,,,N2_2,L_3,M_2
480114,L3,L3,L1,L3,L1,L2,L1,L1,L2,C2_2,D2_1,F2_1,,,N2_1,L_1,M_1
480115,L3,L3,L1,L3,L1,L2,L1,L1,L2,C2_2,D2_1,F2_1,,,N2_1,L_1,M_2
480116,L3,L3,L1,L3,L1,L2,L1,L1,L2,C2_2,D2_1,F2_1,,,N2_1,L_2,M_1
480117,L3,L3,L1,L3,L1,L2,L1,L1,L2,C2_2,D2_1,F2_1,,,N2_1,L_2,M_2
480118,L3,L3,L1,L3,L1,L2,L1,L1,L2,C2_2,D2_1,F2_1,,,N2_1,L_3,M_1
480119,L3,L3,L1,L3,L1,L2,L1,L1,L2,C2_2,D2_1,F2_1,,,N2_1,L_3,M_2
480120,L3,L3,L1,L3,L1,L2,L1,L1,L2,C2_2,D2_1,F2_1,,,N2_2,L_1,M_1
480121,L3,L3,L1,L3,L1,L2,L1,L1,L2,C2_2,D2_1,F2_1,,,N2_2,L_1,M_2
480122,L3,L3,L1,L3,L1,L2,L1,L1,L2,C2_2,D2_1,F2_1,,,N2_2,L_2,M_1
480123,L3,L3,L1,L3,L1,L2,L1,L1,L2,C2_2,D2_1,F2_1,,,N2_2,L_2,M_2
480124,L3,L3,L1,L3,L1,L2,L1,L1,L2,C2_2,D2_1,F2_1,,,N2_2,L_3,M_1
480125,L3,L3,L1,L3,L1,L2,L1,L1,L2,C2_2,D2_1,F2_1,,,N2_2,L_3,M_2
480126,L3,L3,L1,L3,L1,L2,L1,L1,L2,C2_2,D2_1,F2_2,,,N2_1,L_1,M_1
480127,L3,L3,L1,L3,L1,L2,L1,L1,L2,C2_2,D2_1,F2_2,,,N2_1,L_1,M_2
480128,L3,L3,L1,L3,L1,L2,L1,L1,L2,C2_2,D2_1,F2_2,,,N2_1,L_2,M_1
480129,L3,L3,L1,L3,L1,L2,L1,L1,L2,C2_2,D2_1,F2_2,,,N2_1,L_2,M_2
480130,L3,L3,L1,L3,L1,L2,L1,L1,L2,C2_2,D2_1,F2_2,,,N2_1,L_3,M_1
480131,L3,L3,L1,L3,L1,L2,L1,L1,L2,C2_2,D2_1,F2_2,,,N2_1,L_3,M_2
480132,L3,L3,L1,L3,L1,L2,L1,L1,L2,C2_2,D2_1,F2_2,,,N2_2,L_1,M_1
480133,L3,L3,L1,L3,L1,L2,L1,L1,L2,C2_2,D2_1,F2_2,,,N2_2,L_1,M_2
480134,L3,L3,L1,L3,L1,L2,L1,L1,L2,C2_2,D2_1,F2_2,,,N2_2,L_2,M_1
480135,L3,L3,L1,L3,L1,L2,L1,L1,L2,C2_2,D2_1,F2_2,,,N2_2,L_2,M_2
480136,L3,L3,L1,L3,L1,L2,L1,L1,L2,C2_2,D2_1,F2_2,,,N2_2,L_3,M_1
480137,L3,L3,L1,L3,L1,L2,L1,L1,L2,C2_2,D2_1,F2_2,,,N2_2,L_3,M_2
480138,L3,L3,L1,L3,L1,L2,L1,L1,L2,C2_2,D2_1,F2_3,,,N2_1,L_1,M_1
480139,L3,L3,L1,L3,L1,L2,L1,L1,L2,C2_2,D2_1,F2_3,,,N2_1,L_1,M_2
480140,L3,L3,L1,L3,L1,L2,L1,L1,L2,C2_2,D2_1,F2_3,,,N2_1,L_2,M_1
480141,L3,L3,L1,L3,L1,L2,L1,L1,L2,C2_2,D2_1,F2_3,,,N2_1,L_2,M_2
480142,L3,L3,L1,L3,L1,L2,L1,L1,L2,C2_2,D2_1,F2_3,,,N2_1,L_3,M_1
480143,L3,L3,L1,L3,L1,L2,L1,L1,L2,C2_2,D2_1,F2_3,,,N2_1,L_3,M_2
480144,L3,L3,L1,L3,L1,L2,L1,L1,L2,C2_2,D2_1,F2_3,,,N2_2,L_1,M_1
480145,L3,L3,L1,L3,L1,L2,L1,L1,L2,C2_2,D2_1,F2_3,,,N2_2,L_1,M_2
480146,L3,L3,L1,L3,L1,L2,L1,L1,L2,C2_2,D2_1,F2_3,,,N2_2,L_2,M_1
480147,L3,L3,L1,L3,L1,L2,L1,L1,L2,C2_2,D2_1,F2_3,,,N2_2,L_2,M_2
480148,L3,L3,L1,L3,L1,L2,L1,L1,L2,C2_2,D2_1,F2_3,,,N2_2,L_3,M_1
480149,L3,L3,L1,L3,L1,L2,L1,L1,L2,C2_2,D2_1,F2_3,,,N2_2,L_3,M_2
480150,L3,L3,L1,L3,L1,L2,L1,L1,L2,C2_2,D2_2,F2_1,,,N2_1,L_1,M_1
480151,L3,L3,L1,L3,L1,L2,L1,L1,L2,C2_2,D2_2,F2_1,,,N2_1,L_1,M_2
480152,L3,L3,L1,L3,L1,L2,L1,L1,L2,C2_2,D2_2,F2_1,,,N2_1,L_2,M_1
480153,L3,L3,L1,L3,L1,L2,L1,L1,L2,C2_2,D2_2,F2_1,,,N2_1,L_2,M_2
480154,L3,L3,L1,L3,L1,L2,L1,L1,L2,C2_2,D2_2,F2_1,,,N2_1,L_3,M_1
480155,L3,L3,L1,L3,L1,L2,L1,L1,L2,C2_2,D2_2,F2_1,,,N2_1,L_3,M_2
480156,L3,L3,L1,L3,L1,L2,L1,L1,L2,C2_2,D2_2,F2_1,,,N2_2,L_1,M_1
480157,L3,L3,L1,L3,L1,L2,L1,L1,L2,C2_2,D2_2,F2_1,,,N2_2,L_1,M_2
480158,L3,L3,L1,L3,L1,L2,L1,L1,L2,C2_2,D2_2,F2_1,,,N2_2,L_2,M_1
480159,L3,L3,L1,L3,L1,L2,L1,L1,L2,C2_2,D2_2,F2_1,,,N2_2,L_2,M_2
480160,L3,L3,L1,L3,L1,L2,L1,L1,L2,C2_2,D2_2,F2_1,,,N2_2,L_3,M_1
480161,L3,L3,L1,L3,L1,L2,L1,L1,L2,C2_2,D2_2,F2_1,,,N2_2,L_3,M_2
480162,L3,L3,L1,L3,L1,L2,L1,L1,L2,C2_2,D2_2,F2_2,,,N2_1,L_1,M_1
480163,L3,L3,L1,L3,L1,L2,L1,L1,L2,C2_2,D2_2,F2_2,,,N2_1,L_1,M_2
480164,L3,L3,L1,L3,L1,L2,L1,L1,L2,C2_2,D2_2,F2_2,,,N2_1,L_2,M_1
480165,L3,L3,L1,L3,L1,L2,L1,L1,L2,C2_2,D2_2,F2_2,,,N2_1,L_2,M_2
480166,L3,L3,L1,L3,L1,L2,L1,L1,L2,C2_2,D2_2,F2_2,,,N2_1,L_3,M_1
480167,L3,L3,L1,L3,L1,L2,L1,L1,L2,C2_2,D2_2,F2_2,,,N2_1,L_3,M_2
480168,L3,L3,L1,L3,L1,L2,L1,L1,L2,C2_2,D2_2,F2_2,,,N2_2,L_1,M_1
480169,L3,L3,L1,L3,L1,L2,L1,L1,L2,C2_2,D2_2,F2_2,,,N2_2,L_1,M_2
480170,L3,L3,L1,L3,L1,L2,L1,L1,L2,C2_2,D2_2,F2_2,,,N2_2,L_2,M_1
480171,L3,L3,L1,L3,L1,L2,L1,L1,L2,C2_2,D2_2,F2_2,,,N2_2,L_2,M_2
480172,L3,L3,L1,L3,L1,L2,L1,L1,L2,C2_2,D2_2,F2_2,,,N2_2,L_3,M_1
480173,L3,L3,L1,L3,L1,L2,L1,L1,L2,C2_2,D2_2,F2_2,,,N2_2,L_3,M_2
480174,L3,L3,L1,L3,L1,L2,L1,L1,L2,C2_2,D2_2,F2_3,,,N2_1,L_1,M_1
480175,L3,L3,L1,L3,L1,L2,L1,L1,L2,C2_2,D2_2,F2_3,,,N2_1,L_1,M_2
480176,L3,L3,L1,L3,L1,L2,L1,L1,L2,C2_2,D2_2,F2_3,,,N2_1,L_2,M_1
480177,L3,L3,L1,L3,L1,L2,L1,L1,L2,C2_2,D2_2,F2_3,,,N2_1,L_2,M_2
480178,L3,L3,L1,L3,L1,L2,L1,L1,L2,C2_2,D2_2,F2_3,,,N2_1,L_3,M_1
480179,L3,L3,L1,L3,L1,L2,L1,L1,L2,C2_2,D2_2,F2_3,,,N2_1,L_3,M_2
480180,L3,L3,L1,L3,L1,L2,L1,L1,L2,C2_2,D2_2,F2_3,,,N2_2,L_1,M_1
480181,L3,L3,L1,L3,L1,L2,L1,L1,L2,C2_2,D2_2,F2_3,,,N2_2,L_1,M_2
480182,L3,L3,L1,L3,L1,L2,L1,L1,L2,C2_2,D2_2,F2_3,,,N2_2,L_2,M_1
480183,L3,L3,L1,L3,L1,L2,L1,L1,L2,C2_2,D2_2,F2_3,,,N2_2,L_2,M_2
480184,L3,L3,L1,L3,L1,L2,L1,L1,L2,C2_2,D2_2,F2_3,,,N2_2,L_3,M_1
480185,L3,L3,L1,L3,L1,L2,L1,L1,L2,C2_2,D2_2,F2_3,,,N2_2,L_3,M_2
480186,L3,L3,L1,L3,L1,L2,L1,L1,L2,C2_2,D2_3,F2_1,,,N2_1,L_1,M_1
480187,L3,L3,L1,L3,L1,L2,L1,L1,L2,C2_2,D2_3,F2_1,,,N2_1,L_1,M_2
480188,L3,L3,L1,L3,L1,L2,L1,L1,L2,C2_2,D2_3,F2_1,,,N2_1,L_2,M_1
480189,L3,L3,L1,L3,L1,L2,L1,L1,L2,C2_2,D2_3,F2_1,,,N2_1,L_2,M_2
480190,L3,L3,L1,L3,L1,L2,L1,L1,L2,C2_2,D2_3,F2_1,,,N2_1,L_3,M_1
480191,L3,L3,L1,L3,L1,L2,L1,L1,L2,C2_2,D2_3,F2_1,,,N2_1,L_3,M_2
480192,L3,L3,L1,L3,L1,L2,L1,L1,L2,C2_2,D2_3,F2_1,,,N2_2,L_1,M_1
480193,L3,L3,L1,L3,L1,L2,L1,L1,L2,C2_2,D2_3,F2_1,,,N2_2,L_1,M_2
480194,L3,L3,L1,L3,L1,L2,L1,L1,L2,C2_2,D2_3,F2_1,,,N2_2,L_2,M_1
480195,L3,L3,L1,L3,L1,L2,L1,L1,L2,C2_2,D2_3,F2_1,,,N2_2,L_2,M_2
480196,L3,L3,L1,L3,L1,L2,L1,L1,L2,C2_2,D2_3,F2_1,,,N2_2,L_3,M_1
480197,L3,L3,L1,L3,L1,L2,L1,L1,L2,C2_2,D2_3,F2_1,,,N2_2,L_3,M_2
480198,L3,L3,L1,L3,L1,L2,L1,L1,L2,C2_2,D2_3,F2_2,,,N2_1,L_1,M_1
480199,L3,L3,L1,L3,L1,L2,L1,L1,L2,C2_2,D2_3,F2_2,,,N2_1,L_1,M_2
480200,L3,L3,L1,L3,L1,L2,L1,L1,L2,C2_2,D2_3,F2_2,,,N2_1,L_2,M_1
480201,L3,L3,L1,L3,L1,L2,L1,L1,L2,C2_2,D2_3,F2_2,,,N2_1,L_2,M_2
480202,L3,L3,L1,L3,L1,L2,L1,L1,L2,C2_2,D2_3,F2_2,,,N2_1,L_3,M_1
480203,L3,L3,L1,L3,L1,L2,L1,L1,L2,C2_2,D2_3,F2_2,,,N2_1,L_3,M_2
480204,L3,L3,L1,L3,L1,L2,L1,L1,L2,C2_2,D2_3,F2_2,,,N2_2,L_1,M_1
480205,L3,L3,L1,L3,L1,L2,L1,L1,L2,C2_2,D2_3,F2_2,,,N2_2,L_1,M_2
480206,L3,L3,L1,L3,L1,L2,L1,L1,L2,C2_2,D2_3,F2_2,,,N2_2,L_2,M_1
480207,L3,L3,L1,L3,L1,L2,L1,L1,L2,C2_2,D2_3,F2_2,,,N2_2,L_2,M_2
480208,L3,L3,L1,L3,L1,L2,L1,L1,L2,C2_2,D2_3,F2_2,,,N2_2,L_3,M_1
480209,L3,L3,L1,L3,L1,L2,L1,L1,L2,C2_2,D2_3,F2_2,,,N2_2,L_3,M_2
480210,L3,L3,L1,L3,L1,L2,L1,L1,L2,C2_2,D2_3,F2_3,,,N2_1,L_1,M_1
480211,L3,L3,L1,L3,L1,L2,L1,L1,L2,C2_2,D2_3,F2_3,,,N2_1,L_1,M_2
480212,L3,L3,L1,L3,L1,L2,L1,L1,L2,C2_2,D2_3,F2_3,,,N2_1,L_2,M_1
480213,L3,L3,L1,L3,L1,L2,L1,L1,L2,C2_2,D2_3,F2_3,,,N2_1,L_2,M_2
480214,L3,L3,L1,L3,L1,L2,L1,L1,L2,C2_2,D2_3,F2_3,,,N2_1,L_3,M_1
480215,L3,L3,L1,L3,L1,L2,L1,L1,L2,C2_2,D2_3,F2_3,,,N2_1,L_3,M_2
480216,L3,L3,L1,L3,L1,L2,L1,L1,L2,C2_2,D2_3,F2_3,,,N2_2,L_1,M_1
480217,L3,L3,L1,L3,L1,L2,L1,L1,L2,C2_2,D2_3,F2_3,,,N2_2,L_1,M_2
480218,L3,L3,L1,L3,L1,L2,L1,L1,L2,C2_2,D2_3,F2_3,,,N2_2,L_2,M_1
480219,L3,L3,L1,L3,L1,L2,L1,L1,L2,C2_2,D2_3,F2_3,,,N2_2,L_2,M_2
480220,L3,L3,L1,L3,L1,L2,L1,L1,L2,C2_2,D2_3,F2_3,,,N2_2,L_3,M_1
480221,L3,L3,L1,L3,L1,L2,L1,L1,L2,C2_2,D2_3,F2_3,,,N2_2,L_3,M_2
480222,L3,L3,L1,L3,L1,L2,L1,L1,L2,C2_3,D2_1,F2_1,,,N2_1,L_1,M_1
480223,L3,L3,L1,L3,L1,L2,L1,L1,L2,C2_3,D2_1,F2_1,,,N2_1,L_1,M_2
480224,L3,L3,L1,L3,L1,L2,L1,L1,L2,C2_3,D2_1,F2_1,,,N2_1,L_2,M_1
480225,L3,L3,L1,L3,L1,L2,L1,L1,L2,C2_3,D2_1,F2_1,,,N2_1,L_2,M_2
480226,L3,L3,L1,L3,L1,L2,L1,L1,L2,C2_3,D2_1,F2_1,,,N2_1,L_3,M_1
480227,L3,L3,L1,L3,L1,L2,L1,L1,L2,C2_3,D2_1,F2_1,,,N2_1,L_3,M_2
480228,L3,L3,L1,L3,L1,L2,L1,L1,L2,C2_3,D2_1,F2_1,,,N2_2,L_1,M_1
480229,L3,L3,L1,L3,L1,L2,L1,L1,L2,C2_3,D2_1,F2_1,,,N2_2,L_1,M_2
480230,L3,L3,L1,L3,L1,L2,L1,L1,L2,C2_3,D2_1,F2_1,,,N2_2,L_2,M_1
480231,L3,L3,L1,L3,L1,L2,L1,L1,L2,C2_3,D2_1,F2_1,,,N2_2,L_2,M_2
480232,L3,L3,L1,L3,L1,L2,L1,L1,L2,C2_3,D2_1,F2_1,,,N2_2,L_3,M_1
480233,L3,L3,L1,L3,L1,L2,L1,L1,L2,C2_3,D2_1,F2_1,,,N2_2,L_3,M_2
480234,L3,L3,L1,L3,L1,L2,L1,L1,L2,C2_3,D2_1,F2_2,,,N2_1,L_1,M_1
480235,L3,L3,L1,L3,L1,L2,L1,L1,L2,C2_3,D2_1,F2_2,,,N2_1,L_1,M_2
480236,L3,L3,L1,L3,L1,L2,L1,L1,L2,C2_3,D2_1,F2_2,,,N2_1,L_2,M_1
480237,L3,L3,L1,L3,L1,L2,L1,L1,L2,C2_3,D2_1,F2_2,,,N2_1,L_2,M_2
480238,L3,L3,L1,L3,L1,L2,L1,L1,L2,C2_3,D2_1,F2_2,,,N2_1,L_3,M_1
480239,L3,L3,L1,L3,L1,L2,L1,L1,L2,C2_3,D2_1,F2_2,,,N2_1,L_3,M_2
480240,L3,L3,L1,L3,L1,L2,L1,L1,L2,C2_3,D2_1,F2_2,,,N2_2,L_1,M_1
480241,L3,L3,L1,L3,L1,L2,L1,L1,L2,C2_3,D2_1,F2_2,,,N2_2,L_1,M_2
480242,L3,L3,L1,L3,L1,L2,L1,L1,L2,C2_3,D2_1,F2_2,,,N2_2,L_2,M_1
480243,L3,L3,L1,L3,L1,L2,L1,L1,L2,C2_3,D2_1,F2_2,,,N2_2,L_2,M_2
480244,L3,L3,L1,L3,L1,L2,L1,L1,L2,C2_3,D2_1,F2_2,,,N2_2,L_3,M_1
480245,L3,L3,L1,L3,L1,L2,L1,L1,L2,C2_3,D2_1,F2_2,,,N2_2,L_3,M_2
480246,L3,L3,L1,L3,L1,L2,L1,L1,L2,C2_3,D2_1,F2_3,,,N2_1,L_1,M_1
480247,L3,L3,L1,L3,L1,L2,L1,L1,L2,C2_3,D2_1,F2_3,,,N2_1,L_1,M_2
480248,L3,L3,L1,L3,L1,L2,L1,L1,L2,C2_3,D2_1,F2_3,,,N2_1,L_2,M_1
480249,L3,L3,L1,L3,L1,L2,L1,L1,L2,C2_3,D2_1,F2_3,,,N2_1,L_2,M_2
480250,L3,L3,L1,L3,L1,L2,L1,L1,L2,C2_3,D2_1,F2_3,,,N2_1,L_3,M_1
480251,L3,L3,L1,L3,L1,L2,L1,L1,L2,C2_3,D2_1,F2_3,,,N2_1,L_3,M_2
480252,L3,L3,L1,L3,L1,L2,L1,L1,L2,C2_3,D2_1,F2_3,,,N2_2,L_1,M_1
480253,L3,L3,L1,L3,L1,L2,L1,L1,L2,C2_3,D2_1,F2_3,,,N2_2,L_1,M_2
480254,L3,L3,L1,L3,L1,L2,L1,L1,L2,C2_3,D2_1,F2_3,,,N2_2,L_2,M_1
480255,L3,L3,L1,L3,L1,L2,L1,L1,L2,C2_3,D2_1,F2_3,,,N2_2,L_2,M_2
480256,L3,L3,L1,L3,L1,L2,L1,L1,L2,C2_3,D2_1,F2_3,,,N2_2,L_3,M_1
480257,L3,L3,L1,L3,L1,L2,L1,L1,L2,C2_3,D2_1,F2_3,,,N2_2,L_3,M_2
480258,L3,L3,L1,L3,L1,L2,L1,L1,L2,C2_3,D2_2,F2_1,,,N2_1,L_1,M_1
480259,L3,L3,L1,L3,L1,L2,L1,L1,L2,C2_3,D2_2,F2_1,,,N2_1,L_1,M_2
480260,L3,L3,L1,L3,L1,L2,L1,L1,L2,C2_3,D2_2,F2_1,,,N2_1,L_2,M_1
480261,L3,L3,L1,L3,L1,L2,L1,L1,L2,C2_3,D2_2,F2_1,,,N2_1,L_2,M_2
480262,L3,L3,L1,L3,L1,L2,L1,L1,L2,C2_3,D2_2,F2_1,,,N2_1,L_3,M_1
480263,L3,L3,L1,L3,L1,L2,L1,L1,L2,C2_3,D2_2,F2_1,,,N2_1,L_3,M_2
480264,L3,L3,L1,L3,L1,L2,L1,L1,L2,C2_3,D2_2,F2_1,,,N2_2,L_1,M_1
480265,L3,L3,L1,L3,L1,L2,L1,L1,L2,C2_3,D2_2,F2_1,,,N2_2,L_1,M_2
480266,L3,L3,L1,L3,L1,L2,L1,L1,L2,C2_3,D2_2,F2_1,,,N2_2,L_2,M_1
480267,L3,L3,L1,L3,L1,L2,L1,L1,L2,C2_3,D2_2,F2_1,,,N2_2,L_2,M_2
480268,L3,L3,L1,L3,L1,L2,L1,L1,L2,C2_3,D2_2,F2_1,,,N2_2,L_3,M_1
480269,L3,L3,L1,L3,L1,L2,L1,L1,L2,C2_3,D2_2,F2_1,,,N2_2,L_3,M_2
480270,L3,L3,L1,L3,L1,L2,L1,L1,L2,C2_3,D2_2,F2_2,,,N2_1,L_1,M_1
480271,L3,L3,L1,L3,L1,L2,L1,L1,L2,C2_3,D2_2,F2_2,,,N2_1,L_1,M_2
480272,L3,L3,L1,L3,L1,L2,L1,L1,L2,C2_3,D2_2,F2_2,,,N2_1,L_2,M_1
480273,L3,L3,L1,L3,L1,L2,L1,L1,L2,C2_3,D2_2,F2_2,,,N2_1,L_2,M_2
480274,L3,L3,L1,L3,L1,L2,L1,L1,L2,C2_3,D2_2,F2_2,,,N2_1,L_3,M_1
480275,L3,L3,L1,L3,L1,L2,L1,L1,L2,C2_3,D2_2,F2_2,,,N2_1,L_3,M_2
480276,L3,L3,L1,L3,L1,L2,L1,L1,L2,C2_3,D2_2,F2_2,,,N2_2,L_1,M_1
480277,L3,L3,L1,L3,L1,L2,L1,L1,L2,C2_3,D2_2,F2_2,,,N2_2,L_1,M_2
480278,L3,L3,L1,L3,L1,L2,L1,L1,L2,C2_3,D2_2,F2_2,,,N2_2,L_2,M_1
480279,L3,L3,L1,L3,L1,L2,L1,L1,L2,C2_3,D2_2,F2_2,,,N2_2,L_2,M_2
480280,L3,L3,L1,L3,L1,L2,L1,L1,L2,C2_3,D2_2,F2_2,,,N2_2,L_3,M_1
480281,L3,L3,L1,L3,L1,L2,L1,L1,L2,C2_3,D2_2,F2_2,,,N2_2,L_3,M_2
480282,L3,L3,L1,L3,L1,L2,L1,L1,L2,C2_3,D2_2,F2_3,,,N2_1,L_1,M_1
480283,L3,L3,L1,L3,L1,L2,L1,L1,L2,C2_3,D2_2,F2_3,,,N2_1,L_1,M_2
480284,L3,L3,L1,L3,L1,L2,L1,L1,L2,C2_3,D2_2,F2_3,,,N2_1,L_2,M_1
480285,L3,L3,L1,L3,L1,L2,L1,L1,L2,C2_3,D2_2,F2_3,,,N2_1,L_2,M_2
480286,L3,L3,L1,L3,L1,L2,L1,L1,L2,C2_3,D2_2,F2_3,,,N2_1,L_3,M_1
480287,L3,L3,L1,L3,L1,L2,L1,L1,L2,C2_3,D2_2,F2_3,,,N2_1,L_3,M_2
480288,L3,L3,L1,L3,L1,L2,L1,L1,L2,C2_3,D2_2,F2_3,,,N2_2,L_1,M_1
480289,L3,L3,L1,L3,L1,L2,L1,L1,L2,C2_3,D2_2,F2_3,,,N2_2,L_1,M_2
480290,L3,L3,L1,L3,L1,L2,L1,L1,L2,C2_3,D2_2,F2_3,,,N2_2,L_2,M_1
480291,L3,L3,L1,L3,L1,L2,L1,L1,L2,C2_3,D2_2,F2_3,,,N2_2,L_2,M_2
480292,L3,L3,L1,L3,L1,L2,L1,L1,L2,C2_3,D2_2,F2_3,,,N2_2,L_3,M_1
480293,L3,L3,L1,L3,L1,L2,L1,L1,L2,C2_3,D2_2,F2_3,,,N2_2,L_3,M_2
480294,L3,L3,L1,L3,L1,L2,L1,L1,L2,C2_3,D2_3,F2_1,,,N2_1,L_1,M_1
480295,L3,L3,L1,L3,L1,L2,L1,L1,L2,C2_3,D2_3,F2_1,,,N2_1,L_1,M_2
480296,L3,L3,L1,L3,L1,L2,L1,L1,L2,C2_3,D2_3,F2_1,,,N2_1,L_2,M_1
480297,L3,L3,L1,L3,L1,L2,L1,L1,L2,C2_3,D2_3,F2_1,,,N2_1,L_2,M_2
480298,L3,L3,L1,L3,L1,L2,L1,L1,L2,C2_3,D2_3,F2_1,,,N2_1,L_3,M_1
480299,L3,L3,L1,L3,L1,L2,L1,L1,L2,C2_3,D2_3,F2_1,,,N2_1,L_3,M_2
480300,L3,L3,L1,L3,L1,L2,L1,L1,L2,C2_3,D2_3,F2_1,,,N2_2,L_1,M_1
480301,L3,L3,L1,L3,L1,L2,L1,L1,L2,C2_3,D2_3,F2_1,,,N2_2,L_1,M_2
480302,L3,L3,L1,L3,L1,L2,L1,L1,L2,C2_3,D2_3,F2_1,,,N2_2,L_2,M_1
480303,L3,L3,L1,L3,L1,L2,L1,L1,L2,C2_3,D2_3,F2_1,,,N2_2,L_2,M_2
480304,L3,L3,L1,L3,L1,L2,L1,L1,L2,C2_3,D2_3,F2_1,,,N2_2,L_3,M_1
480305,L3,L3,L1,L3,L1,L2,L1,L1,L2,C2_3,D2_3,F2_1,,,N2_2,L_3,M_2
480306,L3,L3,L1,L3,L1,L2,L1,L1,L2,C2_3,D2_3,F2_2,,,N2_1,L_1,M_1
480307,L3,L3,L1,L3,L1,L2,L1,L1,L2,C2_3,D2_3,F2_2,,,N2_1,L_1,M_2
480308,L3,L3,L1,L3,L1,L2,L1,L1,L2,C2_3,D2_3,F2_2,,,N2_1,L_2,M_1
480309,L3,L3,L1,L3,L1,L2,L1,L1,L2,C2_3,D2_3,F2_2,,,N2_1,L_2,M_2
480310,L3,L3,L1,L3,L1,L2,L1,L1,L2,C2_3,D2_3,F2_2,,,N2_1,L_3,M_1
480311,L3,L3,L1,L3,L1,L2,L1,L1,L2,C2_3,D2_3,F2_2,,,N2_1,L_3,M_2
480312,L3,L3,L1,L3,L1,L2,L1,L1,L2,C2_3,D2_3,F2_2,,,N2_2,L_1,M_1
480313,L3,L3,L1,L3,L1,L2,L1,L1,L2,C2_3,D2_3,F2_2,,,N2_2,L_1,M_2
480314,L3,L3,L1,L3,L1,L2,L1,L1,L2,C2_3,D2_3,F2_2,,,N2_2,L_2,M_1
480315,L3,L3,L1,L3,L1,L2,L1,L1,L2,C2_3,D2_3,F2_2,,,N2_2,L_2,M_2
480316,L3,L3,L1,L3,L1,L2,L1,L1,L2,C2_3,D2_3,F2_2,,,N2_2,L_3,M_1
480317,L3,L3,L1,L3,L1,L2,L1,L1,L2,C2_3,D2_3,F2_2,,,N2_2,L_3,M_2
480318,L3,L3,L1,L3,L1,L2,L1,L1,L2,C2_3,D2_3,F2_3,,,N2_1,L_1,M_1
480319,L3,L3,L1,L3,L1,L2,L1,L1,L2,C2_3,D2_3,F2_3,,,N2_1,L_1,M_2
480320,L3,L3,L1,L3,L1,L2,L1,L1,L2,C2_3,D2_3,F2_3,,,N2_1,L_2,M_1
480321,L3,L3,L1,L3,L1,L2,L1,L1,L2,C2_3,D2_3,F2_3,,,N2_1,L_2,M_2
480322,L3,L3,L1,L3,L1,L2,L1,L1,L2,C2_3,D2_3,F2_3,,,N2_1,L_3,M_1
480323,L3,L3,L1,L3,L1,L2,L1,L1,L2,C2_3,D2_3,F2_3,,,N2_1,L_3,M_2
480324,L3,L3,L1,L3,L1,L2,L1,L1,L2,C2_3,D2_3,F2_3,,,N2_2,L_1,M_1
480325,L3,L3,L1,L3,L1,L2,L1,L1,L2,C2_3,D2_3,F2_3,,,N2_2,L_1,M_2
480326,L3,L3,L1,L3,L1,L2,L1,L1,L2,C2_3,D2_3,F2_3,,,N2_2,L_2,M_1
480327,L3,L3,L1,L3,L1,L2,L1,L1,L2,C2_3,D2_3,F2_3,,,N2_2,L_2,M_2
480328,L3,L3,L1,L3,L1,L2,L1,L1,L2,C2_3,D2_3,F2_3,,,N2_2,L_3,M_1
480329,L3,L3,L1,L3,L1,L2,L1,L1,L2,C2_3,D2_3,F2_3,,,N2_2,L_3,M_2
487026,L2,L1,L1,L3,L1,L2,L1,L1,L2,C2_1,D2_1,F2_1,,,N2_1,L_1,M_1
487027,L2,L1,L1,L3,L1,L2,L1,L1,L2,C2_1,D2_1,F2_1,,,N2_1,L_1,M_2
487028,L2,L1,L1,L3,L1,L2,L1,L1,L2,C2_1,D2_1,F2_1,,,N2_1,L_2,M_1
487029,L2,L1,L1,L3,L1,L2,L1,L1,L2,C2_1,D2_1,F2_1,,,N2_1,L_2,M_2
487030,L2,L1,L1,L3,L1,L2,L1,L1,L2,C2_1,D2_1,F2_1,,,N2_1,L_3,M_1
487031,L2,L1,L1,L3,L1,L2,L1,L1,L2,C2_1,D2_1,F2_1,,,N2_1,L_3,M_2
487032,L2,L1,L1,L3,L1,L2,L1,L1,L2,C2_1,D2_1,F2_1,,,N2_2,L_1,M_1
487033,L2,L1,L1,L3,L1,L2,L1,L1,L2,C2_1,D2_1,F2_1,,,N2_2,L_1,M_2
487034,L2,L1,L1,L3,L1,L2,L1,L1,L2,C2_1,D2_1,F2_1,,,N2_2,L_2,M_1
487035,L2,L1,L1,L3,L1,L2,L1,L1,L2,C2_1,D2_1,F2_1,,,N2_2,L_2,M_2
487036,L2,L1,L1,L3,L1,L2,L1,L1,L2,C2_1,D2_1,F2_1,,,N2_2,L_3,M_1
487037,L2,L1,L1,L3,L1,L2,L1,L1,L2,C2_1,D2_1,F2_1,,,N2_2,L_3,M_2
487038,L2,L1,L1,L3,L1,L2,L1,L1,L2,C2_1,D2_1,F2_2,,,N2_1,L_1,M_1
487039,L2,L1,L1,L3,L1,L2,L1,L1,L2,C2_1,D2_1,F2_2,,,N2_1,L_1,M_2
487040,L2,L1,L1,L3,L1,L2,L1,L1,L2,C2_1,D2_1,F2_2,,,N2_1,L_2,M_1
487041,L2,L1,L1,L3,L1,L2,L1,L1,L2,C2_1,D2_1,F2_2,,,N2_1,L_2,M_2
487042,L2,L1,L1,L3,L1,L2,L1,L1,L2,C2_1,D2_1,F2_2,,,N2_1,L_3,M_1
487043,L2,L1,L1,L3,L1,L2,L1,L1,L2,C2_1,D2_1,F2_2,,,N2_1,L_3,M_2
487044,L2,L1,L1,L3,L1,L2,L1,L1,L2,C2_1,D2_1,F2_2,,,N2_2,L_1,M_1
487045,L2,L1,L1,L3,L1,L2,L1,L1,L2,C2_1,D2_1,F2_2,,,N2_2,L_1,M_2
487046,L2,L1,L1,L3,L1,L2,L1,L1,L2,C2_1,D2_1,F2_2,,,N2_2,L_2,M_1
487047,L2,L1,L1,L3,L1,L2,L1,L1,L2,C2_1,D2_1,F2_2,,,N2_2,L_2,M_2
487048,L2,L1,L1,L3,L1,L2,L1,L1,L2,C2_1,D2_1,F2_2,,,N2_2,L_3,M_1
487049,L2,L1,L1,L3,L1,L2,L1,L1,L2,C2_1,D2_1,F2_2,,,N2_2,L_3,M_2
487050,L2,L1,L1,L3,L1,L2,L1,L1,L2,C2_1,D2_1,F2_3,,,N2_1,L_1,M_1
487051,L2,L1,L1,L3,L1,L2,L1,L1,L2,C2_1,D2_1,F2_3,,,N2_1,L_1,M_2
487052,L2,L1,L1,L3,L1,L2,L1,L1,L2,C2_1,D2_1,F2_3,,,N2_1,L_2,M_1
487053,L2,L1,L1,L3,L1,L2,L1,L1,L2,C2_1,D2_1,F2_3,,,N2_1,L_2,M_2
487054,L2,L1,L1,L3,L1,L2,L1,L1,L2,C2_1,D2_1,F2_3,,,N2_1,L_3,M_1
487055,L2,L1,L1,L3,L1,L2,L1,L1,L2,C2_1,D2_1,F2_3,,,N2_1,L_3,M_2
487056,L2,L1,L1,L3,L1,L2,L1,L1,L2,C2_1,D2_1,F2_3,,,N2_2,L_1,M_1
487057,L2,L1,L1,L3,L1,L2,L1,L1,L2,C2_1,D2_1,F2_3,,,N2_2,L_1,M_2
487058,L2,L1,L1,L3,L1,L2,L1,L1,L2,C2_1,D2_1,F2_3,,,N2_2,L_2,M_1
487059,L2,L1,L1,L3,L1,L2,L1,L1,L2,C2_1,D2_1,F2_3,,,N2_2,L_2,M_2
487060,L2,L1,L1,L3,L1,L2,L1,L1,L2,C2_1,D2_1,F2_3,,,N2_2,L_3,M_1
487061,L2,L1,L1,L3,L1,L2,L1,L1,L2,C2_1,D2_1,F2_3,,,N2_2,L_3,M_2
487062,L2,L1,L1,L3,L1,L2,L1,L1,L2,C2_1,D2_2,F2_1,,,N2_1,L_1,M_1
487063,L2,L1,L1,L3,L1,L2,L1,L1,L2,C2_1,D2_2,F2_1,,,N2_1,L_1,M_2
487064,L2,L1,L1,L3,L1,L2,L1,L1,L2,C2_1,D2_2,F2_1,,,N2_1,L_2,M_1
487065,L2,L1,L1,L3,L1,L2,L1,L1,L2,C2_1,D2_2,F2_1,,,N2_1,L_2,M_2
487066,L2,L1,L1,L3,L1,L2,L1,L1,L2,C2_1,D2_2,F2_1,,,N2_1,L_3,M_1
487067,L2,L1,L1,L3,L1,L2,L1,L1,L2,C2_1,D2_2,F2_1,,,N2_1,L_3,M_2
487068,L2,L1,L1,L3,L1,L2,L1,L1,L2,C2_1,D2_2,F2_1,,,N2_2,L_1,M_1
487069,L2,L1,L1,L3,L1,L2,L1,L1,L2,C2_1,D2_2,F2_1,,,N2_2,L_1,M_2
487070,L2,L1,L1,L3,L1,L2,L1,L1,L2,C2_1,D2_2,F2_1,,,N2_2,L_2,M_1
487071,L2,L1,L1,L3,L1,L2,L1,L1,L2,C2_1,D2_2,F2_1,,,N2_2,L_2,M_2
487072,L2,L1,L1,L3,L1,L2,L1,L1,L2,C2_1,D2_2,F2_1,,,N2_2,L_3,M_1
487073,L2,L1,L1,L3,L1,L2,L1,L1,L2,C2_1,D2_2,F2_1,,,N2_2,L_3,M_2
487074,L2,L1,L1,L3,L1,L2,L1,L1,L2,C2_1,D2_2,F2_2,,,N2_1,L_1,M_1
487075,L2,L1,L1,L3,L1,L2,L1,L1,L2,C2_1,D2_2,F2_2,,,N2_1,L_1,M_2
487076,L2,L1,L1,L3,L1,L2,L1,L1,L2,C2_1,D2_2,F2_2,,,N2_1,L_2,M_1
487077,L2,L1,L1,L3,L1,L2,L1,L1,L2,C2_1,D2_2,F2_2,,,N2_1,L_2,M_2
487078,L2,L1,L1,L3,L1,L2,L1,L1,L2,C2_1,D2_2,F2_2,,,N2_1,L_3,M_1
487079,L2,L1,L1,L3,L1,L2,L1,L1,L2,C2_1,D2_2,F2_2,,,N2_1,L_3,M_2
487080,L2,L1,L1,L3,L1,L2,L1,L1,L2,C2_1,D2_2,F2_2,,,N2_2,L_1,M_1
487081,L2,L1,L1,L3,L1,L2,L1,L1,L2,C2_1,D2_2,F2_2,,,N2_2,L_1,M_2
487082,L2,L1,L1,L3,L1,L2,L1,L1,L2,C2_1,D2_2,F2_2,,,N2_2,L_2,M_1
487083,L2,L1,L1,L3,L1,L2,L1,L1,L2,C2_1,D2_2,F2_2,,,N2_2,L_2,M_2
487084,L2,L1,L1,L3,L1,L2,L1,L1,L2,C2_1,D2_2,F2_2,,,N2_2,L_3,M_1
487085,L2,L1,L1,L3,L1,L2,L1,L1,L2,C2_1,D2_2,F2_2,,,N2_2,L_3,M_2
487086,L2,L1,L1,L3,L1,L2,L1,L1,L2,C2_1,D2_2,F2_3,,,N2_1,L_1,M_1
487087,L2,L1,L1,L3,L1,L2,L1,L1,L2,C2_1,D2_2,F2_3,,,N2_1,L_1,M_2
487088,L2,L1,L1,L3,L1,L2,L1,L1,L2,C2_1,D2_2,F2_3,,,N2_1,L_2,M_1
487089,L2,L1,L1,L3,L1,L2,L1,L1,L2,C2_1,D2_2,F2_3,,,N2_1,L_2,M_2
487090,L2,L1,L1,L3,L1,L2,L1,L1,L2,C2_1,D2_2,F2_3,,,N2_1,L_3,M_1
487091,L2,L1,L1,L3,L1,L2,L1,L1,L2,C2_1,D2_2,F2_3,,,N2_1,L_3,M_2
487092,L2,L1,L1,L3,L1,L2,L1,L1,L2,C2_1,D2_2,F2_3,,,N2_2,L_1,M_1
487093,L2,L1,L1,L3,L1,L2,L1,L1,L2,C2_1,D2_2,F2_3,,,N2_2,L_1,M_2
487094,L2,L1,L1,L3,L1,L2,L1,L1,L2,C2_1,D2_2,F2_3,,,N2_2,L_2,M_1
487095,L2,L1,L1,L3,L1,L2,L1,L1,L2,C2_1,D2_2,F2_3,,,N2_2,L_2,M_2
487096,L2,L1,L1,L3,L1,L2,L1,L1,L2,C2_1,D2_2,F2_3,,,N2_2,L_3,M_1
487097,L2,L1,L1,L3,L1,L2,L1,L1,L2,C2_1,D2_2,F2_3,,,N2_2,L_3,M_2
487098,L2,L1,L1,L3,L1,L2,L1,L1,L2,C2_1,D2_3,F2_1,,,N2_1,L_1,M_1
487099,L2,L1,L1,L3,L1,L2,L1,L1,L2,C2_1,D2_3,F2_1,,,N2_1,L_1,M_2
487100,L2,L1,L1,L3,L1,L2,L1,L1,L2,C2_1,D2_3,F2_1,,,N2_1,L_2,M_1
487101,L2,L1,L1,L3,L1,L2,L1,L1,L2,C2_1,D2_3,F2_1,,,N2_1,L_2,M_2
487102,L2,L1,L1,L3,L1,L2,L1,L1,L2,C2_1,D2_3,F2_1,,,N2_1,L_3,M_1
487103,L2,L1,L1,L3,L1,L2,L1,L1,L2,C2_1,D2_3,F2_1,,,N2_1,L_3,M_2
487104,L2,L1,L1,L3,L1,L2,L1,L1,L2,C2_1,D2_3,F2_1,,,N2_2,L_1,M_1
487105,L2,L1,L1,L3,L1,L2,L1,L1,L2,C2_1,D2_3,F2_1,,,N2_2,L_1,M_2
487106,L2,L1,L1,L3,L1,L2,L1,L1,L2,C2_1,D2_3,F2_1,,,N2_2,L_2,M_1
487107,L2,L1,L1,L3,L1,L2,L1,L1,L2,C2_1,D2_3,F2_1,,,N2_2,L_2,M_2
487108,L2,L1,L1,L3,L1,L2,L1,L1,L2,C2_1,D2_3,F2_1,,,N2_2,L_3,M_1
487109,L2,L1,L1,L3,L1,L2,L1,L1,L2,C2_1,D2_3,F2_1,,,N2_2,L_3,M_2
487110,L2,L1,L1,L3,L1,L2,L1,L1,L2,C2_1,D2_3,F2_2,,,N2_1,L_1,M_1
487111,L2,L1,L1,L3,L1,L2,L1,L1,L2,C2_1,D2_3,F2_2,,,N2_1,L_1,M_2
487112,L2,L1,L1,L3,L1,L2,L1,L1,L2,C2_1,D2_3,F2_2,,,N2_1,L_2,M_1
487113,L2,L1,L1,L3,L1,L2,L1,L1,L2,C2_1,D2_3,F2_2,,,N2_1,L_2,M_2
487114,L2,L1,L1,L3,L1,L2,L1,L1,L2,C2_1,D2_3,F2_2,,,N2_1,L_3,M_1
487115,L2,L1,L1,L3,L1,L2,L1,L1,L2,C2_1,D2_3,F2_2,,,N2_1,L_3,M_2
487116,L2,L1,L1,L3,L1,L2,L1,L1,L2,C2_1,D2_3,F2_2,,,N2_2,L_1,M_1
487117,L2,L1,L1,L3,L1,L2,L1,L1,L2,C2_1,D2_3,F2_2,,,N2_2,L_1,M_2
487118,L2,L1,L1,L3,L1,L2,L1,L1,L2,C2_1,D2_3,F2_2,,,N2_2,L_2,M_1
487119,L2,L1,L1,L3,L1,L2,L1,L1,L2,C2_1,D2_3,F2_2,,,N2_2,L_2,M_2
487120,L2,L1,L1,L3,L1,L2,L1,L1,L2,C2_1,D2_3,F2_2,,,N2_2,L_3,M_1
487121,L2,L1,L1,L3,L1,L2,L1,L1,L2,C2_1,D2_3,F2_2,,,N2_2,L_3,M_2
487122,L2,L1,L1,L3,L1,L2,L1,L1,L2,C2_1,D2_3,F2_3,,,N2_1,L_1,M_1
487123,L2,L1,L1,L3,L1,L2,L1,L1,L2,C2_1,D2_3,F2_3,,,N2_1,L_1,M_2
487124,L2,L1,L1,L3,L1,L2,L1,L1,L2,C2_1,D2_3,F2_3,,,N2_1,L_2,M_1
487125,L2,L1,L1,L3,L1,L2,L1,L1,L2,C2_1,D2_3,F2_3,,,N2_1,L_2,M_2
487126,L2,L1,L1,L3,L1,L2,L1,L1,L2,C2_1,D2_3,F2_3,,,N2_1,L_3,M_1
487127,L2,L1,L1,L3,L1,L2,L1,L1,L2,C2_1,D2_3,F2_3,,,N2_1,L_3,M_2
487128,L2,L1,L1,L3,L1,L2,L1,L1,L2,C2_1,D2_3,F2_3,,,N2_2,L_1,M_1
487129,L2,L1,L1,L3,L1,L2,L1,L1,L2,C2_1,D2_3,F2_3,,,N2_2,L_1,M_2
487130,L2,L1,L1,L3,L1,L2,L1,L1,L2,C2_1,D2_3,F2_3,,,N2_2,L_2,M_1
487131,L2,L1,L1,L3,L1,L2,L1,L1,L2,C2_1,D2_3,F2_3,,,N2_2,L_2,M_2
487132,L2,L1,L1,L3,L1,L2,L1,L1,L2,C2_1,D2_3,F2_3,,,N2_2,L_3,M_1
487133,L2,L1,L1,L3,L1,L2,L1,L1,L2,C2_1,D2_3,F2_3,,,N2_2,L_3,M_2
487134,L2,L1,L1,L3,L1,L2,L1,L1,L2,C2_2,D2_1,F2_1,,,N2_1,L_1,M_1
487135,L2,L1,L1,L3,L1,L2,L1,L1,L2,C2_2,D2_1,F2_1,,,N2_1,L_1,M_2
487136,L2,L1,L1,L3,L1,L2,L1,L1,L2,C2_2,D2_1,F2_1,,,N2_1,L_2,M_1
487137,L2,L1,L1,L3,L1,L2,L1,L1,L2,C2_2,D2_1,F2_1,,,N2_1,L_2,M_2
487138,L2,L1,L1,L3,L1,L2,L1,L1,L2,C2_2,D2_1,F2_1,,,N2_1,L_3,M_1
487139,L2,L1,L1,L3,L1,L2,L1,L1,L2,C2_2,D2_1,F2_1,,,N2_1,L_3,M_2
487140,L2,L1,L1,L3,L1,L2,L1,L1,L2,C2_2,D2_1,F2_1,,,N2_2,L_1,M_1
487141,L2,L1,L1,L3,L1,L2,L1,L1,L2,C2_2,D2_1,F2_1,,,N2_2,L_1,M_2
487142,L2,L1,L1,L3,L1,L2,L1,L1,L2,C2_2,D2_1,F2_1,,,N2_2,L_2,M_1
487143,L2,L1,L1,L3,L1,L2,L1,L1,L2,C2_2,D2_1,F2_1,,,N2_2,L_2,M_2
487144,L2,L1,L1,L3,L1,L2,L1,L1,L2,C2_2,D2_1,F2_1,,,N2_2,L_3,M_1
487145,L2,L1,L1,L3,L1,L2,L1,L1,L2,C2_2,D2_1,F2_1,,,N2_2,L_3,M_2
487146,L2,L1,L1,L3,L1,L2,L1,L1,L2,C2_2,D2_1,F2_2,,,N2_1,L_1,M_1
487147,L2,L1,L1,L3,L1,L2,L1,L1,L2,C2_2,D2_1,F2_2,,,N2_1,L_1,M_2
487148,L2,L1,L1,L3,L1,L2,L1,L1,L2,C2_2,D2_1,F2_2,,,N2_1,L_2,M_1
487149,L2,L1,L1,L3,L1,L2,L1,L1,L2,C2_2,D2_1,F2_2,,,N2_1,L_2,M_2
487150,L2,L1,L1,L3,L1,L2,L1,L1,L2,C2_2,D2_1,F2_2,,,N2_1,L_3,M_1
487151,L2,L1,L1,L3,L1,L2,L1,L1,L2,C2_2,D2_1,F2_2,,,N2_1,L_3,M_2
487152,L2,L1,L1,L3,L1,L2,L1,L1,L2,C2_2,D2_1,F2_2,,,N2_2,L_1,M_1
487153,L2,L1,L1,L3,L1,L2,L1,L1,L2,C2_2,D2_1,F2_2,,,N2_2,L_1,M_2
487154,L2,L1,L1,L3,L1,L2,L1,L1,L2,C2_2,D2_1,F2_2,,,N2_2,L_2,M_1
487155,L2,L1,L1,L3,L1,L2,L1,L1,L2,C2_2,D2_1,F2_2,,,N2_2,L_2,M_2
487156,L2,L1,L1,L3,L1,L2,L1,L1,L2,C2_2,D2_1,F2_2,,,N2_2,L_3,M_1
487157,L2,L1,L1,L3,L1,L2,L1,L1,L2,C2_2,D2_1,F2_2,,,N2_2,L_3,M_2
487158,L2,L1,L1,L3,L1,L2,L1,L1,L2,C2_2,D2_1,F2_3,,,N2_1,L_1,M_1
487159,L2,L1,L1,L3,L1,L2,L1,L1,L2,C2_2,D2_1,F2_3,,,N2_1,L_1,M_2
487160,L2,L1,L1,L3,L1,L2,L1,L1,L2,C2_2,D2_1,F2_3,,,N2_1,L_2,M_1
487161,L2,L1,L1,L3,L1,L2,L1,L1,L2,C2_2,D2_1,F2_3,,,N2_1,L_2,M_2
487162,L2,L1,L1,L3,L1,L2,L1,L1,L2,C2_2,D2_1,F2_3,,,N2_1,L_3,M_1
487163,L2,L1,L1,L3,L1,L2,L1,L1,L2,C2_2,D2_1,F2_3,,,N2_1,L_3,M_2
487164,L2,L1,L1,L3,L1,L2,L1,L1,L2,C2_2,D2_1,F2_3,,,N2_2,L_1,M_1
487165,L2,L1,L1,L3,L1,L2,L1,L1,L2,C2_2,D2_1,F2_3,,,N2_2,L_1,M_2
487166,L2,L1,L1,L3,L1,L2,L1,L1,L2,C2_2,D2_1,F2_3,,,N2_2,L_2,M_1
487167,L2,L1,L1,L3,L1,L2,L1,L1,L2,C2_2,D2_1,F2_3,,,N2_2,L_2,M_2
487168,L2,L1,L1,L3,L1,L2,L1,L1,L2,C2_2,D2_1,F2_3,,,N2_2,L_3,M_1
487169,L2,L1,L1,L3,L1,L2,L1,L1,L2,C2_2,D2_1,F2_3,,,N2_2,L_3,M_2
487170,L2,L1,L1,L3,L1,L2,L1,L1,L2,C2_2,D2_2,F2_1,,,N2_1,L_1,M_1
487171,L2,L1,L1,L3,L1,L2,L1,L1,L2,C2_2,D2_2,F2_1,,,N2_1,L_1,M_2
487172,L2,L1,L1,L3,L1,L2,L1,L1,L2,C2_2,D2_2,F2_1,,,N2_1,L_2,M_1
487173,L2,L1,L1,L3,L1,L2,L1,L1,L2,C2_2,D2_2,F2_1,,,N2_1,L_2,M_2
487174,L2,L1,L1,L3,L1,L2,L1,L1,L2,C2_2,D2_2,F2_1,,,N2_1,L_3,M_1
487175,L2,L1,L1,L3,L1,L2,L1,L1,L2,C2_2,D2_2,F2_1,,,N2_1,L_3,M_2
487176,L2,L1,L1,L3,L1,L2,L1,L1,L2,C2_2,D2_2,F2_1,,,N2_2,L_1,M_1
487177,L2,L1,L1,L3,L1,L2,L1,L1,L2,C2_2,D2_2,F2_1,,,N2_2,L_1,M_2
487178,L2,L1,L1,L3,L1,L2,L1,L1,L2,C2_2,D2_2,F2_1,,,N2_2,L_2,M_1
487179,L2,L1,L1,L3,L1,L2,L1,L1,L2,C2_2,D2_2,F2_1,,,N2_2,L_2,M_2
487180,L2,L1,L1,L3,L1,L2,L1,L1,L2,C2_2,D2_2,F2_1,,,N2_2,L_3,M_1
487181,L2,L1,L1,L3,L1,L2,L1,L1,L2,C2_2,D2_2,F2_1,,,N2_2,L_3,M_2
487182,L2,L1,L1,L3,L1,L2,L1,L1,L2,C2_2,D2_2,F2_2,,,N2_1,L_1,M_1
487183,L2,L1,L1,L3,L1,L2,L1,L1,L2,C2_2,D2_2,F2_2,,,N2_1,L_1,M_2
487184,L2,L1,L1,L3,L1,L2,L1,L1,L2,C2_2,D2_2,F2_2,,,N2_1,L_2,M_1
487185,L2,L1,L1,L3,L1,L2,L1,L1,L2,C2_2,D2_2,F2_2,,,N2_1,L_2,M_2
487186,L2,L1,L1,L3,L1,L2,L1,L1,L2,C2_2,D2_2,F2_2,,,N2_1,L_3,M_1
487187,L2,L1,L1,L3,L1,L2,L1,L1,L2,C2_2,D2_2,F2_2,,,N2_1,L_3,M_2
487188,L2,L1,L1,L3,L1,L2,L1,L1,L2,C2_2,D2_2,F2_2,,,N2_2,L_1,M_1
487189,L2,L1,L1,L3,L1,L2,L1,L1,L2,C2_2,D2_2,F2_2,,,N2_2,L_1,M_2
487190,L2,L1,L1,L3,L1,L2,L1,L1,L2,C2_2,D2_2,F2_2,,,N2_2,L_2,M_1
487191,L2,L1,L1,L3,L1,L2,L1,L1,L2,C2_2,D2_2,F2_2,,,N2_2,L_2,M_2
487192,L2,L1,L1,L3,L1,L2,L1,L1,L2,C2_2,D2_2,F2_2,,,N2_2,L_3,M_1
487193,L2,L1,L1,L3,L1,L2,L1,L1,L2,C2_2,D2_2,F2_2,,,N2_2,L_3,M_2
487194,L2,L1,L1,L3,L1,L2,L1,L1,L2,C2_2,D2_2,F2_3,,,N2_1,L_1,M_1
487195,L2,L1,L1,L3,L1,L2,L1,L1,L2,C2_2,D2_2,F2_3,,,N2_1,L_1,M_2
487196,L2,L1,L1,L3,L1,L2,L1,L1,L2,C2_2,D2_2,F2_3,,,N2_1,L_2,M_1
487197,L2,L1,L1,L3,L1,L2,L1,L1,L2,C2_2,D2_2,F2_3,,,N2_1,L_2,M_2
487198,L2,L1,L1,L3,L1,L2,L1,L1,L2,C2_2,D2_2,F2_3,,,N2_1,L_3,M_1
487199,L2,L1,L1,L3,L1,L2,L1,L1,L2,C2_2,D2_2,F2_3,,,N2_1,L_3,M_2
487200,L2,L1,L1,L3,L1,L2,L1,L1,L2,C2_2,D2_2,F2_3,,,N2_2,L_1,M_1
487201,L2,L1,L1,L3,L1,L2,L1,L1,L2,C2_2,D2_2,F2_3,,,N2_2,L_1,M_2
487202,L2,L1,L1,L3,L1,L2,L1,L1,L2,C2_2,D2_2,F2_3,,,N2_2,L_2,M_1
487203,L2,L1,L1,L3,L1,L2,L1,L1,L2,C2_2,D2_2,F2_3,,,N2_2,L_2,M_2
487204,L2,L1,L1,L3,L1,L2,L1,L1,L2,C2_2,D2_2,F2_3,,,N2_2,L_3,M_1
487205,L2,L1,L1,L3,L1,L2,L1,L1,L2,C2_2,D2_2,F2_3,,,N2_2,L_3,M_2
487206,L2,L1,L1,L3,L1,L2,L1,L1,L2,C2_2,D2_3,F2_1,,,N2_1,L_1,M_1
487207,L2,L1,L1,L3,L1,L2,L1,L1,L2,C2_2,D2_3,F2_1,,,N2_1,L_1,M_2
487208,L2,L1,L1,L3,L1,L2,L1,L1,L2,C2_2,D2_3,F2_1,,,N2_1,L_2,M_1
487209,L2,L1,L1,L3,L1,L2,L1,L1,L2,C2_2,D2_3,F2_1,,,N2_1,L_2,M_2
487210,L2,L1,L1,L3,L1,L2,L1,L1,L2,C2_2,D2_3,F2_1,,,N2_1,L_3,M_1
487211,L2,L1,L1,L3,L1,L2,L1,L1,L2,C2_2,D2_3,F2_1,,,N2_1,L_3,M_2
487212,L2,L1,L1,L3,L1,L2,L1,L1,L2,C2_2,D2_3,F2_1,,,N2_2,L_1,M_1
487213,L2,L1,L1,L3,L1,L2,L1,L1,L2,C2_2,D2_3,F2_1,,,N2_2,L_1,M_2
487214,L2,L1,L1,L3,L1,L2,L1,L1,L2,C2_2,D2_3,F2_1,,,N2_2,L_2,M_1
487215,L2,L1,L1,L3,L1,L2,L1,L1,L2,C2_2,D2_3,F2_1,,,N2_2,L_2,M_2
487216,L2,L1,L1,L3,L1,L2,L1,L1,L2,C2_2,D2_3,F2_1,,,N2_2,L_3,M_1
487217,L2,L1,L1,L3,L1,L2,L1,L1,L2,C2_2,D2_3,F2_1,,,N2_2,L_3,M_2
487218,L2,L1,L1,L3,L1,L2,L1,L1,L2,C2_2,D2_3,F2_2,,,N2_1,L_1,M_1
487219,L2,L1,L1,L3,L1,L2,L1,L1,L2,C2_2,D2_3,F2_2,,,N2_1,L_1,M_2
487220,L2,L1,L1,L3,L1,L2,L1,L1,L2,C2_2,D2_3,F2_2,,,N2_1,L_2,M_1
487221,L2,L1,L1,L3,L1,L2,L1,L1,L2,C2_2,D2_3,F2_2,,,N2_1,L_2,M_2
487222,L2,L1,L1,L3,L1,L2,L1,L1,L2,C2_2,D2_3,F2_2,,,N2_1,L_3,M_1
487223,L2,L1,L1,L3,L1,L2,L1,L1,L2,C2_2,D2_3,F2_2,,,N2_1,L_3,M_2
487224,L2,L1,L1,L3,L1,L2,L1,L1,L2,C2_2,D2_3,F2_2,,,N2_2,L_1,M_1
487225,L2,L1,L1,L3,L1,L2,L1,L1,L2,C2_2,D2_3,F2_2,,,N2_2,L_1,M_2
487226,L2,L1,L1,L3,L1,L2,L1,L1,L2,C2_2,D2_3,F2_2,,,N2_2,L_2,M_1
487227,L2,L1,L1,L3,L1,L2,L1,L1,L2,C2_2,D2_3,F2_2,,,N2_2,L_2,M_2
487228,L2,L1,L1,L3,L1,L2,L1,L1,L2,C2_2,D2_3,F2_2,,,N2_2,L_3,M_1
487229,L2,L1,L1,L3,L1,L2,L1,L1,L2,C2_2,D2_3,F2_2,,,N2_2,L_3,M_2
487230,L2,L1,L1,L3,L1,L2,L1,L1,L2,C2_2,D2_3,F2_3,,,N2_1,L_1,M_1
487231,L2,L1,L1,L3,L1,L2,L1,L1,L2,C2_2,D2_3,F2_3,,,N2_1,L_1,M_2
487232,L2,L1,L1,L3,L1,L2,L1,L1,L2,C2_2,D2_3,F2_3,,,N2_1,L_2,M_1
487233,L2,L1,L1,L3,L1,L2,L1,L1,L2,C2_2,D2_3,F2_3,,,N2_1,L_2,M_2
487234,L2,L1,L1,L3,L1,L2,L1,L1,L2,C2_2,D2_3,F2_3,,,N2_1,L_3,M_1
487235,L2,L1,L1,L3,L1,L2,L1,L1,L2,C2_2,D2_3,F2_3,,,N2_1,L_3,M_2
487236,L2,L1,L1,L3,L1,L2,L1,L1,L2,C2_2,D2_3,F2_3,,,N2_2,L_1,M_1
487237,L2,L1,L1,L3,L1,L2,L1,L1,L2,C2_2,D2_3,F2_3,,,N2_2,L_1,M_2
487238,L2,L1,L1,L3,L1,L2,L1,L1,L2,C2_2,D2_3,F2_3,,,N2_2,L_2,M_1
487239,L2,L1,L1,L3,L1,L2,L1,L1,L2,C2_2,D2_3,F2_3,,,N2_2,L_2,M_2
487240,L2,L1,L1,L3,L1,L2,L1,L1,L2,C2_2,D2_3,F2_3,,,N2_2,L_3,M_1
487241,L2,L1,L1,L3,L1,L2,L1,L1,L2,C2_2,D2_3,F2_3,,,N2_2,L_3,M_2
487242,L2,L1,L1,L3,L1,L2,L1,L1,L2,C2_3,D2_1,F2_1,,,N2_1,L_1,M_1
487243,L2,L1,L1,L3,L1,L2,L1,L1,L2,C2_3,D2_1,F2_1,,,N2_1,L_1,M_2
487244,L2,L1,L1,L3,L1,L2,L1,L1,L2,C2_3,D2_1,F2_1,,,N2_1,L_2,M_1
487245,L2,L1,L1,L3,L1,L2,L1,L1,L2,C2_3,D2_1,F2_1,,,N2_1,L_2,M_2
487246,L2,L1,L1,L3,L1,L2,L1,L1,L2,C2_3,D2_1,F2_1,,,N2_1,L_3,M_1
487247,L2,L1,L1,L3,L1,L2,L1,L1,L2,C2_3,D2_1,F2_1,,,N2_1,L_3,M_2
487248,L2,L1,L1,L3,L1,L2,L1,L1,L2,C2_3,D2_1,F2_1,,,N2_2,L_1,M_1
487249,L2,L1,L1,L3,L1,L2,L1,L1,L2,C2_3,D2_1,F2_1,,,N2_2,L_1,M_2
487250,L2,L1,L1,L3,L1,L2,L1,L1,L2,C2_3,D2_1,F2_1,,,N2_2,L_2,M_1
487251,L2,L1,L1,L3,L1,L2,L1,L1,L2,C2_3,D2_1,F2_1,,,N2_2,L_2,M_2
487252,L2,L1,L1,L3,L1,L2,L1,L1,L2,C2_3,D2_1,F2_1,,,N2_2,L_3,M_1
487253,L2,L1,L1,L3,L1,L2,L1,L1,L2,C2_3,D2_1,F2_1,,,N2_2,L_3,M_2
487254,L2,L1,L1,L3,L1,L2,L1,L1,L2,C2_3,D2_1,F2_2,,,N2_1,L_1,M_1
487255,L2,L1,L1,L3,L1,L2,L1,L1,L2,C2_3,D2_1,F2_2,,,N2_1,L_1,M_2
487256,L2,L1,L1,L3,L1,L2,L1,L1,L2,C2_3,D2_1,F2_2,,,N2_1,L_2,M_1
487257,L2,L1,L1,L3,L1,L2,L1,L1,L2,C2_3,D2_1,F2_2,,,N2_1,L_2,M_2
487258,L2,L1,L1,L3,L1,L2,L1,L1,L2,C2_3,D2_1,F2_2,,,N2_1,L_3,M_1
487259,L2,L1,L1,L3,L1,L2,L1,L1,L2,C2_3,D2_1,F2_2,,,N2_1,L_3,M_2
487260,L2,L1,L1,L3,L1,L2,L1,L1,L2,C2_3,D2_1,F2_2,,,N2_2,L_1,M_1
487261,L2,L1,L1,L3,L1,L2,L1,L1,L2,C2_3,D2_1,F2_2,,,N2_2,L_1,M_2
487262,L2,L1,L1,L3,L1,L2,L1,L1,L2,C2_3,D2_1,F2_2,,,N2_2,L_2,M_1
487263,L2,L1,L1,L3,L1,L2,L1,L1,L2,C2_3,D2_1,F2_2,,,N2_2,L_2,M_2
487264,L2,L1,L1,L3,L1,L2,L1,L1,L2,C2_3,D2_1,F2_2,,,N2_2,L_3,M_1
487265,L2,L1,L1,L3,L1,L2,L1,L1,L2,C2_3,D2_1,F2_2,,,N2_2,L_3,M_2
487266,L2,L1,L1,L3,L1,L2,L1,L1,L2,C2_3,D2_1,F2_3,,,N2_1,L_1,M_1
487267,L2,L1,L1,L3,L1,L2,L1,L1,L2,C2_3,D2_1,F2_3,,,N2_1,L_1,M_2
487268,L2,L1,L1,L3,L1,L2,L1,L1,L2,C2_3,D2_1,F2_3,,,N2_1,L_2,M_1
487269,L2,L1,L1,L3,L1,L2,L1,L1,L2,C2_3,D2_1,F2_3,,,N2_1,L_2,M_2
487270,L2,L1,L1,L3,L1,L2,L1,L1,L2,C2_3,D2_1,F2_3,,,N2_1,L_3,M_1
487271,L2,L1,L1,L3,L1,L2,L1,L1,L2,C2_3,D2_1,F2_3,,,N2_1,L_3,M_2
487272,L2,L1,L1,L3,L1,L2,L1,L1,L2,C2_3,D2_1,F2_3,,,N2_2,L_1,M_1
487273,L2,L1,L1,L3,L1,L2,L1,L1,L2,C2_3,D2_1,F2_3,,,N2_2,L_1,M_2
487274,L2,L1,L1,L3,L1,L2,L1,L1,L2,C2_3,D2_1,F2_3,,,N2_2,L_2,M_1
487275,L2,L1,L1,L3,L1,L2,L1,L1,L2,C2_3,D2_1,F2_3,,,N2_2,L_2,M_2
487276,L2,L1,L1,L3,L1,L2,L1,L1,L2,C2_3,D2_1,F2_3,,,N2_2,L_3,M_1
487277,L2,L1,L1,L3,L1,L2,L1,L1,L2,C2_3,D2_1,F2_3,,,N2_2,L_3,M_2
487278,L2,L1,L1,L3,L1,L2,L1,L1,L2,C2_3,D2_2,F2_1,,,N2_1,L_1,M_1
487279,L2,L1,L1,L3,L1,L2,L1,L1,L2,C2_3,D2_2,F2_1,,,N2_1,L_1,M_2
487280,L2,L1,L1,L3,L1,L2,L1,L1,L2,C2_3,D2_2,F2_1,,,N2_1,L_2,M_1
487281,L2,L1,L1,L3,L1,L2,L1,L1,L2,C2_3,D2_2,F2_1,,,N2_1,L_2,M_2
487282,L2,L1,L1,L3,L1,L2,L1,L1,L2,C2_3,D2_2,F2_1,,,N2_1,L_3,M_1
487283,L2,L1,L1,L3,L1,L2,L1,L1,L2,C2_3,D2_2,F2_1,,,N2_1,L_3,M_2
487284,L2,L1,L1,L3,L1,L2,L1,L1,L2,C2_3,D2_2,F2_1,,,N2_2,L_1,M_1
487285,L2,L1,L1,L3,L1,L2,L1,L1,L2,C2_3,D2_2,F2_1,,,N2_2,L_1,M_2
487286,L2,L1,L1,L3,L1,L2,L1,L1,L2,C2_3,D2_2,F2_1,,,N2_2,L_2,M_1
487287,L2,L1,L1,L3,L1,L2,L1,L1,L2,C2_3,D2_2,F2_1,,,N2_2,L_2,M_2
487288,L2,L1,L1,L3,L1,L2,L1,L1,L2,C2_3,D2_2,F2_1,,,N2_2,L_3,M_1
487289,L2,L1,L1,L3,L1,L2,L1,L1,L2,C2_3,D2_2,F2_1,,,N2_2,L_3,M_2
487290,L2,L1,L1,L3,L1,L2,L1,L1,L2,C2_3,D2_2,F2_2,,,N2_1,L_1,M_1
487291,L2,L1,L1,L3,L1,L2,L1,L1,L2,C2_3,D2_2,F2_2,,,N2_1,L_1,M_2
487292,L2,L1,L1,L3,L1,L2,L1,L1,L2,C2_3,D2_2,F2_2,,,N2_1,L_2,M_1
487293,L2,L1,L1,L3,L1,L2,L1,L1,L2,C2_3,D2_2,F2_2,,,N2_1,L_2,M_2
487294,L2,L1,L1,L3,L1,L2,L1,L1,L2,C2_3,D2_2,F2_2,,,N2_1,L_3,M_1
487295,L2,L1,L1,L3,L1,L2,L1,L1,L2,C2_3,D2_2,F2_2,,,N2_1,L_3,M_2
487296,L2,L1,L1,L3,L1,L2,L1,L1,L2,C2_3,D2_2,F2_2,,,N2_2,L_1,M_1
487297,L2,L1,L1,L3,L1,L2,L1,L1,L2,C2_3,D2_2,F2_2,,,N2_2,L_1,M_2
487298,L2,L1,L1,L3,L1,L2,L1,L1,L2,C2_3,D2_2,F2_2,,,N2_2,L_2,M_1
487299,L2,L1,L1,L3,L1,L2,L1,L1,L2,C2_3,D2_2,F2_2,,,N2_2,L_2,M_2
487300,L2,L1,L1,L3,L1,L2,L1,L1,L2,C2_3,D2_2,F2_2,,,N2_2,L_3,M_1
487301,L2,L1,L1,L3,L1,L2,L1,L1,L2,C2_3,D2_2,F2_2,,,N2_2,L_3,M_2
487302,L2,L1,L1,L3,L1,L2,L1,L1,L2,C2_3,D2_2,F2_3,,,N2_1,L_1,M_1
487303,L2,L1,L1,L3,L1,L2,L1,L1,L2,C2_3,D2_2,F2_3,,,N2_1,L_1,M_2
487304,L2,L1,L1,L3,L1,L2,L1,L1,L2,C2_3,D2_2,F2_3,,,N2_1,L_2,M_1
487305,L2,L1,L1,L3,L1,L2,L1,L1,L2,C2_3,D2_2,F2_3,,,N2_1,L_2,M_2
487306,L2,L1,L1,L3,L1,L2,L1,L1,L2,C2_3,D2_2,F2_3,,,N2_1,L_3,M_1
487307,L2,L1,L1,L3,L1,L2,L1,L1,L2,C2_3,D2_2,F2_3,,,N2_1,L_3,M_2
487308,L2,L1,L1,L3,L1,L2,L1,L1,L2,C2_3,D2_2,F2_3,,,N2_2,L_1,M_1
487309,L2,L1,L1,L3,L1,L2,L1,L1,L2,C2_3,D2_2,F2_3,,,N2_2,L_1,M_2
487310,L2,L1,L1,L3,L1,L2,L1,L1,L2,C2_3,D2_2,F2_3,,,N2_2,L_2,M_1
487311,L2,L1,L1,L3,L1,L2,L1,L1,L2,C2_3,D2_2,F2_3,,,N2_2,L_2,M_2
487312,L2,L1,L1,L3,L1,L2,L1,L1,L2,C2_3,D2_2,F2_3,,,N2_2,L_3,M_1
487313,L2,L1,L1,L3,L1,L2,L1,L1,L2,C2_3,D2_2,F2_3,,,N2_2,L_3,M_2
487314,L2,L1,L1,L3,L1,L2,L1,L1,L2,C2_3,D2_3,F2_1,,,N2_1,L_1,M_1
487315,L2,L1,L1,L3,L1,L2,L1,L1,L2,C2_3,D2_3,F2_1,,,N2_1,L_1,M_2
487316,L2,L1,L1,L3,L1,L2,L1,L1,L2,C2_3,D2_3,F2_1,,,N2_1,L_2,M_1
487317,L2,L1,L1,L3,L1,L2,L1,L1,L2,C2_3,D2_3,F2_1,,,N2_1,L_2,M_2
487318,L2,L1,L1,L3,L1,L2,L1,L1,L2,C2_3,D2_3,F2_1,,,N2_1,L_3,M_1
487319,L2,L1,L1,L3,L1,L2,L1,L1,L2,C2_3,D2_3,F2_1,,,N2_1,L_3,M_2
487320,L2,L1,L1,L3,L1,L2,L1,L1,L2,C2_3,D2_3,F2_1,,,N2_2,L_1,M_1
487321,L2,L1,L1,L3,L1,L2,L1,L1,L2,C2_3,D2_3,F2_1,,,N2_2,L_1,M_2
487322,L2,L1,L1,L3,L1,L2,L1,L1,L2,C2_3,D2_3,F2_1,,,N2_2,L_2,M_1
487323,L2,L1,L1,L3,L1,L2,L1,L1,L2,C2_3,D2_3,F2_1,,,N2_2,L_2,M_2
487324,L2,L1,L1,L3,L1,L2,L1,L1,L2,C2_3,D2_3,F2_1,,,N2_2,L_3,M_1
487325,L2,L1,L1,L3,L1,L2,L1,L1,L2,C2_3,D2_3,F2_1,,,N2_2,L_3,M_2
487326,L2,L1,L1,L3,L1,L2,L1,L1,L2,C2_3,D2_3,F2_2,,,N2_1,L_1,M_1
487327,L2,L1,L1,L3,L1,L2,L1,L1,L2,C2_3,D2_3,F2_2,,,N2_1,L_1,M_2
487328,L2,L1,L1,L3,L1,L2,L1,L1,L2,C2_3,D2_3,F2_2,,,N2_1,L_2,M_1
487329,L2,L1,L1,L3,L1,L2,L1,L1,L2,C2_3,D2_3,F2_2,,,N2_1,L_2,M_2
487330,L2,L1,L1,L3,L1,L2,L1,L1,L2,C2_3,D2_3,F2_2,,,N2_1,L_3,M_1
487331,L2,L1,L1,L3,L1,L2,L1,L1,L2,C2_3,D2_3,F2_2,,,N2_1,L_3,M_2
487332,L2,L1,L1,L3,L1,L2,L1,L1,L2,C2_3,D2_3,F2_2,,,N2_2,L_1,M_1
487333,L2,L1,L1,L3,L1,L2,L1,L1,L2,C2_3,D2_3,F2_2,,,N2_2,L_1,M_2
487334,L2,L1,L1,L3,L1,L2,L1,L1,L2,C2_3,D2_3,F2_2,,,N2_2,L_2,M_1
487335,L2,L1,L1,L3,L1,L2,L1,L1,L2,C2_3,D2_3,F2_2,,,N2_2,L_2,M_2
487336,L2,L1,L1,L3,L1,L2,L1,L1,L2,C2_3,D2_3,F2_2,,,N2_2,L_3,M_1
487337,L2,L1,L1,L3,L1,L2,L1,L1,L2,C2_3,D2_3,F2_2,,,N2_2,L_3,M_2
487338,L2,L1,L1,L3,L1,L2,L1,L1,L2,C2_3,D2_3,F2_3,,,N2_1,L_1,M_1
487339,L2,L1,L1,L3,L1,L2,L1,L1,L2,C2_3,D2_3,F2_3,,,N2_1,L_1,M_2
487340,L2,L1,L1,L3,L1,L2,L1,L1,L2,C2_3,D2_3,F2_3,,,N2_1,L_2,M_1
487341,L2,L1,L1,L3,L1,L2,L1,L1,L2,C2_3,D2_3,F2_3,,,N2_1,L_2,M_2
487342,L2,L1,L1,L3,L1,L2,L1,L1,L2,C2_3,D2_3,F2_3,,,N2_1,L_3,M_1
487343,L2,L1,L1,L3,L1,L2,L1,L1,L2,C2_3,D2_3,F2_3,,,N2_1,L_3,M_2
487344,L2,L1,L1,L3,L1,L2,L1,L1,L2,C2_3,D2_3,F2_3,,,N2_2,L_1,M_1
487345,L2,L1,L1,L3,L1,L2,L1,L1,L2,C2_3,D2_3,F2_3,,,N2_2,L_1,M_2
487346,L2,L1,L1,L3,L1,L2,L1,L1,L2,C2_3,D2_3,F2_3,,,N2_2,L_2,M_1
487347,L2,L1,L1,L3,L1,L2,L1,L1,L2,C2_3,D2_3,F2_3,,,N2_2,L_2,M_2
487348,L2,L1,L1,L3,L1,L2,L1,L1,L2,C2_3,D2_3,F2_3,,,N2_2,L_3,M_1
487349,L2,L1,L1,L3,L1,L2,L1,L1,L2,C2_3,D2_3,F2_3,,,N2_2,L_3,M_2
508842,L3,L2,L1,L1,L1,L2,L1,L1,L2,C2_1,D2_1,F2_1,,,N2_1,L_1,M_1
508843,L3,L2,L1,L1,L1,L2,L1,L1,L2,C2_1,D2_1,F2_1,,,N2_1,L_1,M_2
508844,L3,L2,L1,L1,L1,L2,L1,L1,L2,C2_1,D2_1,F2_1,,,N2_1,L_2,M_1
508845,L3,L2,L1,L1,L1,L2,L1,L1,L2,C2_1,D2_1,F2_1,,,N2_1,L_2,M_2
508846,L3,L2,L1,L1,L1,L2,L1,L1,L2,C2_1,D2_1,F2_1,,,N2_1,L_3,M_1
508847,L3,L2,L1,L1,L1,L2,L1,L1,L2,C2_1,D2_1,F2_1,,,N2_1,L_3,M_2
508848,L3,L2,L1,L1,L1,L2,L1,L1,L2,C2_1,D2_1,F2_1,,,N2_2,L_1,M_1
508849,L3,L2,L1,L1,L1,L2,L1,L1,L2,C2_1,D2_1,F2_1,,,N2_2,L_1,M_2
508850,L3,L2,L1,L1,L1,L2,L1,L1,L2,C2_1,D2_1,F2_1,,,N2_2,L_2,M_1
508851,L3,L2,L1,L1,L1,L2,L1,L1,L2,C2_1,D2_1,F2_1,,,N2_2,L_2,M_2
508852,L3,L2,L1,L1,L1,L2,L1,L1,L2,C2_1,D2_1,F2_1,,,N2_2,L_3,M_1
508853,L3,L2,L1,L1,L1,L2,L1,L1,L2,C2_1,D2_1,F2_1,,,N2_2,L_3,M_2
508854,L3,L2,L1,L1,L1,L2,L1,L1,L2,C2_1,D2_1,F2_2,,,N2_1,L_1,M_1
508855,L3,L2,L1,L1,L1,L2,L1,L1,L2,C2_1,D2_1,F2_2,,,N2_1,L_1,M_2
508856,L3,L2,L1,L1,L1,L2,L1,L1,L2,C2_1,D2_1,F2_2,,,N2_1,L_2,M_1
508857,L3,L2,L1,L1,L1,L2,L1,L1,L2,C2_1,D2_1,F2_2,,,N2_1,L_2,M_2
508858,L3,L2,L1,L1,L1,L2,L1,L1,L2,C2_1,D2_1,F2_2,,,N2_1,L_3,M_1
508859,L3,L2,L1,L1,L1,L2,L1,L1,L2,C2_1,D2_1,F2_2,,,N2_1,L_3,M_2
508860,L3,L2,L1,L1,L1,L2,L1,L1,L2,C2_1,D2_1,F2_2,,,N2_2,L_1,M_1
508861,L3,L2,L1,L1,L1,L2,L1,L1,L2,C2_1,D2_1,F2_2,,,N2_2,L_1,M_2
508862,L3,L2,L1,L1,L1,L2,L1,L1,L2,C2_1,D2_1,F2_2,,,N2_2,L_2,M_1
508863,L3,L2,L1,L1,L1,L2,L1,L1,L2,C2_1,D2_1,F2_2,,,N2_2,L_2,M_2
508864,L3,L2,L1,L1,L1,L2,L1,L1,L2,C2_1,D2_1,F2_2,,,N2_2,L_3,M_1
508865,L3,L2,L1,L1,L1,L2,L1,L1,L2,C2_1,D2_1,F2_2,,,N2_2,L_3,M_2
508866,L3,L2,L1,L1,L1,L2,L1,L1,L2,C2_1,D2_1,F2_3,,,N2_1,L_1,M_1
508867,L3,L2,L1,L1,L1,L2,L1,L1,L2,C2_1,D2_1,F2_3,,,N2_1,L_1,M_2
508868,L3,L2,L1,L1,L1,L2,L1,L1,L2,C2_1,D2_1,F2_3,,,N2_1,L_2,M_1
508869,L3,L2,L1,L1,L1,L2,L1,L1,L2,C2_1,D2_1,F2_3,,,N2_1,L_2,M_2
508870,L3,L2,L1,L1,L1,L2,L1,L1,L2,C2_1,D2_1,F2_3,,,N2_1,L_3,M_1
508871,L3,L2,L1,L1,L1,L2,L1,L1,L2,C2_1,D2_1,F2_3,,,N2_1,L_3,M_2
508872,L3,L2,L1,L1,L1,L2,L1,L1,L2,C2_1,D2_1,F2_3,,,N2_2,L_1,M_1
508873,L3,L2,L1,L1,L1,L2,L1,L1,L2,C2_1,D2_1,F2_3,,,N2_2,L_1,M_2
508874,L3,L2,L1,L1,L1,L2,L1,L1,L2,C2_1,D2_1,F2_3,,,N2_2,L_2,M_1
508875,L3,L2,L1,L1,L1,L2,L1,L1,L2,C2_1,D2_1,F2_3,,,N2_2,L_2,M_2
508876,L3,L2,L1,L1,L1,L2,L1,L1,L2,C2_1,D2_1,F2_3,,,N2_2,L_3,M_1
508877,L3,L2,L1,L1,L1,L2,L1,L1,L2,C2_1,D2_1,F2_3,,,N2_2,L_3,M_2
508878,L3,L2,L1,L1,L1,L2,L1,L1,L2,C2_1,D2_2,F2_1,,,N2_1,L_1,M_1
508879,L3,L2,L1,L1,L1,L2,L1,L1,L2,C2_1,D2_2,F2_1,,,N2_1,L_1,M_2
508880,L3,L2,L1,L1,L1,L2,L1,L1,L2,C2_1,D2_2,F2_1,,,N2_1,L_2,M_1
508881,L3,L2,L1,L1,L1,L2,L1,L1,L2,C2_1,D2_2,F2_1,,,N2_1,L_2,M_2
508882,L3,L2,L1,L1,L1,L2,L1,L1,L2,C2_1,D2_2,F2_1,,,N2_1,L_3,M_1
508883,L3,L2,L1,L1,L1,L2,L1,L1,L2,C2_1,D2_2,F2_1,,,N2_1,L_3,M_2
508884,L3,L2,L1,L1,L1,L2,L1,L1,L2,C2_1,D2_2,F2_1,,,N2_2,L_1,M_1
508885,L3,L2,L1,L1,L1,L2,L1,L1,L2,C2_1,D2_2,F2_1,,,N2_2,L_1,M_2
508886,L3,L2,L1,L1,L1,L2,L1,L1,L2,C2_1,D2_2,F2_1,,,N2_2,L_2,M_1
508887,L3,L2,L1,L1,L1,L2,L1,L1,L2,C2_1,D2_2,F2_1,,,N2_2,L_2,M_2
508888,L3,L2,L1,L1,L1,L2,L1,L1,L2,C2_1,D2_2,F2_1,,,N2_2,L_3,M_1
508889,L3,L2,L1,L1,L1,L2,L1,L1,L2,C2_1,D2_2,F2_1,,,N2_2,L_3,M_2
508890,L3,L2,L1,L1,L1,L2,L1,L1,L2,C2_1,D2_2,F2_2,,,N2_1,L_1,M_1
508891,L3,L2,L1,L1,L1,L2,L1,L1,L2,C2_1,D2_2,F2_2,,,N2_1,L_1,M_2
508892,L3,L2,L1,L1,L1,L2,L1,L1,L2,C2_1,D2_2,F2_2,,,N2_1,L_2,M_1
508893,L3,L2,L1,L1,L1,L2,L1,L1,L2,C2_1,D2_2,F2_2,,,N2_1,L_2,M_2
508894,L3,L2,L1,L1,L1,L2,L1,L1,L2,C2_1,D2_2,F2_2,,,N2_1,L_3,M_1
508895,L3,L2,L1,L1,L1,L2,L1,L1,L2,C2_1,D2_2,F2_2,,,N2_1,L_3,M_2
508896,L3,L2,L1,L1,L1,L2,L1,L1,L2,C2_1,D2_2,F2_2,,,N2_2,L_1,M_1
508897,L3,L2,L1,L1,L1,L2,L1,L1,L2,C2_1,D2_2,F2_2,,,N2_2,L_1,M_2
508898,L3,L2,L1,L1,L1,L2,L1,L1,L2,C2_1,D2_2,F2_2,,,N2_2,L_2,M_1
508899,L3,L2,L1,L1,L1,L2,L1,L1,L2,C2_1,D2_2,F2_2,,,N2_2,L_2,M_2
508900,L3,L2,L1,L1,L1,L2,L1,L1,L2,C2_1,D2_2,F2_2,,,N2_2,L_3,M_1
508901,L3,L2,L1,L1,L1,L2,L1,L1,L2,C2_1,D2_2,F2_2,,,N2_2,L_3,M_2
508902,L3,L2,L1,L1,L1,L2,L1,L1,L2,C2_1,D2_2,F2_3,,,N2_1,L_1,M_1
508903,L3,L2,L1,L1,L1,L2,L1,L1,L2,C2_1,D2_2,F2_3,,,N2_1,L_1,M_2
508904,L3,L2,L1,L1,L1,L2,L1,L1,L2,C2_1,D2_2,F2_3,,,N2_1,L_2,M_1
508905,L3,L2,L1,L1,L1,L2,L1,L1,L2,C2_1,D2_2,F2_3,,,N2_1,L_2,M_2
508906,L3,L2,L1,L1,L1,L2,L1,L1,L2,C2_1,D2_2,F2_3,,,N2_1,L_3,M_1
508907,L3,L2,L1,L1,L1,L2,L1,L1,L2,C2_1,D2_2,F2_3,,,N2_1,L_3,M_2
508908,L3,L2,L1,L1,L1,L2,L1,L1,L2,C2_1,D2_2,F2_3,,,N2_2,L_1,M_1
508909,L3,L2,L1,L1,L1,L2,L1,L1,L2,C2_1,D2_2,F2_3,,,N2_2,L_1,M_2
508910,L3,L2,L1,L1,L1,L2,L1,L1,L2,C2_1,D2_2,F2_3,,,N2_2,L_2,M_1
508911,L3,L2,L1,L1,L1,L2,L1,L1,L2,C2_1,D2_2,F2_3,,,N2_2,L_2,M_2
508912,L3,L2,L1,L1,L1,L2,L1,L1,L2,C2_1,D2_2,F2_3,,,N2_2,L_3,M_1
508913,L3,L2,L1,L1,L1,L2,L1,L1,L2,C2_1,D2_2,F2_3,,,N2_2,L_3,M_2
508914,L3,L2,L1,L1,L1,L2,L1,L1,L2,C2_1,D2_3,F2_1,,,N2_1,L_1,M_1
508915,L3,L2,L1,L1,L1,L2,L1,L1,L2,C2_1,D2_3,F2_1,,,N2_1,L_1,M_2
508916,L3,L2,L1,L1,L1,L2,L1,L1,L2,C2_1,D2_3,F2_1,,,N2_1,L_2,M_1
508917,L3,L2,L1,L1,L1,L2,L1,L1,L2,C2_1,D2_3,F2_1,,,N2_1,L_2,M_2
508918,L3,L2,L1,L1,L1,L2,L1,L1,L2,C2_1,D2_3,F2_1,,,N2_1,L_3,M_1
508919,L3,L2,L1,L1,L1,L2,L1,L1,L2,C2_1,D2_3,F2_1,,,N2_1,L_3,M_2
508920,L3,L2,L1,L1,L1,L2,L1,L1,L2,C2_1,D2_3,F2_1,,,N2_2,L_1,M_1
508921,L3,L2,L1,L1,L1,L2,L1,L1,L2,C2_1,D2_3,F2_1,,,N2_2,L_1,M_2
508922,L3,L2,L1,L1,L1,L2,L1,L1,L2,C2_1,D2_3,F2_1,,,N2_2,L_2,M_1
508923,L3,L2,L1,L1,L1,L2,L1,L1,L2,C2_1,D2_3,F2_1,,,N2_2,L_2,M_2
508924,L3,L2,L1,L1,L1,L2,L1,L1,L2,C2_1,D2_3,F2_1,,,N2_2,L_3,M_1
508925,L3,L2,L1,L1,L1,L2,L1,L1,L2,C2_1,D2_3,F2_1,,,N2_2,L_3,M_2
508926,L3,L2,L1,L1,L1,L2,L1,L1,L2,C2_1,D2_3,F2_2,,,N2_1,L_1,M_1
508927,L3,L2,L1,L1,L1,L2,L1,L1,L2,C2_1,D2_3,F2_2,,,N2_1,L_1,M_2
508928,L3,L2,L1,L1,L1,L2,L1,L1,L2,C2_1,D2_3,F2_2,,,N2_1,L_2,M_1
508929,L3,L2,L1,L1,L1,L2,L1,L1,L2,C2_1,D2_3,F2_2,,,N2_1,L_2,M_2
508930,L3,L2,L1,L1,L1,L2,L1,L1,L2,C2_1,D2_3,F2_2,,,N2_1,L_3,M_1
508931,L3,L2,L1,L1,L1,L2,L1,L1,L2,C2_1,D2_3,F2_2,,,N2_1,L_3,M_2
508932,L3,L2,L1,L1,L1,L2,L1,L1,L2,C2_1,D2_3,F2_2,,,N2_2,L_1,M_1
508933,L3,L2,L1,L1,L1,L2,L1,L1,L2,C2_1,D2_3,F2_2,,,N2_2,L_1,M_2
508934,L3,L2,L1,L1,L1,L2,L1,L1,L2,C2_1,D2_3,F2_2,,,N2_2,L_2,M_1
508935,L3,L2,L1,L1,L1,L2,L1,L1,L2,C2_1,D2_3,F2_2,,,N2_2,L_2,M_2
508936,L3,L2,L1,L1,L1,L2,L1,L1,L2,C2_1,D2_3,F2_2,,,N2_2,L_3,M_1
508937,L3,L2,L1,L1,L1,L2,L1,L1,L2,C2_1,D2_3,F2_2,,,N2_2,L_3,M_2
508938,L3,L2,L1,L1,L1,L2,L1,L1,L2,C2_1,D2_3,F2_3,,,N2_1,L_1,M_1
508939,L3,L2,L1,L1,L1,L2,L1,L1,L2,C2_1,D2_3,F2_3,,,N2_1,L_1,M_2
508940,L3,L2,L1,L1,L1,L2,L1,L1,L2,C2_1,D2_3,F2_3,,,N2_1,L_2,M_1
508941,L3,L2,L1,L1,L1,L2,L1,L1,L2,C2_1,D2_3,F2_3,,,N2_1,L_2,M_2
508942,L3,L2,L1,L1,L1,L2,L1,L1,L2,C2_1,D2_3,F2_3,,,N2_1,L_3,M_1
508943,L3,L2,L1,L1,L1,L2,L1,L1,L2,C2_1,D2_3,F2_3,,,N2_1,L_3,M_2
508944,L3,L2,L1,L1,L1,L2,L1,L1,L2,C2_1,D2_3,F2_3,,,N2_2,L_1,M_1
508945,L3,L2,L1,L1,L1,L2,L1,L1,L2,C2_1,D2_3,F2_3,,,N2_2,L_1,M_2
508946,L3,L2,L1,L1,L1,L2,L1,L1,L2,C2_1,D2_3,F2_3,,,N2_2,L_2,M_1
508947,L3,L2,L1,L1,L1,L2,L1,L1,L2,C2_1,D2_3,F2_3,,,N2_2,L_2,M_2
508948,L3,L2,L1,L1,L1,L2,L1,L1,L2,C2_1,D2_3,F2_3,,,N2_2,L_3,M_1
508949,L3,L2,L1,L1,L1,L2,L1,L1,L2,C2_1,D2_3,F2_3,,,N2_2,L_3,M_2
508950,L3,L2,L1,L1,L1,L2,L1,L1,L2,C2_2,D2_1,F2_1,,,N2_1,L_1,M_1
508951,L3,L2,L1,L1,L1,L2,L1,L1,L2,C2_2,D2_1,F2_1,,,N2_1,L_1,M_2
508952,L3,L2,L1,L1,L1,L2,L1,L1,L2,C2_2,D2_1,F2_1,,,N2_1,L_2,M_1
508953,L3,L2,L1,L1,L1,L2,L1,L1,L2,C2_2,D2_1,F2_1,,,N2_1,L_2,M_2
508954,L3,L2,L1,L1,L1,L2,L1,L1,L2,C2_2,D2_1,F2_1,,,N2_1,L_3,M_1
508955,L3,L2,L1,L1,L1,L2,L1,L1,L2,C2_2,D2_1,F2_1,,,N2_1,L_3,M_2
508956,L3,L2,L1,L1,L1,L2,L1,L1,L2,C2_2,D2_1,F2_1,,,N2_2,L_1,M_1
508957,L3,L2,L1,L1,L1,L2,L1,L1,L2,C2_2,D2_1,F2_1,,,N2_2,L_1,M_2
508958,L3,L2,L1,L1,L1,L2,L1,L1,L2,C2_2,D2_1,F2_1,,,N2_2,L_2,M_1
508959,L3,L2,L1,L1,L1,L2,L1,L1,L2,C2_2,D2_1,F2_1,,,N2_2,L_2,M_2
508960,L3,L2,L1,L1,L1,L2,L1,L1,L2,C2_2,D2_1,F2_1,,,N2_2,L_3,M_1
508961,L3,L2,L1,L1,L1,L2,L1,L1,L2,C2_2,D2_1,F2_1,,,N2_2,L_3,M_2
508962,L3,L2,L1,L1,L1,L2,L1,L1,L2,C2_2,D2_1,F2_2,,,N2_1,L_1,M_1
508963,L3,L2,L1,L1,L1,L2,L1,L1,L2,C2_2,D2_1,F2_2,,,N2_1,L_1,M_2
508964,L3,L2,L1,L1,L1,L2,L1,L1,L2,C2_2,D2_1,F2_2,,,N2_1,L_2,M_1
508965,L3,L2,L1,L1,L1,L2,L1,L1,L2,C2_2,D2_1,F2_2,,,N2_1,L_2,M_2
508966,L3,L2,L1,L1,L1,L2,L1,L1,L2,C2_2,D2_1,F2_2,,,N2_1,L_3,M_1
508967,L3,L2,L1,L1,L1,L2,L1,L1,L2,C2_2,D2_1,F2_2,,,N2_1,L_3,M_2
508968,L3,L2,L1,L1,L1,L2,L1,L1,L2,C2_2,D2_1,F2_2,,,N2_2,L_1,M_1
508969,L3,L2,L1,L1,L1,L2,L1,L1,L2,C2_2,D2_1,F2_2,,,N2_2,L_1,M_2
508970,L3,L2,L1,L1,L1,L2,L1,L1,L2,C2_2,D2_1,F2_2,,,N2_2,L_2,M_1
508971,L3,L2,L1,L1,L1,L2,L1,L1,L2,C2_2,D2_1,F2_2,,,N2_2,L_2,M_2
508972,L3,L2,L1,L1,L1,L2,L1,L1,L2,C2_2,D2_1,F2_2,,,N2_2,L_3,M_1
508973,L3,L2,L1,L1,L1,L2,L1,L1,L2,C2_2,D2_1,F2_2,,,N2_2,L_3,M_2
508974,L3,L2,L1,L1,L1,L2,L1,L1,L2,C2_2,D2_1,F2_3,,,N2_1,L_1,M_1
508975,L3,L2,L1,L1,L1,L2,L1,L1,L2,C2_2,D2_1,F2_3,,,N2_1,L_1,M_2
508976,L3,L2,L1,L1,L1,L2,L1,L1,L2,C2_2,D2_1,F2_3,,,N2_1,L_2,M_1
508977,L3,L2,L1,L1,L1,L2,L1,L1,L2,C2_2,D2_1,F2_3,,,N2_1,L_2,M_2
508978,L3,L2,L1,L1,L1,L2,L1,L1,L2,C2_2,D2_1,F2_3,,,N2_1,L_3,M_1
508979,L3,L2,L1,L1,L1,L2,L1,L1,L2,C2_2,D2_1,F2_3,,,N2_1,L_3,M_2
508980,L3,L2,L1,L1,L1,L2,L1,L1,L2,C2_2,D2_1,F2_3,,,N2_2,L_1,M_1
508981,L3,L2,L1,L1,L1,L2,L1,L1,L2,C2_2,D2_1,F2_3,,,N2_2,L_1,M_2
508982,L3,L2,L1,L1,L1,L2,L1,L1,L2,C2_2,D2_1,F2_3,,,N2_2,L_2,M_1
508983,L3,L2,L1,L1,L1,L2,L1,L1,L2,C2_2,D2_1,F2_3,,,N2_2,L_2,M_2
508984,L3,L2,L1,L1,L1,L2,L1,L1,L2,C2_2,D2_1,F2_3,,,N2_2,L_3,M_1
508985,L3,L2,L1,L1,L1,L2,L1,L1,L2,C2_2,D2_1,F2_3,,,N2_2,L_3,M_2
508986,L3,L2,L1,L1,L1,L2,L1,L1,L2,C2_2,D2_2,F2_1,,,N2_1,L_1,M_1
508987,L3,L2,L1,L1,L1,L2,L1,L1,L2,C2_2,D2_2,F2_1,,,N2_1,L_1,M_2
508988,L3,L2,L1,L1,L1,L2,L1,L1,L2,C2_2,D2_2,F2_1,,,N2_1,L_2,M_1
508989,L3,L2,L1,L1,L1,L2,L1,L1,L2,C2_2,D2_2,F2_1,,,N2_1,L_2,M_2
508990,L3,L2,L1,L1,L1,L2,L1,L1,L2,C2_2,D2_2,F2_1,,,N2_1,L_3,M_1
508991,L3,L2,L1,L1,L1,L2,L1,L1,L2,C2_2,D2_2,F2_1,,,N2_1,L_3,M_2
508992,L3,L2,L1,L1,L1,L2,L1,L1,L2,C2_2,D2_2,F2_1,,,N2_2,L_1,M_1
508993,L3,L2,L1,L1,L1,L2,L1,L1,L2,C2_2,D2_2,F2_1,,,N2_2,L_1,M_2
508994,L3,L2,L1,L1,L1,L2,L1,L1,L2,C2_2,D2_2,F2_1,,,N2_2,L_2,M_1
508995,L3,L2,L1,L1,L1,L2,L1,L1,L2,C2_2,D2_2,F2_1,,,N2_2,L_2,M_2
508996,L3,L2,L1,L1,L1,L2,L1,L1,L2,C2_2,D2_2,F2_1,,,N2_2,L_3,M_1
508997,L3,L2,L1,L1,L1,L2,L1,L1,L2,C2_2,D2_2,F2_1,,,N2_2,L_3,M_2
508998,L3,L2,L1,L1,L1,L2,L1,L1,L2,C2_2,D2_2,F2_2,,,N2_1,L_1,M_1
508999,L3,L2,L1,L1,L1,L2,L1,L1,L2,C2_2,D2_2,F2_2,,,N2_1,L_1,M_2
509000,L3,L2,L1,L1,L1,L2,L1,L1,L2,C2_2,D2_2,F2_2,,,N2_1,L_2,M_1
509001,L3,L2,L1,L1,L1,L2,L1,L1,L2,C2_2,D2_2,F2_2,,,N2_1,L_2,M_2
509002,L3,L2,L1,L1,L1,L2,L1,L1,L2,C2_2,D2_2,F2_2,,,N2_1,L_3,M_1
509003,L3,L2,L1,L1,L1,L2,L1,L1,L2,C2_2,D2_2,F2_2,,,N2_1,L_3,M_2
509004,L3,L2,L1,L1,L1,L2,L1,L1,L2,C2_2,D2_2,F2_2,,,N2_2,L_1,M_1
509005,L3,L2,L1,L1,L1,L2,L1,L1,L2,C2_2,D2_2,F2_2,,,N2_2,L_1,M_2
509006,L3,L2,L1,L1,L1,L2,L1,L1,L2,C2_2,D2_2,F2_2,,,N2_2,L_2,M_1
509007,L3,L2,L1,L1,L1,L2,L1,L1,L2,C2_2,D2_2,F2_2,,,N2_2,L_2,M_2
509008,L3,L2,L1,L1,L1,L2,L1,L1,L2,C2_2,D2_2,F2_2,,,N2_2,L_3,M_1
509009,L3,L2,L1,L1,L1,L2,L1,L1,L2,C2_2,D2_2,F2_2,,,N2_2,L_3,M_2
509010,L3,L2,L1,L1,L1,L2,L1,L1,L2,C2_2,D2_2,F2_3,,,N2_1,L_1,M_1
509011,L3,L2,L1,L1,L1,L2,L1,L1,L2,C2_2,D2_2,F2_3,,,N2_1,L_1,M_2
509012,L3,L2,L1,L1,L1,L2,L1,L1,L2,C2_2,D2_2,F2_3,,,N2_1,L_2,M_1
509013,L3,L2,L1,L1,L1,L2,L1,L1,L2,C2_2,D2_2,F2_3,,,N2_1,L_2,M_2
509014,L3,L2,L1,L1,L1,L2,L1,L1,L2,C2_2,D2_2,F2_3,,,N2_1,L_3,M_1
509015,L3,L2,L1,L1,L1,L2,L1,L1,L2,C2_2,D2_2,F2_3,,,N2_1,L_3,M_2
509016,L3,L2,L1,L1,L1,L2,L1,L1,L2,C2_2,D2_2,F2_3,,,N2_2,L_1,M_1
509017,L3,L2,L1,L1,L1,L2,L1,L1,L2,C2_2,D2_2,F2_3,,,N2_2,L_1,M_2
509018,L3,L2,L1,L1,L1,L2,L1,L1,L2,C2_2,D2_2,F2_3,,,N2_2,L_2,M_1
509019,L3,L2,L1,L1,L1,L2,L1,L1,L2,C2_2,D2_2,F2_3,,,N2_2,L_2,M_2
509020,L3,L2,L1,L1,L1,L2,L1,L1,L2,C2_2,D2_2,F2_3,,,N2_2,L_3,M_1
509021,L3,L2,L1,L1,L1,L2,L1,L1,L2,C2_2,D2_2,F2_3,,,N2_2,L_3,M_2
509022,L3,L2,L1,L1,L1,L2,L1,L1,L2,C2_2,D2_3,F2_1,,,N2_1,L_1,M_1
509023,L3,L2,L1,L1,L1,L2,L1,L1,L2,C2_2,D2_3,F2_1,,,N2_1,L_1,M_2
509024,L3,L2,L1,L1,L1,L2,L1,L1,L2,C2_2,D2_3,F2_1,,,N2_1,L_2,M_1
509025,L3,L2,L1,L1,L1,L2,L1,L1,L2,C2_2,D2_3,F2_1,,,N2_1,L_2,M_2
509026,L3,L2,L1,L1,L1,L2,L1,L1,L2,C2_2,D2_3,F2_1,,,N2_1,L_3,M_1
509027,L3,L2,L1,L1,L1,L2,L1,L1,L2,C2_2,D2_3,F2_1,,,N2_1,L_3,M_2
509028,L3,L2,L1,L1,L1,L2,L1,L1,L2,C2_2,D2_3,F2_1,,,N2_2,L_1,M_1
509029,L3,L2,L1,L1,L1,L2,L1,L1,L2,C2_2,D2_3,F2_1,,,N2_2,L_1,M_2
509030,L3,L2,L1,L1,L1,L2,L1,L1,L2,C2_2,D2_3,F2_1,,,N2_2,L_2,M_1
509031,L3,L2,L1,L1,L1,L2,L1,L1,L2,C2_2,D2_3,F2_1,,,N2_2,L_2,M_2
509032,L3,L2,L1,L1,L1,L2,L1,L1,L2,C2_2,D2_3,F2_1,,,N2_2,L_3,M_1
509033,L3,L2,L1,L1,L1,L2,L1,L1,L2,C2_2,D2_3,F2_1,,,N2_2,L_3,M_2
509034,L3,L2,L1,L1,L1,L2,L1,L1,L2,C2_2,D2_3,F2_2,,,N2_1,L_1,M_1
509035,L3,L2,L1,L1,L1,L2,L1,L1,L2,C2_2,D2_3,F2_2,,,N2_1,L_1,M_2
509036,L3,L2,L1,L1,L1,L2,L1,L1,L2,C2_2,D2_3,F2_2,,,N2_1,L_2,M_1
509037,L3,L2,L1,L1,L1,L2,L1,L1,L2,C2_2,D2_3,F2_2,,,N2_1,L_2,M_2
509038,L3,L2,L1,L1,L1,L2,L1,L1,L2,C2_2,D2_3,F2_2,,,N2_1,L_3,M_1
509039,L3,L2,L1,L1,L1,L2,L1,L1,L2,C2_2,D2_3,F2_2,,,N2_1,L_3,M_2
509040,L3,L2,L1,L1,L1,L2,L1,L1,L2,C2_2,D2_3,F2_2,,,N2_2,L_1,M_1
509041,L3,L2,L1,L1,L1,L2,L1,L1,L2,C2_2,D2_3,F2_2,,,N2_2,L_1,M_2
509042,L3,L2,L1,L1,L1,L2,L1,L1,L2,C2_2,D2_3,F2_2,,,N2_2,L_2,M_1
509043,L3,L2,L1,L1,L1,L2,L1,L1,L2,C2_2,D2_3,F2_2,,,N2_2,L_2,M_2
509044,L3,L2,L1,L1,L1,L2,L1,L1,L2,C2_2,D2_3,F2_2,,,N2_2,L_3,M_1
509045,L3,L2,L1,L1,L1,L2,L1,L1,L2,C2_2,D2_3,F2_2,,,N2_2,L_3,M_2
509046,L3,L2,L1,L1,L1,L2,L1,L1,L2,C2_2,D2_3,F2_3,,,N2_1,L_1,M_1
509047,L3,L2,L1,L1,L1,L2,L1,L1,L2,C2_2,D2_3,F2_3,,,N2_1,L_1,M_2
509048,L3,L2,L1,L1,L1,L2,L1,L1,L2,C2_2,D2_3,F2_3,,,N2_1,L_2,M_1
509049,L3,L2,L1,L1,L1,L2,L1,L1,L2,C2_2,D2_3,F2_3,,,N2_1,L_2,M_2
509050,L3,L2,L1,L1,L1,L2,L1,L1,L2,C2_2,D2_3,F2_3,,,N2_1,L_3,M_1
509051,L3,L2,L1,L1,L1,L2,L1,L1,L2,C2_2,D2_3,F2_3,,,N2_1,L_3,M_2
509052,L3,L2,L1,L1,L1,L2,L1,L1,L2,C2_2,D2_3,F2_3,,,N2_2,L_1,M_1
509053,L3,L2,L1,L1,L1,L2,L1,L1,L2,C2_2,D2_3,F2_3,,,N2_2,L_1,M_2
509054,L3,L2,L1,L1,L1,L2,L1,L1,L2,C2_2,D2_3,F2_3,,,N2_2,L_2,M_1
509055,L3,L2,L1,L1,L1,L2,L1,L1,L2,C2_2,D2_3,F2_3,,,N2_2,L_2,M_2
509056,L3,L2,L1,L1,L1,L2,L1,L1,L2,C2_2,D2_3,F2_3,,,N2_2,L_3,M_1
509057,L3,L2,L1,L1,L1,L2,L1,L1,L2,C2_2,D2_3,F2_3,,,N2_2,L_3,M_2
509058,L3,L2,L1,L1,L1,L2,L1,L1,L2,C2_3,D2_1,F2_1,,,N2_1,L_1,M_1
509059,L3,L2,L1,L1,L1,L2,L1,L1,L2,C2_3,D2_1,F2_1,,,N2_1,L_1,M_2
509060,L3,L2,L1,L1,L1,L2,L1,L1,L2,C2_3,D2_1,F2_1,,,N2_1,L_2,M_1
509061,L3,L2,L1,L1,L1,L2,L1,L1,L2,C2_3,D2_1,F2_1,,,N2_1,L_2,M_2
509062,L3,L2,L1,L1,L1,L2,L1,L1,L2,C2_3,D2_1,F2_1,,,N2_1,L_3,M_1
509063,L3,L2,L1,L1,L1,L2,L1,L1,L2,C2_3,D2_1,F2_1,,,N2_1,L_3,M_2
509064,L3,L2,L1,L1,L1,L2,L1,L1,L2,C2_3,D2_1,F2_1,,,N2_2,L_1,M_1
509065,L3,L2,L1,L1,L1,L2,L1,L1,L2,C2_3,D2_1,F2_1,,,N2_2,L_1,M_2
509066,L3,L2,L1,L1,L1,L2,L1,L1,L2,C2_3,D2_1,F2_1,,,N2_2,L_2,M_1
509067,L3,L2,L1,L1,L1,L2,L1,L1,L2,C2_3,D2_1,F2_1,,,N2_2,L_2,M_2
509068,L3,L2,L1,L1,L1,L2,L1,L1,L2,C2_3,D2_1,F2_1,,,N2_2,L_3,M_1
509069,L3,L2,L1,L1,L1,L2,L1,L1,L2,C2_3,D2_1,F2_1,,,N2_2,L_3,M_2
509070,L3,L2,L1,L1,L1,L2,L1,L1,L2,C2_3,D2_1,F2_2,,,N2_1,L_1,M_1
509071,L3,L2,L1,L1,L1,L2,L1,L1,L2,C2_3,D2_1,F2_2,,,N2_1,L_1,M_2
509072,L3,L2,L1,L1,L1,L2,L1,L1,L2,C2_3,D2_1,F2_2,,,N2_1,L_2,M_1
509073,L3,L2,L1,L1,L1,L2,L1,L1,L2,C2_3,D2_1,F2_2,,,N2_1,L_2,M_2
509074,L3,L2,L1,L1,L1,L2,L1,L1,L2,C2_3,D2_1,F2_2,,,N2_1,L_3,M_1
509075,L3,L2,L1,L1,L1,L2,L1,L1,L2,C2_3,D2_1,F2_2,,,N2_1,L_3,M_2
509076,L3,L2,L1,L1,L1,L2,L1,L1,L2,C2_3,D2_1,F2_2,,,N2_2,L_1,M_1
509077,L3,L2,L1,L1,L1,L2,L1,L1,L2,C2_3,D2_1,F2_2,,,N2_2,L_1,M_2
509078,L3,L2,L1,L1,L1,L2,L1,L1,L2,C2_3,D2_1,F2_2,,,N2_2,L_2,M_1
509079,L3,L2,L1,L1,L1,L2,L1,L1,L2,C2_3,D2_1,F2_2,,,N2_2,L_2,M_2
509080,L3,L2,L1,L1,L1,L2,L1,L1,L2,C2_3,D2_1,F2_2,,,N2_2,L_3,M_1
509081,L3,L2,L1,L1,L1,L2,L1,L1,L2,C2_3,D2_1,F2_2,,,N2_2,L_3,M_2
509082,L3,L2,L1,L1,L1,L2,L1,L1,L2,C2_3,D2_1,F2_3,,,N2_1,L_1,M_1
509083,L3,L2,L1,L1,L1,L2,L1,L1,L2,C2_3,D2_1,F2_3,,,N2_1,L_1,M_2
509084,L3,L2,L1,L1,L1,L2,L1,L1,L2,C2_3,D2_1,F2_3,,,N2_1,L_2,M_1
509085,L3,L2,L1,L1,L1,L2,L1,L1,L2,C2_3,D2_1,F2_3,,,N2_1,L_2,M_2
509086,L3,L2,L1,L1,L1,L2,L1,L1,L2,C2_3,D2_1,F2_3,,,N2_1,L_3,M_1
509087,L3,L2,L1,L1,L1,L2,L1,L1,L2,C2_3,D2_1,F2_3,,,N2_1,L_3,M_2
509088,L3,L2,L1,L1,L1,L2,L1,L1,L2,C2_3,D2_1,F2_3,,,N2_2,L_1,M_1
509089,L3,L2,L1,L1,L1,L2,L1,L1,L2,C2_3,D2_1,F2_3,,,N2_2,L_1,M_2
509090,L3,L2,L1,L1,L1,L2,L1,L1,L2,C2_3,D2_1,F2_3,,,N2_2,L_2,M_1
509091,L3,L2,L1,L1,L1,L2,L1,L1,L2,C2_3,D2_1,F2_3,,,N2_2,L_2,M_2
509092,L3,L2,L1,L1,L1,L2,L1,L1,L2,C2_3,D2_1,F2_3,,,N2_2,L_3,M_1
509093,L3,L2,L1,L1,L1,L2,L1,L1,L2,C2_3,D2_1,F2_3,,,N2_2,L_3,M_2
509094,L3,L2,L1,L1,L1,L2,L1,L1,L2,C2_3,D2_2,F2_1,,,N2_1,L_1,M_1
509095,L3,L2,L1,L1,L1,L2,L1,L1,L2,C2_3,D2_2,F2_1,,,N2_1,L_1,M_2
509096,L3,L2,L1,L1,L1,L2,L1,L1,L2,C2_3,D2_2,F2_1,,,N2_1,L_2,M_1
509097,L3,L2,L1,L1,L1,L2,L1,L1,L2,C2_3,D2_2,F2_1,,,N2_1,L_2,M_2
509098,L3,L2,L1,L1,L1,L2,L1,L1,L2,C2_3,D2_2,F2_1,,,N2_1,L_3,M_1
509099,L3,L2,L1,L1,L1,L2,L1,L1,L2,C2_3,D2_2,F2_1,,,N2_1,L_3,M_2
509100,L3,L2,L1,L1,L1,L2,L1,L1,L2,C2_3,D2_2,F2_1,,,N2_2,L_1,M_1
509101,L3,L2,L1,L1,L1,L2,L1,L1,L2,C2_3,D2_2,F2_1,,,N2_2,L_1,M_2
509102,L3,L2,L1,L1,L1,L2,L1,L1,L2,C2_3,D2_2,F2_1,,,N2_2,L_2,M_1
509103,L3,L2,L1,L1,L1,L2,L1,L1,L2,C2_3,D2_2,F2_1,,,N2_2,L_2,M_2
509104,L3,L2,L1,L1,L1,L2,L1,L1,L2,C2_3,D2_2,F2_1,,,N2_2,L_3,M_1
509105,L3,L2,L1,L1,L1,L2,L1,L1,L2,C2_3,D2_2,F2_1,,,N2_2,L_3,M_2
509106,L3,L2,L1,L1,L1,L2,L1,L1,L2,C2_3,D2_2,F2_2,,,N2_1,L_1,M_1
509107,L3,L2,L1,L1,L1,L2,L1,L1,L2,C2_3,D2_2,F2_2,,,N2_1,L_1,M_2
509108,L3,L2,L1,L1,L1,L2,L1,L1,L2,C2_3,D2_2,F2_2,,,N2_1,L_2,M_1
509109,L3,L2,L1,L1,L1,L2,L1,L1,L2,C2_3,D2_2,F2_2,,,N2_1,L_2,M_2
509110,L3,L2,L1,L1,L1,L2,L1,L1,L2,C2_3,D2_2,F2_2,,,N2_1,L_3,M_1
509111,L3,L2,L1,L1,L1,L2,L1,L1,L2,C2_3,D2_2,F2_2,,,N2_1,L_3,M_2
509112,L3,L2,L1,L1,L1,L2,L1,L1,L2,C2_3,D2_2,F2_2,,,N2_2,L_1,M_1
509113,L3,L2,L1,L1,L1,L2,L1,L1,L2,C2_3,D2_2,F2_2,,,N2_2,L_1,M_2
509114,L3,L2,L1,L1,L1,L2,L1,L1,L2,C2_3,D2_2,F2_2,,,N2_2,L_2,M_1
509115,L3,L2,L1,L1,L1,L2,L1,L1,L2,C2_3,D2_2,F2_2,,,N2_2,L_2,M_2
509116,L3,L2,L1,L1,L1,L2,L1,L1,L2,C2_3,D2_2,F2_2,,,N2_2,L_3,M_1
509117,L3,L2,L1,L1,L1,L2,L1,L1,L2,C2_3,D2_2,F2_2,,,N2_2,L_3,M_2
509118,L3,L2,L1,L1,L1,L2,L1,L1,L2,C2_3,D2_2,F2_3,,,N2_1,L_1,M_1
509119,L3,L2,L1,L1,L1,L2,L1,L1,L2,C2_3,D2_2,F2_3,,,N2_1,L_1,M_2
509120,L3,L2,L1,L1,L1,L2,L1,L1,L2,C2_3,D2_2,F2_3,,,N2_1,L_2,M_1
509121,L3,L2,L1,L1,L1,L2,L1,L1,L2,C2_3,D2_2,F2_3,,,N2_1,L_2,M_2
509122,L3,L2,L1,L1,L1,L2,L1,L1,L2,C2_3,D2_2,F2_3,,,N2_1,L_3,M_1
509123,L3,L2,L1,L1,L1,L2,L1,L1,L2,C2_3,D2_2,F2_3,,,N2_1,L_3,M_2
509124,L3,L2,L1,L1,L1,L2,L1,L1,L2,C2_3,D2_2,F2_3,,,N2_2,L_1,M_1
509125,L3,L2,L1,L1,L1,L2,L1,L1,L2,C2_3,D2_2,F2_3,,,N2_2,L_1,M_2
509126,L3,L2,L1,L1,L1,L2,L1,L1,L2,C2_3,D2_2,F2_3,,,N2_2,L_2,M_1
509127,L3,L2,L1,L1,L1,L2,L1,L1,L2,C2_3,D2_2,F2_3,,,N2_2,L_2,M_2
509128,L3,L2,L1,L1,L1,L2,L1,L1,L2,C2_3,D2_2,F2_3,,,N2_2,L_3,M_1
509129,L3,L2,L1,L1,L1,L2,L1,L1,L2,C2_3,D2_2,F2_3,,,N2_2,L_3,M_2
509130,L3,L2,L1,L1,L1,L2,L1,L1,L2,C2_3,D2_3,F2_1,,,N2_1,L_1,M_1
509131,L3,L2,L1,L1,L1,L2,L1,L1,L2,C2_3,D2_3,F2_1,,,N2_1,L_1,M_2
509132,L3,L2,L1,L1,L1,L2,L1,L1,L2,C2_3,D2_3,F2_1,,,N2_1,L_2,M_1
509133,L3,L2,L1,L1,L1,L2,L1,L1,L2,C2_3,D2_3,F2_1,,,N2_1,L_2,M_2
509134,L3,L2,L1,L1,L1,L2,L1,L1,L2,C2_3,D2_3,F2_1,,,N2_1,L_3,M_1
509135,L3,L2,L1,L1,L1,L2,L1,L1,L2,C2_3,D2_3,F2_1,,,N2_1,L_3,M_2
509136,L3,L2,L1,L1,L1,L2,L1,L1,L2,C2_3,D2_3,F2_1,,,N2_2,L_1,M_1
509137,L3,L2,L1,L1,L1,L2,L1,L1,L2,C2_3,D2_3,F2_1,,,N2_2,L_1,M_2
509138,L3,L2,L1,L1,L1,L2,L1,L1,L2,C2_3,D2_3,F2_1,,,N2_2,L_2,M_1
509139,L3,L2,L1,L1,L1,L2,L1,L1,L2,C2_3,D2_3,F2_1,,,N2_2,L_2,M_2
509140,L3,L2,L1,L1,L1,L2,L1,L1,L2,C2_3,D2_3,F2_1,,,N2_2,L_3,M_1
509141,L3,L2,L1,L1,L1,L2,L1,L1,L2,C2_3,D2_3,F2_1,,,N2_2,L_3,M_2
509142,L3,L2,L1,L1,L1,L2,L1,L1,L2,C2_3,D2_3,F2_2,,,N2_1,L_1,M_1
509143,L3,L2,L1,L1,L1,L2,L1,L1,L2,C2_3,D2_3,F2_2,,,N2_1,L_1,M_2
509144,L3,L2,L1,L1,L1,L2,L1,L1,L2,C2_3,D2_3,F2_2,,,N2_1,L_2,M_1
509145,L3,L2,L1,L1,L1,L2,L1,L1,L2,C2_3,D2_3,F2_2,,,N2_1,L_2,M_2
509146,L3,L2,L1,L1,L1,L2,L1,L1,L2,C2_3,D2_3,F2_2,,,N2_1,L_3,M_1
509147,L3,L2,L1,L1,L1,L2,L1,L1,L2,C2_3,D2_3,F2_2,,,N2_1,L_3,M_2
509148,L3,L2,L1,L1,L1,L2,L1,L1,L2,C2_3,D2_3,F2_2,,,N2_2,L_1,M_1
509149,L3,L2,L1,L1,L1,L2,L1,L1,L2,C2_3,D2_3,F2_2,,,N2_2,L_1,M_2
509150,L3,L2,L1,L1,L1,L2,L1,L1,L2,C2_3,D2_3,F2_2,,,N2_2,L_2,M_1
509151,L3,L2,L1,L1,L1,L2,L1,L1,L2,C2_3,D2_3,F2_2,,,N2_2,L_2,M_2
509152,L3,L2,L1,L1,L1,L2,L1,L1,L2,C2_3,D2_3,F2_2,,,N2_2,L_3,M_1
509153,L3,L2,L1,L1,L1,L2,L1,L1,L2,C2_3,D2_3,F2_2,,,N2_2,L_3,M_2
509154,L3,L2,L1,L1,L1,L2,L1,L1,L2,C2_3,D2_3,F2_3,,,N2_1,L_1,M_1
509155,L3,L2,L1,L1,L1,L2,L1,L1,L2,C2_3,D2_3,F2_3,,,N2_1,L_1,M_2
509156,L3,L2,L1,L1,L1,L2,L1,L1,L2,C2_3,D2_3,F2_3,,,N2_1,L_2,M_1
509157,L3,L2,L1,L1,L1,L2,L1,L1,L2,C2_3,D2_3,F2_3,,,N2_1,L_2,M_2
509158,L3,L2,L1,L1,L1,L2,L1,L1,L2,C2_3,D2_3,F2_3,,,N2_1,L_3,M_1
509159,L3,L2,L1,L1,L1,L2,L1,L1,L2,C2_3,D2_3,F2_3,,,N2_1,L_3,M_2
509160,L3,L2,L1,L1,L1,L2,L1,L1,L2,C2_3,D2_3,F2_3,,,N2_2,L_1,M_1
509161,L3,L2,L1,L1,L1,L2,L1,L1,L2,C2_3,D2_3,F2_3,,,N2_2,L_1,M_2
509162,L3,L2,L1,L1,L1,L2,L1,L1,L2,C2_3,D2_3,F2_3,,,N2_2,L_2,M_1
509163,L3,L2,L1,L1,L1,L2,L1,L1,L2,C2_3,D2_3,F2_3,,,N2_2,L_2,M_2
509164,L3,L2,L1,L1,L1,L2,L1,L1,L2,C2_3,D2_3,F2_3,,,N2_2,L_3,M_1
509165,L3,L2,L1,L1,L1,L2,L1,L1,L2,C2_3,D2_3,F2_3,,,N2_2,L_3,M_2
509463,L1,L1,L2,L1,L1,L2,L1,L1,L2,C2_1,D2_1,F2_1,,,N2_1,L_1,M_1
509464,L1,L1,L2,L1,L1,L2,L1,L1,L2,C2_1,D2_1,F2_1,,,N2_1,L_1,M_2
509465,L1,L1,L2,L1,L1,L2,L1,L1,L2,C2_1,D2_1,F2_1,,,N2_1,L_2,M_1
509466,L1,L1,L2,L1,L1,L2,L1,L1,L2,C2_1,D2_1,F2_1,,,N2_1,L_2,M_2
509467,L1,L1,L2,L1,L1,L2,L1,L1,L2,C2_1,D2_1,F2_1,,,N2_1,L_3,M_1
509468,L1,L1,L2,L1,L1,L2,L1,L1,L2,C2_1,D2_1,F2_1,,,N2_1,L_3,M_2
509469,L1,L1,L2,L1,L1,L2,L1,L1,L2,C2_1,D2_1,F2_1,,,N2_2,L_1,M_1
509470,L1,L1,L2,L1,L1,L2,L1,L1,L2,C2_1,D2_1,F2_1,,,N2_2,L_1,M_2
509471,L1,L1,L2,L1,L1,L2,L1,L1,L2,C2_1,D2_1,F2_1,,,N2_2,L_2,M_1
509472,L1,L1,L2,L1,L1,L2,L1,L1,L2,C2_1,D2_1,F2_1,,,N2_2,L_2,M_2
509473,L1,L1,L2,L1,L1,L2,L1,L1,L2,C2_1,D2_1,F2_1,,,N2_2,L_3,M_1
509474,L1,L1,L2,L1,L1,L2,L1,L1,L2,C2_1,D2_1,F2_1,,,N2_2,L_3,M_2
509475,L1,L1,L2,L1,L1,L2,L1,L1,L2,C2_1,D2_1,F2_2,,,N2_1,L_1,M_1
509476,L1,L1,L2,L1,L1,L2,L1,L1,L2,C2_1,D2_1,F2_2,,,N2_1,L_1,M_2
509477,L1,L1,L2,L1,L1,L2,L1,L1,L2,C2_1,D2_1,F2_2,,,N2_1,L_2,M_1
509478,L1,L1,L2,L1,L1,L2,L1,L1,L2,C2_1,D2_1,F2_2,,,N2_1,L_2,M_2
509479,L1,L1,L2,L1,L1,L2,L1,L1,L2,C2_1,D2_1,F2_2,,,N2_1,L_3,M_1
509480,L1,L1,L2,L1,L1,L2,L1,L1,L2,C2_1,D2_1,F2_2,,,N2_1,L_3,M_2
509481,L1,L1,L2,L1,L1,L2,L1,L1,L2,C2_1,D2_1,F2_2,,,N2_2,L_1,M_1
509482,L1,L1,L2,L1,L1,L2,L1,L1,L2,C2_1,D2_1,F2_2,,,N2_2,L_1,M_2
509483,L1,L1,L2,L1,L1,L2,L1,L1,L2,C2_1,D2_1,F2_2,,,N2_2,L_2,M_1
509484,L1,L1,L2,L1,L1,L2,L1,L1,L2,C2_1,D2_1,F2_2,,,N2_2,L_2,M_2
509485,L1,L1,L2,L1,L1,L2,L1,L1,L2,C2_1,D2_1,F2_2,,,N2_2,L_3,M_1
509486,L1,L1,L2,L1,L1,L2,L1,L1,L2,C2_1,D2_1,F2_2,,,N2_2,L_3,M_2
509487,L1,L1,L2,L1,L1,L2,L1,L1,L2,C2_1,D2_1,F2_3,,,N2_1,L_1,M_1
509488,L1,L1,L2,L1,L1,L2,L1,L1,L2,C2_1,D2_1,F2_3,,,N2_1,L_1,M_2
509489,L1,L1,L2,L1,L1,L2,L1,L1,L2,C2_1,D2_1,F2_3,,,N2_1,L_2,M_1
509490,L1,L1,L2,L1,L1,L2,L1,L1,L2,C2_1,D2_1,F2_3,,,N2_1,L_2,M_2
509491,L1,L1,L2,L1,L1,L2,L1,L1,L2,C2_1,D2_1,F2_3,,,N2_1,L_3,M_1
509492,L1,L1,L2,L1,L1,L2,L1,L1,L2,C2_1,D2_1,F2_3,,,N2_1,L_3,M_2
509493,L1,L1,L2,L1,L1,L2,L1,L1,L2,C2_1,D2_1,F2_3,,,N2_2,L_1,M_1
509494,L1,L1,L2,L1,L1,L2,L1,L1,L2,C2_1,D2_1,F2_3,,,N2_2,L_1,M_2
509495,L1,L1,L2,L1,L1,L2,L1,L1,L2,C2_1,D2_1,F2_3,,,N2_2,L_2,M_1
509496,L1,L1,L2,L1,L1,L2,L1,L1,L2,C2_1,D2_1,F2_3,,,N2_2,L_2,M_2
509497,L1,L1,L2,L1,L1,L2,L1,L1,L2,C2_1,D2_1,F2_3,,,N2_2,L_3,M_1
509498,L1,L1,L2,L1,L1,L2,L1,L1,L2,C2_1,D2_1,F2_3,,,N2_2,L_3,M_2
509499,L1,L1,L2,L1,L1,L2,L1,L1,L2,C2_1,D2_2,F2_1,,,N2_1,L_1,M_1
509500,L1,L1,L2,L1,L1,L2,L1,L1,L2,C2_1,D2_2,F2_1,,,N2_1,L_1,M_2
509501,L1,L1,L2,L1,L1,L2,L1,L1,L2,C2_1,D2_2,F2_1,,,N2_1,L_2,M_1
509502,L1,L1,L2,L1,L1,L2,L1,L1,L2,C2_1,D2_2,F2_1,,,N2_1,L_2,M_2
509503,L1,L1,L2,L1,L1,L2,L1,L1,L2,C2_1,D2_2,F2_1,,,N2_1,L_3,M_1
509504,L1,L1,L2,L1,L1,L2,L1,L1,L2,C2_1,D2_2,F2_1,,,N2_1,L_3,M_2
509505,L1,L1,L2,L1,L1,L2,L1,L1,L2,C2_1,D2_2,F2_1,,,N2_2,L_1,M_1
509506,L1,L1,L2,L1,L1,L2,L1,L1,L2,C2_1,D2_2,F2_1,,,N2_2,L_1,M_2
509507,L1,L1,L2,L1,L1,L2,L1,L1,L2,C2_1,D2_2,F2_1,,,N2_2,L_2,M_1
509508,L1,L1,L2,L1,L1,L2,L1,L1,L2,C2_1,D2_2,F2_1,,,N2_2,L_2,M_2
509509,L1,L1,L2,L1,L1,L2,L1,L1,L2,C2_1,D2_2,F2_1,,,N2_2,L_3,M_1
509510,L1,L1,L2,L1,L1,L2,L1,L1,L2,C2_1,D2_2,F2_1,,,N2_2,L_3,M_2
509511,L1,L1,L2,L1,L1,L2,L1,L1,L2,C2_1,D2_2,F2_2,,,N2_1,L_1,M_1
509512,L1,L1,L2,L1,L1,L2,L1,L1,L2,C2_1,D2_2,F2_2,,,N2_1,L_1,M_2
509513,L1,L1,L2,L1,L1,L2,L1,L1,L2,C2_1,D2_2,F2_2,,,N2_1,L_2,M_1
509514,L1,L1,L2,L1,L1,L2,L1,L1,L2,C2_1,D2_2,F2_2,,,N2_1,L_2,M_2
509515,L1,L1,L2,L1,L1,L2,L1,L1,L2,C2_1,D2_2,F2_2,,,N2_1,L_3,M_1
509516,L1,L1,L2,L1,L1,L2,L1,L1,L2,C2_1,D2_2,F2_2,,,N2_1,L_3,M_2
509517,L1,L1,L2,L1,L1,L2,L1,L1,L2,C2_1,D2_2,F2_2,,,N2_2,L_1,M_1
509518,L1,L1,L2,L1,L1,L2,L1,L1,L2,C2_1,D2_2,F2_2,,,N2_2,L_1,M_2
509519,L1,L1,L2,L1,L1,L2,L1,L1,L2,C2_1,D2_2,F2_2,,,N2_2,L_2,M_1
509520,L1,L1,L2,L1,L1,L2,L1,L1,L2,C2_1,D2_2,F2_2,,,N2_2,L_2,M_2
509521,L1,L1,L2,L1,L1,L2,L1,L1,L2,C2_1,D2_2,F2_2,,,N2_2,L_3,M_1
509522,L1,L1,L2,L1,L1,L2,L1,L1,L2,C2_1,D2_2,F2_2,,,N2_2,L_3,M_2
509523,L1,L1,L2,L1,L1,L2,L1,L1,L2,C2_1,D2_2,F2_3,,,N2_1,L_1,M_1
509524,L1,L1,L2,L1,L1,L2,L1,L1,L2,C2_1,D2_2,F2_3,,,N2_1,L_1,M_2
509525,L1,L1,L2,L1,L1,L2,L1,L1,L2,C2_1,D2_2,F2_3,,,N2_1,L_2,M_1
509526,L1,L1,L2,L1,L1,L2,L1,L1,L2,C2_1,D2_2,F2_3,,,N2_1,L_2,M_2
509527,L1,L1,L2,L1,L1,L2,L1,L1,L2,C2_1,D2_2,F2_3,,,N2_1,L_3,M_1
509528,L1,L1,L2,L1,L1,L2,L1,L1,L2,C2_1,D2_2,F2_3,,,N2_1,L_3,M_2
509529,L1,L1,L2,L1,L1,L2,L1,L1,L2,C2_1,D2_2,F2_3,,,N2_2,L_1,M_1
509530,L1,L1,L2,L1,L1,L2,L1,L1,L2,C2_1,D2_2,F2_3,,,N2_2,L_1,M_2
509531,L1,L1,L2,L1,L1,L2,L1,L1,L2,C2_1,D2_2,F2_3,,,N2_2,L_2,M_1
509532,L1,L1,L2,L1,L1,L2,L1,L1,L2,C2_1,D2_2,F2_3,,,N2_2,L_2,M_2
509533,L1,L1,L2,L1,L1,L2,L1,L1,L2,C2_1,D2_2,F2_3,,,N2_2,L_3,M_1
509534,L1,L1,L2,L1,L1,L2,L1,L1,L2,C2_1,D2_2,F2_3,,,N2_2,L_3,M_2
509535,L1,L1,L2,L1,L1,L2,L1,L1,L2,C2_1,D2_3,F2_1,,,N2_1,L_1,M_1
509536,L1,L1,L2,L1,L1,L2,L1,L1,L2,C2_1,D2_3,F2_1,,,N2_1,L_1,M_2
509537,L1,L1,L2,L1,L1,L2,L1,L1,L2,C2_1,D2_3,F2_1,,,N2_1,L_2,M_1
509538,L1,L1,L2,L1,L1,L2,L1,L1,L2,C2_1,D2_3,F2_1,,,N2_1,L_2,M_2
509539,L1,L1,L2,L1,L1,L2,L1,L1,L2,C2_1,D2_3,F2_1,,,N2_1,L_3,M_1
509540,L1,L1,L2,L1,L1,L2,L1,L1,L2,C2_1,D2_3,F2_1,,,N2_1,L_3,M_2
509541,L1,L1,L2,L1,L1,L2,L1,L1,L2,C2_1,D2_3,F2_1,,,N2_2,L_1,M_1
509542,L1,L1,L2,L1,L1,L2,L1,L1,L2,C2_1,D2_3,F2_1,,,N2_2,L_1,M_2
509543,L1,L1,L2,L1,L1,L2,L1,L1,L2,C2_1,D2_3,F2_1,,,N2_2,L_2,M_1
509544,L1,L1,L2,L1,L1,L2,L1,L1,L2,C2_1,D2_3,F2_1,,,N2_2,L_2,M_2
509545,L1,L1,L2,L1,L1,L2,L1,L1,L2,C2_1,D2_3,F2_1,,,N2_2,L_3,M_1
509546,L1,L1,L2,L1,L1,L2,L1,L1,L2,C2_1,D2_3,F2_1,,,N2_2,L_3,M_2
509547,L1,L1,L2,L1,L1,L2,L1,L1,L2,C2_1,D2_3,F2_2,,,N2_1,L_1,M_1
509548,L1,L1,L2,L1,L1,L2,L1,L1,L2,C2_1,D2_3,F2_2,,,N2_1,L_1,M_2
509549,L1,L1,L2,L1,L1,L2,L1,L1,L2,C2_1,D2_3,F2_2,,,N2_1,L_2,M_1
509550,L1,L1,L2,L1,L1,L2,L1,L1,L2,C2_1,D2_3,F2_2,,,N2_1,L_2,M_2
509551,L1,L1,L2,L1,L1,L2,L1,L1,L2,C2_1,D2_3,F2_2,,,N2_1,L_3,M_1
509552,L1,L1,L2,L1,L1,L2,L1,L1,L2,C2_1,D2_3,F2_2,,,N2_1,L_3,M_2
509553,L1,L1,L2,L1,L1,L2,L1,L1,L2,C2_1,D2_3,F2_2,,,N2_2,L_1,M_1
509554,L1,L1,L2,L1,L1,L2,L1,L1,L2,C2_1,D2_3,F2_2,,,N2_2,L_1,M_2
509555,L1,L1,L2,L1,L1,L2,L1,L1,L2,C2_1,D2_3,F2_2,,,N2_2,L_2,M_1
509556,L1,L1,L2,L1,L1,L2,L1,L1,L2,C2_1,D2_3,F2_2,,,N2_2,L_2,M_2
509557,L1,L1,L2,L1,L1,L2,L1,L1,L2,C2_1,D2_3,F2_2,,,N2_2,L_3,M_1
509558,L1,L1,L2,L1,L1,L2,L1,L1,L2,C2_1,D2_3,F2_2,,,N2_2,L_3,M_2
509559,L1,L1,L2,L1,L1,L2,L1,L1,L2,C2_1,D2_3,F2_3,,,N2_1,L_1,M_1
509560,L1,L1,L2,L1,L1,L2,L1,L1,L2,C2_1,D2_3,F2_3,,,N2_1,L_1,M_2
509561,L1,L1,L2,L1,L1,L2,L1,L1,L2,C2_1,D2_3,F2_3,,,N2_1,L_2,M_1
509562,L1,L1,L2,L1,L1,L2,L1,L1,L2,C2_1,D2_3,F2_3,,,N2_1,L_2,M_2
509563,L1,L1,L2,L1,L1,L2,L1,L1,L2,C2_1,D2_3,F2_3,,,N2_1,L_3,M_1
509564,L1,L1,L2,L1,L1,L2,L1,L1,L2,C2_1,D2_3,F2_3,,,N2_1,L_3,M_2
509565,L1,L1,L2,L1,L1,L2,L1,L1,L2,C2_1,D2_3,F2_3,,,N2_2,L_1,M_1
509566,L1,L1,L2,L1,L1,L2,L1,L1,L2,C2_1,D2_3,F2_3,,,N2_2,L_1,M_2
509567,L1,L1,L2,L1,L1,L2,L1,L1,L2,C2_1,D2_3,F2_3,,,N2_2,L_2,M_1
509568,L1,L1,L2,L1,L1,L2,L1,L1,L2,C2_1,D2_3,F2_3,,,N2_2,L_2,M_2
509569,L1,L1,L2,L1,L1,L2,L1,L1,L2,C2_1,D2_3,F2_3,,,N2_2,L_3,M_1
509570,L1,L1,L2,L1,L1,L2,L1,L1,L2,C2_1,D2_3,F2_3,,,N2_2,L_3,M_2
509571,L1,L1,L2,L1,L1,L2,L1,L1,L2,C2_2,D2_1,F2_1,,,N2_1,L_1,M_1
509572,L1,L1,L2,L1,L1,L2,L1,L1,L2,C2_2,D2_1,F2_1,,,N2_1,L_1,M_2
509573,L1,L1,L2,L1,L1,L2,L1,L1,L2,C2_2,D2_1,F2_1,,,N2_1,L_2,M_1
509574,L1,L1,L2,L1,L1,L2,L1,L1,L2,C2_2,D2_1,F2_1,,,N2_1,L_2,M_2
509575,L1,L1,L2,L1,L1,L2,L1,L1,L2,C2_2,D2_1,F2_1,,,N2_1,L_3,M_1
509576,L1,L1,L2,L1,L1,L2,L1,L1,L2,C2_2,D2_1,F2_1,,,N2_1,L_3,M_2
509577,L1,L1,L2,L1,L1,L2,L1,L1,L2,C2_2,D2_1,F2_1,,,N2_2,L_1,M_1
509578,L1,L1,L2,L1,L1,L2,L1,L1,L2,C2_2,D2_1,F2_1,,,N2_2,L_1,M_2
509579,L1,L1,L2,L1,L1,L2,L1,L1,L2,C2_2,D2_1,F2_1,,,N2_2,L_2,M_1
509580,L1,L1,L2,L1,L1,L2,L1,L1,L2,C2_2,D2_1,F2_1,,,N2_2,L_2,M_2
509581,L1,L1,L2,L1,L1,L2,L1,L1,L2,C2_2,D2_1,F2_1,,,N2_2,L_3,M_1
509582,L1,L1,L2,L1,L1,L2,L1,L1,L2,C2_2,D2_1,F2_1,,,N2_2,L_3,M_2
509583,L1,L1,L2,L1,L1,L2,L1,L1,L2,C2_2,D2_1,F2_2,,,N2_1,L_1,M_1
509584,L1,L1,L2,L1,L1,L2,L1,L1,L2,C2_2,D2_1,F2_2,,,N2_1,L_1,M_2
509585,L1,L1,L2,L1,L1,L2,L1,L1,L2,C2_2,D2_1,F2_2,,,N2_1,L_2,M_1
509586,L1,L1,L2,L1,L1,L2,L1,L1,L2,C2_2,D2_1,F2_2,,,N2_1,L_2,M_2
509587,L1,L1,L2,L1,L1,L2,L1,L1,L2,C2_2,D2_1,F2_2,,,N2_1,L_3,M_1
509588,L1,L1,L2,L1,L1,L2,L1,L1,L2,C2_2,D2_1,F2_2,,,N2_1,L_3,M_2
509589,L1,L1,L2,L1,L1,L2,L1,L1,L2,C2_2,D2_1,F2_2,,,N2_2,L_1,M_1
509590,L1,L1,L2,L1,L1,L2,L1,L1,L2,C2_2,D2_1,F2_2,,,N2_2,L_1,M_2
509591,L1,L1,L2,L1,L1,L2,L1,L1,L2,C2_2,D2_1,F2_2,,,N2_2,L_2,M_1
509592,L1,L1,L2,L1,L1,L2,L1,L1,L2,C2_2,D2_1,F2_2,,,N2_2,L_2,M_2
509593,L1,L1,L2,L1,L1,L2,L1,L1,L2,C2_2,D2_1,F2_2,,,N2_2,L_3,M_1
509594,L1,L1,L2,L1,L1,L2,L1,L1,L2,C2_2,D2_1,F2_2,,,N2_2,L_3,M_2
509595,L1,L1,L2,L1,L1,L2,L1,L1,L2,C2_2,D2_1,F2_3,,,N2_1,L_1,M_1
509596,L1,L1,L2,L1,L1,L2,L1,L1,L2,C2_2,D2_1,F2_3,,,N2_1,L_1,M_2
509597,L1,L1,L2,L1,L1,L2,L1,L1,L2,C2_2,D2_1,F2_3,,,N2_1,L_2,M_1
509598,L1,L1,L2,L1,L1,L2,L1,L1,L2,C2_2,D2_1,F2_3,,,N2_1,L_2,M_2
509599,L1,L1,L2,L1,L1,L2,L1,L1,L2,C2_2,D2_1,F2_3,,,N2_1,L_3,M_1
509600,L1,L1,L2,L1,L1,L2,L1,L1,L2,C2_2,D2_1,F2_3,,,N2_1,L_3,M_2
509601,L1,L1,L2,L1,L1,L2,L1,L1,L2,C2_2,D2_1,F2_3,,,N2_2,L_1,M_1
509602,L1,L1,L2,L1,L1,L2,L1,L1,L2,C2_2,D2_1,F2_3,,,N2_2,L_1,M_2
509603,L1,L1,L2,L1,L1,L2,L1,L1,L2,C2_2,D2_1,F2_3,,,N2_2,L_2,M_1
509604,L1,L1,L2,L1,L1,L2,L1,L1,L2,C2_2,D2_1,F2_3,,,N2_2,L_2,M_2
509605,L1,L1,L2,L1,L1,L2,L1,L1,L2,C2_2,D2_1,F2_3,,,N2_2,L_3,M_1
509606,L1,L1,L2,L1,L1,L2,L1,L1,L2,C2_2,D2_1,F2_3,,,N2_2,L_3,M_2
509607,L1,L1,L2,L1,L1,L2,L1,L1,L2,C2_2,D2_2,F2_1,,,N2_1,L_1,M_1
509608,L1,L1,L2,L1,L1,L2,L1,L1,L2,C2_2,D2_2,F2_1,,,N2_1,L_1,M_2
509609,L1,L1,L2,L1,L1,L2,L1,L1,L2,C2_2,D2_2,F2_1,,,N2_1,L_2,M_1
509610,L1,L1,L2,L1,L1,L2,L1,L1,L2,C2_2,D2_2,F2_1,,,N2_1,L_2,M_2
509611,L1,L1,L2,L1,L1,L2,L1,L1,L2,C2_2,D2_2,F2_1,,,N2_1,L_3,M_1
509612,L1,L1,L2,L1,L1,L2,L1,L1,L2,C2_2,D2_2,F2_1,,,N2_1,L_3,M_2
509613,L1,L1,L2,L1,L1,L2,L1,L1,L2,C2_2,D2_2,F2_1,,,N2_2,L_1,M_1
509614,L1,L1,L2,L1,L1,L2,L1,L1,L2,C2_2,D2_2,F2_1,,,N2_2,L_1,M_2
509615,L1,L1,L2,L1,L1,L2,L1,L1,L2,C2_2,D2_2,F2_1,,,N2_2,L_2,M_1
509616,L1,L1,L2,L1,L1,L2,L1,L1,L2,C2_2,D2_2,F2_1,,,N2_2,L_2,M_2
509617,L1,L1,L2,L1,L1,L2,L1,L1,L2,C2_2,D2_2,F2_1,,,N2_2,L_3,M_1
509618,L1,L1,L2,L1,L1,L2,L1,L1,L2,C2_2,D2_2,F2_1,,,N2_2,L_3,M_2
509619,L1,L1,L2,L1,L1,L2,L1,L1,L2,C2_2,D2_2,F2_2,,,N2_1,L_1,M_1
509620,L1,L1,L2,L1,L1,L2,L1,L1,L2,C2_2,D2_2,F2_2,,,N2_1,L_1,M_2
509621,L1,L1,L2,L1,L1,L2,L1,L1,L2,C2_2,D2_2,F2_2,,,N2_1,L_2,M_1
509622,L1,L1,L2,L1,L1,L2,L1,L1,L2,C2_2,D2_2,F2_2,,,N2_1,L_2,M_2
509623,L1,L1,L2,L1,L1,L2,L1,L1,L2,C2_2,D2_2,F2_2,,,N2_1,L_3,M_1
509624,L1,L1,L2,L1,L1,L2,L1,L1,L2,C2_2,D2_2,F2_2,,,N2_1,L_3,M_2
509625,L1,L1,L2,L1,L1,L2,L1,L1,L2,C2_2,D2_2,F2_2,,,N2_2,L_1,M_1
509626,L1,L1,L2,L1,L1,L2,L1,L1,L2,C2_2,D2_2,F2_2,,,N2_2,L_1,M_2
509627,L1,L1,L2,L1,L1,L2,L1,L1,L2,C2_2,D2_2,F2_2,,,N2_2,L_2,M_1
509628,L1,L1,L2,L1,L1,L2,L1,L1,L2,C2_2,D2_2,F2_2,,,N2_2,L_2,M_2
509629,L1,L1,L2,L1,L1,L2,L1,L1,L2,C2_2,D2_2,F2_2,,,N2_2,L_3,M_1
509630,L1,L1,L2,L1,L1,L2,L1,L1,L2,C2_2,D2_2,F2_2,,,N2_2,L_3,M_2
509631,L1,L1,L2,L1,L1,L2,L1,L1,L2,C2_2,D2_2,F2_3,,,N2_1,L_1,M_1
509632,L1,L1,L2,L1,L1,L2,L1,L1,L2,C2_2,D2_2,F2_3,,,N2_1,L_1,M_2
509633,L1,L1,L2,L1,L1,L2,L1,L1,L2,C2_2,D2_2,F2_3,,,N2_1,L_2,M_1
509634,L1,L1,L2,L1,L1,L2,L1,L1,L2,C2_2,D2_2,F2_3,,,N2_1,L_2,M_2
509635,L1,L1,L2,L1,L1,L2,L1,L1,L2,C2_2,D2_2,F2_3,,,N2_1,L_3,M_1
509636,L1,L1,L2,L1,L1,L2,L1,L1,L2,C2_2,D2_2,F2_3,,,N2_1,L_3,M_2
509637,L1,L1,L2,L1,L1,L2,L1,L1,L2,C2_2,D2_2,F2_3,,,N2_2,L_1,M_1
509638,L1,L1,L2,L1,L1,L2,L1,L1,L2,C2_2,D2_2,F2_3,,,N2_2,L_1,M_2
509639,L1,L1,L2,L1,L1,L2,L1,L1,L2,C2_2,D2_2,F2_3,,,N2_2,L_2,M_1
509640,L1,L1,L2,L1,L1,L2,L1,L1,L2,C2_2,D2_2,F2_3,,,N2_2,L_2,M_2
509641,L1,L1,L2,L1,L1,L2,L1,L1,L2,C2_2,D2_2,F2_3,,,N2_2,L_3,M_1
509642,L1,L1,L2,L1,L1,L2,L1,L1,L2,C2_2,D2_2,F2_3,,,N2_2,L_3,M_2
509643,L1,L1,L2,L1,L1,L2,L1,L1,L2,C2_2,D2_3,F2_1,,,N2_1,L_1,M_1
509644,L1,L1,L2,L1,L1,L2,L1,L1,L2,C2_2,D2_3,F2_1,,,N2_1,L_1,M_2
509645,L1,L1,L2,L1,L1,L2,L1,L1,L2,C2_2,D2_3,F2_1,,,N2_1,L_2,M_1
509646,L1,L1,L2,L1,L1,L2,L1,L1,L2,C2_2,D2_3,F2_1,,,N2_1,L_2,M_2
509647,L1,L1,L2,L1,L1,L2,L1,L1,L2,C2_2,D2_3,F2_1,,,N2_1,L_3,M_1
509648,L1,L1,L2,L1,L1,L2,L1,L1,L2,C2_2,D2_3,F2_1,,,N2_1,L_3,M_2
509649,L1,L1,L2,L1,L1,L2,L1,L1,L2,C2_2,D2_3,F2_1,,,N2_2,L_1,M_1
509650,L1,L1,L2,L1,L1,L2,L1,L1,L2,C2_2,D2_3,F2_1,,,N2_2,L_1,M_2
509651,L1,L1,L2,L1,L1,L2,L1,L1,L2,C2_2,D2_3,F2_1,,,N2_2,L_2,M_1
509652,L1,L1,L2,L1,L1,L2,L1,L1,L2,C2_2,D2_3,F2_1,,,N2_2,L_2,M_2
509653,L1,L1,L2,L1,L1,L2,L1,L1,L2,C2_2,D2_3,F2_1,,,N2_2,L_3,M_1
509654,L1,L1,L2,L1,L1,L2,L1,L1,L2,C2_2,D2_3,F2_1,,,N2_2,L_3,M_2
509655,L1,L1,L2,L1,L1,L2,L1,L1,L2,C2_2,D2_3,F2_2,,,N2_1,L_1,M_1
509656,L1,L1,L2,L1,L1,L2,L1,L1,L2,C2_2,D2_3,F2_2,,,N2_1,L_1,M_2
509657,L1,L1,L2,L1,L1,L2,L1,L1,L2,C2_2,D2_3,F2_2,,,N2_1,L_2,M_1
509658,L1,L1,L2,L1,L1,L2,L1,L1,L2,C2_2,D2_3,F2_2,,,N2_1,L_2,M_2
509659,L1,L1,L2,L1,L1,L2,L1,L1,L2,C2_2,D2_3,F2_2,,,N2_1,L_3,M_1
509660,L1,L1,L2,L1,L1,L2,L1,L1,L2,C2_2,D2_3,F2_2,,,N2_1,L_3,M_2
509661,L1,L1,L2,L1,L1,L2,L1,L1,L2,C2_2,D2_3,F2_2,,,N2_2,L_1,M_1
509662,L1,L1,L2,L1,L1,L2,L1,L1,L2,C2_2,D2_3,F2_2,,,N2_2,L_1,M_2
509663,L1,L1,L2,L1,L1,L2,L1,L1,L2,C2_2,D2_3,F2_2,,,N2_2,L_2,M_1
509664,L1,L1,L2,L1,L1,L2,L1,L1,L2,C2_2,D2_3,F2_2,,,N2_2,L_2,M_2
509665,L1,L1,L2,L1,L1,L2,L1,L1,L2,C2_2,D2_3,F2_2,,,N2_2,L_3,M_1
509666,L1,L1,L2,L1,L1,L2,L1,L1,L2,C2_2,D2_3,F2_2,,,N2_2,L_3,M_2
509667,L1,L1,L2,L1,L1,L2,L1,L1,L2,C2_2,D2_3,F2_3,,,N2_1,L_1,M_1
509668,L1,L1,L2,L1,L1,L2,L1,L1,L2,C2_2,D2_3,F2_3,,,N2_1,L_1,M_2
509669,L1,L1,L2,L1,L1,L2,L1,L1,L2,C2_2,D2_3,F2_3,,,N2_1,L_2,M_1
509670,L1,L1,L2,L1,L1,L2,L1,L1,L2,C2_2,D2_3,F2_3,,,N2_1,L_2,M_2
509671,L1,L1,L2,L1,L1,L2,L1,L1,L2,C2_2,D2_3,F2_3,,,N2_1,L_3,M_1
509672,L1,L1,L2,L1,L1,L2,L1,L1,L2,C2_2,D2_3,F2_3,,,N2_1,L_3,M_2
509673,L1,L1,L2,L1,L1,L2,L1,L1,L2,C2_2,D2_3,F2_3,,,N2_2,L_1,M_1
509674,L1,L1,L2,L1,L1,L2,L1,L1,L2,C2_2,D2_3,F2_3,,,N2_2,L_1,M_2
509675,L1,L1,L2,L1,L1,L2,L1,L1,L2,C2_2,D2_3,F2_3,,,N2_2,L_2,M_1
509676,L1,L1,L2,L1,L1,L2,L1,L1,L2,C2_2,D2_3,F2_3,,,N2_2,L_2,M_2
509677,L1,L1,L2,L1,L1,L2,L1,L1,L2,C2_2,D2_3,F2_3,,,N2_2,L_3,M_1
509678,L1,L1,L2,L1,L1,L2,L1,L1,L2,C2_2,D2_3,F2_3,,,N2_2,L_3,M_2
509679,L1,L1,L2,L1,L1,L2,L1,L1,L2,C2_3,D2_1,F2_1,,,N2_1,L_1,M_1
509680,L1,L1,L2,L1,L1,L2,L1,L1,L2,C2_3,D2_1,F2_1,,,N2_1,L_1,M_2
509681,L1,L1,L2,L1,L1,L2,L1,L1,L2,C2_3,D2_1,F2_1,,,N2_1,L_2,M_1
509682,L1,L1,L2,L1,L1,L2,L1,L1,L2,C2_3,D2_1,F2_1,,,N2_1,L_2,M_2
509683,L1,L1,L2,L1,L1,L2,L1,L1,L2,C2_3,D2_1,F2_1,,,N2_1,L_3,M_1
509684,L1,L1,L2,L1,L1,L2,L1,L1,L2,C2_3,D2_1,F2_1,,,N2_1,L_3,M_2
509685,L1,L1,L2,L1,L1,L2,L1,L1,L2,C2_3,D2_1,F2_1,,,N2_2,L_1,M_1
509686,L1,L1,L2,L1,L1,L2,L1,L1,L2,C2_3,D2_1,F2_1,,,N2_2,L_1,M_2
509687,L1,L1,L2,L1,L1,L2,L1,L1,L2,C2_3,D2_1,F2_1,,,N2_2,L_2,M_1
509688,L1,L1,L2,L1,L1,L2,L1,L1,L2,C2_3,D2_1,F2_1,,,N2_2,L_2,M_2
509689,L1,L1,L2,L1,L1,L2,L1,L1,L2,C2_3,D2_1,F2_1,,,N2_2,L_3,M_1
509690,L1,L1,L2,L1,L1,L2,L1,L1,L2,C2_3,D2_1,F2_1,,,N2_2,L_3,M_2
509691,L1,L1,L2,L1,L1,L2,L1,L1,L2,C2_3,D2_1,F2_2,,,N2_1,L_1,M_1
509692,L1,L1,L2,L1,L1,L2,L1,L1,L2,C2_3,D2_1,F2_2,,,N2_1,L_1,M_2
509693,L1,L1,L2,L1,L1,L2,L1,L1,L2,C2_3,D2_1,F2_2,,,N2_1,L_2,M_1
509694,L1,L1,L2,L1,L1,L2,L1,L1,L2,C2_3,D2_1,F2_2,,,N2_1,L_2,M_2
509695,L1,L1,L2,L1,L1,L2,L1,L1,L2,C2_3,D2_1,F2_2,,,N2_1,L_3,M_1
509696,L1,L1,L2,L1,L1,L2,L1,L1,L2,C2_3,D2_1,F2_2,,,N2_1,L_3,M_2
509697,L1,L1,L2,L1,L1,L2,L1,L1,L2,C2_3,D2_1,F2_2,,,N2_2,L_1,M_1
509698,L1,L1,L2,L1,L1,L2,L1,L1,L2,C2_3,D2_1,F2_2,,,N2_2,L_1,M_2
509699,L1,L1,L2,L1,L1,L2,L1,L1,L2,C2_3,D2_1,F2_2,,,N2_2,L_2,M_1
509700,L1,L1,L2,L1,L1,L2,L1,L1,L2,C2_3,D2_1,F2_2,,,N2_2,L_2,M_2
509701,L1,L1,L2,L1,L1,L2,L1,L1,L2,C2_3,D2_1,F2_2,,,N2_2,L_3,M_1
509702,L1,L1,L2,L1,L1,L2,L1,L1,L2,C2_3,D2_1,F2_2,,,N2_2,L_3,M_2
509703,L1,L1,L2,L1,L1,L2,L1,L1,L2,C2_3,D2_1,F2_3,,,N2_1,L_1,M_1
509704,L1,L1,L2,L1,L1,L2,L1,L1,L2,C2_3,D2_1,F2_3,,,N2_1,L_1,M_2
509705,L1,L1,L2,L1,L1,L2,L1,L1,L2,C2_3,D2_1,F2_3,,,N2_1,L_2,M_1
509706,L1,L1,L2,L1,L1,L2,L1,L1,L2,C2_3,D2_1,F2_3,,,N2_1,L_2,M_2
509707,L1,L1,L2,L1,L1,L2,L1,L1,L2,C2_3,D2_1,F2_3,,,N2_1,L_3,M_1
509708,L1,L1,L2,L1,L1,L2,L1,L1,L2,C2_3,D2_1,F2_3,,,N2_1,L_3,M_2
509709,L1,L1,L2,L1,L1,L2,L1,L1,L2,C2_3,D2_1,F2_3,,,N2_2,L_1,M_1
509710,L1,L1,L2,L1,L1,L2,L1,L1,L2,C2_3,D2_1,F2_3,,,N2_2,L_1,M_2
509711,L1,L1,L2,L1,L1,L2,L1,L1,L2,C2_3,D2_1,F2_3,,,N2_2,L_2,M_1
509712,L1,L1,L2,L1,L1,L2,L1,L1,L2,C2_3,D2_1,F2_3,,,N2_2,L_2,M_2
509713,L1,L1,L2,L1,L1,L2,L1,L1,L2,C2_3,D2_1,F2_3,,,N2_2,L_3,M_1
509714,L1,L1,L2,L1,L1,L2,L1,L1,L2,C2_3,D2_1,F2_3,,,N2_2,L_3,M_2
509715,L1,L1,L2,L1,L1,L2,L1,L1,L2,C2_3,D2_2,F2_1,,,N2_1,L_1,M_1
509716,L1,L1,L2,L1,L1,L2,L1,L1,L2,C2_3,D2_2,F2_1,,,N2_1,L_1,M_2
509717,L1,L1,L2,L1,L1,L2,L1,L1,L2,C2_3,D2_2,F2_1,,,N2_1,L_2,M_1
509718,L1,L1,L2,L1,L1,L2,L1,L1,L2,C2_3,D2_2,F2_1,,,N2_1,L_2,M_2
509719,L1,L1,L2,L1,L1,L2,L1,L1,L2,C2_3,D2_2,F2_1,,,N2_1,L_3,M_1
509720,L1,L1,L2,L1,L1,L2,L1,L1,L2,C2_3,D2_2,F2_1,,,N2_1,L_3,M_2
509721,L1,L1,L2,L1,L1,L2,L1,L1,L2,C2_3,D2_2,F2_1,,,N2_2,L_1,M_1
509722,L1,L1,L2,L1,L1,L2,L1,L1,L2,C2_3,D2_2,F2_1,,,N2_2,L_1,M_2
509723,L1,L1,L2,L1,L1,L2,L1,L1,L2,C2_3,D2_2,F2_1,,,N2_2,L_2,M_1
509724,L1,L1,L2,L1,L1,L2,L1,L1,L2,C2_3,D2_2,F2_1,,,N2_2,L_2,M_2
509725,L1,L1,L2,L1,L1,L2,L1,L1,L2,C2_3,D2_2,F2_1,,,N2_2,L_3,M_1
509726,L1,L1,L2,L1,L1,L2,L1,L1,L2,C2_3,D2_2,F2_1,,,N2_2,L_3,M_2
509727,L1,L1,L2,L1,L1,L2,L1,L1,L2,C2_3,D2_2,F2_2,,,N2_1,L_1,M_1
509728,L1,L1,L2,L1,L1,L2,L1,L1,L2,C2_3,D2_2,F2_2,,,N2_1,L_1,M_2
509729,L1,L1,L2,L1,L1,L2,L1,L1,L2,C2_3,D2_2,F2_2,,,N2_1,L_2,M_1
509730,L1,L1,L2,L1,L1,L2,L1,L1,L2,C2_3,D2_2,F2_2,,,N2_1,L_2,M_2
509731,L1,L1,L2,L1,L1,L2,L1,L1,L2,C2_3,D2_2,F2_2,,,N2_1,L_3,M_1
509732,L1,L1,L2,L1,L1,L2,L1,L1,L2,C2_3,D2_2,F2_2,,,N2_1,L_3,M_2
509733,L1,L1,L2,L1,L1,L2,L1,L1,L2,C2_3,D2_2,F2_2,,,N2_2,L_1,M_1
509734,L1,L1,L2,L1,L1,L2,L1,L1,L2,C2_3,D2_2,F2_2,,,N2_2,L_1,M_2
509735,L1,L1,L2,L1,L1,L2,L1,L1,L2,C2_3,D2_2,F2_2,,,N2_2,L_2,M_1
509736,L1,L1,L2,L1,L1,L2,L1,L1,L2,C2_3,D2_2,F2_2,,,N2_2,L_2,M_2
509737,L1,L1,L2,L1,L1,L2,L1,L1,L2,C2_3,D2_2,F2_2,,,N2_2,L_3,M_1
509738,L1,L1,L2,L1,L1,L2,L1,L1,L2,C2_3,D2_2,F2_2,,,N2_2,L_3,M_2
509739,L1,L1,L2,L1,L1,L2,L1,L1,L2,C2_3,D2_2,F2_3,,,N2_1,L_1,M_1
509740,L1,L1,L2,L1,L1,L2,L1,L1,L2,C2_3,D2_2,F2_3,,,N2_1,L_1,M_2
509741,L1,L1,L2,L1,L1,L2,L1,L1,L2,C2_3,D2_2,F2_3,,,N2_1,L_2,M_1
509742,L1,L1,L2,L1,L1,L2,L1,L1,L2,C2_3,D2_2,F2_3,,,N2_1,L_2,M_2
509743,L1,L1,L2,L1,L1,L2,L1,L1,L2,C2_3,D2_2,F2_3,,,N2_1,L_3,M_1
509744,L1,L1,L2,L1,L1,L2,L1,L1,L2,C2_3,D2_2,F2_3,,,N2_1,L_3,M_2
509745,L1,L1,L2,L1,L1,L2,L1,L1,L2,C2_3,D2_2,F2_3,,,N2_2,L_1,M_1
509746,L1,L1,L2,L1,L1,L2,L1,L1,L2,C2_3,D2_2,F2_3,,,N2_2,L_1,M_2
509747,L1,L1,L2,L1,L1,L2,L1,L1,L2,C2_3,D2_2,F2_3,,,N2_2,L_2,M_1
509748,L1,L1,L2,L1,L1,L2,L1,L1,L2,C2_3,D2_2,F2_3,,,N2_2,L_2,M_2
509749,L1,L1,L2,L1,L1,L2,L1,L1,L2,C2_3,D2_2,F2_3,,,N2_2,L_3,M_1
509750,L1,L1,L2,L1,L1,L2,L1,L1,L2,C2_3,D2_2,F2_3,,,N2_2,L_3,M_2
509751,L1,L1,L2,L1,L1,L2,L1,L1,L2,C2_3,D2_3,F2_1,,,N2_1,L_1,M_1
509752,L1,L1,L2,L1,L1,L2,L1,L1,L2,C2_3,D2_3,F2_1,,,N2_1,L_1,M_2
509753,L1,L1,L2,L1,L1,L2,L1,L1,L2,C2_3,D2_3,F2_1,,,N2_1,L_2,M_1
509754,L1,L1,L2,L1,L1,L2,L1,L1,L2,C2_3,D2_3,F2_1,,,N2_1,L_2,M_2
509755,L1,L1,L2,L1,L1,L2,L1,L1,L2,C2_3,D2_3,F2_1,,,N2_1,L_3,M_1
509756,L1,L1,L2,L1,L1,L2,L1,L1,L2,C2_3,D2_3,F2_1,,,N2_1,L_3,M_2
509757,L1,L1,L2,L1,L1,L2,L1,L1,L2,C2_3,D2_3,F2_1,,,N2_2,L_1,M_1
509758,L1,L1,L2,L1,L1,L2,L1,L1,L2,C2_3,D2_3,F2_1,,,N2_2,L_1,M_2
509759,L1,L1,L2,L1,L1,L2,L1,L1,L2,C2_3,D2_3,F2_1,,,N2_2,L_2,M_1
509760,L1,L1,L2,L1,L1,L2,L1,L1,L2,C2_3,D2_3,F2_1,,,N2_2,L_2,M_2
509761,L1,L1,L2,L1,L1,L2,L1,L1,L2,C2_3,D2_3,F2_1,,,N2_2,L_3,M_1
509762,L1,L1,L2,L1,L1,L2,L1,L1,L2,C2_3,D2_3,F2_1,,,N2_2,L_3,M_2
509763,L1,L1,L2,L1,L1,L2,L1,L1,L2,C2_3,D2_3,F2_2,,,N2_1,L_1,M_1
509764,L1,L1,L2,L1,L1,L2,L1,L1,L2,C2_3,D2_3,F2_2,,,N2_1,L_1,M_2
509765,L1,L1,L2,L1,L1,L2,L1,L1,L2,C2_3,D2_3,F2_2,,,N2_1,L_2,M_1
509766,L1,L1,L2,L1,L1,L2,L1,L1,L2,C2_3,D2_3,F2_2,,,N2_1,L_2,M_2
509767,L1,L1,L2,L1,L1,L2,L1,L1,L2,C2_3,D2_3,F2_2,,,N2_1,L_3,M_1
509768,L1,L1,L2,L1,L1,L2,L1,L1,L2,C2_3,D2_3,F2_2,,,N2_1,L_3,M_2
509769,L1,L1,L2,L1,L1,L2,L1,L1,L2,C2_3,D2_3,F2_2,,,N2_2,L_1,M_1
509770,L1,L1,L2,L1,L1,L2,L1,L1,L2,C2_3,D2_3,F2_2,,,N2_2,L_1,M_2
509771,L1,L1,L2,L1,L1,L2,L1,L1,L2,C2_3,D2_3,F2_2,,,N2_2,L_2,M_1
509772,L1,L1,L2,L1,L1,L2,L1,L1,L2,C2_3,D2_3,F2_2,,,N2_2,L_2,M_2
509773,L1,L1,L2,L1,L1,L2,L1,L1,L2,C2_3,D2_3,F2_2,,,N2_2,L_3,M_1
509774,L1,L1,L2,L1,L1,L2,L1,L1,L2,C2_3,D2_3,F2_2,,,N2_2,L_3,M_2
509775,L1,L1,L2,L1,L1,L2,L1,L1,L2,C2_3,D2_3,F2_3,,,N2_1,L_1,M_1
509776,L1,L1,L2,L1,L1,L2,L1,L1,L2,C2_3,D2_3,F2_3,,,N2_1,L_1,M_2
509777,L1,L1,L2,L1,L1,L2,L1,L1,L2,C2_3,D2_3,F2_3,,,N2_1,L_2,M_1
509778,L1,L1,L2,L1,L1,L2,L1,L1,L2,C2_3,D2_3,F2_3,,,N2_1,L_2,M_2
509779,L1,L1,L2,L1,L1,L2,L1,L1,L2,C2_3,D2_3,F2_3,,,N2_1,L_3,M_1
509780,L1,L1,L2,L1,L1,L2,L1,L1,L2,C2_3,D2_3,F2_3,,,N2_1,L_3,M_2
509781,L1,L1,L2,L1,L1,L2,L1,L1,L2,C2_3,D2_3,F2_3,,,N2_2,L_1,M_1
509782,L1,L1,L2,L1,L1,L2,L1,L1,L2,C2_3,D2_3,F2_3,,,N2_2,L_1,M_2
509783,L1,L1,L2,L1,L1,L2,L1,L1,L2,C2_3,D2_3,F2_3,,,N2_2,L_2,M_1
509784,L1,L1,L2,L1,L1,L2,L1,L1,L2,C2_3,D2_3,F2_3,,,N2_2,L_2,M_2
509785,L1,L1,L2,L1,L1,L2,L1,L1,L2,C2_3,D2_3,F2_3,,,N2_2,L_3,M_1
509786,L1,L1,L2,L1,L1,L2,L1,L1,L2,C2_3,D2_3,F2_3,,,N2_2,L_3,M_2
