,A,B,G,H,I,E,X,Y,Z,C,D,F,J,K,N,L,M
45090,L3,L2,L3,L1,L2,L3,L1,L1,L2,C3_1,D3_1,F3_1,,,N3_1,L_1,M_1
45091,L3,L2,L3,L1,L2,L3,L1,L1,L2,C3_1,D3_1,F3_1,,,N3_1,L_1,M_2
45092,L3,L2,L3,L1,L2,L3,L1,L1,L2,C3_1,D3_1,F3_1,,,N3_1,L_2,M_1
45093,L3,L2,L3,L1,L2,L3,L1,L1,L2,C3_1,D3_1,F3_1,,,N3_1,L_2,M_2
45094,L3,L2,L3,L1,L2,L3,L1,L1,L2,C3_1,D3_1,F3_1,,,N3_1,L_3,M_1
45095,L3,L2,L3,L1,L2,L3,L1,L1,L2,C3_1,D3_1,F3_1,,,N3_1,L_3,M_2
45096,L3,L2,L3,L1,L2,L3,L1,L1,L2,C3_1,D3_1,F3_1,,,N3_2,L_1,M_1
45097,L3,L2,L3,L1,L2,L3,L1,L1,L2,C3_1,D3_1,F3_1,,,N3_2,L_1,M_2
45098,L3,L2,L3,L1,L2,L3,L1,L1,L2,C3_1,D3_1,F3_1,,,N3_2,L_2,M_1
45099,L3,L2,L3,L1,L2,L3,L1,L1,L2,C3_1,D3_1,F3_1,,,N3_2,L_2,M_2
45100,L3,L2,L3,L1,L2,L3,L1,L1,L2,C3_1,D3_1,F3_1,,,N3_2,L_3,M_1
45101,L3,L2,L3,L1,L2,L3,L1,L1,L2,C3_1,D3_1,F3_1,,,N3_2,L_3,M_2
45102,L3,L2,L3,L1,L2,L3,L1,L1,L2,C3_1,D3_1,F3_2,,,N3_1,L_1,M_1
45103,L3,L2,L3,L1,L2,L3,L1,L1,L2,C3_1,D3_1,F3_2,,,N3_1,L_1,M_2
45104,L3,L2,L3,L1,L2,L3,L1,L1,L2,C3_1,D3_1,F3_2,,,N3_1,L_2,M_1
45105,L3,L2,L3,L1,L2,L3,L1,L1,L2,C3_1,D3_1,F3_2,,,N3_1,L_2,M_2
45106,L3,L2,L3,L1,L2,L3,L1,L1,L2,C3_1,D3_1,F3_2,,,N3_1,L_3,M_1
45107,L3,L2,L3,L1,L2,L3,L1,L1,L2,C3_1,D3_1,F3_2,,,N3_1,L_3,M_2
45108,L3,L2,L3,L1,L2,L3,L1,L1,L2,C3_1,D3_1,F3_2,,,N3_2,L_1,M_1
45109,L3,L2,L3,L1,L2,L3,L1,L1,L2,C3_1,D3_1,F3_2,,,N3_2,L_1,M_2
45110,L3,L2,L3,L1,L2,L3,L1,L1,L2,C3_1,D3_1,F3_2,,,N3_2,L_2,M_1
45111,L3,L2,L3,L1,L2,L3,L1,L1,L2,C3_1,D3_1,F3_2,,,N3_2,L_2,M_2
45112,L3,L2,L3,L1,L2,L3,L1,L1,L2,C3_1,D3_1,F3_2,,,N3_2,L_3,M_1
45113,L3,L2,L3,L1,L2,L3,L1,L1,L2,C3_1,D3_1,F3_2,,,N3_2,L_3,M_2
45114,L3,L2,L3,L1,L2,L3,L1,L1,L2,C3_1,D3_1,F3_3,,,N3_1,L_1,M_1
45115,L3,L2,L3,L1,L2,L3,L1,L1,L2,C3_1,D3_1,F3_3,,,N3_1,L_1,M_2
45116,L3,L2,L3,L1,L2,L3,L1,L1,L2,C3_1,D3_1,F3_3,,,N3_1,L_2,M_1
45117,L3,L2,L3,L1,L2,L3,L1,L1,L2,C3_1,D3_1,F3_3,,,N3_1,L_2,M_2
45118,L3,L2,L3,L1,L2,L3,L1,L1,L2,C3_1,D3_1,F3_3,,,N3_1,L_3,M_1
45119,L3,L2,L3,L1,L2,L3,L1,L1,L2,C3_1,D3_1,F3_3,,,N3_1,L_3,M_2
45120,L3,L2,L3,L1,L2,L3,L1,L1,L2,C3_1,D3_1,F3_3,,,N3_2,L_1,M_1
45121,L3,L2,L3,L1,L2,L3,L1,L1,L2,C3_1,D3_1,F3_3,,,N3_2,L_1,M_2
45122,L3,L2,L3,L1,L2,L3,L1,L1,L2,C3_1,D3_1,F3_3,,,N3_2,L_2,M_1
45123,L3,L2,L3,L1,L2,L3,L1,L1,L2,C3_1,D3_1,F3_3,,,N3_2,L_2,M_2
45124,L3,L2,L3,L1,L2,L3,L1,L1,L2,C3_1,D3_1,F3_3,,,N3_2,L_3,M_1
45125,L3,L2,L3,L1,L2,L3,L1,L1,L2,C3_1,D3_1,F3_3,,,N3_2,L_3,M_2
45126,L3,L2,L3,L1,L2,L3,L1,L1,L2,C3_1,D3_2,F3_1,,,N3_1,L_1,M_1
45127,L3,L2,L3,L1,L2,L3,L1,L1,L2,C3_1,D3_2,F3_1,,,N3_1,L_1,M_2
45128,L3,L2,L3,L1,L2,L3,L1,L1,L2,C3_1,D3_2,F3_1,,,N3_1,L_2,M_1
45129,L3,L2,L3,L1,L2,L3,L1,L1,L2,C3_1,D3_2,F3_1,,,N3_1,L_2,M_2
45130,L3,L2,L3,L1,L2,L3,L1,L1,L2,C3_1,D3_2,F3_1,,,N3_1,L_3,M_1
45131,L3,L2,L3,L1,L2,L3,L1,L1,L2,C3_1,D3_2,F3_1,,,N3_1,L_3,M_2
45132,L3,L2,L3,L1,L2,L3,L1,L1,L2,C3_1,D3_2,F3_1,,,N3_2,L_1,M_1
45133,L3,L2,L3,L1,L2,L3,L1,L1,L2,C3_1,D3_2,F3_1,,,N3_2,L_1,M_2
45134,L3,L2,L3,L1,L2,L3,L1,L1,L2,C3_1,D3_2,F3_1,,,N3_2,L_2,M_1
45135,L3,L2,L3,L1,L2,L3,L1,L1,L2,C3_1,D3_2,F3_1,,,N3_2,L_2,M_2
45136,L3,L2,L3,L1,L2,L3,L1,L1,L2,C3_1,D3_2,F3_1,,,N3_2,L_3,M_1
45137,L3,L2,L3,L1,L2,L3,L1,L1,L2,C3_1,D3_2,F3_1,,,N3_2,L_3,M_2
45138,L3,L2,L3,L1,L2,L3,L1,L1,L2,C3_1,D3_2,F3_2,,,N3_1,L_1,M_1
45139,L3,L2,L3,L1,L2,L3,L1,L1,L2,C3_1,D3_2,F3_2,,,N3_1,L_1,M_2
45140,L3,L2,L3,L1,L2,L3,L1,L1,L2,C3_1,D3_2,F3_2,,,N3_1,L_2,M_1
45141,L3,L2,L3,L1,L2,L3,L1,L1,L2,C3_1,D3_2,F3_2,,,N3_1,L_2,M_2
45142,L3,L2,L3,L1,L2,L3,L1,L1,L2,C3_1,D3_2,F3_2,,,N3_1,L_3,M_1
45143,L3,L2,L3,L1,L2,L3,L1,L1,L2,C3_1,D3_2,F3_2,,,N3_1,L_3,M_2
45144,L3,L2,L3,L1,L2,L3,L1,L1,L2,C3_1,D3_2,F3_2,,,N3_2,L_1,M_1
45145,L3,L2,L3,L1,L2,L3,L1,L1,L2,C3_1,D3_2,F3_2,,,N3_2,L_1,M_2
45146,L3,L2,L3,L1,L2,L3,L1,L1,L2,C3_1,D3_2,F3_2,,,N3_2,L_2,M_1
45147,L3,L2,L3,L1,L2,L3,L1,L1,L2,C3_1,D3_2,F3_2,,,N3_2,L_2,M_2
45148,L3,L2,L3,L1,L2,L3,L1,L1,L2,C3_1,D3_2,F3_2,,,N3_2,L_3,M_1
45149,L3,L2,L3,L1,L2,L3,L1,L1,L2,C3_1,D3_2,F3_2,,,N3_2,L_3,M_2
45150,L3,L2,L3,L1,L2,L3,L1,L1,L2,C3_1,D3_2,F3_3,,,N3_1,L_1,M_1
45151,L3,L2,L3,L1,L2,L3,L1,L1,L2,C3_1,D3_2,F3_3,,,N3_1,L_1,M_2
45152,L3,L2,L3,L1,L2,L3,L1,L1,L2,C3_1,D3_2,F3_3,,,N3_1,L_2,M_1
45153,L3,L2,L3,L1,L2,L3,L1,L1,L2,C3_1,D3_2,F3_3,,,N3_1,L_2,M_2
45154,L3,L2,L3,L1,L2,L3,L1,L1,L2,C3_1,D3_2,F3_3,,,N3_1,L_3,M_1
45155,L3,L2,L3,L1,L2,L3,L1,L1,L2,C3_1,D3_2,F3_3,,,N3_1,L_3,M_2
45156,L3,L2,L3,L1,L2,L3,L1,L1,L2,C3_1,D3_2,F3_3,,,N3_2,L_1,M_1
45157,L3,L2,L3,L1,L2,L3,L1,L1,L2,C3_1,D3_2,F3_3,,,N3_2,L_1,M_2
45158,L3,L2,L3,L1,L2,L3,L1,L1,L2,C3_1,D3_2,F3_3,,,N3_2,L_2,M_1
45159,L3,L2,L3,L1,L2,L3,L1,L1,L2,C3_1,D3_2,F3_3,,,N3_2,L_2,M_2
45160,L3,L2,L3,L1,L2,L3,L1,L1,L2,C3_1,D3_2,F3_3,,,N3_2,L_3,M_1
45161,L3,L2,L3,L1,L2,L3,L1,L1,L2,C3_1,D3_2,F3_3,,,N3_2,L_3,M_2
45162,L3,L2,L3,L1,L2,L3,L1,L1,L2,C3_1,D3_3,F3_1,,,N3_1,L_1,M_1
45163,L3,L2,L3,L1,L2,L3,L1,L1,L2,C3_1,D3_3,F3_1,,,N3_1,L_1,M_2
45164,L3,L2,L3,L1,L2,L3,L1,L1,L2,C3_1,D3_3,F3_1,,,N3_1,L_2,M_1
45165,L3,L2,L3,L1,L2,L3,L1,L1,L2,C3_1,D3_3,F3_1,,,N3_1,L_2,M_2
45166,L3,L2,L3,L1,L2,L3,L1,L1,L2,C3_1,D3_3,F3_1,,,N3_1,L_3,M_1
45167,L3,L2,L3,L1,L2,L3,L1,L1,L2,C3_1,D3_3,F3_1,,,N3_1,L_3,M_2
45168,L3,L2,L3,L1,L2,L3,L1,L1,L2,C3_1,D3_3,F3_1,,,N3_2,L_1,M_1
45169,L3,L2,L3,L1,L2,L3,L1,L1,L2,C3_1,D3_3,F3_1,,,N3_2,L_1,M_2
45170,L3,L2,L3,L1,L2,L3,L1,L1,L2,C3_1,D3_3,F3_1,,,N3_2,L_2,M_1
45171,L3,L2,L3,L1,L2,L3,L1,L1,L2,C3_1,D3_3,F3_1,,,N3_2,L_2,M_2
45172,L3,L2,L3,L1,L2,L3,L1,L1,L2,C3_1,D3_3,F3_1,,,N3_2,L_3,M_1
45173,L3,L2,L3,L1,L2,L3,L1,L1,L2,C3_1,D3_3,F3_1,,,N3_2,L_3,M_2
45174,L3,L2,L3,L1,L2,L3,L1,L1,L2,C3_1,D3_3,F3_2,,,N3_1,L_1,M_1
45175,L3,L2,L3,L1,L2,L3,L1,L1,L2,C3_1,D3_3,F3_2,,,N3_1,L_1,M_2
45176,L3,L2,L3,L1,L2,L3,L1,L1,L2,C3_1,D3_3,F3_2,,,N3_1,L_2,M_1
45177,L3,L2,L3,L1,L2,L3,L1,L1,L2,C3_1,D3_3,F3_2,,,N3_1,L_2,M_2
45178,L3,L2,L3,L1,L2,L3,L1,L1,L2,C3_1,D3_3,F3_2,,,N3_1,L_3,M_1
45179,L3,L2,L3,L1,L2,L3,L1,L1,L2,C3_1,D3_3,F3_2,,,N3_1,L_3,M_2
45180,L3,L2,L3,L1,L2,L3,L1,L1,L2,C3_1,D3_3,F3_2,,,N3_2,L_1,M_1
45181,L3,L2,L3,L1,L2,L3,L1,L1,L2,C3_1,D3_3,F3_2,,,N3_2,L_1,M_2
45182,L3,L2,L3,L1,L2,L3,L1,L1,L2,C3_1,D3_3,F3_2,,,N3_2,L_2,M_1
45183,L3,L2,L3,L1,L2,L3,L1,L1,L2,C3_1,D3_3,F3_2,,,N3_2,L_2,M_2
45184,L3,L2,L3,L1,L2,L3,L1,L1,L2,C3_1,D3_3,F3_2,,,N3_2,L_3,M_1
45185,L3,L2,L3,L1,L2,L3,L1,L1,L2,C3_1,D3_3,F3_2,,,N3_2,L_3,M_2
45186,L3,L2,L3,L1,L2,L3,L1,L1,L2,C3_1,D3_3,F3_3,,,N3_1,L_1,M_1
45187,L3,L2,L3,L1,L2,L3,L1,L1,L2,C3_1,D3_3,F3_3,,,N3_1,L_1,M_2
45188,L3,L2,L3,L1,L2,L3,L1,L1,L2,C3_1,D3_3,F3_3,,,N3_1,L_2,M_1
45189,L3,L2,L3,L1,L2,L3,L1,L1,L2,C3_1,D3_3,F3_3,,,N3_1,L_2,M_2
45190,L3,L2,L3,L1,L2,L3,L1,L1,L2,C3_1,D3_3,F3_3,,,N3_1,L_3,M_1
45191,L3,L2,L3,L1,L2,L3,L1,L1,L2,C3_1,D3_3,F3_3,,,N3_1,L_3,M_2
45192,L3,L2,L3,L1,L2,L3,L1,L1,L2,C3_1,D3_3,F3_3,,,N3_2,L_1,M_1
45193,L3,L2,L3,L1,L2,L3,L1,L1,L2,C3_1,D3_3,F3_3,,,N3_2,L_1,M_2
45194,L3,L2,L3,L1,L2,L3,L1,L1,L2,C3_1,D3_3,F3_3,,,N3_2,L_2,M_1
45195,L3,L2,L3,L1,L2,L3,L1,L1,L2,C3_1,D3_3,F3_3,,,N3_2,L_2,M_2
45196,L3,L2,L3,L1,L2,L3,L1,L1,L2,C3_1,D3_3,F3_3,,,N3_2,L_3,M_1
45197,L3,L2,L3,L1,L2,L3,L1,L1,L2,C3_1,D3_3,F3_3,,,N3_2,L_3,M_2
45198,L3,L2,L3,L1,L2,L3,L1,L1,L2,C3_2,D3_1,F3_1,,,N3_1,L_1,M_1
45199,L3,L2,L3,L1,L2,L3,L1,L1,L2,C3_2,D3_1,F3_1,,,N3_1,L_1,M_2
45200,L3,L2,L3,L1,L2,L3,L1,L1,L2,C3_2,D3_1,F3_1,,,N3_1,L_2,M_1
45201,L3,L2,L3,L1,L2,L3,L1,L1,L2,C3_2,D3_1,F3_1,,,N3_1,L_2,M_2
45202,L3,L2,L3,L1,L2,L3,L1,L1,L2,C3_2,D3_1,F3_1,,,N3_1,L_3,M_1
45203,L3,L2,L3,L1,L2,L3,L1,L1,L2,C3_2,D3_1,F3_1,,,N3_1,L_3,M_2
45204,L3,L2,L3,L1,L2,L3,L1,L1,L2,C3_2,D3_1,F3_1,,,N3_2,L_1,M_1
45205,L3,L2,L3,L1,L2,L3,L1,L1,L2,C3_2,D3_1,F3_1,,,N3_2,L_1,M_2
45206,L3,L2,L3,L1,L2,L3,L1,L1,L2,C3_2,D3_1,F3_1,,,N3_2,L_2,M_1
45207,L3,L2,L3,L1,L2,L3,L1,L1,L2,C3_2,D3_1,F3_1,,,N3_2,L_2,M_2
45208,L3,L2,L3,L1,L2,L3,L1,L1,L2,C3_2,D3_1,F3_1,,,N3_2,L_3,M_1
45209,L3,L2,L3,L1,L2,L3,L1,L1,L2,C3_2,D3_1,F3_1,,,N3_2,L_3,M_2
45210,L3,L2,L3,L1,L2,L3,L1,L1,L2,C3_2,D3_1,F3_2,,,N3_1,L_1,M_1
45211,L3,L2,L3,L1,L2,L3,L1,L1,L2,C3_2,D3_1,F3_2,,,N3_1,L_1,M_2
45212,L3,L2,L3,L1,L2,L3,L1,L1,L2,C3_2,D3_1,F3_2,,,N3_1,L_2,M_1
45213,L3,L2,L3,L1,L2,L3,L1,L1,L2,C3_2,D3_1,F3_2,,,N3_1,L_2,M_2
45214,L3,L2,L3,L1,L2,L3,L1,L1,L2,C3_2,D3_1,F3_2,,,N3_1,L_3,M_1
45215,L3,L2,L3,L1,L2,L3,L1,L1,L2,C3_2,D3_1,F3_2,,,N3_1,L_3,M_2
45216,L3,L2,L3,L1,L2,L3,L1,L1,L2,C3_2,D3_1,F3_2,,,N3_2,L_1,M_1
45217,L3,L2,L3,L1,L2,L3,L1,L1,L2,C3_2,D3_1,F3_2,,,N3_2,L_1,M_2
45218,L3,L2,L3,L1,L2,L3,L1,L1,L2,C3_2,D3_1,F3_2,,,N3_2,L_2,M_1
45219,L3,L2,L3,L1,L2,L3,L1,L1,L2,C3_2,D3_1,F3_2,,,N3_2,L_2,M_2
45220,L3,L2,L3,L1,L2,L3,L1,L1,L2,C3_2,D3_1,F3_2,,,N3_2,L_3,M_1
45221,L3,L2,L3,L1,L2,L3,L1,L1,L2,C3_2,D3_1,F3_2,,,N3_2,L_3,M_2
45222,L3,L2,L3,L1,L2,L3,L1,L1,L2,C3_2,D3_1,F3_3,,,N3_1,L_1,M_1
45223,L3,L2,L3,L1,L2,L3,L1,L1,L2,C3_2,D3_1,F3_3,,,N3_1,L_1,M_2
45224,L3,L2,L3,L1,L2,L3,L1,L1,L2,C3_2,D3_1,F3_3,,,N3_1,L_2,M_1
45225,L3,L2,L3,L1,L2,L3,L1,L1,L2,C3_2,D3_1,F3_3,,,N3_1,L_2,M_2
45226,L3,L2,L3,L1,L2,L3,L1,L1,L2,C3_2,D3_1,F3_3,,,N3_1,L_3,M_1
45227,L3,L2,L3,L1,L2,L3,L1,L1,L2,C3_2,D3_1,F3_3,,,N3_1,L_3,M_2
45228,L3,L2,L3,L1,L2,L3,L1,L1,L2,C3_2,D3_1,F3_3,,,N3_2,L_1,M_1
45229,L3,L2,L3,L1,L2,L3,L1,L1,L2,C3_2,D3_1,F3_3,,,N3_2,L_1,M_2
45230,L3,L2,L3,L1,L2,L3,L1,L1,L2,C3_2,D3_1,F3_3,,,N3_2,L_2,M_1
45231,L3,L2,L3,L1,L2,L3,L1,L1,L2,C3_2,D3_1,F3_3,,,N3_2,L_2,M_2
45232,L3,L2,L3,L1,L2,L3,L1,L1,L2,C3_2,D3_1,F3_3,,,N3_2,L_3,M_1
45233,L3,L2,L3,L1,L2,L3,L1,L1,L2,C3_2,D3_1,F3_3,,,N3_2,L_3,M_2
45234,L3,L2,L3,L1,L2,L3,L1,L1,L2,C3_2,D3_2,F3_1,,,N3_1,L_1,M_1
45235,L3,L2,L3,L1,L2,L3,L1,L1,L2,C3_2,D3_2,F3_1,,,N3_1,L_1,M_2
45236,L3,L2,L3,L1,L2,L3,L1,L1,L2,C3_2,D3_2,F3_1,,,N3_1,L_2,M_1
45237,L3,L2,L3,L1,L2,L3,L1,L1,L2,C3_2,D3_2,F3_1,,,N3_1,L_2,M_2
45238,L3,L2,L3,L1,L2,L3,L1,L1,L2,C3_2,D3_2,F3_1,,,N3_1,L_3,M_1
45239,L3,L2,L3,L1,L2,L3,L1,L1,L2,C3_2,D3_2,F3_1,,,N3_1,L_3,M_2
45240,L3,L2,L3,L1,L2,L3,L1,L1,L2,C3_2,D3_2,F3_1,,,N3_2,L_1,M_1
45241,L3,L2,L3,L1,L2,L3,L1,L1,L2,C3_2,D3_2,F3_1,,,N3_2,L_1,M_2
45242,L3,L2,L3,L1,L2,L3,L1,L1,L2,C3_2,D3_2,F3_1,,,N3_2,L_2,M_1
45243,L3,L2,L3,L1,L2,L3,L1,L1,L2,C3_2,D3_2,F3_1,,,N3_2,L_2,M_2
45244,L3,L2,L3,L1,L2,L3,L1,L1,L2,C3_2,D3_2,F3_1,,,N3_2,L_3,M_1
45245,L3,L2,L3,L1,L2,L3,L1,L1,L2,C3_2,D3_2,F3_1,,,N3_2,L_3,M_2
45246,L3,L2,L3,L1,L2,L3,L1,L1,L2,C3_2,D3_2,F3_2,,,N3_1,L_1,M_1
45247,L3,L2,L3,L1,L2,L3,L1,L1,L2,C3_2,D3_2,F3_2,,,N3_1,L_1,M_2
45248,L3,L2,L3,L1,L2,L3,L1,L1,L2,C3_2,D3_2,F3_2,,,N3_1,L_2,M_1
45249,L3,L2,L3,L1,L2,L3,L1,L1,L2,C3_2,D3_2,F3_2,,,N3_1,L_2,M_2
45250,L3,L2,L3,L1,L2,L3,L1,L1,L2,C3_2,D3_2,F3_2,,,N3_1,L_3,M_1
45251,L3,L2,L3,L1,L2,L3,L1,L1,L2,C3_2,D3_2,F3_2,,,N3_1,L_3,M_2
45252,L3,L2,L3,L1,L2,L3,L1,L1,L2,C3_2,D3_2,F3_2,,,N3_2,L_1,M_1
45253,L3,L2,L3,L1,L2,L3,L1,L1,L2,C3_2,D3_2,F3_2,,,N3_2,L_1,M_2
45254,L3,L2,L3,L1,L2,L3,L1,L1,L2,C3_2,D3_2,F3_2,,,N3_2,L_2,M_1
45255,L3,L2,L3,L1,L2,L3,L1,L1,L2,C3_2,D3_2,F3_2,,,N3_2,L_2,M_2
45256,L3,L2,L3,L1,L2,L3,L1,L1,L2,C3_2,D3_2,F3_2,,,N3_2,L_3,M_1
45257,L3,L2,L3,L1,L2,L3,L1,L1,L2,C3_2,D3_2,F3_2,,,N3_2,L_3,M_2
45258,L3,L2,L3,L1,L2,L3,L1,L1,L2,C3_2,D3_2,F3_3,,,N3_1,L_1,M_1
45259,L3,L2,L3,L1,L2,L3,L1,L1,L2,C3_2,D3_2,F3_3,,,N3_1,L_1,M_2
45260,L3,L2,L3,L1,L2,L3,L1,L1,L2,C3_2,D3_2,F3_3,,,N3_1,L_2,M_1
45261,L3,L2,L3,L1,L2,L3,L1,L1,L2,C3_2,D3_2,F3_3,,,N3_1,L_2,M_2
45262,L3,L2,L3,L1,L2,L3,L1,L1,L2,C3_2,D3_2,F3_3,,,N3_1,L_3,M_1
45263,L3,L2,L3,L1,L2,L3,L1,L1,L2,C3_2,D3_2,F3_3,,,N3_1,L_3,M_2
45264,L3,L2,L3,L1,L2,L3,L1,L1,L2,C3_2,D3_2,F3_3,,,N3_2,L_1,M_1
45265,L3,L2,L3,L1,L2,L3,L1,L1,L2,C3_2,D3_2,F3_3,,,N3_2,L_1,M_2
45266,L3,L2,L3,L1,L2,L3,L1,L1,L2,C3_2,D3_2,F3_3,,,N3_2,L_2,M_1
45267,L3,L2,L3,L1,L2,L3,L1,L1,L2,C3_2,D3_2,F3_3,,,N3_2,L_2,M_2
45268,L3,L2,L3,L1,L2,L3,L1,L1,L2,C3_2,D3_2,F3_3,,,N3_2,L_3,M_1
45269,L3,L2,L3,L1,L2,L3,L1,L1,L2,C3_2,D3_2,F3_3,,,N3_2,L_3,M_2
45270,L3,L2,L3,L1,L2,L3,L1,L1,L2,C3_2,D3_3,F3_1,,,N3_1,L_1,M_1
45271,L3,L2,L3,L1,L2,L3,L1,L1,L2,C3_2,D3_3,F3_1,,,N3_1,L_1,M_2
45272,L3,L2,L3,L1,L2,L3,L1,L1,L2,C3_2,D3_3,F3_1,,,N3_1,L_2,M_1
45273,L3,L2,L3,L1,L2,L3,L1,L1,L2,C3_2,D3_3,F3_1,,,N3_1,L_2,M_2
45274,L3,L2,L3,L1,L2,L3,L1,L1,L2,C3_2,D3_3,F3_1,,,N3_1,L_3,M_1
45275,L3,L2,L3,L1,L2,L3,L1,L1,L2,C3_2,D3_3,F3_1,,,N3_1,L_3,M_2
45276,L3,L2,L3,L1,L2,L3,L1,L1,L2,C3_2,D3_3,F3_1,,,N3_2,L_1,M_1
45277,L3,L2,L3,L1,L2,L3,L1,L1,L2,C3_2,D3_3,F3_1,,,N3_2,L_1,M_2
45278,L3,L2,L3,L1,L2,L3,L1,L1,L2,C3_2,D3_3,F3_1,,,N3_2,L_2,M_1
45279,L3,L2,L3,L1,L2,L3,L1,L1,L2,C3_2,D3_3,F3_1,,,N3_2,L_2,M_2
45280,L3,L2,L3,L1,L2,L3,L1,L1,L2,C3_2,D3_3,F3_1,,,N3_2,L_3,M_1
45281,L3,L2,L3,L1,L2,L3,L1,L1,L2,C3_2,D3_3,F3_1,,,N3_2,L_3,M_2
45282,L3,L2,L3,L1,L2,L3,L1,L1,L2,C3_2,D3_3,F3_2,,,N3_1,L_1,M_1
45283,L3,L2,L3,L1,L2,L3,L1,L1,L2,C3_2,D3_3,F3_2,,,N3_1,L_1,M_2
45284,L3,L2,L3,L1,L2,L3,L1,L1,L2,C3_2,D3_3,F3_2,,,N3_1,L_2,M_1
45285,L3,L2,L3,L1,L2,L3,L1,L1,L2,C3_2,D3_3,F3_2,,,N3_1,L_2,M_2
45286,L3,L2,L3,L1,L2,L3,L1,L1,L2,C3_2,D3_3,F3_2,,,N3_1,L_3,M_1
45287,L3,L2,L3,L1,L2,L3,L1,L1,L2,C3_2,D3_3,F3_2,,,N3_1,L_3,M_2
45288,L3,L2,L3,L1,L2,L3,L1,L1,L2,C3_2,D3_3,F3_2,,,N3_2,L_1,M_1
45289,L3,L2,L3,L1,L2,L3,L1,L1,L2,C3_2,D3_3,F3_2,,,N3_2,L_1,M_2
45290,L3,L2,L3,L1,L2,L3,L1,L1,L2,C3_2,D3_3,F3_2,,,N3_2,L_2,M_1
45291,L3,L2,L3,L1,L2,L3,L1,L1,L2,C3_2,D3_3,F3_2,,,N3_2,L_2,M_2
45292,L3,L2,L3,L1,L2,L3,L1,L1,L2,C3_2,D3_3,F3_2,,,N3_2,L_3,M_1
45293,L3,L2,L3,L1,L2,L3,L1,L1,L2,C3_2,D3_3,F3_2,,,N3_2,L_3,M_2
45294,L3,L2,L3,L1,L2,L3,L1,L1,L2,C3_2,D3_3,F3_3,,,N3_1,L_1,M_1
45295,L3,L2,L3,L1,L2,L3,L1,L1,L2,C3_2,D3_3,F3_3,,,N3_1,L_1,M_2
45296,L3,L2,L3,L1,L2,L3,L1,L1,L2,C3_2,D3_3,F3_3,,,N3_1,L_2,M_1
45297,L3,L2,L3,L1,L2,L3,L1,L1,L2,C3_2,D3_3,F3_3,,,N3_1,L_2,M_2
45298,L3,L2,L3,L1,L2,L3,L1,L1,L2,C3_2,D3_3,F3_3,,,N3_1,L_3,M_1
45299,L3,L2,L3,L1,L2,L3,L1,L1,L2,C3_2,D3_3,F3_3,,,N3_1,L_3,M_2
45300,L3,L2,L3,L1,L2,L3,L1,L1,L2,C3_2,D3_3,F3_3,,,N3_2,L_1,M_1
45301,L3,L2,L3,L1,L2,L3,L1,L1,L2,C3_2,D3_3,F3_3,,,N3_2,L_1,M_2
45302,L3,L2,L3,L1,L2,L3,L1,L1,L2,C3_2,D3_3,F3_3,,,N3_2,L_2,M_1
45303,L3,L2,L3,L1,L2,L3,L1,L1,L2,C3_2,D3_3,F3_3,,,N3_2,L_2,M_2
45304,L3,L2,L3,L1,L2,L3,L1,L1,L2,C3_2,D3_3,F3_3,,,N3_2,L_3,M_1
45305,L3,L2,L3,L1,L2,L3,L1,L1,L2,C3_2,D3_3,F3_3,,,N3_2,L_3,M_2
45306,L3,L2,L3,L1,L2,L3,L1,L1,L2,C3_3,D3_1,F3_1,,,N3_1,L_1,M_1
45307,L3,L2,L3,L1,L2,L3,L1,L1,L2,C3_3,D3_1,F3_1,,,N3_1,L_1,M_2
45308,L3,L2,L3,L1,L2,L3,L1,L1,L2,C3_3,D3_1,F3_1,,,N3_1,L_2,M_1
45309,L3,L2,L3,L1,L2,L3,L1,L1,L2,C3_3,D3_1,F3_1,,,N3_1,L_2,M_2
45310,L3,L2,L3,L1,L2,L3,L1,L1,L2,C3_3,D3_1,F3_1,,,N3_1,L_3,M_1
45311,L3,L2,L3,L1,L2,L3,L1,L1,L2,C3_3,D3_1,F3_1,,,N3_1,L_3,M_2
45312,L3,L2,L3,L1,L2,L3,L1,L1,L2,C3_3,D3_1,F3_1,,,N3_2,L_1,M_1
45313,L3,L2,L3,L1,L2,L3,L1,L1,L2,C3_3,D3_1,F3_1,,,N3_2,L_1,M_2
45314,L3,L2,L3,L1,L2,L3,L1,L1,L2,C3_3,D3_1,F3_1,,,N3_2,L_2,M_1
45315,L3,L2,L3,L1,L2,L3,L1,L1,L2,C3_3,D3_1,F3_1,,,N3_2,L_2,M_2
45316,L3,L2,L3,L1,L2,L3,L1,L1,L2,C3_3,D3_1,F3_1,,,N3_2,L_3,M_1
45317,L3,L2,L3,L1,L2,L3,L1,L1,L2,C3_3,D3_1,F3_1,,,N3_2,L_3,M_2
45318,L3,L2,L3,L1,L2,L3,L1,L1,L2,C3_3,D3_1,F3_2,,,N3_1,L_1,M_1
45319,L3,L2,L3,L1,L2,L3,L1,L1,L2,C3_3,D3_1,F3_2,,,N3_1,L_1,M_2
45320,L3,L2,L3,L1,L2,L3,L1,L1,L2,C3_3,D3_1,F3_2,,,N3_1,L_2,M_1
45321,L3,L2,L3,L1,L2,L3,L1,L1,L2,C3_3,D3_1,F3_2,,,N3_1,L_2,M_2
45322,L3,L2,L3,L1,L2,L3,L1,L1,L2,C3_3,D3_1,F3_2,,,N3_1,L_3,M_1
45323,L3,L2,L3,L1,L2,L3,L1,L1,L2,C3_3,D3_1,F3_2,,,N3_1,L_3,M_2
45324,L3,L2,L3,L1,L2,L3,L1,L1,L2,C3_3,D3_1,F3_2,,,N3_2,L_1,M_1
45325,L3,L2,L3,L1,L2,L3,L1,L1,L2,C3_3,D3_1,F3_2,,,N3_2,L_1,M_2
45326,L3,L2,L3,L1,L2,L3,L1,L1,L2,C3_3,D3_1,F3_2,,,N3_2,L_2,M_1
45327,L3,L2,L3,L1,L2,L3,L1,L1,L2,C3_3,D3_1,F3_2,,,N3_2,L_2,M_2
45328,L3,L2,L3,L1,L2,L3,L1,L1,L2,C3_3,D3_1,F3_2,,,N3_2,L_3,M_1
45329,L3,L2,L3,L1,L2,L3,L1,L1,L2,C3_3,D3_1,F3_2,,,N3_2,L_3,M_2
45330,L3,L2,L3,L1,L2,L3,L1,L1,L2,C3_3,D3_1,F3_3,,,N3_1,L_1,M_1
45331,L3,L2,L3,L1,L2,L3,L1,L1,L2,C3_3,D3_1,F3_3,,,N3_1,L_1,M_2
45332,L3,L2,L3,L1,L2,L3,L1,L1,L2,C3_3,D3_1,F3_3,,,N3_1,L_2,M_1
45333,L3,L2,L3,L1,L2,L3,L1,L1,L2,C3_3,D3_1,F3_3,,,N3_1,L_2,M_2
45334,L3,L2,L3,L1,L2,L3,L1,L1,L2,C3_3,D3_1,F3_3,,,N3_1,L_3,M_1
45335,L3,L2,L3,L1,L2,L3,L1,L1,L2,C3_3,D3_1,F3_3,,,N3_1,L_3,M_2
45336,L3,L2,L3,L1,L2,L3,L1,L1,L2,C3_3,D3_1,F3_3,,,N3_2,L_1,M_1
45337,L3,L2,L3,L1,L2,L3,L1,L1,L2,C3_3,D3_1,F3_3,,,N3_2,L_1,M_2
45338,L3,L2,L3,L1,L2,L3,L1,L1,L2,C3_3,D3_1,F3_3,,,N3_2,L_2,M_1
45339,L3,L2,L3,L1,L2,L3,L1,L1,L2,C3_3,D3_1,F3_3,,,N3_2,L_2,M_2
45340,L3,L2,L3,L1,L2,L3,L1,L1,L2,C3_3,D3_1,F3_3,,,N3_2,L_3,M_1
45341,L3,L2,L3,L1,L2,L3,L1,L1,L2,C3_3,D3_1,F3_3,,,N3_2,L_3,M_2
45342,L3,L2,L3,L1,L2,L3,L1,L1,L2,C3_3,D3_2,F3_1,,,N3_1,L_1,M_1
45343,L3,L2,L3,L1,L2,L3,L1,L1,L2,C3_3,D3_2,F3_1,,,N3_1,L_1,M_2
45344,L3,L2,L3,L1,L2,L3,L1,L1,L2,C3_3,D3_2,F3_1,,,N3_1,L_2,M_1
45345,L3,L2,L3,L1,L2,L3,L1,L1,L2,C3_3,D3_2,F3_1,,,N3_1,L_2,M_2
45346,L3,L2,L3,L1,L2,L3,L1,L1,L2,C3_3,D3_2,F3_1,,,N3_1,L_3,M_1
45347,L3,L2,L3,L1,L2,L3,L1,L1,L2,C3_3,D3_2,F3_1,,,N3_1,L_3,M_2
45348,L3,L2,L3,L1,L2,L3,L1,L1,L2,C3_3,D3_2,F3_1,,,N3_2,L_1,M_1
45349,L3,L2,L3,L1,L2,L3,L1,L1,L2,C3_3,D3_2,F3_1,,,N3_2,L_1,M_2
45350,L3,L2,L3,L1,L2,L3,L1,L1,L2,C3_3,D3_2,F3_1,,,N3_2,L_2,M_1
45351,L3,L2,L3,L1,L2,L3,L1,L1,L2,C3_3,D3_2,F3_1,,,N3_2,L_2,M_2
45352,L3,L2,L3,L1,L2,L3,L1,L1,L2,C3_3,D3_2,F3_1,,,N3_2,L_3,M_1
45353,L3,L2,L3,L1,L2,L3,L1,L1,L2,C3_3,D3_2,F3_1,,,N3_2,L_3,M_2
45354,L3,L2,L3,L1,L2,L3,L1,L1,L2,C3_3,D3_2,F3_2,,,N3_1,L_1,M_1
45355,L3,L2,L3,L1,L2,L3,L1,L1,L2,C3_3,D3_2,F3_2,,,N3_1,L_1,M_2
45356,L3,L2,L3,L1,L2,L3,L1,L1,L2,C3_3,D3_2,F3_2,,,N3_1,L_2,M_1
45357,L3,L2,L3,L1,L2,L3,L1,L1,L2,C3_3,D3_2,F3_2,,,N3_1,L_2,M_2
45358,L3,L2,L3,L1,L2,L3,L1,L1,L2,C3_3,D3_2,F3_2,,,N3_1,L_3,M_1
45359,L3,L2,L3,L1,L2,L3,L1,L1,L2,C3_3,D3_2,F3_2,,,N3_1,L_3,M_2
45360,L3,L2,L3,L1,L2,L3,L1,L1,L2,C3_3,D3_2,F3_2,,,N3_2,L_1,M_1
45361,L3,L2,L3,L1,L2,L3,L1,L1,L2,C3_3,D3_2,F3_2,,,N3_2,L_1,M_2
45362,L3,L2,L3,L1,L2,L3,L1,L1,L2,C3_3,D3_2,F3_2,,,N3_2,L_2,M_1
45363,L3,L2,L3,L1,L2,L3,L1,L1,L2,C3_3,D3_2,F3_2,,,N3_2,L_2,M_2
45364,L3,L2,L3,L1,L2,L3,L1,L1,L2,C3_3,D3_2,F3_2,,,N3_2,L_3,M_1
45365,L3,L2,L3,L1,L2,L3,L1,L1,L2,C3_3,D3_2,F3_2,,,N3_2,L_3,M_2
45366,L3,L2,L3,L1,L2,L3,L1,L1,L2,C3_3,D3_2,F3_3,,,N3_1,L_1,M_1
45367,L3,L2,L3,L1,L2,L3,L1,L1,L2,C3_3,D3_2,F3_3,,,N3_1,L_1,M_2
45368,L3,L2,L3,L1,L2,L3,L1,L1,L2,C3_3,D3_2,F3_3,,,N3_1,L_2,M_1
45369,L3,L2,L3,L1,L2,L3,L1,L1,L2,C3_3,D3_2,F3_3,,,N3_1,L_2,M_2
45370,L3,L2,L3,L1,L2,L3,L1,L1,L2,C3_3,D3_2,F3_3,,,N3_1,L_3,M_1
45371,L3,L2,L3,L1,L2,L3,L1,L1,L2,C3_3,D3_2,F3_3,,,N3_1,L_3,M_2
45372,L3,L2,L3,L1,L2,L3,L1,L1,L2,C3_3,D3_2,F3_3,,,N3_2,L_1,M_1
45373,L3,L2,L3,L1,L2,L3,L1,L1,L2,C3_3,D3_2,F3_3,,,N3_2,L_1,M_2
45374,L3,L2,L3,L1,L2,L3,L1,L1,L2,C3_3,D3_2,F3_3,,,N3_2,L_2,M_1
45375,L3,L2,L3,L1,L2,L3,L1,L1,L2,C3_3,D3_2,F3_3,,,N3_2,L_2,M_2
45376,L3,L2,L3,L1,L2,L3,L1,L1,L2,C3_3,D3_2,F3_3,,,N3_2,L_3,M_1
45377,L3,L2,L3,L1,L2,L3,L1,L1,L2,C3_3,D3_2,F3_3,,,N3_2,L_3,M_2
45378,L3,L2,L3,L1,L2,L3,L1,L1,L2,C3_3,D3_3,F3_1,,,N3_1,L_1,M_1
45379,L3,L2,L3,L1,L2,L3,L1,L1,L2,C3_3,D3_3,F3_1,,,N3_1,L_1,M_2
45380,L3,L2,L3,L1,L2,L3,L1,L1,L2,C3_3,D3_3,F3_1,,,N3_1,L_2,M_1
45381,L3,L2,L3,L1,L2,L3,L1,L1,L2,C3_3,D3_3,F3_1,,,N3_1,L_2,M_2
45382,L3,L2,L3,L1,L2,L3,L1,L1,L2,C3_3,D3_3,F3_1,,,N3_1,L_3,M_1
45383,L3,L2,L3,L1,L2,L3,L1,L1,L2,C3_3,D3_3,F3_1,,,N3_1,L_3,M_2
45384,L3,L2,L3,L1,L2,L3,L1,L1,L2,C3_3,D3_3,F3_1,,,N3_2,L_1,M_1
45385,L3,L2,L3,L1,L2,L3,L1,L1,L2,C3_3,D3_3,F3_1,,,N3_2,L_1,M_2
45386,L3,L2,L3,L1,L2,L3,L1,L1,L2,C3_3,D3_3,F3_1,,,N3_2,L_2,M_1
45387,L3,L2,L3,L1,L2,L3,L1,L1,L2,C3_3,D3_3,F3_1,,,N3_2,L_2,M_2
45388,L3,L2,L3,L1,L2,L3,L1,L1,L2,C3_3,D3_3,F3_1,,,N3_2,L_3,M_1
45389,L3,L2,L3,L1,L2,L3,L1,L1,L2,C3_3,D3_3,F3_1,,,N3_2,L_3,M_2
45390,L3,L2,L3,L1,L2,L3,L1,L1,L2,C3_3,D3_3,F3_2,,,N3_1,L_1,M_1
45391,L3,L2,L3,L1,L2,L3,L1,L1,L2,C3_3,D3_3,F3_2,,,N3_1,L_1,M_2
45392,L3,L2,L3,L1,L2,L3,L1,L1,L2,C3_3,D3_3,F3_2,,,N3_1,L_2,M_1
45393,L3,L2,L3,L1,L2,L3,L1,L1,L2,C3_3,D3_3,F3_2,,,N3_1,L_2,M_2
45394,L3,L2,L3,L1,L2,L3,L1,L1,L2,C3_3,D3_3,F3_2,,,N3_1,L_3,M_1
45395,L3,L2,L3,L1,L2,L3,L1,L1,L2,C3_3,D3_3,F3_2,,,N3_1,L_3,M_2
45396,L3,L2,L3,L1,L2,L3,L1,L1,L2,C3_3,D3_3,F3_2,,,N3_2,L_1,M_1
45397,L3,L2,L3,L1,L2,L3,L1,L1,L2,C3_3,D3_3,F3_2,,,N3_2,L_1,M_2
45398,L3,L2,L3,L1,L2,L3,L1,L1,L2,C3_3,D3_3,F3_2,,,N3_2,L_2,M_1
45399,L3,L2,L3,L1,L2,L3,L1,L1,L2,C3_3,D3_3,F3_2,,,N3_2,L_2,M_2
45400,L3,L2,L3,L1,L2,L3,L1,L1,L2,C3_3,D3_3,F3_2,,,N3_2,L_3,M_1
45401,L3,L2,L3,L1,L2,L3,L1,L1,L2,C3_3,D3_3,F3_2,,,N3_2,L_3,M_2
45402,L3,L2,L3,L1,L2,L3,L1,L1,L2,C3_3,D3_3,F3_3,,,N3_1,L_1,M_1
45403,L3,L2,L3,L1,L2,L3,L1,L1,L2,C3_3,D3_3,F3_3,,,N3_1,L_1,M_2
45404,L3,L2,L3,L1,L2,L3,L1,L1,L2,C3_3,D3_3,F3_3,,,N3_1,L_2,M_1
45405,L3,L2,L3,L1,L2,L3,L1,L1,L2,C3_3,D3_3,F3_3,,,N3_1,L_2,M_2
45406,L3,L2,L3,L1,L2,L3,L1,L1,L2,C3_3,D3_3,F3_3,,,N3_1,L_3,M_1
45407,L3,L2,L3,L1,L2,L3,L1,L1,L2,C3_3,D3_3,F3_3,,,N3_1,L_3,M_2
45408,L3,L2,L3,L1,L2,L3,L1,L1,L2,C3_3,D3_3,F3_3,,,N3_2,L_1,M_1
45409,L3,L2,L3,L1,L2,L3,L1,L1,L2,C3_3,D3_3,F3_3,,,N3_2,L_1,M_2
45410,L3,L2,L3,L1,L2,L3,L1,L1,L2,C3_3,D3_3,F3_3,,,N3_2,L_2,M_1
45411,L3,L2,L3,L1,L2,L3,L1,L1,L2,C3_3,D3_3,F3_3,,,N3_2,L_2,M_2
45412,L3,L2,L3,L1,L2,L3,L1,L1,L2,C3_3,D3_3,F3_3,,,N3_2,L_3,M_1
45413,L3,L2,L3,L1,L2,L3,L1,L1,L2,C3_3,D3_3,F3_3,,,N3_2,L_3,M_2
109080,L1,L2,L1,L2,L3,L3,L1,L1,L2,C3_1,D3_1,F3_1,,,N3_1,L_1,M_1
109081,L1,L2,L1,L2,L3,L3,L1,L1,L2,C3_1,D3_1,F3_1,,,N3_1,L_1,M_2
109082,L1,L2,L1,L2,L3,L3,L1,L1,L2,C3_1,D3_1,F3_1,,,N3_1,L_2,M_1
109083,L1,L2,L1,L2,L3,L3,L1,L1,L2,C3_1,D3_1,F3_1,,,N3_1,L_2,M_2
109084,L1,L2,L1,L2,L3,L3,L1,L1,L2,C3_1,D3_1,F3_1,,,N3_1,L_3,M_1
109085,L1,L2,L1,L2,L3,L3,L1,L1,L2,C3_1,D3_1,F3_1,,,N3_1,L_3,M_2
109086,L1,L2,L1,L2,L3,L3,L1,L1,L2,C3_1,D3_1,F3_1,,,N3_2,L_1,M_1
109087,L1,L2,L1,L2,L3,L3,L1,L1,L2,C3_1,D3_1,F3_1,,,N3_2,L_1,M_2
109088,L1,L2,L1,L2,L3,L3,L1,L1,L2,C3_1,D3_1,F3_1,,,N3_2,L_2,M_1
109089,L1,L2,L1,L2,L3,L3,L1,L1,L2,C3_1,D3_1,F3_1,,,N3_2,L_2,M_2
109090,L1,L2,L1,L2,L3,L3,L1,L1,L2,C3_1,D3_1,F3_1,,,N3_2,L_3,M_1
109091,L1,L2,L1,L2,L3,L3,L1,L1,L2,C3_1,D3_1,F3_1,,,N3_2,L_3,M_2
109092,L1,L2,L1,L2,L3,L3,L1,L1,L2,C3_1,D3_1,F3_2,,,N3_1,L_1,M_1
109093,L1,L2,L1,L2,L3,L3,L1,L1,L2,C3_1,D3_1,F3_2,,,N3_1,L_1,M_2
109094,L1,L2,L1,L2,L3,L3,L1,L1,L2,C3_1,D3_1,F3_2,,,N3_1,L_2,M_1
109095,L1,L2,L1,L2,L3,L3,L1,L1,L2,C3_1,D3_1,F3_2,,,N3_1,L_2,M_2
109096,L1,L2,L1,L2,L3,L3,L1,L1,L2,C3_1,D3_1,F3_2,,,N3_1,L_3,M_1
109097,L1,L2,L1,L2,L3,L3,L1,L1,L2,C3_1,D3_1,F3_2,,,N3_1,L_3,M_2
109098,L1,L2,L1,L2,L3,L3,L1,L1,L2,C3_1,D3_1,F3_2,,,N3_2,L_1,M_1
109099,L1,L2,L1,L2,L3,L3,L1,L1,L2,C3_1,D3_1,F3_2,,,N3_2,L_1,M_2
109100,L1,L2,L1,L2,L3,L3,L1,L1,L2,C3_1,D3_1,F3_2,,,N3_2,L_2,M_1
109101,L1,L2,L1,L2,L3,L3,L1,L1,L2,C3_1,D3_1,F3_2,,,N3_2,L_2,M_2
109102,L1,L2,L1,L2,L3,L3,L1,L1,L2,C3_1,D3_1,F3_2,,,N3_2,L_3,M_1
109103,L1,L2,L1,L2,L3,L3,L1,L1,L2,C3_1,D3_1,F3_2,,,N3_2,L_3,M_2
109104,L1,L2,L1,L2,L3,L3,L1,L1,L2,C3_1,D3_1,F3_3,,,N3_1,L_1,M_1
109105,L1,L2,L1,L2,L3,L3,L1,L1,L2,C3_1,D3_1,F3_3,,,N3_1,L_1,M_2
109106,L1,L2,L1,L2,L3,L3,L1,L1,L2,C3_1,D3_1,F3_3,,,N3_1,L_2,M_1
109107,L1,L2,L1,L2,L3,L3,L1,L1,L2,C3_1,D3_1,F3_3,,,N3_1,L_2,M_2
109108,L1,L2,L1,L2,L3,L3,L1,L1,L2,C3_1,D3_1,F3_3,,,N3_1,L_3,M_1
109109,L1,L2,L1,L2,L3,L3,L1,L1,L2,C3_1,D3_1,F3_3,,,N3_1,L_3,M_2
109110,L1,L2,L1,L2,L3,L3,L1,L1,L2,C3_1,D3_1,F3_3,,,N3_2,L_1,M_1
109111,L1,L2,L1,L2,L3,L3,L1,L1,L2,C3_1,D3_1,F3_3,,,N3_2,L_1,M_2
109112,L1,L2,L1,L2,L3,L3,L1,L1,L2,C3_1,D3_1,F3_3,,,N3_2,L_2,M_1
109113,L1,L2,L1,L2,L3,L3,L1,L1,L2,C3_1,D3_1,F3_3,,,N3_2,L_2,M_2
109114,L1,L2,L1,L2,L3,L3,L1,L1,L2,C3_1,D3_1,F3_3,,,N3_2,L_3,M_1
109115,L1,L2,L1,L2,L3,L3,L1,L1,L2,C3_1,D3_1,F3_3,,,N3_2,L_3,M_2
109116,L1,L2,L1,L2,L3,L3,L1,L1,L2,C3_1,D3_2,F3_1,,,N3_1,L_1,M_1
109117,L1,L2,L1,L2,L3,L3,L1,L1,L2,C3_1,D3_2,F3_1,,,N3_1,L_1,M_2
109118,L1,L2,L1,L2,L3,L3,L1,L1,L2,C3_1,D3_2,F3_1,,,N3_1,L_2,M_1
109119,L1,L2,L1,L2,L3,L3,L1,L1,L2,C3_1,D3_2,F3_1,,,N3_1,L_2,M_2
109120,L1,L2,L1,L2,L3,L3,L1,L1,L2,C3_1,D3_2,F3_1,,,N3_1,L_3,M_1
109121,L1,L2,L1,L2,L3,L3,L1,L1,L2,C3_1,D3_2,F3_1,,,N3_1,L_3,M_2
109122,L1,L2,L1,L2,L3,L3,L1,L1,L2,C3_1,D3_2,F3_1,,,N3_2,L_1,M_1
109123,L1,L2,L1,L2,L3,L3,L1,L1,L2,C3_1,D3_2,F3_1,,,N3_2,L_1,M_2
109124,L1,L2,L1,L2,L3,L3,L1,L1,L2,C3_1,D3_2,F3_1,,,N3_2,L_2,M_1
109125,L1,L2,L1,L2,L3,L3,L1,L1,L2,C3_1,D3_2,F3_1,,,N3_2,L_2,M_2
109126,L1,L2,L1,L2,L3,L3,L1,L1,L2,C3_1,D3_2,F3_1,,,N3_2,L_3,M_1
109127,L1,L2,L1,L2,L3,L3,L1,L1,L2,C3_1,D3_2,F3_1,,,N3_2,L_3,M_2
109128,L1,L2,L1,L2,L3,L3,L1,L1,L2,C3_1,D3_2,F3_2,,,N3_1,L_1,M_1
109129,L1,L2,L1,L2,L3,L3,L1,L1,L2,C3_1,D3_2,F3_2,,,N3_1,L_1,M_2
109130,L1,L2,L1,L2,L3,L3,L1,L1,L2,C3_1,D3_2,F3_2,,,N3_1,L_2,M_1
109131,L1,L2,L1,L2,L3,L3,L1,L1,L2,C3_1,D3_2,F3_2,,,N3_1,L_2,M_2
109132,L1,L2,L1,L2,L3,L3,L1,L1,L2,C3_1,D3_2,F3_2,,,N3_1,L_3,M_1
109133,L1,L2,L1,L2,L3,L3,L1,L1,L2,C3_1,D3_2,F3_2,,,N3_1,L_3,M_2
109134,L1,L2,L1,L2,L3,L3,L1,L1,L2,C3_1,D3_2,F3_2,,,N3_2,L_1,M_1
109135,L1,L2,L1,L2,L3,L3,L1,L1,L2,C3_1,D3_2,F3_2,,,N3_2,L_1,M_2
109136,L1,L2,L1,L2,L3,L3,L1,L1,L2,C3_1,D3_2,F3_2,,,N3_2,L_2,M_1
109137,L1,L2,L1,L2,L3,L3,L1,L1,L2,C3_1,D3_2,F3_2,,,N3_2,L_2,M_2
109138,L1,L2,L1,L2,L3,L3,L1,L1,L2,C3_1,D3_2,F3_2,,,N3_2,L_3,M_1
109139,L1,L2,L1,L2,L3,L3,L1,L1,L2,C3_1,D3_2,F3_2,,,N3_2,L_3,M_2
109140,L1,L2,L1,L2,L3,L3,L1,L1,L2,C3_1,D3_2,F3_3,,,N3_1,L_1,M_1
109141,L1,L2,L1,L2,L3,L3,L1,L1,L2,C3_1,D3_2,F3_3,,,N3_1,L_1,M_2
109142,L1,L2,L1,L2,L3,L3,L1,L1,L2,C3_1,D3_2,F3_3,,,N3_1,L_2,M_1
109143,L1,L2,L1,L2,L3,L3,L1,L1,L2,C3_1,D3_2,F3_3,,,N3_1,L_2,M_2
109144,L1,L2,L1,L2,L3,L3,L1,L1,L2,C3_1,D3_2,F3_3,,,N3_1,L_3,M_1
109145,L1,L2,L1,L2,L3,L3,L1,L1,L2,C3_1,D3_2,F3_3,,,N3_1,L_3,M_2
109146,L1,L2,L1,L2,L3,L3,L1,L1,L2,C3_1,D3_2,F3_3,,,N3_2,L_1,M_1
109147,L1,L2,L1,L2,L3,L3,L1,L1,L2,C3_1,D3_2,F3_3,,,N3_2,L_1,M_2
109148,L1,L2,L1,L2,L3,L3,L1,L1,L2,C3_1,D3_2,F3_3,,,N3_2,L_2,M_1
109149,L1,L2,L1,L2,L3,L3,L1,L1,L2,C3_1,D3_2,F3_3,,,N3_2,L_2,M_2
109150,L1,L2,L1,L2,L3,L3,L1,L1,L2,C3_1,D3_2,F3_3,,,N3_2,L_3,M_1
109151,L1,L2,L1,L2,L3,L3,L1,L1,L2,C3_1,D3_2,F3_3,,,N3_2,L_3,M_2
109152,L1,L2,L1,L2,L3,L3,L1,L1,L2,C3_1,D3_3,F3_1,,,N3_1,L_1,M_1
109153,L1,L2,L1,L2,L3,L3,L1,L1,L2,C3_1,D3_3,F3_1,,,N3_1,L_1,M_2
109154,L1,L2,L1,L2,L3,L3,L1,L1,L2,C3_1,D3_3,F3_1,,,N3_1,L_2,M_1
109155,L1,L2,L1,L2,L3,L3,L1,L1,L2,C3_1,D3_3,F3_1,,,N3_1,L_2,M_2
109156,L1,L2,L1,L2,L3,L3,L1,L1,L2,C3_1,D3_3,F3_1,,,N3_1,L_3,M_1
109157,L1,L2,L1,L2,L3,L3,L1,L1,L2,C3_1,D3_3,F3_1,,,N3_1,L_3,M_2
109158,L1,L2,L1,L2,L3,L3,L1,L1,L2,C3_1,D3_3,F3_1,,,N3_2,L_1,M_1
109159,L1,L2,L1,L2,L3,L3,L1,L1,L2,C3_1,D3_3,F3_1,,,N3_2,L_1,M_2
109160,L1,L2,L1,L2,L3,L3,L1,L1,L2,C3_1,D3_3,F3_1,,,N3_2,L_2,M_1
109161,L1,L2,L1,L2,L3,L3,L1,L1,L2,C3_1,D3_3,F3_1,,,N3_2,L_2,M_2
109162,L1,L2,L1,L2,L3,L3,L1,L1,L2,C3_1,D3_3,F3_1,,,N3_2,L_3,M_1
109163,L1,L2,L1,L2,L3,L3,L1,L1,L2,C3_1,D3_3,F3_1,,,N3_2,L_3,M_2
109164,L1,L2,L1,L2,L3,L3,L1,L1,L2,C3_1,D3_3,F3_2,,,N3_1,L_1,M_1
109165,L1,L2,L1,L2,L3,L3,L1,L1,L2,C3_1,D3_3,F3_2,,,N3_1,L_1,M_2
109166,L1,L2,L1,L2,L3,L3,L1,L1,L2,C3_1,D3_3,F3_2,,,N3_1,L_2,M_1
109167,L1,L2,L1,L2,L3,L3,L1,L1,L2,C3_1,D3_3,F3_2,,,N3_1,L_2,M_2
109168,L1,L2,L1,L2,L3,L3,L1,L1,L2,C3_1,D3_3,F3_2,,,N3_1,L_3,M_1
109169,L1,L2,L1,L2,L3,L3,L1,L1,L2,C3_1,D3_3,F3_2,,,N3_1,L_3,M_2
109170,L1,L2,L1,L2,L3,L3,L1,L1,L2,C3_1,D3_3,F3_2,,,N3_2,L_1,M_1
109171,L1,L2,L1,L2,L3,L3,L1,L1,L2,C3_1,D3_3,F3_2,,,N3_2,L_1,M_2
109172,L1,L2,L1,L2,L3,L3,L1,L1,L2,C3_1,D3_3,F3_2,,,N3_2,L_2,M_1
109173,L1,L2,L1,L2,L3,L3,L1,L1,L2,C3_1,D3_3,F3_2,,,N3_2,L_2,M_2
109174,L1,L2,L1,L2,L3,L3,L1,L1,L2,C3_1,D3_3,F3_2,,,N3_2,L_3,M_1
109175,L1,L2,L1,L2,L3,L3,L1,L1,L2,C3_1,D3_3,F3_2,,,N3_2,L_3,M_2
109176,L1,L2,L1,L2,L3,L3,L1,L1,L2,C3_1,D3_3,F3_3,,,N3_1,L_1,M_1
109177,L1,L2,L1,L2,L3,L3,L1,L1,L2,C3_1,D3_3,F3_3,,,N3_1,L_1,M_2
109178,L1,L2,L1,L2,L3,L3,L1,L1,L2,C3_1,D3_3,F3_3,,,N3_1,L_2,M_1
109179,L1,L2,L1,L2,L3,L3,L1,L1,L2,C3_1,D3_3,F3_3,,,N3_1,L_2,M_2
109180,L1,L2,L1,L2,L3,L3,L1,L1,L2,C3_1,D3_3,F3_3,,,N3_1,L_3,M_1
109181,L1,L2,L1,L2,L3,L3,L1,L1,L2,C3_1,D3_3,F3_3,,,N3_1,L_3,M_2
109182,L1,L2,L1,L2,L3,L3,L1,L1,L2,C3_1,D3_3,F3_3,,,N3_2,L_1,M_1
109183,L1,L2,L1,L2,L3,L3,L1,L1,L2,C3_1,D3_3,F3_3,,,N3_2,L_1,M_2
109184,L1,L2,L1,L2,L3,L3,L1,L1,L2,C3_1,D3_3,F3_3,,,N3_2,L_2,M_1
109185,L1,L2,L1,L2,L3,L3,L1,L1,L2,C3_1,D3_3,F3_3,,,N3_2,L_2,M_2
109186,L1,L2,L1,L2,L3,L3,L1,L1,L2,C3_1,D3_3,F3_3,,,N3_2,L_3,M_1
109187,L1,L2,L1,L2,L3,L3,L1,L1,L2,C3_1,D3_3,F3_3,,,N3_2,L_3,M_2
109188,L1,L2,L1,L2,L3,L3,L1,L1,L2,C3_2,D3_1,F3_1,,,N3_1,L_1,M_1
109189,L1,L2,L1,L2,L3,L3,L1,L1,L2,C3_2,D3_1,F3_1,,,N3_1,L_1,M_2
109190,L1,L2,L1,L2,L3,L3,L1,L1,L2,C3_2,D3_1,F3_1,,,N3_1,L_2,M_1
109191,L1,L2,L1,L2,L3,L3,L1,L1,L2,C3_2,D3_1,F3_1,,,N3_1,L_2,M_2
109192,L1,L2,L1,L2,L3,L3,L1,L1,L2,C3_2,D3_1,F3_1,,,N3_1,L_3,M_1
109193,L1,L2,L1,L2,L3,L3,L1,L1,L2,C3_2,D3_1,F3_1,,,N3_1,L_3,M_2
109194,L1,L2,L1,L2,L3,L3,L1,L1,L2,C3_2,D3_1,F3_1,,,N3_2,L_1,M_1
109195,L1,L2,L1,L2,L3,L3,L1,L1,L2,C3_2,D3_1,F3_1,,,N3_2,L_1,M_2
109196,L1,L2,L1,L2,L3,L3,L1,L1,L2,C3_2,D3_1,F3_1,,,N3_2,L_2,M_1
109197,L1,L2,L1,L2,L3,L3,L1,L1,L2,C3_2,D3_1,F3_1,,,N3_2,L_2,M_2
109198,L1,L2,L1,L2,L3,L3,L1,L1,L2,C3_2,D3_1,F3_1,,,N3_2,L_3,M_1
109199,L1,L2,L1,L2,L3,L3,L1,L1,L2,C3_2,D3_1,F3_1,,,N3_2,L_3,M_2
109200,L1,L2,L1,L2,L3,L3,L1,L1,L2,C3_2,D3_1,F3_2,,,N3_1,L_1,M_1
109201,L1,L2,L1,L2,L3,L3,L1,L1,L2,C3_2,D3_1,F3_2,,,N3_1,L_1,M_2
109202,L1,L2,L1,L2,L3,L3,L1,L1,L2,C3_2,D3_1,F3_2,,,N3_1,L_2,M_1
109203,L1,L2,L1,L2,L3,L3,L1,L1,L2,C3_2,D3_1,F3_2,,,N3_1,L_2,M_2
109204,L1,L2,L1,L2,L3,L3,L1,L1,L2,C3_2,D3_1,F3_2,,,N3_1,L_3,M_1
109205,L1,L2,L1,L2,L3,L3,L1,L1,L2,C3_2,D3_1,F3_2,,,N3_1,L_3,M_2
109206,L1,L2,L1,L2,L3,L3,L1,L1,L2,C3_2,D3_1,F3_2,,,N3_2,L_1,M_1
109207,L1,L2,L1,L2,L3,L3,L1,L1,L2,C3_2,D3_1,F3_2,,,N3_2,L_1,M_2
109208,L1,L2,L1,L2,L3,L3,L1,L1,L2,C3_2,D3_1,F3_2,,,N3_2,L_2,M_1
109209,L1,L2,L1,L2,L3,L3,L1,L1,L2,C3_2,D3_1,F3_2,,,N3_2,L_2,M_2
109210,L1,L2,L1,L2,L3,L3,L1,L1,L2,C3_2,D3_1,F3_2,,,N3_2,L_3,M_1
109211,L1,L2,L1,L2,L3,L3,L1,L1,L2,C3_2,D3_1,F3_2,,,N3_2,L_3,M_2
109212,L1,L2,L1,L2,L3,L3,L1,L1,L2,C3_2,D3_1,F3_3,,,N3_1,L_1,M_1
109213,L1,L2,L1,L2,L3,L3,L1,L1,L2,C3_2,D3_1,F3_3,,,N3_1,L_1,M_2
109214,L1,L2,L1,L2,L3,L3,L1,L1,L2,C3_2,D3_1,F3_3,,,N3_1,L_2,M_1
109215,L1,L2,L1,L2,L3,L3,L1,L1,L2,C3_2,D3_1,F3_3,,,N3_1,L_2,M_2
109216,L1,L2,L1,L2,L3,L3,L1,L1,L2,C3_2,D3_1,F3_3,,,N3_1,L_3,M_1
109217,L1,L2,L1,L2,L3,L3,L1,L1,L2,C3_2,D3_1,F3_3,,,N3_1,L_3,M_2
109218,L1,L2,L1,L2,L3,L3,L1,L1,L2,C3_2,D3_1,F3_3,,,N3_2,L_1,M_1
109219,L1,L2,L1,L2,L3,L3,L1,L1,L2,C3_2,D3_1,F3_3,,,N3_2,L_1,M_2
109220,L1,L2,L1,L2,L3,L3,L1,L1,L2,C3_2,D3_1,F3_3,,,N3_2,L_2,M_1
109221,L1,L2,L1,L2,L3,L3,L1,L1,L2,C3_2,D3_1,F3_3,,,N3_2,L_2,M_2
109222,L1,L2,L1,L2,L3,L3,L1,L1,L2,C3_2,D3_1,F3_3,,,N3_2,L_3,M_1
109223,L1,L2,L1,L2,L3,L3,L1,L1,L2,C3_2,D3_1,F3_3,,,N3_2,L_3,M_2
109224,L1,L2,L1,L2,L3,L3,L1,L1,L2,C3_2,D3_2,F3_1,,,N3_1,L_1,M_1
109225,L1,L2,L1,L2,L3,L3,L1,L1,L2,C3_2,D3_2,F3_1,,,N3_1,L_1,M_2
109226,L1,L2,L1,L2,L3,L3,L1,L1,L2,C3_2,D3_2,F3_1,,,N3_1,L_2,M_1
109227,L1,L2,L1,L2,L3,L3,L1,L1,L2,C3_2,D3_2,F3_1,,,N3_1,L_2,M_2
109228,L1,L2,L1,L2,L3,L3,L1,L1,L2,C3_2,D3_2,F3_1,,,N3_1,L_3,M_1
109229,L1,L2,L1,L2,L3,L3,L1,L1,L2,C3_2,D3_2,F3_1,,,N3_1,L_3,M_2
109230,L1,L2,L1,L2,L3,L3,L1,L1,L2,C3_2,D3_2,F3_1,,,N3_2,L_1,M_1
109231,L1,L2,L1,L2,L3,L3,L1,L1,L2,C3_2,D3_2,F3_1,,,N3_2,L_1,M_2
109232,L1,L2,L1,L2,L3,L3,L1,L1,L2,C3_2,D3_2,F3_1,,,N3_2,L_2,M_1
109233,L1,L2,L1,L2,L3,L3,L1,L1,L2,C3_2,D3_2,F3_1,,,N3_2,L_2,M_2
109234,L1,L2,L1,L2,L3,L3,L1,L1,L2,C3_2,D3_2,F3_1,,,N3_2,L_3,M_1
109235,L1,L2,L1,L2,L3,L3,L1,L1,L2,C3_2,D3_2,F3_1,,,N3_2,L_3,M_2
109236,L1,L2,L1,L2,L3,L3,L1,L1,L2,C3_2,D3_2,F3_2,,,N3_1,L_1,M_1
109237,L1,L2,L1,L2,L3,L3,L1,L1,L2,C3_2,D3_2,F3_2,,,N3_1,L_1,M_2
109238,L1,L2,L1,L2,L3,L3,L1,L1,L2,C3_2,D3_2,F3_2,,,N3_1,L_2,M_1
109239,L1,L2,L1,L2,L3,L3,L1,L1,L2,C3_2,D3_2,F3_2,,,N3_1,L_2,M_2
109240,L1,L2,L1,L2,L3,L3,L1,L1,L2,C3_2,D3_2,F3_2,,,N3_1,L_3,M_1
109241,L1,L2,L1,L2,L3,L3,L1,L1,L2,C3_2,D3_2,F3_2,,,N3_1,L_3,M_2
109242,L1,L2,L1,L2,L3,L3,L1,L1,L2,C3_2,D3_2,F3_2,,,N3_2,L_1,M_1
109243,L1,L2,L1,L2,L3,L3,L1,L1,L2,C3_2,D3_2,F3_2,,,N3_2,L_1,M_2
109244,L1,L2,L1,L2,L3,L3,L1,L1,L2,C3_2,D3_2,F3_2,,,N3_2,L_2,M_1
109245,L1,L2,L1,L2,L3,L3,L1,L1,L2,C3_2,D3_2,F3_2,,,N3_2,L_2,M_2
109246,L1,L2,L1,L2,L3,L3,L1,L1,L2,C3_2,D3_2,F3_2,,,N3_2,L_3,M_1
109247,L1,L2,L1,L2,L3,L3,L1,L1,L2,C3_2,D3_2,F3_2,,,N3_2,L_3,M_2
109248,L1,L2,L1,L2,L3,L3,L1,L1,L2,C3_2,D3_2,F3_3,,,N3_1,L_1,M_1
109249,L1,L2,L1,L2,L3,L3,L1,L1,L2,C3_2,D3_2,F3_3,,,N3_1,L_1,M_2
109250,L1,L2,L1,L2,L3,L3,L1,L1,L2,C3_2,D3_2,F3_3,,,N3_1,L_2,M_1
109251,L1,L2,L1,L2,L3,L3,L1,L1,L2,C3_2,D3_2,F3_3,,,N3_1,L_2,M_2
109252,L1,L2,L1,L2,L3,L3,L1,L1,L2,C3_2,D3_2,F3_3,,,N3_1,L_3,M_1
109253,L1,L2,L1,L2,L3,L3,L1,L1,L2,C3_2,D3_2,F3_3,,,N3_1,L_3,M_2
109254,L1,L2,L1,L2,L3,L3,L1,L1,L2,C3_2,D3_2,F3_3,,,N3_2,L_1,M_1
109255,L1,L2,L1,L2,L3,L3,L1,L1,L2,C3_2,D3_2,F3_3,,,N3_2,L_1,M_2
109256,L1,L2,L1,L2,L3,L3,L1,L1,L2,C3_2,D3_2,F3_3,,,N3_2,L_2,M_1
109257,L1,L2,L1,L2,L3,L3,L1,L1,L2,C3_2,D3_2,F3_3,,,N3_2,L_2,M_2
109258,L1,L2,L1,L2,L3,L3,L1,L1,L2,C3_2,D3_2,F3_3,,,N3_2,L_3,M_1
109259,L1,L2,L1,L2,L3,L3,L1,L1,L2,C3_2,D3_2,F3_3,,,N3_2,L_3,M_2
109260,L1,L2,L1,L2,L3,L3,L1,L1,L2,C3_2,D3_3,F3_1,,,N3_1,L_1,M_1
109261,L1,L2,L1,L2,L3,L3,L1,L1,L2,C3_2,D3_3,F3_1,,,N3_1,L_1,M_2
109262,L1,L2,L1,L2,L3,L3,L1,L1,L2,C3_2,D3_3,F3_1,,,N3_1,L_2,M_1
109263,L1,L2,L1,L2,L3,L3,L1,L1,L2,C3_2,D3_3,F3_1,,,N3_1,L_2,M_2
109264,L1,L2,L1,L2,L3,L3,L1,L1,L2,C3_2,D3_3,F3_1,,,N3_1,L_3,M_1
109265,L1,L2,L1,L2,L3,L3,L1,L1,L2,C3_2,D3_3,F3_1,,,N3_1,L_3,M_2
109266,L1,L2,L1,L2,L3,L3,L1,L1,L2,C3_2,D3_3,F3_1,,,N3_2,L_1,M_1
109267,L1,L2,L1,L2,L3,L3,L1,L1,L2,C3_2,D3_3,F3_1,,,N3_2,L_1,M_2
109268,L1,L2,L1,L2,L3,L3,L1,L1,L2,C3_2,D3_3,F3_1,,,N3_2,L_2,M_1
109269,L1,L2,L1,L2,L3,L3,L1,L1,L2,C3_2,D3_3,F3_1,,,N3_2,L_2,M_2
109270,L1,L2,L1,L2,L3,L3,L1,L1,L2,C3_2,D3_3,F3_1,,,N3_2,L_3,M_1
109271,L1,L2,L1,L2,L3,L3,L1,L1,L2,C3_2,D3_3,F3_1,,,N3_2,L_3,M_2
109272,L1,L2,L1,L2,L3,L3,L1,L1,L2,C3_2,D3_3,F3_2,,,N3_1,L_1,M_1
109273,L1,L2,L1,L2,L3,L3,L1,L1,L2,C3_2,D3_3,F3_2,,,N3_1,L_1,M_2
109274,L1,L2,L1,L2,L3,L3,L1,L1,L2,C3_2,D3_3,F3_2,,,N3_1,L_2,M_1
109275,L1,L2,L1,L2,L3,L3,L1,L1,L2,C3_2,D3_3,F3_2,,,N3_1,L_2,M_2
109276,L1,L2,L1,L2,L3,L3,L1,L1,L2,C3_2,D3_3,F3_2,,,N3_1,L_3,M_1
109277,L1,L2,L1,L2,L3,L3,L1,L1,L2,C3_2,D3_3,F3_2,,,N3_1,L_3,M_2
109278,L1,L2,L1,L2,L3,L3,L1,L1,L2,C3_2,D3_3,F3_2,,,N3_2,L_1,M_1
109279,L1,L2,L1,L2,L3,L3,L1,L1,L2,C3_2,D3_3,F3_2,,,N3_2,L_1,M_2
109280,L1,L2,L1,L2,L3,L3,L1,L1,L2,C3_2,D3_3,F3_2,,,N3_2,L_2,M_1
109281,L1,L2,L1,L2,L3,L3,L1,L1,L2,C3_2,D3_3,F3_2,,,N3_2,L_2,M_2
109282,L1,L2,L1,L2,L3,L3,L1,L1,L2,C3_2,D3_3,F3_2,,,N3_2,L_3,M_1
109283,L1,L2,L1,L2,L3,L3,L1,L1,L2,C3_2,D3_3,F3_2,,,N3_2,L_3,M_2
109284,L1,L2,L1,L2,L3,L3,L1,L1,L2,C3_2,D3_3,F3_3,,,N3_1,L_1,M_1
109285,L1,L2,L1,L2,L3,L3,L1,L1,L2,C3_2,D3_3,F3_3,,,N3_1,L_1,M_2
109286,L1,L2,L1,L2,L3,L3,L1,L1,L2,C3_2,D3_3,F3_3,,,N3_1,L_2,M_1
109287,L1,L2,L1,L2,L3,L3,L1,L1,L2,C3_2,D3_3,F3_3,,,N3_1,L_2,M_2
109288,L1,L2,L1,L2,L3,L3,L1,L1,L2,C3_2,D3_3,F3_3,,,N3_1,L_3,M_1
109289,L1,L2,L1,L2,L3,L3,L1,L1,L2,C3_2,D3_3,F3_3,,,N3_1,L_3,M_2
109290,L1,L2,L1,L2,L3,L3,L1,L1,L2,C3_2,D3_3,F3_3,,,N3_2,L_1,M_1
109291,L1,L2,L1,L2,L3,L3,L1,L1,L2,C3_2,D3_3,F3_3,,,N3_2,L_1,M_2
109292,L1,L2,L1,L2,L3,L3,L1,L1,L2,C3_2,D3_3,F3_3,,,N3_2,L_2,M_1
109293,L1,L2,L1,L2,L3,L3,L1,L1,L2,C3_2,D3_3,F3_3,,,N3_2,L_2,M_2
109294,L1,L2,L1,L2,L3,L3,L1,L1,L2,C3_2,D3_3,F3_3,,,N3_2,L_3,M_1
109295,L1,L2,L1,L2,L3,L3,L1,L1,L2,C3_2,D3_3,F3_3,,,N3_2,L_3,M_2
109296,L1,L2,L1,L2,L3,L3,L1,L1,L2,C3_3,D3_1,F3_1,,,N3_1,L_1,M_1
109297,L1,L2,L1,L2,L3,L3,L1,L1,L2,C3_3,D3_1,F3_1,,,N3_1,L_1,M_2
109298,L1,L2,L1,L2,L3,L3,L1,L1,L2,C3_3,D3_1,F3_1,,,N3_1,L_2,M_1
109299,L1,L2,L1,L2,L3,L3,L1,L1,L2,C3_3,D3_1,F3_1,,,N3_1,L_2,M_2
109300,L1,L2,L1,L2,L3,L3,L1,L1,L2,C3_3,D3_1,F3_1,,,N3_1,L_3,M_1
109301,L1,L2,L1,L2,L3,L3,L1,L1,L2,C3_3,D3_1,F3_1,,,N3_1,L_3,M_2
109302,L1,L2,L1,L2,L3,L3,L1,L1,L2,C3_3,D3_1,F3_1,,,N3_2,L_1,M_1
109303,L1,L2,L1,L2,L3,L3,L1,L1,L2,C3_3,D3_1,F3_1,,,N3_2,L_1,M_2
109304,L1,L2,L1,L2,L3,L3,L1,L1,L2,C3_3,D3_1,F3_1,,,N3_2,L_2,M_1
109305,L1,L2,L1,L2,L3,L3,L1,L1,L2,C3_3,D3_1,F3_1,,,N3_2,L_2,M_2
109306,L1,L2,L1,L2,L3,L3,L1,L1,L2,C3_3,D3_1,F3_1,,,N3_2,L_3,M_1
109307,L1,L2,L1,L2,L3,L3,L1,L1,L2,C3_3,D3_1,F3_1,,,N3_2,L_3,M_2
109308,L1,L2,L1,L2,L3,L3,L1,L1,L2,C3_3,D3_1,F3_2,,,N3_1,L_1,M_1
109309,L1,L2,L1,L2,L3,L3,L1,L1,L2,C3_3,D3_1,F3_2,,,N3_1,L_1,M_2
109310,L1,L2,L1,L2,L3,L3,L1,L1,L2,C3_3,D3_1,F3_2,,,N3_1,L_2,M_1
109311,L1,L2,L1,L2,L3,L3,L1,L1,L2,C3_3,D3_1,F3_2,,,N3_1,L_2,M_2
109312,L1,L2,L1,L2,L3,L3,L1,L1,L2,C3_3,D3_1,F3_2,,,N3_1,L_3,M_1
109313,L1,L2,L1,L2,L3,L3,L1,L1,L2,C3_3,D3_1,F3_2,,,N3_1,L_3,M_2
109314,L1,L2,L1,L2,L3,L3,L1,L1,L2,C3_3,D3_1,F3_2,,,N3_2,L_1,M_1
109315,L1,L2,L1,L2,L3,L3,L1,L1,L2,C3_3,D3_1,F3_2,,,N3_2,L_1,M_2
109316,L1,L2,L1,L2,L3,L3,L1,L1,L2,C3_3,D3_1,F3_2,,,N3_2,L_2,M_1
109317,L1,L2,L1,L2,L3,L3,L1,L1,L2,C3_3,D3_1,F3_2,,,N3_2,L_2,M_2
109318,L1,L2,L1,L2,L3,L3,L1,L1,L2,C3_3,D3_1,F3_2,,,N3_2,L_3,M_1
109319,L1,L2,L1,L2,L3,L3,L1,L1,L2,C3_3,D3_1,F3_2,,,N3_2,L_3,M_2
109320,L1,L2,L1,L2,L3,L3,L1,L1,L2,C3_3,D3_1,F3_3,,,N3_1,L_1,M_1
109321,L1,L2,L1,L2,L3,L3,L1,L1,L2,C3_3,D3_1,F3_3,,,N3_1,L_1,M_2
109322,L1,L2,L1,L2,L3,L3,L1,L1,L2,C3_3,D3_1,F3_3,,,N3_1,L_2,M_1
109323,L1,L2,L1,L2,L3,L3,L1,L1,L2,C3_3,D3_1,F3_3,,,N3_1,L_2,M_2
109324,L1,L2,L1,L2,L3,L3,L1,L1,L2,C3_3,D3_1,F3_3,,,N3_1,L_3,M_1
109325,L1,L2,L1,L2,L3,L3,L1,L1,L2,C3_3,D3_1,F3_3,,,N3_1,L_3,M_2
109326,L1,L2,L1,L2,L3,L3,L1,L1,L2,C3_3,D3_1,F3_3,,,N3_2,L_1,M_1
109327,L1,L2,L1,L2,L3,L3,L1,L1,L2,C3_3,D3_1,F3_3,,,N3_2,L_1,M_2
109328,L1,L2,L1,L2,L3,L3,L1,L1,L2,C3_3,D3_1,F3_3,,,N3_2,L_2,M_1
109329,L1,L2,L1,L2,L3,L3,L1,L1,L2,C3_3,D3_1,F3_3,,,N3_2,L_2,M_2
109330,L1,L2,L1,L2,L3,L3,L1,L1,L2,C3_3,D3_1,F3_3,,,N3_2,L_3,M_1
109331,L1,L2,L1,L2,L3,L3,L1,L1,L2,C3_3,D3_1,F3_3,,,N3_2,L_3,M_2
109332,L1,L2,L1,L2,L3,L3,L1,L1,L2,C3_3,D3_2,F3_1,,,N3_1,L_1,M_1
109333,L1,L2,L1,L2,L3,L3,L1,L1,L2,C3_3,D3_2,F3_1,,,N3_1,L_1,M_2
109334,L1,L2,L1,L2,L3,L3,L1,L1,L2,C3_3,D3_2,F3_1,,,N3_1,L_2,M_1
109335,L1,L2,L1,L2,L3,L3,L1,L1,L2,C3_3,D3_2,F3_1,,,N3_1,L_2,M_2
109336,L1,L2,L1,L2,L3,L3,L1,L1,L2,C3_3,D3_2,F3_1,,,N3_1,L_3,M_1
109337,L1,L2,L1,L2,L3,L3,L1,L1,L2,C3_3,D3_2,F3_1,,,N3_1,L_3,M_2
109338,L1,L2,L1,L2,L3,L3,L1,L1,L2,C3_3,D3_2,F3_1,,,N3_2,L_1,M_1
109339,L1,L2,L1,L2,L3,L3,L1,L1,L2,C3_3,D3_2,F3_1,,,N3_2,L_1,M_2
109340,L1,L2,L1,L2,L3,L3,L1,L1,L2,C3_3,D3_2,F3_1,,,N3_2,L_2,M_1
109341,L1,L2,L1,L2,L3,L3,L1,L1,L2,C3_3,D3_2,F3_1,,,N3_2,L_2,M_2
109342,L1,L2,L1,L2,L3,L3,L1,L1,L2,C3_3,D3_2,F3_1,,,N3_2,L_3,M_1
109343,L1,L2,L1,L2,L3,L3,L1,L1,L2,C3_3,D3_2,F3_1,,,N3_2,L_3,M_2
109344,L1,L2,L1,L2,L3,L3,L1,L1,L2,C3_3,D3_2,F3_2,,,N3_1,L_1,M_1
109345,L1,L2,L1,L2,L3,L3,L1,L1,L2,C3_3,D3_2,F3_2,,,N3_1,L_1,M_2
109346,L1,L2,L1,L2,L3,L3,L1,L1,L2,C3_3,D3_2,F3_2,,,N3_1,L_2,M_1
109347,L1,L2,L1,L2,L3,L3,L1,L1,L2,C3_3,D3_2,F3_2,,,N3_1,L_2,M_2
109348,L1,L2,L1,L2,L3,L3,L1,L1,L2,C3_3,D3_2,F3_2,,,N3_1,L_3,M_1
109349,L1,L2,L1,L2,L3,L3,L1,L1,L2,C3_3,D3_2,F3_2,,,N3_1,L_3,M_2
109350,L1,L2,L1,L2,L3,L3,L1,L1,L2,C3_3,D3_2,F3_2,,,N3_2,L_1,M_1
109351,L1,L2,L1,L2,L3,L3,L1,L1,L2,C3_3,D3_2,F3_2,,,N3_2,L_1,M_2
109352,L1,L2,L1,L2,L3,L3,L1,L1,L2,C3_3,D3_2,F3_2,,,N3_2,L_2,M_1
109353,L1,L2,L1,L2,L3,L3,L1,L1,L2,C3_3,D3_2,F3_2,,,N3_2,L_2,M_2
109354,L1,L2,L1,L2,L3,L3,L1,L1,L2,C3_3,D3_2,F3_2,,,N3_2,L_3,M_1
109355,L1,L2,L1,L2,L3,L3,L1,L1,L2,C3_3,D3_2,F3_2,,,N3_2,L_3,M_2
109356,L1,L2,L1,L2,L3,L3,L1,L1,L2,C3_3,D3_2,F3_3,,,N3_1,L_1,M_1
109357,L1,L2,L1,L2,L3,L3,L1,L1,L2,C3_3,D3_2,F3_3,,,N3_1,L_1,M_2
109358,L1,L2,L1,L2,L3,L3,L1,L1,L2,C3_3,D3_2,F3_3,,,N3_1,L_2,M_1
109359,L1,L2,L1,L2,L3,L3,L1,L1,L2,C3_3,D3_2,F3_3,,,N3_1,L_2,M_2
109360,L1,L2,L1,L2,L3,L3,L1,L1,L2,C3_3,D3_2,F3_3,,,N3_1,L_3,M_1
109361,L1,L2,L1,L2,L3,L3,L1,L1,L2,C3_3,D3_2,F3_3,,,N3_1,L_3,M_2
109362,L1,L2,L1,L2,L3,L3,L1,L1,L2,C3_3,D3_2,F3_3,,,N3_2,L_1,M_1
109363,L1,L2,L1,L2,L3,L3,L1,L1,L2,C3_3,D3_2,F3_3,,,N3_2,L_1,M_2
109364,L1,L2,L1,L2,L3,L3,L1,L1,L2,C3_3,D3_2,F3_3,,,N3_2,L_2,M_1
109365,L1,L2,L1,L2,L3,L3,L1,L1,L2,C3_3,D3_2,F3_3,,,N3_2,L_2,M_2
109366,L1,L2,L1,L2,L3,L3,L1,L1,L2,C3_3,D3_2,F3_3,,,N3_2,L_3,M_1
109367,L1,L2,L1,L2,L3,L3,L1,L1,L2,C3_3,D3_2,F3_3,,,N3_2,L_3,M_2
109368,L1,L2,L1,L2,L3,L3,L1,L1,L2,C3_3,D3_3,F3_1,,,N3_1,L_1,M_1
109369,L1,L2,L1,L2,L3,L3,L1,L1,L2,C3_3,D3_3,F3_1,,,N3_1,L_1,M_2
109370,L1,L2,L1,L2,L3,L3,L1,L1,L2,C3_3,D3_3,F3_1,,,N3_1,L_2,M_1
109371,L1,L2,L1,L2,L3,L3,L1,L1,L2,C3_3,D3_3,F3_1,,,N3_1,L_2,M_2
109372,L1,L2,L1,L2,L3,L3,L1,L1,L2,C3_3,D3_3,F3_1,,,N3_1,L_3,M_1
109373,L1,L2,L1,L2,L3,L3,L1,L1,L2,C3_3,D3_3,F3_1,,,N3_1,L_3,M_2
109374,L1,L2,L1,L2,L3,L3,L1,L1,L2,C3_3,D3_3,F3_1,,,N3_2,L_1,M_1
109375,L1,L2,L1,L2,L3,L3,L1,L1,L2,C3_3,D3_3,F3_1,,,N3_2,L_1,M_2
109376,L1,L2,L1,L2,L3,L3,L1,L1,L2,C3_3,D3_3,F3_1,,,N3_2,L_2,M_1
109377,L1,L2,L1,L2,L3,L3,L1,L1,L2,C3_3,D3_3,F3_1,,,N3_2,L_2,M_2
109378,L1,L2,L1,L2,L3,L3,L1,L1,L2,C3_3,D3_3,F3_1,,,N3_2,L_3,M_1
109379,L1,L2,L1,L2,L3,L3,L1,L1,L2,C3_3,D3_3,F3_1,,,N3_2,L_3,M_2
109380,L1,L2,L1,L2,L3,L3,L1,L1,L2,C3_3,D3_3,F3_2,,,N3_1,L_1,M_1
109381,L1,L2,L1,L2,L3,L3,L1,L1,L2,C3_3,D3_3,F3_2,,,N3_1,L_1,M_2
109382,L1,L2,L1,L2,L3,L3,L1,L1,L2,C3_3,D3_3,F3_2,,,N3_1,L_2,M_1
109383,L1,L2,L1,L2,L3,L3,L1,L1,L2,C3_3,D3_3,F3_2,,,N3_1,L_2,M_2
109384,L1,L2,L1,L2,L3,L3,L1,L1,L2,C3_3,D3_3,F3_2,,,N3_1,L_3,M_1
109385,L1,L2,L1,L2,L3,L3,L1,L1,L2,C3_3,D3_3,F3_2,,,N3_1,L_3,M_2
109386,L1,L2,L1,L2,L3,L3,L1,L1,L2,C3_3,D3_3,F3_2,,,N3_2,L_1,M_1
109387,L1,L2,L1,L2,L3,L3,L1,L1,L2,C3_3,D3_3,F3_2,,,N3_2,L_1,M_2
109388,L1,L2,L1,L2,L3,L3,L1,L1,L2,C3_3,D3_3,F3_2,,,N3_2,L_2,M_1
109389,L1,L2,L1,L2,L3,L3,L1,L1,L2,C3_3,D3_3,F3_2,,,N3_2,L_2,M_2
109390,L1,L2,L1,L2,L3,L3,L1,L1,L2,C3_3,D3_3,F3_2,,,N3_2,L_3,M_1
109391,L1,L2,L1,L2,L3,L3,L1,L1,L2,C3_3,D3_3,F3_2,,,N3_2,L_3,M_2
109392,L1,L2,L1,L2,L3,L3,L1,L1,L2,C3_3,D3_3,F3_3,,,N3_1,L_1,M_1
109393,L1,L2,L1,L2,L3,L3,L1,L1,L2,C3_3,D3_3,F3_3,,,N3_1,L_1,M_2
109394,L1,L2,L1,L2,L3,L3,L1,L1,L2,C3_3,D3_3,F3_3,,,N3_1,L_2,M_1
109395,L1,L2,L1,L2,L3,L3,L1,L1,L2,C3_3,D3_3,F3_3,,,N3_1,L_2,M_2
109396,L1,L2,L1,L2,L3,L3,L1,L1,L2,C3_3,D3_3,F3_3,,,N3_1,L_3,M_1
109397,L1,L2,L1,L2,L3,L3,L1,L1,L2,C3_3,D3_3,F3_3,,,N3_1,L_3,M_2
109398,L1,L2,L1,L2,L3,L3,L1,L1,L2,C3_3,D3_3,F3_3,,,N3_2,L_1,M_1
109399,L1,L2,L1,L2,L3,L3,L1,L1,L2,C3_3,D3_3,F3_3,,,N3_2,L_1,M_2
109400,L1,L2,L1,L2,L3,L3,L1,L1,L2,C3_3,D3_3,F3_3,,,N3_2,L_2,M_1
109401,L1,L2,L1,L2,L3,L3,L1,L1,L2,C3_3,D3_3,F3_3,,,N3_2,L_2,M_2
109402,L1,L2,L1,L2,L3,L3,L1,L1,L2,C3_3,D3_3,F3_3,,,N3_2,L_3,M_1
109403,L1,L2,L1,L2,L3,L3,L1,L1,L2,C3_3,D3_3,F3_3,,,N3_2,L_3,M_2
109404,L1,L1,L1,L3,L1,L3,L1,L1,L2,C3_1,D3_1,F3_1,,,N3_1,L_1,M_1
109405,L1,L1,L1,L3,L1,L3,L1,L1,L2,C3_1,D3_1,F3_1,,,N3_1,L_1,M_2
109406,L1,L1,L1,L3,L1,L3,L1,L1,L2,C3_1,D3_1,F3_1,,,N3_1,L_2,M_1
109407,L1,L1,L1,L3,L1,L3,L1,L1,L2,C3_1,D3_1,F3_1,,,N3_1,L_2,M_2
109408,L1,L1,L1,L3,L1,L3,L1,L1,L2,C3_1,D3_1,F3_1,,,N3_1,L_3,M_1
109409,L1,L1,L1,L3,L1,L3,L1,L1,L2,C3_1,D3_1,F3_1,,,N3_1,L_3,M_2
109410,L1,L1,L1,L3,L1,L3,L1,L1,L2,C3_1,D3_1,F3_1,,,N3_2,L_1,M_1
109411,L1,L1,L1,L3,L1,L3,L1,L1,L2,C3_1,D3_1,F3_1,,,N3_2,L_1,M_2
109412,L1,L1,L1,L3,L1,L3,L1,L1,L2,C3_1,D3_1,F3_1,,,N3_2,L_2,M_1
109413,L1,L1,L1,L3,L1,L3,L1,L1,L2,C3_1,D3_1,F3_1,,,N3_2,L_2,M_2
109414,L1,L1,L1,L3,L1,L3,L1,L1,L2,C3_1,D3_1,F3_1,,,N3_2,L_3,M_1
109415,L1,L1,L1,L3,L1,L3,L1,L1,L2,C3_1,D3_1,F3_1,,,N3_2,L_3,M_2
109416,L1,L1,L1,L3,L1,L3,L1,L1,L2,C3_1,D3_1,F3_2,,,N3_1,L_1,M_1
109417,L1,L1,L1,L3,L1,L3,L1,L1,L2,C3_1,D3_1,F3_2,,,N3_1,L_1,M_2
109418,L1,L1,L1,L3,L1,L3,L1,L1,L2,C3_1,D3_1,F3_2,,,N3_1,L_2,M_1
109419,L1,L1,L1,L3,L1,L3,L1,L1,L2,C3_1,D3_1,F3_2,,,N3_1,L_2,M_2
109420,L1,L1,L1,L3,L1,L3,L1,L1,L2,C3_1,D3_1,F3_2,,,N3_1,L_3,M_1
109421,L1,L1,L1,L3,L1,L3,L1,L1,L2,C3_1,D3_1,F3_2,,,N3_1,L_3,M_2
109422,L1,L1,L1,L3,L1,L3,L1,L1,L2,C3_1,D3_1,F3_2,,,N3_2,L_1,M_1
109423,L1,L1,L1,L3,L1,L3,L1,L1,L2,C3_1,D3_1,F3_2,,,N3_2,L_1,M_2
109424,L1,L1,L1,L3,L1,L3,L1,L1,L2,C3_1,D3_1,F3_2,,,N3_2,L_2,M_1
109425,L1,L1,L1,L3,L1,L3,L1,L1,L2,C3_1,D3_1,F3_2,,,N3_2,L_2,M_2
109426,L1,L1,L1,L3,L1,L3,L1,L1,L2,C3_1,D3_1,F3_2,,,N3_2,L_3,M_1
109427,L1,L1,L1,L3,L1,L3,L1,L1,L2,C3_1,D3_1,F3_2,,,N3_2,L_3,M_2
109428,L1,L1,L1,L3,L1,L3,L1,L1,L2,C3_1,D3_1,F3_3,,,N3_1,L_1,M_1
109429,L1,L1,L1,L3,L1,L3,L1,L1,L2,C3_1,D3_1,F3_3,,,N3_1,L_1,M_2
109430,L1,L1,L1,L3,L1,L3,L1,L1,L2,C3_1,D3_1,F3_3,,,N3_1,L_2,M_1
109431,L1,L1,L1,L3,L1,L3,L1,L1,L2,C3_1,D3_1,F3_3,,,N3_1,L_2,M_2
109432,L1,L1,L1,L3,L1,L3,L1,L1,L2,C3_1,D3_1,F3_3,,,N3_1,L_3,M_1
109433,L1,L1,L1,L3,L1,L3,L1,L1,L2,C3_1,D3_1,F3_3,,,N3_1,L_3,M_2
109434,L1,L1,L1,L3,L1,L3,L1,L1,L2,C3_1,D3_1,F3_3,,,N3_2,L_1,M_1
109435,L1,L1,L1,L3,L1,L3,L1,L1,L2,C3_1,D3_1,F3_3,,,N3_2,L_1,M_2
109436,L1,L1,L1,L3,L1,L3,L1,L1,L2,C3_1,D3_1,F3_3,,,N3_2,L_2,M_1
109437,L1,L1,L1,L3,L1,L3,L1,L1,L2,C3_1,D3_1,F3_3,,,N3_2,L_2,M_2
109438,L1,L1,L1,L3,L1,L3,L1,L1,L2,C3_1,D3_1,F3_3,,,N3_2,L_3,M_1
109439,L1,L1,L1,L3,L1,L3,L1,L1,L2,C3_1,D3_1,F3_3,,,N3_2,L_3,M_2
109440,L1,L1,L1,L3,L1,L3,L1,L1,L2,C3_1,D3_2,F3_1,,,N3_1,L_1,M_1
109441,L1,L1,L1,L3,L1,L3,L1,L1,L2,C3_1,D3_2,F3_1,,,N3_1,L_1,M_2
109442,L1,L1,L1,L3,L1,L3,L1,L1,L2,C3_1,D3_2,F3_1,,,N3_1,L_2,M_1
109443,L1,L1,L1,L3,L1,L3,L1,L1,L2,C3_1,D3_2,F3_1,,,N3_1,L_2,M_2
109444,L1,L1,L1,L3,L1,L3,L1,L1,L2,C3_1,D3_2,F3_1,,,N3_1,L_3,M_1
109445,L1,L1,L1,L3,L1,L3,L1,L1,L2,C3_1,D3_2,F3_1,,,N3_1,L_3,M_2
109446,L1,L1,L1,L3,L1,L3,L1,L1,L2,C3_1,D3_2,F3_1,,,N3_2,L_1,M_1
109447,L1,L1,L1,L3,L1,L3,L1,L1,L2,C3_1,D3_2,F3_1,,,N3_2,L_1,M_2
109448,L1,L1,L1,L3,L1,L3,L1,L1,L2,C3_1,D3_2,F3_1,,,N3_2,L_2,M_1
109449,L1,L1,L1,L3,L1,L3,L1,L1,L2,C3_1,D3_2,F3_1,,,N3_2,L_2,M_2
109450,L1,L1,L1,L3,L1,L3,L1,L1,L2,C3_1,D3_2,F3_1,,,N3_2,L_3,M_1
109451,L1,L1,L1,L3,L1,L3,L1,L1,L2,C3_1,D3_2,F3_1,,,N3_2,L_3,M_2
109452,L1,L1,L1,L3,L1,L3,L1,L1,L2,C3_1,D3_2,F3_2,,,N3_1,L_1,M_1
109453,L1,L1,L1,L3,L1,L3,L1,L1,L2,C3_1,D3_2,F3_2,,,N3_1,L_1,M_2
109454,L1,L1,L1,L3,L1,L3,L1,L1,L2,C3_1,D3_2,F3_2,,,N3_1,L_2,M_1
109455,L1,L1,L1,L3,L1,L3,L1,L1,L2,C3_1,D3_2,F3_2,,,N3_1,L_2,M_2
109456,L1,L1,L1,L3,L1,L3,L1,L1,L2,C3_1,D3_2,F3_2,,,N3_1,L_3,M_1
109457,L1,L1,L1,L3,L1,L3,L1,L1,L2,C3_1,D3_2,F3_2,,,N3_1,L_3,M_2
109458,L1,L1,L1,L3,L1,L3,L1,L1,L2,C3_1,D3_2,F3_2,,,N3_2,L_1,M_1
109459,L1,L1,L1,L3,L1,L3,L1,L1,L2,C3_1,D3_2,F3_2,,,N3_2,L_1,M_2
109460,L1,L1,L1,L3,L1,L3,L1,L1,L2,C3_1,D3_2,F3_2,,,N3_2,L_2,M_1
109461,L1,L1,L1,L3,L1,L3,L1,L1,L2,C3_1,D3_2,F3_2,,,N3_2,L_2,M_2
109462,L1,L1,L1,L3,L1,L3,L1,L1,L2,C3_1,D3_2,F3_2,,,N3_2,L_3,M_1
109463,L1,L1,L1,L3,L1,L3,L1,L1,L2,C3_1,D3_2,F3_2,,,N3_2,L_3,M_2
109464,L1,L1,L1,L3,L1,L3,L1,L1,L2,C3_1,D3_2,F3_3,,,N3_1,L_1,M_1
109465,L1,L1,L1,L3,L1,L3,L1,L1,L2,C3_1,D3_2,F3_3,,,N3_1,L_1,M_2
109466,L1,L1,L1,L3,L1,L3,L1,L1,L2,C3_1,D3_2,F3_3,,,N3_1,L_2,M_1
109467,L1,L1,L1,L3,L1,L3,L1,L1,L2,C3_1,D3_2,F3_3,,,N3_1,L_2,M_2
109468,L1,L1,L1,L3,L1,L3,L1,L1,L2,C3_1,D3_2,F3_3,,,N3_1,L_3,M_1
109469,L1,L1,L1,L3,L1,L3,L1,L1,L2,C3_1,D3_2,F3_3,,,N3_1,L_3,M_2
109470,L1,L1,L1,L3,L1,L3,L1,L1,L2,C3_1,D3_2,F3_3,,,N3_2,L_1,M_1
109471,L1,L1,L1,L3,L1,L3,L1,L1,L2,C3_1,D3_2,F3_3,,,N3_2,L_1,M_2
109472,L1,L1,L1,L3,L1,L3,L1,L1,L2,C3_1,D3_2,F3_3,,,N3_2,L_2,M_1
109473,L1,L1,L1,L3,L1,L3,L1,L1,L2,C3_1,D3_2,F3_3,,,N3_2,L_2,M_2
109474,L1,L1,L1,L3,L1,L3,L1,L1,L2,C3_1,D3_2,F3_3,,,N3_2,L_3,M_1
109475,L1,L1,L1,L3,L1,L3,L1,L1,L2,C3_1,D3_2,F3_3,,,N3_2,L_3,M_2
109476,L1,L1,L1,L3,L1,L3,L1,L1,L2,C3_1,D3_3,F3_1,,,N3_1,L_1,M_1
109477,L1,L1,L1,L3,L1,L3,L1,L1,L2,C3_1,D3_3,F3_1,,,N3_1,L_1,M_2
109478,L1,L1,L1,L3,L1,L3,L1,L1,L2,C3_1,D3_3,F3_1,,,N3_1,L_2,M_1
109479,L1,L1,L1,L3,L1,L3,L1,L1,L2,C3_1,D3_3,F3_1,,,N3_1,L_2,M_2
109480,L1,L1,L1,L3,L1,L3,L1,L1,L2,C3_1,D3_3,F3_1,,,N3_1,L_3,M_1
109481,L1,L1,L1,L3,L1,L3,L1,L1,L2,C3_1,D3_3,F3_1,,,N3_1,L_3,M_2
109482,L1,L1,L1,L3,L1,L3,L1,L1,L2,C3_1,D3_3,F3_1,,,N3_2,L_1,M_1
109483,L1,L1,L1,L3,L1,L3,L1,L1,L2,C3_1,D3_3,F3_1,,,N3_2,L_1,M_2
109484,L1,L1,L1,L3,L1,L3,L1,L1,L2,C3_1,D3_3,F3_1,,,N3_2,L_2,M_1
109485,L1,L1,L1,L3,L1,L3,L1,L1,L2,C3_1,D3_3,F3_1,,,N3_2,L_2,M_2
109486,L1,L1,L1,L3,L1,L3,L1,L1,L2,C3_1,D3_3,F3_1,,,N3_2,L_3,M_1
109487,L1,L1,L1,L3,L1,L3,L1,L1,L2,C3_1,D3_3,F3_1,,,N3_2,L_3,M_2
109488,L1,L1,L1,L3,L1,L3,L1,L1,L2,C3_1,D3_3,F3_2,,,N3_1,L_1,M_1
109489,L1,L1,L1,L3,L1,L3,L1,L1,L2,C3_1,D3_3,F3_2,,,N3_1,L_1,M_2
109490,L1,L1,L1,L3,L1,L3,L1,L1,L2,C3_1,D3_3,F3_2,,,N3_1,L_2,M_1
109491,L1,L1,L1,L3,L1,L3,L1,L1,L2,C3_1,D3_3,F3_2,,,N3_1,L_2,M_2
109492,L1,L1,L1,L3,L1,L3,L1,L1,L2,C3_1,D3_3,F3_2,,,N3_1,L_3,M_1
109493,L1,L1,L1,L3,L1,L3,L1,L1,L2,C3_1,D3_3,F3_2,,,N3_1,L_3,M_2
109494,L1,L1,L1,L3,L1,L3,L1,L1,L2,C3_1,D3_3,F3_2,,,N3_2,L_1,M_1
109495,L1,L1,L1,L3,L1,L3,L1,L1,L2,C3_1,D3_3,F3_2,,,N3_2,L_1,M_2
109496,L1,L1,L1,L3,L1,L3,L1,L1,L2,C3_1,D3_3,F3_2,,,N3_2,L_2,M_1
109497,L1,L1,L1,L3,L1,L3,L1,L1,L2,C3_1,D3_3,F3_2,,,N3_2,L_2,M_2
109498,L1,L1,L1,L3,L1,L3,L1,L1,L2,C3_1,D3_3,F3_2,,,N3_2,L_3,M_1
109499,L1,L1,L1,L3,L1,L3,L1,L1,L2,C3_1,D3_3,F3_2,,,N3_2,L_3,M_2
109500,L1,L1,L1,L3,L1,L3,L1,L1,L2,C3_1,D3_3,F3_3,,,N3_1,L_1,M_1
109501,L1,L1,L1,L3,L1,L3,L1,L1,L2,C3_1,D3_3,F3_3,,,N3_1,L_1,M_2
109502,L1,L1,L1,L3,L1,L3,L1,L1,L2,C3_1,D3_3,F3_3,,,N3_1,L_2,M_1
109503,L1,L1,L1,L3,L1,L3,L1,L1,L2,C3_1,D3_3,F3_3,,,N3_1,L_2,M_2
109504,L1,L1,L1,L3,L1,L3,L1,L1,L2,C3_1,D3_3,F3_3,,,N3_1,L_3,M_1
109505,L1,L1,L1,L3,L1,L3,L1,L1,L2,C3_1,D3_3,F3_3,,,N3_1,L_3,M_2
109506,L1,L1,L1,L3,L1,L3,L1,L1,L2,C3_1,D3_3,F3_3,,,N3_2,L_1,M_1
109507,L1,L1,L1,L3,L1,L3,L1,L1,L2,C3_1,D3_3,F3_3,,,N3_2,L_1,M_2
109508,L1,L1,L1,L3,L1,L3,L1,L1,L2,C3_1,D3_3,F3_3,,,N3_2,L_2,M_1
109509,L1,L1,L1,L3,L1,L3,L1,L1,L2,C3_1,D3_3,F3_3,,,N3_2,L_2,M_2
109510,L1,L1,L1,L3,L1,L3,L1,L1,L2,C3_1,D3_3,F3_3,,,N3_2,L_3,M_1
109511,L1,L1,L1,L3,L1,L3,L1,L1,L2,C3_1,D3_3,F3_3,,,N3_2,L_3,M_2
109512,L1,L1,L1,L3,L1,L3,L1,L1,L2,C3_2,D3_1,F3_1,,,N3_1,L_1,M_1
109513,L1,L1,L1,L3,L1,L3,L1,L1,L2,C3_2,D3_1,F3_1,,,N3_1,L_1,M_2
109514,L1,L1,L1,L3,L1,L3,L1,L1,L2,C3_2,D3_1,F3_1,,,N3_1,L_2,M_1
109515,L1,L1,L1,L3,L1,L3,L1,L1,L2,C3_2,D3_1,F3_1,,,N3_1,L_2,M_2
109516,L1,L1,L1,L3,L1,L3,L1,L1,L2,C3_2,D3_1,F3_1,,,N3_1,L_3,M_1
109517,L1,L1,L1,L3,L1,L3,L1,L1,L2,C3_2,D3_1,F3_1,,,N3_1,L_3,M_2
109518,L1,L1,L1,L3,L1,L3,L1,L1,L2,C3_2,D3_1,F3_1,,,N3_2,L_1,M_1
109519,L1,L1,L1,L3,L1,L3,L1,L1,L2,C3_2,D3_1,F3_1,,,N3_2,L_1,M_2
109520,L1,L1,L1,L3,L1,L3,L1,L1,L2,C3_2,D3_1,F3_1,,,N3_2,L_2,M_1
109521,L1,L1,L1,L3,L1,L3,L1,L1,L2,C3_2,D3_1,F3_1,,,N3_2,L_2,M_2
109522,L1,L1,L1,L3,L1,L3,L1,L1,L2,C3_2,D3_1,F3_1,,,N3_2,L_3,M_1
109523,L1,L1,L1,L3,L1,L3,L1,L1,L2,C3_2,D3_1,F3_1,,,N3_2,L_3,M_2
109524,L1,L1,L1,L3,L1,L3,L1,L1,L2,C3_2,D3_1,F3_2,,,N3_1,L_1,M_1
109525,L1,L1,L1,L3,L1,L3,L1,L1,L2,C3_2,D3_1,F3_2,,,N3_1,L_1,M_2
109526,L1,L1,L1,L3,L1,L3,L1,L1,L2,C3_2,D3_1,F3_2,,,N3_1,L_2,M_1
109527,L1,L1,L1,L3,L1,L3,L1,L1,L2,C3_2,D3_1,F3_2,,,N3_1,L_2,M_2
109528,L1,L1,L1,L3,L1,L3,L1,L1,L2,C3_2,D3_1,F3_2,,,N3_1,L_3,M_1
109529,L1,L1,L1,L3,L1,L3,L1,L1,L2,C3_2,D3_1,F3_2,,,N3_1,L_3,M_2
109530,L1,L1,L1,L3,L1,L3,L1,L1,L2,C3_2,D3_1,F3_2,,,N3_2,L_1,M_1
109531,L1,L1,L1,L3,L1,L3,L1,L1,L2,C3_2,D3_1,F3_2,,,N3_2,L_1,M_2
109532,L1,L1,L1,L3,L1,L3,L1,L1,L2,C3_2,D3_1,F3_2,,,N3_2,L_2,M_1
109533,L1,L1,L1,L3,L1,L3,L1,L1,L2,C3_2,D3_1,F3_2,,,N3_2,L_2,M_2
109534,L1,L1,L1,L3,L1,L3,L1,L1,L2,C3_2,D3_1,F3_2,,,N3_2,L_3,M_1
109535,L1,L1,L1,L3,L1,L3,L1,L1,L2,C3_2,D3_1,F3_2,,,N3_2,L_3,M_2
109536,L1,L1,L1,L3,L1,L3,L1,L1,L2,C3_2,D3_1,F3_3,,,N3_1,L_1,M_1
109537,L1,L1,L1,L3,L1,L3,L1,L1,L2,C3_2,D3_1,F3_3,,,N3_1,L_1,M_2
109538,L1,L1,L1,L3,L1,L3,L1,L1,L2,C3_2,D3_1,F3_3,,,N3_1,L_2,M_1
109539,L1,L1,L1,L3,L1,L3,L1,L1,L2,C3_2,D3_1,F3_3,,,N3_1,L_2,M_2
109540,L1,L1,L1,L3,L1,L3,L1,L1,L2,C3_2,D3_1,F3_3,,,N3_1,L_3,M_1
109541,L1,L1,L1,L3,L1,L3,L1,L1,L2,C3_2,D3_1,F3_3,,,N3_1,L_3,M_2
109542,L1,L1,L1,L3,L1,L3,L1,L1,L2,C3_2,D3_1,F3_3,,,N3_2,L_1,M_1
109543,L1,L1,L1,L3,L1,L3,L1,L1,L2,C3_2,D3_1,F3_3,,,N3_2,L_1,M_2
109544,L1,L1,L1,L3,L1,L3,L1,L1,L2,C3_2,D3_1,F3_3,,,N3_2,L_2,M_1
109545,L1,L1,L1,L3,L1,L3,L1,L1,L2,C3_2,D3_1,F3_3,,,N3_2,L_2,M_2
109546,L1,L1,L1,L3,L1,L3,L1,L1,L2,C3_2,D3_1,F3_3,,,N3_2,L_3,M_1
109547,L1,L1,L1,L3,L1,L3,L1,L1,L2,C3_2,D3_1,F3_3,,,N3_2,L_3,M_2
109548,L1,L1,L1,L3,L1,L3,L1,L1,L2,C3_2,D3_2,F3_1,,,N3_1,L_1,M_1
109549,L1,L1,L1,L3,L1,L3,L1,L1,L2,C3_2,D3_2,F3_1,,,N3_1,L_1,M_2
109550,L1,L1,L1,L3,L1,L3,L1,L1,L2,C3_2,D3_2,F3_1,,,N3_1,L_2,M_1
109551,L1,L1,L1,L3,L1,L3,L1,L1,L2,C3_2,D3_2,F3_1,,,N3_1,L_2,M_2
109552,L1,L1,L1,L3,L1,L3,L1,L1,L2,C3_2,D3_2,F3_1,,,N3_1,L_3,M_1
109553,L1,L1,L1,L3,L1,L3,L1,L1,L2,C3_2,D3_2,F3_1,,,N3_1,L_3,M_2
109554,L1,L1,L1,L3,L1,L3,L1,L1,L2,C3_2,D3_2,F3_1,,,N3_2,L_1,M_1
109555,L1,L1,L1,L3,L1,L3,L1,L1,L2,C3_2,D3_2,F3_1,,,N3_2,L_1,M_2
109556,L1,L1,L1,L3,L1,L3,L1,L1,L2,C3_2,D3_2,F3_1,,,N3_2,L_2,M_1
109557,L1,L1,L1,L3,L1,L3,L1,L1,L2,C3_2,D3_2,F3_1,,,N3_2,L_2,M_2
109558,L1,L1,L1,L3,L1,L3,L1,L1,L2,C3_2,D3_2,F3_1,,,N3_2,L_3,M_1
109559,L1,L1,L1,L3,L1,L3,L1,L1,L2,C3_2,D3_2,F3_1,,,N3_2,L_3,M_2
109560,L1,L1,L1,L3,L1,L3,L1,L1,L2,C3_2,D3_2,F3_2,,,N3_1,L_1,M_1
109561,L1,L1,L1,L3,L1,L3,L1,L1,L2,C3_2,D3_2,F3_2,,,N3_1,L_1,M_2
109562,L1,L1,L1,L3,L1,L3,L1,L1,L2,C3_2,D3_2,F3_2,,,N3_1,L_2,M_1
109563,L1,L1,L1,L3,L1,L3,L1,L1,L2,C3_2,D3_2,F3_2,,,N3_1,L_2,M_2
109564,L1,L1,L1,L3,L1,L3,L1,L1,L2,C3_2,D3_2,F3_2,,,N3_1,L_3,M_1
109565,L1,L1,L1,L3,L1,L3,L1,L1,L2,C3_2,D3_2,F3_2,,,N3_1,L_3,M_2
109566,L1,L1,L1,L3,L1,L3,L1,L1,L2,C3_2,D3_2,F3_2,,,N3_2,L_1,M_1
109567,L1,L1,L1,L3,L1,L3,L1,L1,L2,C3_2,D3_2,F3_2,,,N3_2,L_1,M_2
109568,L1,L1,L1,L3,L1,L3,L1,L1,L2,C3_2,D3_2,F3_2,,,N3_2,L_2,M_1
109569,L1,L1,L1,L3,L1,L3,L1,L1,L2,C3_2,D3_2,F3_2,,,N3_2,L_2,M_2
109570,L1,L1,L1,L3,L1,L3,L1,L1,L2,C3_2,D3_2,F3_2,,,N3_2,L_3,M_1
109571,L1,L1,L1,L3,L1,L3,L1,L1,L2,C3_2,D3_2,F3_2,,,N3_2,L_3,M_2
109572,L1,L1,L1,L3,L1,L3,L1,L1,L2,C3_2,D3_2,F3_3,,,N3_1,L_1,M_1
109573,L1,L1,L1,L3,L1,L3,L1,L1,L2,C3_2,D3_2,F3_3,,,N3_1,L_1,M_2
109574,L1,L1,L1,L3,L1,L3,L1,L1,L2,C3_2,D3_2,F3_3,,,N3_1,L_2,M_1
109575,L1,L1,L1,L3,L1,L3,L1,L1,L2,C3_2,D3_2,F3_3,,,N3_1,L_2,M_2
109576,L1,L1,L1,L3,L1,L3,L1,L1,L2,C3_2,D3_2,F3_3,,,N3_1,L_3,M_1
109577,L1,L1,L1,L3,L1,L3,L1,L1,L2,C3_2,D3_2,F3_3,,,N3_1,L_3,M_2
109578,L1,L1,L1,L3,L1,L3,L1,L1,L2,C3_2,D3_2,F3_3,,,N3_2,L_1,M_1
109579,L1,L1,L1,L3,L1,L3,L1,L1,L2,C3_2,D3_2,F3_3,,,N3_2,L_1,M_2
109580,L1,L1,L1,L3,L1,L3,L1,L1,L2,C3_2,D3_2,F3_3,,,N3_2,L_2,M_1
109581,L1,L1,L1,L3,L1,L3,L1,L1,L2,C3_2,D3_2,F3_3,,,N3_2,L_2,M_2
109582,L1,L1,L1,L3,L1,L3,L1,L1,L2,C3_2,D3_2,F3_3,,,N3_2,L_3,M_1
109583,L1,L1,L1,L3,L1,L3,L1,L1,L2,C3_2,D3_2,F3_3,,,N3_2,L_3,M_2
109584,L1,L1,L1,L3,L1,L3,L1,L1,L2,C3_2,D3_3,F3_1,,,N3_1,L_1,M_1
109585,L1,L1,L1,L3,L1,L3,L1,L1,L2,C3_2,D3_3,F3_1,,,N3_1,L_1,M_2
109586,L1,L1,L1,L3,L1,L3,L1,L1,L2,C3_2,D3_3,F3_1,,,N3_1,L_2,M_1
109587,L1,L1,L1,L3,L1,L3,L1,L1,L2,C3_2,D3_3,F3_1,,,N3_1,L_2,M_2
109588,L1,L1,L1,L3,L1,L3,L1,L1,L2,C3_2,D3_3,F3_1,,,N3_1,L_3,M_1
109589,L1,L1,L1,L3,L1,L3,L1,L1,L2,C3_2,D3_3,F3_1,,,N3_1,L_3,M_2
109590,L1,L1,L1,L3,L1,L3,L1,L1,L2,C3_2,D3_3,F3_1,,,N3_2,L_1,M_1
109591,L1,L1,L1,L3,L1,L3,L1,L1,L2,C3_2,D3_3,F3_1,,,N3_2,L_1,M_2
109592,L1,L1,L1,L3,L1,L3,L1,L1,L2,C3_2,D3_3,F3_1,,,N3_2,L_2,M_1
109593,L1,L1,L1,L3,L1,L3,L1,L1,L2,C3_2,D3_3,F3_1,,,N3_2,L_2,M_2
109594,L1,L1,L1,L3,L1,L3,L1,L1,L2,C3_2,D3_3,F3_1,,,N3_2,L_3,M_1
109595,L1,L1,L1,L3,L1,L3,L1,L1,L2,C3_2,D3_3,F3_1,,,N3_2,L_3,M_2
109596,L1,L1,L1,L3,L1,L3,L1,L1,L2,C3_2,D3_3,F3_2,,,N3_1,L_1,M_1
109597,L1,L1,L1,L3,L1,L3,L1,L1,L2,C3_2,D3_3,F3_2,,,N3_1,L_1,M_2
109598,L1,L1,L1,L3,L1,L3,L1,L1,L2,C3_2,D3_3,F3_2,,,N3_1,L_2,M_1
109599,L1,L1,L1,L3,L1,L3,L1,L1,L2,C3_2,D3_3,F3_2,,,N3_1,L_2,M_2
109600,L1,L1,L1,L3,L1,L3,L1,L1,L2,C3_2,D3_3,F3_2,,,N3_1,L_3,M_1
109601,L1,L1,L1,L3,L1,L3,L1,L1,L2,C3_2,D3_3,F3_2,,,N3_1,L_3,M_2
109602,L1,L1,L1,L3,L1,L3,L1,L1,L2,C3_2,D3_3,F3_2,,,N3_2,L_1,M_1
109603,L1,L1,L1,L3,L1,L3,L1,L1,L2,C3_2,D3_3,F3_2,,,N3_2,L_1,M_2
109604,L1,L1,L1,L3,L1,L3,L1,L1,L2,C3_2,D3_3,F3_2,,,N3_2,L_2,M_1
109605,L1,L1,L1,L3,L1,L3,L1,L1,L2,C3_2,D3_3,F3_2,,,N3_2,L_2,M_2
109606,L1,L1,L1,L3,L1,L3,L1,L1,L2,C3_2,D3_3,F3_2,,,N3_2,L_3,M_1
109607,L1,L1,L1,L3,L1,L3,L1,L1,L2,C3_2,D3_3,F3_2,,,N3_2,L_3,M_2
109608,L1,L1,L1,L3,L1,L3,L1,L1,L2,C3_2,D3_3,F3_3,,,N3_1,L_1,M_1
109609,L1,L1,L1,L3,L1,L3,L1,L1,L2,C3_2,D3_3,F3_3,,,N3_1,L_1,M_2
109610,L1,L1,L1,L3,L1,L3,L1,L1,L2,C3_2,D3_3,F3_3,,,N3_1,L_2,M_1
109611,L1,L1,L1,L3,L1,L3,L1,L1,L2,C3_2,D3_3,F3_3,,,N3_1,L_2,M_2
109612,L1,L1,L1,L3,L1,L3,L1,L1,L2,C3_2,D3_3,F3_3,,,N3_1,L_3,M_1
109613,L1,L1,L1,L3,L1,L3,L1,L1,L2,C3_2,D3_3,F3_3,,,N3_1,L_3,M_2
109614,L1,L1,L1,L3,L1,L3,L1,L1,L2,C3_2,D3_3,F3_3,,,N3_2,L_1,M_1
109615,L1,L1,L1,L3,L1,L3,L1,L1,L2,C3_2,D3_3,F3_3,,,N3_2,L_1,M_2
109616,L1,L1,L1,L3,L1,L3,L1,L1,L2,C3_2,D3_3,F3_3,,,N3_2,L_2,M_1
109617,L1,L1,L1,L3,L1,L3,L1,L1,L2,C3_2,D3_3,F3_3,,,N3_2,L_2,M_2
109618,L1,L1,L1,L3,L1,L3,L1,L1,L2,C3_2,D3_3,F3_3,,,N3_2,L_3,M_1
109619,L1,L1,L1,L3,L1,L3,L1,L1,L2,C3_2,D3_3,F3_3,,,N3_2,L_3,M_2
109620,L1,L1,L1,L3,L1,L3,L1,L1,L2,C3_3,D3_1,F3_1,,,N3_1,L_1,M_1
109621,L1,L1,L1,L3,L1,L3,L1,L1,L2,C3_3,D3_1,F3_1,,,N3_1,L_1,M_2
109622,L1,L1,L1,L3,L1,L3,L1,L1,L2,C3_3,D3_1,F3_1,,,N3_1,L_2,M_1
109623,L1,L1,L1,L3,L1,L3,L1,L1,L2,C3_3,D3_1,F3_1,,,N3_1,L_2,M_2
109624,L1,L1,L1,L3,L1,L3,L1,L1,L2,C3_3,D3_1,F3_1,,,N3_1,L_3,M_1
109625,L1,L1,L1,L3,L1,L3,L1,L1,L2,C3_3,D3_1,F3_1,,,N3_1,L_3,M_2
109626,L1,L1,L1,L3,L1,L3,L1,L1,L2,C3_3,D3_1,F3_1,,,N3_2,L_1,M_1
109627,L1,L1,L1,L3,L1,L3,L1,L1,L2,C3_3,D3_1,F3_1,,,N3_2,L_1,M_2
109628,L1,L1,L1,L3,L1,L3,L1,L1,L2,C3_3,D3_1,F3_1,,,N3_2,L_2,M_1
109629,L1,L1,L1,L3,L1,L3,L1,L1,L2,C3_3,D3_1,F3_1,,,N3_2,L_2,M_2
109630,L1,L1,L1,L3,L1,L3,L1,L1,L2,C3_3,D3_1,F3_1,,,N3_2,L_3,M_1
109631,L1,L1,L1,L3,L1,L3,L1,L1,L2,C3_3,D3_1,F3_1,,,N3_2,L_3,M_2
109632,L1,L1,L1,L3,L1,L3,L1,L1,L2,C3_3,D3_1,F3_2,,,N3_1,L_1,M_1
109633,L1,L1,L1,L3,L1,L3,L1,L1,L2,C3_3,D3_1,F3_2,,,N3_1,L_1,M_2
109634,L1,L1,L1,L3,L1,L3,L1,L1,L2,C3_3,D3_1,F3_2,,,N3_1,L_2,M_1
109635,L1,L1,L1,L3,L1,L3,L1,L1,L2,C3_3,D3_1,F3_2,,,N3_1,L_2,M_2
109636,L1,L1,L1,L3,L1,L3,L1,L1,L2,C3_3,D3_1,F3_2,,,N3_1,L_3,M_1
109637,L1,L1,L1,L3,L1,L3,L1,L1,L2,C3_3,D3_1,F3_2,,,N3_1,L_3,M_2
109638,L1,L1,L1,L3,L1,L3,L1,L1,L2,C3_3,D3_1,F3_2,,,N3_2,L_1,M_1
109639,L1,L1,L1,L3,L1,L3,L1,L1,L2,C3_3,D3_1,F3_2,,,N3_2,L_1,M_2
109640,L1,L1,L1,L3,L1,L3,L1,L1,L2,C3_3,D3_1,F3_2,,,N3_2,L_2,M_1
109641,L1,L1,L1,L3,L1,L3,L1,L1,L2,C3_3,D3_1,F3_2,,,N3_2,L_2,M_2
109642,L1,L1,L1,L3,L1,L3,L1,L1,L2,C3_3,D3_1,F3_2,,,N3_2,L_3,M_1
109643,L1,L1,L1,L3,L1,L3,L1,L1,L2,C3_3,D3_1,F3_2,,,N3_2,L_3,M_2
109644,L1,L1,L1,L3,L1,L3,L1,L1,L2,C3_3,D3_1,F3_3,,,N3_1,L_1,M_1
109645,L1,L1,L1,L3,L1,L3,L1,L1,L2,C3_3,D3_1,F3_3,,,N3_1,L_1,M_2
109646,L1,L1,L1,L3,L1,L3,L1,L1,L2,C3_3,D3_1,F3_3,,,N3_1,L_2,M_1
109647,L1,L1,L1,L3,L1,L3,L1,L1,L2,C3_3,D3_1,F3_3,,,N3_1,L_2,M_2
109648,L1,L1,L1,L3,L1,L3,L1,L1,L2,C3_3,D3_1,F3_3,,,N3_1,L_3,M_1
109649,L1,L1,L1,L3,L1,L3,L1,L1,L2,C3_3,D3_1,F3_3,,,N3_1,L_3,M_2
109650,L1,L1,L1,L3,L1,L3,L1,L1,L2,C3_3,D3_1,F3_3,,,N3_2,L_1,M_1
109651,L1,L1,L1,L3,L1,L3,L1,L1,L2,C3_3,D3_1,F3_3,,,N3_2,L_1,M_2
109652,L1,L1,L1,L3,L1,L3,L1,L1,L2,C3_3,D3_1,F3_3,,,N3_2,L_2,M_1
109653,L1,L1,L1,L3,L1,L3,L1,L1,L2,C3_3,D3_1,F3_3,,,N3_2,L_2,M_2
109654,L1,L1,L1,L3,L1,L3,L1,L1,L2,C3_3,D3_1,F3_3,,,N3_2,L_3,M_1
109655,L1,L1,L1,L3,L1,L3,L1,L1,L2,C3_3,D3_1,F3_3,,,N3_2,L_3,M_2
109656,L1,L1,L1,L3,L1,L3,L1,L1,L2,C3_3,D3_2,F3_1,,,N3_1,L_1,M_1
109657,L1,L1,L1,L3,L1,L3,L1,L1,L2,C3_3,D3_2,F3_1,,,N3_1,L_1,M_2
109658,L1,L1,L1,L3,L1,L3,L1,L1,L2,C3_3,D3_2,F3_1,,,N3_1,L_2,M_1
109659,L1,L1,L1,L3,L1,L3,L1,L1,L2,C3_3,D3_2,F3_1,,,N3_1,L_2,M_2
109660,L1,L1,L1,L3,L1,L3,L1,L1,L2,C3_3,D3_2,F3_1,,,N3_1,L_3,M_1
109661,L1,L1,L1,L3,L1,L3,L1,L1,L2,C3_3,D3_2,F3_1,,,N3_1,L_3,M_2
109662,L1,L1,L1,L3,L1,L3,L1,L1,L2,C3_3,D3_2,F3_1,,,N3_2,L_1,M_1
109663,L1,L1,L1,L3,L1,L3,L1,L1,L2,C3_3,D3_2,F3_1,,,N3_2,L_1,M_2
109664,L1,L1,L1,L3,L1,L3,L1,L1,L2,C3_3,D3_2,F3_1,,,N3_2,L_2,M_1
109665,L1,L1,L1,L3,L1,L3,L1,L1,L2,C3_3,D3_2,F3_1,,,N3_2,L_2,M_2
109666,L1,L1,L1,L3,L1,L3,L1,L1,L2,C3_3,D3_2,F3_1,,,N3_2,L_3,M_1
109667,L1,L1,L1,L3,L1,L3,L1,L1,L2,C3_3,D3_2,F3_1,,,N3_2,L_3,M_2
109668,L1,L1,L1,L3,L1,L3,L1,L1,L2,C3_3,D3_2,F3_2,,,N3_1,L_1,M_1
109669,L1,L1,L1,L3,L1,L3,L1,L1,L2,C3_3,D3_2,F3_2,,,N3_1,L_1,M_2
109670,L1,L1,L1,L3,L1,L3,L1,L1,L2,C3_3,D3_2,F3_2,,,N3_1,L_2,M_1
109671,L1,L1,L1,L3,L1,L3,L1,L1,L2,C3_3,D3_2,F3_2,,,N3_1,L_2,M_2
109672,L1,L1,L1,L3,L1,L3,L1,L1,L2,C3_3,D3_2,F3_2,,,N3_1,L_3,M_1
109673,L1,L1,L1,L3,L1,L3,L1,L1,L2,C3_3,D3_2,F3_2,,,N3_1,L_3,M_2
109674,L1,L1,L1,L3,L1,L3,L1,L1,L2,C3_3,D3_2,F3_2,,,N3_2,L_1,M_1
109675,L1,L1,L1,L3,L1,L3,L1,L1,L2,C3_3,D3_2,F3_2,,,N3_2,L_1,M_2
109676,L1,L1,L1,L3,L1,L3,L1,L1,L2,C3_3,D3_2,F3_2,,,N3_2,L_2,M_1
109677,L1,L1,L1,L3,L1,L3,L1,L1,L2,C3_3,D3_2,F3_2,,,N3_2,L_2,M_2
109678,L1,L1,L1,L3,L1,L3,L1,L1,L2,C3_3,D3_2,F3_2,,,N3_2,L_3,M_1
109679,L1,L1,L1,L3,L1,L3,L1,L1,L2,C3_3,D3_2,F3_2,,,N3_2,L_3,M_2
109680,L1,L1,L1,L3,L1,L3,L1,L1,L2,C3_3,D3_2,F3_3,,,N3_1,L_1,M_1
109681,L1,L1,L1,L3,L1,L3,L1,L1,L2,C3_3,D3_2,F3_3,,,N3_1,L_1,M_2
109682,L1,L1,L1,L3,L1,L3,L1,L1,L2,C3_3,D3_2,F3_3,,,N3_1,L_2,M_1
109683,L1,L1,L1,L3,L1,L3,L1,L1,L2,C3_3,D3_2,F3_3,,,N3_1,L_2,M_2
109684,L1,L1,L1,L3,L1,L3,L1,L1,L2,C3_3,D3_2,F3_3,,,N3_1,L_3,M_1
109685,L1,L1,L1,L3,L1,L3,L1,L1,L2,C3_3,D3_2,F3_3,,,N3_1,L_3,M_2
109686,L1,L1,L1,L3,L1,L3,L1,L1,L2,C3_3,D3_2,F3_3,,,N3_2,L_1,M_1
109687,L1,L1,L1,L3,L1,L3,L1,L1,L2,C3_3,D3_2,F3_3,,,N3_2,L_1,M_2
109688,L1,L1,L1,L3,L1,L3,L1,L1,L2,C3_3,D3_2,F3_3,,,N3_2,L_2,M_1
109689,L1,L1,L1,L3,L1,L3,L1,L1,L2,C3_3,D3_2,F3_3,,,N3_2,L_2,M_2
109690,L1,L1,L1,L3,L1,L3,L1,L1,L2,C3_3,D3_2,F3_3,,,N3_2,L_3,M_1
109691,L1,L1,L1,L3,L1,L3,L1,L1,L2,C3_3,D3_2,F3_3,,,N3_2,L_3,M_2
109692,L1,L1,L1,L3,L1,L3,L1,L1,L2,C3_3,D3_3,F3_1,,,N3_1,L_1,M_1
109693,L1,L1,L1,L3,L1,L3,L1,L1,L2,C3_3,D3_3,F3_1,,,N3_1,L_1,M_2
109694,L1,L1,L1,L3,L1,L3,L1,L1,L2,C3_3,D3_3,F3_1,,,N3_1,L_2,M_1
109695,L1,L1,L1,L3,L1,L3,L1,L1,L2,C3_3,D3_3,F3_1,,,N3_1,L_2,M_2
109696,L1,L1,L1,L3,L1,L3,L1,L1,L2,C3_3,D3_3,F3_1,,,N3_1,L_3,M_1
109697,L1,L1,L1,L3,L1,L3,L1,L1,L2,C3_3,D3_3,F3_1,,,N3_1,L_3,M_2
109698,L1,L1,L1,L3,L1,L3,L1,L1,L2,C3_3,D3_3,F3_1,,,N3_2,L_1,M_1
109699,L1,L1,L1,L3,L1,L3,L1,L1,L2,C3_3,D3_3,F3_1,,,N3_2,L_1,M_2
109700,L1,L1,L1,L3,L1,L3,L1,L1,L2,C3_3,D3_3,F3_1,,,N3_2,L_2,M_1
109701,L1,L1,L1,L3,L1,L3,L1,L1,L2,C3_3,D3_3,F3_1,,,N3_2,L_2,M_2
109702,L1,L1,L1,L3,L1,L3,L1,L1,L2,C3_3,D3_3,F3_1,,,N3_2,L_3,M_1
109703,L1,L1,L1,L3,L1,L3,L1,L1,L2,C3_3,D3_3,F3_1,,,N3_2,L_3,M_2
109704,L1,L1,L1,L3,L1,L3,L1,L1,L2,C3_3,D3_3,F3_2,,,N3_1,L_1,M_1
109705,L1,L1,L1,L3,L1,L3,L1,L1,L2,C3_3,D3_3,F3_2,,,N3_1,L_1,M_2
109706,L1,L1,L1,L3,L1,L3,L1,L1,L2,C3_3,D3_3,F3_2,,,N3_1,L_2,M_1
109707,L1,L1,L1,L3,L1,L3,L1,L1,L2,C3_3,D3_3,F3_2,,,N3_1,L_2,M_2
109708,L1,L1,L1,L3,L1,L3,L1,L1,L2,C3_3,D3_3,F3_2,,,N3_1,L_3,M_1
109709,L1,L1,L1,L3,L1,L3,L1,L1,L2,C3_3,D3_3,F3_2,,,N3_1,L_3,M_2
109710,L1,L1,L1,L3,L1,L3,L1,L1,L2,C3_3,D3_3,F3_2,,,N3_2,L_1,M_1
109711,L1,L1,L1,L3,L1,L3,L1,L1,L2,C3_3,D3_3,F3_2,,,N3_2,L_1,M_2
109712,L1,L1,L1,L3,L1,L3,L1,L1,L2,C3_3,D3_3,F3_2,,,N3_2,L_2,M_1
109713,L1,L1,L1,L3,L1,L3,L1,L1,L2,C3_3,D3_3,F3_2,,,N3_2,L_2,M_2
109714,L1,L1,L1,L3,L1,L3,L1,L1,L2,C3_3,D3_3,F3_2,,,N3_2,L_3,M_1
109715,L1,L1,L1,L3,L1,L3,L1,L1,L2,C3_3,D3_3,F3_2,,,N3_2,L_3,M_2
109716,L1,L1,L1,L3,L1,L3,L1,L1,L2,C3_3,D3_3,F3_3,,,N3_1,L_1,M_1
109717,L1,L1,L1,L3,L1,L3,L1,L1,L2,C3_3,D3_3,F3_3,,,N3_1,L_1,M_2
109718,L1,L1,L1,L3,L1,L3,L1,L1,L2,C3_3,D3_3,F3_3,,,N3_1,L_2,M_1
109719,L1,L1,L1,L3,L1,L3,L1,L1,L2,C3_3,D3_3,F3_3,,,N3_1,L_2,M_2
109720,L1,L1,L1,L3,L1,L3,L1,L1,L2,C3_3,D3_3,F3_3,,,N3_1,L_3,M_1
109721,L1,L1,L1,L3,L1,L3,L1,L1,L2,C3_3,D3_3,F3_3,,,N3_1,L_3,M_2
109722,L1,L1,L1,L3,L1,L3,L1,L1,L2,C3_3,D3_3,F3_3,,,N3_2,L_1,M_1
109723,L1,L1,L1,L3,L1,L3,L1,L1,L2,C3_3,D3_3,F3_3,,,N3_2,L_1,M_2
109724,L1,L1,L1,L3,L1,L3,L1,L1,L2,C3_3,D3_3,F3_3,,,N3_2,L_2,M_1
109725,L1,L1,L1,L3,L1,L3,L1,L1,L2,C3_3,D3_3,F3_3,,,N3_2,L_2,M_2
109726,L1,L1,L1,L3,L1,L3,L1,L1,L2,C3_3,D3_3,F3_3,,,N3_2,L_3,M_1
109727,L1,L1,L1,L3,L1,L3,L1,L1,L2,C3_3,D3_3,F3_3,,,N3_2,L_3,M_2
135297,L1,L1,L3,L2,L3,L3,L1,L1,L2,C3_1,D3_1,F3_1,,,N3_1,L_1,M_1
135298,L1,L1,L3,L2,L3,L3,L1,L1,L2,C3_1,D3_1,F3_1,,,N3_1,L_1,M_2
135299,L1,L1,L3,L2,L3,L3,L1,L1,L2,C3_1,D3_1,F3_1,,,N3_1,L_2,M_1
135300,L1,L1,L3,L2,L3,L3,L1,L1,L2,C3_1,D3_1,F3_1,,,N3_1,L_2,M_2
135301,L1,L1,L3,L2,L3,L3,L1,L1,L2,C3_1,D3_1,F3_1,,,N3_1,L_3,M_1
135302,L1,L1,L3,L2,L3,L3,L1,L1,L2,C3_1,D3_1,F3_1,,,N3_1,L_3,M_2
135303,L1,L1,L3,L2,L3,L3,L1,L1,L2,C3_1,D3_1,F3_1,,,N3_2,L_1,M_1
135304,L1,L1,L3,L2,L3,L3,L1,L1,L2,C3_1,D3_1,F3_1,,,N3_2,L_1,M_2
135305,L1,L1,L3,L2,L3,L3,L1,L1,L2,C3_1,D3_1,F3_1,,,N3_2,L_2,M_1
135306,L1,L1,L3,L2,L3,L3,L1,L1,L2,C3_1,D3_1,F3_1,,,N3_2,L_2,M_2
135307,L1,L1,L3,L2,L3,L3,L1,L1,L2,C3_1,D3_1,F3_1,,,N3_2,L_3,M_1
135308,L1,L1,L3,L2,L3,L3,L1,L1,L2,C3_1,D3_1,F3_1,,,N3_2,L_3,M_2
135309,L1,L1,L3,L2,L3,L3,L1,L1,L2,C3_1,D3_1,F3_2,,,N3_1,L_1,M_1
135310,L1,L1,L3,L2,L3,L3,L1,L1,L2,C3_1,D3_1,F3_2,,,N3_1,L_1,M_2
135311,L1,L1,L3,L2,L3,L3,L1,L1,L2,C3_1,D3_1,F3_2,,,N3_1,L_2,M_1
135312,L1,L1,L3,L2,L3,L3,L1,L1,L2,C3_1,D3_1,F3_2,,,N3_1,L_2,M_2
135313,L1,L1,L3,L2,L3,L3,L1,L1,L2,C3_1,D3_1,F3_2,,,N3_1,L_3,M_1
135314,L1,L1,L3,L2,L3,L3,L1,L1,L2,C3_1,D3_1,F3_2,,,N3_1,L_3,M_2
135315,L1,L1,L3,L2,L3,L3,L1,L1,L2,C3_1,D3_1,F3_2,,,N3_2,L_1,M_1
135316,L1,L1,L3,L2,L3,L3,L1,L1,L2,C3_1,D3_1,F3_2,,,N3_2,L_1,M_2
135317,L1,L1,L3,L2,L3,L3,L1,L1,L2,C3_1,D3_1,F3_2,,,N3_2,L_2,M_1
135318,L1,L1,L3,L2,L3,L3,L1,L1,L2,C3_1,D3_1,F3_2,,,N3_2,L_2,M_2
135319,L1,L1,L3,L2,L3,L3,L1,L1,L2,C3_1,D3_1,F3_2,,,N3_2,L_3,M_1
135320,L1,L1,L3,L2,L3,L3,L1,L1,L2,C3_1,D3_1,F3_2,,,N3_2,L_3,M_2
135321,L1,L1,L3,L2,L3,L3,L1,L1,L2,C3_1,D3_1,F3_3,,,N3_1,L_1,M_1
135322,L1,L1,L3,L2,L3,L3,L1,L1,L2,C3_1,D3_1,F3_3,,,N3_1,L_1,M_2
135323,L1,L1,L3,L2,L3,L3,L1,L1,L2,C3_1,D3_1,F3_3,,,N3_1,L_2,M_1
135324,L1,L1,L3,L2,L3,L3,L1,L1,L2,C3_1,D3_1,F3_3,,,N3_1,L_2,M_2
135325,L1,L1,L3,L2,L3,L3,L1,L1,L2,C3_1,D3_1,F3_3,,,N3_1,L_3,M_1
135326,L1,L1,L3,L2,L3,L3,L1,L1,L2,C3_1,D3_1,F3_3,,,N3_1,L_3,M_2
135327,L1,L1,L3,L2,L3,L3,L1,L1,L2,C3_1,D3_1,F3_3,,,N3_2,L_1,M_1
135328,L1,L1,L3,L2,L3,L3,L1,L1,L2,C3_1,D3_1,F3_3,,,N3_2,L_1,M_2
135329,L1,L1,L3,L2,L3,L3,L1,L1,L2,C3_1,D3_1,F3_3,,,N3_2,L_2,M_1
135330,L1,L1,L3,L2,L3,L3,L1,L1,L2,C3_1,D3_1,F3_3,,,N3_2,L_2,M_2
135331,L1,L1,L3,L2,L3,L3,L1,L1,L2,C3_1,D3_1,F3_3,,,N3_2,L_3,M_1
135332,L1,L1,L3,L2,L3,L3,L1,L1,L2,C3_1,D3_1,F3_3,,,N3_2,L_3,M_2
135333,L1,L1,L3,L2,L3,L3,L1,L1,L2,C3_1,D3_2,F3_1,,,N3_1,L_1,M_1
135334,L1,L1,L3,L2,L3,L3,L1,L1,L2,C3_1,D3_2,F3_1,,,N3_1,L_1,M_2
135335,L1,L1,L3,L2,L3,L3,L1,L1,L2,C3_1,D3_2,F3_1,,,N3_1,L_2,M_1
135336,L1,L1,L3,L2,L3,L3,L1,L1,L2,C3_1,D3_2,F3_1,,,N3_1,L_2,M_2
135337,L1,L1,L3,L2,L3,L3,L1,L1,L2,C3_1,D3_2,F3_1,,,N3_1,L_3,M_1
135338,L1,L1,L3,L2,L3,L3,L1,L1,L2,C3_1,D3_2,F3_1,,,N3_1,L_3,M_2
135339,L1,L1,L3,L2,L3,L3,L1,L1,L2,C3_1,D3_2,F3_1,,,N3_2,L_1,M_1
135340,L1,L1,L3,L2,L3,L3,L1,L1,L2,C3_1,D3_2,F3_1,,,N3_2,L_1,M_2
135341,L1,L1,L3,L2,L3,L3,L1,L1,L2,C3_1,D3_2,F3_1,,,N3_2,L_2,M_1
135342,L1,L1,L3,L2,L3,L3,L1,L1,L2,C3_1,D3_2,F3_1,,,N3_2,L_2,M_2
135343,L1,L1,L3,L2,L3,L3,L1,L1,L2,C3_1,D3_2,F3_1,,,N3_2,L_3,M_1
135344,L1,L1,L3,L2,L3,L3,L1,L1,L2,C3_1,D3_2,F3_1,,,N3_2,L_3,M_2
135345,L1,L1,L3,L2,L3,L3,L1,L1,L2,C3_1,D3_2,F3_2,,,N3_1,L_1,M_1
135346,L1,L1,L3,L2,L3,L3,L1,L1,L2,C3_1,D3_2,F3_2,,,N3_1,L_1,M_2
135347,L1,L1,L3,L2,L3,L3,L1,L1,L2,C3_1,D3_2,F3_2,,,N3_1,L_2,M_1
135348,L1,L1,L3,L2,L3,L3,L1,L1,L2,C3_1,D3_2,F3_2,,,N3_1,L_2,M_2
135349,L1,L1,L3,L2,L3,L3,L1,L1,L2,C3_1,D3_2,F3_2,,,N3_1,L_3,M_1
135350,L1,L1,L3,L2,L3,L3,L1,L1,L2,C3_1,D3_2,F3_2,,,N3_1,L_3,M_2
135351,L1,L1,L3,L2,L3,L3,L1,L1,L2,C3_1,D3_2,F3_2,,,N3_2,L_1,M_1
135352,L1,L1,L3,L2,L3,L3,L1,L1,L2,C3_1,D3_2,F3_2,,,N3_2,L_1,M_2
135353,L1,L1,L3,L2,L3,L3,L1,L1,L2,C3_1,D3_2,F3_2,,,N3_2,L_2,M_1
135354,L1,L1,L3,L2,L3,L3,L1,L1,L2,C3_1,D3_2,F3_2,,,N3_2,L_2,M_2
135355,L1,L1,L3,L2,L3,L3,L1,L1,L2,C3_1,D3_2,F3_2,,,N3_2,L_3,M_1
135356,L1,L1,L3,L2,L3,L3,L1,L1,L2,C3_1,D3_2,F3_2,,,N3_2,L_3,M_2
135357,L1,L1,L3,L2,L3,L3,L1,L1,L2,C3_1,D3_2,F3_3,,,N3_1,L_1,M_1
135358,L1,L1,L3,L2,L3,L3,L1,L1,L2,C3_1,D3_2,F3_3,,,N3_1,L_1,M_2
135359,L1,L1,L3,L2,L3,L3,L1,L1,L2,C3_1,D3_2,F3_3,,,N3_1,L_2,M_1
135360,L1,L1,L3,L2,L3,L3,L1,L1,L2,C3_1,D3_2,F3_3,,,N3_1,L_2,M_2
135361,L1,L1,L3,L2,L3,L3,L1,L1,L2,C3_1,D3_2,F3_3,,,N3_1,L_3,M_1
135362,L1,L1,L3,L2,L3,L3,L1,L1,L2,C3_1,D3_2,F3_3,,,N3_1,L_3,M_2
135363,L1,L1,L3,L2,L3,L3,L1,L1,L2,C3_1,D3_2,F3_3,,,N3_2,L_1,M_1
135364,L1,L1,L3,L2,L3,L3,L1,L1,L2,C3_1,D3_2,F3_3,,,N3_2,L_1,M_2
135365,L1,L1,L3,L2,L3,L3,L1,L1,L2,C3_1,D3_2,F3_3,,,N3_2,L_2,M_1
135366,L1,L1,L3,L2,L3,L3,L1,L1,L2,C3_1,D3_2,F3_3,,,N3_2,L_2,M_2
135367,L1,L1,L3,L2,L3,L3,L1,L1,L2,C3_1,D3_2,F3_3,,,N3_2,L_3,M_1
135368,L1,L1,L3,L2,L3,L3,L1,L1,L2,C3_1,D3_2,F3_3,,,N3_2,L_3,M_2
135369,L1,L1,L3,L2,L3,L3,L1,L1,L2,C3_1,D3_3,F3_1,,,N3_1,L_1,M_1
135370,L1,L1,L3,L2,L3,L3,L1,L1,L2,C3_1,D3_3,F3_1,,,N3_1,L_1,M_2
135371,L1,L1,L3,L2,L3,L3,L1,L1,L2,C3_1,D3_3,F3_1,,,N3_1,L_2,M_1
135372,L1,L1,L3,L2,L3,L3,L1,L1,L2,C3_1,D3_3,F3_1,,,N3_1,L_2,M_2
135373,L1,L1,L3,L2,L3,L3,L1,L1,L2,C3_1,D3_3,F3_1,,,N3_1,L_3,M_1
135374,L1,L1,L3,L2,L3,L3,L1,L1,L2,C3_1,D3_3,F3_1,,,N3_1,L_3,M_2
135375,L1,L1,L3,L2,L3,L3,L1,L1,L2,C3_1,D3_3,F3_1,,,N3_2,L_1,M_1
135376,L1,L1,L3,L2,L3,L3,L1,L1,L2,C3_1,D3_3,F3_1,,,N3_2,L_1,M_2
135377,L1,L1,L3,L2,L3,L3,L1,L1,L2,C3_1,D3_3,F3_1,,,N3_2,L_2,M_1
135378,L1,L1,L3,L2,L3,L3,L1,L1,L2,C3_1,D3_3,F3_1,,,N3_2,L_2,M_2
135379,L1,L1,L3,L2,L3,L3,L1,L1,L2,C3_1,D3_3,F3_1,,,N3_2,L_3,M_1
135380,L1,L1,L3,L2,L3,L3,L1,L1,L2,C3_1,D3_3,F3_1,,,N3_2,L_3,M_2
135381,L1,L1,L3,L2,L3,L3,L1,L1,L2,C3_1,D3_3,F3_2,,,N3_1,L_1,M_1
135382,L1,L1,L3,L2,L3,L3,L1,L1,L2,C3_1,D3_3,F3_2,,,N3_1,L_1,M_2
135383,L1,L1,L3,L2,L3,L3,L1,L1,L2,C3_1,D3_3,F3_2,,,N3_1,L_2,M_1
135384,L1,L1,L3,L2,L3,L3,L1,L1,L2,C3_1,D3_3,F3_2,,,N3_1,L_2,M_2
135385,L1,L1,L3,L2,L3,L3,L1,L1,L2,C3_1,D3_3,F3_2,,,N3_1,L_3,M_1
135386,L1,L1,L3,L2,L3,L3,L1,L1,L2,C3_1,D3_3,F3_2,,,N3_1,L_3,M_2
135387,L1,L1,L3,L2,L3,L3,L1,L1,L2,C3_1,D3_3,F3_2,,,N3_2,L_1,M_1
135388,L1,L1,L3,L2,L3,L3,L1,L1,L2,C3_1,D3_3,F3_2,,,N3_2,L_1,M_2
135389,L1,L1,L3,L2,L3,L3,L1,L1,L2,C3_1,D3_3,F3_2,,,N3_2,L_2,M_1
135390,L1,L1,L3,L2,L3,L3,L1,L1,L2,C3_1,D3_3,F3_2,,,N3_2,L_2,M_2
135391,L1,L1,L3,L2,L3,L3,L1,L1,L2,C3_1,D3_3,F3_2,,,N3_2,L_3,M_1
135392,L1,L1,L3,L2,L3,L3,L1,L1,L2,C3_1,D3_3,F3_2,,,N3_2,L_3,M_2
135393,L1,L1,L3,L2,L3,L3,L1,L1,L2,C3_1,D3_3,F3_3,,,N3_1,L_1,M_1
135394,L1,L1,L3,L2,L3,L3,L1,L1,L2,C3_1,D3_3,F3_3,,,N3_1,L_1,M_2
135395,L1,L1,L3,L2,L3,L3,L1,L1,L2,C3_1,D3_3,F3_3,,,N3_1,L_2,M_1
135396,L1,L1,L3,L2,L3,L3,L1,L1,L2,C3_1,D3_3,F3_3,,,N3_1,L_2,M_2
135397,L1,L1,L3,L2,L3,L3,L1,L1,L2,C3_1,D3_3,F3_3,,,N3_1,L_3,M_1
135398,L1,L1,L3,L2,L3,L3,L1,L1,L2,C3_1,D3_3,F3_3,,,N3_1,L_3,M_2
135399,L1,L1,L3,L2,L3,L3,L1,L1,L2,C3_1,D3_3,F3_3,,,N3_2,L_1,M_1
135400,L1,L1,L3,L2,L3,L3,L1,L1,L2,C3_1,D3_3,F3_3,,,N3_2,L_1,M_2
135401,L1,L1,L3,L2,L3,L3,L1,L1,L2,C3_1,D3_3,F3_3,,,N3_2,L_2,M_1
135402,L1,L1,L3,L2,L3,L3,L1,L1,L2,C3_1,D3_3,F3_3,,,N3_2,L_2,M_2
135403,L1,L1,L3,L2,L3,L3,L1,L1,L2,C3_1,D3_3,F3_3,,,N3_2,L_3,M_1
135404,L1,L1,L3,L2,L3,L3,L1,L1,L2,C3_1,D3_3,F3_3,,,N3_2,L_3,M_2
135405,L1,L1,L3,L2,L3,L3,L1,L1,L2,C3_2,D3_1,F3_1,,,N3_1,L_1,M_1
135406,L1,L1,L3,L2,L3,L3,L1,L1,L2,C3_2,D3_1,F3_1,,,N3_1,L_1,M_2
135407,L1,L1,L3,L2,L3,L3,L1,L1,L2,C3_2,D3_1,F3_1,,,N3_1,L_2,M_1
135408,L1,L1,L3,L2,L3,L3,L1,L1,L2,C3_2,D3_1,F3_1,,,N3_1,L_2,M_2
135409,L1,L1,L3,L2,L3,L3,L1,L1,L2,C3_2,D3_1,F3_1,,,N3_1,L_3,M_1
135410,L1,L1,L3,L2,L3,L3,L1,L1,L2,C3_2,D3_1,F3_1,,,N3_1,L_3,M_2
135411,L1,L1,L3,L2,L3,L3,L1,L1,L2,C3_2,D3_1,F3_1,,,N3_2,L_1,M_1
135412,L1,L1,L3,L2,L3,L3,L1,L1,L2,C3_2,D3_1,F3_1,,,N3_2,L_1,M_2
135413,L1,L1,L3,L2,L3,L3,L1,L1,L2,C3_2,D3_1,F3_1,,,N3_2,L_2,M_1
135414,L1,L1,L3,L2,L3,L3,L1,L1,L2,C3_2,D3_1,F3_1,,,N3_2,L_2,M_2
135415,L1,L1,L3,L2,L3,L3,L1,L1,L2,C3_2,D3_1,F3_1,,,N3_2,L_3,M_1
135416,L1,L1,L3,L2,L3,L3,L1,L1,L2,C3_2,D3_1,F3_1,,,N3_2,L_3,M_2
135417,L1,L1,L3,L2,L3,L3,L1,L1,L2,C3_2,D3_1,F3_2,,,N3_1,L_1,M_1
135418,L1,L1,L3,L2,L3,L3,L1,L1,L2,C3_2,D3_1,F3_2,,,N3_1,L_1,M_2
135419,L1,L1,L3,L2,L3,L3,L1,L1,L2,C3_2,D3_1,F3_2,,,N3_1,L_2,M_1
135420,L1,L1,L3,L2,L3,L3,L1,L1,L2,C3_2,D3_1,F3_2,,,N3_1,L_2,M_2
135421,L1,L1,L3,L2,L3,L3,L1,L1,L2,C3_2,D3_1,F3_2,,,N3_1,L_3,M_1
135422,L1,L1,L3,L2,L3,L3,L1,L1,L2,C3_2,D3_1,F3_2,,,N3_1,L_3,M_2
135423,L1,L1,L3,L2,L3,L3,L1,L1,L2,C3_2,D3_1,F3_2,,,N3_2,L_1,M_1
135424,L1,L1,L3,L2,L3,L3,L1,L1,L2,C3_2,D3_1,F3_2,,,N3_2,L_1,M_2
135425,L1,L1,L3,L2,L3,L3,L1,L1,L2,C3_2,D3_1,F3_2,,,N3_2,L_2,M_1
135426,L1,L1,L3,L2,L3,L3,L1,L1,L2,C3_2,D3_1,F3_2,,,N3_2,L_2,M_2
135427,L1,L1,L3,L2,L3,L3,L1,L1,L2,C3_2,D3_1,F3_2,,,N3_2,L_3,M_1
135428,L1,L1,L3,L2,L3,L3,L1,L1,L2,C3_2,D3_1,F3_2,,,N3_2,L_3,M_2
135429,L1,L1,L3,L2,L3,L3,L1,L1,L2,C3_2,D3_1,F3_3,,,N3_1,L_1,M_1
135430,L1,L1,L3,L2,L3,L3,L1,L1,L2,C3_2,D3_1,F3_3,,,N3_1,L_1,M_2
135431,L1,L1,L3,L2,L3,L3,L1,L1,L2,C3_2,D3_1,F3_3,,,N3_1,L_2,M_1
135432,L1,L1,L3,L2,L3,L3,L1,L1,L2,C3_2,D3_1,F3_3,,,N3_1,L_2,M_2
135433,L1,L1,L3,L2,L3,L3,L1,L1,L2,C3_2,D3_1,F3_3,,,N3_1,L_3,M_1
135434,L1,L1,L3,L2,L3,L3,L1,L1,L2,C3_2,D3_1,F3_3,,,N3_1,L_3,M_2
135435,L1,L1,L3,L2,L3,L3,L1,L1,L2,C3_2,D3_1,F3_3,,,N3_2,L_1,M_1
135436,L1,L1,L3,L2,L3,L3,L1,L1,L2,C3_2,D3_1,F3_3,,,N3_2,L_1,M_2
135437,L1,L1,L3,L2,L3,L3,L1,L1,L2,C3_2,D3_1,F3_3,,,N3_2,L_2,M_1
135438,L1,L1,L3,L2,L3,L3,L1,L1,L2,C3_2,D3_1,F3_3,,,N3_2,L_2,M_2
135439,L1,L1,L3,L2,L3,L3,L1,L1,L2,C3_2,D3_1,F3_3,,,N3_2,L_3,M_1
135440,L1,L1,L3,L2,L3,L3,L1,L1,L2,C3_2,D3_1,F3_3,,,N3_2,L_3,M_2
135441,L1,L1,L3,L2,L3,L3,L1,L1,L2,C3_2,D3_2,F3_1,,,N3_1,L_1,M_1
135442,L1,L1,L3,L2,L3,L3,L1,L1,L2,C3_2,D3_2,F3_1,,,N3_1,L_1,M_2
135443,L1,L1,L3,L2,L3,L3,L1,L1,L2,C3_2,D3_2,F3_1,,,N3_1,L_2,M_1
135444,L1,L1,L3,L2,L3,L3,L1,L1,L2,C3_2,D3_2,F3_1,,,N3_1,L_2,M_2
135445,L1,L1,L3,L2,L3,L3,L1,L1,L2,C3_2,D3_2,F3_1,,,N3_1,L_3,M_1
135446,L1,L1,L3,L2,L3,L3,L1,L1,L2,C3_2,D3_2,F3_1,,,N3_1,L_3,M_2
135447,L1,L1,L3,L2,L3,L3,L1,L1,L2,C3_2,D3_2,F3_1,,,N3_2,L_1,M_1
135448,L1,L1,L3,L2,L3,L3,L1,L1,L2,C3_2,D3_2,F3_1,,,N3_2,L_1,M_2
135449,L1,L1,L3,L2,L3,L3,L1,L1,L2,C3_2,D3_2,F3_1,,,N3_2,L_2,M_1
135450,L1,L1,L3,L2,L3,L3,L1,L1,L2,C3_2,D3_2,F3_1,,,N3_2,L_2,M_2
135451,L1,L1,L3,L2,L3,L3,L1,L1,L2,C3_2,D3_2,F3_1,,,N3_2,L_3,M_1
135452,L1,L1,L3,L2,L3,L3,L1,L1,L2,C3_2,D3_2,F3_1,,,N3_2,L_3,M_2
135453,L1,L1,L3,L2,L3,L3,L1,L1,L2,C3_2,D3_2,F3_2,,,N3_1,L_1,M_1
135454,L1,L1,L3,L2,L3,L3,L1,L1,L2,C3_2,D3_2,F3_2,,,N3_1,L_1,M_2
135455,L1,L1,L3,L2,L3,L3,L1,L1,L2,C3_2,D3_2,F3_2,,,N3_1,L_2,M_1
135456,L1,L1,L3,L2,L3,L3,L1,L1,L2,C3_2,D3_2,F3_2,,,N3_1,L_2,M_2
135457,L1,L1,L3,L2,L3,L3,L1,L1,L2,C3_2,D3_2,F3_2,,,N3_1,L_3,M_1
135458,L1,L1,L3,L2,L3,L3,L1,L1,L2,C3_2,D3_2,F3_2,,,N3_1,L_3,M_2
135459,L1,L1,L3,L2,L3,L3,L1,L1,L2,C3_2,D3_2,F3_2,,,N3_2,L_1,M_1
135460,L1,L1,L3,L2,L3,L3,L1,L1,L2,C3_2,D3_2,F3_2,,,N3_2,L_1,M_2
135461,L1,L1,L3,L2,L3,L3,L1,L1,L2,C3_2,D3_2,F3_2,,,N3_2,L_2,M_1
135462,L1,L1,L3,L2,L3,L3,L1,L1,L2,C3_2,D3_2,F3_2,,,N3_2,L_2,M_2
135463,L1,L1,L3,L2,L3,L3,L1,L1,L2,C3_2,D3_2,F3_2,,,N3_2,L_3,M_1
135464,L1,L1,L3,L2,L3,L3,L1,L1,L2,C3_2,D3_2,F3_2,,,N3_2,L_3,M_2
135465,L1,L1,L3,L2,L3,L3,L1,L1,L2,C3_2,D3_2,F3_3,,,N3_1,L_1,M_1
135466,L1,L1,L3,L2,L3,L3,L1,L1,L2,C3_2,D3_2,F3_3,,,N3_1,L_1,M_2
135467,L1,L1,L3,L2,L3,L3,L1,L1,L2,C3_2,D3_2,F3_3,,,N3_1,L_2,M_1
135468,L1,L1,L3,L2,L3,L3,L1,L1,L2,C3_2,D3_2,F3_3,,,N3_1,L_2,M_2
135469,L1,L1,L3,L2,L3,L3,L1,L1,L2,C3_2,D3_2,F3_3,,,N3_1,L_3,M_1
135470,L1,L1,L3,L2,L3,L3,L1,L1,L2,C3_2,D3_2,F3_3,,,N3_1,L_3,M_2
135471,L1,L1,L3,L2,L3,L3,L1,L1,L2,C3_2,D3_2,F3_3,,,N3_2,L_1,M_1
135472,L1,L1,L3,L2,L3,L3,L1,L1,L2,C3_2,D3_2,F3_3,,,N3_2,L_1,M_2
135473,L1,L1,L3,L2,L3,L3,L1,L1,L2,C3_2,D3_2,F3_3,,,N3_2,L_2,M_1
135474,L1,L1,L3,L2,L3,L3,L1,L1,L2,C3_2,D3_2,F3_3,,,N3_2,L_2,M_2
135475,L1,L1,L3,L2,L3,L3,L1,L1,L2,C3_2,D3_2,F3_3,,,N3_2,L_3,M_1
135476,L1,L1,L3,L2,L3,L3,L1,L1,L2,C3_2,D3_2,F3_3,,,N3_2,L_3,M_2
135477,L1,L1,L3,L2,L3,L3,L1,L1,L2,C3_2,D3_3,F3_1,,,N3_1,L_1,M_1
135478,L1,L1,L3,L2,L3,L3,L1,L1,L2,C3_2,D3_3,F3_1,,,N3_1,L_1,M_2
135479,L1,L1,L3,L2,L3,L3,L1,L1,L2,C3_2,D3_3,F3_1,,,N3_1,L_2,M_1
135480,L1,L1,L3,L2,L3,L3,L1,L1,L2,C3_2,D3_3,F3_1,,,N3_1,L_2,M_2
135481,L1,L1,L3,L2,L3,L3,L1,L1,L2,C3_2,D3_3,F3_1,,,N3_1,L_3,M_1
135482,L1,L1,L3,L2,L3,L3,L1,L1,L2,C3_2,D3_3,F3_1,,,N3_1,L_3,M_2
135483,L1,L1,L3,L2,L3,L3,L1,L1,L2,C3_2,D3_3,F3_1,,,N3_2,L_1,M_1
135484,L1,L1,L3,L2,L3,L3,L1,L1,L2,C3_2,D3_3,F3_1,,,N3_2,L_1,M_2
135485,L1,L1,L3,L2,L3,L3,L1,L1,L2,C3_2,D3_3,F3_1,,,N3_2,L_2,M_1
135486,L1,L1,L3,L2,L3,L3,L1,L1,L2,C3_2,D3_3,F3_1,,,N3_2,L_2,M_2
135487,L1,L1,L3,L2,L3,L3,L1,L1,L2,C3_2,D3_3,F3_1,,,N3_2,L_3,M_1
135488,L1,L1,L3,L2,L3,L3,L1,L1,L2,C3_2,D3_3,F3_1,,,N3_2,L_3,M_2
135489,L1,L1,L3,L2,L3,L3,L1,L1,L2,C3_2,D3_3,F3_2,,,N3_1,L_1,M_1
135490,L1,L1,L3,L2,L3,L3,L1,L1,L2,C3_2,D3_3,F3_2,,,N3_1,L_1,M_2
135491,L1,L1,L3,L2,L3,L3,L1,L1,L2,C3_2,D3_3,F3_2,,,N3_1,L_2,M_1
135492,L1,L1,L3,L2,L3,L3,L1,L1,L2,C3_2,D3_3,F3_2,,,N3_1,L_2,M_2
135493,L1,L1,L3,L2,L3,L3,L1,L1,L2,C3_2,D3_3,F3_2,,,N3_1,L_3,M_1
135494,L1,L1,L3,L2,L3,L3,L1,L1,L2,C3_2,D3_3,F3_2,,,N3_1,L_3,M_2
135495,L1,L1,L3,L2,L3,L3,L1,L1,L2,C3_2,D3_3,F3_2,,,N3_2,L_1,M_1
135496,L1,L1,L3,L2,L3,L3,L1,L1,L2,C3_2,D3_3,F3_2,,,N3_2,L_1,M_2
135497,L1,L1,L3,L2,L3,L3,L1,L1,L2,C3_2,D3_3,F3_2,,,N3_2,L_2,M_1
135498,L1,L1,L3,L2,L3,L3,L1,L1,L2,C3_2,D3_3,F3_2,,,N3_2,L_2,M_2
135499,L1,L1,L3,L2,L3,L3,L1,L1,L2,C3_2,D3_3,F3_2,,,N3_2,L_3,M_1
135500,L1,L1,L3,L2,L3,L3,L1,L1,L2,C3_2,D3_3,F3_2,,,N3_2,L_3,M_2
135501,L1,L1,L3,L2,L3,L3,L1,L1,L2,C3_2,D3_3,F3_3,,,N3_1,L_1,M_1
135502,L1,L1,L3,L2,L3,L3,L1,L1,L2,C3_2,D3_3,F3_3,,,N3_1,L_1,M_2
135503,L1,L1,L3,L2,L3,L3,L1,L1,L2,C3_2,D3_3,F3_3,,,N3_1,L_2,M_1
135504,L1,L1,L3,L2,L3,L3,L1,L1,L2,C3_2,D3_3,F3_3,,,N3_1,L_2,M_2
135505,L1,L1,L3,L2,L3,L3,L1,L1,L2,C3_2,D3_3,F3_3,,,N3_1,L_3,M_1
135506,L1,L1,L3,L2,L3,L3,L1,L1,L2,C3_2,D3_3,F3_3,,,N3_1,L_3,M_2
135507,L1,L1,L3,L2,L3,L3,L1,L1,L2,C3_2,D3_3,F3_3,,,N3_2,L_1,M_1
135508,L1,L1,L3,L2,L3,L3,L1,L1,L2,C3_2,D3_3,F3_3,,,N3_2,L_1,M_2
135509,L1,L1,L3,L2,L3,L3,L1,L1,L2,C3_2,D3_3,F3_3,,,N3_2,L_2,M_1
135510,L1,L1,L3,L2,L3,L3,L1,L1,L2,C3_2,D3_3,F3_3,,,N3_2,L_2,M_2
135511,L1,L1,L3,L2,L3,L3,L1,L1,L2,C3_2,D3_3,F3_3,,,N3_2,L_3,M_1
135512,L1,L1,L3,L2,L3,L3,L1,L1,L2,C3_2,D3_3,F3_3,,,N3_2,L_3,M_2
135513,L1,L1,L3,L2,L3,L3,L1,L1,L2,C3_3,D3_1,F3_1,,,N3_1,L_1,M_1
135514,L1,L1,L3,L2,L3,L3,L1,L1,L2,C3_3,D3_1,F3_1,,,N3_1,L_1,M_2
135515,L1,L1,L3,L2,L3,L3,L1,L1,L2,C3_3,D3_1,F3_1,,,N3_1,L_2,M_1
135516,L1,L1,L3,L2,L3,L3,L1,L1,L2,C3_3,D3_1,F3_1,,,N3_1,L_2,M_2
135517,L1,L1,L3,L2,L3,L3,L1,L1,L2,C3_3,D3_1,F3_1,,,N3_1,L_3,M_1
135518,L1,L1,L3,L2,L3,L3,L1,L1,L2,C3_3,D3_1,F3_1,,,N3_1,L_3,M_2
135519,L1,L1,L3,L2,L3,L3,L1,L1,L2,C3_3,D3_1,F3_1,,,N3_2,L_1,M_1
135520,L1,L1,L3,L2,L3,L3,L1,L1,L2,C3_3,D3_1,F3_1,,,N3_2,L_1,M_2
135521,L1,L1,L3,L2,L3,L3,L1,L1,L2,C3_3,D3_1,F3_1,,,N3_2,L_2,M_1
135522,L1,L1,L3,L2,L3,L3,L1,L1,L2,C3_3,D3_1,F3_1,,,N3_2,L_2,M_2
135523,L1,L1,L3,L2,L3,L3,L1,L1,L2,C3_3,D3_1,F3_1,,,N3_2,L_3,M_1
135524,L1,L1,L3,L2,L3,L3,L1,L1,L2,C3_3,D3_1,F3_1,,,N3_2,L_3,M_2
135525,L1,L1,L3,L2,L3,L3,L1,L1,L2,C3_3,D3_1,F3_2,,,N3_1,L_1,M_1
135526,L1,L1,L3,L2,L3,L3,L1,L1,L2,C3_3,D3_1,F3_2,,,N3_1,L_1,M_2
135527,L1,L1,L3,L2,L3,L3,L1,L1,L2,C3_3,D3_1,F3_2,,,N3_1,L_2,M_1
135528,L1,L1,L3,L2,L3,L3,L1,L1,L2,C3_3,D3_1,F3_2,,,N3_1,L_2,M_2
135529,L1,L1,L3,L2,L3,L3,L1,L1,L2,C3_3,D3_1,F3_2,,,N3_1,L_3,M_1
135530,L1,L1,L3,L2,L3,L3,L1,L1,L2,C3_3,D3_1,F3_2,,,N3_1,L_3,M_2
135531,L1,L1,L3,L2,L3,L3,L1,L1,L2,C3_3,D3_1,F3_2,,,N3_2,L_1,M_1
135532,L1,L1,L3,L2,L3,L3,L1,L1,L2,C3_3,D3_1,F3_2,,,N3_2,L_1,M_2
135533,L1,L1,L3,L2,L3,L3,L1,L1,L2,C3_3,D3_1,F3_2,,,N3_2,L_2,M_1
135534,L1,L1,L3,L2,L3,L3,L1,L1,L2,C3_3,D3_1,F3_2,,,N3_2,L_2,M_2
135535,L1,L1,L3,L2,L3,L3,L1,L1,L2,C3_3,D3_1,F3_2,,,N3_2,L_3,M_1
135536,L1,L1,L3,L2,L3,L3,L1,L1,L2,C3_3,D3_1,F3_2,,,N3_2,L_3,M_2
135537,L1,L1,L3,L2,L3,L3,L1,L1,L2,C3_3,D3_1,F3_3,,,N3_1,L_1,M_1
135538,L1,L1,L3,L2,L3,L3,L1,L1,L2,C3_3,D3_1,F3_3,,,N3_1,L_1,M_2
135539,L1,L1,L3,L2,L3,L3,L1,L1,L2,C3_3,D3_1,F3_3,,,N3_1,L_2,M_1
135540,L1,L1,L3,L2,L3,L3,L1,L1,L2,C3_3,D3_1,F3_3,,,N3_1,L_2,M_2
135541,L1,L1,L3,L2,L3,L3,L1,L1,L2,C3_3,D3_1,F3_3,,,N3_1,L_3,M_1
135542,L1,L1,L3,L2,L3,L3,L1,L1,L2,C3_3,D3_1,F3_3,,,N3_1,L_3,M_2
135543,L1,L1,L3,L2,L3,L3,L1,L1,L2,C3_3,D3_1,F3_3,,,N3_2,L_1,M_1
135544,L1,L1,L3,L2,L3,L3,L1,L1,L2,C3_3,D3_1,F3_3,,,N3_2,L_1,M_2
135545,L1,L1,L3,L2,L3,L3,L1,L1,L2,C3_3,D3_1,F3_3,,,N3_2,L_2,M_1
135546,L1,L1,L3,L2,L3,L3,L1,L1,L2,C3_3,D3_1,F3_3,,,N3_2,L_2,M_2
135547,L1,L1,L3,L2,L3,L3,L1,L1,L2,C3_3,D3_1,F3_3,,,N3_2,L_3,M_1
135548,L1,L1,L3,L2,L3,L3,L1,L1,L2,C3_3,D3_1,F3_3,,,N3_2,L_3,M_2
135549,L1,L1,L3,L2,L3,L3,L1,L1,L2,C3_3,D3_2,F3_1,,,N3_1,L_1,M_1
135550,L1,L1,L3,L2,L3,L3,L1,L1,L2,C3_3,D3_2,F3_1,,,N3_1,L_1,M_2
135551,L1,L1,L3,L2,L3,L3,L1,L1,L2,C3_3,D3_2,F3_1,,,N3_1,L_2,M_1
135552,L1,L1,L3,L2,L3,L3,L1,L1,L2,C3_3,D3_2,F3_1,,,N3_1,L_2,M_2
135553,L1,L1,L3,L2,L3,L3,L1,L1,L2,C3_3,D3_2,F3_1,,,N3_1,L_3,M_1
135554,L1,L1,L3,L2,L3,L3,L1,L1,L2,C3_3,D3_2,F3_1,,,N3_1,L_3,M_2
135555,L1,L1,L3,L2,L3,L3,L1,L1,L2,C3_3,D3_2,F3_1,,,N3_2,L_1,M_1
135556,L1,L1,L3,L2,L3,L3,L1,L1,L2,C3_3,D3_2,F3_1,,,N3_2,L_1,M_2
135557,L1,L1,L3,L2,L3,L3,L1,L1,L2,C3_3,D3_2,F3_1,,,N3_2,L_2,M_1
135558,L1,L1,L3,L2,L3,L3,L1,L1,L2,C3_3,D3_2,F3_1,,,N3_2,L_2,M_2
135559,L1,L1,L3,L2,L3,L3,L1,L1,L2,C3_3,D3_2,F3_1,,,N3_2,L_3,M_1
135560,L1,L1,L3,L2,L3,L3,L1,L1,L2,C3_3,D3_2,F3_1,,,N3_2,L_3,M_2
135561,L1,L1,L3,L2,L3,L3,L1,L1,L2,C3_3,D3_2,F3_2,,,N3_1,L_1,M_1
135562,L1,L1,L3,L2,L3,L3,L1,L1,L2,C3_3,D3_2,F3_2,,,N3_1,L_1,M_2
135563,L1,L1,L3,L2,L3,L3,L1,L1,L2,C3_3,D3_2,F3_2,,,N3_1,L_2,M_1
135564,L1,L1,L3,L2,L3,L3,L1,L1,L2,C3_3,D3_2,F3_2,,,N3_1,L_2,M_2
135565,L1,L1,L3,L2,L3,L3,L1,L1,L2,C3_3,D3_2,F3_2,,,N3_1,L_3,M_1
135566,L1,L1,L3,L2,L3,L3,L1,L1,L2,C3_3,D3_2,F3_2,,,N3_1,L_3,M_2
135567,L1,L1,L3,L2,L3,L3,L1,L1,L2,C3_3,D3_2,F3_2,,,N3_2,L_1,M_1
135568,L1,L1,L3,L2,L3,L3,L1,L1,L2,C3_3,D3_2,F3_2,,,N3_2,L_1,M_2
135569,L1,L1,L3,L2,L3,L3,L1,L1,L2,C3_3,D3_2,F3_2,,,N3_2,L_2,M_1
135570,L1,L1,L3,L2,L3,L3,L1,L1,L2,C3_3,D3_2,F3_2,,,N3_2,L_2,M_2
135571,L1,L1,L3,L2,L3,L3,L1,L1,L2,C3_3,D3_2,F3_2,,,N3_2,L_3,M_1
135572,L1,L1,L3,L2,L3,L3,L1,L1,L2,C3_3,D3_2,F3_2,,,N3_2,L_3,M_2
135573,L1,L1,L3,L2,L3,L3,L1,L1,L2,C3_3,D3_2,F3_3,,,N3_1,L_1,M_1
135574,L1,L1,L3,L2,L3,L3,L1,L1,L2,C3_3,D3_2,F3_3,,,N3_1,L_1,M_2
135575,L1,L1,L3,L2,L3,L3,L1,L1,L2,C3_3,D3_2,F3_3,,,N3_1,L_2,M_1
135576,L1,L1,L3,L2,L3,L3,L1,L1,L2,C3_3,D3_2,F3_3,,,N3_1,L_2,M_2
135577,L1,L1,L3,L2,L3,L3,L1,L1,L2,C3_3,D3_2,F3_3,,,N3_1,L_3,M_1
135578,L1,L1,L3,L2,L3,L3,L1,L1,L2,C3_3,D3_2,F3_3,,,N3_1,L_3,M_2
135579,L1,L1,L3,L2,L3,L3,L1,L1,L2,C3_3,D3_2,F3_3,,,N3_2,L_1,M_1
135580,L1,L1,L3,L2,L3,L3,L1,L1,L2,C3_3,D3_2,F3_3,,,N3_2,L_1,M_2
135581,L1,L1,L3,L2,L3,L3,L1,L1,L2,C3_3,D3_2,F3_3,,,N3_2,L_2,M_1
135582,L1,L1,L3,L2,L3,L3,L1,L1,L2,C3_3,D3_2,F3_3,,,N3_2,L_2,M_2
135583,L1,L1,L3,L2,L3,L3,L1,L1,L2,C3_3,D3_2,F3_3,,,N3_2,L_3,M_1
135584,L1,L1,L3,L2,L3,L3,L1,L1,L2,C3_3,D3_2,F3_3,,,N3_2,L_3,M_2
135585,L1,L1,L3,L2,L3,L3,L1,L1,L2,C3_3,D3_3,F3_1,,,N3_1,L_1,M_1
135586,L1,L1,L3,L2,L3,L3,L1,L1,L2,C3_3,D3_3,F3_1,,,N3_1,L_1,M_2
135587,L1,L1,L3,L2,L3,L3,L1,L1,L2,C3_3,D3_3,F3_1,,,N3_1,L_2,M_1
135588,L1,L1,L3,L2,L3,L3,L1,L1,L2,C3_3,D3_3,F3_1,,,N3_1,L_2,M_2
135589,L1,L1,L3,L2,L3,L3,L1,L1,L2,C3_3,D3_3,F3_1,,,N3_1,L_3,M_1
135590,L1,L1,L3,L2,L3,L3,L1,L1,L2,C3_3,D3_3,F3_1,,,N3_1,L_3,M_2
135591,L1,L1,L3,L2,L3,L3,L1,L1,L2,C3_3,D3_3,F3_1,,,N3_2,L_1,M_1
135592,L1,L1,L3,L2,L3,L3,L1,L1,L2,C3_3,D3_3,F3_1,,,N3_2,L_1,M_2
135593,L1,L1,L3,L2,L3,L3,L1,L1,L2,C3_3,D3_3,F3_1,,,N3_2,L_2,M_1
135594,L1,L1,L3,L2,L3,L3,L1,L1,L2,C3_3,D3_3,F3_1,,,N3_2,L_2,M_2
135595,L1,L1,L3,L2,L3,L3,L1,L1,L2,C3_3,D3_3,F3_1,,,N3_2,L_3,M_1
135596,L1,L1,L3,L2,L3,L3,L1,L1,L2,C3_3,D3_3,F3_1,,,N3_2,L_3,M_2
135597,L1,L1,L3,L2,L3,L3,L1,L1,L2,C3_3,D3_3,F3_2,,,N3_1,L_1,M_1
135598,L1,L1,L3,L2,L3,L3,L1,L1,L2,C3_3,D3_3,F3_2,,,N3_1,L_1,M_2
135599,L1,L1,L3,L2,L3,L3,L1,L1,L2,C3_3,D3_3,F3_2,,,N3_1,L_2,M_1
135600,L1,L1,L3,L2,L3,L3,L1,L1,L2,C3_3,D3_3,F3_2,,,N3_1,L_2,M_2
135601,L1,L1,L3,L2,L3,L3,L1,L1,L2,C3_3,D3_3,F3_2,,,N3_1,L_3,M_1
135602,L1,L1,L3,L2,L3,L3,L1,L1,L2,C3_3,D3_3,F3_2,,,N3_1,L_3,M_2
135603,L1,L1,L3,L2,L3,L3,L1,L1,L2,C3_3,D3_3,F3_2,,,N3_2,L_1,M_1
135604,L1,L1,L3,L2,L3,L3,L1,L1,L2,C3_3,D3_3,F3_2,,,N3_2,L_1,M_2
135605,L1,L1,L3,L2,L3,L3,L1,L1,L2,C3_3,D3_3,F3_2,,,N3_2,L_2,M_1
135606,L1,L1,L3,L2,L3,L3,L1,L1,L2,C3_3,D3_3,F3_2,,,N3_2,L_2,M_2
135607,L1,L1,L3,L2,L3,L3,L1,L1,L2,C3_3,D3_3,F3_2,,,N3_2,L_3,M_1
135608,L1,L1,L3,L2,L3,L3,L1,L1,L2,C3_3,D3_3,F3_2,,,N3_2,L_3,M_2
135609,L1,L1,L3,L2,L3,L3,L1,L1,L2,C3_3,D3_3,F3_3,,,N3_1,L_1,M_1
135610,L1,L1,L3,L2,L3,L3,L1,L1,L2,C3_3,D3_3,F3_3,,,N3_1,L_1,M_2
135611,L1,L1,L3,L2,L3,L3,L1,L1,L2,C3_3,D3_3,F3_3,,,N3_1,L_2,M_1
135612,L1,L1,L3,L2,L3,L3,L1,L1,L2,C3_3,D3_3,F3_3,,,N3_1,L_2,M_2
135613,L1,L1,L3,L2,L3,L3,L1,L1,L2,C3_3,D3_3,F3_3,,,N3_1,L_3,M_1
135614,L1,L1,L3,L2,L3,L3,L1,L1,L2,C3_3,D3_3,F3_3,,,N3_1,L_3,M_2
135615,L1,L1,L3,L2,L3,L3,L1,L1,L2,C3_3,D3_3,F3_3,,,N3_2,L_1,M_1
135616,L1,L1,L3,L2,L3,L3,L1,L1,L2,C3_3,D3_3,F3_3,,,N3_2,L_1,M_2
135617,L1,L1,L3,L2,L3,L3,L1,L1,L2,C3_3,D3_3,F3_3,,,N3_2,L_2,M_1
135618,L1,L1,L3,L2,L3,L3,L1,L1,L2,C3_3,D3_3,F3_3,,,N3_2,L_2,M_2
135619,L1,L1,L3,L2,L3,L3,L1,L1,L2,C3_3,D3_3,F3_3,,,N3_2,L_3,M_1
135620,L1,L1,L3,L2,L3,L3,L1,L1,L2,C3_3,D3_3,F3_3,,,N3_2,L_3,M_2
157653,L3,L2,L2,L3,L1,L3,L1,L1,L2,C3_1,D3_1,F3_1,,,N3_1,L_1,M_1
157654,L3,L2,L2,L3,L1,L3,L1,L1,L2,C3_1,D3_1,F3_1,,,N3_1,L_1,M_2
157655,L3,L2,L2,L3,L1,L3,L1,L1,L2,C3_1,D3_1,F3_1,,,N3_1,L_2,M_1
157656,L3,L2,L2,L3,L1,L3,L1,L1,L2,C3_1,D3_1,F3_1,,,N3_1,L_2,M_2
157657,L3,L2,L2,L3,L1,L3,L1,L1,L2,C3_1,D3_1,F3_1,,,N3_1,L_3,M_1
157658,L3,L2,L2,L3,L1,L3,L1,L1,L2,C3_1,D3_1,F3_1,,,N3_1,L_3,M_2
157659,L3,L2,L2,L3,L1,L3,L1,L1,L2,C3_1,D3_1,F3_1,,,N3_2,L_1,M_1
157660,L3,L2,L2,L3,L1,L3,L1,L1,L2,C3_1,D3_1,F3_1,,,N3_2,L_1,M_2
157661,L3,L2,L2,L3,L1,L3,L1,L1,L2,C3_1,D3_1,F3_1,,,N3_2,L_2,M_1
157662,L3,L2,L2,L3,L1,L3,L1,L1,L2,C3_1,D3_1,F3_1,,,N3_2,L_2,M_2
157663,L3,L2,L2,L3,L1,L3,L1,L1,L2,C3_1,D3_1,F3_1,,,N3_2,L_3,M_1
157664,L3,L2,L2,L3,L1,L3,L1,L1,L2,C3_1,D3_1,F3_1,,,N3_2,L_3,M_2
157665,L3,L2,L2,L3,L1,L3,L1,L1,L2,C3_1,D3_1,F3_2,,,N3_1,L_1,M_1
157666,L3,L2,L2,L3,L1,L3,L1,L1,L2,C3_1,D3_1,F3_2,,,N3_1,L_1,M_2
157667,L3,L2,L2,L3,L1,L3,L1,L1,L2,C3_1,D3_1,F3_2,,,N3_1,L_2,M_1
157668,L3,L2,L2,L3,L1,L3,L1,L1,L2,C3_1,D3_1,F3_2,,,N3_1,L_2,M_2
157669,L3,L2,L2,L3,L1,L3,L1,L1,L2,C3_1,D3_1,F3_2,,,N3_1,L_3,M_1
157670,L3,L2,L2,L3,L1,L3,L1,L1,L2,C3_1,D3_1,F3_2,,,N3_1,L_3,M_2
157671,L3,L2,L2,L3,L1,L3,L1,L1,L2,C3_1,D3_1,F3_2,,,N3_2,L_1,M_1
157672,L3,L2,L2,L3,L1,L3,L1,L1,L2,C3_1,D3_1,F3_2,,,N3_2,L_1,M_2
157673,L3,L2,L2,L3,L1,L3,L1,L1,L2,C3_1,D3_1,F3_2,,,N3_2,L_2,M_1
157674,L3,L2,L2,L3,L1,L3,L1,L1,L2,C3_1,D3_1,F3_2,,,N3_2,L_2,M_2
157675,L3,L2,L2,L3,L1,L3,L1,L1,L2,C3_1,D3_1,F3_2,,,N3_2,L_3,M_1
157676,L3,L2,L2,L3,L1,L3,L1,L1,L2,C3_1,D3_1,F3_2,,,N3_2,L_3,M_2
157677,L3,L2,L2,L3,L1,L3,L1,L1,L2,C3_1,D3_1,F3_3,,,N3_1,L_1,M_1
157678,L3,L2,L2,L3,L1,L3,L1,L1,L2,C3_1,D3_1,F3_3,,,N3_1,L_1,M_2
157679,L3,L2,L2,L3,L1,L3,L1,L1,L2,C3_1,D3_1,F3_3,,,N3_1,L_2,M_1
157680,L3,L2,L2,L3,L1,L3,L1,L1,L2,C3_1,D3_1,F3_3,,,N3_1,L_2,M_2
157681,L3,L2,L2,L3,L1,L3,L1,L1,L2,C3_1,D3_1,F3_3,,,N3_1,L_3,M_1
157682,L3,L2,L2,L3,L1,L3,L1,L1,L2,C3_1,D3_1,F3_3,,,N3_1,L_3,M_2
157683,L3,L2,L2,L3,L1,L3,L1,L1,L2,C3_1,D3_1,F3_3,,,N3_2,L_1,M_1
157684,L3,L2,L2,L3,L1,L3,L1,L1,L2,C3_1,D3_1,F3_3,,,N3_2,L_1,M_2
157685,L3,L2,L2,L3,L1,L3,L1,L1,L2,C3_1,D3_1,F3_3,,,N3_2,L_2,M_1
157686,L3,L2,L2,L3,L1,L3,L1,L1,L2,C3_1,D3_1,F3_3,,,N3_2,L_2,M_2
157687,L3,L2,L2,L3,L1,L3,L1,L1,L2,C3_1,D3_1,F3_3,,,N3_2,L_3,M_1
157688,L3,L2,L2,L3,L1,L3,L1,L1,L2,C3_1,D3_1,F3_3,,,N3_2,L_3,M_2
157689,L3,L2,L2,L3,L1,L3,L1,L1,L2,C3_1,D3_2,F3_1,,,N3_1,L_1,M_1
157690,L3,L2,L2,L3,L1,L3,L1,L1,L2,C3_1,D3_2,F3_1,,,N3_1,L_1,M_2
157691,L3,L2,L2,L3,L1,L3,L1,L1,L2,C3_1,D3_2,F3_1,,,N3_1,L_2,M_1
157692,L3,L2,L2,L3,L1,L3,L1,L1,L2,C3_1,D3_2,F3_1,,,N3_1,L_2,M_2
157693,L3,L2,L2,L3,L1,L3,L1,L1,L2,C3_1,D3_2,F3_1,,,N3_1,L_3,M_1
157694,L3,L2,L2,L3,L1,L3,L1,L1,L2,C3_1,D3_2,F3_1,,,N3_1,L_3,M_2
157695,L3,L2,L2,L3,L1,L3,L1,L1,L2,C3_1,D3_2,F3_1,,,N3_2,L_1,M_1
157696,L3,L2,L2,L3,L1,L3,L1,L1,L2,C3_1,D3_2,F3_1,,,N3_2,L_1,M_2
157697,L3,L2,L2,L3,L1,L3,L1,L1,L2,C3_1,D3_2,F3_1,,,N3_2,L_2,M_1
157698,L3,L2,L2,L3,L1,L3,L1,L1,L2,C3_1,D3_2,F3_1,,,N3_2,L_2,M_2
157699,L3,L2,L2,L3,L1,L3,L1,L1,L2,C3_1,D3_2,F3_1,,,N3_2,L_3,M_1
157700,L3,L2,L2,L3,L1,L3,L1,L1,L2,C3_1,D3_2,F3_1,,,N3_2,L_3,M_2
157701,L3,L2,L2,L3,L1,L3,L1,L1,L2,C3_1,D3_2,F3_2,,,N3_1,L_1,M_1
157702,L3,L2,L2,L3,L1,L3,L1,L1,L2,C3_1,D3_2,F3_2,,,N3_1,L_1,M_2
157703,L3,L2,L2,L3,L1,L3,L1,L1,L2,C3_1,D3_2,F3_2,,,N3_1,L_2,M_1
157704,L3,L2,L2,L3,L1,L3,L1,L1,L2,C3_1,D3_2,F3_2,,,N3_1,L_2,M_2
157705,L3,L2,L2,L3,L1,L3,L1,L1,L2,C3_1,D3_2,F3_2,,,N3_1,L_3,M_1
157706,L3,L2,L2,L3,L1,L3,L1,L1,L2,C3_1,D3_2,F3_2,,,N3_1,L_3,M_2
157707,L3,L2,L2,L3,L1,L3,L1,L1,L2,C3_1,D3_2,F3_2,,,N3_2,L_1,M_1
157708,L3,L2,L2,L3,L1,L3,L1,L1,L2,C3_1,D3_2,F3_2,,,N3_2,L_1,M_2
157709,L3,L2,L2,L3,L1,L3,L1,L1,L2,C3_1,D3_2,F3_2,,,N3_2,L_2,M_1
157710,L3,L2,L2,L3,L1,L3,L1,L1,L2,C3_1,D3_2,F3_2,,,N3_2,L_2,M_2
157711,L3,L2,L2,L3,L1,L3,L1,L1,L2,C3_1,D3_2,F3_2,,,N3_2,L_3,M_1
157712,L3,L2,L2,L3,L1,L3,L1,L1,L2,C3_1,D3_2,F3_2,,,N3_2,L_3,M_2
157713,L3,L2,L2,L3,L1,L3,L1,L1,L2,C3_1,D3_2,F3_3,,,N3_1,L_1,M_1
157714,L3,L2,L2,L3,L1,L3,L1,L1,L2,C3_1,D3_2,F3_3,,,N3_1,L_1,M_2
157715,L3,L2,L2,L3,L1,L3,L1,L1,L2,C3_1,D3_2,F3_3,,,N3_1,L_2,M_1
157716,L3,L2,L2,L3,L1,L3,L1,L1,L2,C3_1,D3_2,F3_3,,,N3_1,L_2,M_2
157717,L3,L2,L2,L3,L1,L3,L1,L1,L2,C3_1,D3_2,F3_3,,,N3_1,L_3,M_1
157718,L3,L2,L2,L3,L1,L3,L1,L1,L2,C3_1,D3_2,F3_3,,,N3_1,L_3,M_2
157719,L3,L2,L2,L3,L1,L3,L1,L1,L2,C3_1,D3_2,F3_3,,,N3_2,L_1,M_1
157720,L3,L2,L2,L3,L1,L3,L1,L1,L2,C3_1,D3_2,F3_3,,,N3_2,L_1,M_2
157721,L3,L2,L2,L3,L1,L3,L1,L1,L2,C3_1,D3_2,F3_3,,,N3_2,L_2,M_1
157722,L3,L2,L2,L3,L1,L3,L1,L1,L2,C3_1,D3_2,F3_3,,,N3_2,L_2,M_2
157723,L3,L2,L2,L3,L1,L3,L1,L1,L2,C3_1,D3_2,F3_3,,,N3_2,L_3,M_1
157724,L3,L2,L2,L3,L1,L3,L1,L1,L2,C3_1,D3_2,F3_3,,,N3_2,L_3,M_2
157725,L3,L2,L2,L3,L1,L3,L1,L1,L2,C3_1,D3_3,F3_1,,,N3_1,L_1,M_1
157726,L3,L2,L2,L3,L1,L3,L1,L1,L2,C3_1,D3_3,F3_1,,,N3_1,L_1,M_2
157727,L3,L2,L2,L3,L1,L3,L1,L1,L2,C3_1,D3_3,F3_1,,,N3_1,L_2,M_1
157728,L3,L2,L2,L3,L1,L3,L1,L1,L2,C3_1,D3_3,F3_1,,,N3_1,L_2,M_2
157729,L3,L2,L2,L3,L1,L3,L1,L1,L2,C3_1,D3_3,F3_1,,,N3_1,L_3,M_1
157730,L3,L2,L2,L3,L1,L3,L1,L1,L2,C3_1,D3_3,F3_1,,,N3_1,L_3,M_2
157731,L3,L2,L2,L3,L1,L3,L1,L1,L2,C3_1,D3_3,F3_1,,,N3_2,L_1,M_1
157732,L3,L2,L2,L3,L1,L3,L1,L1,L2,C3_1,D3_3,F3_1,,,N3_2,L_1,M_2
157733,L3,L2,L2,L3,L1,L3,L1,L1,L2,C3_1,D3_3,F3_1,,,N3_2,L_2,M_1
157734,L3,L2,L2,L3,L1,L3,L1,L1,L2,C3_1,D3_3,F3_1,,,N3_2,L_2,M_2
157735,L3,L2,L2,L3,L1,L3,L1,L1,L2,C3_1,D3_3,F3_1,,,N3_2,L_3,M_1
157736,L3,L2,L2,L3,L1,L3,L1,L1,L2,C3_1,D3_3,F3_1,,,N3_2,L_3,M_2
157737,L3,L2,L2,L3,L1,L3,L1,L1,L2,C3_1,D3_3,F3_2,,,N3_1,L_1,M_1
157738,L3,L2,L2,L3,L1,L3,L1,L1,L2,C3_1,D3_3,F3_2,,,N3_1,L_1,M_2
157739,L3,L2,L2,L3,L1,L3,L1,L1,L2,C3_1,D3_3,F3_2,,,N3_1,L_2,M_1
157740,L3,L2,L2,L3,L1,L3,L1,L1,L2,C3_1,D3_3,F3_2,,,N3_1,L_2,M_2
157741,L3,L2,L2,L3,L1,L3,L1,L1,L2,C3_1,D3_3,F3_2,,,N3_1,L_3,M_1
157742,L3,L2,L2,L3,L1,L3,L1,L1,L2,C3_1,D3_3,F3_2,,,N3_1,L_3,M_2
157743,L3,L2,L2,L3,L1,L3,L1,L1,L2,C3_1,D3_3,F3_2,,,N3_2,L_1,M_1
157744,L3,L2,L2,L3,L1,L3,L1,L1,L2,C3_1,D3_3,F3_2,,,N3_2,L_1,M_2
157745,L3,L2,L2,L3,L1,L3,L1,L1,L2,C3_1,D3_3,F3_2,,,N3_2,L_2,M_1
157746,L3,L2,L2,L3,L1,L3,L1,L1,L2,C3_1,D3_3,F3_2,,,N3_2,L_2,M_2
157747,L3,L2,L2,L3,L1,L3,L1,L1,L2,C3_1,D3_3,F3_2,,,N3_2,L_3,M_1
157748,L3,L2,L2,L3,L1,L3,L1,L1,L2,C3_1,D3_3,F3_2,,,N3_2,L_3,M_2
157749,L3,L2,L2,L3,L1,L3,L1,L1,L2,C3_1,D3_3,F3_3,,,N3_1,L_1,M_1
157750,L3,L2,L2,L3,L1,L3,L1,L1,L2,C3_1,D3_3,F3_3,,,N3_1,L_1,M_2
157751,L3,L2,L2,L3,L1,L3,L1,L1,L2,C3_1,D3_3,F3_3,,,N3_1,L_2,M_1
157752,L3,L2,L2,L3,L1,L3,L1,L1,L2,C3_1,D3_3,F3_3,,,N3_1,L_2,M_2
157753,L3,L2,L2,L3,L1,L3,L1,L1,L2,C3_1,D3_3,F3_3,,,N3_1,L_3,M_1
157754,L3,L2,L2,L3,L1,L3,L1,L1,L2,C3_1,D3_3,F3_3,,,N3_1,L_3,M_2
157755,L3,L2,L2,L3,L1,L3,L1,L1,L2,C3_1,D3_3,F3_3,,,N3_2,L_1,M_1
157756,L3,L2,L2,L3,L1,L3,L1,L1,L2,C3_1,D3_3,F3_3,,,N3_2,L_1,M_2
157757,L3,L2,L2,L3,L1,L3,L1,L1,L2,C3_1,D3_3,F3_3,,,N3_2,L_2,M_1
157758,L3,L2,L2,L3,L1,L3,L1,L1,L2,C3_1,D3_3,F3_3,,,N3_2,L_2,M_2
157759,L3,L2,L2,L3,L1,L3,L1,L1,L2,C3_1,D3_3,F3_3,,,N3_2,L_3,M_1
157760,L3,L2,L2,L3,L1,L3,L1,L1,L2,C3_1,D3_3,F3_3,,,N3_2,L_3,M_2
157761,L3,L2,L2,L3,L1,L3,L1,L1,L2,C3_2,D3_1,F3_1,,,N3_1,L_1,M_1
157762,L3,L2,L2,L3,L1,L3,L1,L1,L2,C3_2,D3_1,F3_1,,,N3_1,L_1,M_2
157763,L3,L2,L2,L3,L1,L3,L1,L1,L2,C3_2,D3_1,F3_1,,,N3_1,L_2,M_1
157764,L3,L2,L2,L3,L1,L3,L1,L1,L2,C3_2,D3_1,F3_1,,,N3_1,L_2,M_2
157765,L3,L2,L2,L3,L1,L3,L1,L1,L2,C3_2,D3_1,F3_1,,,N3_1,L_3,M_1
157766,L3,L2,L2,L3,L1,L3,L1,L1,L2,C3_2,D3_1,F3_1,,,N3_1,L_3,M_2
157767,L3,L2,L2,L3,L1,L3,L1,L1,L2,C3_2,D3_1,F3_1,,,N3_2,L_1,M_1
157768,L3,L2,L2,L3,L1,L3,L1,L1,L2,C3_2,D3_1,F3_1,,,N3_2,L_1,M_2
157769,L3,L2,L2,L3,L1,L3,L1,L1,L2,C3_2,D3_1,F3_1,,,N3_2,L_2,M_1
157770,L3,L2,L2,L3,L1,L3,L1,L1,L2,C3_2,D3_1,F3_1,,,N3_2,L_2,M_2
157771,L3,L2,L2,L3,L1,L3,L1,L1,L2,C3_2,D3_1,F3_1,,,N3_2,L_3,M_1
157772,L3,L2,L2,L3,L1,L3,L1,L1,L2,C3_2,D3_1,F3_1,,,N3_2,L_3,M_2
157773,L3,L2,L2,L3,L1,L3,L1,L1,L2,C3_2,D3_1,F3_2,,,N3_1,L_1,M_1
157774,L3,L2,L2,L3,L1,L3,L1,L1,L2,C3_2,D3_1,F3_2,,,N3_1,L_1,M_2
157775,L3,L2,L2,L3,L1,L3,L1,L1,L2,C3_2,D3_1,F3_2,,,N3_1,L_2,M_1
157776,L3,L2,L2,L3,L1,L3,L1,L1,L2,C3_2,D3_1,F3_2,,,N3_1,L_2,M_2
157777,L3,L2,L2,L3,L1,L3,L1,L1,L2,C3_2,D3_1,F3_2,,,N3_1,L_3,M_1
157778,L3,L2,L2,L3,L1,L3,L1,L1,L2,C3_2,D3_1,F3_2,,,N3_1,L_3,M_2
157779,L3,L2,L2,L3,L1,L3,L1,L1,L2,C3_2,D3_1,F3_2,,,N3_2,L_1,M_1
157780,L3,L2,L2,L3,L1,L3,L1,L1,L2,C3_2,D3_1,F3_2,,,N3_2,L_1,M_2
157781,L3,L2,L2,L3,L1,L3,L1,L1,L2,C3_2,D3_1,F3_2,,,N3_2,L_2,M_1
157782,L3,L2,L2,L3,L1,L3,L1,L1,L2,C3_2,D3_1,F3_2,,,N3_2,L_2,M_2
157783,L3,L2,L2,L3,L1,L3,L1,L1,L2,C3_2,D3_1,F3_2,,,N3_2,L_3,M_1
157784,L3,L2,L2,L3,L1,L3,L1,L1,L2,C3_2,D3_1,F3_2,,,N3_2,L_3,M_2
157785,L3,L2,L2,L3,L1,L3,L1,L1,L2,C3_2,D3_1,F3_3,,,N3_1,L_1,M_1
157786,L3,L2,L2,L3,L1,L3,L1,L1,L2,C3_2,D3_1,F3_3,,,N3_1,L_1,M_2
157787,L3,L2,L2,L3,L1,L3,L1,L1,L2,C3_2,D3_1,F3_3,,,N3_1,L_2,M_1
157788,L3,L2,L2,L3,L1,L3,L1,L1,L2,C3_2,D3_1,F3_3,,,N3_1,L_2,M_2
157789,L3,L2,L2,L3,L1,L3,L1,L1,L2,C3_2,D3_1,F3_3,,,N3_1,L_3,M_1
157790,L3,L2,L2,L3,L1,L3,L1,L1,L2,C3_2,D3_1,F3_3,,,N3_1,L_3,M_2
157791,L3,L2,L2,L3,L1,L3,L1,L1,L2,C3_2,D3_1,F3_3,,,N3_2,L_1,M_1
157792,L3,L2,L2,L3,L1,L3,L1,L1,L2,C3_2,D3_1,F3_3,,,N3_2,L_1,M_2
157793,L3,L2,L2,L3,L1,L3,L1,L1,L2,C3_2,D3_1,F3_3,,,N3_2,L_2,M_1
157794,L3,L2,L2,L3,L1,L3,L1,L1,L2,C3_2,D3_1,F3_3,,,N3_2,L_2,M_2
157795,L3,L2,L2,L3,L1,L3,L1,L1,L2,C3_2,D3_1,F3_3,,,N3_2,L_3,M_1
157796,L3,L2,L2,L3,L1,L3,L1,L1,L2,C3_2,D3_1,F3_3,,,N3_2,L_3,M_2
157797,L3,L2,L2,L3,L1,L3,L1,L1,L2,C3_2,D3_2,F3_1,,,N3_1,L_1,M_1
157798,L3,L2,L2,L3,L1,L3,L1,L1,L2,C3_2,D3_2,F3_1,,,N3_1,L_1,M_2
157799,L3,L2,L2,L3,L1,L3,L1,L1,L2,C3_2,D3_2,F3_1,,,N3_1,L_2,M_1
157800,L3,L2,L2,L3,L1,L3,L1,L1,L2,C3_2,D3_2,F3_1,,,N3_1,L_2,M_2
157801,L3,L2,L2,L3,L1,L3,L1,L1,L2,C3_2,D3_2,F3_1,,,N3_1,L_3,M_1
157802,L3,L2,L2,L3,L1,L3,L1,L1,L2,C3_2,D3_2,F3_1,,,N3_1,L_3,M_2
157803,L3,L2,L2,L3,L1,L3,L1,L1,L2,C3_2,D3_2,F3_1,,,N3_2,L_1,M_1
157804,L3,L2,L2,L3,L1,L3,L1,L1,L2,C3_2,D3_2,F3_1,,,N3_2,L_1,M_2
157805,L3,L2,L2,L3,L1,L3,L1,L1,L2,C3_2,D3_2,F3_1,,,N3_2,L_2,M_1
157806,L3,L2,L2,L3,L1,L3,L1,L1,L2,C3_2,D3_2,F3_1,,,N3_2,L_2,M_2
157807,L3,L2,L2,L3,L1,L3,L1,L1,L2,C3_2,D3_2,F3_1,,,N3_2,L_3,M_1
157808,L3,L2,L2,L3,L1,L3,L1,L1,L2,C3_2,D3_2,F3_1,,,N3_2,L_3,M_2
157809,L3,L2,L2,L3,L1,L3,L1,L1,L2,C3_2,D3_2,F3_2,,,N3_1,L_1,M_1
157810,L3,L2,L2,L3,L1,L3,L1,L1,L2,C3_2,D3_2,F3_2,,,N3_1,L_1,M_2
157811,L3,L2,L2,L3,L1,L3,L1,L1,L2,C3_2,D3_2,F3_2,,,N3_1,L_2,M_1
157812,L3,L2,L2,L3,L1,L3,L1,L1,L2,C3_2,D3_2,F3_2,,,N3_1,L_2,M_2
157813,L3,L2,L2,L3,L1,L3,L1,L1,L2,C3_2,D3_2,F3_2,,,N3_1,L_3,M_1
157814,L3,L2,L2,L3,L1,L3,L1,L1,L2,C3_2,D3_2,F3_2,,,N3_1,L_3,M_2
157815,L3,L2,L2,L3,L1,L3,L1,L1,L2,C3_2,D3_2,F3_2,,,N3_2,L_1,M_1
157816,L3,L2,L2,L3,L1,L3,L1,L1,L2,C3_2,D3_2,F3_2,,,N3_2,L_1,M_2
157817,L3,L2,L2,L3,L1,L3,L1,L1,L2,C3_2,D3_2,F3_2,,,N3_2,L_2,M_1
157818,L3,L2,L2,L3,L1,L3,L1,L1,L2,C3_2,D3_2,F3_2,,,N3_2,L_2,M_2
157819,L3,L2,L2,L3,L1,L3,L1,L1,L2,C3_2,D3_2,F3_2,,,N3_2,L_3,M_1
157820,L3,L2,L2,L3,L1,L3,L1,L1,L2,C3_2,D3_2,F3_2,,,N3_2,L_3,M_2
157821,L3,L2,L2,L3,L1,L3,L1,L1,L2,C3_2,D3_2,F3_3,,,N3_1,L_1,M_1
157822,L3,L2,L2,L3,L1,L3,L1,L1,L2,C3_2,D3_2,F3_3,,,N3_1,L_1,M_2
157823,L3,L2,L2,L3,L1,L3,L1,L1,L2,C3_2,D3_2,F3_3,,,N3_1,L_2,M_1
157824,L3,L2,L2,L3,L1,L3,L1,L1,L2,C3_2,D3_2,F3_3,,,N3_1,L_2,M_2
157825,L3,L2,L2,L3,L1,L3,L1,L1,L2,C3_2,D3_2,F3_3,,,N3_1,L_3,M_1
157826,L3,L2,L2,L3,L1,L3,L1,L1,L2,C3_2,D3_2,F3_3,,,N3_1,L_3,M_2
157827,L3,L2,L2,L3,L1,L3,L1,L1,L2,C3_2,D3_2,F3_3,,,N3_2,L_1,M_1
157828,L3,L2,L2,L3,L1,L3,L1,L1,L2,C3_2,D3_2,F3_3,,,N3_2,L_1,M_2
157829,L3,L2,L2,L3,L1,L3,L1,L1,L2,C3_2,D3_2,F3_3,,,N3_2,L_2,M_1
157830,L3,L2,L2,L3,L1,L3,L1,L1,L2,C3_2,D3_2,F3_3,,,N3_2,L_2,M_2
157831,L3,L2,L2,L3,L1,L3,L1,L1,L2,C3_2,D3_2,F3_3,,,N3_2,L_3,M_1
157832,L3,L2,L2,L3,L1,L3,L1,L1,L2,C3_2,D3_2,F3_3,,,N3_2,L_3,M_2
157833,L3,L2,L2,L3,L1,L3,L1,L1,L2,C3_2,D3_3,F3_1,,,N3_1,L_1,M_1
157834,L3,L2,L2,L3,L1,L3,L1,L1,L2,C3_2,D3_3,F3_1,,,N3_1,L_1,M_2
157835,L3,L2,L2,L3,L1,L3,L1,L1,L2,C3_2,D3_3,F3_1,,,N3_1,L_2,M_1
157836,L3,L2,L2,L3,L1,L3,L1,L1,L2,C3_2,D3_3,F3_1,,,N3_1,L_2,M_2
157837,L3,L2,L2,L3,L1,L3,L1,L1,L2,C3_2,D3_3,F3_1,,,N3_1,L_3,M_1
157838,L3,L2,L2,L3,L1,L3,L1,L1,L2,C3_2,D3_3,F3_1,,,N3_1,L_3,M_2
157839,L3,L2,L2,L3,L1,L3,L1,L1,L2,C3_2,D3_3,F3_1,,,N3_2,L_1,M_1
157840,L3,L2,L2,L3,L1,L3,L1,L1,L2,C3_2,D3_3,F3_1,,,N3_2,L_1,M_2
157841,L3,L2,L2,L3,L1,L3,L1,L1,L2,C3_2,D3_3,F3_1,,,N3_2,L_2,M_1
157842,L3,L2,L2,L3,L1,L3,L1,L1,L2,C3_2,D3_3,F3_1,,,N3_2,L_2,M_2
157843,L3,L2,L2,L3,L1,L3,L1,L1,L2,C3_2,D3_3,F3_1,,,N3_2,L_3,M_1
157844,L3,L2,L2,L3,L1,L3,L1,L1,L2,C3_2,D3_3,F3_1,,,N3_2,L_3,M_2
157845,L3,L2,L2,L3,L1,L3,L1,L1,L2,C3_2,D3_3,F3_2,,,N3_1,L_1,M_1
157846,L3,L2,L2,L3,L1,L3,L1,L1,L2,C3_2,D3_3,F3_2,,,N3_1,L_1,M_2
157847,L3,L2,L2,L3,L1,L3,L1,L1,L2,C3_2,D3_3,F3_2,,,N3_1,L_2,M_1
157848,L3,L2,L2,L3,L1,L3,L1,L1,L2,C3_2,D3_3,F3_2,,,N3_1,L_2,M_2
157849,L3,L2,L2,L3,L1,L3,L1,L1,L2,C3_2,D3_3,F3_2,,,N3_1,L_3,M_1
157850,L3,L2,L2,L3,L1,L3,L1,L1,L2,C3_2,D3_3,F3_2,,,N3_1,L_3,M_2
157851,L3,L2,L2,L3,L1,L3,L1,L1,L2,C3_2,D3_3,F3_2,,,N3_2,L_1,M_1
157852,L3,L2,L2,L3,L1,L3,L1,L1,L2,C3_2,D3_3,F3_2,,,N3_2,L_1,M_2
157853,L3,L2,L2,L3,L1,L3,L1,L1,L2,C3_2,D3_3,F3_2,,,N3_2,L_2,M_1
157854,L3,L2,L2,L3,L1,L3,L1,L1,L2,C3_2,D3_3,F3_2,,,N3_2,L_2,M_2
157855,L3,L2,L2,L3,L1,L3,L1,L1,L2,C3_2,D3_3,F3_2,,,N3_2,L_3,M_1
157856,L3,L2,L2,L3,L1,L3,L1,L1,L2,C3_2,D3_3,F3_2,,,N3_2,L_3,M_2
157857,L3,L2,L2,L3,L1,L3,L1,L1,L2,C3_2,D3_3,F3_3,,,N3_1,L_1,M_1
157858,L3,L2,L2,L3,L1,L3,L1,L1,L2,C3_2,D3_3,F3_3,,,N3_1,L_1,M_2
157859,L3,L2,L2,L3,L1,L3,L1,L1,L2,C3_2,D3_3,F3_3,,,N3_1,L_2,M_1
157860,L3,L2,L2,L3,L1,L3,L1,L1,L2,C3_2,D3_3,F3_3,,,N3_1,L_2,M_2
157861,L3,L2,L2,L3,L1,L3,L1,L1,L2,C3_2,D3_3,F3_3,,,N3_1,L_3,M_1
157862,L3,L2,L2,L3,L1,L3,L1,L1,L2,C3_2,D3_3,F3_3,,,N3_1,L_3,M_2
157863,L3,L2,L2,L3,L1,L3,L1,L1,L2,C3_2,D3_3,F3_3,,,N3_2,L_1,M_1
157864,L3,L2,L2,L3,L1,L3,L1,L1,L2,C3_2,D3_3,F3_3,,,N3_2,L_1,M_2
157865,L3,L2,L2,L3,L1,L3,L1,L1,L2,C3_2,D3_3,F3_3,,,N3_2,L_2,M_1
157866,L3,L2,L2,L3,L1,L3,L1,L1,L2,C3_2,D3_3,F3_3,,,N3_2,L_2,M_2
157867,L3,L2,L2,L3,L1,L3,L1,L1,L2,C3_2,D3_3,F3_3,,,N3_2,L_3,M_1
157868,L3,L2,L2,L3,L1,L3,L1,L1,L2,C3_2,D3_3,F3_3,,,N3_2,L_3,M_2
157869,L3,L2,L2,L3,L1,L3,L1,L1,L2,C3_3,D3_1,F3_1,,,N3_1,L_1,M_1
157870,L3,L2,L2,L3,L1,L3,L1,L1,L2,C3_3,D3_1,F3_1,,,N3_1,L_1,M_2
157871,L3,L2,L2,L3,L1,L3,L1,L1,L2,C3_3,D3_1,F3_1,,,N3_1,L_2,M_1
157872,L3,L2,L2,L3,L1,L3,L1,L1,L2,C3_3,D3_1,F3_1,,,N3_1,L_2,M_2
157873,L3,L2,L2,L3,L1,L3,L1,L1,L2,C3_3,D3_1,F3_1,,,N3_1,L_3,M_1
157874,L3,L2,L2,L3,L1,L3,L1,L1,L2,C3_3,D3_1,F3_1,,,N3_1,L_3,M_2
157875,L3,L2,L2,L3,L1,L3,L1,L1,L2,C3_3,D3_1,F3_1,,,N3_2,L_1,M_1
157876,L3,L2,L2,L3,L1,L3,L1,L1,L2,C3_3,D3_1,F3_1,,,N3_2,L_1,M_2
157877,L3,L2,L2,L3,L1,L3,L1,L1,L2,C3_3,D3_1,F3_1,,,N3_2,L_2,M_1
157878,L3,L2,L2,L3,L1,L3,L1,L1,L2,C3_3,D3_1,F3_1,,,N3_2,L_2,M_2
157879,L3,L2,L2,L3,L1,L3,L1,L1,L2,C3_3,D3_1,F3_1,,,N3_2,L_3,M_1
157880,L3,L2,L2,L3,L1,L3,L1,L1,L2,C3_3,D3_1,F3_1,,,N3_2,L_3,M_2
157881,L3,L2,L2,L3,L1,L3,L1,L1,L2,C3_3,D3_1,F3_2,,,N3_1,L_1,M_1
157882,L3,L2,L2,L3,L1,L3,L1,L1,L2,C3_3,D3_1,F3_2,,,N3_1,L_1,M_2
157883,L3,L2,L2,L3,L1,L3,L1,L1,L2,C3_3,D3_1,F3_2,,,N3_1,L_2,M_1
157884,L3,L2,L2,L3,L1,L3,L1,L1,L2,C3_3,D3_1,F3_2,,,N3_1,L_2,M_2
157885,L3,L2,L2,L3,L1,L3,L1,L1,L2,C3_3,D3_1,F3_2,,,N3_1,L_3,M_1
157886,L3,L2,L2,L3,L1,L3,L1,L1,L2,C3_3,D3_1,F3_2,,,N3_1,L_3,M_2
157887,L3,L2,L2,L3,L1,L3,L1,L1,L2,C3_3,D3_1,F3_2,,,N3_2,L_1,M_1
157888,L3,L2,L2,L3,L1,L3,L1,L1,L2,C3_3,D3_1,F3_2,,,N3_2,L_1,M_2
157889,L3,L2,L2,L3,L1,L3,L1,L1,L2,C3_3,D3_1,F3_2,,,N3_2,L_2,M_1
157890,L3,L2,L2,L3,L1,L3,L1,L1,L2,C3_3,D3_1,F3_2,,,N3_2,L_2,M_2
157891,L3,L2,L2,L3,L1,L3,L1,L1,L2,C3_3,D3_1,F3_2,,,N3_2,L_3,M_1
157892,L3,L2,L2,L3,L1,L3,L1,L1,L2,C3_3,D3_1,F3_2,,,N3_2,L_3,M_2
157893,L3,L2,L2,L3,L1,L3,L1,L1,L2,C3_3,D3_1,F3_3,,,N3_1,L_1,M_1
157894,L3,L2,L2,L3,L1,L3,L1,L1,L2,C3_3,D3_1,F3_3,,,N3_1,L_1,M_2
157895,L3,L2,L2,L3,L1,L3,L1,L1,L2,C3_3,D3_1,F3_3,,,N3_1,L_2,M_1
157896,L3,L2,L2,L3,L1,L3,L1,L1,L2,C3_3,D3_1,F3_3,,,N3_1,L_2,M_2
157897,L3,L2,L2,L3,L1,L3,L1,L1,L2,C3_3,D3_1,F3_3,,,N3_1,L_3,M_1
157898,L3,L2,L2,L3,L1,L3,L1,L1,L2,C3_3,D3_1,F3_3,,,N3_1,L_3,M_2
157899,L3,L2,L2,L3,L1,L3,L1,L1,L2,C3_3,D3_1,F3_3,,,N3_2,L_1,M_1
157900,L3,L2,L2,L3,L1,L3,L1,L1,L2,C3_3,D3_1,F3_3,,,N3_2,L_1,M_2
157901,L3,L2,L2,L3,L1,L3,L1,L1,L2,C3_3,D3_1,F3_3,,,N3_2,L_2,M_1
157902,L3,L2,L2,L3,L1,L3,L1,L1,L2,C3_3,D3_1,F3_3,,,N3_2,L_2,M_2
157903,L3,L2,L2,L3,L1,L3,L1,L1,L2,C3_3,D3_1,F3_3,,,N3_2,L_3,M_1
157904,L3,L2,L2,L3,L1,L3,L1,L1,L2,C3_3,D3_1,F3_3,,,N3_2,L_3,M_2
157905,L3,L2,L2,L3,L1,L3,L1,L1,L2,C3_3,D3_2,F3_1,,,N3_1,L_1,M_1
157906,L3,L2,L2,L3,L1,L3,L1,L1,L2,C3_3,D3_2,F3_1,,,N3_1,L_1,M_2
157907,L3,L2,L2,L3,L1,L3,L1,L1,L2,C3_3,D3_2,F3_1,,,N3_1,L_2,M_1
157908,L3,L2,L2,L3,L1,L3,L1,L1,L2,C3_3,D3_2,F3_1,,,N3_1,L_2,M_2
157909,L3,L2,L2,L3,L1,L3,L1,L1,L2,C3_3,D3_2,F3_1,,,N3_1,L_3,M_1
157910,L3,L2,L2,L3,L1,L3,L1,L1,L2,C3_3,D3_2,F3_1,,,N3_1,L_3,M_2
157911,L3,L2,L2,L3,L1,L3,L1,L1,L2,C3_3,D3_2,F3_1,,,N3_2,L_1,M_1
157912,L3,L2,L2,L3,L1,L3,L1,L1,L2,C3_3,D3_2,F3_1,,,N3_2,L_1,M_2
157913,L3,L2,L2,L3,L1,L3,L1,L1,L2,C3_3,D3_2,F3_1,,,N3_2,L_2,M_1
157914,L3,L2,L2,L3,L1,L3,L1,L1,L2,C3_3,D3_2,F3_1,,,N3_2,L_2,M_2
157915,L3,L2,L2,L3,L1,L3,L1,L1,L2,C3_3,D3_2,F3_1,,,N3_2,L_3,M_1
157916,L3,L2,L2,L3,L1,L3,L1,L1,L2,C3_3,D3_2,F3_1,,,N3_2,L_3,M_2
157917,L3,L2,L2,L3,L1,L3,L1,L1,L2,C3_3,D3_2,F3_2,,,N3_1,L_1,M_1
157918,L3,L2,L2,L3,L1,L3,L1,L1,L2,C3_3,D3_2,F3_2,,,N3_1,L_1,M_2
157919,L3,L2,L2,L3,L1,L3,L1,L1,L2,C3_3,D3_2,F3_2,,,N3_1,L_2,M_1
157920,L3,L2,L2,L3,L1,L3,L1,L1,L2,C3_3,D3_2,F3_2,,,N3_1,L_2,M_2
157921,L3,L2,L2,L3,L1,L3,L1,L1,L2,C3_3,D3_2,F3_2,,,N3_1,L_3,M_1
157922,L3,L2,L2,L3,L1,L3,L1,L1,L2,C3_3,D3_2,F3_2,,,N3_1,L_3,M_2
157923,L3,L2,L2,L3,L1,L3,L1,L1,L2,C3_3,D3_2,F3_2,,,N3_2,L_1,M_1
157924,L3,L2,L2,L3,L1,L3,L1,L1,L2,C3_3,D3_2,F3_2,,,N3_2,L_1,M_2
157925,L3,L2,L2,L3,L1,L3,L1,L1,L2,C3_3,D3_2,F3_2,,,N3_2,L_2,M_1
157926,L3,L2,L2,L3,L1,L3,L1,L1,L2,C3_3,D3_2,F3_2,,,N3_2,L_2,M_2
157927,L3,L2,L2,L3,L1,L3,L1,L1,L2,C3_3,D3_2,F3_2,,,N3_2,L_3,M_1
157928,L3,L2,L2,L3,L1,L3,L1,L1,L2,C3_3,D3_2,F3_2,,,N3_2,L_3,M_2
157929,L3,L2,L2,L3,L1,L3,L1,L1,L2,C3_3,D3_2,F3_3,,,N3_1,L_1,M_1
157930,L3,L2,L2,L3,L1,L3,L1,L1,L2,C3_3,D3_2,F3_3,,,N3_1,L_1,M_2
157931,L3,L2,L2,L3,L1,L3,L1,L1,L2,C3_3,D3_2,F3_3,,,N3_1,L_2,M_1
157932,L3,L2,L2,L3,L1,L3,L1,L1,L2,C3_3,D3_2,F3_3,,,N3_1,L_2,M_2
157933,L3,L2,L2,L3,L1,L3,L1,L1,L2,C3_3,D3_2,F3_3,,,N3_1,L_3,M_1
157934,L3,L2,L2,L3,L1,L3,L1,L1,L2,C3_3,D3_2,F3_3,,,N3_1,L_3,M_2
157935,L3,L2,L2,L3,L1,L3,L1,L1,L2,C3_3,D3_2,F3_3,,,N3_2,L_1,M_1
157936,L3,L2,L2,L3,L1,L3,L1,L1,L2,C3_3,D3_2,F3_3,,,N3_2,L_1,M_2
157937,L3,L2,L2,L3,L1,L3,L1,L1,L2,C3_3,D3_2,F3_3,,,N3_2,L_2,M_1
157938,L3,L2,L2,L3,L1,L3,L1,L1,L2,C3_3,D3_2,F3_3,,,N3_2,L_2,M_2
157939,L3,L2,L2,L3,L1,L3,L1,L1,L2,C3_3,D3_2,F3_3,,,N3_2,L_3,M_1
157940,L3,L2,L2,L3,L1,L3,L1,L1,L2,C3_3,D3_2,F3_3,,,N3_2,L_3,M_2
157941,L3,L2,L2,L3,L1,L3,L1,L1,L2,C3_3,D3_3,F3_1,,,N3_1,L_1,M_1
157942,L3,L2,L2,L3,L1,L3,L1,L1,L2,C3_3,D3_3,F3_1,,,N3_1,L_1,M_2
157943,L3,L2,L2,L3,L1,L3,L1,L1,L2,C3_3,D3_3,F3_1,,,N3_1,L_2,M_1
157944,L3,L2,L2,L3,L1,L3,L1,L1,L2,C3_3,D3_3,F3_1,,,N3_1,L_2,M_2
157945,L3,L2,L2,L3,L1,L3,L1,L1,L2,C3_3,D3_3,F3_1,,,N3_1,L_3,M_1
157946,L3,L2,L2,L3,L1,L3,L1,L1,L2,C3_3,D3_3,F3_1,,,N3_1,L_3,M_2
157947,L3,L2,L2,L3,L1,L3,L1,L1,L2,C3_3,D3_3,F3_1,,,N3_2,L_1,M_1
157948,L3,L2,L2,L3,L1,L3,L1,L1,L2,C3_3,D3_3,F3_1,,,N3_2,L_1,M_2
157949,L3,L2,L2,L3,L1,L3,L1,L1,L2,C3_3,D3_3,F3_1,,,N3_2,L_2,M_1
157950,L3,L2,L2,L3,L1,L3,L1,L1,L2,C3_3,D3_3,F3_1,,,N3_2,L_2,M_2
157951,L3,L2,L2,L3,L1,L3,L1,L1,L2,C3_3,D3_3,F3_1,,,N3_2,L_3,M_1
157952,L3,L2,L2,L3,L1,L3,L1,L1,L2,C3_3,D3_3,F3_1,,,N3_2,L_3,M_2
157953,L3,L2,L2,L3,L1,L3,L1,L1,L2,C3_3,D3_3,F3_2,,,N3_1,L_1,M_1
157954,L3,L2,L2,L3,L1,L3,L1,L1,L2,C3_3,D3_3,F3_2,,,N3_1,L_1,M_2
157955,L3,L2,L2,L3,L1,L3,L1,L1,L2,C3_3,D3_3,F3_2,,,N3_1,L_2,M_1
157956,L3,L2,L2,L3,L1,L3,L1,L1,L2,C3_3,D3_3,F3_2,,,N3_1,L_2,M_2
157957,L3,L2,L2,L3,L1,L3,L1,L1,L2,C3_3,D3_3,F3_2,,,N3_1,L_3,M_1
157958,L3,L2,L2,L3,L1,L3,L1,L1,L2,C3_3,D3_3,F3_2,,,N3_1,L_3,M_2
157959,L3,L2,L2,L3,L1,L3,L1,L1,L2,C3_3,D3_3,F3_2,,,N3_2,L_1,M_1
157960,L3,L2,L2,L3,L1,L3,L1,L1,L2,C3_3,D3_3,F3_2,,,N3_2,L_1,M_2
157961,L3,L2,L2,L3,L1,L3,L1,L1,L2,C3_3,D3_3,F3_2,,,N3_2,L_2,M_1
157962,L3,L2,L2,L3,L1,L3,L1,L1,L2,C3_3,D3_3,F3_2,,,N3_2,L_2,M_2
157963,L3,L2,L2,L3,L1,L3,L1,L1,L2,C3_3,D3_3,F3_2,,,N3_2,L_3,M_1
157964,L3,L2,L2,L3,L1,L3,L1,L1,L2,C3_3,D3_3,F3_2,,,N3_2,L_3,M_2
157965,L3,L2,L2,L3,L1,L3,L1,L1,L2,C3_3,D3_3,F3_3,,,N3_1,L_1,M_1
157966,L3,L2,L2,L3,L1,L3,L1,L1,L2,C3_3,D3_3,F3_3,,,N3_1,L_1,M_2
157967,L3,L2,L2,L3,L1,L3,L1,L1,L2,C3_3,D3_3,F3_3,,,N3_1,L_2,M_1
157968,L3,L2,L2,L3,L1,L3,L1,L1,L2,C3_3,D3_3,F3_3,,,N3_1,L_2,M_2
157969,L3,L2,L2,L3,L1,L3,L1,L1,L2,C3_3,D3_3,F3_3,,,N3_1,L_3,M_1
157970,L3,L2,L2,L3,L1,L3,L1,L1,L2,C3_3,D3_3,F3_3,,,N3_1,L_3,M_2
157971,L3,L2,L2,L3,L1,L3,L1,L1,L2,C3_3,D3_3,F3_3,,,N3_2,L_1,M_1
157972,L3,L2,L2,L3,L1,L3,L1,L1,L2,C3_3,D3_3,F3_3,,,N3_2,L_1,M_2
157973,L3,L2,L2,L3,L1,L3,L1,L1,L2,C3_3,D3_3,F3_3,,,N3_2,L_2,M_1
157974,L3,L2,L2,L3,L1,L3,L1,L1,L2,C3_3,D3_3,F3_3,,,N3_2,L_2,M_2
157975,L3,L2,L2,L3,L1,L3,L1,L1,L2,C3_3,D3_3,F3_3,,,N3_2,L_3,M_1
157976,L3,L2,L2,L3,L1,L3,L1,L1,L2,C3_3,D3_3,F3_3,,,N3_2,L_3,M_2
176958,L3,L3,L1,L3,L2,L3,L1,L1,L2,C3_1,D3_1,F3_1,,,N3_1,L_1,M_1
176959,L3,L3,L1,L3,L2,L3,L1,L1,L2,C3_1,D3_1,F3_1,,,N3_1,L_1,M_2
176960,L3,L3,L1,L3,L2,L3,L1,L1,L2,C3_1,D3_1,F3_1,,,N3_1,L_2,M_1
176961,L3,L3,L1,L3,L2,L3,L1,L1,L2,C3_1,D3_1,F3_1,,,N3_1,L_2,M_2
176962,L3,L3,L1,L3,L2,L3,L1,L1,L2,C3_1,D3_1,F3_1,,,N3_1,L_3,M_1
176963,L3,L3,L1,L3,L2,L3,L1,L1,L2,C3_1,D3_1,F3_1,,,N3_1,L_3,M_2
176964,L3,L3,L1,L3,L2,L3,L1,L1,L2,C3_1,D3_1,F3_1,,,N3_2,L_1,M_1
176965,L3,L3,L1,L3,L2,L3,L1,L1,L2,C3_1,D3_1,F3_1,,,N3_2,L_1,M_2
176966,L3,L3,L1,L3,L2,L3,L1,L1,L2,C3_1,D3_1,F3_1,,,N3_2,L_2,M_1
176967,L3,L3,L1,L3,L2,L3,L1,L1,L2,C3_1,D3_1,F3_1,,,N3_2,L_2,M_2
176968,L3,L3,L1,L3,L2,L3,L1,L1,L2,C3_1,D3_1,F3_1,,,N3_2,L_3,M_1
176969,L3,L3,L1,L3,L2,L3,L1,L1,L2,C3_1,D3_1,F3_1,,,N3_2,L_3,M_2
176970,L3,L3,L1,L3,L2,L3,L1,L1,L2,C3_1,D3_1,F3_2,,,N3_1,L_1,M_1
176971,L3,L3,L1,L3,L2,L3,L1,L1,L2,C3_1,D3_1,F3_2,,,N3_1,L_1,M_2
176972,L3,L3,L1,L3,L2,L3,L1,L1,L2,C3_1,D3_1,F3_2,,,N3_1,L_2,M_1
176973,L3,L3,L1,L3,L2,L3,L1,L1,L2,C3_1,D3_1,F3_2,,,N3_1,L_2,M_2
176974,L3,L3,L1,L3,L2,L3,L1,L1,L2,C3_1,D3_1,F3_2,,,N3_1,L_3,M_1
176975,L3,L3,L1,L3,L2,L3,L1,L1,L2,C3_1,D3_1,F3_2,,,N3_1,L_3,M_2
176976,L3,L3,L1,L3,L2,L3,L1,L1,L2,C3_1,D3_1,F3_2,,,N3_2,L_1,M_1
176977,L3,L3,L1,L3,L2,L3,L1,L1,L2,C3_1,D3_1,F3_2,,,N3_2,L_1,M_2
176978,L3,L3,L1,L3,L2,L3,L1,L1,L2,C3_1,D3_1,F3_2,,,N3_2,L_2,M_1
176979,L3,L3,L1,L3,L2,L3,L1,L1,L2,C3_1,D3_1,F3_2,,,N3_2,L_2,M_2
176980,L3,L3,L1,L3,L2,L3,L1,L1,L2,C3_1,D3_1,F3_2,,,N3_2,L_3,M_1
176981,L3,L3,L1,L3,L2,L3,L1,L1,L2,C3_1,D3_1,F3_2,,,N3_2,L_3,M_2
176982,L3,L3,L1,L3,L2,L3,L1,L1,L2,C3_1,D3_1,F3_3,,,N3_1,L_1,M_1
176983,L3,L3,L1,L3,L2,L3,L1,L1,L2,C3_1,D3_1,F3_3,,,N3_1,L_1,M_2
176984,L3,L3,L1,L3,L2,L3,L1,L1,L2,C3_1,D3_1,F3_3,,,N3_1,L_2,M_1
176985,L3,L3,L1,L3,L2,L3,L1,L1,L2,C3_1,D3_1,F3_3,,,N3_1,L_2,M_2
176986,L3,L3,L1,L3,L2,L3,L1,L1,L2,C3_1,D3_1,F3_3,,,N3_1,L_3,M_1
176987,L3,L3,L1,L3,L2,L3,L1,L1,L2,C3_1,D3_1,F3_3,,,N3_1,L_3,M_2
176988,L3,L3,L1,L3,L2,L3,L1,L1,L2,C3_1,D3_1,F3_3,,,N3_2,L_1,M_1
176989,L3,L3,L1,L3,L2,L3,L1,L1,L2,C3_1,D3_1,F3_3,,,N3_2,L_1,M_2
176990,L3,L3,L1,L3,L2,L3,L1,L1,L2,C3_1,D3_1,F3_3,,,N3_2,L_2,M_1
176991,L3,L3,L1,L3,L2,L3,L1,L1,L2,C3_1,D3_1,F3_3,,,N3_2,L_2,M_2
176992,L3,L3,L1,L3,L2,L3,L1,L1,L2,C3_1,D3_1,F3_3,,,N3_2,L_3,M_1
176993,L3,L3,L1,L3,L2,L3,L1,L1,L2,C3_1,D3_1,F3_3,,,N3_2,L_3,M_2
176994,L3,L3,L1,L3,L2,L3,L1,L1,L2,C3_1,D3_2,F3_1,,,N3_1,L_1,M_1
176995,L3,L3,L1,L3,L2,L3,L1,L1,L2,C3_1,D3_2,F3_1,,,N3_1,L_1,M_2
176996,L3,L3,L1,L3,L2,L3,L1,L1,L2,C3_1,D3_2,F3_1,,,N3_1,L_2,M_1
176997,L3,L3,L1,L3,L2,L3,L1,L1,L2,C3_1,D3_2,F3_1,,,N3_1,L_2,M_2
176998,L3,L3,L1,L3,L2,L3,L1,L1,L2,C3_1,D3_2,F3_1,,,N3_1,L_3,M_1
176999,L3,L3,L1,L3,L2,L3,L1,L1,L2,C3_1,D3_2,F3_1,,,N3_1,L_3,M_2
177000,L3,L3,L1,L3,L2,L3,L1,L1,L2,C3_1,D3_2,F3_1,,,N3_2,L_1,M_1
177001,L3,L3,L1,L3,L2,L3,L1,L1,L2,C3_1,D3_2,F3_1,,,N3_2,L_1,M_2
177002,L3,L3,L1,L3,L2,L3,L1,L1,L2,C3_1,D3_2,F3_1,,,N3_2,L_2,M_1
177003,L3,L3,L1,L3,L2,L3,L1,L1,L2,C3_1,D3_2,F3_1,,,N3_2,L_2,M_2
177004,L3,L3,L1,L3,L2,L3,L1,L1,L2,C3_1,D3_2,F3_1,,,N3_2,L_3,M_1
177005,L3,L3,L1,L3,L2,L3,L1,L1,L2,C3_1,D3_2,F3_1,,,N3_2,L_3,M_2
177006,L3,L3,L1,L3,L2,L3,L1,L1,L2,C3_1,D3_2,F3_2,,,N3_1,L_1,M_1
177007,L3,L3,L1,L3,L2,L3,L1,L1,L2,C3_1,D3_2,F3_2,,,N3_1,L_1,M_2
177008,L3,L3,L1,L3,L2,L3,L1,L1,L2,C3_1,D3_2,F3_2,,,N3_1,L_2,M_1
177009,L3,L3,L1,L3,L2,L3,L1,L1,L2,C3_1,D3_2,F3_2,,,N3_1,L_2,M_2
177010,L3,L3,L1,L3,L2,L3,L1,L1,L2,C3_1,D3_2,F3_2,,,N3_1,L_3,M_1
177011,L3,L3,L1,L3,L2,L3,L1,L1,L2,C3_1,D3_2,F3_2,,,N3_1,L_3,M_2
177012,L3,L3,L1,L3,L2,L3,L1,L1,L2,C3_1,D3_2,F3_2,,,N3_2,L_1,M_1
177013,L3,L3,L1,L3,L2,L3,L1,L1,L2,C3_1,D3_2,F3_2,,,N3_2,L_1,M_2
177014,L3,L3,L1,L3,L2,L3,L1,L1,L2,C3_1,D3_2,F3_2,,,N3_2,L_2,M_1
177015,L3,L3,L1,L3,L2,L3,L1,L1,L2,C3_1,D3_2,F3_2,,,N3_2,L_2,M_2
177016,L3,L3,L1,L3,L2,L3,L1,L1,L2,C3_1,D3_2,F3_2,,,N3_2,L_3,M_1
177017,L3,L3,L1,L3,L2,L3,L1,L1,L2,C3_1,D3_2,F3_2,,,N3_2,L_3,M_2
177018,L3,L3,L1,L3,L2,L3,L1,L1,L2,C3_1,D3_2,F3_3,,,N3_1,L_1,M_1
177019,L3,L3,L1,L3,L2,L3,L1,L1,L2,C3_1,D3_2,F3_3,,,N3_1,L_1,M_2
177020,L3,L3,L1,L3,L2,L3,L1,L1,L2,C3_1,D3_2,F3_3,,,N3_1,L_2,M_1
177021,L3,L3,L1,L3,L2,L3,L1,L1,L2,C3_1,D3_2,F3_3,,,N3_1,L_2,M_2
177022,L3,L3,L1,L3,L2,L3,L1,L1,L2,C3_1,D3_2,F3_3,,,N3_1,L_3,M_1
177023,L3,L3,L1,L3,L2,L3,L1,L1,L2,C3_1,D3_2,F3_3,,,N3_1,L_3,M_2
177024,L3,L3,L1,L3,L2,L3,L1,L1,L2,C3_1,D3_2,F3_3,,,N3_2,L_1,M_1
177025,L3,L3,L1,L3,L2,L3,L1,L1,L2,C3_1,D3_2,F3_3,,,N3_2,L_1,M_2
177026,L3,L3,L1,L3,L2,L3,L1,L1,L2,C3_1,D3_2,F3_3,,,N3_2,L_2,M_1
177027,L3,L3,L1,L3,L2,L3,L1,L1,L2,C3_1,D3_2,F3_3,,,N3_2,L_2,M_2
177028,L3,L3,L1,L3,L2,L3,L1,L1,L2,C3_1,D3_2,F3_3,,,N3_2,L_3,M_1
177029,L3,L3,L1,L3,L2,L3,L1,L1,L2,C3_1,D3_2,F3_3,,,N3_2,L_3,M_2
177030,L3,L3,L1,L3,L2,L3,L1,L1,L2,C3_1,D3_3,F3_1,,,N3_1,L_1,M_1
177031,L3,L3,L1,L3,L2,L3,L1,L1,L2,C3_1,D3_3,F3_1,,,N3_1,L_1,M_2
177032,L3,L3,L1,L3,L2,L3,L1,L1,L2,C3_1,D3_3,F3_1,,,N3_1,L_2,M_1
177033,L3,L3,L1,L3,L2,L3,L1,L1,L2,C3_1,D3_3,F3_1,,,N3_1,L_2,M_2
177034,L3,L3,L1,L3,L2,L3,L1,L1,L2,C3_1,D3_3,F3_1,,,N3_1,L_3,M_1
177035,L3,L3,L1,L3,L2,L3,L1,L1,L2,C3_1,D3_3,F3_1,,,N3_1,L_3,M_2
177036,L3,L3,L1,L3,L2,L3,L1,L1,L2,C3_1,D3_3,F3_1,,,N3_2,L_1,M_1
177037,L3,L3,L1,L3,L2,L3,L1,L1,L2,C3_1,D3_3,F3_1,,,N3_2,L_1,M_2
177038,L3,L3,L1,L3,L2,L3,L1,L1,L2,C3_1,D3_3,F3_1,,,N3_2,L_2,M_1
177039,L3,L3,L1,L3,L2,L3,L1,L1,L2,C3_1,D3_3,F3_1,,,N3_2,L_2,M_2
177040,L3,L3,L1,L3,L2,L3,L1,L1,L2,C3_1,D3_3,F3_1,,,N3_2,L_3,M_1
177041,L3,L3,L1,L3,L2,L3,L1,L1,L2,C3_1,D3_3,F3_1,,,N3_2,L_3,M_2
177042,L3,L3,L1,L3,L2,L3,L1,L1,L2,C3_1,D3_3,F3_2,,,N3_1,L_1,M_1
177043,L3,L3,L1,L3,L2,L3,L1,L1,L2,C3_1,D3_3,F3_2,,,N3_1,L_1,M_2
177044,L3,L3,L1,L3,L2,L3,L1,L1,L2,C3_1,D3_3,F3_2,,,N3_1,L_2,M_1
177045,L3,L3,L1,L3,L2,L3,L1,L1,L2,C3_1,D3_3,F3_2,,,N3_1,L_2,M_2
177046,L3,L3,L1,L3,L2,L3,L1,L1,L2,C3_1,D3_3,F3_2,,,N3_1,L_3,M_1
177047,L3,L3,L1,L3,L2,L3,L1,L1,L2,C3_1,D3_3,F3_2,,,N3_1,L_3,M_2
177048,L3,L3,L1,L3,L2,L3,L1,L1,L2,C3_1,D3_3,F3_2,,,N3_2,L_1,M_1
177049,L3,L3,L1,L3,L2,L3,L1,L1,L2,C3_1,D3_3,F3_2,,,N3_2,L_1,M_2
177050,L3,L3,L1,L3,L2,L3,L1,L1,L2,C3_1,D3_3,F3_2,,,N3_2,L_2,M_1
177051,L3,L3,L1,L3,L2,L3,L1,L1,L2,C3_1,D3_3,F3_2,,,N3_2,L_2,M_2
177052,L3,L3,L1,L3,L2,L3,L1,L1,L2,C3_1,D3_3,F3_2,,,N3_2,L_3,M_1
177053,L3,L3,L1,L3,L2,L3,L1,L1,L2,C3_1,D3_3,F3_2,,,N3_2,L_3,M_2
177054,L3,L3,L1,L3,L2,L3,L1,L1,L2,C3_1,D3_3,F3_3,,,N3_1,L_1,M_1
177055,L3,L3,L1,L3,L2,L3,L1,L1,L2,C3_1,D3_3,F3_3,,,N3_1,L_1,M_2
177056,L3,L3,L1,L3,L2,L3,L1,L1,L2,C3_1,D3_3,F3_3,,,N3_1,L_2,M_1
177057,L3,L3,L1,L3,L2,L3,L1,L1,L2,C3_1,D3_3,F3_3,,,N3_1,L_2,M_2
177058,L3,L3,L1,L3,L2,L3,L1,L1,L2,C3_1,D3_3,F3_3,,,N3_1,L_3,M_1
177059,L3,L3,L1,L3,L2,L3,L1,L1,L2,C3_1,D3_3,F3_3,,,N3_1,L_3,M_2
177060,L3,L3,L1,L3,L2,L3,L1,L1,L2,C3_1,D3_3,F3_3,,,N3_2,L_1,M_1
177061,L3,L3,L1,L3,L2,L3,L1,L1,L2,C3_1,D3_3,F3_3,,,N3_2,L_1,M_2
177062,L3,L3,L1,L3,L2,L3,L1,L1,L2,C3_1,D3_3,F3_3,,,N3_2,L_2,M_1
177063,L3,L3,L1,L3,L2,L3,L1,L1,L2,C3_1,D3_3,F3_3,,,N3_2,L_2,M_2
177064,L3,L3,L1,L3,L2,L3,L1,L1,L2,C3_1,D3_3,F3_3,,,N3_2,L_3,M_1
177065,L3,L3,L1,L3,L2,L3,L1,L1,L2,C3_1,D3_3,F3_3,,,N3_2,L_3,M_2
177066,L3,L3,L1,L3,L2,L3,L1,L1,L2,C3_2,D3_1,F3_1,,,N3_1,L_1,M_1
177067,L3,L3,L1,L3,L2,L3,L1,L1,L2,C3_2,D3_1,F3_1,,,N3_1,L_1,M_2
177068,L3,L3,L1,L3,L2,L3,L1,L1,L2,C3_2,D3_1,F3_1,,,N3_1,L_2,M_1
177069,L3,L3,L1,L3,L2,L3,L1,L1,L2,C3_2,D3_1,F3_1,,,N3_1,L_2,M_2
177070,L3,L3,L1,L3,L2,L3,L1,L1,L2,C3_2,D3_1,F3_1,,,N3_1,L_3,M_1
177071,L3,L3,L1,L3,L2,L3,L1,L1,L2,C3_2,D3_1,F3_1,,,N3_1,L_3,M_2
177072,L3,L3,L1,L3,L2,L3,L1,L1,L2,C3_2,D3_1,F3_1,,,N3_2,L_1,M_1
177073,L3,L3,L1,L3,L2,L3,L1,L1,L2,C3_2,D3_1,F3_1,,,N3_2,L_1,M_2
177074,L3,L3,L1,L3,L2,L3,L1,L1,L2,C3_2,D3_1,F3_1,,,N3_2,L_2,M_1
177075,L3,L3,L1,L3,L2,L3,L1,L1,L2,C3_2,D3_1,F3_1,,,N3_2,L_2,M_2
177076,L3,L3,L1,L3,L2,L3,L1,L1,L2,C3_2,D3_1,F3_1,,,N3_2,L_3,M_1
177077,L3,L3,L1,L3,L2,L3,L1,L1,L2,C3_2,D3_1,F3_1,,,N3_2,L_3,M_2
177078,L3,L3,L1,L3,L2,L3,L1,L1,L2,C3_2,D3_1,F3_2,,,N3_1,L_1,M_1
177079,L3,L3,L1,L3,L2,L3,L1,L1,L2,C3_2,D3_1,F3_2,,,N3_1,L_1,M_2
177080,L3,L3,L1,L3,L2,L3,L1,L1,L2,C3_2,D3_1,F3_2,,,N3_1,L_2,M_1
177081,L3,L3,L1,L3,L2,L3,L1,L1,L2,C3_2,D3_1,F3_2,,,N3_1,L_2,M_2
177082,L3,L3,L1,L3,L2,L3,L1,L1,L2,C3_2,D3_1,F3_2,,,N3_1,L_3,M_1
177083,L3,L3,L1,L3,L2,L3,L1,L1,L2,C3_2,D3_1,F3_2,,,N3_1,L_3,M_2
177084,L3,L3,L1,L3,L2,L3,L1,L1,L2,C3_2,D3_1,F3_2,,,N3_2,L_1,M_1
177085,L3,L3,L1,L3,L2,L3,L1,L1,L2,C3_2,D3_1,F3_2,,,N3_2,L_1,M_2
177086,L3,L3,L1,L3,L2,L3,L1,L1,L2,C3_2,D3_1,F3_2,,,N3_2,L_2,M_1
177087,L3,L3,L1,L3,L2,L3,L1,L1,L2,C3_2,D3_1,F3_2,,,N3_2,L_2,M_2
177088,L3,L3,L1,L3,L2,L3,L1,L1,L2,C3_2,D3_1,F3_2,,,N3_2,L_3,M_1
177089,L3,L3,L1,L3,L2,L3,L1,L1,L2,C3_2,D3_1,F3_2,,,N3_2,L_3,M_2
177090,L3,L3,L1,L3,L2,L3,L1,L1,L2,C3_2,D3_1,F3_3,,,N3_1,L_1,M_1
177091,L3,L3,L1,L3,L2,L3,L1,L1,L2,C3_2,D3_1,F3_3,,,N3_1,L_1,M_2
177092,L3,L3,L1,L3,L2,L3,L1,L1,L2,C3_2,D3_1,F3_3,,,N3_1,L_2,M_1
177093,L3,L3,L1,L3,L2,L3,L1,L1,L2,C3_2,D3_1,F3_3,,,N3_1,L_2,M_2
177094,L3,L3,L1,L3,L2,L3,L1,L1,L2,C3_2,D3_1,F3_3,,,N3_1,L_3,M_1
177095,L3,L3,L1,L3,L2,L3,L1,L1,L2,C3_2,D3_1,F3_3,,,N3_1,L_3,M_2
177096,L3,L3,L1,L3,L2,L3,L1,L1,L2,C3_2,D3_1,F3_3,,,N3_2,L_1,M_1
177097,L3,L3,L1,L3,L2,L3,L1,L1,L2,C3_2,D3_1,F3_3,,,N3_2,L_1,M_2
177098,L3,L3,L1,L3,L2,L3,L1,L1,L2,C3_2,D3_1,F3_3,,,N3_2,L_2,M_1
177099,L3,L3,L1,L3,L2,L3,L1,L1,L2,C3_2,D3_1,F3_3,,,N3_2,L_2,M_2
177100,L3,L3,L1,L3,L2,L3,L1,L1,L2,C3_2,D3_1,F3_3,,,N3_2,L_3,M_1
177101,L3,L3,L1,L3,L2,L3,L1,L1,L2,C3_2,D3_1,F3_3,,,N3_2,L_3,M_2
177102,L3,L3,L1,L3,L2,L3,L1,L1,L2,C3_2,D3_2,F3_1,,,N3_1,L_1,M_1
177103,L3,L3,L1,L3,L2,L3,L1,L1,L2,C3_2,D3_2,F3_1,,,N3_1,L_1,M_2
177104,L3,L3,L1,L3,L2,L3,L1,L1,L2,C3_2,D3_2,F3_1,,,N3_1,L_2,M_1
177105,L3,L3,L1,L3,L2,L3,L1,L1,L2,C3_2,D3_2,F3_1,,,N3_1,L_2,M_2
177106,L3,L3,L1,L3,L2,L3,L1,L1,L2,C3_2,D3_2,F3_1,,,N3_1,L_3,M_1
177107,L3,L3,L1,L3,L2,L3,L1,L1,L2,C3_2,D3_2,F3_1,,,N3_1,L_3,M_2
177108,L3,L3,L1,L3,L2,L3,L1,L1,L2,C3_2,D3_2,F3_1,,,N3_2,L_1,M_1
177109,L3,L3,L1,L3,L2,L3,L1,L1,L2,C3_2,D3_2,F3_1,,,N3_2,L_1,M_2
177110,L3,L3,L1,L3,L2,L3,L1,L1,L2,C3_2,D3_2,F3_1,,,N3_2,L_2,M_1
177111,L3,L3,L1,L3,L2,L3,L1,L1,L2,C3_2,D3_2,F3_1,,,N3_2,L_2,M_2
177112,L3,L3,L1,L3,L2,L3,L1,L1,L2,C3_2,D3_2,F3_1,,,N3_2,L_3,M_1
177113,L3,L3,L1,L3,L2,L3,L1,L1,L2,C3_2,D3_2,F3_1,,,N3_2,L_3,M_2
177114,L3,L3,L1,L3,L2,L3,L1,L1,L2,C3_2,D3_2,F3_2,,,N3_1,L_1,M_1
177115,L3,L3,L1,L3,L2,L3,L1,L1,L2,C3_2,D3_2,F3_2,,,N3_1,L_1,M_2
177116,L3,L3,L1,L3,L2,L3,L1,L1,L2,C3_2,D3_2,F3_2,,,N3_1,L_2,M_1
177117,L3,L3,L1,L3,L2,L3,L1,L1,L2,C3_2,D3_2,F3_2,,,N3_1,L_2,M_2
177118,L3,L3,L1,L3,L2,L3,L1,L1,L2,C3_2,D3_2,F3_2,,,N3_1,L_3,M_1
177119,L3,L3,L1,L3,L2,L3,L1,L1,L2,C3_2,D3_2,F3_2,,,N3_1,L_3,M_2
177120,L3,L3,L1,L3,L2,L3,L1,L1,L2,C3_2,D3_2,F3_2,,,N3_2,L_1,M_1
177121,L3,L3,L1,L3,L2,L3,L1,L1,L2,C3_2,D3_2,F3_2,,,N3_2,L_1,M_2
177122,L3,L3,L1,L3,L2,L3,L1,L1,L2,C3_2,D3_2,F3_2,,,N3_2,L_2,M_1
177123,L3,L3,L1,L3,L2,L3,L1,L1,L2,C3_2,D3_2,F3_2,,,N3_2,L_2,M_2
177124,L3,L3,L1,L3,L2,L3,L1,L1,L2,C3_2,D3_2,F3_2,,,N3_2,L_3,M_1
177125,L3,L3,L1,L3,L2,L3,L1,L1,L2,C3_2,D3_2,F3_2,,,N3_2,L_3,M_2
177126,L3,L3,L1,L3,L2,L3,L1,L1,L2,C3_2,D3_2,F3_3,,,N3_1,L_1,M_1
177127,L3,L3,L1,L3,L2,L3,L1,L1,L2,C3_2,D3_2,F3_3,,,N3_1,L_1,M_2
177128,L3,L3,L1,L3,L2,L3,L1,L1,L2,C3_2,D3_2,F3_3,,,N3_1,L_2,M_1
177129,L3,L3,L1,L3,L2,L3,L1,L1,L2,C3_2,D3_2,F3_3,,,N3_1,L_2,M_2
177130,L3,L3,L1,L3,L2,L3,L1,L1,L2,C3_2,D3_2,F3_3,,,N3_1,L_3,M_1
177131,L3,L3,L1,L3,L2,L3,L1,L1,L2,C3_2,D3_2,F3_3,,,N3_1,L_3,M_2
177132,L3,L3,L1,L3,L2,L3,L1,L1,L2,C3_2,D3_2,F3_3,,,N3_2,L_1,M_1
177133,L3,L3,L1,L3,L2,L3,L1,L1,L2,C3_2,D3_2,F3_3,,,N3_2,L_1,M_2
177134,L3,L3,L1,L3,L2,L3,L1,L1,L2,C3_2,D3_2,F3_3,,,N3_2,L_2,M_1
177135,L3,L3,L1,L3,L2,L3,L1,L1,L2,C3_2,D3_2,F3_3,,,N3_2,L_2,M_2
177136,L3,L3,L1,L3,L2,L3,L1,L1,L2,C3_2,D3_2,F3_3,,,N3_2,L_3,M_1
177137,L3,L3,L1,L3,L2,L3,L1,L1,L2,C3_2,D3_2,F3_3,,,N3_2,L_3,M_2
177138,L3,L3,L1,L3,L2,L3,L1,L1,L2,C3_2,D3_3,F3_1,,,N3_1,L_1,M_1
177139,L3,L3,L1,L3,L2,L3,L1,L1,L2,C3_2,D3_3,F3_1,,,N3_1,L_1,M_2
177140,L3,L3,L1,L3,L2,L3,L1,L1,L2,C3_2,D3_3,F3_1,,,N3_1,L_2,M_1
177141,L3,L3,L1,L3,L2,L3,L1,L1,L2,C3_2,D3_3,F3_1,,,N3_1,L_2,M_2
177142,L3,L3,L1,L3,L2,L3,L1,L1,L2,C3_2,D3_3,F3_1,,,N3_1,L_3,M_1
177143,L3,L3,L1,L3,L2,L3,L1,L1,L2,C3_2,D3_3,F3_1,,,N3_1,L_3,M_2
177144,L3,L3,L1,L3,L2,L3,L1,L1,L2,C3_2,D3_3,F3_1,,,N3_2,L_1,M_1
177145,L3,L3,L1,L3,L2,L3,L1,L1,L2,C3_2,D3_3,F3_1,,,N3_2,L_1,M_2
177146,L3,L3,L1,L3,L2,L3,L1,L1,L2,C3_2,D3_3,F3_1,,,N3_2,L_2,M_1
177147,L3,L3,L1,L3,L2,L3,L1,L1,L2,C3_2,D3_3,F3_1,,,N3_2,L_2,M_2
177148,L3,L3,L1,L3,L2,L3,L1,L1,L2,C3_2,D3_3,F3_1,,,N3_2,L_3,M_1
177149,L3,L3,L1,L3,L2,L3,L1,L1,L2,C3_2,D3_3,F3_1,,,N3_2,L_3,M_2
177150,L3,L3,L1,L3,L2,L3,L1,L1,L2,C3_2,D3_3,F3_2,,,N3_1,L_1,M_1
177151,L3,L3,L1,L3,L2,L3,L1,L1,L2,C3_2,D3_3,F3_2,,,N3_1,L_1,M_2
177152,L3,L3,L1,L3,L2,L3,L1,L1,L2,C3_2,D3_3,F3_2,,,N3_1,L_2,M_1
177153,L3,L3,L1,L3,L2,L3,L1,L1,L2,C3_2,D3_3,F3_2,,,N3_1,L_2,M_2
177154,L3,L3,L1,L3,L2,L3,L1,L1,L2,C3_2,D3_3,F3_2,,,N3_1,L_3,M_1
177155,L3,L3,L1,L3,L2,L3,L1,L1,L2,C3_2,D3_3,F3_2,,,N3_1,L_3,M_2
177156,L3,L3,L1,L3,L2,L3,L1,L1,L2,C3_2,D3_3,F3_2,,,N3_2,L_1,M_1
177157,L3,L3,L1,L3,L2,L3,L1,L1,L2,C3_2,D3_3,F3_2,,,N3_2,L_1,M_2
177158,L3,L3,L1,L3,L2,L3,L1,L1,L2,C3_2,D3_3,F3_2,,,N3_2,L_2,M_1
177159,L3,L3,L1,L3,L2,L3,L1,L1,L2,C3_2,D3_3,F3_2,,,N3_2,L_2,M_2
177160,L3,L3,L1,L3,L2,L3,L1,L1,L2,C3_2,D3_3,F3_2,,,N3_2,L_3,M_1
177161,L3,L3,L1,L3,L2,L3,L1,L1,L2,C3_2,D3_3,F3_2,,,N3_2,L_3,M_2
177162,L3,L3,L1,L3,L2,L3,L1,L1,L2,C3_2,D3_3,F3_3,,,N3_1,L_1,M_1
177163,L3,L3,L1,L3,L2,L3,L1,L1,L2,C3_2,D3_3,F3_3,,,N3_1,L_1,M_2
177164,L3,L3,L1,L3,L2,L3,L1,L1,L2,C3_2,D3_3,F3_3,,,N3_1,L_2,M_1
177165,L3,L3,L1,L3,L2,L3,L1,L1,L2,C3_2,D3_3,F3_3,,,N3_1,L_2,M_2
177166,L3,L3,L1,L3,L2,L3,L1,L1,L2,C3_2,D3_3,F3_3,,,N3_1,L_3,M_1
177167,L3,L3,L1,L3,L2,L3,L1,L1,L2,C3_2,D3_3,F3_3,,,N3_1,L_3,M_2
177168,L3,L3,L1,L3,L2,L3,L1,L1,L2,C3_2,D3_3,F3_3,,,N3_2,L_1,M_1
177169,L3,L3,L1,L3,L2,L3,L1,L1,L2,C3_2,D3_3,F3_3,,,N3_2,L_1,M_2
177170,L3,L3,L1,L3,L2,L3,L1,L1,L2,C3_2,D3_3,F3_3,,,N3_2,L_2,M_1
177171,L3,L3,L1,L3,L2,L3,L1,L1,L2,C3_2,D3_3,F3_3,,,N3_2,L_2,M_2
177172,L3,L3,L1,L3,L2,L3,L1,L1,L2,C3_2,D3_3,F3_3,,,N3_2,L_3,M_1
177173,L3,L3,L1,L3,L2,L3,L1,L1,L2,C3_2,D3_3,F3_3,,,N3_2,L_3,M_2
177174,L3,L3,L1,L3,L2,L3,L1,L1,L2,C3_3,D3_1,F3_1,,,N3_1,L_1,M_1
177175,L3,L3,L1,L3,L2,L3,L1,L1,L2,C3_3,D3_1,F3_1,,,N3_1,L_1,M_2
177176,L3,L3,L1,L3,L2,L3,L1,L1,L2,C3_3,D3_1,F3_1,,,N3_1,L_2,M_1
177177,L3,L3,L1,L3,L2,L3,L1,L1,L2,C3_3,D3_1,F3_1,,,N3_1,L_2,M_2
177178,L3,L3,L1,L3,L2,L3,L1,L1,L2,C3_3,D3_1,F3_1,,,N3_1,L_3,M_1
177179,L3,L3,L1,L3,L2,L3,L1,L1,L2,C3_3,D3_1,F3_1,,,N3_1,L_3,M_2
177180,L3,L3,L1,L3,L2,L3,L1,L1,L2,C3_3,D3_1,F3_1,,,N3_2,L_1,M_1
177181,L3,L3,L1,L3,L2,L3,L1,L1,L2,C3_3,D3_1,F3_1,,,N3_2,L_1,M_2
177182,L3,L3,L1,L3,L2,L3,L1,L1,L2,C3_3,D3_1,F3_1,,,N3_2,L_2,M_1
177183,L3,L3,L1,L3,L2,L3,L1,L1,L2,C3_3,D3_1,F3_1,,,N3_2,L_2,M_2
177184,L3,L3,L1,L3,L2,L3,L1,L1,L2,C3_3,D3_1,F3_1,,,N3_2,L_3,M_1
177185,L3,L3,L1,L3,L2,L3,L1,L1,L2,C3_3,D3_1,F3_1,,,N3_2,L_3,M_2
177186,L3,L3,L1,L3,L2,L3,L1,L1,L2,C3_3,D3_1,F3_2,,,N3_1,L_1,M_1
177187,L3,L3,L1,L3,L2,L3,L1,L1,L2,C3_3,D3_1,F3_2,,,N3_1,L_1,M_2
177188,L3,L3,L1,L3,L2,L3,L1,L1,L2,C3_3,D3_1,F3_2,,,N3_1,L_2,M_1
177189,L3,L3,L1,L3,L2,L3,L1,L1,L2,C3_3,D3_1,F3_2,,,N3_1,L_2,M_2
177190,L3,L3,L1,L3,L2,L3,L1,L1,L2,C3_3,D3_1,F3_2,,,N3_1,L_3,M_1
177191,L3,L3,L1,L3,L2,L3,L1,L1,L2,C3_3,D3_1,F3_2,,,N3_1,L_3,M_2
177192,L3,L3,L1,L3,L2,L3,L1,L1,L2,C3_3,D3_1,F3_2,,,N3_2,L_1,M_1
177193,L3,L3,L1,L3,L2,L3,L1,L1,L2,C3_3,D3_1,F3_2,,,N3_2,L_1,M_2
177194,L3,L3,L1,L3,L2,L3,L1,L1,L2,C3_3,D3_1,F3_2,,,N3_2,L_2,M_1
177195,L3,L3,L1,L3,L2,L3,L1,L1,L2,C3_3,D3_1,F3_2,,,N3_2,L_2,M_2
177196,L3,L3,L1,L3,L2,L3,L1,L1,L2,C3_3,D3_1,F3_2,,,N3_2,L_3,M_1
177197,L3,L3,L1,L3,L2,L3,L1,L1,L2,C3_3,D3_1,F3_2,,,N3_2,L_3,M_2
177198,L3,L3,L1,L3,L2,L3,L1,L1,L2,C3_3,D3_1,F3_3,,,N3_1,L_1,M_1
177199,L3,L3,L1,L3,L2,L3,L1,L1,L2,C3_3,D3_1,F3_3,,,N3_1,L_1,M_2
177200,L3,L3,L1,L3,L2,L3,L1,L1,L2,C3_3,D3_1,F3_3,,,N3_1,L_2,M_1
177201,L3,L3,L1,L3,L2,L3,L1,L1,L2,C3_3,D3_1,F3_3,,,N3_1,L_2,M_2
177202,L3,L3,L1,L3,L2,L3,L1,L1,L2,C3_3,D3_1,F3_3,,,N3_1,L_3,M_1
177203,L3,L3,L1,L3,L2,L3,L1,L1,L2,C3_3,D3_1,F3_3,,,N3_1,L_3,M_2
177204,L3,L3,L1,L3,L2,L3,L1,L1,L2,C3_3,D3_1,F3_3,,,N3_2,L_1,M_1
177205,L3,L3,L1,L3,L2,L3,L1,L1,L2,C3_3,D3_1,F3_3,,,N3_2,L_1,M_2
177206,L3,L3,L1,L3,L2,L3,L1,L1,L2,C3_3,D3_1,F3_3,,,N3_2,L_2,M_1
177207,L3,L3,L1,L3,L2,L3,L1,L1,L2,C3_3,D3_1,F3_3,,,N3_2,L_2,M_2
177208,L3,L3,L1,L3,L2,L3,L1,L1,L2,C3_3,D3_1,F3_3,,,N3_2,L_3,M_1
177209,L3,L3,L1,L3,L2,L3,L1,L1,L2,C3_3,D3_1,F3_3,,,N3_2,L_3,M_2
177210,L3,L3,L1,L3,L2,L3,L1,L1,L2,C3_3,D3_2,F3_1,,,N3_1,L_1,M_1
177211,L3,L3,L1,L3,L2,L3,L1,L1,L2,C3_3,D3_2,F3_1,,,N3_1,L_1,M_2
177212,L3,L3,L1,L3,L2,L3,L1,L1,L2,C3_3,D3_2,F3_1,,,N3_1,L_2,M_1
177213,L3,L3,L1,L3,L2,L3,L1,L1,L2,C3_3,D3_2,F3_1,,,N3_1,L_2,M_2
177214,L3,L3,L1,L3,L2,L3,L1,L1,L2,C3_3,D3_2,F3_1,,,N3_1,L_3,M_1
177215,L3,L3,L1,L3,L2,L3,L1,L1,L2,C3_3,D3_2,F3_1,,,N3_1,L_3,M_2
177216,L3,L3,L1,L3,L2,L3,L1,L1,L2,C3_3,D3_2,F3_1,,,N3_2,L_1,M_1
177217,L3,L3,L1,L3,L2,L3,L1,L1,L2,C3_3,D3_2,F3_1,,,N3_2,L_1,M_2
177218,L3,L3,L1,L3,L2,L3,L1,L1,L2,C3_3,D3_2,F3_1,,,N3_2,L_2,M_1
177219,L3,L3,L1,L3,L2,L3,L1,L1,L2,C3_3,D3_2,F3_1,,,N3_2,L_2,M_2
177220,L3,L3,L1,L3,L2,L3,L1,L1,L2,C3_3,D3_2,F3_1,,,N3_2,L_3,M_1
177221,L3,L3,L1,L3,L2,L3,L1,L1,L2,C3_3,D3_2,F3_1,,,N3_2,L_3,M_2
177222,L3,L3,L1,L3,L2,L3,L1,L1,L2,C3_3,D3_2,F3_2,,,N3_1,L_1,M_1
177223,L3,L3,L1,L3,L2,L3,L1,L1,L2,C3_3,D3_2,F3_2,,,N3_1,L_1,M_2
177224,L3,L3,L1,L3,L2,L3,L1,L1,L2,C3_3,D3_2,F3_2,,,N3_1,L_2,M_1
177225,L3,L3,L1,L3,L2,L3,L1,L1,L2,C3_3,D3_2,F3_2,,,N3_1,L_2,M_2
177226,L3,L3,L1,L3,L2,L3,L1,L1,L2,C3_3,D3_2,F3_2,,,N3_1,L_3,M_1
177227,L3,L3,L1,L3,L2,L3,L1,L1,L2,C3_3,D3_2,F3_2,,,N3_1,L_3,M_2
177228,L3,L3,L1,L3,L2,L3,L1,L1,L2,C3_3,D3_2,F3_2,,,N3_2,L_1,M_1
177229,L3,L3,L1,L3,L2,L3,L1,L1,L2,C3_3,D3_2,F3_2,,,N3_2,L_1,M_2
177230,L3,L3,L1,L3,L2,L3,L1,L1,L2,C3_3,D3_2,F3_2,,,N3_2,L_2,M_1
177231,L3,L3,L1,L3,L2,L3,L1,L1,L2,C3_3,D3_2,F3_2,,,N3_2,L_2,M_2
177232,L3,L3,L1,L3,L2,L3,L1,L1,L2,C3_3,D3_2,F3_2,,,N3_2,L_3,M_1
177233,L3,L3,L1,L3,L2,L3,L1,L1,L2,C3_3,D3_2,F3_2,,,N3_2,L_3,M_2
177234,L3,L3,L1,L3,L2,L3,L1,L1,L2,C3_3,D3_2,F3_3,,,N3_1,L_1,M_1
177235,L3,L3,L1,L3,L2,L3,L1,L1,L2,C3_3,D3_2,F3_3,,,N3_1,L_1,M_2
177236,L3,L3,L1,L3,L2,L3,L1,L1,L2,C3_3,D3_2,F3_3,,,N3_1,L_2,M_1
177237,L3,L3,L1,L3,L2,L3,L1,L1,L2,C3_3,D3_2,F3_3,,,N3_1,L_2,M_2
177238,L3,L3,L1,L3,L2,L3,L1,L1,L2,C3_3,D3_2,F3_3,,,N3_1,L_3,M_1
177239,L3,L3,L1,L3,L2,L3,L1,L1,L2,C3_3,D3_2,F3_3,,,N3_1,L_3,M_2
177240,L3,L3,L1,L3,L2,L3,L1,L1,L2,C3_3,D3_2,F3_3,,,N3_2,L_1,M_1
177241,L3,L3,L1,L3,L2,L3,L1,L1,L2,C3_3,D3_2,F3_3,,,N3_2,L_1,M_2
177242,L3,L3,L1,L3,L2,L3,L1,L1,L2,C3_3,D3_2,F3_3,,,N3_2,L_2,M_1
177243,L3,L3,L1,L3,L2,L3,L1,L1,L2,C3_3,D3_2,F3_3,,,N3_2,L_2,M_2
177244,L3,L3,L1,L3,L2,L3,L1,L1,L2,C3_3,D3_2,F3_3,,,N3_2,L_3,M_1
177245,L3,L3,L1,L3,L2,L3,L1,L1,L2,C3_3,D3_2,F3_3,,,N3_2,L_3,M_2
177246,L3,L3,L1,L3,L2,L3,L1,L1,L2,C3_3,D3_3,F3_1,,,N3_1,L_1,M_1
177247,L3,L3,L1,L3,L2,L3,L1,L1,L2,C3_3,D3_3,F3_1,,,N3_1,L_1,M_2
177248,L3,L3,L1,L3,L2,L3,L1,L1,L2,C3_3,D3_3,F3_1,,,N3_1,L_2,M_1
177249,L3,L3,L1,L3,L2,L3,L1,L1,L2,C3_3,D3_3,F3_1,,,N3_1,L_2,M_2
177250,L3,L3,L1,L3,L2,L3,L1,L1,L2,C3_3,D3_3,F3_1,,,N3_1,L_3,M_1
177251,L3,L3,L1,L3,L2,L3,L1,L1,L2,C3_3,D3_3,F3_1,,,N3_1,L_3,M_2
177252,L3,L3,L1,L3,L2,L3,L1,L1,L2,C3_3,D3_3,F3_1,,,N3_2,L_1,M_1
177253,L3,L3,L1,L3,L2,L3,L1,L1,L2,C3_3,D3_3,F3_1,,,N3_2,L_1,M_2
177254,L3,L3,L1,L3,L2,L3,L1,L1,L2,C3_3,D3_3,F3_1,,,N3_2,L_2,M_1
177255,L3,L3,L1,L3,L2,L3,L1,L1,L2,C3_3,D3_3,F3_1,,,N3_2,L_2,M_2
177256,L3,L3,L1,L3,L2,L3,L1,L1,L2,C3_3,D3_3,F3_1,,,N3_2,L_3,M_1
177257,L3,L3,L1,L3,L2,L3,L1,L1,L2,C3_3,D3_3,F3_1,,,N3_2,L_3,M_2
177258,L3,L3,L1,L3,L2,L3,L1,L1,L2,C3_3,D3_3,F3_2,,,N3_1,L_1,M_1
177259,L3,L3,L1,L3,L2,L3,L1,L1,L2,C3_3,D3_3,F3_2,,,N3_1,L_1,M_2
177260,L3,L3,L1,L3,L2,L3,L1,L1,L2,C3_3,D3_3,F3_2,,,N3_1,L_2,M_1
177261,L3,L3,L1,L3,L2,L3,L1,L1,L2,C3_3,D3_3,F3_2,,,N3_1,L_2,M_2
177262,L3,L3,L1,L3,L2,L3,L1,L1,L2,C3_3,D3_3,F3_2,,,N3_1,L_3,M_1
177263,L3,L3,L1,L3,L2,L3,L1,L1,L2,C3_3,D3_3,F3_2,,,N3_1,L_3,M_2
177264,L3,L3,L1,L3,L2,L3,L1,L1,L2,C3_3,D3_3,F3_2,,,N3_2,L_1,M_1
177265,L3,L3,L1,L3,L2,L3,L1,L1,L2,C3_3,D3_3,F3_2,,,N3_2,L_1,M_2
177266,L3,L3,L1,L3,L2,L3,L1,L1,L2,C3_3,D3_3,F3_2,,,N3_2,L_2,M_1
177267,L3,L3,L1,L3,L2,L3,L1,L1,L2,C3_3,D3_3,F3_2,,,N3_2,L_2,M_2
177268,L3,L3,L1,L3,L2,L3,L1,L1,L2,C3_3,D3_3,F3_2,,,N3_2,L_3,M_1
177269,L3,L3,L1,L3,L2,L3,L1,L1,L2,C3_3,D3_3,F3_2,,,N3_2,L_3,M_2
177270,L3,L3,L1,L3,L2,L3,L1,L1,L2,C3_3,D3_3,F3_3,,,N3_1,L_1,M_1
177271,L3,L3,L1,L3,L2,L3,L1,L1,L2,C3_3,D3_3,F3_3,,,N3_1,L_1,M_2
177272,L3,L3,L1,L3,L2,L3,L1,L1,L2,C3_3,D3_3,F3_3,,,N3_1,L_2,M_1
177273,L3,L3,L1,L3,L2,L3,L1,L1,L2,C3_3,D3_3,F3_3,,,N3_1,L_2,M_2
177274,L3,L3,L1,L3,L2,L3,L1,L1,L2,C3_3,D3_3,F3_3,,,N3_1,L_3,M_1
177275,L3,L3,L1,L3,L2,L3,L1,L1,L2,C3_3,D3_3,F3_3,,,N3_1,L_3,M_2
177276,L3,L3,L1,L3,L2,L3,L1,L1,L2,C3_3,D3_3,F3_3,,,N3_2,L_1,M_1
177277,L3,L3,L1,L3,L2,L3,L1,L1,L2,C3_3,D3_3,F3_3,,,N3_2,L_1,M_2
177278,L3,L3,L1,L3,L2,L3,L1,L1,L2,C3_3,D3_3,F3_3,,,N3_2,L_2,M_1
177279,L3,L3,L1,L3,L2,L3,L1,L1,L2,C3_3,D3_3,F3_3,,,N3_2,L_2,M_2
177280,L3,L3,L1,L3,L2,L3,L1,L1,L2,C3_3,D3_3,F3_3,,,N3_2,L_3,M_1
177281,L3,L3,L1,L3,L2,L3,L1,L1,L2,C3_3,D3_3,F3_3,,,N3_2,L_3,M_2
185949,L3,L1,L3,L1,L1,L3,L1,L1,L2,C3_1,D3_1,F3_1,,,N3_1,L_1,M_1
185950,L3,L1,L3,L1,L1,L3,L1,L1,L2,C3_1,D3_1,F3_1,,,N3_1,L_1,M_2
185951,L3,L1,L3,L1,L1,L3,L1,L1,L2,C3_1,D3_1,F3_1,,,N3_1,L_2,M_1
185952,L3,L1,L3,L1,L1,L3,L1,L1,L2,C3_1,D3_1,F3_1,,,N3_1,L_2,M_2
185953,L3,L1,L3,L1,L1,L3,L1,L1,L2,C3_1,D3_1,F3_1,,,N3_1,L_3,M_1
185954,L3,L1,L3,L1,L1,L3,L1,L1,L2,C3_1,D3_1,F3_1,,,N3_1,L_3,M_2
185955,L3,L1,L3,L1,L1,L3,L1,L1,L2,C3_1,D3_1,F3_1,,,N3_2,L_1,M_1
185956,L3,L1,L3,L1,L1,L3,L1,L1,L2,C3_1,D3_1,F3_1,,,N3_2,L_1,M_2
185957,L3,L1,L3,L1,L1,L3,L1,L1,L2,C3_1,D3_1,F3_1,,,N3_2,L_2,M_1
185958,L3,L1,L3,L1,L1,L3,L1,L1,L2,C3_1,D3_1,F3_1,,,N3_2,L_2,M_2
185959,L3,L1,L3,L1,L1,L3,L1,L1,L2,C3_1,D3_1,F3_1,,,N3_2,L_3,M_1
185960,L3,L1,L3,L1,L1,L3,L1,L1,L2,C3_1,D3_1,F3_1,,,N3_2,L_3,M_2
185961,L3,L1,L3,L1,L1,L3,L1,L1,L2,C3_1,D3_1,F3_2,,,N3_1,L_1,M_1
185962,L3,L1,L3,L1,L1,L3,L1,L1,L2,C3_1,D3_1,F3_2,,,N3_1,L_1,M_2
185963,L3,L1,L3,L1,L1,L3,L1,L1,L2,C3_1,D3_1,F3_2,,,N3_1,L_2,M_1
185964,L3,L1,L3,L1,L1,L3,L1,L1,L2,C3_1,D3_1,F3_2,,,N3_1,L_2,M_2
185965,L3,L1,L3,L1,L1,L3,L1,L1,L2,C3_1,D3_1,F3_2,,,N3_1,L_3,M_1
185966,L3,L1,L3,L1,L1,L3,L1,L1,L2,C3_1,D3_1,F3_2,,,N3_1,L_3,M_2
185967,L3,L1,L3,L1,L1,L3,L1,L1,L2,C3_1,D3_1,F3_2,,,N3_2,L_1,M_1
185968,L3,L1,L3,L1,L1,L3,L1,L1,L2,C3_1,D3_1,F3_2,,,N3_2,L_1,M_2
185969,L3,L1,L3,L1,L1,L3,L1,L1,L2,C3_1,D3_1,F3_2,,,N3_2,L_2,M_1
185970,L3,L1,L3,L1,L1,L3,L1,L1,L2,C3_1,D3_1,F3_2,,,N3_2,L_2,M_2
185971,L3,L1,L3,L1,L1,L3,L1,L1,L2,C3_1,D3_1,F3_2,,,N3_2,L_3,M_1
185972,L3,L1,L3,L1,L1,L3,L1,L1,L2,C3_1,D3_1,F3_2,,,N3_2,L_3,M_2
185973,L3,L1,L3,L1,L1,L3,L1,L1,L2,C3_1,D3_1,F3_3,,,N3_1,L_1,M_1
185974,L3,L1,L3,L1,L1,L3,L1,L1,L2,C3_1,D3_1,F3_3,,,N3_1,L_1,M_2
185975,L3,L1,L3,L1,L1,L3,L1,L1,L2,C3_1,D3_1,F3_3,,,N3_1,L_2,M_1
185976,L3,L1,L3,L1,L1,L3,L1,L1,L2,C3_1,D3_1,F3_3,,,N3_1,L_2,M_2
185977,L3,L1,L3,L1,L1,L3,L1,L1,L2,C3_1,D3_1,F3_3,,,N3_1,L_3,M_1
185978,L3,L1,L3,L1,L1,L3,L1,L1,L2,C3_1,D3_1,F3_3,,,N3_1,L_3,M_2
185979,L3,L1,L3,L1,L1,L3,L1,L1,L2,C3_1,D3_1,F3_3,,,N3_2,L_1,M_1
185980,L3,L1,L3,L1,L1,L3,L1,L1,L2,C3_1,D3_1,F3_3,,,N3_2,L_1,M_2
185981,L3,L1,L3,L1,L1,L3,L1,L1,L2,C3_1,D3_1,F3_3,,,N3_2,L_2,M_1
185982,L3,L1,L3,L1,L1,L3,L1,L1,L2,C3_1,D3_1,F3_3,,,N3_2,L_2,M_2
185983,L3,L1,L3,L1,L1,L3,L1,L1,L2,C3_1,D3_1,F3_3,,,N3_2,L_3,M_1
185984,L3,L1,L3,L1,L1,L3,L1,L1,L2,C3_1,D3_1,F3_3,,,N3_2,L_3,M_2
185985,L3,L1,L3,L1,L1,L3,L1,L1,L2,C3_1,D3_2,F3_1,,,N3_1,L_1,M_1
185986,L3,L1,L3,L1,L1,L3,L1,L1,L2,C3_1,D3_2,F3_1,,,N3_1,L_1,M_2
185987,L3,L1,L3,L1,L1,L3,L1,L1,L2,C3_1,D3_2,F3_1,,,N3_1,L_2,M_1
185988,L3,L1,L3,L1,L1,L3,L1,L1,L2,C3_1,D3_2,F3_1,,,N3_1,L_2,M_2
185989,L3,L1,L3,L1,L1,L3,L1,L1,L2,C3_1,D3_2,F3_1,,,N3_1,L_3,M_1
185990,L3,L1,L3,L1,L1,L3,L1,L1,L2,C3_1,D3_2,F3_1,,,N3_1,L_3,M_2
185991,L3,L1,L3,L1,L1,L3,L1,L1,L2,C3_1,D3_2,F3_1,,,N3_2,L_1,M_1
185992,L3,L1,L3,L1,L1,L3,L1,L1,L2,C3_1,D3_2,F3_1,,,N3_2,L_1,M_2
185993,L3,L1,L3,L1,L1,L3,L1,L1,L2,C3_1,D3_2,F3_1,,,N3_2,L_2,M_1
185994,L3,L1,L3,L1,L1,L3,L1,L1,L2,C3_1,D3_2,F3_1,,,N3_2,L_2,M_2
185995,L3,L1,L3,L1,L1,L3,L1,L1,L2,C3_1,D3_2,F3_1,,,N3_2,L_3,M_1
185996,L3,L1,L3,L1,L1,L3,L1,L1,L2,C3_1,D3_2,F3_1,,,N3_2,L_3,M_2
185997,L3,L1,L3,L1,L1,L3,L1,L1,L2,C3_1,D3_2,F3_2,,,N3_1,L_1,M_1
185998,L3,L1,L3,L1,L1,L3,L1,L1,L2,C3_1,D3_2,F3_2,,,N3_1,L_1,M_2
185999,L3,L1,L3,L1,L1,L3,L1,L1,L2,C3_1,D3_2,F3_2,,,N3_1,L_2,M_1
186000,L3,L1,L3,L1,L1,L3,L1,L1,L2,C3_1,D3_2,F3_2,,,N3_1,L_2,M_2
186001,L3,L1,L3,L1,L1,L3,L1,L1,L2,C3_1,D3_2,F3_2,,,N3_1,L_3,M_1
186002,L3,L1,L3,L1,L1,L3,L1,L1,L2,C3_1,D3_2,F3_2,,,N3_1,L_3,M_2
186003,L3,L1,L3,L1,L1,L3,L1,L1,L2,C3_1,D3_2,F3_2,,,N3_2,L_1,M_1
186004,L3,L1,L3,L1,L1,L3,L1,L1,L2,C3_1,D3_2,F3_2,,,N3_2,L_1,M_2
186005,L3,L1,L3,L1,L1,L3,L1,L1,L2,C3_1,D3_2,F3_2,,,N3_2,L_2,M_1
186006,L3,L1,L3,L1,L1,L3,L1,L1,L2,C3_1,D3_2,F3_2,,,N3_2,L_2,M_2
186007,L3,L1,L3,L1,L1,L3,L1,L1,L2,C3_1,D3_2,F3_2,,,N3_2,L_3,M_1
186008,L3,L1,L3,L1,L1,L3,L1,L1,L2,C3_1,D3_2,F3_2,,,N3_2,L_3,M_2
186009,L3,L1,L3,L1,L1,L3,L1,L1,L2,C3_1,D3_2,F3_3,,,N3_1,L_1,M_1
186010,L3,L1,L3,L1,L1,L3,L1,L1,L2,C3_1,D3_2,F3_3,,,N3_1,L_1,M_2
186011,L3,L1,L3,L1,L1,L3,L1,L1,L2,C3_1,D3_2,F3_3,,,N3_1,L_2,M_1
186012,L3,L1,L3,L1,L1,L3,L1,L1,L2,C3_1,D3_2,F3_3,,,N3_1,L_2,M_2
186013,L3,L1,L3,L1,L1,L3,L1,L1,L2,C3_1,D3_2,F3_3,,,N3_1,L_3,M_1
186014,L3,L1,L3,L1,L1,L3,L1,L1,L2,C3_1,D3_2,F3_3,,,N3_1,L_3,M_2
186015,L3,L1,L3,L1,L1,L3,L1,L1,L2,C3_1,D3_2,F3_3,,,N3_2,L_1,M_1
186016,L3,L1,L3,L1,L1,L3,L1,L1,L2,C3_1,D3_2,F3_3,,,N3_2,L_1,M_2
186017,L3,L1,L3,L1,L1,L3,L1,L1,L2,C3_1,D3_2,F3_3,,,N3_2,L_2,M_1
186018,L3,L1,L3,L1,L1,L3,L1,L1,L2,C3_1,D3_2,F3_3,,,N3_2,L_2,M_2
186019,L3,L1,L3,L1,L1,L3,L1,L1,L2,C3_1,D3_2,F3_3,,,N3_2,L_3,M_1
186020,L3,L1,L3,L1,L1,L3,L1,L1,L2,C3_1,D3_2,F3_3,,,N3_2,L_3,M_2
186021,L3,L1,L3,L1,L1,L3,L1,L1,L2,C3_1,D3_3,F3_1,,,N3_1,L_1,M_1
186022,L3,L1,L3,L1,L1,L3,L1,L1,L2,C3_1,D3_3,F3_1,,,N3_1,L_1,M_2
186023,L3,L1,L3,L1,L1,L3,L1,L1,L2,C3_1,D3_3,F3_1,,,N3_1,L_2,M_1
186024,L3,L1,L3,L1,L1,L3,L1,L1,L2,C3_1,D3_3,F3_1,,,N3_1,L_2,M_2
186025,L3,L1,L3,L1,L1,L3,L1,L1,L2,C3_1,D3_3,F3_1,,,N3_1,L_3,M_1
186026,L3,L1,L3,L1,L1,L3,L1,L1,L2,C3_1,D3_3,F3_1,,,N3_1,L_3,M_2
186027,L3,L1,L3,L1,L1,L3,L1,L1,L2,C3_1,D3_3,F3_1,,,N3_2,L_1,M_1
186028,L3,L1,L3,L1,L1,L3,L1,L1,L2,C3_1,D3_3,F3_1,,,N3_2,L_1,M_2
186029,L3,L1,L3,L1,L1,L3,L1,L1,L2,C3_1,D3_3,F3_1,,,N3_2,L_2,M_1
186030,L3,L1,L3,L1,L1,L3,L1,L1,L2,C3_1,D3_3,F3_1,,,N3_2,L_2,M_2
186031,L3,L1,L3,L1,L1,L3,L1,L1,L2,C3_1,D3_3,F3_1,,,N3_2,L_3,M_1
186032,L3,L1,L3,L1,L1,L3,L1,L1,L2,C3_1,D3_3,F3_1,,,N3_2,L_3,M_2
186033,L3,L1,L3,L1,L1,L3,L1,L1,L2,C3_1,D3_3,F3_2,,,N3_1,L_1,M_1
186034,L3,L1,L3,L1,L1,L3,L1,L1,L2,C3_1,D3_3,F3_2,,,N3_1,L_1,M_2
186035,L3,L1,L3,L1,L1,L3,L1,L1,L2,C3_1,D3_3,F3_2,,,N3_1,L_2,M_1
186036,L3,L1,L3,L1,L1,L3,L1,L1,L2,C3_1,D3_3,F3_2,,,N3_1,L_2,M_2
186037,L3,L1,L3,L1,L1,L3,L1,L1,L2,C3_1,D3_3,F3_2,,,N3_1,L_3,M_1
186038,L3,L1,L3,L1,L1,L3,L1,L1,L2,C3_1,D3_3,F3_2,,,N3_1,L_3,M_2
186039,L3,L1,L3,L1,L1,L3,L1,L1,L2,C3_1,D3_3,F3_2,,,N3_2,L_1,M_1
186040,L3,L1,L3,L1,L1,L3,L1,L1,L2,C3_1,D3_3,F3_2,,,N3_2,L_1,M_2
186041,L3,L1,L3,L1,L1,L3,L1,L1,L2,C3_1,D3_3,F3_2,,,N3_2,L_2,M_1
186042,L3,L1,L3,L1,L1,L3,L1,L1,L2,C3_1,D3_3,F3_2,,,N3_2,L_2,M_2
186043,L3,L1,L3,L1,L1,L3,L1,L1,L2,C3_1,D3_3,F3_2,,,N3_2,L_3,M_1
186044,L3,L1,L3,L1,L1,L3,L1,L1,L2,C3_1,D3_3,F3_2,,,N3_2,L_3,M_2
186045,L3,L1,L3,L1,L1,L3,L1,L1,L2,C3_1,D3_3,F3_3,,,N3_1,L_1,M_1
186046,L3,L1,L3,L1,L1,L3,L1,L1,L2,C3_1,D3_3,F3_3,,,N3_1,L_1,M_2
186047,L3,L1,L3,L1,L1,L3,L1,L1,L2,C3_1,D3_3,F3_3,,,N3_1,L_2,M_1
186048,L3,L1,L3,L1,L1,L3,L1,L1,L2,C3_1,D3_3,F3_3,,,N3_1,L_2,M_2
186049,L3,L1,L3,L1,L1,L3,L1,L1,L2,C3_1,D3_3,F3_3,,,N3_1,L_3,M_1
186050,L3,L1,L3,L1,L1,L3,L1,L1,L2,C3_1,D3_3,F3_3,,,N3_1,L_3,M_2
186051,L3,L1,L3,L1,L1,L3,L1,L1,L2,C3_1,D3_3,F3_3,,,N3_2,L_1,M_1
186052,L3,L1,L3,L1,L1,L3,L1,L1,L2,C3_1,D3_3,F3_3,,,N3_2,L_1,M_2
186053,L3,L1,L3,L1,L1,L3,L1,L1,L2,C3_1,D3_3,F3_3,,,N3_2,L_2,M_1
186054,L3,L1,L3,L1,L1,L3,L1,L1,L2,C3_1,D3_3,F3_3,,,N3_2,L_2,M_2
186055,L3,L1,L3,L1,L1,L3,L1,L1,L2,C3_1,D3_3,F3_3,,,N3_2,L_3,M_1
186056,L3,L1,L3,L1,L1,L3,L1,L1,L2,C3_1,D3_3,F3_3,,,N3_2,L_3,M_2
186057,L3,L1,L3,L1,L1,L3,L1,L1,L2,C3_2,D3_1,F3_1,,,N3_1,L_1,M_1
186058,L3,L1,L3,L1,L1,L3,L1,L1,L2,C3_2,D3_1,F3_1,,,N3_1,L_1,M_2
186059,L3,L1,L3,L1,L1,L3,L1,L1,L2,C3_2,D3_1,F3_1,,,N3_1,L_2,M_1
186060,L3,L1,L3,L1,L1,L3,L1,L1,L2,C3_2,D3_1,F3_1,,,N3_1,L_2,M_2
186061,L3,L1,L3,L1,L1,L3,L1,L1,L2,C3_2,D3_1,F3_1,,,N3_1,L_3,M_1
186062,L3,L1,L3,L1,L1,L3,L1,L1,L2,C3_2,D3_1,F3_1,,,N3_1,L_3,M_2
186063,L3,L1,L3,L1,L1,L3,L1,L1,L2,C3_2,D3_1,F3_1,,,N3_2,L_1,M_1
186064,L3,L1,L3,L1,L1,L3,L1,L1,L2,C3_2,D3_1,F3_1,,,N3_2,L_1,M_2
186065,L3,L1,L3,L1,L1,L3,L1,L1,L2,C3_2,D3_1,F3_1,,,N3_2,L_2,M_1
186066,L3,L1,L3,L1,L1,L3,L1,L1,L2,C3_2,D3_1,F3_1,,,N3_2,L_2,M_2
186067,L3,L1,L3,L1,L1,L3,L1,L1,L2,C3_2,D3_1,F3_1,,,N3_2,L_3,M_1
186068,L3,L1,L3,L1,L1,L3,L1,L1,L2,C3_2,D3_1,F3_1,,,N3_2,L_3,M_2
186069,L3,L1,L3,L1,L1,L3,L1,L1,L2,C3_2,D3_1,F3_2,,,N3_1,L_1,M_1
186070,L3,L1,L3,L1,L1,L3,L1,L1,L2,C3_2,D3_1,F3_2,,,N3_1,L_1,M_2
186071,L3,L1,L3,L1,L1,L3,L1,L1,L2,C3_2,D3_1,F3_2,,,N3_1,L_2,M_1
186072,L3,L1,L3,L1,L1,L3,L1,L1,L2,C3_2,D3_1,F3_2,,,N3_1,L_2,M_2
186073,L3,L1,L3,L1,L1,L3,L1,L1,L2,C3_2,D3_1,F3_2,,,N3_1,L_3,M_1
186074,L3,L1,L3,L1,L1,L3,L1,L1,L2,C3_2,D3_1,F3_2,,,N3_1,L_3,M_2
186075,L3,L1,L3,L1,L1,L3,L1,L1,L2,C3_2,D3_1,F3_2,,,N3_2,L_1,M_1
186076,L3,L1,L3,L1,L1,L3,L1,L1,L2,C3_2,D3_1,F3_2,,,N3_2,L_1,M_2
186077,L3,L1,L3,L1,L1,L3,L1,L1,L2,C3_2,D3_1,F3_2,,,N3_2,L_2,M_1
186078,L3,L1,L3,L1,L1,L3,L1,L1,L2,C3_2,D3_1,F3_2,,,N3_2,L_2,M_2
186079,L3,L1,L3,L1,L1,L3,L1,L1,L2,C3_2,D3_1,F3_2,,,N3_2,L_3,M_1
186080,L3,L1,L3,L1,L1,L3,L1,L1,L2,C3_2,D3_1,F3_2,,,N3_2,L_3,M_2
186081,L3,L1,L3,L1,L1,L3,L1,L1,L2,C3_2,D3_1,F3_3,,,N3_1,L_1,M_1
186082,L3,L1,L3,L1,L1,L3,L1,L1,L2,C3_2,D3_1,F3_3,,,N3_1,L_1,M_2
186083,L3,L1,L3,L1,L1,L3,L1,L1,L2,C3_2,D3_1,F3_3,,,N3_1,L_2,M_1
186084,L3,L1,L3,L1,L1,L3,L1,L1,L2,C3_2,D3_1,F3_3,,,N3_1,L_2,M_2
186085,L3,L1,L3,L1,L1,L3,L1,L1,L2,C3_2,D3_1,F3_3,,,N3_1,L_3,M_1
186086,L3,L1,L3,L1,L1,L3,L1,L1,L2,C3_2,D3_1,F3_3,,,N3_1,L_3,M_2
186087,L3,L1,L3,L1,L1,L3,L1,L1,L2,C3_2,D3_1,F3_3,,,N3_2,L_1,M_1
186088,L3,L1,L3,L1,L1,L3,L1,L1,L2,C3_2,D3_1,F3_3,,,N3_2,L_1,M_2
186089,L3,L1,L3,L1,L1,L3,L1,L1,L2,C3_2,D3_1,F3_3,,,N3_2,L_2,M_1
186090,L3,L1,L3,L1,L1,L3,L1,L1,L2,C3_2,D3_1,F3_3,,,N3_2,L_2,M_2
186091,L3,L1,L3,L1,L1,L3,L1,L1,L2,C3_2,D3_1,F3_3,,,N3_2,L_3,M_1
186092,L3,L1,L3,L1,L1,L3,L1,L1,L2,C3_2,D3_1,F3_3,,,N3_2,L_3,M_2
186093,L3,L1,L3,L1,L1,L3,L1,L1,L2,C3_2,D3_2,F3_1,,,N3_1,L_1,M_1
186094,L3,L1,L3,L1,L1,L3,L1,L1,L2,C3_2,D3_2,F3_1,,,N3_1,L_1,M_2
186095,L3,L1,L3,L1,L1,L3,L1,L1,L2,C3_2,D3_2,F3_1,,,N3_1,L_2,M_1
186096,L3,L1,L3,L1,L1,L3,L1,L1,L2,C3_2,D3_2,F3_1,,,N3_1,L_2,M_2
186097,L3,L1,L3,L1,L1,L3,L1,L1,L2,C3_2,D3_2,F3_1,,,N3_1,L_3,M_1
186098,L3,L1,L3,L1,L1,L3,L1,L1,L2,C3_2,D3_2,F3_1,,,N3_1,L_3,M_2
186099,L3,L1,L3,L1,L1,L3,L1,L1,L2,C3_2,D3_2,F3_1,,,N3_2,L_1,M_1
186100,L3,L1,L3,L1,L1,L3,L1,L1,L2,C3_2,D3_2,F3_1,,,N3_2,L_1,M_2
186101,L3,L1,L3,L1,L1,L3,L1,L1,L2,C3_2,D3_2,F3_1,,,N3_2,L_2,M_1
186102,L3,L1,L3,L1,L1,L3,L1,L1,L2,C3_2,D3_2,F3_1,,,N3_2,L_2,M_2
186103,L3,L1,L3,L1,L1,L3,L1,L1,L2,C3_2,D3_2,F3_1,,,N3_2,L_3,M_1
186104,L3,L1,L3,L1,L1,L3,L1,L1,L2,C3_2,D3_2,F3_1,,,N3_2,L_3,M_2
186105,L3,L1,L3,L1,L1,L3,L1,L1,L2,C3_2,D3_2,F3_2,,,N3_1,L_1,M_1
186106,L3,L1,L3,L1,L1,L3,L1,L1,L2,C3_2,D3_2,F3_2,,,N3_1,L_1,M_2
186107,L3,L1,L3,L1,L1,L3,L1,L1,L2,C3_2,D3_2,F3_2,,,N3_1,L_2,M_1
186108,L3,L1,L3,L1,L1,L3,L1,L1,L2,C3_2,D3_2,F3_2,,,N3_1,L_2,M_2
186109,L3,L1,L3,L1,L1,L3,L1,L1,L2,C3_2,D3_2,F3_2,,,N3_1,L_3,M_1
186110,L3,L1,L3,L1,L1,L3,L1,L1,L2,C3_2,D3_2,F3_2,,,N3_1,L_3,M_2
186111,L3,L1,L3,L1,L1,L3,L1,L1,L2,C3_2,D3_2,F3_2,,,N3_2,L_1,M_1
186112,L3,L1,L3,L1,L1,L3,L1,L1,L2,C3_2,D3_2,F3_2,,,N3_2,L_1,M_2
186113,L3,L1,L3,L1,L1,L3,L1,L1,L2,C3_2,D3_2,F3_2,,,N3_2,L_2,M_1
186114,L3,L1,L3,L1,L1,L3,L1,L1,L2,C3_2,D3_2,F3_2,,,N3_2,L_2,M_2
186115,L3,L1,L3,L1,L1,L3,L1,L1,L2,C3_2,D3_2,F3_2,,,N3_2,L_3,M_1
186116,L3,L1,L3,L1,L1,L3,L1,L1,L2,C3_2,D3_2,F3_2,,,N3_2,L_3,M_2
186117,L3,L1,L3,L1,L1,L3,L1,L1,L2,C3_2,D3_2,F3_3,,,N3_1,L_1,M_1
186118,L3,L1,L3,L1,L1,L3,L1,L1,L2,C3_2,D3_2,F3_3,,,N3_1,L_1,M_2
186119,L3,L1,L3,L1,L1,L3,L1,L1,L2,C3_2,D3_2,F3_3,,,N3_1,L_2,M_1
186120,L3,L1,L3,L1,L1,L3,L1,L1,L2,C3_2,D3_2,F3_3,,,N3_1,L_2,M_2
186121,L3,L1,L3,L1,L1,L3,L1,L1,L2,C3_2,D3_2,F3_3,,,N3_1,L_3,M_1
186122,L3,L1,L3,L1,L1,L3,L1,L1,L2,C3_2,D3_2,F3_3,,,N3_1,L_3,M_2
186123,L3,L1,L3,L1,L1,L3,L1,L1,L2,C3_2,D3_2,F3_3,,,N3_2,L_1,M_1
186124,L3,L1,L3,L1,L1,L3,L1,L1,L2,C3_2,D3_2,F3_3,,,N3_2,L_1,M_2
186125,L3,L1,L3,L1,L1,L3,L1,L1,L2,C3_2,D3_2,F3_3,,,N3_2,L_2,M_1
186126,L3,L1,L3,L1,L1,L3,L1,L1,L2,C3_2,D3_2,F3_3,,,N3_2,L_2,M_2
186127,L3,L1,L3,L1,L1,L3,L1,L1,L2,C3_2,D3_2,F3_3,,,N3_2,L_3,M_1
186128,L3,L1,L3,L1,L1,L3,L1,L1,L2,C3_2,D3_2,F3_3,,,N3_2,L_3,M_2
186129,L3,L1,L3,L1,L1,L3,L1,L1,L2,C3_2,D3_3,F3_1,,,N3_1,L_1,M_1
186130,L3,L1,L3,L1,L1,L3,L1,L1,L2,C3_2,D3_3,F3_1,,,N3_1,L_1,M_2
186131,L3,L1,L3,L1,L1,L3,L1,L1,L2,C3_2,D3_3,F3_1,,,N3_1,L_2,M_1
186132,L3,L1,L3,L1,L1,L3,L1,L1,L2,C3_2,D3_3,F3_1,,,N3_1,L_2,M_2
186133,L3,L1,L3,L1,L1,L3,L1,L1,L2,C3_2,D3_3,F3_1,,,N3_1,L_3,M_1
186134,L3,L1,L3,L1,L1,L3,L1,L1,L2,C3_2,D3_3,F3_1,,,N3_1,L_3,M_2
186135,L3,L1,L3,L1,L1,L3,L1,L1,L2,C3_2,D3_3,F3_1,,,N3_2,L_1,M_1
186136,L3,L1,L3,L1,L1,L3,L1,L1,L2,C3_2,D3_3,F3_1,,,N3_2,L_1,M_2
186137,L3,L1,L3,L1,L1,L3,L1,L1,L2,C3_2,D3_3,F3_1,,,N3_2,L_2,M_1
186138,L3,L1,L3,L1,L1,L3,L1,L1,L2,C3_2,D3_3,F3_1,,,N3_2,L_2,M_2
186139,L3,L1,L3,L1,L1,L3,L1,L1,L2,C3_2,D3_3,F3_1,,,N3_2,L_3,M_1
186140,L3,L1,L3,L1,L1,L3,L1,L1,L2,C3_2,D3_3,F3_1,,,N3_2,L_3,M_2
186141,L3,L1,L3,L1,L1,L3,L1,L1,L2,C3_2,D3_3,F3_2,,,N3_1,L_1,M_1
186142,L3,L1,L3,L1,L1,L3,L1,L1,L2,C3_2,D3_3,F3_2,,,N3_1,L_1,M_2
186143,L3,L1,L3,L1,L1,L3,L1,L1,L2,C3_2,D3_3,F3_2,,,N3_1,L_2,M_1
186144,L3,L1,L3,L1,L1,L3,L1,L1,L2,C3_2,D3_3,F3_2,,,N3_1,L_2,M_2
186145,L3,L1,L3,L1,L1,L3,L1,L1,L2,C3_2,D3_3,F3_2,,,N3_1,L_3,M_1
186146,L3,L1,L3,L1,L1,L3,L1,L1,L2,C3_2,D3_3,F3_2,,,N3_1,L_3,M_2
186147,L3,L1,L3,L1,L1,L3,L1,L1,L2,C3_2,D3_3,F3_2,,,N3_2,L_1,M_1
186148,L3,L1,L3,L1,L1,L3,L1,L1,L2,C3_2,D3_3,F3_2,,,N3_2,L_1,M_2
186149,L3,L1,L3,L1,L1,L3,L1,L1,L2,C3_2,D3_3,F3_2,,,N3_2,L_2,M_1
186150,L3,L1,L3,L1,L1,L3,L1,L1,L2,C3_2,D3_3,F3_2,,,N3_2,L_2,M_2
186151,L3,L1,L3,L1,L1,L3,L1,L1,L2,C3_2,D3_3,F3_2,,,N3_2,L_3,M_1
186152,L3,L1,L3,L1,L1,L3,L1,L1,L2,C3_2,D3_3,F3_2,,,N3_2,L_3,M_2
186153,L3,L1,L3,L1,L1,L3,L1,L1,L2,C3_2,D3_3,F3_3,,,N3_1,L_1,M_1
186154,L3,L1,L3,L1,L1,L3,L1,L1,L2,C3_2,D3_3,F3_3,,,N3_1,L_1,M_2
186155,L3,L1,L3,L1,L1,L3,L1,L1,L2,C3_2,D3_3,F3_3,,,N3_1,L_2,M_1
186156,L3,L1,L3,L1,L1,L3,L1,L1,L2,C3_2,D3_3,F3_3,,,N3_1,L_2,M_2
186157,L3,L1,L3,L1,L1,L3,L1,L1,L2,C3_2,D3_3,F3_3,,,N3_1,L_3,M_1
186158,L3,L1,L3,L1,L1,L3,L1,L1,L2,C3_2,D3_3,F3_3,,,N3_1,L_3,M_2
186159,L3,L1,L3,L1,L1,L3,L1,L1,L2,C3_2,D3_3,F3_3,,,N3_2,L_1,M_1
186160,L3,L1,L3,L1,L1,L3,L1,L1,L2,C3_2,D3_3,F3_3,,,N3_2,L_1,M_2
186161,L3,L1,L3,L1,L1,L3,L1,L1,L2,C3_2,D3_3,F3_3,,,N3_2,L_2,M_1
186162,L3,L1,L3,L1,L1,L3,L1,L1,L2,C3_2,D3_3,F3_3,,,N3_2,L_2,M_2
186163,L3,L1,L3,L1,L1,L3,L1,L1,L2,C3_2,D3_3,F3_3,,,N3_2,L_3,M_1
186164,L3,L1,L3,L1,L1,L3,L1,L1,L2,C3_2,D3_3,F3_3,,,N3_2,L_3,M_2
186165,L3,L1,L3,L1,L1,L3,L1,L1,L2,C3_3,D3_1,F3_1,,,N3_1,L_1,M_1
186166,L3,L1,L3,L1,L1,L3,L1,L1,L2,C3_3,D3_1,F3_1,,,N3_1,L_1,M_2
186167,L3,L1,L3,L1,L1,L3,L1,L1,L2,C3_3,D3_1,F3_1,,,N3_1,L_2,M_1
186168,L3,L1,L3,L1,L1,L3,L1,L1,L2,C3_3,D3_1,F3_1,,,N3_1,L_2,M_2
186169,L3,L1,L3,L1,L1,L3,L1,L1,L2,C3_3,D3_1,F3_1,,,N3_1,L_3,M_1
186170,L3,L1,L3,L1,L1,L3,L1,L1,L2,C3_3,D3_1,F3_1,,,N3_1,L_3,M_2
186171,L3,L1,L3,L1,L1,L3,L1,L1,L2,C3_3,D3_1,F3_1,,,N3_2,L_1,M_1
186172,L3,L1,L3,L1,L1,L3,L1,L1,L2,C3_3,D3_1,F3_1,,,N3_2,L_1,M_2
186173,L3,L1,L3,L1,L1,L3,L1,L1,L2,C3_3,D3_1,F3_1,,,N3_2,L_2,M_1
186174,L3,L1,L3,L1,L1,L3,L1,L1,L2,C3_3,D3_1,F3_1,,,N3_2,L_2,M_2
186175,L3,L1,L3,L1,L1,L3,L1,L1,L2,C3_3,D3_1,F3_1,,,N3_2,L_3,M_1
186176,L3,L1,L3,L1,L1,L3,L1,L1,L2,C3_3,D3_1,F3_1,,,N3_2,L_3,M_2
186177,L3,L1,L3,L1,L1,L3,L1,L1,L2,C3_3,D3_1,F3_2,,,N3_1,L_1,M_1
186178,L3,L1,L3,L1,L1,L3,L1,L1,L2,C3_3,D3_1,F3_2,,,N3_1,L_1,M_2
186179,L3,L1,L3,L1,L1,L3,L1,L1,L2,C3_3,D3_1,F3_2,,,N3_1,L_2,M_1
186180,L3,L1,L3,L1,L1,L3,L1,L1,L2,C3_3,D3_1,F3_2,,,N3_1,L_2,M_2
186181,L3,L1,L3,L1,L1,L3,L1,L1,L2,C3_3,D3_1,F3_2,,,N3_1,L_3,M_1
186182,L3,L1,L3,L1,L1,L3,L1,L1,L2,C3_3,D3_1,F3_2,,,N3_1,L_3,M_2
186183,L3,L1,L3,L1,L1,L3,L1,L1,L2,C3_3,D3_1,F3_2,,,N3_2,L_1,M_1
186184,L3,L1,L3,L1,L1,L3,L1,L1,L2,C3_3,D3_1,F3_2,,,N3_2,L_1,M_2
186185,L3,L1,L3,L1,L1,L3,L1,L1,L2,C3_3,D3_1,F3_2,,,N3_2,L_2,M_1
186186,L3,L1,L3,L1,L1,L3,L1,L1,L2,C3_3,D3_1,F3_2,,,N3_2,L_2,M_2
186187,L3,L1,L3,L1,L1,L3,L1,L1,L2,C3_3,D3_1,F3_2,,,N3_2,L_3,M_1
186188,L3,L1,L3,L1,L1,L3,L1,L1,L2,C3_3,D3_1,F3_2,,,N3_2,L_3,M_2
186189,L3,L1,L3,L1,L1,L3,L1,L1,L2,C3_3,D3_1,F3_3,,,N3_1,L_1,M_1
186190,L3,L1,L3,L1,L1,L3,L1,L1,L2,C3_3,D3_1,F3_3,,,N3_1,L_1,M_2
186191,L3,L1,L3,L1,L1,L3,L1,L1,L2,C3_3,D3_1,F3_3,,,N3_1,L_2,M_1
186192,L3,L1,L3,L1,L1,L3,L1,L1,L2,C3_3,D3_1,F3_3,,,N3_1,L_2,M_2
186193,L3,L1,L3,L1,L1,L3,L1,L1,L2,C3_3,D3_1,F3_3,,,N3_1,L_3,M_1
186194,L3,L1,L3,L1,L1,L3,L1,L1,L2,C3_3,D3_1,F3_3,,,N3_1,L_3,M_2
186195,L3,L1,L3,L1,L1,L3,L1,L1,L2,C3_3,D3_1,F3_3,,,N3_2,L_1,M_1
186196,L3,L1,L3,L1,L1,L3,L1,L1,L2,C3_3,D3_1,F3_3,,,N3_2,L_1,M_2
186197,L3,L1,L3,L1,L1,L3,L1,L1,L2,C3_3,D3_1,F3_3,,,N3_2,L_2,M_1
186198,L3,L1,L3,L1,L1,L3,L1,L1,L2,C3_3,D3_1,F3_3,,,N3_2,L_2,M_2
186199,L3,L1,L3,L1,L1,L3,L1,L1,L2,C3_3,D3_1,F3_3,,,N3_2,L_3,M_1
186200,L3,L1,L3,L1,L1,L3,L1,L1,L2,C3_3,D3_1,F3_3,,,N3_2,L_3,M_2
186201,L3,L1,L3,L1,L1,L3,L1,L1,L2,C3_3,D3_2,F3_1,,,N3_1,L_1,M_1
186202,L3,L1,L3,L1,L1,L3,L1,L1,L2,C3_3,D3_2,F3_1,,,N3_1,L_1,M_2
186203,L3,L1,L3,L1,L1,L3,L1,L1,L2,C3_3,D3_2,F3_1,,,N3_1,L_2,M_1
186204,L3,L1,L3,L1,L1,L3,L1,L1,L2,C3_3,D3_2,F3_1,,,N3_1,L_2,M_2
186205,L3,L1,L3,L1,L1,L3,L1,L1,L2,C3_3,D3_2,F3_1,,,N3_1,L_3,M_1
186206,L3,L1,L3,L1,L1,L3,L1,L1,L2,C3_3,D3_2,F3_1,,,N3_1,L_3,M_2
186207,L3,L1,L3,L1,L1,L3,L1,L1,L2,C3_3,D3_2,F3_1,,,N3_2,L_1,M_1
186208,L3,L1,L3,L1,L1,L3,L1,L1,L2,C3_3,D3_2,F3_1,,,N3_2,L_1,M_2
186209,L3,L1,L3,L1,L1,L3,L1,L1,L2,C3_3,D3_2,F3_1,,,N3_2,L_2,M_1
186210,L3,L1,L3,L1,L1,L3,L1,L1,L2,C3_3,D3_2,F3_1,,,N3_2,L_2,M_2
186211,L3,L1,L3,L1,L1,L3,L1,L1,L2,C3_3,D3_2,F3_1,,,N3_2,L_3,M_1
186212,L3,L1,L3,L1,L1,L3,L1,L1,L2,C3_3,D3_2,F3_1,,,N3_2,L_3,M_2
186213,L3,L1,L3,L1,L1,L3,L1,L1,L2,C3_3,D3_2,F3_2,,,N3_1,L_1,M_1
186214,L3,L1,L3,L1,L1,L3,L1,L1,L2,C3_3,D3_2,F3_2,,,N3_1,L_1,M_2
186215,L3,L1,L3,L1,L1,L3,L1,L1,L2,C3_3,D3_2,F3_2,,,N3_1,L_2,M_1
186216,L3,L1,L3,L1,L1,L3,L1,L1,L2,C3_3,D3_2,F3_2,,,N3_1,L_2,M_2
186217,L3,L1,L3,L1,L1,L3,L1,L1,L2,C3_3,D3_2,F3_2,,,N3_1,L_3,M_1
186218,L3,L1,L3,L1,L1,L3,L1,L1,L2,C3_3,D3_2,F3_2,,,N3_1,L_3,M_2
186219,L3,L1,L3,L1,L1,L3,L1,L1,L2,C3_3,D3_2,F3_2,,,N3_2,L_1,M_1
186220,L3,L1,L3,L1,L1,L3,L1,L1,L2,C3_3,D3_2,F3_2,,,N3_2,L_1,M_2
186221,L3,L1,L3,L1,L1,L3,L1,L1,L2,C3_3,D3_2,F3_2,,,N3_2,L_2,M_1
186222,L3,L1,L3,L1,L1,L3,L1,L1,L2,C3_3,D3_2,F3_2,,,N3_2,L_2,M_2
186223,L3,L1,L3,L1,L1,L3,L1,L1,L2,C3_3,D3_2,F3_2,,,N3_2,L_3,M_1
186224,L3,L1,L3,L1,L1,L3,L1,L1,L2,C3_3,D3_2,F3_2,,,N3_2,L_3,M_2
186225,L3,L1,L3,L1,L1,L3,L1,L1,L2,C3_3,D3_2,F3_3,,,N3_1,L_1,M_1
186226,L3,L1,L3,L1,L1,L3,L1,L1,L2,C3_3,D3_2,F3_3,,,N3_1,L_1,M_2
186227,L3,L1,L3,L1,L1,L3,L1,L1,L2,C3_3,D3_2,F3_3,,,N3_1,L_2,M_1
186228,L3,L1,L3,L1,L1,L3,L1,L1,L2,C3_3,D3_2,F3_3,,,N3_1,L_2,M_2
186229,L3,L1,L3,L1,L1,L3,L1,L1,L2,C3_3,D3_2,F3_3,,,N3_1,L_3,M_1
186230,L3,L1,L3,L1,L1,L3,L1,L1,L2,C3_3,D3_2,F3_3,,,N3_1,L_3,M_2
186231,L3,L1,L3,L1,L1,L3,L1,L1,L2,C3_3,D3_2,F3_3,,,N3_2,L_1,M_1
186232,L3,L1,L3,L1,L1,L3,L1,L1,L2,C3_3,D3_2,F3_3,,,N3_2,L_1,M_2
186233,L3,L1,L3,L1,L1,L3,L1,L1,L2,C3_3,D3_2,F3_3,,,N3_2,L_2,M_1
186234,L3,L1,L3,L1,L1,L3,L1,L1,L2,C3_3,D3_2,F3_3,,,N3_2,L_2,M_2
186235,L3,L1,L3,L1,L1,L3,L1,L1,L2,C3_3,D3_2,F3_3,,,N3_2,L_3,M_1
186236,L3,L1,L3,L1,L1,L3,L1,L1,L2,C3_3,D3_2,F3_3,,,N3_2,L_3,M_2
186237,L3,L1,L3,L1,L1,L3,L1,L1,L2,C3_3,D3_3,F3_1,,,N3_1,L_1,M_1
186238,L3,L1,L3,L1,L1,L3,L1,L1,L2,C3_3,D3_3,F3_1,,,N3_1,L_1,M_2
186239,L3,L1,L3,L1,L1,L3,L1,L1,L2,C3_3,D3_3,F3_1,,,N3_1,L_2,M_1
186240,L3,L1,L3,L1,L1,L3,L1,L1,L2,C3_3,D3_3,F3_1,,,N3_1,L_2,M_2
186241,L3,L1,L3,L1,L1,L3,L1,L1,L2,C3_3,D3_3,F3_1,,,N3_1,L_3,M_1
186242,L3,L1,L3,L1,L1,L3,L1,L1,L2,C3_3,D3_3,F3_1,,,N3_1,L_3,M_2
186243,L3,L1,L3,L1,L1,L3,L1,L1,L2,C3_3,D3_3,F3_1,,,N3_2,L_1,M_1
186244,L3,L1,L3,L1,L1,L3,L1,L1,L2,C3_3,D3_3,F3_1,,,N3_2,L_1,M_2
186245,L3,L1,L3,L1,L1,L3,L1,L1,L2,C3_3,D3_3,F3_1,,,N3_2,L_2,M_1
186246,L3,L1,L3,L1,L1,L3,L1,L1,L2,C3_3,D3_3,F3_1,,,N3_2,L_2,M_2
186247,L3,L1,L3,L1,L1,L3,L1,L1,L2,C3_3,D3_3,F3_1,,,N3_2,L_3,M_1
186248,L3,L1,L3,L1,L1,L3,L1,L1,L2,C3_3,D3_3,F3_1,,,N3_2,L_3,M_2
186249,L3,L1,L3,L1,L1,L3,L1,L1,L2,C3_3,D3_3,F3_2,,,N3_1,L_1,M_1
186250,L3,L1,L3,L1,L1,L3,L1,L1,L2,C3_3,D3_3,F3_2,,,N3_1,L_1,M_2
186251,L3,L1,L3,L1,L1,L3,L1,L1,L2,C3_3,D3_3,F3_2,,,N3_1,L_2,M_1
186252,L3,L1,L3,L1,L1,L3,L1,L1,L2,C3_3,D3_3,F3_2,,,N3_1,L_2,M_2
186253,L3,L1,L3,L1,L1,L3,L1,L1,L2,C3_3,D3_3,F3_2,,,N3_1,L_3,M_1
186254,L3,L1,L3,L1,L1,L3,L1,L1,L2,C3_3,D3_3,F3_2,,,N3_1,L_3,M_2
186255,L3,L1,L3,L1,L1,L3,L1,L1,L2,C3_3,D3_3,F3_2,,,N3_2,L_1,M_1
186256,L3,L1,L3,L1,L1,L3,L1,L1,L2,C3_3,D3_3,F3_2,,,N3_2,L_1,M_2
186257,L3,L1,L3,L1,L1,L3,L1,L1,L2,C3_3,D3_3,F3_2,,,N3_2,L_2,M_1
186258,L3,L1,L3,L1,L1,L3,L1,L1,L2,C3_3,D3_3,F3_2,,,N3_2,L_2,M_2
186259,L3,L1,L3,L1,L1,L3,L1,L1,L2,C3_3,D3_3,F3_2,,,N3_2,L_3,M_1
186260,L3,L1,L3,L1,L1,L3,L1,L1,L2,C3_3,D3_3,F3_2,,,N3_2,L_3,M_2
186261,L3,L1,L3,L1,L1,L3,L1,L1,L2,C3_3,D3_3,F3_3,,,N3_1,L_1,M_1
186262,L3,L1,L3,L1,L1,L3,L1,L1,L2,C3_3,D3_3,F3_3,,,N3_1,L_1,M_2
186263,L3,L1,L3,L1,L1,L3,L1,L1,L2,C3_3,D3_3,F3_3,,,N3_1,L_2,M_1
186264,L3,L1,L3,L1,L1,L3,L1,L1,L2,C3_3,D3_3,F3_3,,,N3_1,L_2,M_2
186265,L3,L1,L3,L1,L1,L3,L1,L1,L2,C3_3,D3_3,F3_3,,,N3_1,L_3,M_1
186266,L3,L1,L3,L1,L1,L3,L1,L1,L2,C3_3,D3_3,F3_3,,,N3_1,L_3,M_2
186267,L3,L1,L3,L1,L1,L3,L1,L1,L2,C3_3,D3_3,F3_3,,,N3_2,L_1,M_1
186268,L3,L1,L3,L1,L1,L3,L1,L1,L2,C3_3,D3_3,F3_3,,,N3_2,L_1,M_2
186269,L3,L1,L3,L1,L1,L3,L1,L1,L2,C3_3,D3_3,F3_3,,,N3_2,L_2,M_1
186270,L3,L1,L3,L1,L1,L3,L1,L1,L2,C3_3,D3_3,F3_3,,,N3_2,L_2,M_2
186271,L3,L1,L3,L1,L1,L3,L1,L1,L2,C3_3,D3_3,F3_3,,,N3_2,L_3,M_1
186272,L3,L1,L3,L1,L1,L3,L1,L1,L2,C3_3,D3_3,F3_3,,,N3_2,L_3,M_2
204606,L1,L2,L3,L2,L1,L3,L1,L1,L2,C3_1,D3_1,F3_1,,,N3_1,L_1,M_1
204607,L1,L2,L3,L2,L1,L3,L1,L1,L2,C3_1,D3_1,F3_1,,,N3_1,L_1,M_2
204608,L1,L2,L3,L2,L1,L3,L1,L1,L2,C3_1,D3_1,F3_1,,,N3_1,L_2,M_1
204609,L1,L2,L3,L2,L1,L3,L1,L1,L2,C3_1,D3_1,F3_1,,,N3_1,L_2,M_2
204610,L1,L2,L3,L2,L1,L3,L1,L1,L2,C3_1,D3_1,F3_1,,,N3_1,L_3,M_1
204611,L1,L2,L3,L2,L1,L3,L1,L1,L2,C3_1,D3_1,F3_1,,,N3_1,L_3,M_2
204612,L1,L2,L3,L2,L1,L3,L1,L1,L2,C3_1,D3_1,F3_1,,,N3_2,L_1,M_1
204613,L1,L2,L3,L2,L1,L3,L1,L1,L2,C3_1,D3_1,F3_1,,,N3_2,L_1,M_2
204614,L1,L2,L3,L2,L1,L3,L1,L1,L2,C3_1,D3_1,F3_1,,,N3_2,L_2,M_1
204615,L1,L2,L3,L2,L1,L3,L1,L1,L2,C3_1,D3_1,F3_1,,,N3_2,L_2,M_2
204616,L1,L2,L3,L2,L1,L3,L1,L1,L2,C3_1,D3_1,F3_1,,,N3_2,L_3,M_1
204617,L1,L2,L3,L2,L1,L3,L1,L1,L2,C3_1,D3_1,F3_1,,,N3_2,L_3,M_2
204618,L1,L2,L3,L2,L1,L3,L1,L1,L2,C3_1,D3_1,F3_2,,,N3_1,L_1,M_1
204619,L1,L2,L3,L2,L1,L3,L1,L1,L2,C3_1,D3_1,F3_2,,,N3_1,L_1,M_2
204620,L1,L2,L3,L2,L1,L3,L1,L1,L2,C3_1,D3_1,F3_2,,,N3_1,L_2,M_1
204621,L1,L2,L3,L2,L1,L3,L1,L1,L2,C3_1,D3_1,F3_2,,,N3_1,L_2,M_2
204622,L1,L2,L3,L2,L1,L3,L1,L1,L2,C3_1,D3_1,F3_2,,,N3_1,L_3,M_1
204623,L1,L2,L3,L2,L1,L3,L1,L1,L2,C3_1,D3_1,F3_2,,,N3_1,L_3,M_2
204624,L1,L2,L3,L2,L1,L3,L1,L1,L2,C3_1,D3_1,F3_2,,,N3_2,L_1,M_1
204625,L1,L2,L3,L2,L1,L3,L1,L1,L2,C3_1,D3_1,F3_2,,,N3_2,L_1,M_2
204626,L1,L2,L3,L2,L1,L3,L1,L1,L2,C3_1,D3_1,F3_2,,,N3_2,L_2,M_1
204627,L1,L2,L3,L2,L1,L3,L1,L1,L2,C3_1,D3_1,F3_2,,,N3_2,L_2,M_2
204628,L1,L2,L3,L2,L1,L3,L1,L1,L2,C3_1,D3_1,F3_2,,,N3_2,L_3,M_1
204629,L1,L2,L3,L2,L1,L3,L1,L1,L2,C3_1,D3_1,F3_2,,,N3_2,L_3,M_2
204630,L1,L2,L3,L2,L1,L3,L1,L1,L2,C3_1,D3_1,F3_3,,,N3_1,L_1,M_1
204631,L1,L2,L3,L2,L1,L3,L1,L1,L2,C3_1,D3_1,F3_3,,,N3_1,L_1,M_2
204632,L1,L2,L3,L2,L1,L3,L1,L1,L2,C3_1,D3_1,F3_3,,,N3_1,L_2,M_1
204633,L1,L2,L3,L2,L1,L3,L1,L1,L2,C3_1,D3_1,F3_3,,,N3_1,L_2,M_2
204634,L1,L2,L3,L2,L1,L3,L1,L1,L2,C3_1,D3_1,F3_3,,,N3_1,L_3,M_1
204635,L1,L2,L3,L2,L1,L3,L1,L1,L2,C3_1,D3_1,F3_3,,,N3_1,L_3,M_2
204636,L1,L2,L3,L2,L1,L3,L1,L1,L2,C3_1,D3_1,F3_3,,,N3_2,L_1,M_1
204637,L1,L2,L3,L2,L1,L3,L1,L1,L2,C3_1,D3_1,F3_3,,,N3_2,L_1,M_2
204638,L1,L2,L3,L2,L1,L3,L1,L1,L2,C3_1,D3_1,F3_3,,,N3_2,L_2,M_1
204639,L1,L2,L3,L2,L1,L3,L1,L1,L2,C3_1,D3_1,F3_3,,,N3_2,L_2,M_2
204640,L1,L2,L3,L2,L1,L3,L1,L1,L2,C3_1,D3_1,F3_3,,,N3_2,L_3,M_1
204641,L1,L2,L3,L2,L1,L3,L1,L1,L2,C3_1,D3_1,F3_3,,,N3_2,L_3,M_2
204642,L1,L2,L3,L2,L1,L3,L1,L1,L2,C3_1,D3_2,F3_1,,,N3_1,L_1,M_1
204643,L1,L2,L3,L2,L1,L3,L1,L1,L2,C3_1,D3_2,F3_1,,,N3_1,L_1,M_2
204644,L1,L2,L3,L2,L1,L3,L1,L1,L2,C3_1,D3_2,F3_1,,,N3_1,L_2,M_1
204645,L1,L2,L3,L2,L1,L3,L1,L1,L2,C3_1,D3_2,F3_1,,,N3_1,L_2,M_2
204646,L1,L2,L3,L2,L1,L3,L1,L1,L2,C3_1,D3_2,F3_1,,,N3_1,L_3,M_1
204647,L1,L2,L3,L2,L1,L3,L1,L1,L2,C3_1,D3_2,F3_1,,,N3_1,L_3,M_2
204648,L1,L2,L3,L2,L1,L3,L1,L1,L2,C3_1,D3_2,F3_1,,,N3_2,L_1,M_1
204649,L1,L2,L3,L2,L1,L3,L1,L1,L2,C3_1,D3_2,F3_1,,,N3_2,L_1,M_2
204650,L1,L2,L3,L2,L1,L3,L1,L1,L2,C3_1,D3_2,F3_1,,,N3_2,L_2,M_1
204651,L1,L2,L3,L2,L1,L3,L1,L1,L2,C3_1,D3_2,F3_1,,,N3_2,L_2,M_2
204652,L1,L2,L3,L2,L1,L3,L1,L1,L2,C3_1,D3_2,F3_1,,,N3_2,L_3,M_1
204653,L1,L2,L3,L2,L1,L3,L1,L1,L2,C3_1,D3_2,F3_1,,,N3_2,L_3,M_2
204654,L1,L2,L3,L2,L1,L3,L1,L1,L2,C3_1,D3_2,F3_2,,,N3_1,L_1,M_1
204655,L1,L2,L3,L2,L1,L3,L1,L1,L2,C3_1,D3_2,F3_2,,,N3_1,L_1,M_2
204656,L1,L2,L3,L2,L1,L3,L1,L1,L2,C3_1,D3_2,F3_2,,,N3_1,L_2,M_1
204657,L1,L2,L3,L2,L1,L3,L1,L1,L2,C3_1,D3_2,F3_2,,,N3_1,L_2,M_2
204658,L1,L2,L3,L2,L1,L3,L1,L1,L2,C3_1,D3_2,F3_2,,,N3_1,L_3,M_1
204659,L1,L2,L3,L2,L1,L3,L1,L1,L2,C3_1,D3_2,F3_2,,,N3_1,L_3,M_2
204660,L1,L2,L3,L2,L1,L3,L1,L1,L2,C3_1,D3_2,F3_2,,,N3_2,L_1,M_1
204661,L1,L2,L3,L2,L1,L3,L1,L1,L2,C3_1,D3_2,F3_2,,,N3_2,L_1,M_2
204662,L1,L2,L3,L2,L1,L3,L1,L1,L2,C3_1,D3_2,F3_2,,,N3_2,L_2,M_1
204663,L1,L2,L3,L2,L1,L3,L1,L1,L2,C3_1,D3_2,F3_2,,,N3_2,L_2,M_2
204664,L1,L2,L3,L2,L1,L3,L1,L1,L2,C3_1,D3_2,F3_2,,,N3_2,L_3,M_1
204665,L1,L2,L3,L2,L1,L3,L1,L1,L2,C3_1,D3_2,F3_2,,,N3_2,L_3,M_2
204666,L1,L2,L3,L2,L1,L3,L1,L1,L2,C3_1,D3_2,F3_3,,,N3_1,L_1,M_1
204667,L1,L2,L3,L2,L1,L3,L1,L1,L2,C3_1,D3_2,F3_3,,,N3_1,L_1,M_2
204668,L1,L2,L3,L2,L1,L3,L1,L1,L2,C3_1,D3_2,F3_3,,,N3_1,L_2,M_1
204669,L1,L2,L3,L2,L1,L3,L1,L1,L2,C3_1,D3_2,F3_3,,,N3_1,L_2,M_2
204670,L1,L2,L3,L2,L1,L3,L1,L1,L2,C3_1,D3_2,F3_3,,,N3_1,L_3,M_1
204671,L1,L2,L3,L2,L1,L3,L1,L1,L2,C3_1,D3_2,F3_3,,,N3_1,L_3,M_2
204672,L1,L2,L3,L2,L1,L3,L1,L1,L2,C3_1,D3_2,F3_3,,,N3_2,L_1,M_1
204673,L1,L2,L3,L2,L1,L3,L1,L1,L2,C3_1,D3_2,F3_3,,,N3_2,L_1,M_2
204674,L1,L2,L3,L2,L1,L3,L1,L1,L2,C3_1,D3_2,F3_3,,,N3_2,L_2,M_1
204675,L1,L2,L3,L2,L1,L3,L1,L1,L2,C3_1,D3_2,F3_3,,,N3_2,L_2,M_2
204676,L1,L2,L3,L2,L1,L3,L1,L1,L2,C3_1,D3_2,F3_3,,,N3_2,L_3,M_1
204677,L1,L2,L3,L2,L1,L3,L1,L1,L2,C3_1,D3_2,F3_3,,,N3_2,L_3,M_2
204678,L1,L2,L3,L2,L1,L3,L1,L1,L2,C3_1,D3_3,F3_1,,,N3_1,L_1,M_1
204679,L1,L2,L3,L2,L1,L3,L1,L1,L2,C3_1,D3_3,F3_1,,,N3_1,L_1,M_2
204680,L1,L2,L3,L2,L1,L3,L1,L1,L2,C3_1,D3_3,F3_1,,,N3_1,L_2,M_1
204681,L1,L2,L3,L2,L1,L3,L1,L1,L2,C3_1,D3_3,F3_1,,,N3_1,L_2,M_2
204682,L1,L2,L3,L2,L1,L3,L1,L1,L2,C3_1,D3_3,F3_1,,,N3_1,L_3,M_1
204683,L1,L2,L3,L2,L1,L3,L1,L1,L2,C3_1,D3_3,F3_1,,,N3_1,L_3,M_2
204684,L1,L2,L3,L2,L1,L3,L1,L1,L2,C3_1,D3_3,F3_1,,,N3_2,L_1,M_1
204685,L1,L2,L3,L2,L1,L3,L1,L1,L2,C3_1,D3_3,F3_1,,,N3_2,L_1,M_2
204686,L1,L2,L3,L2,L1,L3,L1,L1,L2,C3_1,D3_3,F3_1,,,N3_2,L_2,M_1
204687,L1,L2,L3,L2,L1,L3,L1,L1,L2,C3_1,D3_3,F3_1,,,N3_2,L_2,M_2
204688,L1,L2,L3,L2,L1,L3,L1,L1,L2,C3_1,D3_3,F3_1,,,N3_2,L_3,M_1
204689,L1,L2,L3,L2,L1,L3,L1,L1,L2,C3_1,D3_3,F3_1,,,N3_2,L_3,M_2
204690,L1,L2,L3,L2,L1,L3,L1,L1,L2,C3_1,D3_3,F3_2,,,N3_1,L_1,M_1
204691,L1,L2,L3,L2,L1,L3,L1,L1,L2,C3_1,D3_3,F3_2,,,N3_1,L_1,M_2
204692,L1,L2,L3,L2,L1,L3,L1,L1,L2,C3_1,D3_3,F3_2,,,N3_1,L_2,M_1
204693,L1,L2,L3,L2,L1,L3,L1,L1,L2,C3_1,D3_3,F3_2,,,N3_1,L_2,M_2
204694,L1,L2,L3,L2,L1,L3,L1,L1,L2,C3_1,D3_3,F3_2,,,N3_1,L_3,M_1
204695,L1,L2,L3,L2,L1,L3,L1,L1,L2,C3_1,D3_3,F3_2,,,N3_1,L_3,M_2
204696,L1,L2,L3,L2,L1,L3,L1,L1,L2,C3_1,D3_3,F3_2,,,N3_2,L_1,M_1
204697,L1,L2,L3,L2,L1,L3,L1,L1,L2,C3_1,D3_3,F3_2,,,N3_2,L_1,M_2
204698,L1,L2,L3,L2,L1,L3,L1,L1,L2,C3_1,D3_3,F3_2,,,N3_2,L_2,M_1
204699,L1,L2,L3,L2,L1,L3,L1,L1,L2,C3_1,D3_3,F3_2,,,N3_2,L_2,M_2
204700,L1,L2,L3,L2,L1,L3,L1,L1,L2,C3_1,D3_3,F3_2,,,N3_2,L_3,M_1
204701,L1,L2,L3,L2,L1,L3,L1,L1,L2,C3_1,D3_3,F3_2,,,N3_2,L_3,M_2
204702,L1,L2,L3,L2,L1,L3,L1,L1,L2,C3_1,D3_3,F3_3,,,N3_1,L_1,M_1
204703,L1,L2,L3,L2,L1,L3,L1,L1,L2,C3_1,D3_3,F3_3,,,N3_1,L_1,M_2
204704,L1,L2,L3,L2,L1,L3,L1,L1,L2,C3_1,D3_3,F3_3,,,N3_1,L_2,M_1
204705,L1,L2,L3,L2,L1,L3,L1,L1,L2,C3_1,D3_3,F3_3,,,N3_1,L_2,M_2
204706,L1,L2,L3,L2,L1,L3,L1,L1,L2,C3_1,D3_3,F3_3,,,N3_1,L_3,M_1
204707,L1,L2,L3,L2,L1,L3,L1,L1,L2,C3_1,D3_3,F3_3,,,N3_1,L_3,M_2
204708,L1,L2,L3,L2,L1,L3,L1,L1,L2,C3_1,D3_3,F3_3,,,N3_2,L_1,M_1
204709,L1,L2,L3,L2,L1,L3,L1,L1,L2,C3_1,D3_3,F3_3,,,N3_2,L_1,M_2
204710,L1,L2,L3,L2,L1,L3,L1,L1,L2,C3_1,D3_3,F3_3,,,N3_2,L_2,M_1
204711,L1,L2,L3,L2,L1,L3,L1,L1,L2,C3_1,D3_3,F3_3,,,N3_2,L_2,M_2
204712,L1,L2,L3,L2,L1,L3,L1,L1,L2,C3_1,D3_3,F3_3,,,N3_2,L_3,M_1
204713,L1,L2,L3,L2,L1,L3,L1,L1,L2,C3_1,D3_3,F3_3,,,N3_2,L_3,M_2
204714,L1,L2,L3,L2,L1,L3,L1,L1,L2,C3_2,D3_1,F3_1,,,N3_1,L_1,M_1
204715,L1,L2,L3,L2,L1,L3,L1,L1,L2,C3_2,D3_1,F3_1,,,N3_1,L_1,M_2
204716,L1,L2,L3,L2,L1,L3,L1,L1,L2,C3_2,D3_1,F3_1,,,N3_1,L_2,M_1
204717,L1,L2,L3,L2,L1,L3,L1,L1,L2,C3_2,D3_1,F3_1,,,N3_1,L_2,M_2
204718,L1,L2,L3,L2,L1,L3,L1,L1,L2,C3_2,D3_1,F3_1,,,N3_1,L_3,M_1
204719,L1,L2,L3,L2,L1,L3,L1,L1,L2,C3_2,D3_1,F3_1,,,N3_1,L_3,M_2
204720,L1,L2,L3,L2,L1,L3,L1,L1,L2,C3_2,D3_1,F3_1,,,N3_2,L_1,M_1
204721,L1,L2,L3,L2,L1,L3,L1,L1,L2,C3_2,D3_1,F3_1,,,N3_2,L_1,M_2
204722,L1,L2,L3,L2,L1,L3,L1,L1,L2,C3_2,D3_1,F3_1,,,N3_2,L_2,M_1
204723,L1,L2,L3,L2,L1,L3,L1,L1,L2,C3_2,D3_1,F3_1,,,N3_2,L_2,M_2
204724,L1,L2,L3,L2,L1,L3,L1,L1,L2,C3_2,D3_1,F3_1,,,N3_2,L_3,M_1
204725,L1,L2,L3,L2,L1,L3,L1,L1,L2,C3_2,D3_1,F3_1,,,N3_2,L_3,M_2
204726,L1,L2,L3,L2,L1,L3,L1,L1,L2,C3_2,D3_1,F3_2,,,N3_1,L_1,M_1
204727,L1,L2,L3,L2,L1,L3,L1,L1,L2,C3_2,D3_1,F3_2,,,N3_1,L_1,M_2
204728,L1,L2,L3,L2,L1,L3,L1,L1,L2,C3_2,D3_1,F3_2,,,N3_1,L_2,M_1
204729,L1,L2,L3,L2,L1,L3,L1,L1,L2,C3_2,D3_1,F3_2,,,N3_1,L_2,M_2
204730,L1,L2,L3,L2,L1,L3,L1,L1,L2,C3_2,D3_1,F3_2,,,N3_1,L_3,M_1
204731,L1,L2,L3,L2,L1,L3,L1,L1,L2,C3_2,D3_1,F3_2,,,N3_1,L_3,M_2
204732,L1,L2,L3,L2,L1,L3,L1,L1,L2,C3_2,D3_1,F3_2,,,N3_2,L_1,M_1
204733,L1,L2,L3,L2,L1,L3,L1,L1,L2,C3_2,D3_1,F3_2,,,N3_2,L_1,M_2
204734,L1,L2,L3,L2,L1,L3,L1,L1,L2,C3_2,D3_1,F3_2,,,N3_2,L_2,M_1
204735,L1,L2,L3,L2,L1,L3,L1,L1,L2,C3_2,D3_1,F3_2,,,N3_2,L_2,M_2
204736,L1,L2,L3,L2,L1,L3,L1,L1,L2,C3_2,D3_1,F3_2,,,N3_2,L_3,M_1
204737,L1,L2,L3,L2,L1,L3,L1,L1,L2,C3_2,D3_1,F3_2,,,N3_2,L_3,M_2
204738,L1,L2,L3,L2,L1,L3,L1,L1,L2,C3_2,D3_1,F3_3,,,N3_1,L_1,M_1
204739,L1,L2,L3,L2,L1,L3,L1,L1,L2,C3_2,D3_1,F3_3,,,N3_1,L_1,M_2
204740,L1,L2,L3,L2,L1,L3,L1,L1,L2,C3_2,D3_1,F3_3,,,N3_1,L_2,M_1
204741,L1,L2,L3,L2,L1,L3,L1,L1,L2,C3_2,D3_1,F3_3,,,N3_1,L_2,M_2
204742,L1,L2,L3,L2,L1,L3,L1,L1,L2,C3_2,D3_1,F3_3,,,N3_1,L_3,M_1
204743,L1,L2,L3,L2,L1,L3,L1,L1,L2,C3_2,D3_1,F3_3,,,N3_1,L_3,M_2
204744,L1,L2,L3,L2,L1,L3,L1,L1,L2,C3_2,D3_1,F3_3,,,N3_2,L_1,M_1
204745,L1,L2,L3,L2,L1,L3,L1,L1,L2,C3_2,D3_1,F3_3,,,N3_2,L_1,M_2
204746,L1,L2,L3,L2,L1,L3,L1,L1,L2,C3_2,D3_1,F3_3,,,N3_2,L_2,M_1
204747,L1,L2,L3,L2,L1,L3,L1,L1,L2,C3_2,D3_1,F3_3,,,N3_2,L_2,M_2
204748,L1,L2,L3,L2,L1,L3,L1,L1,L2,C3_2,D3_1,F3_3,,,N3_2,L_3,M_1
204749,L1,L2,L3,L2,L1,L3,L1,L1,L2,C3_2,D3_1,F3_3,,,N3_2,L_3,M_2
204750,L1,L2,L3,L2,L1,L3,L1,L1,L2,C3_2,D3_2,F3_1,,,N3_1,L_1,M_1
204751,L1,L2,L3,L2,L1,L3,L1,L1,L2,C3_2,D3_2,F3_1,,,N3_1,L_1,M_2
204752,L1,L2,L3,L2,L1,L3,L1,L1,L2,C3_2,D3_2,F3_1,,,N3_1,L_2,M_1
204753,L1,L2,L3,L2,L1,L3,L1,L1,L2,C3_2,D3_2,F3_1,,,N3_1,L_2,M_2
204754,L1,L2,L3,L2,L1,L3,L1,L1,L2,C3_2,D3_2,F3_1,,,N3_1,L_3,M_1
204755,L1,L2,L3,L2,L1,L3,L1,L1,L2,C3_2,D3_2,F3_1,,,N3_1,L_3,M_2
204756,L1,L2,L3,L2,L1,L3,L1,L1,L2,C3_2,D3_2,F3_1,,,N3_2,L_1,M_1
204757,L1,L2,L3,L2,L1,L3,L1,L1,L2,C3_2,D3_2,F3_1,,,N3_2,L_1,M_2
204758,L1,L2,L3,L2,L1,L3,L1,L1,L2,C3_2,D3_2,F3_1,,,N3_2,L_2,M_1
204759,L1,L2,L3,L2,L1,L3,L1,L1,L2,C3_2,D3_2,F3_1,,,N3_2,L_2,M_2
204760,L1,L2,L3,L2,L1,L3,L1,L1,L2,C3_2,D3_2,F3_1,,,N3_2,L_3,M_1
204761,L1,L2,L3,L2,L1,L3,L1,L1,L2,C3_2,D3_2,F3_1,,,N3_2,L_3,M_2
204762,L1,L2,L3,L2,L1,L3,L1,L1,L2,C3_2,D3_2,F3_2,,,N3_1,L_1,M_1
204763,L1,L2,L3,L2,L1,L3,L1,L1,L2,C3_2,D3_2,F3_2,,,N3_1,L_1,M_2
204764,L1,L2,L3,L2,L1,L3,L1,L1,L2,C3_2,D3_2,F3_2,,,N3_1,L_2,M_1
204765,L1,L2,L3,L2,L1,L3,L1,L1,L2,C3_2,D3_2,F3_2,,,N3_1,L_2,M_2
204766,L1,L2,L3,L2,L1,L3,L1,L1,L2,C3_2,D3_2,F3_2,,,N3_1,L_3,M_1
204767,L1,L2,L3,L2,L1,L3,L1,L1,L2,C3_2,D3_2,F3_2,,,N3_1,L_3,M_2
204768,L1,L2,L3,L2,L1,L3,L1,L1,L2,C3_2,D3_2,F3_2,,,N3_2,L_1,M_1
204769,L1,L2,L3,L2,L1,L3,L1,L1,L2,C3_2,D3_2,F3_2,,,N3_2,L_1,M_2
204770,L1,L2,L3,L2,L1,L3,L1,L1,L2,C3_2,D3_2,F3_2,,,N3_2,L_2,M_1
204771,L1,L2,L3,L2,L1,L3,L1,L1,L2,C3_2,D3_2,F3_2,,,N3_2,L_2,M_2
204772,L1,L2,L3,L2,L1,L3,L1,L1,L2,C3_2,D3_2,F3_2,,,N3_2,L_3,M_1
204773,L1,L2,L3,L2,L1,L3,L1,L1,L2,C3_2,D3_2,F3_2,,,N3_2,L_3,M_2
204774,L1,L2,L3,L2,L1,L3,L1,L1,L2,C3_2,D3_2,F3_3,,,N3_1,L_1,M_1
204775,L1,L2,L3,L2,L1,L3,L1,L1,L2,C3_2,D3_2,F3_3,,,N3_1,L_1,M_2
204776,L1,L2,L3,L2,L1,L3,L1,L1,L2,C3_2,D3_2,F3_3,,,N3_1,L_2,M_1
204777,L1,L2,L3,L2,L1,L3,L1,L1,L2,C3_2,D3_2,F3_3,,,N3_1,L_2,M_2
204778,L1,L2,L3,L2,L1,L3,L1,L1,L2,C3_2,D3_2,F3_3,,,N3_1,L_3,M_1
204779,L1,L2,L3,L2,L1,L3,L1,L1,L2,C3_2,D3_2,F3_3,,,N3_1,L_3,M_2
204780,L1,L2,L3,L2,L1,L3,L1,L1,L2,C3_2,D3_2,F3_3,,,N3_2,L_1,M_1
204781,L1,L2,L3,L2,L1,L3,L1,L1,L2,C3_2,D3_2,F3_3,,,N3_2,L_1,M_2
204782,L1,L2,L3,L2,L1,L3,L1,L1,L2,C3_2,D3_2,F3_3,,,N3_2,L_2,M_1
204783,L1,L2,L3,L2,L1,L3,L1,L1,L2,C3_2,D3_2,F3_3,,,N3_2,L_2,M_2
204784,L1,L2,L3,L2,L1,L3,L1,L1,L2,C3_2,D3_2,F3_3,,,N3_2,L_3,M_1
204785,L1,L2,L3,L2,L1,L3,L1,L1,L2,C3_2,D3_2,F3_3,,,N3_2,L_3,M_2
204786,L1,L2,L3,L2,L1,L3,L1,L1,L2,C3_2,D3_3,F3_1,,,N3_1,L_1,M_1
204787,L1,L2,L3,L2,L1,L3,L1,L1,L2,C3_2,D3_3,F3_1,,,N3_1,L_1,M_2
204788,L1,L2,L3,L2,L1,L3,L1,L1,L2,C3_2,D3_3,F3_1,,,N3_1,L_2,M_1
204789,L1,L2,L3,L2,L1,L3,L1,L1,L2,C3_2,D3_3,F3_1,,,N3_1,L_2,M_2
204790,L1,L2,L3,L2,L1,L3,L1,L1,L2,C3_2,D3_3,F3_1,,,N3_1,L_3,M_1
204791,L1,L2,L3,L2,L1,L3,L1,L1,L2,C3_2,D3_3,F3_1,,,N3_1,L_3,M_2
204792,L1,L2,L3,L2,L1,L3,L1,L1,L2,C3_2,D3_3,F3_1,,,N3_2,L_1,M_1
204793,L1,L2,L3,L2,L1,L3,L1,L1,L2,C3_2,D3_3,F3_1,,,N3_2,L_1,M_2
204794,L1,L2,L3,L2,L1,L3,L1,L1,L2,C3_2,D3_3,F3_1,,,N3_2,L_2,M_1
204795,L1,L2,L3,L2,L1,L3,L1,L1,L2,C3_2,D3_3,F3_1,,,N3_2,L_2,M_2
204796,L1,L2,L3,L2,L1,L3,L1,L1,L2,C3_2,D3_3,F3_1,,,N3_2,L_3,M_1
204797,L1,L2,L3,L2,L1,L3,L1,L1,L2,C3_2,D3_3,F3_1,,,N3_2,L_3,M_2
204798,L1,L2,L3,L2,L1,L3,L1,L1,L2,C3_2,D3_3,F3_2,,,N3_1,L_1,M_1
204799,L1,L2,L3,L2,L1,L3,L1,L1,L2,C3_2,D3_3,F3_2,,,N3_1,L_1,M_2
204800,L1,L2,L3,L2,L1,L3,L1,L1,L2,C3_2,D3_3,F3_2,,,N3_1,L_2,M_1
204801,L1,L2,L3,L2,L1,L3,L1,L1,L2,C3_2,D3_3,F3_2,,,N3_1,L_2,M_2
204802,L1,L2,L3,L2,L1,L3,L1,L1,L2,C3_2,D3_3,F3_2,,,N3_1,L_3,M_1
204803,L1,L2,L3,L2,L1,L3,L1,L1,L2,C3_2,D3_3,F3_2,,,N3_1,L_3,M_2
204804,L1,L2,L3,L2,L1,L3,L1,L1,L2,C3_2,D3_3,F3_2,,,N3_2,L_1,M_1
204805,L1,L2,L3,L2,L1,L3,L1,L1,L2,C3_2,D3_3,F3_2,,,N3_2,L_1,M_2
204806,L1,L2,L3,L2,L1,L3,L1,L1,L2,C3_2,D3_3,F3_2,,,N3_2,L_2,M_1
204807,L1,L2,L3,L2,L1,L3,L1,L1,L2,C3_2,D3_3,F3_2,,,N3_2,L_2,M_2
204808,L1,L2,L3,L2,L1,L3,L1,L1,L2,C3_2,D3_3,F3_2,,,N3_2,L_3,M_1
204809,L1,L2,L3,L2,L1,L3,L1,L1,L2,C3_2,D3_3,F3_2,,,N3_2,L_3,M_2
204810,L1,L2,L3,L2,L1,L3,L1,L1,L2,C3_2,D3_3,F3_3,,,N3_1,L_1,M_1
204811,L1,L2,L3,L2,L1,L3,L1,L1,L2,C3_2,D3_3,F3_3,,,N3_1,L_1,M_2
204812,L1,L2,L3,L2,L1,L3,L1,L1,L2,C3_2,D3_3,F3_3,,,N3_1,L_2,M_1
204813,L1,L2,L3,L2,L1,L3,L1,L1,L2,C3_2,D3_3,F3_3,,,N3_1,L_2,M_2
204814,L1,L2,L3,L2,L1,L3,L1,L1,L2,C3_2,D3_3,F3_3,,,N3_1,L_3,M_1
204815,L1,L2,L3,L2,L1,L3,L1,L1,L2,C3_2,D3_3,F3_3,,,N3_1,L_3,M_2
204816,L1,L2,L3,L2,L1,L3,L1,L1,L2,C3_2,D3_3,F3_3,,,N3_2,L_1,M_1
204817,L1,L2,L3,L2,L1,L3,L1,L1,L2,C3_2,D3_3,F3_3,,,N3_2,L_1,M_2
204818,L1,L2,L3,L2,L1,L3,L1,L1,L2,C3_2,D3_3,F3_3,,,N3_2,L_2,M_1
204819,L1,L2,L3,L2,L1,L3,L1,L1,L2,C3_2,D3_3,F3_3,,,N3_2,L_2,M_2
204820,L1,L2,L3,L2,L1,L3,L1,L1,L2,C3_2,D3_3,F3_3,,,N3_2,L_3,M_1
204821,L1,L2,L3,L2,L1,L3,L1,L1,L2,C3_2,D3_3,F3_3,,,N3_2,L_3,M_2
204822,L1,L2,L3,L2,L1,L3,L1,L1,L2,C3_3,D3_1,F3_1,,,N3_1,L_1,M_1
204823,L1,L2,L3,L2,L1,L3,L1,L1,L2,C3_3,D3_1,F3_1,,,N3_1,L_1,M_2
204824,L1,L2,L3,L2,L1,L3,L1,L1,L2,C3_3,D3_1,F3_1,,,N3_1,L_2,M_1
204825,L1,L2,L3,L2,L1,L3,L1,L1,L2,C3_3,D3_1,F3_1,,,N3_1,L_2,M_2
204826,L1,L2,L3,L2,L1,L3,L1,L1,L2,C3_3,D3_1,F3_1,,,N3_1,L_3,M_1
204827,L1,L2,L3,L2,L1,L3,L1,L1,L2,C3_3,D3_1,F3_1,,,N3_1,L_3,M_2
204828,L1,L2,L3,L2,L1,L3,L1,L1,L2,C3_3,D3_1,F3_1,,,N3_2,L_1,M_1
204829,L1,L2,L3,L2,L1,L3,L1,L1,L2,C3_3,D3_1,F3_1,,,N3_2,L_1,M_2
204830,L1,L2,L3,L2,L1,L3,L1,L1,L2,C3_3,D3_1,F3_1,,,N3_2,L_2,M_1
204831,L1,L2,L3,L2,L1,L3,L1,L1,L2,C3_3,D3_1,F3_1,,,N3_2,L_2,M_2
204832,L1,L2,L3,L2,L1,L3,L1,L1,L2,C3_3,D3_1,F3_1,,,N3_2,L_3,M_1
204833,L1,L2,L3,L2,L1,L3,L1,L1,L2,C3_3,D3_1,F3_1,,,N3_2,L_3,M_2
204834,L1,L2,L3,L2,L1,L3,L1,L1,L2,C3_3,D3_1,F3_2,,,N3_1,L_1,M_1
204835,L1,L2,L3,L2,L1,L3,L1,L1,L2,C3_3,D3_1,F3_2,,,N3_1,L_1,M_2
204836,L1,L2,L3,L2,L1,L3,L1,L1,L2,C3_3,D3_1,F3_2,,,N3_1,L_2,M_1
204837,L1,L2,L3,L2,L1,L3,L1,L1,L2,C3_3,D3_1,F3_2,,,N3_1,L_2,M_2
204838,L1,L2,L3,L2,L1,L3,L1,L1,L2,C3_3,D3_1,F3_2,,,N3_1,L_3,M_1
204839,L1,L2,L3,L2,L1,L3,L1,L1,L2,C3_3,D3_1,F3_2,,,N3_1,L_3,M_2
204840,L1,L2,L3,L2,L1,L3,L1,L1,L2,C3_3,D3_1,F3_2,,,N3_2,L_1,M_1
204841,L1,L2,L3,L2,L1,L3,L1,L1,L2,C3_3,D3_1,F3_2,,,N3_2,L_1,M_2
204842,L1,L2,L3,L2,L1,L3,L1,L1,L2,C3_3,D3_1,F3_2,,,N3_2,L_2,M_1
204843,L1,L2,L3,L2,L1,L3,L1,L1,L2,C3_3,D3_1,F3_2,,,N3_2,L_2,M_2
204844,L1,L2,L3,L2,L1,L3,L1,L1,L2,C3_3,D3_1,F3_2,,,N3_2,L_3,M_1
204845,L1,L2,L3,L2,L1,L3,L1,L1,L2,C3_3,D3_1,F3_2,,,N3_2,L_3,M_2
204846,L1,L2,L3,L2,L1,L3,L1,L1,L2,C3_3,D3_1,F3_3,,,N3_1,L_1,M_1
204847,L1,L2,L3,L2,L1,L3,L1,L1,L2,C3_3,D3_1,F3_3,,,N3_1,L_1,M_2
204848,L1,L2,L3,L2,L1,L3,L1,L1,L2,C3_3,D3_1,F3_3,,,N3_1,L_2,M_1
204849,L1,L2,L3,L2,L1,L3,L1,L1,L2,C3_3,D3_1,F3_3,,,N3_1,L_2,M_2
204850,L1,L2,L3,L2,L1,L3,L1,L1,L2,C3_3,D3_1,F3_3,,,N3_1,L_3,M_1
204851,L1,L2,L3,L2,L1,L3,L1,L1,L2,C3_3,D3_1,F3_3,,,N3_1,L_3,M_2
204852,L1,L2,L3,L2,L1,L3,L1,L1,L2,C3_3,D3_1,F3_3,,,N3_2,L_1,M_1
204853,L1,L2,L3,L2,L1,L3,L1,L1,L2,C3_3,D3_1,F3_3,,,N3_2,L_1,M_2
204854,L1,L2,L3,L2,L1,L3,L1,L1,L2,C3_3,D3_1,F3_3,,,N3_2,L_2,M_1
204855,L1,L2,L3,L2,L1,L3,L1,L1,L2,C3_3,D3_1,F3_3,,,N3_2,L_2,M_2
204856,L1,L2,L3,L2,L1,L3,L1,L1,L2,C3_3,D3_1,F3_3,,,N3_2,L_3,M_1
204857,L1,L2,L3,L2,L1,L3,L1,L1,L2,C3_3,D3_1,F3_3,,,N3_2,L_3,M_2
204858,L1,L2,L3,L2,L1,L3,L1,L1,L2,C3_3,D3_2,F3_1,,,N3_1,L_1,M_1
204859,L1,L2,L3,L2,L1,L3,L1,L1,L2,C3_3,D3_2,F3_1,,,N3_1,L_1,M_2
204860,L1,L2,L3,L2,L1,L3,L1,L1,L2,C3_3,D3_2,F3_1,,,N3_1,L_2,M_1
204861,L1,L2,L3,L2,L1,L3,L1,L1,L2,C3_3,D3_2,F3_1,,,N3_1,L_2,M_2
204862,L1,L2,L3,L2,L1,L3,L1,L1,L2,C3_3,D3_2,F3_1,,,N3_1,L_3,M_1
204863,L1,L2,L3,L2,L1,L3,L1,L1,L2,C3_3,D3_2,F3_1,,,N3_1,L_3,M_2
204864,L1,L2,L3,L2,L1,L3,L1,L1,L2,C3_3,D3_2,F3_1,,,N3_2,L_1,M_1
204865,L1,L2,L3,L2,L1,L3,L1,L1,L2,C3_3,D3_2,F3_1,,,N3_2,L_1,M_2
204866,L1,L2,L3,L2,L1,L3,L1,L1,L2,C3_3,D3_2,F3_1,,,N3_2,L_2,M_1
204867,L1,L2,L3,L2,L1,L3,L1,L1,L2,C3_3,D3_2,F3_1,,,N3_2,L_2,M_2
204868,L1,L2,L3,L2,L1,L3,L1,L1,L2,C3_3,D3_2,F3_1,,,N3_2,L_3,M_1
204869,L1,L2,L3,L2,L1,L3,L1,L1,L2,C3_3,D3_2,F3_1,,,N3_2,L_3,M_2
204870,L1,L2,L3,L2,L1,L3,L1,L1,L2,C3_3,D3_2,F3_2,,,N3_1,L_1,M_1
204871,L1,L2,L3,L2,L1,L3,L1,L1,L2,C3_3,D3_2,F3_2,,,N3_1,L_1,M_2
204872,L1,L2,L3,L2,L1,L3,L1,L1,L2,C3_3,D3_2,F3_2,,,N3_1,L_2,M_1
204873,L1,L2,L3,L2,L1,L3,L1,L1,L2,C3_3,D3_2,F3_2,,,N3_1,L_2,M_2
204874,L1,L2,L3,L2,L1,L3,L1,L1,L2,C3_3,D3_2,F3_2,,,N3_1,L_3,M_1
204875,L1,L2,L3,L2,L1,L3,L1,L1,L2,C3_3,D3_2,F3_2,,,N3_1,L_3,M_2
204876,L1,L2,L3,L2,L1,L3,L1,L1,L2,C3_3,D3_2,F3_2,,,N3_2,L_1,M_1
204877,L1,L2,L3,L2,L1,L3,L1,L1,L2,C3_3,D3_2,F3_2,,,N3_2,L_1,M_2
204878,L1,L2,L3,L2,L1,L3,L1,L1,L2,C3_3,D3_2,F3_2,,,N3_2,L_2,M_1
204879,L1,L2,L3,L2,L1,L3,L1,L1,L2,C3_3,D3_2,F3_2,,,N3_2,L_2,M_2
204880,L1,L2,L3,L2,L1,L3,L1,L1,L2,C3_3,D3_2,F3_2,,,N3_2,L_3,M_1
204881,L1,L2,L3,L2,L1,L3,L1,L1,L2,C3_3,D3_2,F3_2,,,N3_2,L_3,M_2
204882,L1,L2,L3,L2,L1,L3,L1,L1,L2,C3_3,D3_2,F3_3,,,N3_1,L_1,M_1
204883,L1,L2,L3,L2,L1,L3,L1,L1,L2,C3_3,D3_2,F3_3,,,N3_1,L_1,M_2
204884,L1,L2,L3,L2,L1,L3,L1,L1,L2,C3_3,D3_2,F3_3,,,N3_1,L_2,M_1
204885,L1,L2,L3,L2,L1,L3,L1,L1,L2,C3_3,D3_2,F3_3,,,N3_1,L_2,M_2
204886,L1,L2,L3,L2,L1,L3,L1,L1,L2,C3_3,D3_2,F3_3,,,N3_1,L_3,M_1
204887,L1,L2,L3,L2,L1,L3,L1,L1,L2,C3_3,D3_2,F3_3,,,N3_1,L_3,M_2
204888,L1,L2,L3,L2,L1,L3,L1,L1,L2,C3_3,D3_2,F3_3,,,N3_2,L_1,M_1
204889,L1,L2,L3,L2,L1,L3,L1,L1,L2,C3_3,D3_2,F3_3,,,N3_2,L_1,M_2
204890,L1,L2,L3,L2,L1,L3,L1,L1,L2,C3_3,D3_2,F3_3,,,N3_2,L_2,M_1
204891,L1,L2,L3,L2,L1,L3,L1,L1,L2,C3_3,D3_2,F3_3,,,N3_2,L_2,M_2
204892,L1,L2,L3,L2,L1,L3,L1,L1,L2,C3_3,D3_2,F3_3,,,N3_2,L_3,M_1
204893,L1,L2,L3,L2,L1,L3,L1,L1,L2,C3_3,D3_2,F3_3,,,N3_2,L_3,M_2
204894,L1,L2,L3,L2,L1,L3,L1,L1,L2,C3_3,D3_3,F3_1,,,N3_1,L_1,M_1
204895,L1,L2,L3,L2,L1,L3,L1,L1,L2,C3_3,D3_3,F3_1,,,N3_1,L_1,M_2
204896,L1,L2,L3,L2,L1,L3,L1,L1,L2,C3_3,D3_3,F3_1,,,N3_1,L_2,M_1
204897,L1,L2,L3,L2,L1,L3,L1,L1,L2,C3_3,D3_3,F3_1,,,N3_1,L_2,M_2
204898,L1,L2,L3,L2,L1,L3,L1,L1,L2,C3_3,D3_3,F3_1,,,N3_1,L_3,M_1
204899,L1,L2,L3,L2,L1,L3,L1,L1,L2,C3_3,D3_3,F3_1,,,N3_1,L_3,M_2
204900,L1,L2,L3,L2,L1,L3,L1,L1,L2,C3_3,D3_3,F3_1,,,N3_2,L_1,M_1
204901,L1,L2,L3,L2,L1,L3,L1,L1,L2,C3_3,D3_3,F3_1,,,N3_2,L_1,M_2
204902,L1,L2,L3,L2,L1,L3,L1,L1,L2,C3_3,D3_3,F3_1,,,N3_2,L_2,M_1
204903,L1,L2,L3,L2,L1,L3,L1,L1,L2,C3_3,D3_3,F3_1,,,N3_2,L_2,M_2
204904,L1,L2,L3,L2,L1,L3,L1,L1,L2,C3_3,D3_3,F3_1,,,N3_2,L_3,M_1
204905,L1,L2,L3,L2,L1,L3,L1,L1,L2,C3_3,D3_3,F3_1,,,N3_2,L_3,M_2
204906,L1,L2,L3,L2,L1,L3,L1,L1,L2,C3_3,D3_3,F3_2,,,N3_1,L_1,M_1
204907,L1,L2,L3,L2,L1,L3,L1,L1,L2,C3_3,D3_3,F3_2,,,N3_1,L_1,M_2
204908,L1,L2,L3,L2,L1,L3,L1,L1,L2,C3_3,D3_3,F3_2,,,N3_1,L_2,M_1
204909,L1,L2,L3,L2,L1,L3,L1,L1,L2,C3_3,D3_3,F3_2,,,N3_1,L_2,M_2
204910,L1,L2,L3,L2,L1,L3,L1,L1,L2,C3_3,D3_3,F3_2,,,N3_1,L_3,M_1
204911,L1,L2,L3,L2,L1,L3,L1,L1,L2,C3_3,D3_3,F3_2,,,N3_1,L_3,M_2
204912,L1,L2,L3,L2,L1,L3,L1,L1,L2,C3_3,D3_3,F3_2,,,N3_2,L_1,M_1
204913,L1,L2,L3,L2,L1,L3,L1,L1,L2,C3_3,D3_3,F3_2,,,N3_2,L_1,M_2
204914,L1,L2,L3,L2,L1,L3,L1,L1,L2,C3_3,D3_3,F3_2,,,N3_2,L_2,M_1
204915,L1,L2,L3,L2,L1,L3,L1,L1,L2,C3_3,D3_3,F3_2,,,N3_2,L_2,M_2
204916,L1,L2,L3,L2,L1,L3,L1,L1,L2,C3_3,D3_3,F3_2,,,N3_2,L_3,M_1
204917,L1,L2,L3,L2,L1,L3,L1,L1,L2,C3_3,D3_3,F3_2,,,N3_2,L_3,M_2
204918,L1,L2,L3,L2,L1,L3,L1,L1,L2,C3_3,D3_3,F3_3,,,N3_1,L_1,M_1
204919,L1,L2,L3,L2,L1,L3,L1,L1,L2,C3_3,D3_3,F3_3,,,N3_1,L_1,M_2
204920,L1,L2,L3,L2,L1,L3,L1,L1,L2,C3_3,D3_3,F3_3,,,N3_1,L_2,M_1
204921,L1,L2,L3,L2,L1,L3,L1,L1,L2,C3_3,D3_3,F3_3,,,N3_1,L_2,M_2
204922,L1,L2,L3,L2,L1,L3,L1,L1,L2,C3_3,D3_3,F3_3,,,N3_1,L_3,M_1
204923,L1,L2,L3,L2,L1,L3,L1,L1,L2,C3_3,D3_3,F3_3,,,N3_1,L_3,M_2
204924,L1,L2,L3,L2,L1,L3,L1,L1,L2,C3_3,D3_3,F3_3,,,N3_2,L_1,M_1
204925,L1,L2,L3,L2,L1,L3,L1,L1,L2,C3_3,D3_3,F3_3,,,N3_2,L_1,M_2
204926,L1,L2,L3,L2,L1,L3,L1,L1,L2,C3_3,D3_3,F3_3,,,N3_2,L_2,M_1
204927,L1,L2,L3,L2,L1,L3,L1,L1,L2,C3_3,D3_3,F3_3,,,N3_2,L_2,M_2
204928,L1,L2,L3,L2,L1,L3,L1,L1,L2,C3_3,D3_3,F3_3,,,N3_2,L_3,M_1
204929,L1,L2,L3,L2,L1,L3,L1,L1,L2,C3_3,D3_3,F3_3,,,N3_2,L_3,M_2
204930,L2,L1,L3,L3,L2,L3,L1,L1,L2,C3_1,D3_1,F3_1,,,N3_1,L_1,M_1
204931,L2,L1,L3,L3,L2,L3,L1,L1,L2,C3_1,D3_1,F3_1,,,N3_1,L_1,M_2
204932,L2,L1,L3,L3,L2,L3,L1,L1,L2,C3_1,D3_1,F3_1,,,N3_1,L_2,M_1
204933,L2,L1,L3,L3,L2,L3,L1,L1,L2,C3_1,D3_1,F3_1,,,N3_1,L_2,M_2
204934,L2,L1,L3,L3,L2,L3,L1,L1,L2,C3_1,D3_1,F3_1,,,N3_1,L_3,M_1
204935,L2,L1,L3,L3,L2,L3,L1,L1,L2,C3_1,D3_1,F3_1,,,N3_1,L_3,M_2
204936,L2,L1,L3,L3,L2,L3,L1,L1,L2,C3_1,D3_1,F3_1,,,N3_2,L_1,M_1
204937,L2,L1,L3,L3,L2,L3,L1,L1,L2,C3_1,D3_1,F3_1,,,N3_2,L_1,M_2
204938,L2,L1,L3,L3,L2,L3,L1,L1,L2,C3_1,D3_1,F3_1,,,N3_2,L_2,M_1
204939,L2,L1,L3,L3,L2,L3,L1,L1,L2,C3_1,D3_1,F3_1,,,N3_2,L_2,M_2
204940,L2,L1,L3,L3,L2,L3,L1,L1,L2,C3_1,D3_1,F3_1,,,N3_2,L_3,M_1
204941,L2,L1,L3,L3,L2,L3,L1,L1,L2,C3_1,D3_1,F3_1,,,N3_2,L_3,M_2
204942,L2,L1,L3,L3,L2,L3,L1,L1,L2,C3_1,D3_1,F3_2,,,N3_1,L_1,M_1
204943,L2,L1,L3,L3,L2,L3,L1,L1,L2,C3_1,D3_1,F3_2,,,N3_1,L_1,M_2
204944,L2,L1,L3,L3,L2,L3,L1,L1,L2,C3_1,D3_1,F3_2,,,N3_1,L_2,M_1
204945,L2,L1,L3,L3,L2,L3,L1,L1,L2,C3_1,D3_1,F3_2,,,N3_1,L_2,M_2
204946,L2,L1,L3,L3,L2,L3,L1,L1,L2,C3_1,D3_1,F3_2,,,N3_1,L_3,M_1
204947,L2,L1,L3,L3,L2,L3,L1,L1,L2,C3_1,D3_1,F3_2,,,N3_1,L_3,M_2
204948,L2,L1,L3,L3,L2,L3,L1,L1,L2,C3_1,D3_1,F3_2,,,N3_2,L_1,M_1
204949,L2,L1,L3,L3,L2,L3,L1,L1,L2,C3_1,D3_1,F3_2,,,N3_2,L_1,M_2
204950,L2,L1,L3,L3,L2,L3,L1,L1,L2,C3_1,D3_1,F3_2,,,N3_2,L_2,M_1
204951,L2,L1,L3,L3,L2,L3,L1,L1,L2,C3_1,D3_1,F3_2,,,N3_2,L_2,M_2
204952,L2,L1,L3,L3,L2,L3,L1,L1,L2,C3_1,D3_1,F3_2,,,N3_2,L_3,M_1
204953,L2,L1,L3,L3,L2,L3,L1,L1,L2,C3_1,D3_1,F3_2,,,N3_2,L_3,M_2
204954,L2,L1,L3,L3,L2,L3,L1,L1,L2,C3_1,D3_1,F3_3,,,N3_1,L_1,M_1
204955,L2,L1,L3,L3,L2,L3,L1,L1,L2,C3_1,D3_1,F3_3,,,N3_1,L_1,M_2
204956,L2,L1,L3,L3,L2,L3,L1,L1,L2,C3_1,D3_1,F3_3,,,N3_1,L_2,M_1
204957,L2,L1,L3,L3,L2,L3,L1,L1,L2,C3_1,D3_1,F3_3,,,N3_1,L_2,M_2
204958,L2,L1,L3,L3,L2,L3,L1,L1,L2,C3_1,D3_1,F3_3,,,N3_1,L_3,M_1
204959,L2,L1,L3,L3,L2,L3,L1,L1,L2,C3_1,D3_1,F3_3,,,N3_1,L_3,M_2
204960,L2,L1,L3,L3,L2,L3,L1,L1,L2,C3_1,D3_1,F3_3,,,N3_2,L_1,M_1
204961,L2,L1,L3,L3,L2,L3,L1,L1,L2,C3_1,D3_1,F3_3,,,N3_2,L_1,M_2
204962,L2,L1,L3,L3,L2,L3,L1,L1,L2,C3_1,D3_1,F3_3,,,N3_2,L_2,M_1
204963,L2,L1,L3,L3,L2,L3,L1,L1,L2,C3_1,D3_1,F3_3,,,N3_2,L_2,M_2
204964,L2,L1,L3,L3,L2,L3,L1,L1,L2,C3_1,D3_1,F3_3,,,N3_2,L_3,M_1
204965,L2,L1,L3,L3,L2,L3,L1,L1,L2,C3_1,D3_1,F3_3,,,N3_2,L_3,M_2
204966,L2,L1,L3,L3,L2,L3,L1,L1,L2,C3_1,D3_2,F3_1,,,N3_1,L_1,M_1
204967,L2,L1,L3,L3,L2,L3,L1,L1,L2,C3_1,D3_2,F3_1,,,N3_1,L_1,M_2
204968,L2,L1,L3,L3,L2,L3,L1,L1,L2,C3_1,D3_2,F3_1,,,N3_1,L_2,M_1
204969,L2,L1,L3,L3,L2,L3,L1,L1,L2,C3_1,D3_2,F3_1,,,N3_1,L_2,M_2
204970,L2,L1,L3,L3,L2,L3,L1,L1,L2,C3_1,D3_2,F3_1,,,N3_1,L_3,M_1
204971,L2,L1,L3,L3,L2,L3,L1,L1,L2,C3_1,D3_2,F3_1,,,N3_1,L_3,M_2
204972,L2,L1,L3,L3,L2,L3,L1,L1,L2,C3_1,D3_2,F3_1,,,N3_2,L_1,M_1
204973,L2,L1,L3,L3,L2,L3,L1,L1,L2,C3_1,D3_2,F3_1,,,N3_2,L_1,M_2
204974,L2,L1,L3,L3,L2,L3,L1,L1,L2,C3_1,D3_2,F3_1,,,N3_2,L_2,M_1
204975,L2,L1,L3,L3,L2,L3,L1,L1,L2,C3_1,D3_2,F3_1,,,N3_2,L_2,M_2
204976,L2,L1,L3,L3,L2,L3,L1,L1,L2,C3_1,D3_2,F3_1,,,N3_2,L_3,M_1
204977,L2,L1,L3,L3,L2,L3,L1,L1,L2,C3_1,D3_2,F3_1,,,N3_2,L_3,M_2
204978,L2,L1,L3,L3,L2,L3,L1,L1,L2,C3_1,D3_2,F3_2,,,N3_1,L_1,M_1
204979,L2,L1,L3,L3,L2,L3,L1,L1,L2,C3_1,D3_2,F3_2,,,N3_1,L_1,M_2
204980,L2,L1,L3,L3,L2,L3,L1,L1,L2,C3_1,D3_2,F3_2,,,N3_1,L_2,M_1
204981,L2,L1,L3,L3,L2,L3,L1,L1,L2,C3_1,D3_2,F3_2,,,N3_1,L_2,M_2
204982,L2,L1,L3,L3,L2,L3,L1,L1,L2,C3_1,D3_2,F3_2,,,N3_1,L_3,M_1
204983,L2,L1,L3,L3,L2,L3,L1,L1,L2,C3_1,D3_2,F3_2,,,N3_1,L_3,M_2
204984,L2,L1,L3,L3,L2,L3,L1,L1,L2,C3_1,D3_2,F3_2,,,N3_2,L_1,M_1
204985,L2,L1,L3,L3,L2,L3,L1,L1,L2,C3_1,D3_2,F3_2,,,N3_2,L_1,M_2
204986,L2,L1,L3,L3,L2,L3,L1,L1,L2,C3_1,D3_2,F3_2,,,N3_2,L_2,M_1
204987,L2,L1,L3,L3,L2,L3,L1,L1,L2,C3_1,D3_2,F3_2,,,N3_2,L_2,M_2
204988,L2,L1,L3,L3,L2,L3,L1,L1,L2,C3_1,D3_2,F3_2,,,N3_2,L_3,M_1
204989,L2,L1,L3,L3,L2,L3,L1,L1,L2,C3_1,D3_2,F3_2,,,N3_2,L_3,M_2
204990,L2,L1,L3,L3,L2,L3,L1,L1,L2,C3_1,D3_2,F3_3,,,N3_1,L_1,M_1
204991,L2,L1,L3,L3,L2,L3,L1,L1,L2,C3_1,D3_2,F3_3,,,N3_1,L_1,M_2
204992,L2,L1,L3,L3,L2,L3,L1,L1,L2,C3_1,D3_2,F3_3,,,N3_1,L_2,M_1
204993,L2,L1,L3,L3,L2,L3,L1,L1,L2,C3_1,D3_2,F3_3,,,N3_1,L_2,M_2
204994,L2,L1,L3,L3,L2,L3,L1,L1,L2,C3_1,D3_2,F3_3,,,N3_1,L_3,M_1
204995,L2,L1,L3,L3,L2,L3,L1,L1,L2,C3_1,D3_2,F3_3,,,N3_1,L_3,M_2
204996,L2,L1,L3,L3,L2,L3,L1,L1,L2,C3_1,D3_2,F3_3,,,N3_2,L_1,M_1
204997,L2,L1,L3,L3,L2,L3,L1,L1,L2,C3_1,D3_2,F3_3,,,N3_2,L_1,M_2
204998,L2,L1,L3,L3,L2,L3,L1,L1,L2,C3_1,D3_2,F3_3,,,N3_2,L_2,M_1
204999,L2,L1,L3,L3,L2,L3,L1,L1,L2,C3_1,D3_2,F3_3,,,N3_2,L_2,M_2
205000,L2,L1,L3,L3,L2,L3,L1,L1,L2,C3_1,D3_2,F3_3,,,N3_2,L_3,M_1
205001,L2,L1,L3,L3,L2,L3,L1,L1,L2,C3_1,D3_2,F3_3,,,N3_2,L_3,M_2
205002,L2,L1,L3,L3,L2,L3,L1,L1,L2,C3_1,D3_3,F3_1,,,N3_1,L_1,M_1
205003,L2,L1,L3,L3,L2,L3,L1,L1,L2,C3_1,D3_3,F3_1,,,N3_1,L_1,M_2
205004,L2,L1,L3,L3,L2,L3,L1,L1,L2,C3_1,D3_3,F3_1,,,N3_1,L_2,M_1
205005,L2,L1,L3,L3,L2,L3,L1,L1,L2,C3_1,D3_3,F3_1,,,N3_1,L_2,M_2
205006,L2,L1,L3,L3,L2,L3,L1,L1,L2,C3_1,D3_3,F3_1,,,N3_1,L_3,M_1
205007,L2,L1,L3,L3,L2,L3,L1,L1,L2,C3_1,D3_3,F3_1,,,N3_1,L_3,M_2
205008,L2,L1,L3,L3,L2,L3,L1,L1,L2,C3_1,D3_3,F3_1,,,N3_2,L_1,M_1
205009,L2,L1,L3,L3,L2,L3,L1,L1,L2,C3_1,D3_3,F3_1,,,N3_2,L_1,M_2
205010,L2,L1,L3,L3,L2,L3,L1,L1,L2,C3_1,D3_3,F3_1,,,N3_2,L_2,M_1
205011,L2,L1,L3,L3,L2,L3,L1,L1,L2,C3_1,D3_3,F3_1,,,N3_2,L_2,M_2
205012,L2,L1,L3,L3,L2,L3,L1,L1,L2,C3_1,D3_3,F3_1,,,N3_2,L_3,M_1
205013,L2,L1,L3,L3,L2,L3,L1,L1,L2,C3_1,D3_3,F3_1,,,N3_2,L_3,M_2
205014,L2,L1,L3,L3,L2,L3,L1,L1,L2,C3_1,D3_3,F3_2,,,N3_1,L_1,M_1
205015,L2,L1,L3,L3,L2,L3,L1,L1,L2,C3_1,D3_3,F3_2,,,N3_1,L_1,M_2
205016,L2,L1,L3,L3,L2,L3,L1,L1,L2,C3_1,D3_3,F3_2,,,N3_1,L_2,M_1
205017,L2,L1,L3,L3,L2,L3,L1,L1,L2,C3_1,D3_3,F3_2,,,N3_1,L_2,M_2
205018,L2,L1,L3,L3,L2,L3,L1,L1,L2,C3_1,D3_3,F3_2,,,N3_1,L_3,M_1
205019,L2,L1,L3,L3,L2,L3,L1,L1,L2,C3_1,D3_3,F3_2,,,N3_1,L_3,M_2
205020,L2,L1,L3,L3,L2,L3,L1,L1,L2,C3_1,D3_3,F3_2,,,N3_2,L_1,M_1
205021,L2,L1,L3,L3,L2,L3,L1,L1,L2,C3_1,D3_3,F3_2,,,N3_2,L_1,M_2
205022,L2,L1,L3,L3,L2,L3,L1,L1,L2,C3_1,D3_3,F3_2,,,N3_2,L_2,M_1
205023,L2,L1,L3,L3,L2,L3,L1,L1,L2,C3_1,D3_3,F3_2,,,N3_2,L_2,M_2
205024,L2,L1,L3,L3,L2,L3,L1,L1,L2,C3_1,D3_3,F3_2,,,N3_2,L_3,M_1
205025,L2,L1,L3,L3,L2,L3,L1,L1,L2,C3_1,D3_3,F3_2,,,N3_2,L_3,M_2
205026,L2,L1,L3,L3,L2,L3,L1,L1,L2,C3_1,D3_3,F3_3,,,N3_1,L_1,M_1
205027,L2,L1,L3,L3,L2,L3,L1,L1,L2,C3_1,D3_3,F3_3,,,N3_1,L_1,M_2
205028,L2,L1,L3,L3,L2,L3,L1,L1,L2,C3_1,D3_3,F3_3,,,N3_1,L_2,M_1
205029,L2,L1,L3,L3,L2,L3,L1,L1,L2,C3_1,D3_3,F3_3,,,N3_1,L_2,M_2
205030,L2,L1,L3,L3,L2,L3,L1,L1,L2,C3_1,D3_3,F3_3,,,N3_1,L_3,M_1
205031,L2,L1,L3,L3,L2,L3,L1,L1,L2,C3_1,D3_3,F3_3,,,N3_1,L_3,M_2
205032,L2,L1,L3,L3,L2,L3,L1,L1,L2,C3_1,D3_3,F3_3,,,N3_2,L_1,M_1
205033,L2,L1,L3,L3,L2,L3,L1,L1,L2,C3_1,D3_3,F3_3,,,N3_2,L_1,M_2
205034,L2,L1,L3,L3,L2,L3,L1,L1,L2,C3_1,D3_3,F3_3,,,N3_2,L_2,M_1
205035,L2,L1,L3,L3,L2,L3,L1,L1,L2,C3_1,D3_3,F3_3,,,N3_2,L_2,M_2
205036,L2,L1,L3,L3,L2,L3,L1,L1,L2,C3_1,D3_3,F3_3,,,N3_2,L_3,M_1
205037,L2,L1,L3,L3,L2,L3,L1,L1,L2,C3_1,D3_3,F3_3,,,N3_2,L_3,M_2
205038,L2,L1,L3,L3,L2,L3,L1,L1,L2,C3_2,D3_1,F3_1,,,N3_1,L_1,M_1
205039,L2,L1,L3,L3,L2,L3,L1,L1,L2,C3_2,D3_1,F3_1,,,N3_1,L_1,M_2
205040,L2,L1,L3,L3,L2,L3,L1,L1,L2,C3_2,D3_1,F3_1,,,N3_1,L_2,M_1
205041,L2,L1,L3,L3,L2,L3,L1,L1,L2,C3_2,D3_1,F3_1,,,N3_1,L_2,M_2
205042,L2,L1,L3,L3,L2,L3,L1,L1,L2,C3_2,D3_1,F3_1,,,N3_1,L_3,M_1
205043,L2,L1,L3,L3,L2,L3,L1,L1,L2,C3_2,D3_1,F3_1,,,N3_1,L_3,M_2
205044,L2,L1,L3,L3,L2,L3,L1,L1,L2,C3_2,D3_1,F3_1,,,N3_2,L_1,M_1
205045,L2,L1,L3,L3,L2,L3,L1,L1,L2,C3_2,D3_1,F3_1,,,N3_2,L_1,M_2
205046,L2,L1,L3,L3,L2,L3,L1,L1,L2,C3_2,D3_1,F3_1,,,N3_2,L_2,M_1
205047,L2,L1,L3,L3,L2,L3,L1,L1,L2,C3_2,D3_1,F3_1,,,N3_2,L_2,M_2
205048,L2,L1,L3,L3,L2,L3,L1,L1,L2,C3_2,D3_1,F3_1,,,N3_2,L_3,M_1
205049,L2,L1,L3,L3,L2,L3,L1,L1,L2,C3_2,D3_1,F3_1,,,N3_2,L_3,M_2
205050,L2,L1,L3,L3,L2,L3,L1,L1,L2,C3_2,D3_1,F3_2,,,N3_1,L_1,M_1
205051,L2,L1,L3,L3,L2,L3,L1,L1,L2,C3_2,D3_1,F3_2,,,N3_1,L_1,M_2
205052,L2,L1,L3,L3,L2,L3,L1,L1,L2,C3_2,D3_1,F3_2,,,N3_1,L_2,M_1
205053,L2,L1,L3,L3,L2,L3,L1,L1,L2,C3_2,D3_1,F3_2,,,N3_1,L_2,M_2
205054,L2,L1,L3,L3,L2,L3,L1,L1,L2,C3_2,D3_1,F3_2,,,N3_1,L_3,M_1
205055,L2,L1,L3,L3,L2,L3,L1,L1,L2,C3_2,D3_1,F3_2,,,N3_1,L_3,M_2
205056,L2,L1,L3,L3,L2,L3,L1,L1,L2,C3_2,D3_1,F3_2,,,N3_2,L_1,M_1
205057,L2,L1,L3,L3,L2,L3,L1,L1,L2,C3_2,D3_1,F3_2,,,N3_2,L_1,M_2
205058,L2,L1,L3,L3,L2,L3,L1,L1,L2,C3_2,D3_1,F3_2,,,N3_2,L_2,M_1
205059,L2,L1,L3,L3,L2,L3,L1,L1,L2,C3_2,D3_1,F3_2,,,N3_2,L_2,M_2
205060,L2,L1,L3,L3,L2,L3,L1,L1,L2,C3_2,D3_1,F3_2,,,N3_2,L_3,M_1
205061,L2,L1,L3,L3,L2,L3,L1,L1,L2,C3_2,D3_1,F3_2,,,N3_2,L_3,M_2
205062,L2,L1,L3,L3,L2,L3,L1,L1,L2,C3_2,D3_1,F3_3,,,N3_1,L_1,M_1
205063,L2,L1,L3,L3,L2,L3,L1,L1,L2,C3_2,D3_1,F3_3,,,N3_1,L_1,M_2
205064,L2,L1,L3,L3,L2,L3,L1,L1,L2,C3_2,D3_1,F3_3,,,N3_1,L_2,M_1
205065,L2,L1,L3,L3,L2,L3,L1,L1,L2,C3_2,D3_1,F3_3,,,N3_1,L_2,M_2
205066,L2,L1,L3,L3,L2,L3,L1,L1,L2,C3_2,D3_1,F3_3,,,N3_1,L_3,M_1
205067,L2,L1,L3,L3,L2,L3,L1,L1,L2,C3_2,D3_1,F3_3,,,N3_1,L_3,M_2
205068,L2,L1,L3,L3,L2,L3,L1,L1,L2,C3_2,D3_1,F3_3,,,N3_2,L_1,M_1
205069,L2,L1,L3,L3,L2,L3,L1,L1,L2,C3_2,D3_1,F3_3,,,N3_2,L_1,M_2
205070,L2,L1,L3,L3,L2,L3,L1,L1,L2,C3_2,D3_1,F3_3,,,N3_2,L_2,M_1
205071,L2,L1,L3,L3,L2,L3,L1,L1,L2,C3_2,D3_1,F3_3,,,N3_2,L_2,M_2
205072,L2,L1,L3,L3,L2,L3,L1,L1,L2,C3_2,D3_1,F3_3,,,N3_2,L_3,M_1
205073,L2,L1,L3,L3,L2,L3,L1,L1,L2,C3_2,D3_1,F3_3,,,N3_2,L_3,M_2
205074,L2,L1,L3,L3,L2,L3,L1,L1,L2,C3_2,D3_2,F3_1,,,N3_1,L_1,M_1
205075,L2,L1,L3,L3,L2,L3,L1,L1,L2,C3_2,D3_2,F3_1,,,N3_1,L_1,M_2
205076,L2,L1,L3,L3,L2,L3,L1,L1,L2,C3_2,D3_2,F3_1,,,N3_1,L_2,M_1
205077,L2,L1,L3,L3,L2,L3,L1,L1,L2,C3_2,D3_2,F3_1,,,N3_1,L_2,M_2
205078,L2,L1,L3,L3,L2,L3,L1,L1,L2,C3_2,D3_2,F3_1,,,N3_1,L_3,M_1
205079,L2,L1,L3,L3,L2,L3,L1,L1,L2,C3_2,D3_2,F3_1,,,N3_1,L_3,M_2
205080,L2,L1,L3,L3,L2,L3,L1,L1,L2,C3_2,D3_2,F3_1,,,N3_2,L_1,M_1
205081,L2,L1,L3,L3,L2,L3,L1,L1,L2,C3_2,D3_2,F3_1,,,N3_2,L_1,M_2
205082,L2,L1,L3,L3,L2,L3,L1,L1,L2,C3_2,D3_2,F3_1,,,N3_2,L_2,M_1
205083,L2,L1,L3,L3,L2,L3,L1,L1,L2,C3_2,D3_2,F3_1,,,N3_2,L_2,M_2
205084,L2,L1,L3,L3,L2,L3,L1,L1,L2,C3_2,D3_2,F3_1,,,N3_2,L_3,M_1
205085,L2,L1,L3,L3,L2,L3,L1,L1,L2,C3_2,D3_2,F3_1,,,N3_2,L_3,M_2
205086,L2,L1,L3,L3,L2,L3,L1,L1,L2,C3_2,D3_2,F3_2,,,N3_1,L_1,M_1
205087,L2,L1,L3,L3,L2,L3,L1,L1,L2,C3_2,D3_2,F3_2,,,N3_1,L_1,M_2
205088,L2,L1,L3,L3,L2,L3,L1,L1,L2,C3_2,D3_2,F3_2,,,N3_1,L_2,M_1
205089,L2,L1,L3,L3,L2,L3,L1,L1,L2,C3_2,D3_2,F3_2,,,N3_1,L_2,M_2
205090,L2,L1,L3,L3,L2,L3,L1,L1,L2,C3_2,D3_2,F3_2,,,N3_1,L_3,M_1
205091,L2,L1,L3,L3,L2,L3,L1,L1,L2,C3_2,D3_2,F3_2,,,N3_1,L_3,M_2
205092,L2,L1,L3,L3,L2,L3,L1,L1,L2,C3_2,D3_2,F3_2,,,N3_2,L_1,M_1
205093,L2,L1,L3,L3,L2,L3,L1,L1,L2,C3_2,D3_2,F3_2,,,N3_2,L_1,M_2
205094,L2,L1,L3,L3,L2,L3,L1,L1,L2,C3_2,D3_2,F3_2,,,N3_2,L_2,M_1
205095,L2,L1,L3,L3,L2,L3,L1,L1,L2,C3_2,D3_2,F3_2,,,N3_2,L_2,M_2
205096,L2,L1,L3,L3,L2,L3,L1,L1,L2,C3_2,D3_2,F3_2,,,N3_2,L_3,M_1
205097,L2,L1,L3,L3,L2,L3,L1,L1,L2,C3_2,D3_2,F3_2,,,N3_2,L_3,M_2
205098,L2,L1,L3,L3,L2,L3,L1,L1,L2,C3_2,D3_2,F3_3,,,N3_1,L_1,M_1
205099,L2,L1,L3,L3,L2,L3,L1,L1,L2,C3_2,D3_2,F3_3,,,N3_1,L_1,M_2
205100,L2,L1,L3,L3,L2,L3,L1,L1,L2,C3_2,D3_2,F3_3,,,N3_1,L_2,M_1
205101,L2,L1,L3,L3,L2,L3,L1,L1,L2,C3_2,D3_2,F3_3,,,N3_1,L_2,M_2
205102,L2,L1,L3,L3,L2,L3,L1,L1,L2,C3_2,D3_2,F3_3,,,N3_1,L_3,M_1
205103,L2,L1,L3,L3,L2,L3,L1,L1,L2,C3_2,D3_2,F3_3,,,N3_1,L_3,M_2
205104,L2,L1,L3,L3,L2,L3,L1,L1,L2,C3_2,D3_2,F3_3,,,N3_2,L_1,M_1
205105,L2,L1,L3,L3,L2,L3,L1,L1,L2,C3_2,D3_2,F3_3,,,N3_2,L_1,M_2
205106,L2,L1,L3,L3,L2,L3,L1,L1,L2,C3_2,D3_2,F3_3,,,N3_2,L_2,M_1
205107,L2,L1,L3,L3,L2,L3,L1,L1,L2,C3_2,D3_2,F3_3,,,N3_2,L_2,M_2
205108,L2,L1,L3,L3,L2,L3,L1,L1,L2,C3_2,D3_2,F3_3,,,N3_2,L_3,M_1
205109,L2,L1,L3,L3,L2,L3,L1,L1,L2,C3_2,D3_2,F3_3,,,N3_2,L_3,M_2
205110,L2,L1,L3,L3,L2,L3,L1,L1,L2,C3_2,D3_3,F3_1,,,N3_1,L_1,M_1
205111,L2,L1,L3,L3,L2,L3,L1,L1,L2,C3_2,D3_3,F3_1,,,N3_1,L_1,M_2
205112,L2,L1,L3,L3,L2,L3,L1,L1,L2,C3_2,D3_3,F3_1,,,N3_1,L_2,M_1
205113,L2,L1,L3,L3,L2,L3,L1,L1,L2,C3_2,D3_3,F3_1,,,N3_1,L_2,M_2
205114,L2,L1,L3,L3,L2,L3,L1,L1,L2,C3_2,D3_3,F3_1,,,N3_1,L_3,M_1
205115,L2,L1,L3,L3,L2,L3,L1,L1,L2,C3_2,D3_3,F3_1,,,N3_1,L_3,M_2
205116,L2,L1,L3,L3,L2,L3,L1,L1,L2,C3_2,D3_3,F3_1,,,N3_2,L_1,M_1
205117,L2,L1,L3,L3,L2,L3,L1,L1,L2,C3_2,D3_3,F3_1,,,N3_2,L_1,M_2
205118,L2,L1,L3,L3,L2,L3,L1,L1,L2,C3_2,D3_3,F3_1,,,N3_2,L_2,M_1
205119,L2,L1,L3,L3,L2,L3,L1,L1,L2,C3_2,D3_3,F3_1,,,N3_2,L_2,M_2
205120,L2,L1,L3,L3,L2,L3,L1,L1,L2,C3_2,D3_3,F3_1,,,N3_2,L_3,M_1
205121,L2,L1,L3,L3,L2,L3,L1,L1,L2,C3_2,D3_3,F3_1,,,N3_2,L_3,M_2
205122,L2,L1,L3,L3,L2,L3,L1,L1,L2,C3_2,D3_3,F3_2,,,N3_1,L_1,M_1
205123,L2,L1,L3,L3,L2,L3,L1,L1,L2,C3_2,D3_3,F3_2,,,N3_1,L_1,M_2
205124,L2,L1,L3,L3,L2,L3,L1,L1,L2,C3_2,D3_3,F3_2,,,N3_1,L_2,M_1
205125,L2,L1,L3,L3,L2,L3,L1,L1,L2,C3_2,D3_3,F3_2,,,N3_1,L_2,M_2
205126,L2,L1,L3,L3,L2,L3,L1,L1,L2,C3_2,D3_3,F3_2,,,N3_1,L_3,M_1
205127,L2,L1,L3,L3,L2,L3,L1,L1,L2,C3_2,D3_3,F3_2,,,N3_1,L_3,M_2
205128,L2,L1,L3,L3,L2,L3,L1,L1,L2,C3_2,D3_3,F3_2,,,N3_2,L_1,M_1
205129,L2,L1,L3,L3,L2,L3,L1,L1,L2,C3_2,D3_3,F3_2,,,N3_2,L_1,M_2
205130,L2,L1,L3,L3,L2,L3,L1,L1,L2,C3_2,D3_3,F3_2,,,N3_2,L_2,M_1
205131,L2,L1,L3,L3,L2,L3,L1,L1,L2,C3_2,D3_3,F3_2,,,N3_2,L_2,M_2
205132,L2,L1,L3,L3,L2,L3,L1,L1,L2,C3_2,D3_3,F3_2,,,N3_2,L_3,M_1
205133,L2,L1,L3,L3,L2,L3,L1,L1,L2,C3_2,D3_3,F3_2,,,N3_2,L_3,M_2
205134,L2,L1,L3,L3,L2,L3,L1,L1,L2,C3_2,D3_3,F3_3,,,N3_1,L_1,M_1
205135,L2,L1,L3,L3,L2,L3,L1,L1,L2,C3_2,D3_3,F3_3,,,N3_1,L_1,M_2
205136,L2,L1,L3,L3,L2,L3,L1,L1,L2,C3_2,D3_3,F3_3,,,N3_1,L_2,M_1
205137,L2,L1,L3,L3,L2,L3,L1,L1,L2,C3_2,D3_3,F3_3,,,N3_1,L_2,M_2
205138,L2,L1,L3,L3,L2,L3,L1,L1,L2,C3_2,D3_3,F3_3,,,N3_1,L_3,M_1
205139,L2,L1,L3,L3,L2,L3,L1,L1,L2,C3_2,D3_3,F3_3,,,N3_1,L_3,M_2
205140,L2,L1,L3,L3,L2,L3,L1,L1,L2,C3_2,D3_3,F3_3,,,N3_2,L_1,M_1
205141,L2,L1,L3,L3,L2,L3,L1,L1,L2,C3_2,D3_3,F3_3,,,N3_2,L_1,M_2
205142,L2,L1,L3,L3,L2,L3,L1,L1,L2,C3_2,D3_3,F3_3,,,N3_2,L_2,M_1
205143,L2,L1,L3,L3,L2,L3,L1,L1,L2,C3_2,D3_3,F3_3,,,N3_2,L_2,M_2
205144,L2,L1,L3,L3,L2,L3,L1,L1,L2,C3_2,D3_3,F3_3,,,N3_2,L_3,M_1
205145,L2,L1,L3,L3,L2,L3,L1,L1,L2,C3_2,D3_3,F3_3,,,N3_2,L_3,M_2
205146,L2,L1,L3,L3,L2,L3,L1,L1,L2,C3_3,D3_1,F3_1,,,N3_1,L_1,M_1
205147,L2,L1,L3,L3,L2,L3,L1,L1,L2,C3_3,D3_1,F3_1,,,N3_1,L_1,M_2
205148,L2,L1,L3,L3,L2,L3,L1,L1,L2,C3_3,D3_1,F3_1,,,N3_1,L_2,M_1
205149,L2,L1,L3,L3,L2,L3,L1,L1,L2,C3_3,D3_1,F3_1,,,N3_1,L_2,M_2
205150,L2,L1,L3,L3,L2,L3,L1,L1,L2,C3_3,D3_1,F3_1,,,N3_1,L_3,M_1
205151,L2,L1,L3,L3,L2,L3,L1,L1,L2,C3_3,D3_1,F3_1,,,N3_1,L_3,M_2
205152,L2,L1,L3,L3,L2,L3,L1,L1,L2,C3_3,D3_1,F3_1,,,N3_2,L_1,M_1
205153,L2,L1,L3,L3,L2,L3,L1,L1,L2,C3_3,D3_1,F3_1,,,N3_2,L_1,M_2
205154,L2,L1,L3,L3,L2,L3,L1,L1,L2,C3_3,D3_1,F3_1,,,N3_2,L_2,M_1
205155,L2,L1,L3,L3,L2,L3,L1,L1,L2,C3_3,D3_1,F3_1,,,N3_2,L_2,M_2
205156,L2,L1,L3,L3,L2,L3,L1,L1,L2,C3_3,D3_1,F3_1,,,N3_2,L_3,M_1
205157,L2,L1,L3,L3,L2,L3,L1,L1,L2,C3_3,D3_1,F3_1,,,N3_2,L_3,M_2
205158,L2,L1,L3,L3,L2,L3,L1,L1,L2,C3_3,D3_1,F3_2,,,N3_1,L_1,M_1
205159,L2,L1,L3,L3,L2,L3,L1,L1,L2,C3_3,D3_1,F3_2,,,N3_1,L_1,M_2
205160,L2,L1,L3,L3,L2,L3,L1,L1,L2,C3_3,D3_1,F3_2,,,N3_1,L_2,M_1
205161,L2,L1,L3,L3,L2,L3,L1,L1,L2,C3_3,D3_1,F3_2,,,N3_1,L_2,M_2
205162,L2,L1,L3,L3,L2,L3,L1,L1,L2,C3_3,D3_1,F3_2,,,N3_1,L_3,M_1
205163,L2,L1,L3,L3,L2,L3,L1,L1,L2,C3_3,D3_1,F3_2,,,N3_1,L_3,M_2
205164,L2,L1,L3,L3,L2,L3,L1,L1,L2,C3_3,D3_1,F3_2,,,N3_2,L_1,M_1
205165,L2,L1,L3,L3,L2,L3,L1,L1,L2,C3_3,D3_1,F3_2,,,N3_2,L_1,M_2
205166,L2,L1,L3,L3,L2,L3,L1,L1,L2,C3_3,D3_1,F3_2,,,N3_2,L_2,M_1
205167,L2,L1,L3,L3,L2,L3,L1,L1,L2,C3_3,D3_1,F3_2,,,N3_2,L_2,M_2
205168,L2,L1,L3,L3,L2,L3,L1,L1,L2,C3_3,D3_1,F3_2,,,N3_2,L_3,M_1
205169,L2,L1,L3,L3,L2,L3,L1,L1,L2,C3_3,D3_1,F3_2,,,N3_2,L_3,M_2
205170,L2,L1,L3,L3,L2,L3,L1,L1,L2,C3_3,D3_1,F3_3,,,N3_1,L_1,M_1
205171,L2,L1,L3,L3,L2,L3,L1,L1,L2,C3_3,D3_1,F3_3,,,N3_1,L_1,M_2
205172,L2,L1,L3,L3,L2,L3,L1,L1,L2,C3_3,D3_1,F3_3,,,N3_1,L_2,M_1
205173,L2,L1,L3,L3,L2,L3,L1,L1,L2,C3_3,D3_1,F3_3,,,N3_1,L_2,M_2
205174,L2,L1,L3,L3,L2,L3,L1,L1,L2,C3_3,D3_1,F3_3,,,N3_1,L_3,M_1
205175,L2,L1,L3,L3,L2,L3,L1,L1,L2,C3_3,D3_1,F3_3,,,N3_1,L_3,M_2
205176,L2,L1,L3,L3,L2,L3,L1,L1,L2,C3_3,D3_1,F3_3,,,N3_2,L_1,M_1
205177,L2,L1,L3,L3,L2,L3,L1,L1,L2,C3_3,D3_1,F3_3,,,N3_2,L_1,M_2
205178,L2,L1,L3,L3,L2,L3,L1,L1,L2,C3_3,D3_1,F3_3,,,N3_2,L_2,M_1
205179,L2,L1,L3,L3,L2,L3,L1,L1,L2,C3_3,D3_1,F3_3,,,N3_2,L_2,M_2
205180,L2,L1,L3,L3,L2,L3,L1,L1,L2,C3_3,D3_1,F3_3,,,N3_2,L_3,M_1
205181,L2,L1,L3,L3,L2,L3,L1,L1,L2,C3_3,D3_1,F3_3,,,N3_2,L_3,M_2
205182,L2,L1,L3,L3,L2,L3,L1,L1,L2,C3_3,D3_2,F3_1,,,N3_1,L_1,M_1
205183,L2,L1,L3,L3,L2,L3,L1,L1,L2,C3_3,D3_2,F3_1,,,N3_1,L_1,M_2
205184,L2,L1,L3,L3,L2,L3,L1,L1,L2,C3_3,D3_2,F3_1,,,N3_1,L_2,M_1
205185,L2,L1,L3,L3,L2,L3,L1,L1,L2,C3_3,D3_2,F3_1,,,N3_1,L_2,M_2
205186,L2,L1,L3,L3,L2,L3,L1,L1,L2,C3_3,D3_2,F3_1,,,N3_1,L_3,M_1
205187,L2,L1,L3,L3,L2,L3,L1,L1,L2,C3_3,D3_2,F3_1,,,N3_1,L_3,M_2
205188,L2,L1,L3,L3,L2,L3,L1,L1,L2,C3_3,D3_2,F3_1,,,N3_2,L_1,M_1
205189,L2,L1,L3,L3,L2,L3,L1,L1,L2,C3_3,D3_2,F3_1,,,N3_2,L_1,M_2
205190,L2,L1,L3,L3,L2,L3,L1,L1,L2,C3_3,D3_2,F3_1,,,N3_2,L_2,M_1
205191,L2,L1,L3,L3,L2,L3,L1,L1,L2,C3_3,D3_2,F3_1,,,N3_2,L_2,M_2
205192,L2,L1,L3,L3,L2,L3,L1,L1,L2,C3_3,D3_2,F3_1,,,N3_2,L_3,M_1
205193,L2,L1,L3,L3,L2,L3,L1,L1,L2,C3_3,D3_2,F3_1,,,N3_2,L_3,M_2
205194,L2,L1,L3,L3,L2,L3,L1,L1,L2,C3_3,D3_2,F3_2,,,N3_1,L_1,M_1
205195,L2,L1,L3,L3,L2,L3,L1,L1,L2,C3_3,D3_2,F3_2,,,N3_1,L_1,M_2
205196,L2,L1,L3,L3,L2,L3,L1,L1,L2,C3_3,D3_2,F3_2,,,N3_1,L_2,M_1
205197,L2,L1,L3,L3,L2,L3,L1,L1,L2,C3_3,D3_2,F3_2,,,N3_1,L_2,M_2
205198,L2,L1,L3,L3,L2,L3,L1,L1,L2,C3_3,D3_2,F3_2,,,N3_1,L_3,M_1
205199,L2,L1,L3,L3,L2,L3,L1,L1,L2,C3_3,D3_2,F3_2,,,N3_1,L_3,M_2
205200,L2,L1,L3,L3,L2,L3,L1,L1,L2,C3_3,D3_2,F3_2,,,N3_2,L_1,M_1
205201,L2,L1,L3,L3,L2,L3,L1,L1,L2,C3_3,D3_2,F3_2,,,N3_2,L_1,M_2
205202,L2,L1,L3,L3,L2,L3,L1,L1,L2,C3_3,D3_2,F3_2,,,N3_2,L_2,M_1
205203,L2,L1,L3,L3,L2,L3,L1,L1,L2,C3_3,D3_2,F3_2,,,N3_2,L_2,M_2
205204,L2,L1,L3,L3,L2,L3,L1,L1,L2,C3_3,D3_2,F3_2,,,N3_2,L_3,M_1
205205,L2,L1,L3,L3,L2,L3,L1,L1,L2,C3_3,D3_2,F3_2,,,N3_2,L_3,M_2
205206,L2,L1,L3,L3,L2,L3,L1,L1,L2,C3_3,D3_2,F3_3,,,N3_1,L_1,M_1
205207,L2,L1,L3,L3,L2,L3,L1,L1,L2,C3_3,D3_2,F3_3,,,N3_1,L_1,M_2
205208,L2,L1,L3,L3,L2,L3,L1,L1,L2,C3_3,D3_2,F3_3,,,N3_1,L_2,M_1
205209,L2,L1,L3,L3,L2,L3,L1,L1,L2,C3_3,D3_2,F3_3,,,N3_1,L_2,M_2
205210,L2,L1,L3,L3,L2,L3,L1,L1,L2,C3_3,D3_2,F3_3,,,N3_1,L_3,M_1
205211,L2,L1,L3,L3,L2,L3,L1,L1,L2,C3_3,D3_2,F3_3,,,N3_1,L_3,M_2
205212,L2,L1,L3,L3,L2,L3,L1,L1,L2,C3_3,D3_2,F3_3,,,N3_2,L_1,M_1
205213,L2,L1,L3,L3,L2,L3,L1,L1,L2,C3_3,D3_2,F3_3,,,N3_2,L_1,M_2
205214,L2,L1,L3,L3,L2,L3,L1,L1,L2,C3_3,D3_2,F3_3,,,N3_2,L_2,M_1
205215,L2,L1,L3,L3,L2,L3,L1,L1,L2,C3_3,D3_2,F3_3,,,N3_2,L_2,M_2
205216,L2,L1,L3,L3,L2,L3,L1,L1,L2,C3_3,D3_2,F3_3,,,N3_2,L_3,M_1
205217,L2,L1,L3,L3,L2,L3,L1,L1,L2,C3_3,D3_2,F3_3,,,N3_2,L_3,M_2
205218,L2,L1,L3,L3,L2,L3,L1,L1,L2,C3_3,D3_3,F3_1,,,N3_1,L_1,M_1
205219,L2,L1,L3,L3,L2,L3,L1,L1,L2,C3_3,D3_3,F3_1,,,N3_1,L_1,M_2
205220,L2,L1,L3,L3,L2,L3,L1,L1,L2,C3_3,D3_3,F3_1,,,N3_1,L_2,M_1
205221,L2,L1,L3,L3,L2,L3,L1,L1,L2,C3_3,D3_3,F3_1,,,N3_1,L_2,M_2
205222,L2,L1,L3,L3,L2,L3,L1,L1,L2,C3_3,D3_3,F3_1,,,N3_1,L_3,M_1
205223,L2,L1,L3,L3,L2,L3,L1,L1,L2,C3_3,D3_3,F3_1,,,N3_1,L_3,M_2
205224,L2,L1,L3,L3,L2,L3,L1,L1,L2,C3_3,D3_3,F3_1,,,N3_2,L_1,M_1
205225,L2,L1,L3,L3,L2,L3,L1,L1,L2,C3_3,D3_3,F3_1,,,N3_2,L_1,M_2
205226,L2,L1,L3,L3,L2,L3,L1,L1,L2,C3_3,D3_3,F3_1,,,N3_2,L_2,M_1
205227,L2,L1,L3,L3,L2,L3,L1,L1,L2,C3_3,D3_3,F3_1,,,N3_2,L_2,M_2
205228,L2,L1,L3,L3,L2,L3,L1,L1,L2,C3_3,D3_3,F3_1,,,N3_2,L_3,M_1
205229,L2,L1,L3,L3,L2,L3,L1,L1,L2,C3_3,D3_3,F3_1,,,N3_2,L_3,M_2
205230,L2,L1,L3,L3,L2,L3,L1,L1,L2,C3_3,D3_3,F3_2,,,N3_1,L_1,M_1
205231,L2,L1,L3,L3,L2,L3,L1,L1,L2,C3_3,D3_3,F3_2,,,N3_1,L_1,M_2
205232,L2,L1,L3,L3,L2,L3,L1,L1,L2,C3_3,D3_3,F3_2,,,N3_1,L_2,M_1
205233,L2,L1,L3,L3,L2,L3,L1,L1,L2,C3_3,D3_3,F3_2,,,N3_1,L_2,M_2
205234,L2,L1,L3,L3,L2,L3,L1,L1,L2,C3_3,D3_3,F3_2,,,N3_1,L_3,M_1
205235,L2,L1,L3,L3,L2,L3,L1,L1,L2,C3_3,D3_3,F3_2,,,N3_1,L_3,M_2
205236,L2,L1,L3,L3,L2,L3,L1,L1,L2,C3_3,D3_3,F3_2,,,N3_2,L_1,M_1
205237,L2,L1,L3,L3,L2,L3,L1,L1,L2,C3_3,D3_3,F3_2,,,N3_2,L_1,M_2
205238,L2,L1,L3,L3,L2,L3,L1,L1,L2,C3_3,D3_3,F3_2,,,N3_2,L_2,M_1
205239,L2,L1,L3,L3,L2,L3,L1,L1,L2,C3_3,D3_3,F3_2,,,N3_2,L_2,M_2
205240,L2,L1,L3,L3,L2,L3,L1,L1,L2,C3_3,D3_3,F3_2,,,N3_2,L_3,M_1
205241,L2,L1,L3,L3,L2,L3,L1,L1,L2,C3_3,D3_3,F3_2,,,N3_2,L_3,M_2
205242,L2,L1,L3,L3,L2,L3,L1,L1,L2,C3_3,D3_3,F3_3,,,N3_1,L_1,M_1
205243,L2,L1,L3,L3,L2,L3,L1,L1,L2,C3_3,D3_3,F3_3,,,N3_1,L_1,M_2
205244,L2,L1,L3,L3,L2,L3,L1,L1,L2,C3_3,D3_3,F3_3,,,N3_1,L_2,M_1
205245,L2,L1,L3,L3,L2,L3,L1,L1,L2,C3_3,D3_3,F3_3,,,N3_1,L_2,M_2
205246,L2,L1,L3,L3,L2,L3,L1,L1,L2,C3_3,D3_3,F3_3,,,N3_1,L_3,M_1
205247,L2,L1,L3,L3,L2,L3,L1,L1,L2,C3_3,D3_3,F3_3,,,N3_1,L_3,M_2
205248,L2,L1,L3,L3,L2,L3,L1,L1,L2,C3_3,D3_3,F3_3,,,N3_2,L_1,M_1
205249,L2,L1,L3,L3,L2,L3,L1,L1,L2,C3_3,D3_3,F3_3,,,N3_2,L_1,M_2
205250,L2,L1,L3,L3,L2,L3,L1,L1,L2,C3_3,D3_3,F3_3,,,N3_2,L_2,M_1
205251,L2,L1,L3,L3,L2,L3,L1,L1,L2,C3_3,D3_3,F3_3,,,N3_2,L_2,M_2
205252,L2,L1,L3,L3,L2,L3,L1,L1,L2,C3_3,D3_3,F3_3,,,N3_2,L_3,M_1
205253,L2,L1,L3,L3,L2,L3,L1,L1,L2,C3_3,D3_3,F3_3,,,N3_2,L_3,M_2
205335,L2,L1,L1,L1,L2,L3,L1,L1,L2,C3_1,D3_1,F3_1,,,N3_1,L_1,M_1
205336,L2,L1,L1,L1,L2,L3,L1,L1,L2,C3_1,D3_1,F3_1,,,N3_1,L_1,M_2
205337,L2,L1,L1,L1,L2,L3,L1,L1,L2,C3_1,D3_1,F3_1,,,N3_1,L_2,M_1
205338,L2,L1,L1,L1,L2,L3,L1,L1,L2,C3_1,D3_1,F3_1,,,N3_1,L_2,M_2
205339,L2,L1,L1,L1,L2,L3,L1,L1,L2,C3_1,D3_1,F3_1,,,N3_1,L_3,M_1
205340,L2,L1,L1,L1,L2,L3,L1,L1,L2,C3_1,D3_1,F3_1,,,N3_1,L_3,M_2
205341,L2,L1,L1,L1,L2,L3,L1,L1,L2,C3_1,D3_1,F3_1,,,N3_2,L_1,M_1
205342,L2,L1,L1,L1,L2,L3,L1,L1,L2,C3_1,D3_1,F3_1,,,N3_2,L_1,M_2
205343,L2,L1,L1,L1,L2,L3,L1,L1,L2,C3_1,D3_1,F3_1,,,N3_2,L_2,M_1
205344,L2,L1,L1,L1,L2,L3,L1,L1,L2,C3_1,D3_1,F3_1,,,N3_2,L_2,M_2
205345,L2,L1,L1,L1,L2,L3,L1,L1,L2,C3_1,D3_1,F3_1,,,N3_2,L_3,M_1
205346,L2,L1,L1,L1,L2,L3,L1,L1,L2,C3_1,D3_1,F3_1,,,N3_2,L_3,M_2
205347,L2,L1,L1,L1,L2,L3,L1,L1,L2,C3_1,D3_1,F3_2,,,N3_1,L_1,M_1
205348,L2,L1,L1,L1,L2,L3,L1,L1,L2,C3_1,D3_1,F3_2,,,N3_1,L_1,M_2
205349,L2,L1,L1,L1,L2,L3,L1,L1,L2,C3_1,D3_1,F3_2,,,N3_1,L_2,M_1
205350,L2,L1,L1,L1,L2,L3,L1,L1,L2,C3_1,D3_1,F3_2,,,N3_1,L_2,M_2
205351,L2,L1,L1,L1,L2,L3,L1,L1,L2,C3_1,D3_1,F3_2,,,N3_1,L_3,M_1
205352,L2,L1,L1,L1,L2,L3,L1,L1,L2,C3_1,D3_1,F3_2,,,N3_1,L_3,M_2
205353,L2,L1,L1,L1,L2,L3,L1,L1,L2,C3_1,D3_1,F3_2,,,N3_2,L_1,M_1
205354,L2,L1,L1,L1,L2,L3,L1,L1,L2,C3_1,D3_1,F3_2,,,N3_2,L_1,M_2
205355,L2,L1,L1,L1,L2,L3,L1,L1,L2,C3_1,D3_1,F3_2,,,N3_2,L_2,M_1
205356,L2,L1,L1,L1,L2,L3,L1,L1,L2,C3_1,D3_1,F3_2,,,N3_2,L_2,M_2
205357,L2,L1,L1,L1,L2,L3,L1,L1,L2,C3_1,D3_1,F3_2,,,N3_2,L_3,M_1
205358,L2,L1,L1,L1,L2,L3,L1,L1,L2,C3_1,D3_1,F3_2,,,N3_2,L_3,M_2
205359,L2,L1,L1,L1,L2,L3,L1,L1,L2,C3_1,D3_1,F3_3,,,N3_1,L_1,M_1
205360,L2,L1,L1,L1,L2,L3,L1,L1,L2,C3_1,D3_1,F3_3,,,N3_1,L_1,M_2
205361,L2,L1,L1,L1,L2,L3,L1,L1,L2,C3_1,D3_1,F3_3,,,N3_1,L_2,M_1
205362,L2,L1,L1,L1,L2,L3,L1,L1,L2,C3_1,D3_1,F3_3,,,N3_1,L_2,M_2
205363,L2,L1,L1,L1,L2,L3,L1,L1,L2,C3_1,D3_1,F3_3,,,N3_1,L_3,M_1
205364,L2,L1,L1,L1,L2,L3,L1,L1,L2,C3_1,D3_1,F3_3,,,N3_1,L_3,M_2
205365,L2,L1,L1,L1,L2,L3,L1,L1,L2,C3_1,D3_1,F3_3,,,N3_2,L_1,M_1
205366,L2,L1,L1,L1,L2,L3,L1,L1,L2,C3_1,D3_1,F3_3,,,N3_2,L_1,M_2
205367,L2,L1,L1,L1,L2,L3,L1,L1,L2,C3_1,D3_1,F3_3,,,N3_2,L_2,M_1
205368,L2,L1,L1,L1,L2,L3,L1,L1,L2,C3_1,D3_1,F3_3,,,N3_2,L_2,M_2
205369,L2,L1,L1,L1,L2,L3,L1,L1,L2,C3_1,D3_1,F3_3,,,N3_2,L_3,M_1
205370,L2,L1,L1,L1,L2,L3,L1,L1,L2,C3_1,D3_1,F3_3,,,N3_2,L_3,M_2
205371,L2,L1,L1,L1,L2,L3,L1,L1,L2,C3_1,D3_2,F3_1,,,N3_1,L_1,M_1
205372,L2,L1,L1,L1,L2,L3,L1,L1,L2,C3_1,D3_2,F3_1,,,N3_1,L_1,M_2
205373,L2,L1,L1,L1,L2,L3,L1,L1,L2,C3_1,D3_2,F3_1,,,N3_1,L_2,M_1
205374,L2,L1,L1,L1,L2,L3,L1,L1,L2,C3_1,D3_2,F3_1,,,N3_1,L_2,M_2
205375,L2,L1,L1,L1,L2,L3,L1,L1,L2,C3_1,D3_2,F3_1,,,N3_1,L_3,M_1
205376,L2,L1,L1,L1,L2,L3,L1,L1,L2,C3_1,D3_2,F3_1,,,N3_1,L_3,M_2
205377,L2,L1,L1,L1,L2,L3,L1,L1,L2,C3_1,D3_2,F3_1,,,N3_2,L_1,M_1
205378,L2,L1,L1,L1,L2,L3,L1,L1,L2,C3_1,D3_2,F3_1,,,N3_2,L_1,M_2
205379,L2,L1,L1,L1,L2,L3,L1,L1,L2,C3_1,D3_2,F3_1,,,N3_2,L_2,M_1
205380,L2,L1,L1,L1,L2,L3,L1,L1,L2,C3_1,D3_2,F3_1,,,N3_2,L_2,M_2
205381,L2,L1,L1,L1,L2,L3,L1,L1,L2,C3_1,D3_2,F3_1,,,N3_2,L_3,M_1
205382,L2,L1,L1,L1,L2,L3,L1,L1,L2,C3_1,D3_2,F3_1,,,N3_2,L_3,M_2
205383,L2,L1,L1,L1,L2,L3,L1,L1,L2,C3_1,D3_2,F3_2,,,N3_1,L_1,M_1
205384,L2,L1,L1,L1,L2,L3,L1,L1,L2,C3_1,D3_2,F3_2,,,N3_1,L_1,M_2
205385,L2,L1,L1,L1,L2,L3,L1,L1,L2,C3_1,D3_2,F3_2,,,N3_1,L_2,M_1
205386,L2,L1,L1,L1,L2,L3,L1,L1,L2,C3_1,D3_2,F3_2,,,N3_1,L_2,M_2
205387,L2,L1,L1,L1,L2,L3,L1,L1,L2,C3_1,D3_2,F3_2,,,N3_1,L_3,M_1
205388,L2,L1,L1,L1,L2,L3,L1,L1,L2,C3_1,D3_2,F3_2,,,N3_1,L_3,M_2
205389,L2,L1,L1,L1,L2,L3,L1,L1,L2,C3_1,D3_2,F3_2,,,N3_2,L_1,M_1
205390,L2,L1,L1,L1,L2,L3,L1,L1,L2,C3_1,D3_2,F3_2,,,N3_2,L_1,M_2
205391,L2,L1,L1,L1,L2,L3,L1,L1,L2,C3_1,D3_2,F3_2,,,N3_2,L_2,M_1
205392,L2,L1,L1,L1,L2,L3,L1,L1,L2,C3_1,D3_2,F3_2,,,N3_2,L_2,M_2
205393,L2,L1,L1,L1,L2,L3,L1,L1,L2,C3_1,D3_2,F3_2,,,N3_2,L_3,M_1
205394,L2,L1,L1,L1,L2,L3,L1,L1,L2,C3_1,D3_2,F3_2,,,N3_2,L_3,M_2
205395,L2,L1,L1,L1,L2,L3,L1,L1,L2,C3_1,D3_2,F3_3,,,N3_1,L_1,M_1
205396,L2,L1,L1,L1,L2,L3,L1,L1,L2,C3_1,D3_2,F3_3,,,N3_1,L_1,M_2
205397,L2,L1,L1,L1,L2,L3,L1,L1,L2,C3_1,D3_2,F3_3,,,N3_1,L_2,M_1
205398,L2,L1,L1,L1,L2,L3,L1,L1,L2,C3_1,D3_2,F3_3,,,N3_1,L_2,M_2
205399,L2,L1,L1,L1,L2,L3,L1,L1,L2,C3_1,D3_2,F3_3,,,N3_1,L_3,M_1
205400,L2,L1,L1,L1,L2,L3,L1,L1,L2,C3_1,D3_2,F3_3,,,N3_1,L_3,M_2
205401,L2,L1,L1,L1,L2,L3,L1,L1,L2,C3_1,D3_2,F3_3,,,N3_2,L_1,M_1
205402,L2,L1,L1,L1,L2,L3,L1,L1,L2,C3_1,D3_2,F3_3,,,N3_2,L_1,M_2
205403,L2,L1,L1,L1,L2,L3,L1,L1,L2,C3_1,D3_2,F3_3,,,N3_2,L_2,M_1
205404,L2,L1,L1,L1,L2,L3,L1,L1,L2,C3_1,D3_2,F3_3,,,N3_2,L_2,M_2
205405,L2,L1,L1,L1,L2,L3,L1,L1,L2,C3_1,D3_2,F3_3,,,N3_2,L_3,M_1
205406,L2,L1,L1,L1,L2,L3,L1,L1,L2,C3_1,D3_2,F3_3,,,N3_2,L_3,M_2
205407,L2,L1,L1,L1,L2,L3,L1,L1,L2,C3_1,D3_3,F3_1,,,N3_1,L_1,M_1
205408,L2,L1,L1,L1,L2,L3,L1,L1,L2,C3_1,D3_3,F3_1,,,N3_1,L_1,M_2
205409,L2,L1,L1,L1,L2,L3,L1,L1,L2,C3_1,D3_3,F3_1,,,N3_1,L_2,M_1
205410,L2,L1,L1,L1,L2,L3,L1,L1,L2,C3_1,D3_3,F3_1,,,N3_1,L_2,M_2
205411,L2,L1,L1,L1,L2,L3,L1,L1,L2,C3_1,D3_3,F3_1,,,N3_1,L_3,M_1
205412,L2,L1,L1,L1,L2,L3,L1,L1,L2,C3_1,D3_3,F3_1,,,N3_1,L_3,M_2
205413,L2,L1,L1,L1,L2,L3,L1,L1,L2,C3_1,D3_3,F3_1,,,N3_2,L_1,M_1
205414,L2,L1,L1,L1,L2,L3,L1,L1,L2,C3_1,D3_3,F3_1,,,N3_2,L_1,M_2
205415,L2,L1,L1,L1,L2,L3,L1,L1,L2,C3_1,D3_3,F3_1,,,N3_2,L_2,M_1
205416,L2,L1,L1,L1,L2,L3,L1,L1,L2,C3_1,D3_3,F3_1,,,N3_2,L_2,M_2
205417,L2,L1,L1,L1,L2,L3,L1,L1,L2,C3_1,D3_3,F3_1,,,N3_2,L_3,M_1
205418,L2,L1,L1,L1,L2,L3,L1,L1,L2,C3_1,D3_3,F3_1,,,N3_2,L_3,M_2
205419,L2,L1,L1,L1,L2,L3,L1,L1,L2,C3_1,D3_3,F3_2,,,N3_1,L_1,M_1
205420,L2,L1,L1,L1,L2,L3,L1,L1,L2,C3_1,D3_3,F3_2,,,N3_1,L_1,M_2
205421,L2,L1,L1,L1,L2,L3,L1,L1,L2,C3_1,D3_3,F3_2,,,N3_1,L_2,M_1
205422,L2,L1,L1,L1,L2,L3,L1,L1,L2,C3_1,D3_3,F3_2,,,N3_1,L_2,M_2
205423,L2,L1,L1,L1,L2,L3,L1,L1,L2,C3_1,D3_3,F3_2,,,N3_1,L_3,M_1
205424,L2,L1,L1,L1,L2,L3,L1,L1,L2,C3_1,D3_3,F3_2,,,N3_1,L_3,M_2
205425,L2,L1,L1,L1,L2,L3,L1,L1,L2,C3_1,D3_3,F3_2,,,N3_2,L_1,M_1
205426,L2,L1,L1,L1,L2,L3,L1,L1,L2,C3_1,D3_3,F3_2,,,N3_2,L_1,M_2
205427,L2,L1,L1,L1,L2,L3,L1,L1,L2,C3_1,D3_3,F3_2,,,N3_2,L_2,M_1
205428,L2,L1,L1,L1,L2,L3,L1,L1,L2,C3_1,D3_3,F3_2,,,N3_2,L_2,M_2
205429,L2,L1,L1,L1,L2,L3,L1,L1,L2,C3_1,D3_3,F3_2,,,N3_2,L_3,M_1
205430,L2,L1,L1,L1,L2,L3,L1,L1,L2,C3_1,D3_3,F3_2,,,N3_2,L_3,M_2
205431,L2,L1,L1,L1,L2,L3,L1,L1,L2,C3_1,D3_3,F3_3,,,N3_1,L_1,M_1
205432,L2,L1,L1,L1,L2,L3,L1,L1,L2,C3_1,D3_3,F3_3,,,N3_1,L_1,M_2
205433,L2,L1,L1,L1,L2,L3,L1,L1,L2,C3_1,D3_3,F3_3,,,N3_1,L_2,M_1
205434,L2,L1,L1,L1,L2,L3,L1,L1,L2,C3_1,D3_3,F3_3,,,N3_1,L_2,M_2
205435,L2,L1,L1,L1,L2,L3,L1,L1,L2,C3_1,D3_3,F3_3,,,N3_1,L_3,M_1
205436,L2,L1,L1,L1,L2,L3,L1,L1,L2,C3_1,D3_3,F3_3,,,N3_1,L_3,M_2
205437,L2,L1,L1,L1,L2,L3,L1,L1,L2,C3_1,D3_3,F3_3,,,N3_2,L_1,M_1
205438,L2,L1,L1,L1,L2,L3,L1,L1,L2,C3_1,D3_3,F3_3,,,N3_2,L_1,M_2
205439,L2,L1,L1,L1,L2,L3,L1,L1,L2,C3_1,D3_3,F3_3,,,N3_2,L_2,M_1
205440,L2,L1,L1,L1,L2,L3,L1,L1,L2,C3_1,D3_3,F3_3,,,N3_2,L_2,M_2
205441,L2,L1,L1,L1,L2,L3,L1,L1,L2,C3_1,D3_3,F3_3,,,N3_2,L_3,M_1
205442,L2,L1,L1,L1,L2,L3,L1,L1,L2,C3_1,D3_3,F3_3,,,N3_2,L_3,M_2
205443,L2,L1,L1,L1,L2,L3,L1,L1,L2,C3_2,D3_1,F3_1,,,N3_1,L_1,M_1
205444,L2,L1,L1,L1,L2,L3,L1,L1,L2,C3_2,D3_1,F3_1,,,N3_1,L_1,M_2
205445,L2,L1,L1,L1,L2,L3,L1,L1,L2,C3_2,D3_1,F3_1,,,N3_1,L_2,M_1
205446,L2,L1,L1,L1,L2,L3,L1,L1,L2,C3_2,D3_1,F3_1,,,N3_1,L_2,M_2
205447,L2,L1,L1,L1,L2,L3,L1,L1,L2,C3_2,D3_1,F3_1,,,N3_1,L_3,M_1
205448,L2,L1,L1,L1,L2,L3,L1,L1,L2,C3_2,D3_1,F3_1,,,N3_1,L_3,M_2
205449,L2,L1,L1,L1,L2,L3,L1,L1,L2,C3_2,D3_1,F3_1,,,N3_2,L_1,M_1
205450,L2,L1,L1,L1,L2,L3,L1,L1,L2,C3_2,D3_1,F3_1,,,N3_2,L_1,M_2
205451,L2,L1,L1,L1,L2,L3,L1,L1,L2,C3_2,D3_1,F3_1,,,N3_2,L_2,M_1
205452,L2,L1,L1,L1,L2,L3,L1,L1,L2,C3_2,D3_1,F3_1,,,N3_2,L_2,M_2
205453,L2,L1,L1,L1,L2,L3,L1,L1,L2,C3_2,D3_1,F3_1,,,N3_2,L_3,M_1
205454,L2,L1,L1,L1,L2,L3,L1,L1,L2,C3_2,D3_1,F3_1,,,N3_2,L_3,M_2
205455,L2,L1,L1,L1,L2,L3,L1,L1,L2,C3_2,D3_1,F3_2,,,N3_1,L_1,M_1
205456,L2,L1,L1,L1,L2,L3,L1,L1,L2,C3_2,D3_1,F3_2,,,N3_1,L_1,M_2
205457,L2,L1,L1,L1,L2,L3,L1,L1,L2,C3_2,D3_1,F3_2,,,N3_1,L_2,M_1
205458,L2,L1,L1,L1,L2,L3,L1,L1,L2,C3_2,D3_1,F3_2,,,N3_1,L_2,M_2
205459,L2,L1,L1,L1,L2,L3,L1,L1,L2,C3_2,D3_1,F3_2,,,N3_1,L_3,M_1
205460,L2,L1,L1,L1,L2,L3,L1,L1,L2,C3_2,D3_1,F3_2,,,N3_1,L_3,M_2
205461,L2,L1,L1,L1,L2,L3,L1,L1,L2,C3_2,D3_1,F3_2,,,N3_2,L_1,M_1
205462,L2,L1,L1,L1,L2,L3,L1,L1,L2,C3_2,D3_1,F3_2,,,N3_2,L_1,M_2
205463,L2,L1,L1,L1,L2,L3,L1,L1,L2,C3_2,D3_1,F3_2,,,N3_2,L_2,M_1
205464,L2,L1,L1,L1,L2,L3,L1,L1,L2,C3_2,D3_1,F3_2,,,N3_2,L_2,M_2
205465,L2,L1,L1,L1,L2,L3,L1,L1,L2,C3_2,D3_1,F3_2,,,N3_2,L_3,M_1
205466,L2,L1,L1,L1,L2,L3,L1,L1,L2,C3_2,D3_1,F3_2,,,N3_2,L_3,M_2
205467,L2,L1,L1,L1,L2,L3,L1,L1,L2,C3_2,D3_1,F3_3,,,N3_1,L_1,M_1
205468,L2,L1,L1,L1,L2,L3,L1,L1,L2,C3_2,D3_1,F3_3,,,N3_1,L_1,M_2
205469,L2,L1,L1,L1,L2,L3,L1,L1,L2,C3_2,D3_1,F3_3,,,N3_1,L_2,M_1
205470,L2,L1,L1,L1,L2,L3,L1,L1,L2,C3_2,D3_1,F3_3,,,N3_1,L_2,M_2
205471,L2,L1,L1,L1,L2,L3,L1,L1,L2,C3_2,D3_1,F3_3,,,N3_1,L_3,M_1
205472,L2,L1,L1,L1,L2,L3,L1,L1,L2,C3_2,D3_1,F3_3,,,N3_1,L_3,M_2
205473,L2,L1,L1,L1,L2,L3,L1,L1,L2,C3_2,D3_1,F3_3,,,N3_2,L_1,M_1
205474,L2,L1,L1,L1,L2,L3,L1,L1,L2,C3_2,D3_1,F3_3,,,N3_2,L_1,M_2
205475,L2,L1,L1,L1,L2,L3,L1,L1,L2,C3_2,D3_1,F3_3,,,N3_2,L_2,M_1
205476,L2,L1,L1,L1,L2,L3,L1,L1,L2,C3_2,D3_1,F3_3,,,N3_2,L_2,M_2
205477,L2,L1,L1,L1,L2,L3,L1,L1,L2,C3_2,D3_1,F3_3,,,N3_2,L_3,M_1
205478,L2,L1,L1,L1,L2,L3,L1,L1,L2,C3_2,D3_1,F3_3,,,N3_2,L_3,M_2
205479,L2,L1,L1,L1,L2,L3,L1,L1,L2,C3_2,D3_2,F3_1,,,N3_1,L_1,M_1
205480,L2,L1,L1,L1,L2,L3,L1,L1,L2,C3_2,D3_2,F3_1,,,N3_1,L_1,M_2
205481,L2,L1,L1,L1,L2,L3,L1,L1,L2,C3_2,D3_2,F3_1,,,N3_1,L_2,M_1
205482,L2,L1,L1,L1,L2,L3,L1,L1,L2,C3_2,D3_2,F3_1,,,N3_1,L_2,M_2
205483,L2,L1,L1,L1,L2,L3,L1,L1,L2,C3_2,D3_2,F3_1,,,N3_1,L_3,M_1
205484,L2,L1,L1,L1,L2,L3,L1,L1,L2,C3_2,D3_2,F3_1,,,N3_1,L_3,M_2
205485,L2,L1,L1,L1,L2,L3,L1,L1,L2,C3_2,D3_2,F3_1,,,N3_2,L_1,M_1
205486,L2,L1,L1,L1,L2,L3,L1,L1,L2,C3_2,D3_2,F3_1,,,N3_2,L_1,M_2
205487,L2,L1,L1,L1,L2,L3,L1,L1,L2,C3_2,D3_2,F3_1,,,N3_2,L_2,M_1
205488,L2,L1,L1,L1,L2,L3,L1,L1,L2,C3_2,D3_2,F3_1,,,N3_2,L_2,M_2
205489,L2,L1,L1,L1,L2,L3,L1,L1,L2,C3_2,D3_2,F3_1,,,N3_2,L_3,M_1
205490,L2,L1,L1,L1,L2,L3,L1,L1,L2,C3_2,D3_2,F3_1,,,N3_2,L_3,M_2
205491,L2,L1,L1,L1,L2,L3,L1,L1,L2,C3_2,D3_2,F3_2,,,N3_1,L_1,M_1
205492,L2,L1,L1,L1,L2,L3,L1,L1,L2,C3_2,D3_2,F3_2,,,N3_1,L_1,M_2
205493,L2,L1,L1,L1,L2,L3,L1,L1,L2,C3_2,D3_2,F3_2,,,N3_1,L_2,M_1
205494,L2,L1,L1,L1,L2,L3,L1,L1,L2,C3_2,D3_2,F3_2,,,N3_1,L_2,M_2
205495,L2,L1,L1,L1,L2,L3,L1,L1,L2,C3_2,D3_2,F3_2,,,N3_1,L_3,M_1
205496,L2,L1,L1,L1,L2,L3,L1,L1,L2,C3_2,D3_2,F3_2,,,N3_1,L_3,M_2
205497,L2,L1,L1,L1,L2,L3,L1,L1,L2,C3_2,D3_2,F3_2,,,N3_2,L_1,M_1
205498,L2,L1,L1,L1,L2,L3,L1,L1,L2,C3_2,D3_2,F3_2,,,N3_2,L_1,M_2
205499,L2,L1,L1,L1,L2,L3,L1,L1,L2,C3_2,D3_2,F3_2,,,N3_2,L_2,M_1
205500,L2,L1,L1,L1,L2,L3,L1,L1,L2,C3_2,D3_2,F3_2,,,N3_2,L_2,M_2
205501,L2,L1,L1,L1,L2,L3,L1,L1,L2,C3_2,D3_2,F3_2,,,N3_2,L_3,M_1
205502,L2,L1,L1,L1,L2,L3,L1,L1,L2,C3_2,D3_2,F3_2,,,N3_2,L_3,M_2
205503,L2,L1,L1,L1,L2,L3,L1,L1,L2,C3_2,D3_2,F3_3,,,N3_1,L_1,M_1
205504,L2,L1,L1,L1,L2,L3,L1,L1,L2,C3_2,D3_2,F3_3,,,N3_1,L_1,M_2
205505,L2,L1,L1,L1,L2,L3,L1,L1,L2,C3_2,D3_2,F3_3,,,N3_1,L_2,M_1
205506,L2,L1,L1,L1,L2,L3,L1,L1,L2,C3_2,D3_2,F3_3,,,N3_1,L_2,M_2
205507,L2,L1,L1,L1,L2,L3,L1,L1,L2,C3_2,D3_2,F3_3,,,N3_1,L_3,M_1
205508,L2,L1,L1,L1,L2,L3,L1,L1,L2,C3_2,D3_2,F3_3,,,N3_1,L_3,M_2
205509,L2,L1,L1,L1,L2,L3,L1,L1,L2,C3_2,D3_2,F3_3,,,N3_2,L_1,M_1
205510,L2,L1,L1,L1,L2,L3,L1,L1,L2,C3_2,D3_2,F3_3,,,N3_2,L_1,M_2
205511,L2,L1,L1,L1,L2,L3,L1,L1,L2,C3_2,D3_2,F3_3,,,N3_2,L_2,M_1
205512,L2,L1,L1,L1,L2,L3,L1,L1,L2,C3_2,D3_2,F3_3,,,N3_2,L_2,M_2
205513,L2,L1,L1,L1,L2,L3,L1,L1,L2,C3_2,D3_2,F3_3,,,N3_2,L_3,M_1
205514,L2,L1,L1,L1,L2,L3,L1,L1,L2,C3_2,D3_2,F3_3,,,N3_2,L_3,M_2
205515,L2,L1,L1,L1,L2,L3,L1,L1,L2,C3_2,D3_3,F3_1,,,N3_1,L_1,M_1
205516,L2,L1,L1,L1,L2,L3,L1,L1,L2,C3_2,D3_3,F3_1,,,N3_1,L_1,M_2
205517,L2,L1,L1,L1,L2,L3,L1,L1,L2,C3_2,D3_3,F3_1,,,N3_1,L_2,M_1
205518,L2,L1,L1,L1,L2,L3,L1,L1,L2,C3_2,D3_3,F3_1,,,N3_1,L_2,M_2
205519,L2,L1,L1,L1,L2,L3,L1,L1,L2,C3_2,D3_3,F3_1,,,N3_1,L_3,M_1
205520,L2,L1,L1,L1,L2,L3,L1,L1,L2,C3_2,D3_3,F3_1,,,N3_1,L_3,M_2
205521,L2,L1,L1,L1,L2,L3,L1,L1,L2,C3_2,D3_3,F3_1,,,N3_2,L_1,M_1
205522,L2,L1,L1,L1,L2,L3,L1,L1,L2,C3_2,D3_3,F3_1,,,N3_2,L_1,M_2
205523,L2,L1,L1,L1,L2,L3,L1,L1,L2,C3_2,D3_3,F3_1,,,N3_2,L_2,M_1
205524,L2,L1,L1,L1,L2,L3,L1,L1,L2,C3_2,D3_3,F3_1,,,N3_2,L_2,M_2
205525,L2,L1,L1,L1,L2,L3,L1,L1,L2,C3_2,D3_3,F3_1,,,N3_2,L_3,M_1
205526,L2,L1,L1,L1,L2,L3,L1,L1,L2,C3_2,D3_3,F3_1,,,N3_2,L_3,M_2
205527,L2,L1,L1,L1,L2,L3,L1,L1,L2,C3_2,D3_3,F3_2,,,N3_1,L_1,M_1
205528,L2,L1,L1,L1,L2,L3,L1,L1,L2,C3_2,D3_3,F3_2,,,N3_1,L_1,M_2
205529,L2,L1,L1,L1,L2,L3,L1,L1,L2,C3_2,D3_3,F3_2,,,N3_1,L_2,M_1
205530,L2,L1,L1,L1,L2,L3,L1,L1,L2,C3_2,D3_3,F3_2,,,N3_1,L_2,M_2
205531,L2,L1,L1,L1,L2,L3,L1,L1,L2,C3_2,D3_3,F3_2,,,N3_1,L_3,M_1
205532,L2,L1,L1,L1,L2,L3,L1,L1,L2,C3_2,D3_3,F3_2,,,N3_1,L_3,M_2
205533,L2,L1,L1,L1,L2,L3,L1,L1,L2,C3_2,D3_3,F3_2,,,N3_2,L_1,M_1
205534,L2,L1,L1,L1,L2,L3,L1,L1,L2,C3_2,D3_3,F3_2,,,N3_2,L_1,M_2
205535,L2,L1,L1,L1,L2,L3,L1,L1,L2,C3_2,D3_3,F3_2,,,N3_2,L_2,M_1
205536,L2,L1,L1,L1,L2,L3,L1,L1,L2,C3_2,D3_3,F3_2,,,N3_2,L_2,M_2
205537,L2,L1,L1,L1,L2,L3,L1,L1,L2,C3_2,D3_3,F3_2,,,N3_2,L_3,M_1
205538,L2,L1,L1,L1,L2,L3,L1,L1,L2,C3_2,D3_3,F3_2,,,N3_2,L_3,M_2
205539,L2,L1,L1,L1,L2,L3,L1,L1,L2,C3_2,D3_3,F3_3,,,N3_1,L_1,M_1
205540,L2,L1,L1,L1,L2,L3,L1,L1,L2,C3_2,D3_3,F3_3,,,N3_1,L_1,M_2
205541,L2,L1,L1,L1,L2,L3,L1,L1,L2,C3_2,D3_3,F3_3,,,N3_1,L_2,M_1
205542,L2,L1,L1,L1,L2,L3,L1,L1,L2,C3_2,D3_3,F3_3,,,N3_1,L_2,M_2
205543,L2,L1,L1,L1,L2,L3,L1,L1,L2,C3_2,D3_3,F3_3,,,N3_1,L_3,M_1
205544,L2,L1,L1,L1,L2,L3,L1,L1,L2,C3_2,D3_3,F3_3,,,N3_1,L_3,M_2
205545,L2,L1,L1,L1,L2,L3,L1,L1,L2,C3_2,D3_3,F3_3,,,N3_2,L_1,M_1
205546,L2,L1,L1,L1,L2,L3,L1,L1,L2,C3_2,D3_3,F3_3,,,N3_2,L_1,M_2
205547,L2,L1,L1,L1,L2,L3,L1,L1,L2,C3_2,D3_3,F3_3,,,N3_2,L_2,M_1
205548,L2,L1,L1,L1,L2,L3,L1,L1,L2,C3_2,D3_3,F3_3,,,N3_2,L_2,M_2
205549,L2,L1,L1,L1,L2,L3,L1,L1,L2,C3_2,D3_3,F3_3,,,N3_2,L_3,M_1
205550,L2,L1,L1,L1,L2,L3,L1,L1,L2,C3_2,D3_3,F3_3,,,N3_2,L_3,M_2
205551,L2,L1,L1,L1,L2,L3,L1,L1,L2,C3_3,D3_1,F3_1,,,N3_1,L_1,M_1
205552,L2,L1,L1,L1,L2,L3,L1,L1,L2,C3_3,D3_1,F3_1,,,N3_1,L_1,M_2
205553,L2,L1,L1,L1,L2,L3,L1,L1,L2,C3_3,D3_1,F3_1,,,N3_1,L_2,M_1
205554,L2,L1,L1,L1,L2,L3,L1,L1,L2,C3_3,D3_1,F3_1,,,N3_1,L_2,M_2
205555,L2,L1,L1,L1,L2,L3,L1,L1,L2,C3_3,D3_1,F3_1,,,N3_1,L_3,M_1
205556,L2,L1,L1,L1,L2,L3,L1,L1,L2,C3_3,D3_1,F3_1,,,N3_1,L_3,M_2
205557,L2,L1,L1,L1,L2,L3,L1,L1,L2,C3_3,D3_1,F3_1,,,N3_2,L_1,M_1
205558,L2,L1,L1,L1,L2,L3,L1,L1,L2,C3_3,D3_1,F3_1,,,N3_2,L_1,M_2
205559,L2,L1,L1,L1,L2,L3,L1,L1,L2,C3_3,D3_1,F3_1,,,N3_2,L_2,M_1
205560,L2,L1,L1,L1,L2,L3,L1,L1,L2,C3_3,D3_1,F3_1,,,N3_2,L_2,M_2
205561,L2,L1,L1,L1,L2,L3,L1,L1,L2,C3_3,D3_1,F3_1,,,N3_2,L_3,M_1
205562,L2,L1,L1,L1,L2,L3,L1,L1,L2,C3_3,D3_1,F3_1,,,N3_2,L_3,M_2
205563,L2,L1,L1,L1,L2,L3,L1,L1,L2,C3_3,D3_1,F3_2,,,N3_1,L_1,M_1
205564,L2,L1,L1,L1,L2,L3,L1,L1,L2,C3_3,D3_1,F3_2,,,N3_1,L_1,M_2
205565,L2,L1,L1,L1,L2,L3,L1,L1,L2,C3_3,D3_1,F3_2,,,N3_1,L_2,M_1
205566,L2,L1,L1,L1,L2,L3,L1,L1,L2,C3_3,D3_1,F3_2,,,N3_1,L_2,M_2
205567,L2,L1,L1,L1,L2,L3,L1,L1,L2,C3_3,D3_1,F3_2,,,N3_1,L_3,M_1
205568,L2,L1,L1,L1,L2,L3,L1,L1,L2,C3_3,D3_1,F3_2,,,N3_1,L_3,M_2
205569,L2,L1,L1,L1,L2,L3,L1,L1,L2,C3_3,D3_1,F3_2,,,N3_2,L_1,M_1
205570,L2,L1,L1,L1,L2,L3,L1,L1,L2,C3_3,D3_1,F3_2,,,N3_2,L_1,M_2
205571,L2,L1,L1,L1,L2,L3,L1,L1,L2,C3_3,D3_1,F3_2,,,N3_2,L_2,M_1
205572,L2,L1,L1,L1,L2,L3,L1,L1,L2,C3_3,D3_1,F3_2,,,N3_2,L_2,M_2
205573,L2,L1,L1,L1,L2,L3,L1,L1,L2,C3_3,D3_1,F3_2,,,N3_2,L_3,M_1
205574,L2,L1,L1,L1,L2,L3,L1,L1,L2,C3_3,D3_1,F3_2,,,N3_2,L_3,M_2
205575,L2,L1,L1,L1,L2,L3,L1,L1,L2,C3_3,D3_1,F3_3,,,N3_1,L_1,M_1
205576,L2,L1,L1,L1,L2,L3,L1,L1,L2,C3_3,D3_1,F3_3,,,N3_1,L_1,M_2
205577,L2,L1,L1,L1,L2,L3,L1,L1,L2,C3_3,D3_1,F3_3,,,N3_1,L_2,M_1
205578,L2,L1,L1,L1,L2,L3,L1,L1,L2,C3_3,D3_1,F3_3,,,N3_1,L_2,M_2
205579,L2,L1,L1,L1,L2,L3,L1,L1,L2,C3_3,D3_1,F3_3,,,N3_1,L_3,M_1
205580,L2,L1,L1,L1,L2,L3,L1,L1,L2,C3_3,D3_1,F3_3,,,N3_1,L_3,M_2
205581,L2,L1,L1,L1,L2,L3,L1,L1,L2,C3_3,D3_1,F3_3,,,N3_2,L_1,M_1
205582,L2,L1,L1,L1,L2,L3,L1,L1,L2,C3_3,D3_1,F3_3,,,N3_2,L_1,M_2
205583,L2,L1,L1,L1,L2,L3,L1,L1,L2,C3_3,D3_1,F3_3,,,N3_2,L_2,M_1
205584,L2,L1,L1,L1,L2,L3,L1,L1,L2,C3_3,D3_1,F3_3,,,N3_2,L_2,M_2
205585,L2,L1,L1,L1,L2,L3,L1,L1,L2,C3_3,D3_1,F3_3,,,N3_2,L_3,M_1
205586,L2,L1,L1,L1,L2,L3,L1,L1,L2,C3_3,D3_1,F3_3,,,N3_2,L_3,M_2
205587,L2,L1,L1,L1,L2,L3,L1,L1,L2,C3_3,D3_2,F3_1,,,N3_1,L_1,M_1
205588,L2,L1,L1,L1,L2,L3,L1,L1,L2,C3_3,D3_2,F3_1,,,N3_1,L_1,M_2
205589,L2,L1,L1,L1,L2,L3,L1,L1,L2,C3_3,D3_2,F3_1,,,N3_1,L_2,M_1
205590,L2,L1,L1,L1,L2,L3,L1,L1,L2,C3_3,D3_2,F3_1,,,N3_1,L_2,M_2
205591,L2,L1,L1,L1,L2,L3,L1,L1,L2,C3_3,D3_2,F3_1,,,N3_1,L_3,M_1
205592,L2,L1,L1,L1,L2,L3,L1,L1,L2,C3_3,D3_2,F3_1,,,N3_1,L_3,M_2
205593,L2,L1,L1,L1,L2,L3,L1,L1,L2,C3_3,D3_2,F3_1,,,N3_2,L_1,M_1
205594,L2,L1,L1,L1,L2,L3,L1,L1,L2,C3_3,D3_2,F3_1,,,N3_2,L_1,M_2
205595,L2,L1,L1,L1,L2,L3,L1,L1,L2,C3_3,D3_2,F3_1,,,N3_2,L_2,M_1
205596,L2,L1,L1,L1,L2,L3,L1,L1,L2,C3_3,D3_2,F3_1,,,N3_2,L_2,M_2
205597,L2,L1,L1,L1,L2,L3,L1,L1,L2,C3_3,D3_2,F3_1,,,N3_2,L_3,M_1
205598,L2,L1,L1,L1,L2,L3,L1,L1,L2,C3_3,D3_2,F3_1,,,N3_2,L_3,M_2
205599,L2,L1,L1,L1,L2,L3,L1,L1,L2,C3_3,D3_2,F3_2,,,N3_1,L_1,M_1
205600,L2,L1,L1,L1,L2,L3,L1,L1,L2,C3_3,D3_2,F3_2,,,N3_1,L_1,M_2
205601,L2,L1,L1,L1,L2,L3,L1,L1,L2,C3_3,D3_2,F3_2,,,N3_1,L_2,M_1
205602,L2,L1,L1,L1,L2,L3,L1,L1,L2,C3_3,D3_2,F3_2,,,N3_1,L_2,M_2
205603,L2,L1,L1,L1,L2,L3,L1,L1,L2,C3_3,D3_2,F3_2,,,N3_1,L_3,M_1
205604,L2,L1,L1,L1,L2,L3,L1,L1,L2,C3_3,D3_2,F3_2,,,N3_1,L_3,M_2
205605,L2,L1,L1,L1,L2,L3,L1,L1,L2,C3_3,D3_2,F3_2,,,N3_2,L_1,M_1
205606,L2,L1,L1,L1,L2,L3,L1,L1,L2,C3_3,D3_2,F3_2,,,N3_2,L_1,M_2
205607,L2,L1,L1,L1,L2,L3,L1,L1,L2,C3_3,D3_2,F3_2,,,N3_2,L_2,M_1
205608,L2,L1,L1,L1,L2,L3,L1,L1,L2,C3_3,D3_2,F3_2,,,N3_2,L_2,M_2
205609,L2,L1,L1,L1,L2,L3,L1,L1,L2,C3_3,D3_2,F3_2,,,N3_2,L_3,M_1
205610,L2,L1,L1,L1,L2,L3,L1,L1,L2,C3_3,D3_2,F3_2,,,N3_2,L_3,M_2
205611,L2,L1,L1,L1,L2,L3,L1,L1,L2,C3_3,D3_2,F3_3,,,N3_1,L_1,M_1
205612,L2,L1,L1,L1,L2,L3,L1,L1,L2,C3_3,D3_2,F3_3,,,N3_1,L_1,M_2
205613,L2,L1,L1,L1,L2,L3,L1,L1,L2,C3_3,D3_2,F3_3,,,N3_1,L_2,M_1
205614,L2,L1,L1,L1,L2,L3,L1,L1,L2,C3_3,D3_2,F3_3,,,N3_1,L_2,M_2
205615,L2,L1,L1,L1,L2,L3,L1,L1,L2,C3_3,D3_2,F3_3,,,N3_1,L_3,M_1
205616,L2,L1,L1,L1,L2,L3,L1,L1,L2,C3_3,D3_2,F3_3,,,N3_1,L_3,M_2
205617,L2,L1,L1,L1,L2,L3,L1,L1,L2,C3_3,D3_2,F3_3,,,N3_2,L_1,M_1
205618,L2,L1,L1,L1,L2,L3,L1,L1,L2,C3_3,D3_2,F3_3,,,N3_2,L_1,M_2
205619,L2,L1,L1,L1,L2,L3,L1,L1,L2,C3_3,D3_2,F3_3,,,N3_2,L_2,M_1
205620,L2,L1,L1,L1,L2,L3,L1,L1,L2,C3_3,D3_2,F3_3,,,N3_2,L_2,M_2
205621,L2,L1,L1,L1,L2,L3,L1,L1,L2,C3_3,D3_2,F3_3,,,N3_2,L_3,M_1
205622,L2,L1,L1,L1,L2,L3,L1,L1,L2,C3_3,D3_2,F3_3,,,N3_2,L_3,M_2
205623,L2,L1,L1,L1,L2,L3,L1,L1,L2,C3_3,D3_3,F3_1,,,N3_1,L_1,M_1
205624,L2,L1,L1,L1,L2,L3,L1,L1,L2,C3_3,D3_3,F3_1,,,N3_1,L_1,M_2
205625,L2,L1,L1,L1,L2,L3,L1,L1,L2,C3_3,D3_3,F3_1,,,N3_1,L_2,M_1
205626,L2,L1,L1,L1,L2,L3,L1,L1,L2,C3_3,D3_3,F3_1,,,N3_1,L_2,M_2
205627,L2,L1,L1,L1,L2,L3,L1,L1,L2,C3_3,D3_3,F3_1,,,N3_1,L_3,M_1
205628,L2,L1,L1,L1,L2,L3,L1,L1,L2,C3_3,D3_3,F3_1,,,N3_1,L_3,M_2
205629,L2,L1,L1,L1,L2,L3,L1,L1,L2,C3_3,D3_3,F3_1,,,N3_2,L_1,M_1
205630,L2,L1,L1,L1,L2,L3,L1,L1,L2,C3_3,D3_3,F3_1,,,N3_2,L_1,M_2
205631,L2,L1,L1,L1,L2,L3,L1,L1,L2,C3_3,D3_3,F3_1,,,N3_2,L_2,M_1
205632,L2,L1,L1,L1,L2,L3,L1,L1,L2,C3_3,D3_3,F3_1,,,N3_2,L_2,M_2
205633,L2,L1,L1,L1,L2,L3,L1,L1,L2,C3_3,D3_3,F3_1,,,N3_2,L_3,M_1
205634,L2,L1,L1,L1,L2,L3,L1,L1,L2,C3_3,D3_3,F3_1,,,N3_2,L_3,M_2
205635,L2,L1,L1,L1,L2,L3,L1,L1,L2,C3_3,D3_3,F3_2,,,N3_1,L_1,M_1
205636,L2,L1,L1,L1,L2,L3,L1,L1,L2,C3_3,D3_3,F3_2,,,N3_1,L_1,M_2
205637,L2,L1,L1,L1,L2,L3,L1,L1,L2,C3_3,D3_3,F3_2,,,N3_1,L_2,M_1
205638,L2,L1,L1,L1,L2,L3,L1,L1,L2,C3_3,D3_3,F3_2,,,N3_1,L_2,M_2
205639,L2,L1,L1,L1,L2,L3,L1,L1,L2,C3_3,D3_3,F3_2,,,N3_1,L_3,M_1
205640,L2,L1,L1,L1,L2,L3,L1,L1,L2,C3_3,D3_3,F3_2,,,N3_1,L_3,M_2
205641,L2,L1,L1,L1,L2,L3,L1,L1,L2,C3_3,D3_3,F3_2,,,N3_2,L_1,M_1
205642,L2,L1,L1,L1,L2,L3,L1,L1,L2,C3_3,D3_3,F3_2,,,N3_2,L_1,M_2
205643,L2,L1,L1,L1,L2,L3,L1,L1,L2,C3_3,D3_3,F3_2,,,N3_2,L_2,M_1
205644,L2,L1,L1,L1,L2,L3,L1,L1,L2,C3_3,D3_3,F3_2,,,N3_2,L_2,M_2
205645,L2,L1,L1,L1,L2,L3,L1,L1,L2,C3_3,D3_3,F3_2,,,N3_2,L_3,M_1
205646,L2,L1,L1,L1,L2,L3,L1,L1,L2,C3_3,D3_3,F3_2,,,N3_2,L_3,M_2
205647,L2,L1,L1,L1,L2,L3,L1,L1,L2,C3_3,D3_3,F3_3,,,N3_1,L_1,M_1
205648,L2,L1,L1,L1,L2,L3,L1,L1,L2,C3_3,D3_3,F3_3,,,N3_1,L_1,M_2
205649,L2,L1,L1,L1,L2,L3,L1,L1,L2,C3_3,D3_3,F3_3,,,N3_1,L_2,M_1
205650,L2,L1,L1,L1,L2,L3,L1,L1,L2,C3_3,D3_3,F3_3,,,N3_1,L_2,M_2
205651,L2,L1,L1,L1,L2,L3,L1,L1,L2,C3_3,D3_3,F3_3,,,N3_1,L_3,M_1
205652,L2,L1,L1,L1,L2,L3,L1,L1,L2,C3_3,D3_3,F3_3,,,N3_1,L_3,M_2
205653,L2,L1,L1,L1,L2,L3,L1,L1,L2,C3_3,D3_3,F3_3,,,N3_2,L_1,M_1
205654,L2,L1,L1,L1,L2,L3,L1,L1,L2,C3_3,D3_3,F3_3,,,N3_2,L_1,M_2
205655,L2,L1,L1,L1,L2,L3,L1,L1,L2,C3_3,D3_3,F3_3,,,N3_2,L_2,M_1
205656,L2,L1,L1,L1,L2,L3,L1,L1,L2,C3_3,D3_3,F3_3,,,N3_2,L_2,M_2
205657,L2,L1,L1,L1,L2,L3,L1,L1,L2,C3_3,D3_3,F3_3,,,N3_2,L_3,M_1
205658,L2,L1,L1,L1,L2,L3,L1,L1,L2,C3_3,D3_3,F3_3,,,N3_2,L_3,M_2
206739,L2,L3,L2,L2,L1,L3,L1,L1,L2,C3_1,D3_1,F3_1,,,N3_1,L_1,M_1
206740,L2,L3,L2,L2,L1,L3,L1,L1,L2,C3_1,D3_1,F3_1,,,N3_1,L_1,M_2
206741,L2,L3,L2,L2,L1,L3,L1,L1,L2,C3_1,D3_1,F3_1,,,N3_1,L_2,M_1
206742,L2,L3,L2,L2,L1,L3,L1,L1,L2,C3_1,D3_1,F3_1,,,N3_1,L_2,M_2
206743,L2,L3,L2,L2,L1,L3,L1,L1,L2,C3_1,D3_1,F3_1,,,N3_1,L_3,M_1
206744,L2,L3,L2,L2,L1,L3,L1,L1,L2,C3_1,D3_1,F3_1,,,N3_1,L_3,M_2
206745,L2,L3,L2,L2,L1,L3,L1,L1,L2,C3_1,D3_1,F3_1,,,N3_2,L_1,M_1
206746,L2,L3,L2,L2,L1,L3,L1,L1,L2,C3_1,D3_1,F3_1,,,N3_2,L_1,M_2
206747,L2,L3,L2,L2,L1,L3,L1,L1,L2,C3_1,D3_1,F3_1,,,N3_2,L_2,M_1
206748,L2,L3,L2,L2,L1,L3,L1,L1,L2,C3_1,D3_1,F3_1,,,N3_2,L_2,M_2
206749,L2,L3,L2,L2,L1,L3,L1,L1,L2,C3_1,D3_1,F3_1,,,N3_2,L_3,M_1
206750,L2,L3,L2,L2,L1,L3,L1,L1,L2,C3_1,D3_1,F3_1,,,N3_2,L_3,M_2
206751,L2,L3,L2,L2,L1,L3,L1,L1,L2,C3_1,D3_1,F3_2,,,N3_1,L_1,M_1
206752,L2,L3,L2,L2,L1,L3,L1,L1,L2,C3_1,D3_1,F3_2,,,N3_1,L_1,M_2
206753,L2,L3,L2,L2,L1,L3,L1,L1,L2,C3_1,D3_1,F3_2,,,N3_1,L_2,M_1
206754,L2,L3,L2,L2,L1,L3,L1,L1,L2,C3_1,D3_1,F3_2,,,N3_1,L_2,M_2
206755,L2,L3,L2,L2,L1,L3,L1,L1,L2,C3_1,D3_1,F3_2,,,N3_1,L_3,M_1
206756,L2,L3,L2,L2,L1,L3,L1,L1,L2,C3_1,D3_1,F3_2,,,N3_1,L_3,M_2
206757,L2,L3,L2,L2,L1,L3,L1,L1,L2,C3_1,D3_1,F3_2,,,N3_2,L_1,M_1
206758,L2,L3,L2,L2,L1,L3,L1,L1,L2,C3_1,D3_1,F3_2,,,N3_2,L_1,M_2
206759,L2,L3,L2,L2,L1,L3,L1,L1,L2,C3_1,D3_1,F3_2,,,N3_2,L_2,M_1
206760,L2,L3,L2,L2,L1,L3,L1,L1,L2,C3_1,D3_1,F3_2,,,N3_2,L_2,M_2
206761,L2,L3,L2,L2,L1,L3,L1,L1,L2,C3_1,D3_1,F3_2,,,N3_2,L_3,M_1
206762,L2,L3,L2,L2,L1,L3,L1,L1,L2,C3_1,D3_1,F3_2,,,N3_2,L_3,M_2
206763,L2,L3,L2,L2,L1,L3,L1,L1,L2,C3_1,D3_1,F3_3,,,N3_1,L_1,M_1
206764,L2,L3,L2,L2,L1,L3,L1,L1,L2,C3_1,D3_1,F3_3,,,N3_1,L_1,M_2
206765,L2,L3,L2,L2,L1,L3,L1,L1,L2,C3_1,D3_1,F3_3,,,N3_1,L_2,M_1
206766,L2,L3,L2,L2,L1,L3,L1,L1,L2,C3_1,D3_1,F3_3,,,N3_1,L_2,M_2
206767,L2,L3,L2,L2,L1,L3,L1,L1,L2,C3_1,D3_1,F3_3,,,N3_1,L_3,M_1
206768,L2,L3,L2,L2,L1,L3,L1,L1,L2,C3_1,D3_1,F3_3,,,N3_1,L_3,M_2
206769,L2,L3,L2,L2,L1,L3,L1,L1,L2,C3_1,D3_1,F3_3,,,N3_2,L_1,M_1
206770,L2,L3,L2,L2,L1,L3,L1,L1,L2,C3_1,D3_1,F3_3,,,N3_2,L_1,M_2
206771,L2,L3,L2,L2,L1,L3,L1,L1,L2,C3_1,D3_1,F3_3,,,N3_2,L_2,M_1
206772,L2,L3,L2,L2,L1,L3,L1,L1,L2,C3_1,D3_1,F3_3,,,N3_2,L_2,M_2
206773,L2,L3,L2,L2,L1,L3,L1,L1,L2,C3_1,D3_1,F3_3,,,N3_2,L_3,M_1
206774,L2,L3,L2,L2,L1,L3,L1,L1,L2,C3_1,D3_1,F3_3,,,N3_2,L_3,M_2
206775,L2,L3,L2,L2,L1,L3,L1,L1,L2,C3_1,D3_2,F3_1,,,N3_1,L_1,M_1
206776,L2,L3,L2,L2,L1,L3,L1,L1,L2,C3_1,D3_2,F3_1,,,N3_1,L_1,M_2
206777,L2,L3,L2,L2,L1,L3,L1,L1,L2,C3_1,D3_2,F3_1,,,N3_1,L_2,M_1
206778,L2,L3,L2,L2,L1,L3,L1,L1,L2,C3_1,D3_2,F3_1,,,N3_1,L_2,M_2
206779,L2,L3,L2,L2,L1,L3,L1,L1,L2,C3_1,D3_2,F3_1,,,N3_1,L_3,M_1
206780,L2,L3,L2,L2,L1,L3,L1,L1,L2,C3_1,D3_2,F3_1,,,N3_1,L_3,M_2
206781,L2,L3,L2,L2,L1,L3,L1,L1,L2,C3_1,D3_2,F3_1,,,N3_2,L_1,M_1
206782,L2,L3,L2,L2,L1,L3,L1,L1,L2,C3_1,D3_2,F3_1,,,N3_2,L_1,M_2
206783,L2,L3,L2,L2,L1,L3,L1,L1,L2,C3_1,D3_2,F3_1,,,N3_2,L_2,M_1
206784,L2,L3,L2,L2,L1,L3,L1,L1,L2,C3_1,D3_2,F3_1,,,N3_2,L_2,M_2
206785,L2,L3,L2,L2,L1,L3,L1,L1,L2,C3_1,D3_2,F3_1,,,N3_2,L_3,M_1
206786,L2,L3,L2,L2,L1,L3,L1,L1,L2,C3_1,D3_2,F3_1,,,N3_2,L_3,M_2
206787,L2,L3,L2,L2,L1,L3,L1,L1,L2,C3_1,D3_2,F3_2,,,N3_1,L_1,M_1
206788,L2,L3,L2,L2,L1,L3,L1,L1,L2,C3_1,D3_2,F3_2,,,N3_1,L_1,M_2
206789,L2,L3,L2,L2,L1,L3,L1,L1,L2,C3_1,D3_2,F3_2,,,N3_1,L_2,M_1
206790,L2,L3,L2,L2,L1,L3,L1,L1,L2,C3_1,D3_2,F3_2,,,N3_1,L_2,M_2
206791,L2,L3,L2,L2,L1,L3,L1,L1,L2,C3_1,D3_2,F3_2,,,N3_1,L_3,M_1
206792,L2,L3,L2,L2,L1,L3,L1,L1,L2,C3_1,D3_2,F3_2,,,N3_1,L_3,M_2
206793,L2,L3,L2,L2,L1,L3,L1,L1,L2,C3_1,D3_2,F3_2,,,N3_2,L_1,M_1
206794,L2,L3,L2,L2,L1,L3,L1,L1,L2,C3_1,D3_2,F3_2,,,N3_2,L_1,M_2
206795,L2,L3,L2,L2,L1,L3,L1,L1,L2,C3_1,D3_2,F3_2,,,N3_2,L_2,M_1
206796,L2,L3,L2,L2,L1,L3,L1,L1,L2,C3_1,D3_2,F3_2,,,N3_2,L_2,M_2
206797,L2,L3,L2,L2,L1,L3,L1,L1,L2,C3_1,D3_2,F3_2,,,N3_2,L_3,M_1
206798,L2,L3,L2,L2,L1,L3,L1,L1,L2,C3_1,D3_2,F3_2,,,N3_2,L_3,M_2
206799,L2,L3,L2,L2,L1,L3,L1,L1,L2,C3_1,D3_2,F3_3,,,N3_1,L_1,M_1
206800,L2,L3,L2,L2,L1,L3,L1,L1,L2,C3_1,D3_2,F3_3,,,N3_1,L_1,M_2
206801,L2,L3,L2,L2,L1,L3,L1,L1,L2,C3_1,D3_2,F3_3,,,N3_1,L_2,M_1
206802,L2,L3,L2,L2,L1,L3,L1,L1,L2,C3_1,D3_2,F3_3,,,N3_1,L_2,M_2
206803,L2,L3,L2,L2,L1,L3,L1,L1,L2,C3_1,D3_2,F3_3,,,N3_1,L_3,M_1
206804,L2,L3,L2,L2,L1,L3,L1,L1,L2,C3_1,D3_2,F3_3,,,N3_1,L_3,M_2
206805,L2,L3,L2,L2,L1,L3,L1,L1,L2,C3_1,D3_2,F3_3,,,N3_2,L_1,M_1
206806,L2,L3,L2,L2,L1,L3,L1,L1,L2,C3_1,D3_2,F3_3,,,N3_2,L_1,M_2
206807,L2,L3,L2,L2,L1,L3,L1,L1,L2,C3_1,D3_2,F3_3,,,N3_2,L_2,M_1
206808,L2,L3,L2,L2,L1,L3,L1,L1,L2,C3_1,D3_2,F3_3,,,N3_2,L_2,M_2
206809,L2,L3,L2,L2,L1,L3,L1,L1,L2,C3_1,D3_2,F3_3,,,N3_2,L_3,M_1
206810,L2,L3,L2,L2,L1,L3,L1,L1,L2,C3_1,D3_2,F3_3,,,N3_2,L_3,M_2
206811,L2,L3,L2,L2,L1,L3,L1,L1,L2,C3_1,D3_3,F3_1,,,N3_1,L_1,M_1
206812,L2,L3,L2,L2,L1,L3,L1,L1,L2,C3_1,D3_3,F3_1,,,N3_1,L_1,M_2
206813,L2,L3,L2,L2,L1,L3,L1,L1,L2,C3_1,D3_3,F3_1,,,N3_1,L_2,M_1
206814,L2,L3,L2,L2,L1,L3,L1,L1,L2,C3_1,D3_3,F3_1,,,N3_1,L_2,M_2
206815,L2,L3,L2,L2,L1,L3,L1,L1,L2,C3_1,D3_3,F3_1,,,N3_1,L_3,M_1
206816,L2,L3,L2,L2,L1,L3,L1,L1,L2,C3_1,D3_3,F3_1,,,N3_1,L_3,M_2
206817,L2,L3,L2,L2,L1,L3,L1,L1,L2,C3_1,D3_3,F3_1,,,N3_2,L_1,M_1
206818,L2,L3,L2,L2,L1,L3,L1,L1,L2,C3_1,D3_3,F3_1,,,N3_2,L_1,M_2
206819,L2,L3,L2,L2,L1,L3,L1,L1,L2,C3_1,D3_3,F3_1,,,N3_2,L_2,M_1
206820,L2,L3,L2,L2,L1,L3,L1,L1,L2,C3_1,D3_3,F3_1,,,N3_2,L_2,M_2
206821,L2,L3,L2,L2,L1,L3,L1,L1,L2,C3_1,D3_3,F3_1,,,N3_2,L_3,M_1
206822,L2,L3,L2,L2,L1,L3,L1,L1,L2,C3_1,D3_3,F3_1,,,N3_2,L_3,M_2
206823,L2,L3,L2,L2,L1,L3,L1,L1,L2,C3_1,D3_3,F3_2,,,N3_1,L_1,M_1
206824,L2,L3,L2,L2,L1,L3,L1,L1,L2,C3_1,D3_3,F3_2,,,N3_1,L_1,M_2
206825,L2,L3,L2,L2,L1,L3,L1,L1,L2,C3_1,D3_3,F3_2,,,N3_1,L_2,M_1
206826,L2,L3,L2,L2,L1,L3,L1,L1,L2,C3_1,D3_3,F3_2,,,N3_1,L_2,M_2
206827,L2,L3,L2,L2,L1,L3,L1,L1,L2,C3_1,D3_3,F3_2,,,N3_1,L_3,M_1
206828,L2,L3,L2,L2,L1,L3,L1,L1,L2,C3_1,D3_3,F3_2,,,N3_1,L_3,M_2
206829,L2,L3,L2,L2,L1,L3,L1,L1,L2,C3_1,D3_3,F3_2,,,N3_2,L_1,M_1
206830,L2,L3,L2,L2,L1,L3,L1,L1,L2,C3_1,D3_3,F3_2,,,N3_2,L_1,M_2
206831,L2,L3,L2,L2,L1,L3,L1,L1,L2,C3_1,D3_3,F3_2,,,N3_2,L_2,M_1
206832,L2,L3,L2,L2,L1,L3,L1,L1,L2,C3_1,D3_3,F3_2,,,N3_2,L_2,M_2
206833,L2,L3,L2,L2,L1,L3,L1,L1,L2,C3_1,D3_3,F3_2,,,N3_2,L_3,M_1
206834,L2,L3,L2,L2,L1,L3,L1,L1,L2,C3_1,D3_3,F3_2,,,N3_2,L_3,M_2
206835,L2,L3,L2,L2,L1,L3,L1,L1,L2,C3_1,D3_3,F3_3,,,N3_1,L_1,M_1
206836,L2,L3,L2,L2,L1,L3,L1,L1,L2,C3_1,D3_3,F3_3,,,N3_1,L_1,M_2
206837,L2,L3,L2,L2,L1,L3,L1,L1,L2,C3_1,D3_3,F3_3,,,N3_1,L_2,M_1
206838,L2,L3,L2,L2,L1,L3,L1,L1,L2,C3_1,D3_3,F3_3,,,N3_1,L_2,M_2
206839,L2,L3,L2,L2,L1,L3,L1,L1,L2,C3_1,D3_3,F3_3,,,N3_1,L_3,M_1
206840,L2,L3,L2,L2,L1,L3,L1,L1,L2,C3_1,D3_3,F3_3,,,N3_1,L_3,M_2
206841,L2,L3,L2,L2,L1,L3,L1,L1,L2,C3_1,D3_3,F3_3,,,N3_2,L_1,M_1
206842,L2,L3,L2,L2,L1,L3,L1,L1,L2,C3_1,D3_3,F3_3,,,N3_2,L_1,M_2
206843,L2,L3,L2,L2,L1,L3,L1,L1,L2,C3_1,D3_3,F3_3,,,N3_2,L_2,M_1
206844,L2,L3,L2,L2,L1,L3,L1,L1,L2,C3_1,D3_3,F3_3,,,N3_2,L_2,M_2
206845,L2,L3,L2,L2,L1,L3,L1,L1,L2,C3_1,D3_3,F3_3,,,N3_2,L_3,M_1
206846,L2,L3,L2,L2,L1,L3,L1,L1,L2,C3_1,D3_3,F3_3,,,N3_2,L_3,M_2
206847,L2,L3,L2,L2,L1,L3,L1,L1,L2,C3_2,D3_1,F3_1,,,N3_1,L_1,M_1
206848,L2,L3,L2,L2,L1,L3,L1,L1,L2,C3_2,D3_1,F3_1,,,N3_1,L_1,M_2
206849,L2,L3,L2,L2,L1,L3,L1,L1,L2,C3_2,D3_1,F3_1,,,N3_1,L_2,M_1
206850,L2,L3,L2,L2,L1,L3,L1,L1,L2,C3_2,D3_1,F3_1,,,N3_1,L_2,M_2
206851,L2,L3,L2,L2,L1,L3,L1,L1,L2,C3_2,D3_1,F3_1,,,N3_1,L_3,M_1
206852,L2,L3,L2,L2,L1,L3,L1,L1,L2,C3_2,D3_1,F3_1,,,N3_1,L_3,M_2
206853,L2,L3,L2,L2,L1,L3,L1,L1,L2,C3_2,D3_1,F3_1,,,N3_2,L_1,M_1
206854,L2,L3,L2,L2,L1,L3,L1,L1,L2,C3_2,D3_1,F3_1,,,N3_2,L_1,M_2
206855,L2,L3,L2,L2,L1,L3,L1,L1,L2,C3_2,D3_1,F3_1,,,N3_2,L_2,M_1
206856,L2,L3,L2,L2,L1,L3,L1,L1,L2,C3_2,D3_1,F3_1,,,N3_2,L_2,M_2
206857,L2,L3,L2,L2,L1,L3,L1,L1,L2,C3_2,D3_1,F3_1,,,N3_2,L_3,M_1
206858,L2,L3,L2,L2,L1,L3,L1,L1,L2,C3_2,D3_1,F3_1,,,N3_2,L_3,M_2
206859,L2,L3,L2,L2,L1,L3,L1,L1,L2,C3_2,D3_1,F3_2,,,N3_1,L_1,M_1
206860,L2,L3,L2,L2,L1,L3,L1,L1,L2,C3_2,D3_1,F3_2,,,N3_1,L_1,M_2
206861,L2,L3,L2,L2,L1,L3,L1,L1,L2,C3_2,D3_1,F3_2,,,N3_1,L_2,M_1
206862,L2,L3,L2,L2,L1,L3,L1,L1,L2,C3_2,D3_1,F3_2,,,N3_1,L_2,M_2
206863,L2,L3,L2,L2,L1,L3,L1,L1,L2,C3_2,D3_1,F3_2,,,N3_1,L_3,M_1
206864,L2,L3,L2,L2,L1,L3,L1,L1,L2,C3_2,D3_1,F3_2,,,N3_1,L_3,M_2
206865,L2,L3,L2,L2,L1,L3,L1,L1,L2,C3_2,D3_1,F3_2,,,N3_2,L_1,M_1
206866,L2,L3,L2,L2,L1,L3,L1,L1,L2,C3_2,D3_1,F3_2,,,N3_2,L_1,M_2
206867,L2,L3,L2,L2,L1,L3,L1,L1,L2,C3_2,D3_1,F3_2,,,N3_2,L_2,M_1
206868,L2,L3,L2,L2,L1,L3,L1,L1,L2,C3_2,D3_1,F3_2,,,N3_2,L_2,M_2
206869,L2,L3,L2,L2,L1,L3,L1,L1,L2,C3_2,D3_1,F3_2,,,N3_2,L_3,M_1
206870,L2,L3,L2,L2,L1,L3,L1,L1,L2,C3_2,D3_1,F3_2,,,N3_2,L_3,M_2
206871,L2,L3,L2,L2,L1,L3,L1,L1,L2,C3_2,D3_1,F3_3,,,N3_1,L_1,M_1
206872,L2,L3,L2,L2,L1,L3,L1,L1,L2,C3_2,D3_1,F3_3,,,N3_1,L_1,M_2
206873,L2,L3,L2,L2,L1,L3,L1,L1,L2,C3_2,D3_1,F3_3,,,N3_1,L_2,M_1
206874,L2,L3,L2,L2,L1,L3,L1,L1,L2,C3_2,D3_1,F3_3,,,N3_1,L_2,M_2
206875,L2,L3,L2,L2,L1,L3,L1,L1,L2,C3_2,D3_1,F3_3,,,N3_1,L_3,M_1
206876,L2,L3,L2,L2,L1,L3,L1,L1,L2,C3_2,D3_1,F3_3,,,N3_1,L_3,M_2
206877,L2,L3,L2,L2,L1,L3,L1,L1,L2,C3_2,D3_1,F3_3,,,N3_2,L_1,M_1
206878,L2,L3,L2,L2,L1,L3,L1,L1,L2,C3_2,D3_1,F3_3,,,N3_2,L_1,M_2
206879,L2,L3,L2,L2,L1,L3,L1,L1,L2,C3_2,D3_1,F3_3,,,N3_2,L_2,M_1
206880,L2,L3,L2,L2,L1,L3,L1,L1,L2,C3_2,D3_1,F3_3,,,N3_2,L_2,M_2
206881,L2,L3,L2,L2,L1,L3,L1,L1,L2,C3_2,D3_1,F3_3,,,N3_2,L_3,M_1
206882,L2,L3,L2,L2,L1,L3,L1,L1,L2,C3_2,D3_1,F3_3,,,N3_2,L_3,M_2
206883,L2,L3,L2,L2,L1,L3,L1,L1,L2,C3_2,D3_2,F3_1,,,N3_1,L_1,M_1
206884,L2,L3,L2,L2,L1,L3,L1,L1,L2,C3_2,D3_2,F3_1,,,N3_1,L_1,M_2
206885,L2,L3,L2,L2,L1,L3,L1,L1,L2,C3_2,D3_2,F3_1,,,N3_1,L_2,M_1
206886,L2,L3,L2,L2,L1,L3,L1,L1,L2,C3_2,D3_2,F3_1,,,N3_1,L_2,M_2
206887,L2,L3,L2,L2,L1,L3,L1,L1,L2,C3_2,D3_2,F3_1,,,N3_1,L_3,M_1
206888,L2,L3,L2,L2,L1,L3,L1,L1,L2,C3_2,D3_2,F3_1,,,N3_1,L_3,M_2
206889,L2,L3,L2,L2,L1,L3,L1,L1,L2,C3_2,D3_2,F3_1,,,N3_2,L_1,M_1
206890,L2,L3,L2,L2,L1,L3,L1,L1,L2,C3_2,D3_2,F3_1,,,N3_2,L_1,M_2
206891,L2,L3,L2,L2,L1,L3,L1,L1,L2,C3_2,D3_2,F3_1,,,N3_2,L_2,M_1
206892,L2,L3,L2,L2,L1,L3,L1,L1,L2,C3_2,D3_2,F3_1,,,N3_2,L_2,M_2
206893,L2,L3,L2,L2,L1,L3,L1,L1,L2,C3_2,D3_2,F3_1,,,N3_2,L_3,M_1
206894,L2,L3,L2,L2,L1,L3,L1,L1,L2,C3_2,D3_2,F3_1,,,N3_2,L_3,M_2
206895,L2,L3,L2,L2,L1,L3,L1,L1,L2,C3_2,D3_2,F3_2,,,N3_1,L_1,M_1
206896,L2,L3,L2,L2,L1,L3,L1,L1,L2,C3_2,D3_2,F3_2,,,N3_1,L_1,M_2
206897,L2,L3,L2,L2,L1,L3,L1,L1,L2,C3_2,D3_2,F3_2,,,N3_1,L_2,M_1
206898,L2,L3,L2,L2,L1,L3,L1,L1,L2,C3_2,D3_2,F3_2,,,N3_1,L_2,M_2
206899,L2,L3,L2,L2,L1,L3,L1,L1,L2,C3_2,D3_2,F3_2,,,N3_1,L_3,M_1
206900,L2,L3,L2,L2,L1,L3,L1,L1,L2,C3_2,D3_2,F3_2,,,N3_1,L_3,M_2
206901,L2,L3,L2,L2,L1,L3,L1,L1,L2,C3_2,D3_2,F3_2,,,N3_2,L_1,M_1
206902,L2,L3,L2,L2,L1,L3,L1,L1,L2,C3_2,D3_2,F3_2,,,N3_2,L_1,M_2
206903,L2,L3,L2,L2,L1,L3,L1,L1,L2,C3_2,D3_2,F3_2,,,N3_2,L_2,M_1
206904,L2,L3,L2,L2,L1,L3,L1,L1,L2,C3_2,D3_2,F3_2,,,N3_2,L_2,M_2
206905,L2,L3,L2,L2,L1,L3,L1,L1,L2,C3_2,D3_2,F3_2,,,N3_2,L_3,M_1
206906,L2,L3,L2,L2,L1,L3,L1,L1,L2,C3_2,D3_2,F3_2,,,N3_2,L_3,M_2
206907,L2,L3,L2,L2,L1,L3,L1,L1,L2,C3_2,D3_2,F3_3,,,N3_1,L_1,M_1
206908,L2,L3,L2,L2,L1,L3,L1,L1,L2,C3_2,D3_2,F3_3,,,N3_1,L_1,M_2
206909,L2,L3,L2,L2,L1,L3,L1,L1,L2,C3_2,D3_2,F3_3,,,N3_1,L_2,M_1
206910,L2,L3,L2,L2,L1,L3,L1,L1,L2,C3_2,D3_2,F3_3,,,N3_1,L_2,M_2
206911,L2,L3,L2,L2,L1,L3,L1,L1,L2,C3_2,D3_2,F3_3,,,N3_1,L_3,M_1
206912,L2,L3,L2,L2,L1,L3,L1,L1,L2,C3_2,D3_2,F3_3,,,N3_1,L_3,M_2
206913,L2,L3,L2,L2,L1,L3,L1,L1,L2,C3_2,D3_2,F3_3,,,N3_2,L_1,M_1
206914,L2,L3,L2,L2,L1,L3,L1,L1,L2,C3_2,D3_2,F3_3,,,N3_2,L_1,M_2
206915,L2,L3,L2,L2,L1,L3,L1,L1,L2,C3_2,D3_2,F3_3,,,N3_2,L_2,M_1
206916,L2,L3,L2,L2,L1,L3,L1,L1,L2,C3_2,D3_2,F3_3,,,N3_2,L_2,M_2
206917,L2,L3,L2,L2,L1,L3,L1,L1,L2,C3_2,D3_2,F3_3,,,N3_2,L_3,M_1
206918,L2,L3,L2,L2,L1,L3,L1,L1,L2,C3_2,D3_2,F3_3,,,N3_2,L_3,M_2
206919,L2,L3,L2,L2,L1,L3,L1,L1,L2,C3_2,D3_3,F3_1,,,N3_1,L_1,M_1
206920,L2,L3,L2,L2,L1,L3,L1,L1,L2,C3_2,D3_3,F3_1,,,N3_1,L_1,M_2
206921,L2,L3,L2,L2,L1,L3,L1,L1,L2,C3_2,D3_3,F3_1,,,N3_1,L_2,M_1
206922,L2,L3,L2,L2,L1,L3,L1,L1,L2,C3_2,D3_3,F3_1,,,N3_1,L_2,M_2
206923,L2,L3,L2,L2,L1,L3,L1,L1,L2,C3_2,D3_3,F3_1,,,N3_1,L_3,M_1
206924,L2,L3,L2,L2,L1,L3,L1,L1,L2,C3_2,D3_3,F3_1,,,N3_1,L_3,M_2
206925,L2,L3,L2,L2,L1,L3,L1,L1,L2,C3_2,D3_3,F3_1,,,N3_2,L_1,M_1
206926,L2,L3,L2,L2,L1,L3,L1,L1,L2,C3_2,D3_3,F3_1,,,N3_2,L_1,M_2
206927,L2,L3,L2,L2,L1,L3,L1,L1,L2,C3_2,D3_3,F3_1,,,N3_2,L_2,M_1
206928,L2,L3,L2,L2,L1,L3,L1,L1,L2,C3_2,D3_3,F3_1,,,N3_2,L_2,M_2
206929,L2,L3,L2,L2,L1,L3,L1,L1,L2,C3_2,D3_3,F3_1,,,N3_2,L_3,M_1
206930,L2,L3,L2,L2,L1,L3,L1,L1,L2,C3_2,D3_3,F3_1,,,N3_2,L_3,M_2
206931,L2,L3,L2,L2,L1,L3,L1,L1,L2,C3_2,D3_3,F3_2,,,N3_1,L_1,M_1
206932,L2,L3,L2,L2,L1,L3,L1,L1,L2,C3_2,D3_3,F3_2,,,N3_1,L_1,M_2
206933,L2,L3,L2,L2,L1,L3,L1,L1,L2,C3_2,D3_3,F3_2,,,N3_1,L_2,M_1
206934,L2,L3,L2,L2,L1,L3,L1,L1,L2,C3_2,D3_3,F3_2,,,N3_1,L_2,M_2
206935,L2,L3,L2,L2,L1,L3,L1,L1,L2,C3_2,D3_3,F3_2,,,N3_1,L_3,M_1
206936,L2,L3,L2,L2,L1,L3,L1,L1,L2,C3_2,D3_3,F3_2,,,N3_1,L_3,M_2
206937,L2,L3,L2,L2,L1,L3,L1,L1,L2,C3_2,D3_3,F3_2,,,N3_2,L_1,M_1
206938,L2,L3,L2,L2,L1,L3,L1,L1,L2,C3_2,D3_3,F3_2,,,N3_2,L_1,M_2
206939,L2,L3,L2,L2,L1,L3,L1,L1,L2,C3_2,D3_3,F3_2,,,N3_2,L_2,M_1
206940,L2,L3,L2,L2,L1,L3,L1,L1,L2,C3_2,D3_3,F3_2,,,N3_2,L_2,M_2
206941,L2,L3,L2,L2,L1,L3,L1,L1,L2,C3_2,D3_3,F3_2,,,N3_2,L_3,M_1
206942,L2,L3,L2,L2,L1,L3,L1,L1,L2,C3_2,D3_3,F3_2,,,N3_2,L_3,M_2
206943,L2,L3,L2,L2,L1,L3,L1,L1,L2,C3_2,D3_3,F3_3,,,N3_1,L_1,M_1
206944,L2,L3,L2,L2,L1,L3,L1,L1,L2,C3_2,D3_3,F3_3,,,N3_1,L_1,M_2
206945,L2,L3,L2,L2,L1,L3,L1,L1,L2,C3_2,D3_3,F3_3,,,N3_1,L_2,M_1
206946,L2,L3,L2,L2,L1,L3,L1,L1,L2,C3_2,D3_3,F3_3,,,N3_1,L_2,M_2
206947,L2,L3,L2,L2,L1,L3,L1,L1,L2,C3_2,D3_3,F3_3,,,N3_1,L_3,M_1
206948,L2,L3,L2,L2,L1,L3,L1,L1,L2,C3_2,D3_3,F3_3,,,N3_1,L_3,M_2
206949,L2,L3,L2,L2,L1,L3,L1,L1,L2,C3_2,D3_3,F3_3,,,N3_2,L_1,M_1
206950,L2,L3,L2,L2,L1,L3,L1,L1,L2,C3_2,D3_3,F3_3,,,N3_2,L_1,M_2
206951,L2,L3,L2,L2,L1,L3,L1,L1,L2,C3_2,D3_3,F3_3,,,N3_2,L_2,M_1
206952,L2,L3,L2,L2,L1,L3,L1,L1,L2,C3_2,D3_3,F3_3,,,N3_2,L_2,M_2
206953,L2,L3,L2,L2,L1,L3,L1,L1,L2,C3_2,D3_3,F3_3,,,N3_2,L_3,M_1
206954,L2,L3,L2,L2,L1,L3,L1,L1,L2,C3_2,D3_3,F3_3,,,N3_2,L_3,M_2
206955,L2,L3,L2,L2,L1,L3,L1,L1,L2,C3_3,D3_1,F3_1,,,N3_1,L_1,M_1
206956,L2,L3,L2,L2,L1,L3,L1,L1,L2,C3_3,D3_1,F3_1,,,N3_1,L_1,M_2
206957,L2,L3,L2,L2,L1,L3,L1,L1,L2,C3_3,D3_1,F3_1,,,N3_1,L_2,M_1
206958,L2,L3,L2,L2,L1,L3,L1,L1,L2,C3_3,D3_1,F3_1,,,N3_1,L_2,M_2
206959,L2,L3,L2,L2,L1,L3,L1,L1,L2,C3_3,D3_1,F3_1,,,N3_1,L_3,M_1
206960,L2,L3,L2,L2,L1,L3,L1,L1,L2,C3_3,D3_1,F3_1,,,N3_1,L_3,M_2
206961,L2,L3,L2,L2,L1,L3,L1,L1,L2,C3_3,D3_1,F3_1,,,N3_2,L_1,M_1
206962,L2,L3,L2,L2,L1,L3,L1,L1,L2,C3_3,D3_1,F3_1,,,N3_2,L_1,M_2
206963,L2,L3,L2,L2,L1,L3,L1,L1,L2,C3_3,D3_1,F3_1,,,N3_2,L_2,M_1
206964,L2,L3,L2,L2,L1,L3,L1,L1,L2,C3_3,D3_1,F3_1,,,N3_2,L_2,M_2
206965,L2,L3,L2,L2,L1,L3,L1,L1,L2,C3_3,D3_1,F3_1,,,N3_2,L_3,M_1
206966,L2,L3,L2,L2,L1,L3,L1,L1,L2,C3_3,D3_1,F3_1,,,N3_2,L_3,M_2
206967,L2,L3,L2,L2,L1,L3,L1,L1,L2,C3_3,D3_1,F3_2,,,N3_1,L_1,M_1
206968,L2,L3,L2,L2,L1,L3,L1,L1,L2,C3_3,D3_1,F3_2,,,N3_1,L_1,M_2
206969,L2,L3,L2,L2,L1,L3,L1,L1,L2,C3_3,D3_1,F3_2,,,N3_1,L_2,M_1
206970,L2,L3,L2,L2,L1,L3,L1,L1,L2,C3_3,D3_1,F3_2,,,N3_1,L_2,M_2
206971,L2,L3,L2,L2,L1,L3,L1,L1,L2,C3_3,D3_1,F3_2,,,N3_1,L_3,M_1
206972,L2,L3,L2,L2,L1,L3,L1,L1,L2,C3_3,D3_1,F3_2,,,N3_1,L_3,M_2
206973,L2,L3,L2,L2,L1,L3,L1,L1,L2,C3_3,D3_1,F3_2,,,N3_2,L_1,M_1
206974,L2,L3,L2,L2,L1,L3,L1,L1,L2,C3_3,D3_1,F3_2,,,N3_2,L_1,M_2
206975,L2,L3,L2,L2,L1,L3,L1,L1,L2,C3_3,D3_1,F3_2,,,N3_2,L_2,M_1
206976,L2,L3,L2,L2,L1,L3,L1,L1,L2,C3_3,D3_1,F3_2,,,N3_2,L_2,M_2
206977,L2,L3,L2,L2,L1,L3,L1,L1,L2,C3_3,D3_1,F3_2,,,N3_2,L_3,M_1
206978,L2,L3,L2,L2,L1,L3,L1,L1,L2,C3_3,D3_1,F3_2,,,N3_2,L_3,M_2
206979,L2,L3,L2,L2,L1,L3,L1,L1,L2,C3_3,D3_1,F3_3,,,N3_1,L_1,M_1
206980,L2,L3,L2,L2,L1,L3,L1,L1,L2,C3_3,D3_1,F3_3,,,N3_1,L_1,M_2
206981,L2,L3,L2,L2,L1,L3,L1,L1,L2,C3_3,D3_1,F3_3,,,N3_1,L_2,M_1
206982,L2,L3,L2,L2,L1,L3,L1,L1,L2,C3_3,D3_1,F3_3,,,N3_1,L_2,M_2
206983,L2,L3,L2,L2,L1,L3,L1,L1,L2,C3_3,D3_1,F3_3,,,N3_1,L_3,M_1
206984,L2,L3,L2,L2,L1,L3,L1,L1,L2,C3_3,D3_1,F3_3,,,N3_1,L_3,M_2
206985,L2,L3,L2,L2,L1,L3,L1,L1,L2,C3_3,D3_1,F3_3,,,N3_2,L_1,M_1
206986,L2,L3,L2,L2,L1,L3,L1,L1,L2,C3_3,D3_1,F3_3,,,N3_2,L_1,M_2
206987,L2,L3,L2,L2,L1,L3,L1,L1,L2,C3_3,D3_1,F3_3,,,N3_2,L_2,M_1
206988,L2,L3,L2,L2,L1,L3,L1,L1,L2,C3_3,D3_1,F3_3,,,N3_2,L_2,M_2
206989,L2,L3,L2,L2,L1,L3,L1,L1,L2,C3_3,D3_1,F3_3,,,N3_2,L_3,M_1
206990,L2,L3,L2,L2,L1,L3,L1,L1,L2,C3_3,D3_1,F3_3,,,N3_2,L_3,M_2
206991,L2,L3,L2,L2,L1,L3,L1,L1,L2,C3_3,D3_2,F3_1,,,N3_1,L_1,M_1
206992,L2,L3,L2,L2,L1,L3,L1,L1,L2,C3_3,D3_2,F3_1,,,N3_1,L_1,M_2
206993,L2,L3,L2,L2,L1,L3,L1,L1,L2,C3_3,D3_2,F3_1,,,N3_1,L_2,M_1
206994,L2,L3,L2,L2,L1,L3,L1,L1,L2,C3_3,D3_2,F3_1,,,N3_1,L_2,M_2
206995,L2,L3,L2,L2,L1,L3,L1,L1,L2,C3_3,D3_2,F3_1,,,N3_1,L_3,M_1
206996,L2,L3,L2,L2,L1,L3,L1,L1,L2,C3_3,D3_2,F3_1,,,N3_1,L_3,M_2
206997,L2,L3,L2,L2,L1,L3,L1,L1,L2,C3_3,D3_2,F3_1,,,N3_2,L_1,M_1
206998,L2,L3,L2,L2,L1,L3,L1,L1,L2,C3_3,D3_2,F3_1,,,N3_2,L_1,M_2
206999,L2,L3,L2,L2,L1,L3,L1,L1,L2,C3_3,D3_2,F3_1,,,N3_2,L_2,M_1
207000,L2,L3,L2,L2,L1,L3,L1,L1,L2,C3_3,D3_2,F3_1,,,N3_2,L_2,M_2
207001,L2,L3,L2,L2,L1,L3,L1,L1,L2,C3_3,D3_2,F3_1,,,N3_2,L_3,M_1
207002,L2,L3,L2,L2,L1,L3,L1,L1,L2,C3_3,D3_2,F3_1,,,N3_2,L_3,M_2
207003,L2,L3,L2,L2,L1,L3,L1,L1,L2,C3_3,D3_2,F3_2,,,N3_1,L_1,M_1
207004,L2,L3,L2,L2,L1,L3,L1,L1,L2,C3_3,D3_2,F3_2,,,N3_1,L_1,M_2
207005,L2,L3,L2,L2,L1,L3,L1,L1,L2,C3_3,D3_2,F3_2,,,N3_1,L_2,M_1
207006,L2,L3,L2,L2,L1,L3,L1,L1,L2,C3_3,D3_2,F3_2,,,N3_1,L_2,M_2
207007,L2,L3,L2,L2,L1,L3,L1,L1,L2,C3_3,D3_2,F3_2,,,N3_1,L_3,M_1
207008,L2,L3,L2,L2,L1,L3,L1,L1,L2,C3_3,D3_2,F3_2,,,N3_1,L_3,M_2
207009,L2,L3,L2,L2,L1,L3,L1,L1,L2,C3_3,D3_2,F3_2,,,N3_2,L_1,M_1
207010,L2,L3,L2,L2,L1,L3,L1,L1,L2,C3_3,D3_2,F3_2,,,N3_2,L_1,M_2
207011,L2,L3,L2,L2,L1,L3,L1,L1,L2,C3_3,D3_2,F3_2,,,N3_2,L_2,M_1
207012,L2,L3,L2,L2,L1,L3,L1,L1,L2,C3_3,D3_2,F3_2,,,N3_2,L_2,M_2
207013,L2,L3,L2,L2,L1,L3,L1,L1,L2,C3_3,D3_2,F3_2,,,N3_2,L_3,M_1
207014,L2,L3,L2,L2,L1,L3,L1,L1,L2,C3_3,D3_2,F3_2,,,N3_2,L_3,M_2
207015,L2,L3,L2,L2,L1,L3,L1,L1,L2,C3_3,D3_2,F3_3,,,N3_1,L_1,M_1
207016,L2,L3,L2,L2,L1,L3,L1,L1,L2,C3_3,D3_2,F3_3,,,N3_1,L_1,M_2
207017,L2,L3,L2,L2,L1,L3,L1,L1,L2,C3_3,D3_2,F3_3,,,N3_1,L_2,M_1
207018,L2,L3,L2,L2,L1,L3,L1,L1,L2,C3_3,D3_2,F3_3,,,N3_1,L_2,M_2
207019,L2,L3,L2,L2,L1,L3,L1,L1,L2,C3_3,D3_2,F3_3,,,N3_1,L_3,M_1
207020,L2,L3,L2,L2,L1,L3,L1,L1,L2,C3_3,D3_2,F3_3,,,N3_1,L_3,M_2
207021,L2,L3,L2,L2,L1,L3,L1,L1,L2,C3_3,D3_2,F3_3,,,N3_2,L_1,M_1
207022,L2,L3,L2,L2,L1,L3,L1,L1,L2,C3_3,D3_2,F3_3,,,N3_2,L_1,M_2
207023,L2,L3,L2,L2,L1,L3,L1,L1,L2,C3_3,D3_2,F3_3,,,N3_2,L_2,M_1
207024,L2,L3,L2,L2,L1,L3,L1,L1,L2,C3_3,D3_2,F3_3,,,N3_2,L_2,M_2
207025,L2,L3,L2,L2,L1,L3,L1,L1,L2,C3_3,D3_2,F3_3,,,N3_2,L_3,M_1
207026,L2,L3,L2,L2,L1,L3,L1,L1,L2,C3_3,D3_2,F3_3,,,N3_2,L_3,M_2
207027,L2,L3,L2,L2,L1,L3,L1,L1,L2,C3_3,D3_3,F3_1,,,N3_1,L_1,M_1
207028,L2,L3,L2,L2,L1,L3,L1,L1,L2,C3_3,D3_3,F3_1,,,N3_1,L_1,M_2
207029,L2,L3,L2,L2,L1,L3,L1,L1,L2,C3_3,D3_3,F3_1,,,N3_1,L_2,M_1
207030,L2,L3,L2,L2,L1,L3,L1,L1,L2,C3_3,D3_3,F3_1,,,N3_1,L_2,M_2
207031,L2,L3,L2,L2,L1,L3,L1,L1,L2,C3_3,D3_3,F3_1,,,N3_1,L_3,M_1
207032,L2,L3,L2,L2,L1,L3,L1,L1,L2,C3_3,D3_3,F3_1,,,N3_1,L_3,M_2
207033,L2,L3,L2,L2,L1,L3,L1,L1,L2,C3_3,D3_3,F3_1,,,N3_2,L_1,M_1
207034,L2,L3,L2,L2,L1,L3,L1,L1,L2,C3_3,D3_3,F3_1,,,N3_2,L_1,M_2
207035,L2,L3,L2,L2,L1,L3,L1,L1,L2,C3_3,D3_3,F3_1,,,N3_2,L_2,M_1
207036,L2,L3,L2,L2,L1,L3,L1,L1,L2,C3_3,D3_3,F3_1,,,N3_2,L_2,M_2
207037,L2,L3,L2,L2,L1,L3,L1,L1,L2,C3_3,D3_3,F3_1,,,N3_2,L_3,M_1
207038,L2,L3,L2,L2,L1,L3,L1,L1,L2,C3_3,D3_3,F3_1,,,N3_2,L_3,M_2
207039,L2,L3,L2,L2,L1,L3,L1,L1,L2,C3_3,D3_3,F3_2,,,N3_1,L_1,M_1
207040,L2,L3,L2,L2,L1,L3,L1,L1,L2,C3_3,D3_3,F3_2,,,N3_1,L_1,M_2
207041,L2,L3,L2,L2,L1,L3,L1,L1,L2,C3_3,D3_3,F3_2,,,N3_1,L_2,M_1
207042,L2,L3,L2,L2,L1,L3,L1,L1,L2,C3_3,D3_3,F3_2,,,N3_1,L_2,M_2
207043,L2,L3,L2,L2,L1,L3,L1,L1,L2,C3_3,D3_3,F3_2,,,N3_1,L_3,M_1
207044,L2,L3,L2,L2,L1,L3,L1,L1,L2,C3_3,D3_3,F3_2,,,N3_1,L_3,M_2
207045,L2,L3,L2,L2,L1,L3,L1,L1,L2,C3_3,D3_3,F3_2,,,N3_2,L_1,M_1
207046,L2,L3,L2,L2,L1,L3,L1,L1,L2,C3_3,D3_3,F3_2,,,N3_2,L_1,M_2
207047,L2,L3,L2,L2,L1,L3,L1,L1,L2,C3_3,D3_3,F3_2,,,N3_2,L_2,M_1
207048,L2,L3,L2,L2,L1,L3,L1,L1,L2,C3_3,D3_3,F3_2,,,N3_2,L_2,M_2
207049,L2,L3,L2,L2,L1,L3,L1,L1,L2,C3_3,D3_3,F3_2,,,N3_2,L_3,M_1
207050,L2,L3,L2,L2,L1,L3,L1,L1,L2,C3_3,D3_3,F3_2,,,N3_2,L_3,M_2
207051,L2,L3,L2,L2,L1,L3,L1,L1,L2,C3_3,D3_3,F3_3,,,N3_1,L_1,M_1
207052,L2,L3,L2,L2,L1,L3,L1,L1,L2,C3_3,D3_3,F3_3,,,N3_1,L_1,M_2
207053,L2,L3,L2,L2,L1,L3,L1,L1,L2,C3_3,D3_3,F3_3,,,N3_1,L_2,M_1
207054,L2,L3,L2,L2,L1,L3,L1,L1,L2,C3_3,D3_3,F3_3,,,N3_1,L_2,M_2
207055,L2,L3,L2,L2,L1,L3,L1,L1,L2,C3_3,D3_3,F3_3,,,N3_1,L_3,M_1
207056,L2,L3,L2,L2,L1,L3,L1,L1,L2,C3_3,D3_3,F3_3,,,N3_1,L_3,M_2
207057,L2,L3,L2,L2,L1,L3,L1,L1,L2,C3_3,D3_3,F3_3,,,N3_2,L_1,M_1
207058,L2,L3,L2,L2,L1,L3,L1,L1,L2,C3_3,D3_3,F3_3,,,N3_2,L_1,M_2
207059,L2,L3,L2,L2,L1,L3,L1,L1,L2,C3_3,D3_3,F3_3,,,N3_2,L_2,M_1
207060,L2,L3,L2,L2,L1,L3,L1,L1,L2,C3_3,D3_3,F3_3,,,N3_2,L_2,M_2
207061,L2,L3,L2,L2,L1,L3,L1,L1,L2,C3_3,D3_3,F3_3,,,N3_2,L_3,M_1
207062,L2,L3,L2,L2,L1,L3,L1,L1,L2,C3_3,D3_3,F3_3,,,N3_2,L_3,M_2
214056,L2,L2,L2,L1,L1,L3,L1,L1,L2,C3_1,D3_1,F3_1,,,N3_1,L_1,M_1
214057,L2,L2,L2,L1,L1,L3,L1,L1,L2,C3_1,D3_1,F3_1,,,N3_1,L_1,M_2
214058,L2,L2,L2,L1,L1,L3,L1,L1,L2,C3_1,D3_1,F3_1,,,N3_1,L_2,M_1
214059,L2,L2,L2,L1,L1,L3,L1,L1,L2,C3_1,D3_1,F3_1,,,N3_1,L_2,M_2
214060,L2,L2,L2,L1,L1,L3,L1,L1,L2,C3_1,D3_1,F3_1,,,N3_1,L_3,M_1
214061,L2,L2,L2,L1,L1,L3,L1,L1,L2,C3_1,D3_1,F3_1,,,N3_1,L_3,M_2
214062,L2,L2,L2,L1,L1,L3,L1,L1,L2,C3_1,D3_1,F3_1,,,N3_2,L_1,M_1
214063,L2,L2,L2,L1,L1,L3,L1,L1,L2,C3_1,D3_1,F3_1,,,N3_2,L_1,M_2
214064,L2,L2,L2,L1,L1,L3,L1,L1,L2,C3_1,D3_1,F3_1,,,N3_2,L_2,M_1
214065,L2,L2,L2,L1,L1,L3,L1,L1,L2,C3_1,D3_1,F3_1,,,N3_2,L_2,M_2
214066,L2,L2,L2,L1,L1,L3,L1,L1,L2,C3_1,D3_1,F3_1,,,N3_2,L_3,M_1
214067,L2,L2,L2,L1,L1,L3,L1,L1,L2,C3_1,D3_1,F3_1,,,N3_2,L_3,M_2
214068,L2,L2,L2,L1,L1,L3,L1,L1,L2,C3_1,D3_1,F3_2,,,N3_1,L_1,M_1
214069,L2,L2,L2,L1,L1,L3,L1,L1,L2,C3_1,D3_1,F3_2,,,N3_1,L_1,M_2
214070,L2,L2,L2,L1,L1,L3,L1,L1,L2,C3_1,D3_1,F3_2,,,N3_1,L_2,M_1
214071,L2,L2,L2,L1,L1,L3,L1,L1,L2,C3_1,D3_1,F3_2,,,N3_1,L_2,M_2
214072,L2,L2,L2,L1,L1,L3,L1,L1,L2,C3_1,D3_1,F3_2,,,N3_1,L_3,M_1
214073,L2,L2,L2,L1,L1,L3,L1,L1,L2,C3_1,D3_1,F3_2,,,N3_1,L_3,M_2
214074,L2,L2,L2,L1,L1,L3,L1,L1,L2,C3_1,D3_1,F3_2,,,N3_2,L_1,M_1
214075,L2,L2,L2,L1,L1,L3,L1,L1,L2,C3_1,D3_1,F3_2,,,N3_2,L_1,M_2
214076,L2,L2,L2,L1,L1,L3,L1,L1,L2,C3_1,D3_1,F3_2,,,N3_2,L_2,M_1
214077,L2,L2,L2,L1,L1,L3,L1,L1,L2,C3_1,D3_1,F3_2,,,N3_2,L_2,M_2
214078,L2,L2,L2,L1,L1,L3,L1,L1,L2,C3_1,D3_1,F3_2,,,N3_2,L_3,M_1
214079,L2,L2,L2,L1,L1,L3,L1,L1,L2,C3_1,D3_1,F3_2,,,N3_2,L_3,M_2
214080,L2,L2,L2,L1,L1,L3,L1,L1,L2,C3_1,D3_1,F3_3,,,N3_1,L_1,M_1
214081,L2,L2,L2,L1,L1,L3,L1,L1,L2,C3_1,D3_1,F3_3,,,N3_1,L_1,M_2
214082,L2,L2,L2,L1,L1,L3,L1,L1,L2,C3_1,D3_1,F3_3,,,N3_1,L_2,M_1
214083,L2,L2,L2,L1,L1,L3,L1,L1,L2,C3_1,D3_1,F3_3,,,N3_1,L_2,M_2
214084,L2,L2,L2,L1,L1,L3,L1,L1,L2,C3_1,D3_1,F3_3,,,N3_1,L_3,M_1
214085,L2,L2,L2,L1,L1,L3,L1,L1,L2,C3_1,D3_1,F3_3,,,N3_1,L_3,M_2
214086,L2,L2,L2,L1,L1,L3,L1,L1,L2,C3_1,D3_1,F3_3,,,N3_2,L_1,M_1
214087,L2,L2,L2,L1,L1,L3,L1,L1,L2,C3_1,D3_1,F3_3,,,N3_2,L_1,M_2
214088,L2,L2,L2,L1,L1,L3,L1,L1,L2,C3_1,D3_1,F3_3,,,N3_2,L_2,M_1
214089,L2,L2,L2,L1,L1,L3,L1,L1,L2,C3_1,D3_1,F3_3,,,N3_2,L_2,M_2
214090,L2,L2,L2,L1,L1,L3,L1,L1,L2,C3_1,D3_1,F3_3,,,N3_2,L_3,M_1
214091,L2,L2,L2,L1,L1,L3,L1,L1,L2,C3_1,D3_1,F3_3,,,N3_2,L_3,M_2
214092,L2,L2,L2,L1,L1,L3,L1,L1,L2,C3_1,D3_2,F3_1,,,N3_1,L_1,M_1
214093,L2,L2,L2,L1,L1,L3,L1,L1,L2,C3_1,D3_2,F3_1,,,N3_1,L_1,M_2
214094,L2,L2,L2,L1,L1,L3,L1,L1,L2,C3_1,D3_2,F3_1,,,N3_1,L_2,M_1
214095,L2,L2,L2,L1,L1,L3,L1,L1,L2,C3_1,D3_2,F3_1,,,N3_1,L_2,M_2
214096,L2,L2,L2,L1,L1,L3,L1,L1,L2,C3_1,D3_2,F3_1,,,N3_1,L_3,M_1
214097,L2,L2,L2,L1,L1,L3,L1,L1,L2,C3_1,D3_2,F3_1,,,N3_1,L_3,M_2
214098,L2,L2,L2,L1,L1,L3,L1,L1,L2,C3_1,D3_2,F3_1,,,N3_2,L_1,M_1
214099,L2,L2,L2,L1,L1,L3,L1,L1,L2,C3_1,D3_2,F3_1,,,N3_2,L_1,M_2
214100,L2,L2,L2,L1,L1,L3,L1,L1,L2,C3_1,D3_2,F3_1,,,N3_2,L_2,M_1
214101,L2,L2,L2,L1,L1,L3,L1,L1,L2,C3_1,D3_2,F3_1,,,N3_2,L_2,M_2
214102,L2,L2,L2,L1,L1,L3,L1,L1,L2,C3_1,D3_2,F3_1,,,N3_2,L_3,M_1
214103,L2,L2,L2,L1,L1,L3,L1,L1,L2,C3_1,D3_2,F3_1,,,N3_2,L_3,M_2
214104,L2,L2,L2,L1,L1,L3,L1,L1,L2,C3_1,D3_2,F3_2,,,N3_1,L_1,M_1
214105,L2,L2,L2,L1,L1,L3,L1,L1,L2,C3_1,D3_2,F3_2,,,N3_1,L_1,M_2
214106,L2,L2,L2,L1,L1,L3,L1,L1,L2,C3_1,D3_2,F3_2,,,N3_1,L_2,M_1
214107,L2,L2,L2,L1,L1,L3,L1,L1,L2,C3_1,D3_2,F3_2,,,N3_1,L_2,M_2
214108,L2,L2,L2,L1,L1,L3,L1,L1,L2,C3_1,D3_2,F3_2,,,N3_1,L_3,M_1
214109,L2,L2,L2,L1,L1,L3,L1,L1,L2,C3_1,D3_2,F3_2,,,N3_1,L_3,M_2
214110,L2,L2,L2,L1,L1,L3,L1,L1,L2,C3_1,D3_2,F3_2,,,N3_2,L_1,M_1
214111,L2,L2,L2,L1,L1,L3,L1,L1,L2,C3_1,D3_2,F3_2,,,N3_2,L_1,M_2
214112,L2,L2,L2,L1,L1,L3,L1,L1,L2,C3_1,D3_2,F3_2,,,N3_2,L_2,M_1
214113,L2,L2,L2,L1,L1,L3,L1,L1,L2,C3_1,D3_2,F3_2,,,N3_2,L_2,M_2
214114,L2,L2,L2,L1,L1,L3,L1,L1,L2,C3_1,D3_2,F3_2,,,N3_2,L_3,M_1
214115,L2,L2,L2,L1,L1,L3,L1,L1,L2,C3_1,D3_2,F3_2,,,N3_2,L_3,M_2
214116,L2,L2,L2,L1,L1,L3,L1,L1,L2,C3_1,D3_2,F3_3,,,N3_1,L_1,M_1
214117,L2,L2,L2,L1,L1,L3,L1,L1,L2,C3_1,D3_2,F3_3,,,N3_1,L_1,M_2
214118,L2,L2,L2,L1,L1,L3,L1,L1,L2,C3_1,D3_2,F3_3,,,N3_1,L_2,M_1
214119,L2,L2,L2,L1,L1,L3,L1,L1,L2,C3_1,D3_2,F3_3,,,N3_1,L_2,M_2
214120,L2,L2,L2,L1,L1,L3,L1,L1,L2,C3_1,D3_2,F3_3,,,N3_1,L_3,M_1
214121,L2,L2,L2,L1,L1,L3,L1,L1,L2,C3_1,D3_2,F3_3,,,N3_1,L_3,M_2
214122,L2,L2,L2,L1,L1,L3,L1,L1,L2,C3_1,D3_2,F3_3,,,N3_2,L_1,M_1
214123,L2,L2,L2,L1,L1,L3,L1,L1,L2,C3_1,D3_2,F3_3,,,N3_2,L_1,M_2
214124,L2,L2,L2,L1,L1,L3,L1,L1,L2,C3_1,D3_2,F3_3,,,N3_2,L_2,M_1
214125,L2,L2,L2,L1,L1,L3,L1,L1,L2,C3_1,D3_2,F3_3,,,N3_2,L_2,M_2
214126,L2,L2,L2,L1,L1,L3,L1,L1,L2,C3_1,D3_2,F3_3,,,N3_2,L_3,M_1
214127,L2,L2,L2,L1,L1,L3,L1,L1,L2,C3_1,D3_2,F3_3,,,N3_2,L_3,M_2
214128,L2,L2,L2,L1,L1,L3,L1,L1,L2,C3_1,D3_3,F3_1,,,N3_1,L_1,M_1
214129,L2,L2,L2,L1,L1,L3,L1,L1,L2,C3_1,D3_3,F3_1,,,N3_1,L_1,M_2
214130,L2,L2,L2,L1,L1,L3,L1,L1,L2,C3_1,D3_3,F3_1,,,N3_1,L_2,M_1
214131,L2,L2,L2,L1,L1,L3,L1,L1,L2,C3_1,D3_3,F3_1,,,N3_1,L_2,M_2
214132,L2,L2,L2,L1,L1,L3,L1,L1,L2,C3_1,D3_3,F3_1,,,N3_1,L_3,M_1
214133,L2,L2,L2,L1,L1,L3,L1,L1,L2,C3_1,D3_3,F3_1,,,N3_1,L_3,M_2
214134,L2,L2,L2,L1,L1,L3,L1,L1,L2,C3_1,D3_3,F3_1,,,N3_2,L_1,M_1
214135,L2,L2,L2,L1,L1,L3,L1,L1,L2,C3_1,D3_3,F3_1,,,N3_2,L_1,M_2
214136,L2,L2,L2,L1,L1,L3,L1,L1,L2,C3_1,D3_3,F3_1,,,N3_2,L_2,M_1
214137,L2,L2,L2,L1,L1,L3,L1,L1,L2,C3_1,D3_3,F3_1,,,N3_2,L_2,M_2
214138,L2,L2,L2,L1,L1,L3,L1,L1,L2,C3_1,D3_3,F3_1,,,N3_2,L_3,M_1
214139,L2,L2,L2,L1,L1,L3,L1,L1,L2,C3_1,D3_3,F3_1,,,N3_2,L_3,M_2
214140,L2,L2,L2,L1,L1,L3,L1,L1,L2,C3_1,D3_3,F3_2,,,N3_1,L_1,M_1
214141,L2,L2,L2,L1,L1,L3,L1,L1,L2,C3_1,D3_3,F3_2,,,N3_1,L_1,M_2
214142,L2,L2,L2,L1,L1,L3,L1,L1,L2,C3_1,D3_3,F3_2,,,N3_1,L_2,M_1
214143,L2,L2,L2,L1,L1,L3,L1,L1,L2,C3_1,D3_3,F3_2,,,N3_1,L_2,M_2
214144,L2,L2,L2,L1,L1,L3,L1,L1,L2,C3_1,D3_3,F3_2,,,N3_1,L_3,M_1
214145,L2,L2,L2,L1,L1,L3,L1,L1,L2,C3_1,D3_3,F3_2,,,N3_1,L_3,M_2
214146,L2,L2,L2,L1,L1,L3,L1,L1,L2,C3_1,D3_3,F3_2,,,N3_2,L_1,M_1
214147,L2,L2,L2,L1,L1,L3,L1,L1,L2,C3_1,D3_3,F3_2,,,N3_2,L_1,M_2
214148,L2,L2,L2,L1,L1,L3,L1,L1,L2,C3_1,D3_3,F3_2,,,N3_2,L_2,M_1
214149,L2,L2,L2,L1,L1,L3,L1,L1,L2,C3_1,D3_3,F3_2,,,N3_2,L_2,M_2
214150,L2,L2,L2,L1,L1,L3,L1,L1,L2,C3_1,D3_3,F3_2,,,N3_2,L_3,M_1
214151,L2,L2,L2,L1,L1,L3,L1,L1,L2,C3_1,D3_3,F3_2,,,N3_2,L_3,M_2
214152,L2,L2,L2,L1,L1,L3,L1,L1,L2,C3_1,D3_3,F3_3,,,N3_1,L_1,M_1
214153,L2,L2,L2,L1,L1,L3,L1,L1,L2,C3_1,D3_3,F3_3,,,N3_1,L_1,M_2
214154,L2,L2,L2,L1,L1,L3,L1,L1,L2,C3_1,D3_3,F3_3,,,N3_1,L_2,M_1
214155,L2,L2,L2,L1,L1,L3,L1,L1,L2,C3_1,D3_3,F3_3,,,N3_1,L_2,M_2
214156,L2,L2,L2,L1,L1,L3,L1,L1,L2,C3_1,D3_3,F3_3,,,N3_1,L_3,M_1
214157,L2,L2,L2,L1,L1,L3,L1,L1,L2,C3_1,D3_3,F3_3,,,N3_1,L_3,M_2
214158,L2,L2,L2,L1,L1,L3,L1,L1,L2,C3_1,D3_3,F3_3,,,N3_2,L_1,M_1
214159,L2,L2,L2,L1,L1,L3,L1,L1,L2,C3_1,D3_3,F3_3,,,N3_2,L_1,M_2
214160,L2,L2,L2,L1,L1,L3,L1,L1,L2,C3_1,D3_3,F3_3,,,N3_2,L_2,M_1
214161,L2,L2,L2,L1,L1,L3,L1,L1,L2,C3_1,D3_3,F3_3,,,N3_2,L_2,M_2
214162,L2,L2,L2,L1,L1,L3,L1,L1,L2,C3_1,D3_3,F3_3,,,N3_2,L_3,M_1
214163,L2,L2,L2,L1,L1,L3,L1,L1,L2,C3_1,D3_3,F3_3,,,N3_2,L_3,M_2
214164,L2,L2,L2,L1,L1,L3,L1,L1,L2,C3_2,D3_1,F3_1,,,N3_1,L_1,M_1
214165,L2,L2,L2,L1,L1,L3,L1,L1,L2,C3_2,D3_1,F3_1,,,N3_1,L_1,M_2
214166,L2,L2,L2,L1,L1,L3,L1,L1,L2,C3_2,D3_1,F3_1,,,N3_1,L_2,M_1
214167,L2,L2,L2,L1,L1,L3,L1,L1,L2,C3_2,D3_1,F3_1,,,N3_1,L_2,M_2
214168,L2,L2,L2,L1,L1,L3,L1,L1,L2,C3_2,D3_1,F3_1,,,N3_1,L_3,M_1
214169,L2,L2,L2,L1,L1,L3,L1,L1,L2,C3_2,D3_1,F3_1,,,N3_1,L_3,M_2
214170,L2,L2,L2,L1,L1,L3,L1,L1,L2,C3_2,D3_1,F3_1,,,N3_2,L_1,M_1
214171,L2,L2,L2,L1,L1,L3,L1,L1,L2,C3_2,D3_1,F3_1,,,N3_2,L_1,M_2
214172,L2,L2,L2,L1,L1,L3,L1,L1,L2,C3_2,D3_1,F3_1,,,N3_2,L_2,M_1
214173,L2,L2,L2,L1,L1,L3,L1,L1,L2,C3_2,D3_1,F3_1,,,N3_2,L_2,M_2
214174,L2,L2,L2,L1,L1,L3,L1,L1,L2,C3_2,D3_1,F3_1,,,N3_2,L_3,M_1
214175,L2,L2,L2,L1,L1,L3,L1,L1,L2,C3_2,D3_1,F3_1,,,N3_2,L_3,M_2
214176,L2,L2,L2,L1,L1,L3,L1,L1,L2,C3_2,D3_1,F3_2,,,N3_1,L_1,M_1
214177,L2,L2,L2,L1,L1,L3,L1,L1,L2,C3_2,D3_1,F3_2,,,N3_1,L_1,M_2
214178,L2,L2,L2,L1,L1,L3,L1,L1,L2,C3_2,D3_1,F3_2,,,N3_1,L_2,M_1
214179,L2,L2,L2,L1,L1,L3,L1,L1,L2,C3_2,D3_1,F3_2,,,N3_1,L_2,M_2
214180,L2,L2,L2,L1,L1,L3,L1,L1,L2,C3_2,D3_1,F3_2,,,N3_1,L_3,M_1
214181,L2,L2,L2,L1,L1,L3,L1,L1,L2,C3_2,D3_1,F3_2,,,N3_1,L_3,M_2
214182,L2,L2,L2,L1,L1,L3,L1,L1,L2,C3_2,D3_1,F3_2,,,N3_2,L_1,M_1
214183,L2,L2,L2,L1,L1,L3,L1,L1,L2,C3_2,D3_1,F3_2,,,N3_2,L_1,M_2
214184,L2,L2,L2,L1,L1,L3,L1,L1,L2,C3_2,D3_1,F3_2,,,N3_2,L_2,M_1
214185,L2,L2,L2,L1,L1,L3,L1,L1,L2,C3_2,D3_1,F3_2,,,N3_2,L_2,M_2
214186,L2,L2,L2,L1,L1,L3,L1,L1,L2,C3_2,D3_1,F3_2,,,N3_2,L_3,M_1
214187,L2,L2,L2,L1,L1,L3,L1,L1,L2,C3_2,D3_1,F3_2,,,N3_2,L_3,M_2
214188,L2,L2,L2,L1,L1,L3,L1,L1,L2,C3_2,D3_1,F3_3,,,N3_1,L_1,M_1
214189,L2,L2,L2,L1,L1,L3,L1,L1,L2,C3_2,D3_1,F3_3,,,N3_1,L_1,M_2
214190,L2,L2,L2,L1,L1,L3,L1,L1,L2,C3_2,D3_1,F3_3,,,N3_1,L_2,M_1
214191,L2,L2,L2,L1,L1,L3,L1,L1,L2,C3_2,D3_1,F3_3,,,N3_1,L_2,M_2
214192,L2,L2,L2,L1,L1,L3,L1,L1,L2,C3_2,D3_1,F3_3,,,N3_1,L_3,M_1
214193,L2,L2,L2,L1,L1,L3,L1,L1,L2,C3_2,D3_1,F3_3,,,N3_1,L_3,M_2
214194,L2,L2,L2,L1,L1,L3,L1,L1,L2,C3_2,D3_1,F3_3,,,N3_2,L_1,M_1
214195,L2,L2,L2,L1,L1,L3,L1,L1,L2,C3_2,D3_1,F3_3,,,N3_2,L_1,M_2
214196,L2,L2,L2,L1,L1,L3,L1,L1,L2,C3_2,D3_1,F3_3,,,N3_2,L_2,M_1
214197,L2,L2,L2,L1,L1,L3,L1,L1,L2,C3_2,D3_1,F3_3,,,N3_2,L_2,M_2
214198,L2,L2,L2,L1,L1,L3,L1,L1,L2,C3_2,D3_1,F3_3,,,N3_2,L_3,M_1
214199,L2,L2,L2,L1,L1,L3,L1,L1,L2,C3_2,D3_1,F3_3,,,N3_2,L_3,M_2
214200,L2,L2,L2,L1,L1,L3,L1,L1,L2,C3_2,D3_2,F3_1,,,N3_1,L_1,M_1
214201,L2,L2,L2,L1,L1,L3,L1,L1,L2,C3_2,D3_2,F3_1,,,N3_1,L_1,M_2
214202,L2,L2,L2,L1,L1,L3,L1,L1,L2,C3_2,D3_2,F3_1,,,N3_1,L_2,M_1
214203,L2,L2,L2,L1,L1,L3,L1,L1,L2,C3_2,D3_2,F3_1,,,N3_1,L_2,M_2
214204,L2,L2,L2,L1,L1,L3,L1,L1,L2,C3_2,D3_2,F3_1,,,N3_1,L_3,M_1
214205,L2,L2,L2,L1,L1,L3,L1,L1,L2,C3_2,D3_2,F3_1,,,N3_1,L_3,M_2
214206,L2,L2,L2,L1,L1,L3,L1,L1,L2,C3_2,D3_2,F3_1,,,N3_2,L_1,M_1
214207,L2,L2,L2,L1,L1,L3,L1,L1,L2,C3_2,D3_2,F3_1,,,N3_2,L_1,M_2
214208,L2,L2,L2,L1,L1,L3,L1,L1,L2,C3_2,D3_2,F3_1,,,N3_2,L_2,M_1
214209,L2,L2,L2,L1,L1,L3,L1,L1,L2,C3_2,D3_2,F3_1,,,N3_2,L_2,M_2
214210,L2,L2,L2,L1,L1,L3,L1,L1,L2,C3_2,D3_2,F3_1,,,N3_2,L_3,M_1
214211,L2,L2,L2,L1,L1,L3,L1,L1,L2,C3_2,D3_2,F3_1,,,N3_2,L_3,M_2
214212,L2,L2,L2,L1,L1,L3,L1,L1,L2,C3_2,D3_2,F3_2,,,N3_1,L_1,M_1
214213,L2,L2,L2,L1,L1,L3,L1,L1,L2,C3_2,D3_2,F3_2,,,N3_1,L_1,M_2
214214,L2,L2,L2,L1,L1,L3,L1,L1,L2,C3_2,D3_2,F3_2,,,N3_1,L_2,M_1
214215,L2,L2,L2,L1,L1,L3,L1,L1,L2,C3_2,D3_2,F3_2,,,N3_1,L_2,M_2
214216,L2,L2,L2,L1,L1,L3,L1,L1,L2,C3_2,D3_2,F3_2,,,N3_1,L_3,M_1
214217,L2,L2,L2,L1,L1,L3,L1,L1,L2,C3_2,D3_2,F3_2,,,N3_1,L_3,M_2
214218,L2,L2,L2,L1,L1,L3,L1,L1,L2,C3_2,D3_2,F3_2,,,N3_2,L_1,M_1
214219,L2,L2,L2,L1,L1,L3,L1,L1,L2,C3_2,D3_2,F3_2,,,N3_2,L_1,M_2
214220,L2,L2,L2,L1,L1,L3,L1,L1,L2,C3_2,D3_2,F3_2,,,N3_2,L_2,M_1
214221,L2,L2,L2,L1,L1,L3,L1,L1,L2,C3_2,D3_2,F3_2,,,N3_2,L_2,M_2
214222,L2,L2,L2,L1,L1,L3,L1,L1,L2,C3_2,D3_2,F3_2,,,N3_2,L_3,M_1
214223,L2,L2,L2,L1,L1,L3,L1,L1,L2,C3_2,D3_2,F3_2,,,N3_2,L_3,M_2
214224,L2,L2,L2,L1,L1,L3,L1,L1,L2,C3_2,D3_2,F3_3,,,N3_1,L_1,M_1
214225,L2,L2,L2,L1,L1,L3,L1,L1,L2,C3_2,D3_2,F3_3,,,N3_1,L_1,M_2
214226,L2,L2,L2,L1,L1,L3,L1,L1,L2,C3_2,D3_2,F3_3,,,N3_1,L_2,M_1
214227,L2,L2,L2,L1,L1,L3,L1,L1,L2,C3_2,D3_2,F3_3,,,N3_1,L_2,M_2
214228,L2,L2,L2,L1,L1,L3,L1,L1,L2,C3_2,D3_2,F3_3,,,N3_1,L_3,M_1
214229,L2,L2,L2,L1,L1,L3,L1,L1,L2,C3_2,D3_2,F3_3,,,N3_1,L_3,M_2
214230,L2,L2,L2,L1,L1,L3,L1,L1,L2,C3_2,D3_2,F3_3,,,N3_2,L_1,M_1
214231,L2,L2,L2,L1,L1,L3,L1,L1,L2,C3_2,D3_2,F3_3,,,N3_2,L_1,M_2
214232,L2,L2,L2,L1,L1,L3,L1,L1,L2,C3_2,D3_2,F3_3,,,N3_2,L_2,M_1
214233,L2,L2,L2,L1,L1,L3,L1,L1,L2,C3_2,D3_2,F3_3,,,N3_2,L_2,M_2
214234,L2,L2,L2,L1,L1,L3,L1,L1,L2,C3_2,D3_2,F3_3,,,N3_2,L_3,M_1
214235,L2,L2,L2,L1,L1,L3,L1,L1,L2,C3_2,D3_2,F3_3,,,N3_2,L_3,M_2
214236,L2,L2,L2,L1,L1,L3,L1,L1,L2,C3_2,D3_3,F3_1,,,N3_1,L_1,M_1
214237,L2,L2,L2,L1,L1,L3,L1,L1,L2,C3_2,D3_3,F3_1,,,N3_1,L_1,M_2
214238,L2,L2,L2,L1,L1,L3,L1,L1,L2,C3_2,D3_3,F3_1,,,N3_1,L_2,M_1
214239,L2,L2,L2,L1,L1,L3,L1,L1,L2,C3_2,D3_3,F3_1,,,N3_1,L_2,M_2
214240,L2,L2,L2,L1,L1,L3,L1,L1,L2,C3_2,D3_3,F3_1,,,N3_1,L_3,M_1
214241,L2,L2,L2,L1,L1,L3,L1,L1,L2,C3_2,D3_3,F3_1,,,N3_1,L_3,M_2
214242,L2,L2,L2,L1,L1,L3,L1,L1,L2,C3_2,D3_3,F3_1,,,N3_2,L_1,M_1
214243,L2,L2,L2,L1,L1,L3,L1,L1,L2,C3_2,D3_3,F3_1,,,N3_2,L_1,M_2
214244,L2,L2,L2,L1,L1,L3,L1,L1,L2,C3_2,D3_3,F3_1,,,N3_2,L_2,M_1
214245,L2,L2,L2,L1,L1,L3,L1,L1,L2,C3_2,D3_3,F3_1,,,N3_2,L_2,M_2
214246,L2,L2,L2,L1,L1,L3,L1,L1,L2,C3_2,D3_3,F3_1,,,N3_2,L_3,M_1
214247,L2,L2,L2,L1,L1,L3,L1,L1,L2,C3_2,D3_3,F3_1,,,N3_2,L_3,M_2
214248,L2,L2,L2,L1,L1,L3,L1,L1,L2,C3_2,D3_3,F3_2,,,N3_1,L_1,M_1
214249,L2,L2,L2,L1,L1,L3,L1,L1,L2,C3_2,D3_3,F3_2,,,N3_1,L_1,M_2
214250,L2,L2,L2,L1,L1,L3,L1,L1,L2,C3_2,D3_3,F3_2,,,N3_1,L_2,M_1
214251,L2,L2,L2,L1,L1,L3,L1,L1,L2,C3_2,D3_3,F3_2,,,N3_1,L_2,M_2
214252,L2,L2,L2,L1,L1,L3,L1,L1,L2,C3_2,D3_3,F3_2,,,N3_1,L_3,M_1
214253,L2,L2,L2,L1,L1,L3,L1,L1,L2,C3_2,D3_3,F3_2,,,N3_1,L_3,M_2
214254,L2,L2,L2,L1,L1,L3,L1,L1,L2,C3_2,D3_3,F3_2,,,N3_2,L_1,M_1
214255,L2,L2,L2,L1,L1,L3,L1,L1,L2,C3_2,D3_3,F3_2,,,N3_2,L_1,M_2
214256,L2,L2,L2,L1,L1,L3,L1,L1,L2,C3_2,D3_3,F3_2,,,N3_2,L_2,M_1
214257,L2,L2,L2,L1,L1,L3,L1,L1,L2,C3_2,D3_3,F3_2,,,N3_2,L_2,M_2
214258,L2,L2,L2,L1,L1,L3,L1,L1,L2,C3_2,D3_3,F3_2,,,N3_2,L_3,M_1
214259,L2,L2,L2,L1,L1,L3,L1,L1,L2,C3_2,D3_3,F3_2,,,N3_2,L_3,M_2
214260,L2,L2,L2,L1,L1,L3,L1,L1,L2,C3_2,D3_3,F3_3,,,N3_1,L_1,M_1
214261,L2,L2,L2,L1,L1,L3,L1,L1,L2,C3_2,D3_3,F3_3,,,N3_1,L_1,M_2
214262,L2,L2,L2,L1,L1,L3,L1,L1,L2,C3_2,D3_3,F3_3,,,N3_1,L_2,M_1
214263,L2,L2,L2,L1,L1,L3,L1,L1,L2,C3_2,D3_3,F3_3,,,N3_1,L_2,M_2
214264,L2,L2,L2,L1,L1,L3,L1,L1,L2,C3_2,D3_3,F3_3,,,N3_1,L_3,M_1
214265,L2,L2,L2,L1,L1,L3,L1,L1,L2,C3_2,D3_3,F3_3,,,N3_1,L_3,M_2
214266,L2,L2,L2,L1,L1,L3,L1,L1,L2,C3_2,D3_3,F3_3,,,N3_2,L_1,M_1
214267,L2,L2,L2,L1,L1,L3,L1,L1,L2,C3_2,D3_3,F3_3,,,N3_2,L_1,M_2
214268,L2,L2,L2,L1,L1,L3,L1,L1,L2,C3_2,D3_3,F3_3,,,N3_2,L_2,M_1
214269,L2,L2,L2,L1,L1,L3,L1,L1,L2,C3_2,D3_3,F3_3,,,N3_2,L_2,M_2
214270,L2,L2,L2,L1,L1,L3,L1,L1,L2,C3_2,D3_3,F3_3,,,N3_2,L_3,M_1
214271,L2,L2,L2,L1,L1,L3,L1,L1,L2,C3_2,D3_3,F3_3,,,N3_2,L_3,M_2
214272,L2,L2,L2,L1,L1,L3,L1,L1,L2,C3_3,D3_1,F3_1,,,N3_1,L_1,M_1
214273,L2,L2,L2,L1,L1,L3,L1,L1,L2,C3_3,D3_1,F3_1,,,N3_1,L_1,M_2
214274,L2,L2,L2,L1,L1,L3,L1,L1,L2,C3_3,D3_1,F3_1,,,N3_1,L_2,M_1
214275,L2,L2,L2,L1,L1,L3,L1,L1,L2,C3_3,D3_1,F3_1,,,N3_1,L_2,M_2
214276,L2,L2,L2,L1,L1,L3,L1,L1,L2,C3_3,D3_1,F3_1,,,N3_1,L_3,M_1
214277,L2,L2,L2,L1,L1,L3,L1,L1,L2,C3_3,D3_1,F3_1,,,N3_1,L_3,M_2
214278,L2,L2,L2,L1,L1,L3,L1,L1,L2,C3_3,D3_1,F3_1,,,N3_2,L_1,M_1
214279,L2,L2,L2,L1,L1,L3,L1,L1,L2,C3_3,D3_1,F3_1,,,N3_2,L_1,M_2
214280,L2,L2,L2,L1,L1,L3,L1,L1,L2,C3_3,D3_1,F3_1,,,N3_2,L_2,M_1
214281,L2,L2,L2,L1,L1,L3,L1,L1,L2,C3_3,D3_1,F3_1,,,N3_2,L_2,M_2
214282,L2,L2,L2,L1,L1,L3,L1,L1,L2,C3_3,D3_1,F3_1,,,N3_2,L_3,M_1
214283,L2,L2,L2,L1,L1,L3,L1,L1,L2,C3_3,D3_1,F3_1,,,N3_2,L_3,M_2
214284,L2,L2,L2,L1,L1,L3,L1,L1,L2,C3_3,D3_1,F3_2,,,N3_1,L_1,M_1
214285,L2,L2,L2,L1,L1,L3,L1,L1,L2,C3_3,D3_1,F3_2,,,N3_1,L_1,M_2
214286,L2,L2,L2,L1,L1,L3,L1,L1,L2,C3_3,D3_1,F3_2,,,N3_1,L_2,M_1
214287,L2,L2,L2,L1,L1,L3,L1,L1,L2,C3_3,D3_1,F3_2,,,N3_1,L_2,M_2
214288,L2,L2,L2,L1,L1,L3,L1,L1,L2,C3_3,D3_1,F3_2,,,N3_1,L_3,M_1
214289,L2,L2,L2,L1,L1,L3,L1,L1,L2,C3_3,D3_1,F3_2,,,N3_1,L_3,M_2
214290,L2,L2,L2,L1,L1,L3,L1,L1,L2,C3_3,D3_1,F3_2,,,N3_2,L_1,M_1
214291,L2,L2,L2,L1,L1,L3,L1,L1,L2,C3_3,D3_1,F3_2,,,N3_2,L_1,M_2
214292,L2,L2,L2,L1,L1,L3,L1,L1,L2,C3_3,D3_1,F3_2,,,N3_2,L_2,M_1
214293,L2,L2,L2,L1,L1,L3,L1,L1,L2,C3_3,D3_1,F3_2,,,N3_2,L_2,M_2
214294,L2,L2,L2,L1,L1,L3,L1,L1,L2,C3_3,D3_1,F3_2,,,N3_2,L_3,M_1
214295,L2,L2,L2,L1,L1,L3,L1,L1,L2,C3_3,D3_1,F3_2,,,N3_2,L_3,M_2
214296,L2,L2,L2,L1,L1,L3,L1,L1,L2,C3_3,D3_1,F3_3,,,N3_1,L_1,M_1
214297,L2,L2,L2,L1,L1,L3,L1,L1,L2,C3_3,D3_1,F3_3,,,N3_1,L_1,M_2
214298,L2,L2,L2,L1,L1,L3,L1,L1,L2,C3_3,D3_1,F3_3,,,N3_1,L_2,M_1
214299,L2,L2,L2,L1,L1,L3,L1,L1,L2,C3_3,D3_1,F3_3,,,N3_1,L_2,M_2
214300,L2,L2,L2,L1,L1,L3,L1,L1,L2,C3_3,D3_1,F3_3,,,N3_1,L_3,M_1
214301,L2,L2,L2,L1,L1,L3,L1,L1,L2,C3_3,D3_1,F3_3,,,N3_1,L_3,M_2
214302,L2,L2,L2,L1,L1,L3,L1,L1,L2,C3_3,D3_1,F3_3,,,N3_2,L_1,M_1
214303,L2,L2,L2,L1,L1,L3,L1,L1,L2,C3_3,D3_1,F3_3,,,N3_2,L_1,M_2
214304,L2,L2,L2,L1,L1,L3,L1,L1,L2,C3_3,D3_1,F3_3,,,N3_2,L_2,M_1
214305,L2,L2,L2,L1,L1,L3,L1,L1,L2,C3_3,D3_1,F3_3,,,N3_2,L_2,M_2
214306,L2,L2,L2,L1,L1,L3,L1,L1,L2,C3_3,D3_1,F3_3,,,N3_2,L_3,M_1
214307,L2,L2,L2,L1,L1,L3,L1,L1,L2,C3_3,D3_1,F3_3,,,N3_2,L_3,M_2
214308,L2,L2,L2,L1,L1,L3,L1,L1,L2,C3_3,D3_2,F3_1,,,N3_1,L_1,M_1
214309,L2,L2,L2,L1,L1,L3,L1,L1,L2,C3_3,D3_2,F3_1,,,N3_1,L_1,M_2
214310,L2,L2,L2,L1,L1,L3,L1,L1,L2,C3_3,D3_2,F3_1,,,N3_1,L_2,M_1
214311,L2,L2,L2,L1,L1,L3,L1,L1,L2,C3_3,D3_2,F3_1,,,N3_1,L_2,M_2
214312,L2,L2,L2,L1,L1,L3,L1,L1,L2,C3_3,D3_2,F3_1,,,N3_1,L_3,M_1
214313,L2,L2,L2,L1,L1,L3,L1,L1,L2,C3_3,D3_2,F3_1,,,N3_1,L_3,M_2
214314,L2,L2,L2,L1,L1,L3,L1,L1,L2,C3_3,D3_2,F3_1,,,N3_2,L_1,M_1
214315,L2,L2,L2,L1,L1,L3,L1,L1,L2,C3_3,D3_2,F3_1,,,N3_2,L_1,M_2
214316,L2,L2,L2,L1,L1,L3,L1,L1,L2,C3_3,D3_2,F3_1,,,N3_2,L_2,M_1
214317,L2,L2,L2,L1,L1,L3,L1,L1,L2,C3_3,D3_2,F3_1,,,N3_2,L_2,M_2
214318,L2,L2,L2,L1,L1,L3,L1,L1,L2,C3_3,D3_2,F3_1,,,N3_2,L_3,M_1
214319,L2,L2,L2,L1,L1,L3,L1,L1,L2,C3_3,D3_2,F3_1,,,N3_2,L_3,M_2
214320,L2,L2,L2,L1,L1,L3,L1,L1,L2,C3_3,D3_2,F3_2,,,N3_1,L_1,M_1
214321,L2,L2,L2,L1,L1,L3,L1,L1,L2,C3_3,D3_2,F3_2,,,N3_1,L_1,M_2
214322,L2,L2,L2,L1,L1,L3,L1,L1,L2,C3_3,D3_2,F3_2,,,N3_1,L_2,M_1
214323,L2,L2,L2,L1,L1,L3,L1,L1,L2,C3_3,D3_2,F3_2,,,N3_1,L_2,M_2
214324,L2,L2,L2,L1,L1,L3,L1,L1,L2,C3_3,D3_2,F3_2,,,N3_1,L_3,M_1
214325,L2,L2,L2,L1,L1,L3,L1,L1,L2,C3_3,D3_2,F3_2,,,N3_1,L_3,M_2
214326,L2,L2,L2,L1,L1,L3,L1,L1,L2,C3_3,D3_2,F3_2,,,N3_2,L_1,M_1
214327,L2,L2,L2,L1,L1,L3,L1,L1,L2,C3_3,D3_2,F3_2,,,N3_2,L_1,M_2
214328,L2,L2,L2,L1,L1,L3,L1,L1,L2,C3_3,D3_2,F3_2,,,N3_2,L_2,M_1
214329,L2,L2,L2,L1,L1,L3,L1,L1,L2,C3_3,D3_2,F3_2,,,N3_2,L_2,M_2
214330,L2,L2,L2,L1,L1,L3,L1,L1,L2,C3_3,D3_2,F3_2,,,N3_2,L_3,M_1
214331,L2,L2,L2,L1,L1,L3,L1,L1,L2,C3_3,D3_2,F3_2,,,N3_2,L_3,M_2
214332,L2,L2,L2,L1,L1,L3,L1,L1,L2,C3_3,D3_2,F3_3,,,N3_1,L_1,M_1
214333,L2,L2,L2,L1,L1,L3,L1,L1,L2,C3_3,D3_2,F3_3,,,N3_1,L_1,M_2
214334,L2,L2,L2,L1,L1,L3,L1,L1,L2,C3_3,D3_2,F3_3,,,N3_1,L_2,M_1
214335,L2,L2,L2,L1,L1,L3,L1,L1,L2,C3_3,D3_2,F3_3,,,N3_1,L_2,M_2
214336,L2,L2,L2,L1,L1,L3,L1,L1,L2,C3_3,D3_2,F3_3,,,N3_1,L_3,M_1
214337,L2,L2,L2,L1,L1,L3,L1,L1,L2,C3_3,D3_2,F3_3,,,N3_1,L_3,M_2
214338,L2,L2,L2,L1,L1,L3,L1,L1,L2,C3_3,D3_2,F3_3,,,N3_2,L_1,M_1
214339,L2,L2,L2,L1,L1,L3,L1,L1,L2,C3_3,D3_2,F3_3,,,N3_2,L_1,M_2
214340,L2,L2,L2,L1,L1,L3,L1,L1,L2,C3_3,D3_2,F3_3,,,N3_2,L_2,M_1
214341,L2,L2,L2,L1,L1,L3,L1,L1,L2,C3_3,D3_2,F3_3,,,N3_2,L_2,M_2
214342,L2,L2,L2,L1,L1,L3,L1,L1,L2,C3_3,D3_2,F3_3,,,N3_2,L_3,M_1
214343,L2,L2,L2,L1,L1,L3,L1,L1,L2,C3_3,D3_2,F3_3,,,N3_2,L_3,M_2
214344,L2,L2,L2,L1,L1,L3,L1,L1,L2,C3_3,D3_3,F3_1,,,N3_1,L_1,M_1
214345,L2,L2,L2,L1,L1,L3,L1,L1,L2,C3_3,D3_3,F3_1,,,N3_1,L_1,M_2
214346,L2,L2,L2,L1,L1,L3,L1,L1,L2,C3_3,D3_3,F3_1,,,N3_1,L_2,M_1
214347,L2,L2,L2,L1,L1,L3,L1,L1,L2,C3_3,D3_3,F3_1,,,N3_1,L_2,M_2
214348,L2,L2,L2,L1,L1,L3,L1,L1,L2,C3_3,D3_3,F3_1,,,N3_1,L_3,M_1
214349,L2,L2,L2,L1,L1,L3,L1,L1,L2,C3_3,D3_3,F3_1,,,N3_1,L_3,M_2
214350,L2,L2,L2,L1,L1,L3,L1,L1,L2,C3_3,D3_3,F3_1,,,N3_2,L_1,M_1
214351,L2,L2,L2,L1,L1,L3,L1,L1,L2,C3_3,D3_3,F3_1,,,N3_2,L_1,M_2
214352,L2,L2,L2,L1,L1,L3,L1,L1,L2,C3_3,D3_3,F3_1,,,N3_2,L_2,M_1
214353,L2,L2,L2,L1,L1,L3,L1,L1,L2,C3_3,D3_3,F3_1,,,N3_2,L_2,M_2
214354,L2,L2,L2,L1,L1,L3,L1,L1,L2,C3_3,D3_3,F3_1,,,N3_2,L_3,M_1
214355,L2,L2,L2,L1,L1,L3,L1,L1,L2,C3_3,D3_3,F3_1,,,N3_2,L_3,M_2
214356,L2,L2,L2,L1,L1,L3,L1,L1,L2,C3_3,D3_3,F3_2,,,N3_1,L_1,M_1
214357,L2,L2,L2,L1,L1,L3,L1,L1,L2,C3_3,D3_3,F3_2,,,N3_1,L_1,M_2
214358,L2,L2,L2,L1,L1,L3,L1,L1,L2,C3_3,D3_3,F3_2,,,N3_1,L_2,M_1
214359,L2,L2,L2,L1,L1,L3,L1,L1,L2,C3_3,D3_3,F3_2,,,N3_1,L_2,M_2
214360,L2,L2,L2,L1,L1,L3,L1,L1,L2,C3_3,D3_3,F3_2,,,N3_1,L_3,M_1
214361,L2,L2,L2,L1,L1,L3,L1,L1,L2,C3_3,D3_3,F3_2,,,N3_1,L_3,M_2
214362,L2,L2,L2,L1,L1,L3,L1,L1,L2,C3_3,D3_3,F3_2,,,N3_2,L_1,M_1
214363,L2,L2,L2,L1,L1,L3,L1,L1,L2,C3_3,D3_3,F3_2,,,N3_2,L_1,M_2
214364,L2,L2,L2,L1,L1,L3,L1,L1,L2,C3_3,D3_3,F3_2,,,N3_2,L_2,M_1
214365,L2,L2,L2,L1,L1,L3,L1,L1,L2,C3_3,D3_3,F3_2,,,N3_2,L_2,M_2
214366,L2,L2,L2,L1,L1,L3,L1,L1,L2,C3_3,D3_3,F3_2,,,N3_2,L_3,M_1
214367,L2,L2,L2,L1,L1,L3,L1,L1,L2,C3_3,D3_3,F3_2,,,N3_2,L_3,M_2
214368,L2,L2,L2,L1,L1,L3,L1,L1,L2,C3_3,D3_3,F3_3,,,N3_1,L_1,M_1
214369,L2,L2,L2,L1,L1,L3,L1,L1,L2,C3_3,D3_3,F3_3,,,N3_1,L_1,M_2
214370,L2,L2,L2,L1,L1,L3,L1,L1,L2,C3_3,D3_3,F3_3,,,N3_1,L_2,M_1
214371,L2,L2,L2,L1,L1,L3,L1,L1,L2,C3_3,D3_3,F3_3,,,N3_1,L_2,M_2
214372,L2,L2,L2,L1,L1,L3,L1,L1,L2,C3_3,D3_3,F3_3,,,N3_1,L_3,M_1
214373,L2,L2,L2,L1,L1,L3,L1,L1,L2,C3_3,D3_3,F3_3,,,N3_1,L_3,M_2
214374,L2,L2,L2,L1,L1,L3,L1,L1,L2,C3_3,D3_3,F3_3,,,N3_2,L_1,M_1
214375,L2,L2,L2,L1,L1,L3,L1,L1,L2,C3_3,D3_3,F3_3,,,N3_2,L_1,M_2
214376,L2,L2,L2,L1,L1,L3,L1,L1,L2,C3_3,D3_3,F3_3,,,N3_2,L_2,M_1
214377,L2,L2,L2,L1,L1,L3,L1,L1,L2,C3_3,D3_3,F3_3,,,N3_2,L_2,M_2
214378,L2,L2,L2,L1,L1,L3,L1,L1,L2,C3_3,D3_3,F3_3,,,N3_2,L_3,M_1
214379,L2,L2,L2,L1,L1,L3,L1,L1,L2,C3_3,D3_3,F3_3,,,N3_2,L_3,M_2
221292,L2,L1,L2,L3,L3,L3,L1,L1,L2,C3_1,D3_1,F3_1,,,N3_1,L_1,M_1
221293,L2,L1,L2,L3,L3,L3,L1,L1,L2,C3_1,D3_1,F3_1,,,N3_1,L_1,M_2
221294,L2,L1,L2,L3,L3,L3,L1,L1,L2,C3_1,D3_1,F3_1,,,N3_1,L_2,M_1
221295,L2,L1,L2,L3,L3,L3,L1,L1,L2,C3_1,D3_1,F3_1,,,N3_1,L_2,M_2
221296,L2,L1,L2,L3,L3,L3,L1,L1,L2,C3_1,D3_1,F3_1,,,N3_1,L_3,M_1
221297,L2,L1,L2,L3,L3,L3,L1,L1,L2,C3_1,D3_1,F3_1,,,N3_1,L_3,M_2
221298,L2,L1,L2,L3,L3,L3,L1,L1,L2,C3_1,D3_1,F3_1,,,N3_2,L_1,M_1
221299,L2,L1,L2,L3,L3,L3,L1,L1,L2,C3_1,D3_1,F3_1,,,N3_2,L_1,M_2
221300,L2,L1,L2,L3,L3,L3,L1,L1,L2,C3_1,D3_1,F3_1,,,N3_2,L_2,M_1
221301,L2,L1,L2,L3,L3,L3,L1,L1,L2,C3_1,D3_1,F3_1,,,N3_2,L_2,M_2
221302,L2,L1,L2,L3,L3,L3,L1,L1,L2,C3_1,D3_1,F3_1,,,N3_2,L_3,M_1
221303,L2,L1,L2,L3,L3,L3,L1,L1,L2,C3_1,D3_1,F3_1,,,N3_2,L_3,M_2
221304,L2,L1,L2,L3,L3,L3,L1,L1,L2,C3_1,D3_1,F3_2,,,N3_1,L_1,M_1
221305,L2,L1,L2,L3,L3,L3,L1,L1,L2,C3_1,D3_1,F3_2,,,N3_1,L_1,M_2
221306,L2,L1,L2,L3,L3,L3,L1,L1,L2,C3_1,D3_1,F3_2,,,N3_1,L_2,M_1
221307,L2,L1,L2,L3,L3,L3,L1,L1,L2,C3_1,D3_1,F3_2,,,N3_1,L_2,M_2
221308,L2,L1,L2,L3,L3,L3,L1,L1,L2,C3_1,D3_1,F3_2,,,N3_1,L_3,M_1
221309,L2,L1,L2,L3,L3,L3,L1,L1,L2,C3_1,D3_1,F3_2,,,N3_1,L_3,M_2
221310,L2,L1,L2,L3,L3,L3,L1,L1,L2,C3_1,D3_1,F3_2,,,N3_2,L_1,M_1
221311,L2,L1,L2,L3,L3,L3,L1,L1,L2,C3_1,D3_1,F3_2,,,N3_2,L_1,M_2
221312,L2,L1,L2,L3,L3,L3,L1,L1,L2,C3_1,D3_1,F3_2,,,N3_2,L_2,M_1
221313,L2,L1,L2,L3,L3,L3,L1,L1,L2,C3_1,D3_1,F3_2,,,N3_2,L_2,M_2
221314,L2,L1,L2,L3,L3,L3,L1,L1,L2,C3_1,D3_1,F3_2,,,N3_2,L_3,M_1
221315,L2,L1,L2,L3,L3,L3,L1,L1,L2,C3_1,D3_1,F3_2,,,N3_2,L_3,M_2
221316,L2,L1,L2,L3,L3,L3,L1,L1,L2,C3_1,D3_1,F3_3,,,N3_1,L_1,M_1
221317,L2,L1,L2,L3,L3,L3,L1,L1,L2,C3_1,D3_1,F3_3,,,N3_1,L_1,M_2
221318,L2,L1,L2,L3,L3,L3,L1,L1,L2,C3_1,D3_1,F3_3,,,N3_1,L_2,M_1
221319,L2,L1,L2,L3,L3,L3,L1,L1,L2,C3_1,D3_1,F3_3,,,N3_1,L_2,M_2
221320,L2,L1,L2,L3,L3,L3,L1,L1,L2,C3_1,D3_1,F3_3,,,N3_1,L_3,M_1
221321,L2,L1,L2,L3,L3,L3,L1,L1,L2,C3_1,D3_1,F3_3,,,N3_1,L_3,M_2
221322,L2,L1,L2,L3,L3,L3,L1,L1,L2,C3_1,D3_1,F3_3,,,N3_2,L_1,M_1
221323,L2,L1,L2,L3,L3,L3,L1,L1,L2,C3_1,D3_1,F3_3,,,N3_2,L_1,M_2
221324,L2,L1,L2,L3,L3,L3,L1,L1,L2,C3_1,D3_1,F3_3,,,N3_2,L_2,M_1
221325,L2,L1,L2,L3,L3,L3,L1,L1,L2,C3_1,D3_1,F3_3,,,N3_2,L_2,M_2
221326,L2,L1,L2,L3,L3,L3,L1,L1,L2,C3_1,D3_1,F3_3,,,N3_2,L_3,M_1
221327,L2,L1,L2,L3,L3,L3,L1,L1,L2,C3_1,D3_1,F3_3,,,N3_2,L_3,M_2
221328,L2,L1,L2,L3,L3,L3,L1,L1,L2,C3_1,D3_2,F3_1,,,N3_1,L_1,M_1
221329,L2,L1,L2,L3,L3,L3,L1,L1,L2,C3_1,D3_2,F3_1,,,N3_1,L_1,M_2
221330,L2,L1,L2,L3,L3,L3,L1,L1,L2,C3_1,D3_2,F3_1,,,N3_1,L_2,M_1
221331,L2,L1,L2,L3,L3,L3,L1,L1,L2,C3_1,D3_2,F3_1,,,N3_1,L_2,M_2
221332,L2,L1,L2,L3,L3,L3,L1,L1,L2,C3_1,D3_2,F3_1,,,N3_1,L_3,M_1
221333,L2,L1,L2,L3,L3,L3,L1,L1,L2,C3_1,D3_2,F3_1,,,N3_1,L_3,M_2
221334,L2,L1,L2,L3,L3,L3,L1,L1,L2,C3_1,D3_2,F3_1,,,N3_2,L_1,M_1
221335,L2,L1,L2,L3,L3,L3,L1,L1,L2,C3_1,D3_2,F3_1,,,N3_2,L_1,M_2
221336,L2,L1,L2,L3,L3,L3,L1,L1,L2,C3_1,D3_2,F3_1,,,N3_2,L_2,M_1
221337,L2,L1,L2,L3,L3,L3,L1,L1,L2,C3_1,D3_2,F3_1,,,N3_2,L_2,M_2
221338,L2,L1,L2,L3,L3,L3,L1,L1,L2,C3_1,D3_2,F3_1,,,N3_2,L_3,M_1
221339,L2,L1,L2,L3,L3,L3,L1,L1,L2,C3_1,D3_2,F3_1,,,N3_2,L_3,M_2
221340,L2,L1,L2,L3,L3,L3,L1,L1,L2,C3_1,D3_2,F3_2,,,N3_1,L_1,M_1
221341,L2,L1,L2,L3,L3,L3,L1,L1,L2,C3_1,D3_2,F3_2,,,N3_1,L_1,M_2
221342,L2,L1,L2,L3,L3,L3,L1,L1,L2,C3_1,D3_2,F3_2,,,N3_1,L_2,M_1
221343,L2,L1,L2,L3,L3,L3,L1,L1,L2,C3_1,D3_2,F3_2,,,N3_1,L_2,M_2
221344,L2,L1,L2,L3,L3,L3,L1,L1,L2,C3_1,D3_2,F3_2,,,N3_1,L_3,M_1
221345,L2,L1,L2,L3,L3,L3,L1,L1,L2,C3_1,D3_2,F3_2,,,N3_1,L_3,M_2
221346,L2,L1,L2,L3,L3,L3,L1,L1,L2,C3_1,D3_2,F3_2,,,N3_2,L_1,M_1
221347,L2,L1,L2,L3,L3,L3,L1,L1,L2,C3_1,D3_2,F3_2,,,N3_2,L_1,M_2
221348,L2,L1,L2,L3,L3,L3,L1,L1,L2,C3_1,D3_2,F3_2,,,N3_2,L_2,M_1
221349,L2,L1,L2,L3,L3,L3,L1,L1,L2,C3_1,D3_2,F3_2,,,N3_2,L_2,M_2
221350,L2,L1,L2,L3,L3,L3,L1,L1,L2,C3_1,D3_2,F3_2,,,N3_2,L_3,M_1
221351,L2,L1,L2,L3,L3,L3,L1,L1,L2,C3_1,D3_2,F3_2,,,N3_2,L_3,M_2
221352,L2,L1,L2,L3,L3,L3,L1,L1,L2,C3_1,D3_2,F3_3,,,N3_1,L_1,M_1
221353,L2,L1,L2,L3,L3,L3,L1,L1,L2,C3_1,D3_2,F3_3,,,N3_1,L_1,M_2
221354,L2,L1,L2,L3,L3,L3,L1,L1,L2,C3_1,D3_2,F3_3,,,N3_1,L_2,M_1
221355,L2,L1,L2,L3,L3,L3,L1,L1,L2,C3_1,D3_2,F3_3,,,N3_1,L_2,M_2
221356,L2,L1,L2,L3,L3,L3,L1,L1,L2,C3_1,D3_2,F3_3,,,N3_1,L_3,M_1
221357,L2,L1,L2,L3,L3,L3,L1,L1,L2,C3_1,D3_2,F3_3,,,N3_1,L_3,M_2
221358,L2,L1,L2,L3,L3,L3,L1,L1,L2,C3_1,D3_2,F3_3,,,N3_2,L_1,M_1
221359,L2,L1,L2,L3,L3,L3,L1,L1,L2,C3_1,D3_2,F3_3,,,N3_2,L_1,M_2
221360,L2,L1,L2,L3,L3,L3,L1,L1,L2,C3_1,D3_2,F3_3,,,N3_2,L_2,M_1
221361,L2,L1,L2,L3,L3,L3,L1,L1,L2,C3_1,D3_2,F3_3,,,N3_2,L_2,M_2
221362,L2,L1,L2,L3,L3,L3,L1,L1,L2,C3_1,D3_2,F3_3,,,N3_2,L_3,M_1
221363,L2,L1,L2,L3,L3,L3,L1,L1,L2,C3_1,D3_2,F3_3,,,N3_2,L_3,M_2
221364,L2,L1,L2,L3,L3,L3,L1,L1,L2,C3_1,D3_3,F3_1,,,N3_1,L_1,M_1
221365,L2,L1,L2,L3,L3,L3,L1,L1,L2,C3_1,D3_3,F3_1,,,N3_1,L_1,M_2
221366,L2,L1,L2,L3,L3,L3,L1,L1,L2,C3_1,D3_3,F3_1,,,N3_1,L_2,M_1
221367,L2,L1,L2,L3,L3,L3,L1,L1,L2,C3_1,D3_3,F3_1,,,N3_1,L_2,M_2
221368,L2,L1,L2,L3,L3,L3,L1,L1,L2,C3_1,D3_3,F3_1,,,N3_1,L_3,M_1
221369,L2,L1,L2,L3,L3,L3,L1,L1,L2,C3_1,D3_3,F3_1,,,N3_1,L_3,M_2
221370,L2,L1,L2,L3,L3,L3,L1,L1,L2,C3_1,D3_3,F3_1,,,N3_2,L_1,M_1
221371,L2,L1,L2,L3,L3,L3,L1,L1,L2,C3_1,D3_3,F3_1,,,N3_2,L_1,M_2
221372,L2,L1,L2,L3,L3,L3,L1,L1,L2,C3_1,D3_3,F3_1,,,N3_2,L_2,M_1
221373,L2,L1,L2,L3,L3,L3,L1,L1,L2,C3_1,D3_3,F3_1,,,N3_2,L_2,M_2
221374,L2,L1,L2,L3,L3,L3,L1,L1,L2,C3_1,D3_3,F3_1,,,N3_2,L_3,M_1
221375,L2,L1,L2,L3,L3,L3,L1,L1,L2,C3_1,D3_3,F3_1,,,N3_2,L_3,M_2
221376,L2,L1,L2,L3,L3,L3,L1,L1,L2,C3_1,D3_3,F3_2,,,N3_1,L_1,M_1
221377,L2,L1,L2,L3,L3,L3,L1,L1,L2,C3_1,D3_3,F3_2,,,N3_1,L_1,M_2
221378,L2,L1,L2,L3,L3,L3,L1,L1,L2,C3_1,D3_3,F3_2,,,N3_1,L_2,M_1
221379,L2,L1,L2,L3,L3,L3,L1,L1,L2,C3_1,D3_3,F3_2,,,N3_1,L_2,M_2
221380,L2,L1,L2,L3,L3,L3,L1,L1,L2,C3_1,D3_3,F3_2,,,N3_1,L_3,M_1
221381,L2,L1,L2,L3,L3,L3,L1,L1,L2,C3_1,D3_3,F3_2,,,N3_1,L_3,M_2
221382,L2,L1,L2,L3,L3,L3,L1,L1,L2,C3_1,D3_3,F3_2,,,N3_2,L_1,M_1
221383,L2,L1,L2,L3,L3,L3,L1,L1,L2,C3_1,D3_3,F3_2,,,N3_2,L_1,M_2
221384,L2,L1,L2,L3,L3,L3,L1,L1,L2,C3_1,D3_3,F3_2,,,N3_2,L_2,M_1
221385,L2,L1,L2,L3,L3,L3,L1,L1,L2,C3_1,D3_3,F3_2,,,N3_2,L_2,M_2
221386,L2,L1,L2,L3,L3,L3,L1,L1,L2,C3_1,D3_3,F3_2,,,N3_2,L_3,M_1
221387,L2,L1,L2,L3,L3,L3,L1,L1,L2,C3_1,D3_3,F3_2,,,N3_2,L_3,M_2
221388,L2,L1,L2,L3,L3,L3,L1,L1,L2,C3_1,D3_3,F3_3,,,N3_1,L_1,M_1
221389,L2,L1,L2,L3,L3,L3,L1,L1,L2,C3_1,D3_3,F3_3,,,N3_1,L_1,M_2
221390,L2,L1,L2,L3,L3,L3,L1,L1,L2,C3_1,D3_3,F3_3,,,N3_1,L_2,M_1
221391,L2,L1,L2,L3,L3,L3,L1,L1,L2,C3_1,D3_3,F3_3,,,N3_1,L_2,M_2
221392,L2,L1,L2,L3,L3,L3,L1,L1,L2,C3_1,D3_3,F3_3,,,N3_1,L_3,M_1
221393,L2,L1,L2,L3,L3,L3,L1,L1,L2,C3_1,D3_3,F3_3,,,N3_1,L_3,M_2
221394,L2,L1,L2,L3,L3,L3,L1,L1,L2,C3_1,D3_3,F3_3,,,N3_2,L_1,M_1
221395,L2,L1,L2,L3,L3,L3,L1,L1,L2,C3_1,D3_3,F3_3,,,N3_2,L_1,M_2
221396,L2,L1,L2,L3,L3,L3,L1,L1,L2,C3_1,D3_3,F3_3,,,N3_2,L_2,M_1
221397,L2,L1,L2,L3,L3,L3,L1,L1,L2,C3_1,D3_3,F3_3,,,N3_2,L_2,M_2
221398,L2,L1,L2,L3,L3,L3,L1,L1,L2,C3_1,D3_3,F3_3,,,N3_2,L_3,M_1
221399,L2,L1,L2,L3,L3,L3,L1,L1,L2,C3_1,D3_3,F3_3,,,N3_2,L_3,M_2
221400,L2,L1,L2,L3,L3,L3,L1,L1,L2,C3_2,D3_1,F3_1,,,N3_1,L_1,M_1
221401,L2,L1,L2,L3,L3,L3,L1,L1,L2,C3_2,D3_1,F3_1,,,N3_1,L_1,M_2
221402,L2,L1,L2,L3,L3,L3,L1,L1,L2,C3_2,D3_1,F3_1,,,N3_1,L_2,M_1
221403,L2,L1,L2,L3,L3,L3,L1,L1,L2,C3_2,D3_1,F3_1,,,N3_1,L_2,M_2
221404,L2,L1,L2,L3,L3,L3,L1,L1,L2,C3_2,D3_1,F3_1,,,N3_1,L_3,M_1
221405,L2,L1,L2,L3,L3,L3,L1,L1,L2,C3_2,D3_1,F3_1,,,N3_1,L_3,M_2
221406,L2,L1,L2,L3,L3,L3,L1,L1,L2,C3_2,D3_1,F3_1,,,N3_2,L_1,M_1
221407,L2,L1,L2,L3,L3,L3,L1,L1,L2,C3_2,D3_1,F3_1,,,N3_2,L_1,M_2
221408,L2,L1,L2,L3,L3,L3,L1,L1,L2,C3_2,D3_1,F3_1,,,N3_2,L_2,M_1
221409,L2,L1,L2,L3,L3,L3,L1,L1,L2,C3_2,D3_1,F3_1,,,N3_2,L_2,M_2
221410,L2,L1,L2,L3,L3,L3,L1,L1,L2,C3_2,D3_1,F3_1,,,N3_2,L_3,M_1
221411,L2,L1,L2,L3,L3,L3,L1,L1,L2,C3_2,D3_1,F3_1,,,N3_2,L_3,M_2
221412,L2,L1,L2,L3,L3,L3,L1,L1,L2,C3_2,D3_1,F3_2,,,N3_1,L_1,M_1
221413,L2,L1,L2,L3,L3,L3,L1,L1,L2,C3_2,D3_1,F3_2,,,N3_1,L_1,M_2
221414,L2,L1,L2,L3,L3,L3,L1,L1,L2,C3_2,D3_1,F3_2,,,N3_1,L_2,M_1
221415,L2,L1,L2,L3,L3,L3,L1,L1,L2,C3_2,D3_1,F3_2,,,N3_1,L_2,M_2
221416,L2,L1,L2,L3,L3,L3,L1,L1,L2,C3_2,D3_1,F3_2,,,N3_1,L_3,M_1
221417,L2,L1,L2,L3,L3,L3,L1,L1,L2,C3_2,D3_1,F3_2,,,N3_1,L_3,M_2
221418,L2,L1,L2,L3,L3,L3,L1,L1,L2,C3_2,D3_1,F3_2,,,N3_2,L_1,M_1
221419,L2,L1,L2,L3,L3,L3,L1,L1,L2,C3_2,D3_1,F3_2,,,N3_2,L_1,M_2
221420,L2,L1,L2,L3,L3,L3,L1,L1,L2,C3_2,D3_1,F3_2,,,N3_2,L_2,M_1
221421,L2,L1,L2,L3,L3,L3,L1,L1,L2,C3_2,D3_1,F3_2,,,N3_2,L_2,M_2
221422,L2,L1,L2,L3,L3,L3,L1,L1,L2,C3_2,D3_1,F3_2,,,N3_2,L_3,M_1
221423,L2,L1,L2,L3,L3,L3,L1,L1,L2,C3_2,D3_1,F3_2,,,N3_2,L_3,M_2
221424,L2,L1,L2,L3,L3,L3,L1,L1,L2,C3_2,D3_1,F3_3,,,N3_1,L_1,M_1
221425,L2,L1,L2,L3,L3,L3,L1,L1,L2,C3_2,D3_1,F3_3,,,N3_1,L_1,M_2
221426,L2,L1,L2,L3,L3,L3,L1,L1,L2,C3_2,D3_1,F3_3,,,N3_1,L_2,M_1
221427,L2,L1,L2,L3,L3,L3,L1,L1,L2,C3_2,D3_1,F3_3,,,N3_1,L_2,M_2
221428,L2,L1,L2,L3,L3,L3,L1,L1,L2,C3_2,D3_1,F3_3,,,N3_1,L_3,M_1
221429,L2,L1,L2,L3,L3,L3,L1,L1,L2,C3_2,D3_1,F3_3,,,N3_1,L_3,M_2
221430,L2,L1,L2,L3,L3,L3,L1,L1,L2,C3_2,D3_1,F3_3,,,N3_2,L_1,M_1
221431,L2,L1,L2,L3,L3,L3,L1,L1,L2,C3_2,D3_1,F3_3,,,N3_2,L_1,M_2
221432,L2,L1,L2,L3,L3,L3,L1,L1,L2,C3_2,D3_1,F3_3,,,N3_2,L_2,M_1
221433,L2,L1,L2,L3,L3,L3,L1,L1,L2,C3_2,D3_1,F3_3,,,N3_2,L_2,M_2
221434,L2,L1,L2,L3,L3,L3,L1,L1,L2,C3_2,D3_1,F3_3,,,N3_2,L_3,M_1
221435,L2,L1,L2,L3,L3,L3,L1,L1,L2,C3_2,D3_1,F3_3,,,N3_2,L_3,M_2
221436,L2,L1,L2,L3,L3,L3,L1,L1,L2,C3_2,D3_2,F3_1,,,N3_1,L_1,M_1
221437,L2,L1,L2,L3,L3,L3,L1,L1,L2,C3_2,D3_2,F3_1,,,N3_1,L_1,M_2
221438,L2,L1,L2,L3,L3,L3,L1,L1,L2,C3_2,D3_2,F3_1,,,N3_1,L_2,M_1
221439,L2,L1,L2,L3,L3,L3,L1,L1,L2,C3_2,D3_2,F3_1,,,N3_1,L_2,M_2
221440,L2,L1,L2,L3,L3,L3,L1,L1,L2,C3_2,D3_2,F3_1,,,N3_1,L_3,M_1
221441,L2,L1,L2,L3,L3,L3,L1,L1,L2,C3_2,D3_2,F3_1,,,N3_1,L_3,M_2
221442,L2,L1,L2,L3,L3,L3,L1,L1,L2,C3_2,D3_2,F3_1,,,N3_2,L_1,M_1
221443,L2,L1,L2,L3,L3,L3,L1,L1,L2,C3_2,D3_2,F3_1,,,N3_2,L_1,M_2
221444,L2,L1,L2,L3,L3,L3,L1,L1,L2,C3_2,D3_2,F3_1,,,N3_2,L_2,M_1
221445,L2,L1,L2,L3,L3,L3,L1,L1,L2,C3_2,D3_2,F3_1,,,N3_2,L_2,M_2
221446,L2,L1,L2,L3,L3,L3,L1,L1,L2,C3_2,D3_2,F3_1,,,N3_2,L_3,M_1
221447,L2,L1,L2,L3,L3,L3,L1,L1,L2,C3_2,D3_2,F3_1,,,N3_2,L_3,M_2
221448,L2,L1,L2,L3,L3,L3,L1,L1,L2,C3_2,D3_2,F3_2,,,N3_1,L_1,M_1
221449,L2,L1,L2,L3,L3,L3,L1,L1,L2,C3_2,D3_2,F3_2,,,N3_1,L_1,M_2
221450,L2,L1,L2,L3,L3,L3,L1,L1,L2,C3_2,D3_2,F3_2,,,N3_1,L_2,M_1
221451,L2,L1,L2,L3,L3,L3,L1,L1,L2,C3_2,D3_2,F3_2,,,N3_1,L_2,M_2
221452,L2,L1,L2,L3,L3,L3,L1,L1,L2,C3_2,D3_2,F3_2,,,N3_1,L_3,M_1
221453,L2,L1,L2,L3,L3,L3,L1,L1,L2,C3_2,D3_2,F3_2,,,N3_1,L_3,M_2
221454,L2,L1,L2,L3,L3,L3,L1,L1,L2,C3_2,D3_2,F3_2,,,N3_2,L_1,M_1
221455,L2,L1,L2,L3,L3,L3,L1,L1,L2,C3_2,D3_2,F3_2,,,N3_2,L_1,M_2
221456,L2,L1,L2,L3,L3,L3,L1,L1,L2,C3_2,D3_2,F3_2,,,N3_2,L_2,M_1
221457,L2,L1,L2,L3,L3,L3,L1,L1,L2,C3_2,D3_2,F3_2,,,N3_2,L_2,M_2
221458,L2,L1,L2,L3,L3,L3,L1,L1,L2,C3_2,D3_2,F3_2,,,N3_2,L_3,M_1
221459,L2,L1,L2,L3,L3,L3,L1,L1,L2,C3_2,D3_2,F3_2,,,N3_2,L_3,M_2
221460,L2,L1,L2,L3,L3,L3,L1,L1,L2,C3_2,D3_2,F3_3,,,N3_1,L_1,M_1
221461,L2,L1,L2,L3,L3,L3,L1,L1,L2,C3_2,D3_2,F3_3,,,N3_1,L_1,M_2
221462,L2,L1,L2,L3,L3,L3,L1,L1,L2,C3_2,D3_2,F3_3,,,N3_1,L_2,M_1
221463,L2,L1,L2,L3,L3,L3,L1,L1,L2,C3_2,D3_2,F3_3,,,N3_1,L_2,M_2
221464,L2,L1,L2,L3,L3,L3,L1,L1,L2,C3_2,D3_2,F3_3,,,N3_1,L_3,M_1
221465,L2,L1,L2,L3,L3,L3,L1,L1,L2,C3_2,D3_2,F3_3,,,N3_1,L_3,M_2
221466,L2,L1,L2,L3,L3,L3,L1,L1,L2,C3_2,D3_2,F3_3,,,N3_2,L_1,M_1
221467,L2,L1,L2,L3,L3,L3,L1,L1,L2,C3_2,D3_2,F3_3,,,N3_2,L_1,M_2
221468,L2,L1,L2,L3,L3,L3,L1,L1,L2,C3_2,D3_2,F3_3,,,N3_2,L_2,M_1
221469,L2,L1,L2,L3,L3,L3,L1,L1,L2,C3_2,D3_2,F3_3,,,N3_2,L_2,M_2
221470,L2,L1,L2,L3,L3,L3,L1,L1,L2,C3_2,D3_2,F3_3,,,N3_2,L_3,M_1
221471,L2,L1,L2,L3,L3,L3,L1,L1,L2,C3_2,D3_2,F3_3,,,N3_2,L_3,M_2
221472,L2,L1,L2,L3,L3,L3,L1,L1,L2,C3_2,D3_3,F3_1,,,N3_1,L_1,M_1
221473,L2,L1,L2,L3,L3,L3,L1,L1,L2,C3_2,D3_3,F3_1,,,N3_1,L_1,M_2
221474,L2,L1,L2,L3,L3,L3,L1,L1,L2,C3_2,D3_3,F3_1,,,N3_1,L_2,M_1
221475,L2,L1,L2,L3,L3,L3,L1,L1,L2,C3_2,D3_3,F3_1,,,N3_1,L_2,M_2
221476,L2,L1,L2,L3,L3,L3,L1,L1,L2,C3_2,D3_3,F3_1,,,N3_1,L_3,M_1
221477,L2,L1,L2,L3,L3,L3,L1,L1,L2,C3_2,D3_3,F3_1,,,N3_1,L_3,M_2
221478,L2,L1,L2,L3,L3,L3,L1,L1,L2,C3_2,D3_3,F3_1,,,N3_2,L_1,M_1
221479,L2,L1,L2,L3,L3,L3,L1,L1,L2,C3_2,D3_3,F3_1,,,N3_2,L_1,M_2
221480,L2,L1,L2,L3,L3,L3,L1,L1,L2,C3_2,D3_3,F3_1,,,N3_2,L_2,M_1
221481,L2,L1,L2,L3,L3,L3,L1,L1,L2,C3_2,D3_3,F3_1,,,N3_2,L_2,M_2
221482,L2,L1,L2,L3,L3,L3,L1,L1,L2,C3_2,D3_3,F3_1,,,N3_2,L_3,M_1
221483,L2,L1,L2,L3,L3,L3,L1,L1,L2,C3_2,D3_3,F3_1,,,N3_2,L_3,M_2
221484,L2,L1,L2,L3,L3,L3,L1,L1,L2,C3_2,D3_3,F3_2,,,N3_1,L_1,M_1
221485,L2,L1,L2,L3,L3,L3,L1,L1,L2,C3_2,D3_3,F3_2,,,N3_1,L_1,M_2
221486,L2,L1,L2,L3,L3,L3,L1,L1,L2,C3_2,D3_3,F3_2,,,N3_1,L_2,M_1
221487,L2,L1,L2,L3,L3,L3,L1,L1,L2,C3_2,D3_3,F3_2,,,N3_1,L_2,M_2
221488,L2,L1,L2,L3,L3,L3,L1,L1,L2,C3_2,D3_3,F3_2,,,N3_1,L_3,M_1
221489,L2,L1,L2,L3,L3,L3,L1,L1,L2,C3_2,D3_3,F3_2,,,N3_1,L_3,M_2
221490,L2,L1,L2,L3,L3,L3,L1,L1,L2,C3_2,D3_3,F3_2,,,N3_2,L_1,M_1
221491,L2,L1,L2,L3,L3,L3,L1,L1,L2,C3_2,D3_3,F3_2,,,N3_2,L_1,M_2
221492,L2,L1,L2,L3,L3,L3,L1,L1,L2,C3_2,D3_3,F3_2,,,N3_2,L_2,M_1
221493,L2,L1,L2,L3,L3,L3,L1,L1,L2,C3_2,D3_3,F3_2,,,N3_2,L_2,M_2
221494,L2,L1,L2,L3,L3,L3,L1,L1,L2,C3_2,D3_3,F3_2,,,N3_2,L_3,M_1
221495,L2,L1,L2,L3,L3,L3,L1,L1,L2,C3_2,D3_3,F3_2,,,N3_2,L_3,M_2
221496,L2,L1,L2,L3,L3,L3,L1,L1,L2,C3_2,D3_3,F3_3,,,N3_1,L_1,M_1
221497,L2,L1,L2,L3,L3,L3,L1,L1,L2,C3_2,D3_3,F3_3,,,N3_1,L_1,M_2
221498,L2,L1,L2,L3,L3,L3,L1,L1,L2,C3_2,D3_3,F3_3,,,N3_1,L_2,M_1
221499,L2,L1,L2,L3,L3,L3,L1,L1,L2,C3_2,D3_3,F3_3,,,N3_1,L_2,M_2
221500,L2,L1,L2,L3,L3,L3,L1,L1,L2,C3_2,D3_3,F3_3,,,N3_1,L_3,M_1
221501,L2,L1,L2,L3,L3,L3,L1,L1,L2,C3_2,D3_3,F3_3,,,N3_1,L_3,M_2
221502,L2,L1,L2,L3,L3,L3,L1,L1,L2,C3_2,D3_3,F3_3,,,N3_2,L_1,M_1
221503,L2,L1,L2,L3,L3,L3,L1,L1,L2,C3_2,D3_3,F3_3,,,N3_2,L_1,M_2
221504,L2,L1,L2,L3,L3,L3,L1,L1,L2,C3_2,D3_3,F3_3,,,N3_2,L_2,M_1
221505,L2,L1,L2,L3,L3,L3,L1,L1,L2,C3_2,D3_3,F3_3,,,N3_2,L_2,M_2
221506,L2,L1,L2,L3,L3,L3,L1,L1,L2,C3_2,D3_3,F3_3,,,N3_2,L_3,M_1
221507,L2,L1,L2,L3,L3,L3,L1,L1,L2,C3_2,D3_3,F3_3,,,N3_2,L_3,M_2
221508,L2,L1,L2,L3,L3,L3,L1,L1,L2,C3_3,D3_1,F3_1,,,N3_1,L_1,M_1
221509,L2,L1,L2,L3,L3,L3,L1,L1,L2,C3_3,D3_1,F3_1,,,N3_1,L_1,M_2
221510,L2,L1,L2,L3,L3,L3,L1,L1,L2,C3_3,D3_1,F3_1,,,N3_1,L_2,M_1
221511,L2,L1,L2,L3,L3,L3,L1,L1,L2,C3_3,D3_1,F3_1,,,N3_1,L_2,M_2
221512,L2,L1,L2,L3,L3,L3,L1,L1,L2,C3_3,D3_1,F3_1,,,N3_1,L_3,M_1
221513,L2,L1,L2,L3,L3,L3,L1,L1,L2,C3_3,D3_1,F3_1,,,N3_1,L_3,M_2
221514,L2,L1,L2,L3,L3,L3,L1,L1,L2,C3_3,D3_1,F3_1,,,N3_2,L_1,M_1
221515,L2,L1,L2,L3,L3,L3,L1,L1,L2,C3_3,D3_1,F3_1,,,N3_2,L_1,M_2
221516,L2,L1,L2,L3,L3,L3,L1,L1,L2,C3_3,D3_1,F3_1,,,N3_2,L_2,M_1
221517,L2,L1,L2,L3,L3,L3,L1,L1,L2,C3_3,D3_1,F3_1,,,N3_2,L_2,M_2
221518,L2,L1,L2,L3,L3,L3,L1,L1,L2,C3_3,D3_1,F3_1,,,N3_2,L_3,M_1
221519,L2,L1,L2,L3,L3,L3,L1,L1,L2,C3_3,D3_1,F3_1,,,N3_2,L_3,M_2
221520,L2,L1,L2,L3,L3,L3,L1,L1,L2,C3_3,D3_1,F3_2,,,N3_1,L_1,M_1
221521,L2,L1,L2,L3,L3,L3,L1,L1,L2,C3_3,D3_1,F3_2,,,N3_1,L_1,M_2
221522,L2,L1,L2,L3,L3,L3,L1,L1,L2,C3_3,D3_1,F3_2,,,N3_1,L_2,M_1
221523,L2,L1,L2,L3,L3,L3,L1,L1,L2,C3_3,D3_1,F3_2,,,N3_1,L_2,M_2
221524,L2,L1,L2,L3,L3,L3,L1,L1,L2,C3_3,D3_1,F3_2,,,N3_1,L_3,M_1
221525,L2,L1,L2,L3,L3,L3,L1,L1,L2,C3_3,D3_1,F3_2,,,N3_1,L_3,M_2
221526,L2,L1,L2,L3,L3,L3,L1,L1,L2,C3_3,D3_1,F3_2,,,N3_2,L_1,M_1
221527,L2,L1,L2,L3,L3,L3,L1,L1,L2,C3_3,D3_1,F3_2,,,N3_2,L_1,M_2
221528,L2,L1,L2,L3,L3,L3,L1,L1,L2,C3_3,D3_1,F3_2,,,N3_2,L_2,M_1
221529,L2,L1,L2,L3,L3,L3,L1,L1,L2,C3_3,D3_1,F3_2,,,N3_2,L_2,M_2
221530,L2,L1,L2,L3,L3,L3,L1,L1,L2,C3_3,D3_1,F3_2,,,N3_2,L_3,M_1
221531,L2,L1,L2,L3,L3,L3,L1,L1,L2,C3_3,D3_1,F3_2,,,N3_2,L_3,M_2
221532,L2,L1,L2,L3,L3,L3,L1,L1,L2,C3_3,D3_1,F3_3,,,N3_1,L_1,M_1
221533,L2,L1,L2,L3,L3,L3,L1,L1,L2,C3_3,D3_1,F3_3,,,N3_1,L_1,M_2
221534,L2,L1,L2,L3,L3,L3,L1,L1,L2,C3_3,D3_1,F3_3,,,N3_1,L_2,M_1
221535,L2,L1,L2,L3,L3,L3,L1,L1,L2,C3_3,D3_1,F3_3,,,N3_1,L_2,M_2
221536,L2,L1,L2,L3,L3,L3,L1,L1,L2,C3_3,D3_1,F3_3,,,N3_1,L_3,M_1
221537,L2,L1,L2,L3,L3,L3,L1,L1,L2,C3_3,D3_1,F3_3,,,N3_1,L_3,M_2
221538,L2,L1,L2,L3,L3,L3,L1,L1,L2,C3_3,D3_1,F3_3,,,N3_2,L_1,M_1
221539,L2,L1,L2,L3,L3,L3,L1,L1,L2,C3_3,D3_1,F3_3,,,N3_2,L_1,M_2
221540,L2,L1,L2,L3,L3,L3,L1,L1,L2,C3_3,D3_1,F3_3,,,N3_2,L_2,M_1
221541,L2,L1,L2,L3,L3,L3,L1,L1,L2,C3_3,D3_1,F3_3,,,N3_2,L_2,M_2
221542,L2,L1,L2,L3,L3,L3,L1,L1,L2,C3_3,D3_1,F3_3,,,N3_2,L_3,M_1
221543,L2,L1,L2,L3,L3,L3,L1,L1,L2,C3_3,D3_1,F3_3,,,N3_2,L_3,M_2
221544,L2,L1,L2,L3,L3,L3,L1,L1,L2,C3_3,D3_2,F3_1,,,N3_1,L_1,M_1
221545,L2,L1,L2,L3,L3,L3,L1,L1,L2,C3_3,D3_2,F3_1,,,N3_1,L_1,M_2
221546,L2,L1,L2,L3,L3,L3,L1,L1,L2,C3_3,D3_2,F3_1,,,N3_1,L_2,M_1
221547,L2,L1,L2,L3,L3,L3,L1,L1,L2,C3_3,D3_2,F3_1,,,N3_1,L_2,M_2
221548,L2,L1,L2,L3,L3,L3,L1,L1,L2,C3_3,D3_2,F3_1,,,N3_1,L_3,M_1
221549,L2,L1,L2,L3,L3,L3,L1,L1,L2,C3_3,D3_2,F3_1,,,N3_1,L_3,M_2
221550,L2,L1,L2,L3,L3,L3,L1,L1,L2,C3_3,D3_2,F3_1,,,N3_2,L_1,M_1
221551,L2,L1,L2,L3,L3,L3,L1,L1,L2,C3_3,D3_2,F3_1,,,N3_2,L_1,M_2
221552,L2,L1,L2,L3,L3,L3,L1,L1,L2,C3_3,D3_2,F3_1,,,N3_2,L_2,M_1
221553,L2,L1,L2,L3,L3,L3,L1,L1,L2,C3_3,D3_2,F3_1,,,N3_2,L_2,M_2
221554,L2,L1,L2,L3,L3,L3,L1,L1,L2,C3_3,D3_2,F3_1,,,N3_2,L_3,M_1
221555,L2,L1,L2,L3,L3,L3,L1,L1,L2,C3_3,D3_2,F3_1,,,N3_2,L_3,M_2
221556,L2,L1,L2,L3,L3,L3,L1,L1,L2,C3_3,D3_2,F3_2,,,N3_1,L_1,M_1
221557,L2,L1,L2,L3,L3,L3,L1,L1,L2,C3_3,D3_2,F3_2,,,N3_1,L_1,M_2
221558,L2,L1,L2,L3,L3,L3,L1,L1,L2,C3_3,D3_2,F3_2,,,N3_1,L_2,M_1
221559,L2,L1,L2,L3,L3,L3,L1,L1,L2,C3_3,D3_2,F3_2,,,N3_1,L_2,M_2
221560,L2,L1,L2,L3,L3,L3,L1,L1,L2,C3_3,D3_2,F3_2,,,N3_1,L_3,M_1
221561,L2,L1,L2,L3,L3,L3,L1,L1,L2,C3_3,D3_2,F3_2,,,N3_1,L_3,M_2
221562,L2,L1,L2,L3,L3,L3,L1,L1,L2,C3_3,D3_2,F3_2,,,N3_2,L_1,M_1
221563,L2,L1,L2,L3,L3,L3,L1,L1,L2,C3_3,D3_2,F3_2,,,N3_2,L_1,M_2
221564,L2,L1,L2,L3,L3,L3,L1,L1,L2,C3_3,D3_2,F3_2,,,N3_2,L_2,M_1
221565,L2,L1,L2,L3,L3,L3,L1,L1,L2,C3_3,D3_2,F3_2,,,N3_2,L_2,M_2
221566,L2,L1,L2,L3,L3,L3,L1,L1,L2,C3_3,D3_2,F3_2,,,N3_2,L_3,M_1
221567,L2,L1,L2,L3,L3,L3,L1,L1,L2,C3_3,D3_2,F3_2,,,N3_2,L_3,M_2
221568,L2,L1,L2,L3,L3,L3,L1,L1,L2,C3_3,D3_2,F3_3,,,N3_1,L_1,M_1
221569,L2,L1,L2,L3,L3,L3,L1,L1,L2,C3_3,D3_2,F3_3,,,N3_1,L_1,M_2
221570,L2,L1,L2,L3,L3,L3,L1,L1,L2,C3_3,D3_2,F3_3,,,N3_1,L_2,M_1
221571,L2,L1,L2,L3,L3,L3,L1,L1,L2,C3_3,D3_2,F3_3,,,N3_1,L_2,M_2
221572,L2,L1,L2,L3,L3,L3,L1,L1,L2,C3_3,D3_2,F3_3,,,N3_1,L_3,M_1
221573,L2,L1,L2,L3,L3,L3,L1,L1,L2,C3_3,D3_2,F3_3,,,N3_1,L_3,M_2
221574,L2,L1,L2,L3,L3,L3,L1,L1,L2,C3_3,D3_2,F3_3,,,N3_2,L_1,M_1
221575,L2,L1,L2,L3,L3,L3,L1,L1,L2,C3_3,D3_2,F3_3,,,N3_2,L_1,M_2
221576,L2,L1,L2,L3,L3,L3,L1,L1,L2,C3_3,D3_2,F3_3,,,N3_2,L_2,M_1
221577,L2,L1,L2,L3,L3,L3,L1,L1,L2,C3_3,D3_2,F3_3,,,N3_2,L_2,M_2
221578,L2,L1,L2,L3,L3,L3,L1,L1,L2,C3_3,D3_2,F3_3,,,N3_2,L_3,M_1
221579,L2,L1,L2,L3,L3,L3,L1,L1,L2,C3_3,D3_2,F3_3,,,N3_2,L_3,M_2
221580,L2,L1,L2,L3,L3,L3,L1,L1,L2,C3_3,D3_3,F3_1,,,N3_1,L_1,M_1
221581,L2,L1,L2,L3,L3,L3,L1,L1,L2,C3_3,D3_3,F3_1,,,N3_1,L_1,M_2
221582,L2,L1,L2,L3,L3,L3,L1,L1,L2,C3_3,D3_3,F3_1,,,N3_1,L_2,M_1
221583,L2,L1,L2,L3,L3,L3,L1,L1,L2,C3_3,D3_3,F3_1,,,N3_1,L_2,M_2
221584,L2,L1,L2,L3,L3,L3,L1,L1,L2,C3_3,D3_3,F3_1,,,N3_1,L_3,M_1
221585,L2,L1,L2,L3,L3,L3,L1,L1,L2,C3_3,D3_3,F3_1,,,N3_1,L_3,M_2
221586,L2,L1,L2,L3,L3,L3,L1,L1,L2,C3_3,D3_3,F3_1,,,N3_2,L_1,M_1
221587,L2,L1,L2,L3,L3,L3,L1,L1,L2,C3_3,D3_3,F3_1,,,N3_2,L_1,M_2
221588,L2,L1,L2,L3,L3,L3,L1,L1,L2,C3_3,D3_3,F3_1,,,N3_2,L_2,M_1
221589,L2,L1,L2,L3,L3,L3,L1,L1,L2,C3_3,D3_3,F3_1,,,N3_2,L_2,M_2
221590,L2,L1,L2,L3,L3,L3,L1,L1,L2,C3_3,D3_3,F3_1,,,N3_2,L_3,M_1
221591,L2,L1,L2,L3,L3,L3,L1,L1,L2,C3_3,D3_3,F3_1,,,N3_2,L_3,M_2
221592,L2,L1,L2,L3,L3,L3,L1,L1,L2,C3_3,D3_3,F3_2,,,N3_1,L_1,M_1
221593,L2,L1,L2,L3,L3,L3,L1,L1,L2,C3_3,D3_3,F3_2,,,N3_1,L_1,M_2
221594,L2,L1,L2,L3,L3,L3,L1,L1,L2,C3_3,D3_3,F3_2,,,N3_1,L_2,M_1
221595,L2,L1,L2,L3,L3,L3,L1,L1,L2,C3_3,D3_3,F3_2,,,N3_1,L_2,M_2
221596,L2,L1,L2,L3,L3,L3,L1,L1,L2,C3_3,D3_3,F3_2,,,N3_1,L_3,M_1
221597,L2,L1,L2,L3,L3,L3,L1,L1,L2,C3_3,D3_3,F3_2,,,N3_1,L_3,M_2
221598,L2,L1,L2,L3,L3,L3,L1,L1,L2,C3_3,D3_3,F3_2,,,N3_2,L_1,M_1
221599,L2,L1,L2,L3,L3,L3,L1,L1,L2,C3_3,D3_3,F3_2,,,N3_2,L_1,M_2
221600,L2,L1,L2,L3,L3,L3,L1,L1,L2,C3_3,D3_3,F3_2,,,N3_2,L_2,M_1
221601,L2,L1,L2,L3,L3,L3,L1,L1,L2,C3_3,D3_3,F3_2,,,N3_2,L_2,M_2
221602,L2,L1,L2,L3,L3,L3,L1,L1,L2,C3_3,D3_3,F3_2,,,N3_2,L_3,M_1
221603,L2,L1,L2,L3,L3,L3,L1,L1,L2,C3_3,D3_3,F3_2,,,N3_2,L_3,M_2
221604,L2,L1,L2,L3,L3,L3,L1,L1,L2,C3_3,D3_3,F3_3,,,N3_1,L_1,M_1
221605,L2,L1,L2,L3,L3,L3,L1,L1,L2,C3_3,D3_3,F3_3,,,N3_1,L_1,M_2
221606,L2,L1,L2,L3,L3,L3,L1,L1,L2,C3_3,D3_3,F3_3,,,N3_1,L_2,M_1
221607,L2,L1,L2,L3,L3,L3,L1,L1,L2,C3_3,D3_3,F3_3,,,N3_1,L_2,M_2
221608,L2,L1,L2,L3,L3,L3,L1,L1,L2,C3_3,D3_3,F3_3,,,N3_1,L_3,M_1
221609,L2,L1,L2,L3,L3,L3,L1,L1,L2,C3_3,D3_3,F3_3,,,N3_1,L_3,M_2
221610,L2,L1,L2,L3,L3,L3,L1,L1,L2,C3_3,D3_3,F3_3,,,N3_2,L_1,M_1
221611,L2,L1,L2,L3,L3,L3,L1,L1,L2,C3_3,D3_3,F3_3,,,N3_2,L_1,M_2
221612,L2,L1,L2,L3,L3,L3,L1,L1,L2,C3_3,D3_3,F3_3,,,N3_2,L_2,M_1
221613,L2,L1,L2,L3,L3,L3,L1,L1,L2,C3_3,D3_3,F3_3,,,N3_2,L_2,M_2
221614,L2,L1,L2,L3,L3,L3,L1,L1,L2,C3_3,D3_3,F3_3,,,N3_2,L_3,M_1
221615,L2,L1,L2,L3,L3,L3,L1,L1,L2,C3_3,D3_3,F3_3,,,N3_2,L_3,M_2
239058,L1,L3,L1,L1,L1,L3,L1,L1,L2,C3_1,D3_1,F3_1,,,N3_1,L_1,M_1
239059,L1,L3,L1,L1,L1,L3,L1,L1,L2,C3_1,D3_1,F3_1,,,N3_1,L_1,M_2
239060,L1,L3,L1,L1,L1,L3,L1,L1,L2,C3_1,D3_1,F3_1,,,N3_1,L_2,M_1
239061,L1,L3,L1,L1,L1,L3,L1,L1,L2,C3_1,D3_1,F3_1,,,N3_1,L_2,M_2
239062,L1,L3,L1,L1,L1,L3,L1,L1,L2,C3_1,D3_1,F3_1,,,N3_1,L_3,M_1
239063,L1,L3,L1,L1,L1,L3,L1,L1,L2,C3_1,D3_1,F3_1,,,N3_1,L_3,M_2
239064,L1,L3,L1,L1,L1,L3,L1,L1,L2,C3_1,D3_1,F3_1,,,N3_2,L_1,M_1
239065,L1,L3,L1,L1,L1,L3,L1,L1,L2,C3_1,D3_1,F3_1,,,N3_2,L_1,M_2
239066,L1,L3,L1,L1,L1,L3,L1,L1,L2,C3_1,D3_1,F3_1,,,N3_2,L_2,M_1
239067,L1,L3,L1,L1,L1,L3,L1,L1,L2,C3_1,D3_1,F3_1,,,N3_2,L_2,M_2
239068,L1,L3,L1,L1,L1,L3,L1,L1,L2,C3_1,D3_1,F3_1,,,N3_2,L_3,M_1
239069,L1,L3,L1,L1,L1,L3,L1,L1,L2,C3_1,D3_1,F3_1,,,N3_2,L_3,M_2
239070,L1,L3,L1,L1,L1,L3,L1,L1,L2,C3_1,D3_1,F3_2,,,N3_1,L_1,M_1
239071,L1,L3,L1,L1,L1,L3,L1,L1,L2,C3_1,D3_1,F3_2,,,N3_1,L_1,M_2
239072,L1,L3,L1,L1,L1,L3,L1,L1,L2,C3_1,D3_1,F3_2,,,N3_1,L_2,M_1
239073,L1,L3,L1,L1,L1,L3,L1,L1,L2,C3_1,D3_1,F3_2,,,N3_1,L_2,M_2
239074,L1,L3,L1,L1,L1,L3,L1,L1,L2,C3_1,D3_1,F3_2,,,N3_1,L_3,M_1
239075,L1,L3,L1,L1,L1,L3,L1,L1,L2,C3_1,D3_1,F3_2,,,N3_1,L_3,M_2
239076,L1,L3,L1,L1,L1,L3,L1,L1,L2,C3_1,D3_1,F3_2,,,N3_2,L_1,M_1
239077,L1,L3,L1,L1,L1,L3,L1,L1,L2,C3_1,D3_1,F3_2,,,N3_2,L_1,M_2
239078,L1,L3,L1,L1,L1,L3,L1,L1,L2,C3_1,D3_1,F3_2,,,N3_2,L_2,M_1
239079,L1,L3,L1,L1,L1,L3,L1,L1,L2,C3_1,D3_1,F3_2,,,N3_2,L_2,M_2
239080,L1,L3,L1,L1,L1,L3,L1,L1,L2,C3_1,D3_1,F3_2,,,N3_2,L_3,M_1
239081,L1,L3,L1,L1,L1,L3,L1,L1,L2,C3_1,D3_1,F3_2,,,N3_2,L_3,M_2
239082,L1,L3,L1,L1,L1,L3,L1,L1,L2,C3_1,D3_1,F3_3,,,N3_1,L_1,M_1
239083,L1,L3,L1,L1,L1,L3,L1,L1,L2,C3_1,D3_1,F3_3,,,N3_1,L_1,M_2
239084,L1,L3,L1,L1,L1,L3,L1,L1,L2,C3_1,D3_1,F3_3,,,N3_1,L_2,M_1
239085,L1,L3,L1,L1,L1,L3,L1,L1,L2,C3_1,D3_1,F3_3,,,N3_1,L_2,M_2
239086,L1,L3,L1,L1,L1,L3,L1,L1,L2,C3_1,D3_1,F3_3,,,N3_1,L_3,M_1
239087,L1,L3,L1,L1,L1,L3,L1,L1,L2,C3_1,D3_1,F3_3,,,N3_1,L_3,M_2
239088,L1,L3,L1,L1,L1,L3,L1,L1,L2,C3_1,D3_1,F3_3,,,N3_2,L_1,M_1
239089,L1,L3,L1,L1,L1,L3,L1,L1,L2,C3_1,D3_1,F3_3,,,N3_2,L_1,M_2
239090,L1,L3,L1,L1,L1,L3,L1,L1,L2,C3_1,D3_1,F3_3,,,N3_2,L_2,M_1
239091,L1,L3,L1,L1,L1,L3,L1,L1,L2,C3_1,D3_1,F3_3,,,N3_2,L_2,M_2
239092,L1,L3,L1,L1,L1,L3,L1,L1,L2,C3_1,D3_1,F3_3,,,N3_2,L_3,M_1
239093,L1,L3,L1,L1,L1,L3,L1,L1,L2,C3_1,D3_1,F3_3,,,N3_2,L_3,M_2
239094,L1,L3,L1,L1,L1,L3,L1,L1,L2,C3_1,D3_2,F3_1,,,N3_1,L_1,M_1
239095,L1,L3,L1,L1,L1,L3,L1,L1,L2,C3_1,D3_2,F3_1,,,N3_1,L_1,M_2
239096,L1,L3,L1,L1,L1,L3,L1,L1,L2,C3_1,D3_2,F3_1,,,N3_1,L_2,M_1
239097,L1,L3,L1,L1,L1,L3,L1,L1,L2,C3_1,D3_2,F3_1,,,N3_1,L_2,M_2
239098,L1,L3,L1,L1,L1,L3,L1,L1,L2,C3_1,D3_2,F3_1,,,N3_1,L_3,M_1
239099,L1,L3,L1,L1,L1,L3,L1,L1,L2,C3_1,D3_2,F3_1,,,N3_1,L_3,M_2
239100,L1,L3,L1,L1,L1,L3,L1,L1,L2,C3_1,D3_2,F3_1,,,N3_2,L_1,M_1
239101,L1,L3,L1,L1,L1,L3,L1,L1,L2,C3_1,D3_2,F3_1,,,N3_2,L_1,M_2
239102,L1,L3,L1,L1,L1,L3,L1,L1,L2,C3_1,D3_2,F3_1,,,N3_2,L_2,M_1
239103,L1,L3,L1,L1,L1,L3,L1,L1,L2,C3_1,D3_2,F3_1,,,N3_2,L_2,M_2
239104,L1,L3,L1,L1,L1,L3,L1,L1,L2,C3_1,D3_2,F3_1,,,N3_2,L_3,M_1
239105,L1,L3,L1,L1,L1,L3,L1,L1,L2,C3_1,D3_2,F3_1,,,N3_2,L_3,M_2
239106,L1,L3,L1,L1,L1,L3,L1,L1,L2,C3_1,D3_2,F3_2,,,N3_1,L_1,M_1
239107,L1,L3,L1,L1,L1,L3,L1,L1,L2,C3_1,D3_2,F3_2,,,N3_1,L_1,M_2
239108,L1,L3,L1,L1,L1,L3,L1,L1,L2,C3_1,D3_2,F3_2,,,N3_1,L_2,M_1
239109,L1,L3,L1,L1,L1,L3,L1,L1,L2,C3_1,D3_2,F3_2,,,N3_1,L_2,M_2
239110,L1,L3,L1,L1,L1,L3,L1,L1,L2,C3_1,D3_2,F3_2,,,N3_1,L_3,M_1
239111,L1,L3,L1,L1,L1,L3,L1,L1,L2,C3_1,D3_2,F3_2,,,N3_1,L_3,M_2
239112,L1,L3,L1,L1,L1,L3,L1,L1,L2,C3_1,D3_2,F3_2,,,N3_2,L_1,M_1
239113,L1,L3,L1,L1,L1,L3,L1,L1,L2,C3_1,D3_2,F3_2,,,N3_2,L_1,M_2
239114,L1,L3,L1,L1,L1,L3,L1,L1,L2,C3_1,D3_2,F3_2,,,N3_2,L_2,M_1
239115,L1,L3,L1,L1,L1,L3,L1,L1,L2,C3_1,D3_2,F3_2,,,N3_2,L_2,M_2
239116,L1,L3,L1,L1,L1,L3,L1,L1,L2,C3_1,D3_2,F3_2,,,N3_2,L_3,M_1
239117,L1,L3,L1,L1,L1,L3,L1,L1,L2,C3_1,D3_2,F3_2,,,N3_2,L_3,M_2
239118,L1,L3,L1,L1,L1,L3,L1,L1,L2,C3_1,D3_2,F3_3,,,N3_1,L_1,M_1
239119,L1,L3,L1,L1,L1,L3,L1,L1,L2,C3_1,D3_2,F3_3,,,N3_1,L_1,M_2
239120,L1,L3,L1,L1,L1,L3,L1,L1,L2,C3_1,D3_2,F3_3,,,N3_1,L_2,M_1
239121,L1,L3,L1,L1,L1,L3,L1,L1,L2,C3_1,D3_2,F3_3,,,N3_1,L_2,M_2
239122,L1,L3,L1,L1,L1,L3,L1,L1,L2,C3_1,D3_2,F3_3,,,N3_1,L_3,M_1
239123,L1,L3,L1,L1,L1,L3,L1,L1,L2,C3_1,D3_2,F3_3,,,N3_1,L_3,M_2
239124,L1,L3,L1,L1,L1,L3,L1,L1,L2,C3_1,D3_2,F3_3,,,N3_2,L_1,M_1
239125,L1,L3,L1,L1,L1,L3,L1,L1,L2,C3_1,D3_2,F3_3,,,N3_2,L_1,M_2
239126,L1,L3,L1,L1,L1,L3,L1,L1,L2,C3_1,D3_2,F3_3,,,N3_2,L_2,M_1
239127,L1,L3,L1,L1,L1,L3,L1,L1,L2,C3_1,D3_2,F3_3,,,N3_2,L_2,M_2
239128,L1,L3,L1,L1,L1,L3,L1,L1,L2,C3_1,D3_2,F3_3,,,N3_2,L_3,M_1
239129,L1,L3,L1,L1,L1,L3,L1,L1,L2,C3_1,D3_2,F3_3,,,N3_2,L_3,M_2
239130,L1,L3,L1,L1,L1,L3,L1,L1,L2,C3_1,D3_3,F3_1,,,N3_1,L_1,M_1
239131,L1,L3,L1,L1,L1,L3,L1,L1,L2,C3_1,D3_3,F3_1,,,N3_1,L_1,M_2
239132,L1,L3,L1,L1,L1,L3,L1,L1,L2,C3_1,D3_3,F3_1,,,N3_1,L_2,M_1
239133,L1,L3,L1,L1,L1,L3,L1,L1,L2,C3_1,D3_3,F3_1,,,N3_1,L_2,M_2
239134,L1,L3,L1,L1,L1,L3,L1,L1,L2,C3_1,D3_3,F3_1,,,N3_1,L_3,M_1
239135,L1,L3,L1,L1,L1,L3,L1,L1,L2,C3_1,D3_3,F3_1,,,N3_1,L_3,M_2
239136,L1,L3,L1,L1,L1,L3,L1,L1,L2,C3_1,D3_3,F3_1,,,N3_2,L_1,M_1
239137,L1,L3,L1,L1,L1,L3,L1,L1,L2,C3_1,D3_3,F3_1,,,N3_2,L_1,M_2
239138,L1,L3,L1,L1,L1,L3,L1,L1,L2,C3_1,D3_3,F3_1,,,N3_2,L_2,M_1
239139,L1,L3,L1,L1,L1,L3,L1,L1,L2,C3_1,D3_3,F3_1,,,N3_2,L_2,M_2
239140,L1,L3,L1,L1,L1,L3,L1,L1,L2,C3_1,D3_3,F3_1,,,N3_2,L_3,M_1
239141,L1,L3,L1,L1,L1,L3,L1,L1,L2,C3_1,D3_3,F3_1,,,N3_2,L_3,M_2
239142,L1,L3,L1,L1,L1,L3,L1,L1,L2,C3_1,D3_3,F3_2,,,N3_1,L_1,M_1
239143,L1,L3,L1,L1,L1,L3,L1,L1,L2,C3_1,D3_3,F3_2,,,N3_1,L_1,M_2
239144,L1,L3,L1,L1,L1,L3,L1,L1,L2,C3_1,D3_3,F3_2,,,N3_1,L_2,M_1
239145,L1,L3,L1,L1,L1,L3,L1,L1,L2,C3_1,D3_3,F3_2,,,N3_1,L_2,M_2
239146,L1,L3,L1,L1,L1,L3,L1,L1,L2,C3_1,D3_3,F3_2,,,N3_1,L_3,M_1
239147,L1,L3,L1,L1,L1,L3,L1,L1,L2,C3_1,D3_3,F3_2,,,N3_1,L_3,M_2
239148,L1,L3,L1,L1,L1,L3,L1,L1,L2,C3_1,D3_3,F3_2,,,N3_2,L_1,M_1
239149,L1,L3,L1,L1,L1,L3,L1,L1,L2,C3_1,D3_3,F3_2,,,N3_2,L_1,M_2
239150,L1,L3,L1,L1,L1,L3,L1,L1,L2,C3_1,D3_3,F3_2,,,N3_2,L_2,M_1
239151,L1,L3,L1,L1,L1,L3,L1,L1,L2,C3_1,D3_3,F3_2,,,N3_2,L_2,M_2
239152,L1,L3,L1,L1,L1,L3,L1,L1,L2,C3_1,D3_3,F3_2,,,N3_2,L_3,M_1
239153,L1,L3,L1,L1,L1,L3,L1,L1,L2,C3_1,D3_3,F3_2,,,N3_2,L_3,M_2
239154,L1,L3,L1,L1,L1,L3,L1,L1,L2,C3_1,D3_3,F3_3,,,N3_1,L_1,M_1
239155,L1,L3,L1,L1,L1,L3,L1,L1,L2,C3_1,D3_3,F3_3,,,N3_1,L_1,M_2
239156,L1,L3,L1,L1,L1,L3,L1,L1,L2,C3_1,D3_3,F3_3,,,N3_1,L_2,M_1
239157,L1,L3,L1,L1,L1,L3,L1,L1,L2,C3_1,D3_3,F3_3,,,N3_1,L_2,M_2
239158,L1,L3,L1,L1,L1,L3,L1,L1,L2,C3_1,D3_3,F3_3,,,N3_1,L_3,M_1
239159,L1,L3,L1,L1,L1,L3,L1,L1,L2,C3_1,D3_3,F3_3,,,N3_1,L_3,M_2
239160,L1,L3,L1,L1,L1,L3,L1,L1,L2,C3_1,D3_3,F3_3,,,N3_2,L_1,M_1
239161,L1,L3,L1,L1,L1,L3,L1,L1,L2,C3_1,D3_3,F3_3,,,N3_2,L_1,M_2
239162,L1,L3,L1,L1,L1,L3,L1,L1,L2,C3_1,D3_3,F3_3,,,N3_2,L_2,M_1
239163,L1,L3,L1,L1,L1,L3,L1,L1,L2,C3_1,D3_3,F3_3,,,N3_2,L_2,M_2
239164,L1,L3,L1,L1,L1,L3,L1,L1,L2,C3_1,D3_3,F3_3,,,N3_2,L_3,M_1
239165,L1,L3,L1,L1,L1,L3,L1,L1,L2,C3_1,D3_3,F3_3,,,N3_2,L_3,M_2
239166,L1,L3,L1,L1,L1,L3,L1,L1,L2,C3_2,D3_1,F3_1,,,N3_1,L_1,M_1
239167,L1,L3,L1,L1,L1,L3,L1,L1,L2,C3_2,D3_1,F3_1,,,N3_1,L_1,M_2
239168,L1,L3,L1,L1,L1,L3,L1,L1,L2,C3_2,D3_1,F3_1,,,N3_1,L_2,M_1
239169,L1,L3,L1,L1,L1,L3,L1,L1,L2,C3_2,D3_1,F3_1,,,N3_1,L_2,M_2
239170,L1,L3,L1,L1,L1,L3,L1,L1,L2,C3_2,D3_1,F3_1,,,N3_1,L_3,M_1
239171,L1,L3,L1,L1,L1,L3,L1,L1,L2,C3_2,D3_1,F3_1,,,N3_1,L_3,M_2
239172,L1,L3,L1,L1,L1,L3,L1,L1,L2,C3_2,D3_1,F3_1,,,N3_2,L_1,M_1
239173,L1,L3,L1,L1,L1,L3,L1,L1,L2,C3_2,D3_1,F3_1,,,N3_2,L_1,M_2
239174,L1,L3,L1,L1,L1,L3,L1,L1,L2,C3_2,D3_1,F3_1,,,N3_2,L_2,M_1
239175,L1,L3,L1,L1,L1,L3,L1,L1,L2,C3_2,D3_1,F3_1,,,N3_2,L_2,M_2
239176,L1,L3,L1,L1,L1,L3,L1,L1,L2,C3_2,D3_1,F3_1,,,N3_2,L_3,M_1
239177,L1,L3,L1,L1,L1,L3,L1,L1,L2,C3_2,D3_1,F3_1,,,N3_2,L_3,M_2
239178,L1,L3,L1,L1,L1,L3,L1,L1,L2,C3_2,D3_1,F3_2,,,N3_1,L_1,M_1
239179,L1,L3,L1,L1,L1,L3,L1,L1,L2,C3_2,D3_1,F3_2,,,N3_1,L_1,M_2
239180,L1,L3,L1,L1,L1,L3,L1,L1,L2,C3_2,D3_1,F3_2,,,N3_1,L_2,M_1
239181,L1,L3,L1,L1,L1,L3,L1,L1,L2,C3_2,D3_1,F3_2,,,N3_1,L_2,M_2
239182,L1,L3,L1,L1,L1,L3,L1,L1,L2,C3_2,D3_1,F3_2,,,N3_1,L_3,M_1
239183,L1,L3,L1,L1,L1,L3,L1,L1,L2,C3_2,D3_1,F3_2,,,N3_1,L_3,M_2
239184,L1,L3,L1,L1,L1,L3,L1,L1,L2,C3_2,D3_1,F3_2,,,N3_2,L_1,M_1
239185,L1,L3,L1,L1,L1,L3,L1,L1,L2,C3_2,D3_1,F3_2,,,N3_2,L_1,M_2
239186,L1,L3,L1,L1,L1,L3,L1,L1,L2,C3_2,D3_1,F3_2,,,N3_2,L_2,M_1
239187,L1,L3,L1,L1,L1,L3,L1,L1,L2,C3_2,D3_1,F3_2,,,N3_2,L_2,M_2
239188,L1,L3,L1,L1,L1,L3,L1,L1,L2,C3_2,D3_1,F3_2,,,N3_2,L_3,M_1
239189,L1,L3,L1,L1,L1,L3,L1,L1,L2,C3_2,D3_1,F3_2,,,N3_2,L_3,M_2
239190,L1,L3,L1,L1,L1,L3,L1,L1,L2,C3_2,D3_1,F3_3,,,N3_1,L_1,M_1
239191,L1,L3,L1,L1,L1,L3,L1,L1,L2,C3_2,D3_1,F3_3,,,N3_1,L_1,M_2
239192,L1,L3,L1,L1,L1,L3,L1,L1,L2,C3_2,D3_1,F3_3,,,N3_1,L_2,M_1
239193,L1,L3,L1,L1,L1,L3,L1,L1,L2,C3_2,D3_1,F3_3,,,N3_1,L_2,M_2
239194,L1,L3,L1,L1,L1,L3,L1,L1,L2,C3_2,D3_1,F3_3,,,N3_1,L_3,M_1
239195,L1,L3,L1,L1,L1,L3,L1,L1,L2,C3_2,D3_1,F3_3,,,N3_1,L_3,M_2
239196,L1,L3,L1,L1,L1,L3,L1,L1,L2,C3_2,D3_1,F3_3,,,N3_2,L_1,M_1
239197,L1,L3,L1,L1,L1,L3,L1,L1,L2,C3_2,D3_1,F3_3,,,N3_2,L_1,M_2
239198,L1,L3,L1,L1,L1,L3,L1,L1,L2,C3_2,D3_1,F3_3,,,N3_2,L_2,M_1
239199,L1,L3,L1,L1,L1,L3,L1,L1,L2,C3_2,D3_1,F3_3,,,N3_2,L_2,M_2
239200,L1,L3,L1,L1,L1,L3,L1,L1,L2,C3_2,D3_1,F3_3,,,N3_2,L_3,M_1
239201,L1,L3,L1,L1,L1,L3,L1,L1,L2,C3_2,D3_1,F3_3,,,N3_2,L_3,M_2
239202,L1,L3,L1,L1,L1,L3,L1,L1,L2,C3_2,D3_2,F3_1,,,N3_1,L_1,M_1
239203,L1,L3,L1,L1,L1,L3,L1,L1,L2,C3_2,D3_2,F3_1,,,N3_1,L_1,M_2
239204,L1,L3,L1,L1,L1,L3,L1,L1,L2,C3_2,D3_2,F3_1,,,N3_1,L_2,M_1
239205,L1,L3,L1,L1,L1,L3,L1,L1,L2,C3_2,D3_2,F3_1,,,N3_1,L_2,M_2
239206,L1,L3,L1,L1,L1,L3,L1,L1,L2,C3_2,D3_2,F3_1,,,N3_1,L_3,M_1
239207,L1,L3,L1,L1,L1,L3,L1,L1,L2,C3_2,D3_2,F3_1,,,N3_1,L_3,M_2
239208,L1,L3,L1,L1,L1,L3,L1,L1,L2,C3_2,D3_2,F3_1,,,N3_2,L_1,M_1
239209,L1,L3,L1,L1,L1,L3,L1,L1,L2,C3_2,D3_2,F3_1,,,N3_2,L_1,M_2
239210,L1,L3,L1,L1,L1,L3,L1,L1,L2,C3_2,D3_2,F3_1,,,N3_2,L_2,M_1
239211,L1,L3,L1,L1,L1,L3,L1,L1,L2,C3_2,D3_2,F3_1,,,N3_2,L_2,M_2
239212,L1,L3,L1,L1,L1,L3,L1,L1,L2,C3_2,D3_2,F3_1,,,N3_2,L_3,M_1
239213,L1,L3,L1,L1,L1,L3,L1,L1,L2,C3_2,D3_2,F3_1,,,N3_2,L_3,M_2
239214,L1,L3,L1,L1,L1,L3,L1,L1,L2,C3_2,D3_2,F3_2,,,N3_1,L_1,M_1
239215,L1,L3,L1,L1,L1,L3,L1,L1,L2,C3_2,D3_2,F3_2,,,N3_1,L_1,M_2
239216,L1,L3,L1,L1,L1,L3,L1,L1,L2,C3_2,D3_2,F3_2,,,N3_1,L_2,M_1
239217,L1,L3,L1,L1,L1,L3,L1,L1,L2,C3_2,D3_2,F3_2,,,N3_1,L_2,M_2
239218,L1,L3,L1,L1,L1,L3,L1,L1,L2,C3_2,D3_2,F3_2,,,N3_1,L_3,M_1
239219,L1,L3,L1,L1,L1,L3,L1,L1,L2,C3_2,D3_2,F3_2,,,N3_1,L_3,M_2
239220,L1,L3,L1,L1,L1,L3,L1,L1,L2,C3_2,D3_2,F3_2,,,N3_2,L_1,M_1
239221,L1,L3,L1,L1,L1,L3,L1,L1,L2,C3_2,D3_2,F3_2,,,N3_2,L_1,M_2
239222,L1,L3,L1,L1,L1,L3,L1,L1,L2,C3_2,D3_2,F3_2,,,N3_2,L_2,M_1
239223,L1,L3,L1,L1,L1,L3,L1,L1,L2,C3_2,D3_2,F3_2,,,N3_2,L_2,M_2
239224,L1,L3,L1,L1,L1,L3,L1,L1,L2,C3_2,D3_2,F3_2,,,N3_2,L_3,M_1
239225,L1,L3,L1,L1,L1,L3,L1,L1,L2,C3_2,D3_2,F3_2,,,N3_2,L_3,M_2
239226,L1,L3,L1,L1,L1,L3,L1,L1,L2,C3_2,D3_2,F3_3,,,N3_1,L_1,M_1
239227,L1,L3,L1,L1,L1,L3,L1,L1,L2,C3_2,D3_2,F3_3,,,N3_1,L_1,M_2
239228,L1,L3,L1,L1,L1,L3,L1,L1,L2,C3_2,D3_2,F3_3,,,N3_1,L_2,M_1
239229,L1,L3,L1,L1,L1,L3,L1,L1,L2,C3_2,D3_2,F3_3,,,N3_1,L_2,M_2
239230,L1,L3,L1,L1,L1,L3,L1,L1,L2,C3_2,D3_2,F3_3,,,N3_1,L_3,M_1
239231,L1,L3,L1,L1,L1,L3,L1,L1,L2,C3_2,D3_2,F3_3,,,N3_1,L_3,M_2
239232,L1,L3,L1,L1,L1,L3,L1,L1,L2,C3_2,D3_2,F3_3,,,N3_2,L_1,M_1
239233,L1,L3,L1,L1,L1,L3,L1,L1,L2,C3_2,D3_2,F3_3,,,N3_2,L_1,M_2
239234,L1,L3,L1,L1,L1,L3,L1,L1,L2,C3_2,D3_2,F3_3,,,N3_2,L_2,M_1
239235,L1,L3,L1,L1,L1,L3,L1,L1,L2,C3_2,D3_2,F3_3,,,N3_2,L_2,M_2
239236,L1,L3,L1,L1,L1,L3,L1,L1,L2,C3_2,D3_2,F3_3,,,N3_2,L_3,M_1
239237,L1,L3,L1,L1,L1,L3,L1,L1,L2,C3_2,D3_2,F3_3,,,N3_2,L_3,M_2
239238,L1,L3,L1,L1,L1,L3,L1,L1,L2,C3_2,D3_3,F3_1,,,N3_1,L_1,M_1
239239,L1,L3,L1,L1,L1,L3,L1,L1,L2,C3_2,D3_3,F3_1,,,N3_1,L_1,M_2
239240,L1,L3,L1,L1,L1,L3,L1,L1,L2,C3_2,D3_3,F3_1,,,N3_1,L_2,M_1
239241,L1,L3,L1,L1,L1,L3,L1,L1,L2,C3_2,D3_3,F3_1,,,N3_1,L_2,M_2
239242,L1,L3,L1,L1,L1,L3,L1,L1,L2,C3_2,D3_3,F3_1,,,N3_1,L_3,M_1
239243,L1,L3,L1,L1,L1,L3,L1,L1,L2,C3_2,D3_3,F3_1,,,N3_1,L_3,M_2
239244,L1,L3,L1,L1,L1,L3,L1,L1,L2,C3_2,D3_3,F3_1,,,N3_2,L_1,M_1
239245,L1,L3,L1,L1,L1,L3,L1,L1,L2,C3_2,D3_3,F3_1,,,N3_2,L_1,M_2
239246,L1,L3,L1,L1,L1,L3,L1,L1,L2,C3_2,D3_3,F3_1,,,N3_2,L_2,M_1
239247,L1,L3,L1,L1,L1,L3,L1,L1,L2,C3_2,D3_3,F3_1,,,N3_2,L_2,M_2
239248,L1,L3,L1,L1,L1,L3,L1,L1,L2,C3_2,D3_3,F3_1,,,N3_2,L_3,M_1
239249,L1,L3,L1,L1,L1,L3,L1,L1,L2,C3_2,D3_3,F3_1,,,N3_2,L_3,M_2
239250,L1,L3,L1,L1,L1,L3,L1,L1,L2,C3_2,D3_3,F3_2,,,N3_1,L_1,M_1
239251,L1,L3,L1,L1,L1,L3,L1,L1,L2,C3_2,D3_3,F3_2,,,N3_1,L_1,M_2
239252,L1,L3,L1,L1,L1,L3,L1,L1,L2,C3_2,D3_3,F3_2,,,N3_1,L_2,M_1
239253,L1,L3,L1,L1,L1,L3,L1,L1,L2,C3_2,D3_3,F3_2,,,N3_1,L_2,M_2
239254,L1,L3,L1,L1,L1,L3,L1,L1,L2,C3_2,D3_3,F3_2,,,N3_1,L_3,M_1
239255,L1,L3,L1,L1,L1,L3,L1,L1,L2,C3_2,D3_3,F3_2,,,N3_1,L_3,M_2
239256,L1,L3,L1,L1,L1,L3,L1,L1,L2,C3_2,D3_3,F3_2,,,N3_2,L_1,M_1
239257,L1,L3,L1,L1,L1,L3,L1,L1,L2,C3_2,D3_3,F3_2,,,N3_2,L_1,M_2
239258,L1,L3,L1,L1,L1,L3,L1,L1,L2,C3_2,D3_3,F3_2,,,N3_2,L_2,M_1
239259,L1,L3,L1,L1,L1,L3,L1,L1,L2,C3_2,D3_3,F3_2,,,N3_2,L_2,M_2
239260,L1,L3,L1,L1,L1,L3,L1,L1,L2,C3_2,D3_3,F3_2,,,N3_2,L_3,M_1
239261,L1,L3,L1,L1,L1,L3,L1,L1,L2,C3_2,D3_3,F3_2,,,N3_2,L_3,M_2
239262,L1,L3,L1,L1,L1,L3,L1,L1,L2,C3_2,D3_3,F3_3,,,N3_1,L_1,M_1
239263,L1,L3,L1,L1,L1,L3,L1,L1,L2,C3_2,D3_3,F3_3,,,N3_1,L_1,M_2
239264,L1,L3,L1,L1,L1,L3,L1,L1,L2,C3_2,D3_3,F3_3,,,N3_1,L_2,M_1
239265,L1,L3,L1,L1,L1,L3,L1,L1,L2,C3_2,D3_3,F3_3,,,N3_1,L_2,M_2
239266,L1,L3,L1,L1,L1,L3,L1,L1,L2,C3_2,D3_3,F3_3,,,N3_1,L_3,M_1
239267,L1,L3,L1,L1,L1,L3,L1,L1,L2,C3_2,D3_3,F3_3,,,N3_1,L_3,M_2
239268,L1,L3,L1,L1,L1,L3,L1,L1,L2,C3_2,D3_3,F3_3,,,N3_2,L_1,M_1
239269,L1,L3,L1,L1,L1,L3,L1,L1,L2,C3_2,D3_3,F3_3,,,N3_2,L_1,M_2
239270,L1,L3,L1,L1,L1,L3,L1,L1,L2,C3_2,D3_3,F3_3,,,N3_2,L_2,M_1
239271,L1,L3,L1,L1,L1,L3,L1,L1,L2,C3_2,D3_3,F3_3,,,N3_2,L_2,M_2
239272,L1,L3,L1,L1,L1,L3,L1,L1,L2,C3_2,D3_3,F3_3,,,N3_2,L_3,M_1
239273,L1,L3,L1,L1,L1,L3,L1,L1,L2,C3_2,D3_3,F3_3,,,N3_2,L_3,M_2
239274,L1,L3,L1,L1,L1,L3,L1,L1,L2,C3_3,D3_1,F3_1,,,N3_1,L_1,M_1
239275,L1,L3,L1,L1,L1,L3,L1,L1,L2,C3_3,D3_1,F3_1,,,N3_1,L_1,M_2
239276,L1,L3,L1,L1,L1,L3,L1,L1,L2,C3_3,D3_1,F3_1,,,N3_1,L_2,M_1
239277,L1,L3,L1,L1,L1,L3,L1,L1,L2,C3_3,D3_1,F3_1,,,N3_1,L_2,M_2
239278,L1,L3,L1,L1,L1,L3,L1,L1,L2,C3_3,D3_1,F3_1,,,N3_1,L_3,M_1
239279,L1,L3,L1,L1,L1,L3,L1,L1,L2,C3_3,D3_1,F3_1,,,N3_1,L_3,M_2
239280,L1,L3,L1,L1,L1,L3,L1,L1,L2,C3_3,D3_1,F3_1,,,N3_2,L_1,M_1
239281,L1,L3,L1,L1,L1,L3,L1,L1,L2,C3_3,D3_1,F3_1,,,N3_2,L_1,M_2
239282,L1,L3,L1,L1,L1,L3,L1,L1,L2,C3_3,D3_1,F3_1,,,N3_2,L_2,M_1
239283,L1,L3,L1,L1,L1,L3,L1,L1,L2,C3_3,D3_1,F3_1,,,N3_2,L_2,M_2
239284,L1,L3,L1,L1,L1,L3,L1,L1,L2,C3_3,D3_1,F3_1,,,N3_2,L_3,M_1
239285,L1,L3,L1,L1,L1,L3,L1,L1,L2,C3_3,D3_1,F3_1,,,N3_2,L_3,M_2
239286,L1,L3,L1,L1,L1,L3,L1,L1,L2,C3_3,D3_1,F3_2,,,N3_1,L_1,M_1
239287,L1,L3,L1,L1,L1,L3,L1,L1,L2,C3_3,D3_1,F3_2,,,N3_1,L_1,M_2
239288,L1,L3,L1,L1,L1,L3,L1,L1,L2,C3_3,D3_1,F3_2,,,N3_1,L_2,M_1
239289,L1,L3,L1,L1,L1,L3,L1,L1,L2,C3_3,D3_1,F3_2,,,N3_1,L_2,M_2
239290,L1,L3,L1,L1,L1,L3,L1,L1,L2,C3_3,D3_1,F3_2,,,N3_1,L_3,M_1
239291,L1,L3,L1,L1,L1,L3,L1,L1,L2,C3_3,D3_1,F3_2,,,N3_1,L_3,M_2
239292,L1,L3,L1,L1,L1,L3,L1,L1,L2,C3_3,D3_1,F3_2,,,N3_2,L_1,M_1
239293,L1,L3,L1,L1,L1,L3,L1,L1,L2,C3_3,D3_1,F3_2,,,N3_2,L_1,M_2
239294,L1,L3,L1,L1,L1,L3,L1,L1,L2,C3_3,D3_1,F3_2,,,N3_2,L_2,M_1
239295,L1,L3,L1,L1,L1,L3,L1,L1,L2,C3_3,D3_1,F3_2,,,N3_2,L_2,M_2
239296,L1,L3,L1,L1,L1,L3,L1,L1,L2,C3_3,D3_1,F3_2,,,N3_2,L_3,M_1
239297,L1,L3,L1,L1,L1,L3,L1,L1,L2,C3_3,D3_1,F3_2,,,N3_2,L_3,M_2
239298,L1,L3,L1,L1,L1,L3,L1,L1,L2,C3_3,D3_1,F3_3,,,N3_1,L_1,M_1
239299,L1,L3,L1,L1,L1,L3,L1,L1,L2,C3_3,D3_1,F3_3,,,N3_1,L_1,M_2
239300,L1,L3,L1,L1,L1,L3,L1,L1,L2,C3_3,D3_1,F3_3,,,N3_1,L_2,M_1
239301,L1,L3,L1,L1,L1,L3,L1,L1,L2,C3_3,D3_1,F3_3,,,N3_1,L_2,M_2
239302,L1,L3,L1,L1,L1,L3,L1,L1,L2,C3_3,D3_1,F3_3,,,N3_1,L_3,M_1
239303,L1,L3,L1,L1,L1,L3,L1,L1,L2,C3_3,D3_1,F3_3,,,N3_1,L_3,M_2
239304,L1,L3,L1,L1,L1,L3,L1,L1,L2,C3_3,D3_1,F3_3,,,N3_2,L_1,M_1
239305,L1,L3,L1,L1,L1,L3,L1,L1,L2,C3_3,D3_1,F3_3,,,N3_2,L_1,M_2
239306,L1,L3,L1,L1,L1,L3,L1,L1,L2,C3_3,D3_1,F3_3,,,N3_2,L_2,M_1
239307,L1,L3,L1,L1,L1,L3,L1,L1,L2,C3_3,D3_1,F3_3,,,N3_2,L_2,M_2
239308,L1,L3,L1,L1,L1,L3,L1,L1,L2,C3_3,D3_1,F3_3,,,N3_2,L_3,M_1
239309,L1,L3,L1,L1,L1,L3,L1,L1,L2,C3_3,D3_1,F3_3,,,N3_2,L_3,M_2
239310,L1,L3,L1,L1,L1,L3,L1,L1,L2,C3_3,D3_2,F3_1,,,N3_1,L_1,M_1
239311,L1,L3,L1,L1,L1,L3,L1,L1,L2,C3_3,D3_2,F3_1,,,N3_1,L_1,M_2
239312,L1,L3,L1,L1,L1,L3,L1,L1,L2,C3_3,D3_2,F3_1,,,N3_1,L_2,M_1
239313,L1,L3,L1,L1,L1,L3,L1,L1,L2,C3_3,D3_2,F3_1,,,N3_1,L_2,M_2
239314,L1,L3,L1,L1,L1,L3,L1,L1,L2,C3_3,D3_2,F3_1,,,N3_1,L_3,M_1
239315,L1,L3,L1,L1,L1,L3,L1,L1,L2,C3_3,D3_2,F3_1,,,N3_1,L_3,M_2
239316,L1,L3,L1,L1,L1,L3,L1,L1,L2,C3_3,D3_2,F3_1,,,N3_2,L_1,M_1
239317,L1,L3,L1,L1,L1,L3,L1,L1,L2,C3_3,D3_2,F3_1,,,N3_2,L_1,M_2
239318,L1,L3,L1,L1,L1,L3,L1,L1,L2,C3_3,D3_2,F3_1,,,N3_2,L_2,M_1
239319,L1,L3,L1,L1,L1,L3,L1,L1,L2,C3_3,D3_2,F3_1,,,N3_2,L_2,M_2
239320,L1,L3,L1,L1,L1,L3,L1,L1,L2,C3_3,D3_2,F3_1,,,N3_2,L_3,M_1
239321,L1,L3,L1,L1,L1,L3,L1,L1,L2,C3_3,D3_2,F3_1,,,N3_2,L_3,M_2
239322,L1,L3,L1,L1,L1,L3,L1,L1,L2,C3_3,D3_2,F3_2,,,N3_1,L_1,M_1
239323,L1,L3,L1,L1,L1,L3,L1,L1,L2,C3_3,D3_2,F3_2,,,N3_1,L_1,M_2
239324,L1,L3,L1,L1,L1,L3,L1,L1,L2,C3_3,D3_2,F3_2,,,N3_1,L_2,M_1
239325,L1,L3,L1,L1,L1,L3,L1,L1,L2,C3_3,D3_2,F3_2,,,N3_1,L_2,M_2
239326,L1,L3,L1,L1,L1,L3,L1,L1,L2,C3_3,D3_2,F3_2,,,N3_1,L_3,M_1
239327,L1,L3,L1,L1,L1,L3,L1,L1,L2,C3_3,D3_2,F3_2,,,N3_1,L_3,M_2
239328,L1,L3,L1,L1,L1,L3,L1,L1,L2,C3_3,D3_2,F3_2,,,N3_2,L_1,M_1
239329,L1,L3,L1,L1,L1,L3,L1,L1,L2,C3_3,D3_2,F3_2,,,N3_2,L_1,M_2
239330,L1,L3,L1,L1,L1,L3,L1,L1,L2,C3_3,D3_2,F3_2,,,N3_2,L_2,M_1
239331,L1,L3,L1,L1,L1,L3,L1,L1,L2,C3_3,D3_2,F3_2,,,N3_2,L_2,M_2
239332,L1,L3,L1,L1,L1,L3,L1,L1,L2,C3_3,D3_2,F3_2,,,N3_2,L_3,M_1
239333,L1,L3,L1,L1,L1,L3,L1,L1,L2,C3_3,D3_2,F3_2,,,N3_2,L_3,M_2
239334,L1,L3,L1,L1,L1,L3,L1,L1,L2,C3_3,D3_2,F3_3,,,N3_1,L_1,M_1
239335,L1,L3,L1,L1,L1,L3,L1,L1,L2,C3_3,D3_2,F3_3,,,N3_1,L_1,M_2
239336,L1,L3,L1,L1,L1,L3,L1,L1,L2,C3_3,D3_2,F3_3,,,N3_1,L_2,M_1
239337,L1,L3,L1,L1,L1,L3,L1,L1,L2,C3_3,D3_2,F3_3,,,N3_1,L_2,M_2
239338,L1,L3,L1,L1,L1,L3,L1,L1,L2,C3_3,D3_2,F3_3,,,N3_1,L_3,M_1
239339,L1,L3,L1,L1,L1,L3,L1,L1,L2,C3_3,D3_2,F3_3,,,N3_1,L_3,M_2
239340,L1,L3,L1,L1,L1,L3,L1,L1,L2,C3_3,D3_2,F3_3,,,N3_2,L_1,M_1
239341,L1,L3,L1,L1,L1,L3,L1,L1,L2,C3_3,D3_2,F3_3,,,N3_2,L_1,M_2
239342,L1,L3,L1,L1,L1,L3,L1,L1,L2,C3_3,D3_2,F3_3,,,N3_2,L_2,M_1
239343,L1,L3,L1,L1,L1,L3,L1,L1,L2,C3_3,D3_2,F3_3,,,N3_2,L_2,M_2
239344,L1,L3,L1,L1,L1,L3,L1,L1,L2,C3_3,D3_2,F3_3,,,N3_2,L_3,M_1
239345,L1,L3,L1,L1,L1,L3,L1,L1,L2,C3_3,D3_2,F3_3,,,N3_2,L_3,M_2
239346,L1,L3,L1,L1,L1,L3,L1,L1,L2,C3_3,D3_3,F3_1,,,N3_1,L_1,M_1
239347,L1,L3,L1,L1,L1,L3,L1,L1,L2,C3_3,D3_3,F3_1,,,N3_1,L_1,M_2
239348,L1,L3,L1,L1,L1,L3,L1,L1,L2,C3_3,D3_3,F3_1,,,N3_1,L_2,M_1
239349,L1,L3,L1,L1,L1,L3,L1,L1,L2,C3_3,D3_3,F3_1,,,N3_1,L_2,M_2
239350,L1,L3,L1,L1,L1,L3,L1,L1,L2,C3_3,D3_3,F3_1,,,N3_1,L_3,M_1
239351,L1,L3,L1,L1,L1,L3,L1,L1,L2,C3_3,D3_3,F3_1,,,N3_1,L_3,M_2
239352,L1,L3,L1,L1,L1,L3,L1,L1,L2,C3_3,D3_3,F3_1,,,N3_2,L_1,M_1
239353,L1,L3,L1,L1,L1,L3,L1,L1,L2,C3_3,D3_3,F3_1,,,N3_2,L_1,M_2
239354,L1,L3,L1,L1,L1,L3,L1,L1,L2,C3_3,D3_3,F3_1,,,N3_2,L_2,M_1
239355,L1,L3,L1,L1,L1,L3,L1,L1,L2,C3_3,D3_3,F3_1,,,N3_2,L_2,M_2
239356,L1,L3,L1,L1,L1,L3,L1,L1,L2,C3_3,D3_3,F3_1,,,N3_2,L_3,M_1
239357,L1,L3,L1,L1,L1,L3,L1,L1,L2,C3_3,D3_3,F3_1,,,N3_2,L_3,M_2
239358,L1,L3,L1,L1,L1,L3,L1,L1,L2,C3_3,D3_3,F3_2,,,N3_1,L_1,M_1
239359,L1,L3,L1,L1,L1,L3,L1,L1,L2,C3_3,D3_3,F3_2,,,N3_1,L_1,M_2
239360,L1,L3,L1,L1,L1,L3,L1,L1,L2,C3_3,D3_3,F3_2,,,N3_1,L_2,M_1
239361,L1,L3,L1,L1,L1,L3,L1,L1,L2,C3_3,D3_3,F3_2,,,N3_1,L_2,M_2
239362,L1,L3,L1,L1,L1,L3,L1,L1,L2,C3_3,D3_3,F3_2,,,N3_1,L_3,M_1
239363,L1,L3,L1,L1,L1,L3,L1,L1,L2,C3_3,D3_3,F3_2,,,N3_1,L_3,M_2
239364,L1,L3,L1,L1,L1,L3,L1,L1,L2,C3_3,D3_3,F3_2,,,N3_2,L_1,M_1
239365,L1,L3,L1,L1,L1,L3,L1,L1,L2,C3_3,D3_3,F3_2,,,N3_2,L_1,M_2
239366,L1,L3,L1,L1,L1,L3,L1,L1,L2,C3_3,D3_3,F3_2,,,N3_2,L_2,M_1
239367,L1,L3,L1,L1,L1,L3,L1,L1,L2,C3_3,D3_3,F3_2,,,N3_2,L_2,M_2
239368,L1,L3,L1,L1,L1,L3,L1,L1,L2,C3_3,D3_3,F3_2,,,N3_2,L_3,M_1
239369,L1,L3,L1,L1,L1,L3,L1,L1,L2,C3_3,D3_3,F3_2,,,N3_2,L_3,M_2
239370,L1,L3,L1,L1,L1,L3,L1,L1,L2,C3_3,D3_3,F3_3,,,N3_1,L_1,M_1
239371,L1,L3,L1,L1,L1,L3,L1,L1,L2,C3_3,D3_3,F3_3,,,N3_1,L_1,M_2
239372,L1,L3,L1,L1,L1,L3,L1,L1,L2,C3_3,D3_3,F3_3,,,N3_1,L_2,M_1
239373,L1,L3,L1,L1,L1,L3,L1,L1,L2,C3_3,D3_3,F3_3,,,N3_1,L_2,M_2
239374,L1,L3,L1,L1,L1,L3,L1,L1,L2,C3_3,D3_3,F3_3,,,N3_1,L_3,M_1
239375,L1,L3,L1,L1,L1,L3,L1,L1,L2,C3_3,D3_3,F3_3,,,N3_1,L_3,M_2
239376,L1,L3,L1,L1,L1,L3,L1,L1,L2,C3_3,D3_3,F3_3,,,N3_2,L_1,M_1
239377,L1,L3,L1,L1,L1,L3,L1,L1,L2,C3_3,D3_3,F3_3,,,N3_2,L_1,M_2
239378,L1,L3,L1,L1,L1,L3,L1,L1,L2,C3_3,D3_3,F3_3,,,N3_2,L_2,M_1
239379,L1,L3,L1,L1,L1,L3,L1,L1,L2,C3_3,D3_3,F3_3,,,N3_2,L_2,M_2
239380,L1,L3,L1,L1,L1,L3,L1,L1,L2,C3_3,D3_3,F3_3,,,N3_2,L_3,M_1
239381,L1,L3,L1,L1,L1,L3,L1,L1,L2,C3_3,D3_3,F3_3,,,N3_2,L_3,M_2
245754,L2,L3,L2,L3,L2,L3,L1,L1,L2,C3_1,D3_1,F3_1,,,N3_1,L_1,M_1
245755,L2,L3,L2,L3,L2,L3,L1,L1,L2,C3_1,D3_1,F3_1,,,N3_1,L_1,M_2
245756,L2,L3,L2,L3,L2,L3,L1,L1,L2,C3_1,D3_1,F3_1,,,N3_1,L_2,M_1
245757,L2,L3,L2,L3,L2,L3,L1,L1,L2,C3_1,D3_1,F3_1,,,N3_1,L_2,M_2
245758,L2,L3,L2,L3,L2,L3,L1,L1,L2,C3_1,D3_1,F3_1,,,N3_1,L_3,M_1
245759,L2,L3,L2,L3,L2,L3,L1,L1,L2,C3_1,D3_1,F3_1,,,N3_1,L_3,M_2
245760,L2,L3,L2,L3,L2,L3,L1,L1,L2,C3_1,D3_1,F3_1,,,N3_2,L_1,M_1
245761,L2,L3,L2,L3,L2,L3,L1,L1,L2,C3_1,D3_1,F3_1,,,N3_2,L_1,M_2
245762,L2,L3,L2,L3,L2,L3,L1,L1,L2,C3_1,D3_1,F3_1,,,N3_2,L_2,M_1
245763,L2,L3,L2,L3,L2,L3,L1,L1,L2,C3_1,D3_1,F3_1,,,N3_2,L_2,M_2
245764,L2,L3,L2,L3,L2,L3,L1,L1,L2,C3_1,D3_1,F3_1,,,N3_2,L_3,M_1
245765,L2,L3,L2,L3,L2,L3,L1,L1,L2,C3_1,D3_1,F3_1,,,N3_2,L_3,M_2
245766,L2,L3,L2,L3,L2,L3,L1,L1,L2,C3_1,D3_1,F3_2,,,N3_1,L_1,M_1
245767,L2,L3,L2,L3,L2,L3,L1,L1,L2,C3_1,D3_1,F3_2,,,N3_1,L_1,M_2
245768,L2,L3,L2,L3,L2,L3,L1,L1,L2,C3_1,D3_1,F3_2,,,N3_1,L_2,M_1
245769,L2,L3,L2,L3,L2,L3,L1,L1,L2,C3_1,D3_1,F3_2,,,N3_1,L_2,M_2
245770,L2,L3,L2,L3,L2,L3,L1,L1,L2,C3_1,D3_1,F3_2,,,N3_1,L_3,M_1
245771,L2,L3,L2,L3,L2,L3,L1,L1,L2,C3_1,D3_1,F3_2,,,N3_1,L_3,M_2
245772,L2,L3,L2,L3,L2,L3,L1,L1,L2,C3_1,D3_1,F3_2,,,N3_2,L_1,M_1
245773,L2,L3,L2,L3,L2,L3,L1,L1,L2,C3_1,D3_1,F3_2,,,N3_2,L_1,M_2
245774,L2,L3,L2,L3,L2,L3,L1,L1,L2,C3_1,D3_1,F3_2,,,N3_2,L_2,M_1
245775,L2,L3,L2,L3,L2,L3,L1,L1,L2,C3_1,D3_1,F3_2,,,N3_2,L_2,M_2
245776,L2,L3,L2,L3,L2,L3,L1,L1,L2,C3_1,D3_1,F3_2,,,N3_2,L_3,M_1
245777,L2,L3,L2,L3,L2,L3,L1,L1,L2,C3_1,D3_1,F3_2,,,N3_2,L_3,M_2
245778,L2,L3,L2,L3,L2,L3,L1,L1,L2,C3_1,D3_1,F3_3,,,N3_1,L_1,M_1
245779,L2,L3,L2,L3,L2,L3,L1,L1,L2,C3_1,D3_1,F3_3,,,N3_1,L_1,M_2
245780,L2,L3,L2,L3,L2,L3,L1,L1,L2,C3_1,D3_1,F3_3,,,N3_1,L_2,M_1
245781,L2,L3,L2,L3,L2,L3,L1,L1,L2,C3_1,D3_1,F3_3,,,N3_1,L_2,M_2
245782,L2,L3,L2,L3,L2,L3,L1,L1,L2,C3_1,D3_1,F3_3,,,N3_1,L_3,M_1
245783,L2,L3,L2,L3,L2,L3,L1,L1,L2,C3_1,D3_1,F3_3,,,N3_1,L_3,M_2
245784,L2,L3,L2,L3,L2,L3,L1,L1,L2,C3_1,D3_1,F3_3,,,N3_2,L_1,M_1
245785,L2,L3,L2,L3,L2,L3,L1,L1,L2,C3_1,D3_1,F3_3,,,N3_2,L_1,M_2
245786,L2,L3,L2,L3,L2,L3,L1,L1,L2,C3_1,D3_1,F3_3,,,N3_2,L_2,M_1
245787,L2,L3,L2,L3,L2,L3,L1,L1,L2,C3_1,D3_1,F3_3,,,N3_2,L_2,M_2
245788,L2,L3,L2,L3,L2,L3,L1,L1,L2,C3_1,D3_1,F3_3,,,N3_2,L_3,M_1
245789,L2,L3,L2,L3,L2,L3,L1,L1,L2,C3_1,D3_1,F3_3,,,N3_2,L_3,M_2
245790,L2,L3,L2,L3,L2,L3,L1,L1,L2,C3_1,D3_2,F3_1,,,N3_1,L_1,M_1
245791,L2,L3,L2,L3,L2,L3,L1,L1,L2,C3_1,D3_2,F3_1,,,N3_1,L_1,M_2
245792,L2,L3,L2,L3,L2,L3,L1,L1,L2,C3_1,D3_2,F3_1,,,N3_1,L_2,M_1
245793,L2,L3,L2,L3,L2,L3,L1,L1,L2,C3_1,D3_2,F3_1,,,N3_1,L_2,M_2
245794,L2,L3,L2,L3,L2,L3,L1,L1,L2,C3_1,D3_2,F3_1,,,N3_1,L_3,M_1
245795,L2,L3,L2,L3,L2,L3,L1,L1,L2,C3_1,D3_2,F3_1,,,N3_1,L_3,M_2
245796,L2,L3,L2,L3,L2,L3,L1,L1,L2,C3_1,D3_2,F3_1,,,N3_2,L_1,M_1
245797,L2,L3,L2,L3,L2,L3,L1,L1,L2,C3_1,D3_2,F3_1,,,N3_2,L_1,M_2
245798,L2,L3,L2,L3,L2,L3,L1,L1,L2,C3_1,D3_2,F3_1,,,N3_2,L_2,M_1
245799,L2,L3,L2,L3,L2,L3,L1,L1,L2,C3_1,D3_2,F3_1,,,N3_2,L_2,M_2
245800,L2,L3,L2,L3,L2,L3,L1,L1,L2,C3_1,D3_2,F3_1,,,N3_2,L_3,M_1
245801,L2,L3,L2,L3,L2,L3,L1,L1,L2,C3_1,D3_2,F3_1,,,N3_2,L_3,M_2
245802,L2,L3,L2,L3,L2,L3,L1,L1,L2,C3_1,D3_2,F3_2,,,N3_1,L_1,M_1
245803,L2,L3,L2,L3,L2,L3,L1,L1,L2,C3_1,D3_2,F3_2,,,N3_1,L_1,M_2
245804,L2,L3,L2,L3,L2,L3,L1,L1,L2,C3_1,D3_2,F3_2,,,N3_1,L_2,M_1
245805,L2,L3,L2,L3,L2,L3,L1,L1,L2,C3_1,D3_2,F3_2,,,N3_1,L_2,M_2
245806,L2,L3,L2,L3,L2,L3,L1,L1,L2,C3_1,D3_2,F3_2,,,N3_1,L_3,M_1
245807,L2,L3,L2,L3,L2,L3,L1,L1,L2,C3_1,D3_2,F3_2,,,N3_1,L_3,M_2
245808,L2,L3,L2,L3,L2,L3,L1,L1,L2,C3_1,D3_2,F3_2,,,N3_2,L_1,M_1
245809,L2,L3,L2,L3,L2,L3,L1,L1,L2,C3_1,D3_2,F3_2,,,N3_2,L_1,M_2
245810,L2,L3,L2,L3,L2,L3,L1,L1,L2,C3_1,D3_2,F3_2,,,N3_2,L_2,M_1
245811,L2,L3,L2,L3,L2,L3,L1,L1,L2,C3_1,D3_2,F3_2,,,N3_2,L_2,M_2
245812,L2,L3,L2,L3,L2,L3,L1,L1,L2,C3_1,D3_2,F3_2,,,N3_2,L_3,M_1
245813,L2,L3,L2,L3,L2,L3,L1,L1,L2,C3_1,D3_2,F3_2,,,N3_2,L_3,M_2
245814,L2,L3,L2,L3,L2,L3,L1,L1,L2,C3_1,D3_2,F3_3,,,N3_1,L_1,M_1
245815,L2,L3,L2,L3,L2,L3,L1,L1,L2,C3_1,D3_2,F3_3,,,N3_1,L_1,M_2
245816,L2,L3,L2,L3,L2,L3,L1,L1,L2,C3_1,D3_2,F3_3,,,N3_1,L_2,M_1
245817,L2,L3,L2,L3,L2,L3,L1,L1,L2,C3_1,D3_2,F3_3,,,N3_1,L_2,M_2
245818,L2,L3,L2,L3,L2,L3,L1,L1,L2,C3_1,D3_2,F3_3,,,N3_1,L_3,M_1
245819,L2,L3,L2,L3,L2,L3,L1,L1,L2,C3_1,D3_2,F3_3,,,N3_1,L_3,M_2
245820,L2,L3,L2,L3,L2,L3,L1,L1,L2,C3_1,D3_2,F3_3,,,N3_2,L_1,M_1
245821,L2,L3,L2,L3,L2,L3,L1,L1,L2,C3_1,D3_2,F3_3,,,N3_2,L_1,M_2
245822,L2,L3,L2,L3,L2,L3,L1,L1,L2,C3_1,D3_2,F3_3,,,N3_2,L_2,M_1
245823,L2,L3,L2,L3,L2,L3,L1,L1,L2,C3_1,D3_2,F3_3,,,N3_2,L_2,M_2
245824,L2,L3,L2,L3,L2,L3,L1,L1,L2,C3_1,D3_2,F3_3,,,N3_2,L_3,M_1
245825,L2,L3,L2,L3,L2,L3,L1,L1,L2,C3_1,D3_2,F3_3,,,N3_2,L_3,M_2
245826,L2,L3,L2,L3,L2,L3,L1,L1,L2,C3_1,D3_3,F3_1,,,N3_1,L_1,M_1
245827,L2,L3,L2,L3,L2,L3,L1,L1,L2,C3_1,D3_3,F3_1,,,N3_1,L_1,M_2
245828,L2,L3,L2,L3,L2,L3,L1,L1,L2,C3_1,D3_3,F3_1,,,N3_1,L_2,M_1
245829,L2,L3,L2,L3,L2,L3,L1,L1,L2,C3_1,D3_3,F3_1,,,N3_1,L_2,M_2
245830,L2,L3,L2,L3,L2,L3,L1,L1,L2,C3_1,D3_3,F3_1,,,N3_1,L_3,M_1
245831,L2,L3,L2,L3,L2,L3,L1,L1,L2,C3_1,D3_3,F3_1,,,N3_1,L_3,M_2
245832,L2,L3,L2,L3,L2,L3,L1,L1,L2,C3_1,D3_3,F3_1,,,N3_2,L_1,M_1
245833,L2,L3,L2,L3,L2,L3,L1,L1,L2,C3_1,D3_3,F3_1,,,N3_2,L_1,M_2
245834,L2,L3,L2,L3,L2,L3,L1,L1,L2,C3_1,D3_3,F3_1,,,N3_2,L_2,M_1
245835,L2,L3,L2,L3,L2,L3,L1,L1,L2,C3_1,D3_3,F3_1,,,N3_2,L_2,M_2
245836,L2,L3,L2,L3,L2,L3,L1,L1,L2,C3_1,D3_3,F3_1,,,N3_2,L_3,M_1
245837,L2,L3,L2,L3,L2,L3,L1,L1,L2,C3_1,D3_3,F3_1,,,N3_2,L_3,M_2
245838,L2,L3,L2,L3,L2,L3,L1,L1,L2,C3_1,D3_3,F3_2,,,N3_1,L_1,M_1
245839,L2,L3,L2,L3,L2,L3,L1,L1,L2,C3_1,D3_3,F3_2,,,N3_1,L_1,M_2
245840,L2,L3,L2,L3,L2,L3,L1,L1,L2,C3_1,D3_3,F3_2,,,N3_1,L_2,M_1
245841,L2,L3,L2,L3,L2,L3,L1,L1,L2,C3_1,D3_3,F3_2,,,N3_1,L_2,M_2
245842,L2,L3,L2,L3,L2,L3,L1,L1,L2,C3_1,D3_3,F3_2,,,N3_1,L_3,M_1
245843,L2,L3,L2,L3,L2,L3,L1,L1,L2,C3_1,D3_3,F3_2,,,N3_1,L_3,M_2
245844,L2,L3,L2,L3,L2,L3,L1,L1,L2,C3_1,D3_3,F3_2,,,N3_2,L_1,M_1
245845,L2,L3,L2,L3,L2,L3,L1,L1,L2,C3_1,D3_3,F3_2,,,N3_2,L_1,M_2
245846,L2,L3,L2,L3,L2,L3,L1,L1,L2,C3_1,D3_3,F3_2,,,N3_2,L_2,M_1
245847,L2,L3,L2,L3,L2,L3,L1,L1,L2,C3_1,D3_3,F3_2,,,N3_2,L_2,M_2
245848,L2,L3,L2,L3,L2,L3,L1,L1,L2,C3_1,D3_3,F3_2,,,N3_2,L_3,M_1
245849,L2,L3,L2,L3,L2,L3,L1,L1,L2,C3_1,D3_3,F3_2,,,N3_2,L_3,M_2
245850,L2,L3,L2,L3,L2,L3,L1,L1,L2,C3_1,D3_3,F3_3,,,N3_1,L_1,M_1
245851,L2,L3,L2,L3,L2,L3,L1,L1,L2,C3_1,D3_3,F3_3,,,N3_1,L_1,M_2
245852,L2,L3,L2,L3,L2,L3,L1,L1,L2,C3_1,D3_3,F3_3,,,N3_1,L_2,M_1
245853,L2,L3,L2,L3,L2,L3,L1,L1,L2,C3_1,D3_3,F3_3,,,N3_1,L_2,M_2
245854,L2,L3,L2,L3,L2,L3,L1,L1,L2,C3_1,D3_3,F3_3,,,N3_1,L_3,M_1
245855,L2,L3,L2,L3,L2,L3,L1,L1,L2,C3_1,D3_3,F3_3,,,N3_1,L_3,M_2
245856,L2,L3,L2,L3,L2,L3,L1,L1,L2,C3_1,D3_3,F3_3,,,N3_2,L_1,M_1
245857,L2,L3,L2,L3,L2,L3,L1,L1,L2,C3_1,D3_3,F3_3,,,N3_2,L_1,M_2
245858,L2,L3,L2,L3,L2,L3,L1,L1,L2,C3_1,D3_3,F3_3,,,N3_2,L_2,M_1
245859,L2,L3,L2,L3,L2,L3,L1,L1,L2,C3_1,D3_3,F3_3,,,N3_2,L_2,M_2
245860,L2,L3,L2,L3,L2,L3,L1,L1,L2,C3_1,D3_3,F3_3,,,N3_2,L_3,M_1
245861,L2,L3,L2,L3,L2,L3,L1,L1,L2,C3_1,D3_3,F3_3,,,N3_2,L_3,M_2
245862,L2,L3,L2,L3,L2,L3,L1,L1,L2,C3_2,D3_1,F3_1,,,N3_1,L_1,M_1
245863,L2,L3,L2,L3,L2,L3,L1,L1,L2,C3_2,D3_1,F3_1,,,N3_1,L_1,M_2
245864,L2,L3,L2,L3,L2,L3,L1,L1,L2,C3_2,D3_1,F3_1,,,N3_1,L_2,M_1
245865,L2,L3,L2,L3,L2,L3,L1,L1,L2,C3_2,D3_1,F3_1,,,N3_1,L_2,M_2
245866,L2,L3,L2,L3,L2,L3,L1,L1,L2,C3_2,D3_1,F3_1,,,N3_1,L_3,M_1
245867,L2,L3,L2,L3,L2,L3,L1,L1,L2,C3_2,D3_1,F3_1,,,N3_1,L_3,M_2
245868,L2,L3,L2,L3,L2,L3,L1,L1,L2,C3_2,D3_1,F3_1,,,N3_2,L_1,M_1
245869,L2,L3,L2,L3,L2,L3,L1,L1,L2,C3_2,D3_1,F3_1,,,N3_2,L_1,M_2
245870,L2,L3,L2,L3,L2,L3,L1,L1,L2,C3_2,D3_1,F3_1,,,N3_2,L_2,M_1
245871,L2,L3,L2,L3,L2,L3,L1,L1,L2,C3_2,D3_1,F3_1,,,N3_2,L_2,M_2
245872,L2,L3,L2,L3,L2,L3,L1,L1,L2,C3_2,D3_1,F3_1,,,N3_2,L_3,M_1
245873,L2,L3,L2,L3,L2,L3,L1,L1,L2,C3_2,D3_1,F3_1,,,N3_2,L_3,M_2
245874,L2,L3,L2,L3,L2,L3,L1,L1,L2,C3_2,D3_1,F3_2,,,N3_1,L_1,M_1
245875,L2,L3,L2,L3,L2,L3,L1,L1,L2,C3_2,D3_1,F3_2,,,N3_1,L_1,M_2
245876,L2,L3,L2,L3,L2,L3,L1,L1,L2,C3_2,D3_1,F3_2,,,N3_1,L_2,M_1
245877,L2,L3,L2,L3,L2,L3,L1,L1,L2,C3_2,D3_1,F3_2,,,N3_1,L_2,M_2
245878,L2,L3,L2,L3,L2,L3,L1,L1,L2,C3_2,D3_1,F3_2,,,N3_1,L_3,M_1
245879,L2,L3,L2,L3,L2,L3,L1,L1,L2,C3_2,D3_1,F3_2,,,N3_1,L_3,M_2
245880,L2,L3,L2,L3,L2,L3,L1,L1,L2,C3_2,D3_1,F3_2,,,N3_2,L_1,M_1
245881,L2,L3,L2,L3,L2,L3,L1,L1,L2,C3_2,D3_1,F3_2,,,N3_2,L_1,M_2
245882,L2,L3,L2,L3,L2,L3,L1,L1,L2,C3_2,D3_1,F3_2,,,N3_2,L_2,M_1
245883,L2,L3,L2,L3,L2,L3,L1,L1,L2,C3_2,D3_1,F3_2,,,N3_2,L_2,M_2
245884,L2,L3,L2,L3,L2,L3,L1,L1,L2,C3_2,D3_1,F3_2,,,N3_2,L_3,M_1
245885,L2,L3,L2,L3,L2,L3,L1,L1,L2,C3_2,D3_1,F3_2,,,N3_2,L_3,M_2
245886,L2,L3,L2,L3,L2,L3,L1,L1,L2,C3_2,D3_1,F3_3,,,N3_1,L_1,M_1
245887,L2,L3,L2,L3,L2,L3,L1,L1,L2,C3_2,D3_1,F3_3,,,N3_1,L_1,M_2
245888,L2,L3,L2,L3,L2,L3,L1,L1,L2,C3_2,D3_1,F3_3,,,N3_1,L_2,M_1
245889,L2,L3,L2,L3,L2,L3,L1,L1,L2,C3_2,D3_1,F3_3,,,N3_1,L_2,M_2
245890,L2,L3,L2,L3,L2,L3,L1,L1,L2,C3_2,D3_1,F3_3,,,N3_1,L_3,M_1
245891,L2,L3,L2,L3,L2,L3,L1,L1,L2,C3_2,D3_1,F3_3,,,N3_1,L_3,M_2
245892,L2,L3,L2,L3,L2,L3,L1,L1,L2,C3_2,D3_1,F3_3,,,N3_2,L_1,M_1
245893,L2,L3,L2,L3,L2,L3,L1,L1,L2,C3_2,D3_1,F3_3,,,N3_2,L_1,M_2
245894,L2,L3,L2,L3,L2,L3,L1,L1,L2,C3_2,D3_1,F3_3,,,N3_2,L_2,M_1
245895,L2,L3,L2,L3,L2,L3,L1,L1,L2,C3_2,D3_1,F3_3,,,N3_2,L_2,M_2
245896,L2,L3,L2,L3,L2,L3,L1,L1,L2,C3_2,D3_1,F3_3,,,N3_2,L_3,M_1
245897,L2,L3,L2,L3,L2,L3,L1,L1,L2,C3_2,D3_1,F3_3,,,N3_2,L_3,M_2
245898,L2,L3,L2,L3,L2,L3,L1,L1,L2,C3_2,D3_2,F3_1,,,N3_1,L_1,M_1
245899,L2,L3,L2,L3,L2,L3,L1,L1,L2,C3_2,D3_2,F3_1,,,N3_1,L_1,M_2
245900,L2,L3,L2,L3,L2,L3,L1,L1,L2,C3_2,D3_2,F3_1,,,N3_1,L_2,M_1
245901,L2,L3,L2,L3,L2,L3,L1,L1,L2,C3_2,D3_2,F3_1,,,N3_1,L_2,M_2
245902,L2,L3,L2,L3,L2,L3,L1,L1,L2,C3_2,D3_2,F3_1,,,N3_1,L_3,M_1
245903,L2,L3,L2,L3,L2,L3,L1,L1,L2,C3_2,D3_2,F3_1,,,N3_1,L_3,M_2
245904,L2,L3,L2,L3,L2,L3,L1,L1,L2,C3_2,D3_2,F3_1,,,N3_2,L_1,M_1
245905,L2,L3,L2,L3,L2,L3,L1,L1,L2,C3_2,D3_2,F3_1,,,N3_2,L_1,M_2
245906,L2,L3,L2,L3,L2,L3,L1,L1,L2,C3_2,D3_2,F3_1,,,N3_2,L_2,M_1
245907,L2,L3,L2,L3,L2,L3,L1,L1,L2,C3_2,D3_2,F3_1,,,N3_2,L_2,M_2
245908,L2,L3,L2,L3,L2,L3,L1,L1,L2,C3_2,D3_2,F3_1,,,N3_2,L_3,M_1
245909,L2,L3,L2,L3,L2,L3,L1,L1,L2,C3_2,D3_2,F3_1,,,N3_2,L_3,M_2
245910,L2,L3,L2,L3,L2,L3,L1,L1,L2,C3_2,D3_2,F3_2,,,N3_1,L_1,M_1
245911,L2,L3,L2,L3,L2,L3,L1,L1,L2,C3_2,D3_2,F3_2,,,N3_1,L_1,M_2
245912,L2,L3,L2,L3,L2,L3,L1,L1,L2,C3_2,D3_2,F3_2,,,N3_1,L_2,M_1
245913,L2,L3,L2,L3,L2,L3,L1,L1,L2,C3_2,D3_2,F3_2,,,N3_1,L_2,M_2
245914,L2,L3,L2,L3,L2,L3,L1,L1,L2,C3_2,D3_2,F3_2,,,N3_1,L_3,M_1
245915,L2,L3,L2,L3,L2,L3,L1,L1,L2,C3_2,D3_2,F3_2,,,N3_1,L_3,M_2
245916,L2,L3,L2,L3,L2,L3,L1,L1,L2,C3_2,D3_2,F3_2,,,N3_2,L_1,M_1
245917,L2,L3,L2,L3,L2,L3,L1,L1,L2,C3_2,D3_2,F3_2,,,N3_2,L_1,M_2
245918,L2,L3,L2,L3,L2,L3,L1,L1,L2,C3_2,D3_2,F3_2,,,N3_2,L_2,M_1
245919,L2,L3,L2,L3,L2,L3,L1,L1,L2,C3_2,D3_2,F3_2,,,N3_2,L_2,M_2
245920,L2,L3,L2,L3,L2,L3,L1,L1,L2,C3_2,D3_2,F3_2,,,N3_2,L_3,M_1
245921,L2,L3,L2,L3,L2,L3,L1,L1,L2,C3_2,D3_2,F3_2,,,N3_2,L_3,M_2
245922,L2,L3,L2,L3,L2,L3,L1,L1,L2,C3_2,D3_2,F3_3,,,N3_1,L_1,M_1
245923,L2,L3,L2,L3,L2,L3,L1,L1,L2,C3_2,D3_2,F3_3,,,N3_1,L_1,M_2
245924,L2,L3,L2,L3,L2,L3,L1,L1,L2,C3_2,D3_2,F3_3,,,N3_1,L_2,M_1
245925,L2,L3,L2,L3,L2,L3,L1,L1,L2,C3_2,D3_2,F3_3,,,N3_1,L_2,M_2
245926,L2,L3,L2,L3,L2,L3,L1,L1,L2,C3_2,D3_2,F3_3,,,N3_1,L_3,M_1
245927,L2,L3,L2,L3,L2,L3,L1,L1,L2,C3_2,D3_2,F3_3,,,N3_1,L_3,M_2
245928,L2,L3,L2,L3,L2,L3,L1,L1,L2,C3_2,D3_2,F3_3,,,N3_2,L_1,M_1
245929,L2,L3,L2,L3,L2,L3,L1,L1,L2,C3_2,D3_2,F3_3,,,N3_2,L_1,M_2
245930,L2,L3,L2,L3,L2,L3,L1,L1,L2,C3_2,D3_2,F3_3,,,N3_2,L_2,M_1
245931,L2,L3,L2,L3,L2,L3,L1,L1,L2,C3_2,D3_2,F3_3,,,N3_2,L_2,M_2
245932,L2,L3,L2,L3,L2,L3,L1,L1,L2,C3_2,D3_2,F3_3,,,N3_2,L_3,M_1
245933,L2,L3,L2,L3,L2,L3,L1,L1,L2,C3_2,D3_2,F3_3,,,N3_2,L_3,M_2
245934,L2,L3,L2,L3,L2,L3,L1,L1,L2,C3_2,D3_3,F3_1,,,N3_1,L_1,M_1
245935,L2,L3,L2,L3,L2,L3,L1,L1,L2,C3_2,D3_3,F3_1,,,N3_1,L_1,M_2
245936,L2,L3,L2,L3,L2,L3,L1,L1,L2,C3_2,D3_3,F3_1,,,N3_1,L_2,M_1
245937,L2,L3,L2,L3,L2,L3,L1,L1,L2,C3_2,D3_3,F3_1,,,N3_1,L_2,M_2
245938,L2,L3,L2,L3,L2,L3,L1,L1,L2,C3_2,D3_3,F3_1,,,N3_1,L_3,M_1
245939,L2,L3,L2,L3,L2,L3,L1,L1,L2,C3_2,D3_3,F3_1,,,N3_1,L_3,M_2
245940,L2,L3,L2,L3,L2,L3,L1,L1,L2,C3_2,D3_3,F3_1,,,N3_2,L_1,M_1
245941,L2,L3,L2,L3,L2,L3,L1,L1,L2,C3_2,D3_3,F3_1,,,N3_2,L_1,M_2
245942,L2,L3,L2,L3,L2,L3,L1,L1,L2,C3_2,D3_3,F3_1,,,N3_2,L_2,M_1
245943,L2,L3,L2,L3,L2,L3,L1,L1,L2,C3_2,D3_3,F3_1,,,N3_2,L_2,M_2
245944,L2,L3,L2,L3,L2,L3,L1,L1,L2,C3_2,D3_3,F3_1,,,N3_2,L_3,M_1
245945,L2,L3,L2,L3,L2,L3,L1,L1,L2,C3_2,D3_3,F3_1,,,N3_2,L_3,M_2
245946,L2,L3,L2,L3,L2,L3,L1,L1,L2,C3_2,D3_3,F3_2,,,N3_1,L_1,M_1
245947,L2,L3,L2,L3,L2,L3,L1,L1,L2,C3_2,D3_3,F3_2,,,N3_1,L_1,M_2
245948,L2,L3,L2,L3,L2,L3,L1,L1,L2,C3_2,D3_3,F3_2,,,N3_1,L_2,M_1
245949,L2,L3,L2,L3,L2,L3,L1,L1,L2,C3_2,D3_3,F3_2,,,N3_1,L_2,M_2
245950,L2,L3,L2,L3,L2,L3,L1,L1,L2,C3_2,D3_3,F3_2,,,N3_1,L_3,M_1
245951,L2,L3,L2,L3,L2,L3,L1,L1,L2,C3_2,D3_3,F3_2,,,N3_1,L_3,M_2
245952,L2,L3,L2,L3,L2,L3,L1,L1,L2,C3_2,D3_3,F3_2,,,N3_2,L_1,M_1
245953,L2,L3,L2,L3,L2,L3,L1,L1,L2,C3_2,D3_3,F3_2,,,N3_2,L_1,M_2
245954,L2,L3,L2,L3,L2,L3,L1,L1,L2,C3_2,D3_3,F3_2,,,N3_2,L_2,M_1
245955,L2,L3,L2,L3,L2,L3,L1,L1,L2,C3_2,D3_3,F3_2,,,N3_2,L_2,M_2
245956,L2,L3,L2,L3,L2,L3,L1,L1,L2,C3_2,D3_3,F3_2,,,N3_2,L_3,M_1
245957,L2,L3,L2,L3,L2,L3,L1,L1,L2,C3_2,D3_3,F3_2,,,N3_2,L_3,M_2
245958,L2,L3,L2,L3,L2,L3,L1,L1,L2,C3_2,D3_3,F3_3,,,N3_1,L_1,M_1
245959,L2,L3,L2,L3,L2,L3,L1,L1,L2,C3_2,D3_3,F3_3,,,N3_1,L_1,M_2
245960,L2,L3,L2,L3,L2,L3,L1,L1,L2,C3_2,D3_3,F3_3,,,N3_1,L_2,M_1
245961,L2,L3,L2,L3,L2,L3,L1,L1,L2,C3_2,D3_3,F3_3,,,N3_1,L_2,M_2
245962,L2,L3,L2,L3,L2,L3,L1,L1,L2,C3_2,D3_3,F3_3,,,N3_1,L_3,M_1
245963,L2,L3,L2,L3,L2,L3,L1,L1,L2,C3_2,D3_3,F3_3,,,N3_1,L_3,M_2
245964,L2,L3,L2,L3,L2,L3,L1,L1,L2,C3_2,D3_3,F3_3,,,N3_2,L_1,M_1
245965,L2,L3,L2,L3,L2,L3,L1,L1,L2,C3_2,D3_3,F3_3,,,N3_2,L_1,M_2
245966,L2,L3,L2,L3,L2,L3,L1,L1,L2,C3_2,D3_3,F3_3,,,N3_2,L_2,M_1
245967,L2,L3,L2,L3,L2,L3,L1,L1,L2,C3_2,D3_3,F3_3,,,N3_2,L_2,M_2
245968,L2,L3,L2,L3,L2,L3,L1,L1,L2,C3_2,D3_3,F3_3,,,N3_2,L_3,M_1
245969,L2,L3,L2,L3,L2,L3,L1,L1,L2,C3_2,D3_3,F3_3,,,N3_2,L_3,M_2
245970,L2,L3,L2,L3,L2,L3,L1,L1,L2,C3_3,D3_1,F3_1,,,N3_1,L_1,M_1
245971,L2,L3,L2,L3,L2,L3,L1,L1,L2,C3_3,D3_1,F3_1,,,N3_1,L_1,M_2
245972,L2,L3,L2,L3,L2,L3,L1,L1,L2,C3_3,D3_1,F3_1,,,N3_1,L_2,M_1
245973,L2,L3,L2,L3,L2,L3,L1,L1,L2,C3_3,D3_1,F3_1,,,N3_1,L_2,M_2
245974,L2,L3,L2,L3,L2,L3,L1,L1,L2,C3_3,D3_1,F3_1,,,N3_1,L_3,M_1
245975,L2,L3,L2,L3,L2,L3,L1,L1,L2,C3_3,D3_1,F3_1,,,N3_1,L_3,M_2
245976,L2,L3,L2,L3,L2,L3,L1,L1,L2,C3_3,D3_1,F3_1,,,N3_2,L_1,M_1
245977,L2,L3,L2,L3,L2,L3,L1,L1,L2,C3_3,D3_1,F3_1,,,N3_2,L_1,M_2
245978,L2,L3,L2,L3,L2,L3,L1,L1,L2,C3_3,D3_1,F3_1,,,N3_2,L_2,M_1
245979,L2,L3,L2,L3,L2,L3,L1,L1,L2,C3_3,D3_1,F3_1,,,N3_2,L_2,M_2
245980,L2,L3,L2,L3,L2,L3,L1,L1,L2,C3_3,D3_1,F3_1,,,N3_2,L_3,M_1
245981,L2,L3,L2,L3,L2,L3,L1,L1,L2,C3_3,D3_1,F3_1,,,N3_2,L_3,M_2
245982,L2,L3,L2,L3,L2,L3,L1,L1,L2,C3_3,D3_1,F3_2,,,N3_1,L_1,M_1
245983,L2,L3,L2,L3,L2,L3,L1,L1,L2,C3_3,D3_1,F3_2,,,N3_1,L_1,M_2
245984,L2,L3,L2,L3,L2,L3,L1,L1,L2,C3_3,D3_1,F3_2,,,N3_1,L_2,M_1
245985,L2,L3,L2,L3,L2,L3,L1,L1,L2,C3_3,D3_1,F3_2,,,N3_1,L_2,M_2
245986,L2,L3,L2,L3,L2,L3,L1,L1,L2,C3_3,D3_1,F3_2,,,N3_1,L_3,M_1
245987,L2,L3,L2,L3,L2,L3,L1,L1,L2,C3_3,D3_1,F3_2,,,N3_1,L_3,M_2
245988,L2,L3,L2,L3,L2,L3,L1,L1,L2,C3_3,D3_1,F3_2,,,N3_2,L_1,M_1
245989,L2,L3,L2,L3,L2,L3,L1,L1,L2,C3_3,D3_1,F3_2,,,N3_2,L_1,M_2
245990,L2,L3,L2,L3,L2,L3,L1,L1,L2,C3_3,D3_1,F3_2,,,N3_2,L_2,M_1
245991,L2,L3,L2,L3,L2,L3,L1,L1,L2,C3_3,D3_1,F3_2,,,N3_2,L_2,M_2
245992,L2,L3,L2,L3,L2,L3,L1,L1,L2,C3_3,D3_1,F3_2,,,N3_2,L_3,M_1
245993,L2,L3,L2,L3,L2,L3,L1,L1,L2,C3_3,D3_1,F3_2,,,N3_2,L_3,M_2
245994,L2,L3,L2,L3,L2,L3,L1,L1,L2,C3_3,D3_1,F3_3,,,N3_1,L_1,M_1
245995,L2,L3,L2,L3,L2,L3,L1,L1,L2,C3_3,D3_1,F3_3,,,N3_1,L_1,M_2
245996,L2,L3,L2,L3,L2,L3,L1,L1,L2,C3_3,D3_1,F3_3,,,N3_1,L_2,M_1
245997,L2,L3,L2,L3,L2,L3,L1,L1,L2,C3_3,D3_1,F3_3,,,N3_1,L_2,M_2
245998,L2,L3,L2,L3,L2,L3,L1,L1,L2,C3_3,D3_1,F3_3,,,N3_1,L_3,M_1
245999,L2,L3,L2,L3,L2,L3,L1,L1,L2,C3_3,D3_1,F3_3,,,N3_1,L_3,M_2
246000,L2,L3,L2,L3,L2,L3,L1,L1,L2,C3_3,D3_1,F3_3,,,N3_2,L_1,M_1
246001,L2,L3,L2,L3,L2,L3,L1,L1,L2,C3_3,D3_1,F3_3,,,N3_2,L_1,M_2
246002,L2,L3,L2,L3,L2,L3,L1,L1,L2,C3_3,D3_1,F3_3,,,N3_2,L_2,M_1
246003,L2,L3,L2,L3,L2,L3,L1,L1,L2,C3_3,D3_1,F3_3,,,N3_2,L_2,M_2
246004,L2,L3,L2,L3,L2,L3,L1,L1,L2,C3_3,D3_1,F3_3,,,N3_2,L_3,M_1
246005,L2,L3,L2,L3,L2,L3,L1,L1,L2,C3_3,D3_1,F3_3,,,N3_2,L_3,M_2
246006,L2,L3,L2,L3,L2,L3,L1,L1,L2,C3_3,D3_2,F3_1,,,N3_1,L_1,M_1
246007,L2,L3,L2,L3,L2,L3,L1,L1,L2,C3_3,D3_2,F3_1,,,N3_1,L_1,M_2
246008,L2,L3,L2,L3,L2,L3,L1,L1,L2,C3_3,D3_2,F3_1,,,N3_1,L_2,M_1
246009,L2,L3,L2,L3,L2,L3,L1,L1,L2,C3_3,D3_2,F3_1,,,N3_1,L_2,M_2
246010,L2,L3,L2,L3,L2,L3,L1,L1,L2,C3_3,D3_2,F3_1,,,N3_1,L_3,M_1
246011,L2,L3,L2,L3,L2,L3,L1,L1,L2,C3_3,D3_2,F3_1,,,N3_1,L_3,M_2
246012,L2,L3,L2,L3,L2,L3,L1,L1,L2,C3_3,D3_2,F3_1,,,N3_2,L_1,M_1
246013,L2,L3,L2,L3,L2,L3,L1,L1,L2,C3_3,D3_2,F3_1,,,N3_2,L_1,M_2
246014,L2,L3,L2,L3,L2,L3,L1,L1,L2,C3_3,D3_2,F3_1,,,N3_2,L_2,M_1
246015,L2,L3,L2,L3,L2,L3,L1,L1,L2,C3_3,D3_2,F3_1,,,N3_2,L_2,M_2
246016,L2,L3,L2,L3,L2,L3,L1,L1,L2,C3_3,D3_2,F3_1,,,N3_2,L_3,M_1
246017,L2,L3,L2,L3,L2,L3,L1,L1,L2,C3_3,D3_2,F3_1,,,N3_2,L_3,M_2
246018,L2,L3,L2,L3,L2,L3,L1,L1,L2,C3_3,D3_2,F3_2,,,N3_1,L_1,M_1
246019,L2,L3,L2,L3,L2,L3,L1,L1,L2,C3_3,D3_2,F3_2,,,N3_1,L_1,M_2
246020,L2,L3,L2,L3,L2,L3,L1,L1,L2,C3_3,D3_2,F3_2,,,N3_1,L_2,M_1
246021,L2,L3,L2,L3,L2,L3,L1,L1,L2,C3_3,D3_2,F3_2,,,N3_1,L_2,M_2
246022,L2,L3,L2,L3,L2,L3,L1,L1,L2,C3_3,D3_2,F3_2,,,N3_1,L_3,M_1
246023,L2,L3,L2,L3,L2,L3,L1,L1,L2,C3_3,D3_2,F3_2,,,N3_1,L_3,M_2
246024,L2,L3,L2,L3,L2,L3,L1,L1,L2,C3_3,D3_2,F3_2,,,N3_2,L_1,M_1
246025,L2,L3,L2,L3,L2,L3,L1,L1,L2,C3_3,D3_2,F3_2,,,N3_2,L_1,M_2
246026,L2,L3,L2,L3,L2,L3,L1,L1,L2,C3_3,D3_2,F3_2,,,N3_2,L_2,M_1
246027,L2,L3,L2,L3,L2,L3,L1,L1,L2,C3_3,D3_2,F3_2,,,N3_2,L_2,M_2
246028,L2,L3,L2,L3,L2,L3,L1,L1,L2,C3_3,D3_2,F3_2,,,N3_2,L_3,M_1
246029,L2,L3,L2,L3,L2,L3,L1,L1,L2,C3_3,D3_2,F3_2,,,N3_2,L_3,M_2
246030,L2,L3,L2,L3,L2,L3,L1,L1,L2,C3_3,D3_2,F3_3,,,N3_1,L_1,M_1
246031,L2,L3,L2,L3,L2,L3,L1,L1,L2,C3_3,D3_2,F3_3,,,N3_1,L_1,M_2
246032,L2,L3,L2,L3,L2,L3,L1,L1,L2,C3_3,D3_2,F3_3,,,N3_1,L_2,M_1
246033,L2,L3,L2,L3,L2,L3,L1,L1,L2,C3_3,D3_2,F3_3,,,N3_1,L_2,M_2
246034,L2,L3,L2,L3,L2,L3,L1,L1,L2,C3_3,D3_2,F3_3,,,N3_1,L_3,M_1
246035,L2,L3,L2,L3,L2,L3,L1,L1,L2,C3_3,D3_2,F3_3,,,N3_1,L_3,M_2
246036,L2,L3,L2,L3,L2,L3,L1,L1,L2,C3_3,D3_2,F3_3,,,N3_2,L_1,M_1
246037,L2,L3,L2,L3,L2,L3,L1,L1,L2,C3_3,D3_2,F3_3,,,N3_2,L_1,M_2
246038,L2,L3,L2,L3,L2,L3,L1,L1,L2,C3_3,D3_2,F3_3,,,N3_2,L_2,M_1
246039,L2,L3,L2,L3,L2,L3,L1,L1,L2,C3_3,D3_2,F3_3,,,N3_2,L_2,M_2
246040,L2,L3,L2,L3,L2,L3,L1,L1,L2,C3_3,D3_2,F3_3,,,N3_2,L_3,M_1
246041,L2,L3,L2,L3,L2,L3,L1,L1,L2,C3_3,D3_2,F3_3,,,N3_2,L_3,M_2
246042,L2,L3,L2,L3,L2,L3,L1,L1,L2,C3_3,D3_3,F3_1,,,N3_1,L_1,M_1
246043,L2,L3,L2,L3,L2,L3,L1,L1,L2,C3_3,D3_3,F3_1,,,N3_1,L_1,M_2
246044,L2,L3,L2,L3,L2,L3,L1,L1,L2,C3_3,D3_3,F3_1,,,N3_1,L_2,M_1
246045,L2,L3,L2,L3,L2,L3,L1,L1,L2,C3_3,D3_3,F3_1,,,N3_1,L_2,M_2
246046,L2,L3,L2,L3,L2,L3,L1,L1,L2,C3_3,D3_3,F3_1,,,N3_1,L_3,M_1
246047,L2,L3,L2,L3,L2,L3,L1,L1,L2,C3_3,D3_3,F3_1,,,N3_1,L_3,M_2
246048,L2,L3,L2,L3,L2,L3,L1,L1,L2,C3_3,D3_3,F3_1,,,N3_2,L_1,M_1
246049,L2,L3,L2,L3,L2,L3,L1,L1,L2,C3_3,D3_3,F3_1,,,N3_2,L_1,M_2
246050,L2,L3,L2,L3,L2,L3,L1,L1,L2,C3_3,D3_3,F3_1,,,N3_2,L_2,M_1
246051,L2,L3,L2,L3,L2,L3,L1,L1,L2,C3_3,D3_3,F3_1,,,N3_2,L_2,M_2
246052,L2,L3,L2,L3,L2,L3,L1,L1,L2,C3_3,D3_3,F3_1,,,N3_2,L_3,M_1
246053,L2,L3,L2,L3,L2,L3,L1,L1,L2,C3_3,D3_3,F3_1,,,N3_2,L_3,M_2
246054,L2,L3,L2,L3,L2,L3,L1,L1,L2,C3_3,D3_3,F3_2,,,N3_1,L_1,M_1
246055,L2,L3,L2,L3,L2,L3,L1,L1,L2,C3_3,D3_3,F3_2,,,N3_1,L_1,M_2
246056,L2,L3,L2,L3,L2,L3,L1,L1,L2,C3_3,D3_3,F3_2,,,N3_1,L_2,M_1
246057,L2,L3,L2,L3,L2,L3,L1,L1,L2,C3_3,D3_3,F3_2,,,N3_1,L_2,M_2
246058,L2,L3,L2,L3,L2,L3,L1,L1,L2,C3_3,D3_3,F3_2,,,N3_1,L_3,M_1
246059,L2,L3,L2,L3,L2,L3,L1,L1,L2,C3_3,D3_3,F3_2,,,N3_1,L_3,M_2
246060,L2,L3,L2,L3,L2,L3,L1,L1,L2,C3_3,D3_3,F3_2,,,N3_2,L_1,M_1
246061,L2,L3,L2,L3,L2,L3,L1,L1,L2,C3_3,D3_3,F3_2,,,N3_2,L_1,M_2
246062,L2,L3,L2,L3,L2,L3,L1,L1,L2,C3_3,D3_3,F3_2,,,N3_2,L_2,M_1
246063,L2,L3,L2,L3,L2,L3,L1,L1,L2,C3_3,D3_3,F3_2,,,N3_2,L_2,M_2
246064,L2,L3,L2,L3,L2,L3,L1,L1,L2,C3_3,D3_3,F3_2,,,N3_2,L_3,M_1
246065,L2,L3,L2,L3,L2,L3,L1,L1,L2,C3_3,D3_3,F3_2,,,N3_2,L_3,M_2
246066,L2,L3,L2,L3,L2,L3,L1,L1,L2,C3_3,D3_3,F3_3,,,N3_1,L_1,M_1
246067,L2,L3,L2,L3,L2,L3,L1,L1,L2,C3_3,D3_3,F3_3,,,N3_1,L_1,M_2
246068,L2,L3,L2,L3,L2,L3,L1,L1,L2,C3_3,D3_3,F3_3,,,N3_1,L_2,M_1
246069,L2,L3,L2,L3,L2,L3,L1,L1,L2,C3_3,D3_3,F3_3,,,N3_1,L_2,M_2
246070,L2,L3,L2,L3,L2,L3,L1,L1,L2,C3_3,D3_3,F3_3,,,N3_1,L_3,M_1
246071,L2,L3,L2,L3,L2,L3,L1,L1,L2,C3_3,D3_3,F3_3,,,N3_1,L_3,M_2
246072,L2,L3,L2,L3,L2,L3,L1,L1,L2,C3_3,D3_3,F3_3,,,N3_2,L_1,M_1
246073,L2,L3,L2,L3,L2,L3,L1,L1,L2,C3_3,D3_3,F3_3,,,N3_2,L_1,M_2
246074,L2,L3,L2,L3,L2,L3,L1,L1,L2,C3_3,D3_3,F3_3,,,N3_2,L_2,M_1
246075,L2,L3,L2,L3,L2,L3,L1,L1,L2,C3_3,D3_3,F3_3,,,N3_2,L_2,M_2
246076,L2,L3,L2,L3,L2,L3,L1,L1,L2,C3_3,D3_3,F3_3,,,N3_2,L_3,M_1
246077,L2,L3,L2,L3,L2,L3,L1,L1,L2,C3_3,D3_3,F3_3,,,N3_2,L_3,M_2
250776,L3,L1,L1,L2,L3,L3,L1,L1,L2,C3_1,D3_1,F3_1,,,N3_1,L_1,M_1
250777,L3,L1,L1,L2,L3,L3,L1,L1,L2,C3_1,D3_1,F3_1,,,N3_1,L_1,M_2
250778,L3,L1,L1,L2,L3,L3,L1,L1,L2,C3_1,D3_1,F3_1,,,N3_1,L_2,M_1
250779,L3,L1,L1,L2,L3,L3,L1,L1,L2,C3_1,D3_1,F3_1,,,N3_1,L_2,M_2
250780,L3,L1,L1,L2,L3,L3,L1,L1,L2,C3_1,D3_1,F3_1,,,N3_1,L_3,M_1
250781,L3,L1,L1,L2,L3,L3,L1,L1,L2,C3_1,D3_1,F3_1,,,N3_1,L_3,M_2
250782,L3,L1,L1,L2,L3,L3,L1,L1,L2,C3_1,D3_1,F3_1,,,N3_2,L_1,M_1
250783,L3,L1,L1,L2,L3,L3,L1,L1,L2,C3_1,D3_1,F3_1,,,N3_2,L_1,M_2
250784,L3,L1,L1,L2,L3,L3,L1,L1,L2,C3_1,D3_1,F3_1,,,N3_2,L_2,M_1
250785,L3,L1,L1,L2,L3,L3,L1,L1,L2,C3_1,D3_1,F3_1,,,N3_2,L_2,M_2
250786,L3,L1,L1,L2,L3,L3,L1,L1,L2,C3_1,D3_1,F3_1,,,N3_2,L_3,M_1
250787,L3,L1,L1,L2,L3,L3,L1,L1,L2,C3_1,D3_1,F3_1,,,N3_2,L_3,M_2
250788,L3,L1,L1,L2,L3,L3,L1,L1,L2,C3_1,D3_1,F3_2,,,N3_1,L_1,M_1
250789,L3,L1,L1,L2,L3,L3,L1,L1,L2,C3_1,D3_1,F3_2,,,N3_1,L_1,M_2
250790,L3,L1,L1,L2,L3,L3,L1,L1,L2,C3_1,D3_1,F3_2,,,N3_1,L_2,M_1
250791,L3,L1,L1,L2,L3,L3,L1,L1,L2,C3_1,D3_1,F3_2,,,N3_1,L_2,M_2
250792,L3,L1,L1,L2,L3,L3,L1,L1,L2,C3_1,D3_1,F3_2,,,N3_1,L_3,M_1
250793,L3,L1,L1,L2,L3,L3,L1,L1,L2,C3_1,D3_1,F3_2,,,N3_1,L_3,M_2
250794,L3,L1,L1,L2,L3,L3,L1,L1,L2,C3_1,D3_1,F3_2,,,N3_2,L_1,M_1
250795,L3,L1,L1,L2,L3,L3,L1,L1,L2,C3_1,D3_1,F3_2,,,N3_2,L_1,M_2
250796,L3,L1,L1,L2,L3,L3,L1,L1,L2,C3_1,D3_1,F3_2,,,N3_2,L_2,M_1
250797,L3,L1,L1,L2,L3,L3,L1,L1,L2,C3_1,D3_1,F3_2,,,N3_2,L_2,M_2
250798,L3,L1,L1,L2,L3,L3,L1,L1,L2,C3_1,D3_1,F3_2,,,N3_2,L_3,M_1
250799,L3,L1,L1,L2,L3,L3,L1,L1,L2,C3_1,D3_1,F3_2,,,N3_2,L_3,M_2
250800,L3,L1,L1,L2,L3,L3,L1,L1,L2,C3_1,D3_1,F3_3,,,N3_1,L_1,M_1
250801,L3,L1,L1,L2,L3,L3,L1,L1,L2,C3_1,D3_1,F3_3,,,N3_1,L_1,M_2
250802,L3,L1,L1,L2,L3,L3,L1,L1,L2,C3_1,D3_1,F3_3,,,N3_1,L_2,M_1
250803,L3,L1,L1,L2,L3,L3,L1,L1,L2,C3_1,D3_1,F3_3,,,N3_1,L_2,M_2
250804,L3,L1,L1,L2,L3,L3,L1,L1,L2,C3_1,D3_1,F3_3,,,N3_1,L_3,M_1
250805,L3,L1,L1,L2,L3,L3,L1,L1,L2,C3_1,D3_1,F3_3,,,N3_1,L_3,M_2
250806,L3,L1,L1,L2,L3,L3,L1,L1,L2,C3_1,D3_1,F3_3,,,N3_2,L_1,M_1
250807,L3,L1,L1,L2,L3,L3,L1,L1,L2,C3_1,D3_1,F3_3,,,N3_2,L_1,M_2
250808,L3,L1,L1,L2,L3,L3,L1,L1,L2,C3_1,D3_1,F3_3,,,N3_2,L_2,M_1
250809,L3,L1,L1,L2,L3,L3,L1,L1,L2,C3_1,D3_1,F3_3,,,N3_2,L_2,M_2
250810,L3,L1,L1,L2,L3,L3,L1,L1,L2,C3_1,D3_1,F3_3,,,N3_2,L_3,M_1
250811,L3,L1,L1,L2,L3,L3,L1,L1,L2,C3_1,D3_1,F3_3,,,N3_2,L_3,M_2
250812,L3,L1,L1,L2,L3,L3,L1,L1,L2,C3_1,D3_2,F3_1,,,N3_1,L_1,M_1
250813,L3,L1,L1,L2,L3,L3,L1,L1,L2,C3_1,D3_2,F3_1,,,N3_1,L_1,M_2
250814,L3,L1,L1,L2,L3,L3,L1,L1,L2,C3_1,D3_2,F3_1,,,N3_1,L_2,M_1
250815,L3,L1,L1,L2,L3,L3,L1,L1,L2,C3_1,D3_2,F3_1,,,N3_1,L_2,M_2
250816,L3,L1,L1,L2,L3,L3,L1,L1,L2,C3_1,D3_2,F3_1,,,N3_1,L_3,M_1
250817,L3,L1,L1,L2,L3,L3,L1,L1,L2,C3_1,D3_2,F3_1,,,N3_1,L_3,M_2
250818,L3,L1,L1,L2,L3,L3,L1,L1,L2,C3_1,D3_2,F3_1,,,N3_2,L_1,M_1
250819,L3,L1,L1,L2,L3,L3,L1,L1,L2,C3_1,D3_2,F3_1,,,N3_2,L_1,M_2
250820,L3,L1,L1,L2,L3,L3,L1,L1,L2,C3_1,D3_2,F3_1,,,N3_2,L_2,M_1
250821,L3,L1,L1,L2,L3,L3,L1,L1,L2,C3_1,D3_2,F3_1,,,N3_2,L_2,M_2
250822,L3,L1,L1,L2,L3,L3,L1,L1,L2,C3_1,D3_2,F3_1,,,N3_2,L_3,M_1
250823,L3,L1,L1,L2,L3,L3,L1,L1,L2,C3_1,D3_2,F3_1,,,N3_2,L_3,M_2
250824,L3,L1,L1,L2,L3,L3,L1,L1,L2,C3_1,D3_2,F3_2,,,N3_1,L_1,M_1
250825,L3,L1,L1,L2,L3,L3,L1,L1,L2,C3_1,D3_2,F3_2,,,N3_1,L_1,M_2
250826,L3,L1,L1,L2,L3,L3,L1,L1,L2,C3_1,D3_2,F3_2,,,N3_1,L_2,M_1
250827,L3,L1,L1,L2,L3,L3,L1,L1,L2,C3_1,D3_2,F3_2,,,N3_1,L_2,M_2
250828,L3,L1,L1,L2,L3,L3,L1,L1,L2,C3_1,D3_2,F3_2,,,N3_1,L_3,M_1
250829,L3,L1,L1,L2,L3,L3,L1,L1,L2,C3_1,D3_2,F3_2,,,N3_1,L_3,M_2
250830,L3,L1,L1,L2,L3,L3,L1,L1,L2,C3_1,D3_2,F3_2,,,N3_2,L_1,M_1
250831,L3,L1,L1,L2,L3,L3,L1,L1,L2,C3_1,D3_2,F3_2,,,N3_2,L_1,M_2
250832,L3,L1,L1,L2,L3,L3,L1,L1,L2,C3_1,D3_2,F3_2,,,N3_2,L_2,M_1
250833,L3,L1,L1,L2,L3,L3,L1,L1,L2,C3_1,D3_2,F3_2,,,N3_2,L_2,M_2
250834,L3,L1,L1,L2,L3,L3,L1,L1,L2,C3_1,D3_2,F3_2,,,N3_2,L_3,M_1
250835,L3,L1,L1,L2,L3,L3,L1,L1,L2,C3_1,D3_2,F3_2,,,N3_2,L_3,M_2
250836,L3,L1,L1,L2,L3,L3,L1,L1,L2,C3_1,D3_2,F3_3,,,N3_1,L_1,M_1
250837,L3,L1,L1,L2,L3,L3,L1,L1,L2,C3_1,D3_2,F3_3,,,N3_1,L_1,M_2
250838,L3,L1,L1,L2,L3,L3,L1,L1,L2,C3_1,D3_2,F3_3,,,N3_1,L_2,M_1
250839,L3,L1,L1,L2,L3,L3,L1,L1,L2,C3_1,D3_2,F3_3,,,N3_1,L_2,M_2
250840,L3,L1,L1,L2,L3,L3,L1,L1,L2,C3_1,D3_2,F3_3,,,N3_1,L_3,M_1
250841,L3,L1,L1,L2,L3,L3,L1,L1,L2,C3_1,D3_2,F3_3,,,N3_1,L_3,M_2
250842,L3,L1,L1,L2,L3,L3,L1,L1,L2,C3_1,D3_2,F3_3,,,N3_2,L_1,M_1
250843,L3,L1,L1,L2,L3,L3,L1,L1,L2,C3_1,D3_2,F3_3,,,N3_2,L_1,M_2
250844,L3,L1,L1,L2,L3,L3,L1,L1,L2,C3_1,D3_2,F3_3,,,N3_2,L_2,M_1
250845,L3,L1,L1,L2,L3,L3,L1,L1,L2,C3_1,D3_2,F3_3,,,N3_2,L_2,M_2
250846,L3,L1,L1,L2,L3,L3,L1,L1,L2,C3_1,D3_2,F3_3,,,N3_2,L_3,M_1
250847,L3,L1,L1,L2,L3,L3,L1,L1,L2,C3_1,D3_2,F3_3,,,N3_2,L_3,M_2
250848,L3,L1,L1,L2,L3,L3,L1,L1,L2,C3_1,D3_3,F3_1,,,N3_1,L_1,M_1
250849,L3,L1,L1,L2,L3,L3,L1,L1,L2,C3_1,D3_3,F3_1,,,N3_1,L_1,M_2
250850,L3,L1,L1,L2,L3,L3,L1,L1,L2,C3_1,D3_3,F3_1,,,N3_1,L_2,M_1
250851,L3,L1,L1,L2,L3,L3,L1,L1,L2,C3_1,D3_3,F3_1,,,N3_1,L_2,M_2
250852,L3,L1,L1,L2,L3,L3,L1,L1,L2,C3_1,D3_3,F3_1,,,N3_1,L_3,M_1
250853,L3,L1,L1,L2,L3,L3,L1,L1,L2,C3_1,D3_3,F3_1,,,N3_1,L_3,M_2
250854,L3,L1,L1,L2,L3,L3,L1,L1,L2,C3_1,D3_3,F3_1,,,N3_2,L_1,M_1
250855,L3,L1,L1,L2,L3,L3,L1,L1,L2,C3_1,D3_3,F3_1,,,N3_2,L_1,M_2
250856,L3,L1,L1,L2,L3,L3,L1,L1,L2,C3_1,D3_3,F3_1,,,N3_2,L_2,M_1
250857,L3,L1,L1,L2,L3,L3,L1,L1,L2,C3_1,D3_3,F3_1,,,N3_2,L_2,M_2
250858,L3,L1,L1,L2,L3,L3,L1,L1,L2,C3_1,D3_3,F3_1,,,N3_2,L_3,M_1
250859,L3,L1,L1,L2,L3,L3,L1,L1,L2,C3_1,D3_3,F3_1,,,N3_2,L_3,M_2
250860,L3,L1,L1,L2,L3,L3,L1,L1,L2,C3_1,D3_3,F3_2,,,N3_1,L_1,M_1
250861,L3,L1,L1,L2,L3,L3,L1,L1,L2,C3_1,D3_3,F3_2,,,N3_1,L_1,M_2
250862,L3,L1,L1,L2,L3,L3,L1,L1,L2,C3_1,D3_3,F3_2,,,N3_1,L_2,M_1
250863,L3,L1,L1,L2,L3,L3,L1,L1,L2,C3_1,D3_3,F3_2,,,N3_1,L_2,M_2
250864,L3,L1,L1,L2,L3,L3,L1,L1,L2,C3_1,D3_3,F3_2,,,N3_1,L_3,M_1
250865,L3,L1,L1,L2,L3,L3,L1,L1,L2,C3_1,D3_3,F3_2,,,N3_1,L_3,M_2
250866,L3,L1,L1,L2,L3,L3,L1,L1,L2,C3_1,D3_3,F3_2,,,N3_2,L_1,M_1
250867,L3,L1,L1,L2,L3,L3,L1,L1,L2,C3_1,D3_3,F3_2,,,N3_2,L_1,M_2
250868,L3,L1,L1,L2,L3,L3,L1,L1,L2,C3_1,D3_3,F3_2,,,N3_2,L_2,M_1
250869,L3,L1,L1,L2,L3,L3,L1,L1,L2,C3_1,D3_3,F3_2,,,N3_2,L_2,M_2
250870,L3,L1,L1,L2,L3,L3,L1,L1,L2,C3_1,D3_3,F3_2,,,N3_2,L_3,M_1
250871,L3,L1,L1,L2,L3,L3,L1,L1,L2,C3_1,D3_3,F3_2,,,N3_2,L_3,M_2
250872,L3,L1,L1,L2,L3,L3,L1,L1,L2,C3_1,D3_3,F3_3,,,N3_1,L_1,M_1
250873,L3,L1,L1,L2,L3,L3,L1,L1,L2,C3_1,D3_3,F3_3,,,N3_1,L_1,M_2
250874,L3,L1,L1,L2,L3,L3,L1,L1,L2,C3_1,D3_3,F3_3,,,N3_1,L_2,M_1
250875,L3,L1,L1,L2,L3,L3,L1,L1,L2,C3_1,D3_3,F3_3,,,N3_1,L_2,M_2
250876,L3,L1,L1,L2,L3,L3,L1,L1,L2,C3_1,D3_3,F3_3,,,N3_1,L_3,M_1
250877,L3,L1,L1,L2,L3,L3,L1,L1,L2,C3_1,D3_3,F3_3,,,N3_1,L_3,M_2
250878,L3,L1,L1,L2,L3,L3,L1,L1,L2,C3_1,D3_3,F3_3,,,N3_2,L_1,M_1
250879,L3,L1,L1,L2,L3,L3,L1,L1,L2,C3_1,D3_3,F3_3,,,N3_2,L_1,M_2
250880,L3,L1,L1,L2,L3,L3,L1,L1,L2,C3_1,D3_3,F3_3,,,N3_2,L_2,M_1
250881,L3,L1,L1,L2,L3,L3,L1,L1,L2,C3_1,D3_3,F3_3,,,N3_2,L_2,M_2
250882,L3,L1,L1,L2,L3,L3,L1,L1,L2,C3_1,D3_3,F3_3,,,N3_2,L_3,M_1
250883,L3,L1,L1,L2,L3,L3,L1,L1,L2,C3_1,D3_3,F3_3,,,N3_2,L_3,M_2
250884,L3,L1,L1,L2,L3,L3,L1,L1,L2,C3_2,D3_1,F3_1,,,N3_1,L_1,M_1
250885,L3,L1,L1,L2,L3,L3,L1,L1,L2,C3_2,D3_1,F3_1,,,N3_1,L_1,M_2
250886,L3,L1,L1,L2,L3,L3,L1,L1,L2,C3_2,D3_1,F3_1,,,N3_1,L_2,M_1
250887,L3,L1,L1,L2,L3,L3,L1,L1,L2,C3_2,D3_1,F3_1,,,N3_1,L_2,M_2
250888,L3,L1,L1,L2,L3,L3,L1,L1,L2,C3_2,D3_1,F3_1,,,N3_1,L_3,M_1
250889,L3,L1,L1,L2,L3,L3,L1,L1,L2,C3_2,D3_1,F3_1,,,N3_1,L_3,M_2
250890,L3,L1,L1,L2,L3,L3,L1,L1,L2,C3_2,D3_1,F3_1,,,N3_2,L_1,M_1
250891,L3,L1,L1,L2,L3,L3,L1,L1,L2,C3_2,D3_1,F3_1,,,N3_2,L_1,M_2
250892,L3,L1,L1,L2,L3,L3,L1,L1,L2,C3_2,D3_1,F3_1,,,N3_2,L_2,M_1
250893,L3,L1,L1,L2,L3,L3,L1,L1,L2,C3_2,D3_1,F3_1,,,N3_2,L_2,M_2
250894,L3,L1,L1,L2,L3,L3,L1,L1,L2,C3_2,D3_1,F3_1,,,N3_2,L_3,M_1
250895,L3,L1,L1,L2,L3,L3,L1,L1,L2,C3_2,D3_1,F3_1,,,N3_2,L_3,M_2
250896,L3,L1,L1,L2,L3,L3,L1,L1,L2,C3_2,D3_1,F3_2,,,N3_1,L_1,M_1
250897,L3,L1,L1,L2,L3,L3,L1,L1,L2,C3_2,D3_1,F3_2,,,N3_1,L_1,M_2
250898,L3,L1,L1,L2,L3,L3,L1,L1,L2,C3_2,D3_1,F3_2,,,N3_1,L_2,M_1
250899,L3,L1,L1,L2,L3,L3,L1,L1,L2,C3_2,D3_1,F3_2,,,N3_1,L_2,M_2
250900,L3,L1,L1,L2,L3,L3,L1,L1,L2,C3_2,D3_1,F3_2,,,N3_1,L_3,M_1
250901,L3,L1,L1,L2,L3,L3,L1,L1,L2,C3_2,D3_1,F3_2,,,N3_1,L_3,M_2
250902,L3,L1,L1,L2,L3,L3,L1,L1,L2,C3_2,D3_1,F3_2,,,N3_2,L_1,M_1
250903,L3,L1,L1,L2,L3,L3,L1,L1,L2,C3_2,D3_1,F3_2,,,N3_2,L_1,M_2
250904,L3,L1,L1,L2,L3,L3,L1,L1,L2,C3_2,D3_1,F3_2,,,N3_2,L_2,M_1
250905,L3,L1,L1,L2,L3,L3,L1,L1,L2,C3_2,D3_1,F3_2,,,N3_2,L_2,M_2
250906,L3,L1,L1,L2,L3,L3,L1,L1,L2,C3_2,D3_1,F3_2,,,N3_2,L_3,M_1
250907,L3,L1,L1,L2,L3,L3,L1,L1,L2,C3_2,D3_1,F3_2,,,N3_2,L_3,M_2
250908,L3,L1,L1,L2,L3,L3,L1,L1,L2,C3_2,D3_1,F3_3,,,N3_1,L_1,M_1
250909,L3,L1,L1,L2,L3,L3,L1,L1,L2,C3_2,D3_1,F3_3,,,N3_1,L_1,M_2
250910,L3,L1,L1,L2,L3,L3,L1,L1,L2,C3_2,D3_1,F3_3,,,N3_1,L_2,M_1
250911,L3,L1,L1,L2,L3,L3,L1,L1,L2,C3_2,D3_1,F3_3,,,N3_1,L_2,M_2
250912,L3,L1,L1,L2,L3,L3,L1,L1,L2,C3_2,D3_1,F3_3,,,N3_1,L_3,M_1
250913,L3,L1,L1,L2,L3,L3,L1,L1,L2,C3_2,D3_1,F3_3,,,N3_1,L_3,M_2
250914,L3,L1,L1,L2,L3,L3,L1,L1,L2,C3_2,D3_1,F3_3,,,N3_2,L_1,M_1
250915,L3,L1,L1,L2,L3,L3,L1,L1,L2,C3_2,D3_1,F3_3,,,N3_2,L_1,M_2
250916,L3,L1,L1,L2,L3,L3,L1,L1,L2,C3_2,D3_1,F3_3,,,N3_2,L_2,M_1
250917,L3,L1,L1,L2,L3,L3,L1,L1,L2,C3_2,D3_1,F3_3,,,N3_2,L_2,M_2
250918,L3,L1,L1,L2,L3,L3,L1,L1,L2,C3_2,D3_1,F3_3,,,N3_2,L_3,M_1
250919,L3,L1,L1,L2,L3,L3,L1,L1,L2,C3_2,D3_1,F3_3,,,N3_2,L_3,M_2
250920,L3,L1,L1,L2,L3,L3,L1,L1,L2,C3_2,D3_2,F3_1,,,N3_1,L_1,M_1
250921,L3,L1,L1,L2,L3,L3,L1,L1,L2,C3_2,D3_2,F3_1,,,N3_1,L_1,M_2
250922,L3,L1,L1,L2,L3,L3,L1,L1,L2,C3_2,D3_2,F3_1,,,N3_1,L_2,M_1
250923,L3,L1,L1,L2,L3,L3,L1,L1,L2,C3_2,D3_2,F3_1,,,N3_1,L_2,M_2
250924,L3,L1,L1,L2,L3,L3,L1,L1,L2,C3_2,D3_2,F3_1,,,N3_1,L_3,M_1
250925,L3,L1,L1,L2,L3,L3,L1,L1,L2,C3_2,D3_2,F3_1,,,N3_1,L_3,M_2
250926,L3,L1,L1,L2,L3,L3,L1,L1,L2,C3_2,D3_2,F3_1,,,N3_2,L_1,M_1
250927,L3,L1,L1,L2,L3,L3,L1,L1,L2,C3_2,D3_2,F3_1,,,N3_2,L_1,M_2
250928,L3,L1,L1,L2,L3,L3,L1,L1,L2,C3_2,D3_2,F3_1,,,N3_2,L_2,M_1
250929,L3,L1,L1,L2,L3,L3,L1,L1,L2,C3_2,D3_2,F3_1,,,N3_2,L_2,M_2
250930,L3,L1,L1,L2,L3,L3,L1,L1,L2,C3_2,D3_2,F3_1,,,N3_2,L_3,M_1
250931,L3,L1,L1,L2,L3,L3,L1,L1,L2,C3_2,D3_2,F3_1,,,N3_2,L_3,M_2
250932,L3,L1,L1,L2,L3,L3,L1,L1,L2,C3_2,D3_2,F3_2,,,N3_1,L_1,M_1
250933,L3,L1,L1,L2,L3,L3,L1,L1,L2,C3_2,D3_2,F3_2,,,N3_1,L_1,M_2
250934,L3,L1,L1,L2,L3,L3,L1,L1,L2,C3_2,D3_2,F3_2,,,N3_1,L_2,M_1
250935,L3,L1,L1,L2,L3,L3,L1,L1,L2,C3_2,D3_2,F3_2,,,N3_1,L_2,M_2
250936,L3,L1,L1,L2,L3,L3,L1,L1,L2,C3_2,D3_2,F3_2,,,N3_1,L_3,M_1
250937,L3,L1,L1,L2,L3,L3,L1,L1,L2,C3_2,D3_2,F3_2,,,N3_1,L_3,M_2
250938,L3,L1,L1,L2,L3,L3,L1,L1,L2,C3_2,D3_2,F3_2,,,N3_2,L_1,M_1
250939,L3,L1,L1,L2,L3,L3,L1,L1,L2,C3_2,D3_2,F3_2,,,N3_2,L_1,M_2
250940,L3,L1,L1,L2,L3,L3,L1,L1,L2,C3_2,D3_2,F3_2,,,N3_2,L_2,M_1
250941,L3,L1,L1,L2,L3,L3,L1,L1,L2,C3_2,D3_2,F3_2,,,N3_2,L_2,M_2
250942,L3,L1,L1,L2,L3,L3,L1,L1,L2,C3_2,D3_2,F3_2,,,N3_2,L_3,M_1
250943,L3,L1,L1,L2,L3,L3,L1,L1,L2,C3_2,D3_2,F3_2,,,N3_2,L_3,M_2
250944,L3,L1,L1,L2,L3,L3,L1,L1,L2,C3_2,D3_2,F3_3,,,N3_1,L_1,M_1
250945,L3,L1,L1,L2,L3,L3,L1,L1,L2,C3_2,D3_2,F3_3,,,N3_1,L_1,M_2
250946,L3,L1,L1,L2,L3,L3,L1,L1,L2,C3_2,D3_2,F3_3,,,N3_1,L_2,M_1
250947,L3,L1,L1,L2,L3,L3,L1,L1,L2,C3_2,D3_2,F3_3,,,N3_1,L_2,M_2
250948,L3,L1,L1,L2,L3,L3,L1,L1,L2,C3_2,D3_2,F3_3,,,N3_1,L_3,M_1
250949,L3,L1,L1,L2,L3,L3,L1,L1,L2,C3_2,D3_2,F3_3,,,N3_1,L_3,M_2
250950,L3,L1,L1,L2,L3,L3,L1,L1,L2,C3_2,D3_2,F3_3,,,N3_2,L_1,M_1
250951,L3,L1,L1,L2,L3,L3,L1,L1,L2,C3_2,D3_2,F3_3,,,N3_2,L_1,M_2
250952,L3,L1,L1,L2,L3,L3,L1,L1,L2,C3_2,D3_2,F3_3,,,N3_2,L_2,M_1
250953,L3,L1,L1,L2,L3,L3,L1,L1,L2,C3_2,D3_2,F3_3,,,N3_2,L_2,M_2
250954,L3,L1,L1,L2,L3,L3,L1,L1,L2,C3_2,D3_2,F3_3,,,N3_2,L_3,M_1
250955,L3,L1,L1,L2,L3,L3,L1,L1,L2,C3_2,D3_2,F3_3,,,N3_2,L_3,M_2
250956,L3,L1,L1,L2,L3,L3,L1,L1,L2,C3_2,D3_3,F3_1,,,N3_1,L_1,M_1
250957,L3,L1,L1,L2,L3,L3,L1,L1,L2,C3_2,D3_3,F3_1,,,N3_1,L_1,M_2
250958,L3,L1,L1,L2,L3,L3,L1,L1,L2,C3_2,D3_3,F3_1,,,N3_1,L_2,M_1
250959,L3,L1,L1,L2,L3,L3,L1,L1,L2,C3_2,D3_3,F3_1,,,N3_1,L_2,M_2
250960,L3,L1,L1,L2,L3,L3,L1,L1,L2,C3_2,D3_3,F3_1,,,N3_1,L_3,M_1
250961,L3,L1,L1,L2,L3,L3,L1,L1,L2,C3_2,D3_3,F3_1,,,N3_1,L_3,M_2
250962,L3,L1,L1,L2,L3,L3,L1,L1,L2,C3_2,D3_3,F3_1,,,N3_2,L_1,M_1
250963,L3,L1,L1,L2,L3,L3,L1,L1,L2,C3_2,D3_3,F3_1,,,N3_2,L_1,M_2
250964,L3,L1,L1,L2,L3,L3,L1,L1,L2,C3_2,D3_3,F3_1,,,N3_2,L_2,M_1
250965,L3,L1,L1,L2,L3,L3,L1,L1,L2,C3_2,D3_3,F3_1,,,N3_2,L_2,M_2
250966,L3,L1,L1,L2,L3,L3,L1,L1,L2,C3_2,D3_3,F3_1,,,N3_2,L_3,M_1
250967,L3,L1,L1,L2,L3,L3,L1,L1,L2,C3_2,D3_3,F3_1,,,N3_2,L_3,M_2
250968,L3,L1,L1,L2,L3,L3,L1,L1,L2,C3_2,D3_3,F3_2,,,N3_1,L_1,M_1
250969,L3,L1,L1,L2,L3,L3,L1,L1,L2,C3_2,D3_3,F3_2,,,N3_1,L_1,M_2
250970,L3,L1,L1,L2,L3,L3,L1,L1,L2,C3_2,D3_3,F3_2,,,N3_1,L_2,M_1
250971,L3,L1,L1,L2,L3,L3,L1,L1,L2,C3_2,D3_3,F3_2,,,N3_1,L_2,M_2
250972,L3,L1,L1,L2,L3,L3,L1,L1,L2,C3_2,D3_3,F3_2,,,N3_1,L_3,M_1
250973,L3,L1,L1,L2,L3,L3,L1,L1,L2,C3_2,D3_3,F3_2,,,N3_1,L_3,M_2
250974,L3,L1,L1,L2,L3,L3,L1,L1,L2,C3_2,D3_3,F3_2,,,N3_2,L_1,M_1
250975,L3,L1,L1,L2,L3,L3,L1,L1,L2,C3_2,D3_3,F3_2,,,N3_2,L_1,M_2
250976,L3,L1,L1,L2,L3,L3,L1,L1,L2,C3_2,D3_3,F3_2,,,N3_2,L_2,M_1
250977,L3,L1,L1,L2,L3,L3,L1,L1,L2,C3_2,D3_3,F3_2,,,N3_2,L_2,M_2
250978,L3,L1,L1,L2,L3,L3,L1,L1,L2,C3_2,D3_3,F3_2,,,N3_2,L_3,M_1
250979,L3,L1,L1,L2,L3,L3,L1,L1,L2,C3_2,D3_3,F3_2,,,N3_2,L_3,M_2
250980,L3,L1,L1,L2,L3,L3,L1,L1,L2,C3_2,D3_3,F3_3,,,N3_1,L_1,M_1
250981,L3,L1,L1,L2,L3,L3,L1,L1,L2,C3_2,D3_3,F3_3,,,N3_1,L_1,M_2
250982,L3,L1,L1,L2,L3,L3,L1,L1,L2,C3_2,D3_3,F3_3,,,N3_1,L_2,M_1
250983,L3,L1,L1,L2,L3,L3,L1,L1,L2,C3_2,D3_3,F3_3,,,N3_1,L_2,M_2
250984,L3,L1,L1,L2,L3,L3,L1,L1,L2,C3_2,D3_3,F3_3,,,N3_1,L_3,M_1
250985,L3,L1,L1,L2,L3,L3,L1,L1,L2,C3_2,D3_3,F3_3,,,N3_1,L_3,M_2
250986,L3,L1,L1,L2,L3,L3,L1,L1,L2,C3_2,D3_3,F3_3,,,N3_2,L_1,M_1
250987,L3,L1,L1,L2,L3,L3,L1,L1,L2,C3_2,D3_3,F3_3,,,N3_2,L_1,M_2
250988,L3,L1,L1,L2,L3,L3,L1,L1,L2,C3_2,D3_3,F3_3,,,N3_2,L_2,M_1
250989,L3,L1,L1,L2,L3,L3,L1,L1,L2,C3_2,D3_3,F3_3,,,N3_2,L_2,M_2
250990,L3,L1,L1,L2,L3,L3,L1,L1,L2,C3_2,D3_3,F3_3,,,N3_2,L_3,M_1
250991,L3,L1,L1,L2,L3,L3,L1,L1,L2,C3_2,D3_3,F3_3,,,N3_2,L_3,M_2
250992,L3,L1,L1,L2,L3,L3,L1,L1,L2,C3_3,D3_1,F3_1,,,N3_1,L_1,M_1
250993,L3,L1,L1,L2,L3,L3,L1,L1,L2,C3_3,D3_1,F3_1,,,N3_1,L_1,M_2
250994,L3,L1,L1,L2,L3,L3,L1,L1,L2,C3_3,D3_1,F3_1,,,N3_1,L_2,M_1
250995,L3,L1,L1,L2,L3,L3,L1,L1,L2,C3_3,D3_1,F3_1,,,N3_1,L_2,M_2
250996,L3,L1,L1,L2,L3,L3,L1,L1,L2,C3_3,D3_1,F3_1,,,N3_1,L_3,M_1
250997,L3,L1,L1,L2,L3,L3,L1,L1,L2,C3_3,D3_1,F3_1,,,N3_1,L_3,M_2
250998,L3,L1,L1,L2,L3,L3,L1,L1,L2,C3_3,D3_1,F3_1,,,N3_2,L_1,M_1
250999,L3,L1,L1,L2,L3,L3,L1,L1,L2,C3_3,D3_1,F3_1,,,N3_2,L_1,M_2
251000,L3,L1,L1,L2,L3,L3,L1,L1,L2,C3_3,D3_1,F3_1,,,N3_2,L_2,M_1
251001,L3,L1,L1,L2,L3,L3,L1,L1,L2,C3_3,D3_1,F3_1,,,N3_2,L_2,M_2
251002,L3,L1,L1,L2,L3,L3,L1,L1,L2,C3_3,D3_1,F3_1,,,N3_2,L_3,M_1
251003,L3,L1,L1,L2,L3,L3,L1,L1,L2,C3_3,D3_1,F3_1,,,N3_2,L_3,M_2
251004,L3,L1,L1,L2,L3,L3,L1,L1,L2,C3_3,D3_1,F3_2,,,N3_1,L_1,M_1
251005,L3,L1,L1,L2,L3,L3,L1,L1,L2,C3_3,D3_1,F3_2,,,N3_1,L_1,M_2
251006,L3,L1,L1,L2,L3,L3,L1,L1,L2,C3_3,D3_1,F3_2,,,N3_1,L_2,M_1
251007,L3,L1,L1,L2,L3,L3,L1,L1,L2,C3_3,D3_1,F3_2,,,N3_1,L_2,M_2
251008,L3,L1,L1,L2,L3,L3,L1,L1,L2,C3_3,D3_1,F3_2,,,N3_1,L_3,M_1
251009,L3,L1,L1,L2,L3,L3,L1,L1,L2,C3_3,D3_1,F3_2,,,N3_1,L_3,M_2
251010,L3,L1,L1,L2,L3,L3,L1,L1,L2,C3_3,D3_1,F3_2,,,N3_2,L_1,M_1
251011,L3,L1,L1,L2,L3,L3,L1,L1,L2,C3_3,D3_1,F3_2,,,N3_2,L_1,M_2
251012,L3,L1,L1,L2,L3,L3,L1,L1,L2,C3_3,D3_1,F3_2,,,N3_2,L_2,M_1
251013,L3,L1,L1,L2,L3,L3,L1,L1,L2,C3_3,D3_1,F3_2,,,N3_2,L_2,M_2
251014,L3,L1,L1,L2,L3,L3,L1,L1,L2,C3_3,D3_1,F3_2,,,N3_2,L_3,M_1
251015,L3,L1,L1,L2,L3,L3,L1,L1,L2,C3_3,D3_1,F3_2,,,N3_2,L_3,M_2
251016,L3,L1,L1,L2,L3,L3,L1,L1,L2,C3_3,D3_1,F3_3,,,N3_1,L_1,M_1
251017,L3,L1,L1,L2,L3,L3,L1,L1,L2,C3_3,D3_1,F3_3,,,N3_1,L_1,M_2
251018,L3,L1,L1,L2,L3,L3,L1,L1,L2,C3_3,D3_1,F3_3,,,N3_1,L_2,M_1
251019,L3,L1,L1,L2,L3,L3,L1,L1,L2,C3_3,D3_1,F3_3,,,N3_1,L_2,M_2
251020,L3,L1,L1,L2,L3,L3,L1,L1,L2,C3_3,D3_1,F3_3,,,N3_1,L_3,M_1
251021,L3,L1,L1,L2,L3,L3,L1,L1,L2,C3_3,D3_1,F3_3,,,N3_1,L_3,M_2
251022,L3,L1,L1,L2,L3,L3,L1,L1,L2,C3_3,D3_1,F3_3,,,N3_2,L_1,M_1
251023,L3,L1,L1,L2,L3,L3,L1,L1,L2,C3_3,D3_1,F3_3,,,N3_2,L_1,M_2
251024,L3,L1,L1,L2,L3,L3,L1,L1,L2,C3_3,D3_1,F3_3,,,N3_2,L_2,M_1
251025,L3,L1,L1,L2,L3,L3,L1,L1,L2,C3_3,D3_1,F3_3,,,N3_2,L_2,M_2
251026,L3,L1,L1,L2,L3,L3,L1,L1,L2,C3_3,D3_1,F3_3,,,N3_2,L_3,M_1
251027,L3,L1,L1,L2,L3,L3,L1,L1,L2,C3_3,D3_1,F3_3,,,N3_2,L_3,M_2
251028,L3,L1,L1,L2,L3,L3,L1,L1,L2,C3_3,D3_2,F3_1,,,N3_1,L_1,M_1
251029,L3,L1,L1,L2,L3,L3,L1,L1,L2,C3_3,D3_2,F3_1,,,N3_1,L_1,M_2
251030,L3,L1,L1,L2,L3,L3,L1,L1,L2,C3_3,D3_2,F3_1,,,N3_1,L_2,M_1
251031,L3,L1,L1,L2,L3,L3,L1,L1,L2,C3_3,D3_2,F3_1,,,N3_1,L_2,M_2
251032,L3,L1,L1,L2,L3,L3,L1,L1,L2,C3_3,D3_2,F3_1,,,N3_1,L_3,M_1
251033,L3,L1,L1,L2,L3,L3,L1,L1,L2,C3_3,D3_2,F3_1,,,N3_1,L_3,M_2
251034,L3,L1,L1,L2,L3,L3,L1,L1,L2,C3_3,D3_2,F3_1,,,N3_2,L_1,M_1
251035,L3,L1,L1,L2,L3,L3,L1,L1,L2,C3_3,D3_2,F3_1,,,N3_2,L_1,M_2
251036,L3,L1,L1,L2,L3,L3,L1,L1,L2,C3_3,D3_2,F3_1,,,N3_2,L_2,M_1
251037,L3,L1,L1,L2,L3,L3,L1,L1,L2,C3_3,D3_2,F3_1,,,N3_2,L_2,M_2
251038,L3,L1,L1,L2,L3,L3,L1,L1,L2,C3_3,D3_2,F3_1,,,N3_2,L_3,M_1
251039,L3,L1,L1,L2,L3,L3,L1,L1,L2,C3_3,D3_2,F3_1,,,N3_2,L_3,M_2
251040,L3,L1,L1,L2,L3,L3,L1,L1,L2,C3_3,D3_2,F3_2,,,N3_1,L_1,M_1
251041,L3,L1,L1,L2,L3,L3,L1,L1,L2,C3_3,D3_2,F3_2,,,N3_1,L_1,M_2
251042,L3,L1,L1,L2,L3,L3,L1,L1,L2,C3_3,D3_2,F3_2,,,N3_1,L_2,M_1
251043,L3,L1,L1,L2,L3,L3,L1,L1,L2,C3_3,D3_2,F3_2,,,N3_1,L_2,M_2
251044,L3,L1,L1,L2,L3,L3,L1,L1,L2,C3_3,D3_2,F3_2,,,N3_1,L_3,M_1
251045,L3,L1,L1,L2,L3,L3,L1,L1,L2,C3_3,D3_2,F3_2,,,N3_1,L_3,M_2
251046,L3,L1,L1,L2,L3,L3,L1,L1,L2,C3_3,D3_2,F3_2,,,N3_2,L_1,M_1
251047,L3,L1,L1,L2,L3,L3,L1,L1,L2,C3_3,D3_2,F3_2,,,N3_2,L_1,M_2
251048,L3,L1,L1,L2,L3,L3,L1,L1,L2,C3_3,D3_2,F3_2,,,N3_2,L_2,M_1
251049,L3,L1,L1,L2,L3,L3,L1,L1,L2,C3_3,D3_2,F3_2,,,N3_2,L_2,M_2
251050,L3,L1,L1,L2,L3,L3,L1,L1,L2,C3_3,D3_2,F3_2,,,N3_2,L_3,M_1
251051,L3,L1,L1,L2,L3,L3,L1,L1,L2,C3_3,D3_2,F3_2,,,N3_2,L_3,M_2
251052,L3,L1,L1,L2,L3,L3,L1,L1,L2,C3_3,D3_2,F3_3,,,N3_1,L_1,M_1
251053,L3,L1,L1,L2,L3,L3,L1,L1,L2,C3_3,D3_2,F3_3,,,N3_1,L_1,M_2
251054,L3,L1,L1,L2,L3,L3,L1,L1,L2,C3_3,D3_2,F3_3,,,N3_1,L_2,M_1
251055,L3,L1,L1,L2,L3,L3,L1,L1,L2,C3_3,D3_2,F3_3,,,N3_1,L_2,M_2
251056,L3,L1,L1,L2,L3,L3,L1,L1,L2,C3_3,D3_2,F3_3,,,N3_1,L_3,M_1
251057,L3,L1,L1,L2,L3,L3,L1,L1,L2,C3_3,D3_2,F3_3,,,N3_1,L_3,M_2
251058,L3,L1,L1,L2,L3,L3,L1,L1,L2,C3_3,D3_2,F3_3,,,N3_2,L_1,M_1
251059,L3,L1,L1,L2,L3,L3,L1,L1,L2,C3_3,D3_2,F3_3,,,N3_2,L_1,M_2
251060,L3,L1,L1,L2,L3,L3,L1,L1,L2,C3_3,D3_2,F3_3,,,N3_2,L_2,M_1
251061,L3,L1,L1,L2,L3,L3,L1,L1,L2,C3_3,D3_2,F3_3,,,N3_2,L_2,M_2
251062,L3,L1,L1,L2,L3,L3,L1,L1,L2,C3_3,D3_2,F3_3,,,N3_2,L_3,M_1
251063,L3,L1,L1,L2,L3,L3,L1,L1,L2,C3_3,D3_2,F3_3,,,N3_2,L_3,M_2
251064,L3,L1,L1,L2,L3,L3,L1,L1,L2,C3_3,D3_3,F3_1,,,N3_1,L_1,M_1
251065,L3,L1,L1,L2,L3,L3,L1,L1,L2,C3_3,D3_3,F3_1,,,N3_1,L_1,M_2
251066,L3,L1,L1,L2,L3,L3,L1,L1,L2,C3_3,D3_3,F3_1,,,N3_1,L_2,M_1
251067,L3,L1,L1,L2,L3,L3,L1,L1,L2,C3_3,D3_3,F3_1,,,N3_1,L_2,M_2
251068,L3,L1,L1,L2,L3,L3,L1,L1,L2,C3_3,D3_3,F3_1,,,N3_1,L_3,M_1
251069,L3,L1,L1,L2,L3,L3,L1,L1,L2,C3_3,D3_3,F3_1,,,N3_1,L_3,M_2
251070,L3,L1,L1,L2,L3,L3,L1,L1,L2,C3_3,D3_3,F3_1,,,N3_2,L_1,M_1
251071,L3,L1,L1,L2,L3,L3,L1,L1,L2,C3_3,D3_3,F3_1,,,N3_2,L_1,M_2
251072,L3,L1,L1,L2,L3,L3,L1,L1,L2,C3_3,D3_3,F3_1,,,N3_2,L_2,M_1
251073,L3,L1,L1,L2,L3,L3,L1,L1,L2,C3_3,D3_3,F3_1,,,N3_2,L_2,M_2
251074,L3,L1,L1,L2,L3,L3,L1,L1,L2,C3_3,D3_3,F3_1,,,N3_2,L_3,M_1
251075,L3,L1,L1,L2,L3,L3,L1,L1,L2,C3_3,D3_3,F3_1,,,N3_2,L_3,M_2
251076,L3,L1,L1,L2,L3,L3,L1,L1,L2,C3_3,D3_3,F3_2,,,N3_1,L_1,M_1
251077,L3,L1,L1,L2,L3,L3,L1,L1,L2,C3_3,D3_3,F3_2,,,N3_1,L_1,M_2
251078,L3,L1,L1,L2,L3,L3,L1,L1,L2,C3_3,D3_3,F3_2,,,N3_1,L_2,M_1
251079,L3,L1,L1,L2,L3,L3,L1,L1,L2,C3_3,D3_3,F3_2,,,N3_1,L_2,M_2
251080,L3,L1,L1,L2,L3,L3,L1,L1,L2,C3_3,D3_3,F3_2,,,N3_1,L_3,M_1
251081,L3,L1,L1,L2,L3,L3,L1,L1,L2,C3_3,D3_3,F3_2,,,N3_1,L_3,M_2
251082,L3,L1,L1,L2,L3,L3,L1,L1,L2,C3_3,D3_3,F3_2,,,N3_2,L_1,M_1
251083,L3,L1,L1,L2,L3,L3,L1,L1,L2,C3_3,D3_3,F3_2,,,N3_2,L_1,M_2
251084,L3,L1,L1,L2,L3,L3,L1,L1,L2,C3_3,D3_3,F3_2,,,N3_2,L_2,M_1
251085,L3,L1,L1,L2,L3,L3,L1,L1,L2,C3_3,D3_3,F3_2,,,N3_2,L_2,M_2
251086,L3,L1,L1,L2,L3,L3,L1,L1,L2,C3_3,D3_3,F3_2,,,N3_2,L_3,M_1
251087,L3,L1,L1,L2,L3,L3,L1,L1,L2,C3_3,D3_3,F3_2,,,N3_2,L_3,M_2
251088,L3,L1,L1,L2,L3,L3,L1,L1,L2,C3_3,D3_3,F3_3,,,N3_1,L_1,M_1
251089,L3,L1,L1,L2,L3,L3,L1,L1,L2,C3_3,D3_3,F3_3,,,N3_1,L_1,M_2
251090,L3,L1,L1,L2,L3,L3,L1,L1,L2,C3_3,D3_3,F3_3,,,N3_1,L_2,M_1
251091,L3,L1,L1,L2,L3,L3,L1,L1,L2,C3_3,D3_3,F3_3,,,N3_1,L_2,M_2
251092,L3,L1,L1,L2,L3,L3,L1,L1,L2,C3_3,D3_3,F3_3,,,N3_1,L_3,M_1
251093,L3,L1,L1,L2,L3,L3,L1,L1,L2,C3_3,D3_3,F3_3,,,N3_1,L_3,M_2
251094,L3,L1,L1,L2,L3,L3,L1,L1,L2,C3_3,D3_3,F3_3,,,N3_2,L_1,M_1
251095,L3,L1,L1,L2,L3,L3,L1,L1,L2,C3_3,D3_3,F3_3,,,N3_2,L_1,M_2
251096,L3,L1,L1,L2,L3,L3,L1,L1,L2,C3_3,D3_3,F3_3,,,N3_2,L_2,M_1
251097,L3,L1,L1,L2,L3,L3,L1,L1,L2,C3_3,D3_3,F3_3,,,N3_2,L_2,M_2
251098,L3,L1,L1,L2,L3,L3,L1,L1,L2,C3_3,D3_3,F3_3,,,N3_2,L_3,M_1
251099,L3,L1,L1,L2,L3,L3,L1,L1,L2,C3_3,D3_3,F3_3,,,N3_2,L_3,M_2
254340,L3,L3,L3,L2,L2,L3,L1,L1,L2,C3_1,D3_1,F3_1,,,N3_1,L_1,M_1
254341,L3,L3,L3,L2,L2,L3,L1,L1,L2,C3_1,D3_1,F3_1,,,N3_1,L_1,M_2
254342,L3,L3,L3,L2,L2,L3,L1,L1,L2,C3_1,D3_1,F3_1,,,N3_1,L_2,M_1
254343,L3,L3,L3,L2,L2,L3,L1,L1,L2,C3_1,D3_1,F3_1,,,N3_1,L_2,M_2
254344,L3,L3,L3,L2,L2,L3,L1,L1,L2,C3_1,D3_1,F3_1,,,N3_1,L_3,M_1
254345,L3,L3,L3,L2,L2,L3,L1,L1,L2,C3_1,D3_1,F3_1,,,N3_1,L_3,M_2
254346,L3,L3,L3,L2,L2,L3,L1,L1,L2,C3_1,D3_1,F3_1,,,N3_2,L_1,M_1
254347,L3,L3,L3,L2,L2,L3,L1,L1,L2,C3_1,D3_1,F3_1,,,N3_2,L_1,M_2
254348,L3,L3,L3,L2,L2,L3,L1,L1,L2,C3_1,D3_1,F3_1,,,N3_2,L_2,M_1
254349,L3,L3,L3,L2,L2,L3,L1,L1,L2,C3_1,D3_1,F3_1,,,N3_2,L_2,M_2
254350,L3,L3,L3,L2,L2,L3,L1,L1,L2,C3_1,D3_1,F3_1,,,N3_2,L_3,M_1
254351,L3,L3,L3,L2,L2,L3,L1,L1,L2,C3_1,D3_1,F3_1,,,N3_2,L_3,M_2
254352,L3,L3,L3,L2,L2,L3,L1,L1,L2,C3_1,D3_1,F3_2,,,N3_1,L_1,M_1
254353,L3,L3,L3,L2,L2,L3,L1,L1,L2,C3_1,D3_1,F3_2,,,N3_1,L_1,M_2
254354,L3,L3,L3,L2,L2,L3,L1,L1,L2,C3_1,D3_1,F3_2,,,N3_1,L_2,M_1
254355,L3,L3,L3,L2,L2,L3,L1,L1,L2,C3_1,D3_1,F3_2,,,N3_1,L_2,M_2
254356,L3,L3,L3,L2,L2,L3,L1,L1,L2,C3_1,D3_1,F3_2,,,N3_1,L_3,M_1
254357,L3,L3,L3,L2,L2,L3,L1,L1,L2,C3_1,D3_1,F3_2,,,N3_1,L_3,M_2
254358,L3,L3,L3,L2,L2,L3,L1,L1,L2,C3_1,D3_1,F3_2,,,N3_2,L_1,M_1
254359,L3,L3,L3,L2,L2,L3,L1,L1,L2,C3_1,D3_1,F3_2,,,N3_2,L_1,M_2
254360,L3,L3,L3,L2,L2,L3,L1,L1,L2,C3_1,D3_1,F3_2,,,N3_2,L_2,M_1
254361,L3,L3,L3,L2,L2,L3,L1,L1,L2,C3_1,D3_1,F3_2,,,N3_2,L_2,M_2
254362,L3,L3,L3,L2,L2,L3,L1,L1,L2,C3_1,D3_1,F3_2,,,N3_2,L_3,M_1
254363,L3,L3,L3,L2,L2,L3,L1,L1,L2,C3_1,D3_1,F3_2,,,N3_2,L_3,M_2
254364,L3,L3,L3,L2,L2,L3,L1,L1,L2,C3_1,D3_1,F3_3,,,N3_1,L_1,M_1
254365,L3,L3,L3,L2,L2,L3,L1,L1,L2,C3_1,D3_1,F3_3,,,N3_1,L_1,M_2
254366,L3,L3,L3,L2,L2,L3,L1,L1,L2,C3_1,D3_1,F3_3,,,N3_1,L_2,M_1
254367,L3,L3,L3,L2,L2,L3,L1,L1,L2,C3_1,D3_1,F3_3,,,N3_1,L_2,M_2
254368,L3,L3,L3,L2,L2,L3,L1,L1,L2,C3_1,D3_1,F3_3,,,N3_1,L_3,M_1
254369,L3,L3,L3,L2,L2,L3,L1,L1,L2,C3_1,D3_1,F3_3,,,N3_1,L_3,M_2
254370,L3,L3,L3,L2,L2,L3,L1,L1,L2,C3_1,D3_1,F3_3,,,N3_2,L_1,M_1
254371,L3,L3,L3,L2,L2,L3,L1,L1,L2,C3_1,D3_1,F3_3,,,N3_2,L_1,M_2
254372,L3,L3,L3,L2,L2,L3,L1,L1,L2,C3_1,D3_1,F3_3,,,N3_2,L_2,M_1
254373,L3,L3,L3,L2,L2,L3,L1,L1,L2,C3_1,D3_1,F3_3,,,N3_2,L_2,M_2
254374,L3,L3,L3,L2,L2,L3,L1,L1,L2,C3_1,D3_1,F3_3,,,N3_2,L_3,M_1
254375,L3,L3,L3,L2,L2,L3,L1,L1,L2,C3_1,D3_1,F3_3,,,N3_2,L_3,M_2
254376,L3,L3,L3,L2,L2,L3,L1,L1,L2,C3_1,D3_2,F3_1,,,N3_1,L_1,M_1
254377,L3,L3,L3,L2,L2,L3,L1,L1,L2,C3_1,D3_2,F3_1,,,N3_1,L_1,M_2
254378,L3,L3,L3,L2,L2,L3,L1,L1,L2,C3_1,D3_2,F3_1,,,N3_1,L_2,M_1
254379,L3,L3,L3,L2,L2,L3,L1,L1,L2,C3_1,D3_2,F3_1,,,N3_1,L_2,M_2
254380,L3,L3,L3,L2,L2,L3,L1,L1,L2,C3_1,D3_2,F3_1,,,N3_1,L_3,M_1
254381,L3,L3,L3,L2,L2,L3,L1,L1,L2,C3_1,D3_2,F3_1,,,N3_1,L_3,M_2
254382,L3,L3,L3,L2,L2,L3,L1,L1,L2,C3_1,D3_2,F3_1,,,N3_2,L_1,M_1
254383,L3,L3,L3,L2,L2,L3,L1,L1,L2,C3_1,D3_2,F3_1,,,N3_2,L_1,M_2
254384,L3,L3,L3,L2,L2,L3,L1,L1,L2,C3_1,D3_2,F3_1,,,N3_2,L_2,M_1
254385,L3,L3,L3,L2,L2,L3,L1,L1,L2,C3_1,D3_2,F3_1,,,N3_2,L_2,M_2
254386,L3,L3,L3,L2,L2,L3,L1,L1,L2,C3_1,D3_2,F3_1,,,N3_2,L_3,M_1
254387,L3,L3,L3,L2,L2,L3,L1,L1,L2,C3_1,D3_2,F3_1,,,N3_2,L_3,M_2
254388,L3,L3,L3,L2,L2,L3,L1,L1,L2,C3_1,D3_2,F3_2,,,N3_1,L_1,M_1
254389,L3,L3,L3,L2,L2,L3,L1,L1,L2,C3_1,D3_2,F3_2,,,N3_1,L_1,M_2
254390,L3,L3,L3,L2,L2,L3,L1,L1,L2,C3_1,D3_2,F3_2,,,N3_1,L_2,M_1
254391,L3,L3,L3,L2,L2,L3,L1,L1,L2,C3_1,D3_2,F3_2,,,N3_1,L_2,M_2
254392,L3,L3,L3,L2,L2,L3,L1,L1,L2,C3_1,D3_2,F3_2,,,N3_1,L_3,M_1
254393,L3,L3,L3,L2,L2,L3,L1,L1,L2,C3_1,D3_2,F3_2,,,N3_1,L_3,M_2
254394,L3,L3,L3,L2,L2,L3,L1,L1,L2,C3_1,D3_2,F3_2,,,N3_2,L_1,M_1
254395,L3,L3,L3,L2,L2,L3,L1,L1,L2,C3_1,D3_2,F3_2,,,N3_2,L_1,M_2
254396,L3,L3,L3,L2,L2,L3,L1,L1,L2,C3_1,D3_2,F3_2,,,N3_2,L_2,M_1
254397,L3,L3,L3,L2,L2,L3,L1,L1,L2,C3_1,D3_2,F3_2,,,N3_2,L_2,M_2
254398,L3,L3,L3,L2,L2,L3,L1,L1,L2,C3_1,D3_2,F3_2,,,N3_2,L_3,M_1
254399,L3,L3,L3,L2,L2,L3,L1,L1,L2,C3_1,D3_2,F3_2,,,N3_2,L_3,M_2
254400,L3,L3,L3,L2,L2,L3,L1,L1,L2,C3_1,D3_2,F3_3,,,N3_1,L_1,M_1
254401,L3,L3,L3,L2,L2,L3,L1,L1,L2,C3_1,D3_2,F3_3,,,N3_1,L_1,M_2
254402,L3,L3,L3,L2,L2,L3,L1,L1,L2,C3_1,D3_2,F3_3,,,N3_1,L_2,M_1
254403,L3,L3,L3,L2,L2,L3,L1,L1,L2,C3_1,D3_2,F3_3,,,N3_1,L_2,M_2
254404,L3,L3,L3,L2,L2,L3,L1,L1,L2,C3_1,D3_2,F3_3,,,N3_1,L_3,M_1
254405,L3,L3,L3,L2,L2,L3,L1,L1,L2,C3_1,D3_2,F3_3,,,N3_1,L_3,M_2
254406,L3,L3,L3,L2,L2,L3,L1,L1,L2,C3_1,D3_2,F3_3,,,N3_2,L_1,M_1
254407,L3,L3,L3,L2,L2,L3,L1,L1,L2,C3_1,D3_2,F3_3,,,N3_2,L_1,M_2
254408,L3,L3,L3,L2,L2,L3,L1,L1,L2,C3_1,D3_2,F3_3,,,N3_2,L_2,M_1
254409,L3,L3,L3,L2,L2,L3,L1,L1,L2,C3_1,D3_2,F3_3,,,N3_2,L_2,M_2
254410,L3,L3,L3,L2,L2,L3,L1,L1,L2,C3_1,D3_2,F3_3,,,N3_2,L_3,M_1
254411,L3,L3,L3,L2,L2,L3,L1,L1,L2,C3_1,D3_2,F3_3,,,N3_2,L_3,M_2
254412,L3,L3,L3,L2,L2,L3,L1,L1,L2,C3_1,D3_3,F3_1,,,N3_1,L_1,M_1
254413,L3,L3,L3,L2,L2,L3,L1,L1,L2,C3_1,D3_3,F3_1,,,N3_1,L_1,M_2
254414,L3,L3,L3,L2,L2,L3,L1,L1,L2,C3_1,D3_3,F3_1,,,N3_1,L_2,M_1
254415,L3,L3,L3,L2,L2,L3,L1,L1,L2,C3_1,D3_3,F3_1,,,N3_1,L_2,M_2
254416,L3,L3,L3,L2,L2,L3,L1,L1,L2,C3_1,D3_3,F3_1,,,N3_1,L_3,M_1
254417,L3,L3,L3,L2,L2,L3,L1,L1,L2,C3_1,D3_3,F3_1,,,N3_1,L_3,M_2
254418,L3,L3,L3,L2,L2,L3,L1,L1,L2,C3_1,D3_3,F3_1,,,N3_2,L_1,M_1
254419,L3,L3,L3,L2,L2,L3,L1,L1,L2,C3_1,D3_3,F3_1,,,N3_2,L_1,M_2
254420,L3,L3,L3,L2,L2,L3,L1,L1,L2,C3_1,D3_3,F3_1,,,N3_2,L_2,M_1
254421,L3,L3,L3,L2,L2,L3,L1,L1,L2,C3_1,D3_3,F3_1,,,N3_2,L_2,M_2
254422,L3,L3,L3,L2,L2,L3,L1,L1,L2,C3_1,D3_3,F3_1,,,N3_2,L_3,M_1
254423,L3,L3,L3,L2,L2,L3,L1,L1,L2,C3_1,D3_3,F3_1,,,N3_2,L_3,M_2
254424,L3,L3,L3,L2,L2,L3,L1,L1,L2,C3_1,D3_3,F3_2,,,N3_1,L_1,M_1
254425,L3,L3,L3,L2,L2,L3,L1,L1,L2,C3_1,D3_3,F3_2,,,N3_1,L_1,M_2
254426,L3,L3,L3,L2,L2,L3,L1,L1,L2,C3_1,D3_3,F3_2,,,N3_1,L_2,M_1
254427,L3,L3,L3,L2,L2,L3,L1,L1,L2,C3_1,D3_3,F3_2,,,N3_1,L_2,M_2
254428,L3,L3,L3,L2,L2,L3,L1,L1,L2,C3_1,D3_3,F3_2,,,N3_1,L_3,M_1
254429,L3,L3,L3,L2,L2,L3,L1,L1,L2,C3_1,D3_3,F3_2,,,N3_1,L_3,M_2
254430,L3,L3,L3,L2,L2,L3,L1,L1,L2,C3_1,D3_3,F3_2,,,N3_2,L_1,M_1
254431,L3,L3,L3,L2,L2,L3,L1,L1,L2,C3_1,D3_3,F3_2,,,N3_2,L_1,M_2
254432,L3,L3,L3,L2,L2,L3,L1,L1,L2,C3_1,D3_3,F3_2,,,N3_2,L_2,M_1
254433,L3,L3,L3,L2,L2,L3,L1,L1,L2,C3_1,D3_3,F3_2,,,N3_2,L_2,M_2
254434,L3,L3,L3,L2,L2,L3,L1,L1,L2,C3_1,D3_3,F3_2,,,N3_2,L_3,M_1
254435,L3,L3,L3,L2,L2,L3,L1,L1,L2,C3_1,D3_3,F3_2,,,N3_2,L_3,M_2
254436,L3,L3,L3,L2,L2,L3,L1,L1,L2,C3_1,D3_3,F3_3,,,N3_1,L_1,M_1
254437,L3,L3,L3,L2,L2,L3,L1,L1,L2,C3_1,D3_3,F3_3,,,N3_1,L_1,M_2
254438,L3,L3,L3,L2,L2,L3,L1,L1,L2,C3_1,D3_3,F3_3,,,N3_1,L_2,M_1
254439,L3,L3,L3,L2,L2,L3,L1,L1,L2,C3_1,D3_3,F3_3,,,N3_1,L_2,M_2
254440,L3,L3,L3,L2,L2,L3,L1,L1,L2,C3_1,D3_3,F3_3,,,N3_1,L_3,M_1
254441,L3,L3,L3,L2,L2,L3,L1,L1,L2,C3_1,D3_3,F3_3,,,N3_1,L_3,M_2
254442,L3,L3,L3,L2,L2,L3,L1,L1,L2,C3_1,D3_3,F3_3,,,N3_2,L_1,M_1
254443,L3,L3,L3,L2,L2,L3,L1,L1,L2,C3_1,D3_3,F3_3,,,N3_2,L_1,M_2
254444,L3,L3,L3,L2,L2,L3,L1,L1,L2,C3_1,D3_3,F3_3,,,N3_2,L_2,M_1
254445,L3,L3,L3,L2,L2,L3,L1,L1,L2,C3_1,D3_3,F3_3,,,N3_2,L_2,M_2
254446,L3,L3,L3,L2,L2,L3,L1,L1,L2,C3_1,D3_3,F3_3,,,N3_2,L_3,M_1
254447,L3,L3,L3,L2,L2,L3,L1,L1,L2,C3_1,D3_3,F3_3,,,N3_2,L_3,M_2
254448,L3,L3,L3,L2,L2,L3,L1,L1,L2,C3_2,D3_1,F3_1,,,N3_1,L_1,M_1
254449,L3,L3,L3,L2,L2,L3,L1,L1,L2,C3_2,D3_1,F3_1,,,N3_1,L_1,M_2
254450,L3,L3,L3,L2,L2,L3,L1,L1,L2,C3_2,D3_1,F3_1,,,N3_1,L_2,M_1
254451,L3,L3,L3,L2,L2,L3,L1,L1,L2,C3_2,D3_1,F3_1,,,N3_1,L_2,M_2
254452,L3,L3,L3,L2,L2,L3,L1,L1,L2,C3_2,D3_1,F3_1,,,N3_1,L_3,M_1
254453,L3,L3,L3,L2,L2,L3,L1,L1,L2,C3_2,D3_1,F3_1,,,N3_1,L_3,M_2
254454,L3,L3,L3,L2,L2,L3,L1,L1,L2,C3_2,D3_1,F3_1,,,N3_2,L_1,M_1
254455,L3,L3,L3,L2,L2,L3,L1,L1,L2,C3_2,D3_1,F3_1,,,N3_2,L_1,M_2
254456,L3,L3,L3,L2,L2,L3,L1,L1,L2,C3_2,D3_1,F3_1,,,N3_2,L_2,M_1
254457,L3,L3,L3,L2,L2,L3,L1,L1,L2,C3_2,D3_1,F3_1,,,N3_2,L_2,M_2
254458,L3,L3,L3,L2,L2,L3,L1,L1,L2,C3_2,D3_1,F3_1,,,N3_2,L_3,M_1
254459,L3,L3,L3,L2,L2,L3,L1,L1,L2,C3_2,D3_1,F3_1,,,N3_2,L_3,M_2
254460,L3,L3,L3,L2,L2,L3,L1,L1,L2,C3_2,D3_1,F3_2,,,N3_1,L_1,M_1
254461,L3,L3,L3,L2,L2,L3,L1,L1,L2,C3_2,D3_1,F3_2,,,N3_1,L_1,M_2
254462,L3,L3,L3,L2,L2,L3,L1,L1,L2,C3_2,D3_1,F3_2,,,N3_1,L_2,M_1
254463,L3,L3,L3,L2,L2,L3,L1,L1,L2,C3_2,D3_1,F3_2,,,N3_1,L_2,M_2
254464,L3,L3,L3,L2,L2,L3,L1,L1,L2,C3_2,D3_1,F3_2,,,N3_1,L_3,M_1
254465,L3,L3,L3,L2,L2,L3,L1,L1,L2,C3_2,D3_1,F3_2,,,N3_1,L_3,M_2
254466,L3,L3,L3,L2,L2,L3,L1,L1,L2,C3_2,D3_1,F3_2,,,N3_2,L_1,M_1
254467,L3,L3,L3,L2,L2,L3,L1,L1,L2,C3_2,D3_1,F3_2,,,N3_2,L_1,M_2
254468,L3,L3,L3,L2,L2,L3,L1,L1,L2,C3_2,D3_1,F3_2,,,N3_2,L_2,M_1
254469,L3,L3,L3,L2,L2,L3,L1,L1,L2,C3_2,D3_1,F3_2,,,N3_2,L_2,M_2
254470,L3,L3,L3,L2,L2,L3,L1,L1,L2,C3_2,D3_1,F3_2,,,N3_2,L_3,M_1
254471,L3,L3,L3,L2,L2,L3,L1,L1,L2,C3_2,D3_1,F3_2,,,N3_2,L_3,M_2
254472,L3,L3,L3,L2,L2,L3,L1,L1,L2,C3_2,D3_1,F3_3,,,N3_1,L_1,M_1
254473,L3,L3,L3,L2,L2,L3,L1,L1,L2,C3_2,D3_1,F3_3,,,N3_1,L_1,M_2
254474,L3,L3,L3,L2,L2,L3,L1,L1,L2,C3_2,D3_1,F3_3,,,N3_1,L_2,M_1
254475,L3,L3,L3,L2,L2,L3,L1,L1,L2,C3_2,D3_1,F3_3,,,N3_1,L_2,M_2
254476,L3,L3,L3,L2,L2,L3,L1,L1,L2,C3_2,D3_1,F3_3,,,N3_1,L_3,M_1
254477,L3,L3,L3,L2,L2,L3,L1,L1,L2,C3_2,D3_1,F3_3,,,N3_1,L_3,M_2
254478,L3,L3,L3,L2,L2,L3,L1,L1,L2,C3_2,D3_1,F3_3,,,N3_2,L_1,M_1
254479,L3,L3,L3,L2,L2,L3,L1,L1,L2,C3_2,D3_1,F3_3,,,N3_2,L_1,M_2
254480,L3,L3,L3,L2,L2,L3,L1,L1,L2,C3_2,D3_1,F3_3,,,N3_2,L_2,M_1
254481,L3,L3,L3,L2,L2,L3,L1,L1,L2,C3_2,D3_1,F3_3,,,N3_2,L_2,M_2
254482,L3,L3,L3,L2,L2,L3,L1,L1,L2,C3_2,D3_1,F3_3,,,N3_2,L_3,M_1
254483,L3,L3,L3,L2,L2,L3,L1,L1,L2,C3_2,D3_1,F3_3,,,N3_2,L_3,M_2
254484,L3,L3,L3,L2,L2,L3,L1,L1,L2,C3_2,D3_2,F3_1,,,N3_1,L_1,M_1
254485,L3,L3,L3,L2,L2,L3,L1,L1,L2,C3_2,D3_2,F3_1,,,N3_1,L_1,M_2
254486,L3,L3,L3,L2,L2,L3,L1,L1,L2,C3_2,D3_2,F3_1,,,N3_1,L_2,M_1
254487,L3,L3,L3,L2,L2,L3,L1,L1,L2,C3_2,D3_2,F3_1,,,N3_1,L_2,M_2
254488,L3,L3,L3,L2,L2,L3,L1,L1,L2,C3_2,D3_2,F3_1,,,N3_1,L_3,M_1
254489,L3,L3,L3,L2,L2,L3,L1,L1,L2,C3_2,D3_2,F3_1,,,N3_1,L_3,M_2
254490,L3,L3,L3,L2,L2,L3,L1,L1,L2,C3_2,D3_2,F3_1,,,N3_2,L_1,M_1
254491,L3,L3,L3,L2,L2,L3,L1,L1,L2,C3_2,D3_2,F3_1,,,N3_2,L_1,M_2
254492,L3,L3,L3,L2,L2,L3,L1,L1,L2,C3_2,D3_2,F3_1,,,N3_2,L_2,M_1
254493,L3,L3,L3,L2,L2,L3,L1,L1,L2,C3_2,D3_2,F3_1,,,N3_2,L_2,M_2
254494,L3,L3,L3,L2,L2,L3,L1,L1,L2,C3_2,D3_2,F3_1,,,N3_2,L_3,M_1
254495,L3,L3,L3,L2,L2,L3,L1,L1,L2,C3_2,D3_2,F3_1,,,N3_2,L_3,M_2
254496,L3,L3,L3,L2,L2,L3,L1,L1,L2,C3_2,D3_2,F3_2,,,N3_1,L_1,M_1
254497,L3,L3,L3,L2,L2,L3,L1,L1,L2,C3_2,D3_2,F3_2,,,N3_1,L_1,M_2
254498,L3,L3,L3,L2,L2,L3,L1,L1,L2,C3_2,D3_2,F3_2,,,N3_1,L_2,M_1
254499,L3,L3,L3,L2,L2,L3,L1,L1,L2,C3_2,D3_2,F3_2,,,N3_1,L_2,M_2
254500,L3,L3,L3,L2,L2,L3,L1,L1,L2,C3_2,D3_2,F3_2,,,N3_1,L_3,M_1
254501,L3,L3,L3,L2,L2,L3,L1,L1,L2,C3_2,D3_2,F3_2,,,N3_1,L_3,M_2
254502,L3,L3,L3,L2,L2,L3,L1,L1,L2,C3_2,D3_2,F3_2,,,N3_2,L_1,M_1
254503,L3,L3,L3,L2,L2,L3,L1,L1,L2,C3_2,D3_2,F3_2,,,N3_2,L_1,M_2
254504,L3,L3,L3,L2,L2,L3,L1,L1,L2,C3_2,D3_2,F3_2,,,N3_2,L_2,M_1
254505,L3,L3,L3,L2,L2,L3,L1,L1,L2,C3_2,D3_2,F3_2,,,N3_2,L_2,M_2
254506,L3,L3,L3,L2,L2,L3,L1,L1,L2,C3_2,D3_2,F3_2,,,N3_2,L_3,M_1
254507,L3,L3,L3,L2,L2,L3,L1,L1,L2,C3_2,D3_2,F3_2,,,N3_2,L_3,M_2
254508,L3,L3,L3,L2,L2,L3,L1,L1,L2,C3_2,D3_2,F3_3,,,N3_1,L_1,M_1
254509,L3,L3,L3,L2,L2,L3,L1,L1,L2,C3_2,D3_2,F3_3,,,N3_1,L_1,M_2
254510,L3,L3,L3,L2,L2,L3,L1,L1,L2,C3_2,D3_2,F3_3,,,N3_1,L_2,M_1
254511,L3,L3,L3,L2,L2,L3,L1,L1,L2,C3_2,D3_2,F3_3,,,N3_1,L_2,M_2
254512,L3,L3,L3,L2,L2,L3,L1,L1,L2,C3_2,D3_2,F3_3,,,N3_1,L_3,M_1
254513,L3,L3,L3,L2,L2,L3,L1,L1,L2,C3_2,D3_2,F3_3,,,N3_1,L_3,M_2
254514,L3,L3,L3,L2,L2,L3,L1,L1,L2,C3_2,D3_2,F3_3,,,N3_2,L_1,M_1
254515,L3,L3,L3,L2,L2,L3,L1,L1,L2,C3_2,D3_2,F3_3,,,N3_2,L_1,M_2
254516,L3,L3,L3,L2,L2,L3,L1,L1,L2,C3_2,D3_2,F3_3,,,N3_2,L_2,M_1
254517,L3,L3,L3,L2,L2,L3,L1,L1,L2,C3_2,D3_2,F3_3,,,N3_2,L_2,M_2
254518,L3,L3,L3,L2,L2,L3,L1,L1,L2,C3_2,D3_2,F3_3,,,N3_2,L_3,M_1
254519,L3,L3,L3,L2,L2,L3,L1,L1,L2,C3_2,D3_2,F3_3,,,N3_2,L_3,M_2
254520,L3,L3,L3,L2,L2,L3,L1,L1,L2,C3_2,D3_3,F3_1,,,N3_1,L_1,M_1
254521,L3,L3,L3,L2,L2,L3,L1,L1,L2,C3_2,D3_3,F3_1,,,N3_1,L_1,M_2
254522,L3,L3,L3,L2,L2,L3,L1,L1,L2,C3_2,D3_3,F3_1,,,N3_1,L_2,M_1
254523,L3,L3,L3,L2,L2,L3,L1,L1,L2,C3_2,D3_3,F3_1,,,N3_1,L_2,M_2
254524,L3,L3,L3,L2,L2,L3,L1,L1,L2,C3_2,D3_3,F3_1,,,N3_1,L_3,M_1
254525,L3,L3,L3,L2,L2,L3,L1,L1,L2,C3_2,D3_3,F3_1,,,N3_1,L_3,M_2
254526,L3,L3,L3,L2,L2,L3,L1,L1,L2,C3_2,D3_3,F3_1,,,N3_2,L_1,M_1
254527,L3,L3,L3,L2,L2,L3,L1,L1,L2,C3_2,D3_3,F3_1,,,N3_2,L_1,M_2
254528,L3,L3,L3,L2,L2,L3,L1,L1,L2,C3_2,D3_3,F3_1,,,N3_2,L_2,M_1
254529,L3,L3,L3,L2,L2,L3,L1,L1,L2,C3_2,D3_3,F3_1,,,N3_2,L_2,M_2
254530,L3,L3,L3,L2,L2,L3,L1,L1,L2,C3_2,D3_3,F3_1,,,N3_2,L_3,M_1
254531,L3,L3,L3,L2,L2,L3,L1,L1,L2,C3_2,D3_3,F3_1,,,N3_2,L_3,M_2
254532,L3,L3,L3,L2,L2,L3,L1,L1,L2,C3_2,D3_3,F3_2,,,N3_1,L_1,M_1
254533,L3,L3,L3,L2,L2,L3,L1,L1,L2,C3_2,D3_3,F3_2,,,N3_1,L_1,M_2
254534,L3,L3,L3,L2,L2,L3,L1,L1,L2,C3_2,D3_3,F3_2,,,N3_1,L_2,M_1
254535,L3,L3,L3,L2,L2,L3,L1,L1,L2,C3_2,D3_3,F3_2,,,N3_1,L_2,M_2
254536,L3,L3,L3,L2,L2,L3,L1,L1,L2,C3_2,D3_3,F3_2,,,N3_1,L_3,M_1
254537,L3,L3,L3,L2,L2,L3,L1,L1,L2,C3_2,D3_3,F3_2,,,N3_1,L_3,M_2
254538,L3,L3,L3,L2,L2,L3,L1,L1,L2,C3_2,D3_3,F3_2,,,N3_2,L_1,M_1
254539,L3,L3,L3,L2,L2,L3,L1,L1,L2,C3_2,D3_3,F3_2,,,N3_2,L_1,M_2
254540,L3,L3,L3,L2,L2,L3,L1,L1,L2,C3_2,D3_3,F3_2,,,N3_2,L_2,M_1
254541,L3,L3,L3,L2,L2,L3,L1,L1,L2,C3_2,D3_3,F3_2,,,N3_2,L_2,M_2
254542,L3,L3,L3,L2,L2,L3,L1,L1,L2,C3_2,D3_3,F3_2,,,N3_2,L_3,M_1
254543,L3,L3,L3,L2,L2,L3,L1,L1,L2,C3_2,D3_3,F3_2,,,N3_2,L_3,M_2
254544,L3,L3,L3,L2,L2,L3,L1,L1,L2,C3_2,D3_3,F3_3,,,N3_1,L_1,M_1
254545,L3,L3,L3,L2,L2,L3,L1,L1,L2,C3_2,D3_3,F3_3,,,N3_1,L_1,M_2
254546,L3,L3,L3,L2,L2,L3,L1,L1,L2,C3_2,D3_3,F3_3,,,N3_1,L_2,M_1
254547,L3,L3,L3,L2,L2,L3,L1,L1,L2,C3_2,D3_3,F3_3,,,N3_1,L_2,M_2
254548,L3,L3,L3,L2,L2,L3,L1,L1,L2,C3_2,D3_3,F3_3,,,N3_1,L_3,M_1
254549,L3,L3,L3,L2,L2,L3,L1,L1,L2,C3_2,D3_3,F3_3,,,N3_1,L_3,M_2
254550,L3,L3,L3,L2,L2,L3,L1,L1,L2,C3_2,D3_3,F3_3,,,N3_2,L_1,M_1
254551,L3,L3,L3,L2,L2,L3,L1,L1,L2,C3_2,D3_3,F3_3,,,N3_2,L_1,M_2
254552,L3,L3,L3,L2,L2,L3,L1,L1,L2,C3_2,D3_3,F3_3,,,N3_2,L_2,M_1
254553,L3,L3,L3,L2,L2,L3,L1,L1,L2,C3_2,D3_3,F3_3,,,N3_2,L_2,M_2
254554,L3,L3,L3,L2,L2,L3,L1,L1,L2,C3_2,D3_3,F3_3,,,N3_2,L_3,M_1
254555,L3,L3,L3,L2,L2,L3,L1,L1,L2,C3_2,D3_3,F3_3,,,N3_2,L_3,M_2
254556,L3,L3,L3,L2,L2,L3,L1,L1,L2,C3_3,D3_1,F3_1,,,N3_1,L_1,M_1
254557,L3,L3,L3,L2,L2,L3,L1,L1,L2,C3_3,D3_1,F3_1,,,N3_1,L_1,M_2
254558,L3,L3,L3,L2,L2,L3,L1,L1,L2,C3_3,D3_1,F3_1,,,N3_1,L_2,M_1
254559,L3,L3,L3,L2,L2,L3,L1,L1,L2,C3_3,D3_1,F3_1,,,N3_1,L_2,M_2
254560,L3,L3,L3,L2,L2,L3,L1,L1,L2,C3_3,D3_1,F3_1,,,N3_1,L_3,M_1
254561,L3,L3,L3,L2,L2,L3,L1,L1,L2,C3_3,D3_1,F3_1,,,N3_1,L_3,M_2
254562,L3,L3,L3,L2,L2,L3,L1,L1,L2,C3_3,D3_1,F3_1,,,N3_2,L_1,M_1
254563,L3,L3,L3,L2,L2,L3,L1,L1,L2,C3_3,D3_1,F3_1,,,N3_2,L_1,M_2
254564,L3,L3,L3,L2,L2,L3,L1,L1,L2,C3_3,D3_1,F3_1,,,N3_2,L_2,M_1
254565,L3,L3,L3,L2,L2,L3,L1,L1,L2,C3_3,D3_1,F3_1,,,N3_2,L_2,M_2
254566,L3,L3,L3,L2,L2,L3,L1,L1,L2,C3_3,D3_1,F3_1,,,N3_2,L_3,M_1
254567,L3,L3,L3,L2,L2,L3,L1,L1,L2,C3_3,D3_1,F3_1,,,N3_2,L_3,M_2
254568,L3,L3,L3,L2,L2,L3,L1,L1,L2,C3_3,D3_1,F3_2,,,N3_1,L_1,M_1
254569,L3,L3,L3,L2,L2,L3,L1,L1,L2,C3_3,D3_1,F3_2,,,N3_1,L_1,M_2
254570,L3,L3,L3,L2,L2,L3,L1,L1,L2,C3_3,D3_1,F3_2,,,N3_1,L_2,M_1
254571,L3,L3,L3,L2,L2,L3,L1,L1,L2,C3_3,D3_1,F3_2,,,N3_1,L_2,M_2
254572,L3,L3,L3,L2,L2,L3,L1,L1,L2,C3_3,D3_1,F3_2,,,N3_1,L_3,M_1
254573,L3,L3,L3,L2,L2,L3,L1,L1,L2,C3_3,D3_1,F3_2,,,N3_1,L_3,M_2
254574,L3,L3,L3,L2,L2,L3,L1,L1,L2,C3_3,D3_1,F3_2,,,N3_2,L_1,M_1
254575,L3,L3,L3,L2,L2,L3,L1,L1,L2,C3_3,D3_1,F3_2,,,N3_2,L_1,M_2
254576,L3,L3,L3,L2,L2,L3,L1,L1,L2,C3_3,D3_1,F3_2,,,N3_2,L_2,M_1
254577,L3,L3,L3,L2,L2,L3,L1,L1,L2,C3_3,D3_1,F3_2,,,N3_2,L_2,M_2
254578,L3,L3,L3,L2,L2,L3,L1,L1,L2,C3_3,D3_1,F3_2,,,N3_2,L_3,M_1
254579,L3,L3,L3,L2,L2,L3,L1,L1,L2,C3_3,D3_1,F3_2,,,N3_2,L_3,M_2
254580,L3,L3,L3,L2,L2,L3,L1,L1,L2,C3_3,D3_1,F3_3,,,N3_1,L_1,M_1
254581,L3,L3,L3,L2,L2,L3,L1,L1,L2,C3_3,D3_1,F3_3,,,N3_1,L_1,M_2
254582,L3,L3,L3,L2,L2,L3,L1,L1,L2,C3_3,D3_1,F3_3,,,N3_1,L_2,M_1
254583,L3,L3,L3,L2,L2,L3,L1,L1,L2,C3_3,D3_1,F3_3,,,N3_1,L_2,M_2
254584,L3,L3,L3,L2,L2,L3,L1,L1,L2,C3_3,D3_1,F3_3,,,N3_1,L_3,M_1
254585,L3,L3,L3,L2,L2,L3,L1,L1,L2,C3_3,D3_1,F3_3,,,N3_1,L_3,M_2
254586,L3,L3,L3,L2,L2,L3,L1,L1,L2,C3_3,D3_1,F3_3,,,N3_2,L_1,M_1
254587,L3,L3,L3,L2,L2,L3,L1,L1,L2,C3_3,D3_1,F3_3,,,N3_2,L_1,M_2
254588,L3,L3,L3,L2,L2,L3,L1,L1,L2,C3_3,D3_1,F3_3,,,N3_2,L_2,M_1
254589,L3,L3,L3,L2,L2,L3,L1,L1,L2,C3_3,D3_1,F3_3,,,N3_2,L_2,M_2
254590,L3,L3,L3,L2,L2,L3,L1,L1,L2,C3_3,D3_1,F3_3,,,N3_2,L_3,M_1
254591,L3,L3,L3,L2,L2,L3,L1,L1,L2,C3_3,D3_1,F3_3,,,N3_2,L_3,M_2
254592,L3,L3,L3,L2,L2,L3,L1,L1,L2,C3_3,D3_2,F3_1,,,N3_1,L_1,M_1
254593,L3,L3,L3,L2,L2,L3,L1,L1,L2,C3_3,D3_2,F3_1,,,N3_1,L_1,M_2
254594,L3,L3,L3,L2,L2,L3,L1,L1,L2,C3_3,D3_2,F3_1,,,N3_1,L_2,M_1
254595,L3,L3,L3,L2,L2,L3,L1,L1,L2,C3_3,D3_2,F3_1,,,N3_1,L_2,M_2
254596,L3,L3,L3,L2,L2,L3,L1,L1,L2,C3_3,D3_2,F3_1,,,N3_1,L_3,M_1
254597,L3,L3,L3,L2,L2,L3,L1,L1,L2,C3_3,D3_2,F3_1,,,N3_1,L_3,M_2
254598,L3,L3,L3,L2,L2,L3,L1,L1,L2,C3_3,D3_2,F3_1,,,N3_2,L_1,M_1
254599,L3,L3,L3,L2,L2,L3,L1,L1,L2,C3_3,D3_2,F3_1,,,N3_2,L_1,M_2
254600,L3,L3,L3,L2,L2,L3,L1,L1,L2,C3_3,D3_2,F3_1,,,N3_2,L_2,M_1
254601,L3,L3,L3,L2,L2,L3,L1,L1,L2,C3_3,D3_2,F3_1,,,N3_2,L_2,M_2
254602,L3,L3,L3,L2,L2,L3,L1,L1,L2,C3_3,D3_2,F3_1,,,N3_2,L_3,M_1
254603,L3,L3,L3,L2,L2,L3,L1,L1,L2,C3_3,D3_2,F3_1,,,N3_2,L_3,M_2
254604,L3,L3,L3,L2,L2,L3,L1,L1,L2,C3_3,D3_2,F3_2,,,N3_1,L_1,M_1
254605,L3,L3,L3,L2,L2,L3,L1,L1,L2,C3_3,D3_2,F3_2,,,N3_1,L_1,M_2
254606,L3,L3,L3,L2,L2,L3,L1,L1,L2,C3_3,D3_2,F3_2,,,N3_1,L_2,M_1
254607,L3,L3,L3,L2,L2,L3,L1,L1,L2,C3_3,D3_2,F3_2,,,N3_1,L_2,M_2
254608,L3,L3,L3,L2,L2,L3,L1,L1,L2,C3_3,D3_2,F3_2,,,N3_1,L_3,M_1
254609,L3,L3,L3,L2,L2,L3,L1,L1,L2,C3_3,D3_2,F3_2,,,N3_1,L_3,M_2
254610,L3,L3,L3,L2,L2,L3,L1,L1,L2,C3_3,D3_2,F3_2,,,N3_2,L_1,M_1
254611,L3,L3,L3,L2,L2,L3,L1,L1,L2,C3_3,D3_2,F3_2,,,N3_2,L_1,M_2
254612,L3,L3,L3,L2,L2,L3,L1,L1,L2,C3_3,D3_2,F3_2,,,N3_2,L_2,M_1
254613,L3,L3,L3,L2,L2,L3,L1,L1,L2,C3_3,D3_2,F3_2,,,N3_2,L_2,M_2
254614,L3,L3,L3,L2,L2,L3,L1,L1,L2,C3_3,D3_2,F3_2,,,N3_2,L_3,M_1
254615,L3,L3,L3,L2,L2,L3,L1,L1,L2,C3_3,D3_2,F3_2,,,N3_2,L_3,M_2
254616,L3,L3,L3,L2,L2,L3,L1,L1,L2,C3_3,D3_2,F3_3,,,N3_1,L_1,M_1
254617,L3,L3,L3,L2,L2,L3,L1,L1,L2,C3_3,D3_2,F3_3,,,N3_1,L_1,M_2
254618,L3,L3,L3,L2,L2,L3,L1,L1,L2,C3_3,D3_2,F3_3,,,N3_1,L_2,M_1
254619,L3,L3,L3,L2,L2,L3,L1,L1,L2,C3_3,D3_2,F3_3,,,N3_1,L_2,M_2
254620,L3,L3,L3,L2,L2,L3,L1,L1,L2,C3_3,D3_2,F3_3,,,N3_1,L_3,M_1
254621,L3,L3,L3,L2,L2,L3,L1,L1,L2,C3_3,D3_2,F3_3,,,N3_1,L_3,M_2
254622,L3,L3,L3,L2,L2,L3,L1,L1,L2,C3_3,D3_2,F3_3,,,N3_2,L_1,M_1
254623,L3,L3,L3,L2,L2,L3,L1,L1,L2,C3_3,D3_2,F3_3,,,N3_2,L_1,M_2
254624,L3,L3,L3,L2,L2,L3,L1,L1,L2,C3_3,D3_2,F3_3,,,N3_2,L_2,M_1
254625,L3,L3,L3,L2,L2,L3,L1,L1,L2,C3_3,D3_2,F3_3,,,N3_2,L_2,M_2
254626,L3,L3,L3,L2,L2,L3,L1,L1,L2,C3_3,D3_2,F3_3,,,N3_2,L_3,M_1
254627,L3,L3,L3,L2,L2,L3,L1,L1,L2,C3_3,D3_2,F3_3,,,N3_2,L_3,M_2
254628,L3,L3,L3,L2,L2,L3,L1,L1,L2,C3_3,D3_3,F3_1,,,N3_1,L_1,M_1
254629,L3,L3,L3,L2,L2,L3,L1,L1,L2,C3_3,D3_3,F3_1,,,N3_1,L_1,M_2
254630,L3,L3,L3,L2,L2,L3,L1,L1,L2,C3_3,D3_3,F3_1,,,N3_1,L_2,M_1
254631,L3,L3,L3,L2,L2,L3,L1,L1,L2,C3_3,D3_3,F3_1,,,N3_1,L_2,M_2
254632,L3,L3,L3,L2,L2,L3,L1,L1,L2,C3_3,D3_3,F3_1,,,N3_1,L_3,M_1
254633,L3,L3,L3,L2,L2,L3,L1,L1,L2,C3_3,D3_3,F3_1,,,N3_1,L_3,M_2
254634,L3,L3,L3,L2,L2,L3,L1,L1,L2,C3_3,D3_3,F3_1,,,N3_2,L_1,M_1
254635,L3,L3,L3,L2,L2,L3,L1,L1,L2,C3_3,D3_3,F3_1,,,N3_2,L_1,M_2
254636,L3,L3,L3,L2,L2,L3,L1,L1,L2,C3_3,D3_3,F3_1,,,N3_2,L_2,M_1
254637,L3,L3,L3,L2,L2,L3,L1,L1,L2,C3_3,D3_3,F3_1,,,N3_2,L_2,M_2
254638,L3,L3,L3,L2,L2,L3,L1,L1,L2,C3_3,D3_3,F3_1,,,N3_2,L_3,M_1
254639,L3,L3,L3,L2,L2,L3,L1,L1,L2,C3_3,D3_3,F3_1,,,N3_2,L_3,M_2
254640,L3,L3,L3,L2,L2,L3,L1,L1,L2,C3_3,D3_3,F3_2,,,N3_1,L_1,M_1
254641,L3,L3,L3,L2,L2,L3,L1,L1,L2,C3_3,D3_3,F3_2,,,N3_1,L_1,M_2
254642,L3,L3,L3,L2,L2,L3,L1,L1,L2,C3_3,D3_3,F3_2,,,N3_1,L_2,M_1
254643,L3,L3,L3,L2,L2,L3,L1,L1,L2,C3_3,D3_3,F3_2,,,N3_1,L_2,M_2
254644,L3,L3,L3,L2,L2,L3,L1,L1,L2,C3_3,D3_3,F3_2,,,N3_1,L_3,M_1
254645,L3,L3,L3,L2,L2,L3,L1,L1,L2,C3_3,D3_3,F3_2,,,N3_1,L_3,M_2
254646,L3,L3,L3,L2,L2,L3,L1,L1,L2,C3_3,D3_3,F3_2,,,N3_2,L_1,M_1
254647,L3,L3,L3,L2,L2,L3,L1,L1,L2,C3_3,D3_3,F3_2,,,N3_2,L_1,M_2
254648,L3,L3,L3,L2,L2,L3,L1,L1,L2,C3_3,D3_3,F3_2,,,N3_2,L_2,M_1
254649,L3,L3,L3,L2,L2,L3,L1,L1,L2,C3_3,D3_3,F3_2,,,N3_2,L_2,M_2
254650,L3,L3,L3,L2,L2,L3,L1,L1,L2,C3_3,D3_3,F3_2,,,N3_2,L_3,M_1
254651,L3,L3,L3,L2,L2,L3,L1,L1,L2,C3_3,D3_3,F3_2,,,N3_2,L_3,M_2
254652,L3,L3,L3,L2,L2,L3,L1,L1,L2,C3_3,D3_3,F3_3,,,N3_1,L_1,M_1
254653,L3,L3,L3,L2,L2,L3,L1,L1,L2,C3_3,D3_3,F3_3,,,N3_1,L_1,M_2
254654,L3,L3,L3,L2,L2,L3,L1,L1,L2,C3_3,D3_3,F3_3,,,N3_1,L_2,M_1
254655,L3,L3,L3,L2,L2,L3,L1,L1,L2,C3_3,D3_3,F3_3,,,N3_1,L_2,M_2
254656,L3,L3,L3,L2,L2,L3,L1,L1,L2,C3_3,D3_3,F3_3,,,N3_1,L_3,M_1
254657,L3,L3,L3,L2,L2,L3,L1,L1,L2,C3_3,D3_3,F3_3,,,N3_1,L_3,M_2
254658,L3,L3,L3,L2,L2,L3,L1,L1,L2,C3_3,D3_3,F3_3,,,N3_2,L_1,M_1
254659,L3,L3,L3,L2,L2,L3,L1,L1,L2,C3_3,D3_3,F3_3,,,N3_2,L_1,M_2
254660,L3,L3,L3,L2,L2,L3,L1,L1,L2,C3_3,D3_3,F3_3,,,N3_2,L_2,M_1
254661,L3,L3,L3,L2,L2,L3,L1,L1,L2,C3_3,D3_3,F3_3,,,N3_2,L_2,M_2
254662,L3,L3,L3,L2,L2,L3,L1,L1,L2,C3_3,D3_3,F3_3,,,N3_2,L_3,M_1
254663,L3,L3,L3,L2,L2,L3,L1,L1,L2,C3_3,D3_3,F3_3,,,N3_2,L_3,M_2
276642,L1,L3,L3,L3,L3,L3,L1,L1,L2,C3_1,D3_1,F3_1,,,N3_1,L_1,M_1
276643,L1,L3,L3,L3,L3,L3,L1,L1,L2,C3_1,D3_1,F3_1,,,N3_1,L_1,M_2
276644,L1,L3,L3,L3,L3,L3,L1,L1,L2,C3_1,D3_1,F3_1,,,N3_1,L_2,M_1
276645,L1,L3,L3,L3,L3,L3,L1,L1,L2,C3_1,D3_1,F3_1,,,N3_1,L_2,M_2
276646,L1,L3,L3,L3,L3,L3,L1,L1,L2,C3_1,D3_1,F3_1,,,N3_1,L_3,M_1
276647,L1,L3,L3,L3,L3,L3,L1,L1,L2,C3_1,D3_1,F3_1,,,N3_1,L_3,M_2
276648,L1,L3,L3,L3,L3,L3,L1,L1,L2,C3_1,D3_1,F3_1,,,N3_2,L_1,M_1
276649,L1,L3,L3,L3,L3,L3,L1,L1,L2,C3_1,D3_1,F3_1,,,N3_2,L_1,M_2
276650,L1,L3,L3,L3,L3,L3,L1,L1,L2,C3_1,D3_1,F3_1,,,N3_2,L_2,M_1
276651,L1,L3,L3,L3,L3,L3,L1,L1,L2,C3_1,D3_1,F3_1,,,N3_2,L_2,M_2
276652,L1,L3,L3,L3,L3,L3,L1,L1,L2,C3_1,D3_1,F3_1,,,N3_2,L_3,M_1
276653,L1,L3,L3,L3,L3,L3,L1,L1,L2,C3_1,D3_1,F3_1,,,N3_2,L_3,M_2
276654,L1,L3,L3,L3,L3,L3,L1,L1,L2,C3_1,D3_1,F3_2,,,N3_1,L_1,M_1
276655,L1,L3,L3,L3,L3,L3,L1,L1,L2,C3_1,D3_1,F3_2,,,N3_1,L_1,M_2
276656,L1,L3,L3,L3,L3,L3,L1,L1,L2,C3_1,D3_1,F3_2,,,N3_1,L_2,M_1
276657,L1,L3,L3,L3,L3,L3,L1,L1,L2,C3_1,D3_1,F3_2,,,N3_1,L_2,M_2
276658,L1,L3,L3,L3,L3,L3,L1,L1,L2,C3_1,D3_1,F3_2,,,N3_1,L_3,M_1
276659,L1,L3,L3,L3,L3,L3,L1,L1,L2,C3_1,D3_1,F3_2,,,N3_1,L_3,M_2
276660,L1,L3,L3,L3,L3,L3,L1,L1,L2,C3_1,D3_1,F3_2,,,N3_2,L_1,M_1
276661,L1,L3,L3,L3,L3,L3,L1,L1,L2,C3_1,D3_1,F3_2,,,N3_2,L_1,M_2
276662,L1,L3,L3,L3,L3,L3,L1,L1,L2,C3_1,D3_1,F3_2,,,N3_2,L_2,M_1
276663,L1,L3,L3,L3,L3,L3,L1,L1,L2,C3_1,D3_1,F3_2,,,N3_2,L_2,M_2
276664,L1,L3,L3,L3,L3,L3,L1,L1,L2,C3_1,D3_1,F3_2,,,N3_2,L_3,M_1
276665,L1,L3,L3,L3,L3,L3,L1,L1,L2,C3_1,D3_1,F3_2,,,N3_2,L_3,M_2
276666,L1,L3,L3,L3,L3,L3,L1,L1,L2,C3_1,D3_1,F3_3,,,N3_1,L_1,M_1
276667,L1,L3,L3,L3,L3,L3,L1,L1,L2,C3_1,D3_1,F3_3,,,N3_1,L_1,M_2
276668,L1,L3,L3,L3,L3,L3,L1,L1,L2,C3_1,D3_1,F3_3,,,N3_1,L_2,M_1
276669,L1,L3,L3,L3,L3,L3,L1,L1,L2,C3_1,D3_1,F3_3,,,N3_1,L_2,M_2
276670,L1,L3,L3,L3,L3,L3,L1,L1,L2,C3_1,D3_1,F3_3,,,N3_1,L_3,M_1
276671,L1,L3,L3,L3,L3,L3,L1,L1,L2,C3_1,D3_1,F3_3,,,N3_1,L_3,M_2
276672,L1,L3,L3,L3,L3,L3,L1,L1,L2,C3_1,D3_1,F3_3,,,N3_2,L_1,M_1
276673,L1,L3,L3,L3,L3,L3,L1,L1,L2,C3_1,D3_1,F3_3,,,N3_2,L_1,M_2
276674,L1,L3,L3,L3,L3,L3,L1,L1,L2,C3_1,D3_1,F3_3,,,N3_2,L_2,M_1
276675,L1,L3,L3,L3,L3,L3,L1,L1,L2,C3_1,D3_1,F3_3,,,N3_2,L_2,M_2
276676,L1,L3,L3,L3,L3,L3,L1,L1,L2,C3_1,D3_1,F3_3,,,N3_2,L_3,M_1
276677,L1,L3,L3,L3,L3,L3,L1,L1,L2,C3_1,D3_1,F3_3,,,N3_2,L_3,M_2
276678,L1,L3,L3,L3,L3,L3,L1,L1,L2,C3_1,D3_2,F3_1,,,N3_1,L_1,M_1
276679,L1,L3,L3,L3,L3,L3,L1,L1,L2,C3_1,D3_2,F3_1,,,N3_1,L_1,M_2
276680,L1,L3,L3,L3,L3,L3,L1,L1,L2,C3_1,D3_2,F3_1,,,N3_1,L_2,M_1
276681,L1,L3,L3,L3,L3,L3,L1,L1,L2,C3_1,D3_2,F3_1,,,N3_1,L_2,M_2
276682,L1,L3,L3,L3,L3,L3,L1,L1,L2,C3_1,D3_2,F3_1,,,N3_1,L_3,M_1
276683,L1,L3,L3,L3,L3,L3,L1,L1,L2,C3_1,D3_2,F3_1,,,N3_1,L_3,M_2
276684,L1,L3,L3,L3,L3,L3,L1,L1,L2,C3_1,D3_2,F3_1,,,N3_2,L_1,M_1
276685,L1,L3,L3,L3,L3,L3,L1,L1,L2,C3_1,D3_2,F3_1,,,N3_2,L_1,M_2
276686,L1,L3,L3,L3,L3,L3,L1,L1,L2,C3_1,D3_2,F3_1,,,N3_2,L_2,M_1
276687,L1,L3,L3,L3,L3,L3,L1,L1,L2,C3_1,D3_2,F3_1,,,N3_2,L_2,M_2
276688,L1,L3,L3,L3,L3,L3,L1,L1,L2,C3_1,D3_2,F3_1,,,N3_2,L_3,M_1
276689,L1,L3,L3,L3,L3,L3,L1,L1,L2,C3_1,D3_2,F3_1,,,N3_2,L_3,M_2
276690,L1,L3,L3,L3,L3,L3,L1,L1,L2,C3_1,D3_2,F3_2,,,N3_1,L_1,M_1
276691,L1,L3,L3,L3,L3,L3,L1,L1,L2,C3_1,D3_2,F3_2,,,N3_1,L_1,M_2
276692,L1,L3,L3,L3,L3,L3,L1,L1,L2,C3_1,D3_2,F3_2,,,N3_1,L_2,M_1
276693,L1,L3,L3,L3,L3,L3,L1,L1,L2,C3_1,D3_2,F3_2,,,N3_1,L_2,M_2
276694,L1,L3,L3,L3,L3,L3,L1,L1,L2,C3_1,D3_2,F3_2,,,N3_1,L_3,M_1
276695,L1,L3,L3,L3,L3,L3,L1,L1,L2,C3_1,D3_2,F3_2,,,N3_1,L_3,M_2
276696,L1,L3,L3,L3,L3,L3,L1,L1,L2,C3_1,D3_2,F3_2,,,N3_2,L_1,M_1
276697,L1,L3,L3,L3,L3,L3,L1,L1,L2,C3_1,D3_2,F3_2,,,N3_2,L_1,M_2
276698,L1,L3,L3,L3,L3,L3,L1,L1,L2,C3_1,D3_2,F3_2,,,N3_2,L_2,M_1
276699,L1,L3,L3,L3,L3,L3,L1,L1,L2,C3_1,D3_2,F3_2,,,N3_2,L_2,M_2
276700,L1,L3,L3,L3,L3,L3,L1,L1,L2,C3_1,D3_2,F3_2,,,N3_2,L_3,M_1
276701,L1,L3,L3,L3,L3,L3,L1,L1,L2,C3_1,D3_2,F3_2,,,N3_2,L_3,M_2
276702,L1,L3,L3,L3,L3,L3,L1,L1,L2,C3_1,D3_2,F3_3,,,N3_1,L_1,M_1
276703,L1,L3,L3,L3,L3,L3,L1,L1,L2,C3_1,D3_2,F3_3,,,N3_1,L_1,M_2
276704,L1,L3,L3,L3,L3,L3,L1,L1,L2,C3_1,D3_2,F3_3,,,N3_1,L_2,M_1
276705,L1,L3,L3,L3,L3,L3,L1,L1,L2,C3_1,D3_2,F3_3,,,N3_1,L_2,M_2
276706,L1,L3,L3,L3,L3,L3,L1,L1,L2,C3_1,D3_2,F3_3,,,N3_1,L_3,M_1
276707,L1,L3,L3,L3,L3,L3,L1,L1,L2,C3_1,D3_2,F3_3,,,N3_1,L_3,M_2
276708,L1,L3,L3,L3,L3,L3,L1,L1,L2,C3_1,D3_2,F3_3,,,N3_2,L_1,M_1
276709,L1,L3,L3,L3,L3,L3,L1,L1,L2,C3_1,D3_2,F3_3,,,N3_2,L_1,M_2
276710,L1,L3,L3,L3,L3,L3,L1,L1,L2,C3_1,D3_2,F3_3,,,N3_2,L_2,M_1
276711,L1,L3,L3,L3,L3,L3,L1,L1,L2,C3_1,D3_2,F3_3,,,N3_2,L_2,M_2
276712,L1,L3,L3,L3,L3,L3,L1,L1,L2,C3_1,D3_2,F3_3,,,N3_2,L_3,M_1
276713,L1,L3,L3,L3,L3,L3,L1,L1,L2,C3_1,D3_2,F3_3,,,N3_2,L_3,M_2
276714,L1,L3,L3,L3,L3,L3,L1,L1,L2,C3_1,D3_3,F3_1,,,N3_1,L_1,M_1
276715,L1,L3,L3,L3,L3,L3,L1,L1,L2,C3_1,D3_3,F3_1,,,N3_1,L_1,M_2
276716,L1,L3,L3,L3,L3,L3,L1,L1,L2,C3_1,D3_3,F3_1,,,N3_1,L_2,M_1
276717,L1,L3,L3,L3,L3,L3,L1,L1,L2,C3_1,D3_3,F3_1,,,N3_1,L_2,M_2
276718,L1,L3,L3,L3,L3,L3,L1,L1,L2,C3_1,D3_3,F3_1,,,N3_1,L_3,M_1
276719,L1,L3,L3,L3,L3,L3,L1,L1,L2,C3_1,D3_3,F3_1,,,N3_1,L_3,M_2
276720,L1,L3,L3,L3,L3,L3,L1,L1,L2,C3_1,D3_3,F3_1,,,N3_2,L_1,M_1
276721,L1,L3,L3,L3,L3,L3,L1,L1,L2,C3_1,D3_3,F3_1,,,N3_2,L_1,M_2
276722,L1,L3,L3,L3,L3,L3,L1,L1,L2,C3_1,D3_3,F3_1,,,N3_2,L_2,M_1
276723,L1,L3,L3,L3,L3,L3,L1,L1,L2,C3_1,D3_3,F3_1,,,N3_2,L_2,M_2
276724,L1,L3,L3,L3,L3,L3,L1,L1,L2,C3_1,D3_3,F3_1,,,N3_2,L_3,M_1
276725,L1,L3,L3,L3,L3,L3,L1,L1,L2,C3_1,D3_3,F3_1,,,N3_2,L_3,M_2
276726,L1,L3,L3,L3,L3,L3,L1,L1,L2,C3_1,D3_3,F3_2,,,N3_1,L_1,M_1
276727,L1,L3,L3,L3,L3,L3,L1,L1,L2,C3_1,D3_3,F3_2,,,N3_1,L_1,M_2
276728,L1,L3,L3,L3,L3,L3,L1,L1,L2,C3_1,D3_3,F3_2,,,N3_1,L_2,M_1
276729,L1,L3,L3,L3,L3,L3,L1,L1,L2,C3_1,D3_3,F3_2,,,N3_1,L_2,M_2
276730,L1,L3,L3,L3,L3,L3,L1,L1,L2,C3_1,D3_3,F3_2,,,N3_1,L_3,M_1
276731,L1,L3,L3,L3,L3,L3,L1,L1,L2,C3_1,D3_3,F3_2,,,N3_1,L_3,M_2
276732,L1,L3,L3,L3,L3,L3,L1,L1,L2,C3_1,D3_3,F3_2,,,N3_2,L_1,M_1
276733,L1,L3,L3,L3,L3,L3,L1,L1,L2,C3_1,D3_3,F3_2,,,N3_2,L_1,M_2
276734,L1,L3,L3,L3,L3,L3,L1,L1,L2,C3_1,D3_3,F3_2,,,N3_2,L_2,M_1
276735,L1,L3,L3,L3,L3,L3,L1,L1,L2,C3_1,D3_3,F3_2,,,N3_2,L_2,M_2
276736,L1,L3,L3,L3,L3,L3,L1,L1,L2,C3_1,D3_3,F3_2,,,N3_2,L_3,M_1
276737,L1,L3,L3,L3,L3,L3,L1,L1,L2,C3_1,D3_3,F3_2,,,N3_2,L_3,M_2
276738,L1,L3,L3,L3,L3,L3,L1,L1,L2,C3_1,D3_3,F3_3,,,N3_1,L_1,M_1
276739,L1,L3,L3,L3,L3,L3,L1,L1,L2,C3_1,D3_3,F3_3,,,N3_1,L_1,M_2
276740,L1,L3,L3,L3,L3,L3,L1,L1,L2,C3_1,D3_3,F3_3,,,N3_1,L_2,M_1
276741,L1,L3,L3,L3,L3,L3,L1,L1,L2,C3_1,D3_3,F3_3,,,N3_1,L_2,M_2
276742,L1,L3,L3,L3,L3,L3,L1,L1,L2,C3_1,D3_3,F3_3,,,N3_1,L_3,M_1
276743,L1,L3,L3,L3,L3,L3,L1,L1,L2,C3_1,D3_3,F3_3,,,N3_1,L_3,M_2
276744,L1,L3,L3,L3,L3,L3,L1,L1,L2,C3_1,D3_3,F3_3,,,N3_2,L_1,M_1
276745,L1,L3,L3,L3,L3,L3,L1,L1,L2,C3_1,D3_3,F3_3,,,N3_2,L_1,M_2
276746,L1,L3,L3,L3,L3,L3,L1,L1,L2,C3_1,D3_3,F3_3,,,N3_2,L_2,M_1
276747,L1,L3,L3,L3,L3,L3,L1,L1,L2,C3_1,D3_3,F3_3,,,N3_2,L_2,M_2
276748,L1,L3,L3,L3,L3,L3,L1,L1,L2,C3_1,D3_3,F3_3,,,N3_2,L_3,M_1
276749,L1,L3,L3,L3,L3,L3,L1,L1,L2,C3_1,D3_3,F3_3,,,N3_2,L_3,M_2
276750,L1,L3,L3,L3,L3,L3,L1,L1,L2,C3_2,D3_1,F3_1,,,N3_1,L_1,M_1
276751,L1,L3,L3,L3,L3,L3,L1,L1,L2,C3_2,D3_1,F3_1,,,N3_1,L_1,M_2
276752,L1,L3,L3,L3,L3,L3,L1,L1,L2,C3_2,D3_1,F3_1,,,N3_1,L_2,M_1
276753,L1,L3,L3,L3,L3,L3,L1,L1,L2,C3_2,D3_1,F3_1,,,N3_1,L_2,M_2
276754,L1,L3,L3,L3,L3,L3,L1,L1,L2,C3_2,D3_1,F3_1,,,N3_1,L_3,M_1
276755,L1,L3,L3,L3,L3,L3,L1,L1,L2,C3_2,D3_1,F3_1,,,N3_1,L_3,M_2
276756,L1,L3,L3,L3,L3,L3,L1,L1,L2,C3_2,D3_1,F3_1,,,N3_2,L_1,M_1
276757,L1,L3,L3,L3,L3,L3,L1,L1,L2,C3_2,D3_1,F3_1,,,N3_2,L_1,M_2
276758,L1,L3,L3,L3,L3,L3,L1,L1,L2,C3_2,D3_1,F3_1,,,N3_2,L_2,M_1
276759,L1,L3,L3,L3,L3,L3,L1,L1,L2,C3_2,D3_1,F3_1,,,N3_2,L_2,M_2
276760,L1,L3,L3,L3,L3,L3,L1,L1,L2,C3_2,D3_1,F3_1,,,N3_2,L_3,M_1
276761,L1,L3,L3,L3,L3,L3,L1,L1,L2,C3_2,D3_1,F3_1,,,N3_2,L_3,M_2
276762,L1,L3,L3,L3,L3,L3,L1,L1,L2,C3_2,D3_1,F3_2,,,N3_1,L_1,M_1
276763,L1,L3,L3,L3,L3,L3,L1,L1,L2,C3_2,D3_1,F3_2,,,N3_1,L_1,M_2
276764,L1,L3,L3,L3,L3,L3,L1,L1,L2,C3_2,D3_1,F3_2,,,N3_1,L_2,M_1
276765,L1,L3,L3,L3,L3,L3,L1,L1,L2,C3_2,D3_1,F3_2,,,N3_1,L_2,M_2
276766,L1,L3,L3,L3,L3,L3,L1,L1,L2,C3_2,D3_1,F3_2,,,N3_1,L_3,M_1
276767,L1,L3,L3,L3,L3,L3,L1,L1,L2,C3_2,D3_1,F3_2,,,N3_1,L_3,M_2
276768,L1,L3,L3,L3,L3,L3,L1,L1,L2,C3_2,D3_1,F3_2,,,N3_2,L_1,M_1
276769,L1,L3,L3,L3,L3,L3,L1,L1,L2,C3_2,D3_1,F3_2,,,N3_2,L_1,M_2
276770,L1,L3,L3,L3,L3,L3,L1,L1,L2,C3_2,D3_1,F3_2,,,N3_2,L_2,M_1
276771,L1,L3,L3,L3,L3,L3,L1,L1,L2,C3_2,D3_1,F3_2,,,N3_2,L_2,M_2
276772,L1,L3,L3,L3,L3,L3,L1,L1,L2,C3_2,D3_1,F3_2,,,N3_2,L_3,M_1
276773,L1,L3,L3,L3,L3,L3,L1,L1,L2,C3_2,D3_1,F3_2,,,N3_2,L_3,M_2
276774,L1,L3,L3,L3,L3,L3,L1,L1,L2,C3_2,D3_1,F3_3,,,N3_1,L_1,M_1
276775,L1,L3,L3,L3,L3,L3,L1,L1,L2,C3_2,D3_1,F3_3,,,N3_1,L_1,M_2
276776,L1,L3,L3,L3,L3,L3,L1,L1,L2,C3_2,D3_1,F3_3,,,N3_1,L_2,M_1
276777,L1,L3,L3,L3,L3,L3,L1,L1,L2,C3_2,D3_1,F3_3,,,N3_1,L_2,M_2
276778,L1,L3,L3,L3,L3,L3,L1,L1,L2,C3_2,D3_1,F3_3,,,N3_1,L_3,M_1
276779,L1,L3,L3,L3,L3,L3,L1,L1,L2,C3_2,D3_1,F3_3,,,N3_1,L_3,M_2
276780,L1,L3,L3,L3,L3,L3,L1,L1,L2,C3_2,D3_1,F3_3,,,N3_2,L_1,M_1
276781,L1,L3,L3,L3,L3,L3,L1,L1,L2,C3_2,D3_1,F3_3,,,N3_2,L_1,M_2
276782,L1,L3,L3,L3,L3,L3,L1,L1,L2,C3_2,D3_1,F3_3,,,N3_2,L_2,M_1
276783,L1,L3,L3,L3,L3,L3,L1,L1,L2,C3_2,D3_1,F3_3,,,N3_2,L_2,M_2
276784,L1,L3,L3,L3,L3,L3,L1,L1,L2,C3_2,D3_1,F3_3,,,N3_2,L_3,M_1
276785,L1,L3,L3,L3,L3,L3,L1,L1,L2,C3_2,D3_1,F3_3,,,N3_2,L_3,M_2
276786,L1,L3,L3,L3,L3,L3,L1,L1,L2,C3_2,D3_2,F3_1,,,N3_1,L_1,M_1
276787,L1,L3,L3,L3,L3,L3,L1,L1,L2,C3_2,D3_2,F3_1,,,N3_1,L_1,M_2
276788,L1,L3,L3,L3,L3,L3,L1,L1,L2,C3_2,D3_2,F3_1,,,N3_1,L_2,M_1
276789,L1,L3,L3,L3,L3,L3,L1,L1,L2,C3_2,D3_2,F3_1,,,N3_1,L_2,M_2
276790,L1,L3,L3,L3,L3,L3,L1,L1,L2,C3_2,D3_2,F3_1,,,N3_1,L_3,M_1
276791,L1,L3,L3,L3,L3,L3,L1,L1,L2,C3_2,D3_2,F3_1,,,N3_1,L_3,M_2
276792,L1,L3,L3,L3,L3,L3,L1,L1,L2,C3_2,D3_2,F3_1,,,N3_2,L_1,M_1
276793,L1,L3,L3,L3,L3,L3,L1,L1,L2,C3_2,D3_2,F3_1,,,N3_2,L_1,M_2
276794,L1,L3,L3,L3,L3,L3,L1,L1,L2,C3_2,D3_2,F3_1,,,N3_2,L_2,M_1
276795,L1,L3,L3,L3,L3,L3,L1,L1,L2,C3_2,D3_2,F3_1,,,N3_2,L_2,M_2
276796,L1,L3,L3,L3,L3,L3,L1,L1,L2,C3_2,D3_2,F3_1,,,N3_2,L_3,M_1
276797,L1,L3,L3,L3,L3,L3,L1,L1,L2,C3_2,D3_2,F3_1,,,N3_2,L_3,M_2
276798,L1,L3,L3,L3,L3,L3,L1,L1,L2,C3_2,D3_2,F3_2,,,N3_1,L_1,M_1
276799,L1,L3,L3,L3,L3,L3,L1,L1,L2,C3_2,D3_2,F3_2,,,N3_1,L_1,M_2
276800,L1,L3,L3,L3,L3,L3,L1,L1,L2,C3_2,D3_2,F3_2,,,N3_1,L_2,M_1
276801,L1,L3,L3,L3,L3,L3,L1,L1,L2,C3_2,D3_2,F3_2,,,N3_1,L_2,M_2
276802,L1,L3,L3,L3,L3,L3,L1,L1,L2,C3_2,D3_2,F3_2,,,N3_1,L_3,M_1
276803,L1,L3,L3,L3,L3,L3,L1,L1,L2,C3_2,D3_2,F3_2,,,N3_1,L_3,M_2
276804,L1,L3,L3,L3,L3,L3,L1,L1,L2,C3_2,D3_2,F3_2,,,N3_2,L_1,M_1
276805,L1,L3,L3,L3,L3,L3,L1,L1,L2,C3_2,D3_2,F3_2,,,N3_2,L_1,M_2
276806,L1,L3,L3,L3,L3,L3,L1,L1,L2,C3_2,D3_2,F3_2,,,N3_2,L_2,M_1
276807,L1,L3,L3,L3,L3,L3,L1,L1,L2,C3_2,D3_2,F3_2,,,N3_2,L_2,M_2
276808,L1,L3,L3,L3,L3,L3,L1,L1,L2,C3_2,D3_2,F3_2,,,N3_2,L_3,M_1
276809,L1,L3,L3,L3,L3,L3,L1,L1,L2,C3_2,D3_2,F3_2,,,N3_2,L_3,M_2
276810,L1,L3,L3,L3,L3,L3,L1,L1,L2,C3_2,D3_2,F3_3,,,N3_1,L_1,M_1
276811,L1,L3,L3,L3,L3,L3,L1,L1,L2,C3_2,D3_2,F3_3,,,N3_1,L_1,M_2
276812,L1,L3,L3,L3,L3,L3,L1,L1,L2,C3_2,D3_2,F3_3,,,N3_1,L_2,M_1
276813,L1,L3,L3,L3,L3,L3,L1,L1,L2,C3_2,D3_2,F3_3,,,N3_1,L_2,M_2
276814,L1,L3,L3,L3,L3,L3,L1,L1,L2,C3_2,D3_2,F3_3,,,N3_1,L_3,M_1
276815,L1,L3,L3,L3,L3,L3,L1,L1,L2,C3_2,D3_2,F3_3,,,N3_1,L_3,M_2
276816,L1,L3,L3,L3,L3,L3,L1,L1,L2,C3_2,D3_2,F3_3,,,N3_2,L_1,M_1
276817,L1,L3,L3,L3,L3,L3,L1,L1,L2,C3_2,D3_2,F3_3,,,N3_2,L_1,M_2
276818,L1,L3,L3,L3,L3,L3,L1,L1,L2,C3_2,D3_2,F3_3,,,N3_2,L_2,M_1
276819,L1,L3,L3,L3,L3,L3,L1,L1,L2,C3_2,D3_2,F3_3,,,N3_2,L_2,M_2
276820,L1,L3,L3,L3,L3,L3,L1,L1,L2,C3_2,D3_2,F3_3,,,N3_2,L_3,M_1
276821,L1,L3,L3,L3,L3,L3,L1,L1,L2,C3_2,D3_2,F3_3,,,N3_2,L_3,M_2
276822,L1,L3,L3,L3,L3,L3,L1,L1,L2,C3_2,D3_3,F3_1,,,N3_1,L_1,M_1
276823,L1,L3,L3,L3,L3,L3,L1,L1,L2,C3_2,D3_3,F3_1,,,N3_1,L_1,M_2
276824,L1,L3,L3,L3,L3,L3,L1,L1,L2,C3_2,D3_3,F3_1,,,N3_1,L_2,M_1
276825,L1,L3,L3,L3,L3,L3,L1,L1,L2,C3_2,D3_3,F3_1,,,N3_1,L_2,M_2
276826,L1,L3,L3,L3,L3,L3,L1,L1,L2,C3_2,D3_3,F3_1,,,N3_1,L_3,M_1
276827,L1,L3,L3,L3,L3,L3,L1,L1,L2,C3_2,D3_3,F3_1,,,N3_1,L_3,M_2
276828,L1,L3,L3,L3,L3,L3,L1,L1,L2,C3_2,D3_3,F3_1,,,N3_2,L_1,M_1
276829,L1,L3,L3,L3,L3,L3,L1,L1,L2,C3_2,D3_3,F3_1,,,N3_2,L_1,M_2
276830,L1,L3,L3,L3,L3,L3,L1,L1,L2,C3_2,D3_3,F3_1,,,N3_2,L_2,M_1
276831,L1,L3,L3,L3,L3,L3,L1,L1,L2,C3_2,D3_3,F3_1,,,N3_2,L_2,M_2
276832,L1,L3,L3,L3,L3,L3,L1,L1,L2,C3_2,D3_3,F3_1,,,N3_2,L_3,M_1
276833,L1,L3,L3,L3,L3,L3,L1,L1,L2,C3_2,D3_3,F3_1,,,N3_2,L_3,M_2
276834,L1,L3,L3,L3,L3,L3,L1,L1,L2,C3_2,D3_3,F3_2,,,N3_1,L_1,M_1
276835,L1,L3,L3,L3,L3,L3,L1,L1,L2,C3_2,D3_3,F3_2,,,N3_1,L_1,M_2
276836,L1,L3,L3,L3,L3,L3,L1,L1,L2,C3_2,D3_3,F3_2,,,N3_1,L_2,M_1
276837,L1,L3,L3,L3,L3,L3,L1,L1,L2,C3_2,D3_3,F3_2,,,N3_1,L_2,M_2
276838,L1,L3,L3,L3,L3,L3,L1,L1,L2,C3_2,D3_3,F3_2,,,N3_1,L_3,M_1
276839,L1,L3,L3,L3,L3,L3,L1,L1,L2,C3_2,D3_3,F3_2,,,N3_1,L_3,M_2
276840,L1,L3,L3,L3,L3,L3,L1,L1,L2,C3_2,D3_3,F3_2,,,N3_2,L_1,M_1
276841,L1,L3,L3,L3,L3,L3,L1,L1,L2,C3_2,D3_3,F3_2,,,N3_2,L_1,M_2
276842,L1,L3,L3,L3,L3,L3,L1,L1,L2,C3_2,D3_3,F3_2,,,N3_2,L_2,M_1
276843,L1,L3,L3,L3,L3,L3,L1,L1,L2,C3_2,D3_3,F3_2,,,N3_2,L_2,M_2
276844,L1,L3,L3,L3,L3,L3,L1,L1,L2,C3_2,D3_3,F3_2,,,N3_2,L_3,M_1
276845,L1,L3,L3,L3,L3,L3,L1,L1,L2,C3_2,D3_3,F3_2,,,N3_2,L_3,M_2
276846,L1,L3,L3,L3,L3,L3,L1,L1,L2,C3_2,D3_3,F3_3,,,N3_1,L_1,M_1
276847,L1,L3,L3,L3,L3,L3,L1,L1,L2,C3_2,D3_3,F3_3,,,N3_1,L_1,M_2
276848,L1,L3,L3,L3,L3,L3,L1,L1,L2,C3_2,D3_3,F3_3,,,N3_1,L_2,M_1
276849,L1,L3,L3,L3,L3,L3,L1,L1,L2,C3_2,D3_3,F3_3,,,N3_1,L_2,M_2
276850,L1,L3,L3,L3,L3,L3,L1,L1,L2,C3_2,D3_3,F3_3,,,N3_1,L_3,M_1
276851,L1,L3,L3,L3,L3,L3,L1,L1,L2,C3_2,D3_3,F3_3,,,N3_1,L_3,M_2
276852,L1,L3,L3,L3,L3,L3,L1,L1,L2,C3_2,D3_3,F3_3,,,N3_2,L_1,M_1
276853,L1,L3,L3,L3,L3,L3,L1,L1,L2,C3_2,D3_3,F3_3,,,N3_2,L_1,M_2
276854,L1,L3,L3,L3,L3,L3,L1,L1,L2,C3_2,D3_3,F3_3,,,N3_2,L_2,M_1
276855,L1,L3,L3,L3,L3,L3,L1,L1,L2,C3_2,D3_3,F3_3,,,N3_2,L_2,M_2
276856,L1,L3,L3,L3,L3,L3,L1,L1,L2,C3_2,D3_3,F3_3,,,N3_2,L_3,M_1
276857,L1,L3,L3,L3,L3,L3,L1,L1,L2,C3_2,D3_3,F3_3,,,N3_2,L_3,M_2
276858,L1,L3,L3,L3,L3,L3,L1,L1,L2,C3_3,D3_1,F3_1,,,N3_1,L_1,M_1
276859,L1,L3,L3,L3,L3,L3,L1,L1,L2,C3_3,D3_1,F3_1,,,N3_1,L_1,M_2
276860,L1,L3,L3,L3,L3,L3,L1,L1,L2,C3_3,D3_1,F3_1,,,N3_1,L_2,M_1
276861,L1,L3,L3,L3,L3,L3,L1,L1,L2,C3_3,D3_1,F3_1,,,N3_1,L_2,M_2
276862,L1,L3,L3,L3,L3,L3,L1,L1,L2,C3_3,D3_1,F3_1,,,N3_1,L_3,M_1
276863,L1,L3,L3,L3,L3,L3,L1,L1,L2,C3_3,D3_1,F3_1,,,N3_1,L_3,M_2
276864,L1,L3,L3,L3,L3,L3,L1,L1,L2,C3_3,D3_1,F3_1,,,N3_2,L_1,M_1
276865,L1,L3,L3,L3,L3,L3,L1,L1,L2,C3_3,D3_1,F3_1,,,N3_2,L_1,M_2
276866,L1,L3,L3,L3,L3,L3,L1,L1,L2,C3_3,D3_1,F3_1,,,N3_2,L_2,M_1
276867,L1,L3,L3,L3,L3,L3,L1,L1,L2,C3_3,D3_1,F3_1,,,N3_2,L_2,M_2
276868,L1,L3,L3,L3,L3,L3,L1,L1,L2,C3_3,D3_1,F3_1,,,N3_2,L_3,M_1
276869,L1,L3,L3,L3,L3,L3,L1,L1,L2,C3_3,D3_1,F3_1,,,N3_2,L_3,M_2
276870,L1,L3,L3,L3,L3,L3,L1,L1,L2,C3_3,D3_1,F3_2,,,N3_1,L_1,M_1
276871,L1,L3,L3,L3,L3,L3,L1,L1,L2,C3_3,D3_1,F3_2,,,N3_1,L_1,M_2
276872,L1,L3,L3,L3,L3,L3,L1,L1,L2,C3_3,D3_1,F3_2,,,N3_1,L_2,M_1
276873,L1,L3,L3,L3,L3,L3,L1,L1,L2,C3_3,D3_1,F3_2,,,N3_1,L_2,M_2
276874,L1,L3,L3,L3,L3,L3,L1,L1,L2,C3_3,D3_1,F3_2,,,N3_1,L_3,M_1
276875,L1,L3,L3,L3,L3,L3,L1,L1,L2,C3_3,D3_1,F3_2,,,N3_1,L_3,M_2
276876,L1,L3,L3,L3,L3,L3,L1,L1,L2,C3_3,D3_1,F3_2,,,N3_2,L_1,M_1
276877,L1,L3,L3,L3,L3,L3,L1,L1,L2,C3_3,D3_1,F3_2,,,N3_2,L_1,M_2
276878,L1,L3,L3,L3,L3,L3,L1,L1,L2,C3_3,D3_1,F3_2,,,N3_2,L_2,M_1
276879,L1,L3,L3,L3,L3,L3,L1,L1,L2,C3_3,D3_1,F3_2,,,N3_2,L_2,M_2
276880,L1,L3,L3,L3,L3,L3,L1,L1,L2,C3_3,D3_1,F3_2,,,N3_2,L_3,M_1
276881,L1,L3,L3,L3,L3,L3,L1,L1,L2,C3_3,D3_1,F3_2,,,N3_2,L_3,M_2
276882,L1,L3,L3,L3,L3,L3,L1,L1,L2,C3_3,D3_1,F3_3,,,N3_1,L_1,M_1
276883,L1,L3,L3,L3,L3,L3,L1,L1,L2,C3_3,D3_1,F3_3,,,N3_1,L_1,M_2
276884,L1,L3,L3,L3,L3,L3,L1,L1,L2,C3_3,D3_1,F3_3,,,N3_1,L_2,M_1
276885,L1,L3,L3,L3,L3,L3,L1,L1,L2,C3_3,D3_1,F3_3,,,N3_1,L_2,M_2
276886,L1,L3,L3,L3,L3,L3,L1,L1,L2,C3_3,D3_1,F3_3,,,N3_1,L_3,M_1
276887,L1,L3,L3,L3,L3,L3,L1,L1,L2,C3_3,D3_1,F3_3,,,N3_1,L_3,M_2
276888,L1,L3,L3,L3,L3,L3,L1,L1,L2,C3_3,D3_1,F3_3,,,N3_2,L_1,M_1
276889,L1,L3,L3,L3,L3,L3,L1,L1,L2,C3_3,D3_1,F3_3,,,N3_2,L_1,M_2
276890,L1,L3,L3,L3,L3,L3,L1,L1,L2,C3_3,D3_1,F3_3,,,N3_2,L_2,M_1
276891,L1,L3,L3,L3,L3,L3,L1,L1,L2,C3_3,D3_1,F3_3,,,N3_2,L_2,M_2
276892,L1,L3,L3,L3,L3,L3,L1,L1,L2,C3_3,D3_1,F3_3,,,N3_2,L_3,M_1
276893,L1,L3,L3,L3,L3,L3,L1,L1,L2,C3_3,D3_1,F3_3,,,N3_2,L_3,M_2
276894,L1,L3,L3,L3,L3,L3,L1,L1,L2,C3_3,D3_2,F3_1,,,N3_1,L_1,M_1
276895,L1,L3,L3,L3,L3,L3,L1,L1,L2,C3_3,D3_2,F3_1,,,N3_1,L_1,M_2
276896,L1,L3,L3,L3,L3,L3,L1,L1,L2,C3_3,D3_2,F3_1,,,N3_1,L_2,M_1
276897,L1,L3,L3,L3,L3,L3,L1,L1,L2,C3_3,D3_2,F3_1,,,N3_1,L_2,M_2
276898,L1,L3,L3,L3,L3,L3,L1,L1,L2,C3_3,D3_2,F3_1,,,N3_1,L_3,M_1
276899,L1,L3,L3,L3,L3,L3,L1,L1,L2,C3_3,D3_2,F3_1,,,N3_1,L_3,M_2
276900,L1,L3,L3,L3,L3,L3,L1,L1,L2,C3_3,D3_2,F3_1,,,N3_2,L_1,M_1
276901,L1,L3,L3,L3,L3,L3,L1,L1,L2,C3_3,D3_2,F3_1,,,N3_2,L_1,M_2
276902,L1,L3,L3,L3,L3,L3,L1,L1,L2,C3_3,D3_2,F3_1,,,N3_2,L_2,M_1
276903,L1,L3,L3,L3,L3,L3,L1,L1,L2,C3_3,D3_2,F3_1,,,N3_2,L_2,M_2
276904,L1,L3,L3,L3,L3,L3,L1,L1,L2,C3_3,D3_2,F3_1,,,N3_2,L_3,M_1
276905,L1,L3,L3,L3,L3,L3,L1,L1,L2,C3_3,D3_2,F3_1,,,N3_2,L_3,M_2
276906,L1,L3,L3,L3,L3,L3,L1,L1,L2,C3_3,D3_2,F3_2,,,N3_1,L_1,M_1
276907,L1,L3,L3,L3,L3,L3,L1,L1,L2,C3_3,D3_2,F3_2,,,N3_1,L_1,M_2
276908,L1,L3,L3,L3,L3,L3,L1,L1,L2,C3_3,D3_2,F3_2,,,N3_1,L_2,M_1
276909,L1,L3,L3,L3,L3,L3,L1,L1,L2,C3_3,D3_2,F3_2,,,N3_1,L_2,M_2
276910,L1,L3,L3,L3,L3,L3,L1,L1,L2,C3_3,D3_2,F3_2,,,N3_1,L_3,M_1
276911,L1,L3,L3,L3,L3,L3,L1,L1,L2,C3_3,D3_2,F3_2,,,N3_1,L_3,M_2
276912,L1,L3,L3,L3,L3,L3,L1,L1,L2,C3_3,D3_2,F3_2,,,N3_2,L_1,M_1
276913,L1,L3,L3,L3,L3,L3,L1,L1,L2,C3_3,D3_2,F3_2,,,N3_2,L_1,M_2
276914,L1,L3,L3,L3,L3,L3,L1,L1,L2,C3_3,D3_2,F3_2,,,N3_2,L_2,M_1
276915,L1,L3,L3,L3,L3,L3,L1,L1,L2,C3_3,D3_2,F3_2,,,N3_2,L_2,M_2
276916,L1,L3,L3,L3,L3,L3,L1,L1,L2,C3_3,D3_2,F3_2,,,N3_2,L_3,M_1
276917,L1,L3,L3,L3,L3,L3,L1,L1,L2,C3_3,D3_2,F3_2,,,N3_2,L_3,M_2
276918,L1,L3,L3,L3,L3,L3,L1,L1,L2,C3_3,D3_2,F3_3,,,N3_1,L_1,M_1
276919,L1,L3,L3,L3,L3,L3,L1,L1,L2,C3_3,D3_2,F3_3,,,N3_1,L_1,M_2
276920,L1,L3,L3,L3,L3,L3,L1,L1,L2,C3_3,D3_2,F3_3,,,N3_1,L_2,M_1
276921,L1,L3,L3,L3,L3,L3,L1,L1,L2,C3_3,D3_2,F3_3,,,N3_1,L_2,M_2
276922,L1,L3,L3,L3,L3,L3,L1,L1,L2,C3_3,D3_2,F3_3,,,N3_1,L_3,M_1
276923,L1,L3,L3,L3,L3,L3,L1,L1,L2,C3_3,D3_2,F3_3,,,N3_1,L_3,M_2
276924,L1,L3,L3,L3,L3,L3,L1,L1,L2,C3_3,D3_2,F3_3,,,N3_2,L_1,M_1
276925,L1,L3,L3,L3,L3,L3,L1,L1,L2,C3_3,D3_2,F3_3,,,N3_2,L_1,M_2
276926,L1,L3,L3,L3,L3,L3,L1,L1,L2,C3_3,D3_2,F3_3,,,N3_2,L_2,M_1
276927,L1,L3,L3,L3,L3,L3,L1,L1,L2,C3_3,D3_2,F3_3,,,N3_2,L_2,M_2
276928,L1,L3,L3,L3,L3,L3,L1,L1,L2,C3_3,D3_2,F3_3,,,N3_2,L_3,M_1
276929,L1,L3,L3,L3,L3,L3,L1,L1,L2,C3_3,D3_2,F3_3,,,N3_2,L_3,M_2
276930,L1,L3,L3,L3,L3,L3,L1,L1,L2,C3_3,D3_3,F3_1,,,N3_1,L_1,M_1
276931,L1,L3,L3,L3,L3,L3,L1,L1,L2,C3_3,D3_3,F3_1,,,N3_1,L_1,M_2
276932,L1,L3,L3,L3,L3,L3,L1,L1,L2,C3_3,D3_3,F3_1,,,N3_1,L_2,M_1
276933,L1,L3,L3,L3,L3,L3,L1,L1,L2,C3_3,D3_3,F3_1,,,N3_1,L_2,M_2
276934,L1,L3,L3,L3,L3,L3,L1,L1,L2,C3_3,D3_3,F3_1,,,N3_1,L_3,M_1
276935,L1,L3,L3,L3,L3,L3,L1,L1,L2,C3_3,D3_3,F3_1,,,N3_1,L_3,M_2
276936,L1,L3,L3,L3,L3,L3,L1,L1,L2,C3_3,D3_3,F3_1,,,N3_2,L_1,M_1
276937,L1,L3,L3,L3,L3,L3,L1,L1,L2,C3_3,D3_3,F3_1,,,N3_2,L_1,M_2
276938,L1,L3,L3,L3,L3,L3,L1,L1,L2,C3_3,D3_3,F3_1,,,N3_2,L_2,M_1
276939,L1,L3,L3,L3,L3,L3,L1,L1,L2,C3_3,D3_3,F3_1,,,N3_2,L_2,M_2
276940,L1,L3,L3,L3,L3,L3,L1,L1,L2,C3_3,D3_3,F3_1,,,N3_2,L_3,M_1
276941,L1,L3,L3,L3,L3,L3,L1,L1,L2,C3_3,D3_3,F3_1,,,N3_2,L_3,M_2
276942,L1,L3,L3,L3,L3,L3,L1,L1,L2,C3_3,D3_3,F3_2,,,N3_1,L_1,M_1
276943,L1,L3,L3,L3,L3,L3,L1,L1,L2,C3_3,D3_3,F3_2,,,N3_1,L_1,M_2
276944,L1,L3,L3,L3,L3,L3,L1,L1,L2,C3_3,D3_3,F3_2,,,N3_1,L_2,M_1
276945,L1,L3,L3,L3,L3,L3,L1,L1,L2,C3_3,D3_3,F3_2,,,N3_1,L_2,M_2
276946,L1,L3,L3,L3,L3,L3,L1,L1,L2,C3_3,D3_3,F3_2,,,N3_1,L_3,M_1
276947,L1,L3,L3,L3,L3,L3,L1,L1,L2,C3_3,D3_3,F3_2,,,N3_1,L_3,M_2
276948,L1,L3,L3,L3,L3,L3,L1,L1,L2,C3_3,D3_3,F3_2,,,N3_2,L_1,M_1
276949,L1,L3,L3,L3,L3,L3,L1,L1,L2,C3_3,D3_3,F3_2,,,N3_2,L_1,M_2
276950,L1,L3,L3,L3,L3,L3,L1,L1,L2,C3_3,D3_3,F3_2,,,N3_2,L_2,M_1
276951,L1,L3,L3,L3,L3,L3,L1,L1,L2,C3_3,D3_3,F3_2,,,N3_2,L_2,M_2
276952,L1,L3,L3,L3,L3,L3,L1,L1,L2,C3_3,D3_3,F3_2,,,N3_2,L_3,M_1
276953,L1,L3,L3,L3,L3,L3,L1,L1,L2,C3_3,D3_3,F3_2,,,N3_2,L_3,M_2
276954,L1,L3,L3,L3,L3,L3,L1,L1,L2,C3_3,D3_3,F3_3,,,N3_1,L_1,M_1
276955,L1,L3,L3,L3,L3,L3,L1,L1,L2,C3_3,D3_3,F3_3,,,N3_1,L_1,M_2
276956,L1,L3,L3,L3,L3,L3,L1,L1,L2,C3_3,D3_3,F3_3,,,N3_1,L_2,M_1
276957,L1,L3,L3,L3,L3,L3,L1,L1,L2,C3_3,D3_3,F3_3,,,N3_1,L_2,M_2
276958,L1,L3,L3,L3,L3,L3,L1,L1,L2,C3_3,D3_3,F3_3,,,N3_1,L_3,M_1
276959,L1,L3,L3,L3,L3,L3,L1,L1,L2,C3_3,D3_3,F3_3,,,N3_1,L_3,M_2
276960,L1,L3,L3,L3,L3,L3,L1,L1,L2,C3_3,D3_3,F3_3,,,N3_2,L_1,M_1
276961,L1,L3,L3,L3,L3,L3,L1,L1,L2,C3_3,D3_3,F3_3,,,N3_2,L_1,M_2
276962,L1,L3,L3,L3,L3,L3,L1,L1,L2,C3_3,D3_3,F3_3,,,N3_2,L_2,M_1
276963,L1,L3,L3,L3,L3,L3,L1,L1,L2,C3_3,D3_3,F3_3,,,N3_2,L_2,M_2
276964,L1,L3,L3,L3,L3,L3,L1,L1,L2,C3_3,D3_3,F3_3,,,N3_2,L_3,M_1
276965,L1,L3,L3,L3,L3,L3,L1,L1,L2,C3_3,D3_3,F3_3,,,N3_2,L_3,M_2
277371,L1,L1,L2,L1,L3,L3,L1,L1,L2,C3_1,D3_1,F3_1,,,N3_1,L_1,M_1
277372,L1,L1,L2,L1,L3,L3,L1,L1,L2,C3_1,D3_1,F3_1,,,N3_1,L_1,M_2
277373,L1,L1,L2,L1,L3,L3,L1,L1,L2,C3_1,D3_1,F3_1,,,N3_1,L_2,M_1
277374,L1,L1,L2,L1,L3,L3,L1,L1,L2,C3_1,D3_1,F3_1,,,N3_1,L_2,M_2
277375,L1,L1,L2,L1,L3,L3,L1,L1,L2,C3_1,D3_1,F3_1,,,N3_1,L_3,M_1
277376,L1,L1,L2,L1,L3,L3,L1,L1,L2,C3_1,D3_1,F3_1,,,N3_1,L_3,M_2
277377,L1,L1,L2,L1,L3,L3,L1,L1,L2,C3_1,D3_1,F3_1,,,N3_2,L_1,M_1
277378,L1,L1,L2,L1,L3,L3,L1,L1,L2,C3_1,D3_1,F3_1,,,N3_2,L_1,M_2
277379,L1,L1,L2,L1,L3,L3,L1,L1,L2,C3_1,D3_1,F3_1,,,N3_2,L_2,M_1
277380,L1,L1,L2,L1,L3,L3,L1,L1,L2,C3_1,D3_1,F3_1,,,N3_2,L_2,M_2
277381,L1,L1,L2,L1,L3,L3,L1,L1,L2,C3_1,D3_1,F3_1,,,N3_2,L_3,M_1
277382,L1,L1,L2,L1,L3,L3,L1,L1,L2,C3_1,D3_1,F3_1,,,N3_2,L_3,M_2
277383,L1,L1,L2,L1,L3,L3,L1,L1,L2,C3_1,D3_1,F3_2,,,N3_1,L_1,M_1
277384,L1,L1,L2,L1,L3,L3,L1,L1,L2,C3_1,D3_1,F3_2,,,N3_1,L_1,M_2
277385,L1,L1,L2,L1,L3,L3,L1,L1,L2,C3_1,D3_1,F3_2,,,N3_1,L_2,M_1
277386,L1,L1,L2,L1,L3,L3,L1,L1,L2,C3_1,D3_1,F3_2,,,N3_1,L_2,M_2
277387,L1,L1,L2,L1,L3,L3,L1,L1,L2,C3_1,D3_1,F3_2,,,N3_1,L_3,M_1
277388,L1,L1,L2,L1,L3,L3,L1,L1,L2,C3_1,D3_1,F3_2,,,N3_1,L_3,M_2
277389,L1,L1,L2,L1,L3,L3,L1,L1,L2,C3_1,D3_1,F3_2,,,N3_2,L_1,M_1
277390,L1,L1,L2,L1,L3,L3,L1,L1,L2,C3_1,D3_1,F3_2,,,N3_2,L_1,M_2
277391,L1,L1,L2,L1,L3,L3,L1,L1,L2,C3_1,D3_1,F3_2,,,N3_2,L_2,M_1
277392,L1,L1,L2,L1,L3,L3,L1,L1,L2,C3_1,D3_1,F3_2,,,N3_2,L_2,M_2
277393,L1,L1,L2,L1,L3,L3,L1,L1,L2,C3_1,D3_1,F3_2,,,N3_2,L_3,M_1
277394,L1,L1,L2,L1,L3,L3,L1,L1,L2,C3_1,D3_1,F3_2,,,N3_2,L_3,M_2
277395,L1,L1,L2,L1,L3,L3,L1,L1,L2,C3_1,D3_1,F3_3,,,N3_1,L_1,M_1
277396,L1,L1,L2,L1,L3,L3,L1,L1,L2,C3_1,D3_1,F3_3,,,N3_1,L_1,M_2
277397,L1,L1,L2,L1,L3,L3,L1,L1,L2,C3_1,D3_1,F3_3,,,N3_1,L_2,M_1
277398,L1,L1,L2,L1,L3,L3,L1,L1,L2,C3_1,D3_1,F3_3,,,N3_1,L_2,M_2
277399,L1,L1,L2,L1,L3,L3,L1,L1,L2,C3_1,D3_1,F3_3,,,N3_1,L_3,M_1
277400,L1,L1,L2,L1,L3,L3,L1,L1,L2,C3_1,D3_1,F3_3,,,N3_1,L_3,M_2
277401,L1,L1,L2,L1,L3,L3,L1,L1,L2,C3_1,D3_1,F3_3,,,N3_2,L_1,M_1
277402,L1,L1,L2,L1,L3,L3,L1,L1,L2,C3_1,D3_1,F3_3,,,N3_2,L_1,M_2
277403,L1,L1,L2,L1,L3,L3,L1,L1,L2,C3_1,D3_1,F3_3,,,N3_2,L_2,M_1
277404,L1,L1,L2,L1,L3,L3,L1,L1,L2,C3_1,D3_1,F3_3,,,N3_2,L_2,M_2
277405,L1,L1,L2,L1,L3,L3,L1,L1,L2,C3_1,D3_1,F3_3,,,N3_2,L_3,M_1
277406,L1,L1,L2,L1,L3,L3,L1,L1,L2,C3_1,D3_1,F3_3,,,N3_2,L_3,M_2
277407,L1,L1,L2,L1,L3,L3,L1,L1,L2,C3_1,D3_2,F3_1,,,N3_1,L_1,M_1
277408,L1,L1,L2,L1,L3,L3,L1,L1,L2,C3_1,D3_2,F3_1,,,N3_1,L_1,M_2
277409,L1,L1,L2,L1,L3,L3,L1,L1,L2,C3_1,D3_2,F3_1,,,N3_1,L_2,M_1
277410,L1,L1,L2,L1,L3,L3,L1,L1,L2,C3_1,D3_2,F3_1,,,N3_1,L_2,M_2
277411,L1,L1,L2,L1,L3,L3,L1,L1,L2,C3_1,D3_2,F3_1,,,N3_1,L_3,M_1
277412,L1,L1,L2,L1,L3,L3,L1,L1,L2,C3_1,D3_2,F3_1,,,N3_1,L_3,M_2
277413,L1,L1,L2,L1,L3,L3,L1,L1,L2,C3_1,D3_2,F3_1,,,N3_2,L_1,M_1
277414,L1,L1,L2,L1,L3,L3,L1,L1,L2,C3_1,D3_2,F3_1,,,N3_2,L_1,M_2
277415,L1,L1,L2,L1,L3,L3,L1,L1,L2,C3_1,D3_2,F3_1,,,N3_2,L_2,M_1
277416,L1,L1,L2,L1,L3,L3,L1,L1,L2,C3_1,D3_2,F3_1,,,N3_2,L_2,M_2
277417,L1,L1,L2,L1,L3,L3,L1,L1,L2,C3_1,D3_2,F3_1,,,N3_2,L_3,M_1
277418,L1,L1,L2,L1,L3,L3,L1,L1,L2,C3_1,D3_2,F3_1,,,N3_2,L_3,M_2
277419,L1,L1,L2,L1,L3,L3,L1,L1,L2,C3_1,D3_2,F3_2,,,N3_1,L_1,M_1
277420,L1,L1,L2,L1,L3,L3,L1,L1,L2,C3_1,D3_2,F3_2,,,N3_1,L_1,M_2
277421,L1,L1,L2,L1,L3,L3,L1,L1,L2,C3_1,D3_2,F3_2,,,N3_1,L_2,M_1
277422,L1,L1,L2,L1,L3,L3,L1,L1,L2,C3_1,D3_2,F3_2,,,N3_1,L_2,M_2
277423,L1,L1,L2,L1,L3,L3,L1,L1,L2,C3_1,D3_2,F3_2,,,N3_1,L_3,M_1
277424,L1,L1,L2,L1,L3,L3,L1,L1,L2,C3_1,D3_2,F3_2,,,N3_1,L_3,M_2
277425,L1,L1,L2,L1,L3,L3,L1,L1,L2,C3_1,D3_2,F3_2,,,N3_2,L_1,M_1
277426,L1,L1,L2,L1,L3,L3,L1,L1,L2,C3_1,D3_2,F3_2,,,N3_2,L_1,M_2
277427,L1,L1,L2,L1,L3,L3,L1,L1,L2,C3_1,D3_2,F3_2,,,N3_2,L_2,M_1
277428,L1,L1,L2,L1,L3,L3,L1,L1,L2,C3_1,D3_2,F3_2,,,N3_2,L_2,M_2
277429,L1,L1,L2,L1,L3,L3,L1,L1,L2,C3_1,D3_2,F3_2,,,N3_2,L_3,M_1
277430,L1,L1,L2,L1,L3,L3,L1,L1,L2,C3_1,D3_2,F3_2,,,N3_2,L_3,M_2
277431,L1,L1,L2,L1,L3,L3,L1,L1,L2,C3_1,D3_2,F3_3,,,N3_1,L_1,M_1
277432,L1,L1,L2,L1,L3,L3,L1,L1,L2,C3_1,D3_2,F3_3,,,N3_1,L_1,M_2
277433,L1,L1,L2,L1,L3,L3,L1,L1,L2,C3_1,D3_2,F3_3,,,N3_1,L_2,M_1
277434,L1,L1,L2,L1,L3,L3,L1,L1,L2,C3_1,D3_2,F3_3,,,N3_1,L_2,M_2
277435,L1,L1,L2,L1,L3,L3,L1,L1,L2,C3_1,D3_2,F3_3,,,N3_1,L_3,M_1
277436,L1,L1,L2,L1,L3,L3,L1,L1,L2,C3_1,D3_2,F3_3,,,N3_1,L_3,M_2
277437,L1,L1,L2,L1,L3,L3,L1,L1,L2,C3_1,D3_2,F3_3,,,N3_2,L_1,M_1
277438,L1,L1,L2,L1,L3,L3,L1,L1,L2,C3_1,D3_2,F3_3,,,N3_2,L_1,M_2
277439,L1,L1,L2,L1,L3,L3,L1,L1,L2,C3_1,D3_2,F3_3,,,N3_2,L_2,M_1
277440,L1,L1,L2,L1,L3,L3,L1,L1,L2,C3_1,D3_2,F3_3,,,N3_2,L_2,M_2
277441,L1,L1,L2,L1,L3,L3,L1,L1,L2,C3_1,D3_2,F3_3,,,N3_2,L_3,M_1
277442,L1,L1,L2,L1,L3,L3,L1,L1,L2,C3_1,D3_2,F3_3,,,N3_2,L_3,M_2
277443,L1,L1,L2,L1,L3,L3,L1,L1,L2,C3_1,D3_3,F3_1,,,N3_1,L_1,M_1
277444,L1,L1,L2,L1,L3,L3,L1,L1,L2,C3_1,D3_3,F3_1,,,N3_1,L_1,M_2
277445,L1,L1,L2,L1,L3,L3,L1,L1,L2,C3_1,D3_3,F3_1,,,N3_1,L_2,M_1
277446,L1,L1,L2,L1,L3,L3,L1,L1,L2,C3_1,D3_3,F3_1,,,N3_1,L_2,M_2
277447,L1,L1,L2,L1,L3,L3,L1,L1,L2,C3_1,D3_3,F3_1,,,N3_1,L_3,M_1
277448,L1,L1,L2,L1,L3,L3,L1,L1,L2,C3_1,D3_3,F3_1,,,N3_1,L_3,M_2
277449,L1,L1,L2,L1,L3,L3,L1,L1,L2,C3_1,D3_3,F3_1,,,N3_2,L_1,M_1
277450,L1,L1,L2,L1,L3,L3,L1,L1,L2,C3_1,D3_3,F3_1,,,N3_2,L_1,M_2
277451,L1,L1,L2,L1,L3,L3,L1,L1,L2,C3_1,D3_3,F3_1,,,N3_2,L_2,M_1
277452,L1,L1,L2,L1,L3,L3,L1,L1,L2,C3_1,D3_3,F3_1,,,N3_2,L_2,M_2
277453,L1,L1,L2,L1,L3,L3,L1,L1,L2,C3_1,D3_3,F3_1,,,N3_2,L_3,M_1
277454,L1,L1,L2,L1,L3,L3,L1,L1,L2,C3_1,D3_3,F3_1,,,N3_2,L_3,M_2
277455,L1,L1,L2,L1,L3,L3,L1,L1,L2,C3_1,D3_3,F3_2,,,N3_1,L_1,M_1
277456,L1,L1,L2,L1,L3,L3,L1,L1,L2,C3_1,D3_3,F3_2,,,N3_1,L_1,M_2
277457,L1,L1,L2,L1,L3,L3,L1,L1,L2,C3_1,D3_3,F3_2,,,N3_1,L_2,M_1
277458,L1,L1,L2,L1,L3,L3,L1,L1,L2,C3_1,D3_3,F3_2,,,N3_1,L_2,M_2
277459,L1,L1,L2,L1,L3,L3,L1,L1,L2,C3_1,D3_3,F3_2,,,N3_1,L_3,M_1
277460,L1,L1,L2,L1,L3,L3,L1,L1,L2,C3_1,D3_3,F3_2,,,N3_1,L_3,M_2
277461,L1,L1,L2,L1,L3,L3,L1,L1,L2,C3_1,D3_3,F3_2,,,N3_2,L_1,M_1
277462,L1,L1,L2,L1,L3,L3,L1,L1,L2,C3_1,D3_3,F3_2,,,N3_2,L_1,M_2
277463,L1,L1,L2,L1,L3,L3,L1,L1,L2,C3_1,D3_3,F3_2,,,N3_2,L_2,M_1
277464,L1,L1,L2,L1,L3,L3,L1,L1,L2,C3_1,D3_3,F3_2,,,N3_2,L_2,M_2
277465,L1,L1,L2,L1,L3,L3,L1,L1,L2,C3_1,D3_3,F3_2,,,N3_2,L_3,M_1
277466,L1,L1,L2,L1,L3,L3,L1,L1,L2,C3_1,D3_3,F3_2,,,N3_2,L_3,M_2
277467,L1,L1,L2,L1,L3,L3,L1,L1,L2,C3_1,D3_3,F3_3,,,N3_1,L_1,M_1
277468,L1,L1,L2,L1,L3,L3,L1,L1,L2,C3_1,D3_3,F3_3,,,N3_1,L_1,M_2
277469,L1,L1,L2,L1,L3,L3,L1,L1,L2,C3_1,D3_3,F3_3,,,N3_1,L_2,M_1
277470,L1,L1,L2,L1,L3,L3,L1,L1,L2,C3_1,D3_3,F3_3,,,N3_1,L_2,M_2
277471,L1,L1,L2,L1,L3,L3,L1,L1,L2,C3_1,D3_3,F3_3,,,N3_1,L_3,M_1
277472,L1,L1,L2,L1,L3,L3,L1,L1,L2,C3_1,D3_3,F3_3,,,N3_1,L_3,M_2
277473,L1,L1,L2,L1,L3,L3,L1,L1,L2,C3_1,D3_3,F3_3,,,N3_2,L_1,M_1
277474,L1,L1,L2,L1,L3,L3,L1,L1,L2,C3_1,D3_3,F3_3,,,N3_2,L_1,M_2
277475,L1,L1,L2,L1,L3,L3,L1,L1,L2,C3_1,D3_3,F3_3,,,N3_2,L_2,M_1
277476,L1,L1,L2,L1,L3,L3,L1,L1,L2,C3_1,D3_3,F3_3,,,N3_2,L_2,M_2
277477,L1,L1,L2,L1,L3,L3,L1,L1,L2,C3_1,D3_3,F3_3,,,N3_2,L_3,M_1
277478,L1,L1,L2,L1,L3,L3,L1,L1,L2,C3_1,D3_3,F3_3,,,N3_2,L_3,M_2
277479,L1,L1,L2,L1,L3,L3,L1,L1,L2,C3_2,D3_1,F3_1,,,N3_1,L_1,M_1
277480,L1,L1,L2,L1,L3,L3,L1,L1,L2,C3_2,D3_1,F3_1,,,N3_1,L_1,M_2
277481,L1,L1,L2,L1,L3,L3,L1,L1,L2,C3_2,D3_1,F3_1,,,N3_1,L_2,M_1
277482,L1,L1,L2,L1,L3,L3,L1,L1,L2,C3_2,D3_1,F3_1,,,N3_1,L_2,M_2
277483,L1,L1,L2,L1,L3,L3,L1,L1,L2,C3_2,D3_1,F3_1,,,N3_1,L_3,M_1
277484,L1,L1,L2,L1,L3,L3,L1,L1,L2,C3_2,D3_1,F3_1,,,N3_1,L_3,M_2
277485,L1,L1,L2,L1,L3,L3,L1,L1,L2,C3_2,D3_1,F3_1,,,N3_2,L_1,M_1
277486,L1,L1,L2,L1,L3,L3,L1,L1,L2,C3_2,D3_1,F3_1,,,N3_2,L_1,M_2
277487,L1,L1,L2,L1,L3,L3,L1,L1,L2,C3_2,D3_1,F3_1,,,N3_2,L_2,M_1
277488,L1,L1,L2,L1,L3,L3,L1,L1,L2,C3_2,D3_1,F3_1,,,N3_2,L_2,M_2
277489,L1,L1,L2,L1,L3,L3,L1,L1,L2,C3_2,D3_1,F3_1,,,N3_2,L_3,M_1
277490,L1,L1,L2,L1,L3,L3,L1,L1,L2,C3_2,D3_1,F3_1,,,N3_2,L_3,M_2
277491,L1,L1,L2,L1,L3,L3,L1,L1,L2,C3_2,D3_1,F3_2,,,N3_1,L_1,M_1
277492,L1,L1,L2,L1,L3,L3,L1,L1,L2,C3_2,D3_1,F3_2,,,N3_1,L_1,M_2
277493,L1,L1,L2,L1,L3,L3,L1,L1,L2,C3_2,D3_1,F3_2,,,N3_1,L_2,M_1
277494,L1,L1,L2,L1,L3,L3,L1,L1,L2,C3_2,D3_1,F3_2,,,N3_1,L_2,M_2
277495,L1,L1,L2,L1,L3,L3,L1,L1,L2,C3_2,D3_1,F3_2,,,N3_1,L_3,M_1
277496,L1,L1,L2,L1,L3,L3,L1,L1,L2,C3_2,D3_1,F3_2,,,N3_1,L_3,M_2
277497,L1,L1,L2,L1,L3,L3,L1,L1,L2,C3_2,D3_1,F3_2,,,N3_2,L_1,M_1
277498,L1,L1,L2,L1,L3,L3,L1,L1,L2,C3_2,D3_1,F3_2,,,N3_2,L_1,M_2
277499,L1,L1,L2,L1,L3,L3,L1,L1,L2,C3_2,D3_1,F3_2,,,N3_2,L_2,M_1
277500,L1,L1,L2,L1,L3,L3,L1,L1,L2,C3_2,D3_1,F3_2,,,N3_2,L_2,M_2
277501,L1,L1,L2,L1,L3,L3,L1,L1,L2,C3_2,D3_1,F3_2,,,N3_2,L_3,M_1
277502,L1,L1,L2,L1,L3,L3,L1,L1,L2,C3_2,D3_1,F3_2,,,N3_2,L_3,M_2
277503,L1,L1,L2,L1,L3,L3,L1,L1,L2,C3_2,D3_1,F3_3,,,N3_1,L_1,M_1
277504,L1,L1,L2,L1,L3,L3,L1,L1,L2,C3_2,D3_1,F3_3,,,N3_1,L_1,M_2
277505,L1,L1,L2,L1,L3,L3,L1,L1,L2,C3_2,D3_1,F3_3,,,N3_1,L_2,M_1
277506,L1,L1,L2,L1,L3,L3,L1,L1,L2,C3_2,D3_1,F3_3,,,N3_1,L_2,M_2
277507,L1,L1,L2,L1,L3,L3,L1,L1,L2,C3_2,D3_1,F3_3,,,N3_1,L_3,M_1
277508,L1,L1,L2,L1,L3,L3,L1,L1,L2,C3_2,D3_1,F3_3,,,N3_1,L_3,M_2
277509,L1,L1,L2,L1,L3,L3,L1,L1,L2,C3_2,D3_1,F3_3,,,N3_2,L_1,M_1
277510,L1,L1,L2,L1,L3,L3,L1,L1,L2,C3_2,D3_1,F3_3,,,N3_2,L_1,M_2
277511,L1,L1,L2,L1,L3,L3,L1,L1,L2,C3_2,D3_1,F3_3,,,N3_2,L_2,M_1
277512,L1,L1,L2,L1,L3,L3,L1,L1,L2,C3_2,D3_1,F3_3,,,N3_2,L_2,M_2
277513,L1,L1,L2,L1,L3,L3,L1,L1,L2,C3_2,D3_1,F3_3,,,N3_2,L_3,M_1
277514,L1,L1,L2,L1,L3,L3,L1,L1,L2,C3_2,D3_1,F3_3,,,N3_2,L_3,M_2
277515,L1,L1,L2,L1,L3,L3,L1,L1,L2,C3_2,D3_2,F3_1,,,N3_1,L_1,M_1
277516,L1,L1,L2,L1,L3,L3,L1,L1,L2,C3_2,D3_2,F3_1,,,N3_1,L_1,M_2
277517,L1,L1,L2,L1,L3,L3,L1,L1,L2,C3_2,D3_2,F3_1,,,N3_1,L_2,M_1
277518,L1,L1,L2,L1,L3,L3,L1,L1,L2,C3_2,D3_2,F3_1,,,N3_1,L_2,M_2
277519,L1,L1,L2,L1,L3,L3,L1,L1,L2,C3_2,D3_2,F3_1,,,N3_1,L_3,M_1
277520,L1,L1,L2,L1,L3,L3,L1,L1,L2,C3_2,D3_2,F3_1,,,N3_1,L_3,M_2
277521,L1,L1,L2,L1,L3,L3,L1,L1,L2,C3_2,D3_2,F3_1,,,N3_2,L_1,M_1
277522,L1,L1,L2,L1,L3,L3,L1,L1,L2,C3_2,D3_2,F3_1,,,N3_2,L_1,M_2
277523,L1,L1,L2,L1,L3,L3,L1,L1,L2,C3_2,D3_2,F3_1,,,N3_2,L_2,M_1
277524,L1,L1,L2,L1,L3,L3,L1,L1,L2,C3_2,D3_2,F3_1,,,N3_2,L_2,M_2
277525,L1,L1,L2,L1,L3,L3,L1,L1,L2,C3_2,D3_2,F3_1,,,N3_2,L_3,M_1
277526,L1,L1,L2,L1,L3,L3,L1,L1,L2,C3_2,D3_2,F3_1,,,N3_2,L_3,M_2
277527,L1,L1,L2,L1,L3,L3,L1,L1,L2,C3_2,D3_2,F3_2,,,N3_1,L_1,M_1
277528,L1,L1,L2,L1,L3,L3,L1,L1,L2,C3_2,D3_2,F3_2,,,N3_1,L_1,M_2
277529,L1,L1,L2,L1,L3,L3,L1,L1,L2,C3_2,D3_2,F3_2,,,N3_1,L_2,M_1
277530,L1,L1,L2,L1,L3,L3,L1,L1,L2,C3_2,D3_2,F3_2,,,N3_1,L_2,M_2
277531,L1,L1,L2,L1,L3,L3,L1,L1,L2,C3_2,D3_2,F3_2,,,N3_1,L_3,M_1
277532,L1,L1,L2,L1,L3,L3,L1,L1,L2,C3_2,D3_2,F3_2,,,N3_1,L_3,M_2
277533,L1,L1,L2,L1,L3,L3,L1,L1,L2,C3_2,D3_2,F3_2,,,N3_2,L_1,M_1
277534,L1,L1,L2,L1,L3,L3,L1,L1,L2,C3_2,D3_2,F3_2,,,N3_2,L_1,M_2
277535,L1,L1,L2,L1,L3,L3,L1,L1,L2,C3_2,D3_2,F3_2,,,N3_2,L_2,M_1
277536,L1,L1,L2,L1,L3,L3,L1,L1,L2,C3_2,D3_2,F3_2,,,N3_2,L_2,M_2
277537,L1,L1,L2,L1,L3,L3,L1,L1,L2,C3_2,D3_2,F3_2,,,N3_2,L_3,M_1
277538,L1,L1,L2,L1,L3,L3,L1,L1,L2,C3_2,D3_2,F3_2,,,N3_2,L_3,M_2
277539,L1,L1,L2,L1,L3,L3,L1,L1,L2,C3_2,D3_2,F3_3,,,N3_1,L_1,M_1
277540,L1,L1,L2,L1,L3,L3,L1,L1,L2,C3_2,D3_2,F3_3,,,N3_1,L_1,M_2
277541,L1,L1,L2,L1,L3,L3,L1,L1,L2,C3_2,D3_2,F3_3,,,N3_1,L_2,M_1
277542,L1,L1,L2,L1,L3,L3,L1,L1,L2,C3_2,D3_2,F3_3,,,N3_1,L_2,M_2
277543,L1,L1,L2,L1,L3,L3,L1,L1,L2,C3_2,D3_2,F3_3,,,N3_1,L_3,M_1
277544,L1,L1,L2,L1,L3,L3,L1,L1,L2,C3_2,D3_2,F3_3,,,N3_1,L_3,M_2
277545,L1,L1,L2,L1,L3,L3,L1,L1,L2,C3_2,D3_2,F3_3,,,N3_2,L_1,M_1
277546,L1,L1,L2,L1,L3,L3,L1,L1,L2,C3_2,D3_2,F3_3,,,N3_2,L_1,M_2
277547,L1,L1,L2,L1,L3,L3,L1,L1,L2,C3_2,D3_2,F3_3,,,N3_2,L_2,M_1
277548,L1,L1,L2,L1,L3,L3,L1,L1,L2,C3_2,D3_2,F3_3,,,N3_2,L_2,M_2
277549,L1,L1,L2,L1,L3,L3,L1,L1,L2,C3_2,D3_2,F3_3,,,N3_2,L_3,M_1
277550,L1,L1,L2,L1,L3,L3,L1,L1,L2,C3_2,D3_2,F3_3,,,N3_2,L_3,M_2
277551,L1,L1,L2,L1,L3,L3,L1,L1,L2,C3_2,D3_3,F3_1,,,N3_1,L_1,M_1
277552,L1,L1,L2,L1,L3,L3,L1,L1,L2,C3_2,D3_3,F3_1,,,N3_1,L_1,M_2
277553,L1,L1,L2,L1,L3,L3,L1,L1,L2,C3_2,D3_3,F3_1,,,N3_1,L_2,M_1
277554,L1,L1,L2,L1,L3,L3,L1,L1,L2,C3_2,D3_3,F3_1,,,N3_1,L_2,M_2
277555,L1,L1,L2,L1,L3,L3,L1,L1,L2,C3_2,D3_3,F3_1,,,N3_1,L_3,M_1
277556,L1,L1,L2,L1,L3,L3,L1,L1,L2,C3_2,D3_3,F3_1,,,N3_1,L_3,M_2
277557,L1,L1,L2,L1,L3,L3,L1,L1,L2,C3_2,D3_3,F3_1,,,N3_2,L_1,M_1
277558,L1,L1,L2,L1,L3,L3,L1,L1,L2,C3_2,D3_3,F3_1,,,N3_2,L_1,M_2
277559,L1,L1,L2,L1,L3,L3,L1,L1,L2,C3_2,D3_3,F3_1,,,N3_2,L_2,M_1
277560,L1,L1,L2,L1,L3,L3,L1,L1,L2,C3_2,D3_3,F3_1,,,N3_2,L_2,M_2
277561,L1,L1,L2,L1,L3,L3,L1,L1,L2,C3_2,D3_3,F3_1,,,N3_2,L_3,M_1
277562,L1,L1,L2,L1,L3,L3,L1,L1,L2,C3_2,D3_3,F3_1,,,N3_2,L_3,M_2
277563,L1,L1,L2,L1,L3,L3,L1,L1,L2,C3_2,D3_3,F3_2,,,N3_1,L_1,M_1
277564,L1,L1,L2,L1,L3,L3,L1,L1,L2,C3_2,D3_3,F3_2,,,N3_1,L_1,M_2
277565,L1,L1,L2,L1,L3,L3,L1,L1,L2,C3_2,D3_3,F3_2,,,N3_1,L_2,M_1
277566,L1,L1,L2,L1,L3,L3,L1,L1,L2,C3_2,D3_3,F3_2,,,N3_1,L_2,M_2
277567,L1,L1,L2,L1,L3,L3,L1,L1,L2,C3_2,D3_3,F3_2,,,N3_1,L_3,M_1
277568,L1,L1,L2,L1,L3,L3,L1,L1,L2,C3_2,D3_3,F3_2,,,N3_1,L_3,M_2
277569,L1,L1,L2,L1,L3,L3,L1,L1,L2,C3_2,D3_3,F3_2,,,N3_2,L_1,M_1
277570,L1,L1,L2,L1,L3,L3,L1,L1,L2,C3_2,D3_3,F3_2,,,N3_2,L_1,M_2
277571,L1,L1,L2,L1,L3,L3,L1,L1,L2,C3_2,D3_3,F3_2,,,N3_2,L_2,M_1
277572,L1,L1,L2,L1,L3,L3,L1,L1,L2,C3_2,D3_3,F3_2,,,N3_2,L_2,M_2
277573,L1,L1,L2,L1,L3,L3,L1,L1,L2,C3_2,D3_3,F3_2,,,N3_2,L_3,M_1
277574,L1,L1,L2,L1,L3,L3,L1,L1,L2,C3_2,D3_3,F3_2,,,N3_2,L_3,M_2
277575,L1,L1,L2,L1,L3,L3,L1,L1,L2,C3_2,D3_3,F3_3,,,N3_1,L_1,M_1
277576,L1,L1,L2,L1,L3,L3,L1,L1,L2,C3_2,D3_3,F3_3,,,N3_1,L_1,M_2
277577,L1,L1,L2,L1,L3,L3,L1,L1,L2,C3_2,D3_3,F3_3,,,N3_1,L_2,M_1
277578,L1,L1,L2,L1,L3,L3,L1,L1,L2,C3_2,D3_3,F3_3,,,N3_1,L_2,M_2
277579,L1,L1,L2,L1,L3,L3,L1,L1,L2,C3_2,D3_3,F3_3,,,N3_1,L_3,M_1
277580,L1,L1,L2,L1,L3,L3,L1,L1,L2,C3_2,D3_3,F3_3,,,N3_1,L_3,M_2
277581,L1,L1,L2,L1,L3,L3,L1,L1,L2,C3_2,D3_3,F3_3,,,N3_2,L_1,M_1
277582,L1,L1,L2,L1,L3,L3,L1,L1,L2,C3_2,D3_3,F3_3,,,N3_2,L_1,M_2
277583,L1,L1,L2,L1,L3,L3,L1,L1,L2,C3_2,D3_3,F3_3,,,N3_2,L_2,M_1
277584,L1,L1,L2,L1,L3,L3,L1,L1,L2,C3_2,D3_3,F3_3,,,N3_2,L_2,M_2
277585,L1,L1,L2,L1,L3,L3,L1,L1,L2,C3_2,D3_3,F3_3,,,N3_2,L_3,M_1
277586,L1,L1,L2,L1,L3,L3,L1,L1,L2,C3_2,D3_3,F3_3,,,N3_2,L_3,M_2
277587,L1,L1,L2,L1,L3,L3,L1,L1,L2,C3_3,D3_1,F3_1,,,N3_1,L_1,M_1
277588,L1,L1,L2,L1,L3,L3,L1,L1,L2,C3_3,D3_1,F3_1,,,N3_1,L_1,M_2
277589,L1,L1,L2,L1,L3,L3,L1,L1,L2,C3_3,D3_1,F3_1,,,N3_1,L_2,M_1
277590,L1,L1,L2,L1,L3,L3,L1,L1,L2,C3_3,D3_1,F3_1,,,N3_1,L_2,M_2
277591,L1,L1,L2,L1,L3,L3,L1,L1,L2,C3_3,D3_1,F3_1,,,N3_1,L_3,M_1
277592,L1,L1,L2,L1,L3,L3,L1,L1,L2,C3_3,D3_1,F3_1,,,N3_1,L_3,M_2
277593,L1,L1,L2,L1,L3,L3,L1,L1,L2,C3_3,D3_1,F3_1,,,N3_2,L_1,M_1
277594,L1,L1,L2,L1,L3,L3,L1,L1,L2,C3_3,D3_1,F3_1,,,N3_2,L_1,M_2
277595,L1,L1,L2,L1,L3,L3,L1,L1,L2,C3_3,D3_1,F3_1,,,N3_2,L_2,M_1
277596,L1,L1,L2,L1,L3,L3,L1,L1,L2,C3_3,D3_1,F3_1,,,N3_2,L_2,M_2
277597,L1,L1,L2,L1,L3,L3,L1,L1,L2,C3_3,D3_1,F3_1,,,N3_2,L_3,M_1
277598,L1,L1,L2,L1,L3,L3,L1,L1,L2,C3_3,D3_1,F3_1,,,N3_2,L_3,M_2
277599,L1,L1,L2,L1,L3,L3,L1,L1,L2,C3_3,D3_1,F3_2,,,N3_1,L_1,M_1
277600,L1,L1,L2,L1,L3,L3,L1,L1,L2,C3_3,D3_1,F3_2,,,N3_1,L_1,M_2
277601,L1,L1,L2,L1,L3,L3,L1,L1,L2,C3_3,D3_1,F3_2,,,N3_1,L_2,M_1
277602,L1,L1,L2,L1,L3,L3,L1,L1,L2,C3_3,D3_1,F3_2,,,N3_1,L_2,M_2
277603,L1,L1,L2,L1,L3,L3,L1,L1,L2,C3_3,D3_1,F3_2,,,N3_1,L_3,M_1
277604,L1,L1,L2,L1,L3,L3,L1,L1,L2,C3_3,D3_1,F3_2,,,N3_1,L_3,M_2
277605,L1,L1,L2,L1,L3,L3,L1,L1,L2,C3_3,D3_1,F3_2,,,N3_2,L_1,M_1
277606,L1,L1,L2,L1,L3,L3,L1,L1,L2,C3_3,D3_1,F3_2,,,N3_2,L_1,M_2
277607,L1,L1,L2,L1,L3,L3,L1,L1,L2,C3_3,D3_1,F3_2,,,N3_2,L_2,M_1
277608,L1,L1,L2,L1,L3,L3,L1,L1,L2,C3_3,D3_1,F3_2,,,N3_2,L_2,M_2
277609,L1,L1,L2,L1,L3,L3,L1,L1,L2,C3_3,D3_1,F3_2,,,N3_2,L_3,M_1
277610,L1,L1,L2,L1,L3,L3,L1,L1,L2,C3_3,D3_1,F3_2,,,N3_2,L_3,M_2
277611,L1,L1,L2,L1,L3,L3,L1,L1,L2,C3_3,D3_1,F3_3,,,N3_1,L_1,M_1
277612,L1,L1,L2,L1,L3,L3,L1,L1,L2,C3_3,D3_1,F3_3,,,N3_1,L_1,M_2
277613,L1,L1,L2,L1,L3,L3,L1,L1,L2,C3_3,D3_1,F3_3,,,N3_1,L_2,M_1
277614,L1,L1,L2,L1,L3,L3,L1,L1,L2,C3_3,D3_1,F3_3,,,N3_1,L_2,M_2
277615,L1,L1,L2,L1,L3,L3,L1,L1,L2,C3_3,D3_1,F3_3,,,N3_1,L_3,M_1
277616,L1,L1,L2,L1,L3,L3,L1,L1,L2,C3_3,D3_1,F3_3,,,N3_1,L_3,M_2
277617,L1,L1,L2,L1,L3,L3,L1,L1,L2,C3_3,D3_1,F3_3,,,N3_2,L_1,M_1
277618,L1,L1,L2,L1,L3,L3,L1,L1,L2,C3_3,D3_1,F3_3,,,N3_2,L_1,M_2
277619,L1,L1,L2,L1,L3,L3,L1,L1,L2,C3_3,D3_1,F3_3,,,N3_2,L_2,M_1
277620,L1,L1,L2,L1,L3,L3,L1,L1,L2,C3_3,D3_1,F3_3,,,N3_2,L_2,M_2
277621,L1,L1,L2,L1,L3,L3,L1,L1,L2,C3_3,D3_1,F3_3,,,N3_2,L_3,M_1
277622,L1,L1,L2,L1,L3,L3,L1,L1,L2,C3_3,D3_1,F3_3,,,N3_2,L_3,M_2
277623,L1,L1,L2,L1,L3,L3,L1,L1,L2,C3_3,D3_2,F3_1,,,N3_1,L_1,M_1
277624,L1,L1,L2,L1,L3,L3,L1,L1,L2,C3_3,D3_2,F3_1,,,N3_1,L_1,M_2
277625,L1,L1,L2,L1,L3,L3,L1,L1,L2,C3_3,D3_2,F3_1,,,N3_1,L_2,M_1
277626,L1,L1,L2,L1,L3,L3,L1,L1,L2,C3_3,D3_2,F3_1,,,N3_1,L_2,M_2
277627,L1,L1,L2,L1,L3,L3,L1,L1,L2,C3_3,D3_2,F3_1,,,N3_1,L_3,M_1
277628,L1,L1,L2,L1,L3,L3,L1,L1,L2,C3_3,D3_2,F3_1,,,N3_1,L_3,M_2
277629,L1,L1,L2,L1,L3,L3,L1,L1,L2,C3_3,D3_2,F3_1,,,N3_2,L_1,M_1
277630,L1,L1,L2,L1,L3,L3,L1,L1,L2,C3_3,D3_2,F3_1,,,N3_2,L_1,M_2
277631,L1,L1,L2,L1,L3,L3,L1,L1,L2,C3_3,D3_2,F3_1,,,N3_2,L_2,M_1
277632,L1,L1,L2,L1,L3,L3,L1,L1,L2,C3_3,D3_2,F3_1,,,N3_2,L_2,M_2
277633,L1,L1,L2,L1,L3,L3,L1,L1,L2,C3_3,D3_2,F3_1,,,N3_2,L_3,M_1
277634,L1,L1,L2,L1,L3,L3,L1,L1,L2,C3_3,D3_2,F3_1,,,N3_2,L_3,M_2
277635,L1,L1,L2,L1,L3,L3,L1,L1,L2,C3_3,D3_2,F3_2,,,N3_1,L_1,M_1
277636,L1,L1,L2,L1,L3,L3,L1,L1,L2,C3_3,D3_2,F3_2,,,N3_1,L_1,M_2
277637,L1,L1,L2,L1,L3,L3,L1,L1,L2,C3_3,D3_2,F3_2,,,N3_1,L_2,M_1
277638,L1,L1,L2,L1,L3,L3,L1,L1,L2,C3_3,D3_2,F3_2,,,N3_1,L_2,M_2
277639,L1,L1,L2,L1,L3,L3,L1,L1,L2,C3_3,D3_2,F3_2,,,N3_1,L_3,M_1
277640,L1,L1,L2,L1,L3,L3,L1,L1,L2,C3_3,D3_2,F3_2,,,N3_1,L_3,M_2
277641,L1,L1,L2,L1,L3,L3,L1,L1,L2,C3_3,D3_2,F3_2,,,N3_2,L_1,M_1
277642,L1,L1,L2,L1,L3,L3,L1,L1,L2,C3_3,D3_2,F3_2,,,N3_2,L_1,M_2
277643,L1,L1,L2,L1,L3,L3,L1,L1,L2,C3_3,D3_2,F3_2,,,N3_2,L_2,M_1
277644,L1,L1,L2,L1,L3,L3,L1,L1,L2,C3_3,D3_2,F3_2,,,N3_2,L_2,M_2
277645,L1,L1,L2,L1,L3,L3,L1,L1,L2,C3_3,D3_2,F3_2,,,N3_2,L_3,M_1
277646,L1,L1,L2,L1,L3,L3,L1,L1,L2,C3_3,D3_2,F3_2,,,N3_2,L_3,M_2
277647,L1,L1,L2,L1,L3,L3,L1,L1,L2,C3_3,D3_2,F3_3,,,N3_1,L_1,M_1
277648,L1,L1,L2,L1,L3,L3,L1,L1,L2,C3_3,D3_2,F3_3,,,N3_1,L_1,M_2
277649,L1,L1,L2,L1,L3,L3,L1,L1,L2,C3_3,D3_2,F3_3,,,N3_1,L_2,M_1
277650,L1,L1,L2,L1,L3,L3,L1,L1,L2,C3_3,D3_2,F3_3,,,N3_1,L_2,M_2
277651,L1,L1,L2,L1,L3,L3,L1,L1,L2,C3_3,D3_2,F3_3,,,N3_1,L_3,M_1
277652,L1,L1,L2,L1,L3,L3,L1,L1,L2,C3_3,D3_2,F3_3,,,N3_1,L_3,M_2
277653,L1,L1,L2,L1,L3,L3,L1,L1,L2,C3_3,D3_2,F3_3,,,N3_2,L_1,M_1
277654,L1,L1,L2,L1,L3,L3,L1,L1,L2,C3_3,D3_2,F3_3,,,N3_2,L_1,M_2
277655,L1,L1,L2,L1,L3,L3,L1,L1,L2,C3_3,D3_2,F3_3,,,N3_2,L_2,M_1
277656,L1,L1,L2,L1,L3,L3,L1,L1,L2,C3_3,D3_2,F3_3,,,N3_2,L_2,M_2
277657,L1,L1,L2,L1,L3,L3,L1,L1,L2,C3_3,D3_2,F3_3,,,N3_2,L_3,M_1
277658,L1,L1,L2,L1,L3,L3,L1,L1,L2,C3_3,D3_2,F3_3,,,N3_2,L_3,M_2
277659,L1,L1,L2,L1,L3,L3,L1,L1,L2,C3_3,D3_3,F3_1,,,N3_1,L_1,M_1
277660,L1,L1,L2,L1,L3,L3,L1,L1,L2,C3_3,D3_3,F3_1,,,N3_1,L_1,M_2
277661,L1,L1,L2,L1,L3,L3,L1,L1,L2,C3_3,D3_3,F3_1,,,N3_1,L_2,M_1
277662,L1,L1,L2,L1,L3,L3,L1,L1,L2,C3_3,D3_3,F3_1,,,N3_1,L_2,M_2
277663,L1,L1,L2,L1,L3,L3,L1,L1,L2,C3_3,D3_3,F3_1,,,N3_1,L_3,M_1
277664,L1,L1,L2,L1,L3,L3,L1,L1,L2,C3_3,D3_3,F3_1,,,N3_1,L_3,M_2
277665,L1,L1,L2,L1,L3,L3,L1,L1,L2,C3_3,D3_3,F3_1,,,N3_2,L_1,M_1
277666,L1,L1,L2,L1,L3,L3,L1,L1,L2,C3_3,D3_3,F3_1,,,N3_2,L_1,M_2
277667,L1,L1,L2,L1,L3,L3,L1,L1,L2,C3_3,D3_3,F3_1,,,N3_2,L_2,M_1
277668,L1,L1,L2,L1,L3,L3,L1,L1,L2,C3_3,D3_3,F3_1,,,N3_2,L_2,M_2
277669,L1,L1,L2,L1,L3,L3,L1,L1,L2,C3_3,D3_3,F3_1,,,N3_2,L_3,M_1
277670,L1,L1,L2,L1,L3,L3,L1,L1,L2,C3_3,D3_3,F3_1,,,N3_2,L_3,M_2
277671,L1,L1,L2,L1,L3,L3,L1,L1,L2,C3_3,D3_3,F3_2,,,N3_1,L_1,M_1
277672,L1,L1,L2,L1,L3,L3,L1,L1,L2,C3_3,D3_3,F3_2,,,N3_1,L_1,M_2
277673,L1,L1,L2,L1,L3,L3,L1,L1,L2,C3_3,D3_3,F3_2,,,N3_1,L_2,M_1
277674,L1,L1,L2,L1,L3,L3,L1,L1,L2,C3_3,D3_3,F3_2,,,N3_1,L_2,M_2
277675,L1,L1,L2,L1,L3,L3,L1,L1,L2,C3_3,D3_3,F3_2,,,N3_1,L_3,M_1
277676,L1,L1,L2,L1,L3,L3,L1,L1,L2,C3_3,D3_3,F3_2,,,N3_1,L_3,M_2
277677,L1,L1,L2,L1,L3,L3,L1,L1,L2,C3_3,D3_3,F3_2,,,N3_2,L_1,M_1
277678,L1,L1,L2,L1,L3,L3,L1,L1,L2,C3_3,D3_3,F3_2,,,N3_2,L_1,M_2
277679,L1,L1,L2,L1,L3,L3,L1,L1,L2,C3_3,D3_3,F3_2,,,N3_2,L_2,M_1
277680,L1,L1,L2,L1,L3,L3,L1,L1,L2,C3_3,D3_3,F3_2,,,N3_2,L_2,M_2
277681,L1,L1,L2,L1,L3,L3,L1,L1,L2,C3_3,D3_3,F3_2,,,N3_2,L_3,M_1
277682,L1,L1,L2,L1,L3,L3,L1,L1,L2,C3_3,D3_3,F3_2,,,N3_2,L_3,M_2
277683,L1,L1,L2,L1,L3,L3,L1,L1,L2,C3_3,D3_3,F3_3,,,N3_1,L_1,M_1
277684,L1,L1,L2,L1,L3,L3,L1,L1,L2,C3_3,D3_3,F3_3,,,N3_1,L_1,M_2
277685,L1,L1,L2,L1,L3,L3,L1,L1,L2,C3_3,D3_3,F3_3,,,N3_1,L_2,M_1
277686,L1,L1,L2,L1,L3,L3,L1,L1,L2,C3_3,D3_3,F3_3,,,N3_1,L_2,M_2
277687,L1,L1,L2,L1,L3,L3,L1,L1,L2,C3_3,D3_3,F3_3,,,N3_1,L_3,M_1
277688,L1,L1,L2,L1,L3,L3,L1,L1,L2,C3_3,D3_3,F3_3,,,N3_1,L_3,M_2
277689,L1,L1,L2,L1,L3,L3,L1,L1,L2,C3_3,D3_3,F3_3,,,N3_2,L_1,M_1
277690,L1,L1,L2,L1,L3,L3,L1,L1,L2,C3_3,D3_3,F3_3,,,N3_2,L_1,M_2
277691,L1,L1,L2,L1,L3,L3,L1,L1,L2,C3_3,D3_3,F3_3,,,N3_2,L_2,M_1
277692,L1,L1,L2,L1,L3,L3,L1,L1,L2,C3_3,D3_3,F3_3,,,N3_2,L_2,M_2
277693,L1,L1,L2,L1,L3,L3,L1,L1,L2,C3_3,D3_3,F3_3,,,N3_2,L_3,M_1
277694,L1,L1,L2,L1,L3,L3,L1,L1,L2,C3_3,D3_3,F3_3,,,N3_2,L_3,M_2
286362,L1,L3,L2,L3,L1,L3,L1,L1,L2,C3_1,D3_1,F3_1,,,N3_1,L_1,M_1
286363,L1,L3,L2,L3,L1,L3,L1,L1,L2,C3_1,D3_1,F3_1,,,N3_1,L_1,M_2
286364,L1,L3,L2,L3,L1,L3,L1,L1,L2,C3_1,D3_1,F3_1,,,N3_1,L_2,M_1
286365,L1,L3,L2,L3,L1,L3,L1,L1,L2,C3_1,D3_1,F3_1,,,N3_1,L_2,M_2
286366,L1,L3,L2,L3,L1,L3,L1,L1,L2,C3_1,D3_1,F3_1,,,N3_1,L_3,M_1
286367,L1,L3,L2,L3,L1,L3,L1,L1,L2,C3_1,D3_1,F3_1,,,N3_1,L_3,M_2
286368,L1,L3,L2,L3,L1,L3,L1,L1,L2,C3_1,D3_1,F3_1,,,N3_2,L_1,M_1
286369,L1,L3,L2,L3,L1,L3,L1,L1,L2,C3_1,D3_1,F3_1,,,N3_2,L_1,M_2
286370,L1,L3,L2,L3,L1,L3,L1,L1,L2,C3_1,D3_1,F3_1,,,N3_2,L_2,M_1
286371,L1,L3,L2,L3,L1,L3,L1,L1,L2,C3_1,D3_1,F3_1,,,N3_2,L_2,M_2
286372,L1,L3,L2,L3,L1,L3,L1,L1,L2,C3_1,D3_1,F3_1,,,N3_2,L_3,M_1
286373,L1,L3,L2,L3,L1,L3,L1,L1,L2,C3_1,D3_1,F3_1,,,N3_2,L_3,M_2
286374,L1,L3,L2,L3,L1,L3,L1,L1,L2,C3_1,D3_1,F3_2,,,N3_1,L_1,M_1
286375,L1,L3,L2,L3,L1,L3,L1,L1,L2,C3_1,D3_1,F3_2,,,N3_1,L_1,M_2
286376,L1,L3,L2,L3,L1,L3,L1,L1,L2,C3_1,D3_1,F3_2,,,N3_1,L_2,M_1
286377,L1,L3,L2,L3,L1,L3,L1,L1,L2,C3_1,D3_1,F3_2,,,N3_1,L_2,M_2
286378,L1,L3,L2,L3,L1,L3,L1,L1,L2,C3_1,D3_1,F3_2,,,N3_1,L_3,M_1
286379,L1,L3,L2,L3,L1,L3,L1,L1,L2,C3_1,D3_1,F3_2,,,N3_1,L_3,M_2
286380,L1,L3,L2,L3,L1,L3,L1,L1,L2,C3_1,D3_1,F3_2,,,N3_2,L_1,M_1
286381,L1,L3,L2,L3,L1,L3,L1,L1,L2,C3_1,D3_1,F3_2,,,N3_2,L_1,M_2
286382,L1,L3,L2,L3,L1,L3,L1,L1,L2,C3_1,D3_1,F3_2,,,N3_2,L_2,M_1
286383,L1,L3,L2,L3,L1,L3,L1,L1,L2,C3_1,D3_1,F3_2,,,N3_2,L_2,M_2
286384,L1,L3,L2,L3,L1,L3,L1,L1,L2,C3_1,D3_1,F3_2,,,N3_2,L_3,M_1
286385,L1,L3,L2,L3,L1,L3,L1,L1,L2,C3_1,D3_1,F3_2,,,N3_2,L_3,M_2
286386,L1,L3,L2,L3,L1,L3,L1,L1,L2,C3_1,D3_1,F3_3,,,N3_1,L_1,M_1
286387,L1,L3,L2,L3,L1,L3,L1,L1,L2,C3_1,D3_1,F3_3,,,N3_1,L_1,M_2
286388,L1,L3,L2,L3,L1,L3,L1,L1,L2,C3_1,D3_1,F3_3,,,N3_1,L_2,M_1
286389,L1,L3,L2,L3,L1,L3,L1,L1,L2,C3_1,D3_1,F3_3,,,N3_1,L_2,M_2
286390,L1,L3,L2,L3,L1,L3,L1,L1,L2,C3_1,D3_1,F3_3,,,N3_1,L_3,M_1
286391,L1,L3,L2,L3,L1,L3,L1,L1,L2,C3_1,D3_1,F3_3,,,N3_1,L_3,M_2
286392,L1,L3,L2,L3,L1,L3,L1,L1,L2,C3_1,D3_1,F3_3,,,N3_2,L_1,M_1
286393,L1,L3,L2,L3,L1,L3,L1,L1,L2,C3_1,D3_1,F3_3,,,N3_2,L_1,M_2
286394,L1,L3,L2,L3,L1,L3,L1,L1,L2,C3_1,D3_1,F3_3,,,N3_2,L_2,M_1
286395,L1,L3,L2,L3,L1,L3,L1,L1,L2,C3_1,D3_1,F3_3,,,N3_2,L_2,M_2
286396,L1,L3,L2,L3,L1,L3,L1,L1,L2,C3_1,D3_1,F3_3,,,N3_2,L_3,M_1
286397,L1,L3,L2,L3,L1,L3,L1,L1,L2,C3_1,D3_1,F3_3,,,N3_2,L_3,M_2
286398,L1,L3,L2,L3,L1,L3,L1,L1,L2,C3_1,D3_2,F3_1,,,N3_1,L_1,M_1
286399,L1,L3,L2,L3,L1,L3,L1,L1,L2,C3_1,D3_2,F3_1,,,N3_1,L_1,M_2
286400,L1,L3,L2,L3,L1,L3,L1,L1,L2,C3_1,D3_2,F3_1,,,N3_1,L_2,M_1
286401,L1,L3,L2,L3,L1,L3,L1,L1,L2,C3_1,D3_2,F3_1,,,N3_1,L_2,M_2
286402,L1,L3,L2,L3,L1,L3,L1,L1,L2,C3_1,D3_2,F3_1,,,N3_1,L_3,M_1
286403,L1,L3,L2,L3,L1,L3,L1,L1,L2,C3_1,D3_2,F3_1,,,N3_1,L_3,M_2
286404,L1,L3,L2,L3,L1,L3,L1,L1,L2,C3_1,D3_2,F3_1,,,N3_2,L_1,M_1
286405,L1,L3,L2,L3,L1,L3,L1,L1,L2,C3_1,D3_2,F3_1,,,N3_2,L_1,M_2
286406,L1,L3,L2,L3,L1,L3,L1,L1,L2,C3_1,D3_2,F3_1,,,N3_2,L_2,M_1
286407,L1,L3,L2,L3,L1,L3,L1,L1,L2,C3_1,D3_2,F3_1,,,N3_2,L_2,M_2
286408,L1,L3,L2,L3,L1,L3,L1,L1,L2,C3_1,D3_2,F3_1,,,N3_2,L_3,M_1
286409,L1,L3,L2,L3,L1,L3,L1,L1,L2,C3_1,D3_2,F3_1,,,N3_2,L_3,M_2
286410,L1,L3,L2,L3,L1,L3,L1,L1,L2,C3_1,D3_2,F3_2,,,N3_1,L_1,M_1
286411,L1,L3,L2,L3,L1,L3,L1,L1,L2,C3_1,D3_2,F3_2,,,N3_1,L_1,M_2
286412,L1,L3,L2,L3,L1,L3,L1,L1,L2,C3_1,D3_2,F3_2,,,N3_1,L_2,M_1
286413,L1,L3,L2,L3,L1,L3,L1,L1,L2,C3_1,D3_2,F3_2,,,N3_1,L_2,M_2
286414,L1,L3,L2,L3,L1,L3,L1,L1,L2,C3_1,D3_2,F3_2,,,N3_1,L_3,M_1
286415,L1,L3,L2,L3,L1,L3,L1,L1,L2,C3_1,D3_2,F3_2,,,N3_1,L_3,M_2
286416,L1,L3,L2,L3,L1,L3,L1,L1,L2,C3_1,D3_2,F3_2,,,N3_2,L_1,M_1
286417,L1,L3,L2,L3,L1,L3,L1,L1,L2,C3_1,D3_2,F3_2,,,N3_2,L_1,M_2
286418,L1,L3,L2,L3,L1,L3,L1,L1,L2,C3_1,D3_2,F3_2,,,N3_2,L_2,M_1
286419,L1,L3,L2,L3,L1,L3,L1,L1,L2,C3_1,D3_2,F3_2,,,N3_2,L_2,M_2
286420,L1,L3,L2,L3,L1,L3,L1,L1,L2,C3_1,D3_2,F3_2,,,N3_2,L_3,M_1
286421,L1,L3,L2,L3,L1,L3,L1,L1,L2,C3_1,D3_2,F3_2,,,N3_2,L_3,M_2
286422,L1,L3,L2,L3,L1,L3,L1,L1,L2,C3_1,D3_2,F3_3,,,N3_1,L_1,M_1
286423,L1,L3,L2,L3,L1,L3,L1,L1,L2,C3_1,D3_2,F3_3,,,N3_1,L_1,M_2
286424,L1,L3,L2,L3,L1,L3,L1,L1,L2,C3_1,D3_2,F3_3,,,N3_1,L_2,M_1
286425,L1,L3,L2,L3,L1,L3,L1,L1,L2,C3_1,D3_2,F3_3,,,N3_1,L_2,M_2
286426,L1,L3,L2,L3,L1,L3,L1,L1,L2,C3_1,D3_2,F3_3,,,N3_1,L_3,M_1
286427,L1,L3,L2,L3,L1,L3,L1,L1,L2,C3_1,D3_2,F3_3,,,N3_1,L_3,M_2
286428,L1,L3,L2,L3,L1,L3,L1,L1,L2,C3_1,D3_2,F3_3,,,N3_2,L_1,M_1
286429,L1,L3,L2,L3,L1,L3,L1,L1,L2,C3_1,D3_2,F3_3,,,N3_2,L_1,M_2
286430,L1,L3,L2,L3,L1,L3,L1,L1,L2,C3_1,D3_2,F3_3,,,N3_2,L_2,M_1
286431,L1,L3,L2,L3,L1,L3,L1,L1,L2,C3_1,D3_2,F3_3,,,N3_2,L_2,M_2
286432,L1,L3,L2,L3,L1,L3,L1,L1,L2,C3_1,D3_2,F3_3,,,N3_2,L_3,M_1
286433,L1,L3,L2,L3,L1,L3,L1,L1,L2,C3_1,D3_2,F3_3,,,N3_2,L_3,M_2
286434,L1,L3,L2,L3,L1,L3,L1,L1,L2,C3_1,D3_3,F3_1,,,N3_1,L_1,M_1
286435,L1,L3,L2,L3,L1,L3,L1,L1,L2,C3_1,D3_3,F3_1,,,N3_1,L_1,M_2
286436,L1,L3,L2,L3,L1,L3,L1,L1,L2,C3_1,D3_3,F3_1,,,N3_1,L_2,M_1
286437,L1,L3,L2,L3,L1,L3,L1,L1,L2,C3_1,D3_3,F3_1,,,N3_1,L_2,M_2
286438,L1,L3,L2,L3,L1,L3,L1,L1,L2,C3_1,D3_3,F3_1,,,N3_1,L_3,M_1
286439,L1,L3,L2,L3,L1,L3,L1,L1,L2,C3_1,D3_3,F3_1,,,N3_1,L_3,M_2
286440,L1,L3,L2,L3,L1,L3,L1,L1,L2,C3_1,D3_3,F3_1,,,N3_2,L_1,M_1
286441,L1,L3,L2,L3,L1,L3,L1,L1,L2,C3_1,D3_3,F3_1,,,N3_2,L_1,M_2
286442,L1,L3,L2,L3,L1,L3,L1,L1,L2,C3_1,D3_3,F3_1,,,N3_2,L_2,M_1
286443,L1,L3,L2,L3,L1,L3,L1,L1,L2,C3_1,D3_3,F3_1,,,N3_2,L_2,M_2
286444,L1,L3,L2,L3,L1,L3,L1,L1,L2,C3_1,D3_3,F3_1,,,N3_2,L_3,M_1
286445,L1,L3,L2,L3,L1,L3,L1,L1,L2,C3_1,D3_3,F3_1,,,N3_2,L_3,M_2
286446,L1,L3,L2,L3,L1,L3,L1,L1,L2,C3_1,D3_3,F3_2,,,N3_1,L_1,M_1
286447,L1,L3,L2,L3,L1,L3,L1,L1,L2,C3_1,D3_3,F3_2,,,N3_1,L_1,M_2
286448,L1,L3,L2,L3,L1,L3,L1,L1,L2,C3_1,D3_3,F3_2,,,N3_1,L_2,M_1
286449,L1,L3,L2,L3,L1,L3,L1,L1,L2,C3_1,D3_3,F3_2,,,N3_1,L_2,M_2
286450,L1,L3,L2,L3,L1,L3,L1,L1,L2,C3_1,D3_3,F3_2,,,N3_1,L_3,M_1
286451,L1,L3,L2,L3,L1,L3,L1,L1,L2,C3_1,D3_3,F3_2,,,N3_1,L_3,M_2
286452,L1,L3,L2,L3,L1,L3,L1,L1,L2,C3_1,D3_3,F3_2,,,N3_2,L_1,M_1
286453,L1,L3,L2,L3,L1,L3,L1,L1,L2,C3_1,D3_3,F3_2,,,N3_2,L_1,M_2
286454,L1,L3,L2,L3,L1,L3,L1,L1,L2,C3_1,D3_3,F3_2,,,N3_2,L_2,M_1
286455,L1,L3,L2,L3,L1,L3,L1,L1,L2,C3_1,D3_3,F3_2,,,N3_2,L_2,M_2
286456,L1,L3,L2,L3,L1,L3,L1,L1,L2,C3_1,D3_3,F3_2,,,N3_2,L_3,M_1
286457,L1,L3,L2,L3,L1,L3,L1,L1,L2,C3_1,D3_3,F3_2,,,N3_2,L_3,M_2
286458,L1,L3,L2,L3,L1,L3,L1,L1,L2,C3_1,D3_3,F3_3,,,N3_1,L_1,M_1
286459,L1,L3,L2,L3,L1,L3,L1,L1,L2,C3_1,D3_3,F3_3,,,N3_1,L_1,M_2
286460,L1,L3,L2,L3,L1,L3,L1,L1,L2,C3_1,D3_3,F3_3,,,N3_1,L_2,M_1
286461,L1,L3,L2,L3,L1,L3,L1,L1,L2,C3_1,D3_3,F3_3,,,N3_1,L_2,M_2
286462,L1,L3,L2,L3,L1,L3,L1,L1,L2,C3_1,D3_3,F3_3,,,N3_1,L_3,M_1
286463,L1,L3,L2,L3,L1,L3,L1,L1,L2,C3_1,D3_3,F3_3,,,N3_1,L_3,M_2
286464,L1,L3,L2,L3,L1,L3,L1,L1,L2,C3_1,D3_3,F3_3,,,N3_2,L_1,M_1
286465,L1,L3,L2,L3,L1,L3,L1,L1,L2,C3_1,D3_3,F3_3,,,N3_2,L_1,M_2
286466,L1,L3,L2,L3,L1,L3,L1,L1,L2,C3_1,D3_3,F3_3,,,N3_2,L_2,M_1
286467,L1,L3,L2,L3,L1,L3,L1,L1,L2,C3_1,D3_3,F3_3,,,N3_2,L_2,M_2
286468,L1,L3,L2,L3,L1,L3,L1,L1,L2,C3_1,D3_3,F3_3,,,N3_2,L_3,M_1
286469,L1,L3,L2,L3,L1,L3,L1,L1,L2,C3_1,D3_3,F3_3,,,N3_2,L_3,M_2
286470,L1,L3,L2,L3,L1,L3,L1,L1,L2,C3_2,D3_1,F3_1,,,N3_1,L_1,M_1
286471,L1,L3,L2,L3,L1,L3,L1,L1,L2,C3_2,D3_1,F3_1,,,N3_1,L_1,M_2
286472,L1,L3,L2,L3,L1,L3,L1,L1,L2,C3_2,D3_1,F3_1,,,N3_1,L_2,M_1
286473,L1,L3,L2,L3,L1,L3,L1,L1,L2,C3_2,D3_1,F3_1,,,N3_1,L_2,M_2
286474,L1,L3,L2,L3,L1,L3,L1,L1,L2,C3_2,D3_1,F3_1,,,N3_1,L_3,M_1
286475,L1,L3,L2,L3,L1,L3,L1,L1,L2,C3_2,D3_1,F3_1,,,N3_1,L_3,M_2
286476,L1,L3,L2,L3,L1,L3,L1,L1,L2,C3_2,D3_1,F3_1,,,N3_2,L_1,M_1
286477,L1,L3,L2,L3,L1,L3,L1,L1,L2,C3_2,D3_1,F3_1,,,N3_2,L_1,M_2
286478,L1,L3,L2,L3,L1,L3,L1,L1,L2,C3_2,D3_1,F3_1,,,N3_2,L_2,M_1
286479,L1,L3,L2,L3,L1,L3,L1,L1,L2,C3_2,D3_1,F3_1,,,N3_2,L_2,M_2
286480,L1,L3,L2,L3,L1,L3,L1,L1,L2,C3_2,D3_1,F3_1,,,N3_2,L_3,M_1
286481,L1,L3,L2,L3,L1,L3,L1,L1,L2,C3_2,D3_1,F3_1,,,N3_2,L_3,M_2
286482,L1,L3,L2,L3,L1,L3,L1,L1,L2,C3_2,D3_1,F3_2,,,N3_1,L_1,M_1
286483,L1,L3,L2,L3,L1,L3,L1,L1,L2,C3_2,D3_1,F3_2,,,N3_1,L_1,M_2
286484,L1,L3,L2,L3,L1,L3,L1,L1,L2,C3_2,D3_1,F3_2,,,N3_1,L_2,M_1
286485,L1,L3,L2,L3,L1,L3,L1,L1,L2,C3_2,D3_1,F3_2,,,N3_1,L_2,M_2
286486,L1,L3,L2,L3,L1,L3,L1,L1,L2,C3_2,D3_1,F3_2,,,N3_1,L_3,M_1
286487,L1,L3,L2,L3,L1,L3,L1,L1,L2,C3_2,D3_1,F3_2,,,N3_1,L_3,M_2
286488,L1,L3,L2,L3,L1,L3,L1,L1,L2,C3_2,D3_1,F3_2,,,N3_2,L_1,M_1
286489,L1,L3,L2,L3,L1,L3,L1,L1,L2,C3_2,D3_1,F3_2,,,N3_2,L_1,M_2
286490,L1,L3,L2,L3,L1,L3,L1,L1,L2,C3_2,D3_1,F3_2,,,N3_2,L_2,M_1
286491,L1,L3,L2,L3,L1,L3,L1,L1,L2,C3_2,D3_1,F3_2,,,N3_2,L_2,M_2
286492,L1,L3,L2,L3,L1,L3,L1,L1,L2,C3_2,D3_1,F3_2,,,N3_2,L_3,M_1
286493,L1,L3,L2,L3,L1,L3,L1,L1,L2,C3_2,D3_1,F3_2,,,N3_2,L_3,M_2
286494,L1,L3,L2,L3,L1,L3,L1,L1,L2,C3_2,D3_1,F3_3,,,N3_1,L_1,M_1
286495,L1,L3,L2,L3,L1,L3,L1,L1,L2,C3_2,D3_1,F3_3,,,N3_1,L_1,M_2
286496,L1,L3,L2,L3,L1,L3,L1,L1,L2,C3_2,D3_1,F3_3,,,N3_1,L_2,M_1
286497,L1,L3,L2,L3,L1,L3,L1,L1,L2,C3_2,D3_1,F3_3,,,N3_1,L_2,M_2
286498,L1,L3,L2,L3,L1,L3,L1,L1,L2,C3_2,D3_1,F3_3,,,N3_1,L_3,M_1
286499,L1,L3,L2,L3,L1,L3,L1,L1,L2,C3_2,D3_1,F3_3,,,N3_1,L_3,M_2
286500,L1,L3,L2,L3,L1,L3,L1,L1,L2,C3_2,D3_1,F3_3,,,N3_2,L_1,M_1
286501,L1,L3,L2,L3,L1,L3,L1,L1,L2,C3_2,D3_1,F3_3,,,N3_2,L_1,M_2
286502,L1,L3,L2,L3,L1,L3,L1,L1,L2,C3_2,D3_1,F3_3,,,N3_2,L_2,M_1
286503,L1,L3,L2,L3,L1,L3,L1,L1,L2,C3_2,D3_1,F3_3,,,N3_2,L_2,M_2
286504,L1,L3,L2,L3,L1,L3,L1,L1,L2,C3_2,D3_1,F3_3,,,N3_2,L_3,M_1
286505,L1,L3,L2,L3,L1,L3,L1,L1,L2,C3_2,D3_1,F3_3,,,N3_2,L_3,M_2
286506,L1,L3,L2,L3,L1,L3,L1,L1,L2,C3_2,D3_2,F3_1,,,N3_1,L_1,M_1
286507,L1,L3,L2,L3,L1,L3,L1,L1,L2,C3_2,D3_2,F3_1,,,N3_1,L_1,M_2
286508,L1,L3,L2,L3,L1,L3,L1,L1,L2,C3_2,D3_2,F3_1,,,N3_1,L_2,M_1
286509,L1,L3,L2,L3,L1,L3,L1,L1,L2,C3_2,D3_2,F3_1,,,N3_1,L_2,M_2
286510,L1,L3,L2,L3,L1,L3,L1,L1,L2,C3_2,D3_2,F3_1,,,N3_1,L_3,M_1
286511,L1,L3,L2,L3,L1,L3,L1,L1,L2,C3_2,D3_2,F3_1,,,N3_1,L_3,M_2
286512,L1,L3,L2,L3,L1,L3,L1,L1,L2,C3_2,D3_2,F3_1,,,N3_2,L_1,M_1
286513,L1,L3,L2,L3,L1,L3,L1,L1,L2,C3_2,D3_2,F3_1,,,N3_2,L_1,M_2
286514,L1,L3,L2,L3,L1,L3,L1,L1,L2,C3_2,D3_2,F3_1,,,N3_2,L_2,M_1
286515,L1,L3,L2,L3,L1,L3,L1,L1,L2,C3_2,D3_2,F3_1,,,N3_2,L_2,M_2
286516,L1,L3,L2,L3,L1,L3,L1,L1,L2,C3_2,D3_2,F3_1,,,N3_2,L_3,M_1
286517,L1,L3,L2,L3,L1,L3,L1,L1,L2,C3_2,D3_2,F3_1,,,N3_2,L_3,M_2
286518,L1,L3,L2,L3,L1,L3,L1,L1,L2,C3_2,D3_2,F3_2,,,N3_1,L_1,M_1
286519,L1,L3,L2,L3,L1,L3,L1,L1,L2,C3_2,D3_2,F3_2,,,N3_1,L_1,M_2
286520,L1,L3,L2,L3,L1,L3,L1,L1,L2,C3_2,D3_2,F3_2,,,N3_1,L_2,M_1
286521,L1,L3,L2,L3,L1,L3,L1,L1,L2,C3_2,D3_2,F3_2,,,N3_1,L_2,M_2
286522,L1,L3,L2,L3,L1,L3,L1,L1,L2,C3_2,D3_2,F3_2,,,N3_1,L_3,M_1
286523,L1,L3,L2,L3,L1,L3,L1,L1,L2,C3_2,D3_2,F3_2,,,N3_1,L_3,M_2
286524,L1,L3,L2,L3,L1,L3,L1,L1,L2,C3_2,D3_2,F3_2,,,N3_2,L_1,M_1
286525,L1,L3,L2,L3,L1,L3,L1,L1,L2,C3_2,D3_2,F3_2,,,N3_2,L_1,M_2
286526,L1,L3,L2,L3,L1,L3,L1,L1,L2,C3_2,D3_2,F3_2,,,N3_2,L_2,M_1
286527,L1,L3,L2,L3,L1,L3,L1,L1,L2,C3_2,D3_2,F3_2,,,N3_2,L_2,M_2
286528,L1,L3,L2,L3,L1,L3,L1,L1,L2,C3_2,D3_2,F3_2,,,N3_2,L_3,M_1
286529,L1,L3,L2,L3,L1,L3,L1,L1,L2,C3_2,D3_2,F3_2,,,N3_2,L_3,M_2
286530,L1,L3,L2,L3,L1,L3,L1,L1,L2,C3_2,D3_2,F3_3,,,N3_1,L_1,M_1
286531,L1,L3,L2,L3,L1,L3,L1,L1,L2,C3_2,D3_2,F3_3,,,N3_1,L_1,M_2
286532,L1,L3,L2,L3,L1,L3,L1,L1,L2,C3_2,D3_2,F3_3,,,N3_1,L_2,M_1
286533,L1,L3,L2,L3,L1,L3,L1,L1,L2,C3_2,D3_2,F3_3,,,N3_1,L_2,M_2
286534,L1,L3,L2,L3,L1,L3,L1,L1,L2,C3_2,D3_2,F3_3,,,N3_1,L_3,M_1
286535,L1,L3,L2,L3,L1,L3,L1,L1,L2,C3_2,D3_2,F3_3,,,N3_1,L_3,M_2
286536,L1,L3,L2,L3,L1,L3,L1,L1,L2,C3_2,D3_2,F3_3,,,N3_2,L_1,M_1
286537,L1,L3,L2,L3,L1,L3,L1,L1,L2,C3_2,D3_2,F3_3,,,N3_2,L_1,M_2
286538,L1,L3,L2,L3,L1,L3,L1,L1,L2,C3_2,D3_2,F3_3,,,N3_2,L_2,M_1
286539,L1,L3,L2,L3,L1,L3,L1,L1,L2,C3_2,D3_2,F3_3,,,N3_2,L_2,M_2
286540,L1,L3,L2,L3,L1,L3,L1,L1,L2,C3_2,D3_2,F3_3,,,N3_2,L_3,M_1
286541,L1,L3,L2,L3,L1,L3,L1,L1,L2,C3_2,D3_2,F3_3,,,N3_2,L_3,M_2
286542,L1,L3,L2,L3,L1,L3,L1,L1,L2,C3_2,D3_3,F3_1,,,N3_1,L_1,M_1
286543,L1,L3,L2,L3,L1,L3,L1,L1,L2,C3_2,D3_3,F3_1,,,N3_1,L_1,M_2
286544,L1,L3,L2,L3,L1,L3,L1,L1,L2,C3_2,D3_3,F3_1,,,N3_1,L_2,M_1
286545,L1,L3,L2,L3,L1,L3,L1,L1,L2,C3_2,D3_3,F3_1,,,N3_1,L_2,M_2
286546,L1,L3,L2,L3,L1,L3,L1,L1,L2,C3_2,D3_3,F3_1,,,N3_1,L_3,M_1
286547,L1,L3,L2,L3,L1,L3,L1,L1,L2,C3_2,D3_3,F3_1,,,N3_1,L_3,M_2
286548,L1,L3,L2,L3,L1,L3,L1,L1,L2,C3_2,D3_3,F3_1,,,N3_2,L_1,M_1
286549,L1,L3,L2,L3,L1,L3,L1,L1,L2,C3_2,D3_3,F3_1,,,N3_2,L_1,M_2
286550,L1,L3,L2,L3,L1,L3,L1,L1,L2,C3_2,D3_3,F3_1,,,N3_2,L_2,M_1
286551,L1,L3,L2,L3,L1,L3,L1,L1,L2,C3_2,D3_3,F3_1,,,N3_2,L_2,M_2
286552,L1,L3,L2,L3,L1,L3,L1,L1,L2,C3_2,D3_3,F3_1,,,N3_2,L_3,M_1
286553,L1,L3,L2,L3,L1,L3,L1,L1,L2,C3_2,D3_3,F3_1,,,N3_2,L_3,M_2
286554,L1,L3,L2,L3,L1,L3,L1,L1,L2,C3_2,D3_3,F3_2,,,N3_1,L_1,M_1
286555,L1,L3,L2,L3,L1,L3,L1,L1,L2,C3_2,D3_3,F3_2,,,N3_1,L_1,M_2
286556,L1,L3,L2,L3,L1,L3,L1,L1,L2,C3_2,D3_3,F3_2,,,N3_1,L_2,M_1
286557,L1,L3,L2,L3,L1,L3,L1,L1,L2,C3_2,D3_3,F3_2,,,N3_1,L_2,M_2
286558,L1,L3,L2,L3,L1,L3,L1,L1,L2,C3_2,D3_3,F3_2,,,N3_1,L_3,M_1
286559,L1,L3,L2,L3,L1,L3,L1,L1,L2,C3_2,D3_3,F3_2,,,N3_1,L_3,M_2
286560,L1,L3,L2,L3,L1,L3,L1,L1,L2,C3_2,D3_3,F3_2,,,N3_2,L_1,M_1
286561,L1,L3,L2,L3,L1,L3,L1,L1,L2,C3_2,D3_3,F3_2,,,N3_2,L_1,M_2
286562,L1,L3,L2,L3,L1,L3,L1,L1,L2,C3_2,D3_3,F3_2,,,N3_2,L_2,M_1
286563,L1,L3,L2,L3,L1,L3,L1,L1,L2,C3_2,D3_3,F3_2,,,N3_2,L_2,M_2
286564,L1,L3,L2,L3,L1,L3,L1,L1,L2,C3_2,D3_3,F3_2,,,N3_2,L_3,M_1
286565,L1,L3,L2,L3,L1,L3,L1,L1,L2,C3_2,D3_3,F3_2,,,N3_2,L_3,M_2
286566,L1,L3,L2,L3,L1,L3,L1,L1,L2,C3_2,D3_3,F3_3,,,N3_1,L_1,M_1
286567,L1,L3,L2,L3,L1,L3,L1,L1,L2,C3_2,D3_3,F3_3,,,N3_1,L_1,M_2
286568,L1,L3,L2,L3,L1,L3,L1,L1,L2,C3_2,D3_3,F3_3,,,N3_1,L_2,M_1
286569,L1,L3,L2,L3,L1,L3,L1,L1,L2,C3_2,D3_3,F3_3,,,N3_1,L_2,M_2
286570,L1,L3,L2,L3,L1,L3,L1,L1,L2,C3_2,D3_3,F3_3,,,N3_1,L_3,M_1
286571,L1,L3,L2,L3,L1,L3,L1,L1,L2,C3_2,D3_3,F3_3,,,N3_1,L_3,M_2
286572,L1,L3,L2,L3,L1,L3,L1,L1,L2,C3_2,D3_3,F3_3,,,N3_2,L_1,M_1
286573,L1,L3,L2,L3,L1,L3,L1,L1,L2,C3_2,D3_3,F3_3,,,N3_2,L_1,M_2
286574,L1,L3,L2,L3,L1,L3,L1,L1,L2,C3_2,D3_3,F3_3,,,N3_2,L_2,M_1
286575,L1,L3,L2,L3,L1,L3,L1,L1,L2,C3_2,D3_3,F3_3,,,N3_2,L_2,M_2
286576,L1,L3,L2,L3,L1,L3,L1,L1,L2,C3_2,D3_3,F3_3,,,N3_2,L_3,M_1
286577,L1,L3,L2,L3,L1,L3,L1,L1,L2,C3_2,D3_3,F3_3,,,N3_2,L_3,M_2
286578,L1,L3,L2,L3,L1,L3,L1,L1,L2,C3_3,D3_1,F3_1,,,N3_1,L_1,M_1
286579,L1,L3,L2,L3,L1,L3,L1,L1,L2,C3_3,D3_1,F3_1,,,N3_1,L_1,M_2
286580,L1,L3,L2,L3,L1,L3,L1,L1,L2,C3_3,D3_1,F3_1,,,N3_1,L_2,M_1
286581,L1,L3,L2,L3,L1,L3,L1,L1,L2,C3_3,D3_1,F3_1,,,N3_1,L_2,M_2
286582,L1,L3,L2,L3,L1,L3,L1,L1,L2,C3_3,D3_1,F3_1,,,N3_1,L_3,M_1
286583,L1,L3,L2,L3,L1,L3,L1,L1,L2,C3_3,D3_1,F3_1,,,N3_1,L_3,M_2
286584,L1,L3,L2,L3,L1,L3,L1,L1,L2,C3_3,D3_1,F3_1,,,N3_2,L_1,M_1
286585,L1,L3,L2,L3,L1,L3,L1,L1,L2,C3_3,D3_1,F3_1,,,N3_2,L_1,M_2
286586,L1,L3,L2,L3,L1,L3,L1,L1,L2,C3_3,D3_1,F3_1,,,N3_2,L_2,M_1
286587,L1,L3,L2,L3,L1,L3,L1,L1,L2,C3_3,D3_1,F3_1,,,N3_2,L_2,M_2
286588,L1,L3,L2,L3,L1,L3,L1,L1,L2,C3_3,D3_1,F3_1,,,N3_2,L_3,M_1
286589,L1,L3,L2,L3,L1,L3,L1,L1,L2,C3_3,D3_1,F3_1,,,N3_2,L_3,M_2
286590,L1,L3,L2,L3,L1,L3,L1,L1,L2,C3_3,D3_1,F3_2,,,N3_1,L_1,M_1
286591,L1,L3,L2,L3,L1,L3,L1,L1,L2,C3_3,D3_1,F3_2,,,N3_1,L_1,M_2
286592,L1,L3,L2,L3,L1,L3,L1,L1,L2,C3_3,D3_1,F3_2,,,N3_1,L_2,M_1
286593,L1,L3,L2,L3,L1,L3,L1,L1,L2,C3_3,D3_1,F3_2,,,N3_1,L_2,M_2
286594,L1,L3,L2,L3,L1,L3,L1,L1,L2,C3_3,D3_1,F3_2,,,N3_1,L_3,M_1
286595,L1,L3,L2,L3,L1,L3,L1,L1,L2,C3_3,D3_1,F3_2,,,N3_1,L_3,M_2
286596,L1,L3,L2,L3,L1,L3,L1,L1,L2,C3_3,D3_1,F3_2,,,N3_2,L_1,M_1
286597,L1,L3,L2,L3,L1,L3,L1,L1,L2,C3_3,D3_1,F3_2,,,N3_2,L_1,M_2
286598,L1,L3,L2,L3,L1,L3,L1,L1,L2,C3_3,D3_1,F3_2,,,N3_2,L_2,M_1
286599,L1,L3,L2,L3,L1,L3,L1,L1,L2,C3_3,D3_1,F3_2,,,N3_2,L_2,M_2
286600,L1,L3,L2,L3,L1,L3,L1,L1,L2,C3_3,D3_1,F3_2,,,N3_2,L_3,M_1
286601,L1,L3,L2,L3,L1,L3,L1,L1,L2,C3_3,D3_1,F3_2,,,N3_2,L_3,M_2
286602,L1,L3,L2,L3,L1,L3,L1,L1,L2,C3_3,D3_1,F3_3,,,N3_1,L_1,M_1
286603,L1,L3,L2,L3,L1,L3,L1,L1,L2,C3_3,D3_1,F3_3,,,N3_1,L_1,M_2
286604,L1,L3,L2,L3,L1,L3,L1,L1,L2,C3_3,D3_1,F3_3,,,N3_1,L_2,M_1
286605,L1,L3,L2,L3,L1,L3,L1,L1,L2,C3_3,D3_1,F3_3,,,N3_1,L_2,M_2
286606,L1,L3,L2,L3,L1,L3,L1,L1,L2,C3_3,D3_1,F3_3,,,N3_1,L_3,M_1
286607,L1,L3,L2,L3,L1,L3,L1,L1,L2,C3_3,D3_1,F3_3,,,N3_1,L_3,M_2
286608,L1,L3,L2,L3,L1,L3,L1,L1,L2,C3_3,D3_1,F3_3,,,N3_2,L_1,M_1
286609,L1,L3,L2,L3,L1,L3,L1,L1,L2,C3_3,D3_1,F3_3,,,N3_2,L_1,M_2
286610,L1,L3,L2,L3,L1,L3,L1,L1,L2,C3_3,D3_1,F3_3,,,N3_2,L_2,M_1
286611,L1,L3,L2,L3,L1,L3,L1,L1,L2,C3_3,D3_1,F3_3,,,N3_2,L_2,M_2
286612,L1,L3,L2,L3,L1,L3,L1,L1,L2,C3_3,D3_1,F3_3,,,N3_2,L_3,M_1
286613,L1,L3,L2,L3,L1,L3,L1,L1,L2,C3_3,D3_1,F3_3,,,N3_2,L_3,M_2
286614,L1,L3,L2,L3,L1,L3,L1,L1,L2,C3_3,D3_2,F3_1,,,N3_1,L_1,M_1
286615,L1,L3,L2,L3,L1,L3,L1,L1,L2,C3_3,D3_2,F3_1,,,N3_1,L_1,M_2
286616,L1,L3,L2,L3,L1,L3,L1,L1,L2,C3_3,D3_2,F3_1,,,N3_1,L_2,M_1
286617,L1,L3,L2,L3,L1,L3,L1,L1,L2,C3_3,D3_2,F3_1,,,N3_1,L_2,M_2
286618,L1,L3,L2,L3,L1,L3,L1,L1,L2,C3_3,D3_2,F3_1,,,N3_1,L_3,M_1
286619,L1,L3,L2,L3,L1,L3,L1,L1,L2,C3_3,D3_2,F3_1,,,N3_1,L_3,M_2
286620,L1,L3,L2,L3,L1,L3,L1,L1,L2,C3_3,D3_2,F3_1,,,N3_2,L_1,M_1
286621,L1,L3,L2,L3,L1,L3,L1,L1,L2,C3_3,D3_2,F3_1,,,N3_2,L_1,M_2
286622,L1,L3,L2,L3,L1,L3,L1,L1,L2,C3_3,D3_2,F3_1,,,N3_2,L_2,M_1
286623,L1,L3,L2,L3,L1,L3,L1,L1,L2,C3_3,D3_2,F3_1,,,N3_2,L_2,M_2
286624,L1,L3,L2,L3,L1,L3,L1,L1,L2,C3_3,D3_2,F3_1,,,N3_2,L_3,M_1
286625,L1,L3,L2,L3,L1,L3,L1,L1,L2,C3_3,D3_2,F3_1,,,N3_2,L_3,M_2
286626,L1,L3,L2,L3,L1,L3,L1,L1,L2,C3_3,D3_2,F3_2,,,N3_1,L_1,M_1
286627,L1,L3,L2,L3,L1,L3,L1,L1,L2,C3_3,D3_2,F3_2,,,N3_1,L_1,M_2
286628,L1,L3,L2,L3,L1,L3,L1,L1,L2,C3_3,D3_2,F3_2,,,N3_1,L_2,M_1
286629,L1,L3,L2,L3,L1,L3,L1,L1,L2,C3_3,D3_2,F3_2,,,N3_1,L_2,M_2
286630,L1,L3,L2,L3,L1,L3,L1,L1,L2,C3_3,D3_2,F3_2,,,N3_1,L_3,M_1
286631,L1,L3,L2,L3,L1,L3,L1,L1,L2,C3_3,D3_2,F3_2,,,N3_1,L_3,M_2
286632,L1,L3,L2,L3,L1,L3,L1,L1,L2,C3_3,D3_2,F3_2,,,N3_2,L_1,M_1
286633,L1,L3,L2,L3,L1,L3,L1,L1,L2,C3_3,D3_2,F3_2,,,N3_2,L_1,M_2
286634,L1,L3,L2,L3,L1,L3,L1,L1,L2,C3_3,D3_2,F3_2,,,N3_2,L_2,M_1
286635,L1,L3,L2,L3,L1,L3,L1,L1,L2,C3_3,D3_2,F3_2,,,N3_2,L_2,M_2
286636,L1,L3,L2,L3,L1,L3,L1,L1,L2,C3_3,D3_2,F3_2,,,N3_2,L_3,M_1
286637,L1,L3,L2,L3,L1,L3,L1,L1,L2,C3_3,D3_2,F3_2,,,N3_2,L_3,M_2
286638,L1,L3,L2,L3,L1,L3,L1,L1,L2,C3_3,D3_2,F3_3,,,N3_1,L_1,M_1
286639,L1,L3,L2,L3,L1,L3,L1,L1,L2,C3_3,D3_2,F3_3,,,N3_1,L_1,M_2
286640,L1,L3,L2,L3,L1,L3,L1,L1,L2,C3_3,D3_2,F3_3,,,N3_1,L_2,M_1
286641,L1,L3,L2,L3,L1,L3,L1,L1,L2,C3_3,D3_2,F3_3,,,N3_1,L_2,M_2
286642,L1,L3,L2,L3,L1,L3,L1,L1,L2,C3_3,D3_2,F3_3,,,N3_1,L_3,M_1
286643,L1,L3,L2,L3,L1,L3,L1,L1,L2,C3_3,D3_2,F3_3,,,N3_1,L_3,M_2
286644,L1,L3,L2,L3,L1,L3,L1,L1,L2,C3_3,D3_2,F3_3,,,N3_2,L_1,M_1
286645,L1,L3,L2,L3,L1,L3,L1,L1,L2,C3_3,D3_2,F3_3,,,N3_2,L_1,M_2
286646,L1,L3,L2,L3,L1,L3,L1,L1,L2,C3_3,D3_2,F3_3,,,N3_2,L_2,M_1
286647,L1,L3,L2,L3,L1,L3,L1,L1,L2,C3_3,D3_2,F3_3,,,N3_2,L_2,M_2
286648,L1,L3,L2,L3,L1,L3,L1,L1,L2,C3_3,D3_2,F3_3,,,N3_2,L_3,M_1
286649,L1,L3,L2,L3,L1,L3,L1,L1,L2,C3_3,D3_2,F3_3,,,N3_2,L_3,M_2
286650,L1,L3,L2,L3,L1,L3,L1,L1,L2,C3_3,D3_3,F3_1,,,N3_1,L_1,M_1
286651,L1,L3,L2,L3,L1,L3,L1,L1,L2,C3_3,D3_3,F3_1,,,N3_1,L_1,M_2
286652,L1,L3,L2,L3,L1,L3,L1,L1,L2,C3_3,D3_3,F3_1,,,N3_1,L_2,M_1
286653,L1,L3,L2,L3,L1,L3,L1,L1,L2,C3_3,D3_3,F3_1,,,N3_1,L_2,M_2
286654,L1,L3,L2,L3,L1,L3,L1,L1,L2,C3_3,D3_3,F3_1,,,N3_1,L_3,M_1
286655,L1,L3,L2,L3,L1,L3,L1,L1,L2,C3_3,D3_3,F3_1,,,N3_1,L_3,M_2
286656,L1,L3,L2,L3,L1,L3,L1,L1,L2,C3_3,D3_3,F3_1,,,N3_2,L_1,M_1
286657,L1,L3,L2,L3,L1,L3,L1,L1,L2,C3_3,D3_3,F3_1,,,N3_2,L_1,M_2
286658,L1,L3,L2,L3,L1,L3,L1,L1,L2,C3_3,D3_3,F3_1,,,N3_2,L_2,M_1
286659,L1,L3,L2,L3,L1,L3,L1,L1,L2,C3_3,D3_3,F3_1,,,N3_2,L_2,M_2
286660,L1,L3,L2,L3,L1,L3,L1,L1,L2,C3_3,D3_3,F3_1,,,N3_2,L_3,M_1
286661,L1,L3,L2,L3,L1,L3,L1,L1,L2,C3_3,D3_3,F3_1,,,N3_2,L_3,M_2
286662,L1,L3,L2,L3,L1,L3,L1,L1,L2,C3_3,D3_3,F3_2,,,N3_1,L_1,M_1
286663,L1,L3,L2,L3,L1,L3,L1,L1,L2,C3_3,D3_3,F3_2,,,N3_1,L_1,M_2
286664,L1,L3,L2,L3,L1,L3,L1,L1,L2,C3_3,D3_3,F3_2,,,N3_1,L_2,M_1
286665,L1,L3,L2,L3,L1,L3,L1,L1,L2,C3_3,D3_3,F3_2,,,N3_1,L_2,M_2
286666,L1,L3,L2,L3,L1,L3,L1,L1,L2,C3_3,D3_3,F3_2,,,N3_1,L_3,M_1
286667,L1,L3,L2,L3,L1,L3,L1,L1,L2,C3_3,D3_3,F3_2,,,N3_1,L_3,M_2
286668,L1,L3,L2,L3,L1,L3,L1,L1,L2,C3_3,D3_3,F3_2,,,N3_2,L_1,M_1
286669,L1,L3,L2,L3,L1,L3,L1,L1,L2,C3_3,D3_3,F3_2,,,N3_2,L_1,M_2
286670,L1,L3,L2,L3,L1,L3,L1,L1,L2,C3_3,D3_3,F3_2,,,N3_2,L_2,M_1
286671,L1,L3,L2,L3,L1,L3,L1,L1,L2,C3_3,D3_3,F3_2,,,N3_2,L_2,M_2
286672,L1,L3,L2,L3,L1,L3,L1,L1,L2,C3_3,D3_3,F3_2,,,N3_2,L_3,M_1
286673,L1,L3,L2,L3,L1,L3,L1,L1,L2,C3_3,D3_3,F3_2,,,N3_2,L_3,M_2
286674,L1,L3,L2,L3,L1,L3,L1,L1,L2,C3_3,D3_3,F3_3,,,N3_1,L_1,M_1
286675,L1,L3,L2,L3,L1,L3,L1,L1,L2,C3_3,D3_3,F3_3,,,N3_1,L_1,M_2
286676,L1,L3,L2,L3,L1,L3,L1,L1,L2,C3_3,D3_3,F3_3,,,N3_1,L_2,M_1
286677,L1,L3,L2,L3,L1,L3,L1,L1,L2,C3_3,D3_3,F3_3,,,N3_1,L_2,M_2
286678,L1,L3,L2,L3,L1,L3,L1,L1,L2,C3_3,D3_3,F3_3,,,N3_1,L_3,M_1
286679,L1,L3,L2,L3,L1,L3,L1,L1,L2,C3_3,D3_3,F3_3,,,N3_1,L_3,M_2
286680,L1,L3,L2,L3,L1,L3,L1,L1,L2,C3_3,D3_3,F3_3,,,N3_2,L_1,M_1
286681,L1,L3,L2,L3,L1,L3,L1,L1,L2,C3_3,D3_3,F3_3,,,N3_2,L_1,M_2
286682,L1,L3,L2,L3,L1,L3,L1,L1,L2,C3_3,D3_3,F3_3,,,N3_2,L_2,M_1
286683,L1,L3,L2,L3,L1,L3,L1,L1,L2,C3_3,D3_3,F3_3,,,N3_2,L_2,M_2
286684,L1,L3,L2,L3,L1,L3,L1,L1,L2,C3_3,D3_3,F3_3,,,N3_2,L_3,M_1
286685,L1,L3,L2,L3,L1,L3,L1,L1,L2,C3_3,D3_3,F3_3,,,N3_2,L_3,M_2
291951,L1,L2,L2,L2,L2,L3,L1,L1,L2,C3_1,D3_1,F3_1,,,N3_1,L_1,M_1
291952,L1,L2,L2,L2,L2,L3,L1,L1,L2,C3_1,D3_1,F3_1,,,N3_1,L_1,M_2
291953,L1,L2,L2,L2,L2,L3,L1,L1,L2,C3_1,D3_1,F3_1,,,N3_1,L_2,M_1
291954,L1,L2,L2,L2,L2,L3,L1,L1,L2,C3_1,D3_1,F3_1,,,N3_1,L_2,M_2
291955,L1,L2,L2,L2,L2,L3,L1,L1,L2,C3_1,D3_1,F3_1,,,N3_1,L_3,M_1
291956,L1,L2,L2,L2,L2,L3,L1,L1,L2,C3_1,D3_1,F3_1,,,N3_1,L_3,M_2
291957,L1,L2,L2,L2,L2,L3,L1,L1,L2,C3_1,D3_1,F3_1,,,N3_2,L_1,M_1
291958,L1,L2,L2,L2,L2,L3,L1,L1,L2,C3_1,D3_1,F3_1,,,N3_2,L_1,M_2
291959,L1,L2,L2,L2,L2,L3,L1,L1,L2,C3_1,D3_1,F3_1,,,N3_2,L_2,M_1
291960,L1,L2,L2,L2,L2,L3,L1,L1,L2,C3_1,D3_1,F3_1,,,N3_2,L_2,M_2
291961,L1,L2,L2,L2,L2,L3,L1,L1,L2,C3_1,D3_1,F3_1,,,N3_2,L_3,M_1
291962,L1,L2,L2,L2,L2,L3,L1,L1,L2,C3_1,D3_1,F3_1,,,N3_2,L_3,M_2
291963,L1,L2,L2,L2,L2,L3,L1,L1,L2,C3_1,D3_1,F3_2,,,N3_1,L_1,M_1
291964,L1,L2,L2,L2,L2,L3,L1,L1,L2,C3_1,D3_1,F3_2,,,N3_1,L_1,M_2
291965,L1,L2,L2,L2,L2,L3,L1,L1,L2,C3_1,D3_1,F3_2,,,N3_1,L_2,M_1
291966,L1,L2,L2,L2,L2,L3,L1,L1,L2,C3_1,D3_1,F3_2,,,N3_1,L_2,M_2
291967,L1,L2,L2,L2,L2,L3,L1,L1,L2,C3_1,D3_1,F3_2,,,N3_1,L_3,M_1
291968,L1,L2,L2,L2,L2,L3,L1,L1,L2,C3_1,D3_1,F3_2,,,N3_1,L_3,M_2
291969,L1,L2,L2,L2,L2,L3,L1,L1,L2,C3_1,D3_1,F3_2,,,N3_2,L_1,M_1
291970,L1,L2,L2,L2,L2,L3,L1,L1,L2,C3_1,D3_1,F3_2,,,N3_2,L_1,M_2
291971,L1,L2,L2,L2,L2,L3,L1,L1,L2,C3_1,D3_1,F3_2,,,N3_2,L_2,M_1
291972,L1,L2,L2,L2,L2,L3,L1,L1,L2,C3_1,D3_1,F3_2,,,N3_2,L_2,M_2
291973,L1,L2,L2,L2,L2,L3,L1,L1,L2,C3_1,D3_1,F3_2,,,N3_2,L_3,M_1
291974,L1,L2,L2,L2,L2,L3,L1,L1,L2,C3_1,D3_1,F3_2,,,N3_2,L_3,M_2
291975,L1,L2,L2,L2,L2,L3,L1,L1,L2,C3_1,D3_1,F3_3,,,N3_1,L_1,M_1
291976,L1,L2,L2,L2,L2,L3,L1,L1,L2,C3_1,D3_1,F3_3,,,N3_1,L_1,M_2
291977,L1,L2,L2,L2,L2,L3,L1,L1,L2,C3_1,D3_1,F3_3,,,N3_1,L_2,M_1
291978,L1,L2,L2,L2,L2,L3,L1,L1,L2,C3_1,D3_1,F3_3,,,N3_1,L_2,M_2
291979,L1,L2,L2,L2,L2,L3,L1,L1,L2,C3_1,D3_1,F3_3,,,N3_1,L_3,M_1
291980,L1,L2,L2,L2,L2,L3,L1,L1,L2,C3_1,D3_1,F3_3,,,N3_1,L_3,M_2
291981,L1,L2,L2,L2,L2,L3,L1,L1,L2,C3_1,D3_1,F3_3,,,N3_2,L_1,M_1
291982,L1,L2,L2,L2,L2,L3,L1,L1,L2,C3_1,D3_1,F3_3,,,N3_2,L_1,M_2
291983,L1,L2,L2,L2,L2,L3,L1,L1,L2,C3_1,D3_1,F3_3,,,N3_2,L_2,M_1
291984,L1,L2,L2,L2,L2,L3,L1,L1,L2,C3_1,D3_1,F3_3,,,N3_2,L_2,M_2
291985,L1,L2,L2,L2,L2,L3,L1,L1,L2,C3_1,D3_1,F3_3,,,N3_2,L_3,M_1
291986,L1,L2,L2,L2,L2,L3,L1,L1,L2,C3_1,D3_1,F3_3,,,N3_2,L_3,M_2
291987,L1,L2,L2,L2,L2,L3,L1,L1,L2,C3_1,D3_2,F3_1,,,N3_1,L_1,M_1
291988,L1,L2,L2,L2,L2,L3,L1,L1,L2,C3_1,D3_2,F3_1,,,N3_1,L_1,M_2
291989,L1,L2,L2,L2,L2,L3,L1,L1,L2,C3_1,D3_2,F3_1,,,N3_1,L_2,M_1
291990,L1,L2,L2,L2,L2,L3,L1,L1,L2,C3_1,D3_2,F3_1,,,N3_1,L_2,M_2
291991,L1,L2,L2,L2,L2,L3,L1,L1,L2,C3_1,D3_2,F3_1,,,N3_1,L_3,M_1
291992,L1,L2,L2,L2,L2,L3,L1,L1,L2,C3_1,D3_2,F3_1,,,N3_1,L_3,M_2
291993,L1,L2,L2,L2,L2,L3,L1,L1,L2,C3_1,D3_2,F3_1,,,N3_2,L_1,M_1
291994,L1,L2,L2,L2,L2,L3,L1,L1,L2,C3_1,D3_2,F3_1,,,N3_2,L_1,M_2
291995,L1,L2,L2,L2,L2,L3,L1,L1,L2,C3_1,D3_2,F3_1,,,N3_2,L_2,M_1
291996,L1,L2,L2,L2,L2,L3,L1,L1,L2,C3_1,D3_2,F3_1,,,N3_2,L_2,M_2
291997,L1,L2,L2,L2,L2,L3,L1,L1,L2,C3_1,D3_2,F3_1,,,N3_2,L_3,M_1
291998,L1,L2,L2,L2,L2,L3,L1,L1,L2,C3_1,D3_2,F3_1,,,N3_2,L_3,M_2
291999,L1,L2,L2,L2,L2,L3,L1,L1,L2,C3_1,D3_2,F3_2,,,N3_1,L_1,M_1
292000,L1,L2,L2,L2,L2,L3,L1,L1,L2,C3_1,D3_2,F3_2,,,N3_1,L_1,M_2
292001,L1,L2,L2,L2,L2,L3,L1,L1,L2,C3_1,D3_2,F3_2,,,N3_1,L_2,M_1
292002,L1,L2,L2,L2,L2,L3,L1,L1,L2,C3_1,D3_2,F3_2,,,N3_1,L_2,M_2
292003,L1,L2,L2,L2,L2,L3,L1,L1,L2,C3_1,D3_2,F3_2,,,N3_1,L_3,M_1
292004,L1,L2,L2,L2,L2,L3,L1,L1,L2,C3_1,D3_2,F3_2,,,N3_1,L_3,M_2
292005,L1,L2,L2,L2,L2,L3,L1,L1,L2,C3_1,D3_2,F3_2,,,N3_2,L_1,M_1
292006,L1,L2,L2,L2,L2,L3,L1,L1,L2,C3_1,D3_2,F3_2,,,N3_2,L_1,M_2
292007,L1,L2,L2,L2,L2,L3,L1,L1,L2,C3_1,D3_2,F3_2,,,N3_2,L_2,M_1
292008,L1,L2,L2,L2,L2,L3,L1,L1,L2,C3_1,D3_2,F3_2,,,N3_2,L_2,M_2
292009,L1,L2,L2,L2,L2,L3,L1,L1,L2,C3_1,D3_2,F3_2,,,N3_2,L_3,M_1
292010,L1,L2,L2,L2,L2,L3,L1,L1,L2,C3_1,D3_2,F3_2,,,N3_2,L_3,M_2
292011,L1,L2,L2,L2,L2,L3,L1,L1,L2,C3_1,D3_2,F3_3,,,N3_1,L_1,M_1
292012,L1,L2,L2,L2,L2,L3,L1,L1,L2,C3_1,D3_2,F3_3,,,N3_1,L_1,M_2
292013,L1,L2,L2,L2,L2,L3,L1,L1,L2,C3_1,D3_2,F3_3,,,N3_1,L_2,M_1
292014,L1,L2,L2,L2,L2,L3,L1,L1,L2,C3_1,D3_2,F3_3,,,N3_1,L_2,M_2
292015,L1,L2,L2,L2,L2,L3,L1,L1,L2,C3_1,D3_2,F3_3,,,N3_1,L_3,M_1
292016,L1,L2,L2,L2,L2,L3,L1,L1,L2,C3_1,D3_2,F3_3,,,N3_1,L_3,M_2
292017,L1,L2,L2,L2,L2,L3,L1,L1,L2,C3_1,D3_2,F3_3,,,N3_2,L_1,M_1
292018,L1,L2,L2,L2,L2,L3,L1,L1,L2,C3_1,D3_2,F3_3,,,N3_2,L_1,M_2
292019,L1,L2,L2,L2,L2,L3,L1,L1,L2,C3_1,D3_2,F3_3,,,N3_2,L_2,M_1
292020,L1,L2,L2,L2,L2,L3,L1,L1,L2,C3_1,D3_2,F3_3,,,N3_2,L_2,M_2
292021,L1,L2,L2,L2,L2,L3,L1,L1,L2,C3_1,D3_2,F3_3,,,N3_2,L_3,M_1
292022,L1,L2,L2,L2,L2,L3,L1,L1,L2,C3_1,D3_2,F3_3,,,N3_2,L_3,M_2
292023,L1,L2,L2,L2,L2,L3,L1,L1,L2,C3_1,D3_3,F3_1,,,N3_1,L_1,M_1
292024,L1,L2,L2,L2,L2,L3,L1,L1,L2,C3_1,D3_3,F3_1,,,N3_1,L_1,M_2
292025,L1,L2,L2,L2,L2,L3,L1,L1,L2,C3_1,D3_3,F3_1,,,N3_1,L_2,M_1
292026,L1,L2,L2,L2,L2,L3,L1,L1,L2,C3_1,D3_3,F3_1,,,N3_1,L_2,M_2
292027,L1,L2,L2,L2,L2,L3,L1,L1,L2,C3_1,D3_3,F3_1,,,N3_1,L_3,M_1
292028,L1,L2,L2,L2,L2,L3,L1,L1,L2,C3_1,D3_3,F3_1,,,N3_1,L_3,M_2
292029,L1,L2,L2,L2,L2,L3,L1,L1,L2,C3_1,D3_3,F3_1,,,N3_2,L_1,M_1
292030,L1,L2,L2,L2,L2,L3,L1,L1,L2,C3_1,D3_3,F3_1,,,N3_2,L_1,M_2
292031,L1,L2,L2,L2,L2,L3,L1,L1,L2,C3_1,D3_3,F3_1,,,N3_2,L_2,M_1
292032,L1,L2,L2,L2,L2,L3,L1,L1,L2,C3_1,D3_3,F3_1,,,N3_2,L_2,M_2
292033,L1,L2,L2,L2,L2,L3,L1,L1,L2,C3_1,D3_3,F3_1,,,N3_2,L_3,M_1
292034,L1,L2,L2,L2,L2,L3,L1,L1,L2,C3_1,D3_3,F3_1,,,N3_2,L_3,M_2
292035,L1,L2,L2,L2,L2,L3,L1,L1,L2,C3_1,D3_3,F3_2,,,N3_1,L_1,M_1
292036,L1,L2,L2,L2,L2,L3,L1,L1,L2,C3_1,D3_3,F3_2,,,N3_1,L_1,M_2
292037,L1,L2,L2,L2,L2,L3,L1,L1,L2,C3_1,D3_3,F3_2,,,N3_1,L_2,M_1
292038,L1,L2,L2,L2,L2,L3,L1,L1,L2,C3_1,D3_3,F3_2,,,N3_1,L_2,M_2
292039,L1,L2,L2,L2,L2,L3,L1,L1,L2,C3_1,D3_3,F3_2,,,N3_1,L_3,M_1
292040,L1,L2,L2,L2,L2,L3,L1,L1,L2,C3_1,D3_3,F3_2,,,N3_1,L_3,M_2
292041,L1,L2,L2,L2,L2,L3,L1,L1,L2,C3_1,D3_3,F3_2,,,N3_2,L_1,M_1
292042,L1,L2,L2,L2,L2,L3,L1,L1,L2,C3_1,D3_3,F3_2,,,N3_2,L_1,M_2
292043,L1,L2,L2,L2,L2,L3,L1,L1,L2,C3_1,D3_3,F3_2,,,N3_2,L_2,M_1
292044,L1,L2,L2,L2,L2,L3,L1,L1,L2,C3_1,D3_3,F3_2,,,N3_2,L_2,M_2
292045,L1,L2,L2,L2,L2,L3,L1,L1,L2,C3_1,D3_3,F3_2,,,N3_2,L_3,M_1
292046,L1,L2,L2,L2,L2,L3,L1,L1,L2,C3_1,D3_3,F3_2,,,N3_2,L_3,M_2
292047,L1,L2,L2,L2,L2,L3,L1,L1,L2,C3_1,D3_3,F3_3,,,N3_1,L_1,M_1
292048,L1,L2,L2,L2,L2,L3,L1,L1,L2,C3_1,D3_3,F3_3,,,N3_1,L_1,M_2
292049,L1,L2,L2,L2,L2,L3,L1,L1,L2,C3_1,D3_3,F3_3,,,N3_1,L_2,M_1
292050,L1,L2,L2,L2,L2,L3,L1,L1,L2,C3_1,D3_3,F3_3,,,N3_1,L_2,M_2
292051,L1,L2,L2,L2,L2,L3,L1,L1,L2,C3_1,D3_3,F3_3,,,N3_1,L_3,M_1
292052,L1,L2,L2,L2,L2,L3,L1,L1,L2,C3_1,D3_3,F3_3,,,N3_1,L_3,M_2
292053,L1,L2,L2,L2,L2,L3,L1,L1,L2,C3_1,D3_3,F3_3,,,N3_2,L_1,M_1
292054,L1,L2,L2,L2,L2,L3,L1,L1,L2,C3_1,D3_3,F3_3,,,N3_2,L_1,M_2
292055,L1,L2,L2,L2,L2,L3,L1,L1,L2,C3_1,D3_3,F3_3,,,N3_2,L_2,M_1
292056,L1,L2,L2,L2,L2,L3,L1,L1,L2,C3_1,D3_3,F3_3,,,N3_2,L_2,M_2
292057,L1,L2,L2,L2,L2,L3,L1,L1,L2,C3_1,D3_3,F3_3,,,N3_2,L_3,M_1
292058,L1,L2,L2,L2,L2,L3,L1,L1,L2,C3_1,D3_3,F3_3,,,N3_2,L_3,M_2
292059,L1,L2,L2,L2,L2,L3,L1,L1,L2,C3_2,D3_1,F3_1,,,N3_1,L_1,M_1
292060,L1,L2,L2,L2,L2,L3,L1,L1,L2,C3_2,D3_1,F3_1,,,N3_1,L_1,M_2
292061,L1,L2,L2,L2,L2,L3,L1,L1,L2,C3_2,D3_1,F3_1,,,N3_1,L_2,M_1
292062,L1,L2,L2,L2,L2,L3,L1,L1,L2,C3_2,D3_1,F3_1,,,N3_1,L_2,M_2
292063,L1,L2,L2,L2,L2,L3,L1,L1,L2,C3_2,D3_1,F3_1,,,N3_1,L_3,M_1
292064,L1,L2,L2,L2,L2,L3,L1,L1,L2,C3_2,D3_1,F3_1,,,N3_1,L_3,M_2
292065,L1,L2,L2,L2,L2,L3,L1,L1,L2,C3_2,D3_1,F3_1,,,N3_2,L_1,M_1
292066,L1,L2,L2,L2,L2,L3,L1,L1,L2,C3_2,D3_1,F3_1,,,N3_2,L_1,M_2
292067,L1,L2,L2,L2,L2,L3,L1,L1,L2,C3_2,D3_1,F3_1,,,N3_2,L_2,M_1
292068,L1,L2,L2,L2,L2,L3,L1,L1,L2,C3_2,D3_1,F3_1,,,N3_2,L_2,M_2
292069,L1,L2,L2,L2,L2,L3,L1,L1,L2,C3_2,D3_1,F3_1,,,N3_2,L_3,M_1
292070,L1,L2,L2,L2,L2,L3,L1,L1,L2,C3_2,D3_1,F3_1,,,N3_2,L_3,M_2
292071,L1,L2,L2,L2,L2,L3,L1,L1,L2,C3_2,D3_1,F3_2,,,N3_1,L_1,M_1
292072,L1,L2,L2,L2,L2,L3,L1,L1,L2,C3_2,D3_1,F3_2,,,N3_1,L_1,M_2
292073,L1,L2,L2,L2,L2,L3,L1,L1,L2,C3_2,D3_1,F3_2,,,N3_1,L_2,M_1
292074,L1,L2,L2,L2,L2,L3,L1,L1,L2,C3_2,D3_1,F3_2,,,N3_1,L_2,M_2
292075,L1,L2,L2,L2,L2,L3,L1,L1,L2,C3_2,D3_1,F3_2,,,N3_1,L_3,M_1
292076,L1,L2,L2,L2,L2,L3,L1,L1,L2,C3_2,D3_1,F3_2,,,N3_1,L_3,M_2
292077,L1,L2,L2,L2,L2,L3,L1,L1,L2,C3_2,D3_1,F3_2,,,N3_2,L_1,M_1
292078,L1,L2,L2,L2,L2,L3,L1,L1,L2,C3_2,D3_1,F3_2,,,N3_2,L_1,M_2
292079,L1,L2,L2,L2,L2,L3,L1,L1,L2,C3_2,D3_1,F3_2,,,N3_2,L_2,M_1
292080,L1,L2,L2,L2,L2,L3,L1,L1,L2,C3_2,D3_1,F3_2,,,N3_2,L_2,M_2
292081,L1,L2,L2,L2,L2,L3,L1,L1,L2,C3_2,D3_1,F3_2,,,N3_2,L_3,M_1
292082,L1,L2,L2,L2,L2,L3,L1,L1,L2,C3_2,D3_1,F3_2,,,N3_2,L_3,M_2
292083,L1,L2,L2,L2,L2,L3,L1,L1,L2,C3_2,D3_1,F3_3,,,N3_1,L_1,M_1
292084,L1,L2,L2,L2,L2,L3,L1,L1,L2,C3_2,D3_1,F3_3,,,N3_1,L_1,M_2
292085,L1,L2,L2,L2,L2,L3,L1,L1,L2,C3_2,D3_1,F3_3,,,N3_1,L_2,M_1
292086,L1,L2,L2,L2,L2,L3,L1,L1,L2,C3_2,D3_1,F3_3,,,N3_1,L_2,M_2
292087,L1,L2,L2,L2,L2,L3,L1,L1,L2,C3_2,D3_1,F3_3,,,N3_1,L_3,M_1
292088,L1,L2,L2,L2,L2,L3,L1,L1,L2,C3_2,D3_1,F3_3,,,N3_1,L_3,M_2
292089,L1,L2,L2,L2,L2,L3,L1,L1,L2,C3_2,D3_1,F3_3,,,N3_2,L_1,M_1
292090,L1,L2,L2,L2,L2,L3,L1,L1,L2,C3_2,D3_1,F3_3,,,N3_2,L_1,M_2
292091,L1,L2,L2,L2,L2,L3,L1,L1,L2,C3_2,D3_1,F3_3,,,N3_2,L_2,M_1
292092,L1,L2,L2,L2,L2,L3,L1,L1,L2,C3_2,D3_1,F3_3,,,N3_2,L_2,M_2
292093,L1,L2,L2,L2,L2,L3,L1,L1,L2,C3_2,D3_1,F3_3,,,N3_2,L_3,M_1
292094,L1,L2,L2,L2,L2,L3,L1,L1,L2,C3_2,D3_1,F3_3,,,N3_2,L_3,M_2
292095,L1,L2,L2,L2,L2,L3,L1,L1,L2,C3_2,D3_2,F3_1,,,N3_1,L_1,M_1
292096,L1,L2,L2,L2,L2,L3,L1,L1,L2,C3_2,D3_2,F3_1,,,N3_1,L_1,M_2
292097,L1,L2,L2,L2,L2,L3,L1,L1,L2,C3_2,D3_2,F3_1,,,N3_1,L_2,M_1
292098,L1,L2,L2,L2,L2,L3,L1,L1,L2,C3_2,D3_2,F3_1,,,N3_1,L_2,M_2
292099,L1,L2,L2,L2,L2,L3,L1,L1,L2,C3_2,D3_2,F3_1,,,N3_1,L_3,M_1
292100,L1,L2,L2,L2,L2,L3,L1,L1,L2,C3_2,D3_2,F3_1,,,N3_1,L_3,M_2
292101,L1,L2,L2,L2,L2,L3,L1,L1,L2,C3_2,D3_2,F3_1,,,N3_2,L_1,M_1
292102,L1,L2,L2,L2,L2,L3,L1,L1,L2,C3_2,D3_2,F3_1,,,N3_2,L_1,M_2
292103,L1,L2,L2,L2,L2,L3,L1,L1,L2,C3_2,D3_2,F3_1,,,N3_2,L_2,M_1
292104,L1,L2,L2,L2,L2,L3,L1,L1,L2,C3_2,D3_2,F3_1,,,N3_2,L_2,M_2
292105,L1,L2,L2,L2,L2,L3,L1,L1,L2,C3_2,D3_2,F3_1,,,N3_2,L_3,M_1
292106,L1,L2,L2,L2,L2,L3,L1,L1,L2,C3_2,D3_2,F3_1,,,N3_2,L_3,M_2
292107,L1,L2,L2,L2,L2,L3,L1,L1,L2,C3_2,D3_2,F3_2,,,N3_1,L_1,M_1
292108,L1,L2,L2,L2,L2,L3,L1,L1,L2,C3_2,D3_2,F3_2,,,N3_1,L_1,M_2
292109,L1,L2,L2,L2,L2,L3,L1,L1,L2,C3_2,D3_2,F3_2,,,N3_1,L_2,M_1
292110,L1,L2,L2,L2,L2,L3,L1,L1,L2,C3_2,D3_2,F3_2,,,N3_1,L_2,M_2
292111,L1,L2,L2,L2,L2,L3,L1,L1,L2,C3_2,D3_2,F3_2,,,N3_1,L_3,M_1
292112,L1,L2,L2,L2,L2,L3,L1,L1,L2,C3_2,D3_2,F3_2,,,N3_1,L_3,M_2
292113,L1,L2,L2,L2,L2,L3,L1,L1,L2,C3_2,D3_2,F3_2,,,N3_2,L_1,M_1
292114,L1,L2,L2,L2,L2,L3,L1,L1,L2,C3_2,D3_2,F3_2,,,N3_2,L_1,M_2
292115,L1,L2,L2,L2,L2,L3,L1,L1,L2,C3_2,D3_2,F3_2,,,N3_2,L_2,M_1
292116,L1,L2,L2,L2,L2,L3,L1,L1,L2,C3_2,D3_2,F3_2,,,N3_2,L_2,M_2
292117,L1,L2,L2,L2,L2,L3,L1,L1,L2,C3_2,D3_2,F3_2,,,N3_2,L_3,M_1
292118,L1,L2,L2,L2,L2,L3,L1,L1,L2,C3_2,D3_2,F3_2,,,N3_2,L_3,M_2
292119,L1,L2,L2,L2,L2,L3,L1,L1,L2,C3_2,D3_2,F3_3,,,N3_1,L_1,M_1
292120,L1,L2,L2,L2,L2,L3,L1,L1,L2,C3_2,D3_2,F3_3,,,N3_1,L_1,M_2
292121,L1,L2,L2,L2,L2,L3,L1,L1,L2,C3_2,D3_2,F3_3,,,N3_1,L_2,M_1
292122,L1,L2,L2,L2,L2,L3,L1,L1,L2,C3_2,D3_2,F3_3,,,N3_1,L_2,M_2
292123,L1,L2,L2,L2,L2,L3,L1,L1,L2,C3_2,D3_2,F3_3,,,N3_1,L_3,M_1
292124,L1,L2,L2,L2,L2,L3,L1,L1,L2,C3_2,D3_2,F3_3,,,N3_1,L_3,M_2
292125,L1,L2,L2,L2,L2,L3,L1,L1,L2,C3_2,D3_2,F3_3,,,N3_2,L_1,M_1
292126,L1,L2,L2,L2,L2,L3,L1,L1,L2,C3_2,D3_2,F3_3,,,N3_2,L_1,M_2
292127,L1,L2,L2,L2,L2,L3,L1,L1,L2,C3_2,D3_2,F3_3,,,N3_2,L_2,M_1
292128,L1,L2,L2,L2,L2,L3,L1,L1,L2,C3_2,D3_2,F3_3,,,N3_2,L_2,M_2
292129,L1,L2,L2,L2,L2,L3,L1,L1,L2,C3_2,D3_2,F3_3,,,N3_2,L_3,M_1
292130,L1,L2,L2,L2,L2,L3,L1,L1,L2,C3_2,D3_2,F3_3,,,N3_2,L_3,M_2
292131,L1,L2,L2,L2,L2,L3,L1,L1,L2,C3_2,D3_3,F3_1,,,N3_1,L_1,M_1
292132,L1,L2,L2,L2,L2,L3,L1,L1,L2,C3_2,D3_3,F3_1,,,N3_1,L_1,M_2
292133,L1,L2,L2,L2,L2,L3,L1,L1,L2,C3_2,D3_3,F3_1,,,N3_1,L_2,M_1
292134,L1,L2,L2,L2,L2,L3,L1,L1,L2,C3_2,D3_3,F3_1,,,N3_1,L_2,M_2
292135,L1,L2,L2,L2,L2,L3,L1,L1,L2,C3_2,D3_3,F3_1,,,N3_1,L_3,M_1
292136,L1,L2,L2,L2,L2,L3,L1,L1,L2,C3_2,D3_3,F3_1,,,N3_1,L_3,M_2
292137,L1,L2,L2,L2,L2,L3,L1,L1,L2,C3_2,D3_3,F3_1,,,N3_2,L_1,M_1
292138,L1,L2,L2,L2,L2,L3,L1,L1,L2,C3_2,D3_3,F3_1,,,N3_2,L_1,M_2
292139,L1,L2,L2,L2,L2,L3,L1,L1,L2,C3_2,D3_3,F3_1,,,N3_2,L_2,M_1
292140,L1,L2,L2,L2,L2,L3,L1,L1,L2,C3_2,D3_3,F3_1,,,N3_2,L_2,M_2
292141,L1,L2,L2,L2,L2,L3,L1,L1,L2,C3_2,D3_3,F3_1,,,N3_2,L_3,M_1
292142,L1,L2,L2,L2,L2,L3,L1,L1,L2,C3_2,D3_3,F3_1,,,N3_2,L_3,M_2
292143,L1,L2,L2,L2,L2,L3,L1,L1,L2,C3_2,D3_3,F3_2,,,N3_1,L_1,M_1
292144,L1,L2,L2,L2,L2,L3,L1,L1,L2,C3_2,D3_3,F3_2,,,N3_1,L_1,M_2
292145,L1,L2,L2,L2,L2,L3,L1,L1,L2,C3_2,D3_3,F3_2,,,N3_1,L_2,M_1
292146,L1,L2,L2,L2,L2,L3,L1,L1,L2,C3_2,D3_3,F3_2,,,N3_1,L_2,M_2
292147,L1,L2,L2,L2,L2,L3,L1,L1,L2,C3_2,D3_3,F3_2,,,N3_1,L_3,M_1
292148,L1,L2,L2,L2,L2,L3,L1,L1,L2,C3_2,D3_3,F3_2,,,N3_1,L_3,M_2
292149,L1,L2,L2,L2,L2,L3,L1,L1,L2,C3_2,D3_3,F3_2,,,N3_2,L_1,M_1
292150,L1,L2,L2,L2,L2,L3,L1,L1,L2,C3_2,D3_3,F3_2,,,N3_2,L_1,M_2
292151,L1,L2,L2,L2,L2,L3,L1,L1,L2,C3_2,D3_3,F3_2,,,N3_2,L_2,M_1
292152,L1,L2,L2,L2,L2,L3,L1,L1,L2,C3_2,D3_3,F3_2,,,N3_2,L_2,M_2
292153,L1,L2,L2,L2,L2,L3,L1,L1,L2,C3_2,D3_3,F3_2,,,N3_2,L_3,M_1
292154,L1,L2,L2,L2,L2,L3,L1,L1,L2,C3_2,D3_3,F3_2,,,N3_2,L_3,M_2
292155,L1,L2,L2,L2,L2,L3,L1,L1,L2,C3_2,D3_3,F3_3,,,N3_1,L_1,M_1
292156,L1,L2,L2,L2,L2,L3,L1,L1,L2,C3_2,D3_3,F3_3,,,N3_1,L_1,M_2
292157,L1,L2,L2,L2,L2,L3,L1,L1,L2,C3_2,D3_3,F3_3,,,N3_1,L_2,M_1
292158,L1,L2,L2,L2,L2,L3,L1,L1,L2,C3_2,D3_3,F3_3,,,N3_1,L_2,M_2
292159,L1,L2,L2,L2,L2,L3,L1,L1,L2,C3_2,D3_3,F3_3,,,N3_1,L_3,M_1
292160,L1,L2,L2,L2,L2,L3,L1,L1,L2,C3_2,D3_3,F3_3,,,N3_1,L_3,M_2
292161,L1,L2,L2,L2,L2,L3,L1,L1,L2,C3_2,D3_3,F3_3,,,N3_2,L_1,M_1
292162,L1,L2,L2,L2,L2,L3,L1,L1,L2,C3_2,D3_3,F3_3,,,N3_2,L_1,M_2
292163,L1,L2,L2,L2,L2,L3,L1,L1,L2,C3_2,D3_3,F3_3,,,N3_2,L_2,M_1
292164,L1,L2,L2,L2,L2,L3,L1,L1,L2,C3_2,D3_3,F3_3,,,N3_2,L_2,M_2
292165,L1,L2,L2,L2,L2,L3,L1,L1,L2,C3_2,D3_3,F3_3,,,N3_2,L_3,M_1
292166,L1,L2,L2,L2,L2,L3,L1,L1,L2,C3_2,D3_3,F3_3,,,N3_2,L_3,M_2
292167,L1,L2,L2,L2,L2,L3,L1,L1,L2,C3_3,D3_1,F3_1,,,N3_1,L_1,M_1
292168,L1,L2,L2,L2,L2,L3,L1,L1,L2,C3_3,D3_1,F3_1,,,N3_1,L_1,M_2
292169,L1,L2,L2,L2,L2,L3,L1,L1,L2,C3_3,D3_1,F3_1,,,N3_1,L_2,M_1
292170,L1,L2,L2,L2,L2,L3,L1,L1,L2,C3_3,D3_1,F3_1,,,N3_1,L_2,M_2
292171,L1,L2,L2,L2,L2,L3,L1,L1,L2,C3_3,D3_1,F3_1,,,N3_1,L_3,M_1
292172,L1,L2,L2,L2,L2,L3,L1,L1,L2,C3_3,D3_1,F3_1,,,N3_1,L_3,M_2
292173,L1,L2,L2,L2,L2,L3,L1,L1,L2,C3_3,D3_1,F3_1,,,N3_2,L_1,M_1
292174,L1,L2,L2,L2,L2,L3,L1,L1,L2,C3_3,D3_1,F3_1,,,N3_2,L_1,M_2
292175,L1,L2,L2,L2,L2,L3,L1,L1,L2,C3_3,D3_1,F3_1,,,N3_2,L_2,M_1
292176,L1,L2,L2,L2,L2,L3,L1,L1,L2,C3_3,D3_1,F3_1,,,N3_2,L_2,M_2
292177,L1,L2,L2,L2,L2,L3,L1,L1,L2,C3_3,D3_1,F3_1,,,N3_2,L_3,M_1
292178,L1,L2,L2,L2,L2,L3,L1,L1,L2,C3_3,D3_1,F3_1,,,N3_2,L_3,M_2
292179,L1,L2,L2,L2,L2,L3,L1,L1,L2,C3_3,D3_1,F3_2,,,N3_1,L_1,M_1
292180,L1,L2,L2,L2,L2,L3,L1,L1,L2,C3_3,D3_1,F3_2,,,N3_1,L_1,M_2
292181,L1,L2,L2,L2,L2,L3,L1,L1,L2,C3_3,D3_1,F3_2,,,N3_1,L_2,M_1
292182,L1,L2,L2,L2,L2,L3,L1,L1,L2,C3_3,D3_1,F3_2,,,N3_1,L_2,M_2
292183,L1,L2,L2,L2,L2,L3,L1,L1,L2,C3_3,D3_1,F3_2,,,N3_1,L_3,M_1
292184,L1,L2,L2,L2,L2,L3,L1,L1,L2,C3_3,D3_1,F3_2,,,N3_1,L_3,M_2
292185,L1,L2,L2,L2,L2,L3,L1,L1,L2,C3_3,D3_1,F3_2,,,N3_2,L_1,M_1
292186,L1,L2,L2,L2,L2,L3,L1,L1,L2,C3_3,D3_1,F3_2,,,N3_2,L_1,M_2
292187,L1,L2,L2,L2,L2,L3,L1,L1,L2,C3_3,D3_1,F3_2,,,N3_2,L_2,M_1
292188,L1,L2,L2,L2,L2,L3,L1,L1,L2,C3_3,D3_1,F3_2,,,N3_2,L_2,M_2
292189,L1,L2,L2,L2,L2,L3,L1,L1,L2,C3_3,D3_1,F3_2,,,N3_2,L_3,M_1
292190,L1,L2,L2,L2,L2,L3,L1,L1,L2,C3_3,D3_1,F3_2,,,N3_2,L_3,M_2
292191,L1,L2,L2,L2,L2,L3,L1,L1,L2,C3_3,D3_1,F3_3,,,N3_1,L_1,M_1
292192,L1,L2,L2,L2,L2,L3,L1,L1,L2,C3_3,D3_1,F3_3,,,N3_1,L_1,M_2
292193,L1,L2,L2,L2,L2,L3,L1,L1,L2,C3_3,D3_1,F3_3,,,N3_1,L_2,M_1
292194,L1,L2,L2,L2,L2,L3,L1,L1,L2,C3_3,D3_1,F3_3,,,N3_1,L_2,M_2
292195,L1,L2,L2,L2,L2,L3,L1,L1,L2,C3_3,D3_1,F3_3,,,N3_1,L_3,M_1
292196,L1,L2,L2,L2,L2,L3,L1,L1,L2,C3_3,D3_1,F3_3,,,N3_1,L_3,M_2
292197,L1,L2,L2,L2,L2,L3,L1,L1,L2,C3_3,D3_1,F3_3,,,N3_2,L_1,M_1
292198,L1,L2,L2,L2,L2,L3,L1,L1,L2,C3_3,D3_1,F3_3,,,N3_2,L_1,M_2
292199,L1,L2,L2,L2,L2,L3,L1,L1,L2,C3_3,D3_1,F3_3,,,N3_2,L_2,M_1
292200,L1,L2,L2,L2,L2,L3,L1,L1,L2,C3_3,D3_1,F3_3,,,N3_2,L_2,M_2
292201,L1,L2,L2,L2,L2,L3,L1,L1,L2,C3_3,D3_1,F3_3,,,N3_2,L_3,M_1
292202,L1,L2,L2,L2,L2,L3,L1,L1,L2,C3_3,D3_1,F3_3,,,N3_2,L_3,M_2
292203,L1,L2,L2,L2,L2,L3,L1,L1,L2,C3_3,D3_2,F3_1,,,N3_1,L_1,M_1
292204,L1,L2,L2,L2,L2,L3,L1,L1,L2,C3_3,D3_2,F3_1,,,N3_1,L_1,M_2
292205,L1,L2,L2,L2,L2,L3,L1,L1,L2,C3_3,D3_2,F3_1,,,N3_1,L_2,M_1
292206,L1,L2,L2,L2,L2,L3,L1,L1,L2,C3_3,D3_2,F3_1,,,N3_1,L_2,M_2
292207,L1,L2,L2,L2,L2,L3,L1,L1,L2,C3_3,D3_2,F3_1,,,N3_1,L_3,M_1
292208,L1,L2,L2,L2,L2,L3,L1,L1,L2,C3_3,D3_2,F3_1,,,N3_1,L_3,M_2
292209,L1,L2,L2,L2,L2,L3,L1,L1,L2,C3_3,D3_2,F3_1,,,N3_2,L_1,M_1
292210,L1,L2,L2,L2,L2,L3,L1,L1,L2,C3_3,D3_2,F3_1,,,N3_2,L_1,M_2
292211,L1,L2,L2,L2,L2,L3,L1,L1,L2,C3_3,D3_2,F3_1,,,N3_2,L_2,M_1
292212,L1,L2,L2,L2,L2,L3,L1,L1,L2,C3_3,D3_2,F3_1,,,N3_2,L_2,M_2
292213,L1,L2,L2,L2,L2,L3,L1,L1,L2,C3_3,D3_2,F3_1,,,N3_2,L_3,M_1
292214,L1,L2,L2,L2,L2,L3,L1,L1,L2,C3_3,D3_2,F3_1,,,N3_2,L_3,M_2
292215,L1,L2,L2,L2,L2,L3,L1,L1,L2,C3_3,D3_2,F3_2,,,N3_1,L_1,M_1
292216,L1,L2,L2,L2,L2,L3,L1,L1,L2,C3_3,D3_2,F3_2,,,N3_1,L_1,M_2
292217,L1,L2,L2,L2,L2,L3,L1,L1,L2,C3_3,D3_2,F3_2,,,N3_1,L_2,M_1
292218,L1,L2,L2,L2,L2,L3,L1,L1,L2,C3_3,D3_2,F3_2,,,N3_1,L_2,M_2
292219,L1,L2,L2,L2,L2,L3,L1,L1,L2,C3_3,D3_2,F3_2,,,N3_1,L_3,M_1
292220,L1,L2,L2,L2,L2,L3,L1,L1,L2,C3_3,D3_2,F3_2,,,N3_1,L_3,M_2
292221,L1,L2,L2,L2,L2,L3,L1,L1,L2,C3_3,D3_2,F3_2,,,N3_2,L_1,M_1
292222,L1,L2,L2,L2,L2,L3,L1,L1,L2,C3_3,D3_2,F3_2,,,N3_2,L_1,M_2
292223,L1,L2,L2,L2,L2,L3,L1,L1,L2,C3_3,D3_2,F3_2,,,N3_2,L_2,M_1
292224,L1,L2,L2,L2,L2,L3,L1,L1,L2,C3_3,D3_2,F3_2,,,N3_2,L_2,M_2
292225,L1,L2,L2,L2,L2,L3,L1,L1,L2,C3_3,D3_2,F3_2,,,N3_2,L_3,M_1
292226,L1,L2,L2,L2,L2,L3,L1,L1,L2,C3_3,D3_2,F3_2,,,N3_2,L_3,M_2
292227,L1,L2,L2,L2,L2,L3,L1,L1,L2,C3_3,D3_2,F3_3,,,N3_1,L_1,M_1
292228,L1,L2,L2,L2,L2,L3,L1,L1,L2,C3_3,D3_2,F3_3,,,N3_1,L_1,M_2
292229,L1,L2,L2,L2,L2,L3,L1,L1,L2,C3_3,D3_2,F3_3,,,N3_1,L_2,M_1
292230,L1,L2,L2,L2,L2,L3,L1,L1,L2,C3_3,D3_2,F3_3,,,N3_1,L_2,M_2
292231,L1,L2,L2,L2,L2,L3,L1,L1,L2,C3_3,D3_2,F3_3,,,N3_1,L_3,M_1
292232,L1,L2,L2,L2,L2,L3,L1,L1,L2,C3_3,D3_2,F3_3,,,N3_1,L_3,M_2
292233,L1,L2,L2,L2,L2,L3,L1,L1,L2,C3_3,D3_2,F3_3,,,N3_2,L_1,M_1
292234,L1,L2,L2,L2,L2,L3,L1,L1,L2,C3_3,D3_2,F3_3,,,N3_2,L_1,M_2
292235,L1,L2,L2,L2,L2,L3,L1,L1,L2,C3_3,D3_2,F3_3,,,N3_2,L_2,M_1
292236,L1,L2,L2,L2,L2,L3,L1,L1,L2,C3_3,D3_2,F3_3,,,N3_2,L_2,M_2
292237,L1,L2,L2,L2,L2,L3,L1,L1,L2,C3_3,D3_2,F3_3,,,N3_2,L_3,M_1
292238,L1,L2,L2,L2,L2,L3,L1,L1,L2,C3_3,D3_2,F3_3,,,N3_2,L_3,M_2
292239,L1,L2,L2,L2,L2,L3,L1,L1,L2,C3_3,D3_3,F3_1,,,N3_1,L_1,M_1
292240,L1,L2,L2,L2,L2,L3,L1,L1,L2,C3_3,D3_3,F3_1,,,N3_1,L_1,M_2
292241,L1,L2,L2,L2,L2,L3,L1,L1,L2,C3_3,D3_3,F3_1,,,N3_1,L_2,M_1
292242,L1,L2,L2,L2,L2,L3,L1,L1,L2,C3_3,D3_3,F3_1,,,N3_1,L_2,M_2
292243,L1,L2,L2,L2,L2,L3,L1,L1,L2,C3_3,D3_3,F3_1,,,N3_1,L_3,M_1
292244,L1,L2,L2,L2,L2,L3,L1,L1,L2,C3_3,D3_3,F3_1,,,N3_1,L_3,M_2
292245,L1,L2,L2,L2,L2,L3,L1,L1,L2,C3_3,D3_3,F3_1,,,N3_2,L_1,M_1
292246,L1,L2,L2,L2,L2,L3,L1,L1,L2,C3_3,D3_3,F3_1,,,N3_2,L_1,M_2
292247,L1,L2,L2,L2,L2,L3,L1,L1,L2,C3_3,D3_3,F3_1,,,N3_2,L_2,M_1
292248,L1,L2,L2,L2,L2,L3,L1,L1,L2,C3_3,D3_3,F3_1,,,N3_2,L_2,M_2
292249,L1,L2,L2,L2,L2,L3,L1,L1,L2,C3_3,D3_3,F3_1,,,N3_2,L_3,M_1
292250,L1,L2,L2,L2,L2,L3,L1,L1,L2,C3_3,D3_3,F3_1,,,N3_2,L_3,M_2
292251,L1,L2,L2,L2,L2,L3,L1,L1,L2,C3_3,D3_3,F3_2,,,N3_1,L_1,M_1
292252,L1,L2,L2,L2,L2,L3,L1,L1,L2,C3_3,D3_3,F3_2,,,N3_1,L_1,M_2
292253,L1,L2,L2,L2,L2,L3,L1,L1,L2,C3_3,D3_3,F3_2,,,N3_1,L_2,M_1
292254,L1,L2,L2,L2,L2,L3,L1,L1,L2,C3_3,D3_3,F3_2,,,N3_1,L_2,M_2
292255,L1,L2,L2,L2,L2,L3,L1,L1,L2,C3_3,D3_3,F3_2,,,N3_1,L_3,M_1
292256,L1,L2,L2,L2,L2,L3,L1,L1,L2,C3_3,D3_3,F3_2,,,N3_1,L_3,M_2
292257,L1,L2,L2,L2,L2,L3,L1,L1,L2,C3_3,D3_3,F3_2,,,N3_2,L_1,M_1
292258,L1,L2,L2,L2,L2,L3,L1,L1,L2,C3_3,D3_3,F3_2,,,N3_2,L_1,M_2
292259,L1,L2,L2,L2,L2,L3,L1,L1,L2,C3_3,D3_3,F3_2,,,N3_2,L_2,M_1
292260,L1,L2,L2,L2,L2,L3,L1,L1,L2,C3_3,D3_3,F3_2,,,N3_2,L_2,M_2
292261,L1,L2,L2,L2,L2,L3,L1,L1,L2,C3_3,D3_3,F3_2,,,N3_2,L_3,M_1
292262,L1,L2,L2,L2,L2,L3,L1,L1,L2,C3_3,D3_3,F3_2,,,N3_2,L_3,M_2
292263,L1,L2,L2,L2,L2,L3,L1,L1,L2,C3_3,D3_3,F3_3,,,N3_1,L_1,M_1
292264,L1,L2,L2,L2,L2,L3,L1,L1,L2,C3_3,D3_3,F3_3,,,N3_1,L_1,M_2
292265,L1,L2,L2,L2,L2,L3,L1,L1,L2,C3_3,D3_3,F3_3,,,N3_1,L_2,M_1
292266,L1,L2,L2,L2,L2,L3,L1,L1,L2,C3_3,D3_3,F3_3,,,N3_1,L_2,M_2
292267,L1,L2,L2,L2,L2,L3,L1,L1,L2,C3_3,D3_3,F3_3,,,N3_1,L_3,M_1
292268,L1,L2,L2,L2,L2,L3,L1,L1,L2,C3_3,D3_3,F3_3,,,N3_1,L_3,M_2
292269,L1,L2,L2,L2,L2,L3,L1,L1,L2,C3_3,D3_3,F3_3,,,N3_2,L_1,M_1
292270,L1,L2,L2,L2,L2,L3,L1,L1,L2,C3_3,D3_3,F3_3,,,N3_2,L_1,M_2
292271,L1,L2,L2,L2,L2,L3,L1,L1,L2,C3_3,D3_3,F3_3,,,N3_2,L_2,M_1
292272,L1,L2,L2,L2,L2,L3,L1,L1,L2,C3_3,D3_3,F3_3,,,N3_2,L_2,M_2
292273,L1,L2,L2,L2,L2,L3,L1,L1,L2,C3_3,D3_3,F3_3,,,N3_2,L_3,M_1
292274,L1,L2,L2,L2,L2,L3,L1,L1,L2,C3_3,D3_3,F3_3,,,N3_2,L_3,M_2
296973,L2,L3,L3,L3,L1,L3,L1,L1,L2,C3_1,D3_1,F3_1,,,N3_1,L_1,M_1
296974,L2,L3,L3,L3,L1,L3,L1,L1,L2,C3_1,D3_1,F3_1,,,N3_1,L_1,M_2
296975,L2,L3,L3,L3,L1,L3,L1,L1,L2,C3_1,D3_1,F3_1,,,N3_1,L_2,M_1
296976,L2,L3,L3,L3,L1,L3,L1,L1,L2,C3_1,D3_1,F3_1,,,N3_1,L_2,M_2
296977,L2,L3,L3,L3,L1,L3,L1,L1,L2,C3_1,D3_1,F3_1,,,N3_1,L_3,M_1
296978,L2,L3,L3,L3,L1,L3,L1,L1,L2,C3_1,D3_1,F3_1,,,N3_1,L_3,M_2
296979,L2,L3,L3,L3,L1,L3,L1,L1,L2,C3_1,D3_1,F3_1,,,N3_2,L_1,M_1
296980,L2,L3,L3,L3,L1,L3,L1,L1,L2,C3_1,D3_1,F3_1,,,N3_2,L_1,M_2
296981,L2,L3,L3,L3,L1,L3,L1,L1,L2,C3_1,D3_1,F3_1,,,N3_2,L_2,M_1
296982,L2,L3,L3,L3,L1,L3,L1,L1,L2,C3_1,D3_1,F3_1,,,N3_2,L_2,M_2
296983,L2,L3,L3,L3,L1,L3,L1,L1,L2,C3_1,D3_1,F3_1,,,N3_2,L_3,M_1
296984,L2,L3,L3,L3,L1,L3,L1,L1,L2,C3_1,D3_1,F3_1,,,N3_2,L_3,M_2
296985,L2,L3,L3,L3,L1,L3,L1,L1,L2,C3_1,D3_1,F3_2,,,N3_1,L_1,M_1
296986,L2,L3,L3,L3,L1,L3,L1,L1,L2,C3_1,D3_1,F3_2,,,N3_1,L_1,M_2
296987,L2,L3,L3,L3,L1,L3,L1,L1,L2,C3_1,D3_1,F3_2,,,N3_1,L_2,M_1
296988,L2,L3,L3,L3,L1,L3,L1,L1,L2,C3_1,D3_1,F3_2,,,N3_1,L_2,M_2
296989,L2,L3,L3,L3,L1,L3,L1,L1,L2,C3_1,D3_1,F3_2,,,N3_1,L_3,M_1
296990,L2,L3,L3,L3,L1,L3,L1,L1,L2,C3_1,D3_1,F3_2,,,N3_1,L_3,M_2
296991,L2,L3,L3,L3,L1,L3,L1,L1,L2,C3_1,D3_1,F3_2,,,N3_2,L_1,M_1
296992,L2,L3,L3,L3,L1,L3,L1,L1,L2,C3_1,D3_1,F3_2,,,N3_2,L_1,M_2
296993,L2,L3,L3,L3,L1,L3,L1,L1,L2,C3_1,D3_1,F3_2,,,N3_2,L_2,M_1
296994,L2,L3,L3,L3,L1,L3,L1,L1,L2,C3_1,D3_1,F3_2,,,N3_2,L_2,M_2
296995,L2,L3,L3,L3,L1,L3,L1,L1,L2,C3_1,D3_1,F3_2,,,N3_2,L_3,M_1
296996,L2,L3,L3,L3,L1,L3,L1,L1,L2,C3_1,D3_1,F3_2,,,N3_2,L_3,M_2
296997,L2,L3,L3,L3,L1,L3,L1,L1,L2,C3_1,D3_1,F3_3,,,N3_1,L_1,M_1
296998,L2,L3,L3,L3,L1,L3,L1,L1,L2,C3_1,D3_1,F3_3,,,N3_1,L_1,M_2
296999,L2,L3,L3,L3,L1,L3,L1,L1,L2,C3_1,D3_1,F3_3,,,N3_1,L_2,M_1
297000,L2,L3,L3,L3,L1,L3,L1,L1,L2,C3_1,D3_1,F3_3,,,N3_1,L_2,M_2
297001,L2,L3,L3,L3,L1,L3,L1,L1,L2,C3_1,D3_1,F3_3,,,N3_1,L_3,M_1
297002,L2,L3,L3,L3,L1,L3,L1,L1,L2,C3_1,D3_1,F3_3,,,N3_1,L_3,M_2
297003,L2,L3,L3,L3,L1,L3,L1,L1,L2,C3_1,D3_1,F3_3,,,N3_2,L_1,M_1
297004,L2,L3,L3,L3,L1,L3,L1,L1,L2,C3_1,D3_1,F3_3,,,N3_2,L_1,M_2
297005,L2,L3,L3,L3,L1,L3,L1,L1,L2,C3_1,D3_1,F3_3,,,N3_2,L_2,M_1
297006,L2,L3,L3,L3,L1,L3,L1,L1,L2,C3_1,D3_1,F3_3,,,N3_2,L_2,M_2
297007,L2,L3,L3,L3,L1,L3,L1,L1,L2,C3_1,D3_1,F3_3,,,N3_2,L_3,M_1
297008,L2,L3,L3,L3,L1,L3,L1,L1,L2,C3_1,D3_1,F3_3,,,N3_2,L_3,M_2
297009,L2,L3,L3,L3,L1,L3,L1,L1,L2,C3_1,D3_2,F3_1,,,N3_1,L_1,M_1
297010,L2,L3,L3,L3,L1,L3,L1,L1,L2,C3_1,D3_2,F3_1,,,N3_1,L_1,M_2
297011,L2,L3,L3,L3,L1,L3,L1,L1,L2,C3_1,D3_2,F3_1,,,N3_1,L_2,M_1
297012,L2,L3,L3,L3,L1,L3,L1,L1,L2,C3_1,D3_2,F3_1,,,N3_1,L_2,M_2
297013,L2,L3,L3,L3,L1,L3,L1,L1,L2,C3_1,D3_2,F3_1,,,N3_1,L_3,M_1
297014,L2,L3,L3,L3,L1,L3,L1,L1,L2,C3_1,D3_2,F3_1,,,N3_1,L_3,M_2
297015,L2,L3,L3,L3,L1,L3,L1,L1,L2,C3_1,D3_2,F3_1,,,N3_2,L_1,M_1
297016,L2,L3,L3,L3,L1,L3,L1,L1,L2,C3_1,D3_2,F3_1,,,N3_2,L_1,M_2
297017,L2,L3,L3,L3,L1,L3,L1,L1,L2,C3_1,D3_2,F3_1,,,N3_2,L_2,M_1
297018,L2,L3,L3,L3,L1,L3,L1,L1,L2,C3_1,D3_2,F3_1,,,N3_2,L_2,M_2
297019,L2,L3,L3,L3,L1,L3,L1,L1,L2,C3_1,D3_2,F3_1,,,N3_2,L_3,M_1
297020,L2,L3,L3,L3,L1,L3,L1,L1,L2,C3_1,D3_2,F3_1,,,N3_2,L_3,M_2
297021,L2,L3,L3,L3,L1,L3,L1,L1,L2,C3_1,D3_2,F3_2,,,N3_1,L_1,M_1
297022,L2,L3,L3,L3,L1,L3,L1,L1,L2,C3_1,D3_2,F3_2,,,N3_1,L_1,M_2
297023,L2,L3,L3,L3,L1,L3,L1,L1,L2,C3_1,D3_2,F3_2,,,N3_1,L_2,M_1
297024,L2,L3,L3,L3,L1,L3,L1,L1,L2,C3_1,D3_2,F3_2,,,N3_1,L_2,M_2
297025,L2,L3,L3,L3,L1,L3,L1,L1,L2,C3_1,D3_2,F3_2,,,N3_1,L_3,M_1
297026,L2,L3,L3,L3,L1,L3,L1,L1,L2,C3_1,D3_2,F3_2,,,N3_1,L_3,M_2
297027,L2,L3,L3,L3,L1,L3,L1,L1,L2,C3_1,D3_2,F3_2,,,N3_2,L_1,M_1
297028,L2,L3,L3,L3,L1,L3,L1,L1,L2,C3_1,D3_2,F3_2,,,N3_2,L_1,M_2
297029,L2,L3,L3,L3,L1,L3,L1,L1,L2,C3_1,D3_2,F3_2,,,N3_2,L_2,M_1
297030,L2,L3,L3,L3,L1,L3,L1,L1,L2,C3_1,D3_2,F3_2,,,N3_2,L_2,M_2
297031,L2,L3,L3,L3,L1,L3,L1,L1,L2,C3_1,D3_2,F3_2,,,N3_2,L_3,M_1
297032,L2,L3,L3,L3,L1,L3,L1,L1,L2,C3_1,D3_2,F3_2,,,N3_2,L_3,M_2
297033,L2,L3,L3,L3,L1,L3,L1,L1,L2,C3_1,D3_2,F3_3,,,N3_1,L_1,M_1
297034,L2,L3,L3,L3,L1,L3,L1,L1,L2,C3_1,D3_2,F3_3,,,N3_1,L_1,M_2
297035,L2,L3,L3,L3,L1,L3,L1,L1,L2,C3_1,D3_2,F3_3,,,N3_1,L_2,M_1
297036,L2,L3,L3,L3,L1,L3,L1,L1,L2,C3_1,D3_2,F3_3,,,N3_1,L_2,M_2
297037,L2,L3,L3,L3,L1,L3,L1,L1,L2,C3_1,D3_2,F3_3,,,N3_1,L_3,M_1
297038,L2,L3,L3,L3,L1,L3,L1,L1,L2,C3_1,D3_2,F3_3,,,N3_1,L_3,M_2
297039,L2,L3,L3,L3,L1,L3,L1,L1,L2,C3_1,D3_2,F3_3,,,N3_2,L_1,M_1
297040,L2,L3,L3,L3,L1,L3,L1,L1,L2,C3_1,D3_2,F3_3,,,N3_2,L_1,M_2
297041,L2,L3,L3,L3,L1,L3,L1,L1,L2,C3_1,D3_2,F3_3,,,N3_2,L_2,M_1
297042,L2,L3,L3,L3,L1,L3,L1,L1,L2,C3_1,D3_2,F3_3,,,N3_2,L_2,M_2
297043,L2,L3,L3,L3,L1,L3,L1,L1,L2,C3_1,D3_2,F3_3,,,N3_2,L_3,M_1
297044,L2,L3,L3,L3,L1,L3,L1,L1,L2,C3_1,D3_2,F3_3,,,N3_2,L_3,M_2
297045,L2,L3,L3,L3,L1,L3,L1,L1,L2,C3_1,D3_3,F3_1,,,N3_1,L_1,M_1
297046,L2,L3,L3,L3,L1,L3,L1,L1,L2,C3_1,D3_3,F3_1,,,N3_1,L_1,M_2
297047,L2,L3,L3,L3,L1,L3,L1,L1,L2,C3_1,D3_3,F3_1,,,N3_1,L_2,M_1
297048,L2,L3,L3,L3,L1,L3,L1,L1,L2,C3_1,D3_3,F3_1,,,N3_1,L_2,M_2
297049,L2,L3,L3,L3,L1,L3,L1,L1,L2,C3_1,D3_3,F3_1,,,N3_1,L_3,M_1
297050,L2,L3,L3,L3,L1,L3,L1,L1,L2,C3_1,D3_3,F3_1,,,N3_1,L_3,M_2
297051,L2,L3,L3,L3,L1,L3,L1,L1,L2,C3_1,D3_3,F3_1,,,N3_2,L_1,M_1
297052,L2,L3,L3,L3,L1,L3,L1,L1,L2,C3_1,D3_3,F3_1,,,N3_2,L_1,M_2
297053,L2,L3,L3,L3,L1,L3,L1,L1,L2,C3_1,D3_3,F3_1,,,N3_2,L_2,M_1
297054,L2,L3,L3,L3,L1,L3,L1,L1,L2,C3_1,D3_3,F3_1,,,N3_2,L_2,M_2
297055,L2,L3,L3,L3,L1,L3,L1,L1,L2,C3_1,D3_3,F3_1,,,N3_2,L_3,M_1
297056,L2,L3,L3,L3,L1,L3,L1,L1,L2,C3_1,D3_3,F3_1,,,N3_2,L_3,M_2
297057,L2,L3,L3,L3,L1,L3,L1,L1,L2,C3_1,D3_3,F3_2,,,N3_1,L_1,M_1
297058,L2,L3,L3,L3,L1,L3,L1,L1,L2,C3_1,D3_3,F3_2,,,N3_1,L_1,M_2
297059,L2,L3,L3,L3,L1,L3,L1,L1,L2,C3_1,D3_3,F3_2,,,N3_1,L_2,M_1
297060,L2,L3,L3,L3,L1,L3,L1,L1,L2,C3_1,D3_3,F3_2,,,N3_1,L_2,M_2
297061,L2,L3,L3,L3,L1,L3,L1,L1,L2,C3_1,D3_3,F3_2,,,N3_1,L_3,M_1
297062,L2,L3,L3,L3,L1,L3,L1,L1,L2,C3_1,D3_3,F3_2,,,N3_1,L_3,M_2
297063,L2,L3,L3,L3,L1,L3,L1,L1,L2,C3_1,D3_3,F3_2,,,N3_2,L_1,M_1
297064,L2,L3,L3,L3,L1,L3,L1,L1,L2,C3_1,D3_3,F3_2,,,N3_2,L_1,M_2
297065,L2,L3,L3,L3,L1,L3,L1,L1,L2,C3_1,D3_3,F3_2,,,N3_2,L_2,M_1
297066,L2,L3,L3,L3,L1,L3,L1,L1,L2,C3_1,D3_3,F3_2,,,N3_2,L_2,M_2
297067,L2,L3,L3,L3,L1,L3,L1,L1,L2,C3_1,D3_3,F3_2,,,N3_2,L_3,M_1
297068,L2,L3,L3,L3,L1,L3,L1,L1,L2,C3_1,D3_3,F3_2,,,N3_2,L_3,M_2
297069,L2,L3,L3,L3,L1,L3,L1,L1,L2,C3_1,D3_3,F3_3,,,N3_1,L_1,M_1
297070,L2,L3,L3,L3,L1,L3,L1,L1,L2,C3_1,D3_3,F3_3,,,N3_1,L_1,M_2
297071,L2,L3,L3,L3,L1,L3,L1,L1,L2,C3_1,D3_3,F3_3,,,N3_1,L_2,M_1
297072,L2,L3,L3,L3,L1,L3,L1,L1,L2,C3_1,D3_3,F3_3,,,N3_1,L_2,M_2
297073,L2,L3,L3,L3,L1,L3,L1,L1,L2,C3_1,D3_3,F3_3,,,N3_1,L_3,M_1
297074,L2,L3,L3,L3,L1,L3,L1,L1,L2,C3_1,D3_3,F3_3,,,N3_1,L_3,M_2
297075,L2,L3,L3,L3,L1,L3,L1,L1,L2,C3_1,D3_3,F3_3,,,N3_2,L_1,M_1
297076,L2,L3,L3,L3,L1,L3,L1,L1,L2,C3_1,D3_3,F3_3,,,N3_2,L_1,M_2
297077,L2,L3,L3,L3,L1,L3,L1,L1,L2,C3_1,D3_3,F3_3,,,N3_2,L_2,M_1
297078,L2,L3,L3,L3,L1,L3,L1,L1,L2,C3_1,D3_3,F3_3,,,N3_2,L_2,M_2
297079,L2,L3,L3,L3,L1,L3,L1,L1,L2,C3_1,D3_3,F3_3,,,N3_2,L_3,M_1
297080,L2,L3,L3,L3,L1,L3,L1,L1,L2,C3_1,D3_3,F3_3,,,N3_2,L_3,M_2
297081,L2,L3,L3,L3,L1,L3,L1,L1,L2,C3_2,D3_1,F3_1,,,N3_1,L_1,M_1
297082,L2,L3,L3,L3,L1,L3,L1,L1,L2,C3_2,D3_1,F3_1,,,N3_1,L_1,M_2
297083,L2,L3,L3,L3,L1,L3,L1,L1,L2,C3_2,D3_1,F3_1,,,N3_1,L_2,M_1
297084,L2,L3,L3,L3,L1,L3,L1,L1,L2,C3_2,D3_1,F3_1,,,N3_1,L_2,M_2
297085,L2,L3,L3,L3,L1,L3,L1,L1,L2,C3_2,D3_1,F3_1,,,N3_1,L_3,M_1
297086,L2,L3,L3,L3,L1,L3,L1,L1,L2,C3_2,D3_1,F3_1,,,N3_1,L_3,M_2
297087,L2,L3,L3,L3,L1,L3,L1,L1,L2,C3_2,D3_1,F3_1,,,N3_2,L_1,M_1
297088,L2,L3,L3,L3,L1,L3,L1,L1,L2,C3_2,D3_1,F3_1,,,N3_2,L_1,M_2
297089,L2,L3,L3,L3,L1,L3,L1,L1,L2,C3_2,D3_1,F3_1,,,N3_2,L_2,M_1
297090,L2,L3,L3,L3,L1,L3,L1,L1,L2,C3_2,D3_1,F3_1,,,N3_2,L_2,M_2
297091,L2,L3,L3,L3,L1,L3,L1,L1,L2,C3_2,D3_1,F3_1,,,N3_2,L_3,M_1
297092,L2,L3,L3,L3,L1,L3,L1,L1,L2,C3_2,D3_1,F3_1,,,N3_2,L_3,M_2
297093,L2,L3,L3,L3,L1,L3,L1,L1,L2,C3_2,D3_1,F3_2,,,N3_1,L_1,M_1
297094,L2,L3,L3,L3,L1,L3,L1,L1,L2,C3_2,D3_1,F3_2,,,N3_1,L_1,M_2
297095,L2,L3,L3,L3,L1,L3,L1,L1,L2,C3_2,D3_1,F3_2,,,N3_1,L_2,M_1
297096,L2,L3,L3,L3,L1,L3,L1,L1,L2,C3_2,D3_1,F3_2,,,N3_1,L_2,M_2
297097,L2,L3,L3,L3,L1,L3,L1,L1,L2,C3_2,D3_1,F3_2,,,N3_1,L_3,M_1
297098,L2,L3,L3,L3,L1,L3,L1,L1,L2,C3_2,D3_1,F3_2,,,N3_1,L_3,M_2
297099,L2,L3,L3,L3,L1,L3,L1,L1,L2,C3_2,D3_1,F3_2,,,N3_2,L_1,M_1
297100,L2,L3,L3,L3,L1,L3,L1,L1,L2,C3_2,D3_1,F3_2,,,N3_2,L_1,M_2
297101,L2,L3,L3,L3,L1,L3,L1,L1,L2,C3_2,D3_1,F3_2,,,N3_2,L_2,M_1
297102,L2,L3,L3,L3,L1,L3,L1,L1,L2,C3_2,D3_1,F3_2,,,N3_2,L_2,M_2
297103,L2,L3,L3,L3,L1,L3,L1,L1,L2,C3_2,D3_1,F3_2,,,N3_2,L_3,M_1
297104,L2,L3,L3,L3,L1,L3,L1,L1,L2,C3_2,D3_1,F3_2,,,N3_2,L_3,M_2
297105,L2,L3,L3,L3,L1,L3,L1,L1,L2,C3_2,D3_1,F3_3,,,N3_1,L_1,M_1
297106,L2,L3,L3,L3,L1,L3,L1,L1,L2,C3_2,D3_1,F3_3,,,N3_1,L_1,M_2
297107,L2,L3,L3,L3,L1,L3,L1,L1,L2,C3_2,D3_1,F3_3,,,N3_1,L_2,M_1
297108,L2,L3,L3,L3,L1,L3,L1,L1,L2,C3_2,D3_1,F3_3,,,N3_1,L_2,M_2
297109,L2,L3,L3,L3,L1,L3,L1,L1,L2,C3_2,D3_1,F3_3,,,N3_1,L_3,M_1
297110,L2,L3,L3,L3,L1,L3,L1,L1,L2,C3_2,D3_1,F3_3,,,N3_1,L_3,M_2
297111,L2,L3,L3,L3,L1,L3,L1,L1,L2,C3_2,D3_1,F3_3,,,N3_2,L_1,M_1
297112,L2,L3,L3,L3,L1,L3,L1,L1,L2,C3_2,D3_1,F3_3,,,N3_2,L_1,M_2
297113,L2,L3,L3,L3,L1,L3,L1,L1,L2,C3_2,D3_1,F3_3,,,N3_2,L_2,M_1
297114,L2,L3,L3,L3,L1,L3,L1,L1,L2,C3_2,D3_1,F3_3,,,N3_2,L_2,M_2
297115,L2,L3,L3,L3,L1,L3,L1,L1,L2,C3_2,D3_1,F3_3,,,N3_2,L_3,M_1
297116,L2,L3,L3,L3,L1,L3,L1,L1,L2,C3_2,D3_1,F3_3,,,N3_2,L_3,M_2
297117,L2,L3,L3,L3,L1,L3,L1,L1,L2,C3_2,D3_2,F3_1,,,N3_1,L_1,M_1
297118,L2,L3,L3,L3,L1,L3,L1,L1,L2,C3_2,D3_2,F3_1,,,N3_1,L_1,M_2
297119,L2,L3,L3,L3,L1,L3,L1,L1,L2,C3_2,D3_2,F3_1,,,N3_1,L_2,M_1
297120,L2,L3,L3,L3,L1,L3,L1,L1,L2,C3_2,D3_2,F3_1,,,N3_1,L_2,M_2
297121,L2,L3,L3,L3,L1,L3,L1,L1,L2,C3_2,D3_2,F3_1,,,N3_1,L_3,M_1
297122,L2,L3,L3,L3,L1,L3,L1,L1,L2,C3_2,D3_2,F3_1,,,N3_1,L_3,M_2
297123,L2,L3,L3,L3,L1,L3,L1,L1,L2,C3_2,D3_2,F3_1,,,N3_2,L_1,M_1
297124,L2,L3,L3,L3,L1,L3,L1,L1,L2,C3_2,D3_2,F3_1,,,N3_2,L_1,M_2
297125,L2,L3,L3,L3,L1,L3,L1,L1,L2,C3_2,D3_2,F3_1,,,N3_2,L_2,M_1
297126,L2,L3,L3,L3,L1,L3,L1,L1,L2,C3_2,D3_2,F3_1,,,N3_2,L_2,M_2
297127,L2,L3,L3,L3,L1,L3,L1,L1,L2,C3_2,D3_2,F3_1,,,N3_2,L_3,M_1
297128,L2,L3,L3,L3,L1,L3,L1,L1,L2,C3_2,D3_2,F3_1,,,N3_2,L_3,M_2
297129,L2,L3,L3,L3,L1,L3,L1,L1,L2,C3_2,D3_2,F3_2,,,N3_1,L_1,M_1
297130,L2,L3,L3,L3,L1,L3,L1,L1,L2,C3_2,D3_2,F3_2,,,N3_1,L_1,M_2
297131,L2,L3,L3,L3,L1,L3,L1,L1,L2,C3_2,D3_2,F3_2,,,N3_1,L_2,M_1
297132,L2,L3,L3,L3,L1,L3,L1,L1,L2,C3_2,D3_2,F3_2,,,N3_1,L_2,M_2
297133,L2,L3,L3,L3,L1,L3,L1,L1,L2,C3_2,D3_2,F3_2,,,N3_1,L_3,M_1
297134,L2,L3,L3,L3,L1,L3,L1,L1,L2,C3_2,D3_2,F3_2,,,N3_1,L_3,M_2
297135,L2,L3,L3,L3,L1,L3,L1,L1,L2,C3_2,D3_2,F3_2,,,N3_2,L_1,M_1
297136,L2,L3,L3,L3,L1,L3,L1,L1,L2,C3_2,D3_2,F3_2,,,N3_2,L_1,M_2
297137,L2,L3,L3,L3,L1,L3,L1,L1,L2,C3_2,D3_2,F3_2,,,N3_2,L_2,M_1
297138,L2,L3,L3,L3,L1,L3,L1,L1,L2,C3_2,D3_2,F3_2,,,N3_2,L_2,M_2
297139,L2,L3,L3,L3,L1,L3,L1,L1,L2,C3_2,D3_2,F3_2,,,N3_2,L_3,M_1
297140,L2,L3,L3,L3,L1,L3,L1,L1,L2,C3_2,D3_2,F3_2,,,N3_2,L_3,M_2
297141,L2,L3,L3,L3,L1,L3,L1,L1,L2,C3_2,D3_2,F3_3,,,N3_1,L_1,M_1
297142,L2,L3,L3,L3,L1,L3,L1,L1,L2,C3_2,D3_2,F3_3,,,N3_1,L_1,M_2
297143,L2,L3,L3,L3,L1,L3,L1,L1,L2,C3_2,D3_2,F3_3,,,N3_1,L_2,M_1
297144,L2,L3,L3,L3,L1,L3,L1,L1,L2,C3_2,D3_2,F3_3,,,N3_1,L_2,M_2
297145,L2,L3,L3,L3,L1,L3,L1,L1,L2,C3_2,D3_2,F3_3,,,N3_1,L_3,M_1
297146,L2,L3,L3,L3,L1,L3,L1,L1,L2,C3_2,D3_2,F3_3,,,N3_1,L_3,M_2
297147,L2,L3,L3,L3,L1,L3,L1,L1,L2,C3_2,D3_2,F3_3,,,N3_2,L_1,M_1
297148,L2,L3,L3,L3,L1,L3,L1,L1,L2,C3_2,D3_2,F3_3,,,N3_2,L_1,M_2
297149,L2,L3,L3,L3,L1,L3,L1,L1,L2,C3_2,D3_2,F3_3,,,N3_2,L_2,M_1
297150,L2,L3,L3,L3,L1,L3,L1,L1,L2,C3_2,D3_2,F3_3,,,N3_2,L_2,M_2
297151,L2,L3,L3,L3,L1,L3,L1,L1,L2,C3_2,D3_2,F3_3,,,N3_2,L_3,M_1
297152,L2,L3,L3,L3,L1,L3,L1,L1,L2,C3_2,D3_2,F3_3,,,N3_2,L_3,M_2
297153,L2,L3,L3,L3,L1,L3,L1,L1,L2,C3_2,D3_3,F3_1,,,N3_1,L_1,M_1
297154,L2,L3,L3,L3,L1,L3,L1,L1,L2,C3_2,D3_3,F3_1,,,N3_1,L_1,M_2
297155,L2,L3,L3,L3,L1,L3,L1,L1,L2,C3_2,D3_3,F3_1,,,N3_1,L_2,M_1
297156,L2,L3,L3,L3,L1,L3,L1,L1,L2,C3_2,D3_3,F3_1,,,N3_1,L_2,M_2
297157,L2,L3,L3,L3,L1,L3,L1,L1,L2,C3_2,D3_3,F3_1,,,N3_1,L_3,M_1
297158,L2,L3,L3,L3,L1,L3,L1,L1,L2,C3_2,D3_3,F3_1,,,N3_1,L_3,M_2
297159,L2,L3,L3,L3,L1,L3,L1,L1,L2,C3_2,D3_3,F3_1,,,N3_2,L_1,M_1
297160,L2,L3,L3,L3,L1,L3,L1,L1,L2,C3_2,D3_3,F3_1,,,N3_2,L_1,M_2
297161,L2,L3,L3,L3,L1,L3,L1,L1,L2,C3_2,D3_3,F3_1,,,N3_2,L_2,M_1
297162,L2,L3,L3,L3,L1,L3,L1,L1,L2,C3_2,D3_3,F3_1,,,N3_2,L_2,M_2
297163,L2,L3,L3,L3,L1,L3,L1,L1,L2,C3_2,D3_3,F3_1,,,N3_2,L_3,M_1
297164,L2,L3,L3,L3,L1,L3,L1,L1,L2,C3_2,D3_3,F3_1,,,N3_2,L_3,M_2
297165,L2,L3,L3,L3,L1,L3,L1,L1,L2,C3_2,D3_3,F3_2,,,N3_1,L_1,M_1
297166,L2,L3,L3,L3,L1,L3,L1,L1,L2,C3_2,D3_3,F3_2,,,N3_1,L_1,M_2
297167,L2,L3,L3,L3,L1,L3,L1,L1,L2,C3_2,D3_3,F3_2,,,N3_1,L_2,M_1
297168,L2,L3,L3,L3,L1,L3,L1,L1,L2,C3_2,D3_3,F3_2,,,N3_1,L_2,M_2
297169,L2,L3,L3,L3,L1,L3,L1,L1,L2,C3_2,D3_3,F3_2,,,N3_1,L_3,M_1
297170,L2,L3,L3,L3,L1,L3,L1,L1,L2,C3_2,D3_3,F3_2,,,N3_1,L_3,M_2
297171,L2,L3,L3,L3,L1,L3,L1,L1,L2,C3_2,D3_3,F3_2,,,N3_2,L_1,M_1
297172,L2,L3,L3,L3,L1,L3,L1,L1,L2,C3_2,D3_3,F3_2,,,N3_2,L_1,M_2
297173,L2,L3,L3,L3,L1,L3,L1,L1,L2,C3_2,D3_3,F3_2,,,N3_2,L_2,M_1
297174,L2,L3,L3,L3,L1,L3,L1,L1,L2,C3_2,D3_3,F3_2,,,N3_2,L_2,M_2
297175,L2,L3,L3,L3,L1,L3,L1,L1,L2,C3_2,D3_3,F3_2,,,N3_2,L_3,M_1
297176,L2,L3,L3,L3,L1,L3,L1,L1,L2,C3_2,D3_3,F3_2,,,N3_2,L_3,M_2
297177,L2,L3,L3,L3,L1,L3,L1,L1,L2,C3_2,D3_3,F3_3,,,N3_1,L_1,M_1
297178,L2,L3,L3,L3,L1,L3,L1,L1,L2,C3_2,D3_3,F3_3,,,N3_1,L_1,M_2
297179,L2,L3,L3,L3,L1,L3,L1,L1,L2,C3_2,D3_3,F3_3,,,N3_1,L_2,M_1
297180,L2,L3,L3,L3,L1,L3,L1,L1,L2,C3_2,D3_3,F3_3,,,N3_1,L_2,M_2
297181,L2,L3,L3,L3,L1,L3,L1,L1,L2,C3_2,D3_3,F3_3,,,N3_1,L_3,M_1
297182,L2,L3,L3,L3,L1,L3,L1,L1,L2,C3_2,D3_3,F3_3,,,N3_1,L_3,M_2
297183,L2,L3,L3,L3,L1,L3,L1,L1,L2,C3_2,D3_3,F3_3,,,N3_2,L_1,M_1
297184,L2,L3,L3,L3,L1,L3,L1,L1,L2,C3_2,D3_3,F3_3,,,N3_2,L_1,M_2
297185,L2,L3,L3,L3,L1,L3,L1,L1,L2,C3_2,D3_3,F3_3,,,N3_2,L_2,M_1
297186,L2,L3,L3,L3,L1,L3,L1,L1,L2,C3_2,D3_3,F3_3,,,N3_2,L_2,M_2
297187,L2,L3,L3,L3,L1,L3,L1,L1,L2,C3_2,D3_3,F3_3,,,N3_2,L_3,M_1
297188,L2,L3,L3,L3,L1,L3,L1,L1,L2,C3_2,D3_3,F3_3,,,N3_2,L_3,M_2
297189,L2,L3,L3,L3,L1,L3,L1,L1,L2,C3_3,D3_1,F3_1,,,N3_1,L_1,M_1
297190,L2,L3,L3,L3,L1,L3,L1,L1,L2,C3_3,D3_1,F3_1,,,N3_1,L_1,M_2
297191,L2,L3,L3,L3,L1,L3,L1,L1,L2,C3_3,D3_1,F3_1,,,N3_1,L_2,M_1
297192,L2,L3,L3,L3,L1,L3,L1,L1,L2,C3_3,D3_1,F3_1,,,N3_1,L_2,M_2
297193,L2,L3,L3,L3,L1,L3,L1,L1,L2,C3_3,D3_1,F3_1,,,N3_1,L_3,M_1
297194,L2,L3,L3,L3,L1,L3,L1,L1,L2,C3_3,D3_1,F3_1,,,N3_1,L_3,M_2
297195,L2,L3,L3,L3,L1,L3,L1,L1,L2,C3_3,D3_1,F3_1,,,N3_2,L_1,M_1
297196,L2,L3,L3,L3,L1,L3,L1,L1,L2,C3_3,D3_1,F3_1,,,N3_2,L_1,M_2
297197,L2,L3,L3,L3,L1,L3,L1,L1,L2,C3_3,D3_1,F3_1,,,N3_2,L_2,M_1
297198,L2,L3,L3,L3,L1,L3,L1,L1,L2,C3_3,D3_1,F3_1,,,N3_2,L_2,M_2
297199,L2,L3,L3,L3,L1,L3,L1,L1,L2,C3_3,D3_1,F3_1,,,N3_2,L_3,M_1
297200,L2,L3,L3,L3,L1,L3,L1,L1,L2,C3_3,D3_1,F3_1,,,N3_2,L_3,M_2
297201,L2,L3,L3,L3,L1,L3,L1,L1,L2,C3_3,D3_1,F3_2,,,N3_1,L_1,M_1
297202,L2,L3,L3,L3,L1,L3,L1,L1,L2,C3_3,D3_1,F3_2,,,N3_1,L_1,M_2
297203,L2,L3,L3,L3,L1,L3,L1,L1,L2,C3_3,D3_1,F3_2,,,N3_1,L_2,M_1
297204,L2,L3,L3,L3,L1,L3,L1,L1,L2,C3_3,D3_1,F3_2,,,N3_1,L_2,M_2
297205,L2,L3,L3,L3,L1,L3,L1,L1,L2,C3_3,D3_1,F3_2,,,N3_1,L_3,M_1
297206,L2,L3,L3,L3,L1,L3,L1,L1,L2,C3_3,D3_1,F3_2,,,N3_1,L_3,M_2
297207,L2,L3,L3,L3,L1,L3,L1,L1,L2,C3_3,D3_1,F3_2,,,N3_2,L_1,M_1
297208,L2,L3,L3,L3,L1,L3,L1,L1,L2,C3_3,D3_1,F3_2,,,N3_2,L_1,M_2
297209,L2,L3,L3,L3,L1,L3,L1,L1,L2,C3_3,D3_1,F3_2,,,N3_2,L_2,M_1
297210,L2,L3,L3,L3,L1,L3,L1,L1,L2,C3_3,D3_1,F3_2,,,N3_2,L_2,M_2
297211,L2,L3,L3,L3,L1,L3,L1,L1,L2,C3_3,D3_1,F3_2,,,N3_2,L_3,M_1
297212,L2,L3,L3,L3,L1,L3,L1,L1,L2,C3_3,D3_1,F3_2,,,N3_2,L_3,M_2
297213,L2,L3,L3,L3,L1,L3,L1,L1,L2,C3_3,D3_1,F3_3,,,N3_1,L_1,M_1
297214,L2,L3,L3,L3,L1,L3,L1,L1,L2,C3_3,D3_1,F3_3,,,N3_1,L_1,M_2
297215,L2,L3,L3,L3,L1,L3,L1,L1,L2,C3_3,D3_1,F3_3,,,N3_1,L_2,M_1
297216,L2,L3,L3,L3,L1,L3,L1,L1,L2,C3_3,D3_1,F3_3,,,N3_1,L_2,M_2
297217,L2,L3,L3,L3,L1,L3,L1,L1,L2,C3_3,D3_1,F3_3,,,N3_1,L_3,M_1
297218,L2,L3,L3,L3,L1,L3,L1,L1,L2,C3_3,D3_1,F3_3,,,N3_1,L_3,M_2
297219,L2,L3,L3,L3,L1,L3,L1,L1,L2,C3_3,D3_1,F3_3,,,N3_2,L_1,M_1
297220,L2,L3,L3,L3,L1,L3,L1,L1,L2,C3_3,D3_1,F3_3,,,N3_2,L_1,M_2
297221,L2,L3,L3,L3,L1,L3,L1,L1,L2,C3_3,D3_1,F3_3,,,N3_2,L_2,M_1
297222,L2,L3,L3,L3,L1,L3,L1,L1,L2,C3_3,D3_1,F3_3,,,N3_2,L_2,M_2
297223,L2,L3,L3,L3,L1,L3,L1,L1,L2,C3_3,D3_1,F3_3,,,N3_2,L_3,M_1
297224,L2,L3,L3,L3,L1,L3,L1,L1,L2,C3_3,D3_1,F3_3,,,N3_2,L_3,M_2
297225,L2,L3,L3,L3,L1,L3,L1,L1,L2,C3_3,D3_2,F3_1,,,N3_1,L_1,M_1
297226,L2,L3,L3,L3,L1,L3,L1,L1,L2,C3_3,D3_2,F3_1,,,N3_1,L_1,M_2
297227,L2,L3,L3,L3,L1,L3,L1,L1,L2,C3_3,D3_2,F3_1,,,N3_1,L_2,M_1
297228,L2,L3,L3,L3,L1,L3,L1,L1,L2,C3_3,D3_2,F3_1,,,N3_1,L_2,M_2
297229,L2,L3,L3,L3,L1,L3,L1,L1,L2,C3_3,D3_2,F3_1,,,N3_1,L_3,M_1
297230,L2,L3,L3,L3,L1,L3,L1,L1,L2,C3_3,D3_2,F3_1,,,N3_1,L_3,M_2
297231,L2,L3,L3,L3,L1,L3,L1,L1,L2,C3_3,D3_2,F3_1,,,N3_2,L_1,M_1
297232,L2,L3,L3,L3,L1,L3,L1,L1,L2,C3_3,D3_2,F3_1,,,N3_2,L_1,M_2
297233,L2,L3,L3,L3,L1,L3,L1,L1,L2,C3_3,D3_2,F3_1,,,N3_2,L_2,M_1
297234,L2,L3,L3,L3,L1,L3,L1,L1,L2,C3_3,D3_2,F3_1,,,N3_2,L_2,M_2
297235,L2,L3,L3,L3,L1,L3,L1,L1,L2,C3_3,D3_2,F3_1,,,N3_2,L_3,M_1
297236,L2,L3,L3,L3,L1,L3,L1,L1,L2,C3_3,D3_2,F3_1,,,N3_2,L_3,M_2
297237,L2,L3,L3,L3,L1,L3,L1,L1,L2,C3_3,D3_2,F3_2,,,N3_1,L_1,M_1
297238,L2,L3,L3,L3,L1,L3,L1,L1,L2,C3_3,D3_2,F3_2,,,N3_1,L_1,M_2
297239,L2,L3,L3,L3,L1,L3,L1,L1,L2,C3_3,D3_2,F3_2,,,N3_1,L_2,M_1
297240,L2,L3,L3,L3,L1,L3,L1,L1,L2,C3_3,D3_2,F3_2,,,N3_1,L_2,M_2
297241,L2,L3,L3,L3,L1,L3,L1,L1,L2,C3_3,D3_2,F3_2,,,N3_1,L_3,M_1
297242,L2,L3,L3,L3,L1,L3,L1,L1,L2,C3_3,D3_2,F3_2,,,N3_1,L_3,M_2
297243,L2,L3,L3,L3,L1,L3,L1,L1,L2,C3_3,D3_2,F3_2,,,N3_2,L_1,M_1
297244,L2,L3,L3,L3,L1,L3,L1,L1,L2,C3_3,D3_2,F3_2,,,N3_2,L_1,M_2
297245,L2,L3,L3,L3,L1,L3,L1,L1,L2,C3_3,D3_2,F3_2,,,N3_2,L_2,M_1
297246,L2,L3,L3,L3,L1,L3,L1,L1,L2,C3_3,D3_2,F3_2,,,N3_2,L_2,M_2
297247,L2,L3,L3,L3,L1,L3,L1,L1,L2,C3_3,D3_2,F3_2,,,N3_2,L_3,M_1
297248,L2,L3,L3,L3,L1,L3,L1,L1,L2,C3_3,D3_2,F3_2,,,N3_2,L_3,M_2
297249,L2,L3,L3,L3,L1,L3,L1,L1,L2,C3_3,D3_2,F3_3,,,N3_1,L_1,M_1
297250,L2,L3,L3,L3,L1,L3,L1,L1,L2,C3_3,D3_2,F3_3,,,N3_1,L_1,M_2
297251,L2,L3,L3,L3,L1,L3,L1,L1,L2,C3_3,D3_2,F3_3,,,N3_1,L_2,M_1
297252,L2,L3,L3,L3,L1,L3,L1,L1,L2,C3_3,D3_2,F3_3,,,N3_1,L_2,M_2
297253,L2,L3,L3,L3,L1,L3,L1,L1,L2,C3_3,D3_2,F3_3,,,N3_1,L_3,M_1
297254,L2,L3,L3,L3,L1,L3,L1,L1,L2,C3_3,D3_2,F3_3,,,N3_1,L_3,M_2
297255,L2,L3,L3,L3,L1,L3,L1,L1,L2,C3_3,D3_2,F3_3,,,N3_2,L_1,M_1
297256,L2,L3,L3,L3,L1,L3,L1,L1,L2,C3_3,D3_2,F3_3,,,N3_2,L_1,M_2
297257,L2,L3,L3,L3,L1,L3,L1,L1,L2,C3_3,D3_2,F3_3,,,N3_2,L_2,M_1
297258,L2,L3,L3,L3,L1,L3,L1,L1,L2,C3_3,D3_2,F3_3,,,N3_2,L_2,M_2
297259,L2,L3,L3,L3,L1,L3,L1,L1,L2,C3_3,D3_2,F3_3,,,N3_2,L_3,M_1
297260,L2,L3,L3,L3,L1,L3,L1,L1,L2,C3_3,D3_2,F3_3,,,N3_2,L_3,M_2
297261,L2,L3,L3,L3,L1,L3,L1,L1,L2,C3_3,D3_3,F3_1,,,N3_1,L_1,M_1
297262,L2,L3,L3,L3,L1,L3,L1,L1,L2,C3_3,D3_3,F3_1,,,N3_1,L_1,M_2
297263,L2,L3,L3,L3,L1,L3,L1,L1,L2,C3_3,D3_3,F3_1,,,N3_1,L_2,M_1
297264,L2,L3,L3,L3,L1,L3,L1,L1,L2,C3_3,D3_3,F3_1,,,N3_1,L_2,M_2
297265,L2,L3,L3,L3,L1,L3,L1,L1,L2,C3_3,D3_3,F3_1,,,N3_1,L_3,M_1
297266,L2,L3,L3,L3,L1,L3,L1,L1,L2,C3_3,D3_3,F3_1,,,N3_1,L_3,M_2
297267,L2,L3,L3,L3,L1,L3,L1,L1,L2,C3_3,D3_3,F3_1,,,N3_2,L_1,M_1
297268,L2,L3,L3,L3,L1,L3,L1,L1,L2,C3_3,D3_3,F3_1,,,N3_2,L_1,M_2
297269,L2,L3,L3,L3,L1,L3,L1,L1,L2,C3_3,D3_3,F3_1,,,N3_2,L_2,M_1
297270,L2,L3,L3,L3,L1,L3,L1,L1,L2,C3_3,D3_3,F3_1,,,N3_2,L_2,M_2
297271,L2,L3,L3,L3,L1,L3,L1,L1,L2,C3_3,D3_3,F3_1,,,N3_2,L_3,M_1
297272,L2,L3,L3,L3,L1,L3,L1,L1,L2,C3_3,D3_3,F3_1,,,N3_2,L_3,M_2
297273,L2,L3,L3,L3,L1,L3,L1,L1,L2,C3_3,D3_3,F3_2,,,N3_1,L_1,M_1
297274,L2,L3,L3,L3,L1,L3,L1,L1,L2,C3_3,D3_3,F3_2,,,N3_1,L_1,M_2
297275,L2,L3,L3,L3,L1,L3,L1,L1,L2,C3_3,D3_3,F3_2,,,N3_1,L_2,M_1
297276,L2,L3,L3,L3,L1,L3,L1,L1,L2,C3_3,D3_3,F3_2,,,N3_1,L_2,M_2
297277,L2,L3,L3,L3,L1,L3,L1,L1,L2,C3_3,D3_3,F3_2,,,N3_1,L_3,M_1
297278,L2,L3,L3,L3,L1,L3,L1,L1,L2,C3_3,D3_3,F3_2,,,N3_1,L_3,M_2
297279,L2,L3,L3,L3,L1,L3,L1,L1,L2,C3_3,D3_3,F3_2,,,N3_2,L_1,M_1
297280,L2,L3,L3,L3,L1,L3,L1,L1,L2,C3_3,D3_3,F3_2,,,N3_2,L_1,M_2
297281,L2,L3,L3,L3,L1,L3,L1,L1,L2,C3_3,D3_3,F3_2,,,N3_2,L_2,M_1
297282,L2,L3,L3,L3,L1,L3,L1,L1,L2,C3_3,D3_3,F3_2,,,N3_2,L_2,M_2
297283,L2,L3,L3,L3,L1,L3,L1,L1,L2,C3_3,D3_3,F3_2,,,N3_2,L_3,M_1
297284,L2,L3,L3,L3,L1,L3,L1,L1,L2,C3_3,D3_3,F3_2,,,N3_2,L_3,M_2
297285,L2,L3,L3,L3,L1,L3,L1,L1,L2,C3_3,D3_3,F3_3,,,N3_1,L_1,M_1
297286,L2,L3,L3,L3,L1,L3,L1,L1,L2,C3_3,D3_3,F3_3,,,N3_1,L_1,M_2
297287,L2,L3,L3,L3,L1,L3,L1,L1,L2,C3_3,D3_3,F3_3,,,N3_1,L_2,M_1
297288,L2,L3,L3,L3,L1,L3,L1,L1,L2,C3_3,D3_3,F3_3,,,N3_1,L_2,M_2
297289,L2,L3,L3,L3,L1,L3,L1,L1,L2,C3_3,D3_3,F3_3,,,N3_1,L_3,M_1
297290,L2,L3,L3,L3,L1,L3,L1,L1,L2,C3_3,D3_3,F3_3,,,N3_1,L_3,M_2
297291,L2,L3,L3,L3,L1,L3,L1,L1,L2,C3_3,D3_3,F3_3,,,N3_2,L_1,M_1
297292,L2,L3,L3,L3,L1,L3,L1,L1,L2,C3_3,D3_3,F3_3,,,N3_2,L_1,M_2
297293,L2,L3,L3,L3,L1,L3,L1,L1,L2,C3_3,D3_3,F3_3,,,N3_2,L_2,M_1
297294,L2,L3,L3,L3,L1,L3,L1,L1,L2,C3_3,D3_3,F3_3,,,N3_2,L_2,M_2
297295,L2,L3,L3,L3,L1,L3,L1,L1,L2,C3_3,D3_3,F3_3,,,N3_2,L_3,M_1
297296,L2,L3,L3,L3,L1,L3,L1,L1,L2,C3_3,D3_3,F3_3,,,N3_2,L_3,M_2
307341,L2,L3,L3,L1,L2,L3,L1,L1,L2,C3_1,D3_1,F3_1,,,N3_1,L_1,M_1
307342,L2,L3,L3,L1,L2,L3,L1,L1,L2,C3_1,D3_1,F3_1,,,N3_1,L_1,M_2
307343,L2,L3,L3,L1,L2,L3,L1,L1,L2,C3_1,D3_1,F3_1,,,N3_1,L_2,M_1
307344,L2,L3,L3,L1,L2,L3,L1,L1,L2,C3_1,D3_1,F3_1,,,N3_1,L_2,M_2
307345,L2,L3,L3,L1,L2,L3,L1,L1,L2,C3_1,D3_1,F3_1,,,N3_1,L_3,M_1
307346,L2,L3,L3,L1,L2,L3,L1,L1,L2,C3_1,D3_1,F3_1,,,N3_1,L_3,M_2
307347,L2,L3,L3,L1,L2,L3,L1,L1,L2,C3_1,D3_1,F3_1,,,N3_2,L_1,M_1
307348,L2,L3,L3,L1,L2,L3,L1,L1,L2,C3_1,D3_1,F3_1,,,N3_2,L_1,M_2
307349,L2,L3,L3,L1,L2,L3,L1,L1,L2,C3_1,D3_1,F3_1,,,N3_2,L_2,M_1
307350,L2,L3,L3,L1,L2,L3,L1,L1,L2,C3_1,D3_1,F3_1,,,N3_2,L_2,M_2
307351,L2,L3,L3,L1,L2,L3,L1,L1,L2,C3_1,D3_1,F3_1,,,N3_2,L_3,M_1
307352,L2,L3,L3,L1,L2,L3,L1,L1,L2,C3_1,D3_1,F3_1,,,N3_2,L_3,M_2
307353,L2,L3,L3,L1,L2,L3,L1,L1,L2,C3_1,D3_1,F3_2,,,N3_1,L_1,M_1
307354,L2,L3,L3,L1,L2,L3,L1,L1,L2,C3_1,D3_1,F3_2,,,N3_1,L_1,M_2
307355,L2,L3,L3,L1,L2,L3,L1,L1,L2,C3_1,D3_1,F3_2,,,N3_1,L_2,M_1
307356,L2,L3,L3,L1,L2,L3,L1,L1,L2,C3_1,D3_1,F3_2,,,N3_1,L_2,M_2
307357,L2,L3,L3,L1,L2,L3,L1,L1,L2,C3_1,D3_1,F3_2,,,N3_1,L_3,M_1
307358,L2,L3,L3,L1,L2,L3,L1,L1,L2,C3_1,D3_1,F3_2,,,N3_1,L_3,M_2
307359,L2,L3,L3,L1,L2,L3,L1,L1,L2,C3_1,D3_1,F3_2,,,N3_2,L_1,M_1
307360,L2,L3,L3,L1,L2,L3,L1,L1,L2,C3_1,D3_1,F3_2,,,N3_2,L_1,M_2
307361,L2,L3,L3,L1,L2,L3,L1,L1,L2,C3_1,D3_1,F3_2,,,N3_2,L_2,M_1
307362,L2,L3,L3,L1,L2,L3,L1,L1,L2,C3_1,D3_1,F3_2,,,N3_2,L_2,M_2
307363,L2,L3,L3,L1,L2,L3,L1,L1,L2,C3_1,D3_1,F3_2,,,N3_2,L_3,M_1
307364,L2,L3,L3,L1,L2,L3,L1,L1,L2,C3_1,D3_1,F3_2,,,N3_2,L_3,M_2
307365,L2,L3,L3,L1,L2,L3,L1,L1,L2,C3_1,D3_1,F3_3,,,N3_1,L_1,M_1
307366,L2,L3,L3,L1,L2,L3,L1,L1,L2,C3_1,D3_1,F3_3,,,N3_1,L_1,M_2
307367,L2,L3,L3,L1,L2,L3,L1,L1,L2,C3_1,D3_1,F3_3,,,N3_1,L_2,M_1
307368,L2,L3,L3,L1,L2,L3,L1,L1,L2,C3_1,D3_1,F3_3,,,N3_1,L_2,M_2
307369,L2,L3,L3,L1,L2,L3,L1,L1,L2,C3_1,D3_1,F3_3,,,N3_1,L_3,M_1
307370,L2,L3,L3,L1,L2,L3,L1,L1,L2,C3_1,D3_1,F3_3,,,N3_1,L_3,M_2
307371,L2,L3,L3,L1,L2,L3,L1,L1,L2,C3_1,D3_1,F3_3,,,N3_2,L_1,M_1
307372,L2,L3,L3,L1,L2,L3,L1,L1,L2,C3_1,D3_1,F3_3,,,N3_2,L_1,M_2
307373,L2,L3,L3,L1,L2,L3,L1,L1,L2,C3_1,D3_1,F3_3,,,N3_2,L_2,M_1
307374,L2,L3,L3,L1,L2,L3,L1,L1,L2,C3_1,D3_1,F3_3,,,N3_2,L_2,M_2
307375,L2,L3,L3,L1,L2,L3,L1,L1,L2,C3_1,D3_1,F3_3,,,N3_2,L_3,M_1
307376,L2,L3,L3,L1,L2,L3,L1,L1,L2,C3_1,D3_1,F3_3,,,N3_2,L_3,M_2
307377,L2,L3,L3,L1,L2,L3,L1,L1,L2,C3_1,D3_2,F3_1,,,N3_1,L_1,M_1
307378,L2,L3,L3,L1,L2,L3,L1,L1,L2,C3_1,D3_2,F3_1,,,N3_1,L_1,M_2
307379,L2,L3,L3,L1,L2,L3,L1,L1,L2,C3_1,D3_2,F3_1,,,N3_1,L_2,M_1
307380,L2,L3,L3,L1,L2,L3,L1,L1,L2,C3_1,D3_2,F3_1,,,N3_1,L_2,M_2
307381,L2,L3,L3,L1,L2,L3,L1,L1,L2,C3_1,D3_2,F3_1,,,N3_1,L_3,M_1
307382,L2,L3,L3,L1,L2,L3,L1,L1,L2,C3_1,D3_2,F3_1,,,N3_1,L_3,M_2
307383,L2,L3,L3,L1,L2,L3,L1,L1,L2,C3_1,D3_2,F3_1,,,N3_2,L_1,M_1
307384,L2,L3,L3,L1,L2,L3,L1,L1,L2,C3_1,D3_2,F3_1,,,N3_2,L_1,M_2
307385,L2,L3,L3,L1,L2,L3,L1,L1,L2,C3_1,D3_2,F3_1,,,N3_2,L_2,M_1
307386,L2,L3,L3,L1,L2,L3,L1,L1,L2,C3_1,D3_2,F3_1,,,N3_2,L_2,M_2
307387,L2,L3,L3,L1,L2,L3,L1,L1,L2,C3_1,D3_2,F3_1,,,N3_2,L_3,M_1
307388,L2,L3,L3,L1,L2,L3,L1,L1,L2,C3_1,D3_2,F3_1,,,N3_2,L_3,M_2
307389,L2,L3,L3,L1,L2,L3,L1,L1,L2,C3_1,D3_2,F3_2,,,N3_1,L_1,M_1
307390,L2,L3,L3,L1,L2,L3,L1,L1,L2,C3_1,D3_2,F3_2,,,N3_1,L_1,M_2
307391,L2,L3,L3,L1,L2,L3,L1,L1,L2,C3_1,D3_2,F3_2,,,N3_1,L_2,M_1
307392,L2,L3,L3,L1,L2,L3,L1,L1,L2,C3_1,D3_2,F3_2,,,N3_1,L_2,M_2
307393,L2,L3,L3,L1,L2,L3,L1,L1,L2,C3_1,D3_2,F3_2,,,N3_1,L_3,M_1
307394,L2,L3,L3,L1,L2,L3,L1,L1,L2,C3_1,D3_2,F3_2,,,N3_1,L_3,M_2
307395,L2,L3,L3,L1,L2,L3,L1,L1,L2,C3_1,D3_2,F3_2,,,N3_2,L_1,M_1
307396,L2,L3,L3,L1,L2,L3,L1,L1,L2,C3_1,D3_2,F3_2,,,N3_2,L_1,M_2
307397,L2,L3,L3,L1,L2,L3,L1,L1,L2,C3_1,D3_2,F3_2,,,N3_2,L_2,M_1
307398,L2,L3,L3,L1,L2,L3,L1,L1,L2,C3_1,D3_2,F3_2,,,N3_2,L_2,M_2
307399,L2,L3,L3,L1,L2,L3,L1,L1,L2,C3_1,D3_2,F3_2,,,N3_2,L_3,M_1
307400,L2,L3,L3,L1,L2,L3,L1,L1,L2,C3_1,D3_2,F3_2,,,N3_2,L_3,M_2
307401,L2,L3,L3,L1,L2,L3,L1,L1,L2,C3_1,D3_2,F3_3,,,N3_1,L_1,M_1
307402,L2,L3,L3,L1,L2,L3,L1,L1,L2,C3_1,D3_2,F3_3,,,N3_1,L_1,M_2
307403,L2,L3,L3,L1,L2,L3,L1,L1,L2,C3_1,D3_2,F3_3,,,N3_1,L_2,M_1
307404,L2,L3,L3,L1,L2,L3,L1,L1,L2,C3_1,D3_2,F3_3,,,N3_1,L_2,M_2
307405,L2,L3,L3,L1,L2,L3,L1,L1,L2,C3_1,D3_2,F3_3,,,N3_1,L_3,M_1
307406,L2,L3,L3,L1,L2,L3,L1,L1,L2,C3_1,D3_2,F3_3,,,N3_1,L_3,M_2
307407,L2,L3,L3,L1,L2,L3,L1,L1,L2,C3_1,D3_2,F3_3,,,N3_2,L_1,M_1
307408,L2,L3,L3,L1,L2,L3,L1,L1,L2,C3_1,D3_2,F3_3,,,N3_2,L_1,M_2
307409,L2,L3,L3,L1,L2,L3,L1,L1,L2,C3_1,D3_2,F3_3,,,N3_2,L_2,M_1
307410,L2,L3,L3,L1,L2,L3,L1,L1,L2,C3_1,D3_2,F3_3,,,N3_2,L_2,M_2
307411,L2,L3,L3,L1,L2,L3,L1,L1,L2,C3_1,D3_2,F3_3,,,N3_2,L_3,M_1
307412,L2,L3,L3,L1,L2,L3,L1,L1,L2,C3_1,D3_2,F3_3,,,N3_2,L_3,M_2
307413,L2,L3,L3,L1,L2,L3,L1,L1,L2,C3_1,D3_3,F3_1,,,N3_1,L_1,M_1
307414,L2,L3,L3,L1,L2,L3,L1,L1,L2,C3_1,D3_3,F3_1,,,N3_1,L_1,M_2
307415,L2,L3,L3,L1,L2,L3,L1,L1,L2,C3_1,D3_3,F3_1,,,N3_1,L_2,M_1
307416,L2,L3,L3,L1,L2,L3,L1,L1,L2,C3_1,D3_3,F3_1,,,N3_1,L_2,M_2
307417,L2,L3,L3,L1,L2,L3,L1,L1,L2,C3_1,D3_3,F3_1,,,N3_1,L_3,M_1
307418,L2,L3,L3,L1,L2,L3,L1,L1,L2,C3_1,D3_3,F3_1,,,N3_1,L_3,M_2
307419,L2,L3,L3,L1,L2,L3,L1,L1,L2,C3_1,D3_3,F3_1,,,N3_2,L_1,M_1
307420,L2,L3,L3,L1,L2,L3,L1,L1,L2,C3_1,D3_3,F3_1,,,N3_2,L_1,M_2
307421,L2,L3,L3,L1,L2,L3,L1,L1,L2,C3_1,D3_3,F3_1,,,N3_2,L_2,M_1
307422,L2,L3,L3,L1,L2,L3,L1,L1,L2,C3_1,D3_3,F3_1,,,N3_2,L_2,M_2
307423,L2,L3,L3,L1,L2,L3,L1,L1,L2,C3_1,D3_3,F3_1,,,N3_2,L_3,M_1
307424,L2,L3,L3,L1,L2,L3,L1,L1,L2,C3_1,D3_3,F3_1,,,N3_2,L_3,M_2
307425,L2,L3,L3,L1,L2,L3,L1,L1,L2,C3_1,D3_3,F3_2,,,N3_1,L_1,M_1
307426,L2,L3,L3,L1,L2,L3,L1,L1,L2,C3_1,D3_3,F3_2,,,N3_1,L_1,M_2
307427,L2,L3,L3,L1,L2,L3,L1,L1,L2,C3_1,D3_3,F3_2,,,N3_1,L_2,M_1
307428,L2,L3,L3,L1,L2,L3,L1,L1,L2,C3_1,D3_3,F3_2,,,N3_1,L_2,M_2
307429,L2,L3,L3,L1,L2,L3,L1,L1,L2,C3_1,D3_3,F3_2,,,N3_1,L_3,M_1
307430,L2,L3,L3,L1,L2,L3,L1,L1,L2,C3_1,D3_3,F3_2,,,N3_1,L_3,M_2
307431,L2,L3,L3,L1,L2,L3,L1,L1,L2,C3_1,D3_3,F3_2,,,N3_2,L_1,M_1
307432,L2,L3,L3,L1,L2,L3,L1,L1,L2,C3_1,D3_3,F3_2,,,N3_2,L_1,M_2
307433,L2,L3,L3,L1,L2,L3,L1,L1,L2,C3_1,D3_3,F3_2,,,N3_2,L_2,M_1
307434,L2,L3,L3,L1,L2,L3,L1,L1,L2,C3_1,D3_3,F3_2,,,N3_2,L_2,M_2
307435,L2,L3,L3,L1,L2,L3,L1,L1,L2,C3_1,D3_3,F3_2,,,N3_2,L_3,M_1
307436,L2,L3,L3,L1,L2,L3,L1,L1,L2,C3_1,D3_3,F3_2,,,N3_2,L_3,M_2
307437,L2,L3,L3,L1,L2,L3,L1,L1,L2,C3_1,D3_3,F3_3,,,N3_1,L_1,M_1
307438,L2,L3,L3,L1,L2,L3,L1,L1,L2,C3_1,D3_3,F3_3,,,N3_1,L_1,M_2
307439,L2,L3,L3,L1,L2,L3,L1,L1,L2,C3_1,D3_3,F3_3,,,N3_1,L_2,M_1
307440,L2,L3,L3,L1,L2,L3,L1,L1,L2,C3_1,D3_3,F3_3,,,N3_1,L_2,M_2
307441,L2,L3,L3,L1,L2,L3,L1,L1,L2,C3_1,D3_3,F3_3,,,N3_1,L_3,M_1
307442,L2,L3,L3,L1,L2,L3,L1,L1,L2,C3_1,D3_3,F3_3,,,N3_1,L_3,M_2
307443,L2,L3,L3,L1,L2,L3,L1,L1,L2,C3_1,D3_3,F3_3,,,N3_2,L_1,M_1
307444,L2,L3,L3,L1,L2,L3,L1,L1,L2,C3_1,D3_3,F3_3,,,N3_2,L_1,M_2
307445,L2,L3,L3,L1,L2,L3,L1,L1,L2,C3_1,D3_3,F3_3,,,N3_2,L_2,M_1
307446,L2,L3,L3,L1,L2,L3,L1,L1,L2,C3_1,D3_3,F3_3,,,N3_2,L_2,M_2
307447,L2,L3,L3,L1,L2,L3,L1,L1,L2,C3_1,D3_3,F3_3,,,N3_2,L_3,M_1
307448,L2,L3,L3,L1,L2,L3,L1,L1,L2,C3_1,D3_3,F3_3,,,N3_2,L_3,M_2
307449,L2,L3,L3,L1,L2,L3,L1,L1,L2,C3_2,D3_1,F3_1,,,N3_1,L_1,M_1
307450,L2,L3,L3,L1,L2,L3,L1,L1,L2,C3_2,D3_1,F3_1,,,N3_1,L_1,M_2
307451,L2,L3,L3,L1,L2,L3,L1,L1,L2,C3_2,D3_1,F3_1,,,N3_1,L_2,M_1
307452,L2,L3,L3,L1,L2,L3,L1,L1,L2,C3_2,D3_1,F3_1,,,N3_1,L_2,M_2
307453,L2,L3,L3,L1,L2,L3,L1,L1,L2,C3_2,D3_1,F3_1,,,N3_1,L_3,M_1
307454,L2,L3,L3,L1,L2,L3,L1,L1,L2,C3_2,D3_1,F3_1,,,N3_1,L_3,M_2
307455,L2,L3,L3,L1,L2,L3,L1,L1,L2,C3_2,D3_1,F3_1,,,N3_2,L_1,M_1
307456,L2,L3,L3,L1,L2,L3,L1,L1,L2,C3_2,D3_1,F3_1,,,N3_2,L_1,M_2
307457,L2,L3,L3,L1,L2,L3,L1,L1,L2,C3_2,D3_1,F3_1,,,N3_2,L_2,M_1
307458,L2,L3,L3,L1,L2,L3,L1,L1,L2,C3_2,D3_1,F3_1,,,N3_2,L_2,M_2
307459,L2,L3,L3,L1,L2,L3,L1,L1,L2,C3_2,D3_1,F3_1,,,N3_2,L_3,M_1
307460,L2,L3,L3,L1,L2,L3,L1,L1,L2,C3_2,D3_1,F3_1,,,N3_2,L_3,M_2
307461,L2,L3,L3,L1,L2,L3,L1,L1,L2,C3_2,D3_1,F3_2,,,N3_1,L_1,M_1
307462,L2,L3,L3,L1,L2,L3,L1,L1,L2,C3_2,D3_1,F3_2,,,N3_1,L_1,M_2
307463,L2,L3,L3,L1,L2,L3,L1,L1,L2,C3_2,D3_1,F3_2,,,N3_1,L_2,M_1
307464,L2,L3,L3,L1,L2,L3,L1,L1,L2,C3_2,D3_1,F3_2,,,N3_1,L_2,M_2
307465,L2,L3,L3,L1,L2,L3,L1,L1,L2,C3_2,D3_1,F3_2,,,N3_1,L_3,M_1
307466,L2,L3,L3,L1,L2,L3,L1,L1,L2,C3_2,D3_1,F3_2,,,N3_1,L_3,M_2
307467,L2,L3,L3,L1,L2,L3,L1,L1,L2,C3_2,D3_1,F3_2,,,N3_2,L_1,M_1
307468,L2,L3,L3,L1,L2,L3,L1,L1,L2,C3_2,D3_1,F3_2,,,N3_2,L_1,M_2
307469,L2,L3,L3,L1,L2,L3,L1,L1,L2,C3_2,D3_1,F3_2,,,N3_2,L_2,M_1
307470,L2,L3,L3,L1,L2,L3,L1,L1,L2,C3_2,D3_1,F3_2,,,N3_2,L_2,M_2
307471,L2,L3,L3,L1,L2,L3,L1,L1,L2,C3_2,D3_1,F3_2,,,N3_2,L_3,M_1
307472,L2,L3,L3,L1,L2,L3,L1,L1,L2,C3_2,D3_1,F3_2,,,N3_2,L_3,M_2
307473,L2,L3,L3,L1,L2,L3,L1,L1,L2,C3_2,D3_1,F3_3,,,N3_1,L_1,M_1
307474,L2,L3,L3,L1,L2,L3,L1,L1,L2,C3_2,D3_1,F3_3,,,N3_1,L_1,M_2
307475,L2,L3,L3,L1,L2,L3,L1,L1,L2,C3_2,D3_1,F3_3,,,N3_1,L_2,M_1
307476,L2,L3,L3,L1,L2,L3,L1,L1,L2,C3_2,D3_1,F3_3,,,N3_1,L_2,M_2
307477,L2,L3,L3,L1,L2,L3,L1,L1,L2,C3_2,D3_1,F3_3,,,N3_1,L_3,M_1
307478,L2,L3,L3,L1,L2,L3,L1,L1,L2,C3_2,D3_1,F3_3,,,N3_1,L_3,M_2
307479,L2,L3,L3,L1,L2,L3,L1,L1,L2,C3_2,D3_1,F3_3,,,N3_2,L_1,M_1
307480,L2,L3,L3,L1,L2,L3,L1,L1,L2,C3_2,D3_1,F3_3,,,N3_2,L_1,M_2
307481,L2,L3,L3,L1,L2,L3,L1,L1,L2,C3_2,D3_1,F3_3,,,N3_2,L_2,M_1
307482,L2,L3,L3,L1,L2,L3,L1,L1,L2,C3_2,D3_1,F3_3,,,N3_2,L_2,M_2
307483,L2,L3,L3,L1,L2,L3,L1,L1,L2,C3_2,D3_1,F3_3,,,N3_2,L_3,M_1
307484,L2,L3,L3,L1,L2,L3,L1,L1,L2,C3_2,D3_1,F3_3,,,N3_2,L_3,M_2
307485,L2,L3,L3,L1,L2,L3,L1,L1,L2,C3_2,D3_2,F3_1,,,N3_1,L_1,M_1
307486,L2,L3,L3,L1,L2,L3,L1,L1,L2,C3_2,D3_2,F3_1,,,N3_1,L_1,M_2
307487,L2,L3,L3,L1,L2,L3,L1,L1,L2,C3_2,D3_2,F3_1,,,N3_1,L_2,M_1
307488,L2,L3,L3,L1,L2,L3,L1,L1,L2,C3_2,D3_2,F3_1,,,N3_1,L_2,M_2
307489,L2,L3,L3,L1,L2,L3,L1,L1,L2,C3_2,D3_2,F3_1,,,N3_1,L_3,M_1
307490,L2,L3,L3,L1,L2,L3,L1,L1,L2,C3_2,D3_2,F3_1,,,N3_1,L_3,M_2
307491,L2,L3,L3,L1,L2,L3,L1,L1,L2,C3_2,D3_2,F3_1,,,N3_2,L_1,M_1
307492,L2,L3,L3,L1,L2,L3,L1,L1,L2,C3_2,D3_2,F3_1,,,N3_2,L_1,M_2
307493,L2,L3,L3,L1,L2,L3,L1,L1,L2,C3_2,D3_2,F3_1,,,N3_2,L_2,M_1
307494,L2,L3,L3,L1,L2,L3,L1,L1,L2,C3_2,D3_2,F3_1,,,N3_2,L_2,M_2
307495,L2,L3,L3,L1,L2,L3,L1,L1,L2,C3_2,D3_2,F3_1,,,N3_2,L_3,M_1
307496,L2,L3,L3,L1,L2,L3,L1,L1,L2,C3_2,D3_2,F3_1,,,N3_2,L_3,M_2
307497,L2,L3,L3,L1,L2,L3,L1,L1,L2,C3_2,D3_2,F3_2,,,N3_1,L_1,M_1
307498,L2,L3,L3,L1,L2,L3,L1,L1,L2,C3_2,D3_2,F3_2,,,N3_1,L_1,M_2
307499,L2,L3,L3,L1,L2,L3,L1,L1,L2,C3_2,D3_2,F3_2,,,N3_1,L_2,M_1
307500,L2,L3,L3,L1,L2,L3,L1,L1,L2,C3_2,D3_2,F3_2,,,N3_1,L_2,M_2
307501,L2,L3,L3,L1,L2,L3,L1,L1,L2,C3_2,D3_2,F3_2,,,N3_1,L_3,M_1
307502,L2,L3,L3,L1,L2,L3,L1,L1,L2,C3_2,D3_2,F3_2,,,N3_1,L_3,M_2
307503,L2,L3,L3,L1,L2,L3,L1,L1,L2,C3_2,D3_2,F3_2,,,N3_2,L_1,M_1
307504,L2,L3,L3,L1,L2,L3,L1,L1,L2,C3_2,D3_2,F3_2,,,N3_2,L_1,M_2
307505,L2,L3,L3,L1,L2,L3,L1,L1,L2,C3_2,D3_2,F3_2,,,N3_2,L_2,M_1
307506,L2,L3,L3,L1,L2,L3,L1,L1,L2,C3_2,D3_2,F3_2,,,N3_2,L_2,M_2
307507,L2,L3,L3,L1,L2,L3,L1,L1,L2,C3_2,D3_2,F3_2,,,N3_2,L_3,M_1
307508,L2,L3,L3,L1,L2,L3,L1,L1,L2,C3_2,D3_2,F3_2,,,N3_2,L_3,M_2
307509,L2,L3,L3,L1,L2,L3,L1,L1,L2,C3_2,D3_2,F3_3,,,N3_1,L_1,M_1
307510,L2,L3,L3,L1,L2,L3,L1,L1,L2,C3_2,D3_2,F3_3,,,N3_1,L_1,M_2
307511,L2,L3,L3,L1,L2,L3,L1,L1,L2,C3_2,D3_2,F3_3,,,N3_1,L_2,M_1
307512,L2,L3,L3,L1,L2,L3,L1,L1,L2,C3_2,D3_2,F3_3,,,N3_1,L_2,M_2
307513,L2,L3,L3,L1,L2,L3,L1,L1,L2,C3_2,D3_2,F3_3,,,N3_1,L_3,M_1
307514,L2,L3,L3,L1,L2,L3,L1,L1,L2,C3_2,D3_2,F3_3,,,N3_1,L_3,M_2
307515,L2,L3,L3,L1,L2,L3,L1,L1,L2,C3_2,D3_2,F3_3,,,N3_2,L_1,M_1
307516,L2,L3,L3,L1,L2,L3,L1,L1,L2,C3_2,D3_2,F3_3,,,N3_2,L_1,M_2
307517,L2,L3,L3,L1,L2,L3,L1,L1,L2,C3_2,D3_2,F3_3,,,N3_2,L_2,M_1
307518,L2,L3,L3,L1,L2,L3,L1,L1,L2,C3_2,D3_2,F3_3,,,N3_2,L_2,M_2
307519,L2,L3,L3,L1,L2,L3,L1,L1,L2,C3_2,D3_2,F3_3,,,N3_2,L_3,M_1
307520,L2,L3,L3,L1,L2,L3,L1,L1,L2,C3_2,D3_2,F3_3,,,N3_2,L_3,M_2
307521,L2,L3,L3,L1,L2,L3,L1,L1,L2,C3_2,D3_3,F3_1,,,N3_1,L_1,M_1
307522,L2,L3,L3,L1,L2,L3,L1,L1,L2,C3_2,D3_3,F3_1,,,N3_1,L_1,M_2
307523,L2,L3,L3,L1,L2,L3,L1,L1,L2,C3_2,D3_3,F3_1,,,N3_1,L_2,M_1
307524,L2,L3,L3,L1,L2,L3,L1,L1,L2,C3_2,D3_3,F3_1,,,N3_1,L_2,M_2
307525,L2,L3,L3,L1,L2,L3,L1,L1,L2,C3_2,D3_3,F3_1,,,N3_1,L_3,M_1
307526,L2,L3,L3,L1,L2,L3,L1,L1,L2,C3_2,D3_3,F3_1,,,N3_1,L_3,M_2
307527,L2,L3,L3,L1,L2,L3,L1,L1,L2,C3_2,D3_3,F3_1,,,N3_2,L_1,M_1
307528,L2,L3,L3,L1,L2,L3,L1,L1,L2,C3_2,D3_3,F3_1,,,N3_2,L_1,M_2
307529,L2,L3,L3,L1,L2,L3,L1,L1,L2,C3_2,D3_3,F3_1,,,N3_2,L_2,M_1
307530,L2,L3,L3,L1,L2,L3,L1,L1,L2,C3_2,D3_3,F3_1,,,N3_2,L_2,M_2
307531,L2,L3,L3,L1,L2,L3,L1,L1,L2,C3_2,D3_3,F3_1,,,N3_2,L_3,M_1
307532,L2,L3,L3,L1,L2,L3,L1,L1,L2,C3_2,D3_3,F3_1,,,N3_2,L_3,M_2
307533,L2,L3,L3,L1,L2,L3,L1,L1,L2,C3_2,D3_3,F3_2,,,N3_1,L_1,M_1
307534,L2,L3,L3,L1,L2,L3,L1,L1,L2,C3_2,D3_3,F3_2,,,N3_1,L_1,M_2
307535,L2,L3,L3,L1,L2,L3,L1,L1,L2,C3_2,D3_3,F3_2,,,N3_1,L_2,M_1
307536,L2,L3,L3,L1,L2,L3,L1,L1,L2,C3_2,D3_3,F3_2,,,N3_1,L_2,M_2
307537,L2,L3,L3,L1,L2,L3,L1,L1,L2,C3_2,D3_3,F3_2,,,N3_1,L_3,M_1
307538,L2,L3,L3,L1,L2,L3,L1,L1,L2,C3_2,D3_3,F3_2,,,N3_1,L_3,M_2
307539,L2,L3,L3,L1,L2,L3,L1,L1,L2,C3_2,D3_3,F3_2,,,N3_2,L_1,M_1
307540,L2,L3,L3,L1,L2,L3,L1,L1,L2,C3_2,D3_3,F3_2,,,N3_2,L_1,M_2
307541,L2,L3,L3,L1,L2,L3,L1,L1,L2,C3_2,D3_3,F3_2,,,N3_2,L_2,M_1
307542,L2,L3,L3,L1,L2,L3,L1,L1,L2,C3_2,D3_3,F3_2,,,N3_2,L_2,M_2
307543,L2,L3,L3,L1,L2,L3,L1,L1,L2,C3_2,D3_3,F3_2,,,N3_2,L_3,M_1
307544,L2,L3,L3,L1,L2,L3,L1,L1,L2,C3_2,D3_3,F3_2,,,N3_2,L_3,M_2
307545,L2,L3,L3,L1,L2,L3,L1,L1,L2,C3_2,D3_3,F3_3,,,N3_1,L_1,M_1
307546,L2,L3,L3,L1,L2,L3,L1,L1,L2,C3_2,D3_3,F3_3,,,N3_1,L_1,M_2
307547,L2,L3,L3,L1,L2,L3,L1,L1,L2,C3_2,D3_3,F3_3,,,N3_1,L_2,M_1
307548,L2,L3,L3,L1,L2,L3,L1,L1,L2,C3_2,D3_3,F3_3,,,N3_1,L_2,M_2
307549,L2,L3,L3,L1,L2,L3,L1,L1,L2,C3_2,D3_3,F3_3,,,N3_1,L_3,M_1
307550,L2,L3,L3,L1,L2,L3,L1,L1,L2,C3_2,D3_3,F3_3,,,N3_1,L_3,M_2
307551,L2,L3,L3,L1,L2,L3,L1,L1,L2,C3_2,D3_3,F3_3,,,N3_2,L_1,M_1
307552,L2,L3,L3,L1,L2,L3,L1,L1,L2,C3_2,D3_3,F3_3,,,N3_2,L_1,M_2
307553,L2,L3,L3,L1,L2,L3,L1,L1,L2,C3_2,D3_3,F3_3,,,N3_2,L_2,M_1
307554,L2,L3,L3,L1,L2,L3,L1,L1,L2,C3_2,D3_3,F3_3,,,N3_2,L_2,M_2
307555,L2,L3,L3,L1,L2,L3,L1,L1,L2,C3_2,D3_3,F3_3,,,N3_2,L_3,M_1
307556,L2,L3,L3,L1,L2,L3,L1,L1,L2,C3_2,D3_3,F3_3,,,N3_2,L_3,M_2
307557,L2,L3,L3,L1,L2,L3,L1,L1,L2,C3_3,D3_1,F3_1,,,N3_1,L_1,M_1
307558,L2,L3,L3,L1,L2,L3,L1,L1,L2,C3_3,D3_1,F3_1,,,N3_1,L_1,M_2
307559,L2,L3,L3,L1,L2,L3,L1,L1,L2,C3_3,D3_1,F3_1,,,N3_1,L_2,M_1
307560,L2,L3,L3,L1,L2,L3,L1,L1,L2,C3_3,D3_1,F3_1,,,N3_1,L_2,M_2
307561,L2,L3,L3,L1,L2,L3,L1,L1,L2,C3_3,D3_1,F3_1,,,N3_1,L_3,M_1
307562,L2,L3,L3,L1,L2,L3,L1,L1,L2,C3_3,D3_1,F3_1,,,N3_1,L_3,M_2
307563,L2,L3,L3,L1,L2,L3,L1,L1,L2,C3_3,D3_1,F3_1,,,N3_2,L_1,M_1
307564,L2,L3,L3,L1,L2,L3,L1,L1,L2,C3_3,D3_1,F3_1,,,N3_2,L_1,M_2
307565,L2,L3,L3,L1,L2,L3,L1,L1,L2,C3_3,D3_1,F3_1,,,N3_2,L_2,M_1
307566,L2,L3,L3,L1,L2,L3,L1,L1,L2,C3_3,D3_1,F3_1,,,N3_2,L_2,M_2
307567,L2,L3,L3,L1,L2,L3,L1,L1,L2,C3_3,D3_1,F3_1,,,N3_2,L_3,M_1
307568,L2,L3,L3,L1,L2,L3,L1,L1,L2,C3_3,D3_1,F3_1,,,N3_2,L_3,M_2
307569,L2,L3,L3,L1,L2,L3,L1,L1,L2,C3_3,D3_1,F3_2,,,N3_1,L_1,M_1
307570,L2,L3,L3,L1,L2,L3,L1,L1,L2,C3_3,D3_1,F3_2,,,N3_1,L_1,M_2
307571,L2,L3,L3,L1,L2,L3,L1,L1,L2,C3_3,D3_1,F3_2,,,N3_1,L_2,M_1
307572,L2,L3,L3,L1,L2,L3,L1,L1,L2,C3_3,D3_1,F3_2,,,N3_1,L_2,M_2
307573,L2,L3,L3,L1,L2,L3,L1,L1,L2,C3_3,D3_1,F3_2,,,N3_1,L_3,M_1
307574,L2,L3,L3,L1,L2,L3,L1,L1,L2,C3_3,D3_1,F3_2,,,N3_1,L_3,M_2
307575,L2,L3,L3,L1,L2,L3,L1,L1,L2,C3_3,D3_1,F3_2,,,N3_2,L_1,M_1
307576,L2,L3,L3,L1,L2,L3,L1,L1,L2,C3_3,D3_1,F3_2,,,N3_2,L_1,M_2
307577,L2,L3,L3,L1,L2,L3,L1,L1,L2,C3_3,D3_1,F3_2,,,N3_2,L_2,M_1
307578,L2,L3,L3,L1,L2,L3,L1,L1,L2,C3_3,D3_1,F3_2,,,N3_2,L_2,M_2
307579,L2,L3,L3,L1,L2,L3,L1,L1,L2,C3_3,D3_1,F3_2,,,N3_2,L_3,M_1
307580,L2,L3,L3,L1,L2,L3,L1,L1,L2,C3_3,D3_1,F3_2,,,N3_2,L_3,M_2
307581,L2,L3,L3,L1,L2,L3,L1,L1,L2,C3_3,D3_1,F3_3,,,N3_1,L_1,M_1
307582,L2,L3,L3,L1,L2,L3,L1,L1,L2,C3_3,D3_1,F3_3,,,N3_1,L_1,M_2
307583,L2,L3,L3,L1,L2,L3,L1,L1,L2,C3_3,D3_1,F3_3,,,N3_1,L_2,M_1
307584,L2,L3,L3,L1,L2,L3,L1,L1,L2,C3_3,D3_1,F3_3,,,N3_1,L_2,M_2
307585,L2,L3,L3,L1,L2,L3,L1,L1,L2,C3_3,D3_1,F3_3,,,N3_1,L_3,M_1
307586,L2,L3,L3,L1,L2,L3,L1,L1,L2,C3_3,D3_1,F3_3,,,N3_1,L_3,M_2
307587,L2,L3,L3,L1,L2,L3,L1,L1,L2,C3_3,D3_1,F3_3,,,N3_2,L_1,M_1
307588,L2,L3,L3,L1,L2,L3,L1,L1,L2,C3_3,D3_1,F3_3,,,N3_2,L_1,M_2
307589,L2,L3,L3,L1,L2,L3,L1,L1,L2,C3_3,D3_1,F3_3,,,N3_2,L_2,M_1
307590,L2,L3,L3,L1,L2,L3,L1,L1,L2,C3_3,D3_1,F3_3,,,N3_2,L_2,M_2
307591,L2,L3,L3,L1,L2,L3,L1,L1,L2,C3_3,D3_1,F3_3,,,N3_2,L_3,M_1
307592,L2,L3,L3,L1,L2,L3,L1,L1,L2,C3_3,D3_1,F3_3,,,N3_2,L_3,M_2
307593,L2,L3,L3,L1,L2,L3,L1,L1,L2,C3_3,D3_2,F3_1,,,N3_1,L_1,M_1
307594,L2,L3,L3,L1,L2,L3,L1,L1,L2,C3_3,D3_2,F3_1,,,N3_1,L_1,M_2
307595,L2,L3,L3,L1,L2,L3,L1,L1,L2,C3_3,D3_2,F3_1,,,N3_1,L_2,M_1
307596,L2,L3,L3,L1,L2,L3,L1,L1,L2,C3_3,D3_2,F3_1,,,N3_1,L_2,M_2
307597,L2,L3,L3,L1,L2,L3,L1,L1,L2,C3_3,D3_2,F3_1,,,N3_1,L_3,M_1
307598,L2,L3,L3,L1,L2,L3,L1,L1,L2,C3_3,D3_2,F3_1,,,N3_1,L_3,M_2
307599,L2,L3,L3,L1,L2,L3,L1,L1,L2,C3_3,D3_2,F3_1,,,N3_2,L_1,M_1
307600,L2,L3,L3,L1,L2,L3,L1,L1,L2,C3_3,D3_2,F3_1,,,N3_2,L_1,M_2
307601,L2,L3,L3,L1,L2,L3,L1,L1,L2,C3_3,D3_2,F3_1,,,N3_2,L_2,M_1
307602,L2,L3,L3,L1,L2,L3,L1,L1,L2,C3_3,D3_2,F3_1,,,N3_2,L_2,M_2
307603,L2,L3,L3,L1,L2,L3,L1,L1,L2,C3_3,D3_2,F3_1,,,N3_2,L_3,M_1
307604,L2,L3,L3,L1,L2,L3,L1,L1,L2,C3_3,D3_2,F3_1,,,N3_2,L_3,M_2
307605,L2,L3,L3,L1,L2,L3,L1,L1,L2,C3_3,D3_2,F3_2,,,N3_1,L_1,M_1
307606,L2,L3,L3,L1,L2,L3,L1,L1,L2,C3_3,D3_2,F3_2,,,N3_1,L_1,M_2
307607,L2,L3,L3,L1,L2,L3,L1,L1,L2,C3_3,D3_2,F3_2,,,N3_1,L_2,M_1
307608,L2,L3,L3,L1,L2,L3,L1,L1,L2,C3_3,D3_2,F3_2,,,N3_1,L_2,M_2
307609,L2,L3,L3,L1,L2,L3,L1,L1,L2,C3_3,D3_2,F3_2,,,N3_1,L_3,M_1
307610,L2,L3,L3,L1,L2,L3,L1,L1,L2,C3_3,D3_2,F3_2,,,N3_1,L_3,M_2
307611,L2,L3,L3,L1,L2,L3,L1,L1,L2,C3_3,D3_2,F3_2,,,N3_2,L_1,M_1
307612,L2,L3,L3,L1,L2,L3,L1,L1,L2,C3_3,D3_2,F3_2,,,N3_2,L_1,M_2
307613,L2,L3,L3,L1,L2,L3,L1,L1,L2,C3_3,D3_2,F3_2,,,N3_2,L_2,M_1
307614,L2,L3,L3,L1,L2,L3,L1,L1,L2,C3_3,D3_2,F3_2,,,N3_2,L_2,M_2
307615,L2,L3,L3,L1,L2,L3,L1,L1,L2,C3_3,D3_2,F3_2,,,N3_2,L_3,M_1
307616,L2,L3,L3,L1,L2,L3,L1,L1,L2,C3_3,D3_2,F3_2,,,N3_2,L_3,M_2
307617,L2,L3,L3,L1,L2,L3,L1,L1,L2,C3_3,D3_2,F3_3,,,N3_1,L_1,M_1
307618,L2,L3,L3,L1,L2,L3,L1,L1,L2,C3_3,D3_2,F3_3,,,N3_1,L_1,M_2
307619,L2,L3,L3,L1,L2,L3,L1,L1,L2,C3_3,D3_2,F3_3,,,N3_1,L_2,M_1
307620,L2,L3,L3,L1,L2,L3,L1,L1,L2,C3_3,D3_2,F3_3,,,N3_1,L_2,M_2
307621,L2,L3,L3,L1,L2,L3,L1,L1,L2,C3_3,D3_2,F3_3,,,N3_1,L_3,M_1
307622,L2,L3,L3,L1,L2,L3,L1,L1,L2,C3_3,D3_2,F3_3,,,N3_1,L_3,M_2
307623,L2,L3,L3,L1,L2,L3,L1,L1,L2,C3_3,D3_2,F3_3,,,N3_2,L_1,M_1
307624,L2,L3,L3,L1,L2,L3,L1,L1,L2,C3_3,D3_2,F3_3,,,N3_2,L_1,M_2
307625,L2,L3,L3,L1,L2,L3,L1,L1,L2,C3_3,D3_2,F3_3,,,N3_2,L_2,M_1
307626,L2,L3,L3,L1,L2,L3,L1,L1,L2,C3_3,D3_2,F3_3,,,N3_2,L_2,M_2
307627,L2,L3,L3,L1,L2,L3,L1,L1,L2,C3_3,D3_2,F3_3,,,N3_2,L_3,M_1
307628,L2,L3,L3,L1,L2,L3,L1,L1,L2,C3_3,D3_2,F3_3,,,N3_2,L_3,M_2
307629,L2,L3,L3,L1,L2,L3,L1,L1,L2,C3_3,D3_3,F3_1,,,N3_1,L_1,M_1
307630,L2,L3,L3,L1,L2,L3,L1,L1,L2,C3_3,D3_3,F3_1,,,N3_1,L_1,M_2
307631,L2,L3,L3,L1,L2,L3,L1,L1,L2,C3_3,D3_3,F3_1,,,N3_1,L_2,M_1
307632,L2,L3,L3,L1,L2,L3,L1,L1,L2,C3_3,D3_3,F3_1,,,N3_1,L_2,M_2
307633,L2,L3,L3,L1,L2,L3,L1,L1,L2,C3_3,D3_3,F3_1,,,N3_1,L_3,M_1
307634,L2,L3,L3,L1,L2,L3,L1,L1,L2,C3_3,D3_3,F3_1,,,N3_1,L_3,M_2
307635,L2,L3,L3,L1,L2,L3,L1,L1,L2,C3_3,D3_3,F3_1,,,N3_2,L_1,M_1
307636,L2,L3,L3,L1,L2,L3,L1,L1,L2,C3_3,D3_3,F3_1,,,N3_2,L_1,M_2
307637,L2,L3,L3,L1,L2,L3,L1,L1,L2,C3_3,D3_3,F3_1,,,N3_2,L_2,M_1
307638,L2,L3,L3,L1,L2,L3,L1,L1,L2,C3_3,D3_3,F3_1,,,N3_2,L_2,M_2
307639,L2,L3,L3,L1,L2,L3,L1,L1,L2,C3_3,D3_3,F3_1,,,N3_2,L_3,M_1
307640,L2,L3,L3,L1,L2,L3,L1,L1,L2,C3_3,D3_3,F3_1,,,N3_2,L_3,M_2
307641,L2,L3,L3,L1,L2,L3,L1,L1,L2,C3_3,D3_3,F3_2,,,N3_1,L_1,M_1
307642,L2,L3,L3,L1,L2,L3,L1,L1,L2,C3_3,D3_3,F3_2,,,N3_1,L_1,M_2
307643,L2,L3,L3,L1,L2,L3,L1,L1,L2,C3_3,D3_3,F3_2,,,N3_1,L_2,M_1
307644,L2,L3,L3,L1,L2,L3,L1,L1,L2,C3_3,D3_3,F3_2,,,N3_1,L_2,M_2
307645,L2,L3,L3,L1,L2,L3,L1,L1,L2,C3_3,D3_3,F3_2,,,N3_1,L_3,M_1
307646,L2,L3,L3,L1,L2,L3,L1,L1,L2,C3_3,D3_3,F3_2,,,N3_1,L_3,M_2
307647,L2,L3,L3,L1,L2,L3,L1,L1,L2,C3_3,D3_3,F3_2,,,N3_2,L_1,M_1
307648,L2,L3,L3,L1,L2,L3,L1,L1,L2,C3_3,D3_3,F3_2,,,N3_2,L_1,M_2
307649,L2,L3,L3,L1,L2,L3,L1,L1,L2,C3_3,D3_3,F3_2,,,N3_2,L_2,M_1
307650,L2,L3,L3,L1,L2,L3,L1,L1,L2,C3_3,D3_3,F3_2,,,N3_2,L_2,M_2
307651,L2,L3,L3,L1,L2,L3,L1,L1,L2,C3_3,D3_3,F3_2,,,N3_2,L_3,M_1
307652,L2,L3,L3,L1,L2,L3,L1,L1,L2,C3_3,D3_3,F3_2,,,N3_2,L_3,M_2
307653,L2,L3,L3,L1,L2,L3,L1,L1,L2,C3_3,D3_3,F3_3,,,N3_1,L_1,M_1
307654,L2,L3,L3,L1,L2,L3,L1,L1,L2,C3_3,D3_3,F3_3,,,N3_1,L_1,M_2
307655,L2,L3,L3,L1,L2,L3,L1,L1,L2,C3_3,D3_3,F3_3,,,N3_1,L_2,M_1
307656,L2,L3,L3,L1,L2,L3,L1,L1,L2,C3_3,D3_3,F3_3,,,N3_1,L_2,M_2
307657,L2,L3,L3,L1,L2,L3,L1,L1,L2,C3_3,D3_3,F3_3,,,N3_1,L_3,M_1
307658,L2,L3,L3,L1,L2,L3,L1,L1,L2,C3_3,D3_3,F3_3,,,N3_1,L_3,M_2
307659,L2,L3,L3,L1,L2,L3,L1,L1,L2,C3_3,D3_3,F3_3,,,N3_2,L_1,M_1
307660,L2,L3,L3,L1,L2,L3,L1,L1,L2,C3_3,D3_3,F3_3,,,N3_2,L_1,M_2
307661,L2,L3,L3,L1,L2,L3,L1,L1,L2,C3_3,D3_3,F3_3,,,N3_2,L_2,M_1
307662,L2,L3,L3,L1,L2,L3,L1,L1,L2,C3_3,D3_3,F3_3,,,N3_2,L_2,M_2
307663,L2,L3,L3,L1,L2,L3,L1,L1,L2,C3_3,D3_3,F3_3,,,N3_2,L_3,M_1
307664,L2,L3,L3,L1,L2,L3,L1,L1,L2,C3_3,D3_3,F3_3,,,N3_2,L_3,M_2
314550,L1,L2,L1,L3,L2,L3,L1,L1,L2,C3_1,D3_1,F3_1,,,N3_1,L_1,M_1
314551,L1,L2,L1,L3,L2,L3,L1,L1,L2,C3_1,D3_1,F3_1,,,N3_1,L_1,M_2
314552,L1,L2,L1,L3,L2,L3,L1,L1,L2,C3_1,D3_1,F3_1,,,N3_1,L_2,M_1
314553,L1,L2,L1,L3,L2,L3,L1,L1,L2,C3_1,D3_1,F3_1,,,N3_1,L_2,M_2
314554,L1,L2,L1,L3,L2,L3,L1,L1,L2,C3_1,D3_1,F3_1,,,N3_1,L_3,M_1
314555,L1,L2,L1,L3,L2,L3,L1,L1,L2,C3_1,D3_1,F3_1,,,N3_1,L_3,M_2
314556,L1,L2,L1,L3,L2,L3,L1,L1,L2,C3_1,D3_1,F3_1,,,N3_2,L_1,M_1
314557,L1,L2,L1,L3,L2,L3,L1,L1,L2,C3_1,D3_1,F3_1,,,N3_2,L_1,M_2
314558,L1,L2,L1,L3,L2,L3,L1,L1,L2,C3_1,D3_1,F3_1,,,N3_2,L_2,M_1
314559,L1,L2,L1,L3,L2,L3,L1,L1,L2,C3_1,D3_1,F3_1,,,N3_2,L_2,M_2
314560,L1,L2,L1,L3,L2,L3,L1,L1,L2,C3_1,D3_1,F3_1,,,N3_2,L_3,M_1
314561,L1,L2,L1,L3,L2,L3,L1,L1,L2,C3_1,D3_1,F3_1,,,N3_2,L_3,M_2
314562,L1,L2,L1,L3,L2,L3,L1,L1,L2,C3_1,D3_1,F3_2,,,N3_1,L_1,M_1
314563,L1,L2,L1,L3,L2,L3,L1,L1,L2,C3_1,D3_1,F3_2,,,N3_1,L_1,M_2
314564,L1,L2,L1,L3,L2,L3,L1,L1,L2,C3_1,D3_1,F3_2,,,N3_1,L_2,M_1
314565,L1,L2,L1,L3,L2,L3,L1,L1,L2,C3_1,D3_1,F3_2,,,N3_1,L_2,M_2
314566,L1,L2,L1,L3,L2,L3,L1,L1,L2,C3_1,D3_1,F3_2,,,N3_1,L_3,M_1
314567,L1,L2,L1,L3,L2,L3,L1,L1,L2,C3_1,D3_1,F3_2,,,N3_1,L_3,M_2
314568,L1,L2,L1,L3,L2,L3,L1,L1,L2,C3_1,D3_1,F3_2,,,N3_2,L_1,M_1
314569,L1,L2,L1,L3,L2,L3,L1,L1,L2,C3_1,D3_1,F3_2,,,N3_2,L_1,M_2
314570,L1,L2,L1,L3,L2,L3,L1,L1,L2,C3_1,D3_1,F3_2,,,N3_2,L_2,M_1
314571,L1,L2,L1,L3,L2,L3,L1,L1,L2,C3_1,D3_1,F3_2,,,N3_2,L_2,M_2
314572,L1,L2,L1,L3,L2,L3,L1,L1,L2,C3_1,D3_1,F3_2,,,N3_2,L_3,M_1
314573,L1,L2,L1,L3,L2,L3,L1,L1,L2,C3_1,D3_1,F3_2,,,N3_2,L_3,M_2
314574,L1,L2,L1,L3,L2,L3,L1,L1,L2,C3_1,D3_1,F3_3,,,N3_1,L_1,M_1
314575,L1,L2,L1,L3,L2,L3,L1,L1,L2,C3_1,D3_1,F3_3,,,N3_1,L_1,M_2
314576,L1,L2,L1,L3,L2,L3,L1,L1,L2,C3_1,D3_1,F3_3,,,N3_1,L_2,M_1
314577,L1,L2,L1,L3,L2,L3,L1,L1,L2,C3_1,D3_1,F3_3,,,N3_1,L_2,M_2
314578,L1,L2,L1,L3,L2,L3,L1,L1,L2,C3_1,D3_1,F3_3,,,N3_1,L_3,M_1
314579,L1,L2,L1,L3,L2,L3,L1,L1,L2,C3_1,D3_1,F3_3,,,N3_1,L_3,M_2
314580,L1,L2,L1,L3,L2,L3,L1,L1,L2,C3_1,D3_1,F3_3,,,N3_2,L_1,M_1
314581,L1,L2,L1,L3,L2,L3,L1,L1,L2,C3_1,D3_1,F3_3,,,N3_2,L_1,M_2
314582,L1,L2,L1,L3,L2,L3,L1,L1,L2,C3_1,D3_1,F3_3,,,N3_2,L_2,M_1
314583,L1,L2,L1,L3,L2,L3,L1,L1,L2,C3_1,D3_1,F3_3,,,N3_2,L_2,M_2
314584,L1,L2,L1,L3,L2,L3,L1,L1,L2,C3_1,D3_1,F3_3,,,N3_2,L_3,M_1
314585,L1,L2,L1,L3,L2,L3,L1,L1,L2,C3_1,D3_1,F3_3,,,N3_2,L_3,M_2
314586,L1,L2,L1,L3,L2,L3,L1,L1,L2,C3_1,D3_2,F3_1,,,N3_1,L_1,M_1
314587,L1,L2,L1,L3,L2,L3,L1,L1,L2,C3_1,D3_2,F3_1,,,N3_1,L_1,M_2
314588,L1,L2,L1,L3,L2,L3,L1,L1,L2,C3_1,D3_2,F3_1,,,N3_1,L_2,M_1
314589,L1,L2,L1,L3,L2,L3,L1,L1,L2,C3_1,D3_2,F3_1,,,N3_1,L_2,M_2
314590,L1,L2,L1,L3,L2,L3,L1,L1,L2,C3_1,D3_2,F3_1,,,N3_1,L_3,M_1
314591,L1,L2,L1,L3,L2,L3,L1,L1,L2,C3_1,D3_2,F3_1,,,N3_1,L_3,M_2
314592,L1,L2,L1,L3,L2,L3,L1,L1,L2,C3_1,D3_2,F3_1,,,N3_2,L_1,M_1
314593,L1,L2,L1,L3,L2,L3,L1,L1,L2,C3_1,D3_2,F3_1,,,N3_2,L_1,M_2
314594,L1,L2,L1,L3,L2,L3,L1,L1,L2,C3_1,D3_2,F3_1,,,N3_2,L_2,M_1
314595,L1,L2,L1,L3,L2,L3,L1,L1,L2,C3_1,D3_2,F3_1,,,N3_2,L_2,M_2
314596,L1,L2,L1,L3,L2,L3,L1,L1,L2,C3_1,D3_2,F3_1,,,N3_2,L_3,M_1
314597,L1,L2,L1,L3,L2,L3,L1,L1,L2,C3_1,D3_2,F3_1,,,N3_2,L_3,M_2
314598,L1,L2,L1,L3,L2,L3,L1,L1,L2,C3_1,D3_2,F3_2,,,N3_1,L_1,M_1
314599,L1,L2,L1,L3,L2,L3,L1,L1,L2,C3_1,D3_2,F3_2,,,N3_1,L_1,M_2
314600,L1,L2,L1,L3,L2,L3,L1,L1,L2,C3_1,D3_2,F3_2,,,N3_1,L_2,M_1
314601,L1,L2,L1,L3,L2,L3,L1,L1,L2,C3_1,D3_2,F3_2,,,N3_1,L_2,M_2
314602,L1,L2,L1,L3,L2,L3,L1,L1,L2,C3_1,D3_2,F3_2,,,N3_1,L_3,M_1
314603,L1,L2,L1,L3,L2,L3,L1,L1,L2,C3_1,D3_2,F3_2,,,N3_1,L_3,M_2
314604,L1,L2,L1,L3,L2,L3,L1,L1,L2,C3_1,D3_2,F3_2,,,N3_2,L_1,M_1
314605,L1,L2,L1,L3,L2,L3,L1,L1,L2,C3_1,D3_2,F3_2,,,N3_2,L_1,M_2
314606,L1,L2,L1,L3,L2,L3,L1,L1,L2,C3_1,D3_2,F3_2,,,N3_2,L_2,M_1
314607,L1,L2,L1,L3,L2,L3,L1,L1,L2,C3_1,D3_2,F3_2,,,N3_2,L_2,M_2
314608,L1,L2,L1,L3,L2,L3,L1,L1,L2,C3_1,D3_2,F3_2,,,N3_2,L_3,M_1
314609,L1,L2,L1,L3,L2,L3,L1,L1,L2,C3_1,D3_2,F3_2,,,N3_2,L_3,M_2
314610,L1,L2,L1,L3,L2,L3,L1,L1,L2,C3_1,D3_2,F3_3,,,N3_1,L_1,M_1
314611,L1,L2,L1,L3,L2,L3,L1,L1,L2,C3_1,D3_2,F3_3,,,N3_1,L_1,M_2
314612,L1,L2,L1,L3,L2,L3,L1,L1,L2,C3_1,D3_2,F3_3,,,N3_1,L_2,M_1
314613,L1,L2,L1,L3,L2,L3,L1,L1,L2,C3_1,D3_2,F3_3,,,N3_1,L_2,M_2
314614,L1,L2,L1,L3,L2,L3,L1,L1,L2,C3_1,D3_2,F3_3,,,N3_1,L_3,M_1
314615,L1,L2,L1,L3,L2,L3,L1,L1,L2,C3_1,D3_2,F3_3,,,N3_1,L_3,M_2
314616,L1,L2,L1,L3,L2,L3,L1,L1,L2,C3_1,D3_2,F3_3,,,N3_2,L_1,M_1
314617,L1,L2,L1,L3,L2,L3,L1,L1,L2,C3_1,D3_2,F3_3,,,N3_2,L_1,M_2
314618,L1,L2,L1,L3,L2,L3,L1,L1,L2,C3_1,D3_2,F3_3,,,N3_2,L_2,M_1
314619,L1,L2,L1,L3,L2,L3,L1,L1,L2,C3_1,D3_2,F3_3,,,N3_2,L_2,M_2
314620,L1,L2,L1,L3,L2,L3,L1,L1,L2,C3_1,D3_2,F3_3,,,N3_2,L_3,M_1
314621,L1,L2,L1,L3,L2,L3,L1,L1,L2,C3_1,D3_2,F3_3,,,N3_2,L_3,M_2
314622,L1,L2,L1,L3,L2,L3,L1,L1,L2,C3_1,D3_3,F3_1,,,N3_1,L_1,M_1
314623,L1,L2,L1,L3,L2,L3,L1,L1,L2,C3_1,D3_3,F3_1,,,N3_1,L_1,M_2
314624,L1,L2,L1,L3,L2,L3,L1,L1,L2,C3_1,D3_3,F3_1,,,N3_1,L_2,M_1
314625,L1,L2,L1,L3,L2,L3,L1,L1,L2,C3_1,D3_3,F3_1,,,N3_1,L_2,M_2
314626,L1,L2,L1,L3,L2,L3,L1,L1,L2,C3_1,D3_3,F3_1,,,N3_1,L_3,M_1
314627,L1,L2,L1,L3,L2,L3,L1,L1,L2,C3_1,D3_3,F3_1,,,N3_1,L_3,M_2
314628,L1,L2,L1,L3,L2,L3,L1,L1,L2,C3_1,D3_3,F3_1,,,N3_2,L_1,M_1
314629,L1,L2,L1,L3,L2,L3,L1,L1,L2,C3_1,D3_3,F3_1,,,N3_2,L_1,M_2
314630,L1,L2,L1,L3,L2,L3,L1,L1,L2,C3_1,D3_3,F3_1,,,N3_2,L_2,M_1
314631,L1,L2,L1,L3,L2,L3,L1,L1,L2,C3_1,D3_3,F3_1,,,N3_2,L_2,M_2
314632,L1,L2,L1,L3,L2,L3,L1,L1,L2,C3_1,D3_3,F3_1,,,N3_2,L_3,M_1
314633,L1,L2,L1,L3,L2,L3,L1,L1,L2,C3_1,D3_3,F3_1,,,N3_2,L_3,M_2
314634,L1,L2,L1,L3,L2,L3,L1,L1,L2,C3_1,D3_3,F3_2,,,N3_1,L_1,M_1
314635,L1,L2,L1,L3,L2,L3,L1,L1,L2,C3_1,D3_3,F3_2,,,N3_1,L_1,M_2
314636,L1,L2,L1,L3,L2,L3,L1,L1,L2,C3_1,D3_3,F3_2,,,N3_1,L_2,M_1
314637,L1,L2,L1,L3,L2,L3,L1,L1,L2,C3_1,D3_3,F3_2,,,N3_1,L_2,M_2
314638,L1,L2,L1,L3,L2,L3,L1,L1,L2,C3_1,D3_3,F3_2,,,N3_1,L_3,M_1
314639,L1,L2,L1,L3,L2,L3,L1,L1,L2,C3_1,D3_3,F3_2,,,N3_1,L_3,M_2
314640,L1,L2,L1,L3,L2,L3,L1,L1,L2,C3_1,D3_3,F3_2,,,N3_2,L_1,M_1
314641,L1,L2,L1,L3,L2,L3,L1,L1,L2,C3_1,D3_3,F3_2,,,N3_2,L_1,M_2
314642,L1,L2,L1,L3,L2,L3,L1,L1,L2,C3_1,D3_3,F3_2,,,N3_2,L_2,M_1
314643,L1,L2,L1,L3,L2,L3,L1,L1,L2,C3_1,D3_3,F3_2,,,N3_2,L_2,M_2
314644,L1,L2,L1,L3,L2,L3,L1,L1,L2,C3_1,D3_3,F3_2,,,N3_2,L_3,M_1
314645,L1,L2,L1,L3,L2,L3,L1,L1,L2,C3_1,D3_3,F3_2,,,N3_2,L_3,M_2
314646,L1,L2,L1,L3,L2,L3,L1,L1,L2,C3_1,D3_3,F3_3,,,N3_1,L_1,M_1
314647,L1,L2,L1,L3,L2,L3,L1,L1,L2,C3_1,D3_3,F3_3,,,N3_1,L_1,M_2
314648,L1,L2,L1,L3,L2,L3,L1,L1,L2,C3_1,D3_3,F3_3,,,N3_1,L_2,M_1
314649,L1,L2,L1,L3,L2,L3,L1,L1,L2,C3_1,D3_3,F3_3,,,N3_1,L_2,M_2
314650,L1,L2,L1,L3,L2,L3,L1,L1,L2,C3_1,D3_3,F3_3,,,N3_1,L_3,M_1
314651,L1,L2,L1,L3,L2,L3,L1,L1,L2,C3_1,D3_3,F3_3,,,N3_1,L_3,M_2
314652,L1,L2,L1,L3,L2,L3,L1,L1,L2,C3_1,D3_3,F3_3,,,N3_2,L_1,M_1
314653,L1,L2,L1,L3,L2,L3,L1,L1,L2,C3_1,D3_3,F3_3,,,N3_2,L_1,M_2
314654,L1,L2,L1,L3,L2,L3,L1,L1,L2,C3_1,D3_3,F3_3,,,N3_2,L_2,M_1
314655,L1,L2,L1,L3,L2,L3,L1,L1,L2,C3_1,D3_3,F3_3,,,N3_2,L_2,M_2
314656,L1,L2,L1,L3,L2,L3,L1,L1,L2,C3_1,D3_3,F3_3,,,N3_2,L_3,M_1
314657,L1,L2,L1,L3,L2,L3,L1,L1,L2,C3_1,D3_3,F3_3,,,N3_2,L_3,M_2
314658,L1,L2,L1,L3,L2,L3,L1,L1,L2,C3_2,D3_1,F3_1,,,N3_1,L_1,M_1
314659,L1,L2,L1,L3,L2,L3,L1,L1,L2,C3_2,D3_1,F3_1,,,N3_1,L_1,M_2
314660,L1,L2,L1,L3,L2,L3,L1,L1,L2,C3_2,D3_1,F3_1,,,N3_1,L_2,M_1
314661,L1,L2,L1,L3,L2,L3,L1,L1,L2,C3_2,D3_1,F3_1,,,N3_1,L_2,M_2
314662,L1,L2,L1,L3,L2,L3,L1,L1,L2,C3_2,D3_1,F3_1,,,N3_1,L_3,M_1
314663,L1,L2,L1,L3,L2,L3,L1,L1,L2,C3_2,D3_1,F3_1,,,N3_1,L_3,M_2
314664,L1,L2,L1,L3,L2,L3,L1,L1,L2,C3_2,D3_1,F3_1,,,N3_2,L_1,M_1
314665,L1,L2,L1,L3,L2,L3,L1,L1,L2,C3_2,D3_1,F3_1,,,N3_2,L_1,M_2
314666,L1,L2,L1,L3,L2,L3,L1,L1,L2,C3_2,D3_1,F3_1,,,N3_2,L_2,M_1
314667,L1,L2,L1,L3,L2,L3,L1,L1,L2,C3_2,D3_1,F3_1,,,N3_2,L_2,M_2
314668,L1,L2,L1,L3,L2,L3,L1,L1,L2,C3_2,D3_1,F3_1,,,N3_2,L_3,M_1
314669,L1,L2,L1,L3,L2,L3,L1,L1,L2,C3_2,D3_1,F3_1,,,N3_2,L_3,M_2
314670,L1,L2,L1,L3,L2,L3,L1,L1,L2,C3_2,D3_1,F3_2,,,N3_1,L_1,M_1
314671,L1,L2,L1,L3,L2,L3,L1,L1,L2,C3_2,D3_1,F3_2,,,N3_1,L_1,M_2
314672,L1,L2,L1,L3,L2,L3,L1,L1,L2,C3_2,D3_1,F3_2,,,N3_1,L_2,M_1
314673,L1,L2,L1,L3,L2,L3,L1,L1,L2,C3_2,D3_1,F3_2,,,N3_1,L_2,M_2
314674,L1,L2,L1,L3,L2,L3,L1,L1,L2,C3_2,D3_1,F3_2,,,N3_1,L_3,M_1
314675,L1,L2,L1,L3,L2,L3,L1,L1,L2,C3_2,D3_1,F3_2,,,N3_1,L_3,M_2
314676,L1,L2,L1,L3,L2,L3,L1,L1,L2,C3_2,D3_1,F3_2,,,N3_2,L_1,M_1
314677,L1,L2,L1,L3,L2,L3,L1,L1,L2,C3_2,D3_1,F3_2,,,N3_2,L_1,M_2
314678,L1,L2,L1,L3,L2,L3,L1,L1,L2,C3_2,D3_1,F3_2,,,N3_2,L_2,M_1
314679,L1,L2,L1,L3,L2,L3,L1,L1,L2,C3_2,D3_1,F3_2,,,N3_2,L_2,M_2
314680,L1,L2,L1,L3,L2,L3,L1,L1,L2,C3_2,D3_1,F3_2,,,N3_2,L_3,M_1
314681,L1,L2,L1,L3,L2,L3,L1,L1,L2,C3_2,D3_1,F3_2,,,N3_2,L_3,M_2
314682,L1,L2,L1,L3,L2,L3,L1,L1,L2,C3_2,D3_1,F3_3,,,N3_1,L_1,M_1
314683,L1,L2,L1,L3,L2,L3,L1,L1,L2,C3_2,D3_1,F3_3,,,N3_1,L_1,M_2
314684,L1,L2,L1,L3,L2,L3,L1,L1,L2,C3_2,D3_1,F3_3,,,N3_1,L_2,M_1
314685,L1,L2,L1,L3,L2,L3,L1,L1,L2,C3_2,D3_1,F3_3,,,N3_1,L_2,M_2
314686,L1,L2,L1,L3,L2,L3,L1,L1,L2,C3_2,D3_1,F3_3,,,N3_1,L_3,M_1
314687,L1,L2,L1,L3,L2,L3,L1,L1,L2,C3_2,D3_1,F3_3,,,N3_1,L_3,M_2
314688,L1,L2,L1,L3,L2,L3,L1,L1,L2,C3_2,D3_1,F3_3,,,N3_2,L_1,M_1
314689,L1,L2,L1,L3,L2,L3,L1,L1,L2,C3_2,D3_1,F3_3,,,N3_2,L_1,M_2
314690,L1,L2,L1,L3,L2,L3,L1,L1,L2,C3_2,D3_1,F3_3,,,N3_2,L_2,M_1
314691,L1,L2,L1,L3,L2,L3,L1,L1,L2,C3_2,D3_1,F3_3,,,N3_2,L_2,M_2
314692,L1,L2,L1,L3,L2,L3,L1,L1,L2,C3_2,D3_1,F3_3,,,N3_2,L_3,M_1
314693,L1,L2,L1,L3,L2,L3,L1,L1,L2,C3_2,D3_1,F3_3,,,N3_2,L_3,M_2
314694,L1,L2,L1,L3,L2,L3,L1,L1,L2,C3_2,D3_2,F3_1,,,N3_1,L_1,M_1
314695,L1,L2,L1,L3,L2,L3,L1,L1,L2,C3_2,D3_2,F3_1,,,N3_1,L_1,M_2
314696,L1,L2,L1,L3,L2,L3,L1,L1,L2,C3_2,D3_2,F3_1,,,N3_1,L_2,M_1
314697,L1,L2,L1,L3,L2,L3,L1,L1,L2,C3_2,D3_2,F3_1,,,N3_1,L_2,M_2
314698,L1,L2,L1,L3,L2,L3,L1,L1,L2,C3_2,D3_2,F3_1,,,N3_1,L_3,M_1
314699,L1,L2,L1,L3,L2,L3,L1,L1,L2,C3_2,D3_2,F3_1,,,N3_1,L_3,M_2
314700,L1,L2,L1,L3,L2,L3,L1,L1,L2,C3_2,D3_2,F3_1,,,N3_2,L_1,M_1
314701,L1,L2,L1,L3,L2,L3,L1,L1,L2,C3_2,D3_2,F3_1,,,N3_2,L_1,M_2
314702,L1,L2,L1,L3,L2,L3,L1,L1,L2,C3_2,D3_2,F3_1,,,N3_2,L_2,M_1
314703,L1,L2,L1,L3,L2,L3,L1,L1,L2,C3_2,D3_2,F3_1,,,N3_2,L_2,M_2
314704,L1,L2,L1,L3,L2,L3,L1,L1,L2,C3_2,D3_2,F3_1,,,N3_2,L_3,M_1
314705,L1,L2,L1,L3,L2,L3,L1,L1,L2,C3_2,D3_2,F3_1,,,N3_2,L_3,M_2
314706,L1,L2,L1,L3,L2,L3,L1,L1,L2,C3_2,D3_2,F3_2,,,N3_1,L_1,M_1
314707,L1,L2,L1,L3,L2,L3,L1,L1,L2,C3_2,D3_2,F3_2,,,N3_1,L_1,M_2
314708,L1,L2,L1,L3,L2,L3,L1,L1,L2,C3_2,D3_2,F3_2,,,N3_1,L_2,M_1
314709,L1,L2,L1,L3,L2,L3,L1,L1,L2,C3_2,D3_2,F3_2,,,N3_1,L_2,M_2
314710,L1,L2,L1,L3,L2,L3,L1,L1,L2,C3_2,D3_2,F3_2,,,N3_1,L_3,M_1
314711,L1,L2,L1,L3,L2,L3,L1,L1,L2,C3_2,D3_2,F3_2,,,N3_1,L_3,M_2
314712,L1,L2,L1,L3,L2,L3,L1,L1,L2,C3_2,D3_2,F3_2,,,N3_2,L_1,M_1
314713,L1,L2,L1,L3,L2,L3,L1,L1,L2,C3_2,D3_2,F3_2,,,N3_2,L_1,M_2
314714,L1,L2,L1,L3,L2,L3,L1,L1,L2,C3_2,D3_2,F3_2,,,N3_2,L_2,M_1
314715,L1,L2,L1,L3,L2,L3,L1,L1,L2,C3_2,D3_2,F3_2,,,N3_2,L_2,M_2
314716,L1,L2,L1,L3,L2,L3,L1,L1,L2,C3_2,D3_2,F3_2,,,N3_2,L_3,M_1
314717,L1,L2,L1,L3,L2,L3,L1,L1,L2,C3_2,D3_2,F3_2,,,N3_2,L_3,M_2
314718,L1,L2,L1,L3,L2,L3,L1,L1,L2,C3_2,D3_2,F3_3,,,N3_1,L_1,M_1
314719,L1,L2,L1,L3,L2,L3,L1,L1,L2,C3_2,D3_2,F3_3,,,N3_1,L_1,M_2
314720,L1,L2,L1,L3,L2,L3,L1,L1,L2,C3_2,D3_2,F3_3,,,N3_1,L_2,M_1
314721,L1,L2,L1,L3,L2,L3,L1,L1,L2,C3_2,D3_2,F3_3,,,N3_1,L_2,M_2
314722,L1,L2,L1,L3,L2,L3,L1,L1,L2,C3_2,D3_2,F3_3,,,N3_1,L_3,M_1
314723,L1,L2,L1,L3,L2,L3,L1,L1,L2,C3_2,D3_2,F3_3,,,N3_1,L_3,M_2
314724,L1,L2,L1,L3,L2,L3,L1,L1,L2,C3_2,D3_2,F3_3,,,N3_2,L_1,M_1
314725,L1,L2,L1,L3,L2,L3,L1,L1,L2,C3_2,D3_2,F3_3,,,N3_2,L_1,M_2
314726,L1,L2,L1,L3,L2,L3,L1,L1,L2,C3_2,D3_2,F3_3,,,N3_2,L_2,M_1
314727,L1,L2,L1,L3,L2,L3,L1,L1,L2,C3_2,D3_2,F3_3,,,N3_2,L_2,M_2
314728,L1,L2,L1,L3,L2,L3,L1,L1,L2,C3_2,D3_2,F3_3,,,N3_2,L_3,M_1
314729,L1,L2,L1,L3,L2,L3,L1,L1,L2,C3_2,D3_2,F3_3,,,N3_2,L_3,M_2
314730,L1,L2,L1,L3,L2,L3,L1,L1,L2,C3_2,D3_3,F3_1,,,N3_1,L_1,M_1
314731,L1,L2,L1,L3,L2,L3,L1,L1,L2,C3_2,D3_3,F3_1,,,N3_1,L_1,M_2
314732,L1,L2,L1,L3,L2,L3,L1,L1,L2,C3_2,D3_3,F3_1,,,N3_1,L_2,M_1
314733,L1,L2,L1,L3,L2,L3,L1,L1,L2,C3_2,D3_3,F3_1,,,N3_1,L_2,M_2
314734,L1,L2,L1,L3,L2,L3,L1,L1,L2,C3_2,D3_3,F3_1,,,N3_1,L_3,M_1
314735,L1,L2,L1,L3,L2,L3,L1,L1,L2,C3_2,D3_3,F3_1,,,N3_1,L_3,M_2
314736,L1,L2,L1,L3,L2,L3,L1,L1,L2,C3_2,D3_3,F3_1,,,N3_2,L_1,M_1
314737,L1,L2,L1,L3,L2,L3,L1,L1,L2,C3_2,D3_3,F3_1,,,N3_2,L_1,M_2
314738,L1,L2,L1,L3,L2,L3,L1,L1,L2,C3_2,D3_3,F3_1,,,N3_2,L_2,M_1
314739,L1,L2,L1,L3,L2,L3,L1,L1,L2,C3_2,D3_3,F3_1,,,N3_2,L_2,M_2
314740,L1,L2,L1,L3,L2,L3,L1,L1,L2,C3_2,D3_3,F3_1,,,N3_2,L_3,M_1
314741,L1,L2,L1,L3,L2,L3,L1,L1,L2,C3_2,D3_3,F3_1,,,N3_2,L_3,M_2
314742,L1,L2,L1,L3,L2,L3,L1,L1,L2,C3_2,D3_3,F3_2,,,N3_1,L_1,M_1
314743,L1,L2,L1,L3,L2,L3,L1,L1,L2,C3_2,D3_3,F3_2,,,N3_1,L_1,M_2
314744,L1,L2,L1,L3,L2,L3,L1,L1,L2,C3_2,D3_3,F3_2,,,N3_1,L_2,M_1
314745,L1,L2,L1,L3,L2,L3,L1,L1,L2,C3_2,D3_3,F3_2,,,N3_1,L_2,M_2
314746,L1,L2,L1,L3,L2,L3,L1,L1,L2,C3_2,D3_3,F3_2,,,N3_1,L_3,M_1
314747,L1,L2,L1,L3,L2,L3,L1,L1,L2,C3_2,D3_3,F3_2,,,N3_1,L_3,M_2
314748,L1,L2,L1,L3,L2,L3,L1,L1,L2,C3_2,D3_3,F3_2,,,N3_2,L_1,M_1
314749,L1,L2,L1,L3,L2,L3,L1,L1,L2,C3_2,D3_3,F3_2,,,N3_2,L_1,M_2
314750,L1,L2,L1,L3,L2,L3,L1,L1,L2,C3_2,D3_3,F3_2,,,N3_2,L_2,M_1
314751,L1,L2,L1,L3,L2,L3,L1,L1,L2,C3_2,D3_3,F3_2,,,N3_2,L_2,M_2
314752,L1,L2,L1,L3,L2,L3,L1,L1,L2,C3_2,D3_3,F3_2,,,N3_2,L_3,M_1
314753,L1,L2,L1,L3,L2,L3,L1,L1,L2,C3_2,D3_3,F3_2,,,N3_2,L_3,M_2
314754,L1,L2,L1,L3,L2,L3,L1,L1,L2,C3_2,D3_3,F3_3,,,N3_1,L_1,M_1
314755,L1,L2,L1,L3,L2,L3,L1,L1,L2,C3_2,D3_3,F3_3,,,N3_1,L_1,M_2
314756,L1,L2,L1,L3,L2,L3,L1,L1,L2,C3_2,D3_3,F3_3,,,N3_1,L_2,M_1
314757,L1,L2,L1,L3,L2,L3,L1,L1,L2,C3_2,D3_3,F3_3,,,N3_1,L_2,M_2
314758,L1,L2,L1,L3,L2,L3,L1,L1,L2,C3_2,D3_3,F3_3,,,N3_1,L_3,M_1
314759,L1,L2,L1,L3,L2,L3,L1,L1,L2,C3_2,D3_3,F3_3,,,N3_1,L_3,M_2
314760,L1,L2,L1,L3,L2,L3,L1,L1,L2,C3_2,D3_3,F3_3,,,N3_2,L_1,M_1
314761,L1,L2,L1,L3,L2,L3,L1,L1,L2,C3_2,D3_3,F3_3,,,N3_2,L_1,M_2
314762,L1,L2,L1,L3,L2,L3,L1,L1,L2,C3_2,D3_3,F3_3,,,N3_2,L_2,M_1
314763,L1,L2,L1,L3,L2,L3,L1,L1,L2,C3_2,D3_3,F3_3,,,N3_2,L_2,M_2
314764,L1,L2,L1,L3,L2,L3,L1,L1,L2,C3_2,D3_3,F3_3,,,N3_2,L_3,M_1
314765,L1,L2,L1,L3,L2,L3,L1,L1,L2,C3_2,D3_3,F3_3,,,N3_2,L_3,M_2
314766,L1,L2,L1,L3,L2,L3,L1,L1,L2,C3_3,D3_1,F3_1,,,N3_1,L_1,M_1
314767,L1,L2,L1,L3,L2,L3,L1,L1,L2,C3_3,D3_1,F3_1,,,N3_1,L_1,M_2
314768,L1,L2,L1,L3,L2,L3,L1,L1,L2,C3_3,D3_1,F3_1,,,N3_1,L_2,M_1
314769,L1,L2,L1,L3,L2,L3,L1,L1,L2,C3_3,D3_1,F3_1,,,N3_1,L_2,M_2
314770,L1,L2,L1,L3,L2,L3,L1,L1,L2,C3_3,D3_1,F3_1,,,N3_1,L_3,M_1
314771,L1,L2,L1,L3,L2,L3,L1,L1,L2,C3_3,D3_1,F3_1,,,N3_1,L_3,M_2
314772,L1,L2,L1,L3,L2,L3,L1,L1,L2,C3_3,D3_1,F3_1,,,N3_2,L_1,M_1
314773,L1,L2,L1,L3,L2,L3,L1,L1,L2,C3_3,D3_1,F3_1,,,N3_2,L_1,M_2
314774,L1,L2,L1,L3,L2,L3,L1,L1,L2,C3_3,D3_1,F3_1,,,N3_2,L_2,M_1
314775,L1,L2,L1,L3,L2,L3,L1,L1,L2,C3_3,D3_1,F3_1,,,N3_2,L_2,M_2
314776,L1,L2,L1,L3,L2,L3,L1,L1,L2,C3_3,D3_1,F3_1,,,N3_2,L_3,M_1
314777,L1,L2,L1,L3,L2,L3,L1,L1,L2,C3_3,D3_1,F3_1,,,N3_2,L_3,M_2
314778,L1,L2,L1,L3,L2,L3,L1,L1,L2,C3_3,D3_1,F3_2,,,N3_1,L_1,M_1
314779,L1,L2,L1,L3,L2,L3,L1,L1,L2,C3_3,D3_1,F3_2,,,N3_1,L_1,M_2
314780,L1,L2,L1,L3,L2,L3,L1,L1,L2,C3_3,D3_1,F3_2,,,N3_1,L_2,M_1
314781,L1,L2,L1,L3,L2,L3,L1,L1,L2,C3_3,D3_1,F3_2,,,N3_1,L_2,M_2
314782,L1,L2,L1,L3,L2,L3,L1,L1,L2,C3_3,D3_1,F3_2,,,N3_1,L_3,M_1
314783,L1,L2,L1,L3,L2,L3,L1,L1,L2,C3_3,D3_1,F3_2,,,N3_1,L_3,M_2
314784,L1,L2,L1,L3,L2,L3,L1,L1,L2,C3_3,D3_1,F3_2,,,N3_2,L_1,M_1
314785,L1,L2,L1,L3,L2,L3,L1,L1,L2,C3_3,D3_1,F3_2,,,N3_2,L_1,M_2
314786,L1,L2,L1,L3,L2,L3,L1,L1,L2,C3_3,D3_1,F3_2,,,N3_2,L_2,M_1
314787,L1,L2,L1,L3,L2,L3,L1,L1,L2,C3_3,D3_1,F3_2,,,N3_2,L_2,M_2
314788,L1,L2,L1,L3,L2,L3,L1,L1,L2,C3_3,D3_1,F3_2,,,N3_2,L_3,M_1
314789,L1,L2,L1,L3,L2,L3,L1,L1,L2,C3_3,D3_1,F3_2,,,N3_2,L_3,M_2
314790,L1,L2,L1,L3,L2,L3,L1,L1,L2,C3_3,D3_1,F3_3,,,N3_1,L_1,M_1
314791,L1,L2,L1,L3,L2,L3,L1,L1,L2,C3_3,D3_1,F3_3,,,N3_1,L_1,M_2
314792,L1,L2,L1,L3,L2,L3,L1,L1,L2,C3_3,D3_1,F3_3,,,N3_1,L_2,M_1
314793,L1,L2,L1,L3,L2,L3,L1,L1,L2,C3_3,D3_1,F3_3,,,N3_1,L_2,M_2
314794,L1,L2,L1,L3,L2,L3,L1,L1,L2,C3_3,D3_1,F3_3,,,N3_1,L_3,M_1
314795,L1,L2,L1,L3,L2,L3,L1,L1,L2,C3_3,D3_1,F3_3,,,N3_1,L_3,M_2
314796,L1,L2,L1,L3,L2,L3,L1,L1,L2,C3_3,D3_1,F3_3,,,N3_2,L_1,M_1
314797,L1,L2,L1,L3,L2,L3,L1,L1,L2,C3_3,D3_1,F3_3,,,N3_2,L_1,M_2
314798,L1,L2,L1,L3,L2,L3,L1,L1,L2,C3_3,D3_1,F3_3,,,N3_2,L_2,M_1
314799,L1,L2,L1,L3,L2,L3,L1,L1,L2,C3_3,D3_1,F3_3,,,N3_2,L_2,M_2
314800,L1,L2,L1,L3,L2,L3,L1,L1,L2,C3_3,D3_1,F3_3,,,N3_2,L_3,M_1
314801,L1,L2,L1,L3,L2,L3,L1,L1,L2,C3_3,D3_1,F3_3,,,N3_2,L_3,M_2
314802,L1,L2,L1,L3,L2,L3,L1,L1,L2,C3_3,D3_2,F3_1,,,N3_1,L_1,M_1
314803,L1,L2,L1,L3,L2,L3,L1,L1,L2,C3_3,D3_2,F3_1,,,N3_1,L_1,M_2
314804,L1,L2,L1,L3,L2,L3,L1,L1,L2,C3_3,D3_2,F3_1,,,N3_1,L_2,M_1
314805,L1,L2,L1,L3,L2,L3,L1,L1,L2,C3_3,D3_2,F3_1,,,N3_1,L_2,M_2
314806,L1,L2,L1,L3,L2,L3,L1,L1,L2,C3_3,D3_2,F3_1,,,N3_1,L_3,M_1
314807,L1,L2,L1,L3,L2,L3,L1,L1,L2,C3_3,D3_2,F3_1,,,N3_1,L_3,M_2
314808,L1,L2,L1,L3,L2,L3,L1,L1,L2,C3_3,D3_2,F3_1,,,N3_2,L_1,M_1
314809,L1,L2,L1,L3,L2,L3,L1,L1,L2,C3_3,D3_2,F3_1,,,N3_2,L_1,M_2
314810,L1,L2,L1,L3,L2,L3,L1,L1,L2,C3_3,D3_2,F3_1,,,N3_2,L_2,M_1
314811,L1,L2,L1,L3,L2,L3,L1,L1,L2,C3_3,D3_2,F3_1,,,N3_2,L_2,M_2
314812,L1,L2,L1,L3,L2,L3,L1,L1,L2,C3_3,D3_2,F3_1,,,N3_2,L_3,M_1
314813,L1,L2,L1,L3,L2,L3,L1,L1,L2,C3_3,D3_2,F3_1,,,N3_2,L_3,M_2
314814,L1,L2,L1,L3,L2,L3,L1,L1,L2,C3_3,D3_2,F3_2,,,N3_1,L_1,M_1
314815,L1,L2,L1,L3,L2,L3,L1,L1,L2,C3_3,D3_2,F3_2,,,N3_1,L_1,M_2
314816,L1,L2,L1,L3,L2,L3,L1,L1,L2,C3_3,D3_2,F3_2,,,N3_1,L_2,M_1
314817,L1,L2,L1,L3,L2,L3,L1,L1,L2,C3_3,D3_2,F3_2,,,N3_1,L_2,M_2
314818,L1,L2,L1,L3,L2,L3,L1,L1,L2,C3_3,D3_2,F3_2,,,N3_1,L_3,M_1
314819,L1,L2,L1,L3,L2,L3,L1,L1,L2,C3_3,D3_2,F3_2,,,N3_1,L_3,M_2
314820,L1,L2,L1,L3,L2,L3,L1,L1,L2,C3_3,D3_2,F3_2,,,N3_2,L_1,M_1
314821,L1,L2,L1,L3,L2,L3,L1,L1,L2,C3_3,D3_2,F3_2,,,N3_2,L_1,M_2
314822,L1,L2,L1,L3,L2,L3,L1,L1,L2,C3_3,D3_2,F3_2,,,N3_2,L_2,M_1
314823,L1,L2,L1,L3,L2,L3,L1,L1,L2,C3_3,D3_2,F3_2,,,N3_2,L_2,M_2
314824,L1,L2,L1,L3,L2,L3,L1,L1,L2,C3_3,D3_2,F3_2,,,N3_2,L_3,M_1
314825,L1,L2,L1,L3,L2,L3,L1,L1,L2,C3_3,D3_2,F3_2,,,N3_2,L_3,M_2
314826,L1,L2,L1,L3,L2,L3,L1,L1,L2,C3_3,D3_2,F3_3,,,N3_1,L_1,M_1
314827,L1,L2,L1,L3,L2,L3,L1,L1,L2,C3_3,D3_2,F3_3,,,N3_1,L_1,M_2
314828,L1,L2,L1,L3,L2,L3,L1,L1,L2,C3_3,D3_2,F3_3,,,N3_1,L_2,M_1
314829,L1,L2,L1,L3,L2,L3,L1,L1,L2,C3_3,D3_2,F3_3,,,N3_1,L_2,M_2
314830,L1,L2,L1,L3,L2,L3,L1,L1,L2,C3_3,D3_2,F3_3,,,N3_1,L_3,M_1
314831,L1,L2,L1,L3,L2,L3,L1,L1,L2,C3_3,D3_2,F3_3,,,N3_1,L_3,M_2
314832,L1,L2,L1,L3,L2,L3,L1,L1,L2,C3_3,D3_2,F3_3,,,N3_2,L_1,M_1
314833,L1,L2,L1,L3,L2,L3,L1,L1,L2,C3_3,D3_2,F3_3,,,N3_2,L_1,M_2
314834,L1,L2,L1,L3,L2,L3,L1,L1,L2,C3_3,D3_2,F3_3,,,N3_2,L_2,M_1
314835,L1,L2,L1,L3,L2,L3,L1,L1,L2,C3_3,D3_2,F3_3,,,N3_2,L_2,M_2
314836,L1,L2,L1,L3,L2,L3,L1,L1,L2,C3_3,D3_2,F3_3,,,N3_2,L_3,M_1
314837,L1,L2,L1,L3,L2,L3,L1,L1,L2,C3_3,D3_2,F3_3,,,N3_2,L_3,M_2
314838,L1,L2,L1,L3,L2,L3,L1,L1,L2,C3_3,D3_3,F3_1,,,N3_1,L_1,M_1
314839,L1,L2,L1,L3,L2,L3,L1,L1,L2,C3_3,D3_3,F3_1,,,N3_1,L_1,M_2
314840,L1,L2,L1,L3,L2,L3,L1,L1,L2,C3_3,D3_3,F3_1,,,N3_1,L_2,M_1
314841,L1,L2,L1,L3,L2,L3,L1,L1,L2,C3_3,D3_3,F3_1,,,N3_1,L_2,M_2
314842,L1,L2,L1,L3,L2,L3,L1,L1,L2,C3_3,D3_3,F3_1,,,N3_1,L_3,M_1
314843,L1,L2,L1,L3,L2,L3,L1,L1,L2,C3_3,D3_3,F3_1,,,N3_1,L_3,M_2
314844,L1,L2,L1,L3,L2,L3,L1,L1,L2,C3_3,D3_3,F3_1,,,N3_2,L_1,M_1
314845,L1,L2,L1,L3,L2,L3,L1,L1,L2,C3_3,D3_3,F3_1,,,N3_2,L_1,M_2
314846,L1,L2,L1,L3,L2,L3,L1,L1,L2,C3_3,D3_3,F3_1,,,N3_2,L_2,M_1
314847,L1,L2,L1,L3,L2,L3,L1,L1,L2,C3_3,D3_3,F3_1,,,N3_2,L_2,M_2
314848,L1,L2,L1,L3,L2,L3,L1,L1,L2,C3_3,D3_3,F3_1,,,N3_2,L_3,M_1
314849,L1,L2,L1,L3,L2,L3,L1,L1,L2,C3_3,D3_3,F3_1,,,N3_2,L_3,M_2
314850,L1,L2,L1,L3,L2,L3,L1,L1,L2,C3_3,D3_3,F3_2,,,N3_1,L_1,M_1
314851,L1,L2,L1,L3,L2,L3,L1,L1,L2,C3_3,D3_3,F3_2,,,N3_1,L_1,M_2
314852,L1,L2,L1,L3,L2,L3,L1,L1,L2,C3_3,D3_3,F3_2,,,N3_1,L_2,M_1
314853,L1,L2,L1,L3,L2,L3,L1,L1,L2,C3_3,D3_3,F3_2,,,N3_1,L_2,M_2
314854,L1,L2,L1,L3,L2,L3,L1,L1,L2,C3_3,D3_3,F3_2,,,N3_1,L_3,M_1
314855,L1,L2,L1,L3,L2,L3,L1,L1,L2,C3_3,D3_3,F3_2,,,N3_1,L_3,M_2
314856,L1,L2,L1,L3,L2,L3,L1,L1,L2,C3_3,D3_3,F3_2,,,N3_2,L_1,M_1
314857,L1,L2,L1,L3,L2,L3,L1,L1,L2,C3_3,D3_3,F3_2,,,N3_2,L_1,M_2
314858,L1,L2,L1,L3,L2,L3,L1,L1,L2,C3_3,D3_3,F3_2,,,N3_2,L_2,M_1
314859,L1,L2,L1,L3,L2,L3,L1,L1,L2,C3_3,D3_3,F3_2,,,N3_2,L_2,M_2
314860,L1,L2,L1,L3,L2,L3,L1,L1,L2,C3_3,D3_3,F3_2,,,N3_2,L_3,M_1
314861,L1,L2,L1,L3,L2,L3,L1,L1,L2,C3_3,D3_3,F3_2,,,N3_2,L_3,M_2
314862,L1,L2,L1,L3,L2,L3,L1,L1,L2,C3_3,D3_3,F3_3,,,N3_1,L_1,M_1
314863,L1,L2,L1,L3,L2,L3,L1,L1,L2,C3_3,D3_3,F3_3,,,N3_1,L_1,M_2
314864,L1,L2,L1,L3,L2,L3,L1,L1,L2,C3_3,D3_3,F3_3,,,N3_1,L_2,M_1
314865,L1,L2,L1,L3,L2,L3,L1,L1,L2,C3_3,D3_3,F3_3,,,N3_1,L_2,M_2
314866,L1,L2,L1,L3,L2,L3,L1,L1,L2,C3_3,D3_3,F3_3,,,N3_1,L_3,M_1
314867,L1,L2,L1,L3,L2,L3,L1,L1,L2,C3_3,D3_3,F3_3,,,N3_1,L_3,M_2
314868,L1,L2,L1,L3,L2,L3,L1,L1,L2,C3_3,D3_3,F3_3,,,N3_2,L_1,M_1
314869,L1,L2,L1,L3,L2,L3,L1,L1,L2,C3_3,D3_3,F3_3,,,N3_2,L_1,M_2
314870,L1,L2,L1,L3,L2,L3,L1,L1,L2,C3_3,D3_3,F3_3,,,N3_2,L_2,M_1
314871,L1,L2,L1,L3,L2,L3,L1,L1,L2,C3_3,D3_3,F3_3,,,N3_2,L_2,M_2
314872,L1,L2,L1,L3,L2,L3,L1,L1,L2,C3_3,D3_3,F3_3,,,N3_2,L_3,M_1
314873,L1,L2,L1,L3,L2,L3,L1,L1,L2,C3_3,D3_3,F3_3,,,N3_2,L_3,M_2
355806,L2,L3,L1,L1,L3,L3,L1,L1,L2,C3_1,D3_1,F3_1,,,N3_1,L_1,M_1
355807,L2,L3,L1,L1,L3,L3,L1,L1,L2,C3_1,D3_1,F3_1,,,N3_1,L_1,M_2
355808,L2,L3,L1,L1,L3,L3,L1,L1,L2,C3_1,D3_1,F3_1,,,N3_1,L_2,M_1
355809,L2,L3,L1,L1,L3,L3,L1,L1,L2,C3_1,D3_1,F3_1,,,N3_1,L_2,M_2
355810,L2,L3,L1,L1,L3,L3,L1,L1,L2,C3_1,D3_1,F3_1,,,N3_1,L_3,M_1
355811,L2,L3,L1,L1,L3,L3,L1,L1,L2,C3_1,D3_1,F3_1,,,N3_1,L_3,M_2
355812,L2,L3,L1,L1,L3,L3,L1,L1,L2,C3_1,D3_1,F3_1,,,N3_2,L_1,M_1
355813,L2,L3,L1,L1,L3,L3,L1,L1,L2,C3_1,D3_1,F3_1,,,N3_2,L_1,M_2
355814,L2,L3,L1,L1,L3,L3,L1,L1,L2,C3_1,D3_1,F3_1,,,N3_2,L_2,M_1
355815,L2,L3,L1,L1,L3,L3,L1,L1,L2,C3_1,D3_1,F3_1,,,N3_2,L_2,M_2
355816,L2,L3,L1,L1,L3,L3,L1,L1,L2,C3_1,D3_1,F3_1,,,N3_2,L_3,M_1
355817,L2,L3,L1,L1,L3,L3,L1,L1,L2,C3_1,D3_1,F3_1,,,N3_2,L_3,M_2
355818,L2,L3,L1,L1,L3,L3,L1,L1,L2,C3_1,D3_1,F3_2,,,N3_1,L_1,M_1
355819,L2,L3,L1,L1,L3,L3,L1,L1,L2,C3_1,D3_1,F3_2,,,N3_1,L_1,M_2
355820,L2,L3,L1,L1,L3,L3,L1,L1,L2,C3_1,D3_1,F3_2,,,N3_1,L_2,M_1
355821,L2,L3,L1,L1,L3,L3,L1,L1,L2,C3_1,D3_1,F3_2,,,N3_1,L_2,M_2
355822,L2,L3,L1,L1,L3,L3,L1,L1,L2,C3_1,D3_1,F3_2,,,N3_1,L_3,M_1
355823,L2,L3,L1,L1,L3,L3,L1,L1,L2,C3_1,D3_1,F3_2,,,N3_1,L_3,M_2
355824,L2,L3,L1,L1,L3,L3,L1,L1,L2,C3_1,D3_1,F3_2,,,N3_2,L_1,M_1
355825,L2,L3,L1,L1,L3,L3,L1,L1,L2,C3_1,D3_1,F3_2,,,N3_2,L_1,M_2
355826,L2,L3,L1,L1,L3,L3,L1,L1,L2,C3_1,D3_1,F3_2,,,N3_2,L_2,M_1
355827,L2,L3,L1,L1,L3,L3,L1,L1,L2,C3_1,D3_1,F3_2,,,N3_2,L_2,M_2
355828,L2,L3,L1,L1,L3,L3,L1,L1,L2,C3_1,D3_1,F3_2,,,N3_2,L_3,M_1
355829,L2,L3,L1,L1,L3,L3,L1,L1,L2,C3_1,D3_1,F3_2,,,N3_2,L_3,M_2
355830,L2,L3,L1,L1,L3,L3,L1,L1,L2,C3_1,D3_1,F3_3,,,N3_1,L_1,M_1
355831,L2,L3,L1,L1,L3,L3,L1,L1,L2,C3_1,D3_1,F3_3,,,N3_1,L_1,M_2
355832,L2,L3,L1,L1,L3,L3,L1,L1,L2,C3_1,D3_1,F3_3,,,N3_1,L_2,M_1
355833,L2,L3,L1,L1,L3,L3,L1,L1,L2,C3_1,D3_1,F3_3,,,N3_1,L_2,M_2
355834,L2,L3,L1,L1,L3,L3,L1,L1,L2,C3_1,D3_1,F3_3,,,N3_1,L_3,M_1
355835,L2,L3,L1,L1,L3,L3,L1,L1,L2,C3_1,D3_1,F3_3,,,N3_1,L_3,M_2
355836,L2,L3,L1,L1,L3,L3,L1,L1,L2,C3_1,D3_1,F3_3,,,N3_2,L_1,M_1
355837,L2,L3,L1,L1,L3,L3,L1,L1,L2,C3_1,D3_1,F3_3,,,N3_2,L_1,M_2
355838,L2,L3,L1,L1,L3,L3,L1,L1,L2,C3_1,D3_1,F3_3,,,N3_2,L_2,M_1
355839,L2,L3,L1,L1,L3,L3,L1,L1,L2,C3_1,D3_1,F3_3,,,N3_2,L_2,M_2
355840,L2,L3,L1,L1,L3,L3,L1,L1,L2,C3_1,D3_1,F3_3,,,N3_2,L_3,M_1
355841,L2,L3,L1,L1,L3,L3,L1,L1,L2,C3_1,D3_1,F3_3,,,N3_2,L_3,M_2
355842,L2,L3,L1,L1,L3,L3,L1,L1,L2,C3_1,D3_2,F3_1,,,N3_1,L_1,M_1
355843,L2,L3,L1,L1,L3,L3,L1,L1,L2,C3_1,D3_2,F3_1,,,N3_1,L_1,M_2
355844,L2,L3,L1,L1,L3,L3,L1,L1,L2,C3_1,D3_2,F3_1,,,N3_1,L_2,M_1
355845,L2,L3,L1,L1,L3,L3,L1,L1,L2,C3_1,D3_2,F3_1,,,N3_1,L_2,M_2
355846,L2,L3,L1,L1,L3,L3,L1,L1,L2,C3_1,D3_2,F3_1,,,N3_1,L_3,M_1
355847,L2,L3,L1,L1,L3,L3,L1,L1,L2,C3_1,D3_2,F3_1,,,N3_1,L_3,M_2
355848,L2,L3,L1,L1,L3,L3,L1,L1,L2,C3_1,D3_2,F3_1,,,N3_2,L_1,M_1
355849,L2,L3,L1,L1,L3,L3,L1,L1,L2,C3_1,D3_2,F3_1,,,N3_2,L_1,M_2
355850,L2,L3,L1,L1,L3,L3,L1,L1,L2,C3_1,D3_2,F3_1,,,N3_2,L_2,M_1
355851,L2,L3,L1,L1,L3,L3,L1,L1,L2,C3_1,D3_2,F3_1,,,N3_2,L_2,M_2
355852,L2,L3,L1,L1,L3,L3,L1,L1,L2,C3_1,D3_2,F3_1,,,N3_2,L_3,M_1
355853,L2,L3,L1,L1,L3,L3,L1,L1,L2,C3_1,D3_2,F3_1,,,N3_2,L_3,M_2
355854,L2,L3,L1,L1,L3,L3,L1,L1,L2,C3_1,D3_2,F3_2,,,N3_1,L_1,M_1
355855,L2,L3,L1,L1,L3,L3,L1,L1,L2,C3_1,D3_2,F3_2,,,N3_1,L_1,M_2
355856,L2,L3,L1,L1,L3,L3,L1,L1,L2,C3_1,D3_2,F3_2,,,N3_1,L_2,M_1
355857,L2,L3,L1,L1,L3,L3,L1,L1,L2,C3_1,D3_2,F3_2,,,N3_1,L_2,M_2
355858,L2,L3,L1,L1,L3,L3,L1,L1,L2,C3_1,D3_2,F3_2,,,N3_1,L_3,M_1
355859,L2,L3,L1,L1,L3,L3,L1,L1,L2,C3_1,D3_2,F3_2,,,N3_1,L_3,M_2
355860,L2,L3,L1,L1,L3,L3,L1,L1,L2,C3_1,D3_2,F3_2,,,N3_2,L_1,M_1
355861,L2,L3,L1,L1,L3,L3,L1,L1,L2,C3_1,D3_2,F3_2,,,N3_2,L_1,M_2
355862,L2,L3,L1,L1,L3,L3,L1,L1,L2,C3_1,D3_2,F3_2,,,N3_2,L_2,M_1
355863,L2,L3,L1,L1,L3,L3,L1,L1,L2,C3_1,D3_2,F3_2,,,N3_2,L_2,M_2
355864,L2,L3,L1,L1,L3,L3,L1,L1,L2,C3_1,D3_2,F3_2,,,N3_2,L_3,M_1
355865,L2,L3,L1,L1,L3,L3,L1,L1,L2,C3_1,D3_2,F3_2,,,N3_2,L_3,M_2
355866,L2,L3,L1,L1,L3,L3,L1,L1,L2,C3_1,D3_2,F3_3,,,N3_1,L_1,M_1
355867,L2,L3,L1,L1,L3,L3,L1,L1,L2,C3_1,D3_2,F3_3,,,N3_1,L_1,M_2
355868,L2,L3,L1,L1,L3,L3,L1,L1,L2,C3_1,D3_2,F3_3,,,N3_1,L_2,M_1
355869,L2,L3,L1,L1,L3,L3,L1,L1,L2,C3_1,D3_2,F3_3,,,N3_1,L_2,M_2
355870,L2,L3,L1,L1,L3,L3,L1,L1,L2,C3_1,D3_2,F3_3,,,N3_1,L_3,M_1
355871,L2,L3,L1,L1,L3,L3,L1,L1,L2,C3_1,D3_2,F3_3,,,N3_1,L_3,M_2
355872,L2,L3,L1,L1,L3,L3,L1,L1,L2,C3_1,D3_2,F3_3,,,N3_2,L_1,M_1
355873,L2,L3,L1,L1,L3,L3,L1,L1,L2,C3_1,D3_2,F3_3,,,N3_2,L_1,M_2
355874,L2,L3,L1,L1,L3,L3,L1,L1,L2,C3_1,D3_2,F3_3,,,N3_2,L_2,M_1
355875,L2,L3,L1,L1,L3,L3,L1,L1,L2,C3_1,D3_2,F3_3,,,N3_2,L_2,M_2
355876,L2,L3,L1,L1,L3,L3,L1,L1,L2,C3_1,D3_2,F3_3,,,N3_2,L_3,M_1
355877,L2,L3,L1,L1,L3,L3,L1,L1,L2,C3_1,D3_2,F3_3,,,N3_2,L_3,M_2
355878,L2,L3,L1,L1,L3,L3,L1,L1,L2,C3_1,D3_3,F3_1,,,N3_1,L_1,M_1
355879,L2,L3,L1,L1,L3,L3,L1,L1,L2,C3_1,D3_3,F3_1,,,N3_1,L_1,M_2
355880,L2,L3,L1,L1,L3,L3,L1,L1,L2,C3_1,D3_3,F3_1,,,N3_1,L_2,M_1
355881,L2,L3,L1,L1,L3,L3,L1,L1,L2,C3_1,D3_3,F3_1,,,N3_1,L_2,M_2
355882,L2,L3,L1,L1,L3,L3,L1,L1,L2,C3_1,D3_3,F3_1,,,N3_1,L_3,M_1
355883,L2,L3,L1,L1,L3,L3,L1,L1,L2,C3_1,D3_3,F3_1,,,N3_1,L_3,M_2
355884,L2,L3,L1,L1,L3,L3,L1,L1,L2,C3_1,D3_3,F3_1,,,N3_2,L_1,M_1
355885,L2,L3,L1,L1,L3,L3,L1,L1,L2,C3_1,D3_3,F3_1,,,N3_2,L_1,M_2
355886,L2,L3,L1,L1,L3,L3,L1,L1,L2,C3_1,D3_3,F3_1,,,N3_2,L_2,M_1
355887,L2,L3,L1,L1,L3,L3,L1,L1,L2,C3_1,D3_3,F3_1,,,N3_2,L_2,M_2
355888,L2,L3,L1,L1,L3,L3,L1,L1,L2,C3_1,D3_3,F3_1,,,N3_2,L_3,M_1
355889,L2,L3,L1,L1,L3,L3,L1,L1,L2,C3_1,D3_3,F3_1,,,N3_2,L_3,M_2
355890,L2,L3,L1,L1,L3,L3,L1,L1,L2,C3_1,D3_3,F3_2,,,N3_1,L_1,M_1
355891,L2,L3,L1,L1,L3,L3,L1,L1,L2,C3_1,D3_3,F3_2,,,N3_1,L_1,M_2
355892,L2,L3,L1,L1,L3,L3,L1,L1,L2,C3_1,D3_3,F3_2,,,N3_1,L_2,M_1
355893,L2,L3,L1,L1,L3,L3,L1,L1,L2,C3_1,D3_3,F3_2,,,N3_1,L_2,M_2
355894,L2,L3,L1,L1,L3,L3,L1,L1,L2,C3_1,D3_3,F3_2,,,N3_1,L_3,M_1
355895,L2,L3,L1,L1,L3,L3,L1,L1,L2,C3_1,D3_3,F3_2,,,N3_1,L_3,M_2
355896,L2,L3,L1,L1,L3,L3,L1,L1,L2,C3_1,D3_3,F3_2,,,N3_2,L_1,M_1
355897,L2,L3,L1,L1,L3,L3,L1,L1,L2,C3_1,D3_3,F3_2,,,N3_2,L_1,M_2
355898,L2,L3,L1,L1,L3,L3,L1,L1,L2,C3_1,D3_3,F3_2,,,N3_2,L_2,M_1
355899,L2,L3,L1,L1,L3,L3,L1,L1,L2,C3_1,D3_3,F3_2,,,N3_2,L_2,M_2
355900,L2,L3,L1,L1,L3,L3,L1,L1,L2,C3_1,D3_3,F3_2,,,N3_2,L_3,M_1
355901,L2,L3,L1,L1,L3,L3,L1,L1,L2,C3_1,D3_3,F3_2,,,N3_2,L_3,M_2
355902,L2,L3,L1,L1,L3,L3,L1,L1,L2,C3_1,D3_3,F3_3,,,N3_1,L_1,M_1
355903,L2,L3,L1,L1,L3,L3,L1,L1,L2,C3_1,D3_3,F3_3,,,N3_1,L_1,M_2
355904,L2,L3,L1,L1,L3,L3,L1,L1,L2,C3_1,D3_3,F3_3,,,N3_1,L_2,M_1
355905,L2,L3,L1,L1,L3,L3,L1,L1,L2,C3_1,D3_3,F3_3,,,N3_1,L_2,M_2
355906,L2,L3,L1,L1,L3,L3,L1,L1,L2,C3_1,D3_3,F3_3,,,N3_1,L_3,M_1
355907,L2,L3,L1,L1,L3,L3,L1,L1,L2,C3_1,D3_3,F3_3,,,N3_1,L_3,M_2
355908,L2,L3,L1,L1,L3,L3,L1,L1,L2,C3_1,D3_3,F3_3,,,N3_2,L_1,M_1
355909,L2,L3,L1,L1,L3,L3,L1,L1,L2,C3_1,D3_3,F3_3,,,N3_2,L_1,M_2
355910,L2,L3,L1,L1,L3,L3,L1,L1,L2,C3_1,D3_3,F3_3,,,N3_2,L_2,M_1
355911,L2,L3,L1,L1,L3,L3,L1,L1,L2,C3_1,D3_3,F3_3,,,N3_2,L_2,M_2
355912,L2,L3,L1,L1,L3,L3,L1,L1,L2,C3_1,D3_3,F3_3,,,N3_2,L_3,M_1
355913,L2,L3,L1,L1,L3,L3,L1,L1,L2,C3_1,D3_3,F3_3,,,N3_2,L_3,M_2
355914,L2,L3,L1,L1,L3,L3,L1,L1,L2,C3_2,D3_1,F3_1,,,N3_1,L_1,M_1
355915,L2,L3,L1,L1,L3,L3,L1,L1,L2,C3_2,D3_1,F3_1,,,N3_1,L_1,M_2
355916,L2,L3,L1,L1,L3,L3,L1,L1,L2,C3_2,D3_1,F3_1,,,N3_1,L_2,M_1
355917,L2,L3,L1,L1,L3,L3,L1,L1,L2,C3_2,D3_1,F3_1,,,N3_1,L_2,M_2
355918,L2,L3,L1,L1,L3,L3,L1,L1,L2,C3_2,D3_1,F3_1,,,N3_1,L_3,M_1
355919,L2,L3,L1,L1,L3,L3,L1,L1,L2,C3_2,D3_1,F3_1,,,N3_1,L_3,M_2
355920,L2,L3,L1,L1,L3,L3,L1,L1,L2,C3_2,D3_1,F3_1,,,N3_2,L_1,M_1
355921,L2,L3,L1,L1,L3,L3,L1,L1,L2,C3_2,D3_1,F3_1,,,N3_2,L_1,M_2
355922,L2,L3,L1,L1,L3,L3,L1,L1,L2,C3_2,D3_1,F3_1,,,N3_2,L_2,M_1
355923,L2,L3,L1,L1,L3,L3,L1,L1,L2,C3_2,D3_1,F3_1,,,N3_2,L_2,M_2
355924,L2,L3,L1,L1,L3,L3,L1,L1,L2,C3_2,D3_1,F3_1,,,N3_2,L_3,M_1
355925,L2,L3,L1,L1,L3,L3,L1,L1,L2,C3_2,D3_1,F3_1,,,N3_2,L_3,M_2
355926,L2,L3,L1,L1,L3,L3,L1,L1,L2,C3_2,D3_1,F3_2,,,N3_1,L_1,M_1
355927,L2,L3,L1,L1,L3,L3,L1,L1,L2,C3_2,D3_1,F3_2,,,N3_1,L_1,M_2
355928,L2,L3,L1,L1,L3,L3,L1,L1,L2,C3_2,D3_1,F3_2,,,N3_1,L_2,M_1
355929,L2,L3,L1,L1,L3,L3,L1,L1,L2,C3_2,D3_1,F3_2,,,N3_1,L_2,M_2
355930,L2,L3,L1,L1,L3,L3,L1,L1,L2,C3_2,D3_1,F3_2,,,N3_1,L_3,M_1
355931,L2,L3,L1,L1,L3,L3,L1,L1,L2,C3_2,D3_1,F3_2,,,N3_1,L_3,M_2
355932,L2,L3,L1,L1,L3,L3,L1,L1,L2,C3_2,D3_1,F3_2,,,N3_2,L_1,M_1
355933,L2,L3,L1,L1,L3,L3,L1,L1,L2,C3_2,D3_1,F3_2,,,N3_2,L_1,M_2
355934,L2,L3,L1,L1,L3,L3,L1,L1,L2,C3_2,D3_1,F3_2,,,N3_2,L_2,M_1
355935,L2,L3,L1,L1,L3,L3,L1,L1,L2,C3_2,D3_1,F3_2,,,N3_2,L_2,M_2
355936,L2,L3,L1,L1,L3,L3,L1,L1,L2,C3_2,D3_1,F3_2,,,N3_2,L_3,M_1
355937,L2,L3,L1,L1,L3,L3,L1,L1,L2,C3_2,D3_1,F3_2,,,N3_2,L_3,M_2
355938,L2,L3,L1,L1,L3,L3,L1,L1,L2,C3_2,D3_1,F3_3,,,N3_1,L_1,M_1
355939,L2,L3,L1,L1,L3,L3,L1,L1,L2,C3_2,D3_1,F3_3,,,N3_1,L_1,M_2
355940,L2,L3,L1,L1,L3,L3,L1,L1,L2,C3_2,D3_1,F3_3,,,N3_1,L_2,M_1
355941,L2,L3,L1,L1,L3,L3,L1,L1,L2,C3_2,D3_1,F3_3,,,N3_1,L_2,M_2
355942,L2,L3,L1,L1,L3,L3,L1,L1,L2,C3_2,D3_1,F3_3,,,N3_1,L_3,M_1
355943,L2,L3,L1,L1,L3,L3,L1,L1,L2,C3_2,D3_1,F3_3,,,N3_1,L_3,M_2
355944,L2,L3,L1,L1,L3,L3,L1,L1,L2,C3_2,D3_1,F3_3,,,N3_2,L_1,M_1
355945,L2,L3,L1,L1,L3,L3,L1,L1,L2,C3_2,D3_1,F3_3,,,N3_2,L_1,M_2
355946,L2,L3,L1,L1,L3,L3,L1,L1,L2,C3_2,D3_1,F3_3,,,N3_2,L_2,M_1
355947,L2,L3,L1,L1,L3,L3,L1,L1,L2,C3_2,D3_1,F3_3,,,N3_2,L_2,M_2
355948,L2,L3,L1,L1,L3,L3,L1,L1,L2,C3_2,D3_1,F3_3,,,N3_2,L_3,M_1
355949,L2,L3,L1,L1,L3,L3,L1,L1,L2,C3_2,D3_1,F3_3,,,N3_2,L_3,M_2
355950,L2,L3,L1,L1,L3,L3,L1,L1,L2,C3_2,D3_2,F3_1,,,N3_1,L_1,M_1
355951,L2,L3,L1,L1,L3,L3,L1,L1,L2,C3_2,D3_2,F3_1,,,N3_1,L_1,M_2
355952,L2,L3,L1,L1,L3,L3,L1,L1,L2,C3_2,D3_2,F3_1,,,N3_1,L_2,M_1
355953,L2,L3,L1,L1,L3,L3,L1,L1,L2,C3_2,D3_2,F3_1,,,N3_1,L_2,M_2
355954,L2,L3,L1,L1,L3,L3,L1,L1,L2,C3_2,D3_2,F3_1,,,N3_1,L_3,M_1
355955,L2,L3,L1,L1,L3,L3,L1,L1,L2,C3_2,D3_2,F3_1,,,N3_1,L_3,M_2
355956,L2,L3,L1,L1,L3,L3,L1,L1,L2,C3_2,D3_2,F3_1,,,N3_2,L_1,M_1
355957,L2,L3,L1,L1,L3,L3,L1,L1,L2,C3_2,D3_2,F3_1,,,N3_2,L_1,M_2
355958,L2,L3,L1,L1,L3,L3,L1,L1,L2,C3_2,D3_2,F3_1,,,N3_2,L_2,M_1
355959,L2,L3,L1,L1,L3,L3,L1,L1,L2,C3_2,D3_2,F3_1,,,N3_2,L_2,M_2
355960,L2,L3,L1,L1,L3,L3,L1,L1,L2,C3_2,D3_2,F3_1,,,N3_2,L_3,M_1
355961,L2,L3,L1,L1,L3,L3,L1,L1,L2,C3_2,D3_2,F3_1,,,N3_2,L_3,M_2
355962,L2,L3,L1,L1,L3,L3,L1,L1,L2,C3_2,D3_2,F3_2,,,N3_1,L_1,M_1
355963,L2,L3,L1,L1,L3,L3,L1,L1,L2,C3_2,D3_2,F3_2,,,N3_1,L_1,M_2
355964,L2,L3,L1,L1,L3,L3,L1,L1,L2,C3_2,D3_2,F3_2,,,N3_1,L_2,M_1
355965,L2,L3,L1,L1,L3,L3,L1,L1,L2,C3_2,D3_2,F3_2,,,N3_1,L_2,M_2
355966,L2,L3,L1,L1,L3,L3,L1,L1,L2,C3_2,D3_2,F3_2,,,N3_1,L_3,M_1
355967,L2,L3,L1,L1,L3,L3,L1,L1,L2,C3_2,D3_2,F3_2,,,N3_1,L_3,M_2
355968,L2,L3,L1,L1,L3,L3,L1,L1,L2,C3_2,D3_2,F3_2,,,N3_2,L_1,M_1
355969,L2,L3,L1,L1,L3,L3,L1,L1,L2,C3_2,D3_2,F3_2,,,N3_2,L_1,M_2
355970,L2,L3,L1,L1,L3,L3,L1,L1,L2,C3_2,D3_2,F3_2,,,N3_2,L_2,M_1
355971,L2,L3,L1,L1,L3,L3,L1,L1,L2,C3_2,D3_2,F3_2,,,N3_2,L_2,M_2
355972,L2,L3,L1,L1,L3,L3,L1,L1,L2,C3_2,D3_2,F3_2,,,N3_2,L_3,M_1
355973,L2,L3,L1,L1,L3,L3,L1,L1,L2,C3_2,D3_2,F3_2,,,N3_2,L_3,M_2
355974,L2,L3,L1,L1,L3,L3,L1,L1,L2,C3_2,D3_2,F3_3,,,N3_1,L_1,M_1
355975,L2,L3,L1,L1,L3,L3,L1,L1,L2,C3_2,D3_2,F3_3,,,N3_1,L_1,M_2
355976,L2,L3,L1,L1,L3,L3,L1,L1,L2,C3_2,D3_2,F3_3,,,N3_1,L_2,M_1
355977,L2,L3,L1,L1,L3,L3,L1,L1,L2,C3_2,D3_2,F3_3,,,N3_1,L_2,M_2
355978,L2,L3,L1,L1,L3,L3,L1,L1,L2,C3_2,D3_2,F3_3,,,N3_1,L_3,M_1
355979,L2,L3,L1,L1,L3,L3,L1,L1,L2,C3_2,D3_2,F3_3,,,N3_1,L_3,M_2
355980,L2,L3,L1,L1,L3,L3,L1,L1,L2,C3_2,D3_2,F3_3,,,N3_2,L_1,M_1
355981,L2,L3,L1,L1,L3,L3,L1,L1,L2,C3_2,D3_2,F3_3,,,N3_2,L_1,M_2
355982,L2,L3,L1,L1,L3,L3,L1,L1,L2,C3_2,D3_2,F3_3,,,N3_2,L_2,M_1
355983,L2,L3,L1,L1,L3,L3,L1,L1,L2,C3_2,D3_2,F3_3,,,N3_2,L_2,M_2
355984,L2,L3,L1,L1,L3,L3,L1,L1,L2,C3_2,D3_2,F3_3,,,N3_2,L_3,M_1
355985,L2,L3,L1,L1,L3,L3,L1,L1,L2,C3_2,D3_2,F3_3,,,N3_2,L_3,M_2
355986,L2,L3,L1,L1,L3,L3,L1,L1,L2,C3_2,D3_3,F3_1,,,N3_1,L_1,M_1
355987,L2,L3,L1,L1,L3,L3,L1,L1,L2,C3_2,D3_3,F3_1,,,N3_1,L_1,M_2
355988,L2,L3,L1,L1,L3,L3,L1,L1,L2,C3_2,D3_3,F3_1,,,N3_1,L_2,M_1
355989,L2,L3,L1,L1,L3,L3,L1,L1,L2,C3_2,D3_3,F3_1,,,N3_1,L_2,M_2
355990,L2,L3,L1,L1,L3,L3,L1,L1,L2,C3_2,D3_3,F3_1,,,N3_1,L_3,M_1
355991,L2,L3,L1,L1,L3,L3,L1,L1,L2,C3_2,D3_3,F3_1,,,N3_1,L_3,M_2
355992,L2,L3,L1,L1,L3,L3,L1,L1,L2,C3_2,D3_3,F3_1,,,N3_2,L_1,M_1
355993,L2,L3,L1,L1,L3,L3,L1,L1,L2,C3_2,D3_3,F3_1,,,N3_2,L_1,M_2
355994,L2,L3,L1,L1,L3,L3,L1,L1,L2,C3_2,D3_3,F3_1,,,N3_2,L_2,M_1
355995,L2,L3,L1,L1,L3,L3,L1,L1,L2,C3_2,D3_3,F3_1,,,N3_2,L_2,M_2
355996,L2,L3,L1,L1,L3,L3,L1,L1,L2,C3_2,D3_3,F3_1,,,N3_2,L_3,M_1
355997,L2,L3,L1,L1,L3,L3,L1,L1,L2,C3_2,D3_3,F3_1,,,N3_2,L_3,M_2
355998,L2,L3,L1,L1,L3,L3,L1,L1,L2,C3_2,D3_3,F3_2,,,N3_1,L_1,M_1
355999,L2,L3,L1,L1,L3,L3,L1,L1,L2,C3_2,D3_3,F3_2,,,N3_1,L_1,M_2
356000,L2,L3,L1,L1,L3,L3,L1,L1,L2,C3_2,D3_3,F3_2,,,N3_1,L_2,M_1
356001,L2,L3,L1,L1,L3,L3,L1,L1,L2,C3_2,D3_3,F3_2,,,N3_1,L_2,M_2
356002,L2,L3,L1,L1,L3,L3,L1,L1,L2,C3_2,D3_3,F3_2,,,N3_1,L_3,M_1
356003,L2,L3,L1,L1,L3,L3,L1,L1,L2,C3_2,D3_3,F3_2,,,N3_1,L_3,M_2
356004,L2,L3,L1,L1,L3,L3,L1,L1,L2,C3_2,D3_3,F3_2,,,N3_2,L_1,M_1
356005,L2,L3,L1,L1,L3,L3,L1,L1,L2,C3_2,D3_3,F3_2,,,N3_2,L_1,M_2
356006,L2,L3,L1,L1,L3,L3,L1,L1,L2,C3_2,D3_3,F3_2,,,N3_2,L_2,M_1
356007,L2,L3,L1,L1,L3,L3,L1,L1,L2,C3_2,D3_3,F3_2,,,N3_2,L_2,M_2
356008,L2,L3,L1,L1,L3,L3,L1,L1,L2,C3_2,D3_3,F3_2,,,N3_2,L_3,M_1
356009,L2,L3,L1,L1,L3,L3,L1,L1,L2,C3_2,D3_3,F3_2,,,N3_2,L_3,M_2
356010,L2,L3,L1,L1,L3,L3,L1,L1,L2,C3_2,D3_3,F3_3,,,N3_1,L_1,M_1
356011,L2,L3,L1,L1,L3,L3,L1,L1,L2,C3_2,D3_3,F3_3,,,N3_1,L_1,M_2
356012,L2,L3,L1,L1,L3,L3,L1,L1,L2,C3_2,D3_3,F3_3,,,N3_1,L_2,M_1
356013,L2,L3,L1,L1,L3,L3,L1,L1,L2,C3_2,D3_3,F3_3,,,N3_1,L_2,M_2
356014,L2,L3,L1,L1,L3,L3,L1,L1,L2,C3_2,D3_3,F3_3,,,N3_1,L_3,M_1
356015,L2,L3,L1,L1,L3,L3,L1,L1,L2,C3_2,D3_3,F3_3,,,N3_1,L_3,M_2
356016,L2,L3,L1,L1,L3,L3,L1,L1,L2,C3_2,D3_3,F3_3,,,N3_2,L_1,M_1
356017,L2,L3,L1,L1,L3,L3,L1,L1,L2,C3_2,D3_3,F3_3,,,N3_2,L_1,M_2
356018,L2,L3,L1,L1,L3,L3,L1,L1,L2,C3_2,D3_3,F3_3,,,N3_2,L_2,M_1
356019,L2,L3,L1,L1,L3,L3,L1,L1,L2,C3_2,D3_3,F3_3,,,N3_2,L_2,M_2
356020,L2,L3,L1,L1,L3,L3,L1,L1,L2,C3_2,D3_3,F3_3,,,N3_2,L_3,M_1
356021,L2,L3,L1,L1,L3,L3,L1,L1,L2,C3_2,D3_3,F3_3,,,N3_2,L_3,M_2
356022,L2,L3,L1,L1,L3,L3,L1,L1,L2,C3_3,D3_1,F3_1,,,N3_1,L_1,M_1
356023,L2,L3,L1,L1,L3,L3,L1,L1,L2,C3_3,D3_1,F3_1,,,N3_1,L_1,M_2
356024,L2,L3,L1,L1,L3,L3,L1,L1,L2,C3_3,D3_1,F3_1,,,N3_1,L_2,M_1
356025,L2,L3,L1,L1,L3,L3,L1,L1,L2,C3_3,D3_1,F3_1,,,N3_1,L_2,M_2
356026,L2,L3,L1,L1,L3,L3,L1,L1,L2,C3_3,D3_1,F3_1,,,N3_1,L_3,M_1
356027,L2,L3,L1,L1,L3,L3,L1,L1,L2,C3_3,D3_1,F3_1,,,N3_1,L_3,M_2
356028,L2,L3,L1,L1,L3,L3,L1,L1,L2,C3_3,D3_1,F3_1,,,N3_2,L_1,M_1
356029,L2,L3,L1,L1,L3,L3,L1,L1,L2,C3_3,D3_1,F3_1,,,N3_2,L_1,M_2
356030,L2,L3,L1,L1,L3,L3,L1,L1,L2,C3_3,D3_1,F3_1,,,N3_2,L_2,M_1
356031,L2,L3,L1,L1,L3,L3,L1,L1,L2,C3_3,D3_1,F3_1,,,N3_2,L_2,M_2
356032,L2,L3,L1,L1,L3,L3,L1,L1,L2,C3_3,D3_1,F3_1,,,N3_2,L_3,M_1
356033,L2,L3,L1,L1,L3,L3,L1,L1,L2,C3_3,D3_1,F3_1,,,N3_2,L_3,M_2
356034,L2,L3,L1,L1,L3,L3,L1,L1,L2,C3_3,D3_1,F3_2,,,N3_1,L_1,M_1
356035,L2,L3,L1,L1,L3,L3,L1,L1,L2,C3_3,D3_1,F3_2,,,N3_1,L_1,M_2
356036,L2,L3,L1,L1,L3,L3,L1,L1,L2,C3_3,D3_1,F3_2,,,N3_1,L_2,M_1
356037,L2,L3,L1,L1,L3,L3,L1,L1,L2,C3_3,D3_1,F3_2,,,N3_1,L_2,M_2
356038,L2,L3,L1,L1,L3,L3,L1,L1,L2,C3_3,D3_1,F3_2,,,N3_1,L_3,M_1
356039,L2,L3,L1,L1,L3,L3,L1,L1,L2,C3_3,D3_1,F3_2,,,N3_1,L_3,M_2
356040,L2,L3,L1,L1,L3,L3,L1,L1,L2,C3_3,D3_1,F3_2,,,N3_2,L_1,M_1
356041,L2,L3,L1,L1,L3,L3,L1,L1,L2,C3_3,D3_1,F3_2,,,N3_2,L_1,M_2
356042,L2,L3,L1,L1,L3,L3,L1,L1,L2,C3_3,D3_1,F3_2,,,N3_2,L_2,M_1
356043,L2,L3,L1,L1,L3,L3,L1,L1,L2,C3_3,D3_1,F3_2,,,N3_2,L_2,M_2
356044,L2,L3,L1,L1,L3,L3,L1,L1,L2,C3_3,D3_1,F3_2,,,N3_2,L_3,M_1
356045,L2,L3,L1,L1,L3,L3,L1,L1,L2,C3_3,D3_1,F3_2,,,N3_2,L_3,M_2
356046,L2,L3,L1,L1,L3,L3,L1,L1,L2,C3_3,D3_1,F3_3,,,N3_1,L_1,M_1
356047,L2,L3,L1,L1,L3,L3,L1,L1,L2,C3_3,D3_1,F3_3,,,N3_1,L_1,M_2
356048,L2,L3,L1,L1,L3,L3,L1,L1,L2,C3_3,D3_1,F3_3,,,N3_1,L_2,M_1
356049,L2,L3,L1,L1,L3,L3,L1,L1,L2,C3_3,D3_1,F3_3,,,N3_1,L_2,M_2
356050,L2,L3,L1,L1,L3,L3,L1,L1,L2,C3_3,D3_1,F3_3,,,N3_1,L_3,M_1
356051,L2,L3,L1,L1,L3,L3,L1,L1,L2,C3_3,D3_1,F3_3,,,N3_1,L_3,M_2
356052,L2,L3,L1,L1,L3,L3,L1,L1,L2,C3_3,D3_1,F3_3,,,N3_2,L_1,M_1
356053,L2,L3,L1,L1,L3,L3,L1,L1,L2,C3_3,D3_1,F3_3,,,N3_2,L_1,M_2
356054,L2,L3,L1,L1,L3,L3,L1,L1,L2,C3_3,D3_1,F3_3,,,N3_2,L_2,M_1
356055,L2,L3,L1,L1,L3,L3,L1,L1,L2,C3_3,D3_1,F3_3,,,N3_2,L_2,M_2
356056,L2,L3,L1,L1,L3,L3,L1,L1,L2,C3_3,D3_1,F3_3,,,N3_2,L_3,M_1
356057,L2,L3,L1,L1,L3,L3,L1,L1,L2,C3_3,D3_1,F3_3,,,N3_2,L_3,M_2
356058,L2,L3,L1,L1,L3,L3,L1,L1,L2,C3_3,D3_2,F3_1,,,N3_1,L_1,M_1
356059,L2,L3,L1,L1,L3,L3,L1,L1,L2,C3_3,D3_2,F3_1,,,N3_1,L_1,M_2
356060,L2,L3,L1,L1,L3,L3,L1,L1,L2,C3_3,D3_2,F3_1,,,N3_1,L_2,M_1
356061,L2,L3,L1,L1,L3,L3,L1,L1,L2,C3_3,D3_2,F3_1,,,N3_1,L_2,M_2
356062,L2,L3,L1,L1,L3,L3,L1,L1,L2,C3_3,D3_2,F3_1,,,N3_1,L_3,M_1
356063,L2,L3,L1,L1,L3,L3,L1,L1,L2,C3_3,D3_2,F3_1,,,N3_1,L_3,M_2
356064,L2,L3,L1,L1,L3,L3,L1,L1,L2,C3_3,D3_2,F3_1,,,N3_2,L_1,M_1
356065,L2,L3,L1,L1,L3,L3,L1,L1,L2,C3_3,D3_2,F3_1,,,N3_2,L_1,M_2
356066,L2,L3,L1,L1,L3,L3,L1,L1,L2,C3_3,D3_2,F3_1,,,N3_2,L_2,M_1
356067,L2,L3,L1,L1,L3,L3,L1,L1,L2,C3_3,D3_2,F3_1,,,N3_2,L_2,M_2
356068,L2,L3,L1,L1,L3,L3,L1,L1,L2,C3_3,D3_2,F3_1,,,N3_2,L_3,M_1
356069,L2,L3,L1,L1,L3,L3,L1,L1,L2,C3_3,D3_2,F3_1,,,N3_2,L_3,M_2
356070,L2,L3,L1,L1,L3,L3,L1,L1,L2,C3_3,D3_2,F3_2,,,N3_1,L_1,M_1
356071,L2,L3,L1,L1,L3,L3,L1,L1,L2,C3_3,D3_2,F3_2,,,N3_1,L_1,M_2
356072,L2,L3,L1,L1,L3,L3,L1,L1,L2,C3_3,D3_2,F3_2,,,N3_1,L_2,M_1
356073,L2,L3,L1,L1,L3,L3,L1,L1,L2,C3_3,D3_2,F3_2,,,N3_1,L_2,M_2
356074,L2,L3,L1,L1,L3,L3,L1,L1,L2,C3_3,D3_2,F3_2,,,N3_1,L_3,M_1
356075,L2,L3,L1,L1,L3,L3,L1,L1,L2,C3_3,D3_2,F3_2,,,N3_1,L_3,M_2
356076,L2,L3,L1,L1,L3,L3,L1,L1,L2,C3_3,D3_2,F3_2,,,N3_2,L_1,M_1
356077,L2,L3,L1,L1,L3,L3,L1,L1,L2,C3_3,D3_2,F3_2,,,N3_2,L_1,M_2
356078,L2,L3,L1,L1,L3,L3,L1,L1,L2,C3_3,D3_2,F3_2,,,N3_2,L_2,M_1
356079,L2,L3,L1,L1,L3,L3,L1,L1,L2,C3_3,D3_2,F3_2,,,N3_2,L_2,M_2
356080,L2,L3,L1,L1,L3,L3,L1,L1,L2,C3_3,D3_2,F3_2,,,N3_2,L_3,M_1
356081,L2,L3,L1,L1,L3,L3,L1,L1,L2,C3_3,D3_2,F3_2,,,N3_2,L_3,M_2
356082,L2,L3,L1,L1,L3,L3,L1,L1,L2,C3_3,D3_2,F3_3,,,N3_1,L_1,M_1
356083,L2,L3,L1,L1,L3,L3,L1,L1,L2,C3_3,D3_2,F3_3,,,N3_1,L_1,M_2
356084,L2,L3,L1,L1,L3,L3,L1,L1,L2,C3_3,D3_2,F3_3,,,N3_1,L_2,M_1
356085,L2,L3,L1,L1,L3,L3,L1,L1,L2,C3_3,D3_2,F3_3,,,N3_1,L_2,M_2
356086,L2,L3,L1,L1,L3,L3,L1,L1,L2,C3_3,D3_2,F3_3,,,N3_1,L_3,M_1
356087,L2,L3,L1,L1,L3,L3,L1,L1,L2,C3_3,D3_2,F3_3,,,N3_1,L_3,M_2
356088,L2,L3,L1,L1,L3,L3,L1,L1,L2,C3_3,D3_2,F3_3,,,N3_2,L_1,M_1
356089,L2,L3,L1,L1,L3,L3,L1,L1,L2,C3_3,D3_2,F3_3,,,N3_2,L_1,M_2
356090,L2,L3,L1,L1,L3,L3,L1,L1,L2,C3_3,D3_2,F3_3,,,N3_2,L_2,M_1
356091,L2,L3,L1,L1,L3,L3,L1,L1,L2,C3_3,D3_2,F3_3,,,N3_2,L_2,M_2
356092,L2,L3,L1,L1,L3,L3,L1,L1,L2,C3_3,D3_2,F3_3,,,N3_2,L_3,M_1
356093,L2,L3,L1,L1,L3,L3,L1,L1,L2,C3_3,D3_2,F3_3,,,N3_2,L_3,M_2
356094,L2,L3,L1,L1,L3,L3,L1,L1,L2,C3_3,D3_3,F3_1,,,N3_1,L_1,M_1
356095,L2,L3,L1,L1,L3,L3,L1,L1,L2,C3_3,D3_3,F3_1,,,N3_1,L_1,M_2
356096,L2,L3,L1,L1,L3,L3,L1,L1,L2,C3_3,D3_3,F3_1,,,N3_1,L_2,M_1
356097,L2,L3,L1,L1,L3,L3,L1,L1,L2,C3_3,D3_3,F3_1,,,N3_1,L_2,M_2
356098,L2,L3,L1,L1,L3,L3,L1,L1,L2,C3_3,D3_3,F3_1,,,N3_1,L_3,M_1
356099,L2,L3,L1,L1,L3,L3,L1,L1,L2,C3_3,D3_3,F3_1,,,N3_1,L_3,M_2
356100,L2,L3,L1,L1,L3,L3,L1,L1,L2,C3_3,D3_3,F3_1,,,N3_2,L_1,M_1
356101,L2,L3,L1,L1,L3,L3,L1,L1,L2,C3_3,D3_3,F3_1,,,N3_2,L_1,M_2
356102,L2,L3,L1,L1,L3,L3,L1,L1,L2,C3_3,D3_3,F3_1,,,N3_2,L_2,M_1
356103,L2,L3,L1,L1,L3,L3,L1,L1,L2,C3_3,D3_3,F3_1,,,N3_2,L_2,M_2
356104,L2,L3,L1,L1,L3,L3,L1,L1,L2,C3_3,D3_3,F3_1,,,N3_2,L_3,M_1
356105,L2,L3,L1,L1,L3,L3,L1,L1,L2,C3_3,D3_3,F3_1,,,N3_2,L_3,M_2
356106,L2,L3,L1,L1,L3,L3,L1,L1,L2,C3_3,D3_3,F3_2,,,N3_1,L_1,M_1
356107,L2,L3,L1,L1,L3,L3,L1,L1,L2,C3_3,D3_3,F3_2,,,N3_1,L_1,M_2
356108,L2,L3,L1,L1,L3,L3,L1,L1,L2,C3_3,D3_3,F3_2,,,N3_1,L_2,M_1
356109,L2,L3,L1,L1,L3,L3,L1,L1,L2,C3_3,D3_3,F3_2,,,N3_1,L_2,M_2
356110,L2,L3,L1,L1,L3,L3,L1,L1,L2,C3_3,D3_3,F3_2,,,N3_1,L_3,M_1
356111,L2,L3,L1,L1,L3,L3,L1,L1,L2,C3_3,D3_3,F3_2,,,N3_1,L_3,M_2
356112,L2,L3,L1,L1,L3,L3,L1,L1,L2,C3_3,D3_3,F3_2,,,N3_2,L_1,M_1
356113,L2,L3,L1,L1,L3,L3,L1,L1,L2,C3_3,D3_3,F3_2,,,N3_2,L_1,M_2
356114,L2,L3,L1,L1,L3,L3,L1,L1,L2,C3_3,D3_3,F3_2,,,N3_2,L_2,M_1
356115,L2,L3,L1,L1,L3,L3,L1,L1,L2,C3_3,D3_3,F3_2,,,N3_2,L_2,M_2
356116,L2,L3,L1,L1,L3,L3,L1,L1,L2,C3_3,D3_3,F3_2,,,N3_2,L_3,M_1
356117,L2,L3,L1,L1,L3,L3,L1,L1,L2,C3_3,D3_3,F3_2,,,N3_2,L_3,M_2
356118,L2,L3,L1,L1,L3,L3,L1,L1,L2,C3_3,D3_3,F3_3,,,N3_1,L_1,M_1
356119,L2,L3,L1,L1,L3,L3,L1,L1,L2,C3_3,D3_3,F3_3,,,N3_1,L_1,M_2
356120,L2,L3,L1,L1,L3,L3,L1,L1,L2,C3_3,D3_3,F3_3,,,N3_1,L_2,M_1
356121,L2,L3,L1,L1,L3,L3,L1,L1,L2,C3_3,D3_3,F3_3,,,N3_1,L_2,M_2
356122,L2,L3,L1,L1,L3,L3,L1,L1,L2,C3_3,D3_3,F3_3,,,N3_1,L_3,M_1
356123,L2,L3,L1,L1,L3,L3,L1,L1,L2,C3_3,D3_3,F3_3,,,N3_1,L_3,M_2
356124,L2,L3,L1,L1,L3,L3,L1,L1,L2,C3_3,D3_3,F3_3,,,N3_2,L_1,M_1
356125,L2,L3,L1,L1,L3,L3,L1,L1,L2,C3_3,D3_3,F3_3,,,N3_2,L_1,M_2
356126,L2,L3,L1,L1,L3,L3,L1,L1,L2,C3_3,D3_3,F3_3,,,N3_2,L_2,M_1
356127,L2,L3,L1,L1,L3,L3,L1,L1,L2,C3_3,D3_3,F3_3,,,N3_2,L_2,M_2
356128,L2,L3,L1,L1,L3,L3,L1,L1,L2,C3_3,D3_3,F3_3,,,N3_2,L_3,M_1
356129,L2,L3,L1,L1,L3,L3,L1,L1,L2,C3_3,D3_3,F3_3,,,N3_2,L_3,M_2
357480,L2,L1,L1,L2,L1,L3,L1,L1,L2,C3_1,D3_1,F3_1,,,N3_1,L_1,M_1
357481,L2,L1,L1,L2,L1,L3,L1,L1,L2,C3_1,D3_1,F3_1,,,N3_1,L_1,M_2
357482,L2,L1,L1,L2,L1,L3,L1,L1,L2,C3_1,D3_1,F3_1,,,N3_1,L_2,M_1
357483,L2,L1,L1,L2,L1,L3,L1,L1,L2,C3_1,D3_1,F3_1,,,N3_1,L_2,M_2
357484,L2,L1,L1,L2,L1,L3,L1,L1,L2,C3_1,D3_1,F3_1,,,N3_1,L_3,M_1
357485,L2,L1,L1,L2,L1,L3,L1,L1,L2,C3_1,D3_1,F3_1,,,N3_1,L_3,M_2
357486,L2,L1,L1,L2,L1,L3,L1,L1,L2,C3_1,D3_1,F3_1,,,N3_2,L_1,M_1
357487,L2,L1,L1,L2,L1,L3,L1,L1,L2,C3_1,D3_1,F3_1,,,N3_2,L_1,M_2
357488,L2,L1,L1,L2,L1,L3,L1,L1,L2,C3_1,D3_1,F3_1,,,N3_2,L_2,M_1
357489,L2,L1,L1,L2,L1,L3,L1,L1,L2,C3_1,D3_1,F3_1,,,N3_2,L_2,M_2
357490,L2,L1,L1,L2,L1,L3,L1,L1,L2,C3_1,D3_1,F3_1,,,N3_2,L_3,M_1
357491,L2,L1,L1,L2,L1,L3,L1,L1,L2,C3_1,D3_1,F3_1,,,N3_2,L_3,M_2
357492,L2,L1,L1,L2,L1,L3,L1,L1,L2,C3_1,D3_1,F3_2,,,N3_1,L_1,M_1
357493,L2,L1,L1,L2,L1,L3,L1,L1,L2,C3_1,D3_1,F3_2,,,N3_1,L_1,M_2
357494,L2,L1,L1,L2,L1,L3,L1,L1,L2,C3_1,D3_1,F3_2,,,N3_1,L_2,M_1
357495,L2,L1,L1,L2,L1,L3,L1,L1,L2,C3_1,D3_1,F3_2,,,N3_1,L_2,M_2
357496,L2,L1,L1,L2,L1,L3,L1,L1,L2,C3_1,D3_1,F3_2,,,N3_1,L_3,M_1
357497,L2,L1,L1,L2,L1,L3,L1,L1,L2,C3_1,D3_1,F3_2,,,N3_1,L_3,M_2
357498,L2,L1,L1,L2,L1,L3,L1,L1,L2,C3_1,D3_1,F3_2,,,N3_2,L_1,M_1
357499,L2,L1,L1,L2,L1,L3,L1,L1,L2,C3_1,D3_1,F3_2,,,N3_2,L_1,M_2
357500,L2,L1,L1,L2,L1,L3,L1,L1,L2,C3_1,D3_1,F3_2,,,N3_2,L_2,M_1
357501,L2,L1,L1,L2,L1,L3,L1,L1,L2,C3_1,D3_1,F3_2,,,N3_2,L_2,M_2
357502,L2,L1,L1,L2,L1,L3,L1,L1,L2,C3_1,D3_1,F3_2,,,N3_2,L_3,M_1
357503,L2,L1,L1,L2,L1,L3,L1,L1,L2,C3_1,D3_1,F3_2,,,N3_2,L_3,M_2
357504,L2,L1,L1,L2,L1,L3,L1,L1,L2,C3_1,D3_1,F3_3,,,N3_1,L_1,M_1
357505,L2,L1,L1,L2,L1,L3,L1,L1,L2,C3_1,D3_1,F3_3,,,N3_1,L_1,M_2
357506,L2,L1,L1,L2,L1,L3,L1,L1,L2,C3_1,D3_1,F3_3,,,N3_1,L_2,M_1
357507,L2,L1,L1,L2,L1,L3,L1,L1,L2,C3_1,D3_1,F3_3,,,N3_1,L_2,M_2
357508,L2,L1,L1,L2,L1,L3,L1,L1,L2,C3_1,D3_1,F3_3,,,N3_1,L_3,M_1
357509,L2,L1,L1,L2,L1,L3,L1,L1,L2,C3_1,D3_1,F3_3,,,N3_1,L_3,M_2
357510,L2,L1,L1,L2,L1,L3,L1,L1,L2,C3_1,D3_1,F3_3,,,N3_2,L_1,M_1
357511,L2,L1,L1,L2,L1,L3,L1,L1,L2,C3_1,D3_1,F3_3,,,N3_2,L_1,M_2
357512,L2,L1,L1,L2,L1,L3,L1,L1,L2,C3_1,D3_1,F3_3,,,N3_2,L_2,M_1
357513,L2,L1,L1,L2,L1,L3,L1,L1,L2,C3_1,D3_1,F3_3,,,N3_2,L_2,M_2
357514,L2,L1,L1,L2,L1,L3,L1,L1,L2,C3_1,D3_1,F3_3,,,N3_2,L_3,M_1
357515,L2,L1,L1,L2,L1,L3,L1,L1,L2,C3_1,D3_1,F3_3,,,N3_2,L_3,M_2
357516,L2,L1,L1,L2,L1,L3,L1,L1,L2,C3_1,D3_2,F3_1,,,N3_1,L_1,M_1
357517,L2,L1,L1,L2,L1,L3,L1,L1,L2,C3_1,D3_2,F3_1,,,N3_1,L_1,M_2
357518,L2,L1,L1,L2,L1,L3,L1,L1,L2,C3_1,D3_2,F3_1,,,N3_1,L_2,M_1
357519,L2,L1,L1,L2,L1,L3,L1,L1,L2,C3_1,D3_2,F3_1,,,N3_1,L_2,M_2
357520,L2,L1,L1,L2,L1,L3,L1,L1,L2,C3_1,D3_2,F3_1,,,N3_1,L_3,M_1
357521,L2,L1,L1,L2,L1,L3,L1,L1,L2,C3_1,D3_2,F3_1,,,N3_1,L_3,M_2
357522,L2,L1,L1,L2,L1,L3,L1,L1,L2,C3_1,D3_2,F3_1,,,N3_2,L_1,M_1
357523,L2,L1,L1,L2,L1,L3,L1,L1,L2,C3_1,D3_2,F3_1,,,N3_2,L_1,M_2
357524,L2,L1,L1,L2,L1,L3,L1,L1,L2,C3_1,D3_2,F3_1,,,N3_2,L_2,M_1
357525,L2,L1,L1,L2,L1,L3,L1,L1,L2,C3_1,D3_2,F3_1,,,N3_2,L_2,M_2
357526,L2,L1,L1,L2,L1,L3,L1,L1,L2,C3_1,D3_2,F3_1,,,N3_2,L_3,M_1
357527,L2,L1,L1,L2,L1,L3,L1,L1,L2,C3_1,D3_2,F3_1,,,N3_2,L_3,M_2
357528,L2,L1,L1,L2,L1,L3,L1,L1,L2,C3_1,D3_2,F3_2,,,N3_1,L_1,M_1
357529,L2,L1,L1,L2,L1,L3,L1,L1,L2,C3_1,D3_2,F3_2,,,N3_1,L_1,M_2
357530,L2,L1,L1,L2,L1,L3,L1,L1,L2,C3_1,D3_2,F3_2,,,N3_1,L_2,M_1
357531,L2,L1,L1,L2,L1,L3,L1,L1,L2,C3_1,D3_2,F3_2,,,N3_1,L_2,M_2
357532,L2,L1,L1,L2,L1,L3,L1,L1,L2,C3_1,D3_2,F3_2,,,N3_1,L_3,M_1
357533,L2,L1,L1,L2,L1,L3,L1,L1,L2,C3_1,D3_2,F3_2,,,N3_1,L_3,M_2
357534,L2,L1,L1,L2,L1,L3,L1,L1,L2,C3_1,D3_2,F3_2,,,N3_2,L_1,M_1
357535,L2,L1,L1,L2,L1,L3,L1,L1,L2,C3_1,D3_2,F3_2,,,N3_2,L_1,M_2
357536,L2,L1,L1,L2,L1,L3,L1,L1,L2,C3_1,D3_2,F3_2,,,N3_2,L_2,M_1
357537,L2,L1,L1,L2,L1,L3,L1,L1,L2,C3_1,D3_2,F3_2,,,N3_2,L_2,M_2
357538,L2,L1,L1,L2,L1,L3,L1,L1,L2,C3_1,D3_2,F3_2,,,N3_2,L_3,M_1
357539,L2,L1,L1,L2,L1,L3,L1,L1,L2,C3_1,D3_2,F3_2,,,N3_2,L_3,M_2
357540,L2,L1,L1,L2,L1,L3,L1,L1,L2,C3_1,D3_2,F3_3,,,N3_1,L_1,M_1
357541,L2,L1,L1,L2,L1,L3,L1,L1,L2,C3_1,D3_2,F3_3,,,N3_1,L_1,M_2
357542,L2,L1,L1,L2,L1,L3,L1,L1,L2,C3_1,D3_2,F3_3,,,N3_1,L_2,M_1
357543,L2,L1,L1,L2,L1,L3,L1,L1,L2,C3_1,D3_2,F3_3,,,N3_1,L_2,M_2
357544,L2,L1,L1,L2,L1,L3,L1,L1,L2,C3_1,D3_2,F3_3,,,N3_1,L_3,M_1
357545,L2,L1,L1,L2,L1,L3,L1,L1,L2,C3_1,D3_2,F3_3,,,N3_1,L_3,M_2
357546,L2,L1,L1,L2,L1,L3,L1,L1,L2,C3_1,D3_2,F3_3,,,N3_2,L_1,M_1
357547,L2,L1,L1,L2,L1,L3,L1,L1,L2,C3_1,D3_2,F3_3,,,N3_2,L_1,M_2
357548,L2,L1,L1,L2,L1,L3,L1,L1,L2,C3_1,D3_2,F3_3,,,N3_2,L_2,M_1
357549,L2,L1,L1,L2,L1,L3,L1,L1,L2,C3_1,D3_2,F3_3,,,N3_2,L_2,M_2
357550,L2,L1,L1,L2,L1,L3,L1,L1,L2,C3_1,D3_2,F3_3,,,N3_2,L_3,M_1
357551,L2,L1,L1,L2,L1,L3,L1,L1,L2,C3_1,D3_2,F3_3,,,N3_2,L_3,M_2
357552,L2,L1,L1,L2,L1,L3,L1,L1,L2,C3_1,D3_3,F3_1,,,N3_1,L_1,M_1
357553,L2,L1,L1,L2,L1,L3,L1,L1,L2,C3_1,D3_3,F3_1,,,N3_1,L_1,M_2
357554,L2,L1,L1,L2,L1,L3,L1,L1,L2,C3_1,D3_3,F3_1,,,N3_1,L_2,M_1
357555,L2,L1,L1,L2,L1,L3,L1,L1,L2,C3_1,D3_3,F3_1,,,N3_1,L_2,M_2
357556,L2,L1,L1,L2,L1,L3,L1,L1,L2,C3_1,D3_3,F3_1,,,N3_1,L_3,M_1
357557,L2,L1,L1,L2,L1,L3,L1,L1,L2,C3_1,D3_3,F3_1,,,N3_1,L_3,M_2
357558,L2,L1,L1,L2,L1,L3,L1,L1,L2,C3_1,D3_3,F3_1,,,N3_2,L_1,M_1
357559,L2,L1,L1,L2,L1,L3,L1,L1,L2,C3_1,D3_3,F3_1,,,N3_2,L_1,M_2
357560,L2,L1,L1,L2,L1,L3,L1,L1,L2,C3_1,D3_3,F3_1,,,N3_2,L_2,M_1
357561,L2,L1,L1,L2,L1,L3,L1,L1,L2,C3_1,D3_3,F3_1,,,N3_2,L_2,M_2
357562,L2,L1,L1,L2,L1,L3,L1,L1,L2,C3_1,D3_3,F3_1,,,N3_2,L_3,M_1
357563,L2,L1,L1,L2,L1,L3,L1,L1,L2,C3_1,D3_3,F3_1,,,N3_2,L_3,M_2
357564,L2,L1,L1,L2,L1,L3,L1,L1,L2,C3_1,D3_3,F3_2,,,N3_1,L_1,M_1
357565,L2,L1,L1,L2,L1,L3,L1,L1,L2,C3_1,D3_3,F3_2,,,N3_1,L_1,M_2
357566,L2,L1,L1,L2,L1,L3,L1,L1,L2,C3_1,D3_3,F3_2,,,N3_1,L_2,M_1
357567,L2,L1,L1,L2,L1,L3,L1,L1,L2,C3_1,D3_3,F3_2,,,N3_1,L_2,M_2
357568,L2,L1,L1,L2,L1,L3,L1,L1,L2,C3_1,D3_3,F3_2,,,N3_1,L_3,M_1
357569,L2,L1,L1,L2,L1,L3,L1,L1,L2,C3_1,D3_3,F3_2,,,N3_1,L_3,M_2
357570,L2,L1,L1,L2,L1,L3,L1,L1,L2,C3_1,D3_3,F3_2,,,N3_2,L_1,M_1
357571,L2,L1,L1,L2,L1,L3,L1,L1,L2,C3_1,D3_3,F3_2,,,N3_2,L_1,M_2
357572,L2,L1,L1,L2,L1,L3,L1,L1,L2,C3_1,D3_3,F3_2,,,N3_2,L_2,M_1
357573,L2,L1,L1,L2,L1,L3,L1,L1,L2,C3_1,D3_3,F3_2,,,N3_2,L_2,M_2
357574,L2,L1,L1,L2,L1,L3,L1,L1,L2,C3_1,D3_3,F3_2,,,N3_2,L_3,M_1
357575,L2,L1,L1,L2,L1,L3,L1,L1,L2,C3_1,D3_3,F3_2,,,N3_2,L_3,M_2
357576,L2,L1,L1,L2,L1,L3,L1,L1,L2,C3_1,D3_3,F3_3,,,N3_1,L_1,M_1
357577,L2,L1,L1,L2,L1,L3,L1,L1,L2,C3_1,D3_3,F3_3,,,N3_1,L_1,M_2
357578,L2,L1,L1,L2,L1,L3,L1,L1,L2,C3_1,D3_3,F3_3,,,N3_1,L_2,M_1
357579,L2,L1,L1,L2,L1,L3,L1,L1,L2,C3_1,D3_3,F3_3,,,N3_1,L_2,M_2
357580,L2,L1,L1,L2,L1,L3,L1,L1,L2,C3_1,D3_3,F3_3,,,N3_1,L_3,M_1
357581,L2,L1,L1,L2,L1,L3,L1,L1,L2,C3_1,D3_3,F3_3,,,N3_1,L_3,M_2
357582,L2,L1,L1,L2,L1,L3,L1,L1,L2,C3_1,D3_3,F3_3,,,N3_2,L_1,M_1
357583,L2,L1,L1,L2,L1,L3,L1,L1,L2,C3_1,D3_3,F3_3,,,N3_2,L_1,M_2
357584,L2,L1,L1,L2,L1,L3,L1,L1,L2,C3_1,D3_3,F3_3,,,N3_2,L_2,M_1
357585,L2,L1,L1,L2,L1,L3,L1,L1,L2,C3_1,D3_3,F3_3,,,N3_2,L_2,M_2
357586,L2,L1,L1,L2,L1,L3,L1,L1,L2,C3_1,D3_3,F3_3,,,N3_2,L_3,M_1
357587,L2,L1,L1,L2,L1,L3,L1,L1,L2,C3_1,D3_3,F3_3,,,N3_2,L_3,M_2
357588,L2,L1,L1,L2,L1,L3,L1,L1,L2,C3_2,D3_1,F3_1,,,N3_1,L_1,M_1
357589,L2,L1,L1,L2,L1,L3,L1,L1,L2,C3_2,D3_1,F3_1,,,N3_1,L_1,M_2
357590,L2,L1,L1,L2,L1,L3,L1,L1,L2,C3_2,D3_1,F3_1,,,N3_1,L_2,M_1
357591,L2,L1,L1,L2,L1,L3,L1,L1,L2,C3_2,D3_1,F3_1,,,N3_1,L_2,M_2
357592,L2,L1,L1,L2,L1,L3,L1,L1,L2,C3_2,D3_1,F3_1,,,N3_1,L_3,M_1
357593,L2,L1,L1,L2,L1,L3,L1,L1,L2,C3_2,D3_1,F3_1,,,N3_1,L_3,M_2
357594,L2,L1,L1,L2,L1,L3,L1,L1,L2,C3_2,D3_1,F3_1,,,N3_2,L_1,M_1
357595,L2,L1,L1,L2,L1,L3,L1,L1,L2,C3_2,D3_1,F3_1,,,N3_2,L_1,M_2
357596,L2,L1,L1,L2,L1,L3,L1,L1,L2,C3_2,D3_1,F3_1,,,N3_2,L_2,M_1
357597,L2,L1,L1,L2,L1,L3,L1,L1,L2,C3_2,D3_1,F3_1,,,N3_2,L_2,M_2
357598,L2,L1,L1,L2,L1,L3,L1,L1,L2,C3_2,D3_1,F3_1,,,N3_2,L_3,M_1
357599,L2,L1,L1,L2,L1,L3,L1,L1,L2,C3_2,D3_1,F3_1,,,N3_2,L_3,M_2
357600,L2,L1,L1,L2,L1,L3,L1,L1,L2,C3_2,D3_1,F3_2,,,N3_1,L_1,M_1
357601,L2,L1,L1,L2,L1,L3,L1,L1,L2,C3_2,D3_1,F3_2,,,N3_1,L_1,M_2
357602,L2,L1,L1,L2,L1,L3,L1,L1,L2,C3_2,D3_1,F3_2,,,N3_1,L_2,M_1
357603,L2,L1,L1,L2,L1,L3,L1,L1,L2,C3_2,D3_1,F3_2,,,N3_1,L_2,M_2
357604,L2,L1,L1,L2,L1,L3,L1,L1,L2,C3_2,D3_1,F3_2,,,N3_1,L_3,M_1
357605,L2,L1,L1,L2,L1,L3,L1,L1,L2,C3_2,D3_1,F3_2,,,N3_1,L_3,M_2
357606,L2,L1,L1,L2,L1,L3,L1,L1,L2,C3_2,D3_1,F3_2,,,N3_2,L_1,M_1
357607,L2,L1,L1,L2,L1,L3,L1,L1,L2,C3_2,D3_1,F3_2,,,N3_2,L_1,M_2
357608,L2,L1,L1,L2,L1,L3,L1,L1,L2,C3_2,D3_1,F3_2,,,N3_2,L_2,M_1
357609,L2,L1,L1,L2,L1,L3,L1,L1,L2,C3_2,D3_1,F3_2,,,N3_2,L_2,M_2
357610,L2,L1,L1,L2,L1,L3,L1,L1,L2,C3_2,D3_1,F3_2,,,N3_2,L_3,M_1
357611,L2,L1,L1,L2,L1,L3,L1,L1,L2,C3_2,D3_1,F3_2,,,N3_2,L_3,M_2
357612,L2,L1,L1,L2,L1,L3,L1,L1,L2,C3_2,D3_1,F3_3,,,N3_1,L_1,M_1
357613,L2,L1,L1,L2,L1,L3,L1,L1,L2,C3_2,D3_1,F3_3,,,N3_1,L_1,M_2
357614,L2,L1,L1,L2,L1,L3,L1,L1,L2,C3_2,D3_1,F3_3,,,N3_1,L_2,M_1
357615,L2,L1,L1,L2,L1,L3,L1,L1,L2,C3_2,D3_1,F3_3,,,N3_1,L_2,M_2
357616,L2,L1,L1,L2,L1,L3,L1,L1,L2,C3_2,D3_1,F3_3,,,N3_1,L_3,M_1
357617,L2,L1,L1,L2,L1,L3,L1,L1,L2,C3_2,D3_1,F3_3,,,N3_1,L_3,M_2
357618,L2,L1,L1,L2,L1,L3,L1,L1,L2,C3_2,D3_1,F3_3,,,N3_2,L_1,M_1
357619,L2,L1,L1,L2,L1,L3,L1,L1,L2,C3_2,D3_1,F3_3,,,N3_2,L_1,M_2
357620,L2,L1,L1,L2,L1,L3,L1,L1,L2,C3_2,D3_1,F3_3,,,N3_2,L_2,M_1
357621,L2,L1,L1,L2,L1,L3,L1,L1,L2,C3_2,D3_1,F3_3,,,N3_2,L_2,M_2
357622,L2,L1,L1,L2,L1,L3,L1,L1,L2,C3_2,D3_1,F3_3,,,N3_2,L_3,M_1
357623,L2,L1,L1,L2,L1,L3,L1,L1,L2,C3_2,D3_1,F3_3,,,N3_2,L_3,M_2
357624,L2,L1,L1,L2,L1,L3,L1,L1,L2,C3_2,D3_2,F3_1,,,N3_1,L_1,M_1
357625,L2,L1,L1,L2,L1,L3,L1,L1,L2,C3_2,D3_2,F3_1,,,N3_1,L_1,M_2
357626,L2,L1,L1,L2,L1,L3,L1,L1,L2,C3_2,D3_2,F3_1,,,N3_1,L_2,M_1
357627,L2,L1,L1,L2,L1,L3,L1,L1,L2,C3_2,D3_2,F3_1,,,N3_1,L_2,M_2
357628,L2,L1,L1,L2,L1,L3,L1,L1,L2,C3_2,D3_2,F3_1,,,N3_1,L_3,M_1
357629,L2,L1,L1,L2,L1,L3,L1,L1,L2,C3_2,D3_2,F3_1,,,N3_1,L_3,M_2
357630,L2,L1,L1,L2,L1,L3,L1,L1,L2,C3_2,D3_2,F3_1,,,N3_2,L_1,M_1
357631,L2,L1,L1,L2,L1,L3,L1,L1,L2,C3_2,D3_2,F3_1,,,N3_2,L_1,M_2
357632,L2,L1,L1,L2,L1,L3,L1,L1,L2,C3_2,D3_2,F3_1,,,N3_2,L_2,M_1
357633,L2,L1,L1,L2,L1,L3,L1,L1,L2,C3_2,D3_2,F3_1,,,N3_2,L_2,M_2
357634,L2,L1,L1,L2,L1,L3,L1,L1,L2,C3_2,D3_2,F3_1,,,N3_2,L_3,M_1
357635,L2,L1,L1,L2,L1,L3,L1,L1,L2,C3_2,D3_2,F3_1,,,N3_2,L_3,M_2
357636,L2,L1,L1,L2,L1,L3,L1,L1,L2,C3_2,D3_2,F3_2,,,N3_1,L_1,M_1
357637,L2,L1,L1,L2,L1,L3,L1,L1,L2,C3_2,D3_2,F3_2,,,N3_1,L_1,M_2
357638,L2,L1,L1,L2,L1,L3,L1,L1,L2,C3_2,D3_2,F3_2,,,N3_1,L_2,M_1
357639,L2,L1,L1,L2,L1,L3,L1,L1,L2,C3_2,D3_2,F3_2,,,N3_1,L_2,M_2
357640,L2,L1,L1,L2,L1,L3,L1,L1,L2,C3_2,D3_2,F3_2,,,N3_1,L_3,M_1
357641,L2,L1,L1,L2,L1,L3,L1,L1,L2,C3_2,D3_2,F3_2,,,N3_1,L_3,M_2
357642,L2,L1,L1,L2,L1,L3,L1,L1,L2,C3_2,D3_2,F3_2,,,N3_2,L_1,M_1
357643,L2,L1,L1,L2,L1,L3,L1,L1,L2,C3_2,D3_2,F3_2,,,N3_2,L_1,M_2
357644,L2,L1,L1,L2,L1,L3,L1,L1,L2,C3_2,D3_2,F3_2,,,N3_2,L_2,M_1
357645,L2,L1,L1,L2,L1,L3,L1,L1,L2,C3_2,D3_2,F3_2,,,N3_2,L_2,M_2
357646,L2,L1,L1,L2,L1,L3,L1,L1,L2,C3_2,D3_2,F3_2,,,N3_2,L_3,M_1
357647,L2,L1,L1,L2,L1,L3,L1,L1,L2,C3_2,D3_2,F3_2,,,N3_2,L_3,M_2
357648,L2,L1,L1,L2,L1,L3,L1,L1,L2,C3_2,D3_2,F3_3,,,N3_1,L_1,M_1
357649,L2,L1,L1,L2,L1,L3,L1,L1,L2,C3_2,D3_2,F3_3,,,N3_1,L_1,M_2
357650,L2,L1,L1,L2,L1,L3,L1,L1,L2,C3_2,D3_2,F3_3,,,N3_1,L_2,M_1
357651,L2,L1,L1,L2,L1,L3,L1,L1,L2,C3_2,D3_2,F3_3,,,N3_1,L_2,M_2
357652,L2,L1,L1,L2,L1,L3,L1,L1,L2,C3_2,D3_2,F3_3,,,N3_1,L_3,M_1
357653,L2,L1,L1,L2,L1,L3,L1,L1,L2,C3_2,D3_2,F3_3,,,N3_1,L_3,M_2
357654,L2,L1,L1,L2,L1,L3,L1,L1,L2,C3_2,D3_2,F3_3,,,N3_2,L_1,M_1
357655,L2,L1,L1,L2,L1,L3,L1,L1,L2,C3_2,D3_2,F3_3,,,N3_2,L_1,M_2
357656,L2,L1,L1,L2,L1,L3,L1,L1,L2,C3_2,D3_2,F3_3,,,N3_2,L_2,M_1
357657,L2,L1,L1,L2,L1,L3,L1,L1,L2,C3_2,D3_2,F3_3,,,N3_2,L_2,M_2
357658,L2,L1,L1,L2,L1,L3,L1,L1,L2,C3_2,D3_2,F3_3,,,N3_2,L_3,M_1
357659,L2,L1,L1,L2,L1,L3,L1,L1,L2,C3_2,D3_2,F3_3,,,N3_2,L_3,M_2
357660,L2,L1,L1,L2,L1,L3,L1,L1,L2,C3_2,D3_3,F3_1,,,N3_1,L_1,M_1
357661,L2,L1,L1,L2,L1,L3,L1,L1,L2,C3_2,D3_3,F3_1,,,N3_1,L_1,M_2
357662,L2,L1,L1,L2,L1,L3,L1,L1,L2,C3_2,D3_3,F3_1,,,N3_1,L_2,M_1
357663,L2,L1,L1,L2,L1,L3,L1,L1,L2,C3_2,D3_3,F3_1,,,N3_1,L_2,M_2
357664,L2,L1,L1,L2,L1,L3,L1,L1,L2,C3_2,D3_3,F3_1,,,N3_1,L_3,M_1
357665,L2,L1,L1,L2,L1,L3,L1,L1,L2,C3_2,D3_3,F3_1,,,N3_1,L_3,M_2
357666,L2,L1,L1,L2,L1,L3,L1,L1,L2,C3_2,D3_3,F3_1,,,N3_2,L_1,M_1
357667,L2,L1,L1,L2,L1,L3,L1,L1,L2,C3_2,D3_3,F3_1,,,N3_2,L_1,M_2
357668,L2,L1,L1,L2,L1,L3,L1,L1,L2,C3_2,D3_3,F3_1,,,N3_2,L_2,M_1
357669,L2,L1,L1,L2,L1,L3,L1,L1,L2,C3_2,D3_3,F3_1,,,N3_2,L_2,M_2
357670,L2,L1,L1,L2,L1,L3,L1,L1,L2,C3_2,D3_3,F3_1,,,N3_2,L_3,M_1
357671,L2,L1,L1,L2,L1,L3,L1,L1,L2,C3_2,D3_3,F3_1,,,N3_2,L_3,M_2
357672,L2,L1,L1,L2,L1,L3,L1,L1,L2,C3_2,D3_3,F3_2,,,N3_1,L_1,M_1
357673,L2,L1,L1,L2,L1,L3,L1,L1,L2,C3_2,D3_3,F3_2,,,N3_1,L_1,M_2
357674,L2,L1,L1,L2,L1,L3,L1,L1,L2,C3_2,D3_3,F3_2,,,N3_1,L_2,M_1
357675,L2,L1,L1,L2,L1,L3,L1,L1,L2,C3_2,D3_3,F3_2,,,N3_1,L_2,M_2
357676,L2,L1,L1,L2,L1,L3,L1,L1,L2,C3_2,D3_3,F3_2,,,N3_1,L_3,M_1
357677,L2,L1,L1,L2,L1,L3,L1,L1,L2,C3_2,D3_3,F3_2,,,N3_1,L_3,M_2
357678,L2,L1,L1,L2,L1,L3,L1,L1,L2,C3_2,D3_3,F3_2,,,N3_2,L_1,M_1
357679,L2,L1,L1,L2,L1,L3,L1,L1,L2,C3_2,D3_3,F3_2,,,N3_2,L_1,M_2
357680,L2,L1,L1,L2,L1,L3,L1,L1,L2,C3_2,D3_3,F3_2,,,N3_2,L_2,M_1
357681,L2,L1,L1,L2,L1,L3,L1,L1,L2,C3_2,D3_3,F3_2,,,N3_2,L_2,M_2
357682,L2,L1,L1,L2,L1,L3,L1,L1,L2,C3_2,D3_3,F3_2,,,N3_2,L_3,M_1
357683,L2,L1,L1,L2,L1,L3,L1,L1,L2,C3_2,D3_3,F3_2,,,N3_2,L_3,M_2
357684,L2,L1,L1,L2,L1,L3,L1,L1,L2,C3_2,D3_3,F3_3,,,N3_1,L_1,M_1
357685,L2,L1,L1,L2,L1,L3,L1,L1,L2,C3_2,D3_3,F3_3,,,N3_1,L_1,M_2
357686,L2,L1,L1,L2,L1,L3,L1,L1,L2,C3_2,D3_3,F3_3,,,N3_1,L_2,M_1
357687,L2,L1,L1,L2,L1,L3,L1,L1,L2,C3_2,D3_3,F3_3,,,N3_1,L_2,M_2
357688,L2,L1,L1,L2,L1,L3,L1,L1,L2,C3_2,D3_3,F3_3,,,N3_1,L_3,M_1
357689,L2,L1,L1,L2,L1,L3,L1,L1,L2,C3_2,D3_3,F3_3,,,N3_1,L_3,M_2
357690,L2,L1,L1,L2,L1,L3,L1,L1,L2,C3_2,D3_3,F3_3,,,N3_2,L_1,M_1
357691,L2,L1,L1,L2,L1,L3,L1,L1,L2,C3_2,D3_3,F3_3,,,N3_2,L_1,M_2
357692,L2,L1,L1,L2,L1,L3,L1,L1,L2,C3_2,D3_3,F3_3,,,N3_2,L_2,M_1
357693,L2,L1,L1,L2,L1,L3,L1,L1,L2,C3_2,D3_3,F3_3,,,N3_2,L_2,M_2
357694,L2,L1,L1,L2,L1,L3,L1,L1,L2,C3_2,D3_3,F3_3,,,N3_2,L_3,M_1
357695,L2,L1,L1,L2,L1,L3,L1,L1,L2,C3_2,D3_3,F3_3,,,N3_2,L_3,M_2
357696,L2,L1,L1,L2,L1,L3,L1,L1,L2,C3_3,D3_1,F3_1,,,N3_1,L_1,M_1
357697,L2,L1,L1,L2,L1,L3,L1,L1,L2,C3_3,D3_1,F3_1,,,N3_1,L_1,M_2
357698,L2,L1,L1,L2,L1,L3,L1,L1,L2,C3_3,D3_1,F3_1,,,N3_1,L_2,M_1
357699,L2,L1,L1,L2,L1,L3,L1,L1,L2,C3_3,D3_1,F3_1,,,N3_1,L_2,M_2
357700,L2,L1,L1,L2,L1,L3,L1,L1,L2,C3_3,D3_1,F3_1,,,N3_1,L_3,M_1
357701,L2,L1,L1,L2,L1,L3,L1,L1,L2,C3_3,D3_1,F3_1,,,N3_1,L_3,M_2
357702,L2,L1,L1,L2,L1,L3,L1,L1,L2,C3_3,D3_1,F3_1,,,N3_2,L_1,M_1
357703,L2,L1,L1,L2,L1,L3,L1,L1,L2,C3_3,D3_1,F3_1,,,N3_2,L_1,M_2
357704,L2,L1,L1,L2,L1,L3,L1,L1,L2,C3_3,D3_1,F3_1,,,N3_2,L_2,M_1
357705,L2,L1,L1,L2,L1,L3,L1,L1,L2,C3_3,D3_1,F3_1,,,N3_2,L_2,M_2
357706,L2,L1,L1,L2,L1,L3,L1,L1,L2,C3_3,D3_1,F3_1,,,N3_2,L_3,M_1
357707,L2,L1,L1,L2,L1,L3,L1,L1,L2,C3_3,D3_1,F3_1,,,N3_2,L_3,M_2
357708,L2,L1,L1,L2,L1,L3,L1,L1,L2,C3_3,D3_1,F3_2,,,N3_1,L_1,M_1
357709,L2,L1,L1,L2,L1,L3,L1,L1,L2,C3_3,D3_1,F3_2,,,N3_1,L_1,M_2
357710,L2,L1,L1,L2,L1,L3,L1,L1,L2,C3_3,D3_1,F3_2,,,N3_1,L_2,M_1
357711,L2,L1,L1,L2,L1,L3,L1,L1,L2,C3_3,D3_1,F3_2,,,N3_1,L_2,M_2
357712,L2,L1,L1,L2,L1,L3,L1,L1,L2,C3_3,D3_1,F3_2,,,N3_1,L_3,M_1
357713,L2,L1,L1,L2,L1,L3,L1,L1,L2,C3_3,D3_1,F3_2,,,N3_1,L_3,M_2
357714,L2,L1,L1,L2,L1,L3,L1,L1,L2,C3_3,D3_1,F3_2,,,N3_2,L_1,M_1
357715,L2,L1,L1,L2,L1,L3,L1,L1,L2,C3_3,D3_1,F3_2,,,N3_2,L_1,M_2
357716,L2,L1,L1,L2,L1,L3,L1,L1,L2,C3_3,D3_1,F3_2,,,N3_2,L_2,M_1
357717,L2,L1,L1,L2,L1,L3,L1,L1,L2,C3_3,D3_1,F3_2,,,N3_2,L_2,M_2
357718,L2,L1,L1,L2,L1,L3,L1,L1,L2,C3_3,D3_1,F3_2,,,N3_2,L_3,M_1
357719,L2,L1,L1,L2,L1,L3,L1,L1,L2,C3_3,D3_1,F3_2,,,N3_2,L_3,M_2
357720,L2,L1,L1,L2,L1,L3,L1,L1,L2,C3_3,D3_1,F3_3,,,N3_1,L_1,M_1
357721,L2,L1,L1,L2,L1,L3,L1,L1,L2,C3_3,D3_1,F3_3,,,N3_1,L_1,M_2
357722,L2,L1,L1,L2,L1,L3,L1,L1,L2,C3_3,D3_1,F3_3,,,N3_1,L_2,M_1
357723,L2,L1,L1,L2,L1,L3,L1,L1,L2,C3_3,D3_1,F3_3,,,N3_1,L_2,M_2
357724,L2,L1,L1,L2,L1,L3,L1,L1,L2,C3_3,D3_1,F3_3,,,N3_1,L_3,M_1
357725,L2,L1,L1,L2,L1,L3,L1,L1,L2,C3_3,D3_1,F3_3,,,N3_1,L_3,M_2
357726,L2,L1,L1,L2,L1,L3,L1,L1,L2,C3_3,D3_1,F3_3,,,N3_2,L_1,M_1
357727,L2,L1,L1,L2,L1,L3,L1,L1,L2,C3_3,D3_1,F3_3,,,N3_2,L_1,M_2
357728,L2,L1,L1,L2,L1,L3,L1,L1,L2,C3_3,D3_1,F3_3,,,N3_2,L_2,M_1
357729,L2,L1,L1,L2,L1,L3,L1,L1,L2,C3_3,D3_1,F3_3,,,N3_2,L_2,M_2
357730,L2,L1,L1,L2,L1,L3,L1,L1,L2,C3_3,D3_1,F3_3,,,N3_2,L_3,M_1
357731,L2,L1,L1,L2,L1,L3,L1,L1,L2,C3_3,D3_1,F3_3,,,N3_2,L_3,M_2
357732,L2,L1,L1,L2,L1,L3,L1,L1,L2,C3_3,D3_2,F3_1,,,N3_1,L_1,M_1
357733,L2,L1,L1,L2,L1,L3,L1,L1,L2,C3_3,D3_2,F3_1,,,N3_1,L_1,M_2
357734,L2,L1,L1,L2,L1,L3,L1,L1,L2,C3_3,D3_2,F3_1,,,N3_1,L_2,M_1
357735,L2,L1,L1,L2,L1,L3,L1,L1,L2,C3_3,D3_2,F3_1,,,N3_1,L_2,M_2
357736,L2,L1,L1,L2,L1,L3,L1,L1,L2,C3_3,D3_2,F3_1,,,N3_1,L_3,M_1
357737,L2,L1,L1,L2,L1,L3,L1,L1,L2,C3_3,D3_2,F3_1,,,N3_1,L_3,M_2
357738,L2,L1,L1,L2,L1,L3,L1,L1,L2,C3_3,D3_2,F3_1,,,N3_2,L_1,M_1
357739,L2,L1,L1,L2,L1,L3,L1,L1,L2,C3_3,D3_2,F3_1,,,N3_2,L_1,M_2
357740,L2,L1,L1,L2,L1,L3,L1,L1,L2,C3_3,D3_2,F3_1,,,N3_2,L_2,M_1
357741,L2,L1,L1,L2,L1,L3,L1,L1,L2,C3_3,D3_2,F3_1,,,N3_2,L_2,M_2
357742,L2,L1,L1,L2,L1,L3,L1,L1,L2,C3_3,D3_2,F3_1,,,N3_2,L_3,M_1
357743,L2,L1,L1,L2,L1,L3,L1,L1,L2,C3_3,D3_2,F3_1,,,N3_2,L_3,M_2
357744,L2,L1,L1,L2,L1,L3,L1,L1,L2,C3_3,D3_2,F3_2,,,N3_1,L_1,M_1
357745,L2,L1,L1,L2,L1,L3,L1,L1,L2,C3_3,D3_2,F3_2,,,N3_1,L_1,M_2
357746,L2,L1,L1,L2,L1,L3,L1,L1,L2,C3_3,D3_2,F3_2,,,N3_1,L_2,M_1
357747,L2,L1,L1,L2,L1,L3,L1,L1,L2,C3_3,D3_2,F3_2,,,N3_1,L_2,M_2
357748,L2,L1,L1,L2,L1,L3,L1,L1,L2,C3_3,D3_2,F3_2,,,N3_1,L_3,M_1
357749,L2,L1,L1,L2,L1,L3,L1,L1,L2,C3_3,D3_2,F3_2,,,N3_1,L_3,M_2
357750,L2,L1,L1,L2,L1,L3,L1,L1,L2,C3_3,D3_2,F3_2,,,N3_2,L_1,M_1
357751,L2,L1,L1,L2,L1,L3,L1,L1,L2,C3_3,D3_2,F3_2,,,N3_2,L_1,M_2
357752,L2,L1,L1,L2,L1,L3,L1,L1,L2,C3_3,D3_2,F3_2,,,N3_2,L_2,M_1
357753,L2,L1,L1,L2,L1,L3,L1,L1,L2,C3_3,D3_2,F3_2,,,N3_2,L_2,M_2
357754,L2,L1,L1,L2,L1,L3,L1,L1,L2,C3_3,D3_2,F3_2,,,N3_2,L_3,M_1
357755,L2,L1,L1,L2,L1,L3,L1,L1,L2,C3_3,D3_2,F3_2,,,N3_2,L_3,M_2
357756,L2,L1,L1,L2,L1,L3,L1,L1,L2,C3_3,D3_2,F3_3,,,N3_1,L_1,M_1
357757,L2,L1,L1,L2,L1,L3,L1,L1,L2,C3_3,D3_2,F3_3,,,N3_1,L_1,M_2
357758,L2,L1,L1,L2,L1,L3,L1,L1,L2,C3_3,D3_2,F3_3,,,N3_1,L_2,M_1
357759,L2,L1,L1,L2,L1,L3,L1,L1,L2,C3_3,D3_2,F3_3,,,N3_1,L_2,M_2
357760,L2,L1,L1,L2,L1,L3,L1,L1,L2,C3_3,D3_2,F3_3,,,N3_1,L_3,M_1
357761,L2,L1,L1,L2,L1,L3,L1,L1,L2,C3_3,D3_2,F3_3,,,N3_1,L_3,M_2
357762,L2,L1,L1,L2,L1,L3,L1,L1,L2,C3_3,D3_2,F3_3,,,N3_2,L_1,M_1
357763,L2,L1,L1,L2,L1,L3,L1,L1,L2,C3_3,D3_2,F3_3,,,N3_2,L_1,M_2
357764,L2,L1,L1,L2,L1,L3,L1,L1,L2,C3_3,D3_2,F3_3,,,N3_2,L_2,M_1
357765,L2,L1,L1,L2,L1,L3,L1,L1,L2,C3_3,D3_2,F3_3,,,N3_2,L_2,M_2
357766,L2,L1,L1,L2,L1,L3,L1,L1,L2,C3_3,D3_2,F3_3,,,N3_2,L_3,M_1
357767,L2,L1,L1,L2,L1,L3,L1,L1,L2,C3_3,D3_2,F3_3,,,N3_2,L_3,M_2
357768,L2,L1,L1,L2,L1,L3,L1,L1,L2,C3_3,D3_3,F3_1,,,N3_1,L_1,M_1
357769,L2,L1,L1,L2,L1,L3,L1,L1,L2,C3_3,D3_3,F3_1,,,N3_1,L_1,M_2
357770,L2,L1,L1,L2,L1,L3,L1,L1,L2,C3_3,D3_3,F3_1,,,N3_1,L_2,M_1
357771,L2,L1,L1,L2,L1,L3,L1,L1,L2,C3_3,D3_3,F3_1,,,N3_1,L_2,M_2
357772,L2,L1,L1,L2,L1,L3,L1,L1,L2,C3_3,D3_3,F3_1,,,N3_1,L_3,M_1
357773,L2,L1,L1,L2,L1,L3,L1,L1,L2,C3_3,D3_3,F3_1,,,N3_1,L_3,M_2
357774,L2,L1,L1,L2,L1,L3,L1,L1,L2,C3_3,D3_3,F3_1,,,N3_2,L_1,M_1
357775,L2,L1,L1,L2,L1,L3,L1,L1,L2,C3_3,D3_3,F3_1,,,N3_2,L_1,M_2
357776,L2,L1,L1,L2,L1,L3,L1,L1,L2,C3_3,D3_3,F3_1,,,N3_2,L_2,M_1
357777,L2,L1,L1,L2,L1,L3,L1,L1,L2,C3_3,D3_3,F3_1,,,N3_2,L_2,M_2
357778,L2,L1,L1,L2,L1,L3,L1,L1,L2,C3_3,D3_3,F3_1,,,N3_2,L_3,M_1
357779,L2,L1,L1,L2,L1,L3,L1,L1,L2,C3_3,D3_3,F3_1,,,N3_2,L_3,M_2
357780,L2,L1,L1,L2,L1,L3,L1,L1,L2,C3_3,D3_3,F3_2,,,N3_1,L_1,M_1
357781,L2,L1,L1,L2,L1,L3,L1,L1,L2,C3_3,D3_3,F3_2,,,N3_1,L_1,M_2
357782,L2,L1,L1,L2,L1,L3,L1,L1,L2,C3_3,D3_3,F3_2,,,N3_1,L_2,M_1
357783,L2,L1,L1,L2,L1,L3,L1,L1,L2,C3_3,D3_3,F3_2,,,N3_1,L_2,M_2
357784,L2,L1,L1,L2,L1,L3,L1,L1,L2,C3_3,D3_3,F3_2,,,N3_1,L_3,M_1
357785,L2,L1,L1,L2,L1,L3,L1,L1,L2,C3_3,D3_3,F3_2,,,N3_1,L_3,M_2
357786,L2,L1,L1,L2,L1,L3,L1,L1,L2,C3_3,D3_3,F3_2,,,N3_2,L_1,M_1
357787,L2,L1,L1,L2,L1,L3,L1,L1,L2,C3_3,D3_3,F3_2,,,N3_2,L_1,M_2
357788,L2,L1,L1,L2,L1,L3,L1,L1,L2,C3_3,D3_3,F3_2,,,N3_2,L_2,M_1
357789,L2,L1,L1,L2,L1,L3,L1,L1,L2,C3_3,D3_3,F3_2,,,N3_2,L_2,M_2
357790,L2,L1,L1,L2,L1,L3,L1,L1,L2,C3_3,D3_3,F3_2,,,N3_2,L_3,M_1
357791,L2,L1,L1,L2,L1,L3,L1,L1,L2,C3_3,D3_3,F3_2,,,N3_2,L_3,M_2
357792,L2,L1,L1,L2,L1,L3,L1,L1,L2,C3_3,D3_3,F3_3,,,N3_1,L_1,M_1
357793,L2,L1,L1,L2,L1,L3,L1,L1,L2,C3_3,D3_3,F3_3,,,N3_1,L_1,M_2
357794,L2,L1,L1,L2,L1,L3,L1,L1,L2,C3_3,D3_3,F3_3,,,N3_1,L_2,M_1
357795,L2,L1,L1,L2,L1,L3,L1,L1,L2,C3_3,D3_3,F3_3,,,N3_1,L_2,M_2
357796,L2,L1,L1,L2,L1,L3,L1,L1,L2,C3_3,D3_3,F3_3,,,N3_1,L_3,M_1
357797,L2,L1,L1,L2,L1,L3,L1,L1,L2,C3_3,D3_3,F3_3,,,N3_1,L_3,M_2
357798,L2,L1,L1,L2,L1,L3,L1,L1,L2,C3_3,D3_3,F3_3,,,N3_2,L_1,M_1
357799,L2,L1,L1,L2,L1,L3,L1,L1,L2,C3_3,D3_3,F3_3,,,N3_2,L_1,M_2
357800,L2,L1,L1,L2,L1,L3,L1,L1,L2,C3_3,D3_3,F3_3,,,N3_2,L_2,M_1
357801,L2,L1,L1,L2,L1,L3,L1,L1,L2,C3_3,D3_3,F3_3,,,N3_2,L_2,M_2
357802,L2,L1,L1,L2,L1,L3,L1,L1,L2,C3_3,D3_3,F3_3,,,N3_2,L_3,M_1
357803,L2,L1,L1,L2,L1,L3,L1,L1,L2,C3_3,D3_3,F3_3,,,N3_2,L_3,M_2
365904,L3,L2,L1,L2,L2,L3,L1,L1,L2,C3_1,D3_1,F3_1,,,N3_1,L_1,M_1
365905,L3,L2,L1,L2,L2,L3,L1,L1,L2,C3_1,D3_1,F3_1,,,N3_1,L_1,M_2
365906,L3,L2,L1,L2,L2,L3,L1,L1,L2,C3_1,D3_1,F3_1,,,N3_1,L_2,M_1
365907,L3,L2,L1,L2,L2,L3,L1,L1,L2,C3_1,D3_1,F3_1,,,N3_1,L_2,M_2
365908,L3,L2,L1,L2,L2,L3,L1,L1,L2,C3_1,D3_1,F3_1,,,N3_1,L_3,M_1
365909,L3,L2,L1,L2,L2,L3,L1,L1,L2,C3_1,D3_1,F3_1,,,N3_1,L_3,M_2
365910,L3,L2,L1,L2,L2,L3,L1,L1,L2,C3_1,D3_1,F3_1,,,N3_2,L_1,M_1
365911,L3,L2,L1,L2,L2,L3,L1,L1,L2,C3_1,D3_1,F3_1,,,N3_2,L_1,M_2
365912,L3,L2,L1,L2,L2,L3,L1,L1,L2,C3_1,D3_1,F3_1,,,N3_2,L_2,M_1
365913,L3,L2,L1,L2,L2,L3,L1,L1,L2,C3_1,D3_1,F3_1,,,N3_2,L_2,M_2
365914,L3,L2,L1,L2,L2,L3,L1,L1,L2,C3_1,D3_1,F3_1,,,N3_2,L_3,M_1
365915,L3,L2,L1,L2,L2,L3,L1,L1,L2,C3_1,D3_1,F3_1,,,N3_2,L_3,M_2
365916,L3,L2,L1,L2,L2,L3,L1,L1,L2,C3_1,D3_1,F3_2,,,N3_1,L_1,M_1
365917,L3,L2,L1,L2,L2,L3,L1,L1,L2,C3_1,D3_1,F3_2,,,N3_1,L_1,M_2
365918,L3,L2,L1,L2,L2,L3,L1,L1,L2,C3_1,D3_1,F3_2,,,N3_1,L_2,M_1
365919,L3,L2,L1,L2,L2,L3,L1,L1,L2,C3_1,D3_1,F3_2,,,N3_1,L_2,M_2
365920,L3,L2,L1,L2,L2,L3,L1,L1,L2,C3_1,D3_1,F3_2,,,N3_1,L_3,M_1
365921,L3,L2,L1,L2,L2,L3,L1,L1,L2,C3_1,D3_1,F3_2,,,N3_1,L_3,M_2
365922,L3,L2,L1,L2,L2,L3,L1,L1,L2,C3_1,D3_1,F3_2,,,N3_2,L_1,M_1
365923,L3,L2,L1,L2,L2,L3,L1,L1,L2,C3_1,D3_1,F3_2,,,N3_2,L_1,M_2
365924,L3,L2,L1,L2,L2,L3,L1,L1,L2,C3_1,D3_1,F3_2,,,N3_2,L_2,M_1
365925,L3,L2,L1,L2,L2,L3,L1,L1,L2,C3_1,D3_1,F3_2,,,N3_2,L_2,M_2
365926,L3,L2,L1,L2,L2,L3,L1,L1,L2,C3_1,D3_1,F3_2,,,N3_2,L_3,M_1
365927,L3,L2,L1,L2,L2,L3,L1,L1,L2,C3_1,D3_1,F3_2,,,N3_2,L_3,M_2
365928,L3,L2,L1,L2,L2,L3,L1,L1,L2,C3_1,D3_1,F3_3,,,N3_1,L_1,M_1
365929,L3,L2,L1,L2,L2,L3,L1,L1,L2,C3_1,D3_1,F3_3,,,N3_1,L_1,M_2
365930,L3,L2,L1,L2,L2,L3,L1,L1,L2,C3_1,D3_1,F3_3,,,N3_1,L_2,M_1
365931,L3,L2,L1,L2,L2,L3,L1,L1,L2,C3_1,D3_1,F3_3,,,N3_1,L_2,M_2
365932,L3,L2,L1,L2,L2,L3,L1,L1,L2,C3_1,D3_1,F3_3,,,N3_1,L_3,M_1
365933,L3,L2,L1,L2,L2,L3,L1,L1,L2,C3_1,D3_1,F3_3,,,N3_1,L_3,M_2
365934,L3,L2,L1,L2,L2,L3,L1,L1,L2,C3_1,D3_1,F3_3,,,N3_2,L_1,M_1
365935,L3,L2,L1,L2,L2,L3,L1,L1,L2,C3_1,D3_1,F3_3,,,N3_2,L_1,M_2
365936,L3,L2,L1,L2,L2,L3,L1,L1,L2,C3_1,D3_1,F3_3,,,N3_2,L_2,M_1
365937,L3,L2,L1,L2,L2,L3,L1,L1,L2,C3_1,D3_1,F3_3,,,N3_2,L_2,M_2
365938,L3,L2,L1,L2,L2,L3,L1,L1,L2,C3_1,D3_1,F3_3,,,N3_2,L_3,M_1
365939,L3,L2,L1,L2,L2,L3,L1,L1,L2,C3_1,D3_1,F3_3,,,N3_2,L_3,M_2
365940,L3,L2,L1,L2,L2,L3,L1,L1,L2,C3_1,D3_2,F3_1,,,N3_1,L_1,M_1
365941,L3,L2,L1,L2,L2,L3,L1,L1,L2,C3_1,D3_2,F3_1,,,N3_1,L_1,M_2
365942,L3,L2,L1,L2,L2,L3,L1,L1,L2,C3_1,D3_2,F3_1,,,N3_1,L_2,M_1
365943,L3,L2,L1,L2,L2,L3,L1,L1,L2,C3_1,D3_2,F3_1,,,N3_1,L_2,M_2
365944,L3,L2,L1,L2,L2,L3,L1,L1,L2,C3_1,D3_2,F3_1,,,N3_1,L_3,M_1
365945,L3,L2,L1,L2,L2,L3,L1,L1,L2,C3_1,D3_2,F3_1,,,N3_1,L_3,M_2
365946,L3,L2,L1,L2,L2,L3,L1,L1,L2,C3_1,D3_2,F3_1,,,N3_2,L_1,M_1
365947,L3,L2,L1,L2,L2,L3,L1,L1,L2,C3_1,D3_2,F3_1,,,N3_2,L_1,M_2
365948,L3,L2,L1,L2,L2,L3,L1,L1,L2,C3_1,D3_2,F3_1,,,N3_2,L_2,M_1
365949,L3,L2,L1,L2,L2,L3,L1,L1,L2,C3_1,D3_2,F3_1,,,N3_2,L_2,M_2
365950,L3,L2,L1,L2,L2,L3,L1,L1,L2,C3_1,D3_2,F3_1,,,N3_2,L_3,M_1
365951,L3,L2,L1,L2,L2,L3,L1,L1,L2,C3_1,D3_2,F3_1,,,N3_2,L_3,M_2
365952,L3,L2,L1,L2,L2,L3,L1,L1,L2,C3_1,D3_2,F3_2,,,N3_1,L_1,M_1
365953,L3,L2,L1,L2,L2,L3,L1,L1,L2,C3_1,D3_2,F3_2,,,N3_1,L_1,M_2
365954,L3,L2,L1,L2,L2,L3,L1,L1,L2,C3_1,D3_2,F3_2,,,N3_1,L_2,M_1
365955,L3,L2,L1,L2,L2,L3,L1,L1,L2,C3_1,D3_2,F3_2,,,N3_1,L_2,M_2
365956,L3,L2,L1,L2,L2,L3,L1,L1,L2,C3_1,D3_2,F3_2,,,N3_1,L_3,M_1
365957,L3,L2,L1,L2,L2,L3,L1,L1,L2,C3_1,D3_2,F3_2,,,N3_1,L_3,M_2
365958,L3,L2,L1,L2,L2,L3,L1,L1,L2,C3_1,D3_2,F3_2,,,N3_2,L_1,M_1
365959,L3,L2,L1,L2,L2,L3,L1,L1,L2,C3_1,D3_2,F3_2,,,N3_2,L_1,M_2
365960,L3,L2,L1,L2,L2,L3,L1,L1,L2,C3_1,D3_2,F3_2,,,N3_2,L_2,M_1
365961,L3,L2,L1,L2,L2,L3,L1,L1,L2,C3_1,D3_2,F3_2,,,N3_2,L_2,M_2
365962,L3,L2,L1,L2,L2,L3,L1,L1,L2,C3_1,D3_2,F3_2,,,N3_2,L_3,M_1
365963,L3,L2,L1,L2,L2,L3,L1,L1,L2,C3_1,D3_2,F3_2,,,N3_2,L_3,M_2
365964,L3,L2,L1,L2,L2,L3,L1,L1,L2,C3_1,D3_2,F3_3,,,N3_1,L_1,M_1
365965,L3,L2,L1,L2,L2,L3,L1,L1,L2,C3_1,D3_2,F3_3,,,N3_1,L_1,M_2
365966,L3,L2,L1,L2,L2,L3,L1,L1,L2,C3_1,D3_2,F3_3,,,N3_1,L_2,M_1
365967,L3,L2,L1,L2,L2,L3,L1,L1,L2,C3_1,D3_2,F3_3,,,N3_1,L_2,M_2
365968,L3,L2,L1,L2,L2,L3,L1,L1,L2,C3_1,D3_2,F3_3,,,N3_1,L_3,M_1
365969,L3,L2,L1,L2,L2,L3,L1,L1,L2,C3_1,D3_2,F3_3,,,N3_1,L_3,M_2
365970,L3,L2,L1,L2,L2,L3,L1,L1,L2,C3_1,D3_2,F3_3,,,N3_2,L_1,M_1
365971,L3,L2,L1,L2,L2,L3,L1,L1,L2,C3_1,D3_2,F3_3,,,N3_2,L_1,M_2
365972,L3,L2,L1,L2,L2,L3,L1,L1,L2,C3_1,D3_2,F3_3,,,N3_2,L_2,M_1
365973,L3,L2,L1,L2,L2,L3,L1,L1,L2,C3_1,D3_2,F3_3,,,N3_2,L_2,M_2
365974,L3,L2,L1,L2,L2,L3,L1,L1,L2,C3_1,D3_2,F3_3,,,N3_2,L_3,M_1
365975,L3,L2,L1,L2,L2,L3,L1,L1,L2,C3_1,D3_2,F3_3,,,N3_2,L_3,M_2
365976,L3,L2,L1,L2,L2,L3,L1,L1,L2,C3_1,D3_3,F3_1,,,N3_1,L_1,M_1
365977,L3,L2,L1,L2,L2,L3,L1,L1,L2,C3_1,D3_3,F3_1,,,N3_1,L_1,M_2
365978,L3,L2,L1,L2,L2,L3,L1,L1,L2,C3_1,D3_3,F3_1,,,N3_1,L_2,M_1
365979,L3,L2,L1,L2,L2,L3,L1,L1,L2,C3_1,D3_3,F3_1,,,N3_1,L_2,M_2
365980,L3,L2,L1,L2,L2,L3,L1,L1,L2,C3_1,D3_3,F3_1,,,N3_1,L_3,M_1
365981,L3,L2,L1,L2,L2,L3,L1,L1,L2,C3_1,D3_3,F3_1,,,N3_1,L_3,M_2
365982,L3,L2,L1,L2,L2,L3,L1,L1,L2,C3_1,D3_3,F3_1,,,N3_2,L_1,M_1
365983,L3,L2,L1,L2,L2,L3,L1,L1,L2,C3_1,D3_3,F3_1,,,N3_2,L_1,M_2
365984,L3,L2,L1,L2,L2,L3,L1,L1,L2,C3_1,D3_3,F3_1,,,N3_2,L_2,M_1
365985,L3,L2,L1,L2,L2,L3,L1,L1,L2,C3_1,D3_3,F3_1,,,N3_2,L_2,M_2
365986,L3,L2,L1,L2,L2,L3,L1,L1,L2,C3_1,D3_3,F3_1,,,N3_2,L_3,M_1
365987,L3,L2,L1,L2,L2,L3,L1,L1,L2,C3_1,D3_3,F3_1,,,N3_2,L_3,M_2
365988,L3,L2,L1,L2,L2,L3,L1,L1,L2,C3_1,D3_3,F3_2,,,N3_1,L_1,M_1
365989,L3,L2,L1,L2,L2,L3,L1,L1,L2,C3_1,D3_3,F3_2,,,N3_1,L_1,M_2
365990,L3,L2,L1,L2,L2,L3,L1,L1,L2,C3_1,D3_3,F3_2,,,N3_1,L_2,M_1
365991,L3,L2,L1,L2,L2,L3,L1,L1,L2,C3_1,D3_3,F3_2,,,N3_1,L_2,M_2
365992,L3,L2,L1,L2,L2,L3,L1,L1,L2,C3_1,D3_3,F3_2,,,N3_1,L_3,M_1
365993,L3,L2,L1,L2,L2,L3,L1,L1,L2,C3_1,D3_3,F3_2,,,N3_1,L_3,M_2
365994,L3,L2,L1,L2,L2,L3,L1,L1,L2,C3_1,D3_3,F3_2,,,N3_2,L_1,M_1
365995,L3,L2,L1,L2,L2,L3,L1,L1,L2,C3_1,D3_3,F3_2,,,N3_2,L_1,M_2
365996,L3,L2,L1,L2,L2,L3,L1,L1,L2,C3_1,D3_3,F3_2,,,N3_2,L_2,M_1
365997,L3,L2,L1,L2,L2,L3,L1,L1,L2,C3_1,D3_3,F3_2,,,N3_2,L_2,M_2
365998,L3,L2,L1,L2,L2,L3,L1,L1,L2,C3_1,D3_3,F3_2,,,N3_2,L_3,M_1
365999,L3,L2,L1,L2,L2,L3,L1,L1,L2,C3_1,D3_3,F3_2,,,N3_2,L_3,M_2
366000,L3,L2,L1,L2,L2,L3,L1,L1,L2,C3_1,D3_3,F3_3,,,N3_1,L_1,M_1
366001,L3,L2,L1,L2,L2,L3,L1,L1,L2,C3_1,D3_3,F3_3,,,N3_1,L_1,M_2
366002,L3,L2,L1,L2,L2,L3,L1,L1,L2,C3_1,D3_3,F3_3,,,N3_1,L_2,M_1
366003,L3,L2,L1,L2,L2,L3,L1,L1,L2,C3_1,D3_3,F3_3,,,N3_1,L_2,M_2
366004,L3,L2,L1,L2,L2,L3,L1,L1,L2,C3_1,D3_3,F3_3,,,N3_1,L_3,M_1
366005,L3,L2,L1,L2,L2,L3,L1,L1,L2,C3_1,D3_3,F3_3,,,N3_1,L_3,M_2
366006,L3,L2,L1,L2,L2,L3,L1,L1,L2,C3_1,D3_3,F3_3,,,N3_2,L_1,M_1
366007,L3,L2,L1,L2,L2,L3,L1,L1,L2,C3_1,D3_3,F3_3,,,N3_2,L_1,M_2
366008,L3,L2,L1,L2,L2,L3,L1,L1,L2,C3_1,D3_3,F3_3,,,N3_2,L_2,M_1
366009,L3,L2,L1,L2,L2,L3,L1,L1,L2,C3_1,D3_3,F3_3,,,N3_2,L_2,M_2
366010,L3,L2,L1,L2,L2,L3,L1,L1,L2,C3_1,D3_3,F3_3,,,N3_2,L_3,M_1
366011,L3,L2,L1,L2,L2,L3,L1,L1,L2,C3_1,D3_3,F3_3,,,N3_2,L_3,M_2
366012,L3,L2,L1,L2,L2,L3,L1,L1,L2,C3_2,D3_1,F3_1,,,N3_1,L_1,M_1
366013,L3,L2,L1,L2,L2,L3,L1,L1,L2,C3_2,D3_1,F3_1,,,N3_1,L_1,M_2
366014,L3,L2,L1,L2,L2,L3,L1,L1,L2,C3_2,D3_1,F3_1,,,N3_1,L_2,M_1
366015,L3,L2,L1,L2,L2,L3,L1,L1,L2,C3_2,D3_1,F3_1,,,N3_1,L_2,M_2
366016,L3,L2,L1,L2,L2,L3,L1,L1,L2,C3_2,D3_1,F3_1,,,N3_1,L_3,M_1
366017,L3,L2,L1,L2,L2,L3,L1,L1,L2,C3_2,D3_1,F3_1,,,N3_1,L_3,M_2
366018,L3,L2,L1,L2,L2,L3,L1,L1,L2,C3_2,D3_1,F3_1,,,N3_2,L_1,M_1
366019,L3,L2,L1,L2,L2,L3,L1,L1,L2,C3_2,D3_1,F3_1,,,N3_2,L_1,M_2
366020,L3,L2,L1,L2,L2,L3,L1,L1,L2,C3_2,D3_1,F3_1,,,N3_2,L_2,M_1
366021,L3,L2,L1,L2,L2,L3,L1,L1,L2,C3_2,D3_1,F3_1,,,N3_2,L_2,M_2
366022,L3,L2,L1,L2,L2,L3,L1,L1,L2,C3_2,D3_1,F3_1,,,N3_2,L_3,M_1
366023,L3,L2,L1,L2,L2,L3,L1,L1,L2,C3_2,D3_1,F3_1,,,N3_2,L_3,M_2
366024,L3,L2,L1,L2,L2,L3,L1,L1,L2,C3_2,D3_1,F3_2,,,N3_1,L_1,M_1
366025,L3,L2,L1,L2,L2,L3,L1,L1,L2,C3_2,D3_1,F3_2,,,N3_1,L_1,M_2
366026,L3,L2,L1,L2,L2,L3,L1,L1,L2,C3_2,D3_1,F3_2,,,N3_1,L_2,M_1
366027,L3,L2,L1,L2,L2,L3,L1,L1,L2,C3_2,D3_1,F3_2,,,N3_1,L_2,M_2
366028,L3,L2,L1,L2,L2,L3,L1,L1,L2,C3_2,D3_1,F3_2,,,N3_1,L_3,M_1
366029,L3,L2,L1,L2,L2,L3,L1,L1,L2,C3_2,D3_1,F3_2,,,N3_1,L_3,M_2
366030,L3,L2,L1,L2,L2,L3,L1,L1,L2,C3_2,D3_1,F3_2,,,N3_2,L_1,M_1
366031,L3,L2,L1,L2,L2,L3,L1,L1,L2,C3_2,D3_1,F3_2,,,N3_2,L_1,M_2
366032,L3,L2,L1,L2,L2,L3,L1,L1,L2,C3_2,D3_1,F3_2,,,N3_2,L_2,M_1
366033,L3,L2,L1,L2,L2,L3,L1,L1,L2,C3_2,D3_1,F3_2,,,N3_2,L_2,M_2
366034,L3,L2,L1,L2,L2,L3,L1,L1,L2,C3_2,D3_1,F3_2,,,N3_2,L_3,M_1
366035,L3,L2,L1,L2,L2,L3,L1,L1,L2,C3_2,D3_1,F3_2,,,N3_2,L_3,M_2
366036,L3,L2,L1,L2,L2,L3,L1,L1,L2,C3_2,D3_1,F3_3,,,N3_1,L_1,M_1
366037,L3,L2,L1,L2,L2,L3,L1,L1,L2,C3_2,D3_1,F3_3,,,N3_1,L_1,M_2
366038,L3,L2,L1,L2,L2,L3,L1,L1,L2,C3_2,D3_1,F3_3,,,N3_1,L_2,M_1
366039,L3,L2,L1,L2,L2,L3,L1,L1,L2,C3_2,D3_1,F3_3,,,N3_1,L_2,M_2
366040,L3,L2,L1,L2,L2,L3,L1,L1,L2,C3_2,D3_1,F3_3,,,N3_1,L_3,M_1
366041,L3,L2,L1,L2,L2,L3,L1,L1,L2,C3_2,D3_1,F3_3,,,N3_1,L_3,M_2
366042,L3,L2,L1,L2,L2,L3,L1,L1,L2,C3_2,D3_1,F3_3,,,N3_2,L_1,M_1
366043,L3,L2,L1,L2,L2,L3,L1,L1,L2,C3_2,D3_1,F3_3,,,N3_2,L_1,M_2
366044,L3,L2,L1,L2,L2,L3,L1,L1,L2,C3_2,D3_1,F3_3,,,N3_2,L_2,M_1
366045,L3,L2,L1,L2,L2,L3,L1,L1,L2,C3_2,D3_1,F3_3,,,N3_2,L_2,M_2
366046,L3,L2,L1,L2,L2,L3,L1,L1,L2,C3_2,D3_1,F3_3,,,N3_2,L_3,M_1
366047,L3,L2,L1,L2,L2,L3,L1,L1,L2,C3_2,D3_1,F3_3,,,N3_2,L_3,M_2
366048,L3,L2,L1,L2,L2,L3,L1,L1,L2,C3_2,D3_2,F3_1,,,N3_1,L_1,M_1
366049,L3,L2,L1,L2,L2,L3,L1,L1,L2,C3_2,D3_2,F3_1,,,N3_1,L_1,M_2
366050,L3,L2,L1,L2,L2,L3,L1,L1,L2,C3_2,D3_2,F3_1,,,N3_1,L_2,M_1
366051,L3,L2,L1,L2,L2,L3,L1,L1,L2,C3_2,D3_2,F3_1,,,N3_1,L_2,M_2
366052,L3,L2,L1,L2,L2,L3,L1,L1,L2,C3_2,D3_2,F3_1,,,N3_1,L_3,M_1
366053,L3,L2,L1,L2,L2,L3,L1,L1,L2,C3_2,D3_2,F3_1,,,N3_1,L_3,M_2
366054,L3,L2,L1,L2,L2,L3,L1,L1,L2,C3_2,D3_2,F3_1,,,N3_2,L_1,M_1
366055,L3,L2,L1,L2,L2,L3,L1,L1,L2,C3_2,D3_2,F3_1,,,N3_2,L_1,M_2
366056,L3,L2,L1,L2,L2,L3,L1,L1,L2,C3_2,D3_2,F3_1,,,N3_2,L_2,M_1
366057,L3,L2,L1,L2,L2,L3,L1,L1,L2,C3_2,D3_2,F3_1,,,N3_2,L_2,M_2
366058,L3,L2,L1,L2,L2,L3,L1,L1,L2,C3_2,D3_2,F3_1,,,N3_2,L_3,M_1
366059,L3,L2,L1,L2,L2,L3,L1,L1,L2,C3_2,D3_2,F3_1,,,N3_2,L_3,M_2
366060,L3,L2,L1,L2,L2,L3,L1,L1,L2,C3_2,D3_2,F3_2,,,N3_1,L_1,M_1
366061,L3,L2,L1,L2,L2,L3,L1,L1,L2,C3_2,D3_2,F3_2,,,N3_1,L_1,M_2
366062,L3,L2,L1,L2,L2,L3,L1,L1,L2,C3_2,D3_2,F3_2,,,N3_1,L_2,M_1
366063,L3,L2,L1,L2,L2,L3,L1,L1,L2,C3_2,D3_2,F3_2,,,N3_1,L_2,M_2
366064,L3,L2,L1,L2,L2,L3,L1,L1,L2,C3_2,D3_2,F3_2,,,N3_1,L_3,M_1
366065,L3,L2,L1,L2,L2,L3,L1,L1,L2,C3_2,D3_2,F3_2,,,N3_1,L_3,M_2
366066,L3,L2,L1,L2,L2,L3,L1,L1,L2,C3_2,D3_2,F3_2,,,N3_2,L_1,M_1
366067,L3,L2,L1,L2,L2,L3,L1,L1,L2,C3_2,D3_2,F3_2,,,N3_2,L_1,M_2
366068,L3,L2,L1,L2,L2,L3,L1,L1,L2,C3_2,D3_2,F3_2,,,N3_2,L_2,M_1
366069,L3,L2,L1,L2,L2,L3,L1,L1,L2,C3_2,D3_2,F3_2,,,N3_2,L_2,M_2
366070,L3,L2,L1,L2,L2,L3,L1,L1,L2,C3_2,D3_2,F3_2,,,N3_2,L_3,M_1
366071,L3,L2,L1,L2,L2,L3,L1,L1,L2,C3_2,D3_2,F3_2,,,N3_2,L_3,M_2
366072,L3,L2,L1,L2,L2,L3,L1,L1,L2,C3_2,D3_2,F3_3,,,N3_1,L_1,M_1
366073,L3,L2,L1,L2,L2,L3,L1,L1,L2,C3_2,D3_2,F3_3,,,N3_1,L_1,M_2
366074,L3,L2,L1,L2,L2,L3,L1,L1,L2,C3_2,D3_2,F3_3,,,N3_1,L_2,M_1
366075,L3,L2,L1,L2,L2,L3,L1,L1,L2,C3_2,D3_2,F3_3,,,N3_1,L_2,M_2
366076,L3,L2,L1,L2,L2,L3,L1,L1,L2,C3_2,D3_2,F3_3,,,N3_1,L_3,M_1
366077,L3,L2,L1,L2,L2,L3,L1,L1,L2,C3_2,D3_2,F3_3,,,N3_1,L_3,M_2
366078,L3,L2,L1,L2,L2,L3,L1,L1,L2,C3_2,D3_2,F3_3,,,N3_2,L_1,M_1
366079,L3,L2,L1,L2,L2,L3,L1,L1,L2,C3_2,D3_2,F3_3,,,N3_2,L_1,M_2
366080,L3,L2,L1,L2,L2,L3,L1,L1,L2,C3_2,D3_2,F3_3,,,N3_2,L_2,M_1
366081,L3,L2,L1,L2,L2,L3,L1,L1,L2,C3_2,D3_2,F3_3,,,N3_2,L_2,M_2
366082,L3,L2,L1,L2,L2,L3,L1,L1,L2,C3_2,D3_2,F3_3,,,N3_2,L_3,M_1
366083,L3,L2,L1,L2,L2,L3,L1,L1,L2,C3_2,D3_2,F3_3,,,N3_2,L_3,M_2
366084,L3,L2,L1,L2,L2,L3,L1,L1,L2,C3_2,D3_3,F3_1,,,N3_1,L_1,M_1
366085,L3,L2,L1,L2,L2,L3,L1,L1,L2,C3_2,D3_3,F3_1,,,N3_1,L_1,M_2
366086,L3,L2,L1,L2,L2,L3,L1,L1,L2,C3_2,D3_3,F3_1,,,N3_1,L_2,M_1
366087,L3,L2,L1,L2,L2,L3,L1,L1,L2,C3_2,D3_3,F3_1,,,N3_1,L_2,M_2
366088,L3,L2,L1,L2,L2,L3,L1,L1,L2,C3_2,D3_3,F3_1,,,N3_1,L_3,M_1
366089,L3,L2,L1,L2,L2,L3,L1,L1,L2,C3_2,D3_3,F3_1,,,N3_1,L_3,M_2
366090,L3,L2,L1,L2,L2,L3,L1,L1,L2,C3_2,D3_3,F3_1,,,N3_2,L_1,M_1
366091,L3,L2,L1,L2,L2,L3,L1,L1,L2,C3_2,D3_3,F3_1,,,N3_2,L_1,M_2
366092,L3,L2,L1,L2,L2,L3,L1,L1,L2,C3_2,D3_3,F3_1,,,N3_2,L_2,M_1
366093,L3,L2,L1,L2,L2,L3,L1,L1,L2,C3_2,D3_3,F3_1,,,N3_2,L_2,M_2
366094,L3,L2,L1,L2,L2,L3,L1,L1,L2,C3_2,D3_3,F3_1,,,N3_2,L_3,M_1
366095,L3,L2,L1,L2,L2,L3,L1,L1,L2,C3_2,D3_3,F3_1,,,N3_2,L_3,M_2
366096,L3,L2,L1,L2,L2,L3,L1,L1,L2,C3_2,D3_3,F3_2,,,N3_1,L_1,M_1
366097,L3,L2,L1,L2,L2,L3,L1,L1,L2,C3_2,D3_3,F3_2,,,N3_1,L_1,M_2
366098,L3,L2,L1,L2,L2,L3,L1,L1,L2,C3_2,D3_3,F3_2,,,N3_1,L_2,M_1
366099,L3,L2,L1,L2,L2,L3,L1,L1,L2,C3_2,D3_3,F3_2,,,N3_1,L_2,M_2
366100,L3,L2,L1,L2,L2,L3,L1,L1,L2,C3_2,D3_3,F3_2,,,N3_1,L_3,M_1
366101,L3,L2,L1,L2,L2,L3,L1,L1,L2,C3_2,D3_3,F3_2,,,N3_1,L_3,M_2
366102,L3,L2,L1,L2,L2,L3,L1,L1,L2,C3_2,D3_3,F3_2,,,N3_2,L_1,M_1
366103,L3,L2,L1,L2,L2,L3,L1,L1,L2,C3_2,D3_3,F3_2,,,N3_2,L_1,M_2
366104,L3,L2,L1,L2,L2,L3,L1,L1,L2,C3_2,D3_3,F3_2,,,N3_2,L_2,M_1
366105,L3,L2,L1,L2,L2,L3,L1,L1,L2,C3_2,D3_3,F3_2,,,N3_2,L_2,M_2
366106,L3,L2,L1,L2,L2,L3,L1,L1,L2,C3_2,D3_3,F3_2,,,N3_2,L_3,M_1
366107,L3,L2,L1,L2,L2,L3,L1,L1,L2,C3_2,D3_3,F3_2,,,N3_2,L_3,M_2
366108,L3,L2,L1,L2,L2,L3,L1,L1,L2,C3_2,D3_3,F3_3,,,N3_1,L_1,M_1
366109,L3,L2,L1,L2,L2,L3,L1,L1,L2,C3_2,D3_3,F3_3,,,N3_1,L_1,M_2
366110,L3,L2,L1,L2,L2,L3,L1,L1,L2,C3_2,D3_3,F3_3,,,N3_1,L_2,M_1
366111,L3,L2,L1,L2,L2,L3,L1,L1,L2,C3_2,D3_3,F3_3,,,N3_1,L_2,M_2
366112,L3,L2,L1,L2,L2,L3,L1,L1,L2,C3_2,D3_3,F3_3,,,N3_1,L_3,M_1
366113,L3,L2,L1,L2,L2,L3,L1,L1,L2,C3_2,D3_3,F3_3,,,N3_1,L_3,M_2
366114,L3,L2,L1,L2,L2,L3,L1,L1,L2,C3_2,D3_3,F3_3,,,N3_2,L_1,M_1
366115,L3,L2,L1,L2,L2,L3,L1,L1,L2,C3_2,D3_3,F3_3,,,N3_2,L_1,M_2
366116,L3,L2,L1,L2,L2,L3,L1,L1,L2,C3_2,D3_3,F3_3,,,N3_2,L_2,M_1
366117,L3,L2,L1,L2,L2,L3,L1,L1,L2,C3_2,D3_3,F3_3,,,N3_2,L_2,M_2
366118,L3,L2,L1,L2,L2,L3,L1,L1,L2,C3_2,D3_3,F3_3,,,N3_2,L_3,M_1
366119,L3,L2,L1,L2,L2,L3,L1,L1,L2,C3_2,D3_3,F3_3,,,N3_2,L_3,M_2
366120,L3,L2,L1,L2,L2,L3,L1,L1,L2,C3_3,D3_1,F3_1,,,N3_1,L_1,M_1
366121,L3,L2,L1,L2,L2,L3,L1,L1,L2,C3_3,D3_1,F3_1,,,N3_1,L_1,M_2
366122,L3,L2,L1,L2,L2,L3,L1,L1,L2,C3_3,D3_1,F3_1,,,N3_1,L_2,M_1
366123,L3,L2,L1,L2,L2,L3,L1,L1,L2,C3_3,D3_1,F3_1,,,N3_1,L_2,M_2
366124,L3,L2,L1,L2,L2,L3,L1,L1,L2,C3_3,D3_1,F3_1,,,N3_1,L_3,M_1
366125,L3,L2,L1,L2,L2,L3,L1,L1,L2,C3_3,D3_1,F3_1,,,N3_1,L_3,M_2
366126,L3,L2,L1,L2,L2,L3,L1,L1,L2,C3_3,D3_1,F3_1,,,N3_2,L_1,M_1
366127,L3,L2,L1,L2,L2,L3,L1,L1,L2,C3_3,D3_1,F3_1,,,N3_2,L_1,M_2
366128,L3,L2,L1,L2,L2,L3,L1,L1,L2,C3_3,D3_1,F3_1,,,N3_2,L_2,M_1
366129,L3,L2,L1,L2,L2,L3,L1,L1,L2,C3_3,D3_1,F3_1,,,N3_2,L_2,M_2
366130,L3,L2,L1,L2,L2,L3,L1,L1,L2,C3_3,D3_1,F3_1,,,N3_2,L_3,M_1
366131,L3,L2,L1,L2,L2,L3,L1,L1,L2,C3_3,D3_1,F3_1,,,N3_2,L_3,M_2
366132,L3,L2,L1,L2,L2,L3,L1,L1,L2,C3_3,D3_1,F3_2,,,N3_1,L_1,M_1
366133,L3,L2,L1,L2,L2,L3,L1,L1,L2,C3_3,D3_1,F3_2,,,N3_1,L_1,M_2
366134,L3,L2,L1,L2,L2,L3,L1,L1,L2,C3_3,D3_1,F3_2,,,N3_1,L_2,M_1
366135,L3,L2,L1,L2,L2,L3,L1,L1,L2,C3_3,D3_1,F3_2,,,N3_1,L_2,M_2
366136,L3,L2,L1,L2,L2,L3,L1,L1,L2,C3_3,D3_1,F3_2,,,N3_1,L_3,M_1
366137,L3,L2,L1,L2,L2,L3,L1,L1,L2,C3_3,D3_1,F3_2,,,N3_1,L_3,M_2
366138,L3,L2,L1,L2,L2,L3,L1,L1,L2,C3_3,D3_1,F3_2,,,N3_2,L_1,M_1
366139,L3,L2,L1,L2,L2,L3,L1,L1,L2,C3_3,D3_1,F3_2,,,N3_2,L_1,M_2
366140,L3,L2,L1,L2,L2,L3,L1,L1,L2,C3_3,D3_1,F3_2,,,N3_2,L_2,M_1
366141,L3,L2,L1,L2,L2,L3,L1,L1,L2,C3_3,D3_1,F3_2,,,N3_2,L_2,M_2
366142,L3,L2,L1,L2,L2,L3,L1,L1,L2,C3_3,D3_1,F3_2,,,N3_2,L_3,M_1
366143,L3,L2,L1,L2,L2,L3,L1,L1,L2,C3_3,D3_1,F3_2,,,N3_2,L_3,M_2
366144,L3,L2,L1,L2,L2,L3,L1,L1,L2,C3_3,D3_1,F3_3,,,N3_1,L_1,M_1
366145,L3,L2,L1,L2,L2,L3,L1,L1,L2,C3_3,D3_1,F3_3,,,N3_1,L_1,M_2
366146,L3,L2,L1,L2,L2,L3,L1,L1,L2,C3_3,D3_1,F3_3,,,N3_1,L_2,M_1
366147,L3,L2,L1,L2,L2,L3,L1,L1,L2,C3_3,D3_1,F3_3,,,N3_1,L_2,M_2
366148,L3,L2,L1,L2,L2,L3,L1,L1,L2,C3_3,D3_1,F3_3,,,N3_1,L_3,M_1
366149,L3,L2,L1,L2,L2,L3,L1,L1,L2,C3_3,D3_1,F3_3,,,N3_1,L_3,M_2
366150,L3,L2,L1,L2,L2,L3,L1,L1,L2,C3_3,D3_1,F3_3,,,N3_2,L_1,M_1
366151,L3,L2,L1,L2,L2,L3,L1,L1,L2,C3_3,D3_1,F3_3,,,N3_2,L_1,M_2
366152,L3,L2,L1,L2,L2,L3,L1,L1,L2,C3_3,D3_1,F3_3,,,N3_2,L_2,M_1
366153,L3,L2,L1,L2,L2,L3,L1,L1,L2,C3_3,D3_1,F3_3,,,N3_2,L_2,M_2
366154,L3,L2,L1,L2,L2,L3,L1,L1,L2,C3_3,D3_1,F3_3,,,N3_2,L_3,M_1
366155,L3,L2,L1,L2,L2,L3,L1,L1,L2,C3_3,D3_1,F3_3,,,N3_2,L_3,M_2
366156,L3,L2,L1,L2,L2,L3,L1,L1,L2,C3_3,D3_2,F3_1,,,N3_1,L_1,M_1
366157,L3,L2,L1,L2,L2,L3,L1,L1,L2,C3_3,D3_2,F3_1,,,N3_1,L_1,M_2
366158,L3,L2,L1,L2,L2,L3,L1,L1,L2,C3_3,D3_2,F3_1,,,N3_1,L_2,M_1
366159,L3,L2,L1,L2,L2,L3,L1,L1,L2,C3_3,D3_2,F3_1,,,N3_1,L_2,M_2
366160,L3,L2,L1,L2,L2,L3,L1,L1,L2,C3_3,D3_2,F3_1,,,N3_1,L_3,M_1
366161,L3,L2,L1,L2,L2,L3,L1,L1,L2,C3_3,D3_2,F3_1,,,N3_1,L_3,M_2
366162,L3,L2,L1,L2,L2,L3,L1,L1,L2,C3_3,D3_2,F3_1,,,N3_2,L_1,M_1
366163,L3,L2,L1,L2,L2,L3,L1,L1,L2,C3_3,D3_2,F3_1,,,N3_2,L_1,M_2
366164,L3,L2,L1,L2,L2,L3,L1,L1,L2,C3_3,D3_2,F3_1,,,N3_2,L_2,M_1
366165,L3,L2,L1,L2,L2,L3,L1,L1,L2,C3_3,D3_2,F3_1,,,N3_2,L_2,M_2
366166,L3,L2,L1,L2,L2,L3,L1,L1,L2,C3_3,D3_2,F3_1,,,N3_2,L_3,M_1
366167,L3,L2,L1,L2,L2,L3,L1,L1,L2,C3_3,D3_2,F3_1,,,N3_2,L_3,M_2
366168,L3,L2,L1,L2,L2,L3,L1,L1,L2,C3_3,D3_2,F3_2,,,N3_1,L_1,M_1
366169,L3,L2,L1,L2,L2,L3,L1,L1,L2,C3_3,D3_2,F3_2,,,N3_1,L_1,M_2
366170,L3,L2,L1,L2,L2,L3,L1,L1,L2,C3_3,D3_2,F3_2,,,N3_1,L_2,M_1
366171,L3,L2,L1,L2,L2,L3,L1,L1,L2,C3_3,D3_2,F3_2,,,N3_1,L_2,M_2
366172,L3,L2,L1,L2,L2,L3,L1,L1,L2,C3_3,D3_2,F3_2,,,N3_1,L_3,M_1
366173,L3,L2,L1,L2,L2,L3,L1,L1,L2,C3_3,D3_2,F3_2,,,N3_1,L_3,M_2
366174,L3,L2,L1,L2,L2,L3,L1,L1,L2,C3_3,D3_2,F3_2,,,N3_2,L_1,M_1
366175,L3,L2,L1,L2,L2,L3,L1,L1,L2,C3_3,D3_2,F3_2,,,N3_2,L_1,M_2
366176,L3,L2,L1,L2,L2,L3,L1,L1,L2,C3_3,D3_2,F3_2,,,N3_2,L_2,M_1
366177,L3,L2,L1,L2,L2,L3,L1,L1,L2,C3_3,D3_2,F3_2,,,N3_2,L_2,M_2
366178,L3,L2,L1,L2,L2,L3,L1,L1,L2,C3_3,D3_2,F3_2,,,N3_2,L_3,M_1
366179,L3,L2,L1,L2,L2,L3,L1,L1,L2,C3_3,D3_2,F3_2,,,N3_2,L_3,M_2
366180,L3,L2,L1,L2,L2,L3,L1,L1,L2,C3_3,D3_2,F3_3,,,N3_1,L_1,M_1
366181,L3,L2,L1,L2,L2,L3,L1,L1,L2,C3_3,D3_2,F3_3,,,N3_1,L_1,M_2
366182,L3,L2,L1,L2,L2,L3,L1,L1,L2,C3_3,D3_2,F3_3,,,N3_1,L_2,M_1
366183,L3,L2,L1,L2,L2,L3,L1,L1,L2,C3_3,D3_2,F3_3,,,N3_1,L_2,M_2
366184,L3,L2,L1,L2,L2,L3,L1,L1,L2,C3_3,D3_2,F3_3,,,N3_1,L_3,M_1
366185,L3,L2,L1,L2,L2,L3,L1,L1,L2,C3_3,D3_2,F3_3,,,N3_1,L_3,M_2
366186,L3,L2,L1,L2,L2,L3,L1,L1,L2,C3_3,D3_2,F3_3,,,N3_2,L_1,M_1
366187,L3,L2,L1,L2,L2,L3,L1,L1,L2,C3_3,D3_2,F3_3,,,N3_2,L_1,M_2
366188,L3,L2,L1,L2,L2,L3,L1,L1,L2,C3_3,D3_2,F3_3,,,N3_2,L_2,M_1
366189,L3,L2,L1,L2,L2,L3,L1,L1,L2,C3_3,D3_2,F3_3,,,N3_2,L_2,M_2
366190,L3,L2,L1,L2,L2,L3,L1,L1,L2,C3_3,D3_2,F3_3,,,N3_2,L_3,M_1
366191,L3,L2,L1,L2,L2,L3,L1,L1,L2,C3_3,D3_2,F3_3,,,N3_2,L_3,M_2
366192,L3,L2,L1,L2,L2,L3,L1,L1,L2,C3_3,D3_3,F3_1,,,N3_1,L_1,M_1
366193,L3,L2,L1,L2,L2,L3,L1,L1,L2,C3_3,D3_3,F3_1,,,N3_1,L_1,M_2
366194,L3,L2,L1,L2,L2,L3,L1,L1,L2,C3_3,D3_3,F3_1,,,N3_1,L_2,M_1
366195,L3,L2,L1,L2,L2,L3,L1,L1,L2,C3_3,D3_3,F3_1,,,N3_1,L_2,M_2
366196,L3,L2,L1,L2,L2,L3,L1,L1,L2,C3_3,D3_3,F3_1,,,N3_1,L_3,M_1
366197,L3,L2,L1,L2,L2,L3,L1,L1,L2,C3_3,D3_3,F3_1,,,N3_1,L_3,M_2
366198,L3,L2,L1,L2,L2,L3,L1,L1,L2,C3_3,D3_3,F3_1,,,N3_2,L_1,M_1
366199,L3,L2,L1,L2,L2,L3,L1,L1,L2,C3_3,D3_3,F3_1,,,N3_2,L_1,M_2
366200,L3,L2,L1,L2,L2,L3,L1,L1,L2,C3_3,D3_3,F3_1,,,N3_2,L_2,M_1
366201,L3,L2,L1,L2,L2,L3,L1,L1,L2,C3_3,D3_3,F3_1,,,N3_2,L_2,M_2
366202,L3,L2,L1,L2,L2,L3,L1,L1,L2,C3_3,D3_3,F3_1,,,N3_2,L_3,M_1
366203,L3,L2,L1,L2,L2,L3,L1,L1,L2,C3_3,D3_3,F3_1,,,N3_2,L_3,M_2
366204,L3,L2,L1,L2,L2,L3,L1,L1,L2,C3_3,D3_3,F3_2,,,N3_1,L_1,M_1
366205,L3,L2,L1,L2,L2,L3,L1,L1,L2,C3_3,D3_3,F3_2,,,N3_1,L_1,M_2
366206,L3,L2,L1,L2,L2,L3,L1,L1,L2,C3_3,D3_3,F3_2,,,N3_1,L_2,M_1
366207,L3,L2,L1,L2,L2,L3,L1,L1,L2,C3_3,D3_3,F3_2,,,N3_1,L_2,M_2
366208,L3,L2,L1,L2,L2,L3,L1,L1,L2,C3_3,D3_3,F3_2,,,N3_1,L_3,M_1
366209,L3,L2,L1,L2,L2,L3,L1,L1,L2,C3_3,D3_3,F3_2,,,N3_1,L_3,M_2
366210,L3,L2,L1,L2,L2,L3,L1,L1,L2,C3_3,D3_3,F3_2,,,N3_2,L_1,M_1
366211,L3,L2,L1,L2,L2,L3,L1,L1,L2,C3_3,D3_3,F3_2,,,N3_2,L_1,M_2
366212,L3,L2,L1,L2,L2,L3,L1,L1,L2,C3_3,D3_3,F3_2,,,N3_2,L_2,M_1
366213,L3,L2,L1,L2,L2,L3,L1,L1,L2,C3_3,D3_3,F3_2,,,N3_2,L_2,M_2
366214,L3,L2,L1,L2,L2,L3,L1,L1,L2,C3_3,D3_3,F3_2,,,N3_2,L_3,M_1
366215,L3,L2,L1,L2,L2,L3,L1,L1,L2,C3_3,D3_3,F3_2,,,N3_2,L_3,M_2
366216,L3,L2,L1,L2,L2,L3,L1,L1,L2,C3_3,D3_3,F3_3,,,N3_1,L_1,M_1
366217,L3,L2,L1,L2,L2,L3,L1,L1,L2,C3_3,D3_3,F3_3,,,N3_1,L_1,M_2
366218,L3,L2,L1,L2,L2,L3,L1,L1,L2,C3_3,D3_3,F3_3,,,N3_1,L_2,M_1
366219,L3,L2,L1,L2,L2,L3,L1,L1,L2,C3_3,D3_3,F3_3,,,N3_1,L_2,M_2
366220,L3,L2,L1,L2,L2,L3,L1,L1,L2,C3_3,D3_3,F3_3,,,N3_1,L_3,M_1
366221,L3,L2,L1,L2,L2,L3,L1,L1,L2,C3_3,D3_3,F3_3,,,N3_1,L_3,M_2
366222,L3,L2,L1,L2,L2,L3,L1,L1,L2,C3_3,D3_3,F3_3,,,N3_2,L_1,M_1
366223,L3,L2,L1,L2,L2,L3,L1,L1,L2,C3_3,D3_3,F3_3,,,N3_2,L_1,M_2
366224,L3,L2,L1,L2,L2,L3,L1,L1,L2,C3_3,D3_3,F3_3,,,N3_2,L_2,M_1
366225,L3,L2,L1,L2,L2,L3,L1,L1,L2,C3_3,D3_3,F3_3,,,N3_2,L_2,M_2
366226,L3,L2,L1,L2,L2,L3,L1,L1,L2,C3_3,D3_3,F3_3,,,N3_2,L_3,M_1
366227,L3,L2,L1,L2,L2,L3,L1,L1,L2,C3_3,D3_3,F3_3,,,N3_2,L_3,M_2
392067,L3,L2,L1,L1,L3,L3,L1,L1,L2,C3_1,D3_1,F3_1,,,N3_1,L_1,M_1
392068,L3,L2,L1,L1,L3,L3,L1,L1,L2,C3_1,D3_1,F3_1,,,N3_1,L_1,M_2
392069,L3,L2,L1,L1,L3,L3,L1,L1,L2,C3_1,D3_1,F3_1,,,N3_1,L_2,M_1
392070,L3,L2,L1,L1,L3,L3,L1,L1,L2,C3_1,D3_1,F3_1,,,N3_1,L_2,M_2
392071,L3,L2,L1,L1,L3,L3,L1,L1,L2,C3_1,D3_1,F3_1,,,N3_1,L_3,M_1
392072,L3,L2,L1,L1,L3,L3,L1,L1,L2,C3_1,D3_1,F3_1,,,N3_1,L_3,M_2
392073,L3,L2,L1,L1,L3,L3,L1,L1,L2,C3_1,D3_1,F3_1,,,N3_2,L_1,M_1
392074,L3,L2,L1,L1,L3,L3,L1,L1,L2,C3_1,D3_1,F3_1,,,N3_2,L_1,M_2
392075,L3,L2,L1,L1,L3,L3,L1,L1,L2,C3_1,D3_1,F3_1,,,N3_2,L_2,M_1
392076,L3,L2,L1,L1,L3,L3,L1,L1,L2,C3_1,D3_1,F3_1,,,N3_2,L_2,M_2
392077,L3,L2,L1,L1,L3,L3,L1,L1,L2,C3_1,D3_1,F3_1,,,N3_2,L_3,M_1
392078,L3,L2,L1,L1,L3,L3,L1,L1,L2,C3_1,D3_1,F3_1,,,N3_2,L_3,M_2
392079,L3,L2,L1,L1,L3,L3,L1,L1,L2,C3_1,D3_1,F3_2,,,N3_1,L_1,M_1
392080,L3,L2,L1,L1,L3,L3,L1,L1,L2,C3_1,D3_1,F3_2,,,N3_1,L_1,M_2
392081,L3,L2,L1,L1,L3,L3,L1,L1,L2,C3_1,D3_1,F3_2,,,N3_1,L_2,M_1
392082,L3,L2,L1,L1,L3,L3,L1,L1,L2,C3_1,D3_1,F3_2,,,N3_1,L_2,M_2
392083,L3,L2,L1,L1,L3,L3,L1,L1,L2,C3_1,D3_1,F3_2,,,N3_1,L_3,M_1
392084,L3,L2,L1,L1,L3,L3,L1,L1,L2,C3_1,D3_1,F3_2,,,N3_1,L_3,M_2
392085,L3,L2,L1,L1,L3,L3,L1,L1,L2,C3_1,D3_1,F3_2,,,N3_2,L_1,M_1
392086,L3,L2,L1,L1,L3,L3,L1,L1,L2,C3_1,D3_1,F3_2,,,N3_2,L_1,M_2
392087,L3,L2,L1,L1,L3,L3,L1,L1,L2,C3_1,D3_1,F3_2,,,N3_2,L_2,M_1
392088,L3,L2,L1,L1,L3,L3,L1,L1,L2,C3_1,D3_1,F3_2,,,N3_2,L_2,M_2
392089,L3,L2,L1,L1,L3,L3,L1,L1,L2,C3_1,D3_1,F3_2,,,N3_2,L_3,M_1
392090,L3,L2,L1,L1,L3,L3,L1,L1,L2,C3_1,D3_1,F3_2,,,N3_2,L_3,M_2
392091,L3,L2,L1,L1,L3,L3,L1,L1,L2,C3_1,D3_1,F3_3,,,N3_1,L_1,M_1
392092,L3,L2,L1,L1,L3,L3,L1,L1,L2,C3_1,D3_1,F3_3,,,N3_1,L_1,M_2
392093,L3,L2,L1,L1,L3,L3,L1,L1,L2,C3_1,D3_1,F3_3,,,N3_1,L_2,M_1
392094,L3,L2,L1,L1,L3,L3,L1,L1,L2,C3_1,D3_1,F3_3,,,N3_1,L_2,M_2
392095,L3,L2,L1,L1,L3,L3,L1,L1,L2,C3_1,D3_1,F3_3,,,N3_1,L_3,M_1
392096,L3,L2,L1,L1,L3,L3,L1,L1,L2,C3_1,D3_1,F3_3,,,N3_1,L_3,M_2
392097,L3,L2,L1,L1,L3,L3,L1,L1,L2,C3_1,D3_1,F3_3,,,N3_2,L_1,M_1
392098,L3,L2,L1,L1,L3,L3,L1,L1,L2,C3_1,D3_1,F3_3,,,N3_2,L_1,M_2
392099,L3,L2,L1,L1,L3,L3,L1,L1,L2,C3_1,D3_1,F3_3,,,N3_2,L_2,M_1
392100,L3,L2,L1,L1,L3,L3,L1,L1,L2,C3_1,D3_1,F3_3,,,N3_2,L_2,M_2
392101,L3,L2,L1,L1,L3,L3,L1,L1,L2,C3_1,D3_1,F3_3,,,N3_2,L_3,M_1
392102,L3,L2,L1,L1,L3,L3,L1,L1,L2,C3_1,D3_1,F3_3,,,N3_2,L_3,M_2
392103,L3,L2,L1,L1,L3,L3,L1,L1,L2,C3_1,D3_2,F3_1,,,N3_1,L_1,M_1
392104,L3,L2,L1,L1,L3,L3,L1,L1,L2,C3_1,D3_2,F3_1,,,N3_1,L_1,M_2
392105,L3,L2,L1,L1,L3,L3,L1,L1,L2,C3_1,D3_2,F3_1,,,N3_1,L_2,M_1
392106,L3,L2,L1,L1,L3,L3,L1,L1,L2,C3_1,D3_2,F3_1,,,N3_1,L_2,M_2
392107,L3,L2,L1,L1,L3,L3,L1,L1,L2,C3_1,D3_2,F3_1,,,N3_1,L_3,M_1
392108,L3,L2,L1,L1,L3,L3,L1,L1,L2,C3_1,D3_2,F3_1,,,N3_1,L_3,M_2
392109,L3,L2,L1,L1,L3,L3,L1,L1,L2,C3_1,D3_2,F3_1,,,N3_2,L_1,M_1
392110,L3,L2,L1,L1,L3,L3,L1,L1,L2,C3_1,D3_2,F3_1,,,N3_2,L_1,M_2
392111,L3,L2,L1,L1,L3,L3,L1,L1,L2,C3_1,D3_2,F3_1,,,N3_2,L_2,M_1
392112,L3,L2,L1,L1,L3,L3,L1,L1,L2,C3_1,D3_2,F3_1,,,N3_2,L_2,M_2
392113,L3,L2,L1,L1,L3,L3,L1,L1,L2,C3_1,D3_2,F3_1,,,N3_2,L_3,M_1
392114,L3,L2,L1,L1,L3,L3,L1,L1,L2,C3_1,D3_2,F3_1,,,N3_2,L_3,M_2
392115,L3,L2,L1,L1,L3,L3,L1,L1,L2,C3_1,D3_2,F3_2,,,N3_1,L_1,M_1
392116,L3,L2,L1,L1,L3,L3,L1,L1,L2,C3_1,D3_2,F3_2,,,N3_1,L_1,M_2
392117,L3,L2,L1,L1,L3,L3,L1,L1,L2,C3_1,D3_2,F3_2,,,N3_1,L_2,M_1
392118,L3,L2,L1,L1,L3,L3,L1,L1,L2,C3_1,D3_2,F3_2,,,N3_1,L_2,M_2
392119,L3,L2,L1,L1,L3,L3,L1,L1,L2,C3_1,D3_2,F3_2,,,N3_1,L_3,M_1
392120,L3,L2,L1,L1,L3,L3,L1,L1,L2,C3_1,D3_2,F3_2,,,N3_1,L_3,M_2
392121,L3,L2,L1,L1,L3,L3,L1,L1,L2,C3_1,D3_2,F3_2,,,N3_2,L_1,M_1
392122,L3,L2,L1,L1,L3,L3,L1,L1,L2,C3_1,D3_2,F3_2,,,N3_2,L_1,M_2
392123,L3,L2,L1,L1,L3,L3,L1,L1,L2,C3_1,D3_2,F3_2,,,N3_2,L_2,M_1
392124,L3,L2,L1,L1,L3,L3,L1,L1,L2,C3_1,D3_2,F3_2,,,N3_2,L_2,M_2
392125,L3,L2,L1,L1,L3,L3,L1,L1,L2,C3_1,D3_2,F3_2,,,N3_2,L_3,M_1
392126,L3,L2,L1,L1,L3,L3,L1,L1,L2,C3_1,D3_2,F3_2,,,N3_2,L_3,M_2
392127,L3,L2,L1,L1,L3,L3,L1,L1,L2,C3_1,D3_2,F3_3,,,N3_1,L_1,M_1
392128,L3,L2,L1,L1,L3,L3,L1,L1,L2,C3_1,D3_2,F3_3,,,N3_1,L_1,M_2
392129,L3,L2,L1,L1,L3,L3,L1,L1,L2,C3_1,D3_2,F3_3,,,N3_1,L_2,M_1
392130,L3,L2,L1,L1,L3,L3,L1,L1,L2,C3_1,D3_2,F3_3,,,N3_1,L_2,M_2
392131,L3,L2,L1,L1,L3,L3,L1,L1,L2,C3_1,D3_2,F3_3,,,N3_1,L_3,M_1
392132,L3,L2,L1,L1,L3,L3,L1,L1,L2,C3_1,D3_2,F3_3,,,N3_1,L_3,M_2
392133,L3,L2,L1,L1,L3,L3,L1,L1,L2,C3_1,D3_2,F3_3,,,N3_2,L_1,M_1
392134,L3,L2,L1,L1,L3,L3,L1,L1,L2,C3_1,D3_2,F3_3,,,N3_2,L_1,M_2
392135,L3,L2,L1,L1,L3,L3,L1,L1,L2,C3_1,D3_2,F3_3,,,N3_2,L_2,M_1
392136,L3,L2,L1,L1,L3,L3,L1,L1,L2,C3_1,D3_2,F3_3,,,N3_2,L_2,M_2
392137,L3,L2,L1,L1,L3,L3,L1,L1,L2,C3_1,D3_2,F3_3,,,N3_2,L_3,M_1
392138,L3,L2,L1,L1,L3,L3,L1,L1,L2,C3_1,D3_2,F3_3,,,N3_2,L_3,M_2
392139,L3,L2,L1,L1,L3,L3,L1,L1,L2,C3_1,D3_3,F3_1,,,N3_1,L_1,M_1
392140,L3,L2,L1,L1,L3,L3,L1,L1,L2,C3_1,D3_3,F3_1,,,N3_1,L_1,M_2
392141,L3,L2,L1,L1,L3,L3,L1,L1,L2,C3_1,D3_3,F3_1,,,N3_1,L_2,M_1
392142,L3,L2,L1,L1,L3,L3,L1,L1,L2,C3_1,D3_3,F3_1,,,N3_1,L_2,M_2
392143,L3,L2,L1,L1,L3,L3,L1,L1,L2,C3_1,D3_3,F3_1,,,N3_1,L_3,M_1
392144,L3,L2,L1,L1,L3,L3,L1,L1,L2,C3_1,D3_3,F3_1,,,N3_1,L_3,M_2
392145,L3,L2,L1,L1,L3,L3,L1,L1,L2,C3_1,D3_3,F3_1,,,N3_2,L_1,M_1
392146,L3,L2,L1,L1,L3,L3,L1,L1,L2,C3_1,D3_3,F3_1,,,N3_2,L_1,M_2
392147,L3,L2,L1,L1,L3,L3,L1,L1,L2,C3_1,D3_3,F3_1,,,N3_2,L_2,M_1
392148,L3,L2,L1,L1,L3,L3,L1,L1,L2,C3_1,D3_3,F3_1,,,N3_2,L_2,M_2
392149,L3,L2,L1,L1,L3,L3,L1,L1,L2,C3_1,D3_3,F3_1,,,N3_2,L_3,M_1
392150,L3,L2,L1,L1,L3,L3,L1,L1,L2,C3_1,D3_3,F3_1,,,N3_2,L_3,M_2
392151,L3,L2,L1,L1,L3,L3,L1,L1,L2,C3_1,D3_3,F3_2,,,N3_1,L_1,M_1
392152,L3,L2,L1,L1,L3,L3,L1,L1,L2,C3_1,D3_3,F3_2,,,N3_1,L_1,M_2
392153,L3,L2,L1,L1,L3,L3,L1,L1,L2,C3_1,D3_3,F3_2,,,N3_1,L_2,M_1
392154,L3,L2,L1,L1,L3,L3,L1,L1,L2,C3_1,D3_3,F3_2,,,N3_1,L_2,M_2
392155,L3,L2,L1,L1,L3,L3,L1,L1,L2,C3_1,D3_3,F3_2,,,N3_1,L_3,M_1
392156,L3,L2,L1,L1,L3,L3,L1,L1,L2,C3_1,D3_3,F3_2,,,N3_1,L_3,M_2
392157,L3,L2,L1,L1,L3,L3,L1,L1,L2,C3_1,D3_3,F3_2,,,N3_2,L_1,M_1
392158,L3,L2,L1,L1,L3,L3,L1,L1,L2,C3_1,D3_3,F3_2,,,N3_2,L_1,M_2
392159,L3,L2,L1,L1,L3,L3,L1,L1,L2,C3_1,D3_3,F3_2,,,N3_2,L_2,M_1
392160,L3,L2,L1,L1,L3,L3,L1,L1,L2,C3_1,D3_3,F3_2,,,N3_2,L_2,M_2
392161,L3,L2,L1,L1,L3,L3,L1,L1,L2,C3_1,D3_3,F3_2,,,N3_2,L_3,M_1
392162,L3,L2,L1,L1,L3,L3,L1,L1,L2,C3_1,D3_3,F3_2,,,N3_2,L_3,M_2
392163,L3,L2,L1,L1,L3,L3,L1,L1,L2,C3_1,D3_3,F3_3,,,N3_1,L_1,M_1
392164,L3,L2,L1,L1,L3,L3,L1,L1,L2,C3_1,D3_3,F3_3,,,N3_1,L_1,M_2
392165,L3,L2,L1,L1,L3,L3,L1,L1,L2,C3_1,D3_3,F3_3,,,N3_1,L_2,M_1
392166,L3,L2,L1,L1,L3,L3,L1,L1,L2,C3_1,D3_3,F3_3,,,N3_1,L_2,M_2
392167,L3,L2,L1,L1,L3,L3,L1,L1,L2,C3_1,D3_3,F3_3,,,N3_1,L_3,M_1
392168,L3,L2,L1,L1,L3,L3,L1,L1,L2,C3_1,D3_3,F3_3,,,N3_1,L_3,M_2
392169,L3,L2,L1,L1,L3,L3,L1,L1,L2,C3_1,D3_3,F3_3,,,N3_2,L_1,M_1
392170,L3,L2,L1,L1,L3,L3,L1,L1,L2,C3_1,D3_3,F3_3,,,N3_2,L_1,M_2
392171,L3,L2,L1,L1,L3,L3,L1,L1,L2,C3_1,D3_3,F3_3,,,N3_2,L_2,M_1
392172,L3,L2,L1,L1,L3,L3,L1,L1,L2,C3_1,D3_3,F3_3,,,N3_2,L_2,M_2
392173,L3,L2,L1,L1,L3,L3,L1,L1,L2,C3_1,D3_3,F3_3,,,N3_2,L_3,M_1
392174,L3,L2,L1,L1,L3,L3,L1,L1,L2,C3_1,D3_3,F3_3,,,N3_2,L_3,M_2
392175,L3,L2,L1,L1,L3,L3,L1,L1,L2,C3_2,D3_1,F3_1,,,N3_1,L_1,M_1
392176,L3,L2,L1,L1,L3,L3,L1,L1,L2,C3_2,D3_1,F3_1,,,N3_1,L_1,M_2
392177,L3,L2,L1,L1,L3,L3,L1,L1,L2,C3_2,D3_1,F3_1,,,N3_1,L_2,M_1
392178,L3,L2,L1,L1,L3,L3,L1,L1,L2,C3_2,D3_1,F3_1,,,N3_1,L_2,M_2
392179,L3,L2,L1,L1,L3,L3,L1,L1,L2,C3_2,D3_1,F3_1,,,N3_1,L_3,M_1
392180,L3,L2,L1,L1,L3,L3,L1,L1,L2,C3_2,D3_1,F3_1,,,N3_1,L_3,M_2
392181,L3,L2,L1,L1,L3,L3,L1,L1,L2,C3_2,D3_1,F3_1,,,N3_2,L_1,M_1
392182,L3,L2,L1,L1,L3,L3,L1,L1,L2,C3_2,D3_1,F3_1,,,N3_2,L_1,M_2
392183,L3,L2,L1,L1,L3,L3,L1,L1,L2,C3_2,D3_1,F3_1,,,N3_2,L_2,M_1
392184,L3,L2,L1,L1,L3,L3,L1,L1,L2,C3_2,D3_1,F3_1,,,N3_2,L_2,M_2
392185,L3,L2,L1,L1,L3,L3,L1,L1,L2,C3_2,D3_1,F3_1,,,N3_2,L_3,M_1
392186,L3,L2,L1,L1,L3,L3,L1,L1,L2,C3_2,D3_1,F3_1,,,N3_2,L_3,M_2
392187,L3,L2,L1,L1,L3,L3,L1,L1,L2,C3_2,D3_1,F3_2,,,N3_1,L_1,M_1
392188,L3,L2,L1,L1,L3,L3,L1,L1,L2,C3_2,D3_1,F3_2,,,N3_1,L_1,M_2
392189,L3,L2,L1,L1,L3,L3,L1,L1,L2,C3_2,D3_1,F3_2,,,N3_1,L_2,M_1
392190,L3,L2,L1,L1,L3,L3,L1,L1,L2,C3_2,D3_1,F3_2,,,N3_1,L_2,M_2
392191,L3,L2,L1,L1,L3,L3,L1,L1,L2,C3_2,D3_1,F3_2,,,N3_1,L_3,M_1
392192,L3,L2,L1,L1,L3,L3,L1,L1,L2,C3_2,D3_1,F3_2,,,N3_1,L_3,M_2
392193,L3,L2,L1,L1,L3,L3,L1,L1,L2,C3_2,D3_1,F3_2,,,N3_2,L_1,M_1
392194,L3,L2,L1,L1,L3,L3,L1,L1,L2,C3_2,D3_1,F3_2,,,N3_2,L_1,M_2
392195,L3,L2,L1,L1,L3,L3,L1,L1,L2,C3_2,D3_1,F3_2,,,N3_2,L_2,M_1
392196,L3,L2,L1,L1,L3,L3,L1,L1,L2,C3_2,D3_1,F3_2,,,N3_2,L_2,M_2
392197,L3,L2,L1,L1,L3,L3,L1,L1,L2,C3_2,D3_1,F3_2,,,N3_2,L_3,M_1
392198,L3,L2,L1,L1,L3,L3,L1,L1,L2,C3_2,D3_1,F3_2,,,N3_2,L_3,M_2
392199,L3,L2,L1,L1,L3,L3,L1,L1,L2,C3_2,D3_1,F3_3,,,N3_1,L_1,M_1
392200,L3,L2,L1,L1,L3,L3,L1,L1,L2,C3_2,D3_1,F3_3,,,N3_1,L_1,M_2
392201,L3,L2,L1,L1,L3,L3,L1,L1,L2,C3_2,D3_1,F3_3,,,N3_1,L_2,M_1
392202,L3,L2,L1,L1,L3,L3,L1,L1,L2,C3_2,D3_1,F3_3,,,N3_1,L_2,M_2
392203,L3,L2,L1,L1,L3,L3,L1,L1,L2,C3_2,D3_1,F3_3,,,N3_1,L_3,M_1
392204,L3,L2,L1,L1,L3,L3,L1,L1,L2,C3_2,D3_1,F3_3,,,N3_1,L_3,M_2
392205,L3,L2,L1,L1,L3,L3,L1,L1,L2,C3_2,D3_1,F3_3,,,N3_2,L_1,M_1
392206,L3,L2,L1,L1,L3,L3,L1,L1,L2,C3_2,D3_1,F3_3,,,N3_2,L_1,M_2
392207,L3,L2,L1,L1,L3,L3,L1,L1,L2,C3_2,D3_1,F3_3,,,N3_2,L_2,M_1
392208,L3,L2,L1,L1,L3,L3,L1,L1,L2,C3_2,D3_1,F3_3,,,N3_2,L_2,M_2
392209,L3,L2,L1,L1,L3,L3,L1,L1,L2,C3_2,D3_1,F3_3,,,N3_2,L_3,M_1
392210,L3,L2,L1,L1,L3,L3,L1,L1,L2,C3_2,D3_1,F3_3,,,N3_2,L_3,M_2
392211,L3,L2,L1,L1,L3,L3,L1,L1,L2,C3_2,D3_2,F3_1,,,N3_1,L_1,M_1
392212,L3,L2,L1,L1,L3,L3,L1,L1,L2,C3_2,D3_2,F3_1,,,N3_1,L_1,M_2
392213,L3,L2,L1,L1,L3,L3,L1,L1,L2,C3_2,D3_2,F3_1,,,N3_1,L_2,M_1
392214,L3,L2,L1,L1,L3,L3,L1,L1,L2,C3_2,D3_2,F3_1,,,N3_1,L_2,M_2
392215,L3,L2,L1,L1,L3,L3,L1,L1,L2,C3_2,D3_2,F3_1,,,N3_1,L_3,M_1
392216,L3,L2,L1,L1,L3,L3,L1,L1,L2,C3_2,D3_2,F3_1,,,N3_1,L_3,M_2
392217,L3,L2,L1,L1,L3,L3,L1,L1,L2,C3_2,D3_2,F3_1,,,N3_2,L_1,M_1
392218,L3,L2,L1,L1,L3,L3,L1,L1,L2,C3_2,D3_2,F3_1,,,N3_2,L_1,M_2
392219,L3,L2,L1,L1,L3,L3,L1,L1,L2,C3_2,D3_2,F3_1,,,N3_2,L_2,M_1
392220,L3,L2,L1,L1,L3,L3,L1,L1,L2,C3_2,D3_2,F3_1,,,N3_2,L_2,M_2
392221,L3,L2,L1,L1,L3,L3,L1,L1,L2,C3_2,D3_2,F3_1,,,N3_2,L_3,M_1
392222,L3,L2,L1,L1,L3,L3,L1,L1,L2,C3_2,D3_2,F3_1,,,N3_2,L_3,M_2
392223,L3,L2,L1,L1,L3,L3,L1,L1,L2,C3_2,D3_2,F3_2,,,N3_1,L_1,M_1
392224,L3,L2,L1,L1,L3,L3,L1,L1,L2,C3_2,D3_2,F3_2,,,N3_1,L_1,M_2
392225,L3,L2,L1,L1,L3,L3,L1,L1,L2,C3_2,D3_2,F3_2,,,N3_1,L_2,M_1
392226,L3,L2,L1,L1,L3,L3,L1,L1,L2,C3_2,D3_2,F3_2,,,N3_1,L_2,M_2
392227,L3,L2,L1,L1,L3,L3,L1,L1,L2,C3_2,D3_2,F3_2,,,N3_1,L_3,M_1
392228,L3,L2,L1,L1,L3,L3,L1,L1,L2,C3_2,D3_2,F3_2,,,N3_1,L_3,M_2
392229,L3,L2,L1,L1,L3,L3,L1,L1,L2,C3_2,D3_2,F3_2,,,N3_2,L_1,M_1
392230,L3,L2,L1,L1,L3,L3,L1,L1,L2,C3_2,D3_2,F3_2,,,N3_2,L_1,M_2
392231,L3,L2,L1,L1,L3,L3,L1,L1,L2,C3_2,D3_2,F3_2,,,N3_2,L_2,M_1
392232,L3,L2,L1,L1,L3,L3,L1,L1,L2,C3_2,D3_2,F3_2,,,N3_2,L_2,M_2
392233,L3,L2,L1,L1,L3,L3,L1,L1,L2,C3_2,D3_2,F3_2,,,N3_2,L_3,M_1
392234,L3,L2,L1,L1,L3,L3,L1,L1,L2,C3_2,D3_2,F3_2,,,N3_2,L_3,M_2
392235,L3,L2,L1,L1,L3,L3,L1,L1,L2,C3_2,D3_2,F3_3,,,N3_1,L_1,M_1
392236,L3,L2,L1,L1,L3,L3,L1,L1,L2,C3_2,D3_2,F3_3,,,N3_1,L_1,M_2
392237,L3,L2,L1,L1,L3,L3,L1,L1,L2,C3_2,D3_2,F3_3,,,N3_1,L_2,M_1
392238,L3,L2,L1,L1,L3,L3,L1,L1,L2,C3_2,D3_2,F3_3,,,N3_1,L_2,M_2
392239,L3,L2,L1,L1,L3,L3,L1,L1,L2,C3_2,D3_2,F3_3,,,N3_1,L_3,M_1
392240,L3,L2,L1,L1,L3,L3,L1,L1,L2,C3_2,D3_2,F3_3,,,N3_1,L_3,M_2
392241,L3,L2,L1,L1,L3,L3,L1,L1,L2,C3_2,D3_2,F3_3,,,N3_2,L_1,M_1
392242,L3,L2,L1,L1,L3,L3,L1,L1,L2,C3_2,D3_2,F3_3,,,N3_2,L_1,M_2
392243,L3,L2,L1,L1,L3,L3,L1,L1,L2,C3_2,D3_2,F3_3,,,N3_2,L_2,M_1
392244,L3,L2,L1,L1,L3,L3,L1,L1,L2,C3_2,D3_2,F3_3,,,N3_2,L_2,M_2
392245,L3,L2,L1,L1,L3,L3,L1,L1,L2,C3_2,D3_2,F3_3,,,N3_2,L_3,M_1
392246,L3,L2,L1,L1,L3,L3,L1,L1,L2,C3_2,D3_2,F3_3,,,N3_2,L_3,M_2
392247,L3,L2,L1,L1,L3,L3,L1,L1,L2,C3_2,D3_3,F3_1,,,N3_1,L_1,M_1
392248,L3,L2,L1,L1,L3,L3,L1,L1,L2,C3_2,D3_3,F3_1,,,N3_1,L_1,M_2
392249,L3,L2,L1,L1,L3,L3,L1,L1,L2,C3_2,D3_3,F3_1,,,N3_1,L_2,M_1
392250,L3,L2,L1,L1,L3,L3,L1,L1,L2,C3_2,D3_3,F3_1,,,N3_1,L_2,M_2
392251,L3,L2,L1,L1,L3,L3,L1,L1,L2,C3_2,D3_3,F3_1,,,N3_1,L_3,M_1
392252,L3,L2,L1,L1,L3,L3,L1,L1,L2,C3_2,D3_3,F3_1,,,N3_1,L_3,M_2
392253,L3,L2,L1,L1,L3,L3,L1,L1,L2,C3_2,D3_3,F3_1,,,N3_2,L_1,M_1
392254,L3,L2,L1,L1,L3,L3,L1,L1,L2,C3_2,D3_3,F3_1,,,N3_2,L_1,M_2
392255,L3,L2,L1,L1,L3,L3,L1,L1,L2,C3_2,D3_3,F3_1,,,N3_2,L_2,M_1
392256,L3,L2,L1,L1,L3,L3,L1,L1,L2,C3_2,D3_3,F3_1,,,N3_2,L_2,M_2
392257,L3,L2,L1,L1,L3,L3,L1,L1,L2,C3_2,D3_3,F3_1,,,N3_2,L_3,M_1
392258,L3,L2,L1,L1,L3,L3,L1,L1,L2,C3_2,D3_3,F3_1,,,N3_2,L_3,M_2
392259,L3,L2,L1,L1,L3,L3,L1,L1,L2,C3_2,D3_3,F3_2,,,N3_1,L_1,M_1
392260,L3,L2,L1,L1,L3,L3,L1,L1,L2,C3_2,D3_3,F3_2,,,N3_1,L_1,M_2
392261,L3,L2,L1,L1,L3,L3,L1,L1,L2,C3_2,D3_3,F3_2,,,N3_1,L_2,M_1
392262,L3,L2,L1,L1,L3,L3,L1,L1,L2,C3_2,D3_3,F3_2,,,N3_1,L_2,M_2
392263,L3,L2,L1,L1,L3,L3,L1,L1,L2,C3_2,D3_3,F3_2,,,N3_1,L_3,M_1
392264,L3,L2,L1,L1,L3,L3,L1,L1,L2,C3_2,D3_3,F3_2,,,N3_1,L_3,M_2
392265,L3,L2,L1,L1,L3,L3,L1,L1,L2,C3_2,D3_3,F3_2,,,N3_2,L_1,M_1
392266,L3,L2,L1,L1,L3,L3,L1,L1,L2,C3_2,D3_3,F3_2,,,N3_2,L_1,M_2
392267,L3,L2,L1,L1,L3,L3,L1,L1,L2,C3_2,D3_3,F3_2,,,N3_2,L_2,M_1
392268,L3,L2,L1,L1,L3,L3,L1,L1,L2,C3_2,D3_3,F3_2,,,N3_2,L_2,M_2
392269,L3,L2,L1,L1,L3,L3,L1,L1,L2,C3_2,D3_3,F3_2,,,N3_2,L_3,M_1
392270,L3,L2,L1,L1,L3,L3,L1,L1,L2,C3_2,D3_3,F3_2,,,N3_2,L_3,M_2
392271,L3,L2,L1,L1,L3,L3,L1,L1,L2,C3_2,D3_3,F3_3,,,N3_1,L_1,M_1
392272,L3,L2,L1,L1,L3,L3,L1,L1,L2,C3_2,D3_3,F3_3,,,N3_1,L_1,M_2
392273,L3,L2,L1,L1,L3,L3,L1,L1,L2,C3_2,D3_3,F3_3,,,N3_1,L_2,M_1
392274,L3,L2,L1,L1,L3,L3,L1,L1,L2,C3_2,D3_3,F3_3,,,N3_1,L_2,M_2
392275,L3,L2,L1,L1,L3,L3,L1,L1,L2,C3_2,D3_3,F3_3,,,N3_1,L_3,M_1
392276,L3,L2,L1,L1,L3,L3,L1,L1,L2,C3_2,D3_3,F3_3,,,N3_1,L_3,M_2
392277,L3,L2,L1,L1,L3,L3,L1,L1,L2,C3_2,D3_3,F3_3,,,N3_2,L_1,M_1
392278,L3,L2,L1,L1,L3,L3,L1,L1,L2,C3_2,D3_3,F3_3,,,N3_2,L_1,M_2
392279,L3,L2,L1,L1,L3,L3,L1,L1,L2,C3_2,D3_3,F3_3,,,N3_2,L_2,M_1
392280,L3,L2,L1,L1,L3,L3,L1,L1,L2,C3_2,D3_3,F3_3,,,N3_2,L_2,M_2
392281,L3,L2,L1,L1,L3,L3,L1,L1,L2,C3_2,D3_3,F3_3,,,N3_2,L_3,M_1
392282,L3,L2,L1,L1,L3,L3,L1,L1,L2,C3_2,D3_3,F3_3,,,N3_2,L_3,M_2
392283,L3,L2,L1,L1,L3,L3,L1,L1,L2,C3_3,D3_1,F3_1,,,N3_1,L_1,M_1
392284,L3,L2,L1,L1,L3,L3,L1,L1,L2,C3_3,D3_1,F3_1,,,N3_1,L_1,M_2
392285,L3,L2,L1,L1,L3,L3,L1,L1,L2,C3_3,D3_1,F3_1,,,N3_1,L_2,M_1
392286,L3,L2,L1,L1,L3,L3,L1,L1,L2,C3_3,D3_1,F3_1,,,N3_1,L_2,M_2
392287,L3,L2,L1,L1,L3,L3,L1,L1,L2,C3_3,D3_1,F3_1,,,N3_1,L_3,M_1
392288,L3,L2,L1,L1,L3,L3,L1,L1,L2,C3_3,D3_1,F3_1,,,N3_1,L_3,M_2
392289,L3,L2,L1,L1,L3,L3,L1,L1,L2,C3_3,D3_1,F3_1,,,N3_2,L_1,M_1
392290,L3,L2,L1,L1,L3,L3,L1,L1,L2,C3_3,D3_1,F3_1,,,N3_2,L_1,M_2
392291,L3,L2,L1,L1,L3,L3,L1,L1,L2,C3_3,D3_1,F3_1,,,N3_2,L_2,M_1
392292,L3,L2,L1,L1,L3,L3,L1,L1,L2,C3_3,D3_1,F3_1,,,N3_2,L_2,M_2
392293,L3,L2,L1,L1,L3,L3,L1,L1,L2,C3_3,D3_1,F3_1,,,N3_2,L_3,M_1
392294,L3,L2,L1,L1,L3,L3,L1,L1,L2,C3_3,D3_1,F3_1,,,N3_2,L_3,M_2
392295,L3,L2,L1,L1,L3,L3,L1,L1,L2,C3_3,D3_1,F3_2,,,N3_1,L_1,M_1
392296,L3,L2,L1,L1,L3,L3,L1,L1,L2,C3_3,D3_1,F3_2,,,N3_1,L_1,M_2
392297,L3,L2,L1,L1,L3,L3,L1,L1,L2,C3_3,D3_1,F3_2,,,N3_1,L_2,M_1
392298,L3,L2,L1,L1,L3,L3,L1,L1,L2,C3_3,D3_1,F3_2,,,N3_1,L_2,M_2
392299,L3,L2,L1,L1,L3,L3,L1,L1,L2,C3_3,D3_1,F3_2,,,N3_1,L_3,M_1
392300,L3,L2,L1,L1,L3,L3,L1,L1,L2,C3_3,D3_1,F3_2,,,N3_1,L_3,M_2
392301,L3,L2,L1,L1,L3,L3,L1,L1,L2,C3_3,D3_1,F3_2,,,N3_2,L_1,M_1
392302,L3,L2,L1,L1,L3,L3,L1,L1,L2,C3_3,D3_1,F3_2,,,N3_2,L_1,M_2
392303,L3,L2,L1,L1,L3,L3,L1,L1,L2,C3_3,D3_1,F3_2,,,N3_2,L_2,M_1
392304,L3,L2,L1,L1,L3,L3,L1,L1,L2,C3_3,D3_1,F3_2,,,N3_2,L_2,M_2
392305,L3,L2,L1,L1,L3,L3,L1,L1,L2,C3_3,D3_1,F3_2,,,N3_2,L_3,M_1
392306,L3,L2,L1,L1,L3,L3,L1,L1,L2,C3_3,D3_1,F3_2,,,N3_2,L_3,M_2
392307,L3,L2,L1,L1,L3,L3,L1,L1,L2,C3_3,D3_1,F3_3,,,N3_1,L_1,M_1
392308,L3,L2,L1,L1,L3,L3,L1,L1,L2,C3_3,D3_1,F3_3,,,N3_1,L_1,M_2
392309,L3,L2,L1,L1,L3,L3,L1,L1,L2,C3_3,D3_1,F3_3,,,N3_1,L_2,M_1
392310,L3,L2,L1,L1,L3,L3,L1,L1,L2,C3_3,D3_1,F3_3,,,N3_1,L_2,M_2
392311,L3,L2,L1,L1,L3,L3,L1,L1,L2,C3_3,D3_1,F3_3,,,N3_1,L_3,M_1
392312,L3,L2,L1,L1,L3,L3,L1,L1,L2,C3_3,D3_1,F3_3,,,N3_1,L_3,M_2
392313,L3,L2,L1,L1,L3,L3,L1,L1,L2,C3_3,D3_1,F3_3,,,N3_2,L_1,M_1
392314,L3,L2,L1,L1,L3,L3,L1,L1,L2,C3_3,D3_1,F3_3,,,N3_2,L_1,M_2
392315,L3,L2,L1,L1,L3,L3,L1,L1,L2,C3_3,D3_1,F3_3,,,N3_2,L_2,M_1
392316,L3,L2,L1,L1,L3,L3,L1,L1,L2,C3_3,D3_1,F3_3,,,N3_2,L_2,M_2
392317,L3,L2,L1,L1,L3,L3,L1,L1,L2,C3_3,D3_1,F3_3,,,N3_2,L_3,M_1
392318,L3,L2,L1,L1,L3,L3,L1,L1,L2,C3_3,D3_1,F3_3,,,N3_2,L_3,M_2
392319,L3,L2,L1,L1,L3,L3,L1,L1,L2,C3_3,D3_2,F3_1,,,N3_1,L_1,M_1
392320,L3,L2,L1,L1,L3,L3,L1,L1,L2,C3_3,D3_2,F3_1,,,N3_1,L_1,M_2
392321,L3,L2,L1,L1,L3,L3,L1,L1,L2,C3_3,D3_2,F3_1,,,N3_1,L_2,M_1
392322,L3,L2,L1,L1,L3,L3,L1,L1,L2,C3_3,D3_2,F3_1,,,N3_1,L_2,M_2
392323,L3,L2,L1,L1,L3,L3,L1,L1,L2,C3_3,D3_2,F3_1,,,N3_1,L_3,M_1
392324,L3,L2,L1,L1,L3,L3,L1,L1,L2,C3_3,D3_2,F3_1,,,N3_1,L_3,M_2
392325,L3,L2,L1,L1,L3,L3,L1,L1,L2,C3_3,D3_2,F3_1,,,N3_2,L_1,M_1
392326,L3,L2,L1,L1,L3,L3,L1,L1,L2,C3_3,D3_2,F3_1,,,N3_2,L_1,M_2
392327,L3,L2,L1,L1,L3,L3,L1,L1,L2,C3_3,D3_2,F3_1,,,N3_2,L_2,M_1
392328,L3,L2,L1,L1,L3,L3,L1,L1,L2,C3_3,D3_2,F3_1,,,N3_2,L_2,M_2
392329,L3,L2,L1,L1,L3,L3,L1,L1,L2,C3_3,D3_2,F3_1,,,N3_2,L_3,M_1
392330,L3,L2,L1,L1,L3,L3,L1,L1,L2,C3_3,D3_2,F3_1,,,N3_2,L_3,M_2
392331,L3,L2,L1,L1,L3,L3,L1,L1,L2,C3_3,D3_2,F3_2,,,N3_1,L_1,M_1
392332,L3,L2,L1,L1,L3,L3,L1,L1,L2,C3_3,D3_2,F3_2,,,N3_1,L_1,M_2
392333,L3,L2,L1,L1,L3,L3,L1,L1,L2,C3_3,D3_2,F3_2,,,N3_1,L_2,M_1
392334,L3,L2,L1,L1,L3,L3,L1,L1,L2,C3_3,D3_2,F3_2,,,N3_1,L_2,M_2
392335,L3,L2,L1,L1,L3,L3,L1,L1,L2,C3_3,D3_2,F3_2,,,N3_1,L_3,M_1
392336,L3,L2,L1,L1,L3,L3,L1,L1,L2,C3_3,D3_2,F3_2,,,N3_1,L_3,M_2
392337,L3,L2,L1,L1,L3,L3,L1,L1,L2,C3_3,D3_2,F3_2,,,N3_2,L_1,M_1
392338,L3,L2,L1,L1,L3,L3,L1,L1,L2,C3_3,D3_2,F3_2,,,N3_2,L_1,M_2
392339,L3,L2,L1,L1,L3,L3,L1,L1,L2,C3_3,D3_2,F3_2,,,N3_2,L_2,M_1
392340,L3,L2,L1,L1,L3,L3,L1,L1,L2,C3_3,D3_2,F3_2,,,N3_2,L_2,M_2
392341,L3,L2,L1,L1,L3,L3,L1,L1,L2,C3_3,D3_2,F3_2,,,N3_2,L_3,M_1
392342,L3,L2,L1,L1,L3,L3,L1,L1,L2,C3_3,D3_2,F3_2,,,N3_2,L_3,M_2
392343,L3,L2,L1,L1,L3,L3,L1,L1,L2,C3_3,D3_2,F3_3,,,N3_1,L_1,M_1
392344,L3,L2,L1,L1,L3,L3,L1,L1,L2,C3_3,D3_2,F3_3,,,N3_1,L_1,M_2
392345,L3,L2,L1,L1,L3,L3,L1,L1,L2,C3_3,D3_2,F3_3,,,N3_1,L_2,M_1
392346,L3,L2,L1,L1,L3,L3,L1,L1,L2,C3_3,D3_2,F3_3,,,N3_1,L_2,M_2
392347,L3,L2,L1,L1,L3,L3,L1,L1,L2,C3_3,D3_2,F3_3,,,N3_1,L_3,M_1
392348,L3,L2,L1,L1,L3,L3,L1,L1,L2,C3_3,D3_2,F3_3,,,N3_1,L_3,M_2
392349,L3,L2,L1,L1,L3,L3,L1,L1,L2,C3_3,D3_2,F3_3,,,N3_2,L_1,M_1
392350,L3,L2,L1,L1,L3,L3,L1,L1,L2,C3_3,D3_2,F3_3,,,N3_2,L_1,M_2
392351,L3,L2,L1,L1,L3,L3,L1,L1,L2,C3_3,D3_2,F3_3,,,N3_2,L_2,M_1
392352,L3,L2,L1,L1,L3,L3,L1,L1,L2,C3_3,D3_2,F3_3,,,N3_2,L_2,M_2
392353,L3,L2,L1,L1,L3,L3,L1,L1,L2,C3_3,D3_2,F3_3,,,N3_2,L_3,M_1
392354,L3,L2,L1,L1,L3,L3,L1,L1,L2,C3_3,D3_2,F3_3,,,N3_2,L_3,M_2
392355,L3,L2,L1,L1,L3,L3,L1,L1,L2,C3_3,D3_3,F3_1,,,N3_1,L_1,M_1
392356,L3,L2,L1,L1,L3,L3,L1,L1,L2,C3_3,D3_3,F3_1,,,N3_1,L_1,M_2
392357,L3,L2,L1,L1,L3,L3,L1,L1,L2,C3_3,D3_3,F3_1,,,N3_1,L_2,M_1
392358,L3,L2,L1,L1,L3,L3,L1,L1,L2,C3_3,D3_3,F3_1,,,N3_1,L_2,M_2
392359,L3,L2,L1,L1,L3,L3,L1,L1,L2,C3_3,D3_3,F3_1,,,N3_1,L_3,M_1
392360,L3,L2,L1,L1,L3,L3,L1,L1,L2,C3_3,D3_3,F3_1,,,N3_1,L_3,M_2
392361,L3,L2,L1,L1,L3,L3,L1,L1,L2,C3_3,D3_3,F3_1,,,N3_2,L_1,M_1
392362,L3,L2,L1,L1,L3,L3,L1,L1,L2,C3_3,D3_3,F3_1,,,N3_2,L_1,M_2
392363,L3,L2,L1,L1,L3,L3,L1,L1,L2,C3_3,D3_3,F3_1,,,N3_2,L_2,M_1
392364,L3,L2,L1,L1,L3,L3,L1,L1,L2,C3_3,D3_3,F3_1,,,N3_2,L_2,M_2
392365,L3,L2,L1,L1,L3,L3,L1,L1,L2,C3_3,D3_3,F3_1,,,N3_2,L_3,M_1
392366,L3,L2,L1,L1,L3,L3,L1,L1,L2,C3_3,D3_3,F3_1,,,N3_2,L_3,M_2
392367,L3,L2,L1,L1,L3,L3,L1,L1,L2,C3_3,D3_3,F3_2,,,N3_1,L_1,M_1
392368,L3,L2,L1,L1,L3,L3,L1,L1,L2,C3_3,D3_3,F3_2,,,N3_1,L_1,M_2
392369,L3,L2,L1,L1,L3,L3,L1,L1,L2,C3_3,D3_3,F3_2,,,N3_1,L_2,M_1
392370,L3,L2,L1,L1,L3,L3,L1,L1,L2,C3_3,D3_3,F3_2,,,N3_1,L_2,M_2
392371,L3,L2,L1,L1,L3,L3,L1,L1,L2,C3_3,D3_3,F3_2,,,N3_1,L_3,M_1
392372,L3,L2,L1,L1,L3,L3,L1,L1,L2,C3_3,D3_3,F3_2,,,N3_1,L_3,M_2
392373,L3,L2,L1,L1,L3,L3,L1,L1,L2,C3_3,D3_3,F3_2,,,N3_2,L_1,M_1
392374,L3,L2,L1,L1,L3,L3,L1,L1,L2,C3_3,D3_3,F3_2,,,N3_2,L_1,M_2
392375,L3,L2,L1,L1,L3,L3,L1,L1,L2,C3_3,D3_3,F3_2,,,N3_2,L_2,M_1
392376,L3,L2,L1,L1,L3,L3,L1,L1,L2,C3_3,D3_3,F3_2,,,N3_2,L_2,M_2
392377,L3,L2,L1,L1,L3,L3,L1,L1,L2,C3_3,D3_3,F3_2,,,N3_2,L_3,M_1
392378,L3,L2,L1,L1,L3,L3,L1,L1,L2,C3_3,D3_3,F3_2,,,N3_2,L_3,M_2
392379,L3,L2,L1,L1,L3,L3,L1,L1,L2,C3_3,D3_3,F3_3,,,N3_1,L_1,M_1
392380,L3,L2,L1,L1,L3,L3,L1,L1,L2,C3_3,D3_3,F3_3,,,N3_1,L_1,M_2
392381,L3,L2,L1,L1,L3,L3,L1,L1,L2,C3_3,D3_3,F3_3,,,N3_1,L_2,M_1
392382,L3,L2,L1,L1,L3,L3,L1,L1,L2,C3_3,D3_3,F3_3,,,N3_1,L_2,M_2
392383,L3,L2,L1,L1,L3,L3,L1,L1,L2,C3_3,D3_3,F3_3,,,N3_1,L_3,M_1
392384,L3,L2,L1,L1,L3,L3,L1,L1,L2,C3_3,D3_3,F3_3,,,N3_1,L_3,M_2
392385,L3,L2,L1,L1,L3,L3,L1,L1,L2,C3_3,D3_3,F3_3,,,N3_2,L_1,M_1
392386,L3,L2,L1,L1,L3,L3,L1,L1,L2,C3_3,D3_3,F3_3,,,N3_2,L_1,M_2
392387,L3,L2,L1,L1,L3,L3,L1,L1,L2,C3_3,D3_3,F3_3,,,N3_2,L_2,M_1
392388,L3,L2,L1,L1,L3,L3,L1,L1,L2,C3_3,D3_3,F3_3,,,N3_2,L_2,M_2
392389,L3,L2,L1,L1,L3,L3,L1,L1,L2,C3_3,D3_3,F3_3,,,N3_2,L_3,M_1
392390,L3,L2,L1,L1,L3,L3,L1,L1,L2,C3_3,D3_3,F3_3,,,N3_2,L_3,M_2
427167,L3,L2,L3,L2,L3,L3,L1,L1,L2,C3_1,D3_1,F3_1,,,N3_1,L_1,M_1
427168,L3,L2,L3,L2,L3,L3,L1,L1,L2,C3_1,D3_1,F3_1,,,N3_1,L_1,M_2
427169,L3,L2,L3,L2,L3,L3,L1,L1,L2,C3_1,D3_1,F3_1,,,N3_1,L_2,M_1
427170,L3,L2,L3,L2,L3,L3,L1,L1,L2,C3_1,D3_1,F3_1,,,N3_1,L_2,M_2
427171,L3,L2,L3,L2,L3,L3,L1,L1,L2,C3_1,D3_1,F3_1,,,N3_1,L_3,M_1
427172,L3,L2,L3,L2,L3,L3,L1,L1,L2,C3_1,D3_1,F3_1,,,N3_1,L_3,M_2
427173,L3,L2,L3,L2,L3,L3,L1,L1,L2,C3_1,D3_1,F3_1,,,N3_2,L_1,M_1
427174,L3,L2,L3,L2,L3,L3,L1,L1,L2,C3_1,D3_1,F3_1,,,N3_2,L_1,M_2
427175,L3,L2,L3,L2,L3,L3,L1,L1,L2,C3_1,D3_1,F3_1,,,N3_2,L_2,M_1
427176,L3,L2,L3,L2,L3,L3,L1,L1,L2,C3_1,D3_1,F3_1,,,N3_2,L_2,M_2
427177,L3,L2,L3,L2,L3,L3,L1,L1,L2,C3_1,D3_1,F3_1,,,N3_2,L_3,M_1
427178,L3,L2,L3,L2,L3,L3,L1,L1,L2,C3_1,D3_1,F3_1,,,N3_2,L_3,M_2
427179,L3,L2,L3,L2,L3,L3,L1,L1,L2,C3_1,D3_1,F3_2,,,N3_1,L_1,M_1
427180,L3,L2,L3,L2,L3,L3,L1,L1,L2,C3_1,D3_1,F3_2,,,N3_1,L_1,M_2
427181,L3,L2,L3,L2,L3,L3,L1,L1,L2,C3_1,D3_1,F3_2,,,N3_1,L_2,M_1
427182,L3,L2,L3,L2,L3,L3,L1,L1,L2,C3_1,D3_1,F3_2,,,N3_1,L_2,M_2
427183,L3,L2,L3,L2,L3,L3,L1,L1,L2,C3_1,D3_1,F3_2,,,N3_1,L_3,M_1
427184,L3,L2,L3,L2,L3,L3,L1,L1,L2,C3_1,D3_1,F3_2,,,N3_1,L_3,M_2
427185,L3,L2,L3,L2,L3,L3,L1,L1,L2,C3_1,D3_1,F3_2,,,N3_2,L_1,M_1
427186,L3,L2,L3,L2,L3,L3,L1,L1,L2,C3_1,D3_1,F3_2,,,N3_2,L_1,M_2
427187,L3,L2,L3,L2,L3,L3,L1,L1,L2,C3_1,D3_1,F3_2,,,N3_2,L_2,M_1
427188,L3,L2,L3,L2,L3,L3,L1,L1,L2,C3_1,D3_1,F3_2,,,N3_2,L_2,M_2
427189,L3,L2,L3,L2,L3,L3,L1,L1,L2,C3_1,D3_1,F3_2,,,N3_2,L_3,M_1
427190,L3,L2,L3,L2,L3,L3,L1,L1,L2,C3_1,D3_1,F3_2,,,N3_2,L_3,M_2
427191,L3,L2,L3,L2,L3,L3,L1,L1,L2,C3_1,D3_1,F3_3,,,N3_1,L_1,M_1
427192,L3,L2,L3,L2,L3,L3,L1,L1,L2,C3_1,D3_1,F3_3,,,N3_1,L_1,M_2
427193,L3,L2,L3,L2,L3,L3,L1,L1,L2,C3_1,D3_1,F3_3,,,N3_1,L_2,M_1
427194,L3,L2,L3,L2,L3,L3,L1,L1,L2,C3_1,D3_1,F3_3,,,N3_1,L_2,M_2
427195,L3,L2,L3,L2,L3,L3,L1,L1,L2,C3_1,D3_1,F3_3,,,N3_1,L_3,M_1
427196,L3,L2,L3,L2,L3,L3,L1,L1,L2,C3_1,D3_1,F3_3,,,N3_1,L_3,M_2
427197,L3,L2,L3,L2,L3,L3,L1,L1,L2,C3_1,D3_1,F3_3,,,N3_2,L_1,M_1
427198,L3,L2,L3,L2,L3,L3,L1,L1,L2,C3_1,D3_1,F3_3,,,N3_2,L_1,M_2
427199,L3,L2,L3,L2,L3,L3,L1,L1,L2,C3_1,D3_1,F3_3,,,N3_2,L_2,M_1
427200,L3,L2,L3,L2,L3,L3,L1,L1,L2,C3_1,D3_1,F3_3,,,N3_2,L_2,M_2
427201,L3,L2,L3,L2,L3,L3,L1,L1,L2,C3_1,D3_1,F3_3,,,N3_2,L_3,M_1
427202,L3,L2,L3,L2,L3,L3,L1,L1,L2,C3_1,D3_1,F3_3,,,N3_2,L_3,M_2
427203,L3,L2,L3,L2,L3,L3,L1,L1,L2,C3_1,D3_2,F3_1,,,N3_1,L_1,M_1
427204,L3,L2,L3,L2,L3,L3,L1,L1,L2,C3_1,D3_2,F3_1,,,N3_1,L_1,M_2
427205,L3,L2,L3,L2,L3,L3,L1,L1,L2,C3_1,D3_2,F3_1,,,N3_1,L_2,M_1
427206,L3,L2,L3,L2,L3,L3,L1,L1,L2,C3_1,D3_2,F3_1,,,N3_1,L_2,M_2
427207,L3,L2,L3,L2,L3,L3,L1,L1,L2,C3_1,D3_2,F3_1,,,N3_1,L_3,M_1
427208,L3,L2,L3,L2,L3,L3,L1,L1,L2,C3_1,D3_2,F3_1,,,N3_1,L_3,M_2
427209,L3,L2,L3,L2,L3,L3,L1,L1,L2,C3_1,D3_2,F3_1,,,N3_2,L_1,M_1
427210,L3,L2,L3,L2,L3,L3,L1,L1,L2,C3_1,D3_2,F3_1,,,N3_2,L_1,M_2
427211,L3,L2,L3,L2,L3,L3,L1,L1,L2,C3_1,D3_2,F3_1,,,N3_2,L_2,M_1
427212,L3,L2,L3,L2,L3,L3,L1,L1,L2,C3_1,D3_2,F3_1,,,N3_2,L_2,M_2
427213,L3,L2,L3,L2,L3,L3,L1,L1,L2,C3_1,D3_2,F3_1,,,N3_2,L_3,M_1
427214,L3,L2,L3,L2,L3,L3,L1,L1,L2,C3_1,D3_2,F3_1,,,N3_2,L_3,M_2
427215,L3,L2,L3,L2,L3,L3,L1,L1,L2,C3_1,D3_2,F3_2,,,N3_1,L_1,M_1
427216,L3,L2,L3,L2,L3,L3,L1,L1,L2,C3_1,D3_2,F3_2,,,N3_1,L_1,M_2
427217,L3,L2,L3,L2,L3,L3,L1,L1,L2,C3_1,D3_2,F3_2,,,N3_1,L_2,M_1
427218,L3,L2,L3,L2,L3,L3,L1,L1,L2,C3_1,D3_2,F3_2,,,N3_1,L_2,M_2
427219,L3,L2,L3,L2,L3,L3,L1,L1,L2,C3_1,D3_2,F3_2,,,N3_1,L_3,M_1
427220,L3,L2,L3,L2,L3,L3,L1,L1,L2,C3_1,D3_2,F3_2,,,N3_1,L_3,M_2
427221,L3,L2,L3,L2,L3,L3,L1,L1,L2,C3_1,D3_2,F3_2,,,N3_2,L_1,M_1
427222,L3,L2,L3,L2,L3,L3,L1,L1,L2,C3_1,D3_2,F3_2,,,N3_2,L_1,M_2
427223,L3,L2,L3,L2,L3,L3,L1,L1,L2,C3_1,D3_2,F3_2,,,N3_2,L_2,M_1
427224,L3,L2,L3,L2,L3,L3,L1,L1,L2,C3_1,D3_2,F3_2,,,N3_2,L_2,M_2
427225,L3,L2,L3,L2,L3,L3,L1,L1,L2,C3_1,D3_2,F3_2,,,N3_2,L_3,M_1
427226,L3,L2,L3,L2,L3,L3,L1,L1,L2,C3_1,D3_2,F3_2,,,N3_2,L_3,M_2
427227,L3,L2,L3,L2,L3,L3,L1,L1,L2,C3_1,D3_2,F3_3,,,N3_1,L_1,M_1
427228,L3,L2,L3,L2,L3,L3,L1,L1,L2,C3_1,D3_2,F3_3,,,N3_1,L_1,M_2
427229,L3,L2,L3,L2,L3,L3,L1,L1,L2,C3_1,D3_2,F3_3,,,N3_1,L_2,M_1
427230,L3,L2,L3,L2,L3,L3,L1,L1,L2,C3_1,D3_2,F3_3,,,N3_1,L_2,M_2
427231,L3,L2,L3,L2,L3,L3,L1,L1,L2,C3_1,D3_2,F3_3,,,N3_1,L_3,M_1
427232,L3,L2,L3,L2,L3,L3,L1,L1,L2,C3_1,D3_2,F3_3,,,N3_1,L_3,M_2
427233,L3,L2,L3,L2,L3,L3,L1,L1,L2,C3_1,D3_2,F3_3,,,N3_2,L_1,M_1
427234,L3,L2,L3,L2,L3,L3,L1,L1,L2,C3_1,D3_2,F3_3,,,N3_2,L_1,M_2
427235,L3,L2,L3,L2,L3,L3,L1,L1,L2,C3_1,D3_2,F3_3,,,N3_2,L_2,M_1
427236,L3,L2,L3,L2,L3,L3,L1,L1,L2,C3_1,D3_2,F3_3,,,N3_2,L_2,M_2
427237,L3,L2,L3,L2,L3,L3,L1,L1,L2,C3_1,D3_2,F3_3,,,N3_2,L_3,M_1
427238,L3,L2,L3,L2,L3,L3,L1,L1,L2,C3_1,D3_2,F3_3,,,N3_2,L_3,M_2
427239,L3,L2,L3,L2,L3,L3,L1,L1,L2,C3_1,D3_3,F3_1,,,N3_1,L_1,M_1
427240,L3,L2,L3,L2,L3,L3,L1,L1,L2,C3_1,D3_3,F3_1,,,N3_1,L_1,M_2
427241,L3,L2,L3,L2,L3,L3,L1,L1,L2,C3_1,D3_3,F3_1,,,N3_1,L_2,M_1
427242,L3,L2,L3,L2,L3,L3,L1,L1,L2,C3_1,D3_3,F3_1,,,N3_1,L_2,M_2
427243,L3,L2,L3,L2,L3,L3,L1,L1,L2,C3_1,D3_3,F3_1,,,N3_1,L_3,M_1
427244,L3,L2,L3,L2,L3,L3,L1,L1,L2,C3_1,D3_3,F3_1,,,N3_1,L_3,M_2
427245,L3,L2,L3,L2,L3,L3,L1,L1,L2,C3_1,D3_3,F3_1,,,N3_2,L_1,M_1
427246,L3,L2,L3,L2,L3,L3,L1,L1,L2,C3_1,D3_3,F3_1,,,N3_2,L_1,M_2
427247,L3,L2,L3,L2,L3,L3,L1,L1,L2,C3_1,D3_3,F3_1,,,N3_2,L_2,M_1
427248,L3,L2,L3,L2,L3,L3,L1,L1,L2,C3_1,D3_3,F3_1,,,N3_2,L_2,M_2
427249,L3,L2,L3,L2,L3,L3,L1,L1,L2,C3_1,D3_3,F3_1,,,N3_2,L_3,M_1
427250,L3,L2,L3,L2,L3,L3,L1,L1,L2,C3_1,D3_3,F3_1,,,N3_2,L_3,M_2
427251,L3,L2,L3,L2,L3,L3,L1,L1,L2,C3_1,D3_3,F3_2,,,N3_1,L_1,M_1
427252,L3,L2,L3,L2,L3,L3,L1,L1,L2,C3_1,D3_3,F3_2,,,N3_1,L_1,M_2
427253,L3,L2,L3,L2,L3,L3,L1,L1,L2,C3_1,D3_3,F3_2,,,N3_1,L_2,M_1
427254,L3,L2,L3,L2,L3,L3,L1,L1,L2,C3_1,D3_3,F3_2,,,N3_1,L_2,M_2
427255,L3,L2,L3,L2,L3,L3,L1,L1,L2,C3_1,D3_3,F3_2,,,N3_1,L_3,M_1
427256,L3,L2,L3,L2,L3,L3,L1,L1,L2,C3_1,D3_3,F3_2,,,N3_1,L_3,M_2
427257,L3,L2,L3,L2,L3,L3,L1,L1,L2,C3_1,D3_3,F3_2,,,N3_2,L_1,M_1
427258,L3,L2,L3,L2,L3,L3,L1,L1,L2,C3_1,D3_3,F3_2,,,N3_2,L_1,M_2
427259,L3,L2,L3,L2,L3,L3,L1,L1,L2,C3_1,D3_3,F3_2,,,N3_2,L_2,M_1
427260,L3,L2,L3,L2,L3,L3,L1,L1,L2,C3_1,D3_3,F3_2,,,N3_2,L_2,M_2
427261,L3,L2,L3,L2,L3,L3,L1,L1,L2,C3_1,D3_3,F3_2,,,N3_2,L_3,M_1
427262,L3,L2,L3,L2,L3,L3,L1,L1,L2,C3_1,D3_3,F3_2,,,N3_2,L_3,M_2
427263,L3,L2,L3,L2,L3,L3,L1,L1,L2,C3_1,D3_3,F3_3,,,N3_1,L_1,M_1
427264,L3,L2,L3,L2,L3,L3,L1,L1,L2,C3_1,D3_3,F3_3,,,N3_1,L_1,M_2
427265,L3,L2,L3,L2,L3,L3,L1,L1,L2,C3_1,D3_3,F3_3,,,N3_1,L_2,M_1
427266,L3,L2,L3,L2,L3,L3,L1,L1,L2,C3_1,D3_3,F3_3,,,N3_1,L_2,M_2
427267,L3,L2,L3,L2,L3,L3,L1,L1,L2,C3_1,D3_3,F3_3,,,N3_1,L_3,M_1
427268,L3,L2,L3,L2,L3,L3,L1,L1,L2,C3_1,D3_3,F3_3,,,N3_1,L_3,M_2
427269,L3,L2,L3,L2,L3,L3,L1,L1,L2,C3_1,D3_3,F3_3,,,N3_2,L_1,M_1
427270,L3,L2,L3,L2,L3,L3,L1,L1,L2,C3_1,D3_3,F3_3,,,N3_2,L_1,M_2
427271,L3,L2,L3,L2,L3,L3,L1,L1,L2,C3_1,D3_3,F3_3,,,N3_2,L_2,M_1
427272,L3,L2,L3,L2,L3,L3,L1,L1,L2,C3_1,D3_3,F3_3,,,N3_2,L_2,M_2
427273,L3,L2,L3,L2,L3,L3,L1,L1,L2,C3_1,D3_3,F3_3,,,N3_2,L_3,M_1
427274,L3,L2,L3,L2,L3,L3,L1,L1,L2,C3_1,D3_3,F3_3,,,N3_2,L_3,M_2
427275,L3,L2,L3,L2,L3,L3,L1,L1,L2,C3_2,D3_1,F3_1,,,N3_1,L_1,M_1
427276,L3,L2,L3,L2,L3,L3,L1,L1,L2,C3_2,D3_1,F3_1,,,N3_1,L_1,M_2
427277,L3,L2,L3,L2,L3,L3,L1,L1,L2,C3_2,D3_1,F3_1,,,N3_1,L_2,M_1
427278,L3,L2,L3,L2,L3,L3,L1,L1,L2,C3_2,D3_1,F3_1,,,N3_1,L_2,M_2
427279,L3,L2,L3,L2,L3,L3,L1,L1,L2,C3_2,D3_1,F3_1,,,N3_1,L_3,M_1
427280,L3,L2,L3,L2,L3,L3,L1,L1,L2,C3_2,D3_1,F3_1,,,N3_1,L_3,M_2
427281,L3,L2,L3,L2,L3,L3,L1,L1,L2,C3_2,D3_1,F3_1,,,N3_2,L_1,M_1
427282,L3,L2,L3,L2,L3,L3,L1,L1,L2,C3_2,D3_1,F3_1,,,N3_2,L_1,M_2
427283,L3,L2,L3,L2,L3,L3,L1,L1,L2,C3_2,D3_1,F3_1,,,N3_2,L_2,M_1
427284,L3,L2,L3,L2,L3,L3,L1,L1,L2,C3_2,D3_1,F3_1,,,N3_2,L_2,M_2
427285,L3,L2,L3,L2,L3,L3,L1,L1,L2,C3_2,D3_1,F3_1,,,N3_2,L_3,M_1
427286,L3,L2,L3,L2,L3,L3,L1,L1,L2,C3_2,D3_1,F3_1,,,N3_2,L_3,M_2
427287,L3,L2,L3,L2,L3,L3,L1,L1,L2,C3_2,D3_1,F3_2,,,N3_1,L_1,M_1
427288,L3,L2,L3,L2,L3,L3,L1,L1,L2,C3_2,D3_1,F3_2,,,N3_1,L_1,M_2
427289,L3,L2,L3,L2,L3,L3,L1,L1,L2,C3_2,D3_1,F3_2,,,N3_1,L_2,M_1
427290,L3,L2,L3,L2,L3,L3,L1,L1,L2,C3_2,D3_1,F3_2,,,N3_1,L_2,M_2
427291,L3,L2,L3,L2,L3,L3,L1,L1,L2,C3_2,D3_1,F3_2,,,N3_1,L_3,M_1
427292,L3,L2,L3,L2,L3,L3,L1,L1,L2,C3_2,D3_1,F3_2,,,N3_1,L_3,M_2
427293,L3,L2,L3,L2,L3,L3,L1,L1,L2,C3_2,D3_1,F3_2,,,N3_2,L_1,M_1
427294,L3,L2,L3,L2,L3,L3,L1,L1,L2,C3_2,D3_1,F3_2,,,N3_2,L_1,M_2
427295,L3,L2,L3,L2,L3,L3,L1,L1,L2,C3_2,D3_1,F3_2,,,N3_2,L_2,M_1
427296,L3,L2,L3,L2,L3,L3,L1,L1,L2,C3_2,D3_1,F3_2,,,N3_2,L_2,M_2
427297,L3,L2,L3,L2,L3,L3,L1,L1,L2,C3_2,D3_1,F3_2,,,N3_2,L_3,M_1
427298,L3,L2,L3,L2,L3,L3,L1,L1,L2,C3_2,D3_1,F3_2,,,N3_2,L_3,M_2
427299,L3,L2,L3,L2,L3,L3,L1,L1,L2,C3_2,D3_1,F3_3,,,N3_1,L_1,M_1
427300,L3,L2,L3,L2,L3,L3,L1,L1,L2,C3_2,D3_1,F3_3,,,N3_1,L_1,M_2
427301,L3,L2,L3,L2,L3,L3,L1,L1,L2,C3_2,D3_1,F3_3,,,N3_1,L_2,M_1
427302,L3,L2,L3,L2,L3,L3,L1,L1,L2,C3_2,D3_1,F3_3,,,N3_1,L_2,M_2
427303,L3,L2,L3,L2,L3,L3,L1,L1,L2,C3_2,D3_1,F3_3,,,N3_1,L_3,M_1
427304,L3,L2,L3,L2,L3,L3,L1,L1,L2,C3_2,D3_1,F3_3,,,N3_1,L_3,M_2
427305,L3,L2,L3,L2,L3,L3,L1,L1,L2,C3_2,D3_1,F3_3,,,N3_2,L_1,M_1
427306,L3,L2,L3,L2,L3,L3,L1,L1,L2,C3_2,D3_1,F3_3,,,N3_2,L_1,M_2
427307,L3,L2,L3,L2,L3,L3,L1,L1,L2,C3_2,D3_1,F3_3,,,N3_2,L_2,M_1
427308,L3,L2,L3,L2,L3,L3,L1,L1,L2,C3_2,D3_1,F3_3,,,N3_2,L_2,M_2
427309,L3,L2,L3,L2,L3,L3,L1,L1,L2,C3_2,D3_1,F3_3,,,N3_2,L_3,M_1
427310,L3,L2,L3,L2,L3,L3,L1,L1,L2,C3_2,D3_1,F3_3,,,N3_2,L_3,M_2
427311,L3,L2,L3,L2,L3,L3,L1,L1,L2,C3_2,D3_2,F3_1,,,N3_1,L_1,M_1
427312,L3,L2,L3,L2,L3,L3,L1,L1,L2,C3_2,D3_2,F3_1,,,N3_1,L_1,M_2
427313,L3,L2,L3,L2,L3,L3,L1,L1,L2,C3_2,D3_2,F3_1,,,N3_1,L_2,M_1
427314,L3,L2,L3,L2,L3,L3,L1,L1,L2,C3_2,D3_2,F3_1,,,N3_1,L_2,M_2
427315,L3,L2,L3,L2,L3,L3,L1,L1,L2,C3_2,D3_2,F3_1,,,N3_1,L_3,M_1
427316,L3,L2,L3,L2,L3,L3,L1,L1,L2,C3_2,D3_2,F3_1,,,N3_1,L_3,M_2
427317,L3,L2,L3,L2,L3,L3,L1,L1,L2,C3_2,D3_2,F3_1,,,N3_2,L_1,M_1
427318,L3,L2,L3,L2,L3,L3,L1,L1,L2,C3_2,D3_2,F3_1,,,N3_2,L_1,M_2
427319,L3,L2,L3,L2,L3,L3,L1,L1,L2,C3_2,D3_2,F3_1,,,N3_2,L_2,M_1
427320,L3,L2,L3,L2,L3,L3,L1,L1,L2,C3_2,D3_2,F3_1,,,N3_2,L_2,M_2
427321,L3,L2,L3,L2,L3,L3,L1,L1,L2,C3_2,D3_2,F3_1,,,N3_2,L_3,M_1
427322,L3,L2,L3,L2,L3,L3,L1,L1,L2,C3_2,D3_2,F3_1,,,N3_2,L_3,M_2
427323,L3,L2,L3,L2,L3,L3,L1,L1,L2,C3_2,D3_2,F3_2,,,N3_1,L_1,M_1
427324,L3,L2,L3,L2,L3,L3,L1,L1,L2,C3_2,D3_2,F3_2,,,N3_1,L_1,M_2
427325,L3,L2,L3,L2,L3,L3,L1,L1,L2,C3_2,D3_2,F3_2,,,N3_1,L_2,M_1
427326,L3,L2,L3,L2,L3,L3,L1,L1,L2,C3_2,D3_2,F3_2,,,N3_1,L_2,M_2
427327,L3,L2,L3,L2,L3,L3,L1,L1,L2,C3_2,D3_2,F3_2,,,N3_1,L_3,M_1
427328,L3,L2,L3,L2,L3,L3,L1,L1,L2,C3_2,D3_2,F3_2,,,N3_1,L_3,M_2
427329,L3,L2,L3,L2,L3,L3,L1,L1,L2,C3_2,D3_2,F3_2,,,N3_2,L_1,M_1
427330,L3,L2,L3,L2,L3,L3,L1,L1,L2,C3_2,D3_2,F3_2,,,N3_2,L_1,M_2
427331,L3,L2,L3,L2,L3,L3,L1,L1,L2,C3_2,D3_2,F3_2,,,N3_2,L_2,M_1
427332,L3,L2,L3,L2,L3,L3,L1,L1,L2,C3_2,D3_2,F3_2,,,N3_2,L_2,M_2
427333,L3,L2,L3,L2,L3,L3,L1,L1,L2,C3_2,D3_2,F3_2,,,N3_2,L_3,M_1
427334,L3,L2,L3,L2,L3,L3,L1,L1,L2,C3_2,D3_2,F3_2,,,N3_2,L_3,M_2
427335,L3,L2,L3,L2,L3,L3,L1,L1,L2,C3_2,D3_2,F3_3,,,N3_1,L_1,M_1
427336,L3,L2,L3,L2,L3,L3,L1,L1,L2,C3_2,D3_2,F3_3,,,N3_1,L_1,M_2
427337,L3,L2,L3,L2,L3,L3,L1,L1,L2,C3_2,D3_2,F3_3,,,N3_1,L_2,M_1
427338,L3,L2,L3,L2,L3,L3,L1,L1,L2,C3_2,D3_2,F3_3,,,N3_1,L_2,M_2
427339,L3,L2,L3,L2,L3,L3,L1,L1,L2,C3_2,D3_2,F3_3,,,N3_1,L_3,M_1
427340,L3,L2,L3,L2,L3,L3,L1,L1,L2,C3_2,D3_2,F3_3,,,N3_1,L_3,M_2
427341,L3,L2,L3,L2,L3,L3,L1,L1,L2,C3_2,D3_2,F3_3,,,N3_2,L_1,M_1
427342,L3,L2,L3,L2,L3,L3,L1,L1,L2,C3_2,D3_2,F3_3,,,N3_2,L_1,M_2
427343,L3,L2,L3,L2,L3,L3,L1,L1,L2,C3_2,D3_2,F3_3,,,N3_2,L_2,M_1
427344,L3,L2,L3,L2,L3,L3,L1,L1,L2,C3_2,D3_2,F3_3,,,N3_2,L_2,M_2
427345,L3,L2,L3,L2,L3,L3,L1,L1,L2,C3_2,D3_2,F3_3,,,N3_2,L_3,M_1
427346,L3,L2,L3,L2,L3,L3,L1,L1,L2,C3_2,D3_2,F3_3,,,N3_2,L_3,M_2
427347,L3,L2,L3,L2,L3,L3,L1,L1,L2,C3_2,D3_3,F3_1,,,N3_1,L_1,M_1
427348,L3,L2,L3,L2,L3,L3,L1,L1,L2,C3_2,D3_3,F3_1,,,N3_1,L_1,M_2
427349,L3,L2,L3,L2,L3,L3,L1,L1,L2,C3_2,D3_3,F3_1,,,N3_1,L_2,M_1
427350,L3,L2,L3,L2,L3,L3,L1,L1,L2,C3_2,D3_3,F3_1,,,N3_1,L_2,M_2
427351,L3,L2,L3,L2,L3,L3,L1,L1,L2,C3_2,D3_3,F3_1,,,N3_1,L_3,M_1
427352,L3,L2,L3,L2,L3,L3,L1,L1,L2,C3_2,D3_3,F3_1,,,N3_1,L_3,M_2
427353,L3,L2,L3,L2,L3,L3,L1,L1,L2,C3_2,D3_3,F3_1,,,N3_2,L_1,M_1
427354,L3,L2,L3,L2,L3,L3,L1,L1,L2,C3_2,D3_3,F3_1,,,N3_2,L_1,M_2
427355,L3,L2,L3,L2,L3,L3,L1,L1,L2,C3_2,D3_3,F3_1,,,N3_2,L_2,M_1
427356,L3,L2,L3,L2,L3,L3,L1,L1,L2,C3_2,D3_3,F3_1,,,N3_2,L_2,M_2
427357,L3,L2,L3,L2,L3,L3,L1,L1,L2,C3_2,D3_3,F3_1,,,N3_2,L_3,M_1
427358,L3,L2,L3,L2,L3,L3,L1,L1,L2,C3_2,D3_3,F3_1,,,N3_2,L_3,M_2
427359,L3,L2,L3,L2,L3,L3,L1,L1,L2,C3_2,D3_3,F3_2,,,N3_1,L_1,M_1
427360,L3,L2,L3,L2,L3,L3,L1,L1,L2,C3_2,D3_3,F3_2,,,N3_1,L_1,M_2
427361,L3,L2,L3,L2,L3,L3,L1,L1,L2,C3_2,D3_3,F3_2,,,N3_1,L_2,M_1
427362,L3,L2,L3,L2,L3,L3,L1,L1,L2,C3_2,D3_3,F3_2,,,N3_1,L_2,M_2
427363,L3,L2,L3,L2,L3,L3,L1,L1,L2,C3_2,D3_3,F3_2,,,N3_1,L_3,M_1
427364,L3,L2,L3,L2,L3,L3,L1,L1,L2,C3_2,D3_3,F3_2,,,N3_1,L_3,M_2
427365,L3,L2,L3,L2,L3,L3,L1,L1,L2,C3_2,D3_3,F3_2,,,N3_2,L_1,M_1
427366,L3,L2,L3,L2,L3,L3,L1,L1,L2,C3_2,D3_3,F3_2,,,N3_2,L_1,M_2
427367,L3,L2,L3,L2,L3,L3,L1,L1,L2,C3_2,D3_3,F3_2,,,N3_2,L_2,M_1
427368,L3,L2,L3,L2,L3,L3,L1,L1,L2,C3_2,D3_3,F3_2,,,N3_2,L_2,M_2
427369,L3,L2,L3,L2,L3,L3,L1,L1,L2,C3_2,D3_3,F3_2,,,N3_2,L_3,M_1
427370,L3,L2,L3,L2,L3,L3,L1,L1,L2,C3_2,D3_3,F3_2,,,N3_2,L_3,M_2
427371,L3,L2,L3,L2,L3,L3,L1,L1,L2,C3_2,D3_3,F3_3,,,N3_1,L_1,M_1
427372,L3,L2,L3,L2,L3,L3,L1,L1,L2,C3_2,D3_3,F3_3,,,N3_1,L_1,M_2
427373,L3,L2,L3,L2,L3,L3,L1,L1,L2,C3_2,D3_3,F3_3,,,N3_1,L_2,M_1
427374,L3,L2,L3,L2,L3,L3,L1,L1,L2,C3_2,D3_3,F3_3,,,N3_1,L_2,M_2
427375,L3,L2,L3,L2,L3,L3,L1,L1,L2,C3_2,D3_3,F3_3,,,N3_1,L_3,M_1
427376,L3,L2,L3,L2,L3,L3,L1,L1,L2,C3_2,D3_3,F3_3,,,N3_1,L_3,M_2
427377,L3,L2,L3,L2,L3,L3,L1,L1,L2,C3_2,D3_3,F3_3,,,N3_2,L_1,M_1
427378,L3,L2,L3,L2,L3,L3,L1,L1,L2,C3_2,D3_3,F3_3,,,N3_2,L_1,M_2
427379,L3,L2,L3,L2,L3,L3,L1,L1,L2,C3_2,D3_3,F3_3,,,N3_2,L_2,M_1
427380,L3,L2,L3,L2,L3,L3,L1,L1,L2,C3_2,D3_3,F3_3,,,N3_2,L_2,M_2
427381,L3,L2,L3,L2,L3,L3,L1,L1,L2,C3_2,D3_3,F3_3,,,N3_2,L_3,M_1
427382,L3,L2,L3,L2,L3,L3,L1,L1,L2,C3_2,D3_3,F3_3,,,N3_2,L_3,M_2
427383,L3,L2,L3,L2,L3,L3,L1,L1,L2,C3_3,D3_1,F3_1,,,N3_1,L_1,M_1
427384,L3,L2,L3,L2,L3,L3,L1,L1,L2,C3_3,D3_1,F3_1,,,N3_1,L_1,M_2
427385,L3,L2,L3,L2,L3,L3,L1,L1,L2,C3_3,D3_1,F3_1,,,N3_1,L_2,M_1
427386,L3,L2,L3,L2,L3,L3,L1,L1,L2,C3_3,D3_1,F3_1,,,N3_1,L_2,M_2
427387,L3,L2,L3,L2,L3,L3,L1,L1,L2,C3_3,D3_1,F3_1,,,N3_1,L_3,M_1
427388,L3,L2,L3,L2,L3,L3,L1,L1,L2,C3_3,D3_1,F3_1,,,N3_1,L_3,M_2
427389,L3,L2,L3,L2,L3,L3,L1,L1,L2,C3_3,D3_1,F3_1,,,N3_2,L_1,M_1
427390,L3,L2,L3,L2,L3,L3,L1,L1,L2,C3_3,D3_1,F3_1,,,N3_2,L_1,M_2
427391,L3,L2,L3,L2,L3,L3,L1,L1,L2,C3_3,D3_1,F3_1,,,N3_2,L_2,M_1
427392,L3,L2,L3,L2,L3,L3,L1,L1,L2,C3_3,D3_1,F3_1,,,N3_2,L_2,M_2
427393,L3,L2,L3,L2,L3,L3,L1,L1,L2,C3_3,D3_1,F3_1,,,N3_2,L_3,M_1
427394,L3,L2,L3,L2,L3,L3,L1,L1,L2,C3_3,D3_1,F3_1,,,N3_2,L_3,M_2
427395,L3,L2,L3,L2,L3,L3,L1,L1,L2,C3_3,D3_1,F3_2,,,N3_1,L_1,M_1
427396,L3,L2,L3,L2,L3,L3,L1,L1,L2,C3_3,D3_1,F3_2,,,N3_1,L_1,M_2
427397,L3,L2,L3,L2,L3,L3,L1,L1,L2,C3_3,D3_1,F3_2,,,N3_1,L_2,M_1
427398,L3,L2,L3,L2,L3,L3,L1,L1,L2,C3_3,D3_1,F3_2,,,N3_1,L_2,M_2
427399,L3,L2,L3,L2,L3,L3,L1,L1,L2,C3_3,D3_1,F3_2,,,N3_1,L_3,M_1
427400,L3,L2,L3,L2,L3,L3,L1,L1,L2,C3_3,D3_1,F3_2,,,N3_1,L_3,M_2
427401,L3,L2,L3,L2,L3,L3,L1,L1,L2,C3_3,D3_1,F3_2,,,N3_2,L_1,M_1
427402,L3,L2,L3,L2,L3,L3,L1,L1,L2,C3_3,D3_1,F3_2,,,N3_2,L_1,M_2
427403,L3,L2,L3,L2,L3,L3,L1,L1,L2,C3_3,D3_1,F3_2,,,N3_2,L_2,M_1
427404,L3,L2,L3,L2,L3,L3,L1,L1,L2,C3_3,D3_1,F3_2,,,N3_2,L_2,M_2
427405,L3,L2,L3,L2,L3,L3,L1,L1,L2,C3_3,D3_1,F3_2,,,N3_2,L_3,M_1
427406,L3,L2,L3,L2,L3,L3,L1,L1,L2,C3_3,D3_1,F3_2,,,N3_2,L_3,M_2
427407,L3,L2,L3,L2,L3,L3,L1,L1,L2,C3_3,D3_1,F3_3,,,N3_1,L_1,M_1
427408,L3,L2,L3,L2,L3,L3,L1,L1,L2,C3_3,D3_1,F3_3,,,N3_1,L_1,M_2
427409,L3,L2,L3,L2,L3,L3,L1,L1,L2,C3_3,D3_1,F3_3,,,N3_1,L_2,M_1
427410,L3,L2,L3,L2,L3,L3,L1,L1,L2,C3_3,D3_1,F3_3,,,N3_1,L_2,M_2
427411,L3,L2,L3,L2,L3,L3,L1,L1,L2,C3_3,D3_1,F3_3,,,N3_1,L_3,M_1
427412,L3,L2,L3,L2,L3,L3,L1,L1,L2,C3_3,D3_1,F3_3,,,N3_1,L_3,M_2
427413,L3,L2,L3,L2,L3,L3,L1,L1,L2,C3_3,D3_1,F3_3,,,N3_2,L_1,M_1
427414,L3,L2,L3,L2,L3,L3,L1,L1,L2,C3_3,D3_1,F3_3,,,N3_2,L_1,M_2
427415,L3,L2,L3,L2,L3,L3,L1,L1,L2,C3_3,D3_1,F3_3,,,N3_2,L_2,M_1
427416,L3,L2,L3,L2,L3,L3,L1,L1,L2,C3_3,D3_1,F3_3,,,N3_2,L_2,M_2
427417,L3,L2,L3,L2,L3,L3,L1,L1,L2,C3_3,D3_1,F3_3,,,N3_2,L_3,M_1
427418,L3,L2,L3,L2,L3,L3,L1,L1,L2,C3_3,D3_1,F3_3,,,N3_2,L_3,M_2
427419,L3,L2,L3,L2,L3,L3,L1,L1,L2,C3_3,D3_2,F3_1,,,N3_1,L_1,M_1
427420,L3,L2,L3,L2,L3,L3,L1,L1,L2,C3_3,D3_2,F3_1,,,N3_1,L_1,M_2
427421,L3,L2,L3,L2,L3,L3,L1,L1,L2,C3_3,D3_2,F3_1,,,N3_1,L_2,M_1
427422,L3,L2,L3,L2,L3,L3,L1,L1,L2,C3_3,D3_2,F3_1,,,N3_1,L_2,M_2
427423,L3,L2,L3,L2,L3,L3,L1,L1,L2,C3_3,D3_2,F3_1,,,N3_1,L_3,M_1
427424,L3,L2,L3,L2,L3,L3,L1,L1,L2,C3_3,D3_2,F3_1,,,N3_1,L_3,M_2
427425,L3,L2,L3,L2,L3,L3,L1,L1,L2,C3_3,D3_2,F3_1,,,N3_2,L_1,M_1
427426,L3,L2,L3,L2,L3,L3,L1,L1,L2,C3_3,D3_2,F3_1,,,N3_2,L_1,M_2
427427,L3,L2,L3,L2,L3,L3,L1,L1,L2,C3_3,D3_2,F3_1,,,N3_2,L_2,M_1
427428,L3,L2,L3,L2,L3,L3,L1,L1,L2,C3_3,D3_2,F3_1,,,N3_2,L_2,M_2
427429,L3,L2,L3,L2,L3,L3,L1,L1,L2,C3_3,D3_2,F3_1,,,N3_2,L_3,M_1
427430,L3,L2,L3,L2,L3,L3,L1,L1,L2,C3_3,D3_2,F3_1,,,N3_2,L_3,M_2
427431,L3,L2,L3,L2,L3,L3,L1,L1,L2,C3_3,D3_2,F3_2,,,N3_1,L_1,M_1
427432,L3,L2,L3,L2,L3,L3,L1,L1,L2,C3_3,D3_2,F3_2,,,N3_1,L_1,M_2
427433,L3,L2,L3,L2,L3,L3,L1,L1,L2,C3_3,D3_2,F3_2,,,N3_1,L_2,M_1
427434,L3,L2,L3,L2,L3,L3,L1,L1,L2,C3_3,D3_2,F3_2,,,N3_1,L_2,M_2
427435,L3,L2,L3,L2,L3,L3,L1,L1,L2,C3_3,D3_2,F3_2,,,N3_1,L_3,M_1
427436,L3,L2,L3,L2,L3,L3,L1,L1,L2,C3_3,D3_2,F3_2,,,N3_1,L_3,M_2
427437,L3,L2,L3,L2,L3,L3,L1,L1,L2,C3_3,D3_2,F3_2,,,N3_2,L_1,M_1
427438,L3,L2,L3,L2,L3,L3,L1,L1,L2,C3_3,D3_2,F3_2,,,N3_2,L_1,M_2
427439,L3,L2,L3,L2,L3,L3,L1,L1,L2,C3_3,D3_2,F3_2,,,N3_2,L_2,M_1
427440,L3,L2,L3,L2,L3,L3,L1,L1,L2,C3_3,D3_2,F3_2,,,N3_2,L_2,M_2
427441,L3,L2,L3,L2,L3,L3,L1,L1,L2,C3_3,D3_2,F3_2,,,N3_2,L_3,M_1
427442,L3,L2,L3,L2,L3,L3,L1,L1,L2,C3_3,D3_2,F3_2,,,N3_2,L_3,M_2
427443,L3,L2,L3,L2,L3,L3,L1,L1,L2,C3_3,D3_2,F3_3,,,N3_1,L_1,M_1
427444,L3,L2,L3,L2,L3,L3,L1,L1,L2,C3_3,D3_2,F3_3,,,N3_1,L_1,M_2
427445,L3,L2,L3,L2,L3,L3,L1,L1,L2,C3_3,D3_2,F3_3,,,N3_1,L_2,M_1
427446,L3,L2,L3,L2,L3,L3,L1,L1,L2,C3_3,D3_2,F3_3,,,N3_1,L_2,M_2
427447,L3,L2,L3,L2,L3,L3,L1,L1,L2,C3_3,D3_2,F3_3,,,N3_1,L_3,M_1
427448,L3,L2,L3,L2,L3,L3,L1,L1,L2,C3_3,D3_2,F3_3,,,N3_1,L_3,M_2
427449,L3,L2,L3,L2,L3,L3,L1,L1,L2,C3_3,D3_2,F3_3,,,N3_2,L_1,M_1
427450,L3,L2,L3,L2,L3,L3,L1,L1,L2,C3_3,D3_2,F3_3,,,N3_2,L_1,M_2
427451,L3,L2,L3,L2,L3,L3,L1,L1,L2,C3_3,D3_2,F3_3,,,N3_2,L_2,M_1
427452,L3,L2,L3,L2,L3,L3,L1,L1,L2,C3_3,D3_2,F3_3,,,N3_2,L_2,M_2
427453,L3,L2,L3,L2,L3,L3,L1,L1,L2,C3_3,D3_2,F3_3,,,N3_2,L_3,M_1
427454,L3,L2,L3,L2,L3,L3,L1,L1,L2,C3_3,D3_2,F3_3,,,N3_2,L_3,M_2
427455,L3,L2,L3,L2,L3,L3,L1,L1,L2,C3_3,D3_3,F3_1,,,N3_1,L_1,M_1
427456,L3,L2,L3,L2,L3,L3,L1,L1,L2,C3_3,D3_3,F3_1,,,N3_1,L_1,M_2
427457,L3,L2,L3,L2,L3,L3,L1,L1,L2,C3_3,D3_3,F3_1,,,N3_1,L_2,M_1
427458,L3,L2,L3,L2,L3,L3,L1,L1,L2,C3_3,D3_3,F3_1,,,N3_1,L_2,M_2
427459,L3,L2,L3,L2,L3,L3,L1,L1,L2,C3_3,D3_3,F3_1,,,N3_1,L_3,M_1
427460,L3,L2,L3,L2,L3,L3,L1,L1,L2,C3_3,D3_3,F3_1,,,N3_1,L_3,M_2
427461,L3,L2,L3,L2,L3,L3,L1,L1,L2,C3_3,D3_3,F3_1,,,N3_2,L_1,M_1
427462,L3,L2,L3,L2,L3,L3,L1,L1,L2,C3_3,D3_3,F3_1,,,N3_2,L_1,M_2
427463,L3,L2,L3,L2,L3,L3,L1,L1,L2,C3_3,D3_3,F3_1,,,N3_2,L_2,M_1
427464,L3,L2,L3,L2,L3,L3,L1,L1,L2,C3_3,D3_3,F3_1,,,N3_2,L_2,M_2
427465,L3,L2,L3,L2,L3,L3,L1,L1,L2,C3_3,D3_3,F3_1,,,N3_2,L_3,M_1
427466,L3,L2,L3,L2,L3,L3,L1,L1,L2,C3_3,D3_3,F3_1,,,N3_2,L_3,M_2
427467,L3,L2,L3,L2,L3,L3,L1,L1,L2,C3_3,D3_3,F3_2,,,N3_1,L_1,M_1
427468,L3,L2,L3,L2,L3,L3,L1,L1,L2,C3_3,D3_3,F3_2,,,N3_1,L_1,M_2
427469,L3,L2,L3,L2,L3,L3,L1,L1,L2,C3_3,D3_3,F3_2,,,N3_1,L_2,M_1
427470,L3,L2,L3,L2,L3,L3,L1,L1,L2,C3_3,D3_3,F3_2,,,N3_1,L_2,M_2
427471,L3,L2,L3,L2,L3,L3,L1,L1,L2,C3_3,D3_3,F3_2,,,N3_1,L_3,M_1
427472,L3,L2,L3,L2,L3,L3,L1,L1,L2,C3_3,D3_3,F3_2,,,N3_1,L_3,M_2
427473,L3,L2,L3,L2,L3,L3,L1,L1,L2,C3_3,D3_3,F3_2,,,N3_2,L_1,M_1
427474,L3,L2,L3,L2,L3,L3,L1,L1,L2,C3_3,D3_3,F3_2,,,N3_2,L_1,M_2
427475,L3,L2,L3,L2,L3,L3,L1,L1,L2,C3_3,D3_3,F3_2,,,N3_2,L_2,M_1
427476,L3,L2,L3,L2,L3,L3,L1,L1,L2,C3_3,D3_3,F3_2,,,N3_2,L_2,M_2
427477,L3,L2,L3,L2,L3,L3,L1,L1,L2,C3_3,D3_3,F3_2,,,N3_2,L_3,M_1
427478,L3,L2,L3,L2,L3,L3,L1,L1,L2,C3_3,D3_3,F3_2,,,N3_2,L_3,M_2
427479,L3,L2,L3,L2,L3,L3,L1,L1,L2,C3_3,D3_3,F3_3,,,N3_1,L_1,M_1
427480,L3,L2,L3,L2,L3,L3,L1,L1,L2,C3_3,D3_3,F3_3,,,N3_1,L_1,M_2
427481,L3,L2,L3,L2,L3,L3,L1,L1,L2,C3_3,D3_3,F3_3,,,N3_1,L_2,M_1
427482,L3,L2,L3,L2,L3,L3,L1,L1,L2,C3_3,D3_3,F3_3,,,N3_1,L_2,M_2
427483,L3,L2,L3,L2,L3,L3,L1,L1,L2,C3_3,D3_3,F3_3,,,N3_1,L_3,M_1
427484,L3,L2,L3,L2,L3,L3,L1,L1,L2,C3_3,D3_3,F3_3,,,N3_1,L_3,M_2
427485,L3,L2,L3,L2,L3,L3,L1,L1,L2,C3_3,D3_3,F3_3,,,N3_2,L_1,M_1
427486,L3,L2,L3,L2,L3,L3,L1,L1,L2,C3_3,D3_3,F3_3,,,N3_2,L_1,M_2
427487,L3,L2,L3,L2,L3,L3,L1,L1,L2,C3_3,D3_3,F3_3,,,N3_2,L_2,M_1
427488,L3,L2,L3,L2,L3,L3,L1,L1,L2,C3_3,D3_3,F3_3,,,N3_2,L_2,M_2
427489,L3,L2,L3,L2,L3,L3,L1,L1,L2,C3_3,D3_3,F3_3,,,N3_2,L_3,M_1
427490,L3,L2,L3,L2,L3,L3,L1,L1,L2,C3_3,D3_3,F3_3,,,N3_2,L_3,M_2
469179,L2,L2,L1,L3,L3,L3,L1,L1,L2,C3_1,D3_1,F3_1,,,N3_1,L_1,M_1
469180,L2,L2,L1,L3,L3,L3,L1,L1,L2,C3_1,D3_1,F3_1,,,N3_1,L_1,M_2
469181,L2,L2,L1,L3,L3,L3,L1,L1,L2,C3_1,D3_1,F3_1,,,N3_1,L_2,M_1
469182,L2,L2,L1,L3,L3,L3,L1,L1,L2,C3_1,D3_1,F3_1,,,N3_1,L_2,M_2
469183,L2,L2,L1,L3,L3,L3,L1,L1,L2,C3_1,D3_1,F3_1,,,N3_1,L_3,M_1
469184,L2,L2,L1,L3,L3,L3,L1,L1,L2,C3_1,D3_1,F3_1,,,N3_1,L_3,M_2
469185,L2,L2,L1,L3,L3,L3,L1,L1,L2,C3_1,D3_1,F3_1,,,N3_2,L_1,M_1
469186,L2,L2,L1,L3,L3,L3,L1,L1,L2,C3_1,D3_1,F3_1,,,N3_2,L_1,M_2
469187,L2,L2,L1,L3,L3,L3,L1,L1,L2,C3_1,D3_1,F3_1,,,N3_2,L_2,M_1
469188,L2,L2,L1,L3,L3,L3,L1,L1,L2,C3_1,D3_1,F3_1,,,N3_2,L_2,M_2
469189,L2,L2,L1,L3,L3,L3,L1,L1,L2,C3_1,D3_1,F3_1,,,N3_2,L_3,M_1
469190,L2,L2,L1,L3,L3,L3,L1,L1,L2,C3_1,D3_1,F3_1,,,N3_2,L_3,M_2
469191,L2,L2,L1,L3,L3,L3,L1,L1,L2,C3_1,D3_1,F3_2,,,N3_1,L_1,M_1
469192,L2,L2,L1,L3,L3,L3,L1,L1,L2,C3_1,D3_1,F3_2,,,N3_1,L_1,M_2
469193,L2,L2,L1,L3,L3,L3,L1,L1,L2,C3_1,D3_1,F3_2,,,N3_1,L_2,M_1
469194,L2,L2,L1,L3,L3,L3,L1,L1,L2,C3_1,D3_1,F3_2,,,N3_1,L_2,M_2
469195,L2,L2,L1,L3,L3,L3,L1,L1,L2,C3_1,D3_1,F3_2,,,N3_1,L_3,M_1
469196,L2,L2,L1,L3,L3,L3,L1,L1,L2,C3_1,D3_1,F3_2,,,N3_1,L_3,M_2
469197,L2,L2,L1,L3,L3,L3,L1,L1,L2,C3_1,D3_1,F3_2,,,N3_2,L_1,M_1
469198,L2,L2,L1,L3,L3,L3,L1,L1,L2,C3_1,D3_1,F3_2,,,N3_2,L_1,M_2
469199,L2,L2,L1,L3,L3,L3,L1,L1,L2,C3_1,D3_1,F3_2,,,N3_2,L_2,M_1
469200,L2,L2,L1,L3,L3,L3,L1,L1,L2,C3_1,D3_1,F3_2,,,N3_2,L_2,M_2
469201,L2,L2,L1,L3,L3,L3,L1,L1,L2,C3_1,D3_1,F3_2,,,N3_2,L_3,M_1
469202,L2,L2,L1,L3,L3,L3,L1,L1,L2,C3_1,D3_1,F3_2,,,N3_2,L_3,M_2
469203,L2,L2,L1,L3,L3,L3,L1,L1,L2,C3_1,D3_1,F3_3,,,N3_1,L_1,M_1
469204,L2,L2,L1,L3,L3,L3,L1,L1,L2,C3_1,D3_1,F3_3,,,N3_1,L_1,M_2
469205,L2,L2,L1,L3,L3,L3,L1,L1,L2,C3_1,D3_1,F3_3,,,N3_1,L_2,M_1
469206,L2,L2,L1,L3,L3,L3,L1,L1,L2,C3_1,D3_1,F3_3,,,N3_1,L_2,M_2
469207,L2,L2,L1,L3,L3,L3,L1,L1,L2,C3_1,D3_1,F3_3,,,N3_1,L_3,M_1
469208,L2,L2,L1,L3,L3,L3,L1,L1,L2,C3_1,D3_1,F3_3,,,N3_1,L_3,M_2
469209,L2,L2,L1,L3,L3,L3,L1,L1,L2,C3_1,D3_1,F3_3,,,N3_2,L_1,M_1
469210,L2,L2,L1,L3,L3,L3,L1,L1,L2,C3_1,D3_1,F3_3,,,N3_2,L_1,M_2
469211,L2,L2,L1,L3,L3,L3,L1,L1,L2,C3_1,D3_1,F3_3,,,N3_2,L_2,M_1
469212,L2,L2,L1,L3,L3,L3,L1,L1,L2,C3_1,D3_1,F3_3,,,N3_2,L_2,M_2
469213,L2,L2,L1,L3,L3,L3,L1,L1,L2,C3_1,D3_1,F3_3,,,N3_2,L_3,M_1
469214,L2,L2,L1,L3,L3,L3,L1,L1,L2,C3_1,D3_1,F3_3,,,N3_2,L_3,M_2
469215,L2,L2,L1,L3,L3,L3,L1,L1,L2,C3_1,D3_2,F3_1,,,N3_1,L_1,M_1
469216,L2,L2,L1,L3,L3,L3,L1,L1,L2,C3_1,D3_2,F3_1,,,N3_1,L_1,M_2
469217,L2,L2,L1,L3,L3,L3,L1,L1,L2,C3_1,D3_2,F3_1,,,N3_1,L_2,M_1
469218,L2,L2,L1,L3,L3,L3,L1,L1,L2,C3_1,D3_2,F3_1,,,N3_1,L_2,M_2
469219,L2,L2,L1,L3,L3,L3,L1,L1,L2,C3_1,D3_2,F3_1,,,N3_1,L_3,M_1
469220,L2,L2,L1,L3,L3,L3,L1,L1,L2,C3_1,D3_2,F3_1,,,N3_1,L_3,M_2
469221,L2,L2,L1,L3,L3,L3,L1,L1,L2,C3_1,D3_2,F3_1,,,N3_2,L_1,M_1
469222,L2,L2,L1,L3,L3,L3,L1,L1,L2,C3_1,D3_2,F3_1,,,N3_2,L_1,M_2
469223,L2,L2,L1,L3,L3,L3,L1,L1,L2,C3_1,D3_2,F3_1,,,N3_2,L_2,M_1
469224,L2,L2,L1,L3,L3,L3,L1,L1,L2,C3_1,D3_2,F3_1,,,N3_2,L_2,M_2
469225,L2,L2,L1,L3,L3,L3,L1,L1,L2,C3_1,D3_2,F3_1,,,N3_2,L_3,M_1
469226,L2,L2,L1,L3,L3,L3,L1,L1,L2,C3_1,D3_2,F3_1,,,N3_2,L_3,M_2
469227,L2,L2,L1,L3,L3,L3,L1,L1,L2,C3_1,D3_2,F3_2,,,N3_1,L_1,M_1
469228,L2,L2,L1,L3,L3,L3,L1,L1,L2,C3_1,D3_2,F3_2,,,N3_1,L_1,M_2
469229,L2,L2,L1,L3,L3,L3,L1,L1,L2,C3_1,D3_2,F3_2,,,N3_1,L_2,M_1
469230,L2,L2,L1,L3,L3,L3,L1,L1,L2,C3_1,D3_2,F3_2,,,N3_1,L_2,M_2
469231,L2,L2,L1,L3,L3,L3,L1,L1,L2,C3_1,D3_2,F3_2,,,N3_1,L_3,M_1
469232,L2,L2,L1,L3,L3,L3,L1,L1,L2,C3_1,D3_2,F3_2,,,N3_1,L_3,M_2
469233,L2,L2,L1,L3,L3,L3,L1,L1,L2,C3_1,D3_2,F3_2,,,N3_2,L_1,M_1
469234,L2,L2,L1,L3,L3,L3,L1,L1,L2,C3_1,D3_2,F3_2,,,N3_2,L_1,M_2
469235,L2,L2,L1,L3,L3,L3,L1,L1,L2,C3_1,D3_2,F3_2,,,N3_2,L_2,M_1
469236,L2,L2,L1,L3,L3,L3,L1,L1,L2,C3_1,D3_2,F3_2,,,N3_2,L_2,M_2
469237,L2,L2,L1,L3,L3,L3,L1,L1,L2,C3_1,D3_2,F3_2,,,N3_2,L_3,M_1
469238,L2,L2,L1,L3,L3,L3,L1,L1,L2,C3_1,D3_2,F3_2,,,N3_2,L_3,M_2
469239,L2,L2,L1,L3,L3,L3,L1,L1,L2,C3_1,D3_2,F3_3,,,N3_1,L_1,M_1
469240,L2,L2,L1,L3,L3,L3,L1,L1,L2,C3_1,D3_2,F3_3,,,N3_1,L_1,M_2
469241,L2,L2,L1,L3,L3,L3,L1,L1,L2,C3_1,D3_2,F3_3,,,N3_1,L_2,M_1
469242,L2,L2,L1,L3,L3,L3,L1,L1,L2,C3_1,D3_2,F3_3,,,N3_1,L_2,M_2
469243,L2,L2,L1,L3,L3,L3,L1,L1,L2,C3_1,D3_2,F3_3,,,N3_1,L_3,M_1
469244,L2,L2,L1,L3,L3,L3,L1,L1,L2,C3_1,D3_2,F3_3,,,N3_1,L_3,M_2
469245,L2,L2,L1,L3,L3,L3,L1,L1,L2,C3_1,D3_2,F3_3,,,N3_2,L_1,M_1
469246,L2,L2,L1,L3,L3,L3,L1,L1,L2,C3_1,D3_2,F3_3,,,N3_2,L_1,M_2
469247,L2,L2,L1,L3,L3,L3,L1,L1,L2,C3_1,D3_2,F3_3,,,N3_2,L_2,M_1
469248,L2,L2,L1,L3,L3,L3,L1,L1,L2,C3_1,D3_2,F3_3,,,N3_2,L_2,M_2
469249,L2,L2,L1,L3,L3,L3,L1,L1,L2,C3_1,D3_2,F3_3,,,N3_2,L_3,M_1
469250,L2,L2,L1,L3,L3,L3,L1,L1,L2,C3_1,D3_2,F3_3,,,N3_2,L_3,M_2
469251,L2,L2,L1,L3,L3,L3,L1,L1,L2,C3_1,D3_3,F3_1,,,N3_1,L_1,M_1
469252,L2,L2,L1,L3,L3,L3,L1,L1,L2,C3_1,D3_3,F3_1,,,N3_1,L_1,M_2
469253,L2,L2,L1,L3,L3,L3,L1,L1,L2,C3_1,D3_3,F3_1,,,N3_1,L_2,M_1
469254,L2,L2,L1,L3,L3,L3,L1,L1,L2,C3_1,D3_3,F3_1,,,N3_1,L_2,M_2
469255,L2,L2,L1,L3,L3,L3,L1,L1,L2,C3_1,D3_3,F3_1,,,N3_1,L_3,M_1
469256,L2,L2,L1,L3,L3,L3,L1,L1,L2,C3_1,D3_3,F3_1,,,N3_1,L_3,M_2
469257,L2,L2,L1,L3,L3,L3,L1,L1,L2,C3_1,D3_3,F3_1,,,N3_2,L_1,M_1
469258,L2,L2,L1,L3,L3,L3,L1,L1,L2,C3_1,D3_3,F3_1,,,N3_2,L_1,M_2
469259,L2,L2,L1,L3,L3,L3,L1,L1,L2,C3_1,D3_3,F3_1,,,N3_2,L_2,M_1
469260,L2,L2,L1,L3,L3,L3,L1,L1,L2,C3_1,D3_3,F3_1,,,N3_2,L_2,M_2
469261,L2,L2,L1,L3,L3,L3,L1,L1,L2,C3_1,D3_3,F3_1,,,N3_2,L_3,M_1
469262,L2,L2,L1,L3,L3,L3,L1,L1,L2,C3_1,D3_3,F3_1,,,N3_2,L_3,M_2
469263,L2,L2,L1,L3,L3,L3,L1,L1,L2,C3_1,D3_3,F3_2,,,N3_1,L_1,M_1
469264,L2,L2,L1,L3,L3,L3,L1,L1,L2,C3_1,D3_3,F3_2,,,N3_1,L_1,M_2
469265,L2,L2,L1,L3,L3,L3,L1,L1,L2,C3_1,D3_3,F3_2,,,N3_1,L_2,M_1
469266,L2,L2,L1,L3,L3,L3,L1,L1,L2,C3_1,D3_3,F3_2,,,N3_1,L_2,M_2
469267,L2,L2,L1,L3,L3,L3,L1,L1,L2,C3_1,D3_3,F3_2,,,N3_1,L_3,M_1
469268,L2,L2,L1,L3,L3,L3,L1,L1,L2,C3_1,D3_3,F3_2,,,N3_1,L_3,M_2
469269,L2,L2,L1,L3,L3,L3,L1,L1,L2,C3_1,D3_3,F3_2,,,N3_2,L_1,M_1
469270,L2,L2,L1,L3,L3,L3,L1,L1,L2,C3_1,D3_3,F3_2,,,N3_2,L_1,M_2
469271,L2,L2,L1,L3,L3,L3,L1,L1,L2,C3_1,D3_3,F3_2,,,N3_2,L_2,M_1
469272,L2,L2,L1,L3,L3,L3,L1,L1,L2,C3_1,D3_3,F3_2,,,N3_2,L_2,M_2
469273,L2,L2,L1,L3,L3,L3,L1,L1,L2,C3_1,D3_3,F3_2,,,N3_2,L_3,M_1
469274,L2,L2,L1,L3,L3,L3,L1,L1,L2,C3_1,D3_3,F3_2,,,N3_2,L_3,M_2
469275,L2,L2,L1,L3,L3,L3,L1,L1,L2,C3_1,D3_3,F3_3,,,N3_1,L_1,M_1
469276,L2,L2,L1,L3,L3,L3,L1,L1,L2,C3_1,D3_3,F3_3,,,N3_1,L_1,M_2
469277,L2,L2,L1,L3,L3,L3,L1,L1,L2,C3_1,D3_3,F3_3,,,N3_1,L_2,M_1
469278,L2,L2,L1,L3,L3,L3,L1,L1,L2,C3_1,D3_3,F3_3,,,N3_1,L_2,M_2
469279,L2,L2,L1,L3,L3,L3,L1,L1,L2,C3_1,D3_3,F3_3,,,N3_1,L_3,M_1
469280,L2,L2,L1,L3,L3,L3,L1,L1,L2,C3_1,D3_3,F3_3,,,N3_1,L_3,M_2
469281,L2,L2,L1,L3,L3,L3,L1,L1,L2,C3_1,D3_3,F3_3,,,N3_2,L_1,M_1
469282,L2,L2,L1,L3,L3,L3,L1,L1,L2,C3_1,D3_3,F3_3,,,N3_2,L_1,M_2
469283,L2,L2,L1,L3,L3,L3,L1,L1,L2,C3_1,D3_3,F3_3,,,N3_2,L_2,M_1
469284,L2,L2,L1,L3,L3,L3,L1,L1,L2,C3_1,D3_3,F3_3,,,N3_2,L_2,M_2
469285,L2,L2,L1,L3,L3,L3,L1,L1,L2,C3_1,D3_3,F3_3,,,N3_2,L_3,M_1
469286,L2,L2,L1,L3,L3,L3,L1,L1,L2,C3_1,D3_3,F3_3,,,N3_2,L_3,M_2
469287,L2,L2,L1,L3,L3,L3,L1,L1,L2,C3_2,D3_1,F3_1,,,N3_1,L_1,M_1
469288,L2,L2,L1,L3,L3,L3,L1,L1,L2,C3_2,D3_1,F3_1,,,N3_1,L_1,M_2
469289,L2,L2,L1,L3,L3,L3,L1,L1,L2,C3_2,D3_1,F3_1,,,N3_1,L_2,M_1
469290,L2,L2,L1,L3,L3,L3,L1,L1,L2,C3_2,D3_1,F3_1,,,N3_1,L_2,M_2
469291,L2,L2,L1,L3,L3,L3,L1,L1,L2,C3_2,D3_1,F3_1,,,N3_1,L_3,M_1
469292,L2,L2,L1,L3,L3,L3,L1,L1,L2,C3_2,D3_1,F3_1,,,N3_1,L_3,M_2
469293,L2,L2,L1,L3,L3,L3,L1,L1,L2,C3_2,D3_1,F3_1,,,N3_2,L_1,M_1
469294,L2,L2,L1,L3,L3,L3,L1,L1,L2,C3_2,D3_1,F3_1,,,N3_2,L_1,M_2
469295,L2,L2,L1,L3,L3,L3,L1,L1,L2,C3_2,D3_1,F3_1,,,N3_2,L_2,M_1
469296,L2,L2,L1,L3,L3,L3,L1,L1,L2,C3_2,D3_1,F3_1,,,N3_2,L_2,M_2
469297,L2,L2,L1,L3,L3,L3,L1,L1,L2,C3_2,D3_1,F3_1,,,N3_2,L_3,M_1
469298,L2,L2,L1,L3,L3,L3,L1,L1,L2,C3_2,D3_1,F3_1,,,N3_2,L_3,M_2
469299,L2,L2,L1,L3,L3,L3,L1,L1,L2,C3_2,D3_1,F3_2,,,N3_1,L_1,M_1
469300,L2,L2,L1,L3,L3,L3,L1,L1,L2,C3_2,D3_1,F3_2,,,N3_1,L_1,M_2
469301,L2,L2,L1,L3,L3,L3,L1,L1,L2,C3_2,D3_1,F3_2,,,N3_1,L_2,M_1
469302,L2,L2,L1,L3,L3,L3,L1,L1,L2,C3_2,D3_1,F3_2,,,N3_1,L_2,M_2
469303,L2,L2,L1,L3,L3,L3,L1,L1,L2,C3_2,D3_1,F3_2,,,N3_1,L_3,M_1
469304,L2,L2,L1,L3,L3,L3,L1,L1,L2,C3_2,D3_1,F3_2,,,N3_1,L_3,M_2
469305,L2,L2,L1,L3,L3,L3,L1,L1,L2,C3_2,D3_1,F3_2,,,N3_2,L_1,M_1
469306,L2,L2,L1,L3,L3,L3,L1,L1,L2,C3_2,D3_1,F3_2,,,N3_2,L_1,M_2
469307,L2,L2,L1,L3,L3,L3,L1,L1,L2,C3_2,D3_1,F3_2,,,N3_2,L_2,M_1
469308,L2,L2,L1,L3,L3,L3,L1,L1,L2,C3_2,D3_1,F3_2,,,N3_2,L_2,M_2
469309,L2,L2,L1,L3,L3,L3,L1,L1,L2,C3_2,D3_1,F3_2,,,N3_2,L_3,M_1
469310,L2,L2,L1,L3,L3,L3,L1,L1,L2,C3_2,D3_1,F3_2,,,N3_2,L_3,M_2
469311,L2,L2,L1,L3,L3,L3,L1,L1,L2,C3_2,D3_1,F3_3,,,N3_1,L_1,M_1
469312,L2,L2,L1,L3,L3,L3,L1,L1,L2,C3_2,D3_1,F3_3,,,N3_1,L_1,M_2
469313,L2,L2,L1,L3,L3,L3,L1,L1,L2,C3_2,D3_1,F3_3,,,N3_1,L_2,M_1
469314,L2,L2,L1,L3,L3,L3,L1,L1,L2,C3_2,D3_1,F3_3,,,N3_1,L_2,M_2
469315,L2,L2,L1,L3,L3,L3,L1,L1,L2,C3_2,D3_1,F3_3,,,N3_1,L_3,M_1
469316,L2,L2,L1,L3,L3,L3,L1,L1,L2,C3_2,D3_1,F3_3,,,N3_1,L_3,M_2
469317,L2,L2,L1,L3,L3,L3,L1,L1,L2,C3_2,D3_1,F3_3,,,N3_2,L_1,M_1
469318,L2,L2,L1,L3,L3,L3,L1,L1,L2,C3_2,D3_1,F3_3,,,N3_2,L_1,M_2
469319,L2,L2,L1,L3,L3,L3,L1,L1,L2,C3_2,D3_1,F3_3,,,N3_2,L_2,M_1
469320,L2,L2,L1,L3,L3,L3,L1,L1,L2,C3_2,D3_1,F3_3,,,N3_2,L_2,M_2
469321,L2,L2,L1,L3,L3,L3,L1,L1,L2,C3_2,D3_1,F3_3,,,N3_2,L_3,M_1
469322,L2,L2,L1,L3,L3,L3,L1,L1,L2,C3_2,D3_1,F3_3,,,N3_2,L_3,M_2
469323,L2,L2,L1,L3,L3,L3,L1,L1,L2,C3_2,D3_2,F3_1,,,N3_1,L_1,M_1
469324,L2,L2,L1,L3,L3,L3,L1,L1,L2,C3_2,D3_2,F3_1,,,N3_1,L_1,M_2
469325,L2,L2,L1,L3,L3,L3,L1,L1,L2,C3_2,D3_2,F3_1,,,N3_1,L_2,M_1
469326,L2,L2,L1,L3,L3,L3,L1,L1,L2,C3_2,D3_2,F3_1,,,N3_1,L_2,M_2
469327,L2,L2,L1,L3,L3,L3,L1,L1,L2,C3_2,D3_2,F3_1,,,N3_1,L_3,M_1
469328,L2,L2,L1,L3,L3,L3,L1,L1,L2,C3_2,D3_2,F3_1,,,N3_1,L_3,M_2
469329,L2,L2,L1,L3,L3,L3,L1,L1,L2,C3_2,D3_2,F3_1,,,N3_2,L_1,M_1
469330,L2,L2,L1,L3,L3,L3,L1,L1,L2,C3_2,D3_2,F3_1,,,N3_2,L_1,M_2
469331,L2,L2,L1,L3,L3,L3,L1,L1,L2,C3_2,D3_2,F3_1,,,N3_2,L_2,M_1
469332,L2,L2,L1,L3,L3,L3,L1,L1,L2,C3_2,D3_2,F3_1,,,N3_2,L_2,M_2
469333,L2,L2,L1,L3,L3,L3,L1,L1,L2,C3_2,D3_2,F3_1,,,N3_2,L_3,M_1
469334,L2,L2,L1,L3,L3,L3,L1,L1,L2,C3_2,D3_2,F3_1,,,N3_2,L_3,M_2
469335,L2,L2,L1,L3,L3,L3,L1,L1,L2,C3_2,D3_2,F3_2,,,N3_1,L_1,M_1
469336,L2,L2,L1,L3,L3,L3,L1,L1,L2,C3_2,D3_2,F3_2,,,N3_1,L_1,M_2
469337,L2,L2,L1,L3,L3,L3,L1,L1,L2,C3_2,D3_2,F3_2,,,N3_1,L_2,M_1
469338,L2,L2,L1,L3,L3,L3,L1,L1,L2,C3_2,D3_2,F3_2,,,N3_1,L_2,M_2
469339,L2,L2,L1,L3,L3,L3,L1,L1,L2,C3_2,D3_2,F3_2,,,N3_1,L_3,M_1
469340,L2,L2,L1,L3,L3,L3,L1,L1,L2,C3_2,D3_2,F3_2,,,N3_1,L_3,M_2
469341,L2,L2,L1,L3,L3,L3,L1,L1,L2,C3_2,D3_2,F3_2,,,N3_2,L_1,M_1
469342,L2,L2,L1,L3,L3,L3,L1,L1,L2,C3_2,D3_2,F3_2,,,N3_2,L_1,M_2
469343,L2,L2,L1,L3,L3,L3,L1,L1,L2,C3_2,D3_2,F3_2,,,N3_2,L_2,M_1
469344,L2,L2,L1,L3,L3,L3,L1,L1,L2,C3_2,D3_2,F3_2,,,N3_2,L_2,M_2
469345,L2,L2,L1,L3,L3,L3,L1,L1,L2,C3_2,D3_2,F3_2,,,N3_2,L_3,M_1
469346,L2,L2,L1,L3,L3,L3,L1,L1,L2,C3_2,D3_2,F3_2,,,N3_2,L_3,M_2
469347,L2,L2,L1,L3,L3,L3,L1,L1,L2,C3_2,D3_2,F3_3,,,N3_1,L_1,M_1
469348,L2,L2,L1,L3,L3,L3,L1,L1,L2,C3_2,D3_2,F3_3,,,N3_1,L_1,M_2
469349,L2,L2,L1,L3,L3,L3,L1,L1,L2,C3_2,D3_2,F3_3,,,N3_1,L_2,M_1
469350,L2,L2,L1,L3,L3,L3,L1,L1,L2,C3_2,D3_2,F3_3,,,N3_1,L_2,M_2
469351,L2,L2,L1,L3,L3,L3,L1,L1,L2,C3_2,D3_2,F3_3,,,N3_1,L_3,M_1
469352,L2,L2,L1,L3,L3,L3,L1,L1,L2,C3_2,D3_2,F3_3,,,N3_1,L_3,M_2
469353,L2,L2,L1,L3,L3,L3,L1,L1,L2,C3_2,D3_2,F3_3,,,N3_2,L_1,M_1
469354,L2,L2,L1,L3,L3,L3,L1,L1,L2,C3_2,D3_2,F3_3,,,N3_2,L_1,M_2
469355,L2,L2,L1,L3,L3,L3,L1,L1,L2,C3_2,D3_2,F3_3,,,N3_2,L_2,M_1
469356,L2,L2,L1,L3,L3,L3,L1,L1,L2,C3_2,D3_2,F3_3,,,N3_2,L_2,M_2
469357,L2,L2,L1,L3,L3,L3,L1,L1,L2,C3_2,D3_2,F3_3,,,N3_2,L_3,M_1
469358,L2,L2,L1,L3,L3,L3,L1,L1,L2,C3_2,D3_2,F3_3,,,N3_2,L_3,M_2
469359,L2,L2,L1,L3,L3,L3,L1,L1,L2,C3_2,D3_3,F3_1,,,N3_1,L_1,M_1
469360,L2,L2,L1,L3,L3,L3,L1,L1,L2,C3_2,D3_3,F3_1,,,N3_1,L_1,M_2
469361,L2,L2,L1,L3,L3,L3,L1,L1,L2,C3_2,D3_3,F3_1,,,N3_1,L_2,M_1
469362,L2,L2,L1,L3,L3,L3,L1,L1,L2,C3_2,D3_3,F3_1,,,N3_1,L_2,M_2
469363,L2,L2,L1,L3,L3,L3,L1,L1,L2,C3_2,D3_3,F3_1,,,N3_1,L_3,M_1
469364,L2,L2,L1,L3,L3,L3,L1,L1,L2,C3_2,D3_3,F3_1,,,N3_1,L_3,M_2
469365,L2,L2,L1,L3,L3,L3,L1,L1,L2,C3_2,D3_3,F3_1,,,N3_2,L_1,M_1
469366,L2,L2,L1,L3,L3,L3,L1,L1,L2,C3_2,D3_3,F3_1,,,N3_2,L_1,M_2
469367,L2,L2,L1,L3,L3,L3,L1,L1,L2,C3_2,D3_3,F3_1,,,N3_2,L_2,M_1
469368,L2,L2,L1,L3,L3,L3,L1,L1,L2,C3_2,D3_3,F3_1,,,N3_2,L_2,M_2
469369,L2,L2,L1,L3,L3,L3,L1,L1,L2,C3_2,D3_3,F3_1,,,N3_2,L_3,M_1
469370,L2,L2,L1,L3,L3,L3,L1,L1,L2,C3_2,D3_3,F3_1,,,N3_2,L_3,M_2
469371,L2,L2,L1,L3,L3,L3,L1,L1,L2,C3_2,D3_3,F3_2,,,N3_1,L_1,M_1
469372,L2,L2,L1,L3,L3,L3,L1,L1,L2,C3_2,D3_3,F3_2,,,N3_1,L_1,M_2
469373,L2,L2,L1,L3,L3,L3,L1,L1,L2,C3_2,D3_3,F3_2,,,N3_1,L_2,M_1
469374,L2,L2,L1,L3,L3,L3,L1,L1,L2,C3_2,D3_3,F3_2,,,N3_1,L_2,M_2
469375,L2,L2,L1,L3,L3,L3,L1,L1,L2,C3_2,D3_3,F3_2,,,N3_1,L_3,M_1
469376,L2,L2,L1,L3,L3,L3,L1,L1,L2,C3_2,D3_3,F3_2,,,N3_1,L_3,M_2
469377,L2,L2,L1,L3,L3,L3,L1,L1,L2,C3_2,D3_3,F3_2,,,N3_2,L_1,M_1
469378,L2,L2,L1,L3,L3,L3,L1,L1,L2,C3_2,D3_3,F3_2,,,N3_2,L_1,M_2
469379,L2,L2,L1,L3,L3,L3,L1,L1,L2,C3_2,D3_3,F3_2,,,N3_2,L_2,M_1
469380,L2,L2,L1,L3,L3,L3,L1,L1,L2,C3_2,D3_3,F3_2,,,N3_2,L_2,M_2
469381,L2,L2,L1,L3,L3,L3,L1,L1,L2,C3_2,D3_3,F3_2,,,N3_2,L_3,M_1
469382,L2,L2,L1,L3,L3,L3,L1,L1,L2,C3_2,D3_3,F3_2,,,N3_2,L_3,M_2
469383,L2,L2,L1,L3,L3,L3,L1,L1,L2,C3_2,D3_3,F3_3,,,N3_1,L_1,M_1
469384,L2,L2,L1,L3,L3,L3,L1,L1,L2,C3_2,D3_3,F3_3,,,N3_1,L_1,M_2
469385,L2,L2,L1,L3,L3,L3,L1,L1,L2,C3_2,D3_3,F3_3,,,N3_1,L_2,M_1
469386,L2,L2,L1,L3,L3,L3,L1,L1,L2,C3_2,D3_3,F3_3,,,N3_1,L_2,M_2
469387,L2,L2,L1,L3,L3,L3,L1,L1,L2,C3_2,D3_3,F3_3,,,N3_1,L_3,M_1
469388,L2,L2,L1,L3,L3,L3,L1,L1,L2,C3_2,D3_3,F3_3,,,N3_1,L_3,M_2
469389,L2,L2,L1,L3,L3,L3,L1,L1,L2,C3_2,D3_3,F3_3,,,N3_2,L_1,M_1
469390,L2,L2,L1,L3,L3,L3,L1,L1,L2,C3_2,D3_3,F3_3,,,N3_2,L_1,M_2
469391,L2,L2,L1,L3,L3,L3,L1,L1,L2,C3_2,D3_3,F3_3,,,N3_2,L_2,M_1
469392,L2,L2,L1,L3,L3,L3,L1,L1,L2,C3_2,D3_3,F3_3,,,N3_2,L_2,M_2
469393,L2,L2,L1,L3,L3,L3,L1,L1,L2,C3_2,D3_3,F3_3,,,N3_2,L_3,M_1
469394,L2,L2,L1,L3,L3,L3,L1,L1,L2,C3_2,D3_3,F3_3,,,N3_2,L_3,M_2
469395,L2,L2,L1,L3,L3,L3,L1,L1,L2,C3_3,D3_1,F3_1,,,N3_1,L_1,M_1
469396,L2,L2,L1,L3,L3,L3,L1,L1,L2,C3_3,D3_1,F3_1,,,N3_1,L_1,M_2
469397,L2,L2,L1,L3,L3,L3,L1,L1,L2,C3_3,D3_1,F3_1,,,N3_1,L_2,M_1
469398,L2,L2,L1,L3,L3,L3,L1,L1,L2,C3_3,D3_1,F3_1,,,N3_1,L_2,M_2
469399,L2,L2,L1,L3,L3,L3,L1,L1,L2,C3_3,D3_1,F3_1,,,N3_1,L_3,M_1
469400,L2,L2,L1,L3,L3,L3,L1,L1,L2,C3_3,D3_1,F3_1,,,N3_1,L_3,M_2
469401,L2,L2,L1,L3,L3,L3,L1,L1,L2,C3_3,D3_1,F3_1,,,N3_2,L_1,M_1
469402,L2,L2,L1,L3,L3,L3,L1,L1,L2,C3_3,D3_1,F3_1,,,N3_2,L_1,M_2
469403,L2,L2,L1,L3,L3,L3,L1,L1,L2,C3_3,D3_1,F3_1,,,N3_2,L_2,M_1
469404,L2,L2,L1,L3,L3,L3,L1,L1,L2,C3_3,D3_1,F3_1,,,N3_2,L_2,M_2
469405,L2,L2,L1,L3,L3,L3,L1,L1,L2,C3_3,D3_1,F3_1,,,N3_2,L_3,M_1
469406,L2,L2,L1,L3,L3,L3,L1,L1,L2,C3_3,D3_1,F3_1,,,N3_2,L_3,M_2
469407,L2,L2,L1,L3,L3,L3,L1,L1,L2,C3_3,D3_1,F3_2,,,N3_1,L_1,M_1
469408,L2,L2,L1,L3,L3,L3,L1,L1,L2,C3_3,D3_1,F3_2,,,N3_1,L_1,M_2
469409,L2,L2,L1,L3,L3,L3,L1,L1,L2,C3_3,D3_1,F3_2,,,N3_1,L_2,M_1
469410,L2,L2,L1,L3,L3,L3,L1,L1,L2,C3_3,D3_1,F3_2,,,N3_1,L_2,M_2
469411,L2,L2,L1,L3,L3,L3,L1,L1,L2,C3_3,D3_1,F3_2,,,N3_1,L_3,M_1
469412,L2,L2,L1,L3,L3,L3,L1,L1,L2,C3_3,D3_1,F3_2,,,N3_1,L_3,M_2
469413,L2,L2,L1,L3,L3,L3,L1,L1,L2,C3_3,D3_1,F3_2,,,N3_2,L_1,M_1
469414,L2,L2,L1,L3,L3,L3,L1,L1,L2,C3_3,D3_1,F3_2,,,N3_2,L_1,M_2
469415,L2,L2,L1,L3,L3,L3,L1,L1,L2,C3_3,D3_1,F3_2,,,N3_2,L_2,M_1
469416,L2,L2,L1,L3,L3,L3,L1,L1,L2,C3_3,D3_1,F3_2,,,N3_2,L_2,M_2
469417,L2,L2,L1,L3,L3,L3,L1,L1,L2,C3_3,D3_1,F3_2,,,N3_2,L_3,M_1
469418,L2,L2,L1,L3,L3,L3,L1,L1,L2,C3_3,D3_1,F3_2,,,N3_2,L_3,M_2
469419,L2,L2,L1,L3,L3,L3,L1,L1,L2,C3_3,D3_1,F3_3,,,N3_1,L_1,M_1
469420,L2,L2,L1,L3,L3,L3,L1,L1,L2,C3_3,D3_1,F3_3,,,N3_1,L_1,M_2
469421,L2,L2,L1,L3,L3,L3,L1,L1,L2,C3_3,D3_1,F3_3,,,N3_1,L_2,M_1
469422,L2,L2,L1,L3,L3,L3,L1,L1,L2,C3_3,D3_1,F3_3,,,N3_1,L_2,M_2
469423,L2,L2,L1,L3,L3,L3,L1,L1,L2,C3_3,D3_1,F3_3,,,N3_1,L_3,M_1
469424,L2,L2,L1,L3,L3,L3,L1,L1,L2,C3_3,D3_1,F3_3,,,N3_1,L_3,M_2
469425,L2,L2,L1,L3,L3,L3,L1,L1,L2,C3_3,D3_1,F3_3,,,N3_2,L_1,M_1
469426,L2,L2,L1,L3,L3,L3,L1,L1,L2,C3_3,D3_1,F3_3,,,N3_2,L_1,M_2
469427,L2,L2,L1,L3,L3,L3,L1,L1,L2,C3_3,D3_1,F3_3,,,N3_2,L_2,M_1
469428,L2,L2,L1,L3,L3,L3,L1,L1,L2,C3_3,D3_1,F3_3,,,N3_2,L_2,M_2
469429,L2,L2,L1,L3,L3,L3,L1,L1,L2,C3_3,D3_1,F3_3,,,N3_2,L_3,M_1
469430,L2,L2,L1,L3,L3,L3,L1,L1,L2,C3_3,D3_1,F3_3,,,N3_2,L_3,M_2
469431,L2,L2,L1,L3,L3,L3,L1,L1,L2,C3_3,D3_2,F3_1,,,N3_1,L_1,M_1
469432,L2,L2,L1,L3,L3,L3,L1,L1,L2,C3_3,D3_2,F3_1,,,N3_1,L_1,M_2
469433,L2,L2,L1,L3,L3,L3,L1,L1,L2,C3_3,D3_2,F3_1,,,N3_1,L_2,M_1
469434,L2,L2,L1,L3,L3,L3,L1,L1,L2,C3_3,D3_2,F3_1,,,N3_1,L_2,M_2
469435,L2,L2,L1,L3,L3,L3,L1,L1,L2,C3_3,D3_2,F3_1,,,N3_1,L_3,M_1
469436,L2,L2,L1,L3,L3,L3,L1,L1,L2,C3_3,D3_2,F3_1,,,N3_1,L_3,M_2
469437,L2,L2,L1,L3,L3,L3,L1,L1,L2,C3_3,D3_2,F3_1,,,N3_2,L_1,M_1
469438,L2,L2,L1,L3,L3,L3,L1,L1,L2,C3_3,D3_2,F3_1,,,N3_2,L_1,M_2
469439,L2,L2,L1,L3,L3,L3,L1,L1,L2,C3_3,D3_2,F3_1,,,N3_2,L_2,M_1
469440,L2,L2,L1,L3,L3,L3,L1,L1,L2,C3_3,D3_2,F3_1,,,N3_2,L_2,M_2
469441,L2,L2,L1,L3,L3,L3,L1,L1,L2,C3_3,D3_2,F3_1,,,N3_2,L_3,M_1
469442,L2,L2,L1,L3,L3,L3,L1,L1,L2,C3_3,D3_2,F3_1,,,N3_2,L_3,M_2
469443,L2,L2,L1,L3,L3,L3,L1,L1,L2,C3_3,D3_2,F3_2,,,N3_1,L_1,M_1
469444,L2,L2,L1,L3,L3,L3,L1,L1,L2,C3_3,D3_2,F3_2,,,N3_1,L_1,M_2
469445,L2,L2,L1,L3,L3,L3,L1,L1,L2,C3_3,D3_2,F3_2,,,N3_1,L_2,M_1
469446,L2,L2,L1,L3,L3,L3,L1,L1,L2,C3_3,D3_2,F3_2,,,N3_1,L_2,M_2
469447,L2,L2,L1,L3,L3,L3,L1,L1,L2,C3_3,D3_2,F3_2,,,N3_1,L_3,M_1
469448,L2,L2,L1,L3,L3,L3,L1,L1,L2,C3_3,D3_2,F3_2,,,N3_1,L_3,M_2
469449,L2,L2,L1,L3,L3,L3,L1,L1,L2,C3_3,D3_2,F3_2,,,N3_2,L_1,M_1
469450,L2,L2,L1,L3,L3,L3,L1,L1,L2,C3_3,D3_2,F3_2,,,N3_2,L_1,M_2
469451,L2,L2,L1,L3,L3,L3,L1,L1,L2,C3_3,D3_2,F3_2,,,N3_2,L_2,M_1
469452,L2,L2,L1,L3,L3,L3,L1,L1,L2,C3_3,D3_2,F3_2,,,N3_2,L_2,M_2
469453,L2,L2,L1,L3,L3,L3,L1,L1,L2,C3_3,D3_2,F3_2,,,N3_2,L_3,M_1
469454,L2,L2,L1,L3,L3,L3,L1,L1,L2,C3_3,D3_2,F3_2,,,N3_2,L_3,M_2
469455,L2,L2,L1,L3,L3,L3,L1,L1,L2,C3_3,D3_2,F3_3,,,N3_1,L_1,M_1
469456,L2,L2,L1,L3,L3,L3,L1,L1,L2,C3_3,D3_2,F3_3,,,N3_1,L_1,M_2
469457,L2,L2,L1,L3,L3,L3,L1,L1,L2,C3_3,D3_2,F3_3,,,N3_1,L_2,M_1
469458,L2,L2,L1,L3,L3,L3,L1,L1,L2,C3_3,D3_2,F3_3,,,N3_1,L_2,M_2
469459,L2,L2,L1,L3,L3,L3,L1,L1,L2,C3_3,D3_2,F3_3,,,N3_1,L_3,M_1
469460,L2,L2,L1,L3,L3,L3,L1,L1,L2,C3_3,D3_2,F3_3,,,N3_1,L_3,M_2
469461,L2,L2,L1,L3,L3,L3,L1,L1,L2,C3_3,D3_2,F3_3,,,N3_2,L_1,M_1
469462,L2,L2,L1,L3,L3,L3,L1,L1,L2,C3_3,D3_2,F3_3,,,N3_2,L_1,M_2
469463,L2,L2,L1,L3,L3,L3,L1,L1,L2,C3_3,D3_2,F3_3,,,N3_2,L_2,M_1
469464,L2,L2,L1,L3,L3,L3,L1,L1,L2,C3_3,D3_2,F3_3,,,N3_2,L_2,M_2
469465,L2,L2,L1,L3,L3,L3,L1,L1,L2,C3_3,D3_2,F3_3,,,N3_2,L_3,M_1
469466,L2,L2,L1,L3,L3,L3,L1,L1,L2,C3_3,D3_2,F3_3,,,N3_2,L_3,M_2
469467,L2,L2,L1,L3,L3,L3,L1,L1,L2,C3_3,D3_3,F3_1,,,N3_1,L_1,M_1
469468,L2,L2,L1,L3,L3,L3,L1,L1,L2,C3_3,D3_3,F3_1,,,N3_1,L_1,M_2
469469,L2,L2,L1,L3,L3,L3,L1,L1,L2,C3_3,D3_3,F3_1,,,N3_1,L_2,M_1
469470,L2,L2,L1,L3,L3,L3,L1,L1,L2,C3_3,D3_3,F3_1,,,N3_1,L_2,M_2
469471,L2,L2,L1,L3,L3,L3,L1,L1,L2,C3_3,D3_3,F3_1,,,N3_1,L_3,M_1
469472,L2,L2,L1,L3,L3,L3,L1,L1,L2,C3_3,D3_3,F3_1,,,N3_1,L_3,M_2
469473,L2,L2,L1,L3,L3,L3,L1,L1,L2,C3_3,D3_3,F3_1,,,N3_2,L_1,M_1
469474,L2,L2,L1,L3,L3,L3,L1,L1,L2,C3_3,D3_3,F3_1,,,N3_2,L_1,M_2
469475,L2,L2,L1,L3,L3,L3,L1,L1,L2,C3_3,D3_3,F3_1,,,N3_2,L_2,M_1
469476,L2,L2,L1,L3,L3,L3,L1,L1,L2,C3_3,D3_3,F3_1,,,N3_2,L_2,M_2
469477,L2,L2,L1,L3,L3,L3,L1,L1,L2,C3_3,D3_3,F3_1,,,N3_2,L_3,M_1
469478,L2,L2,L1,L3,L3,L3,L1,L1,L2,C3_3,D3_3,F3_1,,,N3_2,L_3,M_2
469479,L2,L2,L1,L3,L3,L3,L1,L1,L2,C3_3,D3_3,F3_2,,,N3_1,L_1,M_1
469480,L2,L2,L1,L3,L3,L3,L1,L1,L2,C3_3,D3_3,F3_2,,,N3_1,L_1,M_2
469481,L2,L2,L1,L3,L3,L3,L1,L1,L2,C3_3,D3_3,F3_2,,,N3_1,L_2,M_1
469482,L2,L2,L1,L3,L3,L3,L1,L1,L2,C3_3,D3_3,F3_2,,,N3_1,L_2,M_2
469483,L2,L2,L1,L3,L3,L3,L1,L1,L2,C3_3,D3_3,F3_2,,,N3_1,L_3,M_1
469484,L2,L2,L1,L3,L3,L3,L1,L1,L2,C3_3,D3_3,F3_2,,,N3_1,L_3,M_2
469485,L2,L2,L1,L3,L3,L3,L1,L1,L2,C3_3,D3_3,F3_2,,,N3_2,L_1,M_1
469486,L2,L2,L1,L3,L3,L3,L1,L1,L2,C3_3,D3_3,F3_2,,,N3_2,L_1,M_2
469487,L2,L2,L1,L3,L3,L3,L1,L1,L2,C3_3,D3_3,F3_2,,,N3_2,L_2,M_1
469488,L2,L2,L1,L3,L3,L3,L1,L1,L2,C3_3,D3_3,F3_2,,,N3_2,L_2,M_2
469489,L2,L2,L1,L3,L3,L3,L1,L1,L2,C3_3,D3_3,F3_2,,,N3_2,L_3,M_1
469490,L2,L2,L1,L3,L3,L3,L1,L1,L2,C3_3,D3_3,F3_2,,,N3_2,L_3,M_2
469491,L2,L2,L1,L3,L3,L3,L1,L1,L2,C3_3,D3_3,F3_3,,,N3_1,L_1,M_1
469492,L2,L2,L1,L3,L3,L3,L1,L1,L2,C3_3,D3_3,F3_3,,,N3_1,L_1,M_2
469493,L2,L2,L1,L3,L3,L3,L1,L1,L2,C3_3,D3_3,F3_3,,,N3_1,L_2,M_1
469494,L2,L2,L1,L3,L3,L3,L1,L1,L2,C3_3,D3_3,F3_3,,,N3_1,L_2,M_2
469495,L2,L2,L1,L3,L3,L3,L1,L1,L2,C3_3,D3_3,F3_3,,,N3_1,L_3,M_1
469496,L2,L2,L1,L3,L3,L3,L1,L1,L2,C3_3,D3_3,F3_3,,,N3_1,L_3,M_2
469497,L2,L2,L1,L3,L3,L3,L1,L1,L2,C3_3,D3_3,F3_3,,,N3_2,L_1,M_1
469498,L2,L2,L1,L3,L3,L3,L1,L1,L2,C3_3,D3_3,F3_3,,,N3_2,L_1,M_2
469499,L2,L2,L1,L3,L3,L3,L1,L1,L2,C3_3,D3_3,F3_3,,,N3_2,L_2,M_1
469500,L2,L2,L1,L3,L3,L3,L1,L1,L2,C3_3,D3_3,F3_3,,,N3_2,L_2,M_2
469501,L2,L2,L1,L3,L3,L3,L1,L1,L2,C3_3,D3_3,F3_3,,,N3_2,L_3,M_1
469502,L2,L2,L1,L3,L3,L3,L1,L1,L2,C3_3,D3_3,F3_3,,,N3_2,L_3,M_2
486702,L3,L3,L2,L1,L3,L3,L1,L1,L2,C3_1,D3_1,F3_1,,,N3_1,L_1,M_1
486703,L3,L3,L2,L1,L3,L3,L1,L1,L2,C3_1,D3_1,F3_1,,,N3_1,L_1,M_2
486704,L3,L3,L2,L1,L3,L3,L1,L1,L2,C3_1,D3_1,F3_1,,,N3_1,L_2,M_1
486705,L3,L3,L2,L1,L3,L3,L1,L1,L2,C3_1,D3_1,F3_1,,,N3_1,L_2,M_2
486706,L3,L3,L2,L1,L3,L3,L1,L1,L2,C3_1,D3_1,F3_1,,,N3_1,L_3,M_1
486707,L3,L3,L2,L1,L3,L3,L1,L1,L2,C3_1,D3_1,F3_1,,,N3_1,L_3,M_2
486708,L3,L3,L2,L1,L3,L3,L1,L1,L2,C3_1,D3_1,F3_1,,,N3_2,L_1,M_1
486709,L3,L3,L2,L1,L3,L3,L1,L1,L2,C3_1,D3_1,F3_1,,,N3_2,L_1,M_2
486710,L3,L3,L2,L1,L3,L3,L1,L1,L2,C3_1,D3_1,F3_1,,,N3_2,L_2,M_1
486711,L3,L3,L2,L1,L3,L3,L1,L1,L2,C3_1,D3_1,F3_1,,,N3_2,L_2,M_2
486712,L3,L3,L2,L1,L3,L3,L1,L1,L2,C3_1,D3_1,F3_1,,,N3_2,L_3,M_1
486713,L3,L3,L2,L1,L3,L3,L1,L1,L2,C3_1,D3_1,F3_1,,,N3_2,L_3,M_2
486714,L3,L3,L2,L1,L3,L3,L1,L1,L2,C3_1,D3_1,F3_2,,,N3_1,L_1,M_1
486715,L3,L3,L2,L1,L3,L3,L1,L1,L2,C3_1,D3_1,F3_2,,,N3_1,L_1,M_2
486716,L3,L3,L2,L1,L3,L3,L1,L1,L2,C3_1,D3_1,F3_2,,,N3_1,L_2,M_1
486717,L3,L3,L2,L1,L3,L3,L1,L1,L2,C3_1,D3_1,F3_2,,,N3_1,L_2,M_2
486718,L3,L3,L2,L1,L3,L3,L1,L1,L2,C3_1,D3_1,F3_2,,,N3_1,L_3,M_1
486719,L3,L3,L2,L1,L3,L3,L1,L1,L2,C3_1,D3_1,F3_2,,,N3_1,L_3,M_2
486720,L3,L3,L2,L1,L3,L3,L1,L1,L2,C3_1,D3_1,F3_2,,,N3_2,L_1,M_1
486721,L3,L3,L2,L1,L3,L3,L1,L1,L2,C3_1,D3_1,F3_2,,,N3_2,L_1,M_2
486722,L3,L3,L2,L1,L3,L3,L1,L1,L2,C3_1,D3_1,F3_2,,,N3_2,L_2,M_1
486723,L3,L3,L2,L1,L3,L3,L1,L1,L2,C3_1,D3_1,F3_2,,,N3_2,L_2,M_2
486724,L3,L3,L2,L1,L3,L3,L1,L1,L2,C3_1,D3_1,F3_2,,,N3_2,L_3,M_1
486725,L3,L3,L2,L1,L3,L3,L1,L1,L2,C3_1,D3_1,F3_2,,,N3_2,L_3,M_2
486726,L3,L3,L2,L1,L3,L3,L1,L1,L2,C3_1,D3_1,F3_3,,,N3_1,L_1,M_1
486727,L3,L3,L2,L1,L3,L3,L1,L1,L2,C3_1,D3_1,F3_3,,,N3_1,L_1,M_2
486728,L3,L3,L2,L1,L3,L3,L1,L1,L2,C3_1,D3_1,F3_3,,,N3_1,L_2,M_1
486729,L3,L3,L2,L1,L3,L3,L1,L1,L2,C3_1,D3_1,F3_3,,,N3_1,L_2,M_2
486730,L3,L3,L2,L1,L3,L3,L1,L1,L2,C3_1,D3_1,F3_3,,,N3_1,L_3,M_1
486731,L3,L3,L2,L1,L3,L3,L1,L1,L2,C3_1,D3_1,F3_3,,,N3_1,L_3,M_2
486732,L3,L3,L2,L1,L3,L3,L1,L1,L2,C3_1,D3_1,F3_3,,,N3_2,L_1,M_1
486733,L3,L3,L2,L1,L3,L3,L1,L1,L2,C3_1,D3_1,F3_3,,,N3_2,L_1,M_2
486734,L3,L3,L2,L1,L3,L3,L1,L1,L2,C3_1,D3_1,F3_3,,,N3_2,L_2,M_1
486735,L3,L3,L2,L1,L3,L3,L1,L1,L2,C3_1,D3_1,F3_3,,,N3_2,L_2,M_2
486736,L3,L3,L2,L1,L3,L3,L1,L1,L2,C3_1,D3_1,F3_3,,,N3_2,L_3,M_1
486737,L3,L3,L2,L1,L3,L3,L1,L1,L2,C3_1,D3_1,F3_3,,,N3_2,L_3,M_2
486738,L3,L3,L2,L1,L3,L3,L1,L1,L2,C3_1,D3_2,F3_1,,,N3_1,L_1,M_1
486739,L3,L3,L2,L1,L3,L3,L1,L1,L2,C3_1,D3_2,F3_1,,,N3_1,L_1,M_2
486740,L3,L3,L2,L1,L3,L3,L1,L1,L2,C3_1,D3_2,F3_1,,,N3_1,L_2,M_1
486741,L3,L3,L2,L1,L3,L3,L1,L1,L2,C3_1,D3_2,F3_1,,,N3_1,L_2,M_2
486742,L3,L3,L2,L1,L3,L3,L1,L1,L2,C3_1,D3_2,F3_1,,,N3_1,L_3,M_1
486743,L3,L3,L2,L1,L3,L3,L1,L1,L2,C3_1,D3_2,F3_1,,,N3_1,L_3,M_2
486744,L3,L3,L2,L1,L3,L3,L1,L1,L2,C3_1,D3_2,F3_1,,,N3_2,L_1,M_1
486745,L3,L3,L2,L1,L3,L3,L1,L1,L2,C3_1,D3_2,F3_1,,,N3_2,L_1,M_2
486746,L3,L3,L2,L1,L3,L3,L1,L1,L2,C3_1,D3_2,F3_1,,,N3_2,L_2,M_1
486747,L3,L3,L2,L1,L3,L3,L1,L1,L2,C3_1,D3_2,F3_1,,,N3_2,L_2,M_2
486748,L3,L3,L2,L1,L3,L3,L1,L1,L2,C3_1,D3_2,F3_1,,,N3_2,L_3,M_1
486749,L3,L3,L2,L1,L3,L3,L1,L1,L2,C3_1,D3_2,F3_1,,,N3_2,L_3,M_2
486750,L3,L3,L2,L1,L3,L3,L1,L1,L2,C3_1,D3_2,F3_2,,,N3_1,L_1,M_1
486751,L3,L3,L2,L1,L3,L3,L1,L1,L2,C3_1,D3_2,F3_2,,,N3_1,L_1,M_2
486752,L3,L3,L2,L1,L3,L3,L1,L1,L2,C3_1,D3_2,F3_2,,,N3_1,L_2,M_1
486753,L3,L3,L2,L1,L3,L3,L1,L1,L2,C3_1,D3_2,F3_2,,,N3_1,L_2,M_2
486754,L3,L3,L2,L1,L3,L3,L1,L1,L2,C3_1,D3_2,F3_2,,,N3_1,L_3,M_1
486755,L3,L3,L2,L1,L3,L3,L1,L1,L2,C3_1,D3_2,F3_2,,,N3_1,L_3,M_2
486756,L3,L3,L2,L1,L3,L3,L1,L1,L2,C3_1,D3_2,F3_2,,,N3_2,L_1,M_1
486757,L3,L3,L2,L1,L3,L3,L1,L1,L2,C3_1,D3_2,F3_2,,,N3_2,L_1,M_2
486758,L3,L3,L2,L1,L3,L3,L1,L1,L2,C3_1,D3_2,F3_2,,,N3_2,L_2,M_1
486759,L3,L3,L2,L1,L3,L3,L1,L1,L2,C3_1,D3_2,F3_2,,,N3_2,L_2,M_2
486760,L3,L3,L2,L1,L3,L3,L1,L1,L2,C3_1,D3_2,F3_2,,,N3_2,L_3,M_1
486761,L3,L3,L2,L1,L3,L3,L1,L1,L2,C3_1,D3_2,F3_2,,,N3_2,L_3,M_2
486762,L3,L3,L2,L1,L3,L3,L1,L1,L2,C3_1,D3_2,F3_3,,,N3_1,L_1,M_1
486763,L3,L3,L2,L1,L3,L3,L1,L1,L2,C3_1,D3_2,F3_3,,,N3_1,L_1,M_2
486764,L3,L3,L2,L1,L3,L3,L1,L1,L2,C3_1,D3_2,F3_3,,,N3_1,L_2,M_1
486765,L3,L3,L2,L1,L3,L3,L1,L1,L2,C3_1,D3_2,F3_3,,,N3_1,L_2,M_2
486766,L3,L3,L2,L1,L3,L3,L1,L1,L2,C3_1,D3_2,F3_3,,,N3_1,L_3,M_1
486767,L3,L3,L2,L1,L3,L3,L1,L1,L2,C3_1,D3_2,F3_3,,,N3_1,L_3,M_2
486768,L3,L3,L2,L1,L3,L3,L1,L1,L2,C3_1,D3_2,F3_3,,,N3_2,L_1,M_1
486769,L3,L3,L2,L1,L3,L3,L1,L1,L2,C3_1,D3_2,F3_3,,,N3_2,L_1,M_2
486770,L3,L3,L2,L1,L3,L3,L1,L1,L2,C3_1,D3_2,F3_3,,,N3_2,L_2,M_1
486771,L3,L3,L2,L1,L3,L3,L1,L1,L2,C3_1,D3_2,F3_3,,,N3_2,L_2,M_2
486772,L3,L3,L2,L1,L3,L3,L1,L1,L2,C3_1,D3_2,F3_3,,,N3_2,L_3,M_1
486773,L3,L3,L2,L1,L3,L3,L1,L1,L2,C3_1,D3_2,F3_3,,,N3_2,L_3,M_2
486774,L3,L3,L2,L1,L3,L3,L1,L1,L2,C3_1,D3_3,F3_1,,,N3_1,L_1,M_1
486775,L3,L3,L2,L1,L3,L3,L1,L1,L2,C3_1,D3_3,F3_1,,,N3_1,L_1,M_2
486776,L3,L3,L2,L1,L3,L3,L1,L1,L2,C3_1,D3_3,F3_1,,,N3_1,L_2,M_1
486777,L3,L3,L2,L1,L3,L3,L1,L1,L2,C3_1,D3_3,F3_1,,,N3_1,L_2,M_2
486778,L3,L3,L2,L1,L3,L3,L1,L1,L2,C3_1,D3_3,F3_1,,,N3_1,L_3,M_1
486779,L3,L3,L2,L1,L3,L3,L1,L1,L2,C3_1,D3_3,F3_1,,,N3_1,L_3,M_2
486780,L3,L3,L2,L1,L3,L3,L1,L1,L2,C3_1,D3_3,F3_1,,,N3_2,L_1,M_1
486781,L3,L3,L2,L1,L3,L3,L1,L1,L2,C3_1,D3_3,F3_1,,,N3_2,L_1,M_2
486782,L3,L3,L2,L1,L3,L3,L1,L1,L2,C3_1,D3_3,F3_1,,,N3_2,L_2,M_1
486783,L3,L3,L2,L1,L3,L3,L1,L1,L2,C3_1,D3_3,F3_1,,,N3_2,L_2,M_2
486784,L3,L3,L2,L1,L3,L3,L1,L1,L2,C3_1,D3_3,F3_1,,,N3_2,L_3,M_1
486785,L3,L3,L2,L1,L3,L3,L1,L1,L2,C3_1,D3_3,F3_1,,,N3_2,L_3,M_2
486786,L3,L3,L2,L1,L3,L3,L1,L1,L2,C3_1,D3_3,F3_2,,,N3_1,L_1,M_1
486787,L3,L3,L2,L1,L3,L3,L1,L1,L2,C3_1,D3_3,F3_2,,,N3_1,L_1,M_2
486788,L3,L3,L2,L1,L3,L3,L1,L1,L2,C3_1,D3_3,F3_2,,,N3_1,L_2,M_1
486789,L3,L3,L2,L1,L3,L3,L1,L1,L2,C3_1,D3_3,F3_2,,,N3_1,L_2,M_2
486790,L3,L3,L2,L1,L3,L3,L1,L1,L2,C3_1,D3_3,F3_2,,,N3_1,L_3,M_1
486791,L3,L3,L2,L1,L3,L3,L1,L1,L2,C3_1,D3_3,F3_2,,,N3_1,L_3,M_2
486792,L3,L3,L2,L1,L3,L3,L1,L1,L2,C3_1,D3_3,F3_2,,,N3_2,L_1,M_1
486793,L3,L3,L2,L1,L3,L3,L1,L1,L2,C3_1,D3_3,F3_2,,,N3_2,L_1,M_2
486794,L3,L3,L2,L1,L3,L3,L1,L1,L2,C3_1,D3_3,F3_2,,,N3_2,L_2,M_1
486795,L3,L3,L2,L1,L3,L3,L1,L1,L2,C3_1,D3_3,F3_2,,,N3_2,L_2,M_2
486796,L3,L3,L2,L1,L3,L3,L1,L1,L2,C3_1,D3_3,F3_2,,,N3_2,L_3,M_1
486797,L3,L3,L2,L1,L3,L3,L1,L1,L2,C3_1,D3_3,F3_2,,,N3_2,L_3,M_2
486798,L3,L3,L2,L1,L3,L3,L1,L1,L2,C3_1,D3_3,F3_3,,,N3_1,L_1,M_1
486799,L3,L3,L2,L1,L3,L3,L1,L1,L2,C3_1,D3_3,F3_3,,,N3_1,L_1,M_2
486800,L3,L3,L2,L1,L3,L3,L1,L1,L2,C3_1,D3_3,F3_3,,,N3_1,L_2,M_1
486801,L3,L3,L2,L1,L3,L3,L1,L1,L2,C3_1,D3_3,F3_3,,,N3_1,L_2,M_2
486802,L3,L3,L2,L1,L3,L3,L1,L1,L2,C3_1,D3_3,F3_3,,,N3_1,L_3,M_1
486803,L3,L3,L2,L1,L3,L3,L1,L1,L2,C3_1,D3_3,F3_3,,,N3_1,L_3,M_2
486804,L3,L3,L2,L1,L3,L3,L1,L1,L2,C3_1,D3_3,F3_3,,,N3_2,L_1,M_1
486805,L3,L3,L2,L1,L3,L3,L1,L1,L2,C3_1,D3_3,F3_3,,,N3_2,L_1,M_2
486806,L3,L3,L2,L1,L3,L3,L1,L1,L2,C3_1,D3_3,F3_3,,,N3_2,L_2,M_1
486807,L3,L3,L2,L1,L3,L3,L1,L1,L2,C3_1,D3_3,F3_3,,,N3_2,L_2,M_2
486808,L3,L3,L2,L1,L3,L3,L1,L1,L2,C3_1,D3_3,F3_3,,,N3_2,L_3,M_1
486809,L3,L3,L2,L1,L3,L3,L1,L1,L2,C3_1,D3_3,F3_3,,,N3_2,L_3,M_2
486810,L3,L3,L2,L1,L3,L3,L1,L1,L2,C3_2,D3_1,F3_1,,,N3_1,L_1,M_1
486811,L3,L3,L2,L1,L3,L3,L1,L1,L2,C3_2,D3_1,F3_1,,,N3_1,L_1,M_2
486812,L3,L3,L2,L1,L3,L3,L1,L1,L2,C3_2,D3_1,F3_1,,,N3_1,L_2,M_1
486813,L3,L3,L2,L1,L3,L3,L1,L1,L2,C3_2,D3_1,F3_1,,,N3_1,L_2,M_2
486814,L3,L3,L2,L1,L3,L3,L1,L1,L2,C3_2,D3_1,F3_1,,,N3_1,L_3,M_1
486815,L3,L3,L2,L1,L3,L3,L1,L1,L2,C3_2,D3_1,F3_1,,,N3_1,L_3,M_2
486816,L3,L3,L2,L1,L3,L3,L1,L1,L2,C3_2,D3_1,F3_1,,,N3_2,L_1,M_1
486817,L3,L3,L2,L1,L3,L3,L1,L1,L2,C3_2,D3_1,F3_1,,,N3_2,L_1,M_2
486818,L3,L3,L2,L1,L3,L3,L1,L1,L2,C3_2,D3_1,F3_1,,,N3_2,L_2,M_1
486819,L3,L3,L2,L1,L3,L3,L1,L1,L2,C3_2,D3_1,F3_1,,,N3_2,L_2,M_2
486820,L3,L3,L2,L1,L3,L3,L1,L1,L2,C3_2,D3_1,F3_1,,,N3_2,L_3,M_1
486821,L3,L3,L2,L1,L3,L3,L1,L1,L2,C3_2,D3_1,F3_1,,,N3_2,L_3,M_2
486822,L3,L3,L2,L1,L3,L3,L1,L1,L2,C3_2,D3_1,F3_2,,,N3_1,L_1,M_1
486823,L3,L3,L2,L1,L3,L3,L1,L1,L2,C3_2,D3_1,F3_2,,,N3_1,L_1,M_2
486824,L3,L3,L2,L1,L3,L3,L1,L1,L2,C3_2,D3_1,F3_2,,,N3_1,L_2,M_1
486825,L3,L3,L2,L1,L3,L3,L1,L1,L2,C3_2,D3_1,F3_2,,,N3_1,L_2,M_2
486826,L3,L3,L2,L1,L3,L3,L1,L1,L2,C3_2,D3_1,F3_2,,,N3_1,L_3,M_1
486827,L3,L3,L2,L1,L3,L3,L1,L1,L2,C3_2,D3_1,F3_2,,,N3_1,L_3,M_2
486828,L3,L3,L2,L1,L3,L3,L1,L1,L2,C3_2,D3_1,F3_2,,,N3_2,L_1,M_1
486829,L3,L3,L2,L1,L3,L3,L1,L1,L2,C3_2,D3_1,F3_2,,,N3_2,L_1,M_2
486830,L3,L3,L2,L1,L3,L3,L1,L1,L2,C3_2,D3_1,F3_2,,,N3_2,L_2,M_1
486831,L3,L3,L2,L1,L3,L3,L1,L1,L2,C3_2,D3_1,F3_2,,,N3_2,L_2,M_2
486832,L3,L3,L2,L1,L3,L3,L1,L1,L2,C3_2,D3_1,F3_2,,,N3_2,L_3,M_1
486833,L3,L3,L2,L1,L3,L3,L1,L1,L2,C3_2,D3_1,F3_2,,,N3_2,L_3,M_2
486834,L3,L3,L2,L1,L3,L3,L1,L1,L2,C3_2,D3_1,F3_3,,,N3_1,L_1,M_1
486835,L3,L3,L2,L1,L3,L3,L1,L1,L2,C3_2,D3_1,F3_3,,,N3_1,L_1,M_2
486836,L3,L3,L2,L1,L3,L3,L1,L1,L2,C3_2,D3_1,F3_3,,,N3_1,L_2,M_1
486837,L3,L3,L2,L1,L3,L3,L1,L1,L2,C3_2,D3_1,F3_3,,,N3_1,L_2,M_2
486838,L3,L3,L2,L1,L3,L3,L1,L1,L2,C3_2,D3_1,F3_3,,,N3_1,L_3,M_1
486839,L3,L3,L2,L1,L3,L3,L1,L1,L2,C3_2,D3_1,F3_3,,,N3_1,L_3,M_2
486840,L3,L3,L2,L1,L3,L3,L1,L1,L2,C3_2,D3_1,F3_3,,,N3_2,L_1,M_1
486841,L3,L3,L2,L1,L3,L3,L1,L1,L2,C3_2,D3_1,F3_3,,,N3_2,L_1,M_2
486842,L3,L3,L2,L1,L3,L3,L1,L1,L2,C3_2,D3_1,F3_3,,,N3_2,L_2,M_1
486843,L3,L3,L2,L1,L3,L3,L1,L1,L2,C3_2,D3_1,F3_3,,,N3_2,L_2,M_2
486844,L3,L3,L2,L1,L3,L3,L1,L1,L2,C3_2,D3_1,F3_3,,,N3_2,L_3,M_1
486845,L3,L3,L2,L1,L3,L3,L1,L1,L2,C3_2,D3_1,F3_3,,,N3_2,L_3,M_2
486846,L3,L3,L2,L1,L3,L3,L1,L1,L2,C3_2,D3_2,F3_1,,,N3_1,L_1,M_1
486847,L3,L3,L2,L1,L3,L3,L1,L1,L2,C3_2,D3_2,F3_1,,,N3_1,L_1,M_2
486848,L3,L3,L2,L1,L3,L3,L1,L1,L2,C3_2,D3_2,F3_1,,,N3_1,L_2,M_1
486849,L3,L3,L2,L1,L3,L3,L1,L1,L2,C3_2,D3_2,F3_1,,,N3_1,L_2,M_2
486850,L3,L3,L2,L1,L3,L3,L1,L1,L2,C3_2,D3_2,F3_1,,,N3_1,L_3,M_1
486851,L3,L3,L2,L1,L3,L3,L1,L1,L2,C3_2,D3_2,F3_1,,,N3_1,L_3,M_2
486852,L3,L3,L2,L1,L3,L3,L1,L1,L2,C3_2,D3_2,F3_1,,,N3_2,L_1,M_1
486853,L3,L3,L2,L1,L3,L3,L1,L1,L2,C3_2,D3_2,F3_1,,,N3_2,L_1,M_2
486854,L3,L3,L2,L1,L3,L3,L1,L1,L2,C3_2,D3_2,F3_1,,,N3_2,L_2,M_1
486855,L3,L3,L2,L1,L3,L3,L1,L1,L2,C3_2,D3_2,F3_1,,,N3_2,L_2,M_2
486856,L3,L3,L2,L1,L3,L3,L1,L1,L2,C3_2,D3_2,F3_1,,,N3_2,L_3,M_1
486857,L3,L3,L2,L1,L3,L3,L1,L1,L2,C3_2,D3_2,F3_1,,,N3_2,L_3,M_2
486858,L3,L3,L2,L1,L3,L3,L1,L1,L2,C3_2,D3_2,F3_2,,,N3_1,L_1,M_1
486859,L3,L3,L2,L1,L3,L3,L1,L1,L2,C3_2,D3_2,F3_2,,,N3_1,L_1,M_2
486860,L3,L3,L2,L1,L3,L3,L1,L1,L2,C3_2,D3_2,F3_2,,,N3_1,L_2,M_1
486861,L3,L3,L2,L1,L3,L3,L1,L1,L2,C3_2,D3_2,F3_2,,,N3_1,L_2,M_2
486862,L3,L3,L2,L1,L3,L3,L1,L1,L2,C3_2,D3_2,F3_2,,,N3_1,L_3,M_1
486863,L3,L3,L2,L1,L3,L3,L1,L1,L2,C3_2,D3_2,F3_2,,,N3_1,L_3,M_2
486864,L3,L3,L2,L1,L3,L3,L1,L1,L2,C3_2,D3_2,F3_2,,,N3_2,L_1,M_1
486865,L3,L3,L2,L1,L3,L3,L1,L1,L2,C3_2,D3_2,F3_2,,,N3_2,L_1,M_2
486866,L3,L3,L2,L1,L3,L3,L1,L1,L2,C3_2,D3_2,F3_2,,,N3_2,L_2,M_1
486867,L3,L3,L2,L1,L3,L3,L1,L1,L2,C3_2,D3_2,F3_2,,,N3_2,L_2,M_2
486868,L3,L3,L2,L1,L3,L3,L1,L1,L2,C3_2,D3_2,F3_2,,,N3_2,L_3,M_1
486869,L3,L3,L2,L1,L3,L3,L1,L1,L2,C3_2,D3_2,F3_2,,,N3_2,L_3,M_2
486870,L3,L3,L2,L1,L3,L3,L1,L1,L2,C3_2,D3_2,F3_3,,,N3_1,L_1,M_1
486871,L3,L3,L2,L1,L3,L3,L1,L1,L2,C3_2,D3_2,F3_3,,,N3_1,L_1,M_2
486872,L3,L3,L2,L1,L3,L3,L1,L1,L2,C3_2,D3_2,F3_3,,,N3_1,L_2,M_1
486873,L3,L3,L2,L1,L3,L3,L1,L1,L2,C3_2,D3_2,F3_3,,,N3_1,L_2,M_2
486874,L3,L3,L2,L1,L3,L3,L1,L1,L2,C3_2,D3_2,F3_3,,,N3_1,L_3,M_1
486875,L3,L3,L2,L1,L3,L3,L1,L1,L2,C3_2,D3_2,F3_3,,,N3_1,L_3,M_2
486876,L3,L3,L2,L1,L3,L3,L1,L1,L2,C3_2,D3_2,F3_3,,,N3_2,L_1,M_1
486877,L3,L3,L2,L1,L3,L3,L1,L1,L2,C3_2,D3_2,F3_3,,,N3_2,L_1,M_2
486878,L3,L3,L2,L1,L3,L3,L1,L1,L2,C3_2,D3_2,F3_3,,,N3_2,L_2,M_1
486879,L3,L3,L2,L1,L3,L3,L1,L1,L2,C3_2,D3_2,F3_3,,,N3_2,L_2,M_2
486880,L3,L3,L2,L1,L3,L3,L1,L1,L2,C3_2,D3_2,F3_3,,,N3_2,L_3,M_1
486881,L3,L3,L2,L1,L3,L3,L1,L1,L2,C3_2,D3_2,F3_3,,,N3_2,L_3,M_2
486882,L3,L3,L2,L1,L3,L3,L1,L1,L2,C3_2,D3_3,F3_1,,,N3_1,L_1,M_1
486883,L3,L3,L2,L1,L3,L3,L1,L1,L2,C3_2,D3_3,F3_1,,,N3_1,L_1,M_2
486884,L3,L3,L2,L1,L3,L3,L1,L1,L2,C3_2,D3_3,F3_1,,,N3_1,L_2,M_1
486885,L3,L3,L2,L1,L3,L3,L1,L1,L2,C3_2,D3_3,F3_1,,,N3_1,L_2,M_2
486886,L3,L3,L2,L1,L3,L3,L1,L1,L2,C3_2,D3_3,F3_1,,,N3_1,L_3,M_1
486887,L3,L3,L2,L1,L3,L3,L1,L1,L2,C3_2,D3_3,F3_1,,,N3_1,L_3,M_2
486888,L3,L3,L2,L1,L3,L3,L1,L1,L2,C3_2,D3_3,F3_1,,,N3_2,L_1,M_1
486889,L3,L3,L2,L1,L3,L3,L1,L1,L2,C3_2,D3_3,F3_1,,,N3_2,L_1,M_2
486890,L3,L3,L2,L1,L3,L3,L1,L1,L2,C3_2,D3_3,F3_1,,,N3_2,L_2,M_1
486891,L3,L3,L2,L1,L3,L3,L1,L1,L2,C3_2,D3_3,F3_1,,,N3_2,L_2,M_2
486892,L3,L3,L2,L1,L3,L3,L1,L1,L2,C3_2,D3_3,F3_1,,,N3_2,L_3,M_1
486893,L3,L3,L2,L1,L3,L3,L1,L1,L2,C3_2,D3_3,F3_1,,,N3_2,L_3,M_2
486894,L3,L3,L2,L1,L3,L3,L1,L1,L2,C3_2,D3_3,F3_2,,,N3_1,L_1,M_1
486895,L3,L3,L2,L1,L3,L3,L1,L1,L2,C3_2,D3_3,F3_2,,,N3_1,L_1,M_2
486896,L3,L3,L2,L1,L3,L3,L1,L1,L2,C3_2,D3_3,F3_2,,,N3_1,L_2,M_1
486897,L3,L3,L2,L1,L3,L3,L1,L1,L2,C3_2,D3_3,F3_2,,,N3_1,L_2,M_2
486898,L3,L3,L2,L1,L3,L3,L1,L1,L2,C3_2,D3_3,F3_2,,,N3_1,L_3,M_1
486899,L3,L3,L2,L1,L3,L3,L1,L1,L2,C3_2,D3_3,F3_2,,,N3_1,L_3,M_2
486900,L3,L3,L2,L1,L3,L3,L1,L1,L2,C3_2,D3_3,F3_2,,,N3_2,L_1,M_1
486901,L3,L3,L2,L1,L3,L3,L1,L1,L2,C3_2,D3_3,F3_2,,,N3_2,L_1,M_2
486902,L3,L3,L2,L1,L3,L3,L1,L1,L2,C3_2,D3_3,F3_2,,,N3_2,L_2,M_1
486903,L3,L3,L2,L1,L3,L3,L1,L1,L2,C3_2,D3_3,F3_2,,,N3_2,L_2,M_2
486904,L3,L3,L2,L1,L3,L3,L1,L1,L2,C3_2,D3_3,F3_2,,,N3_2,L_3,M_1
486905,L3,L3,L2,L1,L3,L3,L1,L1,L2,C3_2,D3_3,F3_2,,,N3_2,L_3,M_2
486906,L3,L3,L2,L1,L3,L3,L1,L1,L2,C3_2,D3_3,F3_3,,,N3_1,L_1,M_1
486907,L3,L3,L2,L1,L3,L3,L1,L1,L2,C3_2,D3_3,F3_3,,,N3_1,L_1,M_2
486908,L3,L3,L2,L1,L3,L3,L1,L1,L2,C3_2,D3_3,F3_3,,,N3_1,L_2,M_1
486909,L3,L3,L2,L1,L3,L3,L1,L1,L2,C3_2,D3_3,F3_3,,,N3_1,L_2,M_2
486910,L3,L3,L2,L1,L3,L3,L1,L1,L2,C3_2,D3_3,F3_3,,,N3_1,L_3,M_1
486911,L3,L3,L2,L1,L3,L3,L1,L1,L2,C3_2,D3_3,F3_3,,,N3_1,L_3,M_2
486912,L3,L3,L2,L1,L3,L3,L1,L1,L2,C3_2,D3_3,F3_3,,,N3_2,L_1,M_1
486913,L3,L3,L2,L1,L3,L3,L1,L1,L2,C3_2,D3_3,F3_3,,,N3_2,L_1,M_2
486914,L3,L3,L2,L1,L3,L3,L1,L1,L2,C3_2,D3_3,F3_3,,,N3_2,L_2,M_1
486915,L3,L3,L2,L1,L3,L3,L1,L1,L2,C3_2,D3_3,F3_3,,,N3_2,L_2,M_2
486916,L3,L3,L2,L1,L3,L3,L1,L1,L2,C3_2,D3_3,F3_3,,,N3_2,L_3,M_1
486917,L3,L3,L2,L1,L3,L3,L1,L1,L2,C3_2,D3_3,F3_3,,,N3_2,L_3,M_2
486918,L3,L3,L2,L1,L3,L3,L1,L1,L2,C3_3,D3_1,F3_1,,,N3_1,L_1,M_1
486919,L3,L3,L2,L1,L3,L3,L1,L1,L2,C3_3,D3_1,F3_1,,,N3_1,L_1,M_2
486920,L3,L3,L2,L1,L3,L3,L1,L1,L2,C3_3,D3_1,F3_1,,,N3_1,L_2,M_1
486921,L3,L3,L2,L1,L3,L3,L1,L1,L2,C3_3,D3_1,F3_1,,,N3_1,L_2,M_2
486922,L3,L3,L2,L1,L3,L3,L1,L1,L2,C3_3,D3_1,F3_1,,,N3_1,L_3,M_1
486923,L3,L3,L2,L1,L3,L3,L1,L1,L2,C3_3,D3_1,F3_1,,,N3_1,L_3,M_2
486924,L3,L3,L2,L1,L3,L3,L1,L1,L2,C3_3,D3_1,F3_1,,,N3_2,L_1,M_1
486925,L3,L3,L2,L1,L3,L3,L1,L1,L2,C3_3,D3_1,F3_1,,,N3_2,L_1,M_2
486926,L3,L3,L2,L1,L3,L3,L1,L1,L2,C3_3,D3_1,F3_1,,,N3_2,L_2,M_1
486927,L3,L3,L2,L1,L3,L3,L1,L1,L2,C3_3,D3_1,F3_1,,,N3_2,L_2,M_2
486928,L3,L3,L2,L1,L3,L3,L1,L1,L2,C3_3,D3_1,F3_1,,,N3_2,L_3,M_1
486929,L3,L3,L2,L1,L3,L3,L1,L1,L2,C3_3,D3_1,F3_1,,,N3_2,L_3,M_2
486930,L3,L3,L2,L1,L3,L3,L1,L1,L2,C3_3,D3_1,F3_2,,,N3_1,L_1,M_1
486931,L3,L3,L2,L1,L3,L3,L1,L1,L2,C3_3,D3_1,F3_2,,,N3_1,L_1,M_2
486932,L3,L3,L2,L1,L3,L3,L1,L1,L2,C3_3,D3_1,F3_2,,,N3_1,L_2,M_1
486933,L3,L3,L2,L1,L3,L3,L1,L1,L2,C3_3,D3_1,F3_2,,,N3_1,L_2,M_2
486934,L3,L3,L2,L1,L3,L3,L1,L1,L2,C3_3,D3_1,F3_2,,,N3_1,L_3,M_1
486935,L3,L3,L2,L1,L3,L3,L1,L1,L2,C3_3,D3_1,F3_2,,,N3_1,L_3,M_2
486936,L3,L3,L2,L1,L3,L3,L1,L1,L2,C3_3,D3_1,F3_2,,,N3_2,L_1,M_1
486937,L3,L3,L2,L1,L3,L3,L1,L1,L2,C3_3,D3_1,F3_2,,,N3_2,L_1,M_2
486938,L3,L3,L2,L1,L3,L3,L1,L1,L2,C3_3,D3_1,F3_2,,,N3_2,L_2,M_1
486939,L3,L3,L2,L1,L3,L3,L1,L1,L2,C3_3,D3_1,F3_2,,,N3_2,L_2,M_2
486940,L3,L3,L2,L1,L3,L3,L1,L1,L2,C3_3,D3_1,F3_2,,,N3_2,L_3,M_1
486941,L3,L3,L2,L1,L3,L3,L1,L1,L2,C3_3,D3_1,F3_2,,,N3_2,L_3,M_2
486942,L3,L3,L2,L1,L3,L3,L1,L1,L2,C3_3,D3_1,F3_3,,,N3_1,L_1,M_1
486943,L3,L3,L2,L1,L3,L3,L1,L1,L2,C3_3,D3_1,F3_3,,,N3_1,L_1,M_2
486944,L3,L3,L2,L1,L3,L3,L1,L1,L2,C3_3,D3_1,F3_3,,,N3_1,L_2,M_1
486945,L3,L3,L2,L1,L3,L3,L1,L1,L2,C3_3,D3_1,F3_3,,,N3_1,L_2,M_2
486946,L3,L3,L2,L1,L3,L3,L1,L1,L2,C3_3,D3_1,F3_3,,,N3_1,L_3,M_1
486947,L3,L3,L2,L1,L3,L3,L1,L1,L2,C3_3,D3_1,F3_3,,,N3_1,L_3,M_2
486948,L3,L3,L2,L1,L3,L3,L1,L1,L2,C3_3,D3_1,F3_3,,,N3_2,L_1,M_1
486949,L3,L3,L2,L1,L3,L3,L1,L1,L2,C3_3,D3_1,F3_3,,,N3_2,L_1,M_2
486950,L3,L3,L2,L1,L3,L3,L1,L1,L2,C3_3,D3_1,F3_3,,,N3_2,L_2,M_1
486951,L3,L3,L2,L1,L3,L3,L1,L1,L2,C3_3,D3_1,F3_3,,,N3_2,L_2,M_2
486952,L3,L3,L2,L1,L3,L3,L1,L1,L2,C3_3,D3_1,F3_3,,,N3_2,L_3,M_1
486953,L3,L3,L2,L1,L3,L3,L1,L1,L2,C3_3,D3_1,F3_3,,,N3_2,L_3,M_2
486954,L3,L3,L2,L1,L3,L3,L1,L1,L2,C3_3,D3_2,F3_1,,,N3_1,L_1,M_1
486955,L3,L3,L2,L1,L3,L3,L1,L1,L2,C3_3,D3_2,F3_1,,,N3_1,L_1,M_2
486956,L3,L3,L2,L1,L3,L3,L1,L1,L2,C3_3,D3_2,F3_1,,,N3_1,L_2,M_1
486957,L3,L3,L2,L1,L3,L3,L1,L1,L2,C3_3,D3_2,F3_1,,,N3_1,L_2,M_2
486958,L3,L3,L2,L1,L3,L3,L1,L1,L2,C3_3,D3_2,F3_1,,,N3_1,L_3,M_1
486959,L3,L3,L2,L1,L3,L3,L1,L1,L2,C3_3,D3_2,F3_1,,,N3_1,L_3,M_2
486960,L3,L3,L2,L1,L3,L3,L1,L1,L2,C3_3,D3_2,F3_1,,,N3_2,L_1,M_1
486961,L3,L3,L2,L1,L3,L3,L1,L1,L2,C3_3,D3_2,F3_1,,,N3_2,L_1,M_2
486962,L3,L3,L2,L1,L3,L3,L1,L1,L2,C3_3,D3_2,F3_1,,,N3_2,L_2,M_1
486963,L3,L3,L2,L1,L3,L3,L1,L1,L2,C3_3,D3_2,F3_1,,,N3_2,L_2,M_2
486964,L3,L3,L2,L1,L3,L3,L1,L1,L2,C3_3,D3_2,F3_1,,,N3_2,L_3,M_1
486965,L3,L3,L2,L1,L3,L3,L1,L1,L2,C3_3,D3_2,F3_1,,,N3_2,L_3,M_2
486966,L3,L3,L2,L1,L3,L3,L1,L1,L2,C3_3,D3_2,F3_2,,,N3_1,L_1,M_1
486967,L3,L3,L2,L1,L3,L3,L1,L1,L2,C3_3,D3_2,F3_2,,,N3_1,L_1,M_2
486968,L3,L3,L2,L1,L3,L3,L1,L1,L2,C3_3,D3_2,F3_2,,,N3_1,L_2,M_1
486969,L3,L3,L2,L1,L3,L3,L1,L1,L2,C3_3,D3_2,F3_2,,,N3_1,L_2,M_2
486970,L3,L3,L2,L1,L3,L3,L1,L1,L2,C3_3,D3_2,F3_2,,,N3_1,L_3,M_1
486971,L3,L3,L2,L1,L3,L3,L1,L1,L2,C3_3,D3_2,F3_2,,,N3_1,L_3,M_2
486972,L3,L3,L2,L1,L3,L3,L1,L1,L2,C3_3,D3_2,F3_2,,,N3_2,L_1,M_1
486973,L3,L3,L2,L1,L3,L3,L1,L1,L2,C3_3,D3_2,F3_2,,,N3_2,L_1,M_2
486974,L3,L3,L2,L1,L3,L3,L1,L1,L2,C3_3,D3_2,F3_2,,,N3_2,L_2,M_1
486975,L3,L3,L2,L1,L3,L3,L1,L1,L2,C3_3,D3_2,F3_2,,,N3_2,L_2,M_2
486976,L3,L3,L2,L1,L3,L3,L1,L1,L2,C3_3,D3_2,F3_2,,,N3_2,L_3,M_1
486977,L3,L3,L2,L1,L3,L3,L1,L1,L2,C3_3,D3_2,F3_2,,,N3_2,L_3,M_2
486978,L3,L3,L2,L1,L3,L3,L1,L1,L2,C3_3,D3_2,F3_3,,,N3_1,L_1,M_1
486979,L3,L3,L2,L1,L3,L3,L1,L1,L2,C3_3,D3_2,F3_3,,,N3_1,L_1,M_2
486980,L3,L3,L2,L1,L3,L3,L1,L1,L2,C3_3,D3_2,F3_3,,,N3_1,L_2,M_1
486981,L3,L3,L2,L1,L3,L3,L1,L1,L2,C3_3,D3_2,F3_3,,,N3_1,L_2,M_2
486982,L3,L3,L2,L1,L3,L3,L1,L1,L2,C3_3,D3_2,F3_3,,,N3_1,L_3,M_1
486983,L3,L3,L2,L1,L3,L3,L1,L1,L2,C3_3,D3_2,F3_3,,,N3_1,L_3,M_2
486984,L3,L3,L2,L1,L3,L3,L1,L1,L2,C3_3,D3_2,F3_3,,,N3_2,L_1,M_1
486985,L3,L3,L2,L1,L3,L3,L1,L1,L2,C3_3,D3_2,F3_3,,,N3_2,L_1,M_2
486986,L3,L3,L2,L1,L3,L3,L1,L1,L2,C3_3,D3_2,F3_3,,,N3_2,L_2,M_1
486987,L3,L3,L2,L1,L3,L3,L1,L1,L2,C3_3,D3_2,F3_3,,,N3_2,L_2,M_2
486988,L3,L3,L2,L1,L3,L3,L1,L1,L2,C3_3,D3_2,F3_3,,,N3_2,L_3,M_1
486989,L3,L3,L2,L1,L3,L3,L1,L1,L2,C3_3,D3_2,F3_3,,,N3_2,L_3,M_2
486990,L3,L3,L2,L1,L3,L3,L1,L1,L2,C3_3,D3_3,F3_1,,,N3_1,L_1,M_1
486991,L3,L3,L2,L1,L3,L3,L1,L1,L2,C3_3,D3_3,F3_1,,,N3_1,L_1,M_2
486992,L3,L3,L2,L1,L3,L3,L1,L1,L2,C3_3,D3_3,F3_1,,,N3_1,L_2,M_1
486993,L3,L3,L2,L1,L3,L3,L1,L1,L2,C3_3,D3_3,F3_1,,,N3_1,L_2,M_2
486994,L3,L3,L2,L1,L3,L3,L1,L1,L2,C3_3,D3_3,F3_1,,,N3_1,L_3,M_1
486995,L3,L3,L2,L1,L3,L3,L1,L1,L2,C3_3,D3_3,F3_1,,,N3_1,L_3,M_2
486996,L3,L3,L2,L1,L3,L3,L1,L1,L2,C3_3,D3_3,F3_1,,,N3_2,L_1,M_1
486997,L3,L3,L2,L1,L3,L3,L1,L1,L2,C3_3,D3_3,F3_1,,,N3_2,L_1,M_2
486998,L3,L3,L2,L1,L3,L3,L1,L1,L2,C3_3,D3_3,F3_1,,,N3_2,L_2,M_1
486999,L3,L3,L2,L1,L3,L3,L1,L1,L2,C3_3,D3_3,F3_1,,,N3_2,L_2,M_2
487000,L3,L3,L2,L1,L3,L3,L1,L1,L2,C3_3,D3_3,F3_1,,,N3_2,L_3,M_1
487001,L3,L3,L2,L1,L3,L3,L1,L1,L2,C3_3,D3_3,F3_1,,,N3_2,L_3,M_2
487002,L3,L3,L2,L1,L3,L3,L1,L1,L2,C3_3,D3_3,F3_2,,,N3_1,L_1,M_1
487003,L3,L3,L2,L1,L3,L3,L1,L1,L2,C3_3,D3_3,F3_2,,,N3_1,L_1,M_2
487004,L3,L3,L2,L1,L3,L3,L1,L1,L2,C3_3,D3_3,F3_2,,,N3_1,L_2,M_1
487005,L3,L3,L2,L1,L3,L3,L1,L1,L2,C3_3,D3_3,F3_2,,,N3_1,L_2,M_2
487006,L3,L3,L2,L1,L3,L3,L1,L1,L2,C3_3,D3_3,F3_2,,,N3_1,L_3,M_1
487007,L3,L3,L2,L1,L3,L3,L1,L1,L2,C3_3,D3_3,F3_2,,,N3_1,L_3,M_2
487008,L3,L3,L2,L1,L3,L3,L1,L1,L2,C3_3,D3_3,F3_2,,,N3_2,L_1,M_1
487009,L3,L3,L2,L1,L3,L3,L1,L1,L2,C3_3,D3_3,F3_2,,,N3_2,L_1,M_2
487010,L3,L3,L2,L1,L3,L3,L1,L1,L2,C3_3,D3_3,F3_2,,,N3_2,L_2,M_1
487011,L3,L3,L2,L1,L3,L3,L1,L1,L2,C3_3,D3_3,F3_2,,,N3_2,L_2,M_2
487012,L3,L3,L2,L1,L3,L3,L1,L1,L2,C3_3,D3_3,F3_2,,,N3_2,L_3,M_1
487013,L3,L3,L2,L1,L3,L3,L1,L1,L2,C3_3,D3_3,F3_2,,,N3_2,L_3,M_2
487014,L3,L3,L2,L1,L3,L3,L1,L1,L2,C3_3,D3_3,F3_3,,,N3_1,L_1,M_1
487015,L3,L3,L2,L1,L3,L3,L1,L1,L2,C3_3,D3_3,F3_3,,,N3_1,L_1,M_2
487016,L3,L3,L2,L1,L3,L3,L1,L1,L2,C3_3,D3_3,F3_3,,,N3_1,L_2,M_1
487017,L3,L3,L2,L1,L3,L3,L1,L1,L2,C3_3,D3_3,F3_3,,,N3_1,L_2,M_2
487018,L3,L3,L2,L1,L3,L3,L1,L1,L2,C3_3,D3_3,F3_3,,,N3_1,L_3,M_1
487019,L3,L3,L2,L1,L3,L3,L1,L1,L2,C3_3,D3_3,F3_3,,,N3_1,L_3,M_2
487020,L3,L3,L2,L1,L3,L3,L1,L1,L2,C3_3,D3_3,F3_3,,,N3_2,L_1,M_1
487021,L3,L3,L2,L1,L3,L3,L1,L1,L2,C3_3,D3_3,F3_3,,,N3_2,L_1,M_2
487022,L3,L3,L2,L1,L3,L3,L1,L1,L2,C3_3,D3_3,F3_3,,,N3_2,L_2,M_1
487023,L3,L3,L2,L1,L3,L3,L1,L1,L2,C3_3,D3_3,F3_3,,,N3_2,L_2,M_2
487024,L3,L3,L2,L1,L3,L3,L1,L1,L2,C3_3,D3_3,F3_3,,,N3_2,L_3,M_1
487025,L3,L3,L2,L1,L3,L3,L1,L1,L2,C3_3,D3_3,F3_3,,,N3_2,L_3,M_2
