,A,B,G,H,I,E,X,Y,Z,C,D,F,J,K,N,L,M
44010,L1,L1,L3,L2,L3,L1,L2,L1,L1,C1_1,D1_1,F1_1,L1,,,,
44011,L1,L1,L3,L2,L3,L1,L2,L1,L1,C1_1,D1_1,F1_1,L2,,,,
44012,L1,L1,L3,L2,L3,L1,L2,L1,L1,C1_1,D1_1,F1_1,L3,,,,
44013,L1,L1,L3,L2,L3,L1,L2,L1,L1,C1_1,D1_1,F1_2,L1,,,,
44014,L1,L1,L3,L2,L3,L1,L2,L1,L1,C1_1,D1_1,F1_2,L2,,,,
44015,L1,L1,L3,L2,L3,L1,L2,L1,L1,C1_1,D1_1,F1_2,L3,,,,
44016,L1,L1,L3,L2,L3,L1,L2,L1,L1,C1_1,D1_1,F1_3,L1,,,,
44017,L1,L1,L3,L2,L3,L1,L2,L1,L1,C1_1,D1_1,F1_3,L2,,,,
44018,L1,L1,L3,L2,L3,L1,L2,L1,L1,C1_1,D1_1,F1_3,L3,,,,
44019,L1,L1,L3,L2,L3,L1,L2,L1,L1,C1_1,D1_2,F1_1,L1,,,,
44020,L1,L1,L3,L2,L3,L1,L2,L1,L1,C1_1,D1_2,F1_1,L2,,,,
44021,L1,L1,L3,L2,L3,L1,L2,L1,L1,C1_1,D1_2,F1_1,L3,,,,
44022,L1,L1,L3,L2,L3,L1,L2,L1,L1,C1_1,D1_2,F1_2,L1,,,,
44023,L1,L1,L3,L2,L3,L1,L2,L1,L1,C1_1,D1_2,F1_2,L2,,,,
44024,L1,L1,L3,L2,L3,L1,L2,L1,L1,C1_1,D1_2,F1_2,L3,,,,
44025,L1,L1,L3,L2,L3,L1,L2,L1,L1,C1_1,D1_2,F1_3,L1,,,,
44026,L1,L1,L3,L2,L3,L1,L2,L1,L1,C1_1,D1_2,F1_3,L2,,,,
44027,L1,L1,L3,L2,L3,L1,L2,L1,L1,C1_1,D1_2,F1_3,L3,,,,
44028,L1,L1,L3,L2,L3,L1,L2,L1,L1,C1_1,D1_3,F1_1,L1,,,,
44029,L1,L1,L3,L2,L3,L1,L2,L1,L1,C1_1,D1_3,F1_1,L2,,,,
44030,L1,L1,L3,L2,L3,L1,L2,L1,L1,C1_1,D1_3,F1_1,L3,,,,
44031,L1,L1,L3,L2,L3,L1,L2,L1,L1,C1_1,D1_3,F1_2,L1,,,,
44032,L1,L1,L3,L2,L3,L1,L2,L1,L1,C1_1,D1_3,F1_2,L2,,,,
44033,L1,L1,L3,L2,L3,L1,L2,L1,L1,C1_1,D1_3,F1_2,L3,,,,
44034,L1,L1,L3,L2,L3,L1,L2,L1,L1,C1_1,D1_3,F1_3,L1,,,,
44035,L1,L1,L3,L2,L3,L1,L2,L1,L1,C1_1,D1_3,F1_3,L2,,,,
44036,L1,L1,L3,L2,L3,L1,L2,L1,L1,C1_1,D1_3,F1_3,L3,,,,
44037,L1,L1,L3,L2,L3,L1,L2,L1,L1,C1_2,D1_1,F1_1,L1,,,,
44038,L1,L1,L3,L2,L3,L1,L2,L1,L1,C1_2,D1_1,F1_1,L2,,,,
44039,L1,L1,L3,L2,L3,L1,L2,L1,L1,C1_2,D1_1,F1_1,L3,,,,
44040,L1,L1,L3,L2,L3,L1,L2,L1,L1,C1_2,D1_1,F1_2,L1,,,,
44041,L1,L1,L3,L2,L3,L1,L2,L1,L1,C1_2,D1_1,F1_2,L2,,,,
44042,L1,L1,L3,L2,L3,L1,L2,L1,L1,C1_2,D1_1,F1_2,L3,,,,
44043,L1,L1,L3,L2,L3,L1,L2,L1,L1,C1_2,D1_1,F1_3,L1,,,,
44044,L1,L1,L3,L2,L3,L1,L2,L1,L1,C1_2,D1_1,F1_3,L2,,,,
44045,L1,L1,L3,L2,L3,L1,L2,L1,L1,C1_2,D1_1,F1_3,L3,,,,
44046,L1,L1,L3,L2,L3,L1,L2,L1,L1,C1_2,D1_2,F1_1,L1,,,,
44047,L1,L1,L3,L2,L3,L1,L2,L1,L1,C1_2,D1_2,F1_1,L2,,,,
44048,L1,L1,L3,L2,L3,L1,L2,L1,L1,C1_2,D1_2,F1_1,L3,,,,
44049,L1,L1,L3,L2,L3,L1,L2,L1,L1,C1_2,D1_2,F1_2,L1,,,,
44050,L1,L1,L3,L2,L3,L1,L2,L1,L1,C1_2,D1_2,F1_2,L2,,,,
44051,L1,L1,L3,L2,L3,L1,L2,L1,L1,C1_2,D1_2,F1_2,L3,,,,
44052,L1,L1,L3,L2,L3,L1,L2,L1,L1,C1_2,D1_2,F1_3,L1,,,,
44053,L1,L1,L3,L2,L3,L1,L2,L1,L1,C1_2,D1_2,F1_3,L2,,,,
44054,L1,L1,L3,L2,L3,L1,L2,L1,L1,C1_2,D1_2,F1_3,L3,,,,
44055,L1,L1,L3,L2,L3,L1,L2,L1,L1,C1_2,D1_3,F1_1,L1,,,,
44056,L1,L1,L3,L2,L3,L1,L2,L1,L1,C1_2,D1_3,F1_1,L2,,,,
44057,L1,L1,L3,L2,L3,L1,L2,L1,L1,C1_2,D1_3,F1_1,L3,,,,
44058,L1,L1,L3,L2,L3,L1,L2,L1,L1,C1_2,D1_3,F1_2,L1,,,,
44059,L1,L1,L3,L2,L3,L1,L2,L1,L1,C1_2,D1_3,F1_2,L2,,,,
44060,L1,L1,L3,L2,L3,L1,L2,L1,L1,C1_2,D1_3,F1_2,L3,,,,
44061,L1,L1,L3,L2,L3,L1,L2,L1,L1,C1_2,D1_3,F1_3,L1,,,,
44062,L1,L1,L3,L2,L3,L1,L2,L1,L1,C1_2,D1_3,F1_3,L2,,,,
44063,L1,L1,L3,L2,L3,L1,L2,L1,L1,C1_2,D1_3,F1_3,L3,,,,
44064,L1,L1,L3,L2,L3,L1,L2,L1,L1,C1_3,D1_1,F1_1,L1,,,,
44065,L1,L1,L3,L2,L3,L1,L2,L1,L1,C1_3,D1_1,F1_1,L2,,,,
44066,L1,L1,L3,L2,L3,L1,L2,L1,L1,C1_3,D1_1,F1_1,L3,,,,
44067,L1,L1,L3,L2,L3,L1,L2,L1,L1,C1_3,D1_1,F1_2,L1,,,,
44068,L1,L1,L3,L2,L3,L1,L2,L1,L1,C1_3,D1_1,F1_2,L2,,,,
44069,L1,L1,L3,L2,L3,L1,L2,L1,L1,C1_3,D1_1,F1_2,L3,,,,
44070,L1,L1,L3,L2,L3,L1,L2,L1,L1,C1_3,D1_1,F1_3,L1,,,,
44071,L1,L1,L3,L2,L3,L1,L2,L1,L1,C1_3,D1_1,F1_3,L2,,,,
44072,L1,L1,L3,L2,L3,L1,L2,L1,L1,C1_3,D1_1,F1_3,L3,,,,
44073,L1,L1,L3,L2,L3,L1,L2,L1,L1,C1_3,D1_2,F1_1,L1,,,,
44074,L1,L1,L3,L2,L3,L1,L2,L1,L1,C1_3,D1_2,F1_1,L2,,,,
44075,L1,L1,L3,L2,L3,L1,L2,L1,L1,C1_3,D1_2,F1_1,L3,,,,
44076,L1,L1,L3,L2,L3,L1,L2,L1,L1,C1_3,D1_2,F1_2,L1,,,,
44077,L1,L1,L3,L2,L3,L1,L2,L1,L1,C1_3,D1_2,F1_2,L2,,,,
44078,L1,L1,L3,L2,L3,L1,L2,L1,L1,C1_3,D1_2,F1_2,L3,,,,
44079,L1,L1,L3,L2,L3,L1,L2,L1,L1,C1_3,D1_2,F1_3,L1,,,,
44080,L1,L1,L3,L2,L3,L1,L2,L1,L1,C1_3,D1_2,F1_3,L2,,,,
44081,L1,L1,L3,L2,L3,L1,L2,L1,L1,C1_3,D1_2,F1_3,L3,,,,
44082,L1,L1,L3,L2,L3,L1,L2,L1,L1,C1_3,D1_3,F1_1,L1,,,,
44083,L1,L1,L3,L2,L3,L1,L2,L1,L1,C1_3,D1_3,F1_1,L2,,,,
44084,L1,L1,L3,L2,L3,L1,L2,L1,L1,C1_3,D1_3,F1_1,L3,,,,
44085,L1,L1,L3,L2,L3,L1,L2,L1,L1,C1_3,D1_3,F1_2,L1,,,,
44086,L1,L1,L3,L2,L3,L1,L2,L1,L1,C1_3,D1_3,F1_2,L2,,,,
44087,L1,L1,L3,L2,L3,L1,L2,L1,L1,C1_3,D1_3,F1_2,L3,,,,
44088,L1,L1,L3,L2,L3,L1,L2,L1,L1,C1_3,D1_3,F1_3,L1,,,,
44089,L1,L1,L3,L2,L3,L1,L2,L1,L1,C1_3,D1_3,F1_3,L2,,,,
44090,L1,L1,L3,L2,L3,L1,L2,L1,L1,C1_3,D1_3,F1_3,L3,,,,
49329,L3,L3,L3,L1,L1,L1,L2,L1,L1,C1_1,D1_1,F1_1,L1,,,,
49330,L3,L3,L3,L1,L1,L1,L2,L1,L1,C1_1,D1_1,F1_1,L2,,,,
49331,L3,L3,L3,L1,L1,L1,L2,L1,L1,C1_1,D1_1,F1_1,L3,,,,
49332,L3,L3,L3,L1,L1,L1,L2,L1,L1,C1_1,D1_1,F1_2,L1,,,,
49333,L3,L3,L3,L1,L1,L1,L2,L1,L1,C1_1,D1_1,F1_2,L2,,,,
49334,L3,L3,L3,L1,L1,L1,L2,L1,L1,C1_1,D1_1,F1_2,L3,,,,
49335,L3,L3,L3,L1,L1,L1,L2,L1,L1,C1_1,D1_1,F1_3,L1,,,,
49336,L3,L3,L3,L1,L1,L1,L2,L1,L1,C1_1,D1_1,F1_3,L2,,,,
49337,L3,L3,L3,L1,L1,L1,L2,L1,L1,C1_1,D1_1,F1_3,L3,,,,
49338,L3,L3,L3,L1,L1,L1,L2,L1,L1,C1_1,D1_2,F1_1,L1,,,,
49339,L3,L3,L3,L1,L1,L1,L2,L1,L1,C1_1,D1_2,F1_1,L2,,,,
49340,L3,L3,L3,L1,L1,L1,L2,L1,L1,C1_1,D1_2,F1_1,L3,,,,
49341,L3,L3,L3,L1,L1,L1,L2,L1,L1,C1_1,D1_2,F1_2,L1,,,,
49342,L3,L3,L3,L1,L1,L1,L2,L1,L1,C1_1,D1_2,F1_2,L2,,,,
49343,L3,L3,L3,L1,L1,L1,L2,L1,L1,C1_1,D1_2,F1_2,L3,,,,
49344,L3,L3,L3,L1,L1,L1,L2,L1,L1,C1_1,D1_2,F1_3,L1,,,,
49345,L3,L3,L3,L1,L1,L1,L2,L1,L1,C1_1,D1_2,F1_3,L2,,,,
49346,L3,L3,L3,L1,L1,L1,L2,L1,L1,C1_1,D1_2,F1_3,L3,,,,
49347,L3,L3,L3,L1,L1,L1,L2,L1,L1,C1_1,D1_3,F1_1,L1,,,,
49348,L3,L3,L3,L1,L1,L1,L2,L1,L1,C1_1,D1_3,F1_1,L2,,,,
49349,L3,L3,L3,L1,L1,L1,L2,L1,L1,C1_1,D1_3,F1_1,L3,,,,
49350,L3,L3,L3,L1,L1,L1,L2,L1,L1,C1_1,D1_3,F1_2,L1,,,,
49351,L3,L3,L3,L1,L1,L1,L2,L1,L1,C1_1,D1_3,F1_2,L2,,,,
49352,L3,L3,L3,L1,L1,L1,L2,L1,L1,C1_1,D1_3,F1_2,L3,,,,
49353,L3,L3,L3,L1,L1,L1,L2,L1,L1,C1_1,D1_3,F1_3,L1,,,,
49354,L3,L3,L3,L1,L1,L1,L2,L1,L1,C1_1,D1_3,F1_3,L2,,,,
49355,L3,L3,L3,L1,L1,L1,L2,L1,L1,C1_1,D1_3,F1_3,L3,,,,
49356,L3,L3,L3,L1,L1,L1,L2,L1,L1,C1_2,D1_1,F1_1,L1,,,,
49357,L3,L3,L3,L1,L1,L1,L2,L1,L1,C1_2,D1_1,F1_1,L2,,,,
49358,L3,L3,L3,L1,L1,L1,L2,L1,L1,C1_2,D1_1,F1_1,L3,,,,
49359,L3,L3,L3,L1,L1,L1,L2,L1,L1,C1_2,D1_1,F1_2,L1,,,,
49360,L3,L3,L3,L1,L1,L1,L2,L1,L1,C1_2,D1_1,F1_2,L2,,,,
49361,L3,L3,L3,L1,L1,L1,L2,L1,L1,C1_2,D1_1,F1_2,L3,,,,
49362,L3,L3,L3,L1,L1,L1,L2,L1,L1,C1_2,D1_1,F1_3,L1,,,,
49363,L3,L3,L3,L1,L1,L1,L2,L1,L1,C1_2,D1_1,F1_3,L2,,,,
49364,L3,L3,L3,L1,L1,L1,L2,L1,L1,C1_2,D1_1,F1_3,L3,,,,
49365,L3,L3,L3,L1,L1,L1,L2,L1,L1,C1_2,D1_2,F1_1,L1,,,,
49366,L3,L3,L3,L1,L1,L1,L2,L1,L1,C1_2,D1_2,F1_1,L2,,,,
49367,L3,L3,L3,L1,L1,L1,L2,L1,L1,C1_2,D1_2,F1_1,L3,,,,
49368,L3,L3,L3,L1,L1,L1,L2,L1,L1,C1_2,D1_2,F1_2,L1,,,,
49369,L3,L3,L3,L1,L1,L1,L2,L1,L1,C1_2,D1_2,F1_2,L2,,,,
49370,L3,L3,L3,L1,L1,L1,L2,L1,L1,C1_2,D1_2,F1_2,L3,,,,
49371,L3,L3,L3,L1,L1,L1,L2,L1,L1,C1_2,D1_2,F1_3,L1,,,,
49372,L3,L3,L3,L1,L1,L1,L2,L1,L1,C1_2,D1_2,F1_3,L2,,,,
49373,L3,L3,L3,L1,L1,L1,L2,L1,L1,C1_2,D1_2,F1_3,L3,,,,
49374,L3,L3,L3,L1,L1,L1,L2,L1,L1,C1_2,D1_3,F1_1,L1,,,,
49375,L3,L3,L3,L1,L1,L1,L2,L1,L1,C1_2,D1_3,F1_1,L2,,,,
49376,L3,L3,L3,L1,L1,L1,L2,L1,L1,C1_2,D1_3,F1_1,L3,,,,
49377,L3,L3,L3,L1,L1,L1,L2,L1,L1,C1_2,D1_3,F1_2,L1,,,,
49378,L3,L3,L3,L1,L1,L1,L2,L1,L1,C1_2,D1_3,F1_2,L2,,,,
49379,L3,L3,L3,L1,L1,L1,L2,L1,L1,C1_2,D1_3,F1_2,L3,,,,
49380,L3,L3,L3,L1,L1,L1,L2,L1,L1,C1_2,D1_3,F1_3,L1,,,,
49381,L3,L3,L3,L1,L1,L1,L2,L1,L1,C1_2,D1_3,F1_3,L2,,,,
49382,L3,L3,L3,L1,L1,L1,L2,L1,L1,C1_2,D1_3,F1_3,L3,,,,
49383,L3,L3,L3,L1,L1,L1,L2,L1,L1,C1_3,D1_1,F1_1,L1,,,,
49384,L3,L3,L3,L1,L1,L1,L2,L1,L1,C1_3,D1_1,F1_1,L2,,,,
49385,L3,L3,L3,L1,L1,L1,L2,L1,L1,C1_3,D1_1,F1_1,L3,,,,
49386,L3,L3,L3,L1,L1,L1,L2,L1,L1,C1_3,D1_1,F1_2,L1,,,,
49387,L3,L3,L3,L1,L1,L1,L2,L1,L1,C1_3,D1_1,F1_2,L2,,,,
49388,L3,L3,L3,L1,L1,L1,L2,L1,L1,C1_3,D1_1,F1_2,L3,,,,
49389,L3,L3,L3,L1,L1,L1,L2,L1,L1,C1_3,D1_1,F1_3,L1,,,,
49390,L3,L3,L3,L1,L1,L1,L2,L1,L1,C1_3,D1_1,F1_3,L2,,,,
49391,L3,L3,L3,L1,L1,L1,L2,L1,L1,C1_3,D1_1,F1_3,L3,,,,
49392,L3,L3,L3,L1,L1,L1,L2,L1,L1,C1_3,D1_2,F1_1,L1,,,,
49393,L3,L3,L3,L1,L1,L1,L2,L1,L1,C1_3,D1_2,F1_1,L2,,,,
49394,L3,L3,L3,L1,L1,L1,L2,L1,L1,C1_3,D1_2,F1_1,L3,,,,
49395,L3,L3,L3,L1,L1,L1,L2,L1,L1,C1_3,D1_2,F1_2,L1,,,,
49396,L3,L3,L3,L1,L1,L1,L2,L1,L1,C1_3,D1_2,F1_2,L2,,,,
49397,L3,L3,L3,L1,L1,L1,L2,L1,L1,C1_3,D1_2,F1_2,L3,,,,
49398,L3,L3,L3,L1,L1,L1,L2,L1,L1,C1_3,D1_2,F1_3,L1,,,,
49399,L3,L3,L3,L1,L1,L1,L2,L1,L1,C1_3,D1_2,F1_3,L2,,,,
49400,L3,L3,L3,L1,L1,L1,L2,L1,L1,C1_3,D1_2,F1_3,L3,,,,
49401,L3,L3,L3,L1,L1,L1,L2,L1,L1,C1_3,D1_3,F1_1,L1,,,,
49402,L3,L3,L3,L1,L1,L1,L2,L1,L1,C1_3,D1_3,F1_1,L2,,,,
49403,L3,L3,L3,L1,L1,L1,L2,L1,L1,C1_3,D1_3,F1_1,L3,,,,
49404,L3,L3,L3,L1,L1,L1,L2,L1,L1,C1_3,D1_3,F1_2,L1,,,,
49405,L3,L3,L3,L1,L1,L1,L2,L1,L1,C1_3,D1_3,F1_2,L2,,,,
49406,L3,L3,L3,L1,L1,L1,L2,L1,L1,C1_3,D1_3,F1_2,L3,,,,
49407,L3,L3,L3,L1,L1,L1,L2,L1,L1,C1_3,D1_3,F1_3,L1,,,,
49408,L3,L3,L3,L1,L1,L1,L2,L1,L1,C1_3,D1_3,F1_3,L2,,,,
49409,L3,L3,L3,L1,L1,L1,L2,L1,L1,C1_3,D1_3,F1_3,L3,,,,
65772,L2,L3,L1,L2,L2,L1,L2,L1,L1,C1_1,D1_1,F1_1,L1,,,,
65773,L2,L3,L1,L2,L2,L1,L2,L1,L1,C1_1,D1_1,F1_1,L2,,,,
65774,L2,L3,L1,L2,L2,L1,L2,L1,L1,C1_1,D1_1,F1_1,L3,,,,
65775,L2,L3,L1,L2,L2,L1,L2,L1,L1,C1_1,D1_1,F1_2,L1,,,,
65776,L2,L3,L1,L2,L2,L1,L2,L1,L1,C1_1,D1_1,F1_2,L2,,,,
65777,L2,L3,L1,L2,L2,L1,L2,L1,L1,C1_1,D1_1,F1_2,L3,,,,
65778,L2,L3,L1,L2,L2,L1,L2,L1,L1,C1_1,D1_1,F1_3,L1,,,,
65779,L2,L3,L1,L2,L2,L1,L2,L1,L1,C1_1,D1_1,F1_3,L2,,,,
65780,L2,L3,L1,L2,L2,L1,L2,L1,L1,C1_1,D1_1,F1_3,L3,,,,
65781,L2,L3,L1,L2,L2,L1,L2,L1,L1,C1_1,D1_2,F1_1,L1,,,,
65782,L2,L3,L1,L2,L2,L1,L2,L1,L1,C1_1,D1_2,F1_1,L2,,,,
65783,L2,L3,L1,L2,L2,L1,L2,L1,L1,C1_1,D1_2,F1_1,L3,,,,
65784,L2,L3,L1,L2,L2,L1,L2,L1,L1,C1_1,D1_2,F1_2,L1,,,,
65785,L2,L3,L1,L2,L2,L1,L2,L1,L1,C1_1,D1_2,F1_2,L2,,,,
65786,L2,L3,L1,L2,L2,L1,L2,L1,L1,C1_1,D1_2,F1_2,L3,,,,
65787,L2,L3,L1,L2,L2,L1,L2,L1,L1,C1_1,D1_2,F1_3,L1,,,,
65788,L2,L3,L1,L2,L2,L1,L2,L1,L1,C1_1,D1_2,F1_3,L2,,,,
65789,L2,L3,L1,L2,L2,L1,L2,L1,L1,C1_1,D1_2,F1_3,L3,,,,
65790,L2,L3,L1,L2,L2,L1,L2,L1,L1,C1_1,D1_3,F1_1,L1,,,,
65791,L2,L3,L1,L2,L2,L1,L2,L1,L1,C1_1,D1_3,F1_1,L2,,,,
65792,L2,L3,L1,L2,L2,L1,L2,L1,L1,C1_1,D1_3,F1_1,L3,,,,
65793,L2,L3,L1,L2,L2,L1,L2,L1,L1,C1_1,D1_3,F1_2,L1,,,,
65794,L2,L3,L1,L2,L2,L1,L2,L1,L1,C1_1,D1_3,F1_2,L2,,,,
65795,L2,L3,L1,L2,L2,L1,L2,L1,L1,C1_1,D1_3,F1_2,L3,,,,
65796,L2,L3,L1,L2,L2,L1,L2,L1,L1,C1_1,D1_3,F1_3,L1,,,,
65797,L2,L3,L1,L2,L2,L1,L2,L1,L1,C1_1,D1_3,F1_3,L2,,,,
65798,L2,L3,L1,L2,L2,L1,L2,L1,L1,C1_1,D1_3,F1_3,L3,,,,
65799,L2,L3,L1,L2,L2,L1,L2,L1,L1,C1_2,D1_1,F1_1,L1,,,,
65800,L2,L3,L1,L2,L2,L1,L2,L1,L1,C1_2,D1_1,F1_1,L2,,,,
65801,L2,L3,L1,L2,L2,L1,L2,L1,L1,C1_2,D1_1,F1_1,L3,,,,
65802,L2,L3,L1,L2,L2,L1,L2,L1,L1,C1_2,D1_1,F1_2,L1,,,,
65803,L2,L3,L1,L2,L2,L1,L2,L1,L1,C1_2,D1_1,F1_2,L2,,,,
65804,L2,L3,L1,L2,L2,L1,L2,L1,L1,C1_2,D1_1,F1_2,L3,,,,
65805,L2,L3,L1,L2,L2,L1,L2,L1,L1,C1_2,D1_1,F1_3,L1,,,,
65806,L2,L3,L1,L2,L2,L1,L2,L1,L1,C1_2,D1_1,F1_3,L2,,,,
65807,L2,L3,L1,L2,L2,L1,L2,L1,L1,C1_2,D1_1,F1_3,L3,,,,
65808,L2,L3,L1,L2,L2,L1,L2,L1,L1,C1_2,D1_2,F1_1,L1,,,,
65809,L2,L3,L1,L2,L2,L1,L2,L1,L1,C1_2,D1_2,F1_1,L2,,,,
65810,L2,L3,L1,L2,L2,L1,L2,L1,L1,C1_2,D1_2,F1_1,L3,,,,
65811,L2,L3,L1,L2,L2,L1,L2,L1,L1,C1_2,D1_2,F1_2,L1,,,,
65812,L2,L3,L1,L2,L2,L1,L2,L1,L1,C1_2,D1_2,F1_2,L2,,,,
65813,L2,L3,L1,L2,L2,L1,L2,L1,L1,C1_2,D1_2,F1_2,L3,,,,
65814,L2,L3,L1,L2,L2,L1,L2,L1,L1,C1_2,D1_2,F1_3,L1,,,,
65815,L2,L3,L1,L2,L2,L1,L2,L1,L1,C1_2,D1_2,F1_3,L2,,,,
65816,L2,L3,L1,L2,L2,L1,L2,L1,L1,C1_2,D1_2,F1_3,L3,,,,
65817,L2,L3,L1,L2,L2,L1,L2,L1,L1,C1_2,D1_3,F1_1,L1,,,,
65818,L2,L3,L1,L2,L2,L1,L2,L1,L1,C1_2,D1_3,F1_1,L2,,,,
65819,L2,L3,L1,L2,L2,L1,L2,L1,L1,C1_2,D1_3,F1_1,L3,,,,
65820,L2,L3,L1,L2,L2,L1,L2,L1,L1,C1_2,D1_3,F1_2,L1,,,,
65821,L2,L3,L1,L2,L2,L1,L2,L1,L1,C1_2,D1_3,F1_2,L2,,,,
65822,L2,L3,L1,L2,L2,L1,L2,L1,L1,C1_2,D1_3,F1_2,L3,,,,
65823,L2,L3,L1,L2,L2,L1,L2,L1,L1,C1_2,D1_3,F1_3,L1,,,,
65824,L2,L3,L1,L2,L2,L1,L2,L1,L1,C1_2,D1_3,F1_3,L2,,,,
65825,L2,L3,L1,L2,L2,L1,L2,L1,L1,C1_2,D1_3,F1_3,L3,,,,
65826,L2,L3,L1,L2,L2,L1,L2,L1,L1,C1_3,D1_1,F1_1,L1,,,,
65827,L2,L3,L1,L2,L2,L1,L2,L1,L1,C1_3,D1_1,F1_1,L2,,,,
65828,L2,L3,L1,L2,L2,L1,L2,L1,L1,C1_3,D1_1,F1_1,L3,,,,
65829,L2,L3,L1,L2,L2,L1,L2,L1,L1,C1_3,D1_1,F1_2,L1,,,,
65830,L2,L3,L1,L2,L2,L1,L2,L1,L1,C1_3,D1_1,F1_2,L2,,,,
65831,L2,L3,L1,L2,L2,L1,L2,L1,L1,C1_3,D1_1,F1_2,L3,,,,
65832,L2,L3,L1,L2,L2,L1,L2,L1,L1,C1_3,D1_1,F1_3,L1,,,,
65833,L2,L3,L1,L2,L2,L1,L2,L1,L1,C1_3,D1_1,F1_3,L2,,,,
65834,L2,L3,L1,L2,L2,L1,L2,L1,L1,C1_3,D1_1,F1_3,L3,,,,
65835,L2,L3,L1,L2,L2,L1,L2,L1,L1,C1_3,D1_2,F1_1,L1,,,,
65836,L2,L3,L1,L2,L2,L1,L2,L1,L1,C1_3,D1_2,F1_1,L2,,,,
65837,L2,L3,L1,L2,L2,L1,L2,L1,L1,C1_3,D1_2,F1_1,L3,,,,
65838,L2,L3,L1,L2,L2,L1,L2,L1,L1,C1_3,D1_2,F1_2,L1,,,,
65839,L2,L3,L1,L2,L2,L1,L2,L1,L1,C1_3,D1_2,F1_2,L2,,,,
65840,L2,L3,L1,L2,L2,L1,L2,L1,L1,C1_3,D1_2,F1_2,L3,,,,
65841,L2,L3,L1,L2,L2,L1,L2,L1,L1,C1_3,D1_2,F1_3,L1,,,,
65842,L2,L3,L1,L2,L2,L1,L2,L1,L1,C1_3,D1_2,F1_3,L2,,,,
65843,L2,L3,L1,L2,L2,L1,L2,L1,L1,C1_3,D1_2,F1_3,L3,,,,
65844,L2,L3,L1,L2,L2,L1,L2,L1,L1,C1_3,D1_3,F1_1,L1,,,,
65845,L2,L3,L1,L2,L2,L1,L2,L1,L1,C1_3,D1_3,F1_1,L2,,,,
65846,L2,L3,L1,L2,L2,L1,L2,L1,L1,C1_3,D1_3,F1_1,L3,,,,
65847,L2,L3,L1,L2,L2,L1,L2,L1,L1,C1_3,D1_3,F1_2,L1,,,,
65848,L2,L3,L1,L2,L2,L1,L2,L1,L1,C1_3,D1_3,F1_2,L2,,,,
65849,L2,L3,L1,L2,L2,L1,L2,L1,L1,C1_3,D1_3,F1_2,L3,,,,
65850,L2,L3,L1,L2,L2,L1,L2,L1,L1,C1_3,D1_3,F1_3,L1,,,,
65851,L2,L3,L1,L2,L2,L1,L2,L1,L1,C1_3,D1_3,F1_3,L2,,,,
65852,L2,L3,L1,L2,L2,L1,L2,L1,L1,C1_3,D1_3,F1_3,L3,,,,
67014,L1,L3,L3,L3,L1,L1,L2,L1,L1,C1_1,D1_1,F1_1,L1,,,,
67015,L1,L3,L3,L3,L1,L1,L2,L1,L1,C1_1,D1_1,F1_1,L2,,,,
67016,L1,L3,L3,L3,L1,L1,L2,L1,L1,C1_1,D1_1,F1_1,L3,,,,
67017,L1,L3,L3,L3,L1,L1,L2,L1,L1,C1_1,D1_1,F1_2,L1,,,,
67018,L1,L3,L3,L3,L1,L1,L2,L1,L1,C1_1,D1_1,F1_2,L2,,,,
67019,L1,L3,L3,L3,L1,L1,L2,L1,L1,C1_1,D1_1,F1_2,L3,,,,
67020,L1,L3,L3,L3,L1,L1,L2,L1,L1,C1_1,D1_1,F1_3,L1,,,,
67021,L1,L3,L3,L3,L1,L1,L2,L1,L1,C1_1,D1_1,F1_3,L2,,,,
67022,L1,L3,L3,L3,L1,L1,L2,L1,L1,C1_1,D1_1,F1_3,L3,,,,
67023,L1,L3,L3,L3,L1,L1,L2,L1,L1,C1_1,D1_2,F1_1,L1,,,,
67024,L1,L3,L3,L3,L1,L1,L2,L1,L1,C1_1,D1_2,F1_1,L2,,,,
67025,L1,L3,L3,L3,L1,L1,L2,L1,L1,C1_1,D1_2,F1_1,L3,,,,
67026,L1,L3,L3,L3,L1,L1,L2,L1,L1,C1_1,D1_2,F1_2,L1,,,,
67027,L1,L3,L3,L3,L1,L1,L2,L1,L1,C1_1,D1_2,F1_2,L2,,,,
67028,L1,L3,L3,L3,L1,L1,L2,L1,L1,C1_1,D1_2,F1_2,L3,,,,
67029,L1,L3,L3,L3,L1,L1,L2,L1,L1,C1_1,D1_2,F1_3,L1,,,,
67030,L1,L3,L3,L3,L1,L1,L2,L1,L1,C1_1,D1_2,F1_3,L2,,,,
67031,L1,L3,L3,L3,L1,L1,L2,L1,L1,C1_1,D1_2,F1_3,L3,,,,
67032,L1,L3,L3,L3,L1,L1,L2,L1,L1,C1_1,D1_3,F1_1,L1,,,,
67033,L1,L3,L3,L3,L1,L1,L2,L1,L1,C1_1,D1_3,F1_1,L2,,,,
67034,L1,L3,L3,L3,L1,L1,L2,L1,L1,C1_1,D1_3,F1_1,L3,,,,
67035,L1,L3,L3,L3,L1,L1,L2,L1,L1,C1_1,D1_3,F1_2,L1,,,,
67036,L1,L3,L3,L3,L1,L1,L2,L1,L1,C1_1,D1_3,F1_2,L2,,,,
67037,L1,L3,L3,L3,L1,L1,L2,L1,L1,C1_1,D1_3,F1_2,L3,,,,
67038,L1,L3,L3,L3,L1,L1,L2,L1,L1,C1_1,D1_3,F1_3,L1,,,,
67039,L1,L3,L3,L3,L1,L1,L2,L1,L1,C1_1,D1_3,F1_3,L2,,,,
67040,L1,L3,L3,L3,L1,L1,L2,L1,L1,C1_1,D1_3,F1_3,L3,,,,
67041,L1,L3,L3,L3,L1,L1,L2,L1,L1,C1_2,D1_1,F1_1,L1,,,,
67042,L1,L3,L3,L3,L1,L1,L2,L1,L1,C1_2,D1_1,F1_1,L2,,,,
67043,L1,L3,L3,L3,L1,L1,L2,L1,L1,C1_2,D1_1,F1_1,L3,,,,
67044,L1,L3,L3,L3,L1,L1,L2,L1,L1,C1_2,D1_1,F1_2,L1,,,,
67045,L1,L3,L3,L3,L1,L1,L2,L1,L1,C1_2,D1_1,F1_2,L2,,,,
67046,L1,L3,L3,L3,L1,L1,L2,L1,L1,C1_2,D1_1,F1_2,L3,,,,
67047,L1,L3,L3,L3,L1,L1,L2,L1,L1,C1_2,D1_1,F1_3,L1,,,,
67048,L1,L3,L3,L3,L1,L1,L2,L1,L1,C1_2,D1_1,F1_3,L2,,,,
67049,L1,L3,L3,L3,L1,L1,L2,L1,L1,C1_2,D1_1,F1_3,L3,,,,
67050,L1,L3,L3,L3,L1,L1,L2,L1,L1,C1_2,D1_2,F1_1,L1,,,,
67051,L1,L3,L3,L3,L1,L1,L2,L1,L1,C1_2,D1_2,F1_1,L2,,,,
67052,L1,L3,L3,L3,L1,L1,L2,L1,L1,C1_2,D1_2,F1_1,L3,,,,
67053,L1,L3,L3,L3,L1,L1,L2,L1,L1,C1_2,D1_2,F1_2,L1,,,,
67054,L1,L3,L3,L3,L1,L1,L2,L1,L1,C1_2,D1_2,F1_2,L2,,,,
67055,L1,L3,L3,L3,L1,L1,L2,L1,L1,C1_2,D1_2,F1_2,L3,,,,
67056,L1,L3,L3,L3,L1,L1,L2,L1,L1,C1_2,D1_2,F1_3,L1,,,,
67057,L1,L3,L3,L3,L1,L1,L2,L1,L1,C1_2,D1_2,F1_3,L2,,,,
67058,L1,L3,L3,L3,L1,L1,L2,L1,L1,C1_2,D1_2,F1_3,L3,,,,
67059,L1,L3,L3,L3,L1,L1,L2,L1,L1,C1_2,D1_3,F1_1,L1,,,,
67060,L1,L3,L3,L3,L1,L1,L2,L1,L1,C1_2,D1_3,F1_1,L2,,,,
67061,L1,L3,L3,L3,L1,L1,L2,L1,L1,C1_2,D1_3,F1_1,L3,,,,
67062,L1,L3,L3,L3,L1,L1,L2,L1,L1,C1_2,D1_3,F1_2,L1,,,,
67063,L1,L3,L3,L3,L1,L1,L2,L1,L1,C1_2,D1_3,F1_2,L2,,,,
67064,L1,L3,L3,L3,L1,L1,L2,L1,L1,C1_2,D1_3,F1_2,L3,,,,
67065,L1,L3,L3,L3,L1,L1,L2,L1,L1,C1_2,D1_3,F1_3,L1,,,,
67066,L1,L3,L3,L3,L1,L1,L2,L1,L1,C1_2,D1_3,F1_3,L2,,,,
67067,L1,L3,L3,L3,L1,L1,L2,L1,L1,C1_2,D1_3,F1_3,L3,,,,
67068,L1,L3,L3,L3,L1,L1,L2,L1,L1,C1_3,D1_1,F1_1,L1,,,,
67069,L1,L3,L3,L3,L1,L1,L2,L1,L1,C1_3,D1_1,F1_1,L2,,,,
67070,L1,L3,L3,L3,L1,L1,L2,L1,L1,C1_3,D1_1,F1_1,L3,,,,
67071,L1,L3,L3,L3,L1,L1,L2,L1,L1,C1_3,D1_1,F1_2,L1,,,,
67072,L1,L3,L3,L3,L1,L1,L2,L1,L1,C1_3,D1_1,F1_2,L2,,,,
67073,L1,L3,L3,L3,L1,L1,L2,L1,L1,C1_3,D1_1,F1_2,L3,,,,
67074,L1,L3,L3,L3,L1,L1,L2,L1,L1,C1_3,D1_1,F1_3,L1,,,,
67075,L1,L3,L3,L3,L1,L1,L2,L1,L1,C1_3,D1_1,F1_3,L2,,,,
67076,L1,L3,L3,L3,L1,L1,L2,L1,L1,C1_3,D1_1,F1_3,L3,,,,
67077,L1,L3,L3,L3,L1,L1,L2,L1,L1,C1_3,D1_2,F1_1,L1,,,,
67078,L1,L3,L3,L3,L1,L1,L2,L1,L1,C1_3,D1_2,F1_1,L2,,,,
67079,L1,L3,L3,L3,L1,L1,L2,L1,L1,C1_3,D1_2,F1_1,L3,,,,
67080,L1,L3,L3,L3,L1,L1,L2,L1,L1,C1_3,D1_2,F1_2,L1,,,,
67081,L1,L3,L3,L3,L1,L1,L2,L1,L1,C1_3,D1_2,F1_2,L2,,,,
67082,L1,L3,L3,L3,L1,L1,L2,L1,L1,C1_3,D1_2,F1_2,L3,,,,
67083,L1,L3,L3,L3,L1,L1,L2,L1,L1,C1_3,D1_2,F1_3,L1,,,,
67084,L1,L3,L3,L3,L1,L1,L2,L1,L1,C1_3,D1_2,F1_3,L2,,,,
67085,L1,L3,L3,L3,L1,L1,L2,L1,L1,C1_3,D1_2,F1_3,L3,,,,
67086,L1,L3,L3,L3,L1,L1,L2,L1,L1,C1_3,D1_3,F1_1,L1,,,,
67087,L1,L3,L3,L3,L1,L1,L2,L1,L1,C1_3,D1_3,F1_1,L2,,,,
67088,L1,L3,L3,L3,L1,L1,L2,L1,L1,C1_3,D1_3,F1_1,L3,,,,
67089,L1,L3,L3,L3,L1,L1,L2,L1,L1,C1_3,D1_3,F1_2,L1,,,,
67090,L1,L3,L3,L3,L1,L1,L2,L1,L1,C1_3,D1_3,F1_2,L2,,,,
67091,L1,L3,L3,L3,L1,L1,L2,L1,L1,C1_3,D1_3,F1_2,L3,,,,
67092,L1,L3,L3,L3,L1,L1,L2,L1,L1,C1_3,D1_3,F1_3,L1,,,,
67093,L1,L3,L3,L3,L1,L1,L2,L1,L1,C1_3,D1_3,F1_3,L2,,,,
67094,L1,L3,L3,L3,L1,L1,L2,L1,L1,C1_3,D1_3,F1_3,L3,,,,
74007,L2,L1,L2,L1,L2,L1,L2,L1,L1,C1_1,D1_1,F1_1,L1,,,,
74008,L2,L1,L2,L1,L2,L1,L2,L1,L1,C1_1,D1_1,F1_1,L2,,,,
74009,L2,L1,L2,L1,L2,L1,L2,L1,L1,C1_1,D1_1,F1_1,L3,,,,
74010,L2,L1,L2,L1,L2,L1,L2,L1,L1,C1_1,D1_1,F1_2,L1,,,,
74011,L2,L1,L2,L1,L2,L1,L2,L1,L1,C1_1,D1_1,F1_2,L2,,,,
74012,L2,L1,L2,L1,L2,L1,L2,L1,L1,C1_1,D1_1,F1_2,L3,,,,
74013,L2,L1,L2,L1,L2,L1,L2,L1,L1,C1_1,D1_1,F1_3,L1,,,,
74014,L2,L1,L2,L1,L2,L1,L2,L1,L1,C1_1,D1_1,F1_3,L2,,,,
74015,L2,L1,L2,L1,L2,L1,L2,L1,L1,C1_1,D1_1,F1_3,L3,,,,
74016,L2,L1,L2,L1,L2,L1,L2,L1,L1,C1_1,D1_2,F1_1,L1,,,,
74017,L2,L1,L2,L1,L2,L1,L2,L1,L1,C1_1,D1_2,F1_1,L2,,,,
74018,L2,L1,L2,L1,L2,L1,L2,L1,L1,C1_1,D1_2,F1_1,L3,,,,
74019,L2,L1,L2,L1,L2,L1,L2,L1,L1,C1_1,D1_2,F1_2,L1,,,,
74020,L2,L1,L2,L1,L2,L1,L2,L1,L1,C1_1,D1_2,F1_2,L2,,,,
74021,L2,L1,L2,L1,L2,L1,L2,L1,L1,C1_1,D1_2,F1_2,L3,,,,
74022,L2,L1,L2,L1,L2,L1,L2,L1,L1,C1_1,D1_2,F1_3,L1,,,,
74023,L2,L1,L2,L1,L2,L1,L2,L1,L1,C1_1,D1_2,F1_3,L2,,,,
74024,L2,L1,L2,L1,L2,L1,L2,L1,L1,C1_1,D1_2,F1_3,L3,,,,
74025,L2,L1,L2,L1,L2,L1,L2,L1,L1,C1_1,D1_3,F1_1,L1,,,,
74026,L2,L1,L2,L1,L2,L1,L2,L1,L1,C1_1,D1_3,F1_1,L2,,,,
74027,L2,L1,L2,L1,L2,L1,L2,L1,L1,C1_1,D1_3,F1_1,L3,,,,
74028,L2,L1,L2,L1,L2,L1,L2,L1,L1,C1_1,D1_3,F1_2,L1,,,,
74029,L2,L1,L2,L1,L2,L1,L2,L1,L1,C1_1,D1_3,F1_2,L2,,,,
74030,L2,L1,L2,L1,L2,L1,L2,L1,L1,C1_1,D1_3,F1_2,L3,,,,
74031,L2,L1,L2,L1,L2,L1,L2,L1,L1,C1_1,D1_3,F1_3,L1,,,,
74032,L2,L1,L2,L1,L2,L1,L2,L1,L1,C1_1,D1_3,F1_3,L2,,,,
74033,L2,L1,L2,L1,L2,L1,L2,L1,L1,C1_1,D1_3,F1_3,L3,,,,
74034,L2,L1,L2,L1,L2,L1,L2,L1,L1,C1_2,D1_1,F1_1,L1,,,,
74035,L2,L1,L2,L1,L2,L1,L2,L1,L1,C1_2,D1_1,F1_1,L2,,,,
74036,L2,L1,L2,L1,L2,L1,L2,L1,L1,C1_2,D1_1,F1_1,L3,,,,
74037,L2,L1,L2,L1,L2,L1,L2,L1,L1,C1_2,D1_1,F1_2,L1,,,,
74038,L2,L1,L2,L1,L2,L1,L2,L1,L1,C1_2,D1_1,F1_2,L2,,,,
74039,L2,L1,L2,L1,L2,L1,L2,L1,L1,C1_2,D1_1,F1_2,L3,,,,
74040,L2,L1,L2,L1,L2,L1,L2,L1,L1,C1_2,D1_1,F1_3,L1,,,,
74041,L2,L1,L2,L1,L2,L1,L2,L1,L1,C1_2,D1_1,F1_3,L2,,,,
74042,L2,L1,L2,L1,L2,L1,L2,L1,L1,C1_2,D1_1,F1_3,L3,,,,
74043,L2,L1,L2,L1,L2,L1,L2,L1,L1,C1_2,D1_2,F1_1,L1,,,,
74044,L2,L1,L2,L1,L2,L1,L2,L1,L1,C1_2,D1_2,F1_1,L2,,,,
74045,L2,L1,L2,L1,L2,L1,L2,L1,L1,C1_2,D1_2,F1_1,L3,,,,
74046,L2,L1,L2,L1,L2,L1,L2,L1,L1,C1_2,D1_2,F1_2,L1,,,,
74047,L2,L1,L2,L1,L2,L1,L2,L1,L1,C1_2,D1_2,F1_2,L2,,,,
74048,L2,L1,L2,L1,L2,L1,L2,L1,L1,C1_2,D1_2,F1_2,L3,,,,
74049,L2,L1,L2,L1,L2,L1,L2,L1,L1,C1_2,D1_2,F1_3,L1,,,,
74050,L2,L1,L2,L1,L2,L1,L2,L1,L1,C1_2,D1_2,F1_3,L2,,,,
74051,L2,L1,L2,L1,L2,L1,L2,L1,L1,C1_2,D1_2,F1_3,L3,,,,
74052,L2,L1,L2,L1,L2,L1,L2,L1,L1,C1_2,D1_3,F1_1,L1,,,,
74053,L2,L1,L2,L1,L2,L1,L2,L1,L1,C1_2,D1_3,F1_1,L2,,,,
74054,L2,L1,L2,L1,L2,L1,L2,L1,L1,C1_2,D1_3,F1_1,L3,,,,
74055,L2,L1,L2,L1,L2,L1,L2,L1,L1,C1_2,D1_3,F1_2,L1,,,,
74056,L2,L1,L2,L1,L2,L1,L2,L1,L1,C1_2,D1_3,F1_2,L2,,,,
74057,L2,L1,L2,L1,L2,L1,L2,L1,L1,C1_2,D1_3,F1_2,L3,,,,
74058,L2,L1,L2,L1,L2,L1,L2,L1,L1,C1_2,D1_3,F1_3,L1,,,,
74059,L2,L1,L2,L1,L2,L1,L2,L1,L1,C1_2,D1_3,F1_3,L2,,,,
74060,L2,L1,L2,L1,L2,L1,L2,L1,L1,C1_2,D1_3,F1_3,L3,,,,
74061,L2,L1,L2,L1,L2,L1,L2,L1,L1,C1_3,D1_1,F1_1,L1,,,,
74062,L2,L1,L2,L1,L2,L1,L2,L1,L1,C1_3,D1_1,F1_1,L2,,,,
74063,L2,L1,L2,L1,L2,L1,L2,L1,L1,C1_3,D1_1,F1_1,L3,,,,
74064,L2,L1,L2,L1,L2,L1,L2,L1,L1,C1_3,D1_1,F1_2,L1,,,,
74065,L2,L1,L2,L1,L2,L1,L2,L1,L1,C1_3,D1_1,F1_2,L2,,,,
74066,L2,L1,L2,L1,L2,L1,L2,L1,L1,C1_3,D1_1,F1_2,L3,,,,
74067,L2,L1,L2,L1,L2,L1,L2,L1,L1,C1_3,D1_1,F1_3,L1,,,,
74068,L2,L1,L2,L1,L2,L1,L2,L1,L1,C1_3,D1_1,F1_3,L2,,,,
74069,L2,L1,L2,L1,L2,L1,L2,L1,L1,C1_3,D1_1,F1_3,L3,,,,
74070,L2,L1,L2,L1,L2,L1,L2,L1,L1,C1_3,D1_2,F1_1,L1,,,,
74071,L2,L1,L2,L1,L2,L1,L2,L1,L1,C1_3,D1_2,F1_1,L2,,,,
74072,L2,L1,L2,L1,L2,L1,L2,L1,L1,C1_3,D1_2,F1_1,L3,,,,
74073,L2,L1,L2,L1,L2,L1,L2,L1,L1,C1_3,D1_2,F1_2,L1,,,,
74074,L2,L1,L2,L1,L2,L1,L2,L1,L1,C1_3,D1_2,F1_2,L2,,,,
74075,L2,L1,L2,L1,L2,L1,L2,L1,L1,C1_3,D1_2,F1_2,L3,,,,
74076,L2,L1,L2,L1,L2,L1,L2,L1,L1,C1_3,D1_2,F1_3,L1,,,,
74077,L2,L1,L2,L1,L2,L1,L2,L1,L1,C1_3,D1_2,F1_3,L2,,,,
74078,L2,L1,L2,L1,L2,L1,L2,L1,L1,C1_3,D1_2,F1_3,L3,,,,
74079,L2,L1,L2,L1,L2,L1,L2,L1,L1,C1_3,D1_3,F1_1,L1,,,,
74080,L2,L1,L2,L1,L2,L1,L2,L1,L1,C1_3,D1_3,F1_1,L2,,,,
74081,L2,L1,L2,L1,L2,L1,L2,L1,L1,C1_3,D1_3,F1_1,L3,,,,
74082,L2,L1,L2,L1,L2,L1,L2,L1,L1,C1_3,D1_3,F1_2,L1,,,,
74083,L2,L1,L2,L1,L2,L1,L2,L1,L1,C1_3,D1_3,F1_2,L2,,,,
74084,L2,L1,L2,L1,L2,L1,L2,L1,L1,C1_3,D1_3,F1_2,L3,,,,
74085,L2,L1,L2,L1,L2,L1,L2,L1,L1,C1_3,D1_3,F1_3,L1,,,,
74086,L2,L1,L2,L1,L2,L1,L2,L1,L1,C1_3,D1_3,F1_3,L2,,,,
74087,L2,L1,L2,L1,L2,L1,L2,L1,L1,C1_3,D1_3,F1_3,L3,,,,
74439,L1,L2,L2,L1,L2,L1,L2,L1,L1,C1_1,D1_1,F1_1,L1,,,,
74440,L1,L2,L2,L1,L2,L1,L2,L1,L1,C1_1,D1_1,F1_1,L2,,,,
74441,L1,L2,L2,L1,L2,L1,L2,L1,L1,C1_1,D1_1,F1_1,L3,,,,
74442,L1,L2,L2,L1,L2,L1,L2,L1,L1,C1_1,D1_1,F1_2,L1,,,,
74443,L1,L2,L2,L1,L2,L1,L2,L1,L1,C1_1,D1_1,F1_2,L2,,,,
74444,L1,L2,L2,L1,L2,L1,L2,L1,L1,C1_1,D1_1,F1_2,L3,,,,
74445,L1,L2,L2,L1,L2,L1,L2,L1,L1,C1_1,D1_1,F1_3,L1,,,,
74446,L1,L2,L2,L1,L2,L1,L2,L1,L1,C1_1,D1_1,F1_3,L2,,,,
74447,L1,L2,L2,L1,L2,L1,L2,L1,L1,C1_1,D1_1,F1_3,L3,,,,
74448,L1,L2,L2,L1,L2,L1,L2,L1,L1,C1_1,D1_2,F1_1,L1,,,,
74449,L1,L2,L2,L1,L2,L1,L2,L1,L1,C1_1,D1_2,F1_1,L2,,,,
74450,L1,L2,L2,L1,L2,L1,L2,L1,L1,C1_1,D1_2,F1_1,L3,,,,
74451,L1,L2,L2,L1,L2,L1,L2,L1,L1,C1_1,D1_2,F1_2,L1,,,,
74452,L1,L2,L2,L1,L2,L1,L2,L1,L1,C1_1,D1_2,F1_2,L2,,,,
74453,L1,L2,L2,L1,L2,L1,L2,L1,L1,C1_1,D1_2,F1_2,L3,,,,
74454,L1,L2,L2,L1,L2,L1,L2,L1,L1,C1_1,D1_2,F1_3,L1,,,,
74455,L1,L2,L2,L1,L2,L1,L2,L1,L1,C1_1,D1_2,F1_3,L2,,,,
74456,L1,L2,L2,L1,L2,L1,L2,L1,L1,C1_1,D1_2,F1_3,L3,,,,
74457,L1,L2,L2,L1,L2,L1,L2,L1,L1,C1_1,D1_3,F1_1,L1,,,,
74458,L1,L2,L2,L1,L2,L1,L2,L1,L1,C1_1,D1_3,F1_1,L2,,,,
74459,L1,L2,L2,L1,L2,L1,L2,L1,L1,C1_1,D1_3,F1_1,L3,,,,
74460,L1,L2,L2,L1,L2,L1,L2,L1,L1,C1_1,D1_3,F1_2,L1,,,,
74461,L1,L2,L2,L1,L2,L1,L2,L1,L1,C1_1,D1_3,F1_2,L2,,,,
74462,L1,L2,L2,L1,L2,L1,L2,L1,L1,C1_1,D1_3,F1_2,L3,,,,
74463,L1,L2,L2,L1,L2,L1,L2,L1,L1,C1_1,D1_3,F1_3,L1,,,,
74464,L1,L2,L2,L1,L2,L1,L2,L1,L1,C1_1,D1_3,F1_3,L2,,,,
74465,L1,L2,L2,L1,L2,L1,L2,L1,L1,C1_1,D1_3,F1_3,L3,,,,
74466,L1,L2,L2,L1,L2,L1,L2,L1,L1,C1_2,D1_1,F1_1,L1,,,,
74467,L1,L2,L2,L1,L2,L1,L2,L1,L1,C1_2,D1_1,F1_1,L2,,,,
74468,L1,L2,L2,L1,L2,L1,L2,L1,L1,C1_2,D1_1,F1_1,L3,,,,
74469,L1,L2,L2,L1,L2,L1,L2,L1,L1,C1_2,D1_1,F1_2,L1,,,,
74470,L1,L2,L2,L1,L2,L1,L2,L1,L1,C1_2,D1_1,F1_2,L2,,,,
74471,L1,L2,L2,L1,L2,L1,L2,L1,L1,C1_2,D1_1,F1_2,L3,,,,
74472,L1,L2,L2,L1,L2,L1,L2,L1,L1,C1_2,D1_1,F1_3,L1,,,,
74473,L1,L2,L2,L1,L2,L1,L2,L1,L1,C1_2,D1_1,F1_3,L2,,,,
74474,L1,L2,L2,L1,L2,L1,L2,L1,L1,C1_2,D1_1,F1_3,L3,,,,
74475,L1,L2,L2,L1,L2,L1,L2,L1,L1,C1_2,D1_2,F1_1,L1,,,,
74476,L1,L2,L2,L1,L2,L1,L2,L1,L1,C1_2,D1_2,F1_1,L2,,,,
74477,L1,L2,L2,L1,L2,L1,L2,L1,L1,C1_2,D1_2,F1_1,L3,,,,
74478,L1,L2,L2,L1,L2,L1,L2,L1,L1,C1_2,D1_2,F1_2,L1,,,,
74479,L1,L2,L2,L1,L2,L1,L2,L1,L1,C1_2,D1_2,F1_2,L2,,,,
74480,L1,L2,L2,L1,L2,L1,L2,L1,L1,C1_2,D1_2,F1_2,L3,,,,
74481,L1,L2,L2,L1,L2,L1,L2,L1,L1,C1_2,D1_2,F1_3,L1,,,,
74482,L1,L2,L2,L1,L2,L1,L2,L1,L1,C1_2,D1_2,F1_3,L2,,,,
74483,L1,L2,L2,L1,L2,L1,L2,L1,L1,C1_2,D1_2,F1_3,L3,,,,
74484,L1,L2,L2,L1,L2,L1,L2,L1,L1,C1_2,D1_3,F1_1,L1,,,,
74485,L1,L2,L2,L1,L2,L1,L2,L1,L1,C1_2,D1_3,F1_1,L2,,,,
74486,L1,L2,L2,L1,L2,L1,L2,L1,L1,C1_2,D1_3,F1_1,L3,,,,
74487,L1,L2,L2,L1,L2,L1,L2,L1,L1,C1_2,D1_3,F1_2,L1,,,,
74488,L1,L2,L2,L1,L2,L1,L2,L1,L1,C1_2,D1_3,F1_2,L2,,,,
74489,L1,L2,L2,L1,L2,L1,L2,L1,L1,C1_2,D1_3,F1_2,L3,,,,
74490,L1,L2,L2,L1,L2,L1,L2,L1,L1,C1_2,D1_3,F1_3,L1,,,,
74491,L1,L2,L2,L1,L2,L1,L2,L1,L1,C1_2,D1_3,F1_3,L2,,,,
74492,L1,L2,L2,L1,L2,L1,L2,L1,L1,C1_2,D1_3,F1_3,L3,,,,
74493,L1,L2,L2,L1,L2,L1,L2,L1,L1,C1_3,D1_1,F1_1,L1,,,,
74494,L1,L2,L2,L1,L2,L1,L2,L1,L1,C1_3,D1_1,F1_1,L2,,,,
74495,L1,L2,L2,L1,L2,L1,L2,L1,L1,C1_3,D1_1,F1_1,L3,,,,
74496,L1,L2,L2,L1,L2,L1,L2,L1,L1,C1_3,D1_1,F1_2,L1,,,,
74497,L1,L2,L2,L1,L2,L1,L2,L1,L1,C1_3,D1_1,F1_2,L2,,,,
74498,L1,L2,L2,L1,L2,L1,L2,L1,L1,C1_3,D1_1,F1_2,L3,,,,
74499,L1,L2,L2,L1,L2,L1,L2,L1,L1,C1_3,D1_1,F1_3,L1,,,,
74500,L1,L2,L2,L1,L2,L1,L2,L1,L1,C1_3,D1_1,F1_3,L2,,,,
74501,L1,L2,L2,L1,L2,L1,L2,L1,L1,C1_3,D1_1,F1_3,L3,,,,
74502,L1,L2,L2,L1,L2,L1,L2,L1,L1,C1_3,D1_2,F1_1,L1,,,,
74503,L1,L2,L2,L1,L2,L1,L2,L1,L1,C1_3,D1_2,F1_1,L2,,,,
74504,L1,L2,L2,L1,L2,L1,L2,L1,L1,C1_3,D1_2,F1_1,L3,,,,
74505,L1,L2,L2,L1,L2,L1,L2,L1,L1,C1_3,D1_2,F1_2,L1,,,,
74506,L1,L2,L2,L1,L2,L1,L2,L1,L1,C1_3,D1_2,F1_2,L2,,,,
74507,L1,L2,L2,L1,L2,L1,L2,L1,L1,C1_3,D1_2,F1_2,L3,,,,
74508,L1,L2,L2,L1,L2,L1,L2,L1,L1,C1_3,D1_2,F1_3,L1,,,,
74509,L1,L2,L2,L1,L2,L1,L2,L1,L1,C1_3,D1_2,F1_3,L2,,,,
74510,L1,L2,L2,L1,L2,L1,L2,L1,L1,C1_3,D1_2,F1_3,L3,,,,
74511,L1,L2,L2,L1,L2,L1,L2,L1,L1,C1_3,D1_3,F1_1,L1,,,,
74512,L1,L2,L2,L1,L2,L1,L2,L1,L1,C1_3,D1_3,F1_1,L2,,,,
74513,L1,L2,L2,L1,L2,L1,L2,L1,L1,C1_3,D1_3,F1_1,L3,,,,
74514,L1,L2,L2,L1,L2,L1,L2,L1,L1,C1_3,D1_3,F1_2,L1,,,,
74515,L1,L2,L2,L1,L2,L1,L2,L1,L1,C1_3,D1_3,F1_2,L2,,,,
74516,L1,L2,L2,L1,L2,L1,L2,L1,L1,C1_3,D1_3,F1_2,L3,,,,
74517,L1,L2,L2,L1,L2,L1,L2,L1,L1,C1_3,D1_3,F1_3,L1,,,,
74518,L1,L2,L2,L1,L2,L1,L2,L1,L1,C1_3,D1_3,F1_3,L2,,,,
74519,L1,L2,L2,L1,L2,L1,L2,L1,L1,C1_3,D1_3,F1_3,L3,,,,
130275,L3,L2,L3,L2,L3,L1,L2,L1,L1,C1_1,D1_1,F1_1,L1,,,,
130276,L3,L2,L3,L2,L3,L1,L2,L1,L1,C1_1,D1_1,F1_1,L2,,,,
130277,L3,L2,L3,L2,L3,L1,L2,L1,L1,C1_1,D1_1,F1_1,L3,,,,
130278,L3,L2,L3,L2,L3,L1,L2,L1,L1,C1_1,D1_1,F1_2,L1,,,,
130279,L3,L2,L3,L2,L3,L1,L2,L1,L1,C1_1,D1_1,F1_2,L2,,,,
130280,L3,L2,L3,L2,L3,L1,L2,L1,L1,C1_1,D1_1,F1_2,L3,,,,
130281,L3,L2,L3,L2,L3,L1,L2,L1,L1,C1_1,D1_1,F1_3,L1,,,,
130282,L3,L2,L3,L2,L3,L1,L2,L1,L1,C1_1,D1_1,F1_3,L2,,,,
130283,L3,L2,L3,L2,L3,L1,L2,L1,L1,C1_1,D1_1,F1_3,L3,,,,
130284,L3,L2,L3,L2,L3,L1,L2,L1,L1,C1_1,D1_2,F1_1,L1,,,,
130285,L3,L2,L3,L2,L3,L1,L2,L1,L1,C1_1,D1_2,F1_1,L2,,,,
130286,L3,L2,L3,L2,L3,L1,L2,L1,L1,C1_1,D1_2,F1_1,L3,,,,
130287,L3,L2,L3,L2,L3,L1,L2,L1,L1,C1_1,D1_2,F1_2,L1,,,,
130288,L3,L2,L3,L2,L3,L1,L2,L1,L1,C1_1,D1_2,F1_2,L2,,,,
130289,L3,L2,L3,L2,L3,L1,L2,L1,L1,C1_1,D1_2,F1_2,L3,,,,
130290,L3,L2,L3,L2,L3,L1,L2,L1,L1,C1_1,D1_2,F1_3,L1,,,,
130291,L3,L2,L3,L2,L3,L1,L2,L1,L1,C1_1,D1_2,F1_3,L2,,,,
130292,L3,L2,L3,L2,L3,L1,L2,L1,L1,C1_1,D1_2,F1_3,L3,,,,
130293,L3,L2,L3,L2,L3,L1,L2,L1,L1,C1_1,D1_3,F1_1,L1,,,,
130294,L3,L2,L3,L2,L3,L1,L2,L1,L1,C1_1,D1_3,F1_1,L2,,,,
130295,L3,L2,L3,L2,L3,L1,L2,L1,L1,C1_1,D1_3,F1_1,L3,,,,
130296,L3,L2,L3,L2,L3,L1,L2,L1,L1,C1_1,D1_3,F1_2,L1,,,,
130297,L3,L2,L3,L2,L3,L1,L2,L1,L1,C1_1,D1_3,F1_2,L2,,,,
130298,L3,L2,L3,L2,L3,L1,L2,L1,L1,C1_1,D1_3,F1_2,L3,,,,
130299,L3,L2,L3,L2,L3,L1,L2,L1,L1,C1_1,D1_3,F1_3,L1,,,,
130300,L3,L2,L3,L2,L3,L1,L2,L1,L1,C1_1,D1_3,F1_3,L2,,,,
130301,L3,L2,L3,L2,L3,L1,L2,L1,L1,C1_1,D1_3,F1_3,L3,,,,
130302,L3,L2,L3,L2,L3,L1,L2,L1,L1,C1_2,D1_1,F1_1,L1,,,,
130303,L3,L2,L3,L2,L3,L1,L2,L1,L1,C1_2,D1_1,F1_1,L2,,,,
130304,L3,L2,L3,L2,L3,L1,L2,L1,L1,C1_2,D1_1,F1_1,L3,,,,
130305,L3,L2,L3,L2,L3,L1,L2,L1,L1,C1_2,D1_1,F1_2,L1,,,,
130306,L3,L2,L3,L2,L3,L1,L2,L1,L1,C1_2,D1_1,F1_2,L2,,,,
130307,L3,L2,L3,L2,L3,L1,L2,L1,L1,C1_2,D1_1,F1_2,L3,,,,
130308,L3,L2,L3,L2,L3,L1,L2,L1,L1,C1_2,D1_1,F1_3,L1,,,,
130309,L3,L2,L3,L2,L3,L1,L2,L1,L1,C1_2,D1_1,F1_3,L2,,,,
130310,L3,L2,L3,L2,L3,L1,L2,L1,L1,C1_2,D1_1,F1_3,L3,,,,
130311,L3,L2,L3,L2,L3,L1,L2,L1,L1,C1_2,D1_2,F1_1,L1,,,,
130312,L3,L2,L3,L2,L3,L1,L2,L1,L1,C1_2,D1_2,F1_1,L2,,,,
130313,L3,L2,L3,L2,L3,L1,L2,L1,L1,C1_2,D1_2,F1_1,L3,,,,
130314,L3,L2,L3,L2,L3,L1,L2,L1,L1,C1_2,D1_2,F1_2,L1,,,,
130315,L3,L2,L3,L2,L3,L1,L2,L1,L1,C1_2,D1_2,F1_2,L2,,,,
130316,L3,L2,L3,L2,L3,L1,L2,L1,L1,C1_2,D1_2,F1_2,L3,,,,
130317,L3,L2,L3,L2,L3,L1,L2,L1,L1,C1_2,D1_2,F1_3,L1,,,,
130318,L3,L2,L3,L2,L3,L1,L2,L1,L1,C1_2,D1_2,F1_3,L2,,,,
130319,L3,L2,L3,L2,L3,L1,L2,L1,L1,C1_2,D1_2,F1_3,L3,,,,
130320,L3,L2,L3,L2,L3,L1,L2,L1,L1,C1_2,D1_3,F1_1,L1,,,,
130321,L3,L2,L3,L2,L3,L1,L2,L1,L1,C1_2,D1_3,F1_1,L2,,,,
130322,L3,L2,L3,L2,L3,L1,L2,L1,L1,C1_2,D1_3,F1_1,L3,,,,
130323,L3,L2,L3,L2,L3,L1,L2,L1,L1,C1_2,D1_3,F1_2,L1,,,,
130324,L3,L2,L3,L2,L3,L1,L2,L1,L1,C1_2,D1_3,F1_2,L2,,,,
130325,L3,L2,L3,L2,L3,L1,L2,L1,L1,C1_2,D1_3,F1_2,L3,,,,
130326,L3,L2,L3,L2,L3,L1,L2,L1,L1,C1_2,D1_3,F1_3,L1,,,,
130327,L3,L2,L3,L2,L3,L1,L2,L1,L1,C1_2,D1_3,F1_3,L2,,,,
130328,L3,L2,L3,L2,L3,L1,L2,L1,L1,C1_2,D1_3,F1_3,L3,,,,
130329,L3,L2,L3,L2,L3,L1,L2,L1,L1,C1_3,D1_1,F1_1,L1,,,,
130330,L3,L2,L3,L2,L3,L1,L2,L1,L1,C1_3,D1_1,F1_1,L2,,,,
130331,L3,L2,L3,L2,L3,L1,L2,L1,L1,C1_3,D1_1,F1_1,L3,,,,
130332,L3,L2,L3,L2,L3,L1,L2,L1,L1,C1_3,D1_1,F1_2,L1,,,,
130333,L3,L2,L3,L2,L3,L1,L2,L1,L1,C1_3,D1_1,F1_2,L2,,,,
130334,L3,L2,L3,L2,L3,L1,L2,L1,L1,C1_3,D1_1,F1_2,L3,,,,
130335,L3,L2,L3,L2,L3,L1,L2,L1,L1,C1_3,D1_1,F1_3,L1,,,,
130336,L3,L2,L3,L2,L3,L1,L2,L1,L1,C1_3,D1_1,F1_3,L2,,,,
130337,L3,L2,L3,L2,L3,L1,L2,L1,L1,C1_3,D1_1,F1_3,L3,,,,
130338,L3,L2,L3,L2,L3,L1,L2,L1,L1,C1_3,D1_2,F1_1,L1,,,,
130339,L3,L2,L3,L2,L3,L1,L2,L1,L1,C1_3,D1_2,F1_1,L2,,,,
130340,L3,L2,L3,L2,L3,L1,L2,L1,L1,C1_3,D1_2,F1_1,L3,,,,
130341,L3,L2,L3,L2,L3,L1,L2,L1,L1,C1_3,D1_2,F1_2,L1,,,,
130342,L3,L2,L3,L2,L3,L1,L2,L1,L1,C1_3,D1_2,F1_2,L2,,,,
130343,L3,L2,L3,L2,L3,L1,L2,L1,L1,C1_3,D1_2,F1_2,L3,,,,
130344,L3,L2,L3,L2,L3,L1,L2,L1,L1,C1_3,D1_2,F1_3,L1,,,,
130345,L3,L2,L3,L2,L3,L1,L2,L1,L1,C1_3,D1_2,F1_3,L2,,,,
130346,L3,L2,L3,L2,L3,L1,L2,L1,L1,C1_3,D1_2,F1_3,L3,,,,
130347,L3,L2,L3,L2,L3,L1,L2,L1,L1,C1_3,D1_3,F1_1,L1,,,,
130348,L3,L2,L3,L2,L3,L1,L2,L1,L1,C1_3,D1_3,F1_1,L2,,,,
130349,L3,L2,L3,L2,L3,L1,L2,L1,L1,C1_3,D1_3,F1_1,L3,,,,
130350,L3,L2,L3,L2,L3,L1,L2,L1,L1,C1_3,D1_3,F1_2,L1,,,,
130351,L3,L2,L3,L2,L3,L1,L2,L1,L1,C1_3,D1_3,F1_2,L2,,,,
130352,L3,L2,L3,L2,L3,L1,L2,L1,L1,C1_3,D1_3,F1_2,L3,,,,
130353,L3,L2,L3,L2,L3,L1,L2,L1,L1,C1_3,D1_3,F1_3,L1,,,,
130354,L3,L2,L3,L2,L3,L1,L2,L1,L1,C1_3,D1_3,F1_3,L2,,,,
130355,L3,L2,L3,L2,L3,L1,L2,L1,L1,C1_3,D1_3,F1_3,L3,,,,
154656,L1,L2,L3,L3,L2,L1,L2,L1,L1,C1_1,D1_1,F1_1,L1,,,,
154657,L1,L2,L3,L3,L2,L1,L2,L1,L1,C1_1,D1_1,F1_1,L2,,,,
154658,L1,L2,L3,L3,L2,L1,L2,L1,L1,C1_1,D1_1,F1_1,L3,,,,
154659,L1,L2,L3,L3,L2,L1,L2,L1,L1,C1_1,D1_1,F1_2,L1,,,,
154660,L1,L2,L3,L3,L2,L1,L2,L1,L1,C1_1,D1_1,F1_2,L2,,,,
154661,L1,L2,L3,L3,L2,L1,L2,L1,L1,C1_1,D1_1,F1_2,L3,,,,
154662,L1,L2,L3,L3,L2,L1,L2,L1,L1,C1_1,D1_1,F1_3,L1,,,,
154663,L1,L2,L3,L3,L2,L1,L2,L1,L1,C1_1,D1_1,F1_3,L2,,,,
154664,L1,L2,L3,L3,L2,L1,L2,L1,L1,C1_1,D1_1,F1_3,L3,,,,
154665,L1,L2,L3,L3,L2,L1,L2,L1,L1,C1_1,D1_2,F1_1,L1,,,,
154666,L1,L2,L3,L3,L2,L1,L2,L1,L1,C1_1,D1_2,F1_1,L2,,,,
154667,L1,L2,L3,L3,L2,L1,L2,L1,L1,C1_1,D1_2,F1_1,L3,,,,
154668,L1,L2,L3,L3,L2,L1,L2,L1,L1,C1_1,D1_2,F1_2,L1,,,,
154669,L1,L2,L3,L3,L2,L1,L2,L1,L1,C1_1,D1_2,F1_2,L2,,,,
154670,L1,L2,L3,L3,L2,L1,L2,L1,L1,C1_1,D1_2,F1_2,L3,,,,
154671,L1,L2,L3,L3,L2,L1,L2,L1,L1,C1_1,D1_2,F1_3,L1,,,,
154672,L1,L2,L3,L3,L2,L1,L2,L1,L1,C1_1,D1_2,F1_3,L2,,,,
154673,L1,L2,L3,L3,L2,L1,L2,L1,L1,C1_1,D1_2,F1_3,L3,,,,
154674,L1,L2,L3,L3,L2,L1,L2,L1,L1,C1_1,D1_3,F1_1,L1,,,,
154675,L1,L2,L3,L3,L2,L1,L2,L1,L1,C1_1,D1_3,F1_1,L2,,,,
154676,L1,L2,L3,L3,L2,L1,L2,L1,L1,C1_1,D1_3,F1_1,L3,,,,
154677,L1,L2,L3,L3,L2,L1,L2,L1,L1,C1_1,D1_3,F1_2,L1,,,,
154678,L1,L2,L3,L3,L2,L1,L2,L1,L1,C1_1,D1_3,F1_2,L2,,,,
154679,L1,L2,L3,L3,L2,L1,L2,L1,L1,C1_1,D1_3,F1_2,L3,,,,
154680,L1,L2,L3,L3,L2,L1,L2,L1,L1,C1_1,D1_3,F1_3,L1,,,,
154681,L1,L2,L3,L3,L2,L1,L2,L1,L1,C1_1,D1_3,F1_3,L2,,,,
154682,L1,L2,L3,L3,L2,L1,L2,L1,L1,C1_1,D1_3,F1_3,L3,,,,
154683,L1,L2,L3,L3,L2,L1,L2,L1,L1,C1_2,D1_1,F1_1,L1,,,,
154684,L1,L2,L3,L3,L2,L1,L2,L1,L1,C1_2,D1_1,F1_1,L2,,,,
154685,L1,L2,L3,L3,L2,L1,L2,L1,L1,C1_2,D1_1,F1_1,L3,,,,
154686,L1,L2,L3,L3,L2,L1,L2,L1,L1,C1_2,D1_1,F1_2,L1,,,,
154687,L1,L2,L3,L3,L2,L1,L2,L1,L1,C1_2,D1_1,F1_2,L2,,,,
154688,L1,L2,L3,L3,L2,L1,L2,L1,L1,C1_2,D1_1,F1_2,L3,,,,
154689,L1,L2,L3,L3,L2,L1,L2,L1,L1,C1_2,D1_1,F1_3,L1,,,,
154690,L1,L2,L3,L3,L2,L1,L2,L1,L1,C1_2,D1_1,F1_3,L2,,,,
154691,L1,L2,L3,L3,L2,L1,L2,L1,L1,C1_2,D1_1,F1_3,L3,,,,
154692,L1,L2,L3,L3,L2,L1,L2,L1,L1,C1_2,D1_2,F1_1,L1,,,,
154693,L1,L2,L3,L3,L2,L1,L2,L1,L1,C1_2,D1_2,F1_1,L2,,,,
154694,L1,L2,L3,L3,L2,L1,L2,L1,L1,C1_2,D1_2,F1_1,L3,,,,
154695,L1,L2,L3,L3,L2,L1,L2,L1,L1,C1_2,D1_2,F1_2,L1,,,,
154696,L1,L2,L3,L3,L2,L1,L2,L1,L1,C1_2,D1_2,F1_2,L2,,,,
154697,L1,L2,L3,L3,L2,L1,L2,L1,L1,C1_2,D1_2,F1_2,L3,,,,
154698,L1,L2,L3,L3,L2,L1,L2,L1,L1,C1_2,D1_2,F1_3,L1,,,,
154699,L1,L2,L3,L3,L2,L1,L2,L1,L1,C1_2,D1_2,F1_3,L2,,,,
154700,L1,L2,L3,L3,L2,L1,L2,L1,L1,C1_2,D1_2,F1_3,L3,,,,
154701,L1,L2,L3,L3,L2,L1,L2,L1,L1,C1_2,D1_3,F1_1,L1,,,,
154702,L1,L2,L3,L3,L2,L1,L2,L1,L1,C1_2,D1_3,F1_1,L2,,,,
154703,L1,L2,L3,L3,L2,L1,L2,L1,L1,C1_2,D1_3,F1_1,L3,,,,
154704,L1,L2,L3,L3,L2,L1,L2,L1,L1,C1_2,D1_3,F1_2,L1,,,,
154705,L1,L2,L3,L3,L2,L1,L2,L1,L1,C1_2,D1_3,F1_2,L2,,,,
154706,L1,L2,L3,L3,L2,L1,L2,L1,L1,C1_2,D1_3,F1_2,L3,,,,
154707,L1,L2,L3,L3,L2,L1,L2,L1,L1,C1_2,D1_3,F1_3,L1,,,,
154708,L1,L2,L3,L3,L2,L1,L2,L1,L1,C1_2,D1_3,F1_3,L2,,,,
154709,L1,L2,L3,L3,L2,L1,L2,L1,L1,C1_2,D1_3,F1_3,L3,,,,
154710,L1,L2,L3,L3,L2,L1,L2,L1,L1,C1_3,D1_1,F1_1,L1,,,,
154711,L1,L2,L3,L3,L2,L1,L2,L1,L1,C1_3,D1_1,F1_1,L2,,,,
154712,L1,L2,L3,L3,L2,L1,L2,L1,L1,C1_3,D1_1,F1_1,L3,,,,
154713,L1,L2,L3,L3,L2,L1,L2,L1,L1,C1_3,D1_1,F1_2,L1,,,,
154714,L1,L2,L3,L3,L2,L1,L2,L1,L1,C1_3,D1_1,F1_2,L2,,,,
154715,L1,L2,L3,L3,L2,L1,L2,L1,L1,C1_3,D1_1,F1_2,L3,,,,
154716,L1,L2,L3,L3,L2,L1,L2,L1,L1,C1_3,D1_1,F1_3,L1,,,,
154717,L1,L2,L3,L3,L2,L1,L2,L1,L1,C1_3,D1_1,F1_3,L2,,,,
154718,L1,L2,L3,L3,L2,L1,L2,L1,L1,C1_3,D1_1,F1_3,L3,,,,
154719,L1,L2,L3,L3,L2,L1,L2,L1,L1,C1_3,D1_2,F1_1,L1,,,,
154720,L1,L2,L3,L3,L2,L1,L2,L1,L1,C1_3,D1_2,F1_1,L2,,,,
154721,L1,L2,L3,L3,L2,L1,L2,L1,L1,C1_3,D1_2,F1_1,L3,,,,
154722,L1,L2,L3,L3,L2,L1,L2,L1,L1,C1_3,D1_2,F1_2,L1,,,,
154723,L1,L2,L3,L3,L2,L1,L2,L1,L1,C1_3,D1_2,F1_2,L2,,,,
154724,L1,L2,L3,L3,L2,L1,L2,L1,L1,C1_3,D1_2,F1_2,L3,,,,
154725,L1,L2,L3,L3,L2,L1,L2,L1,L1,C1_3,D1_2,F1_3,L1,,,,
154726,L1,L2,L3,L3,L2,L1,L2,L1,L1,C1_3,D1_2,F1_3,L2,,,,
154727,L1,L2,L3,L3,L2,L1,L2,L1,L1,C1_3,D1_2,F1_3,L3,,,,
154728,L1,L2,L3,L3,L2,L1,L2,L1,L1,C1_3,D1_3,F1_1,L1,,,,
154729,L1,L2,L3,L3,L2,L1,L2,L1,L1,C1_3,D1_3,F1_1,L2,,,,
154730,L1,L2,L3,L3,L2,L1,L2,L1,L1,C1_3,D1_3,F1_1,L3,,,,
154731,L1,L2,L3,L3,L2,L1,L2,L1,L1,C1_3,D1_3,F1_2,L1,,,,
154732,L1,L2,L3,L3,L2,L1,L2,L1,L1,C1_3,D1_3,F1_2,L2,,,,
154733,L1,L2,L3,L3,L2,L1,L2,L1,L1,C1_3,D1_3,F1_2,L3,,,,
154734,L1,L2,L3,L3,L2,L1,L2,L1,L1,C1_3,D1_3,F1_3,L1,,,,
154735,L1,L2,L3,L3,L2,L1,L2,L1,L1,C1_3,D1_3,F1_3,L2,,,,
154736,L1,L2,L3,L3,L2,L1,L2,L1,L1,C1_3,D1_3,F1_3,L3,,,,
177282,L1,L2,L3,L1,L3,L1,L2,L1,L1,C1_1,D1_1,F1_1,L1,,,,
177283,L1,L2,L3,L1,L3,L1,L2,L1,L1,C1_1,D1_1,F1_1,L2,,,,
177284,L1,L2,L3,L1,L3,L1,L2,L1,L1,C1_1,D1_1,F1_1,L3,,,,
177285,L1,L2,L3,L1,L3,L1,L2,L1,L1,C1_1,D1_1,F1_2,L1,,,,
177286,L1,L2,L3,L1,L3,L1,L2,L1,L1,C1_1,D1_1,F1_2,L2,,,,
177287,L1,L2,L3,L1,L3,L1,L2,L1,L1,C1_1,D1_1,F1_2,L3,,,,
177288,L1,L2,L3,L1,L3,L1,L2,L1,L1,C1_1,D1_1,F1_3,L1,,,,
177289,L1,L2,L3,L1,L3,L1,L2,L1,L1,C1_1,D1_1,F1_3,L2,,,,
177290,L1,L2,L3,L1,L3,L1,L2,L1,L1,C1_1,D1_1,F1_3,L3,,,,
177291,L1,L2,L3,L1,L3,L1,L2,L1,L1,C1_1,D1_2,F1_1,L1,,,,
177292,L1,L2,L3,L1,L3,L1,L2,L1,L1,C1_1,D1_2,F1_1,L2,,,,
177293,L1,L2,L3,L1,L3,L1,L2,L1,L1,C1_1,D1_2,F1_1,L3,,,,
177294,L1,L2,L3,L1,L3,L1,L2,L1,L1,C1_1,D1_2,F1_2,L1,,,,
177295,L1,L2,L3,L1,L3,L1,L2,L1,L1,C1_1,D1_2,F1_2,L2,,,,
177296,L1,L2,L3,L1,L3,L1,L2,L1,L1,C1_1,D1_2,F1_2,L3,,,,
177297,L1,L2,L3,L1,L3,L1,L2,L1,L1,C1_1,D1_2,F1_3,L1,,,,
177298,L1,L2,L3,L1,L3,L1,L2,L1,L1,C1_1,D1_2,F1_3,L2,,,,
177299,L1,L2,L3,L1,L3,L1,L2,L1,L1,C1_1,D1_2,F1_3,L3,,,,
177300,L1,L2,L3,L1,L3,L1,L2,L1,L1,C1_1,D1_3,F1_1,L1,,,,
177301,L1,L2,L3,L1,L3,L1,L2,L1,L1,C1_1,D1_3,F1_1,L2,,,,
177302,L1,L2,L3,L1,L3,L1,L2,L1,L1,C1_1,D1_3,F1_1,L3,,,,
177303,L1,L2,L3,L1,L3,L1,L2,L1,L1,C1_1,D1_3,F1_2,L1,,,,
177304,L1,L2,L3,L1,L3,L1,L2,L1,L1,C1_1,D1_3,F1_2,L2,,,,
177305,L1,L2,L3,L1,L3,L1,L2,L1,L1,C1_1,D1_3,F1_2,L3,,,,
177306,L1,L2,L3,L1,L3,L1,L2,L1,L1,C1_1,D1_3,F1_3,L1,,,,
177307,L1,L2,L3,L1,L3,L1,L2,L1,L1,C1_1,D1_3,F1_3,L2,,,,
177308,L1,L2,L3,L1,L3,L1,L2,L1,L1,C1_1,D1_3,F1_3,L3,,,,
177309,L1,L2,L3,L1,L3,L1,L2,L1,L1,C1_2,D1_1,F1_1,L1,,,,
177310,L1,L2,L3,L1,L3,L1,L2,L1,L1,C1_2,D1_1,F1_1,L2,,,,
177311,L1,L2,L3,L1,L3,L1,L2,L1,L1,C1_2,D1_1,F1_1,L3,,,,
177312,L1,L2,L3,L1,L3,L1,L2,L1,L1,C1_2,D1_1,F1_2,L1,,,,
177313,L1,L2,L3,L1,L3,L1,L2,L1,L1,C1_2,D1_1,F1_2,L2,,,,
177314,L1,L2,L3,L1,L3,L1,L2,L1,L1,C1_2,D1_1,F1_2,L3,,,,
177315,L1,L2,L3,L1,L3,L1,L2,L1,L1,C1_2,D1_1,F1_3,L1,,,,
177316,L1,L2,L3,L1,L3,L1,L2,L1,L1,C1_2,D1_1,F1_3,L2,,,,
177317,L1,L2,L3,L1,L3,L1,L2,L1,L1,C1_2,D1_1,F1_3,L3,,,,
177318,L1,L2,L3,L1,L3,L1,L2,L1,L1,C1_2,D1_2,F1_1,L1,,,,
177319,L1,L2,L3,L1,L3,L1,L2,L1,L1,C1_2,D1_2,F1_1,L2,,,,
177320,L1,L2,L3,L1,L3,L1,L2,L1,L1,C1_2,D1_2,F1_1,L3,,,,
177321,L1,L2,L3,L1,L3,L1,L2,L1,L1,C1_2,D1_2,F1_2,L1,,,,
177322,L1,L2,L3,L1,L3,L1,L2,L1,L1,C1_2,D1_2,F1_2,L2,,,,
177323,L1,L2,L3,L1,L3,L1,L2,L1,L1,C1_2,D1_2,F1_2,L3,,,,
177324,L1,L2,L3,L1,L3,L1,L2,L1,L1,C1_2,D1_2,F1_3,L1,,,,
177325,L1,L2,L3,L1,L3,L1,L2,L1,L1,C1_2,D1_2,F1_3,L2,,,,
177326,L1,L2,L3,L1,L3,L1,L2,L1,L1,C1_2,D1_2,F1_3,L3,,,,
177327,L1,L2,L3,L1,L3,L1,L2,L1,L1,C1_2,D1_3,F1_1,L1,,,,
177328,L1,L2,L3,L1,L3,L1,L2,L1,L1,C1_2,D1_3,F1_1,L2,,,,
177329,L1,L2,L3,L1,L3,L1,L2,L1,L1,C1_2,D1_3,F1_1,L3,,,,
177330,L1,L2,L3,L1,L3,L1,L2,L1,L1,C1_2,D1_3,F1_2,L1,,,,
177331,L1,L2,L3,L1,L3,L1,L2,L1,L1,C1_2,D1_3,F1_2,L2,,,,
177332,L1,L2,L3,L1,L3,L1,L2,L1,L1,C1_2,D1_3,F1_2,L3,,,,
177333,L1,L2,L3,L1,L3,L1,L2,L1,L1,C1_2,D1_3,F1_3,L1,,,,
177334,L1,L2,L3,L1,L3,L1,L2,L1,L1,C1_2,D1_3,F1_3,L2,,,,
177335,L1,L2,L3,L1,L3,L1,L2,L1,L1,C1_2,D1_3,F1_3,L3,,,,
177336,L1,L2,L3,L1,L3,L1,L2,L1,L1,C1_3,D1_1,F1_1,L1,,,,
177337,L1,L2,L3,L1,L3,L1,L2,L1,L1,C1_3,D1_1,F1_1,L2,,,,
177338,L1,L2,L3,L1,L3,L1,L2,L1,L1,C1_3,D1_1,F1_1,L3,,,,
177339,L1,L2,L3,L1,L3,L1,L2,L1,L1,C1_3,D1_1,F1_2,L1,,,,
177340,L1,L2,L3,L1,L3,L1,L2,L1,L1,C1_3,D1_1,F1_2,L2,,,,
177341,L1,L2,L3,L1,L3,L1,L2,L1,L1,C1_3,D1_1,F1_2,L3,,,,
177342,L1,L2,L3,L1,L3,L1,L2,L1,L1,C1_3,D1_1,F1_3,L1,,,,
177343,L1,L2,L3,L1,L3,L1,L2,L1,L1,C1_3,D1_1,F1_3,L2,,,,
177344,L1,L2,L3,L1,L3,L1,L2,L1,L1,C1_3,D1_1,F1_3,L3,,,,
177345,L1,L2,L3,L1,L3,L1,L2,L1,L1,C1_3,D1_2,F1_1,L1,,,,
177346,L1,L2,L3,L1,L3,L1,L2,L1,L1,C1_3,D1_2,F1_1,L2,,,,
177347,L1,L2,L3,L1,L3,L1,L2,L1,L1,C1_3,D1_2,F1_1,L3,,,,
177348,L1,L2,L3,L1,L3,L1,L2,L1,L1,C1_3,D1_2,F1_2,L1,,,,
177349,L1,L2,L3,L1,L3,L1,L2,L1,L1,C1_3,D1_2,F1_2,L2,,,,
177350,L1,L2,L3,L1,L3,L1,L2,L1,L1,C1_3,D1_2,F1_2,L3,,,,
177351,L1,L2,L3,L1,L3,L1,L2,L1,L1,C1_3,D1_2,F1_3,L1,,,,
177352,L1,L2,L3,L1,L3,L1,L2,L1,L1,C1_3,D1_2,F1_3,L2,,,,
177353,L1,L2,L3,L1,L3,L1,L2,L1,L1,C1_3,D1_2,F1_3,L3,,,,
177354,L1,L2,L3,L1,L3,L1,L2,L1,L1,C1_3,D1_3,F1_1,L1,,,,
177355,L1,L2,L3,L1,L3,L1,L2,L1,L1,C1_3,D1_3,F1_1,L2,,,,
177356,L1,L2,L3,L1,L3,L1,L2,L1,L1,C1_3,D1_3,F1_1,L3,,,,
177357,L1,L2,L3,L1,L3,L1,L2,L1,L1,C1_3,D1_3,F1_2,L1,,,,
177358,L1,L2,L3,L1,L3,L1,L2,L1,L1,C1_3,D1_3,F1_2,L2,,,,
177359,L1,L2,L3,L1,L3,L1,L2,L1,L1,C1_3,D1_3,F1_2,L3,,,,
177360,L1,L2,L3,L1,L3,L1,L2,L1,L1,C1_3,D1_3,F1_3,L1,,,,
177361,L1,L2,L3,L1,L3,L1,L2,L1,L1,C1_3,D1_3,F1_3,L2,,,,
177362,L1,L2,L3,L1,L3,L1,L2,L1,L1,C1_3,D1_3,F1_3,L3,,,,
177606,L3,L1,L2,L3,L1,L1,L2,L1,L1,C1_1,D1_1,F1_1,L1,,,,
177607,L3,L1,L2,L3,L1,L1,L2,L1,L1,C1_1,D1_1,F1_1,L2,,,,
177608,L3,L1,L2,L3,L1,L1,L2,L1,L1,C1_1,D1_1,F1_1,L3,,,,
177609,L3,L1,L2,L3,L1,L1,L2,L1,L1,C1_1,D1_1,F1_2,L1,,,,
177610,L3,L1,L2,L3,L1,L1,L2,L1,L1,C1_1,D1_1,F1_2,L2,,,,
177611,L3,L1,L2,L3,L1,L1,L2,L1,L1,C1_1,D1_1,F1_2,L3,,,,
177612,L3,L1,L2,L3,L1,L1,L2,L1,L1,C1_1,D1_1,F1_3,L1,,,,
177613,L3,L1,L2,L3,L1,L1,L2,L1,L1,C1_1,D1_1,F1_3,L2,,,,
177614,L3,L1,L2,L3,L1,L1,L2,L1,L1,C1_1,D1_1,F1_3,L3,,,,
177615,L3,L1,L2,L3,L1,L1,L2,L1,L1,C1_1,D1_2,F1_1,L1,,,,
177616,L3,L1,L2,L3,L1,L1,L2,L1,L1,C1_1,D1_2,F1_1,L2,,,,
177617,L3,L1,L2,L3,L1,L1,L2,L1,L1,C1_1,D1_2,F1_1,L3,,,,
177618,L3,L1,L2,L3,L1,L1,L2,L1,L1,C1_1,D1_2,F1_2,L1,,,,
177619,L3,L1,L2,L3,L1,L1,L2,L1,L1,C1_1,D1_2,F1_2,L2,,,,
177620,L3,L1,L2,L3,L1,L1,L2,L1,L1,C1_1,D1_2,F1_2,L3,,,,
177621,L3,L1,L2,L3,L1,L1,L2,L1,L1,C1_1,D1_2,F1_3,L1,,,,
177622,L3,L1,L2,L3,L1,L1,L2,L1,L1,C1_1,D1_2,F1_3,L2,,,,
177623,L3,L1,L2,L3,L1,L1,L2,L1,L1,C1_1,D1_2,F1_3,L3,,,,
177624,L3,L1,L2,L3,L1,L1,L2,L1,L1,C1_1,D1_3,F1_1,L1,,,,
177625,L3,L1,L2,L3,L1,L1,L2,L1,L1,C1_1,D1_3,F1_1,L2,,,,
177626,L3,L1,L2,L3,L1,L1,L2,L1,L1,C1_1,D1_3,F1_1,L3,,,,
177627,L3,L1,L2,L3,L1,L1,L2,L1,L1,C1_1,D1_3,F1_2,L1,,,,
177628,L3,L1,L2,L3,L1,L1,L2,L1,L1,C1_1,D1_3,F1_2,L2,,,,
177629,L3,L1,L2,L3,L1,L1,L2,L1,L1,C1_1,D1_3,F1_2,L3,,,,
177630,L3,L1,L2,L3,L1,L1,L2,L1,L1,C1_1,D1_3,F1_3,L1,,,,
177631,L3,L1,L2,L3,L1,L1,L2,L1,L1,C1_1,D1_3,F1_3,L2,,,,
177632,L3,L1,L2,L3,L1,L1,L2,L1,L1,C1_1,D1_3,F1_3,L3,,,,
177633,L3,L1,L2,L3,L1,L1,L2,L1,L1,C1_2,D1_1,F1_1,L1,,,,
177634,L3,L1,L2,L3,L1,L1,L2,L1,L1,C1_2,D1_1,F1_1,L2,,,,
177635,L3,L1,L2,L3,L1,L1,L2,L1,L1,C1_2,D1_1,F1_1,L3,,,,
177636,L3,L1,L2,L3,L1,L1,L2,L1,L1,C1_2,D1_1,F1_2,L1,,,,
177637,L3,L1,L2,L3,L1,L1,L2,L1,L1,C1_2,D1_1,F1_2,L2,,,,
177638,L3,L1,L2,L3,L1,L1,L2,L1,L1,C1_2,D1_1,F1_2,L3,,,,
177639,L3,L1,L2,L3,L1,L1,L2,L1,L1,C1_2,D1_1,F1_3,L1,,,,
177640,L3,L1,L2,L3,L1,L1,L2,L1,L1,C1_2,D1_1,F1_3,L2,,,,
177641,L3,L1,L2,L3,L1,L1,L2,L1,L1,C1_2,D1_1,F1_3,L3,,,,
177642,L3,L1,L2,L3,L1,L1,L2,L1,L1,C1_2,D1_2,F1_1,L1,,,,
177643,L3,L1,L2,L3,L1,L1,L2,L1,L1,C1_2,D1_2,F1_1,L2,,,,
177644,L3,L1,L2,L3,L1,L1,L2,L1,L1,C1_2,D1_2,F1_1,L3,,,,
177645,L3,L1,L2,L3,L1,L1,L2,L1,L1,C1_2,D1_2,F1_2,L1,,,,
177646,L3,L1,L2,L3,L1,L1,L2,L1,L1,C1_2,D1_2,F1_2,L2,,,,
177647,L3,L1,L2,L3,L1,L1,L2,L1,L1,C1_2,D1_2,F1_2,L3,,,,
177648,L3,L1,L2,L3,L1,L1,L2,L1,L1,C1_2,D1_2,F1_3,L1,,,,
177649,L3,L1,L2,L3,L1,L1,L2,L1,L1,C1_2,D1_2,F1_3,L2,,,,
177650,L3,L1,L2,L3,L1,L1,L2,L1,L1,C1_2,D1_2,F1_3,L3,,,,
177651,L3,L1,L2,L3,L1,L1,L2,L1,L1,C1_2,D1_3,F1_1,L1,,,,
177652,L3,L1,L2,L3,L1,L1,L2,L1,L1,C1_2,D1_3,F1_1,L2,,,,
177653,L3,L1,L2,L3,L1,L1,L2,L1,L1,C1_2,D1_3,F1_1,L3,,,,
177654,L3,L1,L2,L3,L1,L1,L2,L1,L1,C1_2,D1_3,F1_2,L1,,,,
177655,L3,L1,L2,L3,L1,L1,L2,L1,L1,C1_2,D1_3,F1_2,L2,,,,
177656,L3,L1,L2,L3,L1,L1,L2,L1,L1,C1_2,D1_3,F1_2,L3,,,,
177657,L3,L1,L2,L3,L1,L1,L2,L1,L1,C1_2,D1_3,F1_3,L1,,,,
177658,L3,L1,L2,L3,L1,L1,L2,L1,L1,C1_2,D1_3,F1_3,L2,,,,
177659,L3,L1,L2,L3,L1,L1,L2,L1,L1,C1_2,D1_3,F1_3,L3,,,,
177660,L3,L1,L2,L3,L1,L1,L2,L1,L1,C1_3,D1_1,F1_1,L1,,,,
177661,L3,L1,L2,L3,L1,L1,L2,L1,L1,C1_3,D1_1,F1_1,L2,,,,
177662,L3,L1,L2,L3,L1,L1,L2,L1,L1,C1_3,D1_1,F1_1,L3,,,,
177663,L3,L1,L2,L3,L1,L1,L2,L1,L1,C1_3,D1_1,F1_2,L1,,,,
177664,L3,L1,L2,L3,L1,L1,L2,L1,L1,C1_3,D1_1,F1_2,L2,,,,
177665,L3,L1,L2,L3,L1,L1,L2,L1,L1,C1_3,D1_1,F1_2,L3,,,,
177666,L3,L1,L2,L3,L1,L1,L2,L1,L1,C1_3,D1_1,F1_3,L1,,,,
177667,L3,L1,L2,L3,L1,L1,L2,L1,L1,C1_3,D1_1,F1_3,L2,,,,
177668,L3,L1,L2,L3,L1,L1,L2,L1,L1,C1_3,D1_1,F1_3,L3,,,,
177669,L3,L1,L2,L3,L1,L1,L2,L1,L1,C1_3,D1_2,F1_1,L1,,,,
177670,L3,L1,L2,L3,L1,L1,L2,L1,L1,C1_3,D1_2,F1_1,L2,,,,
177671,L3,L1,L2,L3,L1,L1,L2,L1,L1,C1_3,D1_2,F1_1,L3,,,,
177672,L3,L1,L2,L3,L1,L1,L2,L1,L1,C1_3,D1_2,F1_2,L1,,,,
177673,L3,L1,L2,L3,L1,L1,L2,L1,L1,C1_3,D1_2,F1_2,L2,,,,
177674,L3,L1,L2,L3,L1,L1,L2,L1,L1,C1_3,D1_2,F1_2,L3,,,,
177675,L3,L1,L2,L3,L1,L1,L2,L1,L1,C1_3,D1_2,F1_3,L1,,,,
177676,L3,L1,L2,L3,L1,L1,L2,L1,L1,C1_3,D1_2,F1_3,L2,,,,
177677,L3,L1,L2,L3,L1,L1,L2,L1,L1,C1_3,D1_2,F1_3,L3,,,,
177678,L3,L1,L2,L3,L1,L1,L2,L1,L1,C1_3,D1_3,F1_1,L1,,,,
177679,L3,L1,L2,L3,L1,L1,L2,L1,L1,C1_3,D1_3,F1_1,L2,,,,
177680,L3,L1,L2,L3,L1,L1,L2,L1,L1,C1_3,D1_3,F1_1,L3,,,,
177681,L3,L1,L2,L3,L1,L1,L2,L1,L1,C1_3,D1_3,F1_2,L1,,,,
177682,L3,L1,L2,L3,L1,L1,L2,L1,L1,C1_3,D1_3,F1_2,L2,,,,
177683,L3,L1,L2,L3,L1,L1,L2,L1,L1,C1_3,D1_3,F1_2,L3,,,,
177684,L3,L1,L2,L3,L1,L1,L2,L1,L1,C1_3,D1_3,F1_3,L1,,,,
177685,L3,L1,L2,L3,L1,L1,L2,L1,L1,C1_3,D1_3,F1_3,L2,,,,
177686,L3,L1,L2,L3,L1,L1,L2,L1,L1,C1_3,D1_3,F1_3,L3,,,,
205254,L2,L1,L3,L2,L1,L1,L2,L1,L1,C1_1,D1_1,F1_1,L1,,,,
205255,L2,L1,L3,L2,L1,L1,L2,L1,L1,C1_1,D1_1,F1_1,L2,,,,
205256,L2,L1,L3,L2,L1,L1,L2,L1,L1,C1_1,D1_1,F1_1,L3,,,,
205257,L2,L1,L3,L2,L1,L1,L2,L1,L1,C1_1,D1_1,F1_2,L1,,,,
205258,L2,L1,L3,L2,L1,L1,L2,L1,L1,C1_1,D1_1,F1_2,L2,,,,
205259,L2,L1,L3,L2,L1,L1,L2,L1,L1,C1_1,D1_1,F1_2,L3,,,,
205260,L2,L1,L3,L2,L1,L1,L2,L1,L1,C1_1,D1_1,F1_3,L1,,,,
205261,L2,L1,L3,L2,L1,L1,L2,L1,L1,C1_1,D1_1,F1_3,L2,,,,
205262,L2,L1,L3,L2,L1,L1,L2,L1,L1,C1_1,D1_1,F1_3,L3,,,,
205263,L2,L1,L3,L2,L1,L1,L2,L1,L1,C1_1,D1_2,F1_1,L1,,,,
205264,L2,L1,L3,L2,L1,L1,L2,L1,L1,C1_1,D1_2,F1_1,L2,,,,
205265,L2,L1,L3,L2,L1,L1,L2,L1,L1,C1_1,D1_2,F1_1,L3,,,,
205266,L2,L1,L3,L2,L1,L1,L2,L1,L1,C1_1,D1_2,F1_2,L1,,,,
205267,L2,L1,L3,L2,L1,L1,L2,L1,L1,C1_1,D1_2,F1_2,L2,,,,
205268,L2,L1,L3,L2,L1,L1,L2,L1,L1,C1_1,D1_2,F1_2,L3,,,,
205269,L2,L1,L3,L2,L1,L1,L2,L1,L1,C1_1,D1_2,F1_3,L1,,,,
205270,L2,L1,L3,L2,L1,L1,L2,L1,L1,C1_1,D1_2,F1_3,L2,,,,
205271,L2,L1,L3,L2,L1,L1,L2,L1,L1,C1_1,D1_2,F1_3,L3,,,,
205272,L2,L1,L3,L2,L1,L1,L2,L1,L1,C1_1,D1_3,F1_1,L1,,,,
205273,L2,L1,L3,L2,L1,L1,L2,L1,L1,C1_1,D1_3,F1_1,L2,,,,
205274,L2,L1,L3,L2,L1,L1,L2,L1,L1,C1_1,D1_3,F1_1,L3,,,,
205275,L2,L1,L3,L2,L1,L1,L2,L1,L1,C1_1,D1_3,F1_2,L1,,,,
205276,L2,L1,L3,L2,L1,L1,L2,L1,L1,C1_1,D1_3,F1_2,L2,,,,
205277,L2,L1,L3,L2,L1,L1,L2,L1,L1,C1_1,D1_3,F1_2,L3,,,,
205278,L2,L1,L3,L2,L1,L1,L2,L1,L1,C1_1,D1_3,F1_3,L1,,,,
205279,L2,L1,L3,L2,L1,L1,L2,L1,L1,C1_1,D1_3,F1_3,L2,,,,
205280,L2,L1,L3,L2,L1,L1,L2,L1,L1,C1_1,D1_3,F1_3,L3,,,,
205281,L2,L1,L3,L2,L1,L1,L2,L1,L1,C1_2,D1_1,F1_1,L1,,,,
205282,L2,L1,L3,L2,L1,L1,L2,L1,L1,C1_2,D1_1,F1_1,L2,,,,
205283,L2,L1,L3,L2,L1,L1,L2,L1,L1,C1_2,D1_1,F1_1,L3,,,,
205284,L2,L1,L3,L2,L1,L1,L2,L1,L1,C1_2,D1_1,F1_2,L1,,,,
205285,L2,L1,L3,L2,L1,L1,L2,L1,L1,C1_2,D1_1,F1_2,L2,,,,
205286,L2,L1,L3,L2,L1,L1,L2,L1,L1,C1_2,D1_1,F1_2,L3,,,,
205287,L2,L1,L3,L2,L1,L1,L2,L1,L1,C1_2,D1_1,F1_3,L1,,,,
205288,L2,L1,L3,L2,L1,L1,L2,L1,L1,C1_2,D1_1,F1_3,L2,,,,
205289,L2,L1,L3,L2,L1,L1,L2,L1,L1,C1_2,D1_1,F1_3,L3,,,,
205290,L2,L1,L3,L2,L1,L1,L2,L1,L1,C1_2,D1_2,F1_1,L1,,,,
205291,L2,L1,L3,L2,L1,L1,L2,L1,L1,C1_2,D1_2,F1_1,L2,,,,
205292,L2,L1,L3,L2,L1,L1,L2,L1,L1,C1_2,D1_2,F1_1,L3,,,,
205293,L2,L1,L3,L2,L1,L1,L2,L1,L1,C1_2,D1_2,F1_2,L1,,,,
205294,L2,L1,L3,L2,L1,L1,L2,L1,L1,C1_2,D1_2,F1_2,L2,,,,
205295,L2,L1,L3,L2,L1,L1,L2,L1,L1,C1_2,D1_2,F1_2,L3,,,,
205296,L2,L1,L3,L2,L1,L1,L2,L1,L1,C1_2,D1_2,F1_3,L1,,,,
205297,L2,L1,L3,L2,L1,L1,L2,L1,L1,C1_2,D1_2,F1_3,L2,,,,
205298,L2,L1,L3,L2,L1,L1,L2,L1,L1,C1_2,D1_2,F1_3,L3,,,,
205299,L2,L1,L3,L2,L1,L1,L2,L1,L1,C1_2,D1_3,F1_1,L1,,,,
205300,L2,L1,L3,L2,L1,L1,L2,L1,L1,C1_2,D1_3,F1_1,L2,,,,
205301,L2,L1,L3,L2,L1,L1,L2,L1,L1,C1_2,D1_3,F1_1,L3,,,,
205302,L2,L1,L3,L2,L1,L1,L2,L1,L1,C1_2,D1_3,F1_2,L1,,,,
205303,L2,L1,L3,L2,L1,L1,L2,L1,L1,C1_2,D1_3,F1_2,L2,,,,
205304,L2,L1,L3,L2,L1,L1,L2,L1,L1,C1_2,D1_3,F1_2,L3,,,,
205305,L2,L1,L3,L2,L1,L1,L2,L1,L1,C1_2,D1_3,F1_3,L1,,,,
205306,L2,L1,L3,L2,L1,L1,L2,L1,L1,C1_2,D1_3,F1_3,L2,,,,
205307,L2,L1,L3,L2,L1,L1,L2,L1,L1,C1_2,D1_3,F1_3,L3,,,,
205308,L2,L1,L3,L2,L1,L1,L2,L1,L1,C1_3,D1_1,F1_1,L1,,,,
205309,L2,L1,L3,L2,L1,L1,L2,L1,L1,C1_3,D1_1,F1_1,L2,,,,
205310,L2,L1,L3,L2,L1,L1,L2,L1,L1,C1_3,D1_1,F1_1,L3,,,,
205311,L2,L1,L3,L2,L1,L1,L2,L1,L1,C1_3,D1_1,F1_2,L1,,,,
205312,L2,L1,L3,L2,L1,L1,L2,L1,L1,C1_3,D1_1,F1_2,L2,,,,
205313,L2,L1,L3,L2,L1,L1,L2,L1,L1,C1_3,D1_1,F1_2,L3,,,,
205314,L2,L1,L3,L2,L1,L1,L2,L1,L1,C1_3,D1_1,F1_3,L1,,,,
205315,L2,L1,L3,L2,L1,L1,L2,L1,L1,C1_3,D1_1,F1_3,L2,,,,
205316,L2,L1,L3,L2,L1,L1,L2,L1,L1,C1_3,D1_1,F1_3,L3,,,,
205317,L2,L1,L3,L2,L1,L1,L2,L1,L1,C1_3,D1_2,F1_1,L1,,,,
205318,L2,L1,L3,L2,L1,L1,L2,L1,L1,C1_3,D1_2,F1_1,L2,,,,
205319,L2,L1,L3,L2,L1,L1,L2,L1,L1,C1_3,D1_2,F1_1,L3,,,,
205320,L2,L1,L3,L2,L1,L1,L2,L1,L1,C1_3,D1_2,F1_2,L1,,,,
205321,L2,L1,L3,L2,L1,L1,L2,L1,L1,C1_3,D1_2,F1_2,L2,,,,
205322,L2,L1,L3,L2,L1,L1,L2,L1,L1,C1_3,D1_2,F1_2,L3,,,,
205323,L2,L1,L3,L2,L1,L1,L2,L1,L1,C1_3,D1_2,F1_3,L1,,,,
205324,L2,L1,L3,L2,L1,L1,L2,L1,L1,C1_3,D1_2,F1_3,L2,,,,
205325,L2,L1,L3,L2,L1,L1,L2,L1,L1,C1_3,D1_2,F1_3,L3,,,,
205326,L2,L1,L3,L2,L1,L1,L2,L1,L1,C1_3,D1_3,F1_1,L1,,,,
205327,L2,L1,L3,L2,L1,L1,L2,L1,L1,C1_3,D1_3,F1_1,L2,,,,
205328,L2,L1,L3,L2,L1,L1,L2,L1,L1,C1_3,D1_3,F1_1,L3,,,,
205329,L2,L1,L3,L2,L1,L1,L2,L1,L1,C1_3,D1_3,F1_2,L1,,,,
205330,L2,L1,L3,L2,L1,L1,L2,L1,L1,C1_3,D1_3,F1_2,L2,,,,
205331,L2,L1,L3,L2,L1,L1,L2,L1,L1,C1_3,D1_3,F1_2,L3,,,,
205332,L2,L1,L3,L2,L1,L1,L2,L1,L1,C1_3,D1_3,F1_3,L1,,,,
205333,L2,L1,L3,L2,L1,L1,L2,L1,L1,C1_3,D1_3,F1_3,L2,,,,
205334,L2,L1,L3,L2,L1,L1,L2,L1,L1,C1_3,D1_3,F1_3,L3,,,,
245322,L3,L3,L2,L2,L2,L1,L2,L1,L1,C1_1,D1_1,F1_1,L1,,,,
245323,L3,L3,L2,L2,L2,L1,L2,L1,L1,C1_1,D1_1,F1_1,L2,,,,
245324,L3,L3,L2,L2,L2,L1,L2,L1,L1,C1_1,D1_1,F1_1,L3,,,,
245325,L3,L3,L2,L2,L2,L1,L2,L1,L1,C1_1,D1_1,F1_2,L1,,,,
245326,L3,L3,L2,L2,L2,L1,L2,L1,L1,C1_1,D1_1,F1_2,L2,,,,
245327,L3,L3,L2,L2,L2,L1,L2,L1,L1,C1_1,D1_1,F1_2,L3,,,,
245328,L3,L3,L2,L2,L2,L1,L2,L1,L1,C1_1,D1_1,F1_3,L1,,,,
245329,L3,L3,L2,L2,L2,L1,L2,L1,L1,C1_1,D1_1,F1_3,L2,,,,
245330,L3,L3,L2,L2,L2,L1,L2,L1,L1,C1_1,D1_1,F1_3,L3,,,,
245331,L3,L3,L2,L2,L2,L1,L2,L1,L1,C1_1,D1_2,F1_1,L1,,,,
245332,L3,L3,L2,L2,L2,L1,L2,L1,L1,C1_1,D1_2,F1_1,L2,,,,
245333,L3,L3,L2,L2,L2,L1,L2,L1,L1,C1_1,D1_2,F1_1,L3,,,,
245334,L3,L3,L2,L2,L2,L1,L2,L1,L1,C1_1,D1_2,F1_2,L1,,,,
245335,L3,L3,L2,L2,L2,L1,L2,L1,L1,C1_1,D1_2,F1_2,L2,,,,
245336,L3,L3,L2,L2,L2,L1,L2,L1,L1,C1_1,D1_2,F1_2,L3,,,,
245337,L3,L3,L2,L2,L2,L1,L2,L1,L1,C1_1,D1_2,F1_3,L1,,,,
245338,L3,L3,L2,L2,L2,L1,L2,L1,L1,C1_1,D1_2,F1_3,L2,,,,
245339,L3,L3,L2,L2,L2,L1,L2,L1,L1,C1_1,D1_2,F1_3,L3,,,,
245340,L3,L3,L2,L2,L2,L1,L2,L1,L1,C1_1,D1_3,F1_1,L1,,,,
245341,L3,L3,L2,L2,L2,L1,L2,L1,L1,C1_1,D1_3,F1_1,L2,,,,
245342,L3,L3,L2,L2,L2,L1,L2,L1,L1,C1_1,D1_3,F1_1,L3,,,,
245343,L3,L3,L2,L2,L2,L1,L2,L1,L1,C1_1,D1_3,F1_2,L1,,,,
245344,L3,L3,L2,L2,L2,L1,L2,L1,L1,C1_1,D1_3,F1_2,L2,,,,
245345,L3,L3,L2,L2,L2,L1,L2,L1,L1,C1_1,D1_3,F1_2,L3,,,,
245346,L3,L3,L2,L2,L2,L1,L2,L1,L1,C1_1,D1_3,F1_3,L1,,,,
245347,L3,L3,L2,L2,L2,L1,L2,L1,L1,C1_1,D1_3,F1_3,L2,,,,
245348,L3,L3,L2,L2,L2,L1,L2,L1,L1,C1_1,D1_3,F1_3,L3,,,,
245349,L3,L3,L2,L2,L2,L1,L2,L1,L1,C1_2,D1_1,F1_1,L1,,,,
245350,L3,L3,L2,L2,L2,L1,L2,L1,L1,C1_2,D1_1,F1_1,L2,,,,
245351,L3,L3,L2,L2,L2,L1,L2,L1,L1,C1_2,D1_1,F1_1,L3,,,,
245352,L3,L3,L2,L2,L2,L1,L2,L1,L1,C1_2,D1_1,F1_2,L1,,,,
245353,L3,L3,L2,L2,L2,L1,L2,L1,L1,C1_2,D1_1,F1_2,L2,,,,
245354,L3,L3,L2,L2,L2,L1,L2,L1,L1,C1_2,D1_1,F1_2,L3,,,,
245355,L3,L3,L2,L2,L2,L1,L2,L1,L1,C1_2,D1_1,F1_3,L1,,,,
245356,L3,L3,L2,L2,L2,L1,L2,L1,L1,C1_2,D1_1,F1_3,L2,,,,
245357,L3,L3,L2,L2,L2,L1,L2,L1,L1,C1_2,D1_1,F1_3,L3,,,,
245358,L3,L3,L2,L2,L2,L1,L2,L1,L1,C1_2,D1_2,F1_1,L1,,,,
245359,L3,L3,L2,L2,L2,L1,L2,L1,L1,C1_2,D1_2,F1_1,L2,,,,
245360,L3,L3,L2,L2,L2,L1,L2,L1,L1,C1_2,D1_2,F1_1,L3,,,,
245361,L3,L3,L2,L2,L2,L1,L2,L1,L1,C1_2,D1_2,F1_2,L1,,,,
245362,L3,L3,L2,L2,L2,L1,L2,L1,L1,C1_2,D1_2,F1_2,L2,,,,
245363,L3,L3,L2,L2,L2,L1,L2,L1,L1,C1_2,D1_2,F1_2,L3,,,,
245364,L3,L3,L2,L2,L2,L1,L2,L1,L1,C1_2,D1_2,F1_3,L1,,,,
245365,L3,L3,L2,L2,L2,L1,L2,L1,L1,C1_2,D1_2,F1_3,L2,,,,
245366,L3,L3,L2,L2,L2,L1,L2,L1,L1,C1_2,D1_2,F1_3,L3,,,,
245367,L3,L3,L2,L2,L2,L1,L2,L1,L1,C1_2,D1_3,F1_1,L1,,,,
245368,L3,L3,L2,L2,L2,L1,L2,L1,L1,C1_2,D1_3,F1_1,L2,,,,
245369,L3,L3,L2,L2,L2,L1,L2,L1,L1,C1_2,D1_3,F1_1,L3,,,,
245370,L3,L3,L2,L2,L2,L1,L2,L1,L1,C1_2,D1_3,F1_2,L1,,,,
245371,L3,L3,L2,L2,L2,L1,L2,L1,L1,C1_2,D1_3,F1_2,L2,,,,
245372,L3,L3,L2,L2,L2,L1,L2,L1,L1,C1_2,D1_3,F1_2,L3,,,,
245373,L3,L3,L2,L2,L2,L1,L2,L1,L1,C1_2,D1_3,F1_3,L1,,,,
245374,L3,L3,L2,L2,L2,L1,L2,L1,L1,C1_2,D1_3,F1_3,L2,,,,
245375,L3,L3,L2,L2,L2,L1,L2,L1,L1,C1_2,D1_3,F1_3,L3,,,,
245376,L3,L3,L2,L2,L2,L1,L2,L1,L1,C1_3,D1_1,F1_1,L1,,,,
245377,L3,L3,L2,L2,L2,L1,L2,L1,L1,C1_3,D1_1,F1_1,L2,,,,
245378,L3,L3,L2,L2,L2,L1,L2,L1,L1,C1_3,D1_1,F1_1,L3,,,,
245379,L3,L3,L2,L2,L2,L1,L2,L1,L1,C1_3,D1_1,F1_2,L1,,,,
245380,L3,L3,L2,L2,L2,L1,L2,L1,L1,C1_3,D1_1,F1_2,L2,,,,
245381,L3,L3,L2,L2,L2,L1,L2,L1,L1,C1_3,D1_1,F1_2,L3,,,,
245382,L3,L3,L2,L2,L2,L1,L2,L1,L1,C1_3,D1_1,F1_3,L1,,,,
245383,L3,L3,L2,L2,L2,L1,L2,L1,L1,C1_3,D1_1,F1_3,L2,,,,
245384,L3,L3,L2,L2,L2,L1,L2,L1,L1,C1_3,D1_1,F1_3,L3,,,,
245385,L3,L3,L2,L2,L2,L1,L2,L1,L1,C1_3,D1_2,F1_1,L1,,,,
245386,L3,L3,L2,L2,L2,L1,L2,L1,L1,C1_3,D1_2,F1_1,L2,,,,
245387,L3,L3,L2,L2,L2,L1,L2,L1,L1,C1_3,D1_2,F1_1,L3,,,,
245388,L3,L3,L2,L2,L2,L1,L2,L1,L1,C1_3,D1_2,F1_2,L1,,,,
245389,L3,L3,L2,L2,L2,L1,L2,L1,L1,C1_3,D1_2,F1_2,L2,,,,
245390,L3,L3,L2,L2,L2,L1,L2,L1,L1,C1_3,D1_2,F1_2,L3,,,,
245391,L3,L3,L2,L2,L2,L1,L2,L1,L1,C1_3,D1_2,F1_3,L1,,,,
245392,L3,L3,L2,L2,L2,L1,L2,L1,L1,C1_3,D1_2,F1_3,L2,,,,
245393,L3,L3,L2,L2,L2,L1,L2,L1,L1,C1_3,D1_2,F1_3,L3,,,,
245394,L3,L3,L2,L2,L2,L1,L2,L1,L1,C1_3,D1_3,F1_1,L1,,,,
245395,L3,L3,L2,L2,L2,L1,L2,L1,L1,C1_3,D1_3,F1_1,L2,,,,
245396,L3,L3,L2,L2,L2,L1,L2,L1,L1,C1_3,D1_3,F1_1,L3,,,,
245397,L3,L3,L2,L2,L2,L1,L2,L1,L1,C1_3,D1_3,F1_2,L1,,,,
245398,L3,L3,L2,L2,L2,L1,L2,L1,L1,C1_3,D1_3,F1_2,L2,,,,
245399,L3,L3,L2,L2,L2,L1,L2,L1,L1,C1_3,D1_3,F1_2,L3,,,,
245400,L3,L3,L2,L2,L2,L1,L2,L1,L1,C1_3,D1_3,F1_3,L1,,,,
245401,L3,L3,L2,L2,L2,L1,L2,L1,L1,C1_3,D1_3,F1_3,L2,,,,
245402,L3,L3,L2,L2,L2,L1,L2,L1,L1,C1_3,D1_3,F1_3,L3,,,,
248184,L1,L3,L2,L1,L3,L1,L2,L1,L1,C1_1,D1_1,F1_1,L1,,,,
248185,L1,L3,L2,L1,L3,L1,L2,L1,L1,C1_1,D1_1,F1_1,L2,,,,
248186,L1,L3,L2,L1,L3,L1,L2,L1,L1,C1_1,D1_1,F1_1,L3,,,,
248187,L1,L3,L2,L1,L3,L1,L2,L1,L1,C1_1,D1_1,F1_2,L1,,,,
248188,L1,L3,L2,L1,L3,L1,L2,L1,L1,C1_1,D1_1,F1_2,L2,,,,
248189,L1,L3,L2,L1,L3,L1,L2,L1,L1,C1_1,D1_1,F1_2,L3,,,,
248190,L1,L3,L2,L1,L3,L1,L2,L1,L1,C1_1,D1_1,F1_3,L1,,,,
248191,L1,L3,L2,L1,L3,L1,L2,L1,L1,C1_1,D1_1,F1_3,L2,,,,
248192,L1,L3,L2,L1,L3,L1,L2,L1,L1,C1_1,D1_1,F1_3,L3,,,,
248193,L1,L3,L2,L1,L3,L1,L2,L1,L1,C1_1,D1_2,F1_1,L1,,,,
248194,L1,L3,L2,L1,L3,L1,L2,L1,L1,C1_1,D1_2,F1_1,L2,,,,
248195,L1,L3,L2,L1,L3,L1,L2,L1,L1,C1_1,D1_2,F1_1,L3,,,,
248196,L1,L3,L2,L1,L3,L1,L2,L1,L1,C1_1,D1_2,F1_2,L1,,,,
248197,L1,L3,L2,L1,L3,L1,L2,L1,L1,C1_1,D1_2,F1_2,L2,,,,
248198,L1,L3,L2,L1,L3,L1,L2,L1,L1,C1_1,D1_2,F1_2,L3,,,,
248199,L1,L3,L2,L1,L3,L1,L2,L1,L1,C1_1,D1_2,F1_3,L1,,,,
248200,L1,L3,L2,L1,L3,L1,L2,L1,L1,C1_1,D1_2,F1_3,L2,,,,
248201,L1,L3,L2,L1,L3,L1,L2,L1,L1,C1_1,D1_2,F1_3,L3,,,,
248202,L1,L3,L2,L1,L3,L1,L2,L1,L1,C1_1,D1_3,F1_1,L1,,,,
248203,L1,L3,L2,L1,L3,L1,L2,L1,L1,C1_1,D1_3,F1_1,L2,,,,
248204,L1,L3,L2,L1,L3,L1,L2,L1,L1,C1_1,D1_3,F1_1,L3,,,,
248205,L1,L3,L2,L1,L3,L1,L2,L1,L1,C1_1,D1_3,F1_2,L1,,,,
248206,L1,L3,L2,L1,L3,L1,L2,L1,L1,C1_1,D1_3,F1_2,L2,,,,
248207,L1,L3,L2,L1,L3,L1,L2,L1,L1,C1_1,D1_3,F1_2,L3,,,,
248208,L1,L3,L2,L1,L3,L1,L2,L1,L1,C1_1,D1_3,F1_3,L1,,,,
248209,L1,L3,L2,L1,L3,L1,L2,L1,L1,C1_1,D1_3,F1_3,L2,,,,
248210,L1,L3,L2,L1,L3,L1,L2,L1,L1,C1_1,D1_3,F1_3,L3,,,,
248211,L1,L3,L2,L1,L3,L1,L2,L1,L1,C1_2,D1_1,F1_1,L1,,,,
248212,L1,L3,L2,L1,L3,L1,L2,L1,L1,C1_2,D1_1,F1_1,L2,,,,
248213,L1,L3,L2,L1,L3,L1,L2,L1,L1,C1_2,D1_1,F1_1,L3,,,,
248214,L1,L3,L2,L1,L3,L1,L2,L1,L1,C1_2,D1_1,F1_2,L1,,,,
248215,L1,L3,L2,L1,L3,L1,L2,L1,L1,C1_2,D1_1,F1_2,L2,,,,
248216,L1,L3,L2,L1,L3,L1,L2,L1,L1,C1_2,D1_1,F1_2,L3,,,,
248217,L1,L3,L2,L1,L3,L1,L2,L1,L1,C1_2,D1_1,F1_3,L1,,,,
248218,L1,L3,L2,L1,L3,L1,L2,L1,L1,C1_2,D1_1,F1_3,L2,,,,
248219,L1,L3,L2,L1,L3,L1,L2,L1,L1,C1_2,D1_1,F1_3,L3,,,,
248220,L1,L3,L2,L1,L3,L1,L2,L1,L1,C1_2,D1_2,F1_1,L1,,,,
248221,L1,L3,L2,L1,L3,L1,L2,L1,L1,C1_2,D1_2,F1_1,L2,,,,
248222,L1,L3,L2,L1,L3,L1,L2,L1,L1,C1_2,D1_2,F1_1,L3,,,,
248223,L1,L3,L2,L1,L3,L1,L2,L1,L1,C1_2,D1_2,F1_2,L1,,,,
248224,L1,L3,L2,L1,L3,L1,L2,L1,L1,C1_2,D1_2,F1_2,L2,,,,
248225,L1,L3,L2,L1,L3,L1,L2,L1,L1,C1_2,D1_2,F1_2,L3,,,,
248226,L1,L3,L2,L1,L3,L1,L2,L1,L1,C1_2,D1_2,F1_3,L1,,,,
248227,L1,L3,L2,L1,L3,L1,L2,L1,L1,C1_2,D1_2,F1_3,L2,,,,
248228,L1,L3,L2,L1,L3,L1,L2,L1,L1,C1_2,D1_2,F1_3,L3,,,,
248229,L1,L3,L2,L1,L3,L1,L2,L1,L1,C1_2,D1_3,F1_1,L1,,,,
248230,L1,L3,L2,L1,L3,L1,L2,L1,L1,C1_2,D1_3,F1_1,L2,,,,
248231,L1,L3,L2,L1,L3,L1,L2,L1,L1,C1_2,D1_3,F1_1,L3,,,,
248232,L1,L3,L2,L1,L3,L1,L2,L1,L1,C1_2,D1_3,F1_2,L1,,,,
248233,L1,L3,L2,L1,L3,L1,L2,L1,L1,C1_2,D1_3,F1_2,L2,,,,
248234,L1,L3,L2,L1,L3,L1,L2,L1,L1,C1_2,D1_3,F1_2,L3,,,,
248235,L1,L3,L2,L1,L3,L1,L2,L1,L1,C1_2,D1_3,F1_3,L1,,,,
248236,L1,L3,L2,L1,L3,L1,L2,L1,L1,C1_2,D1_3,F1_3,L2,,,,
248237,L1,L3,L2,L1,L3,L1,L2,L1,L1,C1_2,D1_3,F1_3,L3,,,,
248238,L1,L3,L2,L1,L3,L1,L2,L1,L1,C1_3,D1_1,F1_1,L1,,,,
248239,L1,L3,L2,L1,L3,L1,L2,L1,L1,C1_3,D1_1,F1_1,L2,,,,
248240,L1,L3,L2,L1,L3,L1,L2,L1,L1,C1_3,D1_1,F1_1,L3,,,,
248241,L1,L3,L2,L1,L3,L1,L2,L1,L1,C1_3,D1_1,F1_2,L1,,,,
248242,L1,L3,L2,L1,L3,L1,L2,L1,L1,C1_3,D1_1,F1_2,L2,,,,
248243,L1,L3,L2,L1,L3,L1,L2,L1,L1,C1_3,D1_1,F1_2,L3,,,,
248244,L1,L3,L2,L1,L3,L1,L2,L1,L1,C1_3,D1_1,F1_3,L1,,,,
248245,L1,L3,L2,L1,L3,L1,L2,L1,L1,C1_3,D1_1,F1_3,L2,,,,
248246,L1,L3,L2,L1,L3,L1,L2,L1,L1,C1_3,D1_1,F1_3,L3,,,,
248247,L1,L3,L2,L1,L3,L1,L2,L1,L1,C1_3,D1_2,F1_1,L1,,,,
248248,L1,L3,L2,L1,L3,L1,L2,L1,L1,C1_3,D1_2,F1_1,L2,,,,
248249,L1,L3,L2,L1,L3,L1,L2,L1,L1,C1_3,D1_2,F1_1,L3,,,,
248250,L1,L3,L2,L1,L3,L1,L2,L1,L1,C1_3,D1_2,F1_2,L1,,,,
248251,L1,L3,L2,L1,L3,L1,L2,L1,L1,C1_3,D1_2,F1_2,L2,,,,
248252,L1,L3,L2,L1,L3,L1,L2,L1,L1,C1_3,D1_2,F1_2,L3,,,,
248253,L1,L3,L2,L1,L3,L1,L2,L1,L1,C1_3,D1_2,F1_3,L1,,,,
248254,L1,L3,L2,L1,L3,L1,L2,L1,L1,C1_3,D1_2,F1_3,L2,,,,
248255,L1,L3,L2,L1,L3,L1,L2,L1,L1,C1_3,D1_2,F1_3,L3,,,,
248256,L1,L3,L2,L1,L3,L1,L2,L1,L1,C1_3,D1_3,F1_1,L1,,,,
248257,L1,L3,L2,L1,L3,L1,L2,L1,L1,C1_3,D1_3,F1_1,L2,,,,
248258,L1,L3,L2,L1,L3,L1,L2,L1,L1,C1_3,D1_3,F1_1,L3,,,,
248259,L1,L3,L2,L1,L3,L1,L2,L1,L1,C1_3,D1_3,F1_2,L1,,,,
248260,L1,L3,L2,L1,L3,L1,L2,L1,L1,C1_3,D1_3,F1_2,L2,,,,
248261,L1,L3,L2,L1,L3,L1,L2,L1,L1,C1_3,D1_3,F1_2,L3,,,,
248262,L1,L3,L2,L1,L3,L1,L2,L1,L1,C1_3,D1_3,F1_3,L1,,,,
248263,L1,L3,L2,L1,L3,L1,L2,L1,L1,C1_3,D1_3,F1_3,L2,,,,
248264,L1,L3,L2,L1,L3,L1,L2,L1,L1,C1_3,D1_3,F1_3,L3,,,,
261549,L2,L1,L2,L2,L3,L1,L2,L1,L1,C1_1,D1_1,F1_1,L1,,,,
261550,L2,L1,L2,L2,L3,L1,L2,L1,L1,C1_1,D1_1,F1_1,L2,,,,
261551,L2,L1,L2,L2,L3,L1,L2,L1,L1,C1_1,D1_1,F1_1,L3,,,,
261552,L2,L1,L2,L2,L3,L1,L2,L1,L1,C1_1,D1_1,F1_2,L1,,,,
261553,L2,L1,L2,L2,L3,L1,L2,L1,L1,C1_1,D1_1,F1_2,L2,,,,
261554,L2,L1,L2,L2,L3,L1,L2,L1,L1,C1_1,D1_1,F1_2,L3,,,,
261555,L2,L1,L2,L2,L3,L1,L2,L1,L1,C1_1,D1_1,F1_3,L1,,,,
261556,L2,L1,L2,L2,L3,L1,L2,L1,L1,C1_1,D1_1,F1_3,L2,,,,
261557,L2,L1,L2,L2,L3,L1,L2,L1,L1,C1_1,D1_1,F1_3,L3,,,,
261558,L2,L1,L2,L2,L3,L1,L2,L1,L1,C1_1,D1_2,F1_1,L1,,,,
261559,L2,L1,L2,L2,L3,L1,L2,L1,L1,C1_1,D1_2,F1_1,L2,,,,
261560,L2,L1,L2,L2,L3,L1,L2,L1,L1,C1_1,D1_2,F1_1,L3,,,,
261561,L2,L1,L2,L2,L3,L1,L2,L1,L1,C1_1,D1_2,F1_2,L1,,,,
261562,L2,L1,L2,L2,L3,L1,L2,L1,L1,C1_1,D1_2,F1_2,L2,,,,
261563,L2,L1,L2,L2,L3,L1,L2,L1,L1,C1_1,D1_2,F1_2,L3,,,,
261564,L2,L1,L2,L2,L3,L1,L2,L1,L1,C1_1,D1_2,F1_3,L1,,,,
261565,L2,L1,L2,L2,L3,L1,L2,L1,L1,C1_1,D1_2,F1_3,L2,,,,
261566,L2,L1,L2,L2,L3,L1,L2,L1,L1,C1_1,D1_2,F1_3,L3,,,,
261567,L2,L1,L2,L2,L3,L1,L2,L1,L1,C1_1,D1_3,F1_1,L1,,,,
261568,L2,L1,L2,L2,L3,L1,L2,L1,L1,C1_1,D1_3,F1_1,L2,,,,
261569,L2,L1,L2,L2,L3,L1,L2,L1,L1,C1_1,D1_3,F1_1,L3,,,,
261570,L2,L1,L2,L2,L3,L1,L2,L1,L1,C1_1,D1_3,F1_2,L1,,,,
261571,L2,L1,L2,L2,L3,L1,L2,L1,L1,C1_1,D1_3,F1_2,L2,,,,
261572,L2,L1,L2,L2,L3,L1,L2,L1,L1,C1_1,D1_3,F1_2,L3,,,,
261573,L2,L1,L2,L2,L3,L1,L2,L1,L1,C1_1,D1_3,F1_3,L1,,,,
261574,L2,L1,L2,L2,L3,L1,L2,L1,L1,C1_1,D1_3,F1_3,L2,,,,
261575,L2,L1,L2,L2,L3,L1,L2,L1,L1,C1_1,D1_3,F1_3,L3,,,,
261576,L2,L1,L2,L2,L3,L1,L2,L1,L1,C1_2,D1_1,F1_1,L1,,,,
261577,L2,L1,L2,L2,L3,L1,L2,L1,L1,C1_2,D1_1,F1_1,L2,,,,
261578,L2,L1,L2,L2,L3,L1,L2,L1,L1,C1_2,D1_1,F1_1,L3,,,,
261579,L2,L1,L2,L2,L3,L1,L2,L1,L1,C1_2,D1_1,F1_2,L1,,,,
261580,L2,L1,L2,L2,L3,L1,L2,L1,L1,C1_2,D1_1,F1_2,L2,,,,
261581,L2,L1,L2,L2,L3,L1,L2,L1,L1,C1_2,D1_1,F1_2,L3,,,,
261582,L2,L1,L2,L2,L3,L1,L2,L1,L1,C1_2,D1_1,F1_3,L1,,,,
261583,L2,L1,L2,L2,L3,L1,L2,L1,L1,C1_2,D1_1,F1_3,L2,,,,
261584,L2,L1,L2,L2,L3,L1,L2,L1,L1,C1_2,D1_1,F1_3,L3,,,,
261585,L2,L1,L2,L2,L3,L1,L2,L1,L1,C1_2,D1_2,F1_1,L1,,,,
261586,L2,L1,L2,L2,L3,L1,L2,L1,L1,C1_2,D1_2,F1_1,L2,,,,
261587,L2,L1,L2,L2,L3,L1,L2,L1,L1,C1_2,D1_2,F1_1,L3,,,,
261588,L2,L1,L2,L2,L3,L1,L2,L1,L1,C1_2,D1_2,F1_2,L1,,,,
261589,L2,L1,L2,L2,L3,L1,L2,L1,L1,C1_2,D1_2,F1_2,L2,,,,
261590,L2,L1,L2,L2,L3,L1,L2,L1,L1,C1_2,D1_2,F1_2,L3,,,,
261591,L2,L1,L2,L2,L3,L1,L2,L1,L1,C1_2,D1_2,F1_3,L1,,,,
261592,L2,L1,L2,L2,L3,L1,L2,L1,L1,C1_2,D1_2,F1_3,L2,,,,
261593,L2,L1,L2,L2,L3,L1,L2,L1,L1,C1_2,D1_2,F1_3,L3,,,,
261594,L2,L1,L2,L2,L3,L1,L2,L1,L1,C1_2,D1_3,F1_1,L1,,,,
261595,L2,L1,L2,L2,L3,L1,L2,L1,L1,C1_2,D1_3,F1_1,L2,,,,
261596,L2,L1,L2,L2,L3,L1,L2,L1,L1,C1_2,D1_3,F1_1,L3,,,,
261597,L2,L1,L2,L2,L3,L1,L2,L1,L1,C1_2,D1_3,F1_2,L1,,,,
261598,L2,L1,L2,L2,L3,L1,L2,L1,L1,C1_2,D1_3,F1_2,L2,,,,
261599,L2,L1,L2,L2,L3,L1,L2,L1,L1,C1_2,D1_3,F1_2,L3,,,,
261600,L2,L1,L2,L2,L3,L1,L2,L1,L1,C1_2,D1_3,F1_3,L1,,,,
261601,L2,L1,L2,L2,L3,L1,L2,L1,L1,C1_2,D1_3,F1_3,L2,,,,
261602,L2,L1,L2,L2,L3,L1,L2,L1,L1,C1_2,D1_3,F1_3,L3,,,,
261603,L2,L1,L2,L2,L3,L1,L2,L1,L1,C1_3,D1_1,F1_1,L1,,,,
261604,L2,L1,L2,L2,L3,L1,L2,L1,L1,C1_3,D1_1,F1_1,L2,,,,
261605,L2,L1,L2,L2,L3,L1,L2,L1,L1,C1_3,D1_1,F1_1,L3,,,,
261606,L2,L1,L2,L2,L3,L1,L2,L1,L1,C1_3,D1_1,F1_2,L1,,,,
261607,L2,L1,L2,L2,L3,L1,L2,L1,L1,C1_3,D1_1,F1_2,L2,,,,
261608,L2,L1,L2,L2,L3,L1,L2,L1,L1,C1_3,D1_1,F1_2,L3,,,,
261609,L2,L1,L2,L2,L3,L1,L2,L1,L1,C1_3,D1_1,F1_3,L1,,,,
261610,L2,L1,L2,L2,L3,L1,L2,L1,L1,C1_3,D1_1,F1_3,L2,,,,
261611,L2,L1,L2,L2,L3,L1,L2,L1,L1,C1_3,D1_1,F1_3,L3,,,,
261612,L2,L1,L2,L2,L3,L1,L2,L1,L1,C1_3,D1_2,F1_1,L1,,,,
261613,L2,L1,L2,L2,L3,L1,L2,L1,L1,C1_3,D1_2,F1_1,L2,,,,
261614,L2,L1,L2,L2,L3,L1,L2,L1,L1,C1_3,D1_2,F1_1,L3,,,,
261615,L2,L1,L2,L2,L3,L1,L2,L1,L1,C1_3,D1_2,F1_2,L1,,,,
261616,L2,L1,L2,L2,L3,L1,L2,L1,L1,C1_3,D1_2,F1_2,L2,,,,
261617,L2,L1,L2,L2,L3,L1,L2,L1,L1,C1_3,D1_2,F1_2,L3,,,,
261618,L2,L1,L2,L2,L3,L1,L2,L1,L1,C1_3,D1_2,F1_3,L1,,,,
261619,L2,L1,L2,L2,L3,L1,L2,L1,L1,C1_3,D1_2,F1_3,L2,,,,
261620,L2,L1,L2,L2,L3,L1,L2,L1,L1,C1_3,D1_2,F1_3,L3,,,,
261621,L2,L1,L2,L2,L3,L1,L2,L1,L1,C1_3,D1_3,F1_1,L1,,,,
261622,L2,L1,L2,L2,L3,L1,L2,L1,L1,C1_3,D1_3,F1_1,L2,,,,
261623,L2,L1,L2,L2,L3,L1,L2,L1,L1,C1_3,D1_3,F1_1,L3,,,,
261624,L2,L1,L2,L2,L3,L1,L2,L1,L1,C1_3,D1_3,F1_2,L1,,,,
261625,L2,L1,L2,L2,L3,L1,L2,L1,L1,C1_3,D1_3,F1_2,L2,,,,
261626,L2,L1,L2,L2,L3,L1,L2,L1,L1,C1_3,D1_3,F1_2,L3,,,,
261627,L2,L1,L2,L2,L3,L1,L2,L1,L1,C1_3,D1_3,F1_3,L1,,,,
261628,L2,L1,L2,L2,L3,L1,L2,L1,L1,C1_3,D1_3,F1_3,L2,,,,
261629,L2,L1,L2,L2,L3,L1,L2,L1,L1,C1_3,D1_3,F1_3,L3,,,,
266787,L2,L2,L3,L2,L2,L1,L2,L1,L1,C1_1,D1_1,F1_1,L1,,,,
266788,L2,L2,L3,L2,L2,L1,L2,L1,L1,C1_1,D1_1,F1_1,L2,,,,
266789,L2,L2,L3,L2,L2,L1,L2,L1,L1,C1_1,D1_1,F1_1,L3,,,,
266790,L2,L2,L3,L2,L2,L1,L2,L1,L1,C1_1,D1_1,F1_2,L1,,,,
266791,L2,L2,L3,L2,L2,L1,L2,L1,L1,C1_1,D1_1,F1_2,L2,,,,
266792,L2,L2,L3,L2,L2,L1,L2,L1,L1,C1_1,D1_1,F1_2,L3,,,,
266793,L2,L2,L3,L2,L2,L1,L2,L1,L1,C1_1,D1_1,F1_3,L1,,,,
266794,L2,L2,L3,L2,L2,L1,L2,L1,L1,C1_1,D1_1,F1_3,L2,,,,
266795,L2,L2,L3,L2,L2,L1,L2,L1,L1,C1_1,D1_1,F1_3,L3,,,,
266796,L2,L2,L3,L2,L2,L1,L2,L1,L1,C1_1,D1_2,F1_1,L1,,,,
266797,L2,L2,L3,L2,L2,L1,L2,L1,L1,C1_1,D1_2,F1_1,L2,,,,
266798,L2,L2,L3,L2,L2,L1,L2,L1,L1,C1_1,D1_2,F1_1,L3,,,,
266799,L2,L2,L3,L2,L2,L1,L2,L1,L1,C1_1,D1_2,F1_2,L1,,,,
266800,L2,L2,L3,L2,L2,L1,L2,L1,L1,C1_1,D1_2,F1_2,L2,,,,
266801,L2,L2,L3,L2,L2,L1,L2,L1,L1,C1_1,D1_2,F1_2,L3,,,,
266802,L2,L2,L3,L2,L2,L1,L2,L1,L1,C1_1,D1_2,F1_3,L1,,,,
266803,L2,L2,L3,L2,L2,L1,L2,L1,L1,C1_1,D1_2,F1_3,L2,,,,
266804,L2,L2,L3,L2,L2,L1,L2,L1,L1,C1_1,D1_2,F1_3,L3,,,,
266805,L2,L2,L3,L2,L2,L1,L2,L1,L1,C1_1,D1_3,F1_1,L1,,,,
266806,L2,L2,L3,L2,L2,L1,L2,L1,L1,C1_1,D1_3,F1_1,L2,,,,
266807,L2,L2,L3,L2,L2,L1,L2,L1,L1,C1_1,D1_3,F1_1,L3,,,,
266808,L2,L2,L3,L2,L2,L1,L2,L1,L1,C1_1,D1_3,F1_2,L1,,,,
266809,L2,L2,L3,L2,L2,L1,L2,L1,L1,C1_1,D1_3,F1_2,L2,,,,
266810,L2,L2,L3,L2,L2,L1,L2,L1,L1,C1_1,D1_3,F1_2,L3,,,,
266811,L2,L2,L3,L2,L2,L1,L2,L1,L1,C1_1,D1_3,F1_3,L1,,,,
266812,L2,L2,L3,L2,L2,L1,L2,L1,L1,C1_1,D1_3,F1_3,L2,,,,
266813,L2,L2,L3,L2,L2,L1,L2,L1,L1,C1_1,D1_3,F1_3,L3,,,,
266814,L2,L2,L3,L2,L2,L1,L2,L1,L1,C1_2,D1_1,F1_1,L1,,,,
266815,L2,L2,L3,L2,L2,L1,L2,L1,L1,C1_2,D1_1,F1_1,L2,,,,
266816,L2,L2,L3,L2,L2,L1,L2,L1,L1,C1_2,D1_1,F1_1,L3,,,,
266817,L2,L2,L3,L2,L2,L1,L2,L1,L1,C1_2,D1_1,F1_2,L1,,,,
266818,L2,L2,L3,L2,L2,L1,L2,L1,L1,C1_2,D1_1,F1_2,L2,,,,
266819,L2,L2,L3,L2,L2,L1,L2,L1,L1,C1_2,D1_1,F1_2,L3,,,,
266820,L2,L2,L3,L2,L2,L1,L2,L1,L1,C1_2,D1_1,F1_3,L1,,,,
266821,L2,L2,L3,L2,L2,L1,L2,L1,L1,C1_2,D1_1,F1_3,L2,,,,
266822,L2,L2,L3,L2,L2,L1,L2,L1,L1,C1_2,D1_1,F1_3,L3,,,,
266823,L2,L2,L3,L2,L2,L1,L2,L1,L1,C1_2,D1_2,F1_1,L1,,,,
266824,L2,L2,L3,L2,L2,L1,L2,L1,L1,C1_2,D1_2,F1_1,L2,,,,
266825,L2,L2,L3,L2,L2,L1,L2,L1,L1,C1_2,D1_2,F1_1,L3,,,,
266826,L2,L2,L3,L2,L2,L1,L2,L1,L1,C1_2,D1_2,F1_2,L1,,,,
266827,L2,L2,L3,L2,L2,L1,L2,L1,L1,C1_2,D1_2,F1_2,L2,,,,
266828,L2,L2,L3,L2,L2,L1,L2,L1,L1,C1_2,D1_2,F1_2,L3,,,,
266829,L2,L2,L3,L2,L2,L1,L2,L1,L1,C1_2,D1_2,F1_3,L1,,,,
266830,L2,L2,L3,L2,L2,L1,L2,L1,L1,C1_2,D1_2,F1_3,L2,,,,
266831,L2,L2,L3,L2,L2,L1,L2,L1,L1,C1_2,D1_2,F1_3,L3,,,,
266832,L2,L2,L3,L2,L2,L1,L2,L1,L1,C1_2,D1_3,F1_1,L1,,,,
266833,L2,L2,L3,L2,L2,L1,L2,L1,L1,C1_2,D1_3,F1_1,L2,,,,
266834,L2,L2,L3,L2,L2,L1,L2,L1,L1,C1_2,D1_3,F1_1,L3,,,,
266835,L2,L2,L3,L2,L2,L1,L2,L1,L1,C1_2,D1_3,F1_2,L1,,,,
266836,L2,L2,L3,L2,L2,L1,L2,L1,L1,C1_2,D1_3,F1_2,L2,,,,
266837,L2,L2,L3,L2,L2,L1,L2,L1,L1,C1_2,D1_3,F1_2,L3,,,,
266838,L2,L2,L3,L2,L2,L1,L2,L1,L1,C1_2,D1_3,F1_3,L1,,,,
266839,L2,L2,L3,L2,L2,L1,L2,L1,L1,C1_2,D1_3,F1_3,L2,,,,
266840,L2,L2,L3,L2,L2,L1,L2,L1,L1,C1_2,D1_3,F1_3,L3,,,,
266841,L2,L2,L3,L2,L2,L1,L2,L1,L1,C1_3,D1_1,F1_1,L1,,,,
266842,L2,L2,L3,L2,L2,L1,L2,L1,L1,C1_3,D1_1,F1_1,L2,,,,
266843,L2,L2,L3,L2,L2,L1,L2,L1,L1,C1_3,D1_1,F1_1,L3,,,,
266844,L2,L2,L3,L2,L2,L1,L2,L1,L1,C1_3,D1_1,F1_2,L1,,,,
266845,L2,L2,L3,L2,L2,L1,L2,L1,L1,C1_3,D1_1,F1_2,L2,,,,
266846,L2,L2,L3,L2,L2,L1,L2,L1,L1,C1_3,D1_1,F1_2,L3,,,,
266847,L2,L2,L3,L2,L2,L1,L2,L1,L1,C1_3,D1_1,F1_3,L1,,,,
266848,L2,L2,L3,L2,L2,L1,L2,L1,L1,C1_3,D1_1,F1_3,L2,,,,
266849,L2,L2,L3,L2,L2,L1,L2,L1,L1,C1_3,D1_1,F1_3,L3,,,,
266850,L2,L2,L3,L2,L2,L1,L2,L1,L1,C1_3,D1_2,F1_1,L1,,,,
266851,L2,L2,L3,L2,L2,L1,L2,L1,L1,C1_3,D1_2,F1_1,L2,,,,
266852,L2,L2,L3,L2,L2,L1,L2,L1,L1,C1_3,D1_2,F1_1,L3,,,,
266853,L2,L2,L3,L2,L2,L1,L2,L1,L1,C1_3,D1_2,F1_2,L1,,,,
266854,L2,L2,L3,L2,L2,L1,L2,L1,L1,C1_3,D1_2,F1_2,L2,,,,
266855,L2,L2,L3,L2,L2,L1,L2,L1,L1,C1_3,D1_2,F1_2,L3,,,,
266856,L2,L2,L3,L2,L2,L1,L2,L1,L1,C1_3,D1_2,F1_3,L1,,,,
266857,L2,L2,L3,L2,L2,L1,L2,L1,L1,C1_3,D1_2,F1_3,L2,,,,
266858,L2,L2,L3,L2,L2,L1,L2,L1,L1,C1_3,D1_2,F1_3,L3,,,,
266859,L2,L2,L3,L2,L2,L1,L2,L1,L1,C1_3,D1_3,F1_1,L1,,,,
266860,L2,L2,L3,L2,L2,L1,L2,L1,L1,C1_3,D1_3,F1_1,L2,,,,
266861,L2,L2,L3,L2,L2,L1,L2,L1,L1,C1_3,D1_3,F1_1,L3,,,,
266862,L2,L2,L3,L2,L2,L1,L2,L1,L1,C1_3,D1_3,F1_2,L1,,,,
266863,L2,L2,L3,L2,L2,L1,L2,L1,L1,C1_3,D1_3,F1_2,L2,,,,
266864,L2,L2,L3,L2,L2,L1,L2,L1,L1,C1_3,D1_3,F1_2,L3,,,,
266865,L2,L2,L3,L2,L2,L1,L2,L1,L1,C1_3,D1_3,F1_3,L1,,,,
266866,L2,L2,L3,L2,L2,L1,L2,L1,L1,C1_3,D1_3,F1_3,L2,,,,
266867,L2,L2,L3,L2,L2,L1,L2,L1,L1,C1_3,D1_3,F1_3,L3,,,,
274617,L1,L1,L2,L1,L1,L1,L2,L1,L1,C1_1,D1_1,F1_1,L1,,,,
274618,L1,L1,L2,L1,L1,L1,L2,L1,L1,C1_1,D1_1,F1_1,L2,,,,
274619,L1,L1,L2,L1,L1,L1,L2,L1,L1,C1_1,D1_1,F1_1,L3,,,,
274620,L1,L1,L2,L1,L1,L1,L2,L1,L1,C1_1,D1_1,F1_2,L1,,,,
274621,L1,L1,L2,L1,L1,L1,L2,L1,L1,C1_1,D1_1,F1_2,L2,,,,
274622,L1,L1,L2,L1,L1,L1,L2,L1,L1,C1_1,D1_1,F1_2,L3,,,,
274623,L1,L1,L2,L1,L1,L1,L2,L1,L1,C1_1,D1_1,F1_3,L1,,,,
274624,L1,L1,L2,L1,L1,L1,L2,L1,L1,C1_1,D1_1,F1_3,L2,,,,
274625,L1,L1,L2,L1,L1,L1,L2,L1,L1,C1_1,D1_1,F1_3,L3,,,,
274626,L1,L1,L2,L1,L1,L1,L2,L1,L1,C1_1,D1_2,F1_1,L1,,,,
274627,L1,L1,L2,L1,L1,L1,L2,L1,L1,C1_1,D1_2,F1_1,L2,,,,
274628,L1,L1,L2,L1,L1,L1,L2,L1,L1,C1_1,D1_2,F1_1,L3,,,,
274629,L1,L1,L2,L1,L1,L1,L2,L1,L1,C1_1,D1_2,F1_2,L1,,,,
274630,L1,L1,L2,L1,L1,L1,L2,L1,L1,C1_1,D1_2,F1_2,L2,,,,
274631,L1,L1,L2,L1,L1,L1,L2,L1,L1,C1_1,D1_2,F1_2,L3,,,,
274632,L1,L1,L2,L1,L1,L1,L2,L1,L1,C1_1,D1_2,F1_3,L1,,,,
274633,L1,L1,L2,L1,L1,L1,L2,L1,L1,C1_1,D1_2,F1_3,L2,,,,
274634,L1,L1,L2,L1,L1,L1,L2,L1,L1,C1_1,D1_2,F1_3,L3,,,,
274635,L1,L1,L2,L1,L1,L1,L2,L1,L1,C1_1,D1_3,F1_1,L1,,,,
274636,L1,L1,L2,L1,L1,L1,L2,L1,L1,C1_1,D1_3,F1_1,L2,,,,
274637,L1,L1,L2,L1,L1,L1,L2,L1,L1,C1_1,D1_3,F1_1,L3,,,,
274638,L1,L1,L2,L1,L1,L1,L2,L1,L1,C1_1,D1_3,F1_2,L1,,,,
274639,L1,L1,L2,L1,L1,L1,L2,L1,L1,C1_1,D1_3,F1_2,L2,,,,
274640,L1,L1,L2,L1,L1,L1,L2,L1,L1,C1_1,D1_3,F1_2,L3,,,,
274641,L1,L1,L2,L1,L1,L1,L2,L1,L1,C1_1,D1_3,F1_3,L1,,,,
274642,L1,L1,L2,L1,L1,L1,L2,L1,L1,C1_1,D1_3,F1_3,L2,,,,
274643,L1,L1,L2,L1,L1,L1,L2,L1,L1,C1_1,D1_3,F1_3,L3,,,,
274644,L1,L1,L2,L1,L1,L1,L2,L1,L1,C1_2,D1_1,F1_1,L1,,,,
274645,L1,L1,L2,L1,L1,L1,L2,L1,L1,C1_2,D1_1,F1_1,L2,,,,
274646,L1,L1,L2,L1,L1,L1,L2,L1,L1,C1_2,D1_1,F1_1,L3,,,,
274647,L1,L1,L2,L1,L1,L1,L2,L1,L1,C1_2,D1_1,F1_2,L1,,,,
274648,L1,L1,L2,L1,L1,L1,L2,L1,L1,C1_2,D1_1,F1_2,L2,,,,
274649,L1,L1,L2,L1,L1,L1,L2,L1,L1,C1_2,D1_1,F1_2,L3,,,,
274650,L1,L1,L2,L1,L1,L1,L2,L1,L1,C1_2,D1_1,F1_3,L1,,,,
274651,L1,L1,L2,L1,L1,L1,L2,L1,L1,C1_2,D1_1,F1_3,L2,,,,
274652,L1,L1,L2,L1,L1,L1,L2,L1,L1,C1_2,D1_1,F1_3,L3,,,,
274653,L1,L1,L2,L1,L1,L1,L2,L1,L1,C1_2,D1_2,F1_1,L1,,,,
274654,L1,L1,L2,L1,L1,L1,L2,L1,L1,C1_2,D1_2,F1_1,L2,,,,
274655,L1,L1,L2,L1,L1,L1,L2,L1,L1,C1_2,D1_2,F1_1,L3,,,,
274656,L1,L1,L2,L1,L1,L1,L2,L1,L1,C1_2,D1_2,F1_2,L1,,,,
274657,L1,L1,L2,L1,L1,L1,L2,L1,L1,C1_2,D1_2,F1_2,L2,,,,
274658,L1,L1,L2,L1,L1,L1,L2,L1,L1,C1_2,D1_2,F1_2,L3,,,,
274659,L1,L1,L2,L1,L1,L1,L2,L1,L1,C1_2,D1_2,F1_3,L1,,,,
274660,L1,L1,L2,L1,L1,L1,L2,L1,L1,C1_2,D1_2,F1_3,L2,,,,
274661,L1,L1,L2,L1,L1,L1,L2,L1,L1,C1_2,D1_2,F1_3,L3,,,,
274662,L1,L1,L2,L1,L1,L1,L2,L1,L1,C1_2,D1_3,F1_1,L1,,,,
274663,L1,L1,L2,L1,L1,L1,L2,L1,L1,C1_2,D1_3,F1_1,L2,,,,
274664,L1,L1,L2,L1,L1,L1,L2,L1,L1,C1_2,D1_3,F1_1,L3,,,,
274665,L1,L1,L2,L1,L1,L1,L2,L1,L1,C1_2,D1_3,F1_2,L1,,,,
274666,L1,L1,L2,L1,L1,L1,L2,L1,L1,C1_2,D1_3,F1_2,L2,,,,
274667,L1,L1,L2,L1,L1,L1,L2,L1,L1,C1_2,D1_3,F1_2,L3,,,,
274668,L1,L1,L2,L1,L1,L1,L2,L1,L1,C1_2,D1_3,F1_3,L1,,,,
274669,L1,L1,L2,L1,L1,L1,L2,L1,L1,C1_2,D1_3,F1_3,L2,,,,
274670,L1,L1,L2,L1,L1,L1,L2,L1,L1,C1_2,D1_3,F1_3,L3,,,,
274671,L1,L1,L2,L1,L1,L1,L2,L1,L1,C1_3,D1_1,F1_1,L1,,,,
274672,L1,L1,L2,L1,L1,L1,L2,L1,L1,C1_3,D1_1,F1_1,L2,,,,
274673,L1,L1,L2,L1,L1,L1,L2,L1,L1,C1_3,D1_1,F1_1,L3,,,,
274674,L1,L1,L2,L1,L1,L1,L2,L1,L1,C1_3,D1_1,F1_2,L1,,,,
274675,L1,L1,L2,L1,L1,L1,L2,L1,L1,C1_3,D1_1,F1_2,L2,,,,
274676,L1,L1,L2,L1,L1,L1,L2,L1,L1,C1_3,D1_1,F1_2,L3,,,,
274677,L1,L1,L2,L1,L1,L1,L2,L1,L1,C1_3,D1_1,F1_3,L1,,,,
274678,L1,L1,L2,L1,L1,L1,L2,L1,L1,C1_3,D1_1,F1_3,L2,,,,
274679,L1,L1,L2,L1,L1,L1,L2,L1,L1,C1_3,D1_1,F1_3,L3,,,,
274680,L1,L1,L2,L1,L1,L1,L2,L1,L1,C1_3,D1_2,F1_1,L1,,,,
274681,L1,L1,L2,L1,L1,L1,L2,L1,L1,C1_3,D1_2,F1_1,L2,,,,
274682,L1,L1,L2,L1,L1,L1,L2,L1,L1,C1_3,D1_2,F1_1,L3,,,,
274683,L1,L1,L2,L1,L1,L1,L2,L1,L1,C1_3,D1_2,F1_2,L1,,,,
274684,L1,L1,L2,L1,L1,L1,L2,L1,L1,C1_3,D1_2,F1_2,L2,,,,
274685,L1,L1,L2,L1,L1,L1,L2,L1,L1,C1_3,D1_2,F1_2,L3,,,,
274686,L1,L1,L2,L1,L1,L1,L2,L1,L1,C1_3,D1_2,F1_3,L1,,,,
274687,L1,L1,L2,L1,L1,L1,L2,L1,L1,C1_3,D1_2,F1_3,L2,,,,
274688,L1,L1,L2,L1,L1,L1,L2,L1,L1,C1_3,D1_2,F1_3,L3,,,,
274689,L1,L1,L2,L1,L1,L1,L2,L1,L1,C1_3,D1_3,F1_1,L1,,,,
274690,L1,L1,L2,L1,L1,L1,L2,L1,L1,C1_3,D1_3,F1_1,L2,,,,
274691,L1,L1,L2,L1,L1,L1,L2,L1,L1,C1_3,D1_3,F1_1,L3,,,,
274692,L1,L1,L2,L1,L1,L1,L2,L1,L1,C1_3,D1_3,F1_2,L1,,,,
274693,L1,L1,L2,L1,L1,L1,L2,L1,L1,C1_3,D1_3,F1_2,L2,,,,
274694,L1,L1,L2,L1,L1,L1,L2,L1,L1,C1_3,D1_3,F1_2,L3,,,,
274695,L1,L1,L2,L1,L1,L1,L2,L1,L1,C1_3,D1_3,F1_3,L1,,,,
274696,L1,L1,L2,L1,L1,L1,L2,L1,L1,C1_3,D1_3,F1_3,L2,,,,
274697,L1,L1,L2,L1,L1,L1,L2,L1,L1,C1_3,D1_3,F1_3,L3,,,,
282123,L1,L3,L3,L1,L2,L1,L2,L1,L1,C1_1,D1_1,F1_1,L1,,,,
282124,L1,L3,L3,L1,L2,L1,L2,L1,L1,C1_1,D1_1,F1_1,L2,,,,
282125,L1,L3,L3,L1,L2,L1,L2,L1,L1,C1_1,D1_1,F1_1,L3,,,,
282126,L1,L3,L3,L1,L2,L1,L2,L1,L1,C1_1,D1_1,F1_2,L1,,,,
282127,L1,L3,L3,L1,L2,L1,L2,L1,L1,C1_1,D1_1,F1_2,L2,,,,
282128,L1,L3,L3,L1,L2,L1,L2,L1,L1,C1_1,D1_1,F1_2,L3,,,,
282129,L1,L3,L3,L1,L2,L1,L2,L1,L1,C1_1,D1_1,F1_3,L1,,,,
282130,L1,L3,L3,L1,L2,L1,L2,L1,L1,C1_1,D1_1,F1_3,L2,,,,
282131,L1,L3,L3,L1,L2,L1,L2,L1,L1,C1_1,D1_1,F1_3,L3,,,,
282132,L1,L3,L3,L1,L2,L1,L2,L1,L1,C1_1,D1_2,F1_1,L1,,,,
282133,L1,L3,L3,L1,L2,L1,L2,L1,L1,C1_1,D1_2,F1_1,L2,,,,
282134,L1,L3,L3,L1,L2,L1,L2,L1,L1,C1_1,D1_2,F1_1,L3,,,,
282135,L1,L3,L3,L1,L2,L1,L2,L1,L1,C1_1,D1_2,F1_2,L1,,,,
282136,L1,L3,L3,L1,L2,L1,L2,L1,L1,C1_1,D1_2,F1_2,L2,,,,
282137,L1,L3,L3,L1,L2,L1,L2,L1,L1,C1_1,D1_2,F1_2,L3,,,,
282138,L1,L3,L3,L1,L2,L1,L2,L1,L1,C1_1,D1_2,F1_3,L1,,,,
282139,L1,L3,L3,L1,L2,L1,L2,L1,L1,C1_1,D1_2,F1_3,L2,,,,
282140,L1,L3,L3,L1,L2,L1,L2,L1,L1,C1_1,D1_2,F1_3,L3,,,,
282141,L1,L3,L3,L1,L2,L1,L2,L1,L1,C1_1,D1_3,F1_1,L1,,,,
282142,L1,L3,L3,L1,L2,L1,L2,L1,L1,C1_1,D1_3,F1_1,L2,,,,
282143,L1,L3,L3,L1,L2,L1,L2,L1,L1,C1_1,D1_3,F1_1,L3,,,,
282144,L1,L3,L3,L1,L2,L1,L2,L1,L1,C1_1,D1_3,F1_2,L1,,,,
282145,L1,L3,L3,L1,L2,L1,L2,L1,L1,C1_1,D1_3,F1_2,L2,,,,
282146,L1,L3,L3,L1,L2,L1,L2,L1,L1,C1_1,D1_3,F1_2,L3,,,,
282147,L1,L3,L3,L1,L2,L1,L2,L1,L1,C1_1,D1_3,F1_3,L1,,,,
282148,L1,L3,L3,L1,L2,L1,L2,L1,L1,C1_1,D1_3,F1_3,L2,,,,
282149,L1,L3,L3,L1,L2,L1,L2,L1,L1,C1_1,D1_3,F1_3,L3,,,,
282150,L1,L3,L3,L1,L2,L1,L2,L1,L1,C1_2,D1_1,F1_1,L1,,,,
282151,L1,L3,L3,L1,L2,L1,L2,L1,L1,C1_2,D1_1,F1_1,L2,,,,
282152,L1,L3,L3,L1,L2,L1,L2,L1,L1,C1_2,D1_1,F1_1,L3,,,,
282153,L1,L3,L3,L1,L2,L1,L2,L1,L1,C1_2,D1_1,F1_2,L1,,,,
282154,L1,L3,L3,L1,L2,L1,L2,L1,L1,C1_2,D1_1,F1_2,L2,,,,
282155,L1,L3,L3,L1,L2,L1,L2,L1,L1,C1_2,D1_1,F1_2,L3,,,,
282156,L1,L3,L3,L1,L2,L1,L2,L1,L1,C1_2,D1_1,F1_3,L1,,,,
282157,L1,L3,L3,L1,L2,L1,L2,L1,L1,C1_2,D1_1,F1_3,L2,,,,
282158,L1,L3,L3,L1,L2,L1,L2,L1,L1,C1_2,D1_1,F1_3,L3,,,,
282159,L1,L3,L3,L1,L2,L1,L2,L1,L1,C1_2,D1_2,F1_1,L1,,,,
282160,L1,L3,L3,L1,L2,L1,L2,L1,L1,C1_2,D1_2,F1_1,L2,,,,
282161,L1,L3,L3,L1,L2,L1,L2,L1,L1,C1_2,D1_2,F1_1,L3,,,,
282162,L1,L3,L3,L1,L2,L1,L2,L1,L1,C1_2,D1_2,F1_2,L1,,,,
282163,L1,L3,L3,L1,L2,L1,L2,L1,L1,C1_2,D1_2,F1_2,L2,,,,
282164,L1,L3,L3,L1,L2,L1,L2,L1,L1,C1_2,D1_2,F1_2,L3,,,,
282165,L1,L3,L3,L1,L2,L1,L2,L1,L1,C1_2,D1_2,F1_3,L1,,,,
282166,L1,L3,L3,L1,L2,L1,L2,L1,L1,C1_2,D1_2,F1_3,L2,,,,
282167,L1,L3,L3,L1,L2,L1,L2,L1,L1,C1_2,D1_2,F1_3,L3,,,,
282168,L1,L3,L3,L1,L2,L1,L2,L1,L1,C1_2,D1_3,F1_1,L1,,,,
282169,L1,L3,L3,L1,L2,L1,L2,L1,L1,C1_2,D1_3,F1_1,L2,,,,
282170,L1,L3,L3,L1,L2,L1,L2,L1,L1,C1_2,D1_3,F1_1,L3,,,,
282171,L1,L3,L3,L1,L2,L1,L2,L1,L1,C1_2,D1_3,F1_2,L1,,,,
282172,L1,L3,L3,L1,L2,L1,L2,L1,L1,C1_2,D1_3,F1_2,L2,,,,
282173,L1,L3,L3,L1,L2,L1,L2,L1,L1,C1_2,D1_3,F1_2,L3,,,,
282174,L1,L3,L3,L1,L2,L1,L2,L1,L1,C1_2,D1_3,F1_3,L1,,,,
282175,L1,L3,L3,L1,L2,L1,L2,L1,L1,C1_2,D1_3,F1_3,L2,,,,
282176,L1,L3,L3,L1,L2,L1,L2,L1,L1,C1_2,D1_3,F1_3,L3,,,,
282177,L1,L3,L3,L1,L2,L1,L2,L1,L1,C1_3,D1_1,F1_1,L1,,,,
282178,L1,L3,L3,L1,L2,L1,L2,L1,L1,C1_3,D1_1,F1_1,L2,,,,
282179,L1,L3,L3,L1,L2,L1,L2,L1,L1,C1_3,D1_1,F1_1,L3,,,,
282180,L1,L3,L3,L1,L2,L1,L2,L1,L1,C1_3,D1_1,F1_2,L1,,,,
282181,L1,L3,L3,L1,L2,L1,L2,L1,L1,C1_3,D1_1,F1_2,L2,,,,
282182,L1,L3,L3,L1,L2,L1,L2,L1,L1,C1_3,D1_1,F1_2,L3,,,,
282183,L1,L3,L3,L1,L2,L1,L2,L1,L1,C1_3,D1_1,F1_3,L1,,,,
282184,L1,L3,L3,L1,L2,L1,L2,L1,L1,C1_3,D1_1,F1_3,L2,,,,
282185,L1,L3,L3,L1,L2,L1,L2,L1,L1,C1_3,D1_1,F1_3,L3,,,,
282186,L1,L3,L3,L1,L2,L1,L2,L1,L1,C1_3,D1_2,F1_1,L1,,,,
282187,L1,L3,L3,L1,L2,L1,L2,L1,L1,C1_3,D1_2,F1_1,L2,,,,
282188,L1,L3,L3,L1,L2,L1,L2,L1,L1,C1_3,D1_2,F1_1,L3,,,,
282189,L1,L3,L3,L1,L2,L1,L2,L1,L1,C1_3,D1_2,F1_2,L1,,,,
282190,L1,L3,L3,L1,L2,L1,L2,L1,L1,C1_3,D1_2,F1_2,L2,,,,
282191,L1,L3,L3,L1,L2,L1,L2,L1,L1,C1_3,D1_2,F1_2,L3,,,,
282192,L1,L3,L3,L1,L2,L1,L2,L1,L1,C1_3,D1_2,F1_3,L1,,,,
282193,L1,L3,L3,L1,L2,L1,L2,L1,L1,C1_3,D1_2,F1_3,L2,,,,
282194,L1,L3,L3,L1,L2,L1,L2,L1,L1,C1_3,D1_2,F1_3,L3,,,,
282195,L1,L3,L3,L1,L2,L1,L2,L1,L1,C1_3,D1_3,F1_1,L1,,,,
282196,L1,L3,L3,L1,L2,L1,L2,L1,L1,C1_3,D1_3,F1_1,L2,,,,
282197,L1,L3,L3,L1,L2,L1,L2,L1,L1,C1_3,D1_3,F1_1,L3,,,,
282198,L1,L3,L3,L1,L2,L1,L2,L1,L1,C1_3,D1_3,F1_2,L1,,,,
282199,L1,L3,L3,L1,L2,L1,L2,L1,L1,C1_3,D1_3,F1_2,L2,,,,
282200,L1,L3,L3,L1,L2,L1,L2,L1,L1,C1_3,D1_3,F1_2,L3,,,,
282201,L1,L3,L3,L1,L2,L1,L2,L1,L1,C1_3,D1_3,F1_3,L1,,,,
282202,L1,L3,L3,L1,L2,L1,L2,L1,L1,C1_3,D1_3,F1_3,L2,,,,
282203,L1,L3,L3,L1,L2,L1,L2,L1,L1,C1_3,D1_3,F1_3,L3,,,,
285147,L1,L3,L2,L2,L1,L1,L2,L1,L1,C1_1,D1_1,F1_1,L1,,,,
285148,L1,L3,L2,L2,L1,L1,L2,L1,L1,C1_1,D1_1,F1_1,L2,,,,
285149,L1,L3,L2,L2,L1,L1,L2,L1,L1,C1_1,D1_1,F1_1,L3,,,,
285150,L1,L3,L2,L2,L1,L1,L2,L1,L1,C1_1,D1_1,F1_2,L1,,,,
285151,L1,L3,L2,L2,L1,L1,L2,L1,L1,C1_1,D1_1,F1_2,L2,,,,
285152,L1,L3,L2,L2,L1,L1,L2,L1,L1,C1_1,D1_1,F1_2,L3,,,,
285153,L1,L3,L2,L2,L1,L1,L2,L1,L1,C1_1,D1_1,F1_3,L1,,,,
285154,L1,L3,L2,L2,L1,L1,L2,L1,L1,C1_1,D1_1,F1_3,L2,,,,
285155,L1,L3,L2,L2,L1,L1,L2,L1,L1,C1_1,D1_1,F1_3,L3,,,,
285156,L1,L3,L2,L2,L1,L1,L2,L1,L1,C1_1,D1_2,F1_1,L1,,,,
285157,L1,L3,L2,L2,L1,L1,L2,L1,L1,C1_1,D1_2,F1_1,L2,,,,
285158,L1,L3,L2,L2,L1,L1,L2,L1,L1,C1_1,D1_2,F1_1,L3,,,,
285159,L1,L3,L2,L2,L1,L1,L2,L1,L1,C1_1,D1_2,F1_2,L1,,,,
285160,L1,L3,L2,L2,L1,L1,L2,L1,L1,C1_1,D1_2,F1_2,L2,,,,
285161,L1,L3,L2,L2,L1,L1,L2,L1,L1,C1_1,D1_2,F1_2,L3,,,,
285162,L1,L3,L2,L2,L1,L1,L2,L1,L1,C1_1,D1_2,F1_3,L1,,,,
285163,L1,L3,L2,L2,L1,L1,L2,L1,L1,C1_1,D1_2,F1_3,L2,,,,
285164,L1,L3,L2,L2,L1,L1,L2,L1,L1,C1_1,D1_2,F1_3,L3,,,,
285165,L1,L3,L2,L2,L1,L1,L2,L1,L1,C1_1,D1_3,F1_1,L1,,,,
285166,L1,L3,L2,L2,L1,L1,L2,L1,L1,C1_1,D1_3,F1_1,L2,,,,
285167,L1,L3,L2,L2,L1,L1,L2,L1,L1,C1_1,D1_3,F1_1,L3,,,,
285168,L1,L3,L2,L2,L1,L1,L2,L1,L1,C1_1,D1_3,F1_2,L1,,,,
285169,L1,L3,L2,L2,L1,L1,L2,L1,L1,C1_1,D1_3,F1_2,L2,,,,
285170,L1,L3,L2,L2,L1,L1,L2,L1,L1,C1_1,D1_3,F1_2,L3,,,,
285171,L1,L3,L2,L2,L1,L1,L2,L1,L1,C1_1,D1_3,F1_3,L1,,,,
285172,L1,L3,L2,L2,L1,L1,L2,L1,L1,C1_1,D1_3,F1_3,L2,,,,
285173,L1,L3,L2,L2,L1,L1,L2,L1,L1,C1_1,D1_3,F1_3,L3,,,,
285174,L1,L3,L2,L2,L1,L1,L2,L1,L1,C1_2,D1_1,F1_1,L1,,,,
285175,L1,L3,L2,L2,L1,L1,L2,L1,L1,C1_2,D1_1,F1_1,L2,,,,
285176,L1,L3,L2,L2,L1,L1,L2,L1,L1,C1_2,D1_1,F1_1,L3,,,,
285177,L1,L3,L2,L2,L1,L1,L2,L1,L1,C1_2,D1_1,F1_2,L1,,,,
285178,L1,L3,L2,L2,L1,L1,L2,L1,L1,C1_2,D1_1,F1_2,L2,,,,
285179,L1,L3,L2,L2,L1,L1,L2,L1,L1,C1_2,D1_1,F1_2,L3,,,,
285180,L1,L3,L2,L2,L1,L1,L2,L1,L1,C1_2,D1_1,F1_3,L1,,,,
285181,L1,L3,L2,L2,L1,L1,L2,L1,L1,C1_2,D1_1,F1_3,L2,,,,
285182,L1,L3,L2,L2,L1,L1,L2,L1,L1,C1_2,D1_1,F1_3,L3,,,,
285183,L1,L3,L2,L2,L1,L1,L2,L1,L1,C1_2,D1_2,F1_1,L1,,,,
285184,L1,L3,L2,L2,L1,L1,L2,L1,L1,C1_2,D1_2,F1_1,L2,,,,
285185,L1,L3,L2,L2,L1,L1,L2,L1,L1,C1_2,D1_2,F1_1,L3,,,,
285186,L1,L3,L2,L2,L1,L1,L2,L1,L1,C1_2,D1_2,F1_2,L1,,,,
285187,L1,L3,L2,L2,L1,L1,L2,L1,L1,C1_2,D1_2,F1_2,L2,,,,
285188,L1,L3,L2,L2,L1,L1,L2,L1,L1,C1_2,D1_2,F1_2,L3,,,,
285189,L1,L3,L2,L2,L1,L1,L2,L1,L1,C1_2,D1_2,F1_3,L1,,,,
285190,L1,L3,L2,L2,L1,L1,L2,L1,L1,C1_2,D1_2,F1_3,L2,,,,
285191,L1,L3,L2,L2,L1,L1,L2,L1,L1,C1_2,D1_2,F1_3,L3,,,,
285192,L1,L3,L2,L2,L1,L1,L2,L1,L1,C1_2,D1_3,F1_1,L1,,,,
285193,L1,L3,L2,L2,L1,L1,L2,L1,L1,C1_2,D1_3,F1_1,L2,,,,
285194,L1,L3,L2,L2,L1,L1,L2,L1,L1,C1_2,D1_3,F1_1,L3,,,,
285195,L1,L3,L2,L2,L1,L1,L2,L1,L1,C1_2,D1_3,F1_2,L1,,,,
285196,L1,L3,L2,L2,L1,L1,L2,L1,L1,C1_2,D1_3,F1_2,L2,,,,
285197,L1,L3,L2,L2,L1,L1,L2,L1,L1,C1_2,D1_3,F1_2,L3,,,,
285198,L1,L3,L2,L2,L1,L1,L2,L1,L1,C1_2,D1_3,F1_3,L1,,,,
285199,L1,L3,L2,L2,L1,L1,L2,L1,L1,C1_2,D1_3,F1_3,L2,,,,
285200,L1,L3,L2,L2,L1,L1,L2,L1,L1,C1_2,D1_3,F1_3,L3,,,,
285201,L1,L3,L2,L2,L1,L1,L2,L1,L1,C1_3,D1_1,F1_1,L1,,,,
285202,L1,L3,L2,L2,L1,L1,L2,L1,L1,C1_3,D1_1,F1_1,L2,,,,
285203,L1,L3,L2,L2,L1,L1,L2,L1,L1,C1_3,D1_1,F1_1,L3,,,,
285204,L1,L3,L2,L2,L1,L1,L2,L1,L1,C1_3,D1_1,F1_2,L1,,,,
285205,L1,L3,L2,L2,L1,L1,L2,L1,L1,C1_3,D1_1,F1_2,L2,,,,
285206,L1,L3,L2,L2,L1,L1,L2,L1,L1,C1_3,D1_1,F1_2,L3,,,,
285207,L1,L3,L2,L2,L1,L1,L2,L1,L1,C1_3,D1_1,F1_3,L1,,,,
285208,L1,L3,L2,L2,L1,L1,L2,L1,L1,C1_3,D1_1,F1_3,L2,,,,
285209,L1,L3,L2,L2,L1,L1,L2,L1,L1,C1_3,D1_1,F1_3,L3,,,,
285210,L1,L3,L2,L2,L1,L1,L2,L1,L1,C1_3,D1_2,F1_1,L1,,,,
285211,L1,L3,L2,L2,L1,L1,L2,L1,L1,C1_3,D1_2,F1_1,L2,,,,
285212,L1,L3,L2,L2,L1,L1,L2,L1,L1,C1_3,D1_2,F1_1,L3,,,,
285213,L1,L3,L2,L2,L1,L1,L2,L1,L1,C1_3,D1_2,F1_2,L1,,,,
285214,L1,L3,L2,L2,L1,L1,L2,L1,L1,C1_3,D1_2,F1_2,L2,,,,
285215,L1,L3,L2,L2,L1,L1,L2,L1,L1,C1_3,D1_2,F1_2,L3,,,,
285216,L1,L3,L2,L2,L1,L1,L2,L1,L1,C1_3,D1_2,F1_3,L1,,,,
285217,L1,L3,L2,L2,L1,L1,L2,L1,L1,C1_3,D1_2,F1_3,L2,,,,
285218,L1,L3,L2,L2,L1,L1,L2,L1,L1,C1_3,D1_2,F1_3,L3,,,,
285219,L1,L3,L2,L2,L1,L1,L2,L1,L1,C1_3,D1_3,F1_1,L1,,,,
285220,L1,L3,L2,L2,L1,L1,L2,L1,L1,C1_3,D1_3,F1_1,L2,,,,
285221,L1,L3,L2,L2,L1,L1,L2,L1,L1,C1_3,D1_3,F1_1,L3,,,,
285222,L1,L3,L2,L2,L1,L1,L2,L1,L1,C1_3,D1_3,F1_2,L1,,,,
285223,L1,L3,L2,L2,L1,L1,L2,L1,L1,C1_3,D1_3,F1_2,L2,,,,
285224,L1,L3,L2,L2,L1,L1,L2,L1,L1,C1_3,D1_3,F1_2,L3,,,,
285225,L1,L3,L2,L2,L1,L1,L2,L1,L1,C1_3,D1_3,F1_3,L1,,,,
285226,L1,L3,L2,L2,L1,L1,L2,L1,L1,C1_3,D1_3,F1_3,L2,,,,
285227,L1,L3,L2,L2,L1,L1,L2,L1,L1,C1_3,D1_3,F1_3,L3,,,,
299619,L2,L3,L3,L1,L3,L1,L2,L1,L1,C1_1,D1_1,F1_1,L1,,,,
299620,L2,L3,L3,L1,L3,L1,L2,L1,L1,C1_1,D1_1,F1_1,L2,,,,
299621,L2,L3,L3,L1,L3,L1,L2,L1,L1,C1_1,D1_1,F1_1,L3,,,,
299622,L2,L3,L3,L1,L3,L1,L2,L1,L1,C1_1,D1_1,F1_2,L1,,,,
299623,L2,L3,L3,L1,L3,L1,L2,L1,L1,C1_1,D1_1,F1_2,L2,,,,
299624,L2,L3,L3,L1,L3,L1,L2,L1,L1,C1_1,D1_1,F1_2,L3,,,,
299625,L2,L3,L3,L1,L3,L1,L2,L1,L1,C1_1,D1_1,F1_3,L1,,,,
299626,L2,L3,L3,L1,L3,L1,L2,L1,L1,C1_1,D1_1,F1_3,L2,,,,
299627,L2,L3,L3,L1,L3,L1,L2,L1,L1,C1_1,D1_1,F1_3,L3,,,,
299628,L2,L3,L3,L1,L3,L1,L2,L1,L1,C1_1,D1_2,F1_1,L1,,,,
299629,L2,L3,L3,L1,L3,L1,L2,L1,L1,C1_1,D1_2,F1_1,L2,,,,
299630,L2,L3,L3,L1,L3,L1,L2,L1,L1,C1_1,D1_2,F1_1,L3,,,,
299631,L2,L3,L3,L1,L3,L1,L2,L1,L1,C1_1,D1_2,F1_2,L1,,,,
299632,L2,L3,L3,L1,L3,L1,L2,L1,L1,C1_1,D1_2,F1_2,L2,,,,
299633,L2,L3,L3,L1,L3,L1,L2,L1,L1,C1_1,D1_2,F1_2,L3,,,,
299634,L2,L3,L3,L1,L3,L1,L2,L1,L1,C1_1,D1_2,F1_3,L1,,,,
299635,L2,L3,L3,L1,L3,L1,L2,L1,L1,C1_1,D1_2,F1_3,L2,,,,
299636,L2,L3,L3,L1,L3,L1,L2,L1,L1,C1_1,D1_2,F1_3,L3,,,,
299637,L2,L3,L3,L1,L3,L1,L2,L1,L1,C1_1,D1_3,F1_1,L1,,,,
299638,L2,L3,L3,L1,L3,L1,L2,L1,L1,C1_1,D1_3,F1_1,L2,,,,
299639,L2,L3,L3,L1,L3,L1,L2,L1,L1,C1_1,D1_3,F1_1,L3,,,,
299640,L2,L3,L3,L1,L3,L1,L2,L1,L1,C1_1,D1_3,F1_2,L1,,,,
299641,L2,L3,L3,L1,L3,L1,L2,L1,L1,C1_1,D1_3,F1_2,L2,,,,
299642,L2,L3,L3,L1,L3,L1,L2,L1,L1,C1_1,D1_3,F1_2,L3,,,,
299643,L2,L3,L3,L1,L3,L1,L2,L1,L1,C1_1,D1_3,F1_3,L1,,,,
299644,L2,L3,L3,L1,L3,L1,L2,L1,L1,C1_1,D1_3,F1_3,L2,,,,
299645,L2,L3,L3,L1,L3,L1,L2,L1,L1,C1_1,D1_3,F1_3,L3,,,,
299646,L2,L3,L3,L1,L3,L1,L2,L1,L1,C1_2,D1_1,F1_1,L1,,,,
299647,L2,L3,L3,L1,L3,L1,L2,L1,L1,C1_2,D1_1,F1_1,L2,,,,
299648,L2,L3,L3,L1,L3,L1,L2,L1,L1,C1_2,D1_1,F1_1,L3,,,,
299649,L2,L3,L3,L1,L3,L1,L2,L1,L1,C1_2,D1_1,F1_2,L1,,,,
299650,L2,L3,L3,L1,L3,L1,L2,L1,L1,C1_2,D1_1,F1_2,L2,,,,
299651,L2,L3,L3,L1,L3,L1,L2,L1,L1,C1_2,D1_1,F1_2,L3,,,,
299652,L2,L3,L3,L1,L3,L1,L2,L1,L1,C1_2,D1_1,F1_3,L1,,,,
299653,L2,L3,L3,L1,L3,L1,L2,L1,L1,C1_2,D1_1,F1_3,L2,,,,
299654,L2,L3,L3,L1,L3,L1,L2,L1,L1,C1_2,D1_1,F1_3,L3,,,,
299655,L2,L3,L3,L1,L3,L1,L2,L1,L1,C1_2,D1_2,F1_1,L1,,,,
299656,L2,L3,L3,L1,L3,L1,L2,L1,L1,C1_2,D1_2,F1_1,L2,,,,
299657,L2,L3,L3,L1,L3,L1,L2,L1,L1,C1_2,D1_2,F1_1,L3,,,,
299658,L2,L3,L3,L1,L3,L1,L2,L1,L1,C1_2,D1_2,F1_2,L1,,,,
299659,L2,L3,L3,L1,L3,L1,L2,L1,L1,C1_2,D1_2,F1_2,L2,,,,
299660,L2,L3,L3,L1,L3,L1,L2,L1,L1,C1_2,D1_2,F1_2,L3,,,,
299661,L2,L3,L3,L1,L3,L1,L2,L1,L1,C1_2,D1_2,F1_3,L1,,,,
299662,L2,L3,L3,L1,L3,L1,L2,L1,L1,C1_2,D1_2,F1_3,L2,,,,
299663,L2,L3,L3,L1,L3,L1,L2,L1,L1,C1_2,D1_2,F1_3,L3,,,,
299664,L2,L3,L3,L1,L3,L1,L2,L1,L1,C1_2,D1_3,F1_1,L1,,,,
299665,L2,L3,L3,L1,L3,L1,L2,L1,L1,C1_2,D1_3,F1_1,L2,,,,
299666,L2,L3,L3,L1,L3,L1,L2,L1,L1,C1_2,D1_3,F1_1,L3,,,,
299667,L2,L3,L3,L1,L3,L1,L2,L1,L1,C1_2,D1_3,F1_2,L1,,,,
299668,L2,L3,L3,L1,L3,L1,L2,L1,L1,C1_2,D1_3,F1_2,L2,,,,
299669,L2,L3,L3,L1,L3,L1,L2,L1,L1,C1_2,D1_3,F1_2,L3,,,,
299670,L2,L3,L3,L1,L3,L1,L2,L1,L1,C1_2,D1_3,F1_3,L1,,,,
299671,L2,L3,L3,L1,L3,L1,L2,L1,L1,C1_2,D1_3,F1_3,L2,,,,
299672,L2,L3,L3,L1,L3,L1,L2,L1,L1,C1_2,D1_3,F1_3,L3,,,,
299673,L2,L3,L3,L1,L3,L1,L2,L1,L1,C1_3,D1_1,F1_1,L1,,,,
299674,L2,L3,L3,L1,L3,L1,L2,L1,L1,C1_3,D1_1,F1_1,L2,,,,
299675,L2,L3,L3,L1,L3,L1,L2,L1,L1,C1_3,D1_1,F1_1,L3,,,,
299676,L2,L3,L3,L1,L3,L1,L2,L1,L1,C1_3,D1_1,F1_2,L1,,,,
299677,L2,L3,L3,L1,L3,L1,L2,L1,L1,C1_3,D1_1,F1_2,L2,,,,
299678,L2,L3,L3,L1,L3,L1,L2,L1,L1,C1_3,D1_1,F1_2,L3,,,,
299679,L2,L3,L3,L1,L3,L1,L2,L1,L1,C1_3,D1_1,F1_3,L1,,,,
299680,L2,L3,L3,L1,L3,L1,L2,L1,L1,C1_3,D1_1,F1_3,L2,,,,
299681,L2,L3,L3,L1,L3,L1,L2,L1,L1,C1_3,D1_1,F1_3,L3,,,,
299682,L2,L3,L3,L1,L3,L1,L2,L1,L1,C1_3,D1_2,F1_1,L1,,,,
299683,L2,L3,L3,L1,L3,L1,L2,L1,L1,C1_3,D1_2,F1_1,L2,,,,
299684,L2,L3,L3,L1,L3,L1,L2,L1,L1,C1_3,D1_2,F1_1,L3,,,,
299685,L2,L3,L3,L1,L3,L1,L2,L1,L1,C1_3,D1_2,F1_2,L1,,,,
299686,L2,L3,L3,L1,L3,L1,L2,L1,L1,C1_3,D1_2,F1_2,L2,,,,
299687,L2,L3,L3,L1,L3,L1,L2,L1,L1,C1_3,D1_2,F1_2,L3,,,,
299688,L2,L3,L3,L1,L3,L1,L2,L1,L1,C1_3,D1_2,F1_3,L1,,,,
299689,L2,L3,L3,L1,L3,L1,L2,L1,L1,C1_3,D1_2,F1_3,L2,,,,
299690,L2,L3,L3,L1,L3,L1,L2,L1,L1,C1_3,D1_2,F1_3,L3,,,,
299691,L2,L3,L3,L1,L3,L1,L2,L1,L1,C1_3,D1_3,F1_1,L1,,,,
299692,L2,L3,L3,L1,L3,L1,L2,L1,L1,C1_3,D1_3,F1_1,L2,,,,
299693,L2,L3,L3,L1,L3,L1,L2,L1,L1,C1_3,D1_3,F1_1,L3,,,,
299694,L2,L3,L3,L1,L3,L1,L2,L1,L1,C1_3,D1_3,F1_2,L1,,,,
299695,L2,L3,L3,L1,L3,L1,L2,L1,L1,C1_3,D1_3,F1_2,L2,,,,
299696,L2,L3,L3,L1,L3,L1,L2,L1,L1,C1_3,D1_3,F1_2,L3,,,,
299697,L2,L3,L3,L1,L3,L1,L2,L1,L1,C1_3,D1_3,F1_3,L1,,,,
299698,L2,L3,L3,L1,L3,L1,L2,L1,L1,C1_3,D1_3,F1_3,L2,,,,
299699,L2,L3,L3,L1,L3,L1,L2,L1,L1,C1_3,D1_3,F1_3,L3,,,,
306774,L3,L3,L1,L3,L2,L1,L2,L1,L1,C1_1,D1_1,F1_1,L1,,,,
306775,L3,L3,L1,L3,L2,L1,L2,L1,L1,C1_1,D1_1,F1_1,L2,,,,
306776,L3,L3,L1,L3,L2,L1,L2,L1,L1,C1_1,D1_1,F1_1,L3,,,,
306777,L3,L3,L1,L3,L2,L1,L2,L1,L1,C1_1,D1_1,F1_2,L1,,,,
306778,L3,L3,L1,L3,L2,L1,L2,L1,L1,C1_1,D1_1,F1_2,L2,,,,
306779,L3,L3,L1,L3,L2,L1,L2,L1,L1,C1_1,D1_1,F1_2,L3,,,,
306780,L3,L3,L1,L3,L2,L1,L2,L1,L1,C1_1,D1_1,F1_3,L1,,,,
306781,L3,L3,L1,L3,L2,L1,L2,L1,L1,C1_1,D1_1,F1_3,L2,,,,
306782,L3,L3,L1,L3,L2,L1,L2,L1,L1,C1_1,D1_1,F1_3,L3,,,,
306783,L3,L3,L1,L3,L2,L1,L2,L1,L1,C1_1,D1_2,F1_1,L1,,,,
306784,L3,L3,L1,L3,L2,L1,L2,L1,L1,C1_1,D1_2,F1_1,L2,,,,
306785,L3,L3,L1,L3,L2,L1,L2,L1,L1,C1_1,D1_2,F1_1,L3,,,,
306786,L3,L3,L1,L3,L2,L1,L2,L1,L1,C1_1,D1_2,F1_2,L1,,,,
306787,L3,L3,L1,L3,L2,L1,L2,L1,L1,C1_1,D1_2,F1_2,L2,,,,
306788,L3,L3,L1,L3,L2,L1,L2,L1,L1,C1_1,D1_2,F1_2,L3,,,,
306789,L3,L3,L1,L3,L2,L1,L2,L1,L1,C1_1,D1_2,F1_3,L1,,,,
306790,L3,L3,L1,L3,L2,L1,L2,L1,L1,C1_1,D1_2,F1_3,L2,,,,
306791,L3,L3,L1,L3,L2,L1,L2,L1,L1,C1_1,D1_2,F1_3,L3,,,,
306792,L3,L3,L1,L3,L2,L1,L2,L1,L1,C1_1,D1_3,F1_1,L1,,,,
306793,L3,L3,L1,L3,L2,L1,L2,L1,L1,C1_1,D1_3,F1_1,L2,,,,
306794,L3,L3,L1,L3,L2,L1,L2,L1,L1,C1_1,D1_3,F1_1,L3,,,,
306795,L3,L3,L1,L3,L2,L1,L2,L1,L1,C1_1,D1_3,F1_2,L1,,,,
306796,L3,L3,L1,L3,L2,L1,L2,L1,L1,C1_1,D1_3,F1_2,L2,,,,
306797,L3,L3,L1,L3,L2,L1,L2,L1,L1,C1_1,D1_3,F1_2,L3,,,,
306798,L3,L3,L1,L3,L2,L1,L2,L1,L1,C1_1,D1_3,F1_3,L1,,,,
306799,L3,L3,L1,L3,L2,L1,L2,L1,L1,C1_1,D1_3,F1_3,L2,,,,
306800,L3,L3,L1,L3,L2,L1,L2,L1,L1,C1_1,D1_3,F1_3,L3,,,,
306801,L3,L3,L1,L3,L2,L1,L2,L1,L1,C1_2,D1_1,F1_1,L1,,,,
306802,L3,L3,L1,L3,L2,L1,L2,L1,L1,C1_2,D1_1,F1_1,L2,,,,
306803,L3,L3,L1,L3,L2,L1,L2,L1,L1,C1_2,D1_1,F1_1,L3,,,,
306804,L3,L3,L1,L3,L2,L1,L2,L1,L1,C1_2,D1_1,F1_2,L1,,,,
306805,L3,L3,L1,L3,L2,L1,L2,L1,L1,C1_2,D1_1,F1_2,L2,,,,
306806,L3,L3,L1,L3,L2,L1,L2,L1,L1,C1_2,D1_1,F1_2,L3,,,,
306807,L3,L3,L1,L3,L2,L1,L2,L1,L1,C1_2,D1_1,F1_3,L1,,,,
306808,L3,L3,L1,L3,L2,L1,L2,L1,L1,C1_2,D1_1,F1_3,L2,,,,
306809,L3,L3,L1,L3,L2,L1,L2,L1,L1,C1_2,D1_1,F1_3,L3,,,,
306810,L3,L3,L1,L3,L2,L1,L2,L1,L1,C1_2,D1_2,F1_1,L1,,,,
306811,L3,L3,L1,L3,L2,L1,L2,L1,L1,C1_2,D1_2,F1_1,L2,,,,
306812,L3,L3,L1,L3,L2,L1,L2,L1,L1,C1_2,D1_2,F1_1,L3,,,,
306813,L3,L3,L1,L3,L2,L1,L2,L1,L1,C1_2,D1_2,F1_2,L1,,,,
306814,L3,L3,L1,L3,L2,L1,L2,L1,L1,C1_2,D1_2,F1_2,L2,,,,
306815,L3,L3,L1,L3,L2,L1,L2,L1,L1,C1_2,D1_2,F1_2,L3,,,,
306816,L3,L3,L1,L3,L2,L1,L2,L1,L1,C1_2,D1_2,F1_3,L1,,,,
306817,L3,L3,L1,L3,L2,L1,L2,L1,L1,C1_2,D1_2,F1_3,L2,,,,
306818,L3,L3,L1,L3,L2,L1,L2,L1,L1,C1_2,D1_2,F1_3,L3,,,,
306819,L3,L3,L1,L3,L2,L1,L2,L1,L1,C1_2,D1_3,F1_1,L1,,,,
306820,L3,L3,L1,L3,L2,L1,L2,L1,L1,C1_2,D1_3,F1_1,L2,,,,
306821,L3,L3,L1,L3,L2,L1,L2,L1,L1,C1_2,D1_3,F1_1,L3,,,,
306822,L3,L3,L1,L3,L2,L1,L2,L1,L1,C1_2,D1_3,F1_2,L1,,,,
306823,L3,L3,L1,L3,L2,L1,L2,L1,L1,C1_2,D1_3,F1_2,L2,,,,
306824,L3,L3,L1,L3,L2,L1,L2,L1,L1,C1_2,D1_3,F1_2,L3,,,,
306825,L3,L3,L1,L3,L2,L1,L2,L1,L1,C1_2,D1_3,F1_3,L1,,,,
306826,L3,L3,L1,L3,L2,L1,L2,L1,L1,C1_2,D1_3,F1_3,L2,,,,
306827,L3,L3,L1,L3,L2,L1,L2,L1,L1,C1_2,D1_3,F1_3,L3,,,,
306828,L3,L3,L1,L3,L2,L1,L2,L1,L1,C1_3,D1_1,F1_1,L1,,,,
306829,L3,L3,L1,L3,L2,L1,L2,L1,L1,C1_3,D1_1,F1_1,L2,,,,
306830,L3,L3,L1,L3,L2,L1,L2,L1,L1,C1_3,D1_1,F1_1,L3,,,,
306831,L3,L3,L1,L3,L2,L1,L2,L1,L1,C1_3,D1_1,F1_2,L1,,,,
306832,L3,L3,L1,L3,L2,L1,L2,L1,L1,C1_3,D1_1,F1_2,L2,,,,
306833,L3,L3,L1,L3,L2,L1,L2,L1,L1,C1_3,D1_1,F1_2,L3,,,,
306834,L3,L3,L1,L3,L2,L1,L2,L1,L1,C1_3,D1_1,F1_3,L1,,,,
306835,L3,L3,L1,L3,L2,L1,L2,L1,L1,C1_3,D1_1,F1_3,L2,,,,
306836,L3,L3,L1,L3,L2,L1,L2,L1,L1,C1_3,D1_1,F1_3,L3,,,,
306837,L3,L3,L1,L3,L2,L1,L2,L1,L1,C1_3,D1_2,F1_1,L1,,,,
306838,L3,L3,L1,L3,L2,L1,L2,L1,L1,C1_3,D1_2,F1_1,L2,,,,
306839,L3,L3,L1,L3,L2,L1,L2,L1,L1,C1_3,D1_2,F1_1,L3,,,,
306840,L3,L3,L1,L3,L2,L1,L2,L1,L1,C1_3,D1_2,F1_2,L1,,,,
306841,L3,L3,L1,L3,L2,L1,L2,L1,L1,C1_3,D1_2,F1_2,L2,,,,
306842,L3,L3,L1,L3,L2,L1,L2,L1,L1,C1_3,D1_2,F1_2,L3,,,,
306843,L3,L3,L1,L3,L2,L1,L2,L1,L1,C1_3,D1_2,F1_3,L1,,,,
306844,L3,L3,L1,L3,L2,L1,L2,L1,L1,C1_3,D1_2,F1_3,L2,,,,
306845,L3,L3,L1,L3,L2,L1,L2,L1,L1,C1_3,D1_2,F1_3,L3,,,,
306846,L3,L3,L1,L3,L2,L1,L2,L1,L1,C1_3,D1_3,F1_1,L1,,,,
306847,L3,L3,L1,L3,L2,L1,L2,L1,L1,C1_3,D1_3,F1_1,L2,,,,
306848,L3,L3,L1,L3,L2,L1,L2,L1,L1,C1_3,D1_3,F1_1,L3,,,,
306849,L3,L3,L1,L3,L2,L1,L2,L1,L1,C1_3,D1_3,F1_2,L1,,,,
306850,L3,L3,L1,L3,L2,L1,L2,L1,L1,C1_3,D1_3,F1_2,L2,,,,
306851,L3,L3,L1,L3,L2,L1,L2,L1,L1,C1_3,D1_3,F1_2,L3,,,,
306852,L3,L3,L1,L3,L2,L1,L2,L1,L1,C1_3,D1_3,F1_3,L1,,,,
306853,L3,L3,L1,L3,L2,L1,L2,L1,L1,C1_3,D1_3,F1_3,L2,,,,
306854,L3,L3,L1,L3,L2,L1,L2,L1,L1,C1_3,D1_3,F1_3,L3,,,,
322731,L2,L2,L1,L1,L2,L1,L2,L1,L1,C1_1,D1_1,F1_1,L1,,,,
322732,L2,L2,L1,L1,L2,L1,L2,L1,L1,C1_1,D1_1,F1_1,L2,,,,
322733,L2,L2,L1,L1,L2,L1,L2,L1,L1,C1_1,D1_1,F1_1,L3,,,,
322734,L2,L2,L1,L1,L2,L1,L2,L1,L1,C1_1,D1_1,F1_2,L1,,,,
322735,L2,L2,L1,L1,L2,L1,L2,L1,L1,C1_1,D1_1,F1_2,L2,,,,
322736,L2,L2,L1,L1,L2,L1,L2,L1,L1,C1_1,D1_1,F1_2,L3,,,,
322737,L2,L2,L1,L1,L2,L1,L2,L1,L1,C1_1,D1_1,F1_3,L1,,,,
322738,L2,L2,L1,L1,L2,L1,L2,L1,L1,C1_1,D1_1,F1_3,L2,,,,
322739,L2,L2,L1,L1,L2,L1,L2,L1,L1,C1_1,D1_1,F1_3,L3,,,,
322740,L2,L2,L1,L1,L2,L1,L2,L1,L1,C1_1,D1_2,F1_1,L1,,,,
322741,L2,L2,L1,L1,L2,L1,L2,L1,L1,C1_1,D1_2,F1_1,L2,,,,
322742,L2,L2,L1,L1,L2,L1,L2,L1,L1,C1_1,D1_2,F1_1,L3,,,,
322743,L2,L2,L1,L1,L2,L1,L2,L1,L1,C1_1,D1_2,F1_2,L1,,,,
322744,L2,L2,L1,L1,L2,L1,L2,L1,L1,C1_1,D1_2,F1_2,L2,,,,
322745,L2,L2,L1,L1,L2,L1,L2,L1,L1,C1_1,D1_2,F1_2,L3,,,,
322746,L2,L2,L1,L1,L2,L1,L2,L1,L1,C1_1,D1_2,F1_3,L1,,,,
322747,L2,L2,L1,L1,L2,L1,L2,L1,L1,C1_1,D1_2,F1_3,L2,,,,
322748,L2,L2,L1,L1,L2,L1,L2,L1,L1,C1_1,D1_2,F1_3,L3,,,,
322749,L2,L2,L1,L1,L2,L1,L2,L1,L1,C1_1,D1_3,F1_1,L1,,,,
322750,L2,L2,L1,L1,L2,L1,L2,L1,L1,C1_1,D1_3,F1_1,L2,,,,
322751,L2,L2,L1,L1,L2,L1,L2,L1,L1,C1_1,D1_3,F1_1,L3,,,,
322752,L2,L2,L1,L1,L2,L1,L2,L1,L1,C1_1,D1_3,F1_2,L1,,,,
322753,L2,L2,L1,L1,L2,L1,L2,L1,L1,C1_1,D1_3,F1_2,L2,,,,
322754,L2,L2,L1,L1,L2,L1,L2,L1,L1,C1_1,D1_3,F1_2,L3,,,,
322755,L2,L2,L1,L1,L2,L1,L2,L1,L1,C1_1,D1_3,F1_3,L1,,,,
322756,L2,L2,L1,L1,L2,L1,L2,L1,L1,C1_1,D1_3,F1_3,L2,,,,
322757,L2,L2,L1,L1,L2,L1,L2,L1,L1,C1_1,D1_3,F1_3,L3,,,,
322758,L2,L2,L1,L1,L2,L1,L2,L1,L1,C1_2,D1_1,F1_1,L1,,,,
322759,L2,L2,L1,L1,L2,L1,L2,L1,L1,C1_2,D1_1,F1_1,L2,,,,
322760,L2,L2,L1,L1,L2,L1,L2,L1,L1,C1_2,D1_1,F1_1,L3,,,,
322761,L2,L2,L1,L1,L2,L1,L2,L1,L1,C1_2,D1_1,F1_2,L1,,,,
322762,L2,L2,L1,L1,L2,L1,L2,L1,L1,C1_2,D1_1,F1_2,L2,,,,
322763,L2,L2,L1,L1,L2,L1,L2,L1,L1,C1_2,D1_1,F1_2,L3,,,,
322764,L2,L2,L1,L1,L2,L1,L2,L1,L1,C1_2,D1_1,F1_3,L1,,,,
322765,L2,L2,L1,L1,L2,L1,L2,L1,L1,C1_2,D1_1,F1_3,L2,,,,
322766,L2,L2,L1,L1,L2,L1,L2,L1,L1,C1_2,D1_1,F1_3,L3,,,,
322767,L2,L2,L1,L1,L2,L1,L2,L1,L1,C1_2,D1_2,F1_1,L1,,,,
322768,L2,L2,L1,L1,L2,L1,L2,L1,L1,C1_2,D1_2,F1_1,L2,,,,
322769,L2,L2,L1,L1,L2,L1,L2,L1,L1,C1_2,D1_2,F1_1,L3,,,,
322770,L2,L2,L1,L1,L2,L1,L2,L1,L1,C1_2,D1_2,F1_2,L1,,,,
322771,L2,L2,L1,L1,L2,L1,L2,L1,L1,C1_2,D1_2,F1_2,L2,,,,
322772,L2,L2,L1,L1,L2,L1,L2,L1,L1,C1_2,D1_2,F1_2,L3,,,,
322773,L2,L2,L1,L1,L2,L1,L2,L1,L1,C1_2,D1_2,F1_3,L1,,,,
322774,L2,L2,L1,L1,L2,L1,L2,L1,L1,C1_2,D1_2,F1_3,L2,,,,
322775,L2,L2,L1,L1,L2,L1,L2,L1,L1,C1_2,D1_2,F1_3,L3,,,,
322776,L2,L2,L1,L1,L2,L1,L2,L1,L1,C1_2,D1_3,F1_1,L1,,,,
322777,L2,L2,L1,L1,L2,L1,L2,L1,L1,C1_2,D1_3,F1_1,L2,,,,
322778,L2,L2,L1,L1,L2,L1,L2,L1,L1,C1_2,D1_3,F1_1,L3,,,,
322779,L2,L2,L1,L1,L2,L1,L2,L1,L1,C1_2,D1_3,F1_2,L1,,,,
322780,L2,L2,L1,L1,L2,L1,L2,L1,L1,C1_2,D1_3,F1_2,L2,,,,
322781,L2,L2,L1,L1,L2,L1,L2,L1,L1,C1_2,D1_3,F1_2,L3,,,,
322782,L2,L2,L1,L1,L2,L1,L2,L1,L1,C1_2,D1_3,F1_3,L1,,,,
322783,L2,L2,L1,L1,L2,L1,L2,L1,L1,C1_2,D1_3,F1_3,L2,,,,
322784,L2,L2,L1,L1,L2,L1,L2,L1,L1,C1_2,D1_3,F1_3,L3,,,,
322785,L2,L2,L1,L1,L2,L1,L2,L1,L1,C1_3,D1_1,F1_1,L1,,,,
322786,L2,L2,L1,L1,L2,L1,L2,L1,L1,C1_3,D1_1,F1_1,L2,,,,
322787,L2,L2,L1,L1,L2,L1,L2,L1,L1,C1_3,D1_1,F1_1,L3,,,,
322788,L2,L2,L1,L1,L2,L1,L2,L1,L1,C1_3,D1_1,F1_2,L1,,,,
322789,L2,L2,L1,L1,L2,L1,L2,L1,L1,C1_3,D1_1,F1_2,L2,,,,
322790,L2,L2,L1,L1,L2,L1,L2,L1,L1,C1_3,D1_1,F1_2,L3,,,,
322791,L2,L2,L1,L1,L2,L1,L2,L1,L1,C1_3,D1_1,F1_3,L1,,,,
322792,L2,L2,L1,L1,L2,L1,L2,L1,L1,C1_3,D1_1,F1_3,L2,,,,
322793,L2,L2,L1,L1,L2,L1,L2,L1,L1,C1_3,D1_1,F1_3,L3,,,,
322794,L2,L2,L1,L1,L2,L1,L2,L1,L1,C1_3,D1_2,F1_1,L1,,,,
322795,L2,L2,L1,L1,L2,L1,L2,L1,L1,C1_3,D1_2,F1_1,L2,,,,
322796,L2,L2,L1,L1,L2,L1,L2,L1,L1,C1_3,D1_2,F1_1,L3,,,,
322797,L2,L2,L1,L1,L2,L1,L2,L1,L1,C1_3,D1_2,F1_2,L1,,,,
322798,L2,L2,L1,L1,L2,L1,L2,L1,L1,C1_3,D1_2,F1_2,L2,,,,
322799,L2,L2,L1,L1,L2,L1,L2,L1,L1,C1_3,D1_2,F1_2,L3,,,,
322800,L2,L2,L1,L1,L2,L1,L2,L1,L1,C1_3,D1_2,F1_3,L1,,,,
322801,L2,L2,L1,L1,L2,L1,L2,L1,L1,C1_3,D1_2,F1_3,L2,,,,
322802,L2,L2,L1,L1,L2,L1,L2,L1,L1,C1_3,D1_2,F1_3,L3,,,,
322803,L2,L2,L1,L1,L2,L1,L2,L1,L1,C1_3,D1_3,F1_1,L1,,,,
322804,L2,L2,L1,L1,L2,L1,L2,L1,L1,C1_3,D1_3,F1_1,L2,,,,
322805,L2,L2,L1,L1,L2,L1,L2,L1,L1,C1_3,D1_3,F1_1,L3,,,,
322806,L2,L2,L1,L1,L2,L1,L2,L1,L1,C1_3,D1_3,F1_2,L1,,,,
322807,L2,L2,L1,L1,L2,L1,L2,L1,L1,C1_3,D1_3,F1_2,L2,,,,
322808,L2,L2,L1,L1,L2,L1,L2,L1,L1,C1_3,D1_3,F1_2,L3,,,,
322809,L2,L2,L1,L1,L2,L1,L2,L1,L1,C1_3,D1_3,F1_3,L1,,,,
322810,L2,L2,L1,L1,L2,L1,L2,L1,L1,C1_3,D1_3,F1_3,L2,,,,
322811,L2,L2,L1,L1,L2,L1,L2,L1,L1,C1_3,D1_3,F1_3,L3,,,,
335988,L3,L1,L3,L1,L3,L1,L2,L1,L1,C1_1,D1_1,F1_1,L1,,,,
335989,L3,L1,L3,L1,L3,L1,L2,L1,L1,C1_1,D1_1,F1_1,L2,,,,
335990,L3,L1,L3,L1,L3,L1,L2,L1,L1,C1_1,D1_1,F1_1,L3,,,,
335991,L3,L1,L3,L1,L3,L1,L2,L1,L1,C1_1,D1_1,F1_2,L1,,,,
335992,L3,L1,L3,L1,L3,L1,L2,L1,L1,C1_1,D1_1,F1_2,L2,,,,
335993,L3,L1,L3,L1,L3,L1,L2,L1,L1,C1_1,D1_1,F1_2,L3,,,,
335994,L3,L1,L3,L1,L3,L1,L2,L1,L1,C1_1,D1_1,F1_3,L1,,,,
335995,L3,L1,L3,L1,L3,L1,L2,L1,L1,C1_1,D1_1,F1_3,L2,,,,
335996,L3,L1,L3,L1,L3,L1,L2,L1,L1,C1_1,D1_1,F1_3,L3,,,,
335997,L3,L1,L3,L1,L3,L1,L2,L1,L1,C1_1,D1_2,F1_1,L1,,,,
335998,L3,L1,L3,L1,L3,L1,L2,L1,L1,C1_1,D1_2,F1_1,L2,,,,
335999,L3,L1,L3,L1,L3,L1,L2,L1,L1,C1_1,D1_2,F1_1,L3,,,,
336000,L3,L1,L3,L1,L3,L1,L2,L1,L1,C1_1,D1_2,F1_2,L1,,,,
336001,L3,L1,L3,L1,L3,L1,L2,L1,L1,C1_1,D1_2,F1_2,L2,,,,
336002,L3,L1,L3,L1,L3,L1,L2,L1,L1,C1_1,D1_2,F1_2,L3,,,,
336003,L3,L1,L3,L1,L3,L1,L2,L1,L1,C1_1,D1_2,F1_3,L1,,,,
336004,L3,L1,L3,L1,L3,L1,L2,L1,L1,C1_1,D1_2,F1_3,L2,,,,
336005,L3,L1,L3,L1,L3,L1,L2,L1,L1,C1_1,D1_2,F1_3,L3,,,,
336006,L3,L1,L3,L1,L3,L1,L2,L1,L1,C1_1,D1_3,F1_1,L1,,,,
336007,L3,L1,L3,L1,L3,L1,L2,L1,L1,C1_1,D1_3,F1_1,L2,,,,
336008,L3,L1,L3,L1,L3,L1,L2,L1,L1,C1_1,D1_3,F1_1,L3,,,,
336009,L3,L1,L3,L1,L3,L1,L2,L1,L1,C1_1,D1_3,F1_2,L1,,,,
336010,L3,L1,L3,L1,L3,L1,L2,L1,L1,C1_1,D1_3,F1_2,L2,,,,
336011,L3,L1,L3,L1,L3,L1,L2,L1,L1,C1_1,D1_3,F1_2,L3,,,,
336012,L3,L1,L3,L1,L3,L1,L2,L1,L1,C1_1,D1_3,F1_3,L1,,,,
336013,L3,L1,L3,L1,L3,L1,L2,L1,L1,C1_1,D1_3,F1_3,L2,,,,
336014,L3,L1,L3,L1,L3,L1,L2,L1,L1,C1_1,D1_3,F1_3,L3,,,,
336015,L3,L1,L3,L1,L3,L1,L2,L1,L1,C1_2,D1_1,F1_1,L1,,,,
336016,L3,L1,L3,L1,L3,L1,L2,L1,L1,C1_2,D1_1,F1_1,L2,,,,
336017,L3,L1,L3,L1,L3,L1,L2,L1,L1,C1_2,D1_1,F1_1,L3,,,,
336018,L3,L1,L3,L1,L3,L1,L2,L1,L1,C1_2,D1_1,F1_2,L1,,,,
336019,L3,L1,L3,L1,L3,L1,L2,L1,L1,C1_2,D1_1,F1_2,L2,,,,
336020,L3,L1,L3,L1,L3,L1,L2,L1,L1,C1_2,D1_1,F1_2,L3,,,,
336021,L3,L1,L3,L1,L3,L1,L2,L1,L1,C1_2,D1_1,F1_3,L1,,,,
336022,L3,L1,L3,L1,L3,L1,L2,L1,L1,C1_2,D1_1,F1_3,L2,,,,
336023,L3,L1,L3,L1,L3,L1,L2,L1,L1,C1_2,D1_1,F1_3,L3,,,,
336024,L3,L1,L3,L1,L3,L1,L2,L1,L1,C1_2,D1_2,F1_1,L1,,,,
336025,L3,L1,L3,L1,L3,L1,L2,L1,L1,C1_2,D1_2,F1_1,L2,,,,
336026,L3,L1,L3,L1,L3,L1,L2,L1,L1,C1_2,D1_2,F1_1,L3,,,,
336027,L3,L1,L3,L1,L3,L1,L2,L1,L1,C1_2,D1_2,F1_2,L1,,,,
336028,L3,L1,L3,L1,L3,L1,L2,L1,L1,C1_2,D1_2,F1_2,L2,,,,
336029,L3,L1,L3,L1,L3,L1,L2,L1,L1,C1_2,D1_2,F1_2,L3,,,,
336030,L3,L1,L3,L1,L3,L1,L2,L1,L1,C1_2,D1_2,F1_3,L1,,,,
336031,L3,L1,L3,L1,L3,L1,L2,L1,L1,C1_2,D1_2,F1_3,L2,,,,
336032,L3,L1,L3,L1,L3,L1,L2,L1,L1,C1_2,D1_2,F1_3,L3,,,,
336033,L3,L1,L3,L1,L3,L1,L2,L1,L1,C1_2,D1_3,F1_1,L1,,,,
336034,L3,L1,L3,L1,L3,L1,L2,L1,L1,C1_2,D1_3,F1_1,L2,,,,
336035,L3,L1,L3,L1,L3,L1,L2,L1,L1,C1_2,D1_3,F1_1,L3,,,,
336036,L3,L1,L3,L1,L3,L1,L2,L1,L1,C1_2,D1_3,F1_2,L1,,,,
336037,L3,L1,L3,L1,L3,L1,L2,L1,L1,C1_2,D1_3,F1_2,L2,,,,
336038,L3,L1,L3,L1,L3,L1,L2,L1,L1,C1_2,D1_3,F1_2,L3,,,,
336039,L3,L1,L3,L1,L3,L1,L2,L1,L1,C1_2,D1_3,F1_3,L1,,,,
336040,L3,L1,L3,L1,L3,L1,L2,L1,L1,C1_2,D1_3,F1_3,L2,,,,
336041,L3,L1,L3,L1,L3,L1,L2,L1,L1,C1_2,D1_3,F1_3,L3,,,,
336042,L3,L1,L3,L1,L3,L1,L2,L1,L1,C1_3,D1_1,F1_1,L1,,,,
336043,L3,L1,L3,L1,L3,L1,L2,L1,L1,C1_3,D1_1,F1_1,L2,,,,
336044,L3,L1,L3,L1,L3,L1,L2,L1,L1,C1_3,D1_1,F1_1,L3,,,,
336045,L3,L1,L3,L1,L3,L1,L2,L1,L1,C1_3,D1_1,F1_2,L1,,,,
336046,L3,L1,L3,L1,L3,L1,L2,L1,L1,C1_3,D1_1,F1_2,L2,,,,
336047,L3,L1,L3,L1,L3,L1,L2,L1,L1,C1_3,D1_1,F1_2,L3,,,,
336048,L3,L1,L3,L1,L3,L1,L2,L1,L1,C1_3,D1_1,F1_3,L1,,,,
336049,L3,L1,L3,L1,L3,L1,L2,L1,L1,C1_3,D1_1,F1_3,L2,,,,
336050,L3,L1,L3,L1,L3,L1,L2,L1,L1,C1_3,D1_1,F1_3,L3,,,,
336051,L3,L1,L3,L1,L3,L1,L2,L1,L1,C1_3,D1_2,F1_1,L1,,,,
336052,L3,L1,L3,L1,L3,L1,L2,L1,L1,C1_3,D1_2,F1_1,L2,,,,
336053,L3,L1,L3,L1,L3,L1,L2,L1,L1,C1_3,D1_2,F1_1,L3,,,,
336054,L3,L1,L3,L1,L3,L1,L2,L1,L1,C1_3,D1_2,F1_2,L1,,,,
336055,L3,L1,L3,L1,L3,L1,L2,L1,L1,C1_3,D1_2,F1_2,L2,,,,
336056,L3,L1,L3,L1,L3,L1,L2,L1,L1,C1_3,D1_2,F1_2,L3,,,,
336057,L3,L1,L3,L1,L3,L1,L2,L1,L1,C1_3,D1_2,F1_3,L1,,,,
336058,L3,L1,L3,L1,L3,L1,L2,L1,L1,C1_3,D1_2,F1_3,L2,,,,
336059,L3,L1,L3,L1,L3,L1,L2,L1,L1,C1_3,D1_2,F1_3,L3,,,,
336060,L3,L1,L3,L1,L3,L1,L2,L1,L1,C1_3,D1_3,F1_1,L1,,,,
336061,L3,L1,L3,L1,L3,L1,L2,L1,L1,C1_3,D1_3,F1_1,L2,,,,
336062,L3,L1,L3,L1,L3,L1,L2,L1,L1,C1_3,D1_3,F1_1,L3,,,,
336063,L3,L1,L3,L1,L3,L1,L2,L1,L1,C1_3,D1_3,F1_2,L1,,,,
336064,L3,L1,L3,L1,L3,L1,L2,L1,L1,C1_3,D1_3,F1_2,L2,,,,
336065,L3,L1,L3,L1,L3,L1,L2,L1,L1,C1_3,D1_3,F1_2,L3,,,,
336066,L3,L1,L3,L1,L3,L1,L2,L1,L1,C1_3,D1_3,F1_3,L1,,,,
336067,L3,L1,L3,L1,L3,L1,L2,L1,L1,C1_3,D1_3,F1_3,L2,,,,
336068,L3,L1,L3,L1,L3,L1,L2,L1,L1,C1_3,D1_3,F1_3,L3,,,,
360396,L1,L1,L2,L3,L3,L1,L2,L1,L1,C1_1,D1_1,F1_1,L1,,,,
360397,L1,L1,L2,L3,L3,L1,L2,L1,L1,C1_1,D1_1,F1_1,L2,,,,
360398,L1,L1,L2,L3,L3,L1,L2,L1,L1,C1_1,D1_1,F1_1,L3,,,,
360399,L1,L1,L2,L3,L3,L1,L2,L1,L1,C1_1,D1_1,F1_2,L1,,,,
360400,L1,L1,L2,L3,L3,L1,L2,L1,L1,C1_1,D1_1,F1_2,L2,,,,
360401,L1,L1,L2,L3,L3,L1,L2,L1,L1,C1_1,D1_1,F1_2,L3,,,,
360402,L1,L1,L2,L3,L3,L1,L2,L1,L1,C1_1,D1_1,F1_3,L1,,,,
360403,L1,L1,L2,L3,L3,L1,L2,L1,L1,C1_1,D1_1,F1_3,L2,,,,
360404,L1,L1,L2,L3,L3,L1,L2,L1,L1,C1_1,D1_1,F1_3,L3,,,,
360405,L1,L1,L2,L3,L3,L1,L2,L1,L1,C1_1,D1_2,F1_1,L1,,,,
360406,L1,L1,L2,L3,L3,L1,L2,L1,L1,C1_1,D1_2,F1_1,L2,,,,
360407,L1,L1,L2,L3,L3,L1,L2,L1,L1,C1_1,D1_2,F1_1,L3,,,,
360408,L1,L1,L2,L3,L3,L1,L2,L1,L1,C1_1,D1_2,F1_2,L1,,,,
360409,L1,L1,L2,L3,L3,L1,L2,L1,L1,C1_1,D1_2,F1_2,L2,,,,
360410,L1,L1,L2,L3,L3,L1,L2,L1,L1,C1_1,D1_2,F1_2,L3,,,,
360411,L1,L1,L2,L3,L3,L1,L2,L1,L1,C1_1,D1_2,F1_3,L1,,,,
360412,L1,L1,L2,L3,L3,L1,L2,L1,L1,C1_1,D1_2,F1_3,L2,,,,
360413,L1,L1,L2,L3,L3,L1,L2,L1,L1,C1_1,D1_2,F1_3,L3,,,,
360414,L1,L1,L2,L3,L3,L1,L2,L1,L1,C1_1,D1_3,F1_1,L1,,,,
360415,L1,L1,L2,L3,L3,L1,L2,L1,L1,C1_1,D1_3,F1_1,L2,,,,
360416,L1,L1,L2,L3,L3,L1,L2,L1,L1,C1_1,D1_3,F1_1,L3,,,,
360417,L1,L1,L2,L3,L3,L1,L2,L1,L1,C1_1,D1_3,F1_2,L1,,,,
360418,L1,L1,L2,L3,L3,L1,L2,L1,L1,C1_1,D1_3,F1_2,L2,,,,
360419,L1,L1,L2,L3,L3,L1,L2,L1,L1,C1_1,D1_3,F1_2,L3,,,,
360420,L1,L1,L2,L3,L3,L1,L2,L1,L1,C1_1,D1_3,F1_3,L1,,,,
360421,L1,L1,L2,L3,L3,L1,L2,L1,L1,C1_1,D1_3,F1_3,L2,,,,
360422,L1,L1,L2,L3,L3,L1,L2,L1,L1,C1_1,D1_3,F1_3,L3,,,,
360423,L1,L1,L2,L3,L3,L1,L2,L1,L1,C1_2,D1_1,F1_1,L1,,,,
360424,L1,L1,L2,L3,L3,L1,L2,L1,L1,C1_2,D1_1,F1_1,L2,,,,
360425,L1,L1,L2,L3,L3,L1,L2,L1,L1,C1_2,D1_1,F1_1,L3,,,,
360426,L1,L1,L2,L3,L3,L1,L2,L1,L1,C1_2,D1_1,F1_2,L1,,,,
360427,L1,L1,L2,L3,L3,L1,L2,L1,L1,C1_2,D1_1,F1_2,L2,,,,
360428,L1,L1,L2,L3,L3,L1,L2,L1,L1,C1_2,D1_1,F1_2,L3,,,,
360429,L1,L1,L2,L3,L3,L1,L2,L1,L1,C1_2,D1_1,F1_3,L1,,,,
360430,L1,L1,L2,L3,L3,L1,L2,L1,L1,C1_2,D1_1,F1_3,L2,,,,
360431,L1,L1,L2,L3,L3,L1,L2,L1,L1,C1_2,D1_1,F1_3,L3,,,,
360432,L1,L1,L2,L3,L3,L1,L2,L1,L1,C1_2,D1_2,F1_1,L1,,,,
360433,L1,L1,L2,L3,L3,L1,L2,L1,L1,C1_2,D1_2,F1_1,L2,,,,
360434,L1,L1,L2,L3,L3,L1,L2,L1,L1,C1_2,D1_2,F1_1,L3,,,,
360435,L1,L1,L2,L3,L3,L1,L2,L1,L1,C1_2,D1_2,F1_2,L1,,,,
360436,L1,L1,L2,L3,L3,L1,L2,L1,L1,C1_2,D1_2,F1_2,L2,,,,
360437,L1,L1,L2,L3,L3,L1,L2,L1,L1,C1_2,D1_2,F1_2,L3,,,,
360438,L1,L1,L2,L3,L3,L1,L2,L1,L1,C1_2,D1_2,F1_3,L1,,,,
360439,L1,L1,L2,L3,L3,L1,L2,L1,L1,C1_2,D1_2,F1_3,L2,,,,
360440,L1,L1,L2,L3,L3,L1,L2,L1,L1,C1_2,D1_2,F1_3,L3,,,,
360441,L1,L1,L2,L3,L3,L1,L2,L1,L1,C1_2,D1_3,F1_1,L1,,,,
360442,L1,L1,L2,L3,L3,L1,L2,L1,L1,C1_2,D1_3,F1_1,L2,,,,
360443,L1,L1,L2,L3,L3,L1,L2,L1,L1,C1_2,D1_3,F1_1,L3,,,,
360444,L1,L1,L2,L3,L3,L1,L2,L1,L1,C1_2,D1_3,F1_2,L1,,,,
360445,L1,L1,L2,L3,L3,L1,L2,L1,L1,C1_2,D1_3,F1_2,L2,,,,
360446,L1,L1,L2,L3,L3,L1,L2,L1,L1,C1_2,D1_3,F1_2,L3,,,,
360447,L1,L1,L2,L3,L3,L1,L2,L1,L1,C1_2,D1_3,F1_3,L1,,,,
360448,L1,L1,L2,L3,L3,L1,L2,L1,L1,C1_2,D1_3,F1_3,L2,,,,
360449,L1,L1,L2,L3,L3,L1,L2,L1,L1,C1_2,D1_3,F1_3,L3,,,,
360450,L1,L1,L2,L3,L3,L1,L2,L1,L1,C1_3,D1_1,F1_1,L1,,,,
360451,L1,L1,L2,L3,L3,L1,L2,L1,L1,C1_3,D1_1,F1_1,L2,,,,
360452,L1,L1,L2,L3,L3,L1,L2,L1,L1,C1_3,D1_1,F1_1,L3,,,,
360453,L1,L1,L2,L3,L3,L1,L2,L1,L1,C1_3,D1_1,F1_2,L1,,,,
360454,L1,L1,L2,L3,L3,L1,L2,L1,L1,C1_3,D1_1,F1_2,L2,,,,
360455,L1,L1,L2,L3,L3,L1,L2,L1,L1,C1_3,D1_1,F1_2,L3,,,,
360456,L1,L1,L2,L3,L3,L1,L2,L1,L1,C1_3,D1_1,F1_3,L1,,,,
360457,L1,L1,L2,L3,L3,L1,L2,L1,L1,C1_3,D1_1,F1_3,L2,,,,
360458,L1,L1,L2,L3,L3,L1,L2,L1,L1,C1_3,D1_1,F1_3,L3,,,,
360459,L1,L1,L2,L3,L3,L1,L2,L1,L1,C1_3,D1_2,F1_1,L1,,,,
360460,L1,L1,L2,L3,L3,L1,L2,L1,L1,C1_3,D1_2,F1_1,L2,,,,
360461,L1,L1,L2,L3,L3,L1,L2,L1,L1,C1_3,D1_2,F1_1,L3,,,,
360462,L1,L1,L2,L3,L3,L1,L2,L1,L1,C1_3,D1_2,F1_2,L1,,,,
360463,L1,L1,L2,L3,L3,L1,L2,L1,L1,C1_3,D1_2,F1_2,L2,,,,
360464,L1,L1,L2,L3,L3,L1,L2,L1,L1,C1_3,D1_2,F1_2,L3,,,,
360465,L1,L1,L2,L3,L3,L1,L2,L1,L1,C1_3,D1_2,F1_3,L1,,,,
360466,L1,L1,L2,L3,L3,L1,L2,L1,L1,C1_3,D1_2,F1_3,L2,,,,
360467,L1,L1,L2,L3,L3,L1,L2,L1,L1,C1_3,D1_2,F1_3,L3,,,,
360468,L1,L1,L2,L3,L3,L1,L2,L1,L1,C1_3,D1_3,F1_1,L1,,,,
360469,L1,L1,L2,L3,L3,L1,L2,L1,L1,C1_3,D1_3,F1_1,L2,,,,
360470,L1,L1,L2,L3,L3,L1,L2,L1,L1,C1_3,D1_3,F1_1,L3,,,,
360471,L1,L1,L2,L3,L3,L1,L2,L1,L1,C1_3,D1_3,F1_2,L1,,,,
360472,L1,L1,L2,L3,L3,L1,L2,L1,L1,C1_3,D1_3,F1_2,L2,,,,
360473,L1,L1,L2,L3,L3,L1,L2,L1,L1,C1_3,D1_3,F1_2,L3,,,,
360474,L1,L1,L2,L3,L3,L1,L2,L1,L1,C1_3,D1_3,F1_3,L1,,,,
360475,L1,L1,L2,L3,L3,L1,L2,L1,L1,C1_3,D1_3,F1_3,L2,,,,
360476,L1,L1,L2,L3,L3,L1,L2,L1,L1,C1_3,D1_3,F1_3,L3,,,,
368307,L2,L3,L2,L3,L1,L1,L2,L1,L1,C1_1,D1_1,F1_1,L1,,,,
368308,L2,L3,L2,L3,L1,L1,L2,L1,L1,C1_1,D1_1,F1_1,L2,,,,
368309,L2,L3,L2,L3,L1,L1,L2,L1,L1,C1_1,D1_1,F1_1,L3,,,,
368310,L2,L3,L2,L3,L1,L1,L2,L1,L1,C1_1,D1_1,F1_2,L1,,,,
368311,L2,L3,L2,L3,L1,L1,L2,L1,L1,C1_1,D1_1,F1_2,L2,,,,
368312,L2,L3,L2,L3,L1,L1,L2,L1,L1,C1_1,D1_1,F1_2,L3,,,,
368313,L2,L3,L2,L3,L1,L1,L2,L1,L1,C1_1,D1_1,F1_3,L1,,,,
368314,L2,L3,L2,L3,L1,L1,L2,L1,L1,C1_1,D1_1,F1_3,L2,,,,
368315,L2,L3,L2,L3,L1,L1,L2,L1,L1,C1_1,D1_1,F1_3,L3,,,,
368316,L2,L3,L2,L3,L1,L1,L2,L1,L1,C1_1,D1_2,F1_1,L1,,,,
368317,L2,L3,L2,L3,L1,L1,L2,L1,L1,C1_1,D1_2,F1_1,L2,,,,
368318,L2,L3,L2,L3,L1,L1,L2,L1,L1,C1_1,D1_2,F1_1,L3,,,,
368319,L2,L3,L2,L3,L1,L1,L2,L1,L1,C1_1,D1_2,F1_2,L1,,,,
368320,L2,L3,L2,L3,L1,L1,L2,L1,L1,C1_1,D1_2,F1_2,L2,,,,
368321,L2,L3,L2,L3,L1,L1,L2,L1,L1,C1_1,D1_2,F1_2,L3,,,,
368322,L2,L3,L2,L3,L1,L1,L2,L1,L1,C1_1,D1_2,F1_3,L1,,,,
368323,L2,L3,L2,L3,L1,L1,L2,L1,L1,C1_1,D1_2,F1_3,L2,,,,
368324,L2,L3,L2,L3,L1,L1,L2,L1,L1,C1_1,D1_2,F1_3,L3,,,,
368325,L2,L3,L2,L3,L1,L1,L2,L1,L1,C1_1,D1_3,F1_1,L1,,,,
368326,L2,L3,L2,L3,L1,L1,L2,L1,L1,C1_1,D1_3,F1_1,L2,,,,
368327,L2,L3,L2,L3,L1,L1,L2,L1,L1,C1_1,D1_3,F1_1,L3,,,,
368328,L2,L3,L2,L3,L1,L1,L2,L1,L1,C1_1,D1_3,F1_2,L1,,,,
368329,L2,L3,L2,L3,L1,L1,L2,L1,L1,C1_1,D1_3,F1_2,L2,,,,
368330,L2,L3,L2,L3,L1,L1,L2,L1,L1,C1_1,D1_3,F1_2,L3,,,,
368331,L2,L3,L2,L3,L1,L1,L2,L1,L1,C1_1,D1_3,F1_3,L1,,,,
368332,L2,L3,L2,L3,L1,L1,L2,L1,L1,C1_1,D1_3,F1_3,L2,,,,
368333,L2,L3,L2,L3,L1,L1,L2,L1,L1,C1_1,D1_3,F1_3,L3,,,,
368334,L2,L3,L2,L3,L1,L1,L2,L1,L1,C1_2,D1_1,F1_1,L1,,,,
368335,L2,L3,L2,L3,L1,L1,L2,L1,L1,C1_2,D1_1,F1_1,L2,,,,
368336,L2,L3,L2,L3,L1,L1,L2,L1,L1,C1_2,D1_1,F1_1,L3,,,,
368337,L2,L3,L2,L3,L1,L1,L2,L1,L1,C1_2,D1_1,F1_2,L1,,,,
368338,L2,L3,L2,L3,L1,L1,L2,L1,L1,C1_2,D1_1,F1_2,L2,,,,
368339,L2,L3,L2,L3,L1,L1,L2,L1,L1,C1_2,D1_1,F1_2,L3,,,,
368340,L2,L3,L2,L3,L1,L1,L2,L1,L1,C1_2,D1_1,F1_3,L1,,,,
368341,L2,L3,L2,L3,L1,L1,L2,L1,L1,C1_2,D1_1,F1_3,L2,,,,
368342,L2,L3,L2,L3,L1,L1,L2,L1,L1,C1_2,D1_1,F1_3,L3,,,,
368343,L2,L3,L2,L3,L1,L1,L2,L1,L1,C1_2,D1_2,F1_1,L1,,,,
368344,L2,L3,L2,L3,L1,L1,L2,L1,L1,C1_2,D1_2,F1_1,L2,,,,
368345,L2,L3,L2,L3,L1,L1,L2,L1,L1,C1_2,D1_2,F1_1,L3,,,,
368346,L2,L3,L2,L3,L1,L1,L2,L1,L1,C1_2,D1_2,F1_2,L1,,,,
368347,L2,L3,L2,L3,L1,L1,L2,L1,L1,C1_2,D1_2,F1_2,L2,,,,
368348,L2,L3,L2,L3,L1,L1,L2,L1,L1,C1_2,D1_2,F1_2,L3,,,,
368349,L2,L3,L2,L3,L1,L1,L2,L1,L1,C1_2,D1_2,F1_3,L1,,,,
368350,L2,L3,L2,L3,L1,L1,L2,L1,L1,C1_2,D1_2,F1_3,L2,,,,
368351,L2,L3,L2,L3,L1,L1,L2,L1,L1,C1_2,D1_2,F1_3,L3,,,,
368352,L2,L3,L2,L3,L1,L1,L2,L1,L1,C1_2,D1_3,F1_1,L1,,,,
368353,L2,L3,L2,L3,L1,L1,L2,L1,L1,C1_2,D1_3,F1_1,L2,,,,
368354,L2,L3,L2,L3,L1,L1,L2,L1,L1,C1_2,D1_3,F1_1,L3,,,,
368355,L2,L3,L2,L3,L1,L1,L2,L1,L1,C1_2,D1_3,F1_2,L1,,,,
368356,L2,L3,L2,L3,L1,L1,L2,L1,L1,C1_2,D1_3,F1_2,L2,,,,
368357,L2,L3,L2,L3,L1,L1,L2,L1,L1,C1_2,D1_3,F1_2,L3,,,,
368358,L2,L3,L2,L3,L1,L1,L2,L1,L1,C1_2,D1_3,F1_3,L1,,,,
368359,L2,L3,L2,L3,L1,L1,L2,L1,L1,C1_2,D1_3,F1_3,L2,,,,
368360,L2,L3,L2,L3,L1,L1,L2,L1,L1,C1_2,D1_3,F1_3,L3,,,,
368361,L2,L3,L2,L3,L1,L1,L2,L1,L1,C1_3,D1_1,F1_1,L1,,,,
368362,L2,L3,L2,L3,L1,L1,L2,L1,L1,C1_3,D1_1,F1_1,L2,,,,
368363,L2,L3,L2,L3,L1,L1,L2,L1,L1,C1_3,D1_1,F1_1,L3,,,,
368364,L2,L3,L2,L3,L1,L1,L2,L1,L1,C1_3,D1_1,F1_2,L1,,,,
368365,L2,L3,L2,L3,L1,L1,L2,L1,L1,C1_3,D1_1,F1_2,L2,,,,
368366,L2,L3,L2,L3,L1,L1,L2,L1,L1,C1_3,D1_1,F1_2,L3,,,,
368367,L2,L3,L2,L3,L1,L1,L2,L1,L1,C1_3,D1_1,F1_3,L1,,,,
368368,L2,L3,L2,L3,L1,L1,L2,L1,L1,C1_3,D1_1,F1_3,L2,,,,
368369,L2,L3,L2,L3,L1,L1,L2,L1,L1,C1_3,D1_1,F1_3,L3,,,,
368370,L2,L3,L2,L3,L1,L1,L2,L1,L1,C1_3,D1_2,F1_1,L1,,,,
368371,L2,L3,L2,L3,L1,L1,L2,L1,L1,C1_3,D1_2,F1_1,L2,,,,
368372,L2,L3,L2,L3,L1,L1,L2,L1,L1,C1_3,D1_2,F1_1,L3,,,,
368373,L2,L3,L2,L3,L1,L1,L2,L1,L1,C1_3,D1_2,F1_2,L1,,,,
368374,L2,L3,L2,L3,L1,L1,L2,L1,L1,C1_3,D1_2,F1_2,L2,,,,
368375,L2,L3,L2,L3,L1,L1,L2,L1,L1,C1_3,D1_2,F1_2,L3,,,,
368376,L2,L3,L2,L3,L1,L1,L2,L1,L1,C1_3,D1_2,F1_3,L1,,,,
368377,L2,L3,L2,L3,L1,L1,L2,L1,L1,C1_3,D1_2,F1_3,L2,,,,
368378,L2,L3,L2,L3,L1,L1,L2,L1,L1,C1_3,D1_2,F1_3,L3,,,,
368379,L2,L3,L2,L3,L1,L1,L2,L1,L1,C1_3,D1_3,F1_1,L1,,,,
368380,L2,L3,L2,L3,L1,L1,L2,L1,L1,C1_3,D1_3,F1_1,L2,,,,
368381,L2,L3,L2,L3,L1,L1,L2,L1,L1,C1_3,D1_3,F1_1,L3,,,,
368382,L2,L3,L2,L3,L1,L1,L2,L1,L1,C1_3,D1_3,F1_2,L1,,,,
368383,L2,L3,L2,L3,L1,L1,L2,L1,L1,C1_3,D1_3,F1_2,L2,,,,
368384,L2,L3,L2,L3,L1,L1,L2,L1,L1,C1_3,D1_3,F1_2,L3,,,,
368385,L2,L3,L2,L3,L1,L1,L2,L1,L1,C1_3,D1_3,F1_3,L1,,,,
368386,L2,L3,L2,L3,L1,L1,L2,L1,L1,C1_3,D1_3,F1_3,L2,,,,
368387,L2,L3,L2,L3,L1,L1,L2,L1,L1,C1_3,D1_3,F1_3,L3,,,,
392634,L2,L1,L1,L3,L1,L1,L2,L1,L1,C1_1,D1_1,F1_1,L1,,,,
392635,L2,L1,L1,L3,L1,L1,L2,L1,L1,C1_1,D1_1,F1_1,L2,,,,
392636,L2,L1,L1,L3,L1,L1,L2,L1,L1,C1_1,D1_1,F1_1,L3,,,,
392637,L2,L1,L1,L3,L1,L1,L2,L1,L1,C1_1,D1_1,F1_2,L1,,,,
392638,L2,L1,L1,L3,L1,L1,L2,L1,L1,C1_1,D1_1,F1_2,L2,,,,
392639,L2,L1,L1,L3,L1,L1,L2,L1,L1,C1_1,D1_1,F1_2,L3,,,,
392640,L2,L1,L1,L3,L1,L1,L2,L1,L1,C1_1,D1_1,F1_3,L1,,,,
392641,L2,L1,L1,L3,L1,L1,L2,L1,L1,C1_1,D1_1,F1_3,L2,,,,
392642,L2,L1,L1,L3,L1,L1,L2,L1,L1,C1_1,D1_1,F1_3,L3,,,,
392643,L2,L1,L1,L3,L1,L1,L2,L1,L1,C1_1,D1_2,F1_1,L1,,,,
392644,L2,L1,L1,L3,L1,L1,L2,L1,L1,C1_1,D1_2,F1_1,L2,,,,
392645,L2,L1,L1,L3,L1,L1,L2,L1,L1,C1_1,D1_2,F1_1,L3,,,,
392646,L2,L1,L1,L3,L1,L1,L2,L1,L1,C1_1,D1_2,F1_2,L1,,,,
392647,L2,L1,L1,L3,L1,L1,L2,L1,L1,C1_1,D1_2,F1_2,L2,,,,
392648,L2,L1,L1,L3,L1,L1,L2,L1,L1,C1_1,D1_2,F1_2,L3,,,,
392649,L2,L1,L1,L3,L1,L1,L2,L1,L1,C1_1,D1_2,F1_3,L1,,,,
392650,L2,L1,L1,L3,L1,L1,L2,L1,L1,C1_1,D1_2,F1_3,L2,,,,
392651,L2,L1,L1,L3,L1,L1,L2,L1,L1,C1_1,D1_2,F1_3,L3,,,,
392652,L2,L1,L1,L3,L1,L1,L2,L1,L1,C1_1,D1_3,F1_1,L1,,,,
392653,L2,L1,L1,L3,L1,L1,L2,L1,L1,C1_1,D1_3,F1_1,L2,,,,
392654,L2,L1,L1,L3,L1,L1,L2,L1,L1,C1_1,D1_3,F1_1,L3,,,,
392655,L2,L1,L1,L3,L1,L1,L2,L1,L1,C1_1,D1_3,F1_2,L1,,,,
392656,L2,L1,L1,L3,L1,L1,L2,L1,L1,C1_1,D1_3,F1_2,L2,,,,
392657,L2,L1,L1,L3,L1,L1,L2,L1,L1,C1_1,D1_3,F1_2,L3,,,,
392658,L2,L1,L1,L3,L1,L1,L2,L1,L1,C1_1,D1_3,F1_3,L1,,,,
392659,L2,L1,L1,L3,L1,L1,L2,L1,L1,C1_1,D1_3,F1_3,L2,,,,
392660,L2,L1,L1,L3,L1,L1,L2,L1,L1,C1_1,D1_3,F1_3,L3,,,,
392661,L2,L1,L1,L3,L1,L1,L2,L1,L1,C1_2,D1_1,F1_1,L1,,,,
392662,L2,L1,L1,L3,L1,L1,L2,L1,L1,C1_2,D1_1,F1_1,L2,,,,
392663,L2,L1,L1,L3,L1,L1,L2,L1,L1,C1_2,D1_1,F1_1,L3,,,,
392664,L2,L1,L1,L3,L1,L1,L2,L1,L1,C1_2,D1_1,F1_2,L1,,,,
392665,L2,L1,L1,L3,L1,L1,L2,L1,L1,C1_2,D1_1,F1_2,L2,,,,
392666,L2,L1,L1,L3,L1,L1,L2,L1,L1,C1_2,D1_1,F1_2,L3,,,,
392667,L2,L1,L1,L3,L1,L1,L2,L1,L1,C1_2,D1_1,F1_3,L1,,,,
392668,L2,L1,L1,L3,L1,L1,L2,L1,L1,C1_2,D1_1,F1_3,L2,,,,
392669,L2,L1,L1,L3,L1,L1,L2,L1,L1,C1_2,D1_1,F1_3,L3,,,,
392670,L2,L1,L1,L3,L1,L1,L2,L1,L1,C1_2,D1_2,F1_1,L1,,,,
392671,L2,L1,L1,L3,L1,L1,L2,L1,L1,C1_2,D1_2,F1_1,L2,,,,
392672,L2,L1,L1,L3,L1,L1,L2,L1,L1,C1_2,D1_2,F1_1,L3,,,,
392673,L2,L1,L1,L3,L1,L1,L2,L1,L1,C1_2,D1_2,F1_2,L1,,,,
392674,L2,L1,L1,L3,L1,L1,L2,L1,L1,C1_2,D1_2,F1_2,L2,,,,
392675,L2,L1,L1,L3,L1,L1,L2,L1,L1,C1_2,D1_2,F1_2,L3,,,,
392676,L2,L1,L1,L3,L1,L1,L2,L1,L1,C1_2,D1_2,F1_3,L1,,,,
392677,L2,L1,L1,L3,L1,L1,L2,L1,L1,C1_2,D1_2,F1_3,L2,,,,
392678,L2,L1,L1,L3,L1,L1,L2,L1,L1,C1_2,D1_2,F1_3,L3,,,,
392679,L2,L1,L1,L3,L1,L1,L2,L1,L1,C1_2,D1_3,F1_1,L1,,,,
392680,L2,L1,L1,L3,L1,L1,L2,L1,L1,C1_2,D1_3,F1_1,L2,,,,
392681,L2,L1,L1,L3,L1,L1,L2,L1,L1,C1_2,D1_3,F1_1,L3,,,,
392682,L2,L1,L1,L3,L1,L1,L2,L1,L1,C1_2,D1_3,F1_2,L1,,,,
392683,L2,L1,L1,L3,L1,L1,L2,L1,L1,C1_2,D1_3,F1_2,L2,,,,
392684,L2,L1,L1,L3,L1,L1,L2,L1,L1,C1_2,D1_3,F1_2,L3,,,,
392685,L2,L1,L1,L3,L1,L1,L2,L1,L1,C1_2,D1_3,F1_3,L1,,,,
392686,L2,L1,L1,L3,L1,L1,L2,L1,L1,C1_2,D1_3,F1_3,L2,,,,
392687,L2,L1,L1,L3,L1,L1,L2,L1,L1,C1_2,D1_3,F1_3,L3,,,,
392688,L2,L1,L1,L3,L1,L1,L2,L1,L1,C1_3,D1_1,F1_1,L1,,,,
392689,L2,L1,L1,L3,L1,L1,L2,L1,L1,C1_3,D1_1,F1_1,L2,,,,
392690,L2,L1,L1,L3,L1,L1,L2,L1,L1,C1_3,D1_1,F1_1,L3,,,,
392691,L2,L1,L1,L3,L1,L1,L2,L1,L1,C1_3,D1_1,F1_2,L1,,,,
392692,L2,L1,L1,L3,L1,L1,L2,L1,L1,C1_3,D1_1,F1_2,L2,,,,
392693,L2,L1,L1,L3,L1,L1,L2,L1,L1,C1_3,D1_1,F1_2,L3,,,,
392694,L2,L1,L1,L3,L1,L1,L2,L1,L1,C1_3,D1_1,F1_3,L1,,,,
392695,L2,L1,L1,L3,L1,L1,L2,L1,L1,C1_3,D1_1,F1_3,L2,,,,
392696,L2,L1,L1,L3,L1,L1,L2,L1,L1,C1_3,D1_1,F1_3,L3,,,,
392697,L2,L1,L1,L3,L1,L1,L2,L1,L1,C1_3,D1_2,F1_1,L1,,,,
392698,L2,L1,L1,L3,L1,L1,L2,L1,L1,C1_3,D1_2,F1_1,L2,,,,
392699,L2,L1,L1,L3,L1,L1,L2,L1,L1,C1_3,D1_2,F1_1,L3,,,,
392700,L2,L1,L1,L3,L1,L1,L2,L1,L1,C1_3,D1_2,F1_2,L1,,,,
392701,L2,L1,L1,L3,L1,L1,L2,L1,L1,C1_3,D1_2,F1_2,L2,,,,
392702,L2,L1,L1,L3,L1,L1,L2,L1,L1,C1_3,D1_2,F1_2,L3,,,,
392703,L2,L1,L1,L3,L1,L1,L2,L1,L1,C1_3,D1_2,F1_3,L1,,,,
392704,L2,L1,L1,L3,L1,L1,L2,L1,L1,C1_3,D1_2,F1_3,L2,,,,
392705,L2,L1,L1,L3,L1,L1,L2,L1,L1,C1_3,D1_2,F1_3,L3,,,,
392706,L2,L1,L1,L3,L1,L1,L2,L1,L1,C1_3,D1_3,F1_1,L1,,,,
392707,L2,L1,L1,L3,L1,L1,L2,L1,L1,C1_3,D1_3,F1_1,L2,,,,
392708,L2,L1,L1,L3,L1,L1,L2,L1,L1,C1_3,D1_3,F1_1,L3,,,,
392709,L2,L1,L1,L3,L1,L1,L2,L1,L1,C1_3,D1_3,F1_2,L1,,,,
392710,L2,L1,L1,L3,L1,L1,L2,L1,L1,C1_3,D1_3,F1_2,L2,,,,
392711,L2,L1,L1,L3,L1,L1,L2,L1,L1,C1_3,D1_3,F1_2,L3,,,,
392712,L2,L1,L1,L3,L1,L1,L2,L1,L1,C1_3,D1_3,F1_3,L1,,,,
392713,L2,L1,L1,L3,L1,L1,L2,L1,L1,C1_3,D1_3,F1_3,L2,,,,
392714,L2,L1,L1,L3,L1,L1,L2,L1,L1,C1_3,D1_3,F1_3,L3,,,,
396792,L1,L1,L1,L2,L2,L1,L2,L1,L1,C1_1,D1_1,F1_1,L1,,,,
396793,L1,L1,L1,L2,L2,L1,L2,L1,L1,C1_1,D1_1,F1_1,L2,,,,
396794,L1,L1,L1,L2,L2,L1,L2,L1,L1,C1_1,D1_1,F1_1,L3,,,,
396795,L1,L1,L1,L2,L2,L1,L2,L1,L1,C1_1,D1_1,F1_2,L1,,,,
396796,L1,L1,L1,L2,L2,L1,L2,L1,L1,C1_1,D1_1,F1_2,L2,,,,
396797,L1,L1,L1,L2,L2,L1,L2,L1,L1,C1_1,D1_1,F1_2,L3,,,,
396798,L1,L1,L1,L2,L2,L1,L2,L1,L1,C1_1,D1_1,F1_3,L1,,,,
396799,L1,L1,L1,L2,L2,L1,L2,L1,L1,C1_1,D1_1,F1_3,L2,,,,
396800,L1,L1,L1,L2,L2,L1,L2,L1,L1,C1_1,D1_1,F1_3,L3,,,,
396801,L1,L1,L1,L2,L2,L1,L2,L1,L1,C1_1,D1_2,F1_1,L1,,,,
396802,L1,L1,L1,L2,L2,L1,L2,L1,L1,C1_1,D1_2,F1_1,L2,,,,
396803,L1,L1,L1,L2,L2,L1,L2,L1,L1,C1_1,D1_2,F1_1,L3,,,,
396804,L1,L1,L1,L2,L2,L1,L2,L1,L1,C1_1,D1_2,F1_2,L1,,,,
396805,L1,L1,L1,L2,L2,L1,L2,L1,L1,C1_1,D1_2,F1_2,L2,,,,
396806,L1,L1,L1,L2,L2,L1,L2,L1,L1,C1_1,D1_2,F1_2,L3,,,,
396807,L1,L1,L1,L2,L2,L1,L2,L1,L1,C1_1,D1_2,F1_3,L1,,,,
396808,L1,L1,L1,L2,L2,L1,L2,L1,L1,C1_1,D1_2,F1_3,L2,,,,
396809,L1,L1,L1,L2,L2,L1,L2,L1,L1,C1_1,D1_2,F1_3,L3,,,,
396810,L1,L1,L1,L2,L2,L1,L2,L1,L1,C1_1,D1_3,F1_1,L1,,,,
396811,L1,L1,L1,L2,L2,L1,L2,L1,L1,C1_1,D1_3,F1_1,L2,,,,
396812,L1,L1,L1,L2,L2,L1,L2,L1,L1,C1_1,D1_3,F1_1,L3,,,,
396813,L1,L1,L1,L2,L2,L1,L2,L1,L1,C1_1,D1_3,F1_2,L1,,,,
396814,L1,L1,L1,L2,L2,L1,L2,L1,L1,C1_1,D1_3,F1_2,L2,,,,
396815,L1,L1,L1,L2,L2,L1,L2,L1,L1,C1_1,D1_3,F1_2,L3,,,,
396816,L1,L1,L1,L2,L2,L1,L2,L1,L1,C1_1,D1_3,F1_3,L1,,,,
396817,L1,L1,L1,L2,L2,L1,L2,L1,L1,C1_1,D1_3,F1_3,L2,,,,
396818,L1,L1,L1,L2,L2,L1,L2,L1,L1,C1_1,D1_3,F1_3,L3,,,,
396819,L1,L1,L1,L2,L2,L1,L2,L1,L1,C1_2,D1_1,F1_1,L1,,,,
396820,L1,L1,L1,L2,L2,L1,L2,L1,L1,C1_2,D1_1,F1_1,L2,,,,
396821,L1,L1,L1,L2,L2,L1,L2,L1,L1,C1_2,D1_1,F1_1,L3,,,,
396822,L1,L1,L1,L2,L2,L1,L2,L1,L1,C1_2,D1_1,F1_2,L1,,,,
396823,L1,L1,L1,L2,L2,L1,L2,L1,L1,C1_2,D1_1,F1_2,L2,,,,
396824,L1,L1,L1,L2,L2,L1,L2,L1,L1,C1_2,D1_1,F1_2,L3,,,,
396825,L1,L1,L1,L2,L2,L1,L2,L1,L1,C1_2,D1_1,F1_3,L1,,,,
396826,L1,L1,L1,L2,L2,L1,L2,L1,L1,C1_2,D1_1,F1_3,L2,,,,
396827,L1,L1,L1,L2,L2,L1,L2,L1,L1,C1_2,D1_1,F1_3,L3,,,,
396828,L1,L1,L1,L2,L2,L1,L2,L1,L1,C1_2,D1_2,F1_1,L1,,,,
396829,L1,L1,L1,L2,L2,L1,L2,L1,L1,C1_2,D1_2,F1_1,L2,,,,
396830,L1,L1,L1,L2,L2,L1,L2,L1,L1,C1_2,D1_2,F1_1,L3,,,,
396831,L1,L1,L1,L2,L2,L1,L2,L1,L1,C1_2,D1_2,F1_2,L1,,,,
396832,L1,L1,L1,L2,L2,L1,L2,L1,L1,C1_2,D1_2,F1_2,L2,,,,
396833,L1,L1,L1,L2,L2,L1,L2,L1,L1,C1_2,D1_2,F1_2,L3,,,,
396834,L1,L1,L1,L2,L2,L1,L2,L1,L1,C1_2,D1_2,F1_3,L1,,,,
396835,L1,L1,L1,L2,L2,L1,L2,L1,L1,C1_2,D1_2,F1_3,L2,,,,
396836,L1,L1,L1,L2,L2,L1,L2,L1,L1,C1_2,D1_2,F1_3,L3,,,,
396837,L1,L1,L1,L2,L2,L1,L2,L1,L1,C1_2,D1_3,F1_1,L1,,,,
396838,L1,L1,L1,L2,L2,L1,L2,L1,L1,C1_2,D1_3,F1_1,L2,,,,
396839,L1,L1,L1,L2,L2,L1,L2,L1,L1,C1_2,D1_3,F1_1,L3,,,,
396840,L1,L1,L1,L2,L2,L1,L2,L1,L1,C1_2,D1_3,F1_2,L1,,,,
396841,L1,L1,L1,L2,L2,L1,L2,L1,L1,C1_2,D1_3,F1_2,L2,,,,
396842,L1,L1,L1,L2,L2,L1,L2,L1,L1,C1_2,D1_3,F1_2,L3,,,,
396843,L1,L1,L1,L2,L2,L1,L2,L1,L1,C1_2,D1_3,F1_3,L1,,,,
396844,L1,L1,L1,L2,L2,L1,L2,L1,L1,C1_2,D1_3,F1_3,L2,,,,
396845,L1,L1,L1,L2,L2,L1,L2,L1,L1,C1_2,D1_3,F1_3,L3,,,,
396846,L1,L1,L1,L2,L2,L1,L2,L1,L1,C1_3,D1_1,F1_1,L1,,,,
396847,L1,L1,L1,L2,L2,L1,L2,L1,L1,C1_3,D1_1,F1_1,L2,,,,
396848,L1,L1,L1,L2,L2,L1,L2,L1,L1,C1_3,D1_1,F1_1,L3,,,,
396849,L1,L1,L1,L2,L2,L1,L2,L1,L1,C1_3,D1_1,F1_2,L1,,,,
396850,L1,L1,L1,L2,L2,L1,L2,L1,L1,C1_3,D1_1,F1_2,L2,,,,
396851,L1,L1,L1,L2,L2,L1,L2,L1,L1,C1_3,D1_1,F1_2,L3,,,,
396852,L1,L1,L1,L2,L2,L1,L2,L1,L1,C1_3,D1_1,F1_3,L1,,,,
396853,L1,L1,L1,L2,L2,L1,L2,L1,L1,C1_3,D1_1,F1_3,L2,,,,
396854,L1,L1,L1,L2,L2,L1,L2,L1,L1,C1_3,D1_1,F1_3,L3,,,,
396855,L1,L1,L1,L2,L2,L1,L2,L1,L1,C1_3,D1_2,F1_1,L1,,,,
396856,L1,L1,L1,L2,L2,L1,L2,L1,L1,C1_3,D1_2,F1_1,L2,,,,
396857,L1,L1,L1,L2,L2,L1,L2,L1,L1,C1_3,D1_2,F1_1,L3,,,,
396858,L1,L1,L1,L2,L2,L1,L2,L1,L1,C1_3,D1_2,F1_2,L1,,,,
396859,L1,L1,L1,L2,L2,L1,L2,L1,L1,C1_3,D1_2,F1_2,L2,,,,
396860,L1,L1,L1,L2,L2,L1,L2,L1,L1,C1_3,D1_2,F1_2,L3,,,,
396861,L1,L1,L1,L2,L2,L1,L2,L1,L1,C1_3,D1_2,F1_3,L1,,,,
396862,L1,L1,L1,L2,L2,L1,L2,L1,L1,C1_3,D1_2,F1_3,L2,,,,
396863,L1,L1,L1,L2,L2,L1,L2,L1,L1,C1_3,D1_2,F1_3,L3,,,,
396864,L1,L1,L1,L2,L2,L1,L2,L1,L1,C1_3,D1_3,F1_1,L1,,,,
396865,L1,L1,L1,L2,L2,L1,L2,L1,L1,C1_3,D1_3,F1_1,L2,,,,
396866,L1,L1,L1,L2,L2,L1,L2,L1,L1,C1_3,D1_3,F1_1,L3,,,,
396867,L1,L1,L1,L2,L2,L1,L2,L1,L1,C1_3,D1_3,F1_2,L1,,,,
396868,L1,L1,L1,L2,L2,L1,L2,L1,L1,C1_3,D1_3,F1_2,L2,,,,
396869,L1,L1,L1,L2,L2,L1,L2,L1,L1,C1_3,D1_3,F1_2,L3,,,,
396870,L1,L1,L1,L2,L2,L1,L2,L1,L1,C1_3,D1_3,F1_3,L1,,,,
396871,L1,L1,L1,L2,L2,L1,L2,L1,L1,C1_3,D1_3,F1_3,L2,,,,
396872,L1,L1,L1,L2,L2,L1,L2,L1,L1,C1_3,D1_3,F1_3,L3,,,,
426762,L2,L2,L1,L3,L3,L1,L2,L1,L1,C1_1,D1_1,F1_1,L1,,,,
426763,L2,L2,L1,L3,L3,L1,L2,L1,L1,C1_1,D1_1,F1_1,L2,,,,
426764,L2,L2,L1,L3,L3,L1,L2,L1,L1,C1_1,D1_1,F1_1,L3,,,,
426765,L2,L2,L1,L3,L3,L1,L2,L1,L1,C1_1,D1_1,F1_2,L1,,,,
426766,L2,L2,L1,L3,L3,L1,L2,L1,L1,C1_1,D1_1,F1_2,L2,,,,
426767,L2,L2,L1,L3,L3,L1,L2,L1,L1,C1_1,D1_1,F1_2,L3,,,,
426768,L2,L2,L1,L3,L3,L1,L2,L1,L1,C1_1,D1_1,F1_3,L1,,,,
426769,L2,L2,L1,L3,L3,L1,L2,L1,L1,C1_1,D1_1,F1_3,L2,,,,
426770,L2,L2,L1,L3,L3,L1,L2,L1,L1,C1_1,D1_1,F1_3,L3,,,,
426771,L2,L2,L1,L3,L3,L1,L2,L1,L1,C1_1,D1_2,F1_1,L1,,,,
426772,L2,L2,L1,L3,L3,L1,L2,L1,L1,C1_1,D1_2,F1_1,L2,,,,
426773,L2,L2,L1,L3,L3,L1,L2,L1,L1,C1_1,D1_2,F1_1,L3,,,,
426774,L2,L2,L1,L3,L3,L1,L2,L1,L1,C1_1,D1_2,F1_2,L1,,,,
426775,L2,L2,L1,L3,L3,L1,L2,L1,L1,C1_1,D1_2,F1_2,L2,,,,
426776,L2,L2,L1,L3,L3,L1,L2,L1,L1,C1_1,D1_2,F1_2,L3,,,,
426777,L2,L2,L1,L3,L3,L1,L2,L1,L1,C1_1,D1_2,F1_3,L1,,,,
426778,L2,L2,L1,L3,L3,L1,L2,L1,L1,C1_1,D1_2,F1_3,L2,,,,
426779,L2,L2,L1,L3,L3,L1,L2,L1,L1,C1_1,D1_2,F1_3,L3,,,,
426780,L2,L2,L1,L3,L3,L1,L2,L1,L1,C1_1,D1_3,F1_1,L1,,,,
426781,L2,L2,L1,L3,L3,L1,L2,L1,L1,C1_1,D1_3,F1_1,L2,,,,
426782,L2,L2,L1,L3,L3,L1,L2,L1,L1,C1_1,D1_3,F1_1,L3,,,,
426783,L2,L2,L1,L3,L3,L1,L2,L1,L1,C1_1,D1_3,F1_2,L1,,,,
426784,L2,L2,L1,L3,L3,L1,L2,L1,L1,C1_1,D1_3,F1_2,L2,,,,
426785,L2,L2,L1,L3,L3,L1,L2,L1,L1,C1_1,D1_3,F1_2,L3,,,,
426786,L2,L2,L1,L3,L3,L1,L2,L1,L1,C1_1,D1_3,F1_3,L1,,,,
426787,L2,L2,L1,L3,L3,L1,L2,L1,L1,C1_1,D1_3,F1_3,L2,,,,
426788,L2,L2,L1,L3,L3,L1,L2,L1,L1,C1_1,D1_3,F1_3,L3,,,,
426789,L2,L2,L1,L3,L3,L1,L2,L1,L1,C1_2,D1_1,F1_1,L1,,,,
426790,L2,L2,L1,L3,L3,L1,L2,L1,L1,C1_2,D1_1,F1_1,L2,,,,
426791,L2,L2,L1,L3,L3,L1,L2,L1,L1,C1_2,D1_1,F1_1,L3,,,,
426792,L2,L2,L1,L3,L3,L1,L2,L1,L1,C1_2,D1_1,F1_2,L1,,,,
426793,L2,L2,L1,L3,L3,L1,L2,L1,L1,C1_2,D1_1,F1_2,L2,,,,
426794,L2,L2,L1,L3,L3,L1,L2,L1,L1,C1_2,D1_1,F1_2,L3,,,,
426795,L2,L2,L1,L3,L3,L1,L2,L1,L1,C1_2,D1_1,F1_3,L1,,,,
426796,L2,L2,L1,L3,L3,L1,L2,L1,L1,C1_2,D1_1,F1_3,L2,,,,
426797,L2,L2,L1,L3,L3,L1,L2,L1,L1,C1_2,D1_1,F1_3,L3,,,,
426798,L2,L2,L1,L3,L3,L1,L2,L1,L1,C1_2,D1_2,F1_1,L1,,,,
426799,L2,L2,L1,L3,L3,L1,L2,L1,L1,C1_2,D1_2,F1_1,L2,,,,
426800,L2,L2,L1,L3,L3,L1,L2,L1,L1,C1_2,D1_2,F1_1,L3,,,,
426801,L2,L2,L1,L3,L3,L1,L2,L1,L1,C1_2,D1_2,F1_2,L1,,,,
426802,L2,L2,L1,L3,L3,L1,L2,L1,L1,C1_2,D1_2,F1_2,L2,,,,
426803,L2,L2,L1,L3,L3,L1,L2,L1,L1,C1_2,D1_2,F1_2,L3,,,,
426804,L2,L2,L1,L3,L3,L1,L2,L1,L1,C1_2,D1_2,F1_3,L1,,,,
426805,L2,L2,L1,L3,L3,L1,L2,L1,L1,C1_2,D1_2,F1_3,L2,,,,
426806,L2,L2,L1,L3,L3,L1,L2,L1,L1,C1_2,D1_2,F1_3,L3,,,,
426807,L2,L2,L1,L3,L3,L1,L2,L1,L1,C1_2,D1_3,F1_1,L1,,,,
426808,L2,L2,L1,L3,L3,L1,L2,L1,L1,C1_2,D1_3,F1_1,L2,,,,
426809,L2,L2,L1,L3,L3,L1,L2,L1,L1,C1_2,D1_3,F1_1,L3,,,,
426810,L2,L2,L1,L3,L3,L1,L2,L1,L1,C1_2,D1_3,F1_2,L1,,,,
426811,L2,L2,L1,L3,L3,L1,L2,L1,L1,C1_2,D1_3,F1_2,L2,,,,
426812,L2,L2,L1,L3,L3,L1,L2,L1,L1,C1_2,D1_3,F1_2,L3,,,,
426813,L2,L2,L1,L3,L3,L1,L2,L1,L1,C1_2,D1_3,F1_3,L1,,,,
426814,L2,L2,L1,L3,L3,L1,L2,L1,L1,C1_2,D1_3,F1_3,L2,,,,
426815,L2,L2,L1,L3,L3,L1,L2,L1,L1,C1_2,D1_3,F1_3,L3,,,,
426816,L2,L2,L1,L3,L3,L1,L2,L1,L1,C1_3,D1_1,F1_1,L1,,,,
426817,L2,L2,L1,L3,L3,L1,L2,L1,L1,C1_3,D1_1,F1_1,L2,,,,
426818,L2,L2,L1,L3,L3,L1,L2,L1,L1,C1_3,D1_1,F1_1,L3,,,,
426819,L2,L2,L1,L3,L3,L1,L2,L1,L1,C1_3,D1_1,F1_2,L1,,,,
426820,L2,L2,L1,L3,L3,L1,L2,L1,L1,C1_3,D1_1,F1_2,L2,,,,
426821,L2,L2,L1,L3,L3,L1,L2,L1,L1,C1_3,D1_1,F1_2,L3,,,,
426822,L2,L2,L1,L3,L3,L1,L2,L1,L1,C1_3,D1_1,F1_3,L1,,,,
426823,L2,L2,L1,L3,L3,L1,L2,L1,L1,C1_3,D1_1,F1_3,L2,,,,
426824,L2,L2,L1,L3,L3,L1,L2,L1,L1,C1_3,D1_1,F1_3,L3,,,,
426825,L2,L2,L1,L3,L3,L1,L2,L1,L1,C1_3,D1_2,F1_1,L1,,,,
426826,L2,L2,L1,L3,L3,L1,L2,L1,L1,C1_3,D1_2,F1_1,L2,,,,
426827,L2,L2,L1,L3,L3,L1,L2,L1,L1,C1_3,D1_2,F1_1,L3,,,,
426828,L2,L2,L1,L3,L3,L1,L2,L1,L1,C1_3,D1_2,F1_2,L1,,,,
426829,L2,L2,L1,L3,L3,L1,L2,L1,L1,C1_3,D1_2,F1_2,L2,,,,
426830,L2,L2,L1,L3,L3,L1,L2,L1,L1,C1_3,D1_2,F1_2,L3,,,,
426831,L2,L2,L1,L3,L3,L1,L2,L1,L1,C1_3,D1_2,F1_3,L1,,,,
426832,L2,L2,L1,L3,L3,L1,L2,L1,L1,C1_3,D1_2,F1_3,L2,,,,
426833,L2,L2,L1,L3,L3,L1,L2,L1,L1,C1_3,D1_2,F1_3,L3,,,,
426834,L2,L2,L1,L3,L3,L1,L2,L1,L1,C1_3,D1_3,F1_1,L1,,,,
426835,L2,L2,L1,L3,L3,L1,L2,L1,L1,C1_3,D1_3,F1_1,L2,,,,
426836,L2,L2,L1,L3,L3,L1,L2,L1,L1,C1_3,D1_3,F1_1,L3,,,,
426837,L2,L2,L1,L3,L3,L1,L2,L1,L1,C1_3,D1_3,F1_2,L1,,,,
426838,L2,L2,L1,L3,L3,L1,L2,L1,L1,C1_3,D1_3,F1_2,L2,,,,
426839,L2,L2,L1,L3,L3,L1,L2,L1,L1,C1_3,D1_3,F1_2,L3,,,,
426840,L2,L2,L1,L3,L3,L1,L2,L1,L1,C1_3,D1_3,F1_3,L1,,,,
426841,L2,L2,L1,L3,L3,L1,L2,L1,L1,C1_3,D1_3,F1_3,L2,,,,
426842,L2,L2,L1,L3,L3,L1,L2,L1,L1,C1_3,D1_3,F1_3,L3,,,,
437400,L2,L3,L1,L1,L1,L1,L2,L1,L1,C1_1,D1_1,F1_1,L1,,,,
437401,L2,L3,L1,L1,L1,L1,L2,L1,L1,C1_1,D1_1,F1_1,L2,,,,
437402,L2,L3,L1,L1,L1,L1,L2,L1,L1,C1_1,D1_1,F1_1,L3,,,,
437403,L2,L3,L1,L1,L1,L1,L2,L1,L1,C1_1,D1_1,F1_2,L1,,,,
437404,L2,L3,L1,L1,L1,L1,L2,L1,L1,C1_1,D1_1,F1_2,L2,,,,
437405,L2,L3,L1,L1,L1,L1,L2,L1,L1,C1_1,D1_1,F1_2,L3,,,,
437406,L2,L3,L1,L1,L1,L1,L2,L1,L1,C1_1,D1_1,F1_3,L1,,,,
437407,L2,L3,L1,L1,L1,L1,L2,L1,L1,C1_1,D1_1,F1_3,L2,,,,
437408,L2,L3,L1,L1,L1,L1,L2,L1,L1,C1_1,D1_1,F1_3,L3,,,,
437409,L2,L3,L1,L1,L1,L1,L2,L1,L1,C1_1,D1_2,F1_1,L1,,,,
437410,L2,L3,L1,L1,L1,L1,L2,L1,L1,C1_1,D1_2,F1_1,L2,,,,
437411,L2,L3,L1,L1,L1,L1,L2,L1,L1,C1_1,D1_2,F1_1,L3,,,,
437412,L2,L3,L1,L1,L1,L1,L2,L1,L1,C1_1,D1_2,F1_2,L1,,,,
437413,L2,L3,L1,L1,L1,L1,L2,L1,L1,C1_1,D1_2,F1_2,L2,,,,
437414,L2,L3,L1,L1,L1,L1,L2,L1,L1,C1_1,D1_2,F1_2,L3,,,,
437415,L2,L3,L1,L1,L1,L1,L2,L1,L1,C1_1,D1_2,F1_3,L1,,,,
437416,L2,L3,L1,L1,L1,L1,L2,L1,L1,C1_1,D1_2,F1_3,L2,,,,
437417,L2,L3,L1,L1,L1,L1,L2,L1,L1,C1_1,D1_2,F1_3,L3,,,,
437418,L2,L3,L1,L1,L1,L1,L2,L1,L1,C1_1,D1_3,F1_1,L1,,,,
437419,L2,L3,L1,L1,L1,L1,L2,L1,L1,C1_1,D1_3,F1_1,L2,,,,
437420,L2,L3,L1,L1,L1,L1,L2,L1,L1,C1_1,D1_3,F1_1,L3,,,,
437421,L2,L3,L1,L1,L1,L1,L2,L1,L1,C1_1,D1_3,F1_2,L1,,,,
437422,L2,L3,L1,L1,L1,L1,L2,L1,L1,C1_1,D1_3,F1_2,L2,,,,
437423,L2,L3,L1,L1,L1,L1,L2,L1,L1,C1_1,D1_3,F1_2,L3,,,,
437424,L2,L3,L1,L1,L1,L1,L2,L1,L1,C1_1,D1_3,F1_3,L1,,,,
437425,L2,L3,L1,L1,L1,L1,L2,L1,L1,C1_1,D1_3,F1_3,L2,,,,
437426,L2,L3,L1,L1,L1,L1,L2,L1,L1,C1_1,D1_3,F1_3,L3,,,,
437427,L2,L3,L1,L1,L1,L1,L2,L1,L1,C1_2,D1_1,F1_1,L1,,,,
437428,L2,L3,L1,L1,L1,L1,L2,L1,L1,C1_2,D1_1,F1_1,L2,,,,
437429,L2,L3,L1,L1,L1,L1,L2,L1,L1,C1_2,D1_1,F1_1,L3,,,,
437430,L2,L3,L1,L1,L1,L1,L2,L1,L1,C1_2,D1_1,F1_2,L1,,,,
437431,L2,L3,L1,L1,L1,L1,L2,L1,L1,C1_2,D1_1,F1_2,L2,,,,
437432,L2,L3,L1,L1,L1,L1,L2,L1,L1,C1_2,D1_1,F1_2,L3,,,,
437433,L2,L3,L1,L1,L1,L1,L2,L1,L1,C1_2,D1_1,F1_3,L1,,,,
437434,L2,L3,L1,L1,L1,L1,L2,L1,L1,C1_2,D1_1,F1_3,L2,,,,
437435,L2,L3,L1,L1,L1,L1,L2,L1,L1,C1_2,D1_1,F1_3,L3,,,,
437436,L2,L3,L1,L1,L1,L1,L2,L1,L1,C1_2,D1_2,F1_1,L1,,,,
437437,L2,L3,L1,L1,L1,L1,L2,L1,L1,C1_2,D1_2,F1_1,L2,,,,
437438,L2,L3,L1,L1,L1,L1,L2,L1,L1,C1_2,D1_2,F1_1,L3,,,,
437439,L2,L3,L1,L1,L1,L1,L2,L1,L1,C1_2,D1_2,F1_2,L1,,,,
437440,L2,L3,L1,L1,L1,L1,L2,L1,L1,C1_2,D1_2,F1_2,L2,,,,
437441,L2,L3,L1,L1,L1,L1,L2,L1,L1,C1_2,D1_2,F1_2,L3,,,,
437442,L2,L3,L1,L1,L1,L1,L2,L1,L1,C1_2,D1_2,F1_3,L1,,,,
437443,L2,L3,L1,L1,L1,L1,L2,L1,L1,C1_2,D1_2,F1_3,L2,,,,
437444,L2,L3,L1,L1,L1,L1,L2,L1,L1,C1_2,D1_2,F1_3,L3,,,,
437445,L2,L3,L1,L1,L1,L1,L2,L1,L1,C1_2,D1_3,F1_1,L1,,,,
437446,L2,L3,L1,L1,L1,L1,L2,L1,L1,C1_2,D1_3,F1_1,L2,,,,
437447,L2,L3,L1,L1,L1,L1,L2,L1,L1,C1_2,D1_3,F1_1,L3,,,,
437448,L2,L3,L1,L1,L1,L1,L2,L1,L1,C1_2,D1_3,F1_2,L1,,,,
437449,L2,L3,L1,L1,L1,L1,L2,L1,L1,C1_2,D1_3,F1_2,L2,,,,
437450,L2,L3,L1,L1,L1,L1,L2,L1,L1,C1_2,D1_3,F1_2,L3,,,,
437451,L2,L3,L1,L1,L1,L1,L2,L1,L1,C1_2,D1_3,F1_3,L1,,,,
437452,L2,L3,L1,L1,L1,L1,L2,L1,L1,C1_2,D1_3,F1_3,L2,,,,
437453,L2,L3,L1,L1,L1,L1,L2,L1,L1,C1_2,D1_3,F1_3,L3,,,,
437454,L2,L3,L1,L1,L1,L1,L2,L1,L1,C1_3,D1_1,F1_1,L1,,,,
437455,L2,L3,L1,L1,L1,L1,L2,L1,L1,C1_3,D1_1,F1_1,L2,,,,
437456,L2,L3,L1,L1,L1,L1,L2,L1,L1,C1_3,D1_1,F1_1,L3,,,,
437457,L2,L3,L1,L1,L1,L1,L2,L1,L1,C1_3,D1_1,F1_2,L1,,,,
437458,L2,L3,L1,L1,L1,L1,L2,L1,L1,C1_3,D1_1,F1_2,L2,,,,
437459,L2,L3,L1,L1,L1,L1,L2,L1,L1,C1_3,D1_1,F1_2,L3,,,,
437460,L2,L3,L1,L1,L1,L1,L2,L1,L1,C1_3,D1_1,F1_3,L1,,,,
437461,L2,L3,L1,L1,L1,L1,L2,L1,L1,C1_3,D1_1,F1_3,L2,,,,
437462,L2,L3,L1,L1,L1,L1,L2,L1,L1,C1_3,D1_1,F1_3,L3,,,,
437463,L2,L3,L1,L1,L1,L1,L2,L1,L1,C1_3,D1_2,F1_1,L1,,,,
437464,L2,L3,L1,L1,L1,L1,L2,L1,L1,C1_3,D1_2,F1_1,L2,,,,
437465,L2,L3,L1,L1,L1,L1,L2,L1,L1,C1_3,D1_2,F1_1,L3,,,,
437466,L2,L3,L1,L1,L1,L1,L2,L1,L1,C1_3,D1_2,F1_2,L1,,,,
437467,L2,L3,L1,L1,L1,L1,L2,L1,L1,C1_3,D1_2,F1_2,L2,,,,
437468,L2,L3,L1,L1,L1,L1,L2,L1,L1,C1_3,D1_2,F1_2,L3,,,,
437469,L2,L3,L1,L1,L1,L1,L2,L1,L1,C1_3,D1_2,F1_3,L1,,,,
437470,L2,L3,L1,L1,L1,L1,L2,L1,L1,C1_3,D1_2,F1_3,L2,,,,
437471,L2,L3,L1,L1,L1,L1,L2,L1,L1,C1_3,D1_2,F1_3,L3,,,,
437472,L2,L3,L1,L1,L1,L1,L2,L1,L1,C1_3,D1_3,F1_1,L1,,,,
437473,L2,L3,L1,L1,L1,L1,L2,L1,L1,C1_3,D1_3,F1_1,L2,,,,
437474,L2,L3,L1,L1,L1,L1,L2,L1,L1,C1_3,D1_3,F1_1,L3,,,,
437475,L2,L3,L1,L1,L1,L1,L2,L1,L1,C1_3,D1_3,F1_2,L1,,,,
437476,L2,L3,L1,L1,L1,L1,L2,L1,L1,C1_3,D1_3,F1_2,L2,,,,
437477,L2,L3,L1,L1,L1,L1,L2,L1,L1,C1_3,D1_3,F1_2,L3,,,,
437478,L2,L3,L1,L1,L1,L1,L2,L1,L1,C1_3,D1_3,F1_3,L1,,,,
437479,L2,L3,L1,L1,L1,L1,L2,L1,L1,C1_3,D1_3,F1_3,L2,,,,
437480,L2,L3,L1,L1,L1,L1,L2,L1,L1,C1_3,D1_3,F1_3,L3,,,,
465210,L3,L3,L1,L2,L3,L1,L2,L1,L1,C1_1,D1_1,F1_1,L1,,,,
465211,L3,L3,L1,L2,L3,L1,L2,L1,L1,C1_1,D1_1,F1_1,L2,,,,
465212,L3,L3,L1,L2,L3,L1,L2,L1,L1,C1_1,D1_1,F1_1,L3,,,,
465213,L3,L3,L1,L2,L3,L1,L2,L1,L1,C1_1,D1_1,F1_2,L1,,,,
465214,L3,L3,L1,L2,L3,L1,L2,L1,L1,C1_1,D1_1,F1_2,L2,,,,
465215,L3,L3,L1,L2,L3,L1,L2,L1,L1,C1_1,D1_1,F1_2,L3,,,,
465216,L3,L3,L1,L2,L3,L1,L2,L1,L1,C1_1,D1_1,F1_3,L1,,,,
465217,L3,L3,L1,L2,L3,L1,L2,L1,L1,C1_1,D1_1,F1_3,L2,,,,
465218,L3,L3,L1,L2,L3,L1,L2,L1,L1,C1_1,D1_1,F1_3,L3,,,,
465219,L3,L3,L1,L2,L3,L1,L2,L1,L1,C1_1,D1_2,F1_1,L1,,,,
465220,L3,L3,L1,L2,L3,L1,L2,L1,L1,C1_1,D1_2,F1_1,L2,,,,
465221,L3,L3,L1,L2,L3,L1,L2,L1,L1,C1_1,D1_2,F1_1,L3,,,,
465222,L3,L3,L1,L2,L3,L1,L2,L1,L1,C1_1,D1_2,F1_2,L1,,,,
465223,L3,L3,L1,L2,L3,L1,L2,L1,L1,C1_1,D1_2,F1_2,L2,,,,
465224,L3,L3,L1,L2,L3,L1,L2,L1,L1,C1_1,D1_2,F1_2,L3,,,,
465225,L3,L3,L1,L2,L3,L1,L2,L1,L1,C1_1,D1_2,F1_3,L1,,,,
465226,L3,L3,L1,L2,L3,L1,L2,L1,L1,C1_1,D1_2,F1_3,L2,,,,
465227,L3,L3,L1,L2,L3,L1,L2,L1,L1,C1_1,D1_2,F1_3,L3,,,,
465228,L3,L3,L1,L2,L3,L1,L2,L1,L1,C1_1,D1_3,F1_1,L1,,,,
465229,L3,L3,L1,L2,L3,L1,L2,L1,L1,C1_1,D1_3,F1_1,L2,,,,
465230,L3,L3,L1,L2,L3,L1,L2,L1,L1,C1_1,D1_3,F1_1,L3,,,,
465231,L3,L3,L1,L2,L3,L1,L2,L1,L1,C1_1,D1_3,F1_2,L1,,,,
465232,L3,L3,L1,L2,L3,L1,L2,L1,L1,C1_1,D1_3,F1_2,L2,,,,
465233,L3,L3,L1,L2,L3,L1,L2,L1,L1,C1_1,D1_3,F1_2,L3,,,,
465234,L3,L3,L1,L2,L3,L1,L2,L1,L1,C1_1,D1_3,F1_3,L1,,,,
465235,L3,L3,L1,L2,L3,L1,L2,L1,L1,C1_1,D1_3,F1_3,L2,,,,
465236,L3,L3,L1,L2,L3,L1,L2,L1,L1,C1_1,D1_3,F1_3,L3,,,,
465237,L3,L3,L1,L2,L3,L1,L2,L1,L1,C1_2,D1_1,F1_1,L1,,,,
465238,L3,L3,L1,L2,L3,L1,L2,L1,L1,C1_2,D1_1,F1_1,L2,,,,
465239,L3,L3,L1,L2,L3,L1,L2,L1,L1,C1_2,D1_1,F1_1,L3,,,,
465240,L3,L3,L1,L2,L3,L1,L2,L1,L1,C1_2,D1_1,F1_2,L1,,,,
465241,L3,L3,L1,L2,L3,L1,L2,L1,L1,C1_2,D1_1,F1_2,L2,,,,
465242,L3,L3,L1,L2,L3,L1,L2,L1,L1,C1_2,D1_1,F1_2,L3,,,,
465243,L3,L3,L1,L2,L3,L1,L2,L1,L1,C1_2,D1_1,F1_3,L1,,,,
465244,L3,L3,L1,L2,L3,L1,L2,L1,L1,C1_2,D1_1,F1_3,L2,,,,
465245,L3,L3,L1,L2,L3,L1,L2,L1,L1,C1_2,D1_1,F1_3,L3,,,,
465246,L3,L3,L1,L2,L3,L1,L2,L1,L1,C1_2,D1_2,F1_1,L1,,,,
465247,L3,L3,L1,L2,L3,L1,L2,L1,L1,C1_2,D1_2,F1_1,L2,,,,
465248,L3,L3,L1,L2,L3,L1,L2,L1,L1,C1_2,D1_2,F1_1,L3,,,,
465249,L3,L3,L1,L2,L3,L1,L2,L1,L1,C1_2,D1_2,F1_2,L1,,,,
465250,L3,L3,L1,L2,L3,L1,L2,L1,L1,C1_2,D1_2,F1_2,L2,,,,
465251,L3,L3,L1,L2,L3,L1,L2,L1,L1,C1_2,D1_2,F1_2,L3,,,,
465252,L3,L3,L1,L2,L3,L1,L2,L1,L1,C1_2,D1_2,F1_3,L1,,,,
465253,L3,L3,L1,L2,L3,L1,L2,L1,L1,C1_2,D1_2,F1_3,L2,,,,
465254,L3,L3,L1,L2,L3,L1,L2,L1,L1,C1_2,D1_2,F1_3,L3,,,,
465255,L3,L3,L1,L2,L3,L1,L2,L1,L1,C1_2,D1_3,F1_1,L1,,,,
465256,L3,L3,L1,L2,L3,L1,L2,L1,L1,C1_2,D1_3,F1_1,L2,,,,
465257,L3,L3,L1,L2,L3,L1,L2,L1,L1,C1_2,D1_3,F1_1,L3,,,,
465258,L3,L3,L1,L2,L3,L1,L2,L1,L1,C1_2,D1_3,F1_2,L1,,,,
465259,L3,L3,L1,L2,L3,L1,L2,L1,L1,C1_2,D1_3,F1_2,L2,,,,
465260,L3,L3,L1,L2,L3,L1,L2,L1,L1,C1_2,D1_3,F1_2,L3,,,,
465261,L3,L3,L1,L2,L3,L1,L2,L1,L1,C1_2,D1_3,F1_3,L1,,,,
465262,L3,L3,L1,L2,L3,L1,L2,L1,L1,C1_2,D1_3,F1_3,L2,,,,
465263,L3,L3,L1,L2,L3,L1,L2,L1,L1,C1_2,D1_3,F1_3,L3,,,,
465264,L3,L3,L1,L2,L3,L1,L2,L1,L1,C1_3,D1_1,F1_1,L1,,,,
465265,L3,L3,L1,L2,L3,L1,L2,L1,L1,C1_3,D1_1,F1_1,L2,,,,
465266,L3,L3,L1,L2,L3,L1,L2,L1,L1,C1_3,D1_1,F1_1,L3,,,,
465267,L3,L3,L1,L2,L3,L1,L2,L1,L1,C1_3,D1_1,F1_2,L1,,,,
465268,L3,L3,L1,L2,L3,L1,L2,L1,L1,C1_3,D1_1,F1_2,L2,,,,
465269,L3,L3,L1,L2,L3,L1,L2,L1,L1,C1_3,D1_1,F1_2,L3,,,,
465270,L3,L3,L1,L2,L3,L1,L2,L1,L1,C1_3,D1_1,F1_3,L1,,,,
465271,L3,L3,L1,L2,L3,L1,L2,L1,L1,C1_3,D1_1,F1_3,L2,,,,
465272,L3,L3,L1,L2,L3,L1,L2,L1,L1,C1_3,D1_1,F1_3,L3,,,,
465273,L3,L3,L1,L2,L3,L1,L2,L1,L1,C1_3,D1_2,F1_1,L1,,,,
465274,L3,L3,L1,L2,L3,L1,L2,L1,L1,C1_3,D1_2,F1_1,L2,,,,
465275,L3,L3,L1,L2,L3,L1,L2,L1,L1,C1_3,D1_2,F1_1,L3,,,,
465276,L3,L3,L1,L2,L3,L1,L2,L1,L1,C1_3,D1_2,F1_2,L1,,,,
465277,L3,L3,L1,L2,L3,L1,L2,L1,L1,C1_3,D1_2,F1_2,L2,,,,
465278,L3,L3,L1,L2,L3,L1,L2,L1,L1,C1_3,D1_2,F1_2,L3,,,,
465279,L3,L3,L1,L2,L3,L1,L2,L1,L1,C1_3,D1_2,F1_3,L1,,,,
465280,L3,L3,L1,L2,L3,L1,L2,L1,L1,C1_3,D1_2,F1_3,L2,,,,
465281,L3,L3,L1,L2,L3,L1,L2,L1,L1,C1_3,D1_2,F1_3,L3,,,,
465282,L3,L3,L1,L2,L3,L1,L2,L1,L1,C1_3,D1_3,F1_1,L1,,,,
465283,L3,L3,L1,L2,L3,L1,L2,L1,L1,C1_3,D1_3,F1_1,L2,,,,
465284,L3,L3,L1,L2,L3,L1,L2,L1,L1,C1_3,D1_3,F1_1,L3,,,,
465285,L3,L3,L1,L2,L3,L1,L2,L1,L1,C1_3,D1_3,F1_2,L1,,,,
465286,L3,L3,L1,L2,L3,L1,L2,L1,L1,C1_3,D1_3,F1_2,L2,,,,
465287,L3,L3,L1,L2,L3,L1,L2,L1,L1,C1_3,D1_3,F1_2,L3,,,,
465288,L3,L3,L1,L2,L3,L1,L2,L1,L1,C1_3,D1_3,F1_3,L1,,,,
465289,L3,L3,L1,L2,L3,L1,L2,L1,L1,C1_3,D1_3,F1_3,L2,,,,
465290,L3,L3,L1,L2,L3,L1,L2,L1,L1,C1_3,D1_3,F1_3,L3,,,,
498339,L3,L3,L3,L3,L3,L1,L2,L1,L1,C1_1,D1_1,F1_1,L1,,,,
498340,L3,L3,L3,L3,L3,L1,L2,L1,L1,C1_1,D1_1,F1_1,L2,,,,
498341,L3,L3,L3,L3,L3,L1,L2,L1,L1,C1_1,D1_1,F1_1,L3,,,,
498342,L3,L3,L3,L3,L3,L1,L2,L1,L1,C1_1,D1_1,F1_2,L1,,,,
498343,L3,L3,L3,L3,L3,L1,L2,L1,L1,C1_1,D1_1,F1_2,L2,,,,
498344,L3,L3,L3,L3,L3,L1,L2,L1,L1,C1_1,D1_1,F1_2,L3,,,,
498345,L3,L3,L3,L3,L3,L1,L2,L1,L1,C1_1,D1_1,F1_3,L1,,,,
498346,L3,L3,L3,L3,L3,L1,L2,L1,L1,C1_1,D1_1,F1_3,L2,,,,
498347,L3,L3,L3,L3,L3,L1,L2,L1,L1,C1_1,D1_1,F1_3,L3,,,,
498348,L3,L3,L3,L3,L3,L1,L2,L1,L1,C1_1,D1_2,F1_1,L1,,,,
498349,L3,L3,L3,L3,L3,L1,L2,L1,L1,C1_1,D1_2,F1_1,L2,,,,
498350,L3,L3,L3,L3,L3,L1,L2,L1,L1,C1_1,D1_2,F1_1,L3,,,,
498351,L3,L3,L3,L3,L3,L1,L2,L1,L1,C1_1,D1_2,F1_2,L1,,,,
498352,L3,L3,L3,L3,L3,L1,L2,L1,L1,C1_1,D1_2,F1_2,L2,,,,
498353,L3,L3,L3,L3,L3,L1,L2,L1,L1,C1_1,D1_2,F1_2,L3,,,,
498354,L3,L3,L3,L3,L3,L1,L2,L1,L1,C1_1,D1_2,F1_3,L1,,,,
498355,L3,L3,L3,L3,L3,L1,L2,L1,L1,C1_1,D1_2,F1_3,L2,,,,
498356,L3,L3,L3,L3,L3,L1,L2,L1,L1,C1_1,D1_2,F1_3,L3,,,,
498357,L3,L3,L3,L3,L3,L1,L2,L1,L1,C1_1,D1_3,F1_1,L1,,,,
498358,L3,L3,L3,L3,L3,L1,L2,L1,L1,C1_1,D1_3,F1_1,L2,,,,
498359,L3,L3,L3,L3,L3,L1,L2,L1,L1,C1_1,D1_3,F1_1,L3,,,,
498360,L3,L3,L3,L3,L3,L1,L2,L1,L1,C1_1,D1_3,F1_2,L1,,,,
498361,L3,L3,L3,L3,L3,L1,L2,L1,L1,C1_1,D1_3,F1_2,L2,,,,
498362,L3,L3,L3,L3,L3,L1,L2,L1,L1,C1_1,D1_3,F1_2,L3,,,,
498363,L3,L3,L3,L3,L3,L1,L2,L1,L1,C1_1,D1_3,F1_3,L1,,,,
498364,L3,L3,L3,L3,L3,L1,L2,L1,L1,C1_1,D1_3,F1_3,L2,,,,
498365,L3,L3,L3,L3,L3,L1,L2,L1,L1,C1_1,D1_3,F1_3,L3,,,,
498366,L3,L3,L3,L3,L3,L1,L2,L1,L1,C1_2,D1_1,F1_1,L1,,,,
498367,L3,L3,L3,L3,L3,L1,L2,L1,L1,C1_2,D1_1,F1_1,L2,,,,
498368,L3,L3,L3,L3,L3,L1,L2,L1,L1,C1_2,D1_1,F1_1,L3,,,,
498369,L3,L3,L3,L3,L3,L1,L2,L1,L1,C1_2,D1_1,F1_2,L1,,,,
498370,L3,L3,L3,L3,L3,L1,L2,L1,L1,C1_2,D1_1,F1_2,L2,,,,
498371,L3,L3,L3,L3,L3,L1,L2,L1,L1,C1_2,D1_1,F1_2,L3,,,,
498372,L3,L3,L3,L3,L3,L1,L2,L1,L1,C1_2,D1_1,F1_3,L1,,,,
498373,L3,L3,L3,L3,L3,L1,L2,L1,L1,C1_2,D1_1,F1_3,L2,,,,
498374,L3,L3,L3,L3,L3,L1,L2,L1,L1,C1_2,D1_1,F1_3,L3,,,,
498375,L3,L3,L3,L3,L3,L1,L2,L1,L1,C1_2,D1_2,F1_1,L1,,,,
498376,L3,L3,L3,L3,L3,L1,L2,L1,L1,C1_2,D1_2,F1_1,L2,,,,
498377,L3,L3,L3,L3,L3,L1,L2,L1,L1,C1_2,D1_2,F1_1,L3,,,,
498378,L3,L3,L3,L3,L3,L1,L2,L1,L1,C1_2,D1_2,F1_2,L1,,,,
498379,L3,L3,L3,L3,L3,L1,L2,L1,L1,C1_2,D1_2,F1_2,L2,,,,
498380,L3,L3,L3,L3,L3,L1,L2,L1,L1,C1_2,D1_2,F1_2,L3,,,,
498381,L3,L3,L3,L3,L3,L1,L2,L1,L1,C1_2,D1_2,F1_3,L1,,,,
498382,L3,L3,L3,L3,L3,L1,L2,L1,L1,C1_2,D1_2,F1_3,L2,,,,
498383,L3,L3,L3,L3,L3,L1,L2,L1,L1,C1_2,D1_2,F1_3,L3,,,,
498384,L3,L3,L3,L3,L3,L1,L2,L1,L1,C1_2,D1_3,F1_1,L1,,,,
498385,L3,L3,L3,L3,L3,L1,L2,L1,L1,C1_2,D1_3,F1_1,L2,,,,
498386,L3,L3,L3,L3,L3,L1,L2,L1,L1,C1_2,D1_3,F1_1,L3,,,,
498387,L3,L3,L3,L3,L3,L1,L2,L1,L1,C1_2,D1_3,F1_2,L1,,,,
498388,L3,L3,L3,L3,L3,L1,L2,L1,L1,C1_2,D1_3,F1_2,L2,,,,
498389,L3,L3,L3,L3,L3,L1,L2,L1,L1,C1_2,D1_3,F1_2,L3,,,,
498390,L3,L3,L3,L3,L3,L1,L2,L1,L1,C1_2,D1_3,F1_3,L1,,,,
498391,L3,L3,L3,L3,L3,L1,L2,L1,L1,C1_2,D1_3,F1_3,L2,,,,
498392,L3,L3,L3,L3,L3,L1,L2,L1,L1,C1_2,D1_3,F1_3,L3,,,,
498393,L3,L3,L3,L3,L3,L1,L2,L1,L1,C1_3,D1_1,F1_1,L1,,,,
498394,L3,L3,L3,L3,L3,L1,L2,L1,L1,C1_3,D1_1,F1_1,L2,,,,
498395,L3,L3,L3,L3,L3,L1,L2,L1,L1,C1_3,D1_1,F1_1,L3,,,,
498396,L3,L3,L3,L3,L3,L1,L2,L1,L1,C1_3,D1_1,F1_2,L1,,,,
498397,L3,L3,L3,L3,L3,L1,L2,L1,L1,C1_3,D1_1,F1_2,L2,,,,
498398,L3,L3,L3,L3,L3,L1,L2,L1,L1,C1_3,D1_1,F1_2,L3,,,,
498399,L3,L3,L3,L3,L3,L1,L2,L1,L1,C1_3,D1_1,F1_3,L1,,,,
498400,L3,L3,L3,L3,L3,L1,L2,L1,L1,C1_3,D1_1,F1_3,L2,,,,
498401,L3,L3,L3,L3,L3,L1,L2,L1,L1,C1_3,D1_1,F1_3,L3,,,,
498402,L3,L3,L3,L3,L3,L1,L2,L1,L1,C1_3,D1_2,F1_1,L1,,,,
498403,L3,L3,L3,L3,L3,L1,L2,L1,L1,C1_3,D1_2,F1_1,L2,,,,
498404,L3,L3,L3,L3,L3,L1,L2,L1,L1,C1_3,D1_2,F1_1,L3,,,,
498405,L3,L3,L3,L3,L3,L1,L2,L1,L1,C1_3,D1_2,F1_2,L1,,,,
498406,L3,L3,L3,L3,L3,L1,L2,L1,L1,C1_3,D1_2,F1_2,L2,,,,
498407,L3,L3,L3,L3,L3,L1,L2,L1,L1,C1_3,D1_2,F1_2,L3,,,,
498408,L3,L3,L3,L3,L3,L1,L2,L1,L1,C1_3,D1_2,F1_3,L1,,,,
498409,L3,L3,L3,L3,L3,L1,L2,L1,L1,C1_3,D1_2,F1_3,L2,,,,
498410,L3,L3,L3,L3,L3,L1,L2,L1,L1,C1_3,D1_2,F1_3,L3,,,,
498411,L3,L3,L3,L3,L3,L1,L2,L1,L1,C1_3,D1_3,F1_1,L1,,,,
498412,L3,L3,L3,L3,L3,L1,L2,L1,L1,C1_3,D1_3,F1_1,L2,,,,
498413,L3,L3,L3,L3,L3,L1,L2,L1,L1,C1_3,D1_3,F1_1,L3,,,,
498414,L3,L3,L3,L3,L3,L1,L2,L1,L1,C1_3,D1_3,F1_2,L1,,,,
498415,L3,L3,L3,L3,L3,L1,L2,L1,L1,C1_3,D1_3,F1_2,L2,,,,
498416,L3,L3,L3,L3,L3,L1,L2,L1,L1,C1_3,D1_3,F1_2,L3,,,,
498417,L3,L3,L3,L3,L3,L1,L2,L1,L1,C1_3,D1_3,F1_3,L1,,,,
498418,L3,L3,L3,L3,L3,L1,L2,L1,L1,C1_3,D1_3,F1_3,L2,,,,
498419,L3,L3,L3,L3,L3,L1,L2,L1,L1,C1_3,D1_3,F1_3,L3,,,,
512379,L3,L2,L2,L1,L1,L1,L2,L1,L1,C1_1,D1_1,F1_1,L1,,,,
512380,L3,L2,L2,L1,L1,L1,L2,L1,L1,C1_1,D1_1,F1_1,L2,,,,
512381,L3,L2,L2,L1,L1,L1,L2,L1,L1,C1_1,D1_1,F1_1,L3,,,,
512382,L3,L2,L2,L1,L1,L1,L2,L1,L1,C1_1,D1_1,F1_2,L1,,,,
512383,L3,L2,L2,L1,L1,L1,L2,L1,L1,C1_1,D1_1,F1_2,L2,,,,
512384,L3,L2,L2,L1,L1,L1,L2,L1,L1,C1_1,D1_1,F1_2,L3,,,,
512385,L3,L2,L2,L1,L1,L1,L2,L1,L1,C1_1,D1_1,F1_3,L1,,,,
512386,L3,L2,L2,L1,L1,L1,L2,L1,L1,C1_1,D1_1,F1_3,L2,,,,
512387,L3,L2,L2,L1,L1,L1,L2,L1,L1,C1_1,D1_1,F1_3,L3,,,,
512388,L3,L2,L2,L1,L1,L1,L2,L1,L1,C1_1,D1_2,F1_1,L1,,,,
512389,L3,L2,L2,L1,L1,L1,L2,L1,L1,C1_1,D1_2,F1_1,L2,,,,
512390,L3,L2,L2,L1,L1,L1,L2,L1,L1,C1_1,D1_2,F1_1,L3,,,,
512391,L3,L2,L2,L1,L1,L1,L2,L1,L1,C1_1,D1_2,F1_2,L1,,,,
512392,L3,L2,L2,L1,L1,L1,L2,L1,L1,C1_1,D1_2,F1_2,L2,,,,
512393,L3,L2,L2,L1,L1,L1,L2,L1,L1,C1_1,D1_2,F1_2,L3,,,,
512394,L3,L2,L2,L1,L1,L1,L2,L1,L1,C1_1,D1_2,F1_3,L1,,,,
512395,L3,L2,L2,L1,L1,L1,L2,L1,L1,C1_1,D1_2,F1_3,L2,,,,
512396,L3,L2,L2,L1,L1,L1,L2,L1,L1,C1_1,D1_2,F1_3,L3,,,,
512397,L3,L2,L2,L1,L1,L1,L2,L1,L1,C1_1,D1_3,F1_1,L1,,,,
512398,L3,L2,L2,L1,L1,L1,L2,L1,L1,C1_1,D1_3,F1_1,L2,,,,
512399,L3,L2,L2,L1,L1,L1,L2,L1,L1,C1_1,D1_3,F1_1,L3,,,,
512400,L3,L2,L2,L1,L1,L1,L2,L1,L1,C1_1,D1_3,F1_2,L1,,,,
512401,L3,L2,L2,L1,L1,L1,L2,L1,L1,C1_1,D1_3,F1_2,L2,,,,
512402,L3,L2,L2,L1,L1,L1,L2,L1,L1,C1_1,D1_3,F1_2,L3,,,,
512403,L3,L2,L2,L1,L1,L1,L2,L1,L1,C1_1,D1_3,F1_3,L1,,,,
512404,L3,L2,L2,L1,L1,L1,L2,L1,L1,C1_1,D1_3,F1_3,L2,,,,
512405,L3,L2,L2,L1,L1,L1,L2,L1,L1,C1_1,D1_3,F1_3,L3,,,,
512406,L3,L2,L2,L1,L1,L1,L2,L1,L1,C1_2,D1_1,F1_1,L1,,,,
512407,L3,L2,L2,L1,L1,L1,L2,L1,L1,C1_2,D1_1,F1_1,L2,,,,
512408,L3,L2,L2,L1,L1,L1,L2,L1,L1,C1_2,D1_1,F1_1,L3,,,,
512409,L3,L2,L2,L1,L1,L1,L2,L1,L1,C1_2,D1_1,F1_2,L1,,,,
512410,L3,L2,L2,L1,L1,L1,L2,L1,L1,C1_2,D1_1,F1_2,L2,,,,
512411,L3,L2,L2,L1,L1,L1,L2,L1,L1,C1_2,D1_1,F1_2,L3,,,,
512412,L3,L2,L2,L1,L1,L1,L2,L1,L1,C1_2,D1_1,F1_3,L1,,,,
512413,L3,L2,L2,L1,L1,L1,L2,L1,L1,C1_2,D1_1,F1_3,L2,,,,
512414,L3,L2,L2,L1,L1,L1,L2,L1,L1,C1_2,D1_1,F1_3,L3,,,,
512415,L3,L2,L2,L1,L1,L1,L2,L1,L1,C1_2,D1_2,F1_1,L1,,,,
512416,L3,L2,L2,L1,L1,L1,L2,L1,L1,C1_2,D1_2,F1_1,L2,,,,
512417,L3,L2,L2,L1,L1,L1,L2,L1,L1,C1_2,D1_2,F1_1,L3,,,,
512418,L3,L2,L2,L1,L1,L1,L2,L1,L1,C1_2,D1_2,F1_2,L1,,,,
512419,L3,L2,L2,L1,L1,L1,L2,L1,L1,C1_2,D1_2,F1_2,L2,,,,
512420,L3,L2,L2,L1,L1,L1,L2,L1,L1,C1_2,D1_2,F1_2,L3,,,,
512421,L3,L2,L2,L1,L1,L1,L2,L1,L1,C1_2,D1_2,F1_3,L1,,,,
512422,L3,L2,L2,L1,L1,L1,L2,L1,L1,C1_2,D1_2,F1_3,L2,,,,
512423,L3,L2,L2,L1,L1,L1,L2,L1,L1,C1_2,D1_2,F1_3,L3,,,,
512424,L3,L2,L2,L1,L1,L1,L2,L1,L1,C1_2,D1_3,F1_1,L1,,,,
512425,L3,L2,L2,L1,L1,L1,L2,L1,L1,C1_2,D1_3,F1_1,L2,,,,
512426,L3,L2,L2,L1,L1,L1,L2,L1,L1,C1_2,D1_3,F1_1,L3,,,,
512427,L3,L2,L2,L1,L1,L1,L2,L1,L1,C1_2,D1_3,F1_2,L1,,,,
512428,L3,L2,L2,L1,L1,L1,L2,L1,L1,C1_2,D1_3,F1_2,L2,,,,
512429,L3,L2,L2,L1,L1,L1,L2,L1,L1,C1_2,D1_3,F1_2,L3,,,,
512430,L3,L2,L2,L1,L1,L1,L2,L1,L1,C1_2,D1_3,F1_3,L1,,,,
512431,L3,L2,L2,L1,L1,L1,L2,L1,L1,C1_2,D1_3,F1_3,L2,,,,
512432,L3,L2,L2,L1,L1,L1,L2,L1,L1,C1_2,D1_3,F1_3,L3,,,,
512433,L3,L2,L2,L1,L1,L1,L2,L1,L1,C1_3,D1_1,F1_1,L1,,,,
512434,L3,L2,L2,L1,L1,L1,L2,L1,L1,C1_3,D1_1,F1_1,L2,,,,
512435,L3,L2,L2,L1,L1,L1,L2,L1,L1,C1_3,D1_1,F1_1,L3,,,,
512436,L3,L2,L2,L1,L1,L1,L2,L1,L1,C1_3,D1_1,F1_2,L1,,,,
512437,L3,L2,L2,L1,L1,L1,L2,L1,L1,C1_3,D1_1,F1_2,L2,,,,
512438,L3,L2,L2,L1,L1,L1,L2,L1,L1,C1_3,D1_1,F1_2,L3,,,,
512439,L3,L2,L2,L1,L1,L1,L2,L1,L1,C1_3,D1_1,F1_3,L1,,,,
512440,L3,L2,L2,L1,L1,L1,L2,L1,L1,C1_3,D1_1,F1_3,L2,,,,
512441,L3,L2,L2,L1,L1,L1,L2,L1,L1,C1_3,D1_1,F1_3,L3,,,,
512442,L3,L2,L2,L1,L1,L1,L2,L1,L1,C1_3,D1_2,F1_1,L1,,,,
512443,L3,L2,L2,L1,L1,L1,L2,L1,L1,C1_3,D1_2,F1_1,L2,,,,
512444,L3,L2,L2,L1,L1,L1,L2,L1,L1,C1_3,D1_2,F1_1,L3,,,,
512445,L3,L2,L2,L1,L1,L1,L2,L1,L1,C1_3,D1_2,F1_2,L1,,,,
512446,L3,L2,L2,L1,L1,L1,L2,L1,L1,C1_3,D1_2,F1_2,L2,,,,
512447,L3,L2,L2,L1,L1,L1,L2,L1,L1,C1_3,D1_2,F1_2,L3,,,,
512448,L3,L2,L2,L1,L1,L1,L2,L1,L1,C1_3,D1_2,F1_3,L1,,,,
512449,L3,L2,L2,L1,L1,L1,L2,L1,L1,C1_3,D1_2,F1_3,L2,,,,
512450,L3,L2,L2,L1,L1,L1,L2,L1,L1,C1_3,D1_2,F1_3,L3,,,,
512451,L3,L2,L2,L1,L1,L1,L2,L1,L1,C1_3,D1_3,F1_1,L1,,,,
512452,L3,L2,L2,L1,L1,L1,L2,L1,L1,C1_3,D1_3,F1_1,L2,,,,
512453,L3,L2,L2,L1,L1,L1,L2,L1,L1,C1_3,D1_3,F1_1,L3,,,,
512454,L3,L2,L2,L1,L1,L1,L2,L1,L1,C1_3,D1_3,F1_2,L1,,,,
512455,L3,L2,L2,L1,L1,L1,L2,L1,L1,C1_3,D1_3,F1_2,L2,,,,
512456,L3,L2,L2,L1,L1,L1,L2,L1,L1,C1_3,D1_3,F1_2,L3,,,,
512457,L3,L2,L2,L1,L1,L1,L2,L1,L1,C1_3,D1_3,F1_3,L1,,,,
512458,L3,L2,L2,L1,L1,L1,L2,L1,L1,C1_3,D1_3,F1_3,L2,,,,
512459,L3,L2,L2,L1,L1,L1,L2,L1,L1,C1_3,D1_3,F1_3,L3,,,,
