,A,B,G,H,I,E,X,Y,Z,C,D,F,J,K,N,L,M
1512,L3,L3,L3,L1,L2,L2,L1,L2,L1,C2_1,D2_1,F2_1,,L1,,,
1513,L3,L3,L3,L1,L2,L2,L1,L2,L1,C2_1,D2_1,F2_1,,L2,,,
1514,L3,L3,L3,L1,L2,L2,L1,L2,L1,C2_1,D2_1,F2_1,,L3,,,
1515,L3,L3,L3,L1,L2,L2,L1,L2,L1,C2_1,D2_1,F2_2,,L1,,,
1516,L3,L3,L3,L1,L2,L2,L1,L2,L1,C2_1,D2_1,F2_2,,L2,,,
1517,L3,L3,L3,L1,L2,L2,L1,L2,L1,C2_1,D2_1,F2_2,,L3,,,
1518,L3,L3,L3,L1,L2,L2,L1,L2,L1,C2_1,D2_1,F2_3,,L1,,,
1519,L3,L3,L3,L1,L2,L2,L1,L2,L1,C2_1,D2_1,F2_3,,L2,,,
1520,L3,L3,L3,L1,L2,L2,L1,L2,L1,C2_1,D2_1,F2_3,,L3,,,
1521,L3,L3,L3,L1,L2,L2,L1,L2,L1,C2_1,D2_2,F2_1,,L1,,,
1522,L3,L3,L3,L1,L2,L2,L1,L2,L1,C2_1,D2_2,F2_1,,L2,,,
1523,L3,L3,L3,L1,L2,L2,L1,L2,L1,C2_1,D2_2,F2_1,,L3,,,
1524,L3,L3,L3,L1,L2,L2,L1,L2,L1,C2_1,D2_2,F2_2,,L1,,,
1525,L3,L3,L3,L1,L2,L2,L1,L2,L1,C2_1,D2_2,F2_2,,L2,,,
1526,L3,L3,L3,L1,L2,L2,L1,L2,L1,C2_1,D2_2,F2_2,,L3,,,
1527,L3,L3,L3,L1,L2,L2,L1,L2,L1,C2_1,D2_2,F2_3,,L1,,,
1528,L3,L3,L3,L1,L2,L2,L1,L2,L1,C2_1,D2_2,F2_3,,L2,,,
1529,L3,L3,L3,L1,L2,L2,L1,L2,L1,C2_1,D2_2,F2_3,,L3,,,
1530,L3,L3,L3,L1,L2,L2,L1,L2,L1,C2_1,D2_3,F2_1,,L1,,,
1531,L3,L3,L3,L1,L2,L2,L1,L2,L1,C2_1,D2_3,F2_1,,L2,,,
1532,L3,L3,L3,L1,L2,L2,L1,L2,L1,C2_1,D2_3,F2_1,,L3,,,
1533,L3,L3,L3,L1,L2,L2,L1,L2,L1,C2_1,D2_3,F2_2,,L1,,,
1534,L3,L3,L3,L1,L2,L2,L1,L2,L1,C2_1,D2_3,F2_2,,L2,,,
1535,L3,L3,L3,L1,L2,L2,L1,L2,L1,C2_1,D2_3,F2_2,,L3,,,
1536,L3,L3,L3,L1,L2,L2,L1,L2,L1,C2_1,D2_3,F2_3,,L1,,,
1537,L3,L3,L3,L1,L2,L2,L1,L2,L1,C2_1,D2_3,F2_3,,L2,,,
1538,L3,L3,L3,L1,L2,L2,L1,L2,L1,C2_1,D2_3,F2_3,,L3,,,
1539,L3,L3,L3,L1,L2,L2,L1,L2,L1,C2_2,D2_1,F2_1,,L1,,,
1540,L3,L3,L3,L1,L2,L2,L1,L2,L1,C2_2,D2_1,F2_1,,L2,,,
1541,L3,L3,L3,L1,L2,L2,L1,L2,L1,C2_2,D2_1,F2_1,,L3,,,
1542,L3,L3,L3,L1,L2,L2,L1,L2,L1,C2_2,D2_1,F2_2,,L1,,,
1543,L3,L3,L3,L1,L2,L2,L1,L2,L1,C2_2,D2_1,F2_2,,L2,,,
1544,L3,L3,L3,L1,L2,L2,L1,L2,L1,C2_2,D2_1,F2_2,,L3,,,
1545,L3,L3,L3,L1,L2,L2,L1,L2,L1,C2_2,D2_1,F2_3,,L1,,,
1546,L3,L3,L3,L1,L2,L2,L1,L2,L1,C2_2,D2_1,F2_3,,L2,,,
1547,L3,L3,L3,L1,L2,L2,L1,L2,L1,C2_2,D2_1,F2_3,,L3,,,
1548,L3,L3,L3,L1,L2,L2,L1,L2,L1,C2_2,D2_2,F2_1,,L1,,,
1549,L3,L3,L3,L1,L2,L2,L1,L2,L1,C2_2,D2_2,F2_1,,L2,,,
1550,L3,L3,L3,L1,L2,L2,L1,L2,L1,C2_2,D2_2,F2_1,,L3,,,
1551,L3,L3,L3,L1,L2,L2,L1,L2,L1,C2_2,D2_2,F2_2,,L1,,,
1552,L3,L3,L3,L1,L2,L2,L1,L2,L1,C2_2,D2_2,F2_2,,L2,,,
1553,L3,L3,L3,L1,L2,L2,L1,L2,L1,C2_2,D2_2,F2_2,,L3,,,
1554,L3,L3,L3,L1,L2,L2,L1,L2,L1,C2_2,D2_2,F2_3,,L1,,,
1555,L3,L3,L3,L1,L2,L2,L1,L2,L1,C2_2,D2_2,F2_3,,L2,,,
1556,L3,L3,L3,L1,L2,L2,L1,L2,L1,C2_2,D2_2,F2_3,,L3,,,
1557,L3,L3,L3,L1,L2,L2,L1,L2,L1,C2_2,D2_3,F2_1,,L1,,,
1558,L3,L3,L3,L1,L2,L2,L1,L2,L1,C2_2,D2_3,F2_1,,L2,,,
1559,L3,L3,L3,L1,L2,L2,L1,L2,L1,C2_2,D2_3,F2_1,,L3,,,
1560,L3,L3,L3,L1,L2,L2,L1,L2,L1,C2_2,D2_3,F2_2,,L1,,,
1561,L3,L3,L3,L1,L2,L2,L1,L2,L1,C2_2,D2_3,F2_2,,L2,,,
1562,L3,L3,L3,L1,L2,L2,L1,L2,L1,C2_2,D2_3,F2_2,,L3,,,
1563,L3,L3,L3,L1,L2,L2,L1,L2,L1,C2_2,D2_3,F2_3,,L1,,,
1564,L3,L3,L3,L1,L2,L2,L1,L2,L1,C2_2,D2_3,F2_3,,L2,,,
1565,L3,L3,L3,L1,L2,L2,L1,L2,L1,C2_2,D2_3,F2_3,,L3,,,
1566,L3,L3,L3,L1,L2,L2,L1,L2,L1,C2_3,D2_1,F2_1,,L1,,,
1567,L3,L3,L3,L1,L2,L2,L1,L2,L1,C2_3,D2_1,F2_1,,L2,,,
1568,L3,L3,L3,L1,L2,L2,L1,L2,L1,C2_3,D2_1,F2_1,,L3,,,
1569,L3,L3,L3,L1,L2,L2,L1,L2,L1,C2_3,D2_1,F2_2,,L1,,,
1570,L3,L3,L3,L1,L2,L2,L1,L2,L1,C2_3,D2_1,F2_2,,L2,,,
1571,L3,L3,L3,L1,L2,L2,L1,L2,L1,C2_3,D2_1,F2_2,,L3,,,
1572,L3,L3,L3,L1,L2,L2,L1,L2,L1,C2_3,D2_1,F2_3,,L1,,,
1573,L3,L3,L3,L1,L2,L2,L1,L2,L1,C2_3,D2_1,F2_3,,L2,,,
1574,L3,L3,L3,L1,L2,L2,L1,L2,L1,C2_3,D2_1,F2_3,,L3,,,
1575,L3,L3,L3,L1,L2,L2,L1,L2,L1,C2_3,D2_2,F2_1,,L1,,,
1576,L3,L3,L3,L1,L2,L2,L1,L2,L1,C2_3,D2_2,F2_1,,L2,,,
1577,L3,L3,L3,L1,L2,L2,L1,L2,L1,C2_3,D2_2,F2_1,,L3,,,
1578,L3,L3,L3,L1,L2,L2,L1,L2,L1,C2_3,D2_2,F2_2,,L1,,,
1579,L3,L3,L3,L1,L2,L2,L1,L2,L1,C2_3,D2_2,F2_2,,L2,,,
1580,L3,L3,L3,L1,L2,L2,L1,L2,L1,C2_3,D2_2,F2_2,,L3,,,
1581,L3,L3,L3,L1,L2,L2,L1,L2,L1,C2_3,D2_2,F2_3,,L1,,,
1582,L3,L3,L3,L1,L2,L2,L1,L2,L1,C2_3,D2_2,F2_3,,L2,,,
1583,L3,L3,L3,L1,L2,L2,L1,L2,L1,C2_3,D2_2,F2_3,,L3,,,
1584,L3,L3,L3,L1,L2,L2,L1,L2,L1,C2_3,D2_3,F2_1,,L1,,,
1585,L3,L3,L3,L1,L2,L2,L1,L2,L1,C2_3,D2_3,F2_1,,L2,,,
1586,L3,L3,L3,L1,L2,L2,L1,L2,L1,C2_3,D2_3,F2_1,,L3,,,
1587,L3,L3,L3,L1,L2,L2,L1,L2,L1,C2_3,D2_3,F2_2,,L1,,,
1588,L3,L3,L3,L1,L2,L2,L1,L2,L1,C2_3,D2_3,F2_2,,L2,,,
1589,L3,L3,L3,L1,L2,L2,L1,L2,L1,C2_3,D2_3,F2_2,,L3,,,
1590,L3,L3,L3,L1,L2,L2,L1,L2,L1,C2_3,D2_3,F2_3,,L1,,,
1591,L3,L3,L3,L1,L2,L2,L1,L2,L1,C2_3,D2_3,F2_3,,L2,,,
1592,L3,L3,L3,L1,L2,L2,L1,L2,L1,C2_3,D2_3,F2_3,,L3,,,
11637,L2,L3,L2,L2,L3,L2,L1,L2,L1,C2_1,D2_1,F2_1,,L1,,,
11638,L2,L3,L2,L2,L3,L2,L1,L2,L1,C2_1,D2_1,F2_1,,L2,,,
11639,L2,L3,L2,L2,L3,L2,L1,L2,L1,C2_1,D2_1,F2_1,,L3,,,
11640,L2,L3,L2,L2,L3,L2,L1,L2,L1,C2_1,D2_1,F2_2,,L1,,,
11641,L2,L3,L2,L2,L3,L2,L1,L2,L1,C2_1,D2_1,F2_2,,L2,,,
11642,L2,L3,L2,L2,L3,L2,L1,L2,L1,C2_1,D2_1,F2_2,,L3,,,
11643,L2,L3,L2,L2,L3,L2,L1,L2,L1,C2_1,D2_1,F2_3,,L1,,,
11644,L2,L3,L2,L2,L3,L2,L1,L2,L1,C2_1,D2_1,F2_3,,L2,,,
11645,L2,L3,L2,L2,L3,L2,L1,L2,L1,C2_1,D2_1,F2_3,,L3,,,
11646,L2,L3,L2,L2,L3,L2,L1,L2,L1,C2_1,D2_2,F2_1,,L1,,,
11647,L2,L3,L2,L2,L3,L2,L1,L2,L1,C2_1,D2_2,F2_1,,L2,,,
11648,L2,L3,L2,L2,L3,L2,L1,L2,L1,C2_1,D2_2,F2_1,,L3,,,
11649,L2,L3,L2,L2,L3,L2,L1,L2,L1,C2_1,D2_2,F2_2,,L1,,,
11650,L2,L3,L2,L2,L3,L2,L1,L2,L1,C2_1,D2_2,F2_2,,L2,,,
11651,L2,L3,L2,L2,L3,L2,L1,L2,L1,C2_1,D2_2,F2_2,,L3,,,
11652,L2,L3,L2,L2,L3,L2,L1,L2,L1,C2_1,D2_2,F2_3,,L1,,,
11653,L2,L3,L2,L2,L3,L2,L1,L2,L1,C2_1,D2_2,F2_3,,L2,,,
11654,L2,L3,L2,L2,L3,L2,L1,L2,L1,C2_1,D2_2,F2_3,,L3,,,
11655,L2,L3,L2,L2,L3,L2,L1,L2,L1,C2_1,D2_3,F2_1,,L1,,,
11656,L2,L3,L2,L2,L3,L2,L1,L2,L1,C2_1,D2_3,F2_1,,L2,,,
11657,L2,L3,L2,L2,L3,L2,L1,L2,L1,C2_1,D2_3,F2_1,,L3,,,
11658,L2,L3,L2,L2,L3,L2,L1,L2,L1,C2_1,D2_3,F2_2,,L1,,,
11659,L2,L3,L2,L2,L3,L2,L1,L2,L1,C2_1,D2_3,F2_2,,L2,,,
11660,L2,L3,L2,L2,L3,L2,L1,L2,L1,C2_1,D2_3,F2_2,,L3,,,
11661,L2,L3,L2,L2,L3,L2,L1,L2,L1,C2_1,D2_3,F2_3,,L1,,,
11662,L2,L3,L2,L2,L3,L2,L1,L2,L1,C2_1,D2_3,F2_3,,L2,,,
11663,L2,L3,L2,L2,L3,L2,L1,L2,L1,C2_1,D2_3,F2_3,,L3,,,
11664,L2,L3,L2,L2,L3,L2,L1,L2,L1,C2_2,D2_1,F2_1,,L1,,,
11665,L2,L3,L2,L2,L3,L2,L1,L2,L1,C2_2,D2_1,F2_1,,L2,,,
11666,L2,L3,L2,L2,L3,L2,L1,L2,L1,C2_2,D2_1,F2_1,,L3,,,
11667,L2,L3,L2,L2,L3,L2,L1,L2,L1,C2_2,D2_1,F2_2,,L1,,,
11668,L2,L3,L2,L2,L3,L2,L1,L2,L1,C2_2,D2_1,F2_2,,L2,,,
11669,L2,L3,L2,L2,L3,L2,L1,L2,L1,C2_2,D2_1,F2_2,,L3,,,
11670,L2,L3,L2,L2,L3,L2,L1,L2,L1,C2_2,D2_1,F2_3,,L1,,,
11671,L2,L3,L2,L2,L3,L2,L1,L2,L1,C2_2,D2_1,F2_3,,L2,,,
11672,L2,L3,L2,L2,L3,L2,L1,L2,L1,C2_2,D2_1,F2_3,,L3,,,
11673,L2,L3,L2,L2,L3,L2,L1,L2,L1,C2_2,D2_2,F2_1,,L1,,,
11674,L2,L3,L2,L2,L3,L2,L1,L2,L1,C2_2,D2_2,F2_1,,L2,,,
11675,L2,L3,L2,L2,L3,L2,L1,L2,L1,C2_2,D2_2,F2_1,,L3,,,
11676,L2,L3,L2,L2,L3,L2,L1,L2,L1,C2_2,D2_2,F2_2,,L1,,,
11677,L2,L3,L2,L2,L3,L2,L1,L2,L1,C2_2,D2_2,F2_2,,L2,,,
11678,L2,L3,L2,L2,L3,L2,L1,L2,L1,C2_2,D2_2,F2_2,,L3,,,
11679,L2,L3,L2,L2,L3,L2,L1,L2,L1,C2_2,D2_2,F2_3,,L1,,,
11680,L2,L3,L2,L2,L3,L2,L1,L2,L1,C2_2,D2_2,F2_3,,L2,,,
11681,L2,L3,L2,L2,L3,L2,L1,L2,L1,C2_2,D2_2,F2_3,,L3,,,
11682,L2,L3,L2,L2,L3,L2,L1,L2,L1,C2_2,D2_3,F2_1,,L1,,,
11683,L2,L3,L2,L2,L3,L2,L1,L2,L1,C2_2,D2_3,F2_1,,L2,,,
11684,L2,L3,L2,L2,L3,L2,L1,L2,L1,C2_2,D2_3,F2_1,,L3,,,
11685,L2,L3,L2,L2,L3,L2,L1,L2,L1,C2_2,D2_3,F2_2,,L1,,,
11686,L2,L3,L2,L2,L3,L2,L1,L2,L1,C2_2,D2_3,F2_2,,L2,,,
11687,L2,L3,L2,L2,L3,L2,L1,L2,L1,C2_2,D2_3,F2_2,,L3,,,
11688,L2,L3,L2,L2,L3,L2,L1,L2,L1,C2_2,D2_3,F2_3,,L1,,,
11689,L2,L3,L2,L2,L3,L2,L1,L2,L1,C2_2,D2_3,F2_3,,L2,,,
11690,L2,L3,L2,L2,L3,L2,L1,L2,L1,C2_2,D2_3,F2_3,,L3,,,
11691,L2,L3,L2,L2,L3,L2,L1,L2,L1,C2_3,D2_1,F2_1,,L1,,,
11692,L2,L3,L2,L2,L3,L2,L1,L2,L1,C2_3,D2_1,F2_1,,L2,,,
11693,L2,L3,L2,L2,L3,L2,L1,L2,L1,C2_3,D2_1,F2_1,,L3,,,
11694,L2,L3,L2,L2,L3,L2,L1,L2,L1,C2_3,D2_1,F2_2,,L1,,,
11695,L2,L3,L2,L2,L3,L2,L1,L2,L1,C2_3,D2_1,F2_2,,L2,,,
11696,L2,L3,L2,L2,L3,L2,L1,L2,L1,C2_3,D2_1,F2_2,,L3,,,
11697,L2,L3,L2,L2,L3,L2,L1,L2,L1,C2_3,D2_1,F2_3,,L1,,,
11698,L2,L3,L2,L2,L3,L2,L1,L2,L1,C2_3,D2_1,F2_3,,L2,,,
11699,L2,L3,L2,L2,L3,L2,L1,L2,L1,C2_3,D2_1,F2_3,,L3,,,
11700,L2,L3,L2,L2,L3,L2,L1,L2,L1,C2_3,D2_2,F2_1,,L1,,,
11701,L2,L3,L2,L2,L3,L2,L1,L2,L1,C2_3,D2_2,F2_1,,L2,,,
11702,L2,L3,L2,L2,L3,L2,L1,L2,L1,C2_3,D2_2,F2_1,,L3,,,
11703,L2,L3,L2,L2,L3,L2,L1,L2,L1,C2_3,D2_2,F2_2,,L1,,,
11704,L2,L3,L2,L2,L3,L2,L1,L2,L1,C2_3,D2_2,F2_2,,L2,,,
11705,L2,L3,L2,L2,L3,L2,L1,L2,L1,C2_3,D2_2,F2_2,,L3,,,
11706,L2,L3,L2,L2,L3,L2,L1,L2,L1,C2_3,D2_2,F2_3,,L1,,,
11707,L2,L3,L2,L2,L3,L2,L1,L2,L1,C2_3,D2_2,F2_3,,L2,,,
11708,L2,L3,L2,L2,L3,L2,L1,L2,L1,C2_3,D2_2,F2_3,,L3,,,
11709,L2,L3,L2,L2,L3,L2,L1,L2,L1,C2_3,D2_3,F2_1,,L1,,,
11710,L2,L3,L2,L2,L3,L2,L1,L2,L1,C2_3,D2_3,F2_1,,L2,,,
11711,L2,L3,L2,L2,L3,L2,L1,L2,L1,C2_3,D2_3,F2_1,,L3,,,
11712,L2,L3,L2,L2,L3,L2,L1,L2,L1,C2_3,D2_3,F2_2,,L1,,,
11713,L2,L3,L2,L2,L3,L2,L1,L2,L1,C2_3,D2_3,F2_2,,L2,,,
11714,L2,L3,L2,L2,L3,L2,L1,L2,L1,C2_3,D2_3,F2_2,,L3,,,
11715,L2,L3,L2,L2,L3,L2,L1,L2,L1,C2_3,D2_3,F2_3,,L1,,,
11716,L2,L3,L2,L2,L3,L2,L1,L2,L1,C2_3,D2_3,F2_3,,L2,,,
11717,L2,L3,L2,L2,L3,L2,L1,L2,L1,C2_3,D2_3,F2_3,,L3,,,
36990,L2,L1,L1,L1,L2,L2,L1,L2,L1,C2_1,D2_1,F2_1,,L1,,,
36991,L2,L1,L1,L1,L2,L2,L1,L2,L1,C2_1,D2_1,F2_1,,L2,,,
36992,L2,L1,L1,L1,L2,L2,L1,L2,L1,C2_1,D2_1,F2_1,,L3,,,
36993,L2,L1,L1,L1,L2,L2,L1,L2,L1,C2_1,D2_1,F2_2,,L1,,,
36994,L2,L1,L1,L1,L2,L2,L1,L2,L1,C2_1,D2_1,F2_2,,L2,,,
36995,L2,L1,L1,L1,L2,L2,L1,L2,L1,C2_1,D2_1,F2_2,,L3,,,
36996,L2,L1,L1,L1,L2,L2,L1,L2,L1,C2_1,D2_1,F2_3,,L1,,,
36997,L2,L1,L1,L1,L2,L2,L1,L2,L1,C2_1,D2_1,F2_3,,L2,,,
36998,L2,L1,L1,L1,L2,L2,L1,L2,L1,C2_1,D2_1,F2_3,,L3,,,
36999,L2,L1,L1,L1,L2,L2,L1,L2,L1,C2_1,D2_2,F2_1,,L1,,,
37000,L2,L1,L1,L1,L2,L2,L1,L2,L1,C2_1,D2_2,F2_1,,L2,,,
37001,L2,L1,L1,L1,L2,L2,L1,L2,L1,C2_1,D2_2,F2_1,,L3,,,
37002,L2,L1,L1,L1,L2,L2,L1,L2,L1,C2_1,D2_2,F2_2,,L1,,,
37003,L2,L1,L1,L1,L2,L2,L1,L2,L1,C2_1,D2_2,F2_2,,L2,,,
37004,L2,L1,L1,L1,L2,L2,L1,L2,L1,C2_1,D2_2,F2_2,,L3,,,
37005,L2,L1,L1,L1,L2,L2,L1,L2,L1,C2_1,D2_2,F2_3,,L1,,,
37006,L2,L1,L1,L1,L2,L2,L1,L2,L1,C2_1,D2_2,F2_3,,L2,,,
37007,L2,L1,L1,L1,L2,L2,L1,L2,L1,C2_1,D2_2,F2_3,,L3,,,
37008,L2,L1,L1,L1,L2,L2,L1,L2,L1,C2_1,D2_3,F2_1,,L1,,,
37009,L2,L1,L1,L1,L2,L2,L1,L2,L1,C2_1,D2_3,F2_1,,L2,,,
37010,L2,L1,L1,L1,L2,L2,L1,L2,L1,C2_1,D2_3,F2_1,,L3,,,
37011,L2,L1,L1,L1,L2,L2,L1,L2,L1,C2_1,D2_3,F2_2,,L1,,,
37012,L2,L1,L1,L1,L2,L2,L1,L2,L1,C2_1,D2_3,F2_2,,L2,,,
37013,L2,L1,L1,L1,L2,L2,L1,L2,L1,C2_1,D2_3,F2_2,,L3,,,
37014,L2,L1,L1,L1,L2,L2,L1,L2,L1,C2_1,D2_3,F2_3,,L1,,,
37015,L2,L1,L1,L1,L2,L2,L1,L2,L1,C2_1,D2_3,F2_3,,L2,,,
37016,L2,L1,L1,L1,L2,L2,L1,L2,L1,C2_1,D2_3,F2_3,,L3,,,
37017,L2,L1,L1,L1,L2,L2,L1,L2,L1,C2_2,D2_1,F2_1,,L1,,,
37018,L2,L1,L1,L1,L2,L2,L1,L2,L1,C2_2,D2_1,F2_1,,L2,,,
37019,L2,L1,L1,L1,L2,L2,L1,L2,L1,C2_2,D2_1,F2_1,,L3,,,
37020,L2,L1,L1,L1,L2,L2,L1,L2,L1,C2_2,D2_1,F2_2,,L1,,,
37021,L2,L1,L1,L1,L2,L2,L1,L2,L1,C2_2,D2_1,F2_2,,L2,,,
37022,L2,L1,L1,L1,L2,L2,L1,L2,L1,C2_2,D2_1,F2_2,,L3,,,
37023,L2,L1,L1,L1,L2,L2,L1,L2,L1,C2_2,D2_1,F2_3,,L1,,,
37024,L2,L1,L1,L1,L2,L2,L1,L2,L1,C2_2,D2_1,F2_3,,L2,,,
37025,L2,L1,L1,L1,L2,L2,L1,L2,L1,C2_2,D2_1,F2_3,,L3,,,
37026,L2,L1,L1,L1,L2,L2,L1,L2,L1,C2_2,D2_2,F2_1,,L1,,,
37027,L2,L1,L1,L1,L2,L2,L1,L2,L1,C2_2,D2_2,F2_1,,L2,,,
37028,L2,L1,L1,L1,L2,L2,L1,L2,L1,C2_2,D2_2,F2_1,,L3,,,
37029,L2,L1,L1,L1,L2,L2,L1,L2,L1,C2_2,D2_2,F2_2,,L1,,,
37030,L2,L1,L1,L1,L2,L2,L1,L2,L1,C2_2,D2_2,F2_2,,L2,,,
37031,L2,L1,L1,L1,L2,L2,L1,L2,L1,C2_2,D2_2,F2_2,,L3,,,
37032,L2,L1,L1,L1,L2,L2,L1,L2,L1,C2_2,D2_2,F2_3,,L1,,,
37033,L2,L1,L1,L1,L2,L2,L1,L2,L1,C2_2,D2_2,F2_3,,L2,,,
37034,L2,L1,L1,L1,L2,L2,L1,L2,L1,C2_2,D2_2,F2_3,,L3,,,
37035,L2,L1,L1,L1,L2,L2,L1,L2,L1,C2_2,D2_3,F2_1,,L1,,,
37036,L2,L1,L1,L1,L2,L2,L1,L2,L1,C2_2,D2_3,F2_1,,L2,,,
37037,L2,L1,L1,L1,L2,L2,L1,L2,L1,C2_2,D2_3,F2_1,,L3,,,
37038,L2,L1,L1,L1,L2,L2,L1,L2,L1,C2_2,D2_3,F2_2,,L1,,,
37039,L2,L1,L1,L1,L2,L2,L1,L2,L1,C2_2,D2_3,F2_2,,L2,,,
37040,L2,L1,L1,L1,L2,L2,L1,L2,L1,C2_2,D2_3,F2_2,,L3,,,
37041,L2,L1,L1,L1,L2,L2,L1,L2,L1,C2_2,D2_3,F2_3,,L1,,,
37042,L2,L1,L1,L1,L2,L2,L1,L2,L1,C2_2,D2_3,F2_3,,L2,,,
37043,L2,L1,L1,L1,L2,L2,L1,L2,L1,C2_2,D2_3,F2_3,,L3,,,
37044,L2,L1,L1,L1,L2,L2,L1,L2,L1,C2_3,D2_1,F2_1,,L1,,,
37045,L2,L1,L1,L1,L2,L2,L1,L2,L1,C2_3,D2_1,F2_1,,L2,,,
37046,L2,L1,L1,L1,L2,L2,L1,L2,L1,C2_3,D2_1,F2_1,,L3,,,
37047,L2,L1,L1,L1,L2,L2,L1,L2,L1,C2_3,D2_1,F2_2,,L1,,,
37048,L2,L1,L1,L1,L2,L2,L1,L2,L1,C2_3,D2_1,F2_2,,L2,,,
37049,L2,L1,L1,L1,L2,L2,L1,L2,L1,C2_3,D2_1,F2_2,,L3,,,
37050,L2,L1,L1,L1,L2,L2,L1,L2,L1,C2_3,D2_1,F2_3,,L1,,,
37051,L2,L1,L1,L1,L2,L2,L1,L2,L1,C2_3,D2_1,F2_3,,L2,,,
37052,L2,L1,L1,L1,L2,L2,L1,L2,L1,C2_3,D2_1,F2_3,,L3,,,
37053,L2,L1,L1,L1,L2,L2,L1,L2,L1,C2_3,D2_2,F2_1,,L1,,,
37054,L2,L1,L1,L1,L2,L2,L1,L2,L1,C2_3,D2_2,F2_1,,L2,,,
37055,L2,L1,L1,L1,L2,L2,L1,L2,L1,C2_3,D2_2,F2_1,,L3,,,
37056,L2,L1,L1,L1,L2,L2,L1,L2,L1,C2_3,D2_2,F2_2,,L1,,,
37057,L2,L1,L1,L1,L2,L2,L1,L2,L1,C2_3,D2_2,F2_2,,L2,,,
37058,L2,L1,L1,L1,L2,L2,L1,L2,L1,C2_3,D2_2,F2_2,,L3,,,
37059,L2,L1,L1,L1,L2,L2,L1,L2,L1,C2_3,D2_2,F2_3,,L1,,,
37060,L2,L1,L1,L1,L2,L2,L1,L2,L1,C2_3,D2_2,F2_3,,L2,,,
37061,L2,L1,L1,L1,L2,L2,L1,L2,L1,C2_3,D2_2,F2_3,,L3,,,
37062,L2,L1,L1,L1,L2,L2,L1,L2,L1,C2_3,D2_3,F2_1,,L1,,,
37063,L2,L1,L1,L1,L2,L2,L1,L2,L1,C2_3,D2_3,F2_1,,L2,,,
37064,L2,L1,L1,L1,L2,L2,L1,L2,L1,C2_3,D2_3,F2_1,,L3,,,
37065,L2,L1,L1,L1,L2,L2,L1,L2,L1,C2_3,D2_3,F2_2,,L1,,,
37066,L2,L1,L1,L1,L2,L2,L1,L2,L1,C2_3,D2_3,F2_2,,L2,,,
37067,L2,L1,L1,L1,L2,L2,L1,L2,L1,C2_3,D2_3,F2_2,,L3,,,
37068,L2,L1,L1,L1,L2,L2,L1,L2,L1,C2_3,D2_3,F2_3,,L1,,,
37069,L2,L1,L1,L1,L2,L2,L1,L2,L1,C2_3,D2_3,F2_3,,L2,,,
37070,L2,L1,L1,L1,L2,L2,L1,L2,L1,C2_3,D2_3,F2_3,,L3,,,
42957,L2,L1,L3,L3,L2,L2,L1,L2,L1,C2_1,D2_1,F2_1,,L1,,,
42958,L2,L1,L3,L3,L2,L2,L1,L2,L1,C2_1,D2_1,F2_1,,L2,,,
42959,L2,L1,L3,L3,L2,L2,L1,L2,L1,C2_1,D2_1,F2_1,,L3,,,
42960,L2,L1,L3,L3,L2,L2,L1,L2,L1,C2_1,D2_1,F2_2,,L1,,,
42961,L2,L1,L3,L3,L2,L2,L1,L2,L1,C2_1,D2_1,F2_2,,L2,,,
42962,L2,L1,L3,L3,L2,L2,L1,L2,L1,C2_1,D2_1,F2_2,,L3,,,
42963,L2,L1,L3,L3,L2,L2,L1,L2,L1,C2_1,D2_1,F2_3,,L1,,,
42964,L2,L1,L3,L3,L2,L2,L1,L2,L1,C2_1,D2_1,F2_3,,L2,,,
42965,L2,L1,L3,L3,L2,L2,L1,L2,L1,C2_1,D2_1,F2_3,,L3,,,
42966,L2,L1,L3,L3,L2,L2,L1,L2,L1,C2_1,D2_2,F2_1,,L1,,,
42967,L2,L1,L3,L3,L2,L2,L1,L2,L1,C2_1,D2_2,F2_1,,L2,,,
42968,L2,L1,L3,L3,L2,L2,L1,L2,L1,C2_1,D2_2,F2_1,,L3,,,
42969,L2,L1,L3,L3,L2,L2,L1,L2,L1,C2_1,D2_2,F2_2,,L1,,,
42970,L2,L1,L3,L3,L2,L2,L1,L2,L1,C2_1,D2_2,F2_2,,L2,,,
42971,L2,L1,L3,L3,L2,L2,L1,L2,L1,C2_1,D2_2,F2_2,,L3,,,
42972,L2,L1,L3,L3,L2,L2,L1,L2,L1,C2_1,D2_2,F2_3,,L1,,,
42973,L2,L1,L3,L3,L2,L2,L1,L2,L1,C2_1,D2_2,F2_3,,L2,,,
42974,L2,L1,L3,L3,L2,L2,L1,L2,L1,C2_1,D2_2,F2_3,,L3,,,
42975,L2,L1,L3,L3,L2,L2,L1,L2,L1,C2_1,D2_3,F2_1,,L1,,,
42976,L2,L1,L3,L3,L2,L2,L1,L2,L1,C2_1,D2_3,F2_1,,L2,,,
42977,L2,L1,L3,L3,L2,L2,L1,L2,L1,C2_1,D2_3,F2_1,,L3,,,
42978,L2,L1,L3,L3,L2,L2,L1,L2,L1,C2_1,D2_3,F2_2,,L1,,,
42979,L2,L1,L3,L3,L2,L2,L1,L2,L1,C2_1,D2_3,F2_2,,L2,,,
42980,L2,L1,L3,L3,L2,L2,L1,L2,L1,C2_1,D2_3,F2_2,,L3,,,
42981,L2,L1,L3,L3,L2,L2,L1,L2,L1,C2_1,D2_3,F2_3,,L1,,,
42982,L2,L1,L3,L3,L2,L2,L1,L2,L1,C2_1,D2_3,F2_3,,L2,,,
42983,L2,L1,L3,L3,L2,L2,L1,L2,L1,C2_1,D2_3,F2_3,,L3,,,
42984,L2,L1,L3,L3,L2,L2,L1,L2,L1,C2_2,D2_1,F2_1,,L1,,,
42985,L2,L1,L3,L3,L2,L2,L1,L2,L1,C2_2,D2_1,F2_1,,L2,,,
42986,L2,L1,L3,L3,L2,L2,L1,L2,L1,C2_2,D2_1,F2_1,,L3,,,
42987,L2,L1,L3,L3,L2,L2,L1,L2,L1,C2_2,D2_1,F2_2,,L1,,,
42988,L2,L1,L3,L3,L2,L2,L1,L2,L1,C2_2,D2_1,F2_2,,L2,,,
42989,L2,L1,L3,L3,L2,L2,L1,L2,L1,C2_2,D2_1,F2_2,,L3,,,
42990,L2,L1,L3,L3,L2,L2,L1,L2,L1,C2_2,D2_1,F2_3,,L1,,,
42991,L2,L1,L3,L3,L2,L2,L1,L2,L1,C2_2,D2_1,F2_3,,L2,,,
42992,L2,L1,L3,L3,L2,L2,L1,L2,L1,C2_2,D2_1,F2_3,,L3,,,
42993,L2,L1,L3,L3,L2,L2,L1,L2,L1,C2_2,D2_2,F2_1,,L1,,,
42994,L2,L1,L3,L3,L2,L2,L1,L2,L1,C2_2,D2_2,F2_1,,L2,,,
42995,L2,L1,L3,L3,L2,L2,L1,L2,L1,C2_2,D2_2,F2_1,,L3,,,
42996,L2,L1,L3,L3,L2,L2,L1,L2,L1,C2_2,D2_2,F2_2,,L1,,,
42997,L2,L1,L3,L3,L2,L2,L1,L2,L1,C2_2,D2_2,F2_2,,L2,,,
42998,L2,L1,L3,L3,L2,L2,L1,L2,L1,C2_2,D2_2,F2_2,,L3,,,
42999,L2,L1,L3,L3,L2,L2,L1,L2,L1,C2_2,D2_2,F2_3,,L1,,,
43000,L2,L1,L3,L3,L2,L2,L1,L2,L1,C2_2,D2_2,F2_3,,L2,,,
43001,L2,L1,L3,L3,L2,L2,L1,L2,L1,C2_2,D2_2,F2_3,,L3,,,
43002,L2,L1,L3,L3,L2,L2,L1,L2,L1,C2_2,D2_3,F2_1,,L1,,,
43003,L2,L1,L3,L3,L2,L2,L1,L2,L1,C2_2,D2_3,F2_1,,L2,,,
43004,L2,L1,L3,L3,L2,L2,L1,L2,L1,C2_2,D2_3,F2_1,,L3,,,
43005,L2,L1,L3,L3,L2,L2,L1,L2,L1,C2_2,D2_3,F2_2,,L1,,,
43006,L2,L1,L3,L3,L2,L2,L1,L2,L1,C2_2,D2_3,F2_2,,L2,,,
43007,L2,L1,L3,L3,L2,L2,L1,L2,L1,C2_2,D2_3,F2_2,,L3,,,
43008,L2,L1,L3,L3,L2,L2,L1,L2,L1,C2_2,D2_3,F2_3,,L1,,,
43009,L2,L1,L3,L3,L2,L2,L1,L2,L1,C2_2,D2_3,F2_3,,L2,,,
43010,L2,L1,L3,L3,L2,L2,L1,L2,L1,C2_2,D2_3,F2_3,,L3,,,
43011,L2,L1,L3,L3,L2,L2,L1,L2,L1,C2_3,D2_1,F2_1,,L1,,,
43012,L2,L1,L3,L3,L2,L2,L1,L2,L1,C2_3,D2_1,F2_1,,L2,,,
43013,L2,L1,L3,L3,L2,L2,L1,L2,L1,C2_3,D2_1,F2_1,,L3,,,
43014,L2,L1,L3,L3,L2,L2,L1,L2,L1,C2_3,D2_1,F2_2,,L1,,,
43015,L2,L1,L3,L3,L2,L2,L1,L2,L1,C2_3,D2_1,F2_2,,L2,,,
43016,L2,L1,L3,L3,L2,L2,L1,L2,L1,C2_3,D2_1,F2_2,,L3,,,
43017,L2,L1,L3,L3,L2,L2,L1,L2,L1,C2_3,D2_1,F2_3,,L1,,,
43018,L2,L1,L3,L3,L2,L2,L1,L2,L1,C2_3,D2_1,F2_3,,L2,,,
43019,L2,L1,L3,L3,L2,L2,L1,L2,L1,C2_3,D2_1,F2_3,,L3,,,
43020,L2,L1,L3,L3,L2,L2,L1,L2,L1,C2_3,D2_2,F2_1,,L1,,,
43021,L2,L1,L3,L3,L2,L2,L1,L2,L1,C2_3,D2_2,F2_1,,L2,,,
43022,L2,L1,L3,L3,L2,L2,L1,L2,L1,C2_3,D2_2,F2_1,,L3,,,
43023,L2,L1,L3,L3,L2,L2,L1,L2,L1,C2_3,D2_2,F2_2,,L1,,,
43024,L2,L1,L3,L3,L2,L2,L1,L2,L1,C2_3,D2_2,F2_2,,L2,,,
43025,L2,L1,L3,L3,L2,L2,L1,L2,L1,C2_3,D2_2,F2_2,,L3,,,
43026,L2,L1,L3,L3,L2,L2,L1,L2,L1,C2_3,D2_2,F2_3,,L1,,,
43027,L2,L1,L3,L3,L2,L2,L1,L2,L1,C2_3,D2_2,F2_3,,L2,,,
43028,L2,L1,L3,L3,L2,L2,L1,L2,L1,C2_3,D2_2,F2_3,,L3,,,
43029,L2,L1,L3,L3,L2,L2,L1,L2,L1,C2_3,D2_3,F2_1,,L1,,,
43030,L2,L1,L3,L3,L2,L2,L1,L2,L1,C2_3,D2_3,F2_1,,L2,,,
43031,L2,L1,L3,L3,L2,L2,L1,L2,L1,C2_3,D2_3,F2_1,,L3,,,
43032,L2,L1,L3,L3,L2,L2,L1,L2,L1,C2_3,D2_3,F2_2,,L1,,,
43033,L2,L1,L3,L3,L2,L2,L1,L2,L1,C2_3,D2_3,F2_2,,L2,,,
43034,L2,L1,L3,L3,L2,L2,L1,L2,L1,C2_3,D2_3,F2_2,,L3,,,
43035,L2,L1,L3,L3,L2,L2,L1,L2,L1,C2_3,D2_3,F2_3,,L1,,,
43036,L2,L1,L3,L3,L2,L2,L1,L2,L1,C2_3,D2_3,F2_3,,L2,,,
43037,L2,L1,L3,L3,L2,L2,L1,L2,L1,C2_3,D2_3,F2_3,,L3,,,
54837,L1,L2,L3,L3,L2,L2,L1,L2,L1,C2_1,D2_1,F2_1,,L1,,,
54838,L1,L2,L3,L3,L2,L2,L1,L2,L1,C2_1,D2_1,F2_1,,L2,,,
54839,L1,L2,L3,L3,L2,L2,L1,L2,L1,C2_1,D2_1,F2_1,,L3,,,
54840,L1,L2,L3,L3,L2,L2,L1,L2,L1,C2_1,D2_1,F2_2,,L1,,,
54841,L1,L2,L3,L3,L2,L2,L1,L2,L1,C2_1,D2_1,F2_2,,L2,,,
54842,L1,L2,L3,L3,L2,L2,L1,L2,L1,C2_1,D2_1,F2_2,,L3,,,
54843,L1,L2,L3,L3,L2,L2,L1,L2,L1,C2_1,D2_1,F2_3,,L1,,,
54844,L1,L2,L3,L3,L2,L2,L1,L2,L1,C2_1,D2_1,F2_3,,L2,,,
54845,L1,L2,L3,L3,L2,L2,L1,L2,L1,C2_1,D2_1,F2_3,,L3,,,
54846,L1,L2,L3,L3,L2,L2,L1,L2,L1,C2_1,D2_2,F2_1,,L1,,,
54847,L1,L2,L3,L3,L2,L2,L1,L2,L1,C2_1,D2_2,F2_1,,L2,,,
54848,L1,L2,L3,L3,L2,L2,L1,L2,L1,C2_1,D2_2,F2_1,,L3,,,
54849,L1,L2,L3,L3,L2,L2,L1,L2,L1,C2_1,D2_2,F2_2,,L1,,,
54850,L1,L2,L3,L3,L2,L2,L1,L2,L1,C2_1,D2_2,F2_2,,L2,,,
54851,L1,L2,L3,L3,L2,L2,L1,L2,L1,C2_1,D2_2,F2_2,,L3,,,
54852,L1,L2,L3,L3,L2,L2,L1,L2,L1,C2_1,D2_2,F2_3,,L1,,,
54853,L1,L2,L3,L3,L2,L2,L1,L2,L1,C2_1,D2_2,F2_3,,L2,,,
54854,L1,L2,L3,L3,L2,L2,L1,L2,L1,C2_1,D2_2,F2_3,,L3,,,
54855,L1,L2,L3,L3,L2,L2,L1,L2,L1,C2_1,D2_3,F2_1,,L1,,,
54856,L1,L2,L3,L3,L2,L2,L1,L2,L1,C2_1,D2_3,F2_1,,L2,,,
54857,L1,L2,L3,L3,L2,L2,L1,L2,L1,C2_1,D2_3,F2_1,,L3,,,
54858,L1,L2,L3,L3,L2,L2,L1,L2,L1,C2_1,D2_3,F2_2,,L1,,,
54859,L1,L2,L3,L3,L2,L2,L1,L2,L1,C2_1,D2_3,F2_2,,L2,,,
54860,L1,L2,L3,L3,L2,L2,L1,L2,L1,C2_1,D2_3,F2_2,,L3,,,
54861,L1,L2,L3,L3,L2,L2,L1,L2,L1,C2_1,D2_3,F2_3,,L1,,,
54862,L1,L2,L3,L3,L2,L2,L1,L2,L1,C2_1,D2_3,F2_3,,L2,,,
54863,L1,L2,L3,L3,L2,L2,L1,L2,L1,C2_1,D2_3,F2_3,,L3,,,
54864,L1,L2,L3,L3,L2,L2,L1,L2,L1,C2_2,D2_1,F2_1,,L1,,,
54865,L1,L2,L3,L3,L2,L2,L1,L2,L1,C2_2,D2_1,F2_1,,L2,,,
54866,L1,L2,L3,L3,L2,L2,L1,L2,L1,C2_2,D2_1,F2_1,,L3,,,
54867,L1,L2,L3,L3,L2,L2,L1,L2,L1,C2_2,D2_1,F2_2,,L1,,,
54868,L1,L2,L3,L3,L2,L2,L1,L2,L1,C2_2,D2_1,F2_2,,L2,,,
54869,L1,L2,L3,L3,L2,L2,L1,L2,L1,C2_2,D2_1,F2_2,,L3,,,
54870,L1,L2,L3,L3,L2,L2,L1,L2,L1,C2_2,D2_1,F2_3,,L1,,,
54871,L1,L2,L3,L3,L2,L2,L1,L2,L1,C2_2,D2_1,F2_3,,L2,,,
54872,L1,L2,L3,L3,L2,L2,L1,L2,L1,C2_2,D2_1,F2_3,,L3,,,
54873,L1,L2,L3,L3,L2,L2,L1,L2,L1,C2_2,D2_2,F2_1,,L1,,,
54874,L1,L2,L3,L3,L2,L2,L1,L2,L1,C2_2,D2_2,F2_1,,L2,,,
54875,L1,L2,L3,L3,L2,L2,L1,L2,L1,C2_2,D2_2,F2_1,,L3,,,
54876,L1,L2,L3,L3,L2,L2,L1,L2,L1,C2_2,D2_2,F2_2,,L1,,,
54877,L1,L2,L3,L3,L2,L2,L1,L2,L1,C2_2,D2_2,F2_2,,L2,,,
54878,L1,L2,L3,L3,L2,L2,L1,L2,L1,C2_2,D2_2,F2_2,,L3,,,
54879,L1,L2,L3,L3,L2,L2,L1,L2,L1,C2_2,D2_2,F2_3,,L1,,,
54880,L1,L2,L3,L3,L2,L2,L1,L2,L1,C2_2,D2_2,F2_3,,L2,,,
54881,L1,L2,L3,L3,L2,L2,L1,L2,L1,C2_2,D2_2,F2_3,,L3,,,
54882,L1,L2,L3,L3,L2,L2,L1,L2,L1,C2_2,D2_3,F2_1,,L1,,,
54883,L1,L2,L3,L3,L2,L2,L1,L2,L1,C2_2,D2_3,F2_1,,L2,,,
54884,L1,L2,L3,L3,L2,L2,L1,L2,L1,C2_2,D2_3,F2_1,,L3,,,
54885,L1,L2,L3,L3,L2,L2,L1,L2,L1,C2_2,D2_3,F2_2,,L1,,,
54886,L1,L2,L3,L3,L2,L2,L1,L2,L1,C2_2,D2_3,F2_2,,L2,,,
54887,L1,L2,L3,L3,L2,L2,L1,L2,L1,C2_2,D2_3,F2_2,,L3,,,
54888,L1,L2,L3,L3,L2,L2,L1,L2,L1,C2_2,D2_3,F2_3,,L1,,,
54889,L1,L2,L3,L3,L2,L2,L1,L2,L1,C2_2,D2_3,F2_3,,L2,,,
54890,L1,L2,L3,L3,L2,L2,L1,L2,L1,C2_2,D2_3,F2_3,,L3,,,
54891,L1,L2,L3,L3,L2,L2,L1,L2,L1,C2_3,D2_1,F2_1,,L1,,,
54892,L1,L2,L3,L3,L2,L2,L1,L2,L1,C2_3,D2_1,F2_1,,L2,,,
54893,L1,L2,L3,L3,L2,L2,L1,L2,L1,C2_3,D2_1,F2_1,,L3,,,
54894,L1,L2,L3,L3,L2,L2,L1,L2,L1,C2_3,D2_1,F2_2,,L1,,,
54895,L1,L2,L3,L3,L2,L2,L1,L2,L1,C2_3,D2_1,F2_2,,L2,,,
54896,L1,L2,L3,L3,L2,L2,L1,L2,L1,C2_3,D2_1,F2_2,,L3,,,
54897,L1,L2,L3,L3,L2,L2,L1,L2,L1,C2_3,D2_1,F2_3,,L1,,,
54898,L1,L2,L3,L3,L2,L2,L1,L2,L1,C2_3,D2_1,F2_3,,L2,,,
54899,L1,L2,L3,L3,L2,L2,L1,L2,L1,C2_3,D2_1,F2_3,,L3,,,
54900,L1,L2,L3,L3,L2,L2,L1,L2,L1,C2_3,D2_2,F2_1,,L1,,,
54901,L1,L2,L3,L3,L2,L2,L1,L2,L1,C2_3,D2_2,F2_1,,L2,,,
54902,L1,L2,L3,L3,L2,L2,L1,L2,L1,C2_3,D2_2,F2_1,,L3,,,
54903,L1,L2,L3,L3,L2,L2,L1,L2,L1,C2_3,D2_2,F2_2,,L1,,,
54904,L1,L2,L3,L3,L2,L2,L1,L2,L1,C2_3,D2_2,F2_2,,L2,,,
54905,L1,L2,L3,L3,L2,L2,L1,L2,L1,C2_3,D2_2,F2_2,,L3,,,
54906,L1,L2,L3,L3,L2,L2,L1,L2,L1,C2_3,D2_2,F2_3,,L1,,,
54907,L1,L2,L3,L3,L2,L2,L1,L2,L1,C2_3,D2_2,F2_3,,L2,,,
54908,L1,L2,L3,L3,L2,L2,L1,L2,L1,C2_3,D2_2,F2_3,,L3,,,
54909,L1,L2,L3,L3,L2,L2,L1,L2,L1,C2_3,D2_3,F2_1,,L1,,,
54910,L1,L2,L3,L3,L2,L2,L1,L2,L1,C2_3,D2_3,F2_1,,L2,,,
54911,L1,L2,L3,L3,L2,L2,L1,L2,L1,C2_3,D2_3,F2_1,,L3,,,
54912,L1,L2,L3,L3,L2,L2,L1,L2,L1,C2_3,D2_3,F2_2,,L1,,,
54913,L1,L2,L3,L3,L2,L2,L1,L2,L1,C2_3,D2_3,F2_2,,L2,,,
54914,L1,L2,L3,L3,L2,L2,L1,L2,L1,C2_3,D2_3,F2_2,,L3,,,
54915,L1,L2,L3,L3,L2,L2,L1,L2,L1,C2_3,D2_3,F2_3,,L1,,,
54916,L1,L2,L3,L3,L2,L2,L1,L2,L1,C2_3,D2_3,F2_3,,L2,,,
54917,L1,L2,L3,L3,L2,L2,L1,L2,L1,C2_3,D2_3,F2_3,,L3,,,
65691,L1,L3,L2,L3,L3,L2,L1,L2,L1,C2_1,D2_1,F2_1,,L1,,,
65692,L1,L3,L2,L3,L3,L2,L1,L2,L1,C2_1,D2_1,F2_1,,L2,,,
65693,L1,L3,L2,L3,L3,L2,L1,L2,L1,C2_1,D2_1,F2_1,,L3,,,
65694,L1,L3,L2,L3,L3,L2,L1,L2,L1,C2_1,D2_1,F2_2,,L1,,,
65695,L1,L3,L2,L3,L3,L2,L1,L2,L1,C2_1,D2_1,F2_2,,L2,,,
65696,L1,L3,L2,L3,L3,L2,L1,L2,L1,C2_1,D2_1,F2_2,,L3,,,
65697,L1,L3,L2,L3,L3,L2,L1,L2,L1,C2_1,D2_1,F2_3,,L1,,,
65698,L1,L3,L2,L3,L3,L2,L1,L2,L1,C2_1,D2_1,F2_3,,L2,,,
65699,L1,L3,L2,L3,L3,L2,L1,L2,L1,C2_1,D2_1,F2_3,,L3,,,
65700,L1,L3,L2,L3,L3,L2,L1,L2,L1,C2_1,D2_2,F2_1,,L1,,,
65701,L1,L3,L2,L3,L3,L2,L1,L2,L1,C2_1,D2_2,F2_1,,L2,,,
65702,L1,L3,L2,L3,L3,L2,L1,L2,L1,C2_1,D2_2,F2_1,,L3,,,
65703,L1,L3,L2,L3,L3,L2,L1,L2,L1,C2_1,D2_2,F2_2,,L1,,,
65704,L1,L3,L2,L3,L3,L2,L1,L2,L1,C2_1,D2_2,F2_2,,L2,,,
65705,L1,L3,L2,L3,L3,L2,L1,L2,L1,C2_1,D2_2,F2_2,,L3,,,
65706,L1,L3,L2,L3,L3,L2,L1,L2,L1,C2_1,D2_2,F2_3,,L1,,,
65707,L1,L3,L2,L3,L3,L2,L1,L2,L1,C2_1,D2_2,F2_3,,L2,,,
65708,L1,L3,L2,L3,L3,L2,L1,L2,L1,C2_1,D2_2,F2_3,,L3,,,
65709,L1,L3,L2,L3,L3,L2,L1,L2,L1,C2_1,D2_3,F2_1,,L1,,,
65710,L1,L3,L2,L3,L3,L2,L1,L2,L1,C2_1,D2_3,F2_1,,L2,,,
65711,L1,L3,L2,L3,L3,L2,L1,L2,L1,C2_1,D2_3,F2_1,,L3,,,
65712,L1,L3,L2,L3,L3,L2,L1,L2,L1,C2_1,D2_3,F2_2,,L1,,,
65713,L1,L3,L2,L3,L3,L2,L1,L2,L1,C2_1,D2_3,F2_2,,L2,,,
65714,L1,L3,L2,L3,L3,L2,L1,L2,L1,C2_1,D2_3,F2_2,,L3,,,
65715,L1,L3,L2,L3,L3,L2,L1,L2,L1,C2_1,D2_3,F2_3,,L1,,,
65716,L1,L3,L2,L3,L3,L2,L1,L2,L1,C2_1,D2_3,F2_3,,L2,,,
65717,L1,L3,L2,L3,L3,L2,L1,L2,L1,C2_1,D2_3,F2_3,,L3,,,
65718,L1,L3,L2,L3,L3,L2,L1,L2,L1,C2_2,D2_1,F2_1,,L1,,,
65719,L1,L3,L2,L3,L3,L2,L1,L2,L1,C2_2,D2_1,F2_1,,L2,,,
65720,L1,L3,L2,L3,L3,L2,L1,L2,L1,C2_2,D2_1,F2_1,,L3,,,
65721,L1,L3,L2,L3,L3,L2,L1,L2,L1,C2_2,D2_1,F2_2,,L1,,,
65722,L1,L3,L2,L3,L3,L2,L1,L2,L1,C2_2,D2_1,F2_2,,L2,,,
65723,L1,L3,L2,L3,L3,L2,L1,L2,L1,C2_2,D2_1,F2_2,,L3,,,
65724,L1,L3,L2,L3,L3,L2,L1,L2,L1,C2_2,D2_1,F2_3,,L1,,,
65725,L1,L3,L2,L3,L3,L2,L1,L2,L1,C2_2,D2_1,F2_3,,L2,,,
65726,L1,L3,L2,L3,L3,L2,L1,L2,L1,C2_2,D2_1,F2_3,,L3,,,
65727,L1,L3,L2,L3,L3,L2,L1,L2,L1,C2_2,D2_2,F2_1,,L1,,,
65728,L1,L3,L2,L3,L3,L2,L1,L2,L1,C2_2,D2_2,F2_1,,L2,,,
65729,L1,L3,L2,L3,L3,L2,L1,L2,L1,C2_2,D2_2,F2_1,,L3,,,
65730,L1,L3,L2,L3,L3,L2,L1,L2,L1,C2_2,D2_2,F2_2,,L1,,,
65731,L1,L3,L2,L3,L3,L2,L1,L2,L1,C2_2,D2_2,F2_2,,L2,,,
65732,L1,L3,L2,L3,L3,L2,L1,L2,L1,C2_2,D2_2,F2_2,,L3,,,
65733,L1,L3,L2,L3,L3,L2,L1,L2,L1,C2_2,D2_2,F2_3,,L1,,,
65734,L1,L3,L2,L3,L3,L2,L1,L2,L1,C2_2,D2_2,F2_3,,L2,,,
65735,L1,L3,L2,L3,L3,L2,L1,L2,L1,C2_2,D2_2,F2_3,,L3,,,
65736,L1,L3,L2,L3,L3,L2,L1,L2,L1,C2_2,D2_3,F2_1,,L1,,,
65737,L1,L3,L2,L3,L3,L2,L1,L2,L1,C2_2,D2_3,F2_1,,L2,,,
65738,L1,L3,L2,L3,L3,L2,L1,L2,L1,C2_2,D2_3,F2_1,,L3,,,
65739,L1,L3,L2,L3,L3,L2,L1,L2,L1,C2_2,D2_3,F2_2,,L1,,,
65740,L1,L3,L2,L3,L3,L2,L1,L2,L1,C2_2,D2_3,F2_2,,L2,,,
65741,L1,L3,L2,L3,L3,L2,L1,L2,L1,C2_2,D2_3,F2_2,,L3,,,
65742,L1,L3,L2,L3,L3,L2,L1,L2,L1,C2_2,D2_3,F2_3,,L1,,,
65743,L1,L3,L2,L3,L3,L2,L1,L2,L1,C2_2,D2_3,F2_3,,L2,,,
65744,L1,L3,L2,L3,L3,L2,L1,L2,L1,C2_2,D2_3,F2_3,,L3,,,
65745,L1,L3,L2,L3,L3,L2,L1,L2,L1,C2_3,D2_1,F2_1,,L1,,,
65746,L1,L3,L2,L3,L3,L2,L1,L2,L1,C2_3,D2_1,F2_1,,L2,,,
65747,L1,L3,L2,L3,L3,L2,L1,L2,L1,C2_3,D2_1,F2_1,,L3,,,
65748,L1,L3,L2,L3,L3,L2,L1,L2,L1,C2_3,D2_1,F2_2,,L1,,,
65749,L1,L3,L2,L3,L3,L2,L1,L2,L1,C2_3,D2_1,F2_2,,L2,,,
65750,L1,L3,L2,L3,L3,L2,L1,L2,L1,C2_3,D2_1,F2_2,,L3,,,
65751,L1,L3,L2,L3,L3,L2,L1,L2,L1,C2_3,D2_1,F2_3,,L1,,,
65752,L1,L3,L2,L3,L3,L2,L1,L2,L1,C2_3,D2_1,F2_3,,L2,,,
65753,L1,L3,L2,L3,L3,L2,L1,L2,L1,C2_3,D2_1,F2_3,,L3,,,
65754,L1,L3,L2,L3,L3,L2,L1,L2,L1,C2_3,D2_2,F2_1,,L1,,,
65755,L1,L3,L2,L3,L3,L2,L1,L2,L1,C2_3,D2_2,F2_1,,L2,,,
65756,L1,L3,L2,L3,L3,L2,L1,L2,L1,C2_3,D2_2,F2_1,,L3,,,
65757,L1,L3,L2,L3,L3,L2,L1,L2,L1,C2_3,D2_2,F2_2,,L1,,,
65758,L1,L3,L2,L3,L3,L2,L1,L2,L1,C2_3,D2_2,F2_2,,L2,,,
65759,L1,L3,L2,L3,L3,L2,L1,L2,L1,C2_3,D2_2,F2_2,,L3,,,
65760,L1,L3,L2,L3,L3,L2,L1,L2,L1,C2_3,D2_2,F2_3,,L1,,,
65761,L1,L3,L2,L3,L3,L2,L1,L2,L1,C2_3,D2_2,F2_3,,L2,,,
65762,L1,L3,L2,L3,L3,L2,L1,L2,L1,C2_3,D2_2,F2_3,,L3,,,
65763,L1,L3,L2,L3,L3,L2,L1,L2,L1,C2_3,D2_3,F2_1,,L1,,,
65764,L1,L3,L2,L3,L3,L2,L1,L2,L1,C2_3,D2_3,F2_1,,L2,,,
65765,L1,L3,L2,L3,L3,L2,L1,L2,L1,C2_3,D2_3,F2_1,,L3,,,
65766,L1,L3,L2,L3,L3,L2,L1,L2,L1,C2_3,D2_3,F2_2,,L1,,,
65767,L1,L3,L2,L3,L3,L2,L1,L2,L1,C2_3,D2_3,F2_2,,L2,,,
65768,L1,L3,L2,L3,L3,L2,L1,L2,L1,C2_3,D2_3,F2_2,,L3,,,
65769,L1,L3,L2,L3,L3,L2,L1,L2,L1,C2_3,D2_3,F2_3,,L1,,,
65770,L1,L3,L2,L3,L3,L2,L1,L2,L1,C2_3,D2_3,F2_3,,L2,,,
65771,L1,L3,L2,L3,L3,L2,L1,L2,L1,C2_3,D2_3,F2_3,,L3,,,
81675,L2,L3,L1,L1,L3,L2,L1,L2,L1,C2_1,D2_1,F2_1,,L1,,,
81676,L2,L3,L1,L1,L3,L2,L1,L2,L1,C2_1,D2_1,F2_1,,L2,,,
81677,L2,L3,L1,L1,L3,L2,L1,L2,L1,C2_1,D2_1,F2_1,,L3,,,
81678,L2,L3,L1,L1,L3,L2,L1,L2,L1,C2_1,D2_1,F2_2,,L1,,,
81679,L2,L3,L1,L1,L3,L2,L1,L2,L1,C2_1,D2_1,F2_2,,L2,,,
81680,L2,L3,L1,L1,L3,L2,L1,L2,L1,C2_1,D2_1,F2_2,,L3,,,
81681,L2,L3,L1,L1,L3,L2,L1,L2,L1,C2_1,D2_1,F2_3,,L1,,,
81682,L2,L3,L1,L1,L3,L2,L1,L2,L1,C2_1,D2_1,F2_3,,L2,,,
81683,L2,L3,L1,L1,L3,L2,L1,L2,L1,C2_1,D2_1,F2_3,,L3,,,
81684,L2,L3,L1,L1,L3,L2,L1,L2,L1,C2_1,D2_2,F2_1,,L1,,,
81685,L2,L3,L1,L1,L3,L2,L1,L2,L1,C2_1,D2_2,F2_1,,L2,,,
81686,L2,L3,L1,L1,L3,L2,L1,L2,L1,C2_1,D2_2,F2_1,,L3,,,
81687,L2,L3,L1,L1,L3,L2,L1,L2,L1,C2_1,D2_2,F2_2,,L1,,,
81688,L2,L3,L1,L1,L3,L2,L1,L2,L1,C2_1,D2_2,F2_2,,L2,,,
81689,L2,L3,L1,L1,L3,L2,L1,L2,L1,C2_1,D2_2,F2_2,,L3,,,
81690,L2,L3,L1,L1,L3,L2,L1,L2,L1,C2_1,D2_2,F2_3,,L1,,,
81691,L2,L3,L1,L1,L3,L2,L1,L2,L1,C2_1,D2_2,F2_3,,L2,,,
81692,L2,L3,L1,L1,L3,L2,L1,L2,L1,C2_1,D2_2,F2_3,,L3,,,
81693,L2,L3,L1,L1,L3,L2,L1,L2,L1,C2_1,D2_3,F2_1,,L1,,,
81694,L2,L3,L1,L1,L3,L2,L1,L2,L1,C2_1,D2_3,F2_1,,L2,,,
81695,L2,L3,L1,L1,L3,L2,L1,L2,L1,C2_1,D2_3,F2_1,,L3,,,
81696,L2,L3,L1,L1,L3,L2,L1,L2,L1,C2_1,D2_3,F2_2,,L1,,,
81697,L2,L3,L1,L1,L3,L2,L1,L2,L1,C2_1,D2_3,F2_2,,L2,,,
81698,L2,L3,L1,L1,L3,L2,L1,L2,L1,C2_1,D2_3,F2_2,,L3,,,
81699,L2,L3,L1,L1,L3,L2,L1,L2,L1,C2_1,D2_3,F2_3,,L1,,,
81700,L2,L3,L1,L1,L3,L2,L1,L2,L1,C2_1,D2_3,F2_3,,L2,,,
81701,L2,L3,L1,L1,L3,L2,L1,L2,L1,C2_1,D2_3,F2_3,,L3,,,
81702,L2,L3,L1,L1,L3,L2,L1,L2,L1,C2_2,D2_1,F2_1,,L1,,,
81703,L2,L3,L1,L1,L3,L2,L1,L2,L1,C2_2,D2_1,F2_1,,L2,,,
81704,L2,L3,L1,L1,L3,L2,L1,L2,L1,C2_2,D2_1,F2_1,,L3,,,
81705,L2,L3,L1,L1,L3,L2,L1,L2,L1,C2_2,D2_1,F2_2,,L1,,,
81706,L2,L3,L1,L1,L3,L2,L1,L2,L1,C2_2,D2_1,F2_2,,L2,,,
81707,L2,L3,L1,L1,L3,L2,L1,L2,L1,C2_2,D2_1,F2_2,,L3,,,
81708,L2,L3,L1,L1,L3,L2,L1,L2,L1,C2_2,D2_1,F2_3,,L1,,,
81709,L2,L3,L1,L1,L3,L2,L1,L2,L1,C2_2,D2_1,F2_3,,L2,,,
81710,L2,L3,L1,L1,L3,L2,L1,L2,L1,C2_2,D2_1,F2_3,,L3,,,
81711,L2,L3,L1,L1,L3,L2,L1,L2,L1,C2_2,D2_2,F2_1,,L1,,,
81712,L2,L3,L1,L1,L3,L2,L1,L2,L1,C2_2,D2_2,F2_1,,L2,,,
81713,L2,L3,L1,L1,L3,L2,L1,L2,L1,C2_2,D2_2,F2_1,,L3,,,
81714,L2,L3,L1,L1,L3,L2,L1,L2,L1,C2_2,D2_2,F2_2,,L1,,,
81715,L2,L3,L1,L1,L3,L2,L1,L2,L1,C2_2,D2_2,F2_2,,L2,,,
81716,L2,L3,L1,L1,L3,L2,L1,L2,L1,C2_2,D2_2,F2_2,,L3,,,
81717,L2,L3,L1,L1,L3,L2,L1,L2,L1,C2_2,D2_2,F2_3,,L1,,,
81718,L2,L3,L1,L1,L3,L2,L1,L2,L1,C2_2,D2_2,F2_3,,L2,,,
81719,L2,L3,L1,L1,L3,L2,L1,L2,L1,C2_2,D2_2,F2_3,,L3,,,
81720,L2,L3,L1,L1,L3,L2,L1,L2,L1,C2_2,D2_3,F2_1,,L1,,,
81721,L2,L3,L1,L1,L3,L2,L1,L2,L1,C2_2,D2_3,F2_1,,L2,,,
81722,L2,L3,L1,L1,L3,L2,L1,L2,L1,C2_2,D2_3,F2_1,,L3,,,
81723,L2,L3,L1,L1,L3,L2,L1,L2,L1,C2_2,D2_3,F2_2,,L1,,,
81724,L2,L3,L1,L1,L3,L2,L1,L2,L1,C2_2,D2_3,F2_2,,L2,,,
81725,L2,L3,L1,L1,L3,L2,L1,L2,L1,C2_2,D2_3,F2_2,,L3,,,
81726,L2,L3,L1,L1,L3,L2,L1,L2,L1,C2_2,D2_3,F2_3,,L1,,,
81727,L2,L3,L1,L1,L3,L2,L1,L2,L1,C2_2,D2_3,F2_3,,L2,,,
81728,L2,L3,L1,L1,L3,L2,L1,L2,L1,C2_2,D2_3,F2_3,,L3,,,
81729,L2,L3,L1,L1,L3,L2,L1,L2,L1,C2_3,D2_1,F2_1,,L1,,,
81730,L2,L3,L1,L1,L3,L2,L1,L2,L1,C2_3,D2_1,F2_1,,L2,,,
81731,L2,L3,L1,L1,L3,L2,L1,L2,L1,C2_3,D2_1,F2_1,,L3,,,
81732,L2,L3,L1,L1,L3,L2,L1,L2,L1,C2_3,D2_1,F2_2,,L1,,,
81733,L2,L3,L1,L1,L3,L2,L1,L2,L1,C2_3,D2_1,F2_2,,L2,,,
81734,L2,L3,L1,L1,L3,L2,L1,L2,L1,C2_3,D2_1,F2_2,,L3,,,
81735,L2,L3,L1,L1,L3,L2,L1,L2,L1,C2_3,D2_1,F2_3,,L1,,,
81736,L2,L3,L1,L1,L3,L2,L1,L2,L1,C2_3,D2_1,F2_3,,L2,,,
81737,L2,L3,L1,L1,L3,L2,L1,L2,L1,C2_3,D2_1,F2_3,,L3,,,
81738,L2,L3,L1,L1,L3,L2,L1,L2,L1,C2_3,D2_2,F2_1,,L1,,,
81739,L2,L3,L1,L1,L3,L2,L1,L2,L1,C2_3,D2_2,F2_1,,L2,,,
81740,L2,L3,L1,L1,L3,L2,L1,L2,L1,C2_3,D2_2,F2_1,,L3,,,
81741,L2,L3,L1,L1,L3,L2,L1,L2,L1,C2_3,D2_2,F2_2,,L1,,,
81742,L2,L3,L1,L1,L3,L2,L1,L2,L1,C2_3,D2_2,F2_2,,L2,,,
81743,L2,L3,L1,L1,L3,L2,L1,L2,L1,C2_3,D2_2,F2_2,,L3,,,
81744,L2,L3,L1,L1,L3,L2,L1,L2,L1,C2_3,D2_2,F2_3,,L1,,,
81745,L2,L3,L1,L1,L3,L2,L1,L2,L1,C2_3,D2_2,F2_3,,L2,,,
81746,L2,L3,L1,L1,L3,L2,L1,L2,L1,C2_3,D2_2,F2_3,,L3,,,
81747,L2,L3,L1,L1,L3,L2,L1,L2,L1,C2_3,D2_3,F2_1,,L1,,,
81748,L2,L3,L1,L1,L3,L2,L1,L2,L1,C2_3,D2_3,F2_1,,L2,,,
81749,L2,L3,L1,L1,L3,L2,L1,L2,L1,C2_3,D2_3,F2_1,,L3,,,
81750,L2,L3,L1,L1,L3,L2,L1,L2,L1,C2_3,D2_3,F2_2,,L1,,,
81751,L2,L3,L1,L1,L3,L2,L1,L2,L1,C2_3,D2_3,F2_2,,L2,,,
81752,L2,L3,L1,L1,L3,L2,L1,L2,L1,C2_3,D2_3,F2_2,,L3,,,
81753,L2,L3,L1,L1,L3,L2,L1,L2,L1,C2_3,D2_3,F2_3,,L1,,,
81754,L2,L3,L1,L1,L3,L2,L1,L2,L1,C2_3,D2_3,F2_3,,L2,,,
81755,L2,L3,L1,L1,L3,L2,L1,L2,L1,C2_3,D2_3,F2_3,,L3,,,
88182,L3,L2,L3,L2,L2,L2,L1,L2,L1,C2_1,D2_1,F2_1,,L1,,,
88183,L3,L2,L3,L2,L2,L2,L1,L2,L1,C2_1,D2_1,F2_1,,L2,,,
88184,L3,L2,L3,L2,L2,L2,L1,L2,L1,C2_1,D2_1,F2_1,,L3,,,
88185,L3,L2,L3,L2,L2,L2,L1,L2,L1,C2_1,D2_1,F2_2,,L1,,,
88186,L3,L2,L3,L2,L2,L2,L1,L2,L1,C2_1,D2_1,F2_2,,L2,,,
88187,L3,L2,L3,L2,L2,L2,L1,L2,L1,C2_1,D2_1,F2_2,,L3,,,
88188,L3,L2,L3,L2,L2,L2,L1,L2,L1,C2_1,D2_1,F2_3,,L1,,,
88189,L3,L2,L3,L2,L2,L2,L1,L2,L1,C2_1,D2_1,F2_3,,L2,,,
88190,L3,L2,L3,L2,L2,L2,L1,L2,L1,C2_1,D2_1,F2_3,,L3,,,
88191,L3,L2,L3,L2,L2,L2,L1,L2,L1,C2_1,D2_2,F2_1,,L1,,,
88192,L3,L2,L3,L2,L2,L2,L1,L2,L1,C2_1,D2_2,F2_1,,L2,,,
88193,L3,L2,L3,L2,L2,L2,L1,L2,L1,C2_1,D2_2,F2_1,,L3,,,
88194,L3,L2,L3,L2,L2,L2,L1,L2,L1,C2_1,D2_2,F2_2,,L1,,,
88195,L3,L2,L3,L2,L2,L2,L1,L2,L1,C2_1,D2_2,F2_2,,L2,,,
88196,L3,L2,L3,L2,L2,L2,L1,L2,L1,C2_1,D2_2,F2_2,,L3,,,
88197,L3,L2,L3,L2,L2,L2,L1,L2,L1,C2_1,D2_2,F2_3,,L1,,,
88198,L3,L2,L3,L2,L2,L2,L1,L2,L1,C2_1,D2_2,F2_3,,L2,,,
88199,L3,L2,L3,L2,L2,L2,L1,L2,L1,C2_1,D2_2,F2_3,,L3,,,
88200,L3,L2,L3,L2,L2,L2,L1,L2,L1,C2_1,D2_3,F2_1,,L1,,,
88201,L3,L2,L3,L2,L2,L2,L1,L2,L1,C2_1,D2_3,F2_1,,L2,,,
88202,L3,L2,L3,L2,L2,L2,L1,L2,L1,C2_1,D2_3,F2_1,,L3,,,
88203,L3,L2,L3,L2,L2,L2,L1,L2,L1,C2_1,D2_3,F2_2,,L1,,,
88204,L3,L2,L3,L2,L2,L2,L1,L2,L1,C2_1,D2_3,F2_2,,L2,,,
88205,L3,L2,L3,L2,L2,L2,L1,L2,L1,C2_1,D2_3,F2_2,,L3,,,
88206,L3,L2,L3,L2,L2,L2,L1,L2,L1,C2_1,D2_3,F2_3,,L1,,,
88207,L3,L2,L3,L2,L2,L2,L1,L2,L1,C2_1,D2_3,F2_3,,L2,,,
88208,L3,L2,L3,L2,L2,L2,L1,L2,L1,C2_1,D2_3,F2_3,,L3,,,
88209,L3,L2,L3,L2,L2,L2,L1,L2,L1,C2_2,D2_1,F2_1,,L1,,,
88210,L3,L2,L3,L2,L2,L2,L1,L2,L1,C2_2,D2_1,F2_1,,L2,,,
88211,L3,L2,L3,L2,L2,L2,L1,L2,L1,C2_2,D2_1,F2_1,,L3,,,
88212,L3,L2,L3,L2,L2,L2,L1,L2,L1,C2_2,D2_1,F2_2,,L1,,,
88213,L3,L2,L3,L2,L2,L2,L1,L2,L1,C2_2,D2_1,F2_2,,L2,,,
88214,L3,L2,L3,L2,L2,L2,L1,L2,L1,C2_2,D2_1,F2_2,,L3,,,
88215,L3,L2,L3,L2,L2,L2,L1,L2,L1,C2_2,D2_1,F2_3,,L1,,,
88216,L3,L2,L3,L2,L2,L2,L1,L2,L1,C2_2,D2_1,F2_3,,L2,,,
88217,L3,L2,L3,L2,L2,L2,L1,L2,L1,C2_2,D2_1,F2_3,,L3,,,
88218,L3,L2,L3,L2,L2,L2,L1,L2,L1,C2_2,D2_2,F2_1,,L1,,,
88219,L3,L2,L3,L2,L2,L2,L1,L2,L1,C2_2,D2_2,F2_1,,L2,,,
88220,L3,L2,L3,L2,L2,L2,L1,L2,L1,C2_2,D2_2,F2_1,,L3,,,
88221,L3,L2,L3,L2,L2,L2,L1,L2,L1,C2_2,D2_2,F2_2,,L1,,,
88222,L3,L2,L3,L2,L2,L2,L1,L2,L1,C2_2,D2_2,F2_2,,L2,,,
88223,L3,L2,L3,L2,L2,L2,L1,L2,L1,C2_2,D2_2,F2_2,,L3,,,
88224,L3,L2,L3,L2,L2,L2,L1,L2,L1,C2_2,D2_2,F2_3,,L1,,,
88225,L3,L2,L3,L2,L2,L2,L1,L2,L1,C2_2,D2_2,F2_3,,L2,,,
88226,L3,L2,L3,L2,L2,L2,L1,L2,L1,C2_2,D2_2,F2_3,,L3,,,
88227,L3,L2,L3,L2,L2,L2,L1,L2,L1,C2_2,D2_3,F2_1,,L1,,,
88228,L3,L2,L3,L2,L2,L2,L1,L2,L1,C2_2,D2_3,F2_1,,L2,,,
88229,L3,L2,L3,L2,L2,L2,L1,L2,L1,C2_2,D2_3,F2_1,,L3,,,
88230,L3,L2,L3,L2,L2,L2,L1,L2,L1,C2_2,D2_3,F2_2,,L1,,,
88231,L3,L2,L3,L2,L2,L2,L1,L2,L1,C2_2,D2_3,F2_2,,L2,,,
88232,L3,L2,L3,L2,L2,L2,L1,L2,L1,C2_2,D2_3,F2_2,,L3,,,
88233,L3,L2,L3,L2,L2,L2,L1,L2,L1,C2_2,D2_3,F2_3,,L1,,,
88234,L3,L2,L3,L2,L2,L2,L1,L2,L1,C2_2,D2_3,F2_3,,L2,,,
88235,L3,L2,L3,L2,L2,L2,L1,L2,L1,C2_2,D2_3,F2_3,,L3,,,
88236,L3,L2,L3,L2,L2,L2,L1,L2,L1,C2_3,D2_1,F2_1,,L1,,,
88237,L3,L2,L3,L2,L2,L2,L1,L2,L1,C2_3,D2_1,F2_1,,L2,,,
88238,L3,L2,L3,L2,L2,L2,L1,L2,L1,C2_3,D2_1,F2_1,,L3,,,
88239,L3,L2,L3,L2,L2,L2,L1,L2,L1,C2_3,D2_1,F2_2,,L1,,,
88240,L3,L2,L3,L2,L2,L2,L1,L2,L1,C2_3,D2_1,F2_2,,L2,,,
88241,L3,L2,L3,L2,L2,L2,L1,L2,L1,C2_3,D2_1,F2_2,,L3,,,
88242,L3,L2,L3,L2,L2,L2,L1,L2,L1,C2_3,D2_1,F2_3,,L1,,,
88243,L3,L2,L3,L2,L2,L2,L1,L2,L1,C2_3,D2_1,F2_3,,L2,,,
88244,L3,L2,L3,L2,L2,L2,L1,L2,L1,C2_3,D2_1,F2_3,,L3,,,
88245,L3,L2,L3,L2,L2,L2,L1,L2,L1,C2_3,D2_2,F2_1,,L1,,,
88246,L3,L2,L3,L2,L2,L2,L1,L2,L1,C2_3,D2_2,F2_1,,L2,,,
88247,L3,L2,L3,L2,L2,L2,L1,L2,L1,C2_3,D2_2,F2_1,,L3,,,
88248,L3,L2,L3,L2,L2,L2,L1,L2,L1,C2_3,D2_2,F2_2,,L1,,,
88249,L3,L2,L3,L2,L2,L2,L1,L2,L1,C2_3,D2_2,F2_2,,L2,,,
88250,L3,L2,L3,L2,L2,L2,L1,L2,L1,C2_3,D2_2,F2_2,,L3,,,
88251,L3,L2,L3,L2,L2,L2,L1,L2,L1,C2_3,D2_2,F2_3,,L1,,,
88252,L3,L2,L3,L2,L2,L2,L1,L2,L1,C2_3,D2_2,F2_3,,L2,,,
88253,L3,L2,L3,L2,L2,L2,L1,L2,L1,C2_3,D2_2,F2_3,,L3,,,
88254,L3,L2,L3,L2,L2,L2,L1,L2,L1,C2_3,D2_3,F2_1,,L1,,,
88255,L3,L2,L3,L2,L2,L2,L1,L2,L1,C2_3,D2_3,F2_1,,L2,,,
88256,L3,L2,L3,L2,L2,L2,L1,L2,L1,C2_3,D2_3,F2_1,,L3,,,
88257,L3,L2,L3,L2,L2,L2,L1,L2,L1,C2_3,D2_3,F2_2,,L1,,,
88258,L3,L2,L3,L2,L2,L2,L1,L2,L1,C2_3,D2_3,F2_2,,L2,,,
88259,L3,L2,L3,L2,L2,L2,L1,L2,L1,C2_3,D2_3,F2_2,,L3,,,
88260,L3,L2,L3,L2,L2,L2,L1,L2,L1,C2_3,D2_3,F2_3,,L1,,,
88261,L3,L2,L3,L2,L2,L2,L1,L2,L1,C2_3,D2_3,F2_3,,L2,,,
88262,L3,L2,L3,L2,L2,L2,L1,L2,L1,C2_3,D2_3,F2_3,,L3,,,
96390,L1,L1,L2,L3,L2,L2,L1,L2,L1,C2_1,D2_1,F2_1,,L1,,,
96391,L1,L1,L2,L3,L2,L2,L1,L2,L1,C2_1,D2_1,F2_1,,L2,,,
96392,L1,L1,L2,L3,L2,L2,L1,L2,L1,C2_1,D2_1,F2_1,,L3,,,
96393,L1,L1,L2,L3,L2,L2,L1,L2,L1,C2_1,D2_1,F2_2,,L1,,,
96394,L1,L1,L2,L3,L2,L2,L1,L2,L1,C2_1,D2_1,F2_2,,L2,,,
96395,L1,L1,L2,L3,L2,L2,L1,L2,L1,C2_1,D2_1,F2_2,,L3,,,
96396,L1,L1,L2,L3,L2,L2,L1,L2,L1,C2_1,D2_1,F2_3,,L1,,,
96397,L1,L1,L2,L3,L2,L2,L1,L2,L1,C2_1,D2_1,F2_3,,L2,,,
96398,L1,L1,L2,L3,L2,L2,L1,L2,L1,C2_1,D2_1,F2_3,,L3,,,
96399,L1,L1,L2,L3,L2,L2,L1,L2,L1,C2_1,D2_2,F2_1,,L1,,,
96400,L1,L1,L2,L3,L2,L2,L1,L2,L1,C2_1,D2_2,F2_1,,L2,,,
96401,L1,L1,L2,L3,L2,L2,L1,L2,L1,C2_1,D2_2,F2_1,,L3,,,
96402,L1,L1,L2,L3,L2,L2,L1,L2,L1,C2_1,D2_2,F2_2,,L1,,,
96403,L1,L1,L2,L3,L2,L2,L1,L2,L1,C2_1,D2_2,F2_2,,L2,,,
96404,L1,L1,L2,L3,L2,L2,L1,L2,L1,C2_1,D2_2,F2_2,,L3,,,
96405,L1,L1,L2,L3,L2,L2,L1,L2,L1,C2_1,D2_2,F2_3,,L1,,,
96406,L1,L1,L2,L3,L2,L2,L1,L2,L1,C2_1,D2_2,F2_3,,L2,,,
96407,L1,L1,L2,L3,L2,L2,L1,L2,L1,C2_1,D2_2,F2_3,,L3,,,
96408,L1,L1,L2,L3,L2,L2,L1,L2,L1,C2_1,D2_3,F2_1,,L1,,,
96409,L1,L1,L2,L3,L2,L2,L1,L2,L1,C2_1,D2_3,F2_1,,L2,,,
96410,L1,L1,L2,L3,L2,L2,L1,L2,L1,C2_1,D2_3,F2_1,,L3,,,
96411,L1,L1,L2,L3,L2,L2,L1,L2,L1,C2_1,D2_3,F2_2,,L1,,,
96412,L1,L1,L2,L3,L2,L2,L1,L2,L1,C2_1,D2_3,F2_2,,L2,,,
96413,L1,L1,L2,L3,L2,L2,L1,L2,L1,C2_1,D2_3,F2_2,,L3,,,
96414,L1,L1,L2,L3,L2,L2,L1,L2,L1,C2_1,D2_3,F2_3,,L1,,,
96415,L1,L1,L2,L3,L2,L2,L1,L2,L1,C2_1,D2_3,F2_3,,L2,,,
96416,L1,L1,L2,L3,L2,L2,L1,L2,L1,C2_1,D2_3,F2_3,,L3,,,
96417,L1,L1,L2,L3,L2,L2,L1,L2,L1,C2_2,D2_1,F2_1,,L1,,,
96418,L1,L1,L2,L3,L2,L2,L1,L2,L1,C2_2,D2_1,F2_1,,L2,,,
96419,L1,L1,L2,L3,L2,L2,L1,L2,L1,C2_2,D2_1,F2_1,,L3,,,
96420,L1,L1,L2,L3,L2,L2,L1,L2,L1,C2_2,D2_1,F2_2,,L1,,,
96421,L1,L1,L2,L3,L2,L2,L1,L2,L1,C2_2,D2_1,F2_2,,L2,,,
96422,L1,L1,L2,L3,L2,L2,L1,L2,L1,C2_2,D2_1,F2_2,,L3,,,
96423,L1,L1,L2,L3,L2,L2,L1,L2,L1,C2_2,D2_1,F2_3,,L1,,,
96424,L1,L1,L2,L3,L2,L2,L1,L2,L1,C2_2,D2_1,F2_3,,L2,,,
96425,L1,L1,L2,L3,L2,L2,L1,L2,L1,C2_2,D2_1,F2_3,,L3,,,
96426,L1,L1,L2,L3,L2,L2,L1,L2,L1,C2_2,D2_2,F2_1,,L1,,,
96427,L1,L1,L2,L3,L2,L2,L1,L2,L1,C2_2,D2_2,F2_1,,L2,,,
96428,L1,L1,L2,L3,L2,L2,L1,L2,L1,C2_2,D2_2,F2_1,,L3,,,
96429,L1,L1,L2,L3,L2,L2,L1,L2,L1,C2_2,D2_2,F2_2,,L1,,,
96430,L1,L1,L2,L3,L2,L2,L1,L2,L1,C2_2,D2_2,F2_2,,L2,,,
96431,L1,L1,L2,L3,L2,L2,L1,L2,L1,C2_2,D2_2,F2_2,,L3,,,
96432,L1,L1,L2,L3,L2,L2,L1,L2,L1,C2_2,D2_2,F2_3,,L1,,,
96433,L1,L1,L2,L3,L2,L2,L1,L2,L1,C2_2,D2_2,F2_3,,L2,,,
96434,L1,L1,L2,L3,L2,L2,L1,L2,L1,C2_2,D2_2,F2_3,,L3,,,
96435,L1,L1,L2,L3,L2,L2,L1,L2,L1,C2_2,D2_3,F2_1,,L1,,,
96436,L1,L1,L2,L3,L2,L2,L1,L2,L1,C2_2,D2_3,F2_1,,L2,,,
96437,L1,L1,L2,L3,L2,L2,L1,L2,L1,C2_2,D2_3,F2_1,,L3,,,
96438,L1,L1,L2,L3,L2,L2,L1,L2,L1,C2_2,D2_3,F2_2,,L1,,,
96439,L1,L1,L2,L3,L2,L2,L1,L2,L1,C2_2,D2_3,F2_2,,L2,,,
96440,L1,L1,L2,L3,L2,L2,L1,L2,L1,C2_2,D2_3,F2_2,,L3,,,
96441,L1,L1,L2,L3,L2,L2,L1,L2,L1,C2_2,D2_3,F2_3,,L1,,,
96442,L1,L1,L2,L3,L2,L2,L1,L2,L1,C2_2,D2_3,F2_3,,L2,,,
96443,L1,L1,L2,L3,L2,L2,L1,L2,L1,C2_2,D2_3,F2_3,,L3,,,
96444,L1,L1,L2,L3,L2,L2,L1,L2,L1,C2_3,D2_1,F2_1,,L1,,,
96445,L1,L1,L2,L3,L2,L2,L1,L2,L1,C2_3,D2_1,F2_1,,L2,,,
96446,L1,L1,L2,L3,L2,L2,L1,L2,L1,C2_3,D2_1,F2_1,,L3,,,
96447,L1,L1,L2,L3,L2,L2,L1,L2,L1,C2_3,D2_1,F2_2,,L1,,,
96448,L1,L1,L2,L3,L2,L2,L1,L2,L1,C2_3,D2_1,F2_2,,L2,,,
96449,L1,L1,L2,L3,L2,L2,L1,L2,L1,C2_3,D2_1,F2_2,,L3,,,
96450,L1,L1,L2,L3,L2,L2,L1,L2,L1,C2_3,D2_1,F2_3,,L1,,,
96451,L1,L1,L2,L3,L2,L2,L1,L2,L1,C2_3,D2_1,F2_3,,L2,,,
96452,L1,L1,L2,L3,L2,L2,L1,L2,L1,C2_3,D2_1,F2_3,,L3,,,
96453,L1,L1,L2,L3,L2,L2,L1,L2,L1,C2_3,D2_2,F2_1,,L1,,,
96454,L1,L1,L2,L3,L2,L2,L1,L2,L1,C2_3,D2_2,F2_1,,L2,,,
96455,L1,L1,L2,L3,L2,L2,L1,L2,L1,C2_3,D2_2,F2_1,,L3,,,
96456,L1,L1,L2,L3,L2,L2,L1,L2,L1,C2_3,D2_2,F2_2,,L1,,,
96457,L1,L1,L2,L3,L2,L2,L1,L2,L1,C2_3,D2_2,F2_2,,L2,,,
96458,L1,L1,L2,L3,L2,L2,L1,L2,L1,C2_3,D2_2,F2_2,,L3,,,
96459,L1,L1,L2,L3,L2,L2,L1,L2,L1,C2_3,D2_2,F2_3,,L1,,,
96460,L1,L1,L2,L3,L2,L2,L1,L2,L1,C2_3,D2_2,F2_3,,L2,,,
96461,L1,L1,L2,L3,L2,L2,L1,L2,L1,C2_3,D2_2,F2_3,,L3,,,
96462,L1,L1,L2,L3,L2,L2,L1,L2,L1,C2_3,D2_3,F2_1,,L1,,,
96463,L1,L1,L2,L3,L2,L2,L1,L2,L1,C2_3,D2_3,F2_1,,L2,,,
96464,L1,L1,L2,L3,L2,L2,L1,L2,L1,C2_3,D2_3,F2_1,,L3,,,
96465,L1,L1,L2,L3,L2,L2,L1,L2,L1,C2_3,D2_3,F2_2,,L1,,,
96466,L1,L1,L2,L3,L2,L2,L1,L2,L1,C2_3,D2_3,F2_2,,L2,,,
96467,L1,L1,L2,L3,L2,L2,L1,L2,L1,C2_3,D2_3,F2_2,,L3,,,
96468,L1,L1,L2,L3,L2,L2,L1,L2,L1,C2_3,D2_3,F2_3,,L1,,,
96469,L1,L1,L2,L3,L2,L2,L1,L2,L1,C2_3,D2_3,F2_3,,L2,,,
96470,L1,L1,L2,L3,L2,L2,L1,L2,L1,C2_3,D2_3,F2_3,,L3,,,
104652,L3,L1,L2,L2,L1,L2,L1,L2,L1,C2_1,D2_1,F2_1,,L1,,,
104653,L3,L1,L2,L2,L1,L2,L1,L2,L1,C2_1,D2_1,F2_1,,L2,,,
104654,L3,L1,L2,L2,L1,L2,L1,L2,L1,C2_1,D2_1,F2_1,,L3,,,
104655,L3,L1,L2,L2,L1,L2,L1,L2,L1,C2_1,D2_1,F2_2,,L1,,,
104656,L3,L1,L2,L2,L1,L2,L1,L2,L1,C2_1,D2_1,F2_2,,L2,,,
104657,L3,L1,L2,L2,L1,L2,L1,L2,L1,C2_1,D2_1,F2_2,,L3,,,
104658,L3,L1,L2,L2,L1,L2,L1,L2,L1,C2_1,D2_1,F2_3,,L1,,,
104659,L3,L1,L2,L2,L1,L2,L1,L2,L1,C2_1,D2_1,F2_3,,L2,,,
104660,L3,L1,L2,L2,L1,L2,L1,L2,L1,C2_1,D2_1,F2_3,,L3,,,
104661,L3,L1,L2,L2,L1,L2,L1,L2,L1,C2_1,D2_2,F2_1,,L1,,,
104662,L3,L1,L2,L2,L1,L2,L1,L2,L1,C2_1,D2_2,F2_1,,L2,,,
104663,L3,L1,L2,L2,L1,L2,L1,L2,L1,C2_1,D2_2,F2_1,,L3,,,
104664,L3,L1,L2,L2,L1,L2,L1,L2,L1,C2_1,D2_2,F2_2,,L1,,,
104665,L3,L1,L2,L2,L1,L2,L1,L2,L1,C2_1,D2_2,F2_2,,L2,,,
104666,L3,L1,L2,L2,L1,L2,L1,L2,L1,C2_1,D2_2,F2_2,,L3,,,
104667,L3,L1,L2,L2,L1,L2,L1,L2,L1,C2_1,D2_2,F2_3,,L1,,,
104668,L3,L1,L2,L2,L1,L2,L1,L2,L1,C2_1,D2_2,F2_3,,L2,,,
104669,L3,L1,L2,L2,L1,L2,L1,L2,L1,C2_1,D2_2,F2_3,,L3,,,
104670,L3,L1,L2,L2,L1,L2,L1,L2,L1,C2_1,D2_3,F2_1,,L1,,,
104671,L3,L1,L2,L2,L1,L2,L1,L2,L1,C2_1,D2_3,F2_1,,L2,,,
104672,L3,L1,L2,L2,L1,L2,L1,L2,L1,C2_1,D2_3,F2_1,,L3,,,
104673,L3,L1,L2,L2,L1,L2,L1,L2,L1,C2_1,D2_3,F2_2,,L1,,,
104674,L3,L1,L2,L2,L1,L2,L1,L2,L1,C2_1,D2_3,F2_2,,L2,,,
104675,L3,L1,L2,L2,L1,L2,L1,L2,L1,C2_1,D2_3,F2_2,,L3,,,
104676,L3,L1,L2,L2,L1,L2,L1,L2,L1,C2_1,D2_3,F2_3,,L1,,,
104677,L3,L1,L2,L2,L1,L2,L1,L2,L1,C2_1,D2_3,F2_3,,L2,,,
104678,L3,L1,L2,L2,L1,L2,L1,L2,L1,C2_1,D2_3,F2_3,,L3,,,
104679,L3,L1,L2,L2,L1,L2,L1,L2,L1,C2_2,D2_1,F2_1,,L1,,,
104680,L3,L1,L2,L2,L1,L2,L1,L2,L1,C2_2,D2_1,F2_1,,L2,,,
104681,L3,L1,L2,L2,L1,L2,L1,L2,L1,C2_2,D2_1,F2_1,,L3,,,
104682,L3,L1,L2,L2,L1,L2,L1,L2,L1,C2_2,D2_1,F2_2,,L1,,,
104683,L3,L1,L2,L2,L1,L2,L1,L2,L1,C2_2,D2_1,F2_2,,L2,,,
104684,L3,L1,L2,L2,L1,L2,L1,L2,L1,C2_2,D2_1,F2_2,,L3,,,
104685,L3,L1,L2,L2,L1,L2,L1,L2,L1,C2_2,D2_1,F2_3,,L1,,,
104686,L3,L1,L2,L2,L1,L2,L1,L2,L1,C2_2,D2_1,F2_3,,L2,,,
104687,L3,L1,L2,L2,L1,L2,L1,L2,L1,C2_2,D2_1,F2_3,,L3,,,
104688,L3,L1,L2,L2,L1,L2,L1,L2,L1,C2_2,D2_2,F2_1,,L1,,,
104689,L3,L1,L2,L2,L1,L2,L1,L2,L1,C2_2,D2_2,F2_1,,L2,,,
104690,L3,L1,L2,L2,L1,L2,L1,L2,L1,C2_2,D2_2,F2_1,,L3,,,
104691,L3,L1,L2,L2,L1,L2,L1,L2,L1,C2_2,D2_2,F2_2,,L1,,,
104692,L3,L1,L2,L2,L1,L2,L1,L2,L1,C2_2,D2_2,F2_2,,L2,,,
104693,L3,L1,L2,L2,L1,L2,L1,L2,L1,C2_2,D2_2,F2_2,,L3,,,
104694,L3,L1,L2,L2,L1,L2,L1,L2,L1,C2_2,D2_2,F2_3,,L1,,,
104695,L3,L1,L2,L2,L1,L2,L1,L2,L1,C2_2,D2_2,F2_3,,L2,,,
104696,L3,L1,L2,L2,L1,L2,L1,L2,L1,C2_2,D2_2,F2_3,,L3,,,
104697,L3,L1,L2,L2,L1,L2,L1,L2,L1,C2_2,D2_3,F2_1,,L1,,,
104698,L3,L1,L2,L2,L1,L2,L1,L2,L1,C2_2,D2_3,F2_1,,L2,,,
104699,L3,L1,L2,L2,L1,L2,L1,L2,L1,C2_2,D2_3,F2_1,,L3,,,
104700,L3,L1,L2,L2,L1,L2,L1,L2,L1,C2_2,D2_3,F2_2,,L1,,,
104701,L3,L1,L2,L2,L1,L2,L1,L2,L1,C2_2,D2_3,F2_2,,L2,,,
104702,L3,L1,L2,L2,L1,L2,L1,L2,L1,C2_2,D2_3,F2_2,,L3,,,
104703,L3,L1,L2,L2,L1,L2,L1,L2,L1,C2_2,D2_3,F2_3,,L1,,,
104704,L3,L1,L2,L2,L1,L2,L1,L2,L1,C2_2,D2_3,F2_3,,L2,,,
104705,L3,L1,L2,L2,L1,L2,L1,L2,L1,C2_2,D2_3,F2_3,,L3,,,
104706,L3,L1,L2,L2,L1,L2,L1,L2,L1,C2_3,D2_1,F2_1,,L1,,,
104707,L3,L1,L2,L2,L1,L2,L1,L2,L1,C2_3,D2_1,F2_1,,L2,,,
104708,L3,L1,L2,L2,L1,L2,L1,L2,L1,C2_3,D2_1,F2_1,,L3,,,
104709,L3,L1,L2,L2,L1,L2,L1,L2,L1,C2_3,D2_1,F2_2,,L1,,,
104710,L3,L1,L2,L2,L1,L2,L1,L2,L1,C2_3,D2_1,F2_2,,L2,,,
104711,L3,L1,L2,L2,L1,L2,L1,L2,L1,C2_3,D2_1,F2_2,,L3,,,
104712,L3,L1,L2,L2,L1,L2,L1,L2,L1,C2_3,D2_1,F2_3,,L1,,,
104713,L3,L1,L2,L2,L1,L2,L1,L2,L1,C2_3,D2_1,F2_3,,L2,,,
104714,L3,L1,L2,L2,L1,L2,L1,L2,L1,C2_3,D2_1,F2_3,,L3,,,
104715,L3,L1,L2,L2,L1,L2,L1,L2,L1,C2_3,D2_2,F2_1,,L1,,,
104716,L3,L1,L2,L2,L1,L2,L1,L2,L1,C2_3,D2_2,F2_1,,L2,,,
104717,L3,L1,L2,L2,L1,L2,L1,L2,L1,C2_3,D2_2,F2_1,,L3,,,
104718,L3,L1,L2,L2,L1,L2,L1,L2,L1,C2_3,D2_2,F2_2,,L1,,,
104719,L3,L1,L2,L2,L1,L2,L1,L2,L1,C2_3,D2_2,F2_2,,L2,,,
104720,L3,L1,L2,L2,L1,L2,L1,L2,L1,C2_3,D2_2,F2_2,,L3,,,
104721,L3,L1,L2,L2,L1,L2,L1,L2,L1,C2_3,D2_2,F2_3,,L1,,,
104722,L3,L1,L2,L2,L1,L2,L1,L2,L1,C2_3,D2_2,F2_3,,L2,,,
104723,L3,L1,L2,L2,L1,L2,L1,L2,L1,C2_3,D2_2,F2_3,,L3,,,
104724,L3,L1,L2,L2,L1,L2,L1,L2,L1,C2_3,D2_3,F2_1,,L1,,,
104725,L3,L1,L2,L2,L1,L2,L1,L2,L1,C2_3,D2_3,F2_1,,L2,,,
104726,L3,L1,L2,L2,L1,L2,L1,L2,L1,C2_3,D2_3,F2_1,,L3,,,
104727,L3,L1,L2,L2,L1,L2,L1,L2,L1,C2_3,D2_3,F2_2,,L1,,,
104728,L3,L1,L2,L2,L1,L2,L1,L2,L1,C2_3,D2_3,F2_2,,L2,,,
104729,L3,L1,L2,L2,L1,L2,L1,L2,L1,C2_3,D2_3,F2_2,,L3,,,
104730,L3,L1,L2,L2,L1,L2,L1,L2,L1,C2_3,D2_3,F2_3,,L1,,,
104731,L3,L1,L2,L2,L1,L2,L1,L2,L1,C2_3,D2_3,F2_3,,L2,,,
104732,L3,L1,L2,L2,L1,L2,L1,L2,L1,C2_3,D2_3,F2_3,,L3,,,
136728,L1,L3,L3,L2,L2,L2,L1,L2,L1,C2_1,D2_1,F2_1,,L1,,,
136729,L1,L3,L3,L2,L2,L2,L1,L2,L1,C2_1,D2_1,F2_1,,L2,,,
136730,L1,L3,L3,L2,L2,L2,L1,L2,L1,C2_1,D2_1,F2_1,,L3,,,
136731,L1,L3,L3,L2,L2,L2,L1,L2,L1,C2_1,D2_1,F2_2,,L1,,,
136732,L1,L3,L3,L2,L2,L2,L1,L2,L1,C2_1,D2_1,F2_2,,L2,,,
136733,L1,L3,L3,L2,L2,L2,L1,L2,L1,C2_1,D2_1,F2_2,,L3,,,
136734,L1,L3,L3,L2,L2,L2,L1,L2,L1,C2_1,D2_1,F2_3,,L1,,,
136735,L1,L3,L3,L2,L2,L2,L1,L2,L1,C2_1,D2_1,F2_3,,L2,,,
136736,L1,L3,L3,L2,L2,L2,L1,L2,L1,C2_1,D2_1,F2_3,,L3,,,
136737,L1,L3,L3,L2,L2,L2,L1,L2,L1,C2_1,D2_2,F2_1,,L1,,,
136738,L1,L3,L3,L2,L2,L2,L1,L2,L1,C2_1,D2_2,F2_1,,L2,,,
136739,L1,L3,L3,L2,L2,L2,L1,L2,L1,C2_1,D2_2,F2_1,,L3,,,
136740,L1,L3,L3,L2,L2,L2,L1,L2,L1,C2_1,D2_2,F2_2,,L1,,,
136741,L1,L3,L3,L2,L2,L2,L1,L2,L1,C2_1,D2_2,F2_2,,L2,,,
136742,L1,L3,L3,L2,L2,L2,L1,L2,L1,C2_1,D2_2,F2_2,,L3,,,
136743,L1,L3,L3,L2,L2,L2,L1,L2,L1,C2_1,D2_2,F2_3,,L1,,,
136744,L1,L3,L3,L2,L2,L2,L1,L2,L1,C2_1,D2_2,F2_3,,L2,,,
136745,L1,L3,L3,L2,L2,L2,L1,L2,L1,C2_1,D2_2,F2_3,,L3,,,
136746,L1,L3,L3,L2,L2,L2,L1,L2,L1,C2_1,D2_3,F2_1,,L1,,,
136747,L1,L3,L3,L2,L2,L2,L1,L2,L1,C2_1,D2_3,F2_1,,L2,,,
136748,L1,L3,L3,L2,L2,L2,L1,L2,L1,C2_1,D2_3,F2_1,,L3,,,
136749,L1,L3,L3,L2,L2,L2,L1,L2,L1,C2_1,D2_3,F2_2,,L1,,,
136750,L1,L3,L3,L2,L2,L2,L1,L2,L1,C2_1,D2_3,F2_2,,L2,,,
136751,L1,L3,L3,L2,L2,L2,L1,L2,L1,C2_1,D2_3,F2_2,,L3,,,
136752,L1,L3,L3,L2,L2,L2,L1,L2,L1,C2_1,D2_3,F2_3,,L1,,,
136753,L1,L3,L3,L2,L2,L2,L1,L2,L1,C2_1,D2_3,F2_3,,L2,,,
136754,L1,L3,L3,L2,L2,L2,L1,L2,L1,C2_1,D2_3,F2_3,,L3,,,
136755,L1,L3,L3,L2,L2,L2,L1,L2,L1,C2_2,D2_1,F2_1,,L1,,,
136756,L1,L3,L3,L2,L2,L2,L1,L2,L1,C2_2,D2_1,F2_1,,L2,,,
136757,L1,L3,L3,L2,L2,L2,L1,L2,L1,C2_2,D2_1,F2_1,,L3,,,
136758,L1,L3,L3,L2,L2,L2,L1,L2,L1,C2_2,D2_1,F2_2,,L1,,,
136759,L1,L3,L3,L2,L2,L2,L1,L2,L1,C2_2,D2_1,F2_2,,L2,,,
136760,L1,L3,L3,L2,L2,L2,L1,L2,L1,C2_2,D2_1,F2_2,,L3,,,
136761,L1,L3,L3,L2,L2,L2,L1,L2,L1,C2_2,D2_1,F2_3,,L1,,,
136762,L1,L3,L3,L2,L2,L2,L1,L2,L1,C2_2,D2_1,F2_3,,L2,,,
136763,L1,L3,L3,L2,L2,L2,L1,L2,L1,C2_2,D2_1,F2_3,,L3,,,
136764,L1,L3,L3,L2,L2,L2,L1,L2,L1,C2_2,D2_2,F2_1,,L1,,,
136765,L1,L3,L3,L2,L2,L2,L1,L2,L1,C2_2,D2_2,F2_1,,L2,,,
136766,L1,L3,L3,L2,L2,L2,L1,L2,L1,C2_2,D2_2,F2_1,,L3,,,
136767,L1,L3,L3,L2,L2,L2,L1,L2,L1,C2_2,D2_2,F2_2,,L1,,,
136768,L1,L3,L3,L2,L2,L2,L1,L2,L1,C2_2,D2_2,F2_2,,L2,,,
136769,L1,L3,L3,L2,L2,L2,L1,L2,L1,C2_2,D2_2,F2_2,,L3,,,
136770,L1,L3,L3,L2,L2,L2,L1,L2,L1,C2_2,D2_2,F2_3,,L1,,,
136771,L1,L3,L3,L2,L2,L2,L1,L2,L1,C2_2,D2_2,F2_3,,L2,,,
136772,L1,L3,L3,L2,L2,L2,L1,L2,L1,C2_2,D2_2,F2_3,,L3,,,
136773,L1,L3,L3,L2,L2,L2,L1,L2,L1,C2_2,D2_3,F2_1,,L1,,,
136774,L1,L3,L3,L2,L2,L2,L1,L2,L1,C2_2,D2_3,F2_1,,L2,,,
136775,L1,L3,L3,L2,L2,L2,L1,L2,L1,C2_2,D2_3,F2_1,,L3,,,
136776,L1,L3,L3,L2,L2,L2,L1,L2,L1,C2_2,D2_3,F2_2,,L1,,,
136777,L1,L3,L3,L2,L2,L2,L1,L2,L1,C2_2,D2_3,F2_2,,L2,,,
136778,L1,L3,L3,L2,L2,L2,L1,L2,L1,C2_2,D2_3,F2_2,,L3,,,
136779,L1,L3,L3,L2,L2,L2,L1,L2,L1,C2_2,D2_3,F2_3,,L1,,,
136780,L1,L3,L3,L2,L2,L2,L1,L2,L1,C2_2,D2_3,F2_3,,L2,,,
136781,L1,L3,L3,L2,L2,L2,L1,L2,L1,C2_2,D2_3,F2_3,,L3,,,
136782,L1,L3,L3,L2,L2,L2,L1,L2,L1,C2_3,D2_1,F2_1,,L1,,,
136783,L1,L3,L3,L2,L2,L2,L1,L2,L1,C2_3,D2_1,F2_1,,L2,,,
136784,L1,L3,L3,L2,L2,L2,L1,L2,L1,C2_3,D2_1,F2_1,,L3,,,
136785,L1,L3,L3,L2,L2,L2,L1,L2,L1,C2_3,D2_1,F2_2,,L1,,,
136786,L1,L3,L3,L2,L2,L2,L1,L2,L1,C2_3,D2_1,F2_2,,L2,,,
136787,L1,L3,L3,L2,L2,L2,L1,L2,L1,C2_3,D2_1,F2_2,,L3,,,
136788,L1,L3,L3,L2,L2,L2,L1,L2,L1,C2_3,D2_1,F2_3,,L1,,,
136789,L1,L3,L3,L2,L2,L2,L1,L2,L1,C2_3,D2_1,F2_3,,L2,,,
136790,L1,L3,L3,L2,L2,L2,L1,L2,L1,C2_3,D2_1,F2_3,,L3,,,
136791,L1,L3,L3,L2,L2,L2,L1,L2,L1,C2_3,D2_2,F2_1,,L1,,,
136792,L1,L3,L3,L2,L2,L2,L1,L2,L1,C2_3,D2_2,F2_1,,L2,,,
136793,L1,L3,L3,L2,L2,L2,L1,L2,L1,C2_3,D2_2,F2_1,,L3,,,
136794,L1,L3,L3,L2,L2,L2,L1,L2,L1,C2_3,D2_2,F2_2,,L1,,,
136795,L1,L3,L3,L2,L2,L2,L1,L2,L1,C2_3,D2_2,F2_2,,L2,,,
136796,L1,L3,L3,L2,L2,L2,L1,L2,L1,C2_3,D2_2,F2_2,,L3,,,
136797,L1,L3,L3,L2,L2,L2,L1,L2,L1,C2_3,D2_2,F2_3,,L1,,,
136798,L1,L3,L3,L2,L2,L2,L1,L2,L1,C2_3,D2_2,F2_3,,L2,,,
136799,L1,L3,L3,L2,L2,L2,L1,L2,L1,C2_3,D2_2,F2_3,,L3,,,
136800,L1,L3,L3,L2,L2,L2,L1,L2,L1,C2_3,D2_3,F2_1,,L1,,,
136801,L1,L3,L3,L2,L2,L2,L1,L2,L1,C2_3,D2_3,F2_1,,L2,,,
136802,L1,L3,L3,L2,L2,L2,L1,L2,L1,C2_3,D2_3,F2_1,,L3,,,
136803,L1,L3,L3,L2,L2,L2,L1,L2,L1,C2_3,D2_3,F2_2,,L1,,,
136804,L1,L3,L3,L2,L2,L2,L1,L2,L1,C2_3,D2_3,F2_2,,L2,,,
136805,L1,L3,L3,L2,L2,L2,L1,L2,L1,C2_3,D2_3,F2_2,,L3,,,
136806,L1,L3,L3,L2,L2,L2,L1,L2,L1,C2_3,D2_3,F2_3,,L1,,,
136807,L1,L3,L3,L2,L2,L2,L1,L2,L1,C2_3,D2_3,F2_3,,L2,,,
136808,L1,L3,L3,L2,L2,L2,L1,L2,L1,C2_3,D2_3,F2_3,,L3,,,
136809,L1,L2,L2,L2,L1,L2,L1,L2,L1,C2_1,D2_1,F2_1,,L1,,,
136810,L1,L2,L2,L2,L1,L2,L1,L2,L1,C2_1,D2_1,F2_1,,L2,,,
136811,L1,L2,L2,L2,L1,L2,L1,L2,L1,C2_1,D2_1,F2_1,,L3,,,
136812,L1,L2,L2,L2,L1,L2,L1,L2,L1,C2_1,D2_1,F2_2,,L1,,,
136813,L1,L2,L2,L2,L1,L2,L1,L2,L1,C2_1,D2_1,F2_2,,L2,,,
136814,L1,L2,L2,L2,L1,L2,L1,L2,L1,C2_1,D2_1,F2_2,,L3,,,
136815,L1,L2,L2,L2,L1,L2,L1,L2,L1,C2_1,D2_1,F2_3,,L1,,,
136816,L1,L2,L2,L2,L1,L2,L1,L2,L1,C2_1,D2_1,F2_3,,L2,,,
136817,L1,L2,L2,L2,L1,L2,L1,L2,L1,C2_1,D2_1,F2_3,,L3,,,
136818,L1,L2,L2,L2,L1,L2,L1,L2,L1,C2_1,D2_2,F2_1,,L1,,,
136819,L1,L2,L2,L2,L1,L2,L1,L2,L1,C2_1,D2_2,F2_1,,L2,,,
136820,L1,L2,L2,L2,L1,L2,L1,L2,L1,C2_1,D2_2,F2_1,,L3,,,
136821,L1,L2,L2,L2,L1,L2,L1,L2,L1,C2_1,D2_2,F2_2,,L1,,,
136822,L1,L2,L2,L2,L1,L2,L1,L2,L1,C2_1,D2_2,F2_2,,L2,,,
136823,L1,L2,L2,L2,L1,L2,L1,L2,L1,C2_1,D2_2,F2_2,,L3,,,
136824,L1,L2,L2,L2,L1,L2,L1,L2,L1,C2_1,D2_2,F2_3,,L1,,,
136825,L1,L2,L2,L2,L1,L2,L1,L2,L1,C2_1,D2_2,F2_3,,L2,,,
136826,L1,L2,L2,L2,L1,L2,L1,L2,L1,C2_1,D2_2,F2_3,,L3,,,
136827,L1,L2,L2,L2,L1,L2,L1,L2,L1,C2_1,D2_3,F2_1,,L1,,,
136828,L1,L2,L2,L2,L1,L2,L1,L2,L1,C2_1,D2_3,F2_1,,L2,,,
136829,L1,L2,L2,L2,L1,L2,L1,L2,L1,C2_1,D2_3,F2_1,,L3,,,
136830,L1,L2,L2,L2,L1,L2,L1,L2,L1,C2_1,D2_3,F2_2,,L1,,,
136831,L1,L2,L2,L2,L1,L2,L1,L2,L1,C2_1,D2_3,F2_2,,L2,,,
136832,L1,L2,L2,L2,L1,L2,L1,L2,L1,C2_1,D2_3,F2_2,,L3,,,
136833,L1,L2,L2,L2,L1,L2,L1,L2,L1,C2_1,D2_3,F2_3,,L1,,,
136834,L1,L2,L2,L2,L1,L2,L1,L2,L1,C2_1,D2_3,F2_3,,L2,,,
136835,L1,L2,L2,L2,L1,L2,L1,L2,L1,C2_1,D2_3,F2_3,,L3,,,
136836,L1,L2,L2,L2,L1,L2,L1,L2,L1,C2_2,D2_1,F2_1,,L1,,,
136837,L1,L2,L2,L2,L1,L2,L1,L2,L1,C2_2,D2_1,F2_1,,L2,,,
136838,L1,L2,L2,L2,L1,L2,L1,L2,L1,C2_2,D2_1,F2_1,,L3,,,
136839,L1,L2,L2,L2,L1,L2,L1,L2,L1,C2_2,D2_1,F2_2,,L1,,,
136840,L1,L2,L2,L2,L1,L2,L1,L2,L1,C2_2,D2_1,F2_2,,L2,,,
136841,L1,L2,L2,L2,L1,L2,L1,L2,L1,C2_2,D2_1,F2_2,,L3,,,
136842,L1,L2,L2,L2,L1,L2,L1,L2,L1,C2_2,D2_1,F2_3,,L1,,,
136843,L1,L2,L2,L2,L1,L2,L1,L2,L1,C2_2,D2_1,F2_3,,L2,,,
136844,L1,L2,L2,L2,L1,L2,L1,L2,L1,C2_2,D2_1,F2_3,,L3,,,
136845,L1,L2,L2,L2,L1,L2,L1,L2,L1,C2_2,D2_2,F2_1,,L1,,,
136846,L1,L2,L2,L2,L1,L2,L1,L2,L1,C2_2,D2_2,F2_1,,L2,,,
136847,L1,L2,L2,L2,L1,L2,L1,L2,L1,C2_2,D2_2,F2_1,,L3,,,
136848,L1,L2,L2,L2,L1,L2,L1,L2,L1,C2_2,D2_2,F2_2,,L1,,,
136849,L1,L2,L2,L2,L1,L2,L1,L2,L1,C2_2,D2_2,F2_2,,L2,,,
136850,L1,L2,L2,L2,L1,L2,L1,L2,L1,C2_2,D2_2,F2_2,,L3,,,
136851,L1,L2,L2,L2,L1,L2,L1,L2,L1,C2_2,D2_2,F2_3,,L1,,,
136852,L1,L2,L2,L2,L1,L2,L1,L2,L1,C2_2,D2_2,F2_3,,L2,,,
136853,L1,L2,L2,L2,L1,L2,L1,L2,L1,C2_2,D2_2,F2_3,,L3,,,
136854,L1,L2,L2,L2,L1,L2,L1,L2,L1,C2_2,D2_3,F2_1,,L1,,,
136855,L1,L2,L2,L2,L1,L2,L1,L2,L1,C2_2,D2_3,F2_1,,L2,,,
136856,L1,L2,L2,L2,L1,L2,L1,L2,L1,C2_2,D2_3,F2_1,,L3,,,
136857,L1,L2,L2,L2,L1,L2,L1,L2,L1,C2_2,D2_3,F2_2,,L1,,,
136858,L1,L2,L2,L2,L1,L2,L1,L2,L1,C2_2,D2_3,F2_2,,L2,,,
136859,L1,L2,L2,L2,L1,L2,L1,L2,L1,C2_2,D2_3,F2_2,,L3,,,
136860,L1,L2,L2,L2,L1,L2,L1,L2,L1,C2_2,D2_3,F2_3,,L1,,,
136861,L1,L2,L2,L2,L1,L2,L1,L2,L1,C2_2,D2_3,F2_3,,L2,,,
136862,L1,L2,L2,L2,L1,L2,L1,L2,L1,C2_2,D2_3,F2_3,,L3,,,
136863,L1,L2,L2,L2,L1,L2,L1,L2,L1,C2_3,D2_1,F2_1,,L1,,,
136864,L1,L2,L2,L2,L1,L2,L1,L2,L1,C2_3,D2_1,F2_1,,L2,,,
136865,L1,L2,L2,L2,L1,L2,L1,L2,L1,C2_3,D2_1,F2_1,,L3,,,
136866,L1,L2,L2,L2,L1,L2,L1,L2,L1,C2_3,D2_1,F2_2,,L1,,,
136867,L1,L2,L2,L2,L1,L2,L1,L2,L1,C2_3,D2_1,F2_2,,L2,,,
136868,L1,L2,L2,L2,L1,L2,L1,L2,L1,C2_3,D2_1,F2_2,,L3,,,
136869,L1,L2,L2,L2,L1,L2,L1,L2,L1,C2_3,D2_1,F2_3,,L1,,,
136870,L1,L2,L2,L2,L1,L2,L1,L2,L1,C2_3,D2_1,F2_3,,L2,,,
136871,L1,L2,L2,L2,L1,L2,L1,L2,L1,C2_3,D2_1,F2_3,,L3,,,
136872,L1,L2,L2,L2,L1,L2,L1,L2,L1,C2_3,D2_2,F2_1,,L1,,,
136873,L1,L2,L2,L2,L1,L2,L1,L2,L1,C2_3,D2_2,F2_1,,L2,,,
136874,L1,L2,L2,L2,L1,L2,L1,L2,L1,C2_3,D2_2,F2_1,,L3,,,
136875,L1,L2,L2,L2,L1,L2,L1,L2,L1,C2_3,D2_2,F2_2,,L1,,,
136876,L1,L2,L2,L2,L1,L2,L1,L2,L1,C2_3,D2_2,F2_2,,L2,,,
136877,L1,L2,L2,L2,L1,L2,L1,L2,L1,C2_3,D2_2,F2_2,,L3,,,
136878,L1,L2,L2,L2,L1,L2,L1,L2,L1,C2_3,D2_2,F2_3,,L1,,,
136879,L1,L2,L2,L2,L1,L2,L1,L2,L1,C2_3,D2_2,F2_3,,L2,,,
136880,L1,L2,L2,L2,L1,L2,L1,L2,L1,C2_3,D2_2,F2_3,,L3,,,
136881,L1,L2,L2,L2,L1,L2,L1,L2,L1,C2_3,D2_3,F2_1,,L1,,,
136882,L1,L2,L2,L2,L1,L2,L1,L2,L1,C2_3,D2_3,F2_1,,L2,,,
136883,L1,L2,L2,L2,L1,L2,L1,L2,L1,C2_3,D2_3,F2_1,,L3,,,
136884,L1,L2,L2,L2,L1,L2,L1,L2,L1,C2_3,D2_3,F2_2,,L1,,,
136885,L1,L2,L2,L2,L1,L2,L1,L2,L1,C2_3,D2_3,F2_2,,L2,,,
136886,L1,L2,L2,L2,L1,L2,L1,L2,L1,C2_3,D2_3,F2_2,,L3,,,
136887,L1,L2,L2,L2,L1,L2,L1,L2,L1,C2_3,D2_3,F2_3,,L1,,,
136888,L1,L2,L2,L2,L1,L2,L1,L2,L1,C2_3,D2_3,F2_3,,L2,,,
136889,L1,L2,L2,L2,L1,L2,L1,L2,L1,C2_3,D2_3,F2_3,,L3,,,
146232,L1,L2,L3,L1,L1,L2,L1,L2,L1,C2_1,D2_1,F2_1,,L1,,,
146233,L1,L2,L3,L1,L1,L2,L1,L2,L1,C2_1,D2_1,F2_1,,L2,,,
146234,L1,L2,L3,L1,L1,L2,L1,L2,L1,C2_1,D2_1,F2_1,,L3,,,
146235,L1,L2,L3,L1,L1,L2,L1,L2,L1,C2_1,D2_1,F2_2,,L1,,,
146236,L1,L2,L3,L1,L1,L2,L1,L2,L1,C2_1,D2_1,F2_2,,L2,,,
146237,L1,L2,L3,L1,L1,L2,L1,L2,L1,C2_1,D2_1,F2_2,,L3,,,
146238,L1,L2,L3,L1,L1,L2,L1,L2,L1,C2_1,D2_1,F2_3,,L1,,,
146239,L1,L2,L3,L1,L1,L2,L1,L2,L1,C2_1,D2_1,F2_3,,L2,,,
146240,L1,L2,L3,L1,L1,L2,L1,L2,L1,C2_1,D2_1,F2_3,,L3,,,
146241,L1,L2,L3,L1,L1,L2,L1,L2,L1,C2_1,D2_2,F2_1,,L1,,,
146242,L1,L2,L3,L1,L1,L2,L1,L2,L1,C2_1,D2_2,F2_1,,L2,,,
146243,L1,L2,L3,L1,L1,L2,L1,L2,L1,C2_1,D2_2,F2_1,,L3,,,
146244,L1,L2,L3,L1,L1,L2,L1,L2,L1,C2_1,D2_2,F2_2,,L1,,,
146245,L1,L2,L3,L1,L1,L2,L1,L2,L1,C2_1,D2_2,F2_2,,L2,,,
146246,L1,L2,L3,L1,L1,L2,L1,L2,L1,C2_1,D2_2,F2_2,,L3,,,
146247,L1,L2,L3,L1,L1,L2,L1,L2,L1,C2_1,D2_2,F2_3,,L1,,,
146248,L1,L2,L3,L1,L1,L2,L1,L2,L1,C2_1,D2_2,F2_3,,L2,,,
146249,L1,L2,L3,L1,L1,L2,L1,L2,L1,C2_1,D2_2,F2_3,,L3,,,
146250,L1,L2,L3,L1,L1,L2,L1,L2,L1,C2_1,D2_3,F2_1,,L1,,,
146251,L1,L2,L3,L1,L1,L2,L1,L2,L1,C2_1,D2_3,F2_1,,L2,,,
146252,L1,L2,L3,L1,L1,L2,L1,L2,L1,C2_1,D2_3,F2_1,,L3,,,
146253,L1,L2,L3,L1,L1,L2,L1,L2,L1,C2_1,D2_3,F2_2,,L1,,,
146254,L1,L2,L3,L1,L1,L2,L1,L2,L1,C2_1,D2_3,F2_2,,L2,,,
146255,L1,L2,L3,L1,L1,L2,L1,L2,L1,C2_1,D2_3,F2_2,,L3,,,
146256,L1,L2,L3,L1,L1,L2,L1,L2,L1,C2_1,D2_3,F2_3,,L1,,,
146257,L1,L2,L3,L1,L1,L2,L1,L2,L1,C2_1,D2_3,F2_3,,L2,,,
146258,L1,L2,L3,L1,L1,L2,L1,L2,L1,C2_1,D2_3,F2_3,,L3,,,
146259,L1,L2,L3,L1,L1,L2,L1,L2,L1,C2_2,D2_1,F2_1,,L1,,,
146260,L1,L2,L3,L1,L1,L2,L1,L2,L1,C2_2,D2_1,F2_1,,L2,,,
146261,L1,L2,L3,L1,L1,L2,L1,L2,L1,C2_2,D2_1,F2_1,,L3,,,
146262,L1,L2,L3,L1,L1,L2,L1,L2,L1,C2_2,D2_1,F2_2,,L1,,,
146263,L1,L2,L3,L1,L1,L2,L1,L2,L1,C2_2,D2_1,F2_2,,L2,,,
146264,L1,L2,L3,L1,L1,L2,L1,L2,L1,C2_2,D2_1,F2_2,,L3,,,
146265,L1,L2,L3,L1,L1,L2,L1,L2,L1,C2_2,D2_1,F2_3,,L1,,,
146266,L1,L2,L3,L1,L1,L2,L1,L2,L1,C2_2,D2_1,F2_3,,L2,,,
146267,L1,L2,L3,L1,L1,L2,L1,L2,L1,C2_2,D2_1,F2_3,,L3,,,
146268,L1,L2,L3,L1,L1,L2,L1,L2,L1,C2_2,D2_2,F2_1,,L1,,,
146269,L1,L2,L3,L1,L1,L2,L1,L2,L1,C2_2,D2_2,F2_1,,L2,,,
146270,L1,L2,L3,L1,L1,L2,L1,L2,L1,C2_2,D2_2,F2_1,,L3,,,
146271,L1,L2,L3,L1,L1,L2,L1,L2,L1,C2_2,D2_2,F2_2,,L1,,,
146272,L1,L2,L3,L1,L1,L2,L1,L2,L1,C2_2,D2_2,F2_2,,L2,,,
146273,L1,L2,L3,L1,L1,L2,L1,L2,L1,C2_2,D2_2,F2_2,,L3,,,
146274,L1,L2,L3,L1,L1,L2,L1,L2,L1,C2_2,D2_2,F2_3,,L1,,,
146275,L1,L2,L3,L1,L1,L2,L1,L2,L1,C2_2,D2_2,F2_3,,L2,,,
146276,L1,L2,L3,L1,L1,L2,L1,L2,L1,C2_2,D2_2,F2_3,,L3,,,
146277,L1,L2,L3,L1,L1,L2,L1,L2,L1,C2_2,D2_3,F2_1,,L1,,,
146278,L1,L2,L3,L1,L1,L2,L1,L2,L1,C2_2,D2_3,F2_1,,L2,,,
146279,L1,L2,L3,L1,L1,L2,L1,L2,L1,C2_2,D2_3,F2_1,,L3,,,
146280,L1,L2,L3,L1,L1,L2,L1,L2,L1,C2_2,D2_3,F2_2,,L1,,,
146281,L1,L2,L3,L1,L1,L2,L1,L2,L1,C2_2,D2_3,F2_2,,L2,,,
146282,L1,L2,L3,L1,L1,L2,L1,L2,L1,C2_2,D2_3,F2_2,,L3,,,
146283,L1,L2,L3,L1,L1,L2,L1,L2,L1,C2_2,D2_3,F2_3,,L1,,,
146284,L1,L2,L3,L1,L1,L2,L1,L2,L1,C2_2,D2_3,F2_3,,L2,,,
146285,L1,L2,L3,L1,L1,L2,L1,L2,L1,C2_2,D2_3,F2_3,,L3,,,
146286,L1,L2,L3,L1,L1,L2,L1,L2,L1,C2_3,D2_1,F2_1,,L1,,,
146287,L1,L2,L3,L1,L1,L2,L1,L2,L1,C2_3,D2_1,F2_1,,L2,,,
146288,L1,L2,L3,L1,L1,L2,L1,L2,L1,C2_3,D2_1,F2_1,,L3,,,
146289,L1,L2,L3,L1,L1,L2,L1,L2,L1,C2_3,D2_1,F2_2,,L1,,,
146290,L1,L2,L3,L1,L1,L2,L1,L2,L1,C2_3,D2_1,F2_2,,L2,,,
146291,L1,L2,L3,L1,L1,L2,L1,L2,L1,C2_3,D2_1,F2_2,,L3,,,
146292,L1,L2,L3,L1,L1,L2,L1,L2,L1,C2_3,D2_1,F2_3,,L1,,,
146293,L1,L2,L3,L1,L1,L2,L1,L2,L1,C2_3,D2_1,F2_3,,L2,,,
146294,L1,L2,L3,L1,L1,L2,L1,L2,L1,C2_3,D2_1,F2_3,,L3,,,
146295,L1,L2,L3,L1,L1,L2,L1,L2,L1,C2_3,D2_2,F2_1,,L1,,,
146296,L1,L2,L3,L1,L1,L2,L1,L2,L1,C2_3,D2_2,F2_1,,L2,,,
146297,L1,L2,L3,L1,L1,L2,L1,L2,L1,C2_3,D2_2,F2_1,,L3,,,
146298,L1,L2,L3,L1,L1,L2,L1,L2,L1,C2_3,D2_2,F2_2,,L1,,,
146299,L1,L2,L3,L1,L1,L2,L1,L2,L1,C2_3,D2_2,F2_2,,L2,,,
146300,L1,L2,L3,L1,L1,L2,L1,L2,L1,C2_3,D2_2,F2_2,,L3,,,
146301,L1,L2,L3,L1,L1,L2,L1,L2,L1,C2_3,D2_2,F2_3,,L1,,,
146302,L1,L2,L3,L1,L1,L2,L1,L2,L1,C2_3,D2_2,F2_3,,L2,,,
146303,L1,L2,L3,L1,L1,L2,L1,L2,L1,C2_3,D2_2,F2_3,,L3,,,
146304,L1,L2,L3,L1,L1,L2,L1,L2,L1,C2_3,D2_3,F2_1,,L1,,,
146305,L1,L2,L3,L1,L1,L2,L1,L2,L1,C2_3,D2_3,F2_1,,L2,,,
146306,L1,L2,L3,L1,L1,L2,L1,L2,L1,C2_3,D2_3,F2_1,,L3,,,
146307,L1,L2,L3,L1,L1,L2,L1,L2,L1,C2_3,D2_3,F2_2,,L1,,,
146308,L1,L2,L3,L1,L1,L2,L1,L2,L1,C2_3,D2_3,F2_2,,L2,,,
146309,L1,L2,L3,L1,L1,L2,L1,L2,L1,C2_3,D2_3,F2_2,,L3,,,
146310,L1,L2,L3,L1,L1,L2,L1,L2,L1,C2_3,D2_3,F2_3,,L1,,,
146311,L1,L2,L3,L1,L1,L2,L1,L2,L1,C2_3,D2_3,F2_3,,L2,,,
146312,L1,L2,L3,L1,L1,L2,L1,L2,L1,C2_3,D2_3,F2_3,,L3,,,
176796,L1,L1,L1,L2,L2,L2,L1,L2,L1,C2_1,D2_1,F2_1,,L1,,,
176797,L1,L1,L1,L2,L2,L2,L1,L2,L1,C2_1,D2_1,F2_1,,L2,,,
176798,L1,L1,L1,L2,L2,L2,L1,L2,L1,C2_1,D2_1,F2_1,,L3,,,
176799,L1,L1,L1,L2,L2,L2,L1,L2,L1,C2_1,D2_1,F2_2,,L1,,,
176800,L1,L1,L1,L2,L2,L2,L1,L2,L1,C2_1,D2_1,F2_2,,L2,,,
176801,L1,L1,L1,L2,L2,L2,L1,L2,L1,C2_1,D2_1,F2_2,,L3,,,
176802,L1,L1,L1,L2,L2,L2,L1,L2,L1,C2_1,D2_1,F2_3,,L1,,,
176803,L1,L1,L1,L2,L2,L2,L1,L2,L1,C2_1,D2_1,F2_3,,L2,,,
176804,L1,L1,L1,L2,L2,L2,L1,L2,L1,C2_1,D2_1,F2_3,,L3,,,
176805,L1,L1,L1,L2,L2,L2,L1,L2,L1,C2_1,D2_2,F2_1,,L1,,,
176806,L1,L1,L1,L2,L2,L2,L1,L2,L1,C2_1,D2_2,F2_1,,L2,,,
176807,L1,L1,L1,L2,L2,L2,L1,L2,L1,C2_1,D2_2,F2_1,,L3,,,
176808,L1,L1,L1,L2,L2,L2,L1,L2,L1,C2_1,D2_2,F2_2,,L1,,,
176809,L1,L1,L1,L2,L2,L2,L1,L2,L1,C2_1,D2_2,F2_2,,L2,,,
176810,L1,L1,L1,L2,L2,L2,L1,L2,L1,C2_1,D2_2,F2_2,,L3,,,
176811,L1,L1,L1,L2,L2,L2,L1,L2,L1,C2_1,D2_2,F2_3,,L1,,,
176812,L1,L1,L1,L2,L2,L2,L1,L2,L1,C2_1,D2_2,F2_3,,L2,,,
176813,L1,L1,L1,L2,L2,L2,L1,L2,L1,C2_1,D2_2,F2_3,,L3,,,
176814,L1,L1,L1,L2,L2,L2,L1,L2,L1,C2_1,D2_3,F2_1,,L1,,,
176815,L1,L1,L1,L2,L2,L2,L1,L2,L1,C2_1,D2_3,F2_1,,L2,,,
176816,L1,L1,L1,L2,L2,L2,L1,L2,L1,C2_1,D2_3,F2_1,,L3,,,
176817,L1,L1,L1,L2,L2,L2,L1,L2,L1,C2_1,D2_3,F2_2,,L1,,,
176818,L1,L1,L1,L2,L2,L2,L1,L2,L1,C2_1,D2_3,F2_2,,L2,,,
176819,L1,L1,L1,L2,L2,L2,L1,L2,L1,C2_1,D2_3,F2_2,,L3,,,
176820,L1,L1,L1,L2,L2,L2,L1,L2,L1,C2_1,D2_3,F2_3,,L1,,,
176821,L1,L1,L1,L2,L2,L2,L1,L2,L1,C2_1,D2_3,F2_3,,L2,,,
176822,L1,L1,L1,L2,L2,L2,L1,L2,L1,C2_1,D2_3,F2_3,,L3,,,
176823,L1,L1,L1,L2,L2,L2,L1,L2,L1,C2_2,D2_1,F2_1,,L1,,,
176824,L1,L1,L1,L2,L2,L2,L1,L2,L1,C2_2,D2_1,F2_1,,L2,,,
176825,L1,L1,L1,L2,L2,L2,L1,L2,L1,C2_2,D2_1,F2_1,,L3,,,
176826,L1,L1,L1,L2,L2,L2,L1,L2,L1,C2_2,D2_1,F2_2,,L1,,,
176827,L1,L1,L1,L2,L2,L2,L1,L2,L1,C2_2,D2_1,F2_2,,L2,,,
176828,L1,L1,L1,L2,L2,L2,L1,L2,L1,C2_2,D2_1,F2_2,,L3,,,
176829,L1,L1,L1,L2,L2,L2,L1,L2,L1,C2_2,D2_1,F2_3,,L1,,,
176830,L1,L1,L1,L2,L2,L2,L1,L2,L1,C2_2,D2_1,F2_3,,L2,,,
176831,L1,L1,L1,L2,L2,L2,L1,L2,L1,C2_2,D2_1,F2_3,,L3,,,
176832,L1,L1,L1,L2,L2,L2,L1,L2,L1,C2_2,D2_2,F2_1,,L1,,,
176833,L1,L1,L1,L2,L2,L2,L1,L2,L1,C2_2,D2_2,F2_1,,L2,,,
176834,L1,L1,L1,L2,L2,L2,L1,L2,L1,C2_2,D2_2,F2_1,,L3,,,
176835,L1,L1,L1,L2,L2,L2,L1,L2,L1,C2_2,D2_2,F2_2,,L1,,,
176836,L1,L1,L1,L2,L2,L2,L1,L2,L1,C2_2,D2_2,F2_2,,L2,,,
176837,L1,L1,L1,L2,L2,L2,L1,L2,L1,C2_2,D2_2,F2_2,,L3,,,
176838,L1,L1,L1,L2,L2,L2,L1,L2,L1,C2_2,D2_2,F2_3,,L1,,,
176839,L1,L1,L1,L2,L2,L2,L1,L2,L1,C2_2,D2_2,F2_3,,L2,,,
176840,L1,L1,L1,L2,L2,L2,L1,L2,L1,C2_2,D2_2,F2_3,,L3,,,
176841,L1,L1,L1,L2,L2,L2,L1,L2,L1,C2_2,D2_3,F2_1,,L1,,,
176842,L1,L1,L1,L2,L2,L2,L1,L2,L1,C2_2,D2_3,F2_1,,L2,,,
176843,L1,L1,L1,L2,L2,L2,L1,L2,L1,C2_2,D2_3,F2_1,,L3,,,
176844,L1,L1,L1,L2,L2,L2,L1,L2,L1,C2_2,D2_3,F2_2,,L1,,,
176845,L1,L1,L1,L2,L2,L2,L1,L2,L1,C2_2,D2_3,F2_2,,L2,,,
176846,L1,L1,L1,L2,L2,L2,L1,L2,L1,C2_2,D2_3,F2_2,,L3,,,
176847,L1,L1,L1,L2,L2,L2,L1,L2,L1,C2_2,D2_3,F2_3,,L1,,,
176848,L1,L1,L1,L2,L2,L2,L1,L2,L1,C2_2,D2_3,F2_3,,L2,,,
176849,L1,L1,L1,L2,L2,L2,L1,L2,L1,C2_2,D2_3,F2_3,,L3,,,
176850,L1,L1,L1,L2,L2,L2,L1,L2,L1,C2_3,D2_1,F2_1,,L1,,,
176851,L1,L1,L1,L2,L2,L2,L1,L2,L1,C2_3,D2_1,F2_1,,L2,,,
176852,L1,L1,L1,L2,L2,L2,L1,L2,L1,C2_3,D2_1,F2_1,,L3,,,
176853,L1,L1,L1,L2,L2,L2,L1,L2,L1,C2_3,D2_1,F2_2,,L1,,,
176854,L1,L1,L1,L2,L2,L2,L1,L2,L1,C2_3,D2_1,F2_2,,L2,,,
176855,L1,L1,L1,L2,L2,L2,L1,L2,L1,C2_3,D2_1,F2_2,,L3,,,
176856,L1,L1,L1,L2,L2,L2,L1,L2,L1,C2_3,D2_1,F2_3,,L1,,,
176857,L1,L1,L1,L2,L2,L2,L1,L2,L1,C2_3,D2_1,F2_3,,L2,,,
176858,L1,L1,L1,L2,L2,L2,L1,L2,L1,C2_3,D2_1,F2_3,,L3,,,
176859,L1,L1,L1,L2,L2,L2,L1,L2,L1,C2_3,D2_2,F2_1,,L1,,,
176860,L1,L1,L1,L2,L2,L2,L1,L2,L1,C2_3,D2_2,F2_1,,L2,,,
176861,L1,L1,L1,L2,L2,L2,L1,L2,L1,C2_3,D2_2,F2_1,,L3,,,
176862,L1,L1,L1,L2,L2,L2,L1,L2,L1,C2_3,D2_2,F2_2,,L1,,,
176863,L1,L1,L1,L2,L2,L2,L1,L2,L1,C2_3,D2_2,F2_2,,L2,,,
176864,L1,L1,L1,L2,L2,L2,L1,L2,L1,C2_3,D2_2,F2_2,,L3,,,
176865,L1,L1,L1,L2,L2,L2,L1,L2,L1,C2_3,D2_2,F2_3,,L1,,,
176866,L1,L1,L1,L2,L2,L2,L1,L2,L1,C2_3,D2_2,F2_3,,L2,,,
176867,L1,L1,L1,L2,L2,L2,L1,L2,L1,C2_3,D2_2,F2_3,,L3,,,
176868,L1,L1,L1,L2,L2,L2,L1,L2,L1,C2_3,D2_3,F2_1,,L1,,,
176869,L1,L1,L1,L2,L2,L2,L1,L2,L1,C2_3,D2_3,F2_1,,L2,,,
176870,L1,L1,L1,L2,L2,L2,L1,L2,L1,C2_3,D2_3,F2_1,,L3,,,
176871,L1,L1,L1,L2,L2,L2,L1,L2,L1,C2_3,D2_3,F2_2,,L1,,,
176872,L1,L1,L1,L2,L2,L2,L1,L2,L1,C2_3,D2_3,F2_2,,L2,,,
176873,L1,L1,L1,L2,L2,L2,L1,L2,L1,C2_3,D2_3,F2_2,,L3,,,
176874,L1,L1,L1,L2,L2,L2,L1,L2,L1,C2_3,D2_3,F2_3,,L1,,,
176875,L1,L1,L1,L2,L2,L2,L1,L2,L1,C2_3,D2_3,F2_3,,L2,,,
176876,L1,L1,L1,L2,L2,L2,L1,L2,L1,C2_3,D2_3,F2_3,,L3,,,
177363,L1,L2,L1,L3,L3,L2,L1,L2,L1,C2_1,D2_1,F2_1,,L1,,,
177364,L1,L2,L1,L3,L3,L2,L1,L2,L1,C2_1,D2_1,F2_1,,L2,,,
177365,L1,L2,L1,L3,L3,L2,L1,L2,L1,C2_1,D2_1,F2_1,,L3,,,
177366,L1,L2,L1,L3,L3,L2,L1,L2,L1,C2_1,D2_1,F2_2,,L1,,,
177367,L1,L2,L1,L3,L3,L2,L1,L2,L1,C2_1,D2_1,F2_2,,L2,,,
177368,L1,L2,L1,L3,L3,L2,L1,L2,L1,C2_1,D2_1,F2_2,,L3,,,
177369,L1,L2,L1,L3,L3,L2,L1,L2,L1,C2_1,D2_1,F2_3,,L1,,,
177370,L1,L2,L1,L3,L3,L2,L1,L2,L1,C2_1,D2_1,F2_3,,L2,,,
177371,L1,L2,L1,L3,L3,L2,L1,L2,L1,C2_1,D2_1,F2_3,,L3,,,
177372,L1,L2,L1,L3,L3,L2,L1,L2,L1,C2_1,D2_2,F2_1,,L1,,,
177373,L1,L2,L1,L3,L3,L2,L1,L2,L1,C2_1,D2_2,F2_1,,L2,,,
177374,L1,L2,L1,L3,L3,L2,L1,L2,L1,C2_1,D2_2,F2_1,,L3,,,
177375,L1,L2,L1,L3,L3,L2,L1,L2,L1,C2_1,D2_2,F2_2,,L1,,,
177376,L1,L2,L1,L3,L3,L2,L1,L2,L1,C2_1,D2_2,F2_2,,L2,,,
177377,L1,L2,L1,L3,L3,L2,L1,L2,L1,C2_1,D2_2,F2_2,,L3,,,
177378,L1,L2,L1,L3,L3,L2,L1,L2,L1,C2_1,D2_2,F2_3,,L1,,,
177379,L1,L2,L1,L3,L3,L2,L1,L2,L1,C2_1,D2_2,F2_3,,L2,,,
177380,L1,L2,L1,L3,L3,L2,L1,L2,L1,C2_1,D2_2,F2_3,,L3,,,
177381,L1,L2,L1,L3,L3,L2,L1,L2,L1,C2_1,D2_3,F2_1,,L1,,,
177382,L1,L2,L1,L3,L3,L2,L1,L2,L1,C2_1,D2_3,F2_1,,L2,,,
177383,L1,L2,L1,L3,L3,L2,L1,L2,L1,C2_1,D2_3,F2_1,,L3,,,
177384,L1,L2,L1,L3,L3,L2,L1,L2,L1,C2_1,D2_3,F2_2,,L1,,,
177385,L1,L2,L1,L3,L3,L2,L1,L2,L1,C2_1,D2_3,F2_2,,L2,,,
177386,L1,L2,L1,L3,L3,L2,L1,L2,L1,C2_1,D2_3,F2_2,,L3,,,
177387,L1,L2,L1,L3,L3,L2,L1,L2,L1,C2_1,D2_3,F2_3,,L1,,,
177388,L1,L2,L1,L3,L3,L2,L1,L2,L1,C2_1,D2_3,F2_3,,L2,,,
177389,L1,L2,L1,L3,L3,L2,L1,L2,L1,C2_1,D2_3,F2_3,,L3,,,
177390,L1,L2,L1,L3,L3,L2,L1,L2,L1,C2_2,D2_1,F2_1,,L1,,,
177391,L1,L2,L1,L3,L3,L2,L1,L2,L1,C2_2,D2_1,F2_1,,L2,,,
177392,L1,L2,L1,L3,L3,L2,L1,L2,L1,C2_2,D2_1,F2_1,,L3,,,
177393,L1,L2,L1,L3,L3,L2,L1,L2,L1,C2_2,D2_1,F2_2,,L1,,,
177394,L1,L2,L1,L3,L3,L2,L1,L2,L1,C2_2,D2_1,F2_2,,L2,,,
177395,L1,L2,L1,L3,L3,L2,L1,L2,L1,C2_2,D2_1,F2_2,,L3,,,
177396,L1,L2,L1,L3,L3,L2,L1,L2,L1,C2_2,D2_1,F2_3,,L1,,,
177397,L1,L2,L1,L3,L3,L2,L1,L2,L1,C2_2,D2_1,F2_3,,L2,,,
177398,L1,L2,L1,L3,L3,L2,L1,L2,L1,C2_2,D2_1,F2_3,,L3,,,
177399,L1,L2,L1,L3,L3,L2,L1,L2,L1,C2_2,D2_2,F2_1,,L1,,,
177400,L1,L2,L1,L3,L3,L2,L1,L2,L1,C2_2,D2_2,F2_1,,L2,,,
177401,L1,L2,L1,L3,L3,L2,L1,L2,L1,C2_2,D2_2,F2_1,,L3,,,
177402,L1,L2,L1,L3,L3,L2,L1,L2,L1,C2_2,D2_2,F2_2,,L1,,,
177403,L1,L2,L1,L3,L3,L2,L1,L2,L1,C2_2,D2_2,F2_2,,L2,,,
177404,L1,L2,L1,L3,L3,L2,L1,L2,L1,C2_2,D2_2,F2_2,,L3,,,
177405,L1,L2,L1,L3,L3,L2,L1,L2,L1,C2_2,D2_2,F2_3,,L1,,,
177406,L1,L2,L1,L3,L3,L2,L1,L2,L1,C2_2,D2_2,F2_3,,L2,,,
177407,L1,L2,L1,L3,L3,L2,L1,L2,L1,C2_2,D2_2,F2_3,,L3,,,
177408,L1,L2,L1,L3,L3,L2,L1,L2,L1,C2_2,D2_3,F2_1,,L1,,,
177409,L1,L2,L1,L3,L3,L2,L1,L2,L1,C2_2,D2_3,F2_1,,L2,,,
177410,L1,L2,L1,L3,L3,L2,L1,L2,L1,C2_2,D2_3,F2_1,,L3,,,
177411,L1,L2,L1,L3,L3,L2,L1,L2,L1,C2_2,D2_3,F2_2,,L1,,,
177412,L1,L2,L1,L3,L3,L2,L1,L2,L1,C2_2,D2_3,F2_2,,L2,,,
177413,L1,L2,L1,L3,L3,L2,L1,L2,L1,C2_2,D2_3,F2_2,,L3,,,
177414,L1,L2,L1,L3,L3,L2,L1,L2,L1,C2_2,D2_3,F2_3,,L1,,,
177415,L1,L2,L1,L3,L3,L2,L1,L2,L1,C2_2,D2_3,F2_3,,L2,,,
177416,L1,L2,L1,L3,L3,L2,L1,L2,L1,C2_2,D2_3,F2_3,,L3,,,
177417,L1,L2,L1,L3,L3,L2,L1,L2,L1,C2_3,D2_1,F2_1,,L1,,,
177418,L1,L2,L1,L3,L3,L2,L1,L2,L1,C2_3,D2_1,F2_1,,L2,,,
177419,L1,L2,L1,L3,L3,L2,L1,L2,L1,C2_3,D2_1,F2_1,,L3,,,
177420,L1,L2,L1,L3,L3,L2,L1,L2,L1,C2_3,D2_1,F2_2,,L1,,,
177421,L1,L2,L1,L3,L3,L2,L1,L2,L1,C2_3,D2_1,F2_2,,L2,,,
177422,L1,L2,L1,L3,L3,L2,L1,L2,L1,C2_3,D2_1,F2_2,,L3,,,
177423,L1,L2,L1,L3,L3,L2,L1,L2,L1,C2_3,D2_1,F2_3,,L1,,,
177424,L1,L2,L1,L3,L3,L2,L1,L2,L1,C2_3,D2_1,F2_3,,L2,,,
177425,L1,L2,L1,L3,L3,L2,L1,L2,L1,C2_3,D2_1,F2_3,,L3,,,
177426,L1,L2,L1,L3,L3,L2,L1,L2,L1,C2_3,D2_2,F2_1,,L1,,,
177427,L1,L2,L1,L3,L3,L2,L1,L2,L1,C2_3,D2_2,F2_1,,L2,,,
177428,L1,L2,L1,L3,L3,L2,L1,L2,L1,C2_3,D2_2,F2_1,,L3,,,
177429,L1,L2,L1,L3,L3,L2,L1,L2,L1,C2_3,D2_2,F2_2,,L1,,,
177430,L1,L2,L1,L3,L3,L2,L1,L2,L1,C2_3,D2_2,F2_2,,L2,,,
177431,L1,L2,L1,L3,L3,L2,L1,L2,L1,C2_3,D2_2,F2_2,,L3,,,
177432,L1,L2,L1,L3,L3,L2,L1,L2,L1,C2_3,D2_2,F2_3,,L1,,,
177433,L1,L2,L1,L3,L3,L2,L1,L2,L1,C2_3,D2_2,F2_3,,L2,,,
177434,L1,L2,L1,L3,L3,L2,L1,L2,L1,C2_3,D2_2,F2_3,,L3,,,
177435,L1,L2,L1,L3,L3,L2,L1,L2,L1,C2_3,D2_3,F2_1,,L1,,,
177436,L1,L2,L1,L3,L3,L2,L1,L2,L1,C2_3,D2_3,F2_1,,L2,,,
177437,L1,L2,L1,L3,L3,L2,L1,L2,L1,C2_3,D2_3,F2_1,,L3,,,
177438,L1,L2,L1,L3,L3,L2,L1,L2,L1,C2_3,D2_3,F2_2,,L1,,,
177439,L1,L2,L1,L3,L3,L2,L1,L2,L1,C2_3,D2_3,F2_2,,L2,,,
177440,L1,L2,L1,L3,L3,L2,L1,L2,L1,C2_3,D2_3,F2_2,,L3,,,
177441,L1,L2,L1,L3,L3,L2,L1,L2,L1,C2_3,D2_3,F2_3,,L1,,,
177442,L1,L2,L1,L3,L3,L2,L1,L2,L1,C2_3,D2_3,F2_3,,L2,,,
177443,L1,L2,L1,L3,L3,L2,L1,L2,L1,C2_3,D2_3,F2_3,,L3,,,
177444,L2,L3,L1,L2,L1,L2,L1,L2,L1,C2_1,D2_1,F2_1,,L1,,,
177445,L2,L3,L1,L2,L1,L2,L1,L2,L1,C2_1,D2_1,F2_1,,L2,,,
177446,L2,L3,L1,L2,L1,L2,L1,L2,L1,C2_1,D2_1,F2_1,,L3,,,
177447,L2,L3,L1,L2,L1,L2,L1,L2,L1,C2_1,D2_1,F2_2,,L1,,,
177448,L2,L3,L1,L2,L1,L2,L1,L2,L1,C2_1,D2_1,F2_2,,L2,,,
177449,L2,L3,L1,L2,L1,L2,L1,L2,L1,C2_1,D2_1,F2_2,,L3,,,
177450,L2,L3,L1,L2,L1,L2,L1,L2,L1,C2_1,D2_1,F2_3,,L1,,,
177451,L2,L3,L1,L2,L1,L2,L1,L2,L1,C2_1,D2_1,F2_3,,L2,,,
177452,L2,L3,L1,L2,L1,L2,L1,L2,L1,C2_1,D2_1,F2_3,,L3,,,
177453,L2,L3,L1,L2,L1,L2,L1,L2,L1,C2_1,D2_2,F2_1,,L1,,,
177454,L2,L3,L1,L2,L1,L2,L1,L2,L1,C2_1,D2_2,F2_1,,L2,,,
177455,L2,L3,L1,L2,L1,L2,L1,L2,L1,C2_1,D2_2,F2_1,,L3,,,
177456,L2,L3,L1,L2,L1,L2,L1,L2,L1,C2_1,D2_2,F2_2,,L1,,,
177457,L2,L3,L1,L2,L1,L2,L1,L2,L1,C2_1,D2_2,F2_2,,L2,,,
177458,L2,L3,L1,L2,L1,L2,L1,L2,L1,C2_1,D2_2,F2_2,,L3,,,
177459,L2,L3,L1,L2,L1,L2,L1,L2,L1,C2_1,D2_2,F2_3,,L1,,,
177460,L2,L3,L1,L2,L1,L2,L1,L2,L1,C2_1,D2_2,F2_3,,L2,,,
177461,L2,L3,L1,L2,L1,L2,L1,L2,L1,C2_1,D2_2,F2_3,,L3,,,
177462,L2,L3,L1,L2,L1,L2,L1,L2,L1,C2_1,D2_3,F2_1,,L1,,,
177463,L2,L3,L1,L2,L1,L2,L1,L2,L1,C2_1,D2_3,F2_1,,L2,,,
177464,L2,L3,L1,L2,L1,L2,L1,L2,L1,C2_1,D2_3,F2_1,,L3,,,
177465,L2,L3,L1,L2,L1,L2,L1,L2,L1,C2_1,D2_3,F2_2,,L1,,,
177466,L2,L3,L1,L2,L1,L2,L1,L2,L1,C2_1,D2_3,F2_2,,L2,,,
177467,L2,L3,L1,L2,L1,L2,L1,L2,L1,C2_1,D2_3,F2_2,,L3,,,
177468,L2,L3,L1,L2,L1,L2,L1,L2,L1,C2_1,D2_3,F2_3,,L1,,,
177469,L2,L3,L1,L2,L1,L2,L1,L2,L1,C2_1,D2_3,F2_3,,L2,,,
177470,L2,L3,L1,L2,L1,L2,L1,L2,L1,C2_1,D2_3,F2_3,,L3,,,
177471,L2,L3,L1,L2,L1,L2,L1,L2,L1,C2_2,D2_1,F2_1,,L1,,,
177472,L2,L3,L1,L2,L1,L2,L1,L2,L1,C2_2,D2_1,F2_1,,L2,,,
177473,L2,L3,L1,L2,L1,L2,L1,L2,L1,C2_2,D2_1,F2_1,,L3,,,
177474,L2,L3,L1,L2,L1,L2,L1,L2,L1,C2_2,D2_1,F2_2,,L1,,,
177475,L2,L3,L1,L2,L1,L2,L1,L2,L1,C2_2,D2_1,F2_2,,L2,,,
177476,L2,L3,L1,L2,L1,L2,L1,L2,L1,C2_2,D2_1,F2_2,,L3,,,
177477,L2,L3,L1,L2,L1,L2,L1,L2,L1,C2_2,D2_1,F2_3,,L1,,,
177478,L2,L3,L1,L2,L1,L2,L1,L2,L1,C2_2,D2_1,F2_3,,L2,,,
177479,L2,L3,L1,L2,L1,L2,L1,L2,L1,C2_2,D2_1,F2_3,,L3,,,
177480,L2,L3,L1,L2,L1,L2,L1,L2,L1,C2_2,D2_2,F2_1,,L1,,,
177481,L2,L3,L1,L2,L1,L2,L1,L2,L1,C2_2,D2_2,F2_1,,L2,,,
177482,L2,L3,L1,L2,L1,L2,L1,L2,L1,C2_2,D2_2,F2_1,,L3,,,
177483,L2,L3,L1,L2,L1,L2,L1,L2,L1,C2_2,D2_2,F2_2,,L1,,,
177484,L2,L3,L1,L2,L1,L2,L1,L2,L1,C2_2,D2_2,F2_2,,L2,,,
177485,L2,L3,L1,L2,L1,L2,L1,L2,L1,C2_2,D2_2,F2_2,,L3,,,
177486,L2,L3,L1,L2,L1,L2,L1,L2,L1,C2_2,D2_2,F2_3,,L1,,,
177487,L2,L3,L1,L2,L1,L2,L1,L2,L1,C2_2,D2_2,F2_3,,L2,,,
177488,L2,L3,L1,L2,L1,L2,L1,L2,L1,C2_2,D2_2,F2_3,,L3,,,
177489,L2,L3,L1,L2,L1,L2,L1,L2,L1,C2_2,D2_3,F2_1,,L1,,,
177490,L2,L3,L1,L2,L1,L2,L1,L2,L1,C2_2,D2_3,F2_1,,L2,,,
177491,L2,L3,L1,L2,L1,L2,L1,L2,L1,C2_2,D2_3,F2_1,,L3,,,
177492,L2,L3,L1,L2,L1,L2,L1,L2,L1,C2_2,D2_3,F2_2,,L1,,,
177493,L2,L3,L1,L2,L1,L2,L1,L2,L1,C2_2,D2_3,F2_2,,L2,,,
177494,L2,L3,L1,L2,L1,L2,L1,L2,L1,C2_2,D2_3,F2_2,,L3,,,
177495,L2,L3,L1,L2,L1,L2,L1,L2,L1,C2_2,D2_3,F2_3,,L1,,,
177496,L2,L3,L1,L2,L1,L2,L1,L2,L1,C2_2,D2_3,F2_3,,L2,,,
177497,L2,L3,L1,L2,L1,L2,L1,L2,L1,C2_2,D2_3,F2_3,,L3,,,
177498,L2,L3,L1,L2,L1,L2,L1,L2,L1,C2_3,D2_1,F2_1,,L1,,,
177499,L2,L3,L1,L2,L1,L2,L1,L2,L1,C2_3,D2_1,F2_1,,L2,,,
177500,L2,L3,L1,L2,L1,L2,L1,L2,L1,C2_3,D2_1,F2_1,,L3,,,
177501,L2,L3,L1,L2,L1,L2,L1,L2,L1,C2_3,D2_1,F2_2,,L1,,,
177502,L2,L3,L1,L2,L1,L2,L1,L2,L1,C2_3,D2_1,F2_2,,L2,,,
177503,L2,L3,L1,L2,L1,L2,L1,L2,L1,C2_3,D2_1,F2_2,,L3,,,
177504,L2,L3,L1,L2,L1,L2,L1,L2,L1,C2_3,D2_1,F2_3,,L1,,,
177505,L2,L3,L1,L2,L1,L2,L1,L2,L1,C2_3,D2_1,F2_3,,L2,,,
177506,L2,L3,L1,L2,L1,L2,L1,L2,L1,C2_3,D2_1,F2_3,,L3,,,
177507,L2,L3,L1,L2,L1,L2,L1,L2,L1,C2_3,D2_2,F2_1,,L1,,,
177508,L2,L3,L1,L2,L1,L2,L1,L2,L1,C2_3,D2_2,F2_1,,L2,,,
177509,L2,L3,L1,L2,L1,L2,L1,L2,L1,C2_3,D2_2,F2_1,,L3,,,
177510,L2,L3,L1,L2,L1,L2,L1,L2,L1,C2_3,D2_2,F2_2,,L1,,,
177511,L2,L3,L1,L2,L1,L2,L1,L2,L1,C2_3,D2_2,F2_2,,L2,,,
177512,L2,L3,L1,L2,L1,L2,L1,L2,L1,C2_3,D2_2,F2_2,,L3,,,
177513,L2,L3,L1,L2,L1,L2,L1,L2,L1,C2_3,D2_2,F2_3,,L1,,,
177514,L2,L3,L1,L2,L1,L2,L1,L2,L1,C2_3,D2_2,F2_3,,L2,,,
177515,L2,L3,L1,L2,L1,L2,L1,L2,L1,C2_3,D2_2,F2_3,,L3,,,
177516,L2,L3,L1,L2,L1,L2,L1,L2,L1,C2_3,D2_3,F2_1,,L1,,,
177517,L2,L3,L1,L2,L1,L2,L1,L2,L1,C2_3,D2_3,F2_1,,L2,,,
177518,L2,L3,L1,L2,L1,L2,L1,L2,L1,C2_3,D2_3,F2_1,,L3,,,
177519,L2,L3,L1,L2,L1,L2,L1,L2,L1,C2_3,D2_3,F2_2,,L1,,,
177520,L2,L3,L1,L2,L1,L2,L1,L2,L1,C2_3,D2_3,F2_2,,L2,,,
177521,L2,L3,L1,L2,L1,L2,L1,L2,L1,C2_3,D2_3,F2_2,,L3,,,
177522,L2,L3,L1,L2,L1,L2,L1,L2,L1,C2_3,D2_3,F2_3,,L1,,,
177523,L2,L3,L1,L2,L1,L2,L1,L2,L1,C2_3,D2_3,F2_3,,L2,,,
177524,L2,L3,L1,L2,L1,L2,L1,L2,L1,C2_3,D2_3,F2_3,,L3,,,
243864,L3,L2,L1,L3,L2,L2,L1,L2,L1,C2_1,D2_1,F2_1,,L1,,,
243865,L3,L2,L1,L3,L2,L2,L1,L2,L1,C2_1,D2_1,F2_1,,L2,,,
243866,L3,L2,L1,L3,L2,L2,L1,L2,L1,C2_1,D2_1,F2_1,,L3,,,
243867,L3,L2,L1,L3,L2,L2,L1,L2,L1,C2_1,D2_1,F2_2,,L1,,,
243868,L3,L2,L1,L3,L2,L2,L1,L2,L1,C2_1,D2_1,F2_2,,L2,,,
243869,L3,L2,L1,L3,L2,L2,L1,L2,L1,C2_1,D2_1,F2_2,,L3,,,
243870,L3,L2,L1,L3,L2,L2,L1,L2,L1,C2_1,D2_1,F2_3,,L1,,,
243871,L3,L2,L1,L3,L2,L2,L1,L2,L1,C2_1,D2_1,F2_3,,L2,,,
243872,L3,L2,L1,L3,L2,L2,L1,L2,L1,C2_1,D2_1,F2_3,,L3,,,
243873,L3,L2,L1,L3,L2,L2,L1,L2,L1,C2_1,D2_2,F2_1,,L1,,,
243874,L3,L2,L1,L3,L2,L2,L1,L2,L1,C2_1,D2_2,F2_1,,L2,,,
243875,L3,L2,L1,L3,L2,L2,L1,L2,L1,C2_1,D2_2,F2_1,,L3,,,
243876,L3,L2,L1,L3,L2,L2,L1,L2,L1,C2_1,D2_2,F2_2,,L1,,,
243877,L3,L2,L1,L3,L2,L2,L1,L2,L1,C2_1,D2_2,F2_2,,L2,,,
243878,L3,L2,L1,L3,L2,L2,L1,L2,L1,C2_1,D2_2,F2_2,,L3,,,
243879,L3,L2,L1,L3,L2,L2,L1,L2,L1,C2_1,D2_2,F2_3,,L1,,,
243880,L3,L2,L1,L3,L2,L2,L1,L2,L1,C2_1,D2_2,F2_3,,L2,,,
243881,L3,L2,L1,L3,L2,L2,L1,L2,L1,C2_1,D2_2,F2_3,,L3,,,
243882,L3,L2,L1,L3,L2,L2,L1,L2,L1,C2_1,D2_3,F2_1,,L1,,,
243883,L3,L2,L1,L3,L2,L2,L1,L2,L1,C2_1,D2_3,F2_1,,L2,,,
243884,L3,L2,L1,L3,L2,L2,L1,L2,L1,C2_1,D2_3,F2_1,,L3,,,
243885,L3,L2,L1,L3,L2,L2,L1,L2,L1,C2_1,D2_3,F2_2,,L1,,,
243886,L3,L2,L1,L3,L2,L2,L1,L2,L1,C2_1,D2_3,F2_2,,L2,,,
243887,L3,L2,L1,L3,L2,L2,L1,L2,L1,C2_1,D2_3,F2_2,,L3,,,
243888,L3,L2,L1,L3,L2,L2,L1,L2,L1,C2_1,D2_3,F2_3,,L1,,,
243889,L3,L2,L1,L3,L2,L2,L1,L2,L1,C2_1,D2_3,F2_3,,L2,,,
243890,L3,L2,L1,L3,L2,L2,L1,L2,L1,C2_1,D2_3,F2_3,,L3,,,
243891,L3,L2,L1,L3,L2,L2,L1,L2,L1,C2_2,D2_1,F2_1,,L1,,,
243892,L3,L2,L1,L3,L2,L2,L1,L2,L1,C2_2,D2_1,F2_1,,L2,,,
243893,L3,L2,L1,L3,L2,L2,L1,L2,L1,C2_2,D2_1,F2_1,,L3,,,
243894,L3,L2,L1,L3,L2,L2,L1,L2,L1,C2_2,D2_1,F2_2,,L1,,,
243895,L3,L2,L1,L3,L2,L2,L1,L2,L1,C2_2,D2_1,F2_2,,L2,,,
243896,L3,L2,L1,L3,L2,L2,L1,L2,L1,C2_2,D2_1,F2_2,,L3,,,
243897,L3,L2,L1,L3,L2,L2,L1,L2,L1,C2_2,D2_1,F2_3,,L1,,,
243898,L3,L2,L1,L3,L2,L2,L1,L2,L1,C2_2,D2_1,F2_3,,L2,,,
243899,L3,L2,L1,L3,L2,L2,L1,L2,L1,C2_2,D2_1,F2_3,,L3,,,
243900,L3,L2,L1,L3,L2,L2,L1,L2,L1,C2_2,D2_2,F2_1,,L1,,,
243901,L3,L2,L1,L3,L2,L2,L1,L2,L1,C2_2,D2_2,F2_1,,L2,,,
243902,L3,L2,L1,L3,L2,L2,L1,L2,L1,C2_2,D2_2,F2_1,,L3,,,
243903,L3,L2,L1,L3,L2,L2,L1,L2,L1,C2_2,D2_2,F2_2,,L1,,,
243904,L3,L2,L1,L3,L2,L2,L1,L2,L1,C2_2,D2_2,F2_2,,L2,,,
243905,L3,L2,L1,L3,L2,L2,L1,L2,L1,C2_2,D2_2,F2_2,,L3,,,
243906,L3,L2,L1,L3,L2,L2,L1,L2,L1,C2_2,D2_2,F2_3,,L1,,,
243907,L3,L2,L1,L3,L2,L2,L1,L2,L1,C2_2,D2_2,F2_3,,L2,,,
243908,L3,L2,L1,L3,L2,L2,L1,L2,L1,C2_2,D2_2,F2_3,,L3,,,
243909,L3,L2,L1,L3,L2,L2,L1,L2,L1,C2_2,D2_3,F2_1,,L1,,,
243910,L3,L2,L1,L3,L2,L2,L1,L2,L1,C2_2,D2_3,F2_1,,L2,,,
243911,L3,L2,L1,L3,L2,L2,L1,L2,L1,C2_2,D2_3,F2_1,,L3,,,
243912,L3,L2,L1,L3,L2,L2,L1,L2,L1,C2_2,D2_3,F2_2,,L1,,,
243913,L3,L2,L1,L3,L2,L2,L1,L2,L1,C2_2,D2_3,F2_2,,L2,,,
243914,L3,L2,L1,L3,L2,L2,L1,L2,L1,C2_2,D2_3,F2_2,,L3,,,
243915,L3,L2,L1,L3,L2,L2,L1,L2,L1,C2_2,D2_3,F2_3,,L1,,,
243916,L3,L2,L1,L3,L2,L2,L1,L2,L1,C2_2,D2_3,F2_3,,L2,,,
243917,L3,L2,L1,L3,L2,L2,L1,L2,L1,C2_2,D2_3,F2_3,,L3,,,
243918,L3,L2,L1,L3,L2,L2,L1,L2,L1,C2_3,D2_1,F2_1,,L1,,,
243919,L3,L2,L1,L3,L2,L2,L1,L2,L1,C2_3,D2_1,F2_1,,L2,,,
243920,L3,L2,L1,L3,L2,L2,L1,L2,L1,C2_3,D2_1,F2_1,,L3,,,
243921,L3,L2,L1,L3,L2,L2,L1,L2,L1,C2_3,D2_1,F2_2,,L1,,,
243922,L3,L2,L1,L3,L2,L2,L1,L2,L1,C2_3,D2_1,F2_2,,L2,,,
243923,L3,L2,L1,L3,L2,L2,L1,L2,L1,C2_3,D2_1,F2_2,,L3,,,
243924,L3,L2,L1,L3,L2,L2,L1,L2,L1,C2_3,D2_1,F2_3,,L1,,,
243925,L3,L2,L1,L3,L2,L2,L1,L2,L1,C2_3,D2_1,F2_3,,L2,,,
243926,L3,L2,L1,L3,L2,L2,L1,L2,L1,C2_3,D2_1,F2_3,,L3,,,
243927,L3,L2,L1,L3,L2,L2,L1,L2,L1,C2_3,D2_2,F2_1,,L1,,,
243928,L3,L2,L1,L3,L2,L2,L1,L2,L1,C2_3,D2_2,F2_1,,L2,,,
243929,L3,L2,L1,L3,L2,L2,L1,L2,L1,C2_3,D2_2,F2_1,,L3,,,
243930,L3,L2,L1,L3,L2,L2,L1,L2,L1,C2_3,D2_2,F2_2,,L1,,,
243931,L3,L2,L1,L3,L2,L2,L1,L2,L1,C2_3,D2_2,F2_2,,L2,,,
243932,L3,L2,L1,L3,L2,L2,L1,L2,L1,C2_3,D2_2,F2_2,,L3,,,
243933,L3,L2,L1,L3,L2,L2,L1,L2,L1,C2_3,D2_2,F2_3,,L1,,,
243934,L3,L2,L1,L3,L2,L2,L1,L2,L1,C2_3,D2_2,F2_3,,L2,,,
243935,L3,L2,L1,L3,L2,L2,L1,L2,L1,C2_3,D2_2,F2_3,,L3,,,
243936,L3,L2,L1,L3,L2,L2,L1,L2,L1,C2_3,D2_3,F2_1,,L1,,,
243937,L3,L2,L1,L3,L2,L2,L1,L2,L1,C2_3,D2_3,F2_1,,L2,,,
243938,L3,L2,L1,L3,L2,L2,L1,L2,L1,C2_3,D2_3,F2_1,,L3,,,
243939,L3,L2,L1,L3,L2,L2,L1,L2,L1,C2_3,D2_3,F2_2,,L1,,,
243940,L3,L2,L1,L3,L2,L2,L1,L2,L1,C2_3,D2_3,F2_2,,L2,,,
243941,L3,L2,L1,L3,L2,L2,L1,L2,L1,C2_3,D2_3,F2_2,,L3,,,
243942,L3,L2,L1,L3,L2,L2,L1,L2,L1,C2_3,D2_3,F2_3,,L1,,,
243943,L3,L2,L1,L3,L2,L2,L1,L2,L1,C2_3,D2_3,F2_3,,L2,,,
243944,L3,L2,L1,L3,L2,L2,L1,L2,L1,C2_3,D2_3,F2_3,,L3,,,
248103,L2,L1,L2,L1,L1,L2,L1,L2,L1,C2_1,D2_1,F2_1,,L1,,,
248104,L2,L1,L2,L1,L1,L2,L1,L2,L1,C2_1,D2_1,F2_1,,L2,,,
248105,L2,L1,L2,L1,L1,L2,L1,L2,L1,C2_1,D2_1,F2_1,,L3,,,
248106,L2,L1,L2,L1,L1,L2,L1,L2,L1,C2_1,D2_1,F2_2,,L1,,,
248107,L2,L1,L2,L1,L1,L2,L1,L2,L1,C2_1,D2_1,F2_2,,L2,,,
248108,L2,L1,L2,L1,L1,L2,L1,L2,L1,C2_1,D2_1,F2_2,,L3,,,
248109,L2,L1,L2,L1,L1,L2,L1,L2,L1,C2_1,D2_1,F2_3,,L1,,,
248110,L2,L1,L2,L1,L1,L2,L1,L2,L1,C2_1,D2_1,F2_3,,L2,,,
248111,L2,L1,L2,L1,L1,L2,L1,L2,L1,C2_1,D2_1,F2_3,,L3,,,
248112,L2,L1,L2,L1,L1,L2,L1,L2,L1,C2_1,D2_2,F2_1,,L1,,,
248113,L2,L1,L2,L1,L1,L2,L1,L2,L1,C2_1,D2_2,F2_1,,L2,,,
248114,L2,L1,L2,L1,L1,L2,L1,L2,L1,C2_1,D2_2,F2_1,,L3,,,
248115,L2,L1,L2,L1,L1,L2,L1,L2,L1,C2_1,D2_2,F2_2,,L1,,,
248116,L2,L1,L2,L1,L1,L2,L1,L2,L1,C2_1,D2_2,F2_2,,L2,,,
248117,L2,L1,L2,L1,L1,L2,L1,L2,L1,C2_1,D2_2,F2_2,,L3,,,
248118,L2,L1,L2,L1,L1,L2,L1,L2,L1,C2_1,D2_2,F2_3,,L1,,,
248119,L2,L1,L2,L1,L1,L2,L1,L2,L1,C2_1,D2_2,F2_3,,L2,,,
248120,L2,L1,L2,L1,L1,L2,L1,L2,L1,C2_1,D2_2,F2_3,,L3,,,
248121,L2,L1,L2,L1,L1,L2,L1,L2,L1,C2_1,D2_3,F2_1,,L1,,,
248122,L2,L1,L2,L1,L1,L2,L1,L2,L1,C2_1,D2_3,F2_1,,L2,,,
248123,L2,L1,L2,L1,L1,L2,L1,L2,L1,C2_1,D2_3,F2_1,,L3,,,
248124,L2,L1,L2,L1,L1,L2,L1,L2,L1,C2_1,D2_3,F2_2,,L1,,,
248125,L2,L1,L2,L1,L1,L2,L1,L2,L1,C2_1,D2_3,F2_2,,L2,,,
248126,L2,L1,L2,L1,L1,L2,L1,L2,L1,C2_1,D2_3,F2_2,,L3,,,
248127,L2,L1,L2,L1,L1,L2,L1,L2,L1,C2_1,D2_3,F2_3,,L1,,,
248128,L2,L1,L2,L1,L1,L2,L1,L2,L1,C2_1,D2_3,F2_3,,L2,,,
248129,L2,L1,L2,L1,L1,L2,L1,L2,L1,C2_1,D2_3,F2_3,,L3,,,
248130,L2,L1,L2,L1,L1,L2,L1,L2,L1,C2_2,D2_1,F2_1,,L1,,,
248131,L2,L1,L2,L1,L1,L2,L1,L2,L1,C2_2,D2_1,F2_1,,L2,,,
248132,L2,L1,L2,L1,L1,L2,L1,L2,L1,C2_2,D2_1,F2_1,,L3,,,
248133,L2,L1,L2,L1,L1,L2,L1,L2,L1,C2_2,D2_1,F2_2,,L1,,,
248134,L2,L1,L2,L1,L1,L2,L1,L2,L1,C2_2,D2_1,F2_2,,L2,,,
248135,L2,L1,L2,L1,L1,L2,L1,L2,L1,C2_2,D2_1,F2_2,,L3,,,
248136,L2,L1,L2,L1,L1,L2,L1,L2,L1,C2_2,D2_1,F2_3,,L1,,,
248137,L2,L1,L2,L1,L1,L2,L1,L2,L1,C2_2,D2_1,F2_3,,L2,,,
248138,L2,L1,L2,L1,L1,L2,L1,L2,L1,C2_2,D2_1,F2_3,,L3,,,
248139,L2,L1,L2,L1,L1,L2,L1,L2,L1,C2_2,D2_2,F2_1,,L1,,,
248140,L2,L1,L2,L1,L1,L2,L1,L2,L1,C2_2,D2_2,F2_1,,L2,,,
248141,L2,L1,L2,L1,L1,L2,L1,L2,L1,C2_2,D2_2,F2_1,,L3,,,
248142,L2,L1,L2,L1,L1,L2,L1,L2,L1,C2_2,D2_2,F2_2,,L1,,,
248143,L2,L1,L2,L1,L1,L2,L1,L2,L1,C2_2,D2_2,F2_2,,L2,,,
248144,L2,L1,L2,L1,L1,L2,L1,L2,L1,C2_2,D2_2,F2_2,,L3,,,
248145,L2,L1,L2,L1,L1,L2,L1,L2,L1,C2_2,D2_2,F2_3,,L1,,,
248146,L2,L1,L2,L1,L1,L2,L1,L2,L1,C2_2,D2_2,F2_3,,L2,,,
248147,L2,L1,L2,L1,L1,L2,L1,L2,L1,C2_2,D2_2,F2_3,,L3,,,
248148,L2,L1,L2,L1,L1,L2,L1,L2,L1,C2_2,D2_3,F2_1,,L1,,,
248149,L2,L1,L2,L1,L1,L2,L1,L2,L1,C2_2,D2_3,F2_1,,L2,,,
248150,L2,L1,L2,L1,L1,L2,L1,L2,L1,C2_2,D2_3,F2_1,,L3,,,
248151,L2,L1,L2,L1,L1,L2,L1,L2,L1,C2_2,D2_3,F2_2,,L1,,,
248152,L2,L1,L2,L1,L1,L2,L1,L2,L1,C2_2,D2_3,F2_2,,L2,,,
248153,L2,L1,L2,L1,L1,L2,L1,L2,L1,C2_2,D2_3,F2_2,,L3,,,
248154,L2,L1,L2,L1,L1,L2,L1,L2,L1,C2_2,D2_3,F2_3,,L1,,,
248155,L2,L1,L2,L1,L1,L2,L1,L2,L1,C2_2,D2_3,F2_3,,L2,,,
248156,L2,L1,L2,L1,L1,L2,L1,L2,L1,C2_2,D2_3,F2_3,,L3,,,
248157,L2,L1,L2,L1,L1,L2,L1,L2,L1,C2_3,D2_1,F2_1,,L1,,,
248158,L2,L1,L2,L1,L1,L2,L1,L2,L1,C2_3,D2_1,F2_1,,L2,,,
248159,L2,L1,L2,L1,L1,L2,L1,L2,L1,C2_3,D2_1,F2_1,,L3,,,
248160,L2,L1,L2,L1,L1,L2,L1,L2,L1,C2_3,D2_1,F2_2,,L1,,,
248161,L2,L1,L2,L1,L1,L2,L1,L2,L1,C2_3,D2_1,F2_2,,L2,,,
248162,L2,L1,L2,L1,L1,L2,L1,L2,L1,C2_3,D2_1,F2_2,,L3,,,
248163,L2,L1,L2,L1,L1,L2,L1,L2,L1,C2_3,D2_1,F2_3,,L1,,,
248164,L2,L1,L2,L1,L1,L2,L1,L2,L1,C2_3,D2_1,F2_3,,L2,,,
248165,L2,L1,L2,L1,L1,L2,L1,L2,L1,C2_3,D2_1,F2_3,,L3,,,
248166,L2,L1,L2,L1,L1,L2,L1,L2,L1,C2_3,D2_2,F2_1,,L1,,,
248167,L2,L1,L2,L1,L1,L2,L1,L2,L1,C2_3,D2_2,F2_1,,L2,,,
248168,L2,L1,L2,L1,L1,L2,L1,L2,L1,C2_3,D2_2,F2_1,,L3,,,
248169,L2,L1,L2,L1,L1,L2,L1,L2,L1,C2_3,D2_2,F2_2,,L1,,,
248170,L2,L1,L2,L1,L1,L2,L1,L2,L1,C2_3,D2_2,F2_2,,L2,,,
248171,L2,L1,L2,L1,L1,L2,L1,L2,L1,C2_3,D2_2,F2_2,,L3,,,
248172,L2,L1,L2,L1,L1,L2,L1,L2,L1,C2_3,D2_2,F2_3,,L1,,,
248173,L2,L1,L2,L1,L1,L2,L1,L2,L1,C2_3,D2_2,F2_3,,L2,,,
248174,L2,L1,L2,L1,L1,L2,L1,L2,L1,C2_3,D2_2,F2_3,,L3,,,
248175,L2,L1,L2,L1,L1,L2,L1,L2,L1,C2_3,D2_3,F2_1,,L1,,,
248176,L2,L1,L2,L1,L1,L2,L1,L2,L1,C2_3,D2_3,F2_1,,L2,,,
248177,L2,L1,L2,L1,L1,L2,L1,L2,L1,C2_3,D2_3,F2_1,,L3,,,
248178,L2,L1,L2,L1,L1,L2,L1,L2,L1,C2_3,D2_3,F2_2,,L1,,,
248179,L2,L1,L2,L1,L1,L2,L1,L2,L1,C2_3,D2_3,F2_2,,L2,,,
248180,L2,L1,L2,L1,L1,L2,L1,L2,L1,C2_3,D2_3,F2_2,,L3,,,
248181,L2,L1,L2,L1,L1,L2,L1,L2,L1,C2_3,D2_3,F2_3,,L1,,,
248182,L2,L1,L2,L1,L1,L2,L1,L2,L1,C2_3,D2_3,F2_3,,L2,,,
248183,L2,L1,L2,L1,L1,L2,L1,L2,L1,C2_3,D2_3,F2_3,,L3,,,
265653,L3,L1,L1,L3,L3,L2,L1,L2,L1,C2_1,D2_1,F2_1,,L1,,,
265654,L3,L1,L1,L3,L3,L2,L1,L2,L1,C2_1,D2_1,F2_1,,L2,,,
265655,L3,L1,L1,L3,L3,L2,L1,L2,L1,C2_1,D2_1,F2_1,,L3,,,
265656,L3,L1,L1,L3,L3,L2,L1,L2,L1,C2_1,D2_1,F2_2,,L1,,,
265657,L3,L1,L1,L3,L3,L2,L1,L2,L1,C2_1,D2_1,F2_2,,L2,,,
265658,L3,L1,L1,L3,L3,L2,L1,L2,L1,C2_1,D2_1,F2_2,,L3,,,
265659,L3,L1,L1,L3,L3,L2,L1,L2,L1,C2_1,D2_1,F2_3,,L1,,,
265660,L3,L1,L1,L3,L3,L2,L1,L2,L1,C2_1,D2_1,F2_3,,L2,,,
265661,L3,L1,L1,L3,L3,L2,L1,L2,L1,C2_1,D2_1,F2_3,,L3,,,
265662,L3,L1,L1,L3,L3,L2,L1,L2,L1,C2_1,D2_2,F2_1,,L1,,,
265663,L3,L1,L1,L3,L3,L2,L1,L2,L1,C2_1,D2_2,F2_1,,L2,,,
265664,L3,L1,L1,L3,L3,L2,L1,L2,L1,C2_1,D2_2,F2_1,,L3,,,
265665,L3,L1,L1,L3,L3,L2,L1,L2,L1,C2_1,D2_2,F2_2,,L1,,,
265666,L3,L1,L1,L3,L3,L2,L1,L2,L1,C2_1,D2_2,F2_2,,L2,,,
265667,L3,L1,L1,L3,L3,L2,L1,L2,L1,C2_1,D2_2,F2_2,,L3,,,
265668,L3,L1,L1,L3,L3,L2,L1,L2,L1,C2_1,D2_2,F2_3,,L1,,,
265669,L3,L1,L1,L3,L3,L2,L1,L2,L1,C2_1,D2_2,F2_3,,L2,,,
265670,L3,L1,L1,L3,L3,L2,L1,L2,L1,C2_1,D2_2,F2_3,,L3,,,
265671,L3,L1,L1,L3,L3,L2,L1,L2,L1,C2_1,D2_3,F2_1,,L1,,,
265672,L3,L1,L1,L3,L3,L2,L1,L2,L1,C2_1,D2_3,F2_1,,L2,,,
265673,L3,L1,L1,L3,L3,L2,L1,L2,L1,C2_1,D2_3,F2_1,,L3,,,
265674,L3,L1,L1,L3,L3,L2,L1,L2,L1,C2_1,D2_3,F2_2,,L1,,,
265675,L3,L1,L1,L3,L3,L2,L1,L2,L1,C2_1,D2_3,F2_2,,L2,,,
265676,L3,L1,L1,L3,L3,L2,L1,L2,L1,C2_1,D2_3,F2_2,,L3,,,
265677,L3,L1,L1,L3,L3,L2,L1,L2,L1,C2_1,D2_3,F2_3,,L1,,,
265678,L3,L1,L1,L3,L3,L2,L1,L2,L1,C2_1,D2_3,F2_3,,L2,,,
265679,L3,L1,L1,L3,L3,L2,L1,L2,L1,C2_1,D2_3,F2_3,,L3,,,
265680,L3,L1,L1,L3,L3,L2,L1,L2,L1,C2_2,D2_1,F2_1,,L1,,,
265681,L3,L1,L1,L3,L3,L2,L1,L2,L1,C2_2,D2_1,F2_1,,L2,,,
265682,L3,L1,L1,L3,L3,L2,L1,L2,L1,C2_2,D2_1,F2_1,,L3,,,
265683,L3,L1,L1,L3,L3,L2,L1,L2,L1,C2_2,D2_1,F2_2,,L1,,,
265684,L3,L1,L1,L3,L3,L2,L1,L2,L1,C2_2,D2_1,F2_2,,L2,,,
265685,L3,L1,L1,L3,L3,L2,L1,L2,L1,C2_2,D2_1,F2_2,,L3,,,
265686,L3,L1,L1,L3,L3,L2,L1,L2,L1,C2_2,D2_1,F2_3,,L1,,,
265687,L3,L1,L1,L3,L3,L2,L1,L2,L1,C2_2,D2_1,F2_3,,L2,,,
265688,L3,L1,L1,L3,L3,L2,L1,L2,L1,C2_2,D2_1,F2_3,,L3,,,
265689,L3,L1,L1,L3,L3,L2,L1,L2,L1,C2_2,D2_2,F2_1,,L1,,,
265690,L3,L1,L1,L3,L3,L2,L1,L2,L1,C2_2,D2_2,F2_1,,L2,,,
265691,L3,L1,L1,L3,L3,L2,L1,L2,L1,C2_2,D2_2,F2_1,,L3,,,
265692,L3,L1,L1,L3,L3,L2,L1,L2,L1,C2_2,D2_2,F2_2,,L1,,,
265693,L3,L1,L1,L3,L3,L2,L1,L2,L1,C2_2,D2_2,F2_2,,L2,,,
265694,L3,L1,L1,L3,L3,L2,L1,L2,L1,C2_2,D2_2,F2_2,,L3,,,
265695,L3,L1,L1,L3,L3,L2,L1,L2,L1,C2_2,D2_2,F2_3,,L1,,,
265696,L3,L1,L1,L3,L3,L2,L1,L2,L1,C2_2,D2_2,F2_3,,L2,,,
265697,L3,L1,L1,L3,L3,L2,L1,L2,L1,C2_2,D2_2,F2_3,,L3,,,
265698,L3,L1,L1,L3,L3,L2,L1,L2,L1,C2_2,D2_3,F2_1,,L1,,,
265699,L3,L1,L1,L3,L3,L2,L1,L2,L1,C2_2,D2_3,F2_1,,L2,,,
265700,L3,L1,L1,L3,L3,L2,L1,L2,L1,C2_2,D2_3,F2_1,,L3,,,
265701,L3,L1,L1,L3,L3,L2,L1,L2,L1,C2_2,D2_3,F2_2,,L1,,,
265702,L3,L1,L1,L3,L3,L2,L1,L2,L1,C2_2,D2_3,F2_2,,L2,,,
265703,L3,L1,L1,L3,L3,L2,L1,L2,L1,C2_2,D2_3,F2_2,,L3,,,
265704,L3,L1,L1,L3,L3,L2,L1,L2,L1,C2_2,D2_3,F2_3,,L1,,,
265705,L3,L1,L1,L3,L3,L2,L1,L2,L1,C2_2,D2_3,F2_3,,L2,,,
265706,L3,L1,L1,L3,L3,L2,L1,L2,L1,C2_2,D2_3,F2_3,,L3,,,
265707,L3,L1,L1,L3,L3,L2,L1,L2,L1,C2_3,D2_1,F2_1,,L1,,,
265708,L3,L1,L1,L3,L3,L2,L1,L2,L1,C2_3,D2_1,F2_1,,L2,,,
265709,L3,L1,L1,L3,L3,L2,L1,L2,L1,C2_3,D2_1,F2_1,,L3,,,
265710,L3,L1,L1,L3,L3,L2,L1,L2,L1,C2_3,D2_1,F2_2,,L1,,,
265711,L3,L1,L1,L3,L3,L2,L1,L2,L1,C2_3,D2_1,F2_2,,L2,,,
265712,L3,L1,L1,L3,L3,L2,L1,L2,L1,C2_3,D2_1,F2_2,,L3,,,
265713,L3,L1,L1,L3,L3,L2,L1,L2,L1,C2_3,D2_1,F2_3,,L1,,,
265714,L3,L1,L1,L3,L3,L2,L1,L2,L1,C2_3,D2_1,F2_3,,L2,,,
265715,L3,L1,L1,L3,L3,L2,L1,L2,L1,C2_3,D2_1,F2_3,,L3,,,
265716,L3,L1,L1,L3,L3,L2,L1,L2,L1,C2_3,D2_2,F2_1,,L1,,,
265717,L3,L1,L1,L3,L3,L2,L1,L2,L1,C2_3,D2_2,F2_1,,L2,,,
265718,L3,L1,L1,L3,L3,L2,L1,L2,L1,C2_3,D2_2,F2_1,,L3,,,
265719,L3,L1,L1,L3,L3,L2,L1,L2,L1,C2_3,D2_2,F2_2,,L1,,,
265720,L3,L1,L1,L3,L3,L2,L1,L2,L1,C2_3,D2_2,F2_2,,L2,,,
265721,L3,L1,L1,L3,L3,L2,L1,L2,L1,C2_3,D2_2,F2_2,,L3,,,
265722,L3,L1,L1,L3,L3,L2,L1,L2,L1,C2_3,D2_2,F2_3,,L1,,,
265723,L3,L1,L1,L3,L3,L2,L1,L2,L1,C2_3,D2_2,F2_3,,L2,,,
265724,L3,L1,L1,L3,L3,L2,L1,L2,L1,C2_3,D2_2,F2_3,,L3,,,
265725,L3,L1,L1,L3,L3,L2,L1,L2,L1,C2_3,D2_3,F2_1,,L1,,,
265726,L3,L1,L1,L3,L3,L2,L1,L2,L1,C2_3,D2_3,F2_1,,L2,,,
265727,L3,L1,L1,L3,L3,L2,L1,L2,L1,C2_3,D2_3,F2_1,,L3,,,
265728,L3,L1,L1,L3,L3,L2,L1,L2,L1,C2_3,D2_3,F2_2,,L1,,,
265729,L3,L1,L1,L3,L3,L2,L1,L2,L1,C2_3,D2_3,F2_2,,L2,,,
265730,L3,L1,L1,L3,L3,L2,L1,L2,L1,C2_3,D2_3,F2_2,,L3,,,
265731,L3,L1,L1,L3,L3,L2,L1,L2,L1,C2_3,D2_3,F2_3,,L1,,,
265732,L3,L1,L1,L3,L3,L2,L1,L2,L1,C2_3,D2_3,F2_3,,L2,,,
265733,L3,L1,L1,L3,L3,L2,L1,L2,L1,C2_3,D2_3,F2_3,,L3,,,
267111,L3,L2,L2,L1,L3,L2,L1,L2,L1,C2_1,D2_1,F2_1,,L1,,,
267112,L3,L2,L2,L1,L3,L2,L1,L2,L1,C2_1,D2_1,F2_1,,L2,,,
267113,L3,L2,L2,L1,L3,L2,L1,L2,L1,C2_1,D2_1,F2_1,,L3,,,
267114,L3,L2,L2,L1,L3,L2,L1,L2,L1,C2_1,D2_1,F2_2,,L1,,,
267115,L3,L2,L2,L1,L3,L2,L1,L2,L1,C2_1,D2_1,F2_2,,L2,,,
267116,L3,L2,L2,L1,L3,L2,L1,L2,L1,C2_1,D2_1,F2_2,,L3,,,
267117,L3,L2,L2,L1,L3,L2,L1,L2,L1,C2_1,D2_1,F2_3,,L1,,,
267118,L3,L2,L2,L1,L3,L2,L1,L2,L1,C2_1,D2_1,F2_3,,L2,,,
267119,L3,L2,L2,L1,L3,L2,L1,L2,L1,C2_1,D2_1,F2_3,,L3,,,
267120,L3,L2,L2,L1,L3,L2,L1,L2,L1,C2_1,D2_2,F2_1,,L1,,,
267121,L3,L2,L2,L1,L3,L2,L1,L2,L1,C2_1,D2_2,F2_1,,L2,,,
267122,L3,L2,L2,L1,L3,L2,L1,L2,L1,C2_1,D2_2,F2_1,,L3,,,
267123,L3,L2,L2,L1,L3,L2,L1,L2,L1,C2_1,D2_2,F2_2,,L1,,,
267124,L3,L2,L2,L1,L3,L2,L1,L2,L1,C2_1,D2_2,F2_2,,L2,,,
267125,L3,L2,L2,L1,L3,L2,L1,L2,L1,C2_1,D2_2,F2_2,,L3,,,
267126,L3,L2,L2,L1,L3,L2,L1,L2,L1,C2_1,D2_2,F2_3,,L1,,,
267127,L3,L2,L2,L1,L3,L2,L1,L2,L1,C2_1,D2_2,F2_3,,L2,,,
267128,L3,L2,L2,L1,L3,L2,L1,L2,L1,C2_1,D2_2,F2_3,,L3,,,
267129,L3,L2,L2,L1,L3,L2,L1,L2,L1,C2_1,D2_3,F2_1,,L1,,,
267130,L3,L2,L2,L1,L3,L2,L1,L2,L1,C2_1,D2_3,F2_1,,L2,,,
267131,L3,L2,L2,L1,L3,L2,L1,L2,L1,C2_1,D2_3,F2_1,,L3,,,
267132,L3,L2,L2,L1,L3,L2,L1,L2,L1,C2_1,D2_3,F2_2,,L1,,,
267133,L3,L2,L2,L1,L3,L2,L1,L2,L1,C2_1,D2_3,F2_2,,L2,,,
267134,L3,L2,L2,L1,L3,L2,L1,L2,L1,C2_1,D2_3,F2_2,,L3,,,
267135,L3,L2,L2,L1,L3,L2,L1,L2,L1,C2_1,D2_3,F2_3,,L1,,,
267136,L3,L2,L2,L1,L3,L2,L1,L2,L1,C2_1,D2_3,F2_3,,L2,,,
267137,L3,L2,L2,L1,L3,L2,L1,L2,L1,C2_1,D2_3,F2_3,,L3,,,
267138,L3,L2,L2,L1,L3,L2,L1,L2,L1,C2_2,D2_1,F2_1,,L1,,,
267139,L3,L2,L2,L1,L3,L2,L1,L2,L1,C2_2,D2_1,F2_1,,L2,,,
267140,L3,L2,L2,L1,L3,L2,L1,L2,L1,C2_2,D2_1,F2_1,,L3,,,
267141,L3,L2,L2,L1,L3,L2,L1,L2,L1,C2_2,D2_1,F2_2,,L1,,,
267142,L3,L2,L2,L1,L3,L2,L1,L2,L1,C2_2,D2_1,F2_2,,L2,,,
267143,L3,L2,L2,L1,L3,L2,L1,L2,L1,C2_2,D2_1,F2_2,,L3,,,
267144,L3,L2,L2,L1,L3,L2,L1,L2,L1,C2_2,D2_1,F2_3,,L1,,,
267145,L3,L2,L2,L1,L3,L2,L1,L2,L1,C2_2,D2_1,F2_3,,L2,,,
267146,L3,L2,L2,L1,L3,L2,L1,L2,L1,C2_2,D2_1,F2_3,,L3,,,
267147,L3,L2,L2,L1,L3,L2,L1,L2,L1,C2_2,D2_2,F2_1,,L1,,,
267148,L3,L2,L2,L1,L3,L2,L1,L2,L1,C2_2,D2_2,F2_1,,L2,,,
267149,L3,L2,L2,L1,L3,L2,L1,L2,L1,C2_2,D2_2,F2_1,,L3,,,
267150,L3,L2,L2,L1,L3,L2,L1,L2,L1,C2_2,D2_2,F2_2,,L1,,,
267151,L3,L2,L2,L1,L3,L2,L1,L2,L1,C2_2,D2_2,F2_2,,L2,,,
267152,L3,L2,L2,L1,L3,L2,L1,L2,L1,C2_2,D2_2,F2_2,,L3,,,
267153,L3,L2,L2,L1,L3,L2,L1,L2,L1,C2_2,D2_2,F2_3,,L1,,,
267154,L3,L2,L2,L1,L3,L2,L1,L2,L1,C2_2,D2_2,F2_3,,L2,,,
267155,L3,L2,L2,L1,L3,L2,L1,L2,L1,C2_2,D2_2,F2_3,,L3,,,
267156,L3,L2,L2,L1,L3,L2,L1,L2,L1,C2_2,D2_3,F2_1,,L1,,,
267157,L3,L2,L2,L1,L3,L2,L1,L2,L1,C2_2,D2_3,F2_1,,L2,,,
267158,L3,L2,L2,L1,L3,L2,L1,L2,L1,C2_2,D2_3,F2_1,,L3,,,
267159,L3,L2,L2,L1,L3,L2,L1,L2,L1,C2_2,D2_3,F2_2,,L1,,,
267160,L3,L2,L2,L1,L3,L2,L1,L2,L1,C2_2,D2_3,F2_2,,L2,,,
267161,L3,L2,L2,L1,L3,L2,L1,L2,L1,C2_2,D2_3,F2_2,,L3,,,
267162,L3,L2,L2,L1,L3,L2,L1,L2,L1,C2_2,D2_3,F2_3,,L1,,,
267163,L3,L2,L2,L1,L3,L2,L1,L2,L1,C2_2,D2_3,F2_3,,L2,,,
267164,L3,L2,L2,L1,L3,L2,L1,L2,L1,C2_2,D2_3,F2_3,,L3,,,
267165,L3,L2,L2,L1,L3,L2,L1,L2,L1,C2_3,D2_1,F2_1,,L1,,,
267166,L3,L2,L2,L1,L3,L2,L1,L2,L1,C2_3,D2_1,F2_1,,L2,,,
267167,L3,L2,L2,L1,L3,L2,L1,L2,L1,C2_3,D2_1,F2_1,,L3,,,
267168,L3,L2,L2,L1,L3,L2,L1,L2,L1,C2_3,D2_1,F2_2,,L1,,,
267169,L3,L2,L2,L1,L3,L2,L1,L2,L1,C2_3,D2_1,F2_2,,L2,,,
267170,L3,L2,L2,L1,L3,L2,L1,L2,L1,C2_3,D2_1,F2_2,,L3,,,
267171,L3,L2,L2,L1,L3,L2,L1,L2,L1,C2_3,D2_1,F2_3,,L1,,,
267172,L3,L2,L2,L1,L3,L2,L1,L2,L1,C2_3,D2_1,F2_3,,L2,,,
267173,L3,L2,L2,L1,L3,L2,L1,L2,L1,C2_3,D2_1,F2_3,,L3,,,
267174,L3,L2,L2,L1,L3,L2,L1,L2,L1,C2_3,D2_2,F2_1,,L1,,,
267175,L3,L2,L2,L1,L3,L2,L1,L2,L1,C2_3,D2_2,F2_1,,L2,,,
267176,L3,L2,L2,L1,L3,L2,L1,L2,L1,C2_3,D2_2,F2_1,,L3,,,
267177,L3,L2,L2,L1,L3,L2,L1,L2,L1,C2_3,D2_2,F2_2,,L1,,,
267178,L3,L2,L2,L1,L3,L2,L1,L2,L1,C2_3,D2_2,F2_2,,L2,,,
267179,L3,L2,L2,L1,L3,L2,L1,L2,L1,C2_3,D2_2,F2_2,,L3,,,
267180,L3,L2,L2,L1,L3,L2,L1,L2,L1,C2_3,D2_2,F2_3,,L1,,,
267181,L3,L2,L2,L1,L3,L2,L1,L2,L1,C2_3,D2_2,F2_3,,L2,,,
267182,L3,L2,L2,L1,L3,L2,L1,L2,L1,C2_3,D2_2,F2_3,,L3,,,
267183,L3,L2,L2,L1,L3,L2,L1,L2,L1,C2_3,D2_3,F2_1,,L1,,,
267184,L3,L2,L2,L1,L3,L2,L1,L2,L1,C2_3,D2_3,F2_1,,L2,,,
267185,L3,L2,L2,L1,L3,L2,L1,L2,L1,C2_3,D2_3,F2_1,,L3,,,
267186,L3,L2,L2,L1,L3,L2,L1,L2,L1,C2_3,D2_3,F2_2,,L1,,,
267187,L3,L2,L2,L1,L3,L2,L1,L2,L1,C2_3,D2_3,F2_2,,L2,,,
267188,L3,L2,L2,L1,L3,L2,L1,L2,L1,C2_3,D2_3,F2_2,,L3,,,
267189,L3,L2,L2,L1,L3,L2,L1,L2,L1,C2_3,D2_3,F2_3,,L1,,,
267190,L3,L2,L2,L1,L3,L2,L1,L2,L1,C2_3,D2_3,F2_3,,L2,,,
267191,L3,L2,L2,L1,L3,L2,L1,L2,L1,C2_3,D2_3,F2_3,,L3,,,
286929,L2,L3,L1,L3,L2,L2,L1,L2,L1,C2_1,D2_1,F2_1,,L1,,,
286930,L2,L3,L1,L3,L2,L2,L1,L2,L1,C2_1,D2_1,F2_1,,L2,,,
286931,L2,L3,L1,L3,L2,L2,L1,L2,L1,C2_1,D2_1,F2_1,,L3,,,
286932,L2,L3,L1,L3,L2,L2,L1,L2,L1,C2_1,D2_1,F2_2,,L1,,,
286933,L2,L3,L1,L3,L2,L2,L1,L2,L1,C2_1,D2_1,F2_2,,L2,,,
286934,L2,L3,L1,L3,L2,L2,L1,L2,L1,C2_1,D2_1,F2_2,,L3,,,
286935,L2,L3,L1,L3,L2,L2,L1,L2,L1,C2_1,D2_1,F2_3,,L1,,,
286936,L2,L3,L1,L3,L2,L2,L1,L2,L1,C2_1,D2_1,F2_3,,L2,,,
286937,L2,L3,L1,L3,L2,L2,L1,L2,L1,C2_1,D2_1,F2_3,,L3,,,
286938,L2,L3,L1,L3,L2,L2,L1,L2,L1,C2_1,D2_2,F2_1,,L1,,,
286939,L2,L3,L1,L3,L2,L2,L1,L2,L1,C2_1,D2_2,F2_1,,L2,,,
286940,L2,L3,L1,L3,L2,L2,L1,L2,L1,C2_1,D2_2,F2_1,,L3,,,
286941,L2,L3,L1,L3,L2,L2,L1,L2,L1,C2_1,D2_2,F2_2,,L1,,,
286942,L2,L3,L1,L3,L2,L2,L1,L2,L1,C2_1,D2_2,F2_2,,L2,,,
286943,L2,L3,L1,L3,L2,L2,L1,L2,L1,C2_1,D2_2,F2_2,,L3,,,
286944,L2,L3,L1,L3,L2,L2,L1,L2,L1,C2_1,D2_2,F2_3,,L1,,,
286945,L2,L3,L1,L3,L2,L2,L1,L2,L1,C2_1,D2_2,F2_3,,L2,,,
286946,L2,L3,L1,L3,L2,L2,L1,L2,L1,C2_1,D2_2,F2_3,,L3,,,
286947,L2,L3,L1,L3,L2,L2,L1,L2,L1,C2_1,D2_3,F2_1,,L1,,,
286948,L2,L3,L1,L3,L2,L2,L1,L2,L1,C2_1,D2_3,F2_1,,L2,,,
286949,L2,L3,L1,L3,L2,L2,L1,L2,L1,C2_1,D2_3,F2_1,,L3,,,
286950,L2,L3,L1,L3,L2,L2,L1,L2,L1,C2_1,D2_3,F2_2,,L1,,,
286951,L2,L3,L1,L3,L2,L2,L1,L2,L1,C2_1,D2_3,F2_2,,L2,,,
286952,L2,L3,L1,L3,L2,L2,L1,L2,L1,C2_1,D2_3,F2_2,,L3,,,
286953,L2,L3,L1,L3,L2,L2,L1,L2,L1,C2_1,D2_3,F2_3,,L1,,,
286954,L2,L3,L1,L3,L2,L2,L1,L2,L1,C2_1,D2_3,F2_3,,L2,,,
286955,L2,L3,L1,L3,L2,L2,L1,L2,L1,C2_1,D2_3,F2_3,,L3,,,
286956,L2,L3,L1,L3,L2,L2,L1,L2,L1,C2_2,D2_1,F2_1,,L1,,,
286957,L2,L3,L1,L3,L2,L2,L1,L2,L1,C2_2,D2_1,F2_1,,L2,,,
286958,L2,L3,L1,L3,L2,L2,L1,L2,L1,C2_2,D2_1,F2_1,,L3,,,
286959,L2,L3,L1,L3,L2,L2,L1,L2,L1,C2_2,D2_1,F2_2,,L1,,,
286960,L2,L3,L1,L3,L2,L2,L1,L2,L1,C2_2,D2_1,F2_2,,L2,,,
286961,L2,L3,L1,L3,L2,L2,L1,L2,L1,C2_2,D2_1,F2_2,,L3,,,
286962,L2,L3,L1,L3,L2,L2,L1,L2,L1,C2_2,D2_1,F2_3,,L1,,,
286963,L2,L3,L1,L3,L2,L2,L1,L2,L1,C2_2,D2_1,F2_3,,L2,,,
286964,L2,L3,L1,L3,L2,L2,L1,L2,L1,C2_2,D2_1,F2_3,,L3,,,
286965,L2,L3,L1,L3,L2,L2,L1,L2,L1,C2_2,D2_2,F2_1,,L1,,,
286966,L2,L3,L1,L3,L2,L2,L1,L2,L1,C2_2,D2_2,F2_1,,L2,,,
286967,L2,L3,L1,L3,L2,L2,L1,L2,L1,C2_2,D2_2,F2_1,,L3,,,
286968,L2,L3,L1,L3,L2,L2,L1,L2,L1,C2_2,D2_2,F2_2,,L1,,,
286969,L2,L3,L1,L3,L2,L2,L1,L2,L1,C2_2,D2_2,F2_2,,L2,,,
286970,L2,L3,L1,L3,L2,L2,L1,L2,L1,C2_2,D2_2,F2_2,,L3,,,
286971,L2,L3,L1,L3,L2,L2,L1,L2,L1,C2_2,D2_2,F2_3,,L1,,,
286972,L2,L3,L1,L3,L2,L2,L1,L2,L1,C2_2,D2_2,F2_3,,L2,,,
286973,L2,L3,L1,L3,L2,L2,L1,L2,L1,C2_2,D2_2,F2_3,,L3,,,
286974,L2,L3,L1,L3,L2,L2,L1,L2,L1,C2_2,D2_3,F2_1,,L1,,,
286975,L2,L3,L1,L3,L2,L2,L1,L2,L1,C2_2,D2_3,F2_1,,L2,,,
286976,L2,L3,L1,L3,L2,L2,L1,L2,L1,C2_2,D2_3,F2_1,,L3,,,
286977,L2,L3,L1,L3,L2,L2,L1,L2,L1,C2_2,D2_3,F2_2,,L1,,,
286978,L2,L3,L1,L3,L2,L2,L1,L2,L1,C2_2,D2_3,F2_2,,L2,,,
286979,L2,L3,L1,L3,L2,L2,L1,L2,L1,C2_2,D2_3,F2_2,,L3,,,
286980,L2,L3,L1,L3,L2,L2,L1,L2,L1,C2_2,D2_3,F2_3,,L1,,,
286981,L2,L3,L1,L3,L2,L2,L1,L2,L1,C2_2,D2_3,F2_3,,L2,,,
286982,L2,L3,L1,L3,L2,L2,L1,L2,L1,C2_2,D2_3,F2_3,,L3,,,
286983,L2,L3,L1,L3,L2,L2,L1,L2,L1,C2_3,D2_1,F2_1,,L1,,,
286984,L2,L3,L1,L3,L2,L2,L1,L2,L1,C2_3,D2_1,F2_1,,L2,,,
286985,L2,L3,L1,L3,L2,L2,L1,L2,L1,C2_3,D2_1,F2_1,,L3,,,
286986,L2,L3,L1,L3,L2,L2,L1,L2,L1,C2_3,D2_1,F2_2,,L1,,,
286987,L2,L3,L1,L3,L2,L2,L1,L2,L1,C2_3,D2_1,F2_2,,L2,,,
286988,L2,L3,L1,L3,L2,L2,L1,L2,L1,C2_3,D2_1,F2_2,,L3,,,
286989,L2,L3,L1,L3,L2,L2,L1,L2,L1,C2_3,D2_1,F2_3,,L1,,,
286990,L2,L3,L1,L3,L2,L2,L1,L2,L1,C2_3,D2_1,F2_3,,L2,,,
286991,L2,L3,L1,L3,L2,L2,L1,L2,L1,C2_3,D2_1,F2_3,,L3,,,
286992,L2,L3,L1,L3,L2,L2,L1,L2,L1,C2_3,D2_2,F2_1,,L1,,,
286993,L2,L3,L1,L3,L2,L2,L1,L2,L1,C2_3,D2_2,F2_1,,L2,,,
286994,L2,L3,L1,L3,L2,L2,L1,L2,L1,C2_3,D2_2,F2_1,,L3,,,
286995,L2,L3,L1,L3,L2,L2,L1,L2,L1,C2_3,D2_2,F2_2,,L1,,,
286996,L2,L3,L1,L3,L2,L2,L1,L2,L1,C2_3,D2_2,F2_2,,L2,,,
286997,L2,L3,L1,L3,L2,L2,L1,L2,L1,C2_3,D2_2,F2_2,,L3,,,
286998,L2,L3,L1,L3,L2,L2,L1,L2,L1,C2_3,D2_2,F2_3,,L1,,,
286999,L2,L3,L1,L3,L2,L2,L1,L2,L1,C2_3,D2_2,F2_3,,L2,,,
287000,L2,L3,L1,L3,L2,L2,L1,L2,L1,C2_3,D2_2,F2_3,,L3,,,
287001,L2,L3,L1,L3,L2,L2,L1,L2,L1,C2_3,D2_3,F2_1,,L1,,,
287002,L2,L3,L1,L3,L2,L2,L1,L2,L1,C2_3,D2_3,F2_1,,L2,,,
287003,L2,L3,L1,L3,L2,L2,L1,L2,L1,C2_3,D2_3,F2_1,,L3,,,
287004,L2,L3,L1,L3,L2,L2,L1,L2,L1,C2_3,D2_3,F2_2,,L1,,,
287005,L2,L3,L1,L3,L2,L2,L1,L2,L1,C2_3,D2_3,F2_2,,L2,,,
287006,L2,L3,L1,L3,L2,L2,L1,L2,L1,C2_3,D2_3,F2_2,,L3,,,
287007,L2,L3,L1,L3,L2,L2,L1,L2,L1,C2_3,D2_3,F2_3,,L1,,,
287008,L2,L3,L1,L3,L2,L2,L1,L2,L1,C2_3,D2_3,F2_3,,L2,,,
287009,L2,L3,L1,L3,L2,L2,L1,L2,L1,C2_3,D2_3,F2_3,,L3,,,
299295,L3,L3,L1,L2,L3,L2,L1,L2,L1,C2_1,D2_1,F2_1,,L1,,,
299296,L3,L3,L1,L2,L3,L2,L1,L2,L1,C2_1,D2_1,F2_1,,L2,,,
299297,L3,L3,L1,L2,L3,L2,L1,L2,L1,C2_1,D2_1,F2_1,,L3,,,
299298,L3,L3,L1,L2,L3,L2,L1,L2,L1,C2_1,D2_1,F2_2,,L1,,,
299299,L3,L3,L1,L2,L3,L2,L1,L2,L1,C2_1,D2_1,F2_2,,L2,,,
299300,L3,L3,L1,L2,L3,L2,L1,L2,L1,C2_1,D2_1,F2_2,,L3,,,
299301,L3,L3,L1,L2,L3,L2,L1,L2,L1,C2_1,D2_1,F2_3,,L1,,,
299302,L3,L3,L1,L2,L3,L2,L1,L2,L1,C2_1,D2_1,F2_3,,L2,,,
299303,L3,L3,L1,L2,L3,L2,L1,L2,L1,C2_1,D2_1,F2_3,,L3,,,
299304,L3,L3,L1,L2,L3,L2,L1,L2,L1,C2_1,D2_2,F2_1,,L1,,,
299305,L3,L3,L1,L2,L3,L2,L1,L2,L1,C2_1,D2_2,F2_1,,L2,,,
299306,L3,L3,L1,L2,L3,L2,L1,L2,L1,C2_1,D2_2,F2_1,,L3,,,
299307,L3,L3,L1,L2,L3,L2,L1,L2,L1,C2_1,D2_2,F2_2,,L1,,,
299308,L3,L3,L1,L2,L3,L2,L1,L2,L1,C2_1,D2_2,F2_2,,L2,,,
299309,L3,L3,L1,L2,L3,L2,L1,L2,L1,C2_1,D2_2,F2_2,,L3,,,
299310,L3,L3,L1,L2,L3,L2,L1,L2,L1,C2_1,D2_2,F2_3,,L1,,,
299311,L3,L3,L1,L2,L3,L2,L1,L2,L1,C2_1,D2_2,F2_3,,L2,,,
299312,L3,L3,L1,L2,L3,L2,L1,L2,L1,C2_1,D2_2,F2_3,,L3,,,
299313,L3,L3,L1,L2,L3,L2,L1,L2,L1,C2_1,D2_3,F2_1,,L1,,,
299314,L3,L3,L1,L2,L3,L2,L1,L2,L1,C2_1,D2_3,F2_1,,L2,,,
299315,L3,L3,L1,L2,L3,L2,L1,L2,L1,C2_1,D2_3,F2_1,,L3,,,
299316,L3,L3,L1,L2,L3,L2,L1,L2,L1,C2_1,D2_3,F2_2,,L1,,,
299317,L3,L3,L1,L2,L3,L2,L1,L2,L1,C2_1,D2_3,F2_2,,L2,,,
299318,L3,L3,L1,L2,L3,L2,L1,L2,L1,C2_1,D2_3,F2_2,,L3,,,
299319,L3,L3,L1,L2,L3,L2,L1,L2,L1,C2_1,D2_3,F2_3,,L1,,,
299320,L3,L3,L1,L2,L3,L2,L1,L2,L1,C2_1,D2_3,F2_3,,L2,,,
299321,L3,L3,L1,L2,L3,L2,L1,L2,L1,C2_1,D2_3,F2_3,,L3,,,
299322,L3,L3,L1,L2,L3,L2,L1,L2,L1,C2_2,D2_1,F2_1,,L1,,,
299323,L3,L3,L1,L2,L3,L2,L1,L2,L1,C2_2,D2_1,F2_1,,L2,,,
299324,L3,L3,L1,L2,L3,L2,L1,L2,L1,C2_2,D2_1,F2_1,,L3,,,
299325,L3,L3,L1,L2,L3,L2,L1,L2,L1,C2_2,D2_1,F2_2,,L1,,,
299326,L3,L3,L1,L2,L3,L2,L1,L2,L1,C2_2,D2_1,F2_2,,L2,,,
299327,L3,L3,L1,L2,L3,L2,L1,L2,L1,C2_2,D2_1,F2_2,,L3,,,
299328,L3,L3,L1,L2,L3,L2,L1,L2,L1,C2_2,D2_1,F2_3,,L1,,,
299329,L3,L3,L1,L2,L3,L2,L1,L2,L1,C2_2,D2_1,F2_3,,L2,,,
299330,L3,L3,L1,L2,L3,L2,L1,L2,L1,C2_2,D2_1,F2_3,,L3,,,
299331,L3,L3,L1,L2,L3,L2,L1,L2,L1,C2_2,D2_2,F2_1,,L1,,,
299332,L3,L3,L1,L2,L3,L2,L1,L2,L1,C2_2,D2_2,F2_1,,L2,,,
299333,L3,L3,L1,L2,L3,L2,L1,L2,L1,C2_2,D2_2,F2_1,,L3,,,
299334,L3,L3,L1,L2,L3,L2,L1,L2,L1,C2_2,D2_2,F2_2,,L1,,,
299335,L3,L3,L1,L2,L3,L2,L1,L2,L1,C2_2,D2_2,F2_2,,L2,,,
299336,L3,L3,L1,L2,L3,L2,L1,L2,L1,C2_2,D2_2,F2_2,,L3,,,
299337,L3,L3,L1,L2,L3,L2,L1,L2,L1,C2_2,D2_2,F2_3,,L1,,,
299338,L3,L3,L1,L2,L3,L2,L1,L2,L1,C2_2,D2_2,F2_3,,L2,,,
299339,L3,L3,L1,L2,L3,L2,L1,L2,L1,C2_2,D2_2,F2_3,,L3,,,
299340,L3,L3,L1,L2,L3,L2,L1,L2,L1,C2_2,D2_3,F2_1,,L1,,,
299341,L3,L3,L1,L2,L3,L2,L1,L2,L1,C2_2,D2_3,F2_1,,L2,,,
299342,L3,L3,L1,L2,L3,L2,L1,L2,L1,C2_2,D2_3,F2_1,,L3,,,
299343,L3,L3,L1,L2,L3,L2,L1,L2,L1,C2_2,D2_3,F2_2,,L1,,,
299344,L3,L3,L1,L2,L3,L2,L1,L2,L1,C2_2,D2_3,F2_2,,L2,,,
299345,L3,L3,L1,L2,L3,L2,L1,L2,L1,C2_2,D2_3,F2_2,,L3,,,
299346,L3,L3,L1,L2,L3,L2,L1,L2,L1,C2_2,D2_3,F2_3,,L1,,,
299347,L3,L3,L1,L2,L3,L2,L1,L2,L1,C2_2,D2_3,F2_3,,L2,,,
299348,L3,L3,L1,L2,L3,L2,L1,L2,L1,C2_2,D2_3,F2_3,,L3,,,
299349,L3,L3,L1,L2,L3,L2,L1,L2,L1,C2_3,D2_1,F2_1,,L1,,,
299350,L3,L3,L1,L2,L3,L2,L1,L2,L1,C2_3,D2_1,F2_1,,L2,,,
299351,L3,L3,L1,L2,L3,L2,L1,L2,L1,C2_3,D2_1,F2_1,,L3,,,
299352,L3,L3,L1,L2,L3,L2,L1,L2,L1,C2_3,D2_1,F2_2,,L1,,,
299353,L3,L3,L1,L2,L3,L2,L1,L2,L1,C2_3,D2_1,F2_2,,L2,,,
299354,L3,L3,L1,L2,L3,L2,L1,L2,L1,C2_3,D2_1,F2_2,,L3,,,
299355,L3,L3,L1,L2,L3,L2,L1,L2,L1,C2_3,D2_1,F2_3,,L1,,,
299356,L3,L3,L1,L2,L3,L2,L1,L2,L1,C2_3,D2_1,F2_3,,L2,,,
299357,L3,L3,L1,L2,L3,L2,L1,L2,L1,C2_3,D2_1,F2_3,,L3,,,
299358,L3,L3,L1,L2,L3,L2,L1,L2,L1,C2_3,D2_2,F2_1,,L1,,,
299359,L3,L3,L1,L2,L3,L2,L1,L2,L1,C2_3,D2_2,F2_1,,L2,,,
299360,L3,L3,L1,L2,L3,L2,L1,L2,L1,C2_3,D2_2,F2_1,,L3,,,
299361,L3,L3,L1,L2,L3,L2,L1,L2,L1,C2_3,D2_2,F2_2,,L1,,,
299362,L3,L3,L1,L2,L3,L2,L1,L2,L1,C2_3,D2_2,F2_2,,L2,,,
299363,L3,L3,L1,L2,L3,L2,L1,L2,L1,C2_3,D2_2,F2_2,,L3,,,
299364,L3,L3,L1,L2,L3,L2,L1,L2,L1,C2_3,D2_2,F2_3,,L1,,,
299365,L3,L3,L1,L2,L3,L2,L1,L2,L1,C2_3,D2_2,F2_3,,L2,,,
299366,L3,L3,L1,L2,L3,L2,L1,L2,L1,C2_3,D2_2,F2_3,,L3,,,
299367,L3,L3,L1,L2,L3,L2,L1,L2,L1,C2_3,D2_3,F2_1,,L1,,,
299368,L3,L3,L1,L2,L3,L2,L1,L2,L1,C2_3,D2_3,F2_1,,L2,,,
299369,L3,L3,L1,L2,L3,L2,L1,L2,L1,C2_3,D2_3,F2_1,,L3,,,
299370,L3,L3,L1,L2,L3,L2,L1,L2,L1,C2_3,D2_3,F2_2,,L1,,,
299371,L3,L3,L1,L2,L3,L2,L1,L2,L1,C2_3,D2_3,F2_2,,L2,,,
299372,L3,L3,L1,L2,L3,L2,L1,L2,L1,C2_3,D2_3,F2_2,,L3,,,
299373,L3,L3,L1,L2,L3,L2,L1,L2,L1,C2_3,D2_3,F2_3,,L1,,,
299374,L3,L3,L1,L2,L3,L2,L1,L2,L1,C2_3,D2_3,F2_3,,L2,,,
299375,L3,L3,L1,L2,L3,L2,L1,L2,L1,C2_3,D2_3,F2_3,,L3,,,
307260,L3,L1,L3,L1,L1,L2,L1,L2,L1,C2_1,D2_1,F2_1,,L1,,,
307261,L3,L1,L3,L1,L1,L2,L1,L2,L1,C2_1,D2_1,F2_1,,L2,,,
307262,L3,L1,L3,L1,L1,L2,L1,L2,L1,C2_1,D2_1,F2_1,,L3,,,
307263,L3,L1,L3,L1,L1,L2,L1,L2,L1,C2_1,D2_1,F2_2,,L1,,,
307264,L3,L1,L3,L1,L1,L2,L1,L2,L1,C2_1,D2_1,F2_2,,L2,,,
307265,L3,L1,L3,L1,L1,L2,L1,L2,L1,C2_1,D2_1,F2_2,,L3,,,
307266,L3,L1,L3,L1,L1,L2,L1,L2,L1,C2_1,D2_1,F2_3,,L1,,,
307267,L3,L1,L3,L1,L1,L2,L1,L2,L1,C2_1,D2_1,F2_3,,L2,,,
307268,L3,L1,L3,L1,L1,L2,L1,L2,L1,C2_1,D2_1,F2_3,,L3,,,
307269,L3,L1,L3,L1,L1,L2,L1,L2,L1,C2_1,D2_2,F2_1,,L1,,,
307270,L3,L1,L3,L1,L1,L2,L1,L2,L1,C2_1,D2_2,F2_1,,L2,,,
307271,L3,L1,L3,L1,L1,L2,L1,L2,L1,C2_1,D2_2,F2_1,,L3,,,
307272,L3,L1,L3,L1,L1,L2,L1,L2,L1,C2_1,D2_2,F2_2,,L1,,,
307273,L3,L1,L3,L1,L1,L2,L1,L2,L1,C2_1,D2_2,F2_2,,L2,,,
307274,L3,L1,L3,L1,L1,L2,L1,L2,L1,C2_1,D2_2,F2_2,,L3,,,
307275,L3,L1,L3,L1,L1,L2,L1,L2,L1,C2_1,D2_2,F2_3,,L1,,,
307276,L3,L1,L3,L1,L1,L2,L1,L2,L1,C2_1,D2_2,F2_3,,L2,,,
307277,L3,L1,L3,L1,L1,L2,L1,L2,L1,C2_1,D2_2,F2_3,,L3,,,
307278,L3,L1,L3,L1,L1,L2,L1,L2,L1,C2_1,D2_3,F2_1,,L1,,,
307279,L3,L1,L3,L1,L1,L2,L1,L2,L1,C2_1,D2_3,F2_1,,L2,,,
307280,L3,L1,L3,L1,L1,L2,L1,L2,L1,C2_1,D2_3,F2_1,,L3,,,
307281,L3,L1,L3,L1,L1,L2,L1,L2,L1,C2_1,D2_3,F2_2,,L1,,,
307282,L3,L1,L3,L1,L1,L2,L1,L2,L1,C2_1,D2_3,F2_2,,L2,,,
307283,L3,L1,L3,L1,L1,L2,L1,L2,L1,C2_1,D2_3,F2_2,,L3,,,
307284,L3,L1,L3,L1,L1,L2,L1,L2,L1,C2_1,D2_3,F2_3,,L1,,,
307285,L3,L1,L3,L1,L1,L2,L1,L2,L1,C2_1,D2_3,F2_3,,L2,,,
307286,L3,L1,L3,L1,L1,L2,L1,L2,L1,C2_1,D2_3,F2_3,,L3,,,
307287,L3,L1,L3,L1,L1,L2,L1,L2,L1,C2_2,D2_1,F2_1,,L1,,,
307288,L3,L1,L3,L1,L1,L2,L1,L2,L1,C2_2,D2_1,F2_1,,L2,,,
307289,L3,L1,L3,L1,L1,L2,L1,L2,L1,C2_2,D2_1,F2_1,,L3,,,
307290,L3,L1,L3,L1,L1,L2,L1,L2,L1,C2_2,D2_1,F2_2,,L1,,,
307291,L3,L1,L3,L1,L1,L2,L1,L2,L1,C2_2,D2_1,F2_2,,L2,,,
307292,L3,L1,L3,L1,L1,L2,L1,L2,L1,C2_2,D2_1,F2_2,,L3,,,
307293,L3,L1,L3,L1,L1,L2,L1,L2,L1,C2_2,D2_1,F2_3,,L1,,,
307294,L3,L1,L3,L1,L1,L2,L1,L2,L1,C2_2,D2_1,F2_3,,L2,,,
307295,L3,L1,L3,L1,L1,L2,L1,L2,L1,C2_2,D2_1,F2_3,,L3,,,
307296,L3,L1,L3,L1,L1,L2,L1,L2,L1,C2_2,D2_2,F2_1,,L1,,,
307297,L3,L1,L3,L1,L1,L2,L1,L2,L1,C2_2,D2_2,F2_1,,L2,,,
307298,L3,L1,L3,L1,L1,L2,L1,L2,L1,C2_2,D2_2,F2_1,,L3,,,
307299,L3,L1,L3,L1,L1,L2,L1,L2,L1,C2_2,D2_2,F2_2,,L1,,,
307300,L3,L1,L3,L1,L1,L2,L1,L2,L1,C2_2,D2_2,F2_2,,L2,,,
307301,L3,L1,L3,L1,L1,L2,L1,L2,L1,C2_2,D2_2,F2_2,,L3,,,
307302,L3,L1,L3,L1,L1,L2,L1,L2,L1,C2_2,D2_2,F2_3,,L1,,,
307303,L3,L1,L3,L1,L1,L2,L1,L2,L1,C2_2,D2_2,F2_3,,L2,,,
307304,L3,L1,L3,L1,L1,L2,L1,L2,L1,C2_2,D2_2,F2_3,,L3,,,
307305,L3,L1,L3,L1,L1,L2,L1,L2,L1,C2_2,D2_3,F2_1,,L1,,,
307306,L3,L1,L3,L1,L1,L2,L1,L2,L1,C2_2,D2_3,F2_1,,L2,,,
307307,L3,L1,L3,L1,L1,L2,L1,L2,L1,C2_2,D2_3,F2_1,,L3,,,
307308,L3,L1,L3,L1,L1,L2,L1,L2,L1,C2_2,D2_3,F2_2,,L1,,,
307309,L3,L1,L3,L1,L1,L2,L1,L2,L1,C2_2,D2_3,F2_2,,L2,,,
307310,L3,L1,L3,L1,L1,L2,L1,L2,L1,C2_2,D2_3,F2_2,,L3,,,
307311,L3,L1,L3,L1,L1,L2,L1,L2,L1,C2_2,D2_3,F2_3,,L1,,,
307312,L3,L1,L3,L1,L1,L2,L1,L2,L1,C2_2,D2_3,F2_3,,L2,,,
307313,L3,L1,L3,L1,L1,L2,L1,L2,L1,C2_2,D2_3,F2_3,,L3,,,
307314,L3,L1,L3,L1,L1,L2,L1,L2,L1,C2_3,D2_1,F2_1,,L1,,,
307315,L3,L1,L3,L1,L1,L2,L1,L2,L1,C2_3,D2_1,F2_1,,L2,,,
307316,L3,L1,L3,L1,L1,L2,L1,L2,L1,C2_3,D2_1,F2_1,,L3,,,
307317,L3,L1,L3,L1,L1,L2,L1,L2,L1,C2_3,D2_1,F2_2,,L1,,,
307318,L3,L1,L3,L1,L1,L2,L1,L2,L1,C2_3,D2_1,F2_2,,L2,,,
307319,L3,L1,L3,L1,L1,L2,L1,L2,L1,C2_3,D2_1,F2_2,,L3,,,
307320,L3,L1,L3,L1,L1,L2,L1,L2,L1,C2_3,D2_1,F2_3,,L1,,,
307321,L3,L1,L3,L1,L1,L2,L1,L2,L1,C2_3,D2_1,F2_3,,L2,,,
307322,L3,L1,L3,L1,L1,L2,L1,L2,L1,C2_3,D2_1,F2_3,,L3,,,
307323,L3,L1,L3,L1,L1,L2,L1,L2,L1,C2_3,D2_2,F2_1,,L1,,,
307324,L3,L1,L3,L1,L1,L2,L1,L2,L1,C2_3,D2_2,F2_1,,L2,,,
307325,L3,L1,L3,L1,L1,L2,L1,L2,L1,C2_3,D2_2,F2_1,,L3,,,
307326,L3,L1,L3,L1,L1,L2,L1,L2,L1,C2_3,D2_2,F2_2,,L1,,,
307327,L3,L1,L3,L1,L1,L2,L1,L2,L1,C2_3,D2_2,F2_2,,L2,,,
307328,L3,L1,L3,L1,L1,L2,L1,L2,L1,C2_3,D2_2,F2_2,,L3,,,
307329,L3,L1,L3,L1,L1,L2,L1,L2,L1,C2_3,D2_2,F2_3,,L1,,,
307330,L3,L1,L3,L1,L1,L2,L1,L2,L1,C2_3,D2_2,F2_3,,L2,,,
307331,L3,L1,L3,L1,L1,L2,L1,L2,L1,C2_3,D2_2,F2_3,,L3,,,
307332,L3,L1,L3,L1,L1,L2,L1,L2,L1,C2_3,D2_3,F2_1,,L1,,,
307333,L3,L1,L3,L1,L1,L2,L1,L2,L1,C2_3,D2_3,F2_1,,L2,,,
307334,L3,L1,L3,L1,L1,L2,L1,L2,L1,C2_3,D2_3,F2_1,,L3,,,
307335,L3,L1,L3,L1,L1,L2,L1,L2,L1,C2_3,D2_3,F2_2,,L1,,,
307336,L3,L1,L3,L1,L1,L2,L1,L2,L1,C2_3,D2_3,F2_2,,L2,,,
307337,L3,L1,L3,L1,L1,L2,L1,L2,L1,C2_3,D2_3,F2_2,,L3,,,
307338,L3,L1,L3,L1,L1,L2,L1,L2,L1,C2_3,D2_3,F2_3,,L1,,,
307339,L3,L1,L3,L1,L1,L2,L1,L2,L1,C2_3,D2_3,F2_3,,L2,,,
307340,L3,L1,L3,L1,L1,L2,L1,L2,L1,C2_3,D2_3,F2_3,,L3,,,
335556,L2,L2,L1,L2,L3,L2,L1,L2,L1,C2_1,D2_1,F2_1,,L1,,,
335557,L2,L2,L1,L2,L3,L2,L1,L2,L1,C2_1,D2_1,F2_1,,L2,,,
335558,L2,L2,L1,L2,L3,L2,L1,L2,L1,C2_1,D2_1,F2_1,,L3,,,
335559,L2,L2,L1,L2,L3,L2,L1,L2,L1,C2_1,D2_1,F2_2,,L1,,,
335560,L2,L2,L1,L2,L3,L2,L1,L2,L1,C2_1,D2_1,F2_2,,L2,,,
335561,L2,L2,L1,L2,L3,L2,L1,L2,L1,C2_1,D2_1,F2_2,,L3,,,
335562,L2,L2,L1,L2,L3,L2,L1,L2,L1,C2_1,D2_1,F2_3,,L1,,,
335563,L2,L2,L1,L2,L3,L2,L1,L2,L1,C2_1,D2_1,F2_3,,L2,,,
335564,L2,L2,L1,L2,L3,L2,L1,L2,L1,C2_1,D2_1,F2_3,,L3,,,
335565,L2,L2,L1,L2,L3,L2,L1,L2,L1,C2_1,D2_2,F2_1,,L1,,,
335566,L2,L2,L1,L2,L3,L2,L1,L2,L1,C2_1,D2_2,F2_1,,L2,,,
335567,L2,L2,L1,L2,L3,L2,L1,L2,L1,C2_1,D2_2,F2_1,,L3,,,
335568,L2,L2,L1,L2,L3,L2,L1,L2,L1,C2_1,D2_2,F2_2,,L1,,,
335569,L2,L2,L1,L2,L3,L2,L1,L2,L1,C2_1,D2_2,F2_2,,L2,,,
335570,L2,L2,L1,L2,L3,L2,L1,L2,L1,C2_1,D2_2,F2_2,,L3,,,
335571,L2,L2,L1,L2,L3,L2,L1,L2,L1,C2_1,D2_2,F2_3,,L1,,,
335572,L2,L2,L1,L2,L3,L2,L1,L2,L1,C2_1,D2_2,F2_3,,L2,,,
335573,L2,L2,L1,L2,L3,L2,L1,L2,L1,C2_1,D2_2,F2_3,,L3,,,
335574,L2,L2,L1,L2,L3,L2,L1,L2,L1,C2_1,D2_3,F2_1,,L1,,,
335575,L2,L2,L1,L2,L3,L2,L1,L2,L1,C2_1,D2_3,F2_1,,L2,,,
335576,L2,L2,L1,L2,L3,L2,L1,L2,L1,C2_1,D2_3,F2_1,,L3,,,
335577,L2,L2,L1,L2,L3,L2,L1,L2,L1,C2_1,D2_3,F2_2,,L1,,,
335578,L2,L2,L1,L2,L3,L2,L1,L2,L1,C2_1,D2_3,F2_2,,L2,,,
335579,L2,L2,L1,L2,L3,L2,L1,L2,L1,C2_1,D2_3,F2_2,,L3,,,
335580,L2,L2,L1,L2,L3,L2,L1,L2,L1,C2_1,D2_3,F2_3,,L1,,,
335581,L2,L2,L1,L2,L3,L2,L1,L2,L1,C2_1,D2_3,F2_3,,L2,,,
335582,L2,L2,L1,L2,L3,L2,L1,L2,L1,C2_1,D2_3,F2_3,,L3,,,
335583,L2,L2,L1,L2,L3,L2,L1,L2,L1,C2_2,D2_1,F2_1,,L1,,,
335584,L2,L2,L1,L2,L3,L2,L1,L2,L1,C2_2,D2_1,F2_1,,L2,,,
335585,L2,L2,L1,L2,L3,L2,L1,L2,L1,C2_2,D2_1,F2_1,,L3,,,
335586,L2,L2,L1,L2,L3,L2,L1,L2,L1,C2_2,D2_1,F2_2,,L1,,,
335587,L2,L2,L1,L2,L3,L2,L1,L2,L1,C2_2,D2_1,F2_2,,L2,,,
335588,L2,L2,L1,L2,L3,L2,L1,L2,L1,C2_2,D2_1,F2_2,,L3,,,
335589,L2,L2,L1,L2,L3,L2,L1,L2,L1,C2_2,D2_1,F2_3,,L1,,,
335590,L2,L2,L1,L2,L3,L2,L1,L2,L1,C2_2,D2_1,F2_3,,L2,,,
335591,L2,L2,L1,L2,L3,L2,L1,L2,L1,C2_2,D2_1,F2_3,,L3,,,
335592,L2,L2,L1,L2,L3,L2,L1,L2,L1,C2_2,D2_2,F2_1,,L1,,,
335593,L2,L2,L1,L2,L3,L2,L1,L2,L1,C2_2,D2_2,F2_1,,L2,,,
335594,L2,L2,L1,L2,L3,L2,L1,L2,L1,C2_2,D2_2,F2_1,,L3,,,
335595,L2,L2,L1,L2,L3,L2,L1,L2,L1,C2_2,D2_2,F2_2,,L1,,,
335596,L2,L2,L1,L2,L3,L2,L1,L2,L1,C2_2,D2_2,F2_2,,L2,,,
335597,L2,L2,L1,L2,L3,L2,L1,L2,L1,C2_2,D2_2,F2_2,,L3,,,
335598,L2,L2,L1,L2,L3,L2,L1,L2,L1,C2_2,D2_2,F2_3,,L1,,,
335599,L2,L2,L1,L2,L3,L2,L1,L2,L1,C2_2,D2_2,F2_3,,L2,,,
335600,L2,L2,L1,L2,L3,L2,L1,L2,L1,C2_2,D2_2,F2_3,,L3,,,
335601,L2,L2,L1,L2,L3,L2,L1,L2,L1,C2_2,D2_3,F2_1,,L1,,,
335602,L2,L2,L1,L2,L3,L2,L1,L2,L1,C2_2,D2_3,F2_1,,L2,,,
335603,L2,L2,L1,L2,L3,L2,L1,L2,L1,C2_2,D2_3,F2_1,,L3,,,
335604,L2,L2,L1,L2,L3,L2,L1,L2,L1,C2_2,D2_3,F2_2,,L1,,,
335605,L2,L2,L1,L2,L3,L2,L1,L2,L1,C2_2,D2_3,F2_2,,L2,,,
335606,L2,L2,L1,L2,L3,L2,L1,L2,L1,C2_2,D2_3,F2_2,,L3,,,
335607,L2,L2,L1,L2,L3,L2,L1,L2,L1,C2_2,D2_3,F2_3,,L1,,,
335608,L2,L2,L1,L2,L3,L2,L1,L2,L1,C2_2,D2_3,F2_3,,L2,,,
335609,L2,L2,L1,L2,L3,L2,L1,L2,L1,C2_2,D2_3,F2_3,,L3,,,
335610,L2,L2,L1,L2,L3,L2,L1,L2,L1,C2_3,D2_1,F2_1,,L1,,,
335611,L2,L2,L1,L2,L3,L2,L1,L2,L1,C2_3,D2_1,F2_1,,L2,,,
335612,L2,L2,L1,L2,L3,L2,L1,L2,L1,C2_3,D2_1,F2_1,,L3,,,
335613,L2,L2,L1,L2,L3,L2,L1,L2,L1,C2_3,D2_1,F2_2,,L1,,,
335614,L2,L2,L1,L2,L3,L2,L1,L2,L1,C2_3,D2_1,F2_2,,L2,,,
335615,L2,L2,L1,L2,L3,L2,L1,L2,L1,C2_3,D2_1,F2_2,,L3,,,
335616,L2,L2,L1,L2,L3,L2,L1,L2,L1,C2_3,D2_1,F2_3,,L1,,,
335617,L2,L2,L1,L2,L3,L2,L1,L2,L1,C2_3,D2_1,F2_3,,L2,,,
335618,L2,L2,L1,L2,L3,L2,L1,L2,L1,C2_3,D2_1,F2_3,,L3,,,
335619,L2,L2,L1,L2,L3,L2,L1,L2,L1,C2_3,D2_2,F2_1,,L1,,,
335620,L2,L2,L1,L2,L3,L2,L1,L2,L1,C2_3,D2_2,F2_1,,L2,,,
335621,L2,L2,L1,L2,L3,L2,L1,L2,L1,C2_3,D2_2,F2_1,,L3,,,
335622,L2,L2,L1,L2,L3,L2,L1,L2,L1,C2_3,D2_2,F2_2,,L1,,,
335623,L2,L2,L1,L2,L3,L2,L1,L2,L1,C2_3,D2_2,F2_2,,L2,,,
335624,L2,L2,L1,L2,L3,L2,L1,L2,L1,C2_3,D2_2,F2_2,,L3,,,
335625,L2,L2,L1,L2,L3,L2,L1,L2,L1,C2_3,D2_2,F2_3,,L1,,,
335626,L2,L2,L1,L2,L3,L2,L1,L2,L1,C2_3,D2_2,F2_3,,L2,,,
335627,L2,L2,L1,L2,L3,L2,L1,L2,L1,C2_3,D2_2,F2_3,,L3,,,
335628,L2,L2,L1,L2,L3,L2,L1,L2,L1,C2_3,D2_3,F2_1,,L1,,,
335629,L2,L2,L1,L2,L3,L2,L1,L2,L1,C2_3,D2_3,F2_1,,L2,,,
335630,L2,L2,L1,L2,L3,L2,L1,L2,L1,C2_3,D2_3,F2_1,,L3,,,
335631,L2,L2,L1,L2,L3,L2,L1,L2,L1,C2_3,D2_3,F2_2,,L1,,,
335632,L2,L2,L1,L2,L3,L2,L1,L2,L1,C2_3,D2_3,F2_2,,L2,,,
335633,L2,L2,L1,L2,L3,L2,L1,L2,L1,C2_3,D2_3,F2_2,,L3,,,
335634,L2,L2,L1,L2,L3,L2,L1,L2,L1,C2_3,D2_3,F2_3,,L1,,,
335635,L2,L2,L1,L2,L3,L2,L1,L2,L1,C2_3,D2_3,F2_3,,L2,,,
335636,L2,L2,L1,L2,L3,L2,L1,L2,L1,C2_3,D2_3,F2_3,,L3,,,
345843,L3,L3,L2,L3,L1,L2,L1,L2,L1,C2_1,D2_1,F2_1,,L1,,,
345844,L3,L3,L2,L3,L1,L2,L1,L2,L1,C2_1,D2_1,F2_1,,L2,,,
345845,L3,L3,L2,L3,L1,L2,L1,L2,L1,C2_1,D2_1,F2_1,,L3,,,
345846,L3,L3,L2,L3,L1,L2,L1,L2,L1,C2_1,D2_1,F2_2,,L1,,,
345847,L3,L3,L2,L3,L1,L2,L1,L2,L1,C2_1,D2_1,F2_2,,L2,,,
345848,L3,L3,L2,L3,L1,L2,L1,L2,L1,C2_1,D2_1,F2_2,,L3,,,
345849,L3,L3,L2,L3,L1,L2,L1,L2,L1,C2_1,D2_1,F2_3,,L1,,,
345850,L3,L3,L2,L3,L1,L2,L1,L2,L1,C2_1,D2_1,F2_3,,L2,,,
345851,L3,L3,L2,L3,L1,L2,L1,L2,L1,C2_1,D2_1,F2_3,,L3,,,
345852,L3,L3,L2,L3,L1,L2,L1,L2,L1,C2_1,D2_2,F2_1,,L1,,,
345853,L3,L3,L2,L3,L1,L2,L1,L2,L1,C2_1,D2_2,F2_1,,L2,,,
345854,L3,L3,L2,L3,L1,L2,L1,L2,L1,C2_1,D2_2,F2_1,,L3,,,
345855,L3,L3,L2,L3,L1,L2,L1,L2,L1,C2_1,D2_2,F2_2,,L1,,,
345856,L3,L3,L2,L3,L1,L2,L1,L2,L1,C2_1,D2_2,F2_2,,L2,,,
345857,L3,L3,L2,L3,L1,L2,L1,L2,L1,C2_1,D2_2,F2_2,,L3,,,
345858,L3,L3,L2,L3,L1,L2,L1,L2,L1,C2_1,D2_2,F2_3,,L1,,,
345859,L3,L3,L2,L3,L1,L2,L1,L2,L1,C2_1,D2_2,F2_3,,L2,,,
345860,L3,L3,L2,L3,L1,L2,L1,L2,L1,C2_1,D2_2,F2_3,,L3,,,
345861,L3,L3,L2,L3,L1,L2,L1,L2,L1,C2_1,D2_3,F2_1,,L1,,,
345862,L3,L3,L2,L3,L1,L2,L1,L2,L1,C2_1,D2_3,F2_1,,L2,,,
345863,L3,L3,L2,L3,L1,L2,L1,L2,L1,C2_1,D2_3,F2_1,,L3,,,
345864,L3,L3,L2,L3,L1,L2,L1,L2,L1,C2_1,D2_3,F2_2,,L1,,,
345865,L3,L3,L2,L3,L1,L2,L1,L2,L1,C2_1,D2_3,F2_2,,L2,,,
345866,L3,L3,L2,L3,L1,L2,L1,L2,L1,C2_1,D2_3,F2_2,,L3,,,
345867,L3,L3,L2,L3,L1,L2,L1,L2,L1,C2_1,D2_3,F2_3,,L1,,,
345868,L3,L3,L2,L3,L1,L2,L1,L2,L1,C2_1,D2_3,F2_3,,L2,,,
345869,L3,L3,L2,L3,L1,L2,L1,L2,L1,C2_1,D2_3,F2_3,,L3,,,
345870,L3,L3,L2,L3,L1,L2,L1,L2,L1,C2_2,D2_1,F2_1,,L1,,,
345871,L3,L3,L2,L3,L1,L2,L1,L2,L1,C2_2,D2_1,F2_1,,L2,,,
345872,L3,L3,L2,L3,L1,L2,L1,L2,L1,C2_2,D2_1,F2_1,,L3,,,
345873,L3,L3,L2,L3,L1,L2,L1,L2,L1,C2_2,D2_1,F2_2,,L1,,,
345874,L3,L3,L2,L3,L1,L2,L1,L2,L1,C2_2,D2_1,F2_2,,L2,,,
345875,L3,L3,L2,L3,L1,L2,L1,L2,L1,C2_2,D2_1,F2_2,,L3,,,
345876,L3,L3,L2,L3,L1,L2,L1,L2,L1,C2_2,D2_1,F2_3,,L1,,,
345877,L3,L3,L2,L3,L1,L2,L1,L2,L1,C2_2,D2_1,F2_3,,L2,,,
345878,L3,L3,L2,L3,L1,L2,L1,L2,L1,C2_2,D2_1,F2_3,,L3,,,
345879,L3,L3,L2,L3,L1,L2,L1,L2,L1,C2_2,D2_2,F2_1,,L1,,,
345880,L3,L3,L2,L3,L1,L2,L1,L2,L1,C2_2,D2_2,F2_1,,L2,,,
345881,L3,L3,L2,L3,L1,L2,L1,L2,L1,C2_2,D2_2,F2_1,,L3,,,
345882,L3,L3,L2,L3,L1,L2,L1,L2,L1,C2_2,D2_2,F2_2,,L1,,,
345883,L3,L3,L2,L3,L1,L2,L1,L2,L1,C2_2,D2_2,F2_2,,L2,,,
345884,L3,L3,L2,L3,L1,L2,L1,L2,L1,C2_2,D2_2,F2_2,,L3,,,
345885,L3,L3,L2,L3,L1,L2,L1,L2,L1,C2_2,D2_2,F2_3,,L1,,,
345886,L3,L3,L2,L3,L1,L2,L1,L2,L1,C2_2,D2_2,F2_3,,L2,,,
345887,L3,L3,L2,L3,L1,L2,L1,L2,L1,C2_2,D2_2,F2_3,,L3,,,
345888,L3,L3,L2,L3,L1,L2,L1,L2,L1,C2_2,D2_3,F2_1,,L1,,,
345889,L3,L3,L2,L3,L1,L2,L1,L2,L1,C2_2,D2_3,F2_1,,L2,,,
345890,L3,L3,L2,L3,L1,L2,L1,L2,L1,C2_2,D2_3,F2_1,,L3,,,
345891,L3,L3,L2,L3,L1,L2,L1,L2,L1,C2_2,D2_3,F2_2,,L1,,,
345892,L3,L3,L2,L3,L1,L2,L1,L2,L1,C2_2,D2_3,F2_2,,L2,,,
345893,L3,L3,L2,L3,L1,L2,L1,L2,L1,C2_2,D2_3,F2_2,,L3,,,
345894,L3,L3,L2,L3,L1,L2,L1,L2,L1,C2_2,D2_3,F2_3,,L1,,,
345895,L3,L3,L2,L3,L1,L2,L1,L2,L1,C2_2,D2_3,F2_3,,L2,,,
345896,L3,L3,L2,L3,L1,L2,L1,L2,L1,C2_2,D2_3,F2_3,,L3,,,
345897,L3,L3,L2,L3,L1,L2,L1,L2,L1,C2_3,D2_1,F2_1,,L1,,,
345898,L3,L3,L2,L3,L1,L2,L1,L2,L1,C2_3,D2_1,F2_1,,L2,,,
345899,L3,L3,L2,L3,L1,L2,L1,L2,L1,C2_3,D2_1,F2_1,,L3,,,
345900,L3,L3,L2,L3,L1,L2,L1,L2,L1,C2_3,D2_1,F2_2,,L1,,,
345901,L3,L3,L2,L3,L1,L2,L1,L2,L1,C2_3,D2_1,F2_2,,L2,,,
345902,L3,L3,L2,L3,L1,L2,L1,L2,L1,C2_3,D2_1,F2_2,,L3,,,
345903,L3,L3,L2,L3,L1,L2,L1,L2,L1,C2_3,D2_1,F2_3,,L1,,,
345904,L3,L3,L2,L3,L1,L2,L1,L2,L1,C2_3,D2_1,F2_3,,L2,,,
345905,L3,L3,L2,L3,L1,L2,L1,L2,L1,C2_3,D2_1,F2_3,,L3,,,
345906,L3,L3,L2,L3,L1,L2,L1,L2,L1,C2_3,D2_2,F2_1,,L1,,,
345907,L3,L3,L2,L3,L1,L2,L1,L2,L1,C2_3,D2_2,F2_1,,L2,,,
345908,L3,L3,L2,L3,L1,L2,L1,L2,L1,C2_3,D2_2,F2_1,,L3,,,
345909,L3,L3,L2,L3,L1,L2,L1,L2,L1,C2_3,D2_2,F2_2,,L1,,,
345910,L3,L3,L2,L3,L1,L2,L1,L2,L1,C2_3,D2_2,F2_2,,L2,,,
345911,L3,L3,L2,L3,L1,L2,L1,L2,L1,C2_3,D2_2,F2_2,,L3,,,
345912,L3,L3,L2,L3,L1,L2,L1,L2,L1,C2_3,D2_2,F2_3,,L1,,,
345913,L3,L3,L2,L3,L1,L2,L1,L2,L1,C2_3,D2_2,F2_3,,L2,,,
345914,L3,L3,L2,L3,L1,L2,L1,L2,L1,C2_3,D2_2,F2_3,,L3,,,
345915,L3,L3,L2,L3,L1,L2,L1,L2,L1,C2_3,D2_3,F2_1,,L1,,,
345916,L3,L3,L2,L3,L1,L2,L1,L2,L1,C2_3,D2_3,F2_1,,L2,,,
345917,L3,L3,L2,L3,L1,L2,L1,L2,L1,C2_3,D2_3,F2_1,,L3,,,
345918,L3,L3,L2,L3,L1,L2,L1,L2,L1,C2_3,D2_3,F2_2,,L1,,,
345919,L3,L3,L2,L3,L1,L2,L1,L2,L1,C2_3,D2_3,F2_2,,L2,,,
345920,L3,L3,L2,L3,L1,L2,L1,L2,L1,C2_3,D2_3,F2_2,,L3,,,
345921,L3,L3,L2,L3,L1,L2,L1,L2,L1,C2_3,D2_3,F2_3,,L1,,,
345922,L3,L3,L2,L3,L1,L2,L1,L2,L1,C2_3,D2_3,F2_3,,L2,,,
345923,L3,L3,L2,L3,L1,L2,L1,L2,L1,C2_3,D2_3,F2_3,,L3,,,
376326,L3,L3,L1,L1,L1,L2,L1,L2,L1,C2_1,D2_1,F2_1,,L1,,,
376327,L3,L3,L1,L1,L1,L2,L1,L2,L1,C2_1,D2_1,F2_1,,L2,,,
376328,L3,L3,L1,L1,L1,L2,L1,L2,L1,C2_1,D2_1,F2_1,,L3,,,
376329,L3,L3,L1,L1,L1,L2,L1,L2,L1,C2_1,D2_1,F2_2,,L1,,,
376330,L3,L3,L1,L1,L1,L2,L1,L2,L1,C2_1,D2_1,F2_2,,L2,,,
376331,L3,L3,L1,L1,L1,L2,L1,L2,L1,C2_1,D2_1,F2_2,,L3,,,
376332,L3,L3,L1,L1,L1,L2,L1,L2,L1,C2_1,D2_1,F2_3,,L1,,,
376333,L3,L3,L1,L1,L1,L2,L1,L2,L1,C2_1,D2_1,F2_3,,L2,,,
376334,L3,L3,L1,L1,L1,L2,L1,L2,L1,C2_1,D2_1,F2_3,,L3,,,
376335,L3,L3,L1,L1,L1,L2,L1,L2,L1,C2_1,D2_2,F2_1,,L1,,,
376336,L3,L3,L1,L1,L1,L2,L1,L2,L1,C2_1,D2_2,F2_1,,L2,,,
376337,L3,L3,L1,L1,L1,L2,L1,L2,L1,C2_1,D2_2,F2_1,,L3,,,
376338,L3,L3,L1,L1,L1,L2,L1,L2,L1,C2_1,D2_2,F2_2,,L1,,,
376339,L3,L3,L1,L1,L1,L2,L1,L2,L1,C2_1,D2_2,F2_2,,L2,,,
376340,L3,L3,L1,L1,L1,L2,L1,L2,L1,C2_1,D2_2,F2_2,,L3,,,
376341,L3,L3,L1,L1,L1,L2,L1,L2,L1,C2_1,D2_2,F2_3,,L1,,,
376342,L3,L3,L1,L1,L1,L2,L1,L2,L1,C2_1,D2_2,F2_3,,L2,,,
376343,L3,L3,L1,L1,L1,L2,L1,L2,L1,C2_1,D2_2,F2_3,,L3,,,
376344,L3,L3,L1,L1,L1,L2,L1,L2,L1,C2_1,D2_3,F2_1,,L1,,,
376345,L3,L3,L1,L1,L1,L2,L1,L2,L1,C2_1,D2_3,F2_1,,L2,,,
376346,L3,L3,L1,L1,L1,L2,L1,L2,L1,C2_1,D2_3,F2_1,,L3,,,
376347,L3,L3,L1,L1,L1,L2,L1,L2,L1,C2_1,D2_3,F2_2,,L1,,,
376348,L3,L3,L1,L1,L1,L2,L1,L2,L1,C2_1,D2_3,F2_2,,L2,,,
376349,L3,L3,L1,L1,L1,L2,L1,L2,L1,C2_1,D2_3,F2_2,,L3,,,
376350,L3,L3,L1,L1,L1,L2,L1,L2,L1,C2_1,D2_3,F2_3,,L1,,,
376351,L3,L3,L1,L1,L1,L2,L1,L2,L1,C2_1,D2_3,F2_3,,L2,,,
376352,L3,L3,L1,L1,L1,L2,L1,L2,L1,C2_1,D2_3,F2_3,,L3,,,
376353,L3,L3,L1,L1,L1,L2,L1,L2,L1,C2_2,D2_1,F2_1,,L1,,,
376354,L3,L3,L1,L1,L1,L2,L1,L2,L1,C2_2,D2_1,F2_1,,L2,,,
376355,L3,L3,L1,L1,L1,L2,L1,L2,L1,C2_2,D2_1,F2_1,,L3,,,
376356,L3,L3,L1,L1,L1,L2,L1,L2,L1,C2_2,D2_1,F2_2,,L1,,,
376357,L3,L3,L1,L1,L1,L2,L1,L2,L1,C2_2,D2_1,F2_2,,L2,,,
376358,L3,L3,L1,L1,L1,L2,L1,L2,L1,C2_2,D2_1,F2_2,,L3,,,
376359,L3,L3,L1,L1,L1,L2,L1,L2,L1,C2_2,D2_1,F2_3,,L1,,,
376360,L3,L3,L1,L1,L1,L2,L1,L2,L1,C2_2,D2_1,F2_3,,L2,,,
376361,L3,L3,L1,L1,L1,L2,L1,L2,L1,C2_2,D2_1,F2_3,,L3,,,
376362,L3,L3,L1,L1,L1,L2,L1,L2,L1,C2_2,D2_2,F2_1,,L1,,,
376363,L3,L3,L1,L1,L1,L2,L1,L2,L1,C2_2,D2_2,F2_1,,L2,,,
376364,L3,L3,L1,L1,L1,L2,L1,L2,L1,C2_2,D2_2,F2_1,,L3,,,
376365,L3,L3,L1,L1,L1,L2,L1,L2,L1,C2_2,D2_2,F2_2,,L1,,,
376366,L3,L3,L1,L1,L1,L2,L1,L2,L1,C2_2,D2_2,F2_2,,L2,,,
376367,L3,L3,L1,L1,L1,L2,L1,L2,L1,C2_2,D2_2,F2_2,,L3,,,
376368,L3,L3,L1,L1,L1,L2,L1,L2,L1,C2_2,D2_2,F2_3,,L1,,,
376369,L3,L3,L1,L1,L1,L2,L1,L2,L1,C2_2,D2_2,F2_3,,L2,,,
376370,L3,L3,L1,L1,L1,L2,L1,L2,L1,C2_2,D2_2,F2_3,,L3,,,
376371,L3,L3,L1,L1,L1,L2,L1,L2,L1,C2_2,D2_3,F2_1,,L1,,,
376372,L3,L3,L1,L1,L1,L2,L1,L2,L1,C2_2,D2_3,F2_1,,L2,,,
376373,L3,L3,L1,L1,L1,L2,L1,L2,L1,C2_2,D2_3,F2_1,,L3,,,
376374,L3,L3,L1,L1,L1,L2,L1,L2,L1,C2_2,D2_3,F2_2,,L1,,,
376375,L3,L3,L1,L1,L1,L2,L1,L2,L1,C2_2,D2_3,F2_2,,L2,,,
376376,L3,L3,L1,L1,L1,L2,L1,L2,L1,C2_2,D2_3,F2_2,,L3,,,
376377,L3,L3,L1,L1,L1,L2,L1,L2,L1,C2_2,D2_3,F2_3,,L1,,,
376378,L3,L3,L1,L1,L1,L2,L1,L2,L1,C2_2,D2_3,F2_3,,L2,,,
376379,L3,L3,L1,L1,L1,L2,L1,L2,L1,C2_2,D2_3,F2_3,,L3,,,
376380,L3,L3,L1,L1,L1,L2,L1,L2,L1,C2_3,D2_1,F2_1,,L1,,,
376381,L3,L3,L1,L1,L1,L2,L1,L2,L1,C2_3,D2_1,F2_1,,L2,,,
376382,L3,L3,L1,L1,L1,L2,L1,L2,L1,C2_3,D2_1,F2_1,,L3,,,
376383,L3,L3,L1,L1,L1,L2,L1,L2,L1,C2_3,D2_1,F2_2,,L1,,,
376384,L3,L3,L1,L1,L1,L2,L1,L2,L1,C2_3,D2_1,F2_2,,L2,,,
376385,L3,L3,L1,L1,L1,L2,L1,L2,L1,C2_3,D2_1,F2_2,,L3,,,
376386,L3,L3,L1,L1,L1,L2,L1,L2,L1,C2_3,D2_1,F2_3,,L1,,,
376387,L3,L3,L1,L1,L1,L2,L1,L2,L1,C2_3,D2_1,F2_3,,L2,,,
376388,L3,L3,L1,L1,L1,L2,L1,L2,L1,C2_3,D2_1,F2_3,,L3,,,
376389,L3,L3,L1,L1,L1,L2,L1,L2,L1,C2_3,D2_2,F2_1,,L1,,,
376390,L3,L3,L1,L1,L1,L2,L1,L2,L1,C2_3,D2_2,F2_1,,L2,,,
376391,L3,L3,L1,L1,L1,L2,L1,L2,L1,C2_3,D2_2,F2_1,,L3,,,
376392,L3,L3,L1,L1,L1,L2,L1,L2,L1,C2_3,D2_2,F2_2,,L1,,,
376393,L3,L3,L1,L1,L1,L2,L1,L2,L1,C2_3,D2_2,F2_2,,L2,,,
376394,L3,L3,L1,L1,L1,L2,L1,L2,L1,C2_3,D2_2,F2_2,,L3,,,
376395,L3,L3,L1,L1,L1,L2,L1,L2,L1,C2_3,D2_2,F2_3,,L1,,,
376396,L3,L3,L1,L1,L1,L2,L1,L2,L1,C2_3,D2_2,F2_3,,L2,,,
376397,L3,L3,L1,L1,L1,L2,L1,L2,L1,C2_3,D2_2,F2_3,,L3,,,
376398,L3,L3,L1,L1,L1,L2,L1,L2,L1,C2_3,D2_3,F2_1,,L1,,,
376399,L3,L3,L1,L1,L1,L2,L1,L2,L1,C2_3,D2_3,F2_1,,L2,,,
376400,L3,L3,L1,L1,L1,L2,L1,L2,L1,C2_3,D2_3,F2_1,,L3,,,
376401,L3,L3,L1,L1,L1,L2,L1,L2,L1,C2_3,D2_3,F2_2,,L1,,,
376402,L3,L3,L1,L1,L1,L2,L1,L2,L1,C2_3,D2_3,F2_2,,L2,,,
376403,L3,L3,L1,L1,L1,L2,L1,L2,L1,C2_3,D2_3,F2_2,,L3,,,
376404,L3,L3,L1,L1,L1,L2,L1,L2,L1,C2_3,D2_3,F2_3,,L1,,,
376405,L3,L3,L1,L1,L1,L2,L1,L2,L1,C2_3,D2_3,F2_3,,L2,,,
376406,L3,L3,L1,L1,L1,L2,L1,L2,L1,C2_3,D2_3,F2_3,,L3,,,
418311,L2,L2,L2,L2,L2,L2,L1,L2,L1,C2_1,D2_1,F2_1,,L1,,,
418312,L2,L2,L2,L2,L2,L2,L1,L2,L1,C2_1,D2_1,F2_1,,L2,,,
418313,L2,L2,L2,L2,L2,L2,L1,L2,L1,C2_1,D2_1,F2_1,,L3,,,
418314,L2,L2,L2,L2,L2,L2,L1,L2,L1,C2_1,D2_1,F2_2,,L1,,,
418315,L2,L2,L2,L2,L2,L2,L1,L2,L1,C2_1,D2_1,F2_2,,L2,,,
418316,L2,L2,L2,L2,L2,L2,L1,L2,L1,C2_1,D2_1,F2_2,,L3,,,
418317,L2,L2,L2,L2,L2,L2,L1,L2,L1,C2_1,D2_1,F2_3,,L1,,,
418318,L2,L2,L2,L2,L2,L2,L1,L2,L1,C2_1,D2_1,F2_3,,L2,,,
418319,L2,L2,L2,L2,L2,L2,L1,L2,L1,C2_1,D2_1,F2_3,,L3,,,
418320,L2,L2,L2,L2,L2,L2,L1,L2,L1,C2_1,D2_2,F2_1,,L1,,,
418321,L2,L2,L2,L2,L2,L2,L1,L2,L1,C2_1,D2_2,F2_1,,L2,,,
418322,L2,L2,L2,L2,L2,L2,L1,L2,L1,C2_1,D2_2,F2_1,,L3,,,
418323,L2,L2,L2,L2,L2,L2,L1,L2,L1,C2_1,D2_2,F2_2,,L1,,,
418324,L2,L2,L2,L2,L2,L2,L1,L2,L1,C2_1,D2_2,F2_2,,L2,,,
418325,L2,L2,L2,L2,L2,L2,L1,L2,L1,C2_1,D2_2,F2_2,,L3,,,
418326,L2,L2,L2,L2,L2,L2,L1,L2,L1,C2_1,D2_2,F2_3,,L1,,,
418327,L2,L2,L2,L2,L2,L2,L1,L2,L1,C2_1,D2_2,F2_3,,L2,,,
418328,L2,L2,L2,L2,L2,L2,L1,L2,L1,C2_1,D2_2,F2_3,,L3,,,
418329,L2,L2,L2,L2,L2,L2,L1,L2,L1,C2_1,D2_3,F2_1,,L1,,,
418330,L2,L2,L2,L2,L2,L2,L1,L2,L1,C2_1,D2_3,F2_1,,L2,,,
418331,L2,L2,L2,L2,L2,L2,L1,L2,L1,C2_1,D2_3,F2_1,,L3,,,
418332,L2,L2,L2,L2,L2,L2,L1,L2,L1,C2_1,D2_3,F2_2,,L1,,,
418333,L2,L2,L2,L2,L2,L2,L1,L2,L1,C2_1,D2_3,F2_2,,L2,,,
418334,L2,L2,L2,L2,L2,L2,L1,L2,L1,C2_1,D2_3,F2_2,,L3,,,
418335,L2,L2,L2,L2,L2,L2,L1,L2,L1,C2_1,D2_3,F2_3,,L1,,,
418336,L2,L2,L2,L2,L2,L2,L1,L2,L1,C2_1,D2_3,F2_3,,L2,,,
418337,L2,L2,L2,L2,L2,L2,L1,L2,L1,C2_1,D2_3,F2_3,,L3,,,
418338,L2,L2,L2,L2,L2,L2,L1,L2,L1,C2_2,D2_1,F2_1,,L1,,,
418339,L2,L2,L2,L2,L2,L2,L1,L2,L1,C2_2,D2_1,F2_1,,L2,,,
418340,L2,L2,L2,L2,L2,L2,L1,L2,L1,C2_2,D2_1,F2_1,,L3,,,
418341,L2,L2,L2,L2,L2,L2,L1,L2,L1,C2_2,D2_1,F2_2,,L1,,,
418342,L2,L2,L2,L2,L2,L2,L1,L2,L1,C2_2,D2_1,F2_2,,L2,,,
418343,L2,L2,L2,L2,L2,L2,L1,L2,L1,C2_2,D2_1,F2_2,,L3,,,
418344,L2,L2,L2,L2,L2,L2,L1,L2,L1,C2_2,D2_1,F2_3,,L1,,,
418345,L2,L2,L2,L2,L2,L2,L1,L2,L1,C2_2,D2_1,F2_3,,L2,,,
418346,L2,L2,L2,L2,L2,L2,L1,L2,L1,C2_2,D2_1,F2_3,,L3,,,
418347,L2,L2,L2,L2,L2,L2,L1,L2,L1,C2_2,D2_2,F2_1,,L1,,,
418348,L2,L2,L2,L2,L2,L2,L1,L2,L1,C2_2,D2_2,F2_1,,L2,,,
418349,L2,L2,L2,L2,L2,L2,L1,L2,L1,C2_2,D2_2,F2_1,,L3,,,
418350,L2,L2,L2,L2,L2,L2,L1,L2,L1,C2_2,D2_2,F2_2,,L1,,,
418351,L2,L2,L2,L2,L2,L2,L1,L2,L1,C2_2,D2_2,F2_2,,L2,,,
418352,L2,L2,L2,L2,L2,L2,L1,L2,L1,C2_2,D2_2,F2_2,,L3,,,
418353,L2,L2,L2,L2,L2,L2,L1,L2,L1,C2_2,D2_2,F2_3,,L1,,,
418354,L2,L2,L2,L2,L2,L2,L1,L2,L1,C2_2,D2_2,F2_3,,L2,,,
418355,L2,L2,L2,L2,L2,L2,L1,L2,L1,C2_2,D2_2,F2_3,,L3,,,
418356,L2,L2,L2,L2,L2,L2,L1,L2,L1,C2_2,D2_3,F2_1,,L1,,,
418357,L2,L2,L2,L2,L2,L2,L1,L2,L1,C2_2,D2_3,F2_1,,L2,,,
418358,L2,L2,L2,L2,L2,L2,L1,L2,L1,C2_2,D2_3,F2_1,,L3,,,
418359,L2,L2,L2,L2,L2,L2,L1,L2,L1,C2_2,D2_3,F2_2,,L1,,,
418360,L2,L2,L2,L2,L2,L2,L1,L2,L1,C2_2,D2_3,F2_2,,L2,,,
418361,L2,L2,L2,L2,L2,L2,L1,L2,L1,C2_2,D2_3,F2_2,,L3,,,
418362,L2,L2,L2,L2,L2,L2,L1,L2,L1,C2_2,D2_3,F2_3,,L1,,,
418363,L2,L2,L2,L2,L2,L2,L1,L2,L1,C2_2,D2_3,F2_3,,L2,,,
418364,L2,L2,L2,L2,L2,L2,L1,L2,L1,C2_2,D2_3,F2_3,,L3,,,
418365,L2,L2,L2,L2,L2,L2,L1,L2,L1,C2_3,D2_1,F2_1,,L1,,,
418366,L2,L2,L2,L2,L2,L2,L1,L2,L1,C2_3,D2_1,F2_1,,L2,,,
418367,L2,L2,L2,L2,L2,L2,L1,L2,L1,C2_3,D2_1,F2_1,,L3,,,
418368,L2,L2,L2,L2,L2,L2,L1,L2,L1,C2_3,D2_1,F2_2,,L1,,,
418369,L2,L2,L2,L2,L2,L2,L1,L2,L1,C2_3,D2_1,F2_2,,L2,,,
418370,L2,L2,L2,L2,L2,L2,L1,L2,L1,C2_3,D2_1,F2_2,,L3,,,
418371,L2,L2,L2,L2,L2,L2,L1,L2,L1,C2_3,D2_1,F2_3,,L1,,,
418372,L2,L2,L2,L2,L2,L2,L1,L2,L1,C2_3,D2_1,F2_3,,L2,,,
418373,L2,L2,L2,L2,L2,L2,L1,L2,L1,C2_3,D2_1,F2_3,,L3,,,
418374,L2,L2,L2,L2,L2,L2,L1,L2,L1,C2_3,D2_2,F2_1,,L1,,,
418375,L2,L2,L2,L2,L2,L2,L1,L2,L1,C2_3,D2_2,F2_1,,L2,,,
418376,L2,L2,L2,L2,L2,L2,L1,L2,L1,C2_3,D2_2,F2_1,,L3,,,
418377,L2,L2,L2,L2,L2,L2,L1,L2,L1,C2_3,D2_2,F2_2,,L1,,,
418378,L2,L2,L2,L2,L2,L2,L1,L2,L1,C2_3,D2_2,F2_2,,L2,,,
418379,L2,L2,L2,L2,L2,L2,L1,L2,L1,C2_3,D2_2,F2_2,,L3,,,
418380,L2,L2,L2,L2,L2,L2,L1,L2,L1,C2_3,D2_2,F2_3,,L1,,,
418381,L2,L2,L2,L2,L2,L2,L1,L2,L1,C2_3,D2_2,F2_3,,L2,,,
418382,L2,L2,L2,L2,L2,L2,L1,L2,L1,C2_3,D2_2,F2_3,,L3,,,
418383,L2,L2,L2,L2,L2,L2,L1,L2,L1,C2_3,D2_3,F2_1,,L1,,,
418384,L2,L2,L2,L2,L2,L2,L1,L2,L1,C2_3,D2_3,F2_1,,L2,,,
418385,L2,L2,L2,L2,L2,L2,L1,L2,L1,C2_3,D2_3,F2_1,,L3,,,
418386,L2,L2,L2,L2,L2,L2,L1,L2,L1,C2_3,D2_3,F2_2,,L1,,,
418387,L2,L2,L2,L2,L2,L2,L1,L2,L1,C2_3,D2_3,F2_2,,L2,,,
418388,L2,L2,L2,L2,L2,L2,L1,L2,L1,C2_3,D2_3,F2_2,,L3,,,
418389,L2,L2,L2,L2,L2,L2,L1,L2,L1,C2_3,D2_3,F2_3,,L1,,,
418390,L2,L2,L2,L2,L2,L2,L1,L2,L1,C2_3,D2_3,F2_3,,L2,,,
418391,L2,L2,L2,L2,L2,L2,L1,L2,L1,C2_3,D2_3,F2_3,,L3,,,
427491,L1,L3,L2,L1,L2,L2,L1,L2,L1,C2_1,D2_1,F2_1,,L1,,,
427492,L1,L3,L2,L1,L2,L2,L1,L2,L1,C2_1,D2_1,F2_1,,L2,,,
427493,L1,L3,L2,L1,L2,L2,L1,L2,L1,C2_1,D2_1,F2_1,,L3,,,
427494,L1,L3,L2,L1,L2,L2,L1,L2,L1,C2_1,D2_1,F2_2,,L1,,,
427495,L1,L3,L2,L1,L2,L2,L1,L2,L1,C2_1,D2_1,F2_2,,L2,,,
427496,L1,L3,L2,L1,L2,L2,L1,L2,L1,C2_1,D2_1,F2_2,,L3,,,
427497,L1,L3,L2,L1,L2,L2,L1,L2,L1,C2_1,D2_1,F2_3,,L1,,,
427498,L1,L3,L2,L1,L2,L2,L1,L2,L1,C2_1,D2_1,F2_3,,L2,,,
427499,L1,L3,L2,L1,L2,L2,L1,L2,L1,C2_1,D2_1,F2_3,,L3,,,
427500,L1,L3,L2,L1,L2,L2,L1,L2,L1,C2_1,D2_2,F2_1,,L1,,,
427501,L1,L3,L2,L1,L2,L2,L1,L2,L1,C2_1,D2_2,F2_1,,L2,,,
427502,L1,L3,L2,L1,L2,L2,L1,L2,L1,C2_1,D2_2,F2_1,,L3,,,
427503,L1,L3,L2,L1,L2,L2,L1,L2,L1,C2_1,D2_2,F2_2,,L1,,,
427504,L1,L3,L2,L1,L2,L2,L1,L2,L1,C2_1,D2_2,F2_2,,L2,,,
427505,L1,L3,L2,L1,L2,L2,L1,L2,L1,C2_1,D2_2,F2_2,,L3,,,
427506,L1,L3,L2,L1,L2,L2,L1,L2,L1,C2_1,D2_2,F2_3,,L1,,,
427507,L1,L3,L2,L1,L2,L2,L1,L2,L1,C2_1,D2_2,F2_3,,L2,,,
427508,L1,L3,L2,L1,L2,L2,L1,L2,L1,C2_1,D2_2,F2_3,,L3,,,
427509,L1,L3,L2,L1,L2,L2,L1,L2,L1,C2_1,D2_3,F2_1,,L1,,,
427510,L1,L3,L2,L1,L2,L2,L1,L2,L1,C2_1,D2_3,F2_1,,L2,,,
427511,L1,L3,L2,L1,L2,L2,L1,L2,L1,C2_1,D2_3,F2_1,,L3,,,
427512,L1,L3,L2,L1,L2,L2,L1,L2,L1,C2_1,D2_3,F2_2,,L1,,,
427513,L1,L3,L2,L1,L2,L2,L1,L2,L1,C2_1,D2_3,F2_2,,L2,,,
427514,L1,L3,L2,L1,L2,L2,L1,L2,L1,C2_1,D2_3,F2_2,,L3,,,
427515,L1,L3,L2,L1,L2,L2,L1,L2,L1,C2_1,D2_3,F2_3,,L1,,,
427516,L1,L3,L2,L1,L2,L2,L1,L2,L1,C2_1,D2_3,F2_3,,L2,,,
427517,L1,L3,L2,L1,L2,L2,L1,L2,L1,C2_1,D2_3,F2_3,,L3,,,
427518,L1,L3,L2,L1,L2,L2,L1,L2,L1,C2_2,D2_1,F2_1,,L1,,,
427519,L1,L3,L2,L1,L2,L2,L1,L2,L1,C2_2,D2_1,F2_1,,L2,,,
427520,L1,L3,L2,L1,L2,L2,L1,L2,L1,C2_2,D2_1,F2_1,,L3,,,
427521,L1,L3,L2,L1,L2,L2,L1,L2,L1,C2_2,D2_1,F2_2,,L1,,,
427522,L1,L3,L2,L1,L2,L2,L1,L2,L1,C2_2,D2_1,F2_2,,L2,,,
427523,L1,L3,L2,L1,L2,L2,L1,L2,L1,C2_2,D2_1,F2_2,,L3,,,
427524,L1,L3,L2,L1,L2,L2,L1,L2,L1,C2_2,D2_1,F2_3,,L1,,,
427525,L1,L3,L2,L1,L2,L2,L1,L2,L1,C2_2,D2_1,F2_3,,L2,,,
427526,L1,L3,L2,L1,L2,L2,L1,L2,L1,C2_2,D2_1,F2_3,,L3,,,
427527,L1,L3,L2,L1,L2,L2,L1,L2,L1,C2_2,D2_2,F2_1,,L1,,,
427528,L1,L3,L2,L1,L2,L2,L1,L2,L1,C2_2,D2_2,F2_1,,L2,,,
427529,L1,L3,L2,L1,L2,L2,L1,L2,L1,C2_2,D2_2,F2_1,,L3,,,
427530,L1,L3,L2,L1,L2,L2,L1,L2,L1,C2_2,D2_2,F2_2,,L1,,,
427531,L1,L3,L2,L1,L2,L2,L1,L2,L1,C2_2,D2_2,F2_2,,L2,,,
427532,L1,L3,L2,L1,L2,L2,L1,L2,L1,C2_2,D2_2,F2_2,,L3,,,
427533,L1,L3,L2,L1,L2,L2,L1,L2,L1,C2_2,D2_2,F2_3,,L1,,,
427534,L1,L3,L2,L1,L2,L2,L1,L2,L1,C2_2,D2_2,F2_3,,L2,,,
427535,L1,L3,L2,L1,L2,L2,L1,L2,L1,C2_2,D2_2,F2_3,,L3,,,
427536,L1,L3,L2,L1,L2,L2,L1,L2,L1,C2_2,D2_3,F2_1,,L1,,,
427537,L1,L3,L2,L1,L2,L2,L1,L2,L1,C2_2,D2_3,F2_1,,L2,,,
427538,L1,L3,L2,L1,L2,L2,L1,L2,L1,C2_2,D2_3,F2_1,,L3,,,
427539,L1,L3,L2,L1,L2,L2,L1,L2,L1,C2_2,D2_3,F2_2,,L1,,,
427540,L1,L3,L2,L1,L2,L2,L1,L2,L1,C2_2,D2_3,F2_2,,L2,,,
427541,L1,L3,L2,L1,L2,L2,L1,L2,L1,C2_2,D2_3,F2_2,,L3,,,
427542,L1,L3,L2,L1,L2,L2,L1,L2,L1,C2_2,D2_3,F2_3,,L1,,,
427543,L1,L3,L2,L1,L2,L2,L1,L2,L1,C2_2,D2_3,F2_3,,L2,,,
427544,L1,L3,L2,L1,L2,L2,L1,L2,L1,C2_2,D2_3,F2_3,,L3,,,
427545,L1,L3,L2,L1,L2,L2,L1,L2,L1,C2_3,D2_1,F2_1,,L1,,,
427546,L1,L3,L2,L1,L2,L2,L1,L2,L1,C2_3,D2_1,F2_1,,L2,,,
427547,L1,L3,L2,L1,L2,L2,L1,L2,L1,C2_3,D2_1,F2_1,,L3,,,
427548,L1,L3,L2,L1,L2,L2,L1,L2,L1,C2_3,D2_1,F2_2,,L1,,,
427549,L1,L3,L2,L1,L2,L2,L1,L2,L1,C2_3,D2_1,F2_2,,L2,,,
427550,L1,L3,L2,L1,L2,L2,L1,L2,L1,C2_3,D2_1,F2_2,,L3,,,
427551,L1,L3,L2,L1,L2,L2,L1,L2,L1,C2_3,D2_1,F2_3,,L1,,,
427552,L1,L3,L2,L1,L2,L2,L1,L2,L1,C2_3,D2_1,F2_3,,L2,,,
427553,L1,L3,L2,L1,L2,L2,L1,L2,L1,C2_3,D2_1,F2_3,,L3,,,
427554,L1,L3,L2,L1,L2,L2,L1,L2,L1,C2_3,D2_2,F2_1,,L1,,,
427555,L1,L3,L2,L1,L2,L2,L1,L2,L1,C2_3,D2_2,F2_1,,L2,,,
427556,L1,L3,L2,L1,L2,L2,L1,L2,L1,C2_3,D2_2,F2_1,,L3,,,
427557,L1,L3,L2,L1,L2,L2,L1,L2,L1,C2_3,D2_2,F2_2,,L1,,,
427558,L1,L3,L2,L1,L2,L2,L1,L2,L1,C2_3,D2_2,F2_2,,L2,,,
427559,L1,L3,L2,L1,L2,L2,L1,L2,L1,C2_3,D2_2,F2_2,,L3,,,
427560,L1,L3,L2,L1,L2,L2,L1,L2,L1,C2_3,D2_2,F2_3,,L1,,,
427561,L1,L3,L2,L1,L2,L2,L1,L2,L1,C2_3,D2_2,F2_3,,L2,,,
427562,L1,L3,L2,L1,L2,L2,L1,L2,L1,C2_3,D2_2,F2_3,,L3,,,
427563,L1,L3,L2,L1,L2,L2,L1,L2,L1,C2_3,D2_3,F2_1,,L1,,,
427564,L1,L3,L2,L1,L2,L2,L1,L2,L1,C2_3,D2_3,F2_1,,L2,,,
427565,L1,L3,L2,L1,L2,L2,L1,L2,L1,C2_3,D2_3,F2_1,,L3,,,
427566,L1,L3,L2,L1,L2,L2,L1,L2,L1,C2_3,D2_3,F2_2,,L1,,,
427567,L1,L3,L2,L1,L2,L2,L1,L2,L1,C2_3,D2_3,F2_2,,L2,,,
427568,L1,L3,L2,L1,L2,L2,L1,L2,L1,C2_3,D2_3,F2_2,,L3,,,
427569,L1,L3,L2,L1,L2,L2,L1,L2,L1,C2_3,D2_3,F2_3,,L1,,,
427570,L1,L3,L2,L1,L2,L2,L1,L2,L1,C2_3,D2_3,F2_3,,L2,,,
427571,L1,L3,L2,L1,L2,L2,L1,L2,L1,C2_3,D2_3,F2_3,,L3,,,
437319,L2,L1,L3,L2,L3,L2,L1,L2,L1,C2_1,D2_1,F2_1,,L1,,,
437320,L2,L1,L3,L2,L3,L2,L1,L2,L1,C2_1,D2_1,F2_1,,L2,,,
437321,L2,L1,L3,L2,L3,L2,L1,L2,L1,C2_1,D2_1,F2_1,,L3,,,
437322,L2,L1,L3,L2,L3,L2,L1,L2,L1,C2_1,D2_1,F2_2,,L1,,,
437323,L2,L1,L3,L2,L3,L2,L1,L2,L1,C2_1,D2_1,F2_2,,L2,,,
437324,L2,L1,L3,L2,L3,L2,L1,L2,L1,C2_1,D2_1,F2_2,,L3,,,
437325,L2,L1,L3,L2,L3,L2,L1,L2,L1,C2_1,D2_1,F2_3,,L1,,,
437326,L2,L1,L3,L2,L3,L2,L1,L2,L1,C2_1,D2_1,F2_3,,L2,,,
437327,L2,L1,L3,L2,L3,L2,L1,L2,L1,C2_1,D2_1,F2_3,,L3,,,
437328,L2,L1,L3,L2,L3,L2,L1,L2,L1,C2_1,D2_2,F2_1,,L1,,,
437329,L2,L1,L3,L2,L3,L2,L1,L2,L1,C2_1,D2_2,F2_1,,L2,,,
437330,L2,L1,L3,L2,L3,L2,L1,L2,L1,C2_1,D2_2,F2_1,,L3,,,
437331,L2,L1,L3,L2,L3,L2,L1,L2,L1,C2_1,D2_2,F2_2,,L1,,,
437332,L2,L1,L3,L2,L3,L2,L1,L2,L1,C2_1,D2_2,F2_2,,L2,,,
437333,L2,L1,L3,L2,L3,L2,L1,L2,L1,C2_1,D2_2,F2_2,,L3,,,
437334,L2,L1,L3,L2,L3,L2,L1,L2,L1,C2_1,D2_2,F2_3,,L1,,,
437335,L2,L1,L3,L2,L3,L2,L1,L2,L1,C2_1,D2_2,F2_3,,L2,,,
437336,L2,L1,L3,L2,L3,L2,L1,L2,L1,C2_1,D2_2,F2_3,,L3,,,
437337,L2,L1,L3,L2,L3,L2,L1,L2,L1,C2_1,D2_3,F2_1,,L1,,,
437338,L2,L1,L3,L2,L3,L2,L1,L2,L1,C2_1,D2_3,F2_1,,L2,,,
437339,L2,L1,L3,L2,L3,L2,L1,L2,L1,C2_1,D2_3,F2_1,,L3,,,
437340,L2,L1,L3,L2,L3,L2,L1,L2,L1,C2_1,D2_3,F2_2,,L1,,,
437341,L2,L1,L3,L2,L3,L2,L1,L2,L1,C2_1,D2_3,F2_2,,L2,,,
437342,L2,L1,L3,L2,L3,L2,L1,L2,L1,C2_1,D2_3,F2_2,,L3,,,
437343,L2,L1,L3,L2,L3,L2,L1,L2,L1,C2_1,D2_3,F2_3,,L1,,,
437344,L2,L1,L3,L2,L3,L2,L1,L2,L1,C2_1,D2_3,F2_3,,L2,,,
437345,L2,L1,L3,L2,L3,L2,L1,L2,L1,C2_1,D2_3,F2_3,,L3,,,
437346,L2,L1,L3,L2,L3,L2,L1,L2,L1,C2_2,D2_1,F2_1,,L1,,,
437347,L2,L1,L3,L2,L3,L2,L1,L2,L1,C2_2,D2_1,F2_1,,L2,,,
437348,L2,L1,L3,L2,L3,L2,L1,L2,L1,C2_2,D2_1,F2_1,,L3,,,
437349,L2,L1,L3,L2,L3,L2,L1,L2,L1,C2_2,D2_1,F2_2,,L1,,,
437350,L2,L1,L3,L2,L3,L2,L1,L2,L1,C2_2,D2_1,F2_2,,L2,,,
437351,L2,L1,L3,L2,L3,L2,L1,L2,L1,C2_2,D2_1,F2_2,,L3,,,
437352,L2,L1,L3,L2,L3,L2,L1,L2,L1,C2_2,D2_1,F2_3,,L1,,,
437353,L2,L1,L3,L2,L3,L2,L1,L2,L1,C2_2,D2_1,F2_3,,L2,,,
437354,L2,L1,L3,L2,L3,L2,L1,L2,L1,C2_2,D2_1,F2_3,,L3,,,
437355,L2,L1,L3,L2,L3,L2,L1,L2,L1,C2_2,D2_2,F2_1,,L1,,,
437356,L2,L1,L3,L2,L3,L2,L1,L2,L1,C2_2,D2_2,F2_1,,L2,,,
437357,L2,L1,L3,L2,L3,L2,L1,L2,L1,C2_2,D2_2,F2_1,,L3,,,
437358,L2,L1,L3,L2,L3,L2,L1,L2,L1,C2_2,D2_2,F2_2,,L1,,,
437359,L2,L1,L3,L2,L3,L2,L1,L2,L1,C2_2,D2_2,F2_2,,L2,,,
437360,L2,L1,L3,L2,L3,L2,L1,L2,L1,C2_2,D2_2,F2_2,,L3,,,
437361,L2,L1,L3,L2,L3,L2,L1,L2,L1,C2_2,D2_2,F2_3,,L1,,,
437362,L2,L1,L3,L2,L3,L2,L1,L2,L1,C2_2,D2_2,F2_3,,L2,,,
437363,L2,L1,L3,L2,L3,L2,L1,L2,L1,C2_2,D2_2,F2_3,,L3,,,
437364,L2,L1,L3,L2,L3,L2,L1,L2,L1,C2_2,D2_3,F2_1,,L1,,,
437365,L2,L1,L3,L2,L3,L2,L1,L2,L1,C2_2,D2_3,F2_1,,L2,,,
437366,L2,L1,L3,L2,L3,L2,L1,L2,L1,C2_2,D2_3,F2_1,,L3,,,
437367,L2,L1,L3,L2,L3,L2,L1,L2,L1,C2_2,D2_3,F2_2,,L1,,,
437368,L2,L1,L3,L2,L3,L2,L1,L2,L1,C2_2,D2_3,F2_2,,L2,,,
437369,L2,L1,L3,L2,L3,L2,L1,L2,L1,C2_2,D2_3,F2_2,,L3,,,
437370,L2,L1,L3,L2,L3,L2,L1,L2,L1,C2_2,D2_3,F2_3,,L1,,,
437371,L2,L1,L3,L2,L3,L2,L1,L2,L1,C2_2,D2_3,F2_3,,L2,,,
437372,L2,L1,L3,L2,L3,L2,L1,L2,L1,C2_2,D2_3,F2_3,,L3,,,
437373,L2,L1,L3,L2,L3,L2,L1,L2,L1,C2_3,D2_1,F2_1,,L1,,,
437374,L2,L1,L3,L2,L3,L2,L1,L2,L1,C2_3,D2_1,F2_1,,L2,,,
437375,L2,L1,L3,L2,L3,L2,L1,L2,L1,C2_3,D2_1,F2_1,,L3,,,
437376,L2,L1,L3,L2,L3,L2,L1,L2,L1,C2_3,D2_1,F2_2,,L1,,,
437377,L2,L1,L3,L2,L3,L2,L1,L2,L1,C2_3,D2_1,F2_2,,L2,,,
437378,L2,L1,L3,L2,L3,L2,L1,L2,L1,C2_3,D2_1,F2_2,,L3,,,
437379,L2,L1,L3,L2,L3,L2,L1,L2,L1,C2_3,D2_1,F2_3,,L1,,,
437380,L2,L1,L3,L2,L3,L2,L1,L2,L1,C2_3,D2_1,F2_3,,L2,,,
437381,L2,L1,L3,L2,L3,L2,L1,L2,L1,C2_3,D2_1,F2_3,,L3,,,
437382,L2,L1,L3,L2,L3,L2,L1,L2,L1,C2_3,D2_2,F2_1,,L1,,,
437383,L2,L1,L3,L2,L3,L2,L1,L2,L1,C2_3,D2_2,F2_1,,L2,,,
437384,L2,L1,L3,L2,L3,L2,L1,L2,L1,C2_3,D2_2,F2_1,,L3,,,
437385,L2,L1,L3,L2,L3,L2,L1,L2,L1,C2_3,D2_2,F2_2,,L1,,,
437386,L2,L1,L3,L2,L3,L2,L1,L2,L1,C2_3,D2_2,F2_2,,L2,,,
437387,L2,L1,L3,L2,L3,L2,L1,L2,L1,C2_3,D2_2,F2_2,,L3,,,
437388,L2,L1,L3,L2,L3,L2,L1,L2,L1,C2_3,D2_2,F2_3,,L1,,,
437389,L2,L1,L3,L2,L3,L2,L1,L2,L1,C2_3,D2_2,F2_3,,L2,,,
437390,L2,L1,L3,L2,L3,L2,L1,L2,L1,C2_3,D2_2,F2_3,,L3,,,
437391,L2,L1,L3,L2,L3,L2,L1,L2,L1,C2_3,D2_3,F2_1,,L1,,,
437392,L2,L1,L3,L2,L3,L2,L1,L2,L1,C2_3,D2_3,F2_1,,L2,,,
437393,L2,L1,L3,L2,L3,L2,L1,L2,L1,C2_3,D2_3,F2_1,,L3,,,
437394,L2,L1,L3,L2,L3,L2,L1,L2,L1,C2_3,D2_3,F2_2,,L1,,,
437395,L2,L1,L3,L2,L3,L2,L1,L2,L1,C2_3,D2_3,F2_2,,L2,,,
437396,L2,L1,L3,L2,L3,L2,L1,L2,L1,C2_3,D2_3,F2_2,,L3,,,
437397,L2,L1,L3,L2,L3,L2,L1,L2,L1,C2_3,D2_3,F2_3,,L1,,,
437398,L2,L1,L3,L2,L3,L2,L1,L2,L1,C2_3,D2_3,F2_3,,L2,,,
437399,L2,L1,L3,L2,L3,L2,L1,L2,L1,C2_3,D2_3,F2_3,,L3,,,
449523,L1,L1,L2,L1,L3,L2,L1,L2,L1,C2_1,D2_1,F2_1,,L1,,,
449524,L1,L1,L2,L1,L3,L2,L1,L2,L1,C2_1,D2_1,F2_1,,L2,,,
449525,L1,L1,L2,L1,L3,L2,L1,L2,L1,C2_1,D2_1,F2_1,,L3,,,
449526,L1,L1,L2,L1,L3,L2,L1,L2,L1,C2_1,D2_1,F2_2,,L1,,,
449527,L1,L1,L2,L1,L3,L2,L1,L2,L1,C2_1,D2_1,F2_2,,L2,,,
449528,L1,L1,L2,L1,L3,L2,L1,L2,L1,C2_1,D2_1,F2_2,,L3,,,
449529,L1,L1,L2,L1,L3,L2,L1,L2,L1,C2_1,D2_1,F2_3,,L1,,,
449530,L1,L1,L2,L1,L3,L2,L1,L2,L1,C2_1,D2_1,F2_3,,L2,,,
449531,L1,L1,L2,L1,L3,L2,L1,L2,L1,C2_1,D2_1,F2_3,,L3,,,
449532,L1,L1,L2,L1,L3,L2,L1,L2,L1,C2_1,D2_2,F2_1,,L1,,,
449533,L1,L1,L2,L1,L3,L2,L1,L2,L1,C2_1,D2_2,F2_1,,L2,,,
449534,L1,L1,L2,L1,L3,L2,L1,L2,L1,C2_1,D2_2,F2_1,,L3,,,
449535,L1,L1,L2,L1,L3,L2,L1,L2,L1,C2_1,D2_2,F2_2,,L1,,,
449536,L1,L1,L2,L1,L3,L2,L1,L2,L1,C2_1,D2_2,F2_2,,L2,,,
449537,L1,L1,L2,L1,L3,L2,L1,L2,L1,C2_1,D2_2,F2_2,,L3,,,
449538,L1,L1,L2,L1,L3,L2,L1,L2,L1,C2_1,D2_2,F2_3,,L1,,,
449539,L1,L1,L2,L1,L3,L2,L1,L2,L1,C2_1,D2_2,F2_3,,L2,,,
449540,L1,L1,L2,L1,L3,L2,L1,L2,L1,C2_1,D2_2,F2_3,,L3,,,
449541,L1,L1,L2,L1,L3,L2,L1,L2,L1,C2_1,D2_3,F2_1,,L1,,,
449542,L1,L1,L2,L1,L3,L2,L1,L2,L1,C2_1,D2_3,F2_1,,L2,,,
449543,L1,L1,L2,L1,L3,L2,L1,L2,L1,C2_1,D2_3,F2_1,,L3,,,
449544,L1,L1,L2,L1,L3,L2,L1,L2,L1,C2_1,D2_3,F2_2,,L1,,,
449545,L1,L1,L2,L1,L3,L2,L1,L2,L1,C2_1,D2_3,F2_2,,L2,,,
449546,L1,L1,L2,L1,L3,L2,L1,L2,L1,C2_1,D2_3,F2_2,,L3,,,
449547,L1,L1,L2,L1,L3,L2,L1,L2,L1,C2_1,D2_3,F2_3,,L1,,,
449548,L1,L1,L2,L1,L3,L2,L1,L2,L1,C2_1,D2_3,F2_3,,L2,,,
449549,L1,L1,L2,L1,L3,L2,L1,L2,L1,C2_1,D2_3,F2_3,,L3,,,
449550,L1,L1,L2,L1,L3,L2,L1,L2,L1,C2_2,D2_1,F2_1,,L1,,,
449551,L1,L1,L2,L1,L3,L2,L1,L2,L1,C2_2,D2_1,F2_1,,L2,,,
449552,L1,L1,L2,L1,L3,L2,L1,L2,L1,C2_2,D2_1,F2_1,,L3,,,
449553,L1,L1,L2,L1,L3,L2,L1,L2,L1,C2_2,D2_1,F2_2,,L1,,,
449554,L1,L1,L2,L1,L3,L2,L1,L2,L1,C2_2,D2_1,F2_2,,L2,,,
449555,L1,L1,L2,L1,L3,L2,L1,L2,L1,C2_2,D2_1,F2_2,,L3,,,
449556,L1,L1,L2,L1,L3,L2,L1,L2,L1,C2_2,D2_1,F2_3,,L1,,,
449557,L1,L1,L2,L1,L3,L2,L1,L2,L1,C2_2,D2_1,F2_3,,L2,,,
449558,L1,L1,L2,L1,L3,L2,L1,L2,L1,C2_2,D2_1,F2_3,,L3,,,
449559,L1,L1,L2,L1,L3,L2,L1,L2,L1,C2_2,D2_2,F2_1,,L1,,,
449560,L1,L1,L2,L1,L3,L2,L1,L2,L1,C2_2,D2_2,F2_1,,L2,,,
449561,L1,L1,L2,L1,L3,L2,L1,L2,L1,C2_2,D2_2,F2_1,,L3,,,
449562,L1,L1,L2,L1,L3,L2,L1,L2,L1,C2_2,D2_2,F2_2,,L1,,,
449563,L1,L1,L2,L1,L3,L2,L1,L2,L1,C2_2,D2_2,F2_2,,L2,,,
449564,L1,L1,L2,L1,L3,L2,L1,L2,L1,C2_2,D2_2,F2_2,,L3,,,
449565,L1,L1,L2,L1,L3,L2,L1,L2,L1,C2_2,D2_2,F2_3,,L1,,,
449566,L1,L1,L2,L1,L3,L2,L1,L2,L1,C2_2,D2_2,F2_3,,L2,,,
449567,L1,L1,L2,L1,L3,L2,L1,L2,L1,C2_2,D2_2,F2_3,,L3,,,
449568,L1,L1,L2,L1,L3,L2,L1,L2,L1,C2_2,D2_3,F2_1,,L1,,,
449569,L1,L1,L2,L1,L3,L2,L1,L2,L1,C2_2,D2_3,F2_1,,L2,,,
449570,L1,L1,L2,L1,L3,L2,L1,L2,L1,C2_2,D2_3,F2_1,,L3,,,
449571,L1,L1,L2,L1,L3,L2,L1,L2,L1,C2_2,D2_3,F2_2,,L1,,,
449572,L1,L1,L2,L1,L3,L2,L1,L2,L1,C2_2,D2_3,F2_2,,L2,,,
449573,L1,L1,L2,L1,L3,L2,L1,L2,L1,C2_2,D2_3,F2_2,,L3,,,
449574,L1,L1,L2,L1,L3,L2,L1,L2,L1,C2_2,D2_3,F2_3,,L1,,,
449575,L1,L1,L2,L1,L3,L2,L1,L2,L1,C2_2,D2_3,F2_3,,L2,,,
449576,L1,L1,L2,L1,L3,L2,L1,L2,L1,C2_2,D2_3,F2_3,,L3,,,
449577,L1,L1,L2,L1,L3,L2,L1,L2,L1,C2_3,D2_1,F2_1,,L1,,,
449578,L1,L1,L2,L1,L3,L2,L1,L2,L1,C2_3,D2_1,F2_1,,L2,,,
449579,L1,L1,L2,L1,L3,L2,L1,L2,L1,C2_3,D2_1,F2_1,,L3,,,
449580,L1,L1,L2,L1,L3,L2,L1,L2,L1,C2_3,D2_1,F2_2,,L1,,,
449581,L1,L1,L2,L1,L3,L2,L1,L2,L1,C2_3,D2_1,F2_2,,L2,,,
449582,L1,L1,L2,L1,L3,L2,L1,L2,L1,C2_3,D2_1,F2_2,,L3,,,
449583,L1,L1,L2,L1,L3,L2,L1,L2,L1,C2_3,D2_1,F2_3,,L1,,,
449584,L1,L1,L2,L1,L3,L2,L1,L2,L1,C2_3,D2_1,F2_3,,L2,,,
449585,L1,L1,L2,L1,L3,L2,L1,L2,L1,C2_3,D2_1,F2_3,,L3,,,
449586,L1,L1,L2,L1,L3,L2,L1,L2,L1,C2_3,D2_2,F2_1,,L1,,,
449587,L1,L1,L2,L1,L3,L2,L1,L2,L1,C2_3,D2_2,F2_1,,L2,,,
449588,L1,L1,L2,L1,L3,L2,L1,L2,L1,C2_3,D2_2,F2_1,,L3,,,
449589,L1,L1,L2,L1,L3,L2,L1,L2,L1,C2_3,D2_2,F2_2,,L1,,,
449590,L1,L1,L2,L1,L3,L2,L1,L2,L1,C2_3,D2_2,F2_2,,L2,,,
449591,L1,L1,L2,L1,L3,L2,L1,L2,L1,C2_3,D2_2,F2_2,,L3,,,
449592,L1,L1,L2,L1,L3,L2,L1,L2,L1,C2_3,D2_2,F2_3,,L1,,,
449593,L1,L1,L2,L1,L3,L2,L1,L2,L1,C2_3,D2_2,F2_3,,L2,,,
449594,L1,L1,L2,L1,L3,L2,L1,L2,L1,C2_3,D2_2,F2_3,,L3,,,
449595,L1,L1,L2,L1,L3,L2,L1,L2,L1,C2_3,D2_3,F2_1,,L1,,,
449596,L1,L1,L2,L1,L3,L2,L1,L2,L1,C2_3,D2_3,F2_1,,L2,,,
449597,L1,L1,L2,L1,L3,L2,L1,L2,L1,C2_3,D2_3,F2_1,,L3,,,
449598,L1,L1,L2,L1,L3,L2,L1,L2,L1,C2_3,D2_3,F2_2,,L1,,,
449599,L1,L1,L2,L1,L3,L2,L1,L2,L1,C2_3,D2_3,F2_2,,L2,,,
449600,L1,L1,L2,L1,L3,L2,L1,L2,L1,C2_3,D2_3,F2_2,,L3,,,
449601,L1,L1,L2,L1,L3,L2,L1,L2,L1,C2_3,D2_3,F2_3,,L1,,,
449602,L1,L1,L2,L1,L3,L2,L1,L2,L1,C2_3,D2_3,F2_3,,L2,,,
449603,L1,L1,L2,L1,L3,L2,L1,L2,L1,C2_3,D2_3,F2_3,,L3,,,
451386,L2,L2,L3,L3,L3,L2,L1,L2,L1,C2_1,D2_1,F2_1,,L1,,,
451387,L2,L2,L3,L3,L3,L2,L1,L2,L1,C2_1,D2_1,F2_1,,L2,,,
451388,L2,L2,L3,L3,L3,L2,L1,L2,L1,C2_1,D2_1,F2_1,,L3,,,
451389,L2,L2,L3,L3,L3,L2,L1,L2,L1,C2_1,D2_1,F2_2,,L1,,,
451390,L2,L2,L3,L3,L3,L2,L1,L2,L1,C2_1,D2_1,F2_2,,L2,,,
451391,L2,L2,L3,L3,L3,L2,L1,L2,L1,C2_1,D2_1,F2_2,,L3,,,
451392,L2,L2,L3,L3,L3,L2,L1,L2,L1,C2_1,D2_1,F2_3,,L1,,,
451393,L2,L2,L3,L3,L3,L2,L1,L2,L1,C2_1,D2_1,F2_3,,L2,,,
451394,L2,L2,L3,L3,L3,L2,L1,L2,L1,C2_1,D2_1,F2_3,,L3,,,
451395,L2,L2,L3,L3,L3,L2,L1,L2,L1,C2_1,D2_2,F2_1,,L1,,,
451396,L2,L2,L3,L3,L3,L2,L1,L2,L1,C2_1,D2_2,F2_1,,L2,,,
451397,L2,L2,L3,L3,L3,L2,L1,L2,L1,C2_1,D2_2,F2_1,,L3,,,
451398,L2,L2,L3,L3,L3,L2,L1,L2,L1,C2_1,D2_2,F2_2,,L1,,,
451399,L2,L2,L3,L3,L3,L2,L1,L2,L1,C2_1,D2_2,F2_2,,L2,,,
451400,L2,L2,L3,L3,L3,L2,L1,L2,L1,C2_1,D2_2,F2_2,,L3,,,
451401,L2,L2,L3,L3,L3,L2,L1,L2,L1,C2_1,D2_2,F2_3,,L1,,,
451402,L2,L2,L3,L3,L3,L2,L1,L2,L1,C2_1,D2_2,F2_3,,L2,,,
451403,L2,L2,L3,L3,L3,L2,L1,L2,L1,C2_1,D2_2,F2_3,,L3,,,
451404,L2,L2,L3,L3,L3,L2,L1,L2,L1,C2_1,D2_3,F2_1,,L1,,,
451405,L2,L2,L3,L3,L3,L2,L1,L2,L1,C2_1,D2_3,F2_1,,L2,,,
451406,L2,L2,L3,L3,L3,L2,L1,L2,L1,C2_1,D2_3,F2_1,,L3,,,
451407,L2,L2,L3,L3,L3,L2,L1,L2,L1,C2_1,D2_3,F2_2,,L1,,,
451408,L2,L2,L3,L3,L3,L2,L1,L2,L1,C2_1,D2_3,F2_2,,L2,,,
451409,L2,L2,L3,L3,L3,L2,L1,L2,L1,C2_1,D2_3,F2_2,,L3,,,
451410,L2,L2,L3,L3,L3,L2,L1,L2,L1,C2_1,D2_3,F2_3,,L1,,,
451411,L2,L2,L3,L3,L3,L2,L1,L2,L1,C2_1,D2_3,F2_3,,L2,,,
451412,L2,L2,L3,L3,L3,L2,L1,L2,L1,C2_1,D2_3,F2_3,,L3,,,
451413,L2,L2,L3,L3,L3,L2,L1,L2,L1,C2_2,D2_1,F2_1,,L1,,,
451414,L2,L2,L3,L3,L3,L2,L1,L2,L1,C2_2,D2_1,F2_1,,L2,,,
451415,L2,L2,L3,L3,L3,L2,L1,L2,L1,C2_2,D2_1,F2_1,,L3,,,
451416,L2,L2,L3,L3,L3,L2,L1,L2,L1,C2_2,D2_1,F2_2,,L1,,,
451417,L2,L2,L3,L3,L3,L2,L1,L2,L1,C2_2,D2_1,F2_2,,L2,,,
451418,L2,L2,L3,L3,L3,L2,L1,L2,L1,C2_2,D2_1,F2_2,,L3,,,
451419,L2,L2,L3,L3,L3,L2,L1,L2,L1,C2_2,D2_1,F2_3,,L1,,,
451420,L2,L2,L3,L3,L3,L2,L1,L2,L1,C2_2,D2_1,F2_3,,L2,,,
451421,L2,L2,L3,L3,L3,L2,L1,L2,L1,C2_2,D2_1,F2_3,,L3,,,
451422,L2,L2,L3,L3,L3,L2,L1,L2,L1,C2_2,D2_2,F2_1,,L1,,,
451423,L2,L2,L3,L3,L3,L2,L1,L2,L1,C2_2,D2_2,F2_1,,L2,,,
451424,L2,L2,L3,L3,L3,L2,L1,L2,L1,C2_2,D2_2,F2_1,,L3,,,
451425,L2,L2,L3,L3,L3,L2,L1,L2,L1,C2_2,D2_2,F2_2,,L1,,,
451426,L2,L2,L3,L3,L3,L2,L1,L2,L1,C2_2,D2_2,F2_2,,L2,,,
451427,L2,L2,L3,L3,L3,L2,L1,L2,L1,C2_2,D2_2,F2_2,,L3,,,
451428,L2,L2,L3,L3,L3,L2,L1,L2,L1,C2_2,D2_2,F2_3,,L1,,,
451429,L2,L2,L3,L3,L3,L2,L1,L2,L1,C2_2,D2_2,F2_3,,L2,,,
451430,L2,L2,L3,L3,L3,L2,L1,L2,L1,C2_2,D2_2,F2_3,,L3,,,
451431,L2,L2,L3,L3,L3,L2,L1,L2,L1,C2_2,D2_3,F2_1,,L1,,,
451432,L2,L2,L3,L3,L3,L2,L1,L2,L1,C2_2,D2_3,F2_1,,L2,,,
451433,L2,L2,L3,L3,L3,L2,L1,L2,L1,C2_2,D2_3,F2_1,,L3,,,
451434,L2,L2,L3,L3,L3,L2,L1,L2,L1,C2_2,D2_3,F2_2,,L1,,,
451435,L2,L2,L3,L3,L3,L2,L1,L2,L1,C2_2,D2_3,F2_2,,L2,,,
451436,L2,L2,L3,L3,L3,L2,L1,L2,L1,C2_2,D2_3,F2_2,,L3,,,
451437,L2,L2,L3,L3,L3,L2,L1,L2,L1,C2_2,D2_3,F2_3,,L1,,,
451438,L2,L2,L3,L3,L3,L2,L1,L2,L1,C2_2,D2_3,F2_3,,L2,,,
451439,L2,L2,L3,L3,L3,L2,L1,L2,L1,C2_2,D2_3,F2_3,,L3,,,
451440,L2,L2,L3,L3,L3,L2,L1,L2,L1,C2_3,D2_1,F2_1,,L1,,,
451441,L2,L2,L3,L3,L3,L2,L1,L2,L1,C2_3,D2_1,F2_1,,L2,,,
451442,L2,L2,L3,L3,L3,L2,L1,L2,L1,C2_3,D2_1,F2_1,,L3,,,
451443,L2,L2,L3,L3,L3,L2,L1,L2,L1,C2_3,D2_1,F2_2,,L1,,,
451444,L2,L2,L3,L3,L3,L2,L1,L2,L1,C2_3,D2_1,F2_2,,L2,,,
451445,L2,L2,L3,L3,L3,L2,L1,L2,L1,C2_3,D2_1,F2_2,,L3,,,
451446,L2,L2,L3,L3,L3,L2,L1,L2,L1,C2_3,D2_1,F2_3,,L1,,,
451447,L2,L2,L3,L3,L3,L2,L1,L2,L1,C2_3,D2_1,F2_3,,L2,,,
451448,L2,L2,L3,L3,L3,L2,L1,L2,L1,C2_3,D2_1,F2_3,,L3,,,
451449,L2,L2,L3,L3,L3,L2,L1,L2,L1,C2_3,D2_2,F2_1,,L1,,,
451450,L2,L2,L3,L3,L3,L2,L1,L2,L1,C2_3,D2_2,F2_1,,L2,,,
451451,L2,L2,L3,L3,L3,L2,L1,L2,L1,C2_3,D2_2,F2_1,,L3,,,
451452,L2,L2,L3,L3,L3,L2,L1,L2,L1,C2_3,D2_2,F2_2,,L1,,,
451453,L2,L2,L3,L3,L3,L2,L1,L2,L1,C2_3,D2_2,F2_2,,L2,,,
451454,L2,L2,L3,L3,L3,L2,L1,L2,L1,C2_3,D2_2,F2_2,,L3,,,
451455,L2,L2,L3,L3,L3,L2,L1,L2,L1,C2_3,D2_2,F2_3,,L1,,,
451456,L2,L2,L3,L3,L3,L2,L1,L2,L1,C2_3,D2_2,F2_3,,L2,,,
451457,L2,L2,L3,L3,L3,L2,L1,L2,L1,C2_3,D2_2,F2_3,,L3,,,
451458,L2,L2,L3,L3,L3,L2,L1,L2,L1,C2_3,D2_3,F2_1,,L1,,,
451459,L2,L2,L3,L3,L3,L2,L1,L2,L1,C2_3,D2_3,F2_1,,L2,,,
451460,L2,L2,L3,L3,L3,L2,L1,L2,L1,C2_3,D2_3,F2_1,,L3,,,
451461,L2,L2,L3,L3,L3,L2,L1,L2,L1,C2_3,D2_3,F2_2,,L1,,,
451462,L2,L2,L3,L3,L3,L2,L1,L2,L1,C2_3,D2_3,F2_2,,L2,,,
451463,L2,L2,L3,L3,L3,L2,L1,L2,L1,C2_3,D2_3,F2_2,,L3,,,
451464,L2,L2,L3,L3,L3,L2,L1,L2,L1,C2_3,D2_3,F2_3,,L1,,,
451465,L2,L2,L3,L3,L3,L2,L1,L2,L1,C2_3,D2_3,F2_3,,L2,,,
451466,L2,L2,L3,L3,L3,L2,L1,L2,L1,C2_3,D2_3,F2_3,,L3,,,
470556,L1,L1,L3,L3,L1,L2,L1,L2,L1,C2_1,D2_1,F2_1,,L1,,,
470557,L1,L1,L3,L3,L1,L2,L1,L2,L1,C2_1,D2_1,F2_1,,L2,,,
470558,L1,L1,L3,L3,L1,L2,L1,L2,L1,C2_1,D2_1,F2_1,,L3,,,
470559,L1,L1,L3,L3,L1,L2,L1,L2,L1,C2_1,D2_1,F2_2,,L1,,,
470560,L1,L1,L3,L3,L1,L2,L1,L2,L1,C2_1,D2_1,F2_2,,L2,,,
470561,L1,L1,L3,L3,L1,L2,L1,L2,L1,C2_1,D2_1,F2_2,,L3,,,
470562,L1,L1,L3,L3,L1,L2,L1,L2,L1,C2_1,D2_1,F2_3,,L1,,,
470563,L1,L1,L3,L3,L1,L2,L1,L2,L1,C2_1,D2_1,F2_3,,L2,,,
470564,L1,L1,L3,L3,L1,L2,L1,L2,L1,C2_1,D2_1,F2_3,,L3,,,
470565,L1,L1,L3,L3,L1,L2,L1,L2,L1,C2_1,D2_2,F2_1,,L1,,,
470566,L1,L1,L3,L3,L1,L2,L1,L2,L1,C2_1,D2_2,F2_1,,L2,,,
470567,L1,L1,L3,L3,L1,L2,L1,L2,L1,C2_1,D2_2,F2_1,,L3,,,
470568,L1,L1,L3,L3,L1,L2,L1,L2,L1,C2_1,D2_2,F2_2,,L1,,,
470569,L1,L1,L3,L3,L1,L2,L1,L2,L1,C2_1,D2_2,F2_2,,L2,,,
470570,L1,L1,L3,L3,L1,L2,L1,L2,L1,C2_1,D2_2,F2_2,,L3,,,
470571,L1,L1,L3,L3,L1,L2,L1,L2,L1,C2_1,D2_2,F2_3,,L1,,,
470572,L1,L1,L3,L3,L1,L2,L1,L2,L1,C2_1,D2_2,F2_3,,L2,,,
470573,L1,L1,L3,L3,L1,L2,L1,L2,L1,C2_1,D2_2,F2_3,,L3,,,
470574,L1,L1,L3,L3,L1,L2,L1,L2,L1,C2_1,D2_3,F2_1,,L1,,,
470575,L1,L1,L3,L3,L1,L2,L1,L2,L1,C2_1,D2_3,F2_1,,L2,,,
470576,L1,L1,L3,L3,L1,L2,L1,L2,L1,C2_1,D2_3,F2_1,,L3,,,
470577,L1,L1,L3,L3,L1,L2,L1,L2,L1,C2_1,D2_3,F2_2,,L1,,,
470578,L1,L1,L3,L3,L1,L2,L1,L2,L1,C2_1,D2_3,F2_2,,L2,,,
470579,L1,L1,L3,L3,L1,L2,L1,L2,L1,C2_1,D2_3,F2_2,,L3,,,
470580,L1,L1,L3,L3,L1,L2,L1,L2,L1,C2_1,D2_3,F2_3,,L1,,,
470581,L1,L1,L3,L3,L1,L2,L1,L2,L1,C2_1,D2_3,F2_3,,L2,,,
470582,L1,L1,L3,L3,L1,L2,L1,L2,L1,C2_1,D2_3,F2_3,,L3,,,
470583,L1,L1,L3,L3,L1,L2,L1,L2,L1,C2_2,D2_1,F2_1,,L1,,,
470584,L1,L1,L3,L3,L1,L2,L1,L2,L1,C2_2,D2_1,F2_1,,L2,,,
470585,L1,L1,L3,L3,L1,L2,L1,L2,L1,C2_2,D2_1,F2_1,,L3,,,
470586,L1,L1,L3,L3,L1,L2,L1,L2,L1,C2_2,D2_1,F2_2,,L1,,,
470587,L1,L1,L3,L3,L1,L2,L1,L2,L1,C2_2,D2_1,F2_2,,L2,,,
470588,L1,L1,L3,L3,L1,L2,L1,L2,L1,C2_2,D2_1,F2_2,,L3,,,
470589,L1,L1,L3,L3,L1,L2,L1,L2,L1,C2_2,D2_1,F2_3,,L1,,,
470590,L1,L1,L3,L3,L1,L2,L1,L2,L1,C2_2,D2_1,F2_3,,L2,,,
470591,L1,L1,L3,L3,L1,L2,L1,L2,L1,C2_2,D2_1,F2_3,,L3,,,
470592,L1,L1,L3,L3,L1,L2,L1,L2,L1,C2_2,D2_2,F2_1,,L1,,,
470593,L1,L1,L3,L3,L1,L2,L1,L2,L1,C2_2,D2_2,F2_1,,L2,,,
470594,L1,L1,L3,L3,L1,L2,L1,L2,L1,C2_2,D2_2,F2_1,,L3,,,
470595,L1,L1,L3,L3,L1,L2,L1,L2,L1,C2_2,D2_2,F2_2,,L1,,,
470596,L1,L1,L3,L3,L1,L2,L1,L2,L1,C2_2,D2_2,F2_2,,L2,,,
470597,L1,L1,L3,L3,L1,L2,L1,L2,L1,C2_2,D2_2,F2_2,,L3,,,
470598,L1,L1,L3,L3,L1,L2,L1,L2,L1,C2_2,D2_2,F2_3,,L1,,,
470599,L1,L1,L3,L3,L1,L2,L1,L2,L1,C2_2,D2_2,F2_3,,L2,,,
470600,L1,L1,L3,L3,L1,L2,L1,L2,L1,C2_2,D2_2,F2_3,,L3,,,
470601,L1,L1,L3,L3,L1,L2,L1,L2,L1,C2_2,D2_3,F2_1,,L1,,,
470602,L1,L1,L3,L3,L1,L2,L1,L2,L1,C2_2,D2_3,F2_1,,L2,,,
470603,L1,L1,L3,L3,L1,L2,L1,L2,L1,C2_2,D2_3,F2_1,,L3,,,
470604,L1,L1,L3,L3,L1,L2,L1,L2,L1,C2_2,D2_3,F2_2,,L1,,,
470605,L1,L1,L3,L3,L1,L2,L1,L2,L1,C2_2,D2_3,F2_2,,L2,,,
470606,L1,L1,L3,L3,L1,L2,L1,L2,L1,C2_2,D2_3,F2_2,,L3,,,
470607,L1,L1,L3,L3,L1,L2,L1,L2,L1,C2_2,D2_3,F2_3,,L1,,,
470608,L1,L1,L3,L3,L1,L2,L1,L2,L1,C2_2,D2_3,F2_3,,L2,,,
470609,L1,L1,L3,L3,L1,L2,L1,L2,L1,C2_2,D2_3,F2_3,,L3,,,
470610,L1,L1,L3,L3,L1,L2,L1,L2,L1,C2_3,D2_1,F2_1,,L1,,,
470611,L1,L1,L3,L3,L1,L2,L1,L2,L1,C2_3,D2_1,F2_1,,L2,,,
470612,L1,L1,L3,L3,L1,L2,L1,L2,L1,C2_3,D2_1,F2_1,,L3,,,
470613,L1,L1,L3,L3,L1,L2,L1,L2,L1,C2_3,D2_1,F2_2,,L1,,,
470614,L1,L1,L3,L3,L1,L2,L1,L2,L1,C2_3,D2_1,F2_2,,L2,,,
470615,L1,L1,L3,L3,L1,L2,L1,L2,L1,C2_3,D2_1,F2_2,,L3,,,
470616,L1,L1,L3,L3,L1,L2,L1,L2,L1,C2_3,D2_1,F2_3,,L1,,,
470617,L1,L1,L3,L3,L1,L2,L1,L2,L1,C2_3,D2_1,F2_3,,L2,,,
470618,L1,L1,L3,L3,L1,L2,L1,L2,L1,C2_3,D2_1,F2_3,,L3,,,
470619,L1,L1,L3,L3,L1,L2,L1,L2,L1,C2_3,D2_2,F2_1,,L1,,,
470620,L1,L1,L3,L3,L1,L2,L1,L2,L1,C2_3,D2_2,F2_1,,L2,,,
470621,L1,L1,L3,L3,L1,L2,L1,L2,L1,C2_3,D2_2,F2_1,,L3,,,
470622,L1,L1,L3,L3,L1,L2,L1,L2,L1,C2_3,D2_2,F2_2,,L1,,,
470623,L1,L1,L3,L3,L1,L2,L1,L2,L1,C2_3,D2_2,F2_2,,L2,,,
470624,L1,L1,L3,L3,L1,L2,L1,L2,L1,C2_3,D2_2,F2_2,,L3,,,
470625,L1,L1,L3,L3,L1,L2,L1,L2,L1,C2_3,D2_2,F2_3,,L1,,,
470626,L1,L1,L3,L3,L1,L2,L1,L2,L1,C2_3,D2_2,F2_3,,L2,,,
470627,L1,L1,L3,L3,L1,L2,L1,L2,L1,C2_3,D2_2,F2_3,,L3,,,
470628,L1,L1,L3,L3,L1,L2,L1,L2,L1,C2_3,D2_3,F2_1,,L1,,,
470629,L1,L1,L3,L3,L1,L2,L1,L2,L1,C2_3,D2_3,F2_1,,L2,,,
470630,L1,L1,L3,L3,L1,L2,L1,L2,L1,C2_3,D2_3,F2_1,,L3,,,
470631,L1,L1,L3,L3,L1,L2,L1,L2,L1,C2_3,D2_3,F2_2,,L1,,,
470632,L1,L1,L3,L3,L1,L2,L1,L2,L1,C2_3,D2_3,F2_2,,L2,,,
470633,L1,L1,L3,L3,L1,L2,L1,L2,L1,C2_3,D2_3,F2_2,,L3,,,
470634,L1,L1,L3,L3,L1,L2,L1,L2,L1,C2_3,D2_3,F2_3,,L1,,,
470635,L1,L1,L3,L3,L1,L2,L1,L2,L1,C2_3,D2_3,F2_3,,L2,,,
470636,L1,L1,L3,L3,L1,L2,L1,L2,L1,C2_3,D2_3,F2_3,,L3,,,
