,A,B,G,H,I,E,X,Y,Z,C,D,F,J,K,N,L,M
2646,L3,L3,L1,L3,L1,L1,L1,L2,L1,C1_1,D1_1,F1_1,,L1,,,
2647,L3,L3,L1,L3,L1,L1,L1,L2,L1,C1_1,D1_1,F1_1,,L2,,,
2648,L3,L3,L1,L3,L1,L1,L1,L2,L1,C1_1,D1_1,F1_1,,L3,,,
2649,L3,L3,L1,L3,L1,L1,L1,L2,L1,C1_1,D1_1,F1_2,,L1,,,
2650,L3,L3,L1,L3,L1,L1,L1,L2,L1,C1_1,D1_1,F1_2,,L2,,,
2651,L3,L3,L1,L3,L1,L1,L1,L2,L1,C1_1,D1_1,F1_2,,L3,,,
2652,L3,L3,L1,L3,L1,L1,L1,L2,L1,C1_1,D1_1,F1_3,,L1,,,
2653,L3,L3,L1,L3,L1,L1,L1,L2,L1,C1_1,D1_1,F1_3,,L2,,,
2654,L3,L3,L1,L3,L1,L1,L1,L2,L1,C1_1,D1_1,F1_3,,L3,,,
2655,L3,L3,L1,L3,L1,L1,L1,L2,L1,C1_1,D1_2,F1_1,,L1,,,
2656,L3,L3,L1,L3,L1,L1,L1,L2,L1,C1_1,D1_2,F1_1,,L2,,,
2657,L3,L3,L1,L3,L1,L1,L1,L2,L1,C1_1,D1_2,F1_1,,L3,,,
2658,L3,L3,L1,L3,L1,L1,L1,L2,L1,C1_1,D1_2,F1_2,,L1,,,
2659,L3,L3,L1,L3,L1,L1,L1,L2,L1,C1_1,D1_2,F1_2,,L2,,,
2660,L3,L3,L1,L3,L1,L1,L1,L2,L1,C1_1,D1_2,F1_2,,L3,,,
2661,L3,L3,L1,L3,L1,L1,L1,L2,L1,C1_1,D1_2,F1_3,,L1,,,
2662,L3,L3,L1,L3,L1,L1,L1,L2,L1,C1_1,D1_2,F1_3,,L2,,,
2663,L3,L3,L1,L3,L1,L1,L1,L2,L1,C1_1,D1_2,F1_3,,L3,,,
2664,L3,L3,L1,L3,L1,L1,L1,L2,L1,C1_1,D1_3,F1_1,,L1,,,
2665,L3,L3,L1,L3,L1,L1,L1,L2,L1,C1_1,D1_3,F1_1,,L2,,,
2666,L3,L3,L1,L3,L1,L1,L1,L2,L1,C1_1,D1_3,F1_1,,L3,,,
2667,L3,L3,L1,L3,L1,L1,L1,L2,L1,C1_1,D1_3,F1_2,,L1,,,
2668,L3,L3,L1,L3,L1,L1,L1,L2,L1,C1_1,D1_3,F1_2,,L2,,,
2669,L3,L3,L1,L3,L1,L1,L1,L2,L1,C1_1,D1_3,F1_2,,L3,,,
2670,L3,L3,L1,L3,L1,L1,L1,L2,L1,C1_1,D1_3,F1_3,,L1,,,
2671,L3,L3,L1,L3,L1,L1,L1,L2,L1,C1_1,D1_3,F1_3,,L2,,,
2672,L3,L3,L1,L3,L1,L1,L1,L2,L1,C1_1,D1_3,F1_3,,L3,,,
2673,L3,L3,L1,L3,L1,L1,L1,L2,L1,C1_2,D1_1,F1_1,,L1,,,
2674,L3,L3,L1,L3,L1,L1,L1,L2,L1,C1_2,D1_1,F1_1,,L2,,,
2675,L3,L3,L1,L3,L1,L1,L1,L2,L1,C1_2,D1_1,F1_1,,L3,,,
2676,L3,L3,L1,L3,L1,L1,L1,L2,L1,C1_2,D1_1,F1_2,,L1,,,
2677,L3,L3,L1,L3,L1,L1,L1,L2,L1,C1_2,D1_1,F1_2,,L2,,,
2678,L3,L3,L1,L3,L1,L1,L1,L2,L1,C1_2,D1_1,F1_2,,L3,,,
2679,L3,L3,L1,L3,L1,L1,L1,L2,L1,C1_2,D1_1,F1_3,,L1,,,
2680,L3,L3,L1,L3,L1,L1,L1,L2,L1,C1_2,D1_1,F1_3,,L2,,,
2681,L3,L3,L1,L3,L1,L1,L1,L2,L1,C1_2,D1_1,F1_3,,L3,,,
2682,L3,L3,L1,L3,L1,L1,L1,L2,L1,C1_2,D1_2,F1_1,,L1,,,
2683,L3,L3,L1,L3,L1,L1,L1,L2,L1,C1_2,D1_2,F1_1,,L2,,,
2684,L3,L3,L1,L3,L1,L1,L1,L2,L1,C1_2,D1_2,F1_1,,L3,,,
2685,L3,L3,L1,L3,L1,L1,L1,L2,L1,C1_2,D1_2,F1_2,,L1,,,
2686,L3,L3,L1,L3,L1,L1,L1,L2,L1,C1_2,D1_2,F1_2,,L2,,,
2687,L3,L3,L1,L3,L1,L1,L1,L2,L1,C1_2,D1_2,F1_2,,L3,,,
2688,L3,L3,L1,L3,L1,L1,L1,L2,L1,C1_2,D1_2,F1_3,,L1,,,
2689,L3,L3,L1,L3,L1,L1,L1,L2,L1,C1_2,D1_2,F1_3,,L2,,,
2690,L3,L3,L1,L3,L1,L1,L1,L2,L1,C1_2,D1_2,F1_3,,L3,,,
2691,L3,L3,L1,L3,L1,L1,L1,L2,L1,C1_2,D1_3,F1_1,,L1,,,
2692,L3,L3,L1,L3,L1,L1,L1,L2,L1,C1_2,D1_3,F1_1,,L2,,,
2693,L3,L3,L1,L3,L1,L1,L1,L2,L1,C1_2,D1_3,F1_1,,L3,,,
2694,L3,L3,L1,L3,L1,L1,L1,L2,L1,C1_2,D1_3,F1_2,,L1,,,
2695,L3,L3,L1,L3,L1,L1,L1,L2,L1,C1_2,D1_3,F1_2,,L2,,,
2696,L3,L3,L1,L3,L1,L1,L1,L2,L1,C1_2,D1_3,F1_2,,L3,,,
2697,L3,L3,L1,L3,L1,L1,L1,L2,L1,C1_2,D1_3,F1_3,,L1,,,
2698,L3,L3,L1,L3,L1,L1,L1,L2,L1,C1_2,D1_3,F1_3,,L2,,,
2699,L3,L3,L1,L3,L1,L1,L1,L2,L1,C1_2,D1_3,F1_3,,L3,,,
2700,L3,L3,L1,L3,L1,L1,L1,L2,L1,C1_3,D1_1,F1_1,,L1,,,
2701,L3,L3,L1,L3,L1,L1,L1,L2,L1,C1_3,D1_1,F1_1,,L2,,,
2702,L3,L3,L1,L3,L1,L1,L1,L2,L1,C1_3,D1_1,F1_1,,L3,,,
2703,L3,L3,L1,L3,L1,L1,L1,L2,L1,C1_3,D1_1,F1_2,,L1,,,
2704,L3,L3,L1,L3,L1,L1,L1,L2,L1,C1_3,D1_1,F1_2,,L2,,,
2705,L3,L3,L1,L3,L1,L1,L1,L2,L1,C1_3,D1_1,F1_2,,L3,,,
2706,L3,L3,L1,L3,L1,L1,L1,L2,L1,C1_3,D1_1,F1_3,,L1,,,
2707,L3,L3,L1,L3,L1,L1,L1,L2,L1,C1_3,D1_1,F1_3,,L2,,,
2708,L3,L3,L1,L3,L1,L1,L1,L2,L1,C1_3,D1_1,F1_3,,L3,,,
2709,L3,L3,L1,L3,L1,L1,L1,L2,L1,C1_3,D1_2,F1_1,,L1,,,
2710,L3,L3,L1,L3,L1,L1,L1,L2,L1,C1_3,D1_2,F1_1,,L2,,,
2711,L3,L3,L1,L3,L1,L1,L1,L2,L1,C1_3,D1_2,F1_1,,L3,,,
2712,L3,L3,L1,L3,L1,L1,L1,L2,L1,C1_3,D1_2,F1_2,,L1,,,
2713,L3,L3,L1,L3,L1,L1,L1,L2,L1,C1_3,D1_2,F1_2,,L2,,,
2714,L3,L3,L1,L3,L1,L1,L1,L2,L1,C1_3,D1_2,F1_2,,L3,,,
2715,L3,L3,L1,L3,L1,L1,L1,L2,L1,C1_3,D1_2,F1_3,,L1,,,
2716,L3,L3,L1,L3,L1,L1,L1,L2,L1,C1_3,D1_2,F1_3,,L2,,,
2717,L3,L3,L1,L3,L1,L1,L1,L2,L1,C1_3,D1_2,F1_3,,L3,,,
2718,L3,L3,L1,L3,L1,L1,L1,L2,L1,C1_3,D1_3,F1_1,,L1,,,
2719,L3,L3,L1,L3,L1,L1,L1,L2,L1,C1_3,D1_3,F1_1,,L2,,,
2720,L3,L3,L1,L3,L1,L1,L1,L2,L1,C1_3,D1_3,F1_1,,L3,,,
2721,L3,L3,L1,L3,L1,L1,L1,L2,L1,C1_3,D1_3,F1_2,,L1,,,
2722,L3,L3,L1,L3,L1,L1,L1,L2,L1,C1_3,D1_3,F1_2,,L2,,,
2723,L3,L3,L1,L3,L1,L1,L1,L2,L1,C1_3,D1_3,F1_2,,L3,,,
2724,L3,L3,L1,L3,L1,L1,L1,L2,L1,C1_3,D1_3,F1_3,,L1,,,
2725,L3,L3,L1,L3,L1,L1,L1,L2,L1,C1_3,D1_3,F1_3,,L2,,,
2726,L3,L3,L1,L3,L1,L1,L1,L2,L1,C1_3,D1_3,F1_3,,L3,,,
32373,L3,L2,L3,L2,L1,L1,L1,L2,L1,C1_1,D1_1,F1_1,,L1,,,
32374,L3,L2,L3,L2,L1,L1,L1,L2,L1,C1_1,D1_1,F1_1,,L2,,,
32375,L3,L2,L3,L2,L1,L1,L1,L2,L1,C1_1,D1_1,F1_1,,L3,,,
32376,L3,L2,L3,L2,L1,L1,L1,L2,L1,C1_1,D1_1,F1_2,,L1,,,
32377,L3,L2,L3,L2,L1,L1,L1,L2,L1,C1_1,D1_1,F1_2,,L2,,,
32378,L3,L2,L3,L2,L1,L1,L1,L2,L1,C1_1,D1_1,F1_2,,L3,,,
32379,L3,L2,L3,L2,L1,L1,L1,L2,L1,C1_1,D1_1,F1_3,,L1,,,
32380,L3,L2,L3,L2,L1,L1,L1,L2,L1,C1_1,D1_1,F1_3,,L2,,,
32381,L3,L2,L3,L2,L1,L1,L1,L2,L1,C1_1,D1_1,F1_3,,L3,,,
32382,L3,L2,L3,L2,L1,L1,L1,L2,L1,C1_1,D1_2,F1_1,,L1,,,
32383,L3,L2,L3,L2,L1,L1,L1,L2,L1,C1_1,D1_2,F1_1,,L2,,,
32384,L3,L2,L3,L2,L1,L1,L1,L2,L1,C1_1,D1_2,F1_1,,L3,,,
32385,L3,L2,L3,L2,L1,L1,L1,L2,L1,C1_1,D1_2,F1_2,,L1,,,
32386,L3,L2,L3,L2,L1,L1,L1,L2,L1,C1_1,D1_2,F1_2,,L2,,,
32387,L3,L2,L3,L2,L1,L1,L1,L2,L1,C1_1,D1_2,F1_2,,L3,,,
32388,L3,L2,L3,L2,L1,L1,L1,L2,L1,C1_1,D1_2,F1_3,,L1,,,
32389,L3,L2,L3,L2,L1,L1,L1,L2,L1,C1_1,D1_2,F1_3,,L2,,,
32390,L3,L2,L3,L2,L1,L1,L1,L2,L1,C1_1,D1_2,F1_3,,L3,,,
32391,L3,L2,L3,L2,L1,L1,L1,L2,L1,C1_1,D1_3,F1_1,,L1,,,
32392,L3,L2,L3,L2,L1,L1,L1,L2,L1,C1_1,D1_3,F1_1,,L2,,,
32393,L3,L2,L3,L2,L1,L1,L1,L2,L1,C1_1,D1_3,F1_1,,L3,,,
32394,L3,L2,L3,L2,L1,L1,L1,L2,L1,C1_1,D1_3,F1_2,,L1,,,
32395,L3,L2,L3,L2,L1,L1,L1,L2,L1,C1_1,D1_3,F1_2,,L2,,,
32396,L3,L2,L3,L2,L1,L1,L1,L2,L1,C1_1,D1_3,F1_2,,L3,,,
32397,L3,L2,L3,L2,L1,L1,L1,L2,L1,C1_1,D1_3,F1_3,,L1,,,
32398,L3,L2,L3,L2,L1,L1,L1,L2,L1,C1_1,D1_3,F1_3,,L2,,,
32399,L3,L2,L3,L2,L1,L1,L1,L2,L1,C1_1,D1_3,F1_3,,L3,,,
32400,L3,L2,L3,L2,L1,L1,L1,L2,L1,C1_2,D1_1,F1_1,,L1,,,
32401,L3,L2,L3,L2,L1,L1,L1,L2,L1,C1_2,D1_1,F1_1,,L2,,,
32402,L3,L2,L3,L2,L1,L1,L1,L2,L1,C1_2,D1_1,F1_1,,L3,,,
32403,L3,L2,L3,L2,L1,L1,L1,L2,L1,C1_2,D1_1,F1_2,,L1,,,
32404,L3,L2,L3,L2,L1,L1,L1,L2,L1,C1_2,D1_1,F1_2,,L2,,,
32405,L3,L2,L3,L2,L1,L1,L1,L2,L1,C1_2,D1_1,F1_2,,L3,,,
32406,L3,L2,L3,L2,L1,L1,L1,L2,L1,C1_2,D1_1,F1_3,,L1,,,
32407,L3,L2,L3,L2,L1,L1,L1,L2,L1,C1_2,D1_1,F1_3,,L2,,,
32408,L3,L2,L3,L2,L1,L1,L1,L2,L1,C1_2,D1_1,F1_3,,L3,,,
32409,L3,L2,L3,L2,L1,L1,L1,L2,L1,C1_2,D1_2,F1_1,,L1,,,
32410,L3,L2,L3,L2,L1,L1,L1,L2,L1,C1_2,D1_2,F1_1,,L2,,,
32411,L3,L2,L3,L2,L1,L1,L1,L2,L1,C1_2,D1_2,F1_1,,L3,,,
32412,L3,L2,L3,L2,L1,L1,L1,L2,L1,C1_2,D1_2,F1_2,,L1,,,
32413,L3,L2,L3,L2,L1,L1,L1,L2,L1,C1_2,D1_2,F1_2,,L2,,,
32414,L3,L2,L3,L2,L1,L1,L1,L2,L1,C1_2,D1_2,F1_2,,L3,,,
32415,L3,L2,L3,L2,L1,L1,L1,L2,L1,C1_2,D1_2,F1_3,,L1,,,
32416,L3,L2,L3,L2,L1,L1,L1,L2,L1,C1_2,D1_2,F1_3,,L2,,,
32417,L3,L2,L3,L2,L1,L1,L1,L2,L1,C1_2,D1_2,F1_3,,L3,,,
32418,L3,L2,L3,L2,L1,L1,L1,L2,L1,C1_2,D1_3,F1_1,,L1,,,
32419,L3,L2,L3,L2,L1,L1,L1,L2,L1,C1_2,D1_3,F1_1,,L2,,,
32420,L3,L2,L3,L2,L1,L1,L1,L2,L1,C1_2,D1_3,F1_1,,L3,,,
32421,L3,L2,L3,L2,L1,L1,L1,L2,L1,C1_2,D1_3,F1_2,,L1,,,
32422,L3,L2,L3,L2,L1,L1,L1,L2,L1,C1_2,D1_3,F1_2,,L2,,,
32423,L3,L2,L3,L2,L1,L1,L1,L2,L1,C1_2,D1_3,F1_2,,L3,,,
32424,L3,L2,L3,L2,L1,L1,L1,L2,L1,C1_2,D1_3,F1_3,,L1,,,
32425,L3,L2,L3,L2,L1,L1,L1,L2,L1,C1_2,D1_3,F1_3,,L2,,,
32426,L3,L2,L3,L2,L1,L1,L1,L2,L1,C1_2,D1_3,F1_3,,L3,,,
32427,L3,L2,L3,L2,L1,L1,L1,L2,L1,C1_3,D1_1,F1_1,,L1,,,
32428,L3,L2,L3,L2,L1,L1,L1,L2,L1,C1_3,D1_1,F1_1,,L2,,,
32429,L3,L2,L3,L2,L1,L1,L1,L2,L1,C1_3,D1_1,F1_1,,L3,,,
32430,L3,L2,L3,L2,L1,L1,L1,L2,L1,C1_3,D1_1,F1_2,,L1,,,
32431,L3,L2,L3,L2,L1,L1,L1,L2,L1,C1_3,D1_1,F1_2,,L2,,,
32432,L3,L2,L3,L2,L1,L1,L1,L2,L1,C1_3,D1_1,F1_2,,L3,,,
32433,L3,L2,L3,L2,L1,L1,L1,L2,L1,C1_3,D1_1,F1_3,,L1,,,
32434,L3,L2,L3,L2,L1,L1,L1,L2,L1,C1_3,D1_1,F1_3,,L2,,,
32435,L3,L2,L3,L2,L1,L1,L1,L2,L1,C1_3,D1_1,F1_3,,L3,,,
32436,L3,L2,L3,L2,L1,L1,L1,L2,L1,C1_3,D1_2,F1_1,,L1,,,
32437,L3,L2,L3,L2,L1,L1,L1,L2,L1,C1_3,D1_2,F1_1,,L2,,,
32438,L3,L2,L3,L2,L1,L1,L1,L2,L1,C1_3,D1_2,F1_1,,L3,,,
32439,L3,L2,L3,L2,L1,L1,L1,L2,L1,C1_3,D1_2,F1_2,,L1,,,
32440,L3,L2,L3,L2,L1,L1,L1,L2,L1,C1_3,D1_2,F1_2,,L2,,,
32441,L3,L2,L3,L2,L1,L1,L1,L2,L1,C1_3,D1_2,F1_2,,L3,,,
32442,L3,L2,L3,L2,L1,L1,L1,L2,L1,C1_3,D1_2,F1_3,,L1,,,
32443,L3,L2,L3,L2,L1,L1,L1,L2,L1,C1_3,D1_2,F1_3,,L2,,,
32444,L3,L2,L3,L2,L1,L1,L1,L2,L1,C1_3,D1_2,F1_3,,L3,,,
32445,L3,L2,L3,L2,L1,L1,L1,L2,L1,C1_3,D1_3,F1_1,,L1,,,
32446,L3,L2,L3,L2,L1,L1,L1,L2,L1,C1_3,D1_3,F1_1,,L2,,,
32447,L3,L2,L3,L2,L1,L1,L1,L2,L1,C1_3,D1_3,F1_1,,L3,,,
32448,L3,L2,L3,L2,L1,L1,L1,L2,L1,C1_3,D1_3,F1_2,,L1,,,
32449,L3,L2,L3,L2,L1,L1,L1,L2,L1,C1_3,D1_3,F1_2,,L2,,,
32450,L3,L2,L3,L2,L1,L1,L1,L2,L1,C1_3,D1_3,F1_2,,L3,,,
32451,L3,L2,L3,L2,L1,L1,L1,L2,L1,C1_3,D1_3,F1_3,,L1,,,
32452,L3,L2,L3,L2,L1,L1,L1,L2,L1,C1_3,D1_3,F1_3,,L2,,,
32453,L3,L2,L3,L2,L1,L1,L1,L2,L1,C1_3,D1_3,F1_3,,L3,,,
34965,L2,L3,L2,L1,L2,L1,L1,L2,L1,C1_1,D1_1,F1_1,,L1,,,
34966,L2,L3,L2,L1,L2,L1,L1,L2,L1,C1_1,D1_1,F1_1,,L2,,,
34967,L2,L3,L2,L1,L2,L1,L1,L2,L1,C1_1,D1_1,F1_1,,L3,,,
34968,L2,L3,L2,L1,L2,L1,L1,L2,L1,C1_1,D1_1,F1_2,,L1,,,
34969,L2,L3,L2,L1,L2,L1,L1,L2,L1,C1_1,D1_1,F1_2,,L2,,,
34970,L2,L3,L2,L1,L2,L1,L1,L2,L1,C1_1,D1_1,F1_2,,L3,,,
34971,L2,L3,L2,L1,L2,L1,L1,L2,L1,C1_1,D1_1,F1_3,,L1,,,
34972,L2,L3,L2,L1,L2,L1,L1,L2,L1,C1_1,D1_1,F1_3,,L2,,,
34973,L2,L3,L2,L1,L2,L1,L1,L2,L1,C1_1,D1_1,F1_3,,L3,,,
34974,L2,L3,L2,L1,L2,L1,L1,L2,L1,C1_1,D1_2,F1_1,,L1,,,
34975,L2,L3,L2,L1,L2,L1,L1,L2,L1,C1_1,D1_2,F1_1,,L2,,,
34976,L2,L3,L2,L1,L2,L1,L1,L2,L1,C1_1,D1_2,F1_1,,L3,,,
34977,L2,L3,L2,L1,L2,L1,L1,L2,L1,C1_1,D1_2,F1_2,,L1,,,
34978,L2,L3,L2,L1,L2,L1,L1,L2,L1,C1_1,D1_2,F1_2,,L2,,,
34979,L2,L3,L2,L1,L2,L1,L1,L2,L1,C1_1,D1_2,F1_2,,L3,,,
34980,L2,L3,L2,L1,L2,L1,L1,L2,L1,C1_1,D1_2,F1_3,,L1,,,
34981,L2,L3,L2,L1,L2,L1,L1,L2,L1,C1_1,D1_2,F1_3,,L2,,,
34982,L2,L3,L2,L1,L2,L1,L1,L2,L1,C1_1,D1_2,F1_3,,L3,,,
34983,L2,L3,L2,L1,L2,L1,L1,L2,L1,C1_1,D1_3,F1_1,,L1,,,
34984,L2,L3,L2,L1,L2,L1,L1,L2,L1,C1_1,D1_3,F1_1,,L2,,,
34985,L2,L3,L2,L1,L2,L1,L1,L2,L1,C1_1,D1_3,F1_1,,L3,,,
34986,L2,L3,L2,L1,L2,L1,L1,L2,L1,C1_1,D1_3,F1_2,,L1,,,
34987,L2,L3,L2,L1,L2,L1,L1,L2,L1,C1_1,D1_3,F1_2,,L2,,,
34988,L2,L3,L2,L1,L2,L1,L1,L2,L1,C1_1,D1_3,F1_2,,L3,,,
34989,L2,L3,L2,L1,L2,L1,L1,L2,L1,C1_1,D1_3,F1_3,,L1,,,
34990,L2,L3,L2,L1,L2,L1,L1,L2,L1,C1_1,D1_3,F1_3,,L2,,,
34991,L2,L3,L2,L1,L2,L1,L1,L2,L1,C1_1,D1_3,F1_3,,L3,,,
34992,L2,L3,L2,L1,L2,L1,L1,L2,L1,C1_2,D1_1,F1_1,,L1,,,
34993,L2,L3,L2,L1,L2,L1,L1,L2,L1,C1_2,D1_1,F1_1,,L2,,,
34994,L2,L3,L2,L1,L2,L1,L1,L2,L1,C1_2,D1_1,F1_1,,L3,,,
34995,L2,L3,L2,L1,L2,L1,L1,L2,L1,C1_2,D1_1,F1_2,,L1,,,
34996,L2,L3,L2,L1,L2,L1,L1,L2,L1,C1_2,D1_1,F1_2,,L2,,,
34997,L2,L3,L2,L1,L2,L1,L1,L2,L1,C1_2,D1_1,F1_2,,L3,,,
34998,L2,L3,L2,L1,L2,L1,L1,L2,L1,C1_2,D1_1,F1_3,,L1,,,
34999,L2,L3,L2,L1,L2,L1,L1,L2,L1,C1_2,D1_1,F1_3,,L2,,,
35000,L2,L3,L2,L1,L2,L1,L1,L2,L1,C1_2,D1_1,F1_3,,L3,,,
35001,L2,L3,L2,L1,L2,L1,L1,L2,L1,C1_2,D1_2,F1_1,,L1,,,
35002,L2,L3,L2,L1,L2,L1,L1,L2,L1,C1_2,D1_2,F1_1,,L2,,,
35003,L2,L3,L2,L1,L2,L1,L1,L2,L1,C1_2,D1_2,F1_1,,L3,,,
35004,L2,L3,L2,L1,L2,L1,L1,L2,L1,C1_2,D1_2,F1_2,,L1,,,
35005,L2,L3,L2,L1,L2,L1,L1,L2,L1,C1_2,D1_2,F1_2,,L2,,,
35006,L2,L3,L2,L1,L2,L1,L1,L2,L1,C1_2,D1_2,F1_2,,L3,,,
35007,L2,L3,L2,L1,L2,L1,L1,L2,L1,C1_2,D1_2,F1_3,,L1,,,
35008,L2,L3,L2,L1,L2,L1,L1,L2,L1,C1_2,D1_2,F1_3,,L2,,,
35009,L2,L3,L2,L1,L2,L1,L1,L2,L1,C1_2,D1_2,F1_3,,L3,,,
35010,L2,L3,L2,L1,L2,L1,L1,L2,L1,C1_2,D1_3,F1_1,,L1,,,
35011,L2,L3,L2,L1,L2,L1,L1,L2,L1,C1_2,D1_3,F1_1,,L2,,,
35012,L2,L3,L2,L1,L2,L1,L1,L2,L1,C1_2,D1_3,F1_1,,L3,,,
35013,L2,L3,L2,L1,L2,L1,L1,L2,L1,C1_2,D1_3,F1_2,,L1,,,
35014,L2,L3,L2,L1,L2,L1,L1,L2,L1,C1_2,D1_3,F1_2,,L2,,,
35015,L2,L3,L2,L1,L2,L1,L1,L2,L1,C1_2,D1_3,F1_2,,L3,,,
35016,L2,L3,L2,L1,L2,L1,L1,L2,L1,C1_2,D1_3,F1_3,,L1,,,
35017,L2,L3,L2,L1,L2,L1,L1,L2,L1,C1_2,D1_3,F1_3,,L2,,,
35018,L2,L3,L2,L1,L2,L1,L1,L2,L1,C1_2,D1_3,F1_3,,L3,,,
35019,L2,L3,L2,L1,L2,L1,L1,L2,L1,C1_3,D1_1,F1_1,,L1,,,
35020,L2,L3,L2,L1,L2,L1,L1,L2,L1,C1_3,D1_1,F1_1,,L2,,,
35021,L2,L3,L2,L1,L2,L1,L1,L2,L1,C1_3,D1_1,F1_1,,L3,,,
35022,L2,L3,L2,L1,L2,L1,L1,L2,L1,C1_3,D1_1,F1_2,,L1,,,
35023,L2,L3,L2,L1,L2,L1,L1,L2,L1,C1_3,D1_1,F1_2,,L2,,,
35024,L2,L3,L2,L1,L2,L1,L1,L2,L1,C1_3,D1_1,F1_2,,L3,,,
35025,L2,L3,L2,L1,L2,L1,L1,L2,L1,C1_3,D1_1,F1_3,,L1,,,
35026,L2,L3,L2,L1,L2,L1,L1,L2,L1,C1_3,D1_1,F1_3,,L2,,,
35027,L2,L3,L2,L1,L2,L1,L1,L2,L1,C1_3,D1_1,F1_3,,L3,,,
35028,L2,L3,L2,L1,L2,L1,L1,L2,L1,C1_3,D1_2,F1_1,,L1,,,
35029,L2,L3,L2,L1,L2,L1,L1,L2,L1,C1_3,D1_2,F1_1,,L2,,,
35030,L2,L3,L2,L1,L2,L1,L1,L2,L1,C1_3,D1_2,F1_1,,L3,,,
35031,L2,L3,L2,L1,L2,L1,L1,L2,L1,C1_3,D1_2,F1_2,,L1,,,
35032,L2,L3,L2,L1,L2,L1,L1,L2,L1,C1_3,D1_2,F1_2,,L2,,,
35033,L2,L3,L2,L1,L2,L1,L1,L2,L1,C1_3,D1_2,F1_2,,L3,,,
35034,L2,L3,L2,L1,L2,L1,L1,L2,L1,C1_3,D1_2,F1_3,,L1,,,
35035,L2,L3,L2,L1,L2,L1,L1,L2,L1,C1_3,D1_2,F1_3,,L2,,,
35036,L2,L3,L2,L1,L2,L1,L1,L2,L1,C1_3,D1_2,F1_3,,L3,,,
35037,L2,L3,L2,L1,L2,L1,L1,L2,L1,C1_3,D1_3,F1_1,,L1,,,
35038,L2,L3,L2,L1,L2,L1,L1,L2,L1,C1_3,D1_3,F1_1,,L2,,,
35039,L2,L3,L2,L1,L2,L1,L1,L2,L1,C1_3,D1_3,F1_1,,L3,,,
35040,L2,L3,L2,L1,L2,L1,L1,L2,L1,C1_3,D1_3,F1_2,,L1,,,
35041,L2,L3,L2,L1,L2,L1,L1,L2,L1,C1_3,D1_3,F1_2,,L2,,,
35042,L2,L3,L2,L1,L2,L1,L1,L2,L1,C1_3,D1_3,F1_2,,L3,,,
35043,L2,L3,L2,L1,L2,L1,L1,L2,L1,C1_3,D1_3,F1_3,,L1,,,
35044,L2,L3,L2,L1,L2,L1,L1,L2,L1,C1_3,D1_3,F1_3,,L2,,,
35045,L2,L3,L2,L1,L2,L1,L1,L2,L1,C1_3,D1_3,F1_3,,L3,,,
54756,L2,L1,L3,L3,L3,L1,L1,L2,L1,C1_1,D1_1,F1_1,,L1,,,
54757,L2,L1,L3,L3,L3,L1,L1,L2,L1,C1_1,D1_1,F1_1,,L2,,,
54758,L2,L1,L3,L3,L3,L1,L1,L2,L1,C1_1,D1_1,F1_1,,L3,,,
54759,L2,L1,L3,L3,L3,L1,L1,L2,L1,C1_1,D1_1,F1_2,,L1,,,
54760,L2,L1,L3,L3,L3,L1,L1,L2,L1,C1_1,D1_1,F1_2,,L2,,,
54761,L2,L1,L3,L3,L3,L1,L1,L2,L1,C1_1,D1_1,F1_2,,L3,,,
54762,L2,L1,L3,L3,L3,L1,L1,L2,L1,C1_1,D1_1,F1_3,,L1,,,
54763,L2,L1,L3,L3,L3,L1,L1,L2,L1,C1_1,D1_1,F1_3,,L2,,,
54764,L2,L1,L3,L3,L3,L1,L1,L2,L1,C1_1,D1_1,F1_3,,L3,,,
54765,L2,L1,L3,L3,L3,L1,L1,L2,L1,C1_1,D1_2,F1_1,,L1,,,
54766,L2,L1,L3,L3,L3,L1,L1,L2,L1,C1_1,D1_2,F1_1,,L2,,,
54767,L2,L1,L3,L3,L3,L1,L1,L2,L1,C1_1,D1_2,F1_1,,L3,,,
54768,L2,L1,L3,L3,L3,L1,L1,L2,L1,C1_1,D1_2,F1_2,,L1,,,
54769,L2,L1,L3,L3,L3,L1,L1,L2,L1,C1_1,D1_2,F1_2,,L2,,,
54770,L2,L1,L3,L3,L3,L1,L1,L2,L1,C1_1,D1_2,F1_2,,L3,,,
54771,L2,L1,L3,L3,L3,L1,L1,L2,L1,C1_1,D1_2,F1_3,,L1,,,
54772,L2,L1,L3,L3,L3,L1,L1,L2,L1,C1_1,D1_2,F1_3,,L2,,,
54773,L2,L1,L3,L3,L3,L1,L1,L2,L1,C1_1,D1_2,F1_3,,L3,,,
54774,L2,L1,L3,L3,L3,L1,L1,L2,L1,C1_1,D1_3,F1_1,,L1,,,
54775,L2,L1,L3,L3,L3,L1,L1,L2,L1,C1_1,D1_3,F1_1,,L2,,,
54776,L2,L1,L3,L3,L3,L1,L1,L2,L1,C1_1,D1_3,F1_1,,L3,,,
54777,L2,L1,L3,L3,L3,L1,L1,L2,L1,C1_1,D1_3,F1_2,,L1,,,
54778,L2,L1,L3,L3,L3,L1,L1,L2,L1,C1_1,D1_3,F1_2,,L2,,,
54779,L2,L1,L3,L3,L3,L1,L1,L2,L1,C1_1,D1_3,F1_2,,L3,,,
54780,L2,L1,L3,L3,L3,L1,L1,L2,L1,C1_1,D1_3,F1_3,,L1,,,
54781,L2,L1,L3,L3,L3,L1,L1,L2,L1,C1_1,D1_3,F1_3,,L2,,,
54782,L2,L1,L3,L3,L3,L1,L1,L2,L1,C1_1,D1_3,F1_3,,L3,,,
54783,L2,L1,L3,L3,L3,L1,L1,L2,L1,C1_2,D1_1,F1_1,,L1,,,
54784,L2,L1,L3,L3,L3,L1,L1,L2,L1,C1_2,D1_1,F1_1,,L2,,,
54785,L2,L1,L3,L3,L3,L1,L1,L2,L1,C1_2,D1_1,F1_1,,L3,,,
54786,L2,L1,L3,L3,L3,L1,L1,L2,L1,C1_2,D1_1,F1_2,,L1,,,
54787,L2,L1,L3,L3,L3,L1,L1,L2,L1,C1_2,D1_1,F1_2,,L2,,,
54788,L2,L1,L3,L3,L3,L1,L1,L2,L1,C1_2,D1_1,F1_2,,L3,,,
54789,L2,L1,L3,L3,L3,L1,L1,L2,L1,C1_2,D1_1,F1_3,,L1,,,
54790,L2,L1,L3,L3,L3,L1,L1,L2,L1,C1_2,D1_1,F1_3,,L2,,,
54791,L2,L1,L3,L3,L3,L1,L1,L2,L1,C1_2,D1_1,F1_3,,L3,,,
54792,L2,L1,L3,L3,L3,L1,L1,L2,L1,C1_2,D1_2,F1_1,,L1,,,
54793,L2,L1,L3,L3,L3,L1,L1,L2,L1,C1_2,D1_2,F1_1,,L2,,,
54794,L2,L1,L3,L3,L3,L1,L1,L2,L1,C1_2,D1_2,F1_1,,L3,,,
54795,L2,L1,L3,L3,L3,L1,L1,L2,L1,C1_2,D1_2,F1_2,,L1,,,
54796,L2,L1,L3,L3,L3,L1,L1,L2,L1,C1_2,D1_2,F1_2,,L2,,,
54797,L2,L1,L3,L3,L3,L1,L1,L2,L1,C1_2,D1_2,F1_2,,L3,,,
54798,L2,L1,L3,L3,L3,L1,L1,L2,L1,C1_2,D1_2,F1_3,,L1,,,
54799,L2,L1,L3,L3,L3,L1,L1,L2,L1,C1_2,D1_2,F1_3,,L2,,,
54800,L2,L1,L3,L3,L3,L1,L1,L2,L1,C1_2,D1_2,F1_3,,L3,,,
54801,L2,L1,L3,L3,L3,L1,L1,L2,L1,C1_2,D1_3,F1_1,,L1,,,
54802,L2,L1,L3,L3,L3,L1,L1,L2,L1,C1_2,D1_3,F1_1,,L2,,,
54803,L2,L1,L3,L3,L3,L1,L1,L2,L1,C1_2,D1_3,F1_1,,L3,,,
54804,L2,L1,L3,L3,L3,L1,L1,L2,L1,C1_2,D1_3,F1_2,,L1,,,
54805,L2,L1,L3,L3,L3,L1,L1,L2,L1,C1_2,D1_3,F1_2,,L2,,,
54806,L2,L1,L3,L3,L3,L1,L1,L2,L1,C1_2,D1_3,F1_2,,L3,,,
54807,L2,L1,L3,L3,L3,L1,L1,L2,L1,C1_2,D1_3,F1_3,,L1,,,
54808,L2,L1,L3,L3,L3,L1,L1,L2,L1,C1_2,D1_3,F1_3,,L2,,,
54809,L2,L1,L3,L3,L3,L1,L1,L2,L1,C1_2,D1_3,F1_3,,L3,,,
54810,L2,L1,L3,L3,L3,L1,L1,L2,L1,C1_3,D1_1,F1_1,,L1,,,
54811,L2,L1,L3,L3,L3,L1,L1,L2,L1,C1_3,D1_1,F1_1,,L2,,,
54812,L2,L1,L3,L3,L3,L1,L1,L2,L1,C1_3,D1_1,F1_1,,L3,,,
54813,L2,L1,L3,L3,L3,L1,L1,L2,L1,C1_3,D1_1,F1_2,,L1,,,
54814,L2,L1,L3,L3,L3,L1,L1,L2,L1,C1_3,D1_1,F1_2,,L2,,,
54815,L2,L1,L3,L3,L3,L1,L1,L2,L1,C1_3,D1_1,F1_2,,L3,,,
54816,L2,L1,L3,L3,L3,L1,L1,L2,L1,C1_3,D1_1,F1_3,,L1,,,
54817,L2,L1,L3,L3,L3,L1,L1,L2,L1,C1_3,D1_1,F1_3,,L2,,,
54818,L2,L1,L3,L3,L3,L1,L1,L2,L1,C1_3,D1_1,F1_3,,L3,,,
54819,L2,L1,L3,L3,L3,L1,L1,L2,L1,C1_3,D1_2,F1_1,,L1,,,
54820,L2,L1,L3,L3,L3,L1,L1,L2,L1,C1_3,D1_2,F1_1,,L2,,,
54821,L2,L1,L3,L3,L3,L1,L1,L2,L1,C1_3,D1_2,F1_1,,L3,,,
54822,L2,L1,L3,L3,L3,L1,L1,L2,L1,C1_3,D1_2,F1_2,,L1,,,
54823,L2,L1,L3,L3,L3,L1,L1,L2,L1,C1_3,D1_2,F1_2,,L2,,,
54824,L2,L1,L3,L3,L3,L1,L1,L2,L1,C1_3,D1_2,F1_2,,L3,,,
54825,L2,L1,L3,L3,L3,L1,L1,L2,L1,C1_3,D1_2,F1_3,,L1,,,
54826,L2,L1,L3,L3,L3,L1,L1,L2,L1,C1_3,D1_2,F1_3,,L2,,,
54827,L2,L1,L3,L3,L3,L1,L1,L2,L1,C1_3,D1_2,F1_3,,L3,,,
54828,L2,L1,L3,L3,L3,L1,L1,L2,L1,C1_3,D1_3,F1_1,,L1,,,
54829,L2,L1,L3,L3,L3,L1,L1,L2,L1,C1_3,D1_3,F1_1,,L2,,,
54830,L2,L1,L3,L3,L3,L1,L1,L2,L1,C1_3,D1_3,F1_1,,L3,,,
54831,L2,L1,L3,L3,L3,L1,L1,L2,L1,C1_3,D1_3,F1_2,,L1,,,
54832,L2,L1,L3,L3,L3,L1,L1,L2,L1,C1_3,D1_3,F1_2,,L2,,,
54833,L2,L1,L3,L3,L3,L1,L1,L2,L1,C1_3,D1_3,F1_2,,L3,,,
54834,L2,L1,L3,L3,L3,L1,L1,L2,L1,C1_3,D1_3,F1_3,,L1,,,
54835,L2,L1,L3,L3,L3,L1,L1,L2,L1,C1_3,D1_3,F1_3,,L2,,,
54836,L2,L1,L3,L3,L3,L1,L1,L2,L1,C1_3,D1_3,F1_3,,L3,,,
67122,L2,L1,L2,L3,L2,L1,L1,L2,L1,C1_1,D1_1,F1_1,,L1,,,
67123,L2,L1,L2,L3,L2,L1,L1,L2,L1,C1_1,D1_1,F1_1,,L2,,,
67124,L2,L1,L2,L3,L2,L1,L1,L2,L1,C1_1,D1_1,F1_1,,L3,,,
67125,L2,L1,L2,L3,L2,L1,L1,L2,L1,C1_1,D1_1,F1_2,,L1,,,
67126,L2,L1,L2,L3,L2,L1,L1,L2,L1,C1_1,D1_1,F1_2,,L2,,,
67127,L2,L1,L2,L3,L2,L1,L1,L2,L1,C1_1,D1_1,F1_2,,L3,,,
67128,L2,L1,L2,L3,L2,L1,L1,L2,L1,C1_1,D1_1,F1_3,,L1,,,
67129,L2,L1,L2,L3,L2,L1,L1,L2,L1,C1_1,D1_1,F1_3,,L2,,,
67130,L2,L1,L2,L3,L2,L1,L1,L2,L1,C1_1,D1_1,F1_3,,L3,,,
67131,L2,L1,L2,L3,L2,L1,L1,L2,L1,C1_1,D1_2,F1_1,,L1,,,
67132,L2,L1,L2,L3,L2,L1,L1,L2,L1,C1_1,D1_2,F1_1,,L2,,,
67133,L2,L1,L2,L3,L2,L1,L1,L2,L1,C1_1,D1_2,F1_1,,L3,,,
67134,L2,L1,L2,L3,L2,L1,L1,L2,L1,C1_1,D1_2,F1_2,,L1,,,
67135,L2,L1,L2,L3,L2,L1,L1,L2,L1,C1_1,D1_2,F1_2,,L2,,,
67136,L2,L1,L2,L3,L2,L1,L1,L2,L1,C1_1,D1_2,F1_2,,L3,,,
67137,L2,L1,L2,L3,L2,L1,L1,L2,L1,C1_1,D1_2,F1_3,,L1,,,
67138,L2,L1,L2,L3,L2,L1,L1,L2,L1,C1_1,D1_2,F1_3,,L2,,,
67139,L2,L1,L2,L3,L2,L1,L1,L2,L1,C1_1,D1_2,F1_3,,L3,,,
67140,L2,L1,L2,L3,L2,L1,L1,L2,L1,C1_1,D1_3,F1_1,,L1,,,
67141,L2,L1,L2,L3,L2,L1,L1,L2,L1,C1_1,D1_3,F1_1,,L2,,,
67142,L2,L1,L2,L3,L2,L1,L1,L2,L1,C1_1,D1_3,F1_1,,L3,,,
67143,L2,L1,L2,L3,L2,L1,L1,L2,L1,C1_1,D1_3,F1_2,,L1,,,
67144,L2,L1,L2,L3,L2,L1,L1,L2,L1,C1_1,D1_3,F1_2,,L2,,,
67145,L2,L1,L2,L3,L2,L1,L1,L2,L1,C1_1,D1_3,F1_2,,L3,,,
67146,L2,L1,L2,L3,L2,L1,L1,L2,L1,C1_1,D1_3,F1_3,,L1,,,
67147,L2,L1,L2,L3,L2,L1,L1,L2,L1,C1_1,D1_3,F1_3,,L2,,,
67148,L2,L1,L2,L3,L2,L1,L1,L2,L1,C1_1,D1_3,F1_3,,L3,,,
67149,L2,L1,L2,L3,L2,L1,L1,L2,L1,C1_2,D1_1,F1_1,,L1,,,
67150,L2,L1,L2,L3,L2,L1,L1,L2,L1,C1_2,D1_1,F1_1,,L2,,,
67151,L2,L1,L2,L3,L2,L1,L1,L2,L1,C1_2,D1_1,F1_1,,L3,,,
67152,L2,L1,L2,L3,L2,L1,L1,L2,L1,C1_2,D1_1,F1_2,,L1,,,
67153,L2,L1,L2,L3,L2,L1,L1,L2,L1,C1_2,D1_1,F1_2,,L2,,,
67154,L2,L1,L2,L3,L2,L1,L1,L2,L1,C1_2,D1_1,F1_2,,L3,,,
67155,L2,L1,L2,L3,L2,L1,L1,L2,L1,C1_2,D1_1,F1_3,,L1,,,
67156,L2,L1,L2,L3,L2,L1,L1,L2,L1,C1_2,D1_1,F1_3,,L2,,,
67157,L2,L1,L2,L3,L2,L1,L1,L2,L1,C1_2,D1_1,F1_3,,L3,,,
67158,L2,L1,L2,L3,L2,L1,L1,L2,L1,C1_2,D1_2,F1_1,,L1,,,
67159,L2,L1,L2,L3,L2,L1,L1,L2,L1,C1_2,D1_2,F1_1,,L2,,,
67160,L2,L1,L2,L3,L2,L1,L1,L2,L1,C1_2,D1_2,F1_1,,L3,,,
67161,L2,L1,L2,L3,L2,L1,L1,L2,L1,C1_2,D1_2,F1_2,,L1,,,
67162,L2,L1,L2,L3,L2,L1,L1,L2,L1,C1_2,D1_2,F1_2,,L2,,,
67163,L2,L1,L2,L3,L2,L1,L1,L2,L1,C1_2,D1_2,F1_2,,L3,,,
67164,L2,L1,L2,L3,L2,L1,L1,L2,L1,C1_2,D1_2,F1_3,,L1,,,
67165,L2,L1,L2,L3,L2,L1,L1,L2,L1,C1_2,D1_2,F1_3,,L2,,,
67166,L2,L1,L2,L3,L2,L1,L1,L2,L1,C1_2,D1_2,F1_3,,L3,,,
67167,L2,L1,L2,L3,L2,L1,L1,L2,L1,C1_2,D1_3,F1_1,,L1,,,
67168,L2,L1,L2,L3,L2,L1,L1,L2,L1,C1_2,D1_3,F1_1,,L2,,,
67169,L2,L1,L2,L3,L2,L1,L1,L2,L1,C1_2,D1_3,F1_1,,L3,,,
67170,L2,L1,L2,L3,L2,L1,L1,L2,L1,C1_2,D1_3,F1_2,,L1,,,
67171,L2,L1,L2,L3,L2,L1,L1,L2,L1,C1_2,D1_3,F1_2,,L2,,,
67172,L2,L1,L2,L3,L2,L1,L1,L2,L1,C1_2,D1_3,F1_2,,L3,,,
67173,L2,L1,L2,L3,L2,L1,L1,L2,L1,C1_2,D1_3,F1_3,,L1,,,
67174,L2,L1,L2,L3,L2,L1,L1,L2,L1,C1_2,D1_3,F1_3,,L2,,,
67175,L2,L1,L2,L3,L2,L1,L1,L2,L1,C1_2,D1_3,F1_3,,L3,,,
67176,L2,L1,L2,L3,L2,L1,L1,L2,L1,C1_3,D1_1,F1_1,,L1,,,
67177,L2,L1,L2,L3,L2,L1,L1,L2,L1,C1_3,D1_1,F1_1,,L2,,,
67178,L2,L1,L2,L3,L2,L1,L1,L2,L1,C1_3,D1_1,F1_1,,L3,,,
67179,L2,L1,L2,L3,L2,L1,L1,L2,L1,C1_3,D1_1,F1_2,,L1,,,
67180,L2,L1,L2,L3,L2,L1,L1,L2,L1,C1_3,D1_1,F1_2,,L2,,,
67181,L2,L1,L2,L3,L2,L1,L1,L2,L1,C1_3,D1_1,F1_2,,L3,,,
67182,L2,L1,L2,L3,L2,L1,L1,L2,L1,C1_3,D1_1,F1_3,,L1,,,
67183,L2,L1,L2,L3,L2,L1,L1,L2,L1,C1_3,D1_1,F1_3,,L2,,,
67184,L2,L1,L2,L3,L2,L1,L1,L2,L1,C1_3,D1_1,F1_3,,L3,,,
67185,L2,L1,L2,L3,L2,L1,L1,L2,L1,C1_3,D1_2,F1_1,,L1,,,
67186,L2,L1,L2,L3,L2,L1,L1,L2,L1,C1_3,D1_2,F1_1,,L2,,,
67187,L2,L1,L2,L3,L2,L1,L1,L2,L1,C1_3,D1_2,F1_1,,L3,,,
67188,L2,L1,L2,L3,L2,L1,L1,L2,L1,C1_3,D1_2,F1_2,,L1,,,
67189,L2,L1,L2,L3,L2,L1,L1,L2,L1,C1_3,D1_2,F1_2,,L2,,,
67190,L2,L1,L2,L3,L2,L1,L1,L2,L1,C1_3,D1_2,F1_2,,L3,,,
67191,L2,L1,L2,L3,L2,L1,L1,L2,L1,C1_3,D1_2,F1_3,,L1,,,
67192,L2,L1,L2,L3,L2,L1,L1,L2,L1,C1_3,D1_2,F1_3,,L2,,,
67193,L2,L1,L2,L3,L2,L1,L1,L2,L1,C1_3,D1_2,F1_3,,L3,,,
67194,L2,L1,L2,L3,L2,L1,L1,L2,L1,C1_3,D1_3,F1_1,,L1,,,
67195,L2,L1,L2,L3,L2,L1,L1,L2,L1,C1_3,D1_3,F1_1,,L2,,,
67196,L2,L1,L2,L3,L2,L1,L1,L2,L1,C1_3,D1_3,F1_1,,L3,,,
67197,L2,L1,L2,L3,L2,L1,L1,L2,L1,C1_3,D1_3,F1_2,,L1,,,
67198,L2,L1,L2,L3,L2,L1,L1,L2,L1,C1_3,D1_3,F1_2,,L2,,,
67199,L2,L1,L2,L3,L2,L1,L1,L2,L1,C1_3,D1_3,F1_2,,L3,,,
67200,L2,L1,L2,L3,L2,L1,L1,L2,L1,C1_3,D1_3,F1_3,,L1,,,
67201,L2,L1,L2,L3,L2,L1,L1,L2,L1,C1_3,D1_3,F1_3,,L2,,,
67202,L2,L1,L2,L3,L2,L1,L1,L2,L1,C1_3,D1_3,F1_3,,L3,,,
74088,L2,L2,L3,L1,L3,L1,L1,L2,L1,C1_1,D1_1,F1_1,,L1,,,
74089,L2,L2,L3,L1,L3,L1,L1,L2,L1,C1_1,D1_1,F1_1,,L2,,,
74090,L2,L2,L3,L1,L3,L1,L1,L2,L1,C1_1,D1_1,F1_1,,L3,,,
74091,L2,L2,L3,L1,L3,L1,L1,L2,L1,C1_1,D1_1,F1_2,,L1,,,
74092,L2,L2,L3,L1,L3,L1,L1,L2,L1,C1_1,D1_1,F1_2,,L2,,,
74093,L2,L2,L3,L1,L3,L1,L1,L2,L1,C1_1,D1_1,F1_2,,L3,,,
74094,L2,L2,L3,L1,L3,L1,L1,L2,L1,C1_1,D1_1,F1_3,,L1,,,
74095,L2,L2,L3,L1,L3,L1,L1,L2,L1,C1_1,D1_1,F1_3,,L2,,,
74096,L2,L2,L3,L1,L3,L1,L1,L2,L1,C1_1,D1_1,F1_3,,L3,,,
74097,L2,L2,L3,L1,L3,L1,L1,L2,L1,C1_1,D1_2,F1_1,,L1,,,
74098,L2,L2,L3,L1,L3,L1,L1,L2,L1,C1_1,D1_2,F1_1,,L2,,,
74099,L2,L2,L3,L1,L3,L1,L1,L2,L1,C1_1,D1_2,F1_1,,L3,,,
74100,L2,L2,L3,L1,L3,L1,L1,L2,L1,C1_1,D1_2,F1_2,,L1,,,
74101,L2,L2,L3,L1,L3,L1,L1,L2,L1,C1_1,D1_2,F1_2,,L2,,,
74102,L2,L2,L3,L1,L3,L1,L1,L2,L1,C1_1,D1_2,F1_2,,L3,,,
74103,L2,L2,L3,L1,L3,L1,L1,L2,L1,C1_1,D1_2,F1_3,,L1,,,
74104,L2,L2,L3,L1,L3,L1,L1,L2,L1,C1_1,D1_2,F1_3,,L2,,,
74105,L2,L2,L3,L1,L3,L1,L1,L2,L1,C1_1,D1_2,F1_3,,L3,,,
74106,L2,L2,L3,L1,L3,L1,L1,L2,L1,C1_1,D1_3,F1_1,,L1,,,
74107,L2,L2,L3,L1,L3,L1,L1,L2,L1,C1_1,D1_3,F1_1,,L2,,,
74108,L2,L2,L3,L1,L3,L1,L1,L2,L1,C1_1,D1_3,F1_1,,L3,,,
74109,L2,L2,L3,L1,L3,L1,L1,L2,L1,C1_1,D1_3,F1_2,,L1,,,
74110,L2,L2,L3,L1,L3,L1,L1,L2,L1,C1_1,D1_3,F1_2,,L2,,,
74111,L2,L2,L3,L1,L3,L1,L1,L2,L1,C1_1,D1_3,F1_2,,L3,,,
74112,L2,L2,L3,L1,L3,L1,L1,L2,L1,C1_1,D1_3,F1_3,,L1,,,
74113,L2,L2,L3,L1,L3,L1,L1,L2,L1,C1_1,D1_3,F1_3,,L2,,,
74114,L2,L2,L3,L1,L3,L1,L1,L2,L1,C1_1,D1_3,F1_3,,L3,,,
74115,L2,L2,L3,L1,L3,L1,L1,L2,L1,C1_2,D1_1,F1_1,,L1,,,
74116,L2,L2,L3,L1,L3,L1,L1,L2,L1,C1_2,D1_1,F1_1,,L2,,,
74117,L2,L2,L3,L1,L3,L1,L1,L2,L1,C1_2,D1_1,F1_1,,L3,,,
74118,L2,L2,L3,L1,L3,L1,L1,L2,L1,C1_2,D1_1,F1_2,,L1,,,
74119,L2,L2,L3,L1,L3,L1,L1,L2,L1,C1_2,D1_1,F1_2,,L2,,,
74120,L2,L2,L3,L1,L3,L1,L1,L2,L1,C1_2,D1_1,F1_2,,L3,,,
74121,L2,L2,L3,L1,L3,L1,L1,L2,L1,C1_2,D1_1,F1_3,,L1,,,
74122,L2,L2,L3,L1,L3,L1,L1,L2,L1,C1_2,D1_1,F1_3,,L2,,,
74123,L2,L2,L3,L1,L3,L1,L1,L2,L1,C1_2,D1_1,F1_3,,L3,,,
74124,L2,L2,L3,L1,L3,L1,L1,L2,L1,C1_2,D1_2,F1_1,,L1,,,
74125,L2,L2,L3,L1,L3,L1,L1,L2,L1,C1_2,D1_2,F1_1,,L2,,,
74126,L2,L2,L3,L1,L3,L1,L1,L2,L1,C1_2,D1_2,F1_1,,L3,,,
74127,L2,L2,L3,L1,L3,L1,L1,L2,L1,C1_2,D1_2,F1_2,,L1,,,
74128,L2,L2,L3,L1,L3,L1,L1,L2,L1,C1_2,D1_2,F1_2,,L2,,,
74129,L2,L2,L3,L1,L3,L1,L1,L2,L1,C1_2,D1_2,F1_2,,L3,,,
74130,L2,L2,L3,L1,L3,L1,L1,L2,L1,C1_2,D1_2,F1_3,,L1,,,
74131,L2,L2,L3,L1,L3,L1,L1,L2,L1,C1_2,D1_2,F1_3,,L2,,,
74132,L2,L2,L3,L1,L3,L1,L1,L2,L1,C1_2,D1_2,F1_3,,L3,,,
74133,L2,L2,L3,L1,L3,L1,L1,L2,L1,C1_2,D1_3,F1_1,,L1,,,
74134,L2,L2,L3,L1,L3,L1,L1,L2,L1,C1_2,D1_3,F1_1,,L2,,,
74135,L2,L2,L3,L1,L3,L1,L1,L2,L1,C1_2,D1_3,F1_1,,L3,,,
74136,L2,L2,L3,L1,L3,L1,L1,L2,L1,C1_2,D1_3,F1_2,,L1,,,
74137,L2,L2,L3,L1,L3,L1,L1,L2,L1,C1_2,D1_3,F1_2,,L2,,,
74138,L2,L2,L3,L1,L3,L1,L1,L2,L1,C1_2,D1_3,F1_2,,L3,,,
74139,L2,L2,L3,L1,L3,L1,L1,L2,L1,C1_2,D1_3,F1_3,,L1,,,
74140,L2,L2,L3,L1,L3,L1,L1,L2,L1,C1_2,D1_3,F1_3,,L2,,,
74141,L2,L2,L3,L1,L3,L1,L1,L2,L1,C1_2,D1_3,F1_3,,L3,,,
74142,L2,L2,L3,L1,L3,L1,L1,L2,L1,C1_3,D1_1,F1_1,,L1,,,
74143,L2,L2,L3,L1,L3,L1,L1,L2,L1,C1_3,D1_1,F1_1,,L2,,,
74144,L2,L2,L3,L1,L3,L1,L1,L2,L1,C1_3,D1_1,F1_1,,L3,,,
74145,L2,L2,L3,L1,L3,L1,L1,L2,L1,C1_3,D1_1,F1_2,,L1,,,
74146,L2,L2,L3,L1,L3,L1,L1,L2,L1,C1_3,D1_1,F1_2,,L2,,,
74147,L2,L2,L3,L1,L3,L1,L1,L2,L1,C1_3,D1_1,F1_2,,L3,,,
74148,L2,L2,L3,L1,L3,L1,L1,L2,L1,C1_3,D1_1,F1_3,,L1,,,
74149,L2,L2,L3,L1,L3,L1,L1,L2,L1,C1_3,D1_1,F1_3,,L2,,,
74150,L2,L2,L3,L1,L3,L1,L1,L2,L1,C1_3,D1_1,F1_3,,L3,,,
74151,L2,L2,L3,L1,L3,L1,L1,L2,L1,C1_3,D1_2,F1_1,,L1,,,
74152,L2,L2,L3,L1,L3,L1,L1,L2,L1,C1_3,D1_2,F1_1,,L2,,,
74153,L2,L2,L3,L1,L3,L1,L1,L2,L1,C1_3,D1_2,F1_1,,L3,,,
74154,L2,L2,L3,L1,L3,L1,L1,L2,L1,C1_3,D1_2,F1_2,,L1,,,
74155,L2,L2,L3,L1,L3,L1,L1,L2,L1,C1_3,D1_2,F1_2,,L2,,,
74156,L2,L2,L3,L1,L3,L1,L1,L2,L1,C1_3,D1_2,F1_2,,L3,,,
74157,L2,L2,L3,L1,L3,L1,L1,L2,L1,C1_3,D1_2,F1_3,,L1,,,
74158,L2,L2,L3,L1,L3,L1,L1,L2,L1,C1_3,D1_2,F1_3,,L2,,,
74159,L2,L2,L3,L1,L3,L1,L1,L2,L1,C1_3,D1_2,F1_3,,L3,,,
74160,L2,L2,L3,L1,L3,L1,L1,L2,L1,C1_3,D1_3,F1_1,,L1,,,
74161,L2,L2,L3,L1,L3,L1,L1,L2,L1,C1_3,D1_3,F1_1,,L2,,,
74162,L2,L2,L3,L1,L3,L1,L1,L2,L1,C1_3,D1_3,F1_1,,L3,,,
74163,L2,L2,L3,L1,L3,L1,L1,L2,L1,C1_3,D1_3,F1_2,,L1,,,
74164,L2,L2,L3,L1,L3,L1,L1,L2,L1,C1_3,D1_3,F1_2,,L2,,,
74165,L2,L2,L3,L1,L3,L1,L1,L2,L1,C1_3,D1_3,F1_2,,L3,,,
74166,L2,L2,L3,L1,L3,L1,L1,L2,L1,C1_3,D1_3,F1_3,,L1,,,
74167,L2,L2,L3,L1,L3,L1,L1,L2,L1,C1_3,D1_3,F1_3,,L2,,,
74168,L2,L2,L3,L1,L3,L1,L1,L2,L1,C1_3,D1_3,F1_3,,L3,,,
97767,L3,L1,L2,L3,L3,L1,L1,L2,L1,C1_1,D1_1,F1_1,,L1,,,
97768,L3,L1,L2,L3,L3,L1,L1,L2,L1,C1_1,D1_1,F1_1,,L2,,,
97769,L3,L1,L2,L3,L3,L1,L1,L2,L1,C1_1,D1_1,F1_1,,L3,,,
97770,L3,L1,L2,L3,L3,L1,L1,L2,L1,C1_1,D1_1,F1_2,,L1,,,
97771,L3,L1,L2,L3,L3,L1,L1,L2,L1,C1_1,D1_1,F1_2,,L2,,,
97772,L3,L1,L2,L3,L3,L1,L1,L2,L1,C1_1,D1_1,F1_2,,L3,,,
97773,L3,L1,L2,L3,L3,L1,L1,L2,L1,C1_1,D1_1,F1_3,,L1,,,
97774,L3,L1,L2,L3,L3,L1,L1,L2,L1,C1_1,D1_1,F1_3,,L2,,,
97775,L3,L1,L2,L3,L3,L1,L1,L2,L1,C1_1,D1_1,F1_3,,L3,,,
97776,L3,L1,L2,L3,L3,L1,L1,L2,L1,C1_1,D1_2,F1_1,,L1,,,
97777,L3,L1,L2,L3,L3,L1,L1,L2,L1,C1_1,D1_2,F1_1,,L2,,,
97778,L3,L1,L2,L3,L3,L1,L1,L2,L1,C1_1,D1_2,F1_1,,L3,,,
97779,L3,L1,L2,L3,L3,L1,L1,L2,L1,C1_1,D1_2,F1_2,,L1,,,
97780,L3,L1,L2,L3,L3,L1,L1,L2,L1,C1_1,D1_2,F1_2,,L2,,,
97781,L3,L1,L2,L3,L3,L1,L1,L2,L1,C1_1,D1_2,F1_2,,L3,,,
97782,L3,L1,L2,L3,L3,L1,L1,L2,L1,C1_1,D1_2,F1_3,,L1,,,
97783,L3,L1,L2,L3,L3,L1,L1,L2,L1,C1_1,D1_2,F1_3,,L2,,,
97784,L3,L1,L2,L3,L3,L1,L1,L2,L1,C1_1,D1_2,F1_3,,L3,,,
97785,L3,L1,L2,L3,L3,L1,L1,L2,L1,C1_1,D1_3,F1_1,,L1,,,
97786,L3,L1,L2,L3,L3,L1,L1,L2,L1,C1_1,D1_3,F1_1,,L2,,,
97787,L3,L1,L2,L3,L3,L1,L1,L2,L1,C1_1,D1_3,F1_1,,L3,,,
97788,L3,L1,L2,L3,L3,L1,L1,L2,L1,C1_1,D1_3,F1_2,,L1,,,
97789,L3,L1,L2,L3,L3,L1,L1,L2,L1,C1_1,D1_3,F1_2,,L2,,,
97790,L3,L1,L2,L3,L3,L1,L1,L2,L1,C1_1,D1_3,F1_2,,L3,,,
97791,L3,L1,L2,L3,L3,L1,L1,L2,L1,C1_1,D1_3,F1_3,,L1,,,
97792,L3,L1,L2,L3,L3,L1,L1,L2,L1,C1_1,D1_3,F1_3,,L2,,,
97793,L3,L1,L2,L3,L3,L1,L1,L2,L1,C1_1,D1_3,F1_3,,L3,,,
97794,L3,L1,L2,L3,L3,L1,L1,L2,L1,C1_2,D1_1,F1_1,,L1,,,
97795,L3,L1,L2,L3,L3,L1,L1,L2,L1,C1_2,D1_1,F1_1,,L2,,,
97796,L3,L1,L2,L3,L3,L1,L1,L2,L1,C1_2,D1_1,F1_1,,L3,,,
97797,L3,L1,L2,L3,L3,L1,L1,L2,L1,C1_2,D1_1,F1_2,,L1,,,
97798,L3,L1,L2,L3,L3,L1,L1,L2,L1,C1_2,D1_1,F1_2,,L2,,,
97799,L3,L1,L2,L3,L3,L1,L1,L2,L1,C1_2,D1_1,F1_2,,L3,,,
97800,L3,L1,L2,L3,L3,L1,L1,L2,L1,C1_2,D1_1,F1_3,,L1,,,
97801,L3,L1,L2,L3,L3,L1,L1,L2,L1,C1_2,D1_1,F1_3,,L2,,,
97802,L3,L1,L2,L3,L3,L1,L1,L2,L1,C1_2,D1_1,F1_3,,L3,,,
97803,L3,L1,L2,L3,L3,L1,L1,L2,L1,C1_2,D1_2,F1_1,,L1,,,
97804,L3,L1,L2,L3,L3,L1,L1,L2,L1,C1_2,D1_2,F1_1,,L2,,,
97805,L3,L1,L2,L3,L3,L1,L1,L2,L1,C1_2,D1_2,F1_1,,L3,,,
97806,L3,L1,L2,L3,L3,L1,L1,L2,L1,C1_2,D1_2,F1_2,,L1,,,
97807,L3,L1,L2,L3,L3,L1,L1,L2,L1,C1_2,D1_2,F1_2,,L2,,,
97808,L3,L1,L2,L3,L3,L1,L1,L2,L1,C1_2,D1_2,F1_2,,L3,,,
97809,L3,L1,L2,L3,L3,L1,L1,L2,L1,C1_2,D1_2,F1_3,,L1,,,
97810,L3,L1,L2,L3,L3,L1,L1,L2,L1,C1_2,D1_2,F1_3,,L2,,,
97811,L3,L1,L2,L3,L3,L1,L1,L2,L1,C1_2,D1_2,F1_3,,L3,,,
97812,L3,L1,L2,L3,L3,L1,L1,L2,L1,C1_2,D1_3,F1_1,,L1,,,
97813,L3,L1,L2,L3,L3,L1,L1,L2,L1,C1_2,D1_3,F1_1,,L2,,,
97814,L3,L1,L2,L3,L3,L1,L1,L2,L1,C1_2,D1_3,F1_1,,L3,,,
97815,L3,L1,L2,L3,L3,L1,L1,L2,L1,C1_2,D1_3,F1_2,,L1,,,
97816,L3,L1,L2,L3,L3,L1,L1,L2,L1,C1_2,D1_3,F1_2,,L2,,,
97817,L3,L1,L2,L3,L3,L1,L1,L2,L1,C1_2,D1_3,F1_2,,L3,,,
97818,L3,L1,L2,L3,L3,L1,L1,L2,L1,C1_2,D1_3,F1_3,,L1,,,
97819,L3,L1,L2,L3,L3,L1,L1,L2,L1,C1_2,D1_3,F1_3,,L2,,,
97820,L3,L1,L2,L3,L3,L1,L1,L2,L1,C1_2,D1_3,F1_3,,L3,,,
97821,L3,L1,L2,L3,L3,L1,L1,L2,L1,C1_3,D1_1,F1_1,,L1,,,
97822,L3,L1,L2,L3,L3,L1,L1,L2,L1,C1_3,D1_1,F1_1,,L2,,,
97823,L3,L1,L2,L3,L3,L1,L1,L2,L1,C1_3,D1_1,F1_1,,L3,,,
97824,L3,L1,L2,L3,L3,L1,L1,L2,L1,C1_3,D1_1,F1_2,,L1,,,
97825,L3,L1,L2,L3,L3,L1,L1,L2,L1,C1_3,D1_1,F1_2,,L2,,,
97826,L3,L1,L2,L3,L3,L1,L1,L2,L1,C1_3,D1_1,F1_2,,L3,,,
97827,L3,L1,L2,L3,L3,L1,L1,L2,L1,C1_3,D1_1,F1_3,,L1,,,
97828,L3,L1,L2,L3,L3,L1,L1,L2,L1,C1_3,D1_1,F1_3,,L2,,,
97829,L3,L1,L2,L3,L3,L1,L1,L2,L1,C1_3,D1_1,F1_3,,L3,,,
97830,L3,L1,L2,L3,L3,L1,L1,L2,L1,C1_3,D1_2,F1_1,,L1,,,
97831,L3,L1,L2,L3,L3,L1,L1,L2,L1,C1_3,D1_2,F1_1,,L2,,,
97832,L3,L1,L2,L3,L3,L1,L1,L2,L1,C1_3,D1_2,F1_1,,L3,,,
97833,L3,L1,L2,L3,L3,L1,L1,L2,L1,C1_3,D1_2,F1_2,,L1,,,
97834,L3,L1,L2,L3,L3,L1,L1,L2,L1,C1_3,D1_2,F1_2,,L2,,,
97835,L3,L1,L2,L3,L3,L1,L1,L2,L1,C1_3,D1_2,F1_2,,L3,,,
97836,L3,L1,L2,L3,L3,L1,L1,L2,L1,C1_3,D1_2,F1_3,,L1,,,
97837,L3,L1,L2,L3,L3,L1,L1,L2,L1,C1_3,D1_2,F1_3,,L2,,,
97838,L3,L1,L2,L3,L3,L1,L1,L2,L1,C1_3,D1_2,F1_3,,L3,,,
97839,L3,L1,L2,L3,L3,L1,L1,L2,L1,C1_3,D1_3,F1_1,,L1,,,
97840,L3,L1,L2,L3,L3,L1,L1,L2,L1,C1_3,D1_3,F1_1,,L2,,,
97841,L3,L1,L2,L3,L3,L1,L1,L2,L1,C1_3,D1_3,F1_1,,L3,,,
97842,L3,L1,L2,L3,L3,L1,L1,L2,L1,C1_3,D1_3,F1_2,,L1,,,
97843,L3,L1,L2,L3,L3,L1,L1,L2,L1,C1_3,D1_3,F1_2,,L2,,,
97844,L3,L1,L2,L3,L3,L1,L1,L2,L1,C1_3,D1_3,F1_2,,L3,,,
97845,L3,L1,L2,L3,L3,L1,L1,L2,L1,C1_3,D1_3,F1_3,,L1,,,
97846,L3,L1,L2,L3,L3,L1,L1,L2,L1,C1_3,D1_3,F1_3,,L2,,,
97847,L3,L1,L2,L3,L3,L1,L1,L2,L1,C1_3,D1_3,F1_3,,L3,,,
111618,L2,L1,L1,L1,L3,L1,L1,L2,L1,C1_1,D1_1,F1_1,,L1,,,
111619,L2,L1,L1,L1,L3,L1,L1,L2,L1,C1_1,D1_1,F1_1,,L2,,,
111620,L2,L1,L1,L1,L3,L1,L1,L2,L1,C1_1,D1_1,F1_1,,L3,,,
111621,L2,L1,L1,L1,L3,L1,L1,L2,L1,C1_1,D1_1,F1_2,,L1,,,
111622,L2,L1,L1,L1,L3,L1,L1,L2,L1,C1_1,D1_1,F1_2,,L2,,,
111623,L2,L1,L1,L1,L3,L1,L1,L2,L1,C1_1,D1_1,F1_2,,L3,,,
111624,L2,L1,L1,L1,L3,L1,L1,L2,L1,C1_1,D1_1,F1_3,,L1,,,
111625,L2,L1,L1,L1,L3,L1,L1,L2,L1,C1_1,D1_1,F1_3,,L2,,,
111626,L2,L1,L1,L1,L3,L1,L1,L2,L1,C1_1,D1_1,F1_3,,L3,,,
111627,L2,L1,L1,L1,L3,L1,L1,L2,L1,C1_1,D1_2,F1_1,,L1,,,
111628,L2,L1,L1,L1,L3,L1,L1,L2,L1,C1_1,D1_2,F1_1,,L2,,,
111629,L2,L1,L1,L1,L3,L1,L1,L2,L1,C1_1,D1_2,F1_1,,L3,,,
111630,L2,L1,L1,L1,L3,L1,L1,L2,L1,C1_1,D1_2,F1_2,,L1,,,
111631,L2,L1,L1,L1,L3,L1,L1,L2,L1,C1_1,D1_2,F1_2,,L2,,,
111632,L2,L1,L1,L1,L3,L1,L1,L2,L1,C1_1,D1_2,F1_2,,L3,,,
111633,L2,L1,L1,L1,L3,L1,L1,L2,L1,C1_1,D1_2,F1_3,,L1,,,
111634,L2,L1,L1,L1,L3,L1,L1,L2,L1,C1_1,D1_2,F1_3,,L2,,,
111635,L2,L1,L1,L1,L3,L1,L1,L2,L1,C1_1,D1_2,F1_3,,L3,,,
111636,L2,L1,L1,L1,L3,L1,L1,L2,L1,C1_1,D1_3,F1_1,,L1,,,
111637,L2,L1,L1,L1,L3,L1,L1,L2,L1,C1_1,D1_3,F1_1,,L2,,,
111638,L2,L1,L1,L1,L3,L1,L1,L2,L1,C1_1,D1_3,F1_1,,L3,,,
111639,L2,L1,L1,L1,L3,L1,L1,L2,L1,C1_1,D1_3,F1_2,,L1,,,
111640,L2,L1,L1,L1,L3,L1,L1,L2,L1,C1_1,D1_3,F1_2,,L2,,,
111641,L2,L1,L1,L1,L3,L1,L1,L2,L1,C1_1,D1_3,F1_2,,L3,,,
111642,L2,L1,L1,L1,L3,L1,L1,L2,L1,C1_1,D1_3,F1_3,,L1,,,
111643,L2,L1,L1,L1,L3,L1,L1,L2,L1,C1_1,D1_3,F1_3,,L2,,,
111644,L2,L1,L1,L1,L3,L1,L1,L2,L1,C1_1,D1_3,F1_3,,L3,,,
111645,L2,L1,L1,L1,L3,L1,L1,L2,L1,C1_2,D1_1,F1_1,,L1,,,
111646,L2,L1,L1,L1,L3,L1,L1,L2,L1,C1_2,D1_1,F1_1,,L2,,,
111647,L2,L1,L1,L1,L3,L1,L1,L2,L1,C1_2,D1_1,F1_1,,L3,,,
111648,L2,L1,L1,L1,L3,L1,L1,L2,L1,C1_2,D1_1,F1_2,,L1,,,
111649,L2,L1,L1,L1,L3,L1,L1,L2,L1,C1_2,D1_1,F1_2,,L2,,,
111650,L2,L1,L1,L1,L3,L1,L1,L2,L1,C1_2,D1_1,F1_2,,L3,,,
111651,L2,L1,L1,L1,L3,L1,L1,L2,L1,C1_2,D1_1,F1_3,,L1,,,
111652,L2,L1,L1,L1,L3,L1,L1,L2,L1,C1_2,D1_1,F1_3,,L2,,,
111653,L2,L1,L1,L1,L3,L1,L1,L2,L1,C1_2,D1_1,F1_3,,L3,,,
111654,L2,L1,L1,L1,L3,L1,L1,L2,L1,C1_2,D1_2,F1_1,,L1,,,
111655,L2,L1,L1,L1,L3,L1,L1,L2,L1,C1_2,D1_2,F1_1,,L2,,,
111656,L2,L1,L1,L1,L3,L1,L1,L2,L1,C1_2,D1_2,F1_1,,L3,,,
111657,L2,L1,L1,L1,L3,L1,L1,L2,L1,C1_2,D1_2,F1_2,,L1,,,
111658,L2,L1,L1,L1,L3,L1,L1,L2,L1,C1_2,D1_2,F1_2,,L2,,,
111659,L2,L1,L1,L1,L3,L1,L1,L2,L1,C1_2,D1_2,F1_2,,L3,,,
111660,L2,L1,L1,L1,L3,L1,L1,L2,L1,C1_2,D1_2,F1_3,,L1,,,
111661,L2,L1,L1,L1,L3,L1,L1,L2,L1,C1_2,D1_2,F1_3,,L2,,,
111662,L2,L1,L1,L1,L3,L1,L1,L2,L1,C1_2,D1_2,F1_3,,L3,,,
111663,L2,L1,L1,L1,L3,L1,L1,L2,L1,C1_2,D1_3,F1_1,,L1,,,
111664,L2,L1,L1,L1,L3,L1,L1,L2,L1,C1_2,D1_3,F1_1,,L2,,,
111665,L2,L1,L1,L1,L3,L1,L1,L2,L1,C1_2,D1_3,F1_1,,L3,,,
111666,L2,L1,L1,L1,L3,L1,L1,L2,L1,C1_2,D1_3,F1_2,,L1,,,
111667,L2,L1,L1,L1,L3,L1,L1,L2,L1,C1_2,D1_3,F1_2,,L2,,,
111668,L2,L1,L1,L1,L3,L1,L1,L2,L1,C1_2,D1_3,F1_2,,L3,,,
111669,L2,L1,L1,L1,L3,L1,L1,L2,L1,C1_2,D1_3,F1_3,,L1,,,
111670,L2,L1,L1,L1,L3,L1,L1,L2,L1,C1_2,D1_3,F1_3,,L2,,,
111671,L2,L1,L1,L1,L3,L1,L1,L2,L1,C1_2,D1_3,F1_3,,L3,,,
111672,L2,L1,L1,L1,L3,L1,L1,L2,L1,C1_3,D1_1,F1_1,,L1,,,
111673,L2,L1,L1,L1,L3,L1,L1,L2,L1,C1_3,D1_1,F1_1,,L2,,,
111674,L2,L1,L1,L1,L3,L1,L1,L2,L1,C1_3,D1_1,F1_1,,L3,,,
111675,L2,L1,L1,L1,L3,L1,L1,L2,L1,C1_3,D1_1,F1_2,,L1,,,
111676,L2,L1,L1,L1,L3,L1,L1,L2,L1,C1_3,D1_1,F1_2,,L2,,,
111677,L2,L1,L1,L1,L3,L1,L1,L2,L1,C1_3,D1_1,F1_2,,L3,,,
111678,L2,L1,L1,L1,L3,L1,L1,L2,L1,C1_3,D1_1,F1_3,,L1,,,
111679,L2,L1,L1,L1,L3,L1,L1,L2,L1,C1_3,D1_1,F1_3,,L2,,,
111680,L2,L1,L1,L1,L3,L1,L1,L2,L1,C1_3,D1_1,F1_3,,L3,,,
111681,L2,L1,L1,L1,L3,L1,L1,L2,L1,C1_3,D1_2,F1_1,,L1,,,
111682,L2,L1,L1,L1,L3,L1,L1,L2,L1,C1_3,D1_2,F1_1,,L2,,,
111683,L2,L1,L1,L1,L3,L1,L1,L2,L1,C1_3,D1_2,F1_1,,L3,,,
111684,L2,L1,L1,L1,L3,L1,L1,L2,L1,C1_3,D1_2,F1_2,,L1,,,
111685,L2,L1,L1,L1,L3,L1,L1,L2,L1,C1_3,D1_2,F1_2,,L2,,,
111686,L2,L1,L1,L1,L3,L1,L1,L2,L1,C1_3,D1_2,F1_2,,L3,,,
111687,L2,L1,L1,L1,L3,L1,L1,L2,L1,C1_3,D1_2,F1_3,,L1,,,
111688,L2,L1,L1,L1,L3,L1,L1,L2,L1,C1_3,D1_2,F1_3,,L2,,,
111689,L2,L1,L1,L1,L3,L1,L1,L2,L1,C1_3,D1_2,F1_3,,L3,,,
111690,L2,L1,L1,L1,L3,L1,L1,L2,L1,C1_3,D1_3,F1_1,,L1,,,
111691,L2,L1,L1,L1,L3,L1,L1,L2,L1,C1_3,D1_3,F1_1,,L2,,,
111692,L2,L1,L1,L1,L3,L1,L1,L2,L1,C1_3,D1_3,F1_1,,L3,,,
111693,L2,L1,L1,L1,L3,L1,L1,L2,L1,C1_3,D1_3,F1_2,,L1,,,
111694,L2,L1,L1,L1,L3,L1,L1,L2,L1,C1_3,D1_3,F1_2,,L2,,,
111695,L2,L1,L1,L1,L3,L1,L1,L2,L1,C1_3,D1_3,F1_2,,L3,,,
111696,L2,L1,L1,L1,L3,L1,L1,L2,L1,C1_3,D1_3,F1_3,,L1,,,
111697,L2,L1,L1,L1,L3,L1,L1,L2,L1,C1_3,D1_3,F1_3,,L2,,,
111698,L2,L1,L1,L1,L3,L1,L1,L2,L1,C1_3,D1_3,F1_3,,L3,,,
111942,L2,L2,L1,L3,L3,L1,L1,L2,L1,C1_1,D1_1,F1_1,,L1,,,
111943,L2,L2,L1,L3,L3,L1,L1,L2,L1,C1_1,D1_1,F1_1,,L2,,,
111944,L2,L2,L1,L3,L3,L1,L1,L2,L1,C1_1,D1_1,F1_1,,L3,,,
111945,L2,L2,L1,L3,L3,L1,L1,L2,L1,C1_1,D1_1,F1_2,,L1,,,
111946,L2,L2,L1,L3,L3,L1,L1,L2,L1,C1_1,D1_1,F1_2,,L2,,,
111947,L2,L2,L1,L3,L3,L1,L1,L2,L1,C1_1,D1_1,F1_2,,L3,,,
111948,L2,L2,L1,L3,L3,L1,L1,L2,L1,C1_1,D1_1,F1_3,,L1,,,
111949,L2,L2,L1,L3,L3,L1,L1,L2,L1,C1_1,D1_1,F1_3,,L2,,,
111950,L2,L2,L1,L3,L3,L1,L1,L2,L1,C1_1,D1_1,F1_3,,L3,,,
111951,L2,L2,L1,L3,L3,L1,L1,L2,L1,C1_1,D1_2,F1_1,,L1,,,
111952,L2,L2,L1,L3,L3,L1,L1,L2,L1,C1_1,D1_2,F1_1,,L2,,,
111953,L2,L2,L1,L3,L3,L1,L1,L2,L1,C1_1,D1_2,F1_1,,L3,,,
111954,L2,L2,L1,L3,L3,L1,L1,L2,L1,C1_1,D1_2,F1_2,,L1,,,
111955,L2,L2,L1,L3,L3,L1,L1,L2,L1,C1_1,D1_2,F1_2,,L2,,,
111956,L2,L2,L1,L3,L3,L1,L1,L2,L1,C1_1,D1_2,F1_2,,L3,,,
111957,L2,L2,L1,L3,L3,L1,L1,L2,L1,C1_1,D1_2,F1_3,,L1,,,
111958,L2,L2,L1,L3,L3,L1,L1,L2,L1,C1_1,D1_2,F1_3,,L2,,,
111959,L2,L2,L1,L3,L3,L1,L1,L2,L1,C1_1,D1_2,F1_3,,L3,,,
111960,L2,L2,L1,L3,L3,L1,L1,L2,L1,C1_1,D1_3,F1_1,,L1,,,
111961,L2,L2,L1,L3,L3,L1,L1,L2,L1,C1_1,D1_3,F1_1,,L2,,,
111962,L2,L2,L1,L3,L3,L1,L1,L2,L1,C1_1,D1_3,F1_1,,L3,,,
111963,L2,L2,L1,L3,L3,L1,L1,L2,L1,C1_1,D1_3,F1_2,,L1,,,
111964,L2,L2,L1,L3,L3,L1,L1,L2,L1,C1_1,D1_3,F1_2,,L2,,,
111965,L2,L2,L1,L3,L3,L1,L1,L2,L1,C1_1,D1_3,F1_2,,L3,,,
111966,L2,L2,L1,L3,L3,L1,L1,L2,L1,C1_1,D1_3,F1_3,,L1,,,
111967,L2,L2,L1,L3,L3,L1,L1,L2,L1,C1_1,D1_3,F1_3,,L2,,,
111968,L2,L2,L1,L3,L3,L1,L1,L2,L1,C1_1,D1_3,F1_3,,L3,,,
111969,L2,L2,L1,L3,L3,L1,L1,L2,L1,C1_2,D1_1,F1_1,,L1,,,
111970,L2,L2,L1,L3,L3,L1,L1,L2,L1,C1_2,D1_1,F1_1,,L2,,,
111971,L2,L2,L1,L3,L3,L1,L1,L2,L1,C1_2,D1_1,F1_1,,L3,,,
111972,L2,L2,L1,L3,L3,L1,L1,L2,L1,C1_2,D1_1,F1_2,,L1,,,
111973,L2,L2,L1,L3,L3,L1,L1,L2,L1,C1_2,D1_1,F1_2,,L2,,,
111974,L2,L2,L1,L3,L3,L1,L1,L2,L1,C1_2,D1_1,F1_2,,L3,,,
111975,L2,L2,L1,L3,L3,L1,L1,L2,L1,C1_2,D1_1,F1_3,,L1,,,
111976,L2,L2,L1,L3,L3,L1,L1,L2,L1,C1_2,D1_1,F1_3,,L2,,,
111977,L2,L2,L1,L3,L3,L1,L1,L2,L1,C1_2,D1_1,F1_3,,L3,,,
111978,L2,L2,L1,L3,L3,L1,L1,L2,L1,C1_2,D1_2,F1_1,,L1,,,
111979,L2,L2,L1,L3,L3,L1,L1,L2,L1,C1_2,D1_2,F1_1,,L2,,,
111980,L2,L2,L1,L3,L3,L1,L1,L2,L1,C1_2,D1_2,F1_1,,L3,,,
111981,L2,L2,L1,L3,L3,L1,L1,L2,L1,C1_2,D1_2,F1_2,,L1,,,
111982,L2,L2,L1,L3,L3,L1,L1,L2,L1,C1_2,D1_2,F1_2,,L2,,,
111983,L2,L2,L1,L3,L3,L1,L1,L2,L1,C1_2,D1_2,F1_2,,L3,,,
111984,L2,L2,L1,L3,L3,L1,L1,L2,L1,C1_2,D1_2,F1_3,,L1,,,
111985,L2,L2,L1,L3,L3,L1,L1,L2,L1,C1_2,D1_2,F1_3,,L2,,,
111986,L2,L2,L1,L3,L3,L1,L1,L2,L1,C1_2,D1_2,F1_3,,L3,,,
111987,L2,L2,L1,L3,L3,L1,L1,L2,L1,C1_2,D1_3,F1_1,,L1,,,
111988,L2,L2,L1,L3,L3,L1,L1,L2,L1,C1_2,D1_3,F1_1,,L2,,,
111989,L2,L2,L1,L3,L3,L1,L1,L2,L1,C1_2,D1_3,F1_1,,L3,,,
111990,L2,L2,L1,L3,L3,L1,L1,L2,L1,C1_2,D1_3,F1_2,,L1,,,
111991,L2,L2,L1,L3,L3,L1,L1,L2,L1,C1_2,D1_3,F1_2,,L2,,,
111992,L2,L2,L1,L3,L3,L1,L1,L2,L1,C1_2,D1_3,F1_2,,L3,,,
111993,L2,L2,L1,L3,L3,L1,L1,L2,L1,C1_2,D1_3,F1_3,,L1,,,
111994,L2,L2,L1,L3,L3,L1,L1,L2,L1,C1_2,D1_3,F1_3,,L2,,,
111995,L2,L2,L1,L3,L3,L1,L1,L2,L1,C1_2,D1_3,F1_3,,L3,,,
111996,L2,L2,L1,L3,L3,L1,L1,L2,L1,C1_3,D1_1,F1_1,,L1,,,
111997,L2,L2,L1,L3,L3,L1,L1,L2,L1,C1_3,D1_1,F1_1,,L2,,,
111998,L2,L2,L1,L3,L3,L1,L1,L2,L1,C1_3,D1_1,F1_1,,L3,,,
111999,L2,L2,L1,L3,L3,L1,L1,L2,L1,C1_3,D1_1,F1_2,,L1,,,
112000,L2,L2,L1,L3,L3,L1,L1,L2,L1,C1_3,D1_1,F1_2,,L2,,,
112001,L2,L2,L1,L3,L3,L1,L1,L2,L1,C1_3,D1_1,F1_2,,L3,,,
112002,L2,L2,L1,L3,L3,L1,L1,L2,L1,C1_3,D1_1,F1_3,,L1,,,
112003,L2,L2,L1,L3,L3,L1,L1,L2,L1,C1_3,D1_1,F1_3,,L2,,,
112004,L2,L2,L1,L3,L3,L1,L1,L2,L1,C1_3,D1_1,F1_3,,L3,,,
112005,L2,L2,L1,L3,L3,L1,L1,L2,L1,C1_3,D1_2,F1_1,,L1,,,
112006,L2,L2,L1,L3,L3,L1,L1,L2,L1,C1_3,D1_2,F1_1,,L2,,,
112007,L2,L2,L1,L3,L3,L1,L1,L2,L1,C1_3,D1_2,F1_1,,L3,,,
112008,L2,L2,L1,L3,L3,L1,L1,L2,L1,C1_3,D1_2,F1_2,,L1,,,
112009,L2,L2,L1,L3,L3,L1,L1,L2,L1,C1_3,D1_2,F1_2,,L2,,,
112010,L2,L2,L1,L3,L3,L1,L1,L2,L1,C1_3,D1_2,F1_2,,L3,,,
112011,L2,L2,L1,L3,L3,L1,L1,L2,L1,C1_3,D1_2,F1_3,,L1,,,
112012,L2,L2,L1,L3,L3,L1,L1,L2,L1,C1_3,D1_2,F1_3,,L2,,,
112013,L2,L2,L1,L3,L3,L1,L1,L2,L1,C1_3,D1_2,F1_3,,L3,,,
112014,L2,L2,L1,L3,L3,L1,L1,L2,L1,C1_3,D1_3,F1_1,,L1,,,
112015,L2,L2,L1,L3,L3,L1,L1,L2,L1,C1_3,D1_3,F1_1,,L2,,,
112016,L2,L2,L1,L3,L3,L1,L1,L2,L1,C1_3,D1_3,F1_1,,L3,,,
112017,L2,L2,L1,L3,L3,L1,L1,L2,L1,C1_3,D1_3,F1_2,,L1,,,
112018,L2,L2,L1,L3,L3,L1,L1,L2,L1,C1_3,D1_3,F1_2,,L2,,,
112019,L2,L2,L1,L3,L3,L1,L1,L2,L1,C1_3,D1_3,F1_2,,L3,,,
112020,L2,L2,L1,L3,L3,L1,L1,L2,L1,C1_3,D1_3,F1_3,,L1,,,
112021,L2,L2,L1,L3,L3,L1,L1,L2,L1,C1_3,D1_3,F1_3,,L2,,,
112022,L2,L2,L1,L3,L3,L1,L1,L2,L1,C1_3,D1_3,F1_3,,L3,,,
121014,L2,L3,L3,L1,L1,L1,L1,L2,L1,C1_1,D1_1,F1_1,,L1,,,
121015,L2,L3,L3,L1,L1,L1,L1,L2,L1,C1_1,D1_1,F1_1,,L2,,,
121016,L2,L3,L3,L1,L1,L1,L1,L2,L1,C1_1,D1_1,F1_1,,L3,,,
121017,L2,L3,L3,L1,L1,L1,L1,L2,L1,C1_1,D1_1,F1_2,,L1,,,
121018,L2,L3,L3,L1,L1,L1,L1,L2,L1,C1_1,D1_1,F1_2,,L2,,,
121019,L2,L3,L3,L1,L1,L1,L1,L2,L1,C1_1,D1_1,F1_2,,L3,,,
121020,L2,L3,L3,L1,L1,L1,L1,L2,L1,C1_1,D1_1,F1_3,,L1,,,
121021,L2,L3,L3,L1,L1,L1,L1,L2,L1,C1_1,D1_1,F1_3,,L2,,,
121022,L2,L3,L3,L1,L1,L1,L1,L2,L1,C1_1,D1_1,F1_3,,L3,,,
121023,L2,L3,L3,L1,L1,L1,L1,L2,L1,C1_1,D1_2,F1_1,,L1,,,
121024,L2,L3,L3,L1,L1,L1,L1,L2,L1,C1_1,D1_2,F1_1,,L2,,,
121025,L2,L3,L3,L1,L1,L1,L1,L2,L1,C1_1,D1_2,F1_1,,L3,,,
121026,L2,L3,L3,L1,L1,L1,L1,L2,L1,C1_1,D1_2,F1_2,,L1,,,
121027,L2,L3,L3,L1,L1,L1,L1,L2,L1,C1_1,D1_2,F1_2,,L2,,,
121028,L2,L3,L3,L1,L1,L1,L1,L2,L1,C1_1,D1_2,F1_2,,L3,,,
121029,L2,L3,L3,L1,L1,L1,L1,L2,L1,C1_1,D1_2,F1_3,,L1,,,
121030,L2,L3,L3,L1,L1,L1,L1,L2,L1,C1_1,D1_2,F1_3,,L2,,,
121031,L2,L3,L3,L1,L1,L1,L1,L2,L1,C1_1,D1_2,F1_3,,L3,,,
121032,L2,L3,L3,L1,L1,L1,L1,L2,L1,C1_1,D1_3,F1_1,,L1,,,
121033,L2,L3,L3,L1,L1,L1,L1,L2,L1,C1_1,D1_3,F1_1,,L2,,,
121034,L2,L3,L3,L1,L1,L1,L1,L2,L1,C1_1,D1_3,F1_1,,L3,,,
121035,L2,L3,L3,L1,L1,L1,L1,L2,L1,C1_1,D1_3,F1_2,,L1,,,
121036,L2,L3,L3,L1,L1,L1,L1,L2,L1,C1_1,D1_3,F1_2,,L2,,,
121037,L2,L3,L3,L1,L1,L1,L1,L2,L1,C1_1,D1_3,F1_2,,L3,,,
121038,L2,L3,L3,L1,L1,L1,L1,L2,L1,C1_1,D1_3,F1_3,,L1,,,
121039,L2,L3,L3,L1,L1,L1,L1,L2,L1,C1_1,D1_3,F1_3,,L2,,,
121040,L2,L3,L3,L1,L1,L1,L1,L2,L1,C1_1,D1_3,F1_3,,L3,,,
121041,L2,L3,L3,L1,L1,L1,L1,L2,L1,C1_2,D1_1,F1_1,,L1,,,
121042,L2,L3,L3,L1,L1,L1,L1,L2,L1,C1_2,D1_1,F1_1,,L2,,,
121043,L2,L3,L3,L1,L1,L1,L1,L2,L1,C1_2,D1_1,F1_1,,L3,,,
121044,L2,L3,L3,L1,L1,L1,L1,L2,L1,C1_2,D1_1,F1_2,,L1,,,
121045,L2,L3,L3,L1,L1,L1,L1,L2,L1,C1_2,D1_1,F1_2,,L2,,,
121046,L2,L3,L3,L1,L1,L1,L1,L2,L1,C1_2,D1_1,F1_2,,L3,,,
121047,L2,L3,L3,L1,L1,L1,L1,L2,L1,C1_2,D1_1,F1_3,,L1,,,
121048,L2,L3,L3,L1,L1,L1,L1,L2,L1,C1_2,D1_1,F1_3,,L2,,,
121049,L2,L3,L3,L1,L1,L1,L1,L2,L1,C1_2,D1_1,F1_3,,L3,,,
121050,L2,L3,L3,L1,L1,L1,L1,L2,L1,C1_2,D1_2,F1_1,,L1,,,
121051,L2,L3,L3,L1,L1,L1,L1,L2,L1,C1_2,D1_2,F1_1,,L2,,,
121052,L2,L3,L3,L1,L1,L1,L1,L2,L1,C1_2,D1_2,F1_1,,L3,,,
121053,L2,L3,L3,L1,L1,L1,L1,L2,L1,C1_2,D1_2,F1_2,,L1,,,
121054,L2,L3,L3,L1,L1,L1,L1,L2,L1,C1_2,D1_2,F1_2,,L2,,,
121055,L2,L3,L3,L1,L1,L1,L1,L2,L1,C1_2,D1_2,F1_2,,L3,,,
121056,L2,L3,L3,L1,L1,L1,L1,L2,L1,C1_2,D1_2,F1_3,,L1,,,
121057,L2,L3,L3,L1,L1,L1,L1,L2,L1,C1_2,D1_2,F1_3,,L2,,,
121058,L2,L3,L3,L1,L1,L1,L1,L2,L1,C1_2,D1_2,F1_3,,L3,,,
121059,L2,L3,L3,L1,L1,L1,L1,L2,L1,C1_2,D1_3,F1_1,,L1,,,
121060,L2,L3,L3,L1,L1,L1,L1,L2,L1,C1_2,D1_3,F1_1,,L2,,,
121061,L2,L3,L3,L1,L1,L1,L1,L2,L1,C1_2,D1_3,F1_1,,L3,,,
121062,L2,L3,L3,L1,L1,L1,L1,L2,L1,C1_2,D1_3,F1_2,,L1,,,
121063,L2,L3,L3,L1,L1,L1,L1,L2,L1,C1_2,D1_3,F1_2,,L2,,,
121064,L2,L3,L3,L1,L1,L1,L1,L2,L1,C1_2,D1_3,F1_2,,L3,,,
121065,L2,L3,L3,L1,L1,L1,L1,L2,L1,C1_2,D1_3,F1_3,,L1,,,
121066,L2,L3,L3,L1,L1,L1,L1,L2,L1,C1_2,D1_3,F1_3,,L2,,,
121067,L2,L3,L3,L1,L1,L1,L1,L2,L1,C1_2,D1_3,F1_3,,L3,,,
121068,L2,L3,L3,L1,L1,L1,L1,L2,L1,C1_3,D1_1,F1_1,,L1,,,
121069,L2,L3,L3,L1,L1,L1,L1,L2,L1,C1_3,D1_1,F1_1,,L2,,,
121070,L2,L3,L3,L1,L1,L1,L1,L2,L1,C1_3,D1_1,F1_1,,L3,,,
121071,L2,L3,L3,L1,L1,L1,L1,L2,L1,C1_3,D1_1,F1_2,,L1,,,
121072,L2,L3,L3,L1,L1,L1,L1,L2,L1,C1_3,D1_1,F1_2,,L2,,,
121073,L2,L3,L3,L1,L1,L1,L1,L2,L1,C1_3,D1_1,F1_2,,L3,,,
121074,L2,L3,L3,L1,L1,L1,L1,L2,L1,C1_3,D1_1,F1_3,,L1,,,
121075,L2,L3,L3,L1,L1,L1,L1,L2,L1,C1_3,D1_1,F1_3,,L2,,,
121076,L2,L3,L3,L1,L1,L1,L1,L2,L1,C1_3,D1_1,F1_3,,L3,,,
121077,L2,L3,L3,L1,L1,L1,L1,L2,L1,C1_3,D1_2,F1_1,,L1,,,
121078,L2,L3,L3,L1,L1,L1,L1,L2,L1,C1_3,D1_2,F1_1,,L2,,,
121079,L2,L3,L3,L1,L1,L1,L1,L2,L1,C1_3,D1_2,F1_1,,L3,,,
121080,L2,L3,L3,L1,L1,L1,L1,L2,L1,C1_3,D1_2,F1_2,,L1,,,
121081,L2,L3,L3,L1,L1,L1,L1,L2,L1,C1_3,D1_2,F1_2,,L2,,,
121082,L2,L3,L3,L1,L1,L1,L1,L2,L1,C1_3,D1_2,F1_2,,L3,,,
121083,L2,L3,L3,L1,L1,L1,L1,L2,L1,C1_3,D1_2,F1_3,,L1,,,
121084,L2,L3,L3,L1,L1,L1,L1,L2,L1,C1_3,D1_2,F1_3,,L2,,,
121085,L2,L3,L3,L1,L1,L1,L1,L2,L1,C1_3,D1_2,F1_3,,L3,,,
121086,L2,L3,L3,L1,L1,L1,L1,L2,L1,C1_3,D1_3,F1_1,,L1,,,
121087,L2,L3,L3,L1,L1,L1,L1,L2,L1,C1_3,D1_3,F1_1,,L2,,,
121088,L2,L3,L3,L1,L1,L1,L1,L2,L1,C1_3,D1_3,F1_1,,L3,,,
121089,L2,L3,L3,L1,L1,L1,L1,L2,L1,C1_3,D1_3,F1_2,,L1,,,
121090,L2,L3,L3,L1,L1,L1,L1,L2,L1,C1_3,D1_3,F1_2,,L2,,,
121091,L2,L3,L3,L1,L1,L1,L1,L2,L1,C1_3,D1_3,F1_2,,L3,,,
121092,L2,L3,L3,L1,L1,L1,L1,L2,L1,C1_3,D1_3,F1_3,,L1,,,
121093,L2,L3,L3,L1,L1,L1,L1,L2,L1,C1_3,D1_3,F1_3,,L2,,,
121094,L2,L3,L3,L1,L1,L1,L1,L2,L1,C1_3,D1_3,F1_3,,L3,,,
122256,L3,L3,L3,L1,L3,L1,L1,L2,L1,C1_1,D1_1,F1_1,,L1,,,
122257,L3,L3,L3,L1,L3,L1,L1,L2,L1,C1_1,D1_1,F1_1,,L2,,,
122258,L3,L3,L3,L1,L3,L1,L1,L2,L1,C1_1,D1_1,F1_1,,L3,,,
122259,L3,L3,L3,L1,L3,L1,L1,L2,L1,C1_1,D1_1,F1_2,,L1,,,
122260,L3,L3,L3,L1,L3,L1,L1,L2,L1,C1_1,D1_1,F1_2,,L2,,,
122261,L3,L3,L3,L1,L3,L1,L1,L2,L1,C1_1,D1_1,F1_2,,L3,,,
122262,L3,L3,L3,L1,L3,L1,L1,L2,L1,C1_1,D1_1,F1_3,,L1,,,
122263,L3,L3,L3,L1,L3,L1,L1,L2,L1,C1_1,D1_1,F1_3,,L2,,,
122264,L3,L3,L3,L1,L3,L1,L1,L2,L1,C1_1,D1_1,F1_3,,L3,,,
122265,L3,L3,L3,L1,L3,L1,L1,L2,L1,C1_1,D1_2,F1_1,,L1,,,
122266,L3,L3,L3,L1,L3,L1,L1,L2,L1,C1_1,D1_2,F1_1,,L2,,,
122267,L3,L3,L3,L1,L3,L1,L1,L2,L1,C1_1,D1_2,F1_1,,L3,,,
122268,L3,L3,L3,L1,L3,L1,L1,L2,L1,C1_1,D1_2,F1_2,,L1,,,
122269,L3,L3,L3,L1,L3,L1,L1,L2,L1,C1_1,D1_2,F1_2,,L2,,,
122270,L3,L3,L3,L1,L3,L1,L1,L2,L1,C1_1,D1_2,F1_2,,L3,,,
122271,L3,L3,L3,L1,L3,L1,L1,L2,L1,C1_1,D1_2,F1_3,,L1,,,
122272,L3,L3,L3,L1,L3,L1,L1,L2,L1,C1_1,D1_2,F1_3,,L2,,,
122273,L3,L3,L3,L1,L3,L1,L1,L2,L1,C1_1,D1_2,F1_3,,L3,,,
122274,L3,L3,L3,L1,L3,L1,L1,L2,L1,C1_1,D1_3,F1_1,,L1,,,
122275,L3,L3,L3,L1,L3,L1,L1,L2,L1,C1_1,D1_3,F1_1,,L2,,,
122276,L3,L3,L3,L1,L3,L1,L1,L2,L1,C1_1,D1_3,F1_1,,L3,,,
122277,L3,L3,L3,L1,L3,L1,L1,L2,L1,C1_1,D1_3,F1_2,,L1,,,
122278,L3,L3,L3,L1,L3,L1,L1,L2,L1,C1_1,D1_3,F1_2,,L2,,,
122279,L3,L3,L3,L1,L3,L1,L1,L2,L1,C1_1,D1_3,F1_2,,L3,,,
122280,L3,L3,L3,L1,L3,L1,L1,L2,L1,C1_1,D1_3,F1_3,,L1,,,
122281,L3,L3,L3,L1,L3,L1,L1,L2,L1,C1_1,D1_3,F1_3,,L2,,,
122282,L3,L3,L3,L1,L3,L1,L1,L2,L1,C1_1,D1_3,F1_3,,L3,,,
122283,L3,L3,L3,L1,L3,L1,L1,L2,L1,C1_2,D1_1,F1_1,,L1,,,
122284,L3,L3,L3,L1,L3,L1,L1,L2,L1,C1_2,D1_1,F1_1,,L2,,,
122285,L3,L3,L3,L1,L3,L1,L1,L2,L1,C1_2,D1_1,F1_1,,L3,,,
122286,L3,L3,L3,L1,L3,L1,L1,L2,L1,C1_2,D1_1,F1_2,,L1,,,
122287,L3,L3,L3,L1,L3,L1,L1,L2,L1,C1_2,D1_1,F1_2,,L2,,,
122288,L3,L3,L3,L1,L3,L1,L1,L2,L1,C1_2,D1_1,F1_2,,L3,,,
122289,L3,L3,L3,L1,L3,L1,L1,L2,L1,C1_2,D1_1,F1_3,,L1,,,
122290,L3,L3,L3,L1,L3,L1,L1,L2,L1,C1_2,D1_1,F1_3,,L2,,,
122291,L3,L3,L3,L1,L3,L1,L1,L2,L1,C1_2,D1_1,F1_3,,L3,,,
122292,L3,L3,L3,L1,L3,L1,L1,L2,L1,C1_2,D1_2,F1_1,,L1,,,
122293,L3,L3,L3,L1,L3,L1,L1,L2,L1,C1_2,D1_2,F1_1,,L2,,,
122294,L3,L3,L3,L1,L3,L1,L1,L2,L1,C1_2,D1_2,F1_1,,L3,,,
122295,L3,L3,L3,L1,L3,L1,L1,L2,L1,C1_2,D1_2,F1_2,,L1,,,
122296,L3,L3,L3,L1,L3,L1,L1,L2,L1,C1_2,D1_2,F1_2,,L2,,,
122297,L3,L3,L3,L1,L3,L1,L1,L2,L1,C1_2,D1_2,F1_2,,L3,,,
122298,L3,L3,L3,L1,L3,L1,L1,L2,L1,C1_2,D1_2,F1_3,,L1,,,
122299,L3,L3,L3,L1,L3,L1,L1,L2,L1,C1_2,D1_2,F1_3,,L2,,,
122300,L3,L3,L3,L1,L3,L1,L1,L2,L1,C1_2,D1_2,F1_3,,L3,,,
122301,L3,L3,L3,L1,L3,L1,L1,L2,L1,C1_2,D1_3,F1_1,,L1,,,
122302,L3,L3,L3,L1,L3,L1,L1,L2,L1,C1_2,D1_3,F1_1,,L2,,,
122303,L3,L3,L3,L1,L3,L1,L1,L2,L1,C1_2,D1_3,F1_1,,L3,,,
122304,L3,L3,L3,L1,L3,L1,L1,L2,L1,C1_2,D1_3,F1_2,,L1,,,
122305,L3,L3,L3,L1,L3,L1,L1,L2,L1,C1_2,D1_3,F1_2,,L2,,,
122306,L3,L3,L3,L1,L3,L1,L1,L2,L1,C1_2,D1_3,F1_2,,L3,,,
122307,L3,L3,L3,L1,L3,L1,L1,L2,L1,C1_2,D1_3,F1_3,,L1,,,
122308,L3,L3,L3,L1,L3,L1,L1,L2,L1,C1_2,D1_3,F1_3,,L2,,,
122309,L3,L3,L3,L1,L3,L1,L1,L2,L1,C1_2,D1_3,F1_3,,L3,,,
122310,L3,L3,L3,L1,L3,L1,L1,L2,L1,C1_3,D1_1,F1_1,,L1,,,
122311,L3,L3,L3,L1,L3,L1,L1,L2,L1,C1_3,D1_1,F1_1,,L2,,,
122312,L3,L3,L3,L1,L3,L1,L1,L2,L1,C1_3,D1_1,F1_1,,L3,,,
122313,L3,L3,L3,L1,L3,L1,L1,L2,L1,C1_3,D1_1,F1_2,,L1,,,
122314,L3,L3,L3,L1,L3,L1,L1,L2,L1,C1_3,D1_1,F1_2,,L2,,,
122315,L3,L3,L3,L1,L3,L1,L1,L2,L1,C1_3,D1_1,F1_2,,L3,,,
122316,L3,L3,L3,L1,L3,L1,L1,L2,L1,C1_3,D1_1,F1_3,,L1,,,
122317,L3,L3,L3,L1,L3,L1,L1,L2,L1,C1_3,D1_1,F1_3,,L2,,,
122318,L3,L3,L3,L1,L3,L1,L1,L2,L1,C1_3,D1_1,F1_3,,L3,,,
122319,L3,L3,L3,L1,L3,L1,L1,L2,L1,C1_3,D1_2,F1_1,,L1,,,
122320,L3,L3,L3,L1,L3,L1,L1,L2,L1,C1_3,D1_2,F1_1,,L2,,,
122321,L3,L3,L3,L1,L3,L1,L1,L2,L1,C1_3,D1_2,F1_1,,L3,,,
122322,L3,L3,L3,L1,L3,L1,L1,L2,L1,C1_3,D1_2,F1_2,,L1,,,
122323,L3,L3,L3,L1,L3,L1,L1,L2,L1,C1_3,D1_2,F1_2,,L2,,,
122324,L3,L3,L3,L1,L3,L1,L1,L2,L1,C1_3,D1_2,F1_2,,L3,,,
122325,L3,L3,L3,L1,L3,L1,L1,L2,L1,C1_3,D1_2,F1_3,,L1,,,
122326,L3,L3,L3,L1,L3,L1,L1,L2,L1,C1_3,D1_2,F1_3,,L2,,,
122327,L3,L3,L3,L1,L3,L1,L1,L2,L1,C1_3,D1_2,F1_3,,L3,,,
122328,L3,L3,L3,L1,L3,L1,L1,L2,L1,C1_3,D1_3,F1_1,,L1,,,
122329,L3,L3,L3,L1,L3,L1,L1,L2,L1,C1_3,D1_3,F1_1,,L2,,,
122330,L3,L3,L3,L1,L3,L1,L1,L2,L1,C1_3,D1_3,F1_1,,L3,,,
122331,L3,L3,L3,L1,L3,L1,L1,L2,L1,C1_3,D1_3,F1_2,,L1,,,
122332,L3,L3,L3,L1,L3,L1,L1,L2,L1,C1_3,D1_3,F1_2,,L2,,,
122333,L3,L3,L3,L1,L3,L1,L1,L2,L1,C1_3,D1_3,F1_2,,L3,,,
122334,L3,L3,L3,L1,L3,L1,L1,L2,L1,C1_3,D1_3,F1_3,,L1,,,
122335,L3,L3,L3,L1,L3,L1,L1,L2,L1,C1_3,D1_3,F1_3,,L2,,,
122336,L3,L3,L3,L1,L3,L1,L1,L2,L1,C1_3,D1_3,F1_3,,L3,,,
160299,L3,L2,L2,L1,L1,L1,L1,L2,L1,C1_1,D1_1,F1_1,,L1,,,
160300,L3,L2,L2,L1,L1,L1,L1,L2,L1,C1_1,D1_1,F1_1,,L2,,,
160301,L3,L2,L2,L1,L1,L1,L1,L2,L1,C1_1,D1_1,F1_1,,L3,,,
160302,L3,L2,L2,L1,L1,L1,L1,L2,L1,C1_1,D1_1,F1_2,,L1,,,
160303,L3,L2,L2,L1,L1,L1,L1,L2,L1,C1_1,D1_1,F1_2,,L2,,,
160304,L3,L2,L2,L1,L1,L1,L1,L2,L1,C1_1,D1_1,F1_2,,L3,,,
160305,L3,L2,L2,L1,L1,L1,L1,L2,L1,C1_1,D1_1,F1_3,,L1,,,
160306,L3,L2,L2,L1,L1,L1,L1,L2,L1,C1_1,D1_1,F1_3,,L2,,,
160307,L3,L2,L2,L1,L1,L1,L1,L2,L1,C1_1,D1_1,F1_3,,L3,,,
160308,L3,L2,L2,L1,L1,L1,L1,L2,L1,C1_1,D1_2,F1_1,,L1,,,
160309,L3,L2,L2,L1,L1,L1,L1,L2,L1,C1_1,D1_2,F1_1,,L2,,,
160310,L3,L2,L2,L1,L1,L1,L1,L2,L1,C1_1,D1_2,F1_1,,L3,,,
160311,L3,L2,L2,L1,L1,L1,L1,L2,L1,C1_1,D1_2,F1_2,,L1,,,
160312,L3,L2,L2,L1,L1,L1,L1,L2,L1,C1_1,D1_2,F1_2,,L2,,,
160313,L3,L2,L2,L1,L1,L1,L1,L2,L1,C1_1,D1_2,F1_2,,L3,,,
160314,L3,L2,L2,L1,L1,L1,L1,L2,L1,C1_1,D1_2,F1_3,,L1,,,
160315,L3,L2,L2,L1,L1,L1,L1,L2,L1,C1_1,D1_2,F1_3,,L2,,,
160316,L3,L2,L2,L1,L1,L1,L1,L2,L1,C1_1,D1_2,F1_3,,L3,,,
160317,L3,L2,L2,L1,L1,L1,L1,L2,L1,C1_1,D1_3,F1_1,,L1,,,
160318,L3,L2,L2,L1,L1,L1,L1,L2,L1,C1_1,D1_3,F1_1,,L2,,,
160319,L3,L2,L2,L1,L1,L1,L1,L2,L1,C1_1,D1_3,F1_1,,L3,,,
160320,L3,L2,L2,L1,L1,L1,L1,L2,L1,C1_1,D1_3,F1_2,,L1,,,
160321,L3,L2,L2,L1,L1,L1,L1,L2,L1,C1_1,D1_3,F1_2,,L2,,,
160322,L3,L2,L2,L1,L1,L1,L1,L2,L1,C1_1,D1_3,F1_2,,L3,,,
160323,L3,L2,L2,L1,L1,L1,L1,L2,L1,C1_1,D1_3,F1_3,,L1,,,
160324,L3,L2,L2,L1,L1,L1,L1,L2,L1,C1_1,D1_3,F1_3,,L2,,,
160325,L3,L2,L2,L1,L1,L1,L1,L2,L1,C1_1,D1_3,F1_3,,L3,,,
160326,L3,L2,L2,L1,L1,L1,L1,L2,L1,C1_2,D1_1,F1_1,,L1,,,
160327,L3,L2,L2,L1,L1,L1,L1,L2,L1,C1_2,D1_1,F1_1,,L2,,,
160328,L3,L2,L2,L1,L1,L1,L1,L2,L1,C1_2,D1_1,F1_1,,L3,,,
160329,L3,L2,L2,L1,L1,L1,L1,L2,L1,C1_2,D1_1,F1_2,,L1,,,
160330,L3,L2,L2,L1,L1,L1,L1,L2,L1,C1_2,D1_1,F1_2,,L2,,,
160331,L3,L2,L2,L1,L1,L1,L1,L2,L1,C1_2,D1_1,F1_2,,L3,,,
160332,L3,L2,L2,L1,L1,L1,L1,L2,L1,C1_2,D1_1,F1_3,,L1,,,
160333,L3,L2,L2,L1,L1,L1,L1,L2,L1,C1_2,D1_1,F1_3,,L2,,,
160334,L3,L2,L2,L1,L1,L1,L1,L2,L1,C1_2,D1_1,F1_3,,L3,,,
160335,L3,L2,L2,L1,L1,L1,L1,L2,L1,C1_2,D1_2,F1_1,,L1,,,
160336,L3,L2,L2,L1,L1,L1,L1,L2,L1,C1_2,D1_2,F1_1,,L2,,,
160337,L3,L2,L2,L1,L1,L1,L1,L2,L1,C1_2,D1_2,F1_1,,L3,,,
160338,L3,L2,L2,L1,L1,L1,L1,L2,L1,C1_2,D1_2,F1_2,,L1,,,
160339,L3,L2,L2,L1,L1,L1,L1,L2,L1,C1_2,D1_2,F1_2,,L2,,,
160340,L3,L2,L2,L1,L1,L1,L1,L2,L1,C1_2,D1_2,F1_2,,L3,,,
160341,L3,L2,L2,L1,L1,L1,L1,L2,L1,C1_2,D1_2,F1_3,,L1,,,
160342,L3,L2,L2,L1,L1,L1,L1,L2,L1,C1_2,D1_2,F1_3,,L2,,,
160343,L3,L2,L2,L1,L1,L1,L1,L2,L1,C1_2,D1_2,F1_3,,L3,,,
160344,L3,L2,L2,L1,L1,L1,L1,L2,L1,C1_2,D1_3,F1_1,,L1,,,
160345,L3,L2,L2,L1,L1,L1,L1,L2,L1,C1_2,D1_3,F1_1,,L2,,,
160346,L3,L2,L2,L1,L1,L1,L1,L2,L1,C1_2,D1_3,F1_1,,L3,,,
160347,L3,L2,L2,L1,L1,L1,L1,L2,L1,C1_2,D1_3,F1_2,,L1,,,
160348,L3,L2,L2,L1,L1,L1,L1,L2,L1,C1_2,D1_3,F1_2,,L2,,,
160349,L3,L2,L2,L1,L1,L1,L1,L2,L1,C1_2,D1_3,F1_2,,L3,,,
160350,L3,L2,L2,L1,L1,L1,L1,L2,L1,C1_2,D1_3,F1_3,,L1,,,
160351,L3,L2,L2,L1,L1,L1,L1,L2,L1,C1_2,D1_3,F1_3,,L2,,,
160352,L3,L2,L2,L1,L1,L1,L1,L2,L1,C1_2,D1_3,F1_3,,L3,,,
160353,L3,L2,L2,L1,L1,L1,L1,L2,L1,C1_3,D1_1,F1_1,,L1,,,
160354,L3,L2,L2,L1,L1,L1,L1,L2,L1,C1_3,D1_1,F1_1,,L2,,,
160355,L3,L2,L2,L1,L1,L1,L1,L2,L1,C1_3,D1_1,F1_1,,L3,,,
160356,L3,L2,L2,L1,L1,L1,L1,L2,L1,C1_3,D1_1,F1_2,,L1,,,
160357,L3,L2,L2,L1,L1,L1,L1,L2,L1,C1_3,D1_1,F1_2,,L2,,,
160358,L3,L2,L2,L1,L1,L1,L1,L2,L1,C1_3,D1_1,F1_2,,L3,,,
160359,L3,L2,L2,L1,L1,L1,L1,L2,L1,C1_3,D1_1,F1_3,,L1,,,
160360,L3,L2,L2,L1,L1,L1,L1,L2,L1,C1_3,D1_1,F1_3,,L2,,,
160361,L3,L2,L2,L1,L1,L1,L1,L2,L1,C1_3,D1_1,F1_3,,L3,,,
160362,L3,L2,L2,L1,L1,L1,L1,L2,L1,C1_3,D1_2,F1_1,,L1,,,
160363,L3,L2,L2,L1,L1,L1,L1,L2,L1,C1_3,D1_2,F1_1,,L2,,,
160364,L3,L2,L2,L1,L1,L1,L1,L2,L1,C1_3,D1_2,F1_1,,L3,,,
160365,L3,L2,L2,L1,L1,L1,L1,L2,L1,C1_3,D1_2,F1_2,,L1,,,
160366,L3,L2,L2,L1,L1,L1,L1,L2,L1,C1_3,D1_2,F1_2,,L2,,,
160367,L3,L2,L2,L1,L1,L1,L1,L2,L1,C1_3,D1_2,F1_2,,L3,,,
160368,L3,L2,L2,L1,L1,L1,L1,L2,L1,C1_3,D1_2,F1_3,,L1,,,
160369,L3,L2,L2,L1,L1,L1,L1,L2,L1,C1_3,D1_2,F1_3,,L2,,,
160370,L3,L2,L2,L1,L1,L1,L1,L2,L1,C1_3,D1_2,F1_3,,L3,,,
160371,L3,L2,L2,L1,L1,L1,L1,L2,L1,C1_3,D1_3,F1_1,,L1,,,
160372,L3,L2,L2,L1,L1,L1,L1,L2,L1,C1_3,D1_3,F1_1,,L2,,,
160373,L3,L2,L2,L1,L1,L1,L1,L2,L1,C1_3,D1_3,F1_1,,L3,,,
160374,L3,L2,L2,L1,L1,L1,L1,L2,L1,C1_3,D1_3,F1_2,,L1,,,
160375,L3,L2,L2,L1,L1,L1,L1,L2,L1,C1_3,D1_3,F1_2,,L2,,,
160376,L3,L2,L2,L1,L1,L1,L1,L2,L1,C1_3,D1_3,F1_2,,L3,,,
160377,L3,L2,L2,L1,L1,L1,L1,L2,L1,C1_3,D1_3,F1_3,,L1,,,
160378,L3,L2,L2,L1,L1,L1,L1,L2,L1,C1_3,D1_3,F1_3,,L2,,,
160379,L3,L2,L2,L1,L1,L1,L1,L2,L1,C1_3,D1_3,F1_3,,L3,,,
160461,L1,L2,L2,L3,L1,L1,L1,L2,L1,C1_1,D1_1,F1_1,,L1,,,
160462,L1,L2,L2,L3,L1,L1,L1,L2,L1,C1_1,D1_1,F1_1,,L2,,,
160463,L1,L2,L2,L3,L1,L1,L1,L2,L1,C1_1,D1_1,F1_1,,L3,,,
160464,L1,L2,L2,L3,L1,L1,L1,L2,L1,C1_1,D1_1,F1_2,,L1,,,
160465,L1,L2,L2,L3,L1,L1,L1,L2,L1,C1_1,D1_1,F1_2,,L2,,,
160466,L1,L2,L2,L3,L1,L1,L1,L2,L1,C1_1,D1_1,F1_2,,L3,,,
160467,L1,L2,L2,L3,L1,L1,L1,L2,L1,C1_1,D1_1,F1_3,,L1,,,
160468,L1,L2,L2,L3,L1,L1,L1,L2,L1,C1_1,D1_1,F1_3,,L2,,,
160469,L1,L2,L2,L3,L1,L1,L1,L2,L1,C1_1,D1_1,F1_3,,L3,,,
160470,L1,L2,L2,L3,L1,L1,L1,L2,L1,C1_1,D1_2,F1_1,,L1,,,
160471,L1,L2,L2,L3,L1,L1,L1,L2,L1,C1_1,D1_2,F1_1,,L2,,,
160472,L1,L2,L2,L3,L1,L1,L1,L2,L1,C1_1,D1_2,F1_1,,L3,,,
160473,L1,L2,L2,L3,L1,L1,L1,L2,L1,C1_1,D1_2,F1_2,,L1,,,
160474,L1,L2,L2,L3,L1,L1,L1,L2,L1,C1_1,D1_2,F1_2,,L2,,,
160475,L1,L2,L2,L3,L1,L1,L1,L2,L1,C1_1,D1_2,F1_2,,L3,,,
160476,L1,L2,L2,L3,L1,L1,L1,L2,L1,C1_1,D1_2,F1_3,,L1,,,
160477,L1,L2,L2,L3,L1,L1,L1,L2,L1,C1_1,D1_2,F1_3,,L2,,,
160478,L1,L2,L2,L3,L1,L1,L1,L2,L1,C1_1,D1_2,F1_3,,L3,,,
160479,L1,L2,L2,L3,L1,L1,L1,L2,L1,C1_1,D1_3,F1_1,,L1,,,
160480,L1,L2,L2,L3,L1,L1,L1,L2,L1,C1_1,D1_3,F1_1,,L2,,,
160481,L1,L2,L2,L3,L1,L1,L1,L2,L1,C1_1,D1_3,F1_1,,L3,,,
160482,L1,L2,L2,L3,L1,L1,L1,L2,L1,C1_1,D1_3,F1_2,,L1,,,
160483,L1,L2,L2,L3,L1,L1,L1,L2,L1,C1_1,D1_3,F1_2,,L2,,,
160484,L1,L2,L2,L3,L1,L1,L1,L2,L1,C1_1,D1_3,F1_2,,L3,,,
160485,L1,L2,L2,L3,L1,L1,L1,L2,L1,C1_1,D1_3,F1_3,,L1,,,
160486,L1,L2,L2,L3,L1,L1,L1,L2,L1,C1_1,D1_3,F1_3,,L2,,,
160487,L1,L2,L2,L3,L1,L1,L1,L2,L1,C1_1,D1_3,F1_3,,L3,,,
160488,L1,L2,L2,L3,L1,L1,L1,L2,L1,C1_2,D1_1,F1_1,,L1,,,
160489,L1,L2,L2,L3,L1,L1,L1,L2,L1,C1_2,D1_1,F1_1,,L2,,,
160490,L1,L2,L2,L3,L1,L1,L1,L2,L1,C1_2,D1_1,F1_1,,L3,,,
160491,L1,L2,L2,L3,L1,L1,L1,L2,L1,C1_2,D1_1,F1_2,,L1,,,
160492,L1,L2,L2,L3,L1,L1,L1,L2,L1,C1_2,D1_1,F1_2,,L2,,,
160493,L1,L2,L2,L3,L1,L1,L1,L2,L1,C1_2,D1_1,F1_2,,L3,,,
160494,L1,L2,L2,L3,L1,L1,L1,L2,L1,C1_2,D1_1,F1_3,,L1,,,
160495,L1,L2,L2,L3,L1,L1,L1,L2,L1,C1_2,D1_1,F1_3,,L2,,,
160496,L1,L2,L2,L3,L1,L1,L1,L2,L1,C1_2,D1_1,F1_3,,L3,,,
160497,L1,L2,L2,L3,L1,L1,L1,L2,L1,C1_2,D1_2,F1_1,,L1,,,
160498,L1,L2,L2,L3,L1,L1,L1,L2,L1,C1_2,D1_2,F1_1,,L2,,,
160499,L1,L2,L2,L3,L1,L1,L1,L2,L1,C1_2,D1_2,F1_1,,L3,,,
160500,L1,L2,L2,L3,L1,L1,L1,L2,L1,C1_2,D1_2,F1_2,,L1,,,
160501,L1,L2,L2,L3,L1,L1,L1,L2,L1,C1_2,D1_2,F1_2,,L2,,,
160502,L1,L2,L2,L3,L1,L1,L1,L2,L1,C1_2,D1_2,F1_2,,L3,,,
160503,L1,L2,L2,L3,L1,L1,L1,L2,L1,C1_2,D1_2,F1_3,,L1,,,
160504,L1,L2,L2,L3,L1,L1,L1,L2,L1,C1_2,D1_2,F1_3,,L2,,,
160505,L1,L2,L2,L3,L1,L1,L1,L2,L1,C1_2,D1_2,F1_3,,L3,,,
160506,L1,L2,L2,L3,L1,L1,L1,L2,L1,C1_2,D1_3,F1_1,,L1,,,
160507,L1,L2,L2,L3,L1,L1,L1,L2,L1,C1_2,D1_3,F1_1,,L2,,,
160508,L1,L2,L2,L3,L1,L1,L1,L2,L1,C1_2,D1_3,F1_1,,L3,,,
160509,L1,L2,L2,L3,L1,L1,L1,L2,L1,C1_2,D1_3,F1_2,,L1,,,
160510,L1,L2,L2,L3,L1,L1,L1,L2,L1,C1_2,D1_3,F1_2,,L2,,,
160511,L1,L2,L2,L3,L1,L1,L1,L2,L1,C1_2,D1_3,F1_2,,L3,,,
160512,L1,L2,L2,L3,L1,L1,L1,L2,L1,C1_2,D1_3,F1_3,,L1,,,
160513,L1,L2,L2,L3,L1,L1,L1,L2,L1,C1_2,D1_3,F1_3,,L2,,,
160514,L1,L2,L2,L3,L1,L1,L1,L2,L1,C1_2,D1_3,F1_3,,L3,,,
160515,L1,L2,L2,L3,L1,L1,L1,L2,L1,C1_3,D1_1,F1_1,,L1,,,
160516,L1,L2,L2,L3,L1,L1,L1,L2,L1,C1_3,D1_1,F1_1,,L2,,,
160517,L1,L2,L2,L3,L1,L1,L1,L2,L1,C1_3,D1_1,F1_1,,L3,,,
160518,L1,L2,L2,L3,L1,L1,L1,L2,L1,C1_3,D1_1,F1_2,,L1,,,
160519,L1,L2,L2,L3,L1,L1,L1,L2,L1,C1_3,D1_1,F1_2,,L2,,,
160520,L1,L2,L2,L3,L1,L1,L1,L2,L1,C1_3,D1_1,F1_2,,L3,,,
160521,L1,L2,L2,L3,L1,L1,L1,L2,L1,C1_3,D1_1,F1_3,,L1,,,
160522,L1,L2,L2,L3,L1,L1,L1,L2,L1,C1_3,D1_1,F1_3,,L2,,,
160523,L1,L2,L2,L3,L1,L1,L1,L2,L1,C1_3,D1_1,F1_3,,L3,,,
160524,L1,L2,L2,L3,L1,L1,L1,L2,L1,C1_3,D1_2,F1_1,,L1,,,
160525,L1,L2,L2,L3,L1,L1,L1,L2,L1,C1_3,D1_2,F1_1,,L2,,,
160526,L1,L2,L2,L3,L1,L1,L1,L2,L1,C1_3,D1_2,F1_1,,L3,,,
160527,L1,L2,L2,L3,L1,L1,L1,L2,L1,C1_3,D1_2,F1_2,,L1,,,
160528,L1,L2,L2,L3,L1,L1,L1,L2,L1,C1_3,D1_2,F1_2,,L2,,,
160529,L1,L2,L2,L3,L1,L1,L1,L2,L1,C1_3,D1_2,F1_2,,L3,,,
160530,L1,L2,L2,L3,L1,L1,L1,L2,L1,C1_3,D1_2,F1_3,,L1,,,
160531,L1,L2,L2,L3,L1,L1,L1,L2,L1,C1_3,D1_2,F1_3,,L2,,,
160532,L1,L2,L2,L3,L1,L1,L1,L2,L1,C1_3,D1_2,F1_3,,L3,,,
160533,L1,L2,L2,L3,L1,L1,L1,L2,L1,C1_3,D1_3,F1_1,,L1,,,
160534,L1,L2,L2,L3,L1,L1,L1,L2,L1,C1_3,D1_3,F1_1,,L2,,,
160535,L1,L2,L2,L3,L1,L1,L1,L2,L1,C1_3,D1_3,F1_1,,L3,,,
160536,L1,L2,L2,L3,L1,L1,L1,L2,L1,C1_3,D1_3,F1_2,,L1,,,
160537,L1,L2,L2,L3,L1,L1,L1,L2,L1,C1_3,D1_3,F1_2,,L2,,,
160538,L1,L2,L2,L3,L1,L1,L1,L2,L1,C1_3,D1_3,F1_2,,L3,,,
160539,L1,L2,L2,L3,L1,L1,L1,L2,L1,C1_3,D1_3,F1_3,,L1,,,
160540,L1,L2,L2,L3,L1,L1,L1,L2,L1,C1_3,D1_3,F1_3,,L2,,,
160541,L1,L2,L2,L3,L1,L1,L1,L2,L1,C1_3,D1_3,F1_3,,L3,,,
160542,L1,L2,L2,L1,L3,L1,L1,L2,L1,C1_1,D1_1,F1_1,,L1,,,
160543,L1,L2,L2,L1,L3,L1,L1,L2,L1,C1_1,D1_1,F1_1,,L2,,,
160544,L1,L2,L2,L1,L3,L1,L1,L2,L1,C1_1,D1_1,F1_1,,L3,,,
160545,L1,L2,L2,L1,L3,L1,L1,L2,L1,C1_1,D1_1,F1_2,,L1,,,
160546,L1,L2,L2,L1,L3,L1,L1,L2,L1,C1_1,D1_1,F1_2,,L2,,,
160547,L1,L2,L2,L1,L3,L1,L1,L2,L1,C1_1,D1_1,F1_2,,L3,,,
160548,L1,L2,L2,L1,L3,L1,L1,L2,L1,C1_1,D1_1,F1_3,,L1,,,
160549,L1,L2,L2,L1,L3,L1,L1,L2,L1,C1_1,D1_1,F1_3,,L2,,,
160550,L1,L2,L2,L1,L3,L1,L1,L2,L1,C1_1,D1_1,F1_3,,L3,,,
160551,L1,L2,L2,L1,L3,L1,L1,L2,L1,C1_1,D1_2,F1_1,,L1,,,
160552,L1,L2,L2,L1,L3,L1,L1,L2,L1,C1_1,D1_2,F1_1,,L2,,,
160553,L1,L2,L2,L1,L3,L1,L1,L2,L1,C1_1,D1_2,F1_1,,L3,,,
160554,L1,L2,L2,L1,L3,L1,L1,L2,L1,C1_1,D1_2,F1_2,,L1,,,
160555,L1,L2,L2,L1,L3,L1,L1,L2,L1,C1_1,D1_2,F1_2,,L2,,,
160556,L1,L2,L2,L1,L3,L1,L1,L2,L1,C1_1,D1_2,F1_2,,L3,,,
160557,L1,L2,L2,L1,L3,L1,L1,L2,L1,C1_1,D1_2,F1_3,,L1,,,
160558,L1,L2,L2,L1,L3,L1,L1,L2,L1,C1_1,D1_2,F1_3,,L2,,,
160559,L1,L2,L2,L1,L3,L1,L1,L2,L1,C1_1,D1_2,F1_3,,L3,,,
160560,L1,L2,L2,L1,L3,L1,L1,L2,L1,C1_1,D1_3,F1_1,,L1,,,
160561,L1,L2,L2,L1,L3,L1,L1,L2,L1,C1_1,D1_3,F1_1,,L2,,,
160562,L1,L2,L2,L1,L3,L1,L1,L2,L1,C1_1,D1_3,F1_1,,L3,,,
160563,L1,L2,L2,L1,L3,L1,L1,L2,L1,C1_1,D1_3,F1_2,,L1,,,
160564,L1,L2,L2,L1,L3,L1,L1,L2,L1,C1_1,D1_3,F1_2,,L2,,,
160565,L1,L2,L2,L1,L3,L1,L1,L2,L1,C1_1,D1_3,F1_2,,L3,,,
160566,L1,L2,L2,L1,L3,L1,L1,L2,L1,C1_1,D1_3,F1_3,,L1,,,
160567,L1,L2,L2,L1,L3,L1,L1,L2,L1,C1_1,D1_3,F1_3,,L2,,,
160568,L1,L2,L2,L1,L3,L1,L1,L2,L1,C1_1,D1_3,F1_3,,L3,,,
160569,L1,L2,L2,L1,L3,L1,L1,L2,L1,C1_2,D1_1,F1_1,,L1,,,
160570,L1,L2,L2,L1,L3,L1,L1,L2,L1,C1_2,D1_1,F1_1,,L2,,,
160571,L1,L2,L2,L1,L3,L1,L1,L2,L1,C1_2,D1_1,F1_1,,L3,,,
160572,L1,L2,L2,L1,L3,L1,L1,L2,L1,C1_2,D1_1,F1_2,,L1,,,
160573,L1,L2,L2,L1,L3,L1,L1,L2,L1,C1_2,D1_1,F1_2,,L2,,,
160574,L1,L2,L2,L1,L3,L1,L1,L2,L1,C1_2,D1_1,F1_2,,L3,,,
160575,L1,L2,L2,L1,L3,L1,L1,L2,L1,C1_2,D1_1,F1_3,,L1,,,
160576,L1,L2,L2,L1,L3,L1,L1,L2,L1,C1_2,D1_1,F1_3,,L2,,,
160577,L1,L2,L2,L1,L3,L1,L1,L2,L1,C1_2,D1_1,F1_3,,L3,,,
160578,L1,L2,L2,L1,L3,L1,L1,L2,L1,C1_2,D1_2,F1_1,,L1,,,
160579,L1,L2,L2,L1,L3,L1,L1,L2,L1,C1_2,D1_2,F1_1,,L2,,,
160580,L1,L2,L2,L1,L3,L1,L1,L2,L1,C1_2,D1_2,F1_1,,L3,,,
160581,L1,L2,L2,L1,L3,L1,L1,L2,L1,C1_2,D1_2,F1_2,,L1,,,
160582,L1,L2,L2,L1,L3,L1,L1,L2,L1,C1_2,D1_2,F1_2,,L2,,,
160583,L1,L2,L2,L1,L3,L1,L1,L2,L1,C1_2,D1_2,F1_2,,L3,,,
160584,L1,L2,L2,L1,L3,L1,L1,L2,L1,C1_2,D1_2,F1_3,,L1,,,
160585,L1,L2,L2,L1,L3,L1,L1,L2,L1,C1_2,D1_2,F1_3,,L2,,,
160586,L1,L2,L2,L1,L3,L1,L1,L2,L1,C1_2,D1_2,F1_3,,L3,,,
160587,L1,L2,L2,L1,L3,L1,L1,L2,L1,C1_2,D1_3,F1_1,,L1,,,
160588,L1,L2,L2,L1,L3,L1,L1,L2,L1,C1_2,D1_3,F1_1,,L2,,,
160589,L1,L2,L2,L1,L3,L1,L1,L2,L1,C1_2,D1_3,F1_1,,L3,,,
160590,L1,L2,L2,L1,L3,L1,L1,L2,L1,C1_2,D1_3,F1_2,,L1,,,
160591,L1,L2,L2,L1,L3,L1,L1,L2,L1,C1_2,D1_3,F1_2,,L2,,,
160592,L1,L2,L2,L1,L3,L1,L1,L2,L1,C1_2,D1_3,F1_2,,L3,,,
160593,L1,L2,L2,L1,L3,L1,L1,L2,L1,C1_2,D1_3,F1_3,,L1,,,
160594,L1,L2,L2,L1,L3,L1,L1,L2,L1,C1_2,D1_3,F1_3,,L2,,,
160595,L1,L2,L2,L1,L3,L1,L1,L2,L1,C1_2,D1_3,F1_3,,L3,,,
160596,L1,L2,L2,L1,L3,L1,L1,L2,L1,C1_3,D1_1,F1_1,,L1,,,
160597,L1,L2,L2,L1,L3,L1,L1,L2,L1,C1_3,D1_1,F1_1,,L2,,,
160598,L1,L2,L2,L1,L3,L1,L1,L2,L1,C1_3,D1_1,F1_1,,L3,,,
160599,L1,L2,L2,L1,L3,L1,L1,L2,L1,C1_3,D1_1,F1_2,,L1,,,
160600,L1,L2,L2,L1,L3,L1,L1,L2,L1,C1_3,D1_1,F1_2,,L2,,,
160601,L1,L2,L2,L1,L3,L1,L1,L2,L1,C1_3,D1_1,F1_2,,L3,,,
160602,L1,L2,L2,L1,L3,L1,L1,L2,L1,C1_3,D1_1,F1_3,,L1,,,
160603,L1,L2,L2,L1,L3,L1,L1,L2,L1,C1_3,D1_1,F1_3,,L2,,,
160604,L1,L2,L2,L1,L3,L1,L1,L2,L1,C1_3,D1_1,F1_3,,L3,,,
160605,L1,L2,L2,L1,L3,L1,L1,L2,L1,C1_3,D1_2,F1_1,,L1,,,
160606,L1,L2,L2,L1,L3,L1,L1,L2,L1,C1_3,D1_2,F1_1,,L2,,,
160607,L1,L2,L2,L1,L3,L1,L1,L2,L1,C1_3,D1_2,F1_1,,L3,,,
160608,L1,L2,L2,L1,L3,L1,L1,L2,L1,C1_3,D1_2,F1_2,,L1,,,
160609,L1,L2,L2,L1,L3,L1,L1,L2,L1,C1_3,D1_2,F1_2,,L2,,,
160610,L1,L2,L2,L1,L3,L1,L1,L2,L1,C1_3,D1_2,F1_2,,L3,,,
160611,L1,L2,L2,L1,L3,L1,L1,L2,L1,C1_3,D1_2,F1_3,,L1,,,
160612,L1,L2,L2,L1,L3,L1,L1,L2,L1,C1_3,D1_2,F1_3,,L2,,,
160613,L1,L2,L2,L1,L3,L1,L1,L2,L1,C1_3,D1_2,F1_3,,L3,,,
160614,L1,L2,L2,L1,L3,L1,L1,L2,L1,C1_3,D1_3,F1_1,,L1,,,
160615,L1,L2,L2,L1,L3,L1,L1,L2,L1,C1_3,D1_3,F1_1,,L2,,,
160616,L1,L2,L2,L1,L3,L1,L1,L2,L1,C1_3,D1_3,F1_1,,L3,,,
160617,L1,L2,L2,L1,L3,L1,L1,L2,L1,C1_3,D1_3,F1_2,,L1,,,
160618,L1,L2,L2,L1,L3,L1,L1,L2,L1,C1_3,D1_3,F1_2,,L2,,,
160619,L1,L2,L2,L1,L3,L1,L1,L2,L1,C1_3,D1_3,F1_2,,L3,,,
160620,L1,L2,L2,L1,L3,L1,L1,L2,L1,C1_3,D1_3,F1_3,,L1,,,
160621,L1,L2,L2,L1,L3,L1,L1,L2,L1,C1_3,D1_3,F1_3,,L2,,,
160622,L1,L2,L2,L1,L3,L1,L1,L2,L1,C1_3,D1_3,F1_3,,L3,,,
186597,L1,L2,L1,L1,L1,L1,L1,L2,L1,C1_1,D1_1,F1_1,,L1,,,
186598,L1,L2,L1,L1,L1,L1,L1,L2,L1,C1_1,D1_1,F1_1,,L2,,,
186599,L1,L2,L1,L1,L1,L1,L1,L2,L1,C1_1,D1_1,F1_1,,L3,,,
186600,L1,L2,L1,L1,L1,L1,L1,L2,L1,C1_1,D1_1,F1_2,,L1,,,
186601,L1,L2,L1,L1,L1,L1,L1,L2,L1,C1_1,D1_1,F1_2,,L2,,,
186602,L1,L2,L1,L1,L1,L1,L1,L2,L1,C1_1,D1_1,F1_2,,L3,,,
186603,L1,L2,L1,L1,L1,L1,L1,L2,L1,C1_1,D1_1,F1_3,,L1,,,
186604,L1,L2,L1,L1,L1,L1,L1,L2,L1,C1_1,D1_1,F1_3,,L2,,,
186605,L1,L2,L1,L1,L1,L1,L1,L2,L1,C1_1,D1_1,F1_3,,L3,,,
186606,L1,L2,L1,L1,L1,L1,L1,L2,L1,C1_1,D1_2,F1_1,,L1,,,
186607,L1,L2,L1,L1,L1,L1,L1,L2,L1,C1_1,D1_2,F1_1,,L2,,,
186608,L1,L2,L1,L1,L1,L1,L1,L2,L1,C1_1,D1_2,F1_1,,L3,,,
186609,L1,L2,L1,L1,L1,L1,L1,L2,L1,C1_1,D1_2,F1_2,,L1,,,
186610,L1,L2,L1,L1,L1,L1,L1,L2,L1,C1_1,D1_2,F1_2,,L2,,,
186611,L1,L2,L1,L1,L1,L1,L1,L2,L1,C1_1,D1_2,F1_2,,L3,,,
186612,L1,L2,L1,L1,L1,L1,L1,L2,L1,C1_1,D1_2,F1_3,,L1,,,
186613,L1,L2,L1,L1,L1,L1,L1,L2,L1,C1_1,D1_2,F1_3,,L2,,,
186614,L1,L2,L1,L1,L1,L1,L1,L2,L1,C1_1,D1_2,F1_3,,L3,,,
186615,L1,L2,L1,L1,L1,L1,L1,L2,L1,C1_1,D1_3,F1_1,,L1,,,
186616,L1,L2,L1,L1,L1,L1,L1,L2,L1,C1_1,D1_3,F1_1,,L2,,,
186617,L1,L2,L1,L1,L1,L1,L1,L2,L1,C1_1,D1_3,F1_1,,L3,,,
186618,L1,L2,L1,L1,L1,L1,L1,L2,L1,C1_1,D1_3,F1_2,,L1,,,
186619,L1,L2,L1,L1,L1,L1,L1,L2,L1,C1_1,D1_3,F1_2,,L2,,,
186620,L1,L2,L1,L1,L1,L1,L1,L2,L1,C1_1,D1_3,F1_2,,L3,,,
186621,L1,L2,L1,L1,L1,L1,L1,L2,L1,C1_1,D1_3,F1_3,,L1,,,
186622,L1,L2,L1,L1,L1,L1,L1,L2,L1,C1_1,D1_3,F1_3,,L2,,,
186623,L1,L2,L1,L1,L1,L1,L1,L2,L1,C1_1,D1_3,F1_3,,L3,,,
186624,L1,L2,L1,L1,L1,L1,L1,L2,L1,C1_2,D1_1,F1_1,,L1,,,
186625,L1,L2,L1,L1,L1,L1,L1,L2,L1,C1_2,D1_1,F1_1,,L2,,,
186626,L1,L2,L1,L1,L1,L1,L1,L2,L1,C1_2,D1_1,F1_1,,L3,,,
186627,L1,L2,L1,L1,L1,L1,L1,L2,L1,C1_2,D1_1,F1_2,,L1,,,
186628,L1,L2,L1,L1,L1,L1,L1,L2,L1,C1_2,D1_1,F1_2,,L2,,,
186629,L1,L2,L1,L1,L1,L1,L1,L2,L1,C1_2,D1_1,F1_2,,L3,,,
186630,L1,L2,L1,L1,L1,L1,L1,L2,L1,C1_2,D1_1,F1_3,,L1,,,
186631,L1,L2,L1,L1,L1,L1,L1,L2,L1,C1_2,D1_1,F1_3,,L2,,,
186632,L1,L2,L1,L1,L1,L1,L1,L2,L1,C1_2,D1_1,F1_3,,L3,,,
186633,L1,L2,L1,L1,L1,L1,L1,L2,L1,C1_2,D1_2,F1_1,,L1,,,
186634,L1,L2,L1,L1,L1,L1,L1,L2,L1,C1_2,D1_2,F1_1,,L2,,,
186635,L1,L2,L1,L1,L1,L1,L1,L2,L1,C1_2,D1_2,F1_1,,L3,,,
186636,L1,L2,L1,L1,L1,L1,L1,L2,L1,C1_2,D1_2,F1_2,,L1,,,
186637,L1,L2,L1,L1,L1,L1,L1,L2,L1,C1_2,D1_2,F1_2,,L2,,,
186638,L1,L2,L1,L1,L1,L1,L1,L2,L1,C1_2,D1_2,F1_2,,L3,,,
186639,L1,L2,L1,L1,L1,L1,L1,L2,L1,C1_2,D1_2,F1_3,,L1,,,
186640,L1,L2,L1,L1,L1,L1,L1,L2,L1,C1_2,D1_2,F1_3,,L2,,,
186641,L1,L2,L1,L1,L1,L1,L1,L2,L1,C1_2,D1_2,F1_3,,L3,,,
186642,L1,L2,L1,L1,L1,L1,L1,L2,L1,C1_2,D1_3,F1_1,,L1,,,
186643,L1,L2,L1,L1,L1,L1,L1,L2,L1,C1_2,D1_3,F1_1,,L2,,,
186644,L1,L2,L1,L1,L1,L1,L1,L2,L1,C1_2,D1_3,F1_1,,L3,,,
186645,L1,L2,L1,L1,L1,L1,L1,L2,L1,C1_2,D1_3,F1_2,,L1,,,
186646,L1,L2,L1,L1,L1,L1,L1,L2,L1,C1_2,D1_3,F1_2,,L2,,,
186647,L1,L2,L1,L1,L1,L1,L1,L2,L1,C1_2,D1_3,F1_2,,L3,,,
186648,L1,L2,L1,L1,L1,L1,L1,L2,L1,C1_2,D1_3,F1_3,,L1,,,
186649,L1,L2,L1,L1,L1,L1,L1,L2,L1,C1_2,D1_3,F1_3,,L2,,,
186650,L1,L2,L1,L1,L1,L1,L1,L2,L1,C1_2,D1_3,F1_3,,L3,,,
186651,L1,L2,L1,L1,L1,L1,L1,L2,L1,C1_3,D1_1,F1_1,,L1,,,
186652,L1,L2,L1,L1,L1,L1,L1,L2,L1,C1_3,D1_1,F1_1,,L2,,,
186653,L1,L2,L1,L1,L1,L1,L1,L2,L1,C1_3,D1_1,F1_1,,L3,,,
186654,L1,L2,L1,L1,L1,L1,L1,L2,L1,C1_3,D1_1,F1_2,,L1,,,
186655,L1,L2,L1,L1,L1,L1,L1,L2,L1,C1_3,D1_1,F1_2,,L2,,,
186656,L1,L2,L1,L1,L1,L1,L1,L2,L1,C1_3,D1_1,F1_2,,L3,,,
186657,L1,L2,L1,L1,L1,L1,L1,L2,L1,C1_3,D1_1,F1_3,,L1,,,
186658,L1,L2,L1,L1,L1,L1,L1,L2,L1,C1_3,D1_1,F1_3,,L2,,,
186659,L1,L2,L1,L1,L1,L1,L1,L2,L1,C1_3,D1_1,F1_3,,L3,,,
186660,L1,L2,L1,L1,L1,L1,L1,L2,L1,C1_3,D1_2,F1_1,,L1,,,
186661,L1,L2,L1,L1,L1,L1,L1,L2,L1,C1_3,D1_2,F1_1,,L2,,,
186662,L1,L2,L1,L1,L1,L1,L1,L2,L1,C1_3,D1_2,F1_1,,L3,,,
186663,L1,L2,L1,L1,L1,L1,L1,L2,L1,C1_3,D1_2,F1_2,,L1,,,
186664,L1,L2,L1,L1,L1,L1,L1,L2,L1,C1_3,D1_2,F1_2,,L2,,,
186665,L1,L2,L1,L1,L1,L1,L1,L2,L1,C1_3,D1_2,F1_2,,L3,,,
186666,L1,L2,L1,L1,L1,L1,L1,L2,L1,C1_3,D1_2,F1_3,,L1,,,
186667,L1,L2,L1,L1,L1,L1,L1,L2,L1,C1_3,D1_2,F1_3,,L2,,,
186668,L1,L2,L1,L1,L1,L1,L1,L2,L1,C1_3,D1_2,F1_3,,L3,,,
186669,L1,L2,L1,L1,L1,L1,L1,L2,L1,C1_3,D1_3,F1_1,,L1,,,
186670,L1,L2,L1,L1,L1,L1,L1,L2,L1,C1_3,D1_3,F1_1,,L2,,,
186671,L1,L2,L1,L1,L1,L1,L1,L2,L1,C1_3,D1_3,F1_1,,L3,,,
186672,L1,L2,L1,L1,L1,L1,L1,L2,L1,C1_3,D1_3,F1_2,,L1,,,
186673,L1,L2,L1,L1,L1,L1,L1,L2,L1,C1_3,D1_3,F1_2,,L2,,,
186674,L1,L2,L1,L1,L1,L1,L1,L2,L1,C1_3,D1_3,F1_2,,L3,,,
186675,L1,L2,L1,L1,L1,L1,L1,L2,L1,C1_3,D1_3,F1_3,,L1,,,
186676,L1,L2,L1,L1,L1,L1,L1,L2,L1,C1_3,D1_3,F1_3,,L2,,,
186677,L1,L2,L1,L1,L1,L1,L1,L2,L1,C1_3,D1_3,F1_3,,L3,,,
206658,L1,L3,L1,L1,L2,L1,L1,L2,L1,C1_1,D1_1,F1_1,,L1,,,
206659,L1,L3,L1,L1,L2,L1,L1,L2,L1,C1_1,D1_1,F1_1,,L2,,,
206660,L1,L3,L1,L1,L2,L1,L1,L2,L1,C1_1,D1_1,F1_1,,L3,,,
206661,L1,L3,L1,L1,L2,L1,L1,L2,L1,C1_1,D1_1,F1_2,,L1,,,
206662,L1,L3,L1,L1,L2,L1,L1,L2,L1,C1_1,D1_1,F1_2,,L2,,,
206663,L1,L3,L1,L1,L2,L1,L1,L2,L1,C1_1,D1_1,F1_2,,L3,,,
206664,L1,L3,L1,L1,L2,L1,L1,L2,L1,C1_1,D1_1,F1_3,,L1,,,
206665,L1,L3,L1,L1,L2,L1,L1,L2,L1,C1_1,D1_1,F1_3,,L2,,,
206666,L1,L3,L1,L1,L2,L1,L1,L2,L1,C1_1,D1_1,F1_3,,L3,,,
206667,L1,L3,L1,L1,L2,L1,L1,L2,L1,C1_1,D1_2,F1_1,,L1,,,
206668,L1,L3,L1,L1,L2,L1,L1,L2,L1,C1_1,D1_2,F1_1,,L2,,,
206669,L1,L3,L1,L1,L2,L1,L1,L2,L1,C1_1,D1_2,F1_1,,L3,,,
206670,L1,L3,L1,L1,L2,L1,L1,L2,L1,C1_1,D1_2,F1_2,,L1,,,
206671,L1,L3,L1,L1,L2,L1,L1,L2,L1,C1_1,D1_2,F1_2,,L2,,,
206672,L1,L3,L1,L1,L2,L1,L1,L2,L1,C1_1,D1_2,F1_2,,L3,,,
206673,L1,L3,L1,L1,L2,L1,L1,L2,L1,C1_1,D1_2,F1_3,,L1,,,
206674,L1,L3,L1,L1,L2,L1,L1,L2,L1,C1_1,D1_2,F1_3,,L2,,,
206675,L1,L3,L1,L1,L2,L1,L1,L2,L1,C1_1,D1_2,F1_3,,L3,,,
206676,L1,L3,L1,L1,L2,L1,L1,L2,L1,C1_1,D1_3,F1_1,,L1,,,
206677,L1,L3,L1,L1,L2,L1,L1,L2,L1,C1_1,D1_3,F1_1,,L2,,,
206678,L1,L3,L1,L1,L2,L1,L1,L2,L1,C1_1,D1_3,F1_1,,L3,,,
206679,L1,L3,L1,L1,L2,L1,L1,L2,L1,C1_1,D1_3,F1_2,,L1,,,
206680,L1,L3,L1,L1,L2,L1,L1,L2,L1,C1_1,D1_3,F1_2,,L2,,,
206681,L1,L3,L1,L1,L2,L1,L1,L2,L1,C1_1,D1_3,F1_2,,L3,,,
206682,L1,L3,L1,L1,L2,L1,L1,L2,L1,C1_1,D1_3,F1_3,,L1,,,
206683,L1,L3,L1,L1,L2,L1,L1,L2,L1,C1_1,D1_3,F1_3,,L2,,,
206684,L1,L3,L1,L1,L2,L1,L1,L2,L1,C1_1,D1_3,F1_3,,L3,,,
206685,L1,L3,L1,L1,L2,L1,L1,L2,L1,C1_2,D1_1,F1_1,,L1,,,
206686,L1,L3,L1,L1,L2,L1,L1,L2,L1,C1_2,D1_1,F1_1,,L2,,,
206687,L1,L3,L1,L1,L2,L1,L1,L2,L1,C1_2,D1_1,F1_1,,L3,,,
206688,L1,L3,L1,L1,L2,L1,L1,L2,L1,C1_2,D1_1,F1_2,,L1,,,
206689,L1,L3,L1,L1,L2,L1,L1,L2,L1,C1_2,D1_1,F1_2,,L2,,,
206690,L1,L3,L1,L1,L2,L1,L1,L2,L1,C1_2,D1_1,F1_2,,L3,,,
206691,L1,L3,L1,L1,L2,L1,L1,L2,L1,C1_2,D1_1,F1_3,,L1,,,
206692,L1,L3,L1,L1,L2,L1,L1,L2,L1,C1_2,D1_1,F1_3,,L2,,,
206693,L1,L3,L1,L1,L2,L1,L1,L2,L1,C1_2,D1_1,F1_3,,L3,,,
206694,L1,L3,L1,L1,L2,L1,L1,L2,L1,C1_2,D1_2,F1_1,,L1,,,
206695,L1,L3,L1,L1,L2,L1,L1,L2,L1,C1_2,D1_2,F1_1,,L2,,,
206696,L1,L3,L1,L1,L2,L1,L1,L2,L1,C1_2,D1_2,F1_1,,L3,,,
206697,L1,L3,L1,L1,L2,L1,L1,L2,L1,C1_2,D1_2,F1_2,,L1,,,
206698,L1,L3,L1,L1,L2,L1,L1,L2,L1,C1_2,D1_2,F1_2,,L2,,,
206699,L1,L3,L1,L1,L2,L1,L1,L2,L1,C1_2,D1_2,F1_2,,L3,,,
206700,L1,L3,L1,L1,L2,L1,L1,L2,L1,C1_2,D1_2,F1_3,,L1,,,
206701,L1,L3,L1,L1,L2,L1,L1,L2,L1,C1_2,D1_2,F1_3,,L2,,,
206702,L1,L3,L1,L1,L2,L1,L1,L2,L1,C1_2,D1_2,F1_3,,L3,,,
206703,L1,L3,L1,L1,L2,L1,L1,L2,L1,C1_2,D1_3,F1_1,,L1,,,
206704,L1,L3,L1,L1,L2,L1,L1,L2,L1,C1_2,D1_3,F1_1,,L2,,,
206705,L1,L3,L1,L1,L2,L1,L1,L2,L1,C1_2,D1_3,F1_1,,L3,,,
206706,L1,L3,L1,L1,L2,L1,L1,L2,L1,C1_2,D1_3,F1_2,,L1,,,
206707,L1,L3,L1,L1,L2,L1,L1,L2,L1,C1_2,D1_3,F1_2,,L2,,,
206708,L1,L3,L1,L1,L2,L1,L1,L2,L1,C1_2,D1_3,F1_2,,L3,,,
206709,L1,L3,L1,L1,L2,L1,L1,L2,L1,C1_2,D1_3,F1_3,,L1,,,
206710,L1,L3,L1,L1,L2,L1,L1,L2,L1,C1_2,D1_3,F1_3,,L2,,,
206711,L1,L3,L1,L1,L2,L1,L1,L2,L1,C1_2,D1_3,F1_3,,L3,,,
206712,L1,L3,L1,L1,L2,L1,L1,L2,L1,C1_3,D1_1,F1_1,,L1,,,
206713,L1,L3,L1,L1,L2,L1,L1,L2,L1,C1_3,D1_1,F1_1,,L2,,,
206714,L1,L3,L1,L1,L2,L1,L1,L2,L1,C1_3,D1_1,F1_1,,L3,,,
206715,L1,L3,L1,L1,L2,L1,L1,L2,L1,C1_3,D1_1,F1_2,,L1,,,
206716,L1,L3,L1,L1,L2,L1,L1,L2,L1,C1_3,D1_1,F1_2,,L2,,,
206717,L1,L3,L1,L1,L2,L1,L1,L2,L1,C1_3,D1_1,F1_2,,L3,,,
206718,L1,L3,L1,L1,L2,L1,L1,L2,L1,C1_3,D1_1,F1_3,,L1,,,
206719,L1,L3,L1,L1,L2,L1,L1,L2,L1,C1_3,D1_1,F1_3,,L2,,,
206720,L1,L3,L1,L1,L2,L1,L1,L2,L1,C1_3,D1_1,F1_3,,L3,,,
206721,L1,L3,L1,L1,L2,L1,L1,L2,L1,C1_3,D1_2,F1_1,,L1,,,
206722,L1,L3,L1,L1,L2,L1,L1,L2,L1,C1_3,D1_2,F1_1,,L2,,,
206723,L1,L3,L1,L1,L2,L1,L1,L2,L1,C1_3,D1_2,F1_1,,L3,,,
206724,L1,L3,L1,L1,L2,L1,L1,L2,L1,C1_3,D1_2,F1_2,,L1,,,
206725,L1,L3,L1,L1,L2,L1,L1,L2,L1,C1_3,D1_2,F1_2,,L2,,,
206726,L1,L3,L1,L1,L2,L1,L1,L2,L1,C1_3,D1_2,F1_2,,L3,,,
206727,L1,L3,L1,L1,L2,L1,L1,L2,L1,C1_3,D1_2,F1_3,,L1,,,
206728,L1,L3,L1,L1,L2,L1,L1,L2,L1,C1_3,D1_2,F1_3,,L2,,,
206729,L1,L3,L1,L1,L2,L1,L1,L2,L1,C1_3,D1_2,F1_3,,L3,,,
206730,L1,L3,L1,L1,L2,L1,L1,L2,L1,C1_3,D1_3,F1_1,,L1,,,
206731,L1,L3,L1,L1,L2,L1,L1,L2,L1,C1_3,D1_3,F1_1,,L2,,,
206732,L1,L3,L1,L1,L2,L1,L1,L2,L1,C1_3,D1_3,F1_1,,L3,,,
206733,L1,L3,L1,L1,L2,L1,L1,L2,L1,C1_3,D1_3,F1_2,,L1,,,
206734,L1,L3,L1,L1,L2,L1,L1,L2,L1,C1_3,D1_3,F1_2,,L2,,,
206735,L1,L3,L1,L1,L2,L1,L1,L2,L1,C1_3,D1_3,F1_2,,L3,,,
206736,L1,L3,L1,L1,L2,L1,L1,L2,L1,C1_3,D1_3,F1_3,,L1,,,
206737,L1,L3,L1,L1,L2,L1,L1,L2,L1,C1_3,D1_3,F1_3,,L2,,,
206738,L1,L3,L1,L1,L2,L1,L1,L2,L1,C1_3,D1_3,F1_3,,L3,,,
207063,L3,L3,L2,L2,L1,L1,L1,L2,L1,C1_1,D1_1,F1_1,,L1,,,
207064,L3,L3,L2,L2,L1,L1,L1,L2,L1,C1_1,D1_1,F1_1,,L2,,,
207065,L3,L3,L2,L2,L1,L1,L1,L2,L1,C1_1,D1_1,F1_1,,L3,,,
207066,L3,L3,L2,L2,L1,L1,L1,L2,L1,C1_1,D1_1,F1_2,,L1,,,
207067,L3,L3,L2,L2,L1,L1,L1,L2,L1,C1_1,D1_1,F1_2,,L2,,,
207068,L3,L3,L2,L2,L1,L1,L1,L2,L1,C1_1,D1_1,F1_2,,L3,,,
207069,L3,L3,L2,L2,L1,L1,L1,L2,L1,C1_1,D1_1,F1_3,,L1,,,
207070,L3,L3,L2,L2,L1,L1,L1,L2,L1,C1_1,D1_1,F1_3,,L2,,,
207071,L3,L3,L2,L2,L1,L1,L1,L2,L1,C1_1,D1_1,F1_3,,L3,,,
207072,L3,L3,L2,L2,L1,L1,L1,L2,L1,C1_1,D1_2,F1_1,,L1,,,
207073,L3,L3,L2,L2,L1,L1,L1,L2,L1,C1_1,D1_2,F1_1,,L2,,,
207074,L3,L3,L2,L2,L1,L1,L1,L2,L1,C1_1,D1_2,F1_1,,L3,,,
207075,L3,L3,L2,L2,L1,L1,L1,L2,L1,C1_1,D1_2,F1_2,,L1,,,
207076,L3,L3,L2,L2,L1,L1,L1,L2,L1,C1_1,D1_2,F1_2,,L2,,,
207077,L3,L3,L2,L2,L1,L1,L1,L2,L1,C1_1,D1_2,F1_2,,L3,,,
207078,L3,L3,L2,L2,L1,L1,L1,L2,L1,C1_1,D1_2,F1_3,,L1,,,
207079,L3,L3,L2,L2,L1,L1,L1,L2,L1,C1_1,D1_2,F1_3,,L2,,,
207080,L3,L3,L2,L2,L1,L1,L1,L2,L1,C1_1,D1_2,F1_3,,L3,,,
207081,L3,L3,L2,L2,L1,L1,L1,L2,L1,C1_1,D1_3,F1_1,,L1,,,
207082,L3,L3,L2,L2,L1,L1,L1,L2,L1,C1_1,D1_3,F1_1,,L2,,,
207083,L3,L3,L2,L2,L1,L1,L1,L2,L1,C1_1,D1_3,F1_1,,L3,,,
207084,L3,L3,L2,L2,L1,L1,L1,L2,L1,C1_1,D1_3,F1_2,,L1,,,
207085,L3,L3,L2,L2,L1,L1,L1,L2,L1,C1_1,D1_3,F1_2,,L2,,,
207086,L3,L3,L2,L2,L1,L1,L1,L2,L1,C1_1,D1_3,F1_2,,L3,,,
207087,L3,L3,L2,L2,L1,L1,L1,L2,L1,C1_1,D1_3,F1_3,,L1,,,
207088,L3,L3,L2,L2,L1,L1,L1,L2,L1,C1_1,D1_3,F1_3,,L2,,,
207089,L3,L3,L2,L2,L1,L1,L1,L2,L1,C1_1,D1_3,F1_3,,L3,,,
207090,L3,L3,L2,L2,L1,L1,L1,L2,L1,C1_2,D1_1,F1_1,,L1,,,
207091,L3,L3,L2,L2,L1,L1,L1,L2,L1,C1_2,D1_1,F1_1,,L2,,,
207092,L3,L3,L2,L2,L1,L1,L1,L2,L1,C1_2,D1_1,F1_1,,L3,,,
207093,L3,L3,L2,L2,L1,L1,L1,L2,L1,C1_2,D1_1,F1_2,,L1,,,
207094,L3,L3,L2,L2,L1,L1,L1,L2,L1,C1_2,D1_1,F1_2,,L2,,,
207095,L3,L3,L2,L2,L1,L1,L1,L2,L1,C1_2,D1_1,F1_2,,L3,,,
207096,L3,L3,L2,L2,L1,L1,L1,L2,L1,C1_2,D1_1,F1_3,,L1,,,
207097,L3,L3,L2,L2,L1,L1,L1,L2,L1,C1_2,D1_1,F1_3,,L2,,,
207098,L3,L3,L2,L2,L1,L1,L1,L2,L1,C1_2,D1_1,F1_3,,L3,,,
207099,L3,L3,L2,L2,L1,L1,L1,L2,L1,C1_2,D1_2,F1_1,,L1,,,
207100,L3,L3,L2,L2,L1,L1,L1,L2,L1,C1_2,D1_2,F1_1,,L2,,,
207101,L3,L3,L2,L2,L1,L1,L1,L2,L1,C1_2,D1_2,F1_1,,L3,,,
207102,L3,L3,L2,L2,L1,L1,L1,L2,L1,C1_2,D1_2,F1_2,,L1,,,
207103,L3,L3,L2,L2,L1,L1,L1,L2,L1,C1_2,D1_2,F1_2,,L2,,,
207104,L3,L3,L2,L2,L1,L1,L1,L2,L1,C1_2,D1_2,F1_2,,L3,,,
207105,L3,L3,L2,L2,L1,L1,L1,L2,L1,C1_2,D1_2,F1_3,,L1,,,
207106,L3,L3,L2,L2,L1,L1,L1,L2,L1,C1_2,D1_2,F1_3,,L2,,,
207107,L3,L3,L2,L2,L1,L1,L1,L2,L1,C1_2,D1_2,F1_3,,L3,,,
207108,L3,L3,L2,L2,L1,L1,L1,L2,L1,C1_2,D1_3,F1_1,,L1,,,
207109,L3,L3,L2,L2,L1,L1,L1,L2,L1,C1_2,D1_3,F1_1,,L2,,,
207110,L3,L3,L2,L2,L1,L1,L1,L2,L1,C1_2,D1_3,F1_1,,L3,,,
207111,L3,L3,L2,L2,L1,L1,L1,L2,L1,C1_2,D1_3,F1_2,,L1,,,
207112,L3,L3,L2,L2,L1,L1,L1,L2,L1,C1_2,D1_3,F1_2,,L2,,,
207113,L3,L3,L2,L2,L1,L1,L1,L2,L1,C1_2,D1_3,F1_2,,L3,,,
207114,L3,L3,L2,L2,L1,L1,L1,L2,L1,C1_2,D1_3,F1_3,,L1,,,
207115,L3,L3,L2,L2,L1,L1,L1,L2,L1,C1_2,D1_3,F1_3,,L2,,,
207116,L3,L3,L2,L2,L1,L1,L1,L2,L1,C1_2,D1_3,F1_3,,L3,,,
207117,L3,L3,L2,L2,L1,L1,L1,L2,L1,C1_3,D1_1,F1_1,,L1,,,
207118,L3,L3,L2,L2,L1,L1,L1,L2,L1,C1_3,D1_1,F1_1,,L2,,,
207119,L3,L3,L2,L2,L1,L1,L1,L2,L1,C1_3,D1_1,F1_1,,L3,,,
207120,L3,L3,L2,L2,L1,L1,L1,L2,L1,C1_3,D1_1,F1_2,,L1,,,
207121,L3,L3,L2,L2,L1,L1,L1,L2,L1,C1_3,D1_1,F1_2,,L2,,,
207122,L3,L3,L2,L2,L1,L1,L1,L2,L1,C1_3,D1_1,F1_2,,L3,,,
207123,L3,L3,L2,L2,L1,L1,L1,L2,L1,C1_3,D1_1,F1_3,,L1,,,
207124,L3,L3,L2,L2,L1,L1,L1,L2,L1,C1_3,D1_1,F1_3,,L2,,,
207125,L3,L3,L2,L2,L1,L1,L1,L2,L1,C1_3,D1_1,F1_3,,L3,,,
207126,L3,L3,L2,L2,L1,L1,L1,L2,L1,C1_3,D1_2,F1_1,,L1,,,
207127,L3,L3,L2,L2,L1,L1,L1,L2,L1,C1_3,D1_2,F1_1,,L2,,,
207128,L3,L3,L2,L2,L1,L1,L1,L2,L1,C1_3,D1_2,F1_1,,L3,,,
207129,L3,L3,L2,L2,L1,L1,L1,L2,L1,C1_3,D1_2,F1_2,,L1,,,
207130,L3,L3,L2,L2,L1,L1,L1,L2,L1,C1_3,D1_2,F1_2,,L2,,,
207131,L3,L3,L2,L2,L1,L1,L1,L2,L1,C1_3,D1_2,F1_2,,L3,,,
207132,L3,L3,L2,L2,L1,L1,L1,L2,L1,C1_3,D1_2,F1_3,,L1,,,
207133,L3,L3,L2,L2,L1,L1,L1,L2,L1,C1_3,D1_2,F1_3,,L2,,,
207134,L3,L3,L2,L2,L1,L1,L1,L2,L1,C1_3,D1_2,F1_3,,L3,,,
207135,L3,L3,L2,L2,L1,L1,L1,L2,L1,C1_3,D1_3,F1_1,,L1,,,
207136,L3,L3,L2,L2,L1,L1,L1,L2,L1,C1_3,D1_3,F1_1,,L2,,,
207137,L3,L3,L2,L2,L1,L1,L1,L2,L1,C1_3,D1_3,F1_1,,L3,,,
207138,L3,L3,L2,L2,L1,L1,L1,L2,L1,C1_3,D1_3,F1_2,,L1,,,
207139,L3,L3,L2,L2,L1,L1,L1,L2,L1,C1_3,D1_3,F1_2,,L2,,,
207140,L3,L3,L2,L2,L1,L1,L1,L2,L1,C1_3,D1_3,F1_2,,L3,,,
207141,L3,L3,L2,L2,L1,L1,L1,L2,L1,C1_3,D1_3,F1_3,,L1,,,
207142,L3,L3,L2,L2,L1,L1,L1,L2,L1,C1_3,D1_3,F1_3,,L2,,,
207143,L3,L3,L2,L2,L1,L1,L1,L2,L1,C1_3,D1_3,F1_3,,L3,,,
266706,L3,L2,L3,L3,L3,L1,L1,L2,L1,C1_1,D1_1,F1_1,,L1,,,
266707,L3,L2,L3,L3,L3,L1,L1,L2,L1,C1_1,D1_1,F1_1,,L2,,,
266708,L3,L2,L3,L3,L3,L1,L1,L2,L1,C1_1,D1_1,F1_1,,L3,,,
266709,L3,L2,L3,L3,L3,L1,L1,L2,L1,C1_1,D1_1,F1_2,,L1,,,
266710,L3,L2,L3,L3,L3,L1,L1,L2,L1,C1_1,D1_1,F1_2,,L2,,,
266711,L3,L2,L3,L3,L3,L1,L1,L2,L1,C1_1,D1_1,F1_2,,L3,,,
266712,L3,L2,L3,L3,L3,L1,L1,L2,L1,C1_1,D1_1,F1_3,,L1,,,
266713,L3,L2,L3,L3,L3,L1,L1,L2,L1,C1_1,D1_1,F1_3,,L2,,,
266714,L3,L2,L3,L3,L3,L1,L1,L2,L1,C1_1,D1_1,F1_3,,L3,,,
266715,L3,L2,L3,L3,L3,L1,L1,L2,L1,C1_1,D1_2,F1_1,,L1,,,
266716,L3,L2,L3,L3,L3,L1,L1,L2,L1,C1_1,D1_2,F1_1,,L2,,,
266717,L3,L2,L3,L3,L3,L1,L1,L2,L1,C1_1,D1_2,F1_1,,L3,,,
266718,L3,L2,L3,L3,L3,L1,L1,L2,L1,C1_1,D1_2,F1_2,,L1,,,
266719,L3,L2,L3,L3,L3,L1,L1,L2,L1,C1_1,D1_2,F1_2,,L2,,,
266720,L3,L2,L3,L3,L3,L1,L1,L2,L1,C1_1,D1_2,F1_2,,L3,,,
266721,L3,L2,L3,L3,L3,L1,L1,L2,L1,C1_1,D1_2,F1_3,,L1,,,
266722,L3,L2,L3,L3,L3,L1,L1,L2,L1,C1_1,D1_2,F1_3,,L2,,,
266723,L3,L2,L3,L3,L3,L1,L1,L2,L1,C1_1,D1_2,F1_3,,L3,,,
266724,L3,L2,L3,L3,L3,L1,L1,L2,L1,C1_1,D1_3,F1_1,,L1,,,
266725,L3,L2,L3,L3,L3,L1,L1,L2,L1,C1_1,D1_3,F1_1,,L2,,,
266726,L3,L2,L3,L3,L3,L1,L1,L2,L1,C1_1,D1_3,F1_1,,L3,,,
266727,L3,L2,L3,L3,L3,L1,L1,L2,L1,C1_1,D1_3,F1_2,,L1,,,
266728,L3,L2,L3,L3,L3,L1,L1,L2,L1,C1_1,D1_3,F1_2,,L2,,,
266729,L3,L2,L3,L3,L3,L1,L1,L2,L1,C1_1,D1_3,F1_2,,L3,,,
266730,L3,L2,L3,L3,L3,L1,L1,L2,L1,C1_1,D1_3,F1_3,,L1,,,
266731,L3,L2,L3,L3,L3,L1,L1,L2,L1,C1_1,D1_3,F1_3,,L2,,,
266732,L3,L2,L3,L3,L3,L1,L1,L2,L1,C1_1,D1_3,F1_3,,L3,,,
266733,L3,L2,L3,L3,L3,L1,L1,L2,L1,C1_2,D1_1,F1_1,,L1,,,
266734,L3,L2,L3,L3,L3,L1,L1,L2,L1,C1_2,D1_1,F1_1,,L2,,,
266735,L3,L2,L3,L3,L3,L1,L1,L2,L1,C1_2,D1_1,F1_1,,L3,,,
266736,L3,L2,L3,L3,L3,L1,L1,L2,L1,C1_2,D1_1,F1_2,,L1,,,
266737,L3,L2,L3,L3,L3,L1,L1,L2,L1,C1_2,D1_1,F1_2,,L2,,,
266738,L3,L2,L3,L3,L3,L1,L1,L2,L1,C1_2,D1_1,F1_2,,L3,,,
266739,L3,L2,L3,L3,L3,L1,L1,L2,L1,C1_2,D1_1,F1_3,,L1,,,
266740,L3,L2,L3,L3,L3,L1,L1,L2,L1,C1_2,D1_1,F1_3,,L2,,,
266741,L3,L2,L3,L3,L3,L1,L1,L2,L1,C1_2,D1_1,F1_3,,L3,,,
266742,L3,L2,L3,L3,L3,L1,L1,L2,L1,C1_2,D1_2,F1_1,,L1,,,
266743,L3,L2,L3,L3,L3,L1,L1,L2,L1,C1_2,D1_2,F1_1,,L2,,,
266744,L3,L2,L3,L3,L3,L1,L1,L2,L1,C1_2,D1_2,F1_1,,L3,,,
266745,L3,L2,L3,L3,L3,L1,L1,L2,L1,C1_2,D1_2,F1_2,,L1,,,
266746,L3,L2,L3,L3,L3,L1,L1,L2,L1,C1_2,D1_2,F1_2,,L2,,,
266747,L3,L2,L3,L3,L3,L1,L1,L2,L1,C1_2,D1_2,F1_2,,L3,,,
266748,L3,L2,L3,L3,L3,L1,L1,L2,L1,C1_2,D1_2,F1_3,,L1,,,
266749,L3,L2,L3,L3,L3,L1,L1,L2,L1,C1_2,D1_2,F1_3,,L2,,,
266750,L3,L2,L3,L3,L3,L1,L1,L2,L1,C1_2,D1_2,F1_3,,L3,,,
266751,L3,L2,L3,L3,L3,L1,L1,L2,L1,C1_2,D1_3,F1_1,,L1,,,
266752,L3,L2,L3,L3,L3,L1,L1,L2,L1,C1_2,D1_3,F1_1,,L2,,,
266753,L3,L2,L3,L3,L3,L1,L1,L2,L1,C1_2,D1_3,F1_1,,L3,,,
266754,L3,L2,L3,L3,L3,L1,L1,L2,L1,C1_2,D1_3,F1_2,,L1,,,
266755,L3,L2,L3,L3,L3,L1,L1,L2,L1,C1_2,D1_3,F1_2,,L2,,,
266756,L3,L2,L3,L3,L3,L1,L1,L2,L1,C1_2,D1_3,F1_2,,L3,,,
266757,L3,L2,L3,L3,L3,L1,L1,L2,L1,C1_2,D1_3,F1_3,,L1,,,
266758,L3,L2,L3,L3,L3,L1,L1,L2,L1,C1_2,D1_3,F1_3,,L2,,,
266759,L3,L2,L3,L3,L3,L1,L1,L2,L1,C1_2,D1_3,F1_3,,L3,,,
266760,L3,L2,L3,L3,L3,L1,L1,L2,L1,C1_3,D1_1,F1_1,,L1,,,
266761,L3,L2,L3,L3,L3,L1,L1,L2,L1,C1_3,D1_1,F1_1,,L2,,,
266762,L3,L2,L3,L3,L3,L1,L1,L2,L1,C1_3,D1_1,F1_1,,L3,,,
266763,L3,L2,L3,L3,L3,L1,L1,L2,L1,C1_3,D1_1,F1_2,,L1,,,
266764,L3,L2,L3,L3,L3,L1,L1,L2,L1,C1_3,D1_1,F1_2,,L2,,,
266765,L3,L2,L3,L3,L3,L1,L1,L2,L1,C1_3,D1_1,F1_2,,L3,,,
266766,L3,L2,L3,L3,L3,L1,L1,L2,L1,C1_3,D1_1,F1_3,,L1,,,
266767,L3,L2,L3,L3,L3,L1,L1,L2,L1,C1_3,D1_1,F1_3,,L2,,,
266768,L3,L2,L3,L3,L3,L1,L1,L2,L1,C1_3,D1_1,F1_3,,L3,,,
266769,L3,L2,L3,L3,L3,L1,L1,L2,L1,C1_3,D1_2,F1_1,,L1,,,
266770,L3,L2,L3,L3,L3,L1,L1,L2,L1,C1_3,D1_2,F1_1,,L2,,,
266771,L3,L2,L3,L3,L3,L1,L1,L2,L1,C1_3,D1_2,F1_1,,L3,,,
266772,L3,L2,L3,L3,L3,L1,L1,L2,L1,C1_3,D1_2,F1_2,,L1,,,
266773,L3,L2,L3,L3,L3,L1,L1,L2,L1,C1_3,D1_2,F1_2,,L2,,,
266774,L3,L2,L3,L3,L3,L1,L1,L2,L1,C1_3,D1_2,F1_2,,L3,,,
266775,L3,L2,L3,L3,L3,L1,L1,L2,L1,C1_3,D1_2,F1_3,,L1,,,
266776,L3,L2,L3,L3,L3,L1,L1,L2,L1,C1_3,D1_2,F1_3,,L2,,,
266777,L3,L2,L3,L3,L3,L1,L1,L2,L1,C1_3,D1_2,F1_3,,L3,,,
266778,L3,L2,L3,L3,L3,L1,L1,L2,L1,C1_3,D1_3,F1_1,,L1,,,
266779,L3,L2,L3,L3,L3,L1,L1,L2,L1,C1_3,D1_3,F1_1,,L2,,,
266780,L3,L2,L3,L3,L3,L1,L1,L2,L1,C1_3,D1_3,F1_1,,L3,,,
266781,L3,L2,L3,L3,L3,L1,L1,L2,L1,C1_3,D1_3,F1_2,,L1,,,
266782,L3,L2,L3,L3,L3,L1,L1,L2,L1,C1_3,D1_3,F1_2,,L2,,,
266783,L3,L2,L3,L3,L3,L1,L1,L2,L1,C1_3,D1_3,F1_2,,L3,,,
266784,L3,L2,L3,L3,L3,L1,L1,L2,L1,C1_3,D1_3,F1_3,,L1,,,
266785,L3,L2,L3,L3,L3,L1,L1,L2,L1,C1_3,D1_3,F1_3,,L2,,,
266786,L3,L2,L3,L3,L3,L1,L1,L2,L1,C1_3,D1_3,F1_3,,L3,,,
336096,L1,L3,L3,L2,L1,L1,L1,L2,L1,C1_1,D1_1,F1_1,,L1,,,
336097,L1,L3,L3,L2,L1,L1,L1,L2,L1,C1_1,D1_1,F1_1,,L2,,,
336098,L1,L3,L3,L2,L1,L1,L1,L2,L1,C1_1,D1_1,F1_1,,L3,,,
336099,L1,L3,L3,L2,L1,L1,L1,L2,L1,C1_1,D1_1,F1_2,,L1,,,
336100,L1,L3,L3,L2,L1,L1,L1,L2,L1,C1_1,D1_1,F1_2,,L2,,,
336101,L1,L3,L3,L2,L1,L1,L1,L2,L1,C1_1,D1_1,F1_2,,L3,,,
336102,L1,L3,L3,L2,L1,L1,L1,L2,L1,C1_1,D1_1,F1_3,,L1,,,
336103,L1,L3,L3,L2,L1,L1,L1,L2,L1,C1_1,D1_1,F1_3,,L2,,,
336104,L1,L3,L3,L2,L1,L1,L1,L2,L1,C1_1,D1_1,F1_3,,L3,,,
336105,L1,L3,L3,L2,L1,L1,L1,L2,L1,C1_1,D1_2,F1_1,,L1,,,
336106,L1,L3,L3,L2,L1,L1,L1,L2,L1,C1_1,D1_2,F1_1,,L2,,,
336107,L1,L3,L3,L2,L1,L1,L1,L2,L1,C1_1,D1_2,F1_1,,L3,,,
336108,L1,L3,L3,L2,L1,L1,L1,L2,L1,C1_1,D1_2,F1_2,,L1,,,
336109,L1,L3,L3,L2,L1,L1,L1,L2,L1,C1_1,D1_2,F1_2,,L2,,,
336110,L1,L3,L3,L2,L1,L1,L1,L2,L1,C1_1,D1_2,F1_2,,L3,,,
336111,L1,L3,L3,L2,L1,L1,L1,L2,L1,C1_1,D1_2,F1_3,,L1,,,
336112,L1,L3,L3,L2,L1,L1,L1,L2,L1,C1_1,D1_2,F1_3,,L2,,,
336113,L1,L3,L3,L2,L1,L1,L1,L2,L1,C1_1,D1_2,F1_3,,L3,,,
336114,L1,L3,L3,L2,L1,L1,L1,L2,L1,C1_1,D1_3,F1_1,,L1,,,
336115,L1,L3,L3,L2,L1,L1,L1,L2,L1,C1_1,D1_3,F1_1,,L2,,,
336116,L1,L3,L3,L2,L1,L1,L1,L2,L1,C1_1,D1_3,F1_1,,L3,,,
336117,L1,L3,L3,L2,L1,L1,L1,L2,L1,C1_1,D1_3,F1_2,,L1,,,
336118,L1,L3,L3,L2,L1,L1,L1,L2,L1,C1_1,D1_3,F1_2,,L2,,,
336119,L1,L3,L3,L2,L1,L1,L1,L2,L1,C1_1,D1_3,F1_2,,L3,,,
336120,L1,L3,L3,L2,L1,L1,L1,L2,L1,C1_1,D1_3,F1_3,,L1,,,
336121,L1,L3,L3,L2,L1,L1,L1,L2,L1,C1_1,D1_3,F1_3,,L2,,,
336122,L1,L3,L3,L2,L1,L1,L1,L2,L1,C1_1,D1_3,F1_3,,L3,,,
336123,L1,L3,L3,L2,L1,L1,L1,L2,L1,C1_2,D1_1,F1_1,,L1,,,
336124,L1,L3,L3,L2,L1,L1,L1,L2,L1,C1_2,D1_1,F1_1,,L2,,,
336125,L1,L3,L3,L2,L1,L1,L1,L2,L1,C1_2,D1_1,F1_1,,L3,,,
336126,L1,L3,L3,L2,L1,L1,L1,L2,L1,C1_2,D1_1,F1_2,,L1,,,
336127,L1,L3,L3,L2,L1,L1,L1,L2,L1,C1_2,D1_1,F1_2,,L2,,,
336128,L1,L3,L3,L2,L1,L1,L1,L2,L1,C1_2,D1_1,F1_2,,L3,,,
336129,L1,L3,L3,L2,L1,L1,L1,L2,L1,C1_2,D1_1,F1_3,,L1,,,
336130,L1,L3,L3,L2,L1,L1,L1,L2,L1,C1_2,D1_1,F1_3,,L2,,,
336131,L1,L3,L3,L2,L1,L1,L1,L2,L1,C1_2,D1_1,F1_3,,L3,,,
336132,L1,L3,L3,L2,L1,L1,L1,L2,L1,C1_2,D1_2,F1_1,,L1,,,
336133,L1,L3,L3,L2,L1,L1,L1,L2,L1,C1_2,D1_2,F1_1,,L2,,,
336134,L1,L3,L3,L2,L1,L1,L1,L2,L1,C1_2,D1_2,F1_1,,L3,,,
336135,L1,L3,L3,L2,L1,L1,L1,L2,L1,C1_2,D1_2,F1_2,,L1,,,
336136,L1,L3,L3,L2,L1,L1,L1,L2,L1,C1_2,D1_2,F1_2,,L2,,,
336137,L1,L3,L3,L2,L1,L1,L1,L2,L1,C1_2,D1_2,F1_2,,L3,,,
336138,L1,L3,L3,L2,L1,L1,L1,L2,L1,C1_2,D1_2,F1_3,,L1,,,
336139,L1,L3,L3,L2,L1,L1,L1,L2,L1,C1_2,D1_2,F1_3,,L2,,,
336140,L1,L3,L3,L2,L1,L1,L1,L2,L1,C1_2,D1_2,F1_3,,L3,,,
336141,L1,L3,L3,L2,L1,L1,L1,L2,L1,C1_2,D1_3,F1_1,,L1,,,
336142,L1,L3,L3,L2,L1,L1,L1,L2,L1,C1_2,D1_3,F1_1,,L2,,,
336143,L1,L3,L3,L2,L1,L1,L1,L2,L1,C1_2,D1_3,F1_1,,L3,,,
336144,L1,L3,L3,L2,L1,L1,L1,L2,L1,C1_2,D1_3,F1_2,,L1,,,
336145,L1,L3,L3,L2,L1,L1,L1,L2,L1,C1_2,D1_3,F1_2,,L2,,,
336146,L1,L3,L3,L2,L1,L1,L1,L2,L1,C1_2,D1_3,F1_2,,L3,,,
336147,L1,L3,L3,L2,L1,L1,L1,L2,L1,C1_2,D1_3,F1_3,,L1,,,
336148,L1,L3,L3,L2,L1,L1,L1,L2,L1,C1_2,D1_3,F1_3,,L2,,,
336149,L1,L3,L3,L2,L1,L1,L1,L2,L1,C1_2,D1_3,F1_3,,L3,,,
336150,L1,L3,L3,L2,L1,L1,L1,L2,L1,C1_3,D1_1,F1_1,,L1,,,
336151,L1,L3,L3,L2,L1,L1,L1,L2,L1,C1_3,D1_1,F1_1,,L2,,,
336152,L1,L3,L3,L2,L1,L1,L1,L2,L1,C1_3,D1_1,F1_1,,L3,,,
336153,L1,L3,L3,L2,L1,L1,L1,L2,L1,C1_3,D1_1,F1_2,,L1,,,
336154,L1,L3,L3,L2,L1,L1,L1,L2,L1,C1_3,D1_1,F1_2,,L2,,,
336155,L1,L3,L3,L2,L1,L1,L1,L2,L1,C1_3,D1_1,F1_2,,L3,,,
336156,L1,L3,L3,L2,L1,L1,L1,L2,L1,C1_3,D1_1,F1_3,,L1,,,
336157,L1,L3,L3,L2,L1,L1,L1,L2,L1,C1_3,D1_1,F1_3,,L2,,,
336158,L1,L3,L3,L2,L1,L1,L1,L2,L1,C1_3,D1_1,F1_3,,L3,,,
336159,L1,L3,L3,L2,L1,L1,L1,L2,L1,C1_3,D1_2,F1_1,,L1,,,
336160,L1,L3,L3,L2,L1,L1,L1,L2,L1,C1_3,D1_2,F1_1,,L2,,,
336161,L1,L3,L3,L2,L1,L1,L1,L2,L1,C1_3,D1_2,F1_1,,L3,,,
336162,L1,L3,L3,L2,L1,L1,L1,L2,L1,C1_3,D1_2,F1_2,,L1,,,
336163,L1,L3,L3,L2,L1,L1,L1,L2,L1,C1_3,D1_2,F1_2,,L2,,,
336164,L1,L3,L3,L2,L1,L1,L1,L2,L1,C1_3,D1_2,F1_2,,L3,,,
336165,L1,L3,L3,L2,L1,L1,L1,L2,L1,C1_3,D1_2,F1_3,,L1,,,
336166,L1,L3,L3,L2,L1,L1,L1,L2,L1,C1_3,D1_2,F1_3,,L2,,,
336167,L1,L3,L3,L2,L1,L1,L1,L2,L1,C1_3,D1_2,F1_3,,L3,,,
336168,L1,L3,L3,L2,L1,L1,L1,L2,L1,C1_3,D1_3,F1_1,,L1,,,
336169,L1,L3,L3,L2,L1,L1,L1,L2,L1,C1_3,D1_3,F1_1,,L2,,,
336170,L1,L3,L3,L2,L1,L1,L1,L2,L1,C1_3,D1_3,F1_1,,L3,,,
336171,L1,L3,L3,L2,L1,L1,L1,L2,L1,C1_3,D1_3,F1_2,,L1,,,
336172,L1,L3,L3,L2,L1,L1,L1,L2,L1,C1_3,D1_3,F1_2,,L2,,,
336173,L1,L3,L3,L2,L1,L1,L1,L2,L1,C1_3,D1_3,F1_2,,L3,,,
336174,L1,L3,L3,L2,L1,L1,L1,L2,L1,C1_3,D1_3,F1_3,,L1,,,
336175,L1,L3,L3,L2,L1,L1,L1,L2,L1,C1_3,D1_3,F1_3,,L2,,,
336176,L1,L3,L3,L2,L1,L1,L1,L2,L1,C1_3,D1_3,F1_3,,L3,,,
336420,L1,L1,L3,L1,L2,L1,L1,L2,L1,C1_1,D1_1,F1_1,,L1,,,
336421,L1,L1,L3,L1,L2,L1,L1,L2,L1,C1_1,D1_1,F1_1,,L2,,,
336422,L1,L1,L3,L1,L2,L1,L1,L2,L1,C1_1,D1_1,F1_1,,L3,,,
336423,L1,L1,L3,L1,L2,L1,L1,L2,L1,C1_1,D1_1,F1_2,,L1,,,
336424,L1,L1,L3,L1,L2,L1,L1,L2,L1,C1_1,D1_1,F1_2,,L2,,,
336425,L1,L1,L3,L1,L2,L1,L1,L2,L1,C1_1,D1_1,F1_2,,L3,,,
336426,L1,L1,L3,L1,L2,L1,L1,L2,L1,C1_1,D1_1,F1_3,,L1,,,
336427,L1,L1,L3,L1,L2,L1,L1,L2,L1,C1_1,D1_1,F1_3,,L2,,,
336428,L1,L1,L3,L1,L2,L1,L1,L2,L1,C1_1,D1_1,F1_3,,L3,,,
336429,L1,L1,L3,L1,L2,L1,L1,L2,L1,C1_1,D1_2,F1_1,,L1,,,
336430,L1,L1,L3,L1,L2,L1,L1,L2,L1,C1_1,D1_2,F1_1,,L2,,,
336431,L1,L1,L3,L1,L2,L1,L1,L2,L1,C1_1,D1_2,F1_1,,L3,,,
336432,L1,L1,L3,L1,L2,L1,L1,L2,L1,C1_1,D1_2,F1_2,,L1,,,
336433,L1,L1,L3,L1,L2,L1,L1,L2,L1,C1_1,D1_2,F1_2,,L2,,,
336434,L1,L1,L3,L1,L2,L1,L1,L2,L1,C1_1,D1_2,F1_2,,L3,,,
336435,L1,L1,L3,L1,L2,L1,L1,L2,L1,C1_1,D1_2,F1_3,,L1,,,
336436,L1,L1,L3,L1,L2,L1,L1,L2,L1,C1_1,D1_2,F1_3,,L2,,,
336437,L1,L1,L3,L1,L2,L1,L1,L2,L1,C1_1,D1_2,F1_3,,L3,,,
336438,L1,L1,L3,L1,L2,L1,L1,L2,L1,C1_1,D1_3,F1_1,,L1,,,
336439,L1,L1,L3,L1,L2,L1,L1,L2,L1,C1_1,D1_3,F1_1,,L2,,,
336440,L1,L1,L3,L1,L2,L1,L1,L2,L1,C1_1,D1_3,F1_1,,L3,,,
336441,L1,L1,L3,L1,L2,L1,L1,L2,L1,C1_1,D1_3,F1_2,,L1,,,
336442,L1,L1,L3,L1,L2,L1,L1,L2,L1,C1_1,D1_3,F1_2,,L2,,,
336443,L1,L1,L3,L1,L2,L1,L1,L2,L1,C1_1,D1_3,F1_2,,L3,,,
336444,L1,L1,L3,L1,L2,L1,L1,L2,L1,C1_1,D1_3,F1_3,,L1,,,
336445,L1,L1,L3,L1,L2,L1,L1,L2,L1,C1_1,D1_3,F1_3,,L2,,,
336446,L1,L1,L3,L1,L2,L1,L1,L2,L1,C1_1,D1_3,F1_3,,L3,,,
336447,L1,L1,L3,L1,L2,L1,L1,L2,L1,C1_2,D1_1,F1_1,,L1,,,
336448,L1,L1,L3,L1,L2,L1,L1,L2,L1,C1_2,D1_1,F1_1,,L2,,,
336449,L1,L1,L3,L1,L2,L1,L1,L2,L1,C1_2,D1_1,F1_1,,L3,,,
336450,L1,L1,L3,L1,L2,L1,L1,L2,L1,C1_2,D1_1,F1_2,,L1,,,
336451,L1,L1,L3,L1,L2,L1,L1,L2,L1,C1_2,D1_1,F1_2,,L2,,,
336452,L1,L1,L3,L1,L2,L1,L1,L2,L1,C1_2,D1_1,F1_2,,L3,,,
336453,L1,L1,L3,L1,L2,L1,L1,L2,L1,C1_2,D1_1,F1_3,,L1,,,
336454,L1,L1,L3,L1,L2,L1,L1,L2,L1,C1_2,D1_1,F1_3,,L2,,,
336455,L1,L1,L3,L1,L2,L1,L1,L2,L1,C1_2,D1_1,F1_3,,L3,,,
336456,L1,L1,L3,L1,L2,L1,L1,L2,L1,C1_2,D1_2,F1_1,,L1,,,
336457,L1,L1,L3,L1,L2,L1,L1,L2,L1,C1_2,D1_2,F1_1,,L2,,,
336458,L1,L1,L3,L1,L2,L1,L1,L2,L1,C1_2,D1_2,F1_1,,L3,,,
336459,L1,L1,L3,L1,L2,L1,L1,L2,L1,C1_2,D1_2,F1_2,,L1,,,
336460,L1,L1,L3,L1,L2,L1,L1,L2,L1,C1_2,D1_2,F1_2,,L2,,,
336461,L1,L1,L3,L1,L2,L1,L1,L2,L1,C1_2,D1_2,F1_2,,L3,,,
336462,L1,L1,L3,L1,L2,L1,L1,L2,L1,C1_2,D1_2,F1_3,,L1,,,
336463,L1,L1,L3,L1,L2,L1,L1,L2,L1,C1_2,D1_2,F1_3,,L2,,,
336464,L1,L1,L3,L1,L2,L1,L1,L2,L1,C1_2,D1_2,F1_3,,L3,,,
336465,L1,L1,L3,L1,L2,L1,L1,L2,L1,C1_2,D1_3,F1_1,,L1,,,
336466,L1,L1,L3,L1,L2,L1,L1,L2,L1,C1_2,D1_3,F1_1,,L2,,,
336467,L1,L1,L3,L1,L2,L1,L1,L2,L1,C1_2,D1_3,F1_1,,L3,,,
336468,L1,L1,L3,L1,L2,L1,L1,L2,L1,C1_2,D1_3,F1_2,,L1,,,
336469,L1,L1,L3,L1,L2,L1,L1,L2,L1,C1_2,D1_3,F1_2,,L2,,,
336470,L1,L1,L3,L1,L2,L1,L1,L2,L1,C1_2,D1_3,F1_2,,L3,,,
336471,L1,L1,L3,L1,L2,L1,L1,L2,L1,C1_2,D1_3,F1_3,,L1,,,
336472,L1,L1,L3,L1,L2,L1,L1,L2,L1,C1_2,D1_3,F1_3,,L2,,,
336473,L1,L1,L3,L1,L2,L1,L1,L2,L1,C1_2,D1_3,F1_3,,L3,,,
336474,L1,L1,L3,L1,L2,L1,L1,L2,L1,C1_3,D1_1,F1_1,,L1,,,
336475,L1,L1,L3,L1,L2,L1,L1,L2,L1,C1_3,D1_1,F1_1,,L2,,,
336476,L1,L1,L3,L1,L2,L1,L1,L2,L1,C1_3,D1_1,F1_1,,L3,,,
336477,L1,L1,L3,L1,L2,L1,L1,L2,L1,C1_3,D1_1,F1_2,,L1,,,
336478,L1,L1,L3,L1,L2,L1,L1,L2,L1,C1_3,D1_1,F1_2,,L2,,,
336479,L1,L1,L3,L1,L2,L1,L1,L2,L1,C1_3,D1_1,F1_2,,L3,,,
336480,L1,L1,L3,L1,L2,L1,L1,L2,L1,C1_3,D1_1,F1_3,,L1,,,
336481,L1,L1,L3,L1,L2,L1,L1,L2,L1,C1_3,D1_1,F1_3,,L2,,,
336482,L1,L1,L3,L1,L2,L1,L1,L2,L1,C1_3,D1_1,F1_3,,L3,,,
336483,L1,L1,L3,L1,L2,L1,L1,L2,L1,C1_3,D1_2,F1_1,,L1,,,
336484,L1,L1,L3,L1,L2,L1,L1,L2,L1,C1_3,D1_2,F1_1,,L2,,,
336485,L1,L1,L3,L1,L2,L1,L1,L2,L1,C1_3,D1_2,F1_1,,L3,,,
336486,L1,L1,L3,L1,L2,L1,L1,L2,L1,C1_3,D1_2,F1_2,,L1,,,
336487,L1,L1,L3,L1,L2,L1,L1,L2,L1,C1_3,D1_2,F1_2,,L2,,,
336488,L1,L1,L3,L1,L2,L1,L1,L2,L1,C1_3,D1_2,F1_2,,L3,,,
336489,L1,L1,L3,L1,L2,L1,L1,L2,L1,C1_3,D1_2,F1_3,,L1,,,
336490,L1,L1,L3,L1,L2,L1,L1,L2,L1,C1_3,D1_2,F1_3,,L2,,,
336491,L1,L1,L3,L1,L2,L1,L1,L2,L1,C1_3,D1_2,F1_3,,L3,,,
336492,L1,L1,L3,L1,L2,L1,L1,L2,L1,C1_3,D1_3,F1_1,,L1,,,
336493,L1,L1,L3,L1,L2,L1,L1,L2,L1,C1_3,D1_3,F1_1,,L2,,,
336494,L1,L1,L3,L1,L2,L1,L1,L2,L1,C1_3,D1_3,F1_1,,L3,,,
336495,L1,L1,L3,L1,L2,L1,L1,L2,L1,C1_3,D1_3,F1_2,,L1,,,
336496,L1,L1,L3,L1,L2,L1,L1,L2,L1,C1_3,D1_3,F1_2,,L2,,,
336497,L1,L1,L3,L1,L2,L1,L1,L2,L1,C1_3,D1_3,F1_2,,L3,,,
336498,L1,L1,L3,L1,L2,L1,L1,L2,L1,C1_3,D1_3,F1_3,,L1,,,
336499,L1,L1,L3,L1,L2,L1,L1,L2,L1,C1_3,D1_3,F1_3,,L2,,,
336500,L1,L1,L3,L1,L2,L1,L1,L2,L1,C1_3,D1_3,F1_3,,L3,,,
358776,L2,L2,L3,L2,L2,L1,L1,L2,L1,C1_1,D1_1,F1_1,,L1,,,
358777,L2,L2,L3,L2,L2,L1,L1,L2,L1,C1_1,D1_1,F1_1,,L2,,,
358778,L2,L2,L3,L2,L2,L1,L1,L2,L1,C1_1,D1_1,F1_1,,L3,,,
358779,L2,L2,L3,L2,L2,L1,L1,L2,L1,C1_1,D1_1,F1_2,,L1,,,
358780,L2,L2,L3,L2,L2,L1,L1,L2,L1,C1_1,D1_1,F1_2,,L2,,,
358781,L2,L2,L3,L2,L2,L1,L1,L2,L1,C1_1,D1_1,F1_2,,L3,,,
358782,L2,L2,L3,L2,L2,L1,L1,L2,L1,C1_1,D1_1,F1_3,,L1,,,
358783,L2,L2,L3,L2,L2,L1,L1,L2,L1,C1_1,D1_1,F1_3,,L2,,,
358784,L2,L2,L3,L2,L2,L1,L1,L2,L1,C1_1,D1_1,F1_3,,L3,,,
358785,L2,L2,L3,L2,L2,L1,L1,L2,L1,C1_1,D1_2,F1_1,,L1,,,
358786,L2,L2,L3,L2,L2,L1,L1,L2,L1,C1_1,D1_2,F1_1,,L2,,,
358787,L2,L2,L3,L2,L2,L1,L1,L2,L1,C1_1,D1_2,F1_1,,L3,,,
358788,L2,L2,L3,L2,L2,L1,L1,L2,L1,C1_1,D1_2,F1_2,,L1,,,
358789,L2,L2,L3,L2,L2,L1,L1,L2,L1,C1_1,D1_2,F1_2,,L2,,,
358790,L2,L2,L3,L2,L2,L1,L1,L2,L1,C1_1,D1_2,F1_2,,L3,,,
358791,L2,L2,L3,L2,L2,L1,L1,L2,L1,C1_1,D1_2,F1_3,,L1,,,
358792,L2,L2,L3,L2,L2,L1,L1,L2,L1,C1_1,D1_2,F1_3,,L2,,,
358793,L2,L2,L3,L2,L2,L1,L1,L2,L1,C1_1,D1_2,F1_3,,L3,,,
358794,L2,L2,L3,L2,L2,L1,L1,L2,L1,C1_1,D1_3,F1_1,,L1,,,
358795,L2,L2,L3,L2,L2,L1,L1,L2,L1,C1_1,D1_3,F1_1,,L2,,,
358796,L2,L2,L3,L2,L2,L1,L1,L2,L1,C1_1,D1_3,F1_1,,L3,,,
358797,L2,L2,L3,L2,L2,L1,L1,L2,L1,C1_1,D1_3,F1_2,,L1,,,
358798,L2,L2,L3,L2,L2,L1,L1,L2,L1,C1_1,D1_3,F1_2,,L2,,,
358799,L2,L2,L3,L2,L2,L1,L1,L2,L1,C1_1,D1_3,F1_2,,L3,,,
358800,L2,L2,L3,L2,L2,L1,L1,L2,L1,C1_1,D1_3,F1_3,,L1,,,
358801,L2,L2,L3,L2,L2,L1,L1,L2,L1,C1_1,D1_3,F1_3,,L2,,,
358802,L2,L2,L3,L2,L2,L1,L1,L2,L1,C1_1,D1_3,F1_3,,L3,,,
358803,L2,L2,L3,L2,L2,L1,L1,L2,L1,C1_2,D1_1,F1_1,,L1,,,
358804,L2,L2,L3,L2,L2,L1,L1,L2,L1,C1_2,D1_1,F1_1,,L2,,,
358805,L2,L2,L3,L2,L2,L1,L1,L2,L1,C1_2,D1_1,F1_1,,L3,,,
358806,L2,L2,L3,L2,L2,L1,L1,L2,L1,C1_2,D1_1,F1_2,,L1,,,
358807,L2,L2,L3,L2,L2,L1,L1,L2,L1,C1_2,D1_1,F1_2,,L2,,,
358808,L2,L2,L3,L2,L2,L1,L1,L2,L1,C1_2,D1_1,F1_2,,L3,,,
358809,L2,L2,L3,L2,L2,L1,L1,L2,L1,C1_2,D1_1,F1_3,,L1,,,
358810,L2,L2,L3,L2,L2,L1,L1,L2,L1,C1_2,D1_1,F1_3,,L2,,,
358811,L2,L2,L3,L2,L2,L1,L1,L2,L1,C1_2,D1_1,F1_3,,L3,,,
358812,L2,L2,L3,L2,L2,L1,L1,L2,L1,C1_2,D1_2,F1_1,,L1,,,
358813,L2,L2,L3,L2,L2,L1,L1,L2,L1,C1_2,D1_2,F1_1,,L2,,,
358814,L2,L2,L3,L2,L2,L1,L1,L2,L1,C1_2,D1_2,F1_1,,L3,,,
358815,L2,L2,L3,L2,L2,L1,L1,L2,L1,C1_2,D1_2,F1_2,,L1,,,
358816,L2,L2,L3,L2,L2,L1,L1,L2,L1,C1_2,D1_2,F1_2,,L2,,,
358817,L2,L2,L3,L2,L2,L1,L1,L2,L1,C1_2,D1_2,F1_2,,L3,,,
358818,L2,L2,L3,L2,L2,L1,L1,L2,L1,C1_2,D1_2,F1_3,,L1,,,
358819,L2,L2,L3,L2,L2,L1,L1,L2,L1,C1_2,D1_2,F1_3,,L2,,,
358820,L2,L2,L3,L2,L2,L1,L1,L2,L1,C1_2,D1_2,F1_3,,L3,,,
358821,L2,L2,L3,L2,L2,L1,L1,L2,L1,C1_2,D1_3,F1_1,,L1,,,
358822,L2,L2,L3,L2,L2,L1,L1,L2,L1,C1_2,D1_3,F1_1,,L2,,,
358823,L2,L2,L3,L2,L2,L1,L1,L2,L1,C1_2,D1_3,F1_1,,L3,,,
358824,L2,L2,L3,L2,L2,L1,L1,L2,L1,C1_2,D1_3,F1_2,,L1,,,
358825,L2,L2,L3,L2,L2,L1,L1,L2,L1,C1_2,D1_3,F1_2,,L2,,,
358826,L2,L2,L3,L2,L2,L1,L1,L2,L1,C1_2,D1_3,F1_2,,L3,,,
358827,L2,L2,L3,L2,L2,L1,L1,L2,L1,C1_2,D1_3,F1_3,,L1,,,
358828,L2,L2,L3,L2,L2,L1,L1,L2,L1,C1_2,D1_3,F1_3,,L2,,,
358829,L2,L2,L3,L2,L2,L1,L1,L2,L1,C1_2,D1_3,F1_3,,L3,,,
358830,L2,L2,L3,L2,L2,L1,L1,L2,L1,C1_3,D1_1,F1_1,,L1,,,
358831,L2,L2,L3,L2,L2,L1,L1,L2,L1,C1_3,D1_1,F1_1,,L2,,,
358832,L2,L2,L3,L2,L2,L1,L1,L2,L1,C1_3,D1_1,F1_1,,L3,,,
358833,L2,L2,L3,L2,L2,L1,L1,L2,L1,C1_3,D1_1,F1_2,,L1,,,
358834,L2,L2,L3,L2,L2,L1,L1,L2,L1,C1_3,D1_1,F1_2,,L2,,,
358835,L2,L2,L3,L2,L2,L1,L1,L2,L1,C1_3,D1_1,F1_2,,L3,,,
358836,L2,L2,L3,L2,L2,L1,L1,L2,L1,C1_3,D1_1,F1_3,,L1,,,
358837,L2,L2,L3,L2,L2,L1,L1,L2,L1,C1_3,D1_1,F1_3,,L2,,,
358838,L2,L2,L3,L2,L2,L1,L1,L2,L1,C1_3,D1_1,F1_3,,L3,,,
358839,L2,L2,L3,L2,L2,L1,L1,L2,L1,C1_3,D1_2,F1_1,,L1,,,
358840,L2,L2,L3,L2,L2,L1,L1,L2,L1,C1_3,D1_2,F1_1,,L2,,,
358841,L2,L2,L3,L2,L2,L1,L1,L2,L1,C1_3,D1_2,F1_1,,L3,,,
358842,L2,L2,L3,L2,L2,L1,L1,L2,L1,C1_3,D1_2,F1_2,,L1,,,
358843,L2,L2,L3,L2,L2,L1,L1,L2,L1,C1_3,D1_2,F1_2,,L2,,,
358844,L2,L2,L3,L2,L2,L1,L1,L2,L1,C1_3,D1_2,F1_2,,L3,,,
358845,L2,L2,L3,L2,L2,L1,L1,L2,L1,C1_3,D1_2,F1_3,,L1,,,
358846,L2,L2,L3,L2,L2,L1,L1,L2,L1,C1_3,D1_2,F1_3,,L2,,,
358847,L2,L2,L3,L2,L2,L1,L1,L2,L1,C1_3,D1_2,F1_3,,L3,,,
358848,L2,L2,L3,L2,L2,L1,L1,L2,L1,C1_3,D1_3,F1_1,,L1,,,
358849,L2,L2,L3,L2,L2,L1,L1,L2,L1,C1_3,D1_3,F1_1,,L2,,,
358850,L2,L2,L3,L2,L2,L1,L1,L2,L1,C1_3,D1_3,F1_1,,L3,,,
358851,L2,L2,L3,L2,L2,L1,L1,L2,L1,C1_3,D1_3,F1_2,,L1,,,
358852,L2,L2,L3,L2,L2,L1,L1,L2,L1,C1_3,D1_3,F1_2,,L2,,,
358853,L2,L2,L3,L2,L2,L1,L1,L2,L1,C1_3,D1_3,F1_2,,L3,,,
358854,L2,L2,L3,L2,L2,L1,L1,L2,L1,C1_3,D1_3,F1_3,,L1,,,
358855,L2,L2,L3,L2,L2,L1,L1,L2,L1,C1_3,D1_3,F1_3,,L2,,,
358856,L2,L2,L3,L2,L2,L1,L1,L2,L1,C1_3,D1_3,F1_3,,L3,,,
370089,L2,L1,L1,L2,L1,L1,L1,L2,L1,C1_1,D1_1,F1_1,,L1,,,
370090,L2,L1,L1,L2,L1,L1,L1,L2,L1,C1_1,D1_1,F1_1,,L2,,,
370091,L2,L1,L1,L2,L1,L1,L1,L2,L1,C1_1,D1_1,F1_1,,L3,,,
370092,L2,L1,L1,L2,L1,L1,L1,L2,L1,C1_1,D1_1,F1_2,,L1,,,
370093,L2,L1,L1,L2,L1,L1,L1,L2,L1,C1_1,D1_1,F1_2,,L2,,,
370094,L2,L1,L1,L2,L1,L1,L1,L2,L1,C1_1,D1_1,F1_2,,L3,,,
370095,L2,L1,L1,L2,L1,L1,L1,L2,L1,C1_1,D1_1,F1_3,,L1,,,
370096,L2,L1,L1,L2,L1,L1,L1,L2,L1,C1_1,D1_1,F1_3,,L2,,,
370097,L2,L1,L1,L2,L1,L1,L1,L2,L1,C1_1,D1_1,F1_3,,L3,,,
370098,L2,L1,L1,L2,L1,L1,L1,L2,L1,C1_1,D1_2,F1_1,,L1,,,
370099,L2,L1,L1,L2,L1,L1,L1,L2,L1,C1_1,D1_2,F1_1,,L2,,,
370100,L2,L1,L1,L2,L1,L1,L1,L2,L1,C1_1,D1_2,F1_1,,L3,,,
370101,L2,L1,L1,L2,L1,L1,L1,L2,L1,C1_1,D1_2,F1_2,,L1,,,
370102,L2,L1,L1,L2,L1,L1,L1,L2,L1,C1_1,D1_2,F1_2,,L2,,,
370103,L2,L1,L1,L2,L1,L1,L1,L2,L1,C1_1,D1_2,F1_2,,L3,,,
370104,L2,L1,L1,L2,L1,L1,L1,L2,L1,C1_1,D1_2,F1_3,,L1,,,
370105,L2,L1,L1,L2,L1,L1,L1,L2,L1,C1_1,D1_2,F1_3,,L2,,,
370106,L2,L1,L1,L2,L1,L1,L1,L2,L1,C1_1,D1_2,F1_3,,L3,,,
370107,L2,L1,L1,L2,L1,L1,L1,L2,L1,C1_1,D1_3,F1_1,,L1,,,
370108,L2,L1,L1,L2,L1,L1,L1,L2,L1,C1_1,D1_3,F1_1,,L2,,,
370109,L2,L1,L1,L2,L1,L1,L1,L2,L1,C1_1,D1_3,F1_1,,L3,,,
370110,L2,L1,L1,L2,L1,L1,L1,L2,L1,C1_1,D1_3,F1_2,,L1,,,
370111,L2,L1,L1,L2,L1,L1,L1,L2,L1,C1_1,D1_3,F1_2,,L2,,,
370112,L2,L1,L1,L2,L1,L1,L1,L2,L1,C1_1,D1_3,F1_2,,L3,,,
370113,L2,L1,L1,L2,L1,L1,L1,L2,L1,C1_1,D1_3,F1_3,,L1,,,
370114,L2,L1,L1,L2,L1,L1,L1,L2,L1,C1_1,D1_3,F1_3,,L2,,,
370115,L2,L1,L1,L2,L1,L1,L1,L2,L1,C1_1,D1_3,F1_3,,L3,,,
370116,L2,L1,L1,L2,L1,L1,L1,L2,L1,C1_2,D1_1,F1_1,,L1,,,
370117,L2,L1,L1,L2,L1,L1,L1,L2,L1,C1_2,D1_1,F1_1,,L2,,,
370118,L2,L1,L1,L2,L1,L1,L1,L2,L1,C1_2,D1_1,F1_1,,L3,,,
370119,L2,L1,L1,L2,L1,L1,L1,L2,L1,C1_2,D1_1,F1_2,,L1,,,
370120,L2,L1,L1,L2,L1,L1,L1,L2,L1,C1_2,D1_1,F1_2,,L2,,,
370121,L2,L1,L1,L2,L1,L1,L1,L2,L1,C1_2,D1_1,F1_2,,L3,,,
370122,L2,L1,L1,L2,L1,L1,L1,L2,L1,C1_2,D1_1,F1_3,,L1,,,
370123,L2,L1,L1,L2,L1,L1,L1,L2,L1,C1_2,D1_1,F1_3,,L2,,,
370124,L2,L1,L1,L2,L1,L1,L1,L2,L1,C1_2,D1_1,F1_3,,L3,,,
370125,L2,L1,L1,L2,L1,L1,L1,L2,L1,C1_2,D1_2,F1_1,,L1,,,
370126,L2,L1,L1,L2,L1,L1,L1,L2,L1,C1_2,D1_2,F1_1,,L2,,,
370127,L2,L1,L1,L2,L1,L1,L1,L2,L1,C1_2,D1_2,F1_1,,L3,,,
370128,L2,L1,L1,L2,L1,L1,L1,L2,L1,C1_2,D1_2,F1_2,,L1,,,
370129,L2,L1,L1,L2,L1,L1,L1,L2,L1,C1_2,D1_2,F1_2,,L2,,,
370130,L2,L1,L1,L2,L1,L1,L1,L2,L1,C1_2,D1_2,F1_2,,L3,,,
370131,L2,L1,L1,L2,L1,L1,L1,L2,L1,C1_2,D1_2,F1_3,,L1,,,
370132,L2,L1,L1,L2,L1,L1,L1,L2,L1,C1_2,D1_2,F1_3,,L2,,,
370133,L2,L1,L1,L2,L1,L1,L1,L2,L1,C1_2,D1_2,F1_3,,L3,,,
370134,L2,L1,L1,L2,L1,L1,L1,L2,L1,C1_2,D1_3,F1_1,,L1,,,
370135,L2,L1,L1,L2,L1,L1,L1,L2,L1,C1_2,D1_3,F1_1,,L2,,,
370136,L2,L1,L1,L2,L1,L1,L1,L2,L1,C1_2,D1_3,F1_1,,L3,,,
370137,L2,L1,L1,L2,L1,L1,L1,L2,L1,C1_2,D1_3,F1_2,,L1,,,
370138,L2,L1,L1,L2,L1,L1,L1,L2,L1,C1_2,D1_3,F1_2,,L2,,,
370139,L2,L1,L1,L2,L1,L1,L1,L2,L1,C1_2,D1_3,F1_2,,L3,,,
370140,L2,L1,L1,L2,L1,L1,L1,L2,L1,C1_2,D1_3,F1_3,,L1,,,
370141,L2,L1,L1,L2,L1,L1,L1,L2,L1,C1_2,D1_3,F1_3,,L2,,,
370142,L2,L1,L1,L2,L1,L1,L1,L2,L1,C1_2,D1_3,F1_3,,L3,,,
370143,L2,L1,L1,L2,L1,L1,L1,L2,L1,C1_3,D1_1,F1_1,,L1,,,
370144,L2,L1,L1,L2,L1,L1,L1,L2,L1,C1_3,D1_1,F1_1,,L2,,,
370145,L2,L1,L1,L2,L1,L1,L1,L2,L1,C1_3,D1_1,F1_1,,L3,,,
370146,L2,L1,L1,L2,L1,L1,L1,L2,L1,C1_3,D1_1,F1_2,,L1,,,
370147,L2,L1,L1,L2,L1,L1,L1,L2,L1,C1_3,D1_1,F1_2,,L2,,,
370148,L2,L1,L1,L2,L1,L1,L1,L2,L1,C1_3,D1_1,F1_2,,L3,,,
370149,L2,L1,L1,L2,L1,L1,L1,L2,L1,C1_3,D1_1,F1_3,,L1,,,
370150,L2,L1,L1,L2,L1,L1,L1,L2,L1,C1_3,D1_1,F1_3,,L2,,,
370151,L2,L1,L1,L2,L1,L1,L1,L2,L1,C1_3,D1_1,F1_3,,L3,,,
370152,L2,L1,L1,L2,L1,L1,L1,L2,L1,C1_3,D1_2,F1_1,,L1,,,
370153,L2,L1,L1,L2,L1,L1,L1,L2,L1,C1_3,D1_2,F1_1,,L2,,,
370154,L2,L1,L1,L2,L1,L1,L1,L2,L1,C1_3,D1_2,F1_1,,L3,,,
370155,L2,L1,L1,L2,L1,L1,L1,L2,L1,C1_3,D1_2,F1_2,,L1,,,
370156,L2,L1,L1,L2,L1,L1,L1,L2,L1,C1_3,D1_2,F1_2,,L2,,,
370157,L2,L1,L1,L2,L1,L1,L1,L2,L1,C1_3,D1_2,F1_2,,L3,,,
370158,L2,L1,L1,L2,L1,L1,L1,L2,L1,C1_3,D1_2,F1_3,,L1,,,
370159,L2,L1,L1,L2,L1,L1,L1,L2,L1,C1_3,D1_2,F1_3,,L2,,,
370160,L2,L1,L1,L2,L1,L1,L1,L2,L1,C1_3,D1_2,F1_3,,L3,,,
370161,L2,L1,L1,L2,L1,L1,L1,L2,L1,C1_3,D1_3,F1_1,,L1,,,
370162,L2,L1,L1,L2,L1,L1,L1,L2,L1,C1_3,D1_3,F1_1,,L2,,,
370163,L2,L1,L1,L2,L1,L1,L1,L2,L1,C1_3,D1_3,F1_1,,L3,,,
370164,L2,L1,L1,L2,L1,L1,L1,L2,L1,C1_3,D1_3,F1_2,,L1,,,
370165,L2,L1,L1,L2,L1,L1,L1,L2,L1,C1_3,D1_3,F1_2,,L2,,,
370166,L2,L1,L1,L2,L1,L1,L1,L2,L1,C1_3,D1_3,F1_2,,L3,,,
370167,L2,L1,L1,L2,L1,L1,L1,L2,L1,C1_3,D1_3,F1_3,,L1,,,
370168,L2,L1,L1,L2,L1,L1,L1,L2,L1,C1_3,D1_3,F1_3,,L2,,,
370169,L2,L1,L1,L2,L1,L1,L1,L2,L1,C1_3,D1_3,F1_3,,L3,,,
383886,L3,L2,L1,L2,L3,L1,L1,L2,L1,C1_1,D1_1,F1_1,,L1,,,
383887,L3,L2,L1,L2,L3,L1,L1,L2,L1,C1_1,D1_1,F1_1,,L2,,,
383888,L3,L2,L1,L2,L3,L1,L1,L2,L1,C1_1,D1_1,F1_1,,L3,,,
383889,L3,L2,L1,L2,L3,L1,L1,L2,L1,C1_1,D1_1,F1_2,,L1,,,
383890,L3,L2,L1,L2,L3,L1,L1,L2,L1,C1_1,D1_1,F1_2,,L2,,,
383891,L3,L2,L1,L2,L3,L1,L1,L2,L1,C1_1,D1_1,F1_2,,L3,,,
383892,L3,L2,L1,L2,L3,L1,L1,L2,L1,C1_1,D1_1,F1_3,,L1,,,
383893,L3,L2,L1,L2,L3,L1,L1,L2,L1,C1_1,D1_1,F1_3,,L2,,,
383894,L3,L2,L1,L2,L3,L1,L1,L2,L1,C1_1,D1_1,F1_3,,L3,,,
383895,L3,L2,L1,L2,L3,L1,L1,L2,L1,C1_1,D1_2,F1_1,,L1,,,
383896,L3,L2,L1,L2,L3,L1,L1,L2,L1,C1_1,D1_2,F1_1,,L2,,,
383897,L3,L2,L1,L2,L3,L1,L1,L2,L1,C1_1,D1_2,F1_1,,L3,,,
383898,L3,L2,L1,L2,L3,L1,L1,L2,L1,C1_1,D1_2,F1_2,,L1,,,
383899,L3,L2,L1,L2,L3,L1,L1,L2,L1,C1_1,D1_2,F1_2,,L2,,,
383900,L3,L2,L1,L2,L3,L1,L1,L2,L1,C1_1,D1_2,F1_2,,L3,,,
383901,L3,L2,L1,L2,L3,L1,L1,L2,L1,C1_1,D1_2,F1_3,,L1,,,
383902,L3,L2,L1,L2,L3,L1,L1,L2,L1,C1_1,D1_2,F1_3,,L2,,,
383903,L3,L2,L1,L2,L3,L1,L1,L2,L1,C1_1,D1_2,F1_3,,L3,,,
383904,L3,L2,L1,L2,L3,L1,L1,L2,L1,C1_1,D1_3,F1_1,,L1,,,
383905,L3,L2,L1,L2,L3,L1,L1,L2,L1,C1_1,D1_3,F1_1,,L2,,,
383906,L3,L2,L1,L2,L3,L1,L1,L2,L1,C1_1,D1_3,F1_1,,L3,,,
383907,L3,L2,L1,L2,L3,L1,L1,L2,L1,C1_1,D1_3,F1_2,,L1,,,
383908,L3,L2,L1,L2,L3,L1,L1,L2,L1,C1_1,D1_3,F1_2,,L2,,,
383909,L3,L2,L1,L2,L3,L1,L1,L2,L1,C1_1,D1_3,F1_2,,L3,,,
383910,L3,L2,L1,L2,L3,L1,L1,L2,L1,C1_1,D1_3,F1_3,,L1,,,
383911,L3,L2,L1,L2,L3,L1,L1,L2,L1,C1_1,D1_3,F1_3,,L2,,,
383912,L3,L2,L1,L2,L3,L1,L1,L2,L1,C1_1,D1_3,F1_3,,L3,,,
383913,L3,L2,L1,L2,L3,L1,L1,L2,L1,C1_2,D1_1,F1_1,,L1,,,
383914,L3,L2,L1,L2,L3,L1,L1,L2,L1,C1_2,D1_1,F1_1,,L2,,,
383915,L3,L2,L1,L2,L3,L1,L1,L2,L1,C1_2,D1_1,F1_1,,L3,,,
383916,L3,L2,L1,L2,L3,L1,L1,L2,L1,C1_2,D1_1,F1_2,,L1,,,
383917,L3,L2,L1,L2,L3,L1,L1,L2,L1,C1_2,D1_1,F1_2,,L2,,,
383918,L3,L2,L1,L2,L3,L1,L1,L2,L1,C1_2,D1_1,F1_2,,L3,,,
383919,L3,L2,L1,L2,L3,L1,L1,L2,L1,C1_2,D1_1,F1_3,,L1,,,
383920,L3,L2,L1,L2,L3,L1,L1,L2,L1,C1_2,D1_1,F1_3,,L2,,,
383921,L3,L2,L1,L2,L3,L1,L1,L2,L1,C1_2,D1_1,F1_3,,L3,,,
383922,L3,L2,L1,L2,L3,L1,L1,L2,L1,C1_2,D1_2,F1_1,,L1,,,
383923,L3,L2,L1,L2,L3,L1,L1,L2,L1,C1_2,D1_2,F1_1,,L2,,,
383924,L3,L2,L1,L2,L3,L1,L1,L2,L1,C1_2,D1_2,F1_1,,L3,,,
383925,L3,L2,L1,L2,L3,L1,L1,L2,L1,C1_2,D1_2,F1_2,,L1,,,
383926,L3,L2,L1,L2,L3,L1,L1,L2,L1,C1_2,D1_2,F1_2,,L2,,,
383927,L3,L2,L1,L2,L3,L1,L1,L2,L1,C1_2,D1_2,F1_2,,L3,,,
383928,L3,L2,L1,L2,L3,L1,L1,L2,L1,C1_2,D1_2,F1_3,,L1,,,
383929,L3,L2,L1,L2,L3,L1,L1,L2,L1,C1_2,D1_2,F1_3,,L2,,,
383930,L3,L2,L1,L2,L3,L1,L1,L2,L1,C1_2,D1_2,F1_3,,L3,,,
383931,L3,L2,L1,L2,L3,L1,L1,L2,L1,C1_2,D1_3,F1_1,,L1,,,
383932,L3,L2,L1,L2,L3,L1,L1,L2,L1,C1_2,D1_3,F1_1,,L2,,,
383933,L3,L2,L1,L2,L3,L1,L1,L2,L1,C1_2,D1_3,F1_1,,L3,,,
383934,L3,L2,L1,L2,L3,L1,L1,L2,L1,C1_2,D1_3,F1_2,,L1,,,
383935,L3,L2,L1,L2,L3,L1,L1,L2,L1,C1_2,D1_3,F1_2,,L2,,,
383936,L3,L2,L1,L2,L3,L1,L1,L2,L1,C1_2,D1_3,F1_2,,L3,,,
383937,L3,L2,L1,L2,L3,L1,L1,L2,L1,C1_2,D1_3,F1_3,,L1,,,
383938,L3,L2,L1,L2,L3,L1,L1,L2,L1,C1_2,D1_3,F1_3,,L2,,,
383939,L3,L2,L1,L2,L3,L1,L1,L2,L1,C1_2,D1_3,F1_3,,L3,,,
383940,L3,L2,L1,L2,L3,L1,L1,L2,L1,C1_3,D1_1,F1_1,,L1,,,
383941,L3,L2,L1,L2,L3,L1,L1,L2,L1,C1_3,D1_1,F1_1,,L2,,,
383942,L3,L2,L1,L2,L3,L1,L1,L2,L1,C1_3,D1_1,F1_1,,L3,,,
383943,L3,L2,L1,L2,L3,L1,L1,L2,L1,C1_3,D1_1,F1_2,,L1,,,
383944,L3,L2,L1,L2,L3,L1,L1,L2,L1,C1_3,D1_1,F1_2,,L2,,,
383945,L3,L2,L1,L2,L3,L1,L1,L2,L1,C1_3,D1_1,F1_2,,L3,,,
383946,L3,L2,L1,L2,L3,L1,L1,L2,L1,C1_3,D1_1,F1_3,,L1,,,
383947,L3,L2,L1,L2,L3,L1,L1,L2,L1,C1_3,D1_1,F1_3,,L2,,,
383948,L3,L2,L1,L2,L3,L1,L1,L2,L1,C1_3,D1_1,F1_3,,L3,,,
383949,L3,L2,L1,L2,L3,L1,L1,L2,L1,C1_3,D1_2,F1_1,,L1,,,
383950,L3,L2,L1,L2,L3,L1,L1,L2,L1,C1_3,D1_2,F1_1,,L2,,,
383951,L3,L2,L1,L2,L3,L1,L1,L2,L1,C1_3,D1_2,F1_1,,L3,,,
383952,L3,L2,L1,L2,L3,L1,L1,L2,L1,C1_3,D1_2,F1_2,,L1,,,
383953,L3,L2,L1,L2,L3,L1,L1,L2,L1,C1_3,D1_2,F1_2,,L2,,,
383954,L3,L2,L1,L2,L3,L1,L1,L2,L1,C1_3,D1_2,F1_2,,L3,,,
383955,L3,L2,L1,L2,L3,L1,L1,L2,L1,C1_3,D1_2,F1_3,,L1,,,
383956,L3,L2,L1,L2,L3,L1,L1,L2,L1,C1_3,D1_2,F1_3,,L2,,,
383957,L3,L2,L1,L2,L3,L1,L1,L2,L1,C1_3,D1_2,F1_3,,L3,,,
383958,L3,L2,L1,L2,L3,L1,L1,L2,L1,C1_3,D1_3,F1_1,,L1,,,
383959,L3,L2,L1,L2,L3,L1,L1,L2,L1,C1_3,D1_3,F1_1,,L2,,,
383960,L3,L2,L1,L2,L3,L1,L1,L2,L1,C1_3,D1_3,F1_1,,L3,,,
383961,L3,L2,L1,L2,L3,L1,L1,L2,L1,C1_3,D1_3,F1_2,,L1,,,
383962,L3,L2,L1,L2,L3,L1,L1,L2,L1,C1_3,D1_3,F1_2,,L2,,,
383963,L3,L2,L1,L2,L3,L1,L1,L2,L1,C1_3,D1_3,F1_2,,L3,,,
383964,L3,L2,L1,L2,L3,L1,L1,L2,L1,C1_3,D1_3,F1_3,,L1,,,
383965,L3,L2,L1,L2,L3,L1,L1,L2,L1,C1_3,D1_3,F1_3,,L2,,,
383966,L3,L2,L1,L2,L3,L1,L1,L2,L1,C1_3,D1_3,F1_3,,L3,,,
387666,L3,L3,L3,L3,L2,L1,L1,L2,L1,C1_1,D1_1,F1_1,,L1,,,
387667,L3,L3,L3,L3,L2,L1,L1,L2,L1,C1_1,D1_1,F1_1,,L2,,,
387668,L3,L3,L3,L3,L2,L1,L1,L2,L1,C1_1,D1_1,F1_1,,L3,,,
387669,L3,L3,L3,L3,L2,L1,L1,L2,L1,C1_1,D1_1,F1_2,,L1,,,
387670,L3,L3,L3,L3,L2,L1,L1,L2,L1,C1_1,D1_1,F1_2,,L2,,,
387671,L3,L3,L3,L3,L2,L1,L1,L2,L1,C1_1,D1_1,F1_2,,L3,,,
387672,L3,L3,L3,L3,L2,L1,L1,L2,L1,C1_1,D1_1,F1_3,,L1,,,
387673,L3,L3,L3,L3,L2,L1,L1,L2,L1,C1_1,D1_1,F1_3,,L2,,,
387674,L3,L3,L3,L3,L2,L1,L1,L2,L1,C1_1,D1_1,F1_3,,L3,,,
387675,L3,L3,L3,L3,L2,L1,L1,L2,L1,C1_1,D1_2,F1_1,,L1,,,
387676,L3,L3,L3,L3,L2,L1,L1,L2,L1,C1_1,D1_2,F1_1,,L2,,,
387677,L3,L3,L3,L3,L2,L1,L1,L2,L1,C1_1,D1_2,F1_1,,L3,,,
387678,L3,L3,L3,L3,L2,L1,L1,L2,L1,C1_1,D1_2,F1_2,,L1,,,
387679,L3,L3,L3,L3,L2,L1,L1,L2,L1,C1_1,D1_2,F1_2,,L2,,,
387680,L3,L3,L3,L3,L2,L1,L1,L2,L1,C1_1,D1_2,F1_2,,L3,,,
387681,L3,L3,L3,L3,L2,L1,L1,L2,L1,C1_1,D1_2,F1_3,,L1,,,
387682,L3,L3,L3,L3,L2,L1,L1,L2,L1,C1_1,D1_2,F1_3,,L2,,,
387683,L3,L3,L3,L3,L2,L1,L1,L2,L1,C1_1,D1_2,F1_3,,L3,,,
387684,L3,L3,L3,L3,L2,L1,L1,L2,L1,C1_1,D1_3,F1_1,,L1,,,
387685,L3,L3,L3,L3,L2,L1,L1,L2,L1,C1_1,D1_3,F1_1,,L2,,,
387686,L3,L3,L3,L3,L2,L1,L1,L2,L1,C1_1,D1_3,F1_1,,L3,,,
387687,L3,L3,L3,L3,L2,L1,L1,L2,L1,C1_1,D1_3,F1_2,,L1,,,
387688,L3,L3,L3,L3,L2,L1,L1,L2,L1,C1_1,D1_3,F1_2,,L2,,,
387689,L3,L3,L3,L3,L2,L1,L1,L2,L1,C1_1,D1_3,F1_2,,L3,,,
387690,L3,L3,L3,L3,L2,L1,L1,L2,L1,C1_1,D1_3,F1_3,,L1,,,
387691,L3,L3,L3,L3,L2,L1,L1,L2,L1,C1_1,D1_3,F1_3,,L2,,,
387692,L3,L3,L3,L3,L2,L1,L1,L2,L1,C1_1,D1_3,F1_3,,L3,,,
387693,L3,L3,L3,L3,L2,L1,L1,L2,L1,C1_2,D1_1,F1_1,,L1,,,
387694,L3,L3,L3,L3,L2,L1,L1,L2,L1,C1_2,D1_1,F1_1,,L2,,,
387695,L3,L3,L3,L3,L2,L1,L1,L2,L1,C1_2,D1_1,F1_1,,L3,,,
387696,L3,L3,L3,L3,L2,L1,L1,L2,L1,C1_2,D1_1,F1_2,,L1,,,
387697,L3,L3,L3,L3,L2,L1,L1,L2,L1,C1_2,D1_1,F1_2,,L2,,,
387698,L3,L3,L3,L3,L2,L1,L1,L2,L1,C1_2,D1_1,F1_2,,L3,,,
387699,L3,L3,L3,L3,L2,L1,L1,L2,L1,C1_2,D1_1,F1_3,,L1,,,
387700,L3,L3,L3,L3,L2,L1,L1,L2,L1,C1_2,D1_1,F1_3,,L2,,,
387701,L3,L3,L3,L3,L2,L1,L1,L2,L1,C1_2,D1_1,F1_3,,L3,,,
387702,L3,L3,L3,L3,L2,L1,L1,L2,L1,C1_2,D1_2,F1_1,,L1,,,
387703,L3,L3,L3,L3,L2,L1,L1,L2,L1,C1_2,D1_2,F1_1,,L2,,,
387704,L3,L3,L3,L3,L2,L1,L1,L2,L1,C1_2,D1_2,F1_1,,L3,,,
387705,L3,L3,L3,L3,L2,L1,L1,L2,L1,C1_2,D1_2,F1_2,,L1,,,
387706,L3,L3,L3,L3,L2,L1,L1,L2,L1,C1_2,D1_2,F1_2,,L2,,,
387707,L3,L3,L3,L3,L2,L1,L1,L2,L1,C1_2,D1_2,F1_2,,L3,,,
387708,L3,L3,L3,L3,L2,L1,L1,L2,L1,C1_2,D1_2,F1_3,,L1,,,
387709,L3,L3,L3,L3,L2,L1,L1,L2,L1,C1_2,D1_2,F1_3,,L2,,,
387710,L3,L3,L3,L3,L2,L1,L1,L2,L1,C1_2,D1_2,F1_3,,L3,,,
387711,L3,L3,L3,L3,L2,L1,L1,L2,L1,C1_2,D1_3,F1_1,,L1,,,
387712,L3,L3,L3,L3,L2,L1,L1,L2,L1,C1_2,D1_3,F1_1,,L2,,,
387713,L3,L3,L3,L3,L2,L1,L1,L2,L1,C1_2,D1_3,F1_1,,L3,,,
387714,L3,L3,L3,L3,L2,L1,L1,L2,L1,C1_2,D1_3,F1_2,,L1,,,
387715,L3,L3,L3,L3,L2,L1,L1,L2,L1,C1_2,D1_3,F1_2,,L2,,,
387716,L3,L3,L3,L3,L2,L1,L1,L2,L1,C1_2,D1_3,F1_2,,L3,,,
387717,L3,L3,L3,L3,L2,L1,L1,L2,L1,C1_2,D1_3,F1_3,,L1,,,
387718,L3,L3,L3,L3,L2,L1,L1,L2,L1,C1_2,D1_3,F1_3,,L2,,,
387719,L3,L3,L3,L3,L2,L1,L1,L2,L1,C1_2,D1_3,F1_3,,L3,,,
387720,L3,L3,L3,L3,L2,L1,L1,L2,L1,C1_3,D1_1,F1_1,,L1,,,
387721,L3,L3,L3,L3,L2,L1,L1,L2,L1,C1_3,D1_1,F1_1,,L2,,,
387722,L3,L3,L3,L3,L2,L1,L1,L2,L1,C1_3,D1_1,F1_1,,L3,,,
387723,L3,L3,L3,L3,L2,L1,L1,L2,L1,C1_3,D1_1,F1_2,,L1,,,
387724,L3,L3,L3,L3,L2,L1,L1,L2,L1,C1_3,D1_1,F1_2,,L2,,,
387725,L3,L3,L3,L3,L2,L1,L1,L2,L1,C1_3,D1_1,F1_2,,L3,,,
387726,L3,L3,L3,L3,L2,L1,L1,L2,L1,C1_3,D1_1,F1_3,,L1,,,
387727,L3,L3,L3,L3,L2,L1,L1,L2,L1,C1_3,D1_1,F1_3,,L2,,,
387728,L3,L3,L3,L3,L2,L1,L1,L2,L1,C1_3,D1_1,F1_3,,L3,,,
387729,L3,L3,L3,L3,L2,L1,L1,L2,L1,C1_3,D1_2,F1_1,,L1,,,
387730,L3,L3,L3,L3,L2,L1,L1,L2,L1,C1_3,D1_2,F1_1,,L2,,,
387731,L3,L3,L3,L3,L2,L1,L1,L2,L1,C1_3,D1_2,F1_1,,L3,,,
387732,L3,L3,L3,L3,L2,L1,L1,L2,L1,C1_3,D1_2,F1_2,,L1,,,
387733,L3,L3,L3,L3,L2,L1,L1,L2,L1,C1_3,D1_2,F1_2,,L2,,,
387734,L3,L3,L3,L3,L2,L1,L1,L2,L1,C1_3,D1_2,F1_2,,L3,,,
387735,L3,L3,L3,L3,L2,L1,L1,L2,L1,C1_3,D1_2,F1_3,,L1,,,
387736,L3,L3,L3,L3,L2,L1,L1,L2,L1,C1_3,D1_2,F1_3,,L2,,,
387737,L3,L3,L3,L3,L2,L1,L1,L2,L1,C1_3,D1_2,F1_3,,L3,,,
387738,L3,L3,L3,L3,L2,L1,L1,L2,L1,C1_3,D1_3,F1_1,,L1,,,
387739,L3,L3,L3,L3,L2,L1,L1,L2,L1,C1_3,D1_3,F1_1,,L2,,,
387740,L3,L3,L3,L3,L2,L1,L1,L2,L1,C1_3,D1_3,F1_1,,L3,,,
387741,L3,L3,L3,L3,L2,L1,L1,L2,L1,C1_3,D1_3,F1_2,,L1,,,
387742,L3,L3,L3,L3,L2,L1,L1,L2,L1,C1_3,D1_3,F1_2,,L2,,,
387743,L3,L3,L3,L3,L2,L1,L1,L2,L1,C1_3,D1_3,F1_2,,L3,,,
387744,L3,L3,L3,L3,L2,L1,L1,L2,L1,C1_3,D1_3,F1_3,,L1,,,
387745,L3,L3,L3,L3,L2,L1,L1,L2,L1,C1_3,D1_3,F1_3,,L2,,,
387746,L3,L3,L3,L3,L2,L1,L1,L2,L1,C1_3,D1_3,F1_3,,L3,,,
408915,L3,L3,L1,L2,L2,L1,L1,L2,L1,C1_1,D1_1,F1_1,,L1,,,
408916,L3,L3,L1,L2,L2,L1,L1,L2,L1,C1_1,D1_1,F1_1,,L2,,,
408917,L3,L3,L1,L2,L2,L1,L1,L2,L1,C1_1,D1_1,F1_1,,L3,,,
408918,L3,L3,L1,L2,L2,L1,L1,L2,L1,C1_1,D1_1,F1_2,,L1,,,
408919,L3,L3,L1,L2,L2,L1,L1,L2,L1,C1_1,D1_1,F1_2,,L2,,,
408920,L3,L3,L1,L2,L2,L1,L1,L2,L1,C1_1,D1_1,F1_2,,L3,,,
408921,L3,L3,L1,L2,L2,L1,L1,L2,L1,C1_1,D1_1,F1_3,,L1,,,
408922,L3,L3,L1,L2,L2,L1,L1,L2,L1,C1_1,D1_1,F1_3,,L2,,,
408923,L3,L3,L1,L2,L2,L1,L1,L2,L1,C1_1,D1_1,F1_3,,L3,,,
408924,L3,L3,L1,L2,L2,L1,L1,L2,L1,C1_1,D1_2,F1_1,,L1,,,
408925,L3,L3,L1,L2,L2,L1,L1,L2,L1,C1_1,D1_2,F1_1,,L2,,,
408926,L3,L3,L1,L2,L2,L1,L1,L2,L1,C1_1,D1_2,F1_1,,L3,,,
408927,L3,L3,L1,L2,L2,L1,L1,L2,L1,C1_1,D1_2,F1_2,,L1,,,
408928,L3,L3,L1,L2,L2,L1,L1,L2,L1,C1_1,D1_2,F1_2,,L2,,,
408929,L3,L3,L1,L2,L2,L1,L1,L2,L1,C1_1,D1_2,F1_2,,L3,,,
408930,L3,L3,L1,L2,L2,L1,L1,L2,L1,C1_1,D1_2,F1_3,,L1,,,
408931,L3,L3,L1,L2,L2,L1,L1,L2,L1,C1_1,D1_2,F1_3,,L2,,,
408932,L3,L3,L1,L2,L2,L1,L1,L2,L1,C1_1,D1_2,F1_3,,L3,,,
408933,L3,L3,L1,L2,L2,L1,L1,L2,L1,C1_1,D1_3,F1_1,,L1,,,
408934,L3,L3,L1,L2,L2,L1,L1,L2,L1,C1_1,D1_3,F1_1,,L2,,,
408935,L3,L3,L1,L2,L2,L1,L1,L2,L1,C1_1,D1_3,F1_1,,L3,,,
408936,L3,L3,L1,L2,L2,L1,L1,L2,L1,C1_1,D1_3,F1_2,,L1,,,
408937,L3,L3,L1,L2,L2,L1,L1,L2,L1,C1_1,D1_3,F1_2,,L2,,,
408938,L3,L3,L1,L2,L2,L1,L1,L2,L1,C1_1,D1_3,F1_2,,L3,,,
408939,L3,L3,L1,L2,L2,L1,L1,L2,L1,C1_1,D1_3,F1_3,,L1,,,
408940,L3,L3,L1,L2,L2,L1,L1,L2,L1,C1_1,D1_3,F1_3,,L2,,,
408941,L3,L3,L1,L2,L2,L1,L1,L2,L1,C1_1,D1_3,F1_3,,L3,,,
408942,L3,L3,L1,L2,L2,L1,L1,L2,L1,C1_2,D1_1,F1_1,,L1,,,
408943,L3,L3,L1,L2,L2,L1,L1,L2,L1,C1_2,D1_1,F1_1,,L2,,,
408944,L3,L3,L1,L2,L2,L1,L1,L2,L1,C1_2,D1_1,F1_1,,L3,,,
408945,L3,L3,L1,L2,L2,L1,L1,L2,L1,C1_2,D1_1,F1_2,,L1,,,
408946,L3,L3,L1,L2,L2,L1,L1,L2,L1,C1_2,D1_1,F1_2,,L2,,,
408947,L3,L3,L1,L2,L2,L1,L1,L2,L1,C1_2,D1_1,F1_2,,L3,,,
408948,L3,L3,L1,L2,L2,L1,L1,L2,L1,C1_2,D1_1,F1_3,,L1,,,
408949,L3,L3,L1,L2,L2,L1,L1,L2,L1,C1_2,D1_1,F1_3,,L2,,,
408950,L3,L3,L1,L2,L2,L1,L1,L2,L1,C1_2,D1_1,F1_3,,L3,,,
408951,L3,L3,L1,L2,L2,L1,L1,L2,L1,C1_2,D1_2,F1_1,,L1,,,
408952,L3,L3,L1,L2,L2,L1,L1,L2,L1,C1_2,D1_2,F1_1,,L2,,,
408953,L3,L3,L1,L2,L2,L1,L1,L2,L1,C1_2,D1_2,F1_1,,L3,,,
408954,L3,L3,L1,L2,L2,L1,L1,L2,L1,C1_2,D1_2,F1_2,,L1,,,
408955,L3,L3,L1,L2,L2,L1,L1,L2,L1,C1_2,D1_2,F1_2,,L2,,,
408956,L3,L3,L1,L2,L2,L1,L1,L2,L1,C1_2,D1_2,F1_2,,L3,,,
408957,L3,L3,L1,L2,L2,L1,L1,L2,L1,C1_2,D1_2,F1_3,,L1,,,
408958,L3,L3,L1,L2,L2,L1,L1,L2,L1,C1_2,D1_2,F1_3,,L2,,,
408959,L3,L3,L1,L2,L2,L1,L1,L2,L1,C1_2,D1_2,F1_3,,L3,,,
408960,L3,L3,L1,L2,L2,L1,L1,L2,L1,C1_2,D1_3,F1_1,,L1,,,
408961,L3,L3,L1,L2,L2,L1,L1,L2,L1,C1_2,D1_3,F1_1,,L2,,,
408962,L3,L3,L1,L2,L2,L1,L1,L2,L1,C1_2,D1_3,F1_1,,L3,,,
408963,L3,L3,L1,L2,L2,L1,L1,L2,L1,C1_2,D1_3,F1_2,,L1,,,
408964,L3,L3,L1,L2,L2,L1,L1,L2,L1,C1_2,D1_3,F1_2,,L2,,,
408965,L3,L3,L1,L2,L2,L1,L1,L2,L1,C1_2,D1_3,F1_2,,L3,,,
408966,L3,L3,L1,L2,L2,L1,L1,L2,L1,C1_2,D1_3,F1_3,,L1,,,
408967,L3,L3,L1,L2,L2,L1,L1,L2,L1,C1_2,D1_3,F1_3,,L2,,,
408968,L3,L3,L1,L2,L2,L1,L1,L2,L1,C1_2,D1_3,F1_3,,L3,,,
408969,L3,L3,L1,L2,L2,L1,L1,L2,L1,C1_3,D1_1,F1_1,,L1,,,
408970,L3,L3,L1,L2,L2,L1,L1,L2,L1,C1_3,D1_1,F1_1,,L2,,,
408971,L3,L3,L1,L2,L2,L1,L1,L2,L1,C1_3,D1_1,F1_1,,L3,,,
408972,L3,L3,L1,L2,L2,L1,L1,L2,L1,C1_3,D1_1,F1_2,,L1,,,
408973,L3,L3,L1,L2,L2,L1,L1,L2,L1,C1_3,D1_1,F1_2,,L2,,,
408974,L3,L3,L1,L2,L2,L1,L1,L2,L1,C1_3,D1_1,F1_2,,L3,,,
408975,L3,L3,L1,L2,L2,L1,L1,L2,L1,C1_3,D1_1,F1_3,,L1,,,
408976,L3,L3,L1,L2,L2,L1,L1,L2,L1,C1_3,D1_1,F1_3,,L2,,,
408977,L3,L3,L1,L2,L2,L1,L1,L2,L1,C1_3,D1_1,F1_3,,L3,,,
408978,L3,L3,L1,L2,L2,L1,L1,L2,L1,C1_3,D1_2,F1_1,,L1,,,
408979,L3,L3,L1,L2,L2,L1,L1,L2,L1,C1_3,D1_2,F1_1,,L2,,,
408980,L3,L3,L1,L2,L2,L1,L1,L2,L1,C1_3,D1_2,F1_1,,L3,,,
408981,L3,L3,L1,L2,L2,L1,L1,L2,L1,C1_3,D1_2,F1_2,,L1,,,
408982,L3,L3,L1,L2,L2,L1,L1,L2,L1,C1_3,D1_2,F1_2,,L2,,,
408983,L3,L3,L1,L2,L2,L1,L1,L2,L1,C1_3,D1_2,F1_2,,L3,,,
408984,L3,L3,L1,L2,L2,L1,L1,L2,L1,C1_3,D1_2,F1_3,,L1,,,
408985,L3,L3,L1,L2,L2,L1,L1,L2,L1,C1_3,D1_2,F1_3,,L2,,,
408986,L3,L3,L1,L2,L2,L1,L1,L2,L1,C1_3,D1_2,F1_3,,L3,,,
408987,L3,L3,L1,L2,L2,L1,L1,L2,L1,C1_3,D1_3,F1_1,,L1,,,
408988,L3,L3,L1,L2,L2,L1,L1,L2,L1,C1_3,D1_3,F1_1,,L2,,,
408989,L3,L3,L1,L2,L2,L1,L1,L2,L1,C1_3,D1_3,F1_1,,L3,,,
408990,L3,L3,L1,L2,L2,L1,L1,L2,L1,C1_3,D1_3,F1_2,,L1,,,
408991,L3,L3,L1,L2,L2,L1,L1,L2,L1,C1_3,D1_3,F1_2,,L2,,,
408992,L3,L3,L1,L2,L2,L1,L1,L2,L1,C1_3,D1_3,F1_2,,L3,,,
408993,L3,L3,L1,L2,L2,L1,L1,L2,L1,C1_3,D1_3,F1_3,,L1,,,
408994,L3,L3,L1,L2,L2,L1,L1,L2,L1,C1_3,D1_3,F1_3,,L2,,,
408995,L3,L3,L1,L2,L2,L1,L1,L2,L1,C1_3,D1_3,F1_3,,L3,,,
418230,L1,L1,L1,L3,L1,L1,L1,L2,L1,C1_1,D1_1,F1_1,,L1,,,
418231,L1,L1,L1,L3,L1,L1,L1,L2,L1,C1_1,D1_1,F1_1,,L2,,,
418232,L1,L1,L1,L3,L1,L1,L1,L2,L1,C1_1,D1_1,F1_1,,L3,,,
418233,L1,L1,L1,L3,L1,L1,L1,L2,L1,C1_1,D1_1,F1_2,,L1,,,
418234,L1,L1,L1,L3,L1,L1,L1,L2,L1,C1_1,D1_1,F1_2,,L2,,,
418235,L1,L1,L1,L3,L1,L1,L1,L2,L1,C1_1,D1_1,F1_2,,L3,,,
418236,L1,L1,L1,L3,L1,L1,L1,L2,L1,C1_1,D1_1,F1_3,,L1,,,
418237,L1,L1,L1,L3,L1,L1,L1,L2,L1,C1_1,D1_1,F1_3,,L2,,,
418238,L1,L1,L1,L3,L1,L1,L1,L2,L1,C1_1,D1_1,F1_3,,L3,,,
418239,L1,L1,L1,L3,L1,L1,L1,L2,L1,C1_1,D1_2,F1_1,,L1,,,
418240,L1,L1,L1,L3,L1,L1,L1,L2,L1,C1_1,D1_2,F1_1,,L2,,,
418241,L1,L1,L1,L3,L1,L1,L1,L2,L1,C1_1,D1_2,F1_1,,L3,,,
418242,L1,L1,L1,L3,L1,L1,L1,L2,L1,C1_1,D1_2,F1_2,,L1,,,
418243,L1,L1,L1,L3,L1,L1,L1,L2,L1,C1_1,D1_2,F1_2,,L2,,,
418244,L1,L1,L1,L3,L1,L1,L1,L2,L1,C1_1,D1_2,F1_2,,L3,,,
418245,L1,L1,L1,L3,L1,L1,L1,L2,L1,C1_1,D1_2,F1_3,,L1,,,
418246,L1,L1,L1,L3,L1,L1,L1,L2,L1,C1_1,D1_2,F1_3,,L2,,,
418247,L1,L1,L1,L3,L1,L1,L1,L2,L1,C1_1,D1_2,F1_3,,L3,,,
418248,L1,L1,L1,L3,L1,L1,L1,L2,L1,C1_1,D1_3,F1_1,,L1,,,
418249,L1,L1,L1,L3,L1,L1,L1,L2,L1,C1_1,D1_3,F1_1,,L2,,,
418250,L1,L1,L1,L3,L1,L1,L1,L2,L1,C1_1,D1_3,F1_1,,L3,,,
418251,L1,L1,L1,L3,L1,L1,L1,L2,L1,C1_1,D1_3,F1_2,,L1,,,
418252,L1,L1,L1,L3,L1,L1,L1,L2,L1,C1_1,D1_3,F1_2,,L2,,,
418253,L1,L1,L1,L3,L1,L1,L1,L2,L1,C1_1,D1_3,F1_2,,L3,,,
418254,L1,L1,L1,L3,L1,L1,L1,L2,L1,C1_1,D1_3,F1_3,,L1,,,
418255,L1,L1,L1,L3,L1,L1,L1,L2,L1,C1_1,D1_3,F1_3,,L2,,,
418256,L1,L1,L1,L3,L1,L1,L1,L2,L1,C1_1,D1_3,F1_3,,L3,,,
418257,L1,L1,L1,L3,L1,L1,L1,L2,L1,C1_2,D1_1,F1_1,,L1,,,
418258,L1,L1,L1,L3,L1,L1,L1,L2,L1,C1_2,D1_1,F1_1,,L2,,,
418259,L1,L1,L1,L3,L1,L1,L1,L2,L1,C1_2,D1_1,F1_1,,L3,,,
418260,L1,L1,L1,L3,L1,L1,L1,L2,L1,C1_2,D1_1,F1_2,,L1,,,
418261,L1,L1,L1,L3,L1,L1,L1,L2,L1,C1_2,D1_1,F1_2,,L2,,,
418262,L1,L1,L1,L3,L1,L1,L1,L2,L1,C1_2,D1_1,F1_2,,L3,,,
418263,L1,L1,L1,L3,L1,L1,L1,L2,L1,C1_2,D1_1,F1_3,,L1,,,
418264,L1,L1,L1,L3,L1,L1,L1,L2,L1,C1_2,D1_1,F1_3,,L2,,,
418265,L1,L1,L1,L3,L1,L1,L1,L2,L1,C1_2,D1_1,F1_3,,L3,,,
418266,L1,L1,L1,L3,L1,L1,L1,L2,L1,C1_2,D1_2,F1_1,,L1,,,
418267,L1,L1,L1,L3,L1,L1,L1,L2,L1,C1_2,D1_2,F1_1,,L2,,,
418268,L1,L1,L1,L3,L1,L1,L1,L2,L1,C1_2,D1_2,F1_1,,L3,,,
418269,L1,L1,L1,L3,L1,L1,L1,L2,L1,C1_2,D1_2,F1_2,,L1,,,
418270,L1,L1,L1,L3,L1,L1,L1,L2,L1,C1_2,D1_2,F1_2,,L2,,,
418271,L1,L1,L1,L3,L1,L1,L1,L2,L1,C1_2,D1_2,F1_2,,L3,,,
418272,L1,L1,L1,L3,L1,L1,L1,L2,L1,C1_2,D1_2,F1_3,,L1,,,
418273,L1,L1,L1,L3,L1,L1,L1,L2,L1,C1_2,D1_2,F1_3,,L2,,,
418274,L1,L1,L1,L3,L1,L1,L1,L2,L1,C1_2,D1_2,F1_3,,L3,,,
418275,L1,L1,L1,L3,L1,L1,L1,L2,L1,C1_2,D1_3,F1_1,,L1,,,
418276,L1,L1,L1,L3,L1,L1,L1,L2,L1,C1_2,D1_3,F1_1,,L2,,,
418277,L1,L1,L1,L3,L1,L1,L1,L2,L1,C1_2,D1_3,F1_1,,L3,,,
418278,L1,L1,L1,L3,L1,L1,L1,L2,L1,C1_2,D1_3,F1_2,,L1,,,
418279,L1,L1,L1,L3,L1,L1,L1,L2,L1,C1_2,D1_3,F1_2,,L2,,,
418280,L1,L1,L1,L3,L1,L1,L1,L2,L1,C1_2,D1_3,F1_2,,L3,,,
418281,L1,L1,L1,L3,L1,L1,L1,L2,L1,C1_2,D1_3,F1_3,,L1,,,
418282,L1,L1,L1,L3,L1,L1,L1,L2,L1,C1_2,D1_3,F1_3,,L2,,,
418283,L1,L1,L1,L3,L1,L1,L1,L2,L1,C1_2,D1_3,F1_3,,L3,,,
418284,L1,L1,L1,L3,L1,L1,L1,L2,L1,C1_3,D1_1,F1_1,,L1,,,
418285,L1,L1,L1,L3,L1,L1,L1,L2,L1,C1_3,D1_1,F1_1,,L2,,,
418286,L1,L1,L1,L3,L1,L1,L1,L2,L1,C1_3,D1_1,F1_1,,L3,,,
418287,L1,L1,L1,L3,L1,L1,L1,L2,L1,C1_3,D1_1,F1_2,,L1,,,
418288,L1,L1,L1,L3,L1,L1,L1,L2,L1,C1_3,D1_1,F1_2,,L2,,,
418289,L1,L1,L1,L3,L1,L1,L1,L2,L1,C1_3,D1_1,F1_2,,L3,,,
418290,L1,L1,L1,L3,L1,L1,L1,L2,L1,C1_3,D1_1,F1_3,,L1,,,
418291,L1,L1,L1,L3,L1,L1,L1,L2,L1,C1_3,D1_1,F1_3,,L2,,,
418292,L1,L1,L1,L3,L1,L1,L1,L2,L1,C1_3,D1_1,F1_3,,L3,,,
418293,L1,L1,L1,L3,L1,L1,L1,L2,L1,C1_3,D1_2,F1_1,,L1,,,
418294,L1,L1,L1,L3,L1,L1,L1,L2,L1,C1_3,D1_2,F1_1,,L2,,,
418295,L1,L1,L1,L3,L1,L1,L1,L2,L1,C1_3,D1_2,F1_1,,L3,,,
418296,L1,L1,L1,L3,L1,L1,L1,L2,L1,C1_3,D1_2,F1_2,,L1,,,
418297,L1,L1,L1,L3,L1,L1,L1,L2,L1,C1_3,D1_2,F1_2,,L2,,,
418298,L1,L1,L1,L3,L1,L1,L1,L2,L1,C1_3,D1_2,F1_2,,L3,,,
418299,L1,L1,L1,L3,L1,L1,L1,L2,L1,C1_3,D1_2,F1_3,,L1,,,
418300,L1,L1,L1,L3,L1,L1,L1,L2,L1,C1_3,D1_2,F1_3,,L2,,,
418301,L1,L1,L1,L3,L1,L1,L1,L2,L1,C1_3,D1_2,F1_3,,L3,,,
418302,L1,L1,L1,L3,L1,L1,L1,L2,L1,C1_3,D1_3,F1_1,,L1,,,
418303,L1,L1,L1,L3,L1,L1,L1,L2,L1,C1_3,D1_3,F1_1,,L2,,,
418304,L1,L1,L1,L3,L1,L1,L1,L2,L1,C1_3,D1_3,F1_1,,L3,,,
418305,L1,L1,L1,L3,L1,L1,L1,L2,L1,C1_3,D1_3,F1_2,,L1,,,
418306,L1,L1,L1,L3,L1,L1,L1,L2,L1,C1_3,D1_3,F1_2,,L2,,,
418307,L1,L1,L1,L3,L1,L1,L1,L2,L1,C1_3,D1_3,F1_2,,L3,,,
418308,L1,L1,L1,L3,L1,L1,L1,L2,L1,C1_3,D1_3,F1_3,,L1,,,
418309,L1,L1,L1,L3,L1,L1,L1,L2,L1,C1_3,D1_3,F1_3,,L2,,,
418310,L1,L1,L1,L3,L1,L1,L1,L2,L1,C1_3,D1_3,F1_3,,L3,,,
418419,L1,L3,L1,L2,L3,L1,L1,L2,L1,C1_1,D1_1,F1_1,,L1,,,
418420,L1,L3,L1,L2,L3,L1,L1,L2,L1,C1_1,D1_1,F1_1,,L2,,,
418421,L1,L3,L1,L2,L3,L1,L1,L2,L1,C1_1,D1_1,F1_1,,L3,,,
418422,L1,L3,L1,L2,L3,L1,L1,L2,L1,C1_1,D1_1,F1_2,,L1,,,
418423,L1,L3,L1,L2,L3,L1,L1,L2,L1,C1_1,D1_1,F1_2,,L2,,,
418424,L1,L3,L1,L2,L3,L1,L1,L2,L1,C1_1,D1_1,F1_2,,L3,,,
418425,L1,L3,L1,L2,L3,L1,L1,L2,L1,C1_1,D1_1,F1_3,,L1,,,
418426,L1,L3,L1,L2,L3,L1,L1,L2,L1,C1_1,D1_1,F1_3,,L2,,,
418427,L1,L3,L1,L2,L3,L1,L1,L2,L1,C1_1,D1_1,F1_3,,L3,,,
418428,L1,L3,L1,L2,L3,L1,L1,L2,L1,C1_1,D1_2,F1_1,,L1,,,
418429,L1,L3,L1,L2,L3,L1,L1,L2,L1,C1_1,D1_2,F1_1,,L2,,,
418430,L1,L3,L1,L2,L3,L1,L1,L2,L1,C1_1,D1_2,F1_1,,L3,,,
418431,L1,L3,L1,L2,L3,L1,L1,L2,L1,C1_1,D1_2,F1_2,,L1,,,
418432,L1,L3,L1,L2,L3,L1,L1,L2,L1,C1_1,D1_2,F1_2,,L2,,,
418433,L1,L3,L1,L2,L3,L1,L1,L2,L1,C1_1,D1_2,F1_2,,L3,,,
418434,L1,L3,L1,L2,L3,L1,L1,L2,L1,C1_1,D1_2,F1_3,,L1,,,
418435,L1,L3,L1,L2,L3,L1,L1,L2,L1,C1_1,D1_2,F1_3,,L2,,,
418436,L1,L3,L1,L2,L3,L1,L1,L2,L1,C1_1,D1_2,F1_3,,L3,,,
418437,L1,L3,L1,L2,L3,L1,L1,L2,L1,C1_1,D1_3,F1_1,,L1,,,
418438,L1,L3,L1,L2,L3,L1,L1,L2,L1,C1_1,D1_3,F1_1,,L2,,,
418439,L1,L3,L1,L2,L3,L1,L1,L2,L1,C1_1,D1_3,F1_1,,L3,,,
418440,L1,L3,L1,L2,L3,L1,L1,L2,L1,C1_1,D1_3,F1_2,,L1,,,
418441,L1,L3,L1,L2,L3,L1,L1,L2,L1,C1_1,D1_3,F1_2,,L2,,,
418442,L1,L3,L1,L2,L3,L1,L1,L2,L1,C1_1,D1_3,F1_2,,L3,,,
418443,L1,L3,L1,L2,L3,L1,L1,L2,L1,C1_1,D1_3,F1_3,,L1,,,
418444,L1,L3,L1,L2,L3,L1,L1,L2,L1,C1_1,D1_3,F1_3,,L2,,,
418445,L1,L3,L1,L2,L3,L1,L1,L2,L1,C1_1,D1_3,F1_3,,L3,,,
418446,L1,L3,L1,L2,L3,L1,L1,L2,L1,C1_2,D1_1,F1_1,,L1,,,
418447,L1,L3,L1,L2,L3,L1,L1,L2,L1,C1_2,D1_1,F1_1,,L2,,,
418448,L1,L3,L1,L2,L3,L1,L1,L2,L1,C1_2,D1_1,F1_1,,L3,,,
418449,L1,L3,L1,L2,L3,L1,L1,L2,L1,C1_2,D1_1,F1_2,,L1,,,
418450,L1,L3,L1,L2,L3,L1,L1,L2,L1,C1_2,D1_1,F1_2,,L2,,,
418451,L1,L3,L1,L2,L3,L1,L1,L2,L1,C1_2,D1_1,F1_2,,L3,,,
418452,L1,L3,L1,L2,L3,L1,L1,L2,L1,C1_2,D1_1,F1_3,,L1,,,
418453,L1,L3,L1,L2,L3,L1,L1,L2,L1,C1_2,D1_1,F1_3,,L2,,,
418454,L1,L3,L1,L2,L3,L1,L1,L2,L1,C1_2,D1_1,F1_3,,L3,,,
418455,L1,L3,L1,L2,L3,L1,L1,L2,L1,C1_2,D1_2,F1_1,,L1,,,
418456,L1,L3,L1,L2,L3,L1,L1,L2,L1,C1_2,D1_2,F1_1,,L2,,,
418457,L1,L3,L1,L2,L3,L1,L1,L2,L1,C1_2,D1_2,F1_1,,L3,,,
418458,L1,L3,L1,L2,L3,L1,L1,L2,L1,C1_2,D1_2,F1_2,,L1,,,
418459,L1,L3,L1,L2,L3,L1,L1,L2,L1,C1_2,D1_2,F1_2,,L2,,,
418460,L1,L3,L1,L2,L3,L1,L1,L2,L1,C1_2,D1_2,F1_2,,L3,,,
418461,L1,L3,L1,L2,L3,L1,L1,L2,L1,C1_2,D1_2,F1_3,,L1,,,
418462,L1,L3,L1,L2,L3,L1,L1,L2,L1,C1_2,D1_2,F1_3,,L2,,,
418463,L1,L3,L1,L2,L3,L1,L1,L2,L1,C1_2,D1_2,F1_3,,L3,,,
418464,L1,L3,L1,L2,L3,L1,L1,L2,L1,C1_2,D1_3,F1_1,,L1,,,
418465,L1,L3,L1,L2,L3,L1,L1,L2,L1,C1_2,D1_3,F1_1,,L2,,,
418466,L1,L3,L1,L2,L3,L1,L1,L2,L1,C1_2,D1_3,F1_1,,L3,,,
418467,L1,L3,L1,L2,L3,L1,L1,L2,L1,C1_2,D1_3,F1_2,,L1,,,
418468,L1,L3,L1,L2,L3,L1,L1,L2,L1,C1_2,D1_3,F1_2,,L2,,,
418469,L1,L3,L1,L2,L3,L1,L1,L2,L1,C1_2,D1_3,F1_2,,L3,,,
418470,L1,L3,L1,L2,L3,L1,L1,L2,L1,C1_2,D1_3,F1_3,,L1,,,
418471,L1,L3,L1,L2,L3,L1,L1,L2,L1,C1_2,D1_3,F1_3,,L2,,,
418472,L1,L3,L1,L2,L3,L1,L1,L2,L1,C1_2,D1_3,F1_3,,L3,,,
418473,L1,L3,L1,L2,L3,L1,L1,L2,L1,C1_3,D1_1,F1_1,,L1,,,
418474,L1,L3,L1,L2,L3,L1,L1,L2,L1,C1_3,D1_1,F1_1,,L2,,,
418475,L1,L3,L1,L2,L3,L1,L1,L2,L1,C1_3,D1_1,F1_1,,L3,,,
418476,L1,L3,L1,L2,L3,L1,L1,L2,L1,C1_3,D1_1,F1_2,,L1,,,
418477,L1,L3,L1,L2,L3,L1,L1,L2,L1,C1_3,D1_1,F1_2,,L2,,,
418478,L1,L3,L1,L2,L3,L1,L1,L2,L1,C1_3,D1_1,F1_2,,L3,,,
418479,L1,L3,L1,L2,L3,L1,L1,L2,L1,C1_3,D1_1,F1_3,,L1,,,
418480,L1,L3,L1,L2,L3,L1,L1,L2,L1,C1_3,D1_1,F1_3,,L2,,,
418481,L1,L3,L1,L2,L3,L1,L1,L2,L1,C1_3,D1_1,F1_3,,L3,,,
418482,L1,L3,L1,L2,L3,L1,L1,L2,L1,C1_3,D1_2,F1_1,,L1,,,
418483,L1,L3,L1,L2,L3,L1,L1,L2,L1,C1_3,D1_2,F1_1,,L2,,,
418484,L1,L3,L1,L2,L3,L1,L1,L2,L1,C1_3,D1_2,F1_1,,L3,,,
418485,L1,L3,L1,L2,L3,L1,L1,L2,L1,C1_3,D1_2,F1_2,,L1,,,
418486,L1,L3,L1,L2,L3,L1,L1,L2,L1,C1_3,D1_2,F1_2,,L2,,,
418487,L1,L3,L1,L2,L3,L1,L1,L2,L1,C1_3,D1_2,F1_2,,L3,,,
418488,L1,L3,L1,L2,L3,L1,L1,L2,L1,C1_3,D1_2,F1_3,,L1,,,
418489,L1,L3,L1,L2,L3,L1,L1,L2,L1,C1_3,D1_2,F1_3,,L2,,,
418490,L1,L3,L1,L2,L3,L1,L1,L2,L1,C1_3,D1_2,F1_3,,L3,,,
418491,L1,L3,L1,L2,L3,L1,L1,L2,L1,C1_3,D1_3,F1_1,,L1,,,
418492,L1,L3,L1,L2,L3,L1,L1,L2,L1,C1_3,D1_3,F1_1,,L2,,,
418493,L1,L3,L1,L2,L3,L1,L1,L2,L1,C1_3,D1_3,F1_1,,L3,,,
418494,L1,L3,L1,L2,L3,L1,L1,L2,L1,C1_3,D1_3,F1_2,,L1,,,
418495,L1,L3,L1,L2,L3,L1,L1,L2,L1,C1_3,D1_3,F1_2,,L2,,,
418496,L1,L3,L1,L2,L3,L1,L1,L2,L1,C1_3,D1_3,F1_2,,L3,,,
418497,L1,L3,L1,L2,L3,L1,L1,L2,L1,C1_3,D1_3,F1_3,,L1,,,
418498,L1,L3,L1,L2,L3,L1,L1,L2,L1,C1_3,D1_3,F1_3,,L2,,,
418499,L1,L3,L1,L2,L3,L1,L1,L2,L1,C1_3,D1_3,F1_3,,L3,,,
448470,L3,L1,L1,L1,L2,L1,L1,L2,L1,C1_1,D1_1,F1_1,,L1,,,
448471,L3,L1,L1,L1,L2,L1,L1,L2,L1,C1_1,D1_1,F1_1,,L2,,,
448472,L3,L1,L1,L1,L2,L1,L1,L2,L1,C1_1,D1_1,F1_1,,L3,,,
448473,L3,L1,L1,L1,L2,L1,L1,L2,L1,C1_1,D1_1,F1_2,,L1,,,
448474,L3,L1,L1,L1,L2,L1,L1,L2,L1,C1_1,D1_1,F1_2,,L2,,,
448475,L3,L1,L1,L1,L2,L1,L1,L2,L1,C1_1,D1_1,F1_2,,L3,,,
448476,L3,L1,L1,L1,L2,L1,L1,L2,L1,C1_1,D1_1,F1_3,,L1,,,
448477,L3,L1,L1,L1,L2,L1,L1,L2,L1,C1_1,D1_1,F1_3,,L2,,,
448478,L3,L1,L1,L1,L2,L1,L1,L2,L1,C1_1,D1_1,F1_3,,L3,,,
448479,L3,L1,L1,L1,L2,L1,L1,L2,L1,C1_1,D1_2,F1_1,,L1,,,
448480,L3,L1,L1,L1,L2,L1,L1,L2,L1,C1_1,D1_2,F1_1,,L2,,,
448481,L3,L1,L1,L1,L2,L1,L1,L2,L1,C1_1,D1_2,F1_1,,L3,,,
448482,L3,L1,L1,L1,L2,L1,L1,L2,L1,C1_1,D1_2,F1_2,,L1,,,
448483,L3,L1,L1,L1,L2,L1,L1,L2,L1,C1_1,D1_2,F1_2,,L2,,,
448484,L3,L1,L1,L1,L2,L1,L1,L2,L1,C1_1,D1_2,F1_2,,L3,,,
448485,L3,L1,L1,L1,L2,L1,L1,L2,L1,C1_1,D1_2,F1_3,,L1,,,
448486,L3,L1,L1,L1,L2,L1,L1,L2,L1,C1_1,D1_2,F1_3,,L2,,,
448487,L3,L1,L1,L1,L2,L1,L1,L2,L1,C1_1,D1_2,F1_3,,L3,,,
448488,L3,L1,L1,L1,L2,L1,L1,L2,L1,C1_1,D1_3,F1_1,,L1,,,
448489,L3,L1,L1,L1,L2,L1,L1,L2,L1,C1_1,D1_3,F1_1,,L2,,,
448490,L3,L1,L1,L1,L2,L1,L1,L2,L1,C1_1,D1_3,F1_1,,L3,,,
448491,L3,L1,L1,L1,L2,L1,L1,L2,L1,C1_1,D1_3,F1_2,,L1,,,
448492,L3,L1,L1,L1,L2,L1,L1,L2,L1,C1_1,D1_3,F1_2,,L2,,,
448493,L3,L1,L1,L1,L2,L1,L1,L2,L1,C1_1,D1_3,F1_2,,L3,,,
448494,L3,L1,L1,L1,L2,L1,L1,L2,L1,C1_1,D1_3,F1_3,,L1,,,
448495,L3,L1,L1,L1,L2,L1,L1,L2,L1,C1_1,D1_3,F1_3,,L2,,,
448496,L3,L1,L1,L1,L2,L1,L1,L2,L1,C1_1,D1_3,F1_3,,L3,,,
448497,L3,L1,L1,L1,L2,L1,L1,L2,L1,C1_2,D1_1,F1_1,,L1,,,
448498,L3,L1,L1,L1,L2,L1,L1,L2,L1,C1_2,D1_1,F1_1,,L2,,,
448499,L3,L1,L1,L1,L2,L1,L1,L2,L1,C1_2,D1_1,F1_1,,L3,,,
448500,L3,L1,L1,L1,L2,L1,L1,L2,L1,C1_2,D1_1,F1_2,,L1,,,
448501,L3,L1,L1,L1,L2,L1,L1,L2,L1,C1_2,D1_1,F1_2,,L2,,,
448502,L3,L1,L1,L1,L2,L1,L1,L2,L1,C1_2,D1_1,F1_2,,L3,,,
448503,L3,L1,L1,L1,L2,L1,L1,L2,L1,C1_2,D1_1,F1_3,,L1,,,
448504,L3,L1,L1,L1,L2,L1,L1,L2,L1,C1_2,D1_1,F1_3,,L2,,,
448505,L3,L1,L1,L1,L2,L1,L1,L2,L1,C1_2,D1_1,F1_3,,L3,,,
448506,L3,L1,L1,L1,L2,L1,L1,L2,L1,C1_2,D1_2,F1_1,,L1,,,
448507,L3,L1,L1,L1,L2,L1,L1,L2,L1,C1_2,D1_2,F1_1,,L2,,,
448508,L3,L1,L1,L1,L2,L1,L1,L2,L1,C1_2,D1_2,F1_1,,L3,,,
448509,L3,L1,L1,L1,L2,L1,L1,L2,L1,C1_2,D1_2,F1_2,,L1,,,
448510,L3,L1,L1,L1,L2,L1,L1,L2,L1,C1_2,D1_2,F1_2,,L2,,,
448511,L3,L1,L1,L1,L2,L1,L1,L2,L1,C1_2,D1_2,F1_2,,L3,,,
448512,L3,L1,L1,L1,L2,L1,L1,L2,L1,C1_2,D1_2,F1_3,,L1,,,
448513,L3,L1,L1,L1,L2,L1,L1,L2,L1,C1_2,D1_2,F1_3,,L2,,,
448514,L3,L1,L1,L1,L2,L1,L1,L2,L1,C1_2,D1_2,F1_3,,L3,,,
448515,L3,L1,L1,L1,L2,L1,L1,L2,L1,C1_2,D1_3,F1_1,,L1,,,
448516,L3,L1,L1,L1,L2,L1,L1,L2,L1,C1_2,D1_3,F1_1,,L2,,,
448517,L3,L1,L1,L1,L2,L1,L1,L2,L1,C1_2,D1_3,F1_1,,L3,,,
448518,L3,L1,L1,L1,L2,L1,L1,L2,L1,C1_2,D1_3,F1_2,,L1,,,
448519,L3,L1,L1,L1,L2,L1,L1,L2,L1,C1_2,D1_3,F1_2,,L2,,,
448520,L3,L1,L1,L1,L2,L1,L1,L2,L1,C1_2,D1_3,F1_2,,L3,,,
448521,L3,L1,L1,L1,L2,L1,L1,L2,L1,C1_2,D1_3,F1_3,,L1,,,
448522,L3,L1,L1,L1,L2,L1,L1,L2,L1,C1_2,D1_3,F1_3,,L2,,,
448523,L3,L1,L1,L1,L2,L1,L1,L2,L1,C1_2,D1_3,F1_3,,L3,,,
448524,L3,L1,L1,L1,L2,L1,L1,L2,L1,C1_3,D1_1,F1_1,,L1,,,
448525,L3,L1,L1,L1,L2,L1,L1,L2,L1,C1_3,D1_1,F1_1,,L2,,,
448526,L3,L1,L1,L1,L2,L1,L1,L2,L1,C1_3,D1_1,F1_1,,L3,,,
448527,L3,L1,L1,L1,L2,L1,L1,L2,L1,C1_3,D1_1,F1_2,,L1,,,
448528,L3,L1,L1,L1,L2,L1,L1,L2,L1,C1_3,D1_1,F1_2,,L2,,,
448529,L3,L1,L1,L1,L2,L1,L1,L2,L1,C1_3,D1_1,F1_2,,L3,,,
448530,L3,L1,L1,L1,L2,L1,L1,L2,L1,C1_3,D1_1,F1_3,,L1,,,
448531,L3,L1,L1,L1,L2,L1,L1,L2,L1,C1_3,D1_1,F1_3,,L2,,,
448532,L3,L1,L1,L1,L2,L1,L1,L2,L1,C1_3,D1_1,F1_3,,L3,,,
448533,L3,L1,L1,L1,L2,L1,L1,L2,L1,C1_3,D1_2,F1_1,,L1,,,
448534,L3,L1,L1,L1,L2,L1,L1,L2,L1,C1_3,D1_2,F1_1,,L2,,,
448535,L3,L1,L1,L1,L2,L1,L1,L2,L1,C1_3,D1_2,F1_1,,L3,,,
448536,L3,L1,L1,L1,L2,L1,L1,L2,L1,C1_3,D1_2,F1_2,,L1,,,
448537,L3,L1,L1,L1,L2,L1,L1,L2,L1,C1_3,D1_2,F1_2,,L2,,,
448538,L3,L1,L1,L1,L2,L1,L1,L2,L1,C1_3,D1_2,F1_2,,L3,,,
448539,L3,L1,L1,L1,L2,L1,L1,L2,L1,C1_3,D1_2,F1_3,,L1,,,
448540,L3,L1,L1,L1,L2,L1,L1,L2,L1,C1_3,D1_2,F1_3,,L2,,,
448541,L3,L1,L1,L1,L2,L1,L1,L2,L1,C1_3,D1_2,F1_3,,L3,,,
448542,L3,L1,L1,L1,L2,L1,L1,L2,L1,C1_3,D1_3,F1_1,,L1,,,
448543,L3,L1,L1,L1,L2,L1,L1,L2,L1,C1_3,D1_3,F1_1,,L2,,,
448544,L3,L1,L1,L1,L2,L1,L1,L2,L1,C1_3,D1_3,F1_1,,L3,,,
448545,L3,L1,L1,L1,L2,L1,L1,L2,L1,C1_3,D1_3,F1_2,,L1,,,
448546,L3,L1,L1,L1,L2,L1,L1,L2,L1,C1_3,D1_3,F1_2,,L2,,,
448547,L3,L1,L1,L1,L2,L1,L1,L2,L1,C1_3,D1_3,F1_2,,L3,,,
448548,L3,L1,L1,L1,L2,L1,L1,L2,L1,C1_3,D1_3,F1_3,,L1,,,
448549,L3,L1,L1,L1,L2,L1,L1,L2,L1,C1_3,D1_3,F1_3,,L2,,,
448550,L3,L1,L1,L1,L2,L1,L1,L2,L1,C1_3,D1_3,F1_3,,L3,,,
456327,L2,L3,L2,L3,L3,L1,L1,L2,L1,C1_1,D1_1,F1_1,,L1,,,
456328,L2,L3,L2,L3,L3,L1,L1,L2,L1,C1_1,D1_1,F1_1,,L2,,,
456329,L2,L3,L2,L3,L3,L1,L1,L2,L1,C1_1,D1_1,F1_1,,L3,,,
456330,L2,L3,L2,L3,L3,L1,L1,L2,L1,C1_1,D1_1,F1_2,,L1,,,
456331,L2,L3,L2,L3,L3,L1,L1,L2,L1,C1_1,D1_1,F1_2,,L2,,,
456332,L2,L3,L2,L3,L3,L1,L1,L2,L1,C1_1,D1_1,F1_2,,L3,,,
456333,L2,L3,L2,L3,L3,L1,L1,L2,L1,C1_1,D1_1,F1_3,,L1,,,
456334,L2,L3,L2,L3,L3,L1,L1,L2,L1,C1_1,D1_1,F1_3,,L2,,,
456335,L2,L3,L2,L3,L3,L1,L1,L2,L1,C1_1,D1_1,F1_3,,L3,,,
456336,L2,L3,L2,L3,L3,L1,L1,L2,L1,C1_1,D1_2,F1_1,,L1,,,
456337,L2,L3,L2,L3,L3,L1,L1,L2,L1,C1_1,D1_2,F1_1,,L2,,,
456338,L2,L3,L2,L3,L3,L1,L1,L2,L1,C1_1,D1_2,F1_1,,L3,,,
456339,L2,L3,L2,L3,L3,L1,L1,L2,L1,C1_1,D1_2,F1_2,,L1,,,
456340,L2,L3,L2,L3,L3,L1,L1,L2,L1,C1_1,D1_2,F1_2,,L2,,,
456341,L2,L3,L2,L3,L3,L1,L1,L2,L1,C1_1,D1_2,F1_2,,L3,,,
456342,L2,L3,L2,L3,L3,L1,L1,L2,L1,C1_1,D1_2,F1_3,,L1,,,
456343,L2,L3,L2,L3,L3,L1,L1,L2,L1,C1_1,D1_2,F1_3,,L2,,,
456344,L2,L3,L2,L3,L3,L1,L1,L2,L1,C1_1,D1_2,F1_3,,L3,,,
456345,L2,L3,L2,L3,L3,L1,L1,L2,L1,C1_1,D1_3,F1_1,,L1,,,
456346,L2,L3,L2,L3,L3,L1,L1,L2,L1,C1_1,D1_3,F1_1,,L2,,,
456347,L2,L3,L2,L3,L3,L1,L1,L2,L1,C1_1,D1_3,F1_1,,L3,,,
456348,L2,L3,L2,L3,L3,L1,L1,L2,L1,C1_1,D1_3,F1_2,,L1,,,
456349,L2,L3,L2,L3,L3,L1,L1,L2,L1,C1_1,D1_3,F1_2,,L2,,,
456350,L2,L3,L2,L3,L3,L1,L1,L2,L1,C1_1,D1_3,F1_2,,L3,,,
456351,L2,L3,L2,L3,L3,L1,L1,L2,L1,C1_1,D1_3,F1_3,,L1,,,
456352,L2,L3,L2,L3,L3,L1,L1,L2,L1,C1_1,D1_3,F1_3,,L2,,,
456353,L2,L3,L2,L3,L3,L1,L1,L2,L1,C1_1,D1_3,F1_3,,L3,,,
456354,L2,L3,L2,L3,L3,L1,L1,L2,L1,C1_2,D1_1,F1_1,,L1,,,
456355,L2,L3,L2,L3,L3,L1,L1,L2,L1,C1_2,D1_1,F1_1,,L2,,,
456356,L2,L3,L2,L3,L3,L1,L1,L2,L1,C1_2,D1_1,F1_1,,L3,,,
456357,L2,L3,L2,L3,L3,L1,L1,L2,L1,C1_2,D1_1,F1_2,,L1,,,
456358,L2,L3,L2,L3,L3,L1,L1,L2,L1,C1_2,D1_1,F1_2,,L2,,,
456359,L2,L3,L2,L3,L3,L1,L1,L2,L1,C1_2,D1_1,F1_2,,L3,,,
456360,L2,L3,L2,L3,L3,L1,L1,L2,L1,C1_2,D1_1,F1_3,,L1,,,
456361,L2,L3,L2,L3,L3,L1,L1,L2,L1,C1_2,D1_1,F1_3,,L2,,,
456362,L2,L3,L2,L3,L3,L1,L1,L2,L1,C1_2,D1_1,F1_3,,L3,,,
456363,L2,L3,L2,L3,L3,L1,L1,L2,L1,C1_2,D1_2,F1_1,,L1,,,
456364,L2,L3,L2,L3,L3,L1,L1,L2,L1,C1_2,D1_2,F1_1,,L2,,,
456365,L2,L3,L2,L3,L3,L1,L1,L2,L1,C1_2,D1_2,F1_1,,L3,,,
456366,L2,L3,L2,L3,L3,L1,L1,L2,L1,C1_2,D1_2,F1_2,,L1,,,
456367,L2,L3,L2,L3,L3,L1,L1,L2,L1,C1_2,D1_2,F1_2,,L2,,,
456368,L2,L3,L2,L3,L3,L1,L1,L2,L1,C1_2,D1_2,F1_2,,L3,,,
456369,L2,L3,L2,L3,L3,L1,L1,L2,L1,C1_2,D1_2,F1_3,,L1,,,
456370,L2,L3,L2,L3,L3,L1,L1,L2,L1,C1_2,D1_2,F1_3,,L2,,,
456371,L2,L3,L2,L3,L3,L1,L1,L2,L1,C1_2,D1_2,F1_3,,L3,,,
456372,L2,L3,L2,L3,L3,L1,L1,L2,L1,C1_2,D1_3,F1_1,,L1,,,
456373,L2,L3,L2,L3,L3,L1,L1,L2,L1,C1_2,D1_3,F1_1,,L2,,,
456374,L2,L3,L2,L3,L3,L1,L1,L2,L1,C1_2,D1_3,F1_1,,L3,,,
456375,L2,L3,L2,L3,L3,L1,L1,L2,L1,C1_2,D1_3,F1_2,,L1,,,
456376,L2,L3,L2,L3,L3,L1,L1,L2,L1,C1_2,D1_3,F1_2,,L2,,,
456377,L2,L3,L2,L3,L3,L1,L1,L2,L1,C1_2,D1_3,F1_2,,L3,,,
456378,L2,L3,L2,L3,L3,L1,L1,L2,L1,C1_2,D1_3,F1_3,,L1,,,
456379,L2,L3,L2,L3,L3,L1,L1,L2,L1,C1_2,D1_3,F1_3,,L2,,,
456380,L2,L3,L2,L3,L3,L1,L1,L2,L1,C1_2,D1_3,F1_3,,L3,,,
456381,L2,L3,L2,L3,L3,L1,L1,L2,L1,C1_3,D1_1,F1_1,,L1,,,
456382,L2,L3,L2,L3,L3,L1,L1,L2,L1,C1_3,D1_1,F1_1,,L2,,,
456383,L2,L3,L2,L3,L3,L1,L1,L2,L1,C1_3,D1_1,F1_1,,L3,,,
456384,L2,L3,L2,L3,L3,L1,L1,L2,L1,C1_3,D1_1,F1_2,,L1,,,
456385,L2,L3,L2,L3,L3,L1,L1,L2,L1,C1_3,D1_1,F1_2,,L2,,,
456386,L2,L3,L2,L3,L3,L1,L1,L2,L1,C1_3,D1_1,F1_2,,L3,,,
456387,L2,L3,L2,L3,L3,L1,L1,L2,L1,C1_3,D1_1,F1_3,,L1,,,
456388,L2,L3,L2,L3,L3,L1,L1,L2,L1,C1_3,D1_1,F1_3,,L2,,,
456389,L2,L3,L2,L3,L3,L1,L1,L2,L1,C1_3,D1_1,F1_3,,L3,,,
456390,L2,L3,L2,L3,L3,L1,L1,L2,L1,C1_3,D1_2,F1_1,,L1,,,
456391,L2,L3,L2,L3,L3,L1,L1,L2,L1,C1_3,D1_2,F1_1,,L2,,,
456392,L2,L3,L2,L3,L3,L1,L1,L2,L1,C1_3,D1_2,F1_1,,L3,,,
456393,L2,L3,L2,L3,L3,L1,L1,L2,L1,C1_3,D1_2,F1_2,,L1,,,
456394,L2,L3,L2,L3,L3,L1,L1,L2,L1,C1_3,D1_2,F1_2,,L2,,,
456395,L2,L3,L2,L3,L3,L1,L1,L2,L1,C1_3,D1_2,F1_2,,L3,,,
456396,L2,L3,L2,L3,L3,L1,L1,L2,L1,C1_3,D1_2,F1_3,,L1,,,
456397,L2,L3,L2,L3,L3,L1,L1,L2,L1,C1_3,D1_2,F1_3,,L2,,,
456398,L2,L3,L2,L3,L3,L1,L1,L2,L1,C1_3,D1_2,F1_3,,L3,,,
456399,L2,L3,L2,L3,L3,L1,L1,L2,L1,C1_3,D1_3,F1_1,,L1,,,
456400,L2,L3,L2,L3,L3,L1,L1,L2,L1,C1_3,D1_3,F1_1,,L2,,,
456401,L2,L3,L2,L3,L3,L1,L1,L2,L1,C1_3,D1_3,F1_1,,L3,,,
456402,L2,L3,L2,L3,L3,L1,L1,L2,L1,C1_3,D1_3,F1_2,,L1,,,
456403,L2,L3,L2,L3,L3,L1,L1,L2,L1,C1_3,D1_3,F1_2,,L2,,,
456404,L2,L3,L2,L3,L3,L1,L1,L2,L1,C1_3,D1_3,F1_2,,L3,,,
456405,L2,L3,L2,L3,L3,L1,L1,L2,L1,C1_3,D1_3,F1_3,,L1,,,
456406,L2,L3,L2,L3,L3,L1,L1,L2,L1,C1_3,D1_3,F1_3,,L2,,,
456407,L2,L3,L2,L3,L3,L1,L1,L2,L1,C1_3,D1_3,F1_3,,L3,,,
509787,L1,L1,L2,L2,L3,L1,L1,L2,L1,C1_1,D1_1,F1_1,,L1,,,
509788,L1,L1,L2,L2,L3,L1,L1,L2,L1,C1_1,D1_1,F1_1,,L2,,,
509789,L1,L1,L2,L2,L3,L1,L1,L2,L1,C1_1,D1_1,F1_1,,L3,,,
509790,L1,L1,L2,L2,L3,L1,L1,L2,L1,C1_1,D1_1,F1_2,,L1,,,
509791,L1,L1,L2,L2,L3,L1,L1,L2,L1,C1_1,D1_1,F1_2,,L2,,,
509792,L1,L1,L2,L2,L3,L1,L1,L2,L1,C1_1,D1_1,F1_2,,L3,,,
509793,L1,L1,L2,L2,L3,L1,L1,L2,L1,C1_1,D1_1,F1_3,,L1,,,
509794,L1,L1,L2,L2,L3,L1,L1,L2,L1,C1_1,D1_1,F1_3,,L2,,,
509795,L1,L1,L2,L2,L3,L1,L1,L2,L1,C1_1,D1_1,F1_3,,L3,,,
509796,L1,L1,L2,L2,L3,L1,L1,L2,L1,C1_1,D1_2,F1_1,,L1,,,
509797,L1,L1,L2,L2,L3,L1,L1,L2,L1,C1_1,D1_2,F1_1,,L2,,,
509798,L1,L1,L2,L2,L3,L1,L1,L2,L1,C1_1,D1_2,F1_1,,L3,,,
509799,L1,L1,L2,L2,L3,L1,L1,L2,L1,C1_1,D1_2,F1_2,,L1,,,
509800,L1,L1,L2,L2,L3,L1,L1,L2,L1,C1_1,D1_2,F1_2,,L2,,,
509801,L1,L1,L2,L2,L3,L1,L1,L2,L1,C1_1,D1_2,F1_2,,L3,,,
509802,L1,L1,L2,L2,L3,L1,L1,L2,L1,C1_1,D1_2,F1_3,,L1,,,
509803,L1,L1,L2,L2,L3,L1,L1,L2,L1,C1_1,D1_2,F1_3,,L2,,,
509804,L1,L1,L2,L2,L3,L1,L1,L2,L1,C1_1,D1_2,F1_3,,L3,,,
509805,L1,L1,L2,L2,L3,L1,L1,L2,L1,C1_1,D1_3,F1_1,,L1,,,
509806,L1,L1,L2,L2,L3,L1,L1,L2,L1,C1_1,D1_3,F1_1,,L2,,,
509807,L1,L1,L2,L2,L3,L1,L1,L2,L1,C1_1,D1_3,F1_1,,L3,,,
509808,L1,L1,L2,L2,L3,L1,L1,L2,L1,C1_1,D1_3,F1_2,,L1,,,
509809,L1,L1,L2,L2,L3,L1,L1,L2,L1,C1_1,D1_3,F1_2,,L2,,,
509810,L1,L1,L2,L2,L3,L1,L1,L2,L1,C1_1,D1_3,F1_2,,L3,,,
509811,L1,L1,L2,L2,L3,L1,L1,L2,L1,C1_1,D1_3,F1_3,,L1,,,
509812,L1,L1,L2,L2,L3,L1,L1,L2,L1,C1_1,D1_3,F1_3,,L2,,,
509813,L1,L1,L2,L2,L3,L1,L1,L2,L1,C1_1,D1_3,F1_3,,L3,,,
509814,L1,L1,L2,L2,L3,L1,L1,L2,L1,C1_2,D1_1,F1_1,,L1,,,
509815,L1,L1,L2,L2,L3,L1,L1,L2,L1,C1_2,D1_1,F1_1,,L2,,,
509816,L1,L1,L2,L2,L3,L1,L1,L2,L1,C1_2,D1_1,F1_1,,L3,,,
509817,L1,L1,L2,L2,L3,L1,L1,L2,L1,C1_2,D1_1,F1_2,,L1,,,
509818,L1,L1,L2,L2,L3,L1,L1,L2,L1,C1_2,D1_1,F1_2,,L2,,,
509819,L1,L1,L2,L2,L3,L1,L1,L2,L1,C1_2,D1_1,F1_2,,L3,,,
509820,L1,L1,L2,L2,L3,L1,L1,L2,L1,C1_2,D1_1,F1_3,,L1,,,
509821,L1,L1,L2,L2,L3,L1,L1,L2,L1,C1_2,D1_1,F1_3,,L2,,,
509822,L1,L1,L2,L2,L3,L1,L1,L2,L1,C1_2,D1_1,F1_3,,L3,,,
509823,L1,L1,L2,L2,L3,L1,L1,L2,L1,C1_2,D1_2,F1_1,,L1,,,
509824,L1,L1,L2,L2,L3,L1,L1,L2,L1,C1_2,D1_2,F1_1,,L2,,,
509825,L1,L1,L2,L2,L3,L1,L1,L2,L1,C1_2,D1_2,F1_1,,L3,,,
509826,L1,L1,L2,L2,L3,L1,L1,L2,L1,C1_2,D1_2,F1_2,,L1,,,
509827,L1,L1,L2,L2,L3,L1,L1,L2,L1,C1_2,D1_2,F1_2,,L2,,,
509828,L1,L1,L2,L2,L3,L1,L1,L2,L1,C1_2,D1_2,F1_2,,L3,,,
509829,L1,L1,L2,L2,L3,L1,L1,L2,L1,C1_2,D1_2,F1_3,,L1,,,
509830,L1,L1,L2,L2,L3,L1,L1,L2,L1,C1_2,D1_2,F1_3,,L2,,,
509831,L1,L1,L2,L2,L3,L1,L1,L2,L1,C1_2,D1_2,F1_3,,L3,,,
509832,L1,L1,L2,L2,L3,L1,L1,L2,L1,C1_2,D1_3,F1_1,,L1,,,
509833,L1,L1,L2,L2,L3,L1,L1,L2,L1,C1_2,D1_3,F1_1,,L2,,,
509834,L1,L1,L2,L2,L3,L1,L1,L2,L1,C1_2,D1_3,F1_1,,L3,,,
509835,L1,L1,L2,L2,L3,L1,L1,L2,L1,C1_2,D1_3,F1_2,,L1,,,
509836,L1,L1,L2,L2,L3,L1,L1,L2,L1,C1_2,D1_3,F1_2,,L2,,,
509837,L1,L1,L2,L2,L3,L1,L1,L2,L1,C1_2,D1_3,F1_2,,L3,,,
509838,L1,L1,L2,L2,L3,L1,L1,L2,L1,C1_2,D1_3,F1_3,,L1,,,
509839,L1,L1,L2,L2,L3,L1,L1,L2,L1,C1_2,D1_3,F1_3,,L2,,,
509840,L1,L1,L2,L2,L3,L1,L1,L2,L1,C1_2,D1_3,F1_3,,L3,,,
509841,L1,L1,L2,L2,L3,L1,L1,L2,L1,C1_3,D1_1,F1_1,,L1,,,
509842,L1,L1,L2,L2,L3,L1,L1,L2,L1,C1_3,D1_1,F1_1,,L2,,,
509843,L1,L1,L2,L2,L3,L1,L1,L2,L1,C1_3,D1_1,F1_1,,L3,,,
509844,L1,L1,L2,L2,L3,L1,L1,L2,L1,C1_3,D1_1,F1_2,,L1,,,
509845,L1,L1,L2,L2,L3,L1,L1,L2,L1,C1_3,D1_1,F1_2,,L2,,,
509846,L1,L1,L2,L2,L3,L1,L1,L2,L1,C1_3,D1_1,F1_2,,L3,,,
509847,L1,L1,L2,L2,L3,L1,L1,L2,L1,C1_3,D1_1,F1_3,,L1,,,
509848,L1,L1,L2,L2,L3,L1,L1,L2,L1,C1_3,D1_1,F1_3,,L2,,,
509849,L1,L1,L2,L2,L3,L1,L1,L2,L1,C1_3,D1_1,F1_3,,L3,,,
509850,L1,L1,L2,L2,L3,L1,L1,L2,L1,C1_3,D1_2,F1_1,,L1,,,
509851,L1,L1,L2,L2,L3,L1,L1,L2,L1,C1_3,D1_2,F1_1,,L2,,,
509852,L1,L1,L2,L2,L3,L1,L1,L2,L1,C1_3,D1_2,F1_1,,L3,,,
509853,L1,L1,L2,L2,L3,L1,L1,L2,L1,C1_3,D1_2,F1_2,,L1,,,
509854,L1,L1,L2,L2,L3,L1,L1,L2,L1,C1_3,D1_2,F1_2,,L2,,,
509855,L1,L1,L2,L2,L3,L1,L1,L2,L1,C1_3,D1_2,F1_2,,L3,,,
509856,L1,L1,L2,L2,L3,L1,L1,L2,L1,C1_3,D1_2,F1_3,,L1,,,
509857,L1,L1,L2,L2,L3,L1,L1,L2,L1,C1_3,D1_2,F1_3,,L2,,,
509858,L1,L1,L2,L2,L3,L1,L1,L2,L1,C1_3,D1_2,F1_3,,L3,,,
509859,L1,L1,L2,L2,L3,L1,L1,L2,L1,C1_3,D1_3,F1_1,,L1,,,
509860,L1,L1,L2,L2,L3,L1,L1,L2,L1,C1_3,D1_3,F1_1,,L2,,,
509861,L1,L1,L2,L2,L3,L1,L1,L2,L1,C1_3,D1_3,F1_1,,L3,,,
509862,L1,L1,L2,L2,L3,L1,L1,L2,L1,C1_3,D1_3,F1_2,,L1,,,
509863,L1,L1,L2,L2,L3,L1,L1,L2,L1,C1_3,D1_3,F1_2,,L2,,,
509864,L1,L1,L2,L2,L3,L1,L1,L2,L1,C1_3,D1_3,F1_2,,L3,,,
509865,L1,L1,L2,L2,L3,L1,L1,L2,L1,C1_3,D1_3,F1_3,,L1,,,
509866,L1,L1,L2,L2,L3,L1,L1,L2,L1,C1_3,D1_3,F1_3,,L2,,,
509867,L1,L1,L2,L2,L3,L1,L1,L2,L1,C1_3,D1_3,F1_3,,L3,,,
511083,L3,L2,L2,L2,L2,L1,L1,L2,L1,C1_1,D1_1,F1_1,,L1,,,
511084,L3,L2,L2,L2,L2,L1,L1,L2,L1,C1_1,D1_1,F1_1,,L2,,,
511085,L3,L2,L2,L2,L2,L1,L1,L2,L1,C1_1,D1_1,F1_1,,L3,,,
511086,L3,L2,L2,L2,L2,L1,L1,L2,L1,C1_1,D1_1,F1_2,,L1,,,
511087,L3,L2,L2,L2,L2,L1,L1,L2,L1,C1_1,D1_1,F1_2,,L2,,,
511088,L3,L2,L2,L2,L2,L1,L1,L2,L1,C1_1,D1_1,F1_2,,L3,,,
511089,L3,L2,L2,L2,L2,L1,L1,L2,L1,C1_1,D1_1,F1_3,,L1,,,
511090,L3,L2,L2,L2,L2,L1,L1,L2,L1,C1_1,D1_1,F1_3,,L2,,,
511091,L3,L2,L2,L2,L2,L1,L1,L2,L1,C1_1,D1_1,F1_3,,L3,,,
511092,L3,L2,L2,L2,L2,L1,L1,L2,L1,C1_1,D1_2,F1_1,,L1,,,
511093,L3,L2,L2,L2,L2,L1,L1,L2,L1,C1_1,D1_2,F1_1,,L2,,,
511094,L3,L2,L2,L2,L2,L1,L1,L2,L1,C1_1,D1_2,F1_1,,L3,,,
511095,L3,L2,L2,L2,L2,L1,L1,L2,L1,C1_1,D1_2,F1_2,,L1,,,
511096,L3,L2,L2,L2,L2,L1,L1,L2,L1,C1_1,D1_2,F1_2,,L2,,,
511097,L3,L2,L2,L2,L2,L1,L1,L2,L1,C1_1,D1_2,F1_2,,L3,,,
511098,L3,L2,L2,L2,L2,L1,L1,L2,L1,C1_1,D1_2,F1_3,,L1,,,
511099,L3,L2,L2,L2,L2,L1,L1,L2,L1,C1_1,D1_2,F1_3,,L2,,,
511100,L3,L2,L2,L2,L2,L1,L1,L2,L1,C1_1,D1_2,F1_3,,L3,,,
511101,L3,L2,L2,L2,L2,L1,L1,L2,L1,C1_1,D1_3,F1_1,,L1,,,
511102,L3,L2,L2,L2,L2,L1,L1,L2,L1,C1_1,D1_3,F1_1,,L2,,,
511103,L3,L2,L2,L2,L2,L1,L1,L2,L1,C1_1,D1_3,F1_1,,L3,,,
511104,L3,L2,L2,L2,L2,L1,L1,L2,L1,C1_1,D1_3,F1_2,,L1,,,
511105,L3,L2,L2,L2,L2,L1,L1,L2,L1,C1_1,D1_3,F1_2,,L2,,,
511106,L3,L2,L2,L2,L2,L1,L1,L2,L1,C1_1,D1_3,F1_2,,L3,,,
511107,L3,L2,L2,L2,L2,L1,L1,L2,L1,C1_1,D1_3,F1_3,,L1,,,
511108,L3,L2,L2,L2,L2,L1,L1,L2,L1,C1_1,D1_3,F1_3,,L2,,,
511109,L3,L2,L2,L2,L2,L1,L1,L2,L1,C1_1,D1_3,F1_3,,L3,,,
511110,L3,L2,L2,L2,L2,L1,L1,L2,L1,C1_2,D1_1,F1_1,,L1,,,
511111,L3,L2,L2,L2,L2,L1,L1,L2,L1,C1_2,D1_1,F1_1,,L2,,,
511112,L3,L2,L2,L2,L2,L1,L1,L2,L1,C1_2,D1_1,F1_1,,L3,,,
511113,L3,L2,L2,L2,L2,L1,L1,L2,L1,C1_2,D1_1,F1_2,,L1,,,
511114,L3,L2,L2,L2,L2,L1,L1,L2,L1,C1_2,D1_1,F1_2,,L2,,,
511115,L3,L2,L2,L2,L2,L1,L1,L2,L1,C1_2,D1_1,F1_2,,L3,,,
511116,L3,L2,L2,L2,L2,L1,L1,L2,L1,C1_2,D1_1,F1_3,,L1,,,
511117,L3,L2,L2,L2,L2,L1,L1,L2,L1,C1_2,D1_1,F1_3,,L2,,,
511118,L3,L2,L2,L2,L2,L1,L1,L2,L1,C1_2,D1_1,F1_3,,L3,,,
511119,L3,L2,L2,L2,L2,L1,L1,L2,L1,C1_2,D1_2,F1_1,,L1,,,
511120,L3,L2,L2,L2,L2,L1,L1,L2,L1,C1_2,D1_2,F1_1,,L2,,,
511121,L3,L2,L2,L2,L2,L1,L1,L2,L1,C1_2,D1_2,F1_1,,L3,,,
511122,L3,L2,L2,L2,L2,L1,L1,L2,L1,C1_2,D1_2,F1_2,,L1,,,
511123,L3,L2,L2,L2,L2,L1,L1,L2,L1,C1_2,D1_2,F1_2,,L2,,,
511124,L3,L2,L2,L2,L2,L1,L1,L2,L1,C1_2,D1_2,F1_2,,L3,,,
511125,L3,L2,L2,L2,L2,L1,L1,L2,L1,C1_2,D1_2,F1_3,,L1,,,
511126,L3,L2,L2,L2,L2,L1,L1,L2,L1,C1_2,D1_2,F1_3,,L2,,,
511127,L3,L2,L2,L2,L2,L1,L1,L2,L1,C1_2,D1_2,F1_3,,L3,,,
511128,L3,L2,L2,L2,L2,L1,L1,L2,L1,C1_2,D1_3,F1_1,,L1,,,
511129,L3,L2,L2,L2,L2,L1,L1,L2,L1,C1_2,D1_3,F1_1,,L2,,,
511130,L3,L2,L2,L2,L2,L1,L1,L2,L1,C1_2,D1_3,F1_1,,L3,,,
511131,L3,L2,L2,L2,L2,L1,L1,L2,L1,C1_2,D1_3,F1_2,,L1,,,
511132,L3,L2,L2,L2,L2,L1,L1,L2,L1,C1_2,D1_3,F1_2,,L2,,,
511133,L3,L2,L2,L2,L2,L1,L1,L2,L1,C1_2,D1_3,F1_2,,L3,,,
511134,L3,L2,L2,L2,L2,L1,L1,L2,L1,C1_2,D1_3,F1_3,,L1,,,
511135,L3,L2,L2,L2,L2,L1,L1,L2,L1,C1_2,D1_3,F1_3,,L2,,,
511136,L3,L2,L2,L2,L2,L1,L1,L2,L1,C1_2,D1_3,F1_3,,L3,,,
511137,L3,L2,L2,L2,L2,L1,L1,L2,L1,C1_3,D1_1,F1_1,,L1,,,
511138,L3,L2,L2,L2,L2,L1,L1,L2,L1,C1_3,D1_1,F1_1,,L2,,,
511139,L3,L2,L2,L2,L2,L1,L1,L2,L1,C1_3,D1_1,F1_1,,L3,,,
511140,L3,L2,L2,L2,L2,L1,L1,L2,L1,C1_3,D1_1,F1_2,,L1,,,
511141,L3,L2,L2,L2,L2,L1,L1,L2,L1,C1_3,D1_1,F1_2,,L2,,,
511142,L3,L2,L2,L2,L2,L1,L1,L2,L1,C1_3,D1_1,F1_2,,L3,,,
511143,L3,L2,L2,L2,L2,L1,L1,L2,L1,C1_3,D1_1,F1_3,,L1,,,
511144,L3,L2,L2,L2,L2,L1,L1,L2,L1,C1_3,D1_1,F1_3,,L2,,,
511145,L3,L2,L2,L2,L2,L1,L1,L2,L1,C1_3,D1_1,F1_3,,L3,,,
511146,L3,L2,L2,L2,L2,L1,L1,L2,L1,C1_3,D1_2,F1_1,,L1,,,
511147,L3,L2,L2,L2,L2,L1,L1,L2,L1,C1_3,D1_2,F1_1,,L2,,,
511148,L3,L2,L2,L2,L2,L1,L1,L2,L1,C1_3,D1_2,F1_1,,L3,,,
511149,L3,L2,L2,L2,L2,L1,L1,L2,L1,C1_3,D1_2,F1_2,,L1,,,
511150,L3,L2,L2,L2,L2,L1,L1,L2,L1,C1_3,D1_2,F1_2,,L2,,,
511151,L3,L2,L2,L2,L2,L1,L1,L2,L1,C1_3,D1_2,F1_2,,L3,,,
511152,L3,L2,L2,L2,L2,L1,L1,L2,L1,C1_3,D1_2,F1_3,,L1,,,
511153,L3,L2,L2,L2,L2,L1,L1,L2,L1,C1_3,D1_2,F1_3,,L2,,,
511154,L3,L2,L2,L2,L2,L1,L1,L2,L1,C1_3,D1_2,F1_3,,L3,,,
511155,L3,L2,L2,L2,L2,L1,L1,L2,L1,C1_3,D1_3,F1_1,,L1,,,
511156,L3,L2,L2,L2,L2,L1,L1,L2,L1,C1_3,D1_3,F1_1,,L2,,,
511157,L3,L2,L2,L2,L2,L1,L1,L2,L1,C1_3,D1_3,F1_1,,L3,,,
511158,L3,L2,L2,L2,L2,L1,L1,L2,L1,C1_3,D1_3,F1_2,,L1,,,
511159,L3,L2,L2,L2,L2,L1,L1,L2,L1,C1_3,D1_3,F1_2,,L2,,,
511160,L3,L2,L2,L2,L2,L1,L1,L2,L1,C1_3,D1_3,F1_2,,L3,,,
511161,L3,L2,L2,L2,L2,L1,L1,L2,L1,C1_3,D1_3,F1_3,,L1,,,
511162,L3,L2,L2,L2,L2,L1,L1,L2,L1,C1_3,D1_3,F1_3,,L2,,,
511163,L3,L2,L2,L2,L2,L1,L1,L2,L1,C1_3,D1_3,F1_3,,L3,,,
