,A,B,G,H,I,E,X,Y,Z,C,D,F,J,K,N,L,M
34641,L3,L2,L3,L1,L2,L1,L2,L2,L1,C1_1,D1_1,F1_1,L1,L1,,,
34642,L3,L2,L3,L1,L2,L1,L2,L2,L1,C1_1,D1_1,F1_1,L1,L2,,,
34643,L3,L2,L3,L1,L2,L1,L2,L2,L1,C1_1,D1_1,F1_1,L1,L3,,,
34644,L3,L2,L3,L1,L2,L1,L2,L2,L1,C1_1,D1_1,F1_1,L2,L1,,,
34645,L3,L2,L3,L1,L2,L1,L2,L2,L1,C1_1,D1_1,F1_1,L2,L2,,,
34646,L3,L2,L3,L1,L2,L1,L2,L2,L1,C1_1,D1_1,F1_1,L2,L3,,,
34647,L3,L2,L3,L1,L2,L1,L2,L2,L1,C1_1,D1_1,F1_1,L3,L1,,,
34648,L3,L2,L3,L1,L2,L1,L2,L2,L1,C1_1,D1_1,F1_1,L3,L2,,,
34649,L3,L2,L3,L1,L2,L1,L2,L2,L1,C1_1,D1_1,F1_1,L3,L3,,,
34650,L3,L2,L3,L1,L2,L1,L2,L2,L1,C1_1,D1_1,F1_2,L1,L1,,,
34651,L3,L2,L3,L1,L2,L1,L2,L2,L1,C1_1,D1_1,F1_2,L1,L2,,,
34652,L3,L2,L3,L1,L2,L1,L2,L2,L1,C1_1,D1_1,F1_2,L1,L3,,,
34653,L3,L2,L3,L1,L2,L1,L2,L2,L1,C1_1,D1_1,F1_2,L2,L1,,,
34654,L3,L2,L3,L1,L2,L1,L2,L2,L1,C1_1,D1_1,F1_2,L2,L2,,,
34655,L3,L2,L3,L1,L2,L1,L2,L2,L1,C1_1,D1_1,F1_2,L2,L3,,,
34656,L3,L2,L3,L1,L2,L1,L2,L2,L1,C1_1,D1_1,F1_2,L3,L1,,,
34657,L3,L2,L3,L1,L2,L1,L2,L2,L1,C1_1,D1_1,F1_2,L3,L2,,,
34658,L3,L2,L3,L1,L2,L1,L2,L2,L1,C1_1,D1_1,F1_2,L3,L3,,,
34659,L3,L2,L3,L1,L2,L1,L2,L2,L1,C1_1,D1_1,F1_3,L1,L1,,,
34660,L3,L2,L3,L1,L2,L1,L2,L2,L1,C1_1,D1_1,F1_3,L1,L2,,,
34661,L3,L2,L3,L1,L2,L1,L2,L2,L1,C1_1,D1_1,F1_3,L1,L3,,,
34662,L3,L2,L3,L1,L2,L1,L2,L2,L1,C1_1,D1_1,F1_3,L2,L1,,,
34663,L3,L2,L3,L1,L2,L1,L2,L2,L1,C1_1,D1_1,F1_3,L2,L2,,,
34664,L3,L2,L3,L1,L2,L1,L2,L2,L1,C1_1,D1_1,F1_3,L2,L3,,,
34665,L3,L2,L3,L1,L2,L1,L2,L2,L1,C1_1,D1_1,F1_3,L3,L1,,,
34666,L3,L2,L3,L1,L2,L1,L2,L2,L1,C1_1,D1_1,F1_3,L3,L2,,,
34667,L3,L2,L3,L1,L2,L1,L2,L2,L1,C1_1,D1_1,F1_3,L3,L3,,,
34668,L3,L2,L3,L1,L2,L1,L2,L2,L1,C1_1,D1_2,F1_1,L1,L1,,,
34669,L3,L2,L3,L1,L2,L1,L2,L2,L1,C1_1,D1_2,F1_1,L1,L2,,,
34670,L3,L2,L3,L1,L2,L1,L2,L2,L1,C1_1,D1_2,F1_1,L1,L3,,,
34671,L3,L2,L3,L1,L2,L1,L2,L2,L1,C1_1,D1_2,F1_1,L2,L1,,,
34672,L3,L2,L3,L1,L2,L1,L2,L2,L1,C1_1,D1_2,F1_1,L2,L2,,,
34673,L3,L2,L3,L1,L2,L1,L2,L2,L1,C1_1,D1_2,F1_1,L2,L3,,,
34674,L3,L2,L3,L1,L2,L1,L2,L2,L1,C1_1,D1_2,F1_1,L3,L1,,,
34675,L3,L2,L3,L1,L2,L1,L2,L2,L1,C1_1,D1_2,F1_1,L3,L2,,,
34676,L3,L2,L3,L1,L2,L1,L2,L2,L1,C1_1,D1_2,F1_1,L3,L3,,,
34677,L3,L2,L3,L1,L2,L1,L2,L2,L1,C1_1,D1_2,F1_2,L1,L1,,,
34678,L3,L2,L3,L1,L2,L1,L2,L2,L1,C1_1,D1_2,F1_2,L1,L2,,,
34679,L3,L2,L3,L1,L2,L1,L2,L2,L1,C1_1,D1_2,F1_2,L1,L3,,,
34680,L3,L2,L3,L1,L2,L1,L2,L2,L1,C1_1,D1_2,F1_2,L2,L1,,,
34681,L3,L2,L3,L1,L2,L1,L2,L2,L1,C1_1,D1_2,F1_2,L2,L2,,,
34682,L3,L2,L3,L1,L2,L1,L2,L2,L1,C1_1,D1_2,F1_2,L2,L3,,,
34683,L3,L2,L3,L1,L2,L1,L2,L2,L1,C1_1,D1_2,F1_2,L3,L1,,,
34684,L3,L2,L3,L1,L2,L1,L2,L2,L1,C1_1,D1_2,F1_2,L3,L2,,,
34685,L3,L2,L3,L1,L2,L1,L2,L2,L1,C1_1,D1_2,F1_2,L3,L3,,,
34686,L3,L2,L3,L1,L2,L1,L2,L2,L1,C1_1,D1_2,F1_3,L1,L1,,,
34687,L3,L2,L3,L1,L2,L1,L2,L2,L1,C1_1,D1_2,F1_3,L1,L2,,,
34688,L3,L2,L3,L1,L2,L1,L2,L2,L1,C1_1,D1_2,F1_3,L1,L3,,,
34689,L3,L2,L3,L1,L2,L1,L2,L2,L1,C1_1,D1_2,F1_3,L2,L1,,,
34690,L3,L2,L3,L1,L2,L1,L2,L2,L1,C1_1,D1_2,F1_3,L2,L2,,,
34691,L3,L2,L3,L1,L2,L1,L2,L2,L1,C1_1,D1_2,F1_3,L2,L3,,,
34692,L3,L2,L3,L1,L2,L1,L2,L2,L1,C1_1,D1_2,F1_3,L3,L1,,,
34693,L3,L2,L3,L1,L2,L1,L2,L2,L1,C1_1,D1_2,F1_3,L3,L2,,,
34694,L3,L2,L3,L1,L2,L1,L2,L2,L1,C1_1,D1_2,F1_3,L3,L3,,,
34695,L3,L2,L3,L1,L2,L1,L2,L2,L1,C1_1,D1_3,F1_1,L1,L1,,,
34696,L3,L2,L3,L1,L2,L1,L2,L2,L1,C1_1,D1_3,F1_1,L1,L2,,,
34697,L3,L2,L3,L1,L2,L1,L2,L2,L1,C1_1,D1_3,F1_1,L1,L3,,,
34698,L3,L2,L3,L1,L2,L1,L2,L2,L1,C1_1,D1_3,F1_1,L2,L1,,,
34699,L3,L2,L3,L1,L2,L1,L2,L2,L1,C1_1,D1_3,F1_1,L2,L2,,,
34700,L3,L2,L3,L1,L2,L1,L2,L2,L1,C1_1,D1_3,F1_1,L2,L3,,,
34701,L3,L2,L3,L1,L2,L1,L2,L2,L1,C1_1,D1_3,F1_1,L3,L1,,,
34702,L3,L2,L3,L1,L2,L1,L2,L2,L1,C1_1,D1_3,F1_1,L3,L2,,,
34703,L3,L2,L3,L1,L2,L1,L2,L2,L1,C1_1,D1_3,F1_1,L3,L3,,,
34704,L3,L2,L3,L1,L2,L1,L2,L2,L1,C1_1,D1_3,F1_2,L1,L1,,,
34705,L3,L2,L3,L1,L2,L1,L2,L2,L1,C1_1,D1_3,F1_2,L1,L2,,,
34706,L3,L2,L3,L1,L2,L1,L2,L2,L1,C1_1,D1_3,F1_2,L1,L3,,,
34707,L3,L2,L3,L1,L2,L1,L2,L2,L1,C1_1,D1_3,F1_2,L2,L1,,,
34708,L3,L2,L3,L1,L2,L1,L2,L2,L1,C1_1,D1_3,F1_2,L2,L2,,,
34709,L3,L2,L3,L1,L2,L1,L2,L2,L1,C1_1,D1_3,F1_2,L2,L3,,,
34710,L3,L2,L3,L1,L2,L1,L2,L2,L1,C1_1,D1_3,F1_2,L3,L1,,,
34711,L3,L2,L3,L1,L2,L1,L2,L2,L1,C1_1,D1_3,F1_2,L3,L2,,,
34712,L3,L2,L3,L1,L2,L1,L2,L2,L1,C1_1,D1_3,F1_2,L3,L3,,,
34713,L3,L2,L3,L1,L2,L1,L2,L2,L1,C1_1,D1_3,F1_3,L1,L1,,,
34714,L3,L2,L3,L1,L2,L1,L2,L2,L1,C1_1,D1_3,F1_3,L1,L2,,,
34715,L3,L2,L3,L1,L2,L1,L2,L2,L1,C1_1,D1_3,F1_3,L1,L3,,,
34716,L3,L2,L3,L1,L2,L1,L2,L2,L1,C1_1,D1_3,F1_3,L2,L1,,,
34717,L3,L2,L3,L1,L2,L1,L2,L2,L1,C1_1,D1_3,F1_3,L2,L2,,,
34718,L3,L2,L3,L1,L2,L1,L2,L2,L1,C1_1,D1_3,F1_3,L2,L3,,,
34719,L3,L2,L3,L1,L2,L1,L2,L2,L1,C1_1,D1_3,F1_3,L3,L1,,,
34720,L3,L2,L3,L1,L2,L1,L2,L2,L1,C1_1,D1_3,F1_3,L3,L2,,,
34721,L3,L2,L3,L1,L2,L1,L2,L2,L1,C1_1,D1_3,F1_3,L3,L3,,,
34722,L3,L2,L3,L1,L2,L1,L2,L2,L1,C1_2,D1_1,F1_1,L1,L1,,,
34723,L3,L2,L3,L1,L2,L1,L2,L2,L1,C1_2,D1_1,F1_1,L1,L2,,,
34724,L3,L2,L3,L1,L2,L1,L2,L2,L1,C1_2,D1_1,F1_1,L1,L3,,,
34725,L3,L2,L3,L1,L2,L1,L2,L2,L1,C1_2,D1_1,F1_1,L2,L1,,,
34726,L3,L2,L3,L1,L2,L1,L2,L2,L1,C1_2,D1_1,F1_1,L2,L2,,,
34727,L3,L2,L3,L1,L2,L1,L2,L2,L1,C1_2,D1_1,F1_1,L2,L3,,,
34728,L3,L2,L3,L1,L2,L1,L2,L2,L1,C1_2,D1_1,F1_1,L3,L1,,,
34729,L3,L2,L3,L1,L2,L1,L2,L2,L1,C1_2,D1_1,F1_1,L3,L2,,,
34730,L3,L2,L3,L1,L2,L1,L2,L2,L1,C1_2,D1_1,F1_1,L3,L3,,,
34731,L3,L2,L3,L1,L2,L1,L2,L2,L1,C1_2,D1_1,F1_2,L1,L1,,,
34732,L3,L2,L3,L1,L2,L1,L2,L2,L1,C1_2,D1_1,F1_2,L1,L2,,,
34733,L3,L2,L3,L1,L2,L1,L2,L2,L1,C1_2,D1_1,F1_2,L1,L3,,,
34734,L3,L2,L3,L1,L2,L1,L2,L2,L1,C1_2,D1_1,F1_2,L2,L1,,,
34735,L3,L2,L3,L1,L2,L1,L2,L2,L1,C1_2,D1_1,F1_2,L2,L2,,,
34736,L3,L2,L3,L1,L2,L1,L2,L2,L1,C1_2,D1_1,F1_2,L2,L3,,,
34737,L3,L2,L3,L1,L2,L1,L2,L2,L1,C1_2,D1_1,F1_2,L3,L1,,,
34738,L3,L2,L3,L1,L2,L1,L2,L2,L1,C1_2,D1_1,F1_2,L3,L2,,,
34739,L3,L2,L3,L1,L2,L1,L2,L2,L1,C1_2,D1_1,F1_2,L3,L3,,,
34740,L3,L2,L3,L1,L2,L1,L2,L2,L1,C1_2,D1_1,F1_3,L1,L1,,,
34741,L3,L2,L3,L1,L2,L1,L2,L2,L1,C1_2,D1_1,F1_3,L1,L2,,,
34742,L3,L2,L3,L1,L2,L1,L2,L2,L1,C1_2,D1_1,F1_3,L1,L3,,,
34743,L3,L2,L3,L1,L2,L1,L2,L2,L1,C1_2,D1_1,F1_3,L2,L1,,,
34744,L3,L2,L3,L1,L2,L1,L2,L2,L1,C1_2,D1_1,F1_3,L2,L2,,,
34745,L3,L2,L3,L1,L2,L1,L2,L2,L1,C1_2,D1_1,F1_3,L2,L3,,,
34746,L3,L2,L3,L1,L2,L1,L2,L2,L1,C1_2,D1_1,F1_3,L3,L1,,,
34747,L3,L2,L3,L1,L2,L1,L2,L2,L1,C1_2,D1_1,F1_3,L3,L2,,,
34748,L3,L2,L3,L1,L2,L1,L2,L2,L1,C1_2,D1_1,F1_3,L3,L3,,,
34749,L3,L2,L3,L1,L2,L1,L2,L2,L1,C1_2,D1_2,F1_1,L1,L1,,,
34750,L3,L2,L3,L1,L2,L1,L2,L2,L1,C1_2,D1_2,F1_1,L1,L2,,,
34751,L3,L2,L3,L1,L2,L1,L2,L2,L1,C1_2,D1_2,F1_1,L1,L3,,,
34752,L3,L2,L3,L1,L2,L1,L2,L2,L1,C1_2,D1_2,F1_1,L2,L1,,,
34753,L3,L2,L3,L1,L2,L1,L2,L2,L1,C1_2,D1_2,F1_1,L2,L2,,,
34754,L3,L2,L3,L1,L2,L1,L2,L2,L1,C1_2,D1_2,F1_1,L2,L3,,,
34755,L3,L2,L3,L1,L2,L1,L2,L2,L1,C1_2,D1_2,F1_1,L3,L1,,,
34756,L3,L2,L3,L1,L2,L1,L2,L2,L1,C1_2,D1_2,F1_1,L3,L2,,,
34757,L3,L2,L3,L1,L2,L1,L2,L2,L1,C1_2,D1_2,F1_1,L3,L3,,,
34758,L3,L2,L3,L1,L2,L1,L2,L2,L1,C1_2,D1_2,F1_2,L1,L1,,,
34759,L3,L2,L3,L1,L2,L1,L2,L2,L1,C1_2,D1_2,F1_2,L1,L2,,,
34760,L3,L2,L3,L1,L2,L1,L2,L2,L1,C1_2,D1_2,F1_2,L1,L3,,,
34761,L3,L2,L3,L1,L2,L1,L2,L2,L1,C1_2,D1_2,F1_2,L2,L1,,,
34762,L3,L2,L3,L1,L2,L1,L2,L2,L1,C1_2,D1_2,F1_2,L2,L2,,,
34763,L3,L2,L3,L1,L2,L1,L2,L2,L1,C1_2,D1_2,F1_2,L2,L3,,,
34764,L3,L2,L3,L1,L2,L1,L2,L2,L1,C1_2,D1_2,F1_2,L3,L1,,,
34765,L3,L2,L3,L1,L2,L1,L2,L2,L1,C1_2,D1_2,F1_2,L3,L2,,,
34766,L3,L2,L3,L1,L2,L1,L2,L2,L1,C1_2,D1_2,F1_2,L3,L3,,,
34767,L3,L2,L3,L1,L2,L1,L2,L2,L1,C1_2,D1_2,F1_3,L1,L1,,,
34768,L3,L2,L3,L1,L2,L1,L2,L2,L1,C1_2,D1_2,F1_3,L1,L2,,,
34769,L3,L2,L3,L1,L2,L1,L2,L2,L1,C1_2,D1_2,F1_3,L1,L3,,,
34770,L3,L2,L3,L1,L2,L1,L2,L2,L1,C1_2,D1_2,F1_3,L2,L1,,,
34771,L3,L2,L3,L1,L2,L1,L2,L2,L1,C1_2,D1_2,F1_3,L2,L2,,,
34772,L3,L2,L3,L1,L2,L1,L2,L2,L1,C1_2,D1_2,F1_3,L2,L3,,,
34773,L3,L2,L3,L1,L2,L1,L2,L2,L1,C1_2,D1_2,F1_3,L3,L1,,,
34774,L3,L2,L3,L1,L2,L1,L2,L2,L1,C1_2,D1_2,F1_3,L3,L2,,,
34775,L3,L2,L3,L1,L2,L1,L2,L2,L1,C1_2,D1_2,F1_3,L3,L3,,,
34776,L3,L2,L3,L1,L2,L1,L2,L2,L1,C1_2,D1_3,F1_1,L1,L1,,,
34777,L3,L2,L3,L1,L2,L1,L2,L2,L1,C1_2,D1_3,F1_1,L1,L2,,,
34778,L3,L2,L3,L1,L2,L1,L2,L2,L1,C1_2,D1_3,F1_1,L1,L3,,,
34779,L3,L2,L3,L1,L2,L1,L2,L2,L1,C1_2,D1_3,F1_1,L2,L1,,,
34780,L3,L2,L3,L1,L2,L1,L2,L2,L1,C1_2,D1_3,F1_1,L2,L2,,,
34781,L3,L2,L3,L1,L2,L1,L2,L2,L1,C1_2,D1_3,F1_1,L2,L3,,,
34782,L3,L2,L3,L1,L2,L1,L2,L2,L1,C1_2,D1_3,F1_1,L3,L1,,,
34783,L3,L2,L3,L1,L2,L1,L2,L2,L1,C1_2,D1_3,F1_1,L3,L2,,,
34784,L3,L2,L3,L1,L2,L1,L2,L2,L1,C1_2,D1_3,F1_1,L3,L3,,,
34785,L3,L2,L3,L1,L2,L1,L2,L2,L1,C1_2,D1_3,F1_2,L1,L1,,,
34786,L3,L2,L3,L1,L2,L1,L2,L2,L1,C1_2,D1_3,F1_2,L1,L2,,,
34787,L3,L2,L3,L1,L2,L1,L2,L2,L1,C1_2,D1_3,F1_2,L1,L3,,,
34788,L3,L2,L3,L1,L2,L1,L2,L2,L1,C1_2,D1_3,F1_2,L2,L1,,,
34789,L3,L2,L3,L1,L2,L1,L2,L2,L1,C1_2,D1_3,F1_2,L2,L2,,,
34790,L3,L2,L3,L1,L2,L1,L2,L2,L1,C1_2,D1_3,F1_2,L2,L3,,,
34791,L3,L2,L3,L1,L2,L1,L2,L2,L1,C1_2,D1_3,F1_2,L3,L1,,,
34792,L3,L2,L3,L1,L2,L1,L2,L2,L1,C1_2,D1_3,F1_2,L3,L2,,,
34793,L3,L2,L3,L1,L2,L1,L2,L2,L1,C1_2,D1_3,F1_2,L3,L3,,,
34794,L3,L2,L3,L1,L2,L1,L2,L2,L1,C1_2,D1_3,F1_3,L1,L1,,,
34795,L3,L2,L3,L1,L2,L1,L2,L2,L1,C1_2,D1_3,F1_3,L1,L2,,,
34796,L3,L2,L3,L1,L2,L1,L2,L2,L1,C1_2,D1_3,F1_3,L1,L3,,,
34797,L3,L2,L3,L1,L2,L1,L2,L2,L1,C1_2,D1_3,F1_3,L2,L1,,,
34798,L3,L2,L3,L1,L2,L1,L2,L2,L1,C1_2,D1_3,F1_3,L2,L2,,,
34799,L3,L2,L3,L1,L2,L1,L2,L2,L1,C1_2,D1_3,F1_3,L2,L3,,,
34800,L3,L2,L3,L1,L2,L1,L2,L2,L1,C1_2,D1_3,F1_3,L3,L1,,,
34801,L3,L2,L3,L1,L2,L1,L2,L2,L1,C1_2,D1_3,F1_3,L3,L2,,,
34802,L3,L2,L3,L1,L2,L1,L2,L2,L1,C1_2,D1_3,F1_3,L3,L3,,,
34803,L3,L2,L3,L1,L2,L1,L2,L2,L1,C1_3,D1_1,F1_1,L1,L1,,,
34804,L3,L2,L3,L1,L2,L1,L2,L2,L1,C1_3,D1_1,F1_1,L1,L2,,,
34805,L3,L2,L3,L1,L2,L1,L2,L2,L1,C1_3,D1_1,F1_1,L1,L3,,,
34806,L3,L2,L3,L1,L2,L1,L2,L2,L1,C1_3,D1_1,F1_1,L2,L1,,,
34807,L3,L2,L3,L1,L2,L1,L2,L2,L1,C1_3,D1_1,F1_1,L2,L2,,,
34808,L3,L2,L3,L1,L2,L1,L2,L2,L1,C1_3,D1_1,F1_1,L2,L3,,,
34809,L3,L2,L3,L1,L2,L1,L2,L2,L1,C1_3,D1_1,F1_1,L3,L1,,,
34810,L3,L2,L3,L1,L2,L1,L2,L2,L1,C1_3,D1_1,F1_1,L3,L2,,,
34811,L3,L2,L3,L1,L2,L1,L2,L2,L1,C1_3,D1_1,F1_1,L3,L3,,,
34812,L3,L2,L3,L1,L2,L1,L2,L2,L1,C1_3,D1_1,F1_2,L1,L1,,,
34813,L3,L2,L3,L1,L2,L1,L2,L2,L1,C1_3,D1_1,F1_2,L1,L2,,,
34814,L3,L2,L3,L1,L2,L1,L2,L2,L1,C1_3,D1_1,F1_2,L1,L3,,,
34815,L3,L2,L3,L1,L2,L1,L2,L2,L1,C1_3,D1_1,F1_2,L2,L1,,,
34816,L3,L2,L3,L1,L2,L1,L2,L2,L1,C1_3,D1_1,F1_2,L2,L2,,,
34817,L3,L2,L3,L1,L2,L1,L2,L2,L1,C1_3,D1_1,F1_2,L2,L3,,,
34818,L3,L2,L3,L1,L2,L1,L2,L2,L1,C1_3,D1_1,F1_2,L3,L1,,,
34819,L3,L2,L3,L1,L2,L1,L2,L2,L1,C1_3,D1_1,F1_2,L3,L2,,,
34820,L3,L2,L3,L1,L2,L1,L2,L2,L1,C1_3,D1_1,F1_2,L3,L3,,,
34821,L3,L2,L3,L1,L2,L1,L2,L2,L1,C1_3,D1_1,F1_3,L1,L1,,,
34822,L3,L2,L3,L1,L2,L1,L2,L2,L1,C1_3,D1_1,F1_3,L1,L2,,,
34823,L3,L2,L3,L1,L2,L1,L2,L2,L1,C1_3,D1_1,F1_3,L1,L3,,,
34824,L3,L2,L3,L1,L2,L1,L2,L2,L1,C1_3,D1_1,F1_3,L2,L1,,,
34825,L3,L2,L3,L1,L2,L1,L2,L2,L1,C1_3,D1_1,F1_3,L2,L2,,,
34826,L3,L2,L3,L1,L2,L1,L2,L2,L1,C1_3,D1_1,F1_3,L2,L3,,,
34827,L3,L2,L3,L1,L2,L1,L2,L2,L1,C1_3,D1_1,F1_3,L3,L1,,,
34828,L3,L2,L3,L1,L2,L1,L2,L2,L1,C1_3,D1_1,F1_3,L3,L2,,,
34829,L3,L2,L3,L1,L2,L1,L2,L2,L1,C1_3,D1_1,F1_3,L3,L3,,,
34830,L3,L2,L3,L1,L2,L1,L2,L2,L1,C1_3,D1_2,F1_1,L1,L1,,,
34831,L3,L2,L3,L1,L2,L1,L2,L2,L1,C1_3,D1_2,F1_1,L1,L2,,,
34832,L3,L2,L3,L1,L2,L1,L2,L2,L1,C1_3,D1_2,F1_1,L1,L3,,,
34833,L3,L2,L3,L1,L2,L1,L2,L2,L1,C1_3,D1_2,F1_1,L2,L1,,,
34834,L3,L2,L3,L1,L2,L1,L2,L2,L1,C1_3,D1_2,F1_1,L2,L2,,,
34835,L3,L2,L3,L1,L2,L1,L2,L2,L1,C1_3,D1_2,F1_1,L2,L3,,,
34836,L3,L2,L3,L1,L2,L1,L2,L2,L1,C1_3,D1_2,F1_1,L3,L1,,,
34837,L3,L2,L3,L1,L2,L1,L2,L2,L1,C1_3,D1_2,F1_1,L3,L2,,,
34838,L3,L2,L3,L1,L2,L1,L2,L2,L1,C1_3,D1_2,F1_1,L3,L3,,,
34839,L3,L2,L3,L1,L2,L1,L2,L2,L1,C1_3,D1_2,F1_2,L1,L1,,,
34840,L3,L2,L3,L1,L2,L1,L2,L2,L1,C1_3,D1_2,F1_2,L1,L2,,,
34841,L3,L2,L3,L1,L2,L1,L2,L2,L1,C1_3,D1_2,F1_2,L1,L3,,,
34842,L3,L2,L3,L1,L2,L1,L2,L2,L1,C1_3,D1_2,F1_2,L2,L1,,,
34843,L3,L2,L3,L1,L2,L1,L2,L2,L1,C1_3,D1_2,F1_2,L2,L2,,,
34844,L3,L2,L3,L1,L2,L1,L2,L2,L1,C1_3,D1_2,F1_2,L2,L3,,,
34845,L3,L2,L3,L1,L2,L1,L2,L2,L1,C1_3,D1_2,F1_2,L3,L1,,,
34846,L3,L2,L3,L1,L2,L1,L2,L2,L1,C1_3,D1_2,F1_2,L3,L2,,,
34847,L3,L2,L3,L1,L2,L1,L2,L2,L1,C1_3,D1_2,F1_2,L3,L3,,,
34848,L3,L2,L3,L1,L2,L1,L2,L2,L1,C1_3,D1_2,F1_3,L1,L1,,,
34849,L3,L2,L3,L1,L2,L1,L2,L2,L1,C1_3,D1_2,F1_3,L1,L2,,,
34850,L3,L2,L3,L1,L2,L1,L2,L2,L1,C1_3,D1_2,F1_3,L1,L3,,,
34851,L3,L2,L3,L1,L2,L1,L2,L2,L1,C1_3,D1_2,F1_3,L2,L1,,,
34852,L3,L2,L3,L1,L2,L1,L2,L2,L1,C1_3,D1_2,F1_3,L2,L2,,,
34853,L3,L2,L3,L1,L2,L1,L2,L2,L1,C1_3,D1_2,F1_3,L2,L3,,,
34854,L3,L2,L3,L1,L2,L1,L2,L2,L1,C1_3,D1_2,F1_3,L3,L1,,,
34855,L3,L2,L3,L1,L2,L1,L2,L2,L1,C1_3,D1_2,F1_3,L3,L2,,,
34856,L3,L2,L3,L1,L2,L1,L2,L2,L1,C1_3,D1_2,F1_3,L3,L3,,,
34857,L3,L2,L3,L1,L2,L1,L2,L2,L1,C1_3,D1_3,F1_1,L1,L1,,,
34858,L3,L2,L3,L1,L2,L1,L2,L2,L1,C1_3,D1_3,F1_1,L1,L2,,,
34859,L3,L2,L3,L1,L2,L1,L2,L2,L1,C1_3,D1_3,F1_1,L1,L3,,,
34860,L3,L2,L3,L1,L2,L1,L2,L2,L1,C1_3,D1_3,F1_1,L2,L1,,,
34861,L3,L2,L3,L1,L2,L1,L2,L2,L1,C1_3,D1_3,F1_1,L2,L2,,,
34862,L3,L2,L3,L1,L2,L1,L2,L2,L1,C1_3,D1_3,F1_1,L2,L3,,,
34863,L3,L2,L3,L1,L2,L1,L2,L2,L1,C1_3,D1_3,F1_1,L3,L1,,,
34864,L3,L2,L3,L1,L2,L1,L2,L2,L1,C1_3,D1_3,F1_1,L3,L2,,,
34865,L3,L2,L3,L1,L2,L1,L2,L2,L1,C1_3,D1_3,F1_1,L3,L3,,,
34866,L3,L2,L3,L1,L2,L1,L2,L2,L1,C1_3,D1_3,F1_2,L1,L1,,,
34867,L3,L2,L3,L1,L2,L1,L2,L2,L1,C1_3,D1_3,F1_2,L1,L2,,,
34868,L3,L2,L3,L1,L2,L1,L2,L2,L1,C1_3,D1_3,F1_2,L1,L3,,,
34869,L3,L2,L3,L1,L2,L1,L2,L2,L1,C1_3,D1_3,F1_2,L2,L1,,,
34870,L3,L2,L3,L1,L2,L1,L2,L2,L1,C1_3,D1_3,F1_2,L2,L2,,,
34871,L3,L2,L3,L1,L2,L1,L2,L2,L1,C1_3,D1_3,F1_2,L2,L3,,,
34872,L3,L2,L3,L1,L2,L1,L2,L2,L1,C1_3,D1_3,F1_2,L3,L1,,,
34873,L3,L2,L3,L1,L2,L1,L2,L2,L1,C1_3,D1_3,F1_2,L3,L2,,,
34874,L3,L2,L3,L1,L2,L1,L2,L2,L1,C1_3,D1_3,F1_2,L3,L3,,,
34875,L3,L2,L3,L1,L2,L1,L2,L2,L1,C1_3,D1_3,F1_3,L1,L1,,,
34876,L3,L2,L3,L1,L2,L1,L2,L2,L1,C1_3,D1_3,F1_3,L1,L2,,,
34877,L3,L2,L3,L1,L2,L1,L2,L2,L1,C1_3,D1_3,F1_3,L1,L3,,,
34878,L3,L2,L3,L1,L2,L1,L2,L2,L1,C1_3,D1_3,F1_3,L2,L1,,,
34879,L3,L2,L3,L1,L2,L1,L2,L2,L1,C1_3,D1_3,F1_3,L2,L2,,,
34880,L3,L2,L3,L1,L2,L1,L2,L2,L1,C1_3,D1_3,F1_3,L2,L3,,,
34881,L3,L2,L3,L1,L2,L1,L2,L2,L1,C1_3,D1_3,F1_3,L3,L1,,,
34882,L3,L2,L3,L1,L2,L1,L2,L2,L1,C1_3,D1_3,F1_3,L3,L2,,,
34883,L3,L2,L3,L1,L2,L1,L2,L2,L1,C1_3,D1_3,F1_3,L3,L3,,,
50382,L1,L2,L1,L3,L2,L1,L2,L2,L1,C1_1,D1_1,F1_1,L1,L1,,,
50383,L1,L2,L1,L3,L2,L1,L2,L2,L1,C1_1,D1_1,F1_1,L1,L2,,,
50384,L1,L2,L1,L3,L2,L1,L2,L2,L1,C1_1,D1_1,F1_1,L1,L3,,,
50385,L1,L2,L1,L3,L2,L1,L2,L2,L1,C1_1,D1_1,F1_1,L2,L1,,,
50386,L1,L2,L1,L3,L2,L1,L2,L2,L1,C1_1,D1_1,F1_1,L2,L2,,,
50387,L1,L2,L1,L3,L2,L1,L2,L2,L1,C1_1,D1_1,F1_1,L2,L3,,,
50388,L1,L2,L1,L3,L2,L1,L2,L2,L1,C1_1,D1_1,F1_1,L3,L1,,,
50389,L1,L2,L1,L3,L2,L1,L2,L2,L1,C1_1,D1_1,F1_1,L3,L2,,,
50390,L1,L2,L1,L3,L2,L1,L2,L2,L1,C1_1,D1_1,F1_1,L3,L3,,,
50391,L1,L2,L1,L3,L2,L1,L2,L2,L1,C1_1,D1_1,F1_2,L1,L1,,,
50392,L1,L2,L1,L3,L2,L1,L2,L2,L1,C1_1,D1_1,F1_2,L1,L2,,,
50393,L1,L2,L1,L3,L2,L1,L2,L2,L1,C1_1,D1_1,F1_2,L1,L3,,,
50394,L1,L2,L1,L3,L2,L1,L2,L2,L1,C1_1,D1_1,F1_2,L2,L1,,,
50395,L1,L2,L1,L3,L2,L1,L2,L2,L1,C1_1,D1_1,F1_2,L2,L2,,,
50396,L1,L2,L1,L3,L2,L1,L2,L2,L1,C1_1,D1_1,F1_2,L2,L3,,,
50397,L1,L2,L1,L3,L2,L1,L2,L2,L1,C1_1,D1_1,F1_2,L3,L1,,,
50398,L1,L2,L1,L3,L2,L1,L2,L2,L1,C1_1,D1_1,F1_2,L3,L2,,,
50399,L1,L2,L1,L3,L2,L1,L2,L2,L1,C1_1,D1_1,F1_2,L3,L3,,,
50400,L1,L2,L1,L3,L2,L1,L2,L2,L1,C1_1,D1_1,F1_3,L1,L1,,,
50401,L1,L2,L1,L3,L2,L1,L2,L2,L1,C1_1,D1_1,F1_3,L1,L2,,,
50402,L1,L2,L1,L3,L2,L1,L2,L2,L1,C1_1,D1_1,F1_3,L1,L3,,,
50403,L1,L2,L1,L3,L2,L1,L2,L2,L1,C1_1,D1_1,F1_3,L2,L1,,,
50404,L1,L2,L1,L3,L2,L1,L2,L2,L1,C1_1,D1_1,F1_3,L2,L2,,,
50405,L1,L2,L1,L3,L2,L1,L2,L2,L1,C1_1,D1_1,F1_3,L2,L3,,,
50406,L1,L2,L1,L3,L2,L1,L2,L2,L1,C1_1,D1_1,F1_3,L3,L1,,,
50407,L1,L2,L1,L3,L2,L1,L2,L2,L1,C1_1,D1_1,F1_3,L3,L2,,,
50408,L1,L2,L1,L3,L2,L1,L2,L2,L1,C1_1,D1_1,F1_3,L3,L3,,,
50409,L1,L2,L1,L3,L2,L1,L2,L2,L1,C1_1,D1_2,F1_1,L1,L1,,,
50410,L1,L2,L1,L3,L2,L1,L2,L2,L1,C1_1,D1_2,F1_1,L1,L2,,,
50411,L1,L2,L1,L3,L2,L1,L2,L2,L1,C1_1,D1_2,F1_1,L1,L3,,,
50412,L1,L2,L1,L3,L2,L1,L2,L2,L1,C1_1,D1_2,F1_1,L2,L1,,,
50413,L1,L2,L1,L3,L2,L1,L2,L2,L1,C1_1,D1_2,F1_1,L2,L2,,,
50414,L1,L2,L1,L3,L2,L1,L2,L2,L1,C1_1,D1_2,F1_1,L2,L3,,,
50415,L1,L2,L1,L3,L2,L1,L2,L2,L1,C1_1,D1_2,F1_1,L3,L1,,,
50416,L1,L2,L1,L3,L2,L1,L2,L2,L1,C1_1,D1_2,F1_1,L3,L2,,,
50417,L1,L2,L1,L3,L2,L1,L2,L2,L1,C1_1,D1_2,F1_1,L3,L3,,,
50418,L1,L2,L1,L3,L2,L1,L2,L2,L1,C1_1,D1_2,F1_2,L1,L1,,,
50419,L1,L2,L1,L3,L2,L1,L2,L2,L1,C1_1,D1_2,F1_2,L1,L2,,,
50420,L1,L2,L1,L3,L2,L1,L2,L2,L1,C1_1,D1_2,F1_2,L1,L3,,,
50421,L1,L2,L1,L3,L2,L1,L2,L2,L1,C1_1,D1_2,F1_2,L2,L1,,,
50422,L1,L2,L1,L3,L2,L1,L2,L2,L1,C1_1,D1_2,F1_2,L2,L2,,,
50423,L1,L2,L1,L3,L2,L1,L2,L2,L1,C1_1,D1_2,F1_2,L2,L3,,,
50424,L1,L2,L1,L3,L2,L1,L2,L2,L1,C1_1,D1_2,F1_2,L3,L1,,,
50425,L1,L2,L1,L3,L2,L1,L2,L2,L1,C1_1,D1_2,F1_2,L3,L2,,,
50426,L1,L2,L1,L3,L2,L1,L2,L2,L1,C1_1,D1_2,F1_2,L3,L3,,,
50427,L1,L2,L1,L3,L2,L1,L2,L2,L1,C1_1,D1_2,F1_3,L1,L1,,,
50428,L1,L2,L1,L3,L2,L1,L2,L2,L1,C1_1,D1_2,F1_3,L1,L2,,,
50429,L1,L2,L1,L3,L2,L1,L2,L2,L1,C1_1,D1_2,F1_3,L1,L3,,,
50430,L1,L2,L1,L3,L2,L1,L2,L2,L1,C1_1,D1_2,F1_3,L2,L1,,,
50431,L1,L2,L1,L3,L2,L1,L2,L2,L1,C1_1,D1_2,F1_3,L2,L2,,,
50432,L1,L2,L1,L3,L2,L1,L2,L2,L1,C1_1,D1_2,F1_3,L2,L3,,,
50433,L1,L2,L1,L3,L2,L1,L2,L2,L1,C1_1,D1_2,F1_3,L3,L1,,,
50434,L1,L2,L1,L3,L2,L1,L2,L2,L1,C1_1,D1_2,F1_3,L3,L2,,,
50435,L1,L2,L1,L3,L2,L1,L2,L2,L1,C1_1,D1_2,F1_3,L3,L3,,,
50436,L1,L2,L1,L3,L2,L1,L2,L2,L1,C1_1,D1_3,F1_1,L1,L1,,,
50437,L1,L2,L1,L3,L2,L1,L2,L2,L1,C1_1,D1_3,F1_1,L1,L2,,,
50438,L1,L2,L1,L3,L2,L1,L2,L2,L1,C1_1,D1_3,F1_1,L1,L3,,,
50439,L1,L2,L1,L3,L2,L1,L2,L2,L1,C1_1,D1_3,F1_1,L2,L1,,,
50440,L1,L2,L1,L3,L2,L1,L2,L2,L1,C1_1,D1_3,F1_1,L2,L2,,,
50441,L1,L2,L1,L3,L2,L1,L2,L2,L1,C1_1,D1_3,F1_1,L2,L3,,,
50442,L1,L2,L1,L3,L2,L1,L2,L2,L1,C1_1,D1_3,F1_1,L3,L1,,,
50443,L1,L2,L1,L3,L2,L1,L2,L2,L1,C1_1,D1_3,F1_1,L3,L2,,,
50444,L1,L2,L1,L3,L2,L1,L2,L2,L1,C1_1,D1_3,F1_1,L3,L3,,,
50445,L1,L2,L1,L3,L2,L1,L2,L2,L1,C1_1,D1_3,F1_2,L1,L1,,,
50446,L1,L2,L1,L3,L2,L1,L2,L2,L1,C1_1,D1_3,F1_2,L1,L2,,,
50447,L1,L2,L1,L3,L2,L1,L2,L2,L1,C1_1,D1_3,F1_2,L1,L3,,,
50448,L1,L2,L1,L3,L2,L1,L2,L2,L1,C1_1,D1_3,F1_2,L2,L1,,,
50449,L1,L2,L1,L3,L2,L1,L2,L2,L1,C1_1,D1_3,F1_2,L2,L2,,,
50450,L1,L2,L1,L3,L2,L1,L2,L2,L1,C1_1,D1_3,F1_2,L2,L3,,,
50451,L1,L2,L1,L3,L2,L1,L2,L2,L1,C1_1,D1_3,F1_2,L3,L1,,,
50452,L1,L2,L1,L3,L2,L1,L2,L2,L1,C1_1,D1_3,F1_2,L3,L2,,,
50453,L1,L2,L1,L3,L2,L1,L2,L2,L1,C1_1,D1_3,F1_2,L3,L3,,,
50454,L1,L2,L1,L3,L2,L1,L2,L2,L1,C1_1,D1_3,F1_3,L1,L1,,,
50455,L1,L2,L1,L3,L2,L1,L2,L2,L1,C1_1,D1_3,F1_3,L1,L2,,,
50456,L1,L2,L1,L3,L2,L1,L2,L2,L1,C1_1,D1_3,F1_3,L1,L3,,,
50457,L1,L2,L1,L3,L2,L1,L2,L2,L1,C1_1,D1_3,F1_3,L2,L1,,,
50458,L1,L2,L1,L3,L2,L1,L2,L2,L1,C1_1,D1_3,F1_3,L2,L2,,,
50459,L1,L2,L1,L3,L2,L1,L2,L2,L1,C1_1,D1_3,F1_3,L2,L3,,,
50460,L1,L2,L1,L3,L2,L1,L2,L2,L1,C1_1,D1_3,F1_3,L3,L1,,,
50461,L1,L2,L1,L3,L2,L1,L2,L2,L1,C1_1,D1_3,F1_3,L3,L2,,,
50462,L1,L2,L1,L3,L2,L1,L2,L2,L1,C1_1,D1_3,F1_3,L3,L3,,,
50463,L1,L2,L1,L3,L2,L1,L2,L2,L1,C1_2,D1_1,F1_1,L1,L1,,,
50464,L1,L2,L1,L3,L2,L1,L2,L2,L1,C1_2,D1_1,F1_1,L1,L2,,,
50465,L1,L2,L1,L3,L2,L1,L2,L2,L1,C1_2,D1_1,F1_1,L1,L3,,,
50466,L1,L2,L1,L3,L2,L1,L2,L2,L1,C1_2,D1_1,F1_1,L2,L1,,,
50467,L1,L2,L1,L3,L2,L1,L2,L2,L1,C1_2,D1_1,F1_1,L2,L2,,,
50468,L1,L2,L1,L3,L2,L1,L2,L2,L1,C1_2,D1_1,F1_1,L2,L3,,,
50469,L1,L2,L1,L3,L2,L1,L2,L2,L1,C1_2,D1_1,F1_1,L3,L1,,,
50470,L1,L2,L1,L3,L2,L1,L2,L2,L1,C1_2,D1_1,F1_1,L3,L2,,,
50471,L1,L2,L1,L3,L2,L1,L2,L2,L1,C1_2,D1_1,F1_1,L3,L3,,,
50472,L1,L2,L1,L3,L2,L1,L2,L2,L1,C1_2,D1_1,F1_2,L1,L1,,,
50473,L1,L2,L1,L3,L2,L1,L2,L2,L1,C1_2,D1_1,F1_2,L1,L2,,,
50474,L1,L2,L1,L3,L2,L1,L2,L2,L1,C1_2,D1_1,F1_2,L1,L3,,,
50475,L1,L2,L1,L3,L2,L1,L2,L2,L1,C1_2,D1_1,F1_2,L2,L1,,,
50476,L1,L2,L1,L3,L2,L1,L2,L2,L1,C1_2,D1_1,F1_2,L2,L2,,,
50477,L1,L2,L1,L3,L2,L1,L2,L2,L1,C1_2,D1_1,F1_2,L2,L3,,,
50478,L1,L2,L1,L3,L2,L1,L2,L2,L1,C1_2,D1_1,F1_2,L3,L1,,,
50479,L1,L2,L1,L3,L2,L1,L2,L2,L1,C1_2,D1_1,F1_2,L3,L2,,,
50480,L1,L2,L1,L3,L2,L1,L2,L2,L1,C1_2,D1_1,F1_2,L3,L3,,,
50481,L1,L2,L1,L3,L2,L1,L2,L2,L1,C1_2,D1_1,F1_3,L1,L1,,,
50482,L1,L2,L1,L3,L2,L1,L2,L2,L1,C1_2,D1_1,F1_3,L1,L2,,,
50483,L1,L2,L1,L3,L2,L1,L2,L2,L1,C1_2,D1_1,F1_3,L1,L3,,,
50484,L1,L2,L1,L3,L2,L1,L2,L2,L1,C1_2,D1_1,F1_3,L2,L1,,,
50485,L1,L2,L1,L3,L2,L1,L2,L2,L1,C1_2,D1_1,F1_3,L2,L2,,,
50486,L1,L2,L1,L3,L2,L1,L2,L2,L1,C1_2,D1_1,F1_3,L2,L3,,,
50487,L1,L2,L1,L3,L2,L1,L2,L2,L1,C1_2,D1_1,F1_3,L3,L1,,,
50488,L1,L2,L1,L3,L2,L1,L2,L2,L1,C1_2,D1_1,F1_3,L3,L2,,,
50489,L1,L2,L1,L3,L2,L1,L2,L2,L1,C1_2,D1_1,F1_3,L3,L3,,,
50490,L1,L2,L1,L3,L2,L1,L2,L2,L1,C1_2,D1_2,F1_1,L1,L1,,,
50491,L1,L2,L1,L3,L2,L1,L2,L2,L1,C1_2,D1_2,F1_1,L1,L2,,,
50492,L1,L2,L1,L3,L2,L1,L2,L2,L1,C1_2,D1_2,F1_1,L1,L3,,,
50493,L1,L2,L1,L3,L2,L1,L2,L2,L1,C1_2,D1_2,F1_1,L2,L1,,,
50494,L1,L2,L1,L3,L2,L1,L2,L2,L1,C1_2,D1_2,F1_1,L2,L2,,,
50495,L1,L2,L1,L3,L2,L1,L2,L2,L1,C1_2,D1_2,F1_1,L2,L3,,,
50496,L1,L2,L1,L3,L2,L1,L2,L2,L1,C1_2,D1_2,F1_1,L3,L1,,,
50497,L1,L2,L1,L3,L2,L1,L2,L2,L1,C1_2,D1_2,F1_1,L3,L2,,,
50498,L1,L2,L1,L3,L2,L1,L2,L2,L1,C1_2,D1_2,F1_1,L3,L3,,,
50499,L1,L2,L1,L3,L2,L1,L2,L2,L1,C1_2,D1_2,F1_2,L1,L1,,,
50500,L1,L2,L1,L3,L2,L1,L2,L2,L1,C1_2,D1_2,F1_2,L1,L2,,,
50501,L1,L2,L1,L3,L2,L1,L2,L2,L1,C1_2,D1_2,F1_2,L1,L3,,,
50502,L1,L2,L1,L3,L2,L1,L2,L2,L1,C1_2,D1_2,F1_2,L2,L1,,,
50503,L1,L2,L1,L3,L2,L1,L2,L2,L1,C1_2,D1_2,F1_2,L2,L2,,,
50504,L1,L2,L1,L3,L2,L1,L2,L2,L1,C1_2,D1_2,F1_2,L2,L3,,,
50505,L1,L2,L1,L3,L2,L1,L2,L2,L1,C1_2,D1_2,F1_2,L3,L1,,,
50506,L1,L2,L1,L3,L2,L1,L2,L2,L1,C1_2,D1_2,F1_2,L3,L2,,,
50507,L1,L2,L1,L3,L2,L1,L2,L2,L1,C1_2,D1_2,F1_2,L3,L3,,,
50508,L1,L2,L1,L3,L2,L1,L2,L2,L1,C1_2,D1_2,F1_3,L1,L1,,,
50509,L1,L2,L1,L3,L2,L1,L2,L2,L1,C1_2,D1_2,F1_3,L1,L2,,,
50510,L1,L2,L1,L3,L2,L1,L2,L2,L1,C1_2,D1_2,F1_3,L1,L3,,,
50511,L1,L2,L1,L3,L2,L1,L2,L2,L1,C1_2,D1_2,F1_3,L2,L1,,,
50512,L1,L2,L1,L3,L2,L1,L2,L2,L1,C1_2,D1_2,F1_3,L2,L2,,,
50513,L1,L2,L1,L3,L2,L1,L2,L2,L1,C1_2,D1_2,F1_3,L2,L3,,,
50514,L1,L2,L1,L3,L2,L1,L2,L2,L1,C1_2,D1_2,F1_3,L3,L1,,,
50515,L1,L2,L1,L3,L2,L1,L2,L2,L1,C1_2,D1_2,F1_3,L3,L2,,,
50516,L1,L2,L1,L3,L2,L1,L2,L2,L1,C1_2,D1_2,F1_3,L3,L3,,,
50517,L1,L2,L1,L3,L2,L1,L2,L2,L1,C1_2,D1_3,F1_1,L1,L1,,,
50518,L1,L2,L1,L3,L2,L1,L2,L2,L1,C1_2,D1_3,F1_1,L1,L2,,,
50519,L1,L2,L1,L3,L2,L1,L2,L2,L1,C1_2,D1_3,F1_1,L1,L3,,,
50520,L1,L2,L1,L3,L2,L1,L2,L2,L1,C1_2,D1_3,F1_1,L2,L1,,,
50521,L1,L2,L1,L3,L2,L1,L2,L2,L1,C1_2,D1_3,F1_1,L2,L2,,,
50522,L1,L2,L1,L3,L2,L1,L2,L2,L1,C1_2,D1_3,F1_1,L2,L3,,,
50523,L1,L2,L1,L3,L2,L1,L2,L2,L1,C1_2,D1_3,F1_1,L3,L1,,,
50524,L1,L2,L1,L3,L2,L1,L2,L2,L1,C1_2,D1_3,F1_1,L3,L2,,,
50525,L1,L2,L1,L3,L2,L1,L2,L2,L1,C1_2,D1_3,F1_1,L3,L3,,,
50526,L1,L2,L1,L3,L2,L1,L2,L2,L1,C1_2,D1_3,F1_2,L1,L1,,,
50527,L1,L2,L1,L3,L2,L1,L2,L2,L1,C1_2,D1_3,F1_2,L1,L2,,,
50528,L1,L2,L1,L3,L2,L1,L2,L2,L1,C1_2,D1_3,F1_2,L1,L3,,,
50529,L1,L2,L1,L3,L2,L1,L2,L2,L1,C1_2,D1_3,F1_2,L2,L1,,,
50530,L1,L2,L1,L3,L2,L1,L2,L2,L1,C1_2,D1_3,F1_2,L2,L2,,,
50531,L1,L2,L1,L3,L2,L1,L2,L2,L1,C1_2,D1_3,F1_2,L2,L3,,,
50532,L1,L2,L1,L3,L2,L1,L2,L2,L1,C1_2,D1_3,F1_2,L3,L1,,,
50533,L1,L2,L1,L3,L2,L1,L2,L2,L1,C1_2,D1_3,F1_2,L3,L2,,,
50534,L1,L2,L1,L3,L2,L1,L2,L2,L1,C1_2,D1_3,F1_2,L3,L3,,,
50535,L1,L2,L1,L3,L2,L1,L2,L2,L1,C1_2,D1_3,F1_3,L1,L1,,,
50536,L1,L2,L1,L3,L2,L1,L2,L2,L1,C1_2,D1_3,F1_3,L1,L2,,,
50537,L1,L2,L1,L3,L2,L1,L2,L2,L1,C1_2,D1_3,F1_3,L1,L3,,,
50538,L1,L2,L1,L3,L2,L1,L2,L2,L1,C1_2,D1_3,F1_3,L2,L1,,,
50539,L1,L2,L1,L3,L2,L1,L2,L2,L1,C1_2,D1_3,F1_3,L2,L2,,,
50540,L1,L2,L1,L3,L2,L1,L2,L2,L1,C1_2,D1_3,F1_3,L2,L3,,,
50541,L1,L2,L1,L3,L2,L1,L2,L2,L1,C1_2,D1_3,F1_3,L3,L1,,,
50542,L1,L2,L1,L3,L2,L1,L2,L2,L1,C1_2,D1_3,F1_3,L3,L2,,,
50543,L1,L2,L1,L3,L2,L1,L2,L2,L1,C1_2,D1_3,F1_3,L3,L3,,,
50544,L1,L2,L1,L3,L2,L1,L2,L2,L1,C1_3,D1_1,F1_1,L1,L1,,,
50545,L1,L2,L1,L3,L2,L1,L2,L2,L1,C1_3,D1_1,F1_1,L1,L2,,,
50546,L1,L2,L1,L3,L2,L1,L2,L2,L1,C1_3,D1_1,F1_1,L1,L3,,,
50547,L1,L2,L1,L3,L2,L1,L2,L2,L1,C1_3,D1_1,F1_1,L2,L1,,,
50548,L1,L2,L1,L3,L2,L1,L2,L2,L1,C1_3,D1_1,F1_1,L2,L2,,,
50549,L1,L2,L1,L3,L2,L1,L2,L2,L1,C1_3,D1_1,F1_1,L2,L3,,,
50550,L1,L2,L1,L3,L2,L1,L2,L2,L1,C1_3,D1_1,F1_1,L3,L1,,,
50551,L1,L2,L1,L3,L2,L1,L2,L2,L1,C1_3,D1_1,F1_1,L3,L2,,,
50552,L1,L2,L1,L3,L2,L1,L2,L2,L1,C1_3,D1_1,F1_1,L3,L3,,,
50553,L1,L2,L1,L3,L2,L1,L2,L2,L1,C1_3,D1_1,F1_2,L1,L1,,,
50554,L1,L2,L1,L3,L2,L1,L2,L2,L1,C1_3,D1_1,F1_2,L1,L2,,,
50555,L1,L2,L1,L3,L2,L1,L2,L2,L1,C1_3,D1_1,F1_2,L1,L3,,,
50556,L1,L2,L1,L3,L2,L1,L2,L2,L1,C1_3,D1_1,F1_2,L2,L1,,,
50557,L1,L2,L1,L3,L2,L1,L2,L2,L1,C1_3,D1_1,F1_2,L2,L2,,,
50558,L1,L2,L1,L3,L2,L1,L2,L2,L1,C1_3,D1_1,F1_2,L2,L3,,,
50559,L1,L2,L1,L3,L2,L1,L2,L2,L1,C1_3,D1_1,F1_2,L3,L1,,,
50560,L1,L2,L1,L3,L2,L1,L2,L2,L1,C1_3,D1_1,F1_2,L3,L2,,,
50561,L1,L2,L1,L3,L2,L1,L2,L2,L1,C1_3,D1_1,F1_2,L3,L3,,,
50562,L1,L2,L1,L3,L2,L1,L2,L2,L1,C1_3,D1_1,F1_3,L1,L1,,,
50563,L1,L2,L1,L3,L2,L1,L2,L2,L1,C1_3,D1_1,F1_3,L1,L2,,,
50564,L1,L2,L1,L3,L2,L1,L2,L2,L1,C1_3,D1_1,F1_3,L1,L3,,,
50565,L1,L2,L1,L3,L2,L1,L2,L2,L1,C1_3,D1_1,F1_3,L2,L1,,,
50566,L1,L2,L1,L3,L2,L1,L2,L2,L1,C1_3,D1_1,F1_3,L2,L2,,,
50567,L1,L2,L1,L3,L2,L1,L2,L2,L1,C1_3,D1_1,F1_3,L2,L3,,,
50568,L1,L2,L1,L3,L2,L1,L2,L2,L1,C1_3,D1_1,F1_3,L3,L1,,,
50569,L1,L2,L1,L3,L2,L1,L2,L2,L1,C1_3,D1_1,F1_3,L3,L2,,,
50570,L1,L2,L1,L3,L2,L1,L2,L2,L1,C1_3,D1_1,F1_3,L3,L3,,,
50571,L1,L2,L1,L3,L2,L1,L2,L2,L1,C1_3,D1_2,F1_1,L1,L1,,,
50572,L1,L2,L1,L3,L2,L1,L2,L2,L1,C1_3,D1_2,F1_1,L1,L2,,,
50573,L1,L2,L1,L3,L2,L1,L2,L2,L1,C1_3,D1_2,F1_1,L1,L3,,,
50574,L1,L2,L1,L3,L2,L1,L2,L2,L1,C1_3,D1_2,F1_1,L2,L1,,,
50575,L1,L2,L1,L3,L2,L1,L2,L2,L1,C1_3,D1_2,F1_1,L2,L2,,,
50576,L1,L2,L1,L3,L2,L1,L2,L2,L1,C1_3,D1_2,F1_1,L2,L3,,,
50577,L1,L2,L1,L3,L2,L1,L2,L2,L1,C1_3,D1_2,F1_1,L3,L1,,,
50578,L1,L2,L1,L3,L2,L1,L2,L2,L1,C1_3,D1_2,F1_1,L3,L2,,,
50579,L1,L2,L1,L3,L2,L1,L2,L2,L1,C1_3,D1_2,F1_1,L3,L3,,,
50580,L1,L2,L1,L3,L2,L1,L2,L2,L1,C1_3,D1_2,F1_2,L1,L1,,,
50581,L1,L2,L1,L3,L2,L1,L2,L2,L1,C1_3,D1_2,F1_2,L1,L2,,,
50582,L1,L2,L1,L3,L2,L1,L2,L2,L1,C1_3,D1_2,F1_2,L1,L3,,,
50583,L1,L2,L1,L3,L2,L1,L2,L2,L1,C1_3,D1_2,F1_2,L2,L1,,,
50584,L1,L2,L1,L3,L2,L1,L2,L2,L1,C1_3,D1_2,F1_2,L2,L2,,,
50585,L1,L2,L1,L3,L2,L1,L2,L2,L1,C1_3,D1_2,F1_2,L2,L3,,,
50586,L1,L2,L1,L3,L2,L1,L2,L2,L1,C1_3,D1_2,F1_2,L3,L1,,,
50587,L1,L2,L1,L3,L2,L1,L2,L2,L1,C1_3,D1_2,F1_2,L3,L2,,,
50588,L1,L2,L1,L3,L2,L1,L2,L2,L1,C1_3,D1_2,F1_2,L3,L3,,,
50589,L1,L2,L1,L3,L2,L1,L2,L2,L1,C1_3,D1_2,F1_3,L1,L1,,,
50590,L1,L2,L1,L3,L2,L1,L2,L2,L1,C1_3,D1_2,F1_3,L1,L2,,,
50591,L1,L2,L1,L3,L2,L1,L2,L2,L1,C1_3,D1_2,F1_3,L1,L3,,,
50592,L1,L2,L1,L3,L2,L1,L2,L2,L1,C1_3,D1_2,F1_3,L2,L1,,,
50593,L1,L2,L1,L3,L2,L1,L2,L2,L1,C1_3,D1_2,F1_3,L2,L2,,,
50594,L1,L2,L1,L3,L2,L1,L2,L2,L1,C1_3,D1_2,F1_3,L2,L3,,,
50595,L1,L2,L1,L3,L2,L1,L2,L2,L1,C1_3,D1_2,F1_3,L3,L1,,,
50596,L1,L2,L1,L3,L2,L1,L2,L2,L1,C1_3,D1_2,F1_3,L3,L2,,,
50597,L1,L2,L1,L3,L2,L1,L2,L2,L1,C1_3,D1_2,F1_3,L3,L3,,,
50598,L1,L2,L1,L3,L2,L1,L2,L2,L1,C1_3,D1_3,F1_1,L1,L1,,,
50599,L1,L2,L1,L3,L2,L1,L2,L2,L1,C1_3,D1_3,F1_1,L1,L2,,,
50600,L1,L2,L1,L3,L2,L1,L2,L2,L1,C1_3,D1_3,F1_1,L1,L3,,,
50601,L1,L2,L1,L3,L2,L1,L2,L2,L1,C1_3,D1_3,F1_1,L2,L1,,,
50602,L1,L2,L1,L3,L2,L1,L2,L2,L1,C1_3,D1_3,F1_1,L2,L2,,,
50603,L1,L2,L1,L3,L2,L1,L2,L2,L1,C1_3,D1_3,F1_1,L2,L3,,,
50604,L1,L2,L1,L3,L2,L1,L2,L2,L1,C1_3,D1_3,F1_1,L3,L1,,,
50605,L1,L2,L1,L3,L2,L1,L2,L2,L1,C1_3,D1_3,F1_1,L3,L2,,,
50606,L1,L2,L1,L3,L2,L1,L2,L2,L1,C1_3,D1_3,F1_1,L3,L3,,,
50607,L1,L2,L1,L3,L2,L1,L2,L2,L1,C1_3,D1_3,F1_2,L1,L1,,,
50608,L1,L2,L1,L3,L2,L1,L2,L2,L1,C1_3,D1_3,F1_2,L1,L2,,,
50609,L1,L2,L1,L3,L2,L1,L2,L2,L1,C1_3,D1_3,F1_2,L1,L3,,,
50610,L1,L2,L1,L3,L2,L1,L2,L2,L1,C1_3,D1_3,F1_2,L2,L1,,,
50611,L1,L2,L1,L3,L2,L1,L2,L2,L1,C1_3,D1_3,F1_2,L2,L2,,,
50612,L1,L2,L1,L3,L2,L1,L2,L2,L1,C1_3,D1_3,F1_2,L2,L3,,,
50613,L1,L2,L1,L3,L2,L1,L2,L2,L1,C1_3,D1_3,F1_2,L3,L1,,,
50614,L1,L2,L1,L3,L2,L1,L2,L2,L1,C1_3,D1_3,F1_2,L3,L2,,,
50615,L1,L2,L1,L3,L2,L1,L2,L2,L1,C1_3,D1_3,F1_2,L3,L3,,,
50616,L1,L2,L1,L3,L2,L1,L2,L2,L1,C1_3,D1_3,F1_3,L1,L1,,,
50617,L1,L2,L1,L3,L2,L1,L2,L2,L1,C1_3,D1_3,F1_3,L1,L2,,,
50618,L1,L2,L1,L3,L2,L1,L2,L2,L1,C1_3,D1_3,F1_3,L1,L3,,,
50619,L1,L2,L1,L3,L2,L1,L2,L2,L1,C1_3,D1_3,F1_3,L2,L1,,,
50620,L1,L2,L1,L3,L2,L1,L2,L2,L1,C1_3,D1_3,F1_3,L2,L2,,,
50621,L1,L2,L1,L3,L2,L1,L2,L2,L1,C1_3,D1_3,F1_3,L2,L3,,,
50622,L1,L2,L1,L3,L2,L1,L2,L2,L1,C1_3,D1_3,F1_3,L3,L1,,,
50623,L1,L2,L1,L3,L2,L1,L2,L2,L1,C1_3,D1_3,F1_3,L3,L2,,,
50624,L1,L2,L1,L3,L2,L1,L2,L2,L1,C1_3,D1_3,F1_3,L3,L3,,,
74169,L3,L3,L1,L1,L2,L1,L2,L2,L1,C1_1,D1_1,F1_1,L1,L1,,,
74170,L3,L3,L1,L1,L2,L1,L2,L2,L1,C1_1,D1_1,F1_1,L1,L2,,,
74171,L3,L3,L1,L1,L2,L1,L2,L2,L1,C1_1,D1_1,F1_1,L1,L3,,,
74172,L3,L3,L1,L1,L2,L1,L2,L2,L1,C1_1,D1_1,F1_1,L2,L1,,,
74173,L3,L3,L1,L1,L2,L1,L2,L2,L1,C1_1,D1_1,F1_1,L2,L2,,,
74174,L3,L3,L1,L1,L2,L1,L2,L2,L1,C1_1,D1_1,F1_1,L2,L3,,,
74175,L3,L3,L1,L1,L2,L1,L2,L2,L1,C1_1,D1_1,F1_1,L3,L1,,,
74176,L3,L3,L1,L1,L2,L1,L2,L2,L1,C1_1,D1_1,F1_1,L3,L2,,,
74177,L3,L3,L1,L1,L2,L1,L2,L2,L1,C1_1,D1_1,F1_1,L3,L3,,,
74178,L3,L3,L1,L1,L2,L1,L2,L2,L1,C1_1,D1_1,F1_2,L1,L1,,,
74179,L3,L3,L1,L1,L2,L1,L2,L2,L1,C1_1,D1_1,F1_2,L1,L2,,,
74180,L3,L3,L1,L1,L2,L1,L2,L2,L1,C1_1,D1_1,F1_2,L1,L3,,,
74181,L3,L3,L1,L1,L2,L1,L2,L2,L1,C1_1,D1_1,F1_2,L2,L1,,,
74182,L3,L3,L1,L1,L2,L1,L2,L2,L1,C1_1,D1_1,F1_2,L2,L2,,,
74183,L3,L3,L1,L1,L2,L1,L2,L2,L1,C1_1,D1_1,F1_2,L2,L3,,,
74184,L3,L3,L1,L1,L2,L1,L2,L2,L1,C1_1,D1_1,F1_2,L3,L1,,,
74185,L3,L3,L1,L1,L2,L1,L2,L2,L1,C1_1,D1_1,F1_2,L3,L2,,,
74186,L3,L3,L1,L1,L2,L1,L2,L2,L1,C1_1,D1_1,F1_2,L3,L3,,,
74187,L3,L3,L1,L1,L2,L1,L2,L2,L1,C1_1,D1_1,F1_3,L1,L1,,,
74188,L3,L3,L1,L1,L2,L1,L2,L2,L1,C1_1,D1_1,F1_3,L1,L2,,,
74189,L3,L3,L1,L1,L2,L1,L2,L2,L1,C1_1,D1_1,F1_3,L1,L3,,,
74190,L3,L3,L1,L1,L2,L1,L2,L2,L1,C1_1,D1_1,F1_3,L2,L1,,,
74191,L3,L3,L1,L1,L2,L1,L2,L2,L1,C1_1,D1_1,F1_3,L2,L2,,,
74192,L3,L3,L1,L1,L2,L1,L2,L2,L1,C1_1,D1_1,F1_3,L2,L3,,,
74193,L3,L3,L1,L1,L2,L1,L2,L2,L1,C1_1,D1_1,F1_3,L3,L1,,,
74194,L3,L3,L1,L1,L2,L1,L2,L2,L1,C1_1,D1_1,F1_3,L3,L2,,,
74195,L3,L3,L1,L1,L2,L1,L2,L2,L1,C1_1,D1_1,F1_3,L3,L3,,,
74196,L3,L3,L1,L1,L2,L1,L2,L2,L1,C1_1,D1_2,F1_1,L1,L1,,,
74197,L3,L3,L1,L1,L2,L1,L2,L2,L1,C1_1,D1_2,F1_1,L1,L2,,,
74198,L3,L3,L1,L1,L2,L1,L2,L2,L1,C1_1,D1_2,F1_1,L1,L3,,,
74199,L3,L3,L1,L1,L2,L1,L2,L2,L1,C1_1,D1_2,F1_1,L2,L1,,,
74200,L3,L3,L1,L1,L2,L1,L2,L2,L1,C1_1,D1_2,F1_1,L2,L2,,,
74201,L3,L3,L1,L1,L2,L1,L2,L2,L1,C1_1,D1_2,F1_1,L2,L3,,,
74202,L3,L3,L1,L1,L2,L1,L2,L2,L1,C1_1,D1_2,F1_1,L3,L1,,,
74203,L3,L3,L1,L1,L2,L1,L2,L2,L1,C1_1,D1_2,F1_1,L3,L2,,,
74204,L3,L3,L1,L1,L2,L1,L2,L2,L1,C1_1,D1_2,F1_1,L3,L3,,,
74205,L3,L3,L1,L1,L2,L1,L2,L2,L1,C1_1,D1_2,F1_2,L1,L1,,,
74206,L3,L3,L1,L1,L2,L1,L2,L2,L1,C1_1,D1_2,F1_2,L1,L2,,,
74207,L3,L3,L1,L1,L2,L1,L2,L2,L1,C1_1,D1_2,F1_2,L1,L3,,,
74208,L3,L3,L1,L1,L2,L1,L2,L2,L1,C1_1,D1_2,F1_2,L2,L1,,,
74209,L3,L3,L1,L1,L2,L1,L2,L2,L1,C1_1,D1_2,F1_2,L2,L2,,,
74210,L3,L3,L1,L1,L2,L1,L2,L2,L1,C1_1,D1_2,F1_2,L2,L3,,,
74211,L3,L3,L1,L1,L2,L1,L2,L2,L1,C1_1,D1_2,F1_2,L3,L1,,,
74212,L3,L3,L1,L1,L2,L1,L2,L2,L1,C1_1,D1_2,F1_2,L3,L2,,,
74213,L3,L3,L1,L1,L2,L1,L2,L2,L1,C1_1,D1_2,F1_2,L3,L3,,,
74214,L3,L3,L1,L1,L2,L1,L2,L2,L1,C1_1,D1_2,F1_3,L1,L1,,,
74215,L3,L3,L1,L1,L2,L1,L2,L2,L1,C1_1,D1_2,F1_3,L1,L2,,,
74216,L3,L3,L1,L1,L2,L1,L2,L2,L1,C1_1,D1_2,F1_3,L1,L3,,,
74217,L3,L3,L1,L1,L2,L1,L2,L2,L1,C1_1,D1_2,F1_3,L2,L1,,,
74218,L3,L3,L1,L1,L2,L1,L2,L2,L1,C1_1,D1_2,F1_3,L2,L2,,,
74219,L3,L3,L1,L1,L2,L1,L2,L2,L1,C1_1,D1_2,F1_3,L2,L3,,,
74220,L3,L3,L1,L1,L2,L1,L2,L2,L1,C1_1,D1_2,F1_3,L3,L1,,,
74221,L3,L3,L1,L1,L2,L1,L2,L2,L1,C1_1,D1_2,F1_3,L3,L2,,,
74222,L3,L3,L1,L1,L2,L1,L2,L2,L1,C1_1,D1_2,F1_3,L3,L3,,,
74223,L3,L3,L1,L1,L2,L1,L2,L2,L1,C1_1,D1_3,F1_1,L1,L1,,,
74224,L3,L3,L1,L1,L2,L1,L2,L2,L1,C1_1,D1_3,F1_1,L1,L2,,,
74225,L3,L3,L1,L1,L2,L1,L2,L2,L1,C1_1,D1_3,F1_1,L1,L3,,,
74226,L3,L3,L1,L1,L2,L1,L2,L2,L1,C1_1,D1_3,F1_1,L2,L1,,,
74227,L3,L3,L1,L1,L2,L1,L2,L2,L1,C1_1,D1_3,F1_1,L2,L2,,,
74228,L3,L3,L1,L1,L2,L1,L2,L2,L1,C1_1,D1_3,F1_1,L2,L3,,,
74229,L3,L3,L1,L1,L2,L1,L2,L2,L1,C1_1,D1_3,F1_1,L3,L1,,,
74230,L3,L3,L1,L1,L2,L1,L2,L2,L1,C1_1,D1_3,F1_1,L3,L2,,,
74231,L3,L3,L1,L1,L2,L1,L2,L2,L1,C1_1,D1_3,F1_1,L3,L3,,,
74232,L3,L3,L1,L1,L2,L1,L2,L2,L1,C1_1,D1_3,F1_2,L1,L1,,,
74233,L3,L3,L1,L1,L2,L1,L2,L2,L1,C1_1,D1_3,F1_2,L1,L2,,,
74234,L3,L3,L1,L1,L2,L1,L2,L2,L1,C1_1,D1_3,F1_2,L1,L3,,,
74235,L3,L3,L1,L1,L2,L1,L2,L2,L1,C1_1,D1_3,F1_2,L2,L1,,,
74236,L3,L3,L1,L1,L2,L1,L2,L2,L1,C1_1,D1_3,F1_2,L2,L2,,,
74237,L3,L3,L1,L1,L2,L1,L2,L2,L1,C1_1,D1_3,F1_2,L2,L3,,,
74238,L3,L3,L1,L1,L2,L1,L2,L2,L1,C1_1,D1_3,F1_2,L3,L1,,,
74239,L3,L3,L1,L1,L2,L1,L2,L2,L1,C1_1,D1_3,F1_2,L3,L2,,,
74240,L3,L3,L1,L1,L2,L1,L2,L2,L1,C1_1,D1_3,F1_2,L3,L3,,,
74241,L3,L3,L1,L1,L2,L1,L2,L2,L1,C1_1,D1_3,F1_3,L1,L1,,,
74242,L3,L3,L1,L1,L2,L1,L2,L2,L1,C1_1,D1_3,F1_3,L1,L2,,,
74243,L3,L3,L1,L1,L2,L1,L2,L2,L1,C1_1,D1_3,F1_3,L1,L3,,,
74244,L3,L3,L1,L1,L2,L1,L2,L2,L1,C1_1,D1_3,F1_3,L2,L1,,,
74245,L3,L3,L1,L1,L2,L1,L2,L2,L1,C1_1,D1_3,F1_3,L2,L2,,,
74246,L3,L3,L1,L1,L2,L1,L2,L2,L1,C1_1,D1_3,F1_3,L2,L3,,,
74247,L3,L3,L1,L1,L2,L1,L2,L2,L1,C1_1,D1_3,F1_3,L3,L1,,,
74248,L3,L3,L1,L1,L2,L1,L2,L2,L1,C1_1,D1_3,F1_3,L3,L2,,,
74249,L3,L3,L1,L1,L2,L1,L2,L2,L1,C1_1,D1_3,F1_3,L3,L3,,,
74250,L3,L3,L1,L1,L2,L1,L2,L2,L1,C1_2,D1_1,F1_1,L1,L1,,,
74251,L3,L3,L1,L1,L2,L1,L2,L2,L1,C1_2,D1_1,F1_1,L1,L2,,,
74252,L3,L3,L1,L1,L2,L1,L2,L2,L1,C1_2,D1_1,F1_1,L1,L3,,,
74253,L3,L3,L1,L1,L2,L1,L2,L2,L1,C1_2,D1_1,F1_1,L2,L1,,,
74254,L3,L3,L1,L1,L2,L1,L2,L2,L1,C1_2,D1_1,F1_1,L2,L2,,,
74255,L3,L3,L1,L1,L2,L1,L2,L2,L1,C1_2,D1_1,F1_1,L2,L3,,,
74256,L3,L3,L1,L1,L2,L1,L2,L2,L1,C1_2,D1_1,F1_1,L3,L1,,,
74257,L3,L3,L1,L1,L2,L1,L2,L2,L1,C1_2,D1_1,F1_1,L3,L2,,,
74258,L3,L3,L1,L1,L2,L1,L2,L2,L1,C1_2,D1_1,F1_1,L3,L3,,,
74259,L3,L3,L1,L1,L2,L1,L2,L2,L1,C1_2,D1_1,F1_2,L1,L1,,,
74260,L3,L3,L1,L1,L2,L1,L2,L2,L1,C1_2,D1_1,F1_2,L1,L2,,,
74261,L3,L3,L1,L1,L2,L1,L2,L2,L1,C1_2,D1_1,F1_2,L1,L3,,,
74262,L3,L3,L1,L1,L2,L1,L2,L2,L1,C1_2,D1_1,F1_2,L2,L1,,,
74263,L3,L3,L1,L1,L2,L1,L2,L2,L1,C1_2,D1_1,F1_2,L2,L2,,,
74264,L3,L3,L1,L1,L2,L1,L2,L2,L1,C1_2,D1_1,F1_2,L2,L3,,,
74265,L3,L3,L1,L1,L2,L1,L2,L2,L1,C1_2,D1_1,F1_2,L3,L1,,,
74266,L3,L3,L1,L1,L2,L1,L2,L2,L1,C1_2,D1_1,F1_2,L3,L2,,,
74267,L3,L3,L1,L1,L2,L1,L2,L2,L1,C1_2,D1_1,F1_2,L3,L3,,,
74268,L3,L3,L1,L1,L2,L1,L2,L2,L1,C1_2,D1_1,F1_3,L1,L1,,,
74269,L3,L3,L1,L1,L2,L1,L2,L2,L1,C1_2,D1_1,F1_3,L1,L2,,,
74270,L3,L3,L1,L1,L2,L1,L2,L2,L1,C1_2,D1_1,F1_3,L1,L3,,,
74271,L3,L3,L1,L1,L2,L1,L2,L2,L1,C1_2,D1_1,F1_3,L2,L1,,,
74272,L3,L3,L1,L1,L2,L1,L2,L2,L1,C1_2,D1_1,F1_3,L2,L2,,,
74273,L3,L3,L1,L1,L2,L1,L2,L2,L1,C1_2,D1_1,F1_3,L2,L3,,,
74274,L3,L3,L1,L1,L2,L1,L2,L2,L1,C1_2,D1_1,F1_3,L3,L1,,,
74275,L3,L3,L1,L1,L2,L1,L2,L2,L1,C1_2,D1_1,F1_3,L3,L2,,,
74276,L3,L3,L1,L1,L2,L1,L2,L2,L1,C1_2,D1_1,F1_3,L3,L3,,,
74277,L3,L3,L1,L1,L2,L1,L2,L2,L1,C1_2,D1_2,F1_1,L1,L1,,,
74278,L3,L3,L1,L1,L2,L1,L2,L2,L1,C1_2,D1_2,F1_1,L1,L2,,,
74279,L3,L3,L1,L1,L2,L1,L2,L2,L1,C1_2,D1_2,F1_1,L1,L3,,,
74280,L3,L3,L1,L1,L2,L1,L2,L2,L1,C1_2,D1_2,F1_1,L2,L1,,,
74281,L3,L3,L1,L1,L2,L1,L2,L2,L1,C1_2,D1_2,F1_1,L2,L2,,,
74282,L3,L3,L1,L1,L2,L1,L2,L2,L1,C1_2,D1_2,F1_1,L2,L3,,,
74283,L3,L3,L1,L1,L2,L1,L2,L2,L1,C1_2,D1_2,F1_1,L3,L1,,,
74284,L3,L3,L1,L1,L2,L1,L2,L2,L1,C1_2,D1_2,F1_1,L3,L2,,,
74285,L3,L3,L1,L1,L2,L1,L2,L2,L1,C1_2,D1_2,F1_1,L3,L3,,,
74286,L3,L3,L1,L1,L2,L1,L2,L2,L1,C1_2,D1_2,F1_2,L1,L1,,,
74287,L3,L3,L1,L1,L2,L1,L2,L2,L1,C1_2,D1_2,F1_2,L1,L2,,,
74288,L3,L3,L1,L1,L2,L1,L2,L2,L1,C1_2,D1_2,F1_2,L1,L3,,,
74289,L3,L3,L1,L1,L2,L1,L2,L2,L1,C1_2,D1_2,F1_2,L2,L1,,,
74290,L3,L3,L1,L1,L2,L1,L2,L2,L1,C1_2,D1_2,F1_2,L2,L2,,,
74291,L3,L3,L1,L1,L2,L1,L2,L2,L1,C1_2,D1_2,F1_2,L2,L3,,,
74292,L3,L3,L1,L1,L2,L1,L2,L2,L1,C1_2,D1_2,F1_2,L3,L1,,,
74293,L3,L3,L1,L1,L2,L1,L2,L2,L1,C1_2,D1_2,F1_2,L3,L2,,,
74294,L3,L3,L1,L1,L2,L1,L2,L2,L1,C1_2,D1_2,F1_2,L3,L3,,,
74295,L3,L3,L1,L1,L2,L1,L2,L2,L1,C1_2,D1_2,F1_3,L1,L1,,,
74296,L3,L3,L1,L1,L2,L1,L2,L2,L1,C1_2,D1_2,F1_3,L1,L2,,,
74297,L3,L3,L1,L1,L2,L1,L2,L2,L1,C1_2,D1_2,F1_3,L1,L3,,,
74298,L3,L3,L1,L1,L2,L1,L2,L2,L1,C1_2,D1_2,F1_3,L2,L1,,,
74299,L3,L3,L1,L1,L2,L1,L2,L2,L1,C1_2,D1_2,F1_3,L2,L2,,,
74300,L3,L3,L1,L1,L2,L1,L2,L2,L1,C1_2,D1_2,F1_3,L2,L3,,,
74301,L3,L3,L1,L1,L2,L1,L2,L2,L1,C1_2,D1_2,F1_3,L3,L1,,,
74302,L3,L3,L1,L1,L2,L1,L2,L2,L1,C1_2,D1_2,F1_3,L3,L2,,,
74303,L3,L3,L1,L1,L2,L1,L2,L2,L1,C1_2,D1_2,F1_3,L3,L3,,,
74304,L3,L3,L1,L1,L2,L1,L2,L2,L1,C1_2,D1_3,F1_1,L1,L1,,,
74305,L3,L3,L1,L1,L2,L1,L2,L2,L1,C1_2,D1_3,F1_1,L1,L2,,,
74306,L3,L3,L1,L1,L2,L1,L2,L2,L1,C1_2,D1_3,F1_1,L1,L3,,,
74307,L3,L3,L1,L1,L2,L1,L2,L2,L1,C1_2,D1_3,F1_1,L2,L1,,,
74308,L3,L3,L1,L1,L2,L1,L2,L2,L1,C1_2,D1_3,F1_1,L2,L2,,,
74309,L3,L3,L1,L1,L2,L1,L2,L2,L1,C1_2,D1_3,F1_1,L2,L3,,,
74310,L3,L3,L1,L1,L2,L1,L2,L2,L1,C1_2,D1_3,F1_1,L3,L1,,,
74311,L3,L3,L1,L1,L2,L1,L2,L2,L1,C1_2,D1_3,F1_1,L3,L2,,,
74312,L3,L3,L1,L1,L2,L1,L2,L2,L1,C1_2,D1_3,F1_1,L3,L3,,,
74313,L3,L3,L1,L1,L2,L1,L2,L2,L1,C1_2,D1_3,F1_2,L1,L1,,,
74314,L3,L3,L1,L1,L2,L1,L2,L2,L1,C1_2,D1_3,F1_2,L1,L2,,,
74315,L3,L3,L1,L1,L2,L1,L2,L2,L1,C1_2,D1_3,F1_2,L1,L3,,,
74316,L3,L3,L1,L1,L2,L1,L2,L2,L1,C1_2,D1_3,F1_2,L2,L1,,,
74317,L3,L3,L1,L1,L2,L1,L2,L2,L1,C1_2,D1_3,F1_2,L2,L2,,,
74318,L3,L3,L1,L1,L2,L1,L2,L2,L1,C1_2,D1_3,F1_2,L2,L3,,,
74319,L3,L3,L1,L1,L2,L1,L2,L2,L1,C1_2,D1_3,F1_2,L3,L1,,,
74320,L3,L3,L1,L1,L2,L1,L2,L2,L1,C1_2,D1_3,F1_2,L3,L2,,,
74321,L3,L3,L1,L1,L2,L1,L2,L2,L1,C1_2,D1_3,F1_2,L3,L3,,,
74322,L3,L3,L1,L1,L2,L1,L2,L2,L1,C1_2,D1_3,F1_3,L1,L1,,,
74323,L3,L3,L1,L1,L2,L1,L2,L2,L1,C1_2,D1_3,F1_3,L1,L2,,,
74324,L3,L3,L1,L1,L2,L1,L2,L2,L1,C1_2,D1_3,F1_3,L1,L3,,,
74325,L3,L3,L1,L1,L2,L1,L2,L2,L1,C1_2,D1_3,F1_3,L2,L1,,,
74326,L3,L3,L1,L1,L2,L1,L2,L2,L1,C1_2,D1_3,F1_3,L2,L2,,,
74327,L3,L3,L1,L1,L2,L1,L2,L2,L1,C1_2,D1_3,F1_3,L2,L3,,,
74328,L3,L3,L1,L1,L2,L1,L2,L2,L1,C1_2,D1_3,F1_3,L3,L1,,,
74329,L3,L3,L1,L1,L2,L1,L2,L2,L1,C1_2,D1_3,F1_3,L3,L2,,,
74330,L3,L3,L1,L1,L2,L1,L2,L2,L1,C1_2,D1_3,F1_3,L3,L3,,,
74331,L3,L3,L1,L1,L2,L1,L2,L2,L1,C1_3,D1_1,F1_1,L1,L1,,,
74332,L3,L3,L1,L1,L2,L1,L2,L2,L1,C1_3,D1_1,F1_1,L1,L2,,,
74333,L3,L3,L1,L1,L2,L1,L2,L2,L1,C1_3,D1_1,F1_1,L1,L3,,,
74334,L3,L3,L1,L1,L2,L1,L2,L2,L1,C1_3,D1_1,F1_1,L2,L1,,,
74335,L3,L3,L1,L1,L2,L1,L2,L2,L1,C1_3,D1_1,F1_1,L2,L2,,,
74336,L3,L3,L1,L1,L2,L1,L2,L2,L1,C1_3,D1_1,F1_1,L2,L3,,,
74337,L3,L3,L1,L1,L2,L1,L2,L2,L1,C1_3,D1_1,F1_1,L3,L1,,,
74338,L3,L3,L1,L1,L2,L1,L2,L2,L1,C1_3,D1_1,F1_1,L3,L2,,,
74339,L3,L3,L1,L1,L2,L1,L2,L2,L1,C1_3,D1_1,F1_1,L3,L3,,,
74340,L3,L3,L1,L1,L2,L1,L2,L2,L1,C1_3,D1_1,F1_2,L1,L1,,,
74341,L3,L3,L1,L1,L2,L1,L2,L2,L1,C1_3,D1_1,F1_2,L1,L2,,,
74342,L3,L3,L1,L1,L2,L1,L2,L2,L1,C1_3,D1_1,F1_2,L1,L3,,,
74343,L3,L3,L1,L1,L2,L1,L2,L2,L1,C1_3,D1_1,F1_2,L2,L1,,,
74344,L3,L3,L1,L1,L2,L1,L2,L2,L1,C1_3,D1_1,F1_2,L2,L2,,,
74345,L3,L3,L1,L1,L2,L1,L2,L2,L1,C1_3,D1_1,F1_2,L2,L3,,,
74346,L3,L3,L1,L1,L2,L1,L2,L2,L1,C1_3,D1_1,F1_2,L3,L1,,,
74347,L3,L3,L1,L1,L2,L1,L2,L2,L1,C1_3,D1_1,F1_2,L3,L2,,,
74348,L3,L3,L1,L1,L2,L1,L2,L2,L1,C1_3,D1_1,F1_2,L3,L3,,,
74349,L3,L3,L1,L1,L2,L1,L2,L2,L1,C1_3,D1_1,F1_3,L1,L1,,,
74350,L3,L3,L1,L1,L2,L1,L2,L2,L1,C1_3,D1_1,F1_3,L1,L2,,,
74351,L3,L3,L1,L1,L2,L1,L2,L2,L1,C1_3,D1_1,F1_3,L1,L3,,,
74352,L3,L3,L1,L1,L2,L1,L2,L2,L1,C1_3,D1_1,F1_3,L2,L1,,,
74353,L3,L3,L1,L1,L2,L1,L2,L2,L1,C1_3,D1_1,F1_3,L2,L2,,,
74354,L3,L3,L1,L1,L2,L1,L2,L2,L1,C1_3,D1_1,F1_3,L2,L3,,,
74355,L3,L3,L1,L1,L2,L1,L2,L2,L1,C1_3,D1_1,F1_3,L3,L1,,,
74356,L3,L3,L1,L1,L2,L1,L2,L2,L1,C1_3,D1_1,F1_3,L3,L2,,,
74357,L3,L3,L1,L1,L2,L1,L2,L2,L1,C1_3,D1_1,F1_3,L3,L3,,,
74358,L3,L3,L1,L1,L2,L1,L2,L2,L1,C1_3,D1_2,F1_1,L1,L1,,,
74359,L3,L3,L1,L1,L2,L1,L2,L2,L1,C1_3,D1_2,F1_1,L1,L2,,,
74360,L3,L3,L1,L1,L2,L1,L2,L2,L1,C1_3,D1_2,F1_1,L1,L3,,,
74361,L3,L3,L1,L1,L2,L1,L2,L2,L1,C1_3,D1_2,F1_1,L2,L1,,,
74362,L3,L3,L1,L1,L2,L1,L2,L2,L1,C1_3,D1_2,F1_1,L2,L2,,,
74363,L3,L3,L1,L1,L2,L1,L2,L2,L1,C1_3,D1_2,F1_1,L2,L3,,,
74364,L3,L3,L1,L1,L2,L1,L2,L2,L1,C1_3,D1_2,F1_1,L3,L1,,,
74365,L3,L3,L1,L1,L2,L1,L2,L2,L1,C1_3,D1_2,F1_1,L3,L2,,,
74366,L3,L3,L1,L1,L2,L1,L2,L2,L1,C1_3,D1_2,F1_1,L3,L3,,,
74367,L3,L3,L1,L1,L2,L1,L2,L2,L1,C1_3,D1_2,F1_2,L1,L1,,,
74368,L3,L3,L1,L1,L2,L1,L2,L2,L1,C1_3,D1_2,F1_2,L1,L2,,,
74369,L3,L3,L1,L1,L2,L1,L2,L2,L1,C1_3,D1_2,F1_2,L1,L3,,,
74370,L3,L3,L1,L1,L2,L1,L2,L2,L1,C1_3,D1_2,F1_2,L2,L1,,,
74371,L3,L3,L1,L1,L2,L1,L2,L2,L1,C1_3,D1_2,F1_2,L2,L2,,,
74372,L3,L3,L1,L1,L2,L1,L2,L2,L1,C1_3,D1_2,F1_2,L2,L3,,,
74373,L3,L3,L1,L1,L2,L1,L2,L2,L1,C1_3,D1_2,F1_2,L3,L1,,,
74374,L3,L3,L1,L1,L2,L1,L2,L2,L1,C1_3,D1_2,F1_2,L3,L2,,,
74375,L3,L3,L1,L1,L2,L1,L2,L2,L1,C1_3,D1_2,F1_2,L3,L3,,,
74376,L3,L3,L1,L1,L2,L1,L2,L2,L1,C1_3,D1_2,F1_3,L1,L1,,,
74377,L3,L3,L1,L1,L2,L1,L2,L2,L1,C1_3,D1_2,F1_3,L1,L2,,,
74378,L3,L3,L1,L1,L2,L1,L2,L2,L1,C1_3,D1_2,F1_3,L1,L3,,,
74379,L3,L3,L1,L1,L2,L1,L2,L2,L1,C1_3,D1_2,F1_3,L2,L1,,,
74380,L3,L3,L1,L1,L2,L1,L2,L2,L1,C1_3,D1_2,F1_3,L2,L2,,,
74381,L3,L3,L1,L1,L2,L1,L2,L2,L1,C1_3,D1_2,F1_3,L2,L3,,,
74382,L3,L3,L1,L1,L2,L1,L2,L2,L1,C1_3,D1_2,F1_3,L3,L1,,,
74383,L3,L3,L1,L1,L2,L1,L2,L2,L1,C1_3,D1_2,F1_3,L3,L2,,,
74384,L3,L3,L1,L1,L2,L1,L2,L2,L1,C1_3,D1_2,F1_3,L3,L3,,,
74385,L3,L3,L1,L1,L2,L1,L2,L2,L1,C1_3,D1_3,F1_1,L1,L1,,,
74386,L3,L3,L1,L1,L2,L1,L2,L2,L1,C1_3,D1_3,F1_1,L1,L2,,,
74387,L3,L3,L1,L1,L2,L1,L2,L2,L1,C1_3,D1_3,F1_1,L1,L3,,,
74388,L3,L3,L1,L1,L2,L1,L2,L2,L1,C1_3,D1_3,F1_1,L2,L1,,,
74389,L3,L3,L1,L1,L2,L1,L2,L2,L1,C1_3,D1_3,F1_1,L2,L2,,,
74390,L3,L3,L1,L1,L2,L1,L2,L2,L1,C1_3,D1_3,F1_1,L2,L3,,,
74391,L3,L3,L1,L1,L2,L1,L2,L2,L1,C1_3,D1_3,F1_1,L3,L1,,,
74392,L3,L3,L1,L1,L2,L1,L2,L2,L1,C1_3,D1_3,F1_1,L3,L2,,,
74393,L3,L3,L1,L1,L2,L1,L2,L2,L1,C1_3,D1_3,F1_1,L3,L3,,,
74394,L3,L3,L1,L1,L2,L1,L2,L2,L1,C1_3,D1_3,F1_2,L1,L1,,,
74395,L3,L3,L1,L1,L2,L1,L2,L2,L1,C1_3,D1_3,F1_2,L1,L2,,,
74396,L3,L3,L1,L1,L2,L1,L2,L2,L1,C1_3,D1_3,F1_2,L1,L3,,,
74397,L3,L3,L1,L1,L2,L1,L2,L2,L1,C1_3,D1_3,F1_2,L2,L1,,,
74398,L3,L3,L1,L1,L2,L1,L2,L2,L1,C1_3,D1_3,F1_2,L2,L2,,,
74399,L3,L3,L1,L1,L2,L1,L2,L2,L1,C1_3,D1_3,F1_2,L2,L3,,,
74400,L3,L3,L1,L1,L2,L1,L2,L2,L1,C1_3,D1_3,F1_2,L3,L1,,,
74401,L3,L3,L1,L1,L2,L1,L2,L2,L1,C1_3,D1_3,F1_2,L3,L2,,,
74402,L3,L3,L1,L1,L2,L1,L2,L2,L1,C1_3,D1_3,F1_2,L3,L3,,,
74403,L3,L3,L1,L1,L2,L1,L2,L2,L1,C1_3,D1_3,F1_3,L1,L1,,,
74404,L3,L3,L1,L1,L2,L1,L2,L2,L1,C1_3,D1_3,F1_3,L1,L2,,,
74405,L3,L3,L1,L1,L2,L1,L2,L2,L1,C1_3,D1_3,F1_3,L1,L3,,,
74406,L3,L3,L1,L1,L2,L1,L2,L2,L1,C1_3,D1_3,F1_3,L2,L1,,,
74407,L3,L3,L1,L1,L2,L1,L2,L2,L1,C1_3,D1_3,F1_3,L2,L2,,,
74408,L3,L3,L1,L1,L2,L1,L2,L2,L1,C1_3,D1_3,F1_3,L2,L3,,,
74409,L3,L3,L1,L1,L2,L1,L2,L2,L1,C1_3,D1_3,F1_3,L3,L1,,,
74410,L3,L3,L1,L1,L2,L1,L2,L2,L1,C1_3,D1_3,F1_3,L3,L2,,,
74411,L3,L3,L1,L1,L2,L1,L2,L2,L1,C1_3,D1_3,F1_3,L3,L3,,,
74547,L2,L3,L2,L2,L1,L1,L2,L2,L1,C1_1,D1_1,F1_1,L1,L1,,,
74548,L2,L3,L2,L2,L1,L1,L2,L2,L1,C1_1,D1_1,F1_1,L1,L2,,,
74549,L2,L3,L2,L2,L1,L1,L2,L2,L1,C1_1,D1_1,F1_1,L1,L3,,,
74550,L2,L3,L2,L2,L1,L1,L2,L2,L1,C1_1,D1_1,F1_1,L2,L1,,,
74551,L2,L3,L2,L2,L1,L1,L2,L2,L1,C1_1,D1_1,F1_1,L2,L2,,,
74552,L2,L3,L2,L2,L1,L1,L2,L2,L1,C1_1,D1_1,F1_1,L2,L3,,,
74553,L2,L3,L2,L2,L1,L1,L2,L2,L1,C1_1,D1_1,F1_1,L3,L1,,,
74554,L2,L3,L2,L2,L1,L1,L2,L2,L1,C1_1,D1_1,F1_1,L3,L2,,,
74555,L2,L3,L2,L2,L1,L1,L2,L2,L1,C1_1,D1_1,F1_1,L3,L3,,,
74556,L2,L3,L2,L2,L1,L1,L2,L2,L1,C1_1,D1_1,F1_2,L1,L1,,,
74557,L2,L3,L2,L2,L1,L1,L2,L2,L1,C1_1,D1_1,F1_2,L1,L2,,,
74558,L2,L3,L2,L2,L1,L1,L2,L2,L1,C1_1,D1_1,F1_2,L1,L3,,,
74559,L2,L3,L2,L2,L1,L1,L2,L2,L1,C1_1,D1_1,F1_2,L2,L1,,,
74560,L2,L3,L2,L2,L1,L1,L2,L2,L1,C1_1,D1_1,F1_2,L2,L2,,,
74561,L2,L3,L2,L2,L1,L1,L2,L2,L1,C1_1,D1_1,F1_2,L2,L3,,,
74562,L2,L3,L2,L2,L1,L1,L2,L2,L1,C1_1,D1_1,F1_2,L3,L1,,,
74563,L2,L3,L2,L2,L1,L1,L2,L2,L1,C1_1,D1_1,F1_2,L3,L2,,,
74564,L2,L3,L2,L2,L1,L1,L2,L2,L1,C1_1,D1_1,F1_2,L3,L3,,,
74565,L2,L3,L2,L2,L1,L1,L2,L2,L1,C1_1,D1_1,F1_3,L1,L1,,,
74566,L2,L3,L2,L2,L1,L1,L2,L2,L1,C1_1,D1_1,F1_3,L1,L2,,,
74567,L2,L3,L2,L2,L1,L1,L2,L2,L1,C1_1,D1_1,F1_3,L1,L3,,,
74568,L2,L3,L2,L2,L1,L1,L2,L2,L1,C1_1,D1_1,F1_3,L2,L1,,,
74569,L2,L3,L2,L2,L1,L1,L2,L2,L1,C1_1,D1_1,F1_3,L2,L2,,,
74570,L2,L3,L2,L2,L1,L1,L2,L2,L1,C1_1,D1_1,F1_3,L2,L3,,,
74571,L2,L3,L2,L2,L1,L1,L2,L2,L1,C1_1,D1_1,F1_3,L3,L1,,,
74572,L2,L3,L2,L2,L1,L1,L2,L2,L1,C1_1,D1_1,F1_3,L3,L2,,,
74573,L2,L3,L2,L2,L1,L1,L2,L2,L1,C1_1,D1_1,F1_3,L3,L3,,,
74574,L2,L3,L2,L2,L1,L1,L2,L2,L1,C1_1,D1_2,F1_1,L1,L1,,,
74575,L2,L3,L2,L2,L1,L1,L2,L2,L1,C1_1,D1_2,F1_1,L1,L2,,,
74576,L2,L3,L2,L2,L1,L1,L2,L2,L1,C1_1,D1_2,F1_1,L1,L3,,,
74577,L2,L3,L2,L2,L1,L1,L2,L2,L1,C1_1,D1_2,F1_1,L2,L1,,,
74578,L2,L3,L2,L2,L1,L1,L2,L2,L1,C1_1,D1_2,F1_1,L2,L2,,,
74579,L2,L3,L2,L2,L1,L1,L2,L2,L1,C1_1,D1_2,F1_1,L2,L3,,,
74580,L2,L3,L2,L2,L1,L1,L2,L2,L1,C1_1,D1_2,F1_1,L3,L1,,,
74581,L2,L3,L2,L2,L1,L1,L2,L2,L1,C1_1,D1_2,F1_1,L3,L2,,,
74582,L2,L3,L2,L2,L1,L1,L2,L2,L1,C1_1,D1_2,F1_1,L3,L3,,,
74583,L2,L3,L2,L2,L1,L1,L2,L2,L1,C1_1,D1_2,F1_2,L1,L1,,,
74584,L2,L3,L2,L2,L1,L1,L2,L2,L1,C1_1,D1_2,F1_2,L1,L2,,,
74585,L2,L3,L2,L2,L1,L1,L2,L2,L1,C1_1,D1_2,F1_2,L1,L3,,,
74586,L2,L3,L2,L2,L1,L1,L2,L2,L1,C1_1,D1_2,F1_2,L2,L1,,,
74587,L2,L3,L2,L2,L1,L1,L2,L2,L1,C1_1,D1_2,F1_2,L2,L2,,,
74588,L2,L3,L2,L2,L1,L1,L2,L2,L1,C1_1,D1_2,F1_2,L2,L3,,,
74589,L2,L3,L2,L2,L1,L1,L2,L2,L1,C1_1,D1_2,F1_2,L3,L1,,,
74590,L2,L3,L2,L2,L1,L1,L2,L2,L1,C1_1,D1_2,F1_2,L3,L2,,,
74591,L2,L3,L2,L2,L1,L1,L2,L2,L1,C1_1,D1_2,F1_2,L3,L3,,,
74592,L2,L3,L2,L2,L1,L1,L2,L2,L1,C1_1,D1_2,F1_3,L1,L1,,,
74593,L2,L3,L2,L2,L1,L1,L2,L2,L1,C1_1,D1_2,F1_3,L1,L2,,,
74594,L2,L3,L2,L2,L1,L1,L2,L2,L1,C1_1,D1_2,F1_3,L1,L3,,,
74595,L2,L3,L2,L2,L1,L1,L2,L2,L1,C1_1,D1_2,F1_3,L2,L1,,,
74596,L2,L3,L2,L2,L1,L1,L2,L2,L1,C1_1,D1_2,F1_3,L2,L2,,,
74597,L2,L3,L2,L2,L1,L1,L2,L2,L1,C1_1,D1_2,F1_3,L2,L3,,,
74598,L2,L3,L2,L2,L1,L1,L2,L2,L1,C1_1,D1_2,F1_3,L3,L1,,,
74599,L2,L3,L2,L2,L1,L1,L2,L2,L1,C1_1,D1_2,F1_3,L3,L2,,,
74600,L2,L3,L2,L2,L1,L1,L2,L2,L1,C1_1,D1_2,F1_3,L3,L3,,,
74601,L2,L3,L2,L2,L1,L1,L2,L2,L1,C1_1,D1_3,F1_1,L1,L1,,,
74602,L2,L3,L2,L2,L1,L1,L2,L2,L1,C1_1,D1_3,F1_1,L1,L2,,,
74603,L2,L3,L2,L2,L1,L1,L2,L2,L1,C1_1,D1_3,F1_1,L1,L3,,,
74604,L2,L3,L2,L2,L1,L1,L2,L2,L1,C1_1,D1_3,F1_1,L2,L1,,,
74605,L2,L3,L2,L2,L1,L1,L2,L2,L1,C1_1,D1_3,F1_1,L2,L2,,,
74606,L2,L3,L2,L2,L1,L1,L2,L2,L1,C1_1,D1_3,F1_1,L2,L3,,,
74607,L2,L3,L2,L2,L1,L1,L2,L2,L1,C1_1,D1_3,F1_1,L3,L1,,,
74608,L2,L3,L2,L2,L1,L1,L2,L2,L1,C1_1,D1_3,F1_1,L3,L2,,,
74609,L2,L3,L2,L2,L1,L1,L2,L2,L1,C1_1,D1_3,F1_1,L3,L3,,,
74610,L2,L3,L2,L2,L1,L1,L2,L2,L1,C1_1,D1_3,F1_2,L1,L1,,,
74611,L2,L3,L2,L2,L1,L1,L2,L2,L1,C1_1,D1_3,F1_2,L1,L2,,,
74612,L2,L3,L2,L2,L1,L1,L2,L2,L1,C1_1,D1_3,F1_2,L1,L3,,,
74613,L2,L3,L2,L2,L1,L1,L2,L2,L1,C1_1,D1_3,F1_2,L2,L1,,,
74614,L2,L3,L2,L2,L1,L1,L2,L2,L1,C1_1,D1_3,F1_2,L2,L2,,,
74615,L2,L3,L2,L2,L1,L1,L2,L2,L1,C1_1,D1_3,F1_2,L2,L3,,,
74616,L2,L3,L2,L2,L1,L1,L2,L2,L1,C1_1,D1_3,F1_2,L3,L1,,,
74617,L2,L3,L2,L2,L1,L1,L2,L2,L1,C1_1,D1_3,F1_2,L3,L2,,,
74618,L2,L3,L2,L2,L1,L1,L2,L2,L1,C1_1,D1_3,F1_2,L3,L3,,,
74619,L2,L3,L2,L2,L1,L1,L2,L2,L1,C1_1,D1_3,F1_3,L1,L1,,,
74620,L2,L3,L2,L2,L1,L1,L2,L2,L1,C1_1,D1_3,F1_3,L1,L2,,,
74621,L2,L3,L2,L2,L1,L1,L2,L2,L1,C1_1,D1_3,F1_3,L1,L3,,,
74622,L2,L3,L2,L2,L1,L1,L2,L2,L1,C1_1,D1_3,F1_3,L2,L1,,,
74623,L2,L3,L2,L2,L1,L1,L2,L2,L1,C1_1,D1_3,F1_3,L2,L2,,,
74624,L2,L3,L2,L2,L1,L1,L2,L2,L1,C1_1,D1_3,F1_3,L2,L3,,,
74625,L2,L3,L2,L2,L1,L1,L2,L2,L1,C1_1,D1_3,F1_3,L3,L1,,,
74626,L2,L3,L2,L2,L1,L1,L2,L2,L1,C1_1,D1_3,F1_3,L3,L2,,,
74627,L2,L3,L2,L2,L1,L1,L2,L2,L1,C1_1,D1_3,F1_3,L3,L3,,,
74628,L2,L3,L2,L2,L1,L1,L2,L2,L1,C1_2,D1_1,F1_1,L1,L1,,,
74629,L2,L3,L2,L2,L1,L1,L2,L2,L1,C1_2,D1_1,F1_1,L1,L2,,,
74630,L2,L3,L2,L2,L1,L1,L2,L2,L1,C1_2,D1_1,F1_1,L1,L3,,,
74631,L2,L3,L2,L2,L1,L1,L2,L2,L1,C1_2,D1_1,F1_1,L2,L1,,,
74632,L2,L3,L2,L2,L1,L1,L2,L2,L1,C1_2,D1_1,F1_1,L2,L2,,,
74633,L2,L3,L2,L2,L1,L1,L2,L2,L1,C1_2,D1_1,F1_1,L2,L3,,,
74634,L2,L3,L2,L2,L1,L1,L2,L2,L1,C1_2,D1_1,F1_1,L3,L1,,,
74635,L2,L3,L2,L2,L1,L1,L2,L2,L1,C1_2,D1_1,F1_1,L3,L2,,,
74636,L2,L3,L2,L2,L1,L1,L2,L2,L1,C1_2,D1_1,F1_1,L3,L3,,,
74637,L2,L3,L2,L2,L1,L1,L2,L2,L1,C1_2,D1_1,F1_2,L1,L1,,,
74638,L2,L3,L2,L2,L1,L1,L2,L2,L1,C1_2,D1_1,F1_2,L1,L2,,,
74639,L2,L3,L2,L2,L1,L1,L2,L2,L1,C1_2,D1_1,F1_2,L1,L3,,,
74640,L2,L3,L2,L2,L1,L1,L2,L2,L1,C1_2,D1_1,F1_2,L2,L1,,,
74641,L2,L3,L2,L2,L1,L1,L2,L2,L1,C1_2,D1_1,F1_2,L2,L2,,,
74642,L2,L3,L2,L2,L1,L1,L2,L2,L1,C1_2,D1_1,F1_2,L2,L3,,,
74643,L2,L3,L2,L2,L1,L1,L2,L2,L1,C1_2,D1_1,F1_2,L3,L1,,,
74644,L2,L3,L2,L2,L1,L1,L2,L2,L1,C1_2,D1_1,F1_2,L3,L2,,,
74645,L2,L3,L2,L2,L1,L1,L2,L2,L1,C1_2,D1_1,F1_2,L3,L3,,,
74646,L2,L3,L2,L2,L1,L1,L2,L2,L1,C1_2,D1_1,F1_3,L1,L1,,,
74647,L2,L3,L2,L2,L1,L1,L2,L2,L1,C1_2,D1_1,F1_3,L1,L2,,,
74648,L2,L3,L2,L2,L1,L1,L2,L2,L1,C1_2,D1_1,F1_3,L1,L3,,,
74649,L2,L3,L2,L2,L1,L1,L2,L2,L1,C1_2,D1_1,F1_3,L2,L1,,,
74650,L2,L3,L2,L2,L1,L1,L2,L2,L1,C1_2,D1_1,F1_3,L2,L2,,,
74651,L2,L3,L2,L2,L1,L1,L2,L2,L1,C1_2,D1_1,F1_3,L2,L3,,,
74652,L2,L3,L2,L2,L1,L1,L2,L2,L1,C1_2,D1_1,F1_3,L3,L1,,,
74653,L2,L3,L2,L2,L1,L1,L2,L2,L1,C1_2,D1_1,F1_3,L3,L2,,,
74654,L2,L3,L2,L2,L1,L1,L2,L2,L1,C1_2,D1_1,F1_3,L3,L3,,,
74655,L2,L3,L2,L2,L1,L1,L2,L2,L1,C1_2,D1_2,F1_1,L1,L1,,,
74656,L2,L3,L2,L2,L1,L1,L2,L2,L1,C1_2,D1_2,F1_1,L1,L2,,,
74657,L2,L3,L2,L2,L1,L1,L2,L2,L1,C1_2,D1_2,F1_1,L1,L3,,,
74658,L2,L3,L2,L2,L1,L1,L2,L2,L1,C1_2,D1_2,F1_1,L2,L1,,,
74659,L2,L3,L2,L2,L1,L1,L2,L2,L1,C1_2,D1_2,F1_1,L2,L2,,,
74660,L2,L3,L2,L2,L1,L1,L2,L2,L1,C1_2,D1_2,F1_1,L2,L3,,,
74661,L2,L3,L2,L2,L1,L1,L2,L2,L1,C1_2,D1_2,F1_1,L3,L1,,,
74662,L2,L3,L2,L2,L1,L1,L2,L2,L1,C1_2,D1_2,F1_1,L3,L2,,,
74663,L2,L3,L2,L2,L1,L1,L2,L2,L1,C1_2,D1_2,F1_1,L3,L3,,,
74664,L2,L3,L2,L2,L1,L1,L2,L2,L1,C1_2,D1_2,F1_2,L1,L1,,,
74665,L2,L3,L2,L2,L1,L1,L2,L2,L1,C1_2,D1_2,F1_2,L1,L2,,,
74666,L2,L3,L2,L2,L1,L1,L2,L2,L1,C1_2,D1_2,F1_2,L1,L3,,,
74667,L2,L3,L2,L2,L1,L1,L2,L2,L1,C1_2,D1_2,F1_2,L2,L1,,,
74668,L2,L3,L2,L2,L1,L1,L2,L2,L1,C1_2,D1_2,F1_2,L2,L2,,,
74669,L2,L3,L2,L2,L1,L1,L2,L2,L1,C1_2,D1_2,F1_2,L2,L3,,,
74670,L2,L3,L2,L2,L1,L1,L2,L2,L1,C1_2,D1_2,F1_2,L3,L1,,,
74671,L2,L3,L2,L2,L1,L1,L2,L2,L1,C1_2,D1_2,F1_2,L3,L2,,,
74672,L2,L3,L2,L2,L1,L1,L2,L2,L1,C1_2,D1_2,F1_2,L3,L3,,,
74673,L2,L3,L2,L2,L1,L1,L2,L2,L1,C1_2,D1_2,F1_3,L1,L1,,,
74674,L2,L3,L2,L2,L1,L1,L2,L2,L1,C1_2,D1_2,F1_3,L1,L2,,,
74675,L2,L3,L2,L2,L1,L1,L2,L2,L1,C1_2,D1_2,F1_3,L1,L3,,,
74676,L2,L3,L2,L2,L1,L1,L2,L2,L1,C1_2,D1_2,F1_3,L2,L1,,,
74677,L2,L3,L2,L2,L1,L1,L2,L2,L1,C1_2,D1_2,F1_3,L2,L2,,,
74678,L2,L3,L2,L2,L1,L1,L2,L2,L1,C1_2,D1_2,F1_3,L2,L3,,,
74679,L2,L3,L2,L2,L1,L1,L2,L2,L1,C1_2,D1_2,F1_3,L3,L1,,,
74680,L2,L3,L2,L2,L1,L1,L2,L2,L1,C1_2,D1_2,F1_3,L3,L2,,,
74681,L2,L3,L2,L2,L1,L1,L2,L2,L1,C1_2,D1_2,F1_3,L3,L3,,,
74682,L2,L3,L2,L2,L1,L1,L2,L2,L1,C1_2,D1_3,F1_1,L1,L1,,,
74683,L2,L3,L2,L2,L1,L1,L2,L2,L1,C1_2,D1_3,F1_1,L1,L2,,,
74684,L2,L3,L2,L2,L1,L1,L2,L2,L1,C1_2,D1_3,F1_1,L1,L3,,,
74685,L2,L3,L2,L2,L1,L1,L2,L2,L1,C1_2,D1_3,F1_1,L2,L1,,,
74686,L2,L3,L2,L2,L1,L1,L2,L2,L1,C1_2,D1_3,F1_1,L2,L2,,,
74687,L2,L3,L2,L2,L1,L1,L2,L2,L1,C1_2,D1_3,F1_1,L2,L3,,,
74688,L2,L3,L2,L2,L1,L1,L2,L2,L1,C1_2,D1_3,F1_1,L3,L1,,,
74689,L2,L3,L2,L2,L1,L1,L2,L2,L1,C1_2,D1_3,F1_1,L3,L2,,,
74690,L2,L3,L2,L2,L1,L1,L2,L2,L1,C1_2,D1_3,F1_1,L3,L3,,,
74691,L2,L3,L2,L2,L1,L1,L2,L2,L1,C1_2,D1_3,F1_2,L1,L1,,,
74692,L2,L3,L2,L2,L1,L1,L2,L2,L1,C1_2,D1_3,F1_2,L1,L2,,,
74693,L2,L3,L2,L2,L1,L1,L2,L2,L1,C1_2,D1_3,F1_2,L1,L3,,,
74694,L2,L3,L2,L2,L1,L1,L2,L2,L1,C1_2,D1_3,F1_2,L2,L1,,,
74695,L2,L3,L2,L2,L1,L1,L2,L2,L1,C1_2,D1_3,F1_2,L2,L2,,,
74696,L2,L3,L2,L2,L1,L1,L2,L2,L1,C1_2,D1_3,F1_2,L2,L3,,,
74697,L2,L3,L2,L2,L1,L1,L2,L2,L1,C1_2,D1_3,F1_2,L3,L1,,,
74698,L2,L3,L2,L2,L1,L1,L2,L2,L1,C1_2,D1_3,F1_2,L3,L2,,,
74699,L2,L3,L2,L2,L1,L1,L2,L2,L1,C1_2,D1_3,F1_2,L3,L3,,,
74700,L2,L3,L2,L2,L1,L1,L2,L2,L1,C1_2,D1_3,F1_3,L1,L1,,,
74701,L2,L3,L2,L2,L1,L1,L2,L2,L1,C1_2,D1_3,F1_3,L1,L2,,,
74702,L2,L3,L2,L2,L1,L1,L2,L2,L1,C1_2,D1_3,F1_3,L1,L3,,,
74703,L2,L3,L2,L2,L1,L1,L2,L2,L1,C1_2,D1_3,F1_3,L2,L1,,,
74704,L2,L3,L2,L2,L1,L1,L2,L2,L1,C1_2,D1_3,F1_3,L2,L2,,,
74705,L2,L3,L2,L2,L1,L1,L2,L2,L1,C1_2,D1_3,F1_3,L2,L3,,,
74706,L2,L3,L2,L2,L1,L1,L2,L2,L1,C1_2,D1_3,F1_3,L3,L1,,,
74707,L2,L3,L2,L2,L1,L1,L2,L2,L1,C1_2,D1_3,F1_3,L3,L2,,,
74708,L2,L3,L2,L2,L1,L1,L2,L2,L1,C1_2,D1_3,F1_3,L3,L3,,,
74709,L2,L3,L2,L2,L1,L1,L2,L2,L1,C1_3,D1_1,F1_1,L1,L1,,,
74710,L2,L3,L2,L2,L1,L1,L2,L2,L1,C1_3,D1_1,F1_1,L1,L2,,,
74711,L2,L3,L2,L2,L1,L1,L2,L2,L1,C1_3,D1_1,F1_1,L1,L3,,,
74712,L2,L3,L2,L2,L1,L1,L2,L2,L1,C1_3,D1_1,F1_1,L2,L1,,,
74713,L2,L3,L2,L2,L1,L1,L2,L2,L1,C1_3,D1_1,F1_1,L2,L2,,,
74714,L2,L3,L2,L2,L1,L1,L2,L2,L1,C1_3,D1_1,F1_1,L2,L3,,,
74715,L2,L3,L2,L2,L1,L1,L2,L2,L1,C1_3,D1_1,F1_1,L3,L1,,,
74716,L2,L3,L2,L2,L1,L1,L2,L2,L1,C1_3,D1_1,F1_1,L3,L2,,,
74717,L2,L3,L2,L2,L1,L1,L2,L2,L1,C1_3,D1_1,F1_1,L3,L3,,,
74718,L2,L3,L2,L2,L1,L1,L2,L2,L1,C1_3,D1_1,F1_2,L1,L1,,,
74719,L2,L3,L2,L2,L1,L1,L2,L2,L1,C1_3,D1_1,F1_2,L1,L2,,,
74720,L2,L3,L2,L2,L1,L1,L2,L2,L1,C1_3,D1_1,F1_2,L1,L3,,,
74721,L2,L3,L2,L2,L1,L1,L2,L2,L1,C1_3,D1_1,F1_2,L2,L1,,,
74722,L2,L3,L2,L2,L1,L1,L2,L2,L1,C1_3,D1_1,F1_2,L2,L2,,,
74723,L2,L3,L2,L2,L1,L1,L2,L2,L1,C1_3,D1_1,F1_2,L2,L3,,,
74724,L2,L3,L2,L2,L1,L1,L2,L2,L1,C1_3,D1_1,F1_2,L3,L1,,,
74725,L2,L3,L2,L2,L1,L1,L2,L2,L1,C1_3,D1_1,F1_2,L3,L2,,,
74726,L2,L3,L2,L2,L1,L1,L2,L2,L1,C1_3,D1_1,F1_2,L3,L3,,,
74727,L2,L3,L2,L2,L1,L1,L2,L2,L1,C1_3,D1_1,F1_3,L1,L1,,,
74728,L2,L3,L2,L2,L1,L1,L2,L2,L1,C1_3,D1_1,F1_3,L1,L2,,,
74729,L2,L3,L2,L2,L1,L1,L2,L2,L1,C1_3,D1_1,F1_3,L1,L3,,,
74730,L2,L3,L2,L2,L1,L1,L2,L2,L1,C1_3,D1_1,F1_3,L2,L1,,,
74731,L2,L3,L2,L2,L1,L1,L2,L2,L1,C1_3,D1_1,F1_3,L2,L2,,,
74732,L2,L3,L2,L2,L1,L1,L2,L2,L1,C1_3,D1_1,F1_3,L2,L3,,,
74733,L2,L3,L2,L2,L1,L1,L2,L2,L1,C1_3,D1_1,F1_3,L3,L1,,,
74734,L2,L3,L2,L2,L1,L1,L2,L2,L1,C1_3,D1_1,F1_3,L3,L2,,,
74735,L2,L3,L2,L2,L1,L1,L2,L2,L1,C1_3,D1_1,F1_3,L3,L3,,,
74736,L2,L3,L2,L2,L1,L1,L2,L2,L1,C1_3,D1_2,F1_1,L1,L1,,,
74737,L2,L3,L2,L2,L1,L1,L2,L2,L1,C1_3,D1_2,F1_1,L1,L2,,,
74738,L2,L3,L2,L2,L1,L1,L2,L2,L1,C1_3,D1_2,F1_1,L1,L3,,,
74739,L2,L3,L2,L2,L1,L1,L2,L2,L1,C1_3,D1_2,F1_1,L2,L1,,,
74740,L2,L3,L2,L2,L1,L1,L2,L2,L1,C1_3,D1_2,F1_1,L2,L2,,,
74741,L2,L3,L2,L2,L1,L1,L2,L2,L1,C1_3,D1_2,F1_1,L2,L3,,,
74742,L2,L3,L2,L2,L1,L1,L2,L2,L1,C1_3,D1_2,F1_1,L3,L1,,,
74743,L2,L3,L2,L2,L1,L1,L2,L2,L1,C1_3,D1_2,F1_1,L3,L2,,,
74744,L2,L3,L2,L2,L1,L1,L2,L2,L1,C1_3,D1_2,F1_1,L3,L3,,,
74745,L2,L3,L2,L2,L1,L1,L2,L2,L1,C1_3,D1_2,F1_2,L1,L1,,,
74746,L2,L3,L2,L2,L1,L1,L2,L2,L1,C1_3,D1_2,F1_2,L1,L2,,,
74747,L2,L3,L2,L2,L1,L1,L2,L2,L1,C1_3,D1_2,F1_2,L1,L3,,,
74748,L2,L3,L2,L2,L1,L1,L2,L2,L1,C1_3,D1_2,F1_2,L2,L1,,,
74749,L2,L3,L2,L2,L1,L1,L2,L2,L1,C1_3,D1_2,F1_2,L2,L2,,,
74750,L2,L3,L2,L2,L1,L1,L2,L2,L1,C1_3,D1_2,F1_2,L2,L3,,,
74751,L2,L3,L2,L2,L1,L1,L2,L2,L1,C1_3,D1_2,F1_2,L3,L1,,,
74752,L2,L3,L2,L2,L1,L1,L2,L2,L1,C1_3,D1_2,F1_2,L3,L2,,,
74753,L2,L3,L2,L2,L1,L1,L2,L2,L1,C1_3,D1_2,F1_2,L3,L3,,,
74754,L2,L3,L2,L2,L1,L1,L2,L2,L1,C1_3,D1_2,F1_3,L1,L1,,,
74755,L2,L3,L2,L2,L1,L1,L2,L2,L1,C1_3,D1_2,F1_3,L1,L2,,,
74756,L2,L3,L2,L2,L1,L1,L2,L2,L1,C1_3,D1_2,F1_3,L1,L3,,,
74757,L2,L3,L2,L2,L1,L1,L2,L2,L1,C1_3,D1_2,F1_3,L2,L1,,,
74758,L2,L3,L2,L2,L1,L1,L2,L2,L1,C1_3,D1_2,F1_3,L2,L2,,,
74759,L2,L3,L2,L2,L1,L1,L2,L2,L1,C1_3,D1_2,F1_3,L2,L3,,,
74760,L2,L3,L2,L2,L1,L1,L2,L2,L1,C1_3,D1_2,F1_3,L3,L1,,,
74761,L2,L3,L2,L2,L1,L1,L2,L2,L1,C1_3,D1_2,F1_3,L3,L2,,,
74762,L2,L3,L2,L2,L1,L1,L2,L2,L1,C1_3,D1_2,F1_3,L3,L3,,,
74763,L2,L3,L2,L2,L1,L1,L2,L2,L1,C1_3,D1_3,F1_1,L1,L1,,,
74764,L2,L3,L2,L2,L1,L1,L2,L2,L1,C1_3,D1_3,F1_1,L1,L2,,,
74765,L2,L3,L2,L2,L1,L1,L2,L2,L1,C1_3,D1_3,F1_1,L1,L3,,,
74766,L2,L3,L2,L2,L1,L1,L2,L2,L1,C1_3,D1_3,F1_1,L2,L1,,,
74767,L2,L3,L2,L2,L1,L1,L2,L2,L1,C1_3,D1_3,F1_1,L2,L2,,,
74768,L2,L3,L2,L2,L1,L1,L2,L2,L1,C1_3,D1_3,F1_1,L2,L3,,,
74769,L2,L3,L2,L2,L1,L1,L2,L2,L1,C1_3,D1_3,F1_1,L3,L1,,,
74770,L2,L3,L2,L2,L1,L1,L2,L2,L1,C1_3,D1_3,F1_1,L3,L2,,,
74771,L2,L3,L2,L2,L1,L1,L2,L2,L1,C1_3,D1_3,F1_1,L3,L3,,,
74772,L2,L3,L2,L2,L1,L1,L2,L2,L1,C1_3,D1_3,F1_2,L1,L1,,,
74773,L2,L3,L2,L2,L1,L1,L2,L2,L1,C1_3,D1_3,F1_2,L1,L2,,,
74774,L2,L3,L2,L2,L1,L1,L2,L2,L1,C1_3,D1_3,F1_2,L1,L3,,,
74775,L2,L3,L2,L2,L1,L1,L2,L2,L1,C1_3,D1_3,F1_2,L2,L1,,,
74776,L2,L3,L2,L2,L1,L1,L2,L2,L1,C1_3,D1_3,F1_2,L2,L2,,,
74777,L2,L3,L2,L2,L1,L1,L2,L2,L1,C1_3,D1_3,F1_2,L2,L3,,,
74778,L2,L3,L2,L2,L1,L1,L2,L2,L1,C1_3,D1_3,F1_2,L3,L1,,,
74779,L2,L3,L2,L2,L1,L1,L2,L2,L1,C1_3,D1_3,F1_2,L3,L2,,,
74780,L2,L3,L2,L2,L1,L1,L2,L2,L1,C1_3,D1_3,F1_2,L3,L3,,,
74781,L2,L3,L2,L2,L1,L1,L2,L2,L1,C1_3,D1_3,F1_3,L1,L1,,,
74782,L2,L3,L2,L2,L1,L1,L2,L2,L1,C1_3,D1_3,F1_3,L1,L2,,,
74783,L2,L3,L2,L2,L1,L1,L2,L2,L1,C1_3,D1_3,F1_3,L1,L3,,,
74784,L2,L3,L2,L2,L1,L1,L2,L2,L1,C1_3,D1_3,F1_3,L2,L1,,,
74785,L2,L3,L2,L2,L1,L1,L2,L2,L1,C1_3,D1_3,F1_3,L2,L2,,,
74786,L2,L3,L2,L2,L1,L1,L2,L2,L1,C1_3,D1_3,F1_3,L2,L3,,,
74787,L2,L3,L2,L2,L1,L1,L2,L2,L1,C1_3,D1_3,F1_3,L3,L1,,,
74788,L2,L3,L2,L2,L1,L1,L2,L2,L1,C1_3,D1_3,F1_3,L3,L2,,,
74789,L2,L3,L2,L2,L1,L1,L2,L2,L1,C1_3,D1_3,F1_3,L3,L3,,,
87939,L2,L1,L1,L2,L2,L1,L2,L2,L1,C1_1,D1_1,F1_1,L1,L1,,,
87940,L2,L1,L1,L2,L2,L1,L2,L2,L1,C1_1,D1_1,F1_1,L1,L2,,,
87941,L2,L1,L1,L2,L2,L1,L2,L2,L1,C1_1,D1_1,F1_1,L1,L3,,,
87942,L2,L1,L1,L2,L2,L1,L2,L2,L1,C1_1,D1_1,F1_1,L2,L1,,,
87943,L2,L1,L1,L2,L2,L1,L2,L2,L1,C1_1,D1_1,F1_1,L2,L2,,,
87944,L2,L1,L1,L2,L2,L1,L2,L2,L1,C1_1,D1_1,F1_1,L2,L3,,,
87945,L2,L1,L1,L2,L2,L1,L2,L2,L1,C1_1,D1_1,F1_1,L3,L1,,,
87946,L2,L1,L1,L2,L2,L1,L2,L2,L1,C1_1,D1_1,F1_1,L3,L2,,,
87947,L2,L1,L1,L2,L2,L1,L2,L2,L1,C1_1,D1_1,F1_1,L3,L3,,,
87948,L2,L1,L1,L2,L2,L1,L2,L2,L1,C1_1,D1_1,F1_2,L1,L1,,,
87949,L2,L1,L1,L2,L2,L1,L2,L2,L1,C1_1,D1_1,F1_2,L1,L2,,,
87950,L2,L1,L1,L2,L2,L1,L2,L2,L1,C1_1,D1_1,F1_2,L1,L3,,,
87951,L2,L1,L1,L2,L2,L1,L2,L2,L1,C1_1,D1_1,F1_2,L2,L1,,,
87952,L2,L1,L1,L2,L2,L1,L2,L2,L1,C1_1,D1_1,F1_2,L2,L2,,,
87953,L2,L1,L1,L2,L2,L1,L2,L2,L1,C1_1,D1_1,F1_2,L2,L3,,,
87954,L2,L1,L1,L2,L2,L1,L2,L2,L1,C1_1,D1_1,F1_2,L3,L1,,,
87955,L2,L1,L1,L2,L2,L1,L2,L2,L1,C1_1,D1_1,F1_2,L3,L2,,,
87956,L2,L1,L1,L2,L2,L1,L2,L2,L1,C1_1,D1_1,F1_2,L3,L3,,,
87957,L2,L1,L1,L2,L2,L1,L2,L2,L1,C1_1,D1_1,F1_3,L1,L1,,,
87958,L2,L1,L1,L2,L2,L1,L2,L2,L1,C1_1,D1_1,F1_3,L1,L2,,,
87959,L2,L1,L1,L2,L2,L1,L2,L2,L1,C1_1,D1_1,F1_3,L1,L3,,,
87960,L2,L1,L1,L2,L2,L1,L2,L2,L1,C1_1,D1_1,F1_3,L2,L1,,,
87961,L2,L1,L1,L2,L2,L1,L2,L2,L1,C1_1,D1_1,F1_3,L2,L2,,,
87962,L2,L1,L1,L2,L2,L1,L2,L2,L1,C1_1,D1_1,F1_3,L2,L3,,,
87963,L2,L1,L1,L2,L2,L1,L2,L2,L1,C1_1,D1_1,F1_3,L3,L1,,,
87964,L2,L1,L1,L2,L2,L1,L2,L2,L1,C1_1,D1_1,F1_3,L3,L2,,,
87965,L2,L1,L1,L2,L2,L1,L2,L2,L1,C1_1,D1_1,F1_3,L3,L3,,,
87966,L2,L1,L1,L2,L2,L1,L2,L2,L1,C1_1,D1_2,F1_1,L1,L1,,,
87967,L2,L1,L1,L2,L2,L1,L2,L2,L1,C1_1,D1_2,F1_1,L1,L2,,,
87968,L2,L1,L1,L2,L2,L1,L2,L2,L1,C1_1,D1_2,F1_1,L1,L3,,,
87969,L2,L1,L1,L2,L2,L1,L2,L2,L1,C1_1,D1_2,F1_1,L2,L1,,,
87970,L2,L1,L1,L2,L2,L1,L2,L2,L1,C1_1,D1_2,F1_1,L2,L2,,,
87971,L2,L1,L1,L2,L2,L1,L2,L2,L1,C1_1,D1_2,F1_1,L2,L3,,,
87972,L2,L1,L1,L2,L2,L1,L2,L2,L1,C1_1,D1_2,F1_1,L3,L1,,,
87973,L2,L1,L1,L2,L2,L1,L2,L2,L1,C1_1,D1_2,F1_1,L3,L2,,,
87974,L2,L1,L1,L2,L2,L1,L2,L2,L1,C1_1,D1_2,F1_1,L3,L3,,,
87975,L2,L1,L1,L2,L2,L1,L2,L2,L1,C1_1,D1_2,F1_2,L1,L1,,,
87976,L2,L1,L1,L2,L2,L1,L2,L2,L1,C1_1,D1_2,F1_2,L1,L2,,,
87977,L2,L1,L1,L2,L2,L1,L2,L2,L1,C1_1,D1_2,F1_2,L1,L3,,,
87978,L2,L1,L1,L2,L2,L1,L2,L2,L1,C1_1,D1_2,F1_2,L2,L1,,,
87979,L2,L1,L1,L2,L2,L1,L2,L2,L1,C1_1,D1_2,F1_2,L2,L2,,,
87980,L2,L1,L1,L2,L2,L1,L2,L2,L1,C1_1,D1_2,F1_2,L2,L3,,,
87981,L2,L1,L1,L2,L2,L1,L2,L2,L1,C1_1,D1_2,F1_2,L3,L1,,,
87982,L2,L1,L1,L2,L2,L1,L2,L2,L1,C1_1,D1_2,F1_2,L3,L2,,,
87983,L2,L1,L1,L2,L2,L1,L2,L2,L1,C1_1,D1_2,F1_2,L3,L3,,,
87984,L2,L1,L1,L2,L2,L1,L2,L2,L1,C1_1,D1_2,F1_3,L1,L1,,,
87985,L2,L1,L1,L2,L2,L1,L2,L2,L1,C1_1,D1_2,F1_3,L1,L2,,,
87986,L2,L1,L1,L2,L2,L1,L2,L2,L1,C1_1,D1_2,F1_3,L1,L3,,,
87987,L2,L1,L1,L2,L2,L1,L2,L2,L1,C1_1,D1_2,F1_3,L2,L1,,,
87988,L2,L1,L1,L2,L2,L1,L2,L2,L1,C1_1,D1_2,F1_3,L2,L2,,,
87989,L2,L1,L1,L2,L2,L1,L2,L2,L1,C1_1,D1_2,F1_3,L2,L3,,,
87990,L2,L1,L1,L2,L2,L1,L2,L2,L1,C1_1,D1_2,F1_3,L3,L1,,,
87991,L2,L1,L1,L2,L2,L1,L2,L2,L1,C1_1,D1_2,F1_3,L3,L2,,,
87992,L2,L1,L1,L2,L2,L1,L2,L2,L1,C1_1,D1_2,F1_3,L3,L3,,,
87993,L2,L1,L1,L2,L2,L1,L2,L2,L1,C1_1,D1_3,F1_1,L1,L1,,,
87994,L2,L1,L1,L2,L2,L1,L2,L2,L1,C1_1,D1_3,F1_1,L1,L2,,,
87995,L2,L1,L1,L2,L2,L1,L2,L2,L1,C1_1,D1_3,F1_1,L1,L3,,,
87996,L2,L1,L1,L2,L2,L1,L2,L2,L1,C1_1,D1_3,F1_1,L2,L1,,,
87997,L2,L1,L1,L2,L2,L1,L2,L2,L1,C1_1,D1_3,F1_1,L2,L2,,,
87998,L2,L1,L1,L2,L2,L1,L2,L2,L1,C1_1,D1_3,F1_1,L2,L3,,,
87999,L2,L1,L1,L2,L2,L1,L2,L2,L1,C1_1,D1_3,F1_1,L3,L1,,,
88000,L2,L1,L1,L2,L2,L1,L2,L2,L1,C1_1,D1_3,F1_1,L3,L2,,,
88001,L2,L1,L1,L2,L2,L1,L2,L2,L1,C1_1,D1_3,F1_1,L3,L3,,,
88002,L2,L1,L1,L2,L2,L1,L2,L2,L1,C1_1,D1_3,F1_2,L1,L1,,,
88003,L2,L1,L1,L2,L2,L1,L2,L2,L1,C1_1,D1_3,F1_2,L1,L2,,,
88004,L2,L1,L1,L2,L2,L1,L2,L2,L1,C1_1,D1_3,F1_2,L1,L3,,,
88005,L2,L1,L1,L2,L2,L1,L2,L2,L1,C1_1,D1_3,F1_2,L2,L1,,,
88006,L2,L1,L1,L2,L2,L1,L2,L2,L1,C1_1,D1_3,F1_2,L2,L2,,,
88007,L2,L1,L1,L2,L2,L1,L2,L2,L1,C1_1,D1_3,F1_2,L2,L3,,,
88008,L2,L1,L1,L2,L2,L1,L2,L2,L1,C1_1,D1_3,F1_2,L3,L1,,,
88009,L2,L1,L1,L2,L2,L1,L2,L2,L1,C1_1,D1_3,F1_2,L3,L2,,,
88010,L2,L1,L1,L2,L2,L1,L2,L2,L1,C1_1,D1_3,F1_2,L3,L3,,,
88011,L2,L1,L1,L2,L2,L1,L2,L2,L1,C1_1,D1_3,F1_3,L1,L1,,,
88012,L2,L1,L1,L2,L2,L1,L2,L2,L1,C1_1,D1_3,F1_3,L1,L2,,,
88013,L2,L1,L1,L2,L2,L1,L2,L2,L1,C1_1,D1_3,F1_3,L1,L3,,,
88014,L2,L1,L1,L2,L2,L1,L2,L2,L1,C1_1,D1_3,F1_3,L2,L1,,,
88015,L2,L1,L1,L2,L2,L1,L2,L2,L1,C1_1,D1_3,F1_3,L2,L2,,,
88016,L2,L1,L1,L2,L2,L1,L2,L2,L1,C1_1,D1_3,F1_3,L2,L3,,,
88017,L2,L1,L1,L2,L2,L1,L2,L2,L1,C1_1,D1_3,F1_3,L3,L1,,,
88018,L2,L1,L1,L2,L2,L1,L2,L2,L1,C1_1,D1_3,F1_3,L3,L2,,,
88019,L2,L1,L1,L2,L2,L1,L2,L2,L1,C1_1,D1_3,F1_3,L3,L3,,,
88020,L2,L1,L1,L2,L2,L1,L2,L2,L1,C1_2,D1_1,F1_1,L1,L1,,,
88021,L2,L1,L1,L2,L2,L1,L2,L2,L1,C1_2,D1_1,F1_1,L1,L2,,,
88022,L2,L1,L1,L2,L2,L1,L2,L2,L1,C1_2,D1_1,F1_1,L1,L3,,,
88023,L2,L1,L1,L2,L2,L1,L2,L2,L1,C1_2,D1_1,F1_1,L2,L1,,,
88024,L2,L1,L1,L2,L2,L1,L2,L2,L1,C1_2,D1_1,F1_1,L2,L2,,,
88025,L2,L1,L1,L2,L2,L1,L2,L2,L1,C1_2,D1_1,F1_1,L2,L3,,,
88026,L2,L1,L1,L2,L2,L1,L2,L2,L1,C1_2,D1_1,F1_1,L3,L1,,,
88027,L2,L1,L1,L2,L2,L1,L2,L2,L1,C1_2,D1_1,F1_1,L3,L2,,,
88028,L2,L1,L1,L2,L2,L1,L2,L2,L1,C1_2,D1_1,F1_1,L3,L3,,,
88029,L2,L1,L1,L2,L2,L1,L2,L2,L1,C1_2,D1_1,F1_2,L1,L1,,,
88030,L2,L1,L1,L2,L2,L1,L2,L2,L1,C1_2,D1_1,F1_2,L1,L2,,,
88031,L2,L1,L1,L2,L2,L1,L2,L2,L1,C1_2,D1_1,F1_2,L1,L3,,,
88032,L2,L1,L1,L2,L2,L1,L2,L2,L1,C1_2,D1_1,F1_2,L2,L1,,,
88033,L2,L1,L1,L2,L2,L1,L2,L2,L1,C1_2,D1_1,F1_2,L2,L2,,,
88034,L2,L1,L1,L2,L2,L1,L2,L2,L1,C1_2,D1_1,F1_2,L2,L3,,,
88035,L2,L1,L1,L2,L2,L1,L2,L2,L1,C1_2,D1_1,F1_2,L3,L1,,,
88036,L2,L1,L1,L2,L2,L1,L2,L2,L1,C1_2,D1_1,F1_2,L3,L2,,,
88037,L2,L1,L1,L2,L2,L1,L2,L2,L1,C1_2,D1_1,F1_2,L3,L3,,,
88038,L2,L1,L1,L2,L2,L1,L2,L2,L1,C1_2,D1_1,F1_3,L1,L1,,,
88039,L2,L1,L1,L2,L2,L1,L2,L2,L1,C1_2,D1_1,F1_3,L1,L2,,,
88040,L2,L1,L1,L2,L2,L1,L2,L2,L1,C1_2,D1_1,F1_3,L1,L3,,,
88041,L2,L1,L1,L2,L2,L1,L2,L2,L1,C1_2,D1_1,F1_3,L2,L1,,,
88042,L2,L1,L1,L2,L2,L1,L2,L2,L1,C1_2,D1_1,F1_3,L2,L2,,,
88043,L2,L1,L1,L2,L2,L1,L2,L2,L1,C1_2,D1_1,F1_3,L2,L3,,,
88044,L2,L1,L1,L2,L2,L1,L2,L2,L1,C1_2,D1_1,F1_3,L3,L1,,,
88045,L2,L1,L1,L2,L2,L1,L2,L2,L1,C1_2,D1_1,F1_3,L3,L2,,,
88046,L2,L1,L1,L2,L2,L1,L2,L2,L1,C1_2,D1_1,F1_3,L3,L3,,,
88047,L2,L1,L1,L2,L2,L1,L2,L2,L1,C1_2,D1_2,F1_1,L1,L1,,,
88048,L2,L1,L1,L2,L2,L1,L2,L2,L1,C1_2,D1_2,F1_1,L1,L2,,,
88049,L2,L1,L1,L2,L2,L1,L2,L2,L1,C1_2,D1_2,F1_1,L1,L3,,,
88050,L2,L1,L1,L2,L2,L1,L2,L2,L1,C1_2,D1_2,F1_1,L2,L1,,,
88051,L2,L1,L1,L2,L2,L1,L2,L2,L1,C1_2,D1_2,F1_1,L2,L2,,,
88052,L2,L1,L1,L2,L2,L1,L2,L2,L1,C1_2,D1_2,F1_1,L2,L3,,,
88053,L2,L1,L1,L2,L2,L1,L2,L2,L1,C1_2,D1_2,F1_1,L3,L1,,,
88054,L2,L1,L1,L2,L2,L1,L2,L2,L1,C1_2,D1_2,F1_1,L3,L2,,,
88055,L2,L1,L1,L2,L2,L1,L2,L2,L1,C1_2,D1_2,F1_1,L3,L3,,,
88056,L2,L1,L1,L2,L2,L1,L2,L2,L1,C1_2,D1_2,F1_2,L1,L1,,,
88057,L2,L1,L1,L2,L2,L1,L2,L2,L1,C1_2,D1_2,F1_2,L1,L2,,,
88058,L2,L1,L1,L2,L2,L1,L2,L2,L1,C1_2,D1_2,F1_2,L1,L3,,,
88059,L2,L1,L1,L2,L2,L1,L2,L2,L1,C1_2,D1_2,F1_2,L2,L1,,,
88060,L2,L1,L1,L2,L2,L1,L2,L2,L1,C1_2,D1_2,F1_2,L2,L2,,,
88061,L2,L1,L1,L2,L2,L1,L2,L2,L1,C1_2,D1_2,F1_2,L2,L3,,,
88062,L2,L1,L1,L2,L2,L1,L2,L2,L1,C1_2,D1_2,F1_2,L3,L1,,,
88063,L2,L1,L1,L2,L2,L1,L2,L2,L1,C1_2,D1_2,F1_2,L3,L2,,,
88064,L2,L1,L1,L2,L2,L1,L2,L2,L1,C1_2,D1_2,F1_2,L3,L3,,,
88065,L2,L1,L1,L2,L2,L1,L2,L2,L1,C1_2,D1_2,F1_3,L1,L1,,,
88066,L2,L1,L1,L2,L2,L1,L2,L2,L1,C1_2,D1_2,F1_3,L1,L2,,,
88067,L2,L1,L1,L2,L2,L1,L2,L2,L1,C1_2,D1_2,F1_3,L1,L3,,,
88068,L2,L1,L1,L2,L2,L1,L2,L2,L1,C1_2,D1_2,F1_3,L2,L1,,,
88069,L2,L1,L1,L2,L2,L1,L2,L2,L1,C1_2,D1_2,F1_3,L2,L2,,,
88070,L2,L1,L1,L2,L2,L1,L2,L2,L1,C1_2,D1_2,F1_3,L2,L3,,,
88071,L2,L1,L1,L2,L2,L1,L2,L2,L1,C1_2,D1_2,F1_3,L3,L1,,,
88072,L2,L1,L1,L2,L2,L1,L2,L2,L1,C1_2,D1_2,F1_3,L3,L2,,,
88073,L2,L1,L1,L2,L2,L1,L2,L2,L1,C1_2,D1_2,F1_3,L3,L3,,,
88074,L2,L1,L1,L2,L2,L1,L2,L2,L1,C1_2,D1_3,F1_1,L1,L1,,,
88075,L2,L1,L1,L2,L2,L1,L2,L2,L1,C1_2,D1_3,F1_1,L1,L2,,,
88076,L2,L1,L1,L2,L2,L1,L2,L2,L1,C1_2,D1_3,F1_1,L1,L3,,,
88077,L2,L1,L1,L2,L2,L1,L2,L2,L1,C1_2,D1_3,F1_1,L2,L1,,,
88078,L2,L1,L1,L2,L2,L1,L2,L2,L1,C1_2,D1_3,F1_1,L2,L2,,,
88079,L2,L1,L1,L2,L2,L1,L2,L2,L1,C1_2,D1_3,F1_1,L2,L3,,,
88080,L2,L1,L1,L2,L2,L1,L2,L2,L1,C1_2,D1_3,F1_1,L3,L1,,,
88081,L2,L1,L1,L2,L2,L1,L2,L2,L1,C1_2,D1_3,F1_1,L3,L2,,,
88082,L2,L1,L1,L2,L2,L1,L2,L2,L1,C1_2,D1_3,F1_1,L3,L3,,,
88083,L2,L1,L1,L2,L2,L1,L2,L2,L1,C1_2,D1_3,F1_2,L1,L1,,,
88084,L2,L1,L1,L2,L2,L1,L2,L2,L1,C1_2,D1_3,F1_2,L1,L2,,,
88085,L2,L1,L1,L2,L2,L1,L2,L2,L1,C1_2,D1_3,F1_2,L1,L3,,,
88086,L2,L1,L1,L2,L2,L1,L2,L2,L1,C1_2,D1_3,F1_2,L2,L1,,,
88087,L2,L1,L1,L2,L2,L1,L2,L2,L1,C1_2,D1_3,F1_2,L2,L2,,,
88088,L2,L1,L1,L2,L2,L1,L2,L2,L1,C1_2,D1_3,F1_2,L2,L3,,,
88089,L2,L1,L1,L2,L2,L1,L2,L2,L1,C1_2,D1_3,F1_2,L3,L1,,,
88090,L2,L1,L1,L2,L2,L1,L2,L2,L1,C1_2,D1_3,F1_2,L3,L2,,,
88091,L2,L1,L1,L2,L2,L1,L2,L2,L1,C1_2,D1_3,F1_2,L3,L3,,,
88092,L2,L1,L1,L2,L2,L1,L2,L2,L1,C1_2,D1_3,F1_3,L1,L1,,,
88093,L2,L1,L1,L2,L2,L1,L2,L2,L1,C1_2,D1_3,F1_3,L1,L2,,,
88094,L2,L1,L1,L2,L2,L1,L2,L2,L1,C1_2,D1_3,F1_3,L1,L3,,,
88095,L2,L1,L1,L2,L2,L1,L2,L2,L1,C1_2,D1_3,F1_3,L2,L1,,,
88096,L2,L1,L1,L2,L2,L1,L2,L2,L1,C1_2,D1_3,F1_3,L2,L2,,,
88097,L2,L1,L1,L2,L2,L1,L2,L2,L1,C1_2,D1_3,F1_3,L2,L3,,,
88098,L2,L1,L1,L2,L2,L1,L2,L2,L1,C1_2,D1_3,F1_3,L3,L1,,,
88099,L2,L1,L1,L2,L2,L1,L2,L2,L1,C1_2,D1_3,F1_3,L3,L2,,,
88100,L2,L1,L1,L2,L2,L1,L2,L2,L1,C1_2,D1_3,F1_3,L3,L3,,,
88101,L2,L1,L1,L2,L2,L1,L2,L2,L1,C1_3,D1_1,F1_1,L1,L1,,,
88102,L2,L1,L1,L2,L2,L1,L2,L2,L1,C1_3,D1_1,F1_1,L1,L2,,,
88103,L2,L1,L1,L2,L2,L1,L2,L2,L1,C1_3,D1_1,F1_1,L1,L3,,,
88104,L2,L1,L1,L2,L2,L1,L2,L2,L1,C1_3,D1_1,F1_1,L2,L1,,,
88105,L2,L1,L1,L2,L2,L1,L2,L2,L1,C1_3,D1_1,F1_1,L2,L2,,,
88106,L2,L1,L1,L2,L2,L1,L2,L2,L1,C1_3,D1_1,F1_1,L2,L3,,,
88107,L2,L1,L1,L2,L2,L1,L2,L2,L1,C1_3,D1_1,F1_1,L3,L1,,,
88108,L2,L1,L1,L2,L2,L1,L2,L2,L1,C1_3,D1_1,F1_1,L3,L2,,,
88109,L2,L1,L1,L2,L2,L1,L2,L2,L1,C1_3,D1_1,F1_1,L3,L3,,,
88110,L2,L1,L1,L2,L2,L1,L2,L2,L1,C1_3,D1_1,F1_2,L1,L1,,,
88111,L2,L1,L1,L2,L2,L1,L2,L2,L1,C1_3,D1_1,F1_2,L1,L2,,,
88112,L2,L1,L1,L2,L2,L1,L2,L2,L1,C1_3,D1_1,F1_2,L1,L3,,,
88113,L2,L1,L1,L2,L2,L1,L2,L2,L1,C1_3,D1_1,F1_2,L2,L1,,,
88114,L2,L1,L1,L2,L2,L1,L2,L2,L1,C1_3,D1_1,F1_2,L2,L2,,,
88115,L2,L1,L1,L2,L2,L1,L2,L2,L1,C1_3,D1_1,F1_2,L2,L3,,,
88116,L2,L1,L1,L2,L2,L1,L2,L2,L1,C1_3,D1_1,F1_2,L3,L1,,,
88117,L2,L1,L1,L2,L2,L1,L2,L2,L1,C1_3,D1_1,F1_2,L3,L2,,,
88118,L2,L1,L1,L2,L2,L1,L2,L2,L1,C1_3,D1_1,F1_2,L3,L3,,,
88119,L2,L1,L1,L2,L2,L1,L2,L2,L1,C1_3,D1_1,F1_3,L1,L1,,,
88120,L2,L1,L1,L2,L2,L1,L2,L2,L1,C1_3,D1_1,F1_3,L1,L2,,,
88121,L2,L1,L1,L2,L2,L1,L2,L2,L1,C1_3,D1_1,F1_3,L1,L3,,,
88122,L2,L1,L1,L2,L2,L1,L2,L2,L1,C1_3,D1_1,F1_3,L2,L1,,,
88123,L2,L1,L1,L2,L2,L1,L2,L2,L1,C1_3,D1_1,F1_3,L2,L2,,,
88124,L2,L1,L1,L2,L2,L1,L2,L2,L1,C1_3,D1_1,F1_3,L2,L3,,,
88125,L2,L1,L1,L2,L2,L1,L2,L2,L1,C1_3,D1_1,F1_3,L3,L1,,,
88126,L2,L1,L1,L2,L2,L1,L2,L2,L1,C1_3,D1_1,F1_3,L3,L2,,,
88127,L2,L1,L1,L2,L2,L1,L2,L2,L1,C1_3,D1_1,F1_3,L3,L3,,,
88128,L2,L1,L1,L2,L2,L1,L2,L2,L1,C1_3,D1_2,F1_1,L1,L1,,,
88129,L2,L1,L1,L2,L2,L1,L2,L2,L1,C1_3,D1_2,F1_1,L1,L2,,,
88130,L2,L1,L1,L2,L2,L1,L2,L2,L1,C1_3,D1_2,F1_1,L1,L3,,,
88131,L2,L1,L1,L2,L2,L1,L2,L2,L1,C1_3,D1_2,F1_1,L2,L1,,,
88132,L2,L1,L1,L2,L2,L1,L2,L2,L1,C1_3,D1_2,F1_1,L2,L2,,,
88133,L2,L1,L1,L2,L2,L1,L2,L2,L1,C1_3,D1_2,F1_1,L2,L3,,,
88134,L2,L1,L1,L2,L2,L1,L2,L2,L1,C1_3,D1_2,F1_1,L3,L1,,,
88135,L2,L1,L1,L2,L2,L1,L2,L2,L1,C1_3,D1_2,F1_1,L3,L2,,,
88136,L2,L1,L1,L2,L2,L1,L2,L2,L1,C1_3,D1_2,F1_1,L3,L3,,,
88137,L2,L1,L1,L2,L2,L1,L2,L2,L1,C1_3,D1_2,F1_2,L1,L1,,,
88138,L2,L1,L1,L2,L2,L1,L2,L2,L1,C1_3,D1_2,F1_2,L1,L2,,,
88139,L2,L1,L1,L2,L2,L1,L2,L2,L1,C1_3,D1_2,F1_2,L1,L3,,,
88140,L2,L1,L1,L2,L2,L1,L2,L2,L1,C1_3,D1_2,F1_2,L2,L1,,,
88141,L2,L1,L1,L2,L2,L1,L2,L2,L1,C1_3,D1_2,F1_2,L2,L2,,,
88142,L2,L1,L1,L2,L2,L1,L2,L2,L1,C1_3,D1_2,F1_2,L2,L3,,,
88143,L2,L1,L1,L2,L2,L1,L2,L2,L1,C1_3,D1_2,F1_2,L3,L1,,,
88144,L2,L1,L1,L2,L2,L1,L2,L2,L1,C1_3,D1_2,F1_2,L3,L2,,,
88145,L2,L1,L1,L2,L2,L1,L2,L2,L1,C1_3,D1_2,F1_2,L3,L3,,,
88146,L2,L1,L1,L2,L2,L1,L2,L2,L1,C1_3,D1_2,F1_3,L1,L1,,,
88147,L2,L1,L1,L2,L2,L1,L2,L2,L1,C1_3,D1_2,F1_3,L1,L2,,,
88148,L2,L1,L1,L2,L2,L1,L2,L2,L1,C1_3,D1_2,F1_3,L1,L3,,,
88149,L2,L1,L1,L2,L2,L1,L2,L2,L1,C1_3,D1_2,F1_3,L2,L1,,,
88150,L2,L1,L1,L2,L2,L1,L2,L2,L1,C1_3,D1_2,F1_3,L2,L2,,,
88151,L2,L1,L1,L2,L2,L1,L2,L2,L1,C1_3,D1_2,F1_3,L2,L3,,,
88152,L2,L1,L1,L2,L2,L1,L2,L2,L1,C1_3,D1_2,F1_3,L3,L1,,,
88153,L2,L1,L1,L2,L2,L1,L2,L2,L1,C1_3,D1_2,F1_3,L3,L2,,,
88154,L2,L1,L1,L2,L2,L1,L2,L2,L1,C1_3,D1_2,F1_3,L3,L3,,,
88155,L2,L1,L1,L2,L2,L1,L2,L2,L1,C1_3,D1_3,F1_1,L1,L1,,,
88156,L2,L1,L1,L2,L2,L1,L2,L2,L1,C1_3,D1_3,F1_1,L1,L2,,,
88157,L2,L1,L1,L2,L2,L1,L2,L2,L1,C1_3,D1_3,F1_1,L1,L3,,,
88158,L2,L1,L1,L2,L2,L1,L2,L2,L1,C1_3,D1_3,F1_1,L2,L1,,,
88159,L2,L1,L1,L2,L2,L1,L2,L2,L1,C1_3,D1_3,F1_1,L2,L2,,,
88160,L2,L1,L1,L2,L2,L1,L2,L2,L1,C1_3,D1_3,F1_1,L2,L3,,,
88161,L2,L1,L1,L2,L2,L1,L2,L2,L1,C1_3,D1_3,F1_1,L3,L1,,,
88162,L2,L1,L1,L2,L2,L1,L2,L2,L1,C1_3,D1_3,F1_1,L3,L2,,,
88163,L2,L1,L1,L2,L2,L1,L2,L2,L1,C1_3,D1_3,F1_1,L3,L3,,,
88164,L2,L1,L1,L2,L2,L1,L2,L2,L1,C1_3,D1_3,F1_2,L1,L1,,,
88165,L2,L1,L1,L2,L2,L1,L2,L2,L1,C1_3,D1_3,F1_2,L1,L2,,,
88166,L2,L1,L1,L2,L2,L1,L2,L2,L1,C1_3,D1_3,F1_2,L1,L3,,,
88167,L2,L1,L1,L2,L2,L1,L2,L2,L1,C1_3,D1_3,F1_2,L2,L1,,,
88168,L2,L1,L1,L2,L2,L1,L2,L2,L1,C1_3,D1_3,F1_2,L2,L2,,,
88169,L2,L1,L1,L2,L2,L1,L2,L2,L1,C1_3,D1_3,F1_2,L2,L3,,,
88170,L2,L1,L1,L2,L2,L1,L2,L2,L1,C1_3,D1_3,F1_2,L3,L1,,,
88171,L2,L1,L1,L2,L2,L1,L2,L2,L1,C1_3,D1_3,F1_2,L3,L2,,,
88172,L2,L1,L1,L2,L2,L1,L2,L2,L1,C1_3,D1_3,F1_2,L3,L3,,,
88173,L2,L1,L1,L2,L2,L1,L2,L2,L1,C1_3,D1_3,F1_3,L1,L1,,,
88174,L2,L1,L1,L2,L2,L1,L2,L2,L1,C1_3,D1_3,F1_3,L1,L2,,,
88175,L2,L1,L1,L2,L2,L1,L2,L2,L1,C1_3,D1_3,F1_3,L1,L3,,,
88176,L2,L1,L1,L2,L2,L1,L2,L2,L1,C1_3,D1_3,F1_3,L2,L1,,,
88177,L2,L1,L1,L2,L2,L1,L2,L2,L1,C1_3,D1_3,F1_3,L2,L2,,,
88178,L2,L1,L1,L2,L2,L1,L2,L2,L1,C1_3,D1_3,F1_3,L2,L3,,,
88179,L2,L1,L1,L2,L2,L1,L2,L2,L1,C1_3,D1_3,F1_3,L3,L1,,,
88180,L2,L1,L1,L2,L2,L1,L2,L2,L1,C1_3,D1_3,F1_3,L3,L2,,,
88181,L2,L1,L1,L2,L2,L1,L2,L2,L1,C1_3,D1_3,F1_3,L3,L3,,,
93960,L1,L3,L3,L3,L3,L1,L2,L2,L1,C1_1,D1_1,F1_1,L1,L1,,,
93961,L1,L3,L3,L3,L3,L1,L2,L2,L1,C1_1,D1_1,F1_1,L1,L2,,,
93962,L1,L3,L3,L3,L3,L1,L2,L2,L1,C1_1,D1_1,F1_1,L1,L3,,,
93963,L1,L3,L3,L3,L3,L1,L2,L2,L1,C1_1,D1_1,F1_1,L2,L1,,,
93964,L1,L3,L3,L3,L3,L1,L2,L2,L1,C1_1,D1_1,F1_1,L2,L2,,,
93965,L1,L3,L3,L3,L3,L1,L2,L2,L1,C1_1,D1_1,F1_1,L2,L3,,,
93966,L1,L3,L3,L3,L3,L1,L2,L2,L1,C1_1,D1_1,F1_1,L3,L1,,,
93967,L1,L3,L3,L3,L3,L1,L2,L2,L1,C1_1,D1_1,F1_1,L3,L2,,,
93968,L1,L3,L3,L3,L3,L1,L2,L2,L1,C1_1,D1_1,F1_1,L3,L3,,,
93969,L1,L3,L3,L3,L3,L1,L2,L2,L1,C1_1,D1_1,F1_2,L1,L1,,,
93970,L1,L3,L3,L3,L3,L1,L2,L2,L1,C1_1,D1_1,F1_2,L1,L2,,,
93971,L1,L3,L3,L3,L3,L1,L2,L2,L1,C1_1,D1_1,F1_2,L1,L3,,,
93972,L1,L3,L3,L3,L3,L1,L2,L2,L1,C1_1,D1_1,F1_2,L2,L1,,,
93973,L1,L3,L3,L3,L3,L1,L2,L2,L1,C1_1,D1_1,F1_2,L2,L2,,,
93974,L1,L3,L3,L3,L3,L1,L2,L2,L1,C1_1,D1_1,F1_2,L2,L3,,,
93975,L1,L3,L3,L3,L3,L1,L2,L2,L1,C1_1,D1_1,F1_2,L3,L1,,,
93976,L1,L3,L3,L3,L3,L1,L2,L2,L1,C1_1,D1_1,F1_2,L3,L2,,,
93977,L1,L3,L3,L3,L3,L1,L2,L2,L1,C1_1,D1_1,F1_2,L3,L3,,,
93978,L1,L3,L3,L3,L3,L1,L2,L2,L1,C1_1,D1_1,F1_3,L1,L1,,,
93979,L1,L3,L3,L3,L3,L1,L2,L2,L1,C1_1,D1_1,F1_3,L1,L2,,,
93980,L1,L3,L3,L3,L3,L1,L2,L2,L1,C1_1,D1_1,F1_3,L1,L3,,,
93981,L1,L3,L3,L3,L3,L1,L2,L2,L1,C1_1,D1_1,F1_3,L2,L1,,,
93982,L1,L3,L3,L3,L3,L1,L2,L2,L1,C1_1,D1_1,F1_3,L2,L2,,,
93983,L1,L3,L3,L3,L3,L1,L2,L2,L1,C1_1,D1_1,F1_3,L2,L3,,,
93984,L1,L3,L3,L3,L3,L1,L2,L2,L1,C1_1,D1_1,F1_3,L3,L1,,,
93985,L1,L3,L3,L3,L3,L1,L2,L2,L1,C1_1,D1_1,F1_3,L3,L2,,,
93986,L1,L3,L3,L3,L3,L1,L2,L2,L1,C1_1,D1_1,F1_3,L3,L3,,,
93987,L1,L3,L3,L3,L3,L1,L2,L2,L1,C1_1,D1_2,F1_1,L1,L1,,,
93988,L1,L3,L3,L3,L3,L1,L2,L2,L1,C1_1,D1_2,F1_1,L1,L2,,,
93989,L1,L3,L3,L3,L3,L1,L2,L2,L1,C1_1,D1_2,F1_1,L1,L3,,,
93990,L1,L3,L3,L3,L3,L1,L2,L2,L1,C1_1,D1_2,F1_1,L2,L1,,,
93991,L1,L3,L3,L3,L3,L1,L2,L2,L1,C1_1,D1_2,F1_1,L2,L2,,,
93992,L1,L3,L3,L3,L3,L1,L2,L2,L1,C1_1,D1_2,F1_1,L2,L3,,,
93993,L1,L3,L3,L3,L3,L1,L2,L2,L1,C1_1,D1_2,F1_1,L3,L1,,,
93994,L1,L3,L3,L3,L3,L1,L2,L2,L1,C1_1,D1_2,F1_1,L3,L2,,,
93995,L1,L3,L3,L3,L3,L1,L2,L2,L1,C1_1,D1_2,F1_1,L3,L3,,,
93996,L1,L3,L3,L3,L3,L1,L2,L2,L1,C1_1,D1_2,F1_2,L1,L1,,,
93997,L1,L3,L3,L3,L3,L1,L2,L2,L1,C1_1,D1_2,F1_2,L1,L2,,,
93998,L1,L3,L3,L3,L3,L1,L2,L2,L1,C1_1,D1_2,F1_2,L1,L3,,,
93999,L1,L3,L3,L3,L3,L1,L2,L2,L1,C1_1,D1_2,F1_2,L2,L1,,,
94000,L1,L3,L3,L3,L3,L1,L2,L2,L1,C1_1,D1_2,F1_2,L2,L2,,,
94001,L1,L3,L3,L3,L3,L1,L2,L2,L1,C1_1,D1_2,F1_2,L2,L3,,,
94002,L1,L3,L3,L3,L3,L1,L2,L2,L1,C1_1,D1_2,F1_2,L3,L1,,,
94003,L1,L3,L3,L3,L3,L1,L2,L2,L1,C1_1,D1_2,F1_2,L3,L2,,,
94004,L1,L3,L3,L3,L3,L1,L2,L2,L1,C1_1,D1_2,F1_2,L3,L3,,,
94005,L1,L3,L3,L3,L3,L1,L2,L2,L1,C1_1,D1_2,F1_3,L1,L1,,,
94006,L1,L3,L3,L3,L3,L1,L2,L2,L1,C1_1,D1_2,F1_3,L1,L2,,,
94007,L1,L3,L3,L3,L3,L1,L2,L2,L1,C1_1,D1_2,F1_3,L1,L3,,,
94008,L1,L3,L3,L3,L3,L1,L2,L2,L1,C1_1,D1_2,F1_3,L2,L1,,,
94009,L1,L3,L3,L3,L3,L1,L2,L2,L1,C1_1,D1_2,F1_3,L2,L2,,,
94010,L1,L3,L3,L3,L3,L1,L2,L2,L1,C1_1,D1_2,F1_3,L2,L3,,,
94011,L1,L3,L3,L3,L3,L1,L2,L2,L1,C1_1,D1_2,F1_3,L3,L1,,,
94012,L1,L3,L3,L3,L3,L1,L2,L2,L1,C1_1,D1_2,F1_3,L3,L2,,,
94013,L1,L3,L3,L3,L3,L1,L2,L2,L1,C1_1,D1_2,F1_3,L3,L3,,,
94014,L1,L3,L3,L3,L3,L1,L2,L2,L1,C1_1,D1_3,F1_1,L1,L1,,,
94015,L1,L3,L3,L3,L3,L1,L2,L2,L1,C1_1,D1_3,F1_1,L1,L2,,,
94016,L1,L3,L3,L3,L3,L1,L2,L2,L1,C1_1,D1_3,F1_1,L1,L3,,,
94017,L1,L3,L3,L3,L3,L1,L2,L2,L1,C1_1,D1_3,F1_1,L2,L1,,,
94018,L1,L3,L3,L3,L3,L1,L2,L2,L1,C1_1,D1_3,F1_1,L2,L2,,,
94019,L1,L3,L3,L3,L3,L1,L2,L2,L1,C1_1,D1_3,F1_1,L2,L3,,,
94020,L1,L3,L3,L3,L3,L1,L2,L2,L1,C1_1,D1_3,F1_1,L3,L1,,,
94021,L1,L3,L3,L3,L3,L1,L2,L2,L1,C1_1,D1_3,F1_1,L3,L2,,,
94022,L1,L3,L3,L3,L3,L1,L2,L2,L1,C1_1,D1_3,F1_1,L3,L3,,,
94023,L1,L3,L3,L3,L3,L1,L2,L2,L1,C1_1,D1_3,F1_2,L1,L1,,,
94024,L1,L3,L3,L3,L3,L1,L2,L2,L1,C1_1,D1_3,F1_2,L1,L2,,,
94025,L1,L3,L3,L3,L3,L1,L2,L2,L1,C1_1,D1_3,F1_2,L1,L3,,,
94026,L1,L3,L3,L3,L3,L1,L2,L2,L1,C1_1,D1_3,F1_2,L2,L1,,,
94027,L1,L3,L3,L3,L3,L1,L2,L2,L1,C1_1,D1_3,F1_2,L2,L2,,,
94028,L1,L3,L3,L3,L3,L1,L2,L2,L1,C1_1,D1_3,F1_2,L2,L3,,,
94029,L1,L3,L3,L3,L3,L1,L2,L2,L1,C1_1,D1_3,F1_2,L3,L1,,,
94030,L1,L3,L3,L3,L3,L1,L2,L2,L1,C1_1,D1_3,F1_2,L3,L2,,,
94031,L1,L3,L3,L3,L3,L1,L2,L2,L1,C1_1,D1_3,F1_2,L3,L3,,,
94032,L1,L3,L3,L3,L3,L1,L2,L2,L1,C1_1,D1_3,F1_3,L1,L1,,,
94033,L1,L3,L3,L3,L3,L1,L2,L2,L1,C1_1,D1_3,F1_3,L1,L2,,,
94034,L1,L3,L3,L3,L3,L1,L2,L2,L1,C1_1,D1_3,F1_3,L1,L3,,,
94035,L1,L3,L3,L3,L3,L1,L2,L2,L1,C1_1,D1_3,F1_3,L2,L1,,,
94036,L1,L3,L3,L3,L3,L1,L2,L2,L1,C1_1,D1_3,F1_3,L2,L2,,,
94037,L1,L3,L3,L3,L3,L1,L2,L2,L1,C1_1,D1_3,F1_3,L2,L3,,,
94038,L1,L3,L3,L3,L3,L1,L2,L2,L1,C1_1,D1_3,F1_3,L3,L1,,,
94039,L1,L3,L3,L3,L3,L1,L2,L2,L1,C1_1,D1_3,F1_3,L3,L2,,,
94040,L1,L3,L3,L3,L3,L1,L2,L2,L1,C1_1,D1_3,F1_3,L3,L3,,,
94041,L1,L3,L3,L3,L3,L1,L2,L2,L1,C1_2,D1_1,F1_1,L1,L1,,,
94042,L1,L3,L3,L3,L3,L1,L2,L2,L1,C1_2,D1_1,F1_1,L1,L2,,,
94043,L1,L3,L3,L3,L3,L1,L2,L2,L1,C1_2,D1_1,F1_1,L1,L3,,,
94044,L1,L3,L3,L3,L3,L1,L2,L2,L1,C1_2,D1_1,F1_1,L2,L1,,,
94045,L1,L3,L3,L3,L3,L1,L2,L2,L1,C1_2,D1_1,F1_1,L2,L2,,,
94046,L1,L3,L3,L3,L3,L1,L2,L2,L1,C1_2,D1_1,F1_1,L2,L3,,,
94047,L1,L3,L3,L3,L3,L1,L2,L2,L1,C1_2,D1_1,F1_1,L3,L1,,,
94048,L1,L3,L3,L3,L3,L1,L2,L2,L1,C1_2,D1_1,F1_1,L3,L2,,,
94049,L1,L3,L3,L3,L3,L1,L2,L2,L1,C1_2,D1_1,F1_1,L3,L3,,,
94050,L1,L3,L3,L3,L3,L1,L2,L2,L1,C1_2,D1_1,F1_2,L1,L1,,,
94051,L1,L3,L3,L3,L3,L1,L2,L2,L1,C1_2,D1_1,F1_2,L1,L2,,,
94052,L1,L3,L3,L3,L3,L1,L2,L2,L1,C1_2,D1_1,F1_2,L1,L3,,,
94053,L1,L3,L3,L3,L3,L1,L2,L2,L1,C1_2,D1_1,F1_2,L2,L1,,,
94054,L1,L3,L3,L3,L3,L1,L2,L2,L1,C1_2,D1_1,F1_2,L2,L2,,,
94055,L1,L3,L3,L3,L3,L1,L2,L2,L1,C1_2,D1_1,F1_2,L2,L3,,,
94056,L1,L3,L3,L3,L3,L1,L2,L2,L1,C1_2,D1_1,F1_2,L3,L1,,,
94057,L1,L3,L3,L3,L3,L1,L2,L2,L1,C1_2,D1_1,F1_2,L3,L2,,,
94058,L1,L3,L3,L3,L3,L1,L2,L2,L1,C1_2,D1_1,F1_2,L3,L3,,,
94059,L1,L3,L3,L3,L3,L1,L2,L2,L1,C1_2,D1_1,F1_3,L1,L1,,,
94060,L1,L3,L3,L3,L3,L1,L2,L2,L1,C1_2,D1_1,F1_3,L1,L2,,,
94061,L1,L3,L3,L3,L3,L1,L2,L2,L1,C1_2,D1_1,F1_3,L1,L3,,,
94062,L1,L3,L3,L3,L3,L1,L2,L2,L1,C1_2,D1_1,F1_3,L2,L1,,,
94063,L1,L3,L3,L3,L3,L1,L2,L2,L1,C1_2,D1_1,F1_3,L2,L2,,,
94064,L1,L3,L3,L3,L3,L1,L2,L2,L1,C1_2,D1_1,F1_3,L2,L3,,,
94065,L1,L3,L3,L3,L3,L1,L2,L2,L1,C1_2,D1_1,F1_3,L3,L1,,,
94066,L1,L3,L3,L3,L3,L1,L2,L2,L1,C1_2,D1_1,F1_3,L3,L2,,,
94067,L1,L3,L3,L3,L3,L1,L2,L2,L1,C1_2,D1_1,F1_3,L3,L3,,,
94068,L1,L3,L3,L3,L3,L1,L2,L2,L1,C1_2,D1_2,F1_1,L1,L1,,,
94069,L1,L3,L3,L3,L3,L1,L2,L2,L1,C1_2,D1_2,F1_1,L1,L2,,,
94070,L1,L3,L3,L3,L3,L1,L2,L2,L1,C1_2,D1_2,F1_1,L1,L3,,,
94071,L1,L3,L3,L3,L3,L1,L2,L2,L1,C1_2,D1_2,F1_1,L2,L1,,,
94072,L1,L3,L3,L3,L3,L1,L2,L2,L1,C1_2,D1_2,F1_1,L2,L2,,,
94073,L1,L3,L3,L3,L3,L1,L2,L2,L1,C1_2,D1_2,F1_1,L2,L3,,,
94074,L1,L3,L3,L3,L3,L1,L2,L2,L1,C1_2,D1_2,F1_1,L3,L1,,,
94075,L1,L3,L3,L3,L3,L1,L2,L2,L1,C1_2,D1_2,F1_1,L3,L2,,,
94076,L1,L3,L3,L3,L3,L1,L2,L2,L1,C1_2,D1_2,F1_1,L3,L3,,,
94077,L1,L3,L3,L3,L3,L1,L2,L2,L1,C1_2,D1_2,F1_2,L1,L1,,,
94078,L1,L3,L3,L3,L3,L1,L2,L2,L1,C1_2,D1_2,F1_2,L1,L2,,,
94079,L1,L3,L3,L3,L3,L1,L2,L2,L1,C1_2,D1_2,F1_2,L1,L3,,,
94080,L1,L3,L3,L3,L3,L1,L2,L2,L1,C1_2,D1_2,F1_2,L2,L1,,,
94081,L1,L3,L3,L3,L3,L1,L2,L2,L1,C1_2,D1_2,F1_2,L2,L2,,,
94082,L1,L3,L3,L3,L3,L1,L2,L2,L1,C1_2,D1_2,F1_2,L2,L3,,,
94083,L1,L3,L3,L3,L3,L1,L2,L2,L1,C1_2,D1_2,F1_2,L3,L1,,,
94084,L1,L3,L3,L3,L3,L1,L2,L2,L1,C1_2,D1_2,F1_2,L3,L2,,,
94085,L1,L3,L3,L3,L3,L1,L2,L2,L1,C1_2,D1_2,F1_2,L3,L3,,,
94086,L1,L3,L3,L3,L3,L1,L2,L2,L1,C1_2,D1_2,F1_3,L1,L1,,,
94087,L1,L3,L3,L3,L3,L1,L2,L2,L1,C1_2,D1_2,F1_3,L1,L2,,,
94088,L1,L3,L3,L3,L3,L1,L2,L2,L1,C1_2,D1_2,F1_3,L1,L3,,,
94089,L1,L3,L3,L3,L3,L1,L2,L2,L1,C1_2,D1_2,F1_3,L2,L1,,,
94090,L1,L3,L3,L3,L3,L1,L2,L2,L1,C1_2,D1_2,F1_3,L2,L2,,,
94091,L1,L3,L3,L3,L3,L1,L2,L2,L1,C1_2,D1_2,F1_3,L2,L3,,,
94092,L1,L3,L3,L3,L3,L1,L2,L2,L1,C1_2,D1_2,F1_3,L3,L1,,,
94093,L1,L3,L3,L3,L3,L1,L2,L2,L1,C1_2,D1_2,F1_3,L3,L2,,,
94094,L1,L3,L3,L3,L3,L1,L2,L2,L1,C1_2,D1_2,F1_3,L3,L3,,,
94095,L1,L3,L3,L3,L3,L1,L2,L2,L1,C1_2,D1_3,F1_1,L1,L1,,,
94096,L1,L3,L3,L3,L3,L1,L2,L2,L1,C1_2,D1_3,F1_1,L1,L2,,,
94097,L1,L3,L3,L3,L3,L1,L2,L2,L1,C1_2,D1_3,F1_1,L1,L3,,,
94098,L1,L3,L3,L3,L3,L1,L2,L2,L1,C1_2,D1_3,F1_1,L2,L1,,,
94099,L1,L3,L3,L3,L3,L1,L2,L2,L1,C1_2,D1_3,F1_1,L2,L2,,,
94100,L1,L3,L3,L3,L3,L1,L2,L2,L1,C1_2,D1_3,F1_1,L2,L3,,,
94101,L1,L3,L3,L3,L3,L1,L2,L2,L1,C1_2,D1_3,F1_1,L3,L1,,,
94102,L1,L3,L3,L3,L3,L1,L2,L2,L1,C1_2,D1_3,F1_1,L3,L2,,,
94103,L1,L3,L3,L3,L3,L1,L2,L2,L1,C1_2,D1_3,F1_1,L3,L3,,,
94104,L1,L3,L3,L3,L3,L1,L2,L2,L1,C1_2,D1_3,F1_2,L1,L1,,,
94105,L1,L3,L3,L3,L3,L1,L2,L2,L1,C1_2,D1_3,F1_2,L1,L2,,,
94106,L1,L3,L3,L3,L3,L1,L2,L2,L1,C1_2,D1_3,F1_2,L1,L3,,,
94107,L1,L3,L3,L3,L3,L1,L2,L2,L1,C1_2,D1_3,F1_2,L2,L1,,,
94108,L1,L3,L3,L3,L3,L1,L2,L2,L1,C1_2,D1_3,F1_2,L2,L2,,,
94109,L1,L3,L3,L3,L3,L1,L2,L2,L1,C1_2,D1_3,F1_2,L2,L3,,,
94110,L1,L3,L3,L3,L3,L1,L2,L2,L1,C1_2,D1_3,F1_2,L3,L1,,,
94111,L1,L3,L3,L3,L3,L1,L2,L2,L1,C1_2,D1_3,F1_2,L3,L2,,,
94112,L1,L3,L3,L3,L3,L1,L2,L2,L1,C1_2,D1_3,F1_2,L3,L3,,,
94113,L1,L3,L3,L3,L3,L1,L2,L2,L1,C1_2,D1_3,F1_3,L1,L1,,,
94114,L1,L3,L3,L3,L3,L1,L2,L2,L1,C1_2,D1_3,F1_3,L1,L2,,,
94115,L1,L3,L3,L3,L3,L1,L2,L2,L1,C1_2,D1_3,F1_3,L1,L3,,,
94116,L1,L3,L3,L3,L3,L1,L2,L2,L1,C1_2,D1_3,F1_3,L2,L1,,,
94117,L1,L3,L3,L3,L3,L1,L2,L2,L1,C1_2,D1_3,F1_3,L2,L2,,,
94118,L1,L3,L3,L3,L3,L1,L2,L2,L1,C1_2,D1_3,F1_3,L2,L3,,,
94119,L1,L3,L3,L3,L3,L1,L2,L2,L1,C1_2,D1_3,F1_3,L3,L1,,,
94120,L1,L3,L3,L3,L3,L1,L2,L2,L1,C1_2,D1_3,F1_3,L3,L2,,,
94121,L1,L3,L3,L3,L3,L1,L2,L2,L1,C1_2,D1_3,F1_3,L3,L3,,,
94122,L1,L3,L3,L3,L3,L1,L2,L2,L1,C1_3,D1_1,F1_1,L1,L1,,,
94123,L1,L3,L3,L3,L3,L1,L2,L2,L1,C1_3,D1_1,F1_1,L1,L2,,,
94124,L1,L3,L3,L3,L3,L1,L2,L2,L1,C1_3,D1_1,F1_1,L1,L3,,,
94125,L1,L3,L3,L3,L3,L1,L2,L2,L1,C1_3,D1_1,F1_1,L2,L1,,,
94126,L1,L3,L3,L3,L3,L1,L2,L2,L1,C1_3,D1_1,F1_1,L2,L2,,,
94127,L1,L3,L3,L3,L3,L1,L2,L2,L1,C1_3,D1_1,F1_1,L2,L3,,,
94128,L1,L3,L3,L3,L3,L1,L2,L2,L1,C1_3,D1_1,F1_1,L3,L1,,,
94129,L1,L3,L3,L3,L3,L1,L2,L2,L1,C1_3,D1_1,F1_1,L3,L2,,,
94130,L1,L3,L3,L3,L3,L1,L2,L2,L1,C1_3,D1_1,F1_1,L3,L3,,,
94131,L1,L3,L3,L3,L3,L1,L2,L2,L1,C1_3,D1_1,F1_2,L1,L1,,,
94132,L1,L3,L3,L3,L3,L1,L2,L2,L1,C1_3,D1_1,F1_2,L1,L2,,,
94133,L1,L3,L3,L3,L3,L1,L2,L2,L1,C1_3,D1_1,F1_2,L1,L3,,,
94134,L1,L3,L3,L3,L3,L1,L2,L2,L1,C1_3,D1_1,F1_2,L2,L1,,,
94135,L1,L3,L3,L3,L3,L1,L2,L2,L1,C1_3,D1_1,F1_2,L2,L2,,,
94136,L1,L3,L3,L3,L3,L1,L2,L2,L1,C1_3,D1_1,F1_2,L2,L3,,,
94137,L1,L3,L3,L3,L3,L1,L2,L2,L1,C1_3,D1_1,F1_2,L3,L1,,,
94138,L1,L3,L3,L3,L3,L1,L2,L2,L1,C1_3,D1_1,F1_2,L3,L2,,,
94139,L1,L3,L3,L3,L3,L1,L2,L2,L1,C1_3,D1_1,F1_2,L3,L3,,,
94140,L1,L3,L3,L3,L3,L1,L2,L2,L1,C1_3,D1_1,F1_3,L1,L1,,,
94141,L1,L3,L3,L3,L3,L1,L2,L2,L1,C1_3,D1_1,F1_3,L1,L2,,,
94142,L1,L3,L3,L3,L3,L1,L2,L2,L1,C1_3,D1_1,F1_3,L1,L3,,,
94143,L1,L3,L3,L3,L3,L1,L2,L2,L1,C1_3,D1_1,F1_3,L2,L1,,,
94144,L1,L3,L3,L3,L3,L1,L2,L2,L1,C1_3,D1_1,F1_3,L2,L2,,,
94145,L1,L3,L3,L3,L3,L1,L2,L2,L1,C1_3,D1_1,F1_3,L2,L3,,,
94146,L1,L3,L3,L3,L3,L1,L2,L2,L1,C1_3,D1_1,F1_3,L3,L1,,,
94147,L1,L3,L3,L3,L3,L1,L2,L2,L1,C1_3,D1_1,F1_3,L3,L2,,,
94148,L1,L3,L3,L3,L3,L1,L2,L2,L1,C1_3,D1_1,F1_3,L3,L3,,,
94149,L1,L3,L3,L3,L3,L1,L2,L2,L1,C1_3,D1_2,F1_1,L1,L1,,,
94150,L1,L3,L3,L3,L3,L1,L2,L2,L1,C1_3,D1_2,F1_1,L1,L2,,,
94151,L1,L3,L3,L3,L3,L1,L2,L2,L1,C1_3,D1_2,F1_1,L1,L3,,,
94152,L1,L3,L3,L3,L3,L1,L2,L2,L1,C1_3,D1_2,F1_1,L2,L1,,,
94153,L1,L3,L3,L3,L3,L1,L2,L2,L1,C1_3,D1_2,F1_1,L2,L2,,,
94154,L1,L3,L3,L3,L3,L1,L2,L2,L1,C1_3,D1_2,F1_1,L2,L3,,,
94155,L1,L3,L3,L3,L3,L1,L2,L2,L1,C1_3,D1_2,F1_1,L3,L1,,,
94156,L1,L3,L3,L3,L3,L1,L2,L2,L1,C1_3,D1_2,F1_1,L3,L2,,,
94157,L1,L3,L3,L3,L3,L1,L2,L2,L1,C1_3,D1_2,F1_1,L3,L3,,,
94158,L1,L3,L3,L3,L3,L1,L2,L2,L1,C1_3,D1_2,F1_2,L1,L1,,,
94159,L1,L3,L3,L3,L3,L1,L2,L2,L1,C1_3,D1_2,F1_2,L1,L2,,,
94160,L1,L3,L3,L3,L3,L1,L2,L2,L1,C1_3,D1_2,F1_2,L1,L3,,,
94161,L1,L3,L3,L3,L3,L1,L2,L2,L1,C1_3,D1_2,F1_2,L2,L1,,,
94162,L1,L3,L3,L3,L3,L1,L2,L2,L1,C1_3,D1_2,F1_2,L2,L2,,,
94163,L1,L3,L3,L3,L3,L1,L2,L2,L1,C1_3,D1_2,F1_2,L2,L3,,,
94164,L1,L3,L3,L3,L3,L1,L2,L2,L1,C1_3,D1_2,F1_2,L3,L1,,,
94165,L1,L3,L3,L3,L3,L1,L2,L2,L1,C1_3,D1_2,F1_2,L3,L2,,,
94166,L1,L3,L3,L3,L3,L1,L2,L2,L1,C1_3,D1_2,F1_2,L3,L3,,,
94167,L1,L3,L3,L3,L3,L1,L2,L2,L1,C1_3,D1_2,F1_3,L1,L1,,,
94168,L1,L3,L3,L3,L3,L1,L2,L2,L1,C1_3,D1_2,F1_3,L1,L2,,,
94169,L1,L3,L3,L3,L3,L1,L2,L2,L1,C1_3,D1_2,F1_3,L1,L3,,,
94170,L1,L3,L3,L3,L3,L1,L2,L2,L1,C1_3,D1_2,F1_3,L2,L1,,,
94171,L1,L3,L3,L3,L3,L1,L2,L2,L1,C1_3,D1_2,F1_3,L2,L2,,,
94172,L1,L3,L3,L3,L3,L1,L2,L2,L1,C1_3,D1_2,F1_3,L2,L3,,,
94173,L1,L3,L3,L3,L3,L1,L2,L2,L1,C1_3,D1_2,F1_3,L3,L1,,,
94174,L1,L3,L3,L3,L3,L1,L2,L2,L1,C1_3,D1_2,F1_3,L3,L2,,,
94175,L1,L3,L3,L3,L3,L1,L2,L2,L1,C1_3,D1_2,F1_3,L3,L3,,,
94176,L1,L3,L3,L3,L3,L1,L2,L2,L1,C1_3,D1_3,F1_1,L1,L1,,,
94177,L1,L3,L3,L3,L3,L1,L2,L2,L1,C1_3,D1_3,F1_1,L1,L2,,,
94178,L1,L3,L3,L3,L3,L1,L2,L2,L1,C1_3,D1_3,F1_1,L1,L3,,,
94179,L1,L3,L3,L3,L3,L1,L2,L2,L1,C1_3,D1_3,F1_1,L2,L1,,,
94180,L1,L3,L3,L3,L3,L1,L2,L2,L1,C1_3,D1_3,F1_1,L2,L2,,,
94181,L1,L3,L3,L3,L3,L1,L2,L2,L1,C1_3,D1_3,F1_1,L2,L3,,,
94182,L1,L3,L3,L3,L3,L1,L2,L2,L1,C1_3,D1_3,F1_1,L3,L1,,,
94183,L1,L3,L3,L3,L3,L1,L2,L2,L1,C1_3,D1_3,F1_1,L3,L2,,,
94184,L1,L3,L3,L3,L3,L1,L2,L2,L1,C1_3,D1_3,F1_1,L3,L3,,,
94185,L1,L3,L3,L3,L3,L1,L2,L2,L1,C1_3,D1_3,F1_2,L1,L1,,,
94186,L1,L3,L3,L3,L3,L1,L2,L2,L1,C1_3,D1_3,F1_2,L1,L2,,,
94187,L1,L3,L3,L3,L3,L1,L2,L2,L1,C1_3,D1_3,F1_2,L1,L3,,,
94188,L1,L3,L3,L3,L3,L1,L2,L2,L1,C1_3,D1_3,F1_2,L2,L1,,,
94189,L1,L3,L3,L3,L3,L1,L2,L2,L1,C1_3,D1_3,F1_2,L2,L2,,,
94190,L1,L3,L3,L3,L3,L1,L2,L2,L1,C1_3,D1_3,F1_2,L2,L3,,,
94191,L1,L3,L3,L3,L3,L1,L2,L2,L1,C1_3,D1_3,F1_2,L3,L1,,,
94192,L1,L3,L3,L3,L3,L1,L2,L2,L1,C1_3,D1_3,F1_2,L3,L2,,,
94193,L1,L3,L3,L3,L3,L1,L2,L2,L1,C1_3,D1_3,F1_2,L3,L3,,,
94194,L1,L3,L3,L3,L3,L1,L2,L2,L1,C1_3,D1_3,F1_3,L1,L1,,,
94195,L1,L3,L3,L3,L3,L1,L2,L2,L1,C1_3,D1_3,F1_3,L1,L2,,,
94196,L1,L3,L3,L3,L3,L1,L2,L2,L1,C1_3,D1_3,F1_3,L1,L3,,,
94197,L1,L3,L3,L3,L3,L1,L2,L2,L1,C1_3,D1_3,F1_3,L2,L1,,,
94198,L1,L3,L3,L3,L3,L1,L2,L2,L1,C1_3,D1_3,F1_3,L2,L2,,,
94199,L1,L3,L3,L3,L3,L1,L2,L2,L1,C1_3,D1_3,F1_3,L2,L3,,,
94200,L1,L3,L3,L3,L3,L1,L2,L2,L1,C1_3,D1_3,F1_3,L3,L1,,,
94201,L1,L3,L3,L3,L3,L1,L2,L2,L1,C1_3,D1_3,F1_3,L3,L2,,,
94202,L1,L3,L3,L3,L3,L1,L2,L2,L1,C1_3,D1_3,F1_3,L3,L3,,,
95175,L1,L1,L1,L1,L1,L1,L2,L2,L1,C1_1,D1_1,F1_1,L1,L1,,,
95176,L1,L1,L1,L1,L1,L1,L2,L2,L1,C1_1,D1_1,F1_1,L1,L2,,,
95177,L1,L1,L1,L1,L1,L1,L2,L2,L1,C1_1,D1_1,F1_1,L1,L3,,,
95178,L1,L1,L1,L1,L1,L1,L2,L2,L1,C1_1,D1_1,F1_1,L2,L1,,,
95179,L1,L1,L1,L1,L1,L1,L2,L2,L1,C1_1,D1_1,F1_1,L2,L2,,,
95180,L1,L1,L1,L1,L1,L1,L2,L2,L1,C1_1,D1_1,F1_1,L2,L3,,,
95181,L1,L1,L1,L1,L1,L1,L2,L2,L1,C1_1,D1_1,F1_1,L3,L1,,,
95182,L1,L1,L1,L1,L1,L1,L2,L2,L1,C1_1,D1_1,F1_1,L3,L2,,,
95183,L1,L1,L1,L1,L1,L1,L2,L2,L1,C1_1,D1_1,F1_1,L3,L3,,,
95184,L1,L1,L1,L1,L1,L1,L2,L2,L1,C1_1,D1_1,F1_2,L1,L1,,,
95185,L1,L1,L1,L1,L1,L1,L2,L2,L1,C1_1,D1_1,F1_2,L1,L2,,,
95186,L1,L1,L1,L1,L1,L1,L2,L2,L1,C1_1,D1_1,F1_2,L1,L3,,,
95187,L1,L1,L1,L1,L1,L1,L2,L2,L1,C1_1,D1_1,F1_2,L2,L1,,,
95188,L1,L1,L1,L1,L1,L1,L2,L2,L1,C1_1,D1_1,F1_2,L2,L2,,,
95189,L1,L1,L1,L1,L1,L1,L2,L2,L1,C1_1,D1_1,F1_2,L2,L3,,,
95190,L1,L1,L1,L1,L1,L1,L2,L2,L1,C1_1,D1_1,F1_2,L3,L1,,,
95191,L1,L1,L1,L1,L1,L1,L2,L2,L1,C1_1,D1_1,F1_2,L3,L2,,,
95192,L1,L1,L1,L1,L1,L1,L2,L2,L1,C1_1,D1_1,F1_2,L3,L3,,,
95193,L1,L1,L1,L1,L1,L1,L2,L2,L1,C1_1,D1_1,F1_3,L1,L1,,,
95194,L1,L1,L1,L1,L1,L1,L2,L2,L1,C1_1,D1_1,F1_3,L1,L2,,,
95195,L1,L1,L1,L1,L1,L1,L2,L2,L1,C1_1,D1_1,F1_3,L1,L3,,,
95196,L1,L1,L1,L1,L1,L1,L2,L2,L1,C1_1,D1_1,F1_3,L2,L1,,,
95197,L1,L1,L1,L1,L1,L1,L2,L2,L1,C1_1,D1_1,F1_3,L2,L2,,,
95198,L1,L1,L1,L1,L1,L1,L2,L2,L1,C1_1,D1_1,F1_3,L2,L3,,,
95199,L1,L1,L1,L1,L1,L1,L2,L2,L1,C1_1,D1_1,F1_3,L3,L1,,,
95200,L1,L1,L1,L1,L1,L1,L2,L2,L1,C1_1,D1_1,F1_3,L3,L2,,,
95201,L1,L1,L1,L1,L1,L1,L2,L2,L1,C1_1,D1_1,F1_3,L3,L3,,,
95202,L1,L1,L1,L1,L1,L1,L2,L2,L1,C1_1,D1_2,F1_1,L1,L1,,,
95203,L1,L1,L1,L1,L1,L1,L2,L2,L1,C1_1,D1_2,F1_1,L1,L2,,,
95204,L1,L1,L1,L1,L1,L1,L2,L2,L1,C1_1,D1_2,F1_1,L1,L3,,,
95205,L1,L1,L1,L1,L1,L1,L2,L2,L1,C1_1,D1_2,F1_1,L2,L1,,,
95206,L1,L1,L1,L1,L1,L1,L2,L2,L1,C1_1,D1_2,F1_1,L2,L2,,,
95207,L1,L1,L1,L1,L1,L1,L2,L2,L1,C1_1,D1_2,F1_1,L2,L3,,,
95208,L1,L1,L1,L1,L1,L1,L2,L2,L1,C1_1,D1_2,F1_1,L3,L1,,,
95209,L1,L1,L1,L1,L1,L1,L2,L2,L1,C1_1,D1_2,F1_1,L3,L2,,,
95210,L1,L1,L1,L1,L1,L1,L2,L2,L1,C1_1,D1_2,F1_1,L3,L3,,,
95211,L1,L1,L1,L1,L1,L1,L2,L2,L1,C1_1,D1_2,F1_2,L1,L1,,,
95212,L1,L1,L1,L1,L1,L1,L2,L2,L1,C1_1,D1_2,F1_2,L1,L2,,,
95213,L1,L1,L1,L1,L1,L1,L2,L2,L1,C1_1,D1_2,F1_2,L1,L3,,,
95214,L1,L1,L1,L1,L1,L1,L2,L2,L1,C1_1,D1_2,F1_2,L2,L1,,,
95215,L1,L1,L1,L1,L1,L1,L2,L2,L1,C1_1,D1_2,F1_2,L2,L2,,,
95216,L1,L1,L1,L1,L1,L1,L2,L2,L1,C1_1,D1_2,F1_2,L2,L3,,,
95217,L1,L1,L1,L1,L1,L1,L2,L2,L1,C1_1,D1_2,F1_2,L3,L1,,,
95218,L1,L1,L1,L1,L1,L1,L2,L2,L1,C1_1,D1_2,F1_2,L3,L2,,,
95219,L1,L1,L1,L1,L1,L1,L2,L2,L1,C1_1,D1_2,F1_2,L3,L3,,,
95220,L1,L1,L1,L1,L1,L1,L2,L2,L1,C1_1,D1_2,F1_3,L1,L1,,,
95221,L1,L1,L1,L1,L1,L1,L2,L2,L1,C1_1,D1_2,F1_3,L1,L2,,,
95222,L1,L1,L1,L1,L1,L1,L2,L2,L1,C1_1,D1_2,F1_3,L1,L3,,,
95223,L1,L1,L1,L1,L1,L1,L2,L2,L1,C1_1,D1_2,F1_3,L2,L1,,,
95224,L1,L1,L1,L1,L1,L1,L2,L2,L1,C1_1,D1_2,F1_3,L2,L2,,,
95225,L1,L1,L1,L1,L1,L1,L2,L2,L1,C1_1,D1_2,F1_3,L2,L3,,,
95226,L1,L1,L1,L1,L1,L1,L2,L2,L1,C1_1,D1_2,F1_3,L3,L1,,,
95227,L1,L1,L1,L1,L1,L1,L2,L2,L1,C1_1,D1_2,F1_3,L3,L2,,,
95228,L1,L1,L1,L1,L1,L1,L2,L2,L1,C1_1,D1_2,F1_3,L3,L3,,,
95229,L1,L1,L1,L1,L1,L1,L2,L2,L1,C1_1,D1_3,F1_1,L1,L1,,,
95230,L1,L1,L1,L1,L1,L1,L2,L2,L1,C1_1,D1_3,F1_1,L1,L2,,,
95231,L1,L1,L1,L1,L1,L1,L2,L2,L1,C1_1,D1_3,F1_1,L1,L3,,,
95232,L1,L1,L1,L1,L1,L1,L2,L2,L1,C1_1,D1_3,F1_1,L2,L1,,,
95233,L1,L1,L1,L1,L1,L1,L2,L2,L1,C1_1,D1_3,F1_1,L2,L2,,,
95234,L1,L1,L1,L1,L1,L1,L2,L2,L1,C1_1,D1_3,F1_1,L2,L3,,,
95235,L1,L1,L1,L1,L1,L1,L2,L2,L1,C1_1,D1_3,F1_1,L3,L1,,,
95236,L1,L1,L1,L1,L1,L1,L2,L2,L1,C1_1,D1_3,F1_1,L3,L2,,,
95237,L1,L1,L1,L1,L1,L1,L2,L2,L1,C1_1,D1_3,F1_1,L3,L3,,,
95238,L1,L1,L1,L1,L1,L1,L2,L2,L1,C1_1,D1_3,F1_2,L1,L1,,,
95239,L1,L1,L1,L1,L1,L1,L2,L2,L1,C1_1,D1_3,F1_2,L1,L2,,,
95240,L1,L1,L1,L1,L1,L1,L2,L2,L1,C1_1,D1_3,F1_2,L1,L3,,,
95241,L1,L1,L1,L1,L1,L1,L2,L2,L1,C1_1,D1_3,F1_2,L2,L1,,,
95242,L1,L1,L1,L1,L1,L1,L2,L2,L1,C1_1,D1_3,F1_2,L2,L2,,,
95243,L1,L1,L1,L1,L1,L1,L2,L2,L1,C1_1,D1_3,F1_2,L2,L3,,,
95244,L1,L1,L1,L1,L1,L1,L2,L2,L1,C1_1,D1_3,F1_2,L3,L1,,,
95245,L1,L1,L1,L1,L1,L1,L2,L2,L1,C1_1,D1_3,F1_2,L3,L2,,,
95246,L1,L1,L1,L1,L1,L1,L2,L2,L1,C1_1,D1_3,F1_2,L3,L3,,,
95247,L1,L1,L1,L1,L1,L1,L2,L2,L1,C1_1,D1_3,F1_3,L1,L1,,,
95248,L1,L1,L1,L1,L1,L1,L2,L2,L1,C1_1,D1_3,F1_3,L1,L2,,,
95249,L1,L1,L1,L1,L1,L1,L2,L2,L1,C1_1,D1_3,F1_3,L1,L3,,,
95250,L1,L1,L1,L1,L1,L1,L2,L2,L1,C1_1,D1_3,F1_3,L2,L1,,,
95251,L1,L1,L1,L1,L1,L1,L2,L2,L1,C1_1,D1_3,F1_3,L2,L2,,,
95252,L1,L1,L1,L1,L1,L1,L2,L2,L1,C1_1,D1_3,F1_3,L2,L3,,,
95253,L1,L1,L1,L1,L1,L1,L2,L2,L1,C1_1,D1_3,F1_3,L3,L1,,,
95254,L1,L1,L1,L1,L1,L1,L2,L2,L1,C1_1,D1_3,F1_3,L3,L2,,,
95255,L1,L1,L1,L1,L1,L1,L2,L2,L1,C1_1,D1_3,F1_3,L3,L3,,,
95256,L1,L1,L1,L1,L1,L1,L2,L2,L1,C1_2,D1_1,F1_1,L1,L1,,,
95257,L1,L1,L1,L1,L1,L1,L2,L2,L1,C1_2,D1_1,F1_1,L1,L2,,,
95258,L1,L1,L1,L1,L1,L1,L2,L2,L1,C1_2,D1_1,F1_1,L1,L3,,,
95259,L1,L1,L1,L1,L1,L1,L2,L2,L1,C1_2,D1_1,F1_1,L2,L1,,,
95260,L1,L1,L1,L1,L1,L1,L2,L2,L1,C1_2,D1_1,F1_1,L2,L2,,,
95261,L1,L1,L1,L1,L1,L1,L2,L2,L1,C1_2,D1_1,F1_1,L2,L3,,,
95262,L1,L1,L1,L1,L1,L1,L2,L2,L1,C1_2,D1_1,F1_1,L3,L1,,,
95263,L1,L1,L1,L1,L1,L1,L2,L2,L1,C1_2,D1_1,F1_1,L3,L2,,,
95264,L1,L1,L1,L1,L1,L1,L2,L2,L1,C1_2,D1_1,F1_1,L3,L3,,,
95265,L1,L1,L1,L1,L1,L1,L2,L2,L1,C1_2,D1_1,F1_2,L1,L1,,,
95266,L1,L1,L1,L1,L1,L1,L2,L2,L1,C1_2,D1_1,F1_2,L1,L2,,,
95267,L1,L1,L1,L1,L1,L1,L2,L2,L1,C1_2,D1_1,F1_2,L1,L3,,,
95268,L1,L1,L1,L1,L1,L1,L2,L2,L1,C1_2,D1_1,F1_2,L2,L1,,,
95269,L1,L1,L1,L1,L1,L1,L2,L2,L1,C1_2,D1_1,F1_2,L2,L2,,,
95270,L1,L1,L1,L1,L1,L1,L2,L2,L1,C1_2,D1_1,F1_2,L2,L3,,,
95271,L1,L1,L1,L1,L1,L1,L2,L2,L1,C1_2,D1_1,F1_2,L3,L1,,,
95272,L1,L1,L1,L1,L1,L1,L2,L2,L1,C1_2,D1_1,F1_2,L3,L2,,,
95273,L1,L1,L1,L1,L1,L1,L2,L2,L1,C1_2,D1_1,F1_2,L3,L3,,,
95274,L1,L1,L1,L1,L1,L1,L2,L2,L1,C1_2,D1_1,F1_3,L1,L1,,,
95275,L1,L1,L1,L1,L1,L1,L2,L2,L1,C1_2,D1_1,F1_3,L1,L2,,,
95276,L1,L1,L1,L1,L1,L1,L2,L2,L1,C1_2,D1_1,F1_3,L1,L3,,,
95277,L1,L1,L1,L1,L1,L1,L2,L2,L1,C1_2,D1_1,F1_3,L2,L1,,,
95278,L1,L1,L1,L1,L1,L1,L2,L2,L1,C1_2,D1_1,F1_3,L2,L2,,,
95279,L1,L1,L1,L1,L1,L1,L2,L2,L1,C1_2,D1_1,F1_3,L2,L3,,,
95280,L1,L1,L1,L1,L1,L1,L2,L2,L1,C1_2,D1_1,F1_3,L3,L1,,,
95281,L1,L1,L1,L1,L1,L1,L2,L2,L1,C1_2,D1_1,F1_3,L3,L2,,,
95282,L1,L1,L1,L1,L1,L1,L2,L2,L1,C1_2,D1_1,F1_3,L3,L3,,,
95283,L1,L1,L1,L1,L1,L1,L2,L2,L1,C1_2,D1_2,F1_1,L1,L1,,,
95284,L1,L1,L1,L1,L1,L1,L2,L2,L1,C1_2,D1_2,F1_1,L1,L2,,,
95285,L1,L1,L1,L1,L1,L1,L2,L2,L1,C1_2,D1_2,F1_1,L1,L3,,,
95286,L1,L1,L1,L1,L1,L1,L2,L2,L1,C1_2,D1_2,F1_1,L2,L1,,,
95287,L1,L1,L1,L1,L1,L1,L2,L2,L1,C1_2,D1_2,F1_1,L2,L2,,,
95288,L1,L1,L1,L1,L1,L1,L2,L2,L1,C1_2,D1_2,F1_1,L2,L3,,,
95289,L1,L1,L1,L1,L1,L1,L2,L2,L1,C1_2,D1_2,F1_1,L3,L1,,,
95290,L1,L1,L1,L1,L1,L1,L2,L2,L1,C1_2,D1_2,F1_1,L3,L2,,,
95291,L1,L1,L1,L1,L1,L1,L2,L2,L1,C1_2,D1_2,F1_1,L3,L3,,,
95292,L1,L1,L1,L1,L1,L1,L2,L2,L1,C1_2,D1_2,F1_2,L1,L1,,,
95293,L1,L1,L1,L1,L1,L1,L2,L2,L1,C1_2,D1_2,F1_2,L1,L2,,,
95294,L1,L1,L1,L1,L1,L1,L2,L2,L1,C1_2,D1_2,F1_2,L1,L3,,,
95295,L1,L1,L1,L1,L1,L1,L2,L2,L1,C1_2,D1_2,F1_2,L2,L1,,,
95296,L1,L1,L1,L1,L1,L1,L2,L2,L1,C1_2,D1_2,F1_2,L2,L2,,,
95297,L1,L1,L1,L1,L1,L1,L2,L2,L1,C1_2,D1_2,F1_2,L2,L3,,,
95298,L1,L1,L1,L1,L1,L1,L2,L2,L1,C1_2,D1_2,F1_2,L3,L1,,,
95299,L1,L1,L1,L1,L1,L1,L2,L2,L1,C1_2,D1_2,F1_2,L3,L2,,,
95300,L1,L1,L1,L1,L1,L1,L2,L2,L1,C1_2,D1_2,F1_2,L3,L3,,,
95301,L1,L1,L1,L1,L1,L1,L2,L2,L1,C1_2,D1_2,F1_3,L1,L1,,,
95302,L1,L1,L1,L1,L1,L1,L2,L2,L1,C1_2,D1_2,F1_3,L1,L2,,,
95303,L1,L1,L1,L1,L1,L1,L2,L2,L1,C1_2,D1_2,F1_3,L1,L3,,,
95304,L1,L1,L1,L1,L1,L1,L2,L2,L1,C1_2,D1_2,F1_3,L2,L1,,,
95305,L1,L1,L1,L1,L1,L1,L2,L2,L1,C1_2,D1_2,F1_3,L2,L2,,,
95306,L1,L1,L1,L1,L1,L1,L2,L2,L1,C1_2,D1_2,F1_3,L2,L3,,,
95307,L1,L1,L1,L1,L1,L1,L2,L2,L1,C1_2,D1_2,F1_3,L3,L1,,,
95308,L1,L1,L1,L1,L1,L1,L2,L2,L1,C1_2,D1_2,F1_3,L3,L2,,,
95309,L1,L1,L1,L1,L1,L1,L2,L2,L1,C1_2,D1_2,F1_3,L3,L3,,,
95310,L1,L1,L1,L1,L1,L1,L2,L2,L1,C1_2,D1_3,F1_1,L1,L1,,,
95311,L1,L1,L1,L1,L1,L1,L2,L2,L1,C1_2,D1_3,F1_1,L1,L2,,,
95312,L1,L1,L1,L1,L1,L1,L2,L2,L1,C1_2,D1_3,F1_1,L1,L3,,,
95313,L1,L1,L1,L1,L1,L1,L2,L2,L1,C1_2,D1_3,F1_1,L2,L1,,,
95314,L1,L1,L1,L1,L1,L1,L2,L2,L1,C1_2,D1_3,F1_1,L2,L2,,,
95315,L1,L1,L1,L1,L1,L1,L2,L2,L1,C1_2,D1_3,F1_1,L2,L3,,,
95316,L1,L1,L1,L1,L1,L1,L2,L2,L1,C1_2,D1_3,F1_1,L3,L1,,,
95317,L1,L1,L1,L1,L1,L1,L2,L2,L1,C1_2,D1_3,F1_1,L3,L2,,,
95318,L1,L1,L1,L1,L1,L1,L2,L2,L1,C1_2,D1_3,F1_1,L3,L3,,,
95319,L1,L1,L1,L1,L1,L1,L2,L2,L1,C1_2,D1_3,F1_2,L1,L1,,,
95320,L1,L1,L1,L1,L1,L1,L2,L2,L1,C1_2,D1_3,F1_2,L1,L2,,,
95321,L1,L1,L1,L1,L1,L1,L2,L2,L1,C1_2,D1_3,F1_2,L1,L3,,,
95322,L1,L1,L1,L1,L1,L1,L2,L2,L1,C1_2,D1_3,F1_2,L2,L1,,,
95323,L1,L1,L1,L1,L1,L1,L2,L2,L1,C1_2,D1_3,F1_2,L2,L2,,,
95324,L1,L1,L1,L1,L1,L1,L2,L2,L1,C1_2,D1_3,F1_2,L2,L3,,,
95325,L1,L1,L1,L1,L1,L1,L2,L2,L1,C1_2,D1_3,F1_2,L3,L1,,,
95326,L1,L1,L1,L1,L1,L1,L2,L2,L1,C1_2,D1_3,F1_2,L3,L2,,,
95327,L1,L1,L1,L1,L1,L1,L2,L2,L1,C1_2,D1_3,F1_2,L3,L3,,,
95328,L1,L1,L1,L1,L1,L1,L2,L2,L1,C1_2,D1_3,F1_3,L1,L1,,,
95329,L1,L1,L1,L1,L1,L1,L2,L2,L1,C1_2,D1_3,F1_3,L1,L2,,,
95330,L1,L1,L1,L1,L1,L1,L2,L2,L1,C1_2,D1_3,F1_3,L1,L3,,,
95331,L1,L1,L1,L1,L1,L1,L2,L2,L1,C1_2,D1_3,F1_3,L2,L1,,,
95332,L1,L1,L1,L1,L1,L1,L2,L2,L1,C1_2,D1_3,F1_3,L2,L2,,,
95333,L1,L1,L1,L1,L1,L1,L2,L2,L1,C1_2,D1_3,F1_3,L2,L3,,,
95334,L1,L1,L1,L1,L1,L1,L2,L2,L1,C1_2,D1_3,F1_3,L3,L1,,,
95335,L1,L1,L1,L1,L1,L1,L2,L2,L1,C1_2,D1_3,F1_3,L3,L2,,,
95336,L1,L1,L1,L1,L1,L1,L2,L2,L1,C1_2,D1_3,F1_3,L3,L3,,,
95337,L1,L1,L1,L1,L1,L1,L2,L2,L1,C1_3,D1_1,F1_1,L1,L1,,,
95338,L1,L1,L1,L1,L1,L1,L2,L2,L1,C1_3,D1_1,F1_1,L1,L2,,,
95339,L1,L1,L1,L1,L1,L1,L2,L2,L1,C1_3,D1_1,F1_1,L1,L3,,,
95340,L1,L1,L1,L1,L1,L1,L2,L2,L1,C1_3,D1_1,F1_1,L2,L1,,,
95341,L1,L1,L1,L1,L1,L1,L2,L2,L1,C1_3,D1_1,F1_1,L2,L2,,,
95342,L1,L1,L1,L1,L1,L1,L2,L2,L1,C1_3,D1_1,F1_1,L2,L3,,,
95343,L1,L1,L1,L1,L1,L1,L2,L2,L1,C1_3,D1_1,F1_1,L3,L1,,,
95344,L1,L1,L1,L1,L1,L1,L2,L2,L1,C1_3,D1_1,F1_1,L3,L2,,,
95345,L1,L1,L1,L1,L1,L1,L2,L2,L1,C1_3,D1_1,F1_1,L3,L3,,,
95346,L1,L1,L1,L1,L1,L1,L2,L2,L1,C1_3,D1_1,F1_2,L1,L1,,,
95347,L1,L1,L1,L1,L1,L1,L2,L2,L1,C1_3,D1_1,F1_2,L1,L2,,,
95348,L1,L1,L1,L1,L1,L1,L2,L2,L1,C1_3,D1_1,F1_2,L1,L3,,,
95349,L1,L1,L1,L1,L1,L1,L2,L2,L1,C1_3,D1_1,F1_2,L2,L1,,,
95350,L1,L1,L1,L1,L1,L1,L2,L2,L1,C1_3,D1_1,F1_2,L2,L2,,,
95351,L1,L1,L1,L1,L1,L1,L2,L2,L1,C1_3,D1_1,F1_2,L2,L3,,,
95352,L1,L1,L1,L1,L1,L1,L2,L2,L1,C1_3,D1_1,F1_2,L3,L1,,,
95353,L1,L1,L1,L1,L1,L1,L2,L2,L1,C1_3,D1_1,F1_2,L3,L2,,,
95354,L1,L1,L1,L1,L1,L1,L2,L2,L1,C1_3,D1_1,F1_2,L3,L3,,,
95355,L1,L1,L1,L1,L1,L1,L2,L2,L1,C1_3,D1_1,F1_3,L1,L1,,,
95356,L1,L1,L1,L1,L1,L1,L2,L2,L1,C1_3,D1_1,F1_3,L1,L2,,,
95357,L1,L1,L1,L1,L1,L1,L2,L2,L1,C1_3,D1_1,F1_3,L1,L3,,,
95358,L1,L1,L1,L1,L1,L1,L2,L2,L1,C1_3,D1_1,F1_3,L2,L1,,,
95359,L1,L1,L1,L1,L1,L1,L2,L2,L1,C1_3,D1_1,F1_3,L2,L2,,,
95360,L1,L1,L1,L1,L1,L1,L2,L2,L1,C1_3,D1_1,F1_3,L2,L3,,,
95361,L1,L1,L1,L1,L1,L1,L2,L2,L1,C1_3,D1_1,F1_3,L3,L1,,,
95362,L1,L1,L1,L1,L1,L1,L2,L2,L1,C1_3,D1_1,F1_3,L3,L2,,,
95363,L1,L1,L1,L1,L1,L1,L2,L2,L1,C1_3,D1_1,F1_3,L3,L3,,,
95364,L1,L1,L1,L1,L1,L1,L2,L2,L1,C1_3,D1_2,F1_1,L1,L1,,,
95365,L1,L1,L1,L1,L1,L1,L2,L2,L1,C1_3,D1_2,F1_1,L1,L2,,,
95366,L1,L1,L1,L1,L1,L1,L2,L2,L1,C1_3,D1_2,F1_1,L1,L3,,,
95367,L1,L1,L1,L1,L1,L1,L2,L2,L1,C1_3,D1_2,F1_1,L2,L1,,,
95368,L1,L1,L1,L1,L1,L1,L2,L2,L1,C1_3,D1_2,F1_1,L2,L2,,,
95369,L1,L1,L1,L1,L1,L1,L2,L2,L1,C1_3,D1_2,F1_1,L2,L3,,,
95370,L1,L1,L1,L1,L1,L1,L2,L2,L1,C1_3,D1_2,F1_1,L3,L1,,,
95371,L1,L1,L1,L1,L1,L1,L2,L2,L1,C1_3,D1_2,F1_1,L3,L2,,,
95372,L1,L1,L1,L1,L1,L1,L2,L2,L1,C1_3,D1_2,F1_1,L3,L3,,,
95373,L1,L1,L1,L1,L1,L1,L2,L2,L1,C1_3,D1_2,F1_2,L1,L1,,,
95374,L1,L1,L1,L1,L1,L1,L2,L2,L1,C1_3,D1_2,F1_2,L1,L2,,,
95375,L1,L1,L1,L1,L1,L1,L2,L2,L1,C1_3,D1_2,F1_2,L1,L3,,,
95376,L1,L1,L1,L1,L1,L1,L2,L2,L1,C1_3,D1_2,F1_2,L2,L1,,,
95377,L1,L1,L1,L1,L1,L1,L2,L2,L1,C1_3,D1_2,F1_2,L2,L2,,,
95378,L1,L1,L1,L1,L1,L1,L2,L2,L1,C1_3,D1_2,F1_2,L2,L3,,,
95379,L1,L1,L1,L1,L1,L1,L2,L2,L1,C1_3,D1_2,F1_2,L3,L1,,,
95380,L1,L1,L1,L1,L1,L1,L2,L2,L1,C1_3,D1_2,F1_2,L3,L2,,,
95381,L1,L1,L1,L1,L1,L1,L2,L2,L1,C1_3,D1_2,F1_2,L3,L3,,,
95382,L1,L1,L1,L1,L1,L1,L2,L2,L1,C1_3,D1_2,F1_3,L1,L1,,,
95383,L1,L1,L1,L1,L1,L1,L2,L2,L1,C1_3,D1_2,F1_3,L1,L2,,,
95384,L1,L1,L1,L1,L1,L1,L2,L2,L1,C1_3,D1_2,F1_3,L1,L3,,,
95385,L1,L1,L1,L1,L1,L1,L2,L2,L1,C1_3,D1_2,F1_3,L2,L1,,,
95386,L1,L1,L1,L1,L1,L1,L2,L2,L1,C1_3,D1_2,F1_3,L2,L2,,,
95387,L1,L1,L1,L1,L1,L1,L2,L2,L1,C1_3,D1_2,F1_3,L2,L3,,,
95388,L1,L1,L1,L1,L1,L1,L2,L2,L1,C1_3,D1_2,F1_3,L3,L1,,,
95389,L1,L1,L1,L1,L1,L1,L2,L2,L1,C1_3,D1_2,F1_3,L3,L2,,,
95390,L1,L1,L1,L1,L1,L1,L2,L2,L1,C1_3,D1_2,F1_3,L3,L3,,,
95391,L1,L1,L1,L1,L1,L1,L2,L2,L1,C1_3,D1_3,F1_1,L1,L1,,,
95392,L1,L1,L1,L1,L1,L1,L2,L2,L1,C1_3,D1_3,F1_1,L1,L2,,,
95393,L1,L1,L1,L1,L1,L1,L2,L2,L1,C1_3,D1_3,F1_1,L1,L3,,,
95394,L1,L1,L1,L1,L1,L1,L2,L2,L1,C1_3,D1_3,F1_1,L2,L1,,,
95395,L1,L1,L1,L1,L1,L1,L2,L2,L1,C1_3,D1_3,F1_1,L2,L2,,,
95396,L1,L1,L1,L1,L1,L1,L2,L2,L1,C1_3,D1_3,F1_1,L2,L3,,,
95397,L1,L1,L1,L1,L1,L1,L2,L2,L1,C1_3,D1_3,F1_1,L3,L1,,,
95398,L1,L1,L1,L1,L1,L1,L2,L2,L1,C1_3,D1_3,F1_1,L3,L2,,,
95399,L1,L1,L1,L1,L1,L1,L2,L2,L1,C1_3,D1_3,F1_1,L3,L3,,,
95400,L1,L1,L1,L1,L1,L1,L2,L2,L1,C1_3,D1_3,F1_2,L1,L1,,,
95401,L1,L1,L1,L1,L1,L1,L2,L2,L1,C1_3,D1_3,F1_2,L1,L2,,,
95402,L1,L1,L1,L1,L1,L1,L2,L2,L1,C1_3,D1_3,F1_2,L1,L3,,,
95403,L1,L1,L1,L1,L1,L1,L2,L2,L1,C1_3,D1_3,F1_2,L2,L1,,,
95404,L1,L1,L1,L1,L1,L1,L2,L2,L1,C1_3,D1_3,F1_2,L2,L2,,,
95405,L1,L1,L1,L1,L1,L1,L2,L2,L1,C1_3,D1_3,F1_2,L2,L3,,,
95406,L1,L1,L1,L1,L1,L1,L2,L2,L1,C1_3,D1_3,F1_2,L3,L1,,,
95407,L1,L1,L1,L1,L1,L1,L2,L2,L1,C1_3,D1_3,F1_2,L3,L2,,,
95408,L1,L1,L1,L1,L1,L1,L2,L2,L1,C1_3,D1_3,F1_2,L3,L3,,,
95409,L1,L1,L1,L1,L1,L1,L2,L2,L1,C1_3,D1_3,F1_3,L1,L1,,,
95410,L1,L1,L1,L1,L1,L1,L2,L2,L1,C1_3,D1_3,F1_3,L1,L2,,,
95411,L1,L1,L1,L1,L1,L1,L2,L2,L1,C1_3,D1_3,F1_3,L1,L3,,,
95412,L1,L1,L1,L1,L1,L1,L2,L2,L1,C1_3,D1_3,F1_3,L2,L1,,,
95413,L1,L1,L1,L1,L1,L1,L2,L2,L1,C1_3,D1_3,F1_3,L2,L2,,,
95414,L1,L1,L1,L1,L1,L1,L2,L2,L1,C1_3,D1_3,F1_3,L2,L3,,,
95415,L1,L1,L1,L1,L1,L1,L2,L2,L1,C1_3,D1_3,F1_3,L3,L1,,,
95416,L1,L1,L1,L1,L1,L1,L2,L2,L1,C1_3,D1_3,F1_3,L3,L2,,,
95417,L1,L1,L1,L1,L1,L1,L2,L2,L1,C1_3,D1_3,F1_3,L3,L3,,,
110403,L2,L2,L1,L2,L1,L1,L2,L2,L1,C1_1,D1_1,F1_1,L1,L1,,,
110404,L2,L2,L1,L2,L1,L1,L2,L2,L1,C1_1,D1_1,F1_1,L1,L2,,,
110405,L2,L2,L1,L2,L1,L1,L2,L2,L1,C1_1,D1_1,F1_1,L1,L3,,,
110406,L2,L2,L1,L2,L1,L1,L2,L2,L1,C1_1,D1_1,F1_1,L2,L1,,,
110407,L2,L2,L1,L2,L1,L1,L2,L2,L1,C1_1,D1_1,F1_1,L2,L2,,,
110408,L2,L2,L1,L2,L1,L1,L2,L2,L1,C1_1,D1_1,F1_1,L2,L3,,,
110409,L2,L2,L1,L2,L1,L1,L2,L2,L1,C1_1,D1_1,F1_1,L3,L1,,,
110410,L2,L2,L1,L2,L1,L1,L2,L2,L1,C1_1,D1_1,F1_1,L3,L2,,,
110411,L2,L2,L1,L2,L1,L1,L2,L2,L1,C1_1,D1_1,F1_1,L3,L3,,,
110412,L2,L2,L1,L2,L1,L1,L2,L2,L1,C1_1,D1_1,F1_2,L1,L1,,,
110413,L2,L2,L1,L2,L1,L1,L2,L2,L1,C1_1,D1_1,F1_2,L1,L2,,,
110414,L2,L2,L1,L2,L1,L1,L2,L2,L1,C1_1,D1_1,F1_2,L1,L3,,,
110415,L2,L2,L1,L2,L1,L1,L2,L2,L1,C1_1,D1_1,F1_2,L2,L1,,,
110416,L2,L2,L1,L2,L1,L1,L2,L2,L1,C1_1,D1_1,F1_2,L2,L2,,,
110417,L2,L2,L1,L2,L1,L1,L2,L2,L1,C1_1,D1_1,F1_2,L2,L3,,,
110418,L2,L2,L1,L2,L1,L1,L2,L2,L1,C1_1,D1_1,F1_2,L3,L1,,,
110419,L2,L2,L1,L2,L1,L1,L2,L2,L1,C1_1,D1_1,F1_2,L3,L2,,,
110420,L2,L2,L1,L2,L1,L1,L2,L2,L1,C1_1,D1_1,F1_2,L3,L3,,,
110421,L2,L2,L1,L2,L1,L1,L2,L2,L1,C1_1,D1_1,F1_3,L1,L1,,,
110422,L2,L2,L1,L2,L1,L1,L2,L2,L1,C1_1,D1_1,F1_3,L1,L2,,,
110423,L2,L2,L1,L2,L1,L1,L2,L2,L1,C1_1,D1_1,F1_3,L1,L3,,,
110424,L2,L2,L1,L2,L1,L1,L2,L2,L1,C1_1,D1_1,F1_3,L2,L1,,,
110425,L2,L2,L1,L2,L1,L1,L2,L2,L1,C1_1,D1_1,F1_3,L2,L2,,,
110426,L2,L2,L1,L2,L1,L1,L2,L2,L1,C1_1,D1_1,F1_3,L2,L3,,,
110427,L2,L2,L1,L2,L1,L1,L2,L2,L1,C1_1,D1_1,F1_3,L3,L1,,,
110428,L2,L2,L1,L2,L1,L1,L2,L2,L1,C1_1,D1_1,F1_3,L3,L2,,,
110429,L2,L2,L1,L2,L1,L1,L2,L2,L1,C1_1,D1_1,F1_3,L3,L3,,,
110430,L2,L2,L1,L2,L1,L1,L2,L2,L1,C1_1,D1_2,F1_1,L1,L1,,,
110431,L2,L2,L1,L2,L1,L1,L2,L2,L1,C1_1,D1_2,F1_1,L1,L2,,,
110432,L2,L2,L1,L2,L1,L1,L2,L2,L1,C1_1,D1_2,F1_1,L1,L3,,,
110433,L2,L2,L1,L2,L1,L1,L2,L2,L1,C1_1,D1_2,F1_1,L2,L1,,,
110434,L2,L2,L1,L2,L1,L1,L2,L2,L1,C1_1,D1_2,F1_1,L2,L2,,,
110435,L2,L2,L1,L2,L1,L1,L2,L2,L1,C1_1,D1_2,F1_1,L2,L3,,,
110436,L2,L2,L1,L2,L1,L1,L2,L2,L1,C1_1,D1_2,F1_1,L3,L1,,,
110437,L2,L2,L1,L2,L1,L1,L2,L2,L1,C1_1,D1_2,F1_1,L3,L2,,,
110438,L2,L2,L1,L2,L1,L1,L2,L2,L1,C1_1,D1_2,F1_1,L3,L3,,,
110439,L2,L2,L1,L2,L1,L1,L2,L2,L1,C1_1,D1_2,F1_2,L1,L1,,,
110440,L2,L2,L1,L2,L1,L1,L2,L2,L1,C1_1,D1_2,F1_2,L1,L2,,,
110441,L2,L2,L1,L2,L1,L1,L2,L2,L1,C1_1,D1_2,F1_2,L1,L3,,,
110442,L2,L2,L1,L2,L1,L1,L2,L2,L1,C1_1,D1_2,F1_2,L2,L1,,,
110443,L2,L2,L1,L2,L1,L1,L2,L2,L1,C1_1,D1_2,F1_2,L2,L2,,,
110444,L2,L2,L1,L2,L1,L1,L2,L2,L1,C1_1,D1_2,F1_2,L2,L3,,,
110445,L2,L2,L1,L2,L1,L1,L2,L2,L1,C1_1,D1_2,F1_2,L3,L1,,,
110446,L2,L2,L1,L2,L1,L1,L2,L2,L1,C1_1,D1_2,F1_2,L3,L2,,,
110447,L2,L2,L1,L2,L1,L1,L2,L2,L1,C1_1,D1_2,F1_2,L3,L3,,,
110448,L2,L2,L1,L2,L1,L1,L2,L2,L1,C1_1,D1_2,F1_3,L1,L1,,,
110449,L2,L2,L1,L2,L1,L1,L2,L2,L1,C1_1,D1_2,F1_3,L1,L2,,,
110450,L2,L2,L1,L2,L1,L1,L2,L2,L1,C1_1,D1_2,F1_3,L1,L3,,,
110451,L2,L2,L1,L2,L1,L1,L2,L2,L1,C1_1,D1_2,F1_3,L2,L1,,,
110452,L2,L2,L1,L2,L1,L1,L2,L2,L1,C1_1,D1_2,F1_3,L2,L2,,,
110453,L2,L2,L1,L2,L1,L1,L2,L2,L1,C1_1,D1_2,F1_3,L2,L3,,,
110454,L2,L2,L1,L2,L1,L1,L2,L2,L1,C1_1,D1_2,F1_3,L3,L1,,,
110455,L2,L2,L1,L2,L1,L1,L2,L2,L1,C1_1,D1_2,F1_3,L3,L2,,,
110456,L2,L2,L1,L2,L1,L1,L2,L2,L1,C1_1,D1_2,F1_3,L3,L3,,,
110457,L2,L2,L1,L2,L1,L1,L2,L2,L1,C1_1,D1_3,F1_1,L1,L1,,,
110458,L2,L2,L1,L2,L1,L1,L2,L2,L1,C1_1,D1_3,F1_1,L1,L2,,,
110459,L2,L2,L1,L2,L1,L1,L2,L2,L1,C1_1,D1_3,F1_1,L1,L3,,,
110460,L2,L2,L1,L2,L1,L1,L2,L2,L1,C1_1,D1_3,F1_1,L2,L1,,,
110461,L2,L2,L1,L2,L1,L1,L2,L2,L1,C1_1,D1_3,F1_1,L2,L2,,,
110462,L2,L2,L1,L2,L1,L1,L2,L2,L1,C1_1,D1_3,F1_1,L2,L3,,,
110463,L2,L2,L1,L2,L1,L1,L2,L2,L1,C1_1,D1_3,F1_1,L3,L1,,,
110464,L2,L2,L1,L2,L1,L1,L2,L2,L1,C1_1,D1_3,F1_1,L3,L2,,,
110465,L2,L2,L1,L2,L1,L1,L2,L2,L1,C1_1,D1_3,F1_1,L3,L3,,,
110466,L2,L2,L1,L2,L1,L1,L2,L2,L1,C1_1,D1_3,F1_2,L1,L1,,,
110467,L2,L2,L1,L2,L1,L1,L2,L2,L1,C1_1,D1_3,F1_2,L1,L2,,,
110468,L2,L2,L1,L2,L1,L1,L2,L2,L1,C1_1,D1_3,F1_2,L1,L3,,,
110469,L2,L2,L1,L2,L1,L1,L2,L2,L1,C1_1,D1_3,F1_2,L2,L1,,,
110470,L2,L2,L1,L2,L1,L1,L2,L2,L1,C1_1,D1_3,F1_2,L2,L2,,,
110471,L2,L2,L1,L2,L1,L1,L2,L2,L1,C1_1,D1_3,F1_2,L2,L3,,,
110472,L2,L2,L1,L2,L1,L1,L2,L2,L1,C1_1,D1_3,F1_2,L3,L1,,,
110473,L2,L2,L1,L2,L1,L1,L2,L2,L1,C1_1,D1_3,F1_2,L3,L2,,,
110474,L2,L2,L1,L2,L1,L1,L2,L2,L1,C1_1,D1_3,F1_2,L3,L3,,,
110475,L2,L2,L1,L2,L1,L1,L2,L2,L1,C1_1,D1_3,F1_3,L1,L1,,,
110476,L2,L2,L1,L2,L1,L1,L2,L2,L1,C1_1,D1_3,F1_3,L1,L2,,,
110477,L2,L2,L1,L2,L1,L1,L2,L2,L1,C1_1,D1_3,F1_3,L1,L3,,,
110478,L2,L2,L1,L2,L1,L1,L2,L2,L1,C1_1,D1_3,F1_3,L2,L1,,,
110479,L2,L2,L1,L2,L1,L1,L2,L2,L1,C1_1,D1_3,F1_3,L2,L2,,,
110480,L2,L2,L1,L2,L1,L1,L2,L2,L1,C1_1,D1_3,F1_3,L2,L3,,,
110481,L2,L2,L1,L2,L1,L1,L2,L2,L1,C1_1,D1_3,F1_3,L3,L1,,,
110482,L2,L2,L1,L2,L1,L1,L2,L2,L1,C1_1,D1_3,F1_3,L3,L2,,,
110483,L2,L2,L1,L2,L1,L1,L2,L2,L1,C1_1,D1_3,F1_3,L3,L3,,,
110484,L2,L2,L1,L2,L1,L1,L2,L2,L1,C1_2,D1_1,F1_1,L1,L1,,,
110485,L2,L2,L1,L2,L1,L1,L2,L2,L1,C1_2,D1_1,F1_1,L1,L2,,,
110486,L2,L2,L1,L2,L1,L1,L2,L2,L1,C1_2,D1_1,F1_1,L1,L3,,,
110487,L2,L2,L1,L2,L1,L1,L2,L2,L1,C1_2,D1_1,F1_1,L2,L1,,,
110488,L2,L2,L1,L2,L1,L1,L2,L2,L1,C1_2,D1_1,F1_1,L2,L2,,,
110489,L2,L2,L1,L2,L1,L1,L2,L2,L1,C1_2,D1_1,F1_1,L2,L3,,,
110490,L2,L2,L1,L2,L1,L1,L2,L2,L1,C1_2,D1_1,F1_1,L3,L1,,,
110491,L2,L2,L1,L2,L1,L1,L2,L2,L1,C1_2,D1_1,F1_1,L3,L2,,,
110492,L2,L2,L1,L2,L1,L1,L2,L2,L1,C1_2,D1_1,F1_1,L3,L3,,,
110493,L2,L2,L1,L2,L1,L1,L2,L2,L1,C1_2,D1_1,F1_2,L1,L1,,,
110494,L2,L2,L1,L2,L1,L1,L2,L2,L1,C1_2,D1_1,F1_2,L1,L2,,,
110495,L2,L2,L1,L2,L1,L1,L2,L2,L1,C1_2,D1_1,F1_2,L1,L3,,,
110496,L2,L2,L1,L2,L1,L1,L2,L2,L1,C1_2,D1_1,F1_2,L2,L1,,,
110497,L2,L2,L1,L2,L1,L1,L2,L2,L1,C1_2,D1_1,F1_2,L2,L2,,,
110498,L2,L2,L1,L2,L1,L1,L2,L2,L1,C1_2,D1_1,F1_2,L2,L3,,,
110499,L2,L2,L1,L2,L1,L1,L2,L2,L1,C1_2,D1_1,F1_2,L3,L1,,,
110500,L2,L2,L1,L2,L1,L1,L2,L2,L1,C1_2,D1_1,F1_2,L3,L2,,,
110501,L2,L2,L1,L2,L1,L1,L2,L2,L1,C1_2,D1_1,F1_2,L3,L3,,,
110502,L2,L2,L1,L2,L1,L1,L2,L2,L1,C1_2,D1_1,F1_3,L1,L1,,,
110503,L2,L2,L1,L2,L1,L1,L2,L2,L1,C1_2,D1_1,F1_3,L1,L2,,,
110504,L2,L2,L1,L2,L1,L1,L2,L2,L1,C1_2,D1_1,F1_3,L1,L3,,,
110505,L2,L2,L1,L2,L1,L1,L2,L2,L1,C1_2,D1_1,F1_3,L2,L1,,,
110506,L2,L2,L1,L2,L1,L1,L2,L2,L1,C1_2,D1_1,F1_3,L2,L2,,,
110507,L2,L2,L1,L2,L1,L1,L2,L2,L1,C1_2,D1_1,F1_3,L2,L3,,,
110508,L2,L2,L1,L2,L1,L1,L2,L2,L1,C1_2,D1_1,F1_3,L3,L1,,,
110509,L2,L2,L1,L2,L1,L1,L2,L2,L1,C1_2,D1_1,F1_3,L3,L2,,,
110510,L2,L2,L1,L2,L1,L1,L2,L2,L1,C1_2,D1_1,F1_3,L3,L3,,,
110511,L2,L2,L1,L2,L1,L1,L2,L2,L1,C1_2,D1_2,F1_1,L1,L1,,,
110512,L2,L2,L1,L2,L1,L1,L2,L2,L1,C1_2,D1_2,F1_1,L1,L2,,,
110513,L2,L2,L1,L2,L1,L1,L2,L2,L1,C1_2,D1_2,F1_1,L1,L3,,,
110514,L2,L2,L1,L2,L1,L1,L2,L2,L1,C1_2,D1_2,F1_1,L2,L1,,,
110515,L2,L2,L1,L2,L1,L1,L2,L2,L1,C1_2,D1_2,F1_1,L2,L2,,,
110516,L2,L2,L1,L2,L1,L1,L2,L2,L1,C1_2,D1_2,F1_1,L2,L3,,,
110517,L2,L2,L1,L2,L1,L1,L2,L2,L1,C1_2,D1_2,F1_1,L3,L1,,,
110518,L2,L2,L1,L2,L1,L1,L2,L2,L1,C1_2,D1_2,F1_1,L3,L2,,,
110519,L2,L2,L1,L2,L1,L1,L2,L2,L1,C1_2,D1_2,F1_1,L3,L3,,,
110520,L2,L2,L1,L2,L1,L1,L2,L2,L1,C1_2,D1_2,F1_2,L1,L1,,,
110521,L2,L2,L1,L2,L1,L1,L2,L2,L1,C1_2,D1_2,F1_2,L1,L2,,,
110522,L2,L2,L1,L2,L1,L1,L2,L2,L1,C1_2,D1_2,F1_2,L1,L3,,,
110523,L2,L2,L1,L2,L1,L1,L2,L2,L1,C1_2,D1_2,F1_2,L2,L1,,,
110524,L2,L2,L1,L2,L1,L1,L2,L2,L1,C1_2,D1_2,F1_2,L2,L2,,,
110525,L2,L2,L1,L2,L1,L1,L2,L2,L1,C1_2,D1_2,F1_2,L2,L3,,,
110526,L2,L2,L1,L2,L1,L1,L2,L2,L1,C1_2,D1_2,F1_2,L3,L1,,,
110527,L2,L2,L1,L2,L1,L1,L2,L2,L1,C1_2,D1_2,F1_2,L3,L2,,,
110528,L2,L2,L1,L2,L1,L1,L2,L2,L1,C1_2,D1_2,F1_2,L3,L3,,,
110529,L2,L2,L1,L2,L1,L1,L2,L2,L1,C1_2,D1_2,F1_3,L1,L1,,,
110530,L2,L2,L1,L2,L1,L1,L2,L2,L1,C1_2,D1_2,F1_3,L1,L2,,,
110531,L2,L2,L1,L2,L1,L1,L2,L2,L1,C1_2,D1_2,F1_3,L1,L3,,,
110532,L2,L2,L1,L2,L1,L1,L2,L2,L1,C1_2,D1_2,F1_3,L2,L1,,,
110533,L2,L2,L1,L2,L1,L1,L2,L2,L1,C1_2,D1_2,F1_3,L2,L2,,,
110534,L2,L2,L1,L2,L1,L1,L2,L2,L1,C1_2,D1_2,F1_3,L2,L3,,,
110535,L2,L2,L1,L2,L1,L1,L2,L2,L1,C1_2,D1_2,F1_3,L3,L1,,,
110536,L2,L2,L1,L2,L1,L1,L2,L2,L1,C1_2,D1_2,F1_3,L3,L2,,,
110537,L2,L2,L1,L2,L1,L1,L2,L2,L1,C1_2,D1_2,F1_3,L3,L3,,,
110538,L2,L2,L1,L2,L1,L1,L2,L2,L1,C1_2,D1_3,F1_1,L1,L1,,,
110539,L2,L2,L1,L2,L1,L1,L2,L2,L1,C1_2,D1_3,F1_1,L1,L2,,,
110540,L2,L2,L1,L2,L1,L1,L2,L2,L1,C1_2,D1_3,F1_1,L1,L3,,,
110541,L2,L2,L1,L2,L1,L1,L2,L2,L1,C1_2,D1_3,F1_1,L2,L1,,,
110542,L2,L2,L1,L2,L1,L1,L2,L2,L1,C1_2,D1_3,F1_1,L2,L2,,,
110543,L2,L2,L1,L2,L1,L1,L2,L2,L1,C1_2,D1_3,F1_1,L2,L3,,,
110544,L2,L2,L1,L2,L1,L1,L2,L2,L1,C1_2,D1_3,F1_1,L3,L1,,,
110545,L2,L2,L1,L2,L1,L1,L2,L2,L1,C1_2,D1_3,F1_1,L3,L2,,,
110546,L2,L2,L1,L2,L1,L1,L2,L2,L1,C1_2,D1_3,F1_1,L3,L3,,,
110547,L2,L2,L1,L2,L1,L1,L2,L2,L1,C1_2,D1_3,F1_2,L1,L1,,,
110548,L2,L2,L1,L2,L1,L1,L2,L2,L1,C1_2,D1_3,F1_2,L1,L2,,,
110549,L2,L2,L1,L2,L1,L1,L2,L2,L1,C1_2,D1_3,F1_2,L1,L3,,,
110550,L2,L2,L1,L2,L1,L1,L2,L2,L1,C1_2,D1_3,F1_2,L2,L1,,,
110551,L2,L2,L1,L2,L1,L1,L2,L2,L1,C1_2,D1_3,F1_2,L2,L2,,,
110552,L2,L2,L1,L2,L1,L1,L2,L2,L1,C1_2,D1_3,F1_2,L2,L3,,,
110553,L2,L2,L1,L2,L1,L1,L2,L2,L1,C1_2,D1_3,F1_2,L3,L1,,,
110554,L2,L2,L1,L2,L1,L1,L2,L2,L1,C1_2,D1_3,F1_2,L3,L2,,,
110555,L2,L2,L1,L2,L1,L1,L2,L2,L1,C1_2,D1_3,F1_2,L3,L3,,,
110556,L2,L2,L1,L2,L1,L1,L2,L2,L1,C1_2,D1_3,F1_3,L1,L1,,,
110557,L2,L2,L1,L2,L1,L1,L2,L2,L1,C1_2,D1_3,F1_3,L1,L2,,,
110558,L2,L2,L1,L2,L1,L1,L2,L2,L1,C1_2,D1_3,F1_3,L1,L3,,,
110559,L2,L2,L1,L2,L1,L1,L2,L2,L1,C1_2,D1_3,F1_3,L2,L1,,,
110560,L2,L2,L1,L2,L1,L1,L2,L2,L1,C1_2,D1_3,F1_3,L2,L2,,,
110561,L2,L2,L1,L2,L1,L1,L2,L2,L1,C1_2,D1_3,F1_3,L2,L3,,,
110562,L2,L2,L1,L2,L1,L1,L2,L2,L1,C1_2,D1_3,F1_3,L3,L1,,,
110563,L2,L2,L1,L2,L1,L1,L2,L2,L1,C1_2,D1_3,F1_3,L3,L2,,,
110564,L2,L2,L1,L2,L1,L1,L2,L2,L1,C1_2,D1_3,F1_3,L3,L3,,,
110565,L2,L2,L1,L2,L1,L1,L2,L2,L1,C1_3,D1_1,F1_1,L1,L1,,,
110566,L2,L2,L1,L2,L1,L1,L2,L2,L1,C1_3,D1_1,F1_1,L1,L2,,,
110567,L2,L2,L1,L2,L1,L1,L2,L2,L1,C1_3,D1_1,F1_1,L1,L3,,,
110568,L2,L2,L1,L2,L1,L1,L2,L2,L1,C1_3,D1_1,F1_1,L2,L1,,,
110569,L2,L2,L1,L2,L1,L1,L2,L2,L1,C1_3,D1_1,F1_1,L2,L2,,,
110570,L2,L2,L1,L2,L1,L1,L2,L2,L1,C1_3,D1_1,F1_1,L2,L3,,,
110571,L2,L2,L1,L2,L1,L1,L2,L2,L1,C1_3,D1_1,F1_1,L3,L1,,,
110572,L2,L2,L1,L2,L1,L1,L2,L2,L1,C1_3,D1_1,F1_1,L3,L2,,,
110573,L2,L2,L1,L2,L1,L1,L2,L2,L1,C1_3,D1_1,F1_1,L3,L3,,,
110574,L2,L2,L1,L2,L1,L1,L2,L2,L1,C1_3,D1_1,F1_2,L1,L1,,,
110575,L2,L2,L1,L2,L1,L1,L2,L2,L1,C1_3,D1_1,F1_2,L1,L2,,,
110576,L2,L2,L1,L2,L1,L1,L2,L2,L1,C1_3,D1_1,F1_2,L1,L3,,,
110577,L2,L2,L1,L2,L1,L1,L2,L2,L1,C1_3,D1_1,F1_2,L2,L1,,,
110578,L2,L2,L1,L2,L1,L1,L2,L2,L1,C1_3,D1_1,F1_2,L2,L2,,,
110579,L2,L2,L1,L2,L1,L1,L2,L2,L1,C1_3,D1_1,F1_2,L2,L3,,,
110580,L2,L2,L1,L2,L1,L1,L2,L2,L1,C1_3,D1_1,F1_2,L3,L1,,,
110581,L2,L2,L1,L2,L1,L1,L2,L2,L1,C1_3,D1_1,F1_2,L3,L2,,,
110582,L2,L2,L1,L2,L1,L1,L2,L2,L1,C1_3,D1_1,F1_2,L3,L3,,,
110583,L2,L2,L1,L2,L1,L1,L2,L2,L1,C1_3,D1_1,F1_3,L1,L1,,,
110584,L2,L2,L1,L2,L1,L1,L2,L2,L1,C1_3,D1_1,F1_3,L1,L2,,,
110585,L2,L2,L1,L2,L1,L1,L2,L2,L1,C1_3,D1_1,F1_3,L1,L3,,,
110586,L2,L2,L1,L2,L1,L1,L2,L2,L1,C1_3,D1_1,F1_3,L2,L1,,,
110587,L2,L2,L1,L2,L1,L1,L2,L2,L1,C1_3,D1_1,F1_3,L2,L2,,,
110588,L2,L2,L1,L2,L1,L1,L2,L2,L1,C1_3,D1_1,F1_3,L2,L3,,,
110589,L2,L2,L1,L2,L1,L1,L2,L2,L1,C1_3,D1_1,F1_3,L3,L1,,,
110590,L2,L2,L1,L2,L1,L1,L2,L2,L1,C1_3,D1_1,F1_3,L3,L2,,,
110591,L2,L2,L1,L2,L1,L1,L2,L2,L1,C1_3,D1_1,F1_3,L3,L3,,,
110592,L2,L2,L1,L2,L1,L1,L2,L2,L1,C1_3,D1_2,F1_1,L1,L1,,,
110593,L2,L2,L1,L2,L1,L1,L2,L2,L1,C1_3,D1_2,F1_1,L1,L2,,,
110594,L2,L2,L1,L2,L1,L1,L2,L2,L1,C1_3,D1_2,F1_1,L1,L3,,,
110595,L2,L2,L1,L2,L1,L1,L2,L2,L1,C1_3,D1_2,F1_1,L2,L1,,,
110596,L2,L2,L1,L2,L1,L1,L2,L2,L1,C1_3,D1_2,F1_1,L2,L2,,,
110597,L2,L2,L1,L2,L1,L1,L2,L2,L1,C1_3,D1_2,F1_1,L2,L3,,,
110598,L2,L2,L1,L2,L1,L1,L2,L2,L1,C1_3,D1_2,F1_1,L3,L1,,,
110599,L2,L2,L1,L2,L1,L1,L2,L2,L1,C1_3,D1_2,F1_1,L3,L2,,,
110600,L2,L2,L1,L2,L1,L1,L2,L2,L1,C1_3,D1_2,F1_1,L3,L3,,,
110601,L2,L2,L1,L2,L1,L1,L2,L2,L1,C1_3,D1_2,F1_2,L1,L1,,,
110602,L2,L2,L1,L2,L1,L1,L2,L2,L1,C1_3,D1_2,F1_2,L1,L2,,,
110603,L2,L2,L1,L2,L1,L1,L2,L2,L1,C1_3,D1_2,F1_2,L1,L3,,,
110604,L2,L2,L1,L2,L1,L1,L2,L2,L1,C1_3,D1_2,F1_2,L2,L1,,,
110605,L2,L2,L1,L2,L1,L1,L2,L2,L1,C1_3,D1_2,F1_2,L2,L2,,,
110606,L2,L2,L1,L2,L1,L1,L2,L2,L1,C1_3,D1_2,F1_2,L2,L3,,,
110607,L2,L2,L1,L2,L1,L1,L2,L2,L1,C1_3,D1_2,F1_2,L3,L1,,,
110608,L2,L2,L1,L2,L1,L1,L2,L2,L1,C1_3,D1_2,F1_2,L3,L2,,,
110609,L2,L2,L1,L2,L1,L1,L2,L2,L1,C1_3,D1_2,F1_2,L3,L3,,,
110610,L2,L2,L1,L2,L1,L1,L2,L2,L1,C1_3,D1_2,F1_3,L1,L1,,,
110611,L2,L2,L1,L2,L1,L1,L2,L2,L1,C1_3,D1_2,F1_3,L1,L2,,,
110612,L2,L2,L1,L2,L1,L1,L2,L2,L1,C1_3,D1_2,F1_3,L1,L3,,,
110613,L2,L2,L1,L2,L1,L1,L2,L2,L1,C1_3,D1_2,F1_3,L2,L1,,,
110614,L2,L2,L1,L2,L1,L1,L2,L2,L1,C1_3,D1_2,F1_3,L2,L2,,,
110615,L2,L2,L1,L2,L1,L1,L2,L2,L1,C1_3,D1_2,F1_3,L2,L3,,,
110616,L2,L2,L1,L2,L1,L1,L2,L2,L1,C1_3,D1_2,F1_3,L3,L1,,,
110617,L2,L2,L1,L2,L1,L1,L2,L2,L1,C1_3,D1_2,F1_3,L3,L2,,,
110618,L2,L2,L1,L2,L1,L1,L2,L2,L1,C1_3,D1_2,F1_3,L3,L3,,,
110619,L2,L2,L1,L2,L1,L1,L2,L2,L1,C1_3,D1_3,F1_1,L1,L1,,,
110620,L2,L2,L1,L2,L1,L1,L2,L2,L1,C1_3,D1_3,F1_1,L1,L2,,,
110621,L2,L2,L1,L2,L1,L1,L2,L2,L1,C1_3,D1_3,F1_1,L1,L3,,,
110622,L2,L2,L1,L2,L1,L1,L2,L2,L1,C1_3,D1_3,F1_1,L2,L1,,,
110623,L2,L2,L1,L2,L1,L1,L2,L2,L1,C1_3,D1_3,F1_1,L2,L2,,,
110624,L2,L2,L1,L2,L1,L1,L2,L2,L1,C1_3,D1_3,F1_1,L2,L3,,,
110625,L2,L2,L1,L2,L1,L1,L2,L2,L1,C1_3,D1_3,F1_1,L3,L1,,,
110626,L2,L2,L1,L2,L1,L1,L2,L2,L1,C1_3,D1_3,F1_1,L3,L2,,,
110627,L2,L2,L1,L2,L1,L1,L2,L2,L1,C1_3,D1_3,F1_1,L3,L3,,,
110628,L2,L2,L1,L2,L1,L1,L2,L2,L1,C1_3,D1_3,F1_2,L1,L1,,,
110629,L2,L2,L1,L2,L1,L1,L2,L2,L1,C1_3,D1_3,F1_2,L1,L2,,,
110630,L2,L2,L1,L2,L1,L1,L2,L2,L1,C1_3,D1_3,F1_2,L1,L3,,,
110631,L2,L2,L1,L2,L1,L1,L2,L2,L1,C1_3,D1_3,F1_2,L2,L1,,,
110632,L2,L2,L1,L2,L1,L1,L2,L2,L1,C1_3,D1_3,F1_2,L2,L2,,,
110633,L2,L2,L1,L2,L1,L1,L2,L2,L1,C1_3,D1_3,F1_2,L2,L3,,,
110634,L2,L2,L1,L2,L1,L1,L2,L2,L1,C1_3,D1_3,F1_2,L3,L1,,,
110635,L2,L2,L1,L2,L1,L1,L2,L2,L1,C1_3,D1_3,F1_2,L3,L2,,,
110636,L2,L2,L1,L2,L1,L1,L2,L2,L1,C1_3,D1_3,F1_2,L3,L3,,,
110637,L2,L2,L1,L2,L1,L1,L2,L2,L1,C1_3,D1_3,F1_3,L1,L1,,,
110638,L2,L2,L1,L2,L1,L1,L2,L2,L1,C1_3,D1_3,F1_3,L1,L2,,,
110639,L2,L2,L1,L2,L1,L1,L2,L2,L1,C1_3,D1_3,F1_3,L1,L3,,,
110640,L2,L2,L1,L2,L1,L1,L2,L2,L1,C1_3,D1_3,F1_3,L2,L1,,,
110641,L2,L2,L1,L2,L1,L1,L2,L2,L1,C1_3,D1_3,F1_3,L2,L2,,,
110642,L2,L2,L1,L2,L1,L1,L2,L2,L1,C1_3,D1_3,F1_3,L2,L3,,,
110643,L2,L2,L1,L2,L1,L1,L2,L2,L1,C1_3,D1_3,F1_3,L3,L1,,,
110644,L2,L2,L1,L2,L1,L1,L2,L2,L1,C1_3,D1_3,F1_3,L3,L2,,,
110645,L2,L2,L1,L2,L1,L1,L2,L2,L1,C1_3,D1_3,F1_3,L3,L3,,,
111699,L3,L3,L2,L3,L2,L1,L2,L2,L1,C1_1,D1_1,F1_1,L1,L1,,,
111700,L3,L3,L2,L3,L2,L1,L2,L2,L1,C1_1,D1_1,F1_1,L1,L2,,,
111701,L3,L3,L2,L3,L2,L1,L2,L2,L1,C1_1,D1_1,F1_1,L1,L3,,,
111702,L3,L3,L2,L3,L2,L1,L2,L2,L1,C1_1,D1_1,F1_1,L2,L1,,,
111703,L3,L3,L2,L3,L2,L1,L2,L2,L1,C1_1,D1_1,F1_1,L2,L2,,,
111704,L3,L3,L2,L3,L2,L1,L2,L2,L1,C1_1,D1_1,F1_1,L2,L3,,,
111705,L3,L3,L2,L3,L2,L1,L2,L2,L1,C1_1,D1_1,F1_1,L3,L1,,,
111706,L3,L3,L2,L3,L2,L1,L2,L2,L1,C1_1,D1_1,F1_1,L3,L2,,,
111707,L3,L3,L2,L3,L2,L1,L2,L2,L1,C1_1,D1_1,F1_1,L3,L3,,,
111708,L3,L3,L2,L3,L2,L1,L2,L2,L1,C1_1,D1_1,F1_2,L1,L1,,,
111709,L3,L3,L2,L3,L2,L1,L2,L2,L1,C1_1,D1_1,F1_2,L1,L2,,,
111710,L3,L3,L2,L3,L2,L1,L2,L2,L1,C1_1,D1_1,F1_2,L1,L3,,,
111711,L3,L3,L2,L3,L2,L1,L2,L2,L1,C1_1,D1_1,F1_2,L2,L1,,,
111712,L3,L3,L2,L3,L2,L1,L2,L2,L1,C1_1,D1_1,F1_2,L2,L2,,,
111713,L3,L3,L2,L3,L2,L1,L2,L2,L1,C1_1,D1_1,F1_2,L2,L3,,,
111714,L3,L3,L2,L3,L2,L1,L2,L2,L1,C1_1,D1_1,F1_2,L3,L1,,,
111715,L3,L3,L2,L3,L2,L1,L2,L2,L1,C1_1,D1_1,F1_2,L3,L2,,,
111716,L3,L3,L2,L3,L2,L1,L2,L2,L1,C1_1,D1_1,F1_2,L3,L3,,,
111717,L3,L3,L2,L3,L2,L1,L2,L2,L1,C1_1,D1_1,F1_3,L1,L1,,,
111718,L3,L3,L2,L3,L2,L1,L2,L2,L1,C1_1,D1_1,F1_3,L1,L2,,,
111719,L3,L3,L2,L3,L2,L1,L2,L2,L1,C1_1,D1_1,F1_3,L1,L3,,,
111720,L3,L3,L2,L3,L2,L1,L2,L2,L1,C1_1,D1_1,F1_3,L2,L1,,,
111721,L3,L3,L2,L3,L2,L1,L2,L2,L1,C1_1,D1_1,F1_3,L2,L2,,,
111722,L3,L3,L2,L3,L2,L1,L2,L2,L1,C1_1,D1_1,F1_3,L2,L3,,,
111723,L3,L3,L2,L3,L2,L1,L2,L2,L1,C1_1,D1_1,F1_3,L3,L1,,,
111724,L3,L3,L2,L3,L2,L1,L2,L2,L1,C1_1,D1_1,F1_3,L3,L2,,,
111725,L3,L3,L2,L3,L2,L1,L2,L2,L1,C1_1,D1_1,F1_3,L3,L3,,,
111726,L3,L3,L2,L3,L2,L1,L2,L2,L1,C1_1,D1_2,F1_1,L1,L1,,,
111727,L3,L3,L2,L3,L2,L1,L2,L2,L1,C1_1,D1_2,F1_1,L1,L2,,,
111728,L3,L3,L2,L3,L2,L1,L2,L2,L1,C1_1,D1_2,F1_1,L1,L3,,,
111729,L3,L3,L2,L3,L2,L1,L2,L2,L1,C1_1,D1_2,F1_1,L2,L1,,,
111730,L3,L3,L2,L3,L2,L1,L2,L2,L1,C1_1,D1_2,F1_1,L2,L2,,,
111731,L3,L3,L2,L3,L2,L1,L2,L2,L1,C1_1,D1_2,F1_1,L2,L3,,,
111732,L3,L3,L2,L3,L2,L1,L2,L2,L1,C1_1,D1_2,F1_1,L3,L1,,,
111733,L3,L3,L2,L3,L2,L1,L2,L2,L1,C1_1,D1_2,F1_1,L3,L2,,,
111734,L3,L3,L2,L3,L2,L1,L2,L2,L1,C1_1,D1_2,F1_1,L3,L3,,,
111735,L3,L3,L2,L3,L2,L1,L2,L2,L1,C1_1,D1_2,F1_2,L1,L1,,,
111736,L3,L3,L2,L3,L2,L1,L2,L2,L1,C1_1,D1_2,F1_2,L1,L2,,,
111737,L3,L3,L2,L3,L2,L1,L2,L2,L1,C1_1,D1_2,F1_2,L1,L3,,,
111738,L3,L3,L2,L3,L2,L1,L2,L2,L1,C1_1,D1_2,F1_2,L2,L1,,,
111739,L3,L3,L2,L3,L2,L1,L2,L2,L1,C1_1,D1_2,F1_2,L2,L2,,,
111740,L3,L3,L2,L3,L2,L1,L2,L2,L1,C1_1,D1_2,F1_2,L2,L3,,,
111741,L3,L3,L2,L3,L2,L1,L2,L2,L1,C1_1,D1_2,F1_2,L3,L1,,,
111742,L3,L3,L2,L3,L2,L1,L2,L2,L1,C1_1,D1_2,F1_2,L3,L2,,,
111743,L3,L3,L2,L3,L2,L1,L2,L2,L1,C1_1,D1_2,F1_2,L3,L3,,,
111744,L3,L3,L2,L3,L2,L1,L2,L2,L1,C1_1,D1_2,F1_3,L1,L1,,,
111745,L3,L3,L2,L3,L2,L1,L2,L2,L1,C1_1,D1_2,F1_3,L1,L2,,,
111746,L3,L3,L2,L3,L2,L1,L2,L2,L1,C1_1,D1_2,F1_3,L1,L3,,,
111747,L3,L3,L2,L3,L2,L1,L2,L2,L1,C1_1,D1_2,F1_3,L2,L1,,,
111748,L3,L3,L2,L3,L2,L1,L2,L2,L1,C1_1,D1_2,F1_3,L2,L2,,,
111749,L3,L3,L2,L3,L2,L1,L2,L2,L1,C1_1,D1_2,F1_3,L2,L3,,,
111750,L3,L3,L2,L3,L2,L1,L2,L2,L1,C1_1,D1_2,F1_3,L3,L1,,,
111751,L3,L3,L2,L3,L2,L1,L2,L2,L1,C1_1,D1_2,F1_3,L3,L2,,,
111752,L3,L3,L2,L3,L2,L1,L2,L2,L1,C1_1,D1_2,F1_3,L3,L3,,,
111753,L3,L3,L2,L3,L2,L1,L2,L2,L1,C1_1,D1_3,F1_1,L1,L1,,,
111754,L3,L3,L2,L3,L2,L1,L2,L2,L1,C1_1,D1_3,F1_1,L1,L2,,,
111755,L3,L3,L2,L3,L2,L1,L2,L2,L1,C1_1,D1_3,F1_1,L1,L3,,,
111756,L3,L3,L2,L3,L2,L1,L2,L2,L1,C1_1,D1_3,F1_1,L2,L1,,,
111757,L3,L3,L2,L3,L2,L1,L2,L2,L1,C1_1,D1_3,F1_1,L2,L2,,,
111758,L3,L3,L2,L3,L2,L1,L2,L2,L1,C1_1,D1_3,F1_1,L2,L3,,,
111759,L3,L3,L2,L3,L2,L1,L2,L2,L1,C1_1,D1_3,F1_1,L3,L1,,,
111760,L3,L3,L2,L3,L2,L1,L2,L2,L1,C1_1,D1_3,F1_1,L3,L2,,,
111761,L3,L3,L2,L3,L2,L1,L2,L2,L1,C1_1,D1_3,F1_1,L3,L3,,,
111762,L3,L3,L2,L3,L2,L1,L2,L2,L1,C1_1,D1_3,F1_2,L1,L1,,,
111763,L3,L3,L2,L3,L2,L1,L2,L2,L1,C1_1,D1_3,F1_2,L1,L2,,,
111764,L3,L3,L2,L3,L2,L1,L2,L2,L1,C1_1,D1_3,F1_2,L1,L3,,,
111765,L3,L3,L2,L3,L2,L1,L2,L2,L1,C1_1,D1_3,F1_2,L2,L1,,,
111766,L3,L3,L2,L3,L2,L1,L2,L2,L1,C1_1,D1_3,F1_2,L2,L2,,,
111767,L3,L3,L2,L3,L2,L1,L2,L2,L1,C1_1,D1_3,F1_2,L2,L3,,,
111768,L3,L3,L2,L3,L2,L1,L2,L2,L1,C1_1,D1_3,F1_2,L3,L1,,,
111769,L3,L3,L2,L3,L2,L1,L2,L2,L1,C1_1,D1_3,F1_2,L3,L2,,,
111770,L3,L3,L2,L3,L2,L1,L2,L2,L1,C1_1,D1_3,F1_2,L3,L3,,,
111771,L3,L3,L2,L3,L2,L1,L2,L2,L1,C1_1,D1_3,F1_3,L1,L1,,,
111772,L3,L3,L2,L3,L2,L1,L2,L2,L1,C1_1,D1_3,F1_3,L1,L2,,,
111773,L3,L3,L2,L3,L2,L1,L2,L2,L1,C1_1,D1_3,F1_3,L1,L3,,,
111774,L3,L3,L2,L3,L2,L1,L2,L2,L1,C1_1,D1_3,F1_3,L2,L1,,,
111775,L3,L3,L2,L3,L2,L1,L2,L2,L1,C1_1,D1_3,F1_3,L2,L2,,,
111776,L3,L3,L2,L3,L2,L1,L2,L2,L1,C1_1,D1_3,F1_3,L2,L3,,,
111777,L3,L3,L2,L3,L2,L1,L2,L2,L1,C1_1,D1_3,F1_3,L3,L1,,,
111778,L3,L3,L2,L3,L2,L1,L2,L2,L1,C1_1,D1_3,F1_3,L3,L2,,,
111779,L3,L3,L2,L3,L2,L1,L2,L2,L1,C1_1,D1_3,F1_3,L3,L3,,,
111780,L3,L3,L2,L3,L2,L1,L2,L2,L1,C1_2,D1_1,F1_1,L1,L1,,,
111781,L3,L3,L2,L3,L2,L1,L2,L2,L1,C1_2,D1_1,F1_1,L1,L2,,,
111782,L3,L3,L2,L3,L2,L1,L2,L2,L1,C1_2,D1_1,F1_1,L1,L3,,,
111783,L3,L3,L2,L3,L2,L1,L2,L2,L1,C1_2,D1_1,F1_1,L2,L1,,,
111784,L3,L3,L2,L3,L2,L1,L2,L2,L1,C1_2,D1_1,F1_1,L2,L2,,,
111785,L3,L3,L2,L3,L2,L1,L2,L2,L1,C1_2,D1_1,F1_1,L2,L3,,,
111786,L3,L3,L2,L3,L2,L1,L2,L2,L1,C1_2,D1_1,F1_1,L3,L1,,,
111787,L3,L3,L2,L3,L2,L1,L2,L2,L1,C1_2,D1_1,F1_1,L3,L2,,,
111788,L3,L3,L2,L3,L2,L1,L2,L2,L1,C1_2,D1_1,F1_1,L3,L3,,,
111789,L3,L3,L2,L3,L2,L1,L2,L2,L1,C1_2,D1_1,F1_2,L1,L1,,,
111790,L3,L3,L2,L3,L2,L1,L2,L2,L1,C1_2,D1_1,F1_2,L1,L2,,,
111791,L3,L3,L2,L3,L2,L1,L2,L2,L1,C1_2,D1_1,F1_2,L1,L3,,,
111792,L3,L3,L2,L3,L2,L1,L2,L2,L1,C1_2,D1_1,F1_2,L2,L1,,,
111793,L3,L3,L2,L3,L2,L1,L2,L2,L1,C1_2,D1_1,F1_2,L2,L2,,,
111794,L3,L3,L2,L3,L2,L1,L2,L2,L1,C1_2,D1_1,F1_2,L2,L3,,,
111795,L3,L3,L2,L3,L2,L1,L2,L2,L1,C1_2,D1_1,F1_2,L3,L1,,,
111796,L3,L3,L2,L3,L2,L1,L2,L2,L1,C1_2,D1_1,F1_2,L3,L2,,,
111797,L3,L3,L2,L3,L2,L1,L2,L2,L1,C1_2,D1_1,F1_2,L3,L3,,,
111798,L3,L3,L2,L3,L2,L1,L2,L2,L1,C1_2,D1_1,F1_3,L1,L1,,,
111799,L3,L3,L2,L3,L2,L1,L2,L2,L1,C1_2,D1_1,F1_3,L1,L2,,,
111800,L3,L3,L2,L3,L2,L1,L2,L2,L1,C1_2,D1_1,F1_3,L1,L3,,,
111801,L3,L3,L2,L3,L2,L1,L2,L2,L1,C1_2,D1_1,F1_3,L2,L1,,,
111802,L3,L3,L2,L3,L2,L1,L2,L2,L1,C1_2,D1_1,F1_3,L2,L2,,,
111803,L3,L3,L2,L3,L2,L1,L2,L2,L1,C1_2,D1_1,F1_3,L2,L3,,,
111804,L3,L3,L2,L3,L2,L1,L2,L2,L1,C1_2,D1_1,F1_3,L3,L1,,,
111805,L3,L3,L2,L3,L2,L1,L2,L2,L1,C1_2,D1_1,F1_3,L3,L2,,,
111806,L3,L3,L2,L3,L2,L1,L2,L2,L1,C1_2,D1_1,F1_3,L3,L3,,,
111807,L3,L3,L2,L3,L2,L1,L2,L2,L1,C1_2,D1_2,F1_1,L1,L1,,,
111808,L3,L3,L2,L3,L2,L1,L2,L2,L1,C1_2,D1_2,F1_1,L1,L2,,,
111809,L3,L3,L2,L3,L2,L1,L2,L2,L1,C1_2,D1_2,F1_1,L1,L3,,,
111810,L3,L3,L2,L3,L2,L1,L2,L2,L1,C1_2,D1_2,F1_1,L2,L1,,,
111811,L3,L3,L2,L3,L2,L1,L2,L2,L1,C1_2,D1_2,F1_1,L2,L2,,,
111812,L3,L3,L2,L3,L2,L1,L2,L2,L1,C1_2,D1_2,F1_1,L2,L3,,,
111813,L3,L3,L2,L3,L2,L1,L2,L2,L1,C1_2,D1_2,F1_1,L3,L1,,,
111814,L3,L3,L2,L3,L2,L1,L2,L2,L1,C1_2,D1_2,F1_1,L3,L2,,,
111815,L3,L3,L2,L3,L2,L1,L2,L2,L1,C1_2,D1_2,F1_1,L3,L3,,,
111816,L3,L3,L2,L3,L2,L1,L2,L2,L1,C1_2,D1_2,F1_2,L1,L1,,,
111817,L3,L3,L2,L3,L2,L1,L2,L2,L1,C1_2,D1_2,F1_2,L1,L2,,,
111818,L3,L3,L2,L3,L2,L1,L2,L2,L1,C1_2,D1_2,F1_2,L1,L3,,,
111819,L3,L3,L2,L3,L2,L1,L2,L2,L1,C1_2,D1_2,F1_2,L2,L1,,,
111820,L3,L3,L2,L3,L2,L1,L2,L2,L1,C1_2,D1_2,F1_2,L2,L2,,,
111821,L3,L3,L2,L3,L2,L1,L2,L2,L1,C1_2,D1_2,F1_2,L2,L3,,,
111822,L3,L3,L2,L3,L2,L1,L2,L2,L1,C1_2,D1_2,F1_2,L3,L1,,,
111823,L3,L3,L2,L3,L2,L1,L2,L2,L1,C1_2,D1_2,F1_2,L3,L2,,,
111824,L3,L3,L2,L3,L2,L1,L2,L2,L1,C1_2,D1_2,F1_2,L3,L3,,,
111825,L3,L3,L2,L3,L2,L1,L2,L2,L1,C1_2,D1_2,F1_3,L1,L1,,,
111826,L3,L3,L2,L3,L2,L1,L2,L2,L1,C1_2,D1_2,F1_3,L1,L2,,,
111827,L3,L3,L2,L3,L2,L1,L2,L2,L1,C1_2,D1_2,F1_3,L1,L3,,,
111828,L3,L3,L2,L3,L2,L1,L2,L2,L1,C1_2,D1_2,F1_3,L2,L1,,,
111829,L3,L3,L2,L3,L2,L1,L2,L2,L1,C1_2,D1_2,F1_3,L2,L2,,,
111830,L3,L3,L2,L3,L2,L1,L2,L2,L1,C1_2,D1_2,F1_3,L2,L3,,,
111831,L3,L3,L2,L3,L2,L1,L2,L2,L1,C1_2,D1_2,F1_3,L3,L1,,,
111832,L3,L3,L2,L3,L2,L1,L2,L2,L1,C1_2,D1_2,F1_3,L3,L2,,,
111833,L3,L3,L2,L3,L2,L1,L2,L2,L1,C1_2,D1_2,F1_3,L3,L3,,,
111834,L3,L3,L2,L3,L2,L1,L2,L2,L1,C1_2,D1_3,F1_1,L1,L1,,,
111835,L3,L3,L2,L3,L2,L1,L2,L2,L1,C1_2,D1_3,F1_1,L1,L2,,,
111836,L3,L3,L2,L3,L2,L1,L2,L2,L1,C1_2,D1_3,F1_1,L1,L3,,,
111837,L3,L3,L2,L3,L2,L1,L2,L2,L1,C1_2,D1_3,F1_1,L2,L1,,,
111838,L3,L3,L2,L3,L2,L1,L2,L2,L1,C1_2,D1_3,F1_1,L2,L2,,,
111839,L3,L3,L2,L3,L2,L1,L2,L2,L1,C1_2,D1_3,F1_1,L2,L3,,,
111840,L3,L3,L2,L3,L2,L1,L2,L2,L1,C1_2,D1_3,F1_1,L3,L1,,,
111841,L3,L3,L2,L3,L2,L1,L2,L2,L1,C1_2,D1_3,F1_1,L3,L2,,,
111842,L3,L3,L2,L3,L2,L1,L2,L2,L1,C1_2,D1_3,F1_1,L3,L3,,,
111843,L3,L3,L2,L3,L2,L1,L2,L2,L1,C1_2,D1_3,F1_2,L1,L1,,,
111844,L3,L3,L2,L3,L2,L1,L2,L2,L1,C1_2,D1_3,F1_2,L1,L2,,,
111845,L3,L3,L2,L3,L2,L1,L2,L2,L1,C1_2,D1_3,F1_2,L1,L3,,,
111846,L3,L3,L2,L3,L2,L1,L2,L2,L1,C1_2,D1_3,F1_2,L2,L1,,,
111847,L3,L3,L2,L3,L2,L1,L2,L2,L1,C1_2,D1_3,F1_2,L2,L2,,,
111848,L3,L3,L2,L3,L2,L1,L2,L2,L1,C1_2,D1_3,F1_2,L2,L3,,,
111849,L3,L3,L2,L3,L2,L1,L2,L2,L1,C1_2,D1_3,F1_2,L3,L1,,,
111850,L3,L3,L2,L3,L2,L1,L2,L2,L1,C1_2,D1_3,F1_2,L3,L2,,,
111851,L3,L3,L2,L3,L2,L1,L2,L2,L1,C1_2,D1_3,F1_2,L3,L3,,,
111852,L3,L3,L2,L3,L2,L1,L2,L2,L1,C1_2,D1_3,F1_3,L1,L1,,,
111853,L3,L3,L2,L3,L2,L1,L2,L2,L1,C1_2,D1_3,F1_3,L1,L2,,,
111854,L3,L3,L2,L3,L2,L1,L2,L2,L1,C1_2,D1_3,F1_3,L1,L3,,,
111855,L3,L3,L2,L3,L2,L1,L2,L2,L1,C1_2,D1_3,F1_3,L2,L1,,,
111856,L3,L3,L2,L3,L2,L1,L2,L2,L1,C1_2,D1_3,F1_3,L2,L2,,,
111857,L3,L3,L2,L3,L2,L1,L2,L2,L1,C1_2,D1_3,F1_3,L2,L3,,,
111858,L3,L3,L2,L3,L2,L1,L2,L2,L1,C1_2,D1_3,F1_3,L3,L1,,,
111859,L3,L3,L2,L3,L2,L1,L2,L2,L1,C1_2,D1_3,F1_3,L3,L2,,,
111860,L3,L3,L2,L3,L2,L1,L2,L2,L1,C1_2,D1_3,F1_3,L3,L3,,,
111861,L3,L3,L2,L3,L2,L1,L2,L2,L1,C1_3,D1_1,F1_1,L1,L1,,,
111862,L3,L3,L2,L3,L2,L1,L2,L2,L1,C1_3,D1_1,F1_1,L1,L2,,,
111863,L3,L3,L2,L3,L2,L1,L2,L2,L1,C1_3,D1_1,F1_1,L1,L3,,,
111864,L3,L3,L2,L3,L2,L1,L2,L2,L1,C1_3,D1_1,F1_1,L2,L1,,,
111865,L3,L3,L2,L3,L2,L1,L2,L2,L1,C1_3,D1_1,F1_1,L2,L2,,,
111866,L3,L3,L2,L3,L2,L1,L2,L2,L1,C1_3,D1_1,F1_1,L2,L3,,,
111867,L3,L3,L2,L3,L2,L1,L2,L2,L1,C1_3,D1_1,F1_1,L3,L1,,,
111868,L3,L3,L2,L3,L2,L1,L2,L2,L1,C1_3,D1_1,F1_1,L3,L2,,,
111869,L3,L3,L2,L3,L2,L1,L2,L2,L1,C1_3,D1_1,F1_1,L3,L3,,,
111870,L3,L3,L2,L3,L2,L1,L2,L2,L1,C1_3,D1_1,F1_2,L1,L1,,,
111871,L3,L3,L2,L3,L2,L1,L2,L2,L1,C1_3,D1_1,F1_2,L1,L2,,,
111872,L3,L3,L2,L3,L2,L1,L2,L2,L1,C1_3,D1_1,F1_2,L1,L3,,,
111873,L3,L3,L2,L3,L2,L1,L2,L2,L1,C1_3,D1_1,F1_2,L2,L1,,,
111874,L3,L3,L2,L3,L2,L1,L2,L2,L1,C1_3,D1_1,F1_2,L2,L2,,,
111875,L3,L3,L2,L3,L2,L1,L2,L2,L1,C1_3,D1_1,F1_2,L2,L3,,,
111876,L3,L3,L2,L3,L2,L1,L2,L2,L1,C1_3,D1_1,F1_2,L3,L1,,,
111877,L3,L3,L2,L3,L2,L1,L2,L2,L1,C1_3,D1_1,F1_2,L3,L2,,,
111878,L3,L3,L2,L3,L2,L1,L2,L2,L1,C1_3,D1_1,F1_2,L3,L3,,,
111879,L3,L3,L2,L3,L2,L1,L2,L2,L1,C1_3,D1_1,F1_3,L1,L1,,,
111880,L3,L3,L2,L3,L2,L1,L2,L2,L1,C1_3,D1_1,F1_3,L1,L2,,,
111881,L3,L3,L2,L3,L2,L1,L2,L2,L1,C1_3,D1_1,F1_3,L1,L3,,,
111882,L3,L3,L2,L3,L2,L1,L2,L2,L1,C1_3,D1_1,F1_3,L2,L1,,,
111883,L3,L3,L2,L3,L2,L1,L2,L2,L1,C1_3,D1_1,F1_3,L2,L2,,,
111884,L3,L3,L2,L3,L2,L1,L2,L2,L1,C1_3,D1_1,F1_3,L2,L3,,,
111885,L3,L3,L2,L3,L2,L1,L2,L2,L1,C1_3,D1_1,F1_3,L3,L1,,,
111886,L3,L3,L2,L3,L2,L1,L2,L2,L1,C1_3,D1_1,F1_3,L3,L2,,,
111887,L3,L3,L2,L3,L2,L1,L2,L2,L1,C1_3,D1_1,F1_3,L3,L3,,,
111888,L3,L3,L2,L3,L2,L1,L2,L2,L1,C1_3,D1_2,F1_1,L1,L1,,,
111889,L3,L3,L2,L3,L2,L1,L2,L2,L1,C1_3,D1_2,F1_1,L1,L2,,,
111890,L3,L3,L2,L3,L2,L1,L2,L2,L1,C1_3,D1_2,F1_1,L1,L3,,,
111891,L3,L3,L2,L3,L2,L1,L2,L2,L1,C1_3,D1_2,F1_1,L2,L1,,,
111892,L3,L3,L2,L3,L2,L1,L2,L2,L1,C1_3,D1_2,F1_1,L2,L2,,,
111893,L3,L3,L2,L3,L2,L1,L2,L2,L1,C1_3,D1_2,F1_1,L2,L3,,,
111894,L3,L3,L2,L3,L2,L1,L2,L2,L1,C1_3,D1_2,F1_1,L3,L1,,,
111895,L3,L3,L2,L3,L2,L1,L2,L2,L1,C1_3,D1_2,F1_1,L3,L2,,,
111896,L3,L3,L2,L3,L2,L1,L2,L2,L1,C1_3,D1_2,F1_1,L3,L3,,,
111897,L3,L3,L2,L3,L2,L1,L2,L2,L1,C1_3,D1_2,F1_2,L1,L1,,,
111898,L3,L3,L2,L3,L2,L1,L2,L2,L1,C1_3,D1_2,F1_2,L1,L2,,,
111899,L3,L3,L2,L3,L2,L1,L2,L2,L1,C1_3,D1_2,F1_2,L1,L3,,,
111900,L3,L3,L2,L3,L2,L1,L2,L2,L1,C1_3,D1_2,F1_2,L2,L1,,,
111901,L3,L3,L2,L3,L2,L1,L2,L2,L1,C1_3,D1_2,F1_2,L2,L2,,,
111902,L3,L3,L2,L3,L2,L1,L2,L2,L1,C1_3,D1_2,F1_2,L2,L3,,,
111903,L3,L3,L2,L3,L2,L1,L2,L2,L1,C1_3,D1_2,F1_2,L3,L1,,,
111904,L3,L3,L2,L3,L2,L1,L2,L2,L1,C1_3,D1_2,F1_2,L3,L2,,,
111905,L3,L3,L2,L3,L2,L1,L2,L2,L1,C1_3,D1_2,F1_2,L3,L3,,,
111906,L3,L3,L2,L3,L2,L1,L2,L2,L1,C1_3,D1_2,F1_3,L1,L1,,,
111907,L3,L3,L2,L3,L2,L1,L2,L2,L1,C1_3,D1_2,F1_3,L1,L2,,,
111908,L3,L3,L2,L3,L2,L1,L2,L2,L1,C1_3,D1_2,F1_3,L1,L3,,,
111909,L3,L3,L2,L3,L2,L1,L2,L2,L1,C1_3,D1_2,F1_3,L2,L1,,,
111910,L3,L3,L2,L3,L2,L1,L2,L2,L1,C1_3,D1_2,F1_3,L2,L2,,,
111911,L3,L3,L2,L3,L2,L1,L2,L2,L1,C1_3,D1_2,F1_3,L2,L3,,,
111912,L3,L3,L2,L3,L2,L1,L2,L2,L1,C1_3,D1_2,F1_3,L3,L1,,,
111913,L3,L3,L2,L3,L2,L1,L2,L2,L1,C1_3,D1_2,F1_3,L3,L2,,,
111914,L3,L3,L2,L3,L2,L1,L2,L2,L1,C1_3,D1_2,F1_3,L3,L3,,,
111915,L3,L3,L2,L3,L2,L1,L2,L2,L1,C1_3,D1_3,F1_1,L1,L1,,,
111916,L3,L3,L2,L3,L2,L1,L2,L2,L1,C1_3,D1_3,F1_1,L1,L2,,,
111917,L3,L3,L2,L3,L2,L1,L2,L2,L1,C1_3,D1_3,F1_1,L1,L3,,,
111918,L3,L3,L2,L3,L2,L1,L2,L2,L1,C1_3,D1_3,F1_1,L2,L1,,,
111919,L3,L3,L2,L3,L2,L1,L2,L2,L1,C1_3,D1_3,F1_1,L2,L2,,,
111920,L3,L3,L2,L3,L2,L1,L2,L2,L1,C1_3,D1_3,F1_1,L2,L3,,,
111921,L3,L3,L2,L3,L2,L1,L2,L2,L1,C1_3,D1_3,F1_1,L3,L1,,,
111922,L3,L3,L2,L3,L2,L1,L2,L2,L1,C1_3,D1_3,F1_1,L3,L2,,,
111923,L3,L3,L2,L3,L2,L1,L2,L2,L1,C1_3,D1_3,F1_1,L3,L3,,,
111924,L3,L3,L2,L3,L2,L1,L2,L2,L1,C1_3,D1_3,F1_2,L1,L1,,,
111925,L3,L3,L2,L3,L2,L1,L2,L2,L1,C1_3,D1_3,F1_2,L1,L2,,,
111926,L3,L3,L2,L3,L2,L1,L2,L2,L1,C1_3,D1_3,F1_2,L1,L3,,,
111927,L3,L3,L2,L3,L2,L1,L2,L2,L1,C1_3,D1_3,F1_2,L2,L1,,,
111928,L3,L3,L2,L3,L2,L1,L2,L2,L1,C1_3,D1_3,F1_2,L2,L2,,,
111929,L3,L3,L2,L3,L2,L1,L2,L2,L1,C1_3,D1_3,F1_2,L2,L3,,,
111930,L3,L3,L2,L3,L2,L1,L2,L2,L1,C1_3,D1_3,F1_2,L3,L1,,,
111931,L3,L3,L2,L3,L2,L1,L2,L2,L1,C1_3,D1_3,F1_2,L3,L2,,,
111932,L3,L3,L2,L3,L2,L1,L2,L2,L1,C1_3,D1_3,F1_2,L3,L3,,,
111933,L3,L3,L2,L3,L2,L1,L2,L2,L1,C1_3,D1_3,F1_3,L1,L1,,,
111934,L3,L3,L2,L3,L2,L1,L2,L2,L1,C1_3,D1_3,F1_3,L1,L2,,,
111935,L3,L3,L2,L3,L2,L1,L2,L2,L1,C1_3,D1_3,F1_3,L1,L3,,,
111936,L3,L3,L2,L3,L2,L1,L2,L2,L1,C1_3,D1_3,F1_3,L2,L1,,,
111937,L3,L3,L2,L3,L2,L1,L2,L2,L1,C1_3,D1_3,F1_3,L2,L2,,,
111938,L3,L3,L2,L3,L2,L1,L2,L2,L1,C1_3,D1_3,F1_3,L2,L3,,,
111939,L3,L3,L2,L3,L2,L1,L2,L2,L1,C1_3,D1_3,F1_3,L3,L1,,,
111940,L3,L3,L2,L3,L2,L1,L2,L2,L1,C1_3,D1_3,F1_3,L3,L2,,,
111941,L3,L3,L2,L3,L2,L1,L2,L2,L1,C1_3,D1_3,F1_3,L3,L3,,,
173340,L2,L2,L3,L3,L1,L1,L2,L2,L1,C1_1,D1_1,F1_1,L1,L1,,,
173341,L2,L2,L3,L3,L1,L1,L2,L2,L1,C1_1,D1_1,F1_1,L1,L2,,,
173342,L2,L2,L3,L3,L1,L1,L2,L2,L1,C1_1,D1_1,F1_1,L1,L3,,,
173343,L2,L2,L3,L3,L1,L1,L2,L2,L1,C1_1,D1_1,F1_1,L2,L1,,,
173344,L2,L2,L3,L3,L1,L1,L2,L2,L1,C1_1,D1_1,F1_1,L2,L2,,,
173345,L2,L2,L3,L3,L1,L1,L2,L2,L1,C1_1,D1_1,F1_1,L2,L3,,,
173346,L2,L2,L3,L3,L1,L1,L2,L2,L1,C1_1,D1_1,F1_1,L3,L1,,,
173347,L2,L2,L3,L3,L1,L1,L2,L2,L1,C1_1,D1_1,F1_1,L3,L2,,,
173348,L2,L2,L3,L3,L1,L1,L2,L2,L1,C1_1,D1_1,F1_1,L3,L3,,,
173349,L2,L2,L3,L3,L1,L1,L2,L2,L1,C1_1,D1_1,F1_2,L1,L1,,,
173350,L2,L2,L3,L3,L1,L1,L2,L2,L1,C1_1,D1_1,F1_2,L1,L2,,,
173351,L2,L2,L3,L3,L1,L1,L2,L2,L1,C1_1,D1_1,F1_2,L1,L3,,,
173352,L2,L2,L3,L3,L1,L1,L2,L2,L1,C1_1,D1_1,F1_2,L2,L1,,,
173353,L2,L2,L3,L3,L1,L1,L2,L2,L1,C1_1,D1_1,F1_2,L2,L2,,,
173354,L2,L2,L3,L3,L1,L1,L2,L2,L1,C1_1,D1_1,F1_2,L2,L3,,,
173355,L2,L2,L3,L3,L1,L1,L2,L2,L1,C1_1,D1_1,F1_2,L3,L1,,,
173356,L2,L2,L3,L3,L1,L1,L2,L2,L1,C1_1,D1_1,F1_2,L3,L2,,,
173357,L2,L2,L3,L3,L1,L1,L2,L2,L1,C1_1,D1_1,F1_2,L3,L3,,,
173358,L2,L2,L3,L3,L1,L1,L2,L2,L1,C1_1,D1_1,F1_3,L1,L1,,,
173359,L2,L2,L3,L3,L1,L1,L2,L2,L1,C1_1,D1_1,F1_3,L1,L2,,,
173360,L2,L2,L3,L3,L1,L1,L2,L2,L1,C1_1,D1_1,F1_3,L1,L3,,,
173361,L2,L2,L3,L3,L1,L1,L2,L2,L1,C1_1,D1_1,F1_3,L2,L1,,,
173362,L2,L2,L3,L3,L1,L1,L2,L2,L1,C1_1,D1_1,F1_3,L2,L2,,,
173363,L2,L2,L3,L3,L1,L1,L2,L2,L1,C1_1,D1_1,F1_3,L2,L3,,,
173364,L2,L2,L3,L3,L1,L1,L2,L2,L1,C1_1,D1_1,F1_3,L3,L1,,,
173365,L2,L2,L3,L3,L1,L1,L2,L2,L1,C1_1,D1_1,F1_3,L3,L2,,,
173366,L2,L2,L3,L3,L1,L1,L2,L2,L1,C1_1,D1_1,F1_3,L3,L3,,,
173367,L2,L2,L3,L3,L1,L1,L2,L2,L1,C1_1,D1_2,F1_1,L1,L1,,,
173368,L2,L2,L3,L3,L1,L1,L2,L2,L1,C1_1,D1_2,F1_1,L1,L2,,,
173369,L2,L2,L3,L3,L1,L1,L2,L2,L1,C1_1,D1_2,F1_1,L1,L3,,,
173370,L2,L2,L3,L3,L1,L1,L2,L2,L1,C1_1,D1_2,F1_1,L2,L1,,,
173371,L2,L2,L3,L3,L1,L1,L2,L2,L1,C1_1,D1_2,F1_1,L2,L2,,,
173372,L2,L2,L3,L3,L1,L1,L2,L2,L1,C1_1,D1_2,F1_1,L2,L3,,,
173373,L2,L2,L3,L3,L1,L1,L2,L2,L1,C1_1,D1_2,F1_1,L3,L1,,,
173374,L2,L2,L3,L3,L1,L1,L2,L2,L1,C1_1,D1_2,F1_1,L3,L2,,,
173375,L2,L2,L3,L3,L1,L1,L2,L2,L1,C1_1,D1_2,F1_1,L3,L3,,,
173376,L2,L2,L3,L3,L1,L1,L2,L2,L1,C1_1,D1_2,F1_2,L1,L1,,,
173377,L2,L2,L3,L3,L1,L1,L2,L2,L1,C1_1,D1_2,F1_2,L1,L2,,,
173378,L2,L2,L3,L3,L1,L1,L2,L2,L1,C1_1,D1_2,F1_2,L1,L3,,,
173379,L2,L2,L3,L3,L1,L1,L2,L2,L1,C1_1,D1_2,F1_2,L2,L1,,,
173380,L2,L2,L3,L3,L1,L1,L2,L2,L1,C1_1,D1_2,F1_2,L2,L2,,,
173381,L2,L2,L3,L3,L1,L1,L2,L2,L1,C1_1,D1_2,F1_2,L2,L3,,,
173382,L2,L2,L3,L3,L1,L1,L2,L2,L1,C1_1,D1_2,F1_2,L3,L1,,,
173383,L2,L2,L3,L3,L1,L1,L2,L2,L1,C1_1,D1_2,F1_2,L3,L2,,,
173384,L2,L2,L3,L3,L1,L1,L2,L2,L1,C1_1,D1_2,F1_2,L3,L3,,,
173385,L2,L2,L3,L3,L1,L1,L2,L2,L1,C1_1,D1_2,F1_3,L1,L1,,,
173386,L2,L2,L3,L3,L1,L1,L2,L2,L1,C1_1,D1_2,F1_3,L1,L2,,,
173387,L2,L2,L3,L3,L1,L1,L2,L2,L1,C1_1,D1_2,F1_3,L1,L3,,,
173388,L2,L2,L3,L3,L1,L1,L2,L2,L1,C1_1,D1_2,F1_3,L2,L1,,,
173389,L2,L2,L3,L3,L1,L1,L2,L2,L1,C1_1,D1_2,F1_3,L2,L2,,,
173390,L2,L2,L3,L3,L1,L1,L2,L2,L1,C1_1,D1_2,F1_3,L2,L3,,,
173391,L2,L2,L3,L3,L1,L1,L2,L2,L1,C1_1,D1_2,F1_3,L3,L1,,,
173392,L2,L2,L3,L3,L1,L1,L2,L2,L1,C1_1,D1_2,F1_3,L3,L2,,,
173393,L2,L2,L3,L3,L1,L1,L2,L2,L1,C1_1,D1_2,F1_3,L3,L3,,,
173394,L2,L2,L3,L3,L1,L1,L2,L2,L1,C1_1,D1_3,F1_1,L1,L1,,,
173395,L2,L2,L3,L3,L1,L1,L2,L2,L1,C1_1,D1_3,F1_1,L1,L2,,,
173396,L2,L2,L3,L3,L1,L1,L2,L2,L1,C1_1,D1_3,F1_1,L1,L3,,,
173397,L2,L2,L3,L3,L1,L1,L2,L2,L1,C1_1,D1_3,F1_1,L2,L1,,,
173398,L2,L2,L3,L3,L1,L1,L2,L2,L1,C1_1,D1_3,F1_1,L2,L2,,,
173399,L2,L2,L3,L3,L1,L1,L2,L2,L1,C1_1,D1_3,F1_1,L2,L3,,,
173400,L2,L2,L3,L3,L1,L1,L2,L2,L1,C1_1,D1_3,F1_1,L3,L1,,,
173401,L2,L2,L3,L3,L1,L1,L2,L2,L1,C1_1,D1_3,F1_1,L3,L2,,,
173402,L2,L2,L3,L3,L1,L1,L2,L2,L1,C1_1,D1_3,F1_1,L3,L3,,,
173403,L2,L2,L3,L3,L1,L1,L2,L2,L1,C1_1,D1_3,F1_2,L1,L1,,,
173404,L2,L2,L3,L3,L1,L1,L2,L2,L1,C1_1,D1_3,F1_2,L1,L2,,,
173405,L2,L2,L3,L3,L1,L1,L2,L2,L1,C1_1,D1_3,F1_2,L1,L3,,,
173406,L2,L2,L3,L3,L1,L1,L2,L2,L1,C1_1,D1_3,F1_2,L2,L1,,,
173407,L2,L2,L3,L3,L1,L1,L2,L2,L1,C1_1,D1_3,F1_2,L2,L2,,,
173408,L2,L2,L3,L3,L1,L1,L2,L2,L1,C1_1,D1_3,F1_2,L2,L3,,,
173409,L2,L2,L3,L3,L1,L1,L2,L2,L1,C1_1,D1_3,F1_2,L3,L1,,,
173410,L2,L2,L3,L3,L1,L1,L2,L2,L1,C1_1,D1_3,F1_2,L3,L2,,,
173411,L2,L2,L3,L3,L1,L1,L2,L2,L1,C1_1,D1_3,F1_2,L3,L3,,,
173412,L2,L2,L3,L3,L1,L1,L2,L2,L1,C1_1,D1_3,F1_3,L1,L1,,,
173413,L2,L2,L3,L3,L1,L1,L2,L2,L1,C1_1,D1_3,F1_3,L1,L2,,,
173414,L2,L2,L3,L3,L1,L1,L2,L2,L1,C1_1,D1_3,F1_3,L1,L3,,,
173415,L2,L2,L3,L3,L1,L1,L2,L2,L1,C1_1,D1_3,F1_3,L2,L1,,,
173416,L2,L2,L3,L3,L1,L1,L2,L2,L1,C1_1,D1_3,F1_3,L2,L2,,,
173417,L2,L2,L3,L3,L1,L1,L2,L2,L1,C1_1,D1_3,F1_3,L2,L3,,,
173418,L2,L2,L3,L3,L1,L1,L2,L2,L1,C1_1,D1_3,F1_3,L3,L1,,,
173419,L2,L2,L3,L3,L1,L1,L2,L2,L1,C1_1,D1_3,F1_3,L3,L2,,,
173420,L2,L2,L3,L3,L1,L1,L2,L2,L1,C1_1,D1_3,F1_3,L3,L3,,,
173421,L2,L2,L3,L3,L1,L1,L2,L2,L1,C1_2,D1_1,F1_1,L1,L1,,,
173422,L2,L2,L3,L3,L1,L1,L2,L2,L1,C1_2,D1_1,F1_1,L1,L2,,,
173423,L2,L2,L3,L3,L1,L1,L2,L2,L1,C1_2,D1_1,F1_1,L1,L3,,,
173424,L2,L2,L3,L3,L1,L1,L2,L2,L1,C1_2,D1_1,F1_1,L2,L1,,,
173425,L2,L2,L3,L3,L1,L1,L2,L2,L1,C1_2,D1_1,F1_1,L2,L2,,,
173426,L2,L2,L3,L3,L1,L1,L2,L2,L1,C1_2,D1_1,F1_1,L2,L3,,,
173427,L2,L2,L3,L3,L1,L1,L2,L2,L1,C1_2,D1_1,F1_1,L3,L1,,,
173428,L2,L2,L3,L3,L1,L1,L2,L2,L1,C1_2,D1_1,F1_1,L3,L2,,,
173429,L2,L2,L3,L3,L1,L1,L2,L2,L1,C1_2,D1_1,F1_1,L3,L3,,,
173430,L2,L2,L3,L3,L1,L1,L2,L2,L1,C1_2,D1_1,F1_2,L1,L1,,,
173431,L2,L2,L3,L3,L1,L1,L2,L2,L1,C1_2,D1_1,F1_2,L1,L2,,,
173432,L2,L2,L3,L3,L1,L1,L2,L2,L1,C1_2,D1_1,F1_2,L1,L3,,,
173433,L2,L2,L3,L3,L1,L1,L2,L2,L1,C1_2,D1_1,F1_2,L2,L1,,,
173434,L2,L2,L3,L3,L1,L1,L2,L2,L1,C1_2,D1_1,F1_2,L2,L2,,,
173435,L2,L2,L3,L3,L1,L1,L2,L2,L1,C1_2,D1_1,F1_2,L2,L3,,,
173436,L2,L2,L3,L3,L1,L1,L2,L2,L1,C1_2,D1_1,F1_2,L3,L1,,,
173437,L2,L2,L3,L3,L1,L1,L2,L2,L1,C1_2,D1_1,F1_2,L3,L2,,,
173438,L2,L2,L3,L3,L1,L1,L2,L2,L1,C1_2,D1_1,F1_2,L3,L3,,,
173439,L2,L2,L3,L3,L1,L1,L2,L2,L1,C1_2,D1_1,F1_3,L1,L1,,,
173440,L2,L2,L3,L3,L1,L1,L2,L2,L1,C1_2,D1_1,F1_3,L1,L2,,,
173441,L2,L2,L3,L3,L1,L1,L2,L2,L1,C1_2,D1_1,F1_3,L1,L3,,,
173442,L2,L2,L3,L3,L1,L1,L2,L2,L1,C1_2,D1_1,F1_3,L2,L1,,,
173443,L2,L2,L3,L3,L1,L1,L2,L2,L1,C1_2,D1_1,F1_3,L2,L2,,,
173444,L2,L2,L3,L3,L1,L1,L2,L2,L1,C1_2,D1_1,F1_3,L2,L3,,,
173445,L2,L2,L3,L3,L1,L1,L2,L2,L1,C1_2,D1_1,F1_3,L3,L1,,,
173446,L2,L2,L3,L3,L1,L1,L2,L2,L1,C1_2,D1_1,F1_3,L3,L2,,,
173447,L2,L2,L3,L3,L1,L1,L2,L2,L1,C1_2,D1_1,F1_3,L3,L3,,,
173448,L2,L2,L3,L3,L1,L1,L2,L2,L1,C1_2,D1_2,F1_1,L1,L1,,,
173449,L2,L2,L3,L3,L1,L1,L2,L2,L1,C1_2,D1_2,F1_1,L1,L2,,,
173450,L2,L2,L3,L3,L1,L1,L2,L2,L1,C1_2,D1_2,F1_1,L1,L3,,,
173451,L2,L2,L3,L3,L1,L1,L2,L2,L1,C1_2,D1_2,F1_1,L2,L1,,,
173452,L2,L2,L3,L3,L1,L1,L2,L2,L1,C1_2,D1_2,F1_1,L2,L2,,,
173453,L2,L2,L3,L3,L1,L1,L2,L2,L1,C1_2,D1_2,F1_1,L2,L3,,,
173454,L2,L2,L3,L3,L1,L1,L2,L2,L1,C1_2,D1_2,F1_1,L3,L1,,,
173455,L2,L2,L3,L3,L1,L1,L2,L2,L1,C1_2,D1_2,F1_1,L3,L2,,,
173456,L2,L2,L3,L3,L1,L1,L2,L2,L1,C1_2,D1_2,F1_1,L3,L3,,,
173457,L2,L2,L3,L3,L1,L1,L2,L2,L1,C1_2,D1_2,F1_2,L1,L1,,,
173458,L2,L2,L3,L3,L1,L1,L2,L2,L1,C1_2,D1_2,F1_2,L1,L2,,,
173459,L2,L2,L3,L3,L1,L1,L2,L2,L1,C1_2,D1_2,F1_2,L1,L3,,,
173460,L2,L2,L3,L3,L1,L1,L2,L2,L1,C1_2,D1_2,F1_2,L2,L1,,,
173461,L2,L2,L3,L3,L1,L1,L2,L2,L1,C1_2,D1_2,F1_2,L2,L2,,,
173462,L2,L2,L3,L3,L1,L1,L2,L2,L1,C1_2,D1_2,F1_2,L2,L3,,,
173463,L2,L2,L3,L3,L1,L1,L2,L2,L1,C1_2,D1_2,F1_2,L3,L1,,,
173464,L2,L2,L3,L3,L1,L1,L2,L2,L1,C1_2,D1_2,F1_2,L3,L2,,,
173465,L2,L2,L3,L3,L1,L1,L2,L2,L1,C1_2,D1_2,F1_2,L3,L3,,,
173466,L2,L2,L3,L3,L1,L1,L2,L2,L1,C1_2,D1_2,F1_3,L1,L1,,,
173467,L2,L2,L3,L3,L1,L1,L2,L2,L1,C1_2,D1_2,F1_3,L1,L2,,,
173468,L2,L2,L3,L3,L1,L1,L2,L2,L1,C1_2,D1_2,F1_3,L1,L3,,,
173469,L2,L2,L3,L3,L1,L1,L2,L2,L1,C1_2,D1_2,F1_3,L2,L1,,,
173470,L2,L2,L3,L3,L1,L1,L2,L2,L1,C1_2,D1_2,F1_3,L2,L2,,,
173471,L2,L2,L3,L3,L1,L1,L2,L2,L1,C1_2,D1_2,F1_3,L2,L3,,,
173472,L2,L2,L3,L3,L1,L1,L2,L2,L1,C1_2,D1_2,F1_3,L3,L1,,,
173473,L2,L2,L3,L3,L1,L1,L2,L2,L1,C1_2,D1_2,F1_3,L3,L2,,,
173474,L2,L2,L3,L3,L1,L1,L2,L2,L1,C1_2,D1_2,F1_3,L3,L3,,,
173475,L2,L2,L3,L3,L1,L1,L2,L2,L1,C1_2,D1_3,F1_1,L1,L1,,,
173476,L2,L2,L3,L3,L1,L1,L2,L2,L1,C1_2,D1_3,F1_1,L1,L2,,,
173477,L2,L2,L3,L3,L1,L1,L2,L2,L1,C1_2,D1_3,F1_1,L1,L3,,,
173478,L2,L2,L3,L3,L1,L1,L2,L2,L1,C1_2,D1_3,F1_1,L2,L1,,,
173479,L2,L2,L3,L3,L1,L1,L2,L2,L1,C1_2,D1_3,F1_1,L2,L2,,,
173480,L2,L2,L3,L3,L1,L1,L2,L2,L1,C1_2,D1_3,F1_1,L2,L3,,,
173481,L2,L2,L3,L3,L1,L1,L2,L2,L1,C1_2,D1_3,F1_1,L3,L1,,,
173482,L2,L2,L3,L3,L1,L1,L2,L2,L1,C1_2,D1_3,F1_1,L3,L2,,,
173483,L2,L2,L3,L3,L1,L1,L2,L2,L1,C1_2,D1_3,F1_1,L3,L3,,,
173484,L2,L2,L3,L3,L1,L1,L2,L2,L1,C1_2,D1_3,F1_2,L1,L1,,,
173485,L2,L2,L3,L3,L1,L1,L2,L2,L1,C1_2,D1_3,F1_2,L1,L2,,,
173486,L2,L2,L3,L3,L1,L1,L2,L2,L1,C1_2,D1_3,F1_2,L1,L3,,,
173487,L2,L2,L3,L3,L1,L1,L2,L2,L1,C1_2,D1_3,F1_2,L2,L1,,,
173488,L2,L2,L3,L3,L1,L1,L2,L2,L1,C1_2,D1_3,F1_2,L2,L2,,,
173489,L2,L2,L3,L3,L1,L1,L2,L2,L1,C1_2,D1_3,F1_2,L2,L3,,,
173490,L2,L2,L3,L3,L1,L1,L2,L2,L1,C1_2,D1_3,F1_2,L3,L1,,,
173491,L2,L2,L3,L3,L1,L1,L2,L2,L1,C1_2,D1_3,F1_2,L3,L2,,,
173492,L2,L2,L3,L3,L1,L1,L2,L2,L1,C1_2,D1_3,F1_2,L3,L3,,,
173493,L2,L2,L3,L3,L1,L1,L2,L2,L1,C1_2,D1_3,F1_3,L1,L1,,,
173494,L2,L2,L3,L3,L1,L1,L2,L2,L1,C1_2,D1_3,F1_3,L1,L2,,,
173495,L2,L2,L3,L3,L1,L1,L2,L2,L1,C1_2,D1_3,F1_3,L1,L3,,,
173496,L2,L2,L3,L3,L1,L1,L2,L2,L1,C1_2,D1_3,F1_3,L2,L1,,,
173497,L2,L2,L3,L3,L1,L1,L2,L2,L1,C1_2,D1_3,F1_3,L2,L2,,,
173498,L2,L2,L3,L3,L1,L1,L2,L2,L1,C1_2,D1_3,F1_3,L2,L3,,,
173499,L2,L2,L3,L3,L1,L1,L2,L2,L1,C1_2,D1_3,F1_3,L3,L1,,,
173500,L2,L2,L3,L3,L1,L1,L2,L2,L1,C1_2,D1_3,F1_3,L3,L2,,,
173501,L2,L2,L3,L3,L1,L1,L2,L2,L1,C1_2,D1_3,F1_3,L3,L3,,,
173502,L2,L2,L3,L3,L1,L1,L2,L2,L1,C1_3,D1_1,F1_1,L1,L1,,,
173503,L2,L2,L3,L3,L1,L1,L2,L2,L1,C1_3,D1_1,F1_1,L1,L2,,,
173504,L2,L2,L3,L3,L1,L1,L2,L2,L1,C1_3,D1_1,F1_1,L1,L3,,,
173505,L2,L2,L3,L3,L1,L1,L2,L2,L1,C1_3,D1_1,F1_1,L2,L1,,,
173506,L2,L2,L3,L3,L1,L1,L2,L2,L1,C1_3,D1_1,F1_1,L2,L2,,,
173507,L2,L2,L3,L3,L1,L1,L2,L2,L1,C1_3,D1_1,F1_1,L2,L3,,,
173508,L2,L2,L3,L3,L1,L1,L2,L2,L1,C1_3,D1_1,F1_1,L3,L1,,,
173509,L2,L2,L3,L3,L1,L1,L2,L2,L1,C1_3,D1_1,F1_1,L3,L2,,,
173510,L2,L2,L3,L3,L1,L1,L2,L2,L1,C1_3,D1_1,F1_1,L3,L3,,,
173511,L2,L2,L3,L3,L1,L1,L2,L2,L1,C1_3,D1_1,F1_2,L1,L1,,,
173512,L2,L2,L3,L3,L1,L1,L2,L2,L1,C1_3,D1_1,F1_2,L1,L2,,,
173513,L2,L2,L3,L3,L1,L1,L2,L2,L1,C1_3,D1_1,F1_2,L1,L3,,,
173514,L2,L2,L3,L3,L1,L1,L2,L2,L1,C1_3,D1_1,F1_2,L2,L1,,,
173515,L2,L2,L3,L3,L1,L1,L2,L2,L1,C1_3,D1_1,F1_2,L2,L2,,,
173516,L2,L2,L3,L3,L1,L1,L2,L2,L1,C1_3,D1_1,F1_2,L2,L3,,,
173517,L2,L2,L3,L3,L1,L1,L2,L2,L1,C1_3,D1_1,F1_2,L3,L1,,,
173518,L2,L2,L3,L3,L1,L1,L2,L2,L1,C1_3,D1_1,F1_2,L3,L2,,,
173519,L2,L2,L3,L3,L1,L1,L2,L2,L1,C1_3,D1_1,F1_2,L3,L3,,,
173520,L2,L2,L3,L3,L1,L1,L2,L2,L1,C1_3,D1_1,F1_3,L1,L1,,,
173521,L2,L2,L3,L3,L1,L1,L2,L2,L1,C1_3,D1_1,F1_3,L1,L2,,,
173522,L2,L2,L3,L3,L1,L1,L2,L2,L1,C1_3,D1_1,F1_3,L1,L3,,,
173523,L2,L2,L3,L3,L1,L1,L2,L2,L1,C1_3,D1_1,F1_3,L2,L1,,,
173524,L2,L2,L3,L3,L1,L1,L2,L2,L1,C1_3,D1_1,F1_3,L2,L2,,,
173525,L2,L2,L3,L3,L1,L1,L2,L2,L1,C1_3,D1_1,F1_3,L2,L3,,,
173526,L2,L2,L3,L3,L1,L1,L2,L2,L1,C1_3,D1_1,F1_3,L3,L1,,,
173527,L2,L2,L3,L3,L1,L1,L2,L2,L1,C1_3,D1_1,F1_3,L3,L2,,,
173528,L2,L2,L3,L3,L1,L1,L2,L2,L1,C1_3,D1_1,F1_3,L3,L3,,,
173529,L2,L2,L3,L3,L1,L1,L2,L2,L1,C1_3,D1_2,F1_1,L1,L1,,,
173530,L2,L2,L3,L3,L1,L1,L2,L2,L1,C1_3,D1_2,F1_1,L1,L2,,,
173531,L2,L2,L3,L3,L1,L1,L2,L2,L1,C1_3,D1_2,F1_1,L1,L3,,,
173532,L2,L2,L3,L3,L1,L1,L2,L2,L1,C1_3,D1_2,F1_1,L2,L1,,,
173533,L2,L2,L3,L3,L1,L1,L2,L2,L1,C1_3,D1_2,F1_1,L2,L2,,,
173534,L2,L2,L3,L3,L1,L1,L2,L2,L1,C1_3,D1_2,F1_1,L2,L3,,,
173535,L2,L2,L3,L3,L1,L1,L2,L2,L1,C1_3,D1_2,F1_1,L3,L1,,,
173536,L2,L2,L3,L3,L1,L1,L2,L2,L1,C1_3,D1_2,F1_1,L3,L2,,,
173537,L2,L2,L3,L3,L1,L1,L2,L2,L1,C1_3,D1_2,F1_1,L3,L3,,,
173538,L2,L2,L3,L3,L1,L1,L2,L2,L1,C1_3,D1_2,F1_2,L1,L1,,,
173539,L2,L2,L3,L3,L1,L1,L2,L2,L1,C1_3,D1_2,F1_2,L1,L2,,,
173540,L2,L2,L3,L3,L1,L1,L2,L2,L1,C1_3,D1_2,F1_2,L1,L3,,,
173541,L2,L2,L3,L3,L1,L1,L2,L2,L1,C1_3,D1_2,F1_2,L2,L1,,,
173542,L2,L2,L3,L3,L1,L1,L2,L2,L1,C1_3,D1_2,F1_2,L2,L2,,,
173543,L2,L2,L3,L3,L1,L1,L2,L2,L1,C1_3,D1_2,F1_2,L2,L3,,,
173544,L2,L2,L3,L3,L1,L1,L2,L2,L1,C1_3,D1_2,F1_2,L3,L1,,,
173545,L2,L2,L3,L3,L1,L1,L2,L2,L1,C1_3,D1_2,F1_2,L3,L2,,,
173546,L2,L2,L3,L3,L1,L1,L2,L2,L1,C1_3,D1_2,F1_2,L3,L3,,,
173547,L2,L2,L3,L3,L1,L1,L2,L2,L1,C1_3,D1_2,F1_3,L1,L1,,,
173548,L2,L2,L3,L3,L1,L1,L2,L2,L1,C1_3,D1_2,F1_3,L1,L2,,,
173549,L2,L2,L3,L3,L1,L1,L2,L2,L1,C1_3,D1_2,F1_3,L1,L3,,,
173550,L2,L2,L3,L3,L1,L1,L2,L2,L1,C1_3,D1_2,F1_3,L2,L1,,,
173551,L2,L2,L3,L3,L1,L1,L2,L2,L1,C1_3,D1_2,F1_3,L2,L2,,,
173552,L2,L2,L3,L3,L1,L1,L2,L2,L1,C1_3,D1_2,F1_3,L2,L3,,,
173553,L2,L2,L3,L3,L1,L1,L2,L2,L1,C1_3,D1_2,F1_3,L3,L1,,,
173554,L2,L2,L3,L3,L1,L1,L2,L2,L1,C1_3,D1_2,F1_3,L3,L2,,,
173555,L2,L2,L3,L3,L1,L1,L2,L2,L1,C1_3,D1_2,F1_3,L3,L3,,,
173556,L2,L2,L3,L3,L1,L1,L2,L2,L1,C1_3,D1_3,F1_1,L1,L1,,,
173557,L2,L2,L3,L3,L1,L1,L2,L2,L1,C1_3,D1_3,F1_1,L1,L2,,,
173558,L2,L2,L3,L3,L1,L1,L2,L2,L1,C1_3,D1_3,F1_1,L1,L3,,,
173559,L2,L2,L3,L3,L1,L1,L2,L2,L1,C1_3,D1_3,F1_1,L2,L1,,,
173560,L2,L2,L3,L3,L1,L1,L2,L2,L1,C1_3,D1_3,F1_1,L2,L2,,,
173561,L2,L2,L3,L3,L1,L1,L2,L2,L1,C1_3,D1_3,F1_1,L2,L3,,,
173562,L2,L2,L3,L3,L1,L1,L2,L2,L1,C1_3,D1_3,F1_1,L3,L1,,,
173563,L2,L2,L3,L3,L1,L1,L2,L2,L1,C1_3,D1_3,F1_1,L3,L2,,,
173564,L2,L2,L3,L3,L1,L1,L2,L2,L1,C1_3,D1_3,F1_1,L3,L3,,,
173565,L2,L2,L3,L3,L1,L1,L2,L2,L1,C1_3,D1_3,F1_2,L1,L1,,,
173566,L2,L2,L3,L3,L1,L1,L2,L2,L1,C1_3,D1_3,F1_2,L1,L2,,,
173567,L2,L2,L3,L3,L1,L1,L2,L2,L1,C1_3,D1_3,F1_2,L1,L3,,,
173568,L2,L2,L3,L3,L1,L1,L2,L2,L1,C1_3,D1_3,F1_2,L2,L1,,,
173569,L2,L2,L3,L3,L1,L1,L2,L2,L1,C1_3,D1_3,F1_2,L2,L2,,,
173570,L2,L2,L3,L3,L1,L1,L2,L2,L1,C1_3,D1_3,F1_2,L2,L3,,,
173571,L2,L2,L3,L3,L1,L1,L2,L2,L1,C1_3,D1_3,F1_2,L3,L1,,,
173572,L2,L2,L3,L3,L1,L1,L2,L2,L1,C1_3,D1_3,F1_2,L3,L2,,,
173573,L2,L2,L3,L3,L1,L1,L2,L2,L1,C1_3,D1_3,F1_2,L3,L3,,,
173574,L2,L2,L3,L3,L1,L1,L2,L2,L1,C1_3,D1_3,F1_3,L1,L1,,,
173575,L2,L2,L3,L3,L1,L1,L2,L2,L1,C1_3,D1_3,F1_3,L1,L2,,,
173576,L2,L2,L3,L3,L1,L1,L2,L2,L1,C1_3,D1_3,F1_3,L1,L3,,,
173577,L2,L2,L3,L3,L1,L1,L2,L2,L1,C1_3,D1_3,F1_3,L2,L1,,,
173578,L2,L2,L3,L3,L1,L1,L2,L2,L1,C1_3,D1_3,F1_3,L2,L2,,,
173579,L2,L2,L3,L3,L1,L1,L2,L2,L1,C1_3,D1_3,F1_3,L2,L3,,,
173580,L2,L2,L3,L3,L1,L1,L2,L2,L1,C1_3,D1_3,F1_3,L3,L1,,,
173581,L2,L2,L3,L3,L1,L1,L2,L2,L1,C1_3,D1_3,F1_3,L3,L2,,,
173582,L2,L2,L3,L3,L1,L1,L2,L2,L1,C1_3,D1_3,F1_3,L3,L3,,,
175851,L1,L2,L1,L2,L3,L1,L2,L2,L1,C1_1,D1_1,F1_1,L1,L1,,,
175852,L1,L2,L1,L2,L3,L1,L2,L2,L1,C1_1,D1_1,F1_1,L1,L2,,,
175853,L1,L2,L1,L2,L3,L1,L2,L2,L1,C1_1,D1_1,F1_1,L1,L3,,,
175854,L1,L2,L1,L2,L3,L1,L2,L2,L1,C1_1,D1_1,F1_1,L2,L1,,,
175855,L1,L2,L1,L2,L3,L1,L2,L2,L1,C1_1,D1_1,F1_1,L2,L2,,,
175856,L1,L2,L1,L2,L3,L1,L2,L2,L1,C1_1,D1_1,F1_1,L2,L3,,,
175857,L1,L2,L1,L2,L3,L1,L2,L2,L1,C1_1,D1_1,F1_1,L3,L1,,,
175858,L1,L2,L1,L2,L3,L1,L2,L2,L1,C1_1,D1_1,F1_1,L3,L2,,,
175859,L1,L2,L1,L2,L3,L1,L2,L2,L1,C1_1,D1_1,F1_1,L3,L3,,,
175860,L1,L2,L1,L2,L3,L1,L2,L2,L1,C1_1,D1_1,F1_2,L1,L1,,,
175861,L1,L2,L1,L2,L3,L1,L2,L2,L1,C1_1,D1_1,F1_2,L1,L2,,,
175862,L1,L2,L1,L2,L3,L1,L2,L2,L1,C1_1,D1_1,F1_2,L1,L3,,,
175863,L1,L2,L1,L2,L3,L1,L2,L2,L1,C1_1,D1_1,F1_2,L2,L1,,,
175864,L1,L2,L1,L2,L3,L1,L2,L2,L1,C1_1,D1_1,F1_2,L2,L2,,,
175865,L1,L2,L1,L2,L3,L1,L2,L2,L1,C1_1,D1_1,F1_2,L2,L3,,,
175866,L1,L2,L1,L2,L3,L1,L2,L2,L1,C1_1,D1_1,F1_2,L3,L1,,,
175867,L1,L2,L1,L2,L3,L1,L2,L2,L1,C1_1,D1_1,F1_2,L3,L2,,,
175868,L1,L2,L1,L2,L3,L1,L2,L2,L1,C1_1,D1_1,F1_2,L3,L3,,,
175869,L1,L2,L1,L2,L3,L1,L2,L2,L1,C1_1,D1_1,F1_3,L1,L1,,,
175870,L1,L2,L1,L2,L3,L1,L2,L2,L1,C1_1,D1_1,F1_3,L1,L2,,,
175871,L1,L2,L1,L2,L3,L1,L2,L2,L1,C1_1,D1_1,F1_3,L1,L3,,,
175872,L1,L2,L1,L2,L3,L1,L2,L2,L1,C1_1,D1_1,F1_3,L2,L1,,,
175873,L1,L2,L1,L2,L3,L1,L2,L2,L1,C1_1,D1_1,F1_3,L2,L2,,,
175874,L1,L2,L1,L2,L3,L1,L2,L2,L1,C1_1,D1_1,F1_3,L2,L3,,,
175875,L1,L2,L1,L2,L3,L1,L2,L2,L1,C1_1,D1_1,F1_3,L3,L1,,,
175876,L1,L2,L1,L2,L3,L1,L2,L2,L1,C1_1,D1_1,F1_3,L3,L2,,,
175877,L1,L2,L1,L2,L3,L1,L2,L2,L1,C1_1,D1_1,F1_3,L3,L3,,,
175878,L1,L2,L1,L2,L3,L1,L2,L2,L1,C1_1,D1_2,F1_1,L1,L1,,,
175879,L1,L2,L1,L2,L3,L1,L2,L2,L1,C1_1,D1_2,F1_1,L1,L2,,,
175880,L1,L2,L1,L2,L3,L1,L2,L2,L1,C1_1,D1_2,F1_1,L1,L3,,,
175881,L1,L2,L1,L2,L3,L1,L2,L2,L1,C1_1,D1_2,F1_1,L2,L1,,,
175882,L1,L2,L1,L2,L3,L1,L2,L2,L1,C1_1,D1_2,F1_1,L2,L2,,,
175883,L1,L2,L1,L2,L3,L1,L2,L2,L1,C1_1,D1_2,F1_1,L2,L3,,,
175884,L1,L2,L1,L2,L3,L1,L2,L2,L1,C1_1,D1_2,F1_1,L3,L1,,,
175885,L1,L2,L1,L2,L3,L1,L2,L2,L1,C1_1,D1_2,F1_1,L3,L2,,,
175886,L1,L2,L1,L2,L3,L1,L2,L2,L1,C1_1,D1_2,F1_1,L3,L3,,,
175887,L1,L2,L1,L2,L3,L1,L2,L2,L1,C1_1,D1_2,F1_2,L1,L1,,,
175888,L1,L2,L1,L2,L3,L1,L2,L2,L1,C1_1,D1_2,F1_2,L1,L2,,,
175889,L1,L2,L1,L2,L3,L1,L2,L2,L1,C1_1,D1_2,F1_2,L1,L3,,,
175890,L1,L2,L1,L2,L3,L1,L2,L2,L1,C1_1,D1_2,F1_2,L2,L1,,,
175891,L1,L2,L1,L2,L3,L1,L2,L2,L1,C1_1,D1_2,F1_2,L2,L2,,,
175892,L1,L2,L1,L2,L3,L1,L2,L2,L1,C1_1,D1_2,F1_2,L2,L3,,,
175893,L1,L2,L1,L2,L3,L1,L2,L2,L1,C1_1,D1_2,F1_2,L3,L1,,,
175894,L1,L2,L1,L2,L3,L1,L2,L2,L1,C1_1,D1_2,F1_2,L3,L2,,,
175895,L1,L2,L1,L2,L3,L1,L2,L2,L1,C1_1,D1_2,F1_2,L3,L3,,,
175896,L1,L2,L1,L2,L3,L1,L2,L2,L1,C1_1,D1_2,F1_3,L1,L1,,,
175897,L1,L2,L1,L2,L3,L1,L2,L2,L1,C1_1,D1_2,F1_3,L1,L2,,,
175898,L1,L2,L1,L2,L3,L1,L2,L2,L1,C1_1,D1_2,F1_3,L1,L3,,,
175899,L1,L2,L1,L2,L3,L1,L2,L2,L1,C1_1,D1_2,F1_3,L2,L1,,,
175900,L1,L2,L1,L2,L3,L1,L2,L2,L1,C1_1,D1_2,F1_3,L2,L2,,,
175901,L1,L2,L1,L2,L3,L1,L2,L2,L1,C1_1,D1_2,F1_3,L2,L3,,,
175902,L1,L2,L1,L2,L3,L1,L2,L2,L1,C1_1,D1_2,F1_3,L3,L1,,,
175903,L1,L2,L1,L2,L3,L1,L2,L2,L1,C1_1,D1_2,F1_3,L3,L2,,,
175904,L1,L2,L1,L2,L3,L1,L2,L2,L1,C1_1,D1_2,F1_3,L3,L3,,,
175905,L1,L2,L1,L2,L3,L1,L2,L2,L1,C1_1,D1_3,F1_1,L1,L1,,,
175906,L1,L2,L1,L2,L3,L1,L2,L2,L1,C1_1,D1_3,F1_1,L1,L2,,,
175907,L1,L2,L1,L2,L3,L1,L2,L2,L1,C1_1,D1_3,F1_1,L1,L3,,,
175908,L1,L2,L1,L2,L3,L1,L2,L2,L1,C1_1,D1_3,F1_1,L2,L1,,,
175909,L1,L2,L1,L2,L3,L1,L2,L2,L1,C1_1,D1_3,F1_1,L2,L2,,,
175910,L1,L2,L1,L2,L3,L1,L2,L2,L1,C1_1,D1_3,F1_1,L2,L3,,,
175911,L1,L2,L1,L2,L3,L1,L2,L2,L1,C1_1,D1_3,F1_1,L3,L1,,,
175912,L1,L2,L1,L2,L3,L1,L2,L2,L1,C1_1,D1_3,F1_1,L3,L2,,,
175913,L1,L2,L1,L2,L3,L1,L2,L2,L1,C1_1,D1_3,F1_1,L3,L3,,,
175914,L1,L2,L1,L2,L3,L1,L2,L2,L1,C1_1,D1_3,F1_2,L1,L1,,,
175915,L1,L2,L1,L2,L3,L1,L2,L2,L1,C1_1,D1_3,F1_2,L1,L2,,,
175916,L1,L2,L1,L2,L3,L1,L2,L2,L1,C1_1,D1_3,F1_2,L1,L3,,,
175917,L1,L2,L1,L2,L3,L1,L2,L2,L1,C1_1,D1_3,F1_2,L2,L1,,,
175918,L1,L2,L1,L2,L3,L1,L2,L2,L1,C1_1,D1_3,F1_2,L2,L2,,,
175919,L1,L2,L1,L2,L3,L1,L2,L2,L1,C1_1,D1_3,F1_2,L2,L3,,,
175920,L1,L2,L1,L2,L3,L1,L2,L2,L1,C1_1,D1_3,F1_2,L3,L1,,,
175921,L1,L2,L1,L2,L3,L1,L2,L2,L1,C1_1,D1_3,F1_2,L3,L2,,,
175922,L1,L2,L1,L2,L3,L1,L2,L2,L1,C1_1,D1_3,F1_2,L3,L3,,,
175923,L1,L2,L1,L2,L3,L1,L2,L2,L1,C1_1,D1_3,F1_3,L1,L1,,,
175924,L1,L2,L1,L2,L3,L1,L2,L2,L1,C1_1,D1_3,F1_3,L1,L2,,,
175925,L1,L2,L1,L2,L3,L1,L2,L2,L1,C1_1,D1_3,F1_3,L1,L3,,,
175926,L1,L2,L1,L2,L3,L1,L2,L2,L1,C1_1,D1_3,F1_3,L2,L1,,,
175927,L1,L2,L1,L2,L3,L1,L2,L2,L1,C1_1,D1_3,F1_3,L2,L2,,,
175928,L1,L2,L1,L2,L3,L1,L2,L2,L1,C1_1,D1_3,F1_3,L2,L3,,,
175929,L1,L2,L1,L2,L3,L1,L2,L2,L1,C1_1,D1_3,F1_3,L3,L1,,,
175930,L1,L2,L1,L2,L3,L1,L2,L2,L1,C1_1,D1_3,F1_3,L3,L2,,,
175931,L1,L2,L1,L2,L3,L1,L2,L2,L1,C1_1,D1_3,F1_3,L3,L3,,,
175932,L1,L2,L1,L2,L3,L1,L2,L2,L1,C1_2,D1_1,F1_1,L1,L1,,,
175933,L1,L2,L1,L2,L3,L1,L2,L2,L1,C1_2,D1_1,F1_1,L1,L2,,,
175934,L1,L2,L1,L2,L3,L1,L2,L2,L1,C1_2,D1_1,F1_1,L1,L3,,,
175935,L1,L2,L1,L2,L3,L1,L2,L2,L1,C1_2,D1_1,F1_1,L2,L1,,,
175936,L1,L2,L1,L2,L3,L1,L2,L2,L1,C1_2,D1_1,F1_1,L2,L2,,,
175937,L1,L2,L1,L2,L3,L1,L2,L2,L1,C1_2,D1_1,F1_1,L2,L3,,,
175938,L1,L2,L1,L2,L3,L1,L2,L2,L1,C1_2,D1_1,F1_1,L3,L1,,,
175939,L1,L2,L1,L2,L3,L1,L2,L2,L1,C1_2,D1_1,F1_1,L3,L2,,,
175940,L1,L2,L1,L2,L3,L1,L2,L2,L1,C1_2,D1_1,F1_1,L3,L3,,,
175941,L1,L2,L1,L2,L3,L1,L2,L2,L1,C1_2,D1_1,F1_2,L1,L1,,,
175942,L1,L2,L1,L2,L3,L1,L2,L2,L1,C1_2,D1_1,F1_2,L1,L2,,,
175943,L1,L2,L1,L2,L3,L1,L2,L2,L1,C1_2,D1_1,F1_2,L1,L3,,,
175944,L1,L2,L1,L2,L3,L1,L2,L2,L1,C1_2,D1_1,F1_2,L2,L1,,,
175945,L1,L2,L1,L2,L3,L1,L2,L2,L1,C1_2,D1_1,F1_2,L2,L2,,,
175946,L1,L2,L1,L2,L3,L1,L2,L2,L1,C1_2,D1_1,F1_2,L2,L3,,,
175947,L1,L2,L1,L2,L3,L1,L2,L2,L1,C1_2,D1_1,F1_2,L3,L1,,,
175948,L1,L2,L1,L2,L3,L1,L2,L2,L1,C1_2,D1_1,F1_2,L3,L2,,,
175949,L1,L2,L1,L2,L3,L1,L2,L2,L1,C1_2,D1_1,F1_2,L3,L3,,,
175950,L1,L2,L1,L2,L3,L1,L2,L2,L1,C1_2,D1_1,F1_3,L1,L1,,,
175951,L1,L2,L1,L2,L3,L1,L2,L2,L1,C1_2,D1_1,F1_3,L1,L2,,,
175952,L1,L2,L1,L2,L3,L1,L2,L2,L1,C1_2,D1_1,F1_3,L1,L3,,,
175953,L1,L2,L1,L2,L3,L1,L2,L2,L1,C1_2,D1_1,F1_3,L2,L1,,,
175954,L1,L2,L1,L2,L3,L1,L2,L2,L1,C1_2,D1_1,F1_3,L2,L2,,,
175955,L1,L2,L1,L2,L3,L1,L2,L2,L1,C1_2,D1_1,F1_3,L2,L3,,,
175956,L1,L2,L1,L2,L3,L1,L2,L2,L1,C1_2,D1_1,F1_3,L3,L1,,,
175957,L1,L2,L1,L2,L3,L1,L2,L2,L1,C1_2,D1_1,F1_3,L3,L2,,,
175958,L1,L2,L1,L2,L3,L1,L2,L2,L1,C1_2,D1_1,F1_3,L3,L3,,,
175959,L1,L2,L1,L2,L3,L1,L2,L2,L1,C1_2,D1_2,F1_1,L1,L1,,,
175960,L1,L2,L1,L2,L3,L1,L2,L2,L1,C1_2,D1_2,F1_1,L1,L2,,,
175961,L1,L2,L1,L2,L3,L1,L2,L2,L1,C1_2,D1_2,F1_1,L1,L3,,,
175962,L1,L2,L1,L2,L3,L1,L2,L2,L1,C1_2,D1_2,F1_1,L2,L1,,,
175963,L1,L2,L1,L2,L3,L1,L2,L2,L1,C1_2,D1_2,F1_1,L2,L2,,,
175964,L1,L2,L1,L2,L3,L1,L2,L2,L1,C1_2,D1_2,F1_1,L2,L3,,,
175965,L1,L2,L1,L2,L3,L1,L2,L2,L1,C1_2,D1_2,F1_1,L3,L1,,,
175966,L1,L2,L1,L2,L3,L1,L2,L2,L1,C1_2,D1_2,F1_1,L3,L2,,,
175967,L1,L2,L1,L2,L3,L1,L2,L2,L1,C1_2,D1_2,F1_1,L3,L3,,,
175968,L1,L2,L1,L2,L3,L1,L2,L2,L1,C1_2,D1_2,F1_2,L1,L1,,,
175969,L1,L2,L1,L2,L3,L1,L2,L2,L1,C1_2,D1_2,F1_2,L1,L2,,,
175970,L1,L2,L1,L2,L3,L1,L2,L2,L1,C1_2,D1_2,F1_2,L1,L3,,,
175971,L1,L2,L1,L2,L3,L1,L2,L2,L1,C1_2,D1_2,F1_2,L2,L1,,,
175972,L1,L2,L1,L2,L3,L1,L2,L2,L1,C1_2,D1_2,F1_2,L2,L2,,,
175973,L1,L2,L1,L2,L3,L1,L2,L2,L1,C1_2,D1_2,F1_2,L2,L3,,,
175974,L1,L2,L1,L2,L3,L1,L2,L2,L1,C1_2,D1_2,F1_2,L3,L1,,,
175975,L1,L2,L1,L2,L3,L1,L2,L2,L1,C1_2,D1_2,F1_2,L3,L2,,,
175976,L1,L2,L1,L2,L3,L1,L2,L2,L1,C1_2,D1_2,F1_2,L3,L3,,,
175977,L1,L2,L1,L2,L3,L1,L2,L2,L1,C1_2,D1_2,F1_3,L1,L1,,,
175978,L1,L2,L1,L2,L3,L1,L2,L2,L1,C1_2,D1_2,F1_3,L1,L2,,,
175979,L1,L2,L1,L2,L3,L1,L2,L2,L1,C1_2,D1_2,F1_3,L1,L3,,,
175980,L1,L2,L1,L2,L3,L1,L2,L2,L1,C1_2,D1_2,F1_3,L2,L1,,,
175981,L1,L2,L1,L2,L3,L1,L2,L2,L1,C1_2,D1_2,F1_3,L2,L2,,,
175982,L1,L2,L1,L2,L3,L1,L2,L2,L1,C1_2,D1_2,F1_3,L2,L3,,,
175983,L1,L2,L1,L2,L3,L1,L2,L2,L1,C1_2,D1_2,F1_3,L3,L1,,,
175984,L1,L2,L1,L2,L3,L1,L2,L2,L1,C1_2,D1_2,F1_3,L3,L2,,,
175985,L1,L2,L1,L2,L3,L1,L2,L2,L1,C1_2,D1_2,F1_3,L3,L3,,,
175986,L1,L2,L1,L2,L3,L1,L2,L2,L1,C1_2,D1_3,F1_1,L1,L1,,,
175987,L1,L2,L1,L2,L3,L1,L2,L2,L1,C1_2,D1_3,F1_1,L1,L2,,,
175988,L1,L2,L1,L2,L3,L1,L2,L2,L1,C1_2,D1_3,F1_1,L1,L3,,,
175989,L1,L2,L1,L2,L3,L1,L2,L2,L1,C1_2,D1_3,F1_1,L2,L1,,,
175990,L1,L2,L1,L2,L3,L1,L2,L2,L1,C1_2,D1_3,F1_1,L2,L2,,,
175991,L1,L2,L1,L2,L3,L1,L2,L2,L1,C1_2,D1_3,F1_1,L2,L3,,,
175992,L1,L2,L1,L2,L3,L1,L2,L2,L1,C1_2,D1_3,F1_1,L3,L1,,,
175993,L1,L2,L1,L2,L3,L1,L2,L2,L1,C1_2,D1_3,F1_1,L3,L2,,,
175994,L1,L2,L1,L2,L3,L1,L2,L2,L1,C1_2,D1_3,F1_1,L3,L3,,,
175995,L1,L2,L1,L2,L3,L1,L2,L2,L1,C1_2,D1_3,F1_2,L1,L1,,,
175996,L1,L2,L1,L2,L3,L1,L2,L2,L1,C1_2,D1_3,F1_2,L1,L2,,,
175997,L1,L2,L1,L2,L3,L1,L2,L2,L1,C1_2,D1_3,F1_2,L1,L3,,,
175998,L1,L2,L1,L2,L3,L1,L2,L2,L1,C1_2,D1_3,F1_2,L2,L1,,,
175999,L1,L2,L1,L2,L3,L1,L2,L2,L1,C1_2,D1_3,F1_2,L2,L2,,,
176000,L1,L2,L1,L2,L3,L1,L2,L2,L1,C1_2,D1_3,F1_2,L2,L3,,,
176001,L1,L2,L1,L2,L3,L1,L2,L2,L1,C1_2,D1_3,F1_2,L3,L1,,,
176002,L1,L2,L1,L2,L3,L1,L2,L2,L1,C1_2,D1_3,F1_2,L3,L2,,,
176003,L1,L2,L1,L2,L3,L1,L2,L2,L1,C1_2,D1_3,F1_2,L3,L3,,,
176004,L1,L2,L1,L2,L3,L1,L2,L2,L1,C1_2,D1_3,F1_3,L1,L1,,,
176005,L1,L2,L1,L2,L3,L1,L2,L2,L1,C1_2,D1_3,F1_3,L1,L2,,,
176006,L1,L2,L1,L2,L3,L1,L2,L2,L1,C1_2,D1_3,F1_3,L1,L3,,,
176007,L1,L2,L1,L2,L3,L1,L2,L2,L1,C1_2,D1_3,F1_3,L2,L1,,,
176008,L1,L2,L1,L2,L3,L1,L2,L2,L1,C1_2,D1_3,F1_3,L2,L2,,,
176009,L1,L2,L1,L2,L3,L1,L2,L2,L1,C1_2,D1_3,F1_3,L2,L3,,,
176010,L1,L2,L1,L2,L3,L1,L2,L2,L1,C1_2,D1_3,F1_3,L3,L1,,,
176011,L1,L2,L1,L2,L3,L1,L2,L2,L1,C1_2,D1_3,F1_3,L3,L2,,,
176012,L1,L2,L1,L2,L3,L1,L2,L2,L1,C1_2,D1_3,F1_3,L3,L3,,,
176013,L1,L2,L1,L2,L3,L1,L2,L2,L1,C1_3,D1_1,F1_1,L1,L1,,,
176014,L1,L2,L1,L2,L3,L1,L2,L2,L1,C1_3,D1_1,F1_1,L1,L2,,,
176015,L1,L2,L1,L2,L3,L1,L2,L2,L1,C1_3,D1_1,F1_1,L1,L3,,,
176016,L1,L2,L1,L2,L3,L1,L2,L2,L1,C1_3,D1_1,F1_1,L2,L1,,,
176017,L1,L2,L1,L2,L3,L1,L2,L2,L1,C1_3,D1_1,F1_1,L2,L2,,,
176018,L1,L2,L1,L2,L3,L1,L2,L2,L1,C1_3,D1_1,F1_1,L2,L3,,,
176019,L1,L2,L1,L2,L3,L1,L2,L2,L1,C1_3,D1_1,F1_1,L3,L1,,,
176020,L1,L2,L1,L2,L3,L1,L2,L2,L1,C1_3,D1_1,F1_1,L3,L2,,,
176021,L1,L2,L1,L2,L3,L1,L2,L2,L1,C1_3,D1_1,F1_1,L3,L3,,,
176022,L1,L2,L1,L2,L3,L1,L2,L2,L1,C1_3,D1_1,F1_2,L1,L1,,,
176023,L1,L2,L1,L2,L3,L1,L2,L2,L1,C1_3,D1_1,F1_2,L1,L2,,,
176024,L1,L2,L1,L2,L3,L1,L2,L2,L1,C1_3,D1_1,F1_2,L1,L3,,,
176025,L1,L2,L1,L2,L3,L1,L2,L2,L1,C1_3,D1_1,F1_2,L2,L1,,,
176026,L1,L2,L1,L2,L3,L1,L2,L2,L1,C1_3,D1_1,F1_2,L2,L2,,,
176027,L1,L2,L1,L2,L3,L1,L2,L2,L1,C1_3,D1_1,F1_2,L2,L3,,,
176028,L1,L2,L1,L2,L3,L1,L2,L2,L1,C1_3,D1_1,F1_2,L3,L1,,,
176029,L1,L2,L1,L2,L3,L1,L2,L2,L1,C1_3,D1_1,F1_2,L3,L2,,,
176030,L1,L2,L1,L2,L3,L1,L2,L2,L1,C1_3,D1_1,F1_2,L3,L3,,,
176031,L1,L2,L1,L2,L3,L1,L2,L2,L1,C1_3,D1_1,F1_3,L1,L1,,,
176032,L1,L2,L1,L2,L3,L1,L2,L2,L1,C1_3,D1_1,F1_3,L1,L2,,,
176033,L1,L2,L1,L2,L3,L1,L2,L2,L1,C1_3,D1_1,F1_3,L1,L3,,,
176034,L1,L2,L1,L2,L3,L1,L2,L2,L1,C1_3,D1_1,F1_3,L2,L1,,,
176035,L1,L2,L1,L2,L3,L1,L2,L2,L1,C1_3,D1_1,F1_3,L2,L2,,,
176036,L1,L2,L1,L2,L3,L1,L2,L2,L1,C1_3,D1_1,F1_3,L2,L3,,,
176037,L1,L2,L1,L2,L3,L1,L2,L2,L1,C1_3,D1_1,F1_3,L3,L1,,,
176038,L1,L2,L1,L2,L3,L1,L2,L2,L1,C1_3,D1_1,F1_3,L3,L2,,,
176039,L1,L2,L1,L2,L3,L1,L2,L2,L1,C1_3,D1_1,F1_3,L3,L3,,,
176040,L1,L2,L1,L2,L3,L1,L2,L2,L1,C1_3,D1_2,F1_1,L1,L1,,,
176041,L1,L2,L1,L2,L3,L1,L2,L2,L1,C1_3,D1_2,F1_1,L1,L2,,,
176042,L1,L2,L1,L2,L3,L1,L2,L2,L1,C1_3,D1_2,F1_1,L1,L3,,,
176043,L1,L2,L1,L2,L3,L1,L2,L2,L1,C1_3,D1_2,F1_1,L2,L1,,,
176044,L1,L2,L1,L2,L3,L1,L2,L2,L1,C1_3,D1_2,F1_1,L2,L2,,,
176045,L1,L2,L1,L2,L3,L1,L2,L2,L1,C1_3,D1_2,F1_1,L2,L3,,,
176046,L1,L2,L1,L2,L3,L1,L2,L2,L1,C1_3,D1_2,F1_1,L3,L1,,,
176047,L1,L2,L1,L2,L3,L1,L2,L2,L1,C1_3,D1_2,F1_1,L3,L2,,,
176048,L1,L2,L1,L2,L3,L1,L2,L2,L1,C1_3,D1_2,F1_1,L3,L3,,,
176049,L1,L2,L1,L2,L3,L1,L2,L2,L1,C1_3,D1_2,F1_2,L1,L1,,,
176050,L1,L2,L1,L2,L3,L1,L2,L2,L1,C1_3,D1_2,F1_2,L1,L2,,,
176051,L1,L2,L1,L2,L3,L1,L2,L2,L1,C1_3,D1_2,F1_2,L1,L3,,,
176052,L1,L2,L1,L2,L3,L1,L2,L2,L1,C1_3,D1_2,F1_2,L2,L1,,,
176053,L1,L2,L1,L2,L3,L1,L2,L2,L1,C1_3,D1_2,F1_2,L2,L2,,,
176054,L1,L2,L1,L2,L3,L1,L2,L2,L1,C1_3,D1_2,F1_2,L2,L3,,,
176055,L1,L2,L1,L2,L3,L1,L2,L2,L1,C1_3,D1_2,F1_2,L3,L1,,,
176056,L1,L2,L1,L2,L3,L1,L2,L2,L1,C1_3,D1_2,F1_2,L3,L2,,,
176057,L1,L2,L1,L2,L3,L1,L2,L2,L1,C1_3,D1_2,F1_2,L3,L3,,,
176058,L1,L2,L1,L2,L3,L1,L2,L2,L1,C1_3,D1_2,F1_3,L1,L1,,,
176059,L1,L2,L1,L2,L3,L1,L2,L2,L1,C1_3,D1_2,F1_3,L1,L2,,,
176060,L1,L2,L1,L2,L3,L1,L2,L2,L1,C1_3,D1_2,F1_3,L1,L3,,,
176061,L1,L2,L1,L2,L3,L1,L2,L2,L1,C1_3,D1_2,F1_3,L2,L1,,,
176062,L1,L2,L1,L2,L3,L1,L2,L2,L1,C1_3,D1_2,F1_3,L2,L2,,,
176063,L1,L2,L1,L2,L3,L1,L2,L2,L1,C1_3,D1_2,F1_3,L2,L3,,,
176064,L1,L2,L1,L2,L3,L1,L2,L2,L1,C1_3,D1_2,F1_3,L3,L1,,,
176065,L1,L2,L1,L2,L3,L1,L2,L2,L1,C1_3,D1_2,F1_3,L3,L2,,,
176066,L1,L2,L1,L2,L3,L1,L2,L2,L1,C1_3,D1_2,F1_3,L3,L3,,,
176067,L1,L2,L1,L2,L3,L1,L2,L2,L1,C1_3,D1_3,F1_1,L1,L1,,,
176068,L1,L2,L1,L2,L3,L1,L2,L2,L1,C1_3,D1_3,F1_1,L1,L2,,,
176069,L1,L2,L1,L2,L3,L1,L2,L2,L1,C1_3,D1_3,F1_1,L1,L3,,,
176070,L1,L2,L1,L2,L3,L1,L2,L2,L1,C1_3,D1_3,F1_1,L2,L1,,,
176071,L1,L2,L1,L2,L3,L1,L2,L2,L1,C1_3,D1_3,F1_1,L2,L2,,,
176072,L1,L2,L1,L2,L3,L1,L2,L2,L1,C1_3,D1_3,F1_1,L2,L3,,,
176073,L1,L2,L1,L2,L3,L1,L2,L2,L1,C1_3,D1_3,F1_1,L3,L1,,,
176074,L1,L2,L1,L2,L3,L1,L2,L2,L1,C1_3,D1_3,F1_1,L3,L2,,,
176075,L1,L2,L1,L2,L3,L1,L2,L2,L1,C1_3,D1_3,F1_1,L3,L3,,,
176076,L1,L2,L1,L2,L3,L1,L2,L2,L1,C1_3,D1_3,F1_2,L1,L1,,,
176077,L1,L2,L1,L2,L3,L1,L2,L2,L1,C1_3,D1_3,F1_2,L1,L2,,,
176078,L1,L2,L1,L2,L3,L1,L2,L2,L1,C1_3,D1_3,F1_2,L1,L3,,,
176079,L1,L2,L1,L2,L3,L1,L2,L2,L1,C1_3,D1_3,F1_2,L2,L1,,,
176080,L1,L2,L1,L2,L3,L1,L2,L2,L1,C1_3,D1_3,F1_2,L2,L2,,,
176081,L1,L2,L1,L2,L3,L1,L2,L2,L1,C1_3,D1_3,F1_2,L2,L3,,,
176082,L1,L2,L1,L2,L3,L1,L2,L2,L1,C1_3,D1_3,F1_2,L3,L1,,,
176083,L1,L2,L1,L2,L3,L1,L2,L2,L1,C1_3,D1_3,F1_2,L3,L2,,,
176084,L1,L2,L1,L2,L3,L1,L2,L2,L1,C1_3,D1_3,F1_2,L3,L3,,,
176085,L1,L2,L1,L2,L3,L1,L2,L2,L1,C1_3,D1_3,F1_3,L1,L1,,,
176086,L1,L2,L1,L2,L3,L1,L2,L2,L1,C1_3,D1_3,F1_3,L1,L2,,,
176087,L1,L2,L1,L2,L3,L1,L2,L2,L1,C1_3,D1_3,F1_3,L1,L3,,,
176088,L1,L2,L1,L2,L3,L1,L2,L2,L1,C1_3,D1_3,F1_3,L2,L1,,,
176089,L1,L2,L1,L2,L3,L1,L2,L2,L1,C1_3,D1_3,F1_3,L2,L2,,,
176090,L1,L2,L1,L2,L3,L1,L2,L2,L1,C1_3,D1_3,F1_3,L2,L3,,,
176091,L1,L2,L1,L2,L3,L1,L2,L2,L1,C1_3,D1_3,F1_3,L3,L1,,,
176092,L1,L2,L1,L2,L3,L1,L2,L2,L1,C1_3,D1_3,F1_3,L3,L2,,,
176093,L1,L2,L1,L2,L3,L1,L2,L2,L1,C1_3,D1_3,F1_3,L3,L3,,,
181575,L3,L3,L3,L2,L1,L1,L2,L2,L1,C1_1,D1_1,F1_1,L1,L1,,,
181576,L3,L3,L3,L2,L1,L1,L2,L2,L1,C1_1,D1_1,F1_1,L1,L2,,,
181577,L3,L3,L3,L2,L1,L1,L2,L2,L1,C1_1,D1_1,F1_1,L1,L3,,,
181578,L3,L3,L3,L2,L1,L1,L2,L2,L1,C1_1,D1_1,F1_1,L2,L1,,,
181579,L3,L3,L3,L2,L1,L1,L2,L2,L1,C1_1,D1_1,F1_1,L2,L2,,,
181580,L3,L3,L3,L2,L1,L1,L2,L2,L1,C1_1,D1_1,F1_1,L2,L3,,,
181581,L3,L3,L3,L2,L1,L1,L2,L2,L1,C1_1,D1_1,F1_1,L3,L1,,,
181582,L3,L3,L3,L2,L1,L1,L2,L2,L1,C1_1,D1_1,F1_1,L3,L2,,,
181583,L3,L3,L3,L2,L1,L1,L2,L2,L1,C1_1,D1_1,F1_1,L3,L3,,,
181584,L3,L3,L3,L2,L1,L1,L2,L2,L1,C1_1,D1_1,F1_2,L1,L1,,,
181585,L3,L3,L3,L2,L1,L1,L2,L2,L1,C1_1,D1_1,F1_2,L1,L2,,,
181586,L3,L3,L3,L2,L1,L1,L2,L2,L1,C1_1,D1_1,F1_2,L1,L3,,,
181587,L3,L3,L3,L2,L1,L1,L2,L2,L1,C1_1,D1_1,F1_2,L2,L1,,,
181588,L3,L3,L3,L2,L1,L1,L2,L2,L1,C1_1,D1_1,F1_2,L2,L2,,,
181589,L3,L3,L3,L2,L1,L1,L2,L2,L1,C1_1,D1_1,F1_2,L2,L3,,,
181590,L3,L3,L3,L2,L1,L1,L2,L2,L1,C1_1,D1_1,F1_2,L3,L1,,,
181591,L3,L3,L3,L2,L1,L1,L2,L2,L1,C1_1,D1_1,F1_2,L3,L2,,,
181592,L3,L3,L3,L2,L1,L1,L2,L2,L1,C1_1,D1_1,F1_2,L3,L3,,,
181593,L3,L3,L3,L2,L1,L1,L2,L2,L1,C1_1,D1_1,F1_3,L1,L1,,,
181594,L3,L3,L3,L2,L1,L1,L2,L2,L1,C1_1,D1_1,F1_3,L1,L2,,,
181595,L3,L3,L3,L2,L1,L1,L2,L2,L1,C1_1,D1_1,F1_3,L1,L3,,,
181596,L3,L3,L3,L2,L1,L1,L2,L2,L1,C1_1,D1_1,F1_3,L2,L1,,,
181597,L3,L3,L3,L2,L1,L1,L2,L2,L1,C1_1,D1_1,F1_3,L2,L2,,,
181598,L3,L3,L3,L2,L1,L1,L2,L2,L1,C1_1,D1_1,F1_3,L2,L3,,,
181599,L3,L3,L3,L2,L1,L1,L2,L2,L1,C1_1,D1_1,F1_3,L3,L1,,,
181600,L3,L3,L3,L2,L1,L1,L2,L2,L1,C1_1,D1_1,F1_3,L3,L2,,,
181601,L3,L3,L3,L2,L1,L1,L2,L2,L1,C1_1,D1_1,F1_3,L3,L3,,,
181602,L3,L3,L3,L2,L1,L1,L2,L2,L1,C1_1,D1_2,F1_1,L1,L1,,,
181603,L3,L3,L3,L2,L1,L1,L2,L2,L1,C1_1,D1_2,F1_1,L1,L2,,,
181604,L3,L3,L3,L2,L1,L1,L2,L2,L1,C1_1,D1_2,F1_1,L1,L3,,,
181605,L3,L3,L3,L2,L1,L1,L2,L2,L1,C1_1,D1_2,F1_1,L2,L1,,,
181606,L3,L3,L3,L2,L1,L1,L2,L2,L1,C1_1,D1_2,F1_1,L2,L2,,,
181607,L3,L3,L3,L2,L1,L1,L2,L2,L1,C1_1,D1_2,F1_1,L2,L3,,,
181608,L3,L3,L3,L2,L1,L1,L2,L2,L1,C1_1,D1_2,F1_1,L3,L1,,,
181609,L3,L3,L3,L2,L1,L1,L2,L2,L1,C1_1,D1_2,F1_1,L3,L2,,,
181610,L3,L3,L3,L2,L1,L1,L2,L2,L1,C1_1,D1_2,F1_1,L3,L3,,,
181611,L3,L3,L3,L2,L1,L1,L2,L2,L1,C1_1,D1_2,F1_2,L1,L1,,,
181612,L3,L3,L3,L2,L1,L1,L2,L2,L1,C1_1,D1_2,F1_2,L1,L2,,,
181613,L3,L3,L3,L2,L1,L1,L2,L2,L1,C1_1,D1_2,F1_2,L1,L3,,,
181614,L3,L3,L3,L2,L1,L1,L2,L2,L1,C1_1,D1_2,F1_2,L2,L1,,,
181615,L3,L3,L3,L2,L1,L1,L2,L2,L1,C1_1,D1_2,F1_2,L2,L2,,,
181616,L3,L3,L3,L2,L1,L1,L2,L2,L1,C1_1,D1_2,F1_2,L2,L3,,,
181617,L3,L3,L3,L2,L1,L1,L2,L2,L1,C1_1,D1_2,F1_2,L3,L1,,,
181618,L3,L3,L3,L2,L1,L1,L2,L2,L1,C1_1,D1_2,F1_2,L3,L2,,,
181619,L3,L3,L3,L2,L1,L1,L2,L2,L1,C1_1,D1_2,F1_2,L3,L3,,,
181620,L3,L3,L3,L2,L1,L1,L2,L2,L1,C1_1,D1_2,F1_3,L1,L1,,,
181621,L3,L3,L3,L2,L1,L1,L2,L2,L1,C1_1,D1_2,F1_3,L1,L2,,,
181622,L3,L3,L3,L2,L1,L1,L2,L2,L1,C1_1,D1_2,F1_3,L1,L3,,,
181623,L3,L3,L3,L2,L1,L1,L2,L2,L1,C1_1,D1_2,F1_3,L2,L1,,,
181624,L3,L3,L3,L2,L1,L1,L2,L2,L1,C1_1,D1_2,F1_3,L2,L2,,,
181625,L3,L3,L3,L2,L1,L1,L2,L2,L1,C1_1,D1_2,F1_3,L2,L3,,,
181626,L3,L3,L3,L2,L1,L1,L2,L2,L1,C1_1,D1_2,F1_3,L3,L1,,,
181627,L3,L3,L3,L2,L1,L1,L2,L2,L1,C1_1,D1_2,F1_3,L3,L2,,,
181628,L3,L3,L3,L2,L1,L1,L2,L2,L1,C1_1,D1_2,F1_3,L3,L3,,,
181629,L3,L3,L3,L2,L1,L1,L2,L2,L1,C1_1,D1_3,F1_1,L1,L1,,,
181630,L3,L3,L3,L2,L1,L1,L2,L2,L1,C1_1,D1_3,F1_1,L1,L2,,,
181631,L3,L3,L3,L2,L1,L1,L2,L2,L1,C1_1,D1_3,F1_1,L1,L3,,,
181632,L3,L3,L3,L2,L1,L1,L2,L2,L1,C1_1,D1_3,F1_1,L2,L1,,,
181633,L3,L3,L3,L2,L1,L1,L2,L2,L1,C1_1,D1_3,F1_1,L2,L2,,,
181634,L3,L3,L3,L2,L1,L1,L2,L2,L1,C1_1,D1_3,F1_1,L2,L3,,,
181635,L3,L3,L3,L2,L1,L1,L2,L2,L1,C1_1,D1_3,F1_1,L3,L1,,,
181636,L3,L3,L3,L2,L1,L1,L2,L2,L1,C1_1,D1_3,F1_1,L3,L2,,,
181637,L3,L3,L3,L2,L1,L1,L2,L2,L1,C1_1,D1_3,F1_1,L3,L3,,,
181638,L3,L3,L3,L2,L1,L1,L2,L2,L1,C1_1,D1_3,F1_2,L1,L1,,,
181639,L3,L3,L3,L2,L1,L1,L2,L2,L1,C1_1,D1_3,F1_2,L1,L2,,,
181640,L3,L3,L3,L2,L1,L1,L2,L2,L1,C1_1,D1_3,F1_2,L1,L3,,,
181641,L3,L3,L3,L2,L1,L1,L2,L2,L1,C1_1,D1_3,F1_2,L2,L1,,,
181642,L3,L3,L3,L2,L1,L1,L2,L2,L1,C1_1,D1_3,F1_2,L2,L2,,,
181643,L3,L3,L3,L2,L1,L1,L2,L2,L1,C1_1,D1_3,F1_2,L2,L3,,,
181644,L3,L3,L3,L2,L1,L1,L2,L2,L1,C1_1,D1_3,F1_2,L3,L1,,,
181645,L3,L3,L3,L2,L1,L1,L2,L2,L1,C1_1,D1_3,F1_2,L3,L2,,,
181646,L3,L3,L3,L2,L1,L1,L2,L2,L1,C1_1,D1_3,F1_2,L3,L3,,,
181647,L3,L3,L3,L2,L1,L1,L2,L2,L1,C1_1,D1_3,F1_3,L1,L1,,,
181648,L3,L3,L3,L2,L1,L1,L2,L2,L1,C1_1,D1_3,F1_3,L1,L2,,,
181649,L3,L3,L3,L2,L1,L1,L2,L2,L1,C1_1,D1_3,F1_3,L1,L3,,,
181650,L3,L3,L3,L2,L1,L1,L2,L2,L1,C1_1,D1_3,F1_3,L2,L1,,,
181651,L3,L3,L3,L2,L1,L1,L2,L2,L1,C1_1,D1_3,F1_3,L2,L2,,,
181652,L3,L3,L3,L2,L1,L1,L2,L2,L1,C1_1,D1_3,F1_3,L2,L3,,,
181653,L3,L3,L3,L2,L1,L1,L2,L2,L1,C1_1,D1_3,F1_3,L3,L1,,,
181654,L3,L3,L3,L2,L1,L1,L2,L2,L1,C1_1,D1_3,F1_3,L3,L2,,,
181655,L3,L3,L3,L2,L1,L1,L2,L2,L1,C1_1,D1_3,F1_3,L3,L3,,,
181656,L3,L3,L3,L2,L1,L1,L2,L2,L1,C1_2,D1_1,F1_1,L1,L1,,,
181657,L3,L3,L3,L2,L1,L1,L2,L2,L1,C1_2,D1_1,F1_1,L1,L2,,,
181658,L3,L3,L3,L2,L1,L1,L2,L2,L1,C1_2,D1_1,F1_1,L1,L3,,,
181659,L3,L3,L3,L2,L1,L1,L2,L2,L1,C1_2,D1_1,F1_1,L2,L1,,,
181660,L3,L3,L3,L2,L1,L1,L2,L2,L1,C1_2,D1_1,F1_1,L2,L2,,,
181661,L3,L3,L3,L2,L1,L1,L2,L2,L1,C1_2,D1_1,F1_1,L2,L3,,,
181662,L3,L3,L3,L2,L1,L1,L2,L2,L1,C1_2,D1_1,F1_1,L3,L1,,,
181663,L3,L3,L3,L2,L1,L1,L2,L2,L1,C1_2,D1_1,F1_1,L3,L2,,,
181664,L3,L3,L3,L2,L1,L1,L2,L2,L1,C1_2,D1_1,F1_1,L3,L3,,,
181665,L3,L3,L3,L2,L1,L1,L2,L2,L1,C1_2,D1_1,F1_2,L1,L1,,,
181666,L3,L3,L3,L2,L1,L1,L2,L2,L1,C1_2,D1_1,F1_2,L1,L2,,,
181667,L3,L3,L3,L2,L1,L1,L2,L2,L1,C1_2,D1_1,F1_2,L1,L3,,,
181668,L3,L3,L3,L2,L1,L1,L2,L2,L1,C1_2,D1_1,F1_2,L2,L1,,,
181669,L3,L3,L3,L2,L1,L1,L2,L2,L1,C1_2,D1_1,F1_2,L2,L2,,,
181670,L3,L3,L3,L2,L1,L1,L2,L2,L1,C1_2,D1_1,F1_2,L2,L3,,,
181671,L3,L3,L3,L2,L1,L1,L2,L2,L1,C1_2,D1_1,F1_2,L3,L1,,,
181672,L3,L3,L3,L2,L1,L1,L2,L2,L1,C1_2,D1_1,F1_2,L3,L2,,,
181673,L3,L3,L3,L2,L1,L1,L2,L2,L1,C1_2,D1_1,F1_2,L3,L3,,,
181674,L3,L3,L3,L2,L1,L1,L2,L2,L1,C1_2,D1_1,F1_3,L1,L1,,,
181675,L3,L3,L3,L2,L1,L1,L2,L2,L1,C1_2,D1_1,F1_3,L1,L2,,,
181676,L3,L3,L3,L2,L1,L1,L2,L2,L1,C1_2,D1_1,F1_3,L1,L3,,,
181677,L3,L3,L3,L2,L1,L1,L2,L2,L1,C1_2,D1_1,F1_3,L2,L1,,,
181678,L3,L3,L3,L2,L1,L1,L2,L2,L1,C1_2,D1_1,F1_3,L2,L2,,,
181679,L3,L3,L3,L2,L1,L1,L2,L2,L1,C1_2,D1_1,F1_3,L2,L3,,,
181680,L3,L3,L3,L2,L1,L1,L2,L2,L1,C1_2,D1_1,F1_3,L3,L1,,,
181681,L3,L3,L3,L2,L1,L1,L2,L2,L1,C1_2,D1_1,F1_3,L3,L2,,,
181682,L3,L3,L3,L2,L1,L1,L2,L2,L1,C1_2,D1_1,F1_3,L3,L3,,,
181683,L3,L3,L3,L2,L1,L1,L2,L2,L1,C1_2,D1_2,F1_1,L1,L1,,,
181684,L3,L3,L3,L2,L1,L1,L2,L2,L1,C1_2,D1_2,F1_1,L1,L2,,,
181685,L3,L3,L3,L2,L1,L1,L2,L2,L1,C1_2,D1_2,F1_1,L1,L3,,,
181686,L3,L3,L3,L2,L1,L1,L2,L2,L1,C1_2,D1_2,F1_1,L2,L1,,,
181687,L3,L3,L3,L2,L1,L1,L2,L2,L1,C1_2,D1_2,F1_1,L2,L2,,,
181688,L3,L3,L3,L2,L1,L1,L2,L2,L1,C1_2,D1_2,F1_1,L2,L3,,,
181689,L3,L3,L3,L2,L1,L1,L2,L2,L1,C1_2,D1_2,F1_1,L3,L1,,,
181690,L3,L3,L3,L2,L1,L1,L2,L2,L1,C1_2,D1_2,F1_1,L3,L2,,,
181691,L3,L3,L3,L2,L1,L1,L2,L2,L1,C1_2,D1_2,F1_1,L3,L3,,,
181692,L3,L3,L3,L2,L1,L1,L2,L2,L1,C1_2,D1_2,F1_2,L1,L1,,,
181693,L3,L3,L3,L2,L1,L1,L2,L2,L1,C1_2,D1_2,F1_2,L1,L2,,,
181694,L3,L3,L3,L2,L1,L1,L2,L2,L1,C1_2,D1_2,F1_2,L1,L3,,,
181695,L3,L3,L3,L2,L1,L1,L2,L2,L1,C1_2,D1_2,F1_2,L2,L1,,,
181696,L3,L3,L3,L2,L1,L1,L2,L2,L1,C1_2,D1_2,F1_2,L2,L2,,,
181697,L3,L3,L3,L2,L1,L1,L2,L2,L1,C1_2,D1_2,F1_2,L2,L3,,,
181698,L3,L3,L3,L2,L1,L1,L2,L2,L1,C1_2,D1_2,F1_2,L3,L1,,,
181699,L3,L3,L3,L2,L1,L1,L2,L2,L1,C1_2,D1_2,F1_2,L3,L2,,,
181700,L3,L3,L3,L2,L1,L1,L2,L2,L1,C1_2,D1_2,F1_2,L3,L3,,,
181701,L3,L3,L3,L2,L1,L1,L2,L2,L1,C1_2,D1_2,F1_3,L1,L1,,,
181702,L3,L3,L3,L2,L1,L1,L2,L2,L1,C1_2,D1_2,F1_3,L1,L2,,,
181703,L3,L3,L3,L2,L1,L1,L2,L2,L1,C1_2,D1_2,F1_3,L1,L3,,,
181704,L3,L3,L3,L2,L1,L1,L2,L2,L1,C1_2,D1_2,F1_3,L2,L1,,,
181705,L3,L3,L3,L2,L1,L1,L2,L2,L1,C1_2,D1_2,F1_3,L2,L2,,,
181706,L3,L3,L3,L2,L1,L1,L2,L2,L1,C1_2,D1_2,F1_3,L2,L3,,,
181707,L3,L3,L3,L2,L1,L1,L2,L2,L1,C1_2,D1_2,F1_3,L3,L1,,,
181708,L3,L3,L3,L2,L1,L1,L2,L2,L1,C1_2,D1_2,F1_3,L3,L2,,,
181709,L3,L3,L3,L2,L1,L1,L2,L2,L1,C1_2,D1_2,F1_3,L3,L3,,,
181710,L3,L3,L3,L2,L1,L1,L2,L2,L1,C1_2,D1_3,F1_1,L1,L1,,,
181711,L3,L3,L3,L2,L1,L1,L2,L2,L1,C1_2,D1_3,F1_1,L1,L2,,,
181712,L3,L3,L3,L2,L1,L1,L2,L2,L1,C1_2,D1_3,F1_1,L1,L3,,,
181713,L3,L3,L3,L2,L1,L1,L2,L2,L1,C1_2,D1_3,F1_1,L2,L1,,,
181714,L3,L3,L3,L2,L1,L1,L2,L2,L1,C1_2,D1_3,F1_1,L2,L2,,,
181715,L3,L3,L3,L2,L1,L1,L2,L2,L1,C1_2,D1_3,F1_1,L2,L3,,,
181716,L3,L3,L3,L2,L1,L1,L2,L2,L1,C1_2,D1_3,F1_1,L3,L1,,,
181717,L3,L3,L3,L2,L1,L1,L2,L2,L1,C1_2,D1_3,F1_1,L3,L2,,,
181718,L3,L3,L3,L2,L1,L1,L2,L2,L1,C1_2,D1_3,F1_1,L3,L3,,,
181719,L3,L3,L3,L2,L1,L1,L2,L2,L1,C1_2,D1_3,F1_2,L1,L1,,,
181720,L3,L3,L3,L2,L1,L1,L2,L2,L1,C1_2,D1_3,F1_2,L1,L2,,,
181721,L3,L3,L3,L2,L1,L1,L2,L2,L1,C1_2,D1_3,F1_2,L1,L3,,,
181722,L3,L3,L3,L2,L1,L1,L2,L2,L1,C1_2,D1_3,F1_2,L2,L1,,,
181723,L3,L3,L3,L2,L1,L1,L2,L2,L1,C1_2,D1_3,F1_2,L2,L2,,,
181724,L3,L3,L3,L2,L1,L1,L2,L2,L1,C1_2,D1_3,F1_2,L2,L3,,,
181725,L3,L3,L3,L2,L1,L1,L2,L2,L1,C1_2,D1_3,F1_2,L3,L1,,,
181726,L3,L3,L3,L2,L1,L1,L2,L2,L1,C1_2,D1_3,F1_2,L3,L2,,,
181727,L3,L3,L3,L2,L1,L1,L2,L2,L1,C1_2,D1_3,F1_2,L3,L3,,,
181728,L3,L3,L3,L2,L1,L1,L2,L2,L1,C1_2,D1_3,F1_3,L1,L1,,,
181729,L3,L3,L3,L2,L1,L1,L2,L2,L1,C1_2,D1_3,F1_3,L1,L2,,,
181730,L3,L3,L3,L2,L1,L1,L2,L2,L1,C1_2,D1_3,F1_3,L1,L3,,,
181731,L3,L3,L3,L2,L1,L1,L2,L2,L1,C1_2,D1_3,F1_3,L2,L1,,,
181732,L3,L3,L3,L2,L1,L1,L2,L2,L1,C1_2,D1_3,F1_3,L2,L2,,,
181733,L3,L3,L3,L2,L1,L1,L2,L2,L1,C1_2,D1_3,F1_3,L2,L3,,,
181734,L3,L3,L3,L2,L1,L1,L2,L2,L1,C1_2,D1_3,F1_3,L3,L1,,,
181735,L3,L3,L3,L2,L1,L1,L2,L2,L1,C1_2,D1_3,F1_3,L3,L2,,,
181736,L3,L3,L3,L2,L1,L1,L2,L2,L1,C1_2,D1_3,F1_3,L3,L3,,,
181737,L3,L3,L3,L2,L1,L1,L2,L2,L1,C1_3,D1_1,F1_1,L1,L1,,,
181738,L3,L3,L3,L2,L1,L1,L2,L2,L1,C1_3,D1_1,F1_1,L1,L2,,,
181739,L3,L3,L3,L2,L1,L1,L2,L2,L1,C1_3,D1_1,F1_1,L1,L3,,,
181740,L3,L3,L3,L2,L1,L1,L2,L2,L1,C1_3,D1_1,F1_1,L2,L1,,,
181741,L3,L3,L3,L2,L1,L1,L2,L2,L1,C1_3,D1_1,F1_1,L2,L2,,,
181742,L3,L3,L3,L2,L1,L1,L2,L2,L1,C1_3,D1_1,F1_1,L2,L3,,,
181743,L3,L3,L3,L2,L1,L1,L2,L2,L1,C1_3,D1_1,F1_1,L3,L1,,,
181744,L3,L3,L3,L2,L1,L1,L2,L2,L1,C1_3,D1_1,F1_1,L3,L2,,,
181745,L3,L3,L3,L2,L1,L1,L2,L2,L1,C1_3,D1_1,F1_1,L3,L3,,,
181746,L3,L3,L3,L2,L1,L1,L2,L2,L1,C1_3,D1_1,F1_2,L1,L1,,,
181747,L3,L3,L3,L2,L1,L1,L2,L2,L1,C1_3,D1_1,F1_2,L1,L2,,,
181748,L3,L3,L3,L2,L1,L1,L2,L2,L1,C1_3,D1_1,F1_2,L1,L3,,,
181749,L3,L3,L3,L2,L1,L1,L2,L2,L1,C1_3,D1_1,F1_2,L2,L1,,,
181750,L3,L3,L3,L2,L1,L1,L2,L2,L1,C1_3,D1_1,F1_2,L2,L2,,,
181751,L3,L3,L3,L2,L1,L1,L2,L2,L1,C1_3,D1_1,F1_2,L2,L3,,,
181752,L3,L3,L3,L2,L1,L1,L2,L2,L1,C1_3,D1_1,F1_2,L3,L1,,,
181753,L3,L3,L3,L2,L1,L1,L2,L2,L1,C1_3,D1_1,F1_2,L3,L2,,,
181754,L3,L3,L3,L2,L1,L1,L2,L2,L1,C1_3,D1_1,F1_2,L3,L3,,,
181755,L3,L3,L3,L2,L1,L1,L2,L2,L1,C1_3,D1_1,F1_3,L1,L1,,,
181756,L3,L3,L3,L2,L1,L1,L2,L2,L1,C1_3,D1_1,F1_3,L1,L2,,,
181757,L3,L3,L3,L2,L1,L1,L2,L2,L1,C1_3,D1_1,F1_3,L1,L3,,,
181758,L3,L3,L3,L2,L1,L1,L2,L2,L1,C1_3,D1_1,F1_3,L2,L1,,,
181759,L3,L3,L3,L2,L1,L1,L2,L2,L1,C1_3,D1_1,F1_3,L2,L2,,,
181760,L3,L3,L3,L2,L1,L1,L2,L2,L1,C1_3,D1_1,F1_3,L2,L3,,,
181761,L3,L3,L3,L2,L1,L1,L2,L2,L1,C1_3,D1_1,F1_3,L3,L1,,,
181762,L3,L3,L3,L2,L1,L1,L2,L2,L1,C1_3,D1_1,F1_3,L3,L2,,,
181763,L3,L3,L3,L2,L1,L1,L2,L2,L1,C1_3,D1_1,F1_3,L3,L3,,,
181764,L3,L3,L3,L2,L1,L1,L2,L2,L1,C1_3,D1_2,F1_1,L1,L1,,,
181765,L3,L3,L3,L2,L1,L1,L2,L2,L1,C1_3,D1_2,F1_1,L1,L2,,,
181766,L3,L3,L3,L2,L1,L1,L2,L2,L1,C1_3,D1_2,F1_1,L1,L3,,,
181767,L3,L3,L3,L2,L1,L1,L2,L2,L1,C1_3,D1_2,F1_1,L2,L1,,,
181768,L3,L3,L3,L2,L1,L1,L2,L2,L1,C1_3,D1_2,F1_1,L2,L2,,,
181769,L3,L3,L3,L2,L1,L1,L2,L2,L1,C1_3,D1_2,F1_1,L2,L3,,,
181770,L3,L3,L3,L2,L1,L1,L2,L2,L1,C1_3,D1_2,F1_1,L3,L1,,,
181771,L3,L3,L3,L2,L1,L1,L2,L2,L1,C1_3,D1_2,F1_1,L3,L2,,,
181772,L3,L3,L3,L2,L1,L1,L2,L2,L1,C1_3,D1_2,F1_1,L3,L3,,,
181773,L3,L3,L3,L2,L1,L1,L2,L2,L1,C1_3,D1_2,F1_2,L1,L1,,,
181774,L3,L3,L3,L2,L1,L1,L2,L2,L1,C1_3,D1_2,F1_2,L1,L2,,,
181775,L3,L3,L3,L2,L1,L1,L2,L2,L1,C1_3,D1_2,F1_2,L1,L3,,,
181776,L3,L3,L3,L2,L1,L1,L2,L2,L1,C1_3,D1_2,F1_2,L2,L1,,,
181777,L3,L3,L3,L2,L1,L1,L2,L2,L1,C1_3,D1_2,F1_2,L2,L2,,,
181778,L3,L3,L3,L2,L1,L1,L2,L2,L1,C1_3,D1_2,F1_2,L2,L3,,,
181779,L3,L3,L3,L2,L1,L1,L2,L2,L1,C1_3,D1_2,F1_2,L3,L1,,,
181780,L3,L3,L3,L2,L1,L1,L2,L2,L1,C1_3,D1_2,F1_2,L3,L2,,,
181781,L3,L3,L3,L2,L1,L1,L2,L2,L1,C1_3,D1_2,F1_2,L3,L3,,,
181782,L3,L3,L3,L2,L1,L1,L2,L2,L1,C1_3,D1_2,F1_3,L1,L1,,,
181783,L3,L3,L3,L2,L1,L1,L2,L2,L1,C1_3,D1_2,F1_3,L1,L2,,,
181784,L3,L3,L3,L2,L1,L1,L2,L2,L1,C1_3,D1_2,F1_3,L1,L3,,,
181785,L3,L3,L3,L2,L1,L1,L2,L2,L1,C1_3,D1_2,F1_3,L2,L1,,,
181786,L3,L3,L3,L2,L1,L1,L2,L2,L1,C1_3,D1_2,F1_3,L2,L2,,,
181787,L3,L3,L3,L2,L1,L1,L2,L2,L1,C1_3,D1_2,F1_3,L2,L3,,,
181788,L3,L3,L3,L2,L1,L1,L2,L2,L1,C1_3,D1_2,F1_3,L3,L1,,,
181789,L3,L3,L3,L2,L1,L1,L2,L2,L1,C1_3,D1_2,F1_3,L3,L2,,,
181790,L3,L3,L3,L2,L1,L1,L2,L2,L1,C1_3,D1_2,F1_3,L3,L3,,,
181791,L3,L3,L3,L2,L1,L1,L2,L2,L1,C1_3,D1_3,F1_1,L1,L1,,,
181792,L3,L3,L3,L2,L1,L1,L2,L2,L1,C1_3,D1_3,F1_1,L1,L2,,,
181793,L3,L3,L3,L2,L1,L1,L2,L2,L1,C1_3,D1_3,F1_1,L1,L3,,,
181794,L3,L3,L3,L2,L1,L1,L2,L2,L1,C1_3,D1_3,F1_1,L2,L1,,,
181795,L3,L3,L3,L2,L1,L1,L2,L2,L1,C1_3,D1_3,F1_1,L2,L2,,,
181796,L3,L3,L3,L2,L1,L1,L2,L2,L1,C1_3,D1_3,F1_1,L2,L3,,,
181797,L3,L3,L3,L2,L1,L1,L2,L2,L1,C1_3,D1_3,F1_1,L3,L1,,,
181798,L3,L3,L3,L2,L1,L1,L2,L2,L1,C1_3,D1_3,F1_1,L3,L2,,,
181799,L3,L3,L3,L2,L1,L1,L2,L2,L1,C1_3,D1_3,F1_1,L3,L3,,,
181800,L3,L3,L3,L2,L1,L1,L2,L2,L1,C1_3,D1_3,F1_2,L1,L1,,,
181801,L3,L3,L3,L2,L1,L1,L2,L2,L1,C1_3,D1_3,F1_2,L1,L2,,,
181802,L3,L3,L3,L2,L1,L1,L2,L2,L1,C1_3,D1_3,F1_2,L1,L3,,,
181803,L3,L3,L3,L2,L1,L1,L2,L2,L1,C1_3,D1_3,F1_2,L2,L1,,,
181804,L3,L3,L3,L2,L1,L1,L2,L2,L1,C1_3,D1_3,F1_2,L2,L2,,,
181805,L3,L3,L3,L2,L1,L1,L2,L2,L1,C1_3,D1_3,F1_2,L2,L3,,,
181806,L3,L3,L3,L2,L1,L1,L2,L2,L1,C1_3,D1_3,F1_2,L3,L1,,,
181807,L3,L3,L3,L2,L1,L1,L2,L2,L1,C1_3,D1_3,F1_2,L3,L2,,,
181808,L3,L3,L3,L2,L1,L1,L2,L2,L1,C1_3,D1_3,F1_2,L3,L3,,,
181809,L3,L3,L3,L2,L1,L1,L2,L2,L1,C1_3,D1_3,F1_3,L1,L1,,,
181810,L3,L3,L3,L2,L1,L1,L2,L2,L1,C1_3,D1_3,F1_3,L1,L2,,,
181811,L3,L3,L3,L2,L1,L1,L2,L2,L1,C1_3,D1_3,F1_3,L1,L3,,,
181812,L3,L3,L3,L2,L1,L1,L2,L2,L1,C1_3,D1_3,F1_3,L2,L1,,,
181813,L3,L3,L3,L2,L1,L1,L2,L2,L1,C1_3,D1_3,F1_3,L2,L2,,,
181814,L3,L3,L3,L2,L1,L1,L2,L2,L1,C1_3,D1_3,F1_3,L2,L3,,,
181815,L3,L3,L3,L2,L1,L1,L2,L2,L1,C1_3,D1_3,F1_3,L3,L1,,,
181816,L3,L3,L3,L2,L1,L1,L2,L2,L1,C1_3,D1_3,F1_3,L3,L2,,,
181817,L3,L3,L3,L2,L1,L1,L2,L2,L1,C1_3,D1_3,F1_3,L3,L3,,,
234198,L1,L2,L2,L2,L2,L1,L2,L2,L1,C1_1,D1_1,F1_1,L1,L1,,,
234199,L1,L2,L2,L2,L2,L1,L2,L2,L1,C1_1,D1_1,F1_1,L1,L2,,,
234200,L1,L2,L2,L2,L2,L1,L2,L2,L1,C1_1,D1_1,F1_1,L1,L3,,,
234201,L1,L2,L2,L2,L2,L1,L2,L2,L1,C1_1,D1_1,F1_1,L2,L1,,,
234202,L1,L2,L2,L2,L2,L1,L2,L2,L1,C1_1,D1_1,F1_1,L2,L2,,,
234203,L1,L2,L2,L2,L2,L1,L2,L2,L1,C1_1,D1_1,F1_1,L2,L3,,,
234204,L1,L2,L2,L2,L2,L1,L2,L2,L1,C1_1,D1_1,F1_1,L3,L1,,,
234205,L1,L2,L2,L2,L2,L1,L2,L2,L1,C1_1,D1_1,F1_1,L3,L2,,,
234206,L1,L2,L2,L2,L2,L1,L2,L2,L1,C1_1,D1_1,F1_1,L3,L3,,,
234207,L1,L2,L2,L2,L2,L1,L2,L2,L1,C1_1,D1_1,F1_2,L1,L1,,,
234208,L1,L2,L2,L2,L2,L1,L2,L2,L1,C1_1,D1_1,F1_2,L1,L2,,,
234209,L1,L2,L2,L2,L2,L1,L2,L2,L1,C1_1,D1_1,F1_2,L1,L3,,,
234210,L1,L2,L2,L2,L2,L1,L2,L2,L1,C1_1,D1_1,F1_2,L2,L1,,,
234211,L1,L2,L2,L2,L2,L1,L2,L2,L1,C1_1,D1_1,F1_2,L2,L2,,,
234212,L1,L2,L2,L2,L2,L1,L2,L2,L1,C1_1,D1_1,F1_2,L2,L3,,,
234213,L1,L2,L2,L2,L2,L1,L2,L2,L1,C1_1,D1_1,F1_2,L3,L1,,,
234214,L1,L2,L2,L2,L2,L1,L2,L2,L1,C1_1,D1_1,F1_2,L3,L2,,,
234215,L1,L2,L2,L2,L2,L1,L2,L2,L1,C1_1,D1_1,F1_2,L3,L3,,,
234216,L1,L2,L2,L2,L2,L1,L2,L2,L1,C1_1,D1_1,F1_3,L1,L1,,,
234217,L1,L2,L2,L2,L2,L1,L2,L2,L1,C1_1,D1_1,F1_3,L1,L2,,,
234218,L1,L2,L2,L2,L2,L1,L2,L2,L1,C1_1,D1_1,F1_3,L1,L3,,,
234219,L1,L2,L2,L2,L2,L1,L2,L2,L1,C1_1,D1_1,F1_3,L2,L1,,,
234220,L1,L2,L2,L2,L2,L1,L2,L2,L1,C1_1,D1_1,F1_3,L2,L2,,,
234221,L1,L2,L2,L2,L2,L1,L2,L2,L1,C1_1,D1_1,F1_3,L2,L3,,,
234222,L1,L2,L2,L2,L2,L1,L2,L2,L1,C1_1,D1_1,F1_3,L3,L1,,,
234223,L1,L2,L2,L2,L2,L1,L2,L2,L1,C1_1,D1_1,F1_3,L3,L2,,,
234224,L1,L2,L2,L2,L2,L1,L2,L2,L1,C1_1,D1_1,F1_3,L3,L3,,,
234225,L1,L2,L2,L2,L2,L1,L2,L2,L1,C1_1,D1_2,F1_1,L1,L1,,,
234226,L1,L2,L2,L2,L2,L1,L2,L2,L1,C1_1,D1_2,F1_1,L1,L2,,,
234227,L1,L2,L2,L2,L2,L1,L2,L2,L1,C1_1,D1_2,F1_1,L1,L3,,,
234228,L1,L2,L2,L2,L2,L1,L2,L2,L1,C1_1,D1_2,F1_1,L2,L1,,,
234229,L1,L2,L2,L2,L2,L1,L2,L2,L1,C1_1,D1_2,F1_1,L2,L2,,,
234230,L1,L2,L2,L2,L2,L1,L2,L2,L1,C1_1,D1_2,F1_1,L2,L3,,,
234231,L1,L2,L2,L2,L2,L1,L2,L2,L1,C1_1,D1_2,F1_1,L3,L1,,,
234232,L1,L2,L2,L2,L2,L1,L2,L2,L1,C1_1,D1_2,F1_1,L3,L2,,,
234233,L1,L2,L2,L2,L2,L1,L2,L2,L1,C1_1,D1_2,F1_1,L3,L3,,,
234234,L1,L2,L2,L2,L2,L1,L2,L2,L1,C1_1,D1_2,F1_2,L1,L1,,,
234235,L1,L2,L2,L2,L2,L1,L2,L2,L1,C1_1,D1_2,F1_2,L1,L2,,,
234236,L1,L2,L2,L2,L2,L1,L2,L2,L1,C1_1,D1_2,F1_2,L1,L3,,,
234237,L1,L2,L2,L2,L2,L1,L2,L2,L1,C1_1,D1_2,F1_2,L2,L1,,,
234238,L1,L2,L2,L2,L2,L1,L2,L2,L1,C1_1,D1_2,F1_2,L2,L2,,,
234239,L1,L2,L2,L2,L2,L1,L2,L2,L1,C1_1,D1_2,F1_2,L2,L3,,,
234240,L1,L2,L2,L2,L2,L1,L2,L2,L1,C1_1,D1_2,F1_2,L3,L1,,,
234241,L1,L2,L2,L2,L2,L1,L2,L2,L1,C1_1,D1_2,F1_2,L3,L2,,,
234242,L1,L2,L2,L2,L2,L1,L2,L2,L1,C1_1,D1_2,F1_2,L3,L3,,,
234243,L1,L2,L2,L2,L2,L1,L2,L2,L1,C1_1,D1_2,F1_3,L1,L1,,,
234244,L1,L2,L2,L2,L2,L1,L2,L2,L1,C1_1,D1_2,F1_3,L1,L2,,,
234245,L1,L2,L2,L2,L2,L1,L2,L2,L1,C1_1,D1_2,F1_3,L1,L3,,,
234246,L1,L2,L2,L2,L2,L1,L2,L2,L1,C1_1,D1_2,F1_3,L2,L1,,,
234247,L1,L2,L2,L2,L2,L1,L2,L2,L1,C1_1,D1_2,F1_3,L2,L2,,,
234248,L1,L2,L2,L2,L2,L1,L2,L2,L1,C1_1,D1_2,F1_3,L2,L3,,,
234249,L1,L2,L2,L2,L2,L1,L2,L2,L1,C1_1,D1_2,F1_3,L3,L1,,,
234250,L1,L2,L2,L2,L2,L1,L2,L2,L1,C1_1,D1_2,F1_3,L3,L2,,,
234251,L1,L2,L2,L2,L2,L1,L2,L2,L1,C1_1,D1_2,F1_3,L3,L3,,,
234252,L1,L2,L2,L2,L2,L1,L2,L2,L1,C1_1,D1_3,F1_1,L1,L1,,,
234253,L1,L2,L2,L2,L2,L1,L2,L2,L1,C1_1,D1_3,F1_1,L1,L2,,,
234254,L1,L2,L2,L2,L2,L1,L2,L2,L1,C1_1,D1_3,F1_1,L1,L3,,,
234255,L1,L2,L2,L2,L2,L1,L2,L2,L1,C1_1,D1_3,F1_1,L2,L1,,,
234256,L1,L2,L2,L2,L2,L1,L2,L2,L1,C1_1,D1_3,F1_1,L2,L2,,,
234257,L1,L2,L2,L2,L2,L1,L2,L2,L1,C1_1,D1_3,F1_1,L2,L3,,,
234258,L1,L2,L2,L2,L2,L1,L2,L2,L1,C1_1,D1_3,F1_1,L3,L1,,,
234259,L1,L2,L2,L2,L2,L1,L2,L2,L1,C1_1,D1_3,F1_1,L3,L2,,,
234260,L1,L2,L2,L2,L2,L1,L2,L2,L1,C1_1,D1_3,F1_1,L3,L3,,,
234261,L1,L2,L2,L2,L2,L1,L2,L2,L1,C1_1,D1_3,F1_2,L1,L1,,,
234262,L1,L2,L2,L2,L2,L1,L2,L2,L1,C1_1,D1_3,F1_2,L1,L2,,,
234263,L1,L2,L2,L2,L2,L1,L2,L2,L1,C1_1,D1_3,F1_2,L1,L3,,,
234264,L1,L2,L2,L2,L2,L1,L2,L2,L1,C1_1,D1_3,F1_2,L2,L1,,,
234265,L1,L2,L2,L2,L2,L1,L2,L2,L1,C1_1,D1_3,F1_2,L2,L2,,,
234266,L1,L2,L2,L2,L2,L1,L2,L2,L1,C1_1,D1_3,F1_2,L2,L3,,,
234267,L1,L2,L2,L2,L2,L1,L2,L2,L1,C1_1,D1_3,F1_2,L3,L1,,,
234268,L1,L2,L2,L2,L2,L1,L2,L2,L1,C1_1,D1_3,F1_2,L3,L2,,,
234269,L1,L2,L2,L2,L2,L1,L2,L2,L1,C1_1,D1_3,F1_2,L3,L3,,,
234270,L1,L2,L2,L2,L2,L1,L2,L2,L1,C1_1,D1_3,F1_3,L1,L1,,,
234271,L1,L2,L2,L2,L2,L1,L2,L2,L1,C1_1,D1_3,F1_3,L1,L2,,,
234272,L1,L2,L2,L2,L2,L1,L2,L2,L1,C1_1,D1_3,F1_3,L1,L3,,,
234273,L1,L2,L2,L2,L2,L1,L2,L2,L1,C1_1,D1_3,F1_3,L2,L1,,,
234274,L1,L2,L2,L2,L2,L1,L2,L2,L1,C1_1,D1_3,F1_3,L2,L2,,,
234275,L1,L2,L2,L2,L2,L1,L2,L2,L1,C1_1,D1_3,F1_3,L2,L3,,,
234276,L1,L2,L2,L2,L2,L1,L2,L2,L1,C1_1,D1_3,F1_3,L3,L1,,,
234277,L1,L2,L2,L2,L2,L1,L2,L2,L1,C1_1,D1_3,F1_3,L3,L2,,,
234278,L1,L2,L2,L2,L2,L1,L2,L2,L1,C1_1,D1_3,F1_3,L3,L3,,,
234279,L1,L2,L2,L2,L2,L1,L2,L2,L1,C1_2,D1_1,F1_1,L1,L1,,,
234280,L1,L2,L2,L2,L2,L1,L2,L2,L1,C1_2,D1_1,F1_1,L1,L2,,,
234281,L1,L2,L2,L2,L2,L1,L2,L2,L1,C1_2,D1_1,F1_1,L1,L3,,,
234282,L1,L2,L2,L2,L2,L1,L2,L2,L1,C1_2,D1_1,F1_1,L2,L1,,,
234283,L1,L2,L2,L2,L2,L1,L2,L2,L1,C1_2,D1_1,F1_1,L2,L2,,,
234284,L1,L2,L2,L2,L2,L1,L2,L2,L1,C1_2,D1_1,F1_1,L2,L3,,,
234285,L1,L2,L2,L2,L2,L1,L2,L2,L1,C1_2,D1_1,F1_1,L3,L1,,,
234286,L1,L2,L2,L2,L2,L1,L2,L2,L1,C1_2,D1_1,F1_1,L3,L2,,,
234287,L1,L2,L2,L2,L2,L1,L2,L2,L1,C1_2,D1_1,F1_1,L3,L3,,,
234288,L1,L2,L2,L2,L2,L1,L2,L2,L1,C1_2,D1_1,F1_2,L1,L1,,,
234289,L1,L2,L2,L2,L2,L1,L2,L2,L1,C1_2,D1_1,F1_2,L1,L2,,,
234290,L1,L2,L2,L2,L2,L1,L2,L2,L1,C1_2,D1_1,F1_2,L1,L3,,,
234291,L1,L2,L2,L2,L2,L1,L2,L2,L1,C1_2,D1_1,F1_2,L2,L1,,,
234292,L1,L2,L2,L2,L2,L1,L2,L2,L1,C1_2,D1_1,F1_2,L2,L2,,,
234293,L1,L2,L2,L2,L2,L1,L2,L2,L1,C1_2,D1_1,F1_2,L2,L3,,,
234294,L1,L2,L2,L2,L2,L1,L2,L2,L1,C1_2,D1_1,F1_2,L3,L1,,,
234295,L1,L2,L2,L2,L2,L1,L2,L2,L1,C1_2,D1_1,F1_2,L3,L2,,,
234296,L1,L2,L2,L2,L2,L1,L2,L2,L1,C1_2,D1_1,F1_2,L3,L3,,,
234297,L1,L2,L2,L2,L2,L1,L2,L2,L1,C1_2,D1_1,F1_3,L1,L1,,,
234298,L1,L2,L2,L2,L2,L1,L2,L2,L1,C1_2,D1_1,F1_3,L1,L2,,,
234299,L1,L2,L2,L2,L2,L1,L2,L2,L1,C1_2,D1_1,F1_3,L1,L3,,,
234300,L1,L2,L2,L2,L2,L1,L2,L2,L1,C1_2,D1_1,F1_3,L2,L1,,,
234301,L1,L2,L2,L2,L2,L1,L2,L2,L1,C1_2,D1_1,F1_3,L2,L2,,,
234302,L1,L2,L2,L2,L2,L1,L2,L2,L1,C1_2,D1_1,F1_3,L2,L3,,,
234303,L1,L2,L2,L2,L2,L1,L2,L2,L1,C1_2,D1_1,F1_3,L3,L1,,,
234304,L1,L2,L2,L2,L2,L1,L2,L2,L1,C1_2,D1_1,F1_3,L3,L2,,,
234305,L1,L2,L2,L2,L2,L1,L2,L2,L1,C1_2,D1_1,F1_3,L3,L3,,,
234306,L1,L2,L2,L2,L2,L1,L2,L2,L1,C1_2,D1_2,F1_1,L1,L1,,,
234307,L1,L2,L2,L2,L2,L1,L2,L2,L1,C1_2,D1_2,F1_1,L1,L2,,,
234308,L1,L2,L2,L2,L2,L1,L2,L2,L1,C1_2,D1_2,F1_1,L1,L3,,,
234309,L1,L2,L2,L2,L2,L1,L2,L2,L1,C1_2,D1_2,F1_1,L2,L1,,,
234310,L1,L2,L2,L2,L2,L1,L2,L2,L1,C1_2,D1_2,F1_1,L2,L2,,,
234311,L1,L2,L2,L2,L2,L1,L2,L2,L1,C1_2,D1_2,F1_1,L2,L3,,,
234312,L1,L2,L2,L2,L2,L1,L2,L2,L1,C1_2,D1_2,F1_1,L3,L1,,,
234313,L1,L2,L2,L2,L2,L1,L2,L2,L1,C1_2,D1_2,F1_1,L3,L2,,,
234314,L1,L2,L2,L2,L2,L1,L2,L2,L1,C1_2,D1_2,F1_1,L3,L3,,,
234315,L1,L2,L2,L2,L2,L1,L2,L2,L1,C1_2,D1_2,F1_2,L1,L1,,,
234316,L1,L2,L2,L2,L2,L1,L2,L2,L1,C1_2,D1_2,F1_2,L1,L2,,,
234317,L1,L2,L2,L2,L2,L1,L2,L2,L1,C1_2,D1_2,F1_2,L1,L3,,,
234318,L1,L2,L2,L2,L2,L1,L2,L2,L1,C1_2,D1_2,F1_2,L2,L1,,,
234319,L1,L2,L2,L2,L2,L1,L2,L2,L1,C1_2,D1_2,F1_2,L2,L2,,,
234320,L1,L2,L2,L2,L2,L1,L2,L2,L1,C1_2,D1_2,F1_2,L2,L3,,,
234321,L1,L2,L2,L2,L2,L1,L2,L2,L1,C1_2,D1_2,F1_2,L3,L1,,,
234322,L1,L2,L2,L2,L2,L1,L2,L2,L1,C1_2,D1_2,F1_2,L3,L2,,,
234323,L1,L2,L2,L2,L2,L1,L2,L2,L1,C1_2,D1_2,F1_2,L3,L3,,,
234324,L1,L2,L2,L2,L2,L1,L2,L2,L1,C1_2,D1_2,F1_3,L1,L1,,,
234325,L1,L2,L2,L2,L2,L1,L2,L2,L1,C1_2,D1_2,F1_3,L1,L2,,,
234326,L1,L2,L2,L2,L2,L1,L2,L2,L1,C1_2,D1_2,F1_3,L1,L3,,,
234327,L1,L2,L2,L2,L2,L1,L2,L2,L1,C1_2,D1_2,F1_3,L2,L1,,,
234328,L1,L2,L2,L2,L2,L1,L2,L2,L1,C1_2,D1_2,F1_3,L2,L2,,,
234329,L1,L2,L2,L2,L2,L1,L2,L2,L1,C1_2,D1_2,F1_3,L2,L3,,,
234330,L1,L2,L2,L2,L2,L1,L2,L2,L1,C1_2,D1_2,F1_3,L3,L1,,,
234331,L1,L2,L2,L2,L2,L1,L2,L2,L1,C1_2,D1_2,F1_3,L3,L2,,,
234332,L1,L2,L2,L2,L2,L1,L2,L2,L1,C1_2,D1_2,F1_3,L3,L3,,,
234333,L1,L2,L2,L2,L2,L1,L2,L2,L1,C1_2,D1_3,F1_1,L1,L1,,,
234334,L1,L2,L2,L2,L2,L1,L2,L2,L1,C1_2,D1_3,F1_1,L1,L2,,,
234335,L1,L2,L2,L2,L2,L1,L2,L2,L1,C1_2,D1_3,F1_1,L1,L3,,,
234336,L1,L2,L2,L2,L2,L1,L2,L2,L1,C1_2,D1_3,F1_1,L2,L1,,,
234337,L1,L2,L2,L2,L2,L1,L2,L2,L1,C1_2,D1_3,F1_1,L2,L2,,,
234338,L1,L2,L2,L2,L2,L1,L2,L2,L1,C1_2,D1_3,F1_1,L2,L3,,,
234339,L1,L2,L2,L2,L2,L1,L2,L2,L1,C1_2,D1_3,F1_1,L3,L1,,,
234340,L1,L2,L2,L2,L2,L1,L2,L2,L1,C1_2,D1_3,F1_1,L3,L2,,,
234341,L1,L2,L2,L2,L2,L1,L2,L2,L1,C1_2,D1_3,F1_1,L3,L3,,,
234342,L1,L2,L2,L2,L2,L1,L2,L2,L1,C1_2,D1_3,F1_2,L1,L1,,,
234343,L1,L2,L2,L2,L2,L1,L2,L2,L1,C1_2,D1_3,F1_2,L1,L2,,,
234344,L1,L2,L2,L2,L2,L1,L2,L2,L1,C1_2,D1_3,F1_2,L1,L3,,,
234345,L1,L2,L2,L2,L2,L1,L2,L2,L1,C1_2,D1_3,F1_2,L2,L1,,,
234346,L1,L2,L2,L2,L2,L1,L2,L2,L1,C1_2,D1_3,F1_2,L2,L2,,,
234347,L1,L2,L2,L2,L2,L1,L2,L2,L1,C1_2,D1_3,F1_2,L2,L3,,,
234348,L1,L2,L2,L2,L2,L1,L2,L2,L1,C1_2,D1_3,F1_2,L3,L1,,,
234349,L1,L2,L2,L2,L2,L1,L2,L2,L1,C1_2,D1_3,F1_2,L3,L2,,,
234350,L1,L2,L2,L2,L2,L1,L2,L2,L1,C1_2,D1_3,F1_2,L3,L3,,,
234351,L1,L2,L2,L2,L2,L1,L2,L2,L1,C1_2,D1_3,F1_3,L1,L1,,,
234352,L1,L2,L2,L2,L2,L1,L2,L2,L1,C1_2,D1_3,F1_3,L1,L2,,,
234353,L1,L2,L2,L2,L2,L1,L2,L2,L1,C1_2,D1_3,F1_3,L1,L3,,,
234354,L1,L2,L2,L2,L2,L1,L2,L2,L1,C1_2,D1_3,F1_3,L2,L1,,,
234355,L1,L2,L2,L2,L2,L1,L2,L2,L1,C1_2,D1_3,F1_3,L2,L2,,,
234356,L1,L2,L2,L2,L2,L1,L2,L2,L1,C1_2,D1_3,F1_3,L2,L3,,,
234357,L1,L2,L2,L2,L2,L1,L2,L2,L1,C1_2,D1_3,F1_3,L3,L1,,,
234358,L1,L2,L2,L2,L2,L1,L2,L2,L1,C1_2,D1_3,F1_3,L3,L2,,,
234359,L1,L2,L2,L2,L2,L1,L2,L2,L1,C1_2,D1_3,F1_3,L3,L3,,,
234360,L1,L2,L2,L2,L2,L1,L2,L2,L1,C1_3,D1_1,F1_1,L1,L1,,,
234361,L1,L2,L2,L2,L2,L1,L2,L2,L1,C1_3,D1_1,F1_1,L1,L2,,,
234362,L1,L2,L2,L2,L2,L1,L2,L2,L1,C1_3,D1_1,F1_1,L1,L3,,,
234363,L1,L2,L2,L2,L2,L1,L2,L2,L1,C1_3,D1_1,F1_1,L2,L1,,,
234364,L1,L2,L2,L2,L2,L1,L2,L2,L1,C1_3,D1_1,F1_1,L2,L2,,,
234365,L1,L2,L2,L2,L2,L1,L2,L2,L1,C1_3,D1_1,F1_1,L2,L3,,,
234366,L1,L2,L2,L2,L2,L1,L2,L2,L1,C1_3,D1_1,F1_1,L3,L1,,,
234367,L1,L2,L2,L2,L2,L1,L2,L2,L1,C1_3,D1_1,F1_1,L3,L2,,,
234368,L1,L2,L2,L2,L2,L1,L2,L2,L1,C1_3,D1_1,F1_1,L3,L3,,,
234369,L1,L2,L2,L2,L2,L1,L2,L2,L1,C1_3,D1_1,F1_2,L1,L1,,,
234370,L1,L2,L2,L2,L2,L1,L2,L2,L1,C1_3,D1_1,F1_2,L1,L2,,,
234371,L1,L2,L2,L2,L2,L1,L2,L2,L1,C1_3,D1_1,F1_2,L1,L3,,,
234372,L1,L2,L2,L2,L2,L1,L2,L2,L1,C1_3,D1_1,F1_2,L2,L1,,,
234373,L1,L2,L2,L2,L2,L1,L2,L2,L1,C1_3,D1_1,F1_2,L2,L2,,,
234374,L1,L2,L2,L2,L2,L1,L2,L2,L1,C1_3,D1_1,F1_2,L2,L3,,,
234375,L1,L2,L2,L2,L2,L1,L2,L2,L1,C1_3,D1_1,F1_2,L3,L1,,,
234376,L1,L2,L2,L2,L2,L1,L2,L2,L1,C1_3,D1_1,F1_2,L3,L2,,,
234377,L1,L2,L2,L2,L2,L1,L2,L2,L1,C1_3,D1_1,F1_2,L3,L3,,,
234378,L1,L2,L2,L2,L2,L1,L2,L2,L1,C1_3,D1_1,F1_3,L1,L1,,,
234379,L1,L2,L2,L2,L2,L1,L2,L2,L1,C1_3,D1_1,F1_3,L1,L2,,,
234380,L1,L2,L2,L2,L2,L1,L2,L2,L1,C1_3,D1_1,F1_3,L1,L3,,,
234381,L1,L2,L2,L2,L2,L1,L2,L2,L1,C1_3,D1_1,F1_3,L2,L1,,,
234382,L1,L2,L2,L2,L2,L1,L2,L2,L1,C1_3,D1_1,F1_3,L2,L2,,,
234383,L1,L2,L2,L2,L2,L1,L2,L2,L1,C1_3,D1_1,F1_3,L2,L3,,,
234384,L1,L2,L2,L2,L2,L1,L2,L2,L1,C1_3,D1_1,F1_3,L3,L1,,,
234385,L1,L2,L2,L2,L2,L1,L2,L2,L1,C1_3,D1_1,F1_3,L3,L2,,,
234386,L1,L2,L2,L2,L2,L1,L2,L2,L1,C1_3,D1_1,F1_3,L3,L3,,,
234387,L1,L2,L2,L2,L2,L1,L2,L2,L1,C1_3,D1_2,F1_1,L1,L1,,,
234388,L1,L2,L2,L2,L2,L1,L2,L2,L1,C1_3,D1_2,F1_1,L1,L2,,,
234389,L1,L2,L2,L2,L2,L1,L2,L2,L1,C1_3,D1_2,F1_1,L1,L3,,,
234390,L1,L2,L2,L2,L2,L1,L2,L2,L1,C1_3,D1_2,F1_1,L2,L1,,,
234391,L1,L2,L2,L2,L2,L1,L2,L2,L1,C1_3,D1_2,F1_1,L2,L2,,,
234392,L1,L2,L2,L2,L2,L1,L2,L2,L1,C1_3,D1_2,F1_1,L2,L3,,,
234393,L1,L2,L2,L2,L2,L1,L2,L2,L1,C1_3,D1_2,F1_1,L3,L1,,,
234394,L1,L2,L2,L2,L2,L1,L2,L2,L1,C1_3,D1_2,F1_1,L3,L2,,,
234395,L1,L2,L2,L2,L2,L1,L2,L2,L1,C1_3,D1_2,F1_1,L3,L3,,,
234396,L1,L2,L2,L2,L2,L1,L2,L2,L1,C1_3,D1_2,F1_2,L1,L1,,,
234397,L1,L2,L2,L2,L2,L1,L2,L2,L1,C1_3,D1_2,F1_2,L1,L2,,,
234398,L1,L2,L2,L2,L2,L1,L2,L2,L1,C1_3,D1_2,F1_2,L1,L3,,,
234399,L1,L2,L2,L2,L2,L1,L2,L2,L1,C1_3,D1_2,F1_2,L2,L1,,,
234400,L1,L2,L2,L2,L2,L1,L2,L2,L1,C1_3,D1_2,F1_2,L2,L2,,,
234401,L1,L2,L2,L2,L2,L1,L2,L2,L1,C1_3,D1_2,F1_2,L2,L3,,,
234402,L1,L2,L2,L2,L2,L1,L2,L2,L1,C1_3,D1_2,F1_2,L3,L1,,,
234403,L1,L2,L2,L2,L2,L1,L2,L2,L1,C1_3,D1_2,F1_2,L3,L2,,,
234404,L1,L2,L2,L2,L2,L1,L2,L2,L1,C1_3,D1_2,F1_2,L3,L3,,,
234405,L1,L2,L2,L2,L2,L1,L2,L2,L1,C1_3,D1_2,F1_3,L1,L1,,,
234406,L1,L2,L2,L2,L2,L1,L2,L2,L1,C1_3,D1_2,F1_3,L1,L2,,,
234407,L1,L2,L2,L2,L2,L1,L2,L2,L1,C1_3,D1_2,F1_3,L1,L3,,,
234408,L1,L2,L2,L2,L2,L1,L2,L2,L1,C1_3,D1_2,F1_3,L2,L1,,,
234409,L1,L2,L2,L2,L2,L1,L2,L2,L1,C1_3,D1_2,F1_3,L2,L2,,,
234410,L1,L2,L2,L2,L2,L1,L2,L2,L1,C1_3,D1_2,F1_3,L2,L3,,,
234411,L1,L2,L2,L2,L2,L1,L2,L2,L1,C1_3,D1_2,F1_3,L3,L1,,,
234412,L1,L2,L2,L2,L2,L1,L2,L2,L1,C1_3,D1_2,F1_3,L3,L2,,,
234413,L1,L2,L2,L2,L2,L1,L2,L2,L1,C1_3,D1_2,F1_3,L3,L3,,,
234414,L1,L2,L2,L2,L2,L1,L2,L2,L1,C1_3,D1_3,F1_1,L1,L1,,,
234415,L1,L2,L2,L2,L2,L1,L2,L2,L1,C1_3,D1_3,F1_1,L1,L2,,,
234416,L1,L2,L2,L2,L2,L1,L2,L2,L1,C1_3,D1_3,F1_1,L1,L3,,,
234417,L1,L2,L2,L2,L2,L1,L2,L2,L1,C1_3,D1_3,F1_1,L2,L1,,,
234418,L1,L2,L2,L2,L2,L1,L2,L2,L1,C1_3,D1_3,F1_1,L2,L2,,,
234419,L1,L2,L2,L2,L2,L1,L2,L2,L1,C1_3,D1_3,F1_1,L2,L3,,,
234420,L1,L2,L2,L2,L2,L1,L2,L2,L1,C1_3,D1_3,F1_1,L3,L1,,,
234421,L1,L2,L2,L2,L2,L1,L2,L2,L1,C1_3,D1_3,F1_1,L3,L2,,,
234422,L1,L2,L2,L2,L2,L1,L2,L2,L1,C1_3,D1_3,F1_1,L3,L3,,,
234423,L1,L2,L2,L2,L2,L1,L2,L2,L1,C1_3,D1_3,F1_2,L1,L1,,,
234424,L1,L2,L2,L2,L2,L1,L2,L2,L1,C1_3,D1_3,F1_2,L1,L2,,,
234425,L1,L2,L2,L2,L2,L1,L2,L2,L1,C1_3,D1_3,F1_2,L1,L3,,,
234426,L1,L2,L2,L2,L2,L1,L2,L2,L1,C1_3,D1_3,F1_2,L2,L1,,,
234427,L1,L2,L2,L2,L2,L1,L2,L2,L1,C1_3,D1_3,F1_2,L2,L2,,,
234428,L1,L2,L2,L2,L2,L1,L2,L2,L1,C1_3,D1_3,F1_2,L2,L3,,,
234429,L1,L2,L2,L2,L2,L1,L2,L2,L1,C1_3,D1_3,F1_2,L3,L1,,,
234430,L1,L2,L2,L2,L2,L1,L2,L2,L1,C1_3,D1_3,F1_2,L3,L2,,,
234431,L1,L2,L2,L2,L2,L1,L2,L2,L1,C1_3,D1_3,F1_2,L3,L3,,,
234432,L1,L2,L2,L2,L2,L1,L2,L2,L1,C1_3,D1_3,F1_3,L1,L1,,,
234433,L1,L2,L2,L2,L2,L1,L2,L2,L1,C1_3,D1_3,F1_3,L1,L2,,,
234434,L1,L2,L2,L2,L2,L1,L2,L2,L1,C1_3,D1_3,F1_3,L1,L3,,,
234435,L1,L2,L2,L2,L2,L1,L2,L2,L1,C1_3,D1_3,F1_3,L2,L1,,,
234436,L1,L2,L2,L2,L2,L1,L2,L2,L1,C1_3,D1_3,F1_3,L2,L2,,,
234437,L1,L2,L2,L2,L2,L1,L2,L2,L1,C1_3,D1_3,F1_3,L2,L3,,,
234438,L1,L2,L2,L2,L2,L1,L2,L2,L1,C1_3,D1_3,F1_3,L3,L1,,,
234439,L1,L2,L2,L2,L2,L1,L2,L2,L1,C1_3,D1_3,F1_3,L3,L2,,,
234440,L1,L2,L2,L2,L2,L1,L2,L2,L1,C1_3,D1_3,F1_3,L3,L3,,,
243270,L2,L2,L2,L1,L2,L1,L2,L2,L1,C1_1,D1_1,F1_1,L1,L1,,,
243271,L2,L2,L2,L1,L2,L1,L2,L2,L1,C1_1,D1_1,F1_1,L1,L2,,,
243272,L2,L2,L2,L1,L2,L1,L2,L2,L1,C1_1,D1_1,F1_1,L1,L3,,,
243273,L2,L2,L2,L1,L2,L1,L2,L2,L1,C1_1,D1_1,F1_1,L2,L1,,,
243274,L2,L2,L2,L1,L2,L1,L2,L2,L1,C1_1,D1_1,F1_1,L2,L2,,,
243275,L2,L2,L2,L1,L2,L1,L2,L2,L1,C1_1,D1_1,F1_1,L2,L3,,,
243276,L2,L2,L2,L1,L2,L1,L2,L2,L1,C1_1,D1_1,F1_1,L3,L1,,,
243277,L2,L2,L2,L1,L2,L1,L2,L2,L1,C1_1,D1_1,F1_1,L3,L2,,,
243278,L2,L2,L2,L1,L2,L1,L2,L2,L1,C1_1,D1_1,F1_1,L3,L3,,,
243279,L2,L2,L2,L1,L2,L1,L2,L2,L1,C1_1,D1_1,F1_2,L1,L1,,,
243280,L2,L2,L2,L1,L2,L1,L2,L2,L1,C1_1,D1_1,F1_2,L1,L2,,,
243281,L2,L2,L2,L1,L2,L1,L2,L2,L1,C1_1,D1_1,F1_2,L1,L3,,,
243282,L2,L2,L2,L1,L2,L1,L2,L2,L1,C1_1,D1_1,F1_2,L2,L1,,,
243283,L2,L2,L2,L1,L2,L1,L2,L2,L1,C1_1,D1_1,F1_2,L2,L2,,,
243284,L2,L2,L2,L1,L2,L1,L2,L2,L1,C1_1,D1_1,F1_2,L2,L3,,,
243285,L2,L2,L2,L1,L2,L1,L2,L2,L1,C1_1,D1_1,F1_2,L3,L1,,,
243286,L2,L2,L2,L1,L2,L1,L2,L2,L1,C1_1,D1_1,F1_2,L3,L2,,,
243287,L2,L2,L2,L1,L2,L1,L2,L2,L1,C1_1,D1_1,F1_2,L3,L3,,,
243288,L2,L2,L2,L1,L2,L1,L2,L2,L1,C1_1,D1_1,F1_3,L1,L1,,,
243289,L2,L2,L2,L1,L2,L1,L2,L2,L1,C1_1,D1_1,F1_3,L1,L2,,,
243290,L2,L2,L2,L1,L2,L1,L2,L2,L1,C1_1,D1_1,F1_3,L1,L3,,,
243291,L2,L2,L2,L1,L2,L1,L2,L2,L1,C1_1,D1_1,F1_3,L2,L1,,,
243292,L2,L2,L2,L1,L2,L1,L2,L2,L1,C1_1,D1_1,F1_3,L2,L2,,,
243293,L2,L2,L2,L1,L2,L1,L2,L2,L1,C1_1,D1_1,F1_3,L2,L3,,,
243294,L2,L2,L2,L1,L2,L1,L2,L2,L1,C1_1,D1_1,F1_3,L3,L1,,,
243295,L2,L2,L2,L1,L2,L1,L2,L2,L1,C1_1,D1_1,F1_3,L3,L2,,,
243296,L2,L2,L2,L1,L2,L1,L2,L2,L1,C1_1,D1_1,F1_3,L3,L3,,,
243297,L2,L2,L2,L1,L2,L1,L2,L2,L1,C1_1,D1_2,F1_1,L1,L1,,,
243298,L2,L2,L2,L1,L2,L1,L2,L2,L1,C1_1,D1_2,F1_1,L1,L2,,,
243299,L2,L2,L2,L1,L2,L1,L2,L2,L1,C1_1,D1_2,F1_1,L1,L3,,,
243300,L2,L2,L2,L1,L2,L1,L2,L2,L1,C1_1,D1_2,F1_1,L2,L1,,,
243301,L2,L2,L2,L1,L2,L1,L2,L2,L1,C1_1,D1_2,F1_1,L2,L2,,,
243302,L2,L2,L2,L1,L2,L1,L2,L2,L1,C1_1,D1_2,F1_1,L2,L3,,,
243303,L2,L2,L2,L1,L2,L1,L2,L2,L1,C1_1,D1_2,F1_1,L3,L1,,,
243304,L2,L2,L2,L1,L2,L1,L2,L2,L1,C1_1,D1_2,F1_1,L3,L2,,,
243305,L2,L2,L2,L1,L2,L1,L2,L2,L1,C1_1,D1_2,F1_1,L3,L3,,,
243306,L2,L2,L2,L1,L2,L1,L2,L2,L1,C1_1,D1_2,F1_2,L1,L1,,,
243307,L2,L2,L2,L1,L2,L1,L2,L2,L1,C1_1,D1_2,F1_2,L1,L2,,,
243308,L2,L2,L2,L1,L2,L1,L2,L2,L1,C1_1,D1_2,F1_2,L1,L3,,,
243309,L2,L2,L2,L1,L2,L1,L2,L2,L1,C1_1,D1_2,F1_2,L2,L1,,,
243310,L2,L2,L2,L1,L2,L1,L2,L2,L1,C1_1,D1_2,F1_2,L2,L2,,,
243311,L2,L2,L2,L1,L2,L1,L2,L2,L1,C1_1,D1_2,F1_2,L2,L3,,,
243312,L2,L2,L2,L1,L2,L1,L2,L2,L1,C1_1,D1_2,F1_2,L3,L1,,,
243313,L2,L2,L2,L1,L2,L1,L2,L2,L1,C1_1,D1_2,F1_2,L3,L2,,,
243314,L2,L2,L2,L1,L2,L1,L2,L2,L1,C1_1,D1_2,F1_2,L3,L3,,,
243315,L2,L2,L2,L1,L2,L1,L2,L2,L1,C1_1,D1_2,F1_3,L1,L1,,,
243316,L2,L2,L2,L1,L2,L1,L2,L2,L1,C1_1,D1_2,F1_3,L1,L2,,,
243317,L2,L2,L2,L1,L2,L1,L2,L2,L1,C1_1,D1_2,F1_3,L1,L3,,,
243318,L2,L2,L2,L1,L2,L1,L2,L2,L1,C1_1,D1_2,F1_3,L2,L1,,,
243319,L2,L2,L2,L1,L2,L1,L2,L2,L1,C1_1,D1_2,F1_3,L2,L2,,,
243320,L2,L2,L2,L1,L2,L1,L2,L2,L1,C1_1,D1_2,F1_3,L2,L3,,,
243321,L2,L2,L2,L1,L2,L1,L2,L2,L1,C1_1,D1_2,F1_3,L3,L1,,,
243322,L2,L2,L2,L1,L2,L1,L2,L2,L1,C1_1,D1_2,F1_3,L3,L2,,,
243323,L2,L2,L2,L1,L2,L1,L2,L2,L1,C1_1,D1_2,F1_3,L3,L3,,,
243324,L2,L2,L2,L1,L2,L1,L2,L2,L1,C1_1,D1_3,F1_1,L1,L1,,,
243325,L2,L2,L2,L1,L2,L1,L2,L2,L1,C1_1,D1_3,F1_1,L1,L2,,,
243326,L2,L2,L2,L1,L2,L1,L2,L2,L1,C1_1,D1_3,F1_1,L1,L3,,,
243327,L2,L2,L2,L1,L2,L1,L2,L2,L1,C1_1,D1_3,F1_1,L2,L1,,,
243328,L2,L2,L2,L1,L2,L1,L2,L2,L1,C1_1,D1_3,F1_1,L2,L2,,,
243329,L2,L2,L2,L1,L2,L1,L2,L2,L1,C1_1,D1_3,F1_1,L2,L3,,,
243330,L2,L2,L2,L1,L2,L1,L2,L2,L1,C1_1,D1_3,F1_1,L3,L1,,,
243331,L2,L2,L2,L1,L2,L1,L2,L2,L1,C1_1,D1_3,F1_1,L3,L2,,,
243332,L2,L2,L2,L1,L2,L1,L2,L2,L1,C1_1,D1_3,F1_1,L3,L3,,,
243333,L2,L2,L2,L1,L2,L1,L2,L2,L1,C1_1,D1_3,F1_2,L1,L1,,,
243334,L2,L2,L2,L1,L2,L1,L2,L2,L1,C1_1,D1_3,F1_2,L1,L2,,,
243335,L2,L2,L2,L1,L2,L1,L2,L2,L1,C1_1,D1_3,F1_2,L1,L3,,,
243336,L2,L2,L2,L1,L2,L1,L2,L2,L1,C1_1,D1_3,F1_2,L2,L1,,,
243337,L2,L2,L2,L1,L2,L1,L2,L2,L1,C1_1,D1_3,F1_2,L2,L2,,,
243338,L2,L2,L2,L1,L2,L1,L2,L2,L1,C1_1,D1_3,F1_2,L2,L3,,,
243339,L2,L2,L2,L1,L2,L1,L2,L2,L1,C1_1,D1_3,F1_2,L3,L1,,,
243340,L2,L2,L2,L1,L2,L1,L2,L2,L1,C1_1,D1_3,F1_2,L3,L2,,,
243341,L2,L2,L2,L1,L2,L1,L2,L2,L1,C1_1,D1_3,F1_2,L3,L3,,,
243342,L2,L2,L2,L1,L2,L1,L2,L2,L1,C1_1,D1_3,F1_3,L1,L1,,,
243343,L2,L2,L2,L1,L2,L1,L2,L2,L1,C1_1,D1_3,F1_3,L1,L2,,,
243344,L2,L2,L2,L1,L2,L1,L2,L2,L1,C1_1,D1_3,F1_3,L1,L3,,,
243345,L2,L2,L2,L1,L2,L1,L2,L2,L1,C1_1,D1_3,F1_3,L2,L1,,,
243346,L2,L2,L2,L1,L2,L1,L2,L2,L1,C1_1,D1_3,F1_3,L2,L2,,,
243347,L2,L2,L2,L1,L2,L1,L2,L2,L1,C1_1,D1_3,F1_3,L2,L3,,,
243348,L2,L2,L2,L1,L2,L1,L2,L2,L1,C1_1,D1_3,F1_3,L3,L1,,,
243349,L2,L2,L2,L1,L2,L1,L2,L2,L1,C1_1,D1_3,F1_3,L3,L2,,,
243350,L2,L2,L2,L1,L2,L1,L2,L2,L1,C1_1,D1_3,F1_3,L3,L3,,,
243351,L2,L2,L2,L1,L2,L1,L2,L2,L1,C1_2,D1_1,F1_1,L1,L1,,,
243352,L2,L2,L2,L1,L2,L1,L2,L2,L1,C1_2,D1_1,F1_1,L1,L2,,,
243353,L2,L2,L2,L1,L2,L1,L2,L2,L1,C1_2,D1_1,F1_1,L1,L3,,,
243354,L2,L2,L2,L1,L2,L1,L2,L2,L1,C1_2,D1_1,F1_1,L2,L1,,,
243355,L2,L2,L2,L1,L2,L1,L2,L2,L1,C1_2,D1_1,F1_1,L2,L2,,,
243356,L2,L2,L2,L1,L2,L1,L2,L2,L1,C1_2,D1_1,F1_1,L2,L3,,,
243357,L2,L2,L2,L1,L2,L1,L2,L2,L1,C1_2,D1_1,F1_1,L3,L1,,,
243358,L2,L2,L2,L1,L2,L1,L2,L2,L1,C1_2,D1_1,F1_1,L3,L2,,,
243359,L2,L2,L2,L1,L2,L1,L2,L2,L1,C1_2,D1_1,F1_1,L3,L3,,,
243360,L2,L2,L2,L1,L2,L1,L2,L2,L1,C1_2,D1_1,F1_2,L1,L1,,,
243361,L2,L2,L2,L1,L2,L1,L2,L2,L1,C1_2,D1_1,F1_2,L1,L2,,,
243362,L2,L2,L2,L1,L2,L1,L2,L2,L1,C1_2,D1_1,F1_2,L1,L3,,,
243363,L2,L2,L2,L1,L2,L1,L2,L2,L1,C1_2,D1_1,F1_2,L2,L1,,,
243364,L2,L2,L2,L1,L2,L1,L2,L2,L1,C1_2,D1_1,F1_2,L2,L2,,,
243365,L2,L2,L2,L1,L2,L1,L2,L2,L1,C1_2,D1_1,F1_2,L2,L3,,,
243366,L2,L2,L2,L1,L2,L1,L2,L2,L1,C1_2,D1_1,F1_2,L3,L1,,,
243367,L2,L2,L2,L1,L2,L1,L2,L2,L1,C1_2,D1_1,F1_2,L3,L2,,,
243368,L2,L2,L2,L1,L2,L1,L2,L2,L1,C1_2,D1_1,F1_2,L3,L3,,,
243369,L2,L2,L2,L1,L2,L1,L2,L2,L1,C1_2,D1_1,F1_3,L1,L1,,,
243370,L2,L2,L2,L1,L2,L1,L2,L2,L1,C1_2,D1_1,F1_3,L1,L2,,,
243371,L2,L2,L2,L1,L2,L1,L2,L2,L1,C1_2,D1_1,F1_3,L1,L3,,,
243372,L2,L2,L2,L1,L2,L1,L2,L2,L1,C1_2,D1_1,F1_3,L2,L1,,,
243373,L2,L2,L2,L1,L2,L1,L2,L2,L1,C1_2,D1_1,F1_3,L2,L2,,,
243374,L2,L2,L2,L1,L2,L1,L2,L2,L1,C1_2,D1_1,F1_3,L2,L3,,,
243375,L2,L2,L2,L1,L2,L1,L2,L2,L1,C1_2,D1_1,F1_3,L3,L1,,,
243376,L2,L2,L2,L1,L2,L1,L2,L2,L1,C1_2,D1_1,F1_3,L3,L2,,,
243377,L2,L2,L2,L1,L2,L1,L2,L2,L1,C1_2,D1_1,F1_3,L3,L3,,,
243378,L2,L2,L2,L1,L2,L1,L2,L2,L1,C1_2,D1_2,F1_1,L1,L1,,,
243379,L2,L2,L2,L1,L2,L1,L2,L2,L1,C1_2,D1_2,F1_1,L1,L2,,,
243380,L2,L2,L2,L1,L2,L1,L2,L2,L1,C1_2,D1_2,F1_1,L1,L3,,,
243381,L2,L2,L2,L1,L2,L1,L2,L2,L1,C1_2,D1_2,F1_1,L2,L1,,,
243382,L2,L2,L2,L1,L2,L1,L2,L2,L1,C1_2,D1_2,F1_1,L2,L2,,,
243383,L2,L2,L2,L1,L2,L1,L2,L2,L1,C1_2,D1_2,F1_1,L2,L3,,,
243384,L2,L2,L2,L1,L2,L1,L2,L2,L1,C1_2,D1_2,F1_1,L3,L1,,,
243385,L2,L2,L2,L1,L2,L1,L2,L2,L1,C1_2,D1_2,F1_1,L3,L2,,,
243386,L2,L2,L2,L1,L2,L1,L2,L2,L1,C1_2,D1_2,F1_1,L3,L3,,,
243387,L2,L2,L2,L1,L2,L1,L2,L2,L1,C1_2,D1_2,F1_2,L1,L1,,,
243388,L2,L2,L2,L1,L2,L1,L2,L2,L1,C1_2,D1_2,F1_2,L1,L2,,,
243389,L2,L2,L2,L1,L2,L1,L2,L2,L1,C1_2,D1_2,F1_2,L1,L3,,,
243390,L2,L2,L2,L1,L2,L1,L2,L2,L1,C1_2,D1_2,F1_2,L2,L1,,,
243391,L2,L2,L2,L1,L2,L1,L2,L2,L1,C1_2,D1_2,F1_2,L2,L2,,,
243392,L2,L2,L2,L1,L2,L1,L2,L2,L1,C1_2,D1_2,F1_2,L2,L3,,,
243393,L2,L2,L2,L1,L2,L1,L2,L2,L1,C1_2,D1_2,F1_2,L3,L1,,,
243394,L2,L2,L2,L1,L2,L1,L2,L2,L1,C1_2,D1_2,F1_2,L3,L2,,,
243395,L2,L2,L2,L1,L2,L1,L2,L2,L1,C1_2,D1_2,F1_2,L3,L3,,,
243396,L2,L2,L2,L1,L2,L1,L2,L2,L1,C1_2,D1_2,F1_3,L1,L1,,,
243397,L2,L2,L2,L1,L2,L1,L2,L2,L1,C1_2,D1_2,F1_3,L1,L2,,,
243398,L2,L2,L2,L1,L2,L1,L2,L2,L1,C1_2,D1_2,F1_3,L1,L3,,,
243399,L2,L2,L2,L1,L2,L1,L2,L2,L1,C1_2,D1_2,F1_3,L2,L1,,,
243400,L2,L2,L2,L1,L2,L1,L2,L2,L1,C1_2,D1_2,F1_3,L2,L2,,,
243401,L2,L2,L2,L1,L2,L1,L2,L2,L1,C1_2,D1_2,F1_3,L2,L3,,,
243402,L2,L2,L2,L1,L2,L1,L2,L2,L1,C1_2,D1_2,F1_3,L3,L1,,,
243403,L2,L2,L2,L1,L2,L1,L2,L2,L1,C1_2,D1_2,F1_3,L3,L2,,,
243404,L2,L2,L2,L1,L2,L1,L2,L2,L1,C1_2,D1_2,F1_3,L3,L3,,,
243405,L2,L2,L2,L1,L2,L1,L2,L2,L1,C1_2,D1_3,F1_1,L1,L1,,,
243406,L2,L2,L2,L1,L2,L1,L2,L2,L1,C1_2,D1_3,F1_1,L1,L2,,,
243407,L2,L2,L2,L1,L2,L1,L2,L2,L1,C1_2,D1_3,F1_1,L1,L3,,,
243408,L2,L2,L2,L1,L2,L1,L2,L2,L1,C1_2,D1_3,F1_1,L2,L1,,,
243409,L2,L2,L2,L1,L2,L1,L2,L2,L1,C1_2,D1_3,F1_1,L2,L2,,,
243410,L2,L2,L2,L1,L2,L1,L2,L2,L1,C1_2,D1_3,F1_1,L2,L3,,,
243411,L2,L2,L2,L1,L2,L1,L2,L2,L1,C1_2,D1_3,F1_1,L3,L1,,,
243412,L2,L2,L2,L1,L2,L1,L2,L2,L1,C1_2,D1_3,F1_1,L3,L2,,,
243413,L2,L2,L2,L1,L2,L1,L2,L2,L1,C1_2,D1_3,F1_1,L3,L3,,,
243414,L2,L2,L2,L1,L2,L1,L2,L2,L1,C1_2,D1_3,F1_2,L1,L1,,,
243415,L2,L2,L2,L1,L2,L1,L2,L2,L1,C1_2,D1_3,F1_2,L1,L2,,,
243416,L2,L2,L2,L1,L2,L1,L2,L2,L1,C1_2,D1_3,F1_2,L1,L3,,,
243417,L2,L2,L2,L1,L2,L1,L2,L2,L1,C1_2,D1_3,F1_2,L2,L1,,,
243418,L2,L2,L2,L1,L2,L1,L2,L2,L1,C1_2,D1_3,F1_2,L2,L2,,,
243419,L2,L2,L2,L1,L2,L1,L2,L2,L1,C1_2,D1_3,F1_2,L2,L3,,,
243420,L2,L2,L2,L1,L2,L1,L2,L2,L1,C1_2,D1_3,F1_2,L3,L1,,,
243421,L2,L2,L2,L1,L2,L1,L2,L2,L1,C1_2,D1_3,F1_2,L3,L2,,,
243422,L2,L2,L2,L1,L2,L1,L2,L2,L1,C1_2,D1_3,F1_2,L3,L3,,,
243423,L2,L2,L2,L1,L2,L1,L2,L2,L1,C1_2,D1_3,F1_3,L1,L1,,,
243424,L2,L2,L2,L1,L2,L1,L2,L2,L1,C1_2,D1_3,F1_3,L1,L2,,,
243425,L2,L2,L2,L1,L2,L1,L2,L2,L1,C1_2,D1_3,F1_3,L1,L3,,,
243426,L2,L2,L2,L1,L2,L1,L2,L2,L1,C1_2,D1_3,F1_3,L2,L1,,,
243427,L2,L2,L2,L1,L2,L1,L2,L2,L1,C1_2,D1_3,F1_3,L2,L2,,,
243428,L2,L2,L2,L1,L2,L1,L2,L2,L1,C1_2,D1_3,F1_3,L2,L3,,,
243429,L2,L2,L2,L1,L2,L1,L2,L2,L1,C1_2,D1_3,F1_3,L3,L1,,,
243430,L2,L2,L2,L1,L2,L1,L2,L2,L1,C1_2,D1_3,F1_3,L3,L2,,,
243431,L2,L2,L2,L1,L2,L1,L2,L2,L1,C1_2,D1_3,F1_3,L3,L3,,,
243432,L2,L2,L2,L1,L2,L1,L2,L2,L1,C1_3,D1_1,F1_1,L1,L1,,,
243433,L2,L2,L2,L1,L2,L1,L2,L2,L1,C1_3,D1_1,F1_1,L1,L2,,,
243434,L2,L2,L2,L1,L2,L1,L2,L2,L1,C1_3,D1_1,F1_1,L1,L3,,,
243435,L2,L2,L2,L1,L2,L1,L2,L2,L1,C1_3,D1_1,F1_1,L2,L1,,,
243436,L2,L2,L2,L1,L2,L1,L2,L2,L1,C1_3,D1_1,F1_1,L2,L2,,,
243437,L2,L2,L2,L1,L2,L1,L2,L2,L1,C1_3,D1_1,F1_1,L2,L3,,,
243438,L2,L2,L2,L1,L2,L1,L2,L2,L1,C1_3,D1_1,F1_1,L3,L1,,,
243439,L2,L2,L2,L1,L2,L1,L2,L2,L1,C1_3,D1_1,F1_1,L3,L2,,,
243440,L2,L2,L2,L1,L2,L1,L2,L2,L1,C1_3,D1_1,F1_1,L3,L3,,,
243441,L2,L2,L2,L1,L2,L1,L2,L2,L1,C1_3,D1_1,F1_2,L1,L1,,,
243442,L2,L2,L2,L1,L2,L1,L2,L2,L1,C1_3,D1_1,F1_2,L1,L2,,,
243443,L2,L2,L2,L1,L2,L1,L2,L2,L1,C1_3,D1_1,F1_2,L1,L3,,,
243444,L2,L2,L2,L1,L2,L1,L2,L2,L1,C1_3,D1_1,F1_2,L2,L1,,,
243445,L2,L2,L2,L1,L2,L1,L2,L2,L1,C1_3,D1_1,F1_2,L2,L2,,,
243446,L2,L2,L2,L1,L2,L1,L2,L2,L1,C1_3,D1_1,F1_2,L2,L3,,,
243447,L2,L2,L2,L1,L2,L1,L2,L2,L1,C1_3,D1_1,F1_2,L3,L1,,,
243448,L2,L2,L2,L1,L2,L1,L2,L2,L1,C1_3,D1_1,F1_2,L3,L2,,,
243449,L2,L2,L2,L1,L2,L1,L2,L2,L1,C1_3,D1_1,F1_2,L3,L3,,,
243450,L2,L2,L2,L1,L2,L1,L2,L2,L1,C1_3,D1_1,F1_3,L1,L1,,,
243451,L2,L2,L2,L1,L2,L1,L2,L2,L1,C1_3,D1_1,F1_3,L1,L2,,,
243452,L2,L2,L2,L1,L2,L1,L2,L2,L1,C1_3,D1_1,F1_3,L1,L3,,,
243453,L2,L2,L2,L1,L2,L1,L2,L2,L1,C1_3,D1_1,F1_3,L2,L1,,,
243454,L2,L2,L2,L1,L2,L1,L2,L2,L1,C1_3,D1_1,F1_3,L2,L2,,,
243455,L2,L2,L2,L1,L2,L1,L2,L2,L1,C1_3,D1_1,F1_3,L2,L3,,,
243456,L2,L2,L2,L1,L2,L1,L2,L2,L1,C1_3,D1_1,F1_3,L3,L1,,,
243457,L2,L2,L2,L1,L2,L1,L2,L2,L1,C1_3,D1_1,F1_3,L3,L2,,,
243458,L2,L2,L2,L1,L2,L1,L2,L2,L1,C1_3,D1_1,F1_3,L3,L3,,,
243459,L2,L2,L2,L1,L2,L1,L2,L2,L1,C1_3,D1_2,F1_1,L1,L1,,,
243460,L2,L2,L2,L1,L2,L1,L2,L2,L1,C1_3,D1_2,F1_1,L1,L2,,,
243461,L2,L2,L2,L1,L2,L1,L2,L2,L1,C1_3,D1_2,F1_1,L1,L3,,,
243462,L2,L2,L2,L1,L2,L1,L2,L2,L1,C1_3,D1_2,F1_1,L2,L1,,,
243463,L2,L2,L2,L1,L2,L1,L2,L2,L1,C1_3,D1_2,F1_1,L2,L2,,,
243464,L2,L2,L2,L1,L2,L1,L2,L2,L1,C1_3,D1_2,F1_1,L2,L3,,,
243465,L2,L2,L2,L1,L2,L1,L2,L2,L1,C1_3,D1_2,F1_1,L3,L1,,,
243466,L2,L2,L2,L1,L2,L1,L2,L2,L1,C1_3,D1_2,F1_1,L3,L2,,,
243467,L2,L2,L2,L1,L2,L1,L2,L2,L1,C1_3,D1_2,F1_1,L3,L3,,,
243468,L2,L2,L2,L1,L2,L1,L2,L2,L1,C1_3,D1_2,F1_2,L1,L1,,,
243469,L2,L2,L2,L1,L2,L1,L2,L2,L1,C1_3,D1_2,F1_2,L1,L2,,,
243470,L2,L2,L2,L1,L2,L1,L2,L2,L1,C1_3,D1_2,F1_2,L1,L3,,,
243471,L2,L2,L2,L1,L2,L1,L2,L2,L1,C1_3,D1_2,F1_2,L2,L1,,,
243472,L2,L2,L2,L1,L2,L1,L2,L2,L1,C1_3,D1_2,F1_2,L2,L2,,,
243473,L2,L2,L2,L1,L2,L1,L2,L2,L1,C1_3,D1_2,F1_2,L2,L3,,,
243474,L2,L2,L2,L1,L2,L1,L2,L2,L1,C1_3,D1_2,F1_2,L3,L1,,,
243475,L2,L2,L2,L1,L2,L1,L2,L2,L1,C1_3,D1_2,F1_2,L3,L2,,,
243476,L2,L2,L2,L1,L2,L1,L2,L2,L1,C1_3,D1_2,F1_2,L3,L3,,,
243477,L2,L2,L2,L1,L2,L1,L2,L2,L1,C1_3,D1_2,F1_3,L1,L1,,,
243478,L2,L2,L2,L1,L2,L1,L2,L2,L1,C1_3,D1_2,F1_3,L1,L2,,,
243479,L2,L2,L2,L1,L2,L1,L2,L2,L1,C1_3,D1_2,F1_3,L1,L3,,,
243480,L2,L2,L2,L1,L2,L1,L2,L2,L1,C1_3,D1_2,F1_3,L2,L1,,,
243481,L2,L2,L2,L1,L2,L1,L2,L2,L1,C1_3,D1_2,F1_3,L2,L2,,,
243482,L2,L2,L2,L1,L2,L1,L2,L2,L1,C1_3,D1_2,F1_3,L2,L3,,,
243483,L2,L2,L2,L1,L2,L1,L2,L2,L1,C1_3,D1_2,F1_3,L3,L1,,,
243484,L2,L2,L2,L1,L2,L1,L2,L2,L1,C1_3,D1_2,F1_3,L3,L2,,,
243485,L2,L2,L2,L1,L2,L1,L2,L2,L1,C1_3,D1_2,F1_3,L3,L3,,,
243486,L2,L2,L2,L1,L2,L1,L2,L2,L1,C1_3,D1_3,F1_1,L1,L1,,,
243487,L2,L2,L2,L1,L2,L1,L2,L2,L1,C1_3,D1_3,F1_1,L1,L2,,,
243488,L2,L2,L2,L1,L2,L1,L2,L2,L1,C1_3,D1_3,F1_1,L1,L3,,,
243489,L2,L2,L2,L1,L2,L1,L2,L2,L1,C1_3,D1_3,F1_1,L2,L1,,,
243490,L2,L2,L2,L1,L2,L1,L2,L2,L1,C1_3,D1_3,F1_1,L2,L2,,,
243491,L2,L2,L2,L1,L2,L1,L2,L2,L1,C1_3,D1_3,F1_1,L2,L3,,,
243492,L2,L2,L2,L1,L2,L1,L2,L2,L1,C1_3,D1_3,F1_1,L3,L1,,,
243493,L2,L2,L2,L1,L2,L1,L2,L2,L1,C1_3,D1_3,F1_1,L3,L2,,,
243494,L2,L2,L2,L1,L2,L1,L2,L2,L1,C1_3,D1_3,F1_1,L3,L3,,,
243495,L2,L2,L2,L1,L2,L1,L2,L2,L1,C1_3,D1_3,F1_2,L1,L1,,,
243496,L2,L2,L2,L1,L2,L1,L2,L2,L1,C1_3,D1_3,F1_2,L1,L2,,,
243497,L2,L2,L2,L1,L2,L1,L2,L2,L1,C1_3,D1_3,F1_2,L1,L3,,,
243498,L2,L2,L2,L1,L2,L1,L2,L2,L1,C1_3,D1_3,F1_2,L2,L1,,,
243499,L2,L2,L2,L1,L2,L1,L2,L2,L1,C1_3,D1_3,F1_2,L2,L2,,,
243500,L2,L2,L2,L1,L2,L1,L2,L2,L1,C1_3,D1_3,F1_2,L2,L3,,,
243501,L2,L2,L2,L1,L2,L1,L2,L2,L1,C1_3,D1_3,F1_2,L3,L1,,,
243502,L2,L2,L2,L1,L2,L1,L2,L2,L1,C1_3,D1_3,F1_2,L3,L2,,,
243503,L2,L2,L2,L1,L2,L1,L2,L2,L1,C1_3,D1_3,F1_2,L3,L3,,,
243504,L2,L2,L2,L1,L2,L1,L2,L2,L1,C1_3,D1_3,F1_3,L1,L1,,,
243505,L2,L2,L2,L1,L2,L1,L2,L2,L1,C1_3,D1_3,F1_3,L1,L2,,,
243506,L2,L2,L2,L1,L2,L1,L2,L2,L1,C1_3,D1_3,F1_3,L1,L3,,,
243507,L2,L2,L2,L1,L2,L1,L2,L2,L1,C1_3,D1_3,F1_3,L2,L1,,,
243508,L2,L2,L2,L1,L2,L1,L2,L2,L1,C1_3,D1_3,F1_3,L2,L2,,,
243509,L2,L2,L2,L1,L2,L1,L2,L2,L1,C1_3,D1_3,F1_3,L2,L3,,,
243510,L2,L2,L2,L1,L2,L1,L2,L2,L1,C1_3,D1_3,F1_3,L3,L1,,,
243511,L2,L2,L2,L1,L2,L1,L2,L2,L1,C1_3,D1_3,F1_3,L3,L2,,,
243512,L2,L2,L2,L1,L2,L1,L2,L2,L1,C1_3,D1_3,F1_3,L3,L3,,,
285228,L3,L1,L1,L3,L3,L1,L2,L2,L1,C1_1,D1_1,F1_1,L1,L1,,,
285229,L3,L1,L1,L3,L3,L1,L2,L2,L1,C1_1,D1_1,F1_1,L1,L2,,,
285230,L3,L1,L1,L3,L3,L1,L2,L2,L1,C1_1,D1_1,F1_1,L1,L3,,,
285231,L3,L1,L1,L3,L3,L1,L2,L2,L1,C1_1,D1_1,F1_1,L2,L1,,,
285232,L3,L1,L1,L3,L3,L1,L2,L2,L1,C1_1,D1_1,F1_1,L2,L2,,,
285233,L3,L1,L1,L3,L3,L1,L2,L2,L1,C1_1,D1_1,F1_1,L2,L3,,,
285234,L3,L1,L1,L3,L3,L1,L2,L2,L1,C1_1,D1_1,F1_1,L3,L1,,,
285235,L3,L1,L1,L3,L3,L1,L2,L2,L1,C1_1,D1_1,F1_1,L3,L2,,,
285236,L3,L1,L1,L3,L3,L1,L2,L2,L1,C1_1,D1_1,F1_1,L3,L3,,,
285237,L3,L1,L1,L3,L3,L1,L2,L2,L1,C1_1,D1_1,F1_2,L1,L1,,,
285238,L3,L1,L1,L3,L3,L1,L2,L2,L1,C1_1,D1_1,F1_2,L1,L2,,,
285239,L3,L1,L1,L3,L3,L1,L2,L2,L1,C1_1,D1_1,F1_2,L1,L3,,,
285240,L3,L1,L1,L3,L3,L1,L2,L2,L1,C1_1,D1_1,F1_2,L2,L1,,,
285241,L3,L1,L1,L3,L3,L1,L2,L2,L1,C1_1,D1_1,F1_2,L2,L2,,,
285242,L3,L1,L1,L3,L3,L1,L2,L2,L1,C1_1,D1_1,F1_2,L2,L3,,,
285243,L3,L1,L1,L3,L3,L1,L2,L2,L1,C1_1,D1_1,F1_2,L3,L1,,,
285244,L3,L1,L1,L3,L3,L1,L2,L2,L1,C1_1,D1_1,F1_2,L3,L2,,,
285245,L3,L1,L1,L3,L3,L1,L2,L2,L1,C1_1,D1_1,F1_2,L3,L3,,,
285246,L3,L1,L1,L3,L3,L1,L2,L2,L1,C1_1,D1_1,F1_3,L1,L1,,,
285247,L3,L1,L1,L3,L3,L1,L2,L2,L1,C1_1,D1_1,F1_3,L1,L2,,,
285248,L3,L1,L1,L3,L3,L1,L2,L2,L1,C1_1,D1_1,F1_3,L1,L3,,,
285249,L3,L1,L1,L3,L3,L1,L2,L2,L1,C1_1,D1_1,F1_3,L2,L1,,,
285250,L3,L1,L1,L3,L3,L1,L2,L2,L1,C1_1,D1_1,F1_3,L2,L2,,,
285251,L3,L1,L1,L3,L3,L1,L2,L2,L1,C1_1,D1_1,F1_3,L2,L3,,,
285252,L3,L1,L1,L3,L3,L1,L2,L2,L1,C1_1,D1_1,F1_3,L3,L1,,,
285253,L3,L1,L1,L3,L3,L1,L2,L2,L1,C1_1,D1_1,F1_3,L3,L2,,,
285254,L3,L1,L1,L3,L3,L1,L2,L2,L1,C1_1,D1_1,F1_3,L3,L3,,,
285255,L3,L1,L1,L3,L3,L1,L2,L2,L1,C1_1,D1_2,F1_1,L1,L1,,,
285256,L3,L1,L1,L3,L3,L1,L2,L2,L1,C1_1,D1_2,F1_1,L1,L2,,,
285257,L3,L1,L1,L3,L3,L1,L2,L2,L1,C1_1,D1_2,F1_1,L1,L3,,,
285258,L3,L1,L1,L3,L3,L1,L2,L2,L1,C1_1,D1_2,F1_1,L2,L1,,,
285259,L3,L1,L1,L3,L3,L1,L2,L2,L1,C1_1,D1_2,F1_1,L2,L2,,,
285260,L3,L1,L1,L3,L3,L1,L2,L2,L1,C1_1,D1_2,F1_1,L2,L3,,,
285261,L3,L1,L1,L3,L3,L1,L2,L2,L1,C1_1,D1_2,F1_1,L3,L1,,,
285262,L3,L1,L1,L3,L3,L1,L2,L2,L1,C1_1,D1_2,F1_1,L3,L2,,,
285263,L3,L1,L1,L3,L3,L1,L2,L2,L1,C1_1,D1_2,F1_1,L3,L3,,,
285264,L3,L1,L1,L3,L3,L1,L2,L2,L1,C1_1,D1_2,F1_2,L1,L1,,,
285265,L3,L1,L1,L3,L3,L1,L2,L2,L1,C1_1,D1_2,F1_2,L1,L2,,,
285266,L3,L1,L1,L3,L3,L1,L2,L2,L1,C1_1,D1_2,F1_2,L1,L3,,,
285267,L3,L1,L1,L3,L3,L1,L2,L2,L1,C1_1,D1_2,F1_2,L2,L1,,,
285268,L3,L1,L1,L3,L3,L1,L2,L2,L1,C1_1,D1_2,F1_2,L2,L2,,,
285269,L3,L1,L1,L3,L3,L1,L2,L2,L1,C1_1,D1_2,F1_2,L2,L3,,,
285270,L3,L1,L1,L3,L3,L1,L2,L2,L1,C1_1,D1_2,F1_2,L3,L1,,,
285271,L3,L1,L1,L3,L3,L1,L2,L2,L1,C1_1,D1_2,F1_2,L3,L2,,,
285272,L3,L1,L1,L3,L3,L1,L2,L2,L1,C1_1,D1_2,F1_2,L3,L3,,,
285273,L3,L1,L1,L3,L3,L1,L2,L2,L1,C1_1,D1_2,F1_3,L1,L1,,,
285274,L3,L1,L1,L3,L3,L1,L2,L2,L1,C1_1,D1_2,F1_3,L1,L2,,,
285275,L3,L1,L1,L3,L3,L1,L2,L2,L1,C1_1,D1_2,F1_3,L1,L3,,,
285276,L3,L1,L1,L3,L3,L1,L2,L2,L1,C1_1,D1_2,F1_3,L2,L1,,,
285277,L3,L1,L1,L3,L3,L1,L2,L2,L1,C1_1,D1_2,F1_3,L2,L2,,,
285278,L3,L1,L1,L3,L3,L1,L2,L2,L1,C1_1,D1_2,F1_3,L2,L3,,,
285279,L3,L1,L1,L3,L3,L1,L2,L2,L1,C1_1,D1_2,F1_3,L3,L1,,,
285280,L3,L1,L1,L3,L3,L1,L2,L2,L1,C1_1,D1_2,F1_3,L3,L2,,,
285281,L3,L1,L1,L3,L3,L1,L2,L2,L1,C1_1,D1_2,F1_3,L3,L3,,,
285282,L3,L1,L1,L3,L3,L1,L2,L2,L1,C1_1,D1_3,F1_1,L1,L1,,,
285283,L3,L1,L1,L3,L3,L1,L2,L2,L1,C1_1,D1_3,F1_1,L1,L2,,,
285284,L3,L1,L1,L3,L3,L1,L2,L2,L1,C1_1,D1_3,F1_1,L1,L3,,,
285285,L3,L1,L1,L3,L3,L1,L2,L2,L1,C1_1,D1_3,F1_1,L2,L1,,,
285286,L3,L1,L1,L3,L3,L1,L2,L2,L1,C1_1,D1_3,F1_1,L2,L2,,,
285287,L3,L1,L1,L3,L3,L1,L2,L2,L1,C1_1,D1_3,F1_1,L2,L3,,,
285288,L3,L1,L1,L3,L3,L1,L2,L2,L1,C1_1,D1_3,F1_1,L3,L1,,,
285289,L3,L1,L1,L3,L3,L1,L2,L2,L1,C1_1,D1_3,F1_1,L3,L2,,,
285290,L3,L1,L1,L3,L3,L1,L2,L2,L1,C1_1,D1_3,F1_1,L3,L3,,,
285291,L3,L1,L1,L3,L3,L1,L2,L2,L1,C1_1,D1_3,F1_2,L1,L1,,,
285292,L3,L1,L1,L3,L3,L1,L2,L2,L1,C1_1,D1_3,F1_2,L1,L2,,,
285293,L3,L1,L1,L3,L3,L1,L2,L2,L1,C1_1,D1_3,F1_2,L1,L3,,,
285294,L3,L1,L1,L3,L3,L1,L2,L2,L1,C1_1,D1_3,F1_2,L2,L1,,,
285295,L3,L1,L1,L3,L3,L1,L2,L2,L1,C1_1,D1_3,F1_2,L2,L2,,,
285296,L3,L1,L1,L3,L3,L1,L2,L2,L1,C1_1,D1_3,F1_2,L2,L3,,,
285297,L3,L1,L1,L3,L3,L1,L2,L2,L1,C1_1,D1_3,F1_2,L3,L1,,,
285298,L3,L1,L1,L3,L3,L1,L2,L2,L1,C1_1,D1_3,F1_2,L3,L2,,,
285299,L3,L1,L1,L3,L3,L1,L2,L2,L1,C1_1,D1_3,F1_2,L3,L3,,,
285300,L3,L1,L1,L3,L3,L1,L2,L2,L1,C1_1,D1_3,F1_3,L1,L1,,,
285301,L3,L1,L1,L3,L3,L1,L2,L2,L1,C1_1,D1_3,F1_3,L1,L2,,,
285302,L3,L1,L1,L3,L3,L1,L2,L2,L1,C1_1,D1_3,F1_3,L1,L3,,,
285303,L3,L1,L1,L3,L3,L1,L2,L2,L1,C1_1,D1_3,F1_3,L2,L1,,,
285304,L3,L1,L1,L3,L3,L1,L2,L2,L1,C1_1,D1_3,F1_3,L2,L2,,,
285305,L3,L1,L1,L3,L3,L1,L2,L2,L1,C1_1,D1_3,F1_3,L2,L3,,,
285306,L3,L1,L1,L3,L3,L1,L2,L2,L1,C1_1,D1_3,F1_3,L3,L1,,,
285307,L3,L1,L1,L3,L3,L1,L2,L2,L1,C1_1,D1_3,F1_3,L3,L2,,,
285308,L3,L1,L1,L3,L3,L1,L2,L2,L1,C1_1,D1_3,F1_3,L3,L3,,,
285309,L3,L1,L1,L3,L3,L1,L2,L2,L1,C1_2,D1_1,F1_1,L1,L1,,,
285310,L3,L1,L1,L3,L3,L1,L2,L2,L1,C1_2,D1_1,F1_1,L1,L2,,,
285311,L3,L1,L1,L3,L3,L1,L2,L2,L1,C1_2,D1_1,F1_1,L1,L3,,,
285312,L3,L1,L1,L3,L3,L1,L2,L2,L1,C1_2,D1_1,F1_1,L2,L1,,,
285313,L3,L1,L1,L3,L3,L1,L2,L2,L1,C1_2,D1_1,F1_1,L2,L2,,,
285314,L3,L1,L1,L3,L3,L1,L2,L2,L1,C1_2,D1_1,F1_1,L2,L3,,,
285315,L3,L1,L1,L3,L3,L1,L2,L2,L1,C1_2,D1_1,F1_1,L3,L1,,,
285316,L3,L1,L1,L3,L3,L1,L2,L2,L1,C1_2,D1_1,F1_1,L3,L2,,,
285317,L3,L1,L1,L3,L3,L1,L2,L2,L1,C1_2,D1_1,F1_1,L3,L3,,,
285318,L3,L1,L1,L3,L3,L1,L2,L2,L1,C1_2,D1_1,F1_2,L1,L1,,,
285319,L3,L1,L1,L3,L3,L1,L2,L2,L1,C1_2,D1_1,F1_2,L1,L2,,,
285320,L3,L1,L1,L3,L3,L1,L2,L2,L1,C1_2,D1_1,F1_2,L1,L3,,,
285321,L3,L1,L1,L3,L3,L1,L2,L2,L1,C1_2,D1_1,F1_2,L2,L1,,,
285322,L3,L1,L1,L3,L3,L1,L2,L2,L1,C1_2,D1_1,F1_2,L2,L2,,,
285323,L3,L1,L1,L3,L3,L1,L2,L2,L1,C1_2,D1_1,F1_2,L2,L3,,,
285324,L3,L1,L1,L3,L3,L1,L2,L2,L1,C1_2,D1_1,F1_2,L3,L1,,,
285325,L3,L1,L1,L3,L3,L1,L2,L2,L1,C1_2,D1_1,F1_2,L3,L2,,,
285326,L3,L1,L1,L3,L3,L1,L2,L2,L1,C1_2,D1_1,F1_2,L3,L3,,,
285327,L3,L1,L1,L3,L3,L1,L2,L2,L1,C1_2,D1_1,F1_3,L1,L1,,,
285328,L3,L1,L1,L3,L3,L1,L2,L2,L1,C1_2,D1_1,F1_3,L1,L2,,,
285329,L3,L1,L1,L3,L3,L1,L2,L2,L1,C1_2,D1_1,F1_3,L1,L3,,,
285330,L3,L1,L1,L3,L3,L1,L2,L2,L1,C1_2,D1_1,F1_3,L2,L1,,,
285331,L3,L1,L1,L3,L3,L1,L2,L2,L1,C1_2,D1_1,F1_3,L2,L2,,,
285332,L3,L1,L1,L3,L3,L1,L2,L2,L1,C1_2,D1_1,F1_3,L2,L3,,,
285333,L3,L1,L1,L3,L3,L1,L2,L2,L1,C1_2,D1_1,F1_3,L3,L1,,,
285334,L3,L1,L1,L3,L3,L1,L2,L2,L1,C1_2,D1_1,F1_3,L3,L2,,,
285335,L3,L1,L1,L3,L3,L1,L2,L2,L1,C1_2,D1_1,F1_3,L3,L3,,,
285336,L3,L1,L1,L3,L3,L1,L2,L2,L1,C1_2,D1_2,F1_1,L1,L1,,,
285337,L3,L1,L1,L3,L3,L1,L2,L2,L1,C1_2,D1_2,F1_1,L1,L2,,,
285338,L3,L1,L1,L3,L3,L1,L2,L2,L1,C1_2,D1_2,F1_1,L1,L3,,,
285339,L3,L1,L1,L3,L3,L1,L2,L2,L1,C1_2,D1_2,F1_1,L2,L1,,,
285340,L3,L1,L1,L3,L3,L1,L2,L2,L1,C1_2,D1_2,F1_1,L2,L2,,,
285341,L3,L1,L1,L3,L3,L1,L2,L2,L1,C1_2,D1_2,F1_1,L2,L3,,,
285342,L3,L1,L1,L3,L3,L1,L2,L2,L1,C1_2,D1_2,F1_1,L3,L1,,,
285343,L3,L1,L1,L3,L3,L1,L2,L2,L1,C1_2,D1_2,F1_1,L3,L2,,,
285344,L3,L1,L1,L3,L3,L1,L2,L2,L1,C1_2,D1_2,F1_1,L3,L3,,,
285345,L3,L1,L1,L3,L3,L1,L2,L2,L1,C1_2,D1_2,F1_2,L1,L1,,,
285346,L3,L1,L1,L3,L3,L1,L2,L2,L1,C1_2,D1_2,F1_2,L1,L2,,,
285347,L3,L1,L1,L3,L3,L1,L2,L2,L1,C1_2,D1_2,F1_2,L1,L3,,,
285348,L3,L1,L1,L3,L3,L1,L2,L2,L1,C1_2,D1_2,F1_2,L2,L1,,,
285349,L3,L1,L1,L3,L3,L1,L2,L2,L1,C1_2,D1_2,F1_2,L2,L2,,,
285350,L3,L1,L1,L3,L3,L1,L2,L2,L1,C1_2,D1_2,F1_2,L2,L3,,,
285351,L3,L1,L1,L3,L3,L1,L2,L2,L1,C1_2,D1_2,F1_2,L3,L1,,,
285352,L3,L1,L1,L3,L3,L1,L2,L2,L1,C1_2,D1_2,F1_2,L3,L2,,,
285353,L3,L1,L1,L3,L3,L1,L2,L2,L1,C1_2,D1_2,F1_2,L3,L3,,,
285354,L3,L1,L1,L3,L3,L1,L2,L2,L1,C1_2,D1_2,F1_3,L1,L1,,,
285355,L3,L1,L1,L3,L3,L1,L2,L2,L1,C1_2,D1_2,F1_3,L1,L2,,,
285356,L3,L1,L1,L3,L3,L1,L2,L2,L1,C1_2,D1_2,F1_3,L1,L3,,,
285357,L3,L1,L1,L3,L3,L1,L2,L2,L1,C1_2,D1_2,F1_3,L2,L1,,,
285358,L3,L1,L1,L3,L3,L1,L2,L2,L1,C1_2,D1_2,F1_3,L2,L2,,,
285359,L3,L1,L1,L3,L3,L1,L2,L2,L1,C1_2,D1_2,F1_3,L2,L3,,,
285360,L3,L1,L1,L3,L3,L1,L2,L2,L1,C1_2,D1_2,F1_3,L3,L1,,,
285361,L3,L1,L1,L3,L3,L1,L2,L2,L1,C1_2,D1_2,F1_3,L3,L2,,,
285362,L3,L1,L1,L3,L3,L1,L2,L2,L1,C1_2,D1_2,F1_3,L3,L3,,,
285363,L3,L1,L1,L3,L3,L1,L2,L2,L1,C1_2,D1_3,F1_1,L1,L1,,,
285364,L3,L1,L1,L3,L3,L1,L2,L2,L1,C1_2,D1_3,F1_1,L1,L2,,,
285365,L3,L1,L1,L3,L3,L1,L2,L2,L1,C1_2,D1_3,F1_1,L1,L3,,,
285366,L3,L1,L1,L3,L3,L1,L2,L2,L1,C1_2,D1_3,F1_1,L2,L1,,,
285367,L3,L1,L1,L3,L3,L1,L2,L2,L1,C1_2,D1_3,F1_1,L2,L2,,,
285368,L3,L1,L1,L3,L3,L1,L2,L2,L1,C1_2,D1_3,F1_1,L2,L3,,,
285369,L3,L1,L1,L3,L3,L1,L2,L2,L1,C1_2,D1_3,F1_1,L3,L1,,,
285370,L3,L1,L1,L3,L3,L1,L2,L2,L1,C1_2,D1_3,F1_1,L3,L2,,,
285371,L3,L1,L1,L3,L3,L1,L2,L2,L1,C1_2,D1_3,F1_1,L3,L3,,,
285372,L3,L1,L1,L3,L3,L1,L2,L2,L1,C1_2,D1_3,F1_2,L1,L1,,,
285373,L3,L1,L1,L3,L3,L1,L2,L2,L1,C1_2,D1_3,F1_2,L1,L2,,,
285374,L3,L1,L1,L3,L3,L1,L2,L2,L1,C1_2,D1_3,F1_2,L1,L3,,,
285375,L3,L1,L1,L3,L3,L1,L2,L2,L1,C1_2,D1_3,F1_2,L2,L1,,,
285376,L3,L1,L1,L3,L3,L1,L2,L2,L1,C1_2,D1_3,F1_2,L2,L2,,,
285377,L3,L1,L1,L3,L3,L1,L2,L2,L1,C1_2,D1_3,F1_2,L2,L3,,,
285378,L3,L1,L1,L3,L3,L1,L2,L2,L1,C1_2,D1_3,F1_2,L3,L1,,,
285379,L3,L1,L1,L3,L3,L1,L2,L2,L1,C1_2,D1_3,F1_2,L3,L2,,,
285380,L3,L1,L1,L3,L3,L1,L2,L2,L1,C1_2,D1_3,F1_2,L3,L3,,,
285381,L3,L1,L1,L3,L3,L1,L2,L2,L1,C1_2,D1_3,F1_3,L1,L1,,,
285382,L3,L1,L1,L3,L3,L1,L2,L2,L1,C1_2,D1_3,F1_3,L1,L2,,,
285383,L3,L1,L1,L3,L3,L1,L2,L2,L1,C1_2,D1_3,F1_3,L1,L3,,,
285384,L3,L1,L1,L3,L3,L1,L2,L2,L1,C1_2,D1_3,F1_3,L2,L1,,,
285385,L3,L1,L1,L3,L3,L1,L2,L2,L1,C1_2,D1_3,F1_3,L2,L2,,,
285386,L3,L1,L1,L3,L3,L1,L2,L2,L1,C1_2,D1_3,F1_3,L2,L3,,,
285387,L3,L1,L1,L3,L3,L1,L2,L2,L1,C1_2,D1_3,F1_3,L3,L1,,,
285388,L3,L1,L1,L3,L3,L1,L2,L2,L1,C1_2,D1_3,F1_3,L3,L2,,,
285389,L3,L1,L1,L3,L3,L1,L2,L2,L1,C1_2,D1_3,F1_3,L3,L3,,,
285390,L3,L1,L1,L3,L3,L1,L2,L2,L1,C1_3,D1_1,F1_1,L1,L1,,,
285391,L3,L1,L1,L3,L3,L1,L2,L2,L1,C1_3,D1_1,F1_1,L1,L2,,,
285392,L3,L1,L1,L3,L3,L1,L2,L2,L1,C1_3,D1_1,F1_1,L1,L3,,,
285393,L3,L1,L1,L3,L3,L1,L2,L2,L1,C1_3,D1_1,F1_1,L2,L1,,,
285394,L3,L1,L1,L3,L3,L1,L2,L2,L1,C1_3,D1_1,F1_1,L2,L2,,,
285395,L3,L1,L1,L3,L3,L1,L2,L2,L1,C1_3,D1_1,F1_1,L2,L3,,,
285396,L3,L1,L1,L3,L3,L1,L2,L2,L1,C1_3,D1_1,F1_1,L3,L1,,,
285397,L3,L1,L1,L3,L3,L1,L2,L2,L1,C1_3,D1_1,F1_1,L3,L2,,,
285398,L3,L1,L1,L3,L3,L1,L2,L2,L1,C1_3,D1_1,F1_1,L3,L3,,,
285399,L3,L1,L1,L3,L3,L1,L2,L2,L1,C1_3,D1_1,F1_2,L1,L1,,,
285400,L3,L1,L1,L3,L3,L1,L2,L2,L1,C1_3,D1_1,F1_2,L1,L2,,,
285401,L3,L1,L1,L3,L3,L1,L2,L2,L1,C1_3,D1_1,F1_2,L1,L3,,,
285402,L3,L1,L1,L3,L3,L1,L2,L2,L1,C1_3,D1_1,F1_2,L2,L1,,,
285403,L3,L1,L1,L3,L3,L1,L2,L2,L1,C1_3,D1_1,F1_2,L2,L2,,,
285404,L3,L1,L1,L3,L3,L1,L2,L2,L1,C1_3,D1_1,F1_2,L2,L3,,,
285405,L3,L1,L1,L3,L3,L1,L2,L2,L1,C1_3,D1_1,F1_2,L3,L1,,,
285406,L3,L1,L1,L3,L3,L1,L2,L2,L1,C1_3,D1_1,F1_2,L3,L2,,,
285407,L3,L1,L1,L3,L3,L1,L2,L2,L1,C1_3,D1_1,F1_2,L3,L3,,,
285408,L3,L1,L1,L3,L3,L1,L2,L2,L1,C1_3,D1_1,F1_3,L1,L1,,,
285409,L3,L1,L1,L3,L3,L1,L2,L2,L1,C1_3,D1_1,F1_3,L1,L2,,,
285410,L3,L1,L1,L3,L3,L1,L2,L2,L1,C1_3,D1_1,F1_3,L1,L3,,,
285411,L3,L1,L1,L3,L3,L1,L2,L2,L1,C1_3,D1_1,F1_3,L2,L1,,,
285412,L3,L1,L1,L3,L3,L1,L2,L2,L1,C1_3,D1_1,F1_3,L2,L2,,,
285413,L3,L1,L1,L3,L3,L1,L2,L2,L1,C1_3,D1_1,F1_3,L2,L3,,,
285414,L3,L1,L1,L3,L3,L1,L2,L2,L1,C1_3,D1_1,F1_3,L3,L1,,,
285415,L3,L1,L1,L3,L3,L1,L2,L2,L1,C1_3,D1_1,F1_3,L3,L2,,,
285416,L3,L1,L1,L3,L3,L1,L2,L2,L1,C1_3,D1_1,F1_3,L3,L3,,,
285417,L3,L1,L1,L3,L3,L1,L2,L2,L1,C1_3,D1_2,F1_1,L1,L1,,,
285418,L3,L1,L1,L3,L3,L1,L2,L2,L1,C1_3,D1_2,F1_1,L1,L2,,,
285419,L3,L1,L1,L3,L3,L1,L2,L2,L1,C1_3,D1_2,F1_1,L1,L3,,,
285420,L3,L1,L1,L3,L3,L1,L2,L2,L1,C1_3,D1_2,F1_1,L2,L1,,,
285421,L3,L1,L1,L3,L3,L1,L2,L2,L1,C1_3,D1_2,F1_1,L2,L2,,,
285422,L3,L1,L1,L3,L3,L1,L2,L2,L1,C1_3,D1_2,F1_1,L2,L3,,,
285423,L3,L1,L1,L3,L3,L1,L2,L2,L1,C1_3,D1_2,F1_1,L3,L1,,,
285424,L3,L1,L1,L3,L3,L1,L2,L2,L1,C1_3,D1_2,F1_1,L3,L2,,,
285425,L3,L1,L1,L3,L3,L1,L2,L2,L1,C1_3,D1_2,F1_1,L3,L3,,,
285426,L3,L1,L1,L3,L3,L1,L2,L2,L1,C1_3,D1_2,F1_2,L1,L1,,,
285427,L3,L1,L1,L3,L3,L1,L2,L2,L1,C1_3,D1_2,F1_2,L1,L2,,,
285428,L3,L1,L1,L3,L3,L1,L2,L2,L1,C1_3,D1_2,F1_2,L1,L3,,,
285429,L3,L1,L1,L3,L3,L1,L2,L2,L1,C1_3,D1_2,F1_2,L2,L1,,,
285430,L3,L1,L1,L3,L3,L1,L2,L2,L1,C1_3,D1_2,F1_2,L2,L2,,,
285431,L3,L1,L1,L3,L3,L1,L2,L2,L1,C1_3,D1_2,F1_2,L2,L3,,,
285432,L3,L1,L1,L3,L3,L1,L2,L2,L1,C1_3,D1_2,F1_2,L3,L1,,,
285433,L3,L1,L1,L3,L3,L1,L2,L2,L1,C1_3,D1_2,F1_2,L3,L2,,,
285434,L3,L1,L1,L3,L3,L1,L2,L2,L1,C1_3,D1_2,F1_2,L3,L3,,,
285435,L3,L1,L1,L3,L3,L1,L2,L2,L1,C1_3,D1_2,F1_3,L1,L1,,,
285436,L3,L1,L1,L3,L3,L1,L2,L2,L1,C1_3,D1_2,F1_3,L1,L2,,,
285437,L3,L1,L1,L3,L3,L1,L2,L2,L1,C1_3,D1_2,F1_3,L1,L3,,,
285438,L3,L1,L1,L3,L3,L1,L2,L2,L1,C1_3,D1_2,F1_3,L2,L1,,,
285439,L3,L1,L1,L3,L3,L1,L2,L2,L1,C1_3,D1_2,F1_3,L2,L2,,,
285440,L3,L1,L1,L3,L3,L1,L2,L2,L1,C1_3,D1_2,F1_3,L2,L3,,,
285441,L3,L1,L1,L3,L3,L1,L2,L2,L1,C1_3,D1_2,F1_3,L3,L1,,,
285442,L3,L1,L1,L3,L3,L1,L2,L2,L1,C1_3,D1_2,F1_3,L3,L2,,,
285443,L3,L1,L1,L3,L3,L1,L2,L2,L1,C1_3,D1_2,F1_3,L3,L3,,,
285444,L3,L1,L1,L3,L3,L1,L2,L2,L1,C1_3,D1_3,F1_1,L1,L1,,,
285445,L3,L1,L1,L3,L3,L1,L2,L2,L1,C1_3,D1_3,F1_1,L1,L2,,,
285446,L3,L1,L1,L3,L3,L1,L2,L2,L1,C1_3,D1_3,F1_1,L1,L3,,,
285447,L3,L1,L1,L3,L3,L1,L2,L2,L1,C1_3,D1_3,F1_1,L2,L1,,,
285448,L3,L1,L1,L3,L3,L1,L2,L2,L1,C1_3,D1_3,F1_1,L2,L2,,,
285449,L3,L1,L1,L3,L3,L1,L2,L2,L1,C1_3,D1_3,F1_1,L2,L3,,,
285450,L3,L1,L1,L3,L3,L1,L2,L2,L1,C1_3,D1_3,F1_1,L3,L1,,,
285451,L3,L1,L1,L3,L3,L1,L2,L2,L1,C1_3,D1_3,F1_1,L3,L2,,,
285452,L3,L1,L1,L3,L3,L1,L2,L2,L1,C1_3,D1_3,F1_1,L3,L3,,,
285453,L3,L1,L1,L3,L3,L1,L2,L2,L1,C1_3,D1_3,F1_2,L1,L1,,,
285454,L3,L1,L1,L3,L3,L1,L2,L2,L1,C1_3,D1_3,F1_2,L1,L2,,,
285455,L3,L1,L1,L3,L3,L1,L2,L2,L1,C1_3,D1_3,F1_2,L1,L3,,,
285456,L3,L1,L1,L3,L3,L1,L2,L2,L1,C1_3,D1_3,F1_2,L2,L1,,,
285457,L3,L1,L1,L3,L3,L1,L2,L2,L1,C1_3,D1_3,F1_2,L2,L2,,,
285458,L3,L1,L1,L3,L3,L1,L2,L2,L1,C1_3,D1_3,F1_2,L2,L3,,,
285459,L3,L1,L1,L3,L3,L1,L2,L2,L1,C1_3,D1_3,F1_2,L3,L1,,,
285460,L3,L1,L1,L3,L3,L1,L2,L2,L1,C1_3,D1_3,F1_2,L3,L2,,,
285461,L3,L1,L1,L3,L3,L1,L2,L2,L1,C1_3,D1_3,F1_2,L3,L3,,,
285462,L3,L1,L1,L3,L3,L1,L2,L2,L1,C1_3,D1_3,F1_3,L1,L1,,,
285463,L3,L1,L1,L3,L3,L1,L2,L2,L1,C1_3,D1_3,F1_3,L1,L2,,,
285464,L3,L1,L1,L3,L3,L1,L2,L2,L1,C1_3,D1_3,F1_3,L1,L3,,,
285465,L3,L1,L1,L3,L3,L1,L2,L2,L1,C1_3,D1_3,F1_3,L2,L1,,,
285466,L3,L1,L1,L3,L3,L1,L2,L2,L1,C1_3,D1_3,F1_3,L2,L2,,,
285467,L3,L1,L1,L3,L3,L1,L2,L2,L1,C1_3,D1_3,F1_3,L2,L3,,,
285468,L3,L1,L1,L3,L3,L1,L2,L2,L1,C1_3,D1_3,F1_3,L3,L1,,,
285469,L3,L1,L1,L3,L3,L1,L2,L2,L1,C1_3,D1_3,F1_3,L3,L2,,,
285470,L3,L1,L1,L3,L3,L1,L2,L2,L1,C1_3,D1_3,F1_3,L3,L3,,,
285552,L2,L1,L3,L3,L2,L1,L2,L2,L1,C1_1,D1_1,F1_1,L1,L1,,,
285553,L2,L1,L3,L3,L2,L1,L2,L2,L1,C1_1,D1_1,F1_1,L1,L2,,,
285554,L2,L1,L3,L3,L2,L1,L2,L2,L1,C1_1,D1_1,F1_1,L1,L3,,,
285555,L2,L1,L3,L3,L2,L1,L2,L2,L1,C1_1,D1_1,F1_1,L2,L1,,,
285556,L2,L1,L3,L3,L2,L1,L2,L2,L1,C1_1,D1_1,F1_1,L2,L2,,,
285557,L2,L1,L3,L3,L2,L1,L2,L2,L1,C1_1,D1_1,F1_1,L2,L3,,,
285558,L2,L1,L3,L3,L2,L1,L2,L2,L1,C1_1,D1_1,F1_1,L3,L1,,,
285559,L2,L1,L3,L3,L2,L1,L2,L2,L1,C1_1,D1_1,F1_1,L3,L2,,,
285560,L2,L1,L3,L3,L2,L1,L2,L2,L1,C1_1,D1_1,F1_1,L3,L3,,,
285561,L2,L1,L3,L3,L2,L1,L2,L2,L1,C1_1,D1_1,F1_2,L1,L1,,,
285562,L2,L1,L3,L3,L2,L1,L2,L2,L1,C1_1,D1_1,F1_2,L1,L2,,,
285563,L2,L1,L3,L3,L2,L1,L2,L2,L1,C1_1,D1_1,F1_2,L1,L3,,,
285564,L2,L1,L3,L3,L2,L1,L2,L2,L1,C1_1,D1_1,F1_2,L2,L1,,,
285565,L2,L1,L3,L3,L2,L1,L2,L2,L1,C1_1,D1_1,F1_2,L2,L2,,,
285566,L2,L1,L3,L3,L2,L1,L2,L2,L1,C1_1,D1_1,F1_2,L2,L3,,,
285567,L2,L1,L3,L3,L2,L1,L2,L2,L1,C1_1,D1_1,F1_2,L3,L1,,,
285568,L2,L1,L3,L3,L2,L1,L2,L2,L1,C1_1,D1_1,F1_2,L3,L2,,,
285569,L2,L1,L3,L3,L2,L1,L2,L2,L1,C1_1,D1_1,F1_2,L3,L3,,,
285570,L2,L1,L3,L3,L2,L1,L2,L2,L1,C1_1,D1_1,F1_3,L1,L1,,,
285571,L2,L1,L3,L3,L2,L1,L2,L2,L1,C1_1,D1_1,F1_3,L1,L2,,,
285572,L2,L1,L3,L3,L2,L1,L2,L2,L1,C1_1,D1_1,F1_3,L1,L3,,,
285573,L2,L1,L3,L3,L2,L1,L2,L2,L1,C1_1,D1_1,F1_3,L2,L1,,,
285574,L2,L1,L3,L3,L2,L1,L2,L2,L1,C1_1,D1_1,F1_3,L2,L2,,,
285575,L2,L1,L3,L3,L2,L1,L2,L2,L1,C1_1,D1_1,F1_3,L2,L3,,,
285576,L2,L1,L3,L3,L2,L1,L2,L2,L1,C1_1,D1_1,F1_3,L3,L1,,,
285577,L2,L1,L3,L3,L2,L1,L2,L2,L1,C1_1,D1_1,F1_3,L3,L2,,,
285578,L2,L1,L3,L3,L2,L1,L2,L2,L1,C1_1,D1_1,F1_3,L3,L3,,,
285579,L2,L1,L3,L3,L2,L1,L2,L2,L1,C1_1,D1_2,F1_1,L1,L1,,,
285580,L2,L1,L3,L3,L2,L1,L2,L2,L1,C1_1,D1_2,F1_1,L1,L2,,,
285581,L2,L1,L3,L3,L2,L1,L2,L2,L1,C1_1,D1_2,F1_1,L1,L3,,,
285582,L2,L1,L3,L3,L2,L1,L2,L2,L1,C1_1,D1_2,F1_1,L2,L1,,,
285583,L2,L1,L3,L3,L2,L1,L2,L2,L1,C1_1,D1_2,F1_1,L2,L2,,,
285584,L2,L1,L3,L3,L2,L1,L2,L2,L1,C1_1,D1_2,F1_1,L2,L3,,,
285585,L2,L1,L3,L3,L2,L1,L2,L2,L1,C1_1,D1_2,F1_1,L3,L1,,,
285586,L2,L1,L3,L3,L2,L1,L2,L2,L1,C1_1,D1_2,F1_1,L3,L2,,,
285587,L2,L1,L3,L3,L2,L1,L2,L2,L1,C1_1,D1_2,F1_1,L3,L3,,,
285588,L2,L1,L3,L3,L2,L1,L2,L2,L1,C1_1,D1_2,F1_2,L1,L1,,,
285589,L2,L1,L3,L3,L2,L1,L2,L2,L1,C1_1,D1_2,F1_2,L1,L2,,,
285590,L2,L1,L3,L3,L2,L1,L2,L2,L1,C1_1,D1_2,F1_2,L1,L3,,,
285591,L2,L1,L3,L3,L2,L1,L2,L2,L1,C1_1,D1_2,F1_2,L2,L1,,,
285592,L2,L1,L3,L3,L2,L1,L2,L2,L1,C1_1,D1_2,F1_2,L2,L2,,,
285593,L2,L1,L3,L3,L2,L1,L2,L2,L1,C1_1,D1_2,F1_2,L2,L3,,,
285594,L2,L1,L3,L3,L2,L1,L2,L2,L1,C1_1,D1_2,F1_2,L3,L1,,,
285595,L2,L1,L3,L3,L2,L1,L2,L2,L1,C1_1,D1_2,F1_2,L3,L2,,,
285596,L2,L1,L3,L3,L2,L1,L2,L2,L1,C1_1,D1_2,F1_2,L3,L3,,,
285597,L2,L1,L3,L3,L2,L1,L2,L2,L1,C1_1,D1_2,F1_3,L1,L1,,,
285598,L2,L1,L3,L3,L2,L1,L2,L2,L1,C1_1,D1_2,F1_3,L1,L2,,,
285599,L2,L1,L3,L3,L2,L1,L2,L2,L1,C1_1,D1_2,F1_3,L1,L3,,,
285600,L2,L1,L3,L3,L2,L1,L2,L2,L1,C1_1,D1_2,F1_3,L2,L1,,,
285601,L2,L1,L3,L3,L2,L1,L2,L2,L1,C1_1,D1_2,F1_3,L2,L2,,,
285602,L2,L1,L3,L3,L2,L1,L2,L2,L1,C1_1,D1_2,F1_3,L2,L3,,,
285603,L2,L1,L3,L3,L2,L1,L2,L2,L1,C1_1,D1_2,F1_3,L3,L1,,,
285604,L2,L1,L3,L3,L2,L1,L2,L2,L1,C1_1,D1_2,F1_3,L3,L2,,,
285605,L2,L1,L3,L3,L2,L1,L2,L2,L1,C1_1,D1_2,F1_3,L3,L3,,,
285606,L2,L1,L3,L3,L2,L1,L2,L2,L1,C1_1,D1_3,F1_1,L1,L1,,,
285607,L2,L1,L3,L3,L2,L1,L2,L2,L1,C1_1,D1_3,F1_1,L1,L2,,,
285608,L2,L1,L3,L3,L2,L1,L2,L2,L1,C1_1,D1_3,F1_1,L1,L3,,,
285609,L2,L1,L3,L3,L2,L1,L2,L2,L1,C1_1,D1_3,F1_1,L2,L1,,,
285610,L2,L1,L3,L3,L2,L1,L2,L2,L1,C1_1,D1_3,F1_1,L2,L2,,,
285611,L2,L1,L3,L3,L2,L1,L2,L2,L1,C1_1,D1_3,F1_1,L2,L3,,,
285612,L2,L1,L3,L3,L2,L1,L2,L2,L1,C1_1,D1_3,F1_1,L3,L1,,,
285613,L2,L1,L3,L3,L2,L1,L2,L2,L1,C1_1,D1_3,F1_1,L3,L2,,,
285614,L2,L1,L3,L3,L2,L1,L2,L2,L1,C1_1,D1_3,F1_1,L3,L3,,,
285615,L2,L1,L3,L3,L2,L1,L2,L2,L1,C1_1,D1_3,F1_2,L1,L1,,,
285616,L2,L1,L3,L3,L2,L1,L2,L2,L1,C1_1,D1_3,F1_2,L1,L2,,,
285617,L2,L1,L3,L3,L2,L1,L2,L2,L1,C1_1,D1_3,F1_2,L1,L3,,,
285618,L2,L1,L3,L3,L2,L1,L2,L2,L1,C1_1,D1_3,F1_2,L2,L1,,,
285619,L2,L1,L3,L3,L2,L1,L2,L2,L1,C1_1,D1_3,F1_2,L2,L2,,,
285620,L2,L1,L3,L3,L2,L1,L2,L2,L1,C1_1,D1_3,F1_2,L2,L3,,,
285621,L2,L1,L3,L3,L2,L1,L2,L2,L1,C1_1,D1_3,F1_2,L3,L1,,,
285622,L2,L1,L3,L3,L2,L1,L2,L2,L1,C1_1,D1_3,F1_2,L3,L2,,,
285623,L2,L1,L3,L3,L2,L1,L2,L2,L1,C1_1,D1_3,F1_2,L3,L3,,,
285624,L2,L1,L3,L3,L2,L1,L2,L2,L1,C1_1,D1_3,F1_3,L1,L1,,,
285625,L2,L1,L3,L3,L2,L1,L2,L2,L1,C1_1,D1_3,F1_3,L1,L2,,,
285626,L2,L1,L3,L3,L2,L1,L2,L2,L1,C1_1,D1_3,F1_3,L1,L3,,,
285627,L2,L1,L3,L3,L2,L1,L2,L2,L1,C1_1,D1_3,F1_3,L2,L1,,,
285628,L2,L1,L3,L3,L2,L1,L2,L2,L1,C1_1,D1_3,F1_3,L2,L2,,,
285629,L2,L1,L3,L3,L2,L1,L2,L2,L1,C1_1,D1_3,F1_3,L2,L3,,,
285630,L2,L1,L3,L3,L2,L1,L2,L2,L1,C1_1,D1_3,F1_3,L3,L1,,,
285631,L2,L1,L3,L3,L2,L1,L2,L2,L1,C1_1,D1_3,F1_3,L3,L2,,,
285632,L2,L1,L3,L3,L2,L1,L2,L2,L1,C1_1,D1_3,F1_3,L3,L3,,,
285633,L2,L1,L3,L3,L2,L1,L2,L2,L1,C1_2,D1_1,F1_1,L1,L1,,,
285634,L2,L1,L3,L3,L2,L1,L2,L2,L1,C1_2,D1_1,F1_1,L1,L2,,,
285635,L2,L1,L3,L3,L2,L1,L2,L2,L1,C1_2,D1_1,F1_1,L1,L3,,,
285636,L2,L1,L3,L3,L2,L1,L2,L2,L1,C1_2,D1_1,F1_1,L2,L1,,,
285637,L2,L1,L3,L3,L2,L1,L2,L2,L1,C1_2,D1_1,F1_1,L2,L2,,,
285638,L2,L1,L3,L3,L2,L1,L2,L2,L1,C1_2,D1_1,F1_1,L2,L3,,,
285639,L2,L1,L3,L3,L2,L1,L2,L2,L1,C1_2,D1_1,F1_1,L3,L1,,,
285640,L2,L1,L3,L3,L2,L1,L2,L2,L1,C1_2,D1_1,F1_1,L3,L2,,,
285641,L2,L1,L3,L3,L2,L1,L2,L2,L1,C1_2,D1_1,F1_1,L3,L3,,,
285642,L2,L1,L3,L3,L2,L1,L2,L2,L1,C1_2,D1_1,F1_2,L1,L1,,,
285643,L2,L1,L3,L3,L2,L1,L2,L2,L1,C1_2,D1_1,F1_2,L1,L2,,,
285644,L2,L1,L3,L3,L2,L1,L2,L2,L1,C1_2,D1_1,F1_2,L1,L3,,,
285645,L2,L1,L3,L3,L2,L1,L2,L2,L1,C1_2,D1_1,F1_2,L2,L1,,,
285646,L2,L1,L3,L3,L2,L1,L2,L2,L1,C1_2,D1_1,F1_2,L2,L2,,,
285647,L2,L1,L3,L3,L2,L1,L2,L2,L1,C1_2,D1_1,F1_2,L2,L3,,,
285648,L2,L1,L3,L3,L2,L1,L2,L2,L1,C1_2,D1_1,F1_2,L3,L1,,,
285649,L2,L1,L3,L3,L2,L1,L2,L2,L1,C1_2,D1_1,F1_2,L3,L2,,,
285650,L2,L1,L3,L3,L2,L1,L2,L2,L1,C1_2,D1_1,F1_2,L3,L3,,,
285651,L2,L1,L3,L3,L2,L1,L2,L2,L1,C1_2,D1_1,F1_3,L1,L1,,,
285652,L2,L1,L3,L3,L2,L1,L2,L2,L1,C1_2,D1_1,F1_3,L1,L2,,,
285653,L2,L1,L3,L3,L2,L1,L2,L2,L1,C1_2,D1_1,F1_3,L1,L3,,,
285654,L2,L1,L3,L3,L2,L1,L2,L2,L1,C1_2,D1_1,F1_3,L2,L1,,,
285655,L2,L1,L3,L3,L2,L1,L2,L2,L1,C1_2,D1_1,F1_3,L2,L2,,,
285656,L2,L1,L3,L3,L2,L1,L2,L2,L1,C1_2,D1_1,F1_3,L2,L3,,,
285657,L2,L1,L3,L3,L2,L1,L2,L2,L1,C1_2,D1_1,F1_3,L3,L1,,,
285658,L2,L1,L3,L3,L2,L1,L2,L2,L1,C1_2,D1_1,F1_3,L3,L2,,,
285659,L2,L1,L3,L3,L2,L1,L2,L2,L1,C1_2,D1_1,F1_3,L3,L3,,,
285660,L2,L1,L3,L3,L2,L1,L2,L2,L1,C1_2,D1_2,F1_1,L1,L1,,,
285661,L2,L1,L3,L3,L2,L1,L2,L2,L1,C1_2,D1_2,F1_1,L1,L2,,,
285662,L2,L1,L3,L3,L2,L1,L2,L2,L1,C1_2,D1_2,F1_1,L1,L3,,,
285663,L2,L1,L3,L3,L2,L1,L2,L2,L1,C1_2,D1_2,F1_1,L2,L1,,,
285664,L2,L1,L3,L3,L2,L1,L2,L2,L1,C1_2,D1_2,F1_1,L2,L2,,,
285665,L2,L1,L3,L3,L2,L1,L2,L2,L1,C1_2,D1_2,F1_1,L2,L3,,,
285666,L2,L1,L3,L3,L2,L1,L2,L2,L1,C1_2,D1_2,F1_1,L3,L1,,,
285667,L2,L1,L3,L3,L2,L1,L2,L2,L1,C1_2,D1_2,F1_1,L3,L2,,,
285668,L2,L1,L3,L3,L2,L1,L2,L2,L1,C1_2,D1_2,F1_1,L3,L3,,,
285669,L2,L1,L3,L3,L2,L1,L2,L2,L1,C1_2,D1_2,F1_2,L1,L1,,,
285670,L2,L1,L3,L3,L2,L1,L2,L2,L1,C1_2,D1_2,F1_2,L1,L2,,,
285671,L2,L1,L3,L3,L2,L1,L2,L2,L1,C1_2,D1_2,F1_2,L1,L3,,,
285672,L2,L1,L3,L3,L2,L1,L2,L2,L1,C1_2,D1_2,F1_2,L2,L1,,,
285673,L2,L1,L3,L3,L2,L1,L2,L2,L1,C1_2,D1_2,F1_2,L2,L2,,,
285674,L2,L1,L3,L3,L2,L1,L2,L2,L1,C1_2,D1_2,F1_2,L2,L3,,,
285675,L2,L1,L3,L3,L2,L1,L2,L2,L1,C1_2,D1_2,F1_2,L3,L1,,,
285676,L2,L1,L3,L3,L2,L1,L2,L2,L1,C1_2,D1_2,F1_2,L3,L2,,,
285677,L2,L1,L3,L3,L2,L1,L2,L2,L1,C1_2,D1_2,F1_2,L3,L3,,,
285678,L2,L1,L3,L3,L2,L1,L2,L2,L1,C1_2,D1_2,F1_3,L1,L1,,,
285679,L2,L1,L3,L3,L2,L1,L2,L2,L1,C1_2,D1_2,F1_3,L1,L2,,,
285680,L2,L1,L3,L3,L2,L1,L2,L2,L1,C1_2,D1_2,F1_3,L1,L3,,,
285681,L2,L1,L3,L3,L2,L1,L2,L2,L1,C1_2,D1_2,F1_3,L2,L1,,,
285682,L2,L1,L3,L3,L2,L1,L2,L2,L1,C1_2,D1_2,F1_3,L2,L2,,,
285683,L2,L1,L3,L3,L2,L1,L2,L2,L1,C1_2,D1_2,F1_3,L2,L3,,,
285684,L2,L1,L3,L3,L2,L1,L2,L2,L1,C1_2,D1_2,F1_3,L3,L1,,,
285685,L2,L1,L3,L3,L2,L1,L2,L2,L1,C1_2,D1_2,F1_3,L3,L2,,,
285686,L2,L1,L3,L3,L2,L1,L2,L2,L1,C1_2,D1_2,F1_3,L3,L3,,,
285687,L2,L1,L3,L3,L2,L1,L2,L2,L1,C1_2,D1_3,F1_1,L1,L1,,,
285688,L2,L1,L3,L3,L2,L1,L2,L2,L1,C1_2,D1_3,F1_1,L1,L2,,,
285689,L2,L1,L3,L3,L2,L1,L2,L2,L1,C1_2,D1_3,F1_1,L1,L3,,,
285690,L2,L1,L3,L3,L2,L1,L2,L2,L1,C1_2,D1_3,F1_1,L2,L1,,,
285691,L2,L1,L3,L3,L2,L1,L2,L2,L1,C1_2,D1_3,F1_1,L2,L2,,,
285692,L2,L1,L3,L3,L2,L1,L2,L2,L1,C1_2,D1_3,F1_1,L2,L3,,,
285693,L2,L1,L3,L3,L2,L1,L2,L2,L1,C1_2,D1_3,F1_1,L3,L1,,,
285694,L2,L1,L3,L3,L2,L1,L2,L2,L1,C1_2,D1_3,F1_1,L3,L2,,,
285695,L2,L1,L3,L3,L2,L1,L2,L2,L1,C1_2,D1_3,F1_1,L3,L3,,,
285696,L2,L1,L3,L3,L2,L1,L2,L2,L1,C1_2,D1_3,F1_2,L1,L1,,,
285697,L2,L1,L3,L3,L2,L1,L2,L2,L1,C1_2,D1_3,F1_2,L1,L2,,,
285698,L2,L1,L3,L3,L2,L1,L2,L2,L1,C1_2,D1_3,F1_2,L1,L3,,,
285699,L2,L1,L3,L3,L2,L1,L2,L2,L1,C1_2,D1_3,F1_2,L2,L1,,,
285700,L2,L1,L3,L3,L2,L1,L2,L2,L1,C1_2,D1_3,F1_2,L2,L2,,,
285701,L2,L1,L3,L3,L2,L1,L2,L2,L1,C1_2,D1_3,F1_2,L2,L3,,,
285702,L2,L1,L3,L3,L2,L1,L2,L2,L1,C1_2,D1_3,F1_2,L3,L1,,,
285703,L2,L1,L3,L3,L2,L1,L2,L2,L1,C1_2,D1_3,F1_2,L3,L2,,,
285704,L2,L1,L3,L3,L2,L1,L2,L2,L1,C1_2,D1_3,F1_2,L3,L3,,,
285705,L2,L1,L3,L3,L2,L1,L2,L2,L1,C1_2,D1_3,F1_3,L1,L1,,,
285706,L2,L1,L3,L3,L2,L1,L2,L2,L1,C1_2,D1_3,F1_3,L1,L2,,,
285707,L2,L1,L3,L3,L2,L1,L2,L2,L1,C1_2,D1_3,F1_3,L1,L3,,,
285708,L2,L1,L3,L3,L2,L1,L2,L2,L1,C1_2,D1_3,F1_3,L2,L1,,,
285709,L2,L1,L3,L3,L2,L1,L2,L2,L1,C1_2,D1_3,F1_3,L2,L2,,,
285710,L2,L1,L3,L3,L2,L1,L2,L2,L1,C1_2,D1_3,F1_3,L2,L3,,,
285711,L2,L1,L3,L3,L2,L1,L2,L2,L1,C1_2,D1_3,F1_3,L3,L1,,,
285712,L2,L1,L3,L3,L2,L1,L2,L2,L1,C1_2,D1_3,F1_3,L3,L2,,,
285713,L2,L1,L3,L3,L2,L1,L2,L2,L1,C1_2,D1_3,F1_3,L3,L3,,,
285714,L2,L1,L3,L3,L2,L1,L2,L2,L1,C1_3,D1_1,F1_1,L1,L1,,,
285715,L2,L1,L3,L3,L2,L1,L2,L2,L1,C1_3,D1_1,F1_1,L1,L2,,,
285716,L2,L1,L3,L3,L2,L1,L2,L2,L1,C1_3,D1_1,F1_1,L1,L3,,,
285717,L2,L1,L3,L3,L2,L1,L2,L2,L1,C1_3,D1_1,F1_1,L2,L1,,,
285718,L2,L1,L3,L3,L2,L1,L2,L2,L1,C1_3,D1_1,F1_1,L2,L2,,,
285719,L2,L1,L3,L3,L2,L1,L2,L2,L1,C1_3,D1_1,F1_1,L2,L3,,,
285720,L2,L1,L3,L3,L2,L1,L2,L2,L1,C1_3,D1_1,F1_1,L3,L1,,,
285721,L2,L1,L3,L3,L2,L1,L2,L2,L1,C1_3,D1_1,F1_1,L3,L2,,,
285722,L2,L1,L3,L3,L2,L1,L2,L2,L1,C1_3,D1_1,F1_1,L3,L3,,,
285723,L2,L1,L3,L3,L2,L1,L2,L2,L1,C1_3,D1_1,F1_2,L1,L1,,,
285724,L2,L1,L3,L3,L2,L1,L2,L2,L1,C1_3,D1_1,F1_2,L1,L2,,,
285725,L2,L1,L3,L3,L2,L1,L2,L2,L1,C1_3,D1_1,F1_2,L1,L3,,,
285726,L2,L1,L3,L3,L2,L1,L2,L2,L1,C1_3,D1_1,F1_2,L2,L1,,,
285727,L2,L1,L3,L3,L2,L1,L2,L2,L1,C1_3,D1_1,F1_2,L2,L2,,,
285728,L2,L1,L3,L3,L2,L1,L2,L2,L1,C1_3,D1_1,F1_2,L2,L3,,,
285729,L2,L1,L3,L3,L2,L1,L2,L2,L1,C1_3,D1_1,F1_2,L3,L1,,,
285730,L2,L1,L3,L3,L2,L1,L2,L2,L1,C1_3,D1_1,F1_2,L3,L2,,,
285731,L2,L1,L3,L3,L2,L1,L2,L2,L1,C1_3,D1_1,F1_2,L3,L3,,,
285732,L2,L1,L3,L3,L2,L1,L2,L2,L1,C1_3,D1_1,F1_3,L1,L1,,,
285733,L2,L1,L3,L3,L2,L1,L2,L2,L1,C1_3,D1_1,F1_3,L1,L2,,,
285734,L2,L1,L3,L3,L2,L1,L2,L2,L1,C1_3,D1_1,F1_3,L1,L3,,,
285735,L2,L1,L3,L3,L2,L1,L2,L2,L1,C1_3,D1_1,F1_3,L2,L1,,,
285736,L2,L1,L3,L3,L2,L1,L2,L2,L1,C1_3,D1_1,F1_3,L2,L2,,,
285737,L2,L1,L3,L3,L2,L1,L2,L2,L1,C1_3,D1_1,F1_3,L2,L3,,,
285738,L2,L1,L3,L3,L2,L1,L2,L2,L1,C1_3,D1_1,F1_3,L3,L1,,,
285739,L2,L1,L3,L3,L2,L1,L2,L2,L1,C1_3,D1_1,F1_3,L3,L2,,,
285740,L2,L1,L3,L3,L2,L1,L2,L2,L1,C1_3,D1_1,F1_3,L3,L3,,,
285741,L2,L1,L3,L3,L2,L1,L2,L2,L1,C1_3,D1_2,F1_1,L1,L1,,,
285742,L2,L1,L3,L3,L2,L1,L2,L2,L1,C1_3,D1_2,F1_1,L1,L2,,,
285743,L2,L1,L3,L3,L2,L1,L2,L2,L1,C1_3,D1_2,F1_1,L1,L3,,,
285744,L2,L1,L3,L3,L2,L1,L2,L2,L1,C1_3,D1_2,F1_1,L2,L1,,,
285745,L2,L1,L3,L3,L2,L1,L2,L2,L1,C1_3,D1_2,F1_1,L2,L2,,,
285746,L2,L1,L3,L3,L2,L1,L2,L2,L1,C1_3,D1_2,F1_1,L2,L3,,,
285747,L2,L1,L3,L3,L2,L1,L2,L2,L1,C1_3,D1_2,F1_1,L3,L1,,,
285748,L2,L1,L3,L3,L2,L1,L2,L2,L1,C1_3,D1_2,F1_1,L3,L2,,,
285749,L2,L1,L3,L3,L2,L1,L2,L2,L1,C1_3,D1_2,F1_1,L3,L3,,,
285750,L2,L1,L3,L3,L2,L1,L2,L2,L1,C1_3,D1_2,F1_2,L1,L1,,,
285751,L2,L1,L3,L3,L2,L1,L2,L2,L1,C1_3,D1_2,F1_2,L1,L2,,,
285752,L2,L1,L3,L3,L2,L1,L2,L2,L1,C1_3,D1_2,F1_2,L1,L3,,,
285753,L2,L1,L3,L3,L2,L1,L2,L2,L1,C1_3,D1_2,F1_2,L2,L1,,,
285754,L2,L1,L3,L3,L2,L1,L2,L2,L1,C1_3,D1_2,F1_2,L2,L2,,,
285755,L2,L1,L3,L3,L2,L1,L2,L2,L1,C1_3,D1_2,F1_2,L2,L3,,,
285756,L2,L1,L3,L3,L2,L1,L2,L2,L1,C1_3,D1_2,F1_2,L3,L1,,,
285757,L2,L1,L3,L3,L2,L1,L2,L2,L1,C1_3,D1_2,F1_2,L3,L2,,,
285758,L2,L1,L3,L3,L2,L1,L2,L2,L1,C1_3,D1_2,F1_2,L3,L3,,,
285759,L2,L1,L3,L3,L2,L1,L2,L2,L1,C1_3,D1_2,F1_3,L1,L1,,,
285760,L2,L1,L3,L3,L2,L1,L2,L2,L1,C1_3,D1_2,F1_3,L1,L2,,,
285761,L2,L1,L3,L3,L2,L1,L2,L2,L1,C1_3,D1_2,F1_3,L1,L3,,,
285762,L2,L1,L3,L3,L2,L1,L2,L2,L1,C1_3,D1_2,F1_3,L2,L1,,,
285763,L2,L1,L3,L3,L2,L1,L2,L2,L1,C1_3,D1_2,F1_3,L2,L2,,,
285764,L2,L1,L3,L3,L2,L1,L2,L2,L1,C1_3,D1_2,F1_3,L2,L3,,,
285765,L2,L1,L3,L3,L2,L1,L2,L2,L1,C1_3,D1_2,F1_3,L3,L1,,,
285766,L2,L1,L3,L3,L2,L1,L2,L2,L1,C1_3,D1_2,F1_3,L3,L2,,,
285767,L2,L1,L3,L3,L2,L1,L2,L2,L1,C1_3,D1_2,F1_3,L3,L3,,,
285768,L2,L1,L3,L3,L2,L1,L2,L2,L1,C1_3,D1_3,F1_1,L1,L1,,,
285769,L2,L1,L3,L3,L2,L1,L2,L2,L1,C1_3,D1_3,F1_1,L1,L2,,,
285770,L2,L1,L3,L3,L2,L1,L2,L2,L1,C1_3,D1_3,F1_1,L1,L3,,,
285771,L2,L1,L3,L3,L2,L1,L2,L2,L1,C1_3,D1_3,F1_1,L2,L1,,,
285772,L2,L1,L3,L3,L2,L1,L2,L2,L1,C1_3,D1_3,F1_1,L2,L2,,,
285773,L2,L1,L3,L3,L2,L1,L2,L2,L1,C1_3,D1_3,F1_1,L2,L3,,,
285774,L2,L1,L3,L3,L2,L1,L2,L2,L1,C1_3,D1_3,F1_1,L3,L1,,,
285775,L2,L1,L3,L3,L2,L1,L2,L2,L1,C1_3,D1_3,F1_1,L3,L2,,,
285776,L2,L1,L3,L3,L2,L1,L2,L2,L1,C1_3,D1_3,F1_1,L3,L3,,,
285777,L2,L1,L3,L3,L2,L1,L2,L2,L1,C1_3,D1_3,F1_2,L1,L1,,,
285778,L2,L1,L3,L3,L2,L1,L2,L2,L1,C1_3,D1_3,F1_2,L1,L2,,,
285779,L2,L1,L3,L3,L2,L1,L2,L2,L1,C1_3,D1_3,F1_2,L1,L3,,,
285780,L2,L1,L3,L3,L2,L1,L2,L2,L1,C1_3,D1_3,F1_2,L2,L1,,,
285781,L2,L1,L3,L3,L2,L1,L2,L2,L1,C1_3,D1_3,F1_2,L2,L2,,,
285782,L2,L1,L3,L3,L2,L1,L2,L2,L1,C1_3,D1_3,F1_2,L2,L3,,,
285783,L2,L1,L3,L3,L2,L1,L2,L2,L1,C1_3,D1_3,F1_2,L3,L1,,,
285784,L2,L1,L3,L3,L2,L1,L2,L2,L1,C1_3,D1_3,F1_2,L3,L2,,,
285785,L2,L1,L3,L3,L2,L1,L2,L2,L1,C1_3,D1_3,F1_2,L3,L3,,,
285786,L2,L1,L3,L3,L2,L1,L2,L2,L1,C1_3,D1_3,F1_3,L1,L1,,,
285787,L2,L1,L3,L3,L2,L1,L2,L2,L1,C1_3,D1_3,F1_3,L1,L2,,,
285788,L2,L1,L3,L3,L2,L1,L2,L2,L1,C1_3,D1_3,F1_3,L1,L3,,,
285789,L2,L1,L3,L3,L2,L1,L2,L2,L1,C1_3,D1_3,F1_3,L2,L1,,,
285790,L2,L1,L3,L3,L2,L1,L2,L2,L1,C1_3,D1_3,F1_3,L2,L2,,,
285791,L2,L1,L3,L3,L2,L1,L2,L2,L1,C1_3,D1_3,F1_3,L2,L3,,,
285792,L2,L1,L3,L3,L2,L1,L2,L2,L1,C1_3,D1_3,F1_3,L3,L1,,,
285793,L2,L1,L3,L3,L2,L1,L2,L2,L1,C1_3,D1_3,F1_3,L3,L2,,,
285794,L2,L1,L3,L3,L2,L1,L2,L2,L1,C1_3,D1_3,F1_3,L3,L3,,,
287037,L1,L2,L3,L1,L1,L1,L2,L2,L1,C1_1,D1_1,F1_1,L1,L1,,,
287038,L1,L2,L3,L1,L1,L1,L2,L2,L1,C1_1,D1_1,F1_1,L1,L2,,,
287039,L1,L2,L3,L1,L1,L1,L2,L2,L1,C1_1,D1_1,F1_1,L1,L3,,,
287040,L1,L2,L3,L1,L1,L1,L2,L2,L1,C1_1,D1_1,F1_1,L2,L1,,,
287041,L1,L2,L3,L1,L1,L1,L2,L2,L1,C1_1,D1_1,F1_1,L2,L2,,,
287042,L1,L2,L3,L1,L1,L1,L2,L2,L1,C1_1,D1_1,F1_1,L2,L3,,,
287043,L1,L2,L3,L1,L1,L1,L2,L2,L1,C1_1,D1_1,F1_1,L3,L1,,,
287044,L1,L2,L3,L1,L1,L1,L2,L2,L1,C1_1,D1_1,F1_1,L3,L2,,,
287045,L1,L2,L3,L1,L1,L1,L2,L2,L1,C1_1,D1_1,F1_1,L3,L3,,,
287046,L1,L2,L3,L1,L1,L1,L2,L2,L1,C1_1,D1_1,F1_2,L1,L1,,,
287047,L1,L2,L3,L1,L1,L1,L2,L2,L1,C1_1,D1_1,F1_2,L1,L2,,,
287048,L1,L2,L3,L1,L1,L1,L2,L2,L1,C1_1,D1_1,F1_2,L1,L3,,,
287049,L1,L2,L3,L1,L1,L1,L2,L2,L1,C1_1,D1_1,F1_2,L2,L1,,,
287050,L1,L2,L3,L1,L1,L1,L2,L2,L1,C1_1,D1_1,F1_2,L2,L2,,,
287051,L1,L2,L3,L1,L1,L1,L2,L2,L1,C1_1,D1_1,F1_2,L2,L3,,,
287052,L1,L2,L3,L1,L1,L1,L2,L2,L1,C1_1,D1_1,F1_2,L3,L1,,,
287053,L1,L2,L3,L1,L1,L1,L2,L2,L1,C1_1,D1_1,F1_2,L3,L2,,,
287054,L1,L2,L3,L1,L1,L1,L2,L2,L1,C1_1,D1_1,F1_2,L3,L3,,,
287055,L1,L2,L3,L1,L1,L1,L2,L2,L1,C1_1,D1_1,F1_3,L1,L1,,,
287056,L1,L2,L3,L1,L1,L1,L2,L2,L1,C1_1,D1_1,F1_3,L1,L2,,,
287057,L1,L2,L3,L1,L1,L1,L2,L2,L1,C1_1,D1_1,F1_3,L1,L3,,,
287058,L1,L2,L3,L1,L1,L1,L2,L2,L1,C1_1,D1_1,F1_3,L2,L1,,,
287059,L1,L2,L3,L1,L1,L1,L2,L2,L1,C1_1,D1_1,F1_3,L2,L2,,,
287060,L1,L2,L3,L1,L1,L1,L2,L2,L1,C1_1,D1_1,F1_3,L2,L3,,,
287061,L1,L2,L3,L1,L1,L1,L2,L2,L1,C1_1,D1_1,F1_3,L3,L1,,,
287062,L1,L2,L3,L1,L1,L1,L2,L2,L1,C1_1,D1_1,F1_3,L3,L2,,,
287063,L1,L2,L3,L1,L1,L1,L2,L2,L1,C1_1,D1_1,F1_3,L3,L3,,,
287064,L1,L2,L3,L1,L1,L1,L2,L2,L1,C1_1,D1_2,F1_1,L1,L1,,,
287065,L1,L2,L3,L1,L1,L1,L2,L2,L1,C1_1,D1_2,F1_1,L1,L2,,,
287066,L1,L2,L3,L1,L1,L1,L2,L2,L1,C1_1,D1_2,F1_1,L1,L3,,,
287067,L1,L2,L3,L1,L1,L1,L2,L2,L1,C1_1,D1_2,F1_1,L2,L1,,,
287068,L1,L2,L3,L1,L1,L1,L2,L2,L1,C1_1,D1_2,F1_1,L2,L2,,,
287069,L1,L2,L3,L1,L1,L1,L2,L2,L1,C1_1,D1_2,F1_1,L2,L3,,,
287070,L1,L2,L3,L1,L1,L1,L2,L2,L1,C1_1,D1_2,F1_1,L3,L1,,,
287071,L1,L2,L3,L1,L1,L1,L2,L2,L1,C1_1,D1_2,F1_1,L3,L2,,,
287072,L1,L2,L3,L1,L1,L1,L2,L2,L1,C1_1,D1_2,F1_1,L3,L3,,,
287073,L1,L2,L3,L1,L1,L1,L2,L2,L1,C1_1,D1_2,F1_2,L1,L1,,,
287074,L1,L2,L3,L1,L1,L1,L2,L2,L1,C1_1,D1_2,F1_2,L1,L2,,,
287075,L1,L2,L3,L1,L1,L1,L2,L2,L1,C1_1,D1_2,F1_2,L1,L3,,,
287076,L1,L2,L3,L1,L1,L1,L2,L2,L1,C1_1,D1_2,F1_2,L2,L1,,,
287077,L1,L2,L3,L1,L1,L1,L2,L2,L1,C1_1,D1_2,F1_2,L2,L2,,,
287078,L1,L2,L3,L1,L1,L1,L2,L2,L1,C1_1,D1_2,F1_2,L2,L3,,,
287079,L1,L2,L3,L1,L1,L1,L2,L2,L1,C1_1,D1_2,F1_2,L3,L1,,,
287080,L1,L2,L3,L1,L1,L1,L2,L2,L1,C1_1,D1_2,F1_2,L3,L2,,,
287081,L1,L2,L3,L1,L1,L1,L2,L2,L1,C1_1,D1_2,F1_2,L3,L3,,,
287082,L1,L2,L3,L1,L1,L1,L2,L2,L1,C1_1,D1_2,F1_3,L1,L1,,,
287083,L1,L2,L3,L1,L1,L1,L2,L2,L1,C1_1,D1_2,F1_3,L1,L2,,,
287084,L1,L2,L3,L1,L1,L1,L2,L2,L1,C1_1,D1_2,F1_3,L1,L3,,,
287085,L1,L2,L3,L1,L1,L1,L2,L2,L1,C1_1,D1_2,F1_3,L2,L1,,,
287086,L1,L2,L3,L1,L1,L1,L2,L2,L1,C1_1,D1_2,F1_3,L2,L2,,,
287087,L1,L2,L3,L1,L1,L1,L2,L2,L1,C1_1,D1_2,F1_3,L2,L3,,,
287088,L1,L2,L3,L1,L1,L1,L2,L2,L1,C1_1,D1_2,F1_3,L3,L1,,,
287089,L1,L2,L3,L1,L1,L1,L2,L2,L1,C1_1,D1_2,F1_3,L3,L2,,,
287090,L1,L2,L3,L1,L1,L1,L2,L2,L1,C1_1,D1_2,F1_3,L3,L3,,,
287091,L1,L2,L3,L1,L1,L1,L2,L2,L1,C1_1,D1_3,F1_1,L1,L1,,,
287092,L1,L2,L3,L1,L1,L1,L2,L2,L1,C1_1,D1_3,F1_1,L1,L2,,,
287093,L1,L2,L3,L1,L1,L1,L2,L2,L1,C1_1,D1_3,F1_1,L1,L3,,,
287094,L1,L2,L3,L1,L1,L1,L2,L2,L1,C1_1,D1_3,F1_1,L2,L1,,,
287095,L1,L2,L3,L1,L1,L1,L2,L2,L1,C1_1,D1_3,F1_1,L2,L2,,,
287096,L1,L2,L3,L1,L1,L1,L2,L2,L1,C1_1,D1_3,F1_1,L2,L3,,,
287097,L1,L2,L3,L1,L1,L1,L2,L2,L1,C1_1,D1_3,F1_1,L3,L1,,,
287098,L1,L2,L3,L1,L1,L1,L2,L2,L1,C1_1,D1_3,F1_1,L3,L2,,,
287099,L1,L2,L3,L1,L1,L1,L2,L2,L1,C1_1,D1_3,F1_1,L3,L3,,,
287100,L1,L2,L3,L1,L1,L1,L2,L2,L1,C1_1,D1_3,F1_2,L1,L1,,,
287101,L1,L2,L3,L1,L1,L1,L2,L2,L1,C1_1,D1_3,F1_2,L1,L2,,,
287102,L1,L2,L3,L1,L1,L1,L2,L2,L1,C1_1,D1_3,F1_2,L1,L3,,,
287103,L1,L2,L3,L1,L1,L1,L2,L2,L1,C1_1,D1_3,F1_2,L2,L1,,,
287104,L1,L2,L3,L1,L1,L1,L2,L2,L1,C1_1,D1_3,F1_2,L2,L2,,,
287105,L1,L2,L3,L1,L1,L1,L2,L2,L1,C1_1,D1_3,F1_2,L2,L3,,,
287106,L1,L2,L3,L1,L1,L1,L2,L2,L1,C1_1,D1_3,F1_2,L3,L1,,,
287107,L1,L2,L3,L1,L1,L1,L2,L2,L1,C1_1,D1_3,F1_2,L3,L2,,,
287108,L1,L2,L3,L1,L1,L1,L2,L2,L1,C1_1,D1_3,F1_2,L3,L3,,,
287109,L1,L2,L3,L1,L1,L1,L2,L2,L1,C1_1,D1_3,F1_3,L1,L1,,,
287110,L1,L2,L3,L1,L1,L1,L2,L2,L1,C1_1,D1_3,F1_3,L1,L2,,,
287111,L1,L2,L3,L1,L1,L1,L2,L2,L1,C1_1,D1_3,F1_3,L1,L3,,,
287112,L1,L2,L3,L1,L1,L1,L2,L2,L1,C1_1,D1_3,F1_3,L2,L1,,,
287113,L1,L2,L3,L1,L1,L1,L2,L2,L1,C1_1,D1_3,F1_3,L2,L2,,,
287114,L1,L2,L3,L1,L1,L1,L2,L2,L1,C1_1,D1_3,F1_3,L2,L3,,,
287115,L1,L2,L3,L1,L1,L1,L2,L2,L1,C1_1,D1_3,F1_3,L3,L1,,,
287116,L1,L2,L3,L1,L1,L1,L2,L2,L1,C1_1,D1_3,F1_3,L3,L2,,,
287117,L1,L2,L3,L1,L1,L1,L2,L2,L1,C1_1,D1_3,F1_3,L3,L3,,,
287118,L1,L2,L3,L1,L1,L1,L2,L2,L1,C1_2,D1_1,F1_1,L1,L1,,,
287119,L1,L2,L3,L1,L1,L1,L2,L2,L1,C1_2,D1_1,F1_1,L1,L2,,,
287120,L1,L2,L3,L1,L1,L1,L2,L2,L1,C1_2,D1_1,F1_1,L1,L3,,,
287121,L1,L2,L3,L1,L1,L1,L2,L2,L1,C1_2,D1_1,F1_1,L2,L1,,,
287122,L1,L2,L3,L1,L1,L1,L2,L2,L1,C1_2,D1_1,F1_1,L2,L2,,,
287123,L1,L2,L3,L1,L1,L1,L2,L2,L1,C1_2,D1_1,F1_1,L2,L3,,,
287124,L1,L2,L3,L1,L1,L1,L2,L2,L1,C1_2,D1_1,F1_1,L3,L1,,,
287125,L1,L2,L3,L1,L1,L1,L2,L2,L1,C1_2,D1_1,F1_1,L3,L2,,,
287126,L1,L2,L3,L1,L1,L1,L2,L2,L1,C1_2,D1_1,F1_1,L3,L3,,,
287127,L1,L2,L3,L1,L1,L1,L2,L2,L1,C1_2,D1_1,F1_2,L1,L1,,,
287128,L1,L2,L3,L1,L1,L1,L2,L2,L1,C1_2,D1_1,F1_2,L1,L2,,,
287129,L1,L2,L3,L1,L1,L1,L2,L2,L1,C1_2,D1_1,F1_2,L1,L3,,,
287130,L1,L2,L3,L1,L1,L1,L2,L2,L1,C1_2,D1_1,F1_2,L2,L1,,,
287131,L1,L2,L3,L1,L1,L1,L2,L2,L1,C1_2,D1_1,F1_2,L2,L2,,,
287132,L1,L2,L3,L1,L1,L1,L2,L2,L1,C1_2,D1_1,F1_2,L2,L3,,,
287133,L1,L2,L3,L1,L1,L1,L2,L2,L1,C1_2,D1_1,F1_2,L3,L1,,,
287134,L1,L2,L3,L1,L1,L1,L2,L2,L1,C1_2,D1_1,F1_2,L3,L2,,,
287135,L1,L2,L3,L1,L1,L1,L2,L2,L1,C1_2,D1_1,F1_2,L3,L3,,,
287136,L1,L2,L3,L1,L1,L1,L2,L2,L1,C1_2,D1_1,F1_3,L1,L1,,,
287137,L1,L2,L3,L1,L1,L1,L2,L2,L1,C1_2,D1_1,F1_3,L1,L2,,,
287138,L1,L2,L3,L1,L1,L1,L2,L2,L1,C1_2,D1_1,F1_3,L1,L3,,,
287139,L1,L2,L3,L1,L1,L1,L2,L2,L1,C1_2,D1_1,F1_3,L2,L1,,,
287140,L1,L2,L3,L1,L1,L1,L2,L2,L1,C1_2,D1_1,F1_3,L2,L2,,,
287141,L1,L2,L3,L1,L1,L1,L2,L2,L1,C1_2,D1_1,F1_3,L2,L3,,,
287142,L1,L2,L3,L1,L1,L1,L2,L2,L1,C1_2,D1_1,F1_3,L3,L1,,,
287143,L1,L2,L3,L1,L1,L1,L2,L2,L1,C1_2,D1_1,F1_3,L3,L2,,,
287144,L1,L2,L3,L1,L1,L1,L2,L2,L1,C1_2,D1_1,F1_3,L3,L3,,,
287145,L1,L2,L3,L1,L1,L1,L2,L2,L1,C1_2,D1_2,F1_1,L1,L1,,,
287146,L1,L2,L3,L1,L1,L1,L2,L2,L1,C1_2,D1_2,F1_1,L1,L2,,,
287147,L1,L2,L3,L1,L1,L1,L2,L2,L1,C1_2,D1_2,F1_1,L1,L3,,,
287148,L1,L2,L3,L1,L1,L1,L2,L2,L1,C1_2,D1_2,F1_1,L2,L1,,,
287149,L1,L2,L3,L1,L1,L1,L2,L2,L1,C1_2,D1_2,F1_1,L2,L2,,,
287150,L1,L2,L3,L1,L1,L1,L2,L2,L1,C1_2,D1_2,F1_1,L2,L3,,,
287151,L1,L2,L3,L1,L1,L1,L2,L2,L1,C1_2,D1_2,F1_1,L3,L1,,,
287152,L1,L2,L3,L1,L1,L1,L2,L2,L1,C1_2,D1_2,F1_1,L3,L2,,,
287153,L1,L2,L3,L1,L1,L1,L2,L2,L1,C1_2,D1_2,F1_1,L3,L3,,,
287154,L1,L2,L3,L1,L1,L1,L2,L2,L1,C1_2,D1_2,F1_2,L1,L1,,,
287155,L1,L2,L3,L1,L1,L1,L2,L2,L1,C1_2,D1_2,F1_2,L1,L2,,,
287156,L1,L2,L3,L1,L1,L1,L2,L2,L1,C1_2,D1_2,F1_2,L1,L3,,,
287157,L1,L2,L3,L1,L1,L1,L2,L2,L1,C1_2,D1_2,F1_2,L2,L1,,,
287158,L1,L2,L3,L1,L1,L1,L2,L2,L1,C1_2,D1_2,F1_2,L2,L2,,,
287159,L1,L2,L3,L1,L1,L1,L2,L2,L1,C1_2,D1_2,F1_2,L2,L3,,,
287160,L1,L2,L3,L1,L1,L1,L2,L2,L1,C1_2,D1_2,F1_2,L3,L1,,,
287161,L1,L2,L3,L1,L1,L1,L2,L2,L1,C1_2,D1_2,F1_2,L3,L2,,,
287162,L1,L2,L3,L1,L1,L1,L2,L2,L1,C1_2,D1_2,F1_2,L3,L3,,,
287163,L1,L2,L3,L1,L1,L1,L2,L2,L1,C1_2,D1_2,F1_3,L1,L1,,,
287164,L1,L2,L3,L1,L1,L1,L2,L2,L1,C1_2,D1_2,F1_3,L1,L2,,,
287165,L1,L2,L3,L1,L1,L1,L2,L2,L1,C1_2,D1_2,F1_3,L1,L3,,,
287166,L1,L2,L3,L1,L1,L1,L2,L2,L1,C1_2,D1_2,F1_3,L2,L1,,,
287167,L1,L2,L3,L1,L1,L1,L2,L2,L1,C1_2,D1_2,F1_3,L2,L2,,,
287168,L1,L2,L3,L1,L1,L1,L2,L2,L1,C1_2,D1_2,F1_3,L2,L3,,,
287169,L1,L2,L3,L1,L1,L1,L2,L2,L1,C1_2,D1_2,F1_3,L3,L1,,,
287170,L1,L2,L3,L1,L1,L1,L2,L2,L1,C1_2,D1_2,F1_3,L3,L2,,,
287171,L1,L2,L3,L1,L1,L1,L2,L2,L1,C1_2,D1_2,F1_3,L3,L3,,,
287172,L1,L2,L3,L1,L1,L1,L2,L2,L1,C1_2,D1_3,F1_1,L1,L1,,,
287173,L1,L2,L3,L1,L1,L1,L2,L2,L1,C1_2,D1_3,F1_1,L1,L2,,,
287174,L1,L2,L3,L1,L1,L1,L2,L2,L1,C1_2,D1_3,F1_1,L1,L3,,,
287175,L1,L2,L3,L1,L1,L1,L2,L2,L1,C1_2,D1_3,F1_1,L2,L1,,,
287176,L1,L2,L3,L1,L1,L1,L2,L2,L1,C1_2,D1_3,F1_1,L2,L2,,,
287177,L1,L2,L3,L1,L1,L1,L2,L2,L1,C1_2,D1_3,F1_1,L2,L3,,,
287178,L1,L2,L3,L1,L1,L1,L2,L2,L1,C1_2,D1_3,F1_1,L3,L1,,,
287179,L1,L2,L3,L1,L1,L1,L2,L2,L1,C1_2,D1_3,F1_1,L3,L2,,,
287180,L1,L2,L3,L1,L1,L1,L2,L2,L1,C1_2,D1_3,F1_1,L3,L3,,,
287181,L1,L2,L3,L1,L1,L1,L2,L2,L1,C1_2,D1_3,F1_2,L1,L1,,,
287182,L1,L2,L3,L1,L1,L1,L2,L2,L1,C1_2,D1_3,F1_2,L1,L2,,,
287183,L1,L2,L3,L1,L1,L1,L2,L2,L1,C1_2,D1_3,F1_2,L1,L3,,,
287184,L1,L2,L3,L1,L1,L1,L2,L2,L1,C1_2,D1_3,F1_2,L2,L1,,,
287185,L1,L2,L3,L1,L1,L1,L2,L2,L1,C1_2,D1_3,F1_2,L2,L2,,,
287186,L1,L2,L3,L1,L1,L1,L2,L2,L1,C1_2,D1_3,F1_2,L2,L3,,,
287187,L1,L2,L3,L1,L1,L1,L2,L2,L1,C1_2,D1_3,F1_2,L3,L1,,,
287188,L1,L2,L3,L1,L1,L1,L2,L2,L1,C1_2,D1_3,F1_2,L3,L2,,,
287189,L1,L2,L3,L1,L1,L1,L2,L2,L1,C1_2,D1_3,F1_2,L3,L3,,,
287190,L1,L2,L3,L1,L1,L1,L2,L2,L1,C1_2,D1_3,F1_3,L1,L1,,,
287191,L1,L2,L3,L1,L1,L1,L2,L2,L1,C1_2,D1_3,F1_3,L1,L2,,,
287192,L1,L2,L3,L1,L1,L1,L2,L2,L1,C1_2,D1_3,F1_3,L1,L3,,,
287193,L1,L2,L3,L1,L1,L1,L2,L2,L1,C1_2,D1_3,F1_3,L2,L1,,,
287194,L1,L2,L3,L1,L1,L1,L2,L2,L1,C1_2,D1_3,F1_3,L2,L2,,,
287195,L1,L2,L3,L1,L1,L1,L2,L2,L1,C1_2,D1_3,F1_3,L2,L3,,,
287196,L1,L2,L3,L1,L1,L1,L2,L2,L1,C1_2,D1_3,F1_3,L3,L1,,,
287197,L1,L2,L3,L1,L1,L1,L2,L2,L1,C1_2,D1_3,F1_3,L3,L2,,,
287198,L1,L2,L3,L1,L1,L1,L2,L2,L1,C1_2,D1_3,F1_3,L3,L3,,,
287199,L1,L2,L3,L1,L1,L1,L2,L2,L1,C1_3,D1_1,F1_1,L1,L1,,,
287200,L1,L2,L3,L1,L1,L1,L2,L2,L1,C1_3,D1_1,F1_1,L1,L2,,,
287201,L1,L2,L3,L1,L1,L1,L2,L2,L1,C1_3,D1_1,F1_1,L1,L3,,,
287202,L1,L2,L3,L1,L1,L1,L2,L2,L1,C1_3,D1_1,F1_1,L2,L1,,,
287203,L1,L2,L3,L1,L1,L1,L2,L2,L1,C1_3,D1_1,F1_1,L2,L2,,,
287204,L1,L2,L3,L1,L1,L1,L2,L2,L1,C1_3,D1_1,F1_1,L2,L3,,,
287205,L1,L2,L3,L1,L1,L1,L2,L2,L1,C1_3,D1_1,F1_1,L3,L1,,,
287206,L1,L2,L3,L1,L1,L1,L2,L2,L1,C1_3,D1_1,F1_1,L3,L2,,,
287207,L1,L2,L3,L1,L1,L1,L2,L2,L1,C1_3,D1_1,F1_1,L3,L3,,,
287208,L1,L2,L3,L1,L1,L1,L2,L2,L1,C1_3,D1_1,F1_2,L1,L1,,,
287209,L1,L2,L3,L1,L1,L1,L2,L2,L1,C1_3,D1_1,F1_2,L1,L2,,,
287210,L1,L2,L3,L1,L1,L1,L2,L2,L1,C1_3,D1_1,F1_2,L1,L3,,,
287211,L1,L2,L3,L1,L1,L1,L2,L2,L1,C1_3,D1_1,F1_2,L2,L1,,,
287212,L1,L2,L3,L1,L1,L1,L2,L2,L1,C1_3,D1_1,F1_2,L2,L2,,,
287213,L1,L2,L3,L1,L1,L1,L2,L2,L1,C1_3,D1_1,F1_2,L2,L3,,,
287214,L1,L2,L3,L1,L1,L1,L2,L2,L1,C1_3,D1_1,F1_2,L3,L1,,,
287215,L1,L2,L3,L1,L1,L1,L2,L2,L1,C1_3,D1_1,F1_2,L3,L2,,,
287216,L1,L2,L3,L1,L1,L1,L2,L2,L1,C1_3,D1_1,F1_2,L3,L3,,,
287217,L1,L2,L3,L1,L1,L1,L2,L2,L1,C1_3,D1_1,F1_3,L1,L1,,,
287218,L1,L2,L3,L1,L1,L1,L2,L2,L1,C1_3,D1_1,F1_3,L1,L2,,,
287219,L1,L2,L3,L1,L1,L1,L2,L2,L1,C1_3,D1_1,F1_3,L1,L3,,,
287220,L1,L2,L3,L1,L1,L1,L2,L2,L1,C1_3,D1_1,F1_3,L2,L1,,,
287221,L1,L2,L3,L1,L1,L1,L2,L2,L1,C1_3,D1_1,F1_3,L2,L2,,,
287222,L1,L2,L3,L1,L1,L1,L2,L2,L1,C1_3,D1_1,F1_3,L2,L3,,,
287223,L1,L2,L3,L1,L1,L1,L2,L2,L1,C1_3,D1_1,F1_3,L3,L1,,,
287224,L1,L2,L3,L1,L1,L1,L2,L2,L1,C1_3,D1_1,F1_3,L3,L2,,,
287225,L1,L2,L3,L1,L1,L1,L2,L2,L1,C1_3,D1_1,F1_3,L3,L3,,,
287226,L1,L2,L3,L1,L1,L1,L2,L2,L1,C1_3,D1_2,F1_1,L1,L1,,,
287227,L1,L2,L3,L1,L1,L1,L2,L2,L1,C1_3,D1_2,F1_1,L1,L2,,,
287228,L1,L2,L3,L1,L1,L1,L2,L2,L1,C1_3,D1_2,F1_1,L1,L3,,,
287229,L1,L2,L3,L1,L1,L1,L2,L2,L1,C1_3,D1_2,F1_1,L2,L1,,,
287230,L1,L2,L3,L1,L1,L1,L2,L2,L1,C1_3,D1_2,F1_1,L2,L2,,,
287231,L1,L2,L3,L1,L1,L1,L2,L2,L1,C1_3,D1_2,F1_1,L2,L3,,,
287232,L1,L2,L3,L1,L1,L1,L2,L2,L1,C1_3,D1_2,F1_1,L3,L1,,,
287233,L1,L2,L3,L1,L1,L1,L2,L2,L1,C1_3,D1_2,F1_1,L3,L2,,,
287234,L1,L2,L3,L1,L1,L1,L2,L2,L1,C1_3,D1_2,F1_1,L3,L3,,,
287235,L1,L2,L3,L1,L1,L1,L2,L2,L1,C1_3,D1_2,F1_2,L1,L1,,,
287236,L1,L2,L3,L1,L1,L1,L2,L2,L1,C1_3,D1_2,F1_2,L1,L2,,,
287237,L1,L2,L3,L1,L1,L1,L2,L2,L1,C1_3,D1_2,F1_2,L1,L3,,,
287238,L1,L2,L3,L1,L1,L1,L2,L2,L1,C1_3,D1_2,F1_2,L2,L1,,,
287239,L1,L2,L3,L1,L1,L1,L2,L2,L1,C1_3,D1_2,F1_2,L2,L2,,,
287240,L1,L2,L3,L1,L1,L1,L2,L2,L1,C1_3,D1_2,F1_2,L2,L3,,,
287241,L1,L2,L3,L1,L1,L1,L2,L2,L1,C1_3,D1_2,F1_2,L3,L1,,,
287242,L1,L2,L3,L1,L1,L1,L2,L2,L1,C1_3,D1_2,F1_2,L3,L2,,,
287243,L1,L2,L3,L1,L1,L1,L2,L2,L1,C1_3,D1_2,F1_2,L3,L3,,,
287244,L1,L2,L3,L1,L1,L1,L2,L2,L1,C1_3,D1_2,F1_3,L1,L1,,,
287245,L1,L2,L3,L1,L1,L1,L2,L2,L1,C1_3,D1_2,F1_3,L1,L2,,,
287246,L1,L2,L3,L1,L1,L1,L2,L2,L1,C1_3,D1_2,F1_3,L1,L3,,,
287247,L1,L2,L3,L1,L1,L1,L2,L2,L1,C1_3,D1_2,F1_3,L2,L1,,,
287248,L1,L2,L3,L1,L1,L1,L2,L2,L1,C1_3,D1_2,F1_3,L2,L2,,,
287249,L1,L2,L3,L1,L1,L1,L2,L2,L1,C1_3,D1_2,F1_3,L2,L3,,,
287250,L1,L2,L3,L1,L1,L1,L2,L2,L1,C1_3,D1_2,F1_3,L3,L1,,,
287251,L1,L2,L3,L1,L1,L1,L2,L2,L1,C1_3,D1_2,F1_3,L3,L2,,,
287252,L1,L2,L3,L1,L1,L1,L2,L2,L1,C1_3,D1_2,F1_3,L3,L3,,,
287253,L1,L2,L3,L1,L1,L1,L2,L2,L1,C1_3,D1_3,F1_1,L1,L1,,,
287254,L1,L2,L3,L1,L1,L1,L2,L2,L1,C1_3,D1_3,F1_1,L1,L2,,,
287255,L1,L2,L3,L1,L1,L1,L2,L2,L1,C1_3,D1_3,F1_1,L1,L3,,,
287256,L1,L2,L3,L1,L1,L1,L2,L2,L1,C1_3,D1_3,F1_1,L2,L1,,,
287257,L1,L2,L3,L1,L1,L1,L2,L2,L1,C1_3,D1_3,F1_1,L2,L2,,,
287258,L1,L2,L3,L1,L1,L1,L2,L2,L1,C1_3,D1_3,F1_1,L2,L3,,,
287259,L1,L2,L3,L1,L1,L1,L2,L2,L1,C1_3,D1_3,F1_1,L3,L1,,,
287260,L1,L2,L3,L1,L1,L1,L2,L2,L1,C1_3,D1_3,F1_1,L3,L2,,,
287261,L1,L2,L3,L1,L1,L1,L2,L2,L1,C1_3,D1_3,F1_1,L3,L3,,,
287262,L1,L2,L3,L1,L1,L1,L2,L2,L1,C1_3,D1_3,F1_2,L1,L1,,,
287263,L1,L2,L3,L1,L1,L1,L2,L2,L1,C1_3,D1_3,F1_2,L1,L2,,,
287264,L1,L2,L3,L1,L1,L1,L2,L2,L1,C1_3,D1_3,F1_2,L1,L3,,,
287265,L1,L2,L3,L1,L1,L1,L2,L2,L1,C1_3,D1_3,F1_2,L2,L1,,,
287266,L1,L2,L3,L1,L1,L1,L2,L2,L1,C1_3,D1_3,F1_2,L2,L2,,,
287267,L1,L2,L3,L1,L1,L1,L2,L2,L1,C1_3,D1_3,F1_2,L2,L3,,,
287268,L1,L2,L3,L1,L1,L1,L2,L2,L1,C1_3,D1_3,F1_2,L3,L1,,,
287269,L1,L2,L3,L1,L1,L1,L2,L2,L1,C1_3,D1_3,F1_2,L3,L2,,,
287270,L1,L2,L3,L1,L1,L1,L2,L2,L1,C1_3,D1_3,F1_2,L3,L3,,,
287271,L1,L2,L3,L1,L1,L1,L2,L2,L1,C1_3,D1_3,F1_3,L1,L1,,,
287272,L1,L2,L3,L1,L1,L1,L2,L2,L1,C1_3,D1_3,F1_3,L1,L2,,,
287273,L1,L2,L3,L1,L1,L1,L2,L2,L1,C1_3,D1_3,F1_3,L1,L3,,,
287274,L1,L2,L3,L1,L1,L1,L2,L2,L1,C1_3,D1_3,F1_3,L2,L1,,,
287275,L1,L2,L3,L1,L1,L1,L2,L2,L1,C1_3,D1_3,F1_3,L2,L2,,,
287276,L1,L2,L3,L1,L1,L1,L2,L2,L1,C1_3,D1_3,F1_3,L2,L3,,,
287277,L1,L2,L3,L1,L1,L1,L2,L2,L1,C1_3,D1_3,F1_3,L3,L1,,,
287278,L1,L2,L3,L1,L1,L1,L2,L2,L1,C1_3,D1_3,F1_3,L3,L2,,,
287279,L1,L2,L3,L1,L1,L1,L2,L2,L1,C1_3,D1_3,F1_3,L3,L3,,,
288279,L2,L3,L1,L3,L2,L1,L2,L2,L1,C1_1,D1_1,F1_1,L1,L1,,,
288280,L2,L3,L1,L3,L2,L1,L2,L2,L1,C1_1,D1_1,F1_1,L1,L2,,,
288281,L2,L3,L1,L3,L2,L1,L2,L2,L1,C1_1,D1_1,F1_1,L1,L3,,,
288282,L2,L3,L1,L3,L2,L1,L2,L2,L1,C1_1,D1_1,F1_1,L2,L1,,,
288283,L2,L3,L1,L3,L2,L1,L2,L2,L1,C1_1,D1_1,F1_1,L2,L2,,,
288284,L2,L3,L1,L3,L2,L1,L2,L2,L1,C1_1,D1_1,F1_1,L2,L3,,,
288285,L2,L3,L1,L3,L2,L1,L2,L2,L1,C1_1,D1_1,F1_1,L3,L1,,,
288286,L2,L3,L1,L3,L2,L1,L2,L2,L1,C1_1,D1_1,F1_1,L3,L2,,,
288287,L2,L3,L1,L3,L2,L1,L2,L2,L1,C1_1,D1_1,F1_1,L3,L3,,,
288288,L2,L3,L1,L3,L2,L1,L2,L2,L1,C1_1,D1_1,F1_2,L1,L1,,,
288289,L2,L3,L1,L3,L2,L1,L2,L2,L1,C1_1,D1_1,F1_2,L1,L2,,,
288290,L2,L3,L1,L3,L2,L1,L2,L2,L1,C1_1,D1_1,F1_2,L1,L3,,,
288291,L2,L3,L1,L3,L2,L1,L2,L2,L1,C1_1,D1_1,F1_2,L2,L1,,,
288292,L2,L3,L1,L3,L2,L1,L2,L2,L1,C1_1,D1_1,F1_2,L2,L2,,,
288293,L2,L3,L1,L3,L2,L1,L2,L2,L1,C1_1,D1_1,F1_2,L2,L3,,,
288294,L2,L3,L1,L3,L2,L1,L2,L2,L1,C1_1,D1_1,F1_2,L3,L1,,,
288295,L2,L3,L1,L3,L2,L1,L2,L2,L1,C1_1,D1_1,F1_2,L3,L2,,,
288296,L2,L3,L1,L3,L2,L1,L2,L2,L1,C1_1,D1_1,F1_2,L3,L3,,,
288297,L2,L3,L1,L3,L2,L1,L2,L2,L1,C1_1,D1_1,F1_3,L1,L1,,,
288298,L2,L3,L1,L3,L2,L1,L2,L2,L1,C1_1,D1_1,F1_3,L1,L2,,,
288299,L2,L3,L1,L3,L2,L1,L2,L2,L1,C1_1,D1_1,F1_3,L1,L3,,,
288300,L2,L3,L1,L3,L2,L1,L2,L2,L1,C1_1,D1_1,F1_3,L2,L1,,,
288301,L2,L3,L1,L3,L2,L1,L2,L2,L1,C1_1,D1_1,F1_3,L2,L2,,,
288302,L2,L3,L1,L3,L2,L1,L2,L2,L1,C1_1,D1_1,F1_3,L2,L3,,,
288303,L2,L3,L1,L3,L2,L1,L2,L2,L1,C1_1,D1_1,F1_3,L3,L1,,,
288304,L2,L3,L1,L3,L2,L1,L2,L2,L1,C1_1,D1_1,F1_3,L3,L2,,,
288305,L2,L3,L1,L3,L2,L1,L2,L2,L1,C1_1,D1_1,F1_3,L3,L3,,,
288306,L2,L3,L1,L3,L2,L1,L2,L2,L1,C1_1,D1_2,F1_1,L1,L1,,,
288307,L2,L3,L1,L3,L2,L1,L2,L2,L1,C1_1,D1_2,F1_1,L1,L2,,,
288308,L2,L3,L1,L3,L2,L1,L2,L2,L1,C1_1,D1_2,F1_1,L1,L3,,,
288309,L2,L3,L1,L3,L2,L1,L2,L2,L1,C1_1,D1_2,F1_1,L2,L1,,,
288310,L2,L3,L1,L3,L2,L1,L2,L2,L1,C1_1,D1_2,F1_1,L2,L2,,,
288311,L2,L3,L1,L3,L2,L1,L2,L2,L1,C1_1,D1_2,F1_1,L2,L3,,,
288312,L2,L3,L1,L3,L2,L1,L2,L2,L1,C1_1,D1_2,F1_1,L3,L1,,,
288313,L2,L3,L1,L3,L2,L1,L2,L2,L1,C1_1,D1_2,F1_1,L3,L2,,,
288314,L2,L3,L1,L3,L2,L1,L2,L2,L1,C1_1,D1_2,F1_1,L3,L3,,,
288315,L2,L3,L1,L3,L2,L1,L2,L2,L1,C1_1,D1_2,F1_2,L1,L1,,,
288316,L2,L3,L1,L3,L2,L1,L2,L2,L1,C1_1,D1_2,F1_2,L1,L2,,,
288317,L2,L3,L1,L3,L2,L1,L2,L2,L1,C1_1,D1_2,F1_2,L1,L3,,,
288318,L2,L3,L1,L3,L2,L1,L2,L2,L1,C1_1,D1_2,F1_2,L2,L1,,,
288319,L2,L3,L1,L3,L2,L1,L2,L2,L1,C1_1,D1_2,F1_2,L2,L2,,,
288320,L2,L3,L1,L3,L2,L1,L2,L2,L1,C1_1,D1_2,F1_2,L2,L3,,,
288321,L2,L3,L1,L3,L2,L1,L2,L2,L1,C1_1,D1_2,F1_2,L3,L1,,,
288322,L2,L3,L1,L3,L2,L1,L2,L2,L1,C1_1,D1_2,F1_2,L3,L2,,,
288323,L2,L3,L1,L3,L2,L1,L2,L2,L1,C1_1,D1_2,F1_2,L3,L3,,,
288324,L2,L3,L1,L3,L2,L1,L2,L2,L1,C1_1,D1_2,F1_3,L1,L1,,,
288325,L2,L3,L1,L3,L2,L1,L2,L2,L1,C1_1,D1_2,F1_3,L1,L2,,,
288326,L2,L3,L1,L3,L2,L1,L2,L2,L1,C1_1,D1_2,F1_3,L1,L3,,,
288327,L2,L3,L1,L3,L2,L1,L2,L2,L1,C1_1,D1_2,F1_3,L2,L1,,,
288328,L2,L3,L1,L3,L2,L1,L2,L2,L1,C1_1,D1_2,F1_3,L2,L2,,,
288329,L2,L3,L1,L3,L2,L1,L2,L2,L1,C1_1,D1_2,F1_3,L2,L3,,,
288330,L2,L3,L1,L3,L2,L1,L2,L2,L1,C1_1,D1_2,F1_3,L3,L1,,,
288331,L2,L3,L1,L3,L2,L1,L2,L2,L1,C1_1,D1_2,F1_3,L3,L2,,,
288332,L2,L3,L1,L3,L2,L1,L2,L2,L1,C1_1,D1_2,F1_3,L3,L3,,,
288333,L2,L3,L1,L3,L2,L1,L2,L2,L1,C1_1,D1_3,F1_1,L1,L1,,,
288334,L2,L3,L1,L3,L2,L1,L2,L2,L1,C1_1,D1_3,F1_1,L1,L2,,,
288335,L2,L3,L1,L3,L2,L1,L2,L2,L1,C1_1,D1_3,F1_1,L1,L3,,,
288336,L2,L3,L1,L3,L2,L1,L2,L2,L1,C1_1,D1_3,F1_1,L2,L1,,,
288337,L2,L3,L1,L3,L2,L1,L2,L2,L1,C1_1,D1_3,F1_1,L2,L2,,,
288338,L2,L3,L1,L3,L2,L1,L2,L2,L1,C1_1,D1_3,F1_1,L2,L3,,,
288339,L2,L3,L1,L3,L2,L1,L2,L2,L1,C1_1,D1_3,F1_1,L3,L1,,,
288340,L2,L3,L1,L3,L2,L1,L2,L2,L1,C1_1,D1_3,F1_1,L3,L2,,,
288341,L2,L3,L1,L3,L2,L1,L2,L2,L1,C1_1,D1_3,F1_1,L3,L3,,,
288342,L2,L3,L1,L3,L2,L1,L2,L2,L1,C1_1,D1_3,F1_2,L1,L1,,,
288343,L2,L3,L1,L3,L2,L1,L2,L2,L1,C1_1,D1_3,F1_2,L1,L2,,,
288344,L2,L3,L1,L3,L2,L1,L2,L2,L1,C1_1,D1_3,F1_2,L1,L3,,,
288345,L2,L3,L1,L3,L2,L1,L2,L2,L1,C1_1,D1_3,F1_2,L2,L1,,,
288346,L2,L3,L1,L3,L2,L1,L2,L2,L1,C1_1,D1_3,F1_2,L2,L2,,,
288347,L2,L3,L1,L3,L2,L1,L2,L2,L1,C1_1,D1_3,F1_2,L2,L3,,,
288348,L2,L3,L1,L3,L2,L1,L2,L2,L1,C1_1,D1_3,F1_2,L3,L1,,,
288349,L2,L3,L1,L3,L2,L1,L2,L2,L1,C1_1,D1_3,F1_2,L3,L2,,,
288350,L2,L3,L1,L3,L2,L1,L2,L2,L1,C1_1,D1_3,F1_2,L3,L3,,,
288351,L2,L3,L1,L3,L2,L1,L2,L2,L1,C1_1,D1_3,F1_3,L1,L1,,,
288352,L2,L3,L1,L3,L2,L1,L2,L2,L1,C1_1,D1_3,F1_3,L1,L2,,,
288353,L2,L3,L1,L3,L2,L1,L2,L2,L1,C1_1,D1_3,F1_3,L1,L3,,,
288354,L2,L3,L1,L3,L2,L1,L2,L2,L1,C1_1,D1_3,F1_3,L2,L1,,,
288355,L2,L3,L1,L3,L2,L1,L2,L2,L1,C1_1,D1_3,F1_3,L2,L2,,,
288356,L2,L3,L1,L3,L2,L1,L2,L2,L1,C1_1,D1_3,F1_3,L2,L3,,,
288357,L2,L3,L1,L3,L2,L1,L2,L2,L1,C1_1,D1_3,F1_3,L3,L1,,,
288358,L2,L3,L1,L3,L2,L1,L2,L2,L1,C1_1,D1_3,F1_3,L3,L2,,,
288359,L2,L3,L1,L3,L2,L1,L2,L2,L1,C1_1,D1_3,F1_3,L3,L3,,,
288360,L2,L3,L1,L3,L2,L1,L2,L2,L1,C1_2,D1_1,F1_1,L1,L1,,,
288361,L2,L3,L1,L3,L2,L1,L2,L2,L1,C1_2,D1_1,F1_1,L1,L2,,,
288362,L2,L3,L1,L3,L2,L1,L2,L2,L1,C1_2,D1_1,F1_1,L1,L3,,,
288363,L2,L3,L1,L3,L2,L1,L2,L2,L1,C1_2,D1_1,F1_1,L2,L1,,,
288364,L2,L3,L1,L3,L2,L1,L2,L2,L1,C1_2,D1_1,F1_1,L2,L2,,,
288365,L2,L3,L1,L3,L2,L1,L2,L2,L1,C1_2,D1_1,F1_1,L2,L3,,,
288366,L2,L3,L1,L3,L2,L1,L2,L2,L1,C1_2,D1_1,F1_1,L3,L1,,,
288367,L2,L3,L1,L3,L2,L1,L2,L2,L1,C1_2,D1_1,F1_1,L3,L2,,,
288368,L2,L3,L1,L3,L2,L1,L2,L2,L1,C1_2,D1_1,F1_1,L3,L3,,,
288369,L2,L3,L1,L3,L2,L1,L2,L2,L1,C1_2,D1_1,F1_2,L1,L1,,,
288370,L2,L3,L1,L3,L2,L1,L2,L2,L1,C1_2,D1_1,F1_2,L1,L2,,,
288371,L2,L3,L1,L3,L2,L1,L2,L2,L1,C1_2,D1_1,F1_2,L1,L3,,,
288372,L2,L3,L1,L3,L2,L1,L2,L2,L1,C1_2,D1_1,F1_2,L2,L1,,,
288373,L2,L3,L1,L3,L2,L1,L2,L2,L1,C1_2,D1_1,F1_2,L2,L2,,,
288374,L2,L3,L1,L3,L2,L1,L2,L2,L1,C1_2,D1_1,F1_2,L2,L3,,,
288375,L2,L3,L1,L3,L2,L1,L2,L2,L1,C1_2,D1_1,F1_2,L3,L1,,,
288376,L2,L3,L1,L3,L2,L1,L2,L2,L1,C1_2,D1_1,F1_2,L3,L2,,,
288377,L2,L3,L1,L3,L2,L1,L2,L2,L1,C1_2,D1_1,F1_2,L3,L3,,,
288378,L2,L3,L1,L3,L2,L1,L2,L2,L1,C1_2,D1_1,F1_3,L1,L1,,,
288379,L2,L3,L1,L3,L2,L1,L2,L2,L1,C1_2,D1_1,F1_3,L1,L2,,,
288380,L2,L3,L1,L3,L2,L1,L2,L2,L1,C1_2,D1_1,F1_3,L1,L3,,,
288381,L2,L3,L1,L3,L2,L1,L2,L2,L1,C1_2,D1_1,F1_3,L2,L1,,,
288382,L2,L3,L1,L3,L2,L1,L2,L2,L1,C1_2,D1_1,F1_3,L2,L2,,,
288383,L2,L3,L1,L3,L2,L1,L2,L2,L1,C1_2,D1_1,F1_3,L2,L3,,,
288384,L2,L3,L1,L3,L2,L1,L2,L2,L1,C1_2,D1_1,F1_3,L3,L1,,,
288385,L2,L3,L1,L3,L2,L1,L2,L2,L1,C1_2,D1_1,F1_3,L3,L2,,,
288386,L2,L3,L1,L3,L2,L1,L2,L2,L1,C1_2,D1_1,F1_3,L3,L3,,,
288387,L2,L3,L1,L3,L2,L1,L2,L2,L1,C1_2,D1_2,F1_1,L1,L1,,,
288388,L2,L3,L1,L3,L2,L1,L2,L2,L1,C1_2,D1_2,F1_1,L1,L2,,,
288389,L2,L3,L1,L3,L2,L1,L2,L2,L1,C1_2,D1_2,F1_1,L1,L3,,,
288390,L2,L3,L1,L3,L2,L1,L2,L2,L1,C1_2,D1_2,F1_1,L2,L1,,,
288391,L2,L3,L1,L3,L2,L1,L2,L2,L1,C1_2,D1_2,F1_1,L2,L2,,,
288392,L2,L3,L1,L3,L2,L1,L2,L2,L1,C1_2,D1_2,F1_1,L2,L3,,,
288393,L2,L3,L1,L3,L2,L1,L2,L2,L1,C1_2,D1_2,F1_1,L3,L1,,,
288394,L2,L3,L1,L3,L2,L1,L2,L2,L1,C1_2,D1_2,F1_1,L3,L2,,,
288395,L2,L3,L1,L3,L2,L1,L2,L2,L1,C1_2,D1_2,F1_1,L3,L3,,,
288396,L2,L3,L1,L3,L2,L1,L2,L2,L1,C1_2,D1_2,F1_2,L1,L1,,,
288397,L2,L3,L1,L3,L2,L1,L2,L2,L1,C1_2,D1_2,F1_2,L1,L2,,,
288398,L2,L3,L1,L3,L2,L1,L2,L2,L1,C1_2,D1_2,F1_2,L1,L3,,,
288399,L2,L3,L1,L3,L2,L1,L2,L2,L1,C1_2,D1_2,F1_2,L2,L1,,,
288400,L2,L3,L1,L3,L2,L1,L2,L2,L1,C1_2,D1_2,F1_2,L2,L2,,,
288401,L2,L3,L1,L3,L2,L1,L2,L2,L1,C1_2,D1_2,F1_2,L2,L3,,,
288402,L2,L3,L1,L3,L2,L1,L2,L2,L1,C1_2,D1_2,F1_2,L3,L1,,,
288403,L2,L3,L1,L3,L2,L1,L2,L2,L1,C1_2,D1_2,F1_2,L3,L2,,,
288404,L2,L3,L1,L3,L2,L1,L2,L2,L1,C1_2,D1_2,F1_2,L3,L3,,,
288405,L2,L3,L1,L3,L2,L1,L2,L2,L1,C1_2,D1_2,F1_3,L1,L1,,,
288406,L2,L3,L1,L3,L2,L1,L2,L2,L1,C1_2,D1_2,F1_3,L1,L2,,,
288407,L2,L3,L1,L3,L2,L1,L2,L2,L1,C1_2,D1_2,F1_3,L1,L3,,,
288408,L2,L3,L1,L3,L2,L1,L2,L2,L1,C1_2,D1_2,F1_3,L2,L1,,,
288409,L2,L3,L1,L3,L2,L1,L2,L2,L1,C1_2,D1_2,F1_3,L2,L2,,,
288410,L2,L3,L1,L3,L2,L1,L2,L2,L1,C1_2,D1_2,F1_3,L2,L3,,,
288411,L2,L3,L1,L3,L2,L1,L2,L2,L1,C1_2,D1_2,F1_3,L3,L1,,,
288412,L2,L3,L1,L3,L2,L1,L2,L2,L1,C1_2,D1_2,F1_3,L3,L2,,,
288413,L2,L3,L1,L3,L2,L1,L2,L2,L1,C1_2,D1_2,F1_3,L3,L3,,,
288414,L2,L3,L1,L3,L2,L1,L2,L2,L1,C1_2,D1_3,F1_1,L1,L1,,,
288415,L2,L3,L1,L3,L2,L1,L2,L2,L1,C1_2,D1_3,F1_1,L1,L2,,,
288416,L2,L3,L1,L3,L2,L1,L2,L2,L1,C1_2,D1_3,F1_1,L1,L3,,,
288417,L2,L3,L1,L3,L2,L1,L2,L2,L1,C1_2,D1_3,F1_1,L2,L1,,,
288418,L2,L3,L1,L3,L2,L1,L2,L2,L1,C1_2,D1_3,F1_1,L2,L2,,,
288419,L2,L3,L1,L3,L2,L1,L2,L2,L1,C1_2,D1_3,F1_1,L2,L3,,,
288420,L2,L3,L1,L3,L2,L1,L2,L2,L1,C1_2,D1_3,F1_1,L3,L1,,,
288421,L2,L3,L1,L3,L2,L1,L2,L2,L1,C1_2,D1_3,F1_1,L3,L2,,,
288422,L2,L3,L1,L3,L2,L1,L2,L2,L1,C1_2,D1_3,F1_1,L3,L3,,,
288423,L2,L3,L1,L3,L2,L1,L2,L2,L1,C1_2,D1_3,F1_2,L1,L1,,,
288424,L2,L3,L1,L3,L2,L1,L2,L2,L1,C1_2,D1_3,F1_2,L1,L2,,,
288425,L2,L3,L1,L3,L2,L1,L2,L2,L1,C1_2,D1_3,F1_2,L1,L3,,,
288426,L2,L3,L1,L3,L2,L1,L2,L2,L1,C1_2,D1_3,F1_2,L2,L1,,,
288427,L2,L3,L1,L3,L2,L1,L2,L2,L1,C1_2,D1_3,F1_2,L2,L2,,,
288428,L2,L3,L1,L3,L2,L1,L2,L2,L1,C1_2,D1_3,F1_2,L2,L3,,,
288429,L2,L3,L1,L3,L2,L1,L2,L2,L1,C1_2,D1_3,F1_2,L3,L1,,,
288430,L2,L3,L1,L3,L2,L1,L2,L2,L1,C1_2,D1_3,F1_2,L3,L2,,,
288431,L2,L3,L1,L3,L2,L1,L2,L2,L1,C1_2,D1_3,F1_2,L3,L3,,,
288432,L2,L3,L1,L3,L2,L1,L2,L2,L1,C1_2,D1_3,F1_3,L1,L1,,,
288433,L2,L3,L1,L3,L2,L1,L2,L2,L1,C1_2,D1_3,F1_3,L1,L2,,,
288434,L2,L3,L1,L3,L2,L1,L2,L2,L1,C1_2,D1_3,F1_3,L1,L3,,,
288435,L2,L3,L1,L3,L2,L1,L2,L2,L1,C1_2,D1_3,F1_3,L2,L1,,,
288436,L2,L3,L1,L3,L2,L1,L2,L2,L1,C1_2,D1_3,F1_3,L2,L2,,,
288437,L2,L3,L1,L3,L2,L1,L2,L2,L1,C1_2,D1_3,F1_3,L2,L3,,,
288438,L2,L3,L1,L3,L2,L1,L2,L2,L1,C1_2,D1_3,F1_3,L3,L1,,,
288439,L2,L3,L1,L3,L2,L1,L2,L2,L1,C1_2,D1_3,F1_3,L3,L2,,,
288440,L2,L3,L1,L3,L2,L1,L2,L2,L1,C1_2,D1_3,F1_3,L3,L3,,,
288441,L2,L3,L1,L3,L2,L1,L2,L2,L1,C1_3,D1_1,F1_1,L1,L1,,,
288442,L2,L3,L1,L3,L2,L1,L2,L2,L1,C1_3,D1_1,F1_1,L1,L2,,,
288443,L2,L3,L1,L3,L2,L1,L2,L2,L1,C1_3,D1_1,F1_1,L1,L3,,,
288444,L2,L3,L1,L3,L2,L1,L2,L2,L1,C1_3,D1_1,F1_1,L2,L1,,,
288445,L2,L3,L1,L3,L2,L1,L2,L2,L1,C1_3,D1_1,F1_1,L2,L2,,,
288446,L2,L3,L1,L3,L2,L1,L2,L2,L1,C1_3,D1_1,F1_1,L2,L3,,,
288447,L2,L3,L1,L3,L2,L1,L2,L2,L1,C1_3,D1_1,F1_1,L3,L1,,,
288448,L2,L3,L1,L3,L2,L1,L2,L2,L1,C1_3,D1_1,F1_1,L3,L2,,,
288449,L2,L3,L1,L3,L2,L1,L2,L2,L1,C1_3,D1_1,F1_1,L3,L3,,,
288450,L2,L3,L1,L3,L2,L1,L2,L2,L1,C1_3,D1_1,F1_2,L1,L1,,,
288451,L2,L3,L1,L3,L2,L1,L2,L2,L1,C1_3,D1_1,F1_2,L1,L2,,,
288452,L2,L3,L1,L3,L2,L1,L2,L2,L1,C1_3,D1_1,F1_2,L1,L3,,,
288453,L2,L3,L1,L3,L2,L1,L2,L2,L1,C1_3,D1_1,F1_2,L2,L1,,,
288454,L2,L3,L1,L3,L2,L1,L2,L2,L1,C1_3,D1_1,F1_2,L2,L2,,,
288455,L2,L3,L1,L3,L2,L1,L2,L2,L1,C1_3,D1_1,F1_2,L2,L3,,,
288456,L2,L3,L1,L3,L2,L1,L2,L2,L1,C1_3,D1_1,F1_2,L3,L1,,,
288457,L2,L3,L1,L3,L2,L1,L2,L2,L1,C1_3,D1_1,F1_2,L3,L2,,,
288458,L2,L3,L1,L3,L2,L1,L2,L2,L1,C1_3,D1_1,F1_2,L3,L3,,,
288459,L2,L3,L1,L3,L2,L1,L2,L2,L1,C1_3,D1_1,F1_3,L1,L1,,,
288460,L2,L3,L1,L3,L2,L1,L2,L2,L1,C1_3,D1_1,F1_3,L1,L2,,,
288461,L2,L3,L1,L3,L2,L1,L2,L2,L1,C1_3,D1_1,F1_3,L1,L3,,,
288462,L2,L3,L1,L3,L2,L1,L2,L2,L1,C1_3,D1_1,F1_3,L2,L1,,,
288463,L2,L3,L1,L3,L2,L1,L2,L2,L1,C1_3,D1_1,F1_3,L2,L2,,,
288464,L2,L3,L1,L3,L2,L1,L2,L2,L1,C1_3,D1_1,F1_3,L2,L3,,,
288465,L2,L3,L1,L3,L2,L1,L2,L2,L1,C1_3,D1_1,F1_3,L3,L1,,,
288466,L2,L3,L1,L3,L2,L1,L2,L2,L1,C1_3,D1_1,F1_3,L3,L2,,,
288467,L2,L3,L1,L3,L2,L1,L2,L2,L1,C1_3,D1_1,F1_3,L3,L3,,,
288468,L2,L3,L1,L3,L2,L1,L2,L2,L1,C1_3,D1_2,F1_1,L1,L1,,,
288469,L2,L3,L1,L3,L2,L1,L2,L2,L1,C1_3,D1_2,F1_1,L1,L2,,,
288470,L2,L3,L1,L3,L2,L1,L2,L2,L1,C1_3,D1_2,F1_1,L1,L3,,,
288471,L2,L3,L1,L3,L2,L1,L2,L2,L1,C1_3,D1_2,F1_1,L2,L1,,,
288472,L2,L3,L1,L3,L2,L1,L2,L2,L1,C1_3,D1_2,F1_1,L2,L2,,,
288473,L2,L3,L1,L3,L2,L1,L2,L2,L1,C1_3,D1_2,F1_1,L2,L3,,,
288474,L2,L3,L1,L3,L2,L1,L2,L2,L1,C1_3,D1_2,F1_1,L3,L1,,,
288475,L2,L3,L1,L3,L2,L1,L2,L2,L1,C1_3,D1_2,F1_1,L3,L2,,,
288476,L2,L3,L1,L3,L2,L1,L2,L2,L1,C1_3,D1_2,F1_1,L3,L3,,,
288477,L2,L3,L1,L3,L2,L1,L2,L2,L1,C1_3,D1_2,F1_2,L1,L1,,,
288478,L2,L3,L1,L3,L2,L1,L2,L2,L1,C1_3,D1_2,F1_2,L1,L2,,,
288479,L2,L3,L1,L3,L2,L1,L2,L2,L1,C1_3,D1_2,F1_2,L1,L3,,,
288480,L2,L3,L1,L3,L2,L1,L2,L2,L1,C1_3,D1_2,F1_2,L2,L1,,,
288481,L2,L3,L1,L3,L2,L1,L2,L2,L1,C1_3,D1_2,F1_2,L2,L2,,,
288482,L2,L3,L1,L3,L2,L1,L2,L2,L1,C1_3,D1_2,F1_2,L2,L3,,,
288483,L2,L3,L1,L3,L2,L1,L2,L2,L1,C1_3,D1_2,F1_2,L3,L1,,,
288484,L2,L3,L1,L3,L2,L1,L2,L2,L1,C1_3,D1_2,F1_2,L3,L2,,,
288485,L2,L3,L1,L3,L2,L1,L2,L2,L1,C1_3,D1_2,F1_2,L3,L3,,,
288486,L2,L3,L1,L3,L2,L1,L2,L2,L1,C1_3,D1_2,F1_3,L1,L1,,,
288487,L2,L3,L1,L3,L2,L1,L2,L2,L1,C1_3,D1_2,F1_3,L1,L2,,,
288488,L2,L3,L1,L3,L2,L1,L2,L2,L1,C1_3,D1_2,F1_3,L1,L3,,,
288489,L2,L3,L1,L3,L2,L1,L2,L2,L1,C1_3,D1_2,F1_3,L2,L1,,,
288490,L2,L3,L1,L3,L2,L1,L2,L2,L1,C1_3,D1_2,F1_3,L2,L2,,,
288491,L2,L3,L1,L3,L2,L1,L2,L2,L1,C1_3,D1_2,F1_3,L2,L3,,,
288492,L2,L3,L1,L3,L2,L1,L2,L2,L1,C1_3,D1_2,F1_3,L3,L1,,,
288493,L2,L3,L1,L3,L2,L1,L2,L2,L1,C1_3,D1_2,F1_3,L3,L2,,,
288494,L2,L3,L1,L3,L2,L1,L2,L2,L1,C1_3,D1_2,F1_3,L3,L3,,,
288495,L2,L3,L1,L3,L2,L1,L2,L2,L1,C1_3,D1_3,F1_1,L1,L1,,,
288496,L2,L3,L1,L3,L2,L1,L2,L2,L1,C1_3,D1_3,F1_1,L1,L2,,,
288497,L2,L3,L1,L3,L2,L1,L2,L2,L1,C1_3,D1_3,F1_1,L1,L3,,,
288498,L2,L3,L1,L3,L2,L1,L2,L2,L1,C1_3,D1_3,F1_1,L2,L1,,,
288499,L2,L3,L1,L3,L2,L1,L2,L2,L1,C1_3,D1_3,F1_1,L2,L2,,,
288500,L2,L3,L1,L3,L2,L1,L2,L2,L1,C1_3,D1_3,F1_1,L2,L3,,,
288501,L2,L3,L1,L3,L2,L1,L2,L2,L1,C1_3,D1_3,F1_1,L3,L1,,,
288502,L2,L3,L1,L3,L2,L1,L2,L2,L1,C1_3,D1_3,F1_1,L3,L2,,,
288503,L2,L3,L1,L3,L2,L1,L2,L2,L1,C1_3,D1_3,F1_1,L3,L3,,,
288504,L2,L3,L1,L3,L2,L1,L2,L2,L1,C1_3,D1_3,F1_2,L1,L1,,,
288505,L2,L3,L1,L3,L2,L1,L2,L2,L1,C1_3,D1_3,F1_2,L1,L2,,,
288506,L2,L3,L1,L3,L2,L1,L2,L2,L1,C1_3,D1_3,F1_2,L1,L3,,,
288507,L2,L3,L1,L3,L2,L1,L2,L2,L1,C1_3,D1_3,F1_2,L2,L1,,,
288508,L2,L3,L1,L3,L2,L1,L2,L2,L1,C1_3,D1_3,F1_2,L2,L2,,,
288509,L2,L3,L1,L3,L2,L1,L2,L2,L1,C1_3,D1_3,F1_2,L2,L3,,,
288510,L2,L3,L1,L3,L2,L1,L2,L2,L1,C1_3,D1_3,F1_2,L3,L1,,,
288511,L2,L3,L1,L3,L2,L1,L2,L2,L1,C1_3,D1_3,F1_2,L3,L2,,,
288512,L2,L3,L1,L3,L2,L1,L2,L2,L1,C1_3,D1_3,F1_2,L3,L3,,,
288513,L2,L3,L1,L3,L2,L1,L2,L2,L1,C1_3,D1_3,F1_3,L1,L1,,,
288514,L2,L3,L1,L3,L2,L1,L2,L2,L1,C1_3,D1_3,F1_3,L1,L2,,,
288515,L2,L3,L1,L3,L2,L1,L2,L2,L1,C1_3,D1_3,F1_3,L1,L3,,,
288516,L2,L3,L1,L3,L2,L1,L2,L2,L1,C1_3,D1_3,F1_3,L2,L1,,,
288517,L2,L3,L1,L3,L2,L1,L2,L2,L1,C1_3,D1_3,F1_3,L2,L2,,,
288518,L2,L3,L1,L3,L2,L1,L2,L2,L1,C1_3,D1_3,F1_3,L2,L3,,,
288519,L2,L3,L1,L3,L2,L1,L2,L2,L1,C1_3,D1_3,F1_3,L3,L1,,,
288520,L2,L3,L1,L3,L2,L1,L2,L2,L1,C1_3,D1_3,F1_3,L3,L2,,,
288521,L2,L3,L1,L3,L2,L1,L2,L2,L1,C1_3,D1_3,F1_3,L3,L3,,,
306504,L3,L2,L1,L3,L1,L1,L2,L2,L1,C1_1,D1_1,F1_1,L1,L1,,,
306505,L3,L2,L1,L3,L1,L1,L2,L2,L1,C1_1,D1_1,F1_1,L1,L2,,,
306506,L3,L2,L1,L3,L1,L1,L2,L2,L1,C1_1,D1_1,F1_1,L1,L3,,,
306507,L3,L2,L1,L3,L1,L1,L2,L2,L1,C1_1,D1_1,F1_1,L2,L1,,,
306508,L3,L2,L1,L3,L1,L1,L2,L2,L1,C1_1,D1_1,F1_1,L2,L2,,,
306509,L3,L2,L1,L3,L1,L1,L2,L2,L1,C1_1,D1_1,F1_1,L2,L3,,,
306510,L3,L2,L1,L3,L1,L1,L2,L2,L1,C1_1,D1_1,F1_1,L3,L1,,,
306511,L3,L2,L1,L3,L1,L1,L2,L2,L1,C1_1,D1_1,F1_1,L3,L2,,,
306512,L3,L2,L1,L3,L1,L1,L2,L2,L1,C1_1,D1_1,F1_1,L3,L3,,,
306513,L3,L2,L1,L3,L1,L1,L2,L2,L1,C1_1,D1_1,F1_2,L1,L1,,,
306514,L3,L2,L1,L3,L1,L1,L2,L2,L1,C1_1,D1_1,F1_2,L1,L2,,,
306515,L3,L2,L1,L3,L1,L1,L2,L2,L1,C1_1,D1_1,F1_2,L1,L3,,,
306516,L3,L2,L1,L3,L1,L1,L2,L2,L1,C1_1,D1_1,F1_2,L2,L1,,,
306517,L3,L2,L1,L3,L1,L1,L2,L2,L1,C1_1,D1_1,F1_2,L2,L2,,,
306518,L3,L2,L1,L3,L1,L1,L2,L2,L1,C1_1,D1_1,F1_2,L2,L3,,,
306519,L3,L2,L1,L3,L1,L1,L2,L2,L1,C1_1,D1_1,F1_2,L3,L1,,,
306520,L3,L2,L1,L3,L1,L1,L2,L2,L1,C1_1,D1_1,F1_2,L3,L2,,,
306521,L3,L2,L1,L3,L1,L1,L2,L2,L1,C1_1,D1_1,F1_2,L3,L3,,,
306522,L3,L2,L1,L3,L1,L1,L2,L2,L1,C1_1,D1_1,F1_3,L1,L1,,,
306523,L3,L2,L1,L3,L1,L1,L2,L2,L1,C1_1,D1_1,F1_3,L1,L2,,,
306524,L3,L2,L1,L3,L1,L1,L2,L2,L1,C1_1,D1_1,F1_3,L1,L3,,,
306525,L3,L2,L1,L3,L1,L1,L2,L2,L1,C1_1,D1_1,F1_3,L2,L1,,,
306526,L3,L2,L1,L3,L1,L1,L2,L2,L1,C1_1,D1_1,F1_3,L2,L2,,,
306527,L3,L2,L1,L3,L1,L1,L2,L2,L1,C1_1,D1_1,F1_3,L2,L3,,,
306528,L3,L2,L1,L3,L1,L1,L2,L2,L1,C1_1,D1_1,F1_3,L3,L1,,,
306529,L3,L2,L1,L3,L1,L1,L2,L2,L1,C1_1,D1_1,F1_3,L3,L2,,,
306530,L3,L2,L1,L3,L1,L1,L2,L2,L1,C1_1,D1_1,F1_3,L3,L3,,,
306531,L3,L2,L1,L3,L1,L1,L2,L2,L1,C1_1,D1_2,F1_1,L1,L1,,,
306532,L3,L2,L1,L3,L1,L1,L2,L2,L1,C1_1,D1_2,F1_1,L1,L2,,,
306533,L3,L2,L1,L3,L1,L1,L2,L2,L1,C1_1,D1_2,F1_1,L1,L3,,,
306534,L3,L2,L1,L3,L1,L1,L2,L2,L1,C1_1,D1_2,F1_1,L2,L1,,,
306535,L3,L2,L1,L3,L1,L1,L2,L2,L1,C1_1,D1_2,F1_1,L2,L2,,,
306536,L3,L2,L1,L3,L1,L1,L2,L2,L1,C1_1,D1_2,F1_1,L2,L3,,,
306537,L3,L2,L1,L3,L1,L1,L2,L2,L1,C1_1,D1_2,F1_1,L3,L1,,,
306538,L3,L2,L1,L3,L1,L1,L2,L2,L1,C1_1,D1_2,F1_1,L3,L2,,,
306539,L3,L2,L1,L3,L1,L1,L2,L2,L1,C1_1,D1_2,F1_1,L3,L3,,,
306540,L3,L2,L1,L3,L1,L1,L2,L2,L1,C1_1,D1_2,F1_2,L1,L1,,,
306541,L3,L2,L1,L3,L1,L1,L2,L2,L1,C1_1,D1_2,F1_2,L1,L2,,,
306542,L3,L2,L1,L3,L1,L1,L2,L2,L1,C1_1,D1_2,F1_2,L1,L3,,,
306543,L3,L2,L1,L3,L1,L1,L2,L2,L1,C1_1,D1_2,F1_2,L2,L1,,,
306544,L3,L2,L1,L3,L1,L1,L2,L2,L1,C1_1,D1_2,F1_2,L2,L2,,,
306545,L3,L2,L1,L3,L1,L1,L2,L2,L1,C1_1,D1_2,F1_2,L2,L3,,,
306546,L3,L2,L1,L3,L1,L1,L2,L2,L1,C1_1,D1_2,F1_2,L3,L1,,,
306547,L3,L2,L1,L3,L1,L1,L2,L2,L1,C1_1,D1_2,F1_2,L3,L2,,,
306548,L3,L2,L1,L3,L1,L1,L2,L2,L1,C1_1,D1_2,F1_2,L3,L3,,,
306549,L3,L2,L1,L3,L1,L1,L2,L2,L1,C1_1,D1_2,F1_3,L1,L1,,,
306550,L3,L2,L1,L3,L1,L1,L2,L2,L1,C1_1,D1_2,F1_3,L1,L2,,,
306551,L3,L2,L1,L3,L1,L1,L2,L2,L1,C1_1,D1_2,F1_3,L1,L3,,,
306552,L3,L2,L1,L3,L1,L1,L2,L2,L1,C1_1,D1_2,F1_3,L2,L1,,,
306553,L3,L2,L1,L3,L1,L1,L2,L2,L1,C1_1,D1_2,F1_3,L2,L2,,,
306554,L3,L2,L1,L3,L1,L1,L2,L2,L1,C1_1,D1_2,F1_3,L2,L3,,,
306555,L3,L2,L1,L3,L1,L1,L2,L2,L1,C1_1,D1_2,F1_3,L3,L1,,,
306556,L3,L2,L1,L3,L1,L1,L2,L2,L1,C1_1,D1_2,F1_3,L3,L2,,,
306557,L3,L2,L1,L3,L1,L1,L2,L2,L1,C1_1,D1_2,F1_3,L3,L3,,,
306558,L3,L2,L1,L3,L1,L1,L2,L2,L1,C1_1,D1_3,F1_1,L1,L1,,,
306559,L3,L2,L1,L3,L1,L1,L2,L2,L1,C1_1,D1_3,F1_1,L1,L2,,,
306560,L3,L2,L1,L3,L1,L1,L2,L2,L1,C1_1,D1_3,F1_1,L1,L3,,,
306561,L3,L2,L1,L3,L1,L1,L2,L2,L1,C1_1,D1_3,F1_1,L2,L1,,,
306562,L3,L2,L1,L3,L1,L1,L2,L2,L1,C1_1,D1_3,F1_1,L2,L2,,,
306563,L3,L2,L1,L3,L1,L1,L2,L2,L1,C1_1,D1_3,F1_1,L2,L3,,,
306564,L3,L2,L1,L3,L1,L1,L2,L2,L1,C1_1,D1_3,F1_1,L3,L1,,,
306565,L3,L2,L1,L3,L1,L1,L2,L2,L1,C1_1,D1_3,F1_1,L3,L2,,,
306566,L3,L2,L1,L3,L1,L1,L2,L2,L1,C1_1,D1_3,F1_1,L3,L3,,,
306567,L3,L2,L1,L3,L1,L1,L2,L2,L1,C1_1,D1_3,F1_2,L1,L1,,,
306568,L3,L2,L1,L3,L1,L1,L2,L2,L1,C1_1,D1_3,F1_2,L1,L2,,,
306569,L3,L2,L1,L3,L1,L1,L2,L2,L1,C1_1,D1_3,F1_2,L1,L3,,,
306570,L3,L2,L1,L3,L1,L1,L2,L2,L1,C1_1,D1_3,F1_2,L2,L1,,,
306571,L3,L2,L1,L3,L1,L1,L2,L2,L1,C1_1,D1_3,F1_2,L2,L2,,,
306572,L3,L2,L1,L3,L1,L1,L2,L2,L1,C1_1,D1_3,F1_2,L2,L3,,,
306573,L3,L2,L1,L3,L1,L1,L2,L2,L1,C1_1,D1_3,F1_2,L3,L1,,,
306574,L3,L2,L1,L3,L1,L1,L2,L2,L1,C1_1,D1_3,F1_2,L3,L2,,,
306575,L3,L2,L1,L3,L1,L1,L2,L2,L1,C1_1,D1_3,F1_2,L3,L3,,,
306576,L3,L2,L1,L3,L1,L1,L2,L2,L1,C1_1,D1_3,F1_3,L1,L1,,,
306577,L3,L2,L1,L3,L1,L1,L2,L2,L1,C1_1,D1_3,F1_3,L1,L2,,,
306578,L3,L2,L1,L3,L1,L1,L2,L2,L1,C1_1,D1_3,F1_3,L1,L3,,,
306579,L3,L2,L1,L3,L1,L1,L2,L2,L1,C1_1,D1_3,F1_3,L2,L1,,,
306580,L3,L2,L1,L3,L1,L1,L2,L2,L1,C1_1,D1_3,F1_3,L2,L2,,,
306581,L3,L2,L1,L3,L1,L1,L2,L2,L1,C1_1,D1_3,F1_3,L2,L3,,,
306582,L3,L2,L1,L3,L1,L1,L2,L2,L1,C1_1,D1_3,F1_3,L3,L1,,,
306583,L3,L2,L1,L3,L1,L1,L2,L2,L1,C1_1,D1_3,F1_3,L3,L2,,,
306584,L3,L2,L1,L3,L1,L1,L2,L2,L1,C1_1,D1_3,F1_3,L3,L3,,,
306585,L3,L2,L1,L3,L1,L1,L2,L2,L1,C1_2,D1_1,F1_1,L1,L1,,,
306586,L3,L2,L1,L3,L1,L1,L2,L2,L1,C1_2,D1_1,F1_1,L1,L2,,,
306587,L3,L2,L1,L3,L1,L1,L2,L2,L1,C1_2,D1_1,F1_1,L1,L3,,,
306588,L3,L2,L1,L3,L1,L1,L2,L2,L1,C1_2,D1_1,F1_1,L2,L1,,,
306589,L3,L2,L1,L3,L1,L1,L2,L2,L1,C1_2,D1_1,F1_1,L2,L2,,,
306590,L3,L2,L1,L3,L1,L1,L2,L2,L1,C1_2,D1_1,F1_1,L2,L3,,,
306591,L3,L2,L1,L3,L1,L1,L2,L2,L1,C1_2,D1_1,F1_1,L3,L1,,,
306592,L3,L2,L1,L3,L1,L1,L2,L2,L1,C1_2,D1_1,F1_1,L3,L2,,,
306593,L3,L2,L1,L3,L1,L1,L2,L2,L1,C1_2,D1_1,F1_1,L3,L3,,,
306594,L3,L2,L1,L3,L1,L1,L2,L2,L1,C1_2,D1_1,F1_2,L1,L1,,,
306595,L3,L2,L1,L3,L1,L1,L2,L2,L1,C1_2,D1_1,F1_2,L1,L2,,,
306596,L3,L2,L1,L3,L1,L1,L2,L2,L1,C1_2,D1_1,F1_2,L1,L3,,,
306597,L3,L2,L1,L3,L1,L1,L2,L2,L1,C1_2,D1_1,F1_2,L2,L1,,,
306598,L3,L2,L1,L3,L1,L1,L2,L2,L1,C1_2,D1_1,F1_2,L2,L2,,,
306599,L3,L2,L1,L3,L1,L1,L2,L2,L1,C1_2,D1_1,F1_2,L2,L3,,,
306600,L3,L2,L1,L3,L1,L1,L2,L2,L1,C1_2,D1_1,F1_2,L3,L1,,,
306601,L3,L2,L1,L3,L1,L1,L2,L2,L1,C1_2,D1_1,F1_2,L3,L2,,,
306602,L3,L2,L1,L3,L1,L1,L2,L2,L1,C1_2,D1_1,F1_2,L3,L3,,,
306603,L3,L2,L1,L3,L1,L1,L2,L2,L1,C1_2,D1_1,F1_3,L1,L1,,,
306604,L3,L2,L1,L3,L1,L1,L2,L2,L1,C1_2,D1_1,F1_3,L1,L2,,,
306605,L3,L2,L1,L3,L1,L1,L2,L2,L1,C1_2,D1_1,F1_3,L1,L3,,,
306606,L3,L2,L1,L3,L1,L1,L2,L2,L1,C1_2,D1_1,F1_3,L2,L1,,,
306607,L3,L2,L1,L3,L1,L1,L2,L2,L1,C1_2,D1_1,F1_3,L2,L2,,,
306608,L3,L2,L1,L3,L1,L1,L2,L2,L1,C1_2,D1_1,F1_3,L2,L3,,,
306609,L3,L2,L1,L3,L1,L1,L2,L2,L1,C1_2,D1_1,F1_3,L3,L1,,,
306610,L3,L2,L1,L3,L1,L1,L2,L2,L1,C1_2,D1_1,F1_3,L3,L2,,,
306611,L3,L2,L1,L3,L1,L1,L2,L2,L1,C1_2,D1_1,F1_3,L3,L3,,,
306612,L3,L2,L1,L3,L1,L1,L2,L2,L1,C1_2,D1_2,F1_1,L1,L1,,,
306613,L3,L2,L1,L3,L1,L1,L2,L2,L1,C1_2,D1_2,F1_1,L1,L2,,,
306614,L3,L2,L1,L3,L1,L1,L2,L2,L1,C1_2,D1_2,F1_1,L1,L3,,,
306615,L3,L2,L1,L3,L1,L1,L2,L2,L1,C1_2,D1_2,F1_1,L2,L1,,,
306616,L3,L2,L1,L3,L1,L1,L2,L2,L1,C1_2,D1_2,F1_1,L2,L2,,,
306617,L3,L2,L1,L3,L1,L1,L2,L2,L1,C1_2,D1_2,F1_1,L2,L3,,,
306618,L3,L2,L1,L3,L1,L1,L2,L2,L1,C1_2,D1_2,F1_1,L3,L1,,,
306619,L3,L2,L1,L3,L1,L1,L2,L2,L1,C1_2,D1_2,F1_1,L3,L2,,,
306620,L3,L2,L1,L3,L1,L1,L2,L2,L1,C1_2,D1_2,F1_1,L3,L3,,,
306621,L3,L2,L1,L3,L1,L1,L2,L2,L1,C1_2,D1_2,F1_2,L1,L1,,,
306622,L3,L2,L1,L3,L1,L1,L2,L2,L1,C1_2,D1_2,F1_2,L1,L2,,,
306623,L3,L2,L1,L3,L1,L1,L2,L2,L1,C1_2,D1_2,F1_2,L1,L3,,,
306624,L3,L2,L1,L3,L1,L1,L2,L2,L1,C1_2,D1_2,F1_2,L2,L1,,,
306625,L3,L2,L1,L3,L1,L1,L2,L2,L1,C1_2,D1_2,F1_2,L2,L2,,,
306626,L3,L2,L1,L3,L1,L1,L2,L2,L1,C1_2,D1_2,F1_2,L2,L3,,,
306627,L3,L2,L1,L3,L1,L1,L2,L2,L1,C1_2,D1_2,F1_2,L3,L1,,,
306628,L3,L2,L1,L3,L1,L1,L2,L2,L1,C1_2,D1_2,F1_2,L3,L2,,,
306629,L3,L2,L1,L3,L1,L1,L2,L2,L1,C1_2,D1_2,F1_2,L3,L3,,,
306630,L3,L2,L1,L3,L1,L1,L2,L2,L1,C1_2,D1_2,F1_3,L1,L1,,,
306631,L3,L2,L1,L3,L1,L1,L2,L2,L1,C1_2,D1_2,F1_3,L1,L2,,,
306632,L3,L2,L1,L3,L1,L1,L2,L2,L1,C1_2,D1_2,F1_3,L1,L3,,,
306633,L3,L2,L1,L3,L1,L1,L2,L2,L1,C1_2,D1_2,F1_3,L2,L1,,,
306634,L3,L2,L1,L3,L1,L1,L2,L2,L1,C1_2,D1_2,F1_3,L2,L2,,,
306635,L3,L2,L1,L3,L1,L1,L2,L2,L1,C1_2,D1_2,F1_3,L2,L3,,,
306636,L3,L2,L1,L3,L1,L1,L2,L2,L1,C1_2,D1_2,F1_3,L3,L1,,,
306637,L3,L2,L1,L3,L1,L1,L2,L2,L1,C1_2,D1_2,F1_3,L3,L2,,,
306638,L3,L2,L1,L3,L1,L1,L2,L2,L1,C1_2,D1_2,F1_3,L3,L3,,,
306639,L3,L2,L1,L3,L1,L1,L2,L2,L1,C1_2,D1_3,F1_1,L1,L1,,,
306640,L3,L2,L1,L3,L1,L1,L2,L2,L1,C1_2,D1_3,F1_1,L1,L2,,,
306641,L3,L2,L1,L3,L1,L1,L2,L2,L1,C1_2,D1_3,F1_1,L1,L3,,,
306642,L3,L2,L1,L3,L1,L1,L2,L2,L1,C1_2,D1_3,F1_1,L2,L1,,,
306643,L3,L2,L1,L3,L1,L1,L2,L2,L1,C1_2,D1_3,F1_1,L2,L2,,,
306644,L3,L2,L1,L3,L1,L1,L2,L2,L1,C1_2,D1_3,F1_1,L2,L3,,,
306645,L3,L2,L1,L3,L1,L1,L2,L2,L1,C1_2,D1_3,F1_1,L3,L1,,,
306646,L3,L2,L1,L3,L1,L1,L2,L2,L1,C1_2,D1_3,F1_1,L3,L2,,,
306647,L3,L2,L1,L3,L1,L1,L2,L2,L1,C1_2,D1_3,F1_1,L3,L3,,,
306648,L3,L2,L1,L3,L1,L1,L2,L2,L1,C1_2,D1_3,F1_2,L1,L1,,,
306649,L3,L2,L1,L3,L1,L1,L2,L2,L1,C1_2,D1_3,F1_2,L1,L2,,,
306650,L3,L2,L1,L3,L1,L1,L2,L2,L1,C1_2,D1_3,F1_2,L1,L3,,,
306651,L3,L2,L1,L3,L1,L1,L2,L2,L1,C1_2,D1_3,F1_2,L2,L1,,,
306652,L3,L2,L1,L3,L1,L1,L2,L2,L1,C1_2,D1_3,F1_2,L2,L2,,,
306653,L3,L2,L1,L3,L1,L1,L2,L2,L1,C1_2,D1_3,F1_2,L2,L3,,,
306654,L3,L2,L1,L3,L1,L1,L2,L2,L1,C1_2,D1_3,F1_2,L3,L1,,,
306655,L3,L2,L1,L3,L1,L1,L2,L2,L1,C1_2,D1_3,F1_2,L3,L2,,,
306656,L3,L2,L1,L3,L1,L1,L2,L2,L1,C1_2,D1_3,F1_2,L3,L3,,,
306657,L3,L2,L1,L3,L1,L1,L2,L2,L1,C1_2,D1_3,F1_3,L1,L1,,,
306658,L3,L2,L1,L3,L1,L1,L2,L2,L1,C1_2,D1_3,F1_3,L1,L2,,,
306659,L3,L2,L1,L3,L1,L1,L2,L2,L1,C1_2,D1_3,F1_3,L1,L3,,,
306660,L3,L2,L1,L3,L1,L1,L2,L2,L1,C1_2,D1_3,F1_3,L2,L1,,,
306661,L3,L2,L1,L3,L1,L1,L2,L2,L1,C1_2,D1_3,F1_3,L2,L2,,,
306662,L3,L2,L1,L3,L1,L1,L2,L2,L1,C1_2,D1_3,F1_3,L2,L3,,,
306663,L3,L2,L1,L3,L1,L1,L2,L2,L1,C1_2,D1_3,F1_3,L3,L1,,,
306664,L3,L2,L1,L3,L1,L1,L2,L2,L1,C1_2,D1_3,F1_3,L3,L2,,,
306665,L3,L2,L1,L3,L1,L1,L2,L2,L1,C1_2,D1_3,F1_3,L3,L3,,,
306666,L3,L2,L1,L3,L1,L1,L2,L2,L1,C1_3,D1_1,F1_1,L1,L1,,,
306667,L3,L2,L1,L3,L1,L1,L2,L2,L1,C1_3,D1_1,F1_1,L1,L2,,,
306668,L3,L2,L1,L3,L1,L1,L2,L2,L1,C1_3,D1_1,F1_1,L1,L3,,,
306669,L3,L2,L1,L3,L1,L1,L2,L2,L1,C1_3,D1_1,F1_1,L2,L1,,,
306670,L3,L2,L1,L3,L1,L1,L2,L2,L1,C1_3,D1_1,F1_1,L2,L2,,,
306671,L3,L2,L1,L3,L1,L1,L2,L2,L1,C1_3,D1_1,F1_1,L2,L3,,,
306672,L3,L2,L1,L3,L1,L1,L2,L2,L1,C1_3,D1_1,F1_1,L3,L1,,,
306673,L3,L2,L1,L3,L1,L1,L2,L2,L1,C1_3,D1_1,F1_1,L3,L2,,,
306674,L3,L2,L1,L3,L1,L1,L2,L2,L1,C1_3,D1_1,F1_1,L3,L3,,,
306675,L3,L2,L1,L3,L1,L1,L2,L2,L1,C1_3,D1_1,F1_2,L1,L1,,,
306676,L3,L2,L1,L3,L1,L1,L2,L2,L1,C1_3,D1_1,F1_2,L1,L2,,,
306677,L3,L2,L1,L3,L1,L1,L2,L2,L1,C1_3,D1_1,F1_2,L1,L3,,,
306678,L3,L2,L1,L3,L1,L1,L2,L2,L1,C1_3,D1_1,F1_2,L2,L1,,,
306679,L3,L2,L1,L3,L1,L1,L2,L2,L1,C1_3,D1_1,F1_2,L2,L2,,,
306680,L3,L2,L1,L3,L1,L1,L2,L2,L1,C1_3,D1_1,F1_2,L2,L3,,,
306681,L3,L2,L1,L3,L1,L1,L2,L2,L1,C1_3,D1_1,F1_2,L3,L1,,,
306682,L3,L2,L1,L3,L1,L1,L2,L2,L1,C1_3,D1_1,F1_2,L3,L2,,,
306683,L3,L2,L1,L3,L1,L1,L2,L2,L1,C1_3,D1_1,F1_2,L3,L3,,,
306684,L3,L2,L1,L3,L1,L1,L2,L2,L1,C1_3,D1_1,F1_3,L1,L1,,,
306685,L3,L2,L1,L3,L1,L1,L2,L2,L1,C1_3,D1_1,F1_3,L1,L2,,,
306686,L3,L2,L1,L3,L1,L1,L2,L2,L1,C1_3,D1_1,F1_3,L1,L3,,,
306687,L3,L2,L1,L3,L1,L1,L2,L2,L1,C1_3,D1_1,F1_3,L2,L1,,,
306688,L3,L2,L1,L3,L1,L1,L2,L2,L1,C1_3,D1_1,F1_3,L2,L2,,,
306689,L3,L2,L1,L3,L1,L1,L2,L2,L1,C1_3,D1_1,F1_3,L2,L3,,,
306690,L3,L2,L1,L3,L1,L1,L2,L2,L1,C1_3,D1_1,F1_3,L3,L1,,,
306691,L3,L2,L1,L3,L1,L1,L2,L2,L1,C1_3,D1_1,F1_3,L3,L2,,,
306692,L3,L2,L1,L3,L1,L1,L2,L2,L1,C1_3,D1_1,F1_3,L3,L3,,,
306693,L3,L2,L1,L3,L1,L1,L2,L2,L1,C1_3,D1_2,F1_1,L1,L1,,,
306694,L3,L2,L1,L3,L1,L1,L2,L2,L1,C1_3,D1_2,F1_1,L1,L2,,,
306695,L3,L2,L1,L3,L1,L1,L2,L2,L1,C1_3,D1_2,F1_1,L1,L3,,,
306696,L3,L2,L1,L3,L1,L1,L2,L2,L1,C1_3,D1_2,F1_1,L2,L1,,,
306697,L3,L2,L1,L3,L1,L1,L2,L2,L1,C1_3,D1_2,F1_1,L2,L2,,,
306698,L3,L2,L1,L3,L1,L1,L2,L2,L1,C1_3,D1_2,F1_1,L2,L3,,,
306699,L3,L2,L1,L3,L1,L1,L2,L2,L1,C1_3,D1_2,F1_1,L3,L1,,,
306700,L3,L2,L1,L3,L1,L1,L2,L2,L1,C1_3,D1_2,F1_1,L3,L2,,,
306701,L3,L2,L1,L3,L1,L1,L2,L2,L1,C1_3,D1_2,F1_1,L3,L3,,,
306702,L3,L2,L1,L3,L1,L1,L2,L2,L1,C1_3,D1_2,F1_2,L1,L1,,,
306703,L3,L2,L1,L3,L1,L1,L2,L2,L1,C1_3,D1_2,F1_2,L1,L2,,,
306704,L3,L2,L1,L3,L1,L1,L2,L2,L1,C1_3,D1_2,F1_2,L1,L3,,,
306705,L3,L2,L1,L3,L1,L1,L2,L2,L1,C1_3,D1_2,F1_2,L2,L1,,,
306706,L3,L2,L1,L3,L1,L1,L2,L2,L1,C1_3,D1_2,F1_2,L2,L2,,,
306707,L3,L2,L1,L3,L1,L1,L2,L2,L1,C1_3,D1_2,F1_2,L2,L3,,,
306708,L3,L2,L1,L3,L1,L1,L2,L2,L1,C1_3,D1_2,F1_2,L3,L1,,,
306709,L3,L2,L1,L3,L1,L1,L2,L2,L1,C1_3,D1_2,F1_2,L3,L2,,,
306710,L3,L2,L1,L3,L1,L1,L2,L2,L1,C1_3,D1_2,F1_2,L3,L3,,,
306711,L3,L2,L1,L3,L1,L1,L2,L2,L1,C1_3,D1_2,F1_3,L1,L1,,,
306712,L3,L2,L1,L3,L1,L1,L2,L2,L1,C1_3,D1_2,F1_3,L1,L2,,,
306713,L3,L2,L1,L3,L1,L1,L2,L2,L1,C1_3,D1_2,F1_3,L1,L3,,,
306714,L3,L2,L1,L3,L1,L1,L2,L2,L1,C1_3,D1_2,F1_3,L2,L1,,,
306715,L3,L2,L1,L3,L1,L1,L2,L2,L1,C1_3,D1_2,F1_3,L2,L2,,,
306716,L3,L2,L1,L3,L1,L1,L2,L2,L1,C1_3,D1_2,F1_3,L2,L3,,,
306717,L3,L2,L1,L3,L1,L1,L2,L2,L1,C1_3,D1_2,F1_3,L3,L1,,,
306718,L3,L2,L1,L3,L1,L1,L2,L2,L1,C1_3,D1_2,F1_3,L3,L2,,,
306719,L3,L2,L1,L3,L1,L1,L2,L2,L1,C1_3,D1_2,F1_3,L3,L3,,,
306720,L3,L2,L1,L3,L1,L1,L2,L2,L1,C1_3,D1_3,F1_1,L1,L1,,,
306721,L3,L2,L1,L3,L1,L1,L2,L2,L1,C1_3,D1_3,F1_1,L1,L2,,,
306722,L3,L2,L1,L3,L1,L1,L2,L2,L1,C1_3,D1_3,F1_1,L1,L3,,,
306723,L3,L2,L1,L3,L1,L1,L2,L2,L1,C1_3,D1_3,F1_1,L2,L1,,,
306724,L3,L2,L1,L3,L1,L1,L2,L2,L1,C1_3,D1_3,F1_1,L2,L2,,,
306725,L3,L2,L1,L3,L1,L1,L2,L2,L1,C1_3,D1_3,F1_1,L2,L3,,,
306726,L3,L2,L1,L3,L1,L1,L2,L2,L1,C1_3,D1_3,F1_1,L3,L1,,,
306727,L3,L2,L1,L3,L1,L1,L2,L2,L1,C1_3,D1_3,F1_1,L3,L2,,,
306728,L3,L2,L1,L3,L1,L1,L2,L2,L1,C1_3,D1_3,F1_1,L3,L3,,,
306729,L3,L2,L1,L3,L1,L1,L2,L2,L1,C1_3,D1_3,F1_2,L1,L1,,,
306730,L3,L2,L1,L3,L1,L1,L2,L2,L1,C1_3,D1_3,F1_2,L1,L2,,,
306731,L3,L2,L1,L3,L1,L1,L2,L2,L1,C1_3,D1_3,F1_2,L1,L3,,,
306732,L3,L2,L1,L3,L1,L1,L2,L2,L1,C1_3,D1_3,F1_2,L2,L1,,,
306733,L3,L2,L1,L3,L1,L1,L2,L2,L1,C1_3,D1_3,F1_2,L2,L2,,,
306734,L3,L2,L1,L3,L1,L1,L2,L2,L1,C1_3,D1_3,F1_2,L2,L3,,,
306735,L3,L2,L1,L3,L1,L1,L2,L2,L1,C1_3,D1_3,F1_2,L3,L1,,,
306736,L3,L2,L1,L3,L1,L1,L2,L2,L1,C1_3,D1_3,F1_2,L3,L2,,,
306737,L3,L2,L1,L3,L1,L1,L2,L2,L1,C1_3,D1_3,F1_2,L3,L3,,,
306738,L3,L2,L1,L3,L1,L1,L2,L2,L1,C1_3,D1_3,F1_3,L1,L1,,,
306739,L3,L2,L1,L3,L1,L1,L2,L2,L1,C1_3,D1_3,F1_3,L1,L2,,,
306740,L3,L2,L1,L3,L1,L1,L2,L2,L1,C1_3,D1_3,F1_3,L1,L3,,,
306741,L3,L2,L1,L3,L1,L1,L2,L2,L1,C1_3,D1_3,F1_3,L2,L1,,,
306742,L3,L2,L1,L3,L1,L1,L2,L2,L1,C1_3,D1_3,F1_3,L2,L2,,,
306743,L3,L2,L1,L3,L1,L1,L2,L2,L1,C1_3,D1_3,F1_3,L2,L3,,,
306744,L3,L2,L1,L3,L1,L1,L2,L2,L1,C1_3,D1_3,F1_3,L3,L1,,,
306745,L3,L2,L1,L3,L1,L1,L2,L2,L1,C1_3,D1_3,F1_3,L3,L2,,,
306746,L3,L2,L1,L3,L1,L1,L2,L2,L1,C1_3,D1_3,F1_3,L3,L3,,,
307665,L1,L1,L3,L3,L1,L1,L2,L2,L1,C1_1,D1_1,F1_1,L1,L1,,,
307666,L1,L1,L3,L3,L1,L1,L2,L2,L1,C1_1,D1_1,F1_1,L1,L2,,,
307667,L1,L1,L3,L3,L1,L1,L2,L2,L1,C1_1,D1_1,F1_1,L1,L3,,,
307668,L1,L1,L3,L3,L1,L1,L2,L2,L1,C1_1,D1_1,F1_1,L2,L1,,,
307669,L1,L1,L3,L3,L1,L1,L2,L2,L1,C1_1,D1_1,F1_1,L2,L2,,,
307670,L1,L1,L3,L3,L1,L1,L2,L2,L1,C1_1,D1_1,F1_1,L2,L3,,,
307671,L1,L1,L3,L3,L1,L1,L2,L2,L1,C1_1,D1_1,F1_1,L3,L1,,,
307672,L1,L1,L3,L3,L1,L1,L2,L2,L1,C1_1,D1_1,F1_1,L3,L2,,,
307673,L1,L1,L3,L3,L1,L1,L2,L2,L1,C1_1,D1_1,F1_1,L3,L3,,,
307674,L1,L1,L3,L3,L1,L1,L2,L2,L1,C1_1,D1_1,F1_2,L1,L1,,,
307675,L1,L1,L3,L3,L1,L1,L2,L2,L1,C1_1,D1_1,F1_2,L1,L2,,,
307676,L1,L1,L3,L3,L1,L1,L2,L2,L1,C1_1,D1_1,F1_2,L1,L3,,,
307677,L1,L1,L3,L3,L1,L1,L2,L2,L1,C1_1,D1_1,F1_2,L2,L1,,,
307678,L1,L1,L3,L3,L1,L1,L2,L2,L1,C1_1,D1_1,F1_2,L2,L2,,,
307679,L1,L1,L3,L3,L1,L1,L2,L2,L1,C1_1,D1_1,F1_2,L2,L3,,,
307680,L1,L1,L3,L3,L1,L1,L2,L2,L1,C1_1,D1_1,F1_2,L3,L1,,,
307681,L1,L1,L3,L3,L1,L1,L2,L2,L1,C1_1,D1_1,F1_2,L3,L2,,,
307682,L1,L1,L3,L3,L1,L1,L2,L2,L1,C1_1,D1_1,F1_2,L3,L3,,,
307683,L1,L1,L3,L3,L1,L1,L2,L2,L1,C1_1,D1_1,F1_3,L1,L1,,,
307684,L1,L1,L3,L3,L1,L1,L2,L2,L1,C1_1,D1_1,F1_3,L1,L2,,,
307685,L1,L1,L3,L3,L1,L1,L2,L2,L1,C1_1,D1_1,F1_3,L1,L3,,,
307686,L1,L1,L3,L3,L1,L1,L2,L2,L1,C1_1,D1_1,F1_3,L2,L1,,,
307687,L1,L1,L3,L3,L1,L1,L2,L2,L1,C1_1,D1_1,F1_3,L2,L2,,,
307688,L1,L1,L3,L3,L1,L1,L2,L2,L1,C1_1,D1_1,F1_3,L2,L3,,,
307689,L1,L1,L3,L3,L1,L1,L2,L2,L1,C1_1,D1_1,F1_3,L3,L1,,,
307690,L1,L1,L3,L3,L1,L1,L2,L2,L1,C1_1,D1_1,F1_3,L3,L2,,,
307691,L1,L1,L3,L3,L1,L1,L2,L2,L1,C1_1,D1_1,F1_3,L3,L3,,,
307692,L1,L1,L3,L3,L1,L1,L2,L2,L1,C1_1,D1_2,F1_1,L1,L1,,,
307693,L1,L1,L3,L3,L1,L1,L2,L2,L1,C1_1,D1_2,F1_1,L1,L2,,,
307694,L1,L1,L3,L3,L1,L1,L2,L2,L1,C1_1,D1_2,F1_1,L1,L3,,,
307695,L1,L1,L3,L3,L1,L1,L2,L2,L1,C1_1,D1_2,F1_1,L2,L1,,,
307696,L1,L1,L3,L3,L1,L1,L2,L2,L1,C1_1,D1_2,F1_1,L2,L2,,,
307697,L1,L1,L3,L3,L1,L1,L2,L2,L1,C1_1,D1_2,F1_1,L2,L3,,,
307698,L1,L1,L3,L3,L1,L1,L2,L2,L1,C1_1,D1_2,F1_1,L3,L1,,,
307699,L1,L1,L3,L3,L1,L1,L2,L2,L1,C1_1,D1_2,F1_1,L3,L2,,,
307700,L1,L1,L3,L3,L1,L1,L2,L2,L1,C1_1,D1_2,F1_1,L3,L3,,,
307701,L1,L1,L3,L3,L1,L1,L2,L2,L1,C1_1,D1_2,F1_2,L1,L1,,,
307702,L1,L1,L3,L3,L1,L1,L2,L2,L1,C1_1,D1_2,F1_2,L1,L2,,,
307703,L1,L1,L3,L3,L1,L1,L2,L2,L1,C1_1,D1_2,F1_2,L1,L3,,,
307704,L1,L1,L3,L3,L1,L1,L2,L2,L1,C1_1,D1_2,F1_2,L2,L1,,,
307705,L1,L1,L3,L3,L1,L1,L2,L2,L1,C1_1,D1_2,F1_2,L2,L2,,,
307706,L1,L1,L3,L3,L1,L1,L2,L2,L1,C1_1,D1_2,F1_2,L2,L3,,,
307707,L1,L1,L3,L3,L1,L1,L2,L2,L1,C1_1,D1_2,F1_2,L3,L1,,,
307708,L1,L1,L3,L3,L1,L1,L2,L2,L1,C1_1,D1_2,F1_2,L3,L2,,,
307709,L1,L1,L3,L3,L1,L1,L2,L2,L1,C1_1,D1_2,F1_2,L3,L3,,,
307710,L1,L1,L3,L3,L1,L1,L2,L2,L1,C1_1,D1_2,F1_3,L1,L1,,,
307711,L1,L1,L3,L3,L1,L1,L2,L2,L1,C1_1,D1_2,F1_3,L1,L2,,,
307712,L1,L1,L3,L3,L1,L1,L2,L2,L1,C1_1,D1_2,F1_3,L1,L3,,,
307713,L1,L1,L3,L3,L1,L1,L2,L2,L1,C1_1,D1_2,F1_3,L2,L1,,,
307714,L1,L1,L3,L3,L1,L1,L2,L2,L1,C1_1,D1_2,F1_3,L2,L2,,,
307715,L1,L1,L3,L3,L1,L1,L2,L2,L1,C1_1,D1_2,F1_3,L2,L3,,,
307716,L1,L1,L3,L3,L1,L1,L2,L2,L1,C1_1,D1_2,F1_3,L3,L1,,,
307717,L1,L1,L3,L3,L1,L1,L2,L2,L1,C1_1,D1_2,F1_3,L3,L2,,,
307718,L1,L1,L3,L3,L1,L1,L2,L2,L1,C1_1,D1_2,F1_3,L3,L3,,,
307719,L1,L1,L3,L3,L1,L1,L2,L2,L1,C1_1,D1_3,F1_1,L1,L1,,,
307720,L1,L1,L3,L3,L1,L1,L2,L2,L1,C1_1,D1_3,F1_1,L1,L2,,,
307721,L1,L1,L3,L3,L1,L1,L2,L2,L1,C1_1,D1_3,F1_1,L1,L3,,,
307722,L1,L1,L3,L3,L1,L1,L2,L2,L1,C1_1,D1_3,F1_1,L2,L1,,,
307723,L1,L1,L3,L3,L1,L1,L2,L2,L1,C1_1,D1_3,F1_1,L2,L2,,,
307724,L1,L1,L3,L3,L1,L1,L2,L2,L1,C1_1,D1_3,F1_1,L2,L3,,,
307725,L1,L1,L3,L3,L1,L1,L2,L2,L1,C1_1,D1_3,F1_1,L3,L1,,,
307726,L1,L1,L3,L3,L1,L1,L2,L2,L1,C1_1,D1_3,F1_1,L3,L2,,,
307727,L1,L1,L3,L3,L1,L1,L2,L2,L1,C1_1,D1_3,F1_1,L3,L3,,,
307728,L1,L1,L3,L3,L1,L1,L2,L2,L1,C1_1,D1_3,F1_2,L1,L1,,,
307729,L1,L1,L3,L3,L1,L1,L2,L2,L1,C1_1,D1_3,F1_2,L1,L2,,,
307730,L1,L1,L3,L3,L1,L1,L2,L2,L1,C1_1,D1_3,F1_2,L1,L3,,,
307731,L1,L1,L3,L3,L1,L1,L2,L2,L1,C1_1,D1_3,F1_2,L2,L1,,,
307732,L1,L1,L3,L3,L1,L1,L2,L2,L1,C1_1,D1_3,F1_2,L2,L2,,,
307733,L1,L1,L3,L3,L1,L1,L2,L2,L1,C1_1,D1_3,F1_2,L2,L3,,,
307734,L1,L1,L3,L3,L1,L1,L2,L2,L1,C1_1,D1_3,F1_2,L3,L1,,,
307735,L1,L1,L3,L3,L1,L1,L2,L2,L1,C1_1,D1_3,F1_2,L3,L2,,,
307736,L1,L1,L3,L3,L1,L1,L2,L2,L1,C1_1,D1_3,F1_2,L3,L3,,,
307737,L1,L1,L3,L3,L1,L1,L2,L2,L1,C1_1,D1_3,F1_3,L1,L1,,,
307738,L1,L1,L3,L3,L1,L1,L2,L2,L1,C1_1,D1_3,F1_3,L1,L2,,,
307739,L1,L1,L3,L3,L1,L1,L2,L2,L1,C1_1,D1_3,F1_3,L1,L3,,,
307740,L1,L1,L3,L3,L1,L1,L2,L2,L1,C1_1,D1_3,F1_3,L2,L1,,,
307741,L1,L1,L3,L3,L1,L1,L2,L2,L1,C1_1,D1_3,F1_3,L2,L2,,,
307742,L1,L1,L3,L3,L1,L1,L2,L2,L1,C1_1,D1_3,F1_3,L2,L3,,,
307743,L1,L1,L3,L3,L1,L1,L2,L2,L1,C1_1,D1_3,F1_3,L3,L1,,,
307744,L1,L1,L3,L3,L1,L1,L2,L2,L1,C1_1,D1_3,F1_3,L3,L2,,,
307745,L1,L1,L3,L3,L1,L1,L2,L2,L1,C1_1,D1_3,F1_3,L3,L3,,,
307746,L1,L1,L3,L3,L1,L1,L2,L2,L1,C1_2,D1_1,F1_1,L1,L1,,,
307747,L1,L1,L3,L3,L1,L1,L2,L2,L1,C1_2,D1_1,F1_1,L1,L2,,,
307748,L1,L1,L3,L3,L1,L1,L2,L2,L1,C1_2,D1_1,F1_1,L1,L3,,,
307749,L1,L1,L3,L3,L1,L1,L2,L2,L1,C1_2,D1_1,F1_1,L2,L1,,,
307750,L1,L1,L3,L3,L1,L1,L2,L2,L1,C1_2,D1_1,F1_1,L2,L2,,,
307751,L1,L1,L3,L3,L1,L1,L2,L2,L1,C1_2,D1_1,F1_1,L2,L3,,,
307752,L1,L1,L3,L3,L1,L1,L2,L2,L1,C1_2,D1_1,F1_1,L3,L1,,,
307753,L1,L1,L3,L3,L1,L1,L2,L2,L1,C1_2,D1_1,F1_1,L3,L2,,,
307754,L1,L1,L3,L3,L1,L1,L2,L2,L1,C1_2,D1_1,F1_1,L3,L3,,,
307755,L1,L1,L3,L3,L1,L1,L2,L2,L1,C1_2,D1_1,F1_2,L1,L1,,,
307756,L1,L1,L3,L3,L1,L1,L2,L2,L1,C1_2,D1_1,F1_2,L1,L2,,,
307757,L1,L1,L3,L3,L1,L1,L2,L2,L1,C1_2,D1_1,F1_2,L1,L3,,,
307758,L1,L1,L3,L3,L1,L1,L2,L2,L1,C1_2,D1_1,F1_2,L2,L1,,,
307759,L1,L1,L3,L3,L1,L1,L2,L2,L1,C1_2,D1_1,F1_2,L2,L2,,,
307760,L1,L1,L3,L3,L1,L1,L2,L2,L1,C1_2,D1_1,F1_2,L2,L3,,,
307761,L1,L1,L3,L3,L1,L1,L2,L2,L1,C1_2,D1_1,F1_2,L3,L1,,,
307762,L1,L1,L3,L3,L1,L1,L2,L2,L1,C1_2,D1_1,F1_2,L3,L2,,,
307763,L1,L1,L3,L3,L1,L1,L2,L2,L1,C1_2,D1_1,F1_2,L3,L3,,,
307764,L1,L1,L3,L3,L1,L1,L2,L2,L1,C1_2,D1_1,F1_3,L1,L1,,,
307765,L1,L1,L3,L3,L1,L1,L2,L2,L1,C1_2,D1_1,F1_3,L1,L2,,,
307766,L1,L1,L3,L3,L1,L1,L2,L2,L1,C1_2,D1_1,F1_3,L1,L3,,,
307767,L1,L1,L3,L3,L1,L1,L2,L2,L1,C1_2,D1_1,F1_3,L2,L1,,,
307768,L1,L1,L3,L3,L1,L1,L2,L2,L1,C1_2,D1_1,F1_3,L2,L2,,,
307769,L1,L1,L3,L3,L1,L1,L2,L2,L1,C1_2,D1_1,F1_3,L2,L3,,,
307770,L1,L1,L3,L3,L1,L1,L2,L2,L1,C1_2,D1_1,F1_3,L3,L1,,,
307771,L1,L1,L3,L3,L1,L1,L2,L2,L1,C1_2,D1_1,F1_3,L3,L2,,,
307772,L1,L1,L3,L3,L1,L1,L2,L2,L1,C1_2,D1_1,F1_3,L3,L3,,,
307773,L1,L1,L3,L3,L1,L1,L2,L2,L1,C1_2,D1_2,F1_1,L1,L1,,,
307774,L1,L1,L3,L3,L1,L1,L2,L2,L1,C1_2,D1_2,F1_1,L1,L2,,,
307775,L1,L1,L3,L3,L1,L1,L2,L2,L1,C1_2,D1_2,F1_1,L1,L3,,,
307776,L1,L1,L3,L3,L1,L1,L2,L2,L1,C1_2,D1_2,F1_1,L2,L1,,,
307777,L1,L1,L3,L3,L1,L1,L2,L2,L1,C1_2,D1_2,F1_1,L2,L2,,,
307778,L1,L1,L3,L3,L1,L1,L2,L2,L1,C1_2,D1_2,F1_1,L2,L3,,,
307779,L1,L1,L3,L3,L1,L1,L2,L2,L1,C1_2,D1_2,F1_1,L3,L1,,,
307780,L1,L1,L3,L3,L1,L1,L2,L2,L1,C1_2,D1_2,F1_1,L3,L2,,,
307781,L1,L1,L3,L3,L1,L1,L2,L2,L1,C1_2,D1_2,F1_1,L3,L3,,,
307782,L1,L1,L3,L3,L1,L1,L2,L2,L1,C1_2,D1_2,F1_2,L1,L1,,,
307783,L1,L1,L3,L3,L1,L1,L2,L2,L1,C1_2,D1_2,F1_2,L1,L2,,,
307784,L1,L1,L3,L3,L1,L1,L2,L2,L1,C1_2,D1_2,F1_2,L1,L3,,,
307785,L1,L1,L3,L3,L1,L1,L2,L2,L1,C1_2,D1_2,F1_2,L2,L1,,,
307786,L1,L1,L3,L3,L1,L1,L2,L2,L1,C1_2,D1_2,F1_2,L2,L2,,,
307787,L1,L1,L3,L3,L1,L1,L2,L2,L1,C1_2,D1_2,F1_2,L2,L3,,,
307788,L1,L1,L3,L3,L1,L1,L2,L2,L1,C1_2,D1_2,F1_2,L3,L1,,,
307789,L1,L1,L3,L3,L1,L1,L2,L2,L1,C1_2,D1_2,F1_2,L3,L2,,,
307790,L1,L1,L3,L3,L1,L1,L2,L2,L1,C1_2,D1_2,F1_2,L3,L3,,,
307791,L1,L1,L3,L3,L1,L1,L2,L2,L1,C1_2,D1_2,F1_3,L1,L1,,,
307792,L1,L1,L3,L3,L1,L1,L2,L2,L1,C1_2,D1_2,F1_3,L1,L2,,,
307793,L1,L1,L3,L3,L1,L1,L2,L2,L1,C1_2,D1_2,F1_3,L1,L3,,,
307794,L1,L1,L3,L3,L1,L1,L2,L2,L1,C1_2,D1_2,F1_3,L2,L1,,,
307795,L1,L1,L3,L3,L1,L1,L2,L2,L1,C1_2,D1_2,F1_3,L2,L2,,,
307796,L1,L1,L3,L3,L1,L1,L2,L2,L1,C1_2,D1_2,F1_3,L2,L3,,,
307797,L1,L1,L3,L3,L1,L1,L2,L2,L1,C1_2,D1_2,F1_3,L3,L1,,,
307798,L1,L1,L3,L3,L1,L1,L2,L2,L1,C1_2,D1_2,F1_3,L3,L2,,,
307799,L1,L1,L3,L3,L1,L1,L2,L2,L1,C1_2,D1_2,F1_3,L3,L3,,,
307800,L1,L1,L3,L3,L1,L1,L2,L2,L1,C1_2,D1_3,F1_1,L1,L1,,,
307801,L1,L1,L3,L3,L1,L1,L2,L2,L1,C1_2,D1_3,F1_1,L1,L2,,,
307802,L1,L1,L3,L3,L1,L1,L2,L2,L1,C1_2,D1_3,F1_1,L1,L3,,,
307803,L1,L1,L3,L3,L1,L1,L2,L2,L1,C1_2,D1_3,F1_1,L2,L1,,,
307804,L1,L1,L3,L3,L1,L1,L2,L2,L1,C1_2,D1_3,F1_1,L2,L2,,,
307805,L1,L1,L3,L3,L1,L1,L2,L2,L1,C1_2,D1_3,F1_1,L2,L3,,,
307806,L1,L1,L3,L3,L1,L1,L2,L2,L1,C1_2,D1_3,F1_1,L3,L1,,,
307807,L1,L1,L3,L3,L1,L1,L2,L2,L1,C1_2,D1_3,F1_1,L3,L2,,,
307808,L1,L1,L3,L3,L1,L1,L2,L2,L1,C1_2,D1_3,F1_1,L3,L3,,,
307809,L1,L1,L3,L3,L1,L1,L2,L2,L1,C1_2,D1_3,F1_2,L1,L1,,,
307810,L1,L1,L3,L3,L1,L1,L2,L2,L1,C1_2,D1_3,F1_2,L1,L2,,,
307811,L1,L1,L3,L3,L1,L1,L2,L2,L1,C1_2,D1_3,F1_2,L1,L3,,,
307812,L1,L1,L3,L3,L1,L1,L2,L2,L1,C1_2,D1_3,F1_2,L2,L1,,,
307813,L1,L1,L3,L3,L1,L1,L2,L2,L1,C1_2,D1_3,F1_2,L2,L2,,,
307814,L1,L1,L3,L3,L1,L1,L2,L2,L1,C1_2,D1_3,F1_2,L2,L3,,,
307815,L1,L1,L3,L3,L1,L1,L2,L2,L1,C1_2,D1_3,F1_2,L3,L1,,,
307816,L1,L1,L3,L3,L1,L1,L2,L2,L1,C1_2,D1_3,F1_2,L3,L2,,,
307817,L1,L1,L3,L3,L1,L1,L2,L2,L1,C1_2,D1_3,F1_2,L3,L3,,,
307818,L1,L1,L3,L3,L1,L1,L2,L2,L1,C1_2,D1_3,F1_3,L1,L1,,,
307819,L1,L1,L3,L3,L1,L1,L2,L2,L1,C1_2,D1_3,F1_3,L1,L2,,,
307820,L1,L1,L3,L3,L1,L1,L2,L2,L1,C1_2,D1_3,F1_3,L1,L3,,,
307821,L1,L1,L3,L3,L1,L1,L2,L2,L1,C1_2,D1_3,F1_3,L2,L1,,,
307822,L1,L1,L3,L3,L1,L1,L2,L2,L1,C1_2,D1_3,F1_3,L2,L2,,,
307823,L1,L1,L3,L3,L1,L1,L2,L2,L1,C1_2,D1_3,F1_3,L2,L3,,,
307824,L1,L1,L3,L3,L1,L1,L2,L2,L1,C1_2,D1_3,F1_3,L3,L1,,,
307825,L1,L1,L3,L3,L1,L1,L2,L2,L1,C1_2,D1_3,F1_3,L3,L2,,,
307826,L1,L1,L3,L3,L1,L1,L2,L2,L1,C1_2,D1_3,F1_3,L3,L3,,,
307827,L1,L1,L3,L3,L1,L1,L2,L2,L1,C1_3,D1_1,F1_1,L1,L1,,,
307828,L1,L1,L3,L3,L1,L1,L2,L2,L1,C1_3,D1_1,F1_1,L1,L2,,,
307829,L1,L1,L3,L3,L1,L1,L2,L2,L1,C1_3,D1_1,F1_1,L1,L3,,,
307830,L1,L1,L3,L3,L1,L1,L2,L2,L1,C1_3,D1_1,F1_1,L2,L1,,,
307831,L1,L1,L3,L3,L1,L1,L2,L2,L1,C1_3,D1_1,F1_1,L2,L2,,,
307832,L1,L1,L3,L3,L1,L1,L2,L2,L1,C1_3,D1_1,F1_1,L2,L3,,,
307833,L1,L1,L3,L3,L1,L1,L2,L2,L1,C1_3,D1_1,F1_1,L3,L1,,,
307834,L1,L1,L3,L3,L1,L1,L2,L2,L1,C1_3,D1_1,F1_1,L3,L2,,,
307835,L1,L1,L3,L3,L1,L1,L2,L2,L1,C1_3,D1_1,F1_1,L3,L3,,,
307836,L1,L1,L3,L3,L1,L1,L2,L2,L1,C1_3,D1_1,F1_2,L1,L1,,,
307837,L1,L1,L3,L3,L1,L1,L2,L2,L1,C1_3,D1_1,F1_2,L1,L2,,,
307838,L1,L1,L3,L3,L1,L1,L2,L2,L1,C1_3,D1_1,F1_2,L1,L3,,,
307839,L1,L1,L3,L3,L1,L1,L2,L2,L1,C1_3,D1_1,F1_2,L2,L1,,,
307840,L1,L1,L3,L3,L1,L1,L2,L2,L1,C1_3,D1_1,F1_2,L2,L2,,,
307841,L1,L1,L3,L3,L1,L1,L2,L2,L1,C1_3,D1_1,F1_2,L2,L3,,,
307842,L1,L1,L3,L3,L1,L1,L2,L2,L1,C1_3,D1_1,F1_2,L3,L1,,,
307843,L1,L1,L3,L3,L1,L1,L2,L2,L1,C1_3,D1_1,F1_2,L3,L2,,,
307844,L1,L1,L3,L3,L1,L1,L2,L2,L1,C1_3,D1_1,F1_2,L3,L3,,,
307845,L1,L1,L3,L3,L1,L1,L2,L2,L1,C1_3,D1_1,F1_3,L1,L1,,,
307846,L1,L1,L3,L3,L1,L1,L2,L2,L1,C1_3,D1_1,F1_3,L1,L2,,,
307847,L1,L1,L3,L3,L1,L1,L2,L2,L1,C1_3,D1_1,F1_3,L1,L3,,,
307848,L1,L1,L3,L3,L1,L1,L2,L2,L1,C1_3,D1_1,F1_3,L2,L1,,,
307849,L1,L1,L3,L3,L1,L1,L2,L2,L1,C1_3,D1_1,F1_3,L2,L2,,,
307850,L1,L1,L3,L3,L1,L1,L2,L2,L1,C1_3,D1_1,F1_3,L2,L3,,,
307851,L1,L1,L3,L3,L1,L1,L2,L2,L1,C1_3,D1_1,F1_3,L3,L1,,,
307852,L1,L1,L3,L3,L1,L1,L2,L2,L1,C1_3,D1_1,F1_3,L3,L2,,,
307853,L1,L1,L3,L3,L1,L1,L2,L2,L1,C1_3,D1_1,F1_3,L3,L3,,,
307854,L1,L1,L3,L3,L1,L1,L2,L2,L1,C1_3,D1_2,F1_1,L1,L1,,,
307855,L1,L1,L3,L3,L1,L1,L2,L2,L1,C1_3,D1_2,F1_1,L1,L2,,,
307856,L1,L1,L3,L3,L1,L1,L2,L2,L1,C1_3,D1_2,F1_1,L1,L3,,,
307857,L1,L1,L3,L3,L1,L1,L2,L2,L1,C1_3,D1_2,F1_1,L2,L1,,,
307858,L1,L1,L3,L3,L1,L1,L2,L2,L1,C1_3,D1_2,F1_1,L2,L2,,,
307859,L1,L1,L3,L3,L1,L1,L2,L2,L1,C1_3,D1_2,F1_1,L2,L3,,,
307860,L1,L1,L3,L3,L1,L1,L2,L2,L1,C1_3,D1_2,F1_1,L3,L1,,,
307861,L1,L1,L3,L3,L1,L1,L2,L2,L1,C1_3,D1_2,F1_1,L3,L2,,,
307862,L1,L1,L3,L3,L1,L1,L2,L2,L1,C1_3,D1_2,F1_1,L3,L3,,,
307863,L1,L1,L3,L3,L1,L1,L2,L2,L1,C1_3,D1_2,F1_2,L1,L1,,,
307864,L1,L1,L3,L3,L1,L1,L2,L2,L1,C1_3,D1_2,F1_2,L1,L2,,,
307865,L1,L1,L3,L3,L1,L1,L2,L2,L1,C1_3,D1_2,F1_2,L1,L3,,,
307866,L1,L1,L3,L3,L1,L1,L2,L2,L1,C1_3,D1_2,F1_2,L2,L1,,,
307867,L1,L1,L3,L3,L1,L1,L2,L2,L1,C1_3,D1_2,F1_2,L2,L2,,,
307868,L1,L1,L3,L3,L1,L1,L2,L2,L1,C1_3,D1_2,F1_2,L2,L3,,,
307869,L1,L1,L3,L3,L1,L1,L2,L2,L1,C1_3,D1_2,F1_2,L3,L1,,,
307870,L1,L1,L3,L3,L1,L1,L2,L2,L1,C1_3,D1_2,F1_2,L3,L2,,,
307871,L1,L1,L3,L3,L1,L1,L2,L2,L1,C1_3,D1_2,F1_2,L3,L3,,,
307872,L1,L1,L3,L3,L1,L1,L2,L2,L1,C1_3,D1_2,F1_3,L1,L1,,,
307873,L1,L1,L3,L3,L1,L1,L2,L2,L1,C1_3,D1_2,F1_3,L1,L2,,,
307874,L1,L1,L3,L3,L1,L1,L2,L2,L1,C1_3,D1_2,F1_3,L1,L3,,,
307875,L1,L1,L3,L3,L1,L1,L2,L2,L1,C1_3,D1_2,F1_3,L2,L1,,,
307876,L1,L1,L3,L3,L1,L1,L2,L2,L1,C1_3,D1_2,F1_3,L2,L2,,,
307877,L1,L1,L3,L3,L1,L1,L2,L2,L1,C1_3,D1_2,F1_3,L2,L3,,,
307878,L1,L1,L3,L3,L1,L1,L2,L2,L1,C1_3,D1_2,F1_3,L3,L1,,,
307879,L1,L1,L3,L3,L1,L1,L2,L2,L1,C1_3,D1_2,F1_3,L3,L2,,,
307880,L1,L1,L3,L3,L1,L1,L2,L2,L1,C1_3,D1_2,F1_3,L3,L3,,,
307881,L1,L1,L3,L3,L1,L1,L2,L2,L1,C1_3,D1_3,F1_1,L1,L1,,,
307882,L1,L1,L3,L3,L1,L1,L2,L2,L1,C1_3,D1_3,F1_1,L1,L2,,,
307883,L1,L1,L3,L3,L1,L1,L2,L2,L1,C1_3,D1_3,F1_1,L1,L3,,,
307884,L1,L1,L3,L3,L1,L1,L2,L2,L1,C1_3,D1_3,F1_1,L2,L1,,,
307885,L1,L1,L3,L3,L1,L1,L2,L2,L1,C1_3,D1_3,F1_1,L2,L2,,,
307886,L1,L1,L3,L3,L1,L1,L2,L2,L1,C1_3,D1_3,F1_1,L2,L3,,,
307887,L1,L1,L3,L3,L1,L1,L2,L2,L1,C1_3,D1_3,F1_1,L3,L1,,,
307888,L1,L1,L3,L3,L1,L1,L2,L2,L1,C1_3,D1_3,F1_1,L3,L2,,,
307889,L1,L1,L3,L3,L1,L1,L2,L2,L1,C1_3,D1_3,F1_1,L3,L3,,,
307890,L1,L1,L3,L3,L1,L1,L2,L2,L1,C1_3,D1_3,F1_2,L1,L1,,,
307891,L1,L1,L3,L3,L1,L1,L2,L2,L1,C1_3,D1_3,F1_2,L1,L2,,,
307892,L1,L1,L3,L3,L1,L1,L2,L2,L1,C1_3,D1_3,F1_2,L1,L3,,,
307893,L1,L1,L3,L3,L1,L1,L2,L2,L1,C1_3,D1_3,F1_2,L2,L1,,,
307894,L1,L1,L3,L3,L1,L1,L2,L2,L1,C1_3,D1_3,F1_2,L2,L2,,,
307895,L1,L1,L3,L3,L1,L1,L2,L2,L1,C1_3,D1_3,F1_2,L2,L3,,,
307896,L1,L1,L3,L3,L1,L1,L2,L2,L1,C1_3,D1_3,F1_2,L3,L1,,,
307897,L1,L1,L3,L3,L1,L1,L2,L2,L1,C1_3,D1_3,F1_2,L3,L2,,,
307898,L1,L1,L3,L3,L1,L1,L2,L2,L1,C1_3,D1_3,F1_2,L3,L3,,,
307899,L1,L1,L3,L3,L1,L1,L2,L2,L1,C1_3,D1_3,F1_3,L1,L1,,,
307900,L1,L1,L3,L3,L1,L1,L2,L2,L1,C1_3,D1_3,F1_3,L1,L2,,,
307901,L1,L1,L3,L3,L1,L1,L2,L2,L1,C1_3,D1_3,F1_3,L1,L3,,,
307902,L1,L1,L3,L3,L1,L1,L2,L2,L1,C1_3,D1_3,F1_3,L2,L1,,,
307903,L1,L1,L3,L3,L1,L1,L2,L2,L1,C1_3,D1_3,F1_3,L2,L2,,,
307904,L1,L1,L3,L3,L1,L1,L2,L2,L1,C1_3,D1_3,F1_3,L2,L3,,,
307905,L1,L1,L3,L3,L1,L1,L2,L2,L1,C1_3,D1_3,F1_3,L3,L1,,,
307906,L1,L1,L3,L3,L1,L1,L2,L2,L1,C1_3,D1_3,F1_3,L3,L2,,,
307907,L1,L1,L3,L3,L1,L1,L2,L2,L1,C1_3,D1_3,F1_3,L3,L3,,,
307989,L1,L3,L1,L2,L1,L1,L2,L2,L1,C1_1,D1_1,F1_1,L1,L1,,,
307990,L1,L3,L1,L2,L1,L1,L2,L2,L1,C1_1,D1_1,F1_1,L1,L2,,,
307991,L1,L3,L1,L2,L1,L1,L2,L2,L1,C1_1,D1_1,F1_1,L1,L3,,,
307992,L1,L3,L1,L2,L1,L1,L2,L2,L1,C1_1,D1_1,F1_1,L2,L1,,,
307993,L1,L3,L1,L2,L1,L1,L2,L2,L1,C1_1,D1_1,F1_1,L2,L2,,,
307994,L1,L3,L1,L2,L1,L1,L2,L2,L1,C1_1,D1_1,F1_1,L2,L3,,,
307995,L1,L3,L1,L2,L1,L1,L2,L2,L1,C1_1,D1_1,F1_1,L3,L1,,,
307996,L1,L3,L1,L2,L1,L1,L2,L2,L1,C1_1,D1_1,F1_1,L3,L2,,,
307997,L1,L3,L1,L2,L1,L1,L2,L2,L1,C1_1,D1_1,F1_1,L3,L3,,,
307998,L1,L3,L1,L2,L1,L1,L2,L2,L1,C1_1,D1_1,F1_2,L1,L1,,,
307999,L1,L3,L1,L2,L1,L1,L2,L2,L1,C1_1,D1_1,F1_2,L1,L2,,,
308000,L1,L3,L1,L2,L1,L1,L2,L2,L1,C1_1,D1_1,F1_2,L1,L3,,,
308001,L1,L3,L1,L2,L1,L1,L2,L2,L1,C1_1,D1_1,F1_2,L2,L1,,,
308002,L1,L3,L1,L2,L1,L1,L2,L2,L1,C1_1,D1_1,F1_2,L2,L2,,,
308003,L1,L3,L1,L2,L1,L1,L2,L2,L1,C1_1,D1_1,F1_2,L2,L3,,,
308004,L1,L3,L1,L2,L1,L1,L2,L2,L1,C1_1,D1_1,F1_2,L3,L1,,,
308005,L1,L3,L1,L2,L1,L1,L2,L2,L1,C1_1,D1_1,F1_2,L3,L2,,,
308006,L1,L3,L1,L2,L1,L1,L2,L2,L1,C1_1,D1_1,F1_2,L3,L3,,,
308007,L1,L3,L1,L2,L1,L1,L2,L2,L1,C1_1,D1_1,F1_3,L1,L1,,,
308008,L1,L3,L1,L2,L1,L1,L2,L2,L1,C1_1,D1_1,F1_3,L1,L2,,,
308009,L1,L3,L1,L2,L1,L1,L2,L2,L1,C1_1,D1_1,F1_3,L1,L3,,,
308010,L1,L3,L1,L2,L1,L1,L2,L2,L1,C1_1,D1_1,F1_3,L2,L1,,,
308011,L1,L3,L1,L2,L1,L1,L2,L2,L1,C1_1,D1_1,F1_3,L2,L2,,,
308012,L1,L3,L1,L2,L1,L1,L2,L2,L1,C1_1,D1_1,F1_3,L2,L3,,,
308013,L1,L3,L1,L2,L1,L1,L2,L2,L1,C1_1,D1_1,F1_3,L3,L1,,,
308014,L1,L3,L1,L2,L1,L1,L2,L2,L1,C1_1,D1_1,F1_3,L3,L2,,,
308015,L1,L3,L1,L2,L1,L1,L2,L2,L1,C1_1,D1_1,F1_3,L3,L3,,,
308016,L1,L3,L1,L2,L1,L1,L2,L2,L1,C1_1,D1_2,F1_1,L1,L1,,,
308017,L1,L3,L1,L2,L1,L1,L2,L2,L1,C1_1,D1_2,F1_1,L1,L2,,,
308018,L1,L3,L1,L2,L1,L1,L2,L2,L1,C1_1,D1_2,F1_1,L1,L3,,,
308019,L1,L3,L1,L2,L1,L1,L2,L2,L1,C1_1,D1_2,F1_1,L2,L1,,,
308020,L1,L3,L1,L2,L1,L1,L2,L2,L1,C1_1,D1_2,F1_1,L2,L2,,,
308021,L1,L3,L1,L2,L1,L1,L2,L2,L1,C1_1,D1_2,F1_1,L2,L3,,,
308022,L1,L3,L1,L2,L1,L1,L2,L2,L1,C1_1,D1_2,F1_1,L3,L1,,,
308023,L1,L3,L1,L2,L1,L1,L2,L2,L1,C1_1,D1_2,F1_1,L3,L2,,,
308024,L1,L3,L1,L2,L1,L1,L2,L2,L1,C1_1,D1_2,F1_1,L3,L3,,,
308025,L1,L3,L1,L2,L1,L1,L2,L2,L1,C1_1,D1_2,F1_2,L1,L1,,,
308026,L1,L3,L1,L2,L1,L1,L2,L2,L1,C1_1,D1_2,F1_2,L1,L2,,,
308027,L1,L3,L1,L2,L1,L1,L2,L2,L1,C1_1,D1_2,F1_2,L1,L3,,,
308028,L1,L3,L1,L2,L1,L1,L2,L2,L1,C1_1,D1_2,F1_2,L2,L1,,,
308029,L1,L3,L1,L2,L1,L1,L2,L2,L1,C1_1,D1_2,F1_2,L2,L2,,,
308030,L1,L3,L1,L2,L1,L1,L2,L2,L1,C1_1,D1_2,F1_2,L2,L3,,,
308031,L1,L3,L1,L2,L1,L1,L2,L2,L1,C1_1,D1_2,F1_2,L3,L1,,,
308032,L1,L3,L1,L2,L1,L1,L2,L2,L1,C1_1,D1_2,F1_2,L3,L2,,,
308033,L1,L3,L1,L2,L1,L1,L2,L2,L1,C1_1,D1_2,F1_2,L3,L3,,,
308034,L1,L3,L1,L2,L1,L1,L2,L2,L1,C1_1,D1_2,F1_3,L1,L1,,,
308035,L1,L3,L1,L2,L1,L1,L2,L2,L1,C1_1,D1_2,F1_3,L1,L2,,,
308036,L1,L3,L1,L2,L1,L1,L2,L2,L1,C1_1,D1_2,F1_3,L1,L3,,,
308037,L1,L3,L1,L2,L1,L1,L2,L2,L1,C1_1,D1_2,F1_3,L2,L1,,,
308038,L1,L3,L1,L2,L1,L1,L2,L2,L1,C1_1,D1_2,F1_3,L2,L2,,,
308039,L1,L3,L1,L2,L1,L1,L2,L2,L1,C1_1,D1_2,F1_3,L2,L3,,,
308040,L1,L3,L1,L2,L1,L1,L2,L2,L1,C1_1,D1_2,F1_3,L3,L1,,,
308041,L1,L3,L1,L2,L1,L1,L2,L2,L1,C1_1,D1_2,F1_3,L3,L2,,,
308042,L1,L3,L1,L2,L1,L1,L2,L2,L1,C1_1,D1_2,F1_3,L3,L3,,,
308043,L1,L3,L1,L2,L1,L1,L2,L2,L1,C1_1,D1_3,F1_1,L1,L1,,,
308044,L1,L3,L1,L2,L1,L1,L2,L2,L1,C1_1,D1_3,F1_1,L1,L2,,,
308045,L1,L3,L1,L2,L1,L1,L2,L2,L1,C1_1,D1_3,F1_1,L1,L3,,,
308046,L1,L3,L1,L2,L1,L1,L2,L2,L1,C1_1,D1_3,F1_1,L2,L1,,,
308047,L1,L3,L1,L2,L1,L1,L2,L2,L1,C1_1,D1_3,F1_1,L2,L2,,,
308048,L1,L3,L1,L2,L1,L1,L2,L2,L1,C1_1,D1_3,F1_1,L2,L3,,,
308049,L1,L3,L1,L2,L1,L1,L2,L2,L1,C1_1,D1_3,F1_1,L3,L1,,,
308050,L1,L3,L1,L2,L1,L1,L2,L2,L1,C1_1,D1_3,F1_1,L3,L2,,,
308051,L1,L3,L1,L2,L1,L1,L2,L2,L1,C1_1,D1_3,F1_1,L3,L3,,,
308052,L1,L3,L1,L2,L1,L1,L2,L2,L1,C1_1,D1_3,F1_2,L1,L1,,,
308053,L1,L3,L1,L2,L1,L1,L2,L2,L1,C1_1,D1_3,F1_2,L1,L2,,,
308054,L1,L3,L1,L2,L1,L1,L2,L2,L1,C1_1,D1_3,F1_2,L1,L3,,,
308055,L1,L3,L1,L2,L1,L1,L2,L2,L1,C1_1,D1_3,F1_2,L2,L1,,,
308056,L1,L3,L1,L2,L1,L1,L2,L2,L1,C1_1,D1_3,F1_2,L2,L2,,,
308057,L1,L3,L1,L2,L1,L1,L2,L2,L1,C1_1,D1_3,F1_2,L2,L3,,,
308058,L1,L3,L1,L2,L1,L1,L2,L2,L1,C1_1,D1_3,F1_2,L3,L1,,,
308059,L1,L3,L1,L2,L1,L1,L2,L2,L1,C1_1,D1_3,F1_2,L3,L2,,,
308060,L1,L3,L1,L2,L1,L1,L2,L2,L1,C1_1,D1_3,F1_2,L3,L3,,,
308061,L1,L3,L1,L2,L1,L1,L2,L2,L1,C1_1,D1_3,F1_3,L1,L1,,,
308062,L1,L3,L1,L2,L1,L1,L2,L2,L1,C1_1,D1_3,F1_3,L1,L2,,,
308063,L1,L3,L1,L2,L1,L1,L2,L2,L1,C1_1,D1_3,F1_3,L1,L3,,,
308064,L1,L3,L1,L2,L1,L1,L2,L2,L1,C1_1,D1_3,F1_3,L2,L1,,,
308065,L1,L3,L1,L2,L1,L1,L2,L2,L1,C1_1,D1_3,F1_3,L2,L2,,,
308066,L1,L3,L1,L2,L1,L1,L2,L2,L1,C1_1,D1_3,F1_3,L2,L3,,,
308067,L1,L3,L1,L2,L1,L1,L2,L2,L1,C1_1,D1_3,F1_3,L3,L1,,,
308068,L1,L3,L1,L2,L1,L1,L2,L2,L1,C1_1,D1_3,F1_3,L3,L2,,,
308069,L1,L3,L1,L2,L1,L1,L2,L2,L1,C1_1,D1_3,F1_3,L3,L3,,,
308070,L1,L3,L1,L2,L1,L1,L2,L2,L1,C1_2,D1_1,F1_1,L1,L1,,,
308071,L1,L3,L1,L2,L1,L1,L2,L2,L1,C1_2,D1_1,F1_1,L1,L2,,,
308072,L1,L3,L1,L2,L1,L1,L2,L2,L1,C1_2,D1_1,F1_1,L1,L3,,,
308073,L1,L3,L1,L2,L1,L1,L2,L2,L1,C1_2,D1_1,F1_1,L2,L1,,,
308074,L1,L3,L1,L2,L1,L1,L2,L2,L1,C1_2,D1_1,F1_1,L2,L2,,,
308075,L1,L3,L1,L2,L1,L1,L2,L2,L1,C1_2,D1_1,F1_1,L2,L3,,,
308076,L1,L3,L1,L2,L1,L1,L2,L2,L1,C1_2,D1_1,F1_1,L3,L1,,,
308077,L1,L3,L1,L2,L1,L1,L2,L2,L1,C1_2,D1_1,F1_1,L3,L2,,,
308078,L1,L3,L1,L2,L1,L1,L2,L2,L1,C1_2,D1_1,F1_1,L3,L3,,,
308079,L1,L3,L1,L2,L1,L1,L2,L2,L1,C1_2,D1_1,F1_2,L1,L1,,,
308080,L1,L3,L1,L2,L1,L1,L2,L2,L1,C1_2,D1_1,F1_2,L1,L2,,,
308081,L1,L3,L1,L2,L1,L1,L2,L2,L1,C1_2,D1_1,F1_2,L1,L3,,,
308082,L1,L3,L1,L2,L1,L1,L2,L2,L1,C1_2,D1_1,F1_2,L2,L1,,,
308083,L1,L3,L1,L2,L1,L1,L2,L2,L1,C1_2,D1_1,F1_2,L2,L2,,,
308084,L1,L3,L1,L2,L1,L1,L2,L2,L1,C1_2,D1_1,F1_2,L2,L3,,,
308085,L1,L3,L1,L2,L1,L1,L2,L2,L1,C1_2,D1_1,F1_2,L3,L1,,,
308086,L1,L3,L1,L2,L1,L1,L2,L2,L1,C1_2,D1_1,F1_2,L3,L2,,,
308087,L1,L3,L1,L2,L1,L1,L2,L2,L1,C1_2,D1_1,F1_2,L3,L3,,,
308088,L1,L3,L1,L2,L1,L1,L2,L2,L1,C1_2,D1_1,F1_3,L1,L1,,,
308089,L1,L3,L1,L2,L1,L1,L2,L2,L1,C1_2,D1_1,F1_3,L1,L2,,,
308090,L1,L3,L1,L2,L1,L1,L2,L2,L1,C1_2,D1_1,F1_3,L1,L3,,,
308091,L1,L3,L1,L2,L1,L1,L2,L2,L1,C1_2,D1_1,F1_3,L2,L1,,,
308092,L1,L3,L1,L2,L1,L1,L2,L2,L1,C1_2,D1_1,F1_3,L2,L2,,,
308093,L1,L3,L1,L2,L1,L1,L2,L2,L1,C1_2,D1_1,F1_3,L2,L3,,,
308094,L1,L3,L1,L2,L1,L1,L2,L2,L1,C1_2,D1_1,F1_3,L3,L1,,,
308095,L1,L3,L1,L2,L1,L1,L2,L2,L1,C1_2,D1_1,F1_3,L3,L2,,,
308096,L1,L3,L1,L2,L1,L1,L2,L2,L1,C1_2,D1_1,F1_3,L3,L3,,,
308097,L1,L3,L1,L2,L1,L1,L2,L2,L1,C1_2,D1_2,F1_1,L1,L1,,,
308098,L1,L3,L1,L2,L1,L1,L2,L2,L1,C1_2,D1_2,F1_1,L1,L2,,,
308099,L1,L3,L1,L2,L1,L1,L2,L2,L1,C1_2,D1_2,F1_1,L1,L3,,,
308100,L1,L3,L1,L2,L1,L1,L2,L2,L1,C1_2,D1_2,F1_1,L2,L1,,,
308101,L1,L3,L1,L2,L1,L1,L2,L2,L1,C1_2,D1_2,F1_1,L2,L2,,,
308102,L1,L3,L1,L2,L1,L1,L2,L2,L1,C1_2,D1_2,F1_1,L2,L3,,,
308103,L1,L3,L1,L2,L1,L1,L2,L2,L1,C1_2,D1_2,F1_1,L3,L1,,,
308104,L1,L3,L1,L2,L1,L1,L2,L2,L1,C1_2,D1_2,F1_1,L3,L2,,,
308105,L1,L3,L1,L2,L1,L1,L2,L2,L1,C1_2,D1_2,F1_1,L3,L3,,,
308106,L1,L3,L1,L2,L1,L1,L2,L2,L1,C1_2,D1_2,F1_2,L1,L1,,,
308107,L1,L3,L1,L2,L1,L1,L2,L2,L1,C1_2,D1_2,F1_2,L1,L2,,,
308108,L1,L3,L1,L2,L1,L1,L2,L2,L1,C1_2,D1_2,F1_2,L1,L3,,,
308109,L1,L3,L1,L2,L1,L1,L2,L2,L1,C1_2,D1_2,F1_2,L2,L1,,,
308110,L1,L3,L1,L2,L1,L1,L2,L2,L1,C1_2,D1_2,F1_2,L2,L2,,,
308111,L1,L3,L1,L2,L1,L1,L2,L2,L1,C1_2,D1_2,F1_2,L2,L3,,,
308112,L1,L3,L1,L2,L1,L1,L2,L2,L1,C1_2,D1_2,F1_2,L3,L1,,,
308113,L1,L3,L1,L2,L1,L1,L2,L2,L1,C1_2,D1_2,F1_2,L3,L2,,,
308114,L1,L3,L1,L2,L1,L1,L2,L2,L1,C1_2,D1_2,F1_2,L3,L3,,,
308115,L1,L3,L1,L2,L1,L1,L2,L2,L1,C1_2,D1_2,F1_3,L1,L1,,,
308116,L1,L3,L1,L2,L1,L1,L2,L2,L1,C1_2,D1_2,F1_3,L1,L2,,,
308117,L1,L3,L1,L2,L1,L1,L2,L2,L1,C1_2,D1_2,F1_3,L1,L3,,,
308118,L1,L3,L1,L2,L1,L1,L2,L2,L1,C1_2,D1_2,F1_3,L2,L1,,,
308119,L1,L3,L1,L2,L1,L1,L2,L2,L1,C1_2,D1_2,F1_3,L2,L2,,,
308120,L1,L3,L1,L2,L1,L1,L2,L2,L1,C1_2,D1_2,F1_3,L2,L3,,,
308121,L1,L3,L1,L2,L1,L1,L2,L2,L1,C1_2,D1_2,F1_3,L3,L1,,,
308122,L1,L3,L1,L2,L1,L1,L2,L2,L1,C1_2,D1_2,F1_3,L3,L2,,,
308123,L1,L3,L1,L2,L1,L1,L2,L2,L1,C1_2,D1_2,F1_3,L3,L3,,,
308124,L1,L3,L1,L2,L1,L1,L2,L2,L1,C1_2,D1_3,F1_1,L1,L1,,,
308125,L1,L3,L1,L2,L1,L1,L2,L2,L1,C1_2,D1_3,F1_1,L1,L2,,,
308126,L1,L3,L1,L2,L1,L1,L2,L2,L1,C1_2,D1_3,F1_1,L1,L3,,,
308127,L1,L3,L1,L2,L1,L1,L2,L2,L1,C1_2,D1_3,F1_1,L2,L1,,,
308128,L1,L3,L1,L2,L1,L1,L2,L2,L1,C1_2,D1_3,F1_1,L2,L2,,,
308129,L1,L3,L1,L2,L1,L1,L2,L2,L1,C1_2,D1_3,F1_1,L2,L3,,,
308130,L1,L3,L1,L2,L1,L1,L2,L2,L1,C1_2,D1_3,F1_1,L3,L1,,,
308131,L1,L3,L1,L2,L1,L1,L2,L2,L1,C1_2,D1_3,F1_1,L3,L2,,,
308132,L1,L3,L1,L2,L1,L1,L2,L2,L1,C1_2,D1_3,F1_1,L3,L3,,,
308133,L1,L3,L1,L2,L1,L1,L2,L2,L1,C1_2,D1_3,F1_2,L1,L1,,,
308134,L1,L3,L1,L2,L1,L1,L2,L2,L1,C1_2,D1_3,F1_2,L1,L2,,,
308135,L1,L3,L1,L2,L1,L1,L2,L2,L1,C1_2,D1_3,F1_2,L1,L3,,,
308136,L1,L3,L1,L2,L1,L1,L2,L2,L1,C1_2,D1_3,F1_2,L2,L1,,,
308137,L1,L3,L1,L2,L1,L1,L2,L2,L1,C1_2,D1_3,F1_2,L2,L2,,,
308138,L1,L3,L1,L2,L1,L1,L2,L2,L1,C1_2,D1_3,F1_2,L2,L3,,,
308139,L1,L3,L1,L2,L1,L1,L2,L2,L1,C1_2,D1_3,F1_2,L3,L1,,,
308140,L1,L3,L1,L2,L1,L1,L2,L2,L1,C1_2,D1_3,F1_2,L3,L2,,,
308141,L1,L3,L1,L2,L1,L1,L2,L2,L1,C1_2,D1_3,F1_2,L3,L3,,,
308142,L1,L3,L1,L2,L1,L1,L2,L2,L1,C1_2,D1_3,F1_3,L1,L1,,,
308143,L1,L3,L1,L2,L1,L1,L2,L2,L1,C1_2,D1_3,F1_3,L1,L2,,,
308144,L1,L3,L1,L2,L1,L1,L2,L2,L1,C1_2,D1_3,F1_3,L1,L3,,,
308145,L1,L3,L1,L2,L1,L1,L2,L2,L1,C1_2,D1_3,F1_3,L2,L1,,,
308146,L1,L3,L1,L2,L1,L1,L2,L2,L1,C1_2,D1_3,F1_3,L2,L2,,,
308147,L1,L3,L1,L2,L1,L1,L2,L2,L1,C1_2,D1_3,F1_3,L2,L3,,,
308148,L1,L3,L1,L2,L1,L1,L2,L2,L1,C1_2,D1_3,F1_3,L3,L1,,,
308149,L1,L3,L1,L2,L1,L1,L2,L2,L1,C1_2,D1_3,F1_3,L3,L2,,,
308150,L1,L3,L1,L2,L1,L1,L2,L2,L1,C1_2,D1_3,F1_3,L3,L3,,,
308151,L1,L3,L1,L2,L1,L1,L2,L2,L1,C1_3,D1_1,F1_1,L1,L1,,,
308152,L1,L3,L1,L2,L1,L1,L2,L2,L1,C1_3,D1_1,F1_1,L1,L2,,,
308153,L1,L3,L1,L2,L1,L1,L2,L2,L1,C1_3,D1_1,F1_1,L1,L3,,,
308154,L1,L3,L1,L2,L1,L1,L2,L2,L1,C1_3,D1_1,F1_1,L2,L1,,,
308155,L1,L3,L1,L2,L1,L1,L2,L2,L1,C1_3,D1_1,F1_1,L2,L2,,,
308156,L1,L3,L1,L2,L1,L1,L2,L2,L1,C1_3,D1_1,F1_1,L2,L3,,,
308157,L1,L3,L1,L2,L1,L1,L2,L2,L1,C1_3,D1_1,F1_1,L3,L1,,,
308158,L1,L3,L1,L2,L1,L1,L2,L2,L1,C1_3,D1_1,F1_1,L3,L2,,,
308159,L1,L3,L1,L2,L1,L1,L2,L2,L1,C1_3,D1_1,F1_1,L3,L3,,,
308160,L1,L3,L1,L2,L1,L1,L2,L2,L1,C1_3,D1_1,F1_2,L1,L1,,,
308161,L1,L3,L1,L2,L1,L1,L2,L2,L1,C1_3,D1_1,F1_2,L1,L2,,,
308162,L1,L3,L1,L2,L1,L1,L2,L2,L1,C1_3,D1_1,F1_2,L1,L3,,,
308163,L1,L3,L1,L2,L1,L1,L2,L2,L1,C1_3,D1_1,F1_2,L2,L1,,,
308164,L1,L3,L1,L2,L1,L1,L2,L2,L1,C1_3,D1_1,F1_2,L2,L2,,,
308165,L1,L3,L1,L2,L1,L1,L2,L2,L1,C1_3,D1_1,F1_2,L2,L3,,,
308166,L1,L3,L1,L2,L1,L1,L2,L2,L1,C1_3,D1_1,F1_2,L3,L1,,,
308167,L1,L3,L1,L2,L1,L1,L2,L2,L1,C1_3,D1_1,F1_2,L3,L2,,,
308168,L1,L3,L1,L2,L1,L1,L2,L2,L1,C1_3,D1_1,F1_2,L3,L3,,,
308169,L1,L3,L1,L2,L1,L1,L2,L2,L1,C1_3,D1_1,F1_3,L1,L1,,,
308170,L1,L3,L1,L2,L1,L1,L2,L2,L1,C1_3,D1_1,F1_3,L1,L2,,,
308171,L1,L3,L1,L2,L1,L1,L2,L2,L1,C1_3,D1_1,F1_3,L1,L3,,,
308172,L1,L3,L1,L2,L1,L1,L2,L2,L1,C1_3,D1_1,F1_3,L2,L1,,,
308173,L1,L3,L1,L2,L1,L1,L2,L2,L1,C1_3,D1_1,F1_3,L2,L2,,,
308174,L1,L3,L1,L2,L1,L1,L2,L2,L1,C1_3,D1_1,F1_3,L2,L3,,,
308175,L1,L3,L1,L2,L1,L1,L2,L2,L1,C1_3,D1_1,F1_3,L3,L1,,,
308176,L1,L3,L1,L2,L1,L1,L2,L2,L1,C1_3,D1_1,F1_3,L3,L2,,,
308177,L1,L3,L1,L2,L1,L1,L2,L2,L1,C1_3,D1_1,F1_3,L3,L3,,,
308178,L1,L3,L1,L2,L1,L1,L2,L2,L1,C1_3,D1_2,F1_1,L1,L1,,,
308179,L1,L3,L1,L2,L1,L1,L2,L2,L1,C1_3,D1_2,F1_1,L1,L2,,,
308180,L1,L3,L1,L2,L1,L1,L2,L2,L1,C1_3,D1_2,F1_1,L1,L3,,,
308181,L1,L3,L1,L2,L1,L1,L2,L2,L1,C1_3,D1_2,F1_1,L2,L1,,,
308182,L1,L3,L1,L2,L1,L1,L2,L2,L1,C1_3,D1_2,F1_1,L2,L2,,,
308183,L1,L3,L1,L2,L1,L1,L2,L2,L1,C1_3,D1_2,F1_1,L2,L3,,,
308184,L1,L3,L1,L2,L1,L1,L2,L2,L1,C1_3,D1_2,F1_1,L3,L1,,,
308185,L1,L3,L1,L2,L1,L1,L2,L2,L1,C1_3,D1_2,F1_1,L3,L2,,,
308186,L1,L3,L1,L2,L1,L1,L2,L2,L1,C1_3,D1_2,F1_1,L3,L3,,,
308187,L1,L3,L1,L2,L1,L1,L2,L2,L1,C1_3,D1_2,F1_2,L1,L1,,,
308188,L1,L3,L1,L2,L1,L1,L2,L2,L1,C1_3,D1_2,F1_2,L1,L2,,,
308189,L1,L3,L1,L2,L1,L1,L2,L2,L1,C1_3,D1_2,F1_2,L1,L3,,,
308190,L1,L3,L1,L2,L1,L1,L2,L2,L1,C1_3,D1_2,F1_2,L2,L1,,,
308191,L1,L3,L1,L2,L1,L1,L2,L2,L1,C1_3,D1_2,F1_2,L2,L2,,,
308192,L1,L3,L1,L2,L1,L1,L2,L2,L1,C1_3,D1_2,F1_2,L2,L3,,,
308193,L1,L3,L1,L2,L1,L1,L2,L2,L1,C1_3,D1_2,F1_2,L3,L1,,,
308194,L1,L3,L1,L2,L1,L1,L2,L2,L1,C1_3,D1_2,F1_2,L3,L2,,,
308195,L1,L3,L1,L2,L1,L1,L2,L2,L1,C1_3,D1_2,F1_2,L3,L3,,,
308196,L1,L3,L1,L2,L1,L1,L2,L2,L1,C1_3,D1_2,F1_3,L1,L1,,,
308197,L1,L3,L1,L2,L1,L1,L2,L2,L1,C1_3,D1_2,F1_3,L1,L2,,,
308198,L1,L3,L1,L2,L1,L1,L2,L2,L1,C1_3,D1_2,F1_3,L1,L3,,,
308199,L1,L3,L1,L2,L1,L1,L2,L2,L1,C1_3,D1_2,F1_3,L2,L1,,,
308200,L1,L3,L1,L2,L1,L1,L2,L2,L1,C1_3,D1_2,F1_3,L2,L2,,,
308201,L1,L3,L1,L2,L1,L1,L2,L2,L1,C1_3,D1_2,F1_3,L2,L3,,,
308202,L1,L3,L1,L2,L1,L1,L2,L2,L1,C1_3,D1_2,F1_3,L3,L1,,,
308203,L1,L3,L1,L2,L1,L1,L2,L2,L1,C1_3,D1_2,F1_3,L3,L2,,,
308204,L1,L3,L1,L2,L1,L1,L2,L2,L1,C1_3,D1_2,F1_3,L3,L3,,,
308205,L1,L3,L1,L2,L1,L1,L2,L2,L1,C1_3,D1_3,F1_1,L1,L1,,,
308206,L1,L3,L1,L2,L1,L1,L2,L2,L1,C1_3,D1_3,F1_1,L1,L2,,,
308207,L1,L3,L1,L2,L1,L1,L2,L2,L1,C1_3,D1_3,F1_1,L1,L3,,,
308208,L1,L3,L1,L2,L1,L1,L2,L2,L1,C1_3,D1_3,F1_1,L2,L1,,,
308209,L1,L3,L1,L2,L1,L1,L2,L2,L1,C1_3,D1_3,F1_1,L2,L2,,,
308210,L1,L3,L1,L2,L1,L1,L2,L2,L1,C1_3,D1_3,F1_1,L2,L3,,,
308211,L1,L3,L1,L2,L1,L1,L2,L2,L1,C1_3,D1_3,F1_1,L3,L1,,,
308212,L1,L3,L1,L2,L1,L1,L2,L2,L1,C1_3,D1_3,F1_1,L3,L2,,,
308213,L1,L3,L1,L2,L1,L1,L2,L2,L1,C1_3,D1_3,F1_1,L3,L3,,,
308214,L1,L3,L1,L2,L1,L1,L2,L2,L1,C1_3,D1_3,F1_2,L1,L1,,,
308215,L1,L3,L1,L2,L1,L1,L2,L2,L1,C1_3,D1_3,F1_2,L1,L2,,,
308216,L1,L3,L1,L2,L1,L1,L2,L2,L1,C1_3,D1_3,F1_2,L1,L3,,,
308217,L1,L3,L1,L2,L1,L1,L2,L2,L1,C1_3,D1_3,F1_2,L2,L1,,,
308218,L1,L3,L1,L2,L1,L1,L2,L2,L1,C1_3,D1_3,F1_2,L2,L2,,,
308219,L1,L3,L1,L2,L1,L1,L2,L2,L1,C1_3,D1_3,F1_2,L2,L3,,,
308220,L1,L3,L1,L2,L1,L1,L2,L2,L1,C1_3,D1_3,F1_2,L3,L1,,,
308221,L1,L3,L1,L2,L1,L1,L2,L2,L1,C1_3,D1_3,F1_2,L3,L2,,,
308222,L1,L3,L1,L2,L1,L1,L2,L2,L1,C1_3,D1_3,F1_2,L3,L3,,,
308223,L1,L3,L1,L2,L1,L1,L2,L2,L1,C1_3,D1_3,F1_3,L1,L1,,,
308224,L1,L3,L1,L2,L1,L1,L2,L2,L1,C1_3,D1_3,F1_3,L1,L2,,,
308225,L1,L3,L1,L2,L1,L1,L2,L2,L1,C1_3,D1_3,F1_3,L1,L3,,,
308226,L1,L3,L1,L2,L1,L1,L2,L2,L1,C1_3,D1_3,F1_3,L2,L1,,,
308227,L1,L3,L1,L2,L1,L1,L2,L2,L1,C1_3,D1_3,F1_3,L2,L2,,,
308228,L1,L3,L1,L2,L1,L1,L2,L2,L1,C1_3,D1_3,F1_3,L2,L3,,,
308229,L1,L3,L1,L2,L1,L1,L2,L2,L1,C1_3,D1_3,F1_3,L3,L1,,,
308230,L1,L3,L1,L2,L1,L1,L2,L2,L1,C1_3,D1_3,F1_3,L3,L2,,,
308231,L1,L3,L1,L2,L1,L1,L2,L2,L1,C1_3,D1_3,F1_3,L3,L3,,,
322812,L2,L3,L3,L2,L3,L1,L2,L2,L1,C1_1,D1_1,F1_1,L1,L1,,,
322813,L2,L3,L3,L2,L3,L1,L2,L2,L1,C1_1,D1_1,F1_1,L1,L2,,,
322814,L2,L3,L3,L2,L3,L1,L2,L2,L1,C1_1,D1_1,F1_1,L1,L3,,,
322815,L2,L3,L3,L2,L3,L1,L2,L2,L1,C1_1,D1_1,F1_1,L2,L1,,,
322816,L2,L3,L3,L2,L3,L1,L2,L2,L1,C1_1,D1_1,F1_1,L2,L2,,,
322817,L2,L3,L3,L2,L3,L1,L2,L2,L1,C1_1,D1_1,F1_1,L2,L3,,,
322818,L2,L3,L3,L2,L3,L1,L2,L2,L1,C1_1,D1_1,F1_1,L3,L1,,,
322819,L2,L3,L3,L2,L3,L1,L2,L2,L1,C1_1,D1_1,F1_1,L3,L2,,,
322820,L2,L3,L3,L2,L3,L1,L2,L2,L1,C1_1,D1_1,F1_1,L3,L3,,,
322821,L2,L3,L3,L2,L3,L1,L2,L2,L1,C1_1,D1_1,F1_2,L1,L1,,,
322822,L2,L3,L3,L2,L3,L1,L2,L2,L1,C1_1,D1_1,F1_2,L1,L2,,,
322823,L2,L3,L3,L2,L3,L1,L2,L2,L1,C1_1,D1_1,F1_2,L1,L3,,,
322824,L2,L3,L3,L2,L3,L1,L2,L2,L1,C1_1,D1_1,F1_2,L2,L1,,,
322825,L2,L3,L3,L2,L3,L1,L2,L2,L1,C1_1,D1_1,F1_2,L2,L2,,,
322826,L2,L3,L3,L2,L3,L1,L2,L2,L1,C1_1,D1_1,F1_2,L2,L3,,,
322827,L2,L3,L3,L2,L3,L1,L2,L2,L1,C1_1,D1_1,F1_2,L3,L1,,,
322828,L2,L3,L3,L2,L3,L1,L2,L2,L1,C1_1,D1_1,F1_2,L3,L2,,,
322829,L2,L3,L3,L2,L3,L1,L2,L2,L1,C1_1,D1_1,F1_2,L3,L3,,,
322830,L2,L3,L3,L2,L3,L1,L2,L2,L1,C1_1,D1_1,F1_3,L1,L1,,,
322831,L2,L3,L3,L2,L3,L1,L2,L2,L1,C1_1,D1_1,F1_3,L1,L2,,,
322832,L2,L3,L3,L2,L3,L1,L2,L2,L1,C1_1,D1_1,F1_3,L1,L3,,,
322833,L2,L3,L3,L2,L3,L1,L2,L2,L1,C1_1,D1_1,F1_3,L2,L1,,,
322834,L2,L3,L3,L2,L3,L1,L2,L2,L1,C1_1,D1_1,F1_3,L2,L2,,,
322835,L2,L3,L3,L2,L3,L1,L2,L2,L1,C1_1,D1_1,F1_3,L2,L3,,,
322836,L2,L3,L3,L2,L3,L1,L2,L2,L1,C1_1,D1_1,F1_3,L3,L1,,,
322837,L2,L3,L3,L2,L3,L1,L2,L2,L1,C1_1,D1_1,F1_3,L3,L2,,,
322838,L2,L3,L3,L2,L3,L1,L2,L2,L1,C1_1,D1_1,F1_3,L3,L3,,,
322839,L2,L3,L3,L2,L3,L1,L2,L2,L1,C1_1,D1_2,F1_1,L1,L1,,,
322840,L2,L3,L3,L2,L3,L1,L2,L2,L1,C1_1,D1_2,F1_1,L1,L2,,,
322841,L2,L3,L3,L2,L3,L1,L2,L2,L1,C1_1,D1_2,F1_1,L1,L3,,,
322842,L2,L3,L3,L2,L3,L1,L2,L2,L1,C1_1,D1_2,F1_1,L2,L1,,,
322843,L2,L3,L3,L2,L3,L1,L2,L2,L1,C1_1,D1_2,F1_1,L2,L2,,,
322844,L2,L3,L3,L2,L3,L1,L2,L2,L1,C1_1,D1_2,F1_1,L2,L3,,,
322845,L2,L3,L3,L2,L3,L1,L2,L2,L1,C1_1,D1_2,F1_1,L3,L1,,,
322846,L2,L3,L3,L2,L3,L1,L2,L2,L1,C1_1,D1_2,F1_1,L3,L2,,,
322847,L2,L3,L3,L2,L3,L1,L2,L2,L1,C1_1,D1_2,F1_1,L3,L3,,,
322848,L2,L3,L3,L2,L3,L1,L2,L2,L1,C1_1,D1_2,F1_2,L1,L1,,,
322849,L2,L3,L3,L2,L3,L1,L2,L2,L1,C1_1,D1_2,F1_2,L1,L2,,,
322850,L2,L3,L3,L2,L3,L1,L2,L2,L1,C1_1,D1_2,F1_2,L1,L3,,,
322851,L2,L3,L3,L2,L3,L1,L2,L2,L1,C1_1,D1_2,F1_2,L2,L1,,,
322852,L2,L3,L3,L2,L3,L1,L2,L2,L1,C1_1,D1_2,F1_2,L2,L2,,,
322853,L2,L3,L3,L2,L3,L1,L2,L2,L1,C1_1,D1_2,F1_2,L2,L3,,,
322854,L2,L3,L3,L2,L3,L1,L2,L2,L1,C1_1,D1_2,F1_2,L3,L1,,,
322855,L2,L3,L3,L2,L3,L1,L2,L2,L1,C1_1,D1_2,F1_2,L3,L2,,,
322856,L2,L3,L3,L2,L3,L1,L2,L2,L1,C1_1,D1_2,F1_2,L3,L3,,,
322857,L2,L3,L3,L2,L3,L1,L2,L2,L1,C1_1,D1_2,F1_3,L1,L1,,,
322858,L2,L3,L3,L2,L3,L1,L2,L2,L1,C1_1,D1_2,F1_3,L1,L2,,,
322859,L2,L3,L3,L2,L3,L1,L2,L2,L1,C1_1,D1_2,F1_3,L1,L3,,,
322860,L2,L3,L3,L2,L3,L1,L2,L2,L1,C1_1,D1_2,F1_3,L2,L1,,,
322861,L2,L3,L3,L2,L3,L1,L2,L2,L1,C1_1,D1_2,F1_3,L2,L2,,,
322862,L2,L3,L3,L2,L3,L1,L2,L2,L1,C1_1,D1_2,F1_3,L2,L3,,,
322863,L2,L3,L3,L2,L3,L1,L2,L2,L1,C1_1,D1_2,F1_3,L3,L1,,,
322864,L2,L3,L3,L2,L3,L1,L2,L2,L1,C1_1,D1_2,F1_3,L3,L2,,,
322865,L2,L3,L3,L2,L3,L1,L2,L2,L1,C1_1,D1_2,F1_3,L3,L3,,,
322866,L2,L3,L3,L2,L3,L1,L2,L2,L1,C1_1,D1_3,F1_1,L1,L1,,,
322867,L2,L3,L3,L2,L3,L1,L2,L2,L1,C1_1,D1_3,F1_1,L1,L2,,,
322868,L2,L3,L3,L2,L3,L1,L2,L2,L1,C1_1,D1_3,F1_1,L1,L3,,,
322869,L2,L3,L3,L2,L3,L1,L2,L2,L1,C1_1,D1_3,F1_1,L2,L1,,,
322870,L2,L3,L3,L2,L3,L1,L2,L2,L1,C1_1,D1_3,F1_1,L2,L2,,,
322871,L2,L3,L3,L2,L3,L1,L2,L2,L1,C1_1,D1_3,F1_1,L2,L3,,,
322872,L2,L3,L3,L2,L3,L1,L2,L2,L1,C1_1,D1_3,F1_1,L3,L1,,,
322873,L2,L3,L3,L2,L3,L1,L2,L2,L1,C1_1,D1_3,F1_1,L3,L2,,,
322874,L2,L3,L3,L2,L3,L1,L2,L2,L1,C1_1,D1_3,F1_1,L3,L3,,,
322875,L2,L3,L3,L2,L3,L1,L2,L2,L1,C1_1,D1_3,F1_2,L1,L1,,,
322876,L2,L3,L3,L2,L3,L1,L2,L2,L1,C1_1,D1_3,F1_2,L1,L2,,,
322877,L2,L3,L3,L2,L3,L1,L2,L2,L1,C1_1,D1_3,F1_2,L1,L3,,,
322878,L2,L3,L3,L2,L3,L1,L2,L2,L1,C1_1,D1_3,F1_2,L2,L1,,,
322879,L2,L3,L3,L2,L3,L1,L2,L2,L1,C1_1,D1_3,F1_2,L2,L2,,,
322880,L2,L3,L3,L2,L3,L1,L2,L2,L1,C1_1,D1_3,F1_2,L2,L3,,,
322881,L2,L3,L3,L2,L3,L1,L2,L2,L1,C1_1,D1_3,F1_2,L3,L1,,,
322882,L2,L3,L3,L2,L3,L1,L2,L2,L1,C1_1,D1_3,F1_2,L3,L2,,,
322883,L2,L3,L3,L2,L3,L1,L2,L2,L1,C1_1,D1_3,F1_2,L3,L3,,,
322884,L2,L3,L3,L2,L3,L1,L2,L2,L1,C1_1,D1_3,F1_3,L1,L1,,,
322885,L2,L3,L3,L2,L3,L1,L2,L2,L1,C1_1,D1_3,F1_3,L1,L2,,,
322886,L2,L3,L3,L2,L3,L1,L2,L2,L1,C1_1,D1_3,F1_3,L1,L3,,,
322887,L2,L3,L3,L2,L3,L1,L2,L2,L1,C1_1,D1_3,F1_3,L2,L1,,,
322888,L2,L3,L3,L2,L3,L1,L2,L2,L1,C1_1,D1_3,F1_3,L2,L2,,,
322889,L2,L3,L3,L2,L3,L1,L2,L2,L1,C1_1,D1_3,F1_3,L2,L3,,,
322890,L2,L3,L3,L2,L3,L1,L2,L2,L1,C1_1,D1_3,F1_3,L3,L1,,,
322891,L2,L3,L3,L2,L3,L1,L2,L2,L1,C1_1,D1_3,F1_3,L3,L2,,,
322892,L2,L3,L3,L2,L3,L1,L2,L2,L1,C1_1,D1_3,F1_3,L3,L3,,,
322893,L2,L3,L3,L2,L3,L1,L2,L2,L1,C1_2,D1_1,F1_1,L1,L1,,,
322894,L2,L3,L3,L2,L3,L1,L2,L2,L1,C1_2,D1_1,F1_1,L1,L2,,,
322895,L2,L3,L3,L2,L3,L1,L2,L2,L1,C1_2,D1_1,F1_1,L1,L3,,,
322896,L2,L3,L3,L2,L3,L1,L2,L2,L1,C1_2,D1_1,F1_1,L2,L1,,,
322897,L2,L3,L3,L2,L3,L1,L2,L2,L1,C1_2,D1_1,F1_1,L2,L2,,,
322898,L2,L3,L3,L2,L3,L1,L2,L2,L1,C1_2,D1_1,F1_1,L2,L3,,,
322899,L2,L3,L3,L2,L3,L1,L2,L2,L1,C1_2,D1_1,F1_1,L3,L1,,,
322900,L2,L3,L3,L2,L3,L1,L2,L2,L1,C1_2,D1_1,F1_1,L3,L2,,,
322901,L2,L3,L3,L2,L3,L1,L2,L2,L1,C1_2,D1_1,F1_1,L3,L3,,,
322902,L2,L3,L3,L2,L3,L1,L2,L2,L1,C1_2,D1_1,F1_2,L1,L1,,,
322903,L2,L3,L3,L2,L3,L1,L2,L2,L1,C1_2,D1_1,F1_2,L1,L2,,,
322904,L2,L3,L3,L2,L3,L1,L2,L2,L1,C1_2,D1_1,F1_2,L1,L3,,,
322905,L2,L3,L3,L2,L3,L1,L2,L2,L1,C1_2,D1_1,F1_2,L2,L1,,,
322906,L2,L3,L3,L2,L3,L1,L2,L2,L1,C1_2,D1_1,F1_2,L2,L2,,,
322907,L2,L3,L3,L2,L3,L1,L2,L2,L1,C1_2,D1_1,F1_2,L2,L3,,,
322908,L2,L3,L3,L2,L3,L1,L2,L2,L1,C1_2,D1_1,F1_2,L3,L1,,,
322909,L2,L3,L3,L2,L3,L1,L2,L2,L1,C1_2,D1_1,F1_2,L3,L2,,,
322910,L2,L3,L3,L2,L3,L1,L2,L2,L1,C1_2,D1_1,F1_2,L3,L3,,,
322911,L2,L3,L3,L2,L3,L1,L2,L2,L1,C1_2,D1_1,F1_3,L1,L1,,,
322912,L2,L3,L3,L2,L3,L1,L2,L2,L1,C1_2,D1_1,F1_3,L1,L2,,,
322913,L2,L3,L3,L2,L3,L1,L2,L2,L1,C1_2,D1_1,F1_3,L1,L3,,,
322914,L2,L3,L3,L2,L3,L1,L2,L2,L1,C1_2,D1_1,F1_3,L2,L1,,,
322915,L2,L3,L3,L2,L3,L1,L2,L2,L1,C1_2,D1_1,F1_3,L2,L2,,,
322916,L2,L3,L3,L2,L3,L1,L2,L2,L1,C1_2,D1_1,F1_3,L2,L3,,,
322917,L2,L3,L3,L2,L3,L1,L2,L2,L1,C1_2,D1_1,F1_3,L3,L1,,,
322918,L2,L3,L3,L2,L3,L1,L2,L2,L1,C1_2,D1_1,F1_3,L3,L2,,,
322919,L2,L3,L3,L2,L3,L1,L2,L2,L1,C1_2,D1_1,F1_3,L3,L3,,,
322920,L2,L3,L3,L2,L3,L1,L2,L2,L1,C1_2,D1_2,F1_1,L1,L1,,,
322921,L2,L3,L3,L2,L3,L1,L2,L2,L1,C1_2,D1_2,F1_1,L1,L2,,,
322922,L2,L3,L3,L2,L3,L1,L2,L2,L1,C1_2,D1_2,F1_1,L1,L3,,,
322923,L2,L3,L3,L2,L3,L1,L2,L2,L1,C1_2,D1_2,F1_1,L2,L1,,,
322924,L2,L3,L3,L2,L3,L1,L2,L2,L1,C1_2,D1_2,F1_1,L2,L2,,,
322925,L2,L3,L3,L2,L3,L1,L2,L2,L1,C1_2,D1_2,F1_1,L2,L3,,,
322926,L2,L3,L3,L2,L3,L1,L2,L2,L1,C1_2,D1_2,F1_1,L3,L1,,,
322927,L2,L3,L3,L2,L3,L1,L2,L2,L1,C1_2,D1_2,F1_1,L3,L2,,,
322928,L2,L3,L3,L2,L3,L1,L2,L2,L1,C1_2,D1_2,F1_1,L3,L3,,,
322929,L2,L3,L3,L2,L3,L1,L2,L2,L1,C1_2,D1_2,F1_2,L1,L1,,,
322930,L2,L3,L3,L2,L3,L1,L2,L2,L1,C1_2,D1_2,F1_2,L1,L2,,,
322931,L2,L3,L3,L2,L3,L1,L2,L2,L1,C1_2,D1_2,F1_2,L1,L3,,,
322932,L2,L3,L3,L2,L3,L1,L2,L2,L1,C1_2,D1_2,F1_2,L2,L1,,,
322933,L2,L3,L3,L2,L3,L1,L2,L2,L1,C1_2,D1_2,F1_2,L2,L2,,,
322934,L2,L3,L3,L2,L3,L1,L2,L2,L1,C1_2,D1_2,F1_2,L2,L3,,,
322935,L2,L3,L3,L2,L3,L1,L2,L2,L1,C1_2,D1_2,F1_2,L3,L1,,,
322936,L2,L3,L3,L2,L3,L1,L2,L2,L1,C1_2,D1_2,F1_2,L3,L2,,,
322937,L2,L3,L3,L2,L3,L1,L2,L2,L1,C1_2,D1_2,F1_2,L3,L3,,,
322938,L2,L3,L3,L2,L3,L1,L2,L2,L1,C1_2,D1_2,F1_3,L1,L1,,,
322939,L2,L3,L3,L2,L3,L1,L2,L2,L1,C1_2,D1_2,F1_3,L1,L2,,,
322940,L2,L3,L3,L2,L3,L1,L2,L2,L1,C1_2,D1_2,F1_3,L1,L3,,,
322941,L2,L3,L3,L2,L3,L1,L2,L2,L1,C1_2,D1_2,F1_3,L2,L1,,,
322942,L2,L3,L3,L2,L3,L1,L2,L2,L1,C1_2,D1_2,F1_3,L2,L2,,,
322943,L2,L3,L3,L2,L3,L1,L2,L2,L1,C1_2,D1_2,F1_3,L2,L3,,,
322944,L2,L3,L3,L2,L3,L1,L2,L2,L1,C1_2,D1_2,F1_3,L3,L1,,,
322945,L2,L3,L3,L2,L3,L1,L2,L2,L1,C1_2,D1_2,F1_3,L3,L2,,,
322946,L2,L3,L3,L2,L3,L1,L2,L2,L1,C1_2,D1_2,F1_3,L3,L3,,,
322947,L2,L3,L3,L2,L3,L1,L2,L2,L1,C1_2,D1_3,F1_1,L1,L1,,,
322948,L2,L3,L3,L2,L3,L1,L2,L2,L1,C1_2,D1_3,F1_1,L1,L2,,,
322949,L2,L3,L3,L2,L3,L1,L2,L2,L1,C1_2,D1_3,F1_1,L1,L3,,,
322950,L2,L3,L3,L2,L3,L1,L2,L2,L1,C1_2,D1_3,F1_1,L2,L1,,,
322951,L2,L3,L3,L2,L3,L1,L2,L2,L1,C1_2,D1_3,F1_1,L2,L2,,,
322952,L2,L3,L3,L2,L3,L1,L2,L2,L1,C1_2,D1_3,F1_1,L2,L3,,,
322953,L2,L3,L3,L2,L3,L1,L2,L2,L1,C1_2,D1_3,F1_1,L3,L1,,,
322954,L2,L3,L3,L2,L3,L1,L2,L2,L1,C1_2,D1_3,F1_1,L3,L2,,,
322955,L2,L3,L3,L2,L3,L1,L2,L2,L1,C1_2,D1_3,F1_1,L3,L3,,,
322956,L2,L3,L3,L2,L3,L1,L2,L2,L1,C1_2,D1_3,F1_2,L1,L1,,,
322957,L2,L3,L3,L2,L3,L1,L2,L2,L1,C1_2,D1_3,F1_2,L1,L2,,,
322958,L2,L3,L3,L2,L3,L1,L2,L2,L1,C1_2,D1_3,F1_2,L1,L3,,,
322959,L2,L3,L3,L2,L3,L1,L2,L2,L1,C1_2,D1_3,F1_2,L2,L1,,,
322960,L2,L3,L3,L2,L3,L1,L2,L2,L1,C1_2,D1_3,F1_2,L2,L2,,,
322961,L2,L3,L3,L2,L3,L1,L2,L2,L1,C1_2,D1_3,F1_2,L2,L3,,,
322962,L2,L3,L3,L2,L3,L1,L2,L2,L1,C1_2,D1_3,F1_2,L3,L1,,,
322963,L2,L3,L3,L2,L3,L1,L2,L2,L1,C1_2,D1_3,F1_2,L3,L2,,,
322964,L2,L3,L3,L2,L3,L1,L2,L2,L1,C1_2,D1_3,F1_2,L3,L3,,,
322965,L2,L3,L3,L2,L3,L1,L2,L2,L1,C1_2,D1_3,F1_3,L1,L1,,,
322966,L2,L3,L3,L2,L3,L1,L2,L2,L1,C1_2,D1_3,F1_3,L1,L2,,,
322967,L2,L3,L3,L2,L3,L1,L2,L2,L1,C1_2,D1_3,F1_3,L1,L3,,,
322968,L2,L3,L3,L2,L3,L1,L2,L2,L1,C1_2,D1_3,F1_3,L2,L1,,,
322969,L2,L3,L3,L2,L3,L1,L2,L2,L1,C1_2,D1_3,F1_3,L2,L2,,,
322970,L2,L3,L3,L2,L3,L1,L2,L2,L1,C1_2,D1_3,F1_3,L2,L3,,,
322971,L2,L3,L3,L2,L3,L1,L2,L2,L1,C1_2,D1_3,F1_3,L3,L1,,,
322972,L2,L3,L3,L2,L3,L1,L2,L2,L1,C1_2,D1_3,F1_3,L3,L2,,,
322973,L2,L3,L3,L2,L3,L1,L2,L2,L1,C1_2,D1_3,F1_3,L3,L3,,,
322974,L2,L3,L3,L2,L3,L1,L2,L2,L1,C1_3,D1_1,F1_1,L1,L1,,,
322975,L2,L3,L3,L2,L3,L1,L2,L2,L1,C1_3,D1_1,F1_1,L1,L2,,,
322976,L2,L3,L3,L2,L3,L1,L2,L2,L1,C1_3,D1_1,F1_1,L1,L3,,,
322977,L2,L3,L3,L2,L3,L1,L2,L2,L1,C1_3,D1_1,F1_1,L2,L1,,,
322978,L2,L3,L3,L2,L3,L1,L2,L2,L1,C1_3,D1_1,F1_1,L2,L2,,,
322979,L2,L3,L3,L2,L3,L1,L2,L2,L1,C1_3,D1_1,F1_1,L2,L3,,,
322980,L2,L3,L3,L2,L3,L1,L2,L2,L1,C1_3,D1_1,F1_1,L3,L1,,,
322981,L2,L3,L3,L2,L3,L1,L2,L2,L1,C1_3,D1_1,F1_1,L3,L2,,,
322982,L2,L3,L3,L2,L3,L1,L2,L2,L1,C1_3,D1_1,F1_1,L3,L3,,,
322983,L2,L3,L3,L2,L3,L1,L2,L2,L1,C1_3,D1_1,F1_2,L1,L1,,,
322984,L2,L3,L3,L2,L3,L1,L2,L2,L1,C1_3,D1_1,F1_2,L1,L2,,,
322985,L2,L3,L3,L2,L3,L1,L2,L2,L1,C1_3,D1_1,F1_2,L1,L3,,,
322986,L2,L3,L3,L2,L3,L1,L2,L2,L1,C1_3,D1_1,F1_2,L2,L1,,,
322987,L2,L3,L3,L2,L3,L1,L2,L2,L1,C1_3,D1_1,F1_2,L2,L2,,,
322988,L2,L3,L3,L2,L3,L1,L2,L2,L1,C1_3,D1_1,F1_2,L2,L3,,,
322989,L2,L3,L3,L2,L3,L1,L2,L2,L1,C1_3,D1_1,F1_2,L3,L1,,,
322990,L2,L3,L3,L2,L3,L1,L2,L2,L1,C1_3,D1_1,F1_2,L3,L2,,,
322991,L2,L3,L3,L2,L3,L1,L2,L2,L1,C1_3,D1_1,F1_2,L3,L3,,,
322992,L2,L3,L3,L2,L3,L1,L2,L2,L1,C1_3,D1_1,F1_3,L1,L1,,,
322993,L2,L3,L3,L2,L3,L1,L2,L2,L1,C1_3,D1_1,F1_3,L1,L2,,,
322994,L2,L3,L3,L2,L3,L1,L2,L2,L1,C1_3,D1_1,F1_3,L1,L3,,,
322995,L2,L3,L3,L2,L3,L1,L2,L2,L1,C1_3,D1_1,F1_3,L2,L1,,,
322996,L2,L3,L3,L2,L3,L1,L2,L2,L1,C1_3,D1_1,F1_3,L2,L2,,,
322997,L2,L3,L3,L2,L3,L1,L2,L2,L1,C1_3,D1_1,F1_3,L2,L3,,,
322998,L2,L3,L3,L2,L3,L1,L2,L2,L1,C1_3,D1_1,F1_3,L3,L1,,,
322999,L2,L3,L3,L2,L3,L1,L2,L2,L1,C1_3,D1_1,F1_3,L3,L2,,,
323000,L2,L3,L3,L2,L3,L1,L2,L2,L1,C1_3,D1_1,F1_3,L3,L3,,,
323001,L2,L3,L3,L2,L3,L1,L2,L2,L1,C1_3,D1_2,F1_1,L1,L1,,,
323002,L2,L3,L3,L2,L3,L1,L2,L2,L1,C1_3,D1_2,F1_1,L1,L2,,,
323003,L2,L3,L3,L2,L3,L1,L2,L2,L1,C1_3,D1_2,F1_1,L1,L3,,,
323004,L2,L3,L3,L2,L3,L1,L2,L2,L1,C1_3,D1_2,F1_1,L2,L1,,,
323005,L2,L3,L3,L2,L3,L1,L2,L2,L1,C1_3,D1_2,F1_1,L2,L2,,,
323006,L2,L3,L3,L2,L3,L1,L2,L2,L1,C1_3,D1_2,F1_1,L2,L3,,,
323007,L2,L3,L3,L2,L3,L1,L2,L2,L1,C1_3,D1_2,F1_1,L3,L1,,,
323008,L2,L3,L3,L2,L3,L1,L2,L2,L1,C1_3,D1_2,F1_1,L3,L2,,,
323009,L2,L3,L3,L2,L3,L1,L2,L2,L1,C1_3,D1_2,F1_1,L3,L3,,,
323010,L2,L3,L3,L2,L3,L1,L2,L2,L1,C1_3,D1_2,F1_2,L1,L1,,,
323011,L2,L3,L3,L2,L3,L1,L2,L2,L1,C1_3,D1_2,F1_2,L1,L2,,,
323012,L2,L3,L3,L2,L3,L1,L2,L2,L1,C1_3,D1_2,F1_2,L1,L3,,,
323013,L2,L3,L3,L2,L3,L1,L2,L2,L1,C1_3,D1_2,F1_2,L2,L1,,,
323014,L2,L3,L3,L2,L3,L1,L2,L2,L1,C1_3,D1_2,F1_2,L2,L2,,,
323015,L2,L3,L3,L2,L3,L1,L2,L2,L1,C1_3,D1_2,F1_2,L2,L3,,,
323016,L2,L3,L3,L2,L3,L1,L2,L2,L1,C1_3,D1_2,F1_2,L3,L1,,,
323017,L2,L3,L3,L2,L3,L1,L2,L2,L1,C1_3,D1_2,F1_2,L3,L2,,,
323018,L2,L3,L3,L2,L3,L1,L2,L2,L1,C1_3,D1_2,F1_2,L3,L3,,,
323019,L2,L3,L3,L2,L3,L1,L2,L2,L1,C1_3,D1_2,F1_3,L1,L1,,,
323020,L2,L3,L3,L2,L3,L1,L2,L2,L1,C1_3,D1_2,F1_3,L1,L2,,,
323021,L2,L3,L3,L2,L3,L1,L2,L2,L1,C1_3,D1_2,F1_3,L1,L3,,,
323022,L2,L3,L3,L2,L3,L1,L2,L2,L1,C1_3,D1_2,F1_3,L2,L1,,,
323023,L2,L3,L3,L2,L3,L1,L2,L2,L1,C1_3,D1_2,F1_3,L2,L2,,,
323024,L2,L3,L3,L2,L3,L1,L2,L2,L1,C1_3,D1_2,F1_3,L2,L3,,,
323025,L2,L3,L3,L2,L3,L1,L2,L2,L1,C1_3,D1_2,F1_3,L3,L1,,,
323026,L2,L3,L3,L2,L3,L1,L2,L2,L1,C1_3,D1_2,F1_3,L3,L2,,,
323027,L2,L3,L3,L2,L3,L1,L2,L2,L1,C1_3,D1_2,F1_3,L3,L3,,,
323028,L2,L3,L3,L2,L3,L1,L2,L2,L1,C1_3,D1_3,F1_1,L1,L1,,,
323029,L2,L3,L3,L2,L3,L1,L2,L2,L1,C1_3,D1_3,F1_1,L1,L2,,,
323030,L2,L3,L3,L2,L3,L1,L2,L2,L1,C1_3,D1_3,F1_1,L1,L3,,,
323031,L2,L3,L3,L2,L3,L1,L2,L2,L1,C1_3,D1_3,F1_1,L2,L1,,,
323032,L2,L3,L3,L2,L3,L1,L2,L2,L1,C1_3,D1_3,F1_1,L2,L2,,,
323033,L2,L3,L3,L2,L3,L1,L2,L2,L1,C1_3,D1_3,F1_1,L2,L3,,,
323034,L2,L3,L3,L2,L3,L1,L2,L2,L1,C1_3,D1_3,F1_1,L3,L1,,,
323035,L2,L3,L3,L2,L3,L1,L2,L2,L1,C1_3,D1_3,F1_1,L3,L2,,,
323036,L2,L3,L3,L2,L3,L1,L2,L2,L1,C1_3,D1_3,F1_1,L3,L3,,,
323037,L2,L3,L3,L2,L3,L1,L2,L2,L1,C1_3,D1_3,F1_2,L1,L1,,,
323038,L2,L3,L3,L2,L3,L1,L2,L2,L1,C1_3,D1_3,F1_2,L1,L2,,,
323039,L2,L3,L3,L2,L3,L1,L2,L2,L1,C1_3,D1_3,F1_2,L1,L3,,,
323040,L2,L3,L3,L2,L3,L1,L2,L2,L1,C1_3,D1_3,F1_2,L2,L1,,,
323041,L2,L3,L3,L2,L3,L1,L2,L2,L1,C1_3,D1_3,F1_2,L2,L2,,,
323042,L2,L3,L3,L2,L3,L1,L2,L2,L1,C1_3,D1_3,F1_2,L2,L3,,,
323043,L2,L3,L3,L2,L3,L1,L2,L2,L1,C1_3,D1_3,F1_2,L3,L1,,,
323044,L2,L3,L3,L2,L3,L1,L2,L2,L1,C1_3,D1_3,F1_2,L3,L2,,,
323045,L2,L3,L3,L2,L3,L1,L2,L2,L1,C1_3,D1_3,F1_2,L3,L3,,,
323046,L2,L3,L3,L2,L3,L1,L2,L2,L1,C1_3,D1_3,F1_3,L1,L1,,,
323047,L2,L3,L3,L2,L3,L1,L2,L2,L1,C1_3,D1_3,F1_3,L1,L2,,,
323048,L2,L3,L3,L2,L3,L1,L2,L2,L1,C1_3,D1_3,F1_3,L1,L3,,,
323049,L2,L3,L3,L2,L3,L1,L2,L2,L1,C1_3,D1_3,F1_3,L2,L1,,,
323050,L2,L3,L3,L2,L3,L1,L2,L2,L1,C1_3,D1_3,F1_3,L2,L2,,,
323051,L2,L3,L3,L2,L3,L1,L2,L2,L1,C1_3,D1_3,F1_3,L2,L3,,,
323052,L2,L3,L3,L2,L3,L1,L2,L2,L1,C1_3,D1_3,F1_3,L3,L1,,,
323053,L2,L3,L3,L2,L3,L1,L2,L2,L1,C1_3,D1_3,F1_3,L3,L2,,,
323054,L2,L3,L3,L2,L3,L1,L2,L2,L1,C1_3,D1_3,F1_3,L3,L3,,,
336177,L2,L1,L2,L1,L1,L1,L2,L2,L1,C1_1,D1_1,F1_1,L1,L1,,,
336178,L2,L1,L2,L1,L1,L1,L2,L2,L1,C1_1,D1_1,F1_1,L1,L2,,,
336179,L2,L1,L2,L1,L1,L1,L2,L2,L1,C1_1,D1_1,F1_1,L1,L3,,,
336180,L2,L1,L2,L1,L1,L1,L2,L2,L1,C1_1,D1_1,F1_1,L2,L1,,,
336181,L2,L1,L2,L1,L1,L1,L2,L2,L1,C1_1,D1_1,F1_1,L2,L2,,,
336182,L2,L1,L2,L1,L1,L1,L2,L2,L1,C1_1,D1_1,F1_1,L2,L3,,,
336183,L2,L1,L2,L1,L1,L1,L2,L2,L1,C1_1,D1_1,F1_1,L3,L1,,,
336184,L2,L1,L2,L1,L1,L1,L2,L2,L1,C1_1,D1_1,F1_1,L3,L2,,,
336185,L2,L1,L2,L1,L1,L1,L2,L2,L1,C1_1,D1_1,F1_1,L3,L3,,,
336186,L2,L1,L2,L1,L1,L1,L2,L2,L1,C1_1,D1_1,F1_2,L1,L1,,,
336187,L2,L1,L2,L1,L1,L1,L2,L2,L1,C1_1,D1_1,F1_2,L1,L2,,,
336188,L2,L1,L2,L1,L1,L1,L2,L2,L1,C1_1,D1_1,F1_2,L1,L3,,,
336189,L2,L1,L2,L1,L1,L1,L2,L2,L1,C1_1,D1_1,F1_2,L2,L1,,,
336190,L2,L1,L2,L1,L1,L1,L2,L2,L1,C1_1,D1_1,F1_2,L2,L2,,,
336191,L2,L1,L2,L1,L1,L1,L2,L2,L1,C1_1,D1_1,F1_2,L2,L3,,,
336192,L2,L1,L2,L1,L1,L1,L2,L2,L1,C1_1,D1_1,F1_2,L3,L1,,,
336193,L2,L1,L2,L1,L1,L1,L2,L2,L1,C1_1,D1_1,F1_2,L3,L2,,,
336194,L2,L1,L2,L1,L1,L1,L2,L2,L1,C1_1,D1_1,F1_2,L3,L3,,,
336195,L2,L1,L2,L1,L1,L1,L2,L2,L1,C1_1,D1_1,F1_3,L1,L1,,,
336196,L2,L1,L2,L1,L1,L1,L2,L2,L1,C1_1,D1_1,F1_3,L1,L2,,,
336197,L2,L1,L2,L1,L1,L1,L2,L2,L1,C1_1,D1_1,F1_3,L1,L3,,,
336198,L2,L1,L2,L1,L1,L1,L2,L2,L1,C1_1,D1_1,F1_3,L2,L1,,,
336199,L2,L1,L2,L1,L1,L1,L2,L2,L1,C1_1,D1_1,F1_3,L2,L2,,,
336200,L2,L1,L2,L1,L1,L1,L2,L2,L1,C1_1,D1_1,F1_3,L2,L3,,,
336201,L2,L1,L2,L1,L1,L1,L2,L2,L1,C1_1,D1_1,F1_3,L3,L1,,,
336202,L2,L1,L2,L1,L1,L1,L2,L2,L1,C1_1,D1_1,F1_3,L3,L2,,,
336203,L2,L1,L2,L1,L1,L1,L2,L2,L1,C1_1,D1_1,F1_3,L3,L3,,,
336204,L2,L1,L2,L1,L1,L1,L2,L2,L1,C1_1,D1_2,F1_1,L1,L1,,,
336205,L2,L1,L2,L1,L1,L1,L2,L2,L1,C1_1,D1_2,F1_1,L1,L2,,,
336206,L2,L1,L2,L1,L1,L1,L2,L2,L1,C1_1,D1_2,F1_1,L1,L3,,,
336207,L2,L1,L2,L1,L1,L1,L2,L2,L1,C1_1,D1_2,F1_1,L2,L1,,,
336208,L2,L1,L2,L1,L1,L1,L2,L2,L1,C1_1,D1_2,F1_1,L2,L2,,,
336209,L2,L1,L2,L1,L1,L1,L2,L2,L1,C1_1,D1_2,F1_1,L2,L3,,,
336210,L2,L1,L2,L1,L1,L1,L2,L2,L1,C1_1,D1_2,F1_1,L3,L1,,,
336211,L2,L1,L2,L1,L1,L1,L2,L2,L1,C1_1,D1_2,F1_1,L3,L2,,,
336212,L2,L1,L2,L1,L1,L1,L2,L2,L1,C1_1,D1_2,F1_1,L3,L3,,,
336213,L2,L1,L2,L1,L1,L1,L2,L2,L1,C1_1,D1_2,F1_2,L1,L1,,,
336214,L2,L1,L2,L1,L1,L1,L2,L2,L1,C1_1,D1_2,F1_2,L1,L2,,,
336215,L2,L1,L2,L1,L1,L1,L2,L2,L1,C1_1,D1_2,F1_2,L1,L3,,,
336216,L2,L1,L2,L1,L1,L1,L2,L2,L1,C1_1,D1_2,F1_2,L2,L1,,,
336217,L2,L1,L2,L1,L1,L1,L2,L2,L1,C1_1,D1_2,F1_2,L2,L2,,,
336218,L2,L1,L2,L1,L1,L1,L2,L2,L1,C1_1,D1_2,F1_2,L2,L3,,,
336219,L2,L1,L2,L1,L1,L1,L2,L2,L1,C1_1,D1_2,F1_2,L3,L1,,,
336220,L2,L1,L2,L1,L1,L1,L2,L2,L1,C1_1,D1_2,F1_2,L3,L2,,,
336221,L2,L1,L2,L1,L1,L1,L2,L2,L1,C1_1,D1_2,F1_2,L3,L3,,,
336222,L2,L1,L2,L1,L1,L1,L2,L2,L1,C1_1,D1_2,F1_3,L1,L1,,,
336223,L2,L1,L2,L1,L1,L1,L2,L2,L1,C1_1,D1_2,F1_3,L1,L2,,,
336224,L2,L1,L2,L1,L1,L1,L2,L2,L1,C1_1,D1_2,F1_3,L1,L3,,,
336225,L2,L1,L2,L1,L1,L1,L2,L2,L1,C1_1,D1_2,F1_3,L2,L1,,,
336226,L2,L1,L2,L1,L1,L1,L2,L2,L1,C1_1,D1_2,F1_3,L2,L2,,,
336227,L2,L1,L2,L1,L1,L1,L2,L2,L1,C1_1,D1_2,F1_3,L2,L3,,,
336228,L2,L1,L2,L1,L1,L1,L2,L2,L1,C1_1,D1_2,F1_3,L3,L1,,,
336229,L2,L1,L2,L1,L1,L1,L2,L2,L1,C1_1,D1_2,F1_3,L3,L2,,,
336230,L2,L1,L2,L1,L1,L1,L2,L2,L1,C1_1,D1_2,F1_3,L3,L3,,,
336231,L2,L1,L2,L1,L1,L1,L2,L2,L1,C1_1,D1_3,F1_1,L1,L1,,,
336232,L2,L1,L2,L1,L1,L1,L2,L2,L1,C1_1,D1_3,F1_1,L1,L2,,,
336233,L2,L1,L2,L1,L1,L1,L2,L2,L1,C1_1,D1_3,F1_1,L1,L3,,,
336234,L2,L1,L2,L1,L1,L1,L2,L2,L1,C1_1,D1_3,F1_1,L2,L1,,,
336235,L2,L1,L2,L1,L1,L1,L2,L2,L1,C1_1,D1_3,F1_1,L2,L2,,,
336236,L2,L1,L2,L1,L1,L1,L2,L2,L1,C1_1,D1_3,F1_1,L2,L3,,,
336237,L2,L1,L2,L1,L1,L1,L2,L2,L1,C1_1,D1_3,F1_1,L3,L1,,,
336238,L2,L1,L2,L1,L1,L1,L2,L2,L1,C1_1,D1_3,F1_1,L3,L2,,,
336239,L2,L1,L2,L1,L1,L1,L2,L2,L1,C1_1,D1_3,F1_1,L3,L3,,,
336240,L2,L1,L2,L1,L1,L1,L2,L2,L1,C1_1,D1_3,F1_2,L1,L1,,,
336241,L2,L1,L2,L1,L1,L1,L2,L2,L1,C1_1,D1_3,F1_2,L1,L2,,,
336242,L2,L1,L2,L1,L1,L1,L2,L2,L1,C1_1,D1_3,F1_2,L1,L3,,,
336243,L2,L1,L2,L1,L1,L1,L2,L2,L1,C1_1,D1_3,F1_2,L2,L1,,,
336244,L2,L1,L2,L1,L1,L1,L2,L2,L1,C1_1,D1_3,F1_2,L2,L2,,,
336245,L2,L1,L2,L1,L1,L1,L2,L2,L1,C1_1,D1_3,F1_2,L2,L3,,,
336246,L2,L1,L2,L1,L1,L1,L2,L2,L1,C1_1,D1_3,F1_2,L3,L1,,,
336247,L2,L1,L2,L1,L1,L1,L2,L2,L1,C1_1,D1_3,F1_2,L3,L2,,,
336248,L2,L1,L2,L1,L1,L1,L2,L2,L1,C1_1,D1_3,F1_2,L3,L3,,,
336249,L2,L1,L2,L1,L1,L1,L2,L2,L1,C1_1,D1_3,F1_3,L1,L1,,,
336250,L2,L1,L2,L1,L1,L1,L2,L2,L1,C1_1,D1_3,F1_3,L1,L2,,,
336251,L2,L1,L2,L1,L1,L1,L2,L2,L1,C1_1,D1_3,F1_3,L1,L3,,,
336252,L2,L1,L2,L1,L1,L1,L2,L2,L1,C1_1,D1_3,F1_3,L2,L1,,,
336253,L2,L1,L2,L1,L1,L1,L2,L2,L1,C1_1,D1_3,F1_3,L2,L2,,,
336254,L2,L1,L2,L1,L1,L1,L2,L2,L1,C1_1,D1_3,F1_3,L2,L3,,,
336255,L2,L1,L2,L1,L1,L1,L2,L2,L1,C1_1,D1_3,F1_3,L3,L1,,,
336256,L2,L1,L2,L1,L1,L1,L2,L2,L1,C1_1,D1_3,F1_3,L3,L2,,,
336257,L2,L1,L2,L1,L1,L1,L2,L2,L1,C1_1,D1_3,F1_3,L3,L3,,,
336258,L2,L1,L2,L1,L1,L1,L2,L2,L1,C1_2,D1_1,F1_1,L1,L1,,,
336259,L2,L1,L2,L1,L1,L1,L2,L2,L1,C1_2,D1_1,F1_1,L1,L2,,,
336260,L2,L1,L2,L1,L1,L1,L2,L2,L1,C1_2,D1_1,F1_1,L1,L3,,,
336261,L2,L1,L2,L1,L1,L1,L2,L2,L1,C1_2,D1_1,F1_1,L2,L1,,,
336262,L2,L1,L2,L1,L1,L1,L2,L2,L1,C1_2,D1_1,F1_1,L2,L2,,,
336263,L2,L1,L2,L1,L1,L1,L2,L2,L1,C1_2,D1_1,F1_1,L2,L3,,,
336264,L2,L1,L2,L1,L1,L1,L2,L2,L1,C1_2,D1_1,F1_1,L3,L1,,,
336265,L2,L1,L2,L1,L1,L1,L2,L2,L1,C1_2,D1_1,F1_1,L3,L2,,,
336266,L2,L1,L2,L1,L1,L1,L2,L2,L1,C1_2,D1_1,F1_1,L3,L3,,,
336267,L2,L1,L2,L1,L1,L1,L2,L2,L1,C1_2,D1_1,F1_2,L1,L1,,,
336268,L2,L1,L2,L1,L1,L1,L2,L2,L1,C1_2,D1_1,F1_2,L1,L2,,,
336269,L2,L1,L2,L1,L1,L1,L2,L2,L1,C1_2,D1_1,F1_2,L1,L3,,,
336270,L2,L1,L2,L1,L1,L1,L2,L2,L1,C1_2,D1_1,F1_2,L2,L1,,,
336271,L2,L1,L2,L1,L1,L1,L2,L2,L1,C1_2,D1_1,F1_2,L2,L2,,,
336272,L2,L1,L2,L1,L1,L1,L2,L2,L1,C1_2,D1_1,F1_2,L2,L3,,,
336273,L2,L1,L2,L1,L1,L1,L2,L2,L1,C1_2,D1_1,F1_2,L3,L1,,,
336274,L2,L1,L2,L1,L1,L1,L2,L2,L1,C1_2,D1_1,F1_2,L3,L2,,,
336275,L2,L1,L2,L1,L1,L1,L2,L2,L1,C1_2,D1_1,F1_2,L3,L3,,,
336276,L2,L1,L2,L1,L1,L1,L2,L2,L1,C1_2,D1_1,F1_3,L1,L1,,,
336277,L2,L1,L2,L1,L1,L1,L2,L2,L1,C1_2,D1_1,F1_3,L1,L2,,,
336278,L2,L1,L2,L1,L1,L1,L2,L2,L1,C1_2,D1_1,F1_3,L1,L3,,,
336279,L2,L1,L2,L1,L1,L1,L2,L2,L1,C1_2,D1_1,F1_3,L2,L1,,,
336280,L2,L1,L2,L1,L1,L1,L2,L2,L1,C1_2,D1_1,F1_3,L2,L2,,,
336281,L2,L1,L2,L1,L1,L1,L2,L2,L1,C1_2,D1_1,F1_3,L2,L3,,,
336282,L2,L1,L2,L1,L1,L1,L2,L2,L1,C1_2,D1_1,F1_3,L3,L1,,,
336283,L2,L1,L2,L1,L1,L1,L2,L2,L1,C1_2,D1_1,F1_3,L3,L2,,,
336284,L2,L1,L2,L1,L1,L1,L2,L2,L1,C1_2,D1_1,F1_3,L3,L3,,,
336285,L2,L1,L2,L1,L1,L1,L2,L2,L1,C1_2,D1_2,F1_1,L1,L1,,,
336286,L2,L1,L2,L1,L1,L1,L2,L2,L1,C1_2,D1_2,F1_1,L1,L2,,,
336287,L2,L1,L2,L1,L1,L1,L2,L2,L1,C1_2,D1_2,F1_1,L1,L3,,,
336288,L2,L1,L2,L1,L1,L1,L2,L2,L1,C1_2,D1_2,F1_1,L2,L1,,,
336289,L2,L1,L2,L1,L1,L1,L2,L2,L1,C1_2,D1_2,F1_1,L2,L2,,,
336290,L2,L1,L2,L1,L1,L1,L2,L2,L1,C1_2,D1_2,F1_1,L2,L3,,,
336291,L2,L1,L2,L1,L1,L1,L2,L2,L1,C1_2,D1_2,F1_1,L3,L1,,,
336292,L2,L1,L2,L1,L1,L1,L2,L2,L1,C1_2,D1_2,F1_1,L3,L2,,,
336293,L2,L1,L2,L1,L1,L1,L2,L2,L1,C1_2,D1_2,F1_1,L3,L3,,,
336294,L2,L1,L2,L1,L1,L1,L2,L2,L1,C1_2,D1_2,F1_2,L1,L1,,,
336295,L2,L1,L2,L1,L1,L1,L2,L2,L1,C1_2,D1_2,F1_2,L1,L2,,,
336296,L2,L1,L2,L1,L1,L1,L2,L2,L1,C1_2,D1_2,F1_2,L1,L3,,,
336297,L2,L1,L2,L1,L1,L1,L2,L2,L1,C1_2,D1_2,F1_2,L2,L1,,,
336298,L2,L1,L2,L1,L1,L1,L2,L2,L1,C1_2,D1_2,F1_2,L2,L2,,,
336299,L2,L1,L2,L1,L1,L1,L2,L2,L1,C1_2,D1_2,F1_2,L2,L3,,,
336300,L2,L1,L2,L1,L1,L1,L2,L2,L1,C1_2,D1_2,F1_2,L3,L1,,,
336301,L2,L1,L2,L1,L1,L1,L2,L2,L1,C1_2,D1_2,F1_2,L3,L2,,,
336302,L2,L1,L2,L1,L1,L1,L2,L2,L1,C1_2,D1_2,F1_2,L3,L3,,,
336303,L2,L1,L2,L1,L1,L1,L2,L2,L1,C1_2,D1_2,F1_3,L1,L1,,,
336304,L2,L1,L2,L1,L1,L1,L2,L2,L1,C1_2,D1_2,F1_3,L1,L2,,,
336305,L2,L1,L2,L1,L1,L1,L2,L2,L1,C1_2,D1_2,F1_3,L1,L3,,,
336306,L2,L1,L2,L1,L1,L1,L2,L2,L1,C1_2,D1_2,F1_3,L2,L1,,,
336307,L2,L1,L2,L1,L1,L1,L2,L2,L1,C1_2,D1_2,F1_3,L2,L2,,,
336308,L2,L1,L2,L1,L1,L1,L2,L2,L1,C1_2,D1_2,F1_3,L2,L3,,,
336309,L2,L1,L2,L1,L1,L1,L2,L2,L1,C1_2,D1_2,F1_3,L3,L1,,,
336310,L2,L1,L2,L1,L1,L1,L2,L2,L1,C1_2,D1_2,F1_3,L3,L2,,,
336311,L2,L1,L2,L1,L1,L1,L2,L2,L1,C1_2,D1_2,F1_3,L3,L3,,,
336312,L2,L1,L2,L1,L1,L1,L2,L2,L1,C1_2,D1_3,F1_1,L1,L1,,,
336313,L2,L1,L2,L1,L1,L1,L2,L2,L1,C1_2,D1_3,F1_1,L1,L2,,,
336314,L2,L1,L2,L1,L1,L1,L2,L2,L1,C1_2,D1_3,F1_1,L1,L3,,,
336315,L2,L1,L2,L1,L1,L1,L2,L2,L1,C1_2,D1_3,F1_1,L2,L1,,,
336316,L2,L1,L2,L1,L1,L1,L2,L2,L1,C1_2,D1_3,F1_1,L2,L2,,,
336317,L2,L1,L2,L1,L1,L1,L2,L2,L1,C1_2,D1_3,F1_1,L2,L3,,,
336318,L2,L1,L2,L1,L1,L1,L2,L2,L1,C1_2,D1_3,F1_1,L3,L1,,,
336319,L2,L1,L2,L1,L1,L1,L2,L2,L1,C1_2,D1_3,F1_1,L3,L2,,,
336320,L2,L1,L2,L1,L1,L1,L2,L2,L1,C1_2,D1_3,F1_1,L3,L3,,,
336321,L2,L1,L2,L1,L1,L1,L2,L2,L1,C1_2,D1_3,F1_2,L1,L1,,,
336322,L2,L1,L2,L1,L1,L1,L2,L2,L1,C1_2,D1_3,F1_2,L1,L2,,,
336323,L2,L1,L2,L1,L1,L1,L2,L2,L1,C1_2,D1_3,F1_2,L1,L3,,,
336324,L2,L1,L2,L1,L1,L1,L2,L2,L1,C1_2,D1_3,F1_2,L2,L1,,,
336325,L2,L1,L2,L1,L1,L1,L2,L2,L1,C1_2,D1_3,F1_2,L2,L2,,,
336326,L2,L1,L2,L1,L1,L1,L2,L2,L1,C1_2,D1_3,F1_2,L2,L3,,,
336327,L2,L1,L2,L1,L1,L1,L2,L2,L1,C1_2,D1_3,F1_2,L3,L1,,,
336328,L2,L1,L2,L1,L1,L1,L2,L2,L1,C1_2,D1_3,F1_2,L3,L2,,,
336329,L2,L1,L2,L1,L1,L1,L2,L2,L1,C1_2,D1_3,F1_2,L3,L3,,,
336330,L2,L1,L2,L1,L1,L1,L2,L2,L1,C1_2,D1_3,F1_3,L1,L1,,,
336331,L2,L1,L2,L1,L1,L1,L2,L2,L1,C1_2,D1_3,F1_3,L1,L2,,,
336332,L2,L1,L2,L1,L1,L1,L2,L2,L1,C1_2,D1_3,F1_3,L1,L3,,,
336333,L2,L1,L2,L1,L1,L1,L2,L2,L1,C1_2,D1_3,F1_3,L2,L1,,,
336334,L2,L1,L2,L1,L1,L1,L2,L2,L1,C1_2,D1_3,F1_3,L2,L2,,,
336335,L2,L1,L2,L1,L1,L1,L2,L2,L1,C1_2,D1_3,F1_3,L2,L3,,,
336336,L2,L1,L2,L1,L1,L1,L2,L2,L1,C1_2,D1_3,F1_3,L3,L1,,,
336337,L2,L1,L2,L1,L1,L1,L2,L2,L1,C1_2,D1_3,F1_3,L3,L2,,,
336338,L2,L1,L2,L1,L1,L1,L2,L2,L1,C1_2,D1_3,F1_3,L3,L3,,,
336339,L2,L1,L2,L1,L1,L1,L2,L2,L1,C1_3,D1_1,F1_1,L1,L1,,,
336340,L2,L1,L2,L1,L1,L1,L2,L2,L1,C1_3,D1_1,F1_1,L1,L2,,,
336341,L2,L1,L2,L1,L1,L1,L2,L2,L1,C1_3,D1_1,F1_1,L1,L3,,,
336342,L2,L1,L2,L1,L1,L1,L2,L2,L1,C1_3,D1_1,F1_1,L2,L1,,,
336343,L2,L1,L2,L1,L1,L1,L2,L2,L1,C1_3,D1_1,F1_1,L2,L2,,,
336344,L2,L1,L2,L1,L1,L1,L2,L2,L1,C1_3,D1_1,F1_1,L2,L3,,,
336345,L2,L1,L2,L1,L1,L1,L2,L2,L1,C1_3,D1_1,F1_1,L3,L1,,,
336346,L2,L1,L2,L1,L1,L1,L2,L2,L1,C1_3,D1_1,F1_1,L3,L2,,,
336347,L2,L1,L2,L1,L1,L1,L2,L2,L1,C1_3,D1_1,F1_1,L3,L3,,,
336348,L2,L1,L2,L1,L1,L1,L2,L2,L1,C1_3,D1_1,F1_2,L1,L1,,,
336349,L2,L1,L2,L1,L1,L1,L2,L2,L1,C1_3,D1_1,F1_2,L1,L2,,,
336350,L2,L1,L2,L1,L1,L1,L2,L2,L1,C1_3,D1_1,F1_2,L1,L3,,,
336351,L2,L1,L2,L1,L1,L1,L2,L2,L1,C1_3,D1_1,F1_2,L2,L1,,,
336352,L2,L1,L2,L1,L1,L1,L2,L2,L1,C1_3,D1_1,F1_2,L2,L2,,,
336353,L2,L1,L2,L1,L1,L1,L2,L2,L1,C1_3,D1_1,F1_2,L2,L3,,,
336354,L2,L1,L2,L1,L1,L1,L2,L2,L1,C1_3,D1_1,F1_2,L3,L1,,,
336355,L2,L1,L2,L1,L1,L1,L2,L2,L1,C1_3,D1_1,F1_2,L3,L2,,,
336356,L2,L1,L2,L1,L1,L1,L2,L2,L1,C1_3,D1_1,F1_2,L3,L3,,,
336357,L2,L1,L2,L1,L1,L1,L2,L2,L1,C1_3,D1_1,F1_3,L1,L1,,,
336358,L2,L1,L2,L1,L1,L1,L2,L2,L1,C1_3,D1_1,F1_3,L1,L2,,,
336359,L2,L1,L2,L1,L1,L1,L2,L2,L1,C1_3,D1_1,F1_3,L1,L3,,,
336360,L2,L1,L2,L1,L1,L1,L2,L2,L1,C1_3,D1_1,F1_3,L2,L1,,,
336361,L2,L1,L2,L1,L1,L1,L2,L2,L1,C1_3,D1_1,F1_3,L2,L2,,,
336362,L2,L1,L2,L1,L1,L1,L2,L2,L1,C1_3,D1_1,F1_3,L2,L3,,,
336363,L2,L1,L2,L1,L1,L1,L2,L2,L1,C1_3,D1_1,F1_3,L3,L1,,,
336364,L2,L1,L2,L1,L1,L1,L2,L2,L1,C1_3,D1_1,F1_3,L3,L2,,,
336365,L2,L1,L2,L1,L1,L1,L2,L2,L1,C1_3,D1_1,F1_3,L3,L3,,,
336366,L2,L1,L2,L1,L1,L1,L2,L2,L1,C1_3,D1_2,F1_1,L1,L1,,,
336367,L2,L1,L2,L1,L1,L1,L2,L2,L1,C1_3,D1_2,F1_1,L1,L2,,,
336368,L2,L1,L2,L1,L1,L1,L2,L2,L1,C1_3,D1_2,F1_1,L1,L3,,,
336369,L2,L1,L2,L1,L1,L1,L2,L2,L1,C1_3,D1_2,F1_1,L2,L1,,,
336370,L2,L1,L2,L1,L1,L1,L2,L2,L1,C1_3,D1_2,F1_1,L2,L2,,,
336371,L2,L1,L2,L1,L1,L1,L2,L2,L1,C1_3,D1_2,F1_1,L2,L3,,,
336372,L2,L1,L2,L1,L1,L1,L2,L2,L1,C1_3,D1_2,F1_1,L3,L1,,,
336373,L2,L1,L2,L1,L1,L1,L2,L2,L1,C1_3,D1_2,F1_1,L3,L2,,,
336374,L2,L1,L2,L1,L1,L1,L2,L2,L1,C1_3,D1_2,F1_1,L3,L3,,,
336375,L2,L1,L2,L1,L1,L1,L2,L2,L1,C1_3,D1_2,F1_2,L1,L1,,,
336376,L2,L1,L2,L1,L1,L1,L2,L2,L1,C1_3,D1_2,F1_2,L1,L2,,,
336377,L2,L1,L2,L1,L1,L1,L2,L2,L1,C1_3,D1_2,F1_2,L1,L3,,,
336378,L2,L1,L2,L1,L1,L1,L2,L2,L1,C1_3,D1_2,F1_2,L2,L1,,,
336379,L2,L1,L2,L1,L1,L1,L2,L2,L1,C1_3,D1_2,F1_2,L2,L2,,,
336380,L2,L1,L2,L1,L1,L1,L2,L2,L1,C1_3,D1_2,F1_2,L2,L3,,,
336381,L2,L1,L2,L1,L1,L1,L2,L2,L1,C1_3,D1_2,F1_2,L3,L1,,,
336382,L2,L1,L2,L1,L1,L1,L2,L2,L1,C1_3,D1_2,F1_2,L3,L2,,,
336383,L2,L1,L2,L1,L1,L1,L2,L2,L1,C1_3,D1_2,F1_2,L3,L3,,,
336384,L2,L1,L2,L1,L1,L1,L2,L2,L1,C1_3,D1_2,F1_3,L1,L1,,,
336385,L2,L1,L2,L1,L1,L1,L2,L2,L1,C1_3,D1_2,F1_3,L1,L2,,,
336386,L2,L1,L2,L1,L1,L1,L2,L2,L1,C1_3,D1_2,F1_3,L1,L3,,,
336387,L2,L1,L2,L1,L1,L1,L2,L2,L1,C1_3,D1_2,F1_3,L2,L1,,,
336388,L2,L1,L2,L1,L1,L1,L2,L2,L1,C1_3,D1_2,F1_3,L2,L2,,,
336389,L2,L1,L2,L1,L1,L1,L2,L2,L1,C1_3,D1_2,F1_3,L2,L3,,,
336390,L2,L1,L2,L1,L1,L1,L2,L2,L1,C1_3,D1_2,F1_3,L3,L1,,,
336391,L2,L1,L2,L1,L1,L1,L2,L2,L1,C1_3,D1_2,F1_3,L3,L2,,,
336392,L2,L1,L2,L1,L1,L1,L2,L2,L1,C1_3,D1_2,F1_3,L3,L3,,,
336393,L2,L1,L2,L1,L1,L1,L2,L2,L1,C1_3,D1_3,F1_1,L1,L1,,,
336394,L2,L1,L2,L1,L1,L1,L2,L2,L1,C1_3,D1_3,F1_1,L1,L2,,,
336395,L2,L1,L2,L1,L1,L1,L2,L2,L1,C1_3,D1_3,F1_1,L1,L3,,,
336396,L2,L1,L2,L1,L1,L1,L2,L2,L1,C1_3,D1_3,F1_1,L2,L1,,,
336397,L2,L1,L2,L1,L1,L1,L2,L2,L1,C1_3,D1_3,F1_1,L2,L2,,,
336398,L2,L1,L2,L1,L1,L1,L2,L2,L1,C1_3,D1_3,F1_1,L2,L3,,,
336399,L2,L1,L2,L1,L1,L1,L2,L2,L1,C1_3,D1_3,F1_1,L3,L1,,,
336400,L2,L1,L2,L1,L1,L1,L2,L2,L1,C1_3,D1_3,F1_1,L3,L2,,,
336401,L2,L1,L2,L1,L1,L1,L2,L2,L1,C1_3,D1_3,F1_1,L3,L3,,,
336402,L2,L1,L2,L1,L1,L1,L2,L2,L1,C1_3,D1_3,F1_2,L1,L1,,,
336403,L2,L1,L2,L1,L1,L1,L2,L2,L1,C1_3,D1_3,F1_2,L1,L2,,,
336404,L2,L1,L2,L1,L1,L1,L2,L2,L1,C1_3,D1_3,F1_2,L1,L3,,,
336405,L2,L1,L2,L1,L1,L1,L2,L2,L1,C1_3,D1_3,F1_2,L2,L1,,,
336406,L2,L1,L2,L1,L1,L1,L2,L2,L1,C1_3,D1_3,F1_2,L2,L2,,,
336407,L2,L1,L2,L1,L1,L1,L2,L2,L1,C1_3,D1_3,F1_2,L2,L3,,,
336408,L2,L1,L2,L1,L1,L1,L2,L2,L1,C1_3,D1_3,F1_2,L3,L1,,,
336409,L2,L1,L2,L1,L1,L1,L2,L2,L1,C1_3,D1_3,F1_2,L3,L2,,,
336410,L2,L1,L2,L1,L1,L1,L2,L2,L1,C1_3,D1_3,F1_2,L3,L3,,,
336411,L2,L1,L2,L1,L1,L1,L2,L2,L1,C1_3,D1_3,F1_3,L1,L1,,,
336412,L2,L1,L2,L1,L1,L1,L2,L2,L1,C1_3,D1_3,F1_3,L1,L2,,,
336413,L2,L1,L2,L1,L1,L1,L2,L2,L1,C1_3,D1_3,F1_3,L1,L3,,,
336414,L2,L1,L2,L1,L1,L1,L2,L2,L1,C1_3,D1_3,F1_3,L2,L1,,,
336415,L2,L1,L2,L1,L1,L1,L2,L2,L1,C1_3,D1_3,F1_3,L2,L2,,,
336416,L2,L1,L2,L1,L1,L1,L2,L2,L1,C1_3,D1_3,F1_3,L2,L3,,,
336417,L2,L1,L2,L1,L1,L1,L2,L2,L1,C1_3,D1_3,F1_3,L3,L1,,,
336418,L2,L1,L2,L1,L1,L1,L2,L2,L1,C1_3,D1_3,F1_3,L3,L2,,,
336419,L2,L1,L2,L1,L1,L1,L2,L2,L1,C1_3,D1_3,F1_3,L3,L3,,,
360477,L3,L2,L1,L1,L3,L1,L2,L2,L1,C1_1,D1_1,F1_1,L1,L1,,,
360478,L3,L2,L1,L1,L3,L1,L2,L2,L1,C1_1,D1_1,F1_1,L1,L2,,,
360479,L3,L2,L1,L1,L3,L1,L2,L2,L1,C1_1,D1_1,F1_1,L1,L3,,,
360480,L3,L2,L1,L1,L3,L1,L2,L2,L1,C1_1,D1_1,F1_1,L2,L1,,,
360481,L3,L2,L1,L1,L3,L1,L2,L2,L1,C1_1,D1_1,F1_1,L2,L2,,,
360482,L3,L2,L1,L1,L3,L1,L2,L2,L1,C1_1,D1_1,F1_1,L2,L3,,,
360483,L3,L2,L1,L1,L3,L1,L2,L2,L1,C1_1,D1_1,F1_1,L3,L1,,,
360484,L3,L2,L1,L1,L3,L1,L2,L2,L1,C1_1,D1_1,F1_1,L3,L2,,,
360485,L3,L2,L1,L1,L3,L1,L2,L2,L1,C1_1,D1_1,F1_1,L3,L3,,,
360486,L3,L2,L1,L1,L3,L1,L2,L2,L1,C1_1,D1_1,F1_2,L1,L1,,,
360487,L3,L2,L1,L1,L3,L1,L2,L2,L1,C1_1,D1_1,F1_2,L1,L2,,,
360488,L3,L2,L1,L1,L3,L1,L2,L2,L1,C1_1,D1_1,F1_2,L1,L3,,,
360489,L3,L2,L1,L1,L3,L1,L2,L2,L1,C1_1,D1_1,F1_2,L2,L1,,,
360490,L3,L2,L1,L1,L3,L1,L2,L2,L1,C1_1,D1_1,F1_2,L2,L2,,,
360491,L3,L2,L1,L1,L3,L1,L2,L2,L1,C1_1,D1_1,F1_2,L2,L3,,,
360492,L3,L2,L1,L1,L3,L1,L2,L2,L1,C1_1,D1_1,F1_2,L3,L1,,,
360493,L3,L2,L1,L1,L3,L1,L2,L2,L1,C1_1,D1_1,F1_2,L3,L2,,,
360494,L3,L2,L1,L1,L3,L1,L2,L2,L1,C1_1,D1_1,F1_2,L3,L3,,,
360495,L3,L2,L1,L1,L3,L1,L2,L2,L1,C1_1,D1_1,F1_3,L1,L1,,,
360496,L3,L2,L1,L1,L3,L1,L2,L2,L1,C1_1,D1_1,F1_3,L1,L2,,,
360497,L3,L2,L1,L1,L3,L1,L2,L2,L1,C1_1,D1_1,F1_3,L1,L3,,,
360498,L3,L2,L1,L1,L3,L1,L2,L2,L1,C1_1,D1_1,F1_3,L2,L1,,,
360499,L3,L2,L1,L1,L3,L1,L2,L2,L1,C1_1,D1_1,F1_3,L2,L2,,,
360500,L3,L2,L1,L1,L3,L1,L2,L2,L1,C1_1,D1_1,F1_3,L2,L3,,,
360501,L3,L2,L1,L1,L3,L1,L2,L2,L1,C1_1,D1_1,F1_3,L3,L1,,,
360502,L3,L2,L1,L1,L3,L1,L2,L2,L1,C1_1,D1_1,F1_3,L3,L2,,,
360503,L3,L2,L1,L1,L3,L1,L2,L2,L1,C1_1,D1_1,F1_3,L3,L3,,,
360504,L3,L2,L1,L1,L3,L1,L2,L2,L1,C1_1,D1_2,F1_1,L1,L1,,,
360505,L3,L2,L1,L1,L3,L1,L2,L2,L1,C1_1,D1_2,F1_1,L1,L2,,,
360506,L3,L2,L1,L1,L3,L1,L2,L2,L1,C1_1,D1_2,F1_1,L1,L3,,,
360507,L3,L2,L1,L1,L3,L1,L2,L2,L1,C1_1,D1_2,F1_1,L2,L1,,,
360508,L3,L2,L1,L1,L3,L1,L2,L2,L1,C1_1,D1_2,F1_1,L2,L2,,,
360509,L3,L2,L1,L1,L3,L1,L2,L2,L1,C1_1,D1_2,F1_1,L2,L3,,,
360510,L3,L2,L1,L1,L3,L1,L2,L2,L1,C1_1,D1_2,F1_1,L3,L1,,,
360511,L3,L2,L1,L1,L3,L1,L2,L2,L1,C1_1,D1_2,F1_1,L3,L2,,,
360512,L3,L2,L1,L1,L3,L1,L2,L2,L1,C1_1,D1_2,F1_1,L3,L3,,,
360513,L3,L2,L1,L1,L3,L1,L2,L2,L1,C1_1,D1_2,F1_2,L1,L1,,,
360514,L3,L2,L1,L1,L3,L1,L2,L2,L1,C1_1,D1_2,F1_2,L1,L2,,,
360515,L3,L2,L1,L1,L3,L1,L2,L2,L1,C1_1,D1_2,F1_2,L1,L3,,,
360516,L3,L2,L1,L1,L3,L1,L2,L2,L1,C1_1,D1_2,F1_2,L2,L1,,,
360517,L3,L2,L1,L1,L3,L1,L2,L2,L1,C1_1,D1_2,F1_2,L2,L2,,,
360518,L3,L2,L1,L1,L3,L1,L2,L2,L1,C1_1,D1_2,F1_2,L2,L3,,,
360519,L3,L2,L1,L1,L3,L1,L2,L2,L1,C1_1,D1_2,F1_2,L3,L1,,,
360520,L3,L2,L1,L1,L3,L1,L2,L2,L1,C1_1,D1_2,F1_2,L3,L2,,,
360521,L3,L2,L1,L1,L3,L1,L2,L2,L1,C1_1,D1_2,F1_2,L3,L3,,,
360522,L3,L2,L1,L1,L3,L1,L2,L2,L1,C1_1,D1_2,F1_3,L1,L1,,,
360523,L3,L2,L1,L1,L3,L1,L2,L2,L1,C1_1,D1_2,F1_3,L1,L2,,,
360524,L3,L2,L1,L1,L3,L1,L2,L2,L1,C1_1,D1_2,F1_3,L1,L3,,,
360525,L3,L2,L1,L1,L3,L1,L2,L2,L1,C1_1,D1_2,F1_3,L2,L1,,,
360526,L3,L2,L1,L1,L3,L1,L2,L2,L1,C1_1,D1_2,F1_3,L2,L2,,,
360527,L3,L2,L1,L1,L3,L1,L2,L2,L1,C1_1,D1_2,F1_3,L2,L3,,,
360528,L3,L2,L1,L1,L3,L1,L2,L2,L1,C1_1,D1_2,F1_3,L3,L1,,,
360529,L3,L2,L1,L1,L3,L1,L2,L2,L1,C1_1,D1_2,F1_3,L3,L2,,,
360530,L3,L2,L1,L1,L3,L1,L2,L2,L1,C1_1,D1_2,F1_3,L3,L3,,,
360531,L3,L2,L1,L1,L3,L1,L2,L2,L1,C1_1,D1_3,F1_1,L1,L1,,,
360532,L3,L2,L1,L1,L3,L1,L2,L2,L1,C1_1,D1_3,F1_1,L1,L2,,,
360533,L3,L2,L1,L1,L3,L1,L2,L2,L1,C1_1,D1_3,F1_1,L1,L3,,,
360534,L3,L2,L1,L1,L3,L1,L2,L2,L1,C1_1,D1_3,F1_1,L2,L1,,,
360535,L3,L2,L1,L1,L3,L1,L2,L2,L1,C1_1,D1_3,F1_1,L2,L2,,,
360536,L3,L2,L1,L1,L3,L1,L2,L2,L1,C1_1,D1_3,F1_1,L2,L3,,,
360537,L3,L2,L1,L1,L3,L1,L2,L2,L1,C1_1,D1_3,F1_1,L3,L1,,,
360538,L3,L2,L1,L1,L3,L1,L2,L2,L1,C1_1,D1_3,F1_1,L3,L2,,,
360539,L3,L2,L1,L1,L3,L1,L2,L2,L1,C1_1,D1_3,F1_1,L3,L3,,,
360540,L3,L2,L1,L1,L3,L1,L2,L2,L1,C1_1,D1_3,F1_2,L1,L1,,,
360541,L3,L2,L1,L1,L3,L1,L2,L2,L1,C1_1,D1_3,F1_2,L1,L2,,,
360542,L3,L2,L1,L1,L3,L1,L2,L2,L1,C1_1,D1_3,F1_2,L1,L3,,,
360543,L3,L2,L1,L1,L3,L1,L2,L2,L1,C1_1,D1_3,F1_2,L2,L1,,,
360544,L3,L2,L1,L1,L3,L1,L2,L2,L1,C1_1,D1_3,F1_2,L2,L2,,,
360545,L3,L2,L1,L1,L3,L1,L2,L2,L1,C1_1,D1_3,F1_2,L2,L3,,,
360546,L3,L2,L1,L1,L3,L1,L2,L2,L1,C1_1,D1_3,F1_2,L3,L1,,,
360547,L3,L2,L1,L1,L3,L1,L2,L2,L1,C1_1,D1_3,F1_2,L3,L2,,,
360548,L3,L2,L1,L1,L3,L1,L2,L2,L1,C1_1,D1_3,F1_2,L3,L3,,,
360549,L3,L2,L1,L1,L3,L1,L2,L2,L1,C1_1,D1_3,F1_3,L1,L1,,,
360550,L3,L2,L1,L1,L3,L1,L2,L2,L1,C1_1,D1_3,F1_3,L1,L2,,,
360551,L3,L2,L1,L1,L3,L1,L2,L2,L1,C1_1,D1_3,F1_3,L1,L3,,,
360552,L3,L2,L1,L1,L3,L1,L2,L2,L1,C1_1,D1_3,F1_3,L2,L1,,,
360553,L3,L2,L1,L1,L3,L1,L2,L2,L1,C1_1,D1_3,F1_3,L2,L2,,,
360554,L3,L2,L1,L1,L3,L1,L2,L2,L1,C1_1,D1_3,F1_3,L2,L3,,,
360555,L3,L2,L1,L1,L3,L1,L2,L2,L1,C1_1,D1_3,F1_3,L3,L1,,,
360556,L3,L2,L1,L1,L3,L1,L2,L2,L1,C1_1,D1_3,F1_3,L3,L2,,,
360557,L3,L2,L1,L1,L3,L1,L2,L2,L1,C1_1,D1_3,F1_3,L3,L3,,,
360558,L3,L2,L1,L1,L3,L1,L2,L2,L1,C1_2,D1_1,F1_1,L1,L1,,,
360559,L3,L2,L1,L1,L3,L1,L2,L2,L1,C1_2,D1_1,F1_1,L1,L2,,,
360560,L3,L2,L1,L1,L3,L1,L2,L2,L1,C1_2,D1_1,F1_1,L1,L3,,,
360561,L3,L2,L1,L1,L3,L1,L2,L2,L1,C1_2,D1_1,F1_1,L2,L1,,,
360562,L3,L2,L1,L1,L3,L1,L2,L2,L1,C1_2,D1_1,F1_1,L2,L2,,,
360563,L3,L2,L1,L1,L3,L1,L2,L2,L1,C1_2,D1_1,F1_1,L2,L3,,,
360564,L3,L2,L1,L1,L3,L1,L2,L2,L1,C1_2,D1_1,F1_1,L3,L1,,,
360565,L3,L2,L1,L1,L3,L1,L2,L2,L1,C1_2,D1_1,F1_1,L3,L2,,,
360566,L3,L2,L1,L1,L3,L1,L2,L2,L1,C1_2,D1_1,F1_1,L3,L3,,,
360567,L3,L2,L1,L1,L3,L1,L2,L2,L1,C1_2,D1_1,F1_2,L1,L1,,,
360568,L3,L2,L1,L1,L3,L1,L2,L2,L1,C1_2,D1_1,F1_2,L1,L2,,,
360569,L3,L2,L1,L1,L3,L1,L2,L2,L1,C1_2,D1_1,F1_2,L1,L3,,,
360570,L3,L2,L1,L1,L3,L1,L2,L2,L1,C1_2,D1_1,F1_2,L2,L1,,,
360571,L3,L2,L1,L1,L3,L1,L2,L2,L1,C1_2,D1_1,F1_2,L2,L2,,,
360572,L3,L2,L1,L1,L3,L1,L2,L2,L1,C1_2,D1_1,F1_2,L2,L3,,,
360573,L3,L2,L1,L1,L3,L1,L2,L2,L1,C1_2,D1_1,F1_2,L3,L1,,,
360574,L3,L2,L1,L1,L3,L1,L2,L2,L1,C1_2,D1_1,F1_2,L3,L2,,,
360575,L3,L2,L1,L1,L3,L1,L2,L2,L1,C1_2,D1_1,F1_2,L3,L3,,,
360576,L3,L2,L1,L1,L3,L1,L2,L2,L1,C1_2,D1_1,F1_3,L1,L1,,,
360577,L3,L2,L1,L1,L3,L1,L2,L2,L1,C1_2,D1_1,F1_3,L1,L2,,,
360578,L3,L2,L1,L1,L3,L1,L2,L2,L1,C1_2,D1_1,F1_3,L1,L3,,,
360579,L3,L2,L1,L1,L3,L1,L2,L2,L1,C1_2,D1_1,F1_3,L2,L1,,,
360580,L3,L2,L1,L1,L3,L1,L2,L2,L1,C1_2,D1_1,F1_3,L2,L2,,,
360581,L3,L2,L1,L1,L3,L1,L2,L2,L1,C1_2,D1_1,F1_3,L2,L3,,,
360582,L3,L2,L1,L1,L3,L1,L2,L2,L1,C1_2,D1_1,F1_3,L3,L1,,,
360583,L3,L2,L1,L1,L3,L1,L2,L2,L1,C1_2,D1_1,F1_3,L3,L2,,,
360584,L3,L2,L1,L1,L3,L1,L2,L2,L1,C1_2,D1_1,F1_3,L3,L3,,,
360585,L3,L2,L1,L1,L3,L1,L2,L2,L1,C1_2,D1_2,F1_1,L1,L1,,,
360586,L3,L2,L1,L1,L3,L1,L2,L2,L1,C1_2,D1_2,F1_1,L1,L2,,,
360587,L3,L2,L1,L1,L3,L1,L2,L2,L1,C1_2,D1_2,F1_1,L1,L3,,,
360588,L3,L2,L1,L1,L3,L1,L2,L2,L1,C1_2,D1_2,F1_1,L2,L1,,,
360589,L3,L2,L1,L1,L3,L1,L2,L2,L1,C1_2,D1_2,F1_1,L2,L2,,,
360590,L3,L2,L1,L1,L3,L1,L2,L2,L1,C1_2,D1_2,F1_1,L2,L3,,,
360591,L3,L2,L1,L1,L3,L1,L2,L2,L1,C1_2,D1_2,F1_1,L3,L1,,,
360592,L3,L2,L1,L1,L3,L1,L2,L2,L1,C1_2,D1_2,F1_1,L3,L2,,,
360593,L3,L2,L1,L1,L3,L1,L2,L2,L1,C1_2,D1_2,F1_1,L3,L3,,,
360594,L3,L2,L1,L1,L3,L1,L2,L2,L1,C1_2,D1_2,F1_2,L1,L1,,,
360595,L3,L2,L1,L1,L3,L1,L2,L2,L1,C1_2,D1_2,F1_2,L1,L2,,,
360596,L3,L2,L1,L1,L3,L1,L2,L2,L1,C1_2,D1_2,F1_2,L1,L3,,,
360597,L3,L2,L1,L1,L3,L1,L2,L2,L1,C1_2,D1_2,F1_2,L2,L1,,,
360598,L3,L2,L1,L1,L3,L1,L2,L2,L1,C1_2,D1_2,F1_2,L2,L2,,,
360599,L3,L2,L1,L1,L3,L1,L2,L2,L1,C1_2,D1_2,F1_2,L2,L3,,,
360600,L3,L2,L1,L1,L3,L1,L2,L2,L1,C1_2,D1_2,F1_2,L3,L1,,,
360601,L3,L2,L1,L1,L3,L1,L2,L2,L1,C1_2,D1_2,F1_2,L3,L2,,,
360602,L3,L2,L1,L1,L3,L1,L2,L2,L1,C1_2,D1_2,F1_2,L3,L3,,,
360603,L3,L2,L1,L1,L3,L1,L2,L2,L1,C1_2,D1_2,F1_3,L1,L1,,,
360604,L3,L2,L1,L1,L3,L1,L2,L2,L1,C1_2,D1_2,F1_3,L1,L2,,,
360605,L3,L2,L1,L1,L3,L1,L2,L2,L1,C1_2,D1_2,F1_3,L1,L3,,,
360606,L3,L2,L1,L1,L3,L1,L2,L2,L1,C1_2,D1_2,F1_3,L2,L1,,,
360607,L3,L2,L1,L1,L3,L1,L2,L2,L1,C1_2,D1_2,F1_3,L2,L2,,,
360608,L3,L2,L1,L1,L3,L1,L2,L2,L1,C1_2,D1_2,F1_3,L2,L3,,,
360609,L3,L2,L1,L1,L3,L1,L2,L2,L1,C1_2,D1_2,F1_3,L3,L1,,,
360610,L3,L2,L1,L1,L3,L1,L2,L2,L1,C1_2,D1_2,F1_3,L3,L2,,,
360611,L3,L2,L1,L1,L3,L1,L2,L2,L1,C1_2,D1_2,F1_3,L3,L3,,,
360612,L3,L2,L1,L1,L3,L1,L2,L2,L1,C1_2,D1_3,F1_1,L1,L1,,,
360613,L3,L2,L1,L1,L3,L1,L2,L2,L1,C1_2,D1_3,F1_1,L1,L2,,,
360614,L3,L2,L1,L1,L3,L1,L2,L2,L1,C1_2,D1_3,F1_1,L1,L3,,,
360615,L3,L2,L1,L1,L3,L1,L2,L2,L1,C1_2,D1_3,F1_1,L2,L1,,,
360616,L3,L2,L1,L1,L3,L1,L2,L2,L1,C1_2,D1_3,F1_1,L2,L2,,,
360617,L3,L2,L1,L1,L3,L1,L2,L2,L1,C1_2,D1_3,F1_1,L2,L3,,,
360618,L3,L2,L1,L1,L3,L1,L2,L2,L1,C1_2,D1_3,F1_1,L3,L1,,,
360619,L3,L2,L1,L1,L3,L1,L2,L2,L1,C1_2,D1_3,F1_1,L3,L2,,,
360620,L3,L2,L1,L1,L3,L1,L2,L2,L1,C1_2,D1_3,F1_1,L3,L3,,,
360621,L3,L2,L1,L1,L3,L1,L2,L2,L1,C1_2,D1_3,F1_2,L1,L1,,,
360622,L3,L2,L1,L1,L3,L1,L2,L2,L1,C1_2,D1_3,F1_2,L1,L2,,,
360623,L3,L2,L1,L1,L3,L1,L2,L2,L1,C1_2,D1_3,F1_2,L1,L3,,,
360624,L3,L2,L1,L1,L3,L1,L2,L2,L1,C1_2,D1_3,F1_2,L2,L1,,,
360625,L3,L2,L1,L1,L3,L1,L2,L2,L1,C1_2,D1_3,F1_2,L2,L2,,,
360626,L3,L2,L1,L1,L3,L1,L2,L2,L1,C1_2,D1_3,F1_2,L2,L3,,,
360627,L3,L2,L1,L1,L3,L1,L2,L2,L1,C1_2,D1_3,F1_2,L3,L1,,,
360628,L3,L2,L1,L1,L3,L1,L2,L2,L1,C1_2,D1_3,F1_2,L3,L2,,,
360629,L3,L2,L1,L1,L3,L1,L2,L2,L1,C1_2,D1_3,F1_2,L3,L3,,,
360630,L3,L2,L1,L1,L3,L1,L2,L2,L1,C1_2,D1_3,F1_3,L1,L1,,,
360631,L3,L2,L1,L1,L3,L1,L2,L2,L1,C1_2,D1_3,F1_3,L1,L2,,,
360632,L3,L2,L1,L1,L3,L1,L2,L2,L1,C1_2,D1_3,F1_3,L1,L3,,,
360633,L3,L2,L1,L1,L3,L1,L2,L2,L1,C1_2,D1_3,F1_3,L2,L1,,,
360634,L3,L2,L1,L1,L3,L1,L2,L2,L1,C1_2,D1_3,F1_3,L2,L2,,,
360635,L3,L2,L1,L1,L3,L1,L2,L2,L1,C1_2,D1_3,F1_3,L2,L3,,,
360636,L3,L2,L1,L1,L3,L1,L2,L2,L1,C1_2,D1_3,F1_3,L3,L1,,,
360637,L3,L2,L1,L1,L3,L1,L2,L2,L1,C1_2,D1_3,F1_3,L3,L2,,,
360638,L3,L2,L1,L1,L3,L1,L2,L2,L1,C1_2,D1_3,F1_3,L3,L3,,,
360639,L3,L2,L1,L1,L3,L1,L2,L2,L1,C1_3,D1_1,F1_1,L1,L1,,,
360640,L3,L2,L1,L1,L3,L1,L2,L2,L1,C1_3,D1_1,F1_1,L1,L2,,,
360641,L3,L2,L1,L1,L3,L1,L2,L2,L1,C1_3,D1_1,F1_1,L1,L3,,,
360642,L3,L2,L1,L1,L3,L1,L2,L2,L1,C1_3,D1_1,F1_1,L2,L1,,,
360643,L3,L2,L1,L1,L3,L1,L2,L2,L1,C1_3,D1_1,F1_1,L2,L2,,,
360644,L3,L2,L1,L1,L3,L1,L2,L2,L1,C1_3,D1_1,F1_1,L2,L3,,,
360645,L3,L2,L1,L1,L3,L1,L2,L2,L1,C1_3,D1_1,F1_1,L3,L1,,,
360646,L3,L2,L1,L1,L3,L1,L2,L2,L1,C1_3,D1_1,F1_1,L3,L2,,,
360647,L3,L2,L1,L1,L3,L1,L2,L2,L1,C1_3,D1_1,F1_1,L3,L3,,,
360648,L3,L2,L1,L1,L3,L1,L2,L2,L1,C1_3,D1_1,F1_2,L1,L1,,,
360649,L3,L2,L1,L1,L3,L1,L2,L2,L1,C1_3,D1_1,F1_2,L1,L2,,,
360650,L3,L2,L1,L1,L3,L1,L2,L2,L1,C1_3,D1_1,F1_2,L1,L3,,,
360651,L3,L2,L1,L1,L3,L1,L2,L2,L1,C1_3,D1_1,F1_2,L2,L1,,,
360652,L3,L2,L1,L1,L3,L1,L2,L2,L1,C1_3,D1_1,F1_2,L2,L2,,,
360653,L3,L2,L1,L1,L3,L1,L2,L2,L1,C1_3,D1_1,F1_2,L2,L3,,,
360654,L3,L2,L1,L1,L3,L1,L2,L2,L1,C1_3,D1_1,F1_2,L3,L1,,,
360655,L3,L2,L1,L1,L3,L1,L2,L2,L1,C1_3,D1_1,F1_2,L3,L2,,,
360656,L3,L2,L1,L1,L3,L1,L2,L2,L1,C1_3,D1_1,F1_2,L3,L3,,,
360657,L3,L2,L1,L1,L3,L1,L2,L2,L1,C1_3,D1_1,F1_3,L1,L1,,,
360658,L3,L2,L1,L1,L3,L1,L2,L2,L1,C1_3,D1_1,F1_3,L1,L2,,,
360659,L3,L2,L1,L1,L3,L1,L2,L2,L1,C1_3,D1_1,F1_3,L1,L3,,,
360660,L3,L2,L1,L1,L3,L1,L2,L2,L1,C1_3,D1_1,F1_3,L2,L1,,,
360661,L3,L2,L1,L1,L3,L1,L2,L2,L1,C1_3,D1_1,F1_3,L2,L2,,,
360662,L3,L2,L1,L1,L3,L1,L2,L2,L1,C1_3,D1_1,F1_3,L2,L3,,,
360663,L3,L2,L1,L1,L3,L1,L2,L2,L1,C1_3,D1_1,F1_3,L3,L1,,,
360664,L3,L2,L1,L1,L3,L1,L2,L2,L1,C1_3,D1_1,F1_3,L3,L2,,,
360665,L3,L2,L1,L1,L3,L1,L2,L2,L1,C1_3,D1_1,F1_3,L3,L3,,,
360666,L3,L2,L1,L1,L3,L1,L2,L2,L1,C1_3,D1_2,F1_1,L1,L1,,,
360667,L3,L2,L1,L1,L3,L1,L2,L2,L1,C1_3,D1_2,F1_1,L1,L2,,,
360668,L3,L2,L1,L1,L3,L1,L2,L2,L1,C1_3,D1_2,F1_1,L1,L3,,,
360669,L3,L2,L1,L1,L3,L1,L2,L2,L1,C1_3,D1_2,F1_1,L2,L1,,,
360670,L3,L2,L1,L1,L3,L1,L2,L2,L1,C1_3,D1_2,F1_1,L2,L2,,,
360671,L3,L2,L1,L1,L3,L1,L2,L2,L1,C1_3,D1_2,F1_1,L2,L3,,,
360672,L3,L2,L1,L1,L3,L1,L2,L2,L1,C1_3,D1_2,F1_1,L3,L1,,,
360673,L3,L2,L1,L1,L3,L1,L2,L2,L1,C1_3,D1_2,F1_1,L3,L2,,,
360674,L3,L2,L1,L1,L3,L1,L2,L2,L1,C1_3,D1_2,F1_1,L3,L3,,,
360675,L3,L2,L1,L1,L3,L1,L2,L2,L1,C1_3,D1_2,F1_2,L1,L1,,,
360676,L3,L2,L1,L1,L3,L1,L2,L2,L1,C1_3,D1_2,F1_2,L1,L2,,,
360677,L3,L2,L1,L1,L3,L1,L2,L2,L1,C1_3,D1_2,F1_2,L1,L3,,,
360678,L3,L2,L1,L1,L3,L1,L2,L2,L1,C1_3,D1_2,F1_2,L2,L1,,,
360679,L3,L2,L1,L1,L3,L1,L2,L2,L1,C1_3,D1_2,F1_2,L2,L2,,,
360680,L3,L2,L1,L1,L3,L1,L2,L2,L1,C1_3,D1_2,F1_2,L2,L3,,,
360681,L3,L2,L1,L1,L3,L1,L2,L2,L1,C1_3,D1_2,F1_2,L3,L1,,,
360682,L3,L2,L1,L1,L3,L1,L2,L2,L1,C1_3,D1_2,F1_2,L3,L2,,,
360683,L3,L2,L1,L1,L3,L1,L2,L2,L1,C1_3,D1_2,F1_2,L3,L3,,,
360684,L3,L2,L1,L1,L3,L1,L2,L2,L1,C1_3,D1_2,F1_3,L1,L1,,,
360685,L3,L2,L1,L1,L3,L1,L2,L2,L1,C1_3,D1_2,F1_3,L1,L2,,,
360686,L3,L2,L1,L1,L3,L1,L2,L2,L1,C1_3,D1_2,F1_3,L1,L3,,,
360687,L3,L2,L1,L1,L3,L1,L2,L2,L1,C1_3,D1_2,F1_3,L2,L1,,,
360688,L3,L2,L1,L1,L3,L1,L2,L2,L1,C1_3,D1_2,F1_3,L2,L2,,,
360689,L3,L2,L1,L1,L3,L1,L2,L2,L1,C1_3,D1_2,F1_3,L2,L3,,,
360690,L3,L2,L1,L1,L3,L1,L2,L2,L1,C1_3,D1_2,F1_3,L3,L1,,,
360691,L3,L2,L1,L1,L3,L1,L2,L2,L1,C1_3,D1_2,F1_3,L3,L2,,,
360692,L3,L2,L1,L1,L3,L1,L2,L2,L1,C1_3,D1_2,F1_3,L3,L3,,,
360693,L3,L2,L1,L1,L3,L1,L2,L2,L1,C1_3,D1_3,F1_1,L1,L1,,,
360694,L3,L2,L1,L1,L3,L1,L2,L2,L1,C1_3,D1_3,F1_1,L1,L2,,,
360695,L3,L2,L1,L1,L3,L1,L2,L2,L1,C1_3,D1_3,F1_1,L1,L3,,,
360696,L3,L2,L1,L1,L3,L1,L2,L2,L1,C1_3,D1_3,F1_1,L2,L1,,,
360697,L3,L2,L1,L1,L3,L1,L2,L2,L1,C1_3,D1_3,F1_1,L2,L2,,,
360698,L3,L2,L1,L1,L3,L1,L2,L2,L1,C1_3,D1_3,F1_1,L2,L3,,,
360699,L3,L2,L1,L1,L3,L1,L2,L2,L1,C1_3,D1_3,F1_1,L3,L1,,,
360700,L3,L2,L1,L1,L3,L1,L2,L2,L1,C1_3,D1_3,F1_1,L3,L2,,,
360701,L3,L2,L1,L1,L3,L1,L2,L2,L1,C1_3,D1_3,F1_1,L3,L3,,,
360702,L3,L2,L1,L1,L3,L1,L2,L2,L1,C1_3,D1_3,F1_2,L1,L1,,,
360703,L3,L2,L1,L1,L3,L1,L2,L2,L1,C1_3,D1_3,F1_2,L1,L2,,,
360704,L3,L2,L1,L1,L3,L1,L2,L2,L1,C1_3,D1_3,F1_2,L1,L3,,,
360705,L3,L2,L1,L1,L3,L1,L2,L2,L1,C1_3,D1_3,F1_2,L2,L1,,,
360706,L3,L2,L1,L1,L3,L1,L2,L2,L1,C1_3,D1_3,F1_2,L2,L2,,,
360707,L3,L2,L1,L1,L3,L1,L2,L2,L1,C1_3,D1_3,F1_2,L2,L3,,,
360708,L3,L2,L1,L1,L3,L1,L2,L2,L1,C1_3,D1_3,F1_2,L3,L1,,,
360709,L3,L2,L1,L1,L3,L1,L2,L2,L1,C1_3,D1_3,F1_2,L3,L2,,,
360710,L3,L2,L1,L1,L3,L1,L2,L2,L1,C1_3,D1_3,F1_2,L3,L3,,,
360711,L3,L2,L1,L1,L3,L1,L2,L2,L1,C1_3,D1_3,F1_3,L1,L1,,,
360712,L3,L2,L1,L1,L3,L1,L2,L2,L1,C1_3,D1_3,F1_3,L1,L2,,,
360713,L3,L2,L1,L1,L3,L1,L2,L2,L1,C1_3,D1_3,F1_3,L1,L3,,,
360714,L3,L2,L1,L1,L3,L1,L2,L2,L1,C1_3,D1_3,F1_3,L2,L1,,,
360715,L3,L2,L1,L1,L3,L1,L2,L2,L1,C1_3,D1_3,F1_3,L2,L2,,,
360716,L3,L2,L1,L1,L3,L1,L2,L2,L1,C1_3,D1_3,F1_3,L2,L3,,,
360717,L3,L2,L1,L1,L3,L1,L2,L2,L1,C1_3,D1_3,F1_3,L3,L1,,,
360718,L3,L2,L1,L1,L3,L1,L2,L2,L1,C1_3,D1_3,F1_3,L3,L2,,,
360719,L3,L2,L1,L1,L3,L1,L2,L2,L1,C1_3,D1_3,F1_3,L3,L3,,,
408645,L2,L1,L2,L3,L3,L1,L2,L2,L1,C1_1,D1_1,F1_1,L1,L1,,,
408646,L2,L1,L2,L3,L3,L1,L2,L2,L1,C1_1,D1_1,F1_1,L1,L2,,,
408647,L2,L1,L2,L3,L3,L1,L2,L2,L1,C1_1,D1_1,F1_1,L1,L3,,,
408648,L2,L1,L2,L3,L3,L1,L2,L2,L1,C1_1,D1_1,F1_1,L2,L1,,,
408649,L2,L1,L2,L3,L3,L1,L2,L2,L1,C1_1,D1_1,F1_1,L2,L2,,,
408650,L2,L1,L2,L3,L3,L1,L2,L2,L1,C1_1,D1_1,F1_1,L2,L3,,,
408651,L2,L1,L2,L3,L3,L1,L2,L2,L1,C1_1,D1_1,F1_1,L3,L1,,,
408652,L2,L1,L2,L3,L3,L1,L2,L2,L1,C1_1,D1_1,F1_1,L3,L2,,,
408653,L2,L1,L2,L3,L3,L1,L2,L2,L1,C1_1,D1_1,F1_1,L3,L3,,,
408654,L2,L1,L2,L3,L3,L1,L2,L2,L1,C1_1,D1_1,F1_2,L1,L1,,,
408655,L2,L1,L2,L3,L3,L1,L2,L2,L1,C1_1,D1_1,F1_2,L1,L2,,,
408656,L2,L1,L2,L3,L3,L1,L2,L2,L1,C1_1,D1_1,F1_2,L1,L3,,,
408657,L2,L1,L2,L3,L3,L1,L2,L2,L1,C1_1,D1_1,F1_2,L2,L1,,,
408658,L2,L1,L2,L3,L3,L1,L2,L2,L1,C1_1,D1_1,F1_2,L2,L2,,,
408659,L2,L1,L2,L3,L3,L1,L2,L2,L1,C1_1,D1_1,F1_2,L2,L3,,,
408660,L2,L1,L2,L3,L3,L1,L2,L2,L1,C1_1,D1_1,F1_2,L3,L1,,,
408661,L2,L1,L2,L3,L3,L1,L2,L2,L1,C1_1,D1_1,F1_2,L3,L2,,,
408662,L2,L1,L2,L3,L3,L1,L2,L2,L1,C1_1,D1_1,F1_2,L3,L3,,,
408663,L2,L1,L2,L3,L3,L1,L2,L2,L1,C1_1,D1_1,F1_3,L1,L1,,,
408664,L2,L1,L2,L3,L3,L1,L2,L2,L1,C1_1,D1_1,F1_3,L1,L2,,,
408665,L2,L1,L2,L3,L3,L1,L2,L2,L1,C1_1,D1_1,F1_3,L1,L3,,,
408666,L2,L1,L2,L3,L3,L1,L2,L2,L1,C1_1,D1_1,F1_3,L2,L1,,,
408667,L2,L1,L2,L3,L3,L1,L2,L2,L1,C1_1,D1_1,F1_3,L2,L2,,,
408668,L2,L1,L2,L3,L3,L1,L2,L2,L1,C1_1,D1_1,F1_3,L2,L3,,,
408669,L2,L1,L2,L3,L3,L1,L2,L2,L1,C1_1,D1_1,F1_3,L3,L1,,,
408670,L2,L1,L2,L3,L3,L1,L2,L2,L1,C1_1,D1_1,F1_3,L3,L2,,,
408671,L2,L1,L2,L3,L3,L1,L2,L2,L1,C1_1,D1_1,F1_3,L3,L3,,,
408672,L2,L1,L2,L3,L3,L1,L2,L2,L1,C1_1,D1_2,F1_1,L1,L1,,,
408673,L2,L1,L2,L3,L3,L1,L2,L2,L1,C1_1,D1_2,F1_1,L1,L2,,,
408674,L2,L1,L2,L3,L3,L1,L2,L2,L1,C1_1,D1_2,F1_1,L1,L3,,,
408675,L2,L1,L2,L3,L3,L1,L2,L2,L1,C1_1,D1_2,F1_1,L2,L1,,,
408676,L2,L1,L2,L3,L3,L1,L2,L2,L1,C1_1,D1_2,F1_1,L2,L2,,,
408677,L2,L1,L2,L3,L3,L1,L2,L2,L1,C1_1,D1_2,F1_1,L2,L3,,,
408678,L2,L1,L2,L3,L3,L1,L2,L2,L1,C1_1,D1_2,F1_1,L3,L1,,,
408679,L2,L1,L2,L3,L3,L1,L2,L2,L1,C1_1,D1_2,F1_1,L3,L2,,,
408680,L2,L1,L2,L3,L3,L1,L2,L2,L1,C1_1,D1_2,F1_1,L3,L3,,,
408681,L2,L1,L2,L3,L3,L1,L2,L2,L1,C1_1,D1_2,F1_2,L1,L1,,,
408682,L2,L1,L2,L3,L3,L1,L2,L2,L1,C1_1,D1_2,F1_2,L1,L2,,,
408683,L2,L1,L2,L3,L3,L1,L2,L2,L1,C1_1,D1_2,F1_2,L1,L3,,,
408684,L2,L1,L2,L3,L3,L1,L2,L2,L1,C1_1,D1_2,F1_2,L2,L1,,,
408685,L2,L1,L2,L3,L3,L1,L2,L2,L1,C1_1,D1_2,F1_2,L2,L2,,,
408686,L2,L1,L2,L3,L3,L1,L2,L2,L1,C1_1,D1_2,F1_2,L2,L3,,,
408687,L2,L1,L2,L3,L3,L1,L2,L2,L1,C1_1,D1_2,F1_2,L3,L1,,,
408688,L2,L1,L2,L3,L3,L1,L2,L2,L1,C1_1,D1_2,F1_2,L3,L2,,,
408689,L2,L1,L2,L3,L3,L1,L2,L2,L1,C1_1,D1_2,F1_2,L3,L3,,,
408690,L2,L1,L2,L3,L3,L1,L2,L2,L1,C1_1,D1_2,F1_3,L1,L1,,,
408691,L2,L1,L2,L3,L3,L1,L2,L2,L1,C1_1,D1_2,F1_3,L1,L2,,,
408692,L2,L1,L2,L3,L3,L1,L2,L2,L1,C1_1,D1_2,F1_3,L1,L3,,,
408693,L2,L1,L2,L3,L3,L1,L2,L2,L1,C1_1,D1_2,F1_3,L2,L1,,,
408694,L2,L1,L2,L3,L3,L1,L2,L2,L1,C1_1,D1_2,F1_3,L2,L2,,,
408695,L2,L1,L2,L3,L3,L1,L2,L2,L1,C1_1,D1_2,F1_3,L2,L3,,,
408696,L2,L1,L2,L3,L3,L1,L2,L2,L1,C1_1,D1_2,F1_3,L3,L1,,,
408697,L2,L1,L2,L3,L3,L1,L2,L2,L1,C1_1,D1_2,F1_3,L3,L2,,,
408698,L2,L1,L2,L3,L3,L1,L2,L2,L1,C1_1,D1_2,F1_3,L3,L3,,,
408699,L2,L1,L2,L3,L3,L1,L2,L2,L1,C1_1,D1_3,F1_1,L1,L1,,,
408700,L2,L1,L2,L3,L3,L1,L2,L2,L1,C1_1,D1_3,F1_1,L1,L2,,,
408701,L2,L1,L2,L3,L3,L1,L2,L2,L1,C1_1,D1_3,F1_1,L1,L3,,,
408702,L2,L1,L2,L3,L3,L1,L2,L2,L1,C1_1,D1_3,F1_1,L2,L1,,,
408703,L2,L1,L2,L3,L3,L1,L2,L2,L1,C1_1,D1_3,F1_1,L2,L2,,,
408704,L2,L1,L2,L3,L3,L1,L2,L2,L1,C1_1,D1_3,F1_1,L2,L3,,,
408705,L2,L1,L2,L3,L3,L1,L2,L2,L1,C1_1,D1_3,F1_1,L3,L1,,,
408706,L2,L1,L2,L3,L3,L1,L2,L2,L1,C1_1,D1_3,F1_1,L3,L2,,,
408707,L2,L1,L2,L3,L3,L1,L2,L2,L1,C1_1,D1_3,F1_1,L3,L3,,,
408708,L2,L1,L2,L3,L3,L1,L2,L2,L1,C1_1,D1_3,F1_2,L1,L1,,,
408709,L2,L1,L2,L3,L3,L1,L2,L2,L1,C1_1,D1_3,F1_2,L1,L2,,,
408710,L2,L1,L2,L3,L3,L1,L2,L2,L1,C1_1,D1_3,F1_2,L1,L3,,,
408711,L2,L1,L2,L3,L3,L1,L2,L2,L1,C1_1,D1_3,F1_2,L2,L1,,,
408712,L2,L1,L2,L3,L3,L1,L2,L2,L1,C1_1,D1_3,F1_2,L2,L2,,,
408713,L2,L1,L2,L3,L3,L1,L2,L2,L1,C1_1,D1_3,F1_2,L2,L3,,,
408714,L2,L1,L2,L3,L3,L1,L2,L2,L1,C1_1,D1_3,F1_2,L3,L1,,,
408715,L2,L1,L2,L3,L3,L1,L2,L2,L1,C1_1,D1_3,F1_2,L3,L2,,,
408716,L2,L1,L2,L3,L3,L1,L2,L2,L1,C1_1,D1_3,F1_2,L3,L3,,,
408717,L2,L1,L2,L3,L3,L1,L2,L2,L1,C1_1,D1_3,F1_3,L1,L1,,,
408718,L2,L1,L2,L3,L3,L1,L2,L2,L1,C1_1,D1_3,F1_3,L1,L2,,,
408719,L2,L1,L2,L3,L3,L1,L2,L2,L1,C1_1,D1_3,F1_3,L1,L3,,,
408720,L2,L1,L2,L3,L3,L1,L2,L2,L1,C1_1,D1_3,F1_3,L2,L1,,,
408721,L2,L1,L2,L3,L3,L1,L2,L2,L1,C1_1,D1_3,F1_3,L2,L2,,,
408722,L2,L1,L2,L3,L3,L1,L2,L2,L1,C1_1,D1_3,F1_3,L2,L3,,,
408723,L2,L1,L2,L3,L3,L1,L2,L2,L1,C1_1,D1_3,F1_3,L3,L1,,,
408724,L2,L1,L2,L3,L3,L1,L2,L2,L1,C1_1,D1_3,F1_3,L3,L2,,,
408725,L2,L1,L2,L3,L3,L1,L2,L2,L1,C1_1,D1_3,F1_3,L3,L3,,,
408726,L2,L1,L2,L3,L3,L1,L2,L2,L1,C1_2,D1_1,F1_1,L1,L1,,,
408727,L2,L1,L2,L3,L3,L1,L2,L2,L1,C1_2,D1_1,F1_1,L1,L2,,,
408728,L2,L1,L2,L3,L3,L1,L2,L2,L1,C1_2,D1_1,F1_1,L1,L3,,,
408729,L2,L1,L2,L3,L3,L1,L2,L2,L1,C1_2,D1_1,F1_1,L2,L1,,,
408730,L2,L1,L2,L3,L3,L1,L2,L2,L1,C1_2,D1_1,F1_1,L2,L2,,,
408731,L2,L1,L2,L3,L3,L1,L2,L2,L1,C1_2,D1_1,F1_1,L2,L3,,,
408732,L2,L1,L2,L3,L3,L1,L2,L2,L1,C1_2,D1_1,F1_1,L3,L1,,,
408733,L2,L1,L2,L3,L3,L1,L2,L2,L1,C1_2,D1_1,F1_1,L3,L2,,,
408734,L2,L1,L2,L3,L3,L1,L2,L2,L1,C1_2,D1_1,F1_1,L3,L3,,,
408735,L2,L1,L2,L3,L3,L1,L2,L2,L1,C1_2,D1_1,F1_2,L1,L1,,,
408736,L2,L1,L2,L3,L3,L1,L2,L2,L1,C1_2,D1_1,F1_2,L1,L2,,,
408737,L2,L1,L2,L3,L3,L1,L2,L2,L1,C1_2,D1_1,F1_2,L1,L3,,,
408738,L2,L1,L2,L3,L3,L1,L2,L2,L1,C1_2,D1_1,F1_2,L2,L1,,,
408739,L2,L1,L2,L3,L3,L1,L2,L2,L1,C1_2,D1_1,F1_2,L2,L2,,,
408740,L2,L1,L2,L3,L3,L1,L2,L2,L1,C1_2,D1_1,F1_2,L2,L3,,,
408741,L2,L1,L2,L3,L3,L1,L2,L2,L1,C1_2,D1_1,F1_2,L3,L1,,,
408742,L2,L1,L2,L3,L3,L1,L2,L2,L1,C1_2,D1_1,F1_2,L3,L2,,,
408743,L2,L1,L2,L3,L3,L1,L2,L2,L1,C1_2,D1_1,F1_2,L3,L3,,,
408744,L2,L1,L2,L3,L3,L1,L2,L2,L1,C1_2,D1_1,F1_3,L1,L1,,,
408745,L2,L1,L2,L3,L3,L1,L2,L2,L1,C1_2,D1_1,F1_3,L1,L2,,,
408746,L2,L1,L2,L3,L3,L1,L2,L2,L1,C1_2,D1_1,F1_3,L1,L3,,,
408747,L2,L1,L2,L3,L3,L1,L2,L2,L1,C1_2,D1_1,F1_3,L2,L1,,,
408748,L2,L1,L2,L3,L3,L1,L2,L2,L1,C1_2,D1_1,F1_3,L2,L2,,,
408749,L2,L1,L2,L3,L3,L1,L2,L2,L1,C1_2,D1_1,F1_3,L2,L3,,,
408750,L2,L1,L2,L3,L3,L1,L2,L2,L1,C1_2,D1_1,F1_3,L3,L1,,,
408751,L2,L1,L2,L3,L3,L1,L2,L2,L1,C1_2,D1_1,F1_3,L3,L2,,,
408752,L2,L1,L2,L3,L3,L1,L2,L2,L1,C1_2,D1_1,F1_3,L3,L3,,,
408753,L2,L1,L2,L3,L3,L1,L2,L2,L1,C1_2,D1_2,F1_1,L1,L1,,,
408754,L2,L1,L2,L3,L3,L1,L2,L2,L1,C1_2,D1_2,F1_1,L1,L2,,,
408755,L2,L1,L2,L3,L3,L1,L2,L2,L1,C1_2,D1_2,F1_1,L1,L3,,,
408756,L2,L1,L2,L3,L3,L1,L2,L2,L1,C1_2,D1_2,F1_1,L2,L1,,,
408757,L2,L1,L2,L3,L3,L1,L2,L2,L1,C1_2,D1_2,F1_1,L2,L2,,,
408758,L2,L1,L2,L3,L3,L1,L2,L2,L1,C1_2,D1_2,F1_1,L2,L3,,,
408759,L2,L1,L2,L3,L3,L1,L2,L2,L1,C1_2,D1_2,F1_1,L3,L1,,,
408760,L2,L1,L2,L3,L3,L1,L2,L2,L1,C1_2,D1_2,F1_1,L3,L2,,,
408761,L2,L1,L2,L3,L3,L1,L2,L2,L1,C1_2,D1_2,F1_1,L3,L3,,,
408762,L2,L1,L2,L3,L3,L1,L2,L2,L1,C1_2,D1_2,F1_2,L1,L1,,,
408763,L2,L1,L2,L3,L3,L1,L2,L2,L1,C1_2,D1_2,F1_2,L1,L2,,,
408764,L2,L1,L2,L3,L3,L1,L2,L2,L1,C1_2,D1_2,F1_2,L1,L3,,,
408765,L2,L1,L2,L3,L3,L1,L2,L2,L1,C1_2,D1_2,F1_2,L2,L1,,,
408766,L2,L1,L2,L3,L3,L1,L2,L2,L1,C1_2,D1_2,F1_2,L2,L2,,,
408767,L2,L1,L2,L3,L3,L1,L2,L2,L1,C1_2,D1_2,F1_2,L2,L3,,,
408768,L2,L1,L2,L3,L3,L1,L2,L2,L1,C1_2,D1_2,F1_2,L3,L1,,,
408769,L2,L1,L2,L3,L3,L1,L2,L2,L1,C1_2,D1_2,F1_2,L3,L2,,,
408770,L2,L1,L2,L3,L3,L1,L2,L2,L1,C1_2,D1_2,F1_2,L3,L3,,,
408771,L2,L1,L2,L3,L3,L1,L2,L2,L1,C1_2,D1_2,F1_3,L1,L1,,,
408772,L2,L1,L2,L3,L3,L1,L2,L2,L1,C1_2,D1_2,F1_3,L1,L2,,,
408773,L2,L1,L2,L3,L3,L1,L2,L2,L1,C1_2,D1_2,F1_3,L1,L3,,,
408774,L2,L1,L2,L3,L3,L1,L2,L2,L1,C1_2,D1_2,F1_3,L2,L1,,,
408775,L2,L1,L2,L3,L3,L1,L2,L2,L1,C1_2,D1_2,F1_3,L2,L2,,,
408776,L2,L1,L2,L3,L3,L1,L2,L2,L1,C1_2,D1_2,F1_3,L2,L3,,,
408777,L2,L1,L2,L3,L3,L1,L2,L2,L1,C1_2,D1_2,F1_3,L3,L1,,,
408778,L2,L1,L2,L3,L3,L1,L2,L2,L1,C1_2,D1_2,F1_3,L3,L2,,,
408779,L2,L1,L2,L3,L3,L1,L2,L2,L1,C1_2,D1_2,F1_3,L3,L3,,,
408780,L2,L1,L2,L3,L3,L1,L2,L2,L1,C1_2,D1_3,F1_1,L1,L1,,,
408781,L2,L1,L2,L3,L3,L1,L2,L2,L1,C1_2,D1_3,F1_1,L1,L2,,,
408782,L2,L1,L2,L3,L3,L1,L2,L2,L1,C1_2,D1_3,F1_1,L1,L3,,,
408783,L2,L1,L2,L3,L3,L1,L2,L2,L1,C1_2,D1_3,F1_1,L2,L1,,,
408784,L2,L1,L2,L3,L3,L1,L2,L2,L1,C1_2,D1_3,F1_1,L2,L2,,,
408785,L2,L1,L2,L3,L3,L1,L2,L2,L1,C1_2,D1_3,F1_1,L2,L3,,,
408786,L2,L1,L2,L3,L3,L1,L2,L2,L1,C1_2,D1_3,F1_1,L3,L1,,,
408787,L2,L1,L2,L3,L3,L1,L2,L2,L1,C1_2,D1_3,F1_1,L3,L2,,,
408788,L2,L1,L2,L3,L3,L1,L2,L2,L1,C1_2,D1_3,F1_1,L3,L3,,,
408789,L2,L1,L2,L3,L3,L1,L2,L2,L1,C1_2,D1_3,F1_2,L1,L1,,,
408790,L2,L1,L2,L3,L3,L1,L2,L2,L1,C1_2,D1_3,F1_2,L1,L2,,,
408791,L2,L1,L2,L3,L3,L1,L2,L2,L1,C1_2,D1_3,F1_2,L1,L3,,,
408792,L2,L1,L2,L3,L3,L1,L2,L2,L1,C1_2,D1_3,F1_2,L2,L1,,,
408793,L2,L1,L2,L3,L3,L1,L2,L2,L1,C1_2,D1_3,F1_2,L2,L2,,,
408794,L2,L1,L2,L3,L3,L1,L2,L2,L1,C1_2,D1_3,F1_2,L2,L3,,,
408795,L2,L1,L2,L3,L3,L1,L2,L2,L1,C1_2,D1_3,F1_2,L3,L1,,,
408796,L2,L1,L2,L3,L3,L1,L2,L2,L1,C1_2,D1_3,F1_2,L3,L2,,,
408797,L2,L1,L2,L3,L3,L1,L2,L2,L1,C1_2,D1_3,F1_2,L3,L3,,,
408798,L2,L1,L2,L3,L3,L1,L2,L2,L1,C1_2,D1_3,F1_3,L1,L1,,,
408799,L2,L1,L2,L3,L3,L1,L2,L2,L1,C1_2,D1_3,F1_3,L1,L2,,,
408800,L2,L1,L2,L3,L3,L1,L2,L2,L1,C1_2,D1_3,F1_3,L1,L3,,,
408801,L2,L1,L2,L3,L3,L1,L2,L2,L1,C1_2,D1_3,F1_3,L2,L1,,,
408802,L2,L1,L2,L3,L3,L1,L2,L2,L1,C1_2,D1_3,F1_3,L2,L2,,,
408803,L2,L1,L2,L3,L3,L1,L2,L2,L1,C1_2,D1_3,F1_3,L2,L3,,,
408804,L2,L1,L2,L3,L3,L1,L2,L2,L1,C1_2,D1_3,F1_3,L3,L1,,,
408805,L2,L1,L2,L3,L3,L1,L2,L2,L1,C1_2,D1_3,F1_3,L3,L2,,,
408806,L2,L1,L2,L3,L3,L1,L2,L2,L1,C1_2,D1_3,F1_3,L3,L3,,,
408807,L2,L1,L2,L3,L3,L1,L2,L2,L1,C1_3,D1_1,F1_1,L1,L1,,,
408808,L2,L1,L2,L3,L3,L1,L2,L2,L1,C1_3,D1_1,F1_1,L1,L2,,,
408809,L2,L1,L2,L3,L3,L1,L2,L2,L1,C1_3,D1_1,F1_1,L1,L3,,,
408810,L2,L1,L2,L3,L3,L1,L2,L2,L1,C1_3,D1_1,F1_1,L2,L1,,,
408811,L2,L1,L2,L3,L3,L1,L2,L2,L1,C1_3,D1_1,F1_1,L2,L2,,,
408812,L2,L1,L2,L3,L3,L1,L2,L2,L1,C1_3,D1_1,F1_1,L2,L3,,,
408813,L2,L1,L2,L3,L3,L1,L2,L2,L1,C1_3,D1_1,F1_1,L3,L1,,,
408814,L2,L1,L2,L3,L3,L1,L2,L2,L1,C1_3,D1_1,F1_1,L3,L2,,,
408815,L2,L1,L2,L3,L3,L1,L2,L2,L1,C1_3,D1_1,F1_1,L3,L3,,,
408816,L2,L1,L2,L3,L3,L1,L2,L2,L1,C1_3,D1_1,F1_2,L1,L1,,,
408817,L2,L1,L2,L3,L3,L1,L2,L2,L1,C1_3,D1_1,F1_2,L1,L2,,,
408818,L2,L1,L2,L3,L3,L1,L2,L2,L1,C1_3,D1_1,F1_2,L1,L3,,,
408819,L2,L1,L2,L3,L3,L1,L2,L2,L1,C1_3,D1_1,F1_2,L2,L1,,,
408820,L2,L1,L2,L3,L3,L1,L2,L2,L1,C1_3,D1_1,F1_2,L2,L2,,,
408821,L2,L1,L2,L3,L3,L1,L2,L2,L1,C1_3,D1_1,F1_2,L2,L3,,,
408822,L2,L1,L2,L3,L3,L1,L2,L2,L1,C1_3,D1_1,F1_2,L3,L1,,,
408823,L2,L1,L2,L3,L3,L1,L2,L2,L1,C1_3,D1_1,F1_2,L3,L2,,,
408824,L2,L1,L2,L3,L3,L1,L2,L2,L1,C1_3,D1_1,F1_2,L3,L3,,,
408825,L2,L1,L2,L3,L3,L1,L2,L2,L1,C1_3,D1_1,F1_3,L1,L1,,,
408826,L2,L1,L2,L3,L3,L1,L2,L2,L1,C1_3,D1_1,F1_3,L1,L2,,,
408827,L2,L1,L2,L3,L3,L1,L2,L2,L1,C1_3,D1_1,F1_3,L1,L3,,,
408828,L2,L1,L2,L3,L3,L1,L2,L2,L1,C1_3,D1_1,F1_3,L2,L1,,,
408829,L2,L1,L2,L3,L3,L1,L2,L2,L1,C1_3,D1_1,F1_3,L2,L2,,,
408830,L2,L1,L2,L3,L3,L1,L2,L2,L1,C1_3,D1_1,F1_3,L2,L3,,,
408831,L2,L1,L2,L3,L3,L1,L2,L2,L1,C1_3,D1_1,F1_3,L3,L1,,,
408832,L2,L1,L2,L3,L3,L1,L2,L2,L1,C1_3,D1_1,F1_3,L3,L2,,,
408833,L2,L1,L2,L3,L3,L1,L2,L2,L1,C1_3,D1_1,F1_3,L3,L3,,,
408834,L2,L1,L2,L3,L3,L1,L2,L2,L1,C1_3,D1_2,F1_1,L1,L1,,,
408835,L2,L1,L2,L3,L3,L1,L2,L2,L1,C1_3,D1_2,F1_1,L1,L2,,,
408836,L2,L1,L2,L3,L3,L1,L2,L2,L1,C1_3,D1_2,F1_1,L1,L3,,,
408837,L2,L1,L2,L3,L3,L1,L2,L2,L1,C1_3,D1_2,F1_1,L2,L1,,,
408838,L2,L1,L2,L3,L3,L1,L2,L2,L1,C1_3,D1_2,F1_1,L2,L2,,,
408839,L2,L1,L2,L3,L3,L1,L2,L2,L1,C1_3,D1_2,F1_1,L2,L3,,,
408840,L2,L1,L2,L3,L3,L1,L2,L2,L1,C1_3,D1_2,F1_1,L3,L1,,,
408841,L2,L1,L2,L3,L3,L1,L2,L2,L1,C1_3,D1_2,F1_1,L3,L2,,,
408842,L2,L1,L2,L3,L3,L1,L2,L2,L1,C1_3,D1_2,F1_1,L3,L3,,,
408843,L2,L1,L2,L3,L3,L1,L2,L2,L1,C1_3,D1_2,F1_2,L1,L1,,,
408844,L2,L1,L2,L3,L3,L1,L2,L2,L1,C1_3,D1_2,F1_2,L1,L2,,,
408845,L2,L1,L2,L3,L3,L1,L2,L2,L1,C1_3,D1_2,F1_2,L1,L3,,,
408846,L2,L1,L2,L3,L3,L1,L2,L2,L1,C1_3,D1_2,F1_2,L2,L1,,,
408847,L2,L1,L2,L3,L3,L1,L2,L2,L1,C1_3,D1_2,F1_2,L2,L2,,,
408848,L2,L1,L2,L3,L3,L1,L2,L2,L1,C1_3,D1_2,F1_2,L2,L3,,,
408849,L2,L1,L2,L3,L3,L1,L2,L2,L1,C1_3,D1_2,F1_2,L3,L1,,,
408850,L2,L1,L2,L3,L3,L1,L2,L2,L1,C1_3,D1_2,F1_2,L3,L2,,,
408851,L2,L1,L2,L3,L3,L1,L2,L2,L1,C1_3,D1_2,F1_2,L3,L3,,,
408852,L2,L1,L2,L3,L3,L1,L2,L2,L1,C1_3,D1_2,F1_3,L1,L1,,,
408853,L2,L1,L2,L3,L3,L1,L2,L2,L1,C1_3,D1_2,F1_3,L1,L2,,,
408854,L2,L1,L2,L3,L3,L1,L2,L2,L1,C1_3,D1_2,F1_3,L1,L3,,,
408855,L2,L1,L2,L3,L3,L1,L2,L2,L1,C1_3,D1_2,F1_3,L2,L1,,,
408856,L2,L1,L2,L3,L3,L1,L2,L2,L1,C1_3,D1_2,F1_3,L2,L2,,,
408857,L2,L1,L2,L3,L3,L1,L2,L2,L1,C1_3,D1_2,F1_3,L2,L3,,,
408858,L2,L1,L2,L3,L3,L1,L2,L2,L1,C1_3,D1_2,F1_3,L3,L1,,,
408859,L2,L1,L2,L3,L3,L1,L2,L2,L1,C1_3,D1_2,F1_3,L3,L2,,,
408860,L2,L1,L2,L3,L3,L1,L2,L2,L1,C1_3,D1_2,F1_3,L3,L3,,,
408861,L2,L1,L2,L3,L3,L1,L2,L2,L1,C1_3,D1_3,F1_1,L1,L1,,,
408862,L2,L1,L2,L3,L3,L1,L2,L2,L1,C1_3,D1_3,F1_1,L1,L2,,,
408863,L2,L1,L2,L3,L3,L1,L2,L2,L1,C1_3,D1_3,F1_1,L1,L3,,,
408864,L2,L1,L2,L3,L3,L1,L2,L2,L1,C1_3,D1_3,F1_1,L2,L1,,,
408865,L2,L1,L2,L3,L3,L1,L2,L2,L1,C1_3,D1_3,F1_1,L2,L2,,,
408866,L2,L1,L2,L3,L3,L1,L2,L2,L1,C1_3,D1_3,F1_1,L2,L3,,,
408867,L2,L1,L2,L3,L3,L1,L2,L2,L1,C1_3,D1_3,F1_1,L3,L1,,,
408868,L2,L1,L2,L3,L3,L1,L2,L2,L1,C1_3,D1_3,F1_1,L3,L2,,,
408869,L2,L1,L2,L3,L3,L1,L2,L2,L1,C1_3,D1_3,F1_1,L3,L3,,,
408870,L2,L1,L2,L3,L3,L1,L2,L2,L1,C1_3,D1_3,F1_2,L1,L1,,,
408871,L2,L1,L2,L3,L3,L1,L2,L2,L1,C1_3,D1_3,F1_2,L1,L2,,,
408872,L2,L1,L2,L3,L3,L1,L2,L2,L1,C1_3,D1_3,F1_2,L1,L3,,,
408873,L2,L1,L2,L3,L3,L1,L2,L2,L1,C1_3,D1_3,F1_2,L2,L1,,,
408874,L2,L1,L2,L3,L3,L1,L2,L2,L1,C1_3,D1_3,F1_2,L2,L2,,,
408875,L2,L1,L2,L3,L3,L1,L2,L2,L1,C1_3,D1_3,F1_2,L2,L3,,,
408876,L2,L1,L2,L3,L3,L1,L2,L2,L1,C1_3,D1_3,F1_2,L3,L1,,,
408877,L2,L1,L2,L3,L3,L1,L2,L2,L1,C1_3,D1_3,F1_2,L3,L2,,,
408878,L2,L1,L2,L3,L3,L1,L2,L2,L1,C1_3,D1_3,F1_2,L3,L3,,,
408879,L2,L1,L2,L3,L3,L1,L2,L2,L1,C1_3,D1_3,F1_3,L1,L1,,,
408880,L2,L1,L2,L3,L3,L1,L2,L2,L1,C1_3,D1_3,F1_3,L1,L2,,,
408881,L2,L1,L2,L3,L3,L1,L2,L2,L1,C1_3,D1_3,F1_3,L1,L3,,,
408882,L2,L1,L2,L3,L3,L1,L2,L2,L1,C1_3,D1_3,F1_3,L2,L1,,,
408883,L2,L1,L2,L3,L3,L1,L2,L2,L1,C1_3,D1_3,F1_3,L2,L2,,,
408884,L2,L1,L2,L3,L3,L1,L2,L2,L1,C1_3,D1_3,F1_3,L2,L3,,,
408885,L2,L1,L2,L3,L3,L1,L2,L2,L1,C1_3,D1_3,F1_3,L3,L1,,,
408886,L2,L1,L2,L3,L3,L1,L2,L2,L1,C1_3,D1_3,F1_3,L3,L2,,,
408887,L2,L1,L2,L3,L3,L1,L2,L2,L1,C1_3,D1_3,F1_3,L3,L3,,,
430488,L3,L1,L2,L2,L1,L1,L2,L2,L1,C1_1,D1_1,F1_1,L1,L1,,,
430489,L3,L1,L2,L2,L1,L1,L2,L2,L1,C1_1,D1_1,F1_1,L1,L2,,,
430490,L3,L1,L2,L2,L1,L1,L2,L2,L1,C1_1,D1_1,F1_1,L1,L3,,,
430491,L3,L1,L2,L2,L1,L1,L2,L2,L1,C1_1,D1_1,F1_1,L2,L1,,,
430492,L3,L1,L2,L2,L1,L1,L2,L2,L1,C1_1,D1_1,F1_1,L2,L2,,,
430493,L3,L1,L2,L2,L1,L1,L2,L2,L1,C1_1,D1_1,F1_1,L2,L3,,,
430494,L3,L1,L2,L2,L1,L1,L2,L2,L1,C1_1,D1_1,F1_1,L3,L1,,,
430495,L3,L1,L2,L2,L1,L1,L2,L2,L1,C1_1,D1_1,F1_1,L3,L2,,,
430496,L3,L1,L2,L2,L1,L1,L2,L2,L1,C1_1,D1_1,F1_1,L3,L3,,,
430497,L3,L1,L2,L2,L1,L1,L2,L2,L1,C1_1,D1_1,F1_2,L1,L1,,,
430498,L3,L1,L2,L2,L1,L1,L2,L2,L1,C1_1,D1_1,F1_2,L1,L2,,,
430499,L3,L1,L2,L2,L1,L1,L2,L2,L1,C1_1,D1_1,F1_2,L1,L3,,,
430500,L3,L1,L2,L2,L1,L1,L2,L2,L1,C1_1,D1_1,F1_2,L2,L1,,,
430501,L3,L1,L2,L2,L1,L1,L2,L2,L1,C1_1,D1_1,F1_2,L2,L2,,,
430502,L3,L1,L2,L2,L1,L1,L2,L2,L1,C1_1,D1_1,F1_2,L2,L3,,,
430503,L3,L1,L2,L2,L1,L1,L2,L2,L1,C1_1,D1_1,F1_2,L3,L1,,,
430504,L3,L1,L2,L2,L1,L1,L2,L2,L1,C1_1,D1_1,F1_2,L3,L2,,,
430505,L3,L1,L2,L2,L1,L1,L2,L2,L1,C1_1,D1_1,F1_2,L3,L3,,,
430506,L3,L1,L2,L2,L1,L1,L2,L2,L1,C1_1,D1_1,F1_3,L1,L1,,,
430507,L3,L1,L2,L2,L1,L1,L2,L2,L1,C1_1,D1_1,F1_3,L1,L2,,,
430508,L3,L1,L2,L2,L1,L1,L2,L2,L1,C1_1,D1_1,F1_3,L1,L3,,,
430509,L3,L1,L2,L2,L1,L1,L2,L2,L1,C1_1,D1_1,F1_3,L2,L1,,,
430510,L3,L1,L2,L2,L1,L1,L2,L2,L1,C1_1,D1_1,F1_3,L2,L2,,,
430511,L3,L1,L2,L2,L1,L1,L2,L2,L1,C1_1,D1_1,F1_3,L2,L3,,,
430512,L3,L1,L2,L2,L1,L1,L2,L2,L1,C1_1,D1_1,F1_3,L3,L1,,,
430513,L3,L1,L2,L2,L1,L1,L2,L2,L1,C1_1,D1_1,F1_3,L3,L2,,,
430514,L3,L1,L2,L2,L1,L1,L2,L2,L1,C1_1,D1_1,F1_3,L3,L3,,,
430515,L3,L1,L2,L2,L1,L1,L2,L2,L1,C1_1,D1_2,F1_1,L1,L1,,,
430516,L3,L1,L2,L2,L1,L1,L2,L2,L1,C1_1,D1_2,F1_1,L1,L2,,,
430517,L3,L1,L2,L2,L1,L1,L2,L2,L1,C1_1,D1_2,F1_1,L1,L3,,,
430518,L3,L1,L2,L2,L1,L1,L2,L2,L1,C1_1,D1_2,F1_1,L2,L1,,,
430519,L3,L1,L2,L2,L1,L1,L2,L2,L1,C1_1,D1_2,F1_1,L2,L2,,,
430520,L3,L1,L2,L2,L1,L1,L2,L2,L1,C1_1,D1_2,F1_1,L2,L3,,,
430521,L3,L1,L2,L2,L1,L1,L2,L2,L1,C1_1,D1_2,F1_1,L3,L1,,,
430522,L3,L1,L2,L2,L1,L1,L2,L2,L1,C1_1,D1_2,F1_1,L3,L2,,,
430523,L3,L1,L2,L2,L1,L1,L2,L2,L1,C1_1,D1_2,F1_1,L3,L3,,,
430524,L3,L1,L2,L2,L1,L1,L2,L2,L1,C1_1,D1_2,F1_2,L1,L1,,,
430525,L3,L1,L2,L2,L1,L1,L2,L2,L1,C1_1,D1_2,F1_2,L1,L2,,,
430526,L3,L1,L2,L2,L1,L1,L2,L2,L1,C1_1,D1_2,F1_2,L1,L3,,,
430527,L3,L1,L2,L2,L1,L1,L2,L2,L1,C1_1,D1_2,F1_2,L2,L1,,,
430528,L3,L1,L2,L2,L1,L1,L2,L2,L1,C1_1,D1_2,F1_2,L2,L2,,,
430529,L3,L1,L2,L2,L1,L1,L2,L2,L1,C1_1,D1_2,F1_2,L2,L3,,,
430530,L3,L1,L2,L2,L1,L1,L2,L2,L1,C1_1,D1_2,F1_2,L3,L1,,,
430531,L3,L1,L2,L2,L1,L1,L2,L2,L1,C1_1,D1_2,F1_2,L3,L2,,,
430532,L3,L1,L2,L2,L1,L1,L2,L2,L1,C1_1,D1_2,F1_2,L3,L3,,,
430533,L3,L1,L2,L2,L1,L1,L2,L2,L1,C1_1,D1_2,F1_3,L1,L1,,,
430534,L3,L1,L2,L2,L1,L1,L2,L2,L1,C1_1,D1_2,F1_3,L1,L2,,,
430535,L3,L1,L2,L2,L1,L1,L2,L2,L1,C1_1,D1_2,F1_3,L1,L3,,,
430536,L3,L1,L2,L2,L1,L1,L2,L2,L1,C1_1,D1_2,F1_3,L2,L1,,,
430537,L3,L1,L2,L2,L1,L1,L2,L2,L1,C1_1,D1_2,F1_3,L2,L2,,,
430538,L3,L1,L2,L2,L1,L1,L2,L2,L1,C1_1,D1_2,F1_3,L2,L3,,,
430539,L3,L1,L2,L2,L1,L1,L2,L2,L1,C1_1,D1_2,F1_3,L3,L1,,,
430540,L3,L1,L2,L2,L1,L1,L2,L2,L1,C1_1,D1_2,F1_3,L3,L2,,,
430541,L3,L1,L2,L2,L1,L1,L2,L2,L1,C1_1,D1_2,F1_3,L3,L3,,,
430542,L3,L1,L2,L2,L1,L1,L2,L2,L1,C1_1,D1_3,F1_1,L1,L1,,,
430543,L3,L1,L2,L2,L1,L1,L2,L2,L1,C1_1,D1_3,F1_1,L1,L2,,,
430544,L3,L1,L2,L2,L1,L1,L2,L2,L1,C1_1,D1_3,F1_1,L1,L3,,,
430545,L3,L1,L2,L2,L1,L1,L2,L2,L1,C1_1,D1_3,F1_1,L2,L1,,,
430546,L3,L1,L2,L2,L1,L1,L2,L2,L1,C1_1,D1_3,F1_1,L2,L2,,,
430547,L3,L1,L2,L2,L1,L1,L2,L2,L1,C1_1,D1_3,F1_1,L2,L3,,,
430548,L3,L1,L2,L2,L1,L1,L2,L2,L1,C1_1,D1_3,F1_1,L3,L1,,,
430549,L3,L1,L2,L2,L1,L1,L2,L2,L1,C1_1,D1_3,F1_1,L3,L2,,,
430550,L3,L1,L2,L2,L1,L1,L2,L2,L1,C1_1,D1_3,F1_1,L3,L3,,,
430551,L3,L1,L2,L2,L1,L1,L2,L2,L1,C1_1,D1_3,F1_2,L1,L1,,,
430552,L3,L1,L2,L2,L1,L1,L2,L2,L1,C1_1,D1_3,F1_2,L1,L2,,,
430553,L3,L1,L2,L2,L1,L1,L2,L2,L1,C1_1,D1_3,F1_2,L1,L3,,,
430554,L3,L1,L2,L2,L1,L1,L2,L2,L1,C1_1,D1_3,F1_2,L2,L1,,,
430555,L3,L1,L2,L2,L1,L1,L2,L2,L1,C1_1,D1_3,F1_2,L2,L2,,,
430556,L3,L1,L2,L2,L1,L1,L2,L2,L1,C1_1,D1_3,F1_2,L2,L3,,,
430557,L3,L1,L2,L2,L1,L1,L2,L2,L1,C1_1,D1_3,F1_2,L3,L1,,,
430558,L3,L1,L2,L2,L1,L1,L2,L2,L1,C1_1,D1_3,F1_2,L3,L2,,,
430559,L3,L1,L2,L2,L1,L1,L2,L2,L1,C1_1,D1_3,F1_2,L3,L3,,,
430560,L3,L1,L2,L2,L1,L1,L2,L2,L1,C1_1,D1_3,F1_3,L1,L1,,,
430561,L3,L1,L2,L2,L1,L1,L2,L2,L1,C1_1,D1_3,F1_3,L1,L2,,,
430562,L3,L1,L2,L2,L1,L1,L2,L2,L1,C1_1,D1_3,F1_3,L1,L3,,,
430563,L3,L1,L2,L2,L1,L1,L2,L2,L1,C1_1,D1_3,F1_3,L2,L1,,,
430564,L3,L1,L2,L2,L1,L1,L2,L2,L1,C1_1,D1_3,F1_3,L2,L2,,,
430565,L3,L1,L2,L2,L1,L1,L2,L2,L1,C1_1,D1_3,F1_3,L2,L3,,,
430566,L3,L1,L2,L2,L1,L1,L2,L2,L1,C1_1,D1_3,F1_3,L3,L1,,,
430567,L3,L1,L2,L2,L1,L1,L2,L2,L1,C1_1,D1_3,F1_3,L3,L2,,,
430568,L3,L1,L2,L2,L1,L1,L2,L2,L1,C1_1,D1_3,F1_3,L3,L3,,,
430569,L3,L1,L2,L2,L1,L1,L2,L2,L1,C1_2,D1_1,F1_1,L1,L1,,,
430570,L3,L1,L2,L2,L1,L1,L2,L2,L1,C1_2,D1_1,F1_1,L1,L2,,,
430571,L3,L1,L2,L2,L1,L1,L2,L2,L1,C1_2,D1_1,F1_1,L1,L3,,,
430572,L3,L1,L2,L2,L1,L1,L2,L2,L1,C1_2,D1_1,F1_1,L2,L1,,,
430573,L3,L1,L2,L2,L1,L1,L2,L2,L1,C1_2,D1_1,F1_1,L2,L2,,,
430574,L3,L1,L2,L2,L1,L1,L2,L2,L1,C1_2,D1_1,F1_1,L2,L3,,,
430575,L3,L1,L2,L2,L1,L1,L2,L2,L1,C1_2,D1_1,F1_1,L3,L1,,,
430576,L3,L1,L2,L2,L1,L1,L2,L2,L1,C1_2,D1_1,F1_1,L3,L2,,,
430577,L3,L1,L2,L2,L1,L1,L2,L2,L1,C1_2,D1_1,F1_1,L3,L3,,,
430578,L3,L1,L2,L2,L1,L1,L2,L2,L1,C1_2,D1_1,F1_2,L1,L1,,,
430579,L3,L1,L2,L2,L1,L1,L2,L2,L1,C1_2,D1_1,F1_2,L1,L2,,,
430580,L3,L1,L2,L2,L1,L1,L2,L2,L1,C1_2,D1_1,F1_2,L1,L3,,,
430581,L3,L1,L2,L2,L1,L1,L2,L2,L1,C1_2,D1_1,F1_2,L2,L1,,,
430582,L3,L1,L2,L2,L1,L1,L2,L2,L1,C1_2,D1_1,F1_2,L2,L2,,,
430583,L3,L1,L2,L2,L1,L1,L2,L2,L1,C1_2,D1_1,F1_2,L2,L3,,,
430584,L3,L1,L2,L2,L1,L1,L2,L2,L1,C1_2,D1_1,F1_2,L3,L1,,,
430585,L3,L1,L2,L2,L1,L1,L2,L2,L1,C1_2,D1_1,F1_2,L3,L2,,,
430586,L3,L1,L2,L2,L1,L1,L2,L2,L1,C1_2,D1_1,F1_2,L3,L3,,,
430587,L3,L1,L2,L2,L1,L1,L2,L2,L1,C1_2,D1_1,F1_3,L1,L1,,,
430588,L3,L1,L2,L2,L1,L1,L2,L2,L1,C1_2,D1_1,F1_3,L1,L2,,,
430589,L3,L1,L2,L2,L1,L1,L2,L2,L1,C1_2,D1_1,F1_3,L1,L3,,,
430590,L3,L1,L2,L2,L1,L1,L2,L2,L1,C1_2,D1_1,F1_3,L2,L1,,,
430591,L3,L1,L2,L2,L1,L1,L2,L2,L1,C1_2,D1_1,F1_3,L2,L2,,,
430592,L3,L1,L2,L2,L1,L1,L2,L2,L1,C1_2,D1_1,F1_3,L2,L3,,,
430593,L3,L1,L2,L2,L1,L1,L2,L2,L1,C1_2,D1_1,F1_3,L3,L1,,,
430594,L3,L1,L2,L2,L1,L1,L2,L2,L1,C1_2,D1_1,F1_3,L3,L2,,,
430595,L3,L1,L2,L2,L1,L1,L2,L2,L1,C1_2,D1_1,F1_3,L3,L3,,,
430596,L3,L1,L2,L2,L1,L1,L2,L2,L1,C1_2,D1_2,F1_1,L1,L1,,,
430597,L3,L1,L2,L2,L1,L1,L2,L2,L1,C1_2,D1_2,F1_1,L1,L2,,,
430598,L3,L1,L2,L2,L1,L1,L2,L2,L1,C1_2,D1_2,F1_1,L1,L3,,,
430599,L3,L1,L2,L2,L1,L1,L2,L2,L1,C1_2,D1_2,F1_1,L2,L1,,,
430600,L3,L1,L2,L2,L1,L1,L2,L2,L1,C1_2,D1_2,F1_1,L2,L2,,,
430601,L3,L1,L2,L2,L1,L1,L2,L2,L1,C1_2,D1_2,F1_1,L2,L3,,,
430602,L3,L1,L2,L2,L1,L1,L2,L2,L1,C1_2,D1_2,F1_1,L3,L1,,,
430603,L3,L1,L2,L2,L1,L1,L2,L2,L1,C1_2,D1_2,F1_1,L3,L2,,,
430604,L3,L1,L2,L2,L1,L1,L2,L2,L1,C1_2,D1_2,F1_1,L3,L3,,,
430605,L3,L1,L2,L2,L1,L1,L2,L2,L1,C1_2,D1_2,F1_2,L1,L1,,,
430606,L3,L1,L2,L2,L1,L1,L2,L2,L1,C1_2,D1_2,F1_2,L1,L2,,,
430607,L3,L1,L2,L2,L1,L1,L2,L2,L1,C1_2,D1_2,F1_2,L1,L3,,,
430608,L3,L1,L2,L2,L1,L1,L2,L2,L1,C1_2,D1_2,F1_2,L2,L1,,,
430609,L3,L1,L2,L2,L1,L1,L2,L2,L1,C1_2,D1_2,F1_2,L2,L2,,,
430610,L3,L1,L2,L2,L1,L1,L2,L2,L1,C1_2,D1_2,F1_2,L2,L3,,,
430611,L3,L1,L2,L2,L1,L1,L2,L2,L1,C1_2,D1_2,F1_2,L3,L1,,,
430612,L3,L1,L2,L2,L1,L1,L2,L2,L1,C1_2,D1_2,F1_2,L3,L2,,,
430613,L3,L1,L2,L2,L1,L1,L2,L2,L1,C1_2,D1_2,F1_2,L3,L3,,,
430614,L3,L1,L2,L2,L1,L1,L2,L2,L1,C1_2,D1_2,F1_3,L1,L1,,,
430615,L3,L1,L2,L2,L1,L1,L2,L2,L1,C1_2,D1_2,F1_3,L1,L2,,,
430616,L3,L1,L2,L2,L1,L1,L2,L2,L1,C1_2,D1_2,F1_3,L1,L3,,,
430617,L3,L1,L2,L2,L1,L1,L2,L2,L1,C1_2,D1_2,F1_3,L2,L1,,,
430618,L3,L1,L2,L2,L1,L1,L2,L2,L1,C1_2,D1_2,F1_3,L2,L2,,,
430619,L3,L1,L2,L2,L1,L1,L2,L2,L1,C1_2,D1_2,F1_3,L2,L3,,,
430620,L3,L1,L2,L2,L1,L1,L2,L2,L1,C1_2,D1_2,F1_3,L3,L1,,,
430621,L3,L1,L2,L2,L1,L1,L2,L2,L1,C1_2,D1_2,F1_3,L3,L2,,,
430622,L3,L1,L2,L2,L1,L1,L2,L2,L1,C1_2,D1_2,F1_3,L3,L3,,,
430623,L3,L1,L2,L2,L1,L1,L2,L2,L1,C1_2,D1_3,F1_1,L1,L1,,,
430624,L3,L1,L2,L2,L1,L1,L2,L2,L1,C1_2,D1_3,F1_1,L1,L2,,,
430625,L3,L1,L2,L2,L1,L1,L2,L2,L1,C1_2,D1_3,F1_1,L1,L3,,,
430626,L3,L1,L2,L2,L1,L1,L2,L2,L1,C1_2,D1_3,F1_1,L2,L1,,,
430627,L3,L1,L2,L2,L1,L1,L2,L2,L1,C1_2,D1_3,F1_1,L2,L2,,,
430628,L3,L1,L2,L2,L1,L1,L2,L2,L1,C1_2,D1_3,F1_1,L2,L3,,,
430629,L3,L1,L2,L2,L1,L1,L2,L2,L1,C1_2,D1_3,F1_1,L3,L1,,,
430630,L3,L1,L2,L2,L1,L1,L2,L2,L1,C1_2,D1_3,F1_1,L3,L2,,,
430631,L3,L1,L2,L2,L1,L1,L2,L2,L1,C1_2,D1_3,F1_1,L3,L3,,,
430632,L3,L1,L2,L2,L1,L1,L2,L2,L1,C1_2,D1_3,F1_2,L1,L1,,,
430633,L3,L1,L2,L2,L1,L1,L2,L2,L1,C1_2,D1_3,F1_2,L1,L2,,,
430634,L3,L1,L2,L2,L1,L1,L2,L2,L1,C1_2,D1_3,F1_2,L1,L3,,,
430635,L3,L1,L2,L2,L1,L1,L2,L2,L1,C1_2,D1_3,F1_2,L2,L1,,,
430636,L3,L1,L2,L2,L1,L1,L2,L2,L1,C1_2,D1_3,F1_2,L2,L2,,,
430637,L3,L1,L2,L2,L1,L1,L2,L2,L1,C1_2,D1_3,F1_2,L2,L3,,,
430638,L3,L1,L2,L2,L1,L1,L2,L2,L1,C1_2,D1_3,F1_2,L3,L1,,,
430639,L3,L1,L2,L2,L1,L1,L2,L2,L1,C1_2,D1_3,F1_2,L3,L2,,,
430640,L3,L1,L2,L2,L1,L1,L2,L2,L1,C1_2,D1_3,F1_2,L3,L3,,,
430641,L3,L1,L2,L2,L1,L1,L2,L2,L1,C1_2,D1_3,F1_3,L1,L1,,,
430642,L3,L1,L2,L2,L1,L1,L2,L2,L1,C1_2,D1_3,F1_3,L1,L2,,,
430643,L3,L1,L2,L2,L1,L1,L2,L2,L1,C1_2,D1_3,F1_3,L1,L3,,,
430644,L3,L1,L2,L2,L1,L1,L2,L2,L1,C1_2,D1_3,F1_3,L2,L1,,,
430645,L3,L1,L2,L2,L1,L1,L2,L2,L1,C1_2,D1_3,F1_3,L2,L2,,,
430646,L3,L1,L2,L2,L1,L1,L2,L2,L1,C1_2,D1_3,F1_3,L2,L3,,,
430647,L3,L1,L2,L2,L1,L1,L2,L2,L1,C1_2,D1_3,F1_3,L3,L1,,,
430648,L3,L1,L2,L2,L1,L1,L2,L2,L1,C1_2,D1_3,F1_3,L3,L2,,,
430649,L3,L1,L2,L2,L1,L1,L2,L2,L1,C1_2,D1_3,F1_3,L3,L3,,,
430650,L3,L1,L2,L2,L1,L1,L2,L2,L1,C1_3,D1_1,F1_1,L1,L1,,,
430651,L3,L1,L2,L2,L1,L1,L2,L2,L1,C1_3,D1_1,F1_1,L1,L2,,,
430652,L3,L1,L2,L2,L1,L1,L2,L2,L1,C1_3,D1_1,F1_1,L1,L3,,,
430653,L3,L1,L2,L2,L1,L1,L2,L2,L1,C1_3,D1_1,F1_1,L2,L1,,,
430654,L3,L1,L2,L2,L1,L1,L2,L2,L1,C1_3,D1_1,F1_1,L2,L2,,,
430655,L3,L1,L2,L2,L1,L1,L2,L2,L1,C1_3,D1_1,F1_1,L2,L3,,,
430656,L3,L1,L2,L2,L1,L1,L2,L2,L1,C1_3,D1_1,F1_1,L3,L1,,,
430657,L3,L1,L2,L2,L1,L1,L2,L2,L1,C1_3,D1_1,F1_1,L3,L2,,,
430658,L3,L1,L2,L2,L1,L1,L2,L2,L1,C1_3,D1_1,F1_1,L3,L3,,,
430659,L3,L1,L2,L2,L1,L1,L2,L2,L1,C1_3,D1_1,F1_2,L1,L1,,,
430660,L3,L1,L2,L2,L1,L1,L2,L2,L1,C1_3,D1_1,F1_2,L1,L2,,,
430661,L3,L1,L2,L2,L1,L1,L2,L2,L1,C1_3,D1_1,F1_2,L1,L3,,,
430662,L3,L1,L2,L2,L1,L1,L2,L2,L1,C1_3,D1_1,F1_2,L2,L1,,,
430663,L3,L1,L2,L2,L1,L1,L2,L2,L1,C1_3,D1_1,F1_2,L2,L2,,,
430664,L3,L1,L2,L2,L1,L1,L2,L2,L1,C1_3,D1_1,F1_2,L2,L3,,,
430665,L3,L1,L2,L2,L1,L1,L2,L2,L1,C1_3,D1_1,F1_2,L3,L1,,,
430666,L3,L1,L2,L2,L1,L1,L2,L2,L1,C1_3,D1_1,F1_2,L3,L2,,,
430667,L3,L1,L2,L2,L1,L1,L2,L2,L1,C1_3,D1_1,F1_2,L3,L3,,,
430668,L3,L1,L2,L2,L1,L1,L2,L2,L1,C1_3,D1_1,F1_3,L1,L1,,,
430669,L3,L1,L2,L2,L1,L1,L2,L2,L1,C1_3,D1_1,F1_3,L1,L2,,,
430670,L3,L1,L2,L2,L1,L1,L2,L2,L1,C1_3,D1_1,F1_3,L1,L3,,,
430671,L3,L1,L2,L2,L1,L1,L2,L2,L1,C1_3,D1_1,F1_3,L2,L1,,,
430672,L3,L1,L2,L2,L1,L1,L2,L2,L1,C1_3,D1_1,F1_3,L2,L2,,,
430673,L3,L1,L2,L2,L1,L1,L2,L2,L1,C1_3,D1_1,F1_3,L2,L3,,,
430674,L3,L1,L2,L2,L1,L1,L2,L2,L1,C1_3,D1_1,F1_3,L3,L1,,,
430675,L3,L1,L2,L2,L1,L1,L2,L2,L1,C1_3,D1_1,F1_3,L3,L2,,,
430676,L3,L1,L2,L2,L1,L1,L2,L2,L1,C1_3,D1_1,F1_3,L3,L3,,,
430677,L3,L1,L2,L2,L1,L1,L2,L2,L1,C1_3,D1_2,F1_1,L1,L1,,,
430678,L3,L1,L2,L2,L1,L1,L2,L2,L1,C1_3,D1_2,F1_1,L1,L2,,,
430679,L3,L1,L2,L2,L1,L1,L2,L2,L1,C1_3,D1_2,F1_1,L1,L3,,,
430680,L3,L1,L2,L2,L1,L1,L2,L2,L1,C1_3,D1_2,F1_1,L2,L1,,,
430681,L3,L1,L2,L2,L1,L1,L2,L2,L1,C1_3,D1_2,F1_1,L2,L2,,,
430682,L3,L1,L2,L2,L1,L1,L2,L2,L1,C1_3,D1_2,F1_1,L2,L3,,,
430683,L3,L1,L2,L2,L1,L1,L2,L2,L1,C1_3,D1_2,F1_1,L3,L1,,,
430684,L3,L1,L2,L2,L1,L1,L2,L2,L1,C1_3,D1_2,F1_1,L3,L2,,,
430685,L3,L1,L2,L2,L1,L1,L2,L2,L1,C1_3,D1_2,F1_1,L3,L3,,,
430686,L3,L1,L2,L2,L1,L1,L2,L2,L1,C1_3,D1_2,F1_2,L1,L1,,,
430687,L3,L1,L2,L2,L1,L1,L2,L2,L1,C1_3,D1_2,F1_2,L1,L2,,,
430688,L3,L1,L2,L2,L1,L1,L2,L2,L1,C1_3,D1_2,F1_2,L1,L3,,,
430689,L3,L1,L2,L2,L1,L1,L2,L2,L1,C1_3,D1_2,F1_2,L2,L1,,,
430690,L3,L1,L2,L2,L1,L1,L2,L2,L1,C1_3,D1_2,F1_2,L2,L2,,,
430691,L3,L1,L2,L2,L1,L1,L2,L2,L1,C1_3,D1_2,F1_2,L2,L3,,,
430692,L3,L1,L2,L2,L1,L1,L2,L2,L1,C1_3,D1_2,F1_2,L3,L1,,,
430693,L3,L1,L2,L2,L1,L1,L2,L2,L1,C1_3,D1_2,F1_2,L3,L2,,,
430694,L3,L1,L2,L2,L1,L1,L2,L2,L1,C1_3,D1_2,F1_2,L3,L3,,,
430695,L3,L1,L2,L2,L1,L1,L2,L2,L1,C1_3,D1_2,F1_3,L1,L1,,,
430696,L3,L1,L2,L2,L1,L1,L2,L2,L1,C1_3,D1_2,F1_3,L1,L2,,,
430697,L3,L1,L2,L2,L1,L1,L2,L2,L1,C1_3,D1_2,F1_3,L1,L3,,,
430698,L3,L1,L2,L2,L1,L1,L2,L2,L1,C1_3,D1_2,F1_3,L2,L1,,,
430699,L3,L1,L2,L2,L1,L1,L2,L2,L1,C1_3,D1_2,F1_3,L2,L2,,,
430700,L3,L1,L2,L2,L1,L1,L2,L2,L1,C1_3,D1_2,F1_3,L2,L3,,,
430701,L3,L1,L2,L2,L1,L1,L2,L2,L1,C1_3,D1_2,F1_3,L3,L1,,,
430702,L3,L1,L2,L2,L1,L1,L2,L2,L1,C1_3,D1_2,F1_3,L3,L2,,,
430703,L3,L1,L2,L2,L1,L1,L2,L2,L1,C1_3,D1_2,F1_3,L3,L3,,,
430704,L3,L1,L2,L2,L1,L1,L2,L2,L1,C1_3,D1_3,F1_1,L1,L1,,,
430705,L3,L1,L2,L2,L1,L1,L2,L2,L1,C1_3,D1_3,F1_1,L1,L2,,,
430706,L3,L1,L2,L2,L1,L1,L2,L2,L1,C1_3,D1_3,F1_1,L1,L3,,,
430707,L3,L1,L2,L2,L1,L1,L2,L2,L1,C1_3,D1_3,F1_1,L2,L1,,,
430708,L3,L1,L2,L2,L1,L1,L2,L2,L1,C1_3,D1_3,F1_1,L2,L2,,,
430709,L3,L1,L2,L2,L1,L1,L2,L2,L1,C1_3,D1_3,F1_1,L2,L3,,,
430710,L3,L1,L2,L2,L1,L1,L2,L2,L1,C1_3,D1_3,F1_1,L3,L1,,,
430711,L3,L1,L2,L2,L1,L1,L2,L2,L1,C1_3,D1_3,F1_1,L3,L2,,,
430712,L3,L1,L2,L2,L1,L1,L2,L2,L1,C1_3,D1_3,F1_1,L3,L3,,,
430713,L3,L1,L2,L2,L1,L1,L2,L2,L1,C1_3,D1_3,F1_2,L1,L1,,,
430714,L3,L1,L2,L2,L1,L1,L2,L2,L1,C1_3,D1_3,F1_2,L1,L2,,,
430715,L3,L1,L2,L2,L1,L1,L2,L2,L1,C1_3,D1_3,F1_2,L1,L3,,,
430716,L3,L1,L2,L2,L1,L1,L2,L2,L1,C1_3,D1_3,F1_2,L2,L1,,,
430717,L3,L1,L2,L2,L1,L1,L2,L2,L1,C1_3,D1_3,F1_2,L2,L2,,,
430718,L3,L1,L2,L2,L1,L1,L2,L2,L1,C1_3,D1_3,F1_2,L2,L3,,,
430719,L3,L1,L2,L2,L1,L1,L2,L2,L1,C1_3,D1_3,F1_2,L3,L1,,,
430720,L3,L1,L2,L2,L1,L1,L2,L2,L1,C1_3,D1_3,F1_2,L3,L2,,,
430721,L3,L1,L2,L2,L1,L1,L2,L2,L1,C1_3,D1_3,F1_2,L3,L3,,,
430722,L3,L1,L2,L2,L1,L1,L2,L2,L1,C1_3,D1_3,F1_3,L1,L1,,,
430723,L3,L1,L2,L2,L1,L1,L2,L2,L1,C1_3,D1_3,F1_3,L1,L2,,,
430724,L3,L1,L2,L2,L1,L1,L2,L2,L1,C1_3,D1_3,F1_3,L1,L3,,,
430725,L3,L1,L2,L2,L1,L1,L2,L2,L1,C1_3,D1_3,F1_3,L2,L1,,,
430726,L3,L1,L2,L2,L1,L1,L2,L2,L1,C1_3,D1_3,F1_3,L2,L2,,,
430727,L3,L1,L2,L2,L1,L1,L2,L2,L1,C1_3,D1_3,F1_3,L2,L3,,,
430728,L3,L1,L2,L2,L1,L1,L2,L2,L1,C1_3,D1_3,F1_3,L3,L1,,,
430729,L3,L1,L2,L2,L1,L1,L2,L2,L1,C1_3,D1_3,F1_3,L3,L2,,,
430730,L3,L1,L2,L2,L1,L1,L2,L2,L1,C1_3,D1_3,F1_3,L3,L3,,,
434079,L3,L3,L2,L1,L3,L1,L2,L2,L1,C1_1,D1_1,F1_1,L1,L1,,,
434080,L3,L3,L2,L1,L3,L1,L2,L2,L1,C1_1,D1_1,F1_1,L1,L2,,,
434081,L3,L3,L2,L1,L3,L1,L2,L2,L1,C1_1,D1_1,F1_1,L1,L3,,,
434082,L3,L3,L2,L1,L3,L1,L2,L2,L1,C1_1,D1_1,F1_1,L2,L1,,,
434083,L3,L3,L2,L1,L3,L1,L2,L2,L1,C1_1,D1_1,F1_1,L2,L2,,,
434084,L3,L3,L2,L1,L3,L1,L2,L2,L1,C1_1,D1_1,F1_1,L2,L3,,,
434085,L3,L3,L2,L1,L3,L1,L2,L2,L1,C1_1,D1_1,F1_1,L3,L1,,,
434086,L3,L3,L2,L1,L3,L1,L2,L2,L1,C1_1,D1_1,F1_1,L3,L2,,,
434087,L3,L3,L2,L1,L3,L1,L2,L2,L1,C1_1,D1_1,F1_1,L3,L3,,,
434088,L3,L3,L2,L1,L3,L1,L2,L2,L1,C1_1,D1_1,F1_2,L1,L1,,,
434089,L3,L3,L2,L1,L3,L1,L2,L2,L1,C1_1,D1_1,F1_2,L1,L2,,,
434090,L3,L3,L2,L1,L3,L1,L2,L2,L1,C1_1,D1_1,F1_2,L1,L3,,,
434091,L3,L3,L2,L1,L3,L1,L2,L2,L1,C1_1,D1_1,F1_2,L2,L1,,,
434092,L3,L3,L2,L1,L3,L1,L2,L2,L1,C1_1,D1_1,F1_2,L2,L2,,,
434093,L3,L3,L2,L1,L3,L1,L2,L2,L1,C1_1,D1_1,F1_2,L2,L3,,,
434094,L3,L3,L2,L1,L3,L1,L2,L2,L1,C1_1,D1_1,F1_2,L3,L1,,,
434095,L3,L3,L2,L1,L3,L1,L2,L2,L1,C1_1,D1_1,F1_2,L3,L2,,,
434096,L3,L3,L2,L1,L3,L1,L2,L2,L1,C1_1,D1_1,F1_2,L3,L3,,,
434097,L3,L3,L2,L1,L3,L1,L2,L2,L1,C1_1,D1_1,F1_3,L1,L1,,,
434098,L3,L3,L2,L1,L3,L1,L2,L2,L1,C1_1,D1_1,F1_3,L1,L2,,,
434099,L3,L3,L2,L1,L3,L1,L2,L2,L1,C1_1,D1_1,F1_3,L1,L3,,,
434100,L3,L3,L2,L1,L3,L1,L2,L2,L1,C1_1,D1_1,F1_3,L2,L1,,,
434101,L3,L3,L2,L1,L3,L1,L2,L2,L1,C1_1,D1_1,F1_3,L2,L2,,,
434102,L3,L3,L2,L1,L3,L1,L2,L2,L1,C1_1,D1_1,F1_3,L2,L3,,,
434103,L3,L3,L2,L1,L3,L1,L2,L2,L1,C1_1,D1_1,F1_3,L3,L1,,,
434104,L3,L3,L2,L1,L3,L1,L2,L2,L1,C1_1,D1_1,F1_3,L3,L2,,,
434105,L3,L3,L2,L1,L3,L1,L2,L2,L1,C1_1,D1_1,F1_3,L3,L3,,,
434106,L3,L3,L2,L1,L3,L1,L2,L2,L1,C1_1,D1_2,F1_1,L1,L1,,,
434107,L3,L3,L2,L1,L3,L1,L2,L2,L1,C1_1,D1_2,F1_1,L1,L2,,,
434108,L3,L3,L2,L1,L3,L1,L2,L2,L1,C1_1,D1_2,F1_1,L1,L3,,,
434109,L3,L3,L2,L1,L3,L1,L2,L2,L1,C1_1,D1_2,F1_1,L2,L1,,,
434110,L3,L3,L2,L1,L3,L1,L2,L2,L1,C1_1,D1_2,F1_1,L2,L2,,,
434111,L3,L3,L2,L1,L3,L1,L2,L2,L1,C1_1,D1_2,F1_1,L2,L3,,,
434112,L3,L3,L2,L1,L3,L1,L2,L2,L1,C1_1,D1_2,F1_1,L3,L1,,,
434113,L3,L3,L2,L1,L3,L1,L2,L2,L1,C1_1,D1_2,F1_1,L3,L2,,,
434114,L3,L3,L2,L1,L3,L1,L2,L2,L1,C1_1,D1_2,F1_1,L3,L3,,,
434115,L3,L3,L2,L1,L3,L1,L2,L2,L1,C1_1,D1_2,F1_2,L1,L1,,,
434116,L3,L3,L2,L1,L3,L1,L2,L2,L1,C1_1,D1_2,F1_2,L1,L2,,,
434117,L3,L3,L2,L1,L3,L1,L2,L2,L1,C1_1,D1_2,F1_2,L1,L3,,,
434118,L3,L3,L2,L1,L3,L1,L2,L2,L1,C1_1,D1_2,F1_2,L2,L1,,,
434119,L3,L3,L2,L1,L3,L1,L2,L2,L1,C1_1,D1_2,F1_2,L2,L2,,,
434120,L3,L3,L2,L1,L3,L1,L2,L2,L1,C1_1,D1_2,F1_2,L2,L3,,,
434121,L3,L3,L2,L1,L3,L1,L2,L2,L1,C1_1,D1_2,F1_2,L3,L1,,,
434122,L3,L3,L2,L1,L3,L1,L2,L2,L1,C1_1,D1_2,F1_2,L3,L2,,,
434123,L3,L3,L2,L1,L3,L1,L2,L2,L1,C1_1,D1_2,F1_2,L3,L3,,,
434124,L3,L3,L2,L1,L3,L1,L2,L2,L1,C1_1,D1_2,F1_3,L1,L1,,,
434125,L3,L3,L2,L1,L3,L1,L2,L2,L1,C1_1,D1_2,F1_3,L1,L2,,,
434126,L3,L3,L2,L1,L3,L1,L2,L2,L1,C1_1,D1_2,F1_3,L1,L3,,,
434127,L3,L3,L2,L1,L3,L1,L2,L2,L1,C1_1,D1_2,F1_3,L2,L1,,,
434128,L3,L3,L2,L1,L3,L1,L2,L2,L1,C1_1,D1_2,F1_3,L2,L2,,,
434129,L3,L3,L2,L1,L3,L1,L2,L2,L1,C1_1,D1_2,F1_3,L2,L3,,,
434130,L3,L3,L2,L1,L3,L1,L2,L2,L1,C1_1,D1_2,F1_3,L3,L1,,,
434131,L3,L3,L2,L1,L3,L1,L2,L2,L1,C1_1,D1_2,F1_3,L3,L2,,,
434132,L3,L3,L2,L1,L3,L1,L2,L2,L1,C1_1,D1_2,F1_3,L3,L3,,,
434133,L3,L3,L2,L1,L3,L1,L2,L2,L1,C1_1,D1_3,F1_1,L1,L1,,,
434134,L3,L3,L2,L1,L3,L1,L2,L2,L1,C1_1,D1_3,F1_1,L1,L2,,,
434135,L3,L3,L2,L1,L3,L1,L2,L2,L1,C1_1,D1_3,F1_1,L1,L3,,,
434136,L3,L3,L2,L1,L3,L1,L2,L2,L1,C1_1,D1_3,F1_1,L2,L1,,,
434137,L3,L3,L2,L1,L3,L1,L2,L2,L1,C1_1,D1_3,F1_1,L2,L2,,,
434138,L3,L3,L2,L1,L3,L1,L2,L2,L1,C1_1,D1_3,F1_1,L2,L3,,,
434139,L3,L3,L2,L1,L3,L1,L2,L2,L1,C1_1,D1_3,F1_1,L3,L1,,,
434140,L3,L3,L2,L1,L3,L1,L2,L2,L1,C1_1,D1_3,F1_1,L3,L2,,,
434141,L3,L3,L2,L1,L3,L1,L2,L2,L1,C1_1,D1_3,F1_1,L3,L3,,,
434142,L3,L3,L2,L1,L3,L1,L2,L2,L1,C1_1,D1_3,F1_2,L1,L1,,,
434143,L3,L3,L2,L1,L3,L1,L2,L2,L1,C1_1,D1_3,F1_2,L1,L2,,,
434144,L3,L3,L2,L1,L3,L1,L2,L2,L1,C1_1,D1_3,F1_2,L1,L3,,,
434145,L3,L3,L2,L1,L3,L1,L2,L2,L1,C1_1,D1_3,F1_2,L2,L1,,,
434146,L3,L3,L2,L1,L3,L1,L2,L2,L1,C1_1,D1_3,F1_2,L2,L2,,,
434147,L3,L3,L2,L1,L3,L1,L2,L2,L1,C1_1,D1_3,F1_2,L2,L3,,,
434148,L3,L3,L2,L1,L3,L1,L2,L2,L1,C1_1,D1_3,F1_2,L3,L1,,,
434149,L3,L3,L2,L1,L3,L1,L2,L2,L1,C1_1,D1_3,F1_2,L3,L2,,,
434150,L3,L3,L2,L1,L3,L1,L2,L2,L1,C1_1,D1_3,F1_2,L3,L3,,,
434151,L3,L3,L2,L1,L3,L1,L2,L2,L1,C1_1,D1_3,F1_3,L1,L1,,,
434152,L3,L3,L2,L1,L3,L1,L2,L2,L1,C1_1,D1_3,F1_3,L1,L2,,,
434153,L3,L3,L2,L1,L3,L1,L2,L2,L1,C1_1,D1_3,F1_3,L1,L3,,,
434154,L3,L3,L2,L1,L3,L1,L2,L2,L1,C1_1,D1_3,F1_3,L2,L1,,,
434155,L3,L3,L2,L1,L3,L1,L2,L2,L1,C1_1,D1_3,F1_3,L2,L2,,,
434156,L3,L3,L2,L1,L3,L1,L2,L2,L1,C1_1,D1_3,F1_3,L2,L3,,,
434157,L3,L3,L2,L1,L3,L1,L2,L2,L1,C1_1,D1_3,F1_3,L3,L1,,,
434158,L3,L3,L2,L1,L3,L1,L2,L2,L1,C1_1,D1_3,F1_3,L3,L2,,,
434159,L3,L3,L2,L1,L3,L1,L2,L2,L1,C1_1,D1_3,F1_3,L3,L3,,,
434160,L3,L3,L2,L1,L3,L1,L2,L2,L1,C1_2,D1_1,F1_1,L1,L1,,,
434161,L3,L3,L2,L1,L3,L1,L2,L2,L1,C1_2,D1_1,F1_1,L1,L2,,,
434162,L3,L3,L2,L1,L3,L1,L2,L2,L1,C1_2,D1_1,F1_1,L1,L3,,,
434163,L3,L3,L2,L1,L3,L1,L2,L2,L1,C1_2,D1_1,F1_1,L2,L1,,,
434164,L3,L3,L2,L1,L3,L1,L2,L2,L1,C1_2,D1_1,F1_1,L2,L2,,,
434165,L3,L3,L2,L1,L3,L1,L2,L2,L1,C1_2,D1_1,F1_1,L2,L3,,,
434166,L3,L3,L2,L1,L3,L1,L2,L2,L1,C1_2,D1_1,F1_1,L3,L1,,,
434167,L3,L3,L2,L1,L3,L1,L2,L2,L1,C1_2,D1_1,F1_1,L3,L2,,,
434168,L3,L3,L2,L1,L3,L1,L2,L2,L1,C1_2,D1_1,F1_1,L3,L3,,,
434169,L3,L3,L2,L1,L3,L1,L2,L2,L1,C1_2,D1_1,F1_2,L1,L1,,,
434170,L3,L3,L2,L1,L3,L1,L2,L2,L1,C1_2,D1_1,F1_2,L1,L2,,,
434171,L3,L3,L2,L1,L3,L1,L2,L2,L1,C1_2,D1_1,F1_2,L1,L3,,,
434172,L3,L3,L2,L1,L3,L1,L2,L2,L1,C1_2,D1_1,F1_2,L2,L1,,,
434173,L3,L3,L2,L1,L3,L1,L2,L2,L1,C1_2,D1_1,F1_2,L2,L2,,,
434174,L3,L3,L2,L1,L3,L1,L2,L2,L1,C1_2,D1_1,F1_2,L2,L3,,,
434175,L3,L3,L2,L1,L3,L1,L2,L2,L1,C1_2,D1_1,F1_2,L3,L1,,,
434176,L3,L3,L2,L1,L3,L1,L2,L2,L1,C1_2,D1_1,F1_2,L3,L2,,,
434177,L3,L3,L2,L1,L3,L1,L2,L2,L1,C1_2,D1_1,F1_2,L3,L3,,,
434178,L3,L3,L2,L1,L3,L1,L2,L2,L1,C1_2,D1_1,F1_3,L1,L1,,,
434179,L3,L3,L2,L1,L3,L1,L2,L2,L1,C1_2,D1_1,F1_3,L1,L2,,,
434180,L3,L3,L2,L1,L3,L1,L2,L2,L1,C1_2,D1_1,F1_3,L1,L3,,,
434181,L3,L3,L2,L1,L3,L1,L2,L2,L1,C1_2,D1_1,F1_3,L2,L1,,,
434182,L3,L3,L2,L1,L3,L1,L2,L2,L1,C1_2,D1_1,F1_3,L2,L2,,,
434183,L3,L3,L2,L1,L3,L1,L2,L2,L1,C1_2,D1_1,F1_3,L2,L3,,,
434184,L3,L3,L2,L1,L3,L1,L2,L2,L1,C1_2,D1_1,F1_3,L3,L1,,,
434185,L3,L3,L2,L1,L3,L1,L2,L2,L1,C1_2,D1_1,F1_3,L3,L2,,,
434186,L3,L3,L2,L1,L3,L1,L2,L2,L1,C1_2,D1_1,F1_3,L3,L3,,,
434187,L3,L3,L2,L1,L3,L1,L2,L2,L1,C1_2,D1_2,F1_1,L1,L1,,,
434188,L3,L3,L2,L1,L3,L1,L2,L2,L1,C1_2,D1_2,F1_1,L1,L2,,,
434189,L3,L3,L2,L1,L3,L1,L2,L2,L1,C1_2,D1_2,F1_1,L1,L3,,,
434190,L3,L3,L2,L1,L3,L1,L2,L2,L1,C1_2,D1_2,F1_1,L2,L1,,,
434191,L3,L3,L2,L1,L3,L1,L2,L2,L1,C1_2,D1_2,F1_1,L2,L2,,,
434192,L3,L3,L2,L1,L3,L1,L2,L2,L1,C1_2,D1_2,F1_1,L2,L3,,,
434193,L3,L3,L2,L1,L3,L1,L2,L2,L1,C1_2,D1_2,F1_1,L3,L1,,,
434194,L3,L3,L2,L1,L3,L1,L2,L2,L1,C1_2,D1_2,F1_1,L3,L2,,,
434195,L3,L3,L2,L1,L3,L1,L2,L2,L1,C1_2,D1_2,F1_1,L3,L3,,,
434196,L3,L3,L2,L1,L3,L1,L2,L2,L1,C1_2,D1_2,F1_2,L1,L1,,,
434197,L3,L3,L2,L1,L3,L1,L2,L2,L1,C1_2,D1_2,F1_2,L1,L2,,,
434198,L3,L3,L2,L1,L3,L1,L2,L2,L1,C1_2,D1_2,F1_2,L1,L3,,,
434199,L3,L3,L2,L1,L3,L1,L2,L2,L1,C1_2,D1_2,F1_2,L2,L1,,,
434200,L3,L3,L2,L1,L3,L1,L2,L2,L1,C1_2,D1_2,F1_2,L2,L2,,,
434201,L3,L3,L2,L1,L3,L1,L2,L2,L1,C1_2,D1_2,F1_2,L2,L3,,,
434202,L3,L3,L2,L1,L3,L1,L2,L2,L1,C1_2,D1_2,F1_2,L3,L1,,,
434203,L3,L3,L2,L1,L3,L1,L2,L2,L1,C1_2,D1_2,F1_2,L3,L2,,,
434204,L3,L3,L2,L1,L3,L1,L2,L2,L1,C1_2,D1_2,F1_2,L3,L3,,,
434205,L3,L3,L2,L1,L3,L1,L2,L2,L1,C1_2,D1_2,F1_3,L1,L1,,,
434206,L3,L3,L2,L1,L3,L1,L2,L2,L1,C1_2,D1_2,F1_3,L1,L2,,,
434207,L3,L3,L2,L1,L3,L1,L2,L2,L1,C1_2,D1_2,F1_3,L1,L3,,,
434208,L3,L3,L2,L1,L3,L1,L2,L2,L1,C1_2,D1_2,F1_3,L2,L1,,,
434209,L3,L3,L2,L1,L3,L1,L2,L2,L1,C1_2,D1_2,F1_3,L2,L2,,,
434210,L3,L3,L2,L1,L3,L1,L2,L2,L1,C1_2,D1_2,F1_3,L2,L3,,,
434211,L3,L3,L2,L1,L3,L1,L2,L2,L1,C1_2,D1_2,F1_3,L3,L1,,,
434212,L3,L3,L2,L1,L3,L1,L2,L2,L1,C1_2,D1_2,F1_3,L3,L2,,,
434213,L3,L3,L2,L1,L3,L1,L2,L2,L1,C1_2,D1_2,F1_3,L3,L3,,,
434214,L3,L3,L2,L1,L3,L1,L2,L2,L1,C1_2,D1_3,F1_1,L1,L1,,,
434215,L3,L3,L2,L1,L3,L1,L2,L2,L1,C1_2,D1_3,F1_1,L1,L2,,,
434216,L3,L3,L2,L1,L3,L1,L2,L2,L1,C1_2,D1_3,F1_1,L1,L3,,,
434217,L3,L3,L2,L1,L3,L1,L2,L2,L1,C1_2,D1_3,F1_1,L2,L1,,,
434218,L3,L3,L2,L1,L3,L1,L2,L2,L1,C1_2,D1_3,F1_1,L2,L2,,,
434219,L3,L3,L2,L1,L3,L1,L2,L2,L1,C1_2,D1_3,F1_1,L2,L3,,,
434220,L3,L3,L2,L1,L3,L1,L2,L2,L1,C1_2,D1_3,F1_1,L3,L1,,,
434221,L3,L3,L2,L1,L3,L1,L2,L2,L1,C1_2,D1_3,F1_1,L3,L2,,,
434222,L3,L3,L2,L1,L3,L1,L2,L2,L1,C1_2,D1_3,F1_1,L3,L3,,,
434223,L3,L3,L2,L1,L3,L1,L2,L2,L1,C1_2,D1_3,F1_2,L1,L1,,,
434224,L3,L3,L2,L1,L3,L1,L2,L2,L1,C1_2,D1_3,F1_2,L1,L2,,,
434225,L3,L3,L2,L1,L3,L1,L2,L2,L1,C1_2,D1_3,F1_2,L1,L3,,,
434226,L3,L3,L2,L1,L3,L1,L2,L2,L1,C1_2,D1_3,F1_2,L2,L1,,,
434227,L3,L3,L2,L1,L3,L1,L2,L2,L1,C1_2,D1_3,F1_2,L2,L2,,,
434228,L3,L3,L2,L1,L3,L1,L2,L2,L1,C1_2,D1_3,F1_2,L2,L3,,,
434229,L3,L3,L2,L1,L3,L1,L2,L2,L1,C1_2,D1_3,F1_2,L3,L1,,,
434230,L3,L3,L2,L1,L3,L1,L2,L2,L1,C1_2,D1_3,F1_2,L3,L2,,,
434231,L3,L3,L2,L1,L3,L1,L2,L2,L1,C1_2,D1_3,F1_2,L3,L3,,,
434232,L3,L3,L2,L1,L3,L1,L2,L2,L1,C1_2,D1_3,F1_3,L1,L1,,,
434233,L3,L3,L2,L1,L3,L1,L2,L2,L1,C1_2,D1_3,F1_3,L1,L2,,,
434234,L3,L3,L2,L1,L3,L1,L2,L2,L1,C1_2,D1_3,F1_3,L1,L3,,,
434235,L3,L3,L2,L1,L3,L1,L2,L2,L1,C1_2,D1_3,F1_3,L2,L1,,,
434236,L3,L3,L2,L1,L3,L1,L2,L2,L1,C1_2,D1_3,F1_3,L2,L2,,,
434237,L3,L3,L2,L1,L3,L1,L2,L2,L1,C1_2,D1_3,F1_3,L2,L3,,,
434238,L3,L3,L2,L1,L3,L1,L2,L2,L1,C1_2,D1_3,F1_3,L3,L1,,,
434239,L3,L3,L2,L1,L3,L1,L2,L2,L1,C1_2,D1_3,F1_3,L3,L2,,,
434240,L3,L3,L2,L1,L3,L1,L2,L2,L1,C1_2,D1_3,F1_3,L3,L3,,,
434241,L3,L3,L2,L1,L3,L1,L2,L2,L1,C1_3,D1_1,F1_1,L1,L1,,,
434242,L3,L3,L2,L1,L3,L1,L2,L2,L1,C1_3,D1_1,F1_1,L1,L2,,,
434243,L3,L3,L2,L1,L3,L1,L2,L2,L1,C1_3,D1_1,F1_1,L1,L3,,,
434244,L3,L3,L2,L1,L3,L1,L2,L2,L1,C1_3,D1_1,F1_1,L2,L1,,,
434245,L3,L3,L2,L1,L3,L1,L2,L2,L1,C1_3,D1_1,F1_1,L2,L2,,,
434246,L3,L3,L2,L1,L3,L1,L2,L2,L1,C1_3,D1_1,F1_1,L2,L3,,,
434247,L3,L3,L2,L1,L3,L1,L2,L2,L1,C1_3,D1_1,F1_1,L3,L1,,,
434248,L3,L3,L2,L1,L3,L1,L2,L2,L1,C1_3,D1_1,F1_1,L3,L2,,,
434249,L3,L3,L2,L1,L3,L1,L2,L2,L1,C1_3,D1_1,F1_1,L3,L3,,,
434250,L3,L3,L2,L1,L3,L1,L2,L2,L1,C1_3,D1_1,F1_2,L1,L1,,,
434251,L3,L3,L2,L1,L3,L1,L2,L2,L1,C1_3,D1_1,F1_2,L1,L2,,,
434252,L3,L3,L2,L1,L3,L1,L2,L2,L1,C1_3,D1_1,F1_2,L1,L3,,,
434253,L3,L3,L2,L1,L3,L1,L2,L2,L1,C1_3,D1_1,F1_2,L2,L1,,,
434254,L3,L3,L2,L1,L3,L1,L2,L2,L1,C1_3,D1_1,F1_2,L2,L2,,,
434255,L3,L3,L2,L1,L3,L1,L2,L2,L1,C1_3,D1_1,F1_2,L2,L3,,,
434256,L3,L3,L2,L1,L3,L1,L2,L2,L1,C1_3,D1_1,F1_2,L3,L1,,,
434257,L3,L3,L2,L1,L3,L1,L2,L2,L1,C1_3,D1_1,F1_2,L3,L2,,,
434258,L3,L3,L2,L1,L3,L1,L2,L2,L1,C1_3,D1_1,F1_2,L3,L3,,,
434259,L3,L3,L2,L1,L3,L1,L2,L2,L1,C1_3,D1_1,F1_3,L1,L1,,,
434260,L3,L3,L2,L1,L3,L1,L2,L2,L1,C1_3,D1_1,F1_3,L1,L2,,,
434261,L3,L3,L2,L1,L3,L1,L2,L2,L1,C1_3,D1_1,F1_3,L1,L3,,,
434262,L3,L3,L2,L1,L3,L1,L2,L2,L1,C1_3,D1_1,F1_3,L2,L1,,,
434263,L3,L3,L2,L1,L3,L1,L2,L2,L1,C1_3,D1_1,F1_3,L2,L2,,,
434264,L3,L3,L2,L1,L3,L1,L2,L2,L1,C1_3,D1_1,F1_3,L2,L3,,,
434265,L3,L3,L2,L1,L3,L1,L2,L2,L1,C1_3,D1_1,F1_3,L3,L1,,,
434266,L3,L3,L2,L1,L3,L1,L2,L2,L1,C1_3,D1_1,F1_3,L3,L2,,,
434267,L3,L3,L2,L1,L3,L1,L2,L2,L1,C1_3,D1_1,F1_3,L3,L3,,,
434268,L3,L3,L2,L1,L3,L1,L2,L2,L1,C1_3,D1_2,F1_1,L1,L1,,,
434269,L3,L3,L2,L1,L3,L1,L2,L2,L1,C1_3,D1_2,F1_1,L1,L2,,,
434270,L3,L3,L2,L1,L3,L1,L2,L2,L1,C1_3,D1_2,F1_1,L1,L3,,,
434271,L3,L3,L2,L1,L3,L1,L2,L2,L1,C1_3,D1_2,F1_1,L2,L1,,,
434272,L3,L3,L2,L1,L3,L1,L2,L2,L1,C1_3,D1_2,F1_1,L2,L2,,,
434273,L3,L3,L2,L1,L3,L1,L2,L2,L1,C1_3,D1_2,F1_1,L2,L3,,,
434274,L3,L3,L2,L1,L3,L1,L2,L2,L1,C1_3,D1_2,F1_1,L3,L1,,,
434275,L3,L3,L2,L1,L3,L1,L2,L2,L1,C1_3,D1_2,F1_1,L3,L2,,,
434276,L3,L3,L2,L1,L3,L1,L2,L2,L1,C1_3,D1_2,F1_1,L3,L3,,,
434277,L3,L3,L2,L1,L3,L1,L2,L2,L1,C1_3,D1_2,F1_2,L1,L1,,,
434278,L3,L3,L2,L1,L3,L1,L2,L2,L1,C1_3,D1_2,F1_2,L1,L2,,,
434279,L3,L3,L2,L1,L3,L1,L2,L2,L1,C1_3,D1_2,F1_2,L1,L3,,,
434280,L3,L3,L2,L1,L3,L1,L2,L2,L1,C1_3,D1_2,F1_2,L2,L1,,,
434281,L3,L3,L2,L1,L3,L1,L2,L2,L1,C1_3,D1_2,F1_2,L2,L2,,,
434282,L3,L3,L2,L1,L3,L1,L2,L2,L1,C1_3,D1_2,F1_2,L2,L3,,,
434283,L3,L3,L2,L1,L3,L1,L2,L2,L1,C1_3,D1_2,F1_2,L3,L1,,,
434284,L3,L3,L2,L1,L3,L1,L2,L2,L1,C1_3,D1_2,F1_2,L3,L2,,,
434285,L3,L3,L2,L1,L3,L1,L2,L2,L1,C1_3,D1_2,F1_2,L3,L3,,,
434286,L3,L3,L2,L1,L3,L1,L2,L2,L1,C1_3,D1_2,F1_3,L1,L1,,,
434287,L3,L3,L2,L1,L3,L1,L2,L2,L1,C1_3,D1_2,F1_3,L1,L2,,,
434288,L3,L3,L2,L1,L3,L1,L2,L2,L1,C1_3,D1_2,F1_3,L1,L3,,,
434289,L3,L3,L2,L1,L3,L1,L2,L2,L1,C1_3,D1_2,F1_3,L2,L1,,,
434290,L3,L3,L2,L1,L3,L1,L2,L2,L1,C1_3,D1_2,F1_3,L2,L2,,,
434291,L3,L3,L2,L1,L3,L1,L2,L2,L1,C1_3,D1_2,F1_3,L2,L3,,,
434292,L3,L3,L2,L1,L3,L1,L2,L2,L1,C1_3,D1_2,F1_3,L3,L1,,,
434293,L3,L3,L2,L1,L3,L1,L2,L2,L1,C1_3,D1_2,F1_3,L3,L2,,,
434294,L3,L3,L2,L1,L3,L1,L2,L2,L1,C1_3,D1_2,F1_3,L3,L3,,,
434295,L3,L3,L2,L1,L3,L1,L2,L2,L1,C1_3,D1_3,F1_1,L1,L1,,,
434296,L3,L3,L2,L1,L3,L1,L2,L2,L1,C1_3,D1_3,F1_1,L1,L2,,,
434297,L3,L3,L2,L1,L3,L1,L2,L2,L1,C1_3,D1_3,F1_1,L1,L3,,,
434298,L3,L3,L2,L1,L3,L1,L2,L2,L1,C1_3,D1_3,F1_1,L2,L1,,,
434299,L3,L3,L2,L1,L3,L1,L2,L2,L1,C1_3,D1_3,F1_1,L2,L2,,,
434300,L3,L3,L2,L1,L3,L1,L2,L2,L1,C1_3,D1_3,F1_1,L2,L3,,,
434301,L3,L3,L2,L1,L3,L1,L2,L2,L1,C1_3,D1_3,F1_1,L3,L1,,,
434302,L3,L3,L2,L1,L3,L1,L2,L2,L1,C1_3,D1_3,F1_1,L3,L2,,,
434303,L3,L3,L2,L1,L3,L1,L2,L2,L1,C1_3,D1_3,F1_1,L3,L3,,,
434304,L3,L3,L2,L1,L3,L1,L2,L2,L1,C1_3,D1_3,F1_2,L1,L1,,,
434305,L3,L3,L2,L1,L3,L1,L2,L2,L1,C1_3,D1_3,F1_2,L1,L2,,,
434306,L3,L3,L2,L1,L3,L1,L2,L2,L1,C1_3,D1_3,F1_2,L1,L3,,,
434307,L3,L3,L2,L1,L3,L1,L2,L2,L1,C1_3,D1_3,F1_2,L2,L1,,,
434308,L3,L3,L2,L1,L3,L1,L2,L2,L1,C1_3,D1_3,F1_2,L2,L2,,,
434309,L3,L3,L2,L1,L3,L1,L2,L2,L1,C1_3,D1_3,F1_2,L2,L3,,,
434310,L3,L3,L2,L1,L3,L1,L2,L2,L1,C1_3,D1_3,F1_2,L3,L1,,,
434311,L3,L3,L2,L1,L3,L1,L2,L2,L1,C1_3,D1_3,F1_2,L3,L2,,,
434312,L3,L3,L2,L1,L3,L1,L2,L2,L1,C1_3,D1_3,F1_2,L3,L3,,,
434313,L3,L3,L2,L1,L3,L1,L2,L2,L1,C1_3,D1_3,F1_3,L1,L1,,,
434314,L3,L3,L2,L1,L3,L1,L2,L2,L1,C1_3,D1_3,F1_3,L1,L2,,,
434315,L3,L3,L2,L1,L3,L1,L2,L2,L1,C1_3,D1_3,F1_3,L1,L3,,,
434316,L3,L3,L2,L1,L3,L1,L2,L2,L1,C1_3,D1_3,F1_3,L2,L1,,,
434317,L3,L3,L2,L1,L3,L1,L2,L2,L1,C1_3,D1_3,F1_3,L2,L2,,,
434318,L3,L3,L2,L1,L3,L1,L2,L2,L1,C1_3,D1_3,F1_3,L2,L3,,,
434319,L3,L3,L2,L1,L3,L1,L2,L2,L1,C1_3,D1_3,F1_3,L3,L1,,,
434320,L3,L3,L2,L1,L3,L1,L2,L2,L1,C1_3,D1_3,F1_3,L3,L2,,,
434321,L3,L3,L2,L1,L3,L1,L2,L2,L1,C1_3,D1_3,F1_3,L3,L3,,,
449604,L3,L1,L3,L2,L3,L1,L2,L2,L1,C1_1,D1_1,F1_1,L1,L1,,,
449605,L3,L1,L3,L2,L3,L1,L2,L2,L1,C1_1,D1_1,F1_1,L1,L2,,,
449606,L3,L1,L3,L2,L3,L1,L2,L2,L1,C1_1,D1_1,F1_1,L1,L3,,,
449607,L3,L1,L3,L2,L3,L1,L2,L2,L1,C1_1,D1_1,F1_1,L2,L1,,,
449608,L3,L1,L3,L2,L3,L1,L2,L2,L1,C1_1,D1_1,F1_1,L2,L2,,,
449609,L3,L1,L3,L2,L3,L1,L2,L2,L1,C1_1,D1_1,F1_1,L2,L3,,,
449610,L3,L1,L3,L2,L3,L1,L2,L2,L1,C1_1,D1_1,F1_1,L3,L1,,,
449611,L3,L1,L3,L2,L3,L1,L2,L2,L1,C1_1,D1_1,F1_1,L3,L2,,,
449612,L3,L1,L3,L2,L3,L1,L2,L2,L1,C1_1,D1_1,F1_1,L3,L3,,,
449613,L3,L1,L3,L2,L3,L1,L2,L2,L1,C1_1,D1_1,F1_2,L1,L1,,,
449614,L3,L1,L3,L2,L3,L1,L2,L2,L1,C1_1,D1_1,F1_2,L1,L2,,,
449615,L3,L1,L3,L2,L3,L1,L2,L2,L1,C1_1,D1_1,F1_2,L1,L3,,,
449616,L3,L1,L3,L2,L3,L1,L2,L2,L1,C1_1,D1_1,F1_2,L2,L1,,,
449617,L3,L1,L3,L2,L3,L1,L2,L2,L1,C1_1,D1_1,F1_2,L2,L2,,,
449618,L3,L1,L3,L2,L3,L1,L2,L2,L1,C1_1,D1_1,F1_2,L2,L3,,,
449619,L3,L1,L3,L2,L3,L1,L2,L2,L1,C1_1,D1_1,F1_2,L3,L1,,,
449620,L3,L1,L3,L2,L3,L1,L2,L2,L1,C1_1,D1_1,F1_2,L3,L2,,,
449621,L3,L1,L3,L2,L3,L1,L2,L2,L1,C1_1,D1_1,F1_2,L3,L3,,,
449622,L3,L1,L3,L2,L3,L1,L2,L2,L1,C1_1,D1_1,F1_3,L1,L1,,,
449623,L3,L1,L3,L2,L3,L1,L2,L2,L1,C1_1,D1_1,F1_3,L1,L2,,,
449624,L3,L1,L3,L2,L3,L1,L2,L2,L1,C1_1,D1_1,F1_3,L1,L3,,,
449625,L3,L1,L3,L2,L3,L1,L2,L2,L1,C1_1,D1_1,F1_3,L2,L1,,,
449626,L3,L1,L3,L2,L3,L1,L2,L2,L1,C1_1,D1_1,F1_3,L2,L2,,,
449627,L3,L1,L3,L2,L3,L1,L2,L2,L1,C1_1,D1_1,F1_3,L2,L3,,,
449628,L3,L1,L3,L2,L3,L1,L2,L2,L1,C1_1,D1_1,F1_3,L3,L1,,,
449629,L3,L1,L3,L2,L3,L1,L2,L2,L1,C1_1,D1_1,F1_3,L3,L2,,,
449630,L3,L1,L3,L2,L3,L1,L2,L2,L1,C1_1,D1_1,F1_3,L3,L3,,,
449631,L3,L1,L3,L2,L3,L1,L2,L2,L1,C1_1,D1_2,F1_1,L1,L1,,,
449632,L3,L1,L3,L2,L3,L1,L2,L2,L1,C1_1,D1_2,F1_1,L1,L2,,,
449633,L3,L1,L3,L2,L3,L1,L2,L2,L1,C1_1,D1_2,F1_1,L1,L3,,,
449634,L3,L1,L3,L2,L3,L1,L2,L2,L1,C1_1,D1_2,F1_1,L2,L1,,,
449635,L3,L1,L3,L2,L3,L1,L2,L2,L1,C1_1,D1_2,F1_1,L2,L2,,,
449636,L3,L1,L3,L2,L3,L1,L2,L2,L1,C1_1,D1_2,F1_1,L2,L3,,,
449637,L3,L1,L3,L2,L3,L1,L2,L2,L1,C1_1,D1_2,F1_1,L3,L1,,,
449638,L3,L1,L3,L2,L3,L1,L2,L2,L1,C1_1,D1_2,F1_1,L3,L2,,,
449639,L3,L1,L3,L2,L3,L1,L2,L2,L1,C1_1,D1_2,F1_1,L3,L3,,,
449640,L3,L1,L3,L2,L3,L1,L2,L2,L1,C1_1,D1_2,F1_2,L1,L1,,,
449641,L3,L1,L3,L2,L3,L1,L2,L2,L1,C1_1,D1_2,F1_2,L1,L2,,,
449642,L3,L1,L3,L2,L3,L1,L2,L2,L1,C1_1,D1_2,F1_2,L1,L3,,,
449643,L3,L1,L3,L2,L3,L1,L2,L2,L1,C1_1,D1_2,F1_2,L2,L1,,,
449644,L3,L1,L3,L2,L3,L1,L2,L2,L1,C1_1,D1_2,F1_2,L2,L2,,,
449645,L3,L1,L3,L2,L3,L1,L2,L2,L1,C1_1,D1_2,F1_2,L2,L3,,,
449646,L3,L1,L3,L2,L3,L1,L2,L2,L1,C1_1,D1_2,F1_2,L3,L1,,,
449647,L3,L1,L3,L2,L3,L1,L2,L2,L1,C1_1,D1_2,F1_2,L3,L2,,,
449648,L3,L1,L3,L2,L3,L1,L2,L2,L1,C1_1,D1_2,F1_2,L3,L3,,,
449649,L3,L1,L3,L2,L3,L1,L2,L2,L1,C1_1,D1_2,F1_3,L1,L1,,,
449650,L3,L1,L3,L2,L3,L1,L2,L2,L1,C1_1,D1_2,F1_3,L1,L2,,,
449651,L3,L1,L3,L2,L3,L1,L2,L2,L1,C1_1,D1_2,F1_3,L1,L3,,,
449652,L3,L1,L3,L2,L3,L1,L2,L2,L1,C1_1,D1_2,F1_3,L2,L1,,,
449653,L3,L1,L3,L2,L3,L1,L2,L2,L1,C1_1,D1_2,F1_3,L2,L2,,,
449654,L3,L1,L3,L2,L3,L1,L2,L2,L1,C1_1,D1_2,F1_3,L2,L3,,,
449655,L3,L1,L3,L2,L3,L1,L2,L2,L1,C1_1,D1_2,F1_3,L3,L1,,,
449656,L3,L1,L3,L2,L3,L1,L2,L2,L1,C1_1,D1_2,F1_3,L3,L2,,,
449657,L3,L1,L3,L2,L3,L1,L2,L2,L1,C1_1,D1_2,F1_3,L3,L3,,,
449658,L3,L1,L3,L2,L3,L1,L2,L2,L1,C1_1,D1_3,F1_1,L1,L1,,,
449659,L3,L1,L3,L2,L3,L1,L2,L2,L1,C1_1,D1_3,F1_1,L1,L2,,,
449660,L3,L1,L3,L2,L3,L1,L2,L2,L1,C1_1,D1_3,F1_1,L1,L3,,,
449661,L3,L1,L3,L2,L3,L1,L2,L2,L1,C1_1,D1_3,F1_1,L2,L1,,,
449662,L3,L1,L3,L2,L3,L1,L2,L2,L1,C1_1,D1_3,F1_1,L2,L2,,,
449663,L3,L1,L3,L2,L3,L1,L2,L2,L1,C1_1,D1_3,F1_1,L2,L3,,,
449664,L3,L1,L3,L2,L3,L1,L2,L2,L1,C1_1,D1_3,F1_1,L3,L1,,,
449665,L3,L1,L3,L2,L3,L1,L2,L2,L1,C1_1,D1_3,F1_1,L3,L2,,,
449666,L3,L1,L3,L2,L3,L1,L2,L2,L1,C1_1,D1_3,F1_1,L3,L3,,,
449667,L3,L1,L3,L2,L3,L1,L2,L2,L1,C1_1,D1_3,F1_2,L1,L1,,,
449668,L3,L1,L3,L2,L3,L1,L2,L2,L1,C1_1,D1_3,F1_2,L1,L2,,,
449669,L3,L1,L3,L2,L3,L1,L2,L2,L1,C1_1,D1_3,F1_2,L1,L3,,,
449670,L3,L1,L3,L2,L3,L1,L2,L2,L1,C1_1,D1_3,F1_2,L2,L1,,,
449671,L3,L1,L3,L2,L3,L1,L2,L2,L1,C1_1,D1_3,F1_2,L2,L2,,,
449672,L3,L1,L3,L2,L3,L1,L2,L2,L1,C1_1,D1_3,F1_2,L2,L3,,,
449673,L3,L1,L3,L2,L3,L1,L2,L2,L1,C1_1,D1_3,F1_2,L3,L1,,,
449674,L3,L1,L3,L2,L3,L1,L2,L2,L1,C1_1,D1_3,F1_2,L3,L2,,,
449675,L3,L1,L3,L2,L3,L1,L2,L2,L1,C1_1,D1_3,F1_2,L3,L3,,,
449676,L3,L1,L3,L2,L3,L1,L2,L2,L1,C1_1,D1_3,F1_3,L1,L1,,,
449677,L3,L1,L3,L2,L3,L1,L2,L2,L1,C1_1,D1_3,F1_3,L1,L2,,,
449678,L3,L1,L3,L2,L3,L1,L2,L2,L1,C1_1,D1_3,F1_3,L1,L3,,,
449679,L3,L1,L3,L2,L3,L1,L2,L2,L1,C1_1,D1_3,F1_3,L2,L1,,,
449680,L3,L1,L3,L2,L3,L1,L2,L2,L1,C1_1,D1_3,F1_3,L2,L2,,,
449681,L3,L1,L3,L2,L3,L1,L2,L2,L1,C1_1,D1_3,F1_3,L2,L3,,,
449682,L3,L1,L3,L2,L3,L1,L2,L2,L1,C1_1,D1_3,F1_3,L3,L1,,,
449683,L3,L1,L3,L2,L3,L1,L2,L2,L1,C1_1,D1_3,F1_3,L3,L2,,,
449684,L3,L1,L3,L2,L3,L1,L2,L2,L1,C1_1,D1_3,F1_3,L3,L3,,,
449685,L3,L1,L3,L2,L3,L1,L2,L2,L1,C1_2,D1_1,F1_1,L1,L1,,,
449686,L3,L1,L3,L2,L3,L1,L2,L2,L1,C1_2,D1_1,F1_1,L1,L2,,,
449687,L3,L1,L3,L2,L3,L1,L2,L2,L1,C1_2,D1_1,F1_1,L1,L3,,,
449688,L3,L1,L3,L2,L3,L1,L2,L2,L1,C1_2,D1_1,F1_1,L2,L1,,,
449689,L3,L1,L3,L2,L3,L1,L2,L2,L1,C1_2,D1_1,F1_1,L2,L2,,,
449690,L3,L1,L3,L2,L3,L1,L2,L2,L1,C1_2,D1_1,F1_1,L2,L3,,,
449691,L3,L1,L3,L2,L3,L1,L2,L2,L1,C1_2,D1_1,F1_1,L3,L1,,,
449692,L3,L1,L3,L2,L3,L1,L2,L2,L1,C1_2,D1_1,F1_1,L3,L2,,,
449693,L3,L1,L3,L2,L3,L1,L2,L2,L1,C1_2,D1_1,F1_1,L3,L3,,,
449694,L3,L1,L3,L2,L3,L1,L2,L2,L1,C1_2,D1_1,F1_2,L1,L1,,,
449695,L3,L1,L3,L2,L3,L1,L2,L2,L1,C1_2,D1_1,F1_2,L1,L2,,,
449696,L3,L1,L3,L2,L3,L1,L2,L2,L1,C1_2,D1_1,F1_2,L1,L3,,,
449697,L3,L1,L3,L2,L3,L1,L2,L2,L1,C1_2,D1_1,F1_2,L2,L1,,,
449698,L3,L1,L3,L2,L3,L1,L2,L2,L1,C1_2,D1_1,F1_2,L2,L2,,,
449699,L3,L1,L3,L2,L3,L1,L2,L2,L1,C1_2,D1_1,F1_2,L2,L3,,,
449700,L3,L1,L3,L2,L3,L1,L2,L2,L1,C1_2,D1_1,F1_2,L3,L1,,,
449701,L3,L1,L3,L2,L3,L1,L2,L2,L1,C1_2,D1_1,F1_2,L3,L2,,,
449702,L3,L1,L3,L2,L3,L1,L2,L2,L1,C1_2,D1_1,F1_2,L3,L3,,,
449703,L3,L1,L3,L2,L3,L1,L2,L2,L1,C1_2,D1_1,F1_3,L1,L1,,,
449704,L3,L1,L3,L2,L3,L1,L2,L2,L1,C1_2,D1_1,F1_3,L1,L2,,,
449705,L3,L1,L3,L2,L3,L1,L2,L2,L1,C1_2,D1_1,F1_3,L1,L3,,,
449706,L3,L1,L3,L2,L3,L1,L2,L2,L1,C1_2,D1_1,F1_3,L2,L1,,,
449707,L3,L1,L3,L2,L3,L1,L2,L2,L1,C1_2,D1_1,F1_3,L2,L2,,,
449708,L3,L1,L3,L2,L3,L1,L2,L2,L1,C1_2,D1_1,F1_3,L2,L3,,,
449709,L3,L1,L3,L2,L3,L1,L2,L2,L1,C1_2,D1_1,F1_3,L3,L1,,,
449710,L3,L1,L3,L2,L3,L1,L2,L2,L1,C1_2,D1_1,F1_3,L3,L2,,,
449711,L3,L1,L3,L2,L3,L1,L2,L2,L1,C1_2,D1_1,F1_3,L3,L3,,,
449712,L3,L1,L3,L2,L3,L1,L2,L2,L1,C1_2,D1_2,F1_1,L1,L1,,,
449713,L3,L1,L3,L2,L3,L1,L2,L2,L1,C1_2,D1_2,F1_1,L1,L2,,,
449714,L3,L1,L3,L2,L3,L1,L2,L2,L1,C1_2,D1_2,F1_1,L1,L3,,,
449715,L3,L1,L3,L2,L3,L1,L2,L2,L1,C1_2,D1_2,F1_1,L2,L1,,,
449716,L3,L1,L3,L2,L3,L1,L2,L2,L1,C1_2,D1_2,F1_1,L2,L2,,,
449717,L3,L1,L3,L2,L3,L1,L2,L2,L1,C1_2,D1_2,F1_1,L2,L3,,,
449718,L3,L1,L3,L2,L3,L1,L2,L2,L1,C1_2,D1_2,F1_1,L3,L1,,,
449719,L3,L1,L3,L2,L3,L1,L2,L2,L1,C1_2,D1_2,F1_1,L3,L2,,,
449720,L3,L1,L3,L2,L3,L1,L2,L2,L1,C1_2,D1_2,F1_1,L3,L3,,,
449721,L3,L1,L3,L2,L3,L1,L2,L2,L1,C1_2,D1_2,F1_2,L1,L1,,,
449722,L3,L1,L3,L2,L3,L1,L2,L2,L1,C1_2,D1_2,F1_2,L1,L2,,,
449723,L3,L1,L3,L2,L3,L1,L2,L2,L1,C1_2,D1_2,F1_2,L1,L3,,,
449724,L3,L1,L3,L2,L3,L1,L2,L2,L1,C1_2,D1_2,F1_2,L2,L1,,,
449725,L3,L1,L3,L2,L3,L1,L2,L2,L1,C1_2,D1_2,F1_2,L2,L2,,,
449726,L3,L1,L3,L2,L3,L1,L2,L2,L1,C1_2,D1_2,F1_2,L2,L3,,,
449727,L3,L1,L3,L2,L3,L1,L2,L2,L1,C1_2,D1_2,F1_2,L3,L1,,,
449728,L3,L1,L3,L2,L3,L1,L2,L2,L1,C1_2,D1_2,F1_2,L3,L2,,,
449729,L3,L1,L3,L2,L3,L1,L2,L2,L1,C1_2,D1_2,F1_2,L3,L3,,,
449730,L3,L1,L3,L2,L3,L1,L2,L2,L1,C1_2,D1_2,F1_3,L1,L1,,,
449731,L3,L1,L3,L2,L3,L1,L2,L2,L1,C1_2,D1_2,F1_3,L1,L2,,,
449732,L3,L1,L3,L2,L3,L1,L2,L2,L1,C1_2,D1_2,F1_3,L1,L3,,,
449733,L3,L1,L3,L2,L3,L1,L2,L2,L1,C1_2,D1_2,F1_3,L2,L1,,,
449734,L3,L1,L3,L2,L3,L1,L2,L2,L1,C1_2,D1_2,F1_3,L2,L2,,,
449735,L3,L1,L3,L2,L3,L1,L2,L2,L1,C1_2,D1_2,F1_3,L2,L3,,,
449736,L3,L1,L3,L2,L3,L1,L2,L2,L1,C1_2,D1_2,F1_3,L3,L1,,,
449737,L3,L1,L3,L2,L3,L1,L2,L2,L1,C1_2,D1_2,F1_3,L3,L2,,,
449738,L3,L1,L3,L2,L3,L1,L2,L2,L1,C1_2,D1_2,F1_3,L3,L3,,,
449739,L3,L1,L3,L2,L3,L1,L2,L2,L1,C1_2,D1_3,F1_1,L1,L1,,,
449740,L3,L1,L3,L2,L3,L1,L2,L2,L1,C1_2,D1_3,F1_1,L1,L2,,,
449741,L3,L1,L3,L2,L3,L1,L2,L2,L1,C1_2,D1_3,F1_1,L1,L3,,,
449742,L3,L1,L3,L2,L3,L1,L2,L2,L1,C1_2,D1_3,F1_1,L2,L1,,,
449743,L3,L1,L3,L2,L3,L1,L2,L2,L1,C1_2,D1_3,F1_1,L2,L2,,,
449744,L3,L1,L3,L2,L3,L1,L2,L2,L1,C1_2,D1_3,F1_1,L2,L3,,,
449745,L3,L1,L3,L2,L3,L1,L2,L2,L1,C1_2,D1_3,F1_1,L3,L1,,,
449746,L3,L1,L3,L2,L3,L1,L2,L2,L1,C1_2,D1_3,F1_1,L3,L2,,,
449747,L3,L1,L3,L2,L3,L1,L2,L2,L1,C1_2,D1_3,F1_1,L3,L3,,,
449748,L3,L1,L3,L2,L3,L1,L2,L2,L1,C1_2,D1_3,F1_2,L1,L1,,,
449749,L3,L1,L3,L2,L3,L1,L2,L2,L1,C1_2,D1_3,F1_2,L1,L2,,,
449750,L3,L1,L3,L2,L3,L1,L2,L2,L1,C1_2,D1_3,F1_2,L1,L3,,,
449751,L3,L1,L3,L2,L3,L1,L2,L2,L1,C1_2,D1_3,F1_2,L2,L1,,,
449752,L3,L1,L3,L2,L3,L1,L2,L2,L1,C1_2,D1_3,F1_2,L2,L2,,,
449753,L3,L1,L3,L2,L3,L1,L2,L2,L1,C1_2,D1_3,F1_2,L2,L3,,,
449754,L3,L1,L3,L2,L3,L1,L2,L2,L1,C1_2,D1_3,F1_2,L3,L1,,,
449755,L3,L1,L3,L2,L3,L1,L2,L2,L1,C1_2,D1_3,F1_2,L3,L2,,,
449756,L3,L1,L3,L2,L3,L1,L2,L2,L1,C1_2,D1_3,F1_2,L3,L3,,,
449757,L3,L1,L3,L2,L3,L1,L2,L2,L1,C1_2,D1_3,F1_3,L1,L1,,,
449758,L3,L1,L3,L2,L3,L1,L2,L2,L1,C1_2,D1_3,F1_3,L1,L2,,,
449759,L3,L1,L3,L2,L3,L1,L2,L2,L1,C1_2,D1_3,F1_3,L1,L3,,,
449760,L3,L1,L3,L2,L3,L1,L2,L2,L1,C1_2,D1_3,F1_3,L2,L1,,,
449761,L3,L1,L3,L2,L3,L1,L2,L2,L1,C1_2,D1_3,F1_3,L2,L2,,,
449762,L3,L1,L3,L2,L3,L1,L2,L2,L1,C1_2,D1_3,F1_3,L2,L3,,,
449763,L3,L1,L3,L2,L3,L1,L2,L2,L1,C1_2,D1_3,F1_3,L3,L1,,,
449764,L3,L1,L3,L2,L3,L1,L2,L2,L1,C1_2,D1_3,F1_3,L3,L2,,,
449765,L3,L1,L3,L2,L3,L1,L2,L2,L1,C1_2,D1_3,F1_3,L3,L3,,,
449766,L3,L1,L3,L2,L3,L1,L2,L2,L1,C1_3,D1_1,F1_1,L1,L1,,,
449767,L3,L1,L3,L2,L3,L1,L2,L2,L1,C1_3,D1_1,F1_1,L1,L2,,,
449768,L3,L1,L3,L2,L3,L1,L2,L2,L1,C1_3,D1_1,F1_1,L1,L3,,,
449769,L3,L1,L3,L2,L3,L1,L2,L2,L1,C1_3,D1_1,F1_1,L2,L1,,,
449770,L3,L1,L3,L2,L3,L1,L2,L2,L1,C1_3,D1_1,F1_1,L2,L2,,,
449771,L3,L1,L3,L2,L3,L1,L2,L2,L1,C1_3,D1_1,F1_1,L2,L3,,,
449772,L3,L1,L3,L2,L3,L1,L2,L2,L1,C1_3,D1_1,F1_1,L3,L1,,,
449773,L3,L1,L3,L2,L3,L1,L2,L2,L1,C1_3,D1_1,F1_1,L3,L2,,,
449774,L3,L1,L3,L2,L3,L1,L2,L2,L1,C1_3,D1_1,F1_1,L3,L3,,,
449775,L3,L1,L3,L2,L3,L1,L2,L2,L1,C1_3,D1_1,F1_2,L1,L1,,,
449776,L3,L1,L3,L2,L3,L1,L2,L2,L1,C1_3,D1_1,F1_2,L1,L2,,,
449777,L3,L1,L3,L2,L3,L1,L2,L2,L1,C1_3,D1_1,F1_2,L1,L3,,,
449778,L3,L1,L3,L2,L3,L1,L2,L2,L1,C1_3,D1_1,F1_2,L2,L1,,,
449779,L3,L1,L3,L2,L3,L1,L2,L2,L1,C1_3,D1_1,F1_2,L2,L2,,,
449780,L3,L1,L3,L2,L3,L1,L2,L2,L1,C1_3,D1_1,F1_2,L2,L3,,,
449781,L3,L1,L3,L2,L3,L1,L2,L2,L1,C1_3,D1_1,F1_2,L3,L1,,,
449782,L3,L1,L3,L2,L3,L1,L2,L2,L1,C1_3,D1_1,F1_2,L3,L2,,,
449783,L3,L1,L3,L2,L3,L1,L2,L2,L1,C1_3,D1_1,F1_2,L3,L3,,,
449784,L3,L1,L3,L2,L3,L1,L2,L2,L1,C1_3,D1_1,F1_3,L1,L1,,,
449785,L3,L1,L3,L2,L3,L1,L2,L2,L1,C1_3,D1_1,F1_3,L1,L2,,,
449786,L3,L1,L3,L2,L3,L1,L2,L2,L1,C1_3,D1_1,F1_3,L1,L3,,,
449787,L3,L1,L3,L2,L3,L1,L2,L2,L1,C1_3,D1_1,F1_3,L2,L1,,,
449788,L3,L1,L3,L2,L3,L1,L2,L2,L1,C1_3,D1_1,F1_3,L2,L2,,,
449789,L3,L1,L3,L2,L3,L1,L2,L2,L1,C1_3,D1_1,F1_3,L2,L3,,,
449790,L3,L1,L3,L2,L3,L1,L2,L2,L1,C1_3,D1_1,F1_3,L3,L1,,,
449791,L3,L1,L3,L2,L3,L1,L2,L2,L1,C1_3,D1_1,F1_3,L3,L2,,,
449792,L3,L1,L3,L2,L3,L1,L2,L2,L1,C1_3,D1_1,F1_3,L3,L3,,,
449793,L3,L1,L3,L2,L3,L1,L2,L2,L1,C1_3,D1_2,F1_1,L1,L1,,,
449794,L3,L1,L3,L2,L3,L1,L2,L2,L1,C1_3,D1_2,F1_1,L1,L2,,,
449795,L3,L1,L3,L2,L3,L1,L2,L2,L1,C1_3,D1_2,F1_1,L1,L3,,,
449796,L3,L1,L3,L2,L3,L1,L2,L2,L1,C1_3,D1_2,F1_1,L2,L1,,,
449797,L3,L1,L3,L2,L3,L1,L2,L2,L1,C1_3,D1_2,F1_1,L2,L2,,,
449798,L3,L1,L3,L2,L3,L1,L2,L2,L1,C1_3,D1_2,F1_1,L2,L3,,,
449799,L3,L1,L3,L2,L3,L1,L2,L2,L1,C1_3,D1_2,F1_1,L3,L1,,,
449800,L3,L1,L3,L2,L3,L1,L2,L2,L1,C1_3,D1_2,F1_1,L3,L2,,,
449801,L3,L1,L3,L2,L3,L1,L2,L2,L1,C1_3,D1_2,F1_1,L3,L3,,,
449802,L3,L1,L3,L2,L3,L1,L2,L2,L1,C1_3,D1_2,F1_2,L1,L1,,,
449803,L3,L1,L3,L2,L3,L1,L2,L2,L1,C1_3,D1_2,F1_2,L1,L2,,,
449804,L3,L1,L3,L2,L3,L1,L2,L2,L1,C1_3,D1_2,F1_2,L1,L3,,,
449805,L3,L1,L3,L2,L3,L1,L2,L2,L1,C1_3,D1_2,F1_2,L2,L1,,,
449806,L3,L1,L3,L2,L3,L1,L2,L2,L1,C1_3,D1_2,F1_2,L2,L2,,,
449807,L3,L1,L3,L2,L3,L1,L2,L2,L1,C1_3,D1_2,F1_2,L2,L3,,,
449808,L3,L1,L3,L2,L3,L1,L2,L2,L1,C1_3,D1_2,F1_2,L3,L1,,,
449809,L3,L1,L3,L2,L3,L1,L2,L2,L1,C1_3,D1_2,F1_2,L3,L2,,,
449810,L3,L1,L3,L2,L3,L1,L2,L2,L1,C1_3,D1_2,F1_2,L3,L3,,,
449811,L3,L1,L3,L2,L3,L1,L2,L2,L1,C1_3,D1_2,F1_3,L1,L1,,,
449812,L3,L1,L3,L2,L3,L1,L2,L2,L1,C1_3,D1_2,F1_3,L1,L2,,,
449813,L3,L1,L3,L2,L3,L1,L2,L2,L1,C1_3,D1_2,F1_3,L1,L3,,,
449814,L3,L1,L3,L2,L3,L1,L2,L2,L1,C1_3,D1_2,F1_3,L2,L1,,,
449815,L3,L1,L3,L2,L3,L1,L2,L2,L1,C1_3,D1_2,F1_3,L2,L2,,,
449816,L3,L1,L3,L2,L3,L1,L2,L2,L1,C1_3,D1_2,F1_3,L2,L3,,,
449817,L3,L1,L3,L2,L3,L1,L2,L2,L1,C1_3,D1_2,F1_3,L3,L1,,,
449818,L3,L1,L3,L2,L3,L1,L2,L2,L1,C1_3,D1_2,F1_3,L3,L2,,,
449819,L3,L1,L3,L2,L3,L1,L2,L2,L1,C1_3,D1_2,F1_3,L3,L3,,,
449820,L3,L1,L3,L2,L3,L1,L2,L2,L1,C1_3,D1_3,F1_1,L1,L1,,,
449821,L3,L1,L3,L2,L3,L1,L2,L2,L1,C1_3,D1_3,F1_1,L1,L2,,,
449822,L3,L1,L3,L2,L3,L1,L2,L2,L1,C1_3,D1_3,F1_1,L1,L3,,,
449823,L3,L1,L3,L2,L3,L1,L2,L2,L1,C1_3,D1_3,F1_1,L2,L1,,,
449824,L3,L1,L3,L2,L3,L1,L2,L2,L1,C1_3,D1_3,F1_1,L2,L2,,,
449825,L3,L1,L3,L2,L3,L1,L2,L2,L1,C1_3,D1_3,F1_1,L2,L3,,,
449826,L3,L1,L3,L2,L3,L1,L2,L2,L1,C1_3,D1_3,F1_1,L3,L1,,,
449827,L3,L1,L3,L2,L3,L1,L2,L2,L1,C1_3,D1_3,F1_1,L3,L2,,,
449828,L3,L1,L3,L2,L3,L1,L2,L2,L1,C1_3,D1_3,F1_1,L3,L3,,,
449829,L3,L1,L3,L2,L3,L1,L2,L2,L1,C1_3,D1_3,F1_2,L1,L1,,,
449830,L3,L1,L3,L2,L3,L1,L2,L2,L1,C1_3,D1_3,F1_2,L1,L2,,,
449831,L3,L1,L3,L2,L3,L1,L2,L2,L1,C1_3,D1_3,F1_2,L1,L3,,,
449832,L3,L1,L3,L2,L3,L1,L2,L2,L1,C1_3,D1_3,F1_2,L2,L1,,,
449833,L3,L1,L3,L2,L3,L1,L2,L2,L1,C1_3,D1_3,F1_2,L2,L2,,,
449834,L3,L1,L3,L2,L3,L1,L2,L2,L1,C1_3,D1_3,F1_2,L2,L3,,,
449835,L3,L1,L3,L2,L3,L1,L2,L2,L1,C1_3,D1_3,F1_2,L3,L1,,,
449836,L3,L1,L3,L2,L3,L1,L2,L2,L1,C1_3,D1_3,F1_2,L3,L2,,,
449837,L3,L1,L3,L2,L3,L1,L2,L2,L1,C1_3,D1_3,F1_2,L3,L3,,,
449838,L3,L1,L3,L2,L3,L1,L2,L2,L1,C1_3,D1_3,F1_3,L1,L1,,,
449839,L3,L1,L3,L2,L3,L1,L2,L2,L1,C1_3,D1_3,F1_3,L1,L2,,,
449840,L3,L1,L3,L2,L3,L1,L2,L2,L1,C1_3,D1_3,F1_3,L1,L3,,,
449841,L3,L1,L3,L2,L3,L1,L2,L2,L1,C1_3,D1_3,F1_3,L2,L1,,,
449842,L3,L1,L3,L2,L3,L1,L2,L2,L1,C1_3,D1_3,F1_3,L2,L2,,,
449843,L3,L1,L3,L2,L3,L1,L2,L2,L1,C1_3,D1_3,F1_3,L2,L3,,,
449844,L3,L1,L3,L2,L3,L1,L2,L2,L1,C1_3,D1_3,F1_3,L3,L1,,,
449845,L3,L1,L3,L2,L3,L1,L2,L2,L1,C1_3,D1_3,F1_3,L3,L2,,,
449846,L3,L1,L3,L2,L3,L1,L2,L2,L1,C1_3,D1_3,F1_3,L3,L3,,,
463347,L1,L3,L3,L2,L2,L1,L2,L2,L1,C1_1,D1_1,F1_1,L1,L1,,,
463348,L1,L3,L3,L2,L2,L1,L2,L2,L1,C1_1,D1_1,F1_1,L1,L2,,,
463349,L1,L3,L3,L2,L2,L1,L2,L2,L1,C1_1,D1_1,F1_1,L1,L3,,,
463350,L1,L3,L3,L2,L2,L1,L2,L2,L1,C1_1,D1_1,F1_1,L2,L1,,,
463351,L1,L3,L3,L2,L2,L1,L2,L2,L1,C1_1,D1_1,F1_1,L2,L2,,,
463352,L1,L3,L3,L2,L2,L1,L2,L2,L1,C1_1,D1_1,F1_1,L2,L3,,,
463353,L1,L3,L3,L2,L2,L1,L2,L2,L1,C1_1,D1_1,F1_1,L3,L1,,,
463354,L1,L3,L3,L2,L2,L1,L2,L2,L1,C1_1,D1_1,F1_1,L3,L2,,,
463355,L1,L3,L3,L2,L2,L1,L2,L2,L1,C1_1,D1_1,F1_1,L3,L3,,,
463356,L1,L3,L3,L2,L2,L1,L2,L2,L1,C1_1,D1_1,F1_2,L1,L1,,,
463357,L1,L3,L3,L2,L2,L1,L2,L2,L1,C1_1,D1_1,F1_2,L1,L2,,,
463358,L1,L3,L3,L2,L2,L1,L2,L2,L1,C1_1,D1_1,F1_2,L1,L3,,,
463359,L1,L3,L3,L2,L2,L1,L2,L2,L1,C1_1,D1_1,F1_2,L2,L1,,,
463360,L1,L3,L3,L2,L2,L1,L2,L2,L1,C1_1,D1_1,F1_2,L2,L2,,,
463361,L1,L3,L3,L2,L2,L1,L2,L2,L1,C1_1,D1_1,F1_2,L2,L3,,,
463362,L1,L3,L3,L2,L2,L1,L2,L2,L1,C1_1,D1_1,F1_2,L3,L1,,,
463363,L1,L3,L3,L2,L2,L1,L2,L2,L1,C1_1,D1_1,F1_2,L3,L2,,,
463364,L1,L3,L3,L2,L2,L1,L2,L2,L1,C1_1,D1_1,F1_2,L3,L3,,,
463365,L1,L3,L3,L2,L2,L1,L2,L2,L1,C1_1,D1_1,F1_3,L1,L1,,,
463366,L1,L3,L3,L2,L2,L1,L2,L2,L1,C1_1,D1_1,F1_3,L1,L2,,,
463367,L1,L3,L3,L2,L2,L1,L2,L2,L1,C1_1,D1_1,F1_3,L1,L3,,,
463368,L1,L3,L3,L2,L2,L1,L2,L2,L1,C1_1,D1_1,F1_3,L2,L1,,,
463369,L1,L3,L3,L2,L2,L1,L2,L2,L1,C1_1,D1_1,F1_3,L2,L2,,,
463370,L1,L3,L3,L2,L2,L1,L2,L2,L1,C1_1,D1_1,F1_3,L2,L3,,,
463371,L1,L3,L3,L2,L2,L1,L2,L2,L1,C1_1,D1_1,F1_3,L3,L1,,,
463372,L1,L3,L3,L2,L2,L1,L2,L2,L1,C1_1,D1_1,F1_3,L3,L2,,,
463373,L1,L3,L3,L2,L2,L1,L2,L2,L1,C1_1,D1_1,F1_3,L3,L3,,,
463374,L1,L3,L3,L2,L2,L1,L2,L2,L1,C1_1,D1_2,F1_1,L1,L1,,,
463375,L1,L3,L3,L2,L2,L1,L2,L2,L1,C1_1,D1_2,F1_1,L1,L2,,,
463376,L1,L3,L3,L2,L2,L1,L2,L2,L1,C1_1,D1_2,F1_1,L1,L3,,,
463377,L1,L3,L3,L2,L2,L1,L2,L2,L1,C1_1,D1_2,F1_1,L2,L1,,,
463378,L1,L3,L3,L2,L2,L1,L2,L2,L1,C1_1,D1_2,F1_1,L2,L2,,,
463379,L1,L3,L3,L2,L2,L1,L2,L2,L1,C1_1,D1_2,F1_1,L2,L3,,,
463380,L1,L3,L3,L2,L2,L1,L2,L2,L1,C1_1,D1_2,F1_1,L3,L1,,,
463381,L1,L3,L3,L2,L2,L1,L2,L2,L1,C1_1,D1_2,F1_1,L3,L2,,,
463382,L1,L3,L3,L2,L2,L1,L2,L2,L1,C1_1,D1_2,F1_1,L3,L3,,,
463383,L1,L3,L3,L2,L2,L1,L2,L2,L1,C1_1,D1_2,F1_2,L1,L1,,,
463384,L1,L3,L3,L2,L2,L1,L2,L2,L1,C1_1,D1_2,F1_2,L1,L2,,,
463385,L1,L3,L3,L2,L2,L1,L2,L2,L1,C1_1,D1_2,F1_2,L1,L3,,,
463386,L1,L3,L3,L2,L2,L1,L2,L2,L1,C1_1,D1_2,F1_2,L2,L1,,,
463387,L1,L3,L3,L2,L2,L1,L2,L2,L1,C1_1,D1_2,F1_2,L2,L2,,,
463388,L1,L3,L3,L2,L2,L1,L2,L2,L1,C1_1,D1_2,F1_2,L2,L3,,,
463389,L1,L3,L3,L2,L2,L1,L2,L2,L1,C1_1,D1_2,F1_2,L3,L1,,,
463390,L1,L3,L3,L2,L2,L1,L2,L2,L1,C1_1,D1_2,F1_2,L3,L2,,,
463391,L1,L3,L3,L2,L2,L1,L2,L2,L1,C1_1,D1_2,F1_2,L3,L3,,,
463392,L1,L3,L3,L2,L2,L1,L2,L2,L1,C1_1,D1_2,F1_3,L1,L1,,,
463393,L1,L3,L3,L2,L2,L1,L2,L2,L1,C1_1,D1_2,F1_3,L1,L2,,,
463394,L1,L3,L3,L2,L2,L1,L2,L2,L1,C1_1,D1_2,F1_3,L1,L3,,,
463395,L1,L3,L3,L2,L2,L1,L2,L2,L1,C1_1,D1_2,F1_3,L2,L1,,,
463396,L1,L3,L3,L2,L2,L1,L2,L2,L1,C1_1,D1_2,F1_3,L2,L2,,,
463397,L1,L3,L3,L2,L2,L1,L2,L2,L1,C1_1,D1_2,F1_3,L2,L3,,,
463398,L1,L3,L3,L2,L2,L1,L2,L2,L1,C1_1,D1_2,F1_3,L3,L1,,,
463399,L1,L3,L3,L2,L2,L1,L2,L2,L1,C1_1,D1_2,F1_3,L3,L2,,,
463400,L1,L3,L3,L2,L2,L1,L2,L2,L1,C1_1,D1_2,F1_3,L3,L3,,,
463401,L1,L3,L3,L2,L2,L1,L2,L2,L1,C1_1,D1_3,F1_1,L1,L1,,,
463402,L1,L3,L3,L2,L2,L1,L2,L2,L1,C1_1,D1_3,F1_1,L1,L2,,,
463403,L1,L3,L3,L2,L2,L1,L2,L2,L1,C1_1,D1_3,F1_1,L1,L3,,,
463404,L1,L3,L3,L2,L2,L1,L2,L2,L1,C1_1,D1_3,F1_1,L2,L1,,,
463405,L1,L3,L3,L2,L2,L1,L2,L2,L1,C1_1,D1_3,F1_1,L2,L2,,,
463406,L1,L3,L3,L2,L2,L1,L2,L2,L1,C1_1,D1_3,F1_1,L2,L3,,,
463407,L1,L3,L3,L2,L2,L1,L2,L2,L1,C1_1,D1_3,F1_1,L3,L1,,,
463408,L1,L3,L3,L2,L2,L1,L2,L2,L1,C1_1,D1_3,F1_1,L3,L2,,,
463409,L1,L3,L3,L2,L2,L1,L2,L2,L1,C1_1,D1_3,F1_1,L3,L3,,,
463410,L1,L3,L3,L2,L2,L1,L2,L2,L1,C1_1,D1_3,F1_2,L1,L1,,,
463411,L1,L3,L3,L2,L2,L1,L2,L2,L1,C1_1,D1_3,F1_2,L1,L2,,,
463412,L1,L3,L3,L2,L2,L1,L2,L2,L1,C1_1,D1_3,F1_2,L1,L3,,,
463413,L1,L3,L3,L2,L2,L1,L2,L2,L1,C1_1,D1_3,F1_2,L2,L1,,,
463414,L1,L3,L3,L2,L2,L1,L2,L2,L1,C1_1,D1_3,F1_2,L2,L2,,,
463415,L1,L3,L3,L2,L2,L1,L2,L2,L1,C1_1,D1_3,F1_2,L2,L3,,,
463416,L1,L3,L3,L2,L2,L1,L2,L2,L1,C1_1,D1_3,F1_2,L3,L1,,,
463417,L1,L3,L3,L2,L2,L1,L2,L2,L1,C1_1,D1_3,F1_2,L3,L2,,,
463418,L1,L3,L3,L2,L2,L1,L2,L2,L1,C1_1,D1_3,F1_2,L3,L3,,,
463419,L1,L3,L3,L2,L2,L1,L2,L2,L1,C1_1,D1_3,F1_3,L1,L1,,,
463420,L1,L3,L3,L2,L2,L1,L2,L2,L1,C1_1,D1_3,F1_3,L1,L2,,,
463421,L1,L3,L3,L2,L2,L1,L2,L2,L1,C1_1,D1_3,F1_3,L1,L3,,,
463422,L1,L3,L3,L2,L2,L1,L2,L2,L1,C1_1,D1_3,F1_3,L2,L1,,,
463423,L1,L3,L3,L2,L2,L1,L2,L2,L1,C1_1,D1_3,F1_3,L2,L2,,,
463424,L1,L3,L3,L2,L2,L1,L2,L2,L1,C1_1,D1_3,F1_3,L2,L3,,,
463425,L1,L3,L3,L2,L2,L1,L2,L2,L1,C1_1,D1_3,F1_3,L3,L1,,,
463426,L1,L3,L3,L2,L2,L1,L2,L2,L1,C1_1,D1_3,F1_3,L3,L2,,,
463427,L1,L3,L3,L2,L2,L1,L2,L2,L1,C1_1,D1_3,F1_3,L3,L3,,,
463428,L1,L3,L3,L2,L2,L1,L2,L2,L1,C1_2,D1_1,F1_1,L1,L1,,,
463429,L1,L3,L3,L2,L2,L1,L2,L2,L1,C1_2,D1_1,F1_1,L1,L2,,,
463430,L1,L3,L3,L2,L2,L1,L2,L2,L1,C1_2,D1_1,F1_1,L1,L3,,,
463431,L1,L3,L3,L2,L2,L1,L2,L2,L1,C1_2,D1_1,F1_1,L2,L1,,,
463432,L1,L3,L3,L2,L2,L1,L2,L2,L1,C1_2,D1_1,F1_1,L2,L2,,,
463433,L1,L3,L3,L2,L2,L1,L2,L2,L1,C1_2,D1_1,F1_1,L2,L3,,,
463434,L1,L3,L3,L2,L2,L1,L2,L2,L1,C1_2,D1_1,F1_1,L3,L1,,,
463435,L1,L3,L3,L2,L2,L1,L2,L2,L1,C1_2,D1_1,F1_1,L3,L2,,,
463436,L1,L3,L3,L2,L2,L1,L2,L2,L1,C1_2,D1_1,F1_1,L3,L3,,,
463437,L1,L3,L3,L2,L2,L1,L2,L2,L1,C1_2,D1_1,F1_2,L1,L1,,,
463438,L1,L3,L3,L2,L2,L1,L2,L2,L1,C1_2,D1_1,F1_2,L1,L2,,,
463439,L1,L3,L3,L2,L2,L1,L2,L2,L1,C1_2,D1_1,F1_2,L1,L3,,,
463440,L1,L3,L3,L2,L2,L1,L2,L2,L1,C1_2,D1_1,F1_2,L2,L1,,,
463441,L1,L3,L3,L2,L2,L1,L2,L2,L1,C1_2,D1_1,F1_2,L2,L2,,,
463442,L1,L3,L3,L2,L2,L1,L2,L2,L1,C1_2,D1_1,F1_2,L2,L3,,,
463443,L1,L3,L3,L2,L2,L1,L2,L2,L1,C1_2,D1_1,F1_2,L3,L1,,,
463444,L1,L3,L3,L2,L2,L1,L2,L2,L1,C1_2,D1_1,F1_2,L3,L2,,,
463445,L1,L3,L3,L2,L2,L1,L2,L2,L1,C1_2,D1_1,F1_2,L3,L3,,,
463446,L1,L3,L3,L2,L2,L1,L2,L2,L1,C1_2,D1_1,F1_3,L1,L1,,,
463447,L1,L3,L3,L2,L2,L1,L2,L2,L1,C1_2,D1_1,F1_3,L1,L2,,,
463448,L1,L3,L3,L2,L2,L1,L2,L2,L1,C1_2,D1_1,F1_3,L1,L3,,,
463449,L1,L3,L3,L2,L2,L1,L2,L2,L1,C1_2,D1_1,F1_3,L2,L1,,,
463450,L1,L3,L3,L2,L2,L1,L2,L2,L1,C1_2,D1_1,F1_3,L2,L2,,,
463451,L1,L3,L3,L2,L2,L1,L2,L2,L1,C1_2,D1_1,F1_3,L2,L3,,,
463452,L1,L3,L3,L2,L2,L1,L2,L2,L1,C1_2,D1_1,F1_3,L3,L1,,,
463453,L1,L3,L3,L2,L2,L1,L2,L2,L1,C1_2,D1_1,F1_3,L3,L2,,,
463454,L1,L3,L3,L2,L2,L1,L2,L2,L1,C1_2,D1_1,F1_3,L3,L3,,,
463455,L1,L3,L3,L2,L2,L1,L2,L2,L1,C1_2,D1_2,F1_1,L1,L1,,,
463456,L1,L3,L3,L2,L2,L1,L2,L2,L1,C1_2,D1_2,F1_1,L1,L2,,,
463457,L1,L3,L3,L2,L2,L1,L2,L2,L1,C1_2,D1_2,F1_1,L1,L3,,,
463458,L1,L3,L3,L2,L2,L1,L2,L2,L1,C1_2,D1_2,F1_1,L2,L1,,,
463459,L1,L3,L3,L2,L2,L1,L2,L2,L1,C1_2,D1_2,F1_1,L2,L2,,,
463460,L1,L3,L3,L2,L2,L1,L2,L2,L1,C1_2,D1_2,F1_1,L2,L3,,,
463461,L1,L3,L3,L2,L2,L1,L2,L2,L1,C1_2,D1_2,F1_1,L3,L1,,,
463462,L1,L3,L3,L2,L2,L1,L2,L2,L1,C1_2,D1_2,F1_1,L3,L2,,,
463463,L1,L3,L3,L2,L2,L1,L2,L2,L1,C1_2,D1_2,F1_1,L3,L3,,,
463464,L1,L3,L3,L2,L2,L1,L2,L2,L1,C1_2,D1_2,F1_2,L1,L1,,,
463465,L1,L3,L3,L2,L2,L1,L2,L2,L1,C1_2,D1_2,F1_2,L1,L2,,,
463466,L1,L3,L3,L2,L2,L1,L2,L2,L1,C1_2,D1_2,F1_2,L1,L3,,,
463467,L1,L3,L3,L2,L2,L1,L2,L2,L1,C1_2,D1_2,F1_2,L2,L1,,,
463468,L1,L3,L3,L2,L2,L1,L2,L2,L1,C1_2,D1_2,F1_2,L2,L2,,,
463469,L1,L3,L3,L2,L2,L1,L2,L2,L1,C1_2,D1_2,F1_2,L2,L3,,,
463470,L1,L3,L3,L2,L2,L1,L2,L2,L1,C1_2,D1_2,F1_2,L3,L1,,,
463471,L1,L3,L3,L2,L2,L1,L2,L2,L1,C1_2,D1_2,F1_2,L3,L2,,,
463472,L1,L3,L3,L2,L2,L1,L2,L2,L1,C1_2,D1_2,F1_2,L3,L3,,,
463473,L1,L3,L3,L2,L2,L1,L2,L2,L1,C1_2,D1_2,F1_3,L1,L1,,,
463474,L1,L3,L3,L2,L2,L1,L2,L2,L1,C1_2,D1_2,F1_3,L1,L2,,,
463475,L1,L3,L3,L2,L2,L1,L2,L2,L1,C1_2,D1_2,F1_3,L1,L3,,,
463476,L1,L3,L3,L2,L2,L1,L2,L2,L1,C1_2,D1_2,F1_3,L2,L1,,,
463477,L1,L3,L3,L2,L2,L1,L2,L2,L1,C1_2,D1_2,F1_3,L2,L2,,,
463478,L1,L3,L3,L2,L2,L1,L2,L2,L1,C1_2,D1_2,F1_3,L2,L3,,,
463479,L1,L3,L3,L2,L2,L1,L2,L2,L1,C1_2,D1_2,F1_3,L3,L1,,,
463480,L1,L3,L3,L2,L2,L1,L2,L2,L1,C1_2,D1_2,F1_3,L3,L2,,,
463481,L1,L3,L3,L2,L2,L1,L2,L2,L1,C1_2,D1_2,F1_3,L3,L3,,,
463482,L1,L3,L3,L2,L2,L1,L2,L2,L1,C1_2,D1_3,F1_1,L1,L1,,,
463483,L1,L3,L3,L2,L2,L1,L2,L2,L1,C1_2,D1_3,F1_1,L1,L2,,,
463484,L1,L3,L3,L2,L2,L1,L2,L2,L1,C1_2,D1_3,F1_1,L1,L3,,,
463485,L1,L3,L3,L2,L2,L1,L2,L2,L1,C1_2,D1_3,F1_1,L2,L1,,,
463486,L1,L3,L3,L2,L2,L1,L2,L2,L1,C1_2,D1_3,F1_1,L2,L2,,,
463487,L1,L3,L3,L2,L2,L1,L2,L2,L1,C1_2,D1_3,F1_1,L2,L3,,,
463488,L1,L3,L3,L2,L2,L1,L2,L2,L1,C1_2,D1_3,F1_1,L3,L1,,,
463489,L1,L3,L3,L2,L2,L1,L2,L2,L1,C1_2,D1_3,F1_1,L3,L2,,,
463490,L1,L3,L3,L2,L2,L1,L2,L2,L1,C1_2,D1_3,F1_1,L3,L3,,,
463491,L1,L3,L3,L2,L2,L1,L2,L2,L1,C1_2,D1_3,F1_2,L1,L1,,,
463492,L1,L3,L3,L2,L2,L1,L2,L2,L1,C1_2,D1_3,F1_2,L1,L2,,,
463493,L1,L3,L3,L2,L2,L1,L2,L2,L1,C1_2,D1_3,F1_2,L1,L3,,,
463494,L1,L3,L3,L2,L2,L1,L2,L2,L1,C1_2,D1_3,F1_2,L2,L1,,,
463495,L1,L3,L3,L2,L2,L1,L2,L2,L1,C1_2,D1_3,F1_2,L2,L2,,,
463496,L1,L3,L3,L2,L2,L1,L2,L2,L1,C1_2,D1_3,F1_2,L2,L3,,,
463497,L1,L3,L3,L2,L2,L1,L2,L2,L1,C1_2,D1_3,F1_2,L3,L1,,,
463498,L1,L3,L3,L2,L2,L1,L2,L2,L1,C1_2,D1_3,F1_2,L3,L2,,,
463499,L1,L3,L3,L2,L2,L1,L2,L2,L1,C1_2,D1_3,F1_2,L3,L3,,,
463500,L1,L3,L3,L2,L2,L1,L2,L2,L1,C1_2,D1_3,F1_3,L1,L1,,,
463501,L1,L3,L3,L2,L2,L1,L2,L2,L1,C1_2,D1_3,F1_3,L1,L2,,,
463502,L1,L3,L3,L2,L2,L1,L2,L2,L1,C1_2,D1_3,F1_3,L1,L3,,,
463503,L1,L3,L3,L2,L2,L1,L2,L2,L1,C1_2,D1_3,F1_3,L2,L1,,,
463504,L1,L3,L3,L2,L2,L1,L2,L2,L1,C1_2,D1_3,F1_3,L2,L2,,,
463505,L1,L3,L3,L2,L2,L1,L2,L2,L1,C1_2,D1_3,F1_3,L2,L3,,,
463506,L1,L3,L3,L2,L2,L1,L2,L2,L1,C1_2,D1_3,F1_3,L3,L1,,,
463507,L1,L3,L3,L2,L2,L1,L2,L2,L1,C1_2,D1_3,F1_3,L3,L2,,,
463508,L1,L3,L3,L2,L2,L1,L2,L2,L1,C1_2,D1_3,F1_3,L3,L3,,,
463509,L1,L3,L3,L2,L2,L1,L2,L2,L1,C1_3,D1_1,F1_1,L1,L1,,,
463510,L1,L3,L3,L2,L2,L1,L2,L2,L1,C1_3,D1_1,F1_1,L1,L2,,,
463511,L1,L3,L3,L2,L2,L1,L2,L2,L1,C1_3,D1_1,F1_1,L1,L3,,,
463512,L1,L3,L3,L2,L2,L1,L2,L2,L1,C1_3,D1_1,F1_1,L2,L1,,,
463513,L1,L3,L3,L2,L2,L1,L2,L2,L1,C1_3,D1_1,F1_1,L2,L2,,,
463514,L1,L3,L3,L2,L2,L1,L2,L2,L1,C1_3,D1_1,F1_1,L2,L3,,,
463515,L1,L3,L3,L2,L2,L1,L2,L2,L1,C1_3,D1_1,F1_1,L3,L1,,,
463516,L1,L3,L3,L2,L2,L1,L2,L2,L1,C1_3,D1_1,F1_1,L3,L2,,,
463517,L1,L3,L3,L2,L2,L1,L2,L2,L1,C1_3,D1_1,F1_1,L3,L3,,,
463518,L1,L3,L3,L2,L2,L1,L2,L2,L1,C1_3,D1_1,F1_2,L1,L1,,,
463519,L1,L3,L3,L2,L2,L1,L2,L2,L1,C1_3,D1_1,F1_2,L1,L2,,,
463520,L1,L3,L3,L2,L2,L1,L2,L2,L1,C1_3,D1_1,F1_2,L1,L3,,,
463521,L1,L3,L3,L2,L2,L1,L2,L2,L1,C1_3,D1_1,F1_2,L2,L1,,,
463522,L1,L3,L3,L2,L2,L1,L2,L2,L1,C1_3,D1_1,F1_2,L2,L2,,,
463523,L1,L3,L3,L2,L2,L1,L2,L2,L1,C1_3,D1_1,F1_2,L2,L3,,,
463524,L1,L3,L3,L2,L2,L1,L2,L2,L1,C1_3,D1_1,F1_2,L3,L1,,,
463525,L1,L3,L3,L2,L2,L1,L2,L2,L1,C1_3,D1_1,F1_2,L3,L2,,,
463526,L1,L3,L3,L2,L2,L1,L2,L2,L1,C1_3,D1_1,F1_2,L3,L3,,,
463527,L1,L3,L3,L2,L2,L1,L2,L2,L1,C1_3,D1_1,F1_3,L1,L1,,,
463528,L1,L3,L3,L2,L2,L1,L2,L2,L1,C1_3,D1_1,F1_3,L1,L2,,,
463529,L1,L3,L3,L2,L2,L1,L2,L2,L1,C1_3,D1_1,F1_3,L1,L3,,,
463530,L1,L3,L3,L2,L2,L1,L2,L2,L1,C1_3,D1_1,F1_3,L2,L1,,,
463531,L1,L3,L3,L2,L2,L1,L2,L2,L1,C1_3,D1_1,F1_3,L2,L2,,,
463532,L1,L3,L3,L2,L2,L1,L2,L2,L1,C1_3,D1_1,F1_3,L2,L3,,,
463533,L1,L3,L3,L2,L2,L1,L2,L2,L1,C1_3,D1_1,F1_3,L3,L1,,,
463534,L1,L3,L3,L2,L2,L1,L2,L2,L1,C1_3,D1_1,F1_3,L3,L2,,,
463535,L1,L3,L3,L2,L2,L1,L2,L2,L1,C1_3,D1_1,F1_3,L3,L3,,,
463536,L1,L3,L3,L2,L2,L1,L2,L2,L1,C1_3,D1_2,F1_1,L1,L1,,,
463537,L1,L3,L3,L2,L2,L1,L2,L2,L1,C1_3,D1_2,F1_1,L1,L2,,,
463538,L1,L3,L3,L2,L2,L1,L2,L2,L1,C1_3,D1_2,F1_1,L1,L3,,,
463539,L1,L3,L3,L2,L2,L1,L2,L2,L1,C1_3,D1_2,F1_1,L2,L1,,,
463540,L1,L3,L3,L2,L2,L1,L2,L2,L1,C1_3,D1_2,F1_1,L2,L2,,,
463541,L1,L3,L3,L2,L2,L1,L2,L2,L1,C1_3,D1_2,F1_1,L2,L3,,,
463542,L1,L3,L3,L2,L2,L1,L2,L2,L1,C1_3,D1_2,F1_1,L3,L1,,,
463543,L1,L3,L3,L2,L2,L1,L2,L2,L1,C1_3,D1_2,F1_1,L3,L2,,,
463544,L1,L3,L3,L2,L2,L1,L2,L2,L1,C1_3,D1_2,F1_1,L3,L3,,,
463545,L1,L3,L3,L2,L2,L1,L2,L2,L1,C1_3,D1_2,F1_2,L1,L1,,,
463546,L1,L3,L3,L2,L2,L1,L2,L2,L1,C1_3,D1_2,F1_2,L1,L2,,,
463547,L1,L3,L3,L2,L2,L1,L2,L2,L1,C1_3,D1_2,F1_2,L1,L3,,,
463548,L1,L3,L3,L2,L2,L1,L2,L2,L1,C1_3,D1_2,F1_2,L2,L1,,,
463549,L1,L3,L3,L2,L2,L1,L2,L2,L1,C1_3,D1_2,F1_2,L2,L2,,,
463550,L1,L3,L3,L2,L2,L1,L2,L2,L1,C1_3,D1_2,F1_2,L2,L3,,,
463551,L1,L3,L3,L2,L2,L1,L2,L2,L1,C1_3,D1_2,F1_2,L3,L1,,,
463552,L1,L3,L3,L2,L2,L1,L2,L2,L1,C1_3,D1_2,F1_2,L3,L2,,,
463553,L1,L3,L3,L2,L2,L1,L2,L2,L1,C1_3,D1_2,F1_2,L3,L3,,,
463554,L1,L3,L3,L2,L2,L1,L2,L2,L1,C1_3,D1_2,F1_3,L1,L1,,,
463555,L1,L3,L3,L2,L2,L1,L2,L2,L1,C1_3,D1_2,F1_3,L1,L2,,,
463556,L1,L3,L3,L2,L2,L1,L2,L2,L1,C1_3,D1_2,F1_3,L1,L3,,,
463557,L1,L3,L3,L2,L2,L1,L2,L2,L1,C1_3,D1_2,F1_3,L2,L1,,,
463558,L1,L3,L3,L2,L2,L1,L2,L2,L1,C1_3,D1_2,F1_3,L2,L2,,,
463559,L1,L3,L3,L2,L2,L1,L2,L2,L1,C1_3,D1_2,F1_3,L2,L3,,,
463560,L1,L3,L3,L2,L2,L1,L2,L2,L1,C1_3,D1_2,F1_3,L3,L1,,,
463561,L1,L3,L3,L2,L2,L1,L2,L2,L1,C1_3,D1_2,F1_3,L3,L2,,,
463562,L1,L3,L3,L2,L2,L1,L2,L2,L1,C1_3,D1_2,F1_3,L3,L3,,,
463563,L1,L3,L3,L2,L2,L1,L2,L2,L1,C1_3,D1_3,F1_1,L1,L1,,,
463564,L1,L3,L3,L2,L2,L1,L2,L2,L1,C1_3,D1_3,F1_1,L1,L2,,,
463565,L1,L3,L3,L2,L2,L1,L2,L2,L1,C1_3,D1_3,F1_1,L1,L3,,,
463566,L1,L3,L3,L2,L2,L1,L2,L2,L1,C1_3,D1_3,F1_1,L2,L1,,,
463567,L1,L3,L3,L2,L2,L1,L2,L2,L1,C1_3,D1_3,F1_1,L2,L2,,,
463568,L1,L3,L3,L2,L2,L1,L2,L2,L1,C1_3,D1_3,F1_1,L2,L3,,,
463569,L1,L3,L3,L2,L2,L1,L2,L2,L1,C1_3,D1_3,F1_1,L3,L1,,,
463570,L1,L3,L3,L2,L2,L1,L2,L2,L1,C1_3,D1_3,F1_1,L3,L2,,,
463571,L1,L3,L3,L2,L2,L1,L2,L2,L1,C1_3,D1_3,F1_1,L3,L3,,,
463572,L1,L3,L3,L2,L2,L1,L2,L2,L1,C1_3,D1_3,F1_2,L1,L1,,,
463573,L1,L3,L3,L2,L2,L1,L2,L2,L1,C1_3,D1_3,F1_2,L1,L2,,,
463574,L1,L3,L3,L2,L2,L1,L2,L2,L1,C1_3,D1_3,F1_2,L1,L3,,,
463575,L1,L3,L3,L2,L2,L1,L2,L2,L1,C1_3,D1_3,F1_2,L2,L1,,,
463576,L1,L3,L3,L2,L2,L1,L2,L2,L1,C1_3,D1_3,F1_2,L2,L2,,,
463577,L1,L3,L3,L2,L2,L1,L2,L2,L1,C1_3,D1_3,F1_2,L2,L3,,,
463578,L1,L3,L3,L2,L2,L1,L2,L2,L1,C1_3,D1_3,F1_2,L3,L1,,,
463579,L1,L3,L3,L2,L2,L1,L2,L2,L1,C1_3,D1_3,F1_2,L3,L2,,,
463580,L1,L3,L3,L2,L2,L1,L2,L2,L1,C1_3,D1_3,F1_2,L3,L3,,,
463581,L1,L3,L3,L2,L2,L1,L2,L2,L1,C1_3,D1_3,F1_3,L1,L1,,,
463582,L1,L3,L3,L2,L2,L1,L2,L2,L1,C1_3,D1_3,F1_3,L1,L2,,,
463583,L1,L3,L3,L2,L2,L1,L2,L2,L1,C1_3,D1_3,F1_3,L1,L3,,,
463584,L1,L3,L3,L2,L2,L1,L2,L2,L1,C1_3,D1_3,F1_3,L2,L1,,,
463585,L1,L3,L3,L2,L2,L1,L2,L2,L1,C1_3,D1_3,F1_3,L2,L2,,,
463586,L1,L3,L3,L2,L2,L1,L2,L2,L1,C1_3,D1_3,F1_3,L2,L3,,,
463587,L1,L3,L3,L2,L2,L1,L2,L2,L1,C1_3,D1_3,F1_3,L3,L1,,,
463588,L1,L3,L3,L2,L2,L1,L2,L2,L1,C1_3,D1_3,F1_3,L3,L2,,,
463589,L1,L3,L3,L2,L2,L1,L2,L2,L1,C1_3,D1_3,F1_3,L3,L3,,,
473904,L1,L3,L2,L1,L1,L1,L2,L2,L1,C1_1,D1_1,F1_1,L1,L1,,,
473905,L1,L3,L2,L1,L1,L1,L2,L2,L1,C1_1,D1_1,F1_1,L1,L2,,,
473906,L1,L3,L2,L1,L1,L1,L2,L2,L1,C1_1,D1_1,F1_1,L1,L3,,,
473907,L1,L3,L2,L1,L1,L1,L2,L2,L1,C1_1,D1_1,F1_1,L2,L1,,,
473908,L1,L3,L2,L1,L1,L1,L2,L2,L1,C1_1,D1_1,F1_1,L2,L2,,,
473909,L1,L3,L2,L1,L1,L1,L2,L2,L1,C1_1,D1_1,F1_1,L2,L3,,,
473910,L1,L3,L2,L1,L1,L1,L2,L2,L1,C1_1,D1_1,F1_1,L3,L1,,,
473911,L1,L3,L2,L1,L1,L1,L2,L2,L1,C1_1,D1_1,F1_1,L3,L2,,,
473912,L1,L3,L2,L1,L1,L1,L2,L2,L1,C1_1,D1_1,F1_1,L3,L3,,,
473913,L1,L3,L2,L1,L1,L1,L2,L2,L1,C1_1,D1_1,F1_2,L1,L1,,,
473914,L1,L3,L2,L1,L1,L1,L2,L2,L1,C1_1,D1_1,F1_2,L1,L2,,,
473915,L1,L3,L2,L1,L1,L1,L2,L2,L1,C1_1,D1_1,F1_2,L1,L3,,,
473916,L1,L3,L2,L1,L1,L1,L2,L2,L1,C1_1,D1_1,F1_2,L2,L1,,,
473917,L1,L3,L2,L1,L1,L1,L2,L2,L1,C1_1,D1_1,F1_2,L2,L2,,,
473918,L1,L3,L2,L1,L1,L1,L2,L2,L1,C1_1,D1_1,F1_2,L2,L3,,,
473919,L1,L3,L2,L1,L1,L1,L2,L2,L1,C1_1,D1_1,F1_2,L3,L1,,,
473920,L1,L3,L2,L1,L1,L1,L2,L2,L1,C1_1,D1_1,F1_2,L3,L2,,,
473921,L1,L3,L2,L1,L1,L1,L2,L2,L1,C1_1,D1_1,F1_2,L3,L3,,,
473922,L1,L3,L2,L1,L1,L1,L2,L2,L1,C1_1,D1_1,F1_3,L1,L1,,,
473923,L1,L3,L2,L1,L1,L1,L2,L2,L1,C1_1,D1_1,F1_3,L1,L2,,,
473924,L1,L3,L2,L1,L1,L1,L2,L2,L1,C1_1,D1_1,F1_3,L1,L3,,,
473925,L1,L3,L2,L1,L1,L1,L2,L2,L1,C1_1,D1_1,F1_3,L2,L1,,,
473926,L1,L3,L2,L1,L1,L1,L2,L2,L1,C1_1,D1_1,F1_3,L2,L2,,,
473927,L1,L3,L2,L1,L1,L1,L2,L2,L1,C1_1,D1_1,F1_3,L2,L3,,,
473928,L1,L3,L2,L1,L1,L1,L2,L2,L1,C1_1,D1_1,F1_3,L3,L1,,,
473929,L1,L3,L2,L1,L1,L1,L2,L2,L1,C1_1,D1_1,F1_3,L3,L2,,,
473930,L1,L3,L2,L1,L1,L1,L2,L2,L1,C1_1,D1_1,F1_3,L3,L3,,,
473931,L1,L3,L2,L1,L1,L1,L2,L2,L1,C1_1,D1_2,F1_1,L1,L1,,,
473932,L1,L3,L2,L1,L1,L1,L2,L2,L1,C1_1,D1_2,F1_1,L1,L2,,,
473933,L1,L3,L2,L1,L1,L1,L2,L2,L1,C1_1,D1_2,F1_1,L1,L3,,,
473934,L1,L3,L2,L1,L1,L1,L2,L2,L1,C1_1,D1_2,F1_1,L2,L1,,,
473935,L1,L3,L2,L1,L1,L1,L2,L2,L1,C1_1,D1_2,F1_1,L2,L2,,,
473936,L1,L3,L2,L1,L1,L1,L2,L2,L1,C1_1,D1_2,F1_1,L2,L3,,,
473937,L1,L3,L2,L1,L1,L1,L2,L2,L1,C1_1,D1_2,F1_1,L3,L1,,,
473938,L1,L3,L2,L1,L1,L1,L2,L2,L1,C1_1,D1_2,F1_1,L3,L2,,,
473939,L1,L3,L2,L1,L1,L1,L2,L2,L1,C1_1,D1_2,F1_1,L3,L3,,,
473940,L1,L3,L2,L1,L1,L1,L2,L2,L1,C1_1,D1_2,F1_2,L1,L1,,,
473941,L1,L3,L2,L1,L1,L1,L2,L2,L1,C1_1,D1_2,F1_2,L1,L2,,,
473942,L1,L3,L2,L1,L1,L1,L2,L2,L1,C1_1,D1_2,F1_2,L1,L3,,,
473943,L1,L3,L2,L1,L1,L1,L2,L2,L1,C1_1,D1_2,F1_2,L2,L1,,,
473944,L1,L3,L2,L1,L1,L1,L2,L2,L1,C1_1,D1_2,F1_2,L2,L2,,,
473945,L1,L3,L2,L1,L1,L1,L2,L2,L1,C1_1,D1_2,F1_2,L2,L3,,,
473946,L1,L3,L2,L1,L1,L1,L2,L2,L1,C1_1,D1_2,F1_2,L3,L1,,,
473947,L1,L3,L2,L1,L1,L1,L2,L2,L1,C1_1,D1_2,F1_2,L3,L2,,,
473948,L1,L3,L2,L1,L1,L1,L2,L2,L1,C1_1,D1_2,F1_2,L3,L3,,,
473949,L1,L3,L2,L1,L1,L1,L2,L2,L1,C1_1,D1_2,F1_3,L1,L1,,,
473950,L1,L3,L2,L1,L1,L1,L2,L2,L1,C1_1,D1_2,F1_3,L1,L2,,,
473951,L1,L3,L2,L1,L1,L1,L2,L2,L1,C1_1,D1_2,F1_3,L1,L3,,,
473952,L1,L3,L2,L1,L1,L1,L2,L2,L1,C1_1,D1_2,F1_3,L2,L1,,,
473953,L1,L3,L2,L1,L1,L1,L2,L2,L1,C1_1,D1_2,F1_3,L2,L2,,,
473954,L1,L3,L2,L1,L1,L1,L2,L2,L1,C1_1,D1_2,F1_3,L2,L3,,,
473955,L1,L3,L2,L1,L1,L1,L2,L2,L1,C1_1,D1_2,F1_3,L3,L1,,,
473956,L1,L3,L2,L1,L1,L1,L2,L2,L1,C1_1,D1_2,F1_3,L3,L2,,,
473957,L1,L3,L2,L1,L1,L1,L2,L2,L1,C1_1,D1_2,F1_3,L3,L3,,,
473958,L1,L3,L2,L1,L1,L1,L2,L2,L1,C1_1,D1_3,F1_1,L1,L1,,,
473959,L1,L3,L2,L1,L1,L1,L2,L2,L1,C1_1,D1_3,F1_1,L1,L2,,,
473960,L1,L3,L2,L1,L1,L1,L2,L2,L1,C1_1,D1_3,F1_1,L1,L3,,,
473961,L1,L3,L2,L1,L1,L1,L2,L2,L1,C1_1,D1_3,F1_1,L2,L1,,,
473962,L1,L3,L2,L1,L1,L1,L2,L2,L1,C1_1,D1_3,F1_1,L2,L2,,,
473963,L1,L3,L2,L1,L1,L1,L2,L2,L1,C1_1,D1_3,F1_1,L2,L3,,,
473964,L1,L3,L2,L1,L1,L1,L2,L2,L1,C1_1,D1_3,F1_1,L3,L1,,,
473965,L1,L3,L2,L1,L1,L1,L2,L2,L1,C1_1,D1_3,F1_1,L3,L2,,,
473966,L1,L3,L2,L1,L1,L1,L2,L2,L1,C1_1,D1_3,F1_1,L3,L3,,,
473967,L1,L3,L2,L1,L1,L1,L2,L2,L1,C1_1,D1_3,F1_2,L1,L1,,,
473968,L1,L3,L2,L1,L1,L1,L2,L2,L1,C1_1,D1_3,F1_2,L1,L2,,,
473969,L1,L3,L2,L1,L1,L1,L2,L2,L1,C1_1,D1_3,F1_2,L1,L3,,,
473970,L1,L3,L2,L1,L1,L1,L2,L2,L1,C1_1,D1_3,F1_2,L2,L1,,,
473971,L1,L3,L2,L1,L1,L1,L2,L2,L1,C1_1,D1_3,F1_2,L2,L2,,,
473972,L1,L3,L2,L1,L1,L1,L2,L2,L1,C1_1,D1_3,F1_2,L2,L3,,,
473973,L1,L3,L2,L1,L1,L1,L2,L2,L1,C1_1,D1_3,F1_2,L3,L1,,,
473974,L1,L3,L2,L1,L1,L1,L2,L2,L1,C1_1,D1_3,F1_2,L3,L2,,,
473975,L1,L3,L2,L1,L1,L1,L2,L2,L1,C1_1,D1_3,F1_2,L3,L3,,,
473976,L1,L3,L2,L1,L1,L1,L2,L2,L1,C1_1,D1_3,F1_3,L1,L1,,,
473977,L1,L3,L2,L1,L1,L1,L2,L2,L1,C1_1,D1_3,F1_3,L1,L2,,,
473978,L1,L3,L2,L1,L1,L1,L2,L2,L1,C1_1,D1_3,F1_3,L1,L3,,,
473979,L1,L3,L2,L1,L1,L1,L2,L2,L1,C1_1,D1_3,F1_3,L2,L1,,,
473980,L1,L3,L2,L1,L1,L1,L2,L2,L1,C1_1,D1_3,F1_3,L2,L2,,,
473981,L1,L3,L2,L1,L1,L1,L2,L2,L1,C1_1,D1_3,F1_3,L2,L3,,,
473982,L1,L3,L2,L1,L1,L1,L2,L2,L1,C1_1,D1_3,F1_3,L3,L1,,,
473983,L1,L3,L2,L1,L1,L1,L2,L2,L1,C1_1,D1_3,F1_3,L3,L2,,,
473984,L1,L3,L2,L1,L1,L1,L2,L2,L1,C1_1,D1_3,F1_3,L3,L3,,,
473985,L1,L3,L2,L1,L1,L1,L2,L2,L1,C1_2,D1_1,F1_1,L1,L1,,,
473986,L1,L3,L2,L1,L1,L1,L2,L2,L1,C1_2,D1_1,F1_1,L1,L2,,,
473987,L1,L3,L2,L1,L1,L1,L2,L2,L1,C1_2,D1_1,F1_1,L1,L3,,,
473988,L1,L3,L2,L1,L1,L1,L2,L2,L1,C1_2,D1_1,F1_1,L2,L1,,,
473989,L1,L3,L2,L1,L1,L1,L2,L2,L1,C1_2,D1_1,F1_1,L2,L2,,,
473990,L1,L3,L2,L1,L1,L1,L2,L2,L1,C1_2,D1_1,F1_1,L2,L3,,,
473991,L1,L3,L2,L1,L1,L1,L2,L2,L1,C1_2,D1_1,F1_1,L3,L1,,,
473992,L1,L3,L2,L1,L1,L1,L2,L2,L1,C1_2,D1_1,F1_1,L3,L2,,,
473993,L1,L3,L2,L1,L1,L1,L2,L2,L1,C1_2,D1_1,F1_1,L3,L3,,,
473994,L1,L3,L2,L1,L1,L1,L2,L2,L1,C1_2,D1_1,F1_2,L1,L1,,,
473995,L1,L3,L2,L1,L1,L1,L2,L2,L1,C1_2,D1_1,F1_2,L1,L2,,,
473996,L1,L3,L2,L1,L1,L1,L2,L2,L1,C1_2,D1_1,F1_2,L1,L3,,,
473997,L1,L3,L2,L1,L1,L1,L2,L2,L1,C1_2,D1_1,F1_2,L2,L1,,,
473998,L1,L3,L2,L1,L1,L1,L2,L2,L1,C1_2,D1_1,F1_2,L2,L2,,,
473999,L1,L3,L2,L1,L1,L1,L2,L2,L1,C1_2,D1_1,F1_2,L2,L3,,,
474000,L1,L3,L2,L1,L1,L1,L2,L2,L1,C1_2,D1_1,F1_2,L3,L1,,,
474001,L1,L3,L2,L1,L1,L1,L2,L2,L1,C1_2,D1_1,F1_2,L3,L2,,,
474002,L1,L3,L2,L1,L1,L1,L2,L2,L1,C1_2,D1_1,F1_2,L3,L3,,,
474003,L1,L3,L2,L1,L1,L1,L2,L2,L1,C1_2,D1_1,F1_3,L1,L1,,,
474004,L1,L3,L2,L1,L1,L1,L2,L2,L1,C1_2,D1_1,F1_3,L1,L2,,,
474005,L1,L3,L2,L1,L1,L1,L2,L2,L1,C1_2,D1_1,F1_3,L1,L3,,,
474006,L1,L3,L2,L1,L1,L1,L2,L2,L1,C1_2,D1_1,F1_3,L2,L1,,,
474007,L1,L3,L2,L1,L1,L1,L2,L2,L1,C1_2,D1_1,F1_3,L2,L2,,,
474008,L1,L3,L2,L1,L1,L1,L2,L2,L1,C1_2,D1_1,F1_3,L2,L3,,,
474009,L1,L3,L2,L1,L1,L1,L2,L2,L1,C1_2,D1_1,F1_3,L3,L1,,,
474010,L1,L3,L2,L1,L1,L1,L2,L2,L1,C1_2,D1_1,F1_3,L3,L2,,,
474011,L1,L3,L2,L1,L1,L1,L2,L2,L1,C1_2,D1_1,F1_3,L3,L3,,,
474012,L1,L3,L2,L1,L1,L1,L2,L2,L1,C1_2,D1_2,F1_1,L1,L1,,,
474013,L1,L3,L2,L1,L1,L1,L2,L2,L1,C1_2,D1_2,F1_1,L1,L2,,,
474014,L1,L3,L2,L1,L1,L1,L2,L2,L1,C1_2,D1_2,F1_1,L1,L3,,,
474015,L1,L3,L2,L1,L1,L1,L2,L2,L1,C1_2,D1_2,F1_1,L2,L1,,,
474016,L1,L3,L2,L1,L1,L1,L2,L2,L1,C1_2,D1_2,F1_1,L2,L2,,,
474017,L1,L3,L2,L1,L1,L1,L2,L2,L1,C1_2,D1_2,F1_1,L2,L3,,,
474018,L1,L3,L2,L1,L1,L1,L2,L2,L1,C1_2,D1_2,F1_1,L3,L1,,,
474019,L1,L3,L2,L1,L1,L1,L2,L2,L1,C1_2,D1_2,F1_1,L3,L2,,,
474020,L1,L3,L2,L1,L1,L1,L2,L2,L1,C1_2,D1_2,F1_1,L3,L3,,,
474021,L1,L3,L2,L1,L1,L1,L2,L2,L1,C1_2,D1_2,F1_2,L1,L1,,,
474022,L1,L3,L2,L1,L1,L1,L2,L2,L1,C1_2,D1_2,F1_2,L1,L2,,,
474023,L1,L3,L2,L1,L1,L1,L2,L2,L1,C1_2,D1_2,F1_2,L1,L3,,,
474024,L1,L3,L2,L1,L1,L1,L2,L2,L1,C1_2,D1_2,F1_2,L2,L1,,,
474025,L1,L3,L2,L1,L1,L1,L2,L2,L1,C1_2,D1_2,F1_2,L2,L2,,,
474026,L1,L3,L2,L1,L1,L1,L2,L2,L1,C1_2,D1_2,F1_2,L2,L3,,,
474027,L1,L3,L2,L1,L1,L1,L2,L2,L1,C1_2,D1_2,F1_2,L3,L1,,,
474028,L1,L3,L2,L1,L1,L1,L2,L2,L1,C1_2,D1_2,F1_2,L3,L2,,,
474029,L1,L3,L2,L1,L1,L1,L2,L2,L1,C1_2,D1_2,F1_2,L3,L3,,,
474030,L1,L3,L2,L1,L1,L1,L2,L2,L1,C1_2,D1_2,F1_3,L1,L1,,,
474031,L1,L3,L2,L1,L1,L1,L2,L2,L1,C1_2,D1_2,F1_3,L1,L2,,,
474032,L1,L3,L2,L1,L1,L1,L2,L2,L1,C1_2,D1_2,F1_3,L1,L3,,,
474033,L1,L3,L2,L1,L1,L1,L2,L2,L1,C1_2,D1_2,F1_3,L2,L1,,,
474034,L1,L3,L2,L1,L1,L1,L2,L2,L1,C1_2,D1_2,F1_3,L2,L2,,,
474035,L1,L3,L2,L1,L1,L1,L2,L2,L1,C1_2,D1_2,F1_3,L2,L3,,,
474036,L1,L3,L2,L1,L1,L1,L2,L2,L1,C1_2,D1_2,F1_3,L3,L1,,,
474037,L1,L3,L2,L1,L1,L1,L2,L2,L1,C1_2,D1_2,F1_3,L3,L2,,,
474038,L1,L3,L2,L1,L1,L1,L2,L2,L1,C1_2,D1_2,F1_3,L3,L3,,,
474039,L1,L3,L2,L1,L1,L1,L2,L2,L1,C1_2,D1_3,F1_1,L1,L1,,,
474040,L1,L3,L2,L1,L1,L1,L2,L2,L1,C1_2,D1_3,F1_1,L1,L2,,,
474041,L1,L3,L2,L1,L1,L1,L2,L2,L1,C1_2,D1_3,F1_1,L1,L3,,,
474042,L1,L3,L2,L1,L1,L1,L2,L2,L1,C1_2,D1_3,F1_1,L2,L1,,,
474043,L1,L3,L2,L1,L1,L1,L2,L2,L1,C1_2,D1_3,F1_1,L2,L2,,,
474044,L1,L3,L2,L1,L1,L1,L2,L2,L1,C1_2,D1_3,F1_1,L2,L3,,,
474045,L1,L3,L2,L1,L1,L1,L2,L2,L1,C1_2,D1_3,F1_1,L3,L1,,,
474046,L1,L3,L2,L1,L1,L1,L2,L2,L1,C1_2,D1_3,F1_1,L3,L2,,,
474047,L1,L3,L2,L1,L1,L1,L2,L2,L1,C1_2,D1_3,F1_1,L3,L3,,,
474048,L1,L3,L2,L1,L1,L1,L2,L2,L1,C1_2,D1_3,F1_2,L1,L1,,,
474049,L1,L3,L2,L1,L1,L1,L2,L2,L1,C1_2,D1_3,F1_2,L1,L2,,,
474050,L1,L3,L2,L1,L1,L1,L2,L2,L1,C1_2,D1_3,F1_2,L1,L3,,,
474051,L1,L3,L2,L1,L1,L1,L2,L2,L1,C1_2,D1_3,F1_2,L2,L1,,,
474052,L1,L3,L2,L1,L1,L1,L2,L2,L1,C1_2,D1_3,F1_2,L2,L2,,,
474053,L1,L3,L2,L1,L1,L1,L2,L2,L1,C1_2,D1_3,F1_2,L2,L3,,,
474054,L1,L3,L2,L1,L1,L1,L2,L2,L1,C1_2,D1_3,F1_2,L3,L1,,,
474055,L1,L3,L2,L1,L1,L1,L2,L2,L1,C1_2,D1_3,F1_2,L3,L2,,,
474056,L1,L3,L2,L1,L1,L1,L2,L2,L1,C1_2,D1_3,F1_2,L3,L3,,,
474057,L1,L3,L2,L1,L1,L1,L2,L2,L1,C1_2,D1_3,F1_3,L1,L1,,,
474058,L1,L3,L2,L1,L1,L1,L2,L2,L1,C1_2,D1_3,F1_3,L1,L2,,,
474059,L1,L3,L2,L1,L1,L1,L2,L2,L1,C1_2,D1_3,F1_3,L1,L3,,,
474060,L1,L3,L2,L1,L1,L1,L2,L2,L1,C1_2,D1_3,F1_3,L2,L1,,,
474061,L1,L3,L2,L1,L1,L1,L2,L2,L1,C1_2,D1_3,F1_3,L2,L2,,,
474062,L1,L3,L2,L1,L1,L1,L2,L2,L1,C1_2,D1_3,F1_3,L2,L3,,,
474063,L1,L3,L2,L1,L1,L1,L2,L2,L1,C1_2,D1_3,F1_3,L3,L1,,,
474064,L1,L3,L2,L1,L1,L1,L2,L2,L1,C1_2,D1_3,F1_3,L3,L2,,,
474065,L1,L3,L2,L1,L1,L1,L2,L2,L1,C1_2,D1_3,F1_3,L3,L3,,,
474066,L1,L3,L2,L1,L1,L1,L2,L2,L1,C1_3,D1_1,F1_1,L1,L1,,,
474067,L1,L3,L2,L1,L1,L1,L2,L2,L1,C1_3,D1_1,F1_1,L1,L2,,,
474068,L1,L3,L2,L1,L1,L1,L2,L2,L1,C1_3,D1_1,F1_1,L1,L3,,,
474069,L1,L3,L2,L1,L1,L1,L2,L2,L1,C1_3,D1_1,F1_1,L2,L1,,,
474070,L1,L3,L2,L1,L1,L1,L2,L2,L1,C1_3,D1_1,F1_1,L2,L2,,,
474071,L1,L3,L2,L1,L1,L1,L2,L2,L1,C1_3,D1_1,F1_1,L2,L3,,,
474072,L1,L3,L2,L1,L1,L1,L2,L2,L1,C1_3,D1_1,F1_1,L3,L1,,,
474073,L1,L3,L2,L1,L1,L1,L2,L2,L1,C1_3,D1_1,F1_1,L3,L2,,,
474074,L1,L3,L2,L1,L1,L1,L2,L2,L1,C1_3,D1_1,F1_1,L3,L3,,,
474075,L1,L3,L2,L1,L1,L1,L2,L2,L1,C1_3,D1_1,F1_2,L1,L1,,,
474076,L1,L3,L2,L1,L1,L1,L2,L2,L1,C1_3,D1_1,F1_2,L1,L2,,,
474077,L1,L3,L2,L1,L1,L1,L2,L2,L1,C1_3,D1_1,F1_2,L1,L3,,,
474078,L1,L3,L2,L1,L1,L1,L2,L2,L1,C1_3,D1_1,F1_2,L2,L1,,,
474079,L1,L3,L2,L1,L1,L1,L2,L2,L1,C1_3,D1_1,F1_2,L2,L2,,,
474080,L1,L3,L2,L1,L1,L1,L2,L2,L1,C1_3,D1_1,F1_2,L2,L3,,,
474081,L1,L3,L2,L1,L1,L1,L2,L2,L1,C1_3,D1_1,F1_2,L3,L1,,,
474082,L1,L3,L2,L1,L1,L1,L2,L2,L1,C1_3,D1_1,F1_2,L3,L2,,,
474083,L1,L3,L2,L1,L1,L1,L2,L2,L1,C1_3,D1_1,F1_2,L3,L3,,,
474084,L1,L3,L2,L1,L1,L1,L2,L2,L1,C1_3,D1_1,F1_3,L1,L1,,,
474085,L1,L3,L2,L1,L1,L1,L2,L2,L1,C1_3,D1_1,F1_3,L1,L2,,,
474086,L1,L3,L2,L1,L1,L1,L2,L2,L1,C1_3,D1_1,F1_3,L1,L3,,,
474087,L1,L3,L2,L1,L1,L1,L2,L2,L1,C1_3,D1_1,F1_3,L2,L1,,,
474088,L1,L3,L2,L1,L1,L1,L2,L2,L1,C1_3,D1_1,F1_3,L2,L2,,,
474089,L1,L3,L2,L1,L1,L1,L2,L2,L1,C1_3,D1_1,F1_3,L2,L3,,,
474090,L1,L3,L2,L1,L1,L1,L2,L2,L1,C1_3,D1_1,F1_3,L3,L1,,,
474091,L1,L3,L2,L1,L1,L1,L2,L2,L1,C1_3,D1_1,F1_3,L3,L2,,,
474092,L1,L3,L2,L1,L1,L1,L2,L2,L1,C1_3,D1_1,F1_3,L3,L3,,,
474093,L1,L3,L2,L1,L1,L1,L2,L2,L1,C1_3,D1_2,F1_1,L1,L1,,,
474094,L1,L3,L2,L1,L1,L1,L2,L2,L1,C1_3,D1_2,F1_1,L1,L2,,,
474095,L1,L3,L2,L1,L1,L1,L2,L2,L1,C1_3,D1_2,F1_1,L1,L3,,,
474096,L1,L3,L2,L1,L1,L1,L2,L2,L1,C1_3,D1_2,F1_1,L2,L1,,,
474097,L1,L3,L2,L1,L1,L1,L2,L2,L1,C1_3,D1_2,F1_1,L2,L2,,,
474098,L1,L3,L2,L1,L1,L1,L2,L2,L1,C1_3,D1_2,F1_1,L2,L3,,,
474099,L1,L3,L2,L1,L1,L1,L2,L2,L1,C1_3,D1_2,F1_1,L3,L1,,,
474100,L1,L3,L2,L1,L1,L1,L2,L2,L1,C1_3,D1_2,F1_1,L3,L2,,,
474101,L1,L3,L2,L1,L1,L1,L2,L2,L1,C1_3,D1_2,F1_1,L3,L3,,,
474102,L1,L3,L2,L1,L1,L1,L2,L2,L1,C1_3,D1_2,F1_2,L1,L1,,,
474103,L1,L3,L2,L1,L1,L1,L2,L2,L1,C1_3,D1_2,F1_2,L1,L2,,,
474104,L1,L3,L2,L1,L1,L1,L2,L2,L1,C1_3,D1_2,F1_2,L1,L3,,,
474105,L1,L3,L2,L1,L1,L1,L2,L2,L1,C1_3,D1_2,F1_2,L2,L1,,,
474106,L1,L3,L2,L1,L1,L1,L2,L2,L1,C1_3,D1_2,F1_2,L2,L2,,,
474107,L1,L3,L2,L1,L1,L1,L2,L2,L1,C1_3,D1_2,F1_2,L2,L3,,,
474108,L1,L3,L2,L1,L1,L1,L2,L2,L1,C1_3,D1_2,F1_2,L3,L1,,,
474109,L1,L3,L2,L1,L1,L1,L2,L2,L1,C1_3,D1_2,F1_2,L3,L2,,,
474110,L1,L3,L2,L1,L1,L1,L2,L2,L1,C1_3,D1_2,F1_2,L3,L3,,,
474111,L1,L3,L2,L1,L1,L1,L2,L2,L1,C1_3,D1_2,F1_3,L1,L1,,,
474112,L1,L3,L2,L1,L1,L1,L2,L2,L1,C1_3,D1_2,F1_3,L1,L2,,,
474113,L1,L3,L2,L1,L1,L1,L2,L2,L1,C1_3,D1_2,F1_3,L1,L3,,,
474114,L1,L3,L2,L1,L1,L1,L2,L2,L1,C1_3,D1_2,F1_3,L2,L1,,,
474115,L1,L3,L2,L1,L1,L1,L2,L2,L1,C1_3,D1_2,F1_3,L2,L2,,,
474116,L1,L3,L2,L1,L1,L1,L2,L2,L1,C1_3,D1_2,F1_3,L2,L3,,,
474117,L1,L3,L2,L1,L1,L1,L2,L2,L1,C1_3,D1_2,F1_3,L3,L1,,,
474118,L1,L3,L2,L1,L1,L1,L2,L2,L1,C1_3,D1_2,F1_3,L3,L2,,,
474119,L1,L3,L2,L1,L1,L1,L2,L2,L1,C1_3,D1_2,F1_3,L3,L3,,,
474120,L1,L3,L2,L1,L1,L1,L2,L2,L1,C1_3,D1_3,F1_1,L1,L1,,,
474121,L1,L3,L2,L1,L1,L1,L2,L2,L1,C1_3,D1_3,F1_1,L1,L2,,,
474122,L1,L3,L2,L1,L1,L1,L2,L2,L1,C1_3,D1_3,F1_1,L1,L3,,,
474123,L1,L3,L2,L1,L1,L1,L2,L2,L1,C1_3,D1_3,F1_1,L2,L1,,,
474124,L1,L3,L2,L1,L1,L1,L2,L2,L1,C1_3,D1_3,F1_1,L2,L2,,,
474125,L1,L3,L2,L1,L1,L1,L2,L2,L1,C1_3,D1_3,F1_1,L2,L3,,,
474126,L1,L3,L2,L1,L1,L1,L2,L2,L1,C1_3,D1_3,F1_1,L3,L1,,,
474127,L1,L3,L2,L1,L1,L1,L2,L2,L1,C1_3,D1_3,F1_1,L3,L2,,,
474128,L1,L3,L2,L1,L1,L1,L2,L2,L1,C1_3,D1_3,F1_1,L3,L3,,,
474129,L1,L3,L2,L1,L1,L1,L2,L2,L1,C1_3,D1_3,F1_2,L1,L1,,,
474130,L1,L3,L2,L1,L1,L1,L2,L2,L1,C1_3,D1_3,F1_2,L1,L2,,,
474131,L1,L3,L2,L1,L1,L1,L2,L2,L1,C1_3,D1_3,F1_2,L1,L3,,,
474132,L1,L3,L2,L1,L1,L1,L2,L2,L1,C1_3,D1_3,F1_2,L2,L1,,,
474133,L1,L3,L2,L1,L1,L1,L2,L2,L1,C1_3,D1_3,F1_2,L2,L2,,,
474134,L1,L3,L2,L1,L1,L1,L2,L2,L1,C1_3,D1_3,F1_2,L2,L3,,,
474135,L1,L3,L2,L1,L1,L1,L2,L2,L1,C1_3,D1_3,F1_2,L3,L1,,,
474136,L1,L3,L2,L1,L1,L1,L2,L2,L1,C1_3,D1_3,F1_2,L3,L2,,,
474137,L1,L3,L2,L1,L1,L1,L2,L2,L1,C1_3,D1_3,F1_2,L3,L3,,,
474138,L1,L3,L2,L1,L1,L1,L2,L2,L1,C1_3,D1_3,F1_3,L1,L1,,,
474139,L1,L3,L2,L1,L1,L1,L2,L2,L1,C1_3,D1_3,F1_3,L1,L2,,,
474140,L1,L3,L2,L1,L1,L1,L2,L2,L1,C1_3,D1_3,F1_3,L1,L3,,,
474141,L1,L3,L2,L1,L1,L1,L2,L2,L1,C1_3,D1_3,F1_3,L2,L1,,,
474142,L1,L3,L2,L1,L1,L1,L2,L2,L1,C1_3,D1_3,F1_3,L2,L2,,,
474143,L1,L3,L2,L1,L1,L1,L2,L2,L1,C1_3,D1_3,F1_3,L2,L3,,,
474144,L1,L3,L2,L1,L1,L1,L2,L2,L1,C1_3,D1_3,F1_3,L3,L1,,,
474145,L1,L3,L2,L1,L1,L1,L2,L2,L1,C1_3,D1_3,F1_3,L3,L2,,,
474146,L1,L3,L2,L1,L1,L1,L2,L2,L1,C1_3,D1_3,F1_3,L3,L3,,,
486459,L2,L2,L2,L2,L3,L1,L2,L2,L1,C1_1,D1_1,F1_1,L1,L1,,,
486460,L2,L2,L2,L2,L3,L1,L2,L2,L1,C1_1,D1_1,F1_1,L1,L2,,,
486461,L2,L2,L2,L2,L3,L1,L2,L2,L1,C1_1,D1_1,F1_1,L1,L3,,,
486462,L2,L2,L2,L2,L3,L1,L2,L2,L1,C1_1,D1_1,F1_1,L2,L1,,,
486463,L2,L2,L2,L2,L3,L1,L2,L2,L1,C1_1,D1_1,F1_1,L2,L2,,,
486464,L2,L2,L2,L2,L3,L1,L2,L2,L1,C1_1,D1_1,F1_1,L2,L3,,,
486465,L2,L2,L2,L2,L3,L1,L2,L2,L1,C1_1,D1_1,F1_1,L3,L1,,,
486466,L2,L2,L2,L2,L3,L1,L2,L2,L1,C1_1,D1_1,F1_1,L3,L2,,,
486467,L2,L2,L2,L2,L3,L1,L2,L2,L1,C1_1,D1_1,F1_1,L3,L3,,,
486468,L2,L2,L2,L2,L3,L1,L2,L2,L1,C1_1,D1_1,F1_2,L1,L1,,,
486469,L2,L2,L2,L2,L3,L1,L2,L2,L1,C1_1,D1_1,F1_2,L1,L2,,,
486470,L2,L2,L2,L2,L3,L1,L2,L2,L1,C1_1,D1_1,F1_2,L1,L3,,,
486471,L2,L2,L2,L2,L3,L1,L2,L2,L1,C1_1,D1_1,F1_2,L2,L1,,,
486472,L2,L2,L2,L2,L3,L1,L2,L2,L1,C1_1,D1_1,F1_2,L2,L2,,,
486473,L2,L2,L2,L2,L3,L1,L2,L2,L1,C1_1,D1_1,F1_2,L2,L3,,,
486474,L2,L2,L2,L2,L3,L1,L2,L2,L1,C1_1,D1_1,F1_2,L3,L1,,,
486475,L2,L2,L2,L2,L3,L1,L2,L2,L1,C1_1,D1_1,F1_2,L3,L2,,,
486476,L2,L2,L2,L2,L3,L1,L2,L2,L1,C1_1,D1_1,F1_2,L3,L3,,,
486477,L2,L2,L2,L2,L3,L1,L2,L2,L1,C1_1,D1_1,F1_3,L1,L1,,,
486478,L2,L2,L2,L2,L3,L1,L2,L2,L1,C1_1,D1_1,F1_3,L1,L2,,,
486479,L2,L2,L2,L2,L3,L1,L2,L2,L1,C1_1,D1_1,F1_3,L1,L3,,,
486480,L2,L2,L2,L2,L3,L1,L2,L2,L1,C1_1,D1_1,F1_3,L2,L1,,,
486481,L2,L2,L2,L2,L3,L1,L2,L2,L1,C1_1,D1_1,F1_3,L2,L2,,,
486482,L2,L2,L2,L2,L3,L1,L2,L2,L1,C1_1,D1_1,F1_3,L2,L3,,,
486483,L2,L2,L2,L2,L3,L1,L2,L2,L1,C1_1,D1_1,F1_3,L3,L1,,,
486484,L2,L2,L2,L2,L3,L1,L2,L2,L1,C1_1,D1_1,F1_3,L3,L2,,,
486485,L2,L2,L2,L2,L3,L1,L2,L2,L1,C1_1,D1_1,F1_3,L3,L3,,,
486486,L2,L2,L2,L2,L3,L1,L2,L2,L1,C1_1,D1_2,F1_1,L1,L1,,,
486487,L2,L2,L2,L2,L3,L1,L2,L2,L1,C1_1,D1_2,F1_1,L1,L2,,,
486488,L2,L2,L2,L2,L3,L1,L2,L2,L1,C1_1,D1_2,F1_1,L1,L3,,,
486489,L2,L2,L2,L2,L3,L1,L2,L2,L1,C1_1,D1_2,F1_1,L2,L1,,,
486490,L2,L2,L2,L2,L3,L1,L2,L2,L1,C1_1,D1_2,F1_1,L2,L2,,,
486491,L2,L2,L2,L2,L3,L1,L2,L2,L1,C1_1,D1_2,F1_1,L2,L3,,,
486492,L2,L2,L2,L2,L3,L1,L2,L2,L1,C1_1,D1_2,F1_1,L3,L1,,,
486493,L2,L2,L2,L2,L3,L1,L2,L2,L1,C1_1,D1_2,F1_1,L3,L2,,,
486494,L2,L2,L2,L2,L3,L1,L2,L2,L1,C1_1,D1_2,F1_1,L3,L3,,,
486495,L2,L2,L2,L2,L3,L1,L2,L2,L1,C1_1,D1_2,F1_2,L1,L1,,,
486496,L2,L2,L2,L2,L3,L1,L2,L2,L1,C1_1,D1_2,F1_2,L1,L2,,,
486497,L2,L2,L2,L2,L3,L1,L2,L2,L1,C1_1,D1_2,F1_2,L1,L3,,,
486498,L2,L2,L2,L2,L3,L1,L2,L2,L1,C1_1,D1_2,F1_2,L2,L1,,,
486499,L2,L2,L2,L2,L3,L1,L2,L2,L1,C1_1,D1_2,F1_2,L2,L2,,,
486500,L2,L2,L2,L2,L3,L1,L2,L2,L1,C1_1,D1_2,F1_2,L2,L3,,,
486501,L2,L2,L2,L2,L3,L1,L2,L2,L1,C1_1,D1_2,F1_2,L3,L1,,,
486502,L2,L2,L2,L2,L3,L1,L2,L2,L1,C1_1,D1_2,F1_2,L3,L2,,,
486503,L2,L2,L2,L2,L3,L1,L2,L2,L1,C1_1,D1_2,F1_2,L3,L3,,,
486504,L2,L2,L2,L2,L3,L1,L2,L2,L1,C1_1,D1_2,F1_3,L1,L1,,,
486505,L2,L2,L2,L2,L3,L1,L2,L2,L1,C1_1,D1_2,F1_3,L1,L2,,,
486506,L2,L2,L2,L2,L3,L1,L2,L2,L1,C1_1,D1_2,F1_3,L1,L3,,,
486507,L2,L2,L2,L2,L3,L1,L2,L2,L1,C1_1,D1_2,F1_3,L2,L1,,,
486508,L2,L2,L2,L2,L3,L1,L2,L2,L1,C1_1,D1_2,F1_3,L2,L2,,,
486509,L2,L2,L2,L2,L3,L1,L2,L2,L1,C1_1,D1_2,F1_3,L2,L3,,,
486510,L2,L2,L2,L2,L3,L1,L2,L2,L1,C1_1,D1_2,F1_3,L3,L1,,,
486511,L2,L2,L2,L2,L3,L1,L2,L2,L1,C1_1,D1_2,F1_3,L3,L2,,,
486512,L2,L2,L2,L2,L3,L1,L2,L2,L1,C1_1,D1_2,F1_3,L3,L3,,,
486513,L2,L2,L2,L2,L3,L1,L2,L2,L1,C1_1,D1_3,F1_1,L1,L1,,,
486514,L2,L2,L2,L2,L3,L1,L2,L2,L1,C1_1,D1_3,F1_1,L1,L2,,,
486515,L2,L2,L2,L2,L3,L1,L2,L2,L1,C1_1,D1_3,F1_1,L1,L3,,,
486516,L2,L2,L2,L2,L3,L1,L2,L2,L1,C1_1,D1_3,F1_1,L2,L1,,,
486517,L2,L2,L2,L2,L3,L1,L2,L2,L1,C1_1,D1_3,F1_1,L2,L2,,,
486518,L2,L2,L2,L2,L3,L1,L2,L2,L1,C1_1,D1_3,F1_1,L2,L3,,,
486519,L2,L2,L2,L2,L3,L1,L2,L2,L1,C1_1,D1_3,F1_1,L3,L1,,,
486520,L2,L2,L2,L2,L3,L1,L2,L2,L1,C1_1,D1_3,F1_1,L3,L2,,,
486521,L2,L2,L2,L2,L3,L1,L2,L2,L1,C1_1,D1_3,F1_1,L3,L3,,,
486522,L2,L2,L2,L2,L3,L1,L2,L2,L1,C1_1,D1_3,F1_2,L1,L1,,,
486523,L2,L2,L2,L2,L3,L1,L2,L2,L1,C1_1,D1_3,F1_2,L1,L2,,,
486524,L2,L2,L2,L2,L3,L1,L2,L2,L1,C1_1,D1_3,F1_2,L1,L3,,,
486525,L2,L2,L2,L2,L3,L1,L2,L2,L1,C1_1,D1_3,F1_2,L2,L1,,,
486526,L2,L2,L2,L2,L3,L1,L2,L2,L1,C1_1,D1_3,F1_2,L2,L2,,,
486527,L2,L2,L2,L2,L3,L1,L2,L2,L1,C1_1,D1_3,F1_2,L2,L3,,,
486528,L2,L2,L2,L2,L3,L1,L2,L2,L1,C1_1,D1_3,F1_2,L3,L1,,,
486529,L2,L2,L2,L2,L3,L1,L2,L2,L1,C1_1,D1_3,F1_2,L3,L2,,,
486530,L2,L2,L2,L2,L3,L1,L2,L2,L1,C1_1,D1_3,F1_2,L3,L3,,,
486531,L2,L2,L2,L2,L3,L1,L2,L2,L1,C1_1,D1_3,F1_3,L1,L1,,,
486532,L2,L2,L2,L2,L3,L1,L2,L2,L1,C1_1,D1_3,F1_3,L1,L2,,,
486533,L2,L2,L2,L2,L3,L1,L2,L2,L1,C1_1,D1_3,F1_3,L1,L3,,,
486534,L2,L2,L2,L2,L3,L1,L2,L2,L1,C1_1,D1_3,F1_3,L2,L1,,,
486535,L2,L2,L2,L2,L3,L1,L2,L2,L1,C1_1,D1_3,F1_3,L2,L2,,,
486536,L2,L2,L2,L2,L3,L1,L2,L2,L1,C1_1,D1_3,F1_3,L2,L3,,,
486537,L2,L2,L2,L2,L3,L1,L2,L2,L1,C1_1,D1_3,F1_3,L3,L1,,,
486538,L2,L2,L2,L2,L3,L1,L2,L2,L1,C1_1,D1_3,F1_3,L3,L2,,,
486539,L2,L2,L2,L2,L3,L1,L2,L2,L1,C1_1,D1_3,F1_3,L3,L3,,,
486540,L2,L2,L2,L2,L3,L1,L2,L2,L1,C1_2,D1_1,F1_1,L1,L1,,,
486541,L2,L2,L2,L2,L3,L1,L2,L2,L1,C1_2,D1_1,F1_1,L1,L2,,,
486542,L2,L2,L2,L2,L3,L1,L2,L2,L1,C1_2,D1_1,F1_1,L1,L3,,,
486543,L2,L2,L2,L2,L3,L1,L2,L2,L1,C1_2,D1_1,F1_1,L2,L1,,,
486544,L2,L2,L2,L2,L3,L1,L2,L2,L1,C1_2,D1_1,F1_1,L2,L2,,,
486545,L2,L2,L2,L2,L3,L1,L2,L2,L1,C1_2,D1_1,F1_1,L2,L3,,,
486546,L2,L2,L2,L2,L3,L1,L2,L2,L1,C1_2,D1_1,F1_1,L3,L1,,,
486547,L2,L2,L2,L2,L3,L1,L2,L2,L1,C1_2,D1_1,F1_1,L3,L2,,,
486548,L2,L2,L2,L2,L3,L1,L2,L2,L1,C1_2,D1_1,F1_1,L3,L3,,,
486549,L2,L2,L2,L2,L3,L1,L2,L2,L1,C1_2,D1_1,F1_2,L1,L1,,,
486550,L2,L2,L2,L2,L3,L1,L2,L2,L1,C1_2,D1_1,F1_2,L1,L2,,,
486551,L2,L2,L2,L2,L3,L1,L2,L2,L1,C1_2,D1_1,F1_2,L1,L3,,,
486552,L2,L2,L2,L2,L3,L1,L2,L2,L1,C1_2,D1_1,F1_2,L2,L1,,,
486553,L2,L2,L2,L2,L3,L1,L2,L2,L1,C1_2,D1_1,F1_2,L2,L2,,,
486554,L2,L2,L2,L2,L3,L1,L2,L2,L1,C1_2,D1_1,F1_2,L2,L3,,,
486555,L2,L2,L2,L2,L3,L1,L2,L2,L1,C1_2,D1_1,F1_2,L3,L1,,,
486556,L2,L2,L2,L2,L3,L1,L2,L2,L1,C1_2,D1_1,F1_2,L3,L2,,,
486557,L2,L2,L2,L2,L3,L1,L2,L2,L1,C1_2,D1_1,F1_2,L3,L3,,,
486558,L2,L2,L2,L2,L3,L1,L2,L2,L1,C1_2,D1_1,F1_3,L1,L1,,,
486559,L2,L2,L2,L2,L3,L1,L2,L2,L1,C1_2,D1_1,F1_3,L1,L2,,,
486560,L2,L2,L2,L2,L3,L1,L2,L2,L1,C1_2,D1_1,F1_3,L1,L3,,,
486561,L2,L2,L2,L2,L3,L1,L2,L2,L1,C1_2,D1_1,F1_3,L2,L1,,,
486562,L2,L2,L2,L2,L3,L1,L2,L2,L1,C1_2,D1_1,F1_3,L2,L2,,,
486563,L2,L2,L2,L2,L3,L1,L2,L2,L1,C1_2,D1_1,F1_3,L2,L3,,,
486564,L2,L2,L2,L2,L3,L1,L2,L2,L1,C1_2,D1_1,F1_3,L3,L1,,,
486565,L2,L2,L2,L2,L3,L1,L2,L2,L1,C1_2,D1_1,F1_3,L3,L2,,,
486566,L2,L2,L2,L2,L3,L1,L2,L2,L1,C1_2,D1_1,F1_3,L3,L3,,,
486567,L2,L2,L2,L2,L3,L1,L2,L2,L1,C1_2,D1_2,F1_1,L1,L1,,,
486568,L2,L2,L2,L2,L3,L1,L2,L2,L1,C1_2,D1_2,F1_1,L1,L2,,,
486569,L2,L2,L2,L2,L3,L1,L2,L2,L1,C1_2,D1_2,F1_1,L1,L3,,,
486570,L2,L2,L2,L2,L3,L1,L2,L2,L1,C1_2,D1_2,F1_1,L2,L1,,,
486571,L2,L2,L2,L2,L3,L1,L2,L2,L1,C1_2,D1_2,F1_1,L2,L2,,,
486572,L2,L2,L2,L2,L3,L1,L2,L2,L1,C1_2,D1_2,F1_1,L2,L3,,,
486573,L2,L2,L2,L2,L3,L1,L2,L2,L1,C1_2,D1_2,F1_1,L3,L1,,,
486574,L2,L2,L2,L2,L3,L1,L2,L2,L1,C1_2,D1_2,F1_1,L3,L2,,,
486575,L2,L2,L2,L2,L3,L1,L2,L2,L1,C1_2,D1_2,F1_1,L3,L3,,,
486576,L2,L2,L2,L2,L3,L1,L2,L2,L1,C1_2,D1_2,F1_2,L1,L1,,,
486577,L2,L2,L2,L2,L3,L1,L2,L2,L1,C1_2,D1_2,F1_2,L1,L2,,,
486578,L2,L2,L2,L2,L3,L1,L2,L2,L1,C1_2,D1_2,F1_2,L1,L3,,,
486579,L2,L2,L2,L2,L3,L1,L2,L2,L1,C1_2,D1_2,F1_2,L2,L1,,,
486580,L2,L2,L2,L2,L3,L1,L2,L2,L1,C1_2,D1_2,F1_2,L2,L2,,,
486581,L2,L2,L2,L2,L3,L1,L2,L2,L1,C1_2,D1_2,F1_2,L2,L3,,,
486582,L2,L2,L2,L2,L3,L1,L2,L2,L1,C1_2,D1_2,F1_2,L3,L1,,,
486583,L2,L2,L2,L2,L3,L1,L2,L2,L1,C1_2,D1_2,F1_2,L3,L2,,,
486584,L2,L2,L2,L2,L3,L1,L2,L2,L1,C1_2,D1_2,F1_2,L3,L3,,,
486585,L2,L2,L2,L2,L3,L1,L2,L2,L1,C1_2,D1_2,F1_3,L1,L1,,,
486586,L2,L2,L2,L2,L3,L1,L2,L2,L1,C1_2,D1_2,F1_3,L1,L2,,,
486587,L2,L2,L2,L2,L3,L1,L2,L2,L1,C1_2,D1_2,F1_3,L1,L3,,,
486588,L2,L2,L2,L2,L3,L1,L2,L2,L1,C1_2,D1_2,F1_3,L2,L1,,,
486589,L2,L2,L2,L2,L3,L1,L2,L2,L1,C1_2,D1_2,F1_3,L2,L2,,,
486590,L2,L2,L2,L2,L3,L1,L2,L2,L1,C1_2,D1_2,F1_3,L2,L3,,,
486591,L2,L2,L2,L2,L3,L1,L2,L2,L1,C1_2,D1_2,F1_3,L3,L1,,,
486592,L2,L2,L2,L2,L3,L1,L2,L2,L1,C1_2,D1_2,F1_3,L3,L2,,,
486593,L2,L2,L2,L2,L3,L1,L2,L2,L1,C1_2,D1_2,F1_3,L3,L3,,,
486594,L2,L2,L2,L2,L3,L1,L2,L2,L1,C1_2,D1_3,F1_1,L1,L1,,,
486595,L2,L2,L2,L2,L3,L1,L2,L2,L1,C1_2,D1_3,F1_1,L1,L2,,,
486596,L2,L2,L2,L2,L3,L1,L2,L2,L1,C1_2,D1_3,F1_1,L1,L3,,,
486597,L2,L2,L2,L2,L3,L1,L2,L2,L1,C1_2,D1_3,F1_1,L2,L1,,,
486598,L2,L2,L2,L2,L3,L1,L2,L2,L1,C1_2,D1_3,F1_1,L2,L2,,,
486599,L2,L2,L2,L2,L3,L1,L2,L2,L1,C1_2,D1_3,F1_1,L2,L3,,,
486600,L2,L2,L2,L2,L3,L1,L2,L2,L1,C1_2,D1_3,F1_1,L3,L1,,,
486601,L2,L2,L2,L2,L3,L1,L2,L2,L1,C1_2,D1_3,F1_1,L3,L2,,,
486602,L2,L2,L2,L2,L3,L1,L2,L2,L1,C1_2,D1_3,F1_1,L3,L3,,,
486603,L2,L2,L2,L2,L3,L1,L2,L2,L1,C1_2,D1_3,F1_2,L1,L1,,,
486604,L2,L2,L2,L2,L3,L1,L2,L2,L1,C1_2,D1_3,F1_2,L1,L2,,,
486605,L2,L2,L2,L2,L3,L1,L2,L2,L1,C1_2,D1_3,F1_2,L1,L3,,,
486606,L2,L2,L2,L2,L3,L1,L2,L2,L1,C1_2,D1_3,F1_2,L2,L1,,,
486607,L2,L2,L2,L2,L3,L1,L2,L2,L1,C1_2,D1_3,F1_2,L2,L2,,,
486608,L2,L2,L2,L2,L3,L1,L2,L2,L1,C1_2,D1_3,F1_2,L2,L3,,,
486609,L2,L2,L2,L2,L3,L1,L2,L2,L1,C1_2,D1_3,F1_2,L3,L1,,,
486610,L2,L2,L2,L2,L3,L1,L2,L2,L1,C1_2,D1_3,F1_2,L3,L2,,,
486611,L2,L2,L2,L2,L3,L1,L2,L2,L1,C1_2,D1_3,F1_2,L3,L3,,,
486612,L2,L2,L2,L2,L3,L1,L2,L2,L1,C1_2,D1_3,F1_3,L1,L1,,,
486613,L2,L2,L2,L2,L3,L1,L2,L2,L1,C1_2,D1_3,F1_3,L1,L2,,,
486614,L2,L2,L2,L2,L3,L1,L2,L2,L1,C1_2,D1_3,F1_3,L1,L3,,,
486615,L2,L2,L2,L2,L3,L1,L2,L2,L1,C1_2,D1_3,F1_3,L2,L1,,,
486616,L2,L2,L2,L2,L3,L1,L2,L2,L1,C1_2,D1_3,F1_3,L2,L2,,,
486617,L2,L2,L2,L2,L3,L1,L2,L2,L1,C1_2,D1_3,F1_3,L2,L3,,,
486618,L2,L2,L2,L2,L3,L1,L2,L2,L1,C1_2,D1_3,F1_3,L3,L1,,,
486619,L2,L2,L2,L2,L3,L1,L2,L2,L1,C1_2,D1_3,F1_3,L3,L2,,,
486620,L2,L2,L2,L2,L3,L1,L2,L2,L1,C1_2,D1_3,F1_3,L3,L3,,,
486621,L2,L2,L2,L2,L3,L1,L2,L2,L1,C1_3,D1_1,F1_1,L1,L1,,,
486622,L2,L2,L2,L2,L3,L1,L2,L2,L1,C1_3,D1_1,F1_1,L1,L2,,,
486623,L2,L2,L2,L2,L3,L1,L2,L2,L1,C1_3,D1_1,F1_1,L1,L3,,,
486624,L2,L2,L2,L2,L3,L1,L2,L2,L1,C1_3,D1_1,F1_1,L2,L1,,,
486625,L2,L2,L2,L2,L3,L1,L2,L2,L1,C1_3,D1_1,F1_1,L2,L2,,,
486626,L2,L2,L2,L2,L3,L1,L2,L2,L1,C1_3,D1_1,F1_1,L2,L3,,,
486627,L2,L2,L2,L2,L3,L1,L2,L2,L1,C1_3,D1_1,F1_1,L3,L1,,,
486628,L2,L2,L2,L2,L3,L1,L2,L2,L1,C1_3,D1_1,F1_1,L3,L2,,,
486629,L2,L2,L2,L2,L3,L1,L2,L2,L1,C1_3,D1_1,F1_1,L3,L3,,,
486630,L2,L2,L2,L2,L3,L1,L2,L2,L1,C1_3,D1_1,F1_2,L1,L1,,,
486631,L2,L2,L2,L2,L3,L1,L2,L2,L1,C1_3,D1_1,F1_2,L1,L2,,,
486632,L2,L2,L2,L2,L3,L1,L2,L2,L1,C1_3,D1_1,F1_2,L1,L3,,,
486633,L2,L2,L2,L2,L3,L1,L2,L2,L1,C1_3,D1_1,F1_2,L2,L1,,,
486634,L2,L2,L2,L2,L3,L1,L2,L2,L1,C1_3,D1_1,F1_2,L2,L2,,,
486635,L2,L2,L2,L2,L3,L1,L2,L2,L1,C1_3,D1_1,F1_2,L2,L3,,,
486636,L2,L2,L2,L2,L3,L1,L2,L2,L1,C1_3,D1_1,F1_2,L3,L1,,,
486637,L2,L2,L2,L2,L3,L1,L2,L2,L1,C1_3,D1_1,F1_2,L3,L2,,,
486638,L2,L2,L2,L2,L3,L1,L2,L2,L1,C1_3,D1_1,F1_2,L3,L3,,,
486639,L2,L2,L2,L2,L3,L1,L2,L2,L1,C1_3,D1_1,F1_3,L1,L1,,,
486640,L2,L2,L2,L2,L3,L1,L2,L2,L1,C1_3,D1_1,F1_3,L1,L2,,,
486641,L2,L2,L2,L2,L3,L1,L2,L2,L1,C1_3,D1_1,F1_3,L1,L3,,,
486642,L2,L2,L2,L2,L3,L1,L2,L2,L1,C1_3,D1_1,F1_3,L2,L1,,,
486643,L2,L2,L2,L2,L3,L1,L2,L2,L1,C1_3,D1_1,F1_3,L2,L2,,,
486644,L2,L2,L2,L2,L3,L1,L2,L2,L1,C1_3,D1_1,F1_3,L2,L3,,,
486645,L2,L2,L2,L2,L3,L1,L2,L2,L1,C1_3,D1_1,F1_3,L3,L1,,,
486646,L2,L2,L2,L2,L3,L1,L2,L2,L1,C1_3,D1_1,F1_3,L3,L2,,,
486647,L2,L2,L2,L2,L3,L1,L2,L2,L1,C1_3,D1_1,F1_3,L3,L3,,,
486648,L2,L2,L2,L2,L3,L1,L2,L2,L1,C1_3,D1_2,F1_1,L1,L1,,,
486649,L2,L2,L2,L2,L3,L1,L2,L2,L1,C1_3,D1_2,F1_1,L1,L2,,,
486650,L2,L2,L2,L2,L3,L1,L2,L2,L1,C1_3,D1_2,F1_1,L1,L3,,,
486651,L2,L2,L2,L2,L3,L1,L2,L2,L1,C1_3,D1_2,F1_1,L2,L1,,,
486652,L2,L2,L2,L2,L3,L1,L2,L2,L1,C1_3,D1_2,F1_1,L2,L2,,,
486653,L2,L2,L2,L2,L3,L1,L2,L2,L1,C1_3,D1_2,F1_1,L2,L3,,,
486654,L2,L2,L2,L2,L3,L1,L2,L2,L1,C1_3,D1_2,F1_1,L3,L1,,,
486655,L2,L2,L2,L2,L3,L1,L2,L2,L1,C1_3,D1_2,F1_1,L3,L2,,,
486656,L2,L2,L2,L2,L3,L1,L2,L2,L1,C1_3,D1_2,F1_1,L3,L3,,,
486657,L2,L2,L2,L2,L3,L1,L2,L2,L1,C1_3,D1_2,F1_2,L1,L1,,,
486658,L2,L2,L2,L2,L3,L1,L2,L2,L1,C1_3,D1_2,F1_2,L1,L2,,,
486659,L2,L2,L2,L2,L3,L1,L2,L2,L1,C1_3,D1_2,F1_2,L1,L3,,,
486660,L2,L2,L2,L2,L3,L1,L2,L2,L1,C1_3,D1_2,F1_2,L2,L1,,,
486661,L2,L2,L2,L2,L3,L1,L2,L2,L1,C1_3,D1_2,F1_2,L2,L2,,,
486662,L2,L2,L2,L2,L3,L1,L2,L2,L1,C1_3,D1_2,F1_2,L2,L3,,,
486663,L2,L2,L2,L2,L3,L1,L2,L2,L1,C1_3,D1_2,F1_2,L3,L1,,,
486664,L2,L2,L2,L2,L3,L1,L2,L2,L1,C1_3,D1_2,F1_2,L3,L2,,,
486665,L2,L2,L2,L2,L3,L1,L2,L2,L1,C1_3,D1_2,F1_2,L3,L3,,,
486666,L2,L2,L2,L2,L3,L1,L2,L2,L1,C1_3,D1_2,F1_3,L1,L1,,,
486667,L2,L2,L2,L2,L3,L1,L2,L2,L1,C1_3,D1_2,F1_3,L1,L2,,,
486668,L2,L2,L2,L2,L3,L1,L2,L2,L1,C1_3,D1_2,F1_3,L1,L3,,,
486669,L2,L2,L2,L2,L3,L1,L2,L2,L1,C1_3,D1_2,F1_3,L2,L1,,,
486670,L2,L2,L2,L2,L3,L1,L2,L2,L1,C1_3,D1_2,F1_3,L2,L2,,,
486671,L2,L2,L2,L2,L3,L1,L2,L2,L1,C1_3,D1_2,F1_3,L2,L3,,,
486672,L2,L2,L2,L2,L3,L1,L2,L2,L1,C1_3,D1_2,F1_3,L3,L1,,,
486673,L2,L2,L2,L2,L3,L1,L2,L2,L1,C1_3,D1_2,F1_3,L3,L2,,,
486674,L2,L2,L2,L2,L3,L1,L2,L2,L1,C1_3,D1_2,F1_3,L3,L3,,,
486675,L2,L2,L2,L2,L3,L1,L2,L2,L1,C1_3,D1_3,F1_1,L1,L1,,,
486676,L2,L2,L2,L2,L3,L1,L2,L2,L1,C1_3,D1_3,F1_1,L1,L2,,,
486677,L2,L2,L2,L2,L3,L1,L2,L2,L1,C1_3,D1_3,F1_1,L1,L3,,,
486678,L2,L2,L2,L2,L3,L1,L2,L2,L1,C1_3,D1_3,F1_1,L2,L1,,,
486679,L2,L2,L2,L2,L3,L1,L2,L2,L1,C1_3,D1_3,F1_1,L2,L2,,,
486680,L2,L2,L2,L2,L3,L1,L2,L2,L1,C1_3,D1_3,F1_1,L2,L3,,,
486681,L2,L2,L2,L2,L3,L1,L2,L2,L1,C1_3,D1_3,F1_1,L3,L1,,,
486682,L2,L2,L2,L2,L3,L1,L2,L2,L1,C1_3,D1_3,F1_1,L3,L2,,,
486683,L2,L2,L2,L2,L3,L1,L2,L2,L1,C1_3,D1_3,F1_1,L3,L3,,,
486684,L2,L2,L2,L2,L3,L1,L2,L2,L1,C1_3,D1_3,F1_2,L1,L1,,,
486685,L2,L2,L2,L2,L3,L1,L2,L2,L1,C1_3,D1_3,F1_2,L1,L2,,,
486686,L2,L2,L2,L2,L3,L1,L2,L2,L1,C1_3,D1_3,F1_2,L1,L3,,,
486687,L2,L2,L2,L2,L3,L1,L2,L2,L1,C1_3,D1_3,F1_2,L2,L1,,,
486688,L2,L2,L2,L2,L3,L1,L2,L2,L1,C1_3,D1_3,F1_2,L2,L2,,,
486689,L2,L2,L2,L2,L3,L1,L2,L2,L1,C1_3,D1_3,F1_2,L2,L3,,,
486690,L2,L2,L2,L2,L3,L1,L2,L2,L1,C1_3,D1_3,F1_2,L3,L1,,,
486691,L2,L2,L2,L2,L3,L1,L2,L2,L1,C1_3,D1_3,F1_2,L3,L2,,,
486692,L2,L2,L2,L2,L3,L1,L2,L2,L1,C1_3,D1_3,F1_2,L3,L3,,,
486693,L2,L2,L2,L2,L3,L1,L2,L2,L1,C1_3,D1_3,F1_3,L1,L1,,,
486694,L2,L2,L2,L2,L3,L1,L2,L2,L1,C1_3,D1_3,F1_3,L1,L2,,,
486695,L2,L2,L2,L2,L3,L1,L2,L2,L1,C1_3,D1_3,F1_3,L1,L3,,,
486696,L2,L2,L2,L2,L3,L1,L2,L2,L1,C1_3,D1_3,F1_3,L2,L1,,,
486697,L2,L2,L2,L2,L3,L1,L2,L2,L1,C1_3,D1_3,F1_3,L2,L2,,,
486698,L2,L2,L2,L2,L3,L1,L2,L2,L1,C1_3,D1_3,F1_3,L2,L3,,,
486699,L2,L2,L2,L2,L3,L1,L2,L2,L1,C1_3,D1_3,F1_3,L3,L1,,,
486700,L2,L2,L2,L2,L3,L1,L2,L2,L1,C1_3,D1_3,F1_3,L3,L2,,,
486701,L2,L2,L2,L2,L3,L1,L2,L2,L1,C1_3,D1_3,F1_3,L3,L3,,,
510840,L3,L2,L2,L3,L3,L1,L2,L2,L1,C1_1,D1_1,F1_1,L1,L1,,,
510841,L3,L2,L2,L3,L3,L1,L2,L2,L1,C1_1,D1_1,F1_1,L1,L2,,,
510842,L3,L2,L2,L3,L3,L1,L2,L2,L1,C1_1,D1_1,F1_1,L1,L3,,,
510843,L3,L2,L2,L3,L3,L1,L2,L2,L1,C1_1,D1_1,F1_1,L2,L1,,,
510844,L3,L2,L2,L3,L3,L1,L2,L2,L1,C1_1,D1_1,F1_1,L2,L2,,,
510845,L3,L2,L2,L3,L3,L1,L2,L2,L1,C1_1,D1_1,F1_1,L2,L3,,,
510846,L3,L2,L2,L3,L3,L1,L2,L2,L1,C1_1,D1_1,F1_1,L3,L1,,,
510847,L3,L2,L2,L3,L3,L1,L2,L2,L1,C1_1,D1_1,F1_1,L3,L2,,,
510848,L3,L2,L2,L3,L3,L1,L2,L2,L1,C1_1,D1_1,F1_1,L3,L3,,,
510849,L3,L2,L2,L3,L3,L1,L2,L2,L1,C1_1,D1_1,F1_2,L1,L1,,,
510850,L3,L2,L2,L3,L3,L1,L2,L2,L1,C1_1,D1_1,F1_2,L1,L2,,,
510851,L3,L2,L2,L3,L3,L1,L2,L2,L1,C1_1,D1_1,F1_2,L1,L3,,,
510852,L3,L2,L2,L3,L3,L1,L2,L2,L1,C1_1,D1_1,F1_2,L2,L1,,,
510853,L3,L2,L2,L3,L3,L1,L2,L2,L1,C1_1,D1_1,F1_2,L2,L2,,,
510854,L3,L2,L2,L3,L3,L1,L2,L2,L1,C1_1,D1_1,F1_2,L2,L3,,,
510855,L3,L2,L2,L3,L3,L1,L2,L2,L1,C1_1,D1_1,F1_2,L3,L1,,,
510856,L3,L2,L2,L3,L3,L1,L2,L2,L1,C1_1,D1_1,F1_2,L3,L2,,,
510857,L3,L2,L2,L3,L3,L1,L2,L2,L1,C1_1,D1_1,F1_2,L3,L3,,,
510858,L3,L2,L2,L3,L3,L1,L2,L2,L1,C1_1,D1_1,F1_3,L1,L1,,,
510859,L3,L2,L2,L3,L3,L1,L2,L2,L1,C1_1,D1_1,F1_3,L1,L2,,,
510860,L3,L2,L2,L3,L3,L1,L2,L2,L1,C1_1,D1_1,F1_3,L1,L3,,,
510861,L3,L2,L2,L3,L3,L1,L2,L2,L1,C1_1,D1_1,F1_3,L2,L1,,,
510862,L3,L2,L2,L3,L3,L1,L2,L2,L1,C1_1,D1_1,F1_3,L2,L2,,,
510863,L3,L2,L2,L3,L3,L1,L2,L2,L1,C1_1,D1_1,F1_3,L2,L3,,,
510864,L3,L2,L2,L3,L3,L1,L2,L2,L1,C1_1,D1_1,F1_3,L3,L1,,,
510865,L3,L2,L2,L3,L3,L1,L2,L2,L1,C1_1,D1_1,F1_3,L3,L2,,,
510866,L3,L2,L2,L3,L3,L1,L2,L2,L1,C1_1,D1_1,F1_3,L3,L3,,,
510867,L3,L2,L2,L3,L3,L1,L2,L2,L1,C1_1,D1_2,F1_1,L1,L1,,,
510868,L3,L2,L2,L3,L3,L1,L2,L2,L1,C1_1,D1_2,F1_1,L1,L2,,,
510869,L3,L2,L2,L3,L3,L1,L2,L2,L1,C1_1,D1_2,F1_1,L1,L3,,,
510870,L3,L2,L2,L3,L3,L1,L2,L2,L1,C1_1,D1_2,F1_1,L2,L1,,,
510871,L3,L2,L2,L3,L3,L1,L2,L2,L1,C1_1,D1_2,F1_1,L2,L2,,,
510872,L3,L2,L2,L3,L3,L1,L2,L2,L1,C1_1,D1_2,F1_1,L2,L3,,,
510873,L3,L2,L2,L3,L3,L1,L2,L2,L1,C1_1,D1_2,F1_1,L3,L1,,,
510874,L3,L2,L2,L3,L3,L1,L2,L2,L1,C1_1,D1_2,F1_1,L3,L2,,,
510875,L3,L2,L2,L3,L3,L1,L2,L2,L1,C1_1,D1_2,F1_1,L3,L3,,,
510876,L3,L2,L2,L3,L3,L1,L2,L2,L1,C1_1,D1_2,F1_2,L1,L1,,,
510877,L3,L2,L2,L3,L3,L1,L2,L2,L1,C1_1,D1_2,F1_2,L1,L2,,,
510878,L3,L2,L2,L3,L3,L1,L2,L2,L1,C1_1,D1_2,F1_2,L1,L3,,,
510879,L3,L2,L2,L3,L3,L1,L2,L2,L1,C1_1,D1_2,F1_2,L2,L1,,,
510880,L3,L2,L2,L3,L3,L1,L2,L2,L1,C1_1,D1_2,F1_2,L2,L2,,,
510881,L3,L2,L2,L3,L3,L1,L2,L2,L1,C1_1,D1_2,F1_2,L2,L3,,,
510882,L3,L2,L2,L3,L3,L1,L2,L2,L1,C1_1,D1_2,F1_2,L3,L1,,,
510883,L3,L2,L2,L3,L3,L1,L2,L2,L1,C1_1,D1_2,F1_2,L3,L2,,,
510884,L3,L2,L2,L3,L3,L1,L2,L2,L1,C1_1,D1_2,F1_2,L3,L3,,,
510885,L3,L2,L2,L3,L3,L1,L2,L2,L1,C1_1,D1_2,F1_3,L1,L1,,,
510886,L3,L2,L2,L3,L3,L1,L2,L2,L1,C1_1,D1_2,F1_3,L1,L2,,,
510887,L3,L2,L2,L3,L3,L1,L2,L2,L1,C1_1,D1_2,F1_3,L1,L3,,,
510888,L3,L2,L2,L3,L3,L1,L2,L2,L1,C1_1,D1_2,F1_3,L2,L1,,,
510889,L3,L2,L2,L3,L3,L1,L2,L2,L1,C1_1,D1_2,F1_3,L2,L2,,,
510890,L3,L2,L2,L3,L3,L1,L2,L2,L1,C1_1,D1_2,F1_3,L2,L3,,,
510891,L3,L2,L2,L3,L3,L1,L2,L2,L1,C1_1,D1_2,F1_3,L3,L1,,,
510892,L3,L2,L2,L3,L3,L1,L2,L2,L1,C1_1,D1_2,F1_3,L3,L2,,,
510893,L3,L2,L2,L3,L3,L1,L2,L2,L1,C1_1,D1_2,F1_3,L3,L3,,,
510894,L3,L2,L2,L3,L3,L1,L2,L2,L1,C1_1,D1_3,F1_1,L1,L1,,,
510895,L3,L2,L2,L3,L3,L1,L2,L2,L1,C1_1,D1_3,F1_1,L1,L2,,,
510896,L3,L2,L2,L3,L3,L1,L2,L2,L1,C1_1,D1_3,F1_1,L1,L3,,,
510897,L3,L2,L2,L3,L3,L1,L2,L2,L1,C1_1,D1_3,F1_1,L2,L1,,,
510898,L3,L2,L2,L3,L3,L1,L2,L2,L1,C1_1,D1_3,F1_1,L2,L2,,,
510899,L3,L2,L2,L3,L3,L1,L2,L2,L1,C1_1,D1_3,F1_1,L2,L3,,,
510900,L3,L2,L2,L3,L3,L1,L2,L2,L1,C1_1,D1_3,F1_1,L3,L1,,,
510901,L3,L2,L2,L3,L3,L1,L2,L2,L1,C1_1,D1_3,F1_1,L3,L2,,,
510902,L3,L2,L2,L3,L3,L1,L2,L2,L1,C1_1,D1_3,F1_1,L3,L3,,,
510903,L3,L2,L2,L3,L3,L1,L2,L2,L1,C1_1,D1_3,F1_2,L1,L1,,,
510904,L3,L2,L2,L3,L3,L1,L2,L2,L1,C1_1,D1_3,F1_2,L1,L2,,,
510905,L3,L2,L2,L3,L3,L1,L2,L2,L1,C1_1,D1_3,F1_2,L1,L3,,,
510906,L3,L2,L2,L3,L3,L1,L2,L2,L1,C1_1,D1_3,F1_2,L2,L1,,,
510907,L3,L2,L2,L3,L3,L1,L2,L2,L1,C1_1,D1_3,F1_2,L2,L2,,,
510908,L3,L2,L2,L3,L3,L1,L2,L2,L1,C1_1,D1_3,F1_2,L2,L3,,,
510909,L3,L2,L2,L3,L3,L1,L2,L2,L1,C1_1,D1_3,F1_2,L3,L1,,,
510910,L3,L2,L2,L3,L3,L1,L2,L2,L1,C1_1,D1_3,F1_2,L3,L2,,,
510911,L3,L2,L2,L3,L3,L1,L2,L2,L1,C1_1,D1_3,F1_2,L3,L3,,,
510912,L3,L2,L2,L3,L3,L1,L2,L2,L1,C1_1,D1_3,F1_3,L1,L1,,,
510913,L3,L2,L2,L3,L3,L1,L2,L2,L1,C1_1,D1_3,F1_3,L1,L2,,,
510914,L3,L2,L2,L3,L3,L1,L2,L2,L1,C1_1,D1_3,F1_3,L1,L3,,,
510915,L3,L2,L2,L3,L3,L1,L2,L2,L1,C1_1,D1_3,F1_3,L2,L1,,,
510916,L3,L2,L2,L3,L3,L1,L2,L2,L1,C1_1,D1_3,F1_3,L2,L2,,,
510917,L3,L2,L2,L3,L3,L1,L2,L2,L1,C1_1,D1_3,F1_3,L2,L3,,,
510918,L3,L2,L2,L3,L3,L1,L2,L2,L1,C1_1,D1_3,F1_3,L3,L1,,,
510919,L3,L2,L2,L3,L3,L1,L2,L2,L1,C1_1,D1_3,F1_3,L3,L2,,,
510920,L3,L2,L2,L3,L3,L1,L2,L2,L1,C1_1,D1_3,F1_3,L3,L3,,,
510921,L3,L2,L2,L3,L3,L1,L2,L2,L1,C1_2,D1_1,F1_1,L1,L1,,,
510922,L3,L2,L2,L3,L3,L1,L2,L2,L1,C1_2,D1_1,F1_1,L1,L2,,,
510923,L3,L2,L2,L3,L3,L1,L2,L2,L1,C1_2,D1_1,F1_1,L1,L3,,,
510924,L3,L2,L2,L3,L3,L1,L2,L2,L1,C1_2,D1_1,F1_1,L2,L1,,,
510925,L3,L2,L2,L3,L3,L1,L2,L2,L1,C1_2,D1_1,F1_1,L2,L2,,,
510926,L3,L2,L2,L3,L3,L1,L2,L2,L1,C1_2,D1_1,F1_1,L2,L3,,,
510927,L3,L2,L2,L3,L3,L1,L2,L2,L1,C1_2,D1_1,F1_1,L3,L1,,,
510928,L3,L2,L2,L3,L3,L1,L2,L2,L1,C1_2,D1_1,F1_1,L3,L2,,,
510929,L3,L2,L2,L3,L3,L1,L2,L2,L1,C1_2,D1_1,F1_1,L3,L3,,,
510930,L3,L2,L2,L3,L3,L1,L2,L2,L1,C1_2,D1_1,F1_2,L1,L1,,,
510931,L3,L2,L2,L3,L3,L1,L2,L2,L1,C1_2,D1_1,F1_2,L1,L2,,,
510932,L3,L2,L2,L3,L3,L1,L2,L2,L1,C1_2,D1_1,F1_2,L1,L3,,,
510933,L3,L2,L2,L3,L3,L1,L2,L2,L1,C1_2,D1_1,F1_2,L2,L1,,,
510934,L3,L2,L2,L3,L3,L1,L2,L2,L1,C1_2,D1_1,F1_2,L2,L2,,,
510935,L3,L2,L2,L3,L3,L1,L2,L2,L1,C1_2,D1_1,F1_2,L2,L3,,,
510936,L3,L2,L2,L3,L3,L1,L2,L2,L1,C1_2,D1_1,F1_2,L3,L1,,,
510937,L3,L2,L2,L3,L3,L1,L2,L2,L1,C1_2,D1_1,F1_2,L3,L2,,,
510938,L3,L2,L2,L3,L3,L1,L2,L2,L1,C1_2,D1_1,F1_2,L3,L3,,,
510939,L3,L2,L2,L3,L3,L1,L2,L2,L1,C1_2,D1_1,F1_3,L1,L1,,,
510940,L3,L2,L2,L3,L3,L1,L2,L2,L1,C1_2,D1_1,F1_3,L1,L2,,,
510941,L3,L2,L2,L3,L3,L1,L2,L2,L1,C1_2,D1_1,F1_3,L1,L3,,,
510942,L3,L2,L2,L3,L3,L1,L2,L2,L1,C1_2,D1_1,F1_3,L2,L1,,,
510943,L3,L2,L2,L3,L3,L1,L2,L2,L1,C1_2,D1_1,F1_3,L2,L2,,,
510944,L3,L2,L2,L3,L3,L1,L2,L2,L1,C1_2,D1_1,F1_3,L2,L3,,,
510945,L3,L2,L2,L3,L3,L1,L2,L2,L1,C1_2,D1_1,F1_3,L3,L1,,,
510946,L3,L2,L2,L3,L3,L1,L2,L2,L1,C1_2,D1_1,F1_3,L3,L2,,,
510947,L3,L2,L2,L3,L3,L1,L2,L2,L1,C1_2,D1_1,F1_3,L3,L3,,,
510948,L3,L2,L2,L3,L3,L1,L2,L2,L1,C1_2,D1_2,F1_1,L1,L1,,,
510949,L3,L2,L2,L3,L3,L1,L2,L2,L1,C1_2,D1_2,F1_1,L1,L2,,,
510950,L3,L2,L2,L3,L3,L1,L2,L2,L1,C1_2,D1_2,F1_1,L1,L3,,,
510951,L3,L2,L2,L3,L3,L1,L2,L2,L1,C1_2,D1_2,F1_1,L2,L1,,,
510952,L3,L2,L2,L3,L3,L1,L2,L2,L1,C1_2,D1_2,F1_1,L2,L2,,,
510953,L3,L2,L2,L3,L3,L1,L2,L2,L1,C1_2,D1_2,F1_1,L2,L3,,,
510954,L3,L2,L2,L3,L3,L1,L2,L2,L1,C1_2,D1_2,F1_1,L3,L1,,,
510955,L3,L2,L2,L3,L3,L1,L2,L2,L1,C1_2,D1_2,F1_1,L3,L2,,,
510956,L3,L2,L2,L3,L3,L1,L2,L2,L1,C1_2,D1_2,F1_1,L3,L3,,,
510957,L3,L2,L2,L3,L3,L1,L2,L2,L1,C1_2,D1_2,F1_2,L1,L1,,,
510958,L3,L2,L2,L3,L3,L1,L2,L2,L1,C1_2,D1_2,F1_2,L1,L2,,,
510959,L3,L2,L2,L3,L3,L1,L2,L2,L1,C1_2,D1_2,F1_2,L1,L3,,,
510960,L3,L2,L2,L3,L3,L1,L2,L2,L1,C1_2,D1_2,F1_2,L2,L1,,,
510961,L3,L2,L2,L3,L3,L1,L2,L2,L1,C1_2,D1_2,F1_2,L2,L2,,,
510962,L3,L2,L2,L3,L3,L1,L2,L2,L1,C1_2,D1_2,F1_2,L2,L3,,,
510963,L3,L2,L2,L3,L3,L1,L2,L2,L1,C1_2,D1_2,F1_2,L3,L1,,,
510964,L3,L2,L2,L3,L3,L1,L2,L2,L1,C1_2,D1_2,F1_2,L3,L2,,,
510965,L3,L2,L2,L3,L3,L1,L2,L2,L1,C1_2,D1_2,F1_2,L3,L3,,,
510966,L3,L2,L2,L3,L3,L1,L2,L2,L1,C1_2,D1_2,F1_3,L1,L1,,,
510967,L3,L2,L2,L3,L3,L1,L2,L2,L1,C1_2,D1_2,F1_3,L1,L2,,,
510968,L3,L2,L2,L3,L3,L1,L2,L2,L1,C1_2,D1_2,F1_3,L1,L3,,,
510969,L3,L2,L2,L3,L3,L1,L2,L2,L1,C1_2,D1_2,F1_3,L2,L1,,,
510970,L3,L2,L2,L3,L3,L1,L2,L2,L1,C1_2,D1_2,F1_3,L2,L2,,,
510971,L3,L2,L2,L3,L3,L1,L2,L2,L1,C1_2,D1_2,F1_3,L2,L3,,,
510972,L3,L2,L2,L3,L3,L1,L2,L2,L1,C1_2,D1_2,F1_3,L3,L1,,,
510973,L3,L2,L2,L3,L3,L1,L2,L2,L1,C1_2,D1_2,F1_3,L3,L2,,,
510974,L3,L2,L2,L3,L3,L1,L2,L2,L1,C1_2,D1_2,F1_3,L3,L3,,,
510975,L3,L2,L2,L3,L3,L1,L2,L2,L1,C1_2,D1_3,F1_1,L1,L1,,,
510976,L3,L2,L2,L3,L3,L1,L2,L2,L1,C1_2,D1_3,F1_1,L1,L2,,,
510977,L3,L2,L2,L3,L3,L1,L2,L2,L1,C1_2,D1_3,F1_1,L1,L3,,,
510978,L3,L2,L2,L3,L3,L1,L2,L2,L1,C1_2,D1_3,F1_1,L2,L1,,,
510979,L3,L2,L2,L3,L3,L1,L2,L2,L1,C1_2,D1_3,F1_1,L2,L2,,,
510980,L3,L2,L2,L3,L3,L1,L2,L2,L1,C1_2,D1_3,F1_1,L2,L3,,,
510981,L3,L2,L2,L3,L3,L1,L2,L2,L1,C1_2,D1_3,F1_1,L3,L1,,,
510982,L3,L2,L2,L3,L3,L1,L2,L2,L1,C1_2,D1_3,F1_1,L3,L2,,,
510983,L3,L2,L2,L3,L3,L1,L2,L2,L1,C1_2,D1_3,F1_1,L3,L3,,,
510984,L3,L2,L2,L3,L3,L1,L2,L2,L1,C1_2,D1_3,F1_2,L1,L1,,,
510985,L3,L2,L2,L3,L3,L1,L2,L2,L1,C1_2,D1_3,F1_2,L1,L2,,,
510986,L3,L2,L2,L3,L3,L1,L2,L2,L1,C1_2,D1_3,F1_2,L1,L3,,,
510987,L3,L2,L2,L3,L3,L1,L2,L2,L1,C1_2,D1_3,F1_2,L2,L1,,,
510988,L3,L2,L2,L3,L3,L1,L2,L2,L1,C1_2,D1_3,F1_2,L2,L2,,,
510989,L3,L2,L2,L3,L3,L1,L2,L2,L1,C1_2,D1_3,F1_2,L2,L3,,,
510990,L3,L2,L2,L3,L3,L1,L2,L2,L1,C1_2,D1_3,F1_2,L3,L1,,,
510991,L3,L2,L2,L3,L3,L1,L2,L2,L1,C1_2,D1_3,F1_2,L3,L2,,,
510992,L3,L2,L2,L3,L3,L1,L2,L2,L1,C1_2,D1_3,F1_2,L3,L3,,,
510993,L3,L2,L2,L3,L3,L1,L2,L2,L1,C1_2,D1_3,F1_3,L1,L1,,,
510994,L3,L2,L2,L3,L3,L1,L2,L2,L1,C1_2,D1_3,F1_3,L1,L2,,,
510995,L3,L2,L2,L3,L3,L1,L2,L2,L1,C1_2,D1_3,F1_3,L1,L3,,,
510996,L3,L2,L2,L3,L3,L1,L2,L2,L1,C1_2,D1_3,F1_3,L2,L1,,,
510997,L3,L2,L2,L3,L3,L1,L2,L2,L1,C1_2,D1_3,F1_3,L2,L2,,,
510998,L3,L2,L2,L3,L3,L1,L2,L2,L1,C1_2,D1_3,F1_3,L2,L3,,,
510999,L3,L2,L2,L3,L3,L1,L2,L2,L1,C1_2,D1_3,F1_3,L3,L1,,,
511000,L3,L2,L2,L3,L3,L1,L2,L2,L1,C1_2,D1_3,F1_3,L3,L2,,,
511001,L3,L2,L2,L3,L3,L1,L2,L2,L1,C1_2,D1_3,F1_3,L3,L3,,,
511002,L3,L2,L2,L3,L3,L1,L2,L2,L1,C1_3,D1_1,F1_1,L1,L1,,,
511003,L3,L2,L2,L3,L3,L1,L2,L2,L1,C1_3,D1_1,F1_1,L1,L2,,,
511004,L3,L2,L2,L3,L3,L1,L2,L2,L1,C1_3,D1_1,F1_1,L1,L3,,,
511005,L3,L2,L2,L3,L3,L1,L2,L2,L1,C1_3,D1_1,F1_1,L2,L1,,,
511006,L3,L2,L2,L3,L3,L1,L2,L2,L1,C1_3,D1_1,F1_1,L2,L2,,,
511007,L3,L2,L2,L3,L3,L1,L2,L2,L1,C1_3,D1_1,F1_1,L2,L3,,,
511008,L3,L2,L2,L3,L3,L1,L2,L2,L1,C1_3,D1_1,F1_1,L3,L1,,,
511009,L3,L2,L2,L3,L3,L1,L2,L2,L1,C1_3,D1_1,F1_1,L3,L2,,,
511010,L3,L2,L2,L3,L3,L1,L2,L2,L1,C1_3,D1_1,F1_1,L3,L3,,,
511011,L3,L2,L2,L3,L3,L1,L2,L2,L1,C1_3,D1_1,F1_2,L1,L1,,,
511012,L3,L2,L2,L3,L3,L1,L2,L2,L1,C1_3,D1_1,F1_2,L1,L2,,,
511013,L3,L2,L2,L3,L3,L1,L2,L2,L1,C1_3,D1_1,F1_2,L1,L3,,,
511014,L3,L2,L2,L3,L3,L1,L2,L2,L1,C1_3,D1_1,F1_2,L2,L1,,,
511015,L3,L2,L2,L3,L3,L1,L2,L2,L1,C1_3,D1_1,F1_2,L2,L2,,,
511016,L3,L2,L2,L3,L3,L1,L2,L2,L1,C1_3,D1_1,F1_2,L2,L3,,,
511017,L3,L2,L2,L3,L3,L1,L2,L2,L1,C1_3,D1_1,F1_2,L3,L1,,,
511018,L3,L2,L2,L3,L3,L1,L2,L2,L1,C1_3,D1_1,F1_2,L3,L2,,,
511019,L3,L2,L2,L3,L3,L1,L2,L2,L1,C1_3,D1_1,F1_2,L3,L3,,,
511020,L3,L2,L2,L3,L3,L1,L2,L2,L1,C1_3,D1_1,F1_3,L1,L1,,,
511021,L3,L2,L2,L3,L3,L1,L2,L2,L1,C1_3,D1_1,F1_3,L1,L2,,,
511022,L3,L2,L2,L3,L3,L1,L2,L2,L1,C1_3,D1_1,F1_3,L1,L3,,,
511023,L3,L2,L2,L3,L3,L1,L2,L2,L1,C1_3,D1_1,F1_3,L2,L1,,,
511024,L3,L2,L2,L3,L3,L1,L2,L2,L1,C1_3,D1_1,F1_3,L2,L2,,,
511025,L3,L2,L2,L3,L3,L1,L2,L2,L1,C1_3,D1_1,F1_3,L2,L3,,,
511026,L3,L2,L2,L3,L3,L1,L2,L2,L1,C1_3,D1_1,F1_3,L3,L1,,,
511027,L3,L2,L2,L3,L3,L1,L2,L2,L1,C1_3,D1_1,F1_3,L3,L2,,,
511028,L3,L2,L2,L3,L3,L1,L2,L2,L1,C1_3,D1_1,F1_3,L3,L3,,,
511029,L3,L2,L2,L3,L3,L1,L2,L2,L1,C1_3,D1_2,F1_1,L1,L1,,,
511030,L3,L2,L2,L3,L3,L1,L2,L2,L1,C1_3,D1_2,F1_1,L1,L2,,,
511031,L3,L2,L2,L3,L3,L1,L2,L2,L1,C1_3,D1_2,F1_1,L1,L3,,,
511032,L3,L2,L2,L3,L3,L1,L2,L2,L1,C1_3,D1_2,F1_1,L2,L1,,,
511033,L3,L2,L2,L3,L3,L1,L2,L2,L1,C1_3,D1_2,F1_1,L2,L2,,,
511034,L3,L2,L2,L3,L3,L1,L2,L2,L1,C1_3,D1_2,F1_1,L2,L3,,,
511035,L3,L2,L2,L3,L3,L1,L2,L2,L1,C1_3,D1_2,F1_1,L3,L1,,,
511036,L3,L2,L2,L3,L3,L1,L2,L2,L1,C1_3,D1_2,F1_1,L3,L2,,,
511037,L3,L2,L2,L3,L3,L1,L2,L2,L1,C1_3,D1_2,F1_1,L3,L3,,,
511038,L3,L2,L2,L3,L3,L1,L2,L2,L1,C1_3,D1_2,F1_2,L1,L1,,,
511039,L3,L2,L2,L3,L3,L1,L2,L2,L1,C1_3,D1_2,F1_2,L1,L2,,,
511040,L3,L2,L2,L3,L3,L1,L2,L2,L1,C1_3,D1_2,F1_2,L1,L3,,,
511041,L3,L2,L2,L3,L3,L1,L2,L2,L1,C1_3,D1_2,F1_2,L2,L1,,,
511042,L3,L2,L2,L3,L3,L1,L2,L2,L1,C1_3,D1_2,F1_2,L2,L2,,,
511043,L3,L2,L2,L3,L3,L1,L2,L2,L1,C1_3,D1_2,F1_2,L2,L3,,,
511044,L3,L2,L2,L3,L3,L1,L2,L2,L1,C1_3,D1_2,F1_2,L3,L1,,,
511045,L3,L2,L2,L3,L3,L1,L2,L2,L1,C1_3,D1_2,F1_2,L3,L2,,,
511046,L3,L2,L2,L3,L3,L1,L2,L2,L1,C1_3,D1_2,F1_2,L3,L3,,,
511047,L3,L2,L2,L3,L3,L1,L2,L2,L1,C1_3,D1_2,F1_3,L1,L1,,,
511048,L3,L2,L2,L3,L3,L1,L2,L2,L1,C1_3,D1_2,F1_3,L1,L2,,,
511049,L3,L2,L2,L3,L3,L1,L2,L2,L1,C1_3,D1_2,F1_3,L1,L3,,,
511050,L3,L2,L2,L3,L3,L1,L2,L2,L1,C1_3,D1_2,F1_3,L2,L1,,,
511051,L3,L2,L2,L3,L3,L1,L2,L2,L1,C1_3,D1_2,F1_3,L2,L2,,,
511052,L3,L2,L2,L3,L3,L1,L2,L2,L1,C1_3,D1_2,F1_3,L2,L3,,,
511053,L3,L2,L2,L3,L3,L1,L2,L2,L1,C1_3,D1_2,F1_3,L3,L1,,,
511054,L3,L2,L2,L3,L3,L1,L2,L2,L1,C1_3,D1_2,F1_3,L3,L2,,,
511055,L3,L2,L2,L3,L3,L1,L2,L2,L1,C1_3,D1_2,F1_3,L3,L3,,,
511056,L3,L2,L2,L3,L3,L1,L2,L2,L1,C1_3,D1_3,F1_1,L1,L1,,,
511057,L3,L2,L2,L3,L3,L1,L2,L2,L1,C1_3,D1_3,F1_1,L1,L2,,,
511058,L3,L2,L2,L3,L3,L1,L2,L2,L1,C1_3,D1_3,F1_1,L1,L3,,,
511059,L3,L2,L2,L3,L3,L1,L2,L2,L1,C1_3,D1_3,F1_1,L2,L1,,,
511060,L3,L2,L2,L3,L3,L1,L2,L2,L1,C1_3,D1_3,F1_1,L2,L2,,,
511061,L3,L2,L2,L3,L3,L1,L2,L2,L1,C1_3,D1_3,F1_1,L2,L3,,,
511062,L3,L2,L2,L3,L3,L1,L2,L2,L1,C1_3,D1_3,F1_1,L3,L1,,,
511063,L3,L2,L2,L3,L3,L1,L2,L2,L1,C1_3,D1_3,F1_1,L3,L2,,,
511064,L3,L2,L2,L3,L3,L1,L2,L2,L1,C1_3,D1_3,F1_1,L3,L3,,,
511065,L3,L2,L2,L3,L3,L1,L2,L2,L1,C1_3,D1_3,F1_2,L1,L1,,,
511066,L3,L2,L2,L3,L3,L1,L2,L2,L1,C1_3,D1_3,F1_2,L1,L2,,,
511067,L3,L2,L2,L3,L3,L1,L2,L2,L1,C1_3,D1_3,F1_2,L1,L3,,,
511068,L3,L2,L2,L3,L3,L1,L2,L2,L1,C1_3,D1_3,F1_2,L2,L1,,,
511069,L3,L2,L2,L3,L3,L1,L2,L2,L1,C1_3,D1_3,F1_2,L2,L2,,,
511070,L3,L2,L2,L3,L3,L1,L2,L2,L1,C1_3,D1_3,F1_2,L2,L3,,,
511071,L3,L2,L2,L3,L3,L1,L2,L2,L1,C1_3,D1_3,F1_2,L3,L1,,,
511072,L3,L2,L2,L3,L3,L1,L2,L2,L1,C1_3,D1_3,F1_2,L3,L2,,,
511073,L3,L2,L2,L3,L3,L1,L2,L2,L1,C1_3,D1_3,F1_2,L3,L3,,,
511074,L3,L2,L2,L3,L3,L1,L2,L2,L1,C1_3,D1_3,F1_3,L1,L1,,,
511075,L3,L2,L2,L3,L3,L1,L2,L2,L1,C1_3,D1_3,F1_3,L1,L2,,,
511076,L3,L2,L2,L3,L3,L1,L2,L2,L1,C1_3,D1_3,F1_3,L1,L3,,,
511077,L3,L2,L2,L3,L3,L1,L2,L2,L1,C1_3,D1_3,F1_3,L2,L1,,,
511078,L3,L2,L2,L3,L3,L1,L2,L2,L1,C1_3,D1_3,F1_3,L2,L2,,,
511079,L3,L2,L2,L3,L3,L1,L2,L2,L1,C1_3,D1_3,F1_3,L2,L3,,,
511080,L3,L2,L2,L3,L3,L1,L2,L2,L1,C1_3,D1_3,F1_3,L3,L1,,,
511081,L3,L2,L2,L3,L3,L1,L2,L2,L1,C1_3,D1_3,F1_3,L3,L2,,,
511082,L3,L2,L2,L3,L3,L1,L2,L2,L1,C1_3,D1_3,F1_3,L3,L3,,,
511164,L1,L1,L2,L3,L2,L1,L2,L2,L1,C1_1,D1_1,F1_1,L1,L1,,,
511165,L1,L1,L2,L3,L2,L1,L2,L2,L1,C1_1,D1_1,F1_1,L1,L2,,,
511166,L1,L1,L2,L3,L2,L1,L2,L2,L1,C1_1,D1_1,F1_1,L1,L3,,,
511167,L1,L1,L2,L3,L2,L1,L2,L2,L1,C1_1,D1_1,F1_1,L2,L1,,,
511168,L1,L1,L2,L3,L2,L1,L2,L2,L1,C1_1,D1_1,F1_1,L2,L2,,,
511169,L1,L1,L2,L3,L2,L1,L2,L2,L1,C1_1,D1_1,F1_1,L2,L3,,,
511170,L1,L1,L2,L3,L2,L1,L2,L2,L1,C1_1,D1_1,F1_1,L3,L1,,,
511171,L1,L1,L2,L3,L2,L1,L2,L2,L1,C1_1,D1_1,F1_1,L3,L2,,,
511172,L1,L1,L2,L3,L2,L1,L2,L2,L1,C1_1,D1_1,F1_1,L3,L3,,,
511173,L1,L1,L2,L3,L2,L1,L2,L2,L1,C1_1,D1_1,F1_2,L1,L1,,,
511174,L1,L1,L2,L3,L2,L1,L2,L2,L1,C1_1,D1_1,F1_2,L1,L2,,,
511175,L1,L1,L2,L3,L2,L1,L2,L2,L1,C1_1,D1_1,F1_2,L1,L3,,,
511176,L1,L1,L2,L3,L2,L1,L2,L2,L1,C1_1,D1_1,F1_2,L2,L1,,,
511177,L1,L1,L2,L3,L2,L1,L2,L2,L1,C1_1,D1_1,F1_2,L2,L2,,,
511178,L1,L1,L2,L3,L2,L1,L2,L2,L1,C1_1,D1_1,F1_2,L2,L3,,,
511179,L1,L1,L2,L3,L2,L1,L2,L2,L1,C1_1,D1_1,F1_2,L3,L1,,,
511180,L1,L1,L2,L3,L2,L1,L2,L2,L1,C1_1,D1_1,F1_2,L3,L2,,,
511181,L1,L1,L2,L3,L2,L1,L2,L2,L1,C1_1,D1_1,F1_2,L3,L3,,,
511182,L1,L1,L2,L3,L2,L1,L2,L2,L1,C1_1,D1_1,F1_3,L1,L1,,,
511183,L1,L1,L2,L3,L2,L1,L2,L2,L1,C1_1,D1_1,F1_3,L1,L2,,,
511184,L1,L1,L2,L3,L2,L1,L2,L2,L1,C1_1,D1_1,F1_3,L1,L3,,,
511185,L1,L1,L2,L3,L2,L1,L2,L2,L1,C1_1,D1_1,F1_3,L2,L1,,,
511186,L1,L1,L2,L3,L2,L1,L2,L2,L1,C1_1,D1_1,F1_3,L2,L2,,,
511187,L1,L1,L2,L3,L2,L1,L2,L2,L1,C1_1,D1_1,F1_3,L2,L3,,,
511188,L1,L1,L2,L3,L2,L1,L2,L2,L1,C1_1,D1_1,F1_3,L3,L1,,,
511189,L1,L1,L2,L3,L2,L1,L2,L2,L1,C1_1,D1_1,F1_3,L3,L2,,,
511190,L1,L1,L2,L3,L2,L1,L2,L2,L1,C1_1,D1_1,F1_3,L3,L3,,,
511191,L1,L1,L2,L3,L2,L1,L2,L2,L1,C1_1,D1_2,F1_1,L1,L1,,,
511192,L1,L1,L2,L3,L2,L1,L2,L2,L1,C1_1,D1_2,F1_1,L1,L2,,,
511193,L1,L1,L2,L3,L2,L1,L2,L2,L1,C1_1,D1_2,F1_1,L1,L3,,,
511194,L1,L1,L2,L3,L2,L1,L2,L2,L1,C1_1,D1_2,F1_1,L2,L1,,,
511195,L1,L1,L2,L3,L2,L1,L2,L2,L1,C1_1,D1_2,F1_1,L2,L2,,,
511196,L1,L1,L2,L3,L2,L1,L2,L2,L1,C1_1,D1_2,F1_1,L2,L3,,,
511197,L1,L1,L2,L3,L2,L1,L2,L2,L1,C1_1,D1_2,F1_1,L3,L1,,,
511198,L1,L1,L2,L3,L2,L1,L2,L2,L1,C1_1,D1_2,F1_1,L3,L2,,,
511199,L1,L1,L2,L3,L2,L1,L2,L2,L1,C1_1,D1_2,F1_1,L3,L3,,,
511200,L1,L1,L2,L3,L2,L1,L2,L2,L1,C1_1,D1_2,F1_2,L1,L1,,,
511201,L1,L1,L2,L3,L2,L1,L2,L2,L1,C1_1,D1_2,F1_2,L1,L2,,,
511202,L1,L1,L2,L3,L2,L1,L2,L2,L1,C1_1,D1_2,F1_2,L1,L3,,,
511203,L1,L1,L2,L3,L2,L1,L2,L2,L1,C1_1,D1_2,F1_2,L2,L1,,,
511204,L1,L1,L2,L3,L2,L1,L2,L2,L1,C1_1,D1_2,F1_2,L2,L2,,,
511205,L1,L1,L2,L3,L2,L1,L2,L2,L1,C1_1,D1_2,F1_2,L2,L3,,,
511206,L1,L1,L2,L3,L2,L1,L2,L2,L1,C1_1,D1_2,F1_2,L3,L1,,,
511207,L1,L1,L2,L3,L2,L1,L2,L2,L1,C1_1,D1_2,F1_2,L3,L2,,,
511208,L1,L1,L2,L3,L2,L1,L2,L2,L1,C1_1,D1_2,F1_2,L3,L3,,,
511209,L1,L1,L2,L3,L2,L1,L2,L2,L1,C1_1,D1_2,F1_3,L1,L1,,,
511210,L1,L1,L2,L3,L2,L1,L2,L2,L1,C1_1,D1_2,F1_3,L1,L2,,,
511211,L1,L1,L2,L3,L2,L1,L2,L2,L1,C1_1,D1_2,F1_3,L1,L3,,,
511212,L1,L1,L2,L3,L2,L1,L2,L2,L1,C1_1,D1_2,F1_3,L2,L1,,,
511213,L1,L1,L2,L3,L2,L1,L2,L2,L1,C1_1,D1_2,F1_3,L2,L2,,,
511214,L1,L1,L2,L3,L2,L1,L2,L2,L1,C1_1,D1_2,F1_3,L2,L3,,,
511215,L1,L1,L2,L3,L2,L1,L2,L2,L1,C1_1,D1_2,F1_3,L3,L1,,,
511216,L1,L1,L2,L3,L2,L1,L2,L2,L1,C1_1,D1_2,F1_3,L3,L2,,,
511217,L1,L1,L2,L3,L2,L1,L2,L2,L1,C1_1,D1_2,F1_3,L3,L3,,,
511218,L1,L1,L2,L3,L2,L1,L2,L2,L1,C1_1,D1_3,F1_1,L1,L1,,,
511219,L1,L1,L2,L3,L2,L1,L2,L2,L1,C1_1,D1_3,F1_1,L1,L2,,,
511220,L1,L1,L2,L3,L2,L1,L2,L2,L1,C1_1,D1_3,F1_1,L1,L3,,,
511221,L1,L1,L2,L3,L2,L1,L2,L2,L1,C1_1,D1_3,F1_1,L2,L1,,,
511222,L1,L1,L2,L3,L2,L1,L2,L2,L1,C1_1,D1_3,F1_1,L2,L2,,,
511223,L1,L1,L2,L3,L2,L1,L2,L2,L1,C1_1,D1_3,F1_1,L2,L3,,,
511224,L1,L1,L2,L3,L2,L1,L2,L2,L1,C1_1,D1_3,F1_1,L3,L1,,,
511225,L1,L1,L2,L3,L2,L1,L2,L2,L1,C1_1,D1_3,F1_1,L3,L2,,,
511226,L1,L1,L2,L3,L2,L1,L2,L2,L1,C1_1,D1_3,F1_1,L3,L3,,,
511227,L1,L1,L2,L3,L2,L1,L2,L2,L1,C1_1,D1_3,F1_2,L1,L1,,,
511228,L1,L1,L2,L3,L2,L1,L2,L2,L1,C1_1,D1_3,F1_2,L1,L2,,,
511229,L1,L1,L2,L3,L2,L1,L2,L2,L1,C1_1,D1_3,F1_2,L1,L3,,,
511230,L1,L1,L2,L3,L2,L1,L2,L2,L1,C1_1,D1_3,F1_2,L2,L1,,,
511231,L1,L1,L2,L3,L2,L1,L2,L2,L1,C1_1,D1_3,F1_2,L2,L2,,,
511232,L1,L1,L2,L3,L2,L1,L2,L2,L1,C1_1,D1_3,F1_2,L2,L3,,,
511233,L1,L1,L2,L3,L2,L1,L2,L2,L1,C1_1,D1_3,F1_2,L3,L1,,,
511234,L1,L1,L2,L3,L2,L1,L2,L2,L1,C1_1,D1_3,F1_2,L3,L2,,,
511235,L1,L1,L2,L3,L2,L1,L2,L2,L1,C1_1,D1_3,F1_2,L3,L3,,,
511236,L1,L1,L2,L3,L2,L1,L2,L2,L1,C1_1,D1_3,F1_3,L1,L1,,,
511237,L1,L1,L2,L3,L2,L1,L2,L2,L1,C1_1,D1_3,F1_3,L1,L2,,,
511238,L1,L1,L2,L3,L2,L1,L2,L2,L1,C1_1,D1_3,F1_3,L1,L3,,,
511239,L1,L1,L2,L3,L2,L1,L2,L2,L1,C1_1,D1_3,F1_3,L2,L1,,,
511240,L1,L1,L2,L3,L2,L1,L2,L2,L1,C1_1,D1_3,F1_3,L2,L2,,,
511241,L1,L1,L2,L3,L2,L1,L2,L2,L1,C1_1,D1_3,F1_3,L2,L3,,,
511242,L1,L1,L2,L3,L2,L1,L2,L2,L1,C1_1,D1_3,F1_3,L3,L1,,,
511243,L1,L1,L2,L3,L2,L1,L2,L2,L1,C1_1,D1_3,F1_3,L3,L2,,,
511244,L1,L1,L2,L3,L2,L1,L2,L2,L1,C1_1,D1_3,F1_3,L3,L3,,,
511245,L1,L1,L2,L3,L2,L1,L2,L2,L1,C1_2,D1_1,F1_1,L1,L1,,,
511246,L1,L1,L2,L3,L2,L1,L2,L2,L1,C1_2,D1_1,F1_1,L1,L2,,,
511247,L1,L1,L2,L3,L2,L1,L2,L2,L1,C1_2,D1_1,F1_1,L1,L3,,,
511248,L1,L1,L2,L3,L2,L1,L2,L2,L1,C1_2,D1_1,F1_1,L2,L1,,,
511249,L1,L1,L2,L3,L2,L1,L2,L2,L1,C1_2,D1_1,F1_1,L2,L2,,,
511250,L1,L1,L2,L3,L2,L1,L2,L2,L1,C1_2,D1_1,F1_1,L2,L3,,,
511251,L1,L1,L2,L3,L2,L1,L2,L2,L1,C1_2,D1_1,F1_1,L3,L1,,,
511252,L1,L1,L2,L3,L2,L1,L2,L2,L1,C1_2,D1_1,F1_1,L3,L2,,,
511253,L1,L1,L2,L3,L2,L1,L2,L2,L1,C1_2,D1_1,F1_1,L3,L3,,,
511254,L1,L1,L2,L3,L2,L1,L2,L2,L1,C1_2,D1_1,F1_2,L1,L1,,,
511255,L1,L1,L2,L3,L2,L1,L2,L2,L1,C1_2,D1_1,F1_2,L1,L2,,,
511256,L1,L1,L2,L3,L2,L1,L2,L2,L1,C1_2,D1_1,F1_2,L1,L3,,,
511257,L1,L1,L2,L3,L2,L1,L2,L2,L1,C1_2,D1_1,F1_2,L2,L1,,,
511258,L1,L1,L2,L3,L2,L1,L2,L2,L1,C1_2,D1_1,F1_2,L2,L2,,,
511259,L1,L1,L2,L3,L2,L1,L2,L2,L1,C1_2,D1_1,F1_2,L2,L3,,,
511260,L1,L1,L2,L3,L2,L1,L2,L2,L1,C1_2,D1_1,F1_2,L3,L1,,,
511261,L1,L1,L2,L3,L2,L1,L2,L2,L1,C1_2,D1_1,F1_2,L3,L2,,,
511262,L1,L1,L2,L3,L2,L1,L2,L2,L1,C1_2,D1_1,F1_2,L3,L3,,,
511263,L1,L1,L2,L3,L2,L1,L2,L2,L1,C1_2,D1_1,F1_3,L1,L1,,,
511264,L1,L1,L2,L3,L2,L1,L2,L2,L1,C1_2,D1_1,F1_3,L1,L2,,,
511265,L1,L1,L2,L3,L2,L1,L2,L2,L1,C1_2,D1_1,F1_3,L1,L3,,,
511266,L1,L1,L2,L3,L2,L1,L2,L2,L1,C1_2,D1_1,F1_3,L2,L1,,,
511267,L1,L1,L2,L3,L2,L1,L2,L2,L1,C1_2,D1_1,F1_3,L2,L2,,,
511268,L1,L1,L2,L3,L2,L1,L2,L2,L1,C1_2,D1_1,F1_3,L2,L3,,,
511269,L1,L1,L2,L3,L2,L1,L2,L2,L1,C1_2,D1_1,F1_3,L3,L1,,,
511270,L1,L1,L2,L3,L2,L1,L2,L2,L1,C1_2,D1_1,F1_3,L3,L2,,,
511271,L1,L1,L2,L3,L2,L1,L2,L2,L1,C1_2,D1_1,F1_3,L3,L3,,,
511272,L1,L1,L2,L3,L2,L1,L2,L2,L1,C1_2,D1_2,F1_1,L1,L1,,,
511273,L1,L1,L2,L3,L2,L1,L2,L2,L1,C1_2,D1_2,F1_1,L1,L2,,,
511274,L1,L1,L2,L3,L2,L1,L2,L2,L1,C1_2,D1_2,F1_1,L1,L3,,,
511275,L1,L1,L2,L3,L2,L1,L2,L2,L1,C1_2,D1_2,F1_1,L2,L1,,,
511276,L1,L1,L2,L3,L2,L1,L2,L2,L1,C1_2,D1_2,F1_1,L2,L2,,,
511277,L1,L1,L2,L3,L2,L1,L2,L2,L1,C1_2,D1_2,F1_1,L2,L3,,,
511278,L1,L1,L2,L3,L2,L1,L2,L2,L1,C1_2,D1_2,F1_1,L3,L1,,,
511279,L1,L1,L2,L3,L2,L1,L2,L2,L1,C1_2,D1_2,F1_1,L3,L2,,,
511280,L1,L1,L2,L3,L2,L1,L2,L2,L1,C1_2,D1_2,F1_1,L3,L3,,,
511281,L1,L1,L2,L3,L2,L1,L2,L2,L1,C1_2,D1_2,F1_2,L1,L1,,,
511282,L1,L1,L2,L3,L2,L1,L2,L2,L1,C1_2,D1_2,F1_2,L1,L2,,,
511283,L1,L1,L2,L3,L2,L1,L2,L2,L1,C1_2,D1_2,F1_2,L1,L3,,,
511284,L1,L1,L2,L3,L2,L1,L2,L2,L1,C1_2,D1_2,F1_2,L2,L1,,,
511285,L1,L1,L2,L3,L2,L1,L2,L2,L1,C1_2,D1_2,F1_2,L2,L2,,,
511286,L1,L1,L2,L3,L2,L1,L2,L2,L1,C1_2,D1_2,F1_2,L2,L3,,,
511287,L1,L1,L2,L3,L2,L1,L2,L2,L1,C1_2,D1_2,F1_2,L3,L1,,,
511288,L1,L1,L2,L3,L2,L1,L2,L2,L1,C1_2,D1_2,F1_2,L3,L2,,,
511289,L1,L1,L2,L3,L2,L1,L2,L2,L1,C1_2,D1_2,F1_2,L3,L3,,,
511290,L1,L1,L2,L3,L2,L1,L2,L2,L1,C1_2,D1_2,F1_3,L1,L1,,,
511291,L1,L1,L2,L3,L2,L1,L2,L2,L1,C1_2,D1_2,F1_3,L1,L2,,,
511292,L1,L1,L2,L3,L2,L1,L2,L2,L1,C1_2,D1_2,F1_3,L1,L3,,,
511293,L1,L1,L2,L3,L2,L1,L2,L2,L1,C1_2,D1_2,F1_3,L2,L1,,,
511294,L1,L1,L2,L3,L2,L1,L2,L2,L1,C1_2,D1_2,F1_3,L2,L2,,,
511295,L1,L1,L2,L3,L2,L1,L2,L2,L1,C1_2,D1_2,F1_3,L2,L3,,,
511296,L1,L1,L2,L3,L2,L1,L2,L2,L1,C1_2,D1_2,F1_3,L3,L1,,,
511297,L1,L1,L2,L3,L2,L1,L2,L2,L1,C1_2,D1_2,F1_3,L3,L2,,,
511298,L1,L1,L2,L3,L2,L1,L2,L2,L1,C1_2,D1_2,F1_3,L3,L3,,,
511299,L1,L1,L2,L3,L2,L1,L2,L2,L1,C1_2,D1_3,F1_1,L1,L1,,,
511300,L1,L1,L2,L3,L2,L1,L2,L2,L1,C1_2,D1_3,F1_1,L1,L2,,,
511301,L1,L1,L2,L3,L2,L1,L2,L2,L1,C1_2,D1_3,F1_1,L1,L3,,,
511302,L1,L1,L2,L3,L2,L1,L2,L2,L1,C1_2,D1_3,F1_1,L2,L1,,,
511303,L1,L1,L2,L3,L2,L1,L2,L2,L1,C1_2,D1_3,F1_1,L2,L2,,,
511304,L1,L1,L2,L3,L2,L1,L2,L2,L1,C1_2,D1_3,F1_1,L2,L3,,,
511305,L1,L1,L2,L3,L2,L1,L2,L2,L1,C1_2,D1_3,F1_1,L3,L1,,,
511306,L1,L1,L2,L3,L2,L1,L2,L2,L1,C1_2,D1_3,F1_1,L3,L2,,,
511307,L1,L1,L2,L3,L2,L1,L2,L2,L1,C1_2,D1_3,F1_1,L3,L3,,,
511308,L1,L1,L2,L3,L2,L1,L2,L2,L1,C1_2,D1_3,F1_2,L1,L1,,,
511309,L1,L1,L2,L3,L2,L1,L2,L2,L1,C1_2,D1_3,F1_2,L1,L2,,,
511310,L1,L1,L2,L3,L2,L1,L2,L2,L1,C1_2,D1_3,F1_2,L1,L3,,,
511311,L1,L1,L2,L3,L2,L1,L2,L2,L1,C1_2,D1_3,F1_2,L2,L1,,,
511312,L1,L1,L2,L3,L2,L1,L2,L2,L1,C1_2,D1_3,F1_2,L2,L2,,,
511313,L1,L1,L2,L3,L2,L1,L2,L2,L1,C1_2,D1_3,F1_2,L2,L3,,,
511314,L1,L1,L2,L3,L2,L1,L2,L2,L1,C1_2,D1_3,F1_2,L3,L1,,,
511315,L1,L1,L2,L3,L2,L1,L2,L2,L1,C1_2,D1_3,F1_2,L3,L2,,,
511316,L1,L1,L2,L3,L2,L1,L2,L2,L1,C1_2,D1_3,F1_2,L3,L3,,,
511317,L1,L1,L2,L3,L2,L1,L2,L2,L1,C1_2,D1_3,F1_3,L1,L1,,,
511318,L1,L1,L2,L3,L2,L1,L2,L2,L1,C1_2,D1_3,F1_3,L1,L2,,,
511319,L1,L1,L2,L3,L2,L1,L2,L2,L1,C1_2,D1_3,F1_3,L1,L3,,,
511320,L1,L1,L2,L3,L2,L1,L2,L2,L1,C1_2,D1_3,F1_3,L2,L1,,,
511321,L1,L1,L2,L3,L2,L1,L2,L2,L1,C1_2,D1_3,F1_3,L2,L2,,,
511322,L1,L1,L2,L3,L2,L1,L2,L2,L1,C1_2,D1_3,F1_3,L2,L3,,,
511323,L1,L1,L2,L3,L2,L1,L2,L2,L1,C1_2,D1_3,F1_3,L3,L1,,,
511324,L1,L1,L2,L3,L2,L1,L2,L2,L1,C1_2,D1_3,F1_3,L3,L2,,,
511325,L1,L1,L2,L3,L2,L1,L2,L2,L1,C1_2,D1_3,F1_3,L3,L3,,,
511326,L1,L1,L2,L3,L2,L1,L2,L2,L1,C1_3,D1_1,F1_1,L1,L1,,,
511327,L1,L1,L2,L3,L2,L1,L2,L2,L1,C1_3,D1_1,F1_1,L1,L2,,,
511328,L1,L1,L2,L3,L2,L1,L2,L2,L1,C1_3,D1_1,F1_1,L1,L3,,,
511329,L1,L1,L2,L3,L2,L1,L2,L2,L1,C1_3,D1_1,F1_1,L2,L1,,,
511330,L1,L1,L2,L3,L2,L1,L2,L2,L1,C1_3,D1_1,F1_1,L2,L2,,,
511331,L1,L1,L2,L3,L2,L1,L2,L2,L1,C1_3,D1_1,F1_1,L2,L3,,,
511332,L1,L1,L2,L3,L2,L1,L2,L2,L1,C1_3,D1_1,F1_1,L3,L1,,,
511333,L1,L1,L2,L3,L2,L1,L2,L2,L1,C1_3,D1_1,F1_1,L3,L2,,,
511334,L1,L1,L2,L3,L2,L1,L2,L2,L1,C1_3,D1_1,F1_1,L3,L3,,,
511335,L1,L1,L2,L3,L2,L1,L2,L2,L1,C1_3,D1_1,F1_2,L1,L1,,,
511336,L1,L1,L2,L3,L2,L1,L2,L2,L1,C1_3,D1_1,F1_2,L1,L2,,,
511337,L1,L1,L2,L3,L2,L1,L2,L2,L1,C1_3,D1_1,F1_2,L1,L3,,,
511338,L1,L1,L2,L3,L2,L1,L2,L2,L1,C1_3,D1_1,F1_2,L2,L1,,,
511339,L1,L1,L2,L3,L2,L1,L2,L2,L1,C1_3,D1_1,F1_2,L2,L2,,,
511340,L1,L1,L2,L3,L2,L1,L2,L2,L1,C1_3,D1_1,F1_2,L2,L3,,,
511341,L1,L1,L2,L3,L2,L1,L2,L2,L1,C1_3,D1_1,F1_2,L3,L1,,,
511342,L1,L1,L2,L3,L2,L1,L2,L2,L1,C1_3,D1_1,F1_2,L3,L2,,,
511343,L1,L1,L2,L3,L2,L1,L2,L2,L1,C1_3,D1_1,F1_2,L3,L3,,,
511344,L1,L1,L2,L3,L2,L1,L2,L2,L1,C1_3,D1_1,F1_3,L1,L1,,,
511345,L1,L1,L2,L3,L2,L1,L2,L2,L1,C1_3,D1_1,F1_3,L1,L2,,,
511346,L1,L1,L2,L3,L2,L1,L2,L2,L1,C1_3,D1_1,F1_3,L1,L3,,,
511347,L1,L1,L2,L3,L2,L1,L2,L2,L1,C1_3,D1_1,F1_3,L2,L1,,,
511348,L1,L1,L2,L3,L2,L1,L2,L2,L1,C1_3,D1_1,F1_3,L2,L2,,,
511349,L1,L1,L2,L3,L2,L1,L2,L2,L1,C1_3,D1_1,F1_3,L2,L3,,,
511350,L1,L1,L2,L3,L2,L1,L2,L2,L1,C1_3,D1_1,F1_3,L3,L1,,,
511351,L1,L1,L2,L3,L2,L1,L2,L2,L1,C1_3,D1_1,F1_3,L3,L2,,,
511352,L1,L1,L2,L3,L2,L1,L2,L2,L1,C1_3,D1_1,F1_3,L3,L3,,,
511353,L1,L1,L2,L3,L2,L1,L2,L2,L1,C1_3,D1_2,F1_1,L1,L1,,,
511354,L1,L1,L2,L3,L2,L1,L2,L2,L1,C1_3,D1_2,F1_1,L1,L2,,,
511355,L1,L1,L2,L3,L2,L1,L2,L2,L1,C1_3,D1_2,F1_1,L1,L3,,,
511356,L1,L1,L2,L3,L2,L1,L2,L2,L1,C1_3,D1_2,F1_1,L2,L1,,,
511357,L1,L1,L2,L3,L2,L1,L2,L2,L1,C1_3,D1_2,F1_1,L2,L2,,,
511358,L1,L1,L2,L3,L2,L1,L2,L2,L1,C1_3,D1_2,F1_1,L2,L3,,,
511359,L1,L1,L2,L3,L2,L1,L2,L2,L1,C1_3,D1_2,F1_1,L3,L1,,,
511360,L1,L1,L2,L3,L2,L1,L2,L2,L1,C1_3,D1_2,F1_1,L3,L2,,,
511361,L1,L1,L2,L3,L2,L1,L2,L2,L1,C1_3,D1_2,F1_1,L3,L3,,,
511362,L1,L1,L2,L3,L2,L1,L2,L2,L1,C1_3,D1_2,F1_2,L1,L1,,,
511363,L1,L1,L2,L3,L2,L1,L2,L2,L1,C1_3,D1_2,F1_2,L1,L2,,,
511364,L1,L1,L2,L3,L2,L1,L2,L2,L1,C1_3,D1_2,F1_2,L1,L3,,,
511365,L1,L1,L2,L3,L2,L1,L2,L2,L1,C1_3,D1_2,F1_2,L2,L1,,,
511366,L1,L1,L2,L3,L2,L1,L2,L2,L1,C1_3,D1_2,F1_2,L2,L2,,,
511367,L1,L1,L2,L3,L2,L1,L2,L2,L1,C1_3,D1_2,F1_2,L2,L3,,,
511368,L1,L1,L2,L3,L2,L1,L2,L2,L1,C1_3,D1_2,F1_2,L3,L1,,,
511369,L1,L1,L2,L3,L2,L1,L2,L2,L1,C1_3,D1_2,F1_2,L3,L2,,,
511370,L1,L1,L2,L3,L2,L1,L2,L2,L1,C1_3,D1_2,F1_2,L3,L3,,,
511371,L1,L1,L2,L3,L2,L1,L2,L2,L1,C1_3,D1_2,F1_3,L1,L1,,,
511372,L1,L1,L2,L3,L2,L1,L2,L2,L1,C1_3,D1_2,F1_3,L1,L2,,,
511373,L1,L1,L2,L3,L2,L1,L2,L2,L1,C1_3,D1_2,F1_3,L1,L3,,,
511374,L1,L1,L2,L3,L2,L1,L2,L2,L1,C1_3,D1_2,F1_3,L2,L1,,,
511375,L1,L1,L2,L3,L2,L1,L2,L2,L1,C1_3,D1_2,F1_3,L2,L2,,,
511376,L1,L1,L2,L3,L2,L1,L2,L2,L1,C1_3,D1_2,F1_3,L2,L3,,,
511377,L1,L1,L2,L3,L2,L1,L2,L2,L1,C1_3,D1_2,F1_3,L3,L1,,,
511378,L1,L1,L2,L3,L2,L1,L2,L2,L1,C1_3,D1_2,F1_3,L3,L2,,,
511379,L1,L1,L2,L3,L2,L1,L2,L2,L1,C1_3,D1_2,F1_3,L3,L3,,,
511380,L1,L1,L2,L3,L2,L1,L2,L2,L1,C1_3,D1_3,F1_1,L1,L1,,,
511381,L1,L1,L2,L3,L2,L1,L2,L2,L1,C1_3,D1_3,F1_1,L1,L2,,,
511382,L1,L1,L2,L3,L2,L1,L2,L2,L1,C1_3,D1_3,F1_1,L1,L3,,,
511383,L1,L1,L2,L3,L2,L1,L2,L2,L1,C1_3,D1_3,F1_1,L2,L1,,,
511384,L1,L1,L2,L3,L2,L1,L2,L2,L1,C1_3,D1_3,F1_1,L2,L2,,,
511385,L1,L1,L2,L3,L2,L1,L2,L2,L1,C1_3,D1_3,F1_1,L2,L3,,,
511386,L1,L1,L2,L3,L2,L1,L2,L2,L1,C1_3,D1_3,F1_1,L3,L1,,,
511387,L1,L1,L2,L3,L2,L1,L2,L2,L1,C1_3,D1_3,F1_1,L3,L2,,,
511388,L1,L1,L2,L3,L2,L1,L2,L2,L1,C1_3,D1_3,F1_1,L3,L3,,,
511389,L1,L1,L2,L3,L2,L1,L2,L2,L1,C1_3,D1_3,F1_2,L1,L1,,,
511390,L1,L1,L2,L3,L2,L1,L2,L2,L1,C1_3,D1_3,F1_2,L1,L2,,,
511391,L1,L1,L2,L3,L2,L1,L2,L2,L1,C1_3,D1_3,F1_2,L1,L3,,,
511392,L1,L1,L2,L3,L2,L1,L2,L2,L1,C1_3,D1_3,F1_2,L2,L1,,,
511393,L1,L1,L2,L3,L2,L1,L2,L2,L1,C1_3,D1_3,F1_2,L2,L2,,,
511394,L1,L1,L2,L3,L2,L1,L2,L2,L1,C1_3,D1_3,F1_2,L2,L3,,,
511395,L1,L1,L2,L3,L2,L1,L2,L2,L1,C1_3,D1_3,F1_2,L3,L1,,,
511396,L1,L1,L2,L3,L2,L1,L2,L2,L1,C1_3,D1_3,F1_2,L3,L2,,,
511397,L1,L1,L2,L3,L2,L1,L2,L2,L1,C1_3,D1_3,F1_2,L3,L3,,,
511398,L1,L1,L2,L3,L2,L1,L2,L2,L1,C1_3,D1_3,F1_3,L1,L1,,,
511399,L1,L1,L2,L3,L2,L1,L2,L2,L1,C1_3,D1_3,F1_3,L1,L2,,,
511400,L1,L1,L2,L3,L2,L1,L2,L2,L1,C1_3,D1_3,F1_3,L1,L3,,,
511401,L1,L1,L2,L3,L2,L1,L2,L2,L1,C1_3,D1_3,F1_3,L2,L1,,,
511402,L1,L1,L2,L3,L2,L1,L2,L2,L1,C1_3,D1_3,F1_3,L2,L2,,,
511403,L1,L1,L2,L3,L2,L1,L2,L2,L1,C1_3,D1_3,F1_3,L2,L3,,,
511404,L1,L1,L2,L3,L2,L1,L2,L2,L1,C1_3,D1_3,F1_3,L3,L1,,,
511405,L1,L1,L2,L3,L2,L1,L2,L2,L1,C1_3,D1_3,F1_3,L3,L2,,,
511406,L1,L1,L2,L3,L2,L1,L2,L2,L1,C1_3,D1_3,F1_3,L3,L3,,,
