X,Y,Z,E,A,B,C,D,F,G,H,I,J,K,L,M,N,prop_strict_med_pos,prop_qual_min_govt_unstable,prop_qual_condorcet_winner,prop_strict_min_govt_size,spat_char_corr4,prop_strict_util_from_winner,major_qual_med_pos,prop_strict_unanimity,prop_qual_coalition_size,prop_gallagher_index,tangian_adj_pop_parties,spat_char_corr5,prop_qual_util_eff,major_util_from_max_avg,major_cond_efficiency,prop_strict_nonzero_pos,major_qual_nonzero_pos,major_vse,spat_med_entropy1,prop_strict_util_from_max,major_util_max_elec_rate,major_condorcet_paradox,prop_qual_elec_failed,major_strict_nonzero_pos,major_util_from_max_med,tangian_raw_pop_body,prop_qual_util_from_winner,prop_qual_nonzero_pos,spat_med_entropy3,prop_strict_cond_paradox,prop_qual_min_govt_size,major_strict_med_pos,prop_strict_util_max_elec,spat_med_entropy2,major_util_eff_avg,spat_med_entropy5,spat_avg_entropy2,prop_strict_min_govt_unstable,spat_agg_dist_corr,prop_qual_util_maxer,tangian_raw_uni_parties,prop_qual_single_party_win,tangian_adj_uni_parties,spat_char_corr2,major_util_from_winner_avg,tangian_adj_uni_body,spat_med_entropy4,prop_qual_med_pos,prop_strict_min_govt_elec,prop_qual_unanimity_rate,prop_qual_winner_smith,major_smith_efficiency,spat_avg_entropy5,prop_strict_elec_failed,prop_strict_winner_smith,major_strict_social_util,prop_qual_util_from_max,spat_char_corr3,prop_qual_condorcet_paradox,spat_avg_entropy4,major_qual_social_util,prop_strict_coalition_size,spat_avg_entropy1,prop_strict_condorcet_winner,prop_qual_min_govt_elec,tangian_raw_pop_parties,prop_strict_unanimity_rate,prop_strict_single_party_win,prop_strict_util_eff,tangian_raw_uni_body,prop_qual_unanimity,major_util_eff_med,major_util_from_winner_med,spat_char_corr1,tangian_adj_pop_body,spat_avg_entropy3,major_gallagher_index
"String3[""L2""]","String3[""L2""]","String3[""L1""]","String3[""L1""]","String3[""L1""]","String3[""L1""]","String7[""C1_3""]","String7[""D1_3""]","String7[""F1_1""]","String3[""L2""]","String3[""L3""]","String3[""L2""]","String3[""L3""]","String3[""L3""]","[""L0""]","[""L0""]","[""L0""]",[-1.0],Bool[0],Bool[0],[0],[-0.024169550862305014],[2.3877242394435126e8],[-2.0],[10],[3],[0.012377331537936598],[0.49998444799999997],[0.000847333377867978],[0.9845785370500476],[4.704996536963471e6],[0.98],[10],[20],[0.9990242386575581],[1.1452577600127044e-10],[2.4251231868180984e8],[0.12],[0],Bool[0],[20],[4.704058373437645e6],[0.5000149999999999],[2.3877242394435126e8],[10],[1.1452345401897286e-10],Bool[0],[0],[-2.0],Bool[0],[1.1452388787327901e-10],[0.9990248056546764],[1.1452330210064013e-10],[1.1452414196028522e-10],Bool[0],[-0.0013056055954651644],Bool[0],[0.487],Bool[1],[0.487],[-0.008580405542384584],[4.700405583226379e6],[0.508],[1.14522947535465e-10],[-1.0],Bool[1],[0.2],Bool[0],[0.98],[1.1452365363702053e-10],Bool[0],Bool[0],[4.30472090087804e6],[2.4251231868180984e8],[0.014934512369867944],Bool[0],[1.1452241031914221e-10],[4.30472090087804e6],[3],[1.1452512006140449e-10],Bool[0],Bool[1],[0.49998444799999997],[0.2],Bool[1],[0.9845785370500476],[0.508],[10],[0.9994018317238877],[4.69979426924141e6],[0.014192356158973433],[0.5000149999999999],[1.1452353212776962e-10],[0.19756740200751743]
"String3[""L2""]","String3[""L2""]","String3[""L1""]","String3[""L1""]","String3[""L1""]","String3[""L1""]","String7[""C1_3""]","String7[""D1_3""]","String7[""F1_1""]","String3[""L2""]","String3[""L3""]","String3[""L2""]","String3[""L3""]","String3[""L3""]","[""L0""]","[""L0""]","[""L0""]",[1.0],Bool[0],Bool[0],[0],[-0.02868311679128585],[2.4074712675372362e8],[-2.0],[10],[2],[0.06984636087293707],[0.5000578960000001],[0.05152918056327206],[0.9873736809976623],[4.728683027288525e6],[0.94],[10],[20],[0.999285900597192],[1.1452464697869938e-10],[2.438257484344406e8],[0.06],[0],Bool[0],[20],[4.72852313658336e6],[0.49952559999999996],[2.4074712675372362e8],[10],[1.1452290059356824e-10],Bool[0],[0],[-2.0],Bool[0],[1.1452418312816797e-10],[0.9992862212338807],[1.1452418835607256e-10],[1.1452435069723266e-10],Bool[0],[0.006284138903810667],Bool[0],[0.5770000000000001],Bool[0],[0.5770000000000001],[-0.056995685882307925],[4.72530627756267e6],[0.48100000000000004],[1.1452450656090612e-10],[1.0],Bool[1],[0.2],Bool[0],[0.94],[1.1452413647350925e-10],Bool[0],Bool[0],[4.557519022953397e6],[2.438257484344406e8],[-0.014682677761057],Bool[0],[1.1452433937895289e-10],[4.557519022953397e6],[2],[1.1452397285440964e-10],Bool[0],Bool[1],[0.5000578960000001],[0.2],Bool[0],[0.9873736809976623],[0.48100000000000004],[10],[0.9996096649910292],[4.725285087932676e6],[0.06313280964160599],[0.49952559999999996],[1.1452334682645131e-10],[0.2965488110918673]
"String3[""L2""]","String3[""L2""]","String3[""L1""]","String3[""L1""]","String3[""L1""]","String3[""L1""]","String7[""C1_3""]","String7[""D1_3""]","String7[""F1_1""]","String3[""L2""]","String3[""L3""]","String3[""L2""]","String3[""L3""]","String3[""L3""]","[""L0""]","[""L0""]","[""L0""]",[2.0],Bool[0],Bool[0],[0],[0.006655784562746324],[2.3973588762007773e8],[0.0],[12],[3],[0.009700386796411768],[0.499990384],[-0.03283201321259548],[0.9842076950155679],[4.759420087264497e6],[1.0],[12],[20],[0.9993938934446268],[1.145217410467804e-10],[2.435826186222672e8],[0.12],[0],Bool[0],[20],[4.759391544999282e6],[0.5006532],[2.3973588762007773e8],[12],[1.145237196117525e-10],Bool[0],[0],[0.0],Bool[0],[1.1452448837519622e-10],[0.9993939895742449],[1.1452379093329997e-10],[1.1452409913562708e-10],Bool[0],[-0.03166034106776038],Bool[0],[0.49400000000000005],Bool[1],[0.49400000000000005],[-0.03595704771911252],[4.756535371549831e6],[0.53],[1.1452406931336366e-10],[2.0],Bool[1],[0.24],Bool[0],[1.0],[1.1452413939181531e-10],Bool[0],Bool[0],[4.360506398695767e6],[2.435826186222672e8],[0.003479605459220965],Bool[0],[1.1452341658111287e-10],[4.360506398695767e6],[3],[1.1452213037889579e-10],Bool[0],Bool[1],[0.499990384],[0.24],Bool[1],[0.9842076950155679],[0.53],[12],[0.9996468023123212],[4.756897212713156e6],[-0.015993365716766097],[0.5006532],[1.1452441293855678e-10],[0.13714903391566416]
"String3[""L2""]","String3[""L2""]","String3[""L1""]","String3[""L1""]","String3[""L1""]","String3[""L1""]","String7[""C1_3""]","String7[""D1_3""]","String7[""F1_1""]","String3[""L2""]","String3[""L3""]","String3[""L2""]","String3[""L3""]","String3[""L3""]","[""L0""]","[""L0""]","[""L0""]",[2.0],Bool[0],Bool[0],[0],[-0.0040712708801535135],[2.3617475416603664e8],[2.0],[20],[1],[0.16876751996474684],[0.500000432],[-0.013636434168989782],[0.9715589389751226],[4.754309733205698e6],[0.9591836734693877],[20],[20],[0.9994490709541661],[1.1452409972878792e-10],[2.4308844753687564e8],[0.14],[1],Bool[0],[20],[4.754141083369427e6],[0.5004252],[2.3617475416603664e8],[20],[1.1452446434440172e-10],Bool[0],[0],[2.0],Bool[0],[1.1452400025649088e-10],[0.9994492243232946],[1.1452465400358534e-10],[1.1452426744846155e-10],Bool[0],[0.07523215378832515],Bool[0],[0.515],Bool[0],[0.515],[0.06299057050546616],[4.751690445880785e6],[0.526],[1.1452381176476329e-10],[2.0],Bool[1],[0.4],Bool[0],[0.96],[1.1452435337178934e-10],Bool[0],Bool[0],[4.545633276820657e6],[2.4308844753687564e8],[0.03409518094244895],Bool[0],[1.1452444772027466e-10],[4.545633276820657e6],[1],[1.1452500197083105e-10],Bool[0],Bool[1],[0.500000432],[0.4],Bool[0],[0.9715589389751226],[0.526],[20],[0.9996178979060284],[4.751876587742015e6],[0.08777824032614044],[0.5004252],[1.1452405826367318e-10],[0.2191097439001744]
"String3[""L2""]","String3[""L2""]","String3[""L1""]","String3[""L1""]","String3[""L1""]","String3[""L1""]","String7[""C1_3""]","String7[""D1_3""]","String7[""F1_2""]","String3[""L2""]","String3[""L3""]","String3[""L2""]","String3[""L1""]","String3[""L1""]","[""L0""]","[""L0""]","[""L0""]",[0.0],Bool[0],Bool[0],[0],[-0.01438500678591288],[2.4013203165779173e8],[0.0],[10],[2],[0.013204243560310459],[0.47202792000000005],[-0.02531186443330306],[1.0],[4.828721538928098e6],[1.0],[0],[0],[0.9994835556424997],[1.145240340522056e-10],[2.4013203165779173e8],[0.84],[0],Bool[0],[0],[4.834126232450288e6],[0.3930206],[2.4013203165779173e8],[0],[1.1452352698092703e-10],Bool[0],[0],[0.0],Bool[1],[1.1452429851801039e-10],[0.9994821217017474],[1.1452503714241231e-10],[1.1452471345394574e-10],Bool[0],[-0.020826246315470497],Bool[1],[0.7230000000000001],Bool[0],[0.7230000000000001],[-0.02191915906422375],[4.826227772935378e6],[0.5009999999999999],[1.1452311644633231e-10],[0.0],Bool[1],[0.4],Bool[0],[1.0],[1.1452475821956743e-10],Bool[0],Bool[0],[4.445774511137397e6],[2.4013203165779173e8],[-0.010939061006255107],Bool[0],[1.1452312505691723e-10],[4.445774511137397e6],[2],[1.1452380532446814e-10],Bool[0],Bool[1],[0.47202792],[0.2],Bool[0],[1.0],[0.5009999999999999],[20],[1.0],[4.829335352089113e6],[0.025130033513843648],[0.3930206],[1.1452354698722645e-10],[0.16787671681326152]
"String3[""L2""]","String3[""L2""]","String3[""L1""]","String3[""L1""]","String3[""L1""]","String3[""L1""]","String7[""C1_3""]","String7[""D1_3""]","String7[""F1_2""]","String3[""L2""]","String3[""L3""]","String3[""L2""]","String3[""L1""]","String3[""L1""]","[""L0""]","[""L0""]","[""L0""]",[0.0],Bool[0],Bool[1],[2],[-0.01793263569591272],[2.3815917416384447e8],[0.0],[7],[2],[0.009865698961553615],[0.4005470120000001],[-0.02399028268387566],[1.0],[4.817971496845595e6],[0.98],[2],[1],[0.9993127388312867],[1.1452311254891914e-10],[2.3981039226894772e8],[0.8],[0],Bool[0],[0],[4.825407908465124e6],[0.3803006],[2.3981039226894772e8],[0],[1.1452199668671503e-10],Bool[0],[0],[0.0],Bool[0],[1.1452396707041898e-10],[0.9993103276344926],[1.1452508934594675e-10],[1.1452418338761331e-10],Bool[0],[-0.035245900650378865],Bool[1],[0.522],Bool[0],[0.522],[-0.011046016016890004],[4.814660292123845e6],[0.466],[1.1452453614912631e-10],[0.0],Bool[1],[0.34],Bool[1],[0.98],[1.1452535639721184e-10],Bool[0],Bool[0],[4.500457043046861e6],[2.3981039226894772e8],[-0.011448110155252992],Bool[0],[1.1452445576886812e-10],[4.529150711159768e6],[2],[1.1452385526328313e-10],Bool[0],Bool[1],[0.40054701200000004],[0.14],Bool[0],[0.9931144847832474],[0.466],[17],[1.0],[4.822830669555977e6],[-0.015241580440096103],[0.3803006],[1.1452240380827411e-10],[0.2334552034459716]
"String3[""L2""]","String3[""L2""]","String3[""L1""]","String3[""L1""]","String3[""L1""]","String3[""L1""]","String7[""C1_3""]","String7[""D1_3""]","String7[""F1_2""]","String3[""L2""]","String3[""L3""]","String3[""L2""]","String3[""L1""]","String3[""L1""]","[""L0""]","[""L0""]","[""L0""]",[0.0],Bool[0],Bool[0],[2],[0.007114075754939401],[2.425293629268747e8],[0.0],[2],[2],[0.0134616949898592],[0.38561118400000005],[-0.046036096240473154],[0.9976859494250216],[4.789353706086625e6],[0.96],[1],[1],[0.9990542718928195],[1.1452243347907145e-10],[2.4309188985436475e8],[0.78],[0],Bool[0],[0],[4.790244108888853e6],[0.3806848],[2.425293629268747e8],[1],[1.1452459818435863e-10],Bool[0],[0],[0.0],Bool[0],[1.1452649911680566e-10],[0.9990533726866606],[1.1452390076687091e-10],[1.1452486632315004e-10],Bool[0],[-0.033419004746677874],Bool[0],[0.4800000000000001],Bool[0],[0.4800000000000001],[-0.03919006860253146],[4.78482427967155e6],[0.467],[1.1452526286004082e-10],[0.0],Bool[1],[0.26],Bool[0],[0.96],[1.1452429456440009e-10],Bool[0],Bool[0],[4.50135531736641e6],[2.4309188985436475e8],[0.024238346547216794],Bool[0],[1.1452395454601147e-10],[4.53794216126655e6],[2],[1.1452266894250815e-10],Bool[0],Bool[1],[0.38561118400000016],[0.04],Bool[0],[0.9976859494250216],[0.467],[13],[1.0],[4.787518510298167e6],[-0.020074505017492576],[0.3806848],[1.1452434825273159e-10],[0.1964580800883486]
"String3[""L2""]","String3[""L2""]","String3[""L1""]","String3[""L1""]","String3[""L1""]","String3[""L1""]","String7[""C1_3""]","String7[""D1_3""]","String7[""F1_2""]","String3[""L2""]","String3[""L3""]","String3[""L2""]","String3[""L1""]","String3[""L1""]","[""L0""]","[""L0""]","[""L0""]",[0.0],Bool[0],Bool[0],[0],[-0.033669762616006],[2.4201369663425145e8],[0.0],[20],[1],[0.009941772075440058],[0.4422708000000001],[-0.0024883853261088214],[0.9919780715106234],[4.783474432168029e6],[0.96],[4],[8],[0.9986074990331476],[1.1452493421508689e-10],[2.4397081305003387e8],[0.72],[0],Bool[0],[0],[4.77937875340772e6],[0.3565634],[2.4201369663425145e8],[4],[1.145242289886429e-10],Bool[0],[0],[0.0],Bool[0],[1.1452622011873582e-10],[0.9986073026097506],[1.1452417521795332e-10],[1.145256068918212e-10],Bool[0],[0.03625214530237146],Bool[0],[0.6399999999999999],Bool[1],[0.6399999999999999],[-0.0022169671420620833],[4.776813439396322e6],[0.39799999999999996],[1.1452291595538998e-10],[0.0],Bool[1],[0.4],Bool[0],[0.96],[1.1452351450164046e-10],Bool[0],Bool[0],[4.5012504287183015e6],[2.4397081305003387e8],[0.09505222227903291],Bool[0],[1.1452305073551796e-10],[4.619817289261637e6],[1],[1.1452458198087945e-10],Bool[0],Bool[1],[0.4422708000000001],[0.4],Bool[1],[0.9919780715106234],[0.39799999999999996],[20],[1.0],[4.771801950648898e6],[0.02259711399949611],[0.3565634],[1.145249762167053e-10],[0.3921634848274378]
"String3[""L2""]","String3[""L2""]","String3[""L1""]","String3[""L1""]","String3[""L1""]","String3[""L1""]","String7[""C1_3""]","String7[""D1_3""]","String7[""F1_2""]","String3[""L2""]","String3[""L3""]","String3[""L2""]","String3[""L1""]","String3[""L2""]","[""L0""]","[""L0""]","[""L0""]",[0.0],Bool[0],Bool[0],[0],[-0.02347702980077397],[2.4486984821147686e8],[0.0],[12],[2],[0.011652097493584574],[0.447381528],[-0.03861547358885723],[0.99830018137558],[4.8172582423899975e6],[0.98],[0],[1],[0.9993320952539168],[1.145248980932389e-10],[2.4486984821147686e8],[0.76],[0],Bool[0],[0],[4.8170432822835725e6],[0.39241459999999995],[2.4445361388292807e8],[1],[1.1452404144118576e-10],Bool[0],[0],[0.0],Bool[1],[1.1452407379413617e-10],[0.9993294735935074],[1.1452774683964927e-10],[1.1452474102674549e-10],Bool[0],[-0.006371060256185382],Bool[0],[0.654],Bool[0],[0.654],[0.013220914281668281],[4.814040772746797e6],[0.498],[1.1452441126071355e-10],[0.0],Bool[1],[0.36],Bool[0],[0.98],[1.1452590861878878e-10],Bool[0],Bool[1],[4.5332456062694285e6],[2.4486984821147686e8],[0.04129147980349773],Bool[0],[1.14524134696906e-10],[4.563325148270851e6],[2],[1.1452465589514544e-10],Bool[1],Bool[1],[0.447381528],[0.24],Bool[1],[1.0],[0.498],[18],[1.0],[4.8170432822835725e6],[-0.006772415573521492],[0.39241460000000006],[1.145237314129106e-10],[0.2390601835856402]
"String3[""L2""]","String3[""L2""]","String3[""L1""]","String3[""L1""]","String3[""L1""]","String3[""L1""]","String7[""C1_3""]","String7[""D1_3""]","String7[""F1_2""]","String3[""L2""]","String3[""L3""]","String3[""L2""]","String3[""L1""]","String3[""L2""]","[""L0""]","[""L0""]","[""L0""]",[0.0],Bool[0],Bool[0],[0],[0.010470356050332611],[2.409795414223379e8],[0.0],[20],[1],[0.19268905284106272],[0.40708052399999994],[0.028962600610621878],[0.9844284395600663],[4.831050220269792e6],[0.88],[9],[1],[0.999365893659644],[1.1452528757399662e-10],[2.4479132432422397e8],[0.76],[0],Bool[0],[0],[4.832289854660488e6],[0.39562200000000003],[2.409795414223379e8],[9],[1.1452226149638797e-10],Bool[0],[0],[0.0],Bool[0],[1.1452353807618558e-10],[0.9993652192197247],[1.1452549156907585e-10],[1.1452392055819139e-10],Bool[0],[0.003790679028630774],Bool[0],[0.541],Bool[1],[0.541],[-0.012603785618530405],[4.827986820694541e6],[0.508],[1.1452320098422244e-10],[0.0],Bool[1],[0.4],Bool[0],[0.88],[1.1452534671839648e-10],Bool[0],Bool[1],[4.454389276595395e6],[2.4479132432422397e8],[0.011763680086368336],Bool[0],[1.145235983573603e-10],[4.460985169686848e6],[1],[1.145239556505295e-10],Bool[1],Bool[1],[0.407080524],[0.4],Bool[1],[0.9844284395600663],[0.508],[20],[1.0],[4.828799816027617e6],[-0.02999495288232511],[0.39562200000000003],[1.1452315668250618e-10],[0.13225720493039309]
"String3[""L2""]","String3[""L2""]","String3[""L1""]","String3[""L1""]","String3[""L1""]","String3[""L1""]","String7[""C1_3""]","String7[""D1_3""]","String7[""F1_2""]","String3[""L2""]","String3[""L3""]","String3[""L2""]","String3[""L1""]","String3[""L2""]","[""L0""]","[""L0""]","[""L0""]",[0.0],Bool[0],Bool[0],[0],[0.05442492356285002],[2.418668705988457e8],[0.0],[20],[1],[0.06760239432064867],[0.4422431120000001],[0.0015801041904595801],[0.9931125544531099],[4.811385630898055e6],[0.98],[7],[0],[0.9988551878067283],[1.1452266764985394e-10],[2.435442684863023e8],[0.74],[0],Bool[0],[0],[4.810010904909025e6],[0.39884860000000005],[2.418668705988457e8],[7],[1.1452531902281598e-10],Bool[0],[0],[0.0],Bool[0],[1.1452434184063284e-10],[0.9988509694851944],[1.1452343755389508e-10],[1.1452376480763287e-10],Bool[0],[0.019121027695092968],Bool[0],[0.638],Bool[1],[0.638],[0.003293369694074582],[4.805877497961271e6],[0.517],[1.1452576677361607e-10],[0.0],Bool[1],[0.4],Bool[0],[0.98],[1.1452376873946621e-10],Bool[0],Bool[1],[4.337109992683826e6],[2.435442684863023e8],[0.01911444241065541],Bool[0],[1.1452507446067789e-10],[4.337109992683826e6],[1],[1.1452353922903904e-10],Bool[1],Bool[1],[0.442243112],[0.4],Bool[1],[0.9931125544531099],[0.517],[20],[1.0],[4.803538634859586e6],[-0.032811201290118684],[0.39884860000000005],[1.1452471179211466e-10],[0.004664020583144975]
"String3[""L2""]","String3[""L2""]","String3[""L1""]","String3[""L1""]","String3[""L1""]","String3[""L1""]","String7[""C1_3""]","String7[""D1_3""]","String7[""F1_2""]","String3[""L2""]","String3[""L3""]","String3[""L2""]","String3[""L1""]","String3[""L2""]","[""L0""]","[""L0""]","[""L0""]",[0.0],Bool[0],Bool[0],[0],[-0.012989316334732916],[2.4298035338459408e8],[0.0],[20],[1],[0.011238020466256484],[0.4326860840000001],[-0.02605381454266824],[0.9929630739899993],[4.799623188516099e6],[0.96],[4],[2],[0.9985013243527971],[1.1452513244750091e-10],[2.4470230540218586e8],[0.64],[0],Bool[0],[0],[4.802028105242018e6],[0.3760792],[2.4298035338459408e8],[4],[1.1452394133319461e-10],Bool[0],[0],[0.0],Bool[0],[1.1452496424756609e-10],[0.9985047141739947],[1.1452492288539613e-10],[1.1452507558281397e-10],Bool[0],[-0.06283100363513756],Bool[0],[0.6130000000000001],Bool[1],[0.6130000000000001],[-0.03447249229792491],[4.79243011012772e6],[0.455],[1.1452289680716861e-10],[0.0],Bool[1],[0.4],Bool[0],[0.96],[1.1452484584118094e-10],Bool[0],Bool[1],[4.397314234840357e6],[2.4470230540218586e8],[-0.023309203129215902],Bool[0],[1.1452397141929989e-10],[4.47008542563825e6],[1],[1.1452467344832682e-10],Bool[1],Bool[1],[0.4326860840000001],[0.4],Bool[1],[0.9929630739899993],[0.455],[20],[1.0],[4.796470911657853e6],[-0.0455352185592255],[0.3760792],[1.1452314214653537e-10],[0.3412543525055761]
"String3[""L2""]","String3[""L2""]","String3[""L1""]","String3[""L1""]","String3[""L1""]","String3[""L1""]","String7[""C1_3""]","String7[""D1_3""]","String7[""F1_2""]","String3[""L2""]","String3[""L3""]","String3[""L2""]","String3[""L1""]","String3[""L3""]","[""L0""]","[""L0""]","[""L0""]",[-2.0],Bool[0],Bool[0],[0],[-0.024949219633134755],[2.3595766528099582e8],[0.0],[20],[1],[0.02000000000000001],[0.250366916],[0.0036096718981443294],[0.9902826502943807],[4.8194836967934705e6],[0.96],[18],[0],[0.9992513067385959],[1.145223781582077e-10],[2.3827304781200886e8],[0.76],[0],Bool[0],[0],[4.823276645760508e6],[0.41647599999999996],[2.3595766528099582e8],[18],[1.1452386500675076e-10],Bool[0],[0],[0.0],Bool[0],[1.1452354437423491e-10],[0.9992514948939075],[1.1452510816571778e-10],[1.145234865984635e-10],Bool[0],[-0.02409331941146472],Bool[0],[0.1],Bool[1],[0.1],[-0.0063079115330328915],[4.815875381826234e6],[0.567],[1.1452557932408099e-10],[-2.0],Bool[1],[0.4],Bool[0],[0.96],[1.1452417701169053e-10],Bool[0],Bool[0],[4.559776160514621e6],[2.3827304781200886e8],[-0.005898854616929366],Bool[0],[1.1452473164661062e-10],[4.559776160514621e6],[1],[1.1452285366772208e-10],Bool[0],Bool[1],[0.25036691600000005],[0.4],Bool[1],[0.9902826502943807],[0.567],[20],[1.0],[4.818854371089598e6],[-0.02038675719906135],[0.41647599999999996],[1.1452397081736145e-10],[0.04085951208715055]
"String3[""L2""]","String3[""L2""]","String3[""L1""]","String3[""L1""]","String3[""L1""]","String3[""L1""]","String7[""C1_3""]","String7[""D1_3""]","String7[""F1_2""]","String3[""L2""]","String3[""L3""]","String3[""L2""]","String3[""L1""]","String3[""L3""]","[""L0""]","[""L0""]","[""L0""]",[0.0],Bool[0],Bool[1],[2],[-0.028403300939950103],[2.418266398781417e8],[0.0],[7],[2],[0.0004271393215333952],[0.33536437999999996],[-0.015147993324587617],[1.0],[4.827676619124782e6],[0.92],[6],[0],[0.9994287129924486],[1.1452699374973803e-10],[2.440584326646129e8],[0.78],[0],Bool[0],[0],[4.826343951375233e6],[0.426794],[2.440584326646129e8],[1],[1.1452567826323926e-10],Bool[0],[0],[0.0],Bool[0],[1.1452443773051355e-10],[0.9994258199005239],[1.1452431291989819e-10],[1.1452493923127261e-10],Bool[0],[-0.04586885859678894],Bool[1],[0.3390000000000001],Bool[0],[0.3390000000000001],[-0.007201839891838367],[4.824918630195617e6],[0.595],[1.1452405783403873e-10],[0.0],Bool[1],[0.22],Bool[1],[0.92],[1.1452394495023889e-10],Bool[0],Bool[0],[4.563233967532028e6],[2.440584326646129e8],[-0.0011167445018158701],Bool[0],[1.145246825353487e-10],[4.563233967532028e6],[2],[1.1452556139202522e-10],Bool[0],Bool[1],[0.33536437999999996],[0.14],Bool[0],[0.9908554981604011],[0.595],[11],[1.0],[4.82548962801083e6],[-0.05133824474738571],[0.426794],[1.1452493852935305e-10],[0.22289302915972947]
"String3[""L2""]","String3[""L2""]","String3[""L1""]","String3[""L1""]","String3[""L1""]","String3[""L1""]","String7[""C1_3""]","String7[""D1_3""]","String7[""F1_2""]","String3[""L2""]","String3[""L3""]","String3[""L2""]","String3[""L1""]","String3[""L3""]","[""L0""]","[""L0""]","[""L0""]",[0.0],Bool[0],Bool[0],[0],[0.03321827195072579],[2.3242581739259946e8],[0.0],[20],[1],[0.014481381702033792],[0.46802496799999993],[-0.025788720434124338],[0.9758336478168012],[4.834390183502537e6],[0.96],[6],[0],[0.99918455130623],[1.1452502512821621e-10],[2.38181802720779e8],[0.64],[0],Bool[0],[0],[4.833691993723096e6],[0.41836399999999996],[2.3242581739259946e8],[6],[1.145245869199458e-10],Bool[0],[0],[0.0],Bool[0],[1.145238901291891e-10],[0.9991850537447138],[1.1452411553580443e-10],[1.1452366996382038e-10],Bool[0],[0.011201323618169584],Bool[0],[0.7110000000000001],Bool[1],[0.7110000000000001],[-0.02658679541513967],[4.830447986342225e6],[0.571],[1.1452416118140722e-10],[0.0],Bool[1],[0.4],Bool[0],[0.96],[1.1452362597629882e-10],Bool[0],Bool[0],[4.5033772555176625e6],[2.38181802720779e8],[0.029433468566530566],Bool[0],[1.1452420505191822e-10],[4.5033772555176625e6],[1],[1.1452441401916399e-10],Bool[0],Bool[1],[0.46802496800000004],[0.4],Bool[1],[0.9758336478168012],[0.571],[20],[1.0],[4.831086089337191e6],[0.015099005012021128],[0.41836399999999996],[1.145237441730264e-10],[0.038845725839530915]
"String3[""L2""]","String3[""L2""]","String3[""L1""]","String3[""L1""]","String3[""L1""]","String3[""L1""]","String7[""C1_3""]","String7[""D1_3""]","String7[""F1_2""]","String3[""L2""]","String3[""L3""]","String3[""L2""]","String3[""L1""]","String3[""L3""]","[""L0""]","[""L0""]","[""L0""]",[0.0],Bool[0],Bool[1],[0],[0.03343124806925814],[2.4185104512541157e8],[0.0],[13],[2],[0.015032395950080605],[0.4473852560000001],[-0.045487751778390054],[1.0],[4.817159167756105e6],[0.96],[2],[1],[0.9988135411222212],[1.1452513328697016e-10],[2.4299036393894857e8],[0.66],[0],Bool[0],[0],[4.814368591788447e6],[0.396942],[2.4299036393894857e8],[0],[1.1452432885023147e-10],Bool[0],[0],[0.0],Bool[0],[1.1452345398191282e-10],[0.9988155896520285],[1.1452287084068418e-10],[1.1452346090326427e-10],Bool[0],[0.010544680425150523],Bool[1],[0.654],Bool[0],[0.654],[0.001536634108313899],[4.811443806495847e6],[0.5109999999999999],[1.1452367534627336e-10],[0.0],Bool[1],[0.34],Bool[1],[0.96],[1.1452292012172716e-10],Bool[0],Bool[1],[4.581949190381231e6],[2.4299036393894857e8],[0.04135333883207265],Bool[0],[1.1452319022960966e-10],[4.611984173372497e6],[2],[1.1452424222525427e-10],Bool[1],Bool[1],[0.4473852560000001],[0.26],Bool[1],[0.9953112592817744],[0.5109999999999999],[17],[1.0],[4.806571519814761e6],[-0.0068933790807141964],[0.396942],[1.1452386460586697e-10],[0.03889541011481946]
"String3[""L2""]","String3[""L2""]","String3[""L1""]","String3[""L1""]","String3[""L1""]","String3[""L1""]","String7[""C1_3""]","String7[""D1_3""]","String7[""F1_2""]","String3[""L2""]","String3[""L3""]","String3[""L2""]","String3[""L2""]","String3[""L1""]","[""L0""]","[""L0""]","[""L0""]",[0.0],Bool[0],Bool[0],[0],[0.039984154013623534],[2.437420298945893e8],[0.0],[10],[2],[0.016155441436246813],[0.458371144],[0.004336056197805852],[1.0],[4.787271073914993e6],[1.0],[0],[0],[0.9996563062022058],[1.1452478231934395e-10],[2.437420298945893e8],[0.82],[0],Bool[0],[0],[4.786329612814246e6],[0.3785228],[2.437420298945893e8],[0],[1.1452372942535507e-10],Bool[0],[0],[0.0],Bool[1],[1.1452461936180519e-10],[0.9996554156508632],[1.1452513572430344e-10],[1.1452467543461897e-10],Bool[0],[0.027671024548545756],Bool[1],[0.6839999999999999],Bool[0],[0.6839999999999999],[0.021172589318319963],[4.785625718538528e6],[0.46],[1.1452364290702461e-10],[0.0],Bool[1],[0.4],Bool[0],[1.0],[1.1452476951944461e-10],Bool[0],Bool[0],[4.44644296777742e6],[2.437420298945893e8],[-0.009666907664846576],Bool[0],[1.1452364736788678e-10],[4.44644296777742e6],[2],[1.1452463419775134e-10],Bool[0],Bool[1],[0.458371144],[0.2],Bool[0],[1.0],[0.46],[20],[1.0],[4.783834735692563e6],[0.007486632387631545],[0.3785228],[1.1452403326223995e-10],[0.1791271009311545]
"String3[""L2""]","String3[""L2""]","String3[""L1""]","String3[""L1""]","String3[""L1""]","String3[""L1""]","String7[""C1_3""]","String7[""D1_3""]","String7[""F1_2""]","String3[""L2""]","String3[""L3""]","String3[""L2""]","String3[""L2""]","String3[""L1""]","[""L0""]","[""L0""]","[""L0""]",[0.0],Bool[0],Bool[0],[0],[-0.05856757952046267],[2.406525127549272e8],[0.0],[20],[1],[0.3225417709185143],[0.45840469999999994],[-0.02833308061447973],[0.9905517488328967],[4.831272567777154e6],[0.96],[4],[7],[0.999276392170093],[1.145238987150571e-10],[2.429479459689739e8],[0.8],[0],Bool[0],[0],[4.829376934164619e6],[0.3638162],[2.406525127549272e8],[4],[1.1452482934015494e-10],Bool[0],[0],[0.0],Bool[0],[1.1452495109031881e-10],[0.9992778857018288],[1.1452441201800182e-10],[1.1452522967915934e-10],Bool[0],[-0.0422227682791691],Bool[0],[0.684],Bool[1],[0.684],[0.03841057385818393],[4.8277766211186955e6],[0.418],[1.1452605574397575e-10],[0.0],Bool[1],[0.4],Bool[0],[0.96],[1.1452395177049192e-10],Bool[0],Bool[0],[4.516984116436247e6],[2.429479459689739e8],[-0.04705558757994214],Bool[0],[1.1452497583872184e-10],[4.584321824757934e6],[1],[1.1452411839421914e-10],Bool[0],Bool[1],[0.45840470000000005],[0.4],Bool[1],[0.9905517488328967],[0.418],[20],[1.0],[4.821942706882821e6],[0.003959825771331973],[0.3638162],[1.145239828858671e-10],[0.2790500832180489]
"String3[""L2""]","String3[""L2""]","String3[""L1""]","String3[""L1""]","String3[""L1""]","String3[""L1""]","String7[""C1_3""]","String7[""D1_3""]","String7[""F1_2""]","String3[""L2""]","String3[""L3""]","String3[""L2""]","String3[""L2""]","String3[""L1""]","[""L0""]","[""L0""]","[""L0""]",[0.0],Bool[0],Bool[0],[0],[-0.016799666315149276],[2.4251038634247234e8],[0.0],[11],[2],[0.004864220389743876],[0.44170575600000006],[0.008194697852474214],[0.993052158917287],[4.79195946796224e6],[0.96],[1],[2],[0.9992534042870872],[1.1452420098891006e-10],[2.430725382923677e8],[0.74],[0],Bool[0],[0],[4.794685679747049e6],[0.38130339999999996],[2.4138370892474067e8],[3],[1.1452277728292554e-10],Bool[0],[0],[0.0],Bool[0],[1.1452557680796347e-10],[0.9992517959777981],[1.1452429337695598e-10],[1.1452461489142496e-10],Bool[0],[0.06407570367589711],Bool[0],[0.6380000000000001],Bool[0],[0.6380000000000001],[0.1566052706976952],[4.788381811567008e6],[0.46599999999999997],[1.145247335356583e-10],[0.0],Bool[1],[0.34],Bool[0],[0.96],[1.1452307147946573e-10],Bool[0],Bool[0],[4.482459855280847e6],[2.430725382923677e8],[0.04236746170176295],Bool[0],[1.1452499532674221e-10],[4.4593328128418885e6],[2],[1.1452436427380293e-10],Bool[0],Bool[1],[0.44170575600000006],[0.22],Bool[0],[0.9976873078553234],[0.46599999999999997],[17],[1.0],[4.789305561063422e6],[-0.04425341938905171],[0.3813034],[1.1452352232976534e-10],[0.24194921086872756]
"String3[""L2""]","String3[""L2""]","String3[""L1""]","String3[""L1""]","String3[""L1""]","String3[""L1""]","String7[""C1_3""]","String7[""D1_3""]","String7[""F1_2""]","String3[""L2""]","String3[""L3""]","String3[""L2""]","String3[""L2""]","String3[""L1""]","[""L0""]","[""L0""]","[""L0""]",[0.0],Bool[0],Bool[0],[0],[0.01044933669094597],[2.4335399677093828e8],[0.0],[14],[2],[0.004840378497597057],[0.4386000240000001],[0.019702017269696528],[0.9955527940238823],[4.784841788928684e6],[0.98],[0],[3],[0.9991072566021896],[1.1452401922863385e-10],[2.4335399677093828e8],[0.76],[0],Bool[0],[0],[4.778210760289414e6],[0.3671254],[2.4227175142218643e8],[2],[1.145232167536666e-10],Bool[0],[0],[0.0],Bool[1],[1.1452507734801057e-10],[0.9991041898409756],[1.1452431837499725e-10],[1.1452539254266294e-10],Bool[0],[0.021320367354693358],Bool[0],[0.629],Bool[0],[0.629],[0.025275973594611645],[4.78057015301205e6],[0.42800000000000005],[1.1452336742712681e-10],[0.0],Bool[1],[0.38],Bool[0],[0.98],[1.1452344875894171e-10],Bool[0],Bool[1],[4.525680466415696e6],[2.4335399677093828e8],[0.008400496147223466],Bool[0],[1.1452310707219714e-10],[4.563702185599126e6],[2],[1.1452410030900292e-10],Bool[1],Bool[1],[0.4386000240000001],[0.28],Bool[1],[1.0],[0.42800000000000005],[19],[1.0],[4.774903020962983e6],[-0.015009580817436818],[0.3671254],[1.1452407193141058e-10],[0.2941073090965269]
"String3[""L2""]","String3[""L2""]","String3[""L1""]","String3[""L1""]","String3[""L1""]","String3[""L1""]","String7[""C1_3""]","String7[""D1_3""]","String7[""F1_2""]","String3[""L2""]","String3[""L3""]","String3[""L2""]","String3[""L2""]","String3[""L2""]","[""L0""]","[""L0""]","[""L0""]",[0.0],Bool[0],Bool[0],[0],[-0.009176738863461278],[2.438556985093814e8],[0.0],[15],[2],[0.010104706230267163],[0.44547076799999996],[-0.017035716022327316],[0.9981113384244324],[4.815041423216014e6],[0.98],[1],[1],[0.9991720763975842],[1.1452524024371363e-10],[2.4431713088674012e8],[0.74],[0],Bool[0],[0],[4.819986618737779e6],[0.3905082],[2.438556985093814e8],[1],[1.1452445151173831e-10],Bool[0],[0],[0.0],Bool[0],[1.1452543652755332e-10],[0.9991708612250219],[1.1452371281398486e-10],[1.1452511412457366e-10],Bool[0],[-0.019728979527314894],Bool[0],[0.648],Bool[0],[0.648],[-0.03423271384574155],[4.811054936775124e6],[0.493],[1.1452430105779666e-10],[0.0],Bool[1],[0.4],Bool[0],[0.98],[1.1452367060880022e-10],Bool[0],Bool[1],[4.565599956415541e6],[2.4431713088674012e8],[-0.009331758788180738],Bool[0],[1.14524724899553e-10],[4.502762984355942e6],[2],[1.145256353289186e-10],Bool[1],Bool[1],[0.445470768],[0.3],Bool[0],[0.9981113384244324],[0.493],[20],[1.0],[4.818160833027091e6],[0.02717732714803517],[0.3905082],[1.1452516679480984e-10],[0.18502374195762014]
"String3[""L2""]","String3[""L2""]","String3[""L1""]","String3[""L1""]","String3[""L1""]","String3[""L1""]","String7[""C1_3""]","String7[""D1_3""]","String7[""F1_2""]","String3[""L2""]","String3[""L3""]","String3[""L2""]","String3[""L2""]","String3[""L2""]","[""L0""]","[""L0""]","[""L0""]",[0.0],Bool[0],Bool[1],[0],[0.0659665090912304],[2.409336085483204e8],[0.0],[20],[1],[0.07859359574669822],[0.382760408],[-0.004641306984352113],[0.9853735266960307],[4.817366760076668e6],[0.98],[8],[0],[0.9993789658260318],[1.1452280394209458e-10],[2.445099264602467e8],[0.88],[0],Bool[0],[0],[4.817815793157902e6],[0.4006922],[2.409336085483204e8],[8],[1.1452432659462138e-10],Bool[0],[0],[0.0],Bool[0],[1.1452334950844613e-10],[0.9993798227739221],[1.1452554372619678e-10],[1.1452424109056704e-10],Bool[0],[0.01648206858682382],Bool[0],[0.47200000000000003],Bool[1],[0.47200000000000003],[0.005718526606733515],[4.814375010690122e6],[0.522],[1.1452263436489353e-10],[0.0],Bool[1],[0.4],Bool[1],[0.98],[1.1452501275592033e-10],Bool[0],Bool[0],[4.4999514760853425e6],[2.445099264602467e8],[-0.018176196852576588],Bool[0],[1.1452323951716951e-10],[4.4999514760853425e6],[1],[1.1452303631400613e-10],Bool[0],Bool[1],[0.382760408],[0.4],Bool[1],[0.9853735266960307],[0.522],[20],[1.0],[4.810985983445371e6],[-0.012099611959352313],[0.4006922],[1.1452409758119735e-10],[0.21399113540518447]
"String3[""L2""]","String3[""L2""]","String3[""L1""]","String3[""L1""]","String3[""L1""]","String3[""L1""]","String7[""C1_3""]","String7[""D1_3""]","String7[""F1_2""]","String3[""L2""]","String3[""L3""]","String3[""L2""]","String3[""L2""]","String3[""L2""]","[""L0""]","[""L0""]","[""L0""]",[0.0],Bool[0],Bool[0],[0],[-0.004484746098283061],[2.4367728629044473e8],[0.0],[11],[2],[0.01107696492727137],[0.43051532400000003],[-0.007458615922680587],[1.0],[4.8120228154068e6],[0.96],[0],[0],[0.9987285752821591],[1.1452213803978718e-10],[2.4367728629044473e8],[0.72],[0],Bool[0],[0],[4.813696842489756e6],[0.39552040000000005],[2.4367728629044473e8],[0],[1.1452423918731133e-10],Bool[0],[0],[0.0],Bool[1],[1.1452273580727683e-10],[0.9987333199192996],[1.145220726687202e-10],[1.1452318742906177e-10],Bool[0],[0.05542874721577758],Bool[1],[0.6070000000000001],Bool[0],[0.6070000000000001],[0.03171673833100724],[4.805904690656478e6],[0.507],[1.1452364882119327e-10],[0.0],Bool[1],[0.34],Bool[0],[0.96],[1.1452334821017224e-10],Bool[0],Bool[0],[4.479605405331742e6],[2.4367728629044473e8],[0.11366561412778065],Bool[0],[1.1452439669958476e-10],[4.479605405331742e6],[2],[1.1452301118159702e-10],Bool[0],Bool[1],[0.4305153239999999],[0.22],Bool[1],[1.0],[0.507],[17],[1.0],[4.804873357114725e6],[-0.012378914138753144],[0.3955204],[1.1452349477640082e-10],[0.18277740328607364]
"String3[""L2""]","String3[""L2""]","String3[""L1""]","String3[""L1""]","String3[""L1""]","String3[""L1""]","String7[""C1_3""]","String7[""D1_3""]","String7[""F1_2""]","String3[""L2""]","String3[""L3""]","String3[""L2""]","String3[""L2""]","String3[""L2""]","[""L0""]","[""L0""]","[""L0""]",[0.0],Bool[0],Bool[0],[0],[0.019508989692239853],[2.434163153149021e8],[0.0],[12],[2],[0.00960645782794054],[0.442947032],[0.039521979398558144],[0.993910160773725],[4.837103939294628e6],[0.92],[1],[2],[0.9983084980721094],[1.1452529359875226e-10],[2.4391453702960157e8],[0.6],[0],Bool[0],[0],[4.84177189861893e6],[0.3971469999999999],[2.4242913671414e8],[3],[1.145240049796904e-10],Bool[0],[0],[0.0],Bool[0],[1.1452226786352701e-10],[0.9983073339146178],[1.1452320505347922e-10],[1.1452224522534477e-10],Bool[0],[0.03332323599543898],Bool[0],[0.641],Bool[0],[0.641],[0.010069602988907833],[4.828921968655904e6],[0.512],[1.1452399923694482e-10],[0.0],Bool[1],[0.4],Bool[0],[0.92],[1.1452420981533614e-10],Bool[0],Bool[0],[4.44619500840031e6],[2.4391453702960157e8],[0.00870793250838114],Bool[0],[1.145242226833689e-10],[4.472600843855516e6],[2],[1.1452590485067262e-10],Bool[0],Bool[1],[0.4429470320000001],[0.24],Bool[1],[0.997957392286795],[0.512],[20],[1.0],[4.83021580566819e6],[-0.005080990844311989],[0.3971469999999999],[1.1452422378046429e-10],[0.15328080125051538]
"String3[""L2""]","String3[""L2""]","String3[""L1""]","String3[""L1""]","String3[""L1""]","String3[""L1""]","String7[""C1_3""]","String7[""D1_3""]","String7[""F1_2""]","String3[""L2""]","String3[""L3""]","String3[""L2""]","String3[""L2""]","String3[""L3""]","[""L0""]","[""L0""]","[""L0""]",[0.0],Bool[0],Bool[0],[0],[0.0012178731244218712],[2.4142282574415356e8],[0.0],[20],[1],[0.7719331004998493],[0.38684453599999996],[0.21621629633383438],[0.9843156280815358],[4.833441207500399e6],[0.96],[10],[1],[0.9989268526982075],[1.1452537299471949e-10],[2.4526972736854208e8],[0.68],[0],Bool[0],[0],[4.832336417186182e6],[0.4092588000000001],[2.4142282574415356e8],[10],[1.1452428368929525e-10],Bool[0],[0],[0.0],Bool[0],[1.1452294293536471e-10],[0.9989250680572807],[1.145243654856438e-10],[1.1452331576764575e-10],Bool[0],[0.08643796432589876],Bool[0],[0.484],Bool[1],[0.484],[0.012814869826036614],[4.828254213110197e6],[0.547],[1.1452494936060692e-10],[0.0],Bool[1],[0.4],Bool[0],[0.96],[1.145247810416241e-10],Bool[0],Bool[0],[4.573768418061806e6],[2.4526972736854208e8],[-0.013714828355576074],Bool[0],[1.1452341477870956e-10],[4.603293856587419e6],[1],[1.1452510292520602e-10],Bool[0],Bool[1],[0.386844536],[0.4],Bool[1],[0.9843156280815358],[0.547],[20],[1.0],[4.827265869620138e6],[-0.01733020287600324],[0.4092588000000001],[1.1452445439649227e-10],[0.07080045819060776]
"String3[""L2""]","String3[""L2""]","String3[""L1""]","String3[""L1""]","String3[""L1""]","String3[""L1""]","String7[""C1_3""]","String7[""D1_3""]","String7[""F1_2""]","String3[""L2""]","String3[""L3""]","String3[""L2""]","String3[""L2""]","String3[""L3""]","[""L0""]","[""L0""]","[""L0""]",[0.0],Bool[0],Bool[0],[0],[0.007804937486856993],[2.4254320276654428e8],[0.0],[20],[1],[0.18077823214168515],[0.436325072],[-0.0297864202797163],[0.9911855478052223],[4.830074002715081e6],[0.94],[5],[0],[0.9994001740397749],[1.1452342743155658e-10],[2.4470010010094136e8],[0.78],[0],Bool[0],[0],[4.830826233397413e6],[0.42321200000000003],[2.4254320276654428e8],[5],[1.1452302718938213e-10],Bool[0],[0],[0.0],Bool[0],[1.145239374470989e-10],[0.9994013465740857],[1.1452372984372812e-10],[1.1452449727595633e-10],Bool[0],[-0.009911618225677597],Bool[0],[0.623],Bool[1],[0.623],[0.02166022378653942],[4.827176798938444e6],[0.585],[1.1452410408716515e-10],[0.0],Bool[1],[0.4],Bool[0],[0.94],[1.1452439510370709e-10],Bool[0],Bool[1],[4.521287549817253e6],[2.4470010010094136e8],[-0.0130500652458366],Bool[0],[1.1452425153759949e-10],[4.521287549817253e6],[1],[1.1452367829437707e-10],Bool[1],Bool[1],[0.436325072],[0.4],Bool[1],[0.9911855478052223],[0.585],[20],[1.0],[4.828193449114084e6],[-0.009180321460101335],[0.42321200000000003],[1.1452348755425424e-10],[0.11549592283712877]
"String3[""L2""]","String3[""L2""]","String3[""L1""]","String3[""L1""]","String3[""L1""]","String3[""L1""]","String7[""C1_3""]","String7[""D1_3""]","String7[""F1_2""]","String3[""L2""]","String3[""L3""]","String3[""L2""]","String3[""L2""]","String3[""L3""]","[""L0""]","[""L0""]","[""L0""]",[0.0],Bool[0],Bool[0],[0],[0.0033441805619133023],[2.414727090677479e8],[0.0],[20],[1],[0.04448354499464336],[0.4450833719999999],[-0.02714581570292291],[0.9885706908655114],[4.826042741509183e6],[0.98],[6],[0],[0.9986537130286699],[1.1452496447720735e-10],[2.4426448335862982e8],[0.62],[0],Bool[0],[0],[4.829607725832988e6],[0.40934660000000006],[2.414727090677479e8],[6],[1.1452380761391902e-10],Bool[0],[0],[0.0],Bool[0],[1.1452304245139638e-10],[0.9986517087100324],[1.1452468806561454e-10],[1.1452379794818723e-10],Bool[0],[-0.03327635385209805],Bool[0],[0.647],Bool[0],[0.647],[-0.003250110291908143],[4.819545503043207e6],[0.547],[1.1452296271134647e-10],[0.0],Bool[1],[0.4],Bool[0],[0.98],[1.1452478678494991e-10],Bool[0],Bool[0],[4.448539062672559e6],[2.4426448335862982e8],[-0.023163148360643038],Bool[0],[1.1452358897301174e-10],[4.448539062672559e6],[1],[1.1452452426126193e-10],Bool[0],Bool[1],[0.44508337200000003],[0.4],Bool[1],[0.9885706908655114],[0.547],[20],[1.0],[4.825851401646452e6],[-0.02334929232076698],[0.4093466],[1.1452441648122067e-10],[0.18232903751185656]
"String3[""L2""]","String3[""L2""]","String3[""L1""]","String3[""L1""]","String3[""L1""]","String3[""L1""]","String7[""C1_3""]","String7[""D1_3""]","String7[""F1_2""]","String3[""L2""]","String3[""L3""]","String3[""L2""]","String3[""L2""]","String3[""L3""]","[""L0""]","[""L0""]","[""L0""]",[0.0],Bool[0],Bool[0],[0],[0.0512375993730043],[2.4235040796973538e8],[0.0],[20],[1],[0.0841313634314375],[0.472033452],[0.021193369050381168],[0.9909601998148467],[4.836097865594474e6],[0.94],[5],[0],[0.9998670243080248],[1.145235035292891e-10],[2.4456119228099847e8],[0.86],[0],Bool[0],[0],[4.836817485624012e6],[0.421036],[2.4235040796973538e8],[5],[1.1452541558883125e-10],Bool[0],[0],[0.0],Bool[0],[1.1452363585043842e-10],[0.9998667876506931],[1.1452379426566578e-10],[1.1452326015255872e-10],Bool[0],[0.05037945414297194],Bool[0],[0.723],Bool[1],[0.723],[-0.013072889596566882],[4.835454782134336e6],[0.579],[1.1452550499904671e-10],[0.0],Bool[1],[0.4],Bool[0],[0.94],[1.1452354999930991e-10],Bool[0],Bool[0],[4.582464308686132e6],[2.4456119228099847e8],[-0.039384746989344556],Bool[0],[1.1452474573386298e-10],[4.582464308686132e6],[1],[1.1452407544853675e-10],Bool[0],Bool[1],[0.472033452],[0.4],Bool[1],[0.9909601998148467],[0.579],[20],[1.0],[4.836817485624012e6],[0.09238095728653031],[0.421036],[1.1452525808860904e-10],[0.19633881262755973]
"String3[""L2""]","String3[""L2""]","String3[""L1""]","String3[""L1""]","String3[""L1""]","String3[""L1""]","String7[""C1_3""]","String7[""D1_3""]","String7[""F1_2""]","String3[""L2""]","String3[""L3""]","String3[""L2""]","String3[""L3""]","String3[""L1""]","[""L0""]","[""L0""]","[""L0""]",[0.0],Bool[0],Bool[0],[0],[-0.011387720941210556],[2.4190844552825844e8],[0.0],[20],[1],[0.28829991467409244],[0.3783757479999999],[0.1305634156544528],[0.9852113838935513],[4.813328812182796e6],[0.98],[10],[6],[0.999474252052557],[1.1452320277149627e-10],[2.4553963695814928e8],[0.76],[0],Bool[0],[0],[4.813316502508596e6],[0.3620533999999999],[2.4190844552825844e8],[10],[1.1452267918961276e-10],Bool[0],[0],[0.0],Bool[0],[1.1452630780571852e-10],[0.9994717880611921],[1.1452377409011978e-10],[1.1452433921475599e-10],Bool[0],[0.08864450097353936],Bool[0],[0.45999999999999996],Bool[1],[0.45999999999999996],[0.030435041850124727],[4.810798214439423e6],[0.41400000000000003],[1.1452308397538975e-10],[0.0],Bool[1],[0.4],Bool[0],[0.98],[1.1452427501121931e-10],Bool[0],Bool[0],[4.550195769195301e6],[2.4553963695814928e8],[0.06590608950745938],Bool[0],[1.1452317701171374e-10],[4.646514712419637e6],[1],[1.1452316205976607e-10],Bool[0],Bool[1],[0.37837574799999996],[0.4],Bool[1],[0.9852113838935513],[0.41400000000000003],[20],[1.0],[4.81003907816756e6],[-0.007237777257783019],[0.3620534000000001],[1.1452273108399717e-10],[0.18848605919802133]
"String3[""L2""]","String3[""L2""]","String3[""L1""]","String3[""L1""]","String3[""L1""]","String3[""L1""]","String7[""C1_3""]","String7[""D1_3""]","String7[""F1_2""]","String3[""L2""]","String3[""L3""]","String3[""L2""]","String3[""L3""]","String3[""L1""]","[""L0""]","[""L0""]","[""L0""]",[0.0],Bool[0],Bool[0],[0],[-0.015625676774376606],[2.4419124072091135e8],[0.0],[15],[2],[0.2072545178721006],[0.45398228399999996],[0.15374175967742396],[1.0],[4.843571999480571e6],[1.0],[1],[8],[0.9992667067564702],[1.1452390603889827e-10],[2.446289341712934e8],[0.74],[0],Bool[0],[0],[4.839451987096028e6],[0.35113099999999997],[2.446289341712934e8],[0],[1.1452196734878403e-10],Bool[0],[0],[0.0],Bool[0],[1.145255548068291e-10],[0.9992654013759399],[1.1452465322402134e-10],[1.1452603434370641e-10],Bool[0],[0.08429131826745197],Bool[1],[0.672],Bool[0],[0.672],[0.042558053921508396],[4.840020240858802e6],[0.382],[1.1452438047284581e-10],[0.0],Bool[1],[0.36],Bool[0],[1.0],[1.1452405980696183e-10],Bool[0],Bool[0],[4.47404856412252e6],[2.446289341712934e8],[0.03984412840495298],Bool[0],[1.1452401461826736e-10],[4.536212708558974e6],[2],[1.1452397074559306e-10],Bool[0],Bool[1],[0.45398228399999996],[0.3],Bool[1],[0.998210786259341],[0.382],[18],[1.0],[4.837351042865984e6],[-0.017493228581617667],[0.351131],[1.1452235828591586e-10],[0.28176507241317195]
"String3[""L2""]","String3[""L2""]","String3[""L1""]","String3[""L1""]","String3[""L1""]","String3[""L1""]","String7[""C1_3""]","String7[""D1_3""]","String7[""F1_2""]","String3[""L2""]","String3[""L3""]","String3[""L2""]","String3[""L3""]","String3[""L1""]","[""L0""]","[""L0""]","[""L0""]",[2.0],Bool[0],Bool[0],[0],[-0.03921483992789463],[2.401004990378183e8],[0.0],[20],[1],[0.8424291777946761],[0.3007981999999999],[0.025773664695277053],[0.97786162396529],[4.788214498667289e6],[0.94],[15],[3],[0.9994411798915459],[1.1452333637236476e-10],[2.4553627338824874e8],[0.8],[0],Bool[0],[0],[4.791731399300326e6],[0.3822336],[2.401004990378183e8],[15],[1.1452522345863518e-10],Bool[0],[0],[0.0],Bool[0],[1.1452305197129806e-10],[0.9994409025134479],[1.1452573624023952e-10],[1.1452298481707655e-10],Bool[0],[-0.010309957529135137],Bool[0],[0.242],Bool[1],[0.242],[0.011326433315982013],[4.785538748121842e6],[0.47100000000000003],[1.1452417795805614e-10],[2.0],Bool[1],[0.4],Bool[0],[0.94],[1.1452455259434587e-10],Bool[0],Bool[0],[4.504674729174161e6],[2.4553627338824874e8],[-0.001993304577184558],Bool[0],[1.1452445562772916e-10],[4.582265291202206e6],[1],[1.1452360482128085e-10],Bool[0],Bool[1],[0.30079819999999996],[0.4],Bool[1],[0.97786162396529],[0.47100000000000003],[20],[1.0],[4.789895183841476e6],[-0.018047692354754608],[0.3822336],[1.145254888768607e-10],[0.29250895865938875]
"String3[""L2""]","String3[""L2""]","String3[""L1""]","String3[""L1""]","String3[""L1""]","String3[""L1""]","String7[""C1_3""]","String7[""D1_3""]","String7[""F1_2""]","String3[""L2""]","String3[""L3""]","String3[""L2""]","String3[""L3""]","String3[""L1""]","[""L0""]","[""L0""]","[""L0""]",[0.0],Bool[0],Bool[0],[0],[-0.026754612789360907],[2.4409321808187234e8],[0.0],[13],[2],[0.14259164714748776],[0.44195578399999996],[0.00530605175782731],[0.9981890103579072],[4.799852774840198e6],[0.9795918367346939],[1],[2],[0.9992503534068374],[1.1452343300611353e-10],[2.445360703724349e8],[0.68],[1],Bool[0],[1],[4.801535182501495e6],[0.37351219999999996],[2.4409321808187234e8],[1],[1.1452410335100126e-10],Bool[0],[0],[0.0],Bool[0],[1.1452399002171364e-10],[0.9992498185174756],[1.1452398585049374e-10],[1.1452412225375958e-10],Bool[0],[0.0001593910043089913],Bool[0],[0.639],Bool[0],[0.639],[-0.0017383863671698553],[4.796254581559857e6],[0.445],[1.145239481197091e-10],[0.0],Bool[1],[0.38],Bool[0],[0.98],[1.1452483685126528e-10],Bool[0],Bool[0],[4.511151699065256e6],[2.445360703724349e8],[-0.0011028072119632472],Bool[0],[1.1452394280504895e-10],[4.538475879743753e6],[2],[1.145233182670411e-10],Bool[0],Bool[1],[0.4419557840000001],[0.26],Bool[1],[0.9981890103579072],[0.445],[19],[1.0],[4.800728611993646e6],[0.024654819488215084],[0.37351219999999996],[1.1452431663123232e-10],[0.25722114018874886]
"String3[""L2""]","String3[""L2""]","String3[""L1""]","String3[""L1""]","String3[""L1""]","String3[""L1""]","String7[""C1_3""]","String7[""D1_3""]","String7[""F1_2""]","String3[""L2""]","String3[""L3""]","String3[""L2""]","String3[""L3""]","String3[""L2""]","[""L0""]","[""L0""]","[""L0""]",[0.0],Bool[0],Bool[0],[0],[-0.003768448768438813],[2.4365820297206765e8],[0.0],[11],[2],[0.09881528573032686],[0.46739075999999996],[-0.04979281911432001],[0.996381540687894],[4.818930891506399e6],[0.96],[2],[0],[0.9991159317780673],[1.1452303576275432e-10],[2.4454307212862247e8],[0.82],[0],Bool[0],[0],[4.820325497881159e6],[0.39864879999999997],[2.4365820297206765e8],[2],[1.1452335793333048e-10],Bool[0],[0],[0.0],Bool[0],[1.145224602793674e-10],[0.9991141859655045],[1.145256446390637e-10],[1.145236814007593e-10],Bool[0],[-0.05369419522735779],Bool[0],[0.71],Bool[0],[0.71],[-0.08477681316438918],[4.8146706278415285e6],[0.517],[1.1452477561288557e-10],[0.0],Bool[1],[0.38],Bool[0],[0.96],[1.1452502185758866e-10],Bool[0],Bool[0],[4.519071581284465e6],[2.4454307212862247e8],[-0.014404015462101964],Bool[0],[1.1452460493508992e-10],[4.519071581284465e6],[2],[1.1452296843828016e-10],Bool[0],Bool[1],[0.46739076000000007],[0.22],Bool[0],[0.996381540687894],[0.517],[19],[1.0],[4.819318676473961e6],[0.03240372487733622],[0.39864879999999997],[1.1452377441868674e-10],[0.19410606733433142]
"String3[""L2""]","String3[""L2""]","String3[""L1""]","String3[""L1""]","String3[""L1""]","String3[""L1""]","String7[""C1_3""]","String7[""D1_3""]","String7[""F1_2""]","String3[""L2""]","String3[""L3""]","String3[""L2""]","String3[""L3""]","String3[""L2""]","[""L0""]","[""L0""]","[""L0""]",[0.0],Bool[0],Bool[0],[0],[-0.02557055558092774],[2.4405608881948656e8],[0.0],[20],[1],[0.16682362201320303],[0.47695908800000003],[0.010915178887138255],[0.9952470730840673],[4.8073843355901325e6],[0.9],[3],[0],[0.9992325077302527],[1.1452404131727214e-10],[2.4522160920625126e8],[0.74],[0],Bool[0],[0],[4.81269055498294e6],[0.40006359999999996],[2.4405608881948656e8],[3],[1.1452336575701369e-10],Bool[0],[0],[0.0],Bool[0],[1.1452472713813102e-10],[0.9992299407657939],[1.1452600461043715e-10],[1.1452477751506374e-10],Bool[0],[-0.03138354469707129],Bool[0],[0.737],Bool[1],[0.737],[-0.024402435310033804],[4.803694705274863e6],[0.52],[1.1452419018594564e-10],[0.0],Bool[1],[0.4],Bool[0],[0.9],[1.1452514065979357e-10],Bool[0],Bool[0],[4.520737241818648e6],[2.4522160920625126e8],[-0.014082495631401648],Bool[0],[1.1452439585753371e-10],[4.520737241818648e6],[1],[1.1452402735938625e-10],Bool[0],Bool[1],[0.476959088],[0.4],Bool[1],[0.9952470730840673],[0.52],[20],[1.0],[4.809894209193778e6],[-0.016975230921760624],[0.4000636],[1.1452332697730964e-10],[0.2452611625186507]
"String3[""L2""]","String3[""L2""]","String3[""L1""]","String3[""L1""]","String3[""L1""]","String3[""L1""]","String7[""C1_3""]","String7[""D1_3""]","String7[""F1_2""]","String3[""L2""]","String3[""L3""]","String3[""L2""]","String3[""L3""]","String3[""L2""]","[""L0""]","[""L0""]","[""L0""]",[0.0],Bool[0],Bool[0],[0],[-0.007970582882269303],[2.4366869672486535e8],[0.0],[10],[3],[0.010843369218098226],[0.433875616],[-0.0054469650249179425],[0.9978919945631434],[4.807542413752027e6],[0.94],[0],[2],[0.9992221966367858],[1.1452552430315369e-10],[2.4366869672486535e8],[0.78],[0],Bool[0],[0],[4.807419376702034e6],[0.3974364000000001],[2.4315504178737757e8],[1],[1.1452561713331929e-10],Bool[0],[0],[0.0],Bool[1],[1.14523782592797e-10],[0.9992199398868322],[1.1452359803638321e-10],[1.1452438470004659e-10],Bool[0],[-0.03561708663629877],Bool[0],[0.616],Bool[0],[0.616],[-0.005991849269118662],[4.803803091093816e6],[0.513],[1.1452249719906721e-10],[0.0],Bool[1],[0.28],Bool[0],[0.94],[1.1452287117351505e-10],Bool[0],Bool[0],[4.58400393719553e6],[2.4366869672486535e8],[-0.018739382472239222],Bool[0],[1.1452349965971938e-10],[4.56122864583822e6],[3],[1.1452493501065996e-10],Bool[0],Bool[1],[0.433875616],[0.2],Bool[1],[1.0],[0.513],[14],[1.0],[4.806204909426419e6],[-0.04660226387808067],[0.39743639999999997],[1.1452530207277037e-10],[0.14690833419517083]
"String3[""L2""]","String3[""L2""]","String3[""L1""]","String3[""L1""]","String3[""L1""]","String3[""L1""]","String7[""C1_3""]","String7[""D1_3""]","String7[""F1_2""]","String3[""L2""]","String3[""L3""]","String3[""L2""]","String3[""L3""]","String3[""L2""]","[""L0""]","[""L0""]","[""L0""]",[0.0],Bool[0],Bool[0],[2],[-0.029145945431523355],[2.4504609197386378e8],[0.0],[6],[2],[0.10066244204318898],[0.40799913200000004],[0.03905374749976498],[1.0],[4.824524606979149e6],[0.92],[0],[0],[0.9989247744368851],[1.1452355779811546e-10],[2.4504609197386378e8],[0.7],[0],Bool[0],[0],[4.823372401728919e6],[0.40512659999999995],[2.4504609197386378e8],[0],[1.1452507781512551e-10],Bool[0],[0],[0.0],Bool[1],[1.1452515999920091e-10],[0.9989266233538692],[1.1452425470110734e-10],[1.1452491576730948e-10],Bool[0],[0.04874490626034366],Bool[1],[0.543],Bool[0],[0.543],[0.05953600430097881],[4.819337154791849e6],[0.535],[1.1452283449652372e-10],[0.0],Bool[1],[0.4],Bool[0],[0.92],[1.1452382810225847e-10],Bool[0],Bool[0],[4.467010588968271e6],[2.4504609197386378e8],[0.06517068536833615],Bool[0],[1.1452285173241892e-10],[4.467010588968271e6],[2],[1.1452422313222859e-10],Bool[0],Bool[1],[0.40799913200000004],[0.12],Bool[0],[1.0],[0.535],[20],[1.0],[4.822683732923155e6],[-0.027040552544174305],[0.40512659999999995],[1.145243524709845e-10],[0.2775272285019976]
"String3[""L2""]","String3[""L2""]","String3[""L1""]","String3[""L1""]","String3[""L1""]","String3[""L1""]","String7[""C1_3""]","String7[""D1_3""]","String7[""F1_2""]","String3[""L2""]","String3[""L3""]","String3[""L2""]","String3[""L3""]","String3[""L3""]","[""L0""]","[""L0""]","[""L0""]",[0.0],Bool[0],Bool[0],[0],[0.03470914371162792],[2.4275129936153087e8],[0.0],[13],[2],[0.01435806003609124],[0.418547692],[-0.00026670170516630094],[0.9927260866214548],[4.822610128746749e6],[0.96],[4],[1],[0.9992078639418395],[1.1452256371532488e-10],[2.44529989322318e8],[0.74],[0],Bool[0],[0],[4.823547790723642e6],[0.41236960000000006],[2.4275129936153087e8],[4],[1.1452525640079898e-10],Bool[0],[0],[0.0],Bool[0],[1.1452248712658252e-10],[0.9992056525708765],[1.1452331402952457e-10],[1.1452236884840204e-10],Bool[0],[0.004738211928863842],Bool[0],[0.5730000000000001],Bool[0],[0.5730000000000001],[-0.020484119463665157],[4.818789965369319e6],[0.556],[1.1452402944399031e-10],[0.0],Bool[1],[0.38],Bool[0],[0.96],[1.1452399975476132e-10],Bool[0],Bool[0],[4.5344726472794e6],[2.44529989322318e8],[0.014448979092064551],Bool[0],[1.1452372803447658e-10],[4.4682105181058515e6],[2],[1.1452269505753558e-10],Bool[0],Bool[1],[0.41854769199999997],[0.26],Bool[0],[0.9927260866214548],[0.556],[19],[1.0],[4.820867764899438e6],[-0.017978870246153522],[0.41236960000000006],[1.1452519679654392e-10],[0.2512891439915382]
"String3[""L2""]","String3[""L2""]","String3[""L1""]","String3[""L1""]","String3[""L1""]","String3[""L1""]","String7[""C1_3""]","String7[""D1_3""]","String7[""F1_2""]","String3[""L2""]","String3[""L3""]","String3[""L2""]","String3[""L3""]","String3[""L3""]","[""L0""]","[""L0""]","[""L0""]",[-2.0],Bool[0],Bool[0],[0],[-0.04752793242046125],[2.39349090305018e8],[0.0],[20],[1],[0.49213954236127216],[0.414700072],[-0.026207408717340685],[0.9785379489988754],[4.831254015727223e6],[0.92],[12],[1],[0.998796190995423],[1.1452379244399586e-10],[2.4459867964230898e8],[0.66],[0],Bool[0],[0],[4.83314328123999e6],[0.41603700000000005],[2.39349090305018e8],[12],[1.1452306866830553e-10],Bool[0],[0],[0.0],Bool[0],[1.1452388539201653e-10],[0.9987934945015593],[1.1452595192620183e-10],[1.1452447991992333e-10],Bool[0],[-0.013347870666958826],Bool[0],[0.562],Bool[1],[0.562],[0.04896732322492694],[4.825438108639692e6],[0.565],[1.1452550048392163e-10],[-2.0],Bool[1],[0.4],Bool[0],[0.92],[1.1452602702934649e-10],Bool[0],Bool[0],[4.569449224345675e6],[2.4459867964230898e8],[-0.014820855834724261],Bool[0],[1.1452523011723165e-10],[4.527699850072114e6],[1],[1.1452443135341493e-10],Bool[0],Bool[1],[0.41470007200000003],[0.4],Bool[1],[0.9785379489988754],[0.565],[20],[1.0],[4.825037723350048e6],[0.009539498586535322],[0.41603700000000005],[1.1452313309380504e-10],[0.1638995960946823]
"String3[""L2""]","String3[""L2""]","String3[""L1""]","String3[""L1""]","String3[""L1""]","String3[""L1""]","String7[""C1_3""]","String7[""D1_3""]","String7[""F1_2""]","String3[""L2""]","String3[""L3""]","String3[""L2""]","String3[""L3""]","String3[""L3""]","[""L0""]","[""L0""]","[""L0""]",[0.0],Bool[0],Bool[0],[0],[-0.01714134699536629],[2.4429990700650105e8],[0.0],[10],[3],[0.01800660723179133],[0.44992602],[0.048166045548018364],[1.0],[4.843072881789245e6],[0.96],[1],[0],[0.9990313907317924],[1.145253113051423e-10],[2.447304639042155e8],[0.68],[0],Bool[0],[0],[4.843221835686942e6],[0.414863],[2.447304639042155e8],[0],[1.1452497128139479e-10],Bool[0],[0],[0.0],Bool[0],[1.145242404322311e-10],[0.9990306830985696],[1.1452422280658819e-10],[1.1452392653912617e-10],Bool[0],[-0.020875470831627607],Bool[1],[0.66],Bool[0],[0.66],[-0.04791408689477162],[4.838381836509339e6],[0.562],[1.1452418534049804e-10],[0.0],Bool[1],[0.28],Bool[0],[0.96],[1.1452432902838377e-10],Bool[0],Bool[0],[4.459897400036309e6],[2.447304639042155e8],[-0.010316328286353104],Bool[0],[1.1452402432129792e-10],[4.459897400036309e6],[3],[1.1452517753321005e-10],Bool[0],Bool[1],[0.4499260199999999],[0.2],Bool[1],[0.9982406894064362],[0.562],[14],[1.0],[4.838921033482858e6],[-0.020541361003596433],[0.414863],[1.1452442884573491e-10],[0.16986064259857256]
"String3[""L2""]","String3[""L2""]","String3[""L1""]","String3[""L1""]","String3[""L1""]","String3[""L1""]","String7[""C1_3""]","String7[""D1_3""]","String7[""F1_2""]","String3[""L2""]","String3[""L3""]","String3[""L2""]","String3[""L3""]","String3[""L3""]","[""L0""]","[""L0""]","[""L0""]",[0.0],Bool[0],Bool[0],[0],[-0.013940812943926902],[2.4382234413215113e8],[0.0],[14],[2],[0.049732571204769094],[0.421456508],[0.02085600153643709],[0.9962227616697363],[4.834081349867929e6],[0.94],[1],[1],[0.9987753526629032],[1.1452435758891485e-10],[2.442853867953819e8],[0.58],[0],Bool[0],[0],[4.836826616205283e6],[0.4045402],[2.433626626688551e8],[2],[1.1452552514861751e-10],Bool[0],[0],[0.0],Bool[0],[1.1452481173791564e-10],[0.9987765178841426],[1.1452373741755348e-10],[1.1452548866646165e-10],Bool[0],[-0.01679958191660287],Bool[0],[0.5810000000000001],Bool[0],[0.5810000000000001],[-0.018703925465278746],[4.828161305015503e6],[0.5329999999999999],[1.1452480759938551e-10],[0.0],Bool[1],[0.38],Bool[0],[0.94],[1.1452344635811029e-10],Bool[0],Bool[0],[4.459968758908428e6],[2.442853867953819e8],[-0.0011450514377466965],Bool[0],[1.1452474613092435e-10],[4.49342636536237e6],[2],[1.1452397063294496e-10],Bool[0],Bool[1],[0.421456508],[0.28],Bool[1],[0.9981045011766561],[0.5329999999999999],[19],[1.0],[4.827862180097548e6],[-0.024289978384405223],[0.4045402],[1.1452461401656469e-10],[0.19758354449700513]
"String3[""L2""]","String3[""L2""]","String3[""L1""]","String3[""L1""]","String3[""L1""]","String3[""L1""]","String7[""C1_3""]","String7[""D1_3""]","String7[""F1_3""]","String3[""L2""]","String3[""L3""]","String3[""L2""]","String3[""L1""]","String3[""L1""]","[""L0""]","[""L0""]","[""L0""]",[2.0],Bool[0],Bool[0],[0],[0.04289085221991265],[2.3703506322826916e8],[-1.0],[20],[1],[0.6860092040786525],[0.15955273999999997],[-0.012423852877345886],[0.9685904459118827],[4.808010860959014e6],[0.96],[18],[20],[0.9992648975221978],[1.1452346230513803e-10],[2.4498693613330346e8],[0.72],[0],Bool[0],[0],[4.812959243758732e6],[0.2120018],[2.3703506322826916e8],[18],[1.1452611667155529e-10],Bool[0],[0],[0.0],Bool[0],[1.1452365002703764e-10],[0.9992618579095158],[1.1452457916616303e-10],[1.1452413537865215e-10],Bool[0],[0.06360416734941572],Bool[0],[0.0],Bool[1],[0.0],[0.03105896591758702],[4.804476480261823e6],[0.0],[1.1452361630083486e-10],[2.0],Bool[1],[0.4],Bool[0],[0.96],[1.1452438932344017e-10],Bool[0],Bool[0],[4.633271619304001e6],[2.4472166149141777e8],[-0.006296727522427419],Bool[0],[1.1452354716295252e-10],[4.604697780801878e6],[1],[1.1452350165956974e-10],Bool[0],Bool[1],[0.15955274],[0.4],Bool[1],[0.9675416451565095],[0.0],[20],[1.0],[4.809854851370291e6],[0.08501284361337469],[0.2120018],[1.1452476671101675e-10],[0.0567506183931065]
"String3[""L2""]","String3[""L2""]","String3[""L1""]","String3[""L1""]","String3[""L1""]","String3[""L1""]","String7[""C1_3""]","String7[""D1_3""]","String7[""F1_3""]","String3[""L2""]","String3[""L3""]","String3[""L2""]","String3[""L1""]","String3[""L1""]","[""L0""]","[""L0""]","[""L0""]",[0.0],Bool[0],Bool[0],[2],[0.02416976761942878],[2.4372995310884768e8],[0.5],[3],[2],[0.00498219389425982],[0.230606564],[0.04818331835225624],[0.9964125392459607],[4.846330003758438e6],[0.96],[3],[19],[0.9993611974635968],[1.1452315864191825e-10],[2.4511351621401495e8],[0.8],[0],Bool[0],[0],[4.848300861986045e6],[0.21284479999999997],[2.441103148272616e8],[3],[1.1452521388866985e-10],Bool[0],[0],[0.0],Bool[0],[1.1452426476661956e-10],[0.9993621525264749],[1.145246025481529e-10],[1.1452388032961671e-10],Bool[0],[0.030076205151747762],Bool[0],[0.0],Bool[0],[0.0],[0.007067508930131095],[4.84323415585979e6],[0.0],[1.1452484228183876e-10],[0.0],Bool[1],[0.22],Bool[0],[0.96],[1.1452491396398833e-10],Bool[0],Bool[0],[4.5023510583686335e6],[2.449892039817093e8],[-0.004272064505744333],Bool[0],[1.1452387217168712e-10],[4.427135679778431e6],[2],[1.1452353358038096e-10],Bool[0],Bool[1],[0.23060656399999999],[0.06],Bool[0],[0.9943554189644962],[0.0],[11],[1.0],[4.845587766451245e6],[-0.007666539771107522],[0.21284480000000003],[1.1452507662434855e-10],[0.16267151642497218]
"String3[""L2""]","String3[""L2""]","String3[""L1""]","String3[""L1""]","String3[""L1""]","String3[""L1""]","String7[""C1_3""]","String7[""D1_3""]","String7[""F1_3""]","String3[""L2""]","String3[""L3""]","String3[""L2""]","String3[""L1""]","String3[""L1""]","[""L0""]","[""L0""]","[""L0""]",[0.0],Bool[0],Bool[0],[0],[-0.012159591869393296],[2.3864862225976568e8],[-1.0],[20],[1],[0.01175360846718997],[0.24742212400000002],[0.0006564395656015311],[0.9898112462104732],[4.826047556187238e6],[0.98],[10],[20],[0.998738088166237],[1.1452265448652771e-10],[2.4110518361297694e8],[0.68],[0],Bool[0],[0],[4.831758004285666e6],[0.21223620000000004],[2.3864862225976568e8],[10],[1.145255395534855e-10],Bool[0],[0],[0.0],Bool[0],[1.145266051072779e-10],[0.9987368358655853],[1.1452490151776932e-10],[1.1452555451348776e-10],Bool[0],[0.008259582622086726],Bool[0],[0.0],Bool[0],[0.0],[-0.0429955308235671],[4.819957509665782e6],[0.0],[1.1452538637324857e-10],[0.0],Bool[1],[0.4],Bool[0],[0.98],[1.1452505237765663e-10],Bool[0],Bool[1],[4.487162673156096e6],[2.4110518361297694e8],[0.06962172681628279],Bool[0],[1.1452523521483155e-10],[4.622191264235818e6],[1],[1.1452301267645412e-10],Bool[1],Bool[1],[0.24742212400000002],[0.4],Bool[1],[0.9898112462104732],[0.0],[20],[1.0],[4.82647642210654e6],[0.005354412976233625],[0.2122362],[1.145246470283286e-10],[0.24577857374474282]
"String3[""L2""]","String3[""L2""]","String3[""L1""]","String3[""L1""]","String3[""L1""]","String3[""L1""]","String7[""C1_3""]","String7[""D1_3""]","String7[""F1_3""]","String3[""L2""]","String3[""L3""]","String3[""L2""]","String3[""L1""]","String3[""L1""]","[""L0""]","[""L0""]","[""L0""]",[0.0],Bool[0],Bool[0],[0],[-0.005428567849041807],[2.4110711372120196e8],[-0.5],[20],[1],[0.010968829290311718],[0.228393872],[-0.03803471761698567],[0.9852053525840996],[4.821735569870587e6],[0.96],[13],[19],[0.999150010481222],[1.1452373171460314e-10],[2.4498778832862046e8],[0.72],[0],Bool[0],[0],[4.82520606843538e6],[0.21073039999999998],[2.4110711372120196e8],[13],[1.1452391925277146e-10],Bool[0],[0],[0.0],Bool[0],[1.1452270779644077e-10],[0.9991445972290101],[1.145250653361326e-10],[1.1452265777654732e-10],Bool[0],[-0.022020812026758776],Bool[0],[0.0],Bool[1],[0.0],[0.025220939172643533],[4.817637145173878e6],[0.0],[1.1452363331961658e-10],[0.0],Bool[1],[0.4],Bool[0],[0.96],[1.1452507448453572e-10],Bool[0],Bool[0],[4.5952996264783805e6],[2.4472777486318058e8],[-0.03336289677333939],Bool[0],[1.1452348569097271e-10],[4.541491652472772e6],[1],[1.1452396762673511e-10],Bool[0],Bool[1],[0.228393872],[0.4],Bool[1],[0.9841597222706747],[0.0],[20],[1.0],[4.822668595873723e6],[0.0022603424581533684],[0.21073039999999998],[1.1452409277954353e-10],[0.14913214011741396]
"String3[""L2""]","String3[""L2""]","String3[""L1""]","String3[""L1""]","String3[""L1""]","String3[""L1""]","String7[""C1_3""]","String7[""D1_3""]","String7[""F1_3""]","String3[""L2""]","String3[""L3""]","String3[""L2""]","String3[""L1""]","String3[""L2""]","[""L0""]","[""L0""]","[""L0""]",[1.0],Bool[0],Bool[0],[0],[-0.029118436868835085],[2.3595938976381242e8],[-1.0],[20],[1],[0.37151827320838865],[0.20027303999999996],[0.049321170573211726],[0.972485247649851],[4.800741687132753e6],[0.96],[17],[20],[0.9988419754069701],[1.1452494492625557e-10],[2.4282020820066985e8],[0.62],[0],Bool[0],[0],[4.8082261894451305e6],[0.2230624],[2.3595938976381242e8],[17],[1.1452432903987281e-10],Bool[0],[0],[0.0],Bool[0],[1.1452298582605655e-10],[0.9988416815593887],[1.1452492551575329e-10],[1.1452201599231515e-10],Bool[0],[-0.007783513512412314],Bool[0],[0.0],Bool[1],[0.0],[0.01680604292973376],[4.79518231019427e6],[0.0],[1.1452433681012113e-10],[1.0],Bool[1],[0.4],Bool[0],[0.96],[1.145253494708844e-10],Bool[0],Bool[0],[4.489212865964265e6],[2.4263544391448802e8],[-0.04918578605261918],Bool[0],[1.1452511908714154e-10],[4.492484508855294e6],[1],[1.1452442648101993e-10],Bool[0],Bool[1],[0.20027304000000004],[0.4],Bool[1],[0.971745274054013],[0.0],[20],[1.0],[4.802655119934204e6],[-0.00500288605229374],[0.22306240000000002],[1.1452387295354134e-10],[0.15749048433476864]
"String3[""L2""]","String3[""L2""]","String3[""L1""]","String3[""L1""]","String3[""L1""]","String3[""L1""]","String7[""C1_3""]","String7[""D1_3""]","String7[""F1_3""]","String3[""L2""]","String3[""L3""]","String3[""L2""]","String3[""L1""]","String3[""L2""]","[""L0""]","[""L0""]","[""L0""]",[0.0],Bool[0],Bool[0],[0],[0.01842962748765917],[2.4188704986778826e8],[1.0],[20],[1],[0.0014904334939875713],[0.246108116],[0.051949106555068854],[0.9938575390395206],[4.8134416612751605e6],[0.92],[8],[20],[0.9984088066135333],[1.145243356054809e-10],[2.4371339671232265e8],[0.66],[0],Bool[0],[0],[4.814916096872524e6],[0.215801],[2.4188704986778826e8],[8],[1.1452360366306108e-10],Bool[0],[0],[0.0],Bool[0],[1.1452412539664032e-10],[0.9984105847179414],[1.1452421444156544e-10],[1.1452393228819449e-10],Bool[0],[0.05468285283145955],Bool[0],[0.0],Bool[1],[0.0],[-0.02622017115705907],[4.805782544737596e6],[0.0],[1.1452402128118218e-10],[0.0],Bool[1],[0.4],Bool[0],[0.92],[1.1452420796148221e-10],Bool[0],Bool[1],[4.507501782533051e6],[2.4338201438965958e8],[0.001518002087479495],Bool[0],[1.145241395782883e-10],[4.648372178806413e6],[1],[1.1452452216882257e-10],Bool[1],Bool[1],[0.246108116],[0.4],Bool[1],[0.9925061696682591],[0.0],[20],[1.0],[4.806409725227519e6],[0.07395594187545318],[0.21580100000000002],[1.1452367749860309e-10],[0.1318571249193611]
"String3[""L2""]","String3[""L2""]","String3[""L1""]","String3[""L1""]","String3[""L1""]","String3[""L1""]","String7[""C1_3""]","String7[""D1_3""]","String7[""F1_3""]","String3[""L2""]","String3[""L3""]","String3[""L2""]","String3[""L1""]","String3[""L2""]","[""L0""]","[""L0""]","[""L0""]",[0.0],Bool[0],Bool[0],[2],[0.0064478671676455445],[2.420498023022234e8],[1.0],[2],[2],[0.0025296039215655843],[0.252893224],[-0.03159208551491529],[0.9983096554186979],[4.86398795246324e6],[1.0],[1],[18],[0.9993468887092586],[1.1452541445756267e-10],[2.4225467604347128e8],[0.76],[0],Bool[0],[0],[4.867199992542319e6],[0.22195520000000002],[2.418451821645261e8],[2],[1.1452546068124125e-10],Bool[0],[0],[0.0],Bool[0],[1.1452452596008582e-10],[0.9993473415537397],[1.1452488910607094e-10],[1.1452423412169402e-10],Bool[0],[-0.025481964884959837],Bool[0],[0.0],Bool[0],[0.0],[-0.001407810208885749],[4.860811227013457e6],[0.0],[1.1452238167790838e-10],[0.0],Bool[1],[0.3],Bool[0],[1.0],[1.1452419637698479e-10],Bool[0],Bool[0],[4.50717845906773e6],[2.4225467604347128e8],[-0.012436556171734581],Bool[0],[1.1452289716980571e-10],[4.573500374214853e6],[2],[1.1452487589693927e-10],Bool[0],Bool[1],[0.252893224],[0.04],Bool[0],[0.9991543042859115],[0.0],[15],[1.0],[4.8637373570072595e6],[-0.018580525830081226],[0.22195520000000002],[1.1452490127875727e-10],[0.08960445801409661]
"String3[""L2""]","String3[""L2""]","String3[""L1""]","String3[""L1""]","String3[""L1""]","String3[""L1""]","String7[""C1_3""]","String7[""D1_3""]","String7[""F1_3""]","String3[""L2""]","String3[""L3""]","String3[""L2""]","String3[""L1""]","String3[""L2""]","[""L0""]","[""L0""]","[""L0""]",[-1.0],Bool[0],Bool[0],[0],[0.019714283622579747],[2.384344909759693e8],[1.0],[20],[1],[0.007360613017948975],[0.23212380400000004],[-0.0012031077311656056],[0.9827450267783853],[4.830919585549464e6],[0.96],[14],[20],[0.9990382935946165],[1.1452520225497248e-10],[2.428106242011584e8],[0.74],[0],Bool[0],[0],[4.831569190328948e6],[0.21847160000000002],[2.384344909759693e8],[14],[1.1452312078994316e-10],Bool[0],[0],[0.0],Bool[0],[1.1452337526066888e-10],[0.9990403924270115],[1.1452443825716484e-10],[1.1452266020632519e-10],Bool[0],[0.012182310620441221],Bool[0],[0.0],Bool[1],[0.0],[-0.008016079755763867],[4.826273659240149e6],[0.0],[1.1452553968228254e-10],[-1.0],Bool[1],[0.4],Bool[0],[0.96],[1.1452484593432501e-10],Bool[0],Bool[1],[4.500200069148013e6],[2.4262090825084144e8],[-0.005830432468313015],Bool[0],[1.1452545491255876e-10],[4.516965248642508e6],[1],[1.1452515519353902e-10],Bool[1],Bool[1],[0.232123804],[0.4],Bool[1],[0.9819771756710133],[0.0],[20],[1.0],[4.829188326340919e6],[0.02254937934480571],[0.21847160000000002],[1.1452360571120198e-10],[0.07981740802606913]
"String3[""L2""]","String3[""L2""]","String3[""L1""]","String3[""L1""]","String3[""L1""]","String3[""L1""]","String7[""C1_3""]","String7[""D1_3""]","String7[""F1_3""]","String3[""L2""]","String3[""L3""]","String3[""L2""]","String3[""L1""]","String3[""L3""]","[""L0""]","[""L0""]","[""L0""]",[1.0],Bool[0],Bool[0],[0],[0.021925683078671213],[2.3781707626041502e8],[-1.0],[20],[1],[0.9366140380800798],[0.17604394400000004],[-0.015435981519774516],[0.9786503463184634],[4.850316586420719e6],[0.96],[19],[16],[0.9987749255073591],[1.1452474175402848e-10],[2.4398910793645155e8],[0.66],[0],Bool[0],[0],[4.852983370804083e6],[0.228099],[2.3781707626041502e8],[19],[1.1452389400676196e-10],Bool[0],[0],[0.0],Bool[0],[1.1452510440230968e-10],[0.9987743159555873],[1.145236173222718e-10],[1.1452446565353916e-10],Bool[0],[0.04972948733063077],Bool[0],[0.0],Bool[1],[0.0],[0.05392076348398848],[4.844374587289462e6],[0.0],[1.1452487774156569e-10],[1.0],Bool[1],[0.4],Bool[0],[0.96],[1.145239813337773e-10],Bool[0],Bool[0],[4.507677771409143e6],[2.4300515210059178e8],[0.001605586731382588],Bool[0],[1.1452453701073656e-10],[4.566771522939633e6],[1],[1.1452543923485276e-10],Bool[0],Bool[1],[0.176043944],[0.4],Bool[1],[0.974703658994302],[0.0],[20],[1.0],[4.848586611913228e6],[0.04920536698226791],[0.228099],[1.1452462908701084e-10],[0.033792512069983786]
"String3[""L2""]","String3[""L2""]","String3[""L1""]","String3[""L1""]","String3[""L1""]","String3[""L1""]","String7[""C1_3""]","String7[""D1_3""]","String7[""F1_3""]","String3[""L2""]","String3[""L3""]","String3[""L2""]","String3[""L1""]","String3[""L3""]","[""L0""]","[""L0""]","[""L0""]",[0.0],Bool[0],Bool[0],[2],[0.049708444873587436],[2.4413622616245902e8],[-1.0],[3],[2],[0.009209969381056587],[0.21871547200000002],[-0.02358784636233063],[0.9989515920408853],[4.83428196822992e6],[0.96],[2],[19],[0.9991348877567853],[1.1452413302624822e-10],[2.4464889860209158e8],[0.68],[0],Bool[0],[0],[4.835991436193157e6],[0.2270874],[2.4400918573136014e8],[6],[1.1452395939474002e-10],Bool[0],[0],[0.0],Bool[0],[1.1452441979675066e-10],[0.9991337169434052],[1.1452210627691928e-10],[1.145238864790123e-10],Bool[0],[-0.0039005192482233],Bool[0],[0.0],Bool[0],[0.0],[-0.03200710409978636],[4.830099771712052e6],[0.0],[1.1452444719550173e-10],[0.0],Bool[1],[0.28],Bool[0],[0.96],[1.1452298889534788e-10],Bool[0],Bool[0],[4.606066573983019e6],[2.4426527539021456e8],[-0.00245631636782318],Bool[0],[1.1452385376908233e-10],[4.653931786804274e6],[2],[1.1452378205466655e-10],Bool[0],Bool[1],[0.21871547199999997],[0.06],Bool[0],[0.9979044563758025],[0.0],[14],[1.0],[4.835242561779061e6],[-0.0003072779845339736],[0.2270874],[1.145241099351428e-10],[0.1050555259660338]
"String3[""L2""]","String3[""L2""]","String3[""L1""]","String3[""L1""]","String3[""L1""]","String3[""L1""]","String7[""C1_3""]","String7[""D1_3""]","String7[""F1_3""]","String3[""L2""]","String3[""L3""]","String3[""L2""]","String3[""L1""]","String3[""L3""]","[""L0""]","[""L0""]","[""L0""]",[1.0],Bool[0],Bool[0],[0],[-0.04778024309808697],[2.373099733626424e8],[1.0],[20],[1],[0.0025606280479601286],[0.21930465199999996],[0.017135915030133324],[0.980340837605354],[4.850169933653637e6],[0.96],[17],[18],[0.9986284020789452],[1.1452393688758295e-10],[2.4244871069037783e8],[0.58],[0],Bool[0],[0],[4.851187584437865e6],[0.2271904],[2.373099733626424e8],[17],[1.145244659857761e-10],Bool[0],[0],[0.0],Bool[0],[1.1452461548189552e-10],[0.998629881318283],[1.1452538576539996e-10],[1.1452446488761399e-10],Bool[0],[-0.01748423369031953],Bool[0],[0.0],Bool[1],[0.0],[-0.0345350638213494],[4.843517450655875e6],[0.0],[1.1452389885245504e-10],[1.0],Bool[1],[0.4],Bool[0],[0.96],[1.1452455123786019e-10],Bool[0],Bool[0],[4.643955642436497e6],[2.4206884407907724e8],[-0.00039270164095079935],Bool[0],[1.1452325323606182e-10],[4.523431136391953e6],[1],[1.1452372444321954e-10],Bool[0],Bool[1],[0.21930465199999996],[0.4],Bool[1],[0.9788048477836704],[0.0],[20],[1.0],[4.843510994643785e6],[0.026743136921889423],[0.2271904],[1.1452413703295553e-10],[0.1416429201054539]
"String3[""L2""]","String3[""L2""]","String3[""L1""]","String3[""L1""]","String3[""L1""]","String3[""L1""]","String7[""C1_3""]","String7[""D1_3""]","String7[""F1_3""]","String3[""L2""]","String3[""L3""]","String3[""L2""]","String3[""L1""]","String3[""L3""]","[""L0""]","[""L0""]","[""L0""]",[0.0],Bool[0],Bool[0],[0],[-0.030397879141706313],[2.3862310566265318e8],[1.0],[20],[1],[0.00999277819227466],[0.24574091200000003],[-0.03804119421715518],[0.9856761141071637],[4.8687856488914825e6],[0.94],[9],[15],[0.9989835964124493],[1.1452457866976546e-10],[2.4229563361055928e8],[0.52],[0],Bool[0],[0],[4.869292936855681e6],[0.2308436],[2.3862310566265318e8],[9],[1.1452316705092339e-10],Bool[0],[0],[0.0],Bool[0],[1.1452586326475685e-10],[0.9989838009958275],[1.1452523521689538e-10],[1.145246600151817e-10],Bool[0],[-0.00408551389452585],Bool[0],[0.0],Bool[1],[0.0],[0.03227619121397993],[4.863836997690934e6],[0.0],[1.1452315107575988e-10],[0.0],Bool[1],[0.4],Bool[0],[0.94],[1.1452546404718971e-10],Bool[0],Bool[1],[4.521491392298959e6],[2.4209078646366572e8],[-0.0021111053087890285],Bool[0],[1.1452368071985588e-10],[4.491663216820815e6],[1],[1.1452350070943399e-10],Bool[1],Bool[1],[0.24574091199999998],[0.4],Bool[1],[0.984842781138149],[0.0],[20],[1.0],[4.865096534849956e6],[0.029226222536829365],[0.2308436],[1.1452292297597399e-10],[0.15087059228358587]
"String3[""L2""]","String3[""L2""]","String3[""L1""]","String3[""L1""]","String3[""L1""]","String3[""L1""]","String7[""C1_3""]","String7[""D1_3""]","String7[""F1_3""]","String3[""L2""]","String3[""L3""]","String3[""L2""]","String3[""L2""]","String3[""L1""]","[""L0""]","[""L0""]","[""L0""]",[0.0],Bool[0],Bool[0],[2],[-0.025098973229599204],[2.4254610147686046e8],[1.0],[4],[3],[0.00978834163686576],[0.23014807600000003],[-0.012739720843304858],[0.9976190759140101],[4.814748814900884e6],[0.98],[1],[20],[0.999604762429943],[1.1452428142552261e-10],[2.4273801500278962e8],[0.78],[0],Bool[0],[0],[4.816521905919363e6],[0.2103412],[2.421600742162841e8],[3],[1.1452212627640952e-10],Bool[0],[0],[0.0],Bool[0],[1.1452349136541771e-10],[0.999603392724048],[1.1452433202927739e-10],[1.1452388638704367e-10],Bool[0],[-0.02025216927189107],Bool[0],[0.0],Bool[0],[0.0],[0.01570023658090749],[4.812845845278848e6],[0.0],[1.1452310144341629e-10],[0.0],Bool[1],[0.2],Bool[0],[0.98],[1.1452408701557707e-10],Bool[0],Bool[0],[4.563266217900298e6],[2.4273801500278962e8],[-0.008003909654786931],Bool[0],[1.145232933037921e-10],[4.548337286715751e6],[2],[1.1452464962172981e-10],Bool[0],Bool[1],[0.23014807599999995],[0.08],Bool[0],[0.9992093800143873],[0.0],[10],[1.0],[4.814278635514313e6],[-0.018206694370389104],[0.21034119999999998],[1.1452244966113975e-10],[0.2561052354638616]
"String3[""L2""]","String3[""L2""]","String3[""L1""]","String3[""L1""]","String3[""L1""]","String3[""L1""]","String7[""C1_3""]","String7[""D1_3""]","String7[""F1_3""]","String3[""L2""]","String3[""L3""]","String3[""L2""]","String3[""L2""]","String3[""L1""]","[""L0""]","[""L0""]","[""L0""]",[0.0],Bool[0],Bool[0],[2],[-0.021865119754858647],[2.41155022140395e8],[-1.0],[3],[2],[0.004542985802311082],[0.230834532],[-0.008346172601551738],[0.9956971122461247],[4.812671935971317e6],[0.96],[2],[19],[0.9989999133327618],[1.1452325582768732e-10],[2.4218948139898604e8],[0.72],[0],Bool[0],[0],[4.816570091541825e6],[0.21259639999999996],[2.4114736724535692e8],[5],[1.1452470175284785e-10],Bool[0],[0],[0.0],Bool[0],[1.1452373620982519e-10],[0.999001885383382],[1.1452472918520206e-10],[1.145239166713091e-10],Bool[0],[-0.01332715976325796],Bool[0],[0.0],Bool[0],[0.0],[0.03912878114645991],[4.80785884693436e6],[0.0],[1.1452485368784664e-10],[0.0],Bool[1],[0.24],Bool[0],[0.96],[1.1452436208304054e-10],Bool[0],Bool[0],[4.636690828240976e6],[2.4218948139898604e8],[-0.013298971730695863],Bool[0],[1.145246035716854e-10],[4.594104570185835e6],[2],[1.1452368781515496e-10],Bool[0],Bool[1],[0.23083453199999998],[0.06],Bool[0],[0.9957287192960834],[0.0],[12],[1.0],[4.81030629403909e6],[-0.025465821607475788],[0.21259639999999996],[1.145248022580688e-10],[0.23298463193953373]
"String3[""L2""]","String3[""L2""]","String3[""L1""]","String3[""L1""]","String3[""L1""]","String3[""L1""]","String7[""C1_3""]","String7[""D1_3""]","String7[""F1_3""]","String3[""L2""]","String3[""L3""]","String3[""L2""]","String3[""L2""]","String3[""L1""]","[""L0""]","[""L0""]","[""L0""]",[0.0],Bool[0],Bool[0],[0],[0.026224717694048102],[2.4378746855349934e8],[-1.0],[20],[1],[0.14673571349677353],[0.241654444],[-0.018703106830895686],[0.9938969608352086],[4.835031851325677e6],[0.98],[9],[19],[0.9994704132171257],[1.1452438570575801e-10],[2.4528444915319556e8],[0.84],[0],Bool[0],[0],[4.837373467456585e6],[0.21916179999999996],[2.4378746855349934e8],[9],[1.1452216099155881e-10],Bool[0],[0],[0.0],Bool[0],[1.1452369168248292e-10],[0.9994681346281399],[1.1452360285591866e-10],[1.1452334477267998e-10],Bool[0],[0.023811425519469603],Bool[0],[0.0],Bool[1],[0.0],[-0.013560684811749357],[4.832471282362439e6],[0.0],[1.1452462690783897e-10],[0.0],Bool[1],[0.4],Bool[0],[0.98],[1.1452373893539663e-10],Bool[0],Bool[1],[4.632588416104725e6],[2.4528444915319556e8],[0.0566343118921802],Bool[0],[1.1452402868731177e-10],[4.581628997887215e6],[1],[1.1452381359993027e-10],Bool[1],Bool[1],[0.241654444],[0.4],Bool[1],[0.9938969608352086],[0.0],[20],[1.0],[4.83670547804278e6],[0.0016609848982831338],[0.21916180000000002],[1.1452294719765314e-10],[0.23864335991600522]
"String3[""L2""]","String3[""L2""]","String3[""L1""]","String3[""L1""]","String3[""L1""]","String3[""L1""]","String7[""C1_3""]","String7[""D1_3""]","String7[""F1_3""]","String3[""L2""]","String3[""L3""]","String3[""L2""]","String3[""L2""]","String3[""L1""]","[""L0""]","[""L0""]","[""L0""]",[0.0],Bool[0],Bool[1],[2],[-0.02230392827332758],[2.4366635104066473e8],[-1.0],[4],[2],[0.01307449486595944],[0.227627752],[-0.011908981241467158],[0.9966472748072946],[4.82981565173053e6],[0.98],[1],[20],[0.9994859961520243],[1.1452350676823128e-10],[2.438293055244789e8],[0.78],[0],Bool[0],[0],[4.837418964661471e6],[0.2132712],[2.4301181286912715e8],[2],[1.1452181440873668e-10],Bool[0],[0],[0.0],Bool[0],[1.1452505111880832e-10],[0.9994840213965023],[1.1452373633063666e-10],[1.1452452525779571e-10],Bool[0],[-0.04062915298541062],Bool[0],[0.0],Bool[0],[0.0],[-0.016440873025631693],[4.827333107900527e6],[0.0],[1.1452529766193165e-10],[0.0],Bool[1],[0.34],Bool[1],[0.98],[1.1452373890920066e-10],Bool[0],Bool[0],[4.711419351917517e6],[2.438293055244789e8],[-0.02610064901217933],Bool[0],[1.1452434162266472e-10],[4.758671660075575e6],[2],[1.1452330824637194e-10],Bool[0],Bool[1],[0.22762775200000004],[0.08],Bool[0],[0.9993316862242475],[0.0],[17],[1.0],[4.836951041238923e6],[-0.013252853059587351],[0.2132712],[1.1452231073641239e-10],[0.19118698286232774]
"String3[""L2""]","String3[""L2""]","String3[""L1""]","String3[""L1""]","String3[""L1""]","String3[""L1""]","String7[""C1_3""]","String7[""D1_3""]","String7[""F1_3""]","String3[""L2""]","String3[""L3""]","String3[""L2""]","String3[""L2""]","String3[""L2""]","[""L0""]","[""L0""]","[""L0""]",[0.0],Bool[0],Bool[0],[0],[-0.014449523994952402],[2.3976981307687524e8],[1.0],[20],[1],[0.45079686984193806],[0.2338598919999999],[0.0015300817097166656],[0.9885895940356387],[4.834555230518241e6],[0.98],[11],[18],[0.9994361782534481],[1.1452594883060682e-10],[2.4253726169429162e8],[0.7],[0],Bool[0],[0],[4.836456076103777e6],[0.21886679999999997],[2.3976981307687524e8],[11],[1.1452303760390052e-10],Bool[0],[0],[0.0],Bool[0],[1.1452462125286005e-10],[0.9994355867019806],[1.1452408876715085e-10],[1.1452444430504013e-10],Bool[0],[0.015276725408733826],Bool[0],[0.0],Bool[0],[0.0],[0.08716629970414501],[4.831829403144369e6],[0.0],[1.1452560556772805e-10],[0.0],Bool[1],[0.4],Bool[0],[0.98],[1.145234747121496e-10],Bool[0],Bool[1],[4.528063626452223e6],[2.4253726169429162e8],[-0.009690768922096218],Bool[0],[1.145249039721614e-10],[4.602582821748879e6],[1],[1.145244220220496e-10],Bool[1],Bool[1],[0.23385989199999996],[0.4],Bool[1],[0.9885895940356387],[0.0],[20],[1.0],[4.834820348649402e6],[-0.030856322386651928],[0.21886679999999997],[1.1452255702389661e-10],[0.13556971006828922]
"String3[""L2""]","String3[""L2""]","String3[""L1""]","String3[""L1""]","String3[""L1""]","String3[""L1""]","String7[""C1_3""]","String7[""D1_3""]","String7[""F1_3""]","String3[""L2""]","String3[""L3""]","String3[""L2""]","String3[""L2""]","String3[""L2""]","[""L0""]","[""L0""]","[""L0""]",[0.0],Bool[0],Bool[0],[2],[0.039144182145904635],[2.4366357418891215e8],[0.0],[1],[2],[0.07154317394093927],[0.21287699999999998],[-0.039360963700358166],[0.9907387225326968],[4.825986185404491e6],[0.98],[1],[17],[0.9987512742637441],[1.1452498520828813e-10],[2.442699742475281e8],[0.72],[0],Bool[0],[0],[4.825177180123623e6],[0.22757440000000004],[2.4200772223909074e8],[9],[1.1452364527849761e-10],Bool[0],[0],[0.0],Bool[0],[1.1452271251579933e-10],[0.9987514468063415],[1.1452361203537563e-10],[1.1452325252332699e-10],Bool[0],[0.009236189314410751],Bool[0],[0.0],Bool[0],[0.0],[-0.00015735082646158862],[4.819959852251961e6],[0.0],[1.1452419339508535e-10],[0.0],Bool[1],[0.32],Bool[0],[0.98],[1.1452343644888582e-10],Bool[0],Bool[0],[4.482940548988004e6],[2.442699742475281e8],[-0.0009920929245342185],Bool[0],[1.1452359419808657e-10],[4.446538410607474e6],[2],[1.1452460860787508e-10],Bool[0],Bool[1],[0.212877],[0.02],Bool[0],[0.997517500624119],[0.0],[16],[1.0],[4.820468023737308e6],[0.02152469373692162],[0.22757439999999998],[1.1452457720262516e-10],[0.17630087341814277]
"String3[""L2""]","String3[""L2""]","String3[""L1""]","String3[""L1""]","String3[""L1""]","String3[""L1""]","String7[""C1_3""]","String7[""D1_3""]","String7[""F1_3""]","String3[""L2""]","String3[""L3""]","String3[""L2""]","String3[""L2""]","String3[""L2""]","[""L0""]","[""L0""]","[""L0""]",[1.0],Bool[0],Bool[0],[0],[0.06944659941211635],[2.4082396954530907e8],[-1.0],[20],[1],[0.3165891190010992],[0.21385708000000003],[0.0022168691130200094],[0.9837415125146337],[4.826497693088671e6],[0.96],[17],[18],[0.9984206135742427],[1.145236641139354e-10],[2.4480411417193973e8],[0.66],[0],Bool[0],[0],[4.824594176786169e6],[0.2211468],[2.4082396954530907e8],[17],[1.1452304852541765e-10],Bool[0],[0],[0.0],Bool[0],[1.145248134337818e-10],[0.9984193509007468],[1.145253180982117e-10],[1.1452444789689966e-10],Bool[0],[0.08092769970570377],Bool[0],[0.0],Bool[1],[0.0],[0.05076749972426696],[4.818874788148258e6],[0.0],[1.1452495100881904e-10],[1.0],Bool[1],[0.4],Bool[0],[0.96],[1.1452541266761249e-10],Bool[0],Bool[1],[4.514785714062497e6],[2.4480411417193973e8],[0.025568561986000184],Bool[0],[1.1452427567778935e-10],[4.483374172892984e6],[1],[1.1452394926988814e-10],Bool[1],Bool[1],[0.21385708],[0.4],Bool[1],[0.9837415125146337],[0.0],[20],[1.0],[4.822341052757731e6],[0.0336453776385056],[0.2211468],[1.1452384134978711e-10],[0.147106159381584]
"String3[""L2""]","String3[""L2""]","String3[""L1""]","String3[""L1""]","String3[""L1""]","String3[""L1""]","String7[""C1_3""]","String7[""D1_3""]","String7[""F1_3""]","String3[""L2""]","String3[""L3""]","String3[""L2""]","String3[""L2""]","String3[""L2""]","[""L0""]","[""L0""]","[""L0""]",[1.0],Bool[0],Bool[0],[0],[-0.02182451523182889],[2.4097480729095152e8],[1.0],[20],[1],[0.3264032652664548],[0.23116869999999995],[-0.03604588744285431],[0.9846158443619608],[4.82680627183925e6],[0.9],[12],[20],[0.9986264737574636],[1.1452418117383455e-10],[2.4473992437843126e8],[0.62],[0],Bool[0],[0],[4.829625710062493e6],[0.22111999999999998],[2.4097480729095152e8],[12],[1.145248416368225e-10],Bool[0],[0],[0.0],Bool[0],[1.1452261446278308e-10],[0.9986272125868845],[1.1452303379284266e-10],[1.1452280630811881e-10],Bool[0],[-0.021176827456238948],Bool[0],[0.0],Bool[1],[0.0],[-0.013676355007157009],[4.820176526757239e6],[0.0],[1.145249016811125e-10],[1.0],Bool[1],[0.4],Bool[0],[0.9],[1.1452375121147594e-10],Bool[0],Bool[0],[4.498199010766629e6],[2.4473992437843126e8],[-0.017182041901766344],Bool[0],[1.145250998128131e-10],[4.605974591473657e6],[1],[1.1452460538856977e-10],Bool[0],Bool[1],[0.23116869999999998],[0.4],Bool[1],[0.9846158443619608],[0.0],[20],[1.0],[4.821940461122719e6],[0.04187224455814902],[0.22111999999999998],[1.1452511041845808e-10],[0.1471337515595929]
"String3[""L2""]","String3[""L2""]","String3[""L1""]","String3[""L1""]","String3[""L1""]","String3[""L1""]","String7[""C1_3""]","String7[""D1_3""]","String7[""F1_3""]","String3[""L2""]","String3[""L3""]","String3[""L2""]","String3[""L2""]","String3[""L3""]","[""L0""]","[""L0""]","[""L0""]",[1.0],Bool[0],Bool[0],[0],[0.03527129989809622],[2.408571349218086e8],[0.0],[20],[1],[0.5016858888681939],[0.208913316],[-0.016754617645552798],[0.9834542978969523],[4.837482950005594e6],[0.96],[17],[18],[0.9995276207277001],[1.1452437333789598e-10],[2.450392884475033e8],[0.72],[0],Bool[0],[0],[4.8384430196051635e6],[0.2298732],[2.408571349218086e8],[17],[1.1452290168517614e-10],Bool[0],[0],[0.0],Bool[0],[1.145226661274071e-10],[0.9995278870063993],[1.1452377626080642e-10],[1.1452444091578713e-10],Bool[0],[-0.010787276849599809],Bool[0],[0.0],Bool[1],[0.0],[-0.014726779177988371],[4.835197823329907e6],[0.0],[1.145237072723554e-10],[1.0],Bool[1],[0.4],Bool[0],[0.96],[1.1452445159513108e-10],Bool[0],Bool[0],[4.529176087281667e6],[2.4490933176748997e8],[-0.007118021292567978],Bool[0],[1.1452319917457731e-10],[4.487920664769554e6],[1],[1.1452409933469702e-10],Bool[0],Bool[1],[0.20891331599999996],[0.4],Bool[1],[0.9829327225352653],[0.0],[20],[1.0],[4.835665559550278e6],[-0.02035083920833396],[0.2298732],[1.1452381345664839e-10],[0.12717262636275153]
"String3[""L2""]","String3[""L2""]","String3[""L1""]","String3[""L1""]","String3[""L1""]","String3[""L1""]","String7[""C1_3""]","String7[""D1_3""]","String7[""F1_3""]","String3[""L2""]","String3[""L3""]","String3[""L2""]","String3[""L2""]","String3[""L3""]","[""L0""]","[""L0""]","[""L0""]",[0.0],Bool[0],Bool[1],[0],[-0.003941912070235439],[2.4288723061234903e8],[1.0],[20],[1],[0.5579391009964929],[0.23072467599999996],[0.053386438546677385],[0.9884749915625074],[4.868471743777794e6],[0.98],[13],[20],[0.9987101045961237],[1.1452193209216714e-10],[2.4571914584142494e8],[0.6],[0],Bool[0],[0],[4.868793204110782e6],[0.22404700000000002],[2.4288723061234903e8],[13],[1.1452286328276041e-10],Bool[0],[0],[0.0],Bool[0],[1.1452526847933149e-10],[0.9987097477282615],[1.1452494436322604e-10],[1.1452473322837423e-10],Bool[0],[-0.002521399261973665],Bool[0],[0.0],Bool[1],[0.0],[-0.02137853751568333],[4.862191924451593e6],[0.0],[1.1452270844014559e-10],[0.0],Bool[1],[0.4],Bool[1],[0.98],[1.1452431593586364e-10],Bool[0],Bool[0],[4.504829887638784e6],[2.4571914584142494e8],[-0.016985367152819727],Bool[0],[1.1452230575817988e-10],[4.504727460666636e6],[1],[1.145227555203374e-10],Bool[0],Bool[1],[0.23072467600000002],[0.4],Bool[1],[0.9884749915625074],[0.0],[20],[1.0],[4.863002123211414e6],[-0.016671198054024946],[0.224047],[1.1452321286572357e-10],[0.24002753015435538]
"String3[""L2""]","String3[""L2""]","String3[""L1""]","String3[""L1""]","String3[""L1""]","String3[""L1""]","String7[""C1_3""]","String7[""D1_3""]","String7[""F1_3""]","String3[""L2""]","String3[""L3""]","String3[""L2""]","String3[""L2""]","String3[""L3""]","[""L0""]","[""L0""]","[""L0""]",[0.0],Bool[0],Bool[0],[2],[-0.0037705114640292827],[2.418664338253777e8],[-1.0],[7],[2],[0.015308068983382597],[0.21936922399999997],[-0.01864693640861231],[0.9894727965162317],[4.830906058122349e6],[0.94],[7],[19],[0.9987616230444435],[1.1452441276185486e-10],[2.4428582962812585e8],[0.66],[0],Bool[0],[0],[4.8312090410365e6],[0.22192019999999998],[2.417141829914294e8],[8],[1.1452504771235451e-10],Bool[0],[0],[0.0],Bool[0],[1.1452338600864464e-10],[0.9987608261827322],[1.1452316952293424e-10],[1.1452360334022249e-10],Bool[0],[-0.00043983793793540507],Bool[0],[0.0],Bool[0],[0.0],[0.0017033858417374991],[4.824923575385512e6],[0.0],[1.1452393767417303e-10],[0.0],Bool[1],[0.34],Bool[0],[0.94],[1.1452355921246099e-10],Bool[0],Bool[0],[4.540840068074417e6],[2.4428582962812585e8],[0.004362089289851468],Bool[0],[1.1452417764525257e-10],[4.480050826349739e6],[2],[1.1452487398262568e-10],Bool[0],Bool[1],[0.21936922400000003],[0.14],Bool[0],[0.9900960452498159],[0.0],[17],[1.0],[4.827732717921202e6],[0.015307180377224058],[0.22192019999999998],[1.1452466912786259e-10],[0.23934464058340643]
"String3[""L2""]","String3[""L2""]","String3[""L1""]","String3[""L1""]","String3[""L1""]","String3[""L1""]","String7[""C1_3""]","String7[""D1_3""]","String7[""F1_3""]","String3[""L2""]","String3[""L3""]","String3[""L2""]","String3[""L2""]","String3[""L3""]","[""L0""]","[""L0""]","[""L0""]",[-1.0],Bool[0],Bool[0],[0],[0.010185378241147442],[2.4063959773387325e8],[-1.0],[20],[1],[0.4681623578709315],[0.19109418399999997],[0.015837366596386168],[0.980898281239174],[4.823930037023311e6],[1.0],[17],[19],[0.9978120127925083],[1.1452448067662331e-10],[2.4532574104408866e8],[0.56],[0],Bool[0],[0],[4.822894339935419e6],[0.2266516],[2.4063959773387325e8],[17],[1.1452434382448583e-10],Bool[0],[0],[0.0],Bool[0],[1.1452368176669167e-10],[0.9978157802147939],[1.1452559817765389e-10],[1.145239233473923e-10],Bool[0],[-0.011571080024400758],Bool[0],[0.0],Bool[1],[0.0],[-0.03024456788107518],[4.813375339812469e6],[0.0],[1.1452498754483941e-10],[-1.0],Bool[1],[0.4],Bool[0],[1.0],[1.145250727619176e-10],Bool[0],Bool[0],[4.593876908274263e6],[2.4532574104408866e8],[-0.009165109376423905],Bool[0],[1.1452496893318189e-10],[4.5505352310048025e6],[1],[1.145238085363432e-10],Bool[0],Bool[1],[0.19109418399999994],[0.4],Bool[1],[0.980898281239174],[0.0],[20],[1.0],[4.815595187827207e6],[-0.012159374586502398],[0.2266516],[1.1452476890523085e-10],[0.12873698744339174]
"String3[""L2""]","String3[""L2""]","String3[""L1""]","String3[""L1""]","String3[""L1""]","String3[""L1""]","String7[""C1_3""]","String7[""D1_3""]","String7[""F1_3""]","String3[""L2""]","String3[""L3""]","String3[""L2""]","String3[""L3""]","String3[""L1""]","[""L0""]","[""L0""]","[""L0""]",[0.0],Bool[0],Bool[0],[2],[-0.014073261531118228],[2.4117970423087433e8],[1.0],[8],[2],[0.27415458998596226],[0.22351664000000002],[0.1273811897924671],[0.994442507451947],[4.829304862994791e6],[0.96],[5],[20],[0.9991091219551552],[1.1452387832542187e-10],[2.427183832956008e8],[0.74],[0],Bool[0],[0],[4.832283337578569e6],[0.2123822],[2.4136947768916002e8],[4],[1.1452412131818128e-10],Bool[0],[0],[0.0],Bool[0],[1.1452300804689096e-10],[0.999108624462504],[1.145243442059212e-10],[1.1452304389697841e-10],Bool[0],[0.0788048896512687],Bool[0],[0.0],Bool[0],[0.0],[-0.037694152139675974],[4.825002541320487e6],[0.0],[1.1452460448827715e-10],[0.0],Bool[1],[0.26],Bool[0],[0.96],[1.1452414916438498e-10],Bool[0],Bool[0],[4.5730369320240095e6],[2.427183832956008e8],[-0.022258610095403808],Bool[0],[1.1452413228184811e-10],[4.532037336109022e6],[2],[1.1452372199647461e-10],Bool[0],Bool[1],[0.22351664],[0.16],Bool[0],[0.9936606405998818],[0.0],[13],[1.0],[4.826090696767157e6],[0.12581870347529123],[0.2123822],[1.145242352893941e-10],[0.23917846575308574]
"String3[""L2""]","String3[""L2""]","String3[""L1""]","String3[""L1""]","String3[""L1""]","String3[""L1""]","String7[""C1_3""]","String7[""D1_3""]","String7[""F1_3""]","String3[""L2""]","String3[""L3""]","String3[""L2""]","String3[""L3""]","String3[""L1""]","[""L0""]","[""L0""]","[""L0""]",[0.0],Bool[0],Bool[1],[0],[0.013426182906063237],[2.4122311673340452e8],[-1.0],[20],[1],[0.3762394063348506],[0.229847548],[0.03608492325103792],[0.9862707939726943],[4.800883631333585e6],[0.96],[13],[20],[0.9987838998903888],[1.145228378620212e-10],[2.4472226466695946e8],[0.7],[0],Bool[0],[0],[4.8046678548742365e6],[0.2104128],[2.4122311673340452e8],[13],[1.1452479985567737e-10],Bool[0],[0],[0.0],Bool[0],[1.1452403581332008e-10],[0.9987823852961134],[1.1452429804867487e-10],[1.1452446832210739e-10],Bool[0],[0.022452264588715746],Bool[0],[0.0],Bool[1],[0.0],[0.01863441600678636],[4.79504527622329e6],[0.0],[1.1452477824605466e-10],[0.0],Bool[1],[0.4],Bool[1],[0.96],[1.1452437149110665e-10],Bool[0],Bool[0],[4.644669898408704e6],[2.4458101994662023e8],[0.00867025768606886],Bool[0],[1.1452445277319108e-10],[4.640087123714263e6],[1],[1.1452400242420119e-10],Bool[0],Bool[1],[0.229847548],[0.4],Bool[1],[0.985701554624313],[0.0],[20],[1.0],[4.798923929412359e6],[-0.025966361281956896],[0.2104128],[1.1452436458118951e-10],[0.27379600993440356]
"String3[""L2""]","String3[""L2""]","String3[""L1""]","String3[""L1""]","String3[""L1""]","String3[""L1""]","String7[""C1_3""]","String7[""D1_3""]","String7[""F1_3""]","String3[""L2""]","String3[""L3""]","String3[""L2""]","String3[""L3""]","String3[""L1""]","[""L0""]","[""L0""]","[""L0""]",[0.0],Bool[0],Bool[0],[2],[-0.01613126516641735],[2.4466764021632302e8],[1.0],[3],[2],[0.07787707468104707],[0.235089248],[-0.02137417875495085],[0.9983501859566423],[4.821647343505896e6],[0.94],[2],[20],[0.9989248547375028],[1.1452450073097338e-10],[2.4493525903981405e8],[0.72],[0],Bool[0],[0],[4.824496878397311e6],[0.2111198],[2.445311614097367e8],[3],[1.1452477896065333e-10],Bool[0],[0],[0.0],Bool[0],[1.1452442909544002e-10],[0.9989220965649767],[1.1452287633846359e-10],[1.1452419831381307e-10],Bool[0],[-0.02389717045376143],Bool[0],[0.0],Bool[0],[0.0],[-0.014413008235440181],[4.816463372207093e6],[0.0],[1.1452261996698113e-10],[0.0],Bool[1],[0.24],Bool[0],[0.94],[1.1452266181398704e-10],Bool[0],Bool[0],[4.517833049553388e6],[2.4493525903981405e8],[0.0039333234092754805],Bool[0],[1.145233172029079e-10],[4.631311743172934e6],[2],[1.1452481029826734e-10],Bool[0],Bool[1],[0.23508924799999997],[0.06],Bool[0],[0.9989073895504463],[0.0],[12],[1.0],[4.822323642100135e6],[-0.004725645168134354],[0.21111979999999997],[1.1452442456297582e-10],[0.24610807018056116]
"String3[""L2""]","String3[""L2""]","String3[""L1""]","String3[""L1""]","String3[""L1""]","String3[""L1""]","String7[""C1_3""]","String7[""D1_3""]","String7[""F1_3""]","String3[""L2""]","String3[""L3""]","String3[""L2""]","String3[""L3""]","String3[""L1""]","[""L0""]","[""L0""]","[""L0""]",[-1.0],Bool[0],Bool[0],[0],[0.017751499325966855],[2.3646789819901586e8],[1.0],[20],[1],[0.3978954774879314],[0.22119824400000004],[-0.01735602246259727],[0.9732306973174296],[4.80662115496612e6],[0.98],[14],[20],[0.9990714413484136],[1.1452425131676149e-10],[2.4297209166419184e8],[0.74],[0],Bool[0],[0],[4.810683966551422e6],[0.20927860000000004],[2.3646789819901586e8],[14],[1.1452415075046768e-10],Bool[0],[0],[0.0],Bool[0],[1.1452348865716379e-10],[0.9990686080372301],[1.1452551941748681e-10],[1.1452395225703058e-10],Bool[0],[0.024193898591856958],Bool[0],[0.0],Bool[1],[0.0],[-0.002149982148178701],[4.802157925307778e6],[0.0],[1.145228132605675e-10],[-1.0],Bool[1],[0.4],Bool[0],[0.98],[1.1452488190261415e-10],Bool[0],Bool[0],[4.649192823164821e6],[2.4297209166419184e8],[0.02579584989745646],Bool[0],[1.1452294113812867e-10],[4.62426976970399e6],[1],[1.1452418536274671e-10],Bool[0],Bool[1],[0.22119824400000002],[0.4],Bool[1],[0.9732306973174296],[0.0],[20],[1.0],[4.810001069894543e6],[0.03003490742144795],[0.20927860000000004],[1.1452459649579775e-10],[0.28556385740495943]
"String3[""L2""]","String3[""L2""]","String3[""L1""]","String3[""L1""]","String3[""L1""]","String3[""L1""]","String7[""C1_3""]","String7[""D1_3""]","String7[""F1_3""]","String3[""L2""]","String3[""L3""]","String3[""L2""]","String3[""L3""]","String3[""L2""]","[""L0""]","[""L0""]","[""L0""]",[0.0],Bool[0],Bool[0],[2],[-0.01974585308777222],[2.4419042148373342e8],[-1.0],[5],[2],[0.05976807304545348],[0.232171872],[0.0010531488913559808],[0.9988080143857134],[4.831125347352654e6],[0.92],[2],[19],[0.9993408250621296],[1.1452410983579559e-10],[2.4448184032034957e8],[0.76],[0],Bool[0],[0],[4.832351892240448e6],[0.2204044],[2.4419042148373342e8],[2],[1.1452450584590092e-10],Bool[0],[0],[0.0],Bool[0],[1.1452585523146401e-10],[0.9993398968241292],[1.1452381324659427e-10],[1.1452498320398999e-10],Bool[0],[-0.03904988174212889],Bool[0],[0.0],Bool[0],[0.0],[-0.013490406161152458],[4.827940790601969e6],[0.0],[1.1452359616229446e-10],[0.0],Bool[1],[0.28],Bool[0],[0.92],[1.1452380281893287e-10],Bool[0],Bool[0],[4.541501188702317e6],[2.4448184032034957e8],[-0.02168137808667589],Bool[0],[1.1452414672008639e-10],[4.559829252053512e6],[2],[1.1452452135358495e-10],Bool[0],Bool[1],[0.23217187199999997],[0.1],Bool[0],[0.9988080143857134],[0.0],[14],[1.0],[4.829580176783872e6],[-0.031781805804306514],[0.2204044],[1.1452405669110944e-10],[0.22786777502753655]
"String3[""L2""]","String3[""L2""]","String3[""L1""]","String3[""L1""]","String3[""L1""]","String3[""L1""]","String7[""C1_3""]","String7[""D1_3""]","String7[""F1_3""]","String3[""L2""]","String3[""L3""]","String3[""L2""]","String3[""L3""]","String3[""L2""]","[""L0""]","[""L0""]","[""L0""]",[0.0],Bool[0],Bool[0],[2],[-0.022398922543395035],[2.4407552936051393e8],[0.0],[6],[2],[0.08129010999234446],[0.23602708399999997],[-0.025422320330915116],[0.9983831275620358],[4.832322627315602e6],[0.98],[4],[14],[0.9993180411509888],[1.1452535708757314e-10],[2.4500211034761924e8],[0.66],[0],Bool[0],[0],[4.838815565443001e6],[0.2271536],[2.446059731881551e8],[3],[1.1452303767801488e-10],Bool[0],[0],[0.0],Bool[0],[1.1452458233884273e-10],[0.9993182393002471],[1.1452466155076741e-10],[1.1452349918671812e-10],Bool[0],[-0.026696624516041937],Bool[0],[0.0],Bool[0],[0.0],[-0.004661093543481847],[4.829027182138627e6],[0.0],[1.1452470396841368e-10],[0.0],Bool[1],[0.3],Bool[0],[0.98],[1.1452390791802582e-10],Bool[0],Bool[0],[4.577258506770185e6],[2.4500211034761924e8],[0.01994284969237437],Bool[0],[1.1452542293095384e-10],[4.524667765654776e6],[2],[1.1452428225534793e-10],Bool[0],Bool[1],[0.236027084],[0.12],Bool[0],[0.9962180693636041],[0.0],[15],[1.0],[4.834097910202624e6],[-0.027568899683961035],[0.22715359999999996],[1.1452331155373882e-10],[0.1165365991609503]
"String3[""L2""]","String3[""L2""]","String3[""L1""]","String3[""L1""]","String3[""L1""]","String3[""L1""]","String7[""C1_3""]","String7[""D1_3""]","String7[""F1_3""]","String3[""L2""]","String3[""L3""]","String3[""L2""]","String3[""L3""]","String3[""L2""]","[""L0""]","[""L0""]","[""L0""]",[0.0],Bool[0],Bool[0],[2],[-0.015456066837254442],[2.444343973318559e8],[-1.0],[2],[2],[0.1014190217500926],[0.220638416],[-0.006485079592803688],[0.9968186665480326],[4.822523033419158e6],[0.96],[2],[17],[0.9989914209490356],[1.145238934823917e-10],[2.4508440648228747e8],[0.8],[0],Bool[0],[0],[4.827427674241846e6],[0.2260496],[2.443047112613898e8],[3],[1.1452438149640003e-10],Bool[0],[0],[0.0],Bool[0],[1.1452195806454686e-10],[0.998989876437031],[1.1452491800185882e-10],[1.145229055379105e-10],Bool[0],[-0.0034234517593825535],Bool[0],[0.0],Bool[0],[0.0],[9.548629926499432e-5],[4.817659137714858e6],[0.0],[1.145236874324702e-10],[0.0],Bool[1],[0.28],Bool[0],[0.96],[1.1452522640185467e-10],Bool[0],Bool[0],[4.562216286644939e6],[2.4508440648228747e8],[-0.02634269446254821],Bool[0],[1.1452392621796103e-10],[4.629495556071322e6],[2],[1.1452362605852481e-10],Bool[0],Bool[1],[0.220638416],[0.04],Bool[0],[0.9973478151476007],[0.0],[14],[1.0],[4.821883037184849e6],[0.04070376675273969],[0.2260496],[1.1452403094475161e-10],[0.2370627401849561]
"String3[""L2""]","String3[""L2""]","String3[""L1""]","String3[""L1""]","String3[""L1""]","String3[""L1""]","String7[""C1_3""]","String7[""D1_3""]","String7[""F1_3""]","String3[""L2""]","String3[""L3""]","String3[""L2""]","String3[""L3""]","String3[""L2""]","[""L0""]","[""L0""]","[""L0""]",[0.0],Bool[0],Bool[0],[0],[-0.0066727959634459745],[2.407307032153583e8],[-0.5],[20],[1],[0.06060526392956028],[0.23162391200000002],[-0.013746385403738995],[0.9860196620032703],[4.825342242359381e6],[0.98],[13],[18],[0.9993831993558632],[1.1452456166618397e-10],[2.4414391770471597e8],[0.78],[0],Bool[0],[0],[4.827057168578848e6],[0.2279116],[2.407307032153583e8],[13],[1.145241174506509e-10],Bool[0],[0],[0.0],Bool[0],[1.1452349965734649e-10],[0.9993844632574718],[1.1452185465733575e-10],[1.1452396164490921e-10],Bool[0],[-0.027327190667712123],Bool[0],[0.0],Bool[1],[0.0],[-0.033450352761496466],[4.822365968156113e6],[0.0],[1.1452398848799448e-10],[0.0],Bool[1],[0.4],Bool[0],[0.98],[1.1452363005000867e-10],Bool[0],Bool[0],[4.604797544908851e6],[2.4414391770471597e8],[-0.01280888632822312],Bool[0],[1.1452382039245245e-10],[4.592549671260791e6],[1],[1.145242103276625e-10],Bool[0],Bool[1],[0.23162391200000002],[0.4],Bool[1],[0.9860196620032703],[0.0],[20],[1.0],[4.822700559053201e6],[0.006169487793865227],[0.2279116],[1.14524304334818e-10],[0.24464406350451265]
"String3[""L2""]","String3[""L2""]","String3[""L1""]","String3[""L1""]","String3[""L1""]","String3[""L1""]","String7[""C1_3""]","String7[""D1_3""]","String7[""F1_3""]","String3[""L2""]","String3[""L3""]","String3[""L2""]","String3[""L3""]","String3[""L3""]","[""L0""]","[""L0""]","[""L0""]",[0.0],Bool[0],Bool[0],[2],[0.0035263036833476425],[2.4508524210095665e8],[-1.0],[3],[2],[0.055509723603866086],[0.23486403199999997],[-0.031367764513753574],[0.999480832527949],[4.838984365246045e6],[0.98],[1],[18],[0.9985079650069776],[1.1452437172744519e-10],[2.4521254847986615e8],[0.72],[0],Bool[0],[0],[4.838178710419089e6],[0.22684600000000002],[2.4508524210095665e8],[1],[1.1452557836154556e-10],Bool[0],[0],[0.0],Bool[0],[1.1452488746544654e-10],[0.9985059408164771],[1.1452370231898393e-10],[1.1452461880444812e-10],Bool[0],[0.01051343330662054],Bool[0],[0.0],Bool[0],[0.0],[0.011862742168092496],[4.83176443124241e6],[0.0],[1.1452393816781082e-10],[0.0],Bool[1],[0.34],Bool[0],[0.98],[1.1452408104497697e-10],Bool[0],Bool[0],[4.512696785646906e6],[2.4521254847986615e8],[0.03372989701721596],Bool[0],[1.145232917356273e-10],[4.603776126442692e6],[2],[1.145238065418689e-10],Bool[0],Bool[1],[0.234864032],[0.06],Bool[0],[0.999480832527949],[0.0],[17],[1.0],[4.835510501653919e6],[0.005410910553826339],[0.22684600000000002],[1.1452538247048232e-10],[0.16480286094604063]
"String3[""L2""]","String3[""L2""]","String3[""L1""]","String3[""L1""]","String3[""L1""]","String3[""L1""]","String7[""C1_3""]","String7[""D1_3""]","String7[""F1_3""]","String3[""L2""]","String3[""L3""]","String3[""L2""]","String3[""L3""]","String3[""L3""]","[""L0""]","[""L0""]","[""L0""]",[0.0],Bool[0],Bool[0],[0],[0.0119316925958761],[2.4275274680985636e8],[0.5],[20],[1],[0.17719502833827572],[0.23120876],[0.018410885269332603],[0.9920048560596709],[4.836218457642809e6],[0.96],[11],[18],[0.997846920670025],[1.1452295450887169e-10],[2.4470923234598997e8],[0.52],[0],Bool[0],[0],[4.841068182657486e6],[0.22823240000000003],[2.4275274680985636e8],[11],[1.1452248456045185e-10],Bool[0],[0],[0.0],Bool[0],[1.1452434860776945e-10],[0.9978470072132578],[1.1452396571196854e-10],[1.145246359120137e-10],Bool[0],[0.02092565878406052],Bool[0],[0.0],Bool[1],[0.0],[-0.020596554277378873],[4.8258056956464145e6],[0.0],[1.1452249000755017e-10],[0.0],Bool[1],[0.4],Bool[0],[0.96],[1.1452403073506572e-10],Bool[0],Bool[1],[4.56405194504718e6],[2.4470923234598997e8],[0.011430379515263208],Bool[0],[1.1452274164704306e-10],[4.520214514903957e6],[1],[1.1452270533774153e-10],Bool[1],Bool[1],[0.23120876],[0.4],Bool[1],[0.9920048560596709],[0.0],[20],[1.0],[4.827085380812482e6],[0.02519765418112309],[0.22823240000000003],[1.1452364081699849e-10],[0.20417381653875208]
"String3[""L2""]","String3[""L2""]","String3[""L1""]","String3[""L1""]","String3[""L1""]","String3[""L1""]","String7[""C1_3""]","String7[""D1_3""]","String7[""F1_3""]","String3[""L2""]","String3[""L3""]","String3[""L2""]","String3[""L3""]","String3[""L3""]","[""L0""]","[""L0""]","[""L0""]",[0.0],Bool[0],Bool[0],[3],[-0.015572777246759878],[2.4288046828465694e8],[1.0],[0],[3],[0.012765585611322332],[0.237372352],[-0.003297961891992932],[0.9984561073259902],[4.830692235641694e6],[0.98],[0],[20],[0.9986827677332893],[1.1452410582752177e-10],[2.4288046828465694e8],[0.62],[0],Bool[0],[0],[4.831817342389013e6],[0.22624760000000002],[2.425054869090122e8],[2],[1.1452435084211135e-10],Bool[0],[0],[0.0],Bool[1],[1.1452427508698939e-10],[0.9986831310086225],[1.1452403417302457e-10],[1.1452399340756813e-10],Bool[0],[-0.026679985572635945],Bool[0],[0.0],Bool[0],[0.0],[-0.011293581387712909],[4.824329091958358e6],[0.0],[1.145255427370407e-10],[0.0],Bool[1],[0.22],Bool[0],[0.98],[1.145246343866621e-10],Bool[0],Bool[0],[4.505071169219433e6],[2.4288046828465694e8],[-0.024189734872142706],Bool[0],[1.1452539470312219e-10],[4.633623377835579e6],[3],[1.1452464639800378e-10],Bool[0],Bool[1],[0.23737235200000004],[0.0],Bool[0],[1.0],[0.0],[11],[1.0],[4.8256587681923825e6],[-0.006069306299316601],[0.22624760000000002],[1.145240280117148e-10],[0.22494230410485264]
"String3[""L2""]","String3[""L2""]","String3[""L1""]","String3[""L1""]","String3[""L1""]","String3[""L1""]","String7[""C1_3""]","String7[""D1_3""]","String7[""F1_3""]","String3[""L2""]","String3[""L3""]","String3[""L2""]","String3[""L3""]","String3[""L3""]","[""L0""]","[""L0""]","[""L0""]",[0.0],Bool[0],Bool[0],[0],[0.010641134027574132],[2.4267734675684363e8],[1.0],[20],[1],[0.17957877016110446],[0.24499647199999997],[-0.00507403476238326],[0.9903641099006916],[4.848115638505783e6],[0.92],[12],[18],[0.9990059078095713],[1.1452369059190446e-10],[2.450385109181491e8],[0.68],[0],Bool[0],[0],[4.84975561800448e6],[0.22975459999999998],[2.4267734675684363e8],[12],[1.1452470665796063e-10],Bool[0],[0],[0.0],Bool[0],[1.145242870701057e-10],[0.9990056172415259],[1.1452363336493713e-10],[1.1452332380539105e-10],Bool[0],[-0.046690351768615836],Bool[0],[0.0],Bool[1],[0.0],[-0.02848254797026692],[4.843296164611249e6],[0.0],[1.145220278132968e-10],[0.0],Bool[1],[0.4],Bool[0],[0.92],[1.1452405575926374e-10],Bool[0],Bool[1],[4.514390058683483e6],[2.450385109181491e8],[-0.06668131836186308],Bool[0],[1.1452329806015371e-10],[4.606309061237359e6],[1],[1.1452399727621949e-10],Bool[1],Bool[1],[0.24499647200000002],[0.4],Bool[1],[0.9903641099006916],[0.0],[20],[1.0],[4.84864400140813e6],[-0.014038653118576917],[0.22975460000000003],[1.1452474299511586e-10],[0.0917952500731928]
